pair,row,col,support,direct_fraction,retained_fraction,difference
20160120_20160320,1,151,unw,0.0,0.0,0.0
20160120_20160320,1,151,q20,0.0,0.0,0.0
20160120_20160320,1,151,q30,0.0,0.0,0.0
20160120_20160320,1,151,q40,0.0,0.0,0.0
20160120_20160320,122,1389,unw,0.0,0.0,0.0
20160120_20160320,122,1389,q20,0.0,0.0,0.0
20160120_20160320,122,1389,q30,0.0,0.0,0.0
20160120_20160320,122,1389,q40,0.0,0.0,0.0
20160120_20160320,122,1404,unw,0.9999999999999999,1.0,-1.1102230246251565e-16
20160120_20160320,122,1404,q20,0.9999999999999999,1.0,-1.1102230246251565e-16
20160120_20160320,122,1404,q30,0.9999999999999999,1.0,-1.1102230246251565e-16
20160120_20160320,122,1404,q40,0.9999999999999999,1.0,-1.1102230246251565e-16
20160120_20160320,161,1506,unw,1.0,1.0,0.0
20160120_20160320,161,1506,q20,1.0,1.0,0.0
20160120_20160320,161,1506,q30,1.0,1.0,0.0
20160120_20160320,161,1506,q40,1.0,1.0,0.0
20160120_20160320,268,674,unw,0.9999999999999999,1.0,-1.1102230246251565e-16
20160120_20160320,268,674,q20,0.0,0.0,0.0
20160120_20160320,268,674,q30,0.0,0.0,0.0
20160120_20160320,268,674,q40,0.0,0.0,0.0
20160120_20160320,296,1200,unw,1.0,1.0,0.0
20160120_20160320,296,1200,q20,0.5144673003203813,0.5144672989845276,1.3358537609420296e-09
20160120_20160320,296,1200,q30,0.5144673003203813,0.5144672989845276,1.3358537609420296e-09
20160120_20160320,296,1200,q40,0.3678505471058752,0.36785054206848145,5.037393779883104e-09
20160120_20160320,315,1484,unw,0.0,0.0,0.0
20160120_20160320,315,1484,q20,0.0,0.0,0.0
20160120_20160320,315,1484,q30,0.0,0.0,0.0
20160120_20160320,315,1484,q40,0.0,0.0,0.0
20160120_20160320,319,989,unw,1.0,1.0,0.0
20160120_20160320,319,989,q20,1.0,1.0,0.0
20160120_20160320,319,989,q30,1.0,1.0,0.0
20160120_20160320,319,989,q40,1.0,1.0,0.0
20160120_20160320,355,494,unw,1.0,1.0,0.0
20160120_20160320,355,494,q20,0.0,0.0,0.0
20160120_20160320,355,494,q30,0.0,0.0,0.0
20160120_20160320,355,494,q40,0.0,0.0,0.0
20160120_20160320,360,585,unw,1.0,1.0,0.0
20160120_20160320,360,585,q20,1.0,1.0,0.0
20160120_20160320,360,585,q30,1.0,1.0,0.0
20160120_20160320,360,585,q40,1.0,1.0,0.0
20160120_20160320,377,1190,unw,1.0000000000000002,1.0,2.220446049250313e-16
20160120_20160320,377,1190,q20,0.6437978562620765,0.6437978744506836,-1.818860706492842e-08
20160120_20160320,377,1190,q30,0.6115839150396153,0.6115838885307312,2.6508884087839135e-08
20160120_20160320,377,1190,q40,0.6115839150396153,0.6115838885307312,2.6508884087839135e-08
20160120_20160320,381,1261,unw,1.0,1.0,0.0
20160120_20160320,381,1261,q20,0.7544516350345526,0.7544516324996948,2.534857768132781e-09
20160120_20160320,381,1261,q30,0.5677836068981885,0.5677835941314697,1.2766718793244536e-08
20160120_20160320,381,1261,q40,0.24521755305766801,0.24521754682064056,6.237027450062271e-09
20160120_20160320,402,544,unw,1.0,1.0,0.0
20160120_20160320,402,544,q20,0.0,0.0,0.0
20160120_20160320,402,544,q30,0.0,0.0,0.0
20160120_20160320,402,544,q40,0.0,0.0,0.0
20160120_20160320,435,730,unw,1.0,1.0,0.0
20160120_20160320,435,730,q20,1.0,1.0,0.0
20160120_20160320,435,730,q30,1.0,1.0,0.0
20160120_20160320,435,730,q40,0.5677411657208417,0.5677411556243896,1.0096452007779533e-08
20160120_20160320,454,815,unw,0.9999999999999999,1.0,-1.1102230246251565e-16
20160120_20160320,454,815,q20,0.7677259567106139,0.767725944519043,1.2191570974984245e-08
20160120_20160320,454,815,q30,0.0,0.0,0.0
20160120_20160320,454,815,q40,0.0,0.0,0.0
20160120_20160320,455,1154,unw,0.6438478044932631,0.6438478231430054,-1.864974230603167e-08
20160120_20160320,455,1154,q20,0.0,0.0,0.0
20160120_20160320,455,1154,q30,0.0,0.0,0.0
20160120_20160320,455,1154,q40,0.0,0.0,0.0
20160120_20160320,475,45,unw,1.0,1.0,0.0
20160120_20160320,475,45,q20,0.16770985453555923,0.1677098572254181,-2.6898588634249876e-09
20160120_20160320,475,45,q30,0.16770985453555923,0.1677098572254181,-2.6898588634249876e-09
20160120_20160320,475,45,q40,0.0,0.0,0.0
20160120_20160320,477,592,unw,1.0000000000000002,1.0,2.220446049250313e-16
20160120_20160320,477,592,q20,1.0000000000000002,1.0,2.220446049250313e-16
20160120_20160320,477,592,q30,1.0000000000000002,1.0,2.220446049250313e-16
20160120_20160320,477,592,q40,1.0000000000000002,1.0,2.220446049250313e-16
20160120_20160320,488,676,unw,1.0,1.0,0.0
20160120_20160320,488,676,q20,1.0000000000000002,1.0,2.220446049250313e-16
20160120_20160320,488,676,q30,1.0000000000000002,1.0,2.220446049250313e-16
20160120_20160320,488,676,q40,1.0000000000000002,1.0,2.220446049250313e-16
20160120_20160320,543,580,unw,1.0,1.0,0.0
20160120_20160320,543,580,q20,0.43234371663359855,0.4323437213897705,-4.7561719562772e-09
20160120_20160320,543,580,q30,0.43234371663359855,0.4323437213897705,-4.7561719562772e-09
20160120_20160320,543,580,q40,0.43234371663359855,0.4323437213897705,-4.7561719562772e-09
20160120_20160320,554,1068,unw,1.0,1.0,0.0
20160120_20160320,554,1068,q20,1.0,1.0,0.0
20160120_20160320,554,1068,q30,1.0,1.0,0.0
20160120_20160320,554,1068,q40,1.0,1.0,0.0
20160120_20160320,554,1069,unw,1.0000000000000002,1.0,2.220446049250313e-16
20160120_20160320,554,1069,q20,1.0000000000000002,1.0,2.220446049250313e-16
20160120_20160320,554,1069,q30,1.0000000000000002,1.0,2.220446049250313e-16
20160120_20160320,554,1069,q40,1.0000000000000002,1.0,2.220446049250313e-16
20160120_20160320,554,1070,unw,1.0,1.0,0.0
20160120_20160320,554,1070,q20,0.9999999999999999,1.0,-1.1102230246251565e-16
20160120_20160320,554,1070,q30,0.9999999999999999,1.0,-1.1102230246251565e-16
20160120_20160320,554,1070,q40,0.9999999999999999,1.0,-1.1102230246251565e-16
20160120_20160320,554,1071,unw,1.0,1.0,0.0
20160120_20160320,554,1071,q20,1.0,1.0,0.0
20160120_20160320,554,1071,q30,1.0,1.0,0.0
20160120_20160320,554,1071,q40,1.0,1.0,0.0
20160120_20160320,554,1072,unw,1.0000000000000002,1.0,2.220446049250313e-16
20160120_20160320,554,1072,q20,1.0000000000000002,1.0,2.220446049250313e-16
20160120_20160320,554,1072,q30,1.0000000000000002,1.0,2.220446049250313e-16
20160120_20160320,554,1072,q40,1.0000000000000002,1.0,2.220446049250313e-16
20160120_20160320,554,1073,unw,1.0000000000000002,1.0,2.220446049250313e-16
20160120_20160320,554,1073,q20,1.0000000000000002,1.0,2.220446049250313e-16
20160120_20160320,554,1073,q30,1.0000000000000002,1.0,2.220446049250313e-16
20160120_20160320,554,1073,q40,1.0000000000000002,1.0,2.220446049250313e-16
20160120_20160320,554,1075,unw,1.0,1.0,0.0
20160120_20160320,554,1075,q20,1.0,1.0,0.0
20160120_20160320,554,1075,q30,1.0,1.0,0.0
20160120_20160320,554,1075,q40,1.0,1.0,0.0
20160120_20160320,569,436,unw,1.0000000000000002,1.0,2.220446049250313e-16
20160120_20160320,569,436,q20,0.0,0.0,0.0
20160120_20160320,569,436,q30,0.0,0.0,0.0
20160120_20160320,569,436,q40,0.0,0.0,0.0
20160120_20160320,576,1364,unw,1.0000000000000002,1.0,2.220446049250313e-16
20160120_20160320,576,1364,q20,1.0000000000000002,1.0,2.220446049250313e-16
20160120_20160320,576,1364,q30,1.0000000000000002,1.0,2.220446049250313e-16
20160120_20160320,576,1364,q40,1.0000000000000002,1.0,2.220446049250313e-16
20160120_20160320,626,300,unw,0.9999999999999998,1.0,-2.220446049250313e-16
20160120_20160320,626,300,q20,0.9999999999999998,1.0,-2.220446049250313e-16
20160120_20160320,626,300,q30,0.71792564175608,0.7179256677627563,-2.6006676367984483e-08
20160120_20160320,626,300,q40,0.0,0.0,0.0
20160120_20160320,632,619,unw,0.36758646799507605,0.3675864636898041,4.305271972260272e-09
20160120_20160320,632,619,q20,0.20864567482777135,0.20864567160606384,3.221707511880112e-09
20160120_20160320,632,619,q30,0.20864567482777135,0.20864567160606384,3.221707511880112e-09
20160120_20160320,632,619,q40,0.0,0.0,0.0
20160120_20160320,647,649,unw,1.0,1.0,0.0
20160120_20160320,647,649,q20,0.032426153283535916,0.032426152378320694,9.052152222244203e-10
20160120_20160320,647,649,q30,0.0,0.0,0.0
20160120_20160320,647,649,q40,0.0,0.0,0.0
20160120_20160320,657,1392,unw,0.23178276726442412,0.23178276419639587,3.068028248121024e-09
20160120_20160320,657,1392,q20,0.0,0.0,0.0
20160120_20160320,657,1392,q30,0.0,0.0,0.0
20160120_20160320,657,1392,q40,0.0,0.0,0.0
20160120_20160320,677,357,unw,0.8325958462399962,0.8325958251953125,2.1044683662374553e-08
20160120_20160320,677,357,q20,0.0,0.0,0.0
20160120_20160320,677,357,q30,0.0,0.0,0.0
20160120_20160320,677,357,q40,0.0,0.0,0.0
20160120_20160320,690,367,unw,0.0,0.0,0.0
20160120_20160320,690,367,q20,0.0,0.0,0.0
20160120_20160320,690,367,q30,0.0,0.0,0.0
20160120_20160320,690,367,q40,0.0,0.0,0.0
20160120_20160320,692,795,unw,1.0,1.0,0.0
20160120_20160320,692,795,q20,1.0,1.0,0.0
20160120_20160320,692,795,q30,1.0,1.0,0.0
20160120_20160320,692,795,q40,1.0,1.0,0.0
20160120_20160320,702,432,unw,0.7674626350852757,0.7674626111984253,2.388685038656746e-08
20160120_20160320,702,432,q20,0.0,0.0,0.0
20160120_20160320,702,432,q30,0.0,0.0,0.0
20160120_20160320,702,432,q40,0.0,0.0,0.0
20160120_20160320,704,381,unw,1.0000000000000002,1.0,2.220446049250313e-16
20160120_20160320,704,381,q20,1.0000000000000002,1.0,2.220446049250313e-16
20160120_20160320,704,381,q30,0.6940030822921717,0.6940031051635742,-2.2871402549640152e-08
20160120_20160320,704,381,q40,0.6940030822921717,0.6940031051635742,-2.2871402549640152e-08
20160120_20160320,726,923,unw,1.0,1.0,0.0
20160120_20160320,726,923,q20,1.0,1.0,0.0
20160120_20160320,726,923,q30,1.0,1.0,0.0
20160120_20160320,726,923,q40,1.0,1.0,0.0
20160120_20160320,775,85,unw,0.9999999999999999,1.0,-1.1102230246251565e-16
20160120_20160320,775,85,q20,0.3603255188167926,0.36032551527023315,3.5465594350192475e-09
20160120_20160320,775,85,q30,0.0,0.0,0.0
20160120_20160320,775,85,q40,0.0,0.0,0.0
20160120_20160320,782,71,unw,0.9792395075596867,0.9792395234107971,-1.585111042423648e-08
20160120_20160320,782,71,q20,0.0,0.0,0.0
20160120_20160320,782,71,q30,0.0,0.0,0.0
20160120_20160320,782,71,q40,0.0,0.0,0.0
20160120_20160320,808,475,unw,0.8994203501471204,0.8994203209877014,2.9159418990509778e-08
20160120_20160320,808,475,q20,0.7674477287660756,0.7674477100372314,1.8728844142223977e-08
20160120_20160320,808,475,q30,0.7674477287660756,0.7674477100372314,1.8728844142223977e-08
20160120_20160320,808,475,q40,0.0,0.0,0.0
20160120_20160320,808,1073,unw,0.25713643927873203,0.25713643431663513,4.962096900040791e-09
20160120_20160320,808,1073,q20,0.024584168044807626,0.024584168568253517,-5.234458907987793e-10
20160120_20160320,808,1073,q30,0.0,0.0,0.0
20160120_20160320,808,1073,q40,0.0,0.0,0.0
20160120_20160320,809,309,unw,0.9999999999999999,1.0,-1.1102230246251565e-16
20160120_20160320,809,309,q20,0.0,0.0,0.0
20160120_20160320,809,309,q30,0.0,0.0,0.0
20160120_20160320,809,309,q40,0.0,0.0,0.0
20160120_20160320,817,264,unw,0.8325589440219185,0.8325589299201965,1.41017220123274e-08
20160120_20160320,817,264,q20,0.0,0.0,0.0
20160120_20160320,817,264,q30,0.0,0.0,0.0
20160120_20160320,817,264,q40,0.0,0.0,0.0
20160120_20160320,819,962,unw,1.0,1.0,0.0
20160120_20160320,819,962,q20,1.0,1.0,0.0
20160120_20160320,819,962,q30,0.4325606381917834,0.43256065249443054,-1.4302647122210743e-08
20160120_20160320,819,962,q40,0.4325606381917834,0.43256065249443054,-1.4302647122210743e-08
20160120_20160320,854,1271,unw,0.9999999999999999,1.0,-1.1102230246251565e-16
20160120_20160320,854,1271,q20,0.0,0.0,0.0
20160120_20160320,854,1271,q30,0.0,0.0,0.0
20160120_20160320,854,1271,q40,0.0,0.0,0.0
20160120_20160320,858,1239,unw,0.0,0.0,0.0
20160120_20160320,858,1239,q20,0.0,0.0,0.0
20160120_20160320,858,1239,q30,0.0,0.0,0.0
20160120_20160320,858,1239,q40,0.0,0.0,0.0
20160120_20160320,858,1284,unw,1.0,1.0,0.0
20160120_20160320,858,1284,q20,1.0,1.0,0.0
20160120_20160320,858,1284,q30,0.0,0.0,0.0
20160120_20160320,858,1284,q40,0.0,0.0,0.0
20160120_20160320,862,325,unw,1.0,1.0,0.0
20160120_20160320,862,325,q20,0.5673786860994957,0.5673786997795105,-1.3680014787631478e-08
20160120_20160320,862,325,q30,0.0,0.0,0.0
20160120_20160320,862,325,q40,0.0,0.0,0.0
20160120_20160320,876,907,unw,0.9999999999999999,1.0,-1.1102230246251565e-16
20160120_20160320,876,907,q20,0.0,0.0,0.0
20160120_20160320,876,907,q30,0.0,0.0,0.0
20160120_20160320,876,907,q40,0.0,0.0,0.0
20160120_20160320,914,946,unw,1.0,1.0,0.0
20160120_20160320,914,946,q20,0.0,0.0,0.0
20160120_20160320,914,946,q30,0.0,0.0,0.0
20160120_20160320,914,946,q40,0.0,0.0,0.0
20160120_20160320,916,1096,unw,1.0,1.0,0.0
20160120_20160320,916,1096,q20,0.0,0.0,0.0
20160120_20160320,916,1096,q30,0.0,0.0,0.0
20160120_20160320,916,1096,q40,0.0,0.0,0.0
20160120_20160320,926,1390,unw,0.0,0.0,0.0
20160120_20160320,926,1390,q20,0.0,0.0,0.0
20160120_20160320,926,1390,q30,0.0,0.0,0.0
20160120_20160320,926,1390,q40,0.0,0.0,0.0
20160120_20160320,943,600,unw,1.0,1.0,0.0
20160120_20160320,943,600,q20,0.0,0.0,0.0
20160120_20160320,943,600,q30,0.0,0.0,0.0
20160120_20160320,943,600,q40,0.0,0.0,0.0
20160120_20160320,958,438,unw,0.17842923908729244,0.1784292459487915,-6.861499063370857e-09
20160120_20160320,958,438,q20,0.0,0.0,0.0
20160120_20160320,958,438,q30,0.0,0.0,0.0
20160120_20160320,958,438,q40,0.0,0.0,0.0
20160120_20160320,962,497,unw,0.3878803880599356,0.3878803849220276,3.1379079890037076e-09
20160120_20160320,962,497,q20,0.0,0.0,0.0
20160120_20160320,962,497,q30,0.0,0.0,0.0
20160120_20160320,962,497,q40,0.0,0.0,0.0
20160120_20160320,969,839,unw,0.9999999999999999,1.0,-1.1102230246251565e-16
20160120_20160320,969,839,q20,0.0,0.0,0.0
20160120_20160320,969,839,q30,0.0,0.0,0.0
20160120_20160320,969,839,q40,0.0,0.0,0.0
20160120_20160320,971,292,unw,0.032680807743429345,0.03268080949783325,-1.75440390687287e-09
20160120_20160320,971,292,q20,0.0,0.0,0.0
20160120_20160320,971,292,q30,0.0,0.0,0.0
20160120_20160320,971,292,q40,0.0,0.0,0.0
20160120_20160320,1036,1277,unw,0.0,0.0,0.0
20160120_20160320,1036,1277,q20,0.0,0.0,0.0
20160120_20160320,1036,1277,q30,0.0,0.0,0.0
20160120_20160320,1036,1277,q40,0.0,0.0,0.0
20160120_20160320,1084,312,unw,0.0,0.0,0.0
20160120_20160320,1084,312,q20,0.0,0.0,0.0
20160120_20160320,1084,312,q30,0.0,0.0,0.0
20160120_20160320,1084,312,q40,0.0,0.0,0.0
20160120_20160320,1095,1113,unw,0.432777559735183,0.4327775537967682,5.938414815442883e-09
20160120_20160320,1095,1113,q20,0.0,0.0,0.0
20160120_20160320,1095,1113,q30,0.0,0.0,0.0
20160120_20160320,1095,1113,q40,0.0,0.0,0.0
20160120_20160320,1121,1279,unw,0.5822933904826182,0.5822933912277222,-7.451039785166813e-10
20160120_20160320,1121,1279,q20,0.0,0.0,0.0
20160120_20160320,1121,1279,q30,0.0,0.0,0.0
20160120_20160320,1121,1279,q40,0.0,0.0,0.0
20160120_20160320,1122,338,unw,1.0,1.0,0.0
20160120_20160320,1122,338,q20,0.0,0.0,0.0
20160120_20160320,1122,338,q30,0.0,0.0,0.0
20160120_20160320,1122,338,q40,0.0,0.0,0.0
20160120_20160320,1156,1253,unw,0.7427073553595155,0.742707371711731,-1.6352215470583076e-08
20160120_20160320,1156,1253,q20,0.0,0.0,0.0
20160120_20160320,1156,1253,q30,0.0,0.0,0.0
20160120_20160320,1156,1253,q40,0.0,0.0,0.0
20160120_20160320,1203,149,unw,0.9999999999999999,1.0,-1.1102230246251565e-16
20160120_20160320,1203,149,q20,0.0,0.0,0.0
20160120_20160320,1203,149,q30,0.0,0.0,0.0
20160120_20160320,1203,149,q40,0.0,0.0,0.0
20160120_20160320,1203,150,unw,0.9999999999999999,1.0,-1.1102230246251565e-16
20160120_20160320,1203,150,q20,0.0,0.0,0.0
20160120_20160320,1203,150,q30,0.0,0.0,0.0
20160120_20160320,1203,150,q40,0.0,0.0,0.0
20160120_20160320,1203,151,unw,0.43275808474316396,0.432758092880249,-8.1370850613105e-09
20160120_20160320,1203,151,q20,0.0,0.0,0.0
20160120_20160320,1203,151,q30,0.0,0.0,0.0
20160120_20160320,1203,151,q40,0.0,0.0,0.0
20160120_20160320,1203,152,unw,0.2082772179435594,0.20827721059322357,7.350335839984012e-09
20160120_20160320,1203,152,q20,0.0,0.0,0.0
20160120_20160320,1203,152,q30,0.0,0.0,0.0
20160120_20160320,1203,152,q40,0.0,0.0,0.0
20160120_20160320,1203,153,unw,0.47228731662066387,0.4722873270511627,-1.0430498853519765e-08
20160120_20160320,1203,153,q20,0.0,0.0,0.0
20160120_20160320,1203,153,q30,0.0,0.0,0.0
20160120_20160320,1203,153,q40,0.0,0.0,0.0
20160120_20160320,1203,154,unw,0.0,0.0,0.0
20160120_20160320,1203,154,q20,0.0,0.0,0.0
20160120_20160320,1203,154,q30,0.0,0.0,0.0
20160120_20160320,1203,154,q40,0.0,0.0,0.0
20160120_20160320,1203,155,unw,0.0,0.0,0.0
20160120_20160320,1203,155,q20,0.0,0.0,0.0
20160120_20160320,1203,155,q30,0.0,0.0,0.0
20160120_20160320,1203,155,q40,0.0,0.0,0.0
20160120_20160320,1205,1276,unw,0.0,0.0,0.0
20160120_20160320,1205,1276,q20,0.0,0.0,0.0
20160120_20160320,1205,1276,q30,0.0,0.0,0.0
20160120_20160320,1205,1276,q40,0.0,0.0,0.0
20160120_20160320,1239,142,unw,1.0,1.0,0.0
20160120_20160320,1239,142,q20,0.5671092638168959,0.5671092867851257,-2.2968229873576718e-08
20160120_20160320,1239,142,q30,0.0,0.0,0.0
20160120_20160320,1239,142,q40,0.0,0.0,0.0
20160120_20160320,1243,555,unw,0.8328937632827559,0.8328937888145447,-2.55317887942752e-08
20160120_20160320,1243,555,q20,0.0,0.0,0.0
20160120_20160320,1243,555,q30,0.0,0.0,0.0
20160120_20160320,1243,555,q40,0.0,0.0,0.0
20160120_20160320,1259,906,unw,0.9999999999999999,1.0,-1.1102230246251565e-16
20160120_20160320,1259,906,q20,0.9999999999999999,1.0,-1.1102230246251565e-16
20160120_20160320,1259,906,q30,0.9999999999999999,1.0,-1.1102230246251565e-16
20160120_20160320,1259,906,q40,0.9999999999999999,1.0,-1.1102230246251565e-16
20160120_20160320,1267,829,unw,1.0,1.0,0.0
20160120_20160320,1267,829,q20,0.9051319915046153,0.905131995677948,-4.1733326794357595e-09
20160120_20160320,1267,829,q30,0.4729068413560167,0.47290682792663574,1.3429380940621627e-08
20160120_20160320,1267,829,q40,0.0,0.0,0.0
20160120_20160320,1273,1338,unw,1.0000000000000002,1.0,2.220446049250313e-16
20160120_20160320,1273,1338,q20,0.0,0.0,0.0
20160120_20160320,1273,1338,q30,0.0,0.0,0.0
20160120_20160320,1273,1338,q40,0.0,0.0,0.0
20160120_20160320,1385,725,unw,1.0,1.0,0.0
20160120_20160320,1385,725,q20,0.9687591256658297,0.9687591195106506,6.155179033129343e-09
20160120_20160320,1385,725,q30,0.0,0.0,0.0
20160120_20160320,1385,725,q40,0.0,0.0,0.0
20160120_20160320,1444,502,unw,1.0000000000000002,1.0,2.220446049250313e-16
20160120_20160320,1444,502,q20,0.0,0.0,0.0
20160120_20160320,1444,502,q30,0.0,0.0,0.0
20160120_20160320,1444,502,q40,0.0,0.0,0.0
20160507_20160519,1,151,unw,0.904656617558865,0.9046565890312195,2.8527645468123808e-08
20160507_20160519,1,151,q20,0.0,0.0,0.0
20160507_20160519,1,151,q30,0.0,0.0,0.0
20160507_20160519,1,151,q40,0.0,0.0,0.0
20160507_20160519,122,1389,unw,0.0,0.0,0.0
20160507_20160519,122,1389,q20,0.0,0.0,0.0
20160507_20160519,122,1389,q30,0.0,0.0,0.0
20160507_20160519,122,1389,q40,0.0,0.0,0.0
20160507_20160519,122,1404,unw,0.9999999999999999,1.0,-1.1102230246251565e-16
20160507_20160519,122,1404,q20,0.9999999999999999,1.0,-1.1102230246251565e-16
20160507_20160519,122,1404,q30,0.9999999999999999,1.0,-1.1102230246251565e-16
20160507_20160519,122,1404,q40,0.9999999999999999,1.0,-1.1102230246251565e-16
20160507_20160519,161,1506,unw,1.0,1.0,0.0
20160507_20160519,161,1506,q20,1.0,1.0,0.0
20160507_20160519,161,1506,q30,1.0,1.0,0.0
20160507_20160519,161,1506,q40,1.0,1.0,0.0
20160507_20160519,268,674,unw,0.0,0.0,0.0
20160507_20160519,268,674,q20,0.0,0.0,0.0
20160507_20160519,268,674,q30,0.0,0.0,0.0
20160507_20160519,268,674,q40,0.0,0.0,0.0
20160507_20160519,296,1200,unw,1.0,1.0,0.0
20160507_20160519,296,1200,q20,0.5144673003203813,0.5144672989845276,1.3358537609420296e-09
20160507_20160519,296,1200,q30,0.5144673003203813,0.5144672989845276,1.3358537609420296e-09
20160507_20160519,296,1200,q40,0.3678505471058752,0.36785054206848145,5.037393779883104e-09
20160507_20160519,315,1484,unw,1.0,1.0,0.0
20160507_20160519,315,1484,q20,1.0000000000000002,1.0,2.220446049250313e-16
20160507_20160519,315,1484,q30,1.0000000000000002,1.0,2.220446049250313e-16
20160507_20160519,315,1484,q40,0.35870742865323046,0.3587074279785156,6.747148395547242e-10
20160507_20160519,319,989,unw,1.0,1.0,0.0
20160507_20160519,319,989,q20,1.0,1.0,0.0
20160507_20160519,319,989,q30,1.0,1.0,0.0
20160507_20160519,319,989,q40,1.0,1.0,0.0
20160507_20160519,355,494,unw,1.0,1.0,0.0
20160507_20160519,355,494,q20,1.0,1.0,0.0
20160507_20160519,355,494,q30,0.0,0.0,0.0
20160507_20160519,355,494,q40,0.0,0.0,0.0
20160507_20160519,360,585,unw,1.0,1.0,0.0
20160507_20160519,360,585,q20,1.0,1.0,0.0
20160507_20160519,360,585,q30,1.0,1.0,0.0
20160507_20160519,360,585,q40,1.0,1.0,0.0
20160507_20160519,377,1190,unw,1.0000000000000002,1.0,2.220446049250313e-16
20160507_20160519,377,1190,q20,0.9796426822715603,0.9796426892280579,-6.956497600185685e-09
20160507_20160519,377,1190,q30,0.6115839150396153,0.6115838885307312,2.6508884087839135e-08
20160507_20160519,377,1190,q40,0.0,0.0,0.0
20160507_20160519,381,1261,unw,1.0,1.0,0.0
20160507_20160519,381,1261,q20,1.0,1.0,0.0
20160507_20160519,381,1261,q30,0.7544516350345526,0.7544516324996948,2.534857768132781e-09
20160507_20160519,381,1261,q40,0.24521755305766801,0.24521754682064056,6.237027450062271e-09
20160507_20160519,402,544,unw,1.0,1.0,0.0
20160507_20160519,402,544,q20,0.0,0.0,0.0
20160507_20160519,402,544,q30,0.0,0.0,0.0
20160507_20160519,402,544,q40,0.0,0.0,0.0
20160507_20160519,435,730,unw,1.0,1.0,0.0
20160507_20160519,435,730,q20,1.0,1.0,0.0
20160507_20160519,435,730,q30,1.0,1.0,0.0
20160507_20160519,435,730,q40,1.0,1.0,0.0
20160507_20160519,454,815,unw,0.7677259567106139,0.767725944519043,1.2191570974984245e-08
20160507_20160519,454,815,q20,0.0247487740948177,0.024748774245381355,-1.5056365529342308e-10
20160507_20160519,454,815,q30,0.0247487740948177,0.024748774245381355,-1.5056365529342308e-10
20160507_20160519,454,815,q40,0.0,0.0,0.0
20160507_20160519,455,1154,unw,0.9999999999999999,1.0,-1.1102230246251565e-16
20160507_20160519,455,1154,q20,0.0,0.0,0.0
20160507_20160519,455,1154,q30,0.0,0.0,0.0
20160507_20160519,455,1154,q40,0.0,0.0,0.0
20160507_20160519,475,45,unw,1.0,1.0,0.0
20160507_20160519,475,45,q20,1.0,1.0,0.0
20160507_20160519,475,45,q30,1.0,1.0,0.0
20160507_20160519,475,45,q40,0.7211996287393909,0.721199631690979,-2.9515880850539133e-09
20160507_20160519,477,592,unw,1.0000000000000002,1.0,2.220446049250313e-16
20160507_20160519,477,592,q20,1.0000000000000002,1.0,2.220446049250313e-16
20160507_20160519,477,592,q30,1.0000000000000002,1.0,2.220446049250313e-16
20160507_20160519,477,592,q40,1.0000000000000002,1.0,2.220446049250313e-16
20160507_20160519,488,676,unw,1.0,1.0,0.0
20160507_20160519,488,676,q20,1.0000000000000002,1.0,2.220446049250313e-16
20160507_20160519,488,676,q30,1.0000000000000002,1.0,2.220446049250313e-16
20160507_20160519,488,676,q40,1.0000000000000002,1.0,2.220446049250313e-16
20160507_20160519,543,580,unw,1.0,1.0,0.0
20160507_20160519,543,580,q20,1.0,1.0,0.0
20160507_20160519,543,580,q30,0.43234371663359855,0.4323437213897705,-4.7561719562772e-09
20160507_20160519,543,580,q40,0.43234371663359855,0.4323437213897705,-4.7561719562772e-09
20160507_20160519,554,1068,unw,1.0,1.0,0.0
20160507_20160519,554,1068,q20,1.0,1.0,0.0
20160507_20160519,554,1068,q30,1.0,1.0,0.0
20160507_20160519,554,1068,q40,1.0,1.0,0.0
20160507_20160519,554,1069,unw,1.0000000000000002,1.0,2.220446049250313e-16
20160507_20160519,554,1069,q20,1.0000000000000002,1.0,2.220446049250313e-16
20160507_20160519,554,1069,q30,1.0000000000000002,1.0,2.220446049250313e-16
20160507_20160519,554,1069,q40,1.0000000000000002,1.0,2.220446049250313e-16
20160507_20160519,554,1070,unw,1.0,1.0,0.0
20160507_20160519,554,1070,q20,0.9999999999999999,1.0,-1.1102230246251565e-16
20160507_20160519,554,1070,q30,0.9999999999999999,1.0,-1.1102230246251565e-16
20160507_20160519,554,1070,q40,0.9999999999999999,1.0,-1.1102230246251565e-16
20160507_20160519,554,1071,unw,1.0,1.0,0.0
20160507_20160519,554,1071,q20,1.0,1.0,0.0
20160507_20160519,554,1071,q30,1.0,1.0,0.0
20160507_20160519,554,1071,q40,1.0,1.0,0.0
20160507_20160519,554,1072,unw,1.0000000000000002,1.0,2.220446049250313e-16
20160507_20160519,554,1072,q20,1.0000000000000002,1.0,2.220446049250313e-16
20160507_20160519,554,1072,q30,1.0000000000000002,1.0,2.220446049250313e-16
20160507_20160519,554,1072,q40,1.0000000000000002,1.0,2.220446049250313e-16
20160507_20160519,554,1073,unw,1.0000000000000002,1.0,2.220446049250313e-16
20160507_20160519,554,1073,q20,1.0000000000000002,1.0,2.220446049250313e-16
20160507_20160519,554,1073,q30,1.0000000000000002,1.0,2.220446049250313e-16
20160507_20160519,554,1073,q40,1.0000000000000002,1.0,2.220446049250313e-16
20160507_20160519,554,1075,unw,1.0,1.0,0.0
20160507_20160519,554,1075,q20,1.0,1.0,0.0
20160507_20160519,554,1075,q30,1.0,1.0,0.0
20160507_20160519,554,1075,q40,1.0,1.0,0.0
20160507_20160519,569,436,unw,1.0000000000000002,1.0,2.220446049250313e-16
20160507_20160519,569,436,q20,0.0,0.0,0.0
20160507_20160519,569,436,q30,0.0,0.0,0.0
20160507_20160519,569,436,q40,0.0,0.0,0.0
20160507_20160519,576,1364,unw,1.0000000000000002,1.0,2.220446049250313e-16
20160507_20160519,576,1364,q20,1.0000000000000002,1.0,2.220446049250313e-16
20160507_20160519,576,1364,q30,1.0000000000000002,1.0,2.220446049250313e-16
20160507_20160519,576,1364,q40,1.0000000000000002,1.0,2.220446049250313e-16
20160507_20160519,626,300,unw,0.9999999999999998,1.0,-2.220446049250313e-16
20160507_20160519,626,300,q20,0.9999999999999998,1.0,-2.220446049250313e-16
20160507_20160519,626,300,q30,0.71792564175608,0.7179256677627563,-2.6006676367984483e-08
20160507_20160519,626,300,q40,0.0,0.0,0.0
20160507_20160519,632,619,unw,1.0000000000000002,1.0,2.220446049250313e-16
20160507_20160519,632,619,q20,0.3675864679970414,0.3675864636898041,4.307237344569614e-09
20160507_20160519,632,619,q30,0.20864567482888688,0.20864567160606384,3.2228230362196797e-09
20160507_20160519,632,619,q40,0.20864567482888688,0.20864567160606384,3.2228230362196797e-09
20160507_20160519,647,649,unw,1.0,1.0,0.0
20160507_20160519,647,649,q20,1.0,1.0,0.0
20160507_20160519,647,649,q30,0.032426153283535916,0.032426152378320694,9.052152222244203e-10
20160507_20160519,647,649,q40,0.0,0.0,0.0
20160507_20160519,657,1392,unw,1.0,1.0,0.0
20160507_20160519,657,1392,q20,1.0,1.0,0.0
20160507_20160519,657,1392,q30,0.0,0.0,0.0
20160507_20160519,657,1392,q40,0.0,0.0,0.0
20160507_20160519,677,357,unw,1.0,1.0,0.0
20160507_20160519,677,357,q20,0.9999999999999998,1.0,-2.220446049250313e-16
20160507_20160519,677,357,q30,0.8325958462399962,0.8325958251953125,2.1044683662374553e-08
20160507_20160519,677,357,q40,0.0,0.0,0.0
20160507_20160519,690,367,unw,0.9999999999999999,1.0,-1.1102230246251565e-16
20160507_20160519,690,367,q20,0.9999999999999999,1.0,-1.1102230246251565e-16
20160507_20160519,690,367,q30,0.9999999999999999,1.0,-1.1102230246251565e-16
20160507_20160519,690,367,q40,0.0,0.0,0.0
20160507_20160519,692,795,unw,1.0,1.0,0.0
20160507_20160519,692,795,q20,1.0,1.0,0.0
20160507_20160519,692,795,q30,1.0,1.0,0.0
20160507_20160519,692,795,q40,1.0,1.0,0.0
20160507_20160519,702,432,unw,0.9999999999999999,1.0,-1.1102230246251565e-16
20160507_20160519,702,432,q20,0.2325373649147242,0.23253735899925232,5.91547189010555e-09
20160507_20160519,702,432,q30,0.0,0.0,0.0
20160507_20160519,702,432,q40,0.0,0.0,0.0
20160507_20160519,704,381,unw,1.0000000000000002,1.0,2.220446049250313e-16
20160507_20160519,704,381,q20,1.0000000000000002,1.0,2.220446049250313e-16
20160507_20160519,704,381,q30,0.5265800635883527,0.5265800356864929,2.790185982259885e-08
20160507_20160519,704,381,q40,0.0,0.0,0.0
20160507_20160519,726,923,unw,1.0,1.0,0.0
20160507_20160519,726,923,q20,1.0,1.0,0.0
20160507_20160519,726,923,q30,1.0,1.0,0.0
20160507_20160519,726,923,q40,1.0,1.0,0.0
20160507_20160519,775,85,unw,0.9999999999999999,1.0,-1.1102230246251565e-16
20160507_20160519,775,85,q20,1.0,1.0,0.0
20160507_20160519,775,85,q30,0.3603255188167926,0.36032551527023315,3.5465594350192475e-09
20160507_20160519,775,85,q40,0.0,0.0,0.0
20160507_20160519,782,71,unw,1.0,1.0,0.0
20160507_20160519,782,71,q20,0.0,0.0,0.0
20160507_20160519,782,71,q30,0.0,0.0,0.0
20160507_20160519,782,71,q40,0.0,0.0,0.0
20160507_20160519,808,475,unw,1.0,1.0,0.0
20160507_20160519,808,475,q20,1.0,1.0,0.0
20160507_20160519,808,475,q30,0.8680273786189551,0.86802738904953,-1.0430574959308103e-08
20160507_20160519,808,475,q40,0.7674477287660756,0.7674477100372314,1.8728844142223977e-08
20160507_20160519,808,1073,unw,1.0,1.0,0.0
20160507_20160519,808,1073,q20,1.0,1.0,0.0
20160507_20160519,808,1073,q30,1.0,1.0,0.0
20160507_20160519,808,1073,q40,1.0,1.0,0.0
20160507_20160519,809,309,unw,0.9999999999999999,1.0,-1.1102230246251565e-16
20160507_20160519,809,309,q20,0.0,0.0,0.0
20160507_20160519,809,309,q30,0.0,0.0,0.0
20160507_20160519,809,309,q40,0.0,0.0,0.0
20160507_20160519,817,264,unw,0.9999999999999999,1.0,-1.1102230246251565e-16
20160507_20160519,817,264,q20,0.0,0.0,0.0
20160507_20160519,817,264,q30,0.0,0.0,0.0
20160507_20160519,817,264,q40,0.0,0.0,0.0
20160507_20160519,819,962,unw,1.0,1.0,0.0
20160507_20160519,819,962,q20,1.0,1.0,0.0
20160507_20160519,819,962,q30,0.7912506627617004,0.7912506461143494,1.6647351053222792e-08
20160507_20160519,819,962,q40,0.4325606381917834,0.43256065249443054,-1.4302647122210743e-08
20160507_20160519,854,1271,unw,0.9999999999999999,1.0,-1.1102230246251565e-16
20160507_20160519,854,1271,q20,0.0,0.0,0.0
20160507_20160519,854,1271,q30,0.0,0.0,0.0
20160507_20160519,854,1271,q40,0.0,0.0,0.0
20160507_20160519,858,1239,unw,1.0,1.0,0.0
20160507_20160519,858,1239,q20,0.0,0.0,0.0
20160507_20160519,858,1239,q30,0.0,0.0,0.0
20160507_20160519,858,1239,q40,0.0,0.0,0.0
20160507_20160519,858,1284,unw,1.0,1.0,0.0
20160507_20160519,858,1284,q20,1.0,1.0,0.0
20160507_20160519,858,1284,q30,1.0,1.0,0.0
20160507_20160519,858,1284,q40,0.0,0.0,0.0
20160507_20160519,862,325,unw,1.0,1.0,0.0
20160507_20160519,862,325,q20,1.0,1.0,0.0
20160507_20160519,862,325,q30,0.5673786860994957,0.5673786997795105,-1.3680014787631478e-08
20160507_20160519,862,325,q40,0.5673786860994957,0.5673786997795105,-1.3680014787631478e-08
20160507_20160519,876,907,unw,0.9999999999999999,1.0,-1.1102230246251565e-16
20160507_20160519,876,907,q20,0.9999999999999999,1.0,-1.1102230246251565e-16
20160507_20160519,876,907,q30,0.9999999999999999,1.0,-1.1102230246251565e-16
20160507_20160519,876,907,q40,0.0,0.0,0.0
20160507_20160519,914,946,unw,1.0,1.0,0.0
20160507_20160519,914,946,q20,1.0,1.0,0.0
20160507_20160519,914,946,q30,1.0,1.0,0.0
20160507_20160519,914,946,q40,0.36736483018544824,0.3673648238182068,6.367241456306516e-09
20160507_20160519,916,1096,unw,1.0,1.0,0.0
20160507_20160519,916,1096,q20,0.7673628456722226,0.7673628330230713,1.2649151281962645e-08
20160507_20160519,916,1096,q30,0.0,0.0,0.0
20160507_20160519,916,1096,q40,0.0,0.0,0.0
20160507_20160519,926,1390,unw,1.0,1.0,0.0
20160507_20160519,926,1390,q20,1.0,1.0,0.0
20160507_20160519,926,1390,q30,0.6326446012090035,0.6326445937156677,7.493335729691353e-09
20160507_20160519,926,1390,q40,0.0,0.0,0.0
20160507_20160519,943,600,unw,1.0,1.0,0.0
20160507_20160519,943,600,q20,1.0,1.0,0.0
20160507_20160519,943,600,q30,0.0,0.0,0.0
20160507_20160519,943,600,q40,0.0,0.0,0.0
20160507_20160519,958,438,unw,0.23267016442177546,0.2326701581478119,6.273963570890828e-09
20160507_20160519,958,438,q20,0.0,0.0,0.0
20160507_20160519,958,438,q30,0.0,0.0,0.0
20160507_20160519,958,438,q40,0.0,0.0,0.0
20160507_20160519,962,497,unw,0.9999999999999999,1.0,-1.1102230246251565e-16
20160507_20160519,962,497,q20,0.9999999999999999,1.0,-1.1102230246251565e-16
20160507_20160519,962,497,q30,0.9999999999999999,1.0,-1.1102230246251565e-16
20160507_20160519,962,497,q40,0.9999999999999999,1.0,-1.1102230246251565e-16
20160507_20160519,969,839,unw,0.9999999999999999,1.0,-1.1102230246251565e-16
20160507_20160519,969,839,q20,0.5812613352891562,0.5812613368034363,-1.5142800346978902e-09
20160507_20160519,969,839,q30,0.0,0.0,0.0
20160507_20160519,969,839,q40,0.0,0.0,0.0
20160507_20160519,971,292,unw,1.0000000000000002,1.0,2.220446049250313e-16
20160507_20160519,971,292,q20,1.0000000000000002,1.0,2.220446049250313e-16
20160507_20160519,971,292,q30,1.0000000000000002,1.0,2.220446049250313e-16
20160507_20160519,971,292,q40,0.9673191922585385,0.9673191905021667,1.756371714733973e-09
20160507_20160519,1036,1277,unw,1.0,1.0,0.0
20160507_20160519,1036,1277,q20,0.0,0.0,0.0
20160507_20160519,1036,1277,q30,0.0,0.0,0.0
20160507_20160519,1036,1277,q40,0.0,0.0,0.0
20160507_20160519,1084,312,unw,0.8213802963607592,0.8213803172111511,-2.085039196852989e-08
20160507_20160519,1084,312,q20,0.0,0.0,0.0
20160507_20160519,1084,312,q30,0.0,0.0,0.0
20160507_20160519,1084,312,q40,0.0,0.0,0.0
20160507_20160519,1095,1113,unw,1.0,1.0,0.0
20160507_20160519,1095,1113,q20,0.0,0.0,0.0
20160507_20160519,1095,1113,q30,0.0,0.0,0.0
20160507_20160519,1095,1113,q40,0.0,0.0,0.0
20160507_20160519,1121,1279,unw,0.9999999999999999,1.0,-1.1102230246251565e-16
20160507_20160519,1121,1279,q20,0.568128567513829,0.5681285858154297,-1.830160067939346e-08
20160507_20160519,1121,1279,q30,0.5494946871819241,0.5494946837425232,3.439400875215881e-09
20160507_20160519,1121,1279,q40,0.0,0.0,0.0
20160507_20160519,1122,338,unw,1.0,1.0,0.0
20160507_20160519,1122,338,q20,1.0,1.0,0.0
20160507_20160519,1122,338,q30,0.0,0.0,0.0
20160507_20160519,1122,338,q40,0.0,0.0,0.0
20160507_20160519,1156,1253,unw,0.9999999999999999,1.0,-1.1102230246251565e-16
20160507_20160519,1156,1253,q20,0.03189218391126894,0.03189218416810036,-2.5683141724464065e-10
20160507_20160519,1156,1253,q30,0.0,0.0,0.0
20160507_20160519,1156,1253,q40,0.0,0.0,0.0
20160507_20160519,1203,149,unw,0.9999999999999999,1.0,-1.1102230246251565e-16
20160507_20160519,1203,149,q20,0.0,0.0,0.0
20160507_20160519,1203,149,q30,0.0,0.0,0.0
20160507_20160519,1203,149,q40,0.0,0.0,0.0
20160507_20160519,1203,150,unw,0.9999999999999999,1.0,-1.1102230246251565e-16
20160507_20160519,1203,150,q20,0.0,0.0,0.0
20160507_20160519,1203,150,q30,0.0,0.0,0.0
20160507_20160519,1203,150,q40,0.0,0.0,0.0
20160507_20160519,1203,151,unw,0.7544622793152228,0.7544623017311096,-2.2415886813398345e-08
20160507_20160519,1203,151,q20,0.0,0.0,0.0
20160507_20160519,1203,151,q30,0.0,0.0,0.0
20160507_20160519,1203,151,q40,0.0,0.0,0.0
20160507_20160519,1203,152,unw,0.5671375579260525,0.5671375393867493,1.853930320372399e-08
20160507_20160519,1203,152,q20,0.0,0.0,0.0
20160507_20160519,1203,152,q30,0.0,0.0,0.0
20160507_20160519,1203,152,q40,0.0,0.0,0.0
20160507_20160519,1203,153,unw,0.639531118375292,0.639531135559082,-1.7183790057551107e-08
20160507_20160519,1203,153,q20,0.0,0.0,0.0
20160507_20160519,1203,153,q30,0.0,0.0,0.0
20160507_20160519,1203,153,q40,0.0,0.0,0.0
20160507_20160519,1203,154,unw,1.0,1.0,0.0
20160507_20160519,1203,154,q20,0.0,0.0,0.0
20160507_20160519,1203,154,q30,0.0,0.0,0.0
20160507_20160519,1203,154,q40,0.0,0.0,0.0
20160507_20160519,1203,155,unw,0.9999999999999999,1.0,-1.1102230246251565e-16
20160507_20160519,1203,155,q20,0.5485608226045299,0.5485607981681824,2.443634750104451e-08
20160507_20160519,1203,155,q30,0.0,0.0,0.0
20160507_20160519,1203,155,q40,0.0,0.0,0.0
20160507_20160519,1205,1276,unw,1.0,1.0,0.0
20160507_20160519,1205,1276,q20,0.0,0.0,0.0
20160507_20160519,1205,1276,q30,0.0,0.0,0.0
20160507_20160519,1205,1276,q40,0.0,0.0,0.0
20160507_20160519,1239,142,unw,1.0,1.0,0.0
20160507_20160519,1239,142,q20,1.0,1.0,0.0
20160507_20160519,1239,142,q30,0.5671092638168959,0.5671092867851257,-2.2968229873576718e-08
20160507_20160519,1239,142,q40,0.0,0.0,0.0
20160507_20160519,1243,555,unw,0.9999999999999999,1.0,-1.1102230246251565e-16
20160507_20160519,1243,555,q20,0.8604404963239701,0.8604404926300049,3.693965244799813e-09
20160507_20160519,1243,555,q30,0.16710623671724406,0.1671062409877777,-4.270533648931263e-09
20160507_20160519,1243,555,q40,0.0,0.0,0.0
20160507_20160519,1259,906,unw,0.9999999999999999,1.0,-1.1102230246251565e-16
20160507_20160519,1259,906,q20,0.9999999999999999,1.0,-1.1102230246251565e-16
20160507_20160519,1259,906,q30,0.9999999999999999,1.0,-1.1102230246251565e-16
20160507_20160519,1259,906,q40,0.9999999999999999,1.0,-1.1102230246251565e-16
20160507_20160519,1267,829,unw,1.0,1.0,0.0
20160507_20160519,1267,829,q20,1.0000000000000002,1.0,2.220446049250313e-16
20160507_20160519,1267,829,q30,1.0000000000000002,1.0,2.220446049250313e-16
20160507_20160519,1267,829,q40,0.09486800849538476,0.0948680117726326,-3.277247834221342e-09
20160507_20160519,1273,1338,unw,1.0000000000000002,1.0,2.220446049250313e-16
20160507_20160519,1273,1338,q20,1.0000000000000002,1.0,2.220446049250313e-16
20160507_20160519,1273,1338,q30,0.8329173420998273,0.832917332649231,9.450596305526915e-09
20160507_20160519,1273,1338,q40,0.0,0.0,0.0
20160507_20160519,1385,725,unw,1.0,1.0,0.0
20160507_20160519,1385,725,q20,1.0,1.0,0.0
20160507_20160519,1385,725,q30,1.0,1.0,0.0
20160507_20160519,1385,725,q40,0.967692787359448,0.9676927924156189,-5.056170926387438e-09
20160507_20160519,1444,502,unw,0.23305213831049856,0.23305213451385498,3.796643582854031e-09
20160507_20160519,1444,502,q20,0.0,0.0,0.0
20160507_20160519,1444,502,q30,0.0,0.0,0.0
20160507_20160519,1444,502,q40,0.0,0.0,0.0
20160823_20160928,1,151,unw,1.0000000000000002,1.0,2.220446049250313e-16
20160823_20160928,1,151,q20,0.0,0.0,0.0
20160823_20160928,1,151,q30,0.0,0.0,0.0
20160823_20160928,1,151,q40,0.0,0.0,0.0
20160823_20160928,122,1389,unw,0.0,0.0,0.0
20160823_20160928,122,1389,q20,0.0,0.0,0.0
20160823_20160928,122,1389,q30,0.0,0.0,0.0
20160823_20160928,122,1389,q40,0.0,0.0,0.0
20160823_20160928,122,1404,unw,0.9999999999999999,1.0,-1.1102230246251565e-16
20160823_20160928,122,1404,q20,0.9999999999999999,1.0,-1.1102230246251565e-16
20160823_20160928,122,1404,q30,0.9999999999999999,1.0,-1.1102230246251565e-16
20160823_20160928,122,1404,q40,0.9999999999999999,1.0,-1.1102230246251565e-16
20160823_20160928,161,1506,unw,0.9999999999999999,1.0,-1.1102230246251565e-16
20160823_20160928,161,1506,q20,0.9999999999999999,1.0,-1.1102230246251565e-16
20160823_20160928,161,1506,q30,0.9999999999999999,1.0,-1.1102230246251565e-16
20160823_20160928,161,1506,q40,0.9999999999999999,1.0,-1.1102230246251565e-16
20160823_20160928,268,674,unw,0.9999999999999999,1.0,-1.1102230246251565e-16
20160823_20160928,268,674,q20,0.0,0.0,0.0
20160823_20160928,268,674,q30,0.0,0.0,0.0
20160823_20160928,268,674,q40,0.0,0.0,0.0
20160823_20160928,296,1200,unw,0.9999999999999999,1.0,-1.1102230246251565e-16
20160823_20160928,296,1200,q20,0.5144673003203813,0.5144672989845276,1.3358537609420296e-09
20160823_20160928,296,1200,q30,0.36785054710587517,0.36785054206848145,5.0373937243719524e-09
20160823_20160928,296,1200,q40,0.36785054710587517,0.36785054206848145,5.0373937243719524e-09
20160823_20160928,315,1484,unw,1.0,1.0,0.0
20160823_20160928,315,1484,q20,0.0,0.0,0.0
20160823_20160928,315,1484,q30,0.0,0.0,0.0
20160823_20160928,315,1484,q40,0.0,0.0,0.0
20160823_20160928,319,989,unw,1.0,1.0,0.0
20160823_20160928,319,989,q20,1.0,1.0,0.0
20160823_20160928,319,989,q30,1.0,1.0,0.0
20160823_20160928,319,989,q40,1.0,1.0,0.0
20160823_20160928,355,494,unw,0.9999999999999999,1.0,-1.1102230246251565e-16
20160823_20160928,355,494,q20,0.0,0.0,0.0
20160823_20160928,355,494,q30,0.0,0.0,0.0
20160823_20160928,355,494,q40,0.0,0.0,0.0
20160823_20160928,360,585,unw,1.0,1.0,0.0
20160823_20160928,360,585,q20,1.0,1.0,0.0
20160823_20160928,360,585,q30,1.0,1.0,0.0
20160823_20160928,360,585,q40,1.0,1.0,0.0
20160823_20160928,377,1190,unw,1.0000000000000002,1.0,2.220446049250313e-16
20160823_20160928,377,1190,q20,0.6319412327680551,0.6319412589073181,-2.6139262976343502e-08
20160823_20160928,377,1190,q30,0.0,0.0,0.0
20160823_20160928,377,1190,q40,0.0,0.0,0.0
20160823_20160928,381,1261,unw,1.0,1.0,0.0
20160823_20160928,381,1261,q20,0.0,0.0,0.0
20160823_20160928,381,1261,q30,0.0,0.0,0.0
20160823_20160928,381,1261,q40,0.0,0.0,0.0
20160823_20160928,402,544,unw,1.0,1.0,0.0
20160823_20160928,402,544,q20,0.0,0.0,0.0
20160823_20160928,402,544,q30,0.0,0.0,0.0
20160823_20160928,402,544,q40,0.0,0.0,0.0
20160823_20160928,435,730,unw,1.0,1.0,0.0
20160823_20160928,435,730,q20,1.0,1.0,0.0
20160823_20160928,435,730,q30,1.0,1.0,0.0
20160823_20160928,435,730,q40,0.5677411657208417,0.5677411556243896,1.0096452007779533e-08
20160823_20160928,454,815,unw,0.7677259567106139,0.767725944519043,1.2191570974984245e-08
20160823_20160928,454,815,q20,0.7677259567106139,0.767725944519043,1.2191570974984245e-08
20160823_20160928,454,815,q30,0.7677259567106139,0.767725944519043,1.2191570974984245e-08
20160823_20160928,454,815,q40,0.0247487740948177,0.024748774245381355,-1.5056365529342308e-10
20160823_20160928,455,1154,unw,0.9999999999999999,1.0,-1.1102230246251565e-16
20160823_20160928,455,1154,q20,0.0,0.0,0.0
20160823_20160928,455,1154,q30,0.0,0.0,0.0
20160823_20160928,455,1154,q40,0.0,0.0,0.0
20160823_20160928,475,45,unw,1.0,1.0,0.0
20160823_20160928,475,45,q20,0.16770985453555923,0.1677098572254181,-2.6898588634249876e-09
20160823_20160928,475,45,q30,0.0,0.0,0.0
20160823_20160928,475,45,q40,0.0,0.0,0.0
20160823_20160928,477,592,unw,1.0000000000000002,1.0,2.220446049250313e-16
20160823_20160928,477,592,q20,1.0000000000000002,1.0,2.220446049250313e-16
20160823_20160928,477,592,q30,1.0000000000000002,1.0,2.220446049250313e-16
20160823_20160928,477,592,q40,1.0000000000000002,1.0,2.220446049250313e-16
20160823_20160928,488,676,unw,1.0000000000000002,1.0,2.220446049250313e-16
20160823_20160928,488,676,q20,1.0000000000000002,1.0,2.220446049250313e-16
20160823_20160928,488,676,q30,1.0000000000000002,1.0,2.220446049250313e-16
20160823_20160928,488,676,q40,1.0000000000000002,1.0,2.220446049250313e-16
20160823_20160928,543,580,unw,1.0,1.0,0.0
20160823_20160928,543,580,q20,1.0,1.0,0.0
20160823_20160928,543,580,q30,0.43234371663359855,0.4323437213897705,-4.7561719562772e-09
20160823_20160928,543,580,q40,0.43234371663359855,0.4323437213897705,-4.7561719562772e-09
20160823_20160928,554,1068,unw,1.0,1.0,0.0
20160823_20160928,554,1068,q20,1.0,1.0,0.0
20160823_20160928,554,1068,q30,1.0,1.0,0.0
20160823_20160928,554,1068,q40,1.0,1.0,0.0
20160823_20160928,554,1069,unw,1.0000000000000002,1.0,2.220446049250313e-16
20160823_20160928,554,1069,q20,1.0000000000000002,1.0,2.220446049250313e-16
20160823_20160928,554,1069,q30,1.0000000000000002,1.0,2.220446049250313e-16
20160823_20160928,554,1069,q40,1.0000000000000002,1.0,2.220446049250313e-16
20160823_20160928,554,1070,unw,1.0,1.0,0.0
20160823_20160928,554,1070,q20,1.0,1.0,0.0
20160823_20160928,554,1070,q30,1.0,1.0,0.0
20160823_20160928,554,1070,q40,1.0,1.0,0.0
20160823_20160928,554,1071,unw,1.0,1.0,0.0
20160823_20160928,554,1071,q20,1.0,1.0,0.0
20160823_20160928,554,1071,q30,1.0,1.0,0.0
20160823_20160928,554,1071,q40,1.0,1.0,0.0
20160823_20160928,554,1072,unw,1.0000000000000002,1.0,2.220446049250313e-16
20160823_20160928,554,1072,q20,1.0000000000000002,1.0,2.220446049250313e-16
20160823_20160928,554,1072,q30,1.0000000000000002,1.0,2.220446049250313e-16
20160823_20160928,554,1072,q40,1.0000000000000002,1.0,2.220446049250313e-16
20160823_20160928,554,1073,unw,1.0000000000000002,1.0,2.220446049250313e-16
20160823_20160928,554,1073,q20,1.0000000000000002,1.0,2.220446049250313e-16
20160823_20160928,554,1073,q30,1.0000000000000002,1.0,2.220446049250313e-16
20160823_20160928,554,1073,q40,1.0000000000000002,1.0,2.220446049250313e-16
20160823_20160928,554,1075,unw,1.0,1.0,0.0
20160823_20160928,554,1075,q20,1.0,1.0,0.0
20160823_20160928,554,1075,q30,1.0,1.0,0.0
20160823_20160928,554,1075,q40,1.0,1.0,0.0
20160823_20160928,569,436,unw,0.9676351524215144,0.9676351547241211,-2.3026066608977658e-09
20160823_20160928,569,436,q20,0.0,0.0,0.0
20160823_20160928,569,436,q30,0.0,0.0,0.0
20160823_20160928,569,436,q40,0.0,0.0,0.0
20160823_20160928,576,1364,unw,1.0000000000000002,1.0,2.220446049250313e-16
20160823_20160928,576,1364,q20,1.0000000000000002,1.0,2.220446049250313e-16
20160823_20160928,576,1364,q30,1.0000000000000002,1.0,2.220446049250313e-16
20160823_20160928,576,1364,q40,0.6318044619595015,0.6318044662475586,-4.28805713159619e-09
20160823_20160928,626,300,unw,0.9999999999999998,1.0,-2.220446049250313e-16
20160823_20160928,626,300,q20,0.9999999999999998,1.0,-2.220446049250313e-16
20160823_20160928,626,300,q30,0.71792564175608,0.7179256677627563,-2.6006676367984483e-08
20160823_20160928,626,300,q40,0.0,0.0,0.0
20160823_20160928,632,619,unw,0.726550574784495,0.7265505790710449,-4.286549892817959e-09
20160823_20160928,632,619,q20,0.20864567482888688,0.20864567160606384,3.2228230362196797e-09
20160823_20160928,632,619,q30,0.20864567482888688,0.20864567160606384,3.2228230362196797e-09
20160823_20160928,632,619,q40,0.0,0.0,0.0
20160823_20160928,647,649,unw,1.0,1.0,0.0
20160823_20160928,647,649,q20,0.018406166431225304,0.01840616576373577,6.674895323965924e-10
20160823_20160928,647,649,q30,0.0,0.0,0.0
20160823_20160928,647,649,q40,0.0,0.0,0.0
20160823_20160928,657,1392,unw,0.0,0.0,0.0
20160823_20160928,657,1392,q20,0.0,0.0,0.0
20160823_20160928,657,1392,q30,0.0,0.0,0.0
20160823_20160928,657,1392,q40,0.0,0.0,0.0
20160823_20160928,677,357,unw,1.0,1.0,0.0
20160823_20160928,677,357,q20,0.0,0.0,0.0
20160823_20160928,677,357,q30,0.0,0.0,0.0
20160823_20160928,677,357,q40,0.0,0.0,0.0
20160823_20160928,690,367,unw,0.0,0.0,0.0
20160823_20160928,690,367,q20,0.0,0.0,0.0
20160823_20160928,690,367,q30,0.0,0.0,0.0
20160823_20160928,690,367,q40,0.0,0.0,0.0
20160823_20160928,692,795,unw,1.0,1.0,0.0
20160823_20160928,692,795,q20,1.0,1.0,0.0
20160823_20160928,692,795,q30,1.0,1.0,0.0
20160823_20160928,692,795,q40,1.0,1.0,0.0
20160823_20160928,702,432,unw,0.0,0.0,0.0
20160823_20160928,702,432,q20,0.0,0.0,0.0
20160823_20160928,702,432,q30,0.0,0.0,0.0
20160823_20160928,702,432,q40,0.0,0.0,0.0
20160823_20160928,704,381,unw,1.0000000000000002,1.0,2.220446049250313e-16
20160823_20160928,704,381,q20,0.0,0.0,0.0
20160823_20160928,704,381,q30,0.0,0.0,0.0
20160823_20160928,704,381,q40,0.0,0.0,0.0
20160823_20160928,726,923,unw,1.0,1.0,0.0
20160823_20160928,726,923,q20,1.0,1.0,0.0
20160823_20160928,726,923,q30,1.0,1.0,0.0
20160823_20160928,726,923,q40,1.0,1.0,0.0
20160823_20160928,775,85,unw,1.0,1.0,0.0
20160823_20160928,775,85,q20,0.0,0.0,0.0
20160823_20160928,775,85,q30,0.0,0.0,0.0
20160823_20160928,775,85,q40,0.0,0.0,0.0
20160823_20160928,782,71,unw,0.0,0.0,0.0
20160823_20160928,782,71,q20,0.0,0.0,0.0
20160823_20160928,782,71,q30,0.0,0.0,0.0
20160823_20160928,782,71,q40,0.0,0.0,0.0
20160823_20160928,808,475,unw,1.0,1.0,0.0
20160823_20160928,808,475,q20,0.0,0.0,0.0
20160823_20160928,808,475,q30,0.0,0.0,0.0
20160823_20160928,808,475,q40,0.0,0.0,0.0
20160823_20160928,808,1073,unw,1.0,1.0,0.0
20160823_20160928,808,1073,q20,1.0,1.0,0.0
20160823_20160928,808,1073,q30,1.0,1.0,0.0
20160823_20160928,808,1073,q40,0.25713643927873203,0.25713643431663513,4.962096900040791e-09
20160823_20160928,809,309,unw,0.9999999999999999,1.0,-1.1102230246251565e-16
20160823_20160928,809,309,q20,0.0,0.0,0.0
20160823_20160928,809,309,q30,0.0,0.0,0.0
20160823_20160928,809,309,q40,0.0,0.0,0.0
20160823_20160928,817,264,unw,0.7673305804995882,0.7673305869102478,-6.410659558753196e-09
20160823_20160928,817,264,q20,0.0,0.0,0.0
20160823_20160928,817,264,q30,0.0,0.0,0.0
20160823_20160928,817,264,q40,0.0,0.0,0.0
20160823_20160928,819,962,unw,1.0,1.0,0.0
20160823_20160928,819,962,q20,1.0,1.0,0.0
20160823_20160928,819,962,q30,0.4325606381917834,0.43256065249443054,-1.4302647122210743e-08
20160823_20160928,819,962,q40,0.4325606381917834,0.43256065249443054,-1.4302647122210743e-08
20160823_20160928,854,1271,unw,0.632588012832821,0.6325880289077759,-1.6074954922729034e-08
20160823_20160928,854,1271,q20,0.0,0.0,0.0
20160823_20160928,854,1271,q30,0.0,0.0,0.0
20160823_20160928,854,1271,q40,0.0,0.0,0.0
20160823_20160928,858,1239,unw,0.8319025596542416,0.8319025635719299,-3.9176882848934724e-09
20160823_20160928,858,1239,q20,0.0,0.0,0.0
20160823_20160928,858,1239,q30,0.0,0.0,0.0
20160823_20160928,858,1239,q40,0.0,0.0,0.0
20160823_20160928,858,1284,unw,1.0,1.0,0.0
20160823_20160928,858,1284,q20,1.0,1.0,0.0
20160823_20160928,858,1284,q30,0.0,0.0,0.0
20160823_20160928,858,1284,q40,0.0,0.0,0.0
20160823_20160928,862,325,unw,1.0,1.0,0.0
20160823_20160928,862,325,q20,0.4354094035692764,0.43540939688682556,6.682450814921026e-09
20160823_20160928,862,325,q30,0.0,0.0,0.0
20160823_20160928,862,325,q40,0.0,0.0,0.0
20160823_20160928,876,907,unw,0.9999999999999999,1.0,-1.1102230246251565e-16
20160823_20160928,876,907,q20,0.0,0.0,0.0
20160823_20160928,876,907,q30,0.0,0.0,0.0
20160823_20160928,876,907,q40,0.0,0.0,0.0
20160823_20160928,914,946,unw,1.0,1.0,0.0
20160823_20160928,914,946,q20,0.0,0.0,0.0
20160823_20160928,914,946,q30,0.0,0.0,0.0
20160823_20160928,914,946,q40,0.0,0.0,0.0
20160823_20160928,916,1096,unw,1.0,1.0,0.0
20160823_20160928,916,1096,q20,0.0,0.0,0.0
20160823_20160928,916,1096,q30,0.0,0.0,0.0
20160823_20160928,916,1096,q40,0.0,0.0,0.0
20160823_20160928,926,1390,unw,1.0,1.0,0.0
20160823_20160928,926,1390,q20,0.0,0.0,0.0
20160823_20160928,926,1390,q30,0.0,0.0,0.0
20160823_20160928,926,1390,q40,0.0,0.0,0.0
20160823_20160928,943,600,unw,1.0,1.0,0.0
20160823_20160928,943,600,q20,0.0,0.0,0.0
20160823_20160928,943,600,q30,0.0,0.0,0.0
20160823_20160928,943,600,q40,0.0,0.0,0.0
20160823_20160928,958,438,unw,0.0,0.0,0.0
20160823_20160928,958,438,q20,0.0,0.0,0.0
20160823_20160928,958,438,q30,0.0,0.0,0.0
20160823_20160928,958,438,q40,0.0,0.0,0.0
20160823_20160928,962,497,unw,0.9999999999999999,1.0,-1.1102230246251565e-16
20160823_20160928,962,497,q20,0.0,0.0,0.0
20160823_20160928,962,497,q30,0.0,0.0,0.0
20160823_20160928,962,497,q40,0.0,0.0,0.0
20160823_20160928,969,839,unw,0.9999999999999999,1.0,-1.1102230246251565e-16
20160823_20160928,969,839,q20,0.0,0.0,0.0
20160823_20160928,969,839,q30,0.0,0.0,0.0
20160823_20160928,969,839,q40,0.0,0.0,0.0
20160823_20160928,971,292,unw,0.9673191922585384,0.9673191905021667,1.7563716037116706e-09
20160823_20160928,971,292,q20,0.0,0.0,0.0
20160823_20160928,971,292,q30,0.0,0.0,0.0
20160823_20160928,971,292,q40,0.0,0.0,0.0
20160823_20160928,1036,1277,unw,0.2253135445307908,0.22531354427337646,2.574143398437201e-10
20160823_20160928,1036,1277,q20,0.0,0.0,0.0
20160823_20160928,1036,1277,q30,0.0,0.0,0.0
20160823_20160928,1036,1277,q40,0.0,0.0,0.0
20160823_20160928,1084,312,unw,0.23276919469412335,0.2327691912651062,3.4290171535555913e-09
20160823_20160928,1084,312,q20,0.0,0.0,0.0
20160823_20160928,1084,312,q30,0.0,0.0,0.0
20160823_20160928,1084,312,q40,0.0,0.0,0.0
20160823_20160928,1095,1113,unw,0.0,0.0,0.0
20160823_20160928,1095,1113,q20,0.0,0.0,0.0
20160823_20160928,1095,1113,q30,0.0,0.0,0.0
20160823_20160928,1095,1113,q40,0.0,0.0,0.0
20160823_20160928,1121,1279,unw,0.568128567513829,0.5681285858154297,-1.830160067939346e-08
20160823_20160928,1121,1279,q20,0.0,0.0,0.0
20160823_20160928,1121,1279,q30,0.0,0.0,0.0
20160823_20160928,1121,1279,q40,0.0,0.0,0.0
20160823_20160928,1122,338,unw,1.0,1.0,0.0
20160823_20160928,1122,338,q20,0.6326109381882272,0.6326109170913696,2.109685759421609e-08
20160823_20160928,1122,338,q30,0.0,0.0,0.0
20160823_20160928,1122,338,q40,0.0,0.0,0.0
20160823_20160928,1156,1253,unw,0.0,0.0,0.0
20160823_20160928,1156,1253,q20,0.0,0.0,0.0
20160823_20160928,1156,1253,q30,0.0,0.0,0.0
20160823_20160928,1156,1253,q40,0.0,0.0,0.0
20160823_20160928,1203,149,unw,0.5671375579280219,0.5671375393867493,1.8541272628347372e-08
20160823_20160928,1203,149,q20,0.0,0.0,0.0
20160823_20160928,1203,149,q30,0.0,0.0,0.0
20160823_20160928,1203,149,q40,0.0,0.0,0.0
20160823_20160928,1203,150,unw,0.13200638670886106,0.13200639188289642,-5.1740353668172645e-09
20160823_20160928,1203,150,q20,0.0,0.0,0.0
20160823_20160928,1203,150,q30,0.0,0.0,0.0
20160823_20160928,1203,150,q40,0.0,0.0,0.0
20160823_20160928,1203,151,unw,0.0,0.0,0.0
20160823_20160928,1203,151,q20,0.0,0.0,0.0
20160823_20160928,1203,151,q30,0.0,0.0,0.0
20160823_20160928,1203,151,q40,0.0,0.0,0.0
20160823_20160928,1203,152,unw,0.20827721794428267,0.20827721059322357,7.3510590947734045e-09
20160823_20160928,1203,152,q20,0.0,0.0,0.0
20160823_20160928,1203,152,q30,0.0,0.0,0.0
20160823_20160928,1203,152,q40,0.0,0.0,0.0
20160823_20160928,1203,153,unw,0.5671375579280219,0.5671375393867493,1.8541272628347372e-08
20160823_20160928,1203,153,q20,0.0,0.0,0.0
20160823_20160928,1203,153,q30,0.0,0.0,0.0
20160823_20160928,1203,153,q40,0.0,0.0,0.0
20160823_20160928,1203,154,unw,0.5671375579280219,0.5671375393867493,1.8541272628347372e-08
20160823_20160928,1203,154,q20,0.0,0.0,0.0
20160823_20160928,1203,154,q30,0.0,0.0,0.0
20160823_20160928,1203,154,q40,0.0,0.0,0.0
20160823_20160928,1203,155,unw,0.9858214803349842,0.9858214855194092,-5.18442500041516e-09
20160823_20160928,1203,155,q20,0.0,0.0,0.0
20160823_20160928,1203,155,q30,0.0,0.0,0.0
20160823_20160928,1203,155,q40,0.0,0.0,0.0
20160823_20160928,1205,1276,unw,0.03286472483650906,0.03286472335457802,1.4819310431568589e-09
20160823_20160928,1205,1276,q20,0.0,0.0,0.0
20160823_20160928,1205,1276,q30,0.0,0.0,0.0
20160823_20160928,1205,1276,q40,0.0,0.0,0.0
20160823_20160928,1239,142,unw,1.0,1.0,0.0
20160823_20160928,1239,142,q20,0.0,0.0,0.0
20160823_20160928,1239,142,q30,0.0,0.0,0.0
20160823_20160928,1239,142,q40,0.0,0.0,0.0
20160823_20160928,1243,555,unw,0.9999999999999999,1.0,-1.1102230246251565e-16
20160823_20160928,1243,555,q20,0.0,0.0,0.0
20160823_20160928,1243,555,q30,0.0,0.0,0.0
20160823_20160928,1243,555,q40,0.0,0.0,0.0
20160823_20160928,1259,906,unw,1.0,1.0,0.0
20160823_20160928,1259,906,q20,1.0,1.0,0.0
20160823_20160928,1259,906,q30,1.0,1.0,0.0
20160823_20160928,1259,906,q40,1.0,1.0,0.0
20160823_20160928,1267,829,unw,1.0000000000000002,1.0,2.220446049250313e-16
20160823_20160928,1267,829,q20,0.9277806348291971,0.9277806282043457,6.624851445202751e-09
20160823_20160928,1267,829,q30,0.09486800849538476,0.0948680117726326,-3.277247834221342e-09
20160823_20160928,1267,829,q40,0.0,0.0,0.0
20160823_20160928,1273,1338,unw,1.0000000000000002,1.0,2.220446049250313e-16
20160823_20160928,1273,1338,q20,0.0,0.0,0.0
20160823_20160928,1273,1338,q30,0.0,0.0,0.0
20160823_20160928,1273,1338,q40,0.0,0.0,0.0
20160823_20160928,1385,725,unw,1.0,1.0,0.0
20160823_20160928,1385,725,q20,0.9357529261448232,0.9357529282569885,-2.1121653315248068e-09
20160823_20160928,1385,725,q30,0.0,0.0,0.0
20160823_20160928,1385,725,q40,0.0,0.0,0.0
20160823_20160928,1444,502,unw,0.23305213831049856,0.23305213451385498,3.796643582854031e-09
20160823_20160928,1444,502,q20,0.0,0.0,0.0
20160823_20160928,1444,502,q30,0.0,0.0,0.0
20160823_20160928,1444,502,q40,0.0,0.0,0.0
20161127_20161221,1,151,unw,1.0000000000000002,1.0,2.220446049250313e-16
20161127_20161221,1,151,q20,0.0,0.0,0.0
20161127_20161221,1,151,q30,0.0,0.0,0.0
20161127_20161221,1,151,q40,0.0,0.0,0.0
20161127_20161221,122,1389,unw,0.9999999999999999,1.0,-1.1102230246251565e-16
20161127_20161221,122,1389,q20,0.0,0.0,0.0
20161127_20161221,122,1389,q30,0.0,0.0,0.0
20161127_20161221,122,1389,q40,0.0,0.0,0.0
20161127_20161221,122,1404,unw,0.9999999999999999,1.0,-1.1102230246251565e-16
20161127_20161221,122,1404,q20,0.9999999999999999,1.0,-1.1102230246251565e-16
20161127_20161221,122,1404,q30,0.9999999999999999,1.0,-1.1102230246251565e-16
20161127_20161221,122,1404,q40,0.9999999999999999,1.0,-1.1102230246251565e-16
20161127_20161221,161,1506,unw,1.0,1.0,0.0
20161127_20161221,161,1506,q20,1.0,1.0,0.0
20161127_20161221,161,1506,q30,1.0,1.0,0.0
20161127_20161221,161,1506,q40,1.0,1.0,0.0
20161127_20161221,268,674,unw,1.0000000000000002,1.0,2.220446049250313e-16
20161127_20161221,268,674,q20,0.0,0.0,0.0
20161127_20161221,268,674,q30,0.0,0.0,0.0
20161127_20161221,268,674,q40,0.0,0.0,0.0
20161127_20161221,296,1200,unw,1.0,1.0,0.0
20161127_20161221,296,1200,q20,0.8349695160988653,0.8349695205688477,-4.4699823842364594e-09
20161127_20161221,296,1200,q30,0.0,0.0,0.0
20161127_20161221,296,1200,q40,0.0,0.0,0.0
20161127_20161221,315,1484,unw,0.9999999999999999,1.0,-1.1102230246251565e-16
20161127_20161221,315,1484,q20,0.0,0.0,0.0
20161127_20161221,315,1484,q30,0.0,0.0,0.0
20161127_20161221,315,1484,q40,0.0,0.0,0.0
20161127_20161221,319,989,unw,0.9999999999999999,1.0,-1.1102230246251565e-16
20161127_20161221,319,989,q20,0.9999999999999999,1.0,-1.1102230246251565e-16
20161127_20161221,319,989,q30,0.9999999999999999,1.0,-1.1102230246251565e-16
20161127_20161221,319,989,q40,0.9999999999999999,1.0,-1.1102230246251565e-16
20161127_20161221,355,494,unw,0.9999999999999999,1.0,-1.1102230246251565e-16
20161127_20161221,355,494,q20,0.7677139522269247,0.7677139639854431,-1.1758518381199679e-08
20161127_20161221,355,494,q30,0.0,0.0,0.0
20161127_20161221,355,494,q40,0.0,0.0,0.0
20161127_20161221,360,585,unw,1.0,1.0,0.0
20161127_20161221,360,585,q20,1.0,1.0,0.0
20161127_20161221,360,585,q30,1.0,1.0,0.0
20161127_20161221,360,585,q40,0.5677104061702328,0.5677103996276855,6.542547281718214e-09
20161127_20161221,377,1190,unw,1.0,1.0,0.0
20161127_20161221,377,1190,q20,1.0,1.0,0.0
20161127_20161221,377,1190,q30,1.0,1.0,0.0
20161127_20161221,377,1190,q40,0.3898140828831014,0.3898140788078308,4.0752705654512056e-09
20161127_20161221,381,1261,unw,1.0,1.0,0.0
20161127_20161221,381,1261,q20,0.0,0.0,0.0
20161127_20161221,381,1261,q30,0.0,0.0,0.0
20161127_20161221,381,1261,q40,0.0,0.0,0.0
20161127_20161221,402,544,unw,1.0,1.0,0.0
20161127_20161221,402,544,q20,1.0,1.0,0.0
20161127_20161221,402,544,q30,0.2440582653759837,0.2440582662820816,-9.060978911623607e-10
20161127_20161221,402,544,q40,0.2440582653759837,0.2440582662820816,-9.060978911623607e-10
20161127_20161221,435,730,unw,1.0,1.0,0.0
20161127_20161221,435,730,q20,1.0,1.0,0.0
20161127_20161221,435,730,q30,1.0,1.0,0.0
20161127_20161221,435,730,q40,0.5646713574725573,0.5646713376045227,1.986803455089614e-08
20161127_20161221,454,815,unw,0.9999999999999999,1.0,-1.1102230246251565e-16
20161127_20161221,454,815,q20,0.16763876839682035,0.16763876378536224,4.611458104264443e-09
20161127_20161221,454,815,q30,0.16763876839682035,0.16763876378536224,4.611458104264443e-09
20161127_20161221,454,815,q40,0.16763876839682035,0.16763876378536224,4.611458104264443e-09
20161127_20161221,455,1154,unw,1.0000000000000002,1.0,2.220446049250313e-16
20161127_20161221,455,1154,q20,0.0,0.0,0.0
20161127_20161221,455,1154,q30,0.0,0.0,0.0
20161127_20161221,455,1154,q40,0.0,0.0,0.0
20161127_20161221,475,45,unw,1.0,1.0,0.0
20161127_20161221,475,45,q20,0.0,0.0,0.0
20161127_20161221,475,45,q30,0.0,0.0,0.0
20161127_20161221,475,45,q40,0.0,0.0,0.0
20161127_20161221,477,592,unw,1.0000000000000002,1.0,2.220446049250313e-16
20161127_20161221,477,592,q20,1.0000000000000002,1.0,2.220446049250313e-16
20161127_20161221,477,592,q30,1.0000000000000002,1.0,2.220446049250313e-16
20161127_20161221,477,592,q40,1.0000000000000002,1.0,2.220446049250313e-16
20161127_20161221,488,676,unw,1.0,1.0,0.0
20161127_20161221,488,676,q20,1.0,1.0,0.0
20161127_20161221,488,676,q30,1.0,1.0,0.0
20161127_20161221,488,676,q40,0.5787308856923882,0.5787308812141418,4.478246329320257e-09
20161127_20161221,543,580,unw,1.0,1.0,0.0
20161127_20161221,543,580,q20,1.0,1.0,0.0
20161127_20161221,543,580,q30,1.0,1.0,0.0
20161127_20161221,543,580,q40,1.0,1.0,0.0
20161127_20161221,554,1068,unw,0.9999999999999999,1.0,-1.1102230246251565e-16
20161127_20161221,554,1068,q20,0.9999999999999999,1.0,-1.1102230246251565e-16
20161127_20161221,554,1068,q30,0.9999999999999999,1.0,-1.1102230246251565e-16
20161127_20161221,554,1068,q40,0.9999999999999999,1.0,-1.1102230246251565e-16
20161127_20161221,554,1069,unw,1.0,1.0,0.0
20161127_20161221,554,1069,q20,1.0,1.0,0.0
20161127_20161221,554,1069,q30,1.0,1.0,0.0
20161127_20161221,554,1069,q40,1.0,1.0,0.0
20161127_20161221,554,1070,unw,1.0,1.0,0.0
20161127_20161221,554,1070,q20,1.0,1.0,0.0
20161127_20161221,554,1070,q30,1.0,1.0,0.0
20161127_20161221,554,1070,q40,1.0,1.0,0.0
20161127_20161221,554,1071,unw,1.0000000000000002,1.0,2.220446049250313e-16
20161127_20161221,554,1071,q20,1.0000000000000002,1.0,2.220446049250313e-16
20161127_20161221,554,1071,q30,1.0000000000000002,1.0,2.220446049250313e-16
20161127_20161221,554,1071,q40,1.0000000000000002,1.0,2.220446049250313e-16
20161127_20161221,554,1072,unw,1.0,1.0,0.0
20161127_20161221,554,1072,q20,1.0,1.0,0.0
20161127_20161221,554,1072,q30,1.0,1.0,0.0
20161127_20161221,554,1072,q40,1.0,1.0,0.0
20161127_20161221,554,1073,unw,0.9999999999999999,1.0,-1.1102230246251565e-16
20161127_20161221,554,1073,q20,0.9999999999999999,1.0,-1.1102230246251565e-16
20161127_20161221,554,1073,q30,0.9999999999999999,1.0,-1.1102230246251565e-16
20161127_20161221,554,1073,q40,0.9999999999999999,1.0,-1.1102230246251565e-16
20161127_20161221,554,1075,unw,1.0,1.0,0.0
20161127_20161221,554,1075,q20,1.0,1.0,0.0
20161127_20161221,554,1075,q30,1.0,1.0,0.0
20161127_20161221,554,1075,q40,1.0,1.0,0.0
20161127_20161221,569,436,unw,1.0,1.0,0.0
20161127_20161221,569,436,q20,0.0,0.0,0.0
20161127_20161221,569,436,q30,0.0,0.0,0.0
20161127_20161221,569,436,q40,0.0,0.0,0.0
20161127_20161221,576,1364,unw,1.0000000000000002,1.0,2.220446049250313e-16
20161127_20161221,576,1364,q20,1.0000000000000002,1.0,2.220446049250313e-16
20161127_20161221,576,1364,q30,1.0000000000000002,1.0,2.220446049250313e-16
20161127_20161221,576,1364,q40,1.0000000000000002,1.0,2.220446049250313e-16
20161127_20161221,626,300,unw,1.0,1.0,0.0
20161127_20161221,626,300,q20,1.0,1.0,0.0
20161127_20161221,626,300,q30,0.9728467291709001,0.9728467464447021,-1.7273802055406406e-08
20161127_20161221,626,300,q40,0.0,0.0,0.0
20161127_20161221,632,619,unw,1.0,1.0,0.0
20161127_20161221,632,619,q20,0.032497915668813986,0.032497916370630264,-7.018162787031379e-10
20161127_20161221,632,619,q30,0.0,0.0,0.0
20161127_20161221,632,619,q40,0.0,0.0,0.0
20161127_20161221,647,649,unw,1.0,1.0,0.0
20161127_20161221,647,649,q20,0.6325085480716945,0.6325085759162903,-2.7844595740234013e-08
20161127_20161221,647,649,q30,0.6325085480716945,0.6325085759162903,-2.7844595740234013e-08
20161127_20161221,647,649,q40,0.0,0.0,0.0
20161127_20161221,657,1392,unw,0.9999999999999999,1.0,-1.1102230246251565e-16
20161127_20161221,657,1392,q20,0.0,0.0,0.0
20161127_20161221,657,1392,q30,0.0,0.0,0.0
20161127_20161221,657,1392,q40,0.0,0.0,0.0
20161127_20161221,677,357,unw,1.0,1.0,0.0
20161127_20161221,677,357,q20,0.0,0.0,0.0
20161127_20161221,677,357,q30,0.0,0.0,0.0
20161127_20161221,677,357,q40,0.0,0.0,0.0
20161127_20161221,690,367,unw,0.9999999999999999,1.0,-1.1102230246251565e-16
20161127_20161221,690,367,q20,0.5674584981892241,0.5674585103988647,-1.2209640631866137e-08
20161127_20161221,690,367,q30,0.0,0.0,0.0
20161127_20161221,690,367,q40,0.0,0.0,0.0
20161127_20161221,692,795,unw,1.0000000000000002,1.0,2.220446049250313e-16
20161127_20161221,692,795,q20,0.7723776880840166,0.7723776698112488,1.8272767854377037e-08
20161127_20161221,692,795,q30,0.7398339695909186,0.7398339509963989,1.859451970176451e-08
20161127_20161221,692,795,q40,0.7398339695909186,0.7398339509963989,1.859451970176451e-08
20161127_20161221,702,432,unw,0.9999999999999999,1.0,-1.1102230246251565e-16
20161127_20161221,702,432,q20,0.0,0.0,0.0
20161127_20161221,702,432,q30,0.0,0.0,0.0
20161127_20161221,702,432,q40,0.0,0.0,0.0
20161127_20161221,704,381,unw,1.0,1.0,0.0
20161127_20161221,704,381,q20,0.7395211853350402,0.7395212054252625,-2.0090222263569046e-08
20161127_20161221,704,381,q30,0.0,0.0,0.0
20161127_20161221,704,381,q40,0.0,0.0,0.0
20161127_20161221,726,923,unw,1.0,1.0,0.0
20161127_20161221,726,923,q20,1.0,1.0,0.0
20161127_20161221,726,923,q30,1.0,1.0,0.0
20161127_20161221,726,923,q40,1.0,1.0,0.0
20161127_20161221,775,85,unw,1.0,1.0,0.0
20161127_20161221,775,85,q20,0.0,0.0,0.0
20161127_20161221,775,85,q30,0.0,0.0,0.0
20161127_20161221,775,85,q40,0.0,0.0,0.0
20161127_20161221,782,71,unw,1.0000000000000002,1.0,2.220446049250313e-16
20161127_20161221,782,71,q20,0.0,0.0,0.0
20161127_20161221,782,71,q30,0.0,0.0,0.0
20161127_20161221,782,71,q40,0.0,0.0,0.0
20161127_20161221,808,475,unw,1.0,1.0,0.0
20161127_20161221,808,475,q20,0.16736853524777465,0.16736853122711182,4.020662830450661e-09
20161127_20161221,808,475,q30,0.0,0.0,0.0
20161127_20161221,808,475,q40,0.0,0.0,0.0
20161127_20161221,808,1073,unw,0.9999999999999999,1.0,-1.1102230246251565e-16
20161127_20161221,808,1073,q20,0.9999999999999999,1.0,-1.1102230246251565e-16
20161127_20161221,808,1073,q30,0.9389216358687247,0.9389216303825378,5.486186838155049e-09
20161127_20161221,808,1073,q40,0.9389216358687247,0.9389216303825378,5.486186838155049e-09
20161127_20161221,809,309,unw,0.9999999999999999,1.0,-1.1102230246251565e-16
20161127_20161221,809,309,q20,0.08657029531017571,0.08657029271125793,2.5989177754315307e-09
20161127_20161221,809,309,q30,0.08657029531017571,0.08657029271125793,2.5989177754315307e-09
20161127_20161221,809,309,q40,0.08657029531017571,0.08657029271125793,2.5989177754315307e-09
20161127_20161221,817,264,unw,1.0000000000000002,1.0,2.220446049250313e-16
20161127_20161221,817,264,q20,0.0,0.0,0.0
20161127_20161221,817,264,q30,0.0,0.0,0.0
20161127_20161221,817,264,q40,0.0,0.0,0.0
20161127_20161221,819,962,unw,1.0000000000000002,1.0,2.220446049250313e-16
20161127_20161221,819,962,q20,1.0000000000000002,1.0,2.220446049250313e-16
20161127_20161221,819,962,q30,1.0000000000000002,1.0,2.220446049250313e-16
20161127_20161221,819,962,q40,1.0000000000000002,1.0,2.220446049250313e-16
20161127_20161221,854,1271,unw,0.9999999999999999,1.0,-1.1102230246251565e-16
20161127_20161221,854,1271,q20,0.0,0.0,0.0
20161127_20161221,854,1271,q30,0.0,0.0,0.0
20161127_20161221,854,1271,q40,0.0,0.0,0.0
20161127_20161221,858,1239,unw,1.0,1.0,0.0
20161127_20161221,858,1239,q20,0.0,0.0,0.0
20161127_20161221,858,1239,q30,0.0,0.0,0.0
20161127_20161221,858,1239,q40,0.0,0.0,0.0
20161127_20161221,858,1284,unw,1.0,1.0,0.0
20161127_20161221,858,1284,q20,1.0,1.0,0.0
20161127_20161221,858,1284,q30,0.5263329149599683,0.5263329148292542,1.3071410620568713e-10
20161127_20161221,858,1284,q40,0.43266974586278933,0.4326697587966919,-1.2933902560074984e-08
20161127_20161221,862,325,unw,1.0,1.0,0.0
20161127_20161221,862,325,q20,0.0,0.0,0.0
20161127_20161221,862,325,q30,0.0,0.0,0.0
20161127_20161221,862,325,q40,0.0,0.0,0.0
20161127_20161221,876,907,unw,1.0,1.0,0.0
20161127_20161221,876,907,q20,1.0,1.0,0.0
20161127_20161221,876,907,q30,0.0,0.0,0.0
20161127_20161221,876,907,q40,0.0,0.0,0.0
20161127_20161221,914,946,unw,1.0,1.0,0.0
20161127_20161221,914,946,q20,0.9857644064359912,0.9857643842697144,2.2166276814061803e-08
20161127_20161221,914,946,q30,0.0,0.0,0.0
20161127_20161221,914,946,q40,0.0,0.0,0.0
20161127_20161221,916,1096,unw,0.9999999999999999,1.0,-1.1102230246251565e-16
20161127_20161221,916,1096,q20,0.0,0.0,0.0
20161127_20161221,916,1096,q30,0.0,0.0,0.0
20161127_20161221,916,1096,q40,0.0,0.0,0.0
20161127_20161221,926,1390,unw,1.0000000000000002,1.0,2.220446049250313e-16
20161127_20161221,926,1390,q20,0.0,0.0,0.0
20161127_20161221,926,1390,q30,0.0,0.0,0.0
20161127_20161221,926,1390,q40,0.0,0.0,0.0
20161127_20161221,943,600,unw,1.0,1.0,0.0
20161127_20161221,943,600,q20,0.6409944248724313,0.6409944295883179,-4.715886570139105e-09
20161127_20161221,943,600,q30,0.0,0.0,0.0
20161127_20161221,943,600,q40,0.0,0.0,0.0
20161127_20161221,958,438,unw,0.9999999999999998,1.0,-2.220446049250313e-16
20161127_20161221,958,438,q20,0.0,0.0,0.0
20161127_20161221,958,438,q30,0.0,0.0,0.0
20161127_20161221,958,438,q40,0.0,0.0,0.0
20161127_20161221,962,497,unw,0.9999999999999999,1.0,-1.1102230246251565e-16
20161127_20161221,962,497,q20,0.0,0.0,0.0
20161127_20161221,962,497,q30,0.0,0.0,0.0
20161127_20161221,962,497,q40,0.0,0.0,0.0
20161127_20161221,969,839,unw,0.9999999999999999,1.0,-1.1102230246251565e-16
20161127_20161221,969,839,q20,0.6352452738965004,0.6352452635765076,1.0319992860274851e-08
20161127_20161221,969,839,q30,0.0,0.0,0.0
20161127_20161221,969,839,q40,0.0,0.0,0.0
20161127_20161221,971,292,unw,1.0,1.0,0.0
20161127_20161221,971,292,q20,0.0,0.0,0.0
20161127_20161221,971,292,q30,0.0,0.0,0.0
20161127_20161221,971,292,q40,0.0,0.0,0.0
20161127_20161221,1036,1277,unw,1.0,1.0,0.0
20161127_20161221,1036,1277,q20,0.0,0.0,0.0
20161127_20161221,1036,1277,q30,0.0,0.0,0.0
20161127_20161221,1036,1277,q40,0.0,0.0,0.0
20161127_20161221,1084,312,unw,0.16715784499656838,0.167157843708992,1.2875763788500194e-09
20161127_20161221,1084,312,q20,0.0,0.0,0.0
20161127_20161221,1084,312,q30,0.0,0.0,0.0
20161127_20161221,1084,312,q40,0.0,0.0,0.0
20161127_20161221,1095,1113,unw,1.0,1.0,0.0
20161127_20161221,1095,1113,q20,0.0,0.0,0.0
20161127_20161221,1095,1113,q30,0.0,0.0,0.0
20161127_20161221,1095,1113,q40,0.0,0.0,0.0
20161127_20161221,1121,1279,unw,1.0,1.0,0.0
20161127_20161221,1121,1279,q20,0.0,0.0,0.0
20161127_20161221,1121,1279,q30,0.0,0.0,0.0
20161127_20161221,1121,1279,q40,0.0,0.0,0.0
20161127_20161221,1122,338,unw,0.9999999999999999,1.0,-1.1102230246251565e-16
20161127_20161221,1122,338,q20,0.54692294074011,0.5469229221343994,1.860571063883043e-08
20161127_20161221,1122,338,q30,0.0,0.0,0.0
20161127_20161221,1122,338,q40,0.0,0.0,0.0
20161127_20161221,1156,1253,unw,0.16710288232073872,0.1671028882265091,-5.905770372738317e-09
20161127_20161221,1156,1253,q20,0.0,0.0,0.0
20161127_20161221,1156,1253,q30,0.0,0.0,0.0
20161127_20161221,1156,1253,q40,0.0,0.0,0.0
20161127_20161221,1203,149,unw,0.9999999999999999,1.0,-1.1102230246251565e-16
20161127_20161221,1203,149,q20,0.0,0.0,0.0
20161127_20161221,1203,149,q30,0.0,0.0,0.0
20161127_20161221,1203,149,q40,0.0,0.0,0.0
20161127_20161221,1203,150,unw,0.9999999999999999,1.0,-1.1102230246251565e-16
20161127_20161221,1203,150,q20,0.0,0.0,0.0
20161127_20161221,1203,150,q30,0.0,0.0,0.0
20161127_20161221,1203,150,q40,0.0,0.0,0.0
20161127_20161221,1203,151,unw,1.0,1.0,0.0
20161127_20161221,1203,151,q20,0.0,0.0,0.0
20161127_20161221,1203,151,q30,0.0,0.0,0.0
20161127_20161221,1203,151,q40,0.0,0.0,0.0
20161127_20161221,1203,152,unw,0.9999999999999999,1.0,-1.1102230246251565e-16
20161127_20161221,1203,152,q20,0.0,0.0,0.0
20161127_20161221,1203,152,q30,0.0,0.0,0.0
20161127_20161221,1203,152,q40,0.0,0.0,0.0
20161127_20161221,1203,153,unw,1.0,1.0,0.0
20161127_20161221,1203,153,q20,0.0,0.0,0.0
20161127_20161221,1203,153,q30,0.0,0.0,0.0
20161127_20161221,1203,153,q40,0.0,0.0,0.0
20161127_20161221,1203,154,unw,0.9999999999999999,1.0,-1.1102230246251565e-16
20161127_20161221,1203,154,q20,0.0,0.0,0.0
20161127_20161221,1203,154,q30,0.0,0.0,0.0
20161127_20161221,1203,154,q40,0.0,0.0,0.0
20161127_20161221,1203,155,unw,0.9999999999999999,1.0,-1.1102230246251565e-16
20161127_20161221,1203,155,q20,0.0,0.0,0.0
20161127_20161221,1203,155,q30,0.0,0.0,0.0
20161127_20161221,1203,155,q40,0.0,0.0,0.0
20161127_20161221,1205,1276,unw,1.0,1.0,0.0
20161127_20161221,1205,1276,q20,0.0,0.0,0.0
20161127_20161221,1205,1276,q30,0.0,0.0,0.0
20161127_20161221,1205,1276,q40,0.0,0.0,0.0
20161127_20161221,1239,142,unw,1.0,1.0,0.0
20161127_20161221,1239,142,q20,0.435777550554638,0.43577754497528076,5.579357253981954e-09
20161127_20161221,1239,142,q30,0.0,0.0,0.0
20161127_20161221,1239,142,q40,0.0,0.0,0.0
20161127_20161221,1243,555,unw,0.0,0.0,0.0
20161127_20161221,1243,555,q20,0.0,0.0,0.0
20161127_20161221,1243,555,q30,0.0,0.0,0.0
20161127_20161221,1243,555,q40,0.0,0.0,0.0
20161127_20161221,1259,906,unw,0.9999999999999998,1.0,-2.220446049250313e-16
20161127_20161221,1259,906,q20,0.9999999999999998,1.0,-2.220446049250313e-16
20161127_20161221,1259,906,q30,0.9999999999999998,1.0,-2.220446049250313e-16
20161127_20161221,1259,906,q40,0.9999999999999998,1.0,-2.220446049250313e-16
20161127_20161221,1267,829,unw,1.0,1.0,0.0
20161127_20161221,1267,829,q20,0.7670177638745989,0.7670177817344666,-1.785986769586856e-08
20161127_20161221,1267,829,q30,0.0,0.0,0.0
20161127_20161221,1267,829,q40,0.0,0.0,0.0
20161127_20161221,1273,1338,unw,0.9999999999999999,1.0,-1.1102230246251565e-16
20161127_20161221,1273,1338,q20,0.19451234272183424,0.19451233744621277,5.275621467459857e-09
20161127_20161221,1273,1338,q30,0.0,0.0,0.0
20161127_20161221,1273,1338,q40,0.0,0.0,0.0
20161127_20161221,1385,725,unw,0.9999999999999999,1.0,-1.1102230246251565e-16
20161127_20161221,1385,725,q20,0.9999999999999999,1.0,-1.1102230246251565e-16
20161127_20161221,1385,725,q30,0.7691391280978134,0.7691391110420227,1.7055790668685233e-08
20161127_20161221,1385,725,q40,0.0,0.0,0.0
20161127_20161221,1444,502,unw,1.0,1.0,0.0
20161127_20161221,1444,502,q20,0.0,0.0,0.0
20161127_20161221,1444,502,q30,0.0,0.0,0.0
20161127_20161221,1444,502,q40,0.0,0.0,0.0
20170126_20170327,1,151,unw,1.0000000000000002,1.0,2.220446049250313e-16
20170126_20170327,1,151,q20,0.2320158167144637,0.23201581835746765,-1.6430039551096343e-09
20170126_20170327,1,151,q30,0.0,0.0,0.0
20170126_20170327,1,151,q40,0.0,0.0,0.0
20170126_20170327,122,1389,unw,0.9999999999999999,1.0,-1.1102230246251565e-16
20170126_20170327,122,1389,q20,0.0,0.0,0.0
20170126_20170327,122,1389,q30,0.0,0.0,0.0
20170126_20170327,122,1389,q40,0.0,0.0,0.0
20170126_20170327,122,1404,unw,0.9999999999999999,1.0,-1.1102230246251565e-16
20170126_20170327,122,1404,q20,0.9999999999999999,1.0,-1.1102230246251565e-16
20170126_20170327,122,1404,q30,0.9999999999999999,1.0,-1.1102230246251565e-16
20170126_20170327,122,1404,q40,0.9999999999999999,1.0,-1.1102230246251565e-16
20170126_20170327,161,1506,unw,1.0,1.0,0.0
20170126_20170327,161,1506,q20,1.0,1.0,0.0
20170126_20170327,161,1506,q30,1.0,1.0,0.0
20170126_20170327,161,1506,q40,1.0,1.0,0.0
20170126_20170327,268,674,unw,0.0,0.0,0.0
20170126_20170327,268,674,q20,0.0,0.0,0.0
20170126_20170327,268,674,q30,0.0,0.0,0.0
20170126_20170327,268,674,q40,0.0,0.0,0.0
20170126_20170327,296,1200,unw,1.0,1.0,0.0
20170126_20170327,296,1200,q20,0.0,0.0,0.0
20170126_20170327,296,1200,q30,0.0,0.0,0.0
20170126_20170327,296,1200,q40,0.0,0.0,0.0
20170126_20170327,315,1484,unw,0.0,0.0,0.0
20170126_20170327,315,1484,q20,0.0,0.0,0.0
20170126_20170327,315,1484,q30,0.0,0.0,0.0
20170126_20170327,315,1484,q40,0.0,0.0,0.0
20170126_20170327,319,989,unw,0.9999999999999999,1.0,-1.1102230246251565e-16
20170126_20170327,319,989,q20,0.9999999999999999,1.0,-1.1102230246251565e-16
20170126_20170327,319,989,q30,0.9999999999999999,1.0,-1.1102230246251565e-16
20170126_20170327,319,989,q40,0.9999999999999999,1.0,-1.1102230246251565e-16
20170126_20170327,355,494,unw,0.9999999999999999,1.0,-1.1102230246251565e-16
20170126_20170327,355,494,q20,0.0,0.0,0.0
20170126_20170327,355,494,q30,0.0,0.0,0.0
20170126_20170327,355,494,q40,0.0,0.0,0.0
20170126_20170327,360,585,unw,1.0,1.0,0.0
20170126_20170327,360,585,q20,1.0,1.0,0.0
20170126_20170327,360,585,q30,1.0,1.0,0.0
20170126_20170327,360,585,q40,0.5677104061702328,0.5677103996276855,6.542547281718214e-09
20170126_20170327,377,1190,unw,1.0,1.0,0.0
20170126_20170327,377,1190,q20,1.0,1.0,0.0
20170126_20170327,377,1190,q30,0.36769755899899803,0.3676975667476654,-7.748667374407603e-09
20170126_20170327,377,1190,q40,0.0,0.0,0.0
20170126_20170327,381,1261,unw,1.0,1.0,0.0
20170126_20170327,381,1261,q20,0.0,0.0,0.0
20170126_20170327,381,1261,q30,0.0,0.0,0.0
20170126_20170327,381,1261,q40,0.0,0.0,0.0
20170126_20170327,402,544,unw,1.0,1.0,0.0
20170126_20170327,402,544,q20,0.6795289094206669,0.6795288920402527,1.7380414218948204e-08
20170126_20170327,402,544,q30,0.2440582653759837,0.2440582662820816,-9.060978911623607e-10
20170126_20170327,402,544,q40,0.2440582653759837,0.2440582662820816,-9.060978911623607e-10
20170126_20170327,435,730,unw,1.0,1.0,0.0
20170126_20170327,435,730,q20,1.0,1.0,0.0
20170126_20170327,435,730,q30,0.5646713574725573,0.5646713376045227,1.986803455089614e-08
20170126_20170327,435,730,q40,0.0,0.0,0.0
20170126_20170327,454,815,unw,0.9999999999999999,1.0,-1.1102230246251565e-16
20170126_20170327,454,815,q20,0.16763876839682035,0.16763876378536224,4.611458104264443e-09
20170126_20170327,454,815,q30,0.16763876839682035,0.16763876378536224,4.611458104264443e-09
20170126_20170327,454,815,q40,0.1064948069536747,0.10649480670690536,2.467693410723726e-10
20170126_20170327,455,1154,unw,1.0000000000000002,1.0,2.220446049250313e-16
20170126_20170327,455,1154,q20,0.0,0.0,0.0
20170126_20170327,455,1154,q30,0.0,0.0,0.0
20170126_20170327,455,1154,q40,0.0,0.0,0.0
20170126_20170327,475,45,unw,1.0,1.0,0.0
20170126_20170327,475,45,q20,0.0,0.0,0.0
20170126_20170327,475,45,q30,0.0,0.0,0.0
20170126_20170327,475,45,q40,0.0,0.0,0.0
20170126_20170327,477,592,unw,1.0000000000000002,1.0,2.220446049250313e-16
20170126_20170327,477,592,q20,1.0000000000000002,1.0,2.220446049250313e-16
20170126_20170327,477,592,q30,1.0000000000000002,1.0,2.220446049250313e-16
20170126_20170327,477,592,q40,1.0000000000000002,1.0,2.220446049250313e-16
20170126_20170327,488,676,unw,1.0,1.0,0.0
20170126_20170327,488,676,q20,1.0,1.0,0.0
20170126_20170327,488,676,q30,0.5787308856923882,0.5787308812141418,4.478246329320257e-09
20170126_20170327,488,676,q40,0.5787308856923882,0.5787308812141418,4.478246329320257e-09
20170126_20170327,543,580,unw,1.0,1.0,0.0
20170126_20170327,543,580,q20,1.0,1.0,0.0
20170126_20170327,543,580,q30,1.0,1.0,0.0
20170126_20170327,543,580,q40,0.43544315987813004,0.4354431629180908,-3.0399607831022024e-09
20170126_20170327,554,1068,unw,0.9999999999999999,1.0,-1.1102230246251565e-16
20170126_20170327,554,1068,q20,0.9999999999999999,1.0,-1.1102230246251565e-16
20170126_20170327,554,1068,q30,0.9999999999999999,1.0,-1.1102230246251565e-16
20170126_20170327,554,1068,q40,0.9999999999999999,1.0,-1.1102230246251565e-16
20170126_20170327,554,1069,unw,1.0,1.0,0.0
20170126_20170327,554,1069,q20,1.0,1.0,0.0
20170126_20170327,554,1069,q30,1.0,1.0,0.0
20170126_20170327,554,1069,q40,1.0,1.0,0.0
20170126_20170327,554,1070,unw,1.0,1.0,0.0
20170126_20170327,554,1070,q20,1.0,1.0,0.0
20170126_20170327,554,1070,q30,1.0,1.0,0.0
20170126_20170327,554,1070,q40,1.0,1.0,0.0
20170126_20170327,554,1071,unw,1.0000000000000002,1.0,2.220446049250313e-16
20170126_20170327,554,1071,q20,1.0000000000000002,1.0,2.220446049250313e-16
20170126_20170327,554,1071,q30,1.0000000000000002,1.0,2.220446049250313e-16
20170126_20170327,554,1071,q40,1.0000000000000002,1.0,2.220446049250313e-16
20170126_20170327,554,1072,unw,1.0,1.0,0.0
20170126_20170327,554,1072,q20,1.0,1.0,0.0
20170126_20170327,554,1072,q30,1.0,1.0,0.0
20170126_20170327,554,1072,q40,0.9816745108058941,0.9816744923591614,1.844673269690844e-08
20170126_20170327,554,1073,unw,0.9999999999999999,1.0,-1.1102230246251565e-16
20170126_20170327,554,1073,q20,0.9999999999999999,1.0,-1.1102230246251565e-16
20170126_20170327,554,1073,q30,0.9999999999999999,1.0,-1.1102230246251565e-16
20170126_20170327,554,1073,q40,0.9793994725168071,0.9793995022773743,-2.9760567121783765e-08
20170126_20170327,554,1075,unw,1.0,1.0,0.0
20170126_20170327,554,1075,q20,1.0,1.0,0.0
20170126_20170327,554,1075,q30,1.0,1.0,0.0
20170126_20170327,554,1075,q40,1.0,1.0,0.0
20170126_20170327,569,436,unw,1.0,1.0,0.0
20170126_20170327,569,436,q20,0.0,0.0,0.0
20170126_20170327,569,436,q30,0.0,0.0,0.0
20170126_20170327,569,436,q40,0.0,0.0,0.0
20170126_20170327,576,1364,unw,1.0000000000000002,1.0,2.220446049250313e-16
20170126_20170327,576,1364,q20,1.0000000000000002,1.0,2.220446049250313e-16
20170126_20170327,576,1364,q30,1.0000000000000002,1.0,2.220446049250313e-16
20170126_20170327,576,1364,q40,1.0000000000000002,1.0,2.220446049250313e-16
20170126_20170327,626,300,unw,1.0,1.0,0.0
20170126_20170327,626,300,q20,0.9728467291709001,0.9728467464447021,-1.7273802055406406e-08
20170126_20170327,626,300,q30,0.005340064557551315,0.005340064410120249,1.4743106648701376e-10
20170126_20170327,626,300,q40,0.0,0.0,0.0
20170126_20170327,632,619,unw,1.0,1.0,0.0
20170126_20170327,632,619,q20,0.0,0.0,0.0
20170126_20170327,632,619,q30,0.0,0.0,0.0
20170126_20170327,632,619,q40,0.0,0.0,0.0
20170126_20170327,647,649,unw,1.0,1.0,0.0
20170126_20170327,647,649,q20,0.36749145192830535,0.3674914538860321,-1.9577267584836022e-09
20170126_20170327,647,649,q30,0.0,0.0,0.0
20170126_20170327,647,649,q40,0.0,0.0,0.0
20170126_20170327,657,1392,unw,0.0,0.0,0.0
20170126_20170327,657,1392,q20,0.0,0.0,0.0
20170126_20170327,657,1392,q30,0.0,0.0,0.0
20170126_20170327,657,1392,q40,0.0,0.0,0.0
20170126_20170327,677,357,unw,1.0,1.0,0.0
20170126_20170327,677,357,q20,0.0,0.0,0.0
20170126_20170327,677,357,q30,0.0,0.0,0.0
20170126_20170327,677,357,q40,0.0,0.0,0.0
20170126_20170327,690,367,unw,0.9999999999999999,1.0,-1.1102230246251565e-16
20170126_20170327,690,367,q20,0.0,0.0,0.0
20170126_20170327,690,367,q30,0.0,0.0,0.0
20170126_20170327,690,367,q40,0.0,0.0,0.0
20170126_20170327,692,795,unw,1.0000000000000002,1.0,2.220446049250313e-16
20170126_20170327,692,795,q20,0.7398339695909186,0.7398339509963989,1.859451970176451e-08
20170126_20170327,692,795,q30,0.7398339695909186,0.7398339509963989,1.859451970176451e-08
20170126_20170327,692,795,q40,0.7398339695909186,0.7398339509963989,1.859451970176451e-08
20170126_20170327,702,432,unw,0.928869571858594,0.9288695454597473,2.6398846664221765e-08
20170126_20170327,702,432,q20,0.0,0.0,0.0
20170126_20170327,702,432,q30,0.0,0.0,0.0
20170126_20170327,702,432,q40,0.0,0.0,0.0
20170126_20170327,704,381,unw,1.0,1.0,0.0
20170126_20170327,704,381,q20,0.0,0.0,0.0
20170126_20170327,704,381,q30,0.0,0.0,0.0
20170126_20170327,704,381,q40,0.0,0.0,0.0
20170126_20170327,726,923,unw,1.0,1.0,0.0
20170126_20170327,726,923,q20,1.0,1.0,0.0
20170126_20170327,726,923,q30,1.0,1.0,0.0
20170126_20170327,726,923,q40,1.0,1.0,0.0
20170126_20170327,775,85,unw,1.0,1.0,0.0
20170126_20170327,775,85,q20,0.0,0.0,0.0
20170126_20170327,775,85,q30,0.0,0.0,0.0
20170126_20170327,775,85,q40,0.0,0.0,0.0
20170126_20170327,782,71,unw,1.0000000000000002,1.0,2.220446049250313e-16
20170126_20170327,782,71,q20,0.0,0.0,0.0
20170126_20170327,782,71,q30,0.0,0.0,0.0
20170126_20170327,782,71,q40,0.0,0.0,0.0
20170126_20170327,808,475,unw,1.0,1.0,0.0
20170126_20170327,808,475,q20,0.16736853524777465,0.16736853122711182,4.020662830450661e-09
20170126_20170327,808,475,q30,0.16736853524777465,0.16736853122711182,4.020662830450661e-09
20170126_20170327,808,475,q40,0.0,0.0,0.0
20170126_20170327,808,1073,unw,0.9999999999999999,1.0,-1.1102230246251565e-16
20170126_20170327,808,1073,q20,0.9999999999999999,1.0,-1.1102230246251565e-16
20170126_20170327,808,1073,q30,0.9999999999999999,1.0,-1.1102230246251565e-16
20170126_20170327,808,1073,q40,0.9999999999999999,1.0,-1.1102230246251565e-16
20170126_20170327,809,309,unw,0.9999999999999999,1.0,-1.1102230246251565e-16
20170126_20170327,809,309,q20,0.08657029531017571,0.08657029271125793,2.5989177754315307e-09
20170126_20170327,809,309,q30,0.08657029531017571,0.08657029271125793,2.5989177754315307e-09
20170126_20170327,809,309,q40,0.08657029531017571,0.08657029271125793,2.5989177754315307e-09
20170126_20170327,817,264,unw,1.0000000000000002,1.0,2.220446049250313e-16
20170126_20170327,817,264,q20,0.0,0.0,0.0
20170126_20170327,817,264,q30,0.0,0.0,0.0
20170126_20170327,817,264,q40,0.0,0.0,0.0
20170126_20170327,819,962,unw,1.0000000000000002,1.0,2.220446049250313e-16
20170126_20170327,819,962,q20,1.0000000000000002,1.0,2.220446049250313e-16
20170126_20170327,819,962,q30,1.0000000000000002,1.0,2.220446049250313e-16
20170126_20170327,819,962,q40,1.0000000000000002,1.0,2.220446049250313e-16
20170126_20170327,854,1271,unw,0.9673326138874558,0.9673326015472412,1.2340214627926116e-08
20170126_20170327,854,1271,q20,0.0,0.0,0.0
20170126_20170327,854,1271,q30,0.0,0.0,0.0
20170126_20170327,854,1271,q40,0.0,0.0,0.0
20170126_20170327,858,1239,unw,0.0,0.0,0.0
20170126_20170327,858,1239,q20,0.0,0.0,0.0
20170126_20170327,858,1239,q30,0.0,0.0,0.0
20170126_20170327,858,1239,q40,0.0,0.0,0.0
20170126_20170327,858,1284,unw,1.0,1.0,0.0
20170126_20170327,858,1284,q20,1.0,1.0,0.0
20170126_20170327,858,1284,q30,0.5263329149599683,0.5263329148292542,1.3071410620568713e-10
20170126_20170327,858,1284,q40,0.43266974586278933,0.4326697587966919,-1.2933902560074984e-08
20170126_20170327,862,325,unw,1.0,1.0,0.0
20170126_20170327,862,325,q20,0.0,0.0,0.0
20170126_20170327,862,325,q30,0.0,0.0,0.0
20170126_20170327,862,325,q40,0.0,0.0,0.0
20170126_20170327,876,907,unw,1.0,1.0,0.0
20170126_20170327,876,907,q20,0.43268348629971176,0.4326834976673126,-1.1367600860623384e-08
20170126_20170327,876,907,q30,0.0,0.0,0.0
20170126_20170327,876,907,q40,0.0,0.0,0.0
20170126_20170327,914,946,unw,1.0,1.0,0.0
20170126_20170327,914,946,q20,0.0,0.0,0.0
20170126_20170327,914,946,q30,0.0,0.0,0.0
20170126_20170327,914,946,q40,0.0,0.0,0.0
20170126_20170327,916,1096,unw,0.9999999999999999,1.0,-1.1102230246251565e-16
20170126_20170327,916,1096,q20,0.0,0.0,0.0
20170126_20170327,916,1096,q30,0.0,0.0,0.0
20170126_20170327,916,1096,q40,0.0,0.0,0.0
20170126_20170327,926,1390,unw,1.0000000000000002,1.0,2.220446049250313e-16
20170126_20170327,926,1390,q20,0.0,0.0,0.0
20170126_20170327,926,1390,q30,0.0,0.0,0.0
20170126_20170327,926,1390,q40,0.0,0.0,0.0
20170126_20170327,943,600,unw,1.0,1.0,0.0
20170126_20170327,943,600,q20,0.0,0.0,0.0
20170126_20170327,943,600,q30,0.0,0.0,0.0
20170126_20170327,943,600,q40,0.0,0.0,0.0
20170126_20170327,958,438,unw,0.9999999999999998,1.0,-2.220446049250313e-16
20170126_20170327,958,438,q20,0.0,0.0,0.0
20170126_20170327,958,438,q30,0.0,0.0,0.0
20170126_20170327,958,438,q40,0.0,0.0,0.0
20170126_20170327,962,497,unw,0.635506373455508,0.6355063915252686,-1.806976057672216e-08
20170126_20170327,962,497,q20,0.0,0.0,0.0
20170126_20170327,962,497,q30,0.0,0.0,0.0
20170126_20170327,962,497,q40,0.0,0.0,0.0
20170126_20170327,969,839,unw,0.9999999999999999,1.0,-1.1102230246251565e-16
20170126_20170327,969,839,q20,0.6352452738965004,0.6352452635765076,1.0319992860274851e-08
20170126_20170327,969,839,q30,0.0,0.0,0.0
20170126_20170327,969,839,q40,0.0,0.0,0.0
20170126_20170327,971,292,unw,0.6327558765409675,0.6327558755874634,9.535041645136744e-10
20170126_20170327,971,292,q20,0.0,0.0,0.0
20170126_20170327,971,292,q30,0.0,0.0,0.0
20170126_20170327,971,292,q40,0.0,0.0,0.0
20170126_20170327,1036,1277,unw,0.0,0.0,0.0
20170126_20170327,1036,1277,q20,0.0,0.0,0.0
20170126_20170327,1036,1277,q30,0.0,0.0,0.0
20170126_20170327,1036,1277,q40,0.0,0.0,0.0
20170126_20170327,1084,312,unw,0.1396850283972028,0.1396850347518921,-6.35468930254568e-09
20170126_20170327,1084,312,q20,0.0,0.0,0.0
20170126_20170327,1084,312,q30,0.0,0.0,0.0
20170126_20170327,1084,312,q40,0.0,0.0,0.0
20170126_20170327,1095,1113,unw,0.0,0.0,0.0
20170126_20170327,1095,1113,q20,0.0,0.0,0.0
20170126_20170327,1095,1113,q30,0.0,0.0,0.0
20170126_20170327,1095,1113,q40,0.0,0.0,0.0
20170126_20170327,1121,1279,unw,0.0,0.0,0.0
20170126_20170327,1121,1279,q20,0.0,0.0,0.0
20170126_20170327,1121,1279,q30,0.0,0.0,0.0
20170126_20170327,1121,1279,q40,0.0,0.0,0.0
20170126_20170327,1122,338,unw,0.9999999999999999,1.0,-1.1102230246251565e-16
20170126_20170327,1122,338,q20,0.0,0.0,0.0
20170126_20170327,1122,338,q30,0.0,0.0,0.0
20170126_20170327,1122,338,q40,0.0,0.0,0.0
20170126_20170327,1156,1253,unw,0.0,0.0,0.0
20170126_20170327,1156,1253,q20,0.0,0.0,0.0
20170126_20170327,1156,1253,q30,0.0,0.0,0.0
20170126_20170327,1156,1253,q40,0.0,0.0,0.0
20170126_20170327,1203,149,unw,0.0,0.0,0.0
20170126_20170327,1203,149,q20,0.0,0.0,0.0
20170126_20170327,1203,149,q30,0.0,0.0,0.0
20170126_20170327,1203,149,q40,0.0,0.0,0.0
20170126_20170327,1203,150,unw,0.0,0.0,0.0
20170126_20170327,1203,150,q20,0.0,0.0,0.0
20170126_20170327,1203,150,q30,0.0,0.0,0.0
20170126_20170327,1203,150,q40,0.0,0.0,0.0
20170126_20170327,1203,151,unw,0.0,0.0,0.0
20170126_20170327,1203,151,q20,0.0,0.0,0.0
20170126_20170327,1203,151,q30,0.0,0.0,0.0
20170126_20170327,1203,151,q40,0.0,0.0,0.0
20170126_20170327,1203,152,unw,0.9642297785561492,0.9642297625541687,1.6001980518431935e-08
20170126_20170327,1203,152,q20,0.0,0.0,0.0
20170126_20170327,1203,152,q30,0.0,0.0,0.0
20170126_20170327,1203,152,q40,0.0,0.0,0.0
20170126_20170327,1203,153,unw,1.0,1.0,0.0
20170126_20170327,1203,153,q20,0.0,0.0,0.0
20170126_20170327,1203,153,q30,0.0,0.0,0.0
20170126_20170327,1203,153,q40,0.0,0.0,0.0
20170126_20170327,1203,154,unw,0.9999999999999999,1.0,-1.1102230246251565e-16
20170126_20170327,1203,154,q20,0.0,0.0,0.0
20170126_20170327,1203,154,q30,0.0,0.0,0.0
20170126_20170327,1203,154,q40,0.0,0.0,0.0
20170126_20170327,1203,155,unw,0.9999999999999999,1.0,-1.1102230246251565e-16
20170126_20170327,1203,155,q20,0.0,0.0,0.0
20170126_20170327,1203,155,q30,0.0,0.0,0.0
20170126_20170327,1203,155,q40,0.0,0.0,0.0
20170126_20170327,1205,1276,unw,0.1596411159336689,0.1596411168575287,-9.238597942218263e-10
20170126_20170327,1205,1276,q20,0.0,0.0,0.0
20170126_20170327,1205,1276,q30,0.0,0.0,0.0
20170126_20170327,1205,1276,q40,0.0,0.0,0.0
20170126_20170327,1239,142,unw,1.0,1.0,0.0
20170126_20170327,1239,142,q20,0.435777550554638,0.43577754497528076,5.579357253981954e-09
20170126_20170327,1239,142,q30,0.0,0.0,0.0
20170126_20170327,1239,142,q40,0.0,0.0,0.0
20170126_20170327,1243,555,unw,0.9999999999999998,1.0,-2.220446049250313e-16
20170126_20170327,1243,555,q20,0.0,0.0,0.0
20170126_20170327,1243,555,q30,0.0,0.0,0.0
20170126_20170327,1243,555,q40,0.0,0.0,0.0
20170126_20170327,1259,906,unw,0.9999999999999998,1.0,-2.220446049250313e-16
20170126_20170327,1259,906,q20,0.9999999999999998,1.0,-2.220446049250313e-16
20170126_20170327,1259,906,q30,0.9999999999999998,1.0,-2.220446049250313e-16
20170126_20170327,1259,906,q40,0.9999999999999998,1.0,-2.220446049250313e-16
20170126_20170327,1267,829,unw,1.0,1.0,0.0
20170126_20170327,1267,829,q20,0.0,0.0,0.0
20170126_20170327,1267,829,q30,0.0,0.0,0.0
20170126_20170327,1267,829,q40,0.0,0.0,0.0
20170126_20170327,1273,1338,unw,0.9999999999999999,1.0,-1.1102230246251565e-16
20170126_20170327,1273,1338,q20,0.19451234272183424,0.19451233744621277,5.275621467459857e-09
20170126_20170327,1273,1338,q30,0.0,0.0,0.0
20170126_20170327,1273,1338,q40,0.0,0.0,0.0
20170126_20170327,1385,725,unw,0.6330719073450465,0.6330718994140625,7.930983980664053e-09
20170126_20170327,1385,725,q20,0.0,0.0,0.0
20170126_20170327,1385,725,q30,0.0,0.0,0.0
20170126_20170327,1385,725,q40,0.0,0.0,0.0
20170126_20170327,1444,502,unw,0.529707728182866,0.5297077298164368,-1.6335707231363017e-09
20170126_20170327,1444,502,q20,0.0,0.0,0.0
20170126_20170327,1444,502,q30,0.0,0.0,0.0
20170126_20170327,1444,502,q40,0.0,0.0,0.0
20170514_20170830,1,151,unw,0.0,0.0,0.0
20170514_20170830,1,151,q20,0.0,0.0,0.0
20170514_20170830,1,151,q30,0.0,0.0,0.0
20170514_20170830,1,151,q40,0.0,0.0,0.0
20170514_20170830,122,1389,unw,0.03210859163521128,0.03210859000682831,1.628382970131348e-09
20170514_20170830,122,1389,q20,0.0,0.0,0.0
20170514_20170830,122,1389,q30,0.0,0.0,0.0
20170514_20170830,122,1389,q40,0.0,0.0,0.0
20170514_20170830,122,1404,unw,0.9999999999999999,1.0,-1.1102230246251565e-16
20170514_20170830,122,1404,q20,0.9999999999999999,1.0,-1.1102230246251565e-16
20170514_20170830,122,1404,q30,0.9999999999999999,1.0,-1.1102230246251565e-16
20170514_20170830,122,1404,q40,0.9999999999999999,1.0,-1.1102230246251565e-16
20170514_20170830,161,1506,unw,1.0,1.0,0.0
20170514_20170830,161,1506,q20,1.0,1.0,0.0
20170514_20170830,161,1506,q30,1.0,1.0,0.0
20170514_20170830,161,1506,q40,1.0,1.0,0.0
20170514_20170830,268,674,unw,0.0,0.0,0.0
20170514_20170830,268,674,q20,0.0,0.0,0.0
20170514_20170830,268,674,q30,0.0,0.0,0.0
20170514_20170830,268,674,q40,0.0,0.0,0.0
20170514_20170830,296,1200,unw,1.0,1.0,0.0
20170514_20170830,296,1200,q20,0.8349695160988653,0.8349695205688477,-4.4699823842364594e-09
20170514_20170830,296,1200,q30,0.0,0.0,0.0
20170514_20170830,296,1200,q40,0.0,0.0,0.0
20170514_20170830,315,1484,unw,0.0,0.0,0.0
20170514_20170830,315,1484,q20,0.0,0.0,0.0
20170514_20170830,315,1484,q30,0.0,0.0,0.0
20170514_20170830,315,1484,q40,0.0,0.0,0.0
20170514_20170830,319,989,unw,0.9999999999999999,1.0,-1.1102230246251565e-16
20170514_20170830,319,989,q20,0.9999999999999999,1.0,-1.1102230246251565e-16
20170514_20170830,319,989,q30,0.9999999999999999,1.0,-1.1102230246251565e-16
20170514_20170830,319,989,q40,0.9999999999999999,1.0,-1.1102230246251565e-16
20170514_20170830,355,494,unw,0.9999999999999999,1.0,-1.1102230246251565e-16
20170514_20170830,355,494,q20,0.0,0.0,0.0
20170514_20170830,355,494,q30,0.0,0.0,0.0
20170514_20170830,355,494,q40,0.0,0.0,0.0
20170514_20170830,360,585,unw,1.0,1.0,0.0
20170514_20170830,360,585,q20,1.0,1.0,0.0
20170514_20170830,360,585,q30,0.8982219561969234,0.8982219696044922,-1.3407568832946026e-08
20170514_20170830,360,585,q40,0.5677104061702328,0.5677103996276855,6.542547281718214e-09
20170514_20170830,377,1190,unw,1.0,1.0,0.0
20170514_20170830,377,1190,q20,0.9778834761158967,0.9778834581375122,1.7978384447836504e-08
20170514_20170830,377,1190,q30,0.3548363215303371,0.3548363149166107,6.613726399873343e-09
20170514_20170830,377,1190,q40,0.0,0.0,0.0
20170514_20170830,381,1261,unw,1.0,1.0,0.0
20170514_20170830,381,1261,q20,0.0,0.0,0.0
20170514_20170830,381,1261,q30,0.0,0.0,0.0
20170514_20170830,381,1261,q40,0.0,0.0,0.0
20170514_20170830,402,544,unw,1.0,1.0,0.0
20170514_20170830,402,544,q20,0.6795289094206669,0.6795288920402527,1.7380414218948204e-08
20170514_20170830,402,544,q30,0.2440582653759837,0.2440582662820816,-9.060978911623607e-10
20170514_20170830,402,544,q40,0.2440582653759837,0.2440582662820816,-9.060978911623607e-10
20170514_20170830,435,730,unw,1.0,1.0,0.0
20170514_20170830,435,730,q20,0.5646713574725573,0.5646713376045227,1.986803455089614e-08
20170514_20170830,435,730,q30,0.0,0.0,0.0
20170514_20170830,435,730,q40,0.0,0.0,0.0
20170514_20170830,454,815,unw,0.9999999999999999,1.0,-1.1102230246251565e-16
20170514_20170830,454,815,q20,0.16763876839682035,0.16763876378536224,4.611458104264443e-09
20170514_20170830,454,815,q30,0.1064948069536747,0.10649480670690536,2.467693410723726e-10
20170514_20170830,454,815,q40,0.1064948069536747,0.10649480670690536,2.467693410723726e-10
20170514_20170830,455,1154,unw,1.0000000000000002,1.0,2.220446049250313e-16
20170514_20170830,455,1154,q20,0.0,0.0,0.0
20170514_20170830,455,1154,q30,0.0,0.0,0.0
20170514_20170830,455,1154,q40,0.0,0.0,0.0
20170514_20170830,475,45,unw,1.0,1.0,0.0
20170514_20170830,475,45,q20,0.0,0.0,0.0
20170514_20170830,475,45,q30,0.0,0.0,0.0
20170514_20170830,475,45,q40,0.0,0.0,0.0
20170514_20170830,477,592,unw,1.0000000000000002,1.0,2.220446049250313e-16
20170514_20170830,477,592,q20,1.0000000000000002,1.0,2.220446049250313e-16
20170514_20170830,477,592,q30,1.0000000000000002,1.0,2.220446049250313e-16
20170514_20170830,477,592,q40,1.0000000000000002,1.0,2.220446049250313e-16
20170514_20170830,488,676,unw,1.0,1.0,0.0
20170514_20170830,488,676,q20,1.0,1.0,0.0
20170514_20170830,488,676,q30,0.5787308856923882,0.5787308812141418,4.478246329320257e-09
20170514_20170830,488,676,q40,0.5787308856923882,0.5787308812141418,4.478246329320257e-09
20170514_20170830,543,580,unw,1.0,1.0,0.0
20170514_20170830,543,580,q20,1.0,1.0,0.0
20170514_20170830,543,580,q30,1.0,1.0,0.0
20170514_20170830,543,580,q40,1.0,1.0,0.0
20170514_20170830,554,1068,unw,0.9999999999999999,1.0,-1.1102230246251565e-16
20170514_20170830,554,1068,q20,0.9999999999999999,1.0,-1.1102230246251565e-16
20170514_20170830,554,1068,q30,0.9999999999999999,1.0,-1.1102230246251565e-16
20170514_20170830,554,1068,q40,0.9999999999999999,1.0,-1.1102230246251565e-16
20170514_20170830,554,1069,unw,1.0,1.0,0.0
20170514_20170830,554,1069,q20,1.0,1.0,0.0
20170514_20170830,554,1069,q30,1.0,1.0,0.0
20170514_20170830,554,1069,q40,1.0,1.0,0.0
20170514_20170830,554,1070,unw,1.0,1.0,0.0
20170514_20170830,554,1070,q20,1.0,1.0,0.0
20170514_20170830,554,1070,q30,1.0,1.0,0.0
20170514_20170830,554,1070,q40,1.0,1.0,0.0
20170514_20170830,554,1071,unw,1.0000000000000002,1.0,2.220446049250313e-16
20170514_20170830,554,1071,q20,1.0000000000000002,1.0,2.220446049250313e-16
20170514_20170830,554,1071,q30,1.0000000000000002,1.0,2.220446049250313e-16
20170514_20170830,554,1071,q40,1.0000000000000002,1.0,2.220446049250313e-16
20170514_20170830,554,1072,unw,1.0,1.0,0.0
20170514_20170830,554,1072,q20,1.0,1.0,0.0
20170514_20170830,554,1072,q30,1.0,1.0,0.0
20170514_20170830,554,1072,q40,0.9816745108058941,0.9816744923591614,1.844673269690844e-08
20170514_20170830,554,1073,unw,0.9999999999999999,1.0,-1.1102230246251565e-16
20170514_20170830,554,1073,q20,0.9999999999999999,1.0,-1.1102230246251565e-16
20170514_20170830,554,1073,q30,0.9999999999999999,1.0,-1.1102230246251565e-16
20170514_20170830,554,1073,q40,0.9793994725168071,0.9793995022773743,-2.9760567121783765e-08
20170514_20170830,554,1075,unw,1.0,1.0,0.0
20170514_20170830,554,1075,q20,1.0,1.0,0.0
20170514_20170830,554,1075,q30,1.0,1.0,0.0
20170514_20170830,554,1075,q40,1.0,1.0,0.0
20170514_20170830,569,436,unw,1.0,1.0,0.0
20170514_20170830,569,436,q20,0.0,0.0,0.0
20170514_20170830,569,436,q30,0.0,0.0,0.0
20170514_20170830,569,436,q40,0.0,0.0,0.0
20170514_20170830,576,1364,unw,1.0000000000000002,1.0,2.220446049250313e-16
20170514_20170830,576,1364,q20,1.0000000000000002,1.0,2.220446049250313e-16
20170514_20170830,576,1364,q30,1.0000000000000002,1.0,2.220446049250313e-16
20170514_20170830,576,1364,q40,0.019776078973164402,0.019776079803705215,-8.305408132069925e-10
20170514_20170830,626,300,unw,1.0,1.0,0.0
20170514_20170830,626,300,q20,1.0,1.0,0.0
20170514_20170830,626,300,q30,0.0,0.0,0.0
20170514_20170830,626,300,q40,0.0,0.0,0.0
20170514_20170830,632,619,unw,1.0,1.0,0.0
20170514_20170830,632,619,q20,0.0,0.0,0.0
20170514_20170830,632,619,q30,0.0,0.0,0.0
20170514_20170830,632,619,q40,0.0,0.0,0.0
20170514_20170830,647,649,unw,1.0,1.0,0.0
20170514_20170830,647,649,q20,0.0,0.0,0.0
20170514_20170830,647,649,q30,0.0,0.0,0.0
20170514_20170830,647,649,q40,0.0,0.0,0.0
20170514_20170830,657,1392,unw,0.0,0.0,0.0
20170514_20170830,657,1392,q20,0.0,0.0,0.0
20170514_20170830,657,1392,q30,0.0,0.0,0.0
20170514_20170830,657,1392,q40,0.0,0.0,0.0
20170514_20170830,677,357,unw,0.7191120230074324,0.7191120386123657,-1.5604933345514382e-08
20170514_20170830,677,357,q20,0.0,0.0,0.0
20170514_20170830,677,357,q30,0.0,0.0,0.0
20170514_20170830,677,357,q40,0.0,0.0,0.0
20170514_20170830,690,367,unw,0.5674584981892241,0.5674585103988647,-1.2209640631866137e-08
20170514_20170830,690,367,q20,0.0,0.0,0.0
20170514_20170830,690,367,q30,0.0,0.0,0.0
20170514_20170830,690,367,q40,0.0,0.0,0.0
20170514_20170830,692,795,unw,1.0000000000000002,1.0,2.220446049250313e-16
20170514_20170830,692,795,q20,0.9923431408908693,0.9923431277275085,1.31633607347581e-08
20170514_20170830,692,795,q30,0.7398339695909186,0.7398339509963989,1.859451970176451e-08
20170514_20170830,692,795,q40,0.7398339695909186,0.7398339509963989,1.859451970176451e-08
20170514_20170830,702,432,unw,0.0,0.0,0.0
20170514_20170830,702,432,q20,0.0,0.0,0.0
20170514_20170830,702,432,q30,0.0,0.0,0.0
20170514_20170830,702,432,q40,0.0,0.0,0.0
20170514_20170830,704,381,unw,1.0,1.0,0.0
20170514_20170830,704,381,q20,0.2279259356091072,0.22792594134807587,-5.7389686614062185e-09
20170514_20170830,704,381,q30,0.0,0.0,0.0
20170514_20170830,704,381,q40,0.0,0.0,0.0
20170514_20170830,726,923,unw,1.0,1.0,0.0
20170514_20170830,726,923,q20,1.0,1.0,0.0
20170514_20170830,726,923,q30,1.0,1.0,0.0
20170514_20170830,726,923,q40,1.0,1.0,0.0
20170514_20170830,775,85,unw,1.0,1.0,0.0
20170514_20170830,775,85,q20,0.0,0.0,0.0
20170514_20170830,775,85,q30,0.0,0.0,0.0
20170514_20170830,775,85,q40,0.0,0.0,0.0
20170514_20170830,782,71,unw,0.9673875772714502,0.9673875570297241,2.0241726073066957e-08
20170514_20170830,782,71,q20,0.0,0.0,0.0
20170514_20170830,782,71,q30,0.0,0.0,0.0
20170514_20170830,782,71,q40,0.0,0.0,0.0
20170514_20170830,808,475,unw,1.0,1.0,0.0
20170514_20170830,808,475,q20,0.16736853524777465,0.16736853122711182,4.020662830450661e-09
20170514_20170830,808,475,q30,0.0,0.0,0.0
20170514_20170830,808,475,q40,0.0,0.0,0.0
20170514_20170830,808,1073,unw,0.9999999999999999,1.0,-1.1102230246251565e-16
20170514_20170830,808,1073,q20,0.9999999999999999,1.0,-1.1102230246251565e-16
20170514_20170830,808,1073,q30,0.9999999999999999,1.0,-1.1102230246251565e-16
20170514_20170830,808,1073,q40,0.9999999999999999,1.0,-1.1102230246251565e-16
20170514_20170830,809,309,unw,0.9999999999999999,1.0,-1.1102230246251565e-16
20170514_20170830,809,309,q20,0.08657029531017571,0.08657029271125793,2.5989177754315307e-09
20170514_20170830,809,309,q30,0.08657029531017571,0.08657029271125793,2.5989177754315307e-09
20170514_20170830,809,309,q40,0.08657029531017571,0.08657029271125793,2.5989177754315307e-09
20170514_20170830,817,264,unw,0.1260896556296657,0.1260896623134613,-6.683795600315179e-09
20170514_20170830,817,264,q20,0.0,0.0,0.0
20170514_20170830,817,264,q30,0.0,0.0,0.0
20170514_20170830,817,264,q40,0.0,0.0,0.0
20170514_20170830,819,962,unw,1.0000000000000002,1.0,2.220446049250313e-16
20170514_20170830,819,962,q20,1.0000000000000002,1.0,2.220446049250313e-16
20170514_20170830,819,962,q30,1.0000000000000002,1.0,2.220446049250313e-16
20170514_20170830,819,962,q40,0.9648481722739647,0.9648481607437134,1.153025130928853e-08
20170514_20170830,854,1271,unw,0.9673326138874558,0.9673326015472412,1.2340214627926116e-08
20170514_20170830,854,1271,q20,0.0,0.0,0.0
20170514_20170830,854,1271,q30,0.0,0.0,0.0
20170514_20170830,854,1271,q40,0.0,0.0,0.0
20170514_20170830,858,1239,unw,0.0,0.0,0.0
20170514_20170830,858,1239,q20,0.0,0.0,0.0
20170514_20170830,858,1239,q30,0.0,0.0,0.0
20170514_20170830,858,1239,q40,0.0,0.0,0.0
20170514_20170830,858,1284,unw,1.0,1.0,0.0
20170514_20170830,858,1284,q20,1.0,1.0,0.0
20170514_20170830,858,1284,q30,0.43266974586278933,0.4326697587966919,-1.2933902560074984e-08
20170514_20170830,858,1284,q40,0.07143144451481818,0.07143144309520721,1.4196109704434079e-09
20170514_20170830,862,325,unw,0.0,0.0,0.0
20170514_20170830,862,325,q20,0.0,0.0,0.0
20170514_20170830,862,325,q30,0.0,0.0,0.0
20170514_20170830,862,325,q40,0.0,0.0,0.0
20170514_20170830,876,907,unw,1.0,1.0,0.0
20170514_20170830,876,907,q20,0.43268348629971176,0.4326834976673126,-1.1367600860623384e-08
20170514_20170830,876,907,q30,0.0,0.0,0.0
20170514_20170830,876,907,q40,0.0,0.0,0.0
20170514_20170830,914,946,unw,1.0,1.0,0.0
20170514_20170830,914,946,q20,0.43516373753472853,0.4351637363433838,1.1913447450773162e-09
20170514_20170830,914,946,q30,0.42092814397071976,0.42092815041542053,-6.444700773045042e-09
20170514_20170830,914,946,q40,0.42092814397071976,0.42092815041542053,-6.444700773045042e-09
20170514_20170830,916,1096,unw,0.9999999999999999,1.0,-1.1102230246251565e-16
20170514_20170830,916,1096,q20,0.0,0.0,0.0
20170514_20170830,916,1096,q30,0.0,0.0,0.0
20170514_20170830,916,1096,q40,0.0,0.0,0.0
20170514_20170830,926,1390,unw,0.0,0.0,0.0
20170514_20170830,926,1390,q20,0.0,0.0,0.0
20170514_20170830,926,1390,q30,0.0,0.0,0.0
20170514_20170830,926,1390,q40,0.0,0.0,0.0
20170514_20170830,943,600,unw,1.0,1.0,0.0
20170514_20170830,943,600,q20,0.0,0.0,0.0
20170514_20170830,943,600,q30,0.0,0.0,0.0
20170514_20170830,943,600,q40,0.0,0.0,0.0
20170514_20170830,958,438,unw,0.16725402967545017,0.1672540307044983,-1.0290481244901173e-09
20170514_20170830,958,438,q20,0.0,0.0,0.0
20170514_20170830,958,438,q30,0.0,0.0,0.0
20170514_20170830,958,438,q40,0.0,0.0,0.0
20170514_20170830,962,497,unw,0.0,0.0,0.0
20170514_20170830,962,497,q20,0.0,0.0,0.0
20170514_20170830,962,497,q30,0.0,0.0,0.0
20170514_20170830,962,497,q40,0.0,0.0,0.0
20170514_20170830,969,839,unw,0.9999999999999999,1.0,-1.1102230246251565e-16
20170514_20170830,969,839,q20,0.0,0.0,0.0
20170514_20170830,969,839,q30,0.0,0.0,0.0
20170514_20170830,969,839,q40,0.0,0.0,0.0
20170514_20170830,971,292,unw,0.0,0.0,0.0
20170514_20170830,971,292,q20,0.0,0.0,0.0
20170514_20170830,971,292,q30,0.0,0.0,0.0
20170514_20170830,971,292,q40,0.0,0.0,0.0
20170514_20170830,1036,1277,unw,0.0,0.0,0.0
20170514_20170830,1036,1277,q20,0.0,0.0,0.0
20170514_20170830,1036,1277,q30,0.0,0.0,0.0
20170514_20170830,1036,1277,q40,0.0,0.0,0.0
20170514_20170830,1084,312,unw,0.0,0.0,0.0
20170514_20170830,1084,312,q20,0.0,0.0,0.0
20170514_20170830,1084,312,q30,0.0,0.0,0.0
20170514_20170830,1084,312,q40,0.0,0.0,0.0
20170514_20170830,1095,1113,unw,1.0,1.0,0.0
20170514_20170830,1095,1113,q20,0.0,0.0,0.0
20170514_20170830,1095,1113,q30,0.0,0.0,0.0
20170514_20170830,1095,1113,q40,0.0,0.0,0.0
20170514_20170830,1121,1279,unw,0.0,0.0,0.0
20170514_20170830,1121,1279,q20,0.0,0.0,0.0
20170514_20170830,1121,1279,q30,0.0,0.0,0.0
20170514_20170830,1121,1279,q40,0.0,0.0,0.0
20170514_20170830,1122,338,unw,0.9999999999999999,1.0,-1.1102230246251565e-16
20170514_20170830,1122,338,q20,0.54692294074011,0.5469229221343994,1.860571063883043e-08
20170514_20170830,1122,338,q30,0.0,0.0,0.0
20170514_20170830,1122,338,q40,0.0,0.0,0.0
20170514_20170830,1156,1253,unw,0.06100438192846005,0.061004381626844406,3.0161564218422754e-10
20170514_20170830,1156,1253,q20,0.0,0.0,0.0
20170514_20170830,1156,1253,q30,0.0,0.0,0.0
20170514_20170830,1156,1253,q40,0.0,0.0,0.0
20170514_20170830,1203,149,unw,0.0,0.0,0.0
20170514_20170830,1203,149,q20,0.0,0.0,0.0
20170514_20170830,1203,149,q30,0.0,0.0,0.0
20170514_20170830,1203,149,q40,0.0,0.0,0.0
20170514_20170830,1203,150,unw,0.0,0.0,0.0
20170514_20170830,1203,150,q20,0.0,0.0,0.0
20170514_20170830,1203,150,q30,0.0,0.0,0.0
20170514_20170830,1203,150,q40,0.0,0.0,0.0
20170514_20170830,1203,151,unw,0.0,0.0,0.0
20170514_20170830,1203,151,q20,0.0,0.0,0.0
20170514_20170830,1203,151,q30,0.0,0.0,0.0
20170514_20170830,1203,151,q40,0.0,0.0,0.0
20170514_20170830,1203,152,unw,0.0,0.0,0.0
20170514_20170830,1203,152,q20,0.0,0.0,0.0
20170514_20170830,1203,152,q30,0.0,0.0,0.0
20170514_20170830,1203,152,q40,0.0,0.0,0.0
20170514_20170830,1203,153,unw,0.764230694699261,0.7642306685447693,2.615449168352768e-08
20170514_20170830,1203,153,q20,0.0,0.0,0.0
20170514_20170830,1203,153,q30,0.0,0.0,0.0
20170514_20170830,1203,153,q40,0.0,0.0,0.0
20170514_20170830,1203,154,unw,0.9999999999999999,1.0,-1.1102230246251565e-16
20170514_20170830,1203,154,q20,0.0,0.0,0.0
20170514_20170830,1203,154,q30,0.0,0.0,0.0
20170514_20170830,1203,154,q40,0.0,0.0,0.0
20170514_20170830,1203,155,unw,0.9999999999999999,1.0,-1.1102230246251565e-16
20170514_20170830,1203,155,q20,0.0,0.0,0.0
20170514_20170830,1203,155,q30,0.0,0.0,0.0
20170514_20170830,1203,155,q40,0.0,0.0,0.0
20170514_20170830,1205,1276,unw,0.4349117993556786,0.4349117875099182,1.1845760372608538e-08
20170514_20170830,1205,1276,q20,0.0,0.0,0.0
20170514_20170830,1205,1276,q30,0.0,0.0,0.0
20170514_20170830,1205,1276,q40,0.0,0.0,0.0
20170514_20170830,1239,142,unw,1.0,1.0,0.0
20170514_20170830,1239,142,q20,0.0,0.0,0.0
20170514_20170830,1239,142,q30,0.0,0.0,0.0
20170514_20170830,1239,142,q40,0.0,0.0,0.0
20170514_20170830,1243,555,unw,0.17810967303537345,0.17810967564582825,-2.610454796769801e-09
20170514_20170830,1243,555,q20,0.0,0.0,0.0
20170514_20170830,1243,555,q30,0.0,0.0,0.0
20170514_20170830,1243,555,q40,0.0,0.0,0.0
20170514_20170830,1259,906,unw,0.9999999999999998,1.0,-2.220446049250313e-16
20170514_20170830,1259,906,q20,0.9999999999999998,1.0,-2.220446049250313e-16
20170514_20170830,1259,906,q30,0.9999999999999998,1.0,-2.220446049250313e-16
20170514_20170830,1259,906,q40,0.9999999999999998,1.0,-2.220446049250313e-16
20170514_20170830,1267,829,unw,1.0,1.0,0.0
20170514_20170830,1267,829,q20,0.0,0.0,0.0
20170514_20170830,1267,829,q30,0.0,0.0,0.0
20170514_20170830,1267,829,q40,0.0,0.0,0.0
20170514_20170830,1273,1338,unw,0.9999999999999999,1.0,-1.1102230246251565e-16
20170514_20170830,1273,1338,q20,0.0,0.0,0.0
20170514_20170830,1273,1338,q30,0.0,0.0,0.0
20170514_20170830,1273,1338,q40,0.0,0.0,0.0
20170514_20170830,1385,725,unw,0.0,0.0,0.0
20170514_20170830,1385,725,q20,0.0,0.0,0.0
20170514_20170830,1385,725,q30,0.0,0.0,0.0
20170514_20170830,1385,725,q40,0.0,0.0,0.0
20170514_20170830,1444,502,unw,1.0,1.0,0.0
20170514_20170830,1444,502,q20,0.0,0.0,0.0
20170514_20170830,1444,502,q30,0.0,0.0,0.0
20170514_20170830,1444,502,q40,0.0,0.0,0.0
20170911_20171017,1,151,unw,0.9272609825395596,0.9272609949111938,-1.2371634272589915e-08
20170911_20171017,1,151,q20,0.0,0.0,0.0
20170911_20171017,1,151,q30,0.0,0.0,0.0
20170911_20171017,1,151,q40,0.0,0.0,0.0
20170911_20171017,122,1389,unw,0.0,0.0,0.0
20170911_20171017,122,1389,q20,0.0,0.0,0.0
20170911_20171017,122,1389,q30,0.0,0.0,0.0
20170911_20171017,122,1389,q40,0.0,0.0,0.0
20170911_20171017,122,1404,unw,0.9999999999999999,1.0,-1.1102230246251565e-16
20170911_20171017,122,1404,q20,0.9999999999999999,1.0,-1.1102230246251565e-16
20170911_20171017,122,1404,q30,0.9999999999999999,1.0,-1.1102230246251565e-16
20170911_20171017,122,1404,q40,0.9999999999999999,1.0,-1.1102230246251565e-16
20170911_20171017,161,1506,unw,1.0,1.0,0.0
20170911_20171017,161,1506,q20,1.0,1.0,0.0
20170911_20171017,161,1506,q30,1.0,1.0,0.0
20170911_20171017,161,1506,q40,1.0,1.0,0.0
20170911_20171017,268,674,unw,0.5144384844746729,0.5144385099411011,-2.546642818845868e-08
20170911_20171017,268,674,q20,0.0,0.0,0.0
20170911_20171017,268,674,q30,0.0,0.0,0.0
20170911_20171017,268,674,q40,0.0,0.0,0.0
20170911_20171017,296,1200,unw,1.0,1.0,0.0
20170911_20171017,296,1200,q20,0.5144673003203813,0.5144672989845276,1.3358537609420296e-09
20170911_20171017,296,1200,q30,0.3678505471058752,0.36785054206848145,5.037393779883104e-09
20170911_20171017,296,1200,q40,0.0853169335794334,0.08531693369150162,-1.120682158184394e-10
20170911_20171017,315,1484,unw,0.0,0.0,0.0
20170911_20171017,315,1484,q20,0.0,0.0,0.0
20170911_20171017,315,1484,q30,0.0,0.0,0.0
20170911_20171017,315,1484,q40,0.0,0.0,0.0
20170911_20171017,319,989,unw,1.0,1.0,0.0
20170911_20171017,319,989,q20,1.0,1.0,0.0
20170911_20171017,319,989,q30,1.0,1.0,0.0
20170911_20171017,319,989,q40,1.0,1.0,0.0
20170911_20171017,355,494,unw,1.0,1.0,0.0
20170911_20171017,355,494,q20,1.0,1.0,0.0
20170911_20171017,355,494,q30,0.16780416982106106,0.16780416667461395,3.1464471028641583e-09
20170911_20171017,355,494,q40,0.0,0.0,0.0
20170911_20171017,360,585,unw,1.0,1.0,0.0
20170911_20171017,360,585,q20,1.0,1.0,0.0
20170911_20171017,360,585,q30,1.0,1.0,0.0
20170911_20171017,360,585,q40,1.0,1.0,0.0
20170911_20171017,377,1190,unw,1.0000000000000002,1.0,2.220446049250313e-16
20170911_20171017,377,1190,q20,0.6115839150396153,0.6115838885307312,2.6508884087839135e-08
20170911_20171017,377,1190,q30,0.6115839150396153,0.6115838885307312,2.6508884087839135e-08
20170911_20171017,377,1190,q40,0.0,0.0,0.0
20170911_20171017,381,1261,unw,1.0,1.0,0.0
20170911_20171017,381,1261,q20,0.0,0.0,0.0
20170911_20171017,381,1261,q30,0.0,0.0,0.0
20170911_20171017,381,1261,q40,0.0,0.0,0.0
20170911_20171017,402,544,unw,1.0,1.0,0.0
20170911_20171017,402,544,q20,0.0,0.0,0.0
20170911_20171017,402,544,q30,0.0,0.0,0.0
20170911_20171017,402,544,q40,0.0,0.0,0.0
20170911_20171017,435,730,unw,1.0,1.0,0.0
20170911_20171017,435,730,q20,1.0,1.0,0.0
20170911_20171017,435,730,q30,1.0,1.0,0.0
20170911_20171017,435,730,q40,0.5677411657208417,0.5677411556243896,1.0096452007779533e-08
20170911_20171017,454,815,unw,0.9925123049765193,0.9925122857093811,1.926713821820414e-08
20170911_20171017,454,815,q20,0.7677259567106139,0.767725944519043,1.2191570974984245e-08
20170911_20171017,454,815,q30,0.7677259567106139,0.767725944519043,1.2191570974984245e-08
20170911_20171017,454,815,q40,0.7677259567106139,0.767725944519043,1.2191570974984245e-08
20170911_20171017,455,1154,unw,0.9999999999999999,1.0,-1.1102230246251565e-16
20170911_20171017,455,1154,q20,0.0,0.0,0.0
20170911_20171017,455,1154,q30,0.0,0.0,0.0
20170911_20171017,455,1154,q40,0.0,0.0,0.0
20170911_20171017,475,45,unw,1.0,1.0,0.0
20170911_20171017,475,45,q20,0.306834567661766,0.3068345785140991,-1.0852333143240855e-08
20170911_20171017,475,45,q30,0.0,0.0,0.0
20170911_20171017,475,45,q40,0.0,0.0,0.0
20170911_20171017,477,592,unw,1.0000000000000002,1.0,2.220446049250313e-16
20170911_20171017,477,592,q20,1.0000000000000002,1.0,2.220446049250313e-16
20170911_20171017,477,592,q30,1.0000000000000002,1.0,2.220446049250313e-16
20170911_20171017,477,592,q40,1.0000000000000002,1.0,2.220446049250313e-16
20170911_20171017,488,676,unw,1.0,1.0,0.0
20170911_20171017,488,676,q20,1.0000000000000002,1.0,2.220446049250313e-16
20170911_20171017,488,676,q30,1.0000000000000002,1.0,2.220446049250313e-16
20170911_20171017,488,676,q40,1.0000000000000002,1.0,2.220446049250313e-16
20170911_20171017,543,580,unw,1.0,1.0,0.0
20170911_20171017,543,580,q20,1.0,1.0,0.0
20170911_20171017,543,580,q30,1.0,1.0,0.0
20170911_20171017,543,580,q40,1.0,1.0,0.0
20170911_20171017,554,1068,unw,1.0,1.0,0.0
20170911_20171017,554,1068,q20,1.0,1.0,0.0
20170911_20171017,554,1068,q30,1.0,1.0,0.0
20170911_20171017,554,1068,q40,1.0,1.0,0.0
20170911_20171017,554,1069,unw,1.0000000000000002,1.0,2.220446049250313e-16
20170911_20171017,554,1069,q20,1.0000000000000002,1.0,2.220446049250313e-16
20170911_20171017,554,1069,q30,1.0000000000000002,1.0,2.220446049250313e-16
20170911_20171017,554,1069,q40,1.0000000000000002,1.0,2.220446049250313e-16
20170911_20171017,554,1070,unw,1.0,1.0,0.0
20170911_20171017,554,1070,q20,0.9999999999999999,1.0,-1.1102230246251565e-16
20170911_20171017,554,1070,q30,0.9999999999999999,1.0,-1.1102230246251565e-16
20170911_20171017,554,1070,q40,0.9999999999999999,1.0,-1.1102230246251565e-16
20170911_20171017,554,1071,unw,1.0,1.0,0.0
20170911_20171017,554,1071,q20,1.0,1.0,0.0
20170911_20171017,554,1071,q30,1.0,1.0,0.0
20170911_20171017,554,1071,q40,1.0,1.0,0.0
20170911_20171017,554,1072,unw,1.0000000000000002,1.0,2.220446049250313e-16
20170911_20171017,554,1072,q20,1.0000000000000002,1.0,2.220446049250313e-16
20170911_20171017,554,1072,q30,1.0000000000000002,1.0,2.220446049250313e-16
20170911_20171017,554,1072,q40,1.0000000000000002,1.0,2.220446049250313e-16
20170911_20171017,554,1073,unw,1.0000000000000002,1.0,2.220446049250313e-16
20170911_20171017,554,1073,q20,1.0000000000000002,1.0,2.220446049250313e-16
20170911_20171017,554,1073,q30,1.0000000000000002,1.0,2.220446049250313e-16
20170911_20171017,554,1073,q40,1.0000000000000002,1.0,2.220446049250313e-16
20170911_20171017,554,1075,unw,1.0,1.0,0.0
20170911_20171017,554,1075,q20,1.0,1.0,0.0
20170911_20171017,554,1075,q30,1.0,1.0,0.0
20170911_20171017,554,1075,q40,1.0,1.0,0.0
20170911_20171017,569,436,unw,0.03236484758241529,0.032364849001169205,-1.4187539129628668e-09
20170911_20171017,569,436,q20,0.0,0.0,0.0
20170911_20171017,569,436,q30,0.0,0.0,0.0
20170911_20171017,569,436,q40,0.0,0.0,0.0
20170911_20171017,576,1364,unw,1.0000000000000002,1.0,2.220446049250313e-16
20170911_20171017,576,1364,q20,1.0000000000000002,1.0,2.220446049250313e-16
20170911_20171017,576,1364,q30,1.0000000000000002,1.0,2.220446049250313e-16
20170911_20171017,576,1364,q40,0.6318044619595015,0.6318044662475586,-4.28805713159619e-09
20170911_20171017,626,300,unw,0.9999999999999998,1.0,-2.220446049250313e-16
20170911_20171017,626,300,q20,0.9999999999999998,1.0,-2.220446049250313e-16
20170911_20171017,626,300,q30,0.08551682544903705,0.08551682531833649,1.307005614847867e-10
20170911_20171017,626,300,q40,0.0,0.0,0.0
20170911_20171017,632,619,unw,1.0000000000000002,1.0,2.220446049250313e-16
20170911_20171017,632,619,q20,0.20864567482888688,0.20864567160606384,3.2228230362196797e-09
20170911_20171017,632,619,q30,0.20864567482888688,0.20864567160606384,3.2228230362196797e-09
20170911_20171017,632,619,q40,0.0,0.0,0.0
20170911_20171017,647,649,unw,1.0,1.0,0.0
20170911_20171017,647,649,q20,1.0,1.0,0.0
20170911_20171017,647,649,q30,0.9675738467164641,0.9675738215446472,2.517181685313119e-08
20170911_20171017,647,649,q40,0.0,0.0,0.0
20170911_20171017,657,1392,unw,0.0,0.0,0.0
20170911_20171017,657,1392,q20,0.0,0.0,0.0
20170911_20171017,657,1392,q30,0.0,0.0,0.0
20170911_20171017,657,1392,q40,0.0,0.0,0.0
20170911_20171017,677,357,unw,1.0,1.0,0.0
20170911_20171017,677,357,q20,0.027017512411123438,0.027017513290047646,-8.789242077200665e-10
20170911_20171017,677,357,q30,0.0,0.0,0.0
20170911_20171017,677,357,q40,0.0,0.0,0.0
20170911_20171017,690,367,unw,0.9999999999999999,1.0,-1.1102230246251565e-16
20170911_20171017,690,367,q20,0.4325883002658808,0.4325883090496063,-8.783725524708075e-09
20170911_20171017,690,367,q30,0.0,0.0,0.0
20170911_20171017,690,367,q40,0.0,0.0,0.0
20170911_20171017,692,795,unw,1.0,1.0,0.0
20170911_20171017,692,795,q20,1.0,1.0,0.0
20170911_20171017,692,795,q30,1.0,1.0,0.0
20170911_20171017,692,795,q40,1.0,1.0,0.0
20170911_20171017,702,432,unw,0.0,0.0,0.0
20170911_20171017,702,432,q20,0.0,0.0,0.0
20170911_20171017,702,432,q30,0.0,0.0,0.0
20170911_20171017,702,432,q40,0.0,0.0,0.0
20170911_20171017,704,381,unw,1.0000000000000002,1.0,2.220446049250313e-16
20170911_20171017,704,381,q20,0.0,0.0,0.0
20170911_20171017,704,381,q30,0.0,0.0,0.0
20170911_20171017,704,381,q40,0.0,0.0,0.0
20170911_20171017,726,923,unw,1.0,1.0,0.0
20170911_20171017,726,923,q20,1.0,1.0,0.0
20170911_20171017,726,923,q30,1.0,1.0,0.0
20170911_20171017,726,923,q40,1.0,1.0,0.0
20170911_20171017,775,85,unw,0.9999999999999999,1.0,-1.1102230246251565e-16
20170911_20171017,775,85,q20,0.0,0.0,0.0
20170911_20171017,775,85,q30,0.0,0.0,0.0
20170911_20171017,775,85,q40,0.0,0.0,0.0
20170911_20171017,782,71,unw,0.0328212822913023,0.032821282744407654,-4.531053518497252e-10
20170911_20171017,782,71,q20,0.0,0.0,0.0
20170911_20171017,782,71,q30,0.0,0.0,0.0
20170911_20171017,782,71,q40,0.0,0.0,0.0
20170911_20171017,808,475,unw,1.0,1.0,0.0
20170911_20171017,808,475,q20,0.7674477287660756,0.7674477100372314,1.8728844142223977e-08
20170911_20171017,808,475,q30,0.7674477287660756,0.7674477100372314,1.8728844142223977e-08
20170911_20171017,808,475,q40,0.0,0.0,0.0
20170911_20171017,808,1073,unw,1.0,1.0,0.0
20170911_20171017,808,1073,q20,1.0,1.0,0.0
20170911_20171017,808,1073,q30,1.0,1.0,0.0
20170911_20171017,808,1073,q40,1.0,1.0,0.0
20170911_20171017,809,309,unw,0.8326335761276265,0.8326335549354553,2.119217112905858e-08
20170911_20171017,809,309,q20,0.0,0.0,0.0
20170911_20171017,809,309,q30,0.0,0.0,0.0
20170911_20171017,809,309,q40,0.0,0.0,0.0
20170911_20171017,817,264,unw,0.36115206218353696,0.3611520528793335,9.304203463234018e-09
20170911_20171017,817,264,q20,0.0,0.0,0.0
20170911_20171017,817,264,q30,0.0,0.0,0.0
20170911_20171017,817,264,q40,0.0,0.0,0.0
20170911_20171017,819,962,unw,1.0,1.0,0.0
20170911_20171017,819,962,q20,1.0,1.0,0.0
20170911_20171017,819,962,q30,0.4325606381917834,0.43256065249443054,-1.4302647122210743e-08
20170911_20171017,819,962,q40,0.4325606381917834,0.43256065249443054,-1.4302647122210743e-08
20170911_20171017,854,1271,unw,0.6241347221490156,0.6241347193717957,2.7772198984976626e-09
20170911_20171017,854,1271,q20,0.0,0.0,0.0
20170911_20171017,854,1271,q30,0.0,0.0,0.0
20170911_20171017,854,1271,q40,0.0,0.0,0.0
20170911_20171017,858,1239,unw,0.0,0.0,0.0
20170911_20171017,858,1239,q20,0.0,0.0,0.0
20170911_20171017,858,1239,q30,0.0,0.0,0.0
20170911_20171017,858,1239,q40,0.0,0.0,0.0
20170911_20171017,858,1284,unw,1.0,1.0,0.0
20170911_20171017,858,1284,q20,1.0,1.0,0.0
20170911_20171017,858,1284,q30,0.0,0.0,0.0
20170911_20171017,858,1284,q40,0.0,0.0,0.0
20170911_20171017,862,325,unw,1.0,1.0,0.0
20170911_20171017,862,325,q20,0.4354094035692764,0.43540939688682556,6.682450814921026e-09
20170911_20171017,862,325,q30,0.0,0.0,0.0
20170911_20171017,862,325,q40,0.0,0.0,0.0
20170911_20171017,876,907,unw,0.9999999999999999,1.0,-1.1102230246251565e-16
20170911_20171017,876,907,q20,0.9999999999999999,1.0,-1.1102230246251565e-16
20170911_20171017,876,907,q30,0.0,0.0,0.0
20170911_20171017,876,907,q40,0.0,0.0,0.0
20170911_20171017,914,946,unw,1.0,1.0,0.0
20170911_20171017,914,946,q20,0.36736483018544824,0.3673648238182068,6.367241456306516e-09
20170911_20171017,914,946,q30,0.0,0.0,0.0
20170911_20171017,914,946,q40,0.0,0.0,0.0
20170911_20171017,916,1096,unw,0.23263715432974472,0.23263715207576752,2.2539771993290714e-09
20170911_20171017,916,1096,q20,0.0,0.0,0.0
20170911_20171017,916,1096,q30,0.0,0.0,0.0
20170911_20171017,916,1096,q40,0.0,0.0,0.0
20170911_20171017,926,1390,unw,0.6326446012109709,0.6326445937156677,7.495303155913291e-09
20170911_20171017,926,1390,q20,0.0,0.0,0.0
20170911_20171017,926,1390,q30,0.0,0.0,0.0
20170911_20171017,926,1390,q40,0.0,0.0,0.0
20170911_20171017,943,600,unw,1.0,1.0,0.0
20170911_20171017,943,600,q20,0.0,0.0,0.0
20170911_20171017,943,600,q30,0.0,0.0,0.0
20170911_20171017,943,600,q40,0.0,0.0,0.0
20170911_20171017,958,438,unw,0.17842923908729244,0.1784292459487915,-6.861499063370857e-09
20170911_20171017,958,438,q20,0.0,0.0,0.0
20170911_20171017,958,438,q30,0.0,0.0,0.0
20170911_20171017,958,438,q40,0.0,0.0,0.0
20170911_20171017,962,497,unw,0.9880668538862393,0.9880668520927429,1.7934963514321112e-09
20170911_20171017,962,497,q20,0.0,0.0,0.0
20170911_20171017,962,497,q30,0.0,0.0,0.0
20170911_20171017,962,497,q40,0.0,0.0,0.0
20170911_20171017,969,839,unw,0.9999999999999999,1.0,-1.1102230246251565e-16
20170911_20171017,969,839,q20,0.0,0.0,0.0
20170911_20171017,969,839,q30,0.0,0.0,0.0
20170911_20171017,969,839,q40,0.0,0.0,0.0
20170911_20171017,971,292,unw,1.0000000000000002,1.0,2.220446049250313e-16
20170911_20171017,971,292,q20,0.0,0.0,0.0
20170911_20171017,971,292,q30,0.0,0.0,0.0
20170911_20171017,971,292,q40,0.0,0.0,0.0
20170911_20171017,1036,1277,unw,1.0,1.0,0.0
20170911_20171017,1036,1277,q20,0.0,0.0,0.0
20170911_20171017,1036,1277,q30,0.0,0.0,0.0
20170911_20171017,1036,1277,q40,0.0,0.0,0.0
20170911_20171017,1084,312,unw,0.0,0.0,0.0
20170911_20171017,1084,312,q20,0.0,0.0,0.0
20170911_20171017,1084,312,q30,0.0,0.0,0.0
20170911_20171017,1084,312,q40,0.0,0.0,0.0
20170911_20171017,1095,1113,unw,1.0,1.0,0.0
20170911_20171017,1095,1113,q20,0.0,0.0,0.0
20170911_20171017,1095,1113,q30,0.0,0.0,0.0
20170911_20171017,1095,1113,q40,0.0,0.0,0.0
20170911_20171017,1121,1279,unw,0.5822933904826182,0.5822933912277222,-7.451039785166813e-10
20170911_20171017,1121,1279,q20,0.0,0.0,0.0
20170911_20171017,1121,1279,q30,0.0,0.0,0.0
20170911_20171017,1121,1279,q40,0.0,0.0,0.0
20170911_20171017,1122,338,unw,1.0,1.0,0.0
20170911_20171017,1122,338,q20,1.0,1.0,0.0
20170911_20171017,1122,338,q30,0.0,0.0,0.0
20170911_20171017,1122,338,q40,0.0,0.0,0.0
20170911_20171017,1156,1253,unw,0.9755331387797724,0.975533127784729,1.0995043431272222e-08
20170911_20171017,1156,1253,q20,0.0,0.0,0.0
20170911_20171017,1156,1253,q30,0.0,0.0,0.0
20170911_20171017,1156,1253,q40,0.0,0.0,0.0
20170911_20171017,1203,149,unw,0.9858194388537489,0.9858194589614868,-2.010773791916165e-08
20170911_20171017,1203,149,q20,0.0,0.0,0.0
20170911_20171017,1203,149,q30,0.0,0.0,0.0
20170911_20171017,1203,149,q40,0.0,0.0,0.0
20170911_20171017,1203,150,unw,0.9999999999999999,1.0,-1.1102230246251565e-16
20170911_20171017,1203,150,q20,0.0,0.0,0.0
20170911_20171017,1203,150,q30,0.0,0.0,0.0
20170911_20171017,1203,150,q40,0.0,0.0,0.0
20170911_20171017,1203,151,unw,1.0,1.0,0.0
20170911_20171017,1203,151,q20,0.0,0.0,0.0
20170911_20171017,1203,151,q30,0.0,0.0,0.0
20170911_20171017,1203,151,q40,0.0,0.0,0.0
20170911_20171017,1203,152,unw,0.7917227820564404,0.7917227745056152,7.55082518733019e-09
20170911_20171017,1203,152,q20,0.0,0.0,0.0
20170911_20171017,1203,152,q30,0.0,0.0,0.0
20170911_20171017,1203,152,q40,0.0,0.0,0.0
20170911_20171017,1203,153,unw,0.4328624420739476,0.43286243081092834,1.1263019239482475e-08
20170911_20171017,1203,153,q20,0.0,0.0,0.0
20170911_20171017,1203,153,q30,0.0,0.0,0.0
20170911_20171017,1203,153,q40,0.0,0.0,0.0
20170911_20171017,1203,154,unw,0.43286244207394753,0.43286243081092834,1.1263019183971323e-08
20170911_20171017,1203,154,q20,0.0,0.0,0.0
20170911_20171017,1203,154,q30,0.0,0.0,0.0
20170911_20171017,1203,154,q40,0.0,0.0,0.0
20170911_20171017,1203,155,unw,0.4328624420739474,0.43286243081092834,1.1263019072949021e-08
20170911_20171017,1203,155,q20,0.0,0.0,0.0
20170911_20171017,1203,155,q30,0.0,0.0,0.0
20170911_20171017,1203,155,q40,0.0,0.0,0.0
20170911_20171017,1205,1276,unw,1.0,1.0,0.0
20170911_20171017,1205,1276,q20,0.0,0.0,0.0
20170911_20171017,1205,1276,q30,0.0,0.0,0.0
20170911_20171017,1205,1276,q40,0.0,0.0,0.0
20170911_20171017,1239,142,unw,0.5671092638168959,0.5671092867851257,-2.2968229873576718e-08
20170911_20171017,1239,142,q20,0.5671092638168959,0.5671092867851257,-2.2968229873576718e-08
20170911_20171017,1239,142,q30,0.0,0.0,0.0
20170911_20171017,1239,142,q40,0.0,0.0,0.0
20170911_20171017,1243,555,unw,0.13910595086384828,0.13910594582557678,5.038271494450797e-09
20170911_20171017,1243,555,q20,0.0,0.0,0.0
20170911_20171017,1243,555,q30,0.0,0.0,0.0
20170911_20171017,1243,555,q40,0.0,0.0,0.0
20170911_20171017,1259,906,unw,0.9999999999999999,1.0,-1.1102230246251565e-16
20170911_20171017,1259,906,q20,0.9999999999999999,1.0,-1.1102230246251565e-16
20170911_20171017,1259,906,q30,0.9999999999999999,1.0,-1.1102230246251565e-16
20170911_20171017,1259,906,q40,0.9999999999999999,1.0,-1.1102230246251565e-16
20170911_20171017,1267,829,unw,1.0,1.0,0.0
20170911_20171017,1267,829,q20,1.0000000000000002,1.0,2.220446049250313e-16
20170911_20171017,1267,829,q30,0.09486800849538476,0.0948680117726326,-3.277247834221342e-09
20170911_20171017,1267,829,q40,0.0,0.0,0.0
20170911_20171017,1273,1338,unw,1.0000000000000002,1.0,2.220446049250313e-16
20170911_20171017,1273,1338,q20,0.0,0.0,0.0
20170911_20171017,1273,1338,q30,0.0,0.0,0.0
20170911_20171017,1273,1338,q40,0.0,0.0,0.0
20170911_20171017,1385,725,unw,1.0,1.0,0.0
20170911_20171017,1385,725,q20,0.0,0.0,0.0
20170911_20171017,1385,725,q30,0.0,0.0,0.0
20170911_20171017,1385,725,q40,0.0,0.0,0.0
20170911_20171017,1444,502,unw,0.0,0.0,0.0
20170911_20171017,1444,502,q20,0.0,0.0,0.0
20170911_20171017,1444,502,q30,0.0,0.0,0.0
20170911_20171017,1444,502,q40,0.0,0.0,0.0
20171204_20171216,1,151,unw,0.0,0.0,0.0
20171204_20171216,1,151,q20,0.0,0.0,0.0
20171204_20171216,1,151,q30,0.0,0.0,0.0
20171204_20171216,1,151,q40,0.0,0.0,0.0
20171204_20171216,122,1389,unw,0.0,0.0,0.0
20171204_20171216,122,1389,q20,0.0,0.0,0.0
20171204_20171216,122,1389,q30,0.0,0.0,0.0
20171204_20171216,122,1389,q40,0.0,0.0,0.0
20171204_20171216,122,1404,unw,0.9999999999999999,1.0,-1.1102230246251565e-16
20171204_20171216,122,1404,q20,0.9999999999999999,1.0,-1.1102230246251565e-16
20171204_20171216,122,1404,q30,0.9999999999999999,1.0,-1.1102230246251565e-16
20171204_20171216,122,1404,q40,0.9999999999999999,1.0,-1.1102230246251565e-16
20171204_20171216,161,1506,unw,1.0,1.0,0.0
20171204_20171216,161,1506,q20,1.0,1.0,0.0
20171204_20171216,161,1506,q30,1.0,1.0,0.0
20171204_20171216,161,1506,q40,1.0,1.0,0.0
20171204_20171216,268,674,unw,0.0,0.0,0.0
20171204_20171216,268,674,q20,0.0,0.0,0.0
20171204_20171216,268,674,q30,0.0,0.0,0.0
20171204_20171216,268,674,q40,0.0,0.0,0.0
20171204_20171216,296,1200,unw,0.84029033321678,0.8402903079986572,2.5218122812198374e-08
20171204_20171216,296,1200,q20,0.84029033321678,0.8402903079986572,2.5218122812198374e-08
20171204_20171216,296,1200,q30,0.8349695160988653,0.8349695205688477,-4.4699823842364594e-09
20171204_20171216,296,1200,q40,0.02692060272244859,0.026920603588223457,-8.657748684637312e-10
20171204_20171216,315,1484,unw,0.0,0.0,0.0
20171204_20171216,315,1484,q20,0.0,0.0,0.0
20171204_20171216,315,1484,q30,0.0,0.0,0.0
20171204_20171216,315,1484,q40,0.0,0.0,0.0
20171204_20171216,319,989,unw,0.9999999999999999,1.0,-1.1102230246251565e-16
20171204_20171216,319,989,q20,0.9999999999999999,1.0,-1.1102230246251565e-16
20171204_20171216,319,989,q30,0.9999999999999999,1.0,-1.1102230246251565e-16
20171204_20171216,319,989,q40,0.9999999999999999,1.0,-1.1102230246251565e-16
20171204_20171216,355,494,unw,0.7404531039372312,0.7404531240463257,-2.010909450067544e-08
20171204_20171216,355,494,q20,0.7404531039372312,0.7404531240463257,-2.010909450067544e-08
20171204_20171216,355,494,q30,0.7404531039372312,0.7404531240463257,-2.010909450067544e-08
20171204_20171216,355,494,q40,0.0,0.0,0.0
20171204_20171216,360,585,unw,1.0,1.0,0.0
20171204_20171216,360,585,q20,1.0,1.0,0.0
20171204_20171216,360,585,q30,1.0,1.0,0.0
20171204_20171216,360,585,q40,1.0,1.0,0.0
20171204_20171216,377,1190,unw,1.0,1.0,0.0
20171204_20171216,377,1190,q20,1.0,1.0,0.0
20171204_20171216,377,1190,q30,1.0,1.0,0.0
20171204_20171216,377,1190,q40,0.3548363215303371,0.3548363149166107,6.613726399873343e-09
20171204_20171216,381,1261,unw,0.0,0.0,0.0
20171204_20171216,381,1261,q20,0.0,0.0,0.0
20171204_20171216,381,1261,q30,0.0,0.0,0.0
20171204_20171216,381,1261,q40,0.0,0.0,0.0
20171204_20171216,402,544,unw,0.49126551995023515,0.49126550555229187,1.4397943282062897e-08
20171204_20171216,402,544,q20,0.49126551995023515,0.49126550555229187,1.4397943282062897e-08
20171204_20171216,402,544,q30,0.49126551995023515,0.49126550555229187,1.4397943282062897e-08
20171204_20171216,402,544,q40,0.2440582653759837,0.2440582662820816,-9.060978911623607e-10
20171204_20171216,435,730,unw,1.0,1.0,0.0
20171204_20171216,435,730,q20,1.0,1.0,0.0
20171204_20171216,435,730,q30,1.0,1.0,0.0
20171204_20171216,435,730,q40,0.5646713574725573,0.5646713376045227,1.986803455089614e-08
20171204_20171216,454,815,unw,0.16763876839682035,0.16763876378536224,4.611458104264443e-09
20171204_20171216,454,815,q20,0.16763876839682035,0.16763876378536224,4.611458104264443e-09
20171204_20171216,454,815,q30,0.16763876839682035,0.16763876378536224,4.611458104264443e-09
20171204_20171216,454,815,q40,0.16763876839682035,0.16763876378536224,4.611458104264443e-09
20171204_20171216,455,1154,unw,0.0,0.0,0.0
20171204_20171216,455,1154,q20,0.0,0.0,0.0
20171204_20171216,455,1154,q30,0.0,0.0,0.0
20171204_20171216,455,1154,q40,0.0,0.0,0.0
20171204_20171216,475,45,unw,0.0,0.0,0.0
20171204_20171216,475,45,q20,0.0,0.0,0.0
20171204_20171216,475,45,q30,0.0,0.0,0.0
20171204_20171216,475,45,q40,0.0,0.0,0.0
20171204_20171216,477,592,unw,1.0000000000000002,1.0,2.220446049250313e-16
20171204_20171216,477,592,q20,1.0000000000000002,1.0,2.220446049250313e-16
20171204_20171216,477,592,q30,1.0000000000000002,1.0,2.220446049250313e-16
20171204_20171216,477,592,q40,1.0000000000000002,1.0,2.220446049250313e-16
20171204_20171216,488,676,unw,1.0,1.0,0.0
20171204_20171216,488,676,q20,1.0,1.0,0.0
20171204_20171216,488,676,q30,1.0,1.0,0.0
20171204_20171216,488,676,q40,1.0,1.0,0.0
20171204_20171216,543,580,unw,1.0,1.0,0.0
20171204_20171216,543,580,q20,1.0,1.0,0.0
20171204_20171216,543,580,q30,1.0,1.0,0.0
20171204_20171216,543,580,q40,1.0,1.0,0.0
20171204_20171216,554,1068,unw,0.9999999999999999,1.0,-1.1102230246251565e-16
20171204_20171216,554,1068,q20,0.9999999999999999,1.0,-1.1102230246251565e-16
20171204_20171216,554,1068,q30,0.9999999999999999,1.0,-1.1102230246251565e-16
20171204_20171216,554,1068,q40,0.9999999999999999,1.0,-1.1102230246251565e-16
20171204_20171216,554,1069,unw,1.0,1.0,0.0
20171204_20171216,554,1069,q20,1.0,1.0,0.0
20171204_20171216,554,1069,q30,1.0,1.0,0.0
20171204_20171216,554,1069,q40,1.0,1.0,0.0
20171204_20171216,554,1070,unw,1.0,1.0,0.0
20171204_20171216,554,1070,q20,1.0,1.0,0.0
20171204_20171216,554,1070,q30,1.0,1.0,0.0
20171204_20171216,554,1070,q40,1.0,1.0,0.0
20171204_20171216,554,1071,unw,1.0000000000000002,1.0,2.220446049250313e-16
20171204_20171216,554,1071,q20,1.0000000000000002,1.0,2.220446049250313e-16
20171204_20171216,554,1071,q30,1.0000000000000002,1.0,2.220446049250313e-16
20171204_20171216,554,1071,q40,1.0000000000000002,1.0,2.220446049250313e-16
20171204_20171216,554,1072,unw,1.0,1.0,0.0
20171204_20171216,554,1072,q20,1.0,1.0,0.0
20171204_20171216,554,1072,q30,1.0,1.0,0.0
20171204_20171216,554,1072,q40,1.0,1.0,0.0
20171204_20171216,554,1073,unw,0.9999999999999999,1.0,-1.1102230246251565e-16
20171204_20171216,554,1073,q20,0.9999999999999999,1.0,-1.1102230246251565e-16
20171204_20171216,554,1073,q30,0.9999999999999999,1.0,-1.1102230246251565e-16
20171204_20171216,554,1073,q40,0.9999999999999999,1.0,-1.1102230246251565e-16
20171204_20171216,554,1075,unw,1.0,1.0,0.0
20171204_20171216,554,1075,q20,1.0,1.0,0.0
20171204_20171216,554,1075,q30,1.0,1.0,0.0
20171204_20171216,554,1075,q40,1.0,1.0,0.0
20171204_20171216,569,436,unw,0.0,0.0,0.0
20171204_20171216,569,436,q20,0.0,0.0,0.0
20171204_20171216,569,436,q30,0.0,0.0,0.0
20171204_20171216,569,436,q40,0.0,0.0,0.0
20171204_20171216,576,1364,unw,1.0000000000000002,1.0,2.220446049250313e-16
20171204_20171216,576,1364,q20,1.0000000000000002,1.0,2.220446049250313e-16
20171204_20171216,576,1364,q30,1.0000000000000002,1.0,2.220446049250313e-16
20171204_20171216,576,1364,q40,1.0000000000000002,1.0,2.220446049250313e-16
20171204_20171216,626,300,unw,1.0,1.0,0.0
20171204_20171216,626,300,q20,1.0,1.0,0.0
20171204_20171216,626,300,q30,1.0,1.0,0.0
20171204_20171216,626,300,q40,0.005340064557551315,0.005340064410120249,1.4743106648701376e-10
20171204_20171216,632,619,unw,0.0,0.0,0.0
20171204_20171216,632,619,q20,0.0,0.0,0.0
20171204_20171216,632,619,q30,0.0,0.0,0.0
20171204_20171216,632,619,q40,0.0,0.0,0.0
20171204_20171216,647,649,unw,1.0,1.0,0.0
20171204_20171216,647,649,q20,1.0,1.0,0.0
20171204_20171216,647,649,q30,1.0,1.0,0.0
20171204_20171216,647,649,q40,0.36749145192830535,0.3674914538860321,-1.9577267584836022e-09
20171204_20171216,657,1392,unw,0.0,0.0,0.0
20171204_20171216,657,1392,q20,0.0,0.0,0.0
20171204_20171216,657,1392,q30,0.0,0.0,0.0
20171204_20171216,657,1392,q40,0.0,0.0,0.0
20171204_20171216,677,357,unw,0.0,0.0,0.0
20171204_20171216,677,357,q20,0.0,0.0,0.0
20171204_20171216,677,357,q30,0.0,0.0,0.0
20171204_20171216,677,357,q40,0.0,0.0,0.0
20171204_20171216,690,367,unw,0.0,0.0,0.0
20171204_20171216,690,367,q20,0.0,0.0,0.0
20171204_20171216,690,367,q30,0.0,0.0,0.0
20171204_20171216,690,367,q40,0.0,0.0,0.0
20171204_20171216,692,795,unw,0.7398339695909186,0.7398339509963989,1.859451970176451e-08
20171204_20171216,692,795,q20,0.7398339695909186,0.7398339509963989,1.859451970176451e-08
20171204_20171216,692,795,q30,0.7398339695909186,0.7398339509963989,1.859451970176451e-08
20171204_20171216,692,795,q40,0.7398339695909186,0.7398339509963989,1.859451970176451e-08
20171204_20171216,702,432,unw,0.0,0.0,0.0
20171204_20171216,702,432,q20,0.0,0.0,0.0
20171204_20171216,702,432,q30,0.0,0.0,0.0
20171204_20171216,702,432,q40,0.0,0.0,0.0
20171204_20171216,704,381,unw,0.7644047610719328,0.7644047737121582,-1.2640225421911566e-08
20171204_20171216,704,381,q20,0.7644047610719328,0.7644047737121582,-1.2640225421911566e-08
20171204_20171216,704,381,q30,0.7395211853350402,0.7395212054252625,-2.0090222263569046e-08
20171204_20171216,704,381,q40,0.0,0.0,0.0
20171204_20171216,726,923,unw,1.0,1.0,0.0
20171204_20171216,726,923,q20,1.0,1.0,0.0
20171204_20171216,726,923,q30,1.0,1.0,0.0
20171204_20171216,726,923,q40,1.0,1.0,0.0
20171204_20171216,775,85,unw,0.0,0.0,0.0
20171204_20171216,775,85,q20,0.0,0.0,0.0
20171204_20171216,775,85,q30,0.0,0.0,0.0
20171204_20171216,775,85,q40,0.0,0.0,0.0
20171204_20171216,782,71,unw,0.0,0.0,0.0
20171204_20171216,782,71,q20,0.0,0.0,0.0
20171204_20171216,782,71,q30,0.0,0.0,0.0
20171204_20171216,782,71,q40,0.0,0.0,0.0
20171204_20171216,808,475,unw,0.16736853524777465,0.16736853122711182,4.020662830450661e-09
20171204_20171216,808,475,q20,0.16736853524777465,0.16736853122711182,4.020662830450661e-09
20171204_20171216,808,475,q30,0.16736853524777465,0.16736853122711182,4.020662830450661e-09
20171204_20171216,808,475,q40,0.16736853524777465,0.16736853122711182,4.020662830450661e-09
20171204_20171216,808,1073,unw,0.9999999999999999,1.0,-1.1102230246251565e-16
20171204_20171216,808,1073,q20,0.9999999999999999,1.0,-1.1102230246251565e-16
20171204_20171216,808,1073,q30,0.9999999999999999,1.0,-1.1102230246251565e-16
20171204_20171216,808,1073,q40,0.9999999999999999,1.0,-1.1102230246251565e-16
20171204_20171216,809,309,unw,0.23565020725897198,0.2356502115726471,-4.3136751115557814e-09
20171204_20171216,809,309,q20,0.23565020725897198,0.2356502115726471,-4.3136751115557814e-09
20171204_20171216,809,309,q30,0.08657029531017571,0.08657029271125793,2.5989177754315307e-09
20171204_20171216,809,309,q40,0.08657029531017571,0.08657029271125793,2.5989177754315307e-09
20171204_20171216,817,264,unw,0.0,0.0,0.0
20171204_20171216,817,264,q20,0.0,0.0,0.0
20171204_20171216,817,264,q30,0.0,0.0,0.0
20171204_20171216,817,264,q40,0.0,0.0,0.0
20171204_20171216,819,962,unw,1.0000000000000002,1.0,2.220446049250313e-16
20171204_20171216,819,962,q20,1.0000000000000002,1.0,2.220446049250313e-16
20171204_20171216,819,962,q30,1.0000000000000002,1.0,2.220446049250313e-16
20171204_20171216,819,962,q40,1.0000000000000002,1.0,2.220446049250313e-16
20171204_20171216,854,1271,unw,0.0,0.0,0.0
20171204_20171216,854,1271,q20,0.0,0.0,0.0
20171204_20171216,854,1271,q30,0.0,0.0,0.0
20171204_20171216,854,1271,q40,0.0,0.0,0.0
20171204_20171216,858,1239,unw,0.0,0.0,0.0
20171204_20171216,858,1239,q20,0.0,0.0,0.0
20171204_20171216,858,1239,q30,0.0,0.0,0.0
20171204_20171216,858,1239,q40,0.0,0.0,0.0
20171204_20171216,858,1284,unw,1.0,1.0,0.0
20171204_20171216,858,1284,q20,1.0,1.0,0.0
20171204_20171216,858,1284,q30,1.0,1.0,0.0
20171204_20171216,858,1284,q40,0.5263329149599683,0.5263329148292542,1.3071410620568713e-10
20171204_20171216,862,325,unw,0.0,0.0,0.0
20171204_20171216,862,325,q20,0.0,0.0,0.0
20171204_20171216,862,325,q30,0.0,0.0,0.0
20171204_20171216,862,325,q40,0.0,0.0,0.0
20171204_20171216,876,907,unw,1.0,1.0,0.0
20171204_20171216,876,907,q20,1.0,1.0,0.0
20171204_20171216,876,907,q30,1.0,1.0,0.0
20171204_20171216,876,907,q40,0.0,0.0,0.0
20171204_20171216,914,946,unw,1.0,1.0,0.0
20171204_20171216,914,946,q20,1.0,1.0,0.0
20171204_20171216,914,946,q30,1.0,1.0,0.0
20171204_20171216,914,946,q40,0.45364133290658026,0.4536413252353668,7.671213442250746e-09
20171204_20171216,916,1096,unw,0.0,0.0,0.0
20171204_20171216,916,1096,q20,0.0,0.0,0.0
20171204_20171216,916,1096,q30,0.0,0.0,0.0
20171204_20171216,916,1096,q40,0.0,0.0,0.0
20171204_20171216,926,1390,unw,0.0,0.0,0.0
20171204_20171216,926,1390,q20,0.0,0.0,0.0
20171204_20171216,926,1390,q30,0.0,0.0,0.0
20171204_20171216,926,1390,q40,0.0,0.0,0.0
20171204_20171216,943,600,unw,0.0,0.0,0.0
20171204_20171216,943,600,q20,0.0,0.0,0.0
20171204_20171216,943,600,q30,0.0,0.0,0.0
20171204_20171216,943,600,q40,0.0,0.0,0.0
20171204_20171216,958,438,unw,0.0,0.0,0.0
20171204_20171216,958,438,q20,0.0,0.0,0.0
20171204_20171216,958,438,q30,0.0,0.0,0.0
20171204_20171216,958,438,q40,0.0,0.0,0.0
20171204_20171216,962,497,unw,0.0,0.0,0.0
20171204_20171216,962,497,q20,0.0,0.0,0.0
20171204_20171216,962,497,q30,0.0,0.0,0.0
20171204_20171216,962,497,q40,0.0,0.0,0.0
20171204_20171216,969,839,unw,0.0,0.0,0.0
20171204_20171216,969,839,q20,0.0,0.0,0.0
20171204_20171216,969,839,q30,0.0,0.0,0.0
20171204_20171216,969,839,q40,0.0,0.0,0.0
20171204_20171216,971,292,unw,0.0,0.0,0.0
20171204_20171216,971,292,q20,0.0,0.0,0.0
20171204_20171216,971,292,q30,0.0,0.0,0.0
20171204_20171216,971,292,q40,0.0,0.0,0.0
20171204_20171216,1036,1277,unw,0.0,0.0,0.0
20171204_20171216,1036,1277,q20,0.0,0.0,0.0
20171204_20171216,1036,1277,q30,0.0,0.0,0.0
20171204_20171216,1036,1277,q40,0.0,0.0,0.0
20171204_20171216,1084,312,unw,0.0,0.0,0.0
20171204_20171216,1084,312,q20,0.0,0.0,0.0
20171204_20171216,1084,312,q30,0.0,0.0,0.0
20171204_20171216,1084,312,q40,0.0,0.0,0.0
20171204_20171216,1095,1113,unw,0.0,0.0,0.0
20171204_20171216,1095,1113,q20,0.0,0.0,0.0
20171204_20171216,1095,1113,q30,0.0,0.0,0.0
20171204_20171216,1095,1113,q40,0.0,0.0,0.0
20171204_20171216,1121,1279,unw,0.0,0.0,0.0
20171204_20171216,1121,1279,q20,0.0,0.0,0.0
20171204_20171216,1121,1279,q30,0.0,0.0,0.0
20171204_20171216,1121,1279,q40,0.0,0.0,0.0
20171204_20171216,1122,338,unw,0.54692294074011,0.5469229221343994,1.860571063883043e-08
20171204_20171216,1122,338,q20,0.54692294074011,0.5469229221343994,1.860571063883043e-08
20171204_20171216,1122,338,q30,0.54692294074011,0.5469229221343994,1.860571063883043e-08
20171204_20171216,1122,338,q40,0.0,0.0,0.0
20171204_20171216,1156,1253,unw,0.0,0.0,0.0
20171204_20171216,1156,1253,q20,0.0,0.0,0.0
20171204_20171216,1156,1253,q30,0.0,0.0,0.0
20171204_20171216,1156,1253,q40,0.0,0.0,0.0
20171204_20171216,1203,149,unw,0.0,0.0,0.0
20171204_20171216,1203,149,q20,0.0,0.0,0.0
20171204_20171216,1203,149,q30,0.0,0.0,0.0
20171204_20171216,1203,149,q40,0.0,0.0,0.0
20171204_20171216,1203,150,unw,0.0,0.0,0.0
20171204_20171216,1203,150,q20,0.0,0.0,0.0
20171204_20171216,1203,150,q30,0.0,0.0,0.0
20171204_20171216,1203,150,q40,0.0,0.0,0.0
20171204_20171216,1203,151,unw,0.0,0.0,0.0
20171204_20171216,1203,151,q20,0.0,0.0,0.0
20171204_20171216,1203,151,q30,0.0,0.0,0.0
20171204_20171216,1203,151,q40,0.0,0.0,0.0
20171204_20171216,1203,152,unw,0.0,0.0,0.0
20171204_20171216,1203,152,q20,0.0,0.0,0.0
20171204_20171216,1203,152,q30,0.0,0.0,0.0
20171204_20171216,1203,152,q40,0.0,0.0,0.0
20171204_20171216,1203,153,unw,0.0,0.0,0.0
20171204_20171216,1203,153,q20,0.0,0.0,0.0
20171204_20171216,1203,153,q30,0.0,0.0,0.0
20171204_20171216,1203,153,q40,0.0,0.0,0.0
20171204_20171216,1203,154,unw,0.0,0.0,0.0
20171204_20171216,1203,154,q20,0.0,0.0,0.0
20171204_20171216,1203,154,q30,0.0,0.0,0.0
20171204_20171216,1203,154,q40,0.0,0.0,0.0
20171204_20171216,1203,155,unw,0.0,0.0,0.0
20171204_20171216,1203,155,q20,0.0,0.0,0.0
20171204_20171216,1203,155,q30,0.0,0.0,0.0
20171204_20171216,1203,155,q40,0.0,0.0,0.0
20171204_20171216,1205,1276,unw,0.0,0.0,0.0
20171204_20171216,1205,1276,q20,0.0,0.0,0.0
20171204_20171216,1205,1276,q30,0.0,0.0,0.0
20171204_20171216,1205,1276,q40,0.0,0.0,0.0
20171204_20171216,1239,142,unw,0.0,0.0,0.0
20171204_20171216,1239,142,q20,0.0,0.0,0.0
20171204_20171216,1239,142,q30,0.0,0.0,0.0
20171204_20171216,1239,142,q40,0.0,0.0,0.0
20171204_20171216,1243,555,unw,0.0,0.0,0.0
20171204_20171216,1243,555,q20,0.0,0.0,0.0
20171204_20171216,1243,555,q30,0.0,0.0,0.0
20171204_20171216,1243,555,q40,0.0,0.0,0.0
20171204_20171216,1259,906,unw,0.9999999999999998,1.0,-2.220446049250313e-16
20171204_20171216,1259,906,q20,0.9999999999999998,1.0,-2.220446049250313e-16
20171204_20171216,1259,906,q30,0.9999999999999998,1.0,-2.220446049250313e-16
20171204_20171216,1259,906,q40,0.9999999999999998,1.0,-2.220446049250313e-16
20171204_20171216,1267,829,unw,0.7670177638745989,0.7670177817344666,-1.785986769586856e-08
20171204_20171216,1267,829,q20,0.7670177638745989,0.7670177817344666,-1.785986769586856e-08
20171204_20171216,1267,829,q30,0.7670177638745989,0.7670177817344666,-1.785986769586856e-08
20171204_20171216,1267,829,q40,0.0,0.0,0.0
20171204_20171216,1273,1338,unw,0.0,0.0,0.0
20171204_20171216,1273,1338,q20,0.0,0.0,0.0
20171204_20171216,1273,1338,q30,0.0,0.0,0.0
20171204_20171216,1273,1338,q40,0.0,0.0,0.0
20171204_20171216,1385,725,unw,0.0,0.0,0.0
20171204_20171216,1385,725,q20,0.0,0.0,0.0
20171204_20171216,1385,725,q30,0.0,0.0,0.0
20171204_20171216,1385,725,q40,0.0,0.0,0.0
20171204_20171216,1444,502,unw,0.0,0.0,0.0
20171204_20171216,1444,502,q20,0.0,0.0,0.0
20171204_20171216,1444,502,q30,0.0,0.0,0.0
20171204_20171216,1444,502,q40,0.0,0.0,0.0
20180202_20180214,1,151,unw,0.904656617558865,0.9046565890312195,2.8527645468123808e-08
20180202_20180214,1,151,q20,0.0,0.0,0.0
20180202_20180214,1,151,q30,0.0,0.0,0.0
20180202_20180214,1,151,q40,0.0,0.0,0.0
20180202_20180214,122,1389,unw,0.0,0.0,0.0
20180202_20180214,122,1389,q20,0.0,0.0,0.0
20180202_20180214,122,1389,q30,0.0,0.0,0.0
20180202_20180214,122,1389,q40,0.0,0.0,0.0
20180202_20180214,122,1404,unw,0.9999999999999999,1.0,-1.1102230246251565e-16
20180202_20180214,122,1404,q20,0.9999999999999999,1.0,-1.1102230246251565e-16
20180202_20180214,122,1404,q30,0.9999999999999999,1.0,-1.1102230246251565e-16
20180202_20180214,122,1404,q40,0.9999999999999999,1.0,-1.1102230246251565e-16
20180202_20180214,161,1506,unw,1.0,1.0,0.0
20180202_20180214,161,1506,q20,1.0,1.0,0.0
20180202_20180214,161,1506,q30,1.0,1.0,0.0
20180202_20180214,161,1506,q40,1.0,1.0,0.0
20180202_20180214,268,674,unw,0.9146574577724313,0.914657473564148,-1.5791716601043504e-08
20180202_20180214,268,674,q20,0.4855615155253271,0.4855615198612213,-4.335894199236634e-09
20180202_20180214,268,674,q30,0.0,0.0,0.0
20180202_20180214,268,674,q40,0.0,0.0,0.0
20180202_20180214,296,1200,unw,1.0,1.0,0.0
20180202_20180214,296,1200,q20,0.5144673003203813,0.5144672989845276,1.3358537609420296e-09
20180202_20180214,296,1200,q30,0.5144673003203813,0.5144672989845276,1.3358537609420296e-09
20180202_20180214,296,1200,q40,0.3678505471058752,0.36785054206848145,5.037393779883104e-09
20180202_20180214,315,1484,unw,0.790871949213814,0.7908719778060913,-2.8592277323546966e-08
20180202_20180214,315,1484,q20,0.0,0.0,0.0
20180202_20180214,315,1484,q30,0.0,0.0,0.0
20180202_20180214,315,1484,q40,0.0,0.0,0.0
20180202_20180214,319,989,unw,1.0,1.0,0.0
20180202_20180214,319,989,q20,1.0,1.0,0.0
20180202_20180214,319,989,q30,1.0,1.0,0.0
20180202_20180214,319,989,q40,1.0,1.0,0.0
20180202_20180214,355,494,unw,1.0,1.0,0.0
20180202_20180214,355,494,q20,1.0,1.0,0.0
20180202_20180214,355,494,q30,1.0,1.0,0.0
20180202_20180214,355,494,q40,0.0,0.0,0.0
20180202_20180214,360,585,unw,1.0,1.0,0.0
20180202_20180214,360,585,q20,1.0,1.0,0.0
20180202_20180214,360,585,q30,1.0,1.0,0.0
20180202_20180214,360,585,q40,1.0,1.0,0.0
20180202_20180214,377,1190,unw,1.0000000000000002,1.0,2.220446049250313e-16
20180202_20180214,377,1190,q20,0.6319412327680551,0.6319412589073181,-2.6139262976343502e-08
20180202_20180214,377,1190,q30,0.6115839150396153,0.6115838885307312,2.6508884087839135e-08
20180202_20180214,377,1190,q40,0.0,0.0,0.0
20180202_20180214,381,1261,unw,1.0,1.0,0.0
20180202_20180214,381,1261,q20,0.7544516350345526,0.7544516324996948,2.534857768132781e-09
20180202_20180214,381,1261,q30,0.5677836068981885,0.5677835941314697,1.2766718793244536e-08
20180202_20180214,381,1261,q40,0.0,0.0,0.0
20180202_20180214,402,544,unw,1.0,1.0,0.0
20180202_20180214,402,544,q20,1.0,1.0,0.0
20180202_20180214,402,544,q30,0.0,0.0,0.0
20180202_20180214,402,544,q40,0.0,0.0,0.0
20180202_20180214,435,730,unw,1.0,1.0,0.0
20180202_20180214,435,730,q20,1.0,1.0,0.0
20180202_20180214,435,730,q30,1.0,1.0,0.0
20180202_20180214,435,730,q40,1.0,1.0,0.0
20180202_20180214,454,815,unw,0.9925123049765193,0.9925122857093811,1.926713821820414e-08
20180202_20180214,454,815,q20,0.7677259567106139,0.767725944519043,1.2191570974984245e-08
20180202_20180214,454,815,q30,0.7677259567106139,0.767725944519043,1.2191570974984245e-08
20180202_20180214,454,815,q40,0.0247487740948177,0.024748774245381355,-1.5056365529342308e-10
20180202_20180214,455,1154,unw,0.9999999999999999,1.0,-1.1102230246251565e-16
20180202_20180214,455,1154,q20,0.3884274424571615,0.3884274363517761,6.105385363941451e-09
20180202_20180214,455,1154,q30,0.0,0.0,0.0
20180202_20180214,455,1154,q40,0.0,0.0,0.0
20180202_20180214,475,45,unw,1.0,1.0,0.0
20180202_20180214,475,45,q20,0.16770985453555923,0.1677098572254181,-2.6898588634249876e-09
20180202_20180214,475,45,q30,0.16770985453555923,0.1677098572254181,-2.6898588634249876e-09
20180202_20180214,475,45,q40,0.0,0.0,0.0
20180202_20180214,477,592,unw,1.0000000000000002,1.0,2.220446049250313e-16
20180202_20180214,477,592,q20,1.0000000000000002,1.0,2.220446049250313e-16
20180202_20180214,477,592,q30,1.0000000000000002,1.0,2.220446049250313e-16
20180202_20180214,477,592,q40,1.0000000000000002,1.0,2.220446049250313e-16
20180202_20180214,488,676,unw,1.0,1.0,0.0
20180202_20180214,488,676,q20,1.0000000000000002,1.0,2.220446049250313e-16
20180202_20180214,488,676,q30,1.0000000000000002,1.0,2.220446049250313e-16
20180202_20180214,488,676,q40,1.0000000000000002,1.0,2.220446049250313e-16
20180202_20180214,543,580,unw,1.0,1.0,0.0
20180202_20180214,543,580,q20,1.0,1.0,0.0
20180202_20180214,543,580,q30,1.0,1.0,0.0
20180202_20180214,543,580,q40,1.0,1.0,0.0
20180202_20180214,554,1068,unw,1.0,1.0,0.0
20180202_20180214,554,1068,q20,1.0,1.0,0.0
20180202_20180214,554,1068,q30,1.0,1.0,0.0
20180202_20180214,554,1068,q40,1.0,1.0,0.0
20180202_20180214,554,1069,unw,1.0000000000000002,1.0,2.220446049250313e-16
20180202_20180214,554,1069,q20,1.0000000000000002,1.0,2.220446049250313e-16
20180202_20180214,554,1069,q30,1.0000000000000002,1.0,2.220446049250313e-16
20180202_20180214,554,1069,q40,1.0000000000000002,1.0,2.220446049250313e-16
20180202_20180214,554,1070,unw,1.0,1.0,0.0
20180202_20180214,554,1070,q20,0.9999999999999999,1.0,-1.1102230246251565e-16
20180202_20180214,554,1070,q30,0.9999999999999999,1.0,-1.1102230246251565e-16
20180202_20180214,554,1070,q40,0.9999999999999999,1.0,-1.1102230246251565e-16
20180202_20180214,554,1071,unw,1.0,1.0,0.0
20180202_20180214,554,1071,q20,1.0,1.0,0.0
20180202_20180214,554,1071,q30,1.0,1.0,0.0
20180202_20180214,554,1071,q40,1.0,1.0,0.0
20180202_20180214,554,1072,unw,1.0000000000000002,1.0,2.220446049250313e-16
20180202_20180214,554,1072,q20,1.0000000000000002,1.0,2.220446049250313e-16
20180202_20180214,554,1072,q30,1.0000000000000002,1.0,2.220446049250313e-16
20180202_20180214,554,1072,q40,1.0000000000000002,1.0,2.220446049250313e-16
20180202_20180214,554,1073,unw,1.0000000000000002,1.0,2.220446049250313e-16
20180202_20180214,554,1073,q20,1.0000000000000002,1.0,2.220446049250313e-16
20180202_20180214,554,1073,q30,1.0000000000000002,1.0,2.220446049250313e-16
20180202_20180214,554,1073,q40,1.0000000000000002,1.0,2.220446049250313e-16
20180202_20180214,554,1075,unw,1.0,1.0,0.0
20180202_20180214,554,1075,q20,1.0,1.0,0.0
20180202_20180214,554,1075,q30,1.0,1.0,0.0
20180202_20180214,554,1075,q40,1.0,1.0,0.0
20180202_20180214,569,436,unw,1.0000000000000002,1.0,2.220446049250313e-16
20180202_20180214,569,436,q20,0.0,0.0,0.0
20180202_20180214,569,436,q30,0.0,0.0,0.0
20180202_20180214,569,436,q40,0.0,0.0,0.0
20180202_20180214,576,1364,unw,1.0000000000000002,1.0,2.220446049250313e-16
20180202_20180214,576,1364,q20,1.0000000000000002,1.0,2.220446049250313e-16
20180202_20180214,576,1364,q30,1.0000000000000002,1.0,2.220446049250313e-16
20180202_20180214,576,1364,q40,1.0000000000000002,1.0,2.220446049250313e-16
20180202_20180214,626,300,unw,0.9999999999999998,1.0,-2.220446049250313e-16
20180202_20180214,626,300,q20,0.9999999999999998,1.0,-2.220446049250313e-16
20180202_20180214,626,300,q30,0.71792564175608,0.7179256677627563,-2.6006676367984483e-08
20180202_20180214,626,300,q40,0.0,0.0,0.0
20180202_20180214,632,619,unw,1.0000000000000002,1.0,2.220446049250313e-16
20180202_20180214,632,619,q20,0.3675864679970414,0.3675864636898041,4.307237344569614e-09
20180202_20180214,632,619,q30,0.20864567482888688,0.20864567160606384,3.2228230362196797e-09
20180202_20180214,632,619,q40,0.0,0.0,0.0
20180202_20180214,647,649,unw,1.0,1.0,0.0
20180202_20180214,647,649,q20,1.0,1.0,0.0
20180202_20180214,647,649,q30,1.0,1.0,0.0
20180202_20180214,647,649,q40,0.9675738467164641,0.9675738215446472,2.517181685313119e-08
20180202_20180214,657,1392,unw,0.899769409668285,0.8997694253921509,-1.572386587600505e-08
20180202_20180214,657,1392,q20,0.0,0.0,0.0
20180202_20180214,657,1392,q30,0.0,0.0,0.0
20180202_20180214,657,1392,q40,0.0,0.0,0.0
20180202_20180214,677,357,unw,1.0,1.0,0.0
20180202_20180214,677,357,q20,0.8325958462399962,0.8325958251953125,2.1044683662374553e-08
20180202_20180214,677,357,q30,0.0,0.0,0.0
20180202_20180214,677,357,q40,0.0,0.0,0.0
20180202_20180214,690,367,unw,0.9999999999999999,1.0,-1.1102230246251565e-16
20180202_20180214,690,367,q20,0.9999999999999999,1.0,-1.1102230246251565e-16
20180202_20180214,690,367,q30,0.4325883002658808,0.4325883090496063,-8.783725524708075e-09
20180202_20180214,690,367,q40,0.0,0.0,0.0
20180202_20180214,692,795,unw,1.0,1.0,0.0
20180202_20180214,692,795,q20,1.0,1.0,0.0
20180202_20180214,692,795,q30,1.0,1.0,0.0
20180202_20180214,692,795,q40,1.0,1.0,0.0
20180202_20180214,702,432,unw,0.9999999999999999,1.0,-1.1102230246251565e-16
20180202_20180214,702,432,q20,0.0,0.0,0.0
20180202_20180214,702,432,q30,0.0,0.0,0.0
20180202_20180214,702,432,q40,0.0,0.0,0.0
20180202_20180214,704,381,unw,1.0000000000000002,1.0,2.220446049250313e-16
20180202_20180214,704,381,q20,0.3059969177078285,0.30599692463874817,-6.930919671521707e-09
20180202_20180214,704,381,q30,0.0,0.0,0.0
20180202_20180214,704,381,q40,0.0,0.0,0.0
20180202_20180214,726,923,unw,1.0,1.0,0.0
20180202_20180214,726,923,q20,1.0,1.0,0.0
20180202_20180214,726,923,q30,1.0,1.0,0.0
20180202_20180214,726,923,q40,1.0,1.0,0.0
20180202_20180214,775,85,unw,0.9999999999999999,1.0,-1.1102230246251565e-16
20180202_20180214,775,85,q20,0.4328099633216026,0.4328099489212036,1.4400398984371066e-08
20180202_20180214,775,85,q30,0.07248444450480995,0.07248444110155106,3.4032588969168387e-09
20180202_20180214,775,85,q40,0.0,0.0,0.0
20180202_20180214,782,71,unw,0.6445922143107455,0.6445922255516052,-1.1240859687511318e-08
20180202_20180214,782,71,q20,0.0,0.0,0.0
20180202_20180214,782,71,q30,0.0,0.0,0.0
20180202_20180214,782,71,q40,0.0,0.0,0.0
20180202_20180214,808,475,unw,1.0,1.0,0.0
20180202_20180214,808,475,q20,1.0,1.0,0.0
20180202_20180214,808,475,q30,0.8994203501471204,0.8994203209877014,2.9159418990509778e-08
20180202_20180214,808,475,q40,0.8994203501471204,0.8994203209877014,2.9159418990509778e-08
20180202_20180214,808,1073,unw,1.0,1.0,0.0
20180202_20180214,808,1073,q20,1.0,1.0,0.0
20180202_20180214,808,1073,q30,1.0,1.0,0.0
20180202_20180214,808,1073,q40,1.0,1.0,0.0
20180202_20180214,809,309,unw,0.8380819357463057,0.838081955909729,-2.016342326438547e-08
20180202_20180214,809,309,q20,0.8055284552296043,0.805528461933136,-6.7035317297126085e-09
20180202_20180214,809,309,q30,0.0,0.0,0.0
20180202_20180214,809,309,q40,0.0,0.0,0.0
20180202_20180214,817,264,unw,0.9999999999999999,1.0,-1.1102230246251565e-16
20180202_20180214,817,264,q20,0.0,0.0,0.0
20180202_20180214,817,264,q30,0.0,0.0,0.0
20180202_20180214,817,264,q40,0.0,0.0,0.0
20180202_20180214,819,962,unw,1.0,1.0,0.0
20180202_20180214,819,962,q20,1.0,1.0,0.0
20180202_20180214,819,962,q30,0.7912506627617004,0.7912506461143494,1.6647351053222792e-08
20180202_20180214,819,962,q40,0.4325606381917834,0.43256065249443054,-1.4302647122210743e-08
20180202_20180214,854,1271,unw,0.9999999999999999,1.0,-1.1102230246251565e-16
20180202_20180214,854,1271,q20,0.0,0.0,0.0
20180202_20180214,854,1271,q30,0.0,0.0,0.0
20180202_20180214,854,1271,q40,0.0,0.0,0.0
20180202_20180214,858,1239,unw,1.0,1.0,0.0
20180202_20180214,858,1239,q20,0.0,0.0,0.0
20180202_20180214,858,1239,q30,0.0,0.0,0.0
20180202_20180214,858,1239,q40,0.0,0.0,0.0
20180202_20180214,858,1284,unw,1.0,1.0,0.0
20180202_20180214,858,1284,q20,1.0,1.0,0.0
20180202_20180214,858,1284,q30,1.0,1.0,0.0
20180202_20180214,858,1284,q40,0.7681323404923603,0.7681323289871216,1.1505238761699843e-08
20180202_20180214,862,325,unw,1.0,1.0,0.0
20180202_20180214,862,325,q20,0.7674052872210341,0.7674052715301514,1.569088270425567e-08
20180202_20180214,862,325,q30,0.4354094035692764,0.43540939688682556,6.682450814921026e-09
20180202_20180214,862,325,q40,0.0,0.0,0.0
20180202_20180214,876,907,unw,0.9999999999999999,1.0,-1.1102230246251565e-16
20180202_20180214,876,907,q20,0.5678361609188005,0.5678361654281616,-4.509361106741494e-09
20180202_20180214,876,907,q30,0.0,0.0,0.0
20180202_20180214,876,907,q40,0.0,0.0,0.0
20180202_20180214,914,946,unw,1.0,1.0,0.0
20180202_20180214,914,946,q20,1.0,1.0,0.0
20180202_20180214,914,946,q30,1.0,1.0,0.0
20180202_20180214,914,946,q40,0.0,0.0,0.0
20180202_20180214,916,1096,unw,1.0,1.0,0.0
20180202_20180214,916,1096,q20,0.0,0.0,0.0
20180202_20180214,916,1096,q30,0.0,0.0,0.0
20180202_20180214,916,1096,q40,0.0,0.0,0.0
20180202_20180214,926,1390,unw,1.0,1.0,0.0
20180202_20180214,926,1390,q20,0.0,0.0,0.0
20180202_20180214,926,1390,q30,0.0,0.0,0.0
20180202_20180214,926,1390,q40,0.0,0.0,0.0
20180202_20180214,943,600,unw,1.0,1.0,0.0
20180202_20180214,943,600,q20,0.12845084969033907,0.12845085561275482,-5.922415752257493e-09
20180202_20180214,943,600,q30,0.0,0.0,0.0
20180202_20180214,943,600,q40,0.0,0.0,0.0
20180202_20180214,958,438,unw,0.9999999999999999,1.0,-1.1102230246251565e-16
20180202_20180214,958,438,q20,0.0,0.0,0.0
20180202_20180214,958,438,q30,0.0,0.0,0.0
20180202_20180214,958,438,q40,0.0,0.0,0.0
20180202_20180214,962,497,unw,0.9999999999999999,1.0,-1.1102230246251565e-16
20180202_20180214,962,497,q20,0.0,0.0,0.0
20180202_20180214,962,497,q30,0.0,0.0,0.0
20180202_20180214,962,497,q40,0.0,0.0,0.0
20180202_20180214,969,839,unw,0.9999999999999999,1.0,-1.1102230246251565e-16
20180202_20180214,969,839,q20,0.013939865625162539,0.013939865864813328,-2.3965078879695234e-10
20180202_20180214,969,839,q30,0.0,0.0,0.0
20180202_20180214,969,839,q40,0.0,0.0,0.0
20180202_20180214,971,292,unw,0.0,0.0,0.0
20180202_20180214,971,292,q20,0.0,0.0,0.0
20180202_20180214,971,292,q30,0.0,0.0,0.0
20180202_20180214,971,292,q40,0.0,0.0,0.0
20180202_20180214,1036,1277,unw,1.0,1.0,0.0
20180202_20180214,1036,1277,q20,0.0,0.0,0.0
20180202_20180214,1036,1277,q30,0.0,0.0,0.0
20180202_20180214,1036,1277,q40,0.0,0.0,0.0
20180202_20180214,1084,312,unw,0.9999999999999999,1.0,-1.1102230246251565e-16
20180202_20180214,1084,312,q20,0.0,0.0,0.0
20180202_20180214,1084,312,q30,0.0,0.0,0.0
20180202_20180214,1084,312,q40,0.0,0.0,0.0
20180202_20180214,1095,1113,unw,0.432777559735183,0.4327775537967682,5.938414815442883e-09
20180202_20180214,1095,1113,q20,0.0,0.0,0.0
20180202_20180214,1095,1113,q30,0.0,0.0,0.0
20180202_20180214,1095,1113,q40,0.0,0.0,0.0
20180202_20180214,1121,1279,unw,0.5681285674967761,0.5681285858154297,-1.83186535940294e-08
20180202_20180214,1121,1279,q20,0.0,0.0,0.0
20180202_20180214,1121,1279,q30,0.0,0.0,0.0
20180202_20180214,1121,1279,q40,0.0,0.0,0.0
20180202_20180214,1122,338,unw,1.0,1.0,0.0
20180202_20180214,1122,338,q20,1.0,1.0,0.0
20180202_20180214,1122,338,q30,1.0,1.0,0.0
20180202_20180214,1122,338,q40,0.6326109381882272,0.6326109170913696,2.109685759421609e-08
20180202_20180214,1156,1253,unw,0.9755331387797724,0.975533127784729,1.0995043431272222e-08
20180202_20180214,1156,1253,q20,0.0,0.0,0.0
20180202_20180214,1156,1253,q30,0.0,0.0,0.0
20180202_20180214,1156,1253,q40,0.0,0.0,0.0
20180202_20180214,1203,149,unw,0.9999999999999999,1.0,-1.1102230246251565e-16
20180202_20180214,1203,149,q20,0.4186818809257916,0.41868188977241516,-8.846623544833676e-09
20180202_20180214,1203,149,q30,0.0,0.0,0.0
20180202_20180214,1203,149,q40,0.0,0.0,0.0
20180202_20180214,1203,150,unw,0.9999999999999999,1.0,-1.1102230246251565e-16
20180202_20180214,1203,150,q20,0.10075264126158875,0.10075264424085617,-2.979267416103326e-09
20180202_20180214,1203,150,q30,0.0,0.0,0.0
20180202_20180214,1203,150,q40,0.0,0.0,0.0
20180202_20180214,1203,151,unw,1.0,1.0,0.0
20180202_20180214,1203,151,q20,0.0,0.0,0.0
20180202_20180214,1203,151,q30,0.0,0.0,0.0
20180202_20180214,1203,151,q40,0.0,0.0,0.0
20180202_20180214,1203,152,unw,0.9999999999999999,1.0,-1.1102230246251565e-16
20180202_20180214,1203,152,q20,0.0,0.0,0.0
20180202_20180214,1203,152,q30,0.0,0.0,0.0
20180202_20180214,1203,152,q40,0.0,0.0,0.0
20180202_20180214,1203,153,unw,1.0,1.0,0.0
20180202_20180214,1203,153,q20,0.0,0.0,0.0
20180202_20180214,1203,153,q30,0.0,0.0,0.0
20180202_20180214,1203,153,q40,0.0,0.0,0.0
20180202_20180214,1203,154,unw,1.0,1.0,0.0
20180202_20180214,1203,154,q20,0.0,0.0,0.0
20180202_20180214,1203,154,q30,0.0,0.0,0.0
20180202_20180214,1203,154,q40,0.0,0.0,0.0
20180202_20180214,1203,155,unw,0.9999999999999999,1.0,-1.1102230246251565e-16
20180202_20180214,1203,155,q20,0.0,0.0,0.0
20180202_20180214,1203,155,q30,0.0,0.0,0.0
20180202_20180214,1203,155,q40,0.0,0.0,0.0
20180202_20180214,1205,1276,unw,0.03286472483650906,0.03286472335457802,1.4819310431568589e-09
20180202_20180214,1205,1276,q20,0.0,0.0,0.0
20180202_20180214,1205,1276,q30,0.0,0.0,0.0
20180202_20180214,1205,1276,q40,0.0,0.0,0.0
20180202_20180214,1239,142,unw,1.0,1.0,0.0
20180202_20180214,1239,142,q20,0.5671092638168959,0.5671092867851257,-2.2968229873576718e-08
20180202_20180214,1239,142,q30,0.0,0.0,0.0
20180202_20180214,1239,142,q40,0.0,0.0,0.0
20180202_20180214,1243,555,unw,0.9999999999999999,1.0,-1.1102230246251565e-16
20180202_20180214,1243,555,q20,0.0,0.0,0.0
20180202_20180214,1243,555,q30,0.0,0.0,0.0
20180202_20180214,1243,555,q40,0.0,0.0,0.0
20180202_20180214,1259,906,unw,0.9999999999999999,1.0,-1.1102230246251565e-16
20180202_20180214,1259,906,q20,0.9999999999999999,1.0,-1.1102230246251565e-16
20180202_20180214,1259,906,q30,0.9999999999999999,1.0,-1.1102230246251565e-16
20180202_20180214,1259,906,q40,0.9999999999999999,1.0,-1.1102230246251565e-16
20180202_20180214,1267,829,unw,1.0,1.0,0.0
20180202_20180214,1267,829,q20,1.0000000000000002,1.0,2.220446049250313e-16
20180202_20180214,1267,829,q30,0.9277806348291971,0.9277806282043457,6.624851445202751e-09
20180202_20180214,1267,829,q40,0.09486800849538476,0.0948680117726326,-3.277247834221342e-09
20180202_20180214,1273,1338,unw,1.0000000000000002,1.0,2.220446049250313e-16
20180202_20180214,1273,1338,q20,0.8329173420998273,0.832917332649231,9.450596305526915e-09
20180202_20180214,1273,1338,q30,0.0,0.0,0.0
20180202_20180214,1273,1338,q40,0.0,0.0,0.0
20180202_20180214,1385,725,unw,1.0,1.0,0.0
20180202_20180214,1385,725,q20,0.0,0.0,0.0
20180202_20180214,1385,725,q30,0.0,0.0,0.0
20180202_20180214,1385,725,q40,0.0,0.0,0.0
20180202_20180214,1444,502,unw,1.0000000000000002,1.0,2.220446049250313e-16
20180202_20180214,1444,502,q20,0.0,0.0,0.0
20180202_20180214,1444,502,q30,0.0,0.0,0.0
20180202_20180214,1444,502,q40,0.0,0.0,0.0
20180608_20190311,1,151,unw,0.39825692567568777,0.39825692772865295,-2.0529651867384757e-09
20180608_20190311,1,151,q20,0.0,0.0,0.0
20180608_20190311,1,151,q30,0.0,0.0,0.0
20180608_20190311,1,151,q40,0.0,0.0,0.0
20180608_20190311,122,1389,unw,0.0,0.0,0.0
20180608_20190311,122,1389,q20,0.0,0.0,0.0
20180608_20190311,122,1389,q30,0.0,0.0,0.0
20180608_20190311,122,1389,q40,0.0,0.0,0.0
20180608_20190311,122,1404,unw,0.9999999999999999,1.0,-1.1102230246251565e-16
20180608_20190311,122,1404,q20,0.9999999999999999,1.0,-1.1102230246251565e-16
20180608_20190311,122,1404,q30,0.9999999999999999,1.0,-1.1102230246251565e-16
20180608_20190311,122,1404,q40,0.9999999999999999,1.0,-1.1102230246251565e-16
20180608_20190311,161,1506,unw,1.0,1.0,0.0
20180608_20190311,161,1506,q20,1.0,1.0,0.0
20180608_20190311,161,1506,q30,1.0,1.0,0.0
20180608_20190311,161,1506,q40,1.0,1.0,0.0
20180608_20190311,268,674,unw,1.0,1.0,0.0
20180608_20190311,268,674,q20,0.0,0.0,0.0
20180608_20190311,268,674,q30,0.0,0.0,0.0
20180608_20190311,268,674,q40,0.0,0.0,0.0
20180608_20190311,296,1200,unw,1.0,1.0,0.0
20180608_20190311,296,1200,q20,0.8080489133764168,0.8080489039421082,9.434308667621849e-09
20180608_20190311,296,1200,q30,0.0,0.0,0.0
20180608_20190311,296,1200,q40,0.0,0.0,0.0
20180608_20190311,315,1484,unw,1.0,1.0,0.0
20180608_20190311,315,1484,q20,0.0,0.0,0.0
20180608_20190311,315,1484,q30,0.0,0.0,0.0
20180608_20190311,315,1484,q40,0.0,0.0,0.0
20180608_20190311,319,989,unw,1.0,1.0,0.0
20180608_20190311,319,989,q20,1.0,1.0,0.0
20180608_20190311,319,989,q30,1.0,1.0,0.0
20180608_20190311,319,989,q40,1.0,1.0,0.0
20180608_20190311,355,494,unw,1.0,1.0,0.0
20180608_20190311,355,494,q20,0.0,0.0,0.0
20180608_20190311,355,494,q30,0.0,0.0,0.0
20180608_20190311,355,494,q40,0.0,0.0,0.0
20180608_20190311,360,585,unw,1.0,1.0,0.0
20180608_20190311,360,585,q20,1.0,1.0,0.0
20180608_20190311,360,585,q30,0.8982219561969232,0.8982219696044922,-1.3407568943968329e-08
20180608_20190311,360,585,q40,0.7645605046806743,0.7645605206489563,-1.596828202998779e-08
20180608_20190311,377,1190,unw,0.7559934890229517,0.7559934854507446,3.572207085689172e-09
20180608_20190311,377,1190,q20,0.0,0.0,0.0
20180608_20190311,377,1190,q30,0.0,0.0,0.0
20180608_20190311,377,1190,q40,0.0,0.0,0.0
20180608_20190311,381,1261,unw,0.9999999999999999,1.0,-1.1102230246251565e-16
20180608_20190311,381,1261,q20,0.0,0.0,0.0
20180608_20190311,381,1261,q30,0.0,0.0,0.0
20180608_20190311,381,1261,q40,0.0,0.0,0.0
20180608_20190311,402,544,unw,1.0,1.0,0.0
20180608_20190311,402,544,q20,0.5645293559553167,0.5645293593406677,-3.385350999529635e-09
20180608_20190311,402,544,q30,0.0,0.0,0.0
20180608_20190311,402,544,q40,0.0,0.0,0.0
20180608_20190311,435,730,unw,1.0,1.0,0.0
20180608_20190311,435,730,q20,0.9999999999999999,1.0,-1.1102230246251565e-16
20180608_20190311,435,730,q30,0.9999999999999999,1.0,-1.1102230246251565e-16
20180608_20190311,435,730,q40,0.0,0.0,0.0
20180608_20190311,454,815,unw,1.0,1.0,0.0
20180608_20190311,454,815,q20,0.6964075581166144,0.6964075565338135,1.582800890354008e-09
20180608_20190311,454,815,q30,0.16763876839682032,0.16763876378536224,4.6114580765088675e-09
20180608_20190311,454,815,q40,0.1064948069536747,0.10649480670690536,2.467693410723726e-10
20180608_20190311,455,1154,unw,0.6332369372215377,0.6332369446754456,-7.453907824306327e-09
20180608_20190311,455,1154,q20,0.0,0.0,0.0
20180608_20190311,455,1154,q30,0.0,0.0,0.0
20180608_20190311,455,1154,q40,0.0,0.0,0.0
20180608_20190311,475,45,unw,1.0,1.0,0.0
20180608_20190311,475,45,q20,0.7676223484861536,0.7676223516464233,-3.160269712587649e-09
20180608_20190311,475,45,q30,0.0,0.0,0.0
20180608_20190311,475,45,q40,0.0,0.0,0.0
20180608_20190311,477,592,unw,1.0,1.0,0.0
20180608_20190311,477,592,q20,1.0000000000000002,1.0,2.220446049250313e-16
20180608_20190311,477,592,q30,1.0000000000000002,1.0,2.220446049250313e-16
20180608_20190311,477,592,q40,1.0000000000000002,1.0,2.220446049250313e-16
20180608_20190311,488,676,unw,1.0,1.0,0.0
20180608_20190311,488,676,q20,1.0,1.0,0.0
20180608_20190311,488,676,q30,1.0,1.0,0.0
20180608_20190311,488,676,q40,0.9858992455277275,0.9858992695808411,-2.405311361197704e-08
20180608_20190311,543,580,unw,1.0,1.0,0.0
20180608_20190311,543,580,q20,1.0,1.0,0.0
20180608_20190311,543,580,q30,1.0,1.0,0.0
20180608_20190311,543,580,q40,1.0,1.0,0.0
20180608_20190311,554,1068,unw,1.0,1.0,0.0
20180608_20190311,554,1068,q20,0.9999999999999999,1.0,-1.1102230246251565e-16
20180608_20190311,554,1068,q30,0.9999999999999999,1.0,-1.1102230246251565e-16
20180608_20190311,554,1068,q40,0.9999999999999999,1.0,-1.1102230246251565e-16
20180608_20190311,554,1069,unw,0.9999999999999999,1.0,-1.1102230246251565e-16
20180608_20190311,554,1069,q20,1.0,1.0,0.0
20180608_20190311,554,1069,q30,1.0,1.0,0.0
20180608_20190311,554,1069,q40,1.0,1.0,0.0
20180608_20190311,554,1070,unw,1.0,1.0,0.0
20180608_20190311,554,1070,q20,1.0,1.0,0.0
20180608_20190311,554,1070,q30,1.0,1.0,0.0
20180608_20190311,554,1070,q40,1.0,1.0,0.0
20180608_20190311,554,1071,unw,1.0,1.0,0.0
20180608_20190311,554,1071,q20,1.0000000000000002,1.0,2.220446049250313e-16
20180608_20190311,554,1071,q30,1.0000000000000002,1.0,2.220446049250313e-16
20180608_20190311,554,1071,q40,1.0000000000000002,1.0,2.220446049250313e-16
20180608_20190311,554,1072,unw,1.0,1.0,0.0
20180608_20190311,554,1072,q20,1.0000000000000002,1.0,2.220446049250313e-16
20180608_20190311,554,1072,q30,1.0000000000000002,1.0,2.220446049250313e-16
20180608_20190311,554,1072,q40,0.43506754295880135,0.4350675344467163,8.512085036826988e-09
20180608_20190311,554,1073,unw,1.0000000000000002,1.0,2.220446049250313e-16
20180608_20190311,554,1073,q20,1.0,1.0,0.0
20180608_20190311,554,1073,q30,1.0,1.0,0.0
20180608_20190311,554,1073,q40,0.0,0.0,0.0
20180608_20190311,554,1075,unw,1.0,1.0,0.0
20180608_20190311,554,1075,q20,1.0,1.0,0.0
20180608_20190311,554,1075,q30,1.0,1.0,0.0
20180608_20190311,554,1075,q40,0.9675616280040189,0.9675616025924683,2.5411550641507574e-08
20180608_20190311,569,436,unw,0.4082363601525659,0.4082363545894623,5.5631036444125925e-09
20180608_20190311,569,436,q20,0.0,0.0,0.0
20180608_20190311,569,436,q30,0.0,0.0,0.0
20180608_20190311,569,436,q40,0.0,0.0,0.0
20180608_20190311,576,1364,unw,1.0000000000000002,1.0,2.220446049250313e-16
20180608_20190311,576,1364,q20,0.9999999999999999,1.0,-1.1102230246251565e-16
20180608_20190311,576,1364,q30,0.9999999999999999,1.0,-1.1102230246251565e-16
20180608_20190311,576,1364,q40,0.45223055802936246,0.4522305727005005,-1.4671138026667307e-08
20180608_20190311,626,300,unw,1.0,1.0,0.0
20180608_20190311,626,300,q20,1.0,1.0,0.0
20180608_20190311,626,300,q30,1.0,1.0,0.0
20180608_20190311,626,300,q40,0.0,0.0,0.0
20180608_20190311,632,619,unw,1.0,1.0,0.0
20180608_20190311,632,619,q20,0.0,0.0,0.0
20180608_20190311,632,619,q30,0.0,0.0,0.0
20180608_20190311,632,619,q40,0.0,0.0,0.0
20180608_20190311,647,649,unw,1.0,1.0,0.0
20180608_20190311,647,649,q20,1.0,1.0,0.0
20180608_20190311,647,649,q30,0.0,0.0,0.0
20180608_20190311,647,649,q40,0.0,0.0,0.0
20180608_20190311,657,1392,unw,0.0,0.0,0.0
20180608_20190311,657,1392,q20,0.0,0.0,0.0
20180608_20190311,657,1392,q30,0.0,0.0,0.0
20180608_20190311,657,1392,q40,0.0,0.0,0.0
20180608_20190311,677,357,unw,0.9999999999999999,1.0,-1.1102230246251565e-16
20180608_20190311,677,357,q20,0.0,0.0,0.0
20180608_20190311,677,357,q30,0.0,0.0,0.0
20180608_20190311,677,357,q40,0.0,0.0,0.0
20180608_20190311,690,367,unw,0.6523289795326065,0.6523289680480957,1.1484510786807789e-08
20180608_20190311,690,367,q20,0.0,0.0,0.0
20180608_20190311,690,367,q30,0.0,0.0,0.0
20180608_20190311,690,367,q40,0.0,0.0,0.0
20180608_20190311,692,795,unw,1.0,1.0,0.0
20180608_20190311,692,795,q20,1.0,1.0,0.0
20180608_20190311,692,795,q30,1.0,1.0,0.0
20180608_20190311,692,795,q40,1.0,1.0,0.0
20180608_20190311,702,432,unw,0.72410490351338,0.7241048812866211,2.2226758877863517e-08
20180608_20190311,702,432,q20,0.0,0.0,0.0
20180608_20190311,702,432,q30,0.0,0.0,0.0
20180608_20190311,702,432,q40,0.0,0.0,0.0
20180608_20190311,704,381,unw,1.0000000000000002,1.0,2.220446049250313e-16
20180608_20190311,704,381,q20,0.0,0.0,0.0
20180608_20190311,704,381,q30,0.0,0.0,0.0
20180608_20190311,704,381,q40,0.0,0.0,0.0
20180608_20190311,726,923,unw,1.0000000000000002,1.0,2.220446049250313e-16
20180608_20190311,726,923,q20,1.0000000000000002,1.0,2.220446049250313e-16
20180608_20190311,726,923,q30,1.0000000000000002,1.0,2.220446049250313e-16
20180608_20190311,726,923,q40,1.0000000000000002,1.0,2.220446049250313e-16
20180608_20190311,775,85,unw,0.9857153536370505,0.9857153296470642,2.3989986330796853e-08
20180608_20190311,775,85,q20,0.0,0.0,0.0
20180608_20190311,775,85,q30,0.0,0.0,0.0
20180608_20190311,775,85,q40,0.0,0.0,0.0
20180608_20190311,782,71,unw,0.0,0.0,0.0
20180608_20190311,782,71,q20,0.0,0.0,0.0
20180608_20190311,782,71,q30,0.0,0.0,0.0
20180608_20190311,782,71,q40,0.0,0.0,0.0
20180608_20190311,808,475,unw,1.0,1.0,0.0
20180608_20190311,808,475,q20,1.0,1.0,0.0
20180608_20190311,808,475,q30,0.0,0.0,0.0
20180608_20190311,808,475,q40,0.0,0.0,0.0
20180608_20190311,808,1073,unw,1.0,1.0,0.0
20180608_20190311,808,1073,q20,0.0,0.0,0.0
20180608_20190311,808,1073,q30,0.0,0.0,0.0
20180608_20190311,808,1073,q40,0.0,0.0,0.0
20180608_20190311,809,309,unw,0.575610225222397,0.5756102204322815,4.790115526454031e-09
20180608_20190311,809,309,q20,0.36736778769321315,0.36736777424812317,1.344508998579741e-08
20180608_20190311,809,309,q30,0.36736778769321315,0.36736777424812317,1.344508998579741e-08
20180608_20190311,809,309,q40,0.36736778769321315,0.36736777424812317,1.344508998579741e-08
20180608_20190311,817,264,unw,0.2574305786266272,0.2574305832386017,-4.611974468993196e-09
20180608_20190311,817,264,q20,0.1260896556296657,0.1260896623134613,-6.683795600315179e-09
20180608_20190311,817,264,q30,0.1260896556296657,0.1260896623134613,-6.683795600315179e-09
20180608_20190311,817,264,q40,0.0,0.0,0.0
20180608_20190311,819,962,unw,1.0,1.0,0.0
20180608_20190311,819,962,q20,1.0000000000000002,1.0,2.220446049250313e-16
20180608_20190311,819,962,q30,0.0,0.0,0.0
20180608_20190311,819,962,q40,0.0,0.0,0.0
20180608_20190311,854,1271,unw,0.0,0.0,0.0
20180608_20190311,854,1271,q20,0.0,0.0,0.0
20180608_20190311,854,1271,q30,0.0,0.0,0.0
20180608_20190311,854,1271,q40,0.0,0.0,0.0
20180608_20190311,858,1239,unw,0.9999999999999999,1.0,-1.1102230246251565e-16
20180608_20190311,858,1239,q20,0.0,0.0,0.0
20180608_20190311,858,1239,q30,0.0,0.0,0.0
20180608_20190311,858,1239,q40,0.0,0.0,0.0
20180608_20190311,858,1284,unw,1.0000000000000002,1.0,2.220446049250313e-16
20180608_20190311,858,1284,q20,1.0,1.0,0.0
20180608_20190311,858,1284,q30,0.1650946136119971,0.16509461402893066,-4.169335710013655e-10
20180608_20190311,858,1284,q40,0.0936631690971789,0.09366317093372345,-1.8365445553225612e-09
20180608_20190311,862,325,unw,1.0,1.0,0.0
20180608_20190311,862,325,q20,0.0,0.0,0.0
20180608_20190311,862,325,q30,0.0,0.0,0.0
20180608_20190311,862,325,q40,0.0,0.0,0.0
20180608_20190311,876,907,unw,1.0,1.0,0.0
20180608_20190311,876,907,q20,0.0,0.0,0.0
20180608_20190311,876,907,q30,0.0,0.0,0.0
20180608_20190311,876,907,q40,0.0,0.0,0.0
20180608_20190311,914,946,unw,0.9999999999999999,1.0,-1.1102230246251565e-16
20180608_20190311,914,946,q20,0.9857644064359911,0.9857643842697144,2.21662767030395e-08
20180608_20190311,914,946,q30,0.0,0.0,0.0
20180608_20190311,914,946,q40,0.0,0.0,0.0
20180608_20190311,916,1096,unw,0.21565114111399086,0.21565113961696625,1.4970246153822586e-09
20180608_20190311,916,1096,q20,0.0,0.0,0.0
20180608_20190311,916,1096,q30,0.0,0.0,0.0
20180608_20190311,916,1096,q40,0.0,0.0,0.0
20180608_20190311,926,1390,unw,0.0,0.0,0.0
20180608_20190311,926,1390,q20,0.0,0.0,0.0
20180608_20190311,926,1390,q30,0.0,0.0,0.0
20180608_20190311,926,1390,q40,0.0,0.0,0.0
20180608_20190311,943,600,unw,0.9444430004055875,0.9444429874420166,1.2963570883428588e-08
20180608_20190311,943,600,q20,0.0,0.0,0.0
20180608_20190311,943,600,q30,0.0,0.0,0.0
20180608_20190311,943,600,q40,0.0,0.0,0.0
20180608_20190311,958,438,unw,0.5919418271110857,0.5919418334960938,-6.385008077813836e-09
20180608_20190311,958,438,q20,0.0,0.0,0.0
20180608_20190311,958,438,q30,0.0,0.0,0.0
20180608_20190311,958,438,q40,0.0,0.0,0.0
20180608_20190311,962,497,unw,0.0,0.0,0.0
20180608_20190311,962,497,q20,0.0,0.0,0.0
20180608_20190311,962,497,q30,0.0,0.0,0.0
20180608_20190311,962,497,q40,0.0,0.0,0.0
20180608_20190311,969,839,unw,1.0,1.0,0.0
20180608_20190311,969,839,q20,0.0,0.0,0.0
20180608_20190311,969,839,q30,0.0,0.0,0.0
20180608_20190311,969,839,q40,0.0,0.0,0.0
20180608_20190311,971,292,unw,0.0,0.0,0.0
20180608_20190311,971,292,q20,0.0,0.0,0.0
20180608_20190311,971,292,q30,0.0,0.0,0.0
20180608_20190311,971,292,q40,0.0,0.0,0.0
20180608_20190311,1036,1277,unw,0.0,0.0,0.0
20180608_20190311,1036,1277,q20,0.0,0.0,0.0
20180608_20190311,1036,1277,q30,0.0,0.0,0.0
20180608_20190311,1036,1277,q40,0.0,0.0,0.0
20180608_20190311,1084,312,unw,0.4594156162082091,0.45941561460494995,1.6032591365622295e-09
20180608_20190311,1084,312,q20,0.0,0.0,0.0
20180608_20190311,1084,312,q30,0.0,0.0,0.0
20180608_20190311,1084,312,q40,0.0,0.0,0.0
20180608_20190311,1095,1113,unw,1.0,1.0,0.0
20180608_20190311,1095,1113,q20,0.0,0.0,0.0
20180608_20190311,1095,1113,q30,0.0,0.0,0.0
20180608_20190311,1095,1113,q40,0.0,0.0,0.0
20180608_20190311,1121,1279,unw,0.8888060908404397,0.8888061046600342,-1.3819594468778007e-08
20180608_20190311,1121,1279,q20,0.0,0.0,0.0
20180608_20190311,1121,1279,q30,0.0,0.0,0.0
20180608_20190311,1121,1279,q40,0.0,0.0,0.0
20180608_20190311,1122,338,unw,0.9999999999999999,1.0,-1.1102230246251565e-16
20180608_20190311,1122,338,q20,0.5825511606667201,0.5825511813163757,-2.0649655652071885e-08
20180608_20190311,1122,338,q30,0.0,0.0,0.0
20180608_20190311,1122,338,q40,0.0,0.0,0.0
20180608_20190311,1156,1253,unw,0.0,0.0,0.0
20180608_20190311,1156,1253,q20,0.0,0.0,0.0
20180608_20190311,1156,1253,q30,0.0,0.0,0.0
20180608_20190311,1156,1253,q40,0.0,0.0,0.0
20180608_20190311,1203,149,unw,0.1192054131363306,0.11920541524887085,-2.1125402538402227e-09
20180608_20190311,1203,149,q20,0.0,0.0,0.0
20180608_20190311,1203,149,q30,0.0,0.0,0.0
20180608_20190311,1203,149,q40,0.0,0.0,0.0
20180608_20190311,1203,150,unw,0.16738718969463676,0.1673871874809265,2.2137102428931854e-09
20180608_20190311,1203,150,q20,0.0,0.0,0.0
20180608_20190311,1203,150,q30,0.0,0.0,0.0
20180608_20190311,1203,150,q40,0.0,0.0,0.0
20180608_20190311,1203,151,unw,0.0,0.0,0.0
20180608_20190311,1203,151,q20,0.0,0.0,0.0
20180608_20190311,1203,151,q30,0.0,0.0,0.0
20180608_20190311,1203,151,q40,0.0,0.0,0.0
20180608_20190311,1203,152,unw,0.0,0.0,0.0
20180608_20190311,1203,152,q20,0.0,0.0,0.0
20180608_20190311,1203,152,q30,0.0,0.0,0.0
20180608_20190311,1203,152,q40,0.0,0.0,0.0
20180608_20190311,1203,153,unw,0.0,0.0,0.0
20180608_20190311,1203,153,q20,0.0,0.0,0.0
20180608_20190311,1203,153,q30,0.0,0.0,0.0
20180608_20190311,1203,153,q40,0.0,0.0,0.0
20180608_20190311,1203,154,unw,0.0,0.0,0.0
20180608_20190311,1203,154,q20,0.0,0.0,0.0
20180608_20190311,1203,154,q30,0.0,0.0,0.0
20180608_20190311,1203,154,q40,0.0,0.0,0.0
20180608_20190311,1203,155,unw,0.4971286003841011,0.49712860584259033,-5.458489216181306e-09
20180608_20190311,1203,155,q20,0.0,0.0,0.0
20180608_20190311,1203,155,q30,0.0,0.0,0.0
20180608_20190311,1203,155,q40,0.0,0.0,0.0
20180608_20190311,1205,1276,unw,0.0,0.0,0.0
20180608_20190311,1205,1276,q20,0.0,0.0,0.0
20180608_20190311,1205,1276,q30,0.0,0.0,0.0
20180608_20190311,1205,1276,q40,0.0,0.0,0.0
20180608_20190311,1239,142,unw,1.0000000000000002,1.0,2.220446049250313e-16
20180608_20190311,1239,142,q20,0.0,0.0,0.0
20180608_20190311,1239,142,q30,0.0,0.0,0.0
20180608_20190311,1239,142,q40,0.0,0.0,0.0
20180608_20190311,1243,555,unw,0.0,0.0,0.0
20180608_20190311,1243,555,q20,0.0,0.0,0.0
20180608_20190311,1243,555,q30,0.0,0.0,0.0
20180608_20190311,1243,555,q40,0.0,0.0,0.0
20180608_20190311,1259,906,unw,1.0,1.0,0.0
20180608_20190311,1259,906,q20,1.0000000000000002,1.0,2.220446049250313e-16
20180608_20190311,1259,906,q30,1.0000000000000002,1.0,2.220446049250313e-16
20180608_20190311,1259,906,q40,1.0000000000000002,1.0,2.220446049250313e-16
20180608_20190311,1267,829,unw,1.0,1.0,0.0
20180608_20190311,1267,829,q20,0.0,0.0,0.0
20180608_20190311,1267,829,q30,0.0,0.0,0.0
20180608_20190311,1267,829,q40,0.0,0.0,0.0
20180608_20190311,1273,1338,unw,1.0,1.0,0.0
20180608_20190311,1273,1338,q20,0.19451234272183424,0.19451233744621277,5.275621467459857e-09
20180608_20190311,1273,1338,q30,0.0,0.0,0.0
20180608_20190311,1273,1338,q40,0.0,0.0,0.0
20180608_20190311,1385,725,unw,0.20940611450660931,0.20940610766410828,6.842501037995774e-09
20180608_20190311,1385,725,q20,0.0,0.0,0.0
20180608_20190311,1385,725,q30,0.0,0.0,0.0
20180608_20190311,1385,725,q40,0.0,0.0,0.0
20180608_20190311,1444,502,unw,0.5264892351547816,0.5264892578125,-2.2657718368179758e-08
20180608_20190311,1444,502,q20,0.07267801234207578,0.07267801463603973,-2.2939639493513297e-09
20180608_20190311,1444,502,q30,0.07267801234207578,0.07267801463603973,-2.2939639493513297e-09
20180608_20190311,1444,502,q40,0.07267801234207578,0.07267801463603973,-2.2939639493513297e-09
20180912_20190329,1,151,unw,0.39825692567568777,0.39825692772865295,-2.0529651867384757e-09
20180912_20190329,1,151,q20,0.0,0.0,0.0
20180912_20190329,1,151,q30,0.0,0.0,0.0
20180912_20190329,1,151,q40,0.0,0.0,0.0
20180912_20190329,122,1389,unw,0.0,0.0,0.0
20180912_20190329,122,1389,q20,0.0,0.0,0.0
20180912_20190329,122,1389,q30,0.0,0.0,0.0
20180912_20190329,122,1389,q40,0.0,0.0,0.0
20180912_20190329,122,1404,unw,0.9999999999999999,1.0,-1.1102230246251565e-16
20180912_20190329,122,1404,q20,0.9999999999999999,1.0,-1.1102230246251565e-16
20180912_20190329,122,1404,q30,0.9999999999999999,1.0,-1.1102230246251565e-16
20180912_20190329,122,1404,q40,0.9999999999999999,1.0,-1.1102230246251565e-16
20180912_20190329,161,1506,unw,1.0,1.0,0.0
20180912_20190329,161,1506,q20,1.0,1.0,0.0
20180912_20190329,161,1506,q30,1.0,1.0,0.0
20180912_20190329,161,1506,q40,1.0,1.0,0.0
20180912_20190329,268,674,unw,0.8190230907512464,0.819023072719574,1.803167237746095e-08
20180912_20190329,268,674,q20,0.0,0.0,0.0
20180912_20190329,268,674,q30,0.0,0.0,0.0
20180912_20190329,268,674,q40,0.0,0.0,0.0
20180912_20190329,296,1200,unw,1.0,1.0,0.0
20180912_20190329,296,1200,q20,0.0,0.0,0.0
20180912_20190329,296,1200,q30,0.0,0.0,0.0
20180912_20190329,296,1200,q40,0.0,0.0,0.0
20180912_20190329,315,1484,unw,1.0,1.0,0.0
20180912_20190329,315,1484,q20,0.0,0.0,0.0
20180912_20190329,315,1484,q30,0.0,0.0,0.0
20180912_20190329,315,1484,q40,0.0,0.0,0.0
20180912_20190329,319,989,unw,1.0,1.0,0.0
20180912_20190329,319,989,q20,1.0,1.0,0.0
20180912_20190329,319,989,q30,1.0,1.0,0.0
20180912_20190329,319,989,q40,1.0,1.0,0.0
20180912_20190329,355,494,unw,0.7185909293647359,0.7185909152030945,1.4161641415100235e-08
20180912_20190329,355,494,q20,0.0,0.0,0.0
20180912_20190329,355,494,q30,0.0,0.0,0.0
20180912_20190329,355,494,q40,0.0,0.0,0.0
20180912_20190329,360,585,unw,1.0,1.0,0.0
20180912_20190329,360,585,q20,1.0,1.0,0.0
20180912_20190329,360,585,q30,1.0,1.0,0.0
20180912_20190329,360,585,q40,0.8982219561969232,0.8982219696044922,-1.3407568943968329e-08
20180912_20190329,377,1190,unw,0.27891200134699473,0.2789120078086853,-6.461690571502032e-09
20180912_20190329,377,1190,q20,0.0,0.0,0.0
20180912_20190329,377,1190,q30,0.0,0.0,0.0
20180912_20190329,377,1190,q40,0.0,0.0,0.0
20180912_20190329,381,1261,unw,0.9999999999999999,1.0,-1.1102230246251565e-16
20180912_20190329,381,1261,q20,0.0,0.0,0.0
20180912_20190329,381,1261,q30,0.0,0.0,0.0
20180912_20190329,381,1261,q40,0.0,0.0,0.0
20180912_20190329,402,544,unw,1.0,1.0,0.0
20180912_20190329,402,544,q20,0.0,0.0,0.0
20180912_20190329,402,544,q30,0.0,0.0,0.0
20180912_20190329,402,544,q40,0.0,0.0,0.0
20180912_20190329,435,730,unw,1.0,1.0,0.0
20180912_20190329,435,730,q20,0.5646713574725573,0.5646713376045227,1.986803455089614e-08
20180912_20190329,435,730,q30,0.0,0.0,0.0
20180912_20190329,435,730,q40,0.0,0.0,0.0
20180912_20190329,454,815,unw,1.0,1.0,0.0
20180912_20190329,454,815,q20,0.6964075581166144,0.6964075565338135,1.582800890354008e-09
20180912_20190329,454,815,q30,0.1064948069536747,0.10649480670690536,2.467693410723726e-10
20180912_20190329,454,815,q40,0.0,0.0,0.0
20180912_20190329,455,1154,unw,0.7307316335540396,0.7307316064834595,2.707058011086616e-08
20180912_20190329,455,1154,q20,0.0,0.0,0.0
20180912_20190329,455,1154,q30,0.0,0.0,0.0
20180912_20190329,455,1154,q40,0.0,0.0,0.0
20180912_20190329,475,45,unw,1.0,1.0,0.0
20180912_20190329,475,45,q20,0.7676223484861536,0.7676223516464233,-3.160269712587649e-09
20180912_20190329,475,45,q30,0.0,0.0,0.0
20180912_20190329,475,45,q40,0.0,0.0,0.0
20180912_20190329,477,592,unw,1.0,1.0,0.0
20180912_20190329,477,592,q20,1.0000000000000002,1.0,2.220446049250313e-16
20180912_20190329,477,592,q30,1.0000000000000002,1.0,2.220446049250313e-16
20180912_20190329,477,592,q40,1.0000000000000002,1.0,2.220446049250313e-16
20180912_20190329,488,676,unw,1.0,1.0,0.0
20180912_20190329,488,676,q20,1.0,1.0,0.0
20180912_20190329,488,676,q30,1.0,1.0,0.0
20180912_20190329,488,676,q40,0.9858992455277275,0.9858992695808411,-2.405311361197704e-08
20180912_20190329,543,580,unw,1.0,1.0,0.0
20180912_20190329,543,580,q20,1.0,1.0,0.0
20180912_20190329,543,580,q30,1.0,1.0,0.0
20180912_20190329,543,580,q40,0.0,0.0,0.0
20180912_20190329,554,1068,unw,1.0,1.0,0.0
20180912_20190329,554,1068,q20,0.9999999999999999,1.0,-1.1102230246251565e-16
20180912_20190329,554,1068,q30,0.9999999999999999,1.0,-1.1102230246251565e-16
20180912_20190329,554,1068,q40,0.9729116792453999,0.9729116559028625,2.3342537347481596e-08
20180912_20190329,554,1069,unw,0.9999999999999999,1.0,-1.1102230246251565e-16
20180912_20190329,554,1069,q20,1.0,1.0,0.0
20180912_20190329,554,1069,q30,1.0,1.0,0.0
20180912_20190329,554,1069,q40,1.0,1.0,0.0
20180912_20190329,554,1070,unw,1.0,1.0,0.0
20180912_20190329,554,1070,q20,1.0,1.0,0.0
20180912_20190329,554,1070,q30,1.0,1.0,0.0
20180912_20190329,554,1070,q40,1.0,1.0,0.0
20180912_20190329,554,1071,unw,1.0,1.0,0.0
20180912_20190329,554,1071,q20,1.0000000000000002,1.0,2.220446049250313e-16
20180912_20190329,554,1071,q30,1.0000000000000002,1.0,2.220446049250313e-16
20180912_20190329,554,1071,q40,1.0000000000000002,1.0,2.220446049250313e-16
20180912_20190329,554,1072,unw,1.0,1.0,0.0
20180912_20190329,554,1072,q20,1.0000000000000002,1.0,2.220446049250313e-16
20180912_20190329,554,1072,q30,1.0000000000000002,1.0,2.220446049250313e-16
20180912_20190329,554,1072,q40,1.0000000000000002,1.0,2.220446049250313e-16
20180912_20190329,554,1073,unw,1.0000000000000002,1.0,2.220446049250313e-16
20180912_20190329,554,1073,q20,1.0,1.0,0.0
20180912_20190329,554,1073,q30,1.0,1.0,0.0
20180912_20190329,554,1073,q40,0.9881621554872116,0.9881621599197388,-4.432527123121588e-09
20180912_20190329,554,1075,unw,1.0,1.0,0.0
20180912_20190329,554,1075,q20,1.0,1.0,0.0
20180912_20190329,554,1075,q30,1.0,1.0,0.0
20180912_20190329,554,1075,q40,0.9675616280040189,0.9675616025924683,2.5411550641507574e-08
20180912_20190329,569,436,unw,1.0000000000000002,1.0,2.220446049250313e-16
20180912_20190329,569,436,q20,0.0,0.0,0.0
20180912_20190329,569,436,q30,0.0,0.0,0.0
20180912_20190329,569,436,q40,0.0,0.0,0.0
20180912_20190329,576,1364,unw,1.0000000000000002,1.0,2.220446049250313e-16
20180912_20190329,576,1364,q20,0.9999999999999999,1.0,-1.1102230246251565e-16
20180912_20190329,576,1364,q30,0.45223055802936246,0.4522305727005005,-1.4671138026667307e-08
20180912_20190329,576,1364,q40,0.019776078973164402,0.019776079803705215,-8.305408132069925e-10
20180912_20190329,626,300,unw,1.0,1.0,0.0
20180912_20190329,626,300,q20,1.0,1.0,0.0
20180912_20190329,626,300,q30,0.1914966506024522,0.19149665534496307,-4.742510884003792e-09
20180912_20190329,626,300,q40,0.0,0.0,0.0
20180912_20190329,632,619,unw,1.0,1.0,0.0
20180912_20190329,632,619,q20,0.0,0.0,0.0
20180912_20190329,632,619,q30,0.0,0.0,0.0
20180912_20190329,632,619,q40,0.0,0.0,0.0
20180912_20190329,647,649,unw,1.0,1.0,0.0
20180912_20190329,647,649,q20,1.0,1.0,0.0
20180912_20190329,647,649,q30,0.0,0.0,0.0
20180912_20190329,647,649,q40,0.0,0.0,0.0
20180912_20190329,657,1392,unw,0.0,0.0,0.0
20180912_20190329,657,1392,q20,0.0,0.0,0.0
20180912_20190329,657,1392,q30,0.0,0.0,0.0
20180912_20190329,657,1392,q40,0.0,0.0,0.0
20180912_20190329,677,357,unw,0.09732370113025003,0.0973237007856369,3.4461312969913394e-10
20180912_20190329,677,357,q20,0.0,0.0,0.0
20180912_20190329,677,357,q30,0.0,0.0,0.0
20180912_20190329,677,357,q40,0.0,0.0,0.0
20180912_20190329,690,367,unw,0.9930765603575946,0.9930765628814697,-2.5238751089062816e-09
20180912_20190329,690,367,q20,0.0,0.0,0.0
20180912_20190329,690,367,q30,0.0,0.0,0.0
20180912_20190329,690,367,q40,0.0,0.0,0.0
20180912_20190329,692,795,unw,1.0,1.0,0.0
20180912_20190329,692,795,q20,1.0,1.0,0.0
20180912_20190329,692,795,q30,1.0,1.0,0.0
20180912_20190329,692,795,q40,1.0,1.0,0.0
20180912_20190329,702,432,unw,0.9999999999999999,1.0,-1.1102230246251565e-16
20180912_20190329,702,432,q20,0.0,0.0,0.0
20180912_20190329,702,432,q30,0.0,0.0,0.0
20180912_20190329,702,432,q40,0.0,0.0,0.0
20180912_20190329,704,381,unw,0.18488489513805162,0.18488489091396332,4.224088301363338e-09
20180912_20190329,704,381,q20,0.006018535630682984,0.006018535699695349,-6.90123643995455e-11
20180912_20190329,704,381,q30,0.006018535630682984,0.006018535699695349,-6.90123643995455e-11
20180912_20190329,704,381,q40,0.0,0.0,0.0
20180912_20190329,726,923,unw,1.0000000000000002,1.0,2.220446049250313e-16
20180912_20190329,726,923,q20,1.0000000000000002,1.0,2.220446049250313e-16
20180912_20190329,726,923,q30,1.0000000000000002,1.0,2.220446049250313e-16
20180912_20190329,726,923,q40,1.0000000000000002,1.0,2.220446049250313e-16
20180912_20190329,775,85,unw,1.0,1.0,0.0
20180912_20190329,775,85,q20,0.0,0.0,0.0
20180912_20190329,775,85,q30,0.0,0.0,0.0
20180912_20190329,775,85,q40,0.0,0.0,0.0
20180912_20190329,782,71,unw,1.0000000000000002,1.0,2.220446049250313e-16
20180912_20190329,782,71,q20,0.0,0.0,0.0
20180912_20190329,782,71,q30,0.0,0.0,0.0
20180912_20190329,782,71,q40,0.0,0.0,0.0
20180912_20190329,808,475,unw,1.0,1.0,0.0
20180912_20190329,808,475,q20,1.0,1.0,0.0
20180912_20190329,808,475,q30,1.0,1.0,0.0
20180912_20190329,808,475,q40,1.0,1.0,0.0
20180912_20190329,808,1073,unw,1.0,1.0,0.0
20180912_20190329,808,1073,q20,0.9999999999999999,1.0,-1.1102230246251565e-16
20180912_20190329,808,1073,q30,0.6350666268253233,0.6350666284561157,-1.6307923900171772e-09
20180912_20190329,808,1073,q40,0.6350666268253233,0.6350666284561157,-1.6307923900171772e-09
20180912_20190329,809,309,unw,0.9999999999999999,1.0,-1.1102230246251565e-16
20180912_20190329,809,309,q20,0.36736778769321315,0.36736777424812317,1.344508998579741e-08
20180912_20190329,809,309,q30,0.36736778769321315,0.36736777424812317,1.344508998579741e-08
20180912_20190329,809,309,q40,0.36736778769321315,0.36736777424812317,1.344508998579741e-08
20180912_20190329,817,264,unw,1.0,1.0,0.0
20180912_20190329,817,264,q20,0.1643158956164266,0.16431589424610138,1.3703252144114941e-09
20180912_20190329,817,264,q30,0.1260896556296657,0.1260896623134613,-6.683795600315179e-09
20180912_20190329,817,264,q40,0.0,0.0,0.0
20180912_20190329,819,962,unw,1.0,1.0,0.0
20180912_20190329,819,962,q20,1.0000000000000002,1.0,2.220446049250313e-16
20180912_20190329,819,962,q30,0.0,0.0,0.0
20180912_20190329,819,962,q40,0.0,0.0,0.0
20180912_20190329,854,1271,unw,1.0,1.0,0.0
20180912_20190329,854,1271,q20,0.0,0.0,0.0
20180912_20190329,854,1271,q30,0.0,0.0,0.0
20180912_20190329,854,1271,q40,0.0,0.0,0.0
20180912_20190329,858,1239,unw,0.14235870786635446,0.1423587054014206,2.464933868129293e-09
20180912_20190329,858,1239,q20,0.0,0.0,0.0
20180912_20190329,858,1239,q30,0.0,0.0,0.0
20180912_20190329,858,1239,q40,0.0,0.0,0.0
20180912_20190329,858,1284,unw,1.0000000000000002,1.0,2.220446049250313e-16
20180912_20190329,858,1284,q20,1.0,1.0,0.0
20180912_20190329,858,1284,q30,0.07143144451481818,0.07143144309520721,1.4196109704434079e-09
20180912_20190329,858,1284,q40,0.0,0.0,0.0
20180912_20190329,862,325,unw,1.0,1.0,0.0
20180912_20190329,862,325,q20,0.0,0.0,0.0
20180912_20190329,862,325,q30,0.0,0.0,0.0
20180912_20190329,862,325,q40,0.0,0.0,0.0
20180912_20190329,876,907,unw,1.0,1.0,0.0
20180912_20190329,876,907,q20,0.0,0.0,0.0
20180912_20190329,876,907,q30,0.0,0.0,0.0
20180912_20190329,876,907,q40,0.0,0.0,0.0
20180912_20190329,914,946,unw,0.9999999999999999,1.0,-1.1102230246251565e-16
20180912_20190329,914,946,q20,0.5648362624652713,0.5648362636566162,-1.19134491161077e-09
20180912_20190329,914,946,q30,0.0,0.0,0.0
20180912_20190329,914,946,q40,0.0,0.0,0.0
20180912_20190329,916,1096,unw,0.0,0.0,0.0
20180912_20190329,916,1096,q20,0.0,0.0,0.0
20180912_20190329,916,1096,q30,0.0,0.0,0.0
20180912_20190329,916,1096,q40,0.0,0.0,0.0
20180912_20190329,926,1390,unw,1.0,1.0,0.0
20180912_20190329,926,1390,q20,0.0,0.0,0.0
20180912_20190329,926,1390,q30,0.0,0.0,0.0
20180912_20190329,926,1390,q40,0.0,0.0,0.0
20180912_20190329,943,600,unw,1.0,1.0,0.0
20180912_20190329,943,600,q20,0.0,0.0,0.0
20180912_20190329,943,600,q30,0.0,0.0,0.0
20180912_20190329,943,600,q40,0.0,0.0,0.0
20180912_20190329,958,438,unw,0.0,0.0,0.0
20180912_20190329,958,438,q20,0.0,0.0,0.0
20180912_20190329,958,438,q30,0.0,0.0,0.0
20180912_20190329,958,438,q40,0.0,0.0,0.0
20180912_20190329,962,497,unw,0.0,0.0,0.0
20180912_20190329,962,497,q20,0.0,0.0,0.0
20180912_20190329,962,497,q30,0.0,0.0,0.0
20180912_20190329,962,497,q40,0.0,0.0,0.0
20180912_20190329,969,839,unw,1.0,1.0,0.0
20180912_20190329,969,839,q20,0.0,0.0,0.0
20180912_20190329,969,839,q30,0.0,0.0,0.0
20180912_20190329,969,839,q40,0.0,0.0,0.0
20180912_20190329,971,292,unw,0.8044871951801722,0.8044871687889099,2.639126228665134e-08
20180912_20190329,971,292,q20,0.0,0.0,0.0
20180912_20190329,971,292,q30,0.0,0.0,0.0
20180912_20190329,971,292,q40,0.0,0.0,0.0
20180912_20190329,1036,1277,unw,0.0337388242170809,0.03373882547020912,-1.2531282192473903e-09
20180912_20190329,1036,1277,q20,0.0,0.0,0.0
20180912_20190329,1036,1277,q30,0.0,0.0,0.0
20180912_20190329,1036,1277,q40,0.0,0.0,0.0
20180912_20190329,1084,312,unw,0.8549365768819971,0.8549365997314453,-2.2849448222395097e-08
20180912_20190329,1084,312,q20,0.0,0.0,0.0
20180912_20190329,1084,312,q30,0.0,0.0,0.0
20180912_20190329,1084,312,q40,0.0,0.0,0.0
20180912_20190329,1095,1113,unw,0.0,0.0,0.0
20180912_20190329,1095,1113,q20,0.0,0.0,0.0
20180912_20190329,1095,1113,q30,0.0,0.0,0.0
20180912_20190329,1095,1113,q40,0.0,0.0,0.0
20180912_20190329,1121,1279,unw,1.0,1.0,0.0
20180912_20190329,1121,1279,q20,0.0,0.0,0.0
20180912_20190329,1121,1279,q30,0.0,0.0,0.0
20180912_20190329,1121,1279,q40,0.0,0.0,0.0
20180912_20190329,1122,338,unw,0.9999999999999999,1.0,-1.1102230246251565e-16
20180912_20190329,1122,338,q20,0.9999999999999999,1.0,-1.1102230246251565e-16
20180912_20190329,1122,338,q30,0.0,0.0,0.0
20180912_20190329,1122,338,q40,0.0,0.0,0.0
20180912_20190329,1156,1253,unw,0.5629465848382604,0.5629465579986572,2.6839603206596507e-08
20180912_20190329,1156,1253,q20,0.0,0.0,0.0
20180912_20190329,1156,1253,q30,0.0,0.0,0.0
20180912_20190329,1156,1253,q40,0.0,0.0,0.0
20180912_20190329,1203,149,unw,0.7612596214583438,0.7612596154212952,6.0370486387739675e-09
20180912_20190329,1203,149,q20,0.0,0.0,0.0
20180912_20190329,1203,149,q30,0.0,0.0,0.0
20180912_20190329,1203,149,q40,0.0,0.0,0.0
20180912_20190329,1203,150,unw,0.5337392419426096,0.5337392687797546,-2.6837145061797685e-08
20180912_20190329,1203,150,q20,0.0,0.0,0.0
20180912_20190329,1203,150,q30,0.0,0.0,0.0
20180912_20190329,1203,150,q40,0.0,0.0,0.0
20180912_20190329,1203,151,unw,0.0749363618070661,0.07493636012077332,1.686292785962884e-09
20180912_20190329,1203,151,q20,0.0,0.0,0.0
20180912_20190329,1203,151,q30,0.0,0.0,0.0
20180912_20190329,1203,151,q40,0.0,0.0,0.0
20180912_20190329,1203,152,unw,0.7612596214583439,0.7612596154212952,6.03704874979627e-09
20180912_20190329,1203,152,q20,0.0,0.0,0.0
20180912_20190329,1203,152,q30,0.0,0.0,0.0
20180912_20190329,1203,152,q40,0.0,0.0,0.0
20180912_20190329,1203,153,unw,0.7612596214583439,0.7612596154212952,6.03704874979627e-09
20180912_20190329,1203,153,q20,0.0,0.0,0.0
20180912_20190329,1203,153,q30,0.0,0.0,0.0
20180912_20190329,1203,153,q40,0.0,0.0,0.0
20180912_20190329,1203,154,unw,0.23023167360251034,0.23023167252540588,1.0771044611779246e-09
20180912_20190329,1203,154,q20,0.0,0.0,0.0
20180912_20190329,1203,154,q30,0.0,0.0,0.0
20180912_20190329,1203,154,q40,0.0,0.0,0.0
20180912_20190329,1203,155,unw,0.37844393014451716,0.3784439265727997,3.571717477335312e-09
20180912_20190329,1203,155,q20,0.0,0.0,0.0
20180912_20190329,1203,155,q30,0.0,0.0,0.0
20180912_20190329,1203,155,q40,0.0,0.0,0.0
20180912_20190329,1205,1276,unw,0.3603864093083332,0.3603864014148712,7.893461995145401e-09
20180912_20190329,1205,1276,q20,0.0,0.0,0.0
20180912_20190329,1205,1276,q30,0.0,0.0,0.0
20180912_20190329,1205,1276,q40,0.0,0.0,0.0
20180912_20190329,1239,142,unw,1.0000000000000002,1.0,2.220446049250313e-16
20180912_20190329,1239,142,q20,0.0,0.0,0.0
20180912_20190329,1239,142,q30,0.0,0.0,0.0
20180912_20190329,1239,142,q40,0.0,0.0,0.0
20180912_20190329,1243,555,unw,0.2481399847382882,0.24813997745513916,7.283149028314284e-09
20180912_20190329,1243,555,q20,0.0,0.0,0.0
20180912_20190329,1243,555,q30,0.0,0.0,0.0
20180912_20190329,1243,555,q40,0.0,0.0,0.0
20180912_20190329,1259,906,unw,1.0,1.0,0.0
20180912_20190329,1259,906,q20,1.0000000000000002,1.0,2.220446049250313e-16
20180912_20190329,1259,906,q30,1.0000000000000002,1.0,2.220446049250313e-16
20180912_20190329,1259,906,q40,1.0000000000000002,1.0,2.220446049250313e-16
20180912_20190329,1267,829,unw,1.0,1.0,0.0
20180912_20190329,1267,829,q20,0.0,0.0,0.0
20180912_20190329,1267,829,q30,0.0,0.0,0.0
20180912_20190329,1267,829,q40,0.0,0.0,0.0
20180912_20190329,1273,1338,unw,1.0,1.0,0.0
20180912_20190329,1273,1338,q20,0.0,0.0,0.0
20180912_20190329,1273,1338,q30,0.0,0.0,0.0
20180912_20190329,1273,1338,q40,0.0,0.0,0.0
20180912_20190329,1385,725,unw,0.2899136516352103,0.2899136543273926,-2.6921822549041963e-09
20180912_20190329,1385,725,q20,0.0,0.0,0.0
20180912_20190329,1385,725,q30,0.0,0.0,0.0
20180912_20190329,1385,725,q40,0.0,0.0,0.0
20180912_20190329,1444,502,unw,0.9999999999999999,1.0,-1.1102230246251565e-16
20180912_20190329,1444,502,q20,0.07267801234207578,0.07267801463603973,-2.2939639493513297e-09
20180912_20190329,1444,502,q30,0.07267801234207578,0.07267801463603973,-2.2939639493513297e-09
20180912_20190329,1444,502,q40,0.07267801234207578,0.07267801463603973,-2.2939639493513297e-09
20181217_20190110,1,151,unw,0.8319176000984245,0.8319175839424133,1.6156011195533893e-08
20181217_20190110,1,151,q20,0.0,0.0,0.0
20181217_20190110,1,151,q30,0.0,0.0,0.0
20181217_20190110,1,151,q40,0.0,0.0,0.0
20181217_20190110,122,1389,unw,0.0,0.0,0.0
20181217_20190110,122,1389,q20,0.0,0.0,0.0
20181217_20190110,122,1389,q30,0.0,0.0,0.0
20181217_20190110,122,1389,q40,0.0,0.0,0.0
20181217_20190110,122,1404,unw,0.9999999999999999,1.0,-1.1102230246251565e-16
20181217_20190110,122,1404,q20,0.9999999999999999,1.0,-1.1102230246251565e-16
20181217_20190110,122,1404,q30,0.9999999999999999,1.0,-1.1102230246251565e-16
20181217_20190110,122,1404,q40,0.9999999999999999,1.0,-1.1102230246251565e-16
20181217_20190110,161,1506,unw,1.0,1.0,0.0
20181217_20190110,161,1506,q20,1.0,1.0,0.0
20181217_20190110,161,1506,q30,1.0,1.0,0.0
20181217_20190110,161,1506,q40,1.0,1.0,0.0
20181217_20190110,268,674,unw,0.23212785571116282,0.2321278601884842,-4.477321374762866e-09
20181217_20190110,268,674,q20,0.0,0.0,0.0
20181217_20190110,268,674,q30,0.0,0.0,0.0
20181217_20190110,268,674,q40,0.0,0.0,0.0
20181217_20190110,296,1200,unw,1.0,1.0,0.0
20181217_20190110,296,1200,q20,0.5144673003203813,0.5144672989845276,1.3358537609420296e-09
20181217_20190110,296,1200,q30,0.5144673003203813,0.5144672989845276,1.3358537609420296e-09
20181217_20190110,296,1200,q40,0.3678505471058752,0.36785054206848145,5.037393779883104e-09
20181217_20190110,315,1484,unw,0.482130759381991,0.482130765914917,-6.53292597796451e-09
20181217_20190110,315,1484,q20,0.0,0.0,0.0
20181217_20190110,315,1484,q30,0.0,0.0,0.0
20181217_20190110,315,1484,q40,0.0,0.0,0.0
20181217_20190110,319,989,unw,1.0,1.0,0.0
20181217_20190110,319,989,q20,1.0,1.0,0.0
20181217_20190110,319,989,q30,1.0,1.0,0.0
20181217_20190110,319,989,q40,1.0,1.0,0.0
20181217_20190110,355,494,unw,1.0,1.0,0.0
20181217_20190110,355,494,q20,1.0,1.0,0.0
20181217_20190110,355,494,q30,0.5263541392655382,0.5263541340827942,5.1827440117335755e-09
20181217_20190110,355,494,q40,0.0,0.0,0.0
20181217_20190110,360,585,unw,1.0,1.0,0.0
20181217_20190110,360,585,q20,1.0,1.0,0.0
20181217_20190110,360,585,q30,1.0,1.0,0.0
20181217_20190110,360,585,q40,1.0,1.0,0.0
20181217_20190110,377,1190,unw,1.0000000000000002,1.0,2.220446049250313e-16
20181217_20190110,377,1190,q20,0.6115839150396153,0.6115838885307312,2.6508884087839135e-08
20181217_20190110,377,1190,q30,0.0,0.0,0.0
20181217_20190110,377,1190,q40,0.0,0.0,0.0
20181217_20190110,381,1261,unw,1.0,1.0,0.0
20181217_20190110,381,1261,q20,0.5677836068981885,0.5677835941314697,1.2766718793244536e-08
20181217_20190110,381,1261,q30,0.0,0.0,0.0
20181217_20190110,381,1261,q40,0.0,0.0,0.0
20181217_20190110,402,544,unw,1.0,1.0,0.0
20181217_20190110,402,544,q20,1.0,1.0,0.0
20181217_20190110,402,544,q30,0.0,0.0,0.0
20181217_20190110,402,544,q40,0.0,0.0,0.0
20181217_20190110,435,730,unw,1.0,1.0,0.0
20181217_20190110,435,730,q20,1.0,1.0,0.0
20181217_20190110,435,730,q30,1.0,1.0,0.0
20181217_20190110,435,730,q40,1.0,1.0,0.0
20181217_20190110,454,815,unw,0.7677259567106139,0.767725944519043,1.2191570974984245e-08
20181217_20190110,454,815,q20,0.7677259567106139,0.767725944519043,1.2191570974984245e-08
20181217_20190110,454,815,q30,0.0247487740948177,0.024748774245381355,-1.5056365529342308e-10
20181217_20190110,454,815,q40,0.0247487740948177,0.024748774245381355,-1.5056365529342308e-10
20181217_20190110,455,1154,unw,0.9999999999999999,1.0,-1.1102230246251565e-16
20181217_20190110,455,1154,q20,0.0,0.0,0.0
20181217_20190110,455,1154,q30,0.0,0.0,0.0
20181217_20190110,455,1154,q40,0.0,0.0,0.0
20181217_20190110,475,45,unw,1.0,1.0,0.0
20181217_20190110,475,45,q20,0.16770985453555923,0.1677098572254181,-2.6898588634249876e-09
20181217_20190110,475,45,q30,0.16770985453555923,0.1677098572254181,-2.6898588634249876e-09
20181217_20190110,475,45,q40,0.0,0.0,0.0
20181217_20190110,477,592,unw,1.0000000000000002,1.0,2.220446049250313e-16
20181217_20190110,477,592,q20,1.0000000000000002,1.0,2.220446049250313e-16
20181217_20190110,477,592,q30,1.0000000000000002,1.0,2.220446049250313e-16
20181217_20190110,477,592,q40,1.0000000000000002,1.0,2.220446049250313e-16
20181217_20190110,488,676,unw,1.0,1.0,0.0
20181217_20190110,488,676,q20,1.0000000000000002,1.0,2.220446049250313e-16
20181217_20190110,488,676,q30,1.0000000000000002,1.0,2.220446049250313e-16
20181217_20190110,488,676,q40,1.0000000000000002,1.0,2.220446049250313e-16
20181217_20190110,543,580,unw,1.0,1.0,0.0
20181217_20190110,543,580,q20,1.0,1.0,0.0
20181217_20190110,543,580,q30,1.0,1.0,0.0
20181217_20190110,543,580,q40,1.0,1.0,0.0
20181217_20190110,554,1068,unw,1.0,1.0,0.0
20181217_20190110,554,1068,q20,1.0,1.0,0.0
20181217_20190110,554,1068,q30,1.0,1.0,0.0
20181217_20190110,554,1068,q40,1.0,1.0,0.0
20181217_20190110,554,1069,unw,1.0000000000000002,1.0,2.220446049250313e-16
20181217_20190110,554,1069,q20,1.0000000000000002,1.0,2.220446049250313e-16
20181217_20190110,554,1069,q30,1.0000000000000002,1.0,2.220446049250313e-16
20181217_20190110,554,1069,q40,1.0000000000000002,1.0,2.220446049250313e-16
20181217_20190110,554,1070,unw,1.0,1.0,0.0
20181217_20190110,554,1070,q20,0.9999999999999999,1.0,-1.1102230246251565e-16
20181217_20190110,554,1070,q30,0.9999999999999999,1.0,-1.1102230246251565e-16
20181217_20190110,554,1070,q40,0.9999999999999999,1.0,-1.1102230246251565e-16
20181217_20190110,554,1071,unw,1.0,1.0,0.0
20181217_20190110,554,1071,q20,1.0,1.0,0.0
20181217_20190110,554,1071,q30,1.0,1.0,0.0
20181217_20190110,554,1071,q40,1.0,1.0,0.0
20181217_20190110,554,1072,unw,1.0000000000000002,1.0,2.220446049250313e-16
20181217_20190110,554,1072,q20,1.0000000000000002,1.0,2.220446049250313e-16
20181217_20190110,554,1072,q30,1.0000000000000002,1.0,2.220446049250313e-16
20181217_20190110,554,1072,q40,1.0000000000000002,1.0,2.220446049250313e-16
20181217_20190110,554,1073,unw,1.0000000000000002,1.0,2.220446049250313e-16
20181217_20190110,554,1073,q20,1.0000000000000002,1.0,2.220446049250313e-16
20181217_20190110,554,1073,q30,1.0000000000000002,1.0,2.220446049250313e-16
20181217_20190110,554,1073,q40,1.0000000000000002,1.0,2.220446049250313e-16
20181217_20190110,554,1075,unw,1.0,1.0,0.0
20181217_20190110,554,1075,q20,1.0,1.0,0.0
20181217_20190110,554,1075,q30,1.0,1.0,0.0
20181217_20190110,554,1075,q40,1.0,1.0,0.0
20181217_20190110,569,436,unw,1.0000000000000002,1.0,2.220446049250313e-16
20181217_20190110,569,436,q20,0.0,0.0,0.0
20181217_20190110,569,436,q30,0.0,0.0,0.0
20181217_20190110,569,436,q40,0.0,0.0,0.0
20181217_20190110,576,1364,unw,1.0000000000000002,1.0,2.220446049250313e-16
20181217_20190110,576,1364,q20,1.0000000000000002,1.0,2.220446049250313e-16
20181217_20190110,576,1364,q30,1.0000000000000002,1.0,2.220446049250313e-16
20181217_20190110,576,1364,q40,1.0000000000000002,1.0,2.220446049250313e-16
20181217_20190110,626,300,unw,0.9999999999999998,1.0,-2.220446049250313e-16
20181217_20190110,626,300,q20,0.9999999999999998,1.0,-2.220446049250313e-16
20181217_20190110,626,300,q30,0.71792564175608,0.7179256677627563,-2.6006676367984483e-08
20181217_20190110,626,300,q40,0.0,0.0,0.0
20181217_20190110,632,619,unw,0.7265505747836453,0.7265505790710449,-4.287399657521007e-09
20181217_20190110,632,619,q20,0.20864567482888688,0.20864567160606384,3.2228230362196797e-09
20181217_20190110,632,619,q30,0.0,0.0,0.0
20181217_20190110,632,619,q40,0.0,0.0,0.0
20181217_20190110,647,649,unw,1.0,1.0,0.0
20181217_20190110,647,649,q20,1.0,1.0,0.0
20181217_20190110,647,649,q30,0.9675738467164641,0.9675738215446472,2.517181685313119e-08
20181217_20190110,647,649,q40,0.0,0.0,0.0
20181217_20190110,657,1392,unw,0.5675666853292453,0.5675666928291321,-7.499886822692758e-09
20181217_20190110,657,1392,q20,0.0,0.0,0.0
20181217_20190110,657,1392,q30,0.0,0.0,0.0
20181217_20190110,657,1392,q40,0.0,0.0,0.0
20181217_20190110,677,357,unw,0.8325958462399962,0.8325958251953125,2.1044683662374553e-08
20181217_20190110,677,357,q20,0.0,0.0,0.0
20181217_20190110,677,357,q30,0.0,0.0,0.0
20181217_20190110,677,357,q40,0.0,0.0,0.0
20181217_20190110,690,367,unw,0.9999999999999999,1.0,-1.1102230246251565e-16
20181217_20190110,690,367,q20,0.0,0.0,0.0
20181217_20190110,690,367,q30,0.0,0.0,0.0
20181217_20190110,690,367,q40,0.0,0.0,0.0
20181217_20190110,692,795,unw,1.0,1.0,0.0
20181217_20190110,692,795,q20,1.0,1.0,0.0
20181217_20190110,692,795,q30,1.0,1.0,0.0
20181217_20190110,692,795,q40,1.0,1.0,0.0
20181217_20190110,702,432,unw,0.2325373649147242,0.23253735899925232,5.91547189010555e-09
20181217_20190110,702,432,q20,0.0,0.0,0.0
20181217_20190110,702,432,q30,0.0,0.0,0.0
20181217_20190110,702,432,q40,0.0,0.0,0.0
20181217_20190110,704,381,unw,1.0000000000000002,1.0,2.220446049250313e-16
20181217_20190110,704,381,q20,0.6324701203828106,0.6324701309204102,-1.0537599570703549e-08
20181217_20190110,704,381,q30,0.6324701203828106,0.6324701309204102,-1.0537599570703549e-08
20181217_20190110,704,381,q40,0.6324701203828106,0.6324701309204102,-1.0537599570703549e-08
20181217_20190110,726,923,unw,1.0,1.0,0.0
20181217_20190110,726,923,q20,1.0,1.0,0.0
20181217_20190110,726,923,q30,1.0,1.0,0.0
20181217_20190110,726,923,q40,1.0,1.0,0.0
20181217_20190110,775,85,unw,0.9999999999999999,1.0,-1.1102230246251565e-16
20181217_20190110,775,85,q20,0.4328099633216026,0.4328099489212036,1.4400398984371066e-08
20181217_20190110,775,85,q30,0.0,0.0,0.0
20181217_20190110,775,85,q40,0.0,0.0,0.0
20181217_20190110,782,71,unw,0.3554077856892545,0.3554077744483948,1.1240859743022469e-08
20181217_20190110,782,71,q20,0.0,0.0,0.0
20181217_20190110,782,71,q30,0.0,0.0,0.0
20181217_20190110,782,71,q40,0.0,0.0,0.0
20181217_20190110,808,475,unw,1.0,1.0,0.0
20181217_20190110,808,475,q20,0.8994203501471204,0.8994203209877014,2.9159418990509778e-08
20181217_20190110,808,475,q30,0.7674477287660756,0.7674477100372314,1.8728844142223977e-08
20181217_20190110,808,475,q40,0.7674477287660756,0.7674477100372314,1.8728844142223977e-08
20181217_20190110,808,1073,unw,1.0,1.0,0.0
20181217_20190110,808,1073,q20,1.0,1.0,0.0
20181217_20190110,808,1073,q30,1.0,1.0,0.0
20181217_20190110,808,1073,q40,1.0,1.0,0.0
20181217_20190110,809,309,unw,0.9999999999999999,1.0,-1.1102230246251565e-16
20181217_20190110,809,309,q20,0.0,0.0,0.0
20181217_20190110,809,309,q30,0.0,0.0,0.0
20181217_20190110,809,309,q40,0.0,0.0,0.0
20181217_20190110,817,264,unw,0.9999999999999999,1.0,-1.1102230246251565e-16
20181217_20190110,817,264,q20,0.12848264268312523,0.1284826397895813,2.8935439322363976e-09
20181217_20190110,817,264,q30,0.0,0.0,0.0
20181217_20190110,817,264,q40,0.0,0.0,0.0
20181217_20190110,819,962,unw,1.0,1.0,0.0
20181217_20190110,819,962,q20,1.0,1.0,0.0
20181217_20190110,819,962,q30,1.0,1.0,0.0
20181217_20190110,819,962,q40,0.4325606381917834,0.43256065249443054,-1.4302647122210743e-08
20181217_20190110,854,1271,unw,0.011712372267072231,0.011712372303009033,-3.593680214519779e-11
20181217_20190110,854,1271,q20,0.0,0.0,0.0
20181217_20190110,854,1271,q30,0.0,0.0,0.0
20181217_20190110,854,1271,q40,0.0,0.0,0.0
20181217_20190110,858,1239,unw,0.0,0.0,0.0
20181217_20190110,858,1239,q20,0.0,0.0,0.0
20181217_20190110,858,1239,q30,0.0,0.0,0.0
20181217_20190110,858,1239,q40,0.0,0.0,0.0
20181217_20190110,858,1284,unw,1.0,1.0,0.0
20181217_20190110,858,1284,q20,1.0,1.0,0.0
20181217_20190110,858,1284,q30,0.7681323404923603,0.7681323289871216,1.1505238761699843e-08
20181217_20190110,858,1284,q40,0.0,0.0,0.0
20181217_20190110,862,325,unw,1.0,1.0,0.0
20181217_20190110,862,325,q20,0.5673786860994957,0.5673786997795105,-1.3680014787631478e-08
20181217_20190110,862,325,q30,0.0,0.0,0.0
20181217_20190110,862,325,q40,0.0,0.0,0.0
20181217_20190110,876,907,unw,0.9999999999999999,1.0,-1.1102230246251565e-16
20181217_20190110,876,907,q20,0.9999999999999999,1.0,-1.1102230246251565e-16
20181217_20190110,876,907,q30,0.0,0.0,0.0
20181217_20190110,876,907,q40,0.0,0.0,0.0
20181217_20190110,914,946,unw,1.0,1.0,0.0
20181217_20190110,914,946,q20,1.0,1.0,0.0
20181217_20190110,914,946,q30,0.0,0.0,0.0
20181217_20190110,914,946,q40,0.0,0.0,0.0
20181217_20190110,916,1096,unw,1.0,1.0,0.0
20181217_20190110,916,1096,q20,0.0,0.0,0.0
20181217_20190110,916,1096,q30,0.0,0.0,0.0
20181217_20190110,916,1096,q40,0.0,0.0,0.0
20181217_20190110,926,1390,unw,0.0,0.0,0.0
20181217_20190110,926,1390,q20,0.0,0.0,0.0
20181217_20190110,926,1390,q30,0.0,0.0,0.0
20181217_20190110,926,1390,q40,0.0,0.0,0.0
20181217_20190110,943,600,unw,1.0,1.0,0.0
20181217_20190110,943,600,q20,0.0,0.0,0.0
20181217_20190110,943,600,q30,0.0,0.0,0.0
20181217_20190110,943,600,q40,0.0,0.0,0.0
20181217_20190110,958,438,unw,0.05410340960456555,0.05410340800881386,1.5957516905085178e-09
20181217_20190110,958,438,q20,0.0,0.0,0.0
20181217_20190110,958,438,q30,0.0,0.0,0.0
20181217_20190110,958,438,q40,0.0,0.0,0.0
20181217_20190110,962,497,unw,0.9999999999999999,1.0,-1.1102230246251565e-16
20181217_20190110,962,497,q20,0.0,0.0,0.0
20181217_20190110,962,497,q30,0.0,0.0,0.0
20181217_20190110,962,497,q40,0.0,0.0,0.0
20181217_20190110,969,839,unw,0.9999999999999999,1.0,-1.1102230246251565e-16
20181217_20190110,969,839,q20,0.013939865625162539,0.013939865864813328,-2.3965078879695234e-10
20181217_20190110,969,839,q30,0.0,0.0,0.0
20181217_20190110,969,839,q40,0.0,0.0,0.0
20181217_20190110,971,292,unw,0.0,0.0,0.0
20181217_20190110,971,292,q20,0.0,0.0,0.0
20181217_20190110,971,292,q30,0.0,0.0,0.0
20181217_20190110,971,292,q40,0.0,0.0,0.0
20181217_20190110,1036,1277,unw,0.7672685311220232,0.7672685384750366,-7.353013420363652e-09
20181217_20190110,1036,1277,q20,0.0,0.0,0.0
20181217_20190110,1036,1277,q30,0.0,0.0,0.0
20181217_20190110,1036,1277,q40,0.0,0.0,0.0
20181217_20190110,1084,312,unw,0.7673683103661983,0.7673683166503906,-6.284192277661305e-09
20181217_20190110,1084,312,q20,0.0,0.0,0.0
20181217_20190110,1084,312,q30,0.0,0.0,0.0
20181217_20190110,1084,312,q40,0.0,0.0,0.0
20181217_20190110,1095,1113,unw,0.36007162240130713,0.3600716292858124,-6.884505243665018e-09
20181217_20190110,1095,1113,q20,0.0,0.0,0.0
20181217_20190110,1095,1113,q30,0.0,0.0,0.0
20181217_20190110,1095,1113,q40,0.0,0.0,0.0
20181217_20190110,1121,1279,unw,0.5822933904826182,0.5822933912277222,-7.451039785166813e-10
20181217_20190110,1121,1279,q20,0.018633880331905023,0.018633879721164703,6.107403194288707e-10
20181217_20190110,1121,1279,q30,0.0,0.0,0.0
20181217_20190110,1121,1279,q40,0.0,0.0,0.0
20181217_20190110,1122,338,unw,1.0,1.0,0.0
20181217_20190110,1122,338,q20,1.0,1.0,0.0
20181217_20190110,1122,338,q30,0.6326109381882272,0.6326109170913696,2.109685759421609e-08
20181217_20190110,1122,338,q40,0.0,0.0,0.0
20181217_20190110,1156,1253,unw,0.9755331387797724,0.975533127784729,1.0995043431272222e-08
20181217_20190110,1156,1253,q20,0.0,0.0,0.0
20181217_20190110,1156,1253,q30,0.0,0.0,0.0
20181217_20190110,1156,1253,q40,0.0,0.0,0.0
20181217_20190110,1203,149,unw,0.9814205899223478,0.9814205765724182,1.3349929606221167e-08
20181217_20190110,1203,149,q20,0.0,0.0,0.0
20181217_20190110,1203,149,q30,0.0,0.0,0.0
20181217_20190110,1203,149,q40,0.0,0.0,0.0
20181217_20190110,1203,150,unw,0.9999999999999999,1.0,-1.1102230246251565e-16
20181217_20190110,1203,150,q20,0.0,0.0,0.0
20181217_20190110,1203,150,q30,0.0,0.0,0.0
20181217_20190110,1203,150,q40,0.0,0.0,0.0
20181217_20190110,1203,151,unw,0.7544622793152228,0.7544623017311096,-2.2415886813398345e-08
20181217_20190110,1203,151,q20,0.0,0.0,0.0
20181217_20190110,1203,151,q30,0.0,0.0,0.0
20181217_20190110,1203,151,q40,0.0,0.0,0.0
20181217_20190110,1203,152,unw,0.5671375579260525,0.5671375393867493,1.853930320372399e-08
20181217_20190110,1203,152,q20,0.0,0.0,0.0
20181217_20190110,1203,152,q30,0.0,0.0,0.0
20181217_20190110,1203,152,q40,0.0,0.0,0.0
20181217_20190110,1203,153,unw,0.47228731662066387,0.4722873270511627,-1.0430498853519765e-08
20181217_20190110,1203,153,q20,0.0,0.0,0.0
20181217_20190110,1203,153,q30,0.0,0.0,0.0
20181217_20190110,1203,153,q40,0.0,0.0,0.0
20181217_20190110,1203,154,unw,0.0,0.0,0.0
20181217_20190110,1203,154,q20,0.0,0.0,0.0
20181217_20190110,1203,154,q30,0.0,0.0,0.0
20181217_20190110,1203,154,q40,0.0,0.0,0.0
20181217_20190110,1203,155,unw,0.0,0.0,0.0
20181217_20190110,1203,155,q20,0.0,0.0,0.0
20181217_20190110,1203,155,q30,0.0,0.0,0.0
20181217_20190110,1203,155,q40,0.0,0.0,0.0
20181217_20190110,1205,1276,unw,1.0,1.0,0.0
20181217_20190110,1205,1276,q20,0.0,0.0,0.0
20181217_20190110,1205,1276,q30,0.0,0.0,0.0
20181217_20190110,1205,1276,q40,0.0,0.0,0.0
20181217_20190110,1239,142,unw,1.0,1.0,0.0
20181217_20190110,1239,142,q20,0.0,0.0,0.0
20181217_20190110,1239,142,q30,0.0,0.0,0.0
20181217_20190110,1239,142,q40,0.0,0.0,0.0
20181217_20190110,1243,555,unw,0.8608940491361516,0.8608940243721008,2.476405080997779e-08
20181217_20190110,1243,555,q20,0.0,0.0,0.0
20181217_20190110,1243,555,q30,0.0,0.0,0.0
20181217_20190110,1243,555,q40,0.0,0.0,0.0
20181217_20190110,1259,906,unw,0.9999999999999999,1.0,-1.1102230246251565e-16
20181217_20190110,1259,906,q20,0.9999999999999999,1.0,-1.1102230246251565e-16
20181217_20190110,1259,906,q30,0.9999999999999999,1.0,-1.1102230246251565e-16
20181217_20190110,1259,906,q40,0.9999999999999999,1.0,-1.1102230246251565e-16
20181217_20190110,1267,829,unw,1.0,1.0,0.0
20181217_20190110,1267,829,q20,1.0000000000000002,1.0,2.220446049250313e-16
20181217_20190110,1267,829,q30,0.09486800849538476,0.0948680117726326,-3.277247834221342e-09
20181217_20190110,1267,829,q40,0.0,0.0,0.0
20181217_20190110,1273,1338,unw,1.0000000000000002,1.0,2.220446049250313e-16
20181217_20190110,1273,1338,q20,0.8329173420998273,0.832917332649231,9.450596305526915e-09
20181217_20190110,1273,1338,q30,0.0,0.0,0.0
20181217_20190110,1273,1338,q40,0.0,0.0,0.0
20181217_20190110,1385,725,unw,1.0,1.0,0.0
20181217_20190110,1385,725,q20,0.0,0.0,0.0
20181217_20190110,1385,725,q30,0.0,0.0,0.0
20181217_20190110,1385,725,q40,0.0,0.0,0.0
20181217_20190110,1444,502,unw,0.7669478616895016,0.766947865486145,-3.796643444076153e-09
20181217_20190110,1444,502,q20,0.0,0.0,0.0
20181217_20190110,1444,502,q30,0.0,0.0,0.0
20181217_20190110,1444,502,q40,0.0,0.0,0.0
20190122_20190203,1,151,unw,1.0,1.0,0.0
20190122_20190203,1,151,q20,0.0,0.0,0.0
20190122_20190203,1,151,q30,0.0,0.0,0.0
20190122_20190203,1,151,q40,0.0,0.0,0.0
20190122_20190203,122,1389,unw,0.0,0.0,0.0
20190122_20190203,122,1389,q20,0.0,0.0,0.0
20190122_20190203,122,1389,q30,0.0,0.0,0.0
20190122_20190203,122,1389,q40,0.0,0.0,0.0
20190122_20190203,122,1404,unw,0.9999999999999999,1.0,-1.1102230246251565e-16
20190122_20190203,122,1404,q20,0.9999999999999999,1.0,-1.1102230246251565e-16
20190122_20190203,122,1404,q30,0.9999999999999999,1.0,-1.1102230246251565e-16
20190122_20190203,122,1404,q40,0.9999999999999999,1.0,-1.1102230246251565e-16
20190122_20190203,161,1506,unw,1.0,1.0,0.0
20190122_20190203,161,1506,q20,1.0,1.0,0.0
20190122_20190203,161,1506,q30,1.0,1.0,0.0
20190122_20190203,161,1506,q40,1.0,1.0,0.0
20190122_20190203,268,674,unw,0.9999999999999999,1.0,-1.1102230246251565e-16
20190122_20190203,268,674,q20,0.0,0.0,0.0
20190122_20190203,268,674,q30,0.0,0.0,0.0
20190122_20190203,268,674,q40,0.0,0.0,0.0
20190122_20190203,296,1200,unw,1.0,1.0,0.0
20190122_20190203,296,1200,q20,0.9999999999999999,1.0,-1.1102230246251565e-16
20190122_20190203,296,1200,q30,0.5144673003203813,0.5144672989845276,1.3358537609420296e-09
20190122_20190203,296,1200,q40,0.3678505471058752,0.36785054206848145,5.037393779883104e-09
20190122_20190203,315,1484,unw,1.0,1.0,0.0
20190122_20190203,315,1484,q20,0.0,0.0,0.0
20190122_20190203,315,1484,q30,0.0,0.0,0.0
20190122_20190203,315,1484,q40,0.0,0.0,0.0
20190122_20190203,319,989,unw,1.0,1.0,0.0
20190122_20190203,319,989,q20,1.0,1.0,0.0
20190122_20190203,319,989,q30,1.0,1.0,0.0
20190122_20190203,319,989,q40,1.0,1.0,0.0
20190122_20190203,355,494,unw,1.0,1.0,0.0
20190122_20190203,355,494,q20,1.0,1.0,0.0
20190122_20190203,355,494,q30,0.8321958301789388,0.8321958184242249,1.1754713979961195e-08
20190122_20190203,355,494,q40,0.5263541392655382,0.5263541340827942,5.1827440117335755e-09
20190122_20190203,360,585,unw,1.0,1.0,0.0
20190122_20190203,360,585,q20,1.0,1.0,0.0
20190122_20190203,360,585,q30,1.0,1.0,0.0
20190122_20190203,360,585,q40,1.0,1.0,0.0
20190122_20190203,377,1190,unw,1.0000000000000002,1.0,2.220446049250313e-16
20190122_20190203,377,1190,q20,0.6437978562620765,0.6437978744506836,-1.818860706492842e-08
20190122_20190203,377,1190,q30,0.6319412327680551,0.6319412589073181,-2.6139262976343502e-08
20190122_20190203,377,1190,q40,0.6319412327680551,0.6319412589073181,-2.6139262976343502e-08
20190122_20190203,381,1261,unw,1.0,1.0,0.0
20190122_20190203,381,1261,q20,1.0,1.0,0.0
20190122_20190203,381,1261,q30,0.7544516350345526,0.7544516324996948,2.534857768132781e-09
20190122_20190203,381,1261,q40,0.0,0.0,0.0
20190122_20190203,402,544,unw,1.0,1.0,0.0
20190122_20190203,402,544,q20,1.0,1.0,0.0
20190122_20190203,402,544,q30,0.0,0.0,0.0
20190122_20190203,402,544,q40,0.0,0.0,0.0
20190122_20190203,435,730,unw,1.0,1.0,0.0
20190122_20190203,435,730,q20,1.0,1.0,0.0
20190122_20190203,435,730,q30,1.0,1.0,0.0
20190122_20190203,435,730,q40,1.0,1.0,0.0
20190122_20190203,454,815,unw,0.7752136517340945,0.7752136588096619,-7.075567354242196e-09
20190122_20190203,454,815,q20,0.0247487740948177,0.024748774245381355,-1.5056365529342308e-10
20190122_20190203,454,815,q30,0.0247487740948177,0.024748774245381355,-1.5056365529342308e-10
20190122_20190203,454,815,q40,0.0247487740948177,0.024748774245381355,-1.5056365529342308e-10
20190122_20190203,455,1154,unw,0.9999999999999999,1.0,-1.1102230246251565e-16
20190122_20190203,455,1154,q20,0.3884274424571615,0.3884274363517761,6.105385363941451e-09
20190122_20190203,455,1154,q30,0.0,0.0,0.0
20190122_20190203,455,1154,q40,0.0,0.0,0.0
20190122_20190203,475,45,unw,1.0,1.0,0.0
20190122_20190203,475,45,q20,0.16770985453555923,0.1677098572254181,-2.6898588634249876e-09
20190122_20190203,475,45,q30,0.16770985453555923,0.1677098572254181,-2.6898588634249876e-09
20190122_20190203,475,45,q40,0.0,0.0,0.0
20190122_20190203,477,592,unw,1.0000000000000002,1.0,2.220446049250313e-16
20190122_20190203,477,592,q20,1.0000000000000002,1.0,2.220446049250313e-16
20190122_20190203,477,592,q30,1.0000000000000002,1.0,2.220446049250313e-16
20190122_20190203,477,592,q40,1.0000000000000002,1.0,2.220446049250313e-16
20190122_20190203,488,676,unw,1.0,1.0,0.0
20190122_20190203,488,676,q20,1.0000000000000002,1.0,2.220446049250313e-16
20190122_20190203,488,676,q30,1.0000000000000002,1.0,2.220446049250313e-16
20190122_20190203,488,676,q40,1.0000000000000002,1.0,2.220446049250313e-16
20190122_20190203,543,580,unw,1.0,1.0,0.0
20190122_20190203,543,580,q20,1.0,1.0,0.0
20190122_20190203,543,580,q30,1.0,1.0,0.0
20190122_20190203,543,580,q40,1.0,1.0,0.0
20190122_20190203,554,1068,unw,1.0,1.0,0.0
20190122_20190203,554,1068,q20,1.0,1.0,0.0
20190122_20190203,554,1068,q30,1.0,1.0,0.0
20190122_20190203,554,1068,q40,1.0,1.0,0.0
20190122_20190203,554,1069,unw,1.0000000000000002,1.0,2.220446049250313e-16
20190122_20190203,554,1069,q20,1.0000000000000002,1.0,2.220446049250313e-16
20190122_20190203,554,1069,q30,1.0000000000000002,1.0,2.220446049250313e-16
20190122_20190203,554,1069,q40,1.0000000000000002,1.0,2.220446049250313e-16
20190122_20190203,554,1070,unw,1.0,1.0,0.0
20190122_20190203,554,1070,q20,0.9999999999999999,1.0,-1.1102230246251565e-16
20190122_20190203,554,1070,q30,0.9999999999999999,1.0,-1.1102230246251565e-16
20190122_20190203,554,1070,q40,0.9999999999999999,1.0,-1.1102230246251565e-16
20190122_20190203,554,1071,unw,1.0,1.0,0.0
20190122_20190203,554,1071,q20,1.0,1.0,0.0
20190122_20190203,554,1071,q30,1.0,1.0,0.0
20190122_20190203,554,1071,q40,1.0,1.0,0.0
20190122_20190203,554,1072,unw,1.0000000000000002,1.0,2.220446049250313e-16
20190122_20190203,554,1072,q20,1.0000000000000002,1.0,2.220446049250313e-16
20190122_20190203,554,1072,q30,1.0000000000000002,1.0,2.220446049250313e-16
20190122_20190203,554,1072,q40,1.0000000000000002,1.0,2.220446049250313e-16
20190122_20190203,554,1073,unw,1.0000000000000002,1.0,2.220446049250313e-16
20190122_20190203,554,1073,q20,1.0000000000000002,1.0,2.220446049250313e-16
20190122_20190203,554,1073,q30,1.0000000000000002,1.0,2.220446049250313e-16
20190122_20190203,554,1073,q40,1.0000000000000002,1.0,2.220446049250313e-16
20190122_20190203,554,1075,unw,1.0,1.0,0.0
20190122_20190203,554,1075,q20,1.0,1.0,0.0
20190122_20190203,554,1075,q30,1.0,1.0,0.0
20190122_20190203,554,1075,q40,1.0,1.0,0.0
20190122_20190203,569,436,unw,1.0000000000000002,1.0,2.220446049250313e-16
20190122_20190203,569,436,q20,0.03236484757848549,0.032364849001169205,-1.4226837138919812e-09
20190122_20190203,569,436,q30,0.0,0.0,0.0
20190122_20190203,569,436,q40,0.0,0.0,0.0
20190122_20190203,576,1364,unw,1.0000000000000002,1.0,2.220446049250313e-16
20190122_20190203,576,1364,q20,1.0000000000000002,1.0,2.220446049250313e-16
20190122_20190203,576,1364,q30,1.0000000000000002,1.0,2.220446049250313e-16
20190122_20190203,576,1364,q40,1.0000000000000002,1.0,2.220446049250313e-16
20190122_20190203,626,300,unw,0.9999999999999998,1.0,-2.220446049250313e-16
20190122_20190203,626,300,q20,0.9999999999999998,1.0,-2.220446049250313e-16
20190122_20190203,626,300,q30,0.9999999999999998,1.0,-2.220446049250313e-16
20190122_20190203,626,300,q40,0.71792564175608,0.7179256677627563,-2.6006676367984483e-08
20190122_20190203,632,619,unw,1.0000000000000002,1.0,2.220446049250313e-16
20190122_20190203,632,619,q20,0.20864567482888688,0.20864567160606384,3.2228230362196797e-09
20190122_20190203,632,619,q30,0.0,0.0,0.0
20190122_20190203,632,619,q40,0.0,0.0,0.0
20190122_20190203,647,649,unw,1.0,1.0,0.0
20190122_20190203,647,649,q20,1.0,1.0,0.0
20190122_20190203,647,649,q30,0.9675738467164641,0.9675738215446472,2.517181685313119e-08
20190122_20190203,647,649,q40,0.0,0.0,0.0
20190122_20190203,657,1392,unw,1.0,1.0,0.0
20190122_20190203,657,1392,q20,0.0,0.0,0.0
20190122_20190203,657,1392,q30,0.0,0.0,0.0
20190122_20190203,657,1392,q40,0.0,0.0,0.0
20190122_20190203,677,357,unw,1.0,1.0,0.0
20190122_20190203,677,357,q20,0.0,0.0,0.0
20190122_20190203,677,357,q30,0.0,0.0,0.0
20190122_20190203,677,357,q40,0.0,0.0,0.0
20190122_20190203,690,367,unw,0.9999999999999999,1.0,-1.1102230246251565e-16
20190122_20190203,690,367,q20,0.4325883002658808,0.4325883090496063,-8.783725524708075e-09
20190122_20190203,690,367,q30,0.0,0.0,0.0
20190122_20190203,690,367,q40,0.0,0.0,0.0
20190122_20190203,692,795,unw,1.0,1.0,0.0
20190122_20190203,692,795,q20,1.0,1.0,0.0
20190122_20190203,692,795,q30,1.0,1.0,0.0
20190122_20190203,692,795,q40,1.0,1.0,0.0
20190122_20190203,702,432,unw,0.9999999999999999,1.0,-1.1102230246251565e-16
20190122_20190203,702,432,q20,0.0,0.0,0.0
20190122_20190203,702,432,q30,0.0,0.0,0.0
20190122_20190203,702,432,q40,0.0,0.0,0.0
20190122_20190203,704,381,unw,1.0000000000000002,1.0,2.220446049250313e-16
20190122_20190203,704,381,q20,0.938467038090639,0.9384670257568359,1.2333803089958906e-08
20190122_20190203,704,381,q30,0.6324701203828106,0.6324701309204102,-1.0537599570703549e-08
20190122_20190203,704,381,q40,0.6324701203828106,0.6324701309204102,-1.0537599570703549e-08
20190122_20190203,726,923,unw,1.0,1.0,0.0
20190122_20190203,726,923,q20,1.0,1.0,0.0
20190122_20190203,726,923,q30,1.0,1.0,0.0
20190122_20190203,726,923,q40,1.0,1.0,0.0
20190122_20190203,775,85,unw,0.9999999999999999,1.0,-1.1102230246251565e-16
20190122_20190203,775,85,q20,0.4328099633216026,0.4328099489212036,1.4400398984371066e-08
20190122_20190203,775,85,q30,0.0,0.0,0.0
20190122_20190203,775,85,q40,0.0,0.0,0.0
20190122_20190203,782,71,unw,1.0,1.0,0.0
20190122_20190203,782,71,q20,0.0,0.0,0.0
20190122_20190203,782,71,q30,0.0,0.0,0.0
20190122_20190203,782,71,q40,0.0,0.0,0.0
20190122_20190203,808,475,unw,1.0,1.0,0.0
20190122_20190203,808,475,q20,0.8994203501471204,0.8994203209877014,2.9159418990509778e-08
20190122_20190203,808,475,q30,0.7674477287660756,0.7674477100372314,1.8728844142223977e-08
20190122_20190203,808,475,q40,0.7674477287660756,0.7674477100372314,1.8728844142223977e-08
20190122_20190203,808,1073,unw,1.0,1.0,0.0
20190122_20190203,808,1073,q20,1.0,1.0,0.0
20190122_20190203,808,1073,q30,1.0,1.0,0.0
20190122_20190203,808,1073,q40,1.0,1.0,0.0
20190122_20190203,809,309,unw,0.9999999999999999,1.0,-1.1102230246251565e-16
20190122_20190203,809,309,q20,0.8055284552296043,0.805528461933136,-6.7035317297126085e-09
20190122_20190203,809,309,q30,0.0,0.0,0.0
20190122_20190203,809,309,q40,0.0,0.0,0.0
20190122_20190203,817,264,unw,0.9999999999999999,1.0,-1.1102230246251565e-16
20190122_20190203,817,264,q20,0.0,0.0,0.0
20190122_20190203,817,264,q30,0.0,0.0,0.0
20190122_20190203,817,264,q40,0.0,0.0,0.0
20190122_20190203,819,962,unw,1.0,1.0,0.0
20190122_20190203,819,962,q20,1.0,1.0,0.0
20190122_20190203,819,962,q30,1.0,1.0,0.0
20190122_20190203,819,962,q40,0.4325606381917834,0.43256065249443054,-1.4302647122210743e-08
20190122_20190203,854,1271,unw,0.9999999999999999,1.0,-1.1102230246251565e-16
20190122_20190203,854,1271,q20,0.0,0.0,0.0
20190122_20190203,854,1271,q30,0.0,0.0,0.0
20190122_20190203,854,1271,q40,0.0,0.0,0.0
20190122_20190203,858,1239,unw,1.0,1.0,0.0
20190122_20190203,858,1239,q20,0.0,0.0,0.0
20190122_20190203,858,1239,q30,0.0,0.0,0.0
20190122_20190203,858,1239,q40,0.0,0.0,0.0
20190122_20190203,858,1284,unw,1.0,1.0,0.0
20190122_20190203,858,1284,q20,1.0,1.0,0.0
20190122_20190203,858,1284,q30,1.0,1.0,0.0
20190122_20190203,858,1284,q40,0.7681323404923603,0.7681323289871216,1.1505238761699843e-08
20190122_20190203,862,325,unw,1.0,1.0,0.0
20190122_20190203,862,325,q20,0.8993745697512533,0.8993745446205139,2.5130739378376177e-08
20190122_20190203,862,325,q30,0.4354094035692764,0.43540939688682556,6.682450814921026e-09
20190122_20190203,862,325,q40,0.0,0.0,0.0
20190122_20190203,876,907,unw,0.9999999999999999,1.0,-1.1102230246251565e-16
20190122_20190203,876,907,q20,0.9999999999999999,1.0,-1.1102230246251565e-16
20190122_20190203,876,907,q30,0.0,0.0,0.0
20190122_20190203,876,907,q40,0.0,0.0,0.0
20190122_20190203,914,946,unw,1.0,1.0,0.0
20190122_20190203,914,946,q20,0.6326351698145517,0.6326351761817932,-6.367241511817667e-09
20190122_20190203,914,946,q30,0.6326351698145517,0.6326351761817932,-6.367241511817667e-09
20190122_20190203,914,946,q40,0.0,0.0,0.0
20190122_20190203,916,1096,unw,0.23263715432974472,0.23263715207576752,2.2539771993290714e-09
20190122_20190203,916,1096,q20,0.0,0.0,0.0
20190122_20190203,916,1096,q30,0.0,0.0,0.0
20190122_20190203,916,1096,q40,0.0,0.0,0.0
20190122_20190203,926,1390,unw,1.0,1.0,0.0
20190122_20190203,926,1390,q20,0.0,0.0,0.0
20190122_20190203,926,1390,q30,0.0,0.0,0.0
20190122_20190203,926,1390,q40,0.0,0.0,0.0
20190122_20190203,943,600,unw,1.0,1.0,0.0
20190122_20190203,943,600,q20,0.1673420249258463,0.16734202206134796,2.8644983329773055e-09
20190122_20190203,943,600,q30,0.0,0.0,0.0
20190122_20190203,943,600,q40,0.0,0.0,0.0
20190122_20190203,958,438,unw,0.4110994035090679,0.4110994040966034,-5.875355202356047e-10
20190122_20190203,958,438,q20,0.0,0.0,0.0
20190122_20190203,958,438,q30,0.0,0.0,0.0
20190122_20190203,958,438,q40,0.0,0.0,0.0
20190122_20190203,962,497,unw,0.9999999999999999,1.0,-1.1102230246251565e-16
20190122_20190203,962,497,q20,0.0,0.0,0.0
20190122_20190203,962,497,q30,0.0,0.0,0.0
20190122_20190203,962,497,q40,0.0,0.0,0.0
20190122_20190203,969,839,unw,0.9999999999999999,1.0,-1.1102230246251565e-16
20190122_20190203,969,839,q20,0.43267853033600623,0.4326785206794739,9.656532351520752e-09
20190122_20190203,969,839,q30,0.0,0.0,0.0
20190122_20190203,969,839,q40,0.0,0.0,0.0
20190122_20190203,971,292,unw,0.032680807743429345,0.03268080949783325,-1.75440390687287e-09
20190122_20190203,971,292,q20,0.0,0.0,0.0
20190122_20190203,971,292,q30,0.0,0.0,0.0
20190122_20190203,971,292,q40,0.0,0.0,0.0
20190122_20190203,1036,1277,unw,0.007417924345280504,0.007417924236506224,1.0877428038152948e-10
20190122_20190203,1036,1277,q20,0.0,0.0,0.0
20190122_20190203,1036,1277,q30,0.0,0.0,0.0
20190122_20190203,1036,1277,q40,0.0,0.0,0.0
20190122_20190203,1084,312,unw,0.23263168963380154,0.23263168334960938,6.284192166639002e-09
20190122_20190203,1084,312,q20,0.0,0.0,0.0
20190122_20190203,1084,312,q30,0.0,0.0,0.0
20190122_20190203,1084,312,q40,0.0,0.0,0.0
20190122_20190203,1095,1113,unw,0.432777559735183,0.4327775537967682,5.938414815442883e-09
20190122_20190203,1095,1113,q20,0.0,0.0,0.0
20190122_20190203,1095,1113,q30,0.0,0.0,0.0
20190122_20190203,1095,1113,q40,0.0,0.0,0.0
20190122_20190203,1121,1279,unw,0.9999999999999999,1.0,-1.1102230246251565e-16
20190122_20190203,1121,1279,q20,0.568128567513829,0.5681285858154297,-1.830160067939346e-08
20190122_20190203,1121,1279,q30,0.0,0.0,0.0
20190122_20190203,1121,1279,q40,0.0,0.0,0.0
20190122_20190203,1122,338,unw,1.0,1.0,0.0
20190122_20190203,1122,338,q20,1.0,1.0,0.0
20190122_20190203,1122,338,q30,0.6326109381882272,0.6326109170913696,2.109685759421609e-08
20190122_20190203,1122,338,q40,0.0,0.0,0.0
20190122_20190203,1156,1253,unw,0.232825783420257,0.23282578587532043,-2.455063430328863e-09
20190122_20190203,1156,1253,q20,0.0,0.0,0.0
20190122_20190203,1156,1253,q30,0.0,0.0,0.0
20190122_20190203,1156,1253,q40,0.0,0.0,0.0
20190122_20190203,1203,149,unw,0.41868188092769654,0.41868188977241516,-8.844718624168024e-09
20190122_20190203,1203,149,q20,0.0,0.0,0.0
20190122_20190203,1203,149,q30,0.0,0.0,0.0
20190122_20190203,1203,149,q40,0.0,0.0,0.0
20190122_20190203,1203,150,unw,0.4328624420739475,0.43286243081092834,1.1263019128460172e-08
20190122_20190203,1203,150,q20,0.0,0.0,0.0
20190122_20190203,1203,150,q30,0.0,0.0,0.0
20190122_20190203,1203,150,q40,0.0,0.0,0.0
20190122_20190203,1203,151,unw,0.7545666366460062,0.7545666098594666,2.6786539653045338e-08
20190122_20190203,1203,151,q20,0.0,0.0,0.0
20190122_20190203,1203,151,q30,0.0,0.0,0.0
20190122_20190203,1203,151,q40,0.0,0.0,0.0
20190122_20190203,1203,152,unw,0.9999999999999999,1.0,-1.1102230246251565e-16
20190122_20190203,1203,152,q20,0.0,0.0,0.0
20190122_20190203,1203,152,q30,0.0,0.0,0.0
20190122_20190203,1203,152,q40,0.0,0.0,0.0
20190122_20190203,1203,153,unw,1.0,1.0,0.0
20190122_20190203,1203,153,q20,0.0,0.0,0.0
20190122_20190203,1203,153,q30,0.0,0.0,0.0
20190122_20190203,1203,153,q40,0.0,0.0,0.0
20190122_20190203,1203,154,unw,1.0,1.0,0.0
20190122_20190203,1203,154,q20,0.0,0.0,0.0
20190122_20190203,1203,154,q30,0.0,0.0,0.0
20190122_20190203,1203,154,q40,0.0,0.0,0.0
20190122_20190203,1203,155,unw,0.451439177397375,0.45143917202949524,5.3678797518053045e-09
20190122_20190203,1203,155,q20,0.0,0.0,0.0
20190122_20190203,1203,155,q30,0.0,0.0,0.0
20190122_20190203,1203,155,q40,0.0,0.0,0.0
20190122_20190203,1205,1276,unw,1.0,1.0,0.0
20190122_20190203,1205,1276,q20,0.0,0.0,0.0
20190122_20190203,1205,1276,q30,0.0,0.0,0.0
20190122_20190203,1205,1276,q40,0.0,0.0,0.0
20190122_20190203,1239,142,unw,1.0,1.0,0.0
20190122_20190203,1239,142,q20,0.5671092638168959,0.5671092867851257,-2.2968229873576718e-08
20190122_20190203,1239,142,q30,0.0,0.0,0.0
20190122_20190203,1239,142,q40,0.0,0.0,0.0
20190122_20190203,1243,555,unw,0.13955950367602976,0.13955950736999512,-3.6939653558221153e-09
20190122_20190203,1243,555,q20,0.0,0.0,0.0
20190122_20190203,1243,555,q30,0.0,0.0,0.0
20190122_20190203,1243,555,q40,0.0,0.0,0.0
20190122_20190203,1259,906,unw,0.9999999999999999,1.0,-1.1102230246251565e-16
20190122_20190203,1259,906,q20,0.9999999999999999,1.0,-1.1102230246251565e-16
20190122_20190203,1259,906,q30,0.9999999999999999,1.0,-1.1102230246251565e-16
20190122_20190203,1259,906,q40,0.9999999999999999,1.0,-1.1102230246251565e-16
20190122_20190203,1267,829,unw,1.0,1.0,0.0
20190122_20190203,1267,829,q20,1.0000000000000002,1.0,2.220446049250313e-16
20190122_20190203,1267,829,q30,0.5677748498514015,0.5677748322486877,1.760271373107969e-08
20190122_20190203,1267,829,q40,0.09486800849538476,0.0948680117726326,-3.277247834221342e-09
20190122_20190203,1273,1338,unw,1.0000000000000002,1.0,2.220446049250313e-16
20190122_20190203,1273,1338,q20,1.0000000000000002,1.0,2.220446049250313e-16
20190122_20190203,1273,1338,q30,0.19309124056357285,0.1930912435054779,-2.94190505290004e-09
20190122_20190203,1273,1338,q40,0.19309124056357285,0.1930912435054779,-2.94190505290004e-09
20190122_20190203,1385,725,unw,1.0,1.0,0.0
20190122_20190203,1385,725,q20,1.0,1.0,0.0
20190122_20190203,1385,725,q30,1.0,1.0,0.0
20190122_20190203,1385,725,q40,0.031240874334170346,0.031240874901413918,-5.672435715586843e-10
20190122_20190203,1444,502,unw,1.0000000000000002,1.0,2.220446049250313e-16
20190122_20190203,1444,502,q20,0.0,0.0,0.0
20190122_20190203,1444,502,q30,0.0,0.0,0.0
20190122_20190203,1444,502,q40,0.0,0.0,0.0
20190428_20190510,1,151,unw,1.0,1.0,0.0
20190428_20190510,1,151,q20,0.36001906728187505,0.3600190579891205,9.292754565848327e-09
20190428_20190510,1,151,q30,0.0,0.0,0.0
20190428_20190510,1,151,q40,0.0,0.0,0.0
20190428_20190510,122,1389,unw,0.0,0.0,0.0
20190428_20190510,122,1389,q20,0.0,0.0,0.0
20190428_20190510,122,1389,q30,0.0,0.0,0.0
20190428_20190510,122,1389,q40,0.0,0.0,0.0
20190428_20190510,122,1404,unw,0.9999999999999999,1.0,-1.1102230246251565e-16
20190428_20190510,122,1404,q20,0.9999999999999999,1.0,-1.1102230246251565e-16
20190428_20190510,122,1404,q30,0.9999999999999999,1.0,-1.1102230246251565e-16
20190428_20190510,122,1404,q40,0.9999999999999999,1.0,-1.1102230246251565e-16
20190428_20190510,161,1506,unw,1.0,1.0,0.0
20190428_20190510,161,1506,q20,1.0,1.0,0.0
20190428_20190510,161,1506,q30,1.0,1.0,0.0
20190428_20190510,161,1506,q40,1.0,1.0,0.0
20190428_20190510,268,674,unw,0.9999999999999999,1.0,-1.1102230246251565e-16
20190428_20190510,268,674,q20,0.9999999999999999,1.0,-1.1102230246251565e-16
20190428_20190510,268,674,q30,0.6323468290089214,0.6323468089103699,2.0098551489766692e-08
20190428_20190510,268,674,q40,0.0,0.0,0.0
20190428_20190510,296,1200,unw,1.0,1.0,0.0
20190428_20190510,296,1200,q20,0.5144673003203813,0.5144672989845276,1.3358537609420296e-09
20190428_20190510,296,1200,q30,0.3678505471058752,0.36785054206848145,5.037393779883104e-09
20190428_20190510,296,1200,q40,0.3678505471058752,0.36785054206848145,5.037393779883104e-09
20190428_20190510,315,1484,unw,1.0,1.0,0.0
20190428_20190510,315,1484,q20,0.8408381880370182,0.8408381938934326,-5.856414464489035e-09
20190428_20190510,315,1484,q30,0.35870742865323046,0.3587074279785156,6.747148395547242e-10
20190428_20190510,315,1484,q40,0.0,0.0,0.0
20190428_20190510,319,989,unw,1.0,1.0,0.0
20190428_20190510,319,989,q20,1.0,1.0,0.0
20190428_20190510,319,989,q30,1.0,1.0,0.0
20190428_20190510,319,989,q40,1.0,1.0,0.0
20190428_20190510,355,494,unw,1.0,1.0,0.0
20190428_20190510,355,494,q20,1.0,1.0,0.0
20190428_20190510,355,494,q30,0.8321958301789388,0.8321958184242249,1.1754713979961195e-08
20190428_20190510,355,494,q40,0.5263541392655382,0.5263541340827942,5.1827440117335755e-09
20190428_20190510,360,585,unw,1.0,1.0,0.0
20190428_20190510,360,585,q20,1.0,1.0,0.0
20190428_20190510,360,585,q30,1.0,1.0,0.0
20190428_20190510,360,585,q40,1.0,1.0,0.0
20190428_20190510,377,1190,unw,1.0000000000000002,1.0,2.220446049250313e-16
20190428_20190510,377,1190,q20,0.9881433765059786,0.9881433844566345,-7.950655911415083e-09
20190428_20190510,377,1190,q30,0.6319412327680551,0.6319412589073181,-2.6139262976343502e-08
20190428_20190510,377,1190,q40,0.6319412327680551,0.6319412589073181,-2.6139262976343502e-08
20190428_20190510,381,1261,unw,1.0,1.0,0.0
20190428_20190510,381,1261,q20,1.0,1.0,0.0
20190428_20190510,381,1261,q30,1.0,1.0,0.0
20190428_20190510,381,1261,q40,0.43188558119403214,0.43188557028770447,1.0906327674309324e-08
20190428_20190510,402,544,unw,1.0,1.0,0.0
20190428_20190510,402,544,q20,1.0,1.0,0.0
20190428_20190510,402,544,q30,0.0,0.0,0.0
20190428_20190510,402,544,q40,0.0,0.0,0.0
20190428_20190510,435,730,unw,1.0,1.0,0.0
20190428_20190510,435,730,q20,1.0,1.0,0.0
20190428_20190510,435,730,q30,1.0,1.0,0.0
20190428_20190510,435,730,q40,1.0,1.0,0.0
20190428_20190510,454,815,unw,0.9999999999999999,1.0,-1.1102230246251565e-16
20190428_20190510,454,815,q20,0.9925123049765193,0.9925122857093811,1.926713821820414e-08
20190428_20190510,454,815,q30,0.9925123049765193,0.9925122857093811,1.926713821820414e-08
20190428_20190510,454,815,q40,0.0247487740948177,0.024748774245381355,-1.5056365529342308e-10
20190428_20190510,455,1154,unw,0.9999999999999999,1.0,-1.1102230246251565e-16
20190428_20190510,455,1154,q20,0.0,0.0,0.0
20190428_20190510,455,1154,q30,0.0,0.0,0.0
20190428_20190510,455,1154,q40,0.0,0.0,0.0
20190428_20190510,475,45,unw,1.0,1.0,0.0
20190428_20190510,475,45,q20,0.16770985453555923,0.1677098572254181,-2.6898588634249876e-09
20190428_20190510,475,45,q30,0.16770985453555923,0.1677098572254181,-2.6898588634249876e-09
20190428_20190510,475,45,q40,0.16770985453555923,0.1677098572254181,-2.6898588634249876e-09
20190428_20190510,477,592,unw,1.0000000000000002,1.0,2.220446049250313e-16
20190428_20190510,477,592,q20,1.0000000000000002,1.0,2.220446049250313e-16
20190428_20190510,477,592,q30,1.0000000000000002,1.0,2.220446049250313e-16
20190428_20190510,477,592,q40,1.0000000000000002,1.0,2.220446049250313e-16
20190428_20190510,488,676,unw,1.0,1.0,0.0
20190428_20190510,488,676,q20,1.0000000000000002,1.0,2.220446049250313e-16
20190428_20190510,488,676,q30,1.0000000000000002,1.0,2.220446049250313e-16
20190428_20190510,488,676,q40,1.0000000000000002,1.0,2.220446049250313e-16
20190428_20190510,543,580,unw,1.0,1.0,0.0
20190428_20190510,543,580,q20,1.0,1.0,0.0
20190428_20190510,543,580,q30,1.0,1.0,0.0
20190428_20190510,543,580,q40,1.0,1.0,0.0
20190428_20190510,554,1068,unw,1.0,1.0,0.0
20190428_20190510,554,1068,q20,1.0,1.0,0.0
20190428_20190510,554,1068,q30,1.0,1.0,0.0
20190428_20190510,554,1068,q40,1.0,1.0,0.0
20190428_20190510,554,1069,unw,1.0000000000000002,1.0,2.220446049250313e-16
20190428_20190510,554,1069,q20,1.0000000000000002,1.0,2.220446049250313e-16
20190428_20190510,554,1069,q30,1.0000000000000002,1.0,2.220446049250313e-16
20190428_20190510,554,1069,q40,1.0000000000000002,1.0,2.220446049250313e-16
20190428_20190510,554,1070,unw,1.0,1.0,0.0
20190428_20190510,554,1070,q20,0.9999999999999999,1.0,-1.1102230246251565e-16
20190428_20190510,554,1070,q30,0.9999999999999999,1.0,-1.1102230246251565e-16
20190428_20190510,554,1070,q40,0.9999999999999999,1.0,-1.1102230246251565e-16
20190428_20190510,554,1071,unw,1.0,1.0,0.0
20190428_20190510,554,1071,q20,1.0,1.0,0.0
20190428_20190510,554,1071,q30,1.0,1.0,0.0
20190428_20190510,554,1071,q40,1.0,1.0,0.0
20190428_20190510,554,1072,unw,1.0000000000000002,1.0,2.220446049250313e-16
20190428_20190510,554,1072,q20,1.0000000000000002,1.0,2.220446049250313e-16
20190428_20190510,554,1072,q30,1.0000000000000002,1.0,2.220446049250313e-16
20190428_20190510,554,1072,q40,1.0000000000000002,1.0,2.220446049250313e-16
20190428_20190510,554,1073,unw,1.0000000000000002,1.0,2.220446049250313e-16
20190428_20190510,554,1073,q20,1.0000000000000002,1.0,2.220446049250313e-16
20190428_20190510,554,1073,q30,1.0000000000000002,1.0,2.220446049250313e-16
20190428_20190510,554,1073,q40,1.0000000000000002,1.0,2.220446049250313e-16
20190428_20190510,554,1075,unw,1.0,1.0,0.0
20190428_20190510,554,1075,q20,1.0,1.0,0.0
20190428_20190510,554,1075,q30,1.0,1.0,0.0
20190428_20190510,554,1075,q40,1.0,1.0,0.0
20190428_20190510,569,436,unw,1.0000000000000002,1.0,2.220446049250313e-16
20190428_20190510,569,436,q20,0.0,0.0,0.0
20190428_20190510,569,436,q30,0.0,0.0,0.0
20190428_20190510,569,436,q40,0.0,0.0,0.0
20190428_20190510,576,1364,unw,1.0000000000000002,1.0,2.220446049250313e-16
20190428_20190510,576,1364,q20,1.0000000000000002,1.0,2.220446049250313e-16
20190428_20190510,576,1364,q30,1.0000000000000002,1.0,2.220446049250313e-16
20190428_20190510,576,1364,q40,1.0000000000000002,1.0,2.220446049250313e-16
20190428_20190510,626,300,unw,0.9999999999999998,1.0,-2.220446049250313e-16
20190428_20190510,626,300,q20,0.9999999999999998,1.0,-2.220446049250313e-16
20190428_20190510,626,300,q30,0.9999999999999998,1.0,-2.220446049250313e-16
20190428_20190510,626,300,q40,0.71792564175608,0.7179256677627563,-2.6006676367984483e-08
20190428_20190510,632,619,unw,1.0000000000000002,1.0,2.220446049250313e-16
20190428_20190510,632,619,q20,0.20864567482888688,0.20864567160606384,3.2228230362196797e-09
20190428_20190510,632,619,q30,0.0,0.0,0.0
20190428_20190510,632,619,q40,0.0,0.0,0.0
20190428_20190510,647,649,unw,1.0,1.0,0.0
20190428_20190510,647,649,q20,1.0,1.0,0.0
20190428_20190510,647,649,q30,1.0,1.0,0.0
20190428_20190510,647,649,q40,0.9675738467164641,0.9675738215446472,2.517181685313119e-08
20190428_20190510,657,1392,unw,1.0,1.0,0.0
20190428_20190510,657,1392,q20,0.6677972756609603,0.6677972674369812,8.223979053312291e-09
20190428_20190510,657,1392,q30,0.1315521769327091,0.13155217468738556,2.245323538208055e-09
20190428_20190510,657,1392,q40,0.0,0.0,0.0
20190428_20190510,677,357,unw,1.0,1.0,0.0
20190428_20190510,677,357,q20,0.8325958462399962,0.8325958251953125,2.1044683662374553e-08
20190428_20190510,677,357,q30,0.0,0.0,0.0
20190428_20190510,677,357,q40,0.0,0.0,0.0
20190428_20190510,690,367,unw,0.9999999999999999,1.0,-1.1102230246251565e-16
20190428_20190510,690,367,q20,0.0,0.0,0.0
20190428_20190510,690,367,q30,0.0,0.0,0.0
20190428_20190510,690,367,q40,0.0,0.0,0.0
20190428_20190510,692,795,unw,1.0,1.0,0.0
20190428_20190510,692,795,q20,1.0,1.0,0.0
20190428_20190510,692,795,q30,1.0,1.0,0.0
20190428_20190510,692,795,q40,1.0,1.0,0.0
20190428_20190510,702,432,unw,0.9999999999999999,1.0,-1.1102230246251565e-16
20190428_20190510,702,432,q20,0.0,0.0,0.0
20190428_20190510,702,432,q30,0.0,0.0,0.0
20190428_20190510,702,432,q40,0.0,0.0,0.0
20190428_20190510,704,381,unw,1.0000000000000002,1.0,2.220446049250313e-16
20190428_20190510,704,381,q20,1.0000000000000002,1.0,2.220446049250313e-16
20190428_20190510,704,381,q30,0.6324701203828106,0.6324701309204102,-1.0537599570703549e-08
20190428_20190510,704,381,q40,0.6324701203828106,0.6324701309204102,-1.0537599570703549e-08
20190428_20190510,726,923,unw,1.0,1.0,0.0
20190428_20190510,726,923,q20,1.0,1.0,0.0
20190428_20190510,726,923,q30,1.0,1.0,0.0
20190428_20190510,726,923,q40,1.0,1.0,0.0
20190428_20190510,775,85,unw,0.9999999999999999,1.0,-1.1102230246251565e-16
20190428_20190510,775,85,q20,0.4328099633216026,0.4328099489212036,1.4400398984371066e-08
20190428_20190510,775,85,q30,0.0,0.0,0.0
20190428_20190510,775,85,q40,0.0,0.0,0.0
20190428_20190510,782,71,unw,1.0,1.0,0.0
20190428_20190510,782,71,q20,0.0,0.0,0.0
20190428_20190510,782,71,q30,0.0,0.0,0.0
20190428_20190510,782,71,q40,0.0,0.0,0.0
20190428_20190510,808,475,unw,1.0,1.0,0.0
20190428_20190510,808,475,q20,0.7674477287660756,0.7674477100372314,1.8728844142223977e-08
20190428_20190510,808,475,q30,0.7674477287660756,0.7674477100372314,1.8728844142223977e-08
20190428_20190510,808,475,q40,0.7674477287660756,0.7674477100372314,1.8728844142223977e-08
20190428_20190510,808,1073,unw,1.0,1.0,0.0
20190428_20190510,808,1073,q20,1.0,1.0,0.0
20190428_20190510,808,1073,q30,1.0,1.0,0.0
20190428_20190510,808,1073,q40,1.0,1.0,0.0
20190428_20190510,809,309,unw,0.8380819357463057,0.838081955909729,-2.016342326438547e-08
20190428_20190510,809,309,q20,0.0,0.0,0.0
20190428_20190510,809,309,q30,0.0,0.0,0.0
20190428_20190510,809,309,q40,0.0,0.0,0.0
20190428_20190510,817,264,unw,0.9999999999999999,1.0,-1.1102230246251565e-16
20190428_20190510,817,264,q20,0.0,0.0,0.0
20190428_20190510,817,264,q30,0.0,0.0,0.0
20190428_20190510,817,264,q40,0.0,0.0,0.0
20190428_20190510,819,962,unw,1.0,1.0,0.0
20190428_20190510,819,962,q20,1.0,1.0,0.0
20190428_20190510,819,962,q30,0.7912506627617004,0.7912506461143494,1.6647351053222792e-08
20190428_20190510,819,962,q40,0.4325606381917834,0.43256065249443054,-1.4302647122210743e-08
20190428_20190510,854,1271,unw,0.38757765011805645,0.3875776529312134,-2.8131569296263592e-09
20190428_20190510,854,1271,q20,0.0,0.0,0.0
20190428_20190510,854,1271,q30,0.0,0.0,0.0
20190428_20190510,854,1271,q40,0.0,0.0,0.0
20190428_20190510,858,1239,unw,1.0,1.0,0.0
20190428_20190510,858,1239,q20,0.0,0.0,0.0
20190428_20190510,858,1239,q30,0.0,0.0,0.0
20190428_20190510,858,1239,q40,0.0,0.0,0.0
20190428_20190510,858,1284,unw,1.0,1.0,0.0
20190428_20190510,858,1284,q20,1.0,1.0,0.0
20190428_20190510,858,1284,q30,0.7681323404923603,0.7681323289871216,1.1505238761699843e-08
20190428_20190510,858,1284,q40,0.0,0.0,0.0
20190428_20190510,862,325,unw,1.0,1.0,0.0
20190428_20190510,862,325,q20,0.5673786860994957,0.5673786997795105,-1.3680014787631478e-08
20190428_20190510,862,325,q30,0.4354094035692764,0.43540939688682556,6.682450814921026e-09
20190428_20190510,862,325,q40,0.0,0.0,0.0
20190428_20190510,876,907,unw,0.9999999999999999,1.0,-1.1102230246251565e-16
20190428_20190510,876,907,q20,0.9999999999999999,1.0,-1.1102230246251565e-16
20190428_20190510,876,907,q30,0.0,0.0,0.0
20190428_20190510,876,907,q40,0.0,0.0,0.0
20190428_20190510,914,946,unw,1.0,1.0,0.0
20190428_20190510,914,946,q20,0.0,0.0,0.0
20190428_20190510,914,946,q30,0.0,0.0,0.0
20190428_20190510,914,946,q40,0.0,0.0,0.0
20190428_20190510,916,1096,unw,0.0,0.0,0.0
20190428_20190510,916,1096,q20,0.0,0.0,0.0
20190428_20190510,916,1096,q30,0.0,0.0,0.0
20190428_20190510,916,1096,q40,0.0,0.0,0.0
20190428_20190510,926,1390,unw,1.0,1.0,0.0
20190428_20190510,926,1390,q20,0.0,0.0,0.0
20190428_20190510,926,1390,q30,0.0,0.0,0.0
20190428_20190510,926,1390,q40,0.0,0.0,0.0
20190428_20190510,943,600,unw,1.0,1.0,0.0
20190428_20190510,943,600,q20,0.12845084969033907,0.12845085561275482,-5.922415752257493e-09
20190428_20190510,943,600,q30,0.0,0.0,0.0
20190428_20190510,943,600,q40,0.0,0.0,0.0
20190428_20190510,958,438,unw,0.9999999999999999,1.0,-1.1102230246251565e-16
20190428_20190510,958,438,q20,0.0,0.0,0.0
20190428_20190510,958,438,q30,0.0,0.0,0.0
20190428_20190510,958,438,q40,0.0,0.0,0.0
20190428_20190510,962,497,unw,0.9999999999999999,1.0,-1.1102230246251565e-16
20190428_20190510,962,497,q20,0.35539395848724586,0.3553939461708069,1.2316438979809163e-08
20190428_20190510,962,497,q30,0.35539395848724586,0.3553939461708069,1.2316438979809163e-08
20190428_20190510,962,497,q40,0.0,0.0,0.0
20190428_20190510,969,839,unw,0.9999999999999999,1.0,-1.1102230246251565e-16
20190428_20190510,969,839,q20,0.0,0.0,0.0
20190428_20190510,969,839,q30,0.0,0.0,0.0
20190428_20190510,969,839,q40,0.0,0.0,0.0
20190428_20190510,971,292,unw,1.0000000000000002,1.0,2.220446049250313e-16
20190428_20190510,971,292,q20,0.9673191922585385,0.9673191905021667,1.756371714733973e-09
20190428_20190510,971,292,q30,0.0,0.0,0.0
20190428_20190510,971,292,q40,0.0,0.0,0.0
20190428_20190510,1036,1277,unw,0.2571868635172028,0.2571868598461151,3.6710877115986307e-09
20190428_20190510,1036,1277,q20,0.0,0.0,0.0
20190428_20190510,1036,1277,q30,0.0,0.0,0.0
20190428_20190510,1036,1277,q40,0.0,0.0,0.0
20190428_20190510,1084,312,unw,0.23263168963380154,0.23263168334960938,6.284192166639002e-09
20190428_20190510,1084,312,q20,0.0,0.0,0.0
20190428_20190510,1084,312,q30,0.0,0.0,0.0
20190428_20190510,1084,312,q40,0.0,0.0,0.0
20190428_20190510,1095,1113,unw,0.432777559735183,0.4327775537967682,5.938414815442883e-09
20190428_20190510,1095,1113,q20,0.0,0.0,0.0
20190428_20190510,1095,1113,q30,0.0,0.0,0.0
20190428_20190510,1095,1113,q40,0.0,0.0,0.0
20190428_20190510,1121,1279,unw,0.9858351770141577,0.9858351945877075,-1.7573549837557323e-08
20190428_20190510,1121,1279,q20,0.0,0.0,0.0
20190428_20190510,1121,1279,q30,0.0,0.0,0.0
20190428_20190510,1121,1279,q40,0.0,0.0,0.0
20190428_20190510,1122,338,unw,1.0,1.0,0.0
20190428_20190510,1122,338,q20,1.0,1.0,0.0
20190428_20190510,1122,338,q30,1.0,1.0,0.0
20190428_20190510,1122,338,q40,0.6326109381882272,0.6326109170913696,2.109685759421609e-08
20190428_20190510,1156,1253,unw,0.7671742165797429,0.767174243927002,-2.73472590128776e-08
20190428_20190510,1156,1253,q20,0.0,0.0,0.0
20190428_20190510,1156,1253,q30,0.0,0.0,0.0
20190428_20190510,1156,1253,q40,0.0,0.0,0.0
20190428_20190510,1203,149,unw,0.9999999999999999,1.0,-1.1102230246251565e-16
20190428_20190510,1203,149,q20,0.0,0.0,0.0
20190428_20190510,1203,149,q30,0.0,0.0,0.0
20190428_20190510,1203,149,q40,0.0,0.0,0.0
20190428_20190510,1203,150,unw,0.9999999999999999,1.0,-1.1102230246251565e-16
20190428_20190510,1203,150,q20,0.0,0.0,0.0
20190428_20190510,1203,150,q30,0.0,0.0,0.0
20190428_20190510,1203,150,q40,0.0,0.0,0.0
20190428_20190510,1203,151,unw,1.0,1.0,0.0
20190428_20190510,1203,151,q20,0.3217041945731759,0.3217042088508606,-1.4277684701191617e-08
20190428_20190510,1203,151,q30,0.0,0.0,0.0
20190428_20190510,1203,151,q40,0.0,0.0,0.0
20190428_20190510,1203,152,unw,0.9999999999999999,1.0,-1.1102230246251565e-16
20190428_20190510,1203,152,q20,0.35886033998373923,0.3588603436946869,-3.710947660273689e-09
20190428_20190510,1203,152,q30,0.0,0.0,0.0
20190428_20190510,1203,152,q40,0.0,0.0,0.0
20190428_20190510,1203,153,unw,0.9276064395507606,0.927606463432312,-2.3881551403093226e-08
20190428_20190510,1203,153,q20,0.0,0.0,0.0
20190428_20190510,1203,153,q30,0.0,0.0,0.0
20190428_20190510,1203,153,q40,0.0,0.0,0.0
20190428_20190510,1203,154,unw,0.5671375579260525,0.5671375393867493,1.853930320372399e-08
20190428_20190510,1203,154,q20,0.0,0.0,0.0
20190428_20190510,1203,154,q30,0.0,0.0,0.0
20190428_20190510,1203,154,q40,0.0,0.0,0.0
20190428_20190510,1203,155,unw,0.4372606577322946,0.4372606575489044,1.8339019192126216e-10
20190428_20190510,1203,155,q20,0.0,0.0,0.0
20190428_20190510,1203,155,q30,0.0,0.0,0.0
20190428_20190510,1203,155,q40,0.0,0.0,0.0
20190428_20190510,1205,1276,unw,1.0,1.0,0.0
20190428_20190510,1205,1276,q20,0.0,0.0,0.0
20190428_20190510,1205,1276,q30,0.0,0.0,0.0
20190428_20190510,1205,1276,q40,0.0,0.0,0.0
20190428_20190510,1239,142,unw,1.0,1.0,0.0
20190428_20190510,1239,142,q20,0.5671092638168959,0.5671092867851257,-2.2968229873576718e-08
20190428_20190510,1239,142,q30,0.0,0.0,0.0
20190428_20190510,1239,142,q40,0.0,0.0,0.0
20190428_20190510,1243,555,unw,0.13955950367602976,0.13955950736999512,-3.6939653558221153e-09
20190428_20190510,1243,555,q20,0.0,0.0,0.0
20190428_20190510,1243,555,q30,0.0,0.0,0.0
20190428_20190510,1243,555,q40,0.0,0.0,0.0
20190428_20190510,1259,906,unw,0.9999999999999999,1.0,-1.1102230246251565e-16
20190428_20190510,1259,906,q20,0.9999999999999999,1.0,-1.1102230246251565e-16
20190428_20190510,1259,906,q30,0.9999999999999999,1.0,-1.1102230246251565e-16
20190428_20190510,1259,906,q40,0.9999999999999999,1.0,-1.1102230246251565e-16
20190428_20190510,1267,829,unw,1.0,1.0,0.0
20190428_20190510,1267,829,q20,1.0000000000000002,1.0,2.220446049250313e-16
20190428_20190510,1267,829,q30,0.09486800849538476,0.0948680117726326,-3.277247834221342e-09
20190428_20190510,1267,829,q40,0.0,0.0,0.0
20190428_20190510,1273,1338,unw,1.0000000000000002,1.0,2.220446049250313e-16
20190428_20190510,1273,1338,q20,0.8329173420998273,0.832917332649231,9.450596305526915e-09
20190428_20190510,1273,1338,q30,0.19309124056357285,0.1930912435054779,-2.94190505290004e-09
20190428_20190510,1273,1338,q40,0.0,0.0,0.0
20190428_20190510,1385,725,unw,1.0,1.0,0.0
20190428_20190510,1385,725,q20,1.0,1.0,0.0
20190428_20190510,1385,725,q30,0.9357529261448232,0.9357529282569885,-2.1121653315248068e-09
20190428_20190510,1385,725,q40,0.0,0.0,0.0
20190428_20190510,1444,502,unw,1.0000000000000002,1.0,2.220446049250313e-16
20190428_20190510,1444,502,q20,0.0,0.0,0.0
20190428_20190510,1444,502,q30,0.0,0.0,0.0
20190428_20190510,1444,502,q40,0.0,0.0,0.0
20190901_20190907,1,151,unw,1.0,1.0,0.0
20190901_20190907,1,151,q20,0.8319176000964636,0.8319175839424133,1.61540503196278e-08
20190901_20190907,1,151,q30,0.0,0.0,0.0
20190901_20190907,1,151,q40,0.0,0.0,0.0
20190901_20190907,122,1389,unw,0.0,0.0,0.0
20190901_20190907,122,1389,q20,0.0,0.0,0.0
20190901_20190907,122,1389,q30,0.0,0.0,0.0
20190901_20190907,122,1389,q40,0.0,0.0,0.0
20190901_20190907,122,1404,unw,0.9999999999999999,1.0,-1.1102230246251565e-16
20190901_20190907,122,1404,q20,0.9999999999999999,1.0,-1.1102230246251565e-16
20190901_20190907,122,1404,q30,0.9999999999999999,1.0,-1.1102230246251565e-16
20190901_20190907,122,1404,q40,0.9999999999999999,1.0,-1.1102230246251565e-16
20190901_20190907,161,1506,unw,1.0,1.0,0.0
20190901_20190907,161,1506,q20,1.0,1.0,0.0
20190901_20190907,161,1506,q30,1.0,1.0,0.0
20190901_20190907,161,1506,q40,1.0,1.0,0.0
20190901_20190907,268,674,unw,0.9146574577724313,0.914657473564148,-1.5791716601043504e-08
20190901_20190907,268,674,q20,0.4855615155253271,0.4855615198612213,-4.335894199236634e-09
20190901_20190907,268,674,q30,0.0,0.0,0.0
20190901_20190907,268,674,q40,0.0,0.0,0.0
20190901_20190907,296,1200,unw,1.0,1.0,0.0
20190901_20190907,296,1200,q20,0.9999999999999999,1.0,-1.1102230246251565e-16
20190901_20190907,296,1200,q30,0.9999999999999999,1.0,-1.1102230246251565e-16
20190901_20190907,296,1200,q40,0.8533832467854937,0.8533832430839539,3.7015398524076204e-09
20190901_20190907,315,1484,unw,1.0,1.0,0.0
20190901_20190907,315,1484,q20,1.0000000000000002,1.0,2.220446049250313e-16
20190901_20190907,315,1484,q30,0.0,0.0,0.0
20190901_20190907,315,1484,q40,0.0,0.0,0.0
20190901_20190907,319,989,unw,1.0,1.0,0.0
20190901_20190907,319,989,q20,1.0,1.0,0.0
20190901_20190907,319,989,q30,1.0,1.0,0.0
20190901_20190907,319,989,q40,1.0,1.0,0.0
20190901_20190907,355,494,unw,1.0,1.0,0.0
20190901_20190907,355,494,q20,1.0,1.0,0.0
20190901_20190907,355,494,q30,1.0,1.0,0.0
20190901_20190907,355,494,q40,0.6941583090865994,0.6941583156585693,-6.57196996822762e-09
20190901_20190907,360,585,unw,1.0,1.0,0.0
20190901_20190907,360,585,q20,1.0,1.0,0.0
20190901_20190907,360,585,q30,1.0,1.0,0.0
20190901_20190907,360,585,q40,1.0,1.0,0.0
20190901_20190907,377,1190,unw,1.0000000000000002,1.0,2.220446049250313e-16
20190901_20190907,377,1190,q20,0.6319412327680551,0.6319412589073181,-2.6139262976343502e-08
20190901_20190907,377,1190,q30,0.6319412327680551,0.6319412589073181,-2.6139262976343502e-08
20190901_20190907,377,1190,q40,0.6319412327680551,0.6319412589073181,-2.6139262976343502e-08
20190901_20190907,381,1261,unw,1.0,1.0,0.0
20190901_20190907,381,1261,q20,1.0,1.0,0.0
20190901_20190907,381,1261,q30,0.24521755305766801,0.24521754682064056,6.237027450062271e-09
20190901_20190907,381,1261,q40,0.0,0.0,0.0
20190901_20190907,402,544,unw,1.0,1.0,0.0
20190901_20190907,402,544,q20,1.0,1.0,0.0
20190901_20190907,402,544,q30,0.0,0.0,0.0
20190901_20190907,402,544,q40,0.0,0.0,0.0
20190901_20190907,435,730,unw,1.0,1.0,0.0
20190901_20190907,435,730,q20,1.0,1.0,0.0
20190901_20190907,435,730,q30,1.0,1.0,0.0
20190901_20190907,435,730,q40,1.0,1.0,0.0
20190901_20190907,454,815,unw,0.9999999999999999,1.0,-1.1102230246251565e-16
20190901_20190907,454,815,q20,0.0247487740948177,0.024748774245381355,-1.5056365529342308e-10
20190901_20190907,454,815,q30,0.0247487740948177,0.024748774245381355,-1.5056365529342308e-10
20190901_20190907,454,815,q40,0.0247487740948177,0.024748774245381355,-1.5056365529342308e-10
20190901_20190907,455,1154,unw,0.9999999999999999,1.0,-1.1102230246251565e-16
20190901_20190907,455,1154,q20,0.9796030273590608,0.9796030521392822,-2.478022143037606e-08
20190901_20190907,455,1154,q30,0.35615219552396243,0.356152206659317,-1.1135354582858525e-08
20190901_20190907,455,1154,q40,0.0,0.0,0.0
20190901_20190907,475,45,unw,1.0,1.0,0.0
20190901_20190907,475,45,q20,0.8608752868737933,0.8608753085136414,-2.1639848024612718e-08
20190901_20190907,475,45,q30,0.16770985453555923,0.1677098572254181,-2.6898588634249876e-09
20190901_20190907,475,45,q40,0.16770985453555923,0.1677098572254181,-2.6898588634249876e-09
20190901_20190907,477,592,unw,1.0000000000000002,1.0,2.220446049250313e-16
20190901_20190907,477,592,q20,1.0000000000000002,1.0,2.220446049250313e-16
20190901_20190907,477,592,q30,1.0000000000000002,1.0,2.220446049250313e-16
20190901_20190907,477,592,q40,1.0000000000000002,1.0,2.220446049250313e-16
20190901_20190907,488,676,unw,1.0,1.0,0.0
20190901_20190907,488,676,q20,1.0000000000000002,1.0,2.220446049250313e-16
20190901_20190907,488,676,q30,1.0000000000000002,1.0,2.220446049250313e-16
20190901_20190907,488,676,q40,1.0000000000000002,1.0,2.220446049250313e-16
20190901_20190907,543,580,unw,1.0,1.0,0.0
20190901_20190907,543,580,q20,1.0,1.0,0.0
20190901_20190907,543,580,q30,1.0,1.0,0.0
20190901_20190907,543,580,q40,1.0,1.0,0.0
20190901_20190907,554,1068,unw,1.0,1.0,0.0
20190901_20190907,554,1068,q20,1.0,1.0,0.0
20190901_20190907,554,1068,q30,1.0,1.0,0.0
20190901_20190907,554,1068,q40,1.0,1.0,0.0
20190901_20190907,554,1069,unw,1.0000000000000002,1.0,2.220446049250313e-16
20190901_20190907,554,1069,q20,1.0000000000000002,1.0,2.220446049250313e-16
20190901_20190907,554,1069,q30,1.0000000000000002,1.0,2.220446049250313e-16
20190901_20190907,554,1069,q40,1.0000000000000002,1.0,2.220446049250313e-16
20190901_20190907,554,1070,unw,1.0,1.0,0.0
20190901_20190907,554,1070,q20,0.9999999999999999,1.0,-1.1102230246251565e-16
20190901_20190907,554,1070,q30,0.9999999999999999,1.0,-1.1102230246251565e-16
20190901_20190907,554,1070,q40,0.9999999999999999,1.0,-1.1102230246251565e-16
20190901_20190907,554,1071,unw,1.0,1.0,0.0
20190901_20190907,554,1071,q20,1.0,1.0,0.0
20190901_20190907,554,1071,q30,1.0,1.0,0.0
20190901_20190907,554,1071,q40,1.0,1.0,0.0
20190901_20190907,554,1072,unw,1.0000000000000002,1.0,2.220446049250313e-16
20190901_20190907,554,1072,q20,1.0000000000000002,1.0,2.220446049250313e-16
20190901_20190907,554,1072,q30,1.0000000000000002,1.0,2.220446049250313e-16
20190901_20190907,554,1072,q40,1.0000000000000002,1.0,2.220446049250313e-16
20190901_20190907,554,1073,unw,1.0000000000000002,1.0,2.220446049250313e-16
20190901_20190907,554,1073,q20,1.0000000000000002,1.0,2.220446049250313e-16
20190901_20190907,554,1073,q30,1.0000000000000002,1.0,2.220446049250313e-16
20190901_20190907,554,1073,q40,1.0000000000000002,1.0,2.220446049250313e-16
20190901_20190907,554,1075,unw,1.0,1.0,0.0
20190901_20190907,554,1075,q20,1.0,1.0,0.0
20190901_20190907,554,1075,q30,1.0,1.0,0.0
20190901_20190907,554,1075,q40,1.0,1.0,0.0
20190901_20190907,569,436,unw,1.0000000000000002,1.0,2.220446049250313e-16
20190901_20190907,569,436,q20,1.0000000000000002,1.0,2.220446049250313e-16
20190901_20190907,569,436,q30,0.0,0.0,0.0
20190901_20190907,569,436,q40,0.0,0.0,0.0
20190901_20190907,576,1364,unw,1.0000000000000002,1.0,2.220446049250313e-16
20190901_20190907,576,1364,q20,1.0000000000000002,1.0,2.220446049250313e-16
20190901_20190907,576,1364,q30,1.0000000000000002,1.0,2.220446049250313e-16
20190901_20190907,576,1364,q40,1.0000000000000002,1.0,2.220446049250313e-16
20190901_20190907,626,300,unw,0.9999999999999998,1.0,-2.220446049250313e-16
20190901_20190907,626,300,q20,0.9999999999999998,1.0,-2.220446049250313e-16
20190901_20190907,626,300,q30,0.9999999999999998,1.0,-2.220446049250313e-16
20190901_20190907,626,300,q40,0.23264112210174198,0.23264111578464508,6.317096901131691e-09
20190901_20190907,632,619,unw,1.0000000000000002,1.0,2.220446049250313e-16
20190901_20190907,632,619,q20,0.3675864679970414,0.3675864636898041,4.307237344569614e-09
20190901_20190907,632,619,q30,0.20864567482888688,0.20864567160606384,3.2228230362196797e-09
20190901_20190907,632,619,q40,0.0,0.0,0.0
20190901_20190907,647,649,unw,1.0,1.0,0.0
20190901_20190907,647,649,q20,1.0,1.0,0.0
20190901_20190907,647,649,q30,1.0,1.0,0.0
20190901_20190907,647,649,q40,1.0,1.0,0.0
20190901_20190907,657,1392,unw,0.8684478230672908,0.8684478402137756,-1.7146484787566862e-08
20190901_20190907,657,1392,q20,0.0,0.0,0.0
20190901_20190907,657,1392,q30,0.0,0.0,0.0
20190901_20190907,657,1392,q40,0.0,0.0,0.0
20190901_20190907,677,357,unw,1.0,1.0,0.0
20190901_20190907,677,357,q20,0.838028066232817,0.838028073310852,-7.07803504695903e-09
20190901_20190907,677,357,q30,0.027017512411123438,0.027017513290047646,-8.789242077200665e-10
20190901_20190907,677,357,q40,0.027017512411123438,0.027017513290047646,-8.789242077200665e-10
20190901_20190907,690,367,unw,0.9999999999999999,1.0,-1.1102230246251565e-16
20190901_20190907,690,367,q20,0.4325883002658808,0.4325883090496063,-8.783725524708075e-09
20190901_20190907,690,367,q30,0.4325883002658808,0.4325883090496063,-8.783725524708075e-09
20190901_20190907,690,367,q40,0.0,0.0,0.0
20190901_20190907,692,795,unw,1.0,1.0,0.0
20190901_20190907,692,795,q20,1.0,1.0,0.0
20190901_20190907,692,795,q30,1.0,1.0,0.0
20190901_20190907,692,795,q40,1.0,1.0,0.0
20190901_20190907,702,432,unw,0.9999999999999999,1.0,-1.1102230246251565e-16
20190901_20190907,702,432,q20,0.9999999999999999,1.0,-1.1102230246251565e-16
20190901_20190907,702,432,q30,0.9999999999999999,1.0,-1.1102230246251565e-16
20190901_20190907,702,432,q40,0.0,0.0,0.0
20190901_20190907,704,381,unw,1.0000000000000002,1.0,2.220446049250313e-16
20190901_20190907,704,381,q20,0.938467038090639,0.9384670257568359,1.2333803089958906e-08
20190901_20190907,704,381,q30,0.6324701203828106,0.6324701309204102,-1.0537599570703549e-08
20190901_20190907,704,381,q40,0.6324701203828106,0.6324701309204102,-1.0537599570703549e-08
20190901_20190907,726,923,unw,1.0,1.0,0.0
20190901_20190907,726,923,q20,1.0,1.0,0.0
20190901_20190907,726,923,q30,1.0,1.0,0.0
20190901_20190907,726,923,q40,1.0,1.0,0.0
20190901_20190907,775,85,unw,0.9999999999999999,1.0,-1.1102230246251565e-16
20190901_20190907,775,85,q20,1.0,1.0,0.0
20190901_20190907,775,85,q30,1.0,1.0,0.0
20190901_20190907,775,85,q40,0.9050103781766514,0.9050104022026062,-2.4025954781237147e-08
20190901_20190907,782,71,unw,1.0,1.0,0.0
20190901_20190907,782,71,q20,0.0,0.0,0.0
20190901_20190907,782,71,q30,0.0,0.0,0.0
20190901_20190907,782,71,q40,0.0,0.0,0.0
20190901_20190907,808,475,unw,1.0,1.0,0.0
20190901_20190907,808,475,q20,0.8994203501471204,0.8994203209877014,2.9159418990509778e-08
20190901_20190907,808,475,q30,0.7674477287660756,0.7674477100372314,1.8728844142223977e-08
20190901_20190907,808,475,q40,0.7674477287660756,0.7674477100372314,1.8728844142223977e-08
20190901_20190907,808,1073,unw,1.0,1.0,0.0
20190901_20190907,808,1073,q20,1.0,1.0,0.0
20190901_20190907,808,1073,q30,1.0,1.0,0.0
20190901_20190907,808,1073,q40,1.0,1.0,0.0
20190901_20190907,809,309,unw,0.9999999999999999,1.0,-1.1102230246251565e-16
20190901_20190907,809,309,q20,0.8055284552296043,0.805528461933136,-6.7035317297126085e-09
20190901_20190907,809,309,q30,0.8055284552296043,0.805528461933136,-6.7035317297126085e-09
20190901_20190907,809,309,q40,0.0,0.0,0.0
20190901_20190907,817,264,unw,0.9999999999999999,1.0,-1.1102230246251565e-16
20190901_20190907,817,264,q20,0.9999999999999999,1.0,-1.1102230246251565e-16
20190901_20190907,817,264,q30,0.36115206218353696,0.3611520528793335,9.304203463234018e-09
20190901_20190907,817,264,q40,0.038958413294956126,0.038958411663770676,1.631185450601258e-09
20190901_20190907,819,962,unw,1.0,1.0,0.0
20190901_20190907,819,962,q20,1.0,1.0,0.0
20190901_20190907,819,962,q30,0.7912506627617004,0.7912506461143494,1.6647351053222792e-08
20190901_20190907,819,962,q40,0.4325606381917834,0.43256065249443054,-1.4302647122210743e-08
20190901_20190907,854,1271,unw,0.9999999999999999,1.0,-1.1102230246251565e-16
20190901_20190907,854,1271,q20,0.0,0.0,0.0
20190901_20190907,854,1271,q30,0.0,0.0,0.0
20190901_20190907,854,1271,q40,0.0,0.0,0.0
20190901_20190907,858,1239,unw,1.0,1.0,0.0
20190901_20190907,858,1239,q20,0.16809744034575833,0.16809743642807007,3.917688257137897e-09
20190901_20190907,858,1239,q30,0.0,0.0,0.0
20190901_20190907,858,1239,q40,0.0,0.0,0.0
20190901_20190907,858,1284,unw,1.0,1.0,0.0
20190901_20190907,858,1284,q20,0.7681323404923603,0.7681323289871216,1.1505238761699843e-08
20190901_20190907,858,1284,q30,0.7681323404923603,0.7681323289871216,1.1505238761699843e-08
20190901_20190907,858,1284,q40,0.0,0.0,0.0
20190901_20190907,862,325,unw,1.0,1.0,0.0
20190901_20190907,862,325,q20,1.0,1.0,0.0
20190901_20190907,862,325,q30,0.7674052872210341,0.7674052715301514,1.569088270425567e-08
20190901_20190907,862,325,q40,0.4354094035692764,0.43540939688682556,6.682450814921026e-09
20190901_20190907,876,907,unw,0.9999999999999999,1.0,-1.1102230246251565e-16
20190901_20190907,876,907,q20,0.9999999999999999,1.0,-1.1102230246251565e-16
20190901_20190907,876,907,q30,0.9999999999999999,1.0,-1.1102230246251565e-16
20190901_20190907,876,907,q40,0.0,0.0,0.0
20190901_20190907,914,946,unw,1.0,1.0,0.0
20190901_20190907,914,946,q20,1.0,1.0,0.0
20190901_20190907,914,946,q30,0.6326351698145517,0.6326351761817932,-6.367241511817667e-09
20190901_20190907,914,946,q40,0.6326351698145517,0.6326351761817932,-6.367241511817667e-09
20190901_20190907,916,1096,unw,0.23263715432974472,0.23263715207576752,2.2539771993290714e-09
20190901_20190907,916,1096,q20,0.0,0.0,0.0
20190901_20190907,916,1096,q30,0.0,0.0,0.0
20190901_20190907,916,1096,q40,0.0,0.0,0.0
20190901_20190907,926,1390,unw,1.0,1.0,0.0
20190901_20190907,926,1390,q20,0.0,0.0,0.0
20190901_20190907,926,1390,q30,0.0,0.0,0.0
20190901_20190907,926,1390,q40,0.0,0.0,0.0
20190901_20190907,943,600,unw,1.0,1.0,0.0
20190901_20190907,943,600,q20,0.1673420249258463,0.16734202206134796,2.8644983329773055e-09
20190901_20190907,943,600,q30,0.0,0.0,0.0
20190901_20190907,943,600,q40,0.0,0.0,0.0
20190901_20190907,958,438,unw,0.9999999999999999,1.0,-1.1102230246251565e-16
20190901_20190907,958,438,q20,0.82143324518279,0.8214332461357117,-9.529216304926535e-10
20190901_20190907,958,438,q30,0.0,0.0,0.0
20190901_20190907,958,438,q40,0.0,0.0,0.0
20190901_20190907,962,497,unw,0.9999999999999999,1.0,-1.1102230246251565e-16
20190901_20190907,962,497,q20,0.6121196119400644,0.6121196150779724,-3.137908044514859e-09
20190901_20190907,962,497,q30,0.0,0.0,0.0
20190901_20190907,962,497,q40,0.0,0.0,0.0
20190901_20190907,969,839,unw,0.9999999999999999,1.0,-1.1102230246251565e-16
20190901_20190907,969,839,q20,0.9999999999999999,1.0,-1.1102230246251565e-16
20190901_20190907,969,839,q30,0.013939865625162539,0.013939865864813328,-2.3965078879695234e-10
20190901_20190907,969,839,q40,0.0,0.0,0.0
20190901_20190907,971,292,unw,1.0000000000000002,1.0,2.220446049250313e-16
20190901_20190907,971,292,q20,0.0,0.0,0.0
20190901_20190907,971,292,q30,0.0,0.0,0.0
20190901_20190907,971,292,q40,0.0,0.0,0.0
20190901_20190907,1036,1277,unw,1.0,1.0,0.0
20190901_20190907,1036,1277,q20,0.0,0.0,0.0
20190901_20190907,1036,1277,q30,0.0,0.0,0.0
20190901_20190907,1036,1277,q40,0.0,0.0,0.0
20190901_20190907,1084,312,unw,0.9999999999999999,1.0,-1.1102230246251565e-16
20190901_20190907,1084,312,q20,0.41125139325844795,0.41125139594078064,-2.6823326892966293e-09
20190901_20190907,1084,312,q30,0.0,0.0,0.0
20190901_20190907,1084,312,q40,0.0,0.0,0.0
20190901_20190907,1095,1113,unw,0.927294062666124,0.9272940754890442,-1.2822920170130203e-08
20190901_20190907,1095,1113,q20,0.0,0.0,0.0
20190901_20190907,1095,1113,q30,0.0,0.0,0.0
20190901_20190907,1095,1113,q40,0.0,0.0,0.0
20190901_20190907,1121,1279,unw,0.9999999999999999,1.0,-1.1102230246251565e-16
20190901_20190907,1121,1279,q20,0.568128567513829,0.5681285858154297,-1.830160067939346e-08
20190901_20190907,1121,1279,q30,0.0,0.0,0.0
20190901_20190907,1121,1279,q40,0.0,0.0,0.0
20190901_20190907,1122,338,unw,1.0,1.0,0.0
20190901_20190907,1122,338,q20,1.0,1.0,0.0
20190901_20190907,1122,338,q30,0.6326109381882272,0.6326109170913696,2.109685759421609e-08
20190901_20190907,1122,338,q40,0.6326109381882272,0.6326109170913696,2.109685759421609e-08
20190901_20190907,1156,1253,unw,0.9999999999999999,1.0,-1.1102230246251565e-16
20190901_20190907,1156,1253,q20,0.9999999999999999,1.0,-1.1102230246251565e-16
20190901_20190907,1156,1253,q30,0.0,0.0,0.0
20190901_20190907,1156,1253,q40,0.0,0.0,0.0
20190901_20190907,1203,149,unw,0.9999999999999999,1.0,-1.1102230246251565e-16
20190901_20190907,1203,149,q20,0.0,0.0,0.0
20190901_20190907,1203,149,q30,0.0,0.0,0.0
20190901_20190907,1203,149,q40,0.0,0.0,0.0
20190901_20190907,1203,150,unw,0.9999999999999999,1.0,-1.1102230246251565e-16
20190901_20190907,1203,150,q20,0.0,0.0,0.0
20190901_20190907,1203,150,q30,0.0,0.0,0.0
20190901_20190907,1203,150,q40,0.0,0.0,0.0
20190901_20190907,1203,151,unw,1.0,1.0,0.0
20190901_20190907,1203,151,q20,0.3217041945731759,0.3217042088508606,-1.4277684701191617e-08
20190901_20190907,1203,151,q30,0.0,0.0,0.0
20190901_20190907,1203,151,q40,0.0,0.0,0.0
20190901_20190907,1203,152,unw,0.9999999999999999,1.0,-1.1102230246251565e-16
20190901_20190907,1203,152,q20,0.35886033998373923,0.3588603436946869,-3.710947660273689e-09
20190901_20190907,1203,152,q30,0.0,0.0,0.0
20190901_20190907,1203,152,q40,0.0,0.0,0.0
20190901_20190907,1203,153,unw,1.0,1.0,0.0
20190901_20190907,1203,153,q20,0.16724380177168113,0.1672438085079193,-6.7362381783730996e-09
20190901_20190907,1203,153,q30,0.0,0.0,0.0
20190901_20190907,1203,153,q40,0.0,0.0,0.0
20190901_20190907,1203,154,unw,1.0,1.0,0.0
20190901_20190907,1203,154,q20,1.0,1.0,0.0
20190901_20190907,1203,154,q30,0.0,0.0,0.0
20190901_20190907,1203,154,q40,0.0,0.0,0.0
20190901_20190907,1203,155,unw,0.9999999999999999,1.0,-1.1102230246251565e-16
20190901_20190907,1203,155,q20,0.45143917739547007,0.45143917202949524,5.365974831139653e-09
20190901_20190907,1203,155,q30,0.0,0.0,0.0
20190901_20190907,1203,155,q40,0.0,0.0,0.0
20190901_20190907,1205,1276,unw,1.0,1.0,0.0
20190901_20190907,1205,1276,q20,0.0,0.0,0.0
20190901_20190907,1205,1276,q30,0.0,0.0,0.0
20190901_20190907,1205,1276,q40,0.0,0.0,0.0
20190901_20190907,1239,142,unw,1.0,1.0,0.0
20190901_20190907,1239,142,q20,1.0,1.0,0.0
20190901_20190907,1239,142,q30,0.5671092638168959,0.5671092867851257,-2.2968229873576718e-08
20190901_20190907,1239,142,q40,0.0,0.0,0.0
20190901_20190907,1243,555,unw,0.9999999999999999,1.0,-1.1102230246251565e-16
20190901_20190907,1243,555,q20,0.9999999999999999,1.0,-1.1102230246251565e-16
20190901_20190907,1243,555,q30,0.9999999999999999,1.0,-1.1102230246251565e-16
20190901_20190907,1243,555,q40,0.8604404963239701,0.8604404926300049,3.693965244799813e-09
20190901_20190907,1259,906,unw,0.9999999999999999,1.0,-1.1102230246251565e-16
20190901_20190907,1259,906,q20,0.9999999999999999,1.0,-1.1102230246251565e-16
20190901_20190907,1259,906,q30,0.9999999999999999,1.0,-1.1102230246251565e-16
20190901_20190907,1259,906,q40,0.9999999999999999,1.0,-1.1102230246251565e-16
20190901_20190907,1267,829,unw,1.0,1.0,0.0
20190901_20190907,1267,829,q20,1.0000000000000002,1.0,2.220446049250313e-16
20190901_20190907,1267,829,q30,1.0000000000000002,1.0,2.220446049250313e-16
20190901_20190907,1267,829,q40,1.0000000000000002,1.0,2.220446049250313e-16
20190901_20190907,1273,1338,unw,1.0000000000000002,1.0,2.220446049250313e-16
20190901_20190907,1273,1338,q20,1.0000000000000002,1.0,2.220446049250313e-16
20190901_20190907,1273,1338,q30,0.19309124056357285,0.1930912435054779,-2.94190505290004e-09
20190901_20190907,1273,1338,q40,0.19309124056357285,0.1930912435054779,-2.94190505290004e-09
20190901_20190907,1385,725,unw,1.0,1.0,0.0
20190901_20190907,1385,725,q20,0.9680601387853751,0.9680601358413696,2.9440054838403285e-09
20190901_20190907,1385,725,q30,0.031240874334170346,0.031240874901413918,-5.672435715586843e-10
20190901_20190907,1385,725,q40,0.0,0.0,0.0
20190901_20190907,1444,502,unw,1.0000000000000002,1.0,2.220446049250313e-16
20190901_20190907,1444,502,q20,0.0,0.0,0.0
20190901_20190907,1444,502,q30,0.0,0.0,0.0
20190901_20190907,1444,502,q40,0.0,0.0,0.0
20191124_20191224,1,151,unw,0.9272609825395596,0.9272609949111938,-1.2371634272589915e-08
20191124_20191224,1,151,q20,0.0,0.0,0.0
20191124_20191224,1,151,q30,0.0,0.0,0.0
20191124_20191224,1,151,q40,0.0,0.0,0.0
20191124_20191224,122,1389,unw,0.0,0.0,0.0
20191124_20191224,122,1389,q20,0.0,0.0,0.0
20191124_20191224,122,1389,q30,0.0,0.0,0.0
20191124_20191224,122,1389,q40,0.0,0.0,0.0
20191124_20191224,122,1404,unw,0.9999999999999999,1.0,-1.1102230246251565e-16
20191124_20191224,122,1404,q20,0.9999999999999999,1.0,-1.1102230246251565e-16
20191124_20191224,122,1404,q30,0.9999999999999999,1.0,-1.1102230246251565e-16
20191124_20191224,122,1404,q40,0.9999999999999999,1.0,-1.1102230246251565e-16
20191124_20191224,161,1506,unw,1.0,1.0,0.0
20191124_20191224,161,1506,q20,1.0,1.0,0.0
20191124_20191224,161,1506,q30,1.0,1.0,0.0
20191124_20191224,161,1506,q40,1.0,1.0,0.0
20191124_20191224,268,674,unw,0.9146574577724313,0.914657473564148,-1.5791716601043504e-08
20191124_20191224,268,674,q20,0.0,0.0,0.0
20191124_20191224,268,674,q30,0.0,0.0,0.0
20191124_20191224,268,674,q40,0.0,0.0,0.0
20191124_20191224,296,1200,unw,1.0,1.0,0.0
20191124_20191224,296,1200,q20,0.9999999999999999,1.0,-1.1102230246251565e-16
20191124_20191224,296,1200,q30,0.8533832467854937,0.8533832430839539,3.7015398524076204e-09
20191124_20191224,296,1200,q40,0.8533832467854937,0.8533832430839539,3.7015398524076204e-09
20191124_20191224,315,1484,unw,0.36828986274252123,0.36828985810279846,4.639722772648014e-09
20191124_20191224,315,1484,q20,0.0,0.0,0.0
20191124_20191224,315,1484,q30,0.0,0.0,0.0
20191124_20191224,315,1484,q40,0.0,0.0,0.0
20191124_20191224,319,989,unw,1.0,1.0,0.0
20191124_20191224,319,989,q20,1.0,1.0,0.0
20191124_20191224,319,989,q30,1.0,1.0,0.0
20191124_20191224,319,989,q40,1.0,1.0,0.0
20191124_20191224,355,494,unw,1.0,1.0,0.0
20191124_20191224,355,494,q20,1.0,1.0,0.0
20191124_20191224,355,494,q30,1.0,1.0,0.0
20191124_20191224,355,494,q40,0.10613417679867643,0.10613417625427246,5.444039663515809e-10
20191124_20191224,360,585,unw,1.0,1.0,0.0
20191124_20191224,360,585,q20,1.0,1.0,0.0
20191124_20191224,360,585,q30,1.0,1.0,0.0
20191124_20191224,360,585,q40,1.0,1.0,0.0
20191124_20191224,377,1190,unw,1.0000000000000002,1.0,2.220446049250313e-16
20191124_20191224,377,1190,q20,0.6319412327680551,0.6319412589073181,-2.6139262976343502e-08
20191124_20191224,377,1190,q30,0.6319412327680551,0.6319412589073181,-2.6139262976343502e-08
20191124_20191224,377,1190,q40,0.6319412327680551,0.6319412589073181,-2.6139262976343502e-08
20191124_20191224,381,1261,unw,1.0,1.0,0.0
20191124_20191224,381,1261,q20,1.0,1.0,0.0
20191124_20191224,381,1261,q30,0.24521755305766801,0.24521754682064056,6.237027450062271e-09
20191124_20191224,381,1261,q40,0.0,0.0,0.0
20191124_20191224,402,544,unw,1.0,1.0,0.0
20191124_20191224,402,544,q20,1.0,1.0,0.0
20191124_20191224,402,544,q30,0.0,0.0,0.0
20191124_20191224,402,544,q40,0.0,0.0,0.0
20191124_20191224,435,730,unw,1.0,1.0,0.0
20191124_20191224,435,730,q20,1.0,1.0,0.0
20191124_20191224,435,730,q30,1.0,1.0,0.0
20191124_20191224,435,730,q40,1.0,1.0,0.0
20191124_20191224,454,815,unw,0.9925123049765193,0.9925122857093811,1.926713821820414e-08
20191124_20191224,454,815,q20,0.7677259567106139,0.767725944519043,1.2191570974984245e-08
20191124_20191224,454,815,q30,0.0247487740948177,0.024748774245381355,-1.5056365529342308e-10
20191124_20191224,454,815,q40,0.0247487740948177,0.024748774245381355,-1.5056365529342308e-10
20191124_20191224,455,1154,unw,0.9999999999999999,1.0,-1.1102230246251565e-16
20191124_20191224,455,1154,q20,0.3680304698162222,0.36803045868873596,1.1127486265749553e-08
20191124_20191224,455,1154,q30,0.35615219552396243,0.356152206659317,-1.1135354582858525e-08
20191124_20191224,455,1154,q40,0.0,0.0,0.0
20191124_20191224,475,45,unw,1.0,1.0,0.0
20191124_20191224,475,45,q20,0.16770985453555923,0.1677098572254181,-2.6898588634249876e-09
20191124_20191224,475,45,q30,0.16770985453555923,0.1677098572254181,-2.6898588634249876e-09
20191124_20191224,475,45,q40,0.0,0.0,0.0
20191124_20191224,477,592,unw,1.0000000000000002,1.0,2.220446049250313e-16
20191124_20191224,477,592,q20,1.0000000000000002,1.0,2.220446049250313e-16
20191124_20191224,477,592,q30,1.0000000000000002,1.0,2.220446049250313e-16
20191124_20191224,477,592,q40,1.0000000000000002,1.0,2.220446049250313e-16
20191124_20191224,488,676,unw,1.0,1.0,0.0
20191124_20191224,488,676,q20,1.0000000000000002,1.0,2.220446049250313e-16
20191124_20191224,488,676,q30,1.0000000000000002,1.0,2.220446049250313e-16
20191124_20191224,488,676,q40,1.0000000000000002,1.0,2.220446049250313e-16
20191124_20191224,543,580,unw,1.0,1.0,0.0
20191124_20191224,543,580,q20,1.0,1.0,0.0
20191124_20191224,543,580,q30,1.0,1.0,0.0
20191124_20191224,543,580,q40,1.0,1.0,0.0
20191124_20191224,554,1068,unw,1.0,1.0,0.0
20191124_20191224,554,1068,q20,1.0,1.0,0.0
20191124_20191224,554,1068,q30,1.0,1.0,0.0
20191124_20191224,554,1068,q40,1.0,1.0,0.0
20191124_20191224,554,1069,unw,1.0000000000000002,1.0,2.220446049250313e-16
20191124_20191224,554,1069,q20,1.0000000000000002,1.0,2.220446049250313e-16
20191124_20191224,554,1069,q30,1.0000000000000002,1.0,2.220446049250313e-16
20191124_20191224,554,1069,q40,1.0000000000000002,1.0,2.220446049250313e-16
20191124_20191224,554,1070,unw,1.0,1.0,0.0
20191124_20191224,554,1070,q20,0.9999999999999999,1.0,-1.1102230246251565e-16
20191124_20191224,554,1070,q30,0.9999999999999999,1.0,-1.1102230246251565e-16
20191124_20191224,554,1070,q40,0.9999999999999999,1.0,-1.1102230246251565e-16
20191124_20191224,554,1071,unw,1.0,1.0,0.0
20191124_20191224,554,1071,q20,1.0,1.0,0.0
20191124_20191224,554,1071,q30,1.0,1.0,0.0
20191124_20191224,554,1071,q40,1.0,1.0,0.0
20191124_20191224,554,1072,unw,1.0000000000000002,1.0,2.220446049250313e-16
20191124_20191224,554,1072,q20,1.0000000000000002,1.0,2.220446049250313e-16
20191124_20191224,554,1072,q30,1.0000000000000002,1.0,2.220446049250313e-16
20191124_20191224,554,1072,q40,1.0000000000000002,1.0,2.220446049250313e-16
20191124_20191224,554,1073,unw,1.0000000000000002,1.0,2.220446049250313e-16
20191124_20191224,554,1073,q20,1.0000000000000002,1.0,2.220446049250313e-16
20191124_20191224,554,1073,q30,1.0000000000000002,1.0,2.220446049250313e-16
20191124_20191224,554,1073,q40,1.0000000000000002,1.0,2.220446049250313e-16
20191124_20191224,554,1075,unw,1.0,1.0,0.0
20191124_20191224,554,1075,q20,1.0,1.0,0.0
20191124_20191224,554,1075,q30,1.0,1.0,0.0
20191124_20191224,554,1075,q40,1.0,1.0,0.0
20191124_20191224,569,436,unw,1.0000000000000002,1.0,2.220446049250313e-16
20191124_20191224,569,436,q20,0.9676351524215147,0.9676351547241211,-2.302606438853161e-09
20191124_20191224,569,436,q30,0.0,0.0,0.0
20191124_20191224,569,436,q40,0.0,0.0,0.0
20191124_20191224,576,1364,unw,1.0000000000000002,1.0,2.220446049250313e-16
20191124_20191224,576,1364,q20,1.0000000000000002,1.0,2.220446049250313e-16
20191124_20191224,576,1364,q30,1.0000000000000002,1.0,2.220446049250313e-16
20191124_20191224,576,1364,q40,1.0000000000000002,1.0,2.220446049250313e-16
20191124_20191224,626,300,unw,0.9999999999999998,1.0,-2.220446049250313e-16
20191124_20191224,626,300,q20,0.9999999999999998,1.0,-2.220446049250313e-16
20191124_20191224,626,300,q30,0.9999999999999998,1.0,-2.220446049250313e-16
20191124_20191224,626,300,q40,0.71792564175608,0.7179256677627563,-2.6006676367984483e-08
20191124_20191224,632,619,unw,1.0000000000000002,1.0,2.220446049250313e-16
20191124_20191224,632,619,q20,0.20864567482888688,0.20864567160606384,3.2228230362196797e-09
20191124_20191224,632,619,q30,0.0,0.0,0.0
20191124_20191224,632,619,q40,0.0,0.0,0.0
20191124_20191224,647,649,unw,1.0,1.0,0.0
20191124_20191224,647,649,q20,1.0,1.0,0.0
20191124_20191224,647,649,q30,1.0,1.0,0.0
20191124_20191224,647,649,q40,1.0,1.0,0.0
20191124_20191224,657,1392,unw,1.0,1.0,0.0
20191124_20191224,657,1392,q20,0.0,0.0,0.0
20191124_20191224,657,1392,q30,0.0,0.0,0.0
20191124_20191224,657,1392,q40,0.0,0.0,0.0
20191124_20191224,677,357,unw,1.0,1.0,0.0
20191124_20191224,677,357,q20,0.0,0.0,0.0
20191124_20191224,677,357,q30,0.0,0.0,0.0
20191124_20191224,677,357,q40,0.0,0.0,0.0
20191124_20191224,690,367,unw,0.9999999999999999,1.0,-1.1102230246251565e-16
20191124_20191224,690,367,q20,0.4325883002658808,0.4325883090496063,-8.783725524708075e-09
20191124_20191224,690,367,q30,0.0,0.0,0.0
20191124_20191224,690,367,q40,0.0,0.0,0.0
20191124_20191224,692,795,unw,1.0,1.0,0.0
20191124_20191224,692,795,q20,1.0,1.0,0.0
20191124_20191224,692,795,q30,1.0,1.0,0.0
20191124_20191224,692,795,q40,1.0,1.0,0.0
20191124_20191224,702,432,unw,0.9999999999999999,1.0,-1.1102230246251565e-16
20191124_20191224,702,432,q20,0.0,0.0,0.0
20191124_20191224,702,432,q30,0.0,0.0,0.0
20191124_20191224,702,432,q40,0.0,0.0,0.0
20191124_20191224,704,381,unw,1.0000000000000002,1.0,2.220446049250313e-16
20191124_20191224,704,381,q20,0.6324701203828106,0.6324701309204102,-1.0537599570703549e-08
20191124_20191224,704,381,q30,0.6324701203828106,0.6324701309204102,-1.0537599570703549e-08
20191124_20191224,704,381,q40,0.6324701203828106,0.6324701309204102,-1.0537599570703549e-08
20191124_20191224,726,923,unw,1.0,1.0,0.0
20191124_20191224,726,923,q20,1.0,1.0,0.0
20191124_20191224,726,923,q30,1.0,1.0,0.0
20191124_20191224,726,923,q40,1.0,1.0,0.0
20191124_20191224,775,85,unw,0.9999999999999999,1.0,-1.1102230246251565e-16
20191124_20191224,775,85,q20,0.0,0.0,0.0
20191124_20191224,775,85,q30,0.0,0.0,0.0
20191124_20191224,775,85,q40,0.0,0.0,0.0
20191124_20191224,782,71,unw,0.6325314244597564,0.6325314044952393,1.996451715058356e-08
20191124_20191224,782,71,q20,0.0,0.0,0.0
20191124_20191224,782,71,q30,0.0,0.0,0.0
20191124_20191224,782,71,q40,0.0,0.0,0.0
20191124_20191224,808,475,unw,1.0,1.0,0.0
20191124_20191224,808,475,q20,0.7674477287660756,0.7674477100372314,1.8728844142223977e-08
20191124_20191224,808,475,q30,0.7674477287660756,0.7674477100372314,1.8728844142223977e-08
20191124_20191224,808,475,q40,0.7674477287660756,0.7674477100372314,1.8728844142223977e-08
20191124_20191224,808,1073,unw,1.0,1.0,0.0
20191124_20191224,808,1073,q20,1.0,1.0,0.0
20191124_20191224,808,1073,q30,1.0,1.0,0.0
20191124_20191224,808,1073,q40,1.0,1.0,0.0
20191124_20191224,809,309,unw,0.8380819357463057,0.838081955909729,-2.016342326438547e-08
20191124_20191224,809,309,q20,0.0,0.0,0.0
20191124_20191224,809,309,q30,0.0,0.0,0.0
20191124_20191224,809,309,q40,0.0,0.0,0.0
20191124_20191224,817,264,unw,0.9999999999999999,1.0,-1.1102230246251565e-16
20191124_20191224,817,264,q20,0.0,0.0,0.0
20191124_20191224,817,264,q30,0.0,0.0,0.0
20191124_20191224,817,264,q40,0.0,0.0,0.0
20191124_20191224,819,962,unw,1.0,1.0,0.0
20191124_20191224,819,962,q20,1.0,1.0,0.0
20191124_20191224,819,962,q30,0.7912506627617004,0.7912506461143494,1.6647351053222792e-08
20191124_20191224,819,962,q40,0.4325606381917834,0.43256065249443054,-1.4302647122210743e-08
20191124_20191224,854,1271,unw,0.9999999999999999,1.0,-1.1102230246251565e-16
20191124_20191224,854,1271,q20,0.0,0.0,0.0
20191124_20191224,854,1271,q30,0.0,0.0,0.0
20191124_20191224,854,1271,q40,0.0,0.0,0.0
20191124_20191224,858,1239,unw,0.16809744034575833,0.16809743642807007,3.917688257137897e-09
20191124_20191224,858,1239,q20,0.0,0.0,0.0
20191124_20191224,858,1239,q30,0.0,0.0,0.0
20191124_20191224,858,1239,q40,0.0,0.0,0.0
20191124_20191224,858,1284,unw,1.0,1.0,0.0
20191124_20191224,858,1284,q20,1.0,1.0,0.0
20191124_20191224,858,1284,q30,0.7681323404923603,0.7681323289871216,1.1505238761699843e-08
20191124_20191224,858,1284,q40,0.7681323404923603,0.7681323289871216,1.1505238761699843e-08
20191124_20191224,862,325,unw,1.0,1.0,0.0
20191124_20191224,862,325,q20,0.4354094035692764,0.43540939688682556,6.682450814921026e-09
20191124_20191224,862,325,q30,0.0,0.0,0.0
20191124_20191224,862,325,q40,0.0,0.0,0.0
20191124_20191224,876,907,unw,0.9999999999999999,1.0,-1.1102230246251565e-16
20191124_20191224,876,907,q20,0.0,0.0,0.0
20191124_20191224,876,907,q30,0.0,0.0,0.0
20191124_20191224,876,907,q40,0.0,0.0,0.0
20191124_20191224,914,946,unw,1.0,1.0,0.0
20191124_20191224,914,946,q20,1.0,1.0,0.0
20191124_20191224,914,946,q30,0.36736483018544824,0.3673648238182068,6.367241456306516e-09
20191124_20191224,914,946,q40,0.0,0.0,0.0
20191124_20191224,916,1096,unw,1.0,1.0,0.0
20191124_20191224,916,1096,q20,0.0,0.0,0.0
20191124_20191224,916,1096,q30,0.0,0.0,0.0
20191124_20191224,916,1096,q40,0.0,0.0,0.0
20191124_20191224,926,1390,unw,0.6326446012109709,0.6326445937156677,7.495303155913291e-09
20191124_20191224,926,1390,q20,0.0,0.0,0.0
20191124_20191224,926,1390,q30,0.0,0.0,0.0
20191124_20191224,926,1390,q40,0.0,0.0,0.0
20191124_20191224,943,600,unw,1.0,1.0,0.0
20191124_20191224,943,600,q20,0.1673420249258463,0.16734202206134796,2.8644983329773055e-09
20191124_20191224,943,600,q30,0.0,0.0,0.0
20191124_20191224,943,600,q40,0.0,0.0,0.0
20191124_20191224,958,438,unw,0.8215707609127075,0.8215707540512085,6.861499035615282e-09
20191124_20191224,958,438,q20,0.0,0.0,0.0
20191124_20191224,958,438,q30,0.0,0.0,0.0
20191124_20191224,958,438,q40,0.0,0.0,0.0
20191124_20191224,962,497,unw,0.3673271046010065,0.36732709407806396,1.052294251735475e-08
20191124_20191224,962,497,q20,0.0,0.0,0.0
20191124_20191224,962,497,q30,0.0,0.0,0.0
20191124_20191224,962,497,q40,0.0,0.0,0.0
20191124_20191224,969,839,unw,0.9999999999999999,1.0,-1.1102230246251565e-16
20191124_20191224,969,839,q20,0.013939865625162539,0.013939865864813328,-2.3965078879695234e-10
20191124_20191224,969,839,q30,0.0,0.0,0.0
20191124_20191224,969,839,q40,0.0,0.0,0.0
20191124_20191224,971,292,unw,0.9673191922565707,0.9673191905021667,1.7544039554451274e-09
20191124_20191224,971,292,q20,0.0,0.0,0.0
20191124_20191224,971,292,q30,0.0,0.0,0.0
20191124_20191224,971,292,q40,0.0,0.0,0.0
20191124_20191224,1036,1277,unw,0.23273146887797683,0.23273146152496338,7.353013448119228e-09
20191124_20191224,1036,1277,q20,0.0,0.0,0.0
20191124_20191224,1036,1277,q30,0.0,0.0,0.0
20191124_20191224,1036,1277,q40,0.0,0.0,0.0
20191124_20191224,1084,312,unw,0.17848219857695033,0.17848220467567444,-6.098724109060427e-09
20191124_20191224,1084,312,q20,0.0,0.0,0.0
20191124_20191224,1084,312,q30,0.0,0.0,0.0
20191124_20191224,1084,312,q40,0.0,0.0,0.0
20191124_20191224,1095,1113,unw,0.07270593733387587,0.072705939412117,-2.0782411347397556e-09
20191124_20191224,1095,1113,q20,0.0,0.0,0.0
20191124_20191224,1095,1113,q30,0.0,0.0,0.0
20191124_20191224,1095,1113,q40,0.0,0.0,0.0
20191124_20191224,1121,1279,unw,0.9999999999999999,1.0,-1.1102230246251565e-16
20191124_20191224,1121,1279,q20,0.0,0.0,0.0
20191124_20191224,1121,1279,q30,0.0,0.0,0.0
20191124_20191224,1121,1279,q40,0.0,0.0,0.0
20191124_20191224,1122,338,unw,1.0,1.0,0.0
20191124_20191224,1122,338,q20,1.0,1.0,0.0
20191124_20191224,1122,338,q30,0.6326109381882272,0.6326109170913696,2.109685759421609e-08
20191124_20191224,1122,338,q40,0.0,0.0,0.0
20191124_20191224,1156,1253,unw,0.7427073553595155,0.742707371711731,-1.6352215470583076e-08
20191124_20191224,1156,1253,q20,0.0,0.0,0.0
20191124_20191224,1156,1253,q30,0.0,0.0,0.0
20191124_20191224,1156,1253,q40,0.0,0.0,0.0
20191124_20191224,1203,149,unw,0.9999999999999999,1.0,-1.1102230246251565e-16
20191124_20191224,1203,149,q20,0.0,0.0,0.0
20191124_20191224,1203,149,q30,0.0,0.0,0.0
20191124_20191224,1203,149,q40,0.0,0.0,0.0
20191124_20191224,1203,150,unw,0.9999999999999999,1.0,-1.1102230246251565e-16
20191124_20191224,1203,150,q20,0.0,0.0,0.0
20191124_20191224,1203,150,q30,0.0,0.0,0.0
20191124_20191224,1203,150,q40,0.0,0.0,0.0
20191124_20191224,1203,151,unw,0.43275808474316396,0.432758092880249,-8.1370850613105e-09
20191124_20191224,1203,151,q20,0.0,0.0,0.0
20191124_20191224,1203,151,q30,0.0,0.0,0.0
20191124_20191224,1203,151,q40,0.0,0.0,0.0
20191124_20191224,1203,152,unw,0.0,0.0,0.0
20191124_20191224,1203,152,q20,0.0,0.0,0.0
20191124_20191224,1203,152,q30,0.0,0.0,0.0
20191124_20191224,1203,152,q40,0.0,0.0,0.0
20191124_20191224,1203,153,unw,0.0,0.0,0.0
20191124_20191224,1203,153,q20,0.0,0.0,0.0
20191124_20191224,1203,153,q30,0.0,0.0,0.0
20191124_20191224,1203,153,q40,0.0,0.0,0.0
20191124_20191224,1203,154,unw,0.0,0.0,0.0
20191124_20191224,1203,154,q20,0.0,0.0,0.0
20191124_20191224,1203,154,q30,0.0,0.0,0.0
20191124_20191224,1203,154,q40,0.0,0.0,0.0
20191124_20191224,1203,155,unw,0.548560822602625,0.5485607981681824,2.4434442580378857e-08
20191124_20191224,1203,155,q20,0.0,0.0,0.0
20191124_20191224,1203,155,q30,0.0,0.0,0.0
20191124_20191224,1203,155,q40,0.0,0.0,0.0
20191124_20191224,1205,1276,unw,0.03286472483650906,0.03286472335457802,1.4819310431568589e-09
20191124_20191224,1205,1276,q20,0.0,0.0,0.0
20191124_20191224,1205,1276,q30,0.0,0.0,0.0
20191124_20191224,1205,1276,q40,0.0,0.0,0.0
20191124_20191224,1239,142,unw,1.0,1.0,0.0
20191124_20191224,1239,142,q20,0.0,0.0,0.0
20191124_20191224,1239,142,q30,0.0,0.0,0.0
20191124_20191224,1239,142,q40,0.0,0.0,0.0
20191124_20191224,1243,555,unw,0.9999999999999999,1.0,-1.1102230246251565e-16
20191124_20191224,1243,555,q20,0.0,0.0,0.0
20191124_20191224,1243,555,q30,0.0,0.0,0.0
20191124_20191224,1243,555,q40,0.0,0.0,0.0
20191124_20191224,1259,906,unw,0.9999999999999999,1.0,-1.1102230246251565e-16
20191124_20191224,1259,906,q20,0.9999999999999999,1.0,-1.1102230246251565e-16
20191124_20191224,1259,906,q30,0.9999999999999999,1.0,-1.1102230246251565e-16
20191124_20191224,1259,906,q40,0.9999999999999999,1.0,-1.1102230246251565e-16
20191124_20191224,1267,829,unw,1.0,1.0,0.0
20191124_20191224,1267,829,q20,1.0000000000000002,1.0,2.220446049250313e-16
20191124_20191224,1267,829,q30,1.0000000000000002,1.0,2.220446049250313e-16
20191124_20191224,1267,829,q40,1.0000000000000002,1.0,2.220446049250313e-16
20191124_20191224,1273,1338,unw,1.0000000000000002,1.0,2.220446049250313e-16
20191124_20191224,1273,1338,q20,1.0000000000000002,1.0,2.220446049250313e-16
20191124_20191224,1273,1338,q30,0.8329173420998273,0.832917332649231,9.450596305526915e-09
20191124_20191224,1273,1338,q40,0.19309124056357285,0.1930912435054779,-2.94190505290004e-09
20191124_20191224,1385,725,unw,1.0,1.0,0.0
20191124_20191224,1385,725,q20,0.0,0.0,0.0
20191124_20191224,1385,725,q30,0.0,0.0,0.0
20191124_20191224,1385,725,q40,0.0,0.0,0.0
20191124_20191224,1444,502,unw,1.0000000000000002,1.0,2.220446049250313e-16
20191124_20191224,1444,502,q20,0.0,0.0,0.0
20191124_20191224,1444,502,q30,0.0,0.0,0.0
20191124_20191224,1444,502,q40,0.0,0.0,0.0
20200105_20200111,1,151,unw,1.0,1.0,0.0
20200105_20200111,1,151,q20,0.36001906728187505,0.3600190579891205,9.292754565848327e-09
20200105_20200111,1,151,q30,0.0,0.0,0.0
20200105_20200111,1,151,q40,0.0,0.0,0.0
20200105_20200111,122,1389,unw,0.0,0.0,0.0
20200105_20200111,122,1389,q20,0.0,0.0,0.0
20200105_20200111,122,1389,q30,0.0,0.0,0.0
20200105_20200111,122,1389,q40,0.0,0.0,0.0
20200105_20200111,122,1404,unw,0.9999999999999999,1.0,-1.1102230246251565e-16
20200105_20200111,122,1404,q20,0.9999999999999999,1.0,-1.1102230246251565e-16
20200105_20200111,122,1404,q30,0.9999999999999999,1.0,-1.1102230246251565e-16
20200105_20200111,122,1404,q40,0.9999999999999999,1.0,-1.1102230246251565e-16
20200105_20200111,161,1506,unw,1.0,1.0,0.0
20200105_20200111,161,1506,q20,1.0,1.0,0.0
20200105_20200111,161,1506,q30,1.0,1.0,0.0
20200105_20200111,161,1506,q40,1.0,1.0,0.0
20200105_20200111,268,674,unw,0.9999999999999999,1.0,-1.1102230246251565e-16
20200105_20200111,268,674,q20,0.9999999999999999,1.0,-1.1102230246251565e-16
20200105_20200111,268,674,q30,0.6323468290089214,0.6323468089103699,2.0098551489766692e-08
20200105_20200111,268,674,q40,0.0,0.0,0.0
20200105_20200111,296,1200,unw,1.0,1.0,0.0
20200105_20200111,296,1200,q20,0.9999999999999999,1.0,-1.1102230246251565e-16
20200105_20200111,296,1200,q30,0.9999999999999999,1.0,-1.1102230246251565e-16
20200105_20200111,296,1200,q40,0.9999999999999999,1.0,-1.1102230246251565e-16
20200105_20200111,315,1484,unw,1.0,1.0,0.0
20200105_20200111,315,1484,q20,0.0,0.0,0.0
20200105_20200111,315,1484,q30,0.0,0.0,0.0
20200105_20200111,315,1484,q40,0.0,0.0,0.0
20200105_20200111,319,989,unw,1.0,1.0,0.0
20200105_20200111,319,989,q20,1.0,1.0,0.0
20200105_20200111,319,989,q30,1.0,1.0,0.0
20200105_20200111,319,989,q40,1.0,1.0,0.0
20200105_20200111,355,494,unw,1.0,1.0,0.0
20200105_20200111,355,494,q20,1.0,1.0,0.0
20200105_20200111,355,494,q30,1.0,1.0,0.0
20200105_20200111,355,494,q40,0.16780416982106106,0.16780416667461395,3.1464471028641583e-09
20200105_20200111,360,585,unw,1.0,1.0,0.0
20200105_20200111,360,585,q20,1.0,1.0,0.0
20200105_20200111,360,585,q30,1.0,1.0,0.0
20200105_20200111,360,585,q40,1.0,1.0,0.0
20200105_20200111,377,1190,unw,1.0000000000000002,1.0,2.220446049250313e-16
20200105_20200111,377,1190,q20,0.6437978562620765,0.6437978744506836,-1.818860706492842e-08
20200105_20200111,377,1190,q30,0.6319412327680551,0.6319412589073181,-2.6139262976343502e-08
20200105_20200111,377,1190,q40,0.6319412327680551,0.6319412589073181,-2.6139262976343502e-08
20200105_20200111,381,1261,unw,1.0,1.0,0.0
20200105_20200111,381,1261,q20,1.0,1.0,0.0
20200105_20200111,381,1261,q30,1.0,1.0,0.0
20200105_20200111,381,1261,q40,0.43188558119403214,0.43188557028770447,1.0906327674309324e-08
20200105_20200111,402,544,unw,1.0,1.0,0.0
20200105_20200111,402,544,q20,1.0,1.0,0.0
20200105_20200111,402,544,q30,1.0,1.0,0.0
20200105_20200111,402,544,q40,0.0,0.0,0.0
20200105_20200111,435,730,unw,1.0,1.0,0.0
20200105_20200111,435,730,q20,1.0,1.0,0.0
20200105_20200111,435,730,q30,1.0,1.0,0.0
20200105_20200111,435,730,q40,1.0,1.0,0.0
20200105_20200111,454,815,unw,0.7752136517340945,0.7752136588096619,-7.075567354242196e-09
20200105_20200111,454,815,q20,0.0247487740948177,0.024748774245381355,-1.5056365529342308e-10
20200105_20200111,454,815,q30,0.0,0.0,0.0
20200105_20200111,454,815,q40,0.0,0.0,0.0
20200105_20200111,455,1154,unw,0.9999999999999999,1.0,-1.1102230246251565e-16
20200105_20200111,455,1154,q20,1.0000000000000002,1.0,2.220446049250313e-16
20200105_20200111,455,1154,q30,0.3680304698162222,0.36803045868873596,1.1127486265749553e-08
20200105_20200111,455,1154,q40,0.0,0.0,0.0
20200105_20200111,475,45,unw,1.0,1.0,0.0
20200105_20200111,475,45,q20,0.16770985453555923,0.1677098572254181,-2.6898588634249876e-09
20200105_20200111,475,45,q30,0.16770985453555923,0.1677098572254181,-2.6898588634249876e-09
20200105_20200111,475,45,q40,0.028034196401156855,0.02803419716656208,-7.65405225311433e-10
20200105_20200111,477,592,unw,1.0000000000000002,1.0,2.220446049250313e-16
20200105_20200111,477,592,q20,1.0000000000000002,1.0,2.220446049250313e-16
20200105_20200111,477,592,q30,1.0000000000000002,1.0,2.220446049250313e-16
20200105_20200111,477,592,q40,1.0000000000000002,1.0,2.220446049250313e-16
20200105_20200111,488,676,unw,1.0,1.0,0.0
20200105_20200111,488,676,q20,1.0000000000000002,1.0,2.220446049250313e-16
20200105_20200111,488,676,q30,1.0000000000000002,1.0,2.220446049250313e-16
20200105_20200111,488,676,q40,1.0000000000000002,1.0,2.220446049250313e-16
20200105_20200111,543,580,unw,1.0,1.0,0.0
20200105_20200111,543,580,q20,1.0,1.0,0.0
20200105_20200111,543,580,q30,1.0,1.0,0.0
20200105_20200111,543,580,q40,1.0,1.0,0.0
20200105_20200111,554,1068,unw,1.0,1.0,0.0
20200105_20200111,554,1068,q20,1.0,1.0,0.0
20200105_20200111,554,1068,q30,1.0,1.0,0.0
20200105_20200111,554,1068,q40,1.0,1.0,0.0
20200105_20200111,554,1069,unw,1.0000000000000002,1.0,2.220446049250313e-16
20200105_20200111,554,1069,q20,1.0000000000000002,1.0,2.220446049250313e-16
20200105_20200111,554,1069,q30,1.0000000000000002,1.0,2.220446049250313e-16
20200105_20200111,554,1069,q40,1.0000000000000002,1.0,2.220446049250313e-16
20200105_20200111,554,1070,unw,1.0,1.0,0.0
20200105_20200111,554,1070,q20,0.9999999999999999,1.0,-1.1102230246251565e-16
20200105_20200111,554,1070,q30,0.9999999999999999,1.0,-1.1102230246251565e-16
20200105_20200111,554,1070,q40,0.9999999999999999,1.0,-1.1102230246251565e-16
20200105_20200111,554,1071,unw,1.0,1.0,0.0
20200105_20200111,554,1071,q20,1.0,1.0,0.0
20200105_20200111,554,1071,q30,1.0,1.0,0.0
20200105_20200111,554,1071,q40,1.0,1.0,0.0
20200105_20200111,554,1072,unw,1.0000000000000002,1.0,2.220446049250313e-16
20200105_20200111,554,1072,q20,1.0000000000000002,1.0,2.220446049250313e-16
20200105_20200111,554,1072,q30,1.0000000000000002,1.0,2.220446049250313e-16
20200105_20200111,554,1072,q40,1.0000000000000002,1.0,2.220446049250313e-16
20200105_20200111,554,1073,unw,1.0000000000000002,1.0,2.220446049250313e-16
20200105_20200111,554,1073,q20,1.0000000000000002,1.0,2.220446049250313e-16
20200105_20200111,554,1073,q30,1.0000000000000002,1.0,2.220446049250313e-16
20200105_20200111,554,1073,q40,1.0000000000000002,1.0,2.220446049250313e-16
20200105_20200111,554,1075,unw,1.0,1.0,0.0
20200105_20200111,554,1075,q20,1.0,1.0,0.0
20200105_20200111,554,1075,q30,1.0,1.0,0.0
20200105_20200111,554,1075,q40,1.0,1.0,0.0
20200105_20200111,569,436,unw,1.0000000000000002,1.0,2.220446049250313e-16
20200105_20200111,569,436,q20,1.0000000000000002,1.0,2.220446049250313e-16
20200105_20200111,569,436,q30,0.0,0.0,0.0
20200105_20200111,569,436,q40,0.0,0.0,0.0
20200105_20200111,576,1364,unw,1.0000000000000002,1.0,2.220446049250313e-16
20200105_20200111,576,1364,q20,1.0000000000000002,1.0,2.220446049250313e-16
20200105_20200111,576,1364,q30,1.0000000000000002,1.0,2.220446049250313e-16
20200105_20200111,576,1364,q40,1.0000000000000002,1.0,2.220446049250313e-16
20200105_20200111,626,300,unw,0.9999999999999998,1.0,-2.220446049250313e-16
20200105_20200111,626,300,q20,0.9999999999999998,1.0,-2.220446049250313e-16
20200105_20200111,626,300,q30,0.9999999999999998,1.0,-2.220446049250313e-16
20200105_20200111,626,300,q40,0.9999999999999998,1.0,-2.220446049250313e-16
20200105_20200111,632,619,unw,1.0000000000000002,1.0,2.220446049250313e-16
20200105_20200111,632,619,q20,0.567609781627125,0.5676097869873047,-5.360179633484563e-09
20200105_20200111,632,619,q30,0.0,0.0,0.0
20200105_20200111,632,619,q40,0.0,0.0,0.0
20200105_20200111,647,649,unw,1.0,1.0,0.0
20200105_20200111,647,649,q20,1.0,1.0,0.0
20200105_20200111,647,649,q30,1.0,1.0,0.0
20200105_20200111,647,649,q40,1.0,1.0,0.0
20200105_20200111,657,1392,unw,1.0,1.0,0.0
20200105_20200111,657,1392,q20,0.0,0.0,0.0
20200105_20200111,657,1392,q30,0.0,0.0,0.0
20200105_20200111,657,1392,q40,0.0,0.0,0.0
20200105_20200111,677,357,unw,1.0,1.0,0.0
20200105_20200111,677,357,q20,0.8325958462399962,0.8325958251953125,2.1044683662374553e-08
20200105_20200111,677,357,q30,0.027017512411123438,0.027017513290047646,-8.789242077200665e-10
20200105_20200111,677,357,q40,0.0,0.0,0.0
20200105_20200111,690,367,unw,0.9999999999999999,1.0,-1.1102230246251565e-16
20200105_20200111,690,367,q20,0.9999999999999999,1.0,-1.1102230246251565e-16
20200105_20200111,690,367,q30,0.4325883002658808,0.4325883090496063,-8.783725524708075e-09
20200105_20200111,690,367,q40,0.4325883002658808,0.4325883090496063,-8.783725524708075e-09
20200105_20200111,692,795,unw,1.0,1.0,0.0
20200105_20200111,692,795,q20,1.0,1.0,0.0
20200105_20200111,692,795,q30,1.0,1.0,0.0
20200105_20200111,692,795,q40,1.0,1.0,0.0
20200105_20200111,702,432,unw,0.9999999999999999,1.0,-1.1102230246251565e-16
20200105_20200111,702,432,q20,0.0,0.0,0.0
20200105_20200111,702,432,q30,0.0,0.0,0.0
20200105_20200111,702,432,q40,0.0,0.0,0.0
20200105_20200111,704,381,unw,1.0000000000000002,1.0,2.220446049250313e-16
20200105_20200111,704,381,q20,0.938467038090639,0.9384670257568359,1.2333803089958906e-08
20200105_20200111,704,381,q30,0.6324701203828106,0.6324701309204102,-1.0537599570703549e-08
20200105_20200111,704,381,q40,0.6324701203828106,0.6324701309204102,-1.0537599570703549e-08
20200105_20200111,726,923,unw,1.0,1.0,0.0
20200105_20200111,726,923,q20,1.0,1.0,0.0
20200105_20200111,726,923,q30,1.0,1.0,0.0
20200105_20200111,726,923,q40,1.0,1.0,0.0
20200105_20200111,775,85,unw,0.9999999999999999,1.0,-1.1102230246251565e-16
20200105_20200111,775,85,q20,0.4328099633216026,0.4328099489212036,1.4400398984371066e-08
20200105_20200111,775,85,q30,0.3603255188167926,0.36032551527023315,3.5465594350192475e-09
20200105_20200111,775,85,q40,0.0,0.0,0.0
20200105_20200111,782,71,unw,1.0,1.0,0.0
20200105_20200111,782,71,q20,1.0,1.0,0.0
20200105_20200111,782,71,q30,1.0,1.0,0.0
20200105_20200111,782,71,q40,0.3674685755402436,0.36746856570243835,9.837805237111752e-09
20200105_20200111,808,475,unw,1.0,1.0,0.0
20200105_20200111,808,475,q20,1.0,1.0,0.0
20200105_20200111,808,475,q30,0.8994203501471204,0.8994203209877014,2.9159418990509778e-08
20200105_20200111,808,475,q40,0.7674477287660756,0.7674477100372314,1.8728844142223977e-08
20200105_20200111,808,1073,unw,1.0,1.0,0.0
20200105_20200111,808,1073,q20,1.0,1.0,0.0
20200105_20200111,808,1073,q30,1.0,1.0,0.0
20200105_20200111,808,1073,q40,1.0,1.0,0.0
20200105_20200111,809,309,unw,0.9999999999999999,1.0,-1.1102230246251565e-16
20200105_20200111,809,309,q20,0.8326335761276265,0.8326335549354553,2.119217112905858e-08
20200105_20200111,809,309,q30,0.8055284552296043,0.805528461933136,-6.7035317297126085e-09
20200105_20200111,809,309,q40,0.0,0.0,0.0
20200105_20200111,817,264,unw,0.9999999999999999,1.0,-1.1102230246251565e-16
20200105_20200111,817,264,q20,0.0,0.0,0.0
20200105_20200111,817,264,q30,0.0,0.0,0.0
20200105_20200111,817,264,q40,0.0,0.0,0.0
20200105_20200111,819,962,unw,1.0,1.0,0.0
20200105_20200111,819,962,q20,1.0,1.0,0.0
20200105_20200111,819,962,q30,0.7912506627617004,0.7912506461143494,1.6647351053222792e-08
20200105_20200111,819,962,q40,0.4325606381917834,0.43256065249443054,-1.4302647122210743e-08
20200105_20200111,854,1271,unw,0.9999999999999999,1.0,-1.1102230246251565e-16
20200105_20200111,854,1271,q20,0.0,0.0,0.0
20200105_20200111,854,1271,q30,0.0,0.0,0.0
20200105_20200111,854,1271,q40,0.0,0.0,0.0
20200105_20200111,858,1239,unw,1.0,1.0,0.0
20200105_20200111,858,1239,q20,0.0,0.0,0.0
20200105_20200111,858,1239,q30,0.0,0.0,0.0
20200105_20200111,858,1239,q40,0.0,0.0,0.0
20200105_20200111,858,1284,unw,1.0,1.0,0.0
20200105_20200111,858,1284,q20,1.0,1.0,0.0
20200105_20200111,858,1284,q30,1.0,1.0,0.0
20200105_20200111,858,1284,q40,1.0,1.0,0.0
20200105_20200111,862,325,unw,1.0,1.0,0.0
20200105_20200111,862,325,q20,1.0,1.0,0.0
20200105_20200111,862,325,q30,1.0,1.0,0.0
20200105_20200111,862,325,q40,0.7674052872210341,0.7674052715301514,1.569088270425567e-08
20200105_20200111,876,907,unw,0.9999999999999999,1.0,-1.1102230246251565e-16
20200105_20200111,876,907,q20,0.9999999999999999,1.0,-1.1102230246251565e-16
20200105_20200111,876,907,q30,0.9999999999999999,1.0,-1.1102230246251565e-16
20200105_20200111,876,907,q40,0.0,0.0,0.0
20200105_20200111,914,946,unw,1.0,1.0,0.0
20200105_20200111,914,946,q20,1.0,1.0,0.0
20200105_20200111,914,946,q30,1.0,1.0,0.0
20200105_20200111,914,946,q40,0.6326351698145517,0.6326351761817932,-6.367241511817667e-09
20200105_20200111,916,1096,unw,1.0,1.0,0.0
20200105_20200111,916,1096,q20,0.0,0.0,0.0
20200105_20200111,916,1096,q30,0.0,0.0,0.0
20200105_20200111,916,1096,q40,0.0,0.0,0.0
20200105_20200111,926,1390,unw,1.0,1.0,0.0
20200105_20200111,926,1390,q20,1.0,1.0,0.0
20200105_20200111,926,1390,q30,1.0,1.0,0.0
20200105_20200111,926,1390,q40,0.0,0.0,0.0
20200105_20200111,943,600,unw,1.0,1.0,0.0
20200105_20200111,943,600,q20,1.0,1.0,0.0
20200105_20200111,943,600,q30,0.12845084969033907,0.12845085561275482,-5.922415752257493e-09
20200105_20200111,943,600,q40,0.0,0.0,0.0
20200105_20200111,958,438,unw,0.9999999999999999,1.0,-1.1102230246251565e-16
20200105_20200111,958,438,q20,0.1785667548172099,0.17856675386428833,9.529215749815023e-10
20200105_20200111,958,438,q30,0.0,0.0,0.0
20200105_20200111,958,438,q40,0.0,0.0,0.0
20200105_20200111,962,497,unw,0.9999999999999999,1.0,-1.1102230246251565e-16
20200105_20200111,962,497,q20,0.0,0.0,0.0
20200105_20200111,962,497,q30,0.0,0.0,0.0
20200105_20200111,962,497,q40,0.0,0.0,0.0
20200105_20200111,969,839,unw,0.9999999999999999,1.0,-1.1102230246251565e-16
20200105_20200111,969,839,q20,0.9999999999999999,1.0,-1.1102230246251565e-16
20200105_20200111,969,839,q30,0.013939865625162539,0.013939865864813328,-2.3965078879695234e-10
20200105_20200111,969,839,q40,0.0,0.0,0.0
20200105_20200111,971,292,unw,1.0000000000000002,1.0,2.220446049250313e-16
20200105_20200111,971,292,q20,0.0,0.0,0.0
20200105_20200111,971,292,q30,0.0,0.0,0.0
20200105_20200111,971,292,q40,0.0,0.0,0.0
20200105_20200111,1036,1277,unw,1.0,1.0,0.0
20200105_20200111,1036,1277,q20,0.0,0.0,0.0
20200105_20200111,1036,1277,q30,0.0,0.0,0.0
20200105_20200111,1036,1277,q40,0.0,0.0,0.0
20200105_20200111,1084,312,unw,0.9999999999999999,1.0,-1.1102230246251565e-16
20200105_20200111,1084,312,q20,0.0541494910524238,0.05414948984980583,1.2026179704860418e-09
20200105_20200111,1084,312,q30,0.0,0.0,0.0
20200105_20200111,1084,312,q40,0.0,0.0,0.0
20200105_20200111,1095,1113,unw,1.0,1.0,0.0
20200105_20200111,1095,1113,q20,0.0,0.0,0.0
20200105_20200111,1095,1113,q30,0.0,0.0,0.0
20200105_20200111,1095,1113,q40,0.0,0.0,0.0
20200105_20200111,1121,1279,unw,0.9999999999999999,1.0,-1.1102230246251565e-16
20200105_20200111,1121,1279,q20,0.9858351770147171,0.9858351945877075,-1.7572990396175214e-08
20200105_20200111,1121,1279,q30,0.5494946871819241,0.5494946837425232,3.439400875215881e-09
20200105_20200111,1121,1279,q40,0.0,0.0,0.0
20200105_20200111,1122,338,unw,1.0,1.0,0.0
20200105_20200111,1122,338,q20,1.0,1.0,0.0
20200105_20200111,1122,338,q30,1.0,1.0,0.0
20200105_20200111,1122,338,q40,0.6326109381882272,0.6326109170913696,2.109685759421609e-08
20200105_20200111,1156,1253,unw,0.9999999999999999,1.0,-1.1102230246251565e-16
20200105_20200111,1156,1253,q20,0.2254004607161329,0.22540046274662018,-2.0304872783150074e-09
20200105_20200111,1156,1253,q30,0.0,0.0,0.0
20200105_20200111,1156,1253,q40,0.0,0.0,0.0
20200105_20200111,1203,149,unw,0.5671375579260525,0.5671375393867493,1.853930320372399e-08
20200105_20200111,1203,149,q20,0.0,0.0,0.0
20200105_20200111,1203,149,q30,0.0,0.0,0.0
20200105_20200111,1203,149,q40,0.0,0.0,0.0
20200105_20200111,1203,150,unw,0.5671375579260524,0.5671375393867493,1.8539303092701687e-08
20200105_20200111,1203,150,q20,0.0,0.0,0.0
20200105_20200111,1203,150,q30,0.0,0.0,0.0
20200105_20200111,1203,150,q40,0.0,0.0,0.0
20200105_20200111,1203,151,unw,0.8126752786108297,0.8126752972602844,-1.864945475826829e-08
20200105_20200111,1203,151,q20,0.0,0.0,0.0
20200105_20200111,1203,151,q30,0.0,0.0,0.0
20200105_20200111,1203,151,q40,0.0,0.0,0.0
20200105_20200111,1203,152,unw,0.9999999999999999,1.0,-1.1102230246251565e-16
20200105_20200111,1203,152,q20,0.0,0.0,0.0
20200105_20200111,1203,152,q30,0.0,0.0,0.0
20200105_20200111,1203,152,q40,0.0,0.0,0.0
20200105_20200111,1203,153,unw,1.0,1.0,0.0
20200105_20200111,1203,153,q20,0.0,0.0,0.0
20200105_20200111,1203,153,q30,0.0,0.0,0.0
20200105_20200111,1203,153,q40,0.0,0.0,0.0
20200105_20200111,1203,154,unw,1.0,1.0,0.0
20200105_20200111,1203,154,q20,0.0,0.0,0.0
20200105_20200111,1203,154,q30,0.0,0.0,0.0
20200105_20200111,1203,154,q40,0.0,0.0,0.0
20200105_20200111,1203,155,unw,0.9999999999999999,1.0,-1.1102230246251565e-16
20200105_20200111,1203,155,q20,0.0,0.0,0.0
20200105_20200111,1203,155,q30,0.0,0.0,0.0
20200105_20200111,1203,155,q40,0.0,0.0,0.0
20200105_20200111,1205,1276,unw,1.0,1.0,0.0
20200105_20200111,1205,1276,q20,0.0,0.0,0.0
20200105_20200111,1205,1276,q30,0.0,0.0,0.0
20200105_20200111,1205,1276,q40,0.0,0.0,0.0
20200105_20200111,1239,142,unw,1.0,1.0,0.0
20200105_20200111,1239,142,q20,1.0,1.0,0.0
20200105_20200111,1239,142,q30,0.5671092638168959,0.5671092867851257,-2.2968229873576718e-08
20200105_20200111,1239,142,q40,0.0,0.0,0.0
20200105_20200111,1243,555,unw,0.9999999999999999,1.0,-1.1102230246251565e-16
20200105_20200111,1243,555,q20,0.6933342596067261,0.6933342814445496,-2.1837823438453086e-08
20200105_20200111,1243,555,q30,0.0,0.0,0.0
20200105_20200111,1243,555,q40,0.0,0.0,0.0
20200105_20200111,1259,906,unw,0.9999999999999999,1.0,-1.1102230246251565e-16
20200105_20200111,1259,906,q20,0.9999999999999999,1.0,-1.1102230246251565e-16
20200105_20200111,1259,906,q30,0.9999999999999999,1.0,-1.1102230246251565e-16
20200105_20200111,1259,906,q40,0.9999999999999999,1.0,-1.1102230246251565e-16
20200105_20200111,1267,829,unw,1.0,1.0,0.0
20200105_20200111,1267,829,q20,1.0000000000000002,1.0,2.220446049250313e-16
20200105_20200111,1267,829,q30,1.0000000000000002,1.0,2.220446049250313e-16
20200105_20200111,1267,829,q40,1.0000000000000002,1.0,2.220446049250313e-16
20200105_20200111,1273,1338,unw,1.0000000000000002,1.0,2.220446049250313e-16
20200105_20200111,1273,1338,q20,1.0000000000000002,1.0,2.220446049250313e-16
20200105_20200111,1273,1338,q30,1.0000000000000002,1.0,2.220446049250313e-16
20200105_20200111,1273,1338,q40,1.0000000000000002,1.0,2.220446049250313e-16
20200105_20200111,1385,725,unw,1.0,1.0,0.0
20200105_20200111,1385,725,q20,1.0,1.0,0.0
20200105_20200111,1385,725,q30,0.9680601387853751,0.9680601358413696,2.9440054838403285e-09
20200105_20200111,1385,725,q40,0.001066338306381641,0.0010663382709026337,3.54790073188449e-11
20200105_20200111,1444,502,unw,1.0000000000000002,1.0,2.220446049250313e-16
20200105_20200111,1444,502,q20,0.0,0.0,0.0
20200105_20200111,1444,502,q30,0.0,0.0,0.0
20200105_20200111,1444,502,q40,0.0,0.0,0.0
20200329_20200919,1,151,unw,0.4574909050716781,0.4574908912181854,1.3853492686344282e-08
20200329_20200919,1,151,q20,0.0,0.0,0.0
20200329_20200919,1,151,q30,0.0,0.0,0.0
20200329_20200919,1,151,q40,0.0,0.0,0.0
20200329_20200919,122,1389,unw,0.0,0.0,0.0
20200329_20200919,122,1389,q20,0.0,0.0,0.0
20200329_20200919,122,1389,q30,0.0,0.0,0.0
20200329_20200919,122,1389,q40,0.0,0.0,0.0
20200329_20200919,122,1404,unw,0.9999999999999999,1.0,-1.1102230246251565e-16
20200329_20200919,122,1404,q20,0.9999999999999999,1.0,-1.1102230246251565e-16
20200329_20200919,122,1404,q30,0.9999999999999999,1.0,-1.1102230246251565e-16
20200329_20200919,122,1404,q40,0.9999999999999999,1.0,-1.1102230246251565e-16
20200329_20200919,161,1506,unw,1.0,1.0,0.0
20200329_20200919,161,1506,q20,1.0,1.0,0.0
20200329_20200919,161,1506,q30,1.0,1.0,0.0
20200329_20200919,161,1506,q40,1.0,1.0,0.0
20200329_20200919,268,674,unw,0.9909896473510654,0.990989625453949,2.1897116453395427e-08
20200329_20200919,268,674,q20,0.0,0.0,0.0
20200329_20200919,268,674,q30,0.0,0.0,0.0
20200329_20200919,268,674,q40,0.0,0.0,0.0
20200329_20200919,296,1200,unw,1.0,1.0,0.0
20200329_20200919,296,1200,q20,1.0000000000000002,1.0,2.220446049250313e-16
20200329_20200919,296,1200,q30,0.8080489133764168,0.8080489039421082,9.434308667621849e-09
20200329_20200919,296,1200,q40,0.0,0.0,0.0
20200329_20200919,315,1484,unw,0.6142087092802486,0.6142086982727051,1.100754354332878e-08
20200329_20200919,315,1484,q20,0.0,0.0,0.0
20200329_20200919,315,1484,q30,0.0,0.0,0.0
20200329_20200919,315,1484,q40,0.0,0.0,0.0
20200329_20200919,319,989,unw,1.0,1.0,0.0
20200329_20200919,319,989,q20,1.0,1.0,0.0
20200329_20200919,319,989,q30,1.0,1.0,0.0
20200329_20200919,319,989,q40,1.0,1.0,0.0
20200329_20200919,355,494,unw,1.0,1.0,0.0
20200329_20200919,355,494,q20,0.7759622258056267,0.775962233543396,-7.73776931417558e-09
20200329_20200919,355,494,q30,0.7677139522269247,0.7677139639854431,-1.1758518381199679e-08
20200329_20200919,355,494,q40,0.0,0.0,0.0
20200329_20200919,360,585,unw,1.0,1.0,0.0
20200329_20200919,360,585,q20,1.0,1.0,0.0
20200329_20200919,360,585,q30,0.8982219561969232,0.8982219696044922,-1.3407568943968329e-08
20200329_20200919,360,585,q40,0.8982219561969232,0.8982219696044922,-1.3407568943968329e-08
20200329_20200919,377,1190,unw,1.0,1.0,0.0
20200329_20200919,377,1190,q20,0.03497776135276421,0.034977760165929794,1.1868344154675192e-09
20200329_20200919,377,1190,q30,0.03497776135276421,0.034977760165929794,1.1868344154675192e-09
20200329_20200919,377,1190,q40,0.03497776135276421,0.034977760165929794,1.1868344154675192e-09
20200329_20200919,381,1261,unw,0.9999999999999999,1.0,-1.1102230246251565e-16
20200329_20200919,381,1261,q20,0.0,0.0,0.0
20200329_20200919,381,1261,q30,0.0,0.0,0.0
20200329_20200919,381,1261,q40,0.0,0.0,0.0
20200329_20200919,402,544,unw,1.0,1.0,0.0
20200329_20200919,402,544,q20,0.5645293559553167,0.5645293593406677,-3.385350999529635e-09
20200329_20200919,402,544,q30,0.0,0.0,0.0
20200329_20200919,402,544,q40,0.0,0.0,0.0
20200329_20200919,435,730,unw,1.0,1.0,0.0
20200329_20200919,435,730,q20,0.9999999999999999,1.0,-1.1102230246251565e-16
20200329_20200919,435,730,q30,0.5646713574725573,0.5646713376045227,1.986803455089614e-08
20200329_20200919,435,730,q40,0.0,0.0,0.0
20200329_20200919,454,815,unw,1.0,1.0,0.0
20200329_20200919,454,815,q20,0.6964075581166144,0.6964075565338135,1.582800890354008e-09
20200329_20200919,454,815,q30,0.6964075581166144,0.6964075565338135,1.582800890354008e-09
20200329_20200919,454,815,q40,0.1064948069536747,0.10649480670690536,2.467693410723726e-10
20200329_20200919,455,1154,unw,0.7307316335540396,0.7307316064834595,2.707058011086616e-08
20200329_20200919,455,1154,q20,0.0,0.0,0.0
20200329_20200919,455,1154,q30,0.0,0.0,0.0
20200329_20200919,455,1154,q40,0.0,0.0,0.0
20200329_20200919,475,45,unw,1.0,1.0,0.0
20200329_20200919,475,45,q20,0.0,0.0,0.0
20200329_20200919,475,45,q30,0.0,0.0,0.0
20200329_20200919,475,45,q40,0.0,0.0,0.0
20200329_20200919,477,592,unw,1.0,1.0,0.0
20200329_20200919,477,592,q20,1.0000000000000002,1.0,2.220446049250313e-16
20200329_20200919,477,592,q30,1.0000000000000002,1.0,2.220446049250313e-16
20200329_20200919,477,592,q40,1.0000000000000002,1.0,2.220446049250313e-16
20200329_20200919,488,676,unw,1.0,1.0,0.0
20200329_20200919,488,676,q20,1.0,1.0,0.0
20200329_20200919,488,676,q30,1.0,1.0,0.0
20200329_20200919,488,676,q40,1.0,1.0,0.0
20200329_20200919,543,580,unw,1.0,1.0,0.0
20200329_20200919,543,580,q20,1.0,1.0,0.0
20200329_20200919,543,580,q30,1.0,1.0,0.0
20200329_20200919,543,580,q40,1.0,1.0,0.0
20200329_20200919,554,1068,unw,1.0,1.0,0.0
20200329_20200919,554,1068,q20,0.9999999999999999,1.0,-1.1102230246251565e-16
20200329_20200919,554,1068,q30,0.9999999999999999,1.0,-1.1102230246251565e-16
20200329_20200919,554,1068,q40,0.9999999999999999,1.0,-1.1102230246251565e-16
20200329_20200919,554,1069,unw,0.9999999999999999,1.0,-1.1102230246251565e-16
20200329_20200919,554,1069,q20,1.0,1.0,0.0
20200329_20200919,554,1069,q30,1.0,1.0,0.0
20200329_20200919,554,1069,q40,1.0,1.0,0.0
20200329_20200919,554,1070,unw,1.0,1.0,0.0
20200329_20200919,554,1070,q20,1.0,1.0,0.0
20200329_20200919,554,1070,q30,1.0,1.0,0.0
20200329_20200919,554,1070,q40,1.0,1.0,0.0
20200329_20200919,554,1071,unw,1.0,1.0,0.0
20200329_20200919,554,1071,q20,1.0000000000000002,1.0,2.220446049250313e-16
20200329_20200919,554,1071,q30,1.0000000000000002,1.0,2.220446049250313e-16
20200329_20200919,554,1071,q40,1.0000000000000002,1.0,2.220446049250313e-16
20200329_20200919,554,1072,unw,1.0,1.0,0.0
20200329_20200919,554,1072,q20,1.0000000000000002,1.0,2.220446049250313e-16
20200329_20200919,554,1072,q30,1.0000000000000002,1.0,2.220446049250313e-16
20200329_20200919,554,1072,q40,1.0000000000000002,1.0,2.220446049250313e-16
20200329_20200919,554,1073,unw,1.0000000000000002,1.0,2.220446049250313e-16
20200329_20200919,554,1073,q20,1.0,1.0,0.0
20200329_20200919,554,1073,q30,1.0,1.0,0.0
20200329_20200919,554,1073,q40,1.0,1.0,0.0
20200329_20200919,554,1075,unw,1.0,1.0,0.0
20200329_20200919,554,1075,q20,1.0,1.0,0.0
20200329_20200919,554,1075,q30,1.0,1.0,0.0
20200329_20200919,554,1075,q40,1.0,1.0,0.0
20200329_20200919,569,436,unw,1.0000000000000002,1.0,2.220446049250313e-16
20200329_20200919,569,436,q20,0.20746302041245337,0.20746302604675293,-5.634299554690969e-09
20200329_20200919,569,436,q30,0.0,0.0,0.0
20200329_20200919,569,436,q40,0.0,0.0,0.0
20200329_20200919,576,1364,unw,1.0000000000000002,1.0,2.220446049250313e-16
20200329_20200919,576,1364,q20,0.9999999999999999,1.0,-1.1102230246251565e-16
20200329_20200919,576,1364,q30,0.9999999999999999,1.0,-1.1102230246251565e-16
20200329_20200919,576,1364,q40,0.034844921232534264,0.03484492003917694,1.1933573226818872e-09
20200329_20200919,626,300,unw,1.0,1.0,0.0
20200329_20200919,626,300,q20,1.0,1.0,0.0
20200329_20200919,626,300,q30,0.03249333538665112,0.032493334263563156,1.1230879629064994e-09
20200329_20200919,626,300,q40,0.0,0.0,0.0
20200329_20200919,632,619,unw,1.0,1.0,0.0
20200329_20200919,632,619,q20,0.0,0.0,0.0
20200329_20200919,632,619,q30,0.0,0.0,0.0
20200329_20200919,632,619,q40,0.0,0.0,0.0
20200329_20200919,647,649,unw,1.0,1.0,0.0
20200329_20200919,647,649,q20,1.0,1.0,0.0
20200329_20200919,647,649,q30,0.6325085480716948,0.6325085759162903,-2.7844595518189408e-08
20200329_20200919,647,649,q40,0.0,0.0,0.0
20200329_20200919,657,1392,unw,0.0,0.0,0.0
20200329_20200919,657,1392,q20,0.0,0.0,0.0
20200329_20200919,657,1392,q30,0.0,0.0,0.0
20200329_20200919,657,1392,q40,0.0,0.0,0.0
20200329_20200919,677,357,unw,0.09732370113025003,0.0973237007856369,3.4461312969913394e-10
20200329_20200919,677,357,q20,0.0,0.0,0.0
20200329_20200919,677,357,q30,0.0,0.0,0.0
20200329_20200919,677,357,q40,0.0,0.0,0.0
20200329_20200919,690,367,unw,0.9930765603575946,0.9930765628814697,-2.5238751089062816e-09
20200329_20200919,690,367,q20,0.0,0.0,0.0
20200329_20200919,690,367,q30,0.0,0.0,0.0
20200329_20200919,690,367,q40,0.0,0.0,0.0
20200329_20200919,692,795,unw,1.0,1.0,0.0
20200329_20200919,692,795,q20,1.0,1.0,0.0
20200329_20200919,692,795,q30,1.0,1.0,0.0
20200329_20200919,692,795,q40,1.0,1.0,0.0
20200329_20200919,702,432,unw,0.9999999999999999,1.0,-1.1102230246251565e-16
20200329_20200919,702,432,q20,0.0,0.0,0.0
20200329_20200919,702,432,q30,0.0,0.0,0.0
20200329_20200919,702,432,q40,0.0,0.0,0.0
20200329_20200919,704,381,unw,0.18488489513805162,0.18488489091396332,4.224088301363338e-09
20200329_20200919,704,381,q20,0.006018535630682984,0.006018535699695349,-6.90123643995455e-11
20200329_20200919,704,381,q30,0.006018535630682984,0.006018535699695349,-6.90123643995455e-11
20200329_20200919,704,381,q40,0.006018535630682984,0.006018535699695349,-6.90123643995455e-11
20200329_20200919,726,923,unw,1.0000000000000002,1.0,2.220446049250313e-16
20200329_20200919,726,923,q20,1.0000000000000002,1.0,2.220446049250313e-16
20200329_20200919,726,923,q30,1.0000000000000002,1.0,2.220446049250313e-16
20200329_20200919,726,923,q40,1.0000000000000002,1.0,2.220446049250313e-16
20200329_20200919,775,85,unw,1.0,1.0,0.0
20200329_20200919,775,85,q20,0.0,0.0,0.0
20200329_20200919,775,85,q30,0.0,0.0,0.0
20200329_20200919,775,85,q40,0.0,0.0,0.0
20200329_20200919,782,71,unw,0.0,0.0,0.0
20200329_20200919,782,71,q20,0.0,0.0,0.0
20200329_20200919,782,71,q30,0.0,0.0,0.0
20200329_20200919,782,71,q40,0.0,0.0,0.0
20200329_20200919,808,475,unw,1.0,1.0,0.0
20200329_20200919,808,475,q20,0.0,0.0,0.0
20200329_20200919,808,475,q30,0.0,0.0,0.0
20200329_20200919,808,475,q40,0.0,0.0,0.0
20200329_20200919,808,1073,unw,1.0,1.0,0.0
20200329_20200919,808,1073,q20,0.9999999999999999,1.0,-1.1102230246251565e-16
20200329_20200919,808,1073,q30,0.6350666268253233,0.6350666284561157,-1.6307923900171772e-09
20200329_20200919,808,1073,q40,0.6350666268253233,0.6350666284561157,-1.6307923900171772e-09
20200329_20200919,809,309,unw,0.575610225222397,0.5756102204322815,4.790115526454031e-09
20200329_20200919,809,309,q20,0.36736778769321315,0.36736777424812317,1.344508998579741e-08
20200329_20200919,809,309,q30,0.36736778769321315,0.36736777424812317,1.344508998579741e-08
20200329_20200919,809,309,q40,0.36736778769321315,0.36736777424812317,1.344508998579741e-08
20200329_20200919,817,264,unw,0.9247065673831829,0.9247065782546997,-1.0871516797905656e-08
20200329_20200919,817,264,q20,0.1643158956164266,0.16431589424610138,1.3703252144114941e-09
20200329_20200919,817,264,q30,0.1260896556296657,0.1260896623134613,-6.683795600315179e-09
20200329_20200919,817,264,q40,0.1260896556296657,0.1260896623134613,-6.683795600315179e-09
20200329_20200919,819,962,unw,1.0,1.0,0.0
20200329_20200919,819,962,q20,0.03515182772603539,0.035151828080415726,-3.5438033757495546e-10
20200329_20200919,819,962,q30,0.0,0.0,0.0
20200329_20200919,819,962,q40,0.0,0.0,0.0
20200329_20200919,854,1271,unw,1.0,1.0,0.0
20200329_20200919,854,1271,q20,0.0,0.0,0.0
20200329_20200919,854,1271,q30,0.0,0.0,0.0
20200329_20200919,854,1271,q40,0.0,0.0,0.0
20200329_20200919,858,1239,unw,0.0,0.0,0.0
20200329_20200919,858,1239,q20,0.0,0.0,0.0
20200329_20200919,858,1239,q30,0.0,0.0,0.0
20200329_20200919,858,1239,q40,0.0,0.0,0.0
20200329_20200919,858,1284,unw,1.0000000000000002,1.0,2.220446049250313e-16
20200329_20200919,858,1284,q20,1.0,1.0,0.0
20200329_20200919,858,1284,q30,1.0,1.0,0.0
20200329_20200919,858,1284,q40,0.0936631690971789,0.09366317093372345,-1.8365445553225612e-09
20200329_20200919,862,325,unw,1.0,1.0,0.0
20200329_20200919,862,325,q20,0.0,0.0,0.0
20200329_20200919,862,325,q30,0.0,0.0,0.0
20200329_20200919,862,325,q40,0.0,0.0,0.0
20200329_20200919,876,907,unw,1.0,1.0,0.0
20200329_20200919,876,907,q20,0.0,0.0,0.0
20200329_20200919,876,907,q30,0.0,0.0,0.0
20200329_20200919,876,907,q40,0.0,0.0,0.0
20200329_20200919,914,946,unw,0.9999999999999999,1.0,-1.1102230246251565e-16
20200329_20200919,914,946,q20,0.9857644064359911,0.9857643842697144,2.21662767030395e-08
20200329_20200919,914,946,q30,0.0,0.0,0.0
20200329_20200919,914,946,q40,0.0,0.0,0.0
20200329_20200919,916,1096,unw,0.0,0.0,0.0
20200329_20200919,916,1096,q20,0.0,0.0,0.0
20200329_20200919,916,1096,q30,0.0,0.0,0.0
20200329_20200919,916,1096,q40,0.0,0.0,0.0
20200329_20200919,926,1390,unw,0.0,0.0,0.0
20200329_20200919,926,1390,q20,0.0,0.0,0.0
20200329_20200919,926,1390,q30,0.0,0.0,0.0
20200329_20200919,926,1390,q40,0.0,0.0,0.0
20200329_20200919,943,600,unw,1.0,1.0,0.0
20200329_20200919,943,600,q20,0.0,0.0,0.0
20200329_20200919,943,600,q30,0.0,0.0,0.0
20200329_20200919,943,600,q40,0.0,0.0,0.0
20200329_20200919,958,438,unw,0.06789968304986936,0.0678996816277504,1.4221189642560361e-09
20200329_20200919,958,438,q20,0.0,0.0,0.0
20200329_20200919,958,438,q30,0.0,0.0,0.0
20200329_20200919,958,438,q40,0.0,0.0,0.0
20200329_20200919,962,497,unw,0.6272003688686244,0.6272003650665283,3.802096082416995e-09
20200329_20200919,962,497,q20,0.0,0.0,0.0
20200329_20200919,962,497,q30,0.0,0.0,0.0
20200329_20200919,962,497,q40,0.0,0.0,0.0
20200329_20200919,969,839,unw,1.0,1.0,0.0
20200329_20200919,969,839,q20,0.0,0.0,0.0
20200329_20200919,969,839,q30,0.0,0.0,0.0
20200329_20200919,969,839,q40,0.0,0.0,0.0
20200329_20200919,971,292,unw,0.0,0.0,0.0
20200329_20200919,971,292,q20,0.0,0.0,0.0
20200329_20200919,971,292,q30,0.0,0.0,0.0
20200329_20200919,971,292,q40,0.0,0.0,0.0
20200329_20200919,1036,1277,unw,0.0,0.0,0.0
20200329_20200919,1036,1277,q20,0.0,0.0,0.0
20200329_20200919,1036,1277,q30,0.0,0.0,0.0
20200329_20200919,1036,1277,q40,0.0,0.0,0.0
20200329_20200919,1084,312,unw,0.39552096067378806,0.395520955324173,5.3496150842491375e-09
20200329_20200919,1084,312,q20,0.0,0.0,0.0
20200329_20200919,1084,312,q30,0.0,0.0,0.0
20200329_20200919,1084,312,q40,0.0,0.0,0.0
20200329_20200919,1095,1113,unw,0.0,0.0,0.0
20200329_20200919,1095,1113,q20,0.0,0.0,0.0
20200329_20200919,1095,1113,q30,0.0,0.0,0.0
20200329_20200919,1095,1113,q40,0.0,0.0,0.0
20200329_20200919,1121,1279,unw,0.3909456547569824,0.3909456431865692,1.1570413183115136e-08
20200329_20200919,1121,1279,q20,0.0,0.0,0.0
20200329_20200919,1121,1279,q30,0.0,0.0,0.0
20200329_20200919,1121,1279,q40,0.0,0.0,0.0
20200329_20200919,1122,338,unw,0.9999999999999999,1.0,-1.1102230246251565e-16
20200329_20200919,1122,338,q20,0.5825511606667201,0.5825511813163757,-2.0649655652071885e-08
20200329_20200919,1122,338,q30,0.0,0.0,0.0
20200329_20200919,1122,338,q40,0.0,0.0,0.0
20200329_20200919,1156,1253,unw,0.0979671727776277,0.09796717017889023,2.5987374752123316e-09
20200329_20200919,1156,1253,q20,0.0,0.0,0.0
20200329_20200919,1156,1253,q30,0.0,0.0,0.0
20200329_20200919,1156,1253,q40,0.0,0.0,0.0
20200329_20200919,1203,149,unw,0.0,0.0,0.0
20200329_20200919,1203,149,q20,0.0,0.0,0.0
20200329_20200919,1203,149,q30,0.0,0.0,0.0
20200329_20200919,1203,149,q40,0.0,0.0,0.0
20200329_20200919,1203,150,unw,0.0,0.0,0.0
20200329_20200919,1203,150,q20,0.0,0.0,0.0
20200329_20200919,1203,150,q30,0.0,0.0,0.0
20200329_20200919,1203,150,q40,0.0,0.0,0.0
20200329_20200919,1203,151,unw,0.0,0.0,0.0
20200329_20200919,1203,151,q20,0.0,0.0,0.0
20200329_20200919,1203,151,q30,0.0,0.0,0.0
20200329_20200919,1203,151,q40,0.0,0.0,0.0
20200329_20200919,1203,152,unw,0.0,0.0,0.0
20200329_20200919,1203,152,q20,0.0,0.0,0.0
20200329_20200919,1203,152,q30,0.0,0.0,0.0
20200329_20200919,1203,152,q40,0.0,0.0,0.0
20200329_20200919,1203,153,unw,0.0,0.0,0.0
20200329_20200919,1203,153,q20,0.0,0.0,0.0
20200329_20200919,1203,153,q30,0.0,0.0,0.0
20200329_20200919,1203,153,q40,0.0,0.0,0.0
20200329_20200919,1203,154,unw,0.0,0.0,0.0
20200329_20200919,1203,154,q20,0.0,0.0,0.0
20200329_20200919,1203,154,q30,0.0,0.0,0.0
20200329_20200919,1203,154,q40,0.0,0.0,0.0
20200329_20200919,1203,155,unw,0.4971286003841011,0.49712860584259033,-5.458489216181306e-09
20200329_20200919,1203,155,q20,0.0,0.0,0.0
20200329_20200919,1203,155,q30,0.0,0.0,0.0
20200329_20200919,1203,155,q40,0.0,0.0,0.0
20200329_20200919,1205,1276,unw,0.0,0.0,0.0
20200329_20200919,1205,1276,q20,0.0,0.0,0.0
20200329_20200919,1205,1276,q30,0.0,0.0,0.0
20200329_20200919,1205,1276,q40,0.0,0.0,0.0
20200329_20200919,1239,142,unw,0.47484414540424746,0.47484415769577026,-1.2291522799579013e-08
20200329_20200919,1239,142,q20,0.0,0.0,0.0
20200329_20200919,1239,142,q30,0.0,0.0,0.0
20200329_20200919,1239,142,q40,0.0,0.0,0.0
20200329_20200919,1243,555,unw,0.0,0.0,0.0
20200329_20200919,1243,555,q20,0.0,0.0,0.0
20200329_20200919,1243,555,q30,0.0,0.0,0.0
20200329_20200919,1243,555,q40,0.0,0.0,0.0
20200329_20200919,1259,906,unw,1.0,1.0,0.0
20200329_20200919,1259,906,q20,1.0000000000000002,1.0,2.220446049250313e-16
20200329_20200919,1259,906,q30,1.0000000000000002,1.0,2.220446049250313e-16
20200329_20200919,1259,906,q40,1.0000000000000002,1.0,2.220446049250313e-16
20200329_20200919,1267,829,unw,1.0,1.0,0.0
20200329_20200919,1267,829,q20,1.0,1.0,0.0
20200329_20200919,1267,829,q30,0.0,0.0,0.0
20200329_20200919,1267,829,q40,0.0,0.0,0.0
20200329_20200919,1273,1338,unw,1.0,1.0,0.0
20200329_20200919,1273,1338,q20,0.0,0.0,0.0
20200329_20200919,1273,1338,q30,0.0,0.0,0.0
20200329_20200919,1273,1338,q40,0.0,0.0,0.0
20200329_20200919,1385,725,unw,0.2044174419542942,0.20441743731498718,4.639307021880867e-09
20200329_20200919,1385,725,q20,0.0,0.0,0.0
20200329_20200919,1385,725,q30,0.0,0.0,0.0
20200329_20200919,1385,725,q40,0.0,0.0,0.0
20200329_20200919,1444,502,unw,0.9999999999999999,1.0,-1.1102230246251565e-16
20200329_20200919,1444,502,q20,0.07267801234207578,0.07267801463603973,-2.2939639493513297e-09
20200329_20200919,1444,502,q30,0.07267801234207578,0.07267801463603973,-2.2939639493513297e-09
20200329_20200919,1444,502,q40,0.07267801234207578,0.07267801463603973,-2.2939639493513297e-09
20200907_20200919,1,151,unw,1.0,1.0,0.0
20200907_20200919,1,151,q20,0.0,0.0,0.0
20200907_20200919,1,151,q30,0.0,0.0,0.0
20200907_20200919,1,151,q40,0.0,0.0,0.0
20200907_20200919,122,1389,unw,0.0,0.0,0.0
20200907_20200919,122,1389,q20,0.0,0.0,0.0
20200907_20200919,122,1389,q30,0.0,0.0,0.0
20200907_20200919,122,1389,q40,0.0,0.0,0.0
20200907_20200919,122,1404,unw,0.9999999999999999,1.0,-1.1102230246251565e-16
20200907_20200919,122,1404,q20,0.9999999999999999,1.0,-1.1102230246251565e-16
20200907_20200919,122,1404,q30,0.9999999999999999,1.0,-1.1102230246251565e-16
20200907_20200919,122,1404,q40,0.9999999999999999,1.0,-1.1102230246251565e-16
20200907_20200919,161,1506,unw,1.0,1.0,0.0
20200907_20200919,161,1506,q20,1.0,1.0,0.0
20200907_20200919,161,1506,q30,1.0,1.0,0.0
20200907_20200919,161,1506,q40,1.0,1.0,0.0
20200907_20200919,268,674,unw,0.9999999999999999,1.0,-1.1102230246251565e-16
20200907_20200919,268,674,q20,0.0,0.0,0.0
20200907_20200919,268,674,q30,0.0,0.0,0.0
20200907_20200919,268,674,q40,0.0,0.0,0.0
20200907_20200919,296,1200,unw,1.0,1.0,0.0
20200907_20200919,296,1200,q20,0.9999999999999999,1.0,-1.1102230246251565e-16
20200907_20200919,296,1200,q30,0.9999999999999999,1.0,-1.1102230246251565e-16
20200907_20200919,296,1200,q40,0.9999999999999999,1.0,-1.1102230246251565e-16
20200907_20200919,315,1484,unw,1.0,1.0,0.0
20200907_20200919,315,1484,q20,0.0,0.0,0.0
20200907_20200919,315,1484,q30,0.0,0.0,0.0
20200907_20200919,315,1484,q40,0.0,0.0,0.0
20200907_20200919,319,989,unw,1.0,1.0,0.0
20200907_20200919,319,989,q20,1.0,1.0,0.0
20200907_20200919,319,989,q30,1.0,1.0,0.0
20200907_20200919,319,989,q40,1.0,1.0,0.0
20200907_20200919,355,494,unw,1.0,1.0,0.0
20200907_20200919,355,494,q20,1.0,1.0,0.0
20200907_20200919,355,494,q30,1.0,1.0,0.0
20200907_20200919,355,494,q40,1.0,1.0,0.0
20200907_20200919,360,585,unw,1.0,1.0,0.0
20200907_20200919,360,585,q20,1.0,1.0,0.0
20200907_20200919,360,585,q30,1.0,1.0,0.0
20200907_20200919,360,585,q40,1.0,1.0,0.0
20200907_20200919,377,1190,unw,1.0000000000000002,1.0,2.220446049250313e-16
20200907_20200919,377,1190,q20,0.6437978562620765,0.6437978744506836,-1.818860706492842e-08
20200907_20200919,377,1190,q30,0.6319412327680551,0.6319412589073181,-2.6139262976343502e-08
20200907_20200919,377,1190,q40,0.6319412327680551,0.6319412589073181,-2.6139262976343502e-08
20200907_20200919,381,1261,unw,1.0,1.0,0.0
20200907_20200919,381,1261,q20,0.0,0.0,0.0
20200907_20200919,381,1261,q30,0.0,0.0,0.0
20200907_20200919,381,1261,q40,0.0,0.0,0.0
20200907_20200919,402,544,unw,1.0,1.0,0.0
20200907_20200919,402,544,q20,1.0,1.0,0.0
20200907_20200919,402,544,q30,0.0,0.0,0.0
20200907_20200919,402,544,q40,0.0,0.0,0.0
20200907_20200919,435,730,unw,1.0,1.0,0.0
20200907_20200919,435,730,q20,1.0,1.0,0.0
20200907_20200919,435,730,q30,1.0,1.0,0.0
20200907_20200919,435,730,q40,1.0,1.0,0.0
20200907_20200919,454,815,unw,0.9999999999999999,1.0,-1.1102230246251565e-16
20200907_20200919,454,815,q20,0.9999999999999999,1.0,-1.1102230246251565e-16
20200907_20200919,454,815,q30,0.7677259567106139,0.767725944519043,1.2191570974984245e-08
20200907_20200919,454,815,q40,0.0247487740948177,0.024748774245381355,-1.5056365529342308e-10
20200907_20200919,455,1154,unw,0.9999999999999999,1.0,-1.1102230246251565e-16
20200907_20200919,455,1154,q20,0.9796030273590608,0.9796030521392822,-2.478022143037606e-08
20200907_20200919,455,1154,q30,0.35615219552396243,0.356152206659317,-1.1135354582858525e-08
20200907_20200919,455,1154,q40,0.0,0.0,0.0
20200907_20200919,475,45,unw,1.0,1.0,0.0
20200907_20200919,475,45,q20,0.16770985453555923,0.1677098572254181,-2.6898588634249876e-09
20200907_20200919,475,45,q30,0.16770985453555923,0.1677098572254181,-2.6898588634249876e-09
20200907_20200919,475,45,q40,0.16770985453555923,0.1677098572254181,-2.6898588634249876e-09
20200907_20200919,477,592,unw,1.0000000000000002,1.0,2.220446049250313e-16
20200907_20200919,477,592,q20,1.0000000000000002,1.0,2.220446049250313e-16
20200907_20200919,477,592,q30,1.0000000000000002,1.0,2.220446049250313e-16
20200907_20200919,477,592,q40,1.0000000000000002,1.0,2.220446049250313e-16
20200907_20200919,488,676,unw,1.0,1.0,0.0
20200907_20200919,488,676,q20,1.0000000000000002,1.0,2.220446049250313e-16
20200907_20200919,488,676,q30,1.0000000000000002,1.0,2.220446049250313e-16
20200907_20200919,488,676,q40,1.0000000000000002,1.0,2.220446049250313e-16
20200907_20200919,543,580,unw,1.0,1.0,0.0
20200907_20200919,543,580,q20,1.0,1.0,0.0
20200907_20200919,543,580,q30,1.0,1.0,0.0
20200907_20200919,543,580,q40,1.0,1.0,0.0
20200907_20200919,554,1068,unw,1.0,1.0,0.0
20200907_20200919,554,1068,q20,1.0,1.0,0.0
20200907_20200919,554,1068,q30,1.0,1.0,0.0
20200907_20200919,554,1068,q40,1.0,1.0,0.0
20200907_20200919,554,1069,unw,1.0000000000000002,1.0,2.220446049250313e-16
20200907_20200919,554,1069,q20,1.0000000000000002,1.0,2.220446049250313e-16
20200907_20200919,554,1069,q30,1.0000000000000002,1.0,2.220446049250313e-16
20200907_20200919,554,1069,q40,1.0000000000000002,1.0,2.220446049250313e-16
20200907_20200919,554,1070,unw,1.0,1.0,0.0
20200907_20200919,554,1070,q20,0.9999999999999999,1.0,-1.1102230246251565e-16
20200907_20200919,554,1070,q30,0.9999999999999999,1.0,-1.1102230246251565e-16
20200907_20200919,554,1070,q40,0.9999999999999999,1.0,-1.1102230246251565e-16
20200907_20200919,554,1071,unw,1.0,1.0,0.0
20200907_20200919,554,1071,q20,1.0,1.0,0.0
20200907_20200919,554,1071,q30,1.0,1.0,0.0
20200907_20200919,554,1071,q40,1.0,1.0,0.0
20200907_20200919,554,1072,unw,1.0000000000000002,1.0,2.220446049250313e-16
20200907_20200919,554,1072,q20,1.0000000000000002,1.0,2.220446049250313e-16
20200907_20200919,554,1072,q30,1.0000000000000002,1.0,2.220446049250313e-16
20200907_20200919,554,1072,q40,1.0000000000000002,1.0,2.220446049250313e-16
20200907_20200919,554,1073,unw,1.0000000000000002,1.0,2.220446049250313e-16
20200907_20200919,554,1073,q20,1.0000000000000002,1.0,2.220446049250313e-16
20200907_20200919,554,1073,q30,1.0000000000000002,1.0,2.220446049250313e-16
20200907_20200919,554,1073,q40,1.0000000000000002,1.0,2.220446049250313e-16
20200907_20200919,554,1075,unw,1.0,1.0,0.0
20200907_20200919,554,1075,q20,1.0,1.0,0.0
20200907_20200919,554,1075,q30,1.0,1.0,0.0
20200907_20200919,554,1075,q40,1.0,1.0,0.0
20200907_20200919,569,436,unw,1.0000000000000002,1.0,2.220446049250313e-16
20200907_20200919,569,436,q20,0.0,0.0,0.0
20200907_20200919,569,436,q30,0.0,0.0,0.0
20200907_20200919,569,436,q40,0.0,0.0,0.0
20200907_20200919,576,1364,unw,1.0000000000000002,1.0,2.220446049250313e-16
20200907_20200919,576,1364,q20,1.0000000000000002,1.0,2.220446049250313e-16
20200907_20200919,576,1364,q30,1.0000000000000002,1.0,2.220446049250313e-16
20200907_20200919,576,1364,q40,1.0000000000000002,1.0,2.220446049250313e-16
20200907_20200919,626,300,unw,0.9999999999999998,1.0,-2.220446049250313e-16
20200907_20200919,626,300,q20,0.9999999999999998,1.0,-2.220446049250313e-16
20200907_20200919,626,300,q30,0.71792564175608,0.7179256677627563,-2.6006676367984483e-08
20200907_20200919,626,300,q40,0.0,0.0,0.0
20200907_20200919,632,619,unw,1.0000000000000002,1.0,2.220446049250313e-16
20200907_20200919,632,619,q20,0.567609781627125,0.5676097869873047,-5.360179633484563e-09
20200907_20200919,632,619,q30,0.0,0.0,0.0
20200907_20200919,632,619,q40,0.0,0.0,0.0
20200907_20200919,647,649,unw,1.0,1.0,0.0
20200907_20200919,647,649,q20,1.0,1.0,0.0
20200907_20200919,647,649,q30,1.0,1.0,0.0
20200907_20200919,647,649,q40,1.0,1.0,0.0
20200907_20200919,657,1392,unw,1.0,1.0,0.0
20200907_20200919,657,1392,q20,0.0,0.0,0.0
20200907_20200919,657,1392,q30,0.0,0.0,0.0
20200907_20200919,657,1392,q40,0.0,0.0,0.0
20200907_20200919,677,357,unw,1.0,1.0,0.0
20200907_20200919,677,357,q20,0.0,0.0,0.0
20200907_20200919,677,357,q30,0.0,0.0,0.0
20200907_20200919,677,357,q40,0.0,0.0,0.0
20200907_20200919,690,367,unw,0.9999999999999999,1.0,-1.1102230246251565e-16
20200907_20200919,690,367,q20,0.4325883002658808,0.4325883090496063,-8.783725524708075e-09
20200907_20200919,690,367,q30,0.0,0.0,0.0
20200907_20200919,690,367,q40,0.0,0.0,0.0
20200907_20200919,692,795,unw,1.0,1.0,0.0
20200907_20200919,692,795,q20,1.0,1.0,0.0
20200907_20200919,692,795,q30,1.0,1.0,0.0
20200907_20200919,692,795,q40,1.0,1.0,0.0
20200907_20200919,702,432,unw,0.9999999999999999,1.0,-1.1102230246251565e-16
20200907_20200919,702,432,q20,0.0,0.0,0.0
20200907_20200919,702,432,q30,0.0,0.0,0.0
20200907_20200919,702,432,q40,0.0,0.0,0.0
20200907_20200919,704,381,unw,1.0000000000000002,1.0,2.220446049250313e-16
20200907_20200919,704,381,q20,0.6324701203828106,0.6324701309204102,-1.0537599570703549e-08
20200907_20200919,704,381,q30,0.6324701203828106,0.6324701309204102,-1.0537599570703549e-08
20200907_20200919,704,381,q40,0.6324701203828106,0.6324701309204102,-1.0537599570703549e-08
20200907_20200919,726,923,unw,1.0,1.0,0.0
20200907_20200919,726,923,q20,1.0,1.0,0.0
20200907_20200919,726,923,q30,1.0,1.0,0.0
20200907_20200919,726,923,q40,1.0,1.0,0.0
20200907_20200919,775,85,unw,0.9999999999999999,1.0,-1.1102230246251565e-16
20200907_20200919,775,85,q20,1.0,1.0,0.0
20200907_20200919,775,85,q30,1.0,1.0,0.0
20200907_20200919,775,85,q40,0.16747406632815853,0.16747406125068665,5.077471887382501e-09
20200907_20200919,782,71,unw,0.9792395075596867,0.9792395234107971,-1.585111042423648e-08
20200907_20200919,782,71,q20,0.0,0.0,0.0
20200907_20200919,782,71,q30,0.0,0.0,0.0
20200907_20200919,782,71,q40,0.0,0.0,0.0
20200907_20200919,808,475,unw,1.0,1.0,0.0
20200907_20200919,808,475,q20,1.0,1.0,0.0
20200907_20200919,808,475,q30,0.7674477287660756,0.7674477100372314,1.8728844142223977e-08
20200907_20200919,808,475,q40,0.7674477287660756,0.7674477100372314,1.8728844142223977e-08
20200907_20200919,808,1073,unw,1.0,1.0,0.0
20200907_20200919,808,1073,q20,1.0,1.0,0.0
20200907_20200919,808,1073,q30,1.0,1.0,0.0
20200907_20200919,808,1073,q40,1.0,1.0,0.0
20200907_20200919,809,309,unw,0.9999999999999999,1.0,-1.1102230246251565e-16
20200907_20200919,809,309,q20,0.8055284552296043,0.805528461933136,-6.7035317297126085e-09
20200907_20200919,809,309,q30,0.8055284552296043,0.805528461933136,-6.7035317297126085e-09
20200907_20200919,809,309,q40,0.0,0.0,0.0
20200907_20200919,817,264,unw,0.9999999999999999,1.0,-1.1102230246251565e-16
20200907_20200919,817,264,q20,0.0,0.0,0.0
20200907_20200919,817,264,q30,0.0,0.0,0.0
20200907_20200919,817,264,q40,0.0,0.0,0.0
20200907_20200919,819,962,unw,1.0,1.0,0.0
20200907_20200919,819,962,q20,1.0,1.0,0.0
20200907_20200919,819,962,q30,0.7912506627617004,0.7912506461143494,1.6647351053222792e-08
20200907_20200919,819,962,q40,0.4325606381917834,0.43256065249443054,-1.4302647122210743e-08
20200907_20200919,854,1271,unw,0.9999999999999999,1.0,-1.1102230246251565e-16
20200907_20200919,854,1271,q20,0.0,0.0,0.0
20200907_20200919,854,1271,q30,0.0,0.0,0.0
20200907_20200919,854,1271,q40,0.0,0.0,0.0
20200907_20200919,858,1239,unw,1.0,1.0,0.0
20200907_20200919,858,1239,q20,0.0,0.0,0.0
20200907_20200919,858,1239,q30,0.0,0.0,0.0
20200907_20200919,858,1239,q40,0.0,0.0,0.0
20200907_20200919,858,1284,unw,1.0,1.0,0.0
20200907_20200919,858,1284,q20,1.0,1.0,0.0
20200907_20200919,858,1284,q30,1.0,1.0,0.0
20200907_20200919,858,1284,q40,0.7681323404923603,0.7681323289871216,1.1505238761699843e-08
20200907_20200919,862,325,unw,1.0,1.0,0.0
20200907_20200919,862,325,q20,1.0,1.0,0.0
20200907_20200919,862,325,q30,0.4354094035692764,0.43540939688682556,6.682450814921026e-09
20200907_20200919,862,325,q40,0.0,0.0,0.0
20200907_20200919,876,907,unw,0.9999999999999999,1.0,-1.1102230246251565e-16
20200907_20200919,876,907,q20,0.9999999999999999,1.0,-1.1102230246251565e-16
20200907_20200919,876,907,q30,0.0,0.0,0.0
20200907_20200919,876,907,q40,0.0,0.0,0.0
20200907_20200919,914,946,unw,1.0,1.0,0.0
20200907_20200919,914,946,q20,1.0,1.0,0.0
20200907_20200919,914,946,q30,0.0,0.0,0.0
20200907_20200919,914,946,q40,0.0,0.0,0.0
20200907_20200919,916,1096,unw,0.0,0.0,0.0
20200907_20200919,916,1096,q20,0.0,0.0,0.0
20200907_20200919,916,1096,q30,0.0,0.0,0.0
20200907_20200919,916,1096,q40,0.0,0.0,0.0
20200907_20200919,926,1390,unw,1.0,1.0,0.0
20200907_20200919,926,1390,q20,0.0,0.0,0.0
20200907_20200919,926,1390,q30,0.0,0.0,0.0
20200907_20200919,926,1390,q40,0.0,0.0,0.0
20200907_20200919,943,600,unw,1.0,1.0,0.0
20200907_20200919,943,600,q20,0.12845084969033907,0.12845085561275482,-5.922415752257493e-09
20200907_20200919,943,600,q30,0.0,0.0,0.0
20200907_20200919,943,600,q40,0.0,0.0,0.0
20200907_20200919,958,438,unw,0.8215707609127075,0.8215707540512085,6.861499035615282e-09
20200907_20200919,958,438,q20,0.0,0.0,0.0
20200907_20200919,958,438,q30,0.0,0.0,0.0
20200907_20200919,958,438,q40,0.0,0.0,0.0
20200907_20200919,962,497,unw,0.9999999999999999,1.0,-1.1102230246251565e-16
20200907_20200919,962,497,q20,0.0,0.0,0.0
20200907_20200919,962,497,q30,0.0,0.0,0.0
20200907_20200919,962,497,q40,0.0,0.0,0.0
20200907_20200919,969,839,unw,0.9999999999999999,1.0,-1.1102230246251565e-16
20200907_20200919,969,839,q20,0.013939865625162539,0.013939865864813328,-2.3965078879695234e-10
20200907_20200919,969,839,q30,0.0,0.0,0.0
20200907_20200919,969,839,q40,0.0,0.0,0.0
20200907_20200919,971,292,unw,0.9673191922565707,0.9673191905021667,1.7544039554451274e-09
20200907_20200919,971,292,q20,0.0,0.0,0.0
20200907_20200919,971,292,q30,0.0,0.0,0.0
20200907_20200919,971,292,q40,0.0,0.0,0.0
20200907_20200919,1036,1277,unw,0.7672685311220232,0.7672685384750366,-7.353013420363652e-09
20200907_20200919,1036,1277,q20,0.0,0.0,0.0
20200907_20200919,1036,1277,q30,0.0,0.0,0.0
20200907_20200919,1036,1277,q40,0.0,0.0,0.0
20200907_20200919,1084,312,unw,0.17848219857695033,0.17848220467567444,-6.098724109060427e-09
20200907_20200919,1084,312,q20,0.0,0.0,0.0
20200907_20200919,1084,312,q30,0.0,0.0,0.0
20200907_20200919,1084,312,q40,0.0,0.0,0.0
20200907_20200919,1095,1113,unw,1.0,1.0,0.0
20200907_20200919,1095,1113,q20,0.0,0.0,0.0
20200907_20200919,1095,1113,q30,0.0,0.0,0.0
20200907_20200919,1095,1113,q40,0.0,0.0,0.0
20200907_20200919,1121,1279,unw,0.9858351770141577,0.9858351945877075,-1.7573549837557323e-08
20200907_20200919,1121,1279,q20,0.5494946871819241,0.5494946837425232,3.439400875215881e-09
20200907_20200919,1121,1279,q30,0.0,0.0,0.0
20200907_20200919,1121,1279,q40,0.0,0.0,0.0
20200907_20200919,1122,338,unw,1.0,1.0,0.0
20200907_20200919,1122,338,q20,0.6326109381882272,0.6326109170913696,2.109685759421609e-08
20200907_20200919,1122,338,q30,0.6326109381882272,0.6326109170913696,2.109685759421609e-08
20200907_20200919,1122,338,q40,0.0,0.0,0.0
20200907_20200919,1156,1253,unw,0.7427073553595155,0.742707371711731,-1.6352215470583076e-08
20200907_20200919,1156,1253,q20,0.0,0.0,0.0
20200907_20200919,1156,1253,q30,0.0,0.0,0.0
20200907_20200919,1156,1253,q40,0.0,0.0,0.0
20200907_20200919,1203,149,unw,0.9999999999999999,1.0,-1.1102230246251565e-16
20200907_20200919,1203,149,q20,0.0,0.0,0.0
20200907_20200919,1203,149,q30,0.0,0.0,0.0
20200907_20200919,1203,149,q40,0.0,0.0,0.0
20200907_20200919,1203,150,unw,0.9999999999999999,1.0,-1.1102230246251565e-16
20200907_20200919,1203,150,q20,0.0,0.0,0.0
20200907_20200919,1203,150,q30,0.0,0.0,0.0
20200907_20200919,1203,150,q40,0.0,0.0,0.0
20200907_20200919,1203,151,unw,0.7544622793152228,0.7544623017311096,-2.2415886813398345e-08
20200907_20200919,1203,151,q20,0.0,0.0,0.0
20200907_20200919,1203,151,q30,0.0,0.0,0.0
20200907_20200919,1203,151,q40,0.0,0.0,0.0
20200907_20200919,1203,152,unw,0.5671375579260525,0.5671375393867493,1.853930320372399e-08
20200907_20200919,1203,152,q20,0.0,0.0,0.0
20200907_20200919,1203,152,q30,0.0,0.0,0.0
20200907_20200919,1203,152,q40,0.0,0.0,0.0
20200907_20200919,1203,153,unw,0.47228731662066387,0.4722873270511627,-1.0430498853519765e-08
20200907_20200919,1203,153,q20,0.0,0.0,0.0
20200907_20200919,1203,153,q30,0.0,0.0,0.0
20200907_20200919,1203,153,q40,0.0,0.0,0.0
20200907_20200919,1203,154,unw,0.0,0.0,0.0
20200907_20200919,1203,154,q20,0.0,0.0,0.0
20200907_20200919,1203,154,q30,0.0,0.0,0.0
20200907_20200919,1203,154,q40,0.0,0.0,0.0
20200907_20200919,1203,155,unw,0.9672447450114919,0.9672447443008423,7.106496502373716e-10
20200907_20200919,1203,155,q20,0.0,0.0,0.0
20200907_20200919,1203,155,q30,0.0,0.0,0.0
20200907_20200919,1203,155,q40,0.0,0.0,0.0
20200907_20200919,1205,1276,unw,0.03286472483650906,0.03286472335457802,1.4819310431568589e-09
20200907_20200919,1205,1276,q20,0.0,0.0,0.0
20200907_20200919,1205,1276,q30,0.0,0.0,0.0
20200907_20200919,1205,1276,q40,0.0,0.0,0.0
20200907_20200919,1239,142,unw,1.0,1.0,0.0
20200907_20200919,1239,142,q20,0.0,0.0,0.0
20200907_20200919,1239,142,q30,0.0,0.0,0.0
20200907_20200919,1239,142,q40,0.0,0.0,0.0
20200907_20200919,1243,555,unw,0.9999999999999999,1.0,-1.1102230246251565e-16
20200907_20200919,1243,555,q20,0.0,0.0,0.0
20200907_20200919,1243,555,q30,0.0,0.0,0.0
20200907_20200919,1243,555,q40,0.0,0.0,0.0
20200907_20200919,1259,906,unw,0.9999999999999999,1.0,-1.1102230246251565e-16
20200907_20200919,1259,906,q20,0.9999999999999999,1.0,-1.1102230246251565e-16
20200907_20200919,1259,906,q30,0.9999999999999999,1.0,-1.1102230246251565e-16
20200907_20200919,1259,906,q40,0.9999999999999999,1.0,-1.1102230246251565e-16
20200907_20200919,1267,829,unw,1.0,1.0,0.0
20200907_20200919,1267,829,q20,1.0000000000000002,1.0,2.220446049250313e-16
20200907_20200919,1267,829,q30,1.0000000000000002,1.0,2.220446049250313e-16
20200907_20200919,1267,829,q40,0.5270931586439834,0.5270931720733643,-1.3429380829599324e-08
20200907_20200919,1273,1338,unw,1.0000000000000002,1.0,2.220446049250313e-16
20200907_20200919,1273,1338,q20,1.0000000000000002,1.0,2.220446049250313e-16
20200907_20200919,1273,1338,q30,0.19309124056357285,0.1930912435054779,-2.94190505290004e-09
20200907_20200919,1273,1338,q40,0.0,0.0,0.0
20200907_20200919,1385,725,unw,1.0,1.0,0.0
20200907_20200919,1385,725,q20,0.9357529261448232,0.9357529282569885,-2.1121653315248068e-09
20200907_20200919,1385,725,q30,0.0,0.0,0.0
20200907_20200919,1385,725,q40,0.0,0.0,0.0
20200907_20200919,1444,502,unw,1.0000000000000002,1.0,2.220446049250313e-16
20200907_20200919,1444,502,q20,0.23305213831049856,0.23305213451385498,3.796643582854031e-09
20200907_20200919,1444,502,q30,0.0,0.0,0.0
20200907_20200919,1444,502,q40,0.0,0.0,0.0
20201212_20201218,1,151,unw,1.0,1.0,0.0
20201212_20201218,1,151,q20,0.0,0.0,0.0
20201212_20201218,1,151,q30,0.0,0.0,0.0
20201212_20201218,1,151,q40,0.0,0.0,0.0
20201212_20201218,122,1389,unw,0.0,0.0,0.0
20201212_20201218,122,1389,q20,0.0,0.0,0.0
20201212_20201218,122,1389,q30,0.0,0.0,0.0
20201212_20201218,122,1389,q40,0.0,0.0,0.0
20201212_20201218,122,1404,unw,0.9999999999999999,1.0,-1.1102230246251565e-16
20201212_20201218,122,1404,q20,0.9999999999999999,1.0,-1.1102230246251565e-16
20201212_20201218,122,1404,q30,0.9999999999999999,1.0,-1.1102230246251565e-16
20201212_20201218,122,1404,q40,0.9999999999999999,1.0,-1.1102230246251565e-16
20201212_20201218,161,1506,unw,1.0,1.0,0.0
20201212_20201218,161,1506,q20,1.0,1.0,0.0
20201212_20201218,161,1506,q30,1.0,1.0,0.0
20201212_20201218,161,1506,q40,1.0,1.0,0.0
20201212_20201218,268,674,unw,0.6323468290089214,0.6323468089103699,2.0098551489766692e-08
20201212_20201218,268,674,q20,0.0,0.0,0.0
20201212_20201218,268,674,q30,0.0,0.0,0.0
20201212_20201218,268,674,q40,0.0,0.0,0.0
20201212_20201218,296,1200,unw,1.0,1.0,0.0
20201212_20201218,296,1200,q20,0.9999999999999999,1.0,-1.1102230246251565e-16
20201212_20201218,296,1200,q30,0.9999999999999999,1.0,-1.1102230246251565e-16
20201212_20201218,296,1200,q40,0.9999999999999999,1.0,-1.1102230246251565e-16
20201212_20201218,315,1484,unw,1.0,1.0,0.0
20201212_20201218,315,1484,q20,0.6317101372404257,0.6317101120948792,2.5145546533877905e-08
20201212_20201218,315,1484,q30,0.0,0.0,0.0
20201212_20201218,315,1484,q40,0.0,0.0,0.0
20201212_20201218,319,989,unw,1.0,1.0,0.0
20201212_20201218,319,989,q20,1.0,1.0,0.0
20201212_20201218,319,989,q30,1.0,1.0,0.0
20201212_20201218,319,989,q40,1.0,1.0,0.0
20201212_20201218,355,494,unw,1.0,1.0,0.0
20201212_20201218,355,494,q20,0.6941583090865994,0.6941583156585693,-6.57196996822762e-09
20201212_20201218,355,494,q30,0.0,0.0,0.0
20201212_20201218,355,494,q40,0.0,0.0,0.0
20201212_20201218,360,585,unw,1.0,1.0,0.0
20201212_20201218,360,585,q20,1.0,1.0,0.0
20201212_20201218,360,585,q30,1.0,1.0,0.0
20201212_20201218,360,585,q40,1.0,1.0,0.0
20201212_20201218,377,1190,unw,1.0000000000000002,1.0,2.220446049250313e-16
20201212_20201218,377,1190,q20,0.6437978562620765,0.6437978744506836,-1.818860706492842e-08
20201212_20201218,377,1190,q30,0.6319412327680551,0.6319412589073181,-2.6139262976343502e-08
20201212_20201218,377,1190,q40,0.6319412327680551,0.6319412589073181,-2.6139262976343502e-08
20201212_20201218,381,1261,unw,1.0,1.0,0.0
20201212_20201218,381,1261,q20,1.0,1.0,0.0
20201212_20201218,381,1261,q30,0.43188558119403214,0.43188557028770447,1.0906327674309324e-08
20201212_20201218,381,1261,q40,0.0,0.0,0.0
20201212_20201218,402,544,unw,1.0,1.0,0.0
20201212_20201218,402,544,q20,1.0,1.0,0.0
20201212_20201218,402,544,q30,1.0,1.0,0.0
20201212_20201218,402,544,q40,0.0,0.0,0.0
20201212_20201218,435,730,unw,1.0,1.0,0.0
20201212_20201218,435,730,q20,1.0,1.0,0.0
20201212_20201218,435,730,q30,1.0,1.0,0.0
20201212_20201218,435,730,q40,1.0,1.0,0.0
20201212_20201218,454,815,unw,0.9999999999999999,1.0,-1.1102230246251565e-16
20201212_20201218,454,815,q20,0.7677259567106139,0.767725944519043,1.2191570974984245e-08
20201212_20201218,454,815,q30,0.0247487740948177,0.024748774245381355,-1.5056365529342308e-10
20201212_20201218,454,815,q40,0.0247487740948177,0.024748774245381355,-1.5056365529342308e-10
20201212_20201218,455,1154,unw,0.9999999999999999,1.0,-1.1102230246251565e-16
20201212_20201218,455,1154,q20,1.0000000000000002,1.0,2.220446049250313e-16
20201212_20201218,455,1154,q30,0.9796030273590608,0.9796030521392822,-2.478022143037606e-08
20201212_20201218,455,1154,q40,0.35615219552396243,0.356152206659317,-1.1135354582858525e-08
20201212_20201218,475,45,unw,1.0,1.0,0.0
20201212_20201218,475,45,q20,0.8608752868737933,0.8608753085136414,-2.1639848024612718e-08
20201212_20201218,475,45,q30,0.16770985453555923,0.1677098572254181,-2.6898588634249876e-09
20201212_20201218,475,45,q40,0.16770985453555923,0.1677098572254181,-2.6898588634249876e-09
20201212_20201218,477,592,unw,1.0000000000000002,1.0,2.220446049250313e-16
20201212_20201218,477,592,q20,1.0000000000000002,1.0,2.220446049250313e-16
20201212_20201218,477,592,q30,1.0000000000000002,1.0,2.220446049250313e-16
20201212_20201218,477,592,q40,1.0000000000000002,1.0,2.220446049250313e-16
20201212_20201218,488,676,unw,1.0,1.0,0.0
20201212_20201218,488,676,q20,1.0000000000000002,1.0,2.220446049250313e-16
20201212_20201218,488,676,q30,1.0000000000000002,1.0,2.220446049250313e-16
20201212_20201218,488,676,q40,1.0000000000000002,1.0,2.220446049250313e-16
20201212_20201218,543,580,unw,1.0,1.0,0.0
20201212_20201218,543,580,q20,1.0,1.0,0.0
20201212_20201218,543,580,q30,1.0,1.0,0.0
20201212_20201218,543,580,q40,1.0,1.0,0.0
20201212_20201218,554,1068,unw,1.0,1.0,0.0
20201212_20201218,554,1068,q20,1.0,1.0,0.0
20201212_20201218,554,1068,q30,1.0,1.0,0.0
20201212_20201218,554,1068,q40,1.0,1.0,0.0
20201212_20201218,554,1069,unw,1.0000000000000002,1.0,2.220446049250313e-16
20201212_20201218,554,1069,q20,1.0000000000000002,1.0,2.220446049250313e-16
20201212_20201218,554,1069,q30,1.0000000000000002,1.0,2.220446049250313e-16
20201212_20201218,554,1069,q40,1.0000000000000002,1.0,2.220446049250313e-16
20201212_20201218,554,1070,unw,1.0,1.0,0.0
20201212_20201218,554,1070,q20,0.9999999999999999,1.0,-1.1102230246251565e-16
20201212_20201218,554,1070,q30,0.9999999999999999,1.0,-1.1102230246251565e-16
20201212_20201218,554,1070,q40,0.9999999999999999,1.0,-1.1102230246251565e-16
20201212_20201218,554,1071,unw,1.0,1.0,0.0
20201212_20201218,554,1071,q20,1.0,1.0,0.0
20201212_20201218,554,1071,q30,1.0,1.0,0.0
20201212_20201218,554,1071,q40,1.0,1.0,0.0
20201212_20201218,554,1072,unw,1.0000000000000002,1.0,2.220446049250313e-16
20201212_20201218,554,1072,q20,1.0000000000000002,1.0,2.220446049250313e-16
20201212_20201218,554,1072,q30,1.0000000000000002,1.0,2.220446049250313e-16
20201212_20201218,554,1072,q40,1.0000000000000002,1.0,2.220446049250313e-16
20201212_20201218,554,1073,unw,1.0000000000000002,1.0,2.220446049250313e-16
20201212_20201218,554,1073,q20,1.0000000000000002,1.0,2.220446049250313e-16
20201212_20201218,554,1073,q30,1.0000000000000002,1.0,2.220446049250313e-16
20201212_20201218,554,1073,q40,1.0000000000000002,1.0,2.220446049250313e-16
20201212_20201218,554,1075,unw,1.0,1.0,0.0
20201212_20201218,554,1075,q20,1.0,1.0,0.0
20201212_20201218,554,1075,q30,1.0,1.0,0.0
20201212_20201218,554,1075,q40,1.0,1.0,0.0
20201212_20201218,569,436,unw,1.0000000000000002,1.0,2.220446049250313e-16
20201212_20201218,569,436,q20,1.0000000000000002,1.0,2.220446049250313e-16
20201212_20201218,569,436,q30,0.0,0.0,0.0
20201212_20201218,569,436,q40,0.0,0.0,0.0
20201212_20201218,576,1364,unw,1.0000000000000002,1.0,2.220446049250313e-16
20201212_20201218,576,1364,q20,1.0000000000000002,1.0,2.220446049250313e-16
20201212_20201218,576,1364,q30,1.0000000000000002,1.0,2.220446049250313e-16
20201212_20201218,576,1364,q40,1.0000000000000002,1.0,2.220446049250313e-16
20201212_20201218,626,300,unw,0.9999999999999998,1.0,-2.220446049250313e-16
20201212_20201218,626,300,q20,0.9999999999999998,1.0,-2.220446049250313e-16
20201212_20201218,626,300,q30,0.9999999999999998,1.0,-2.220446049250313e-16
20201212_20201218,626,300,q40,0.71792564175608,0.7179256677627563,-2.6006676367984483e-08
20201212_20201218,632,619,unw,0.7265505747836453,0.7265505790710449,-4.287399657521007e-09
20201212_20201218,632,619,q20,0.20864567482888688,0.20864567160606384,3.2228230362196797e-09
20201212_20201218,632,619,q30,0.0,0.0,0.0
20201212_20201218,632,619,q40,0.0,0.0,0.0
20201212_20201218,647,649,unw,1.0,1.0,0.0
20201212_20201218,647,649,q20,1.0,1.0,0.0
20201212_20201218,647,649,q30,1.0,1.0,0.0
20201212_20201218,647,649,q40,1.0,1.0,0.0
20201212_20201218,657,1392,unw,1.0,1.0,0.0
20201212_20201218,657,1392,q20,0.0,0.0,0.0
20201212_20201218,657,1392,q30,0.0,0.0,0.0
20201212_20201218,657,1392,q40,0.0,0.0,0.0
20201212_20201218,677,357,unw,1.0,1.0,0.0
20201212_20201218,677,357,q20,0.838028066232817,0.838028073310852,-7.07803504695903e-09
20201212_20201218,677,357,q30,0.0,0.0,0.0
20201212_20201218,677,357,q40,0.0,0.0,0.0
20201212_20201218,690,367,unw,0.9999999999999999,1.0,-1.1102230246251565e-16
20201212_20201218,690,367,q20,0.9999999999999999,1.0,-1.1102230246251565e-16
20201212_20201218,690,367,q30,0.4325883002658808,0.4325883090496063,-8.783725524708075e-09
20201212_20201218,690,367,q40,0.4325883002658808,0.4325883090496063,-8.783725524708075e-09
20201212_20201218,692,795,unw,1.0,1.0,0.0
20201212_20201218,692,795,q20,1.0,1.0,0.0
20201212_20201218,692,795,q30,1.0,1.0,0.0
20201212_20201218,692,795,q40,1.0,1.0,0.0
20201212_20201218,702,432,unw,0.9999999999999999,1.0,-1.1102230246251565e-16
20201212_20201218,702,432,q20,0.7674626350852757,0.7674626111984253,2.388685038656746e-08
20201212_20201218,702,432,q30,0.0,0.0,0.0
20201212_20201218,702,432,q40,0.0,0.0,0.0
20201212_20201218,704,381,unw,1.0000000000000002,1.0,2.220446049250313e-16
20201212_20201218,704,381,q20,0.938467038090639,0.9384670257568359,1.2333803089958906e-08
20201212_20201218,704,381,q30,0.6324701203828106,0.6324701309204102,-1.0537599570703549e-08
20201212_20201218,704,381,q40,0.6324701203828106,0.6324701309204102,-1.0537599570703549e-08
20201212_20201218,726,923,unw,1.0,1.0,0.0
20201212_20201218,726,923,q20,1.0,1.0,0.0
20201212_20201218,726,923,q30,1.0,1.0,0.0
20201212_20201218,726,923,q40,1.0,1.0,0.0
20201212_20201218,775,85,unw,0.9999999999999999,1.0,-1.1102230246251565e-16
20201212_20201218,775,85,q20,0.4328099633216026,0.4328099489212036,1.4400398984371066e-08
20201212_20201218,775,85,q30,0.0,0.0,0.0
20201212_20201218,775,85,q40,0.0,0.0,0.0
20201212_20201218,782,71,unw,1.0,1.0,0.0
20201212_20201218,782,71,q20,0.0,0.0,0.0
20201212_20201218,782,71,q30,0.0,0.0,0.0
20201212_20201218,782,71,q40,0.0,0.0,0.0
20201212_20201218,808,475,unw,1.0,1.0,0.0
20201212_20201218,808,475,q20,1.0,1.0,0.0
20201212_20201218,808,475,q30,0.8994203501471204,0.8994203209877014,2.9159418990509778e-08
20201212_20201218,808,475,q40,0.7674477287660756,0.7674477100372314,1.8728844142223977e-08
20201212_20201218,808,1073,unw,1.0,1.0,0.0
20201212_20201218,808,1073,q20,1.0,1.0,0.0
20201212_20201218,808,1073,q30,1.0,1.0,0.0
20201212_20201218,808,1073,q40,1.0,1.0,0.0
20201212_20201218,809,309,unw,0.9999999999999999,1.0,-1.1102230246251565e-16
20201212_20201218,809,309,q20,0.8380819357463057,0.838081955909729,-2.016342326438547e-08
20201212_20201218,809,309,q30,0.8055284552296043,0.805528461933136,-6.7035317297126085e-09
20201212_20201218,809,309,q40,0.0,0.0,0.0
20201212_20201218,817,264,unw,0.9999999999999999,1.0,-1.1102230246251565e-16
20201212_20201218,817,264,q20,0.36115206218353696,0.3611520528793335,9.304203463234018e-09
20201212_20201218,817,264,q30,0.0,0.0,0.0
20201212_20201218,817,264,q40,0.0,0.0,0.0
20201212_20201218,819,962,unw,1.0,1.0,0.0
20201212_20201218,819,962,q20,1.0,1.0,0.0
20201212_20201218,819,962,q30,1.0,1.0,0.0
20201212_20201218,819,962,q40,0.7912506627617004,0.7912506461143494,1.6647351053222792e-08
20201212_20201218,854,1271,unw,0.9999999999999999,1.0,-1.1102230246251565e-16
20201212_20201218,854,1271,q20,0.0,0.0,0.0
20201212_20201218,854,1271,q30,0.0,0.0,0.0
20201212_20201218,854,1271,q40,0.0,0.0,0.0
20201212_20201218,858,1239,unw,1.0,1.0,0.0
20201212_20201218,858,1239,q20,0.0,0.0,0.0
20201212_20201218,858,1239,q30,0.0,0.0,0.0
20201212_20201218,858,1239,q40,0.0,0.0,0.0
20201212_20201218,858,1284,unw,1.0,1.0,0.0
20201212_20201218,858,1284,q20,1.0,1.0,0.0
20201212_20201218,858,1284,q30,1.0,1.0,0.0
20201212_20201218,858,1284,q40,1.0,1.0,0.0
20201212_20201218,862,325,unw,1.0,1.0,0.0
20201212_20201218,862,325,q20,1.0,1.0,0.0
20201212_20201218,862,325,q30,0.5673786860994957,0.5673786997795105,-1.3680014787631478e-08
20201212_20201218,862,325,q40,0.4354094035692764,0.43540939688682556,6.682450814921026e-09
20201212_20201218,876,907,unw,0.9999999999999999,1.0,-1.1102230246251565e-16
20201212_20201218,876,907,q20,0.9999999999999999,1.0,-1.1102230246251565e-16
20201212_20201218,876,907,q30,0.9999999999999999,1.0,-1.1102230246251565e-16
20201212_20201218,876,907,q40,0.0,0.0,0.0
20201212_20201218,914,946,unw,1.0,1.0,0.0
20201212_20201218,914,946,q20,1.0,1.0,0.0
20201212_20201218,914,946,q30,0.6326351698145517,0.6326351761817932,-6.367241511817667e-09
20201212_20201218,914,946,q40,0.0,0.0,0.0
20201212_20201218,916,1096,unw,1.0,1.0,0.0
20201212_20201218,916,1096,q20,0.0,0.0,0.0
20201212_20201218,916,1096,q30,0.0,0.0,0.0
20201212_20201218,916,1096,q40,0.0,0.0,0.0
20201212_20201218,926,1390,unw,1.0,1.0,0.0
20201212_20201218,926,1390,q20,0.0,0.0,0.0
20201212_20201218,926,1390,q30,0.0,0.0,0.0
20201212_20201218,926,1390,q40,0.0,0.0,0.0
20201212_20201218,943,600,unw,1.0,1.0,0.0
20201212_20201218,943,600,q20,1.0,1.0,0.0
20201212_20201218,943,600,q30,0.7675946896618412,0.7675946950912476,-5.429406368939738e-09
20201212_20201218,943,600,q40,0.0,0.0,0.0
20201212_20201218,958,438,unw,0.23267016442177546,0.2326701581478119,6.273963570890828e-09
20201212_20201218,958,438,q20,0.0,0.0,0.0
20201212_20201218,958,438,q30,0.0,0.0,0.0
20201212_20201218,958,438,q40,0.0,0.0,0.0
20201212_20201218,962,497,unw,0.9999999999999999,1.0,-1.1102230246251565e-16
20201212_20201218,962,497,q20,0.6121196119400644,0.6121196150779724,-3.137908044514859e-09
20201212_20201218,962,497,q30,0.0,0.0,0.0
20201212_20201218,962,497,q40,0.0,0.0,0.0
20201212_20201218,969,839,unw,0.9999999999999999,1.0,-1.1102230246251565e-16
20201212_20201218,969,839,q20,0.43267853033600623,0.4326785206794739,9.656532351520752e-09
20201212_20201218,969,839,q30,0.013939865625162539,0.013939865864813328,-2.3965078879695234e-10
20201212_20201218,969,839,q40,0.0,0.0,0.0
20201212_20201218,971,292,unw,0.032680807743429345,0.03268080949783325,-1.75440390687287e-09
20201212_20201218,971,292,q20,0.0,0.0,0.0
20201212_20201218,971,292,q30,0.0,0.0,0.0
20201212_20201218,971,292,q40,0.0,0.0,0.0
20201212_20201218,1036,1277,unw,1.0,1.0,0.0
20201212_20201218,1036,1277,q20,0.0,0.0,0.0
20201212_20201218,1036,1277,q30,0.0,0.0,0.0
20201212_20201218,1036,1277,q40,0.0,0.0,0.0
20201212_20201218,1084,312,unw,0.9999999999999999,1.0,-1.1102230246251565e-16
20201212_20201218,1084,312,q20,0.9999999999999999,1.0,-1.1102230246251565e-16
20201212_20201218,1084,312,q30,0.0,0.0,0.0
20201212_20201218,1084,312,q40,0.0,0.0,0.0
20201212_20201218,1095,1113,unw,0.5672224402648169,0.5672224164009094,2.386390751674128e-08
20201212_20201218,1095,1113,q20,0.0,0.0,0.0
20201212_20201218,1095,1113,q30,0.0,0.0,0.0
20201212_20201218,1095,1113,q40,0.0,0.0,0.0
20201212_20201218,1121,1279,unw,0.9999999999999999,1.0,-1.1102230246251565e-16
20201212_20201218,1121,1279,q20,0.568128567513829,0.5681285858154297,-1.830160067939346e-08
20201212_20201218,1121,1279,q30,0.0,0.0,0.0
20201212_20201218,1121,1279,q40,0.0,0.0,0.0
20201212_20201218,1122,338,unw,1.0,1.0,0.0
20201212_20201218,1122,338,q20,1.0,1.0,0.0
20201212_20201218,1122,338,q30,1.0,1.0,0.0
20201212_20201218,1122,338,q40,0.6326109381882272,0.6326109170913696,2.109685759421609e-08
20201212_20201218,1156,1253,unw,0.9999999999999999,1.0,-1.1102230246251565e-16
20201212_20201218,1156,1253,q20,0.0,0.0,0.0
20201212_20201218,1156,1253,q30,0.0,0.0,0.0
20201212_20201218,1156,1253,q40,0.0,0.0,0.0
20201212_20201218,1203,149,unw,0.9999999999999999,1.0,-1.1102230246251565e-16
20201212_20201218,1203,149,q20,0.0,0.0,0.0
20201212_20201218,1203,149,q30,0.0,0.0,0.0
20201212_20201218,1203,149,q40,0.0,0.0,0.0
20201212_20201218,1203,150,unw,0.9999999999999999,1.0,-1.1102230246251565e-16
20201212_20201218,1203,150,q20,0.0,0.0,0.0
20201212_20201218,1203,150,q30,0.0,0.0,0.0
20201212_20201218,1203,150,q40,0.0,0.0,0.0
20201212_20201218,1203,151,unw,1.0,1.0,0.0
20201212_20201218,1203,151,q20,0.0,0.0,0.0
20201212_20201218,1203,151,q30,0.0,0.0,0.0
20201212_20201218,1203,151,q40,0.0,0.0,0.0
20201212_20201218,1203,152,unw,0.9999999999999999,1.0,-1.1102230246251565e-16
20201212_20201218,1203,152,q20,0.0,0.0,0.0
20201212_20201218,1203,152,q30,0.0,0.0,0.0
20201212_20201218,1203,152,q40,0.0,0.0,0.0
20201212_20201218,1203,153,unw,1.0,1.0,0.0
20201212_20201218,1203,153,q20,0.0,0.0,0.0
20201212_20201218,1203,153,q30,0.0,0.0,0.0
20201212_20201218,1203,153,q40,0.0,0.0,0.0
20201212_20201218,1203,154,unw,1.0,1.0,0.0
20201212_20201218,1203,154,q20,0.0,0.0,0.0
20201212_20201218,1203,154,q30,0.0,0.0,0.0
20201212_20201218,1203,154,q40,0.0,0.0,0.0
20201212_20201218,1203,155,unw,0.9999999999999999,1.0,-1.1102230246251565e-16
20201212_20201218,1203,155,q20,0.0,0.0,0.0
20201212_20201218,1203,155,q30,0.0,0.0,0.0
20201212_20201218,1203,155,q40,0.0,0.0,0.0
20201212_20201218,1205,1276,unw,1.0,1.0,0.0
20201212_20201218,1205,1276,q20,0.0,0.0,0.0
20201212_20201218,1205,1276,q30,0.0,0.0,0.0
20201212_20201218,1205,1276,q40,0.0,0.0,0.0
20201212_20201218,1239,142,unw,1.0,1.0,0.0
20201212_20201218,1239,142,q20,0.5671092638168959,0.5671092867851257,-2.2968229873576718e-08
20201212_20201218,1239,142,q30,0.0,0.0,0.0
20201212_20201218,1239,142,q40,0.0,0.0,0.0
20201212_20201218,1243,555,unw,0.9999999999999999,1.0,-1.1102230246251565e-16
20201212_20201218,1243,555,q20,0.0,0.0,0.0
20201212_20201218,1243,555,q30,0.0,0.0,0.0
20201212_20201218,1243,555,q40,0.0,0.0,0.0
20201212_20201218,1259,906,unw,0.9999999999999999,1.0,-1.1102230246251565e-16
20201212_20201218,1259,906,q20,0.9999999999999999,1.0,-1.1102230246251565e-16
20201212_20201218,1259,906,q30,0.9999999999999999,1.0,-1.1102230246251565e-16
20201212_20201218,1259,906,q40,0.9999999999999999,1.0,-1.1102230246251565e-16
20201212_20201218,1267,829,unw,1.0,1.0,0.0
20201212_20201218,1267,829,q20,1.0000000000000002,1.0,2.220446049250313e-16
20201212_20201218,1267,829,q30,1.0000000000000002,1.0,2.220446049250313e-16
20201212_20201218,1267,829,q40,1.0000000000000002,1.0,2.220446049250313e-16
20201212_20201218,1273,1338,unw,1.0000000000000002,1.0,2.220446049250313e-16
20201212_20201218,1273,1338,q20,1.0000000000000002,1.0,2.220446049250313e-16
20201212_20201218,1273,1338,q30,1.0000000000000002,1.0,2.220446049250313e-16
20201212_20201218,1273,1338,q40,0.19309124056357285,0.1930912435054779,-2.94190505290004e-09
20201212_20201218,1385,725,unw,1.0,1.0,0.0
20201212_20201218,1385,725,q20,0.0642470738551768,0.06424707174301147,2.1121653315248068e-09
20201212_20201218,1385,725,q30,0.001066338306381641,0.0010663382709026337,3.54790073188449e-11
20201212_20201218,1385,725,q40,0.001066338306381641,0.0010663382709026337,3.54790073188449e-11
20201212_20201218,1444,502,unw,1.0000000000000002,1.0,2.220446049250313e-16
20201212_20201218,1444,502,q20,0.0,0.0,0.0
20201212_20201218,1444,502,q30,0.0,0.0,0.0
20201212_20201218,1444,502,q40,0.0,0.0,0.0
20210111_20210129,1,151,unw,1.0,1.0,0.0
20210111_20210129,1,151,q20,0.0,0.0,0.0
20210111_20210129,1,151,q30,0.0,0.0,0.0
20210111_20210129,1,151,q40,0.0,0.0,0.0
20210111_20210129,122,1389,unw,0.0,0.0,0.0
20210111_20210129,122,1389,q20,0.0,0.0,0.0
20210111_20210129,122,1389,q30,0.0,0.0,0.0
20210111_20210129,122,1389,q40,0.0,0.0,0.0
20210111_20210129,122,1404,unw,0.9999999999999999,1.0,-1.1102230246251565e-16
20210111_20210129,122,1404,q20,0.9999999999999999,1.0,-1.1102230246251565e-16
20210111_20210129,122,1404,q30,0.9999999999999999,1.0,-1.1102230246251565e-16
20210111_20210129,122,1404,q40,0.9999999999999999,1.0,-1.1102230246251565e-16
20210111_20210129,161,1506,unw,1.0,1.0,0.0
20210111_20210129,161,1506,q20,1.0,1.0,0.0
20210111_20210129,161,1506,q30,1.0,1.0,0.0
20210111_20210129,161,1506,q40,1.0,1.0,0.0
20210111_20210129,268,674,unw,0.9999999999999999,1.0,-1.1102230246251565e-16
20210111_20210129,268,674,q20,0.0,0.0,0.0
20210111_20210129,268,674,q30,0.0,0.0,0.0
20210111_20210129,268,674,q40,0.0,0.0,0.0
20210111_20210129,296,1200,unw,1.0,1.0,0.0
20210111_20210129,296,1200,q20,0.9999999999999999,1.0,-1.1102230246251565e-16
20210111_20210129,296,1200,q30,0.9999999999999999,1.0,-1.1102230246251565e-16
20210111_20210129,296,1200,q40,0.9999999999999999,1.0,-1.1102230246251565e-16
20210111_20210129,315,1484,unw,1.0,1.0,0.0
20210111_20210129,315,1484,q20,0.0,0.0,0.0
20210111_20210129,315,1484,q30,0.0,0.0,0.0
20210111_20210129,315,1484,q40,0.0,0.0,0.0
20210111_20210129,319,989,unw,1.0,1.0,0.0
20210111_20210129,319,989,q20,1.0,1.0,0.0
20210111_20210129,319,989,q30,1.0,1.0,0.0
20210111_20210129,319,989,q40,1.0,1.0,0.0
20210111_20210129,355,494,unw,1.0,1.0,0.0
20210111_20210129,355,494,q20,1.0,1.0,0.0
20210111_20210129,355,494,q30,0.6941583090865994,0.6941583156585693,-6.57196996822762e-09
20210111_20210129,355,494,q40,0.16780416982106106,0.16780416667461395,3.1464471028641583e-09
20210111_20210129,360,585,unw,1.0,1.0,0.0
20210111_20210129,360,585,q20,1.0,1.0,0.0
20210111_20210129,360,585,q30,1.0,1.0,0.0
20210111_20210129,360,585,q40,1.0,1.0,0.0
20210111_20210129,377,1190,unw,0.6437978562627992,0.6437978744506836,-1.818788442076169e-08
20210111_20210129,377,1190,q20,0.6319412327680551,0.6319412589073181,-2.6139262976343502e-08
20210111_20210129,377,1190,q30,0.6319412327680551,0.6319412589073181,-2.6139262976343502e-08
20210111_20210129,377,1190,q40,0.6319412327680551,0.6319412589073181,-2.6139262976343502e-08
20210111_20210129,381,1261,unw,1.0,1.0,0.0
20210111_20210129,381,1261,q20,1.0,1.0,0.0
20210111_20210129,381,1261,q30,1.0,1.0,0.0
20210111_20210129,381,1261,q40,0.0,0.0,0.0
20210111_20210129,402,544,unw,1.0,1.0,0.0
20210111_20210129,402,544,q20,1.0,1.0,0.0
20210111_20210129,402,544,q30,0.0,0.0,0.0
20210111_20210129,402,544,q40,0.0,0.0,0.0
20210111_20210129,435,730,unw,1.0,1.0,0.0
20210111_20210129,435,730,q20,1.0,1.0,0.0
20210111_20210129,435,730,q30,1.0,1.0,0.0
20210111_20210129,435,730,q40,1.0,1.0,0.0
20210111_20210129,454,815,unw,0.9999999999999999,1.0,-1.1102230246251565e-16
20210111_20210129,454,815,q20,0.9925123049765193,0.9925122857093811,1.926713821820414e-08
20210111_20210129,454,815,q30,0.0247487740948177,0.024748774245381355,-1.5056365529342308e-10
20210111_20210129,454,815,q40,0.0247487740948177,0.024748774245381355,-1.5056365529342308e-10
20210111_20210129,455,1154,unw,0.9999999999999999,1.0,-1.1102230246251565e-16
20210111_20210129,455,1154,q20,1.0000000000000002,1.0,2.220446049250313e-16
20210111_20210129,455,1154,q30,0.9796030273590608,0.9796030521392822,-2.478022143037606e-08
20210111_20210129,455,1154,q40,0.0,0.0,0.0
20210111_20210129,475,45,unw,1.0,1.0,0.0
20210111_20210129,475,45,q20,0.16770985453555923,0.1677098572254181,-2.6898588634249876e-09
20210111_20210129,475,45,q30,0.0,0.0,0.0
20210111_20210129,475,45,q40,0.0,0.0,0.0
20210111_20210129,477,592,unw,1.0000000000000002,1.0,2.220446049250313e-16
20210111_20210129,477,592,q20,1.0000000000000002,1.0,2.220446049250313e-16
20210111_20210129,477,592,q30,1.0000000000000002,1.0,2.220446049250313e-16
20210111_20210129,477,592,q40,1.0000000000000002,1.0,2.220446049250313e-16
20210111_20210129,488,676,unw,1.0,1.0,0.0
20210111_20210129,488,676,q20,1.0000000000000002,1.0,2.220446049250313e-16
20210111_20210129,488,676,q30,1.0000000000000002,1.0,2.220446049250313e-16
20210111_20210129,488,676,q40,1.0000000000000002,1.0,2.220446049250313e-16
20210111_20210129,543,580,unw,1.0,1.0,0.0
20210111_20210129,543,580,q20,1.0,1.0,0.0
20210111_20210129,543,580,q30,1.0,1.0,0.0
20210111_20210129,543,580,q40,1.0,1.0,0.0
20210111_20210129,554,1068,unw,1.0,1.0,0.0
20210111_20210129,554,1068,q20,1.0,1.0,0.0
20210111_20210129,554,1068,q30,1.0,1.0,0.0
20210111_20210129,554,1068,q40,1.0,1.0,0.0
20210111_20210129,554,1069,unw,1.0000000000000002,1.0,2.220446049250313e-16
20210111_20210129,554,1069,q20,1.0000000000000002,1.0,2.220446049250313e-16
20210111_20210129,554,1069,q30,1.0000000000000002,1.0,2.220446049250313e-16
20210111_20210129,554,1069,q40,1.0000000000000002,1.0,2.220446049250313e-16
20210111_20210129,554,1070,unw,1.0,1.0,0.0
20210111_20210129,554,1070,q20,0.9999999999999999,1.0,-1.1102230246251565e-16
20210111_20210129,554,1070,q30,0.9999999999999999,1.0,-1.1102230246251565e-16
20210111_20210129,554,1070,q40,0.9999999999999999,1.0,-1.1102230246251565e-16
20210111_20210129,554,1071,unw,1.0,1.0,0.0
20210111_20210129,554,1071,q20,1.0,1.0,0.0
20210111_20210129,554,1071,q30,1.0,1.0,0.0
20210111_20210129,554,1071,q40,1.0,1.0,0.0
20210111_20210129,554,1072,unw,1.0000000000000002,1.0,2.220446049250313e-16
20210111_20210129,554,1072,q20,1.0000000000000002,1.0,2.220446049250313e-16
20210111_20210129,554,1072,q30,1.0000000000000002,1.0,2.220446049250313e-16
20210111_20210129,554,1072,q40,1.0000000000000002,1.0,2.220446049250313e-16
20210111_20210129,554,1073,unw,1.0000000000000002,1.0,2.220446049250313e-16
20210111_20210129,554,1073,q20,1.0000000000000002,1.0,2.220446049250313e-16
20210111_20210129,554,1073,q30,1.0000000000000002,1.0,2.220446049250313e-16
20210111_20210129,554,1073,q40,1.0000000000000002,1.0,2.220446049250313e-16
20210111_20210129,554,1075,unw,1.0,1.0,0.0
20210111_20210129,554,1075,q20,1.0,1.0,0.0
20210111_20210129,554,1075,q30,1.0,1.0,0.0
20210111_20210129,554,1075,q40,1.0,1.0,0.0
20210111_20210129,569,436,unw,1.0000000000000002,1.0,2.220446049250313e-16
20210111_20210129,569,436,q20,0.9676351524215147,0.9676351547241211,-2.302606438853161e-09
20210111_20210129,569,436,q30,0.0,0.0,0.0
20210111_20210129,569,436,q40,0.0,0.0,0.0
20210111_20210129,576,1364,unw,1.0000000000000002,1.0,2.220446049250313e-16
20210111_20210129,576,1364,q20,1.0000000000000002,1.0,2.220446049250313e-16
20210111_20210129,576,1364,q30,1.0000000000000002,1.0,2.220446049250313e-16
20210111_20210129,576,1364,q40,1.0000000000000002,1.0,2.220446049250313e-16
20210111_20210129,626,300,unw,0.9999999999999998,1.0,-2.220446049250313e-16
20210111_20210129,626,300,q20,0.9999999999999998,1.0,-2.220446049250313e-16
20210111_20210129,626,300,q30,0.9999999999999998,1.0,-2.220446049250313e-16
20210111_20210129,626,300,q40,0.71792564175608,0.7179256677627563,-2.6006676367984483e-08
20210111_20210129,632,619,unw,1.0000000000000002,1.0,2.220446049250313e-16
20210111_20210129,632,619,q20,0.567609781627125,0.5676097869873047,-5.360179633484563e-09
20210111_20210129,632,619,q30,0.20864567482888688,0.20864567160606384,3.2228230362196797e-09
20210111_20210129,632,619,q40,0.0,0.0,0.0
20210111_20210129,647,649,unw,1.0,1.0,0.0
20210111_20210129,647,649,q20,1.0,1.0,0.0
20210111_20210129,647,649,q30,1.0,1.0,0.0
20210111_20210129,647,649,q40,1.0,1.0,0.0
20210111_20210129,657,1392,unw,1.0,1.0,0.0
20210111_20210129,657,1392,q20,0.0,0.0,0.0
20210111_20210129,657,1392,q30,0.0,0.0,0.0
20210111_20210129,657,1392,q40,0.0,0.0,0.0
20210111_20210129,677,357,unw,1.0,1.0,0.0
20210111_20210129,677,357,q20,0.027017512411123438,0.027017513290047646,-8.789242077200665e-10
20210111_20210129,677,357,q30,0.0,0.0,0.0
20210111_20210129,677,357,q40,0.0,0.0,0.0
20210111_20210129,690,367,unw,0.9999999999999999,1.0,-1.1102230246251565e-16
20210111_20210129,690,367,q20,0.4325883002658808,0.4325883090496063,-8.783725524708075e-09
20210111_20210129,690,367,q30,0.0,0.0,0.0
20210111_20210129,690,367,q40,0.0,0.0,0.0
20210111_20210129,692,795,unw,1.0,1.0,0.0
20210111_20210129,692,795,q20,1.0,1.0,0.0
20210111_20210129,692,795,q30,1.0,1.0,0.0
20210111_20210129,692,795,q40,1.0,1.0,0.0
20210111_20210129,702,432,unw,0.9999999999999999,1.0,-1.1102230246251565e-16
20210111_20210129,702,432,q20,0.0,0.0,0.0
20210111_20210129,702,432,q30,0.0,0.0,0.0
20210111_20210129,702,432,q40,0.0,0.0,0.0
20210111_20210129,704,381,unw,1.0000000000000002,1.0,2.220446049250313e-16
20210111_20210129,704,381,q20,0.938467038090639,0.9384670257568359,1.2333803089958906e-08
20210111_20210129,704,381,q30,0.6324701203828106,0.6324701309204102,-1.0537599570703549e-08
20210111_20210129,704,381,q40,0.6324701203828106,0.6324701309204102,-1.0537599570703549e-08
20210111_20210129,726,923,unw,1.0,1.0,0.0
20210111_20210129,726,923,q20,1.0,1.0,0.0
20210111_20210129,726,923,q30,1.0,1.0,0.0
20210111_20210129,726,923,q40,1.0,1.0,0.0
20210111_20210129,775,85,unw,0.9999999999999999,1.0,-1.1102230246251565e-16
20210111_20210129,775,85,q20,0.4328099633216026,0.4328099489212036,1.4400398984371066e-08
20210111_20210129,775,85,q30,0.0,0.0,0.0
20210111_20210129,775,85,q40,0.0,0.0,0.0
20210111_20210129,782,71,unw,1.0,1.0,0.0
20210111_20210129,782,71,q20,0.0,0.0,0.0
20210111_20210129,782,71,q30,0.0,0.0,0.0
20210111_20210129,782,71,q40,0.0,0.0,0.0
20210111_20210129,808,475,unw,1.0,1.0,0.0
20210111_20210129,808,475,q20,0.7674477287660756,0.7674477100372314,1.8728844142223977e-08
20210111_20210129,808,475,q30,0.7674477287660756,0.7674477100372314,1.8728844142223977e-08
20210111_20210129,808,475,q40,0.3319237581732087,0.3319237530231476,5.150061099801206e-09
20210111_20210129,808,1073,unw,1.0,1.0,0.0
20210111_20210129,808,1073,q20,1.0,1.0,0.0
20210111_20210129,808,1073,q30,1.0,1.0,0.0
20210111_20210129,808,1073,q40,1.0,1.0,0.0
20210111_20210129,809,309,unw,0.9999999999999999,1.0,-1.1102230246251565e-16
20210111_20210129,809,309,q20,0.8055284552296043,0.805528461933136,-6.7035317297126085e-09
20210111_20210129,809,309,q30,0.8055284552296043,0.805528461933136,-6.7035317297126085e-09
20210111_20210129,809,309,q40,0.0,0.0,0.0
20210111_20210129,817,264,unw,0.9999999999999999,1.0,-1.1102230246251565e-16
20210111_20210129,817,264,q20,0.0,0.0,0.0
20210111_20210129,817,264,q30,0.0,0.0,0.0
20210111_20210129,817,264,q40,0.0,0.0,0.0
20210111_20210129,819,962,unw,1.0,1.0,0.0
20210111_20210129,819,962,q20,1.0,1.0,0.0
20210111_20210129,819,962,q30,0.7912506627617004,0.7912506461143494,1.6647351053222792e-08
20210111_20210129,819,962,q40,0.4325606381917834,0.43256065249443054,-1.4302647122210743e-08
20210111_20210129,854,1271,unw,0.9999999999999999,1.0,-1.1102230246251565e-16
20210111_20210129,854,1271,q20,0.0,0.0,0.0
20210111_20210129,854,1271,q30,0.0,0.0,0.0
20210111_20210129,854,1271,q40,0.0,0.0,0.0
20210111_20210129,858,1239,unw,1.0,1.0,0.0
20210111_20210129,858,1239,q20,0.0,0.0,0.0
20210111_20210129,858,1239,q30,0.0,0.0,0.0
20210111_20210129,858,1239,q40,0.0,0.0,0.0
20210111_20210129,858,1284,unw,1.0,1.0,0.0
20210111_20210129,858,1284,q20,1.0,1.0,0.0
20210111_20210129,858,1284,q30,1.0,1.0,0.0
20210111_20210129,858,1284,q40,0.0,0.0,0.0
20210111_20210129,862,325,unw,1.0,1.0,0.0
20210111_20210129,862,325,q20,0.8993745697512533,0.8993745446205139,2.5130739378376177e-08
20210111_20210129,862,325,q30,0.4354094035692764,0.43540939688682556,6.682450814921026e-09
20210111_20210129,862,325,q40,0.0,0.0,0.0
20210111_20210129,876,907,unw,0.9999999999999999,1.0,-1.1102230246251565e-16
20210111_20210129,876,907,q20,0.9999999999999999,1.0,-1.1102230246251565e-16
20210111_20210129,876,907,q30,0.0,0.0,0.0
20210111_20210129,876,907,q40,0.0,0.0,0.0
20210111_20210129,914,946,unw,1.0,1.0,0.0
20210111_20210129,914,946,q20,1.0,1.0,0.0
20210111_20210129,914,946,q30,1.0,1.0,0.0
20210111_20210129,914,946,q40,0.0,0.0,0.0
20210111_20210129,916,1096,unw,1.0,1.0,0.0
20210111_20210129,916,1096,q20,0.0,0.0,0.0
20210111_20210129,916,1096,q30,0.0,0.0,0.0
20210111_20210129,916,1096,q40,0.0,0.0,0.0
20210111_20210129,926,1390,unw,0.3673553987890292,0.3673554062843323,-7.49530310040214e-09
20210111_20210129,926,1390,q20,0.0,0.0,0.0
20210111_20210129,926,1390,q30,0.0,0.0,0.0
20210111_20210129,926,1390,q40,0.0,0.0,0.0
20210111_20210129,943,600,unw,1.0,1.0,0.0
20210111_20210129,943,600,q20,1.0,1.0,0.0
20210111_20210129,943,600,q30,0.0,0.0,0.0
20210111_20210129,943,600,q40,0.0,0.0,0.0
20210111_20210129,958,438,unw,0.8215707609127075,0.8215707540512085,6.861499035615282e-09
20210111_20210129,958,438,q20,0.0,0.0,0.0
20210111_20210129,958,438,q30,0.0,0.0,0.0
20210111_20210129,958,438,q40,0.0,0.0,0.0
20210111_20210129,962,497,unw,0.9999999999999999,1.0,-1.1102230246251565e-16
20210111_20210129,962,497,q20,0.0,0.0,0.0
20210111_20210129,962,497,q30,0.0,0.0,0.0
20210111_20210129,962,497,q40,0.0,0.0,0.0
20210111_20210129,969,839,unw,0.9999999999999999,1.0,-1.1102230246251565e-16
20210111_20210129,969,839,q20,0.013939865625162539,0.013939865864813328,-2.3965078879695234e-10
20210111_20210129,969,839,q30,0.0,0.0,0.0
20210111_20210129,969,839,q40,0.0,0.0,0.0
20210111_20210129,971,292,unw,0.032680807743429345,0.03268080949783325,-1.75440390687287e-09
20210111_20210129,971,292,q20,0.0,0.0,0.0
20210111_20210129,971,292,q30,0.0,0.0,0.0
20210111_20210129,971,292,q40,0.0,0.0,0.0
20210111_20210129,1036,1277,unw,0.03187331898450651,0.031873319298028946,-3.1352243717863715e-10
20210111_20210129,1036,1277,q20,0.0,0.0,0.0
20210111_20210129,1036,1277,q30,0.0,0.0,0.0
20210111_20210129,1036,1277,q40,0.0,0.0,0.0
20210111_20210129,1084,312,unw,0.9999999999999999,1.0,-1.1102230246251565e-16
20210111_20210129,1084,312,q20,0.0,0.0,0.0
20210111_20210129,1084,312,q30,0.0,0.0,0.0
20210111_20210129,1084,312,q40,0.0,0.0,0.0
20210111_20210129,1095,1113,unw,0.927294062666124,0.9272940754890442,-1.2822920170130203e-08
20210111_20210129,1095,1113,q20,0.0,0.0,0.0
20210111_20210129,1095,1113,q30,0.0,0.0,0.0
20210111_20210129,1095,1113,q40,0.0,0.0,0.0
20210111_20210129,1121,1279,unw,0.5822933904826182,0.5822933912277222,-7.451039785166813e-10
20210111_20210129,1121,1279,q20,0.0,0.0,0.0
20210111_20210129,1121,1279,q30,0.0,0.0,0.0
20210111_20210129,1121,1279,q40,0.0,0.0,0.0
20210111_20210129,1122,338,unw,1.0,1.0,0.0
20210111_20210129,1122,338,q20,1.0,1.0,0.0
20210111_20210129,1122,338,q30,0.6326109381882272,0.6326109170913696,2.109685759421609e-08
20210111_20210129,1122,338,q40,0.0,0.0,0.0
20210111_20210129,1156,1253,unw,0.9755331387797724,0.975533127784729,1.0995043431272222e-08
20210111_20210129,1156,1253,q20,0.0,0.0,0.0
20210111_20210129,1156,1253,q30,0.0,0.0,0.0
20210111_20210129,1156,1253,q40,0.0,0.0,0.0
20210111_20210129,1203,149,unw,0.9999999999999999,1.0,-1.1102230246251565e-16
20210111_20210129,1203,149,q20,0.0,0.0,0.0
20210111_20210129,1203,149,q30,0.0,0.0,0.0
20210111_20210129,1203,149,q40,0.0,0.0,0.0
20210111_20210129,1203,150,unw,0.9999999999999999,1.0,-1.1102230246251565e-16
20210111_20210129,1203,150,q20,0.0,0.0,0.0
20210111_20210129,1203,150,q30,0.0,0.0,0.0
20210111_20210129,1203,150,q40,0.0,0.0,0.0
20210111_20210129,1203,151,unw,1.0,1.0,0.0
20210111_20210129,1203,151,q20,0.0,0.0,0.0
20210111_20210129,1203,151,q30,0.0,0.0,0.0
20210111_20210129,1203,151,q40,0.0,0.0,0.0
20210111_20210129,1203,152,unw,0.8410343594293008,0.8410343527793884,6.649912398515312e-09
20210111_20210129,1203,152,q20,0.0,0.0,0.0
20210111_20210129,1203,152,q30,0.0,0.0,0.0
20210111_20210129,1203,152,q40,0.0,0.0,0.0
20210111_20210129,1203,153,unw,0.639531118375292,0.639531135559082,-1.7183790057551107e-08
20210111_20210129,1203,153,q20,0.0,0.0,0.0
20210111_20210129,1203,153,q30,0.0,0.0,0.0
20210111_20210129,1203,153,q40,0.0,0.0,0.0
20210111_20210129,1203,154,unw,1.0,1.0,0.0
20210111_20210129,1203,154,q20,0.0,0.0,0.0
20210111_20210129,1203,154,q30,0.0,0.0,0.0
20210111_20210129,1203,154,q40,0.0,0.0,0.0
20210111_20210129,1203,155,unw,0.03275525498850791,0.032755255699157715,-7.106498028930375e-10
20210111_20210129,1203,155,q20,0.0,0.0,0.0
20210111_20210129,1203,155,q30,0.0,0.0,0.0
20210111_20210129,1203,155,q40,0.0,0.0,0.0
20210111_20210129,1205,1276,unw,1.0,1.0,0.0
20210111_20210129,1205,1276,q20,0.0,0.0,0.0
20210111_20210129,1205,1276,q30,0.0,0.0,0.0
20210111_20210129,1205,1276,q40,0.0,0.0,0.0
20210111_20210129,1239,142,unw,1.0,1.0,0.0
20210111_20210129,1239,142,q20,0.5671092638168959,0.5671092867851257,-2.2968229873576718e-08
20210111_20210129,1239,142,q30,0.0,0.0,0.0
20210111_20210129,1239,142,q40,0.0,0.0,0.0
20210111_20210129,1243,555,unw,0.9999999999999999,1.0,-1.1102230246251565e-16
20210111_20210129,1243,555,q20,0.0,0.0,0.0
20210111_20210129,1243,555,q30,0.0,0.0,0.0
20210111_20210129,1243,555,q40,0.0,0.0,0.0
20210111_20210129,1259,906,unw,0.9999999999999999,1.0,-1.1102230246251565e-16
20210111_20210129,1259,906,q20,0.9999999999999999,1.0,-1.1102230246251565e-16
20210111_20210129,1259,906,q30,0.9999999999999999,1.0,-1.1102230246251565e-16
20210111_20210129,1259,906,q40,0.9999999999999999,1.0,-1.1102230246251565e-16
20210111_20210129,1267,829,unw,1.0,1.0,0.0
20210111_20210129,1267,829,q20,1.0000000000000002,1.0,2.220446049250313e-16
20210111_20210129,1267,829,q30,1.0000000000000002,1.0,2.220446049250313e-16
20210111_20210129,1267,829,q40,1.0000000000000002,1.0,2.220446049250313e-16
20210111_20210129,1273,1338,unw,1.0000000000000002,1.0,2.220446049250313e-16
20210111_20210129,1273,1338,q20,1.0000000000000002,1.0,2.220446049250313e-16
20210111_20210129,1273,1338,q30,0.87165131492031,0.871651291847229,2.3073081001356854e-08
20210111_20210129,1273,1338,q40,0.19309124056357285,0.1930912435054779,-2.94190505290004e-09
20210111_20210129,1385,725,unw,1.0,1.0,0.0
20210111_20210129,1385,725,q20,0.001066338306381641,0.0010663382709026337,3.54790073188449e-11
20210111_20210129,1385,725,q30,0.0,0.0,0.0
20210111_20210129,1385,725,q40,0.0,0.0,0.0
20210111_20210129,1444,502,unw,1.0000000000000002,1.0,2.220446049250313e-16
20210111_20210129,1444,502,q20,0.0,0.0,0.0
20210111_20210129,1444,502,q30,0.0,0.0,0.0
20210111_20210129,1444,502,q40,0.0,0.0,0.0
20210405_20210429,1,151,unw,0.904656617558865,0.9046565890312195,2.8527645468123808e-08
20210405_20210429,1,151,q20,0.0,0.0,0.0
20210405_20210429,1,151,q30,0.0,0.0,0.0
20210405_20210429,1,151,q40,0.0,0.0,0.0
20210405_20210429,122,1389,unw,0.0,0.0,0.0
20210405_20210429,122,1389,q20,0.0,0.0,0.0
20210405_20210429,122,1389,q30,0.0,0.0,0.0
20210405_20210429,122,1389,q40,0.0,0.0,0.0
20210405_20210429,122,1404,unw,0.9999999999999999,1.0,-1.1102230246251565e-16
20210405_20210429,122,1404,q20,0.9999999999999999,1.0,-1.1102230246251565e-16
20210405_20210429,122,1404,q30,0.9999999999999999,1.0,-1.1102230246251565e-16
20210405_20210429,122,1404,q40,0.9999999999999999,1.0,-1.1102230246251565e-16
20210405_20210429,161,1506,unw,1.0,1.0,0.0
20210405_20210429,161,1506,q20,1.0,1.0,0.0
20210405_20210429,161,1506,q30,1.0,1.0,0.0
20210405_20210429,161,1506,q40,1.0,1.0,0.0
20210405_20210429,268,674,unw,0.9999999999999999,1.0,-1.1102230246251565e-16
20210405_20210429,268,674,q20,0.0,0.0,0.0
20210405_20210429,268,674,q30,0.0,0.0,0.0
20210405_20210429,268,674,q40,0.0,0.0,0.0
20210405_20210429,296,1200,unw,1.0,1.0,0.0
20210405_20210429,296,1200,q20,0.9999999999999999,1.0,-1.1102230246251565e-16
20210405_20210429,296,1200,q30,0.8533832467854937,0.8533832430839539,3.7015398524076204e-09
20210405_20210429,296,1200,q40,0.8533832467854937,0.8533832430839539,3.7015398524076204e-09
20210405_20210429,315,1484,unw,0.6317101372574787,0.6317101120948792,2.5162599559536147e-08
20210405_20210429,315,1484,q20,0.0,0.0,0.0
20210405_20210429,315,1484,q30,0.0,0.0,0.0
20210405_20210429,315,1484,q40,0.0,0.0,0.0
20210405_20210429,319,989,unw,1.0,1.0,0.0
20210405_20210429,319,989,q20,1.0,1.0,0.0
20210405_20210429,319,989,q30,1.0,1.0,0.0
20210405_20210429,319,989,q40,1.0,1.0,0.0
20210405_20210429,355,494,unw,1.0,1.0,0.0
20210405_20210429,355,494,q20,1.0,1.0,0.0
20210405_20210429,355,494,q30,1.0,1.0,0.0
20210405_20210429,355,494,q40,0.0,0.0,0.0
20210405_20210429,360,585,unw,1.0,1.0,0.0
20210405_20210429,360,585,q20,1.0,1.0,0.0
20210405_20210429,360,585,q30,1.0,1.0,0.0
20210405_20210429,360,585,q40,1.0,1.0,0.0
20210405_20210429,377,1190,unw,1.0000000000000002,1.0,2.220446049250313e-16
20210405_20210429,377,1190,q20,0.6319412327680551,0.6319412589073181,-2.6139262976343502e-08
20210405_20210429,377,1190,q30,0.6319412327680551,0.6319412589073181,-2.6139262976343502e-08
20210405_20210429,377,1190,q40,0.6319412327680551,0.6319412589073181,-2.6139262976343502e-08
20210405_20210429,381,1261,unw,1.0,1.0,0.0
20210405_20210429,381,1261,q20,0.32256605384052045,0.32256606221199036,-8.371469906176543e-09
20210405_20210429,381,1261,q30,0.0,0.0,0.0
20210405_20210429,381,1261,q40,0.0,0.0,0.0
20210405_20210429,402,544,unw,1.0,1.0,0.0
20210405_20210429,402,544,q20,0.0,0.0,0.0
20210405_20210429,402,544,q30,0.0,0.0,0.0
20210405_20210429,402,544,q40,0.0,0.0,0.0
20210405_20210429,435,730,unw,1.0,1.0,0.0
20210405_20210429,435,730,q20,1.0,1.0,0.0
20210405_20210429,435,730,q30,1.0,1.0,0.0
20210405_20210429,435,730,q40,1.0,1.0,0.0
20210405_20210429,454,815,unw,0.9999999999999999,1.0,-1.1102230246251565e-16
20210405_20210429,454,815,q20,0.7677259567106139,0.767725944519043,1.2191570974984245e-08
20210405_20210429,454,815,q30,0.0247487740948177,0.024748774245381355,-1.5056365529342308e-10
20210405_20210429,454,815,q40,0.0247487740948177,0.024748774245381355,-1.5056365529342308e-10
20210405_20210429,455,1154,unw,0.9999999999999999,1.0,-1.1102230246251565e-16
20210405_20210429,455,1154,q20,1.0000000000000002,1.0,2.220446049250313e-16
20210405_20210429,455,1154,q30,0.9796030273590608,0.9796030521392822,-2.478022143037606e-08
20210405_20210429,455,1154,q40,0.0,0.0,0.0
20210405_20210429,475,45,unw,1.0,1.0,0.0
20210405_20210429,475,45,q20,0.16770985453555923,0.1677098572254181,-2.6898588634249876e-09
20210405_20210429,475,45,q30,0.0,0.0,0.0
20210405_20210429,475,45,q40,0.0,0.0,0.0
20210405_20210429,477,592,unw,1.0000000000000002,1.0,2.220446049250313e-16
20210405_20210429,477,592,q20,1.0000000000000002,1.0,2.220446049250313e-16
20210405_20210429,477,592,q30,1.0000000000000002,1.0,2.220446049250313e-16
20210405_20210429,477,592,q40,1.0000000000000002,1.0,2.220446049250313e-16
20210405_20210429,488,676,unw,1.0,1.0,0.0
20210405_20210429,488,676,q20,1.0000000000000002,1.0,2.220446049250313e-16
20210405_20210429,488,676,q30,1.0000000000000002,1.0,2.220446049250313e-16
20210405_20210429,488,676,q40,1.0000000000000002,1.0,2.220446049250313e-16
20210405_20210429,543,580,unw,1.0,1.0,0.0
20210405_20210429,543,580,q20,1.0,1.0,0.0
20210405_20210429,543,580,q30,1.0,1.0,0.0
20210405_20210429,543,580,q40,1.0,1.0,0.0
20210405_20210429,554,1068,unw,1.0,1.0,0.0
20210405_20210429,554,1068,q20,1.0,1.0,0.0
20210405_20210429,554,1068,q30,1.0,1.0,0.0
20210405_20210429,554,1068,q40,1.0,1.0,0.0
20210405_20210429,554,1069,unw,1.0000000000000002,1.0,2.220446049250313e-16
20210405_20210429,554,1069,q20,1.0000000000000002,1.0,2.220446049250313e-16
20210405_20210429,554,1069,q30,1.0000000000000002,1.0,2.220446049250313e-16
20210405_20210429,554,1069,q40,1.0000000000000002,1.0,2.220446049250313e-16
20210405_20210429,554,1070,unw,1.0,1.0,0.0
20210405_20210429,554,1070,q20,0.9999999999999999,1.0,-1.1102230246251565e-16
20210405_20210429,554,1070,q30,0.9999999999999999,1.0,-1.1102230246251565e-16
20210405_20210429,554,1070,q40,0.9999999999999999,1.0,-1.1102230246251565e-16
20210405_20210429,554,1071,unw,1.0,1.0,0.0
20210405_20210429,554,1071,q20,1.0,1.0,0.0
20210405_20210429,554,1071,q30,1.0,1.0,0.0
20210405_20210429,554,1071,q40,1.0,1.0,0.0
20210405_20210429,554,1072,unw,1.0000000000000002,1.0,2.220446049250313e-16
20210405_20210429,554,1072,q20,1.0000000000000002,1.0,2.220446049250313e-16
20210405_20210429,554,1072,q30,1.0000000000000002,1.0,2.220446049250313e-16
20210405_20210429,554,1072,q40,1.0000000000000002,1.0,2.220446049250313e-16
20210405_20210429,554,1073,unw,1.0000000000000002,1.0,2.220446049250313e-16
20210405_20210429,554,1073,q20,1.0000000000000002,1.0,2.220446049250313e-16
20210405_20210429,554,1073,q30,1.0000000000000002,1.0,2.220446049250313e-16
20210405_20210429,554,1073,q40,1.0000000000000002,1.0,2.220446049250313e-16
20210405_20210429,554,1075,unw,1.0,1.0,0.0
20210405_20210429,554,1075,q20,1.0,1.0,0.0
20210405_20210429,554,1075,q30,1.0,1.0,0.0
20210405_20210429,554,1075,q40,1.0,1.0,0.0
20210405_20210429,569,436,unw,1.0000000000000002,1.0,2.220446049250313e-16
20210405_20210429,569,436,q20,0.0,0.0,0.0
20210405_20210429,569,436,q30,0.0,0.0,0.0
20210405_20210429,569,436,q40,0.0,0.0,0.0
20210405_20210429,576,1364,unw,1.0000000000000002,1.0,2.220446049250313e-16
20210405_20210429,576,1364,q20,1.0000000000000002,1.0,2.220446049250313e-16
20210405_20210429,576,1364,q30,1.0000000000000002,1.0,2.220446049250313e-16
20210405_20210429,576,1364,q40,1.0000000000000002,1.0,2.220446049250313e-16
20210405_20210429,626,300,unw,0.9999999999999998,1.0,-2.220446049250313e-16
20210405_20210429,626,300,q20,0.9999999999999998,1.0,-2.220446049250313e-16
20210405_20210429,626,300,q30,0.9999999999999998,1.0,-2.220446049250313e-16
20210405_20210429,626,300,q40,0.5708013451033752,0.570801317691803,2.741157223429269e-08
20210405_20210429,632,619,unw,0.7265505747836453,0.7265505790710449,-4.287399657521007e-09
20210405_20210429,632,619,q20,0.20864567482888688,0.20864567160606384,3.2228230362196797e-09
20210405_20210429,632,619,q30,0.0,0.0,0.0
20210405_20210429,632,619,q40,0.0,0.0,0.0
20210405_20210429,647,649,unw,1.0,1.0,0.0
20210405_20210429,647,649,q20,1.0,1.0,0.0
20210405_20210429,647,649,q30,1.0,1.0,0.0
20210405_20210429,647,649,q40,1.0,1.0,0.0
20210405_20210429,657,1392,unw,0.0,0.0,0.0
20210405_20210429,657,1392,q20,0.0,0.0,0.0
20210405_20210429,657,1392,q30,0.0,0.0,0.0
20210405_20210429,657,1392,q40,0.0,0.0,0.0
20210405_20210429,677,357,unw,0.99456778000685,0.9945677518844604,2.812238952820678e-08
20210405_20210429,677,357,q20,0.0,0.0,0.0
20210405_20210429,677,357,q30,0.0,0.0,0.0
20210405_20210429,677,357,q40,0.0,0.0,0.0
20210405_20210429,690,367,unw,0.9999999999999999,1.0,-1.1102230246251565e-16
20210405_20210429,690,367,q20,0.0,0.0,0.0
20210405_20210429,690,367,q30,0.0,0.0,0.0
20210405_20210429,690,367,q40,0.0,0.0,0.0
20210405_20210429,692,795,unw,1.0,1.0,0.0
20210405_20210429,692,795,q20,1.0,1.0,0.0
20210405_20210429,692,795,q30,1.0,1.0,0.0
20210405_20210429,692,795,q40,1.0,1.0,0.0
20210405_20210429,702,432,unw,0.9999999999999999,1.0,-1.1102230246251565e-16
20210405_20210429,702,432,q20,0.0,0.0,0.0
20210405_20210429,702,432,q30,0.0,0.0,0.0
20210405_20210429,702,432,q40,0.0,0.0,0.0
20210405_20210429,704,381,unw,1.0000000000000002,1.0,2.220446049250313e-16
20210405_20210429,704,381,q20,0.6324701203828106,0.6324701309204102,-1.0537599570703549e-08
20210405_20210429,704,381,q30,0.6324701203828106,0.6324701309204102,-1.0537599570703549e-08
20210405_20210429,704,381,q40,0.6324701203828106,0.6324701309204102,-1.0537599570703549e-08
20210405_20210429,726,923,unw,1.0,1.0,0.0
20210405_20210429,726,923,q20,1.0,1.0,0.0
20210405_20210429,726,923,q30,1.0,1.0,0.0
20210405_20210429,726,923,q40,1.0,1.0,0.0
20210405_20210429,775,85,unw,0.9999999999999999,1.0,-1.1102230246251565e-16
20210405_20210429,775,85,q20,0.4328099633216026,0.4328099489212036,1.4400398984371066e-08
20210405_20210429,775,85,q30,0.0,0.0,0.0
20210405_20210429,775,85,q40,0.0,0.0,0.0
20210405_20210429,782,71,unw,1.0,1.0,0.0
20210405_20210429,782,71,q20,0.0,0.0,0.0
20210405_20210429,782,71,q30,0.0,0.0,0.0
20210405_20210429,782,71,q40,0.0,0.0,0.0
20210405_20210429,808,475,unw,1.0,1.0,0.0
20210405_20210429,808,475,q20,0.7674477287660756,0.7674477100372314,1.8728844142223977e-08
20210405_20210429,808,475,q30,0.7674477287660756,0.7674477100372314,1.8728844142223977e-08
20210405_20210429,808,475,q40,0.0,0.0,0.0
20210405_20210429,808,1073,unw,1.0,1.0,0.0
20210405_20210429,808,1073,q20,1.0,1.0,0.0
20210405_20210429,808,1073,q30,1.0,1.0,0.0
20210405_20210429,808,1073,q40,1.0,1.0,0.0
20210405_20210429,809,309,unw,0.9999999999999999,1.0,-1.1102230246251565e-16
20210405_20210429,809,309,q20,0.8055284552296043,0.805528461933136,-6.7035317297126085e-09
20210405_20210429,809,309,q30,0.0,0.0,0.0
20210405_20210429,809,309,q40,0.0,0.0,0.0
20210405_20210429,817,264,unw,0.7673305804995882,0.7673305869102478,-6.410659558753196e-09
20210405_20210429,817,264,q20,0.0,0.0,0.0
20210405_20210429,817,264,q30,0.0,0.0,0.0
20210405_20210429,817,264,q40,0.0,0.0,0.0
20210405_20210429,819,962,unw,1.0,1.0,0.0
20210405_20210429,819,962,q20,1.0,1.0,0.0
20210405_20210429,819,962,q30,0.7912506627617004,0.7912506461143494,1.6647351053222792e-08
20210405_20210429,819,962,q40,0.4325606381917834,0.43256065249443054,-1.4302647122210743e-08
20210405_20210429,854,1271,unw,0.3556996148981397,0.3556996285915375,-1.3693397749037217e-08
20210405_20210429,854,1271,q20,0.0,0.0,0.0
20210405_20210429,854,1271,q30,0.0,0.0,0.0
20210405_20210429,854,1271,q40,0.0,0.0,0.0
20210405_20210429,858,1239,unw,1.0,1.0,0.0
20210405_20210429,858,1239,q20,0.0,0.0,0.0
20210405_20210429,858,1239,q30,0.0,0.0,0.0
20210405_20210429,858,1239,q40,0.0,0.0,0.0
20210405_20210429,858,1284,unw,1.0,1.0,0.0
20210405_20210429,858,1284,q20,1.0,1.0,0.0
20210405_20210429,858,1284,q30,1.0,1.0,0.0
20210405_20210429,858,1284,q40,0.7681323404923603,0.7681323289871216,1.1505238761699843e-08
20210405_20210429,862,325,unw,1.0,1.0,0.0
20210405_20210429,862,325,q20,0.4354094035692764,0.43540939688682556,6.682450814921026e-09
20210405_20210429,862,325,q30,0.4354094035692764,0.43540939688682556,6.682450814921026e-09
20210405_20210429,862,325,q40,0.0,0.0,0.0
20210405_20210429,876,907,unw,0.9999999999999999,1.0,-1.1102230246251565e-16
20210405_20210429,876,907,q20,0.9999999999999999,1.0,-1.1102230246251565e-16
20210405_20210429,876,907,q30,0.0,0.0,0.0
20210405_20210429,876,907,q40,0.0,0.0,0.0
20210405_20210429,914,946,unw,1.0,1.0,0.0
20210405_20210429,914,946,q20,0.36736483018544824,0.3673648238182068,6.367241456306516e-09
20210405_20210429,914,946,q30,0.0,0.0,0.0
20210405_20210429,914,946,q40,0.0,0.0,0.0
20210405_20210429,916,1096,unw,0.23263715432974472,0.23263715207576752,2.2539771993290714e-09
20210405_20210429,916,1096,q20,0.0,0.0,0.0
20210405_20210429,916,1096,q30,0.0,0.0,0.0
20210405_20210429,916,1096,q40,0.0,0.0,0.0
20210405_20210429,926,1390,unw,1.0,1.0,0.0
20210405_20210429,926,1390,q20,0.0,0.0,0.0
20210405_20210429,926,1390,q30,0.0,0.0,0.0
20210405_20210429,926,1390,q40,0.0,0.0,0.0
20210405_20210429,943,600,unw,1.0,1.0,0.0
20210405_20210429,943,600,q20,0.038891175235507225,0.03889117389917374,1.33633348831097e-09
20210405_20210429,943,600,q30,0.0,0.0,0.0
20210405_20210429,943,600,q40,0.0,0.0,0.0
20210405_20210429,958,438,unw,0.8215707609127075,0.8215707540512085,6.861499035615282e-09
20210405_20210429,958,438,q20,0.0,0.0,0.0
20210405_20210429,958,438,q30,0.0,0.0,0.0
20210405_20210429,958,438,q40,0.0,0.0,0.0
20210405_20210429,962,497,unw,0.0,0.0,0.0
20210405_20210429,962,497,q20,0.0,0.0,0.0
20210405_20210429,962,497,q30,0.0,0.0,0.0
20210405_20210429,962,497,q40,0.0,0.0,0.0
20210405_20210429,969,839,unw,0.9999999999999999,1.0,-1.1102230246251565e-16
20210405_20210429,969,839,q20,0.013939865625162539,0.013939865864813328,-2.3965078879695234e-10
20210405_20210429,969,839,q30,0.0,0.0,0.0
20210405_20210429,969,839,q40,0.0,0.0,0.0
20210405_20210429,971,292,unw,0.032680807743429345,0.03268080949783325,-1.75440390687287e-09
20210405_20210429,971,292,q20,0.0,0.0,0.0
20210405_20210429,971,292,q30,0.0,0.0,0.0
20210405_20210429,971,292,q40,0.0,0.0,0.0
20210405_20210429,1036,1277,unw,0.0,0.0,0.0
20210405_20210429,1036,1277,q20,0.0,0.0,0.0
20210405_20210429,1036,1277,q30,0.0,0.0,0.0
20210405_20210429,1036,1277,q40,0.0,0.0,0.0
20210405_20210429,1084,312,unw,0.9999999999999999,1.0,-1.1102230246251565e-16
20210405_20210429,1084,312,q20,0.0,0.0,0.0
20210405_20210429,1084,312,q30,0.0,0.0,0.0
20210405_20210429,1084,312,q40,0.0,0.0,0.0
20210405_20210429,1095,1113,unw,0.07270593733387587,0.072705939412117,-2.0782411347397556e-09
20210405_20210429,1095,1113,q20,0.0,0.0,0.0
20210405_20210429,1095,1113,q30,0.0,0.0,0.0
20210405_20210429,1095,1113,q40,0.0,0.0,0.0
20210405_20210429,1121,1279,unw,0.9999999999999999,1.0,-1.1102230246251565e-16
20210405_20210429,1121,1279,q20,0.0,0.0,0.0
20210405_20210429,1121,1279,q30,0.0,0.0,0.0
20210405_20210429,1121,1279,q40,0.0,0.0,0.0
20210405_20210429,1122,338,unw,1.0,1.0,0.0
20210405_20210429,1122,338,q20,1.0,1.0,0.0
20210405_20210429,1122,338,q30,0.6326109381882272,0.6326109170913696,2.109685759421609e-08
20210405_20210429,1122,338,q40,0.0,0.0,0.0
20210405_20210429,1156,1253,unw,0.232825783420257,0.23282578587532043,-2.455063430328863e-09
20210405_20210429,1156,1253,q20,0.0,0.0,0.0
20210405_20210429,1156,1253,q30,0.0,0.0,0.0
20210405_20210429,1156,1253,q40,0.0,0.0,0.0
20210405_20210429,1203,149,unw,0.5671375579260525,0.5671375393867493,1.853930320372399e-08
20210405_20210429,1203,149,q20,0.0,0.0,0.0
20210405_20210429,1203,149,q30,0.0,0.0,0.0
20210405_20210429,1203,149,q40,0.0,0.0,0.0
20210405_20210429,1203,150,unw,0.5671375579260524,0.5671375393867493,1.8539303092701687e-08
20210405_20210429,1203,150,q20,0.0,0.0,0.0
20210405_20210429,1203,150,q30,0.0,0.0,0.0
20210405_20210429,1203,150,q40,0.0,0.0,0.0
20210405_20210429,1203,151,unw,0.5671375579260525,0.5671375393867493,1.853930320372399e-08
20210405_20210429,1203,151,q20,0.0,0.0,0.0
20210405_20210429,1203,151,q30,0.0,0.0,0.0
20210405_20210429,1203,151,q40,0.0,0.0,0.0
20210405_20210429,1203,152,unw,0.5671375579260525,0.5671375393867493,1.853930320372399e-08
20210405_20210429,1203,152,q20,0.0,0.0,0.0
20210405_20210429,1203,152,q30,0.0,0.0,0.0
20210405_20210429,1203,152,q40,0.0,0.0,0.0
20210405_20210429,1203,153,unw,0.47228731662066387,0.4722873270511627,-1.0430498853519765e-08
20210405_20210429,1203,153,q20,0.0,0.0,0.0
20210405_20210429,1203,153,q30,0.0,0.0,0.0
20210405_20210429,1203,153,q40,0.0,0.0,0.0
20210405_20210429,1203,154,unw,0.0,0.0,0.0
20210405_20210429,1203,154,q20,0.0,0.0,0.0
20210405_20210429,1203,154,q30,0.0,0.0,0.0
20210405_20210429,1203,154,q40,0.0,0.0,0.0
20210405_20210429,1203,155,unw,0.548560822602625,0.5485607981681824,2.4434442580378857e-08
20210405_20210429,1203,155,q20,0.0,0.0,0.0
20210405_20210429,1203,155,q30,0.0,0.0,0.0
20210405_20210429,1203,155,q40,0.0,0.0,0.0
20210405_20210429,1205,1276,unw,1.0,1.0,0.0
20210405_20210429,1205,1276,q20,0.0,0.0,0.0
20210405_20210429,1205,1276,q30,0.0,0.0,0.0
20210405_20210429,1205,1276,q40,0.0,0.0,0.0
20210405_20210429,1239,142,unw,1.0,1.0,0.0
20210405_20210429,1239,142,q20,0.5671092638168959,0.5671092867851257,-2.2968229873576718e-08
20210405_20210429,1239,142,q30,0.0,0.0,0.0
20210405_20210429,1239,142,q40,0.0,0.0,0.0
20210405_20210429,1243,555,unw,0.9999999999999999,1.0,-1.1102230246251565e-16
20210405_20210429,1243,555,q20,0.0,0.0,0.0
20210405_20210429,1243,555,q30,0.0,0.0,0.0
20210405_20210429,1243,555,q40,0.0,0.0,0.0
20210405_20210429,1259,906,unw,0.9999999999999999,1.0,-1.1102230246251565e-16
20210405_20210429,1259,906,q20,0.9999999999999999,1.0,-1.1102230246251565e-16
20210405_20210429,1259,906,q30,0.9999999999999999,1.0,-1.1102230246251565e-16
20210405_20210429,1259,906,q40,0.9999999999999999,1.0,-1.1102230246251565e-16
20210405_20210429,1267,829,unw,1.0,1.0,0.0
20210405_20210429,1267,829,q20,1.0000000000000002,1.0,2.220446049250313e-16
20210405_20210429,1267,829,q30,1.0000000000000002,1.0,2.220446049250313e-16
20210405_20210429,1267,829,q40,0.0,0.0,0.0
20210405_20210429,1273,1338,unw,1.0000000000000002,1.0,2.220446049250313e-16
20210405_20210429,1273,1338,q20,0.9612660271795174,0.961266040802002,-1.3622484584807637e-08
20210405_20210429,1273,1338,q30,0.19309124056357285,0.1930912435054779,-2.94190505290004e-09
20210405_20210429,1273,1338,q40,0.19309124056357285,0.1930912435054779,-2.94190505290004e-09
20210405_20210429,1385,725,unw,1.0,1.0,0.0
20210405_20210429,1385,725,q20,0.0,0.0,0.0
20210405_20210429,1385,725,q30,0.0,0.0,0.0
20210405_20210429,1385,725,q40,0.0,0.0,0.0
20210405_20210429,1444,502,unw,1.0000000000000002,1.0,2.220446049250313e-16
20210405_20210429,1444,502,q20,0.0,0.0,0.0
20210405_20210429,1444,502,q30,0.0,0.0,0.0
20210405_20210429,1444,502,q40,0.0,0.0,0.0
20210902_20220325,1,151,unw,0.39825692567568777,0.39825692772865295,-2.0529651867384757e-09
20210902_20220325,1,151,q20,0.0,0.0,0.0
20210902_20220325,1,151,q30,0.0,0.0,0.0
20210902_20220325,1,151,q40,0.0,0.0,0.0
20210902_20220325,122,1389,unw,0.0,0.0,0.0
20210902_20220325,122,1389,q20,0.0,0.0,0.0
20210902_20220325,122,1389,q30,0.0,0.0,0.0
20210902_20220325,122,1389,q40,0.0,0.0,0.0
20210902_20220325,122,1404,unw,0.9999999999999999,1.0,-1.1102230246251565e-16
20210902_20220325,122,1404,q20,0.9999999999999999,1.0,-1.1102230246251565e-16
20210902_20220325,122,1404,q30,0.9999999999999999,1.0,-1.1102230246251565e-16
20210902_20220325,122,1404,q40,0.9999999999999999,1.0,-1.1102230246251565e-16
20210902_20220325,161,1506,unw,1.0,1.0,0.0
20210902_20220325,161,1506,q20,1.0,1.0,0.0
20210902_20220325,161,1506,q30,1.0,1.0,0.0
20210902_20220325,161,1506,q40,1.0,1.0,0.0
20210902_20220325,268,674,unw,0.9176824101634774,0.917682409286499,8.769783788054042e-10
20210902_20220325,268,674,q20,0.0,0.0,0.0
20210902_20220325,268,674,q30,0.0,0.0,0.0
20210902_20220325,268,674,q40,0.0,0.0,0.0
20210902_20220325,296,1200,unw,1.0,1.0,0.0
20210902_20220325,296,1200,q20,0.02692060272244859,0.026920603588223457,-8.657748684637312e-10
20210902_20220325,296,1200,q30,0.0,0.0,0.0
20210902_20220325,296,1200,q40,0.0,0.0,0.0
20210902_20220325,315,1484,unw,0.0,0.0,0.0
20210902_20220325,315,1484,q20,0.0,0.0,0.0
20210902_20220325,315,1484,q30,0.0,0.0,0.0
20210902_20220325,315,1484,q40,0.0,0.0,0.0
20210902_20220325,319,989,unw,1.0,1.0,0.0
20210902_20220325,319,989,q20,1.0,1.0,0.0
20210902_20220325,319,989,q30,1.0,1.0,0.0
20210902_20220325,319,989,q40,1.0,1.0,0.0
20210902_20220325,355,494,unw,1.0,1.0,0.0
20210902_20220325,355,494,q20,0.0,0.0,0.0
20210902_20220325,355,494,q30,0.0,0.0,0.0
20210902_20220325,355,494,q40,0.0,0.0,0.0
20210902_20220325,360,585,unw,1.0,1.0,0.0
20210902_20220325,360,585,q20,1.0,1.0,0.0
20210902_20220325,360,585,q30,1.0,1.0,0.0
20210902_20220325,360,585,q40,0.8982219561969232,0.8982219696044922,-1.3407568943968329e-08
20210902_20220325,377,1190,unw,0.27891200134699473,0.2789120078086853,-6.461690571502032e-09
20210902_20220325,377,1190,q20,0.03497776135276421,0.034977760165929794,1.1868344154675192e-09
20210902_20220325,377,1190,q30,0.03497776135276421,0.034977760165929794,1.1868344154675192e-09
20210902_20220325,377,1190,q40,0.03497776135276421,0.034977760165929794,1.1868344154675192e-09
20210902_20220325,381,1261,unw,0.8953497207943806,0.8953497409820557,-2.0187675087157686e-08
20210902_20220325,381,1261,q20,0.0,0.0,0.0
20210902_20220325,381,1261,q30,0.0,0.0,0.0
20210902_20220325,381,1261,q40,0.0,0.0,0.0
20210902_20220325,402,544,unw,1.0,1.0,0.0
20210902_20220325,402,544,q20,0.5645293559553167,0.5645293593406677,-3.385350999529635e-09
20210902_20220325,402,544,q30,0.0,0.0,0.0
20210902_20220325,402,544,q40,0.0,0.0,0.0
20210902_20220325,435,730,unw,1.0,1.0,0.0
20210902_20220325,435,730,q20,0.9999999999999999,1.0,-1.1102230246251565e-16
20210902_20220325,435,730,q30,0.43532864252744263,0.4353286325931549,9.934287725776869e-09
20210902_20220325,435,730,q40,0.0,0.0,0.0
20210902_20220325,454,815,unw,1.0,1.0,0.0
20210902_20220325,454,815,q20,0.6964075581166144,0.6964075565338135,1.582800890354008e-09
20210902_20220325,454,815,q30,0.1064948069536747,0.10649480670690536,2.467693410723726e-10
20210902_20220325,454,815,q40,0.0,0.0,0.0
20210902_20220325,455,1154,unw,0.7307316335540396,0.7307316064834595,2.707058011086616e-08
20210902_20220325,455,1154,q20,0.0,0.0,0.0
20210902_20220325,455,1154,q30,0.0,0.0,0.0
20210902_20220325,455,1154,q40,0.0,0.0,0.0
20210902_20220325,475,45,unw,0.7741844953919443,0.77418452501297,-2.9621025632309284e-08
20210902_20220325,475,45,q20,0.1810450802113366,0.18104508519172668,-4.980390072573115e-09
20210902_20220325,475,45,q30,0.0,0.0,0.0
20210902_20220325,475,45,q40,0.0,0.0,0.0
20210902_20220325,477,592,unw,1.0,1.0,0.0
20210902_20220325,477,592,q20,1.0000000000000002,1.0,2.220446049250313e-16
20210902_20220325,477,592,q30,1.0000000000000002,1.0,2.220446049250313e-16
20210902_20220325,477,592,q40,1.0000000000000002,1.0,2.220446049250313e-16
20210902_20220325,488,676,unw,1.0,1.0,0.0
20210902_20220325,488,676,q20,1.0,1.0,0.0
20210902_20220325,488,676,q30,1.0,1.0,0.0
20210902_20220325,488,676,q40,1.0,1.0,0.0
20210902_20220325,543,580,unw,1.0,1.0,0.0
20210902_20220325,543,580,q20,1.0,1.0,0.0
20210902_20220325,543,580,q30,1.0,1.0,0.0
20210902_20220325,543,580,q40,1.0,1.0,0.0
20210902_20220325,554,1068,unw,1.0,1.0,0.0
20210902_20220325,554,1068,q20,0.9999999999999999,1.0,-1.1102230246251565e-16
20210902_20220325,554,1068,q30,0.9999999999999999,1.0,-1.1102230246251565e-16
20210902_20220325,554,1068,q40,0.9999999999999999,1.0,-1.1102230246251565e-16
20210902_20220325,554,1069,unw,0.9999999999999999,1.0,-1.1102230246251565e-16
20210902_20220325,554,1069,q20,1.0,1.0,0.0
20210902_20220325,554,1069,q30,1.0,1.0,0.0
20210902_20220325,554,1069,q40,1.0,1.0,0.0
20210902_20220325,554,1070,unw,1.0,1.0,0.0
20210902_20220325,554,1070,q20,1.0,1.0,0.0
20210902_20220325,554,1070,q30,1.0,1.0,0.0
20210902_20220325,554,1070,q40,1.0,1.0,0.0
20210902_20220325,554,1071,unw,1.0,1.0,0.0
20210902_20220325,554,1071,q20,1.0000000000000002,1.0,2.220446049250313e-16
20210902_20220325,554,1071,q30,1.0000000000000002,1.0,2.220446049250313e-16
20210902_20220325,554,1071,q40,1.0000000000000002,1.0,2.220446049250313e-16
20210902_20220325,554,1072,unw,1.0,1.0,0.0
20210902_20220325,554,1072,q20,1.0000000000000002,1.0,2.220446049250313e-16
20210902_20220325,554,1072,q30,1.0000000000000002,1.0,2.220446049250313e-16
20210902_20220325,554,1072,q40,1.0000000000000002,1.0,2.220446049250313e-16
20210902_20220325,554,1073,unw,1.0000000000000002,1.0,2.220446049250313e-16
20210902_20220325,554,1073,q20,1.0,1.0,0.0
20210902_20220325,554,1073,q30,1.0,1.0,0.0
20210902_20220325,554,1073,q40,1.0,1.0,0.0
20210902_20220325,554,1075,unw,1.0,1.0,0.0
20210902_20220325,554,1075,q20,1.0,1.0,0.0
20210902_20220325,554,1075,q30,1.0,1.0,0.0
20210902_20220325,554,1075,q40,1.0,1.0,0.0
20210902_20220325,569,436,unw,1.0000000000000002,1.0,2.220446049250313e-16
20210902_20220325,569,436,q20,0.0,0.0,0.0
20210902_20220325,569,436,q30,0.0,0.0,0.0
20210902_20220325,569,436,q40,0.0,0.0,0.0
20210902_20220325,576,1364,unw,1.0000000000000002,1.0,2.220446049250313e-16
20210902_20220325,576,1364,q20,0.9999999999999999,1.0,-1.1102230246251565e-16
20210902_20220325,576,1364,q30,0.45223055802936246,0.4522305727005005,-1.4671138026667307e-08
20210902_20220325,576,1364,q40,0.019776078973164402,0.019776079803705215,-8.305408132069925e-10
20210902_20220325,626,300,unw,1.0,1.0,0.0
20210902_20220325,626,300,q20,1.0,1.0,0.0
20210902_20220325,626,300,q30,0.1914966506024522,0.19149665534496307,-4.742510884003792e-09
20210902_20220325,626,300,q40,0.0,0.0,0.0
20210902_20220325,632,619,unw,1.0,1.0,0.0
20210902_20220325,632,619,q20,0.967502084331186,0.9675020575523376,2.6778848360997642e-08
20210902_20220325,632,619,q30,0.0,0.0,0.0
20210902_20220325,632,619,q40,0.0,0.0,0.0
20210902_20220325,647,649,unw,1.0,1.0,0.0
20210902_20220325,647,649,q20,1.0,1.0,0.0
20210902_20220325,647,649,q30,1.0,1.0,0.0
20210902_20220325,647,649,q40,0.6325085480716948,0.6325085759162903,-2.7844595518189408e-08
20210902_20220325,657,1392,unw,0.0,0.0,0.0
20210902_20220325,657,1392,q20,0.0,0.0,0.0
20210902_20220325,657,1392,q30,0.0,0.0,0.0
20210902_20220325,657,1392,q40,0.0,0.0,0.0
20210902_20220325,677,357,unw,0.1761600551767264,0.1761600524187088,2.7580175920860484e-09
20210902_20220325,677,357,q20,0.0,0.0,0.0
20210902_20220325,677,357,q30,0.0,0.0,0.0
20210902_20220325,677,357,q40,0.0,0.0,0.0
20210902_20220325,690,367,unw,0.6592524191750118,0.659252405166626,1.4008385784691768e-08
20210902_20220325,690,367,q20,0.0,0.0,0.0
20210902_20220325,690,367,q30,0.0,0.0,0.0
20210902_20220325,690,367,q40,0.0,0.0,0.0
20210902_20220325,692,795,unw,1.0,1.0,0.0
20210902_20220325,692,795,q20,1.0,1.0,0.0
20210902_20220325,692,795,q30,1.0,1.0,0.0
20210902_20220325,692,795,q40,1.0,1.0,0.0
20210902_20220325,702,432,unw,0.3433054144027531,0.34330540895462036,5.448132722740695e-09
20210902_20220325,702,432,q20,0.0,0.0,0.0
20210902_20220325,702,432,q30,0.0,0.0,0.0
20210902_20220325,702,432,q40,0.0,0.0,0.0
20210902_20220325,704,381,unw,1.0000000000000002,1.0,2.220446049250313e-16
20210902_20220325,704,381,q20,0.03255287905585259,0.03255287930369377,-2.478411781359213e-10
20210902_20220325,704,381,q30,0.03255287905585259,0.03255287930369377,-2.478411781359213e-10
20210902_20220325,704,381,q40,0.03255287905585259,0.03255287930369377,-2.478411781359213e-10
20210902_20220325,726,923,unw,1.0000000000000002,1.0,2.220446049250313e-16
20210902_20220325,726,923,q20,1.0000000000000002,1.0,2.220446049250313e-16
20210902_20220325,726,923,q30,1.0000000000000002,1.0,2.220446049250313e-16
20210902_20220325,726,923,q40,1.0000000000000002,1.0,2.220446049250313e-16
20210902_20220325,775,85,unw,0.8775693637740499,0.8775693774223328,-1.3648282837230852e-08
20210902_20220325,775,85,q20,0.0,0.0,0.0
20210902_20220325,775,85,q30,0.0,0.0,0.0
20210902_20220325,775,85,q40,0.0,0.0,0.0
20210902_20220325,782,71,unw,0.4723344598108972,0.47233447432518005,-1.4514282831168401e-08
20210902_20220325,782,71,q20,0.0,0.0,0.0
20210902_20220325,782,71,q30,0.0,0.0,0.0
20210902_20220325,782,71,q40,0.0,0.0,0.0
20210902_20220325,808,475,unw,1.0,1.0,0.0
20210902_20220325,808,475,q20,0.8326314647522254,0.8326314687728882,-4.020662802695085e-09
20210902_20220325,808,475,q30,0.0,0.0,0.0
20210902_20220325,808,475,q40,0.0,0.0,0.0
20210902_20220325,808,1073,unw,1.0,1.0,0.0
20210902_20220325,808,1073,q20,0.9999999999999999,1.0,-1.1102230246251565e-16
20210902_20220325,808,1073,q30,0.9999999999999999,1.0,-1.1102230246251565e-16
20210902_20220325,808,1073,q40,0.9999999999999999,1.0,-1.1102230246251565e-16
20210902_20220325,809,309,unw,0.575610225222397,0.5756102204322815,4.790115526454031e-09
20210902_20220325,809,309,q20,0.4776352895012149,0.47763529419898987,-4.6977749468268826e-09
20210902_20220325,809,309,q30,0.36736778769321315,0.36736777424812317,1.344508998579741e-08
20210902_20220325,809,309,q40,0.36736778769321315,0.36736777424812317,1.344508998579741e-08
20210902_20220325,817,264,unw,0.9247065673831829,0.9247065782546997,-1.0871516797905656e-08
20210902_20220325,817,264,q20,0.1643158956164266,0.16431589424610138,1.3703252144114941e-09
20210902_20220325,817,264,q30,0.0,0.0,0.0
20210902_20220325,817,264,q40,0.0,0.0,0.0
20210902_20220325,819,962,unw,1.0,1.0,0.0
20210902_20220325,819,962,q20,0.03515182772603539,0.035151828080415726,-3.5438033757495546e-10
20210902_20220325,819,962,q30,0.0,0.0,0.0
20210902_20220325,819,962,q40,0.0,0.0,0.0
20210902_20220325,854,1271,unw,0.9085764571779837,0.9085764288902283,2.828775547136786e-08
20210902_20220325,854,1271,q20,0.0,0.0,0.0
20210902_20220325,854,1271,q30,0.0,0.0,0.0
20210902_20220325,854,1271,q40,0.0,0.0,0.0
20210902_20220325,858,1239,unw,0.49679792325230915,0.49679791927337646,3.978932683335046e-09
20210902_20220325,858,1239,q20,0.0,0.0,0.0
20210902_20220325,858,1239,q30,0.0,0.0,0.0
20210902_20220325,858,1239,q40,0.0,0.0,0.0
20210902_20220325,858,1284,unw,1.0000000000000002,1.0,2.220446049250313e-16
20210902_20220325,858,1284,q20,0.0,0.0,0.0
20210902_20220325,858,1284,q30,0.0,0.0,0.0
20210902_20220325,858,1284,q40,0.0,0.0,0.0
20210902_20220325,862,325,unw,1.0,1.0,0.0
20210902_20220325,862,325,q20,0.8326726867562012,0.8326727151870728,-2.8430871545914727e-08
20210902_20220325,862,325,q30,0.0,0.0,0.0
20210902_20220325,862,325,q40,0.0,0.0,0.0
20210902_20220325,876,907,unw,1.0,1.0,0.0
20210902_20220325,876,907,q20,0.0,0.0,0.0
20210902_20220325,876,907,q30,0.0,0.0,0.0
20210902_20220325,876,907,q40,0.0,0.0,0.0
20210902_20220325,914,946,unw,0.9999999999999999,1.0,-1.1102230246251565e-16
20210902_20220325,914,946,q20,0.5648362624652713,0.5648362636566162,-1.19134491161077e-09
20210902_20220325,914,946,q30,0.0,0.0,0.0
20210902_20220325,914,946,q40,0.0,0.0,0.0
20210902_20220325,916,1096,unw,0.6448851255633934,0.6448851227760315,2.787361896849916e-09
20210902_20220325,916,1096,q20,0.0,0.0,0.0
20210902_20220325,916,1096,q30,0.0,0.0,0.0
20210902_20220325,916,1096,q40,0.0,0.0,0.0
20210902_20220325,926,1390,unw,1.0,1.0,0.0
20210902_20220325,926,1390,q20,0.0,0.0,0.0
20210902_20220325,926,1390,q30,0.0,0.0,0.0
20210902_20220325,926,1390,q40,0.0,0.0,0.0
20210902_20220325,943,600,unw,1.0,1.0,0.0
20210902_20220325,943,600,q20,0.0,0.0,0.0
20210902_20220325,943,600,q30,0.0,0.0,0.0
20210902_20220325,943,600,q40,0.0,0.0,0.0
20210902_20220325,958,438,unw,0.0,0.0,0.0
20210902_20220325,958,438,q20,0.0,0.0,0.0
20210902_20220325,958,438,q30,0.0,0.0,0.0
20210902_20220325,958,438,q40,0.0,0.0,0.0
20210902_20220325,962,497,unw,0.0,0.0,0.0
20210902_20220325,962,497,q20,0.0,0.0,0.0
20210902_20220325,962,497,q30,0.0,0.0,0.0
20210902_20220325,962,497,q40,0.0,0.0,0.0
20210902_20220325,969,839,unw,0.7515293381299254,0.751529335975647,2.1542784223171907e-09
20210902_20220325,969,839,q20,0.0,0.0,0.0
20210902_20220325,969,839,q30,0.0,0.0,0.0
20210902_20220325,969,839,q40,0.0,0.0,0.0
20210902_20220325,971,292,unw,0.9999999999999999,1.0,-1.1102230246251565e-16
20210902_20220325,971,292,q20,0.0,0.0,0.0
20210902_20220325,971,292,q30,0.0,0.0,0.0
20210902_20220325,971,292,q40,0.0,0.0,0.0
20210902_20220325,1036,1277,unw,0.5664379720022873,0.5664379596710205,1.233126678545915e-08
20210902_20220325,1036,1277,q20,0.0,0.0,0.0
20210902_20220325,1036,1277,q30,0.0,0.0,0.0
20210902_20220325,1036,1277,q40,0.0,0.0,0.0
20210902_20220325,1084,312,unw,0.39552096067378806,0.395520955324173,5.3496150842491375e-09
20210902_20220325,1084,312,q20,0.0,0.0,0.0
20210902_20220325,1084,312,q30,0.0,0.0,0.0
20210902_20220325,1084,312,q40,0.0,0.0,0.0
20210902_20220325,1095,1113,unw,0.0,0.0,0.0
20210902_20220325,1095,1113,q20,0.0,0.0,0.0
20210902_20220325,1095,1113,q30,0.0,0.0,0.0
20210902_20220325,1095,1113,q40,0.0,0.0,0.0
20210902_20220325,1121,1279,unw,0.8888060908404397,0.8888061046600342,-1.3819594468778007e-08
20210902_20220325,1121,1279,q20,0.0,0.0,0.0
20210902_20220325,1121,1279,q30,0.0,0.0,0.0
20210902_20220325,1121,1279,q40,0.0,0.0,0.0
20210902_20220325,1122,338,unw,0.9999999999999999,1.0,-1.1102230246251565e-16
20210902_20220325,1122,338,q20,0.9999999999999999,1.0,-1.1102230246251565e-16
20210902_20220325,1122,338,q30,0.5671287277801602,0.5671287178993225,9.880837703590828e-09
20210902_20220325,1122,338,q40,0.54692294074011,0.5469229221343994,1.860571063883043e-08
20210902_20220325,1156,1253,unw,0.5782853794218195,0.5782853960990906,-1.667727111964723e-08
20210902_20220325,1156,1253,q20,0.0,0.0,0.0
20210902_20220325,1156,1253,q30,0.0,0.0,0.0
20210902_20220325,1156,1253,q40,0.0,0.0,0.0
20210902_20220325,1203,149,unw,0.49930981036595495,0.49930980801582336,2.3501315893348362e-09
20210902_20220325,1203,149,q20,0.0,0.0,0.0
20210902_20220325,1203,149,q30,0.0,0.0,0.0
20210902_20220325,1203,149,q40,0.0,0.0,0.0
20210902_20220325,1203,150,unw,0.7011264316372463,0.7011264562606812,-2.4623434846660075e-08
20210902_20220325,1203,150,q20,0.0,0.0,0.0
20210902_20220325,1203,150,q30,0.0,0.0,0.0
20210902_20220325,1203,150,q40,0.0,0.0,0.0
20210902_20220325,1203,151,unw,0.0,0.0,0.0
20210902_20220325,1203,151,q20,0.0,0.0,0.0
20210902_20220325,1203,151,q30,0.0,0.0,0.0
20210902_20220325,1203,151,q40,0.0,0.0,0.0
20210902_20220325,1203,152,unw,0.0,0.0,0.0
20210902_20220325,1203,152,q20,0.0,0.0,0.0
20210902_20220325,1203,152,q30,0.0,0.0,0.0
20210902_20220325,1203,152,q40,0.0,0.0,0.0
20210902_20220325,1203,153,unw,0.21438911881454498,0.2143891155719757,3.2425692686466334e-09
20210902_20220325,1203,153,q20,0.0,0.0,0.0
20210902_20220325,1203,153,q30,0.0,0.0,0.0
20210902_20220325,1203,153,q40,0.0,0.0,0.0
20210902_20220325,1203,154,unw,0.6032314318694015,0.6032314300537109,1.8156905978727877e-09
20210902_20220325,1203,154,q20,0.0,0.0,0.0
20210902_20220325,1203,154,q30,0.0,0.0,0.0
20210902_20220325,1203,154,q40,0.0,0.0,0.0
20210902_20220325,1203,155,unw,0.7612596214583439,0.7612596154212952,6.03704874979627e-09
20210902_20220325,1203,155,q20,0.0,0.0,0.0
20210902_20220325,1203,155,q30,0.0,0.0,0.0
20210902_20220325,1203,155,q40,0.0,0.0,0.0
20210902_20220325,1205,1276,unw,0.10439622144013672,0.10439622402191162,-2.5817749049750205e-09
20210902_20220325,1205,1276,q20,0.0,0.0,0.0
20210902_20220325,1205,1276,q30,0.0,0.0,0.0
20210902_20220325,1205,1276,q40,0.0,0.0,0.0
20210902_20220325,1239,142,unw,1.0000000000000002,1.0,2.220446049250313e-16
20210902_20220325,1239,142,q20,0.0,0.0,0.0
20210902_20220325,1239,142,q30,0.0,0.0,0.0
20210902_20220325,1239,142,q40,0.0,0.0,0.0
20210902_20220325,1243,555,unw,0.0,0.0,0.0
20210902_20220325,1243,555,q20,0.0,0.0,0.0
20210902_20220325,1243,555,q30,0.0,0.0,0.0
20210902_20220325,1243,555,q40,0.0,0.0,0.0
20210902_20220325,1259,906,unw,1.0,1.0,0.0
20210902_20220325,1259,906,q20,1.0000000000000002,1.0,2.220446049250313e-16
20210902_20220325,1259,906,q30,1.0000000000000002,1.0,2.220446049250313e-16
20210902_20220325,1259,906,q40,1.0000000000000002,1.0,2.220446049250313e-16
20210902_20220325,1267,829,unw,1.0,1.0,0.0
20210902_20220325,1267,829,q20,1.0,1.0,0.0
20210902_20220325,1267,829,q30,0.0,0.0,0.0
20210902_20220325,1267,829,q40,0.0,0.0,0.0
20210902_20220325,1273,1338,unw,1.0,1.0,0.0
20210902_20220325,1273,1338,q20,0.16513583986443883,0.16513584554195404,-5.677515207969108e-09
20210902_20220325,1273,1338,q30,0.12666136627564084,0.12666136026382446,6.011816378048707e-09
20210902_20220325,1273,1338,q40,0.0,0.0,0.0
20210902_20220325,1385,725,unw,0.9999999999999998,1.0,-2.220446049250313e-16
20210902_20220325,1385,725,q20,0.0,0.0,0.0
20210902_20220325,1385,725,q30,0.0,0.0,0.0
20210902_20220325,1385,725,q40,0.0,0.0,0.0
20210902_20220325,1444,502,unw,0.9999999999999999,1.0,-1.1102230246251565e-16
20210902_20220325,1444,502,q20,0.07267801234207578,0.07267801463603973,-2.2939639493513297e-09
20210902_20220325,1444,502,q30,0.07267801234207578,0.07267801463603973,-2.2939639493513297e-09
20210902_20220325,1444,502,q40,0.07267801234207578,0.07267801463603973,-2.2939639493513297e-09
20211213_20211231,1,151,unw,1.0,1.0,0.0
20211213_20211231,1,151,q20,0.0,0.0,0.0
20211213_20211231,1,151,q30,0.0,0.0,0.0
20211213_20211231,1,151,q40,0.0,0.0,0.0
20211213_20211231,122,1389,unw,0.0,0.0,0.0
20211213_20211231,122,1389,q20,0.0,0.0,0.0
20211213_20211231,122,1389,q30,0.0,0.0,0.0
20211213_20211231,122,1389,q40,0.0,0.0,0.0
20211213_20211231,122,1404,unw,0.9999999999999999,1.0,-1.1102230246251565e-16
20211213_20211231,122,1404,q20,0.9999999999999999,1.0,-1.1102230246251565e-16
20211213_20211231,122,1404,q30,0.9999999999999999,1.0,-1.1102230246251565e-16
20211213_20211231,122,1404,q40,0.9999999999999999,1.0,-1.1102230246251565e-16
20211213_20211231,161,1506,unw,1.0,1.0,0.0
20211213_20211231,161,1506,q20,1.0,1.0,0.0
20211213_20211231,161,1506,q30,1.0,1.0,0.0
20211213_20211231,161,1506,q40,1.0,1.0,0.0
20211213_20211231,268,674,unw,0.9999999999999999,1.0,-1.1102230246251565e-16
20211213_20211231,268,674,q20,0.0,0.0,0.0
20211213_20211231,268,674,q30,0.0,0.0,0.0
20211213_20211231,268,674,q40,0.0,0.0,0.0
20211213_20211231,296,1200,unw,1.0,1.0,0.0
20211213_20211231,296,1200,q20,0.9999999999999999,1.0,-1.1102230246251565e-16
20211213_20211231,296,1200,q30,0.9999999999999999,1.0,-1.1102230246251565e-16
20211213_20211231,296,1200,q40,0.9999999999999999,1.0,-1.1102230246251565e-16
20211213_20211231,315,1484,unw,1.0,1.0,0.0
20211213_20211231,315,1484,q20,0.0,0.0,0.0
20211213_20211231,315,1484,q30,0.0,0.0,0.0
20211213_20211231,315,1484,q40,0.0,0.0,0.0
20211213_20211231,319,989,unw,1.0,1.0,0.0
20211213_20211231,319,989,q20,1.0,1.0,0.0
20211213_20211231,319,989,q30,1.0,1.0,0.0
20211213_20211231,319,989,q40,1.0,1.0,0.0
20211213_20211231,355,494,unw,1.0,1.0,0.0
20211213_20211231,355,494,q20,0.6941583090865994,0.6941583156585693,-6.57196996822762e-09
20211213_20211231,355,494,q30,0.0,0.0,0.0
20211213_20211231,355,494,q40,0.0,0.0,0.0
20211213_20211231,360,585,unw,1.0,1.0,0.0
20211213_20211231,360,585,q20,1.0,1.0,0.0
20211213_20211231,360,585,q30,1.0,1.0,0.0
20211213_20211231,360,585,q40,1.0,1.0,0.0
20211213_20211231,377,1190,unw,1.0000000000000002,1.0,2.220446049250313e-16
20211213_20211231,377,1190,q20,0.6319412327680551,0.6319412589073181,-2.6139262976343502e-08
20211213_20211231,377,1190,q30,0.6319412327680551,0.6319412589073181,-2.6139262976343502e-08
20211213_20211231,377,1190,q40,0.6319412327680551,0.6319412589073181,-2.6139262976343502e-08
20211213_20211231,381,1261,unw,1.0,1.0,0.0
20211213_20211231,381,1261,q20,0.7544516350345526,0.7544516324996948,2.534857768132781e-09
20211213_20211231,381,1261,q30,0.0,0.0,0.0
20211213_20211231,381,1261,q40,0.0,0.0,0.0
20211213_20211231,402,544,unw,1.0,1.0,0.0
20211213_20211231,402,544,q20,0.0,0.0,0.0
20211213_20211231,402,544,q30,0.0,0.0,0.0
20211213_20211231,402,544,q40,0.0,0.0,0.0
20211213_20211231,435,730,unw,1.0,1.0,0.0
20211213_20211231,435,730,q20,1.0,1.0,0.0
20211213_20211231,435,730,q30,1.0,1.0,0.0
20211213_20211231,435,730,q40,1.0,1.0,0.0
20211213_20211231,454,815,unw,0.9925123049765193,0.9925122857093811,1.926713821820414e-08
20211213_20211231,454,815,q20,0.0247487740948177,0.024748774245381355,-1.5056365529342308e-10
20211213_20211231,454,815,q30,0.0247487740948177,0.024748774245381355,-1.5056365529342308e-10
20211213_20211231,454,815,q40,0.0,0.0,0.0
20211213_20211231,455,1154,unw,0.9999999999999999,1.0,-1.1102230246251565e-16
20211213_20211231,455,1154,q20,1.0000000000000002,1.0,2.220446049250313e-16
20211213_20211231,455,1154,q30,0.9796030273590608,0.9796030521392822,-2.478022143037606e-08
20211213_20211231,455,1154,q40,0.0,0.0,0.0
20211213_20211231,475,45,unw,1.0,1.0,0.0
20211213_20211231,475,45,q20,0.8608752868737933,0.8608753085136414,-2.1639848024612718e-08
20211213_20211231,475,45,q30,0.0,0.0,0.0
20211213_20211231,475,45,q40,0.0,0.0,0.0
20211213_20211231,477,592,unw,1.0000000000000002,1.0,2.220446049250313e-16
20211213_20211231,477,592,q20,1.0000000000000002,1.0,2.220446049250313e-16
20211213_20211231,477,592,q30,1.0000000000000002,1.0,2.220446049250313e-16
20211213_20211231,477,592,q40,1.0000000000000002,1.0,2.220446049250313e-16
20211213_20211231,488,676,unw,1.0,1.0,0.0
20211213_20211231,488,676,q20,1.0000000000000002,1.0,2.220446049250313e-16
20211213_20211231,488,676,q30,1.0000000000000002,1.0,2.220446049250313e-16
20211213_20211231,488,676,q40,1.0000000000000002,1.0,2.220446049250313e-16
20211213_20211231,543,580,unw,1.0,1.0,0.0
20211213_20211231,543,580,q20,1.0,1.0,0.0
20211213_20211231,543,580,q30,1.0,1.0,0.0
20211213_20211231,543,580,q40,1.0,1.0,0.0
20211213_20211231,554,1068,unw,1.0,1.0,0.0
20211213_20211231,554,1068,q20,1.0,1.0,0.0
20211213_20211231,554,1068,q30,1.0,1.0,0.0
20211213_20211231,554,1068,q40,1.0,1.0,0.0
20211213_20211231,554,1069,unw,1.0000000000000002,1.0,2.220446049250313e-16
20211213_20211231,554,1069,q20,1.0000000000000002,1.0,2.220446049250313e-16
20211213_20211231,554,1069,q30,1.0000000000000002,1.0,2.220446049250313e-16
20211213_20211231,554,1069,q40,1.0000000000000002,1.0,2.220446049250313e-16
20211213_20211231,554,1070,unw,1.0,1.0,0.0
20211213_20211231,554,1070,q20,0.9999999999999999,1.0,-1.1102230246251565e-16
20211213_20211231,554,1070,q30,0.9999999999999999,1.0,-1.1102230246251565e-16
20211213_20211231,554,1070,q40,0.9999999999999999,1.0,-1.1102230246251565e-16
20211213_20211231,554,1071,unw,1.0,1.0,0.0
20211213_20211231,554,1071,q20,1.0,1.0,0.0
20211213_20211231,554,1071,q30,1.0,1.0,0.0
20211213_20211231,554,1071,q40,1.0,1.0,0.0
20211213_20211231,554,1072,unw,1.0000000000000002,1.0,2.220446049250313e-16
20211213_20211231,554,1072,q20,1.0000000000000002,1.0,2.220446049250313e-16
20211213_20211231,554,1072,q30,1.0000000000000002,1.0,2.220446049250313e-16
20211213_20211231,554,1072,q40,1.0000000000000002,1.0,2.220446049250313e-16
20211213_20211231,554,1073,unw,1.0000000000000002,1.0,2.220446049250313e-16
20211213_20211231,554,1073,q20,1.0000000000000002,1.0,2.220446049250313e-16
20211213_20211231,554,1073,q30,1.0000000000000002,1.0,2.220446049250313e-16
20211213_20211231,554,1073,q40,1.0000000000000002,1.0,2.220446049250313e-16
20211213_20211231,554,1075,unw,1.0,1.0,0.0
20211213_20211231,554,1075,q20,1.0,1.0,0.0
20211213_20211231,554,1075,q30,1.0,1.0,0.0
20211213_20211231,554,1075,q40,1.0,1.0,0.0
20211213_20211231,569,436,unw,1.0000000000000002,1.0,2.220446049250313e-16
20211213_20211231,569,436,q20,0.9676351524215147,0.9676351547241211,-2.302606438853161e-09
20211213_20211231,569,436,q30,0.0,0.0,0.0
20211213_20211231,569,436,q40,0.0,0.0,0.0
20211213_20211231,576,1364,unw,1.0000000000000002,1.0,2.220446049250313e-16
20211213_20211231,576,1364,q20,1.0000000000000002,1.0,2.220446049250313e-16
20211213_20211231,576,1364,q30,1.0000000000000002,1.0,2.220446049250313e-16
20211213_20211231,576,1364,q40,1.0000000000000002,1.0,2.220446049250313e-16
20211213_20211231,626,300,unw,0.9999999999999998,1.0,-2.220446049250313e-16
20211213_20211231,626,300,q20,0.9999999999999998,1.0,-2.220446049250313e-16
20211213_20211231,626,300,q30,0.9999999999999998,1.0,-2.220446049250313e-16
20211213_20211231,626,300,q40,0.23264112210174198,0.23264111578464508,6.317096901131691e-09
20211213_20211231,632,619,unw,1.0000000000000002,1.0,2.220446049250313e-16
20211213_20211231,632,619,q20,0.3675864679970414,0.3675864636898041,4.307237344569614e-09
20211213_20211231,632,619,q30,0.0,0.0,0.0
20211213_20211231,632,619,q40,0.0,0.0,0.0
20211213_20211231,647,649,unw,1.0,1.0,0.0
20211213_20211231,647,649,q20,1.0,1.0,0.0
20211213_20211231,647,649,q30,1.0,1.0,0.0
20211213_20211231,647,649,q40,1.0,1.0,0.0
20211213_20211231,657,1392,unw,1.0,1.0,0.0
20211213_20211231,657,1392,q20,0.0,0.0,0.0
20211213_20211231,657,1392,q30,0.0,0.0,0.0
20211213_20211231,657,1392,q40,0.0,0.0,0.0
20211213_20211231,677,357,unw,1.0,1.0,0.0
20211213_20211231,677,357,q20,0.8325958462399962,0.8325958251953125,2.1044683662374553e-08
20211213_20211231,677,357,q30,0.0,0.0,0.0
20211213_20211231,677,357,q40,0.0,0.0,0.0
20211213_20211231,690,367,unw,0.9999999999999999,1.0,-1.1102230246251565e-16
20211213_20211231,690,367,q20,0.0,0.0,0.0
20211213_20211231,690,367,q30,0.0,0.0,0.0
20211213_20211231,690,367,q40,0.0,0.0,0.0
20211213_20211231,692,795,unw,1.0,1.0,0.0
20211213_20211231,692,795,q20,1.0,1.0,0.0
20211213_20211231,692,795,q30,1.0,1.0,0.0
20211213_20211231,692,795,q40,1.0,1.0,0.0
20211213_20211231,702,432,unw,0.9999999999999999,1.0,-1.1102230246251565e-16
20211213_20211231,702,432,q20,0.0,0.0,0.0
20211213_20211231,702,432,q30,0.0,0.0,0.0
20211213_20211231,702,432,q40,0.0,0.0,0.0
20211213_20211231,704,381,unw,1.0000000000000002,1.0,2.220446049250313e-16
20211213_20211231,704,381,q20,0.938467038090639,0.9384670257568359,1.2333803089958906e-08
20211213_20211231,704,381,q30,0.6324701203828106,0.6324701309204102,-1.0537599570703549e-08
20211213_20211231,704,381,q40,0.6324701203828106,0.6324701309204102,-1.0537599570703549e-08
20211213_20211231,726,923,unw,1.0,1.0,0.0
20211213_20211231,726,923,q20,1.0,1.0,0.0
20211213_20211231,726,923,q30,1.0,1.0,0.0
20211213_20211231,726,923,q40,1.0,1.0,0.0
20211213_20211231,775,85,unw,0.9999999999999999,1.0,-1.1102230246251565e-16
20211213_20211231,775,85,q20,0.4328099633216026,0.4328099489212036,1.4400398984371066e-08
20211213_20211231,775,85,q30,0.0,0.0,0.0
20211213_20211231,775,85,q40,0.0,0.0,0.0
20211213_20211231,782,71,unw,0.6117709320194431,0.6117709279060364,4.11340672634708e-09
20211213_20211231,782,71,q20,0.0,0.0,0.0
20211213_20211231,782,71,q30,0.0,0.0,0.0
20211213_20211231,782,71,q40,0.0,0.0,0.0
20211213_20211231,808,475,unw,0.8994203501471204,0.8994203209877014,2.9159418990509778e-08
20211213_20211231,808,475,q20,0.7674477287660756,0.7674477100372314,1.8728844142223977e-08
20211213_20211231,808,475,q30,0.0,0.0,0.0
20211213_20211231,808,475,q40,0.0,0.0,0.0
20211213_20211231,808,1073,unw,1.0,1.0,0.0
20211213_20211231,808,1073,q20,1.0,1.0,0.0
20211213_20211231,808,1073,q30,1.0,1.0,0.0
20211213_20211231,808,1073,q40,1.0,1.0,0.0
20211213_20211231,809,309,unw,0.9999999999999999,1.0,-1.1102230246251565e-16
20211213_20211231,809,309,q20,0.8109768148482835,0.8109768033027649,1.1545518652233966e-08
20211213_20211231,809,309,q30,0.0,0.0,0.0
20211213_20211231,809,309,q40,0.0,0.0,0.0
20211213_20211231,817,264,unw,0.9999999999999999,1.0,-1.1102230246251565e-16
20211213_20211231,817,264,q20,0.0,0.0,0.0
20211213_20211231,817,264,q30,0.0,0.0,0.0
20211213_20211231,817,264,q40,0.0,0.0,0.0
20211213_20211231,819,962,unw,1.0,1.0,0.0
20211213_20211231,819,962,q20,1.0,1.0,0.0
20211213_20211231,819,962,q30,1.0,1.0,0.0
20211213_20211231,819,962,q40,0.7912506627617004,0.7912506461143494,1.6647351053222792e-08
20211213_20211231,854,1271,unw,0.6325880128347879,0.6325880289077759,-1.6072987940596306e-08
20211213_20211231,854,1271,q20,0.0,0.0,0.0
20211213_20211231,854,1271,q30,0.0,0.0,0.0
20211213_20211231,854,1271,q40,0.0,0.0,0.0
20211213_20211231,858,1239,unw,1.0,1.0,0.0
20211213_20211231,858,1239,q20,1.0,1.0,0.0
20211213_20211231,858,1239,q30,0.0,0.0,0.0
20211213_20211231,858,1239,q40,0.0,0.0,0.0
20211213_20211231,858,1284,unw,1.0,1.0,0.0
20211213_20211231,858,1284,q20,1.0,1.0,0.0
20211213_20211231,858,1284,q30,1.0,1.0,0.0
20211213_20211231,858,1284,q40,0.7681323404923603,0.7681323289871216,1.1505238761699843e-08
20211213_20211231,862,325,unw,1.0,1.0,0.0
20211213_20211231,862,325,q20,0.8993745697512533,0.8993745446205139,2.5130739378376177e-08
20211213_20211231,862,325,q30,0.4354094035692764,0.43540939688682556,6.682450814921026e-09
20211213_20211231,862,325,q40,0.0,0.0,0.0
20211213_20211231,876,907,unw,0.9999999999999999,1.0,-1.1102230246251565e-16
20211213_20211231,876,907,q20,0.9999999999999999,1.0,-1.1102230246251565e-16
20211213_20211231,876,907,q30,0.5678361609188005,0.5678361654281616,-4.509361106741494e-09
20211213_20211231,876,907,q40,0.0,0.0,0.0
20211213_20211231,914,946,unw,1.0,1.0,0.0
20211213_20211231,914,946,q20,1.0,1.0,0.0
20211213_20211231,914,946,q30,1.0,1.0,0.0
20211213_20211231,914,946,q40,0.36736483018544824,0.3673648238182068,6.367241456306516e-09
20211213_20211231,916,1096,unw,1.0,1.0,0.0
20211213_20211231,916,1096,q20,0.0,0.0,0.0
20211213_20211231,916,1096,q30,0.0,0.0,0.0
20211213_20211231,916,1096,q40,0.0,0.0,0.0
20211213_20211231,926,1390,unw,1.0,1.0,0.0
20211213_20211231,926,1390,q20,0.0,0.0,0.0
20211213_20211231,926,1390,q30,0.0,0.0,0.0
20211213_20211231,926,1390,q40,0.0,0.0,0.0
20211213_20211231,943,600,unw,1.0,1.0,0.0
20211213_20211231,943,600,q20,1.0,1.0,0.0
20211213_20211231,943,600,q30,0.0,0.0,0.0
20211213_20211231,943,600,q40,0.0,0.0,0.0
20211213_20211231,958,438,unw,0.9999999999999999,1.0,-1.1102230246251565e-16
20211213_20211231,958,438,q20,0.0,0.0,0.0
20211213_20211231,958,438,q30,0.0,0.0,0.0
20211213_20211231,958,438,q40,0.0,0.0,0.0
20211213_20211231,962,497,unw,0.9999999999999999,1.0,-1.1102230246251565e-16
20211213_20211231,962,497,q20,0.0,0.0,0.0
20211213_20211231,962,497,q30,0.0,0.0,0.0
20211213_20211231,962,497,q40,0.0,0.0,0.0
20211213_20211231,969,839,unw,0.9999999999999999,1.0,-1.1102230246251565e-16
20211213_20211231,969,839,q20,0.013939865625162539,0.013939865864813328,-2.3965078879695234e-10
20211213_20211231,969,839,q30,0.0,0.0,0.0
20211213_20211231,969,839,q40,0.0,0.0,0.0
20211213_20211231,971,292,unw,0.0,0.0,0.0
20211213_20211231,971,292,q20,0.0,0.0,0.0
20211213_20211231,971,292,q30,0.0,0.0,0.0
20211213_20211231,971,292,q40,0.0,0.0,0.0
20211213_20211231,1036,1277,unw,0.0,0.0,0.0
20211213_20211231,1036,1277,q20,0.0,0.0,0.0
20211213_20211231,1036,1277,q30,0.0,0.0,0.0
20211213_20211231,1036,1277,q40,0.0,0.0,0.0
20211213_20211231,1084,312,unw,0.767230805303908,0.7672308087348938,-3.4309858287784323e-09
20211213_20211231,1084,312,q20,0.5887486067400413,0.5887486338615417,-2.7121500489890593e-08
20211213_20211231,1084,312,q30,0.0,0.0,0.0
20211213_20211231,1084,312,q40,0.0,0.0,0.0
20211213_20211231,1095,1113,unw,1.0,1.0,0.0
20211213_20211231,1095,1113,q20,0.0,0.0,0.0
20211213_20211231,1095,1113,q30,0.0,0.0,0.0
20211213_20211231,1095,1113,q40,0.0,0.0,0.0
20211213_20211231,1121,1279,unw,0.9858351770141577,0.9858351945877075,-1.7573549837557323e-08
20211213_20211231,1121,1279,q20,0.0,0.0,0.0
20211213_20211231,1121,1279,q30,0.0,0.0,0.0
20211213_20211231,1121,1279,q40,0.0,0.0,0.0
20211213_20211231,1122,338,unw,1.0,1.0,0.0
20211213_20211231,1122,338,q20,1.0,1.0,0.0
20211213_20211231,1122,338,q30,0.6326109381882272,0.6326109170913696,2.109685759421609e-08
20211213_20211231,1122,338,q40,0.0,0.0,0.0
20211213_20211231,1156,1253,unw,0.7427073553595155,0.742707371711731,-1.6352215470583076e-08
20211213_20211231,1156,1253,q20,0.0,0.0,0.0
20211213_20211231,1156,1253,q30,0.0,0.0,0.0
20211213_20211231,1156,1253,q40,0.0,0.0,0.0
20211213_20211231,1203,149,unw,0.014180561146250948,0.014180561527609825,-3.813588767692666e-10
20211213_20211231,1203,149,q20,0.0,0.0,0.0
20211213_20211231,1203,149,q30,0.0,0.0,0.0
20211213_20211231,1203,149,q40,0.0,0.0,0.0
20211213_20211231,1203,150,unw,0.76724097202955,0.7672410011291504,-2.909960039598758e-08
20211213_20211231,1203,150,q20,0.0,0.0,0.0
20211213_20211231,1203,150,q30,0.0,0.0,0.0
20211213_20211231,1203,150,q40,0.0,0.0,0.0
20211213_20211231,1203,151,unw,0.7544622793152228,0.7544623017311096,-2.2415886813398345e-08
20211213_20211231,1203,151,q20,0.0,0.0,0.0
20211213_20211231,1203,151,q30,0.0,0.0,0.0
20211213_20211231,1203,151,q40,0.0,0.0,0.0
20211213_20211231,1203,152,unw,0.35886033998249306,0.3588603436946869,-3.7121938301076796e-09
20211213_20211231,1203,152,q20,0.0,0.0,0.0
20211213_20211231,1203,152,q30,0.0,0.0,0.0
20211213_20211231,1203,152,q40,0.0,0.0,0.0
20211213_20211231,1203,153,unw,0.07239356044923946,0.07239355891942978,1.529809681710681e-09
20211213_20211231,1203,153,q20,0.0,0.0,0.0
20211213_20211231,1203,153,q30,0.0,0.0,0.0
20211213_20211231,1203,153,q40,0.0,0.0,0.0
20211213_20211231,1203,154,unw,0.43286244207394753,0.43286243081092834,1.1263019183971323e-08
20211213_20211231,1203,154,q20,0.0,0.0,0.0
20211213_20211231,1203,154,q30,0.0,0.0,0.0
20211213_20211231,1203,154,q40,0.0,0.0,0.0
20211213_20211231,1203,155,unw,0.9814232646765724,0.9814232587814331,5.895139265632565e-09
20211213_20211231,1203,155,q20,0.0,0.0,0.0
20211213_20211231,1203,155,q30,0.0,0.0,0.0
20211213_20211231,1203,155,q40,0.0,0.0,0.0
20211213_20211231,1205,1276,unw,0.03286472483650906,0.03286472335457802,1.4819310431568589e-09
20211213_20211231,1205,1276,q20,0.0,0.0,0.0
20211213_20211231,1205,1276,q30,0.0,0.0,0.0
20211213_20211231,1205,1276,q40,0.0,0.0,0.0
20211213_20211231,1239,142,unw,1.0,1.0,0.0
20211213_20211231,1239,142,q20,0.43289073618310414,0.43289074301719666,-6.834092514118595e-09
20211213_20211231,1239,142,q30,0.0,0.0,0.0
20211213_20211231,1239,142,q40,0.0,0.0,0.0
20211213_20211231,1243,555,unw,0.9999999999999999,1.0,-1.1102230246251565e-16
20211213_20211231,1243,555,q20,0.0,0.0,0.0
20211213_20211231,1243,555,q30,0.0,0.0,0.0
20211213_20211231,1243,555,q40,0.0,0.0,0.0
20211213_20211231,1259,906,unw,0.9999999999999999,1.0,-1.1102230246251565e-16
20211213_20211231,1259,906,q20,0.9999999999999999,1.0,-1.1102230246251565e-16
20211213_20211231,1259,906,q30,0.9999999999999999,1.0,-1.1102230246251565e-16
20211213_20211231,1259,906,q40,0.9999999999999999,1.0,-1.1102230246251565e-16
20211213_20211231,1267,829,unw,1.0,1.0,0.0
20211213_20211231,1267,829,q20,1.0000000000000002,1.0,2.220446049250313e-16
20211213_20211231,1267,829,q30,1.0000000000000002,1.0,2.220446049250313e-16
20211213_20211231,1267,829,q40,0.5270931586439834,0.5270931720733643,-1.3429380829599324e-08
20211213_20211231,1273,1338,unw,1.0000000000000002,1.0,2.220446049250313e-16
20211213_20211231,1273,1338,q20,0.8329173420998273,0.832917332649231,9.450596305526915e-09
20211213_20211231,1273,1338,q30,0.19309124056357285,0.1930912435054779,-2.94190505290004e-09
20211213_20211231,1273,1338,q40,0.19309124056357285,0.1930912435054779,-2.94190505290004e-09
20211213_20211231,1385,725,unw,1.0,1.0,0.0
20211213_20211231,1385,725,q20,0.001066338306381641,0.0010663382709026337,3.54790073188449e-11
20211213_20211231,1385,725,q30,0.0,0.0,0.0
20211213_20211231,1385,725,q40,0.0,0.0,0.0
20211213_20211231,1444,502,unw,0.7669478616895016,0.766947865486145,-3.796643444076153e-09
20211213_20211231,1444,502,q20,0.0,0.0,0.0
20211213_20211231,1444,502,q30,0.0,0.0,0.0
20211213_20211231,1444,502,q40,0.0,0.0,0.0
20220205_20220406,1,151,unw,1.0,1.0,0.0
20220205_20220406,1,151,q20,0.0,0.0,0.0
20220205_20220406,1,151,q30,0.0,0.0,0.0
20220205_20220406,1,151,q40,0.0,0.0,0.0
20220205_20220406,122,1389,unw,0.0,0.0,0.0
20220205_20220406,122,1389,q20,0.0,0.0,0.0
20220205_20220406,122,1389,q30,0.0,0.0,0.0
20220205_20220406,122,1389,q40,0.0,0.0,0.0
20220205_20220406,122,1404,unw,0.9999999999999999,1.0,-1.1102230246251565e-16
20220205_20220406,122,1404,q20,0.9999999999999999,1.0,-1.1102230246251565e-16
20220205_20220406,122,1404,q30,0.9999999999999999,1.0,-1.1102230246251565e-16
20220205_20220406,122,1404,q40,0.9999999999999999,1.0,-1.1102230246251565e-16
20220205_20220406,161,1506,unw,1.0,1.0,0.0
20220205_20220406,161,1506,q20,1.0,1.0,0.0
20220205_20220406,161,1506,q30,1.0,1.0,0.0
20220205_20220406,161,1506,q40,1.0,1.0,0.0
20220205_20220406,268,674,unw,0.9103510332367035,0.910351037979126,-4.742422454739881e-09
20220205_20220406,268,674,q20,0.0,0.0,0.0
20220205_20220406,268,674,q30,0.0,0.0,0.0
20220205_20220406,268,674,q40,0.0,0.0,0.0
20220205_20220406,296,1200,unw,1.0,1.0,0.0
20220205_20220406,296,1200,q20,1.0000000000000002,1.0,2.220446049250313e-16
20220205_20220406,296,1200,q30,1.0000000000000002,1.0,2.220446049250313e-16
20220205_20220406,296,1200,q40,1.0000000000000002,1.0,2.220446049250313e-16
20220205_20220406,315,1484,unw,0.6142087092802486,0.6142086982727051,1.100754354332878e-08
20220205_20220406,315,1484,q20,0.0,0.0,0.0
20220205_20220406,315,1484,q30,0.0,0.0,0.0
20220205_20220406,315,1484,q40,0.0,0.0,0.0
20220205_20220406,319,989,unw,1.0,1.0,0.0
20220205_20220406,319,989,q20,1.0,1.0,0.0
20220205_20220406,319,989,q30,1.0,1.0,0.0
20220205_20220406,319,989,q40,1.0,1.0,0.0
20220205_20220406,355,494,unw,1.0,1.0,0.0
20220205_20220406,355,494,q20,0.7759622258056267,0.775962233543396,-7.73776931417558e-09
20220205_20220406,355,494,q30,0.0,0.0,0.0
20220205_20220406,355,494,q40,0.0,0.0,0.0
20220205_20220406,360,585,unw,1.0,1.0,0.0
20220205_20220406,360,585,q20,1.0,1.0,0.0
20220205_20220406,360,585,q30,1.0,1.0,0.0
20220205_20220406,360,585,q40,1.0,1.0,0.0
20220205_20220406,377,1190,unw,1.0,1.0,0.0
20220205_20220406,377,1190,q20,0.03497776135276421,0.034977760165929794,1.1868344154675192e-09
20220205_20220406,377,1190,q30,0.03497776135276421,0.034977760165929794,1.1868344154675192e-09
20220205_20220406,377,1190,q40,0.03497776135276421,0.034977760165929794,1.1868344154675192e-09
20220205_20220406,381,1261,unw,0.9999999999999999,1.0,-1.1102230246251565e-16
20220205_20220406,381,1261,q20,0.0,0.0,0.0
20220205_20220406,381,1261,q30,0.0,0.0,0.0
20220205_20220406,381,1261,q40,0.0,0.0,0.0
20220205_20220406,402,544,unw,1.0,1.0,0.0
20220205_20220406,402,544,q20,0.8117366105295682,0.8117365837097168,2.6819851450810006e-08
20220205_20220406,402,544,q30,0.0,0.0,0.0
20220205_20220406,402,544,q40,0.0,0.0,0.0
20220205_20220406,435,730,unw,1.0,1.0,0.0
20220205_20220406,435,730,q20,0.9999999999999999,1.0,-1.1102230246251565e-16
20220205_20220406,435,730,q30,0.9999999999999999,1.0,-1.1102230246251565e-16
20220205_20220406,435,730,q40,0.9999999999999999,1.0,-1.1102230246251565e-16
20220205_20220406,454,815,unw,1.0,1.0,0.0
20220205_20220406,454,815,q20,0.6964075581166144,0.6964075565338135,1.582800890354008e-09
20220205_20220406,454,815,q30,0.16763876839682032,0.16763876378536224,4.6114580765088675e-09
20220205_20220406,454,815,q40,0.1064948069536747,0.10649480670690536,2.467693410723726e-10
20220205_20220406,455,1154,unw,0.9999999999999999,1.0,-1.1102230246251565e-16
20220205_20220406,455,1154,q20,0.035005245526743084,0.035005245357751846,1.6899123767011304e-10
20220205_20220406,455,1154,q30,0.0,0.0,0.0
20220205_20220406,455,1154,q40,0.0,0.0,0.0
20220205_20220406,475,45,unw,1.0,1.0,0.0
20220205_20220406,475,45,q20,0.586577268274817,0.586577296257019,-2.798220199995427e-08
20220205_20220406,475,45,q30,0.0,0.0,0.0
20220205_20220406,475,45,q40,0.0,0.0,0.0
20220205_20220406,477,592,unw,1.0,1.0,0.0
20220205_20220406,477,592,q20,1.0000000000000002,1.0,2.220446049250313e-16
20220205_20220406,477,592,q30,1.0000000000000002,1.0,2.220446049250313e-16
20220205_20220406,477,592,q40,1.0000000000000002,1.0,2.220446049250313e-16
20220205_20220406,488,676,unw,1.0,1.0,0.0
20220205_20220406,488,676,q20,1.0,1.0,0.0
20220205_20220406,488,676,q30,1.0,1.0,0.0
20220205_20220406,488,676,q40,1.0,1.0,0.0
20220205_20220406,543,580,unw,1.0,1.0,0.0
20220205_20220406,543,580,q20,1.0,1.0,0.0
20220205_20220406,543,580,q30,1.0,1.0,0.0
20220205_20220406,543,580,q40,1.0,1.0,0.0
20220205_20220406,554,1068,unw,1.0,1.0,0.0
20220205_20220406,554,1068,q20,0.9999999999999999,1.0,-1.1102230246251565e-16
20220205_20220406,554,1068,q30,0.9999999999999999,1.0,-1.1102230246251565e-16
20220205_20220406,554,1068,q40,0.9999999999999999,1.0,-1.1102230246251565e-16
20220205_20220406,554,1069,unw,0.9999999999999999,1.0,-1.1102230246251565e-16
20220205_20220406,554,1069,q20,1.0,1.0,0.0
20220205_20220406,554,1069,q30,1.0,1.0,0.0
20220205_20220406,554,1069,q40,1.0,1.0,0.0
20220205_20220406,554,1070,unw,1.0,1.0,0.0
20220205_20220406,554,1070,q20,1.0,1.0,0.0
20220205_20220406,554,1070,q30,1.0,1.0,0.0
20220205_20220406,554,1070,q40,1.0,1.0,0.0
20220205_20220406,554,1071,unw,1.0,1.0,0.0
20220205_20220406,554,1071,q20,1.0000000000000002,1.0,2.220446049250313e-16
20220205_20220406,554,1071,q30,1.0000000000000002,1.0,2.220446049250313e-16
20220205_20220406,554,1071,q40,1.0000000000000002,1.0,2.220446049250313e-16
20220205_20220406,554,1072,unw,1.0,1.0,0.0
20220205_20220406,554,1072,q20,1.0000000000000002,1.0,2.220446049250313e-16
20220205_20220406,554,1072,q30,1.0000000000000002,1.0,2.220446049250313e-16
20220205_20220406,554,1072,q40,1.0000000000000002,1.0,2.220446049250313e-16
20220205_20220406,554,1073,unw,1.0000000000000002,1.0,2.220446049250313e-16
20220205_20220406,554,1073,q20,1.0,1.0,0.0
20220205_20220406,554,1073,q30,1.0,1.0,0.0
20220205_20220406,554,1073,q40,1.0,1.0,0.0
20220205_20220406,554,1075,unw,1.0,1.0,0.0
20220205_20220406,554,1075,q20,1.0,1.0,0.0
20220205_20220406,554,1075,q30,1.0,1.0,0.0
20220205_20220406,554,1075,q40,1.0,1.0,0.0
20220205_20220406,569,436,unw,1.0000000000000002,1.0,2.220446049250313e-16
20220205_20220406,569,436,q20,0.20746302041245337,0.20746302604675293,-5.634299554690969e-09
20220205_20220406,569,436,q30,0.0,0.0,0.0
20220205_20220406,569,436,q40,0.0,0.0,0.0
20220205_20220406,576,1364,unw,1.0000000000000002,1.0,2.220446049250313e-16
20220205_20220406,576,1364,q20,0.9999999999999999,1.0,-1.1102230246251565e-16
20220205_20220406,576,1364,q30,0.9999999999999999,1.0,-1.1102230246251565e-16
20220205_20220406,576,1364,q40,0.45223055802936246,0.4522305727005005,-1.4671138026667307e-08
20220205_20220406,626,300,unw,1.0,1.0,0.0
20220205_20220406,626,300,q20,1.0,1.0,0.0
20220205_20220406,626,300,q30,1.0,1.0,0.0
20220205_20220406,626,300,q40,0.03249333538665112,0.032493334263563156,1.1230879629064994e-09
20220205_20220406,632,619,unw,1.0,1.0,0.0
20220205_20220406,632,619,q20,0.967502084331186,0.9675020575523376,2.6778848360997642e-08
20220205_20220406,632,619,q30,0.0,0.0,0.0
20220205_20220406,632,619,q40,0.0,0.0,0.0
20220205_20220406,647,649,unw,1.0,1.0,0.0
20220205_20220406,647,649,q20,1.0,1.0,0.0
20220205_20220406,647,649,q30,1.0,1.0,0.0
20220205_20220406,647,649,q40,1.0,1.0,0.0
20220205_20220406,657,1392,unw,1.0,1.0,0.0
20220205_20220406,657,1392,q20,0.0,0.0,0.0
20220205_20220406,657,1392,q30,0.0,0.0,0.0
20220205_20220406,657,1392,q40,0.0,0.0,0.0
20220205_20220406,677,357,unw,0.5524731530800978,0.5524731278419495,2.5238148348982747e-08
20220205_20220406,677,357,q20,0.0,0.0,0.0
20220205_20220406,677,357,q30,0.0,0.0,0.0
20220205_20220406,677,357,q40,0.0,0.0,0.0
20220205_20220406,690,367,unw,0.9999999999999999,1.0,-1.1102230246251565e-16
20220205_20220406,690,367,q20,0.0,0.0,0.0
20220205_20220406,690,367,q30,0.0,0.0,0.0
20220205_20220406,690,367,q40,0.0,0.0,0.0
20220205_20220406,692,795,unw,1.0,1.0,0.0
20220205_20220406,692,795,q20,1.0,1.0,0.0
20220205_20220406,692,795,q30,1.0,1.0,0.0
20220205_20220406,692,795,q40,1.0,1.0,0.0
20220205_20220406,702,432,unw,0.4722517954725842,0.4722518026828766,-7.210292363168946e-09
20220205_20220406,702,432,q20,0.0,0.0,0.0
20220205_20220406,702,432,q30,0.0,0.0,0.0
20220205_20220406,702,432,q40,0.0,0.0,0.0
20220205_20220406,704,381,unw,1.0000000000000002,1.0,2.220446049250313e-16
20220205_20220406,704,381,q20,0.03255287905585259,0.03255287930369377,-2.478411781359213e-10
20220205_20220406,704,381,q30,0.03255287905585259,0.03255287930369377,-2.478411781359213e-10
20220205_20220406,704,381,q40,0.03255287905585259,0.03255287930369377,-2.478411781359213e-10
20220205_20220406,726,923,unw,1.0000000000000002,1.0,2.220446049250313e-16
20220205_20220406,726,923,q20,1.0000000000000002,1.0,2.220446049250313e-16
20220205_20220406,726,923,q30,1.0000000000000002,1.0,2.220446049250313e-16
20220205_20220406,726,923,q40,1.0000000000000002,1.0,2.220446049250313e-16
20220205_20220406,775,85,unw,0.8918540101369994,0.8918539881706238,2.196637560736292e-08
20220205_20220406,775,85,q20,0.0,0.0,0.0
20220205_20220406,775,85,q30,0.0,0.0,0.0
20220205_20220406,775,85,q40,0.0,0.0,0.0
20220205_20220406,782,71,unw,0.4723344598108972,0.47233447432518005,-1.4514282831168401e-08
20220205_20220406,782,71,q20,0.0,0.0,0.0
20220205_20220406,782,71,q30,0.0,0.0,0.0
20220205_20220406,782,71,q40,0.0,0.0,0.0
20220205_20220406,808,475,unw,1.0,1.0,0.0
20220205_20220406,808,475,q20,1.0,1.0,0.0
20220205_20220406,808,475,q30,1.0,1.0,0.0
20220205_20220406,808,475,q40,0.0,0.0,0.0
20220205_20220406,808,1073,unw,1.0,1.0,0.0
20220205_20220406,808,1073,q20,0.9999999999999999,1.0,-1.1102230246251565e-16
20220205_20220406,808,1073,q30,0.9999999999999999,1.0,-1.1102230246251565e-16
20220205_20220406,808,1073,q40,0.9999999999999999,1.0,-1.1102230246251565e-16
20220205_20220406,809,309,unw,0.575610225222397,0.5756102204322815,4.790115526454031e-09
20220205_20220406,809,309,q20,0.4776352895012149,0.47763529419898987,-4.6977749468268826e-09
20220205_20220406,809,309,q30,0.36736778769321315,0.36736777424812317,1.344508998579741e-08
20220205_20220406,809,309,q40,0.36736778769321315,0.36736777424812317,1.344508998579741e-08
20220205_20220406,817,264,unw,1.0,1.0,0.0
20220205_20220406,817,264,q20,0.1643158956164266,0.16431589424610138,1.3703252144114941e-09
20220205_20220406,817,264,q30,0.1260896556296657,0.1260896623134613,-6.683795600315179e-09
20220205_20220406,817,264,q40,0.0,0.0,0.0
20220205_20220406,819,962,unw,1.0,1.0,0.0
20220205_20220406,819,962,q20,1.0000000000000002,1.0,2.220446049250313e-16
20220205_20220406,819,962,q30,1.0000000000000002,1.0,2.220446049250313e-16
20220205_20220406,819,962,q40,0.03515182772603539,0.035151828080415726,-3.5438033757495546e-10
20220205_20220406,854,1271,unw,0.09142354282201616,0.09142354130744934,1.5145668191829387e-09
20220205_20220406,854,1271,q20,0.0,0.0,0.0
20220205_20220406,854,1271,q30,0.0,0.0,0.0
20220205_20220406,854,1271,q40,0.0,0.0,0.0
20220205_20220406,858,1239,unw,0.9999999999999999,1.0,-1.1102230246251565e-16
20220205_20220406,858,1239,q20,0.0,0.0,0.0
20220205_20220406,858,1239,q30,0.0,0.0,0.0
20220205_20220406,858,1239,q40,0.0,0.0,0.0
20220205_20220406,858,1284,unw,1.0000000000000002,1.0,2.220446049250313e-16
20220205_20220406,858,1284,q20,1.0,1.0,0.0
20220205_20220406,858,1284,q30,0.5263329149599683,0.5263329148292542,1.3071410620568713e-10
20220205_20220406,858,1284,q40,0.5263329149599683,0.5263329148292542,1.3071410620568713e-10
20220205_20220406,862,325,unw,1.0,1.0,0.0
20220205_20220406,862,325,q20,1.0,1.0,0.0
20220205_20220406,862,325,q30,0.0,0.0,0.0
20220205_20220406,862,325,q40,0.0,0.0,0.0
20220205_20220406,876,907,unw,1.0,1.0,0.0
20220205_20220406,876,907,q20,1.0,1.0,0.0
20220205_20220406,876,907,q30,0.43268348629971176,0.4326834976673126,-1.1367600860623384e-08
20220205_20220406,876,907,q40,0.0,0.0,0.0
20220205_20220406,914,946,unw,0.9999999999999999,1.0,-1.1102230246251565e-16
20220205_20220406,914,946,q20,0.9999999999999999,1.0,-1.1102230246251565e-16
20220205_20220406,914,946,q30,0.0,0.0,0.0
20220205_20220406,914,946,q40,0.0,0.0,0.0
20220205_20220406,916,1096,unw,1.0,1.0,0.0
20220205_20220406,916,1096,q20,0.0,0.0,0.0
20220205_20220406,916,1096,q30,0.0,0.0,0.0
20220205_20220406,916,1096,q40,0.0,0.0,0.0
20220205_20220406,926,1390,unw,1.0,1.0,0.0
20220205_20220406,926,1390,q20,0.0,0.0,0.0
20220205_20220406,926,1390,q30,0.0,0.0,0.0
20220205_20220406,926,1390,q40,0.0,0.0,0.0
20220205_20220406,943,600,unw,0.9924840924599267,0.9924840927124023,-2.524755959854019e-10
20220205_20220406,943,600,q20,0.6409944248724313,0.6409944295883179,-4.715886570139105e-09
20220205_20220406,943,600,q30,0.0,0.0,0.0
20220205_20220406,943,600,q40,0.0,0.0,0.0
20220205_20220406,958,438,unw,0.06789968304986936,0.0678996816277504,1.4221189642560361e-09
20220205_20220406,958,438,q20,0.0,0.0,0.0
20220205_20220406,958,438,q30,0.0,0.0,0.0
20220205_20220406,958,438,q40,0.0,0.0,0.0
20220205_20220406,962,497,unw,0.0,0.0,0.0
20220205_20220406,962,497,q20,0.0,0.0,0.0
20220205_20220406,962,497,q30,0.0,0.0,0.0
20220205_20220406,962,497,q40,0.0,0.0,0.0
20220205_20220406,969,839,unw,1.0,1.0,0.0
20220205_20220406,969,839,q20,0.0,0.0,0.0
20220205_20220406,969,839,q30,0.0,0.0,0.0
20220205_20220406,969,839,q40,0.0,0.0,0.0
20220205_20220406,971,292,unw,0.0,0.0,0.0
20220205_20220406,971,292,q20,0.0,0.0,0.0
20220205_20220406,971,292,q30,0.0,0.0,0.0
20220205_20220406,971,292,q40,0.0,0.0,0.0
20220205_20220406,1036,1277,unw,0.0,0.0,0.0
20220205_20220406,1036,1277,q20,0.0,0.0,0.0
20220205_20220406,1036,1277,q30,0.0,0.0,0.0
20220205_20220406,1036,1277,q40,0.0,0.0,0.0
20220205_20220406,1084,312,unw,0.39552096067378806,0.395520955324173,5.3496150842491375e-09
20220205_20220406,1084,312,q20,0.0,0.0,0.0
20220205_20220406,1084,312,q30,0.0,0.0,0.0
20220205_20220406,1084,312,q40,0.0,0.0,0.0
20220205_20220406,1095,1113,unw,0.36104211893795995,0.3610421121120453,6.825914666830357e-09
20220205_20220406,1095,1113,q20,0.0,0.0,0.0
20220205_20220406,1095,1113,q30,0.0,0.0,0.0
20220205_20220406,1095,1113,q40,0.0,0.0,0.0
20220205_20220406,1121,1279,unw,0.9322768664618124,0.9322768449783325,2.1483479883954715e-08
20220205_20220406,1121,1279,q20,0.6059698244859211,0.6059698462486267,-2.1762705637584645e-08
20220205_20220406,1121,1279,q30,0.0,0.0,0.0
20220205_20220406,1121,1279,q40,0.0,0.0,0.0
20220205_20220406,1122,338,unw,0.9999999999999999,1.0,-1.1102230246251565e-16
20220205_20220406,1122,338,q20,0.9999999999999999,1.0,-1.1102230246251565e-16
20220205_20220406,1122,338,q30,0.5825511606667201,0.5825511813163757,-2.0649655652071885e-08
20220205_20220406,1122,338,q40,0.0,0.0,0.0
20220205_20220406,1156,1253,unw,0.0,0.0,0.0
20220205_20220406,1156,1253,q20,0.0,0.0,0.0
20220205_20220406,1156,1253,q30,0.0,0.0,0.0
20220205_20220406,1156,1253,q40,0.0,0.0,0.0
20220205_20220406,1203,149,unw,0.6188447757712805,0.618844747543335,2.8227945536585253e-08
20220205_20220406,1203,149,q20,0.0,0.0,0.0
20220205_20220406,1203,149,q30,0.0,0.0,0.0
20220205_20220406,1203,149,q40,0.0,0.0,0.0
20220205_20220406,1203,150,unw,0.7724796204842656,0.7724795937538147,2.6730450852774368e-08
20220205_20220406,1203,150,q20,0.0,0.0,0.0
20220205_20220406,1203,150,q30,0.0,0.0,0.0
20220205_20220406,1203,150,q40,0.0,0.0,0.0
20220205_20220406,1203,151,unw,0.2152394139823104,0.21523942053318024,-6.5508698465777115e-09
20220205_20220406,1203,151,q20,0.0,0.0,0.0
20220205_20220406,1203,151,q30,0.0,0.0,0.0
20220205_20220406,1203,151,q40,0.0,0.0,0.0
20220205_20220406,1203,152,unw,0.0,0.0,0.0
20220205_20220406,1203,152,q20,0.0,0.0,0.0
20220205_20220406,1203,152,q30,0.0,0.0,0.0
20220205_20220406,1203,152,q40,0.0,0.0,0.0
20220205_20220406,1203,153,unw,0.0,0.0,0.0
20220205_20220406,1203,153,q20,0.0,0.0,0.0
20220205_20220406,1203,153,q30,0.0,0.0,0.0
20220205_20220406,1203,153,q40,0.0,0.0,0.0
20220205_20220406,1203,154,unw,0.0,0.0,0.0
20220205_20220406,1203,154,q20,0.0,0.0,0.0
20220205_20220406,1203,154,q30,0.0,0.0,0.0
20220205_20220406,1203,154,q40,0.0,0.0,0.0
20220205_20220406,1203,155,unw,0.0,0.0,0.0
20220205_20220406,1203,155,q20,0.0,0.0,0.0
20220205_20220406,1203,155,q30,0.0,0.0,0.0
20220205_20220406,1203,155,q40,0.0,0.0,0.0
20220205_20220406,1205,1276,unw,0.710321425160017,0.7103214263916016,-1.2315846120714014e-09
20220205_20220406,1205,1276,q20,0.0,0.0,0.0
20220205_20220406,1205,1276,q30,0.0,0.0,0.0
20220205_20220406,1205,1276,q40,0.0,0.0,0.0
20220205_20220406,1239,142,unw,1.0000000000000002,1.0,2.220446049250313e-16
20220205_20220406,1239,142,q20,0.0,0.0,0.0
20220205_20220406,1239,142,q30,0.0,0.0,0.0
20220205_20220406,1239,142,q40,0.0,0.0,0.0
20220205_20220406,1243,555,unw,0.2481399847382882,0.24813997745513916,7.283149028314284e-09
20220205_20220406,1243,555,q20,0.0,0.0,0.0
20220205_20220406,1243,555,q30,0.0,0.0,0.0
20220205_20220406,1243,555,q40,0.0,0.0,0.0
20220205_20220406,1259,906,unw,1.0,1.0,0.0
20220205_20220406,1259,906,q20,1.0000000000000002,1.0,2.220446049250313e-16
20220205_20220406,1259,906,q30,1.0000000000000002,1.0,2.220446049250313e-16
20220205_20220406,1259,906,q40,1.0000000000000002,1.0,2.220446049250313e-16
20220205_20220406,1267,829,unw,1.0,1.0,0.0
20220205_20220406,1267,829,q20,1.0,1.0,0.0
20220205_20220406,1267,829,q30,0.7670177638745989,0.7670177817344666,-1.785986769586856e-08
20220205_20220406,1267,829,q40,0.0,0.0,0.0
20220205_20220406,1273,1338,unw,1.0,1.0,0.0
20220205_20220406,1273,1338,q20,0.16513583986443883,0.16513584554195404,-5.677515207969108e-09
20220205_20220406,1273,1338,q30,0.12666136627564084,0.12666136026382446,6.011816378048707e-09
20220205_20220406,1273,1338,q40,0.0,0.0,0.0
20220205_20220406,1385,725,unw,0.9999999999999998,1.0,-2.220446049250313e-16
20220205_20220406,1385,725,q20,0.0,0.0,0.0
20220205_20220406,1385,725,q30,0.0,0.0,0.0
20220205_20220406,1385,725,q40,0.0,0.0,0.0
20220205_20220406,1444,502,unw,0.9999999999999999,1.0,-1.1102230246251565e-16
20220205_20220406,1444,502,q20,0.07267801234207578,0.07267801463603973,-2.2939639493513297e-09
20220205_20220406,1444,502,q30,0.07267801234207578,0.07267801463603973,-2.2939639493513297e-09
20220205_20220406,1444,502,q40,0.07267801234207578,0.07267801463603973,-2.2939639493513297e-09
20220325_20220909,1,151,unw,0.6017430743243122,0.6017431020736694,-2.7749357256467988e-08
20220325_20220909,1,151,q20,0.0,0.0,0.0
20220325_20220909,1,151,q30,0.0,0.0,0.0
20220325_20220909,1,151,q40,0.0,0.0,0.0
20220325_20220909,122,1389,unw,0.0,0.0,0.0
20220325_20220909,122,1389,q20,0.0,0.0,0.0
20220325_20220909,122,1389,q30,0.0,0.0,0.0
20220325_20220909,122,1389,q40,0.0,0.0,0.0
20220325_20220909,122,1404,unw,0.9999999999999999,1.0,-1.1102230246251565e-16
20220325_20220909,122,1404,q20,0.9999999999999999,1.0,-1.1102230246251565e-16
20220325_20220909,122,1404,q30,0.9999999999999999,1.0,-1.1102230246251565e-16
20220325_20220909,122,1404,q40,0.9999999999999999,1.0,-1.1102230246251565e-16
20220325_20220909,161,1506,unw,1.0,1.0,0.0
20220325_20220909,161,1506,q20,1.0,1.0,0.0
20220325_20220909,161,1506,q30,1.0,1.0,0.0
20220325_20220909,161,1506,q40,1.0,1.0,0.0
20220325_20220909,268,674,unw,1.0,1.0,0.0
20220325_20220909,268,674,q20,0.0,0.0,0.0
20220325_20220909,268,674,q30,0.0,0.0,0.0
20220325_20220909,268,674,q40,0.0,0.0,0.0
20220325_20220909,296,1200,unw,1.0,1.0,0.0
20220325_20220909,296,1200,q20,0.0,0.0,0.0
20220325_20220909,296,1200,q30,0.0,0.0,0.0
20220325_20220909,296,1200,q40,0.0,0.0,0.0
20220325_20220909,315,1484,unw,1.0,1.0,0.0
20220325_20220909,315,1484,q20,0.0,0.0,0.0
20220325_20220909,315,1484,q30,0.0,0.0,0.0
20220325_20220909,315,1484,q40,0.0,0.0,0.0
20220325_20220909,319,989,unw,1.0,1.0,0.0
20220325_20220909,319,989,q20,1.0,1.0,0.0
20220325_20220909,319,989,q30,1.0,1.0,0.0
20220325_20220909,319,989,q40,1.0,1.0,0.0
20220325_20220909,355,494,unw,1.0,1.0,0.0
20220325_20220909,355,494,q20,0.027260848289693496,0.02726084738969803,8.999954670407817e-10
20220325_20220909,355,494,q30,0.0,0.0,0.0
20220325_20220909,355,494,q40,0.0,0.0,0.0
20220325_20220909,360,585,unw,1.0,1.0,0.0
20220325_20220909,360,585,q20,1.0,1.0,0.0
20220325_20220909,360,585,q30,1.0,1.0,0.0
20220325_20220909,360,585,q40,1.0,1.0,0.0
20220325_20220909,377,1190,unw,1.0,1.0,0.0
20220325_20220909,377,1190,q20,0.03497776135276421,0.034977760165929794,1.1868344154675192e-09
20220325_20220909,377,1190,q30,0.03497776135276421,0.034977760165929794,1.1868344154675192e-09
20220325_20220909,377,1190,q40,0.03497776135276421,0.034977760165929794,1.1868344154675192e-09
20220325_20220909,381,1261,unw,0.9999999999999999,1.0,-1.1102230246251565e-16
20220325_20220909,381,1261,q20,0.0,0.0,0.0
20220325_20220909,381,1261,q30,0.0,0.0,0.0
20220325_20220909,381,1261,q40,0.0,0.0,0.0
20220325_20220909,402,544,unw,1.0,1.0,0.0
20220325_20220909,402,544,q20,0.2440582653759837,0.2440582662820816,-9.060978911623607e-10
20220325_20220909,402,544,q30,0.0,0.0,0.0
20220325_20220909,402,544,q40,0.0,0.0,0.0
20220325_20220909,435,730,unw,1.0,1.0,0.0
20220325_20220909,435,730,q20,0.9999999999999999,1.0,-1.1102230246251565e-16
20220325_20220909,435,730,q30,0.9999999999999999,1.0,-1.1102230246251565e-16
20220325_20220909,435,730,q40,0.0,0.0,0.0
20220325_20220909,454,815,unw,1.0,1.0,0.0
20220325_20220909,454,815,q20,0.471231210280206,0.47123122215270996,-1.1872503979937221e-08
20220325_20220909,454,815,q30,0.16763876839682032,0.16763876378536224,4.6114580765088675e-09
20220325_20220909,454,815,q40,0.0,0.0,0.0
20220325_20220909,455,1154,unw,0.9999999999999999,1.0,-1.1102230246251565e-16
20220325_20220909,455,1154,q20,0.0,0.0,0.0
20220325_20220909,455,1154,q30,0.0,0.0,0.0
20220325_20220909,455,1154,q40,0.0,0.0,0.0
20220325_20220909,475,45,unw,1.0,1.0,0.0
20220325_20220909,475,45,q20,0.7676223484861536,0.7676223516464233,-3.160269712587649e-09
20220325_20220909,475,45,q30,0.0,0.0,0.0
20220325_20220909,475,45,q40,0.0,0.0,0.0
20220325_20220909,477,592,unw,1.0,1.0,0.0
20220325_20220909,477,592,q20,1.0000000000000002,1.0,2.220446049250313e-16
20220325_20220909,477,592,q30,1.0000000000000002,1.0,2.220446049250313e-16
20220325_20220909,477,592,q40,1.0000000000000002,1.0,2.220446049250313e-16
20220325_20220909,488,676,unw,1.0,1.0,0.0
20220325_20220909,488,676,q20,1.0,1.0,0.0
20220325_20220909,488,676,q30,1.0,1.0,0.0
20220325_20220909,488,676,q40,0.9858992455277275,0.9858992695808411,-2.405311361197704e-08
20220325_20220909,543,580,unw,1.0,1.0,0.0
20220325_20220909,543,580,q20,1.0,1.0,0.0
20220325_20220909,543,580,q30,1.0,1.0,0.0
20220325_20220909,543,580,q40,1.0,1.0,0.0
20220325_20220909,554,1068,unw,1.0,1.0,0.0
20220325_20220909,554,1068,q20,0.9999999999999999,1.0,-1.1102230246251565e-16
20220325_20220909,554,1068,q30,0.9999999999999999,1.0,-1.1102230246251565e-16
20220325_20220909,554,1068,q40,0.9999999999999999,1.0,-1.1102230246251565e-16
20220325_20220909,554,1069,unw,0.9999999999999999,1.0,-1.1102230246251565e-16
20220325_20220909,554,1069,q20,1.0,1.0,0.0
20220325_20220909,554,1069,q30,1.0,1.0,0.0
20220325_20220909,554,1069,q40,1.0,1.0,0.0
20220325_20220909,554,1070,unw,1.0,1.0,0.0
20220325_20220909,554,1070,q20,1.0,1.0,0.0
20220325_20220909,554,1070,q30,1.0,1.0,0.0
20220325_20220909,554,1070,q40,1.0,1.0,0.0
20220325_20220909,554,1071,unw,1.0,1.0,0.0
20220325_20220909,554,1071,q20,1.0000000000000002,1.0,2.220446049250313e-16
20220325_20220909,554,1071,q30,1.0000000000000002,1.0,2.220446049250313e-16
20220325_20220909,554,1071,q40,1.0000000000000002,1.0,2.220446049250313e-16
20220325_20220909,554,1072,unw,1.0,1.0,0.0
20220325_20220909,554,1072,q20,1.0000000000000002,1.0,2.220446049250313e-16
20220325_20220909,554,1072,q30,1.0000000000000002,1.0,2.220446049250313e-16
20220325_20220909,554,1072,q40,1.0000000000000002,1.0,2.220446049250313e-16
20220325_20220909,554,1073,unw,1.0000000000000002,1.0,2.220446049250313e-16
20220325_20220909,554,1073,q20,1.0,1.0,0.0
20220325_20220909,554,1073,q30,1.0,1.0,0.0
20220325_20220909,554,1073,q40,1.0,1.0,0.0
20220325_20220909,554,1075,unw,1.0,1.0,0.0
20220325_20220909,554,1075,q20,1.0,1.0,0.0
20220325_20220909,554,1075,q30,1.0,1.0,0.0
20220325_20220909,554,1075,q40,1.0,1.0,0.0
20220325_20220909,569,436,unw,0.8346838584647419,0.8346838355064392,2.295830270337973e-08
20220325_20220909,569,436,q20,0.0,0.0,0.0
20220325_20220909,569,436,q30,0.0,0.0,0.0
20220325_20220909,569,436,q40,0.0,0.0,0.0
20220325_20220909,576,1364,unw,1.0000000000000002,1.0,2.220446049250313e-16
20220325_20220909,576,1364,q20,0.9999999999999999,1.0,-1.1102230246251565e-16
20220325_20220909,576,1364,q30,0.45223055802936246,0.4522305727005005,-1.4671138026667307e-08
20220325_20220909,576,1364,q40,0.034844921232534264,0.03484492003917694,1.1933573226818872e-09
20220325_20220909,626,300,unw,1.0,1.0,0.0
20220325_20220909,626,300,q20,1.0,1.0,0.0
20220325_20220909,626,300,q30,0.03249333538665112,0.032493334263563156,1.1230879629064994e-09
20220325_20220909,626,300,q40,0.0,0.0,0.0
20220325_20220909,632,619,unw,1.0,1.0,0.0
20220325_20220909,632,619,q20,0.967502084331186,0.9675020575523376,2.6778848360997642e-08
20220325_20220909,632,619,q30,0.0,0.0,0.0
20220325_20220909,632,619,q40,0.0,0.0,0.0
20220325_20220909,647,649,unw,1.0,1.0,0.0
20220325_20220909,647,649,q20,1.0,1.0,0.0
20220325_20220909,647,649,q30,1.0,1.0,0.0
20220325_20220909,647,649,q40,0.6325085480716948,0.6325085759162903,-2.7844595518189408e-08
20220325_20220909,657,1392,unw,0.0,0.0,0.0
20220325_20220909,657,1392,q20,0.0,0.0,0.0
20220325_20220909,657,1392,q30,0.0,0.0,0.0
20220325_20220909,657,1392,q40,0.0,0.0,0.0
20220325_20220909,677,357,unw,0.5448505480501522,0.5448505282402039,1.9809948348381567e-08
20220325_20220909,677,357,q20,0.0,0.0,0.0
20220325_20220909,677,357,q30,0.0,0.0,0.0
20220325_20220909,677,357,q40,0.0,0.0,0.0
20220325_20220909,690,367,unw,0.9930765603575946,0.9930765628814697,-2.5238751089062816e-09
20220325_20220909,690,367,q20,0.0,0.0,0.0
20220325_20220909,690,367,q30,0.0,0.0,0.0
20220325_20220909,690,367,q40,0.0,0.0,0.0
20220325_20220909,692,795,unw,1.0,1.0,0.0
20220325_20220909,692,795,q20,1.0,1.0,0.0
20220325_20220909,692,795,q30,1.0,1.0,0.0
20220325_20220909,692,795,q40,1.0,1.0,0.0
20220325_20220909,702,432,unw,0.2758950964866199,0.2758950889110565,7.575563398809493e-09
20220325_20220909,702,432,q20,0.0,0.0,0.0
20220325_20220909,702,432,q30,0.0,0.0,0.0
20220325_20220909,702,432,q40,0.0,0.0,0.0
20220325_20220909,704,381,unw,1.0000000000000002,1.0,2.220446049250313e-16
20220325_20220909,704,381,q20,0.03255287905585259,0.03255287930369377,-2.478411781359213e-10
20220325_20220909,704,381,q30,0.03255287905585259,0.03255287930369377,-2.478411781359213e-10
20220325_20220909,704,381,q40,0.03255287905585259,0.03255287930369377,-2.478411781359213e-10
20220325_20220909,726,923,unw,1.0000000000000002,1.0,2.220446049250313e-16
20220325_20220909,726,923,q20,1.0000000000000002,1.0,2.220446049250313e-16
20220325_20220909,726,923,q30,1.0000000000000002,1.0,2.220446049250313e-16
20220325_20220909,726,923,q40,1.0000000000000002,1.0,2.220446049250313e-16
20220325_20220909,775,85,unw,1.0,1.0,0.0
20220325_20220909,775,85,q20,0.0,0.0,0.0
20220325_20220909,775,85,q30,0.0,0.0,0.0
20220325_20220909,775,85,q40,0.0,0.0,0.0
20220325_20220909,782,71,unw,0.5276655401891028,0.5276655554771423,-1.528803950101576e-08
20220325_20220909,782,71,q20,0.0,0.0,0.0
20220325_20220909,782,71,q30,0.0,0.0,0.0
20220325_20220909,782,71,q40,0.0,0.0,0.0
20220325_20220909,808,475,unw,1.0,1.0,0.0
20220325_20220909,808,475,q20,0.0,0.0,0.0
20220325_20220909,808,475,q30,0.0,0.0,0.0
20220325_20220909,808,475,q40,0.0,0.0,0.0
20220325_20220909,808,1073,unw,1.0,1.0,0.0
20220325_20220909,808,1073,q20,0.9999999999999999,1.0,-1.1102230246251565e-16
20220325_20220909,808,1073,q30,0.9999999999999999,1.0,-1.1102230246251565e-16
20220325_20220909,808,1073,q40,0.9999999999999999,1.0,-1.1102230246251565e-16
20220325_20220909,809,309,unw,0.575610225222397,0.5756102204322815,4.790115526454031e-09
20220325_20220909,809,309,q20,0.4776352895012149,0.47763529419898987,-4.6977749468268826e-09
20220325_20220909,809,309,q30,0.36736778769321315,0.36736777424812317,1.344508998579741e-08
20220325_20220909,809,309,q40,0.36736778769321315,0.36736777424812317,1.344508998579741e-08
20220325_20220909,817,264,unw,1.0,1.0,0.0
20220325_20220909,817,264,q20,0.1643158956164266,0.16431589424610138,1.3703252144114941e-09
20220325_20220909,817,264,q30,0.1260896556296657,0.1260896623134613,-6.683795600315179e-09
20220325_20220909,817,264,q40,0.0,0.0,0.0
20220325_20220909,819,962,unw,1.0,1.0,0.0
20220325_20220909,819,962,q20,0.03515182772603539,0.035151828080415726,-3.5438033757495546e-10
20220325_20220909,819,962,q30,0.0,0.0,0.0
20220325_20220909,819,962,q40,0.0,0.0,0.0
20220325_20220909,854,1271,unw,0.0,0.0,0.0
20220325_20220909,854,1271,q20,0.0,0.0,0.0
20220325_20220909,854,1271,q30,0.0,0.0,0.0
20220325_20220909,854,1271,q40,0.0,0.0,0.0
20220325_20220909,858,1239,unw,0.9999999999999999,1.0,-1.1102230246251565e-16
20220325_20220909,858,1239,q20,0.0,0.0,0.0
20220325_20220909,858,1239,q30,0.0,0.0,0.0
20220325_20220909,858,1239,q40,0.0,0.0,0.0
20220325_20220909,858,1284,unw,1.0000000000000002,1.0,2.220446049250313e-16
20220325_20220909,858,1284,q20,0.0,0.0,0.0
20220325_20220909,858,1284,q30,0.0,0.0,0.0
20220325_20220909,858,1284,q40,0.0,0.0,0.0
20220325_20220909,862,325,unw,1.0,1.0,0.0
20220325_20220909,862,325,q20,0.8326726867562012,0.8326727151870728,-2.8430871545914727e-08
20220325_20220909,862,325,q30,0.0,0.0,0.0
20220325_20220909,862,325,q40,0.0,0.0,0.0
20220325_20220909,876,907,unw,1.0,1.0,0.0
20220325_20220909,876,907,q20,0.0,0.0,0.0
20220325_20220909,876,907,q30,0.0,0.0,0.0
20220325_20220909,876,907,q40,0.0,0.0,0.0
20220325_20220909,914,946,unw,0.9999999999999999,1.0,-1.1102230246251565e-16
20220325_20220909,914,946,q20,0.9857644064359911,0.9857643842697144,2.21662767030395e-08
20220325_20220909,914,946,q30,0.0,0.0,0.0
20220325_20220909,914,946,q40,0.0,0.0,0.0
20220325_20220909,916,1096,unw,1.0,1.0,0.0
20220325_20220909,916,1096,q20,0.0,0.0,0.0
20220325_20220909,916,1096,q30,0.0,0.0,0.0
20220325_20220909,916,1096,q40,0.0,0.0,0.0
20220325_20220909,926,1390,unw,1.0,1.0,0.0
20220325_20220909,926,1390,q20,0.0,0.0,0.0
20220325_20220909,926,1390,q30,0.0,0.0,0.0
20220325_20220909,926,1390,q40,0.0,0.0,0.0
20220325_20220909,943,600,unw,1.0,1.0,0.0
20220325_20220909,943,600,q20,0.0,0.0,0.0
20220325_20220909,943,600,q30,0.0,0.0,0.0
20220325_20220909,943,600,q40,0.0,0.0,0.0
20220325_20220909,958,438,unw,0.2817823669464992,0.2817823588848114,8.061687817306762e-09
20220325_20220909,958,438,q20,0.0,0.0,0.0
20220325_20220909,958,438,q30,0.0,0.0,0.0
20220325_20220909,958,438,q40,0.0,0.0,0.0
20220325_20220909,962,497,unw,0.0,0.0,0.0
20220325_20220909,962,497,q20,0.0,0.0,0.0
20220325_20220909,962,497,q30,0.0,0.0,0.0
20220325_20220909,962,497,q40,0.0,0.0,0.0
20220325_20220909,969,839,unw,1.0,1.0,0.0
20220325_20220909,969,839,q20,0.0,0.0,0.0
20220325_20220909,969,839,q30,0.0,0.0,0.0
20220325_20220909,969,839,q40,0.0,0.0,0.0
20220325_20220909,971,292,unw,0.0,0.0,0.0
20220325_20220909,971,292,q20,0.0,0.0,0.0
20220325_20220909,971,292,q30,0.0,0.0,0.0
20220325_20220909,971,292,q40,0.0,0.0,0.0
20220325_20220909,1036,1277,unw,0.5664379720022873,0.5664379596710205,1.233126678545915e-08
20220325_20220909,1036,1277,q20,0.0,0.0,0.0
20220325_20220909,1036,1277,q30,0.0,0.0,0.0
20220325_20220909,1036,1277,q40,0.0,0.0,0.0
20220325_20220909,1084,312,unw,0.9999999999999999,1.0,-1.1102230246251565e-16
20220325_20220909,1084,312,q20,0.0,0.0,0.0
20220325_20220909,1084,312,q30,0.0,0.0,0.0
20220325_20220909,1084,312,q40,0.0,0.0,0.0
20220325_20220909,1095,1113,unw,0.0,0.0,0.0
20220325_20220909,1095,1113,q20,0.0,0.0,0.0
20220325_20220909,1095,1113,q30,0.0,0.0,0.0
20220325_20220909,1095,1113,q40,0.0,0.0,0.0
20220325_20220909,1121,1279,unw,1.0,1.0,0.0
20220325_20220909,1121,1279,q20,0.0,0.0,0.0
20220325_20220909,1121,1279,q30,0.0,0.0,0.0
20220325_20220909,1121,1279,q40,0.0,0.0,0.0
20220325_20220909,1122,338,unw,0.9999999999999999,1.0,-1.1102230246251565e-16
20220325_20220909,1122,338,q20,0.9999999999999999,1.0,-1.1102230246251565e-16
20220325_20220909,1122,338,q30,0.5825511606667201,0.5825511813163757,-2.0649655652071885e-08
20220325_20220909,1122,338,q40,0.020205787040050136,0.02020578645169735,5.883527866290539e-10
20220325_20220909,1156,1253,unw,0.5216323957412261,0.5216323733329773,2.240824881205583e-08
20220325_20220909,1156,1253,q20,0.0,0.0,0.0
20220325_20220909,1156,1253,q30,0.0,0.0,0.0
20220325_20220909,1156,1253,q40,0.0,0.0,0.0
20220325_20220909,1203,149,unw,0.3801043972296243,0.3801043927669525,4.462671787663908e-09
20220325_20220909,1203,149,q20,0.0,0.0,0.0
20220325_20220909,1203,149,q30,0.0,0.0,0.0
20220325_20220909,1203,149,q40,0.0,0.0,0.0
20220325_20220909,1203,150,unw,0.6050924307896288,0.6050924062728882,2.4516740637636758e-08
20220325_20220909,1203,150,q20,0.0,0.0,0.0
20220325_20220909,1203,150,q30,0.0,0.0,0.0
20220325_20220909,1203,150,q40,0.0,0.0,0.0
20220325_20220909,1203,151,unw,0.2152394139823104,0.21523942053318024,-6.5508698465777115e-09
20220325_20220909,1203,151,q20,0.0,0.0,0.0
20220325_20220909,1203,151,q30,0.0,0.0,0.0
20220325_20220909,1203,151,q40,0.0,0.0,0.0
20220325_20220909,1203,152,unw,0.0,0.0,0.0
20220325_20220909,1203,152,q20,0.0,0.0,0.0
20220325_20220909,1203,152,q30,0.0,0.0,0.0
20220325_20220909,1203,152,q40,0.0,0.0,0.0
20220325_20220909,1203,153,unw,0.0,0.0,0.0
20220325_20220909,1203,153,q20,0.0,0.0,0.0
20220325_20220909,1203,153,q30,0.0,0.0,0.0
20220325_20220909,1203,153,q40,0.0,0.0,0.0
20220325_20220909,1203,154,unw,0.5310279478558336,0.5310279726982117,-2.4842378043565816e-08
20220325_20220909,1203,154,q20,0.0,0.0,0.0
20220325_20220909,1203,154,q30,0.0,0.0,0.0
20220325_20220909,1203,154,q40,0.0,0.0,0.0
20220325_20220909,1203,155,unw,0.3828156913138267,0.3828156888484955,2.4653312169498065e-09
20220325_20220909,1203,155,q20,0.0,0.0,0.0
20220325_20220909,1203,155,q30,0.0,0.0,0.0
20220325_20220909,1203,155,q40,0.0,0.0,0.0
20220325_20220909,1205,1276,unw,0.2559901878681965,0.2559901773929596,1.0475236900120422e-08
20220325_20220909,1205,1276,q20,0.0,0.0,0.0
20220325_20220909,1205,1276,q30,0.0,0.0,0.0
20220325_20220909,1205,1276,q40,0.0,0.0,0.0
20220325_20220909,1239,142,unw,1.0000000000000002,1.0,2.220446049250313e-16
20220325_20220909,1239,142,q20,0.0,0.0,0.0
20220325_20220909,1239,142,q30,0.0,0.0,0.0
20220325_20220909,1239,142,q40,0.0,0.0,0.0
20220325_20220909,1243,555,unw,0.0,0.0,0.0
20220325_20220909,1243,555,q20,0.0,0.0,0.0
20220325_20220909,1243,555,q30,0.0,0.0,0.0
20220325_20220909,1243,555,q40,0.0,0.0,0.0
20220325_20220909,1259,906,unw,1.0,1.0,0.0
20220325_20220909,1259,906,q20,1.0000000000000002,1.0,2.220446049250313e-16
20220325_20220909,1259,906,q30,1.0000000000000002,1.0,2.220446049250313e-16
20220325_20220909,1259,906,q40,1.0000000000000002,1.0,2.220446049250313e-16
20220325_20220909,1267,829,unw,1.0,1.0,0.0
20220325_20220909,1267,829,q20,0.7670177638745989,0.7670177817344666,-1.785986769586856e-08
20220325_20220909,1267,829,q30,0.0,0.0,0.0
20220325_20220909,1267,829,q40,0.0,0.0,0.0
20220325_20220909,1273,1338,unw,1.0,1.0,0.0
20220325_20220909,1273,1338,q20,0.359648182586273,0.3596481680870056,1.4499267397827253e-08
20220325_20220909,1273,1338,q30,0.12666136627564084,0.12666136026382446,6.011816378048707e-09
20220325_20220909,1273,1338,q40,0.0,0.0,0.0
20220325_20220909,1385,725,unw,0.0854962096809161,0.0854962095618248,1.1909130626097664e-10
20220325_20220909,1385,725,q20,0.0,0.0,0.0
20220325_20220909,1385,725,q30,0.0,0.0,0.0
20220325_20220909,1385,725,q40,0.0,0.0,0.0
20220325_20220909,1444,502,unw,0.9999999999999999,1.0,-1.1102230246251565e-16
20220325_20220909,1444,502,q20,0.07267801234207578,0.07267801463603973,-2.2939639493513297e-09
20220325_20220909,1444,502,q30,0.07267801234207578,0.07267801463603973,-2.2939639493513297e-09
20220325_20220909,1444,502,q40,0.07267801234207578,0.07267801463603973,-2.2939639493513297e-09
20220711_20220828,1,151,unw,0.9407660206040097,0.9407660365104675,-1.5906457817571606e-08
20220711_20220828,1,151,q20,0.0,0.0,0.0
20220711_20220828,1,151,q30,0.0,0.0,0.0
20220711_20220828,1,151,q40,0.0,0.0,0.0
20220711_20220828,122,1389,unw,0.0,0.0,0.0
20220711_20220828,122,1389,q20,0.0,0.0,0.0
20220711_20220828,122,1389,q30,0.0,0.0,0.0
20220711_20220828,122,1389,q40,0.0,0.0,0.0
20220711_20220828,122,1404,unw,0.9999999999999999,1.0,-1.1102230246251565e-16
20220711_20220828,122,1404,q20,0.9999999999999999,1.0,-1.1102230246251565e-16
20220711_20220828,122,1404,q30,0.9999999999999999,1.0,-1.1102230246251565e-16
20220711_20220828,122,1404,q40,0.9999999999999999,1.0,-1.1102230246251565e-16
20220711_20220828,161,1506,unw,1.0,1.0,0.0
20220711_20220828,161,1506,q20,1.0,1.0,0.0
20220711_20220828,161,1506,q30,1.0,1.0,0.0
20220711_20220828,161,1506,q40,1.0,1.0,0.0
20220711_20220828,268,674,unw,0.9909896473510654,0.990989625453949,2.1897116453395427e-08
20220711_20220828,268,674,q20,0.0,0.0,0.0
20220711_20220828,268,674,q30,0.0,0.0,0.0
20220711_20220828,268,674,q40,0.0,0.0,0.0
20220711_20220828,296,1200,unw,1.0,1.0,0.0
20220711_20220828,296,1200,q20,1.0000000000000002,1.0,2.220446049250313e-16
20220711_20220828,296,1200,q30,1.0000000000000002,1.0,2.220446049250313e-16
20220711_20220828,296,1200,q40,0.9730793972775515,0.9730793833732605,1.3904291051858308e-08
20220711_20220828,315,1484,unw,0.6142087092802486,0.6142086982727051,1.100754354332878e-08
20220711_20220828,315,1484,q20,0.0,0.0,0.0
20220711_20220828,315,1484,q30,0.0,0.0,0.0
20220711_20220828,315,1484,q40,0.0,0.0,0.0
20220711_20220828,319,989,unw,1.0,1.0,0.0
20220711_20220828,319,989,q20,1.0,1.0,0.0
20220711_20220828,319,989,q30,1.0,1.0,0.0
20220711_20220828,319,989,q40,1.0,1.0,0.0
20220711_20220828,355,494,unw,1.0,1.0,0.0
20220711_20220828,355,494,q20,0.9999999999999999,1.0,-1.1102230246251565e-16
20220711_20220828,355,494,q30,0.7759622258056267,0.775962233543396,-7.73776931417558e-09
20220711_20220828,355,494,q40,0.0,0.0,0.0
20220711_20220828,360,585,unw,1.0,1.0,0.0
20220711_20220828,360,585,q20,1.0,1.0,0.0
20220711_20220828,360,585,q30,1.0,1.0,0.0
20220711_20220828,360,585,q40,1.0,1.0,0.0
20220711_20220828,377,1190,unw,1.0,1.0,0.0
20220711_20220828,377,1190,q20,0.6451636784696628,0.6451636552810669,2.3188595932310818e-08
20220711_20220828,377,1190,q30,0.03497776135276421,0.034977760165929794,1.1868344154675192e-09
20220711_20220828,377,1190,q40,0.03497776135276421,0.034977760165929794,1.1868344154675192e-09
20220711_20220828,381,1261,unw,0.9999999999999999,1.0,-1.1102230246251565e-16
20220711_20220828,381,1261,q20,0.0,0.0,0.0
20220711_20220828,381,1261,q30,0.0,0.0,0.0
20220711_20220828,381,1261,q40,0.0,0.0,0.0
20220711_20220828,402,544,unw,1.0,1.0,0.0
20220711_20220828,402,544,q20,0.8117366105295682,0.8117365837097168,2.6819851450810006e-08
20220711_20220828,402,544,q30,0.0,0.0,0.0
20220711_20220828,402,544,q40,0.0,0.0,0.0
20220711_20220828,435,730,unw,1.0,1.0,0.0
20220711_20220828,435,730,q20,0.9999999999999999,1.0,-1.1102230246251565e-16
20220711_20220828,435,730,q30,0.9999999999999999,1.0,-1.1102230246251565e-16
20220711_20220828,435,730,q40,0.9999999999999999,1.0,-1.1102230246251565e-16
20220711_20220828,454,815,unw,0.785582883691166,0.7855829000473022,-1.635613622319454e-08
20220711_20220828,454,815,q20,0.696070006460768,0.6960700154304504,-8.969682441239968e-09
20220711_20220828,454,815,q30,0.1064948069536747,0.10649480670690536,2.467693410723726e-10
20220711_20220828,454,815,q40,0.1064948069536747,0.10649480670690536,2.467693410723726e-10
20220711_20220828,455,1154,unw,0.9999999999999999,1.0,-1.1102230246251565e-16
20220711_20220828,455,1154,q20,0.035005245526743084,0.035005245357751846,1.6899123767011304e-10
20220711_20220828,455,1154,q30,0.0,0.0,0.0
20220711_20220828,455,1154,q40,0.0,0.0,0.0
20220711_20220828,475,45,unw,1.0,1.0,0.0
20220711_20220828,475,45,q20,0.7676223484861536,0.7676223516464233,-3.160269712587649e-09
20220711_20220828,475,45,q30,0.0,0.0,0.0
20220711_20220828,475,45,q40,0.0,0.0,0.0
20220711_20220828,477,592,unw,1.0,1.0,0.0
20220711_20220828,477,592,q20,1.0000000000000002,1.0,2.220446049250313e-16
20220711_20220828,477,592,q30,1.0000000000000002,1.0,2.220446049250313e-16
20220711_20220828,477,592,q40,1.0000000000000002,1.0,2.220446049250313e-16
20220711_20220828,488,676,unw,1.0,1.0,0.0
20220711_20220828,488,676,q20,1.0,1.0,0.0
20220711_20220828,488,676,q30,1.0,1.0,0.0
20220711_20220828,488,676,q40,1.0,1.0,0.0
20220711_20220828,543,580,unw,1.0,1.0,0.0
20220711_20220828,543,580,q20,1.0,1.0,0.0
20220711_20220828,543,580,q30,1.0,1.0,0.0
20220711_20220828,543,580,q40,1.0,1.0,0.0
20220711_20220828,554,1068,unw,1.0,1.0,0.0
20220711_20220828,554,1068,q20,0.9999999999999999,1.0,-1.1102230246251565e-16
20220711_20220828,554,1068,q30,0.9999999999999999,1.0,-1.1102230246251565e-16
20220711_20220828,554,1068,q40,0.9999999999999999,1.0,-1.1102230246251565e-16
20220711_20220828,554,1069,unw,0.9999999999999999,1.0,-1.1102230246251565e-16
20220711_20220828,554,1069,q20,1.0,1.0,0.0
20220711_20220828,554,1069,q30,1.0,1.0,0.0
20220711_20220828,554,1069,q40,1.0,1.0,0.0
20220711_20220828,554,1070,unw,1.0,1.0,0.0
20220711_20220828,554,1070,q20,1.0,1.0,0.0
20220711_20220828,554,1070,q30,1.0,1.0,0.0
20220711_20220828,554,1070,q40,1.0,1.0,0.0
20220711_20220828,554,1071,unw,1.0,1.0,0.0
20220711_20220828,554,1071,q20,1.0000000000000002,1.0,2.220446049250313e-16
20220711_20220828,554,1071,q30,1.0000000000000002,1.0,2.220446049250313e-16
20220711_20220828,554,1071,q40,1.0000000000000002,1.0,2.220446049250313e-16
20220711_20220828,554,1072,unw,1.0,1.0,0.0
20220711_20220828,554,1072,q20,1.0000000000000002,1.0,2.220446049250313e-16
20220711_20220828,554,1072,q30,1.0000000000000002,1.0,2.220446049250313e-16
20220711_20220828,554,1072,q40,1.0000000000000002,1.0,2.220446049250313e-16
20220711_20220828,554,1073,unw,1.0000000000000002,1.0,2.220446049250313e-16
20220711_20220828,554,1073,q20,1.0,1.0,0.0
20220711_20220828,554,1073,q30,1.0,1.0,0.0
20220711_20220828,554,1073,q40,1.0,1.0,0.0
20220711_20220828,554,1075,unw,1.0,1.0,0.0
20220711_20220828,554,1075,q20,1.0,1.0,0.0
20220711_20220828,554,1075,q30,1.0,1.0,0.0
20220711_20220828,554,1075,q40,1.0,1.0,0.0
20220711_20220828,569,436,unw,1.0000000000000002,1.0,2.220446049250313e-16
20220711_20220828,569,436,q20,0.0,0.0,0.0
20220711_20220828,569,436,q30,0.0,0.0,0.0
20220711_20220828,569,436,q40,0.0,0.0,0.0
20220711_20220828,576,1364,unw,1.0000000000000002,1.0,2.220446049250313e-16
20220711_20220828,576,1364,q20,0.9999999999999999,1.0,-1.1102230246251565e-16
20220711_20220828,576,1364,q30,0.9999999999999999,1.0,-1.1102230246251565e-16
20220711_20220828,576,1364,q40,0.45223055802936246,0.4522305727005005,-1.4671138026667307e-08
20220711_20220828,626,300,unw,1.0,1.0,0.0
20220711_20220828,626,300,q20,1.0,1.0,0.0
20220711_20220828,626,300,q30,0.03249333538665112,0.032493334263563156,1.1230879629064994e-09
20220711_20220828,626,300,q40,0.0,0.0,0.0
20220711_20220828,632,619,unw,1.0,1.0,0.0
20220711_20220828,632,619,q20,0.967502084331186,0.9675020575523376,2.6778848360997642e-08
20220711_20220828,632,619,q30,0.0,0.0,0.0
20220711_20220828,632,619,q40,0.0,0.0,0.0
20220711_20220828,647,649,unw,1.0,1.0,0.0
20220711_20220828,647,649,q20,1.0,1.0,0.0
20220711_20220828,647,649,q30,1.0,1.0,0.0
20220711_20220828,647,649,q40,1.0,1.0,0.0
20220711_20220828,657,1392,unw,1.0,1.0,0.0
20220711_20220828,657,1392,q20,0.0,0.0,0.0
20220711_20220828,657,1392,q30,0.0,0.0,0.0
20220711_20220828,657,1392,q40,0.0,0.0,0.0
20220711_20220828,677,357,unw,0.09732370113025003,0.0973237007856369,3.4461312969913394e-10
20220711_20220828,677,357,q20,0.0,0.0,0.0
20220711_20220828,677,357,q30,0.0,0.0,0.0
20220711_20220828,677,357,q40,0.0,0.0,0.0
20220711_20220828,690,367,unw,0.646262091966508,0.6462621092796326,-1.7313124600626395e-08
20220711_20220828,690,367,q20,0.0,0.0,0.0
20220711_20220828,690,367,q30,0.0,0.0,0.0
20220711_20220828,690,367,q40,0.0,0.0,0.0
20220711_20220828,692,795,unw,1.0,1.0,0.0
20220711_20220828,692,795,q20,1.0,1.0,0.0
20220711_20220828,692,795,q30,1.0,1.0,0.0
20220711_20220828,692,795,q40,1.0,1.0,0.0
20220711_20220828,702,432,unw,0.9999999999999999,1.0,-1.1102230246251565e-16
20220711_20220828,702,432,q20,0.0,0.0,0.0
20220711_20220828,702,432,q30,0.0,0.0,0.0
20220711_20220828,702,432,q40,0.0,0.0,0.0
20220711_20220828,704,381,unw,1.0000000000000002,1.0,2.220446049250313e-16
20220711_20220828,704,381,q20,0.03255287905585259,0.03255287930369377,-2.478411781359213e-10
20220711_20220828,704,381,q30,0.03255287905585259,0.03255287930369377,-2.478411781359213e-10
20220711_20220828,704,381,q40,0.03255287905585259,0.03255287930369377,-2.478411781359213e-10
20220711_20220828,726,923,unw,1.0000000000000002,1.0,2.220446049250313e-16
20220711_20220828,726,923,q20,1.0000000000000002,1.0,2.220446049250313e-16
20220711_20220828,726,923,q30,1.0000000000000002,1.0,2.220446049250313e-16
20220711_20220828,726,923,q40,1.0000000000000002,1.0,2.220446049250313e-16
20220711_20220828,775,85,unw,1.0,1.0,0.0
20220711_20220828,775,85,q20,0.0,0.0,0.0
20220711_20220828,775,85,q30,0.0,0.0,0.0
20220711_20220828,775,85,q40,0.0,0.0,0.0
20220711_20220828,782,71,unw,0.5276655401891028,0.5276655554771423,-1.528803950101576e-08
20220711_20220828,782,71,q20,0.0,0.0,0.0
20220711_20220828,782,71,q30,0.0,0.0,0.0
20220711_20220828,782,71,q40,0.0,0.0,0.0
20220711_20220828,808,475,unw,1.0,1.0,0.0
20220711_20220828,808,475,q20,0.8326314647522254,0.8326314687728882,-4.020662802695085e-09
20220711_20220828,808,475,q30,0.0,0.0,0.0
20220711_20220828,808,475,q40,0.0,0.0,0.0
20220711_20220828,808,1073,unw,1.0,1.0,0.0
20220711_20220828,808,1073,q20,0.9999999999999999,1.0,-1.1102230246251565e-16
20220711_20220828,808,1073,q30,0.9999999999999999,1.0,-1.1102230246251565e-16
20220711_20220828,808,1073,q40,0.9999999999999999,1.0,-1.1102230246251565e-16
20220711_20220828,809,309,unw,0.575610225222397,0.5756102204322815,4.790115526454031e-09
20220711_20220828,809,309,q20,0.4776352895012149,0.47763529419898987,-4.6977749468268826e-09
20220711_20220828,809,309,q30,0.4776352895012149,0.47763529419898987,-4.6977749468268826e-09
20220711_20220828,809,309,q40,0.36736778769321315,0.36736777424812317,1.344508998579741e-08
20220711_20220828,817,264,unw,0.33272401124344436,0.332724004983902,6.259542384423611e-09
20220711_20220828,817,264,q20,0.1643158956164266,0.16431589424610138,1.3703252144114941e-09
20220711_20220828,817,264,q30,0.0,0.0,0.0
20220711_20220828,817,264,q40,0.0,0.0,0.0
20220711_20220828,819,962,unw,1.0,1.0,0.0
20220711_20220828,819,962,q20,1.0000000000000002,1.0,2.220446049250313e-16
20220711_20220828,819,962,q30,0.03515182772603539,0.035151828080415726,-3.5438033757495546e-10
20220711_20220828,819,962,q40,0.0,0.0,0.0
20220711_20220828,854,1271,unw,0.0,0.0,0.0
20220711_20220828,854,1271,q20,0.0,0.0,0.0
20220711_20220828,854,1271,q30,0.0,0.0,0.0
20220711_20220828,854,1271,q40,0.0,0.0,0.0
20220711_20220828,858,1239,unw,0.9999999999999999,1.0,-1.1102230246251565e-16
20220711_20220828,858,1239,q20,0.0,0.0,0.0
20220711_20220828,858,1239,q30,0.0,0.0,0.0
20220711_20220828,858,1239,q40,0.0,0.0,0.0
20220711_20220828,858,1284,unw,1.0000000000000002,1.0,2.220446049250313e-16
20220711_20220828,858,1284,q20,1.0,1.0,0.0
20220711_20220828,858,1284,q30,1.0,1.0,0.0
20220711_20220828,858,1284,q40,0.3612383013479712,0.3612383008003235,5.476477049626283e-10
20220711_20220828,862,325,unw,1.0,1.0,0.0
20220711_20220828,862,325,q20,1.0,1.0,0.0
20220711_20220828,862,325,q30,0.0,0.0,0.0
20220711_20220828,862,325,q40,0.0,0.0,0.0
20220711_20220828,876,907,unw,1.0,1.0,0.0
20220711_20220828,876,907,q20,1.0,1.0,0.0
20220711_20220828,876,907,q30,0.43268348629971176,0.4326834976673126,-1.1367600860623384e-08
20220711_20220828,876,907,q40,0.0,0.0,0.0
20220711_20220828,914,946,unw,0.9999999999999999,1.0,-1.1102230246251565e-16
20220711_20220828,914,946,q20,0.9999999999999999,1.0,-1.1102230246251565e-16
20220711_20220828,914,946,q30,0.9857644064359911,0.9857643842697144,2.21662767030395e-08
20220711_20220828,914,946,q40,0.0,0.0,0.0
20220711_20220828,916,1096,unw,1.0,1.0,0.0
20220711_20220828,916,1096,q20,0.0,0.0,0.0
20220711_20220828,916,1096,q30,0.0,0.0,0.0
20220711_20220828,916,1096,q40,0.0,0.0,0.0
20220711_20220828,926,1390,unw,0.7517644149080998,0.7517644166946411,-1.7865413592943469e-09
20220711_20220828,926,1390,q20,0.0,0.0,0.0
20220711_20220828,926,1390,q30,0.0,0.0,0.0
20220711_20220828,926,1390,q40,0.0,0.0,0.0
20220711_20220828,943,600,unw,0.9924840924599267,0.9924840927124023,-2.524755959854019e-10
20220711_20220828,943,600,q20,0.6409944248724313,0.6409944295883179,-4.715886570139105e-09
20220711_20220828,943,600,q30,0.0,0.0,0.0
20220711_20220828,943,600,q40,0.0,0.0,0.0
20220711_20220828,958,438,unw,0.12627580594241516,0.12627580761909485,-1.6766796839817744e-09
20220711_20220828,958,438,q20,0.0,0.0,0.0
20220711_20220828,958,438,q30,0.0,0.0,0.0
20220711_20220828,958,438,q40,0.0,0.0,0.0
20220711_20220828,962,497,unw,1.0000000000000002,1.0,2.220446049250313e-16
20220711_20220828,962,497,q20,0.0,0.0,0.0
20220711_20220828,962,497,q30,0.0,0.0,0.0
20220711_20220828,962,497,q40,0.0,0.0,0.0
20220711_20220828,969,839,unw,1.0,1.0,0.0
20220711_20220828,969,839,q20,0.0,0.0,0.0
20220711_20220828,969,839,q30,0.0,0.0,0.0
20220711_20220828,969,839,q40,0.0,0.0,0.0
20220711_20220828,971,292,unw,0.0,0.0,0.0
20220711_20220828,971,292,q20,0.0,0.0,0.0
20220711_20220828,971,292,q30,0.0,0.0,0.0
20220711_20220828,971,292,q40,0.0,0.0,0.0
20220711_20220828,1036,1277,unw,0.5664379720022873,0.5664379596710205,1.233126678545915e-08
20220711_20220828,1036,1277,q20,0.0,0.0,0.0
20220711_20220828,1036,1277,q30,0.0,0.0,0.0
20220711_20220828,1036,1277,q40,0.0,0.0,0.0
20220711_20220828,1084,312,unw,0.9999999999999999,1.0,-1.1102230246251565e-16
20220711_20220828,1084,312,q20,0.0,0.0,0.0
20220711_20220828,1084,312,q30,0.0,0.0,0.0
20220711_20220828,1084,312,q40,0.0,0.0,0.0
20220711_20220828,1095,1113,unw,0.10949946740848586,0.10949946939945221,-1.990966350118306e-09
20220711_20220828,1095,1113,q20,0.0,0.0,0.0
20220711_20220828,1095,1113,q30,0.0,0.0,0.0
20220711_20220828,1095,1113,q40,0.0,0.0,0.0
20220711_20220828,1121,1279,unw,0.8888060908404397,0.8888061046600342,-1.3819594468778007e-08
20220711_20220828,1121,1279,q20,0.0,0.0,0.0
20220711_20220828,1121,1279,q30,0.0,0.0,0.0
20220711_20220828,1121,1279,q40,0.0,0.0,0.0
20220711_20220828,1122,338,unw,0.9999999999999999,1.0,-1.1102230246251565e-16
20220711_20220828,1122,338,q20,0.5825511606667201,0.5825511813163757,-2.0649655652071885e-08
20220711_20220828,1122,338,q30,0.5671287277801602,0.5671287178993225,9.880837703590828e-09
20220711_20220828,1122,338,q40,0.0,0.0,0.0
20220711_20220828,1156,1253,unw,1.0,1.0,0.0
20220711_20220828,1156,1253,q20,0.0,0.0,0.0
20220711_20220828,1156,1253,q30,0.0,0.0,0.0
20220711_20220828,1156,1253,q40,0.0,0.0,0.0
20220711_20220828,1203,149,unw,0.38115522422871956,0.38115522265434265,1.574376906621211e-09
20220711_20220828,1203,149,q20,0.0,0.0,0.0
20220711_20220828,1203,149,q30,0.0,0.0,0.0
20220711_20220828,1203,149,q40,0.0,0.0,0.0
20220711_20220828,1203,150,unw,0.0,0.0,0.0
20220711_20220828,1203,150,q20,0.0,0.0,0.0
20220711_20220828,1203,150,q30,0.0,0.0,0.0
20220711_20220828,1203,150,q40,0.0,0.0,0.0
20220711_20220828,1203,151,unw,0.0235009645593457,0.023500964045524597,5.138211037203355e-10
20220711_20220828,1203,151,q20,0.0,0.0,0.0
20220711_20220828,1203,151,q30,0.0,0.0,0.0
20220711_20220828,1203,151,q40,0.0,0.0,0.0
20220711_20220828,1203,152,unw,0.23874037854165608,0.23874038457870483,-6.03704874979627e-09
20220711_20220828,1203,152,q20,0.0,0.0,0.0
20220711_20220828,1203,152,q30,0.0,0.0,0.0
20220711_20220828,1203,152,q40,0.0,0.0,0.0
20220711_20220828,1203,153,unw,0.02435125972711113,0.02435125969350338,3.360774852856352e-11
20220711_20220828,1203,153,q20,0.0,0.0,0.0
20220711_20220828,1203,153,q30,0.0,0.0,0.0
20220711_20220828,1203,153,q40,0.0,0.0,0.0
20220711_20220828,1203,154,unw,0.0,0.0,0.0
20220711_20220828,1203,154,q20,0.0,0.0,0.0
20220711_20220828,1203,154,q30,0.0,0.0,0.0
20220711_20220828,1203,154,q40,0.0,0.0,0.0
20220711_20220828,1203,155,unw,0.0,0.0,0.0
20220711_20220828,1203,155,q20,0.0,0.0,0.0
20220711_20220828,1203,155,q30,0.0,0.0,0.0
20220711_20220828,1203,155,q40,0.0,0.0,0.0
20220711_20220828,1205,1276,unw,0.45433123729182057,0.45433124899864197,-1.170682140116952e-08
20220711_20220828,1205,1276,q20,0.0,0.0,0.0
20220711_20220828,1205,1276,q30,0.0,0.0,0.0
20220711_20220828,1205,1276,q40,0.0,0.0,0.0
20220711_20220828,1239,142,unw,1.0000000000000002,1.0,2.220446049250313e-16
20220711_20220828,1239,142,q20,0.0,0.0,0.0
20220711_20220828,1239,142,q30,0.0,0.0,0.0
20220711_20220828,1239,142,q40,0.0,0.0,0.0
20220711_20220828,1243,555,unw,0.0,0.0,0.0
20220711_20220828,1243,555,q20,0.0,0.0,0.0
20220711_20220828,1243,555,q30,0.0,0.0,0.0
20220711_20220828,1243,555,q40,0.0,0.0,0.0
20220711_20220828,1259,906,unw,1.0,1.0,0.0
20220711_20220828,1259,906,q20,1.0000000000000002,1.0,2.220446049250313e-16
20220711_20220828,1259,906,q30,1.0000000000000002,1.0,2.220446049250313e-16
20220711_20220828,1259,906,q40,1.0000000000000002,1.0,2.220446049250313e-16
20220711_20220828,1267,829,unw,1.0,1.0,0.0
20220711_20220828,1267,829,q20,1.0,1.0,0.0
20220711_20220828,1267,829,q30,1.0,1.0,0.0
20220711_20220828,1267,829,q40,0.0,0.0,0.0
20220711_20220828,1273,1338,unw,1.0,1.0,0.0
20220711_20220828,1273,1338,q20,0.16513583986443883,0.16513584554195404,-5.677515207969108e-09
20220711_20220828,1273,1338,q30,0.12666136627564084,0.12666136026382446,6.011816378048707e-09
20220711_20220828,1273,1338,q40,0.0,0.0,0.0
20220711_20220828,1385,725,unw,0.7050976758124744,0.7050976753234863,4.88988072255836e-10
20220711_20220828,1385,725,q20,0.0,0.0,0.0
20220711_20220828,1385,725,q30,0.0,0.0,0.0
20220711_20220828,1385,725,q40,0.0,0.0,0.0
20220711_20220828,1444,502,unw,0.9999999999999999,1.0,-1.1102230246251565e-16
20220711_20220828,1444,502,q20,0.07267801234207578,0.07267801463603973,-2.2939639493513297e-09
20220711_20220828,1444,502,q30,0.07267801234207578,0.07267801463603973,-2.2939639493513297e-09
20220711_20220828,1444,502,q40,0.07267801234207578,0.07267801463603973,-2.2939639493513297e-09
20221003_20221027,1,151,unw,0.8319176000984245,0.8319175839424133,1.6156011195533893e-08
20221003_20221027,1,151,q20,0.0,0.0,0.0
20221003_20221027,1,151,q30,0.0,0.0,0.0
20221003_20221027,1,151,q40,0.0,0.0,0.0
20221003_20221027,122,1389,unw,0.0,0.0,0.0
20221003_20221027,122,1389,q20,0.0,0.0,0.0
20221003_20221027,122,1389,q30,0.0,0.0,0.0
20221003_20221027,122,1389,q40,0.0,0.0,0.0
20221003_20221027,122,1404,unw,0.9999999999999999,1.0,-1.1102230246251565e-16
20221003_20221027,122,1404,q20,0.9999999999999999,1.0,-1.1102230246251565e-16
20221003_20221027,122,1404,q30,0.9999999999999999,1.0,-1.1102230246251565e-16
20221003_20221027,122,1404,q40,0.9999999999999999,1.0,-1.1102230246251565e-16
20221003_20221027,161,1506,unw,1.0,1.0,0.0
20221003_20221027,161,1506,q20,1.0,1.0,0.0
20221003_20221027,161,1506,q30,1.0,1.0,0.0
20221003_20221027,161,1506,q40,1.0,1.0,0.0
20221003_20221027,268,674,unw,0.5144384844746729,0.5144385099411011,-2.546642818845868e-08
20221003_20221027,268,674,q20,0.0,0.0,0.0
20221003_20221027,268,674,q30,0.0,0.0,0.0
20221003_20221027,268,674,q40,0.0,0.0,0.0
20221003_20221027,296,1200,unw,1.0,1.0,0.0
20221003_20221027,296,1200,q20,0.9999999999999999,1.0,-1.1102230246251565e-16
20221003_20221027,296,1200,q30,0.3678505471058752,0.36785054206848145,5.037393779883104e-09
20221003_20221027,296,1200,q40,0.0853169335794334,0.08531693369150162,-1.120682158184394e-10
20221003_20221027,315,1484,unw,0.36828986274252123,0.36828985810279846,4.639722772648014e-09
20221003_20221027,315,1484,q20,0.0,0.0,0.0
20221003_20221027,315,1484,q30,0.0,0.0,0.0
20221003_20221027,315,1484,q40,0.0,0.0,0.0
20221003_20221027,319,989,unw,1.0,1.0,0.0
20221003_20221027,319,989,q20,1.0,1.0,0.0
20221003_20221027,319,989,q30,1.0,1.0,0.0
20221003_20221027,319,989,q40,1.0,1.0,0.0
20221003_20221027,355,494,unw,1.0,1.0,0.0
20221003_20221027,355,494,q20,1.0,1.0,0.0
20221003_20221027,355,494,q30,1.0,1.0,0.0
20221003_20221027,355,494,q40,1.0,1.0,0.0
20221003_20221027,360,585,unw,1.0,1.0,0.0
20221003_20221027,360,585,q20,1.0,1.0,0.0
20221003_20221027,360,585,q30,1.0,1.0,0.0
20221003_20221027,360,585,q40,1.0,1.0,0.0
20221003_20221027,377,1190,unw,1.0000000000000002,1.0,2.220446049250313e-16
20221003_20221027,377,1190,q20,0.6319412327680551,0.6319412589073181,-2.6139262976343502e-08
20221003_20221027,377,1190,q30,0.6319412327680551,0.6319412589073181,-2.6139262976343502e-08
20221003_20221027,377,1190,q40,0.6319412327680551,0.6319412589073181,-2.6139262976343502e-08
20221003_20221027,381,1261,unw,1.0,1.0,0.0
20221003_20221027,381,1261,q20,0.0,0.0,0.0
20221003_20221027,381,1261,q30,0.0,0.0,0.0
20221003_20221027,381,1261,q40,0.0,0.0,0.0
20221003_20221027,402,544,unw,1.0,1.0,0.0
20221003_20221027,402,544,q20,0.0,0.0,0.0
20221003_20221027,402,544,q30,0.0,0.0,0.0
20221003_20221027,402,544,q40,0.0,0.0,0.0
20221003_20221027,435,730,unw,1.0,1.0,0.0
20221003_20221027,435,730,q20,1.0,1.0,0.0
20221003_20221027,435,730,q30,0.5677411657208417,0.5677411556243896,1.0096452007779533e-08
20221003_20221027,435,730,q40,0.0,0.0,0.0
20221003_20221027,454,815,unw,0.2570228173842036,0.25702282786369324,-1.04794896649274e-08
20221003_20221027,454,815,q20,0.0247487740948177,0.024748774245381355,-1.5056365529342308e-10
20221003_20221027,454,815,q30,0.0247487740948177,0.024748774245381355,-1.5056365529342308e-10
20221003_20221027,454,815,q40,0.0,0.0,0.0
20221003_20221027,455,1154,unw,0.9999999999999999,1.0,-1.1102230246251565e-16
20221003_20221027,455,1154,q20,0.6115725575428385,0.6115725636482239,-6.1053854194526025e-09
20221003_20221027,455,1154,q30,0.0,0.0,0.0
20221003_20221027,455,1154,q40,0.0,0.0,0.0
20221003_20221027,475,45,unw,0.306834567661766,0.3068345785140991,-1.0852333143240855e-08
20221003_20221027,475,45,q20,0.0,0.0,0.0
20221003_20221027,475,45,q30,0.0,0.0,0.0
20221003_20221027,475,45,q40,0.0,0.0,0.0
20221003_20221027,477,592,unw,1.0000000000000002,1.0,2.220446049250313e-16
20221003_20221027,477,592,q20,1.0000000000000002,1.0,2.220446049250313e-16
20221003_20221027,477,592,q30,1.0000000000000002,1.0,2.220446049250313e-16
20221003_20221027,477,592,q40,1.0000000000000002,1.0,2.220446049250313e-16
20221003_20221027,488,676,unw,1.0,1.0,0.0
20221003_20221027,488,676,q20,1.0000000000000002,1.0,2.220446049250313e-16
20221003_20221027,488,676,q30,1.0000000000000002,1.0,2.220446049250313e-16
20221003_20221027,488,676,q40,0.3676996447552228,0.36769965291023254,-8.155009723065376e-09
20221003_20221027,543,580,unw,1.0,1.0,0.0
20221003_20221027,543,580,q20,1.0,1.0,0.0
20221003_20221027,543,580,q30,1.0,1.0,0.0
20221003_20221027,543,580,q40,0.43234371663359855,0.4323437213897705,-4.7561719562772e-09
20221003_20221027,554,1068,unw,1.0,1.0,0.0
20221003_20221027,554,1068,q20,1.0,1.0,0.0
20221003_20221027,554,1068,q30,1.0,1.0,0.0
20221003_20221027,554,1068,q40,1.0,1.0,0.0
20221003_20221027,554,1069,unw,1.0000000000000002,1.0,2.220446049250313e-16
20221003_20221027,554,1069,q20,1.0000000000000002,1.0,2.220446049250313e-16
20221003_20221027,554,1069,q30,1.0000000000000002,1.0,2.220446049250313e-16
20221003_20221027,554,1069,q40,1.0000000000000002,1.0,2.220446049250313e-16
20221003_20221027,554,1070,unw,1.0,1.0,0.0
20221003_20221027,554,1070,q20,0.9999999999999999,1.0,-1.1102230246251565e-16
20221003_20221027,554,1070,q30,0.9999999999999999,1.0,-1.1102230246251565e-16
20221003_20221027,554,1070,q40,0.9999999999999999,1.0,-1.1102230246251565e-16
20221003_20221027,554,1071,unw,1.0,1.0,0.0
20221003_20221027,554,1071,q20,1.0,1.0,0.0
20221003_20221027,554,1071,q30,1.0,1.0,0.0
20221003_20221027,554,1071,q40,1.0,1.0,0.0
20221003_20221027,554,1072,unw,1.0000000000000002,1.0,2.220446049250313e-16
20221003_20221027,554,1072,q20,1.0000000000000002,1.0,2.220446049250313e-16
20221003_20221027,554,1072,q30,1.0000000000000002,1.0,2.220446049250313e-16
20221003_20221027,554,1072,q40,1.0000000000000002,1.0,2.220446049250313e-16
20221003_20221027,554,1073,unw,1.0000000000000002,1.0,2.220446049250313e-16
20221003_20221027,554,1073,q20,1.0000000000000002,1.0,2.220446049250313e-16
20221003_20221027,554,1073,q30,1.0000000000000002,1.0,2.220446049250313e-16
20221003_20221027,554,1073,q40,1.0000000000000002,1.0,2.220446049250313e-16
20221003_20221027,554,1075,unw,1.0,1.0,0.0
20221003_20221027,554,1075,q20,1.0,1.0,0.0
20221003_20221027,554,1075,q30,1.0,1.0,0.0
20221003_20221027,554,1075,q40,1.0,1.0,0.0
20221003_20221027,569,436,unw,1.0000000000000002,1.0,2.220446049250313e-16
20221003_20221027,569,436,q20,0.0,0.0,0.0
20221003_20221027,569,436,q30,0.0,0.0,0.0
20221003_20221027,569,436,q40,0.0,0.0,0.0
20221003_20221027,576,1364,unw,1.0000000000000002,1.0,2.220446049250313e-16
20221003_20221027,576,1364,q20,1.0000000000000002,1.0,2.220446049250313e-16
20221003_20221027,576,1364,q30,1.0000000000000002,1.0,2.220446049250313e-16
20221003_20221027,576,1364,q40,0.0,0.0,0.0
20221003_20221027,626,300,unw,0.9999999999999998,1.0,-2.220446049250313e-16
20221003_20221027,626,300,q20,0.9999999999999998,1.0,-2.220446049250313e-16
20221003_20221027,626,300,q30,0.08551682544903705,0.08551682531833649,1.307005614847867e-10
20221003_20221027,626,300,q40,0.0,0.0,0.0
20221003_20221027,632,619,unw,1.0000000000000002,1.0,2.220446049250313e-16
20221003_20221027,632,619,q20,1.0000000000000002,1.0,2.220446049250313e-16
20221003_20221027,632,619,q30,1.0000000000000002,1.0,2.220446049250313e-16
20221003_20221027,632,619,q40,0.4323902183728749,0.4323902130126953,5.360179577973412e-09
20221003_20221027,647,649,unw,1.0,1.0,0.0
20221003_20221027,647,649,q20,1.0,1.0,0.0
20221003_20221027,647,649,q30,1.0,1.0,0.0
20221003_20221027,647,649,q40,1.0,1.0,0.0
20221003_20221027,657,1392,unw,0.10023059033171501,0.10023058950901031,8.227046960351814e-10
20221003_20221027,657,1392,q20,0.0,0.0,0.0
20221003_20221027,657,1392,q30,0.0,0.0,0.0
20221003_20221027,657,1392,q40,0.0,0.0,0.0
20221003_20221027,677,357,unw,1.0,1.0,0.0
20221003_20221027,677,357,q20,0.0,0.0,0.0
20221003_20221027,677,357,q30,0.0,0.0,0.0
20221003_20221027,677,357,q40,0.0,0.0,0.0
20221003_20221027,690,367,unw,0.9999999999999999,1.0,-1.1102230246251565e-16
20221003_20221027,690,367,q20,0.0,0.0,0.0
20221003_20221027,690,367,q30,0.0,0.0,0.0
20221003_20221027,690,367,q40,0.0,0.0,0.0
20221003_20221027,692,795,unw,1.0,1.0,0.0
20221003_20221027,692,795,q20,1.0,1.0,0.0
20221003_20221027,692,795,q30,1.0,1.0,0.0
20221003_20221027,692,795,q40,1.0,1.0,0.0
20221003_20221027,702,432,unw,0.9999999999999999,1.0,-1.1102230246251565e-16
20221003_20221027,702,432,q20,0.0,0.0,0.0
20221003_20221027,702,432,q30,0.0,0.0,0.0
20221003_20221027,702,432,q40,0.0,0.0,0.0
20221003_20221027,704,381,unw,1.0000000000000002,1.0,2.220446049250313e-16
20221003_20221027,704,381,q20,0.6324701203828106,0.6324701309204102,-1.0537599570703549e-08
20221003_20221027,704,381,q30,0.6324701203828106,0.6324701309204102,-1.0537599570703549e-08
20221003_20221027,704,381,q40,0.6324701203828106,0.6324701309204102,-1.0537599570703549e-08
20221003_20221027,726,923,unw,1.0,1.0,0.0
20221003_20221027,726,923,q20,1.0,1.0,0.0
20221003_20221027,726,923,q30,1.0,1.0,0.0
20221003_20221027,726,923,q40,1.0,1.0,0.0
20221003_20221027,775,85,unw,0.4328099633216026,0.4328099489212036,1.4400398984371066e-08
20221003_20221027,775,85,q20,0.0,0.0,0.0
20221003_20221027,775,85,q30,0.0,0.0,0.0
20221003_20221027,775,85,q40,0.0,0.0,0.0
20221003_20221027,782,71,unw,0.3882290679805568,0.3882290720939636,-4.113406837369382e-09
20221003_20221027,782,71,q20,0.0,0.0,0.0
20221003_20221027,782,71,q30,0.0,0.0,0.0
20221003_20221027,782,71,q40,0.0,0.0,0.0
20221003_20221027,808,475,unw,1.0,1.0,0.0
20221003_20221027,808,475,q20,0.7674477287660756,0.7674477100372314,1.8728844142223977e-08
20221003_20221027,808,475,q30,0.3319237581732087,0.3319237530231476,5.150061099801206e-09
20221003_20221027,808,475,q40,0.0,0.0,0.0
20221003_20221027,808,1073,unw,1.0,1.0,0.0
20221003_20221027,808,1073,q20,1.0,1.0,0.0
20221003_20221027,808,1073,q30,1.0,1.0,0.0
20221003_20221027,808,1073,q40,1.0,1.0,0.0
20221003_20221027,809,309,unw,0.8380819357463057,0.838081955909729,-2.016342326438547e-08
20221003_20221027,809,309,q20,0.8055284552296043,0.805528461933136,-6.7035317297126085e-09
20221003_20221027,809,309,q30,0.8055284552296043,0.805528461933136,-6.7035317297126085e-09
20221003_20221027,809,309,q40,0.0,0.0,0.0
20221003_20221027,817,264,unw,0.9999999999999999,1.0,-1.1102230246251565e-16
20221003_20221027,817,264,q20,0.0,0.0,0.0
20221003_20221027,817,264,q30,0.0,0.0,0.0
20221003_20221027,817,264,q40,0.0,0.0,0.0
20221003_20221027,819,962,unw,1.0,1.0,0.0
20221003_20221027,819,962,q20,1.0,1.0,0.0
20221003_20221027,819,962,q30,0.7912506627617004,0.7912506461143494,1.6647351053222792e-08
20221003_20221027,819,962,q40,0.4325606381917834,0.43256065249443054,-1.4302647122210743e-08
20221003_20221027,854,1271,unw,0.011712372267072231,0.011712372303009033,-3.593680214519779e-11
20221003_20221027,854,1271,q20,0.0,0.0,0.0
20221003_20221027,854,1271,q30,0.0,0.0,0.0
20221003_20221027,854,1271,q40,0.0,0.0,0.0
20221003_20221027,858,1239,unw,1.0,1.0,0.0
20221003_20221027,858,1239,q20,0.0,0.0,0.0
20221003_20221027,858,1239,q30,0.0,0.0,0.0
20221003_20221027,858,1239,q40,0.0,0.0,0.0
20221003_20221027,858,1284,unw,1.0,1.0,0.0
20221003_20221027,858,1284,q20,1.0,1.0,0.0
20221003_20221027,858,1284,q30,0.23186765950763963,0.23186765611171722,3.3959224043922376e-09
20221003_20221027,858,1284,q40,0.0,0.0,0.0
20221003_20221027,862,325,unw,1.0,1.0,0.0
20221003_20221027,862,325,q20,0.4354094035692764,0.43540939688682556,6.682450814921026e-09
20221003_20221027,862,325,q30,0.0,0.0,0.0
20221003_20221027,862,325,q40,0.0,0.0,0.0
20221003_20221027,876,907,unw,0.9999999999999999,1.0,-1.1102230246251565e-16
20221003_20221027,876,907,q20,0.9999999999999999,1.0,-1.1102230246251565e-16
20221003_20221027,876,907,q30,0.0,0.0,0.0
20221003_20221027,876,907,q40,0.0,0.0,0.0
20221003_20221027,914,946,unw,1.0,1.0,0.0
20221003_20221027,914,946,q20,1.0,1.0,0.0
20221003_20221027,914,946,q30,0.0,0.0,0.0
20221003_20221027,914,946,q40,0.0,0.0,0.0
20221003_20221027,916,1096,unw,1.0,1.0,0.0
20221003_20221027,916,1096,q20,0.0,0.0,0.0
20221003_20221027,916,1096,q30,0.0,0.0,0.0
20221003_20221027,916,1096,q40,0.0,0.0,0.0
20221003_20221027,926,1390,unw,0.0,0.0,0.0
20221003_20221027,926,1390,q20,0.0,0.0,0.0
20221003_20221027,926,1390,q30,0.0,0.0,0.0
20221003_20221027,926,1390,q40,0.0,0.0,0.0
20221003_20221027,943,600,unw,1.0,1.0,0.0
20221003_20221027,943,600,q20,0.1673420249258463,0.16734202206134796,2.8644983329773055e-09
20221003_20221027,943,600,q30,0.0,0.0,0.0
20221003_20221027,943,600,q40,0.0,0.0,0.0
20221003_20221027,958,438,unw,0.9999999999999999,1.0,-1.1102230246251565e-16
20221003_20221027,958,438,q20,0.0,0.0,0.0
20221003_20221027,958,438,q30,0.0,0.0,0.0
20221003_20221027,958,438,q40,0.0,0.0,0.0
20221003_20221027,962,497,unw,0.9880668538862393,0.9880668520927429,1.7934963514321112e-09
20221003_20221027,962,497,q20,0.0,0.0,0.0
20221003_20221027,962,497,q30,0.0,0.0,0.0
20221003_20221027,962,497,q40,0.0,0.0,0.0
20221003_20221027,969,839,unw,0.9999999999999999,1.0,-1.1102230246251565e-16
20221003_20221027,969,839,q20,0.0,0.0,0.0
20221003_20221027,969,839,q30,0.0,0.0,0.0
20221003_20221027,969,839,q40,0.0,0.0,0.0
20221003_20221027,971,292,unw,0.0,0.0,0.0
20221003_20221027,971,292,q20,0.0,0.0,0.0
20221003_20221027,971,292,q30,0.0,0.0,0.0
20221003_20221027,971,292,q40,0.0,0.0,0.0
20221003_20221027,1036,1277,unw,0.0,0.0,0.0
20221003_20221027,1036,1277,q20,0.0,0.0,0.0
20221003_20221027,1036,1277,q30,0.0,0.0,0.0
20221003_20221027,1036,1277,q40,0.0,0.0,0.0
20221003_20221027,1084,312,unw,0.17848219857695033,0.17848220467567444,-6.098724109060427e-09
20221003_20221027,1084,312,q20,0.0,0.0,0.0
20221003_20221027,1084,312,q30,0.0,0.0,0.0
20221003_20221027,1084,312,q40,0.0,0.0,0.0
20221003_20221027,1095,1113,unw,0.36007162240130713,0.3600716292858124,-6.884505243665018e-09
20221003_20221027,1095,1113,q20,0.0,0.0,0.0
20221003_20221027,1095,1113,q30,0.0,0.0,0.0
20221003_20221027,1095,1113,q40,0.0,0.0,0.0
20221003_20221027,1121,1279,unw,0.9999999999999999,1.0,-1.1102230246251565e-16
20221003_20221027,1121,1279,q20,0.5494946871819241,0.5494946837425232,3.439400875215881e-09
20221003_20221027,1121,1279,q30,0.0,0.0,0.0
20221003_20221027,1121,1279,q40,0.0,0.0,0.0
20221003_20221027,1122,338,unw,1.0,1.0,0.0
20221003_20221027,1122,338,q20,1.0,1.0,0.0
20221003_20221027,1122,338,q30,0.6326109381882272,0.6326109170913696,2.109685759421609e-08
20221003_20221027,1122,338,q40,0.0,0.0,0.0
20221003_20221027,1156,1253,unw,0.232825783420257,0.23282578587532043,-2.455063430328863e-09
20221003_20221027,1156,1253,q20,0.0,0.0,0.0
20221003_20221027,1156,1253,q30,0.0,0.0,0.0
20221003_20221027,1156,1253,q40,0.0,0.0,0.0
20221003_20221027,1203,149,unw,0.9999999999999999,1.0,-1.1102230246251565e-16
20221003_20221027,1203,149,q20,0.0,0.0,0.0
20221003_20221027,1203,149,q30,0.0,0.0,0.0
20221003_20221027,1203,149,q40,0.0,0.0,0.0
20221003_20221027,1203,150,unw,0.5648688287823501,0.5648688077926636,2.0989686544403696e-08
20221003_20221027,1203,150,q20,0.0,0.0,0.0
20221003_20221027,1203,150,q30,0.0,0.0,0.0
20221003_20221027,1203,150,q40,0.0,0.0,0.0
20221003_20221027,1203,151,unw,0.7545666366460062,0.7545666098594666,2.6786539653045338e-08
20221003_20221027,1203,151,q20,0.0,0.0,0.0
20221003_20221027,1203,151,q30,0.0,0.0,0.0
20221003_20221027,1203,151,q40,0.0,0.0,0.0
20221003_20221027,1203,152,unw,0.9999999999999999,1.0,-1.1102230246251565e-16
20221003_20221027,1203,152,q20,0.0,0.0,0.0
20221003_20221027,1203,152,q30,0.0,0.0,0.0
20221003_20221027,1203,152,q40,0.0,0.0,0.0
20221003_20221027,1203,153,unw,0.832756198245372,0.8327562212944031,-2.304903112815282e-08
20221003_20221027,1203,153,q20,0.0,0.0,0.0
20221003_20221027,1203,153,q30,0.0,0.0,0.0
20221003_20221027,1203,153,q40,0.0,0.0,0.0
20221003_20221027,1203,154,unw,0.0,0.0,0.0
20221003_20221027,1203,154,q20,0.0,0.0,0.0
20221003_20221027,1203,154,q30,0.0,0.0,0.0
20221003_20221027,1203,154,q40,0.0,0.0,0.0
20221003_20221027,1203,155,unw,0.4186839224088671,0.4186839163303375,6.07852956857613e-09
20221003_20221027,1203,155,q20,0.0,0.0,0.0
20221003_20221027,1203,155,q30,0.0,0.0,0.0
20221003_20221027,1203,155,q40,0.0,0.0,0.0
20221003_20221027,1205,1276,unw,1.0,1.0,0.0
20221003_20221027,1205,1276,q20,0.0,0.0,0.0
20221003_20221027,1205,1276,q30,0.0,0.0,0.0
20221003_20221027,1205,1276,q40,0.0,0.0,0.0
20221003_20221027,1239,142,unw,1.0,1.0,0.0
20221003_20221027,1239,142,q20,0.0,0.0,0.0
20221003_20221027,1239,142,q30,0.0,0.0,0.0
20221003_20221027,1239,142,q40,0.0,0.0,0.0
20221003_20221027,1243,555,unw,0.13955950367602976,0.13955950736999512,-3.6939653558221153e-09
20221003_20221027,1243,555,q20,0.0,0.0,0.0
20221003_20221027,1243,555,q30,0.0,0.0,0.0
20221003_20221027,1243,555,q40,0.0,0.0,0.0
20221003_20221027,1259,906,unw,0.9999999999999999,1.0,-1.1102230246251565e-16
20221003_20221027,1259,906,q20,0.9999999999999999,1.0,-1.1102230246251565e-16
20221003_20221027,1259,906,q30,0.9999999999999999,1.0,-1.1102230246251565e-16
20221003_20221027,1259,906,q40,0.9999999999999999,1.0,-1.1102230246251565e-16
20221003_20221027,1267,829,unw,1.0,1.0,0.0
20221003_20221027,1267,829,q20,1.0000000000000002,1.0,2.220446049250313e-16
20221003_20221027,1267,829,q30,0.5270931586439834,0.5270931720733643,-1.3429380829599324e-08
20221003_20221027,1267,829,q40,0.0,0.0,0.0
20221003_20221027,1273,1338,unw,1.0000000000000002,1.0,2.220446049250313e-16
20221003_20221027,1273,1338,q20,0.19309124056357285,0.1930912435054779,-2.94190505290004e-09
20221003_20221027,1273,1338,q30,0.19309124056357285,0.1930912435054779,-2.94190505290004e-09
20221003_20221027,1273,1338,q40,0.0,0.0,0.0
20221003_20221027,1385,725,unw,0.0,0.0,0.0
20221003_20221027,1385,725,q20,0.0,0.0,0.0
20221003_20221027,1385,725,q30,0.0,0.0,0.0
20221003_20221027,1385,725,q40,0.0,0.0,0.0
20221003_20221027,1444,502,unw,1.0000000000000002,1.0,2.220446049250313e-16
20221003_20221027,1444,502,q20,0.0,0.0,0.0
20221003_20221027,1444,502,q30,0.0,0.0,0.0
20221003_20221027,1444,502,q40,0.0,0.0,0.0
