support,domain,exposure,threshold,below_threshold,share_below
unw,geographic,population,0.0,0.0,0.0
unw,geographic,population,0.01,0.63631393045187,2.8279844810413988e-08
unw,geographic,population,0.02,0.730672022998333,3.247342298954595e-08
unw,geographic,population,0.03,0.9218939977698029,4.097194472870988e-08
unw,geographic,population,0.04,3.5090069764666265,1.5595159556331943e-07
unw,geographic,population,0.05,8.360835841484368,3.715825298915238e-07
unw,geographic,population,0.06,8.390261962898077,3.7289032170170957e-07
unw,geographic,population,0.07,9.052865921035409,4.0233858019509665e-07
unw,geographic,population,0.08,16.849261226020754,7.488355508791334e-07
unw,geographic,population,0.09,18.438345510642975,8.194595853519781e-07
unw,geographic,population,0.1,19.143825291134416,8.508133837750536e-07
unw,geographic,population,0.11,2170.840798194185,9.647917158980117e-05
unw,geographic,population,0.12,3003.887182334122,0.0001335024416078318
unw,geographic,population,0.13,4730.9197425325765,0.00021025734268356497
unw,geographic,population,0.14,6493.194104543887,0.0002885785031768771
unw,geographic,population,0.15,31945.139709655385,0.00141974511353933
unw,geographic,population,0.16,32794.672850725394,0.0014575011082473238
unw,geographic,population,0.17,33346.96119879637,0.0014820465849791561
unw,geographic,population,0.18,33611.83825286124,0.0014938185761682768
unw,geographic,population,0.19,34074.6291642528,0.001514386497955765
unw,geographic,population,0.2,34406.33484193727,0.0015291285688719062
unw,geographic,population,0.21,34761.61037422731,0.0015449181601998295
unw,geographic,population,0.22,34912.322160135205,0.0015516162783968473
unw,geographic,population,0.23,35299.6034076032,0.001568828307007632
unw,geographic,population,0.24,35869.724122964406,0.00159416631169687
unw,geographic,population,0.25,36950.44202304935,0.001642196903258075
unw,geographic,population,0.26,37063.57384806124,0.0016472248467013111
unw,geographic,population,0.27,37285.14512323944,0.0016570721893047259
unw,geographic,population,0.28,37389.829631696324,0.0016617247067360395
unw,geographic,population,0.29,37477.523822453004,0.0016656221196114935
unw,geographic,population,0.3,37547.706545908804,0.0016687412663607918
unw,geographic,population,0.31,37705.42140523134,0.001675750623743193
unw,geographic,population,0.32,37890.77803727507,0.001683988470720793
unw,geographic,population,0.33,38111.53659950169,0.0016937996937375602
unw,geographic,population,0.34,38372.7494473659,0.0017054088357766797
unw,geographic,population,0.35000000000000003,38558.26421546748,0.0017136537108310842
unw,geographic,population,0.36,38890.587184660006,0.0017284232161741883
unw,geographic,population,0.37,39841.66983975106,0.0017706923990423859
unw,geographic,population,0.38,40496.40627420746,0.0017997909993904906
unw,geographic,population,0.39,40677.80033806903,0.0018078527370486504
unw,geographic,population,0.4,40889.828594821454,0.0018172759571125632
unw,geographic,population,0.41000000000000003,41372.266243784274,0.0018387170433287346
unw,geographic,population,0.42,41597.37926293144,0.0018487217924653201
unw,geographic,population,0.43,41827.8528807527,0.0018589647839086336
unw,geographic,population,0.44,42338.601871841216,0.0018816641175454154
unw,geographic,population,0.45,42705.69413002244,0.0018979788823111298
unw,geographic,population,0.46,43227.884120346665,0.001921186690880453
unw,geographic,population,0.47000000000000003,44108.250007041606,0.0019603129923185425
unw,geographic,population,0.48,44932.288767615806,0.00199693593447267
unw,geographic,population,0.49,46716.71409759821,0.0020762415554761867
unw,geographic,population,0.5,47967.324064456116,0.0021318226988215525
unw,geographic,population,0.51,49493.01301642773,0.00219962924009919
unw,geographic,population,0.52,51085.315560707495,0.002270396304418341
unw,geographic,population,0.53,52820.196387276854,0.0023475000077823444
unw,geographic,population,0.54,55444.02565425186,0.002464111448972045
unw,geographic,population,0.55,57712.66338096681,0.002564937031710724
unw,geographic,population,0.56,60665.04427634468,0.002696150367686609
unw,geographic,population,0.5700000000000001,63667.416997398315,0.002829585501747122
unw,geographic,population,0.58,66919.87507284275,0.002974135236122148
unw,geographic,population,0.59,71125.41583750959,0.003161043041337397
unw,geographic,population,0.6,75938.85928611502,0.0033749680038690196
unw,geographic,population,0.61,81598.3251790147,0.0036264929344129375
unw,geographic,population,0.62,88260.93500418134,0.003922600819013625
unw,geographic,population,0.63,94080.14249956561,0.0041812251819475
unw,geographic,population,0.64,100326.95347908753,0.004458853623832181
unw,geographic,population,0.65,107170.38840696776,0.0047629979596212554
unw,geographic,population,0.66,115072.24543925554,0.005114181989850623
unw,geographic,population,0.67,123354.47460152923,0.005482270985210282
unw,geographic,population,0.68,132103.26101129194,0.005871095290489675
unw,geographic,population,0.6900000000000001,142048.53724324744,0.006313095465209524
unw,geographic,population,0.7000000000000001,152364.21182179672,0.006771557337934739
unw,geographic,population,0.71,163267.60701251728,0.007256139411568148
unw,geographic,population,0.72,175802.63320958137,0.007813236433309776
unw,geographic,population,0.73,188725.44019234466,0.008387567684753473
unw,geographic,population,0.74,201895.97337780127,0.008972908688195943
unw,geographic,population,0.75,216650.99229608648,0.00962866935162745
unw,geographic,population,0.76,232603.96113184455,0.010337670775846205
unw,geographic,population,0.77,249490.8505098465,0.011088178643246484
unw,geographic,population,0.78,268179.9565907969,0.01191878283768761
unw,geographic,population,0.79,288115.039732846,0.012804762274189184
unw,geographic,population,0.8,309009.2403960089,0.013733367988938011
unw,geographic,population,0.81,332034.91228192404,0.014756703164276352
unw,geographic,population,0.8200000000000001,358097.999960075,0.015915030900862142
unw,geographic,population,0.8300000000000001,386549.55226021295,0.017179509714160945
unw,geographic,population,0.84,415186.9736103772,0.018452249147946354
unw,geographic,population,0.85,448138.7597690265,0.01991673287869038
unw,geographic,population,0.86,487032.6308846871,0.02164530204335732
unw,geographic,population,0.87,527900.0619019064,0.023461582579831726
unw,geographic,population,0.88,572504.0510634141,0.025443927820202408
unw,geographic,population,0.89,623767.2799384948,0.02772223116653732
unw,geographic,population,0.9,691246.9569191763,0.03072124580623784
unw,geographic,population,0.91,756969.4545572397,0.033642165724551365
unw,geographic,population,0.92,837657.7688616904,0.03722821483858434
unw,geographic,population,0.93,975976.6931331893,0.04337555426578123
unw,geographic,population,0.9400000000000001,1094940.227005826,0.048662677672976634
unw,geographic,population,0.9500000000000001,1250205.3710105782,0.055563161800053426
unw,geographic,population,0.96,1436033.597280806,0.06382196794717741
unw,geographic,population,0.97,2236487.826926843,0.09939673742637808
unw,geographic,population,0.98,2712964.778256582,0.12057291100122867
unw,geographic,population,0.99,3183701.0848014713,0.14149395179356736
unw,geographic,population,1.0,4164156.230067868,0.18506854292661948
unw,geographic,builtup_m2,0.0,0.0,0.0
unw,geographic,builtup_m2,0.01,202.0,1.6113298941693043e-07
unw,geographic,builtup_m2,0.02,234.0,1.8665900754238477e-07
unw,geographic,builtup_m2,0.03,279.0,2.225549705313049e-07
unw,geographic,builtup_m2,0.04,837.0,6.676649115939147e-07
unw,geographic,builtup_m2,0.05,2014.0,1.6065437657707816e-06
unw,geographic,builtup_m2,0.06,2028.0,1.617711398700668e-06
unw,geographic,builtup_m2,0.07,2365.0,1.8865322770843587e-06
unw,geographic,builtup_m2,0.08,4371.0,3.486694538323777e-06
unw,geographic,builtup_m2,0.09,4834.0,3.8560241130764444e-06
unw,geographic,builtup_m2,0.1,4970.0,3.964509690109625e-06
unw,geographic,builtup_m2,0.11,163353.0,0.0001303047387139794
unw,geographic,builtup_m2,0.12,243061.0,0.00019388685911222043
unw,geographic,builtup_m2,0.13,364390.0,0.00029066955452294695
unw,geographic,builtup_m2,0.14,498445.0,0.00039760362826694005
unw,geographic,builtup_m2,0.15,2407703.0,0.0019205959505847112
unw,geographic,builtup_m2,0.16,2443060.0,0.0019487998075491389
unw,geographic,builtup_m2,0.17,2465424.0,0.0019666393034665657
unw,geographic,builtup_m2,0.18,2479184.0,0.0019776154912605113
unw,geographic,builtup_m2,0.19,2513051.0,0.0020046307930059724
unw,geographic,builtup_m2,0.2,2534843.0,0.002022014011349407
unw,geographic,builtup_m2,0.21,2558824.0,0.0020411433688702356
unw,geographic,builtup_m2,0.22,2572386.0,0.00205196161442703
unw,geographic,builtup_m2,0.23,2610321.0,0.0020822219112266896
unw,geographic,builtup_m2,0.24,2663545.0,0.002124678060873851
unw,geographic,builtup_m2,0.25,2717395.0,0.0021676335632505924
unw,geographic,builtup_m2,0.26,2722638.0,0.002171815841782835
unw,geographic,builtup_m2,0.27,2735999.0,0.0021824737520382783
unw,geographic,builtup_m2,0.28,2749355.0,0.0021931276738533898
unw,geographic,builtup_m2,0.29,2759209.0,0.002200988092059897
unw,geographic,builtup_m2,0.3,2766387.0,0.002206713897000663
unw,geographic,builtup_m2,0.31,2778740.0,0.0022165677376851547
unw,geographic,builtup_m2,0.32,2791269.0,0.0022265619714693366
unw,geographic,builtup_m2,0.33,2803737.0,0.0022365075462814667
unw,geographic,builtup_m2,0.34,2830511.0,0.002257864846571808
unw,geographic,builtup_m2,0.35000000000000003,2845068.0,0.0022694767917546903
unw,geographic,builtup_m2,0.36,2876586.0,0.00229461832423213
unw,geographic,builtup_m2,0.37,2956867.0,0.00235865751989243
unw,geographic,builtup_m2,0.38,2980518.0,0.00237752364035134
unw,geographic,builtup_m2,0.39,3000709.0,0.0023936297601004353
unw,geographic,builtup_m2,0.4,3019081.0,0.002408284885256712
unw,geographic,builtup_m2,0.41000000000000003,3053787.0,0.0024359694472898996
unw,geographic,builtup_m2,0.42,3075754.0,0.0024534922610449576
unw,geographic,builtup_m2,0.43,3098940.0,0.002471987456552982
unw,geographic,builtup_m2,0.44,3138127.0,0.0025032464588118004
unw,geographic,builtup_m2,0.45,3181505.0,0.0025378485717569865
unw,geographic,builtup_m2,0.46,3229471.0,0.00257611047755091
unw,geographic,builtup_m2,0.47000000000000003,3331292.0,0.0026573318741619062
unw,geographic,builtup_m2,0.48,3412057.0,0.0027217571508463536
unw,geographic,builtup_m2,0.49,3554564.0,0.0028354332841277322
unw,geographic,builtup_m2,0.5,3678183.0,0.0029340426852105615
unw,geographic,builtup_m2,0.51,3823095.0,0.0030496372582916815
unw,geographic,builtup_m2,0.52,3994356.0,0.003186250114234914
unw,geographic,builtup_m2,0.53,4183841.0,0.0033374000375005924
unw,geographic,builtup_m2,0.54,4442509.0,0.0035437364142654366
unw,geographic,builtup_m2,0.55,4700843.0,0.0037498063632160966
unw,geographic,builtup_m2,0.56,5039787.0,0.004020177947200909
unw,geographic,builtup_m2,0.5700000000000001,5386885.0,0.004297053879679313
unw,geographic,builtup_m2,0.58,5799874.0,0.004626490276542228
unw,geographic,builtup_m2,0.59,6300588.0,0.005025903859031876
unw,geographic,builtup_m2,0.6,6835249.0,0.005452396558312298
unw,geographic,builtup_m2,0.61,7447138.0,0.00594049311158624
unw,geographic,builtup_m2,0.62,8147977.0,0.00649954401836828
unw,geographic,builtup_m2,0.63,8901310.0,0.007100468762508996
unw,geographic,builtup_m2,0.64,9693400.0,0.007732309503039968
unw,geographic,builtup_m2,0.65,10597898.0,0.00845381676374113
unw,geographic,builtup_m2,0.66,11629285.0,0.009276541865502317
unw,geographic,builtup_m2,0.67,12708014.0,0.010137031115703979
unw,geographic,builtup_m2,0.68,13844301.0,0.01104343369563267
unw,geographic,builtup_m2,0.6900000000000001,15112967.0,0.012055433424106034
unw,geographic,builtup_m2,0.7000000000000001,16465518.0,0.013134347216031078
unw,geographic,builtup_m2,0.71,17914294.0,0.014290018542147427
unw,geographic,builtup_m2,0.72,19569877.0,0.015610657344215993
unw,geographic,builtup_m2,0.73,21331193.0,0.01701563809861139
unw,geographic,builtup_m2,0.74,23182644.0,0.018492518466873595
unw,geographic,builtup_m2,0.75,25204324.0,0.020105188476994485
unw,geographic,builtup_m2,0.76,27367028.0,0.021830351648994252
unw,geographic,builtup_m2,0.77,29692500.0,0.023685352912189143
unw,geographic,builtup_m2,0.78,32202302.0,0.025687392016667317
unw,geographic,builtup_m2,0.79,34937116.0,0.027868920508346887
unw,geographic,builtup_m2,0.8,37808507.0,0.03015939484307396
unw,geographic,builtup_m2,0.81,41006161.0,0.032710125279415574
unw,geographic,builtup_m2,0.8200000000000001,44524419.0,0.03551659770060384
unw,geographic,builtup_m2,0.8300000000000001,48489828.0,0.03867975713838009
unw,geographic,builtup_m2,0.84,52608348.0,0.041965051393694025
unw,geographic,builtup_m2,0.85,57166671.0,0.04560117125368388
unw,geographic,builtup_m2,0.86,62501548.0,0.0498567389724048
unw,geographic,builtup_m2,0.87,68140798.0,0.05435510140096631
unw,geographic,builtup_m2,0.88,74512502.0,0.05943773364452974
unw,geographic,builtup_m2,0.89,81565156.0,0.06506355157692217
unw,geographic,builtup_m2,0.9,90860538.0,0.0724783668711416
unw,geographic,builtup_m2,0.91,100186546.0,0.07991761216008324
unw,geographic,builtup_m2,0.92,111199376.0,0.08870241522860034
unw,geographic,builtup_m2,0.93,130335629.0,0.10396717588270282
unw,geographic,builtup_m2,0.9400000000000001,146087343.0,0.11653213016617073
unw,geographic,builtup_m2,0.9500000000000001,165932129.0,0.1323620791390383
unw,geographic,builtup_m2,0.96,189378986.0,0.15106535716300504
unw,geographic,builtup_m2,0.97,278413829.0,0.22208738891972316
unw,geographic,builtup_m2,0.98,323689500.0,0.2582032513756015
unw,geographic,builtup_m2,0.99,365744477.0,0.2917500046620879
unw,geographic,builtup_m2,1.0,449790665.0,0.35879264585781734
unw,geographic,area_m2,0.0,0.0,0.0
unw,geographic,area_m2,0.01,6088094.752263732,0.0004042333869067678
unw,geographic,area_m2,0.02,7549562.98942652,0.0005012710118789004
unw,geographic,area_m2,0.03,9812795.037350763,0.0006515436330052684
unw,geographic,area_m2,0.04,13921642.349637158,0.0009243602255378856
unw,geographic,area_m2,0.05,15959342.425250009,0.001059658120295335
unw,geographic,area_m2,0.06,17729798.277817134,0.0011772117055751977
unw,geographic,area_m2,0.07,19191304.984151028,0.0012742518847985306
unw,geographic,area_m2,0.08,24009904.983302683,0.001594194178252777
unw,geographic,area_m2,0.09,25362674.170423765,0.0016840144738402827
unw,geographic,area_m2,0.1,26999484.280626643,0.0017926943353559937
unw,geographic,area_m2,0.11,41813651.71279319,0.0027763158654055976
unw,geographic,area_m2,0.12,43817819.27003991,0.0029093872896460414
unw,geographic,area_m2,0.13,45638138.35517125,0.0030302516616665435
unw,geographic,area_m2,0.14,47124568.66000277,0.0031289467019005156
unw,geographic,area_m2,0.15,54766247.59535444,0.003636333968917462
unw,geographic,area_m2,0.16,55384119.9011027,0.003677359055581175
unw,geographic,area_m2,0.17,55901822.63101602,0.0037117331473848427
unw,geographic,area_m2,0.18,56344392.493507914,0.0037411186155383138
unw,geographic,area_m2,0.19,56903766.307261795,0.003778259557077801
unw,geographic,area_m2,0.2,57329605.035034806,0.003806534122144277
unw,geographic,area_m2,0.21,57813712.869188935,0.0038386776017370447
unw,geographic,area_m2,0.22,58314566.95805104,0.0038719329883440865
unw,geographic,area_m2,0.23,58873799.42962054,0.003909064545136419
unw,geographic,area_m2,0.24,59474719.356627725,0.003948964038695313
unw,geographic,area_m2,0.25,60217590.496001326,0.0039982887172563064
unw,geographic,area_m2,0.26,60868355.16884837,0.004041497770086245
unw,geographic,area_m2,0.27,61610363.589301646,0.004090765166393052
unw,geographic,area_m2,0.28,62410658.70532592,0.004143902645101829
unw,geographic,area_m2,0.29,63394424.24816631,0.004209222074822709
unw,geographic,area_m2,0.3,64752612.06151838,0.004299402152858232
unw,geographic,area_m2,0.31,66535409.474928305,0.004417775185131318
unw,geographic,area_m2,0.32,68959383.80011852,0.0045787206682617095
unw,geographic,area_m2,0.33,71841294.88390094,0.004770071940797071
unw,geographic,area_m2,0.34,75713730.2443912,0.005027191405103447
unw,geographic,area_m2,0.35000000000000003,80834840.35256974,0.005367219569576702
unw,geographic,area_m2,0.36,87646238.09313753,0.005819478361576454
unw,geographic,area_m2,0.37,96714170.6957149,0.006421565099273693
unw,geographic,area_m2,0.38,108137972.34914684,0.0071800753100421544
unw,geographic,area_m2,0.39,123123826.19521686,0.008175096363818336
unw,geographic,area_m2,0.4,141889118.9223432,0.00942106216166711
unw,geographic,area_m2,0.41000000000000003,165657743.20969155,0.010999235939960675
unw,geographic,area_m2,0.42,195477377.68731746,0.01297918078834374
unw,geographic,area_m2,0.43,231407990.1760675,0.015364878411489546
unw,geographic,area_m2,0.44,274614456.7209567,0.01823367349737751
unw,geographic,area_m2,0.45,325270049.292362,0.021597070846489833
unw,geographic,area_m2,0.46,386241085.11643267,0.025645386340464964
unw,geographic,area_m2,0.47000000000000003,456395242.1033374,0.030303436787833742
unw,geographic,area_m2,0.48,537453966.9448378,0.03568552169524092
unw,geographic,area_m2,0.49,630134676.4838918,0.04183927564329893
unw,geographic,area_m2,0.5,732621583.6983523,0.0486441351769809
unw,geographic,area_m2,0.51,847431189.156131,0.05626718927717719
unw,geographic,area_m2,0.52,974017673.3802643,0.06467219697445635
unw,geographic,area_m2,0.53,1109109888.4441762,0.07364196269955738
unw,geographic,area_m2,0.54,1256137434.1325405,0.08340420280597127
unw,geographic,area_m2,0.55,1409912101.984635,0.09361443397610907
unw,geographic,area_m2,0.56,1574628409.4068744,0.10455116107013308
unw,geographic,area_m2,0.5700000000000001,1742209095.8798914,0.11567807535607787
unw,geographic,area_m2,0.58,1919001695.6793494,0.1274166363189168
unw,geographic,area_m2,0.59,2101125947.203965,0.13950920485265736
unw,geographic,area_m2,0.6,2284576413.870947,0.15168983056365629
unw,geographic,area_m2,0.61,2472084782.414725,0.1641398902250356
unw,geographic,area_m2,0.62,2662447010.347439,0.17677943860061673
unw,geographic,area_m2,0.63,2852252668.8638053,0.18938203223922778
unw,geographic,area_m2,0.64,3043608502.5500045,0.2020875534084866
unw,geographic,area_m2,0.65,3234228918.0814447,0.21474424475764772
unw,geographic,area_m2,0.66,3425315356.281737,0.22743187877926566
unw,geographic,area_m2,0.67,3617280974.2455745,0.2401778880115167
unw,geographic,area_m2,0.68,3807248818.240917,0.2527912503369077
unw,geographic,area_m2,0.6900000000000001,3995618254.833711,0.2652984826389857
unw,geographic,area_m2,0.7000000000000001,4182776436.915858,0.27772529084564984
unw,geographic,area_m2,0.71,4364653627.810931,0.2898014552071304
unw,geographic,area_m2,0.72,4550353426.028239,0.30213143058298575
unw,geographic,area_m2,0.73,4734635170.282129,0.3143672509268032
unw,geographic,area_m2,0.74,4916080763.032992,0.32641475831320105
unw,geographic,area_m2,0.75,5096779023.838764,0.3384126448353383
unw,geographic,area_m2,0.76,5276556138.529465,0.3503493696921134
unw,geographic,area_m2,0.77,5456969142.806065,0.36232831593529363
unw,geographic,area_m2,0.78,5634040767.017755,0.3740854033810104
unw,geographic,area_m2,0.79,5814715751.266988,0.3860817444013662
unw,geographic,area_m2,0.8,5994510901.768956,0.3980196667882999
unw,geographic,area_m2,0.81,6176778275.989657,0.4101217382904626
unw,geographic,area_m2,0.8200000000000001,6359214055.757177,0.4222349914754563
unw,geographic,area_m2,0.8300000000000001,6548116890.389253,0.4347776399963617
unw,geographic,area_m2,0.84,6733717290.924641,0.44710101562907106
unw,geographic,area_m2,0.85,6924928364.572999,0.4597969251147464
unw,geographic,area_m2,0.86,7125090028.755326,0.4730871301351646
unw,geographic,area_m2,0.87,7321010715.223998,0.48609574545391965
unw,geographic,area_m2,0.88,7526764184.453075,0.4997572315376179
unw,geographic,area_m2,0.89,7735127207.904253,0.5135919851186928
unw,geographic,area_m2,0.9,7974381400.026975,0.5294778305841316
unw,geographic,area_m2,0.91,8204832371.303432,0.5447791654722587
unw,geographic,area_m2,0.92,8450047207.587791,0.5610607819425276
unw,geographic,area_m2,0.93,8787603942.033314,0.5834736561816095
unw,geographic,area_m2,0.9400000000000001,9063021555.170183,0.6017606571404396
unw,geographic,area_m2,0.9500000000000001,9376738588.782303,0.6225906383065865
unw,geographic,area_m2,0.96,9715001404.462187,0.6450503944718557
unw,geographic,area_m2,0.97,10603717590.269083,0.7040587983167543
unw,geographic,area_m2,0.98,11028604901.150093,0.7322701918183546
unw,geographic,area_m2,0.99,11386616236.686003,0.7560411974619321
unw,geographic,area_m2,1.0,11969730113.10024,0.794758416363234
unw,inherited_strong,population,0.0,0.0,0.0
unw,inherited_strong,population,0.01,0.63631393045187,3.082524661155267e-08
unw,inherited_strong,population,0.02,0.730672022998333,3.5396278822767846e-08
unw,inherited_strong,population,0.03,0.9218939977698029,4.465973236006945e-08
unw,inherited_strong,population,0.04,3.5090069764666265,1.6998842903601038e-07
unw,inherited_strong,population,0.05,8.360835841484368,4.0502779266429735e-07
unw,inherited_strong,population,0.06,8.390261962898077,4.06453295715527e-07
unw,inherited_strong,population,0.07,9.052865921035409,4.385521221562269e-07
unw,inherited_strong,population,0.08,16.849261226020754,8.162364638877688e-07
unw,inherited_strong,population,0.09,18.438345510642975,8.93217200307035e-07
unw,inherited_strong,population,0.1,19.141209167279303,9.272663457260685e-07
unw,inherited_strong,population,0.11,2136.574323464781,0.00010350304664545574
unw,inherited_strong,population,0.12,2886.820815485698,0.00013984758041917658
unw,inherited_strong,population,0.13,4576.751157484185,0.00022171364849575643
unw,inherited_strong,population,0.14,6148.013837337979,0.00029783104476842196
unw,inherited_strong,population,0.15,27349.004170119428,0.0013248803110842474
unw,inherited_strong,population,0.16,28190.205129926464,0.0013656309937190164
unw,inherited_strong,population,0.17,28742.493477997446,0.0013923857506326132
unw,inherited_strong,population,0.18,29007.370532062316,0.0014052173108461275
unw,inherited_strong,population,0.19,29424.488804141132,0.0014254239619780357
unw,inherited_strong,population,0.2,29756.194481825605,0.0014414929317549743
unw,inherited_strong,population,0.21,30047.053684922532,0.0014555831570912882
unw,inherited_strong,population,0.22,30197.765470830425,0.0014628841570310182
unw,inherited_strong,population,0.23,30545.214415136797,0.0014797157850696529
unw,inherited_strong,population,0.24,31062.126298176834,0.001504756783716085
unw,inherited_strong,population,0.25,32047.713165699526,0.0015525020188815637
unw,inherited_strong,population,0.26,32160.84499071142,0.0015579825155966525
unw,inherited_strong,population,0.27,32382.416265889613,0.0015687161941671558
unw,inherited_strong,population,0.28,32487.1007743465,0.001573787473664842
unw,inherited_strong,population,0.29,32574.794965103178,0.00157803568343538
unw,inherited_strong,population,0.3,32644.97768855898,0.0015814355771904317
unw,inherited_strong,population,0.31,32779.19058404854,0.0015879373138394757
unw,inherited_strong,population,0.32,32964.54721609228,0.0015969166298977892
unw,inherited_strong,population,0.33,33185.305778318885,0.0016076109378432627
unw,inherited_strong,population,0.34,33446.518626183104,0.0016202649912407776
unw,inherited_strong,population,0.35000000000000003,33619.7444732718,0.001628656650138159
unw,inherited_strong,population,0.36,33907.138726644014,0.0016425790213310237
unw,inherited_strong,population,0.37,34729.15606450485,0.0016824003829984293
unw,inherited_strong,population,0.38,35383.892498961235,0.0017141180793929659
unw,inherited_strong,population,0.39,35565.28656282281,0.001722905434949419
unw,inherited_strong,population,0.4,35697.43632611303,0.001729307226342209
unw,inherited_strong,population,0.41000000000000003,36108.1194014927,0.0017492021342986946
unw,inherited_strong,population,0.42,36333.23242063986,0.0017601073871913266
unw,inherited_strong,population,0.43,36563.05320233146,0.001771240700376962
unw,inherited_strong,population,0.44,37021.976038425935,0.0017934725091136331
unw,inherited_strong,population,0.45,37388.541761888795,0.0018112302200238134
unw,inherited_strong,population,0.46,37910.59968685528,0.0018365205107317027
unw,inherited_strong,population,0.47000000000000003,38764.97314921261,0.0018779093149290716
unw,inherited_strong,population,0.48,39580.998143557386,0.0019174403867602443
unw,inherited_strong,population,0.49,41303.70027135415,0.0020008940334372417
unw,inherited_strong,population,0.5,42553.80294948838,0.0020614533289344894
unw,inherited_strong,population,0.51,44078.827355034504,0.0021353307833479307
unw,inherited_strong,population,0.52,45665.36338714612,0.002212188073605941
unw,inherited_strong,population,0.53,47379.34195169411,0.002295219120720669
unw,inherited_strong,population,0.54,49997.22274920372,0.0024220383169082744
unw,inherited_strong,population,0.55,52261.3542478987,0.0025317206741037154
unw,inherited_strong,population,0.56,55181.50082157652,0.002673182669461222
unw,inherited_strong,population,0.5700000000000001,58173.572046639885,0.00281812894358477
unw,inherited_strong,population,0.58,61414.94846864079,0.0029751524233286378
unw,inherited_strong,population,0.59,65608.15258835153,0.003178285727342385
unw,inherited_strong,population,0.6,70259.31710431262,0.0034036042161794734
unw,inherited_strong,population,0.61,75839.18931148892,0.0036739125162429565
unw,inherited_strong,population,0.62,82450.68724626335,0.003994196333016332
unw,inherited_strong,population,0.63,88207.40348782694,0.004273071569478487
unw,inherited_strong,population,0.64,94385.72612353915,0.004572370877221635
unw,inherited_strong,population,0.65,101190.78476514934,0.004902031443798809
unw,inherited_strong,population,0.66,109067.57739221424,0.00528361050975594
unw,inherited_strong,population,0.67,117276.0978019288,0.005681259616330943
unw,inherited_strong,population,0.68,125978.80233891429,0.006102848710490098
unw,inherited_strong,population,0.6900000000000001,135887.48694336062,0.006582859648347848
unw,inherited_strong,population,0.7000000000000001,146168.32643177957,0.007080899055373331
unw,inherited_strong,population,0.71,156980.71198177215,0.007604688391245681
unw,inherited_strong,population,0.72,169457.3668617473,0.008209100687059085
unw,inherited_strong,population,0.73,182278.79564505315,0.008830215022678297
unw,inherited_strong,population,0.74,195365.5091239267,0.00946418066607469
unw,inherited_strong,population,0.75,209909.2977320499,0.01016873206603119
unw,inherited_strong,population,0.76,225777.49987703466,0.010937442636384046
unw,inherited_strong,population,0.77,242583.22989541147,0.011751570298080464
unw,inherited_strong,population,0.78,261077.17011809375,0.012647480698436873
unw,inherited_strong,population,0.79,280780.04918383074,0.013601956275810517
unw,inherited_strong,population,0.8,301585.08643686125,0.014609824206081635
unw,inherited_strong,population,0.81,324478.67471301835,0.015718868768306995
unw,inherited_strong,population,0.8200000000000001,350197.6456494473,0.016964784634313237
unw,inherited_strong,population,0.8300000000000001,378448.35097621585,0.018333346466724378
unw,inherited_strong,population,0.84,406855.9183107135,0.019709507237082386
unw,inherited_strong,population,0.85,439542.2319760195,0.02129294527189032
unw,inherited_strong,population,0.86,477866.5497897287,0.023149507718964492
unw,inherited_strong,population,0.87,518153.0886513653,0.025101126937255015
unw,inherited_strong,population,0.88,562437.5908130273,0.027246421319280685
unw,inherited_strong,population,0.89,613116.9319553315,0.029701503809323224
unw,inherited_strong,population,0.9,679818.4375798426,0.032932755337601594
unw,inherited_strong,population,0.91,745082.7094320777,0.03609438229324583
unw,inherited_strong,population,0.92,824947.2364463913,0.03996329608393242
unw,inherited_strong,population,0.93,962111.5853231521,0.046608011338612844
unw,inherited_strong,population,0.9400000000000001,1079453.2911567853,0.05229244923481509
unw,inherited_strong,population,0.9500000000000001,1231602.3743550593,0.05966307682421562
unw,inherited_strong,population,0.96,1415319.9312122276,0.06856299041399441
unw,inherited_strong,population,0.97,2190285.9993158695,0.1061050259119694
unw,inherited_strong,population,0.98,2652474.933490359,0.12849505573096448
unw,inherited_strong,population,0.99,3107640.242525588,0.1505448368666232
unw,inherited_strong,population,1.0,4047297.1960180113,0.19606506821075706
unw,inherited_strong,builtup_m2,0.0,0.0,0.0
unw,inherited_strong,builtup_m2,0.01,202.0,1.6830203939238042e-07
unw,inherited_strong,builtup_m2,0.02,234.0,1.9496374860305454e-07
unw,inherited_strong,builtup_m2,0.03,279.0,2.3245677718056502e-07
unw,inherited_strong,builtup_m2,0.04,837.0,6.973703315416951e-07
unw,inherited_strong,builtup_m2,0.05,2014.0,1.6780213234468027e-06
unw,inherited_strong,builtup_m2,0.06,2028.0,1.6896858212264727e-06
unw,inherited_strong,builtup_m2,0.07,2365.0,1.9704669463513846e-06
unw,inherited_strong,builtup_m2,0.08,4371.0,3.6418228424955186e-06
unw,inherited_strong,builtup_m2,0.09,4834.0,4.02758444763746e-06
unw,inherited_strong,builtup_m2,0.1,4970.0,4.140896711782825e-06
unw,inherited_strong,builtup_m2,0.11,157543.0,0.00013126142669303854
unw,inherited_strong,builtup_m2,0.12,227903.0,0.00018988385982000828
unw,inherited_strong,builtup_m2,0.13,343388.0,0.0002861034688260927
unw,inherited_strong,builtup_m2,0.14,458456.0,0.0003819756424340255
unw,inherited_strong,builtup_m2,0.15,2000640.0,0.0016668900598513462
unw,inherited_strong,builtup_m2,0.16,2034733.0,0.001695295611480081
unw,inherited_strong,builtup_m2,0.17,2057097.0,0.0017139288135046909
unw,inherited_strong,builtup_m2,0.18,2070857.0,0.001725393348465281
unw,inherited_strong,builtup_m2,0.19,2101593.0,0.0017510019201621334
unw,inherited_strong,builtup_m2,0.2,2123385.0,0.0017691585441346025
unw,inherited_strong,builtup_m2,0.21,2143374.0,0.0017858129474287326
unw,inherited_strong,builtup_m2,0.22,2156936.0,0.0017971125130635814
unw,inherited_strong,builtup_m2,0.23,2191021.0,0.0018255113992650136
unw,inherited_strong,builtup_m2,0.24,2239347.0,0.0018657755792436084
unw,inherited_strong,builtup_m2,0.25,2286719.0,0.0019052449070163602
unw,inherited_strong,builtup_m2,0.26,2291962.0,0.0019096132614348465
unw,inherited_strong,builtup_m2,0.27,2305323.0,0.001920745358208716
unw,inherited_strong,builtup_m2,0.28,2318679.0,0.001931873289090521
unw,inherited_strong,builtup_m2,0.29,2328533.0,0.001940083429170583
unw,inherited_strong,builtup_m2,0.3,2335711.0,0.0019460639838179022
unw,inherited_strong,builtup_m2,0.31,2346299.0,0.001954885676852984
unw,inherited_strong,builtup_m2,0.32,2358828.0,0.0019653245691873757
unw,inherited_strong,builtup_m2,0.33,2371296.0,0.001975712637638585
unw,inherited_strong,builtup_m2,0.34,2398070.0,0.001998020156463791
unw,inherited_strong,builtup_m2,0.35000000000000003,2410855.0,0.0020086723424718677
unw,inherited_strong,builtup_m2,0.36,2439137.0,0.0020322362943436265
unw,inherited_strong,builtup_m2,0.37,2508366.0,0.0020899164026856815
unw,inherited_strong,builtup_m2,0.38,2532017.0,0.0021096219053276083
unw,inherited_strong,builtup_m2,0.39,2552208.0,0.002126444610661131
unw,inherited_strong,builtup_m2,0.4,2567874.0,0.0021394971836765815
unw,inherited_strong,builtup_m2,0.41000000000000003,2597096.0,0.002163844323256404
unw,inherited_strong,builtup_m2,0.42,2619063.0,0.002182146753451119
unw,inherited_strong,builtup_m2,0.43,2642077.0,0.0022013215214440707
unw,inherited_strong,builtup_m2,0.44,2677681.0,0.002230986005654597
unw,inherited_strong,builtup_m2,0.45,2720998.0,0.0022670767949633085
unw,inherited_strong,builtup_m2,0.46,2768946.0,0.0023070260335018525
unw,inherited_strong,builtup_m2,0.47000000000000003,2868977.0,0.002390369703316007
unw,inherited_strong,builtup_m2,0.48,2948785.0,0.0024568640060874283
unw,inherited_strong,builtup_m2,0.49,3086258.0,0.002571403542034897
unw,inherited_strong,builtup_m2,0.5,3209786.0,0.002674324405015402
unw,inherited_strong,builtup_m2,0.51,3354614.0,0.0027949919681892615
unw,inherited_strong,builtup_m2,0.52,3525021.0,0.002936971401984991
unw,inherited_strong,builtup_m2,0.53,3711814.0,0.0030926032972534113
unw,inherited_strong,builtup_m2,0.54,3969591.0,0.0033073775289784095
unw,inherited_strong,builtup_m2,0.55,4227159.0,0.003521977626415126
unw,inherited_strong,builtup_m2,0.56,4562504.0,0.003801379841266798
unw,inherited_strong,builtup_m2,0.5700000000000001,4907874.0,0.004089134669707127
unw,inherited_strong,builtup_m2,0.58,5319005.0,0.0044316801437538035
unw,inherited_strong,builtup_m2,0.59,5817999.0,0.004847431172687276
unw,inherited_strong,builtup_m2,0.6,6343292.0,0.005285093960699859
unw,inherited_strong,builtup_m2,0.61,6945656.0,0.0057869706421679375
unw,inherited_strong,builtup_m2,0.62,7641344.0,0.006366602865835296
unw,inherited_strong,builtup_m2,0.63,8385815.0,0.006986880032015913
unw,inherited_strong,builtup_m2,0.64,9169515.0,0.00763984195415358
unw,inherited_strong,builtup_m2,0.65,10068665.0,0.00838899432405288
unw,inherited_strong,builtup_m2,0.66,11096140.0,0.00924506431377905
unw,inherited_strong,builtup_m2,0.67,12167074.0,0.010137343404148551
unw,inherited_strong,builtup_m2,0.68,13296975.0,0.011078752525987612
unw,inherited_strong,builtup_m2,0.6900000000000001,14560232.0,0.012131270988248503
unw,inherited_strong,builtup_m2,0.7000000000000001,15907981.0,0.01325418636096653
unw,inherited_strong,builtup_m2,0.71,17345457.0,0.014451860333132874
unw,inherited_strong,builtup_m2,0.72,18990856.0,0.01582277126043081
unw,inherited_strong,builtup_m2,0.73,20739845.0,0.01727999113951418
unw,inherited_strong,builtup_m2,0.74,22576491.0,0.018810244938731298
unw,inherited_strong,builtup_m2,0.75,24574251.0,0.020474735444753683
unw,inherited_strong,builtup_m2,0.76,26726134.0,0.022267637907297216
unw,inherited_strong,builtup_m2,0.77,29038311.0,0.024194093870347492
unw,inherited_strong,builtup_m2,0.78,31526009.0,0.02626679014159673
unw,inherited_strong,builtup_m2,0.79,34235266.0,0.02852408458881496
unw,inherited_strong,builtup_m2,0.8,37091203.0,0.030903589645627616
unw,inherited_strong,builtup_m2,0.81,40268050.0,0.03355046998690269
unw,inherited_strong,builtup_m2,0.8200000000000001,43745811.0,0.03644806537709717
unw,inherited_strong,builtup_m2,0.8300000000000001,47684986.0,0.03973010095147084
unw,inherited_strong,builtup_m2,0.84,51777425.0,0.04313983278210902
unw,inherited_strong,builtup_m2,0.85,56305835.0,0.04691280623856867
unw,inherited_strong,builtup_m2,0.86,61593655.0,0.05131850371351826
unw,inherited_strong,builtup_m2,0.87,67171201.0,0.05596559463730447
unw,inherited_strong,builtup_m2,0.88,73498693.0,0.06123752437908156
unw,inherited_strong,builtup_m2,0.89,80479897.0,0.0670541128474689
unw,inherited_strong,builtup_m2,0.9,89698379.0,0.07473475304896371
unw,inherited_strong,builtup_m2,0.91,98960036.0,0.08245136572843259
unw,inherited_strong,builtup_m2,0.92,109877532.0,0.0915475877178294
unw,inherited_strong,builtup_m2,0.93,128872973.0,0.10737417910128305
unw,inherited_strong,builtup_m2,0.9400000000000001,144476115.0,0.12037438018805982
unw,inherited_strong,builtup_m2,0.9500000000000001,164099990.0,0.13672456921420412
unw,inherited_strong,builtup_m2,0.96,187323022.0,0.15607349815714724
unw,inherited_strong,builtup_m2,0.97,274347377.0,0.22858031213391208
unw,inherited_strong,builtup_m2,0.98,318957977.0,0.2657489010374652
unw,inherited_strong,builtup_m2,0.99,360356418.0,0.30024118840362923
unw,inherited_strong,builtup_m2,1.0,442872006.0,0.3689913950474977
unw,inherited_strong,area_m2,0.0,0.0,0.0
unw,inherited_strong,area_m2,0.01,6088094.752263732,0.0004103409321603021
unw,inherited_strong,area_m2,0.02,7549562.98942652,0.0005088446945298127
unw,inherited_strong,area_m2,0.03,9812795.037350763,0.000661387778373077
unw,inherited_strong,area_m2,0.04,13921642.349637158,0.0009383263453362532
unw,inherited_strong,area_m2,0.05,15925952.089345211,0.001073417923308814
unw,inherited_strong,area_m2,0.06,17696407.941912334,0.0011927476207680933
unw,inherited_strong,area_m2,0.07,19149567.056958232,0.0012906913437404491
unw,inherited_strong,area_m2,0.08,23918082.239648256,0.001612091887705047
unw,inherited_strong,area_m2,0.09,25187376.800860897,0.0016976430387018891
unw,inherited_strong,area_m2,0.1,26732365.425349277,0.0018017761210777662
unw,inherited_strong,area_m2,0.11,40978666.92769865,0.002761984671731006
unw,inherited_strong,area_m2,0.12,42840842.72397086,0.0028874963438028914
unw,inherited_strong,area_m2,0.13,44585984.38602904,0.0030051198509098505
unw,inherited_strong,area_m2,0.14,45972180.591176555,0.0030985502369539905
unw,inherited_strong,area_m2,0.15,52344122.67551374,0.003528022635291117
unw,inherited_strong,area_m2,0.16,52936947.323614545,0.0035679793423740408
unw,inherited_strong,area_m2,0.17,53437955.30978365,0.003601747555982731
unw,inherited_strong,area_m2,0.18,53880525.17227552,0.00363157700793951
unw,inherited_strong,area_m2,0.19,54414850.143125646,0.0036675908046258448
unw,inherited_strong,area_m2,0.2,54832341.25036624,0.0036957299346960597
unw,inherited_strong,area_m2,0.21,55291404.607885055,0.003726671057282049
unw,inherited_strong,area_m2,0.22,55767216.03989023,0.0037587410092927223
unw,inherited_strong,area_m2,0.23,56309747.344464615,0.0037953079173820583
unw,inherited_strong,area_m2,0.24,56893958.787183285,0.003834684089688634
unw,inherited_strong,area_m2,0.25,57620121.81727113,0.003883627876996773
unw,inherited_strong,area_m2,0.26,58262541.449852176,0.003926927313289772
unw,inherited_strong,area_m2,0.27,59004549.870305456,0.003976939088616754
unw,inherited_strong,area_m2,0.28,59796497.83391954,0.004030316816598242
unw,inherited_strong,area_m2,0.29,60780263.37675992,0.004096623154837509
unw,inherited_strong,area_m2,0.3,62121758.82156858,0.004187040685068442
unw,inherited_strong,area_m2,0.31,63871171.33717237,0.004304952050051524
unw,inherited_strong,area_m2,0.32,66253429.30330668,0.004465517546195679
unw,inherited_strong,area_m2,0.33,69118645.2337624,0.0046586346745561705
unw,inherited_strong,area_m2,0.34,72991080.59425266,0.004919638946042459
unw,inherited_strong,area_m2,0.35000000000000003,78087152.40506952,0.005263116986759365
unw,inherited_strong,area_m2,0.36,84840190.21180022,0.005718275446226061
unw,inherited_strong,area_m2,0.37,93841364.02430786,0.006324959507998904
unw,inherited_strong,area_m2,0.38,105173431.90521306,0.007088747110980189
unw,inherited_strong,area_m2,0.39,120042633.95260967,0.00809093950069947
unw,inherited_strong,area_m2,0.4,138682894.669804,0.009347303317238381
unw,inherited_strong,area_m2,0.41000000000000003,162260025.01170385,0.010936414859656934
unw,inherited_strong,area_m2,0.42,191913070.2036128,0.012935046402130074
unw,inherited_strong,area_m2,0.43,227502069.8616034,0.015333764537862518
unw,inherited_strong,area_m2,0.44,270466860.15181315,0.01822961501574825
unw,inherited_strong,area_m2,0.45,320780944.90915066,0.02162081197969852
unw,inherited_strong,area_m2,0.46,381368932.6031013,0.025704475647844994
unw,inherited_strong,area_m2,0.47000000000000003,450990059.7941479,0.03039697788247307
unw,inherited_strong,area_m2,0.48,531482738.2352556,0.035822228646075635
unw,inherited_strong,area_m2,0.49,623472346.4695873,0.04202237879615357
unw,inherited_strong,area_m2,0.5,725301656.1521223,0.0488857302314831
unw,inherited_strong,area_m2,0.51,839228889.4828557,0.05656448836940379
unw,inherited_strong,area_m2,0.52,964974831.4153928,0.06503983396233934
unw,inherited_strong,area_m2,0.53,1099234665.0008893,0.07408902053169665
unw,inherited_strong,area_m2,0.54,1245147071.4946275,0.0839235969190189
unw,inherited_strong,area_m2,0.55,1397731779.0426545,0.09420789006432247
unw,inherited_strong,area_m2,0.56,1561283035.885828,0.10523133465904771
unw,inherited_strong,area_m2,0.5700000000000001,1727690478.41331,0.11644728773858036
unw,inherited_strong,area_m2,0.58,1903276810.6795895,0.1282819030309858
unw,inherited_strong,area_m2,0.59,2084344283.6120622,0.14048595021658428
unw,inherited_strong,area_m2,0.6,2266530288.7631803,0.1527653870884355
unw,inherited_strong,area_m2,0.61,2452865698.93543,0.1653244961391156
unw,inherited_strong,area_m2,0.62,2642038055.9959745,0.17807481696917857
unw,inherited_strong,area_m2,0.63,2830687601.483984,0.19078990001192908
unw,inherited_strong,area_m2,0.64,3020778945.025606,0.20360216103586765
unw,inherited_strong,area_m2,0.65,3210159779.9763565,0.21636653339030448
unw,inherited_strong,area_m2,0.66,3400064943.9908695,0.22916624581179648
unw,inherited_strong,area_m2,0.67,3590849293.552104,0.2420252158223149
unw,inherited_strong,area_m2,0.68,3779727210.1897144,0.25475569120605535
unw,inherited_strong,area_m2,0.6900000000000001,3967015209.187086,0.26737900526706654
unw,inherited_strong,area_m2,0.7000000000000001,4153191583.7288365,0.27992739522884913
unw,inherited_strong,area_m2,0.71,4334162297.67305,0.2921249208054627
unw,inherited_strong,area_m2,0.72,4519021945.650648,0.30458456267318296
unw,inherited_strong,area_m2,0.73,4702405103.628418,0.31694468830347444
unw,inherited_strong,area_m2,0.74,4882960433.839177,0.32911421678816916
unw,inherited_strong,area_m2,0.75,5062718381.836554,0.3412300012734615
unw,inherited_strong,area_m2,0.76,5241588492.818875,0.35328594505600713
unw,inherited_strong,area_m2,0.77,5421260918.08455,0.36539596526218165
unw,inherited_strong,area_m2,0.78,5597425593.4180975,0.3772695611951632
unw,inherited_strong,area_m2,0.79,5777077067.360411,0.3893781692706289
unw,inherited_strong,area_m2,0.8,5956031760.873309,0.4014398139622198
unw,inherited_strong,area_m2,0.81,6137333918.738509,0.4136596790412608
unw,inherited_strong,area_m2,0.8200000000000001,6318804399.32181,0.4258908891640075
unw,inherited_strong,area_m2,0.8300000000000001,6506783679.290407,0.4385607959423893
unw,inherited_strong,area_m2,0.84,6691385349.23451,0.45100304994887397
unw,inherited_strong,area_m2,0.85,6881597888.671478,0.46382347964276494
unw,inherited_strong,area_m2,0.86,7080652567.883205,0.47723987441688354
unw,inherited_strong,area_m2,0.87,7275433000.30862,0.4903681826085904
unw,inherited_strong,area_m2,0.88,7479971569.83967,0.5041541946040341
unw,inherited_strong,area_m2,0.89,7686994345.322692,0.5181076434458953
unw,inherited_strong,area_m2,0.9,7924925115.036224,0.5341443080851187
unw,inherited_strong,area_m2,0.91,8154286048.871537,0.5496033610763923
unw,inherited_strong,area_m2,0.92,8397869593.303345,0.5660210258382447
unw,inherited_strong,area_m2,0.93,8733445854.762331,0.5886390502845212
unw,inherited_strong,area_m2,0.9400000000000001,9007031975.977839,0.6070789052102269
unw,inherited_strong,area_m2,0.9500000000000001,9318234905.971502,0.628054153720795
unw,inherited_strong,area_m2,0.96,9653983486.96238,0.6506837925982233
unw,inherited_strong,area_m2,0.97,10531431612.299397,0.7098242784684905
unw,inherited_strong,area_m2,0.98,10951829028.739897,0.7381592953760107
unw,inherited_strong,area_m2,0.99,11305633501.955538,0.7620059113124346
unw,inherited_strong,area_m2,1.0,11880639574.45186,0.8007616366069928
q20,geographic,population,0.0,0.0,0.0
q20,geographic,population,0.01,79702.14098254606,0.00354222038867437
q20,geographic,population,0.02,97960.98143383127,0.004353702189825212
q20,geographic,population,0.03,119073.44536097159,0.0052920082284828905
q20,geographic,population,0.04,153932.25562157578,0.006841246265351735
q20,geographic,population,0.05,177361.22877724076,0.007882505450796641
q20,geographic,population,0.06,199662.15719972836,0.00887363068746754
q20,geographic,population,0.07,221078.99868490768,0.00982546424720118
q20,geographic,population,0.08,257762.29312161394,0.011455788249487413
q20,geographic,population,0.09,281121.2731022352,0.012493936712326233
q20,geographic,population,0.1,307094.6391917097,0.013648276931929465
q20,geographic,population,0.11,339338.92801606783,0.015081317197647782
q20,geographic,population,0.12,363725.6035674906,0.016165139768601722
q20,geographic,population,0.13,388584.71011537185,0.017269958697837474
q20,geographic,population,0.14,413053.26181594416,0.01835742010911977
q20,geographic,population,0.15,463442.31835303816,0.020596872415311235
q20,geographic,population,0.16,487547.67862217315,0.021668192427158468
q20,geographic,population,0.17,510346.18284779997,0.022681431538476432
q20,geographic,population,0.18,536209.9306624478,0.023830899968146853
q20,geographic,population,0.19,558474.2490434143,0.024820398136411462
q20,geographic,population,0.2,581094.8196084684,0.025825729301562086
q20,geographic,population,0.21,602172.569200899,0.026762492523142677
q20,geographic,population,0.22,625299.1799059507,0.0277903137453895
q20,geographic,population,0.23,647703.985627874,0.028786055624517498
q20,geographic,population,0.24,668576.9436278333,0.029713717246751595
q20,geographic,population,0.25,690132.6368315105,0.030671721825007478
q20,geographic,population,0.26,713265.0988217765,0.0316998030972546
q20,geographic,population,0.27,733902.3838655888,0.032616990652669015
q20,geographic,population,0.28,755843.3905477534,0.0335921198055311
q20,geographic,population,0.29,777159.8006522965,0.03453948987056099
q20,geographic,population,0.3,797985.3273258241,0.03546504349156104
q20,geographic,population,0.31,818556.6669063903,0.03637930021774588
q20,geographic,population,0.32,839384.5129982204,0.03730495692118135
q20,geographic,population,0.33,860601.7403494345,0.03824791898453506
q20,geographic,population,0.34,882905.2106615191,0.039239157190983746
q20,geographic,population,0.35000000000000003,903216.191104665,0.04014184271677701
q20,geographic,population,0.36,925353.7008576394,0.04112570510033124
q20,geographic,population,0.37,946791.8626814636,0.04207848620472693
q20,geographic,population,0.38,967820.1799132286,0.04301305249265365
q20,geographic,population,0.39,988699.319303659,0.04394098883583109
q20,geographic,population,0.4,1011905.7512809762,0.04497235757304531
q20,geographic,population,0.41000000000000003,1034655.492975378,0.045983429520091657
q20,geographic,population,0.42,1056565.7405309917,0.0469571916380929
q20,geographic,population,0.43,1078570.3622792554,0.04793514804981384
q20,geographic,population,0.44,1100870.6530389837,0.04892624494669362
q20,geographic,population,0.45,1123367.4138417647,0.049926073606405434
q20,geographic,population,0.46,1146492.2321574013,0.05095381516908161
q20,geographic,population,0.47000000000000003,1169668.533686217,0.0519838448119166
q20,geographic,population,0.48,1193878.8525353342,0.053059829521818314
q20,geographic,population,0.49,1218684.2919400726,0.05416226330999889
q20,geographic,population,0.5,1242383.3134821367,0.055215524317332634
q20,geographic,population,0.51,1267775.0699575592,0.05634401592850771
q20,geographic,population,0.52,1292332.6670725134,0.057435434805404514
q20,geographic,population,0.53,1317697.993396836,0.05856275177535983
q20,geographic,population,0.54,1344395.3102738496,0.059749266704555604
q20,geographic,population,0.55,1372137.9251617603,0.060982238051117285
q20,geographic,population,0.56,1400201.290944628,0.06222946460269348
q20,geographic,population,0.5700000000000001,1427599.6514330804,0.06344713617264164
q20,geographic,population,0.58,1455920.7905954893,0.06470581900518359
q20,geographic,population,0.59,1484522.2156220532,0.06597695864616791
q20,geographic,population,0.6,1514498.2995377122,0.06730919256497712
q20,geographic,population,0.61,1546585.331583012,0.06873524383187846
q20,geographic,population,0.62,1578583.9253813366,0.0701573646176445
q20,geographic,population,0.63,1611391.3871145868,0.07161543410510811
q20,geographic,population,0.64,1645710.2885406027,0.0731406768507799
q20,geographic,population,0.65,1680124.9619523343,0.07467017601260671
q20,geographic,population,0.66,1715477.9375142443,0.07624137635041354
q20,geographic,population,0.67,1753267.707541132,0.07792087569914335
q20,geographic,population,0.68,1790623.9858091695,0.07958110927498936
q20,geographic,population,0.6900000000000001,1829623.6106103484,0.08131437847476707
q20,geographic,population,0.7000000000000001,1871939.3897594477,0.08319502827685213
q20,geographic,population,0.71,1915102.9801300522,0.08511335754598214
q20,geographic,population,0.72,1958754.3235288202,0.08705336413393569
q20,geographic,population,0.73,2003998.8998058545,0.08906417913325346
q20,geographic,population,0.74,2049007.9528221583,0.09106452671869901
q20,geographic,population,0.75,2099435.363216271,0.09330568359408575
q20,geographic,population,0.76,2150289.305000253,0.09556579690109375
q20,geographic,population,0.77,2203612.2293790453,0.0979356397634036
q20,geographic,population,0.78,2262874.040503554,0.10056942592080399
q20,geographic,population,0.79,2327366.827826066,0.10343569354373107
q20,geographic,population,0.8,2392176.7395535777,0.10631605519875427
q20,geographic,population,0.81,2458196.4857139657,0.10925018580078721
q20,geographic,population,0.8200000000000001,2531412.0654894183,0.11250412247365547
q20,geographic,population,0.8300000000000001,2612937.755157784,0.11612738725153975
q20,geographic,population,0.84,2701227.1624895846,0.1200512534726889
q20,geographic,population,0.85,2795915.5600823727,0.12425951147415877
q20,geographic,population,0.86,2905240.588414883,0.12911826858629988
q20,geographic,population,0.87,3017768.8064870113,0.13411938578895544
q20,geographic,population,0.88,3140010.240756942,0.13955218966942548
q20,geographic,population,0.89,3272595.008094143,0.14544468465512891
q20,geographic,population,0.9,3445524.7252563024,0.1531302394267835
q20,geographic,population,0.91,3623077.946961466,0.16102127766296567
q20,geographic,population,0.92,3819781.138684814,0.16976340237442542
q20,geographic,population,0.93,4106871.860111911,0.18252264063705875
q20,geographic,population,0.9400000000000001,4381224.832927,0.19471577223953165
q20,geographic,population,0.9500000000000001,4720481.4439642485,0.20979343100495776
q20,geographic,population,0.96,5125732.8879523175,0.22780411314897475
q20,geographic,population,0.97,6086307.663499879,0.27049515648664374
q20,geographic,population,0.98,6973498.8846907085,0.3099247978189045
q20,geographic,population,0.99,7902658.481626382,0.3512196492247
q20,geographic,population,1.0,9457693.076907389,0.42033040560581947
q20,geographic,builtup_m2,0.0,0.0,0.0
q20,geographic,builtup_m2,0.01,8020584.0,0.00639792414252278
q20,geographic,builtup_m2,0.02,9978123.0,0.007959429642375396
q20,geographic,builtup_m2,0.03,12453310.0,0.009933856774434426
q20,geographic,builtup_m2,0.04,16875522.0,0.013461402514015727
q20,geographic,builtup_m2,0.05,19726981.0,0.01573597733020291
q20,geographic,builtup_m2,0.06,22555578.0,0.01799231540181559
q20,geographic,builtup_m2,0.07,25365563.0,0.020233806903136052
q20,geographic,builtup_m2,0.08,30393744.0,0.024244726882638085
q20,geographic,builtup_m2,0.09,33557755.0,0.02676862069936111
q20,geographic,builtup_m2,0.1,36905394.0,0.02943899238034479
q20,geographic,builtup_m2,0.11,41461193.0,0.033073098875655
q20,geographic,builtup_m2,0.12,44824215.0,0.03575574139216443
q20,geographic,builtup_m2,0.13,48232406.0,0.038474414680946
q20,geographic,builtup_m2,0.14,51561624.0,0.041130092150058147
q20,geographic,builtup_m2,0.15,57334601.0,0.04573512701067787
q20,geographic,builtup_m2,0.16,60707370.0,0.048425544592770695
q20,geographic,builtup_m2,0.17,63965493.0,0.051024510428800685
q20,geographic,builtup_m2,0.18,67754044.0,0.05404659235052593
q20,geographic,builtup_m2,0.19,70908987.0,0.05656325273186266
q20,geographic,builtup_m2,0.2,74107561.0,0.05911471704122538
q20,geographic,builtup_m2,0.21,77171529.0,0.06155880775071951
q20,geographic,builtup_m2,0.22,80572511.0,0.06427173050623025
q20,geographic,builtup_m2,0.23,83841062.0,0.06687901463341688
q20,geographic,builtup_m2,0.24,86815672.0,0.0692518255326718
q20,geographic,builtup_m2,0.25,89850968.0,0.07167304492992552
q20,geographic,builtup_m2,0.26,93100062.0,0.0742648084404038
q20,geographic,builtup_m2,0.27,96003253.0,0.07658064925564305
q20,geographic,builtup_m2,0.28,99071944.0,0.07902850744587488
q20,geographic,builtup_m2,0.29,102150941.0,0.08148458660931923
q20,geographic,builtup_m2,0.3,105122651.0,0.08385508421318154
q20,geographic,builtup_m2,0.31,108075096.0,0.08621021435644426
q20,geographic,builtup_m2,0.32,111061275.0,0.08859225370893961
q20,geographic,builtup_m2,0.33,114075916.0,0.09099699685918142
q20,geographic,builtup_m2,0.34,117094575.0,0.09340494512007409
q20,geographic,builtup_m2,0.35000000000000003,120000752.0,0.09572316783187967
q20,geographic,builtup_m2,0.36,123036087.0,0.09814441833896798
q20,geographic,builtup_m2,0.37,126016105.0,0.1005215431352861
q20,geographic,builtup_m2,0.38,128948946.0,0.10286103540169472
q20,geographic,builtup_m2,0.39,131936943.0,0.10524452495109482
q20,geographic,builtup_m2,0.4,135154617.0,0.10781122510252616
q20,geographic,builtup_m2,0.41000000000000003,138266066.0,0.11029319083910201
q20,geographic,builtup_m2,0.42,141339061.0,0.11274448227877171
q20,geographic,builtup_m2,0.43,144482051.0,0.11525160789465051
q20,geographic,builtup_m2,0.44,147519529.0,0.11767456784726515
q20,geographic,builtup_m2,0.45,150636656.0,0.12016106285668213
q20,geographic,builtup_m2,0.46,153747770.0,0.12264276136775572
q20,geographic,builtup_m2,0.47000000000000003,156945911.0,0.12519388027818568
q20,geographic,builtup_m2,0.48,160103687.0,0.12771280050981457
q20,geographic,builtup_m2,0.49,163330288.0,0.13028662162261484
q20,geographic,builtup_m2,0.5,166558444.0,0.13286168314035843
q20,geographic,builtup_m2,0.51,169898244.0,0.13552580174458942
q20,geographic,builtup_m2,0.52,173250898.0,0.1382001738312262
q20,geographic,builtup_m2,0.53,176614134.0,0.14088298705298186
q20,geographic,builtup_m2,0.54,180053343.0,0.14362640303020766
q20,geographic,builtup_m2,0.55,183663661.0,0.14650631061479058
q20,geographic,builtup_m2,0.56,187307850.0,0.14941323669187126
q20,geographic,builtup_m2,0.5700000000000001,190853405.0,0.1522414836042086
q20,geographic,builtup_m2,0.58,194630497.0,0.15525442481838075
q20,geographic,builtup_m2,0.59,198440337.0,0.15829348872135202
q20,geographic,builtup_m2,0.6,202276273.0,0.1613533690921046
q20,geographic,builtup_m2,0.61,206309957.0,0.16457099068261571
q20,geographic,builtup_m2,0.62,210222591.0,0.16769205213268662
q20,geographic,builtup_m2,0.63,214375526.0,0.17100479882280642
q20,geographic,builtup_m2,0.64,218613453.0,0.17438534261706742
q20,geographic,builtup_m2,0.65,222916446.0,0.17781778878305815
q20,geographic,builtup_m2,0.66,227238579.0,0.18126550269864014
q20,geographic,builtup_m2,0.67,231783092.0,0.18489060648643274
q20,geographic,builtup_m2,0.68,236303903.0,0.18849680347167502
q20,geographic,builtup_m2,0.6900000000000001,240937216.0,0.19219274195976574
q20,geographic,builtup_m2,0.7000000000000001,245858502.0,0.19611839307340778
q20,geographic,builtup_m2,0.71,250868761.0,0.20011501688738342
q20,geographic,builtup_m2,0.72,255943348.0,0.20416295437929577
q20,geographic,builtup_m2,0.73,261217810.0,0.20837032977348388
q20,geographic,builtup_m2,0.74,266319136.0,0.21243959664660425
q20,geographic,builtup_m2,0.75,271897824.0,0.2168896494904872
q20,geographic,builtup_m2,0.76,277592602.0,0.2214323059420009
q20,geographic,builtup_m2,0.77,283467762.0,0.22611885096231166
q20,geographic,builtup_m2,0.78,289893505.0,0.2312445894712964
q20,geographic,builtup_m2,0.79,296476729.0,0.23649594869466908
q20,geographic,builtup_m2,0.8,303125949.0,0.24179995213967323
q20,geographic,builtup_m2,0.81,310041995.0,0.2473167995006881
q20,geographic,builtup_m2,0.8200000000000001,317374496.0,0.2531658480454041
q20,geographic,builtup_m2,0.8300000000000001,325239764.0,0.2594398784682027
q20,geographic,builtup_m2,0.84,333372980.0,0.2659276478130226
q20,geographic,builtup_m2,0.85,342203821.0,0.272971904295179
q20,geographic,builtup_m2,0.86,351883033.0,0.2806928961999326
q20,geographic,builtup_m2,0.87,361656017.0,0.2884886889100506
q20,geographic,builtup_m2,0.88,372111177.0,0.296828645274567
q20,geographic,builtup_m2,0.89,383246037.0,0.3057107902178294
q20,geographic,builtup_m2,0.9,397004032.0,0.31668537864720153
q20,geographic,builtup_m2,0.91,410901052.0,0.32777086566000785
q20,geographic,builtup_m2,0.92,425764687.0,0.3396274099231371
q20,geographic,builtup_m2,0.93,445435833.0,0.3553188483401514
q20,geographic,builtup_m2,0.9400000000000001,464971016.0,0.37090183069459104
q20,geographic,builtup_m2,0.9500000000000001,486513912.0,0.38808634174992784
q20,geographic,builtup_m2,0.96,512089208.0,0.40848745016429844
q20,geographic,builtup_m2,0.97,565862201.0,0.45138152497610873
q20,geographic,builtup_m2,0.98,610759990.0,0.487195955470072
q20,geographic,builtup_m2,0.99,657771494.0,0.5246964711953491
q20,geographic,builtup_m2,1.0,737456267.0,0.5882600636928714
q20,geographic,area_m2,0.0,0.0,0.0
q20,geographic,area_m2,0.01,870752454.8749408,0.0578156596299032
q20,geographic,area_m2,0.02,1077853018.9745753,0.0715665892495792
q20,geographic,area_m2,0.03,1338384091.8095865,0.08886516331125771
q20,geographic,area_m2,0.04,1995218286.0054371,0.1324772163032451
q20,geographic,area_m2,0.05,2336111947.6749334,0.15511165368293142
q20,geographic,area_m2,0.06,2670781643.8012195,0.1773328362146068
q20,geographic,area_m2,0.07,2980577391.311027,0.19790245435641368
q20,geographic,area_m2,0.08,3666132363.5639415,0.2434214910372288
q20,geographic,area_m2,0.09,3969943383.1136737,0.2635937390736973
q20,geographic,area_m2,0.1,4285469184.2383127,0.28454381761800035
q20,geographic,area_m2,0.11,4772416358.434301,0.3168758218787312
q20,geographic,area_m2,0.12,5031138365.161325,0.33405427873630444
q20,geographic,area_m2,0.13,5284471922.076129,0.3508749567802413
q20,geographic,area_m2,0.14,5508525410.85814,0.3657515157537942
q20,geographic,area_m2,0.15,5821331310.448222,0.38652100003107176
q20,geographic,area_m2,0.16,6014699376.823975,0.39936012812802174
q20,geographic,area_m2,0.17,6190905655.754713,0.41105975893615365
q20,geographic,area_m2,0.18,6416251057.239848,0.42602209749573844
q20,geographic,area_m2,0.19,6570219244.478933,0.4362451778412617
q20,geographic,area_m2,0.2,6717560693.684044,0.4460282603108286
q20,geographic,area_m2,0.21,6853198520.78971,0.4550342532322119
q20,geographic,area_m2,0.22,7008094914.178661,0.4653189640107321
q20,geographic,area_m2,0.23,7132589432.821185,0.4735850707272024
q20,geographic,area_m2,0.24,7245112563.030784,0.4810563089192599
q20,geographic,area_m2,0.25,7357008920.841737,0.4884859310820283
q20,geographic,area_m2,0.26,7476049226.995248,0.4963898925170832
q20,geographic,area_m2,0.27,7574025634.231702,0.5028952667837078
q20,geographic,area_m2,0.28,7671302420.819803,0.509354188089966
q20,geographic,area_m2,0.29,7770149184.630795,0.5159173517308132
q20,geographic,area_m2,0.3,7858620549.282114,0.521791616313172
q20,geographic,area_m2,0.31,7944249712.3398285,0.5274771662281007
q20,geographic,area_m2,0.32,8026740754.069663,0.532954353188031
q20,geographic,area_m2,0.33,8110056738.418851,0.5384863141556918
q20,geographic,area_m2,0.34,8187432402.049939,0.5436238535414123
q20,geographic,area_m2,0.35000000000000003,8263411822.689522,0.5486686860859341
q20,geographic,area_m2,0.36,8337973859.698072,0.5536194081067153
q20,geographic,area_m2,0.37,8408556721.633891,0.5583059234286524
q20,geographic,area_m2,0.38,8478390461.317449,0.5629426990146686
q20,geographic,area_m2,0.39,8545974899.145548,0.5674301269074891
q20,geographic,area_m2,0.4,8616217780.252615,0.5720940684017376
q20,geographic,area_m2,0.41000000000000003,8682811706.059637,0.5765157289165285
q20,geographic,area_m2,0.42,8748105124.190237,0.5808510391617967
q20,geographic,area_m2,0.43,8813326191.827938,0.5851815455257228
q20,geographic,area_m2,0.44,8875523339.855799,0.5893112716266339
q20,geographic,area_m2,0.45,8937395273.102036,0.5934194043263256
q20,geographic,area_m2,0.46,8999068952.609303,0.597514373502184
q20,geographic,area_m2,0.47000000000000003,9061574205.213774,0.6016645569319627
q20,geographic,area_m2,0.48,9122096122.334986,0.6056830521321075
q20,geographic,area_m2,0.49,9182696594.672709,0.609706763190829
q20,geographic,area_m2,0.5,9241670509.456215,0.6136224751306314
q20,geographic,area_m2,0.51,9300593926.13182,0.6175348341296504
q20,geographic,area_m2,0.52,9358394859.138971,0.6213726631823542
q20,geographic,area_m2,0.53,9416513062.87789,0.6252315581723813
q20,geographic,area_m2,0.54,9473081671.578938,0.6289875641509882
q20,geographic,area_m2,0.55,9531099052.01931,0.6328397647406965
q20,geographic,area_m2,0.56,9588675401.755806,0.6366626820583119
q20,geographic,area_m2,0.5700000000000001,9643875780.887543,0.6403278412128508
q20,geographic,area_m2,0.58,9701245131.26618,0.6441370143206732
q20,geographic,area_m2,0.59,9757173936.025856,0.6478505390100261
q20,geographic,area_m2,0.6,9813220468.736952,0.6515718805239312
q20,geographic,area_m2,0.61,9869232417.937952,0.6552909257842487
q20,geographic,area_m2,0.62,9922970818.57852,0.6588590134342992
q20,geographic,area_m2,0.63,9979240592.826748,0.6625951775957363
q20,geographic,area_m2,0.64,10034436107.081814,0.6662600137353331
q20,geographic,area_m2,0.65,10090088805.969809,0.6699552057251804
q20,geographic,area_m2,0.66,10144334551.267982,0.6735569797184333
q20,geographic,area_m2,0.67,10200305899.55063,0.6772733291851725
q20,geographic,area_m2,0.68,10255267652.711626,0.6809226442064839
q20,geographic,area_m2,0.6900000000000001,10310772818.195377,0.6846080403685549
q20,geographic,area_m2,0.7000000000000001,10368003520.622847,0.6884080076191808
q20,geographic,area_m2,0.71,10424685837.19703,0.692171563499776
q20,geographic,area_m2,0.72,10481517299.165579,0.6959450222400277
q20,geographic,area_m2,0.73,10539197422.137714,0.6997748298259815
q20,geographic,area_m2,0.74,10596095290.71314,0.7035526977892665
q20,geographic,area_m2,0.75,10654385329.343428,0.7074230021615311
q20,geographic,area_m2,0.76,10713985492.399866,0.7113802953300616
q20,geographic,area_m2,0.77,10772184205.684937,0.7152445359409838
q20,geographic,area_m2,0.78,10833909901.226746,0.7193429588439394
q20,geographic,area_m2,0.79,10895420819.14357,0.7234271210807405
q20,geographic,area_m2,0.8,10956930373.561792,0.7275111927848411
q20,geographic,area_m2,0.81,11019548415.594067,0.7316688651342678
q20,geographic,area_m2,0.8200000000000001,11083026180.875648,0.7358836208332499
q20,geographic,area_m2,0.8300000000000001,11150589655.816603,0.7403696568458165
q20,geographic,area_m2,0.84,11219351046.489927,0.7449352312942039
q20,geographic,area_m2,0.85,11291348221.882877,0.7497156532884561
q20,geographic,area_m2,0.86,11368941142.095158,0.754867617936466
q20,geographic,area_m2,0.87,11443789533.364613,0.7598373531226873
q20,geographic,area_m2,0.88,11522290614.11804,0.765049617228301
q20,geographic,area_m2,0.89,11604009757.510954,0.7704755521805379
q20,geographic,area_m2,0.9,11700098777.330305,0.7768556089153128
q20,geographic,area_m2,0.91,11796022571.259415,0.7832246950880424
q20,geographic,area_m2,0.92,11892683105.57162,0.7896426988733337
q20,geographic,area_m2,0.93,12010574283.407463,0.797470361227848
q20,geographic,area_m2,0.9400000000000001,12129949517.667755,0.8053965610032184
q20,geographic,area_m2,0.9500000000000001,12250718568.98103,0.8134153065438869
q20,geographic,area_m2,0.96,12391995481.763197,0.8227957198372958
q20,geographic,area_m2,0.97,12636555760.000504,0.8390338753847221
q20,geographic,area_m2,0.98,12841554894.35068,0.8526452756278793
q20,geographic,area_m2,0.99,13049696138.401783,0.8664653036434553
q20,geographic,area_m2,1.0,13389675765.066114,0.8890390515166664
q20,inherited_strong,population,0.0,0.0,0.0
q20,inherited_strong,population,0.01,79625.01543605242,0.0038573110218127716
q20,inherited_strong,population,0.02,97845.17871857602,0.0047399587207052115
q20,inherited_strong,population,0.03,118883.18930717968,0.005759112684770778
q20,inherited_strong,population,0.04,153641.00236995486,0.007442901311836412
q20,inherited_strong,population,0.05,176938.4213517241,0.00857150882953718
q20,inherited_strong,population,0.06,199154.21832798756,0.00964771883798254
q20,inherited_strong,population,0.07,220391.34826642525,0.010676518831735697
q20,inherited_strong,population,0.08,256796.12275851046,0.012440091964198133
q20,inherited_strong,population,0.09,279955.49088353274,0.013562011821138215
q20,inherited_strong,population,0.1,305779.48144404177,0.014813015200801471
q20,inherited_strong,population,0.11,337821.980126408,0.01636526461208322
q20,inherited_strong,population,0.12,361902.115797776,0.017531789632182097
q20,inherited_strong,population,0.13,386473.6190827778,0.018722118198207495
q20,inherited_strong,population,0.14,410695.43089990184,0.01989550650059976
q20,inherited_strong,population,0.15,456518.01369973173,0.02211531082608417
q20,inherited_strong,population,0.16,480336.1226622326,0.02326914236654493
q20,inherited_strong,population,0.17,503020.8963667367,0.02436807122902014
q20,inherited_strong,population,0.18,528665.701597269,0.02561039425183221
q20,inherited_strong,population,0.19,550523.5011978201,0.026669261629754318
q20,inherited_strong,population,0.2,573025.5212050405,0.02775933727132968
q20,inherited_strong,population,0.21,593908.9924656744,0.028771004816085726
q20,inherited_strong,population,0.22,616726.2884057951,0.029876353513800902
q20,inherited_strong,population,0.23,638707.2414903119,0.030941186872244012
q20,inherited_strong,population,0.24,659323.520775031,0.03193991071396914
q20,inherited_strong,population,0.25,680591.3909071974,0.03297019986897939
q20,inherited_strong,population,0.26,703143.7324649072,0.03406271326042864
q20,inherited_strong,population,0.27,723467.761770064,0.035047279502797374
q20,inherited_strong,population,0.28,745234.1760140903,0.0361017198581183
q20,inherited_strong,population,0.29,766362.5711930976,0.037125252364214364
q20,inherited_strong,population,0.3,786816.2619654639,0.03811609985631138
q20,inherited_strong,population,0.31,807162.6785046086,0.03910175061369009
q20,inherited_strong,population,0.32,827875.6929545441,0.04010516064124442
q20,inherited_strong,population,0.33,848983.0619634307,0.04112767456696963
q20,inherited_strong,population,0.34,871050.933008613,0.042196718531914125
q20,inherited_strong,population,0.35000000000000003,890993.6963415671,0.04316281493250304
q20,inherited_strong,population,0.36,912884.6772404837,0.04422328972723007
q20,inherited_strong,population,0.37,934063.1805808685,0.045249249645893726
q20,inherited_strong,population,0.38,954905.0440397252,0.04625890156488807
q20,inherited_strong,population,0.39,975255.3289947388,0.04724473972170509
q20,inherited_strong,population,0.4,998153.7609677325,0.04835401892935051
q20,inherited_strong,population,0.41000000000000003,1020696.3271405667,0.0494460587673616
q20,inherited_strong,population,0.42,1042476.5082522932,0.050501166037347785
q20,inherited_strong,population,0.43,1064310.3109038628,0.05155887092010064
q20,inherited_strong,population,0.44,1086327.9709532592,0.05262548249082329
q20,inherited_strong,population,0.45,1108530.6712944624,0.05370105805298956
q20,inherited_strong,population,0.46,1131450.2753234522,0.05481136290822199
q20,inherited_strong,population,0.47000000000000003,1154227.9100531617,0.05591479027979086
q20,inherited_strong,population,0.48,1178173.3113638991,0.0570747883016665
q20,inherited_strong,population,0.49,1202748.5654952833,0.05826529857165782
q20,inherited_strong,population,0.5,1226197.347258526,0.05940123862577409
q20,inherited_strong,population,0.51,1251358.8414659875,0.0606201483917592
q20,inherited_strong,population,0.52,1275624.9725727842,0.06179568367376079
q20,inherited_strong,population,0.53,1300716.4405002156,0.06301120112465124
q20,inherited_strong,population,0.54,1326991.7248577846,0.06428406673602574
q20,inherited_strong,population,0.55,1354196.6281009207,0.06560196630003118
q20,inherited_strong,population,0.56,1381861.951965253,0.06694217023066164
q20,inherited_strong,population,0.5700000000000001,1409000.8820831017,0.06825687382840041
q20,inherited_strong,population,0.58,1437052.7320943936,0.06961580242186104
q20,inherited_strong,population,0.59,1465346.9788576884,0.07098647355198595
q20,inherited_strong,population,0.6,1494822.5240282295,0.07241437086086094
q20,inherited_strong,population,0.61,1526360.8558018522,0.07394219668411221
q20,inherited_strong,population,0.62,1557891.4701782656,0.07546964864996263
q20,inherited_strong,population,0.63,1590251.5212609735,0.0770372813973371
q20,inherited_strong,population,0.64,1624117.80085195,0.07867788106088101
q20,inherited_strong,population,0.65,1657965.9289477621,0.08031760140324708
q20,inherited_strong,population,0.66,1692950.7661043853,0.08201238786227068
q20,inherited_strong,population,0.67,1729814.4130185952,0.08379819036124281
q20,inherited_strong,population,0.68,1766583.3202274388,0.08557940334135944
q20,inherited_strong,population,0.6900000000000001,1805101.2957259326,0.08744534723618451
q20,inherited_strong,population,0.7000000000000001,1846814.5462346678,0.08946608129898921
q20,inherited_strong,population,0.71,1889206.4267057388,0.09151969054328199
q20,inherited_strong,population,0.72,1931693.8787362122,0.09357792960431559
q20,inherited_strong,population,0.73,1975792.0026267949,0.09571419517855612
q20,inherited_strong,population,0.74,2020346.942105462,0.09787259047915468
q20,inherited_strong,population,0.75,2070033.9979412355,0.10027960323848882
q20,inherited_strong,population,0.76,2119640.270950406,0.1026827025984255
q20,inherited_strong,population,0.77,2171908.219471797,0.10521474272193446
q20,inherited_strong,population,0.78,2229777.016117287,0.10801810729143911
q20,inherited_strong,population,0.79,2293481.9204026996,0.11110419309120888
q20,inherited_strong,population,0.8,2357175.939962811,0.11418975159725513
q20,inherited_strong,population,0.81,2422139.734205295,0.11733682237869263
q20,inherited_strong,population,0.8200000000000001,2494105.727971983,0.12082310391260197
q20,inherited_strong,population,0.8300000000000001,2573985.7537067933,0.12469276851489051
q20,inherited_strong,population,0.84,2660870.6991002276,0.12890177564236607
q20,inherited_strong,population,0.85,2753898.723983665,0.13340837477776646
q20,inherited_strong,population,0.86,2861098.3376657264,0.13860149466760777
q20,inherited_strong,population,0.87,2971373.3896099976,0.14394359941906276
q20,inherited_strong,population,0.88,3089451.6588188577,0.14966371899155692
q20,inherited_strong,population,0.89,3217284.59935236,0.15585638856619105
q20,inherited_strong,population,0.9,3384194.7412977503,0.16394209287221218
q20,inherited_strong,population,0.91,3556971.1028597415,0.17231197713674976
q20,inherited_strong,population,0.92,3745829.007238608,0.18146090693133318
q20,inherited_strong,population,0.93,4021368.016249988,0.19480896910222897
q20,inherited_strong,population,0.9400000000000001,4285678.858976858,0.207613100081064
q20,inherited_strong,population,0.9500000000000001,4610453.387154941,0.2233463010140229
q20,inherited_strong,population,0.96,4993223.278199074,0.24188899782176626
q20,inherited_strong,population,0.97,5883700.205569092,0.2850267786787496
q20,inherited_strong,population,0.98,6703343.534210565,0.3247331351323089
q20,inherited_strong,population,0.99,7562160.147243784,0.366337180908971
q20,inherited_strong,population,1.0,8996050.548102204,0.43579978907316885
q20,inherited_strong,builtup_m2,0.0,0.0,0.0
q20,inherited_strong,builtup_m2,0.01,8011018.0,0.006674607262421132
q20,inherited_strong,builtup_m2,0.02,9963284.0,0.008301193149730067
q20,inherited_strong,builtup_m2,0.03,12428072.0,0.010354801303541288
q20,inherited_strong,builtup_m2,0.04,16835527.0,0.014026997665076653
q20,inherited_strong,builtup_m2,0.05,19671242.0,0.01638965418802499
q20,inherited_strong,builtup_m2,0.06,22488409.0,0.01873685691777209
q20,inherited_strong,builtup_m2,0.07,25280850.0,0.02106345847808347
q20,inherited_strong,builtup_m2,0.08,30265272.0,0.02521637128893618
q20,inherited_strong,builtup_m2,0.09,33402201.0,0.027829992814327766
q20,inherited_strong,builtup_m2,0.1,36729285.0,0.03060204738081172
q20,inherited_strong,builtup_m2,0.11,41252719.0,0.03437087494148911
q20,inherited_strong,builtup_m2,0.12,44576205.0,0.037139931732043684
q20,inherited_strong,builtup_m2,0.13,47946150.0,0.0399476971584801
q20,inherited_strong,builtup_m2,0.14,51235794.0,0.04268855752518756
q20,inherited_strong,builtup_m2,0.15,56590305.0,0.04714982050166744
q20,inherited_strong,builtup_m2,0.16,59926973.0,0.049929860250059986
q20,inherited_strong,builtup_m2,0.17,63165719.0,0.05262831350191105
q20,inherited_strong,builtup_m2,0.18,66910265.0,0.05574818839497333
q20,inherited_strong,builtup_m2,0.19,70024428.0,0.05834284178061835
q20,inherited_strong,builtup_m2,0.2,73201446.0,0.06098986459540202
q20,inherited_strong,builtup_m2,0.21,76236680.0,0.0635187560421005
q20,inherited_strong,builtup_m2,0.22,79593753.0,0.06631579679600691
q20,inherited_strong,builtup_m2,0.23,82820596.0,0.06900433272521002
q20,inherited_strong,builtup_m2,0.24,85760011.0,0.0714533898495692
q20,inherited_strong,builtup_m2,0.25,88768160.0,0.07395971465895608
q20,inherited_strong,builtup_m2,0.26,91977869.0,0.0766339749092337
q20,inherited_strong,builtup_m2,0.27,94839282.0,0.07901804245103503
q20,inherited_strong,builtup_m2,0.28,97882617.0,0.08155368347605586
q20,inherited_strong,builtup_m2,0.29,100936590.0,0.08409818785303243
q20,inherited_strong,builtup_m2,0.3,103884669.0,0.0865544636351604
q20,inherited_strong,builtup_m2,0.31,106808873.0,0.08899084728268196
q20,inherited_strong,builtup_m2,0.32,109774337.0,0.09146160787151704
q20,inherited_strong,builtup_m2,0.33,112771431.0,0.09395872189355005
q20,inherited_strong,builtup_m2,0.34,115766663.0,0.09645428453737835
q20,inherited_strong,builtup_m2,0.35000000000000003,118634441.0,0.09884365525977738
q20,inherited_strong,builtup_m2,0.36,121642840.0,0.10135018836376747
q20,inherited_strong,builtup_m2,0.37,124589301.0,0.10380511606322347
q20,inherited_strong,builtup_m2,0.38,127496407.0,0.1062272540262424
q20,inherited_strong,builtup_m2,0.39,130441823.0,0.10868131105425699
q20,inherited_strong,builtup_m2,0.4,133623772.0,0.11133244227179435
q20,inherited_strong,builtup_m2,0.41000000000000003,136711520.0,0.11390508724966437
q20,inherited_strong,builtup_m2,0.42,139764613.0,0.11644885842963765
q20,inherited_strong,builtup_m2,0.43,142879893.0,0.11904444247556979
q20,inherited_strong,builtup_m2,0.44,145891178.0,0.12155338013245932
q20,inherited_strong,builtup_m2,0.45,148973474.0,0.12412148262162256
q20,inherited_strong,builtup_m2,0.46,152053826.0,0.12668796541195126
q20,inherited_strong,builtup_m2,0.47000000000000003,155218543.0,0.12932473929907867
q20,inherited_strong,builtup_m2,0.48,158338800.0,0.1319244700739715
q20,inherited_strong,builtup_m2,0.49,161542478.0,0.13459370542524132
q20,inherited_strong,builtup_m2,0.5,164735261.0,0.1372538632977033
q20,inherited_strong,builtup_m2,0.51,168046252.0,0.14001250952398953
q20,inherited_strong,builtup_m2,0.52,171368512.0,0.14278054483780997
q20,inherited_strong,builtup_m2,0.53,174698095.0,0.1455546815171476
q20,inherited_strong,builtup_m2,0.54,178109806.0,0.14839724547317443
q20,inherited_strong,builtup_m2,0.55,181678682.0,0.15137075591445423
q20,inherited_strong,builtup_m2,0.56,185284216.0,0.15437480900999168
q20,inherited_strong,builtup_m2,0.5700000000000001,188794171.0,0.15729922774600893
q20,inherited_strong,builtup_m2,0.58,192540951.0,0.16042096395964547
q20,inherited_strong,builtup_m2,0.59,196324937.0,0.1635736994093099
q20,inherited_strong,builtup_m2,0.6,200118267.0,0.16673422007806388
q20,inherited_strong,builtup_m2,0.61,204109970.0,0.17006002084810684
q20,inherited_strong,builtup_m2,0.62,207979815.0,0.17328429216311877
q20,inherited_strong,builtup_m2,0.63,212096662.0,0.1767143602124574
q20,inherited_strong,builtup_m2,0.64,216290365.0,0.18020846302189275
q20,inherited_strong,builtup_m2,0.65,220556817.0,0.18376317872768336
q20,inherited_strong,builtup_m2,0.66,224847300.0,0.18733791654391277
q20,inherited_strong,builtup_m2,0.67,229337359.0,0.19107893677506183
q20,inherited_strong,builtup_m2,0.68,233815084.0,0.19480968058366702
q20,inherited_strong,builtup_m2,0.6900000000000001,238416356.0,0.19864336108564254
q20,inherited_strong,builtup_m2,0.7000000000000001,243297318.0,0.2027100732579035
q20,inherited_strong,builtup_m2,0.71,248254717.0,0.2068404710885062
q20,inherited_strong,builtup_m2,0.72,253269327.0,0.2110185358892855
q20,inherited_strong,builtup_m2,0.73,258468705.0,0.2153505453990473
q20,inherited_strong,builtup_m2,0.74,263529947.0,0.21956746297557386
q20,inherited_strong,builtup_m2,0.75,269045420.0,0.22416283601574027
q20,inherited_strong,builtup_m2,0.76,274677065.0,0.22885500105848236
q20,inherited_strong,builtup_m2,0.77,280490800.0,0.2336988795584173
q20,inherited_strong,builtup_m2,0.78,286835125.0,0.23898483419241762
q20,inherited_strong,builtup_m2,0.79,293353845.0,0.24441609097572406
q20,inherited_strong,builtup_m2,0.8,299923625.0,0.24988988984878976
q20,inherited_strong,builtup_m2,0.81,306772964.0,0.2555966112457688
q20,inherited_strong,builtup_m2,0.8200000000000001,314018764.0,0.26163365538947825
q20,inherited_strong,builtup_m2,0.8300000000000001,321789899.0,0.26810839731469366
q20,inherited_strong,builtup_m2,0.84,329840744.0,0.2748161875737627
q20,inherited_strong,builtup_m2,0.85,338567500.0,0.2820871322870285
q20,inherited_strong,builtup_m2,0.86,348133887.0,0.2900576394242402
q20,inherited_strong,builtup_m2,0.87,357778916.0,0.29809366937819387
q20,inherited_strong,builtup_m2,0.88,368071340.0,0.30666909487072397
q20,inherited_strong,builtup_m2,0.89,379006352.0,0.3157799108132
q20,inherited_strong,builtup_m2,0.9,392547638.0,0.32706221799040536
q20,inherited_strong,builtup_m2,0.91,406215505.0,0.33844998972428564
q20,inherited_strong,builtup_m2,0.92,420785645.0,0.3505895158442485
q20,inherited_strong,builtup_m2,0.93,440065197.0,0.3666528223797507
q20,inherited_strong,builtup_m2,0.9400000000000001,459222056.0,0.38261390375624715
q20,inherited_strong,builtup_m2,0.9500000000000001,480236236.0,0.400122464895646
q20,inherited_strong,builtup_m2,0.96,505120442.0,0.42085544815534953
q20,inherited_strong,builtup_m2,0.97,556158333.0,0.4633791171731021
q20,inherited_strong,builtup_m2,0.98,599092180.0,0.49915067167340127
q20,inherited_strong,builtup_m2,0.99,644068590.0,0.536624045572153
q20,inherited_strong,builtup_m2,1.0,720328834.0,0.6001624346303736
q20,inherited_strong,area_m2,0.0,0.0,0.0
q20,inherited_strong,area_m2,0.01,867908507.2538558,0.05849751036873741
q20,inherited_strong,area_m2,0.02,1074275809.2785258,0.0724067799392747
q20,inherited_strong,area_m2,0.03,1333973793.8316529,0.08991056682137899
q20,inherited_strong,area_m2,0.04,1988310624.5511408,0.13401322881828956
q20,inherited_strong,area_m2,0.05,2327789364.341599,0.15689428244880751
q20,inherited_strong,area_m2,0.06,2660910778.4123964,0.17934684883200028
q20,inherited_strong,area_m2,0.07,2969266566.0758862,0.20013019838479965
q20,inherited_strong,area_m2,0.08,3649854701.0984416,0.24600221271876757
q20,inherited_strong,area_m2,0.09,3951768079.4735518,0.2663513403449504
q20,inherited_strong,area_m2,0.1,4265255328.248208,0.2874805531967593
q20,inherited_strong,area_m2,0.11,4747793284.508456,0.3200038766389467
q20,inherited_strong,area_m2,0.12,5004060527.304268,0.33727642964116195
q20,inherited_strong,area_m2,0.13,5255197646.619947,0.3542032095014345
q20,inherited_strong,area_m2,0.14,5477362423.663199,0.36917723757010357
q20,inherited_strong,area_m2,0.15,5786186930.656769,0.38999217906334616
q20,inherited_strong,area_m2,0.16,5977916140.667685,0.4029148331874437
q20,inherited_strong,area_m2,0.17,6152824280.657986,0.41470373794773147
q20,inherited_strong,area_m2,0.18,6376148223.882373,0.42975589445405643
q20,inherited_strong,area_m2,0.19,6528943239.970885,0.4400543625105688
q20,inherited_strong,area_m2,0.2,6675294955.525984,0.44991854857005953
q20,inherited_strong,area_m2,0.21,6810067618.234544,0.4590023001041488
q20,inherited_strong,area_m2,0.22,6963807507.317482,0.46936445311976294
q20,inherited_strong,area_m2,0.23,7087578171.240392,0.47770666388928845
q20,inherited_strong,area_m2,0.24,7199210973.911062,0.4852307761397618
q20,inherited_strong,area_m2,0.25,7310333667.765478,0.4927205067756771
q20,inherited_strong,area_m2,0.26,7428417274.499062,0.5006794067651841
q20,inherited_strong,area_m2,0.27,7525702981.806946,0.507236516903417
q20,inherited_strong,area_m2,0.28,7622364153.88747,0.5137515330240977
q20,inherited_strong,area_m2,0.29,7720595222.452357,0.5203723610305985
q20,inherited_strong,area_m2,0.3,7808550792.970714,0.526300614821618
q20,inherited_strong,area_m2,0.31,7893680735.199394,0.532038419713022
q20,inherited_strong,area_m2,0.32,7975664268.367884,0.5375641549045849
q20,inherited_strong,area_m2,0.33,8058589308.281914,0.5431533481682247
q20,inherited_strong,area_m2,0.34,8135607140.617857,0.5483443923946546
q20,inherited_strong,area_m2,0.35000000000000003,8211053888.454542,0.5534295446624075
q20,inherited_strong,area_m2,0.36,8285183188.015404,0.5584259001923347
q20,inherited_strong,area_m2,0.37,8355291509.744746,0.5631512396065934
q20,inherited_strong,area_m2,0.38,8424651148.495835,0.5678261173766611
q20,inherited_strong,area_m2,0.39,8491678042.131452,0.5723437668439302
q20,inherited_strong,area_m2,0.4,8561438269.539353,0.5770456445096201
q20,inherited_strong,area_m2,0.41000000000000003,8627690990.84066,0.5815111143360919
q20,inherited_strong,area_m2,0.42,8692584955.520811,0.5858850032195607
q20,inherited_strong,area_m2,0.43,8757456554.097492,0.5902573846153638
q20,inherited_strong,area_m2,0.44,8819287490.109295,0.5944248236832255
q20,inherited_strong,area_m2,0.45,8880818289.386148,0.5985720333702041
q20,inherited_strong,area_m2,0.46,8942084250.060326,0.6027013927898142
q20,inherited_strong,area_m2,0.47000000000000003,9004165043.81196,0.6068856724066557
q20,inherited_strong,area_m2,0.48,9064170771.665623,0.610930091441572
q20,inherited_strong,area_m2,0.49,9124380067.795391,0.6149882310901735
q20,inherited_strong,area_m2,0.5,9182921214.371653,0.6189339365420974
q20,inherited_strong,area_m2,0.51,9241395159.83723,0.6228751126022293
q20,inherited_strong,area_m2,0.52,9298821534.210894,0.6267456817950483
q20,inherited_strong,area_m2,0.53,9356565166.425972,0.6306376343407354
q20,inherited_strong,area_m2,0.54,9412792354.113968,0.6344273776918988
q20,inherited_strong,area_m2,0.55,9470351983.457075,0.6383069283428918
q20,inherited_strong,area_m2,0.56,9527620222.021742,0.6421668390952773
q20,inherited_strong,area_m2,0.5700000000000001,9582412804.105728,0.6458598892403087
q20,inherited_strong,area_m2,0.58,9639366086.483568,0.6496985717726103
q20,inherited_strong,area_m2,0.59,9694903687.780981,0.6534418366220698
q20,inherited_strong,area_m2,0.6,9750492443.046293,0.6571885492770786
q20,inherited_strong,area_m2,0.61,9806087980.814476,0.6609357190765083
q20,inherited_strong,area_m2,0.62,9859426777.78955,0.6645307833062368
q20,inherited_strong,area_m2,0.63,9915338487.260921,0.6682992632522211
q20,inherited_strong,area_m2,0.64,9970159428.535389,0.6719942248222764
q20,inherited_strong,area_m2,0.65,10025395913.083538,0.6757171942373497
q20,inherited_strong,area_m2,0.66,10079250213.91332,0.679347003710193
q20,inherited_strong,area_m2,0.67,10134805156.351881,0.6830914373620961
q20,inherited_strong,area_m2,0.68,10189433854.15058,0.6867734416162325
q20,inherited_strong,area_m2,0.6900000000000001,10244531207.936811,0.69048703354149
q20,inherited_strong,area_m2,0.7000000000000001,10301353846.060219,0.6943169105792442
q20,inherited_strong,area_m2,0.71,10357553028.807684,0.698104766382025
q20,inherited_strong,area_m2,0.72,10413909995.389996,0.7019032569019884
q20,inherited_strong,area_m2,0.73,10471023876.764166,0.7057527638949037
q20,inherited_strong,area_m2,0.74,10527397201.051506,0.7095523569331758
q20,inherited_strong,area_m2,0.75,10585079540.289415,0.7134401782985166
q20,inherited_strong,area_m2,0.76,10644213286.622503,0.7174258252997279
q20,inherited_strong,area_m2,0.77,10701928914.728596,0.721315890353079
q20,inherited_strong,area_m2,0.78,10763079868.925194,0.7254374982728956
q20,inherited_strong,area_m2,0.79,10824032550.327581,0.7295457424974169
q20,inherited_strong,area_m2,0.8,10884942448.461496,0.7336511031061305
q20,inherited_strong,area_m2,0.81,10947044124.898129,0.7378367902274174
q20,inherited_strong,area_m2,0.8200000000000001,11009955382.890907,0.7420770435905135
q20,inherited_strong,area_m2,0.8300000000000001,11076827299.6921,0.7465842475339713
q20,inherited_strong,area_m2,0.84,11144930486.104568,0.7511744397259027
q20,inherited_strong,area_m2,0.85,11216185972.616453,0.7559770986769564
q20,inherited_strong,area_m2,0.86,11292912268.505348,0.7611484931866345
q20,inherited_strong,area_m2,0.87,11366935616.040035,0.7661377074917691
q20,inherited_strong,area_m2,0.88,11444370107.399807,0.77135683476539
q20,inherited_strong,area_m2,0.89,11524856304.93266,0.7767816487122143
q20,inherited_strong,area_m2,0.9,11619595277.03623,0.7831671074980575
q20,inherited_strong,area_m2,0.91,11714202390.146296,0.7895436789152721
q20,inherited_strong,area_m2,0.92,11809237619.77013,0.7959491056207965
q20,inherited_strong,area_m2,0.93,11925478348.690308,0.8037837946328824
q20,inherited_strong,area_m2,0.9400000000000001,12042978212.578283,0.8117033500337856
q20,inherited_strong,area_m2,0.9500000000000001,12161388355.415226,0.8196842587361146
q20,inherited_strong,area_m2,0.96,12299755629.107388,0.8290102890260029
q20,inherited_strong,area_m2,0.97,12534938559.872698,0.8448617478099756
q20,inherited_strong,area_m2,0.98,12733175433.814253,0.8582230220594402
q20,inherited_strong,area_m2,0.99,12934463326.315804,0.8717899366366085
q20,inherited_strong,area_m2,1.0,13263395358.008759,0.8939601363451597
q30,geographic,population,0.0,0.0,0.0
q30,geographic,population,0.01,374951.44750590686,0.01666405250530528
q30,geographic,population,0.02,436517.0642896802,0.019400227221873456
q30,geographic,population,0.03,505265.7263653637,0.022455639654920888
q30,geographic,population,0.04,603489.3502345908,0.026821014522269204
q30,geographic,population,0.05,660060.148332656,0.029335203375369528
q30,geographic,population,0.06,713928.5721353379,0.03172928999270892
q30,geographic,population,0.07,764842.7807042147,0.0339920817501523
q30,geographic,population,0.08,829480.718877347,0.03686480034536397
q30,geographic,population,0.09,873304.4789600366,0.03881246968723613
q30,geographic,population,0.1,918710.0321727642,0.04083043902113877
q30,geographic,population,0.11,968356.0156291202,0.04303686676130958
q30,geographic,population,0.12,1007224.769643661,0.044764319640935815
q30,geographic,population,0.13,1046959.4163818352,0.046530255587920684
q30,geographic,population,0.14,1083958.465032177,0.04817461272657642
q30,geographic,population,0.15,1143717.1003013605,0.0508304793524957
q30,geographic,population,0.16,1178983.3961698895,0.05239782736496481
q30,geographic,population,0.17,1212421.2291354795,0.053883912584554314
q30,geographic,population,0.18,1248544.540934954,0.05548934915106463
q30,geographic,population,0.19,1281883.8160842117,0.05697105414319511
q30,geographic,population,0.2,1315377.5584210777,0.058459624155694945
q30,geographic,population,0.21,1348043.1751136375,0.05991138959173695
q30,geographic,population,0.22,1380699.1382910341,0.061362725994407806
q30,geographic,population,0.23,1411643.5960940663,0.06273799757425631
q30,geographic,population,0.24,1442426.798466514,0.06410610244230813
q30,geographic,population,0.25,1473845.190805867,0.0655024372026027
q30,geographic,population,0.26,1506149.3918753925,0.06693814016186658
q30,geographic,population,0.27,1536343.921382554,0.06828008250780833
q30,geographic,population,0.28,1565585.9077328842,0.06957969076147068
q30,geographic,population,0.29,1597198.6798505527,0.0709846643864859
q30,geographic,population,0.3,1627088.8142501614,0.07231307843139465
q30,geographic,population,0.31,1657008.1241848138,0.07364278913124651
q30,geographic,population,0.32,1687195.559017866,0.07498441616697235
q30,geographic,population,0.33,1717514.9919808202,0.07633190962562288
q30,geographic,population,0.34,1748354.2803919187,0.07770250713825336
q30,geographic,population,0.35000000000000003,1779546.3689952667,0.07908878423011106
q30,geographic,population,0.36,1809632.1837962565,0.08042589494362735
q30,geographic,population,0.37,1841071.0415724264,0.08182313925398747
q30,geographic,population,0.38,1873047.7129464846,0.08324428573646318
q30,geographic,population,0.39,1904211.6826600386,0.08462931313410305
q30,geographic,population,0.4,1935161.102792529,0.08600480525588888
q30,geographic,population,0.41000000000000003,1968902.0487984808,0.08750436179730749
q30,geographic,population,0.42,2000833.5876981483,0.08892350244695353
q30,geographic,population,0.43,2032161.6790682778,0.09031582394072403
q30,geographic,population,0.44,2065793.3396726963,0.09181052348617334
q30,geographic,population,0.45,2100902.528105911,0.09337088913714346
q30,geographic,population,0.46,2133866.1855502054,0.09483590046613684
q30,geographic,population,0.47000000000000003,2170003.870019251,0.09644197580047155
q30,geographic,population,0.48,2205513.8934806003,0.09802015585381092
q30,geographic,population,0.49,2241627.5216573374,0.09962516204887233
q30,geographic,population,0.5,2279497.2228730405,0.10130821379761576
q30,geographic,population,0.51,2316947.149205696,0.1029726093957081
q30,geographic,population,0.52,2354785.597673563,0.1046542721714676
q30,geographic,population,0.53,2395590.0781690814,0.10646775498358106
q30,geographic,population,0.54,2437468.092708467,0.10832894911349908
q30,geographic,population,0.55,2480426.0436148997,0.11023813910112766
q30,geographic,population,0.56,2523017.0319228293,0.11213102008648511
q30,geographic,population,0.5700000000000001,2566155.0535529237,0.1140482129982622
q30,geographic,population,0.58,2610421.681820154,0.11601556483163881
q30,geographic,population,0.59,2657535.138283851,0.11810943889837407
q30,geographic,population,0.6,2706936.133279263,0.12030497856062566
q30,geographic,population,0.61,2758035.405333425,0.12257599513665854
q30,geographic,population,0.62,2809126.782793346,0.12484666085144307
q30,geographic,population,0.63,2860760.527709275,0.12714143112649587
q30,geographic,population,0.64,2910007.7312398925,0.1293301357996809
q30,geographic,population,0.65,2966397.007672986,0.13183625724411788
q30,geographic,population,0.66,3023585.3576391987,0.13437789209542414
q30,geographic,population,0.67,3083174.532999296,0.1370262273760417
q30,geographic,population,0.68,3143244.6693068347,0.13969593811349362
q30,geographic,population,0.6900000000000001,3207085.656728592,0.14253323764510814
q30,geographic,population,0.7000000000000001,3273997.2044168576,0.14550700278538256
q30,geographic,population,0.71,3343451.3419347946,0.14859376882404776
q30,geographic,population,0.72,3421468.805243878,0.15206111669951589
q30,geographic,population,0.73,3497608.8529008473,0.1554450261639331
q30,geographic,population,0.74,3577238.196297102,0.15898401119291414
q30,geographic,population,0.75,3665017.5388805126,0.16288520849038046
q30,geographic,population,0.76,3762489.9100071946,0.1672171952611371
q30,geographic,population,0.77,3857581.7700522975,0.17144338443618692
q30,geographic,population,0.78,3961262.0619988427,0.1760512712446127
q30,geographic,population,0.79,4079880.9618258146,0.18132307800249184
q30,geographic,population,0.8,4191628.0547222756,0.18628947948121266
q30,geographic,population,0.81,4317345.437044781,0.1918767657119686
q30,geographic,population,0.8200000000000001,4453305.474583802,0.19791926859932665
q30,geographic,population,0.8300000000000001,4611444.934716381,0.2049474966121507
q30,geographic,population,0.84,4766809.953427072,0.21185241949351094
q30,geographic,population,0.85,4943702.317257356,0.2197140870727753
q30,geographic,population,0.86,5151800.314397359,0.2289626337143648
q30,geographic,population,0.87,5355293.837921666,0.23800654268725974
q30,geographic,population,0.88,5581116.99416748,0.24804285260851885
q30,geographic,population,0.89,5825981.1902622925,0.2589254077967584
q30,geographic,population,0.9,6137532.00374633,0.272771731496807
q30,geographic,population,0.91,6447187.343449344,0.2865338142242723
q30,geographic,population,0.92,6794158.188106689,0.30195431842992426
q30,geographic,population,0.93,7297936.085553458,0.3243438341656463
q30,geographic,population,0.9400000000000001,7759410.964916169,0.3448532672422008
q30,geographic,population,0.9500000000000001,8285903.761435755,0.3682523064064093
q30,geographic,population,0.96,8888903.471330212,0.39505155973161965
q30,geographic,population,0.97,10237112.583263647,0.4549703240911993
q30,geographic,population,0.98,11296113.789306058,0.5020357556772298
q30,geographic,population,0.99,12300518.890061513,0.5466747601321243
q30,geographic,population,1.0,13925093.076694917,0.6188760803961199
q30,geographic,builtup_m2,0.0,0.0,0.0
q30,geographic,builtup_m2,0.01,45181884.0,0.036041049685192963
q30,geographic,builtup_m2,0.02,53269861.0,0.04249273241957602
q30,geographic,builtup_m2,0.03,62596840.0,0.049932752263630135
q30,geographic,builtup_m2,0.04,76830465.0,0.06128674506803388
q30,geographic,builtup_m2,0.05,84746780.0,0.06760149507355907
q30,geographic,builtup_m2,0.06,92311041.0,0.07363541580454867
q30,geographic,builtup_m2,0.07,99405835.0,0.07929484831206006
q30,geographic,builtup_m2,0.08,109005345.0,0.08695226288254382
q30,geographic,builtup_m2,0.09,115129585.0,0.09183749604643858
q30,geographic,builtup_m2,0.1,121375649.0,0.09681990676133695
q30,geographic,builtup_m2,0.11,128562755.0,0.10255297544963575
q30,geographic,builtup_m2,0.12,134013674.0,0.10690110848696023
q30,geographic,builtup_m2,0.13,139412980.0,0.11120807045011255
q30,geographic,builtup_m2,0.14,144540535.0,0.11529825988352704
q30,geographic,builtup_m2,0.15,151640084.0,0.12096148539779426
q30,geographic,builtup_m2,0.16,156441699.0,0.12479167638283968
q30,geographic,builtup_m2,0.17,160998860.0,0.12842686932929637
q30,geographic,builtup_m2,0.18,166031645.0,0.1324414618646562
q30,geographic,builtup_m2,0.19,170377832.0,0.13590836336898787
q30,geographic,builtup_m2,0.2,174734054.0,0.1393832696730661
q30,geographic,builtup_m2,0.21,178963981.0,0.14275743196279575
q30,geographic,builtup_m2,0.22,183213360.0,0.1461471108807934
q30,geographic,builtup_m2,0.23,187317386.0,0.14942084344527265
q30,geographic,builtup_m2,0.24,191450705.0,0.15271794268628153
q30,geographic,builtup_m2,0.25,195483812.0,0.1559351040107783
q30,geographic,builtup_m2,0.26,199566220.0,0.15919159215463768
q30,geographic,builtup_m2,0.27,203425116.0,0.16226978744339526
q30,geographic,builtup_m2,0.28,207237875.0,0.16531117979783244
q30,geographic,builtup_m2,0.29,211138708.0,0.1684228277310315
q30,geographic,builtup_m2,0.3,214891147.0,0.17141610354130218
q30,geographic,builtup_m2,0.31,218602855.0,0.1743768887189395
q30,geographic,builtup_m2,0.32,222325323.0,0.17734625702017148
q30,geographic,builtup_m2,0.33,226079507.0,0.18034092479611807
q30,geographic,builtup_m2,0.34,229840197.0,0.18334078233062479
q30,geographic,builtup_m2,0.35000000000000003,233620314.0,0.18635613655119784
q30,geographic,builtup_m2,0.36,237373536.0,0.18935003695122454
q30,geographic,builtup_m2,0.37,241133619.0,0.19234941028907493
q30,geographic,builtup_m2,0.38,244922188.0,0.19537150656918537
q30,geographic,builtup_m2,0.39,248653482.0,0.1983479152652916
q30,geographic,builtup_m2,0.4,252443746.0,0.20137136362667463
q30,geographic,builtup_m2,0.41000000000000003,256297797.0,0.20444569411675043
q30,geographic,builtup_m2,0.42,260097368.0,0.20747656656096763
q30,geographic,builtup_m2,0.43,263878052.0,0.21049237307067434
q30,geographic,builtup_m2,0.44,267686573.0,0.21353038482308603
q30,geographic,builtup_m2,0.45,271666457.0,0.2167050907956237
q30,geographic,builtup_m2,0.46,275447665.0,0.21972131529387723
q30,geographic,builtup_m2,0.47000000000000003,279458255.0,0.2229205150761824
q30,geographic,builtup_m2,0.48,283486177.0,0.2261335403880548
q30,geographic,builtup_m2,0.49,287489726.0,0.22932712364868432
q30,geographic,builtup_m2,0.5,291608776.0,0.23261284067867347
q30,geographic,builtup_m2,0.51,295755588.0,0.23592070312476257
q30,geographic,builtup_m2,0.52,299897713.0,0.23922482680688437
q30,geographic,builtup_m2,0.53,304258147.0,0.24270309297309833
q30,geographic,builtup_m2,0.54,308741295.0,0.24627924663269504
q30,geographic,builtup_m2,0.55,313164956.0,0.24980794822228458
q30,geographic,builtup_m2,0.56,317580954.0,0.2533305371282211
q30,geographic,builtup_m2,0.5700000000000001,322084213.0,0.2569227330925216
q30,geographic,builtup_m2,0.58,326627403.0,0.26054678153900235
q30,geographic,builtup_m2,0.59,331280278.0,0.26425832440104835
q30,geographic,builtup_m2,0.6,336004903.0,0.2680271013818601
q30,geographic,builtup_m2,0.61,340964755.0,0.27198351613347166
q30,geographic,builtup_m2,0.62,345821069.0,0.2758573398580622
q30,geographic,builtup_m2,0.63,350967879.0,0.27996288877519565
q30,geographic,builtup_m2,0.64,355842706.0,0.28385148009895983
q30,geographic,builtup_m2,0.65,361052088.0,0.28800694195378534
q30,geographic,builtup_m2,0.66,366445057.0,0.29230884896766074
q30,geographic,builtup_m2,0.67,372002285.0,0.29674178342563834
q30,geographic,builtup_m2,0.68,377489241.0,0.3011186627478124
q30,geographic,builtup_m2,0.6900000000000001,383257786.0,0.3057201622549217
q30,geographic,builtup_m2,0.7000000000000001,389114149.0,0.31039171313264796
q30,geographic,builtup_m2,0.71,395137143.0,0.31519618357056994
q30,geographic,builtup_m2,0.72,401474312.0,0.32025126765675954
q30,geographic,builtup_m2,0.73,407850709.0,0.3253376434504187
q30,geographic,builtup_m2,0.74,414402898.0,0.33056424642465
q30,geographic,builtup_m2,0.75,421344229.0,0.3361012633284243
q30,geographic,builtup_m2,0.76,428630901.0,0.34191375462674434
q30,geographic,builtup_m2,0.77,435985999.0,0.34778082852869724
q30,geographic,builtup_m2,0.78,443539636.0,0.3538062746216692
q30,geographic,builtup_m2,0.79,451861480.0,0.3604445102710818
q30,geographic,builtup_m2,0.8,460120069.0,0.36703228816185296
q30,geographic,builtup_m2,0.81,469043697.0,0.37415055972662836
q30,geographic,builtup_m2,0.8200000000000001,478367685.0,0.3815881936856758
q30,geographic,builtup_m2,0.8300000000000001,488706438.0,0.3898352935754444
q30,geographic,builtup_m2,0.84,498630444.0,0.39775155473272933
q30,geographic,builtup_m2,0.85,509645629.0,0.4065382363566428
q30,geographic,builtup_m2,0.86,522520277.0,0.4168081894256067
q30,geographic,builtup_m2,0.87,534682951.0,0.42651020933116895
q30,geographic,builtup_m2,0.88,547878432.0,0.43703608705554675
q30,geographic,builtup_m2,0.89,562072692.0,0.4483586788692158
q30,geographic,builtup_m2,0.9,579368226.0,0.46215511994338493
q30,geographic,builtup_m2,0.91,596412014.0,0.47575074623758495
q30,geographic,builtup_m2,0.92,614584317.0,0.4902465754800615
q30,geographic,builtup_m2,0.93,640061952.0,0.5105697808801775
q30,geographic,builtup_m2,0.9400000000000001,663085006.0,0.5289349963085309
q30,geographic,builtup_m2,0.9500000000000001,688349850.0,0.5490884608673052
q30,geographic,builtup_m2,0.96,717521519.0,0.5723583531061726
q30,geographic,builtup_m2,0.97,776010145.0,0.6190140320877012
q30,geographic,builtup_m2,0.98,820473751.0,0.6544821199839219
q30,geographic,builtup_m2,0.99,863962080.0,0.6891722410557881
q30,geographic,builtup_m2,1.0,933952920.0,0.745003098882531
q30,geographic,area_m2,0.0,0.0,0.0
q30,geographic,area_m2,0.01,3192945296.3890343,0.212003121483524
q30,geographic,area_m2,0.02,3656902539.5404034,0.242808655137426
q30,geographic,area_m2,0.03,4195467751.1146126,0.27856796053651706
q30,geographic,area_m2,0.04,5401684680.765893,0.3586575738980565
q30,geographic,area_m2,0.05,5817911044.4363,0.3862939034154011
q30,geographic,area_m2,0.06,6192949735.093898,0.41119548039713744
q30,geographic,area_m2,0.07,6518494769.344354,0.4328108095174357
q30,geographic,area_m2,0.08,7117763032.79554,0.4726006369853043
q30,geographic,area_m2,0.09,7349253162.766011,0.4879709692618605
q30,geographic,area_m2,0.1,7574787993.211707,0.5029458854033361
q30,geographic,area_m2,0.11,7878794899.861369,0.5231311398250661
q30,geographic,area_m2,0.12,8045719368.277768,0.5342144829679242
q30,geographic,area_m2,0.13,8199645273.8203945,0.544434755920649
q30,geographic,area_m2,0.14,8338432454.301618,0.553649857575285
q30,geographic,area_m2,0.15,8510492503.103629,0.5650741896707602
q30,geographic,area_m2,0.16,8623917885.707413,0.5726053350350919
q30,geographic,area_m2,0.17,8727999248.92008,0.5795160622292911
q30,geographic,area_m2,0.18,8849488362.653748,0.5875826180099154
q30,geographic,area_m2,0.19,8939925816.725748,0.5935874257289735
q30,geographic,area_m2,0.2,9026563076.33277,0.5993399105880906
q30,geographic,area_m2,0.21,9109862900.758026,0.6048707985795496
q30,geographic,area_m2,0.22,9194511815.375435,0.6104912625910622
q30,geographic,area_m2,0.23,9270976610.983557,0.6155683227495481
q30,geographic,area_m2,0.24,9341709498.898888,0.6202647993996658
q30,geographic,area_m2,0.25,9411858879.588598,0.6249225327135355
q30,geographic,area_m2,0.26,9481386342.923815,0.629538972360205
q30,geographic,area_m2,0.27,9545780975.997015,0.6338146056551893
q30,geographic,area_m2,0.28,9608811423.253317,0.637999660620569
q30,geographic,area_m2,0.29,9670356429.808823,0.6420860862528048
q30,geographic,area_m2,0.3,9728914526.96271,0.6459741890019497
q30,geographic,area_m2,0.31,9785223593.357351,0.6497129620579704
q30,geographic,area_m2,0.32,9840075180.398178,0.6533549623403214
q30,geographic,area_m2,0.33,9895000012.116964,0.6570018258755372
q30,geographic,area_m2,0.34,9947586671.57325,0.6604934409576158
q30,geographic,area_m2,0.35000000000000003,9999571307.573168,0.663945083274705
q30,geographic,area_m2,0.36,10052773572.106546,0.667477572905462
q30,geographic,area_m2,0.37,10102818985.538502,0.6708004559738022
q30,geographic,area_m2,0.38,10151905774.685003,0.6740596889254068
q30,geographic,area_m2,0.39,10201075798.263294,0.6773244484231048
q30,geographic,area_m2,0.4,10250556812.967987,0.6806098569089409
q30,geographic,area_m2,0.41000000000000003,10300420607.904287,0.6839206809895993
q30,geographic,area_m2,0.42,10347607905.7819,0.6870537927456136
q30,geographic,area_m2,0.43,10395422044.066828,0.6902285250465124
q30,geographic,area_m2,0.44,10441527736.606524,0.6932898210692252
q30,geographic,area_m2,0.45,10487850239.841236,0.6963655127485646
q30,geographic,area_m2,0.46,10532416706.720087,0.6993246082590621
q30,geographic,area_m2,0.47000000000000003,10579599656.236734,0.7024574312954107
q30,geographic,area_m2,0.48,10625174461.85118,0.7054834778306251
q30,geographic,area_m2,0.49,10668948684.84345,0.7083899704427512
q30,geographic,area_m2,0.5,10712697797.195055,0.7112947957747613
q30,geographic,area_m2,0.51,10756721477.953299,0.7142178517226653
q30,geographic,area_m2,0.52,10800179159.004673,0.7171033267872541
q30,geographic,area_m2,0.53,10845121237.662594,0.7200873619262878
q30,geographic,area_m2,0.54,10891620131.226307,0.7231747654568731
q30,geographic,area_m2,0.55,10934811563.964085,0.7260425623377373
q30,geographic,area_m2,0.56,10978171209.774729,0.7289215281216712
q30,geographic,area_m2,0.5700000000000001,11021038927.756285,0.7317678311990347
q30,geographic,area_m2,0.58,11064156679.323269,0.7346307358450647
q30,geographic,area_m2,0.59,11107224728.45857,0.7374903403811072
q30,geographic,area_m2,0.6,11151068916.503424,0.7404014784876483
q30,geographic,area_m2,0.61,11195845085.915844,0.7433744976916552
q30,geographic,area_m2,0.62,11238631588.275412,0.7462154082665557
q30,geographic,area_m2,0.63,11281901012.702854,0.7490883835893047
q30,geographic,area_m2,0.64,11323569965.219294,0.7518550918108406
q30,geographic,area_m2,0.65,11366432393.62488,0.7547010436743521
q30,geographic,area_m2,0.66,11409695990.812048,0.7575736320837615
q30,geographic,area_m2,0.67,11452950583.848259,0.7604456226413657
q30,geographic,area_m2,0.68,11497321387.417606,0.763391726625694
q30,geographic,area_m2,0.6900000000000001,11541976136.813625,0.7663566838618004
q30,geographic,area_m2,0.7000000000000001,11587048400.053612,0.7693493629127102
q30,geographic,area_m2,0.71,11633496733.18902,0.7724334093646019
q30,geographic,area_m2,0.72,11680445364.2313,0.7755506742740879
q30,geographic,area_m2,0.73,11727194309.418577,0.7786546805710242
q30,geographic,area_m2,0.74,11774401193.216478,0.7817890927803356
q30,geographic,area_m2,0.75,11822709734.46438,0.7849966521301475
q30,geographic,area_m2,0.76,11871476902.062294,0.7882346630564105
q30,geographic,area_m2,0.77,11920085509.33787,0.791462145996705
q30,geographic,area_m2,0.78,11969321680.866077,0.7947312975432983
q30,geographic,area_m2,0.79,12020977772.276249,0.798161125368717
q30,geographic,area_m2,0.8,12073131687.97971,0.8016240074103311
q30,geographic,area_m2,0.81,12127579636.60167,0.8052392071694013
q30,geographic,area_m2,0.8200000000000001,12183636642.458942,0.8089612440725085
q30,geographic,area_m2,0.8300000000000001,12243145038.77021,0.8129124441719072
q30,geographic,area_m2,0.84,12300879338.51179,0.81674584895204
q30,geographic,area_m2,0.85,12363532233.823692,0.8209058354670378
q30,geographic,area_m2,0.86,12435422150.29098,0.8256791357523545
q30,geographic,area_m2,0.87,12500469734.740643,0.8299981232915046
q30,geographic,area_m2,0.88,12568535130.934553,0.834517485547551
q30,geographic,area_m2,0.89,12640543907.110222,0.8392986778030885
q30,geographic,area_m2,0.9,12725918733.056604,0.8449673404066148
q30,geographic,area_m2,0.91,12809142802.719227,0.8504931984822267
q30,geographic,area_m2,0.92,12894135613.729801,0.8561364963045472
q30,geographic,area_m2,0.93,13003872759.80699,0.863422752519888
q30,geographic,area_m2,0.9400000000000001,13106793406.030165,0.8702564111763925
q30,geographic,area_m2,0.9500000000000001,13212610196.826115,0.8772823661714502
q30,geographic,area_m2,0.96,13333648579.193216,0.88531899458164
q30,geographic,area_m2,0.97,13545184800.69684,0.8993644401194373
q30,geographic,area_m2,0.98,13708079713.832264,0.9101802314508932
q30,geographic,area_m2,0.99,13865253721.39119,0.9206161697853993
q30,geographic,area_m2,1.0,14112641602.693487,0.9370420706965724
q30,inherited_strong,population,0.0,0.0,0.0
q30,inherited_strong,population,0.01,373217.54929197655,0.018079948349574406
q30,inherited_strong,population,0.02,434332.0957216568,0.021040548259606665
q30,inherited_strong,population,0.03,502623.62162152183,0.02434882586693119
q30,inherited_strong,population,0.04,600093.530077172,0.0290706051987419
q30,inherited_strong,population,0.05,656082.0488934254,0.03178288260983201
q30,inherited_strong,population,0.06,709325.8744145926,0.034362197588944515
q30,inherited_strong,population,0.07,759797.8414752522,0.036807234161552876
q30,inherited_strong,population,0.08,823544.8945848586,0.03989536179608058
q30,inherited_strong,population,0.09,866740.7349382938,0.041987917636469516
q30,inherited_strong,population,0.1,911360.4021888091,0.04414944857410878
q30,inherited_strong,population,0.11,960395.1330736572,0.04652486045764743
q30,inherited_strong,population,0.12,998837.366373799,0.048387135138533655
q30,inherited_strong,population,0.13,1038167.1969583404,0.05029240810041607
q30,inherited_strong,population,0.14,1074712.8011766116,0.05206280351168173
q30,inherited_strong,population,0.15,1130077.8944156151,0.054744880032546114
q30,inherited_strong,population,0.16,1164382.0528248372,0.056406692059850175
q30,inherited_strong,population,0.17,1197337.6400198764,0.05800317463535219
q30,inherited_strong,population,0.18,1233086.1425264312,0.05973495568401747
q30,inherited_strong,population,0.19,1266120.0686308362,0.061335233267117005
q30,inherited_strong,population,0.2,1299428.7532021133,0.06294882110022779
q30,inherited_strong,population,0.21,1331409.4603718435,0.0644980771170161
q30,inherited_strong,population,0.22,1363717.3490496522,0.06606318293716501
q30,inherited_strong,population,0.23,1394115.1684093592,0.06753575839618566
q30,inherited_strong,population,0.24,1424448.8998683447,0.06900522921573511
q30,inherited_strong,population,0.25,1455440.8260869249,0.07050658526490468
q30,inherited_strong,population,0.26,1487497.267766326,0.07205951012316555
q30,inherited_strong,population,0.27,1517270.2266404124,0.07350181518003834
q30,inherited_strong,population,0.28,1546066.1962763474,0.07489679150063552
q30,inherited_strong,population,0.29,1577174.1027414969,0.07640376603390779
q30,inherited_strong,population,0.3,1606515.13125024,0.07782514689064358
q30,inherited_strong,population,0.31,1636065.170033876,0.07925665292767106
q30,inherited_strong,population,0.32,1665975.5968755055,0.08070561740813637
q30,inherited_strong,population,0.33,1696038.5549818901,0.08216197103038694
q30,inherited_strong,population,0.34,1726538.0181916312,0.08363947046889932
q30,inherited_strong,population,0.35000000000000003,1757237.0900707266,0.0851266396414285
q30,inherited_strong,population,0.36,1786737.0193225155,0.08655571819949809
q30,inherited_strong,population,0.37,1817532.1083559438,0.088047538774927
q30,inherited_strong,population,0.38,1849121.64256248,0.08957784502104213
q30,inherited_strong,population,0.39,1879734.6149532946,0.0910608432367018
q30,inherited_strong,population,0.4,1910385.0832118688,0.09254565788182385
q30,inherited_strong,population,0.41000000000000003,1943614.1774672007,0.09415539008487613
q30,inherited_strong,population,0.42,1975152.5040808206,0.09568321565815903
q30,inherited_strong,population,0.43,2005931.493223656,0.0971742562992282
q30,inherited_strong,population,0.44,2038857.3225963535,0.0987692973029393
q30,inherited_strong,population,0.45,2073508.6577728323,0.10044792777308477
q30,inherited_strong,population,0.46,2106100.964820634,0.10202681180234763
q30,inherited_strong,population,0.47000000000000003,2141502.419879757,0.10374178067287089
q30,inherited_strong,population,0.48,2176433.9186064154,0.10543398323394908
q30,inherited_strong,population,0.49,2211759.067575669,0.10714525557367893
q30,inherited_strong,population,0.5,2249025.9006714923,0.10895058980515578
q30,inherited_strong,population,0.51,2285740.338015796,0.11072916407672465
q30,inherited_strong,population,0.52,2323247.9301875043,0.11254616151017295
q30,inherited_strong,population,0.53,2362721.9953776333,0.11445842169498792
q30,inherited_strong,population,0.54,2404089.156725737,0.11646239000237614
q30,inherited_strong,population,0.55,2445990.31890828,0.11849222715629534
q30,inherited_strong,population,0.56,2487870.437353036,0.12052104487880515
q30,inherited_strong,population,0.5700000000000001,2530237.894301993,0.12257347096325141
q30,inherited_strong,population,0.58,2573554.9500004915,0.1246718988940125
q30,inherited_strong,population,0.59,2619679.228490028,0.12690631840170777
q30,inherited_strong,population,0.6,2667631.1041373597,0.12922927303396897
q30,inherited_strong,population,0.61,2717361.065855058,0.1316383643025548
q30,inherited_strong,population,0.62,2767615.8741671094,0.13407288095463438
q30,inherited_strong,population,0.63,2817984.63046005,0.1365129176408413
q30,inherited_strong,population,0.64,2866521.137055964,0.13886419381739748
q30,inherited_strong,population,0.65,2922099.0734106866,0.14155658119461378
q30,inherited_strong,population,0.66,2977697.5299932887,0.14424996264260967
q30,inherited_strong,population,0.67,3035264.9251310905,0.1470387262810975
q30,inherited_strong,population,0.68,3093901.3523535347,0.14987927752954908
q30,inherited_strong,population,0.6900000000000001,3156135.8528616144,0.1528941318869667
q30,inherited_strong,population,0.7000000000000001,3221782.3967571124,0.15607427742195104
q30,inherited_strong,population,0.71,3289285.7338118497,0.15934437243674565
q30,inherited_strong,population,0.72,3365219.440182986,0.1630228636861158
q30,inherited_strong,population,0.73,3439216.197468752,0.16660752242550428
q30,inherited_strong,population,0.74,3516266.4940451174,0.17034010516461404
q30,inherited_strong,population,0.75,3601971.7355800113,0.17449196335879139
q30,inherited_strong,population,0.76,3696549.5303419014,0.17907363870486112
q30,inherited_strong,population,0.77,3789040.112406183,0.18355420225209151
q30,inherited_strong,population,0.78,3888565.752142949,0.18837556831409133
q30,inherited_strong,population,0.79,4003789.374973567,0.19395739894713762
q30,inherited_strong,population,0.8,4111939.74016346,0.19919657652689057
q30,inherited_strong,population,0.81,4233513.683360615,0.2050860386323798
q30,inherited_strong,population,0.8200000000000001,4365062.594888994,0.21145872268860338
q30,inherited_strong,population,0.8300000000000001,4518548.896658067,0.21889412976851289
q30,inherited_strong,population,0.84,4667698.073641509,0.2261194315297989
q30,inherited_strong,population,0.85,4837795.842702352,0.23435955551333634
q30,inherited_strong,population,0.86,5037821.094234148,0.24404947021098705
q30,inherited_strong,population,0.87,5232153.851164206,0.25346362079043133
q30,inherited_strong,population,0.88,5447466.183419418,0.26389409452776136
q30,inherited_strong,population,0.89,5681540.171544437,0.27523344773692254
q30,inherited_strong,population,0.9,5978185.118653911,0.2896039545152779
q30,inherited_strong,population,0.91,6270151.389251083,0.3037478100285808
q30,inherited_strong,population,0.92,6598415.700878604,0.3196500681364682
q30,inherited_strong,population,0.93,7073356.1791802095,0.34265782683673623
q30,inherited_strong,population,0.9400000000000001,7508738.796354046,0.36374926598727647
q30,inherited_strong,population,0.9500000000000001,8001574.965711268,0.3876239538300227
q30,inherited_strong,population,0.96,8565649.431904815,0.414949671051628
q30,inherited_strong,population,0.97,9786810.618896743,0.47410694066342346
q30,inherited_strong,population,0.98,10746964.594414046,0.5206201186153279
q30,inherited_strong,population,0.99,11666720.921446238,0.5651762948146601
q30,inherited_strong,population,1.0,13141347.840678228,0.6366123207603447
q30,inherited_strong,builtup_m2,0.0,0.0,0.0
q30,inherited_strong,builtup_m2,0.01,44947125.0,0.037448974268931914
q30,inherited_strong,builtup_m2,0.02,52973549.0,0.04413641747798116
q30,inherited_strong,builtup_m2,0.03,62245689.0,0.051861764366751786
q30,inherited_strong,builtup_m2,0.04,76379165.0,0.06363747146825309
q30,inherited_strong,builtup_m2,0.05,84220301.0,0.07017053671554523
q30,inherited_strong,builtup_m2,0.06,91702117.0,0.076404224295538
q30,inherited_strong,builtup_m2,0.07,98733103.0,0.08226229005167303
q30,inherited_strong,builtup_m2,0.08,108225520.0,0.0901711669816874
q30,inherited_strong,builtup_m2,0.09,114268095.0,0.09520571002961518
q30,inherited_strong,builtup_m2,0.1,120414667.0,0.10032690113294243
q30,inherited_strong,builtup_m2,0.11,127517040.0,0.1062444449964344
q30,inherited_strong,builtup_m2,0.12,132907177.0,0.11073539078704989
q30,inherited_strong,builtup_m2,0.13,138250549.0,0.1151873729891892
q30,inherited_strong,builtup_m2,0.14,143318332.0,0.11940974038571413
q30,inherited_strong,builtup_m2,0.15,150029631.0,0.12500144983458564
q30,inherited_strong,builtup_m2,0.16,154757609.0,0.12894069904053765
q30,inherited_strong,builtup_m2,0.17,159269271.0,0.13269971842493916
q30,inherited_strong,builtup_m2,0.18,164261899.0,0.1368594682978476
q30,inherited_strong,builtup_m2,0.19,168577619.0,0.14045523303768168
q30,inherited_strong,builtup_m2,0.2,172909238.0,0.1440642444811014
q30,inherited_strong,builtup_m2,0.21,177094022.0,0.1475509161722727
q30,inherited_strong,builtup_m2,0.22,181300654.0,0.15105579114540757
q30,inherited_strong,builtup_m2,0.23,185353175.0,0.15443226416016229
q30,inherited_strong,builtup_m2,0.24,189444979.0,0.1578414669225083
q30,inherited_strong,builtup_m2,0.25,193430239.0,0.16116189952403742
q30,inherited_strong,builtup_m2,0.26,197474240.0,0.16453127385871477
q30,inherited_strong,builtup_m2,0.27,201297807.0,0.16771698734313759
q30,inherited_strong,builtup_m2,0.28,205071002.0,0.17086073196454912
q30,inherited_strong,builtup_m2,0.29,208942547.0,0.17408641968286284
q30,inherited_strong,builtup_m2,0.3,212651173.0,0.17717636680733614
q30,inherited_strong,builtup_m2,0.31,216321329.0,0.18023426155826774
q30,inherited_strong,builtup_m2,0.32,220017031.0,0.18331344068493358
q30,inherited_strong,builtup_m2,0.33,223749728.0,0.18642344324698218
q30,inherited_strong,builtup_m2,0.34,227477786.0,0.18952958069437367
q30,inherited_strong,builtup_m2,0.35000000000000003,231221622.0,0.19264886403076284
q30,inherited_strong,builtup_m2,0.36,234934429.0,0.1957422946741802
q30,inherited_strong,builtup_m2,0.37,238648462.0,0.1988367467943317
q30,inherited_strong,builtup_m2,0.38,242403248.0,0.20196515343434138
q30,inherited_strong,builtup_m2,0.39,246093322.0,0.2050396434328998
q30,inherited_strong,builtup_m2,0.4,249854725.0,0.2081735632144672
q30,inherited_strong,builtup_m2,0.41000000000000003,253671956.0,0.21135399768046628
q30,inherited_strong,builtup_m2,0.42,257433086.0,0.214487690004327
q30,inherited_strong,builtup_m2,0.43,261177208.0,0.21760721162974225
q30,inherited_strong,builtup_m2,0.44,264939610.0,0.2207419637565441
q30,inherited_strong,builtup_m2,0.45,268877613.0,0.2240230228458179
q30,inherited_strong,builtup_m2,0.46,272621809.0,0.2271426061264357
q30,inherited_strong,builtup_m2,0.47000000000000003,276577842.0,0.2304386874224929
q30,inherited_strong,builtup_m2,0.48,280568519.0,0.2337636333514843
q30,inherited_strong,builtup_m2,0.49,284518190.0,0.23705441396647908
q30,inherited_strong,builtup_m2,0.5,288604217.0,0.2404588034571342
q30,inherited_strong,builtup_m2,0.51,292706784.0,0.24387697371873754
q30,inherited_strong,builtup_m2,0.52,296816023.0,0.24730070294671133
q30,inherited_strong,builtup_m2,0.53,301106685.0,0.25087558990187664
q30,inherited_strong,builtup_m2,0.54,305543209.0,0.25457200592669466
q30,inherited_strong,builtup_m2,0.55,309904608.0,0.25820582942324855
q30,inherited_strong,builtup_m2,0.56,314279504.0,0.2618508983288405
q30,inherited_strong,builtup_m2,0.5700000000000001,318743434.0,0.2655701484412406
q30,inherited_strong,builtup_m2,0.58,323227441.0,0.26930612627663525
q30,inherited_strong,builtup_m2,0.59,327818632.0,0.27313140750703097
q30,inherited_strong,builtup_m2,0.6,332469228.0,0.27700618370104113
q30,inherited_strong,builtup_m2,0.61,337355258.0,0.2810771184214983
q30,inherited_strong,builtup_m2,0.62,342166800.0,0.28508599134834034
q30,inherited_strong,builtup_m2,0.63,347245951.0,0.2893178303170624
q30,inherited_strong,builtup_m2,0.64,352070647.0,0.2933376628727468
q30,inherited_strong,builtup_m2,0.65,357229747.0,0.2976361136223965
q30,inherited_strong,builtup_m2,0.66,362560459.0,0.30207754778582935
q30,inherited_strong,builtup_m2,0.67,368017012.0,0.3066238299539116
q30,inherited_strong,builtup_m2,0.68,373434717.0,0.31113774480701206
q30,inherited_strong,builtup_m2,0.6900000000000001,379122853.0,0.3158769769314735
q30,inherited_strong,builtup_m2,0.7000000000000001,384907070.0,0.32069626167101845
q30,inherited_strong,builtup_m2,0.71,390832140.0,0.3256329020895462
q30,inherited_strong,builtup_m2,0.72,397071377.0,0.3308312996704987
q30,inherited_strong,builtup_m2,0.73,403349441.0,0.33606204706968623
q30,inherited_strong,builtup_m2,0.74,409790161.0,0.3414283159367916
q30,inherited_strong,builtup_m2,0.75,416617861.0,0.34711700818609537
q30,inherited_strong,builtup_m2,0.76,423794531.0,0.35309645470612566
q30,inherited_strong,builtup_m2,0.77,431034744.0,0.35912884388204264
q30,inherited_strong,builtup_m2,0.78,438437784.0,0.365296896999386
q30,inherited_strong,builtup_m2,0.79,446610531.0,0.3721062533733363
q30,inherited_strong,builtup_m2,0.8,454715458.0,0.3788591035873282
q30,inherited_strong,builtup_m2,0.81,463504374.0,0.38618183867073574
q30,inherited_strong,builtup_m2,0.8200000000000001,472657573.0,0.39380808648590554
q30,inherited_strong,builtup_m2,0.8300000000000001,482823454.0,0.4022780790825405
q30,inherited_strong,builtup_m2,0.84,492550434.0,0.4103823888406043
q30,inherited_strong,builtup_m2,0.85,503329096.0,0.41936293733823377
q30,inherited_strong,builtup_m2,0.86,515916355.0,0.4298503698137788
q30,inherited_strong,builtup_m2,0.87,527761464.0,0.4397194589302394
q30,inherited_strong,builtup_m2,0.88,540587380.0,0.45040573526625605
q30,inherited_strong,builtup_m2,0.89,554408264.0,0.46192099746133286
q30,inherited_strong,builtup_m2,0.9,571212271.0,0.475921733342837
q30,inherited_strong,builtup_m2,0.91,587715534.0,0.48967189581575193
q30,inherited_strong,builtup_m2,0.92,605285403.0,0.5043107313828656
q30,inherited_strong,builtup_m2,0.93,629849082.0,0.5247766584654389
q30,inherited_strong,builtup_m2,0.9400000000000001,652034696.0,0.543261233125697
q30,inherited_strong,builtup_m2,0.9500000000000001,676258425.0,0.5634439212068274
q30,inherited_strong,builtup_m2,0.96,704208069.0,0.5867309612340106
q30,inherited_strong,builtup_m2,0.97,758704522.0,0.6321362294496097
q30,inherited_strong,builtup_m2,0.98,800596589.0,0.6670397953429871
q30,inherited_strong,builtup_m2,0.99,841731351.0,0.7013123910584336
q30,inherited_strong,builtup_m2,1.0,907812665.0,0.7563699153749102
q30,inherited_strong,area_m2,0.0,0.0,0.0
q30,inherited_strong,area_m2,0.01,3181326103.326097,0.21442312773784206
q30,inherited_strong,area_m2,0.02,3643301922.3802505,0.2455605518319256
q30,inherited_strong,area_m2,0.03,4179345618.876753,0.2816901915713927
q30,inherited_strong,area_m2,0.04,5377118287.828047,0.36242072772325773
q30,inherited_strong,area_m2,0.05,5789866989.654765,0.39024021706227535
q30,inherited_strong,area_m2,0.06,6161760431.64687,0.41530603943545724
q30,inherited_strong,area_m2,0.07,6484518140.967896,0.43706008642289423
q30,inherited_strong,area_m2,0.08,7076996338.015948,0.476993442514462
q30,inherited_strong,area_m2,0.09,7306323057.478907,0.4924501894382356
q30,inherited_strong,area_m2,0.1,7529603175.952437,0.5074993921322679
q30,inherited_strong,area_m2,0.11,7830715707.42946,0.5277945422373951
q30,inherited_strong,area_m2,0.12,7996350454.653241,0.5389584152288052
q30,inherited_strong,area_m2,0.13,8149194941.781946,0.5492602176606145
q30,inherited_strong,area_m2,0.14,8286809010.448096,0.5585354815178077
q30,inherited_strong,area_m2,0.15,8456502258.361124,0.569972899686119
q30,inherited_strong,area_m2,0.16,8569062405.777978,0.5775595154821295
q30,inherited_strong,area_m2,0.17,8672394897.215097,0.5845241821938274
q30,inherited_strong,area_m2,0.18,8793243566.056084,0.5926694488889791
q30,inherited_strong,area_m2,0.19,8883048776.35351,0.5987223694176217
q30,inherited_strong,area_m2,0.2,8969245137.55291,0.604532051533728
q30,inherited_strong,area_m2,0.21,9051970765.736307,0.6101078043371317
q30,inherited_strong,area_m2,0.22,9135937622.29102,0.6157672166149087
q30,inherited_strong,area_m2,0.23,9211794926.958467,0.6208800406386864
q30,inherited_strong,area_m2,0.24,9281962067.671589,0.625609344484777
q30,inherited_strong,area_m2,0.25,9351545572.442835,0.6302993109476343
q30,inherited_strong,area_m2,0.26,9420632078.90352,0.6349557794512224
q30,inherited_strong,area_m2,0.27,9484585710.632895,0.6392662893770265
q30,inherited_strong,area_m2,0.28,9547150043.310192,0.643483159783198
q30,inherited_strong,area_m2,0.29,9608295336.644289,0.6476043861577709
q30,inherited_strong,area_m2,0.3,9666336995.117203,0.6515164258370236
q30,inherited_strong,area_m2,0.31,9722188158.742004,0.6552808249596748
q30,inherited_strong,area_m2,0.32,9776723397.527779,0.6589565300249776
q30,inherited_strong,area_m2,0.33,9831315208.381395,0.6626360480787434
q30,inherited_strong,area_m2,0.34,9883527165.209646,0.6661551626632942
q30,inherited_strong,area_m2,0.35000000000000003,9935153943.907576,0.6696348359202626
q30,inherited_strong,area_m2,0.36,9988073108.974794,0.6732016167287829
q30,inherited_strong,area_m2,0.37,10037752165.37592,0.6765500124325294
q30,inherited_strong,area_m2,0.38,10086489242.331707,0.679834918203973
q30,inherited_strong,area_m2,0.39,10135234727.455696,0.6831203906905743
q30,inherited_strong,area_m2,0.4,10184432697.93536,0.6864363609388221
q30,inherited_strong,area_m2,0.41000000000000003,10233963326.363806,0.6897747525156379
q30,inherited_strong,area_m2,0.42,10280800935.073496,0.6929316330833963
q30,inherited_strong,area_m2,0.43,10328198655.40214,0.696126265482095
q30,inherited_strong,area_m2,0.44,10373929582.286522,0.6992085550866244
q30,inherited_strong,area_m2,0.45,10419844199.428928,0.7023032255154958
q30,inherited_strong,area_m2,0.46,10464085985.253881,0.7052851461942267
q30,inherited_strong,area_m2,0.47000000000000003,10510860879.796154,0.7084377997926351
q30,inherited_strong,area_m2,0.48,10556035833.238316,0.7114826164816104
q30,inherited_strong,area_m2,0.49,10599426822.905577,0.7144071930317374
q30,inherited_strong,area_m2,0.5,10642859462.862757,0.7173345768342948
q30,inherited_strong,area_m2,0.51,10686466521.118727,0.7202737165260465
q30,inherited_strong,area_m2,0.52,10729549423.985865,0.7231775278565288
q30,inherited_strong,area_m2,0.53,10774033189.374151,0.7261757580908139
q30,inherited_strong,area_m2,0.54,10820090577.970823,0.7292800513941664
q30,inherited_strong,area_m2,0.55,10862824095.064463,0.7321603139315016
q30,inherited_strong,area_m2,0.56,10905833844.512295,0.7350591946813194
q30,inherited_strong,area_m2,0.5700000000000001,10948276740.818209,0.7379198692178444
q30,inherited_strong,area_m2,0.58,10990903105.164776,0.7407929096011385
q30,inherited_strong,area_m2,0.59,11033554706.872211,0.7436676509964251
q30,inherited_strong,area_m2,0.6,11076940681.301476,0.7465918895167548
q30,inherited_strong,area_m2,0.61,11121208500.761364,0.7495755648767877
q30,inherited_strong,area_m2,0.62,11163603386.299864,0.7524330034612033
q30,inherited_strong,area_m2,0.63,11206314712.31147,0.7553117703074139
q30,inherited_strong,area_m2,0.64,11247500441.288944,0.7580877110750956
q30,inherited_strong,area_m2,0.65,11289912921.41865,0.7609463355446282
q30,inherited_strong,area_m2,0.66,11332684771.368418,0.7638291817375332
q30,inherited_strong,area_m2,0.67,11375356042.477978,0.7667052488613326
q30,inherited_strong,area_m2,0.68,11419210181.902372,0.7696610419596255
q30,inherited_strong,area_m2,0.6900000000000001,11463381688.028006,0.7726382257479982
q30,inherited_strong,area_m2,0.7000000000000001,11507945628.947266,0.7756418598571333
q30,inherited_strong,area_m2,0.71,11553843933.806602,0.7787354308291612
q30,inherited_strong,area_m2,0.72,11600117486.79765,0.7818542937314928
q30,inherited_strong,area_m2,0.73,11646283199.079224,0.7849658881107395
q30,inherited_strong,area_m2,0.74,11692790070.271523,0.7881004767880612
q30,inherited_strong,area_m2,0.75,11740365381.472372,0.7913070789091458
q30,inherited_strong,area_m2,0.76,11788582541.901844,0.7945569420209831
q30,inherited_strong,area_m2,0.77,11836474265.359367,0.7977848705020595
q30,inherited_strong,area_m2,0.78,11884926964.919514,0.8010506090807504
q30,inherited_strong,area_m2,0.79,11935774534.736376,0.8044777632309021
q30,inherited_strong,area_m2,0.8,11987044938.70784,0.8079334166354525
q30,inherited_strong,area_m2,0.81,12040809365.075565,0.8115571685201605
q30,inherited_strong,area_m2,0.8200000000000001,12096016246.449757,0.8152781426650398
q30,inherited_strong,area_m2,0.8300000000000001,12154624576.871286,0.8192283763450573
q30,inherited_strong,area_m2,0.84,12211491945.432116,0.8230612682388763
q30,inherited_strong,area_m2,0.85,12273002855.77434,0.8272071374007306
q30,inherited_strong,area_m2,0.86,12343667532.655783,0.831969975457999
q30,inherited_strong,area_m2,0.87,12407372769.274628,0.8362637434168418
q30,inherited_strong,area_m2,0.88,12473903906.001892,0.840747978596033
q30,inherited_strong,area_m2,0.89,12544370280.989428,0.8454974509966706
q30,inherited_strong,area_m2,0.9,12627894327.431398,0.8511270176294919
q30,inherited_strong,area_m2,0.91,12709067221.526115,0.8565981153019765
q30,inherited_strong,area_m2,0.92,12791766980.88336,0.8621721245322806
q30,inherited_strong,area_m2,0.93,12898268952.064323,0.8693504159205769
q30,inherited_strong,area_m2,0.9400000000000001,12998312819.75039,0.8760934275841121
q30,inherited_strong,area_m2,0.9500000000000001,13100694257.355316,0.882993992744846
q30,inherited_strong,area_m2,0.96,13217647013.537245,0.8908766727856855
q30,inherited_strong,area_m2,0.97,13417521316.861198,0.9043483106754121
q30,inherited_strong,area_m2,0.98,13572686452.082968,0.9148065260640615
q30,inherited_strong,area_m2,0.99,13722747823.310709,0.9249207449546182
q30,inherited_strong,area_m2,1.0,13958845563.817045,0.9408338624178916
q40,geographic,population,0.0,0.0,0.0
q40,geographic,population,0.01,929047.7659703955,0.04128988127675743
q40,geographic,population,0.02,1044722.8715098669,0.04643085631522855
q40,geographic,population,0.03,1166320.26965434,0.05183503715161828
q40,geographic,population,0.04,1312836.8001771122,0.05834670465888447
q40,geographic,population,0.05,1396384.976419928,0.06205985526783324
q40,geographic,population,0.06,1473799.7382594927,0.06550041714474102
q40,geographic,population,0.07,1547008.447198872,0.06875404845547814
q40,geographic,population,0.08,1626901.0653547393,0.07230473426451134
q40,geographic,population,0.09,1688147.5406397225,0.07502672530282507
q40,geographic,population,0.1,1745926.9705838205,0.07759462965609441
q40,geographic,population,0.11,1809918.0376928388,0.08043859921340195
q40,geographic,population,0.12,1863537.7342151564,0.08282163158761983
q40,geographic,population,0.13,1916416.5099084363,0.08517173504882916
q40,geographic,population,0.14,1968591.711170731,0.0874905693914971
q40,geographic,population,0.15,2037566.2938200978,0.09055602246401112
q40,geographic,population,0.16,2086496.892038238,0.09273065617524714
q40,geographic,population,0.17,2133358.115378568,0.09481332018788252
q40,geographic,population,0.18,2181618.725313265,0.0969581774573752
q40,geographic,population,0.19,2226591.009600114,0.09895689092181052
q40,geographic,population,0.2,2270265.2365418305,0.1008979145282707
q40,geographic,population,0.21,2312465.0570165794,0.1027734107526041
q40,geographic,population,0.22,2359965.7954041287,0.10488449687801084
q40,geographic,population,0.23,2404433.48211497,0.10686078439754963
q40,geographic,population,0.24,2445466.9652709337,0.108684444827013
q40,geographic,population,0.25,2488123.5915554375,0.1105802429758999
q40,geographic,population,0.26,2534456.9574310496,0.11263944729911178
q40,geographic,population,0.27,2579767.0088870525,0.11465317222670797
q40,geographic,population,0.28,2624006.8192586754,0.11661933218624741
q40,geographic,population,0.29,2666646.156542329,0.11851436195613524
q40,geographic,population,0.3,2713944.5124290907,0.12061645355000539
q40,geographic,population,0.31,2757356.564194464,0.12254582524544289
q40,geographic,population,0.32,2801005.1636386495,0.12448570988319851
q40,geographic,population,0.33,2845615.753323155,0.1264683484721148
q40,geographic,population,0.34,2891649.0450497847,0.12851421653163872
q40,geographic,population,0.35000000000000003,2939584.1493468387,0.13064460728000568
q40,geographic,population,0.36,2986702.0424574204,0.13273867852564802
q40,geographic,population,0.37,3032586.0835789554,0.1347779134065663
q40,geographic,population,0.38,3077498.2779124356,0.13677395627953
q40,geographic,population,0.39,3127389.9232374514,0.13899130202603238
q40,geographic,population,0.4,3178164.1882253815,0.14124787423906224
q40,geographic,population,0.41000000000000003,3226748.6506383284,0.14340712455794152
q40,geographic,population,0.42,3275771.9971828857,0.14558588030415426
q40,geographic,population,0.43,3329562.688601617,0.147976512243465
q40,geographic,population,0.44,3379476.0526275556,0.1501948232391348
q40,geographic,population,0.45,3432410.0177504723,0.15254737949672434
q40,geographic,population,0.46,3485831.906923264,0.15492162067389428
q40,geographic,population,0.47000000000000003,3540973.391228355,0.1573722862088394
q40,geographic,population,0.48,3598638.0855804225,0.15993509134208295
q40,geographic,population,0.49,3656915.8032428883,0.16252514120980985
q40,geographic,population,0.5,3713649.08415696,0.16504655132367646
q40,geographic,population,0.51,3773436.2211646903,0.16770368465884783
q40,geographic,population,0.52,3832359.7346117008,0.17032243577558429
q40,geographic,population,0.53,3894717.0737108896,0.1730937971871805
q40,geographic,population,0.54,3961474.6188296406,0.1760607179562132
q40,geographic,population,0.55,4031222.3820894784,0.17916053367054305
q40,geographic,population,0.56,4101122.1736917687,0.18226710601509205
q40,geographic,population,0.5700000000000001,4171159.050623462,0.18537977087413077
q40,geographic,population,0.58,4248899.161635692,0.18883479231835565
q40,geographic,population,0.59,4328397.562500899,0.1923679578386321
q40,geographic,population,0.6,4408262.232772384,0.19591740155347986
q40,geographic,population,0.61,4494119.669658853,0.19973318315870894
q40,geographic,population,0.62,4582640.259810239,0.2036673238905168
q40,geographic,population,0.63,4672290.401003332,0.20765166551631142
q40,geographic,population,0.64,4765799.674070309,0.21180751941815956
q40,geographic,population,0.65,4865361.858816694,0.21623238425117378
q40,geographic,population,0.66,4967188.978051949,0.22075791008308446
q40,geographic,population,0.67,5071404.593446291,0.22538958839331863
q40,geographic,population,0.68,5182395.069484305,0.23032236337682405
q40,geographic,population,0.6900000000000001,5299238.633294517,0.2355152684721156
q40,geographic,population,0.7000000000000001,5422493.244722207,0.2409931012155661
q40,geographic,population,0.71,5546639.545845979,0.24651056352709216
q40,geographic,population,0.72,5677601.546245005,0.2523309375124861
q40,geographic,population,0.73,5814648.881399589,0.2584217634151976
q40,geographic,population,0.74,5959275.480703437,0.2648494362792292
q40,geographic,population,0.75,6114276.770316742,0.2717381938655443
q40,geographic,population,0.76,6283072.954024623,0.27924004106926514
q40,geographic,population,0.77,6447299.594337265,0.28653880301602797
q40,geographic,population,0.78,6627196.207912457,0.2945339891503511
q40,geographic,population,0.79,6826334.0335627645,0.30338431685145106
q40,geographic,population,0.8,7025421.958122488,0.31223242678702673
q40,geographic,population,0.81,7233793.3129381165,0.3214931223259992
q40,geographic,population,0.8200000000000001,7468375.49430169,0.3319187115937671
q40,geographic,population,0.8300000000000001,7740750.568512564,0.3440239389984831
q40,geographic,population,0.84,7997558.619426208,0.35543731764437475
q40,geographic,population,0.85,8265736.293132574,0.3673559990233101
q40,geographic,population,0.86,8594512.368932499,0.3819678689762374
q40,geographic,population,0.87,8899788.958948392,0.39553534593493156
q40,geographic,population,0.88,9237537.753781384,0.41054599248167384
q40,geographic,population,0.89,9601918.44176564,0.4267402463160806
q40,geographic,population,0.9,10079368.886326157,0.44795968507211437
q40,geographic,population,0.91,10507750.83436178,0.46699836147108503
q40,geographic,population,0.92,10959980.622265117,0.4870969128441013
q40,geographic,population,0.93,11602716.449279068,0.515662167464788
q40,geographic,population,0.9400000000000001,12145686.842396257,0.539793524204219
q40,geographic,population,0.9500000000000001,12753650.644183995,0.5668133977950691
q40,geographic,population,0.96,13428104.386909422,0.5967882989614371
q40,geographic,population,0.97,14777559.40068278,0.6567624352200055
q40,geographic,population,0.98,15724139.544437416,0.6988315119522888
q40,geographic,population,0.99,16620265.803529512,0.738658255207249
q40,geographic,population,1.0,17991908.971664533,0.7996185046592402
q40,geographic,builtup_m2,0.0,0.0,0.0
q40,geographic,builtup_m2,0.01,120353335.0,0.09600441908340239
q40,geographic,builtup_m2,0.02,135602681.0,0.10816864040831878
q40,geographic,builtup_m2,0.03,151756782.0,0.1210545739997694
q40,geographic,builtup_m2,0.04,172184930.0,0.13734986387844014
q40,geographic,builtup_m2,0.05,183071549.0,0.14603398993840624
q40,geographic,builtup_m2,0.06,192951371.0,0.15391500604616445
q40,geographic,builtup_m2,0.07,202266458.0,0.1613455397837327
q40,geographic,builtup_m2,0.08,212824424.0,0.16976750326760554
q40,geographic,builtup_m2,0.09,220368148.0,0.17578504187877506
q40,geographic,builtup_m2,0.1,227585356.0,0.18154212257324923
q40,geographic,builtup_m2,0.11,235537497.0,0.187885450551442
q40,geographic,builtup_m2,0.12,241865259.0,0.19293303078599078
q40,geographic,builtup_m2,0.13,248108859.0,0.19791347599749348
q40,geographic,builtup_m2,0.14,254162631.0,0.20274249767872374
q40,geographic,builtup_m2,0.15,261400349.0,0.2085159389554402
q40,geographic,builtup_m2,0.16,267008496.0,0.21298949089207184
q40,geographic,builtup_m2,0.17,272343658.0,0.2172452859518917
q40,geographic,builtup_m2,0.18,277734787.0,0.2215457252197249
q40,geographic,builtup_m2,0.19,282746685.0,0.2255436564444414
q40,geographic,builtup_m2,0.2,287584108.0,0.2294024110437692
q40,geographic,builtup_m2,0.21,292366766.0,0.23321748025613948
q40,geographic,builtup_m2,0.22,297332839.0,0.23717885742521227
q40,geographic,builtup_m2,0.23,302160543.0,0.24102985929422255
q40,geographic,builtup_m2,0.24,306638327.0,0.24460173415503095
q40,geographic,builtup_m2,0.25,311163961.0,0.2482117783898176
q40,geographic,builtup_m2,0.26,315914496.0,0.25200122346843024
q40,geographic,builtup_m2,0.27,320536522.0,0.2556881584513153
q40,geographic,builtup_m2,0.28,325110085.0,0.2593364350774374
q40,geographic,builtup_m2,0.29,329562544.0,0.26288810848796373
q40,geographic,builtup_m2,0.3,334248242.0,0.2666258338654139
q40,geographic,builtup_m2,0.31,338564901.0,0.2700691812365203
q40,geographic,builtup_m2,0.32,342818932.0,0.27346257099940297
q40,geographic,builtup_m2,0.33,347165564.0,0.2769298274749242
q40,geographic,builtup_m2,0.34,351553443.0,0.28042998619012105
q40,geographic,builtup_m2,0.35000000000000003,355978381.0,0.28395970642737145
q40,geographic,builtup_m2,0.36,360507016.0,0.2875721445240454
q40,geographic,builtup_m2,0.37,364788717.0,0.2909876063157259
q40,geographic,builtup_m2,0.38,369143474.0,0.2944613440067868
q40,geographic,builtup_m2,0.39,373609932.0,0.29802418425255495
q40,geographic,builtup_m2,0.4,378293486.0,0.3017601993867907
q40,geographic,builtup_m2,0.41000000000000003,382782932.0,0.30534137688582974
q40,geographic,builtup_m2,0.42,387304728.0,0.30894835959381745
q40,geographic,builtup_m2,0.43,391918582.0,0.3126287758698237
q40,geographic,builtup_m2,0.44,396431695.0,0.31622883225233067
q40,geographic,builtup_m2,0.45,401046217.0,0.31990978138396525
q40,geographic,builtup_m2,0.46,405577132.0,0.3235240382094307
q40,geographic,builtup_m2,0.47000000000000003,410310110.0,0.3272994782786612
q40,geographic,builtup_m2,0.48,415082205.0,0.3311061215119859
q40,geographic,builtup_m2,0.49,420059459.0,0.33507641763132934
q40,geographic,builtup_m2,0.5,424687011.0,0.3387677606384694
q40,geographic,builtup_m2,0.51,429549426.0,0.34264645105795316
q40,geographic,builtup_m2,0.52,434293150.0,0.34643046308314546
q40,geographic,builtup_m2,0.53,439295897.0,0.35042109466436616
q40,geographic,builtup_m2,0.54,444590060.0,0.35464418531115083
q40,geographic,builtup_m2,0.55,449807508.0,0.3588060813179201
q40,geographic,builtup_m2,0.56,455046396.0,0.36298507975683336
q40,geographic,builtup_m2,0.5700000000000001,460259236.0,0.3671433000169925
q40,geographic,builtup_m2,0.58,465873503.0,0.3716217338045906
q40,geographic,builtup_m2,0.59,471570632.0,0.3761662656207485
q40,geographic,builtup_m2,0.6,477150242.0,0.3806170539330287
q40,geographic,builtup_m2,0.61,483147170.0,0.38540073183381135
q40,geographic,builtup_m2,0.62,489023844.0,0.39008848455385464
q40,geographic,builtup_m2,0.63,495187800.0,0.39500539869699536
q40,geographic,builtup_m2,0.64,501297028.0,0.399878656967637
q40,geographic,builtup_m2,0.65,507719112.0,0.40500147673598674
q40,geographic,builtup_m2,0.66,514202541.0,0.410173230678771
q40,geographic,builtup_m2,0.67,520707165.0,0.415361891620123
q40,geographic,builtup_m2,0.68,527736079.0,0.4209687724378186
q40,geographic,builtup_m2,0.6900000000000001,534828748.0,0.4266265098581889
q40,geographic,builtup_m2,0.7000000000000001,542118910.0,0.4324417850878607
q40,geographic,builtup_m2,0.71,549538168.0,0.43836003865615514
q40,geographic,builtup_m2,0.72,557380332.0,0.4446156392938672
q40,geographic,builtup_m2,0.73,565316006.0,0.4509458317426702
q40,geographic,builtup_m2,0.74,573620383.0,0.45757013417462666
q40,geographic,builtup_m2,0.75,582470547.0,0.4646298043832905
q40,geographic,builtup_m2,0.76,591601302.0,0.47191329868419934
q40,geographic,builtup_m2,0.77,600538065.0,0.47904204788172716
q40,geographic,builtup_m2,0.78,610166018.0,0.48672215109388406
q40,geographic,builtup_m2,0.79,620664330.0,0.4950965292938427
q40,geographic,builtup_m2,0.8,630927593.0,0.5032834117114772
q40,geographic,builtup_m2,0.81,641920870.0,0.5120526175852316
q40,geographic,builtup_m2,0.8200000000000001,653599718.0,0.5213686952643699
q40,geographic,builtup_m2,0.8300000000000001,666798130.0,0.5318969110124703
q40,geographic,builtup_m2,0.84,679087528.0,0.5417000171405616
q40,geographic,builtup_m2,0.85,692035731.0,0.5520286441552511
q40,geographic,builtup_m2,0.86,707702910.0,0.5645261658780241
q40,geographic,builtup_m2,0.87,721702589.0,0.575693542750041
q40,geographic,builtup_m2,0.88,737019378.0,0.587911562551221
q40,geographic,builtup_m2,0.89,753557116.0,0.601103518799409
q40,geographic,builtup_m2,0.9,774267292.0,0.6176237790480762
q40,geographic,builtup_m2,0.91,792955309.0,0.6325309871940387
q40,geographic,builtup_m2,0.92,812593705.0,0.6481963013268777
q40,geographic,builtup_m2,0.93,839559905.0,0.6697069172635848
q40,geographic,builtup_m2,0.9400000000000001,862538723.0,0.6880368461626322
q40,geographic,builtup_m2,0.9500000000000001,887149014.0,0.7076681816044667
q40,geographic,builtup_m2,0.96,914929916.0,0.7298286756042627
q40,geographic,builtup_m2,0.97,965952611.0,0.7705288705223728
q40,geographic,builtup_m2,0.98,1001991977.0,0.7992770427019317
q40,geographic,builtup_m2,0.99,1036790479.0,0.8270353924766398
q40,geographic,builtup_m2,1.0,1089566060.0,0.8691338436387455
q40,geographic,area_m2,0.0,0.0,0.0
q40,geographic,area_m2,0.01,5925287837.66649,0.3934234384454674
q40,geographic,area_m2,0.02,6443455569.960415,0.42782840517715126
q40,geographic,area_m2,0.03,7014555546.71741,0.4657479329211991
q40,geographic,area_m2,0.04,8113177850.333356,0.5386935477306367
q40,geographic,area_m2,0.05,8418652324.872813,0.5589762447781385
q40,geographic,area_m2,0.06,8682428987.893608,0.5764903174426964
q40,geographic,area_m2,0.07,8915397031.181093,0.5919587792540252
q40,geographic,area_m2,0.08,9267329639.778236,0.6153261735087318
q40,geographic,area_m2,0.09,9414212240.111115,0.6250787896269607
q40,geographic,area_m2,0.1,9553642211.471685,0.6343365708956311
q40,geographic,area_m2,0.11,9723664287.996916,0.6456255870229113
q40,geographic,area_m2,0.12,9825153236.763325,0.6523641847555104
q40,geographic,area_m2,0.13,9921395555.61834,0.6587544201407363
q40,geographic,area_m2,0.14,10011207582.015707,0.6647177011166227
q40,geographic,area_m2,0.15,10110888516.316042,0.6713362514713577
q40,geographic,area_m2,0.16,10186484879.261438,0.6763556499982758
q40,geographic,area_m2,0.17,10256723142.378792,0.6810192848702231
q40,geographic,area_m2,0.18,10330487496.160122,0.6859170428348029
q40,geographic,area_m2,0.19,10393521273.599455,0.6901023189155266
q40,geographic,area_m2,0.2,10452757143.001705,0.6940354239490735
q40,geographic,area_m2,0.21,10510510688.270494,0.6978701065813034
q40,geographic,area_m2,0.22,10567680886.737501,0.7016660565290038
q40,geographic,area_m2,0.23,10622811616.539778,0.7053265911523077
q40,geographic,area_m2,0.24,10674651954.864391,0.7087686524854627
q40,geographic,area_m2,0.25,10725191850.100286,0.7121243678375476
q40,geographic,area_m2,0.26,10777766638.317724,0.7156151947007693
q40,geographic,area_m2,0.27,10827514723.18846,0.7189183359391584
q40,geographic,area_m2,0.28,10875170405.256966,0.7220825471664462
q40,geographic,area_m2,0.29,10922103099.27634,0.7251987538997688
q40,geographic,area_m2,0.3,10969302223.012001,0.7283326508614748
q40,geographic,area_m2,0.31,11012269201.93732,0.7311855446029324
q40,geographic,area_m2,0.32,11054153663.108015,0.7339665620290327
q40,geographic,area_m2,0.33,11097644786.57882,0.7368542575818074
q40,geographic,area_m2,0.34,11138087080.064566,0.7395395188885474
q40,geographic,area_m2,0.35000000000000003,11179305657.849905,0.7422763234193003
q40,geographic,area_m2,0.36,11221507761.058973,0.7450784314365001
q40,geographic,area_m2,0.37,11261268270.06625,0.7477184240573725
q40,geographic,area_m2,0.38,11300453590.920132,0.7503202257063866
q40,geographic,area_m2,0.39,11339471947.866692,0.7529109413936186
q40,geographic,area_m2,0.4,11380567325.978563,0.7556395657919494
q40,geographic,area_m2,0.41000000000000003,11421979199.795338,0.7583892046678696
q40,geographic,area_m2,0.42,11459599444.559822,0.7608870894045936
q40,geographic,area_m2,0.43,11499019265.271894,0.7635044612238764
q40,geographic,area_m2,0.44,11536864390.167917,0.7660172774064663
q40,geographic,area_m2,0.45,11573642513.376034,0.7684592474994849
q40,geographic,area_m2,0.46,11610128807.379856,0.7708818409053049
q40,geographic,area_m2,0.47000000000000003,11648723742.556637,0.7734444425070878
q40,geographic,area_m2,0.48,11685412266.335957,0.7758804634350488
q40,geographic,area_m2,0.49,11722592621.638996,0.7783491406751585
q40,geographic,area_m2,0.5,11757297030.474335,0.7806534216193552
q40,geographic,area_m2,0.51,11794519683.422962,0.7831249073112434
q40,geographic,area_m2,0.52,11829667590.296846,0.7854586353520284
q40,geographic,area_m2,0.53,11865724466.625303,0.787852716560129
q40,geographic,area_m2,0.54,11904281533.16499,0.7904128037845816
q40,geographic,area_m2,0.55,11940464773.195757,0.7928152752082497
q40,geographic,area_m2,0.56,11976363307.849585,0.7951988429480111
q40,geographic,area_m2,0.5700000000000001,12011713498.520014,0.7975460020977918
q40,geographic,area_m2,0.58,12049296790.790607,0.8000414332866708
q40,geographic,area_m2,0.59,12085996435.470827,0.8024781926130338
q40,geographic,area_m2,0.6,12123338340.599695,0.8049575963342358
q40,geographic,area_m2,0.61,12161690035.266895,0.807504047409619
q40,geographic,area_m2,0.62,12197707759.479643,0.8098955290208043
q40,geographic,area_m2,0.63,12235309903.657618,0.812392211926465
q40,geographic,area_m2,0.64,12271886009.657307,0.8148207686112336
q40,geographic,area_m2,0.65,12310389266.039545,0.817377282983574
q40,geographic,area_m2,0.66,12347891802.736994,0.8198673522160163
q40,geographic,area_m2,0.67,12385603803.314137,0.822371329295982
q40,geographic,area_m2,0.68,12425332293.565825,0.8250091959561816
q40,geographic,area_m2,0.6900000000000001,12464494173.744146,0.8276094412063453
q40,geographic,area_m2,0.7000000000000001,12504732186.355368,0.8302811388033945
q40,geographic,area_m2,0.71,12546230374.065775,0.8330365086935285
q40,geographic,area_m2,0.72,12588136990.593622,0.8358189971767369
q40,geographic,area_m2,0.73,12629809389.858995,0.8385859342532844
q40,geographic,area_m2,0.74,12673000539.789957,0.8414537123565241
q40,geographic,area_m2,0.75,12718109467.67413,0.84444882584282
q40,geographic,area_m2,0.76,12762760542.199366,0.8474135390772274
q40,geographic,area_m2,0.77,12806661864.951317,0.8503284707771833
q40,geographic,area_m2,0.78,12852988243.789219,0.8534044197863224
q40,geographic,area_m2,0.79,12901367557.408724,0.856616678234397
q40,geographic,area_m2,0.8,12949172022.318968,0.8597907682488055
q40,geographic,area_m2,0.81,12998751117.740124,0.863082689034765
q40,geographic,area_m2,0.8200000000000001,13050167619.536629,0.866496608743615
q40,geographic,area_m2,0.8300000000000001,13106737330.045216,0.870252687879328
q40,geographic,area_m2,0.84,13160143522.919909,0.873798717812503
q40,geographic,area_m2,0.85,13215986263.190989,0.8775065280474768
q40,geographic,area_m2,0.86,13281619070.264378,0.8818643728207713
q40,geographic,area_m2,0.87,13339956769.462719,0.8857378417286798
q40,geographic,area_m2,0.88,13401156001.133907,0.8898013088232642
q40,geographic,area_m2,0.89,13466314740.568642,0.8941276767593882
q40,geographic,area_m2,0.9,13545117149.37244,0.8993599482504531
q40,geographic,area_m2,0.91,13618063538.035437,0.9042033954949126
q40,geographic,area_m2,0.92,13691034478.863646,0.9090484729381952
q40,geographic,area_m2,0.93,13786631637.04129,0.9153958713610668
q40,geographic,area_m2,0.9400000000000001,13870399698.34599,0.9209578490427087
q40,geographic,area_m2,0.9500000000000001,13955345168.6687,0.9265980035685839
q40,geographic,area_m2,0.96,14052078542.838358,0.9330208437277291
q40,geographic,area_m2,0.97,14213287019.709045,0.9437246601522827
q40,geographic,area_m2,0.98,14328013423.97036,0.9513421899131234
q40,geographic,area_m2,0.99,14437675876.480892,0.9586234866732226
q40,geographic,area_m2,1.0,14602325676.19699,0.9695557978314895
q40,inherited_strong,population,0.0,0.0,0.0
q40,inherited_strong,population,0.01,922950.3649218758,0.044710906436915235
q40,inherited_strong,population,0.02,1037518.1924079484,0.05026096807630148
q40,inherited_strong,population,0.03,1157741.2836081795,0.05608499024098773
q40,inherited_strong,population,0.04,1301783.8011916664,0.06306290776655059
q40,inherited_strong,population,0.05,1384181.9020657642,0.06705455663390127
q40,inherited_strong,population,0.06,1460612.020142348,0.07075709578244342
q40,inherited_strong,population,0.07,1532448.5284547324,0.07423710459329814
q40,inherited_strong,population,0.08,1611394.5132128922,0.07806152102157594
q40,inherited_strong,population,0.09,1671626.2201722772,0.08097935313557561
q40,inherited_strong,population,0.1,1728288.3995684881,0.08372426499409158
q40,inherited_strong,population,0.11,1790959.4978305728,0.08676026965608873
q40,inherited_strong,population,0.12,1843898.0117194057,0.08932479428422872
q40,inherited_strong,population,0.13,1896117.460964196,0.0918544849351108
q40,inherited_strong,population,0.14,1946996.15145069,0.09431922459656265
q40,inherited_strong,population,0.15,2011927.4989945635,0.09746472354774698
q40,inherited_strong,population,0.16,2060408.4616761503,0.09981330898507056
q40,inherited_strong,population,0.17,2106335.403663757,0.10203816883039422
q40,inherited_strong,population,0.18,2153362.68111462,0.10431633272956163
q40,inherited_strong,population,0.19,2197299.8373361523,0.10644480047342708
q40,inherited_strong,population,0.2,2240205.258688279,0.10852328741337616
q40,inherited_strong,population,0.21,2281632.667280859,0.11053017430556943
q40,inherited_strong,population,0.22,2328160.849390393,0.112784160300965
q40,inherited_strong,population,0.23,2371858.786564472,0.11490103944716028
q40,inherited_strong,population,0.24,2412204.2316236678,0.116855512285307
q40,inherited_strong,population,0.25,2453979.009407872,0.11887922694204324
q40,inherited_strong,population,0.26,2499183.980110899,0.12106911200239276
q40,inherited_strong,population,0.27,2543703.839715098,0.12322580791259637
q40,inherited_strong,population,0.28,2586860.6293462347,0.12531647200099372
q40,inherited_strong,population,0.29,2628801.5438389177,0.12734823489424502
q40,inherited_strong,population,0.3,2675147.00574556,0.12959336929132484
q40,inherited_strong,population,0.31,2717770.606415691,0.1316582038631471
q40,inherited_strong,population,0.32,2760518.386106595,0.13372905409603875
q40,inherited_strong,population,0.33,2804003.5800527413,0.1358356272247918
q40,inherited_strong,population,0.34,2848311.8045039205,0.13798207079653274
q40,inherited_strong,population,0.35000000000000003,2895238.275635619,0.1402553512890992
q40,inherited_strong,population,0.36,2941539.374469667,0.14249833658557362
q40,inherited_strong,population,0.37,2985938.872063812,0.144649201743903
q40,inherited_strong,population,0.38,3029432.330391568,0.14675617522787232
q40,inherited_strong,population,0.39,3078207.249292672,0.1491190009207144
q40,inherited_strong,population,0.4,3127397.897788599,0.1515019659923613
q40,inherited_strong,population,0.41000000000000003,3174479.6656361613,0.15378276959472523
q40,inherited_strong,population,0.42,3222462.0362321585,0.1561072015077248
q40,inherited_strong,population,0.43,3274986.5059233205,0.15865166840352468
q40,inherited_strong,population,0.44,3323600.3010394983,0.16100668870319895
q40,inherited_strong,population,0.45,3375420.780685275,0.16351705188741472
q40,inherited_strong,population,0.46,3426865.501726806,0.16600921202579422
q40,inherited_strong,population,0.47000000000000003,3480264.4400239317,0.1685960412040193
q40,inherited_strong,population,0.48,3536459.7789084376,0.17131833769421959
q40,inherited_strong,population,0.49,3593413.024241427,0.1740773497929661
q40,inherited_strong,population,0.5,3648397.829631071,0.17674100385570268
q40,inherited_strong,population,0.51,3706638.850038248,0.17956240023104966
q40,inherited_strong,population,0.52,3763985.8435141733,0.18234048685107881
q40,inherited_strong,population,0.53,3825038.112280831,0.18529806981581226
q40,inherited_strong,population,0.54,3889612.9595805383,0.1884262986627012
q40,inherited_strong,population,0.55,3956065.6044353005,0.1916454945149487
q40,inherited_strong,population,0.56,4023882.6207121345,0.1949307852356918
q40,inherited_strong,population,0.5700000000000001,4091683.3808478434,0.19821528845275918
q40,inherited_strong,population,0.58,4166918.6609882903,0.20185994552096387
q40,inherited_strong,population,0.59,4243827.843808206,0.2055856922218625
q40,inherited_strong,population,0.6,4320504.877617175,0.20930019282210136
q40,inherited_strong,population,0.61,4402964.702171155,0.21329483179789238
q40,inherited_strong,population,0.62,4488524.962794596,0.217439666615501
q40,inherited_strong,population,0.63,4575782.683162273,0.22166673225146066
q40,inherited_strong,population,0.64,4666600.534001455,0.22606626291529663
q40,inherited_strong,population,0.65,4762908.598195622,0.23073175849443356
q40,inherited_strong,population,0.66,4861396.69506531,0.23550286239303078
q40,inherited_strong,population,0.67,4962019.299994252,0.2403773692412917
q40,inherited_strong,population,0.68,5069202.853747017,0.24556971113263662
q40,inherited_strong,population,0.6900000000000001,5181403.028979864,0.2510050755115932
q40,inherited_strong,population,0.7000000000000001,5300067.9092412945,0.25675361255146495
q40,inherited_strong,population,0.71,5418911.105358225,0.2625107878278384
q40,inherited_strong,population,0.72,5544880.413855798,0.26861317662383244
q40,inherited_strong,population,0.73,5676337.048343169,0.2749813904611758
q40,inherited_strong,population,0.74,5814709.02338656,0.2816846073022894
q40,inherited_strong,population,0.75,5963012.647289578,0.2888689475491721
q40,inherited_strong,population,0.76,6122401.494594144,0.2965902943406926
q40,inherited_strong,population,0.77,6278947.641309128,0.3041739308880661
q40,inherited_strong,population,0.78,6448095.958421,0.31236806013681584
q40,inherited_strong,population,0.79,6638478.704640511,0.32159085854173775
q40,inherited_strong,population,0.8,6828448.034170868,0.3307936296130014
q40,inherited_strong,population,0.81,7027702.827480248,0.34044622065078345
q40,inherited_strong,population,0.8200000000000001,7249066.637212617,0.35116984887785596
q40,inherited_strong,population,0.8300000000000001,7504320.421851594,0.3635352246514793
q40,inherited_strong,population,0.84,7747822.433863059,0.3753313039316113
q40,inherited_strong,population,0.85,8002349.018152944,0.38766145160629795
q40,inherited_strong,population,0.86,8310577.211010463,0.4025930908534838
q40,inherited_strong,population,0.87,8596906.100106433,0.41646385211770354
q40,inherited_strong,population,0.88,8913219.406620897,0.431787162221727
q40,inherited_strong,population,0.89,9255134.235206658,0.44835069856269355
q40,inherited_strong,population,0.9,9699887.792422019,0.4698960984454104
q40,inherited_strong,population,0.91,10095978.324193457,0.4890840931411813
q40,inherited_strong,population,0.92,10512506.625523435,0.5092621640504097
q40,inherited_strong,population,0.93,11104415.346928552,0.5379362688211234
q40,inherited_strong,population,0.9400000000000001,11604070.305932833,0.5621412824078206
q40,inherited_strong,population,0.9500000000000001,12152819.336659644,0.5887245825533828
q40,inherited_strong,population,0.96,12766571.527683744,0.6184568605081708
q40,inherited_strong,population,0.97,13951619.707308864,0.6758646911957295
q40,inherited_strong,population,0.98,14791002.33881431,0.7165272877213709
q40,inherited_strong,population,0.99,15591847.192781743,0.7553229810729345
q40,inherited_strong,population,1.0,16800978.378880296,0.8138974758521688
q40,inherited_strong,builtup_m2,0.0,0.0,0.0
q40,inherited_strong,builtup_m2,0.01,119559447.0,0.0996143502907189
q40,inherited_strong,builtup_m2,0.02,134670960.0,0.11220493670757271
q40,inherited_strong,builtup_m2,0.03,150683857.0,0.12554653681490008
q40,inherited_strong,builtup_m2,0.04,170827033.0,0.14232939622400728
q40,inherited_strong,builtup_m2,0.05,181597948.0,0.15130349008847252
q40,inherited_strong,builtup_m2,0.06,191370930.0,0.15944612771988353
q40,inherited_strong,builtup_m2,0.07,200584741.0,0.167122876145012
q40,inherited_strong,builtup_m2,0.08,211023641.0,0.1758203422787403
q40,inherited_strong,builtup_m2,0.09,218469142.0,0.18202377298467104
q40,inherited_strong,builtup_m2,0.1,225581810.0,0.18794989441992313
q40,inherited_strong,builtup_m2,0.11,233407901.0,0.1944704244979942
q40,inherited_strong,builtup_m2,0.12,239671252.0,0.19968891334319372
q40,inherited_strong,builtup_m2,0.13,245849091.0,0.20483615543595504
q40,inherited_strong,builtup_m2,0.14,251800878.0,0.20979505588213848
q40,inherited_strong,builtup_m2,0.15,258752089.0,0.21558665483038972
q40,inherited_strong,builtup_m2,0.16,264322998.0,0.22022821594904995
q40,inherited_strong,builtup_m2,0.17,269592064.0,0.22461828799604525
q40,inherited_strong,builtup_m2,0.18,274927236.0,0.22906343813519933
q40,inherited_strong,builtup_m2,0.19,279882688.0,0.23319221376743227
q40,inherited_strong,builtup_m2,0.2,284657296.0,0.2371703140827747
q40,inherited_strong,builtup_m2,0.21,289387699.0,0.24111158374637784
q40,inherited_strong,builtup_m2,0.22,294290011.0,0.2451960842777528
q40,inherited_strong,builtup_m2,0.23,299070284.0,0.24917890454880395
q40,inherited_strong,builtup_m2,0.24,303499328.0,0.252869088399094
q40,inherited_strong,builtup_m2,0.25,307971877.0,0.25659551967623434
q40,inherited_strong,builtup_m2,0.26,312662346.0,0.2605035171930994
q40,inherited_strong,builtup_m2,0.27,317229320.0,0.26430862134187155
q40,inherited_strong,builtup_m2,0.28,321735585.0,0.268063144062379
q40,inherited_strong,builtup_m2,0.29,326143451.0,0.271735682860242
q40,inherited_strong,builtup_m2,0.3,330771816.0,0.27559193666495646
q40,inherited_strong,builtup_m2,0.31,335041657.0,0.27914947601238815
q40,inherited_strong,builtup_m2,0.32,339244214.0,0.28265095578349075
q40,inherited_strong,builtup_m2,0.33,343525988.0,0.2862184374489228
q40,inherited_strong,builtup_m2,0.34,347845209.0,0.2898171191463802
q40,inherited_strong,builtup_m2,0.35000000000000003,352213571.0,0.2934567440642227
q40,inherited_strong,builtup_m2,0.36,356683399.0,0.29718090826290167
q40,inherited_strong,builtup_m2,0.37,360889571.0,0.30068539997396665
q40,inherited_strong,builtup_m2,0.38,365188020.0,0.3042667748894327
q40,inherited_strong,builtup_m2,0.39,369602533.0,0.30794485182420583
q40,inherited_strong,builtup_m2,0.4,374208199.0,0.31178219331212736
q40,inherited_strong,builtup_m2,0.41000000000000003,378629575.0,0.3154659883503478
q40,inherited_strong,builtup_m2,0.42,383082108.0,0.3191757427283769
q40,inherited_strong,builtup_m2,0.43,387627622.0,0.32296296686840964
q40,inherited_strong,builtup_m2,0.44,392086435.0,0.3266779536068713
q40,inherited_strong,builtup_m2,0.45,396641596.0,0.33047321541905267
q40,inherited_strong,builtup_m2,0.46,401076841.0,0.33416856580868065
q40,inherited_strong,builtup_m2,0.47000000000000003,405738128.0,0.3380522495131024
q40,inherited_strong,builtup_m2,0.48,410444220.0,0.34197326377631115
q40,inherited_strong,builtup_m2,0.49,415356698.0,0.34606623439943096
q40,inherited_strong,builtup_m2,0.5,419915633.0,0.34986464062694234
q40,inherited_strong,builtup_m2,0.51,424707337.0,0.3538569849604306
q40,inherited_strong,builtup_m2,0.52,429361748.0,0.3577349397300857
q40,inherited_strong,builtup_m2,0.53,434287401.0,0.3618388874787946
q40,inherited_strong,builtup_m2,0.54,439475318.0,0.3661613479307669
q40,inherited_strong,builtup_m2,0.55,444576362.0,0.37041142767448104
q40,inherited_strong,builtup_m2,0.56,449732942.0,0.3747077788145304
q40,inherited_strong,builtup_m2,0.5700000000000001,454858574.0,0.37897834474905934
q40,inherited_strong,builtup_m2,0.58,460373093.0,0.38357292293701983
q40,inherited_strong,builtup_m2,0.59,465951785.0,0.38822096868326716
q40,inherited_strong,builtup_m2,0.6,471421075.0,0.3927778630447937
q40,inherited_strong,builtup_m2,0.61,477267637.0,0.39764909229248674
q40,inherited_strong,builtup_m2,0.62,483021926.0,0.4024434416684924
q40,inherited_strong,builtup_m2,0.63,489067240.0,0.4074802667920929
q40,inherited_strong,builtup_m2,0.64,495067802.0,0.4124798055153623
q40,inherited_strong,builtup_m2,0.65,501371590.0,0.4177319855960416
q40,inherited_strong,builtup_m2,0.66,507725271.0,0.4230257354472724
q40,inherited_strong,builtup_m2,0.67,514122801.0,0.4283560193387275
q40,inherited_strong,builtup_m2,0.68,521022681.0,0.4341048504058696
q40,inherited_strong,builtup_m2,0.6900000000000001,527943331.0,0.4398709865886462
q40,inherited_strong,builtup_m2,0.7000000000000001,535049200.0,0.44579144324386943
q40,inherited_strong,builtup_m2,0.71,542282298.0,0.4518179043553791
q40,inherited_strong,builtup_m2,0.72,549954273.0,0.4582100283091779
q40,inherited_strong,builtup_m2,0.73,557707314.0,0.46466969470419145
q40,inherited_strong,builtup_m2,0.74,565777748.0,0.4713938060951895
q40,inherited_strong,builtup_m2,0.75,574389149.0,0.4785686395126429
q40,inherited_strong,builtup_m2,0.76,583226726.0,0.4859319178907973
q40,inherited_strong,builtup_m2,0.77,591925199.0,0.49317929781901293
q40,inherited_strong,builtup_m2,0.78,601229993.0,0.5009318513156762
q40,inherited_strong,builtup_m2,0.79,611411090.0,0.5094145215550409
q40,inherited_strong,builtup_m2,0.8,621380602.0,0.517720903739926
q40,inherited_strong,builtup_m2,0.81,632045379.0,0.52660656571401
q40,inherited_strong,builtup_m2,0.8200000000000001,643295517.0,0.5359799378370085
q40,inherited_strong,builtup_m2,0.8300000000000001,655988260.0,0.5465552573042529
q40,inherited_strong,builtup_m2,0.84,667877153.0,0.556460826304341
q40,inherited_strong,builtup_m2,0.85,680380017.0,0.566877942687735
q40,inherited_strong,builtup_m2,0.86,695448308.0,0.5794325174672292
q40,inherited_strong,builtup_m2,0.87,708826539.0,0.5905789707383301
q40,inherited_strong,builtup_m2,0.88,723489315.0,0.6027956791737442
q40,inherited_strong,builtup_m2,0.89,739309962.0,0.6159771007312043
q40,inherited_strong,builtup_m2,0.9,759037314.0,0.6324135045599734
q40,inherited_strong,builtup_m2,0.91,776793673.0,0.6472077195692963
q40,inherited_strong,builtup_m2,0.92,795427096.0,0.6627326853700929
q40,inherited_strong,builtup_m2,0.93,820970382.0,0.6840147998581267
q40,inherited_strong,builtup_m2,0.9400000000000001,842693021.0,0.7021136337427032
q40,inherited_strong,builtup_m2,0.9500000000000001,865678435.0,0.7212645844975457
q40,inherited_strong,builtup_m2,0.96,891825686.0,0.7430499095856865
q40,inherited_strong,builtup_m2,0.97,938639879.0,0.7820544846075108
q40,inherited_strong,builtup_m2,0.98,971975683.0,0.8098291568747616
q40,inherited_strong,builtup_m2,0.99,1004346620.0,0.8367999227863571
q40,inherited_strong,builtup_m2,1.0,1053099383.0,0.877419672483948
q40,inherited_strong,area_m2,0.0,0.0,0.0
q40,inherited_strong,area_m2,0.01,5899771334.751813,0.39764783032237144
q40,inherited_strong,area_m2,0.02,6414443507.899933,0.432337017642927
q40,inherited_strong,area_m2,0.03,6981531950.25304,0.47055909031451004
q40,inherited_strong,area_m2,0.04,8067252582.19435,0.5437372575910318
q40,inherited_strong,area_m2,0.05,8369873147.501628,0.5641340500050941
q40,inherited_strong,area_m2,0.06,8631336918.303812,0.5817568518508148
q40,inherited_strong,area_m2,0.07,8861916499.659027,0.5972980423546667
q40,inherited_strong,area_m2,0.08,9209887920.47862,0.6207515073539038
q40,inherited_strong,area_m2,0.09,9355688886.271461,0.6305785725767407
q40,inherited_strong,area_m2,0.1,9493862437.18738,0.6398915458450452
q40,inherited_strong,area_m2,0.11,9662320409.445023,0.6512457057553082
q40,inherited_strong,area_m2,0.12,9763043605.348688,0.6580345045140507
q40,inherited_strong,area_m2,0.13,9858578373.607594,0.6644736003981121
q40,inherited_strong,area_m2,0.14,9947507731.938738,0.6704674880228819
q40,inherited_strong,area_m2,0.15,10045604941.684942,0.6770792938714382
q40,inherited_strong,area_m2,0.16,10120743420.670044,0.6821436686491779
q40,inherited_strong,area_m2,0.17,10190348793.098171,0.6868351090041268
q40,inherited_strong,area_m2,0.18,10263538735.683908,0.6917681513576847
q40,inherited_strong,area_m2,0.19,10326097814.779684,0.6959846676695745
q40,inherited_strong,area_m2,0.2,10384675993.930809,0.6999328691373963
q40,inherited_strong,area_m2,0.21,10441929939.397835,0.7037918165271455
q40,inherited_strong,area_m2,0.22,10498558723.09686,0.7076086276701591
q40,inherited_strong,area_m2,0.23,10553156216.783909,0.7112885287500214
q40,inherited_strong,area_m2,0.24,10604580128.092928,0.7147545286334867
q40,inherited_strong,area_m2,0.25,10654686745.910484,0.7181317422116773
q40,inherited_strong,area_m2,0.26,10706719965.787823,0.7216388098275073
q40,inherited_strong,area_m2,0.27,10755984949.38426,0.7249592967966544
q40,inherited_strong,area_m2,0.28,10803215850.088718,0.7281426854610032
q40,inherited_strong,area_m2,0.29,10849740390.447412,0.7312784650498504
q40,inherited_strong,area_m2,0.3,10896489731.131964,0.7344293963042047
q40,inherited_strong,area_m2,0.31,10939056915.915813,0.7372984479524481
q40,inherited_strong,area_m2,0.32,10980541380.002764,0.7400945236306856
q40,inherited_strong,area_m2,0.33,11023507844.926632,0.7429904869798003
q40,inherited_strong,area_m2,0.34,11063550205.370995,0.7456893640799849
q40,inherited_strong,area_m2,0.35000000000000003,11104310715.834238,0.7484366448861185
q40,inherited_strong,area_m2,0.36,11146104607.651201,0.7512535761634123
q40,inherited_strong,area_m2,0.37,11185306917.532501,0.7538958333939766
q40,inherited_strong,area_m2,0.38,11224125456.60947,0.7565122242614186
q40,inherited_strong,area_m2,0.39,11262702250.599497,0.7591123213771439
q40,inherited_strong,area_m2,0.4,11303289269.738688,0.7618479087726902
q40,inherited_strong,area_m2,0.41000000000000003,11344217946.008802,0.7646065240466264
q40,inherited_strong,area_m2,0.42,11381371556.809217,0.7671106978332276
q40,inherited_strong,area_m2,0.43,11420283021.887604,0.7697333519642349
q40,inherited_strong,area_m2,0.44,11457736397.577923,0.7722577300691587
q40,inherited_strong,area_m2,0.45,11494114560.246662,0.7747096382255189
q40,inherited_strong,area_m2,0.46,11530075887.297762,0.7771334514321683
q40,inherited_strong,area_m2,0.47000000000000003,11568137499.667147,0.779698825023532
q40,inherited_strong,area_m2,0.48,11604367621.47328,0.7821407551443932
q40,inherited_strong,area_m2,0.49,11641131158.984571,0.7846186377769334
q40,inherited_strong,area_m2,0.5,11675460485.726906,0.7869324532658674
q40,inherited_strong,area_m2,0.51,11712241635.563784,0.7894115229788314
q40,inherited_strong,area_m2,0.52,11746847847.125242,0.7917440006567429
q40,inherited_strong,area_m2,0.53,11782379744.01088,0.7941388700342366
q40,inherited_strong,area_m2,0.54,11820444943.437992,0.7967044853952625
q40,inherited_strong,area_m2,0.55,11856011370.197145,0.7991016821052078
q40,inherited_strong,area_m2,0.56,11891501522.259563,0.8014937378586746
q40,inherited_strong,area_m2,0.5700000000000001,11926376505.042532,0.8038443308646256
q40,inherited_strong,area_m2,0.58,11963426351.056599,0.8063415108476005
q40,inherited_strong,area_m2,0.59,11999434260.27302,0.8087684637177929
q40,inherited_strong,area_m2,0.6,12036201098.41528,0.8112465688146744
q40,inherited_strong,area_m2,0.61,12073802856.926172,0.8137809480032521
q40,inherited_strong,area_m2,0.62,12109261870.74479,0.8161709050219739
q40,inherited_strong,area_m2,0.63,12146297395.165918,0.818667119721714
q40,inherited_strong,area_m2,0.64,12182256686.442799,0.8210907957160622
q40,inherited_strong,area_m2,0.65,12220168203.989218,0.8236460528338699
q40,inherited_strong,area_m2,0.66,12256987245.13881,0.8261276764421349
q40,inherited_strong,area_m2,0.67,12294182241.450167,0.828634639634918
q40,inherited_strong,area_m2,0.68,12333335714.827303,0.8312736052582624
q40,inherited_strong,area_m2,0.6900000000000001,12371747524.850702,0.8338625823639663
q40,inherited_strong,area_m2,0.7000000000000001,12411118549.269947,0.8365162110471092
q40,inherited_strong,area_m2,0.71,12451783015.879135,0.8392570184446962
q40,inherited_strong,area_m2,0.72,12492997596.5552,0.8420349038327193
q40,inherited_strong,area_m2,0.73,12533852924.356085,0.844788575379519
q40,inherited_strong,area_m2,0.74,12576060186.328274,0.8476333680324524
q40,inherited_strong,area_m2,0.75,12620160239.110382,0.8506057358262027
q40,inherited_strong,area_m2,0.76,12663735622.007906,0.8535427405813871
q40,inherited_strong,area_m2,0.77,12706694664.222929,0.8564382036358462
q40,inherited_strong,area_m2,0.78,12751720417.967754,0.8594729641832247
q40,inherited_strong,area_m2,0.79,12798848855.142046,0.8626494467493291
q40,inherited_strong,area_m2,0.8,12845419414.502878,0.8657883280442111
q40,inherited_strong,area_m2,0.81,12893764474.49998,0.8690468116571971
q40,inherited_strong,area_m2,0.8200000000000001,12943654856.42765,0.8724094508175717
q40,inherited_strong,area_m2,0.8300000000000001,12998431892.791868,0.8761014531725473
q40,inherited_strong,area_m2,0.84,13050370594.383133,0.8796021502039512
q40,inherited_strong,area_m2,0.85,13104704294.779005,0.8832642714710144
q40,inherited_strong,area_m2,0.86,13168327764.082624,0.8875525282678738
q40,inherited_strong,area_m2,0.87,13224605963.24454,0.891345709820414
q40,inherited_strong,area_m2,0.88,13283620257.213339,0.8953233056666243
q40,inherited_strong,area_m2,0.89,13346502735.014132,0.8995616192289637
q40,inherited_strong,area_m2,0.9,13422253033.695002,0.9046672309904383
q40,inherited_strong,area_m2,0.91,13492322481.878153,0.9093899503063197
q40,inherited_strong,area_m2,0.92,13562216004.212278,0.9141008121232926
q40,inherited_strong,area_m2,0.93,13653585176.77744,0.9202591445682932
q40,inherited_strong,area_m2,0.9400000000000001,13733583968.275244,0.9256511070804898
q40,inherited_strong,area_m2,0.9500000000000001,13813834309.21132,0.931060024163071
q40,inherited_strong,area_m2,0.96,13905722572.847998,0.9372533436315706
q40,inherited_strong,area_m2,0.97,14055688153.991884,0.9473611062178316
q40,inherited_strong,area_m2,0.98,14162943329.361109,0.9545901639823581
q40,inherited_strong,area_m2,0.99,14266001960.526913,0.9615363723612629
q40,inherited_strong,area_m2,1.0,14419970343.231833,0.9719139259725726
