GEOID,Census_population,land_area_m2,water_area_m2,GHSL_E2020_1km_block_count,WorldPop_2020_1km_UNadj_block_count,uniform_area_block_count
060190001001000,49,17942.0,0.0,59.726868511801996,86.2882926351977,20.495758310725098
060190001001001,12,17945.0,0.0,59.89444234163789,77.48061538639764,20.49918531300646
060190001001002,62,17821.0,0.0,60.2739907610797,26.442013574233986,20.35753588537688
060190001001003,0,18112.0,0.0,55.1879763562035,7.448592472597434,20.689955106668876
060190001001004,40,18090.0,0.0,58.86843954167131,7.439380234319475,20.664823756605564
060190001001005,171,17654.0,0.0,59.981657159009885,7.260196982050876,20.166766091714464
060190001001006,37,17817.0,0.0,60.45554364431453,13.360761226013688,20.35296654900173
060190001001007,10,17845.0,0.0,59.79512908423375,62.57786013251296,20.384951903627766
060190001001008,0,17744.0,0.0,60.28308726646192,7.5959975661925245,20.269576160155285
060190001001009,91,17750.0,0.0,60.30778815574191,7.29967197141221,20.276430164718008
060190001001010,0,17798.0,0.0,60.471317708885856,7.319465635416264,20.33126220121978
060190001001011,0,17826.0,0.0,60.4838085274265,7.330832390335573,20.363247555845813
060190001001012,31,18119.0,0.0,61.56079961273587,7.451336837463284,20.697951445325387
060190001001013,0,17536.0,0.0,59.58144453027908,7.211755130709768,20.031970668647606
060190001001014,0,17718.0,0.0,60.198382311886725,7.2864294567002466,20.239875473716825
060190001001015,0,17988.0,0.0,61.117037119933954,13.521627187026475,20.5483056790393
060190001001016,0,17819.0,0.0,60.54154858728105,62.12924866403223,20.355251217189306
060190001001017,27,17777.0,0.0,60.400141914872044,74.40044321951794,20.307273185250256
060190001001018,0,17785.0,0.0,60.42751988761555,64.0795909946436,20.31641185800055
060190001001019,0,18343.0,0.0,62.323101676653216,76.76913067676695,20.95383428233366
060190001001020,2445,18461.0,0.0,62.724277402028534,77.26329593583046,21.088629705400514
060190001001021,348,72349.0,0.0,245.80918933407767,302.78592159040494,82.6467293513906
060190001001022,29,91422.0,0.0,310.4641724887402,364.5393765709555,104.43446752218871
060190001001023,216,108453.0,0.0,368.47831499386945,123.67405716874532,123.88955947347392
060190001001024,0,17172.0,0.0,58.34440508317642,18.18300518405074,19.616161058509164
060190001001025,211,53825.0,0.0,147.5864180268979,169.80533148430501,61.48613259808151
060190001001026,0,17905.0,0.0,60.83542855074915,74.93662604310191,20.453491949254982
060190001001027,0,17649.0,0.0,59.96453123262844,73.86386123804247,20.161054421245527
060190001001028,0,17895.0,0.0,60.79966700163624,74.89257523428152,20.442068608317115
060190001001029,61,18058.0,0.0,61.35331147596398,73.20948221185307,20.628269065604382
060190001001030,0,52827.0,0.0,50.60878114699848,101.76377621237647,60.34608317248215
060190002001000,0,98115.0,0.0,56.04198495802942,89.60611907202758,112.08010961190465
060190002001001,0,106247.0,0.0,58.114517313706955,112.21936111720645,121.36957046257996
060190002001002,0,208880.0,0.0,120.15953780462539,281.79448974911804,238.61074551021395
060190002001003,0,177805.0,0.0,92.82452850875745,218.55427784250844,203.11271354578508
060190002001004,0,87641.0,0.0,45.75391071421071,120.89054900435261,100.11530231358033
060190002001005,0,13016.0,0.0,6.795175311209372,17.95414776857058,14.868620564730682
060190002001006,0,7305.0,0.0,6.679834091128637,13.555147298572729,8.344750555113524
060190002001007,211,51207.0,0.0,66.23584110782049,91.2496739761965,58.49550194054733
060190002001008,126,97395.0,0.0,58.95042909799825,134.3445176695452,111.25762906437805
060190002001009,0,4145.0,0.0,8.618728026875479,5.716850422065587,4.734974818746825
060190002001010,72,17911.0,0.0,15.295962745442695,24.706653536505996,20.460345953817704
060190002001011,96,18001.0,0.0,13.491304891878944,24.829590830673943,20.56315602225853
060190002001012,0,16481.0,0.0,9.338284367474918,29.68397244715377,18.826808199702395
060190002001013,0,2645.0,0.0,1.3811079848304355,3.649150420459894,3.02147367806643
060190002001014,0,16663.0,0.0,8.69902391160737,16.795767035086953,19.034713004771614
060190002001015,0,18140.0,0.0,9.469945703584163,7.809239669821385,20.72194046129491
060190002001016,0,18416.0,0.0,9.614250302273124,7.573480734557196,21.037224671180102
060190002001017,0,15354.0,0.0,8.015488582836845,6.314080292441035,17.539397676004523
060190002001018,0,15209.0,0.0,13.513069509627748,6.2545366586615785,17.37375923240542
060190002001019,0,27540.0,0.0,29.144864481424598,11.325696839359859,31.459880942892053
060190002001020,0,31491.0,0.0,16.440309276670106,12.95060578437246,35.97324294744421
060190002001021,0,18921.0,0.0,9.87784713343362,7.781125164410696,21.614103388542503
060190002001022,0,16581.0,0.0,8.657339300127067,9.82313929136322,18.941041609081086
060190002001023,0,36110.0,0.0,28.439966030873084,32.6350101276227,41.249684126646045
060190002001024,0,33393.0,0.0,42.84601314059703,44.259702895848115,38.145962393826956
060190002001025,0,6065.0,0.0,9.595992746784434,9.850389697973776,6.928256278817731
060190002001026,54,17998.0,0.0,11.571263684622721,27.29021313835966,20.559729019977166
060190002001027,64,17503.0,0.0,43.61555664013541,41.88308956626692,19.994273643552635
060190002001028,146,17612.0,0.0,36.625658562050475,24.465389206666735,20.11878805977541
060190002001029,77,17393.0,0.0,36.17068591780818,23.992217924828484,19.868616893236073
060190002001030,23,18198.0,0.0,62.562341056794125,50.228542460014914,20.788195838734552
060190002001031,83,17820.0,0.0,23.874219690290182,46.986978586578964,20.356393551283094
060190002001032,0,3602.0,0.0,8.765835964256675,1.4811447040996666,4.114687405820522
060190002002000,140,29605.0,0.0,57.97178686344223,60.82848492144635,33.81880084656206
060190002002001,71,15142.0,0.0,31.488818432547887,31.112260568114422,17.297222848121695
060190002002002,95,14949.0,0.0,31.087047834820343,30.715294529141485,17.076752368020816
060190002002003,61,15148.0,0.0,31.50105576352885,31.124351559427847,17.304076852684418
060190002002004,60,14978.0,0.0,30.88279866493156,23.547696889879372,17.10988005674064
060190002002005,47,13878.0,0.0,28.859959603997236,21.84111602950201,15.853312553575016
060190002002006,67,14151.0,0.0,29.42846228902357,29.07654311692592,16.16516976117885
060190002002007,48,14063.0,0.0,29.24566769661909,28.895934466858183,16.064644360925598
060190002002008,30,14909.0,0.0,31.003183835644435,30.632433414481557,17.03105900426934
060190002002009,68,14808.0,0.0,30.79405204350102,30.425802517098717,16.91568326079686
060190002002010,96,15023.0,0.0,31.241333921877704,30.867735591763314,17.16128509096105
060190002002011,78,14966.0,0.0,31.121777424596228,23.704738293004418,17.096172047615195
060190002002012,72,14803.0,0.0,30.783397440923107,24.632135654027465,16.909971590327924
060190002002013,0,42373.0,0.0,112.4537617984858,95.5196929840644,48.404122556033585
060190002002014,41,14552.0,0.0,50.3164489084693,40.16583179536547,16.623245732787407
060190002002015,78,14652.0,0.0,50.6631778453087,39.589670225074315,16.737479142166098
060190002002016,66,15051.0,0.0,44.60552098746867,40.7017351796431,17.193270445587086
060190002002017,72,14835.0,0.0,44.18280729470898,38.432205713315795,16.946526281329106
060190002002018,68,15096.0,0.0,31.393752739508074,31.644960654813936,17.244675479807494
060190002002019,82,14836.0,0.0,30.853268761925523,31.15558563388511,16.947668615422895
060190002002020,53,14839.0,0.0,44.29300660493085,38.44238494165785,16.951095617704254
060190002002021,57,14743.0,0.0,50.97593628671899,38.194400912449304,16.84143154470071
060190002002022,51,14933.0,0.0,51.634902000175934,38.68813977201175,17.058475022520227
060190002002023,60,15068.0,0.0,52.09959456332582,39.03631687969942,17.21269012518146
060190002002024,77,14912.0,0.0,51.55973223951587,40.26414609052459,17.0344860065507
060190002002025,0,15257.0,0.0,52.75294773195654,42.11080215867189,17.42859126890719
060190002002026,53,14825.0,0.0,51.25838964186836,40.91774958526621,16.93510294039124
060190002002027,95,22036.0,0.0,76.19307356511365,60.82222102667385,25.17247409068879
060190002002028,44,14407.0,0.0,49.814339560966324,39.76501575941325,16.4576072891883
060190002002029,57,17869.0,0.0,59.801326265630884,49.321492153061484,20.41236792187865
060190002002030,0,68942.0,0.0,129.62396643406478,154.52062045940335,78.75479709385853
060190002002031,26,18424.0,0.0,59.66687072927866,50.84375859938196,21.0463633439304
060190002002032,78,16454.0,0.0,56.89237468412289,45.415159487074895,18.795965179170146
060190002002033,21,2750.0,0.0,9.507874391082158,7.589798004592263,3.1414187579140576
060190002002034,29,4356.0,0.0,15.060664688774393,12.022393029288109,4.9760073125358675
060190002002035,33,16285.0,0.0,56.30924244694807,42.190451765284685,18.602910717320157
060190002002036,27,16363.0,0.0,47.85327134346571,42.392106525823515,18.692012776635536
060190002002037,48,14846.0,0.0,51.33355262474331,38.46234972874013,16.959091956360762
060190002002038,45,16127.0,0.0,55.76106339594804,44.51207391774768,18.42242193050182
060190002002039,65,14440.0,0.0,49.92822216962355,39.85592419597769,16.49530431428327
060190002002040,10,15823.0,0.0,54.708951933605995,43.67221075285541,18.075152365990593
060190002002041,30,15824.0,0.0,54.71284029734945,42.68489171104764,18.076294700084382
060190003001000,0,2214.0,0.0,7.653933692197119,6.109863075053451,2.5291276836442633
060190003001001,31,14481.0,0.0,50.06780339550718,39.96734692477223,16.542140012128534
060190003001002,39,16670.0,0.0,57.638631773252435,46.010869982714254,19.042709343428125
060190003001003,54,16224.0,0.0,56.09488578731036,43.69478888193859,18.53322833759915
060190003001004,41,16332.0,0.0,52.67275148476957,42.30956379363756,18.656600419728143
060190003001005,62,16543.0,0.0,28.88117380783988,42.85983051925137,18.897632913517185
060190003001006,58,15397.0,0.0,24.834664606315528,39.889408157884326,17.58851804203736
060190003001007,40,15014.0,0.0,29.89013189746181,38.89591113531276,17.151004084116966
060190003001008,28,15048.0,0.0,51.401375373789584,40.4346996770871,17.189843443305723
060190003001009,36,12996.0,0.0,44.93464557480065,35.86972958336125,14.845773882854942
060190003001010,0,1424.0,0.0,4.923600526547206,3.930335205821346,1.6266837495525883
060190003001011,34,15175.0,0.0,24.47628025074945,39.31377164081455,17.334919873216663
060190003001012,48,14689.0,0.0,23.691913836019594,38.05392325717505,16.779745503636214
060190003001013,36,12773.0,0.0,30.716526762525575,34.109560363112294,14.591033379940457
060190003001014,0,1625.0,0.0,5.619073945294583,4.4855069033783455,1.8562929024037613
060190003001015,86,18533.0,0.0,64.0811178636767,51.1536775191262,21.170877760153175
060190003001016,47,18099.0,0.0,54.31889239256537,49.89710781619583,20.675104763449646
060190003001017,17,18109.0,0.0,29.20856838653949,44.576836702805274,20.686528104387516
060190003001018,0,1796.0,0.0,2.8973001806695775,4.653857163238994,2.051632032441326
060190003001019,48,13042.0,0.0,21.036427495815587,32.286836993310736,14.898321251169142
060190003001020,26,15154.0,0.0,24.44310433509852,36.686922694137714,17.310930857247136
060190003001021,33,15562.0,0.0,27.63891356738926,27.45469837576108,17.777003167512206
060190003001022,0,2010.0,0.0,3.2413389925288825,3.5453836375412626,2.2960915285117296
060190003001023,31,18086.0,0.0,31.675157548062337,32.302057952009406,20.660254420230416
060190003001024,52,18309.0,0.0,37.036283505145946,32.30080323604192,20.914994923144903
060190003001025,23,22263.0,0.0,45.78752889586121,39.277979879179725,25.431783929978423
060190003001026,0,33269.0,0.0,68.42301157294956,61.55247645416753,38.004312966197375
060190003001027,90,17935.0,0.0,36.86886892977899,39.64259450622517,20.48776197206859
060190003001028,49,18469.0,0.0,34.58260584295404,44.64151862069552,21.09776837815081
060190003001029,35,18029.0,0.0,57.27164062387684,45.120973682948254,20.595141376884563
060190003001030,51,18121.0,0.0,62.65589862366927,49.325764982051425,20.700236113512958
060190003001031,36,17711.0,0.0,65.66336680179043,43.24334389784552,20.231879135060318
060190003001032,21,17678.0,0.0,78.69015947500121,42.7304837390177,20.19418210996535
060190003001033,59,18203.0,0.0,37.43646136941044,43.99872473379273,20.79390750920349
060190003001034,18,15741.0,0.0,32.37391368778415,38.048759546175326,17.981480970300066
060190003001035,50,32713.0,0.0,119.11328676680762,79.0730120606291,37.36917521005184
060190003001036,33,18092.0,0.0,89.27647189761969,43.72977872319914,20.66710842479314
060190003001037,9,17603.0,0.0,87.98854920063889,42.54773868804134,20.10850705293133
060190003001038,0,8235.0,0.0,40.89689225958556,19.9059827950074,9.40712126233537
060190003001039,0,3504.0,0.0,17.515598213417398,8.469841843281534,4.002738664629403
060190003002000,0,4108.0,0.0,9.986821759309,1.6894678759567683,4.692708457276709
060190003002001,0,26655.0,0.0,41.739642435343626,27.201557695863933,30.44891526989062
060190003002002,0,29699.0,0.0,36.358518235149624,37.950056927850326,33.926180251378035
060190003002003,0,8419.0,0.0,9.76900209906227,12.446967423152232,9.617310735592165
060190003002004,0,9653.0,0.0,16.18590080328633,15.624311789125624,11.026951007325236
060190003002005,73,8034.0,0.0,15.568081460455,13.00404059312066,9.177512109484196
060190003002006,0,10045.0,0.0,19.464484586719323,16.25871166802539,11.474745972089712
060190003002007,36,33587.0,0.0,65.08135973950218,54.36255238371806,38.36757520802162
060190003002008,0,9712.0,0.0,18.819172995208557,15.719681977531208,11.094348718858665
060190003002009,0,8292.0,0.0,16.067865861258905,13.421511214171261,9.472234305681225
060190003002010,0,8107.0,0.0,15.7089474643646,13.128523072429727,9.260902498330642
060190003002011,0,15073.0,0.0,29.20596805609232,25.18137985582856,17.218401795650397
060190003002012,0,15409.0,0.0,15.60739938632566,26.580066601535844,17.602226051162805
060190003002013,0,30289.0,0.0,23.538968636999186,52.284295525822365,34.600157366712324
060190003002014,0,29664.0,0.0,57.478892424143716,51.204151700081916,33.886198558095494
060190003002015,14,8072.0,0.0,15.640339021755826,13.811348117802323,9.220920805048099
060190003002016,20,9629.0,0.0,18.658259422976176,16.000100129336342,10.99953498907435
060190003002017,0,9614.0,0.0,18.6285558610363,15.560459214160089,10.982399977667546
060190003002018,20,7949.0,0.0,15.402793713392201,12.865975502838989,9.080413711512307
060190003002019,0,7999.0,0.0,15.499310447934311,12.946596068519433,9.137530416201653
060190003002020,0,9883.0,0.0,19.150267919722786,15.996246039037182,11.28968784889623
060190003002021,6,9804.0,0.0,18.997545711286907,15.868676961047967,11.199443455487062
060190003002022,12,53363.0,0.0,103.4010438172796,89.55378953745209,60.958374246751944
060190003002023,3,17896.0,0.0,34.676489427849255,30.89099581090843,20.4432109424109
060190003002024,85,51606.0,0.0,99.99623146793786,84.92454769682081,58.95129324396831
060190003002025,18,16827.0,0.0,32.60583414288326,27.23569964890339,19.22205579615267
060190003002026,0,2932.0,0.0,5.6818056947440105,4.7460203805046,3.3493235629832787
060190003002027,0,6534.0,0.0,12.660418327636993,10.575265441453341,7.464010968803801
060190003002028,33,32418.0,0.0,62.81820389077028,52.47213508340879,37.032186652384695
060190003002029,34,17996.0,0.0,34.87166751471818,29.12835348807,20.55744435178959
060190003002030,14,18157.0,0.0,56.74361919029481,38.44807354588089,20.741360140889288
060190003002031,48,18156.0,0.0,62.77833998057168,50.010343880023186,20.740217806795503
060190003002032,78,17807.0,0.0,61.56919303170424,36.360425434288665,20.341543208063865
060190003002033,36,17847.0,0.0,53.80853734842007,28.88617000707309,20.38723657181534
060190003002034,18,17883.0,0.0,34.6518477389466,28.944737716623443,20.42836059919167
060190003002035,63,17705.0,0.0,34.30635615217267,28.656148102649347,20.225025130497595
060190003002036,37,15972.0,0.0,30.949500867032366,25.852162107067322,18.245360145964845
060190003002037,98,48110.0,0.0,93.22279826555692,80.88701990993708,54.95769325208921
060190003002038,68,18008.0,0.0,34.893840004654884,29.14687420045963,20.571152360915036
060190003002039,0,8328.0,0.0,16.137365818551874,13.54301269760057,9.513358333057553
060190003002040,0,36167.0,0.0,90.57363421943069,173.3750326342148,41.3147971699919
060190003002041,83,17453.0,0.0,47.20532930657436,52.622253266380085,19.93715693886329
060190003002042,65,17869.0,0.0,50.02608351712708,28.922858835046764,20.41236792187865
060190003002043,32,17751.0,0.0,51.55969958932512,28.7311918682136,20.277572498811796
060190003002044,54,17872.0,0.0,61.79425045938616,28.926356504873155,20.415794924160014
060190003002045,60,17768.0,0.0,61.43548770706867,38.62928923064187,20.296992178406175
060190003002046,0,17774.0,0.0,66.99946134969186,94.55033071734749,20.303846182968893
060190003002047,45,18327.0,0.0,90.94020358562467,101.15717624223693,20.935556936833066
060190003002048,0,15015.0,0.0,29.093950074035646,25.91787994369524,17.152146418210755
060190003002049,0,15187.0,0.0,8.275514208835784,26.2148316016057,17.348627882342107
060190003002050,13,17568.0,0.0,34.04059625395202,30.324520550720504,20.06852535964879
060190003002051,83,17830.0,0.0,34.54829175565705,28.858237256449296,20.36781689222096
060190003003000,0,10856.0,0.0,37.535415156482486,29.963187074013085,12.401178922150912
060190003003001,18,9410.0,0.0,32.53582064894691,25.97218857568889,10.749363822535011
060190003003002,74,18297.0,0.0,63.265393312004136,50.50251361856096,20.901286914019458
060190003003003,78,17899.0,0.0,61.88921482636064,49.403959273533374,20.44663794469226
060190003003004,62,18245.0,0.0,63.0836180631351,50.35740890173335,20.84188554114254
060190003003005,48,18237.0,0.0,63.058124746559606,50.337058493711915,20.832746868392242
060190003003006,33,18001.0,0.0,62.242504259657856,49.685977664352436,20.56315602225853
060190003003007,70,17978.0,0.0,62.16068399365934,49.32455259346471,20.536882338101428
060190003003008,57,17813.0,0.0,61.592626993373706,49.16720375380313,20.348397212626583
060190003003009,38,17845.0,0.0,61.70163212402994,47.38632316984939,20.384951903627766
060190003003010,39,17680.0,0.0,71.83709274297273,42.74993509359892,20.196466778152924
060190003003011,236,36157.0,0.0,125.03652422885764,85.66056638355212,41.30337382905403
060190003003012,49,17911.0,0.0,63.53059340146961,85.08675508567664,20.460345953817704
060190003003013,46,17923.0,0.0,80.26784242271017,83.63040160947217,20.47405396294315
060190003003014,62,17474.0,0.0,87.34364129747857,44.23974213888175,19.961145954832816
060190003003015,57,15304.0,0.0,76.50131430404252,71.16893008918932,17.482280971315177
060190003003016,59,17640.0,0.0,88.1781490860319,97.36543573253807,20.150773414401446
060190003003017,74,17559.0,0.0,83.96347047635896,96.91651038959864,20.058244352804703
060190003003018,85,27516.0,0.0,137.54406653826646,151.87479108750003,31.432464924641167
060190003003019,0,1128.0,0.0,5.638642742990657,6.2261332688640705,1.2885528577916572
060190004001000,52,22596.0,0.0,75.9653331637164,65.64066584892949,25.81218118320947
060190004001001,41,18597.0,0.0,62.52002103418324,54.02274483188873,21.24398714215554
060190004001002,59,17203.0,0.0,57.83540820679814,60.3882761387529,19.651573415416557
060190004001003,52,16666.0,0.0,56.02938592855943,58.538642416922734,19.038140007052977
060190004001004,69,18380.0,0.0,61.79267247471594,53.394252310901585,20.996100643803775
060190004001005,80,23005.0,0.0,77.34097012233572,66.82933602477884,26.279395827568326
060190004001006,52,22880.0,0.0,76.9194262099742,72.22468593389326,26.13660406584496
060190004001007,78,18152.0,0.0,61.02652456571476,57.06299875017197,20.735648470420355
060190004001008,76,16647.0,0.0,55.96588399321459,55.92095775228673,19.016435659271025
060190004001009,64,16943.0,0.0,80.46116483704857,40.869138648845365,19.354566551031954
060190004001010,90,18188.0,0.0,86.44377886479273,83.24262172991116,20.776772497796685
060190004001011,100,22824.0,0.0,108.58690152683482,104.46061778645648,26.072633356592892
060190004001012,94,22543.0,0.0,119.32577057203055,103.17737224971131,25.751637476238763
060190004001013,68,18009.0,0.0,95.32739633719554,82.42670640489474,20.57229469500882
060190004001014,53,16910.0,0.0,74.54435851093348,40.72489571443013,19.316869525936987
060190004001015,66,16631.0,0.0,45.10570090964136,40.02308055249888,18.998158313770432
060190004001016,75,18087.0,0.0,94.07124042433898,82.78217113358751,20.661396754324205
060190004001017,90,22437.0,0.0,118.76509193867412,102.69257045217036,25.63055006229735
060190004001018,98,23002.0,0.0,121.75215548280073,105.27539364072756,26.275968825286963
060190004001019,78,17767.0,0.0,69.56876514513027,81.31874013964021,20.295849844312386
060190004001020,36,10382.0,0.0,23.87244938587674,27.64218515705536,11.859712561695908
060190004001021,20,5966.0,0.0,13.718769200109225,11.869436242729478,6.815165203532825
060190004002000,140,41122.0,0.0,165.7321582508294,188.20778285220587,46.97506260470614
060190004002001,21,11968.0,0.0,57.71725473999589,54.77495774410893,13.671454434441978
060190004002002,48,11731.0,0.0,30.079316961406196,53.69095594781231,13.400721254214476
060190004002003,21,11892.0,0.0,27.3448761855651,49.90640765356042,13.584637043314173
060190004002004,40,12793.0,0.0,29.417754682012472,25.452149424572553,14.613880061816197
060190004002005,78,18296.0,0.0,42.07096637125673,36.39966863861752,20.900144579925673
060190004002006,71,16799.0,0.0,38.6283626765317,70.28230262052105,19.190070441526636
060190004002007,64,16666.0,0.0,38.32321003688421,76.28027764222735,19.038140007052977
060190004002008,123,29413.0,0.0,71.57495361271872,134.6205639167566,33.599472700554976
060190004002009,37,10209.0,0.0,23.47521703648469,31.86150341532121,11.662088763470768
060190004002010,30,11809.0,0.0,27.15442878820178,39.84594678767185,13.489823313529858
060190004002011,48,10092.0,0.0,23.20593442481005,46.19015784868084,11.528435674497699
060190004002012,30,9930.0,0.0,22.8340227368951,41.72824674298461,11.343377551304215
060190004002013,54,10941.0,0.0,25.158310297466087,21.766891453221675,12.498277320122801
060190004002014,75,13245.0,0.0,30.456806607785502,14.850291486353374,15.13021507220789
060190004002015,44,11548.0,0.0,26.55277767194456,35.18938106133066,13.191674115051468
060190004002016,61,13676.0,0.0,23.657656015727305,26.129287268602535,15.622561066630055
060190004002017,74,13706.0,0.0,23.76231225992923,30.277747837068233,15.656831089443664
060190004002018,61,14449.0,0.0,25.066525828513072,31.918165717202452,16.505585321127352
060190004002019,59,14218.0,0.0,24.63521628458816,31.40887251308726,16.241706145462572
060190004002020,46,10252.0,0.0,23.573225266203902,32.11208770012266,11.711209129503606
060190004002021,247,59374.0,0.0,90.37298862317456,126.42001083522113,67.82494448450518
060190004002022,30,15264.0,0.0,26.474164842901814,4.383327400601134,17.436587607563702
060190004003000,19,26451.0,0.0,36.16832571095683,22.868991830143614,30.215879114758085
060190004003001,0,8674.0,0.0,11.37512291730135,9.317731343862253,9.90860592950783
060190004003002,0,17095.0,0.0,26.952145432386562,7.535418631577089,19.52820133328757
060190004003003,0,17406.0,0.0,9.95898262210922,3.1594043317192972,19.883467236455303
060190004003004,0,17523.0,0.0,2.747106140683114,3.1806015512359487,20.017120325428376
060190004003005,0,17753.0,0.0,2.7832678708619216,3.4818354632509148,20.27985716699937
060190004003006,9,17653.0,0.0,2.767560456793871,19.593496528402362,20.165623757620676
060190004003007,0,17424.0,0.0,2.7316825578444646,30.077340502779588,19.90402925014347
060190004003008,0,17992.0,0.0,2.8207398567927964,31.057910773301966,20.552875015414447
060190004003009,0,21735.0,0.0,29.73221365357311,3.9452086177670465,24.828631528458924
060190004003010,0,5920.0,0.0,8.442368618119307,1.0746142269813301,6.7626178352186255
060190004003011,0,4659.0,0.0,7.467674432518898,2.708100839109671,5.322134542953307
060190004003012,0,35157.0,0.0,71.83541596642145,9.408046684850571,40.1610397352671
060190004003013,14,73921.0,0.0,169.67595664739895,115.66642739119195,84.44247854682365
060190004003014,0,19716.0,0.0,3.0909156549744186,34.0326962051536,22.52225899310311
060190004003015,0,28941.0,0.0,4.537285486213539,20.198239650611878,33.06029100828754
060190004003016,0,25162.0,0.0,3.9446029638967914,4.567064271808671,28.743410467866735
060190004003017,0,6004.0,0.0,0.9412480985371083,1.0897777548415262,6.8585738990967275
060190004003018,5,24682.0,0.0,3.869387657508805,4.479979933627683,28.195090102849008
060190004003019,28,44444.0,0.0,68.16242776840252,8.067126858882835,50.76989646426632
060190004003020,0,8124.0,0.0,1.2737077517430622,1.4746997908161814,9.28032217792502
060190004003021,0,5600.0,0.0,0.8778647690189755,1.0163924883597069,6.397070925206808
060190004003022,0,5882.0,0.0,0.9222143705424601,1.0677404902855496,6.719209139654723
060190004003023,0,21685.0,0.0,3.399668056327414,3.9361382268809764,24.77151482376958
060190004003024,0,7500.0,0.0,1.175840017725499,1.3613884549262607,8.567505703401975
060190004003025,0,36460.0,0.0,5.7159402808603055,6.617919946680887,41.64950105947147
060190004003026,19,15112.0,0.0,2.3692241095147404,2.7430894519693907,17.262952825308087
060190004003027,0,10765.0,0.0,1.6876044143861988,1.9539096574312325,12.297226519616302
060190004003028,0,17418.0,0.0,2.7306445580075747,3.161542318460691,19.897175245580748
060190004003029,15,14934.0,0.0,2.341211374071193,2.768415498635919,17.059617356614012
060190004003030,0,4773.0,0.0,0.7482272200124271,0.8662980368340287,5.452360629645017
060190004003031,0,3270.0,0.0,0.5127151414680999,1.6596825799207444,3.735432486683261
060190004003032,0,2885.0,0.0,0.4522301445652772,2.844078848562015,3.2956338605752933
060190004003033,0,6808.0,0.0,1.067218801708982,10.836017295797646,7.77701051050142
060190004003034,0,40787.0,0.0,10.156943812671198,70.40564177245689,46.592380683287516
060190004003035,0,48980.0,0.0,93.16687909731425,87.25265807804065,55.951523913683836
060190004003036,52,18572.0,0.0,35.986291897498994,32.250443450741905,21.215428789810865
060190004003037,109,18116.0,0.0,35.10303123988631,31.270973759836323,20.694524443044024
060190004003038,23,18047.0,0.0,34.97024076461285,31.15267948947958,20.615703390572726
060190004003039,300,142079.0,0.0,292.06545711599586,345.01120713466344,162.30168571115323
060190004003040,36,15114.0,0.0,33.25127633014481,39.59940340114154,17.26523749349566
060190004003041,0,10791.0,0.0,22.663072657888513,27.165182213148924,12.326927206054762
060190004003042,65,52179.0,0.0,110.72106991982821,146.26559682787334,59.605850679708226
060190004003043,84,18560.0,0.0,40.8323677663573,60.56964885280018,21.20172078068542
060190004003044,20,18413.0,0.0,39.13116061458932,98.91212190892038,21.033797668898742
060190004003045,266,35982.0,0.0,149.40612768363155,198.59820227722196,41.103465362641316
060190004003046,15,10976.0,0.0,24.145972932686778,28.75577205461046,12.538259013405344
060190004003047,0,1216.0,0.0,2.674813544994685,3.185472327119561,1.389078258044907
060190004003048,0,1565.0,0.0,3.443703185169608,4.101153599920578,1.7877528567765455
060190004003049,0,1178.0,0.0,2.5930021471940115,3.08804200558381,1.3456695624810036
060190004003050,0,1292.0,0.0,2.841659601297449,3.384171595797948,1.4758956491727135
060190004003051,0,6127.0,0.0,6.24301890635651,13.476125523031012,6.99908099263252
060190004003052,0,9489.0,0.0,11.229862295281764,20.60373963223165,10.83960821594418
060190004003053,0,1318.0,0.0,2.8670576957508205,3.4529859740225564,1.505596335611174
060190004003054,0,11352.0,0.0,24.97620049424396,19.690059999572654,12.96777663266923
060190004003055,0,39576.0,0.0,59.75724722460285,34.977609592549754,45.209014095711545
060190004003056,0,46269.0,0.0,7.634006707251581,24.302761193373975,52.854656185427466
060190004003057,0,17656.0,0.0,2.768005127334414,5.998333776497704,20.169050759902035
060190004003058,0,4285.0,0.0,0.6717403101765019,0.7777414352267485,4.894901591876995
060190004003059,0,7767.0,0.0,1.2177814291401734,1.409948252536908,8.872508906443086
060190004003060,0,23503.0,0.0,3.684680196862219,4.266125497078211,26.848278206274216
060190004003061,0,15153.0,0.0,2.375548883069406,2.7504122795373798,17.30978852315335
060190004003062,0,11439.0,0.0,1.7933964080442721,2.07639570707966,13.067159698828693
060190004003063,0,50780.0,0.0,84.27857087717581,52.25802006390273,58.00772528250031
060190004003064,0,13935.0,0.0,32.04296315275856,2.529412194344459,15.91842559692087
060190004003065,0,12783.0,0.0,29.39323835439197,7.0912002164169525,14.602456720878326
060190004003066,0,46524.0,0.0,20.79386114787138,51.03717172645604,53.14595137934313
060190004003067,0,80665.0,0.0,181.2631059730904,160.47991200319368,92.1463796753227
060190004003068,62,73997.0,0.0,170.14983068632915,147.21310181576058,84.52929593795146
060190004003069,80,12525.0,0.0,28.800412497746272,24.918026895852073,14.3077345246813
060190004003070,87,18992.0,0.0,43.67138744292155,37.78434794873341,21.695209109201375
060190004003071,55,13056.0,0.0,30.021277914824694,25.974315839677317,14.914313928482159
060190004003072,0,18565.0,0.0,16.699955519561644,3.36986604010219,21.207432451154357
060190004003073,9,139671.0,0.0,223.72490032934252,70.40720782271467,159.5509452133143
060190004003074,0,117020.0,0.0,48.528867139429465,64.656037120924,133.67593565494656
060190004003075,32,16345.0,0.0,2.562397540896417,6.086927168198804,18.671450762947373
060190004003076,0,20195.0,0.0,3.1659926828713694,3.6655887041329698,23.069437024027053
060190004003077,0,11136.0,0.0,1.7457727828664127,2.021257038109806,12.721032468411252
060190004003078,0,16047.0,0.0,2.742342996248616,7.763152897180585,18.331035202998866
060190004003079,0,15760.0,0.0,2.4708076805090227,6.021411113915601,18.003185318082018
060190004003080,0,15486.0,0.0,2.427872261011193,5.893880037730014,17.6901857763844
060190004003081,0,15913.0,0.0,2.4947502564833317,6.0077089927263305,18.177962434431418
060190004003082,12,16045.0,0.0,2.742759994785578,7.762156834401601,18.32875053481129
060190004003083,0,15677.0,0.0,2.6796708180489572,7.584113864585563,17.9083715882977
060190004003084,0,15729.0,0.0,2.717209111033669,7.609342478624831,17.96777296117462
060190004003085,0,14892.0,0.0,2.5725087704760057,7.20411991271858,17.011639324674963
060190004003086,0,15999.0,0.0,2.7638398617396853,7.739928435633664,18.276203166497094
060190004003087,0,16030.0,0.0,2.769174804298133,7.7548685463767715,18.311615523404488
060190004003088,12,15658.0,0.0,2.678554515580512,7.574505762015674,17.886667240515752
060190004003089,0,15210.0,0.0,2.6274990433376413,4.5649637666312355,17.374901566499204
060190004003090,0,3546.0,0.0,7.800462717465665,9.289678591508741,4.050716696568454
060190004003091,0,14820.0,0.0,32.60416568008135,38.828750406573434,16.929391269922302
060190004003092,0,4007.0,0.0,8.816539490596806,10.176644995957254,4.577332713804228
060190004004000,0,17344.0,0.0,58.3093118096131,62.96521913890957,19.812642522640516
060190004004001,26,16985.0,0.0,56.52073478452312,61.66233094125713,19.402544582971007
060190004004002,80,25637.0,0.0,40.209837638108546,93.07001120804479,29.286019162415524
060190004004003,97,22174.0,0.0,29.080704936811443,71.43937398341224,25.330116195631387
060190004004004,11,119410.0,0.0,216.79304337567402,254.07995962178015,136.40611413909733
060190004004005,0,4925.0,0.0,6.459432721729245,5.3291117134192465,5.625995411900631
060190004004006,0,13569.0,0.0,17.795267976617446,14.681315697988857,15.500331318594855
060190004004007,63,16666.0,0.0,56.028008006626784,60.501756796111366,19.038140007052977
060190004004008,93,16440.0,0.0,39.99201785410208,59.68337962165052,18.77997250185713
060190004004009,36,13448.0,0.0,17.636904390091637,48.821967411585085,15.362108893246635
060190004004010,12,2539.0,0.0,3.329305993601082,9.216088329769667,2.9003862641250153
060190004004011,55,46383.0,0.0,77.85599407146759,131.9155342888413,52.98488227211918
060190004004012,19,10546.0,0.0,22.10035102277481,21.290704464920825,12.047055353076964
060190004004013,18,4965.0,0.0,11.416085952387997,9.87716189235913,5.6716887756521075
060190004004014,31,12113.0,0.0,27.85454865359971,24.097758017843525,13.837092878041084
060190004004015,55,16696.0,0.0,47.513107170225,33.21599366825639,19.072410029866585
060190004004016,52,16712.0,0.0,52.376316656412925,56.81396081676279,19.090687375367175
060190004004017,53,16186.0,0.0,22.813817608540337,55.242152981132044,18.48981964203525
060190004004018,13,6210.0,0.0,11.33178960037057,12.35495745465866,7.093894722416835
060190004004019,17,3590.0,0.0,8.254844689750652,7.142065830355197,4.100979396695079
060190004004020,41,12778.0,0.0,29.38167136544456,25.420930251833234,14.596745050409393
060190004004021,52,11622.0,0.0,26.722968047432314,23.120628449159245,13.276206837991701
060190004004022,50,10338.0,0.0,23.770650979008664,20.56629294713057,11.809449861569282
060190004004023,89,17078.0,0.0,39.26905193763588,33.97546102623336,19.50878165369319
060190004004024,0,41519.0,0.0,84.21995766995867,69.06493188460017,47.42856923993955
060190005011000,67,19404.0,0.0,81.04952231350501,74.82764362853972,22.16585075584159
060190005011001,197,61955.0,0.0,321.80930292384994,340.0783389516718,70.77330878056925
060190005011002,0,14697.0,0.0,76.70743310043908,57.22221811267623,16.78888417638651
060190005011003,0,8490.0,0.0,45.63522386720182,27.7042210856454,9.698416456251037
060190005011004,111,39510.0,0.0,212.37001932457065,205.55716358112693,45.1336200455216
060190005011005,89,11585.0,0.0,62.26866805643265,67.53162669391386,13.233940476521585
060190005011006,71,19939.0,0.0,107.17486982591787,116.23330843520442,22.7769994960176
060190005011007,106,19518.0,0.0,104.90969442465304,113.77960843348748,22.2960768425333
060190005011008,92,19944.0,0.0,105.33182742499574,116.26152925780582,22.782711166486532
060190005011009,94,19908.0,0.0,101.899815873308,116.05043478614243,22.7415871391102
060190005011010,95,20522.0,0.0,102.12548481048158,119.63456781231736,23.44298027269538
060190005011011,40,21052.0,0.0,113.15996337476653,122.72426313015147,24.048417342402452
060190005011012,97,20416.0,0.0,109.74091534370051,119.01623656576025,23.321892858753962
060190005012000,0,43822.0,0.0,216.79621457649748,175.04484139310412,50.05936465793085
060190005012001,0,1416.0,0.0,7.611397038167233,4.620725142701951,1.617545076802293
060190005012002,0,9759.0,0.0,39.296197154491054,21.87300920183879,11.14803842126665
060190005012003,0,9322.0,0.0,12.22512770060567,10.085881227338307,10.648838422281761
060190005012004,155,69064.0,0.0,104.45927480552544,144.28424195289796,78.89416185330053
060190005012005,798,64768.0,0.0,299.99499736606197,280.61335073811443,73.98669458639189
060190005012006,66,20749.0,0.0,46.62331753332482,75.32419937311602,23.70229011198501
060190005012007,57,33453.0,0.0,102.79121929851013,121.44394527714084,38.21450243945417
060190005012008,0,47667.0,0.0,182.57059653125725,198.4947406138044,54.451639248541596
060190005012009,246,27528.0,0.0,101.6399549616695,110.48832372863615,31.44617293376661
060190005012010,144,29254.0,0.0,98.29887789776157,106.2016607666122,33.417841579642854
060190005012011,55,20907.0,0.0,61.54586318116217,75.89886477143985,23.882778898803345
060190005021000,0,25776.0,0.0,133.72352720226354,83.11834127722994,29.44480360145191
060190005021001,61,18899.0,0.0,86.21236018062629,58.414965573278145,21.58897203847919
060190005021002,65,18655.0,0.0,85.17513902501541,57.621240095415175,21.310242519595178
060190005021003,92,20524.0,0.0,110.31752430787701,66.97153698511885,23.445264940882954
060190005021004,139,19821.0,0.0,106.5407680258782,64.67874466032225,22.64220407295074
060190005021005,207,19616.0,0.0,105.44038653969824,64.01072532375906,22.40802558372442
060190005021006,131,20013.0,0.0,107.57304597373839,65.30541971669047,22.86153221895783
060190005021007,79,20175.0,0.0,108.4437696722909,65.83401845698386,23.046590342151312
060190005021008,113,20057.0,0.0,107.8073180450094,65.44764155120082,22.911794919084457
060190005021009,79,21253.0,0.0,114.23863892125001,69.35196633213285,24.278026495253624
060190005021010,113,21090.0,0.0,113.36078204883646,68.81903718631183,24.091826037966353
060190005021011,54,10242.0,0.0,55.05144966158893,33.42062124967626,11.699785788565737
060190005021012,71,10397.0,0.0,55.88476005981746,33.926507132315315,11.876847573102712
060190005021013,62,58158.0,0.0,312.607806727211,189.77787456179723,66.43586622646028
060190005021014,82,18168.0,0.0,97.65646245330227,59.28526250076674,20.753925815920944
060190005021015,61,20521.0,0.0,106.1863086521762,66.96274022446767,23.44183793860159
060190005021016,30,32519.0,0.0,153.57686033011527,106.11349379358968,37.14756239585718
060190005021017,15,36331.0,0.0,170.7887204769852,128.5681941198203,41.502139961372954
060190005021018,135,27981.0,0.0,128.08998352223526,110.72582959581494,31.96365027825209
060190005021019,0,36016.0,0.0,55.3530622994312,52.777744100414,41.14230472183007
060190005021020,21,18069.0,0.0,71.64099553207394,51.14345980526485,20.640834740636038
060190005021021,19,17878.0,0.0,24.55609512188327,20.292465291336097,20.422648928722737
060190005021022,51,18266.0,0.0,56.654481594976026,41.79053310610219,20.865874557112065
060190005021023,52,18221.0,0.0,87.25428902645916,59.2526317899926,20.814469522891653
060190005021024,26,20751.0,0.0,111.54051614544402,67.71399058526976,23.704574780172585
060190005021025,0,2984.0,0.0,16.03846329728439,9.736626566245898,3.4087249358601994
060190005021026,0,55276.0,0.0,139.4324752187304,93.64043387586683,63.14365936816635
060190005021027,166,126186.0,0.0,165.48693150757455,136.52876082262722,144.14656995859755
060190005021028,339,36046.0,0.0,47.272372263510725,39.00029052135542,41.17657474464368
060190005022000,31,14570.0,0.0,70.55577343131662,45.88120723663733,16.64380774647557
060190005022001,83,14156.0,0.0,68.84197847041304,44.60761477385378,16.170881431647782
060190005022002,185,19455.0,0.0,97.09009292250306,63.069307180816864,22.224109794624724
060190005022003,171,19307.0,0.0,96.14669900118973,65.53070179234251,22.055044348744257
060190005022004,47,19036.0,0.0,88.9187815013153,64.61972419970677,21.745471809328
060190005022005,77,19166.0,0.0,90.09478782092742,76.44885026853245,21.8939752415203
060190005022006,169,20285.0,0.0,98.1185652699841,80.91243806857678,23.172247092467877
060190005022007,129,20341.0,0.0,106.78786021173723,70.57578805170102,23.236217801719945
060190005022008,108,50607.0,0.0,272.0210998289303,165.13850598281704,57.810101484275165
060190005022009,0,20695.0,0.0,110.58077667964996,67.53138992888552,23.640604070920517
060190005022010,0,20847.0,0.0,104.54871538809707,68.02706807063254,23.814238853176132
060190005022011,0,19964.0,0.0,94.11225682124694,69.04792977190229,22.80555784836227
060190005022012,0,20179.0,0.0,94.85665054299368,80.48947169673441,23.05115967852646
060190005022013,72,19415.0,0.0,91.26906819673908,77.44527177964287,22.178416430873245
060190005022014,0,17946.0,0.0,84.36156534872208,71.58399318928639,20.500327647100246
060190005022015,0,20687.0,0.0,97.24714331046358,82.51789562744561,23.63146539817022
060190005022016,22,19686.0,0.0,92.54144936195145,67.43505713082922,22.487988970289503
060190005022017,0,34893.0,0.0,165.36204514264767,113.86093414486727,39.85946353450735
060190006011000,133,16665.0,0.0,55.475595456335284,80.1464154093767,19.03699767295919
060190006011001,91,17162.0,0.0,57.130446840893285,82.53720374461793,19.604737717571293
060190006011002,83,23738.0,0.0,79.02312255108801,114.1658769919938,27.116726718314144
060190006011003,114,21849.0,0.0,72.73335270514445,81.23881850539951,24.958857615150635
060190006011004,48,21723.0,0.0,72.31622415640805,27.88992626318272,24.81492351933348
060190006011005,34,22491.0,0.0,74.85357586739704,28.875965414862407,25.692236103361843
060190006011006,74,24314.0,0.0,46.77183646708006,31.21637691001021,27.774711156335417
060190006011007,0,590.0,0.0,1.6882056086168553,0.758001480779034,0.6739771153342887
060190006011008,49,7655.0,0.0,25.4838288786827,36.81686548348944,8.74456748793895
060190006011009,0,5000.0,0.0,16.643939161903244,24.04574572197681,5.71167046893465
060190006011010,82,5666.0,0.0,18.862646460037443,27.251145057041946,6.472464975396746
060190006011011,31,13153.0,0.0,43.7858609850763,63.25808267041119,15.02512033557949
060190006011012,182,25106.0,0.0,83.57684070372522,120.74470113468809,28.679439758614667
060190006011013,131,19748.0,0.0,65.73915913019387,73.28134711254728,22.558813684104294
060190006011014,0,1867.0,0.0,6.215204290895484,2.396994469854823,2.1327377531001983
060190006011015,18,5065.0,0.0,16.86104379874728,6.50273536475405,5.785922185030801
060190006011016,2,8809.0,0.0,24.67403053946274,11.31014067273489,10.062821032169067
060190006011017,0,16171.0,0.0,35.37424810966251,20.761312545090455,18.472684630628446
060190006011018,0,18349.0,0.0,48.64770164336174,26.33423710165609,20.960688286896378
060190006011019,97,17649.0,0.0,49.76666022053567,37.35827198567981,20.161054421245527
060190006011020,30,17404.0,0.0,57.95861935383527,82.77362314928152,19.88118256826773
060190006011021,23,7578.0,0.0,25.22671625314195,26.59255839407309,8.656607762717355
060190006012000,0,7222.0,0.0,22.099442443705936,20.812459136435386,8.24993682532921
060190006012001,23,17783.0,0.0,59.06739692571801,62.490027132667606,20.314127189812975
060190006012002,20,39069.0,0.0,129.9832202003132,99.61455367434148,44.62985071016157
060190006012003,60,7095.0,0.0,23.600236431810238,14.367417439033257,8.10486039541827
060190006012004,0,14858.0,0.0,49.35960224964682,38.97336367993524,16.972799965486207
060190006012005,76,21821.0,0.0,72.5414026737842,51.2894089788426,24.9268722605246
060190006012006,77,20692.0,0.0,68.79186664248766,48.30043427835638,23.637177068639158
060190006012007,35,20889.0,0.0,69.44969195922506,48.520792795658245,23.86221688511518
060190006012008,67,21404.0,0.0,71.160725467567,49.71897672676926,24.45051894341545
060190006012009,72,30886.0,0.0,61.954340167936756,39.6537083496676,35.282130820703124
060190006012010,97,23030.0,0.0,76.09612401038024,29.56734963339242,26.307954179913
060190006012011,79,15939.0,0.0,53.06039010933276,20.463601147708268,18.207663120869878
060190006012012,26,6732.0,0.0,22.410457421228543,8.642956850878054,7.690193119373613
060190006012013,36,45588.0,0.0,117.84961990397778,58.53013162412545,52.07672666755857
060190006012014,86,10900.0,0.0,36.28583231636022,13.994220515616112,12.451441622277537
060190006012015,0,7862.0,0.0,26.170751738180662,10.09317542148309,8.981030645352844
060190006012016,0,2259.0,0.0,1.3797164631923649,2.9000988916106563,2.580532717864675
060190006012017,0,5739.0,0.0,3.484825563438836,7.368053015527654,6.555855364243191
060190006012018,0,8418.0,0.0,28.022981940177285,21.091711229076548,9.616168401498378
060190006012019,0,4855.0,0.0,16.16131893960186,23.348497129990488,5.5460320253355455
060190006012020,0,5325.0,0.0,20.405596965138287,17.63962066385621,6.0829290494154025
060190006012021,124,34666.0,0.0,128.30341372759315,159.53869960127201,39.60015369521771
060190006012022,119,17060.0,0.0,60.84970751565532,82.04699771062698,19.488219640005028
060190006012023,44,31070.0,0.0,103.43049785753371,68.08723951837965,35.492320293959914
060190006012024,53,19594.0,0.0,65.2273293769583,73.17560991587264,22.38289423366111
060190006012025,40,21815.0,0.0,72.62148011207294,104.91732922970014,24.920018255961878
060190006012026,55,21448.0,0.0,71.40010553383586,103.15279126462522,24.500781643542076
060190006012027,68,17230.0,0.0,57.35680135738893,82.86422147123481,19.682416435948806
060190006012028,54,9608.0,0.0,31.9850850360243,46.20932666183204,10.975545973104824
060190006012029,34,14672.0,0.0,48.84055758327503,18.8361542038498,16.76032582404184
060190006013000,352,47444.0,0.0,212.97439177295402,182.89837501390465,54.19689874562711
060190006013001,294,51313.0,0.0,230.18527149695035,223.2894908498896,58.61658935448874
060190006013002,187,23455.0,0.0,101.80657409048524,94.5747840686174,26.793446169772444
060190006013003,121,15214.0,0.0,64.58290072781507,56.52460058654306,17.379470902874353
060190006013004,0,1959.0,0.0,5.065159309517613,5.642526511632717,2.237832489728596
060190006013005,149,21439.0,0.0,88.2396159818031,103.10854209948712,24.490500636697995
060190006013006,170,16814.0,0.0,78.23249346732202,80.86629805168543,19.20720545293344
060190006014000,248,34198.0,0.0,160.2121484417066,143.26838264367717,39.065541339325435
060190006014001,325,36659.0,0.0,152.59148736069127,176.3076777333268,41.876825544135066
060190006014002,240,29314.0,0.0,102.07367475708074,140.98182340694007,33.48638162527007
060190006014003,0,32328.0,0.0,107.6184755052135,155.4780074484027,36.92937658394388
060190006014004,0,6927.0,0.0,23.058598175850577,33.313098723099294,7.912948267662064
060190006014005,0,8242.0,0.0,27.436811713596345,39.63836874608301,9.415117600991877
060190006014006,20,9772.0,0.0,40.12419128193454,40.54253884369169,11.16288876448588
060190006021000,119,19394.0,0.0,84.61107669303784,66.25097381292592,22.154427414903722
060190006021001,29,19080.0,0.0,82.7267153735096,64.97156218799392,21.795734509454626
060190006021002,8,19904.0,0.0,85.79024225488129,67.60034525012347,22.737017802735057
060190006021003,151,49436.0,0.0,222.1224750228695,182.309340863261,56.47242826045068
060190006021004,17,20027.0,0.0,94.14353306399416,79.88436442366702,22.87752489627085
060190006021005,79,19888.0,0.0,93.4903313600266,79.330097961982,22.718740457234464
060190006021006,138,20857.0,0.0,98.04372522360735,83.19382564379228,23.825662194114
060190006021007,125,21312.0,0.0,100.18701229425245,85.01248614912475,24.345424206787055
060190006021008,37,20182.0,0.0,94.87227376942808,80.50272859790797,23.054586680807823
060190006021009,13,20084.0,0.0,94.4109391156793,80.11126861757897,22.942637939616702
060190006021010,293,49014.0,0.0,230.40753313341497,195.5095453054262,55.99036327287259
060190006021011,0,3050.0,0.0,14.339757459405492,12.167828987844294,3.4841189860501367
060190006021012,0,4313.0,0.0,20.273819222979736,17.203105835927794,4.926886946503029
060190006021013,0,36028.0,0.0,156.38657089072578,144.21141394233203,41.15601273095552
060190006021014,0,8600.0,0.0,40.426088705842176,34.30307209955451,9.824073206567599
060190006021015,69,19401.0,0.0,91.20041222101838,77.38701457592599,22.16242375356023
060190006021016,0,18822.0,0.0,88.47781320470361,75.07678587597944,21.501012313257597
060190006021017,0,18003.0,0.0,61.85892387958165,73.0405087279945,20.565440690446103
060190006021018,44,17692.0,0.0,83.16847950404706,70.57188422389153,20.210174787278365
060190006021019,21,4703.0,0.0,22.10868506399369,18.760059210648294,5.372397243079932
060190006021020,98,19923.0,0.0,93.65428050151225,79.46921503714516,22.758722150517006
060190006021021,17,17943.0,0.0,42.66489508088431,74.92362134655514,20.496900644818886
060190006021022,44,17904.0,0.0,60.82919110406162,74.92894280290747,20.452349615161197
060190006021023,0,17678.0,0.0,59.84268742902853,73.29253950614873,20.19418210996535
060190006021024,3,18028.0,0.0,60.056693824379195,75.19524624490165,20.593999042790774
060190006021025,16,20682.0,0.0,68.85072098571263,98.76724675621918,23.625753727701287
060190006021026,57,18927.0,0.0,63.00876527263282,91.02969755317227,21.620957393105225
060190006021027,190,17894.0,0.0,59.56898797871534,86.0602002878199,20.440926274223326
060190006021028,7,17870.0,0.0,60.202346103338755,46.13687639843475,20.41351025597244
060190006021029,0,5903.0,0.0,19.77868126011445,24.667260526554685,6.743198155624248
060190006021030,0,17780.0,0.0,69.07020498461901,70.92085281619072,20.310700187531616
060190006021031,0,18160.0,0.0,45.74079397671221,74.64732516396242,20.74478714317065
060190006021032,13,18198.0,0.0,23.865480116440434,76.15855083815548,20.788195838734552
060190006021033,0,18192.0,0.0,37.8094634025626,76.13618132234139,20.78134183417183
060190006021034,0,18110.0,0.0,61.53018043915312,75.79241622481547,20.6876704384813
060190006021035,0,19476.0,0.0,66.17121423000297,81.50920694896057,22.24809881059425
060190006021036,0,19471.0,0.0,37.49020127087144,81.48694226391152,22.242387140125313
060190006021037,0,36012.0,0.0,47.227212954186044,141.86403391451066,41.137735385454924
060190006021038,0,35676.0,0.0,46.78758403410081,94.10177876123649,40.753911129942516
060190006021039,0,32274.0,0.0,42.326623611139375,34.91998684603148,36.86769054287938
060190006021040,0,9535.0,0.0,12.504837297532417,10.31664509679139,10.892155584258377
060190006021041,0,10637.0,0.0,13.949383407141237,11.508413464839306,12.151007755611575
060190006021042,9,9802.0,0.0,12.855505541017605,10.60595072537928,11.197158787299488
060190006021043,0,27430.0,0.0,35.972851912819245,34.31937447909707,31.33422419257549
060190006021044,0,18624.0,0.0,30.98217567836386,66.85731734760466,21.274830162687785
060190006021045,0,16406.0,0.0,29.182396792469724,68.66202458015293,18.741133142668374
060190006021046,0,16234.0,0.0,55.15639933367281,67.94124031366815,18.544651678537022
060190006021047,0,17920.0,0.0,60.88520635807375,74.99794197399272,20.470626960661786
060190006021048,0,25983.0,0.0,71.8644380124365,70.49250821026956,29.681266758865803
060190006021049,0,8600.0,0.0,11.277959195136344,9.304455521006759,9.824073206567599
060190006021050,0,36794.0,0.0,48.25386302761848,39.810032514646,42.031040646796306
060190006021051,0,9941.0,0.0,13.036961859628837,10.755654427645906,11.35594322633587
060190006021052,0,72447.0,0.0,163.4710353915842,73.37764417096017,82.75867809258172
060190006021053,0,36544.0,0.0,80.3051614659113,57.77915657872918,41.745457123349574
060190006021054,5,17747.0,0.0,33.60531165837736,36.95786460495518,20.27300316243665
060190006021055,0,17792.0,0.0,3.8268807825707576,30.712060223511244,20.32440819665706
060190006021056,0,17689.0,0.0,2.773182213441837,30.53427473496767,20.206747784997006
060190006021057,0,17850.0,0.0,2.798447858489219,30.812463504350937,20.390663574096703
060190006021058,0,18355.0,0.0,2.8776390281284243,31.68440221743891,20.9675422914591
060190006021059,0,18055.0,0.0,2.8306142417660825,31.166633230179027,20.624842063323023
060190006021060,0,18388.0,0.0,2.882691476124907,31.740032472984673,21.005239316554068
060190006021061,10,18337.0,0.0,2.874793060341558,22.23049908589099,20.946980277770937
060190006021062,0,9118.0,0.0,14.164747748277074,13.580314546608331,10.415802267149228
060190007011000,68,25135.0,0.0,40.541816590144116,65.11821661626503,28.712567447334486
060190007011001,34,26327.0,0.0,42.463510927003576,68.20483972846878,30.074229687128508
060190007011002,16,8376.0,0.0,13.509723482234826,8.495941549342273,9.568190369559327
060190007011003,17,8131.0,0.0,13.43940457079579,7.594661174741081,9.288318516581528
060190007011004,38,6733.0,0.0,11.248909534506373,10.425420916258307,7.6913354534674
060190007011005,241,108285.0,47342.0,260.02102804721386,240.9859067809961,123.69764734571771
060190007011006,71,154228.0,0.0,257.2683960227117,145.56487223479152,176.17990261657064
060190007011007,252,47649.0,0.0,76.85456272596035,50.43045475669808,54.43107723485343
060190007011008,65,166222.0,0.0,278.69026799598316,301.5140380293898,189.88105773745107
060190007011009,50,19830.0,0.0,33.13230999547762,33.04509008361403,22.652485079794822
060190007011010,80,19762.0,0.0,33.37578160077733,42.884485285436064,22.574806361417313
060190007011011,254,54537.0,0.0,88.98671889411705,48.47784394455913,62.2994744728578
060190007011012,40,8271.0,0.0,13.740231956218224,7.352496247625145,9.448245289711698
060190007011013,56,19483.0,0.0,37.45695354153777,34.3724096960443,22.256095149250758
060190007011014,59,22137.0,0.0,45.29881046002742,39.055090045092676,25.28784983416127
060190007011015,53,22215.0,0.0,39.45017940436159,39.19301744102673,25.37695189347665
060190007011016,91,22809.0,0.0,36.79036835435892,54.404193077657396,26.055498345186088
060190007011017,79,23527.0,0.0,37.948389775097745,60.95265761263432,26.875694224525102
060190007011018,75,23673.0,0.0,38.18293315655102,61.32938090734476,27.042475002217994
060190007011019,62,22930.0,0.0,36.98443753809083,59.40435869915127,26.193720770534306
060190007011020,58,22970.0,0.0,37.04936819027832,59.50865023391215,26.239414134285784
060190007011021,98,22505.0,0.0,36.29979731719678,54.18307387506134,25.70822878067486
060190007011022,63,22784.0,0.0,40.35451713985063,40.196680156907824,26.026939992841413
060190007011023,81,22638.0,0.0,46.55705435463295,39.938102978526224,25.86015921514852
060190007011024,53,20127.0,0.0,41.39438437286065,35.50940257566987,22.99175830564954
060190007011025,86,20201.0,0.0,33.75048337787404,34.079564736948974,23.076291028589775
060190007011026,64,20243.0,0.0,33.821820861428755,30.594673732215377,23.124269060528825
060190007011027,64,122927.0,0.0,174.8221740541535,47.92446482118132,140.42370314694594
060190007011028,78,20157.0,0.0,34.06172843211182,36.56320166532346,23.02602832846315
060190007011029,76,20383.0,0.0,34.434002702717024,44.231480705488785,23.284195833658995
060190007011030,68,20109.0,0.0,34.19307250468754,43.6361108726078,22.971196291961377
060190007011031,47,19760.0,0.0,33.60036283280659,35.99534040533423,22.57252169322974
060190007011032,31,19204.0,0.0,32.65531508660483,34.82756592008322,21.937383937084203
060190007011033,77,20009.0,0.0,34.02406698621253,43.4204314088437,22.856962882582682
060190007011034,0,38523.0,0.0,5.987231370600757,9.411046554575304,44.006136294953905
060190007021000,4,38917.0,0.0,80.22452393516564,76.58663682919453,44.45621592790596
060190007021001,0,52012.0,0.0,32.217285956287185,47.53425573443239,59.41508088604581
060190007021002,0,9479.0,0.0,7.795063472760816,21.809732718826925,10.82818487500631
060190007021003,0,6221.0,0.0,3.7776375096684336,2.5890024628212656,7.106460397448492
060190007021004,10,18732.0,0.0,15.38337323143777,24.049264330913704,21.398202244816773
060190007021005,0,6345.0,0.0,5.5594051055671105,16.831987479061336,7.248109825078071
060190007021006,0,39927.0,0.0,24.999940717972454,18.089838729843724,45.609973362630754
060190007021007,0,51801.0,0.0,31.454593971273088,26.77735275708693,59.174048392256765
060190007021008,0,109370.0,0.0,66.4119734553755,48.12237254847409,124.93707983747653
060190007021009,0,152602.0,0.0,89.8682449679977,40.42347547812988,174.3224673800731
060190007021010,9,93441.0,0.0,50.31491040277148,79.9203071091969,106.74084005754453
060190007021011,0,1870.0,0.0,1.0051999873908415,1.7598687995070308,2.136164755381559
060190007021012,0,6942.0,0.0,3.7315914361240017,6.5331390999996515,7.930083279068868
060190007021013,0,48069.0,0.0,25.842830699017732,45.24471946741108,54.91085755424394
060190007021014,0,440317.0,0.0,120.75745565962329,144.32864282405123,502.9891211739797
060190007021015,0,8351.0,0.0,0.6308941474166705,0.9850755372988248,9.539632017214652
060190007021016,0,282662.0,0.0,20.21537391822963,30.05402722069124,322.89443961800123
060190007021017,0,1638.0,0.0,0.11223649631481071,0.07541676174832206,1.8711432456229915
060190007021018,24,46418.0,0.0,3.2134519024581176,4.613515489210116,53.02486396540172
060190007021019,17,256570.0,0.0,18.01820467783678,20.35729895354742,293.0886584429126
060190007021020,0,18187.0,0.0,5.167596124321605,8.244751696108123,20.775630163702896
060190007021021,0,326818.0,0.0,103.9489614029007,92.01631850098009,373.3353438632569
060190007021022,6,197429.0,0.0,292.77813593280473,129.1334286918584,225.52987780225982
060190007021023,0,7961.0,0.0,6.961313804263793,6.615349636157994,9.09412172063775
060190007021024,0,101639.0,0.0,59.65450148184648,32.5060988287021,116.10569495840979
060190007021025,0,18836.0,0.0,14.559441773923226,11.047821171576071,21.517004990570616
060190007021026,0,7031.0,0.0,4.269450838668685,9.027005671829807,8.031751013415905
060190007021027,0,12762.0,0.0,7.749679326065574,16.38533897560235,14.578467704908801
060190007021028,0,22735.0,0.0,13.80543354557393,29.189170136182042,25.970965622245853
060190007021029,0,47949.0,0.0,46.244343973404675,51.9744584355457,54.77377746298951
060190007021030,0,2950.0,0.0,6.137320977866695,6.063928053145854,3.3698855766714435
060190007021031,0,755.0,0.0,1.570067674816952,1.5512920789046585,0.8624622408091321
060190007021032,0,22925.0,0.0,45.66438832393958,22.823414786416482,26.188009100065372
060190007021033,0,32586.0,0.0,1.9812116183846533,2.998631232879304,37.2240987801409
060190007021034,0,44134.0,0.0,7.277161195633882,4.2660956788357876,50.41577289519237
060190007021035,0,147985.0,0.0,23.925743578257332,13.716717970015662,169.04831086905884
060190007021036,74,200588.0,0.0,25.55441431820625,19.42105775416759,229.13851120453273
060190007021037,4,28054.0,0.0,4.523757702470394,2.8330085389181647,32.047040667098535
060190007021038,0,2949.0,0.0,0.17927433204134216,0.3375375508592486,3.368743242577657
060190007021039,0,2157.0,0.0,0.131144727154307,0.27136754955260833,2.464014640298408
060190007021040,0,15501.0,0.0,2.141071969423978,1.8055186317472574,17.707320787791204
060190007021041,0,3943.0,0.0,2.394421445931074,5.062584578186789,4.504223331801865
060190007021042,3,214537.0,0.0,35.3564049836271,18.96152598993148,245.0729294787666
060190007021043,43,182277.0,0.0,295.8855884487243,142.35648949752263,208.22123161320025
060190007021044,66,79970.0,0.0,166.3016267610472,164.31291494071982,91.3524574801408
060190007021045,39,64087.0,0.0,133.27313573979825,131.67939390130942,73.20876506852298
060190007021046,0,81410.0,49077.0,7.933785579347191,13.307905532612597,92.99741857519398
060190007021047,14,104097.0,0.0,15.763278785195714,12.296640910461596,118.91355216093805
060190007021048,92,193617.0,78807.0,139.4886561686613,127.48092379493056,221.17530023674402
060190007021049,21,65240.0,0.0,3.9690945594363733,11.592957048385788,74.52587627865931
060190007021050,5,58090.0,0.0,3.5319295652363656,2.780876181328132,66.35818750808276
060190007021051,14,699087.0,0.0,764.8693262676144,809.8751673348107,798.5909146232235
060190007021052,24,20589.0,0.0,42.8162032371169,42.304187262663795,23.519516656979103
060190007021053,55,21911.0,0.0,45.56553774593597,45.02064395698271,25.029682328965425
060190007021054,24,19813.0,0.0,41.20247867815473,40.70976036883976,22.633065400200444
060190007021055,71,20360.0,0.0,42.33995392404124,41.833633159291026,23.257922149501894
060190007021056,65,20190.0,0.0,47.54256065475468,49.00248608188771,23.063725353558116
060190007021057,0,5550.0,0.0,6.34672092948232,8.594227624017371,6.339954220517462
060190007021058,8,91046.0,0.0,144.0287635478015,83.72996454208179,104.00494990292484
060190007021059,12,52551.0,0.0,87.37229230790192,53.049105992138465,60.03079896259696
060190007021060,155,99843.0,0.0,166.72908777365117,154.60401877339203,114.05406292596845
060190007021061,66,31953.0,0.0,53.38674516520022,49.47851060486409,36.50100129877377
060190007021062,28,5627.0,0.0,9.400572194477585,8.712393115125495,6.427913945739055
060190007021063,218,92528.0,0.0,126.84105647747337,127.87973259893936,105.69788902991706
060190007021064,56,20561.0,0.0,34.351997151206085,31.83722195621208,23.48753130235307
060190007021065,72,625161.0,0.0,179.6830352960069,70.90165078616143,714.142724405931
060190007021066,0,12316.0,0.0,2.301023496855062,1.5612372150840206,14.068986699079831
060190007021067,59,55658.0,0.0,88.59408411116414,54.440860014122244,63.58003099199295
060190007021068,25,244295.0,0.0,147.38774218047277,223.4129284452671,279.0665074416781
060190007021069,0,10175.0,0.0,16.411126199107024,18.177521904222722,11.623249404282014
060190007021070,0,20630.0,0.0,24.094325419908703,9.628079479341391,23.566352354824367
060190007021071,42,79091.0,0.0,7.304087550100299,14.780369004957812,90.34834581170209
060190007021072,0,407614.0,29938.0,62.249225570796995,17.655335935650637,465.6313693048657
060190007021073,14,195820.0,0.0,33.31939480561392,32.93707826311895,223.69186224535665
060190009011000,10,80408.0,0.0,115.20237868375995,71.41582017911203,91.85279981321948
060190009011001,353,387317.0,0.0,380.4146186372129,452.8217600622292,442.4454142032724
060190009011002,20,10453.0,0.0,5.312267851675526,11.30517133090221,11.94081828235478
060190009011003,38,19931.0,0.0,18.188031474044834,21.49002198219039,22.767860823267302
060190009011004,56,20550.0,0.0,14.2950985696359,9.102389913162874,23.474965627321414
060190009011005,32,19330.0,0.0,20.487780165286527,23.969034031291198,22.081318032901358
060190009011006,58,9051.0,0.0,7.1147520466240195,11.222948692886751,10.339265882865504
060190009011007,95,77925.0,0.0,82.59162485784807,92.52710939524366,89.01638425834652
060190009011008,48,19131.0,0.0,20.276876152572694,16.99185956038584,21.85399354823776
060190009011009,80,19683.0,0.0,20.86226657584851,17.48241203925155,22.484561968008144
060190009011010,84,19570.0,0.0,20.74252419449304,16.04383064860267,22.35547821541022
060190009011011,47,19833.0,0.0,21.021368962171124,20.298803222370363,22.655912082076185
060190009011012,175,61543.0,0.0,65.2294860344332,40.32780745262603,70.30266713392903
060190009011013,55,20394.0,0.0,21.615201794436988,8.681118917117654,23.29676150869065
060190009011014,42,20074.0,0.0,21.200161442694622,24.89223457876015,22.931214598678835
060190009012000,809,367786.0,0.0,915.8890660090166,1055.782149435881,420.13448701751986
060190009012001,281,112317.0,0.0,225.89375955333918,300.07609670068877,128.3035384118666
060190009012002,0,12770.0,0.0,24.39777108705106,34.116622167751295,14.587606377659096
060190009012003,14,494959.0,0.0,864.0602527403748,613.2729345970243,565.4085407266851
060190009012004,62,19727.0,0.0,37.6907814387007,52.70490263079474,22.534824668134767
060190009012005,68,19802.0,0.0,37.832836051345275,52.90354469237854,22.620499725168788
060190009012006,66,19883.0,0.0,37.989368882863324,53.12243237071174,22.71302878676553
060190009012007,86,19762.0,0.0,37.75808158737753,52.79901179085075,22.574806361417313
060190009012008,95,19721.0,0.0,37.67904215576586,54.70672083530094,22.52797066357205
060190009012009,68,19397.0,0.0,37.06075478768817,53.91050925869921,22.15785441718508
060190009012010,12,21656.0,0.0,41.375582646572845,78.82852665865987,24.738387135049756
060190009012011,98,21626.0,0.0,41.31819424607303,78.71919060175547,24.704117112236148
060190009021000,190,35882.0,0.0,111.63619613102378,142.65738186195452,40.989231953262625
060190009021001,81,20449.0,0.0,102.2177239871633,112.86779478539785,23.359589883848933
060190009021002,135,40656.0,0.0,198.43205491636576,224.3983741759738,46.44273491700143
060190009021003,97,20905.0,0.0,104.49793074954289,106.50944628000859,23.880494230615774
060190009021004,109,20903.0,0.0,104.48507048831469,106.09315401451175,23.8782095624282
060190009021005,562,143695.0,0.0,718.2810933426545,773.7816048394997,164.1476976067129
060190009021006,95,26422.0,0.0,100.26822814788792,70.59203961939063,30.182751426038266
060190009021007,54,14332.0,0.0,66.18462353543867,38.29036659160397,16.371932232154283
060190009021008,147,19998.0,0.0,82.00901869607222,65.66877836174577,22.844397207551026
060190009021009,13,63707.0,0.0,299.14790126269764,193.28271336829397,72.77467811288395
060190009021010,101,29504.0,0.0,106.9646624866831,77.30159025370881,33.703425103089586
060190009021011,52,20266.0,0.0,101.30113214264935,60.035922132351146,23.150542744685925
060190009022000,230,54004.0,0.0,269.94676397883796,298.07253352238575,61.69061040086937
060190009022001,83,13976.0,0.0,69.86018367801006,77.13892040904813,15.965261294766135
060190009022002,84,19741.0,0.0,98.67701524759332,108.95817938970742,22.550817345447786
060190009022003,262,53927.0,0.0,269.55935528986396,286.04455994644087,61.60265067564777
060190009022004,220,27748.0,0.0,99.9137732890343,135.30292859720794,31.697486434399735
060190009022005,139,30976.0,0.0,140.9936359023133,132.65054211732323,35.38494088914395
060190009022006,107,20508.0,0.0,102.51243521458245,103.54239663594501,23.42698759538236
060190009022007,45,10056.0,0.0,50.26505937781355,26.865797756631636,11.487311647121368
060190009022008,52,10081.0,0.0,50.39281342563248,26.93408006752073,11.515869999466041
060190009022009,73,10083.0,0.0,50.40207297299466,26.939029134125438,11.518154667653615
060190009022010,145,31302.0,0.0,80.3030283067247,83.62930033754604,35.75734180371848
060190009022011,35,4839.0,0.0,17.362301707837986,12.927067730367094,5.527754679834954
060190009022012,19,4942.0,0.0,17.155856087249077,13.202963627868565,5.645415091495008
060190009023000,215,41073.0,0.0,201.7610706544395,99.27991257059938,46.919088234110575
060190009023001,251,40624.0,0.0,146.62457251238547,98.1951103995287,46.406180226000245
060190009023002,0,244074.0,0.0,507.9220884077049,567.878683856178,278.8140516069512
060190009023003,0,20451.0,0.0,42.060877583212566,39.936764490339144,23.361874552036507
060190009023004,55,19842.0,0.0,40.80658974384224,35.005173887893655,22.666193088920267
060190009023005,0,9697.0,0.0,19.94363888048178,17.1082796026583,11.077213707451861
060190009023006,0,24814.0,0.0,43.48378523293598,43.77872815845173,28.34587820322888
060190009023007,61,35973.0,0.0,61.217396282158674,63.464372549810136,41.093184355797234
060190009023008,33,10594.0,0.0,21.78548443544871,18.69063475344226,12.101887389578737
060190009023009,102,20227.0,0.0,40.00568300688574,35.68598413003876,23.105991715028235
060190009023010,63,19583.0,0.0,40.27404436649152,34.548339742860286,22.370328558629453
060190009023011,144,41036.0,0.0,84.39482878232492,80.23505356179608,46.87682187264046
060190009023012,112,40202.0,0.0,78.21193650351802,35.706362361718874,45.92411523842216
060190009023013,84,231032.0,0.0,373.68648344599995,311.1453261511,263.91573035578205
060190009023014,19,50408.0,0.0,85.7149739170008,86.66073629561348,57.58277699961157
060190009023015,0,43782.0,0.0,78.0991900005006,74.78865097443996,50.01367129417937
060190009023016,245,40527.0,0.0,82.92698852712181,75.46218185400204,46.29537381890292
060190009023017,46,19751.0,0.0,40.62030184954811,34.84537028328199,22.562240686385657
060190009023018,47,20054.0,0.0,36.82836930336647,35.379517245792584,22.908367916803094
060190009023019,69,20128.0,0.0,34.53214466631104,35.51055112990314,22.99290063974333
060190009023020,71,21016.0,0.0,35.736145397834356,37.07720727095584,24.00729331502612
060190009023021,49,11214.0,0.0,22.725873936302673,9.960253560770994,12.810134527726634
060190009023022,49,11471.0,0.0,23.25985179545367,10.187987307189093,13.103714389829875
060190009023023,51,18903.0,0.0,38.87681485115917,16.789463949059083,21.59354137485434
060190009023024,263,134942.0,0.0,272.8140436716556,231.96577922836713,154.1488472837959
060190009023025,104,30182.0,0.0,78.38521238022874,72.95361716841481,34.47792761867712
060190010001000,88,67191.0,0.0,108.96955382689382,66.54684148697554,76.75457009563762
060190010001001,89,23611.0,0.0,43.45568203752904,83.1102930946143,26.971650288403204
060190010001002,69,20981.0,0.0,38.66952181715111,76.37247924765772,23.96731162174358
060190010001003,81,20353.0,0.0,37.498298298044276,74.08666522929683,23.249925810845387
060190010001004,66,20385.0,0.0,31.221541210142924,74.20410891793867,23.28648050184657
060190010001005,81,20251.0,0.0,31.015765521413442,73.71504268266308,23.13340773327912
060190010001006,96,21732.0,0.0,33.2845350402597,76.20669058737553,24.825204526177565
060190010001007,100,23997.0,0.0,36.7534961741051,84.00971240567733,27.41259124860496
060190010001008,181,37101.0,0.0,56.8231530864906,135.0513548421766,42.38173721358889
060190010001009,72,20362.0,0.0,31.17369743543676,74.11768098992306,23.26020681768947
060190010001010,77,19926.0,0.0,30.186677754319437,72.53083939334603,22.76214915279837
060190010001011,195,43640.0,0.0,66.57264889974826,158.85396583582354,49.85145985286163
060190010001012,213,21832.0,0.0,32.502515038624395,79.47084287274582,24.939437935556256
060190010001013,425,76470.0,0.0,113.91127312901877,278.3574441002867,87.35428815188654
060190010001014,94,7973.0,0.0,11.738480963020436,29.022112636037953,9.107829729763193
060190010001015,59,11846.0,0.0,18.14240771056679,43.11898598238308,13.532089674999973
060190010001016,34,200561.0,0.0,305.9844799637898,447.0414066038874,229.1076681840005
060190010002000,647,176992.0,0.0,267.4539226407581,336.0906945255068,202.18399592753633
060190010002001,61,13517.0,0.0,19.901427784366465,30.03934618980847,15.440929945717933
060190010002002,78,13796.0,0.0,20.502688003367155,50.21844722969594,15.759641157884486
060190010002003,33,450954.0,0.0,607.6939488879835,191.3715814775016,515.1401289295912
060190010002004,51,654200.0,0.0,206.2036171795438,287.05532865872465,747.3149641554096
060190010002005,30,608939.0,0.0,96.08783033719665,70.43144337766375,695.6117807365193
060190010002006,34,16003.0,0.0,6.567813122083918,1.8210691873914304,18.280772502872242
060190010002007,26,12782.0,0.0,4.8071717447833375,1.4544492823254986,14.601314386784539
060190010002008,43,614016.0,0.0,432.17582110274776,218.14363947898164,701.4114109306756
060190010002009,64,20057.0,0.0,9.710194988107054,24.21511843402778,22.911794919084457
060190010002010,102,20105.0,0.0,14.991172475812915,24.03094527217591,22.96662695558623
060190010002011,380,317433.0,0.0,398.3176585535116,571.5764310787371,362.61453839306654
060190010002012,52,15683.0,0.0,17.383305145973114,28.238219255620088,17.915225592860423
060190010002013,39,16585.0,0.0,18.383558705786267,29.863075926778595,18.945610945456234
060190010002014,161,38394.0,0.0,52.23823932730387,69.13261577208401,43.85877519685539
060190010002015,143,193658.0,0.0,209.3994940074941,109.22661395747645,221.2221359345893
060190010002016,35,15785.0,0.0,6.47826015300276,2.1718649017214626,18.03174367042669
060190010002017,0,2008.0,0.0,0.6844750743284468,0.2463774975074906,2.2938068603241555
060190010002018,0,4104.0,0.0,1.6844059596879313,0.5839814069256282,4.688139120901561
060190010002019,0,4573.0,0.0,1.8767742247489267,3.050412164137861,5.223893810887631
060190010002020,19,321611.0,0.0,22.804059877676387,15.054980511798277,367.38721023690834
060190010002021,5,155824.0,0.0,60.65775863652065,6.893475442580054,178.0030678302546
060190010002022,0,157610.0,0.0,64.68297423780899,47.28141542777216,180.04327652175803
060190010002023,108,62921.0,0.0,60.784475730276306,90.70311357111035,71.87680351516742
060190010002024,205,70162.0,0.0,77.59588748481207,126.33542320936067,80.14844468827859
060190010002025,258,62063.0,0.0,57.142591236187414,57.08655784706725,70.89668086269823
060190010002026,35,175509.0,0.0,175.2110714701332,74.28731065989577,200.4899144664503
060190010002027,102,21474.0,0.0,14.892427482591245,10.865589537776623,24.530482329980536
060190011001000,0,3768.0,0.0,3.069753347339755,0.7948890720190331,4.304314865389152
060190011001001,0,46679.0,0.0,20.74220897415989,9.847510086356618,53.323013163880105
060190011001002,0,121572.0,0.0,76.85566155482675,24.596334587924808,138.87584044986465
060190011001003,0,23840.0,0.0,19.422672531314124,7.435198786209176,27.233244795880413
060190011001004,0,7312.0,0.0,0.788611237524705,1.5441542085808968,8.352746893770032
060190011001005,48,287970.0,0.0,31.058461345242353,69.00491946441672,328.95794898782225
060190011001006,0,21696.0,0.0,2.3399481727471723,5.275445401201952,24.784080498801234
060190011001007,0,205109.0,0.0,22.121402309587726,51.34041779412558,234.30300364254344
060190011001008,0,59349.0,0.0,68.70025487168185,9.494051636056275,67.7963861321605
060190011001009,0,17291.0,0.0,8.471904643446111,5.37201767959164,19.752098815669807
060190011001010,0,105828.0,0.0,69.18893929277367,32.87892879424654,120.89093247728323
060190011001011,0,21948.0,0.0,39.03382522666021,6.818796976920842,25.07194869043554
060190011001012,71,22113.0,0.0,60.70309216375418,6.870058657413502,25.260433815910385
060190011001013,0,28631.0,0.0,56.80126426176332,39.794880643184925,32.706167439213594
060190011001014,58,60117.0,0.0,147.32694207465008,140.31394868913358,68.67369871618887
060190011001015,94,30411.0,0.0,83.79699846051265,99.0555537613825,34.73952212615433
060190011001016,64,16531.0,0.0,45.550625482496436,55.680110177396315,18.88392490439174
060190011001017,121,20387.0,0.0,56.17595927529513,68.66829091010618,23.288765170034143
060190011001018,89,20021.0,0.0,30.051243514384144,67.43333183625278,22.870670891708127
060190011001019,133,40673.0,0.0,111.0831830974212,136.99418218591603,46.4621545965958
060190011001020,126,40654.0,0.0,112.02021754419312,136.93111760569255,46.44045024881385
060190011001021,155,40670.0,0.0,112.06473812662917,136.9855386132845,46.458727594314446
060190011001022,94,39972.0,0.0,110.14003752840755,134.63282577493587,45.66137839685117
060190011001023,74,40219.0,0.0,110.82122657912018,104.05751313849588,45.94353491801654
060190011001024,127,41052.0,0.0,113.11688937762682,106.57681352924588,46.89509921814105
060190011001025,150,40736.0,0.0,112.24725703038372,105.72452269188878,46.53412164450438
060190011001026,0,46155.0,0.0,85.24971450188387,31.654968838198126,52.72443009873576
060190011001027,114,306636.0,0.0,365.235920323962,210.14421225487635,350.28075718244907
060190011001028,0,25262.0,0.0,20.092594444003314,17.30495125717706,28.857643877245426
060190011001029,0,273342.0,0.0,106.35812662386654,49.54054791528047,312.247885863907
060190011001030,11,40635.0,0.0,111.96720183449746,4.313127243501136,46.418745901031905
060190011001031,9,409423.0,0.0,11.76779012608452,5.152524532209174,467.69785168052624
060190011001032,0,208179.0,0.0,63.51267925955276,2.8652008698426754,237.8099693104693
060190011001033,0,8438.0,0.0,0.9100714570065221,1.3195082772883413,9.639015083374115
060190011001034,0,65399.0,0.0,7.0534983379389375,8.181655462396819,74.70750739957144
060190011001035,0,9822.0,0.0,1.0593437453707633,0.16330980235202894,11.220005469175227
060190011002000,0,18707.0,0.0,22.87521139897237,9.049814877703335,21.3696438924721
060190011002001,0,19081.0,0.0,30.124372887909313,9.230497542908186,21.79687684354841
060190011002002,0,15628.0,0.0,34.382433145176236,7.560402981449329,17.852397217702144
060190011002003,0,18482.0,0.0,37.33185429474124,8.105207241565392,21.11261872137004
060190011002004,0,18135.0,0.0,34.800859434170974,7.799082186270997,20.716228790825976
060190011002005,0,3811.0,0.0,8.383243820360867,1.5515362273846272,4.35343523142199
060190011002006,11,5800.0,0.0,12.76049632621197,2.8059240037525175,6.625537743964194
060190011002007,29,15429.0,0.0,33.943037618157234,7.0158438072241,17.625072733038543
060190011002008,24,8767.0,0.0,19.28818622057832,4.2413071812885725,10.014843000230016
060190011002009,35,76111.0,0.0,159.58406120412195,60.41291959040902,86.94419021221704
060190011002010,16,13792.0,0.0,25.59942045105168,4.284827855027487,15.75507182150934
060190011002011,25,20290.0,0.0,44.639912769122695,9.337041793260848,23.17795876293681
060190011002012,46,18035.0,0.0,39.676589732710625,8.724542735016191,20.601995381447285
060190011002013,0,11301.0,0.0,20.335207694707712,4.2770753957550465,12.909517593886097
060190011002014,19,2802.0,0.0,6.165335546199276,1.3557045555299838,3.200820130790978
060190011002015,83,19183.0,0.0,42.20244838081997,9.27995744849073,21.91339492111468
060190011002016,0,8625.0,0.0,18.975060650430645,22.474482752580926,9.852631558912272
060190011002017,53,40940.0,0.0,90.06562107528843,107.26038983055088,46.76715779963691
060190011002018,34,10314.0,0.0,22.69156283612716,27.023695019355593,11.782033843318397
060190011002019,0,11811.0,0.0,25.985743943027668,30.94678071487554,13.49210798171743
060190011002020,144,68440.0,0.0,150.56983966140888,180.31757821935267,78.1813453787775
060190011002021,124,20394.0,0.0,44.86769857276615,53.433560799981834,23.29676150869065
060190011002022,91,20406.0,0.0,44.894068131574215,53.46496467111095,23.310469517816095
060190011002023,103,47002.0,0.0,108.95663966656443,123.14680915480528,53.691987076173284
060190011002024,56,19608.0,0.0,95.15539410292376,53.57565990878377,22.398886910974124
060190011002025,110,20355.0,0.0,68.98772222033418,55.530121437932294,23.25221047903296
060190011002026,80,20315.0,0.0,45.22367274917473,55.37230786797076,23.206517115281482
060190011002027,79,19989.0,0.0,43.97587419391787,54.48819484357345,22.834116200706944
060190011002028,87,18188.0,0.0,40.01274110776976,49.764582974728256,20.776772497796685
060190011002029,108,20601.0,0.0,27.974701651689937,69.38880068489364,23.533224666104545
060190011002030,0,9587.0,0.0,13.737829281402066,32.279706520827986,10.951556957135299
060190011002031,0,6490.0,0.0,8.279739603288386,4.567257110253566,7.413748268677176
060190011002032,0,3961.0,0.0,8.713514973543289,4.030325561638826,4.52478534549003
060190011002033,0,1034.0,0.0,2.2752729138331826,2.0016394641871096,1.1811734529756857
060190011002034,135,40214.0,0.0,164.90483076220698,135.45145428544674,45.937823247547605
060190011002035,23,20617.0,0.0,71.88500060688963,69.44358182315958,23.551502011605137
060190011002036,0,20722.0,0.0,38.11941106328136,69.79495767503563,23.671447091452766
060190011002037,0,18329.0,0.0,33.68542122672692,7.412207723540316,20.93784160502064
060190011002038,36,8762.0,0.0,18.356166458918466,4.238978941894439,10.00913132976108
060190011002039,0,20245.0,0.0,28.28017054132247,9.793569370101235,23.1265537287164
060190011002040,16,23251.0,0.0,24.089038014181483,10.314534387860382,26.56041001463991
060190011002041,0,5823.0,0.0,12.8096506571327,2.816732620713252,6.6518114281212934
060190011002042,51,28743.0,0.0,26.413251537697512,7.027307192978307,32.83410885771773
060190011002043,0,10796.0,0.0,3.1970833140126635,3.360277371156263,12.332638876523697
060190011002044,0,4793.0,0.0,0.8280213944036227,2.3188124697729893,5.475207311520756
060190011002045,5,13763.0,0.0,11.176417716066156,4.275813156764576,15.721944132789519
060190011002046,14,20390.0,0.0,28.27506502527556,6.334771487965932,23.292192172315502
060190011002047,4,20538.0,0.0,28.66237214405724,6.380813147325069,23.46125761819597
060190011002048,6,28353.0,0.0,36.49934130304585,9.533470128460879,32.388598561140824
060190011002049,0,14761.0,0.0,19.358772174352676,4.585930320781978,16.861993558388875
060190012011000,49,288499.0,0.0,774.1664150640609,892.9983969766998,329.56224372343553
060190012011001,0,39921.0,0.0,101.42629690247644,79.55702891370787,45.603119358068035
060190012011002,34,387044.0,29829.0,877.8000978252633,933.4415377995327,442.1335569956685
060190012011003,0,159360.0,0.0,242.5592367653088,348.87049355098435,182.04236118588517
060190012011004,10,35184.0,0.0,77.12695106984224,70.34689327166524,40.19188275579935
060190012011005,49,31923.0,0.0,48.58955362286759,59.37078037078706,36.466731275960164
060190012011006,0,2051.0,0.0,3.997950240288967,4.3229690861234955,2.3429272263569936
060190012011007,0,1403.0,0.0,2.1354345829021866,2.96658903064171,1.6026947335830628
060190012011008,0,13325.0,0.0,20.280833544413344,10.220348388991752,15.221601799710843
060190012011009,0,1502.0,0.0,1.0028412219463885,0.43125555778554336,1.715785808867969
060190012011010,0,1191.0,0.0,0.20572690021614753,0.34200285429605143,1.3605199057002337
060190012011011,0,219787.0,0.0,37.9674806292063,81.39178913411207,251.070183471148
060190012011012,0,1253.0,0.0,0.21636813953768913,0.605922918674021,1.4313446195150232
060190012011013,0,1329.0,0.0,0.22961803497736766,0.6430282676135173,1.51816201064283
060190012011014,0,30299.0,0.0,5.234063951202415,14.657607689447335,34.61158070765019
060190012011015,0,95659.0,0.0,145.60096810476261,211.31782852468476,109.27453707756393
060190012011016,0,29581.0,0.0,43.14857669785097,31.256101101724074,33.79138482831118
060190012011017,0,22494.0,0.0,5.404262992353787,6.4597580998313004,25.695663105643206
060190012011018,0,129688.0,0.0,43.485207615049134,32.881544237189196,148.14702395503937
060190012011019,0,15162.0,0.0,8.482065418956992,4.354036055573862,17.320069529997433
060190012011020,0,68209.0,0.0,55.57200435617094,24.14939888399477,77.91746620311271
060190012011021,0,17251.0,0.0,4.513256539913169,4.554223960369572,19.70640545191833
060190012011022,12,20481.0,0.0,8.44295882356353,4.320734140237416,23.396144574850116
060190012011023,22,20143.0,0.0,3.4796340597696886,5.598428719659428,23.010035651150133
060190012011024,35,19773.0,0.0,3.4157352109443786,5.502415646391519,22.58737203644897
060190012011025,28,46817.0,0.0,9.343028044427031,13.651494043877257,53.4806552688227
060190012011026,0,322184.0,0.0,224.87843130077977,350.65983937328576,368.0417676726483
060190012011027,0,343413.0,0.0,279.7827624226587,252.90961187906882,392.29237814965103
060190012011028,144,66303.0,0.0,251.17379881814173,104.86121450026346,75.74017742035483
060190012011029,0,160998.0,0.0,440.33102622019567,501.15738681238577,183.91350443150816
060190012011030,79,101082.0,0.0,290.9274438467676,353.78299205996404,115.46941486817046
060190012011031,129,24665.0,0.0,62.66396572097565,86.63168952697356,28.17567042325463
060190012011032,99,16534.0,0.0,42.00670006009325,58.584574684796465,18.8873519066731
060190012011033,76,20991.0,0.0,66.0514702813549,72.76047659770994,23.978734962681447
060190012011034,0,4603.0,0.0,3.75022572594929,0.9710921725177297,5.258163833701239
060190012011035,154,74163.0,0.0,198.11976040717002,112.40616805129963,84.71892339752009
060190012011036,0,7442.0,0.0,9.248223517691901,7.120159711720806,8.501250325962333
060190012012000,86,21748.0,0.0,86.39612739819084,80.02452150551802,24.843481871678154
060190012012001,0,7608.0,0.0,30.257285655132236,28.131078093093603,8.690877785530963
060190012012002,58,25224.0,0.0,100.31175684394027,93.2627565339343,28.814235181681525
060190012012003,112,25833.0,0.0,102.73271983869098,95.51359621076665,29.509916644797762
060190012012004,128,26377.0,0.0,104.89767607189474,97.52641895893191,30.131346391817853
060190012012005,95,20582.0,0.0,81.85112454232251,76.09937000799823,23.511520318322596
060190012012006,120,20706.0,0.0,82.34441623493818,76.55799763526828,23.653169745952173
060190012012007,142,20077.0,0.0,79.84509891344236,74.23430966299655,22.934641600960195
060190012012008,122,26432.0,0.0,105.11861852089059,97.73183557685408,30.194174766976136
060190012012009,91,24695.0,0.0,98.2073971608404,91.3062721600229,28.209940446068238
060190012012010,133,25098.0,0.0,99.80949198694371,92.7957862948775,28.67030108586437
060190012012011,93,20082.0,0.0,79.86478722889672,74.25261446223999,22.940353271429128
060190012012012,11,19504.0,0.0,77.56486849000343,72.1143131489957,22.280084165220284
060190012012013,115,19290.0,0.0,76.71548503417674,71.32461665740742,22.03562466914988
060190012012014,104,19996.0,0.0,79.52295510144074,73.9348031958298,22.842112539363452
060190012012015,88,19826.0,0.0,78.84635468136439,73.30574811561114,22.647915743419674
060190012012016,253,162872.0,0.0,217.39860416513275,198.75136245397744,186.05423852326487
060190012012017,55,29693.0,0.0,24.279875824438648,60.57781185618643,33.91932624681532
060190012012018,105,25315.0,0.0,20.624296961848266,23.351834838872644,28.918187584216135
060190012012019,74,25895.0,0.0,50.053097275843704,70.22241453568449,29.580741358612553
060190012012020,98,26234.0,0.0,98.08175782437965,71.74224539797257,29.967992616406324
060190012012021,90,25478.0,0.0,101.32130189975669,69.11363796115883,29.1043880415034
060190012012022,39,51652.0,0.0,205.41272657889047,140.6093448521201,59.00384061228251
060190012012023,0,13755.0,0.0,11.206557570684891,2.7417474887750934,15.712805460039222
060190012012024,0,15154.0,0.0,12.346355856969133,3.0206055653448978,17.310930857247136
060190012012025,0,52954.0,0.0,45.79367321486655,16.64959183391253,60.49115960239309
060190012012026,0,12106.0,0.0,10.658932589962895,8.159008443849812,13.829096539384574
060190012012027,56,53735.0,0.0,84.20154147965313,80.547761280099,61.38332252964069
060190012013000,109,21053.0,0.0,83.40372957500738,72.97592369291293,24.049559676496237
060190012013001,344,104267.0,0.0,413.52111350694236,361.4190255374098,119.10774895688184
060190012013002,66,10526.0,0.0,41.70025886452917,36.48655670890395,12.024208671201226
060190012013003,127,21407.0,0.0,84.80434827558982,74.20142576503129,24.453945945696812
060190012013004,87,16525.0,0.0,65.46478711873205,57.27985227630579,18.877070899829018
060190012013005,0,9627.0,0.0,38.14499850571905,33.369039097735865,10.997250320886776
060190012013006,147,27121.0,0.0,107.44172900656014,94.00849886893884,30.98124295759533
060190012013007,131,21201.0,0.0,83.98821956779422,73.48733604018122,24.218625122376704
060190012013008,213,37953.0,0.0,150.92419687471028,131.55405544903263,43.35500586149536
060190012013009,115,24359.0,0.0,96.76163698883362,84.43380133594134,27.82611619055583
060190012013010,130,24932.0,0.0,99.14223543441017,90.96285131454661,28.48067362629574
060190012013011,130,19722.0,0.0,78.43192680363302,71.5016499716092,22.529112997665834
060190012013012,87,26326.0,0.0,104.69277656938696,66.44628021238104,30.07308735303472
060190012013013,147,22818.0,0.0,90.74748938019161,47.86349568677829,26.06577935203017
060190012013014,96,20672.0,0.0,82.2082512584209,54.31867296766873,23.614330386763417
060190012013015,157,44941.0,0.0,178.6697311270243,52.35215505948493,51.337636508878425
060190012014000,0,368188.0,0.0,277.4475426928862,448.75384109538174,420.5937053232222
060190012014001,0,112101.0,0.0,2.9957967948824655,70.39376900506153,128.05679424760865
060190012014002,152,41919.0,0.0,32.47221403104556,70.33277379148812,47.88550287745432
060190012014003,75,7043.0,0.0,6.200800370922801,11.816486234591496,8.045459022541348
060190012014004,101,141283.0,0.0,123.72795455365203,183.74005752333497,161.39238777249884
060190012014005,132,20253.0,0.0,17.8316565523707,33.980697907824144,23.135692401466695
060190012014006,46,11532.0,0.0,10.153818699994885,19.349511630733492,13.173396769550877
060190012014007,64,19861.0,0.0,17.48693114023154,33.323775761715765,22.68789743670222
060190012014008,0,363475.0,0.0,234.4322711432404,136.37958128449128,415.20988473920437
060190012014009,0,22454.0,0.0,5.78378308759815,12.661943696963215,25.649969741891727
060190012014010,0,36108.0,0.0,1.3441944306840858,22.673511508971686,41.24739945845847
060190012014011,0,73822.0,0.0,1.9728331979190639,46.35667033794257,84.32938747153875
060190012014012,84,19535.0,0.0,17.19964997380533,32.77632160330565,22.315496522127678
060190012014013,0,32005.0,0.0,119.31580559144909,49.1091267259097,36.5604026716507
060190012014014,0,32654.0,0.0,7.812421135653636,0.21714978574667132,37.30177749851841
060190012014015,16,306054.0,0.0,37.078593224206834,2.035229611680564,349.6159187398651
060190012021000,318,282379.0,0.0,1166.6711179491547,1024.1173485959303,322.5711590694595
060190012021001,12,4289.0,0.0,17.40304227286935,15.231074951136986,4.899470928252143
060190012021002,179,16050.0,0.0,67.04852432043843,56.9932934631509,18.33446220528023
060190012021003,374,21472.0,0.0,89.7423050305956,76.24659923072598,24.528197661792962
060190012021004,100,20972.0,0.0,87.65093572865716,75.96951315790477,23.957030614899498
060190012021005,128,21054.0,0.0,83.92311002105497,76.27746336099736,24.050702010590026
060190012021006,148,77814.0,0.0,325.21849985354226,286.13903154231474,88.88958517393617
060190012021007,137,47039.0,0.0,141.3192609787685,164.3496335809656,53.7342534376434
060190012021008,258,54650.0,0.0,165.06586336744047,197.37161192715814,62.428558225455724
060190012021009,97,20715.0,0.0,75.20886780919156,77.17966109875468,23.663450752796255
060190012021010,128,28348.0,0.0,94.52541675915666,108.24994858997431,32.38288689067189
060190012021011,53,16549.0,0.0,69.16518205063696,63.19238013993638,18.904486918079904
060190012021012,161,39664.0,0.0,118.05168193738285,151.4584451591726,45.30953949596479
060190012022000,0,41091.0,0.0,82.86845809349288,156.9069262368548,46.939650247798745
060190012022001,468,67082.0,0.0,228.0027100260154,256.15342565868804,76.63005567941484
060190012022002,111,25033.0,0.0,99.17092757146735,90.70545590574521,28.59604936976822
060190012022003,0,8788.0,0.0,34.81492317872524,30.462081134877756,10.03883201619954
060190012022004,160,29211.0,0.0,115.72134629740759,101.25293173425837,33.368721213610016
060190012022005,150,27019.0,0.0,107.03995303795112,93.65695616723639,30.864724880029062
060190012022006,120,27896.0,0.0,110.5128116485148,99.79053374570668,31.866551880280202
060190012022007,157,27606.0,0.0,109.36189348175864,105.41212519523435,31.53527499308199
060190012022008,448,162620.0,0.0,644.2569843463556,342.06589646709193,185.76637033163055
060190012022009,108,18703.0,0.0,74.09266165283697,71.4166944037022,21.365074556096953
060190012022010,120,21638.0,0.0,85.72107260855648,78.37154409630801,24.717825121361592
060190012022011,43,10742.0,0.0,42.5556807557372,40.70506749665018,12.270952835459202
060190012022012,82,18208.0,0.0,72.1334057063416,69.52819991493473,20.799619179672423
060190012022013,75,13075.0,0.0,51.7981581601342,34.18184929999551,14.936018276264111
060190012022014,102,27111.0,0.0,107.40060893172766,67.88137791034826,30.96981961665746
060190012022015,140,52747.0,0.0,156.84378512573102,201.41672876990154,60.254696444979196
060190012022016,72,16673.0,0.0,61.163661760600384,63.66483022086496,19.046136345709485
060190012022017,69,15401.0,0.0,61.01160582977946,58.808080468757986,17.59308737841251
060190012022018,125,25355.0,0.0,94.48335965326532,96.81759274313521,28.96388094796761
060190012022019,0,37507.0,0.0,134.60782734406433,20.014525710040807,42.84552485566638
060190012022020,0,268704.0,0.0,136.63369180685245,121.96240449815825,306.94974033692324
060190012022021,0,203845.0,0.0,25.75518207534961,91.45833069606513,232.85909334799675
060190012022022,0,145535.0,0.0,4.392294458905209,67.67327989812779,166.24959233928087
060190012022023,99,26427.0,0.0,104.69363988728098,91.6039979804086,30.1884630965072
060190012022024,0,39871.0,0.0,2.3585577691765924,4.435230931122675,45.546002653378686
060190012022025,0,13183.0,0.0,0.725561218525094,0.7520589811543783,15.059390358393099
060190012022026,0,46073.0,0.0,1.2592235317372193,2.4425227402320093,52.63075870304523
060190012022027,0,19622.0,0.0,0.524385551983471,1.2768360968082915,22.414879588287143
060190012022028,0,230287.0,0.0,12.115331126393878,9.42819219444231,263.06469145591075
060190012022029,0,308350.0,0.0,21.74312562784768,12.670336987149934,352.2387178191999
060190012022030,0,360195.0,0.0,11.442127468508343,42.52052917958445,411.46302891158325
060190012022031,7,73057.0,0.0,5.870939268785051,21.788492767119838,83.45550188979175
060190012022032,4,342290.0,0.0,169.9410240850534,109.56989002391728,391.0095369623283
060190013011000,136,91736.0,0.0,340.0016646123943,353.80755282266,104.79316042763782
060190013011001,224,44156.0,0.0,167.76069786445558,153.37540599888857,50.44090424525568
060190013011002,26,20831.0,0.0,69.69841599685736,60.51283101929775,23.79596150767554
060190013011003,36,18923.0,0.0,63.61809741581629,54.97157848852573,21.616388056730077
060190013011004,78,17461.0,0.0,58.700445808884744,52.072502549365524,19.946295611613586
060190013011005,87,19653.0,0.0,66.07127470870294,58.50789497913231,22.450291945194536
060190013011006,363,36346.0,0.0,174.04878910187642,166.35288996225373,41.51927497277976
060190013011007,132,71110.0,0.0,376.40149331166054,325.46294739677495,81.2313774091886
060190013011008,75,28922.0,0.0,153.0937483726801,149.2998084795073,33.038586660505594
060190013011009,99,28376.0,0.0,150.19990066978227,146.63504679933072,32.41487224529793
060190013011010,101,27701.0,0.0,146.62541676479552,143.09246564222332,31.64379673199175
060190013012000,36,30255.0,0.0,98.84087174051469,93.56434319557138,34.56131800752357
060190013012001,125,23198.0,0.0,75.78531429547505,71.73958536648115,26.499866307669205
060190013012002,92,23289.0,0.0,76.08293399787333,72.02131691626012,26.603818710203814
060190013012003,93,23167.0,0.0,75.68542868739729,71.82630354234163,26.464453950761808
060190013012004,120,22505.0,0.0,68.67267599454166,128.8038365083424,25.70822878067486
060190013012005,70,19893.0,0.0,56.233896076216,113.85356103811017,22.724452127703398
060190013012006,35,10554.0,0.0,27.985536821012715,60.40141554825557,12.05619402582726
060190013012007,40,10418.0,0.0,27.626586041218214,59.62668911186794,11.900836589072236
060190013012008,86,19367.0,0.0,73.25153295727324,110.84361402807843,22.123584394371473
060190013012009,86,20153.0,0.0,97.83006003015421,115.34178231500584,23.021458992088
060190013012010,39,10513.0,0.0,27.9790845471446,60.16984824192325,12.009358327981996
060190013012011,31,10495.0,0.0,40.24689131661077,60.06549493349442,11.98879631429383
060190013012012,84,20031.0,0.0,106.02602399253543,114.64036416362863,22.882094232645997
060190013013000,57,21362.0,0.0,101.62639565043794,130.4528917897147,24.4025409114764
060190013013001,56,21263.0,0.0,101.15615714752897,94.74837569213092,24.289449836191494
060190013013002,0,409973.0,0.0,1397.576707756768,1015.6623767985861,468.3261354321091
060190013013003,101,19794.0,0.0,94.16711903042086,88.2020612816239,22.611361052418495
060190013013004,81,19988.0,0.0,95.08909178252067,121.993202034376,22.83297386661316
060190013013005,66,19947.0,0.0,94.89499585664457,121.52664839822775,22.786138168767895
060190013013006,92,19711.0,0.0,93.77267660711725,87.8326049878505,22.516547322634178
060190013013007,90,19712.0,0.0,92.22085102193029,40.81986738076054,22.517689656727963
060190013013008,68,20027.0,0.0,93.74276565004917,99.07688239725769,22.87752489627085
060190013013009,168,40612.0,0.0,178.6000455998326,113.34138695319932,46.3924722168748
060190013013010,200,40645.0,0.0,177.80424062652344,113.27181409597107,46.43016924196977
060190013013011,33,81549.0,0.0,319.9066950387577,226.11325048783556,93.15620301423036
060190013014000,43,22112.0,0.0,121.38055436334317,140.90165534000488,25.259291481816597
060190013014001,66,21458.0,0.0,102.60730071263049,136.7375255642325,24.512204984479943
060190013014002,86,20068.0,0.0,95.47054548212942,127.87912819079892,22.924360594116113
060190013014003,130,20823.0,0.0,108.46493012181404,132.69001668375037,23.786822834925243
060190013014004,92,20697.0,0.0,101.68969355900825,131.88662664005804,23.64288873910809
060190013014005,116,20231.0,0.0,96.2452968016823,128.91687782141813,23.11056105140338
060190013014006,93,20075.0,0.0,93.97224447767724,109.38266999224632,22.93235693277262
060190013014007,110,20506.0,0.0,96.11848070864922,112.02169984589062,23.424702927194787
060190013014008,93,21023.0,0.0,92.45269618677156,106.37090411021178,24.01528965368263
060190013014009,92,20267.0,0.0,89.12935609951413,102.5472547811199,23.15168507877971
060190013014010,0,41148.0,0.0,180.96015393690425,208.2026374147626,47.0047632911446
060190013014011,80,20807.0,0.0,91.50435478610666,105.27979550706102,23.768545489424653
060190013014012,85,20798.0,0.0,91.46280101552912,105.23198606149774,23.75826448258057
060190013014013,99,21014.0,0.0,92.41436017373614,106.32679683660322,24.005008646838547
060190013014014,89,20312.0,0.0,89.32768078286372,102.77543607539663,23.203090113000123
060190013015000,171,40641.0,0.0,131.3325795853247,146.40242544860342,46.42559990559462
060190013015001,233,40472.0,0.0,130.7840507391539,144.223380699974,46.232545443744634
060190013015002,146,40076.0,0.0,129.40442382403262,143.5055135213413,45.78018114260501
060190013015003,125,61945.0,0.0,164.2626706127707,351.0571872768952,70.76188543963138
060190013015004,110,30377.0,0.0,80.55151265858782,172.83387630998845,34.70068276696557
060190013015005,106,30906.0,0.0,81.95404532692172,176.60026166264961,35.30497750257886
060190013031000,59,20248.0,0.0,107.17852640538183,97.1583184346916,23.129980730997758
060190013031001,67,20286.0,0.0,107.37607636424772,92.84483434414321,23.173389426561663
060190013031002,87,20311.0,0.0,107.51200214189187,92.96236523869425,23.201947778906337
060190013031003,89,20129.0,0.0,106.5492658054545,96.50490402758554,22.994042973837114
060190013031004,89,20085.0,0.0,106.31464364568711,96.29043418437047,22.94378027371049
060190013031005,96,20305.0,0.0,107.47838254714786,92.9336718795865,23.195093774343615
060190013031006,74,19999.0,0.0,94.06949890160836,91.53109713188961,22.845539541644815
060190013031007,85,20258.0,0.0,107.22936469791463,97.16574774229112,23.14140407193563
060190013031008,72,20234.0,0.0,107.1011365383356,68.52966198945342,23.113988053684743
060190013031009,89,19832.0,0.0,69.98851962150871,65.77473245016891,22.654769747982396
060190013031010,92,19533.0,0.0,40.31232792305032,43.15057992080778,22.313211853940103
060190013031011,104,19656.0,0.0,74.62928913987321,42.62372282602465,22.453718947475895
060190013031012,177,38972.0,0.0,71.60151655721364,85.41246436692444,44.519044303064234
060190013032000,230,40486.0,0.0,213.82942018525426,231.71239005948954,46.24853812105765
060190013032001,70,19973.0,0.0,105.72137115759537,114.31095907395489,22.815838855206355
060190013032002,109,20049.0,0.0,106.12218119349433,114.74433388841676,22.90265624633416
060190013032003,82,19845.0,0.0,105.04324014274204,113.57773166839917,22.669620091201626
060190013032004,14,40540.0,0.0,214.5887269235558,232.02350586736944,46.31022416212215
060190013032005,0,79344.0,0.0,362.9394550441513,226.85103302664828,90.63735633743018
060190013032006,71,20241.0,0.0,107.1378569880196,115.84253071379955,23.12198439234125
060190013032007,285,40191.0,0.0,102.10802762831825,80.09176667623616,45.91154956339051
060190013032008,496,82909.0,0.0,173.27271436279867,173.4092833629772,94.70977738178058
060190013041000,0,204178.0,0.0,541.4284168771425,227.10883431659386,233.2394906012278
060190013041001,613,102133.0,0.0,320.70955871600637,303.0860501964712,116.67000800074052
060190013041002,556,101449.0,0.0,349.43453578698313,360.23779796447263,115.88865148059027
060190013042000,858,93011.0,0.0,409.04160822662647,470.62040892634207,106.24963639721615
060190013042001,162,34148.0,0.0,148.21943415505007,172.78244907563013,39.008424634636086
060190013042002,132,36418.0,0.0,134.21933225806828,184.2603695149884,41.601523027532416
060190013042003,152,118182.0,0.0,342.804877268171,273.7449735503137,135.00332787192696
060190013042004,65,27153.0,0.0,87.0085940011657,110.42772536020408,31.01779764859651
060190013042005,90,23077.0,0.0,61.19400035742403,70.93486791132032,26.361643882320983
060190013042006,143,33460.0,0.0,119.04753887198068,123.87719715780318,38.222498778110676
060190013042007,95,24167.0,0.0,102.10738841844231,113.0933691339449,27.60678804454874
060190013042008,111,21222.0,0.0,93.32860283172128,107.3786733325525,24.24261413834623
060190013042009,147,29644.0,0.0,113.67300904641937,108.03715225870205,33.86335187621975
060190013042010,176,53431.0,0.0,190.43884931543334,194.72709034105563,61.03605296512946
060190013042011,89,23348.0,0.0,97.10978310722568,85.08934729470143,26.671216421737242
060190013042012,153,42893.0,0.0,178.4578776820297,155.15749841687688,48.99813628480279
060190013042013,112,28639.0,0.0,119.69521600606384,101.9344882342394,32.71530611196389
060190013042014,110,23402.0,0.0,77.62251201746894,71.52553097536033,26.732902462801736
060190013042015,67,20613.0,0.0,62.84482547573429,60.45726694774443,23.54693267522999
060190013042016,82,23181.0,0.0,76.94696219107803,78.44705239714415,26.480446628074827
060190013043000,978,122184.0,0.0,474.7146592787086,699.2956205583963,139.57494891526227
060190013043001,471,61173.0,0.0,278.06001288411676,174.53740296322457,69.88000351922787
060190013043002,134,60697.0,0.0,154.20317423047308,121.27581828152408,69.3362524905853
060190014071000,697,121298.0,0.0,464.9851678482961,533.7933292890231,138.56284090816703
060190014071001,369,39755.0,0.0,165.0543674561966,191.31005416798695,45.4134918984994
060190014072000,211,50969.0,0.0,82.44735595714619,122.74938266409188,58.22362642622604
060190014072001,119,14252.0,0.0,22.10815038715677,34.32301474610518,16.280545504651325
060190014072002,110,14670.0,0.0,22.757383807955677,35.33095289947916,16.758041155854265
060190014072003,90,14410.0,0.0,22.353263067862166,34.703553416549354,16.461034291469662
060190014072004,482,336223.0,0.0,996.3739470187762,1060.810440938014,384.07899601532296
060190014072005,92,17981.0,0.0,57.6421115346845,73.98725408037957,20.540309340382787
060190014072006,437,31541.0,0.0,101.11488107098052,129.78727180395518,36.03035965213356
060190014072007,132,7319.0,0.0,23.463097430303023,30.11635252195715,8.360743232426541
060190014073000,1423,285673.0,0.0,989.1005055511881,889.3520343786528,326.33400757439364
060190014073001,352,36935.0,0.0,170.52611223666977,139.05224321615515,42.19210975402026
060190014074000,0,162237.0,0.0,879.5139015861478,649.6615148390844,185.32885637371018
060190014074001,383,137933.0,0.0,750.8143603688159,654.6546137021767,157.56556855831263
060190014074002,11,21236.0,0.0,114.73276436911763,119.55066904787328,24.258606815659245
060190014081000,57,40925.0,0.0,135.57875490058356,168.39787710858556,46.75002278823011
060190014081001,268,134942.0,0.0,593.4378348550363,616.3779670343629,154.1488472837959
060190014081002,28,24311.0,0.0,106.91493778606517,101.59762354998887,27.771284154054054
060190014081003,225,186505.0,0.0,756.5948339018627,655.2173531840007,213.0510201617314
060190014081004,12,8498.0,0.0,27.241684484060485,34.96640525194717,9.707555129001332
060190014081005,9,7109.0,0.0,31.264835368859167,20.668919755577697,8.120853072731286
060190014081006,25,25266.0,0.0,96.50809620603998,65.97549430515483,28.862213213620574
060190014081007,62,39544.0,0.0,140.12579164491953,162.71660531466267,45.17245940471036
060190014081008,75,18643.0,0.0,49.46520057617402,41.76071724412909,21.296534510469737
060190014081009,522,51214.0,0.0,137.25336189642132,156.49513678702607,58.50349827920383
060190014081010,34,35353.0,0.0,93.77373402948804,97.32628486242004,40.38493721764934
060190014081011,14,26900.0,0.0,71.33822913904316,60.25773560369342,30.728787122868418
060190014081012,28,12174.0,0.0,32.285687305789914,27.27096583325566,13.906775257762087
060190014081013,62,20193.0,0.0,55.23768324499431,45.23263992693613,23.06715235583948
060190014082000,97,69197.0,0.0,188.1348424908038,166.65167552545543,79.0460922877742
060190014082001,53,25354.0,0.0,81.28100984903809,61.06194496006774,28.962738613873825
060190014082002,70,28312.0,0.0,90.76118319601773,68.18387693655663,32.341762863295564
060190014082003,37,19016.0,0.0,58.90061177999453,45.79687949708792,21.72262512745226
060190014082004,46,30911.0,0.0,99.09223175800894,76.14243789822325,35.31068917304779
060190014082005,162,92155.0,0.0,295.42824484748144,295.9245140976786,105.27179841293454
060190014082006,74,47426.0,0.0,152.0384220742701,114.2180907663083,54.176336731938946
060190014082007,135,58609.0,0.0,141.00693360831133,101.30095389796182,66.95105890275818
060190014082008,165,45676.0,0.0,113.63017782338271,71.76925635421406,52.177252067811814
060190014082009,6,170475.0,0.0,407.7450070388438,293.39612391048433,194.7394046383269
060190014091000,107,176125.0,0.0,301.82424497655927,273.4727646996337,201.19359226822306
060190014091001,21,18431.0,0.0,37.34455573301983,24.485308354031265,21.054359682586906
060190014091002,0,13238.0,0.0,30.84524411873646,24.3763781965099,15.12221873355138
060190014091003,47,85432.0,0.0,211.49500473771215,157.31796301683445,97.59188630040501
060190014091004,63,121305.0,0.0,223.92833120662928,237.3969364420525,138.57083724682354
060190014091005,332,365603.0,0.0,881.4047699908552,755.9529937536942,417.64077169078297
060190014091006,327,120138.0,0.0,186.3647106680118,137.00446636007962,137.2377333593742
060190014091007,57,101488.0,0.0,226.17482963693845,139.8504345984773,115.93320251024795
060190014091008,50,111149.0,0.0,82.15248788441214,73.72818333942587,126.96929219032349
060190014091009,29,60276.0,0.0,44.551166335606666,39.982679090600136,68.855329837101
060190014091010,51,57545.0,0.0,42.91259727609783,38.17143484823043,65.73561542696889
060190014091011,27,42580.0,0.0,56.90954975663967,41.005072004377745,48.64058571344748
060190014091012,360,318023.0,0.0,538.8842569626631,439.1501862870515,363.28851550840085
060190014091013,46,20251.0,0.0,31.426637183666127,30.246709454388938,23.13340773327912
060190014091014,166,100559.0,0.0,155.99104633299385,100.0868454673957,114.87197413711989
060190014091015,33,28818.0,0.0,44.70316825059748,27.50374310190763,32.91978391475175
060190014091016,43,11096.0,0.0,17.284380889370517,18.83242183918592,12.675339104659775
060190014091017,56,30387.0,0.0,47.13718634455119,30.24412231560921,34.712106107903445
060190014091018,69,82745.0,0.0,80.13568457844354,54.88677180559706,94.52243459039953
060190014091019,68,149697.0,0.0,209.35880301777536,119.63700487805612,171.00398683762208
060190014091021,42,52136.0,0.0,40.85041795661264,35.191584641173534,59.55673031367539
060190014091026,94,62191.0,0.0,115.96701587424563,90.44438849274107,71.04289962670296
060190014091027,29,23818.0,0.0,17.603996939283807,16.83052486976678,27.208113445817098
060190014151000,261,152331.0,0.0,287.72264567288056,341.2588342044092,174.01289484065683
060190014151001,290,290519.0,0.0,607.2040034336178,827.0318648178735,331.86975859288515
060190014151002,243,53750.0,0.0,108.39725674515795,120.4123536657726,61.40045754104749
060190014151003,266,138290.0,0.0,324.4571295641998,192.04697761259973,157.97338182979456
060190014151004,69,6668.0,0.0,13.44670899899163,14.882648348347882,7.617083737371249
060190014151005,38,4737.0,0.0,9.552798625090084,10.01128805908354,5.411236602268688
060190014151006,26,129512.0,0.0,25.868048023851575,31.980811169268367,147.94597315453288
060190014151007,0,179205.0,0.0,158.6459227118373,53.85444501353926,204.7119812770868
060190014151008,0,116670.0,0.0,4.044777455231577,38.398973800438846,133.27611872212114
060190014151009,0,2001.0,0.0,0.06937145361092249,0.6498162918306567,2.285810521667647
060190014151010,0,1712.0,0.0,0.059351728215280196,0.4227471844807942,1.9556759685632241
060190014151011,0,2853.0,0.0,0.0989169554458566,0.7045601816423976,3.2590791695741115
060190014151012,6,231411.0,0.0,92.24985770684717,57.1427902425971,264.3486749773273
060190014152000,217,216064.0,35764.0,479.84535498236175,357.3303860364408,246.81727363997925
060190014152001,54,10800.0,0.0,16.48711188092692,14.944584985143134,12.337208212898844
060190014152002,177,30852.0,0.0,58.899117704422174,42.69056621076394,35.24329146151437
060190014152003,0,163656.0,0.0,397.2027583441478,264.6166078602986,186.9498284527938
060190014152004,128,31702.0,0.0,70.5660513528795,44.173135588837816,36.214275441233255
060190014152005,133,24875.0,0.0,65.96946857747258,49.12355093371664,28.415560582949883
060190014152006,67,13045.0,0.0,34.595087854246145,21.157800561422818,14.901748253450503
060190014152007,112,24333.0,0.0,61.136849011538615,40.791678909552026,27.79641550411737
060190014152008,107,32000.0,0.0,72.46408680280427,54.75667203746399,36.55469100118176
060190014152009,204,336418.0,3599.0,454.40703994266687,549.5338454408543,384.3017511636114
060190014152010,44,8869.0,0.0,16.50203613178573,15.359507477570595,10.131361077796283
060190014152011,0,27643.0,0.0,34.68133158436908,47.93286012923925,31.577541354552107
060190014152012,31,4559.0,0.0,7.705425581407294,7.905158805837615,5.207901133574614
060190014152013,40,12086.0,0.0,24.37335358743534,20.936697342407047,13.806249857508837
060190014152014,77,11009.0,0.0,17.370015961711793,19.08898788656842,12.575956038500312
060190014152015,43,10703.0,0.0,13.42762172536573,18.558235356810002,12.226401805801512
060190014152016,76,10844.0,0.0,13.906275997661767,18.80271111285727,12.387470913025469
060190014152017,73,25960.0,0.0,52.35391569658227,53.58146863607786,29.654993074708702
060190014152018,47,10695.0,0.0,15.243521302269237,18.545448559253625,12.217263133051217
060190014152019,48,9033.0,0.0,14.891014998173201,15.662345571225785,10.31870386917734
060190014152020,41,172748.0,0.0,226.12398681552753,323.6919336679587,197.33593003350458
060190014152021,94,23733.0,0.0,55.114283409215744,50.89570751235251,27.11101504784521
060190014152022,30,284776.0,0.0,175.61094048536796,78.74309192606717,325.3093338922668
060190014152023,31,21202.0,0.0,29.626090789182108,5.969523593308974,24.21976745647049
060190014152024,37,21498.0,0.0,26.971662032395862,6.052829206657944,24.557898348231422
060190014152025,105,18971.0,0.0,50.311097359874374,32.89565447907175,21.67122009323185
060190014152026,80,21182.0,0.0,49.76616182923006,36.72973632075433,24.19692077459475
060190014152027,28,320617.0,0.0,29.485736798197802,88.88476690049104,366.25173014768416
060190014152028,0,8542.0,0.0,0.783579626885236,2.373440099281783,9.757817829127957
060190014153000,24,161542.0,0.0,428.403157873363,361.86213942325344,184.53493417852826
060190014153001,434,186449.0,0.0,530.4358187871825,437.50341933151503,212.9870494524793
060190014153002,63,7873.0,0.0,32.390978823422394,17.63673969893067,8.9935963203845
060190014153003,139,19159.0,0.0,80.07276194461568,53.03377915978703,21.885978902863794
060190014153004,118,17570.0,0.0,73.43430704289702,64.03509064017784,20.070810027836362
060190014153005,37,9516.0,0.0,26.33110418125334,21.317490599763726,10.870451236476427
060190014153006,167,36845.0,0.0,111.41323056811869,115.63197604352413,42.08929968557944
060190014153007,0,5146.0,0.0,21.50580758255194,18.753174004004453,5.878451246627542
060190014153008,149,18818.0,0.0,77.31915596637084,52.15342477941807,21.49644297688245
060190014153009,270,57960.0,0.0,187.17003001685651,151.6651325902601,66.20968407589046
060190014153010,97,13269.0,0.0,35.189417026039195,29.723678493200374,15.157631090458775
060190014153011,455,91150.0,0.0,320.4211850415127,276.9069057457296,104.12375264867867
060190014153012,59,10576.0,0.0,44.202396046484964,23.69315512333677,12.081325375890572
060190014153013,33,11489.0,0.0,38.321288756953535,25.737732187816803,13.124276403518039
060190014161000,364,264912.0,0.0,407.49141823474633,435.43867566821905,302.6180094532832
060190014161001,96,16758.0,0.0,25.582111462870945,28.442040999073086,19.143234743681372
060190014161002,33,5865.0,0.0,8.953138268069859,9.95424756237469,6.6997894600603445
060190014161003,76,15845.0,0.0,24.4196330422155,26.893503870656783,18.100283716053905
060190014161004,80,13167.0,0.0,20.475253222422285,22.348264715437637,15.041113012892508
060190014161005,71,13380.0,0.0,20.653646873943092,22.70859968329527,15.284430174869124
060190014161006,159,27443.0,0.0,41.89403399974368,46.578481570786,31.34907453579472
060190014161007,32,5889.0,0.0,8.990013301402525,8.234891331201602,6.727205478311231
060190014161008,368,115815.0,0.0,176.79694978981374,192.04900850779057,132.2994230719333
060190014161009,207,84076.0,0.0,128.34663560610682,157.67055344154574,96.04288126922992
060190014161010,0,9761.0,0.0,14.900694194604155,24.44886883508993,11.150323089454224
060190014161011,0,8357.0,0.0,12.758231539252636,18.689741836981668,9.546486021777374
060190014161012,0,4492.0,0.0,6.857751285437156,11.252110773606576,5.131364749290889
060190014161013,0,5528.0,0.0,8.438549744703517,13.70787178892024,6.314822870454149
060190014161014,205,37558.0,0.0,57.334889365331485,83.59544421186472,42.90378389444952
060190014161015,61,17050.0,0.0,26.060184970261606,41.23596816193056,19.476796299067157
060190014161016,130,26406.0,0.0,40.31530788458348,66.14135235660504,30.164474080537676
060190014161017,221,141388.0,0.0,231.5566628734203,347.15310719801846,161.51233285234647
060190014161018,125,25238.0,0.0,36.80661398791888,63.215850871606285,28.83022785899454
060190014161019,95,19413.0,0.0,29.658926781433824,48.626187113948895,22.176131762685674
060190014161020,63,39364.0,0.0,67.25417683821844,95.2035333695258,44.96683926782871
060190014161021,116,20006.0,0.0,34.18217864618779,50.00291703428039,22.853535880301322
060190014161022,73,24175.0,0.0,41.30559101706082,60.55430430910076,27.615926717299033
060190014161023,61,10866.0,0.0,18.56508606617839,27.21655455097292,12.412602263088782
060190014161024,69,8408.0,0.0,14.364880913223637,21.059022489813866,9.604745060560507
060190014161025,68,14648.0,0.0,23.875362493957955,36.68960233999761,16.73290980579095
060190014161026,133,35001.0,0.0,45.35689368266292,81.87102139103098,39.982835616636336
060190014161027,48,10541.0,0.0,13.225214588947507,20.786791414530494,12.04134368260803
060190014161028,141,26207.0,0.0,32.88161272742707,65.64157803577186,29.937149595874075
060190014161029,38,8029.0,0.0,13.718528202889868,20.111464598767174,9.17180043901526
060190014161030,44,7084.0,0.0,11.975304632391177,17.743832576739074,8.092294720386612
060190014162001,22,9964.0,0.0,15.521168496210473,10.76492616790921,11.382216910492971
060190014162002,102,34282.0,0.0,53.402968034006484,37.82000703437366,39.16149740320353
060190014162003,93,22431.0,0.0,40.553426287072256,25.85286762793713,25.623696057734627
060190014162004,83,21909.0,0.0,36.9589290857931,25.063636473211503,25.02739766077785
060190014162005,61,19525.0,0.0,30.414738378921996,18.927944712799956,22.30407318118981
060190014162006,57,20506.0,0.0,31.756670731479996,33.0539257463502,23.424702927194787
060190014162007,98,16572.0,0.0,25.49326342057732,27.352739283335627,18.930760602237005
060190014162008,73,198446.0,0.0,309.04986504179175,193.12914907315934,226.6916315756411
060190014162009,45,84245.0,0.0,131.23259133177893,81.66972216886856,96.23593573107992
060190014162010,46,20589.0,0.0,35.90972056283981,33.983745316657945,23.519516656979103
060190014162011,82,31389.0,0.0,49.55603534406059,47.86821372694317,35.856724869877944
060190014162013,43,8253.0,0.0,12.855935689531073,13.633902580305062,9.427683276023533
060190014162014,101,29315.0,0.0,45.665588388220904,49.49377469333746,33.487523959363855
060190014162016,87,16747.0,0.0,30.556542682844796,31.61896071638906,19.130669068649716
060190014162017,317,98256.0,0.0,140.47049332222394,194.56481029474025,112.2411787191286
060190014162018,46,6146.0,0.0,8.950501092598328,15.395234707907596,7.020785340414472
060190014162019,51,6618.0,0.0,8.325730163160202,16.575840253128273,7.559967032681903
060190014162020,117,27748.0,0.0,34.81273803169857,65.11059779324701,31.697486434399735
060190014162021,130,27493.0,0.0,34.49309307837016,68.86442845136168,31.406191240484066
060190014162022,14,463020.0,0.0,135.28770392330009,20.739627958030542,528.9235321052244
060190014162025,22,82352.0,0.0,140.70438781946828,110.88445498599589,94.07349729154126
060190014162026,48,10244.0,0.0,17.502967413820883,16.908819025069597,11.702070456753312
060190014162027,110,20153.0,0.0,34.43317129635383,33.264317309390954,23.021458992088
060190014162028,104,19828.0,0.0,33.946413313197695,32.727414682420054,22.650200411607248
060190014162029,159,23478.0,0.0,42.83816683566573,43.142646725130696,26.819719853929545
060190014162030,462,92229.0,0.0,159.4923426392648,152.23004199021736,105.35633113587477
060190014162031,83,10194.0,0.0,17.417250253881146,16.826011583879968,11.644953752063964
060190014162032,60,9065.0,0.0,15.48856589513839,14.962797535231713,10.355258560178521
060190014162033,144,140807.0,14160.0,265.7978760188931,310.2200233672127,160.84863674385625
060190014162034,30,3759.0,0.0,6.422041660889844,6.204042611812759,4.29403385854507
060190015001000,0,50311.0,0.0,30.545699365754476,13.089565178737173,57.47197059251424
060190015001001,2,248179.0,0.0,37.94438940864601,7.657427054698284,283.50333306194653
060190015001002,0,13326.0,0.0,0.04349859683106251,0.01133747541070274,15.22274413380463
060190015001003,5,137650.0,0.0,117.76391162304469,38.945048455243345,157.24228800977093
060190015001004,2,90747.0,0.0,61.15450095517928,17.666847816285642,103.66339200888254
060190015001005,0,10886.0,0.0,0.1853728879798348,1.8669902388502735,12.43544894496452
060190015001006,0,73827.0,0.0,0.6773574569472784,13.741338742726846,84.33509914200768
060190015001007,9,323192.0,0.0,4.108469105027549,22.24917665329225,369.1932404391855
060190015001008,0,6097.0,0.0,0.2789504717492771,0.03614330324512341,6.964810969818912
060190015001009,0,25233.0,0.0,1.7905059974150537,0.1496824233066891,28.824516188525607
060190015001010,0,277031.0,0.0,1.4516586226783144,2.7075326900449084,316.461956335887
060190015001011,0,22753.0,0.0,0.05144835558502679,0.5738865578808684,25.99152763593402
060190015001012,0,186656.0,0.0,0.004593731057131898,0.0,213.22351260989322
060190015001013,0,13628.0,0.0,0.0,0.0,15.567729030128282
060190015001014,0,60518.0,0.0,0.16703368227764268,0.0,69.13177468779743
060190015001015,0,64196.0,0.0,0.20074081571453448,0.0042447290549980045,73.33327948474576
060190015001016,0,23962.0,0.0,0.07822168327443388,0.036723402698674155,27.372609555322416
060190015001017,0,22727.0,0.0,1.0546762357314274,0.1434839749681105,25.96182694949556
060190015001018,0,29684.0,0.0,0.09689898818018565,0.09020256957536443,33.909045239971235
060190015001019,0,197713.0,0.0,0.6909154421825956,1.2306863524005813,225.8543006848953
060190015001020,0,65383.0,0.0,0.0,0.21020153319771415,74.68923005407085
060190015001021,0,11112.0,0.0,0.0,0.053375229667596405,12.693616450160366
060190015001022,0,76157.0,0.0,0.07868544817277315,0.4201052114354175,86.99673758053123
060190015001023,0,90403.0,0.0,0.0,0.0,103.27042908061983
060190015001024,0,476239.0,0.0,2.324275125342817,2.943034286687554,544.0240464909938
060190015001025,7,1280891.0,0.0,40.77464669837097,27.820708952487337,1463.2054597248346
060190015001026,0,1133148.0,0.0,12.38295039132688,30.18737638031574,1294.4335937064723
060190015001027,0,394190.0,0.0,10.94885939112146,13.876598968227604,450.29667642986993
060190015001028,0,12052.0,0.0,0.10395454846226665,0.08555355022389276,13.76741049832008
060190015001029,0,25417.0,0.0,1.30532345465895,2.8664819240335646,29.0347056617824
060190015001030,4,294659.0,0.0,51.13761573585012,2.8537222108104996,336.599021741163
060190015001031,0,29364.0,0.0,14.60814263273446,0.22228619521009552,33.54349832995941
060190015001032,12,389614.0,0.0,132.7487827193674,111.94353782679342,445.06935561670093
060190015001033,0,51968.0,0.0,19.153219656003692,9.080080341881338,59.364818185919184
060190015001034,0,20082.0,0.0,1.199247792844244,1.1871263509786372,22.940353271429128
060190015001035,0,10552.0,0.0,1.0362924608743471,0.5699631100306367,12.053909357639686
060190015001036,41,651108.0,0.0,103.53994440140656,41.494907406967506,743.7828671374205
060190015001037,48,326409.0,0.0,23.315295330562833,21.222766494786452,372.86812921889805
060190015001038,0,21279.0,0.0,1.1744322521968393,1.0570213232086003,24.307727181692083
060190015001039,0,16839.0,0.0,1.8673189555192313,1.1287833427743463,19.235763805278115
060190015001040,0,226662.0,75314.0,23.917908142402794,26.04577660176695,258.9237303659331
060190015001041,0,318505.0,0.0,35.49137893574992,23.588285079784022,363.8391205416062
060190015001042,25,64153.0,0.0,11.098380021924294,13.17803213315729,73.28415911871292
060190015001043,23,9057.0,0.0,1.5667264241212233,3.2948839683684037,10.346119887428225
060190015001044,38,10070.0,0.0,1.7420285180630986,0.8790138100385096,11.503304324434385
060190015001045,42,9416.0,0.0,1.6288528802506825,2.7112447084398257,10.756217827097734
060190015001046,0,14240.0,0.0,2.463479216802201,4.660702277279292,16.266837495525884
060190015001047,0,82883.0,0.0,7.861863049165899,29.93881437113354,94.68007669534212
060190015001048,0,414115.0,0.0,68.79723708364024,48.663709897215696,473.0576832485745
060190015001049,0,42944.0,0.0,6.6981550622343775,2.9390793146017367,49.056395323585924
060190015001050,12,645994.0,0.0,43.6167338815141,42.71672318675232,737.9409705817941
060190015001051,32,321855.0,0.0,30.039531389836966,20.89220454121736,367.66593975579235
060190015001052,20,326165.0,0.0,34.36370890488598,34.148120427566184,372.58939970001404
060190015001053,8,318967.0,0.0,18.62133314397215,20.78990218121547,364.3668788929357
060190015001054,14,129361.0,0.0,9.07677065091086,9.205327255102887,147.77348070637106
060190015001055,106,647404.0,0.0,73.40606654561674,75.48263518576458,739.5516616540336
060190015001056,21,172945.0,0.0,16.095336880631024,10.64793636467099,197.5609698499806
060190015001057,40,475958.0,0.0,43.930403884834426,42.254111499062,543.7030506106396
060190015001058,0,4194.0,0.0,0.725526475588706,0.36609492036337615,4.790949189342385
060190015001059,7,53798.0,0.0,17.92825108349229,1.42958438225979,61.45528957754926
060190015001060,37,159536.0,0.0,15.86377115393082,18.80289392748002,182.24341198639166
060190015002005,94,195576.0,0.0,24.85340860479434,31.242075690313772,223.41313272647264
060190015002006,19,649900.0,0.0,61.55053582453884,42.964852883542356,742.4029275521258
060190015002007,112,655521.0,0.0,32.06077636658021,60.86165793770555,748.8239874933022
060190015002008,12,701831.0,0.0,194.43741646959322,264.17440047484996,801.7254793765749
060190015002009,42,1321487.0,0.0,217.6159821701198,87.66758336850417,1509.579654596209
060190015002010,21,190353.0,0.0,11.051046994107475,14.006918605420017,217.4467217546235
060190015002011,28,1141353.0,0.0,80.45951762942349,73.22701040691527,1303.806444945994
060190015002023,21,1288546.0,0.0,42.516103038880736,18.601437640365642,1471.9500272127736
060190015002024,10,451557.0,0.0,11.468509233458049,21.025503964552396,515.8289563881448
060190015002025,19,501009.0,0.0,23.050321020561228,30.326111336667104,572.319661994096
060190015002026,22,225334.0,0.0,10.376861117848454,98.54548458011638,257.4067106893841
060190015002027,20,46067.0,0.0,13.656599187429698,18.721594130193917,52.623904698482505
060190015002028,25,11705.0,0.0,5.821934216021268,4.473570599202609,13.371020567776016
060190015002029,0,4909.0,0.0,2.4418660144702113,1.7163525274021372,5.6077180664000394
060190015002030,100,28643.0,0.0,14.249358349223728,9.838648051520403,32.71987544833904
060190015002031,91,24529.0,0.0,12.658453114263715,9.772683428222788,28.020312986499608
060190015002032,47,12539.0,0.0,6.658306058335846,5.83105442829899,14.323727201994316
060190015002033,62,16444.0,0.0,8.180642925262744,8.014535375061708,18.78454183823228
060190015002034,66,16289.0,0.0,8.488677837954361,7.764149437194139,18.607480053695305
060190015002035,70,21794.0,0.0,11.57289048111666,10.251430425404958,24.89602923999235
060190015002036,107,383288.0,0.0,153.81536992231256,203.2158484252859,437.8429501394048
060190015002037,84,21274.0,0.0,11.110951619548617,11.775046245670175,24.30201551122315
060190015002038,20,11456.0,0.0,6.0835843600735,6.255230811137476,13.086579378423071
060190015002039,54,16416.0,0.0,8.166803592638205,9.157298015356416,18.752556483606245
060190015002040,51,16210.0,0.0,8.064135140169617,8.334006343901208,18.517235660286136
060190015002041,53,16118.0,0.0,8.018310009213216,5.986665521733572,18.412140923657738
060190015002042,12,8329.0,0.0,4.143561252061564,2.9667179499245506,9.51450066715134
060190015002043,0,28521.0,0.0,2.019801665266926,10.479965629812256,32.58051068889703
060190015002044,0,40152.0,0.0,0.5925233047977227,1.67561678791907,45.86699853373281
060190015002045,0,33175.0,0.0,1.527409428932378,9.926130795101399,37.8969335613814
060190015002046,0,7430.0,0.0,0.342106108211366,4.037013336642804,8.48754231683689
060190015002047,2,40715.0,0.0,1.874584963954157,16.158953347095853,46.510132628534855
060190015002048,22,15357.0,0.0,2.0294507073311365,8.373002564619613,17.542824678285886
060190015002049,0,9574.0,0.0,0.44080069662789256,5.340447541340255,10.936706613916067
060190015002050,7,283526.0,0.0,12.764851583896327,41.42761730237862,323.88141627503313
060190015002051,1,482132.0,0.0,8.128996952280726,22.387346973941874,550.7558213056801
060190015002052,0,41823.0,0.0,2.330856976967356,1.3203073012386812,47.77583880445078
060190015002053,0,7749.0,0.0,1.340505621600721,0.5303271271879282,8.85194689275492
060190015002054,7,379319.0,0.0,19.968421618289042,17.158235306106363,433.3090261211645
060190015002055,0,129908.0,0.0,4.643969209291757,4.050480583328948,148.3983374556725
060190015002056,0,101332.0,0.0,3.2160451545728064,3.5829833906491717,115.75499839161719
060190016001037,0,47714.0,0.0,2.1480764814456794,2.2296571614351737,54.50532895094958
060190017001000,0,37072.0,0.0,0.5786045697852353,0.7646870242200128,42.34860952486907
060190017001001,26,148027.0,0.0,2.3936963979674486,2.911497813013883,169.0962889009979
060190017001002,10,364821.0,0.0,5.651545718456788,11.668047768957763,416.7474664294416
060190017001003,0,84274.0,0.0,1.3802971037477996,2.280836907404947,96.26906341979974
060190017001004,0,75550.0,0.0,1.155903516361426,2.055866416521945,86.30334078560256
060190017001005,26,476971.0,0.0,9.363053412617447,12.106560758411828,544.8602350476458
060190017001006,60,1281285.0,0.0,81.35992220665625,55.594246826714055,1463.6555393577867
060190017001007,40,257557.0,0.0,41.169904338612284,16.785735631267876,294.2161421934803
060190017001008,29,261212.0,0.0,34.997896976037566,22.012134516394582,298.3913733062716
060190017001009,26,60677.0,0.0,8.32290151814794,5.644959417510061,69.31340580870956
060190017001010,0,328366.0,0.0,44.05200612516292,50.3335573168304,375.1036770404391
060190017001011,129,652261.0,0.0,92.51608333964013,88.96705555599448,745.0999783475568
060190017001012,56,652528.0,0.0,85.24255038102976,56.8331144288919,745.4049815505979
060190017001013,17,602432.0,0.0,76.58226317477984,60.56668771214833,688.1786127882478
060190017001014,0,46498.0,0.0,1.6868383236104774,2.1630968211182884,53.11625069290467
060190017001015,35,332372.0,0.0,41.42121740966103,31.541122466304106,379.6798674201495
060190017001016,25,166205.0,0.0,20.87638174160743,23.163442700429908,189.8616380578567
060190017001017,16,109184.0,0.0,15.219662904897874,15.621937899881814,124.72460569603217
060190017001018,10,212321.0,0.0,25.191858567761585,28.23785890194049,242.54151712693476
060190017001019,70,393904.0,0.0,78.53590177241423,62.172760851753836,449.9699688790469
060190017001020,280,602753.0,44038.0,109.21700826535567,186.8780335564168,688.5453020323534
060190017001021,50,1354324.0,0.0,114.10185947337477,86.88377647353653,1547.0904792338902
060190017001022,119,997459.0,0.0,97.37897665209323,138.3134909182966,1139.4314228546175
060190017001023,47,648508.0,0.0,76.53332564717905,127.25479501484037,740.8127984935744
060190017001024,5,164108.0,0.0,9.106862119648289,11.915241460885266,187.46616346318552
060190017001025,5,163016.0,0.0,8.934429143557153,10.87012615337412,186.21873463277018
060190017001026,10,160825.0,0.0,8.893190055200751,20.080996400609315,183.71588063328304
060190017001027,15,315460.0,0.0,14.422499644943738,27.98499544195707,360.3607132260249
060190017001028,24,647492.0,0.0,37.586244587501156,36.30404976297736,739.6521870542869
060190017001029,46,646787.0,0.0,135.6506170494139,58.563350214672894,738.8468415181671
060190017001030,32,648083.0,0.0,78.42904196985918,65.23278552370633,740.327306503715
060190017001031,62,646491.0,0.0,58.78874297185615,87.99082480213879,738.5087106264062
060190017001032,21,324290.0,0.0,26.202065066636408,54.83481557584617,370.44752327416353
060190017001033,23,161383.0,0.0,11.461271358947016,10.758651614384513,184.35330305761613
060190017001034,10,159680.0,0.0,8.622320089593464,11.593694355219887,182.407908095897
060190017001035,12,323213.0,0.0,22.507604737631475,18.746822922738353,369.217229455155
060190017001036,35,646787.0,0.0,35.17579421959999,40.41945839426613,738.8468415181671
060190017001037,58,1362173.0,0.0,101.54713411975487,65.94304613185349,1556.0566595360237
060190017001038,16,364008.0,0.0,20.594856600001314,12.83297913576942,415.81874881119285
060190017001039,13,648856.0,0.0,17.310368770342393,19.746493041661218,741.2103307582123
060190017001040,36,648798.0,0.0,25.695903618262353,39.8902305093275,741.1440753807726
060190017001049,0,104435.0,0.0,0.7611657122237486,4.326756877338308,119.29966108463803
060190017001050,0,39869.0,0.0,0.4349795778618377,1.7406713296530671,45.543717985191115
060190017002007,72,30367.0,0.0,0.0,7.538895016958676,34.689259426027704
060190017002008,0,57069.0,0.0,0.0,14.845371319041803,65.19186439832632
060190017002009,12,16192.0,0.0,0.0,4.212032471140523,18.496673646597973
060190017002010,22,30645.0,0.0,0.0,7.458311081008168,35.00682830410047
060190017003000,43,1296447.0,0.0,55.06927165317727,38.26076069479536,1480.9756088877841
060190017003001,69,1413888.0,0.0,60.83597843682532,41.65181401932409,1615.132467196215
060190017003002,17,646710.0,0.0,32.70074492723013,40.4145030986576,738.7588817929455
060190017003003,28,324278.0,0.0,18.927664724199246,22.36352837449846,370.4338152650381
060190017003004,12,325251.0,0.0,28.57872896200846,37.425612245663956,371.5453063382928
060190017003005,62,648163.0,0.0,69.57288348197677,52.641808022963474,740.418693231218
060190017003006,54,648933.0,0.0,78.82716060043128,40.86861757627511,741.2982904834339
060190017003007,27,648070.0,0.0,21.394624421181334,23.50786959685407,740.3124561604958
060190017003008,21,646544.0,0.0,36.579796316495276,31.672999620612487,738.5692543333769
060190017003009,43,323812.0,0.0,25.031520043787342,21.79256128377838,369.9014875773334
060190017003010,18,323633.0,0.0,25.619006524334278,25.769568556448625,369.6970097745455
060190017003011,37,646665.0,0.0,42.296202865316,31.68841270552478,738.7074767587251
060190017003012,39,1295986.0,0.0,39.46023374058527,51.034691818988065,1480.4489928705484
060190017003013,26,1210656.0,0.0,12.541122617313711,38.685583033711175,1382.9736246477096
060190017003014,4,828748.0,0.0,11.479016134434767,23.414565624417175,946.7070955577307
060190017003015,27,490904.0,0.0,20.218750276246727,13.444474152994008,560.7763759763791
060190017003016,13,152089.0,0.0,5.17313628559601,5.836979562627423,173.7364499899604
060190017003017,29,1298319.0,0.0,28.808083364490322,62.56654009841791,1483.1140583113531
060190017003018,26,1299532.0,0.0,28.725315085677227,66.75311838551322,1484.4997095671167
060190017003019,24,613259.0,0.0,17.965970532479183,38.718106553091495,700.5466640216789
060190017003020,16,648697.0,0.0,20.03430746236115,41.21863277457931,741.0286996373002
060190017003021,8,37863.0,0.0,0.0,9.544672789864277,43.25219579305453
060190017004041,13,153005.0,0.0,8.759178681743599,7.084940645148277,174.78282801986924
060190017004042,14,321233.0,0.0,24.37975235659733,15.029424122500043,366.9554079494569
060190017004043,9,321101.0,0.0,16.036873070709014,14.078396247119713,366.804619849077
060190017004044,47,1283290.0,0.0,60.21009569027453,63.02534119738436,1465.9459192158295
060190017004045,31,642832.0,0.0,26.75538710317219,27.845178321174714,734.3289101772398
060190017004046,9,256011.0,0.0,12.52957230259554,13.38240090893386,292.45009368448575
060190017004047,24,428225.0,0.0,18.975468730900456,21.36125027118761,489.17601731190814
060190017004048,10,859563.0,0.0,25.086052517453773,24.630097728862538,981.9081206577749
060190017004049,14,170780.0,0.0,8.60919533818603,4.832256682167645,195.0878165369319
060190017004061,37,655459.0,0.0,17.979069019180564,38.170359152813035,748.7531627794874
060190017004062,7,65319.0,0.0,3.8909681948505344,4.088010057059182,74.61612067206849
060190018001000,5,431385.0,0.0,9.574914584585748,6.084691175437756,492.7857930482748
060190018001001,0,289820.0,0.0,120.54011301223225,25.9411746350466,331.07126706132806
060190018001002,0,25520.0,0.0,13.72281712501726,6.743416022457322,29.152366073442455
060190018001003,11,336824.0,0.0,215.0883905865651,89.13891146157347,384.76553880568895
060190018001004,18,192371.0,0.0,173.68928123513103,42.95280579084141,219.75195195588552
060190018001005,0,48112.0,0.0,14.951709789078434,9.115744136955051,54.95997792027678
060190018001006,32,208511.0,0.0,29.28973352169076,32.58442715474132,238.18922422960657
060190018001007,0,5690.0,0.0,0.43614435616107605,0.10458753163554768,6.499880993647632
060190018001008,4,369252.0,27727.0,23.97914581359858,26.70479335809116,421.8091487990115
060190018001009,0,226870.0,0.0,10.463686772336674,4.169929104386623,259.1613358574408
060190018001010,0,52694.0,0.0,4.11937394958654,4.415882397921241,60.19415273800849
060190018001011,41,433221.0,0.0,55.722826605898845,118.28477977126333,494.88311844446764
060190018001012,58,353481.0,0.0,90.104091724582,85.71507304274938,403.7933978058978
060190018001013,40,351237.0,0.0,59.03529642743395,90.90262872751617,401.23000009943996
060190018001014,0,94808.0,0.0,6.210244195377074,12.856119723200514,108.30241076375127
060190018001015,0,387911.0,0.0,39.18098948113477,29.062876041582513,443.12396065498183
060190018001016,34,493138.0,0.0,128.17622823737568,53.26912860457617,563.3283503418991
060190018001017,29,204858.0,0.0,74.7732979817677,73.97491408381828,234.01627778500293
060190018001018,89,51871.0,0.0,19.076191789396134,19.204978896397712,59.25401177882185
060190018001019,14,144768.0,0.0,8.934049905056677,20.18027366639148,165.3734220893463
060190018001020,26,325627.0,0.0,19.14658335067286,42.70008209869195,371.9748239575567
060190018001021,70,281088.0,0.0,37.882913577819004,94.84498383670233,321.0964057543806
060190018001022,39,589310.0,0.0,48.62311340447377,53.62696760058364,673.1889048095758
060190018001023,82,476247.0,0.0,91.68253480949122,82.93837276174338,544.0331851637441
060190018001024,27,971544.0,0.0,77.94424713550345,244.29442109301075,1109.8278348141291
060190018001025,0,484237.0,0.0,16.310548843936996,47.385764707689916,553.1604345731016
060190018001026,19,482189.0,0.0,13.720308812275459,7.488958716751322,550.8209343490261
060190018001027,22,965782.0,0.0,27.24694070020629,18.115120787709714,1103.2457057657289
060190018001028,72,1293255.0,0.0,49.4542027798371,49.613075262290266,1477.3292784604162
060190018001029,19,124613.0,0.0,3.7113062099508483,2.9566378737911454,142.3496784290707
060190018001030,13,212847.0,0.0,15.672425597475732,7.456980702322367,243.1423848602667
060190018001031,52,469908.0,0.0,38.31096483281397,38.48743277677775,536.7919293432287
060190018001032,0,161588.0,0.0,8.599708943685258,15.479832021614184,184.58748154684244
060190018001033,11,103339.0,0.0,5.097293629151714,3.6757004505404876,118.04766291784756
060190018001034,9,188721.0,0.0,7.90735547451011,5.023728250091048,215.58243251356322
060190018001035,47,634089.0,0.0,29.923278933755434,36.823788896453905,724.3414831952607
060190018001036,28,629789.0,0.0,33.58311785205481,51.774464533721456,719.4294465919769
060190018001037,13,136739.0,0.0,7.569809475154615,9.770576349238942,156.20162165033102
060190018001038,13,491151.0,0.0,26.645722964493736,29.312603923219953,561.0585324975444
060190018001039,35,1287489.0,0.0,53.75351793501956,33.90559080680564,1470.7425800756407
060190018001040,0,86670.0,0.0,6.5221061897136465,3.8232276782868158,99.00609590851323
060190018001041,44,91388.0,0.0,6.949620795144533,6.618151661435595,104.39562816299997
060190018001042,67,1210500.0,0.0,75.92973042979588,77.36662912094893,1382.795420529079
060190018001043,44,653422.0,0.0,36.266951739740975,24.573335315177665,746.4262282304434
060190018001044,32,649066.0,0.0,34.45900961941548,18.082744700549732,741.4502209179076
060190018001045,31,1303549.0,0.0,71.25651311878215,68.12651923155865,1489.0884656218589
060190018001046,35,1305146.0,0.0,52.52965823315284,40.93582102534217,1490.9127731696367
060190018001047,20,623709.0,0.0,32.814986513821864,29.40569179942462,712.4840553017524
060190018002000,16,166963.0,0.0,17.83955042258296,13.284578524515005,190.7275273009472
060190018002001,57,484936.0,0.0,51.24992060544923,105.07427916632244,553.9589261046588
060190018002002,24,286655.0,0.0,23.345710228650667,65.85176672901805,327.4557796544924
060190018002003,0,50032.0,0.0,11.74562922319598,19.938549369799087,57.153259380347684
060190018002004,37,340522.0,0.0,36.07700742996799,71.08292990443753,388.98989028451297
060190018002005,0,15150.0,0.0,4.035947665824441,10.008015686856817,17.30636152087199
060190018002006,0,15834.0,0.0,9.044748343611017,9.804301241792075,18.08771804102225
060190018002007,7,30707.0,0.0,12.55198692321745,14.54437694638891,35.07765301791526
060190018002008,0,23679.0,0.0,9.771645070757364,11.21648711275418,27.049329006780717
060190018002009,17,269344.0,0.0,112.9971644923402,92.47952579986787,307.6808341569469
060190018002010,40,70390.0,0.0,37.32568252026009,40.51098872974143,80.408896861662
060190018002011,16,136087.0,0.0,25.59255708392903,79.53524093992566,155.45681982118194
060190018002012,77,522766.0,0.0,138.45503794738605,183.28143024524067,597.1734248726183
060190018002013,59,22425.0,0.0,9.35611804270809,12.504422869497514,25.616842053171908
060190018002014,37,64271.0,0.0,36.712677741057604,30.911195794215978,73.41895454177978
060190018002015,64,517449.0,0.0,171.987023050632,111.71850233073216,591.0996344959532
060190018002016,26,132560.0,0.0,60.38174193701238,39.364357955684966,151.42780747239544
060190018002017,62,65584.0,0.0,29.418035474334225,28.28449535149825,74.91883920692202
060190018002018,56,18242.0,0.0,7.610840420098892,10.171864716836591,20.83845853886118
060190018002019,57,22195.0,0.0,9.260151620615373,12.376164042744545,25.354105211600913
060190018003000,19,649887.0,0.0,35.3332138778233,35.73681128738638,742.3880772089066
060190018003001,59,650296.0,0.0,17.772391500930716,17.419381165664376,742.8552918532655
060190018003002,14,1292350.0,0.0,34.115213953955745,16.79559279505854,1476.295466105539
060190018003003,26,1242383.0,0.0,20.946702404119065,25.35742737110059,1419.2164584412876
060190018003004,31,1284151.0,0.0,18.00222059189707,22.53769124577123,1466.92946887058
060190018003005,9,1282537.0,0.0,16.98762251327104,13.339190842769714,1465.085741643208
060190018003006,28,651734.0,0.0,12.926106492900155,17.473280972416866,744.4979682801311
060190018003007,10,651288.0,0.0,10.8751414441542,16.2390815185357,743.9884872743021
060190018003008,25,2545838.0,0.0,41.40485228162444,51.05691793963485,2908.1975446583306
060190018003009,27,648204.0,0.0,21.99757460895524,27.980281511736962,740.4655289290632
060190018003010,20,649559.0,0.0,14.612863253535107,17.46356575143218,742.0133916261445
060190018003011,17,648565.0,0.0,28.754471407683628,16.499825744115945,740.8779115369202
060190018003012,31,649304.0,0.0,28.256515701471617,25.08146197766254,741.7220964322288
060190018003013,30,647790.0,0.0,31.997961386213316,42.45149252750259,739.9926026142355
060190018003014,11,647511.0,0.0,51.406442862486756,28.982575044459395,739.6738914020689
060190018003015,37,646853.0,0.0,69.69332528240034,55.46090639144683,738.9222355683571
060190018003016,19,341712.0,0.0,49.79183465963155,39.37177969865668,390.3492678561194
060190018003017,0,23909.0,0.0,3.5258551370022904,2.765468497948812,27.31206584835171
060190018003018,131,282305.0,0.0,43.50352262187895,75.95285461951319,322.4866263465193
060190018003019,109,647949.0,0.0,120.29298482427029,166.50350899113968,740.1742337351475
060190018003020,40,649419.0,0.0,61.74995676841277,57.44435799714101,741.8534648530143
060190018003021,33,576603.0,0.0,38.42058761847857,40.22473713428573,658.6732654798252
060190018003022,0,48924.0,0.0,2.926671712868293,4.0108301608824775,55.88755320443177
060190018003023,78,672877.0,0.0,37.45316364651457,55.07333734114265,768.6503380250681
060190018003024,37,1299443.0,0.0,72.5593641985145,57.27772208735957,1484.3980418327696
060190018003025,8,1040468.0,0.0,36.96438258032225,20.001224514872256,1188.5620698942996
060190018003026,10,252114.0,0.0,11.842805618143686,7.225566393238524,287.9984177209981
060190018003027,34,646216.0,0.0,26.664039121170706,45.096479611513736,738.1945687506147
060190018003028,23,645355.0,0.0,27.605311469571753,26.50857110666625,737.2110190958642
060190018003029,15,648279.0,0.0,22.897318339847075,26.629491048505,740.5512039860972
060190018003030,59,645800.0,0.0,32.001932369335286,47.549395139825144,737.7193577675994
060190018003031,21,1293287.0,0.0,35.951446982935686,14.19871317726817,1477.3658331514173
060190018003032,38,1266998.0,0.0,56.46086040517199,46.45186183761223,1447.3350121598528
060190018003033,12,653040.0,0.0,12.345213692551857,13.648414343145982,745.9898566066167
060190018003034,21,650456.0,0.0,12.61355971107389,15.516877291543858,743.0380653082714
060190018003035,47,1034298.0,0.0,67.11661656006387,55.472454662198395,1181.5138685356342
060190018003036,17,258169.0,0.0,10.461761881289695,15.073170673347837,294.91525065887794
060190018004000,56,577272.0,0.0,106.96434820034673,112.6441889958605,659.4374869885687
060190018004001,17,75441.0,0.0,10.704432803996905,7.056352956057161,86.17882636937979
060190018004002,31,324514.0,0.0,28.037710754215187,26.344247382206145,370.70340611117183
060190018004003,29,325410.0,0.0,36.656623423800646,16.177136594641432,371.7269374592049
060190018004004,41,120338.0,0.0,19.153697613277725,48.990209091901555,137.4662001781316
060190018004005,36,147934.0,0.0,41.09857791685751,79.57532485260157,168.99005183027572
060190018004006,100,161991.0,0.0,48.40838399024916,107.00741878991714,185.04784218663858
060190018004007,27,9392.0,0.0,5.364770774397466,5.592835405081544,10.728801808846846
060190018004008,31,41441.0,0.0,23.62181767042722,16.87093583873983,47.33946718062417
060190018004009,29,41299.0,0.0,21.135054201668016,16.813151268871394,47.177255739306425
060190018004010,49,646095.0,0.0,166.9666786792033,74.04174036853368,738.0563463252665
060190018004011,1,17636.0,0.0,10.07380468083401,11.649707730741063,20.146204078026297
060190018004012,40,17715.0,0.0,10.118932951258744,11.70189567536562,20.236448471435466
060190018004013,47,44407.0,0.0,25.365772587306417,29.333885892067787,50.727630102796205
060190018004014,23,9741.0,0.0,5.56436544712305,6.434831051404813,11.127476407578486
060190018004015,41,18557.0,0.0,10.600251785414764,12.258509975609773,21.19829377840406
060190018004016,22,17781.0,0.0,10.157087907384089,11.746019430135771,20.311842521625405
060190018004017,17,18072.0,0.0,10.32316116636962,11.938072481626238,20.6442617429174
060190018004018,35,18480.0,0.0,10.526401047999894,9.386064632590472,21.110334053182466
060190018004019,0,17391.0,0.0,9.849739219494365,9.136326548721513,19.8663322250485
060190018004020,46,17932.0,0.0,10.150545826368162,9.38585597017901,20.48433496978723
060190018004021,20,162142.0,0.0,91.78197319632068,72.20549349639488,185.22033463480042
060190018004022,43,18268.0,0.0,10.340980155747621,7.436883879721752,20.86815922529964
060190018004023,65,650011.0,0.0,78.14099916632775,107.2858625734205,742.5297266365362
060190018004024,96,323472.0,0.0,122.5129972458387,184.65499723321167,369.51309398544583
060190018004025,29,72315.0,0.0,40.93450146853715,39.8877760373168,82.60788999220185
060190018004026,0,35352.0,0.0,20.0266095261236,16.74442824053486,40.38379488355555
060190018004027,7,17847.0,0.0,10.180629942310002,9.456405149264635,20.38723657181534
060190018004028,32,53753.0,0.0,30.7044652111845,28.58276713273508,61.40388454332885
060190018004029,27,36022.0,0.0,20.576706174567324,17.06208923473654,41.14915872639279
060190018004030,15,36186.0,0.0,20.665758708959626,17.139461769751854,41.33650151777385
060190018004031,41,143401.0,0.0,28.700944677361615,76.30653246841669,163.81185138313955
060190018004032,96,54539.0,0.0,30.872292290315276,28.705242059070255,62.30175914104538
060190018004033,17,9161.0,0.0,3.9678615701263342,4.424365209524238,10.464922633182066
060190018004034,22,9750.0,0.0,4.210551790659329,4.61818985661393,11.137757414422568
060190018004035,56,216701.0,0.0,68.63117100156879,102.64067828461874,247.54494045772154
060190018004036,18,18059.0,0.0,10.315455451137096,8.553562665472846,20.62941139969817
060190018004037,18,17876.0,0.0,10.151060074277689,8.467151256579351,20.420364260535163
060190020001000,0,35215.0,0.0,69.27362381935473,88.67903237423005,40.22729511270674
060190020001001,0,12118.0,0.0,23.972881477973587,35.80135681332616,13.842804548510019
060190020001002,24,49464.0,0.0,99.20637071897292,133.03053732053345,56.50441361507671
060190020001003,0,12907.0,0.0,29.789664854173605,26.105537165660657,14.744106148507907
060190020001004,0,27166.0,0.0,45.63568370681997,52.82903757500897,31.032647991815743
060190020001005,244,137993.0,0.0,207.14350230802302,212.4766912838627,157.63410860393984
060190020001006,0,51734.0,0.0,99.23355536699216,81.37543269554368,59.09751200797304
060190020001007,0,16130.0,0.0,27.054362662669007,24.286278562124362,18.425848932783182
060190020001008,0,62671.0,0.0,104.14348239166921,108.2017918138007,71.59121999172069
060190020001009,0,8798.0,0.0,16.8758025913204,12.809613862030007,10.050255357137411
060190020001010,105,134652.0,0.0,267.8475653974432,251.91812892381887,153.81757039659772
060190020001011,0,80631.0,0.0,205.46504820587853,134.24468080641628,92.10754031613395
060190020001012,0,12821.0,0.0,34.644848023179975,18.667663551083756,14.64586541644223
060190020001013,134,155158.0,0.0,340.2801598059432,247.84836454841408,177.2422733237925
060190020001014,25,13252.0,0.0,24.25454637671081,34.68966533345456,15.138211410864397
060190020001015,18,5219.0,0.0,15.376483028972679,13.663158774814347,5.961841635473988
060190020001016,1282,224659.0,0.0,651.3413900780356,463.3104735583164,256.6356351760779
060190020002000,0,29425.0,0.0,39.928599866677345,62.572095123300635,33.613180709680414
060190020002001,24,333411.0,0.0,460.7285683649831,167.73797449850534,380.86675254359415
060190020002002,0,14994.0,0.0,25.400663713552294,7.760440360973429,17.12815740224123
060190020002003,122,176535.0,0.0,447.1707209578361,199.1092649167589,201.6619492466757
060190020002004,1261,441530.0,0.0,1135.358991901541,1078.2919869386637,504.37477242974325
060190020002005,47,14371.0,0.0,42.33577117900008,37.61850888678369,16.416483261811972
060190020002006,86,39743.0,0.0,117.08235493683938,104.03645633510537,45.399783889373964
060190020002007,37,19844.0,0.0,28.422327297990627,39.69316673130977,22.66847775710784
060190020002008,91,16874.0,0.0,26.005702057387495,42.97572360409775,19.275745498560656
060190020002009,78,38961.0,0.0,114.77831862179308,101.98914721141955,44.50647862803258
060190020002010,20,10178.0,0.0,12.135180921111736,26.644507961268204,11.626676406563375
060190020002011,90,11250.0,0.0,12.829041961643394,24.710561326567426,12.851258555102962
060190020002012,42,19150.0,0.0,39.81445945791018,50.12905304373089,21.87569789601971
060190020002013,67,14289.0,0.0,42.095521367913825,37.40502890515814,16.322811866121445
060190020002014,0,15659.0,0.0,22.429493510585207,15.960125169195331,17.887809574609538
060190020002015,46,678940.0,0.0,866.3782778605729,499.2139527622139,775.5763096356983
060190020002016,19,113395.0,0.0,147.94444005510852,285.9532295625401,129.53497456496893
060190020002017,0,1320.0,0.0,1.6192752711937664,3.768132581526643,1.5078810037987476
060190020002018,0,8277.0,0.0,10.155033637535862,23.634260190916514,9.45509929427442
060190020002019,0,32796.0,0.0,40.28680044856197,62.475625846439975,37.463988939836156
060190020002020,0,3433.0,0.0,4.217653012021096,9.804224852262625,3.921632943970531
060190020002021,55,70836.0,0.0,124.80218364153015,75.14100683650234,80.91837786749097
060190020003000,0,28828.0,0.0,19.46934515234886,37.40119084785185,32.93120725568962
060190020003001,34,9337.0,0.0,5.676227147237288,8.391868324136123,10.665973433688565
060190020003002,16,25112.0,0.0,17.8436407964128,37.38608084775648,28.68629376317739
060190020003003,0,7753.0,0.0,6.24265693517708,8.279523637202178,8.856516229130069
060190020003004,0,6877.0,0.0,5.662495020731038,2.7491767611759146,7.855831562972718
060190020003005,0,12372.0,0.0,8.607319625599382,8.243178827562701,14.1329574083319
060190020003006,0,20367.0,0.0,12.756993185712423,14.981592846420448,23.265918488158405
060190020003007,49,19367.0,0.0,12.245665320272435,14.172414527356933,22.123584394371473
060190020003008,56,36430.0,0.0,22.264720814270095,29.325338244595798,41.61523103665786
060190020003009,0,7815.0,0.0,4.576521624179302,6.561691276397625,8.92734094294486
060190020003010,115,449822.0,0.0,184.9406374395174,180.12344752132356,513.8470067354244
060190020003011,224,66230.0,0.0,37.528584943474314,58.09469563557604,75.65678703150837
060190020003012,39,12517.0,0.0,7.600411242208132,9.558456027741821,14.298595851931003
060190020003013,63,13463.0,0.0,8.174753158284055,10.96534673664323,15.379243904653439
060190020003014,51,20809.0,0.0,12.63557863451632,5.512083375732457,23.770830157612227
060190020003015,0,20938.0,0.0,12.714107507417268,5.546340429354831,23.91819125571074
060190020003016,0,47884.0,0.0,29.07636999601861,12.684134246443655,54.69952574689336
060190020003017,69,11554.0,0.0,6.211465608032834,10.874815618693026,13.19852811961419
060190020003018,53,13321.0,0.0,8.088947215076402,12.018135169858594,15.217032463335695
060190020003019,28,7610.0,0.0,4.547582945976161,6.455935868768826,8.693162453718537
060190020004000,255,78079.0,0.0,108.92753506073325,109.64294146890698,89.19230370878971
060190020004001,172,79532.0,0.0,93.97565622979491,94.79292499249195,90.85211514706212
060190020004002,27,39398.0,0.0,46.509808169822364,55.32439526234968,45.00567862701747
060190020004003,64,39684.0,0.0,47.44703539262088,55.72706061362297,45.33238617784053
060190020004004,65,39999.0,0.0,55.727305986395336,56.16961078600557,45.692221417383415
060190020004005,70,77936.0,0.0,93.49961923505856,109.44175392911711,89.02894993337819
060190020004006,69,77479.0,0.0,91.46553499311082,108.80017806920286,88.50690325251755
060190020004007,43,78827.0,0.0,93.05757255238423,110.69394023825213,90.04676961094233
060190020004008,60,78576.0,0.0,92.76159118942893,77.50605467696604,89.76004375340182
060190020004009,114,17203.0,0.0,20.308233828590975,12.611799842510692,19.651573415416557
060190020004010,49,22237.0,0.0,26.251214762486505,26.160185687260558,25.402083243539963
060190020004011,0,38160.0,0.0,3.6364238842589898,5.803339075674028,43.59146901890925
060190020004012,0,79634.0,0.0,7.968067563937319,23.193769160218977,90.96863322462839
060190020004013,0,207990.0,0.0,24.11524599588776,68.56774301681881,237.59406816674357
060190020005000,0,36427.0,0.0,52.1758735019393,37.56191553457898,41.6118040343765
060190020005001,55,49384.0,0.0,70.73329948914929,59.56350558704075,56.41302688757375
060190020005002,138,74783.0,0.0,107.11392939154926,90.19911665144586,85.42717053566798
060190020005003,96,79185.0,0.0,113.41725524218943,98.86307433574719,90.45572521651806
060190020005004,27,4072.0,0.0,5.831818398914425,5.588375337947552,4.651584429900379
060190020005005,41,11961.0,0.0,17.132179081910444,14.426764364641238,13.66345809578547
060190020005006,81,173764.0,0.0,244.00112737010542,211.4327050275593,198.4965414727921
060190020005007,105,16253.0,0.0,23.279239980487098,19.60311692871776,18.566356026318974
060190020005008,81,18742.0,0.0,26.8448117137423,22.605634178564422,21.409625585754643
060190020005009,0,9819.0,0.0,14.064207054979725,11.843268751022856,11.216578466893866
060190020005010,0,10349.0,0.0,14.823641574030145,12.482777759441026,11.822015536600938
060190020005011,0,3326.0,0.0,4.763348080319482,4.011147677886186,3.799403195935329
060190020005012,32,52028.0,0.0,72.03761429098915,67.65773068994358,59.43335823154639
060190020005013,94,23761.0,0.0,34.03376432892882,31.452216602820066,27.143000402471245
060190021001000,43,20785.0,0.0,56.820279803455925,55.60630689936028,23.74341413936134
060190021001001,48,20351.0,0.0,55.634191275323616,56.545443166893676,23.247641142657812
060190021001002,41,20385.0,0.0,58.19358411598217,56.640176310368595,23.28648050184657
060190021001003,45,20103.0,0.0,68.87686025954707,55.85546355496759,22.964342287398654
060190021001004,44,20283.0,0.0,74.68027713305031,56.354544807672106,23.169962424280303
060190021001005,48,20303.0,0.0,74.75596594306964,56.411660402303255,23.19280910615604
060190021001006,46,20339.0,0.0,74.8894556907292,56.51239320960717,23.23393313353237
060190021001007,47,20234.0,0.0,74.50177152598528,56.219842546004756,23.113988053684743
060190021001008,27,20249.0,0.0,74.55565481814456,56.260503461027405,23.131123065091547
060190021001009,55,20496.0,0.0,74.55667751778165,56.947589023379,23.41327958625692
060190021001010,60,20212.0,0.0,63.441123909532685,56.15843497743351,23.08885670362143
060190021001011,22,5084.0,0.0,13.899135168454633,13.603925459037047,5.807626532812752
060190021001012,45,9269.0,0.0,25.339863355199512,24.795124044655296,10.588294715311054
060190021001013,34,5388.0,0.0,14.90282570263723,14.413721922883573,6.154896097323979
060190021001014,92,20287.0,0.0,70.46947917479108,54.26501066092804,23.174531760655448
060190021001015,55,20285.0,0.0,74.68776452617405,56.36019487550103,23.172247092467877
060190021001016,48,20661.0,0.0,76.07418853678045,57.40640542837502,23.60176471173176
060190021001017,57,20758.0,0.0,76.42996661217062,57.67487941187995,23.712571118829093
060190021001018,59,20404.0,0.0,75.12899315468803,56.69315077055909,23.30818484962852
060190021001019,65,20509.0,0.0,75.5159455978116,56.98514926911307,23.42812992947615
060190021002000,44,20121.0,0.0,68.8860007682347,55.93466200205127,22.984904301086818
060190021002001,67,20353.0,0.0,69.61982449048826,56.81655399434669,23.249925810845387
060190021002002,82,20224.0,0.0,69.15999389910041,56.45902885086642,23.102564712746872
060190021002003,84,20383.0,0.0,69.67341189413865,56.90999300050172,23.284195833658995
060190021002004,48,20234.0,0.0,69.09789808959225,56.51080520445929,23.113988053684743
060190021002005,58,20465.0,0.0,69.86932492600259,57.16236831348615,23.377867229349523
060190021002006,73,20084.0,0.0,66.40540488699042,57.35029640010406,22.942637939616702
060190021002007,68,20355.0,0.0,67.30265318279962,58.12519500657616,23.25221047903296
060190021002008,58,20721.0,0.0,68.51293180743096,59.17043880815287,23.670304757358977
060190021002009,29,20676.0,0.0,68.36390494373391,59.04173339902015,23.618899723138565
060190021002010,57,20620.0,0.0,68.1775623816366,63.709230367189946,23.554929013886497
060190021002011,80,20986.0,0.0,69.38912104045876,64.91229757729093,23.973023292212513
060190021002012,93,19955.0,0.0,65.97979482298447,66.43491293215398,22.795276841518188
060190021002013,55,19952.0,0.0,65.9710779831104,56.97519475416953,22.79184983923683
060190021002014,107,19623.0,0.0,64.88248455644568,56.03504303331678,22.416021922380928
060190021002015,58,19977.0,0.0,66.05297919384248,57.04592783258393,22.820408191581503
060190021002016,61,20298.0,0.0,65.81484382749322,57.962581876684546,23.187097435687107
060190021002017,53,20394.0,0.0,45.10589172291584,58.23487500612289,23.29676150869065
060190021003000,54,20266.0,0.0,58.6822115286722,57.8700748644031,23.150542744685925
060190021003001,58,20241.0,0.0,32.69841440194557,57.7983883170297,23.12198439234125
060190021003002,56,20451.0,0.0,25.122422339095614,20.33311863883671,23.361874552036507
060190021003003,0,20699.0,0.0,25.426796506402077,8.274487117614242,23.645173407295665
060190021003004,104,31929.0,0.0,39.92066357573377,91.17355686966324,36.47358528052289
060190021003005,0,25613.0,0.0,31.46284604514073,46.727568751905814,29.25860314416464
060190021003006,36,8170.0,0.0,10.035632646035014,11.108700881699129,9.332869546239218
060190021003007,78,19932.0,0.0,24.4851685833178,56.91746041037377,22.76900315736109
060190021003008,54,19430.0,0.0,23.868643012952703,55.48430426836759,22.19555144228005
060190021003009,50,14622.0,0.0,17.961745092196416,41.75331330505325,16.70320911935249
060190021003010,64,19957.0,0.0,30.872345129929933,56.98704388086262,22.797561509705762
060190021003011,109,20332.0,0.0,57.27881449728783,58.058950742180095,23.22593679487586
060190021003012,108,19793.0,0.0,65.4449654286557,56.52082344223879,22.610218718324706
060190021003013,66,19862.0,0.0,65.67081493152494,56.715875877404436,22.689039770796004
060190021003014,95,19985.0,0.0,66.07860706461287,66.53923531430661,22.829546864331796
060190021003015,46,15450.0,0.0,51.08318529605491,51.43485017559013,17.64906174900807
060190021003016,70,15817.0,0.0,52.26489817611402,45.16483780966199,18.06829836142787
060190021003017,67,15317.0,0.0,36.477968633630255,43.73847289590846,17.497131314534407
060190021003018,81,17453.0,0.0,21.769258299783644,49.83756872626151,19.93715693886329
060190021003019,0,5853.0,0.0,7.190258112072048,16.71425009967299,6.686081450934902
060190021003020,0,5591.0,0.0,18.486451368860116,18.654802237354218,6.386789918362726
060190021003021,0,4925.0,0.0,13.764212805631718,14.064327370960397,5.625995411900631
060190021003022,0,5266.0,0.0,6.46925965675816,15.038239542644263,6.015531337881973
060190021004000,52,20170.0,0.0,74.265470883235,71.55488886163552,23.04087867168238
060190021004001,75,20410.0,0.0,75.15028010183252,72.40740382649773,23.315038854191243
060190021004002,47,15822.0,0.0,56.260807783092424,56.13095253580553,18.074010031896808
060190021004003,91,29811.0,0.0,60.86067244226553,105.75912941046435,34.05412166988217
060190021004004,126,27775.0,0.0,40.40798730038169,98.53673271846617,31.72832945493198
060190021004005,88,20429.0,0.0,28.312931636722812,42.46091656323835,23.336743201973192
060190021004006,57,48655.0,0.0,66.58906246262138,76.31713883925357,55.58026533320308
060190021004007,30,13929.0,0.0,19.30417172141205,49.35064444510861,15.911571592358149
060190021004008,78,20612.0,0.0,27.977074708083816,73.12462605242345,23.5457903411362
060190021004009,65,15044.0,0.0,18.48040136812106,37.91199086123139,17.185274106930574
060190021004010,81,16270.0,0.0,21.82532150685582,57.71947531185005,18.585775705913353
060190021004011,61,19849.0,0.0,27.509141121421088,70.41590518559042,22.674189427576774
060190021004012,41,21298.0,0.0,29.517761660362115,75.55742642755182,24.329431529474036
060190021004013,69,18539.0,0.0,25.693195773743163,65.7675799303635,21.177731764715897
060190021004014,27,5961.0,0.0,8.504638488545584,21.14806205224708,6.80945353306389
060190021004015,74,20183.0,0.0,56.64487890898298,71.60053875640027,23.05572901490161
060190021004016,73,20160.0,0.0,72.01880479504406,71.51992444197502,23.02945533074451
060190021004017,19,9682.0,0.0,13.487274157226318,34.34783897882899,11.060078696045057
060190021004018,38,17504.0,0.0,34.47250505784527,62.096193431850175,19.995415977646424
060190021005000,51,20332.0,0.0,74.86435710310725,56.49345354394109,23.22593679487586
060190021005001,54,19874.0,0.0,73.17786678794099,55.22080971236536,22.70274777992145
060190021005002,72,20517.0,0.0,75.54344838106864,69.08773944886318,23.437268602226442
060190021005003,66,20168.0,0.0,74.25885349975768,71.54851300306163,23.038594003494804
060190021005004,192,40707.0,0.0,149.88274462057683,140.79299568842578,46.50099395578456
060190021005005,53,20129.0,0.0,74.11380309832826,55.92707737453375,22.994042973837114
060190021005006,57,20404.0,0.0,75.12856623674921,56.69282861366525,23.30818484962852
060190021005007,52,20357.0,0.0,74.95634009662345,56.562864905664036,23.254495147220535
060190021005008,44,20579.0,0.0,75.77316675330475,57.17925113494968,23.508093316041233
060190021005009,49,20473.0,0.0,75.38286883501475,70.89435994693365,23.38700590209982
060190021005010,74,19930.0,0.0,66.04860681871257,69.00565498927502,22.766718489173517
060190021005011,73,17842.0,0.0,42.73662247742933,61.71288082084421,20.381524901346406
060190021005012,59,20676.0,0.0,69.59615223132101,57.77359475632315,23.618899723138565
060190021005013,63,20485.0,0.0,69.87380249157403,57.23277475360184,23.40071391122526
060190021005014,63,22668.0,0.0,32.84189581605755,54.51349565745034,25.89442923796213
060190022001000,33,20357.0,0.0,43.3387827183573,60.62926810942499,23.254495147220535
060190022001001,87,10945.0,0.0,23.301247854584833,32.59753769829315,12.50284665649795
060190022001002,29,10573.0,0.0,22.517609731068344,31.4909381851614,12.07789837360921
060190022001003,62,14443.0,0.0,33.83151024809732,43.01603629672069,16.49873131656463
060190022001004,55,14548.0,0.0,39.005359643787266,43.3276323138432,16.61867639641226
060190022001005,15,10786.0,0.0,27.155225303473003,32.12292314021826,12.321215535585827
060190022001006,42,20003.0,0.0,44.7474906861062,59.57644310797669,22.850108878019963
060190022001007,48,19628.0,0.0,53.420059117816685,58.45865280477427,22.42173359284986
060190022001008,26,11228.0,0.0,30.694824219189652,33.44122299631008,12.82612720503965
060190022001009,64,20546.0,0.0,56.1677175739128,61.19328637199704,23.470396290946265
060190022001010,26,14410.0,0.0,39.39332851594772,42.91802012161799,16.461034291469662
060190022001011,24,11945.0,0.0,31.472939934272297,35.41440831289691,13.64518075028488
060190022001012,46,17875.0,0.0,48.50902512346386,53.23612492825551,20.419221926441374
060190022001013,0,15139.0,0.0,39.152198594772294,44.742205534439556,17.293795845840332
060190022001014,0,14262.0,0.0,36.88266902012223,41.08684940565752,16.291968845589196
060190022001015,11,12797.0,0.0,33.09388910043625,36.86619417307692,14.618449398191343
060190022001016,57,18579.0,0.0,49.01691078129956,55.10519529161755,21.223425128467373
060190022001017,37,16616.0,0.0,42.96961945515307,47.86763893386029,18.981023302363628
060190022001018,14,18848.0,0.0,48.74225897486401,54.29828988512717,21.530712999696057
060190022002000,9,7462.0,0.0,19.298414989819616,21.49820204231994,8.524097007838073
060190022002001,42,14276.0,0.0,36.91855705786496,43.96935579384792,16.307961522902215
060190022002002,66,21499.0,0.0,55.598896563521755,72.89211957693567,24.559040682325207
060190022002003,32,21352.0,0.0,55.21868849939827,72.39365335930955,24.39111757053853
060190022002004,60,20142.0,0.0,55.4826351945759,68.29289696769487,23.008893317056344
060190022002005,78,20327.0,0.0,64.79963017330006,68.91952125986502,23.220225124406927
060190022002006,35,10457.0,0.0,34.57537874197317,35.45455560436441,11.945387618729928
060190022002007,21,10920.0,0.0,36.001628984692395,37.02337545334016,12.474288304153276
060190022002008,38,11876.0,0.0,32.549628270062456,40.26437739464941,13.566359697813581
060190022002009,116,27338.0,0.0,70.69932201987069,87.52237321889571,31.229129455947092
060190022002010,31,13201.0,0.0,42.858500577018575,44.75870811905342,15.079952372081264
060190022002011,26,9723.0,0.0,32.14761118490564,32.965055185905356,11.106914393890321
060190022002012,69,9889.0,0.0,32.69569840224572,33.527079071984595,11.296541853458951
060190022002013,64,20510.0,0.0,67.81490829864012,69.53929427706383,23.429272263569935
060190022002014,29,9889.0,0.0,32.697157791316805,33.52857557015328,11.296541853458951
060190022002015,23,10471.0,0.0,34.62034075809111,35.50066090699708,11.961380296042945
060190022002016,61,19601.0,0.0,64.81036883069478,66.45835588946903,22.390890572317616
060190022002017,56,15561.0,0.0,51.451874402393074,52.76018393209694,17.775860833418417
060190022002018,69,20041.0,0.0,66.2652302616425,67.95021128995847,22.893517573583864
060190022002019,71,14238.0,0.0,47.07588574128965,48.272923374027776,16.26455282733831
060190022002020,22,6118.0,0.0,20.227959346377993,20.7423124634745,6.988799985788438
060190022002021,90,6438.0,0.0,21.286715513838903,21.827990503065642,7.354346895800256
060190022003000,94,23272.0,0.0,63.61945226480851,61.89991134846881,26.584399030609436
060190022003001,83,26393.0,0.0,72.14907368448621,70.19898955361248,30.149623737318443
060190022003002,46,15388.0,0.0,42.06584661947325,40.92886819750299,17.57823703519328
060190022003003,115,31396.0,0.0,97.30559312295348,84.89161217664378,35.864721208534455
060190022003004,160,51776.0,0.0,151.1665901381102,139.89018790477147,59.14549003991209
060190022003005,109,52616.0,0.0,144.5615348837168,142.17691986905663,60.10505067869311
060190022003006,73,20368.0,0.0,67.34291786282017,69.0553021485498,23.26706082225219
060190022003007,43,20180.0,0.0,66.72459487087596,68.42125654451047,23.05230201262025
060190022003008,0,40433.0,0.0,133.6883889336833,137.08779459740703,46.187994414086944
060190022003009,131,20316.0,0.0,67.17417962992032,68.88227326850264,23.20765944937527
060190022003010,68,20238.0,0.0,66.91419775612393,68.61568061974444,23.11855739005989
060190022003011,57,14916.0,0.0,49.31852145644772,50.57258444952256,17.03905534292585
060190022003012,76,15043.0,0.0,49.7397920733298,51.004567064151125,17.18413177283679
060190022003013,0,4848.0,0.0,16.029472858254497,16.43706757351347,5.538035686679037
060190022003014,0,4767.0,0.0,15.762260448374004,16.163060531826805,5.445506625082295
060190022004000,51,12443.0,0.0,32.76516985940178,33.500459176622684,14.214063128990771
060190022004001,19,12521.0,0.0,34.229659272983056,33.30448155489668,14.303165188306151
060190022004002,63,33450.0,0.0,91.4409503361856,88.96943494373016,38.21107543717281
060190022004003,23,16937.0,0.0,46.301604514936635,45.05013974085757,19.347712546469236
060190022004004,38,17245.0,0.0,47.14291948369448,46.45784135495937,19.69955144735561
060190022004005,58,17222.0,0.0,47.07931869852782,46.413666867015166,19.67327776319851
060190022004006,31,17178.0,0.0,46.95951815977931,45.69027094037179,19.623015063071882
060190022004007,28,17551.0,0.0,47.979900167503,46.68307351208785,20.04910568005441
060190022004008,35,17251.0,0.0,47.159438526113874,46.48575628191813,19.70640545191833
060190022004009,56,17140.0,0.0,46.855830904690066,45.589386200414026,19.57960636750798
060190022004010,40,15522.0,0.0,42.4326974182754,41.28580355478096,17.731309803760727
060190022004011,73,29765.0,0.0,81.3668873690175,79.1676591913863,34.00157430156797
060190022004012,53,25094.0,0.0,66.58519677845183,68.9502815197195,28.665731749489222
060190022004013,54,25128.0,0.0,66.66008684636982,69.04852515449674,28.70457110867798
060190022004014,86,26819.0,0.0,71.16429251150568,73.62452377994477,30.636258061271676
060190022004015,55,14712.0,0.0,39.912110715993485,39.8657010714162,16.806019187793314
060190022004016,100,17122.0,0.0,46.805743239346484,46.36436459675929,19.559044353819814
060190022004017,0,12802.0,0.0,33.10845470111261,36.53626576487585,14.624161068660278
060190023001000,88,21023.0,0.0,44.75756863147564,40.967699649905214,24.01528965368263
060190023001001,59,20798.0,0.0,44.27667969116838,61.94134942451682,23.75826448258057
060190023001002,43,20335.0,0.0,43.29258183032532,60.564634867518116,23.229363797157223
060190023001003,52,20622.0,0.0,43.90213910126427,39.988692049447906,23.55721368207407
060190023001004,80,20038.0,0.0,42.65943048564662,39.066273513711586,22.890090571302505
060190023001005,63,20370.0,0.0,43.36661115693955,60.66819901052653,23.269345490439765
060190023001006,56,20390.0,0.0,57.77784791275766,60.483380909993805,23.292192172315502
060190023001007,48,19960.0,0.0,56.374608290536415,40.78071326163817,22.800988511987125
060190023001008,44,15408.0,0.0,37.15328488321825,19.30368099113724,17.601083717069017
060190023001009,0,4336.0,0.0,11.182495662220282,5.431721906413992,4.953160630660129
060190023001010,30,20415.0,0.0,48.30146221623567,25.577396926459482,23.320750524660177
060190023001011,13,4429.0,0.0,10.803991468686078,5.5489688454777415,5.059397701382313
060190023001012,24,16680.0,0.0,53.74669426576629,24.731230458956873,19.054132684365992
060190023001013,0,1480.0,0.0,4.768423431977624,1.854012901689062,1.6906544588046564
060190023001014,0,14103.0,0.0,45.44169138734393,25.64968033772501,16.110337724677073
060190023001015,0,3333.0,0.0,10.741951576384501,9.021516360147116,3.8073995345918377
060190023001016,55,15571.0,0.0,50.17339824740788,24.70609735261897,17.787284174356287
060190023001017,10,10848.0,0.0,34.95363231680443,29.355444729974536,12.392040249400617
060190023001018,17,17751.0,0.0,57.197536263898165,48.03675621655911,20.277572498811796
060190023001019,0,11773.0,0.0,37.93639355779925,31.86048575000718,13.448699286153527
060190023001020,9,11997.0,0.0,38.65766305990726,32.46623644317244,13.7045821231618
060190023001021,53,18516.0,0.0,59.6643061337561,50.108447247690314,21.151458080558797
060190023001022,6,11980.0,0.0,38.60423385839955,32.42136448372598,13.685162443567421
060190023001023,83,14021.0,0.0,45.180263604306745,37.94417470267536,16.016666328986545
060190023001024,12,4515.0,0.0,14.55005974602871,12.219716418056722,5.157638433447989
060190023001025,0,3162.0,0.0,10.189851208116295,8.557840605387169,3.612060404554273
060190023001026,90,16875.0,0.0,54.376830623947114,45.66781590836397,19.276887832654445
060190023001027,0,13045.0,0.0,42.03525772598497,35.30287421064798,14.901748253450503
060190023001028,17,5706.0,0.0,17.784739634923714,15.441036424467796,6.518158339148223
060190023001029,75,18882.0,0.0,60.84138881347617,51.09700789952622,21.569552358884813
060190023001030,0,10980.0,0.0,30.744399888159702,29.715120797846975,12.542828349780493
060190023001031,0,3281.0,0.0,8.537738457585128,8.880248279690688,3.7479981617149174
060190023001032,0,5361.0,0.0,17.2377986057366,14.507551627039778,6.124053076791732
060190023001033,37,38844.0,0.0,114.07306278878637,105.11916404720938,44.37282553905951
060190023001034,0,18747.0,0.0,48.48066347727125,50.73167338445948,21.415337256223577
060190023001035,0,2314.0,0.0,7.455155926806197,6.2611352027493465,2.643361093022956
060190023002000,43,41954.0,0.0,89.31785568460276,124.95219938346177,47.92548457073686
060190023002001,67,21186.0,0.0,45.103391126078975,63.09788650498933,24.2014901109699
060190023002002,52,20563.0,0.0,43.777801753741166,61.24343863134311,23.489815970540644
060190023002003,44,20102.0,0.0,42.79687776410085,59.871164196471206,22.96319995330487
060190023002004,75,20397.0,0.0,43.42304244682862,60.747144185952415,23.300188510972013
060190023002005,57,20529.0,0.0,43.703800565527544,61.139913852860595,23.450976611351887
060190023002006,82,19432.0,0.0,41.66262810019485,57.872722107753994,22.197836110467623
060190023002007,78,20997.0,0.0,51.192935370082814,62.5366454631475,23.98558896724417
060190023002008,42,21283.0,0.0,56.13087774057556,63.11802954646499,24.31229651806723
060190023002009,55,19216.0,0.0,49.03839020680693,56.98797877090347,21.951091946209647
060190023002010,65,20620.0,0.0,55.081077418138015,61.160124872128975,23.554929013886497
060190023002011,16,12653.0,0.0,32.72115442058451,36.45097222558231,14.453953288686026
060190023002012,19,12350.0,0.0,31.938236965405803,35.57881160292134,14.107826058268586
060190023002013,62,20077.0,0.0,53.429499475999634,57.84051477213474,22.934641600960195
060190023002014,22,13179.0,0.0,40.87870429400337,37.788317042829256,15.05482102201795
060190023002015,26,11445.0,0.0,36.87854154175863,30.97205973156322,13.074013703391413
060190023002016,37,10026.0,0.0,32.30512374964357,27.131122343234313,11.45304162430776
060190023002017,18,6867.0,0.0,19.991644317603182,19.623730410360178,7.844408222034849
060190023002018,0,18834.0,0.0,60.68846482071881,50.968576273977604,21.51472032238304
060190023002019,20,19813.0,0.0,61.71086778293487,53.61735839584115,22.633065400200444
060190023002020,96,19784.0,0.0,51.17119243077249,56.82962366582207,22.599937711480624
060190023002021,50,16668.0,0.0,43.10433080561282,48.017705757021936,19.04042467524055
060190023002022,33,16251.0,0.0,42.026480710656045,46.816993723161225,18.5640713581314
060190023003000,10,21225.0,0.0,60.83202184935284,57.43812207623647,24.24604114062759
060190023003001,69,21415.0,0.0,55.38144846815092,61.509884985710784,24.463084618447105
060190023003002,41,11311.0,0.0,29.252282765556235,32.586690949735846,12.920940934823966
060190023003003,53,16723.0,0.0,43.24897976692063,48.17884295906923,19.10325305039883
060190023003004,25,8230.0,0.0,21.283229581494673,23.709261610211115,9.401409591866434
060190023003005,35,19385.0,0.0,50.13202637012021,55.84647403759812,22.14414640805964
060190023003006,95,27214.0,0.0,71.66501234547279,87.21928944845762,31.087480028317515
060190023003007,78,28160.0,0.0,85.3020324101331,92.62658783221134,32.16812808103995
060190023003008,30,9703.0,0.0,25.09245119238727,27.857034148388863,11.084067712014582
060190023003009,24,20176.0,0.0,52.1765236185574,58.1240193668418,23.0477326762451
060190023003010,33,15247.0,0.0,39.43137858098882,43.9260811827546,17.417167927969324
060190023003011,0,31146.0,0.0,80.54680449570196,89.4451581174635,35.57913768508772
060190023003012,124,67527.0,0.0,175.55741815180778,185.8988157101036,77.13839435115003
060190023003013,42,7014.0,0.0,18.138528041689135,20.20610194133688,8.012331333821527
060190023003014,40,11897.0,0.0,30.76727305571564,34.274371900071976,13.590348713783106
060190023003015,16,6396.0,0.0,16.539801060206624,18.425139324637517,7.306368863861205
060190023003016,32,4741.0,0.0,12.260492164462136,13.658040716241805,5.415805938643835
060190023003017,21,4448.0,0.0,11.503368954886982,12.814614572749566,5.081102049164265
060190023003018,47,10027.0,0.0,25.929863745859027,28.885556147091375,11.454183958401547
060190023003019,28,9262.0,0.0,23.95341202250583,26.683812713863674,10.580298376654547
060190023003020,156,35984.0,0.0,93.05864744549595,103.66621329387175,41.105750030828894
060190023003021,100,30044.0,0.0,77.69782907083611,86.55444649188196,34.320285513734525
060190023003022,44,18657.0,0.0,49.95532778013164,53.74797854940926,21.312527187782752
060190023003023,88,17622.0,0.0,50.917807197447445,50.76769897297962,20.130211400713282
060190023003024,0,9123.0,0.0,25.347140468722458,26.821447419828406,10.421513937618164
060190023003025,31,9476.0,0.0,30.770388762088242,31.75409725895569,10.824757872724948
060190023003026,21,7750.0,0.0,25.624058885854357,26.275623106194928,8.853089226848708
060190023003027,40,7084.0,0.0,23.423565585013645,24.01917603517621,8.092294720386612
060190023003028,25,6982.0,0.0,23.086697544790802,22.988612158743607,7.975776642820345
060190023003029,98,15406.0,0.0,50.39848965280977,44.6947779927797,17.598799048881443
060190023003030,0,5067.0,0.0,13.103595834328486,14.597248057723979,5.788206853218375
060190023003031,0,12974.0,0.0,33.55352313624212,36.20835907241275,14.82064253279163
060190023003032,8,40608.0,0.0,105.01762611659643,112.2243997344657,46.38790288049965
060190023003033,0,2652.0,0.0,6.857936710748094,7.639658960535373,3.0294700167229385
060190023003034,0,3461.0,0.0,8.951573373527197,9.97194500596331,3.953618298596565
060190024001000,0,6754.0,0.0,22.30763254723204,19.231524514197293,7.715324469436926
060190024001001,39,34924.0,0.0,115.34482565614154,97.98565871346602,39.89487589141474
060190024001002,0,13580.0,0.0,43.41146108891651,35.67811092922517,15.51289699362651
060190024001003,0,2310.0,0.0,4.005420393933639,5.4740378048304175,2.6387917566478083
060190024001004,53,190675.0,0.0,386.88323250879205,382.5653636521644,217.8145533328229
060190024001005,38,14104.0,0.0,46.58263623555581,40.1591297867772,16.111480058770862
060190024001006,60,20204.0,0.0,66.73010719725828,57.52836791093379,23.079718030871135
060190024001007,57,20746.0,0.0,68.51881693626562,59.07042375758936,23.69886310970365
060190024001008,64,18473.0,0.0,61.012684399714345,52.59934837216432,21.10233771452596
060190024001009,0,3670.0,0.0,12.120603800200955,10.449234745861038,4.192366124198033
060190024001010,4,21580.0,0.0,50.04941601291294,62.84839838882746,24.65156974392195
060190024001011,75,18670.0,0.0,60.5427702335398,53.16009241249295,21.327377531001982
060190024001012,85,20633.0,0.0,56.178584915754875,58.74924467464982,23.569779357105727
060190024001013,88,20527.0,0.0,50.82771660545992,58.4460805785714,23.448691943164313
060190024001014,16,20231.0,0.0,60.885682993366586,62.18537293382029,23.11056105140338
060190024001015,0,12866.0,0.0,27.359777642309723,37.2663695398701,14.697270450662641
060190024001016,87,46002.0,0.0,97.80330942887738,109.47943190360924,52.549652982386355
060190024001017,15,39987.0,0.0,69.33356904340663,78.44665490257536,45.67851340825797
060190024001018,52,19309.0,0.0,33.479844730171806,37.880378321435245,22.05732901693183
060190024001019,0,2826.0,0.0,4.900380054903144,5.544477637056058,3.2282361490418645
060190024001020,0,3230.0,0.0,5.601102905644965,6.337302302119508,3.689739122931784
060190024001021,114,20564.0,0.0,61.821936992305446,45.582110847140434,23.49095830463443
060190024001022,134,20402.0,0.0,42.249030860414685,40.02545774119826,23.305900181440947
060190024001023,13,15666.0,0.0,32.416072372289456,30.734485768176327,17.895805913266045
060190024001024,26,20190.0,0.0,35.00713314440542,39.608410915474614,23.063725353558116
060190024001025,13,4597.0,0.0,9.480567225025899,9.01864971352968,5.251309829138517
060190024001026,0,20579.0,0.0,61.86845902294072,45.618712933165085,23.508093316041233
060190024002000,165,92453.0,0.0,277.9438664005412,349.45981561575036,105.61221397288304
060190024002001,0,11141.0,0.0,33.49254794755953,42.110300118617914,12.726744138880187
060190024002002,30,90749.0,0.0,275.4405419572891,286.47605023172247,103.66567667707011
060190024002003,29,7692.0,0.0,23.124300313569528,23.702620463821,8.786833849409065
060190024002004,81,15192.0,0.0,47.49299860567348,46.8148003252168,17.35433955281104
060190024002005,23,7259.0,0.0,21.82393304944178,22.369732060399315,8.292203186799325
060190024002006,8,7493.0,0.0,22.52697142856404,23.090352863877477,8.559509364745466
060190024002007,45,7735.0,0.0,23.253286592047303,23.83483258537027,8.835954215441904
060190024002008,31,7552.0,0.0,22.70428073674459,23.272096535232585,8.626907076278895
060190024002009,0,13521.0,0.0,41.745736834890046,42.009224095101686,15.445499282093081
060190024002010,0,1006.0,0.0,3.0253198304222955,3.803745424604879,1.1491880983496516
060190024002011,0,9100.0,0.0,27.356105440456293,34.394929044450635,10.395240253461063
060190024002012,37,89186.0,0.0,268.12566211037273,337.11535230611366,101.88020848848114
060190024002013,57,23746.0,0.0,71.38739760153277,89.75562989099774,27.12586539106444
060190024002014,42,9839.0,0.0,29.579262084219895,37.19011183036962,11.239425148769605
060190024002015,10,9565.0,0.0,28.756440982760974,36.15557592164692,10.926425607071986
060190024002016,0,12611.0,0.0,37.98496164502725,47.46302749136527,14.405975256746975
060190024002017,92,149544.0,0.0,469.5645473845054,462.591982465404,170.82920972127266
060190024002018,17,16572.0,0.0,53.39914988926727,51.066708237057206,18.930760602237005
060190024002019,56,15536.0,0.0,50.06134080957051,47.87469258180174,17.747302481073746
060190024002020,36,7924.0,0.0,23.951701674726202,24.419263807055348,9.051855359167634
060190024002021,39,7720.0,0.0,23.210090920684134,23.79055662501179,8.8188192040351
060190024002022,34,15581.0,0.0,46.842970190573595,48.014475195762486,17.798707515294158
060190024002023,66,7777.0,0.0,23.379488301016092,23.964190497566964,8.883932247380955
060190024002024,55,7559.0,0.0,22.724826723897117,23.293156360997138,8.634903414935405
060190024002025,63,7756.0,0.0,23.31589458781436,23.899006356751205,8.85994323141143
060190024003000,78,23671.0,0.0,74.87590782645051,69.2798557825122,27.04019033403042
060190024003001,100,16559.0,0.0,53.35828395495097,48.2595478000587,18.915910259017775
060190024003002,90,15451.0,0.0,49.785651602433724,41.81196193616722,17.650204083101855
060190024003003,15,15958.0,0.0,51.42128611174912,43.185632575071416,18.22936746865183
060190024003004,84,17203.0,0.0,55.43335822264658,50.138257456329704,19.651573415416557
060190024003005,83,18165.0,0.0,58.38801198685531,55.97422916081659,20.750498813639584
060190024003006,103,17452.0,0.0,54.769635327786965,53.779110535756246,19.936014604769504
060190024003007,81,18576.0,0.0,59.85747337832894,57.242936173276355,21.219998126186013
060190024003008,117,17489.0,0.0,56.35327739210903,50.966040873095295,19.97828096623962
060190024003009,32,15997.0,0.0,51.54610847350677,43.29046333796412,18.27391849830952
060190024003010,66,16855.0,0.0,54.3115349427555,45.61297800931665,19.254041150778704
060190024003011,98,50245.0,0.0,161.90338266202127,147.06188527017696,57.3965765423243
060190024003012,0,15983.0,0.0,51.50240537825078,46.53996002017936,18.2579258209965
060190024003013,218,68326.0,0.0,220.1666960378487,193.74248578166691,78.05111929208579
060190024003014,121,19345.0,0.0,62.33542941419275,56.37154478351005,22.09845304430816
060190024003015,112,20510.0,0.0,66.08740260382868,63.20074596530179,23.429272263569935
060190024003016,61,20596.0,0.0,66.36488471111801,60.00410032001855,23.52751299563561
060190024003017,114,22135.0,0.0,71.32628519643622,68.21079742491611,25.285565165973697
060190024004000,31,20472.0,0.0,35.49688480283498,40.16253469515102,23.38586356800603
060190024004001,46,20178.0,0.0,34.986812656100525,30.34197521338759,23.050017344432675
060190024004002,25,80667.0,0.0,139.8705645858502,121.07025603299061,92.14866434351029
060190024004003,0,41797.0,0.0,72.47320589738268,52.365728804589104,47.74613811801232
060190024004004,0,107702.0,0.0,210.14138596041118,134.93362779399638,123.03166656903994
060190024004005,16,77267.0,0.0,164.49657304659772,96.80361072162638,88.26472842463473
060190024004006,0,21211.0,0.0,45.156754861572054,26.574030316323018,24.230048463314574
060190024004007,50,10226.0,0.0,21.771382221858733,12.812111343374522,11.681508443065146
060190024004008,30,6222.0,0.0,13.245854975362477,7.7949744785678865,7.107602731542278
060190024004009,0,6976.0,0.0,14.850924091826277,8.739532064502837,7.968922638257624
060190024004010,0,9331.0,0.0,19.865615115220333,11.690597784153784,10.659119429125845
060190024004011,52,7911.0,0.0,16.84116780197038,9.910758758103187,9.037005015948404
060190024004012,63,30657.0,0.0,65.26590416267702,38.4079440862822,35.02053631322591
060190024004013,104,70639.0,0.0,122.48142446160196,138.58017363421527,80.69333805101495
060190024004014,52,11034.0,0.0,19.13227071865853,21.646983694574136,12.604514390844987
060190024004015,32,37748.0,0.0,80.66647467374452,48.52298378410856,43.120827372269034
060190024004016,101,20578.0,0.0,35.68031432171884,40.370073876608984,23.506950981947448
060190024004017,59,15797.0,0.0,27.39444175090938,24.099393926894074,18.045451679552134
060190024004018,82,18937.0,0.0,34.504610661271414,28.906984841095372,21.632380734043092
060190024004019,86,20382.0,0.0,35.34120422820324,39.986391731768805,23.28305349956521
060190024004020,108,20412.0,0.0,42.08523428324716,40.045620232912405,23.317323522378818
060190024004021,113,19101.0,0.0,43.53532840113041,29.17879678733452,21.819723525424152
060190024004022,52,11111.0,0.0,35.697602739188184,18.2054633691862,12.69247411606658
060190024004023,39,15713.0,0.0,47.61751643785526,33.73471872708217,17.94949561567403
060190024004024,32,5377.0,0.0,16.202845438476803,13.371238406111047,6.142330422292323
060190024004025,39,8664.0,0.0,27.91895898824231,18.476966652377346,9.897182588569962
060190024004026,0,6949.0,0.0,22.393978405992918,11.510576721173168,7.938079617725377
060190024004027,28,7774.0,0.0,25.04893612739052,14.4141077149519,8.880505245099593
060190025011000,0,11499.0,0.0,37.97699201698928,32.740159736978796,13.13569974445591
060190025011001,0,69740.0,0.0,230.33362789786486,198.57180281156394,79.6663797007005
060190025011002,80,20491.0,0.0,67.67630321818122,58.34408835697786,23.407567915787983
060190025011003,109,20471.0,0.0,67.61024109946123,58.287135865361684,23.384721233912245
060190025011004,89,18661.0,0.0,61.631243181490014,53.132611072722234,21.3170965241579
060190025011005,74,18676.0,0.0,61.68373856975313,53.17786761637952,21.334231535564705
060190025011006,0,3046.0,0.0,10.061414747299978,8.673997294446872,3.479549649674989
060190025011007,0,2934.0,0.0,9.687986128784846,8.352062565780756,3.351608231170853
060190025011008,90,19242.0,0.0,63.55143435280514,54.78801773700648,21.980792632648107
060190025011009,78,19190.0,0.0,63.38147566282188,54.641495478049,21.921391259771188
060190025011010,64,20247.0,0.0,66.8701034679355,57.64905941442366,23.128838396903973
060190025011011,106,20118.0,0.0,66.44608226245066,57.283508556861555,22.98147729880546
060190025011012,69,20427.0,0.0,74.2313635786763,58.16319911682352,23.33445853378562
060190025011013,77,20492.0,0.0,74.66459793323921,58.347311230731805,23.40871024988177
060190025011014,51,13907.0,0.0,58.22729933068727,41.381960812273576,15.886440242294835
060190025011015,26,6442.0,0.0,28.75001746374567,21.105370952346004,7.358916232175403
060190025011016,69,9912.0,0.0,44.68827825403352,28.22338310751196,11.32281553761605
060190025011017,30,10604.0,0.0,47.80594502364642,34.66806894382075,12.113310730516606
060190025012000,0,20624.0,0.0,95.3604194992689,95.0683755306587,23.559498350261645
060190025012001,66,15058.0,0.0,49.757066869809265,67.91123454561554,17.201266784243593
060190025012002,63,15372.0,0.0,62.731613337559374,71.78538934403672,17.55995968969269
060190025012003,49,15040.0,0.0,74.297217958374,70.2340496484061,17.180704770555426
060190025012004,60,14698.0,0.0,72.74106631427313,68.63528471076694,16.7900265104803
060190025012005,83,20356.0,0.0,92.35223334610808,95.0595186994802,23.25335281312675
060190025012006,67,20098.0,0.0,66.3780833396891,92.41576010949844,22.95863061692972
060190025012007,93,19075.0,0.0,63.0014603165027,87.62196160268064,21.790022838985692
060190025012008,82,19405.0,0.0,75.94045125335904,90.61874552614601,22.166993089935378
060190025012009,0,3015.0,0.0,10.778763547692103,14.077564187164057,3.444137292767594
060190025012010,0,2888.0,0.0,9.539886734857323,13.263096355856396,3.299060862856654
060190025012011,53,19300.0,0.0,63.74313334212019,88.6136763579151,22.04704801008775
060190025012012,53,19346.0,0.0,64.5834129460448,90.34111941077688,22.099595378401947
060190025012013,87,20110.0,0.0,66.41867562480647,93.90963210511713,22.972338626055162
060190025012014,74,20373.0,0.0,67.28588647772028,93.65013062754122,23.272772492721124
060190025012015,82,20116.0,0.0,72.87122856942585,92.64316412161926,22.979192630617884
060190025012016,94,20015.0,0.0,72.43002643714999,93.46446655747775,22.863816887145404
060190025012017,41,10574.0,0.0,47.67412112285439,49.38076809197264,12.079040707702998
060190025012018,34,10592.0,0.0,47.754126832686666,48.843692596572275,12.099602721391163
060190025012019,52,10004.0,0.0,45.10036759492172,44.014811965949804,11.427910274244448
060190025012020,59,9980.0,0.0,44.99207764280153,44.399690860199,11.400494255993562
060190025013000,630,204503.0,0.0,978.4978993434514,951.4587707812865,233.61074918170854
060190025013001,109,81455.0,0.0,403.1325692715856,380.37823845742923,93.04882360941438
060190025013002,0,1574.0,0.0,7.788228185265149,7.348631054961664,1.798033863620628
060190025013003,0,1318.0,0.0,6.524246096612332,6.147435235110193,1.505596335611174
060190025013004,0,1259.0,0.0,6.228987664525982,5.846821898911368,1.438198624077745
060190025013005,0,1227.0,0.0,6.071617493430532,5.6991068267116995,1.401643933076563
060190025013006,332,40071.0,0.0,198.31515897456862,186.14797087848058,45.774469472136076
060190025014000,0,1231.0,0.0,6.092409545267962,5.718623228180706,1.4062132694517109
060190025014001,0,1068.0,0.0,5.284245728296017,4.960042515316355,1.2200128121644414
060190025014002,0,1155.0,0.0,5.7153689533574745,5.385897275536492,1.3193958783239041
060190025014003,0,1324.0,0.0,6.5525111542703955,6.182662578807686,1.5124503401738953
060190025014004,553,69528.0,0.0,300.6492326735727,324.5957652494823,79.42420487281767
060190025014005,49,10628.0,0.0,47.91629832546163,47.52695979365723,12.140726748767493
060190025014006,718,69155.0,0.0,317.8799949059153,321.99676349362187,78.99811425583515
060190025014007,131,10219.0,0.0,31.568809322919616,44.96221988092543,11.673512104408639
060190025014008,0,69756.0,0.0,315.7850634398737,324.0524136349005,79.6846570462011
060190025014009,181,39585.0,0.0,195.91186403785176,183.8921247888242,45.21929510255563
060190025014010,167,33883.0,0.0,130.1387927118191,154.40436323448222,38.70570609978255
060190025014011,59,6351.0,0.0,18.903258737699282,26.63291617633644,7.254963829640793
060190025014012,36,10968.0,0.0,32.64630526606826,44.94950415902251,12.529120340655048
060190025021000,214,19968.0,0.0,90.02176158986255,75.47461307731511,22.810127184737418
060190025021001,62,19933.0,0.0,73.52520281332879,75.34407639522442,22.770145491454876
060190025021002,75,20158.0,0.0,63.33009146369096,76.19319668478335,23.027170662556937
060190025021003,179,20388.0,0.0,91.30768233382454,77.06290884072436,23.289907504127928
060190025021004,0,39555.0,0.0,138.90004315538354,149.6238168618535,45.18502507974202
060190025021005,0,11246.0,0.0,38.218580433495916,42.624406203347526,12.846689218727816
060190025021006,30,45890.0,0.0,145.88909015144648,173.58677379446257,52.42171156388222
060190025021007,54,12955.0,0.0,39.231297494606764,48.96904741686886,14.798938185009678
060190025021008,104,12706.0,0.0,38.1976908594558,48.0260931013186,14.514496995656733
060190025021009,139,13007.0,0.0,39.10225925830386,49.163410178924984,14.858339557886598
060190025021010,111,27216.0,0.0,81.82035865443379,102.8730290733889,31.08976469650509
060190025021011,207,27611.0,0.0,83.00996635236136,104.3687270794523,31.540986663550925
060190025021012,180,27330.0,0.0,82.16189539914758,103.30244444196438,31.2199907831968
060190025021013,165,27243.0,0.0,81.90153865113273,102.97509697308925,31.120607717037334
060190025022000,67,20545.0,0.0,92.6263681366026,86.07155988967378,23.469253956852477
060190025022001,84,20113.0,0.0,90.6774992612884,83.95698227104292,22.975765628336525
060190025022002,158,20379.0,0.0,91.87515936062412,85.07463079901451,23.279626497283846
060190025022003,213,20073.0,0.0,90.49924939982253,84.09496908266723,22.930072264585046
060190025022004,0,34731.0,0.0,156.5805505110435,145.44609716840975,39.67440541131387
060190025022005,0,9984.0,0.0,45.01188337674609,41.82656724805398,11.405063592368709
060190025022006,0,34125.0,0.0,153.85540713176582,142.91846210523047,38.98215095047899
060190025022007,201,40766.0,0.0,135.5966830857094,169.5473136924254,46.56839166731799
060190025022008,62,9458.0,0.0,42.64092560163557,39.62339294421694,10.804195859036785
060190025022009,50,9151.0,0.0,41.25795619472503,38.33829090980554,10.453499292244198
060190025022010,47,9162.0,0.0,41.30631050027938,38.38322336899801,10.466064967275853
060190025022011,0,59331.0,0.0,258.4555057324529,248.56116527725274,67.77582411847234
060190025022012,196,15541.0,0.0,64.79221422968845,65.10750667500481,17.75301415154268
060190025022013,89,15532.0,0.0,47.43409648583961,65.06880035012229,17.742733144698597
060190025022014,0,3692.0,0.0,16.644519038313152,15.466651085015028,4.217497474261346
060190025023000,36,20210.0,0.0,60.15556010469851,66.18488790629618,23.086572035433857
060190025023001,107,20399.0,0.0,60.720188761069956,66.80610869229811,23.302473179159588
060190025023002,116,20678.0,0.0,81.44474049105376,81.71276958204518,23.62118439132614
060190025023003,158,20967.0,0.0,94.5285038401842,87.83908883874864,23.95131894443056
060190025023004,106,19363.0,0.0,87.29649434829791,81.11886056438102,22.119015057996325
060190025023005,72,91189.0,0.0,336.62675739641907,327.07824928215575,104.16830367833636
060190025023006,110,20357.0,0.0,62.19256493146639,66.66755493645533,23.254495147220535
060190025023007,104,19493.0,0.0,86.48620892988018,76.74983634461285,22.26751849018863
060190025023008,0,22925.0,0.0,90.84703180100924,83.66879392683205,26.188009100065372
060190025023009,55,99084.0,0.0,399.554100033572,370.44856615309607,113.18703134878417
060190025023010,105,19923.0,0.0,89.81999732879301,78.46799662768359,22.758722150517006
060190025023011,68,22199.0,0.0,94.84657512286287,72.69862736153347,25.35867454797606
060190025023012,142,35291.0,0.0,142.93934629022266,115.57611652466625,40.31411250383455
060190025023013,91,20371.0,0.0,91.838736955077,80.17883839565584,23.270487824533554
060190025023014,109,20304.0,0.0,91.53711343581986,85.05938751263245,23.193951440249826
060190025023015,206,40742.0,0.0,183.68579427919897,165.5257343636364,46.54097564906711
060190025023016,45,8657.0,0.0,39.028837826783764,28.350680147216696,9.889186249913454
060190025023017,93,22760.0,0.0,102.59601717009556,74.5378030710237,25.999523974590527
060190025023018,35,8701.0,0.0,36.82696485546349,28.493686926956762,9.939448950040079
060190025023019,11,20851.0,0.0,94.00279138321056,68.28394643158038,23.818808189551277
060190025023020,32,12665.0,0.0,57.097724717555124,41.47598085768137,14.46766129781147
060190025023021,39,18789.0,0.0,84.70776762197251,61.53200965126464,21.46331528816263
060190025023022,130,40377.0,0.0,182.03170505093493,163.94358782806904,46.124023704834876
060190026011000,50,14692.0,0.0,60.61177231975081,57.588655188190025,16.783172505917577
060190026011001,69,14710.0,0.0,60.78578993306632,56.71012336853377,16.80373451960574
060190026011002,39,14466.0,0.0,59.956659902014856,55.8585046859252,16.52500500072173
060190026011003,74,14718.0,0.0,72.97823000856434,85.79547848928368,16.812873192356037
060190026011004,74,14828.0,0.0,73.52823017961387,86.44207580794767,16.9385299426726
060190026011005,111,14858.0,0.0,73.67335468558274,81.83222774269763,16.972799965486207
060190026011006,68,14550.0,0.0,72.14757412836032,80.16579683966415,16.620961064599832
060190026011007,59,14478.0,0.0,71.79215284297845,84.40108925930767,16.53871300984717
060190026011008,59,14503.0,0.0,71.9150153225945,84.54553021417601,16.567271362191846
060190026011009,83,14940.0,0.0,74.08181451631599,87.09288678330233,17.066471361176735
060190026011010,81,14892.0,0.0,73.84433528421793,86.81369880701506,17.011639324674963
060190026011011,91,15033.0,0.0,74.54410382574467,82.91360240780315,17.17270843189892
060190026011012,66,14733.0,0.0,73.05494587019221,81.3749730379495,16.83000820376284
060190026011013,89,14500.0,0.0,71.90096459630449,84.5290117430507,16.563844359910487
060190026011014,71,14382.0,0.0,72.79739371928551,83.84197499813081,16.42904893684363
060190026011015,81,14375.0,0.0,75.95438309523044,83.79879440795543,16.42105259818712
060190026011016,72,14963.0,0.0,74.22272365541797,87.22605412620503,17.092745045333835
060190026011017,135,14686.0,0.0,72.82242800868353,81.35724956724701,16.776318501354854
060190026011018,95,14453.0,0.0,71.66846769679205,80.1126811814229,16.5101546575025
060190026011019,72,14578.0,0.0,74.33139149522947,84.9845453118927,16.652946419225866
060190026011020,76,13936.0,0.0,74.90808643696977,81.23933091088962,15.919567931014656
060190026011021,48,14353.0,0.0,77.1469675056087,83.6674425962459,16.395921248123805
060190026011022,47,15315.0,0.0,81.43020831009801,89.27856548166855,17.494846646346833
060190026011023,72,15341.0,0.0,76.22794123188437,85.16251913464568,17.524547332785293
060190026012000,59,16822.0,0.0,78.02252685571332,65.45551564164134,19.216344125683737
060190026012001,45,16558.0,0.0,76.79870536392768,69.3488640074006,18.91476792492399
060190026012002,52,15498.0,0.0,72.20396518862786,64.91551474307249,17.70389378550984
060190026012003,36,14794.0,0.0,62.03912355252277,61.96452305056896,16.899690583483842
060190026012004,32,14807.0,0.0,61.07673681183008,62.01639835362086,16.914540926703072
060190026012005,68,14786.0,0.0,73.3199320290501,61.51269988887683,16.890551910733546
060190026012006,52,14671.0,0.0,72.74858781725614,61.033363314759384,16.75918348994805
060190026012007,97,15531.0,0.0,75.4926273996434,64.60886881608378,17.741590810604812
060190026012008,53,15957.0,0.0,75.57415886305714,66.38218906069797,18.22822513455804
060190026012009,77,16494.0,0.0,78.49325705657586,68.61472080760244,18.841658542921625
060190026012010,65,15967.0,0.0,79.04954352210545,66.42212084445872,18.239648475495912
060190026012011,85,14830.0,0.0,73.53709647470154,61.69489279334649,16.940814610860173
060190026012012,73,14600.0,0.0,72.39417998547005,60.736028306506945,16.678077769289178
060190026012013,64,14490.0,0.0,71.8480371617333,60.27783476099641,16.552421018972616
060190026012014,59,14617.0,0.0,72.47902127222396,60.80720699510983,16.697497448883556
060190026012015,66,15649.0,0.0,77.59557492817542,65.09980548496083,17.876386233671667
060190026012016,73,16187.0,0.0,78.70624140646672,67.34102568115775,18.490961976129036
060190026012017,110,16306.0,0.0,80.72808549312757,67.83309091991951,18.62689973328968
060190026012018,76,16054.0,0.0,79.60733741814656,66.78759949770298,18.339031541655373
060190026012019,87,58996.0,0.0,292.53600247042374,245.42684136048072,67.39314219705372
060190026012020,61,15943.0,0.0,79.05521884327358,66.32439251892703,18.212232457245026
060190026012021,81,15304.0,0.0,75.88732071671417,63.6666436456687,17.482280971315177
060190026012022,72,15449.0,0.0,76.60704982107693,64.27046963367447,17.64791941491428
060190026012023,65,16134.0,0.0,80.00148663364847,67.11827605090818,18.43041826915833
060190026012024,60,16886.0,0.0,83.73309531132297,70.24895714048657,19.2894535076861
060190026012025,47,15990.0,0.0,79.28664044248413,66.51854664572575,18.265922159653012
060190026012026,61,15169.0,0.0,75.21938384188665,63.10626941469287,17.32806586865394
060190026012027,97,14631.0,0.0,72.54726391636454,60.86446003902945,16.713490126196575
060190026012028,66,14747.0,0.0,73.12267107539097,61.347205274978116,16.846000881075856
060190026012029,34,15273.0,0.0,75.7330443070509,63.53721146774757,17.446868614407784
060190026013000,39,21141.0,0.0,97.96146689855632,69.85664491356509,24.150085076749487
060190026013001,63,20739.0,0.0,96.15541950722388,68.87394987699972,23.69086677104714
060190026013002,73,20134.0,0.0,95.35771753341162,90.72736581695679,22.999754644306048
060190026013003,144,20897.0,0.0,98.97258903442543,94.1667074616313,23.871355557865478
060190026013004,91,21159.0,0.0,100.20954980144472,95.3436042552365,24.17064709043765
060190026013005,82,20453.0,0.0,96.86881521366078,92.1650880650075,23.36415922022408
060190026013006,87,16100.0,0.0,76.25121431359473,68.85665905460186,18.391578909969574
060190026013007,102,15899.0,0.0,75.30058727727489,68.0453149704868,18.1619697571184
060190026013008,121,16106.0,0.0,76.28197601291275,68.82912420972528,18.398432914532297
060190026013009,94,20286.0,0.0,96.0779021186205,91.41257989304962,23.173389426561663
060190026013010,116,20950.0,0.0,99.22002620860005,94.4021296550179,23.931899264836183
060190026013011,85,21028.0,0.0,99.59074631871883,94.7548484481734,24.021001324151566
060190026013012,134,20443.0,0.0,96.82161285620327,92.12017774559921,23.35273587928621
060190026013013,87,16293.0,0.0,77.51701800605144,69.60331546570976,18.61204939007045
060190026013014,78,16150.0,0.0,78.48939525177954,68.95985662668976,18.44869561465892
060190026013015,100,20300.0,0.0,96.14131416859198,91.47291279953882,23.18938210387468
060190026013016,66,20808.0,0.0,98.5513230334066,93.76589716992848,23.76968782351844
060190026013017,64,20853.0,0.0,98.76160461011335,93.96596795630983,23.82109285773885
060190026013018,96,20100.0,0.0,95.50722542203634,90.57257731072626,22.960915285117295
060190026013019,76,16340.0,0.0,80.87765494026547,69.74472564741279,18.665739092478436
060190026013020,41,16900.0,0.0,83.80056431170884,72.13883549045676,19.305446184999116
060190026013021,94,26143.0,0.0,125.88210356759228,117.80270550081565,29.86404021387171
060190026013022,48,16851.0,0.0,79.80974184689202,75.93436411439659,19.24947181440356
060190026021000,29,6325.0,0.0,31.364799839164988,26.31390218442683,7.225263143202333
060190026021001,36,6636.0,0.0,32.9036120488007,27.604908477219865,7.580529046370068
060190026021002,119,108093.0,0.0,558.623368310459,550.1616641306204,123.47831919971063
060190026021003,79,15429.0,0.0,76.50523214714426,64.18504838672727,17.625072733038543
060190026021004,45,15437.0,0.0,76.54822036897313,64.22111390827017,17.63421140578884
060190026021005,0,18665.0,0.0,76.01311460651888,65.87788969389439,21.32166586053305
060190026021006,42,18738.0,0.0,76.45195729574891,66.23988978434926,21.405056249379495
060190026021007,61,18968.0,0.0,77.4217225245428,67.07712800626612,21.66779309095049
060190026021008,55,18572.0,0.0,76.52940456342279,65.59064687486313,21.215428789810865
060190026021009,62,18726.0,0.0,80.83269039545314,84.30798238916832,21.39134824025405
060190026021010,145,36415.0,0.0,157.77761509899773,172.53489282957068,41.59809602525106
060190026021011,86,40852.0,0.0,137.34013880892968,148.30653403881934,46.666632399383666
060190026021012,21,20914.0,0.0,70.3088412167873,73.09700934797182,23.890775237459856
060190026021013,28,20655.0,0.0,69.26728928651316,60.00331206511165,23.59491070716904
060190026021014,32,20716.0,0.0,67.87431552209,60.1779723980811,23.664593086890044
060190026021015,42,20502.0,0.0,66.97969549821791,59.55793727935821,23.42013359081964
060190026021016,23,20931.0,0.0,68.38023281799184,60.80328653375599,23.910194917054234
060190026022000,45,7120.0,0.0,33.720184042731944,32.08280936451852,8.133418747762942
060190026022001,0,6204.0,0.0,29.791663100662426,27.957324160732774,7.087040717854114
060190026022002,34,6223.0,0.0,30.85691336592381,28.041382634287235,7.108745065636065
060190026022003,42,6430.0,0.0,31.88270727321235,26.981023693192437,7.34520822304996
060190026022004,48,15720.0,0.0,77.94988647560473,65.97586761238229,17.95749195433054
060190026022005,48,14654.0,0.0,72.66251115369202,66.03243993545304,16.739763810353672
060190026022006,41,14899.0,0.0,72.9218615854869,67.13911568372227,17.01963566333147
060190026022007,57,17285.0,0.0,81.8619341996306,77.88679321851595,19.745244811107085
060190026022008,50,21228.0,0.0,93.38003483025767,80.56190869753657,24.249468142908952
060190026022009,55,18446.0,0.0,75.03992392583143,69.94446758302502,21.07149469399371
060190026022010,45,18132.0,0.0,73.68461040668564,68.68858029231554,20.712801788544617
060190026022011,45,19034.0,0.0,77.41990126478035,67.62761674908255,21.743187141140428
060190026022012,22,20633.0,0.0,67.40734618169638,60.299835661991175,23.569779357105727
060190026022013,61,19774.0,0.0,64.5992447200067,61.150673772132535,22.588514370542754
060190026022014,55,19879.0,0.0,64.94353876556153,61.47658799841593,22.708459450390382
060190026022015,60,22978.0,0.0,78.48909127954629,71.06170791275919,26.248552807036077
060190026022016,51,22953.0,0.0,74.98666375619293,70.98357004776872,26.219994454691406
060190026022017,31,19975.0,0.0,65.25745731167136,61.77374829320555,22.81812352339393
060190026022018,44,20573.0,0.0,67.21085156179305,63.622862397484795,23.50123931147851
060190026022019,47,20840.0,0.0,68.08448765792976,60.87323573975368,23.80624251451962
060190026022020,45,17718.0,0.0,57.88262655701382,51.7285842386174,20.239875473716825
060190026022021,31,17676.0,0.0,57.746314520519185,54.66358091480273,20.191897441777776
060190026022022,86,18041.0,0.0,58.94015147053354,55.79368598311843,20.608849386010004
060190026022023,228,36962.0,0.0,120.75393780012905,114.30760048544592,42.22295277455251
060190026022024,35,18501.0,0.0,60.44150307110706,57.21488931671572,21.134323069151993
060190026022025,37,18296.0,0.0,59.772885155889036,56.581964950666,20.900144579925673
060190026022026,42,18122.0,0.0,59.204857873121334,52.91552195903966,20.701378447606746
060190026023000,42,21155.0,0.0,69.11274549108879,61.45463234111045,24.166077754062506
060190026023001,36,21181.0,0.0,69.24049459559296,61.53136236343783,24.195778440500966
060190026023002,36,21214.0,0.0,70.84219232704629,61.62553663849567,24.233475465595934
060190026023003,55,21084.0,0.0,70.88133408149844,61.247647730876565,24.084972033403634
060190026023004,45,21052.0,0.0,70.77306493144754,73.58415843606493,24.048417342402452
060190026023005,129,41247.0,0.0,138.6662781619992,149.73856354462788,47.117854366429505
060190026023006,90,17566.0,0.0,59.05642383727659,63.77198689320488,20.066240691461214
060190026023007,37,17667.0,0.0,59.39289890601752,64.13532896980541,20.181616434933694
060190026023008,55,17607.0,0.0,59.19241720820174,61.702097249636445,20.113076389306478
060190026023009,68,17840.0,0.0,59.97518014252012,51.823780598448934,20.379240233158832
060190026023010,70,17668.0,0.0,59.39875763964977,51.32570133883228,20.18275876902748
060190026023011,57,17590.0,0.0,58.31375760006206,51.09865568147892,20.0936567097121
060190026023012,70,17912.0,0.0,58.519144337770655,52.03486671872651,20.46148828791149
060190026023013,36,18615.0,0.0,61.15452871263488,54.077151397545826,21.264549155843703
060190026023014,45,18308.0,0.0,61.516822514279305,53.183900138383976,20.913852589051114
060190026023015,37,18496.0,0.0,62.182570274202156,53.73115797701839,21.12861139868306
060190026023016,32,18177.0,0.0,61.108122203586525,52.802741239566444,20.764206822765026
060190026023017,42,18068.0,0.0,60.74256441390404,63.424677478349075,20.639692406542252
060190026023018,53,18589.0,0.0,62.495372203833895,67.48552990696375,21.234848469405243
060190026023019,34,17995.0,0.0,60.49643446781375,65.32698011984733,20.556302017695806
060190027011000,39,20309.0,0.0,78.13574914943737,51.896322895267105,23.199663110718763
060190027011001,52,20065.0,0.0,87.45635923569495,66.2303250322651,22.92093359183475
060190027011002,107,19958.0,0.0,94.49884329828951,89.93339354314244,22.79870384379955
060190027011003,64,20199.0,0.0,91.80482523045556,88.44024063288413,23.0740063604022
060190027011004,76,20391.0,0.0,94.41591227052191,89.27330274826818,23.29333450640929
060190027011005,83,19979.0,0.0,94.62535719169759,90.03056721112566,22.822692859769074
060190027011006,57,20282.0,0.0,96.06034626050888,91.39587650708023,23.168820090186514
060190027011007,54,13983.0,0.0,65.79936855165697,61.554760270464314,15.973257633422643
060190027011008,136,41270.0,0.0,195.43881406689468,183.49069278050663,47.1441280505866
060190027011009,33,5942.0,0.0,28.140234375825166,25.583379955625283,6.787749185281938
060190027011010,58,14051.0,0.0,66.54853789071824,63.31709375991802,16.050936351800154
060190027011011,97,20252.0,0.0,95.91436506806818,88.66115057728072,23.134550067372906
060190027011012,28,4897.0,0.0,23.194964820491855,22.06867061014603,5.5940100572745965
060190027011013,76,19715.0,0.0,93.37494266681561,88.84086994323484,22.521116659009326
060190027011014,104,20272.0,0.0,96.01079206983563,88.81195676944019,23.157396749248647
060190027011015,59,21407.0,0.0,101.38783889096743,93.78486892125426,24.453945945696812
060190027011016,47,20691.0,0.0,97.99726783585609,93.23874562004644,23.63603473454537
060190027012000,19,20587.0,0.0,64.0092157329944,58.89598211677792,23.51723198879153
060190027012001,32,20231.0,0.0,62.836809775534036,57.6577108769621,23.11056105140338
060190027012002,29,20493.0,0.0,76.7489236504501,56.7031242879493,23.409852583975557
060190027012003,59,20566.0,0.0,79.31050537436062,42.07552738139065,23.493242972822003
060190027012004,88,20081.0,0.0,90.66307296162208,86.09508928511839,22.939210937335343
060190027012005,95,20180.0,0.0,91.11091537519668,82.34038480006102,23.05230201262025
060190027012006,72,20379.0,0.0,77.19299702196818,82.62831733707873,23.279626497283846
060190027012007,72,20202.0,0.0,72.59002916871536,81.9085546383838,23.07743336268356
060190027012008,38,20333.0,0.0,73.06324022361328,82.44251273138178,23.22707912896965
060190027012009,65,20335.0,0.0,84.37048826727042,82.44750566956867,23.229363797157223
060190027012010,84,20196.0,0.0,91.18557560881507,82.39974615056481,23.07057935812084
060190027012011,124,20401.0,0.0,92.10727738322984,87.46652866570189,23.304757847347158
060190027012012,72,17493.0,0.0,78.98112300375811,75.00172467930668,19.982850302614768
060190027012013,64,17312.0,0.0,78.16312374586637,70.63669480366549,19.776087831639334
060190027012014,72,20303.0,0.0,90.73271620673512,82.31969629057278,23.19280910615604
060190027012015,68,20044.0,0.0,72.90571108044045,81.26865773480787,22.896944575865227
060190027012016,67,20599.0,0.0,81.02653709721106,83.52110076637202,23.53093999791697
060190027012017,76,19686.0,0.0,88.88084359138938,79.81703182631692,22.487988970289503
060190027012018,80,19965.0,0.0,90.1393212882655,81.4809348576885,22.80670018245606
060190027012019,64,17892.0,0.0,80.7807379504498,76.71066752067539,20.438641606035752
060190027012020,0,5359.0,0.0,24.194454471567227,22.975436965566583,6.121768408604158
060190027012021,0,3210.0,0.0,14.493188718567172,13.115108450781491,3.6668924410560453
060190027012022,71,20345.0,0.0,91.85587584723409,87.22779378742202,23.24078713809509
060190027012023,85,20728.0,0.0,93.58632914746724,84.59833535035284,23.678301096015485
060190027012024,80,20897.0,0.0,94.34747231616623,84.72618953991949,23.871355557865478
060190027012025,100,21029.0,0.0,90.43718195598677,85.26215441079658,24.02214365824535
060190027012026,86,20488.0,0.0,92.47235790009005,83.0680534676997,23.404140913506623
060190027012027,15,40425.0,0.0,182.5192621168497,163.90647483354675,46.17885574133665
060190027012028,115,19971.0,0.0,90.16606408871307,81.5193531842939,22.81355418701878
060190027012029,60,20268.0,0.0,91.51033813082522,86.89966570204164,23.1528274128735
060190027012030,48,20451.0,0.0,92.33402039888838,87.68184742272396,23.361874552036507
060190027012031,73,20557.0,0.0,92.81526921958577,83.91709344645312,23.48296196597792
060190027012032,56,20699.0,0.0,93.45689261869876,83.92642858824102,23.645173407295665
060190027013000,39,20390.0,0.0,78.49908803032754,41.1895624950272,23.292192172315502
060190027013001,44,20271.0,0.0,78.00012819518778,40.72438864282892,23.15625441515486
060190027013002,107,20528.0,0.0,92.68466875636086,88.01482865376002,23.4498342772581
060190027013003,82,20247.0,0.0,91.41496310465358,86.80909606739786,23.128838396903973
060190027013004,107,20242.0,0.0,91.39266539945451,86.78792181356711,23.12312672643504
060190027013005,87,20658.0,0.0,93.26832466877457,88.56907754748896,23.5983377094504
060190027013006,82,16922.0,0.0,76.41494511352612,72.55206468996995,19.33057753506243
060190027013007,126,40497.0,0.0,182.84144833929602,173.62913373182903,46.26110379608931
060190027013008,84,20109.0,0.0,90.79302929205811,86.21849787371534,22.971196291961377
060190027013009,79,20327.0,0.0,94.96615905070009,87.1502520267788,23.220225124406927
060190027013010,89,17593.0,0.0,80.75797857371137,75.42869787939732,20.09708371199346
060190027013011,0,6022.0,0.0,27.351044379298497,25.82141112734779,6.879135912784893
060190027013012,88,20379.0,0.0,92.50782596026198,87.37384167073489,23.279626497283846
060190027013013,91,20213.0,0.0,95.682857872275,86.66276703955948,23.089999037715216
060190027013014,91,20732.0,0.0,98.18758365183284,88.88617430750328,23.682870432390633
060190027013015,46,20268.0,0.0,93.73874737642214,86.90025540544511,23.1528274128735
060190027021000,65,20299.0,0.0,95.62257774777997,87.03236196610003,23.188239769780893
060190027021001,64,20165.0,0.0,95.50318207504148,86.45606881359382,23.035167001213445
060190027021002,101,20328.0,0.0,96.27634964554808,87.15599343629002,23.221367458500715
060190027021003,99,20441.0,0.0,96.81371348364887,87.64245225321481,23.350451211098637
060190027021004,0,162420.0,0.0,768.8969248434078,645.5240899557376,185.53790351287319
060190027021005,0,155278.0,0.0,617.148105838319,537.6525087895884,177.37935341504692
060190027021006,0,4653.0,0.0,22.136252836985648,17.42094101897914,5.315280538390586
060190027021007,116,20143.0,0.0,95.82738507099835,89.75715703651798,23.010035651150133
060190027021008,137,21397.0,0.0,101.77090106389504,95.10930786755581,24.442522604758942
060190027021009,75,21417.0,0.0,101.86083491734026,95.18215186721613,24.46536928663468
060190027021010,83,21146.0,0.0,100.57454511983215,93.98075435464065,24.15579674721842
060190027021011,127,19769.0,0.0,94.04724762616034,88.0897831844137,22.58280270007382
060190027021012,89,19585.0,0.0,93.17135486858692,87.26937424045246,22.372613226817023
060190027021013,123,19642.0,0.0,93.44532063290512,87.52598552241865,22.43772627016288
060190027021014,98,20014.0,0.0,95.21149573244668,89.1802814801565,22.86267455305162
060190027021015,117,19739.0,0.0,93.90746915728067,87.95885904438568,22.548532677260212
060190027021016,30,20837.0,0.0,99.12864863019692,92.84930059738406,23.80281551223826
060190027021017,44,20740.0,0.0,98.66674342736877,92.41665498365357,23.69200910514093
060190027021018,136,21490.0,0.0,102.2136231621435,95.53440186152281,24.548759675481126
060190027022000,61,21330.0,0.0,96.30463523349971,86.48376663471234,24.365986220475218
060190027022001,69,19019.0,0.0,85.87059286546973,77.11375777661833,21.726052129733624
060190027022002,107,24262.0,0.0,109.54097640304308,98.37030395483946,27.715309783458498
060190027022003,86,19130.0,0.0,86.36878208770023,77.56114310060451,21.85285121414397
060190027022004,84,20147.0,0.0,90.96253849750265,85.24417490857746,23.014604987525278
060190027022005,100,30342.0,0.0,138.32596087516464,130.08941281261335,34.66070107368303
060190027022006,119,30990.0,0.0,148.264213786849,137.73642415946483,35.40093356645696
060190027022007,100,20372.0,0.0,106.26840538061245,99.2391121694007,23.27163015862734
060190027022008,94,19152.0,0.0,105.11215757551886,118.85870468619787,21.877982564207283
060190027022009,133,23146.0,0.0,118.5951917815982,123.7329652905242,26.44046493479228
060190027022010,114,23141.0,0.0,104.47907194990012,93.82459790038625,26.434753264323348
060190027022011,87,14712.0,0.0,81.63660230929574,93.74699499814798,16.806019187793314
060190027022012,94,18740.0,0.0,103.00123642860585,116.60444712026055,21.40734091756707
060190027022013,132,21770.0,0.0,119.65473279174583,135.4709849053841,24.868613221741466
060190027022014,104,22647.0,0.0,125.66849767778535,144.3108077745494,25.870440221992606
060190027023000,175,40181.0,0.0,205.8520870413862,256.04162307531374,45.900126222452634
060190027023001,255,40943.0,0.0,199.54775643136554,260.903083403254,46.770584801918275
060190027023002,348,41057.0,0.0,195.3276619001965,201.31123429721603,46.90081088860999
060190027023003,405,30655.0,0.0,145.8367061613835,136.59861559321018,35.01825164503834
060190027023004,239,30340.0,0.0,144.33760568216445,135.1944762960031,34.65841640549546
060190027024000,640,58975.0,0.0,327.2537780862665,375.8002835682066,67.3691531810842
060190027024001,334,46470.0,0.0,257.71271984680754,296.12160428086986,53.08426533827864
060190027024002,210,40941.0,0.0,220.00786865356818,260.8782197632446,46.768300133730705
060190028001000,0,6934.0,0.0,22.31604808168248,16.30908388167508,7.920944606318573
060190028001001,0,12439.0,0.0,40.034815579371276,29.258368824151223,14.209493792615623
060190028001002,0,42024.0,0.0,135.25582806955222,98.84808624706277,48.005447957301946
060190028001003,0,25217.0,0.0,81.16644249197292,59.31831272873565,28.806238843025014
060190028001004,683,69554.0,0.0,223.86684431698038,163.60706559367938,79.45390555925613
060190028001005,0,13975.0,0.0,44.980752844818355,32.87297412704487,15.964118960672348
060190028001006,58,20986.0,0.0,67.54556886463911,49.36386336938767,23.973023292212513
060190028001007,114,41210.0,0.0,116.34186910862059,96.93466605201913,47.075588004959386
060190028001008,279,40767.0,0.0,96.3898506384075,97.903964271048,46.569534001411775
060190028001009,57,20857.0,0.0,61.07867205700215,49.06021873643227,23.825662194114
060190028001010,82,20679.0,0.0,66.55822443618045,48.64228923381955,23.622326725419928
060190028001011,50,20871.0,0.0,46.72499612868849,51.195592766060074,23.841654871427018
060190028001012,32,20592.0,0.0,48.50225668140456,57.652570516579615,23.522943659260463
060190028001013,111,20300.0,0.0,49.43026127544059,56.835555571575235,23.18938210387468
060190028001014,93,20579.0,0.0,50.10826673714647,57.61513504581447,23.508093316041233
060190028001015,119,17292.0,0.0,42.1064576802567,48.414551201197945,19.753241149763593
060190028001016,0,42426.0,0.0,103.2499389913705,118.78063451700575,48.4646662630043
060190028001017,0,11372.0,0.0,27.690488046069632,31.838882327097355,12.990623314544969
060190028001018,63,54162.0,0.0,131.8816314755209,151.63921049960425,61.871099187687705
060190028001019,69,20400.0,0.0,49.673776376675576,57.115552393595586,23.303615513253373
060190028001020,89,21207.0,0.0,51.63921559177704,59.37543989671816,24.225479126939426
060190028001021,64,20147.0,0.0,49.058430377137455,56.408019581709105,23.014604987525278
060190028001022,67,20486.0,0.0,49.883502712146885,57.35669845446871,23.40185624531905
060190028001023,70,20683.0,0.0,50.36375693840389,57.90890099316894,23.626896061795073
060190028001024,20,20700.0,0.0,50.404249120263586,57.955459429092976,23.64631574138945
060190028001025,61,20414.0,0.0,49.70737607730232,57.15418576519598,23.319608190566388
060190028002000,6,18978.0,0.0,57.07220183083258,33.934897278986206,21.67921643188836
060190028002001,0,14449.0,0.0,45.80869113804857,26.370238671457024,16.505585321127352
060190028002002,0,127047.0,0.0,320.58658168948773,229.71156553491156,145.1301196133481
060190028002003,0,11897.0,0.0,25.539362466982457,15.436572560817309,13.590348713783106
060190028002004,0,125129.0,0.0,276.59893080229625,204.66892540862506,142.93912282146476
060190028002005,23,21231.0,0.0,47.27152112982896,47.302110211253925,24.252895145190312
060190028002006,16,20357.0,0.0,49.569156845856824,47.555745811368446,23.254495147220535
060190028002007,51,20278.0,0.0,49.37731246237951,54.75755999248555,23.164250753811366
060190028002008,0,40149.0,0.0,97.76193677198195,78.13896688418198,45.863571531451456
060190028002009,0,34835.0,0.0,84.82197805449134,80.98992196399249,39.79320815706771
060190028002010,93,20270.0,0.0,49.357637830612454,54.88546595863521,23.155112081061073
060190028002011,0,16914.0,0.0,45.15364701985677,32.919382537702965,19.321438862312135
060190028002012,0,7944.0,0.0,22.522699098840757,15.45942647275772,9.074702041043372
060190028002013,0,11752.0,0.0,28.61575157042634,27.22398804117185,13.424710270184002
060190028002014,0,34552.0,0.0,84.17500292634156,80.2507913092706,39.46992760852601
060190028002015,0,19335.0,0.0,56.47654360411205,37.63095508476494,22.08702970337029
060190028002016,6,40515.0,0.0,120.59549743912743,78.8507193788383,46.28166580977747
060190028002017,0,20272.0,0.0,52.004874117151786,39.45321267252461,23.157396749248647
060190028002018,58,20368.0,0.0,49.595654641517285,55.263973376746904,23.26706082225219
060190028002019,76,20087.0,0.0,48.91146639108559,54.474459173434646,22.946064941898065
060190028002020,24,20391.0,0.0,56.66380763753044,39.686088619659024,23.29333450640929
060190028002021,22,20381.0,0.0,60.24667105720389,39.66534434641801,23.28191116547142
060190028002022,45,20241.0,0.0,60.25030895364938,39.39434145284364,23.12198439234125
060190028002023,16,20182.0,0.0,60.07235070233921,39.27798440441992,23.054586680807823
060190028002024,19,20411.0,0.0,60.75539252185146,39.7245876357019,23.31618118828503
060190028002025,51,20085.0,0.0,53.45878339924147,54.50136504293498,22.94378027371049
060190028002026,90,20064.0,0.0,49.50516292616012,54.48061031848792,22.919791257740965
060190028003000,33,87431.0,0.0,187.6869844919237,113.44228966467583,99.87541215388508
060190028003001,20,20004.0,0.0,42.94186257711825,25.9550401238599,22.85125121211375
060190028003002,0,12027.0,0.0,25.816232092739504,15.603918870789235,13.738852145975407
060190028003003,210,97182.0,0.0,210.57365472264146,306.3041553153137,111.01431190240143
060190028003004,55,19247.0,0.0,52.492891559120466,89.4095224984467,21.98650430311704
060190028003005,57,19670.0,0.0,88.32022912433881,91.37844845905063,22.469711624788914
060190028003006,42,9383.0,0.0,20.143168627412315,43.590469360856844,10.718520802002764
060190028003007,59,19256.0,0.0,41.336577688128145,52.39142050480821,21.996785309961126
060190028003008,72,19308.0,0.0,41.447728343520936,52.68698859243539,22.056186682838046
060190028003009,8,19430.0,0.0,46.647962200565495,25.925363552057245,22.19555144228005
060190028003010,0,10874.0,0.0,24.78020574207041,14.407336948756889,12.421740935839077
060190028003011,53,44086.0,0.0,99.51060155972854,58.92936065820054,50.3609408586906
060190028003012,10,8010.0,0.0,17.19439058988475,10.392681427460499,9.15009609123331
060190028003013,0,1209.0,0.0,2.595093424826475,1.5685335922626458,1.3810819193883985
060190028003014,17,77246.0,0.0,173.0726427088963,103.04311776046261,88.24073940866519
060190028003015,0,3048.0,0.0,6.542408643636034,3.954380845667935,3.4818343178625626
060190028003016,0,19449.0,0.0,41.751789507808766,25.23573284628709,22.217255790062
060190028003017,17,7726.0,0.0,16.585402642723587,10.024595237087901,8.825673208597822
060190028003018,40,20130.0,0.0,49.017098322817645,39.17828910794492,22.995185307930903
060190028003019,17,109660.0,0.0,312.37836287371755,219.1555818496889,125.26835672467475
060190028003020,0,6182.0,0.0,18.400115695237062,12.448804542784696,7.061909367790801
060190028003021,216,34946.0,0.0,104.02094124005012,68.01353467928585,39.92000724147806
060190028003022,153,20481.0,0.0,60.96409545343773,39.86104692847405,23.396144574850116
060190028003023,140,20301.0,0.0,60.42830732150239,39.510724731253795,23.190524437968467
060190028003024,55,20337.0,0.0,60.535579494452975,39.58086406635421,23.231648465344797
060190028004000,0,2813.0,0.0,6.038660356758096,7.698979313197802,3.213385805822634
060190028004001,0,1429.0,0.0,6.428904978660862,6.641781703056206,1.632395420021523
060190028004002,0,1388.0,0.0,6.8686713151855425,6.4472591735510045,1.585559722176259
060190028004003,94,19929.0,0.0,98.63223102336217,92.5808685687555,22.765576155079728
060190028004004,85,19568.0,0.0,96.62099077993922,90.90494236054955,22.35319354722265
060190028004005,62,19427.0,0.0,49.161909381650496,53.034350101701946,22.19212443999869
060190028004006,120,20328.0,0.0,72.84884200076215,55.470409595201104,23.221367458500715
060190028004007,64,20130.0,0.0,83.44868552232964,55.167763469992664,22.995185307930903
060190028004008,86,20361.0,0.0,90.02596175962036,94.58919215036482,23.259064483595683
060190028004009,57,10841.0,0.0,32.270296635343584,50.36373387350332,12.384043910744108
060190028004010,33,9998.0,0.0,29.758453058049426,27.69083437337947,11.421056269681726
060190028004011,117,9489.0,0.0,28.244772487691858,24.954269387082533,10.83960821594418
060190028004012,67,9383.0,0.0,27.929186494944158,37.913227528335426,10.718520802002764
060190028004013,95,20628.0,0.0,61.40177838046899,67.55601331424005,23.564067686636793
060190028004014,96,15859.0,0.0,47.20621377395761,42.374486684169895,18.116276393366924
060190028004015,62,51032.0,0.0,151.89951377786034,166.17981895722062,58.29559347413461
060190028004016,0,8777.0,0.0,26.12437689643266,27.320530506119187,10.026266341167885
060190028004017,80,76522.0,0.0,227.77233425782146,220.23138363061213,87.41368952476346
060190028004018,0,60833.0,0.0,181.07436568620605,151.97311701907773,69.49160992734032
060190028004019,94,20512.0,0.0,61.05659446090774,67.17623197759461,23.43155693175751
060190028004020,117,20382.0,0.0,61.535033262762504,66.74923345652435,23.28305349956521
060190028004021,64,20215.0,0.0,70.59337895149754,66.20306423242673,23.09228370590279
060190029031000,91,21997.0,0.0,79.04244153560204,71.96962334338542,25.1279230610311
060190029031001,420,68471.0,0.0,289.1377478801403,249.26001164198493,78.2167577356849
060190029031002,220,19678.0,0.0,107.26894344616962,111.4001423928584,22.47885029753921
060190029031003,490,66259.0,0.0,365.77026829458003,336.4588372370556,75.6899147202282
060190029031004,181,42483.0,0.0,153.10828014724234,152.87317788353295,48.52977930635015
060190029031005,32,38553.0,0.0,213.93324168929746,227.76691435889947,44.04040631776751
060190029031006,42,20342.0,0.0,112.88236071708339,120.47680474105982,23.23736013581373
060190029032000,63,122073.0,0.0,288.10096286813126,317.6934929091608,139.44814983085192
060190029032001,98,42474.0,0.0,128.27927650256126,110.18877977458132,48.51949829950607
060190029032002,49,32249.0,0.0,114.73013855944485,68.06920619306483,36.839132190534706
060190029032003,43,8651.0,0.0,31.08597261353762,28.304360249947546,9.882332245350732
060190029032004,325,90198.0,0.0,313.62157443247673,320.16257059815257,103.03625059139351
060190029032005,30,8685.0,0.0,31.20712126416201,28.41466836524115,9.921171604539488
060190029032006,82,32132.0,0.0,115.45677405159803,67.79280456741667,36.705479101561636
060190029032007,101,31769.0,0.0,105.6818031794613,99.20335275415064,36.29081182551698
060190029032008,14,8759.0,0.0,29.15794102113952,34.13924556180291,10.00570432747972
060190029032009,29,8591.0,0.0,28.375467024987366,34.2008751536783,9.813792199723515
060190029032010,105,32503.0,0.0,107.35677495075502,105.6155669108846,37.129285050356586
060190029032011,73,20198.0,0.0,66.71388541603157,72.63432957227022,23.072864026308412
060190029032012,88,20530.0,0.0,85.24071255578613,81.72957845231853,23.452118945445672
060190029032013,402,238340.0,6153.0,800.0802985031224,784.0985738301662,272.2639079131769
060190029032014,83,20287.0,0.0,67.00585070958198,72.9945035338265,23.174531760655448
060190029032015,81,20159.0,0.0,66.58366698905263,72.48586710717467,23.028312996650723
060190029032016,34,21987.0,0.0,72.62119707719773,79.16836259656185,25.11649972009323
060190029033000,59,11007.0,0.0,36.35694509252713,43.82092950166026,12.57367137031274
060190029033001,600,121485.0,0.0,606.3559325945631,483.6391316461306,138.7764573837052
060190029033002,246,122863.0,0.0,588.2838761586336,489.12486184883323,140.3505937649436
060190029041000,37,20476.0,0.0,41.924172671443024,38.38998939165742,23.39043290438118
060190029041001,37,20574.0,0.0,62.680496112761034,38.56737954308639,23.5023816455723
060190029041002,0,40602.0,0.0,136.26192193399658,104.13416424661403,46.38104887593693
060190029041003,41,21053.0,0.0,65.83317271374611,56.81669344405927,24.049559676496237
060190029041004,62,17022.0,0.0,61.16305057452579,65.86208417475373,19.444810944441123
060190029041005,39,2577.0,0.0,9.259310513194016,10.447946498560908,2.9437949596889186
060190029041006,114,20210.0,0.0,72.62059946788244,78.80007442700011,23.086572035433857
060190029041007,42,20105.0,0.0,72.24270451053313,65.77833543500446,22.96662695558623
060190029041008,36,19742.0,0.0,70.93630159172152,64.58883111080894,22.55195967954157
060190029041009,21,20447.0,0.0,73.47185330113753,66.89749842863407,23.35730521566136
060190029041010,36,20317.0,0.0,49.10755158810042,66.47298122505138,23.208801783469056
060190029041011,40,19107.0,0.0,58.09422458091339,62.51357952712025,21.82657752998687
060190029041012,55,18108.0,0.0,63.99154628933372,59.24422358947331,20.685385770293728
060190029041013,14,1964.0,0.0,7.057738260639016,6.426202865274655,2.243544160197531
060190029041014,22,11111.0,0.0,39.92660634954411,36.35392283602521,12.69247411606658
060190029041015,14,4884.0,0.0,17.549883481274925,15.979497587998411,5.579159714055367
060190029041016,130,42424.0,0.0,152.4397694992772,151.99374097183377,48.46238159481672
060190029041017,0,3924.0,0.0,14.100274311511185,12.838563833846077,4.482518984019913
060190029041018,32,10486.0,0.0,37.67933602885928,34.3077411216407,11.978515307449749
060190029041019,80,19531.0,0.0,70.17858154043925,63.89891281335918,22.31092718575253
060190029041020,81,19616.0,0.0,70.48442570457406,64.17738965272453,22.40802558372442
060190029041021,86,19138.0,0.0,68.76765533493732,74.616012970088,21.861989886894268
060190029041022,63,20129.0,0.0,72.32943004978411,78.53787243597556,22.994042973837114
060190029041023,93,20336.0,0.0,73.07361968343636,66.53489926150539,23.23050613125101
060190029041024,64,20531.0,0.0,73.77321361416635,67.17189263759282,23.45326127953946
060190029041025,64,20294.0,0.0,72.9209861802789,66.39592359832479,23.18252809931196
060190029041026,20,9181.0,0.0,32.98957563575568,30.037626452797014,10.487769315057804
060190029041027,68,19870.0,0.0,74.37468625786256,77.4787315068692,22.6981784435463
060190029041028,61,20215.0,0.0,72.63793026816862,66.13819588921145,23.09228370590279
060190029041029,60,20604.0,0.0,74.03435116145,67.40966326503927,23.536651668385907
060190029041030,47,20425.0,0.0,73.39245318567363,66.82520313648037,23.332173865598048
060190029041031,105,40556.0,0.0,145.7295410196368,132.6894763551007,46.32850150762273
060190029041032,45,20510.0,0.0,73.69785333946113,67.10327569610897,23.429272263569935
060190029041033,60,20186.0,0.0,82.96291459582126,78.77829994567988,23.05915601718297
060190029041034,0,3783.0,0.0,13.592158404871006,12.375914784737374,4.321449876795956
060190029042000,31,20333.0,0.0,44.44557843380592,69.9116910019321,23.22707912896965
060190029042001,31,20793.0,0.0,42.33132039327336,71.44749731844603,23.752552812111638
060190029042002,36,20815.0,0.0,42.40030968566913,71.60658681987265,23.77768416217495
060190029042003,46,21027.0,0.0,42.81946250556395,57.03149386851487,24.019858990057777
060190029042004,63,20295.0,0.0,39.996332888392786,53.346600618672895,23.183670433405744
060190029042005,45,20643.0,0.0,40.682040467755904,42.395872404225095,23.581202698043597
060190029042006,44,20750.0,0.0,40.891309415797124,42.61395732615407,23.7034324460788
060190029042007,43,40784.0,0.0,80.37343571767336,83.75936620181115,46.58895368100615
060190029042008,53,37853.0,0.0,74.59818562548455,77.74081936404895,43.240772452116666
060190029042009,39,19111.0,0.0,37.66214004360679,39.24875117865218,21.83114686636202
060190029042010,36,19220.0,0.0,37.876967238690135,50.667750984729246,21.955661282584796
060190029042011,33,18642.0,0.0,38.24645607864899,48.95929940489418,21.295392176375948
060190029042012,31,18454.0,0.0,36.367090714049525,37.899144681490256,21.080633366744006
060190029042013,61,47186.0,0.0,109.25777259416633,110.9227186688917,53.90217654943008
060190029042014,160,130700.0,0.0,257.5710100053334,268.42182814966026,149.30306605795175
060190029042015,140,40259.0,0.0,79.33816175308459,82.68047875168658,45.989228281768014
060190029042016,20,17450.0,0.0,34.38832033572053,35.83701368923121,19.93372993658193
060190029042017,361,123229.0,0.0,365.9538892045247,289.6302304161047,140.7686880432696
060190029051000,351,79972.0,0.0,313.66176587715887,283.07130997325976,91.35474214832837
060190029051001,734,119677.0,0.0,405.8531756817925,423.6163457020784,136.71111734213844
060190029051002,400,27414.0,0.0,91.25034257220229,97.03542603305587,31.3159468470749
060190029051003,139,41886.0,0.0,135.84364363737018,133.31772188907019,47.84780585235935
060190029051004,84,27320.0,0.0,67.5539450451529,81.85033216321675,31.20856744225893
060190029051005,58,15137.0,0.0,32.29447823082669,26.988126717666265,17.29151117765276
060190029051006,28,23421.0,0.0,49.96769077075702,41.7574286437336,26.754606810583688
060190029051007,61,35539.0,0.0,75.82029025819567,63.36215084921783,40.597411359093705
060190029051008,67,101047.0,0.0,220.9574854231346,230.90442676257152,115.42943317488792
060190029051009,60,35650.0,0.0,76.0571640220089,63.56010354900103,40.724210443504056
060190029051010,26,12408.0,0.0,26.47072958450935,22.121286469768375,14.174081435708228
060190029051011,0,10789.0,0.0,24.712976373172886,23.690644876057995,12.324642537867188
060190029051012,40,58311.0,0.0,139.2058248071252,141.6267086451735,66.61064334280968
060190029051013,33,20810.0,0.0,44.396165145458596,37.10136829460718,23.771972491706013
060190029051014,47,40639.0,0.0,86.70053570615438,72.4546477389347,46.42331523740705
060190029051015,75,22606.0,0.0,52.205142580677155,65.73213020839289,25.823604524147342
060190029051016,39,15119.0,0.0,32.255420571452646,39.540354996142895,17.270949163964595
060190029051017,36,12904.0,0.0,27.530093745923644,34.23853303989078,14.740679146226546
060190029051018,0,7231.0,0.0,15.427032159595303,12.892194629212092,8.260217832173291
060190029051019,0,9130.0,0.0,19.47864125530446,16.278078089037507,10.429510276274671
060190029051020,0,5845.0,0.0,12.470674909973015,10.4216006315256,6.676942778184606
060190029051021,0,5579.0,0.0,11.902063890136816,9.946418894675224,6.373081909237283
060190029051022,0,6423.0,0.0,13.702441185075406,17.903491343394535,7.337211884393452
060190029051023,0,18387.0,0.0,57.29442563051003,65.07694708847036,21.004096982460283
060190029051024,34,129963.0,0.0,373.8613755940615,460.01621221719944,148.4611658308308
060190029051025,42,8157.0,0.0,17.40247167952475,28.87302075007513,9.318019203019988
060190029051026,27,31392.0,0.0,66.97193814402918,55.967684018299686,35.86015187215931
060190029051027,62,26542.0,0.0,62.10023803328497,47.32103911441979,30.319831517292698
060190029051028,58,20495.0,0.0,49.82327408642058,36.539569936216594,23.41213725216313
060190029051029,51,20471.0,0.0,44.34463007675758,36.49732507756081,23.384721233912245
060190029051030,47,20351.0,0.0,43.416188035792324,36.28241261348272,23.247641142657812
060190029051031,47,28607.0,0.0,61.02922077975073,51.001422971191985,32.678751420962705
060190029051032,42,20192.0,0.0,49.167672288639814,52.179975004601474,23.06601002174569
060190029051033,46,19758.0,0.0,48.109428968522884,51.13245847659659,22.570237025042164
060190029051034,49,20264.0,0.0,49.343532029263926,36.12896531572329,23.14825807649835
060190029051035,65,20777.0,0.0,47.396660794977066,37.04316263101482,23.734275466611045
060190029051036,40,20328.0,0.0,43.36880537765339,36.24281546709338,23.221367458500715
060190029051037,141,54271.0,21509.0,161.67046581904418,224.80753624130256,61.99561360391048
060190029051038,80,45265.0,0.0,96.56862158059636,147.8637577240716,51.70775275526539
060190029061000,147,34556.0,0.0,139.85501316234968,160.21200820860284,39.474496944901155
060190029061001,65,14828.0,0.0,60.01221132242793,68.74745978425601,16.9385299426726
060190029061002,72,17445.0,0.0,70.60190712738543,80.78348099306048,19.928018266112993
060190029061003,122,35356.0,0.0,143.0912174302862,163.5086070442327,40.3883642199307
060190029061004,132,54169.0,0.0,195.98502951156394,184.68255090356058,61.879095526344216
060190029061005,218,24225.0,0.0,98.04104995419291,112.31169441032068,27.673043421988382
060190029061006,74,14183.0,0.0,57.39918013520295,65.75408139508772,16.201724452180027
060190029061007,113,24578.0,0.0,97.9986869037485,109.91834135762382,28.076287357095165
060190029061008,94,31139.0,0.0,126.00908555830011,144.1726339781141,35.57114134643121
060190029061009,110,23385.0,0.0,93.1228248601558,108.41854536363023,26.713482783207358
060190029061010,109,32595.0,0.0,125.92888025804723,135.3195385491532,37.23437978698499
060190029061011,260,23741.0,0.0,94.25995400896903,105.02247907575396,27.120153720595507
060190029061012,458,51700.0,0.0,204.7797089791514,227.39882598872276,59.05867264878428
060190029062000,0,80719.0,0.0,269.6327005080415,311.5840592426697,92.20806571638721
060190029062001,592,198573.0,0.0,633.4297929679026,810.4035257359702,226.83670800555205
060190029062002,167,18135.0,0.0,48.106018672294255,84.07740537722957,20.716228790825976
060190029062003,120,22238.0,0.0,89.99924846693062,103.09934558737505,25.40322557763375
060190029062004,105,22335.0,0.0,90.393358703562,103.55082166276593,25.514031984731083
060190029062005,62,15286.0,0.0,61.705066411348845,53.36320930960836,17.461718957627014
060190029062006,122,22618.0,0.0,91.53798002671084,104.86205160492888,25.837312533272783
060190029062007,89,22698.0,0.0,73.05722694982208,79.24043976650236,25.928699260775737
060190029062008,130,30676.0,0.0,98.73575712480951,91.10224627804581,35.04224066100787
060190029062009,130,31863.0,0.0,128.95457526283056,111.23473034649327,36.398191230332955
060190029062010,281,26538.0,0.0,107.40312523706145,123.03649324414816,30.31526218091755
060190029062011,94,18275.0,0.0,73.96312535840396,70.33618914416418,20.876155563956146
060190029062012,106,21549.0,0.0,70.59759088728183,75.22892126701866,24.616157387014557
060190029062013,167,36744.0,0.0,118.27695832562074,128.2723212421211,41.97392394210696
060190029062014,152,30289.0,0.0,119.06823762333516,105.74128131006076,34.600157366712324
060190029062015,89,24894.0,0.0,96.81602239684567,86.90605446162284,28.437264930731835
060190029062016,116,25335.0,0.0,81.54429583001827,88.44581339582516,28.941034266091872
060190029062017,124,27862.0,0.0,89.67681507037969,91.20837546535299,31.827712521091446
060190029062018,65,17513.0,0.0,56.3663585928642,42.17053509260826,20.005696984490505
060190029062019,30,8232.0,0.0,26.496607016175002,19.364333004878453,9.403694260054008
060190029062020,91,55510.0,0.0,136.388005941378,172.84393355826782,63.410965546112486
060190029062021,63,32923.0,0.0,80.93312904008687,102.72857802237097,37.6090653697471
060190029062022,148,37934.0,0.0,142.69870628768405,132.4301440987203,43.3333015137134
060190029062023,77,22441.0,0.0,86.52379567668993,78.34284962654253,25.635119398672497
060190029062024,53,50361.0,0.0,128.70936344312128,159.7453378218249,57.52908729720358
060190029062025,126,21856.0,0.0,70.34536671935852,75.72522422220982,24.966853953807142
060190029062026,145,48828.0,0.0,126.7137293847408,128.41898805229647,55.77788913142822
060190029062027,73,18919.0,0.0,60.89344305426243,44.502336031044095,21.61181872035493
060190030011000,0,72516.0,0.0,21.876924710741207,55.4756961866118,82.83749914505302
060190030011001,0,328576.0,0.0,20.15665433252867,47.55452975305811,375.3435672001343
060190030011002,0,148870.0,0.0,109.61892587175196,231.18863782499724,170.05927654206027
060190030011003,16,77787.0,0.0,29.557210437194055,12.303385136190094,88.85874215340392
060190030011004,0,106182.0,0.0,23.589224085194598,32.46400097053695,121.2953187464838
060190030011005,345,423052.0,0.0,451.11852101991394,490.32263062651975,483.26672304474835
060190030011006,71,11305.0,0.0,8.324273225307177,16.20373723952853,12.914086930261243
060190030011007,117,19168.0,0.0,58.82124734540324,27.474544598430192,21.896259909707876
060190030011008,60,11375.0,0.0,17.42568418255007,16.30351556903104,12.994050316826328
060190030011009,102,11479.0,0.0,8.45219590620649,16.452747027189847,13.11285306258017
060190030011010,65,16080.0,0.0,63.70265654365602,36.5479210809706,18.368732228093837
060190030011011,0,23110.0,0.0,91.27688641738564,55.99888328537299,26.399340907415954
060190030011012,30,7910.0,0.0,31.022644712649516,18.873052158547797,9.035862681854617
060190030011013,0,55392.0,0.0,40.78675091401075,77.10457587861669,63.27617012304563
060190030011014,15,388192.0,0.0,457.65400105440733,474.17764390025155,443.44495653533596
060190030011015,0,22298.0,0.0,28.348091198564948,27.00221613184893,25.471765623260968
060190030011016,777,207285.0,0.0,307.0641741875833,251.94485945952763,236.7887226306238
060190030011017,0,55951.0,0.0,41.198439870669475,95.48350578614547,63.91473488147252
060190030012000,135,41751.0,0.0,54.79999023470629,101.21532471090171,47.69359074969812
060190030012001,88,38142.0,0.0,136.38120766294773,97.99902947315015,43.57090700522109
060190030012002,66,17212.0,0.0,67.08395600821663,43.462725101499984,19.66185442226064
060190030012003,240,24422.0,0.0,95.78550488079097,65.53069185948209,27.898083238464405
060190030012004,249,88767.0,0.0,348.15362021213093,232.92414230002677,101.40157050318442
060190030012005,20,7175.0,0.0,28.140588521956204,18.117346753622446,8.196247122921223
060190030012006,105,34697.0,0.0,58.494400863878724,83.8771056670693,39.635566052125114
060190030012007,189,99736.0,0.0,306.01307080729913,244.5987364466247,113.93183317793326
060190030012008,62,20703.0,0.0,35.854256095279716,48.357041251338124,23.649742743670814
060190030012009,0,18596.0,0.0,67.8786566514906,45.77263412126265,21.24284480806175
060190030012010,0,1899.0,0.0,7.448428553599623,5.870907171495554,2.16929244410138
060190030012011,0,5720.0,0.0,22.435806781190585,17.908180440797565,6.53415101646124
060190030012012,99,70666.0,0.0,271.4165167805623,175.17927860071842,80.72418107154719
060190030012013,27,22916.0,0.0,89.87821857464726,63.41265688869777,26.17772809322129
060190030012014,51,18627.0,0.0,73.05872927576341,47.7538434640918,21.278257164969144
060190030012015,39,20118.0,0.0,78.90589035422938,50.800834365475076,22.98147729880546
060190030012016,33,20330.0,0.0,79.7358798122982,51.33519443409807,23.223652126688286
060190030012017,35,20380.0,0.0,79.93141524952958,47.20297902928726,23.280768831377635
060190030012018,31,18170.0,0.0,71.26363541368056,41.957627847597024,20.756210484108518
060190030012019,42,18071.0,0.0,70.87879156871382,45.63286383744942,20.643119408823612
060190030012020,33,18359.0,0.0,72.00671701241072,46.35903970828261,20.97211162783425
060190030012021,0,1938.0,0.0,7.603493740943569,4.8952470392078515,2.2138434737590704
060190030012022,0,2327.0,0.0,9.12543651482546,5.87509737005912,2.658211436242186
060190030012023,0,2266.0,0.0,8.886785805038782,5.249505974149963,2.5885290565211836
060190030031000,64,62094.0,0.0,170.6242794465131,149.1948204916098,70.93209321960563
060190030031001,114,68523.0,0.0,148.88428582440434,165.38415112142195,78.27615910856181
060190030031002,78,53593.0,0.0,115.61225114439824,128.72090735419354,61.22111108832294
060190030031003,61,19678.0,0.0,42.84908128466505,47.74749213549171,22.47885029753921
060190030031004,100,11440.0,0.0,28.3199688270542,33.11368644744481,13.06830203292248
060190030031005,249,74119.0,0.0,164.2718843476735,186.3222356023935,84.66866069739346
060190030031006,13,3178.0,0.0,7.868555147784099,9.20046450436906,3.6303377500548635
060190030031007,1025,188188.0,0.0,487.3472696050553,549.6982487090696,214.9735684415748
060190030031008,31,15381.0,0.0,38.07601546129181,44.521137888711024,17.57024069653677
060190030031009,80,17376.0,0.0,43.01582279043651,50.29710579344343,19.849197213641695
060190030031010,41,12622.0,0.0,31.246067270229393,36.53508521216014,14.418540931778631
060190030031011,38,19621.0,0.0,48.57455044568307,53.68903111152015,22.413737254193354
060190030031012,66,32603.0,0.0,80.712119798469,90.31207284221352,37.24351845973528
060190030031013,40,35679.0,0.0,88.32539838593163,96.86147207103176,40.75733813222388
060190030031014,87,12341.0,0.0,30.551888506762705,35.72340289526608,14.097545051424504
060190030031015,105,24817.0,0.0,61.43774142480325,71.83730031639814,28.34930520551024
060190030032000,1448,285517.0,0.0,827.3332933022259,700.3279101909989,326.1558034557629
060190030032001,103,109805.0,0.0,260.85764742357026,202.19858254115334,125.43399516827385
060190030032002,18,5906.0,0.0,14.467518020151584,10.874942989291476,6.7466251579056085
060190030032003,44,16255.0,0.0,40.00828692635469,29.933190684369,18.56864069450655
060190030032004,207,69532.0,0.0,161.535605045372,169.64659425063599,79.42877420919282
060190030032005,0,13059.0,0.0,30.337540016158744,38.567186251971535,14.91774093076352
060190030032006,37,32893.0,0.0,76.41687722157427,77.73421671149985,37.57479534693349
060190030032007,71,65588.0,0.0,152.3819261186197,122.96859459301189,74.92340854329717
060190030032008,23,18272.0,0.0,45.2336929744505,33.646527242071386,20.872728561674787
060190030032009,73,51322.0,0.0,124.23397552510909,94.50513962192547,58.62687036133282
060190030041000,20,11078.0,0.0,14.610242030920752,5.585996876374089,12.654777090971612
060190030041001,15,8883.0,0.0,11.824719780128651,12.913425397585863,10.1473537551093
060190030041002,35,20763.0,0.0,27.510014565141212,30.28873632521756,23.71828278929803
060190030041003,97,48606.0,0.0,128.46744881652063,86.51755197345038,55.52429096260752
060190030041004,28,14825.0,0.0,24.99813936536457,43.38202943193524,16.93510294039124
060190030041005,26,2829.0,0.0,3.6342417224951675,3.756409992104576,3.2316631513232252
060190030041006,42,15187.0,0.0,49.84319459747979,44.44164136505647,17.348627882342107
060190030041007,99,40822.0,0.0,125.38945172837245,119.45806731692018,46.63236237657006
060190030041008,29,20561.0,0.0,27.936694635804688,60.16801564079841,23.48753130235307
060190030041009,38,20377.0,0.0,27.686154431921405,59.62842042016061,23.277341829096272
060190030041010,32,14189.0,0.0,19.279342410282112,36.99953714434007,16.20857845674275
060190030041011,0,5960.0,0.0,8.098049549062011,10.795612253099085,6.808311198970103
060190030041012,527,181116.0,0.0,424.76036855099574,468.40607873890326,206.89498173031362
060190030041013,38,14676.0,0.0,19.940673481898273,38.0657075321663,16.764895160416984
060190030041014,35,30680.0,0.0,47.18009213180527,86.03346002767206,35.046809997383015
060190030041015,71,92344.0,0.0,303.045660199955,270.2269165594663,105.48769955666027
060190030041016,67,59802.0,0.0,196.26933782667246,174.99944762952902,68.31386347664599
060190030041017,22,5630.0,0.0,18.476060148737385,16.47379237226733,6.4313409480204164
060190030041018,73,18374.0,0.0,60.30433951654164,53.76910230561858,20.989246639241053
060190030041019,56,28529.0,0.0,93.63187078908076,83.48489809997118,32.589649361647325
060190030042000,42,30489.0,0.0,107.56753348028332,70.7772622002435,34.82862418546971
060190030042001,42,14081.0,0.0,48.60037618943587,32.395011693498574,16.08520637461376
060190030042002,31,12185.0,0.0,40.44486793795129,27.144689258487986,13.919340932793743
060190030042003,14,9279.0,0.0,32.93339107728336,23.348385267959518,10.599718056248923
060190030042004,35,23073.0,0.0,81.37882755624693,60.35897911714071,26.357074545945835
060190030042005,42,20956.0,0.0,60.06084890824232,44.234490109929695,23.938753269398905
060190030042006,114,41633.0,0.0,136.58352151477482,89.08530175383486,47.558795326631255
060190030042007,37,20158.0,0.0,47.57987128482655,42.55241620270344,23.027170662556937
060190030042008,106,84874.0,0.0,181.14337401646142,179.10988403383163,96.9544638760719
060190030042009,7,17061.0,0.0,33.879088232999905,36.00724945381012,19.489361974098813
060190030042010,56,11037.0,0.0,21.750110346778342,23.39386472385482,12.607941393126346
060190030042011,222,229529.0,0.0,673.3192417801945,498.5824378082896,262.1988022128203
060190030042012,42,19293.0,0.0,52.693037863014425,40.8954968522785,22.039051671431242
060190030042013,73,21314.0,0.0,42.003371176835174,45.17775623158123,24.347708874974625
060190030042014,65,20300.0,0.0,66.6246205051278,45.454640073613625,23.18938210387468
060190030042015,126,45518.0,0.0,150.6505186118724,104.58826299559907,51.996763280993484
060190030042016,105,30354.0,0.0,99.62071503720423,64.34395414434665,34.674409082808474
060190031021000,697,103609.0,0.0,329.2349989623104,381.11938010008623,118.35609312317004
060190031022000,0,3334.0,0.0,2.3391444658342113,3.1201948867414186,3.8085418686856247
060190031022001,109,21540.0,0.0,30.19212213792486,53.76091161665324,24.60587638017047
060190031022002,160,54263.0,0.0,130.0812688445582,124.31279464207819,61.98647493116018
060190031022003,66,13436.0,0.0,15.242835732586695,29.935285953231116,15.348400884121192
060190031022004,146,36095.0,0.0,99.6212834513645,105.8950239810844,41.23254911523924
060190031022005,97,38094.0,0.0,91.51870646957786,104.125261641633,43.516074968719316
060190031022006,161,43787.0,0.0,117.14204231222136,128.4613585219721,50.01938296464831
060190031022007,73,18413.0,0.0,32.66296410198228,54.02009231898006,21.033797668898742
060190031022008,67,16714.0,0.0,53.39898821022555,49.035472346517174,19.09297204355475
060190031022009,77,24987.0,0.0,66.97798250316049,73.30741046631566,28.54350200145402
060190031022010,92,18523.0,0.0,32.85776522906592,54.342266841660944,21.159454419215304
060190031022011,152,27397.0,0.0,48.599505017866356,80.37695965145261,31.296527167480523
060190031022012,0,4407.0,0.0,7.816665057656529,5.935033786890617,5.034266351319
060190031023000,221,113356.0,0.0,354.1763482265641,437.4736673111941,129.49042353531124
060190031023001,559,146517.0,0.0,452.7528717663523,553.8410871162987,167.37136441937963
060190031023002,100,14727.0,0.0,46.01365328018324,60.73743581038353,16.82315419920012
060190031023003,56,97796.0,0.0,247.97158890949612,289.2316834322159,111.71570503598662
060190031023004,53,13822.0,0.0,31.420983777297383,53.83853933325501,15.789341844322948
060190031023005,57,18158.0,0.0,41.82944265002144,70.72629759095102,20.742502474983077
060190031023006,72,18976.0,0.0,43.13697610359879,73.91340134771056,21.676931763700786
060190031023007,42,14222.0,0.0,32.33137513041789,55.398456776357065,16.24627548183772
060190031023008,106,31844.0,0.0,72.39114530244755,124.03919467859612,36.376486882551
060190031023009,119,32091.0,0.0,72.95184747117456,124.99993435432394,36.65864340371637
060190031023010,227,56888.0,0.0,204.3487291715085,221.5878259841311,64.98510192735088
060190031023011,307,41349.0,0.0,198.27321536226043,161.058621174643,47.23437244399577
060190031023012,376,48438.0,0.0,151.3450551845482,199.77354370271908,55.33237883485132
060190031024000,254,65003.0,0.0,205.73644681125558,268.0928458458169,74.25514309843182
060190031024001,136,30013.0,0.0,93.77532209279117,123.78222984224352,34.28487315682713
060190031024002,115,31028.0,0.0,88.62647023577333,126.46868048504,35.44434226202087
060190031024003,57,13340.0,0.0,41.68080197294446,55.0181273141227,15.238736811117647
060190031024004,135,62001.0,0.0,193.16631836088584,252.8480062088067,70.82585614888345
060190031024005,207,20513.0,0.0,98.27058380380083,81.19320523281833,23.432699265851294
060190031024006,59,17714.0,0.0,82.52660070819834,73.05589227616422,20.235306137341677
060190031024007,258,67283.0,0.0,241.03843384088972,277.4935276869243,76.85966483226602
060190031024008,62,16659.0,0.0,71.38819378709726,68.7053123663293,19.030143668396466
060190031025000,0,155244.0,0.0,132.91544651159688,388.5148330898237,177.34051405585816
060190031025001,106,87420.0,0.0,219.1796239968088,258.9420760755793,99.86284647885343
060190031025002,203,163486.0,0.0,522.3081480374079,598.8174846774087,186.75563165685006
060190031025003,108,28228.0,0.0,89.96251111594827,109.59393060506783,32.24580679941746
060190031025004,160,81027.0,0.0,253.50318263328836,315.755524291227,92.55990461727357
060190031025005,632,60333.0,0.0,189.97662770463512,235.1779820698451,68.92044288044686
060190031025006,201,30896.0,0.0,98.70726647895383,90.64136977228688,35.29355416164099
060190031025007,67,16789.0,0.0,53.638182695753706,49.25512097608257,19.17864710058877
060190031025008,140,28255.0,0.0,89.62261644946781,82.89372183388518,32.27664981994971
060190031025009,55,64186.0,0.0,147.09808838200402,240.76234174644338,73.32185614380789
060190031025010,94,20528.0,0.0,65.58504060792009,76.77030044372506,23.4498342772581
060190031025011,66,21049.0,0.0,67.247216045669,78.59931214626118,24.04499034012109
060190031025012,118,27978.0,0.0,95.72575512904942,108.62304541401895,31.96022327597073
060190031025013,103,80946.0,0.0,286.418147960408,315.4579120528295,92.46737555567684
060190031031000,400,78267.0,0.0,375.3041597743153,284.5410646586348,89.40706251842165
060190031031001,42,15988.0,0.0,76.6645221439312,65.93820651671138,18.26363749146544
060190031031002,68,16859.0,0.0,80.84024357666812,71.43379917113703,19.258610487153852
060190031031003,107,27918.0,0.0,133.8740121082873,113.92409652067293,31.891683230343514
060190031031004,106,25643.0,0.0,122.96391982064355,109.73735715301497,29.292873166978247
060190031031005,97,22668.0,0.0,108.69495991023116,97.03296239822322,25.89442923796213
060190031031006,73,16310.0,0.0,78.20755270586919,69.8165814425344,18.631469069664828
060190031031007,54,36408.0,0.0,174.58251441989262,112.58705952995678,41.59009968659455
060190031031008,398,60501.0,0.0,289.4935924399754,219.8218029872499,69.11235500820305
060190031031009,98,27278.0,0.0,130.80358483086061,116.76952950650114,31.16058941031988
060190031032000,695,147029.0,0.0,592.3982387158167,617.9729878585209,167.95623947539855
060190031032001,52,14097.0,0.0,66.63562666154132,60.34456240977477,16.10348372011435
060190031032002,84,27726.0,0.0,132.95308719227978,118.68840948016997,31.672355084336424
060190031032003,428,92252.0,0.0,436.72723865574807,394.90172935947226,105.38260482003187
060190031032004,190,39048.0,0.0,186.50262640441252,167.15453486471134,44.60586169419204
060190031033000,463,87379.0,0.0,418.9978344678397,266.31815290880746,99.81601078100816
060190031033001,95,23314.0,0.0,111.79258658898839,75.228990170842,26.632377062548485
060190031033002,109,23637.0,0.0,112.66924348017136,76.1298599742916,27.001350974841664
060190031033003,24,8647.0,0.0,29.609876151189074,18.378339726740183,9.877762908975583
060190031033004,77,15503.0,0.0,74.00536221132096,32.95200838886119,17.709605455978778
060190031033005,100,30636.0,0.0,126.37652000081002,65.11721872784976,34.99654729725639
060190031033006,119,30384.0,0.0,116.05794282805952,64.58038055954275,34.70867910562208
060190031033007,57,13774.0,0.0,39.40902713443925,29.276095087771143,15.734509807821174
060190031033008,48,13822.0,0.0,39.545665516155275,29.37760072103916,15.789341844322948
060190031033009,83,59492.0,0.0,200.8857906579164,126.44949069491388,67.95973990757204
060190031034000,119,35708.0,0.0,105.55731331063063,135.4963371510489,40.790465820943695
060190031034001,186,60127.0,0.0,215.32709746901412,223.5257081030405,68.68512205712675
060190031034002,139,33737.0,0.0,109.44790276529437,127.74598809120651,38.53892532208966
060190031034003,116,33932.0,0.0,120.16563198652874,81.41171321750913,38.76168047037811
060190031034004,78,19149.0,0.0,68.57728307080347,55.00322885754389,21.874555561925924
060190031034005,239,46680.0,0.0,167.16868885015782,121.3215329713666,53.32415549797389
060190031034006,122,30249.0,0.0,108.32733484020821,83.54483372053093,34.55446400296085
060190031034007,106,32768.0,0.0,117.35001135499253,72.13532328729917,37.432003585210126
060190031035000,144,33781.0,0.0,120.9762410366464,74.33364960450577,38.589188022216284
060190031035001,153,43108.0,0.0,157.0098743871,101.09831990742842,49.24373811496698
060190031035002,162,27546.0,0.0,98.64668310935649,66.35480745133641,31.466734947454775
060190031035003,130,55803.0,0.0,210.0218806712703,129.4337226265887,63.745669435592056
060190031035004,155,43662.0,0.0,156.36160361644377,94.48141766778247,49.87659120292494
060190031035005,106,29963.0,0.0,107.30129978423126,67.76624956715199,34.22775645213778
060190031035006,0,58101.0,44730.0,375.9070366368631,231.99725425520165,66.37075318311442
060190031035007,42,10287.0,0.0,46.205853361180445,27.05729870215842,11.75119082278615
060190031041000,50,46435.0,0.0,82.36990442080017,92.88733767058527,53.0442836449961
060190031041001,51,36337.0,0.0,64.45687162021156,97.55493737100248,41.50899396593568
060190031041002,85,53098.0,0.0,94.1904300213419,152.86226198396193,60.65565571189841
060190031041003,48,30991.0,0.0,54.97536901817782,90.77032253441583,35.40207590055075
060190031041004,106,40404.0,0.0,73.28131484633168,68.97961377890117,46.15486672536712
060190031041005,66,37633.0,0.0,78.86059672620458,62.950195792102946,42.98945895148354
060190031041006,51,35972.0,0.0,63.81085944318543,61.51178547620063,41.09204202170345
060190031041007,64,32494.0,0.0,57.641444893716866,55.695654488317956,37.119004043512504
060190031041008,0,8048.0,0.0,14.277449035290527,14.93525118140384,9.193504786797213
060190031041009,57,40319.0,0.0,71.52138202503542,68.80459477051329,46.05776832739523
060190031041010,47,34237.0,0.0,84.61473805684963,57.26985445566334,39.110092368983125
060190031041011,46,36699.0,0.0,111.96309152281448,61.387848137432044,41.92251890788655
060190031041012,53,21320.0,0.0,71.9272155397098,35.66225625959948,24.354562879537347
060190031041013,1,16093.0,0.0,41.162482568972884,29.642222838626346,18.383582571313067
060190031041014,54,41641.0,0.0,73.86660082909208,70.94093997406901,47.56793399938155
060190031041015,55,63715.0,0.0,152.57779773214565,107.6240625177743,72.78381678563424
060190031041016,57,61026.0,0.0,173.2823152095262,102.92191175029468,69.71208040744119
060190031041017,36,21764.0,0.0,47.22784642482229,36.40588565586612,24.861759217178744
060190031042000,32,30064.0,0.0,85.31368184495759,54.15166887645973,34.343132195610266
060190031042001,36,37081.0,0.0,63.63935381627752,58.1139043483211,42.35889053171315
060190031042002,30,13260.0,0.0,18.12522742908699,22.181327450922126,15.147350083614691
060190031042003,25,19592.0,0.0,24.706846828821977,32.771903815686606,22.380609565473534
060190031042004,64,40059.0,0.0,51.356374717570965,67.0091463818899,45.76076146301063
060190031042005,19,17817.0,0.0,41.73260949286,29.803593723741965,20.35296654900173
060190031042006,0,263281.0,0.0,381.078345921655,302.2538652115048,300.7548625463167
060190031042007,0,215391.0,0.0,376.2298832615814,297.8524215460139,246.04848279486066
060190031042008,692,197206.0,0.0,307.30885679455116,704.1912309320744,225.27513729934532
060190031042009,157,15295.0,0.0,27.37662697389594,36.312920993987944,17.471999964471095
060190031042010,27,6359.0,0.0,11.381582740071632,24.6020473825276,7.264102502391088
060190031042011,54,4667.0,0.0,7.610515595437235,16.601359801702195,5.331273215703603
060190031042012,0,131979.0,0.0,70.59176758660344,224.88532021216767,150.76411136390524
060190031042013,0,18788.0,0.0,16.89824424184891,39.93362770532957,21.46217295406884
060190031042014,23,79390.0,0.0,39.8953946627668,29.31518864967246,90.68990370574437
060190031042015,0,22890.0,0.0,11.182633097075692,8.452126287276467,26.148027406782827
060190031042016,0,38099.0,0.0,19.14599442155419,14.06850196865587,43.52178663918825
060190031042017,0,88763.0,0.0,44.605999603545115,54.88467004515486,101.39700116680928
060190031042018,353,93554.0,0.0,109.26832596617908,338.48539402698054,106.86992381014245
060190031042019,279,8295.0,0.0,14.846248188209403,12.227191558656124,9.475661307962584
060190031042020,446,275272.0,0.0,317.72599649779306,411.298677547943,314.4525906649158
060190031042021,0,63634.0,0.0,113.89704324287474,9.588607297501325,72.69128772403751
060190031042022,0,112893.0,0.0,202.06332172692188,0.0,128.9615228498879
060190031042023,0,374248.0,40460.0,233.2119442473717,21.207846722704737,427.516249931571
060190031042024,0,4274267.0,0.0,506.76990113100914,1153.5308440094534,4882.64092004838
060190031042025,18,120727.0,0.0,158.26715496408903,272.4512882777095,137.9105681406147
060190031042026,0,74564.0,0.0,1.0958738907110714,14.190530983314298,85.17699936912865
060190031042027,0,48294.0,0.0,0.70977485833714,65.15168520542115,55.167882725346
060190031042028,0,8685.0,0.0,0.0,0.0,9.921171604539488
060190031042029,0,77048.0,0.0,28.582934220049477,91.28110980149758,88.01455725809538
060190031042030,0,13485.0,0.0,0.0,0.0,15.40437525471675
060190031042031,0,23540.0,0.0,0.0,0.0,26.89054456774433
060190031042032,0,111408.0,0.0,29.61657914008555,4.18291748110499,127.2651567206143
060190031042033,0,148018.0,0.0,182.47583950584408,126.39071931980881,169.08600789415382
060190031042034,0,22321.0,0.0,0.0,0.0,25.498039307418065
060190031042035,26,86142.0,0.0,110.83473603184315,89.66334537491709,98.40294350699372
060190031042036,64,8214.0,0.0,14.701749374477375,12.1081840725154,9.383132246365843
060190031042037,0,16847.0,0.0,0.0,0.0,19.24490247802841
060190031042038,29,574363.0,0.0,250.7510806818761,284.8200118837981,656.1144371097425
060190031042039,132,88798.0,0.0,95.72410623593011,101.07560288201981,101.43698286009182
060190031042040,15,14957.0,0.0,16.269116655404012,23.511530993875553,17.085891040771113
060190031042041,72,44207.0,0.0,55.74882282843779,50.496786925172394,50.499163284038815
060190031042042,32,12737.0,0.0,16.062642581672954,18.979859136321956,14.549909352564129
060190031042043,56,25887.0,0.0,32.64564728264978,31.9471639335178,29.571602685862256
060190031042044,57,33864.0,0.0,47.194351734397806,40.17986548611821,38.6840017520006
060190031042045,0,3776.0,0.0,8.073018981166582,7.876055754251759,4.313453538139448
060190031042046,44,23929.0,0.0,30.17703263027411,30.02110760474579,27.33491253022745
060190031042047,0,434406.0,0.0,3.9238065628739314,0.0,496.23678434560514
060190031042048,0,82224.0,0.0,0.0,0.0,93.92727852753653
060190031042049,0,17597.0,0.0,0.0,0.0,20.101653048368608
060190031042050,0,2373.0,0.0,2.992461713204226,4.9492196295788204,2.710758804556385
060190031042051,0,5501.0,0.0,6.936811669722467,11.472763153825127,6.283979849921902
060190031042052,92,46003.0,0.0,58.47354673695964,46.080592555335045,52.55079531648014
060190031042053,73,39804.0,0.0,50.196210457220346,39.8709935790588,45.469466269094966
060190031042054,93,47019.0,0.0,59.29505339167147,47.0982305539604,53.71140675576766
060190031042055,53,40824.0,0.0,51.482935745179695,61.888388423474446,46.634647044757635
060190031042056,63,32227.0,0.0,40.64068904778397,53.9070307799657,36.814000840471394
060190031042057,0,2303.0,0.0,2.68702105169665,4.804141183548728,2.6307954179913
060190031042058,52,28883.0,0.0,36.42389367286967,28.931602954230797,32.9940356308479
060190031042059,36,26485.0,0.0,33.4000616973822,26.529764564825616,30.25471847394684
060190031042060,0,87412.0,0.0,225.17103240355945,147.67707911932115,99.85370780610313
060190031042061,0,12345.0,0.0,5.7574507804322,20.85641375992782,14.102114387799652
060190031042062,0,142134.0,0.0,471.1249045140389,289.65411293921574,162.36451408631152
060190031042063,0,49504.0,0.0,200.34989045453213,127.4329507039096,56.55010697882818
060190031042064,13,151972.0,0.0,354.1217720788904,156.29022549040764,173.60279690098733
060190032011000,62,34518.0,0.0,118.84715396149532,130.11889364359095,39.43108824933725
060190032011001,0,3151.0,0.0,9.931348672457144,11.876671756767466,3.5994947295226165
060190032011002,0,7309.0,0.0,23.03957263962787,27.5524957064427,8.34931989148867
060190032011003,54,10725.0,0.0,33.807474699384166,36.04138226345037,12.251533155864825
060190032011004,0,11169.0,0.0,35.20637288444694,33.97173281433773,12.758729493506221
060190032011005,39,19808.0,0.0,62.43968187326058,60.25000634324722,22.62735372973151
060190032011006,60,10472.0,0.0,33.00939213471466,35.296512580627514,11.962522630136732
060190032011007,62,22297.0,0.0,70.28400135323957,75.69263137402297,25.47062328916718
060190032011008,15,2330.0,0.0,7.345587210644998,7.087987362500727,2.661638438523547
060190032011009,55,14702.0,0.0,46.751885981248904,55.4225430664979,16.794595846855444
060190032011010,62,15983.0,0.0,50.78694680697315,54.83723117402246,18.2579258209965
060190032011011,32,8798.0,0.0,27.956037040703272,26.761005519215608,10.050255357137411
060190032011012,44,7740.0,0.0,24.583367292430694,23.54317677517169,8.841665885910839
060190032011013,72,16312.0,0.0,51.82993989941106,49.61544131494938,18.633753737852402
060190032011014,51,17012.0,0.0,54.041551438831334,51.74373161959618,19.433387603503252
060190032011015,109,32931.0,0.0,103.18568010058632,95.78205275452281,37.618204042497396
060190032011016,72,28430.0,0.0,92.20176693578101,85.77211637788838,32.47655828636242
060190032011017,64,22337.0,0.0,72.44134599479689,76.89056348377738,25.516316652918658
060190032011018,0,30450.0,0.0,97.59493167105437,104.01885202564378,34.78407315581202
060190032011019,0,20850.0,0.0,66.95413775044572,70.24953650567144,23.81766585545749
060190032011020,113,93394.0,0.0,299.9704718266887,313.8546699597589,106.68715035513654
060190032011021,66,20039.0,0.0,66.91865478200086,75.5397531490798,22.89123290539629
060190032011022,71,20491.0,0.0,64.64333285406097,77.24227147685517,23.407567915787983
060190032011023,39,20691.0,0.0,66.35383818907393,77.99790153809832,23.63603473454537
060190032011024,49,20424.0,0.0,66.2377527396029,76.99214011647362,23.33103153150426
060190032011025,73,20358.0,0.0,65.17404200988288,76.74170095648579,23.25563748131432
060190032011026,77,20445.0,0.0,55.816553074673784,60.10971785107205,23.355020547473785
060190032011027,73,20248.0,0.0,58.61065719649142,67.75796406154278,23.129980730997758
060190032011028,248,40825.0,0.0,132.39900315114863,118.35294706648199,46.63578937885142
060190032011029,33,20228.0,0.0,65.60271216265036,64.17070772400572,23.10713404912202
060190032011030,32,20473.0,0.0,66.39568150982689,54.04350437867581,23.38700590209982
060190032011031,44,20332.0,0.0,65.93753922036768,53.67059436008099,23.22593679487586
060190032011032,31,20547.0,0.0,66.63659008348375,54.23959459507578,23.47153862504005
060190032011033,45,20237.0,0.0,65.58907452567115,74.36684038532572,23.117415055966102
060190032011034,64,20573.0,0.0,63.917362597063864,75.52996713205039,23.50123931147851
060190032011035,46,21548.0,0.0,69.68211049682021,58.23587624365099,24.615015052920768
060190032011036,49,20557.0,0.0,66.66893381748682,59.19571034884937,23.48296196597792
060190032011037,34,18279.0,0.0,46.70792654296645,51.166474342693846,20.880724900331295
060190032011038,0,20300.0,0.0,49.57395030579969,56.82259105019305,23.18938210387468
060190032012000,0,23176.0,0.0,19.2624300981363,28.20070137120701,26.47473495760589
060190032012001,88,20718.0,0.0,80.93394025936792,59.431139819729175,23.666877755077618
060190032012002,421,39336.0,0.0,153.66204746817073,134.77916195045316,44.93485391320268
060190032012003,250,42397.0,0.0,165.62138170486875,138.96823358672054,48.431538574284474
060190032012004,80,35536.0,0.0,138.81219444060386,101.93210549301126,40.59398435681235
060190032012005,40,20806.0,0.0,45.66219179163854,42.140985147569126,23.767403155330868
060190032012006,108,29445.0,0.0,45.81422860748775,38.094687457429536,33.636027391556155
060190032012007,122,30800.0,0.0,64.79398498988802,39.74137346453008,35.18389008863745
060190032012008,108,29488.0,0.0,79.14108489095649,38.394514997924446,33.68514775758899
060190032012009,129,31023.0,0.0,74.21141368665425,40.66752551035273,35.43863059155193
060190032012010,75,41723.0,0.0,110.69977020388377,56.520547835731655,47.66160539507208
060190032012011,196,70601.0,0.0,193.32403835340335,253.81232896198583,80.64992935545105
060190032012012,87,30841.0,0.0,83.79942226285507,104.16691916896605,35.23072578648271
060190032012013,126,30567.0,0.0,83.05446542973222,115.3227083341258,34.917726244785094
060190032012014,203,48237.0,0.0,180.94020928717185,138.36629232372331,55.102769682000144
060190032012015,91,32692.0,0.0,121.16000286808257,93.77792614144471,37.345186194082316
060190032012016,72,30471.0,0.0,82.79378824464449,87.40574544854316,34.80806217178154
060190032012017,97,25724.0,0.0,83.2718631240272,73.78815998087185,29.38540222857499
060190032012018,144,40999.0,0.0,157.70738095073983,137.56151950125872,46.83455551117034
060190032012019,120,41258.0,0.0,132.43924514554897,138.24890601759742,47.13042004146116
060190032012020,84,77952.0,0.0,211.80699711334475,195.36570484105454,89.04722727887876
060190032012021,83,44655.0,0.0,121.33409434113251,91.78816057932386,51.01092895805536
060190032021000,66,29833.0,0.0,96.75131484678214,78.75181018799886,34.07925301994548
060190032021001,61,30239.0,0.0,96.12760356577468,79.82522627371111,34.543040662022975
060190032021002,55,15553.0,0.0,50.43920999650247,41.05555669158215,17.766722160668124
060190032021003,0,11516.0,0.0,34.633348589008804,30.399564076283436,13.155119424050286
060190032021004,0,13112.0,0.0,38.12560651008248,34.613134469275856,14.978284637734227
060190032021005,53,20539.0,0.0,60.60642370952726,54.216957619668584,23.462399952289758
060190032021006,57,23245.0,0.0,58.09776782089435,64.8033916267606,26.553556010077187
060190032021007,0,2613.0,0.0,6.380265782128781,7.31318023060651,2.984918987065248
060190032021008,33,15318.0,0.0,49.678821191780266,40.43662975592867,17.498273648628196
060190032021009,107,29304.0,0.0,94.90541470449094,77.35486101614335,33.474958284332196
060190032021010,150,101913.0,0.0,248.8797097696347,281.5192900059806,116.4186945001074
060190032021011,39,10699.0,0.0,26.128174311714815,29.672634340150566,12.221832469426365
060190032021012,78,5163.0,0.0,12.608232824385155,14.451792790897326,5.89787092622192
060190032021013,129,35154.0,0.0,84.46914752761018,96.91307462568813,40.15761273298574
060190032021014,45,12225.0,0.0,29.854150009342078,33.32337549098452,13.96503429654522
060190032021015,110,30651.0,0.0,66.48585211007867,85.07990704269864,35.01368230866319
060190032021016,106,33087.0,0.0,71.02699995827535,125.27718943990357,37.796408161128156
060190032021017,92,16934.0,0.0,36.35272330685489,78.66847072583603,19.344285544187873
060190032021018,23,6789.0,0.0,14.574597030523156,22.584892114761487,7.755306162719468
060190032022000,64,20322.0,0.0,65.90747610207978,74.76167208458213,23.214513453937993
060190032022001,65,19547.0,0.0,63.39217454560183,51.59876643666891,22.329204531253122
060190032022002,357,103836.0,0.0,336.75189878984276,315.77268142951004,118.61540296245967
060190032022003,85,20378.0,0.0,66.08721865661207,74.71147315577319,23.27848416319006
060190032022004,111,71651.0,0.0,183.24687705107198,168.80405709799984,81.84938015392733
060190032022005,36,9354.0,0.0,23.93029467871365,24.693362312486812,10.685393113282943
060190032022006,34,18781.0,0.0,56.46553344181426,49.577549077036146,21.454176615412333
060190032022007,50,9682.0,0.0,26.154568286143267,25.559368810230474,11.060078696045057
060190032022008,0,2563.0,0.0,6.258871090054876,6.765558051549456,2.9278022823759016
060190032022009,0,3249.0,0.0,7.933981929747439,8.576277503293337,3.7114434707137356
060190032022010,0,40893.0,0.0,88.68146834883439,81.66950000236811,46.71346809722893
060190032022011,0,10640.0,0.0,23.509205722532094,23.192265207343183,12.154434757892936
060190032022012,0,59666.0,0.0,192.81166220640915,175.5858847198311,68.15850603989097
060190032022013,104,29664.0,0.0,95.75014281207278,108.4979134187316,33.886198558095494
060190032022014,116,35599.0,0.0,111.03794025773351,79.6547910497246,40.66595140472092
060190032022015,283,38461.0,0.0,85.42272356373181,64.56041660346114,43.93531158113912
060190032022016,105,29672.0,0.0,95.50258176484787,56.540206055449204,33.89533723084579
060190032023000,137,34338.0,0.0,93.30145084075424,58.01181956460164,39.2254681124556
060190032023001,239,50274.0,0.0,136.60054319856133,168.30339837267502,57.42970423104412
060190032023002,735,95011.0,0.0,260.55450045245215,207.8360505453354,108.53430458479001
060190032023003,60,15250.0,0.0,41.43593888001529,37.646997921163944,17.420594930250683
060190032023004,0,10008.0,0.0,40.50256972394899,16.907355163920858,11.432479610619596
060190032023005,191,39055.0,0.0,136.88882267901613,106.66297911646609,44.613858032848555
060190032023006,587,76182.0,0.0,272.67061447068056,228.54075739997268,87.0252959328759
060190032024000,334,131987.0,0.0,396.28577888289766,497.9632188072444,150.77325003665553
060190032024001,124,30832.0,0.0,93.68998388686535,116.32407391195508,35.220444779638626
060190032024002,117,40537.0,0.0,130.56387119290963,128.28069291584887,46.306797159840784
060190032024003,193,38840.0,0.0,125.68350027159684,146.47843095700574,44.368256202684364
060190032024004,263,76024.0,0.0,244.85689041260758,242.73768009821512,86.84480714605758
060190033011000,75,66952.0,0.0,203.51758710828597,210.9877086493718,76.48155224722254
060190033011001,70,52693.0,0.0,155.70595080693997,150.81915536662933,60.193010403914705
060190033011002,137,55355.0,0.0,160.70224697276328,161.04060982422757,63.23390376157551
060190033011003,161,30493.0,0.0,95.08438896228594,82.21682805565067,34.833193521844855
060190033011004,102,19084.0,0.0,55.29969016928031,51.4535688967509,21.800303845829774
060190033011005,134,39954.0,0.0,117.14847204148275,112.71252893254437,45.640816383163006
060190033011006,52,14320.0,0.0,45.08806636004391,38.63328488216786,16.358224223028838
060190033011007,50,18391.0,0.0,53.59561803102399,57.955455621346054,21.00866631883543
060190033011008,57,12257.0,0.0,38.679765198527235,38.627070606896474,14.001588987546402
060190033011009,86,25391.0,0.0,117.56585469020605,68.49201577971019,29.00500497534394
060190033011010,302,44643.0,0.0,206.70634681225894,173.94701215704745,50.997220948929915
060190033011011,128,26678.0,0.0,123.52289620096379,71.98281892492982,30.47518895404772
060190033011012,115,26909.0,0.0,100.50265707864168,84.79949552187801,30.7390681297125
060190033011013,42,13971.0,0.0,46.77118437193512,44.02677246224275,15.9595496242972
060190033011014,73,27889.0,0.0,87.28352157712082,101.12752704393144,31.85855554162369
060190033011015,110,34643.0,0.0,89.8844843500633,121.24387972586868,39.573880011060616
060190033011016,179,34791.0,0.0,161.09091051308906,134.80907022844045,39.74294545694109
060190033011017,108,21245.0,0.0,98.36696555593805,82.31848169181193,24.268887822503327
060190033011018,102,27347.0,0.0,115.91943782887509,101.31936748204623,31.239410462791177
060190033011019,102,27408.0,0.0,126.90654122693479,113.08425905668079,31.30909284251218
060190033011020,101,21001.0,0.0,97.2368982861103,95.33456770494257,23.990158303619317
060190033011021,235,34588.0,0.0,160.15217662878769,156.9795334705105,39.511051635902334
060190033012000,65,48023.0,0.0,151.15361435774557,146.06918834135945,54.85831018592974
060190033012001,0,20192.0,0.0,63.64966167068902,61.417553779158865,23.06601002174569
060190033012002,101,28287.0,0.0,87.06079327929402,86.03971444405886,32.31320451095089
060190033012003,73,28281.0,0.0,86.13560399588052,86.30907627535767,32.30635050638817
060190033012004,103,28465.0,0.0,86.52540536267152,89.10219257375475,32.51653997964496
060190033012005,86,26606.0,0.0,80.87610060967852,83.84466126287616,30.39294089929506
060190033012006,76,27804.0,0.0,84.51846725556281,87.62072112873498,31.761457143651803
060190033012007,89,31451.0,0.0,95.60221798086152,99.11130138766525,35.92754958369274
060190033012008,122,31347.0,0.0,82.9165533041762,98.26659007413897,35.8087468379389
060190033012009,67,19370.0,0.0,52.07485047481187,58.917273634555265,22.127011396652836
060190033012010,123,35769.0,0.0,106.81429106394062,108.79686244681147,40.8601482006647
060190033012011,41,233437.0,0.0,572.2811261144154,701.5447550758345,266.6630438513396
060190033012012,51,20827.0,0.0,50.86189200953192,69.36183007375874,23.79139217130039
060190033012013,72,25279.0,0.0,61.732613972335336,97.95062338251262,28.877063556839804
060190033012014,83,26772.0,0.0,65.379392000877,103.73693564515845,30.582568358863693
060190033021000,53,18557.0,0.0,89.50128427976796,72.17178349617528,21.19829377840406
060190033021001,67,20246.0,0.0,97.19652345529305,78.45037289937105,23.127696062810184
060190033021002,98,32587.0,0.0,152.98423566316572,132.8502389538462,37.22524111423469
060190033021003,121,31159.0,0.0,144.27698742927876,134.1553975554803,35.59398802830695
060190033021004,34,8088.0,0.0,36.81038615180731,36.74266843841258,9.23919815054869
060190033021005,64,11781.0,0.0,39.172366964340675,53.51804910899791,13.457837958903824
060190033021006,61,11065.0,0.0,36.3463488169785,50.264883799691404,12.63992674775238
060190033021007,105,75315.0,0.0,248.72842815962903,276.1985406109203,86.03489227356263
060190033021008,135,24459.0,0.0,107.45343481463888,102.1737563520407,27.94034959993452
060190033021009,69,17678.0,0.0,87.49301159829656,74.02564736916663,20.19418210996535
060190033021010,95,22386.0,0.0,110.74403433361962,88.4239991991729,25.572291023514214
060190033021011,42,10928.0,0.0,54.08435475112942,49.99933314081024,12.483426976903571
060190033021012,250,49261.0,0.0,220.27304306102582,204.85904327923353,56.27251979403796
060190033022000,173,45375.0,0.0,139.8705185622552,133.38853239735772,51.83340950558195
060190033022001,88,30420.0,0.0,77.01201327365632,92.24663761575951,34.74980313299841
060190033022002,188,45975.0,0.0,173.21502599225838,143.99089109516837,52.51880996185411
060190033022003,132,30752.0,0.0,114.4019000009853,98.73947069829755,35.129058052135676
060190033022004,48,11988.0,0.0,56.74770910970619,46.45014878074141,13.694301116317718
060190033022005,69,19786.0,0.0,94.894362249791,76.66530628572252,22.6022223796682
060190033022006,70,22241.0,0.0,107.67318911833402,88.0533048671921,25.40665257991511
060190033022007,22,7994.0,0.0,39.5628034666316,36.893013174523965,9.13181874573272
060190033022008,21,3135.0,0.0,15.515213531518231,14.63947604896667,3.581217384022026
060190033022009,144,34076.0,0.0,168.64491610021216,158.77653321425413,38.926176579883425
060190033022010,89,25731.0,0.0,127.34408232051555,104.26133848041194,29.393398567231497
060190033022011,171,43209.0,0.0,152.4091080048767,180.51701720997204,49.35911385843946
060190033022012,25,11224.0,0.0,24.09441048012131,52.141084713570244,12.821557868664502
060190033023000,77,29435.0,0.0,136.29139349955904,114.05557259123682,33.62460405061829
060190033023001,173,33161.0,0.0,153.5441877793632,128.49358866734545,37.88094088406839
060190033023002,163,26848.0,0.0,124.31008830370797,121.79318899942446,30.6693857499915
060190033023003,44,6842.0,0.0,31.678578192957282,31.080959529887767,7.815849869690175
060190033023004,296,45705.0,0.0,194.83902642493024,207.63082322810283,52.21037975653164
060190033023005,54,11170.0,0.0,50.70082935281498,50.745340590750665,12.759871827600008
060190033023006,125,26303.0,0.0,121.79008575908914,119.49250700466608,30.046813668877622
060190033023007,160,56858.0,0.0,263.2628160060045,238.9224781196833,64.95083190453727
060190033023008,59,15333.0,0.0,70.99308517003435,69.6537954964868,17.515408660035
060190033023009,163,37419.0,0.0,173.25872409900575,144.99171573591082,42.74499945541314
060190033023010,71,15599.0,0.0,72.2250178533829,60.44156975111228,17.81926952898232
060190033024000,0,8737.0,0.0,21.336266872275676,24.456029014078084,9.980572977416408
060190033024001,46,7493.0,0.0,18.2976155128418,20.97306986968599,8.559509364745466
060190033024002,105,31335.0,0.0,76.52096449354515,88.95112981887276,35.79503882881345
060190033024003,102,28205.0,0.0,77.78173159999935,109.28678399096809,32.21953311526036
060190033024004,57,28886.0,0.0,133.67735547826453,111.92888111147425,32.99746263312926
060190033024005,118,28191.0,0.0,110.39305913706039,109.23566975807847,32.203540437947346
060190033024006,118,29686.0,0.0,72.494005803735,92.45158539746188,33.911329908158805
060190033024007,72,22572.0,0.0,55.123155178684904,63.18319368929331,25.784765164958586
060190033024008,60,17157.0,0.0,41.899172983189736,48.02561742767862,19.59902604710236
060190033024009,92,29663.0,0.0,118.43650066089295,114.93973910623534,33.88505622400171
060190033024010,126,39014.0,0.0,124.69762283915466,132.2854560884753,44.56702233500329
060190033024011,104,31601.0,0.0,77.1725145240683,88.45658266218894,36.09889969776078
060190033024012,99,26080.0,0.0,80.3501782542303,82.21068054384855,29.792073165963135
060190034011000,0,40608.0,0.0,158.99555661044832,184.47679375173385,46.38790288049965
060190034011001,86,41009.0,0.0,134.71224369817114,164.73951779362685,46.84597885210822
060190034011002,64,25691.0,0.0,84.39207055140956,78.5989183028762,29.347705203480018
060190034011003,611,46018.0,0.0,151.1665290739873,140.78959778072698,52.56793032788695
060190034011004,38,13427.0,0.0,44.10587824161775,41.07819962158301,15.33811987727711
060190034011005,247,11623.0,0.0,38.17939249014639,35.55854159732237,13.277349172085488
060190034011006,217,40445.0,0.0,132.85917377416186,162.61918336357354,46.20170242321239
060190034011007,135,40071.0,0.0,131.80712416456484,182.03899606192587,45.774469472136076
060190034012000,0,6545.0,0.0,21.50028742099209,20.02438527043212,7.4765766438354575
060190034012001,53,11346.0,0.0,37.270212151965524,34.71177257439945,12.960922628106509
060190034012002,86,50888.0,0.0,167.16443641996224,155.6487537519813,58.1310973646293
060190034012003,0,16310.0,0.0,53.934802321639175,47.77861912132741,18.631469069664828
060190034012004,152,67025.0,0.0,211.7349832950755,176.5686980903808,76.56494263606899
060190034012005,50,10214.0,0.0,20.08377302144172,23.47266683081982,11.667800433939703
060190034012006,31,10462.0,0.0,35.565717793129465,23.88191999268168,11.951099289198861
060190034012007,85,20405.0,0.0,69.36800456808594,47.01508722341098,23.309327183722306
060190034012008,40,9570.0,0.0,32.53386654333101,21.96647938281439,10.932137277540921
060190034012009,49,13382.0,0.0,45.32929820101387,25.24907552208217,15.286714843056698
060190034012010,73,66650.0,0.0,162.7515182354627,154.54947326740518,76.13656735089889
060190034012011,47,9370.0,0.0,16.247558208007746,28.668294416479306,10.703670458783535
060190034012012,44,9926.0,0.0,17.21137655779405,22.86506505829753,11.338808214929067
060190034012013,50,20183.0,0.0,34.99524432398332,40.59085398239398,23.05572901490161
060190034012014,60,20179.0,0.0,34.98940889138946,53.78999886718361,23.05115967852646
060190034012015,0,7672.0,0.0,25.20145442477248,23.471483096740602,8.763987167533328
060190034013000,54,20265.0,0.0,66.56815519068027,92.05988206045964,23.149400410592136
060190034013001,76,20567.0,0.0,67.56057303770626,82.90455634691654,23.49438530691579
060190034013002,47,20700.0,0.0,67.99650989977397,63.328842290192874,23.64631574138945
060190034013003,165,98869.0,0.0,326.16321279503984,295.73149432708897,112.94142951861998
060190034013004,0,15474.0,0.0,51.07637706496639,41.40997827806413,17.676477767258955
060190034013005,53,20322.0,0.0,67.09300918825485,81.77199062290367,23.214513453937993
060190034013006,489,48624.0,0.0,159.72553235634774,148.76106234308168,55.54485297629569
060190034013007,130,8219.0,0.0,26.999330808730242,25.145943008650026,9.388843916834778
060190034013008,150,7967.0,0.0,26.17034728704154,24.373865636097005,9.100975725200472
060190034013009,57,20096.0,0.0,66.34733438020616,91.29130781351977,22.956345948742147
060190034013010,56,20268.0,0.0,66.94050974650544,79.21767131693348,23.1528274128735
060190034013011,38,19908.0,0.0,65.75096084167456,56.684240812259134,22.7415871391102
060190034021000,79,48110.0,0.0,131.48316100436216,127.95227877012344,54.95769325208921
060190034021001,74,18061.0,0.0,49.36023288911254,47.36574225077068,20.631696067885745
060190034021002,55,18355.0,0.0,50.1658003103256,49.49023992059401,20.9675422914591
060190034021003,0,40635.0,0.0,134.63605130799132,109.55982364444813,46.418745901031905
060190034021004,57,20332.0,0.0,55.56886592786275,53.34200904668582,23.22593679487586
060190034021005,56,20282.0,0.0,79.09767017315401,53.197405375847936,23.168820090186514
060190034021006,47,20281.0,0.0,93.90548587622006,53.21296838664368,23.16767775609273
060190034021007,50,20296.0,0.0,93.97503018476937,54.722386612958545,23.184812767499533
060190034021008,95,20176.0,0.0,93.41908544984814,74.69392709353367,23.0477326762451
060190034021009,62,20241.0,0.0,89.50778470795274,68.50043600558463,23.12198439234125
060190034021010,77,20205.0,0.0,78.64086309535222,81.12368642339176,23.08086036496492
060190034021011,74,20189.0,0.0,93.47959821524901,91.71609885080808,23.06258301946433
060190034021012,71,20150.0,0.0,92.67126636973856,91.54100556561356,23.01803198980664
060190034021013,68,20384.0,0.0,69.31703294871478,81.92526842341614,23.285338167752784
060190034022000,0,10674.0,0.0,29.135799879016712,26.592876901460674,12.19327411708169
060190034022001,237,77224.0,0.0,186.2650042232604,192.39426229262844,88.21560805860189
060190034022002,64,20143.0,0.0,54.532387075720045,50.18424923797868,23.010035651150133
060190034022003,84,18366.0,0.0,50.1951527328563,45.75676951272135,20.980107966490756
060190034022004,45,60953.0,0.0,130.04305101011448,145.89083249179058,69.62869001859475
060190034022005,51,20265.0,0.0,56.54385493697545,50.4865796649646,23.149400410592136
060190034022006,0,11694.0,0.0,25.73437504811593,18.370247896912016,13.35845489274436
060190034022007,41,37171.0,0.0,81.13339082015553,58.390364272956134,42.461700600153975
060190034022008,71,31347.0,0.0,102.98101937584403,55.64334945822114,35.8087468379389
060190034022009,0,11188.0,0.0,36.75271441615017,19.838500747890883,12.780433841288174
060190034022010,58,37547.0,0.0,123.33954358567385,96.15548080215973,42.891218219417865
060190034022011,77,20278.0,0.0,66.61203381732783,50.51986333579807,23.164250753811366
060190034022012,55,20541.0,0.0,67.47648337916768,51.17547871371315,23.46468462047733
060190034022013,60,20452.0,0.0,56.80869924216479,50.95208529414802,23.363016886130293
060190034022014,65,20384.0,0.0,70.11150411230891,50.78412604717046,23.285338167752784
060190034022015,50,20452.0,0.0,73.6976333799297,50.95325597825801,23.363016886130293
060190034022016,108,20164.0,0.0,66.31445045532796,56.44372141690549,23.034024667119656
060190034022017,63,20283.0,0.0,66.62708320719275,56.870437711302166,23.169962424280303
060190034022018,69,20475.0,0.0,67.26015229986469,57.34232655674292,23.389290570287393
060190034022019,55,20336.0,0.0,66.80242659175374,62.216727659509225,23.23050613125101
060190034022020,55,80369.0,0.0,264.0076144755173,245.8846285665855,91.80824878356178
060190034022021,36,20605.0,0.0,67.68434585628046,63.03810696409734,23.537794002479693
060190034022022,70,18170.0,0.0,36.51202718585263,45.268068566157964,20.756210484108518
060190034022023,53,20361.0,0.0,40.91396728111539,50.72564902429492,23.259064483595683
060190035001000,92,19844.0,0.0,67.46275391229133,37.442703298658536,22.66847775710784
060190035001001,40,20181.0,0.0,68.60890196991798,38.07883033423497,23.053444346714034
060190035001002,17,25679.0,0.0,87.30029605008916,53.65833131730972,29.333997194354577
060190035001003,68,10153.0,0.0,34.51760245109243,32.004887549170334,11.5981180542187
060190035001004,28,20318.0,0.0,69.07455383138594,38.33727315606345,23.209944117562845
060190035001005,69,20336.0,0.0,69.13451978614093,38.370555038609055,23.23050613125101
060190035001006,74,20304.0,0.0,69.02636115043656,38.310525593159326,23.193951440249826
060190035001007,41,20180.0,0.0,68.60319117202049,38.07566076734252,23.05230201262025
060190035001008,33,14168.0,0.0,48.16711764706812,26.733374939829766,16.184589440773223
060190035001009,111,25512.0,0.0,86.72984068257892,53.35209437677401,29.143227400692158
060190035001010,53,10273.0,0.0,34.92391313158136,32.381620772675646,11.735198145473133
060190035001011,171,72095.0,0.0,228.6983379837248,208.52876308892868,82.35657649156872
060190035001012,94,9907.0,0.0,33.67864415367137,31.227001367606913,11.317103867147116
060190035001013,19,25533.0,0.0,86.80268791892642,53.463378761285966,29.167216416661685
060190035001014,104,11220.0,0.0,38.144482295338904,26.36001574737871,12.816988532289354
060190035001015,0,25693.0,0.0,50.09318832449051,38.79939721148871,29.349989871667592
060190035001016,0,28117.0,0.0,73.72193561933936,53.05125786990641,32.119007715007115
060190035001017,0,59505.0,0.0,172.44867242316263,112.2761010744862,67.97459025079127
060190035001018,11,62127.0,0.0,178.90951403879316,117.22265344524881,70.9697902447006
060190035001019,0,40722.0,0.0,70.60786968318686,59.47829756752945,46.518128967191366
060190035001020,0,20008.0,0.0,34.6925926353952,33.06544843898349,22.855820548488897
060190035001021,0,19859.0,0.0,34.538596552205306,24.880833738158234,22.685612768514645
060190035002000,0,32370.0,0.0,65.04629115504922,50.85035909399666,36.97735461588292
060190035002001,26,19915.0,0.0,41.405667577431274,31.28468103214589,22.749583477766713
060190035002002,55,20403.0,0.0,52.39387849434523,65.56768439447247,23.307042515534732
060190035002003,49,20351.0,0.0,52.3656550274098,67.01635073508989,23.247641142657812
060190035002004,27,20577.0,0.0,52.94760609166119,67.76111820934598,23.50580864785366
060190035002005,0,34967.0,0.0,91.65952950684736,111.38403454273254,39.94399625744758
060190035002006,0,18887.0,0.0,48.59978061574502,58.418619187370716,21.575264029353747
060190035002007,33,20543.0,0.0,47.05688465930733,32.27088742160339,23.466969288664902
060190035002008,35,19379.0,0.0,38.94167589334191,30.442907162505545,22.137292403496918
060190035002009,66,7812.0,0.0,15.697646201114065,12.271736513838112,8.923913940663498
060190035002010,83,15549.0,0.0,31.244320868043605,24.425450053730554,17.762152824292976
060190035002011,25,20420.0,0.0,52.54283829700201,67.24310577392528,23.32646219512911
060190035002012,45,20544.0,0.0,52.86432462502629,67.65453651997696,23.46811162275869
060190035002013,61,20092.0,0.0,51.699609984959565,66.16396173801061,22.951776612367
060190035002014,61,20160.0,0.0,51.87602187088062,64.82009983074504,23.02945533074451
060190035002015,71,20311.0,0.0,52.263746911210376,65.32657117645688,23.201947778906337
060190035002016,48,14666.0,0.0,37.70820593506624,23.03857552110632,16.753471819479117
060190035002017,0,5476.0,0.0,12.808398153755345,8.602298770840605,6.255421497577229
060190035002018,40,20038.0,0.0,40.37706330180259,31.477246102013513,22.890090571302505
060190035002019,50,10269.0,0.0,20.635508228408092,16.1319421118174,11.730628809097984
060190035002020,38,10665.0,0.0,21.42990934515939,16.75297032624988,12.182993110237609
060190035002021,85,20523.0,0.0,52.80855458240117,67.58316331295568,23.444122606789165
060190035002022,77,20259.0,0.0,63.17992807398194,66.71428382826576,23.142546406029414
060190035002023,68,20365.0,0.0,63.1289144703978,65.47593176175381,23.26363381997083
060190035002024,50,14119.0,0.0,43.38516296545571,22.17911211040129,16.128615070177666
060190035002025,0,6387.0,0.0,19.928876641964397,10.032933503045424,7.296087857017122
060190035002026,63,20203.0,0.0,57.718665356328955,31.737096891962413,23.078575696777346
060190035002027,63,20511.0,0.0,57.227698068741844,32.220269150728974,23.430414597663724
060190035002028,31,9941.0,0.0,19.9757322071131,15.61615793705966,11.35594322633587
060190035002029,53,20451.0,0.0,64.10847735704398,67.34529426436262,23.361874552036507
060190035003000,84,296849.0,0.0,707.7908969174518,895.6562859451717,339.1007334065564
060190035003001,45,20301.0,0.0,55.72398518749455,63.99306020315855,23.190524437968467
060190035003002,59,20423.0,0.0,56.05564005012374,64.37503613534476,23.329889197410473
060190035003003,60,20273.0,0.0,55.64498688939373,63.90343663104065,23.158539083342433
060190035003004,59,20186.0,0.0,55.40594520015898,63.62891800332395,23.05915601718297
060190035003005,29,13493.0,0.0,37.023847641998366,42.53236262530159,15.413513927467047
060190035003006,46,13829.0,0.0,37.958660153773984,43.59222581105963,15.797338182979455
060190035003007,41,13173.0,0.0,36.15615886093874,41.52220956012541,15.04796701745523
060190035003008,25,13245.0,0.0,36.35351254112604,41.74885312858953,15.13021507220789
060190035003009,47,13305.0,0.0,36.52020816486697,41.94028858079972,15.198755117835104
060190035003010,60,27091.0,0.0,74.35770490651615,68.1822963326189,30.946972934781723
060190035003011,86,26614.0,0.0,73.05016337626247,66.93747889411989,30.402079572045356
060190035003012,63,26953.0,0.0,73.9800401557062,67.79340145957383,30.789330829839127
060190035003013,84,28224.0,0.0,77.46764706285074,71.04352657714756,32.24123746304231
060190035003014,56,27455.0,0.0,75.05272424020515,69.137299219131,31.362782544920165
060190035003015,67,27437.0,0.0,59.92035719900289,69.0953204013382,31.342220531231998
060190035003016,33,13111.0,0.0,27.934697826807355,41.32652829802327,14.97714230364044
060190035003017,27,13332.0,0.0,28.38356248298678,41.01914404814207,15.22959813836735
060190035003018,53,27519.0,0.0,64.74831743290416,71.26761185953812,31.435891926922526
060190035003019,25,16781.0,0.0,41.566124761483465,45.128405510023285,19.169508427838473
060190035003020,27,8134.0,0.0,17.316306996264526,24.224838670813217,9.29174551886289
060190035003021,8,4824.0,0.0,10.270851072110524,14.368520394533297,5.51061966842815
060190035003022,29,9759.0,0.0,20.776182572588667,29.508169789529184,11.14803842126665
060190035003023,40,9715.0,0.0,25.258503400300604,25.839171989037112,11.097775721140025
060190035004000,149,68171.0,0.0,184.1893300723658,174.73869799266717,77.87405750754881
060190035004001,76,27413.0,0.0,76.42401425531013,70.90322727680564,31.314804512981112
060190035004002,0,12456.0,0.0,37.79593899088128,41.01969043699415,14.228913472210001
060190035004003,36,13205.0,0.0,40.98666950808935,43.48663305967162,15.08452170845641
060190035004004,84,26788.0,0.0,73.52680660328741,69.4043697700236,30.600845704364282
060190035004005,86,27186.0,0.0,74.61991834899187,69.15883462820487,31.05549467369148
060190035004006,51,13243.0,0.0,36.79510404674961,42.44204597711088,15.127930404020315
060190035004007,182,45961.0,0.0,139.41433005089715,145.55768062657188,52.502817284541095
060190035004008,54,13129.0,0.0,36.03578202590808,41.38396721559008,14.997704317328605
060190035004009,91,26633.0,0.0,73.10151892969115,67.03318526971965,30.423783919827308
060190035004010,64,27343.0,0.0,75.04950743798658,68.83786424494153,31.23484112641603
060190035004011,75,13318.0,0.0,36.55505535949081,41.98030755857106,15.213605461054334
060190035005000,41,19883.0,0.0,65.31549071639705,31.234972917178652,22.71302878676553
060190035005001,67,20046.0,0.0,67.40062042038029,31.490781311908172,22.8992292440528
060190035005002,0,20154.0,0.0,68.51394969138288,33.42124371554239,23.02260132618179
060190035005003,0,20450.0,0.0,69.52195701499774,33.898425938970654,23.36073221794272
060190035005004,89,20291.0,0.0,68.98236541314988,65.23561114657365,23.179101097030596
060190035005005,122,20307.0,0.0,69.03689833932803,66.87351152426048,23.19737844253119
060190035005006,209,55669.0,0.0,189.25311907093857,178.83765547670288,63.59259666702461
060190035005007,76,20424.0,0.0,69.43353311134449,65.54538802375794,23.33103153150426
060190035005008,67,19929.0,0.0,67.74919059402549,62.817376426457756,22.765576155079728
060190035005009,86,20214.0,0.0,68.72139989280912,62.33904134861783,23.091141371809005
060190035005010,102,20215.0,0.0,68.72476739055028,62.44894679733285,23.09228370590279
060190035005011,122,20389.0,0.0,69.31399738630176,64.09427168099474,23.291049838221717
060190035005012,76,20492.0,0.0,67.52771789767985,35.67670057385065,23.40871024988177
060190035005013,45,20523.0,0.0,69.71581294775517,35.746845442040396,23.444122606789165
060190035005014,32,20187.0,0.0,68.62750826769056,38.08915707079083,23.060298351276757
060190035005015,0,20327.0,0.0,69.1034151297109,38.35329155091582,23.220225124406927
060190035005016,0,19966.0,0.0,67.8777065292097,37.673007382278904,22.807842516549844
060190035005017,49,20172.0,0.0,68.57569631112717,38.060400762985076,23.043163339869952
060190035005018,65,20243.0,0.0,68.47341261845479,38.19474204346568,23.124269060528825
060190035005019,57,20310.0,0.0,67.79099323291241,38.32173270055708,23.20080544481255
060190036001000,27,20266.0,0.0,58.31813900196328,51.60950541093771,23.150542744685925
060190036001001,34,20661.0,0.0,59.575584177552265,52.61573374011373,23.60176471173176
060190036001002,51,20554.0,0.0,59.266323108018206,52.342601746270546,23.479534963696562
060190036001003,37,20419.0,0.0,58.87768713789158,51.999367735084505,23.325319861035325
060190036001004,47,20313.0,0.0,58.572127297945904,51.72950457885697,23.20423244709391
060190036001005,62,20420.0,0.0,58.87936767855515,52.00085194848021,23.32646219512911
060190036001006,29,20433.0,0.0,56.81896286470712,52.034153224132226,23.34131253834834
060190036001007,65,20645.0,0.0,57.46475084445146,52.5738399084072,23.58348736623117
060190036001008,50,20560.0,0.0,56.43353794148559,52.35824857159301,23.48638896825928
060190036001009,55,20558.0,0.0,56.427855874711625,52.35297682937369,23.484104300071706
060190036001010,37,20206.0,0.0,55.46223003208734,50.51620856637391,23.08200269905871
060190036001011,43,20632.0,0.0,56.6302707392249,51.599992436548234,23.56863702301194
060190036001012,33,20438.0,0.0,56.096734171845405,50.61234938119228,23.347024208817277
060190036001013,52,20626.0,0.0,56.614741068603976,51.0797125250127,23.56178301844922
060190036001014,47,20980.0,0.0,57.58586626042301,51.95589414640004,23.96616928764979
060190036001015,44,20496.0,0.0,56.256634353181106,50.7566166716746,23.41327958625692
060190036001016,41,20108.0,0.0,55.19086544860947,49.79504432786313,22.970053957867588
060190036001017,65,19886.0,0.0,54.2058831053607,49.24520542545316,22.71645578904689
060190036002000,32,20338.0,0.0,55.82441959263505,50.366658061937116,23.232790799438582
060190036002001,73,20255.0,0.0,54.3365069291424,50.160576808089836,23.13797706965427
060190036002002,63,21869.0,0.0,57.49232743857593,54.15731347770087,24.981704297026372
060190036002003,111,29803.0,0.0,79.16571087743579,73.80424042660572,34.044982997131875
060190036002004,53,30853.0,0.0,84.46984565024403,76.40497800787197,35.24443379560815
060190036002005,0,158262.0,0.0,429.1453175422194,402.44592300076744,180.7880783509071
060190036002006,54,20842.0,0.0,56.976859051580654,53.832243687199124,23.808527182707195
060190036002007,54,20797.0,0.0,56.85400997595315,55.950606957283725,23.757122148486783
060190036002008,39,20848.0,0.0,57.04598397078826,56.16049645175863,23.815381187269917
060190036002009,28,10251.0,0.0,30.099355663205465,27.61796615440852,11.71006679540982
060190036002010,32,10948.0,0.0,35.40888609897418,29.51116837943022,12.50627365877931
060190036002011,39,20764.0,0.0,74.93613242038464,56.011656113223395,23.719425123391815
060190036002012,48,20900.0,0.0,76.95441554045891,56.41934665547397,23.874782560146837
060190036002013,31,20684.0,0.0,76.15842352519078,55.881670380990265,23.62803839588886
060190036002014,32,20654.0,0.0,56.46253808221839,56.329071819368,23.593768373075253
060190036003000,60,20559.0,0.0,54.0473612024959,50.35367762518383,23.485246634165495
060190036003001,33,20403.0,0.0,53.63725852332039,49.55253433970419,23.307042515534732
060190036003002,46,20093.0,0.0,52.82407521138588,48.80127868088655,22.952918946460784
060190036003003,42,10065.0,0.0,26.458692891145414,24.443741611106628,11.497592653965452
060190036003004,23,10039.0,0.0,26.393018207583754,24.383068357065813,11.46789196752699
060190036003005,59,19636.0,0.0,51.62113925034955,47.68995183162558,22.430872265600158
060190036003006,41,20060.0,0.0,52.73762105803351,48.7214084093487,22.915221921365816
060190036003007,57,19910.0,0.0,57.58329405949539,48.35485943909259,22.743871807297776
060190036003008,38,20061.0,0.0,72.06102860487066,48.72380176048475,22.916364255459605
060190036003009,57,19957.0,0.0,65.85745093772168,48.46988746228052,22.797561509705762
060190036003010,52,19766.0,0.0,54.63309837892517,48.00707560773323,22.57937569779246
060190036003011,34,10353.0,0.0,27.814192230397342,25.145716363392083,11.826584872976087
060190036003012,28,9883.0,0.0,26.5429628254264,24.002933721934923,11.28968784889623
060190036003013,40,19878.0,0.0,53.37836585884031,48.27898478785684,22.707317116296597
060190036003014,31,20029.0,0.0,53.77346080679689,48.64439412212128,22.879809564458423
060190036003015,30,19832.0,0.0,52.25160711321659,48.575757027324315,22.654769747982396
060190036003016,31,20334.0,0.0,53.45633568208619,49.80524727653792,23.228221463063434
060190036003017,53,19917.0,0.0,54.44587871728099,48.78576588140035,22.751868145954287
060190036004000,58,20003.0,0.0,54.90521289075482,54.18904690449022,22.850108878019963
060190036004001,38,19731.0,0.0,52.9397093163152,53.178116196427474,22.539394004509916
060190036004002,46,19879.0,0.0,52.294655192130406,53.538706573716155,22.708459450390382
060190036004003,19,9320.0,0.0,24.501338275555845,25.08898667202165,10.646553754094189
060190036004004,24,10297.0,0.0,27.0700773402282,27.717273308455532,11.762614163724018
060190036004005,47,19906.0,0.0,52.33222392028728,53.510171563290314,22.73930247092263
060190036004006,50,19760.0,0.0,51.946498407377696,53.09620638746909,22.57252169322974
060190036004007,43,20082.0,0.0,52.79392431995611,53.89925755805778,22.940353271429128
060190036004008,38,20906.0,0.0,54.95918147452138,50.773786772010176,23.88163656470956
060190036004009,49,20731.0,0.0,54.49909046380321,50.34873381002688,23.681728098296848
060190036004010,55,20933.0,0.0,55.032348282894866,50.841381591064504,23.912479585241808
060190036004011,36,10726.0,0.0,28.197631667152855,26.050252193210437,12.252675489958612
060190036004012,35,10063.0,0.0,26.45540607666745,24.440705102683722,11.495307985777877
060190036004013,70,21130.0,0.0,55.54983217983324,51.319456706744276,24.13751940171783
060190036004014,19,10454.0,0.0,27.483604335987884,25.390601330710517,11.941960616448567
060190036004015,32,19710.0,0.0,54.012621726470016,49.88384181126488,22.51540498854039
060190036004016,52,20352.0,0.0,54.98916212340821,49.84235074975523,23.2487834767516
060190036004017,53,20758.0,0.0,55.11228977205468,50.83519054167945,23.712571118829093
060190036004018,30,10779.0,0.0,28.33647676438762,26.178523597045025,12.31321919692932
060190036004019,0,79312.0,0.0,208.50693265926262,193.41848988007496,90.60080164642899
060190036004020,12,20404.0,0.0,53.639631549387694,49.55472664891101,23.30818484962852
060190036004021,29,20719.0,0.0,54.4688970951446,50.320839805402514,23.668020089171403
060190036004022,106,20915.0,0.0,54.98529884742874,50.79791518672571,23.89191757155364
060190036004023,27,3206.0,0.0,8.428369486073398,7.786510345318684,3.6623231046808975
060190036004024,41,17511.0,0.0,46.034367966600435,42.528638902746344,20.00341231630293
060190036005000,43,20353.0,0.0,58.68587914763659,55.17726346118453,23.249925810845387
060190036005001,59,41410.0,0.0,119.40226742826073,117.14281387546902,47.304054823716776
060190036005002,31,13931.0,0.0,40.50742730123316,39.407995750938184,15.913856260545723
060190036005003,49,6824.0,0.0,19.675182202682382,19.30286799720563,7.795287856002011
060190036005004,39,20598.0,0.0,67.81974409979102,58.26800950069033,23.529797663823185
060190036005005,107,20757.0,0.0,77.36879935409928,58.71917242308223,23.711428784735308
060190036005006,48,20494.0,0.0,77.12789489216277,57.97402553339166,23.410994918069346
060190036005007,63,19756.0,0.0,64.9345242521552,55.88559825752455,22.56795235685459
060190036005008,50,19930.0,0.0,65.80487474713213,56.37828972884818,22.766718489173517
060190036005009,33,19779.0,0.0,65.36591612939932,55.951388722539946,22.59422604101169
060190036005010,29,9873.0,0.0,32.30850709076098,27.92929755152244,11.27826450795836
060190036005011,28,9927.0,0.0,29.990799489203432,28.08078930933932,11.339950549022854
060190036005012,43,19887.0,0.0,55.97378655510349,56.25776281724466,22.71759812314068
060190036005013,35,19865.0,0.0,56.20001148744943,56.19414121992816,22.692466773077363
060190036005014,50,19874.0,0.0,57.305705096050005,53.83087324704803,22.70274777992145
060190036005015,38,20189.0,0.0,58.212850655916306,54.71310580512977,23.06258301946433
060190036005016,45,20114.0,0.0,55.88452491038845,54.50387162438285,22.97690796243031
060190037011000,67,30796.0,0.0,107.0211329814232,93.81338131498111,35.1793207522623
060190037011001,545,101189.0,0.0,223.6856529125444,308.24937659546765,115.59164461620567
060190037011002,68,19955.0,0.0,55.468738532548734,60.78957313826081,22.795276841518188
060190037011003,86,20107.0,0.0,38.568292645116806,61.25157481534176,22.968911623773803
060190037011004,43,19749.0,0.0,42.83202571571855,60.16139727846357,22.559956018198083
060190037011005,1,79018.0,0.0,145.91220822696837,180.00027133775274,90.26495542285564
060190037011006,0,60896.0,0.0,84.99342969912755,65.77138781901066,69.56357697524889
060190037011007,83,29005.0,0.0,51.969744371016006,88.3575404944654,33.13340039028991
060190037011008,51,19700.0,0.0,46.63852045630948,60.01283581403915,22.503981647602522
060190037011009,46,19741.0,0.0,61.089515149948106,60.135370351564504,22.550817345447786
060190037011010,75,19839.0,0.0,68.88286127132298,60.43625338379862,22.662766086638904
060190037011011,34,9150.0,0.0,31.796153585236155,27.872108970844458,10.45235695815041
060190037011012,58,18874.0,0.0,29.162718292199827,44.338272300013784,21.560413686134517
060190037011013,156,39856.0,0.0,56.507450419186064,121.41398963790829,45.528867641971885
060190037011014,65,9424.0,0.0,21.319672604727444,33.43350160042176,10.765356499848028
060190037011015,169,23853.0,0.0,79.69411958961086,83.96375630993454,27.248095139099643
060190037011016,91,15333.0,0.0,56.45541886148868,53.76182692807291,17.515408660035
060190037011017,30,15998.0,0.0,58.9040509805208,56.75413851530244,18.275060832403305
060190037011018,49,15977.0,0.0,58.826847498506595,56.67975284845675,18.251071816433782
060190037011019,86,32505.0,0.0,119.68391423674043,112.43564719456737,37.13156971854416
060190037011020,32,7750.0,0.0,28.537292364167712,27.49572256453553,8.853089226848708
060190037011021,21,9279.0,0.0,34.16637211621479,32.91934906633609,10.599718056248923
060190037012000,54,20580.0,0.0,56.27608132125167,68.2613307378439,23.50923565013502
060190037012001,75,20609.0,0.0,71.47747376442958,70.96705320094176,23.54236333885484
060190037012002,62,20622.0,0.0,71.66271727901825,71.00995303807287,23.55721368207407
060190037012003,82,20467.0,0.0,71.12412147154049,69.04992460459333,23.380151897537097
060190037012004,57,21107.0,0.0,73.35041377851952,71.15308592234669,24.11124571756073
060190037012005,52,20999.0,0.0,72.9729826327968,72.30828339410681,23.987873635431743
060190037012006,61,20954.0,0.0,72.81708617230504,72.1538069695635,23.93646860121133
060190037012007,66,20795.0,0.0,63.81811519992744,69.05032878830204,23.75483748029921
060190037012008,120,39377.0,0.0,135.16160905074048,133.20421745548967,44.98168961104795
060190037012009,70,19741.0,0.0,68.60202715939874,67.97714225569538,22.550817345447786
060190037012010,62,19766.0,0.0,68.6898045251691,66.57970910213413,22.57937569779246
060190037012011,72,20051.0,0.0,69.68005770925586,67.5000164266288,22.904940914521735
060190037012012,78,20038.0,0.0,69.6337726900053,68.99948978112288,22.890090571302505
060190037012013,317,60490.0,0.0,210.21238030738851,204.6652507305997,69.0997893331714
060190037012014,151,40204.0,0.0,145.2539273109078,136.13201588026288,45.92639990660974
060190037012015,0,37416.0,0.0,134.66125482320584,128.84299439043153,42.741572453131774
060190037012016,81,21062.0,0.0,74.169403983405,70.96870969308415,24.05984068334032
060190037012017,78,20221.0,0.0,71.55607892778744,68.13687846700131,23.099137710465513
060190037012018,189,39043.0,0.0,143.75639694756077,132.4718537446517,44.60015002372311
060190037021000,0,21928.0,0.0,83.53032388442844,76.38839228532437,25.049102008559803
060190037021001,402,116540.0,0.0,557.3692897931511,375.0523302126001,133.12761528992883
060190037021002,72,23022.0,0.0,118.19781504566247,74.09053865048652,26.298815507162704
060190037021003,323,57275.0,0.0,294.058310956935,209.54582073757948,65.42718522164641
060190037021004,192,19949.0,0.0,85.20689113372222,69.44703572251542,22.78842283695547
060190037021005,68,19686.0,0.0,94.4132231432698,68.52003648181824,22.487988970289503
060190037021006,33,20033.0,0.0,72.9139435750347,69.68673114460087,22.88437890083357
060190037021007,74,19932.0,0.0,69.2651433354086,69.32507383026947,22.76900315736109
060190037021008,68,20350.0,0.0,70.71979325155138,65.49162589034283,23.246498808564027
060190037021009,60,20496.0,0.0,71.22780249930717,63.005123373619874,23.41327958625692
060190037021010,113,33182.0,0.0,158.1878846919195,106.78672217060229,37.904929900037914
060190037021011,173,50070.0,0.0,174.24157756971255,199.70310483569244,57.19666807591159
060190037021012,83,18256.0,0.0,61.599503295615925,58.4851934515912,20.854451216174194
060190037021013,67,17666.0,0.0,72.42810674621211,56.85334589301817,20.180474100839906
060190037021014,106,44443.0,0.0,206.66583198915532,143.02845736765374,50.76875413017253
060190037021015,159,33623.0,0.0,107.44616036231147,103.99006046151612,38.40869923539795
060190037022000,0,8630.0,0.0,38.99764190080088,41.21202199673302,9.858343229381207
060190037022001,160,25891.0,0.0,104.82739992083063,123.64004908247631,29.576172022237404
060190037022002,312,54860.0,0.0,130.85601219547337,261.9716155451485,62.66844838515098
060190037022003,93,22869.0,0.0,75.9189072004316,109.20387340372106,26.124038390813304
060190037022004,107,27305.0,0.0,99.71980025838774,130.38612052338738,31.191432430852124
060190037022005,384,39128.0,0.0,75.05291711563413,158.63787071552088,44.697248421695
060190037022006,126,52654.0,0.0,112.72141936183542,137.26695706282683,60.148459374257015
060190037022007,66,26096.0,0.0,73.78363384876224,79.49391230753352,29.810350511463728
060190037022008,69,20071.0,0.0,69.74831194020571,61.140494422335856,22.927787596397472
060190037022009,0,39377.0,0.0,136.8410271829864,123.8637722639771,44.98168961104795
060190037022010,60,19747.0,0.0,68.6248313683536,60.15566546051361,22.55767135001051
060190037022011,87,20486.0,0.0,71.1930832885889,62.40696284444048,23.40185624531905
060190037022012,64,20688.0,0.0,71.8926703746112,63.020212099383784,23.63260773226401
060190037023000,42,19888.0,0.0,52.28521825968924,66.48004123118616,22.718740457234464
060190037023001,75,20066.0,0.0,53.02845103886321,69.50720328833607,22.92207592592854
060190037023002,54,19835.0,0.0,67.2986356172973,68.67094416063289,22.65819675026376
060190037023003,54,19723.0,0.0,68.54195753682575,67.02950406671206,22.530255331759623
060190037023004,206,62379.0,0.0,216.7757674527097,211.96281410246755,71.2576584363349
060190037023005,49,21179.0,0.0,73.60080333569289,72.93038537853762,24.193493772313392
060190037023006,47,21208.0,0.0,61.47694008067085,73.02810779773176,24.22662146103321
060190037023007,63,21099.0,0.0,55.469052292862976,69.85783368112304,24.102107044810438
060190037023008,67,20286.0,0.0,53.330385646315925,67.22443246981719,23.173389426561663
060190037023009,50,20460.0,0.0,66.33351330450657,70.454143718971,23.37215555888059
060190037024000,138,48723.0,0.0,183.3666003300645,169.90259531702435,55.65794405158059
060190037024001,35,12209.0,0.0,45.94924633948365,43.07224222647167,13.946756951044629
060190037024002,65,22006.0,0.0,82.8199541699465,75.51351686475097,25.138204067875183
060190037024003,99,33255.0,0.0,116.16223905043039,113.3912212616925,37.98832028888436
060190037024004,43,15784.0,0.0,59.403853778885555,55.684421029370384,18.030601336332904
060190037024005,64,19621.0,0.0,73.84205503592268,69.2186082337266,22.413737254193354
060190037024006,69,19962.0,0.0,75.12540240831783,70.4216018253105,22.8032731801747
060190037024007,59,21649.0,0.0,81.47347321846888,76.3722030949263,24.730390796393248
060190037024008,54,19932.0,0.0,52.40109234058656,68.45393095742342,22.76900315736109
060190037024009,53,17338.0,0.0,48.369621498661076,61.165534726984426,19.805788518077794
060190037024010,40,13038.0,0.0,36.53018890578452,45.99528636213598,14.893751914793993
060190037024011,51,19822.0,0.0,57.35154112933225,69.9298279622875,22.64334640704453
060190037024012,40,20089.0,0.0,61.85669468087557,70.86914852615655,22.94834961008564
060190037024013,47,20095.0,0.0,52.82944834718929,70.89328104694928,22.955203614648358
060190038041000,109,37686.0,0.0,102.66293007253827,99.86888002501954,43.05000265845425
060190038041001,128,35182.0,0.0,104.9129793803994,93.2325508463594,40.18959808761177
060190038041002,286,126873.0,0.0,271.956330015693,276.3297989851377,144.93135348102916
060190038041003,73,22005.0,0.0,111.0695587986576,58.31494823936735,25.137061733781394
060190038041004,16,96715.0,0.0,158.83219886753477,87.21671982680112,110.48084188060294
060190038041005,125,21425.0,0.0,79.22163924723372,72.79110632430506,24.474507959384976
060190038041006,73,17973.0,0.0,68.59536503889689,47.627980710549096,20.531170667632495
060190038041007,96,23775.0,0.0,37.06253039561083,65.48599339591007,27.158993079784263
060190038041008,200,610504.0,0.0,1021.2715442759525,930.7715904039771,697.3995335932959
060190038041009,35,87968.0,0.0,137.13284021607413,190.6741257795719,100.48884556224866
060190038041010,70,18021.0,0.0,28.093506074512234,49.61466414258577,20.586002704134266
060190038041011,63,11807.0,0.0,18.40554166064539,40.11291552020158,13.487538645342283
060190038041012,54,11173.0,0.0,17.417312618458322,27.32652247898688,12.76329882988137
060190038041013,127,30964.0,0.0,48.26962644935393,105.19850399701454,35.3712328800185
060190038041014,46,11155.0,0.0,17.389681378482216,37.898956353443175,12.742736816193204
060190038041015,113,21434.0,0.0,61.95653831417097,72.82103596719455,24.484788966229058
060190038041016,0,50025.0,0.0,90.88026467920956,169.95882684858722,57.14526304169117
060190038041017,114,22757.0,0.0,116.65066451645808,60.30638072954122,25.996096972309168
060190038041018,88,39991.0,0.0,73.18506794911393,63.323480099397166,45.68308274463312
060190038042000,75,138957.0,0.0,251.83209627171496,254.1896796778647,158.73531867035044
060190038042001,207,58237.0,0.0,118.66165747863029,116.37662985928165,66.52611061986944
060190038042002,103,18562.0,0.0,50.621095997540664,30.836872532016272,21.204005448872994
060190038042003,64,14079.0,0.0,38.4534467782632,30.44105895194834,16.082921706426188
060190038042004,67,14253.0,0.0,43.61183145630751,30.81710082632472,16.281687838745114
060190038042005,38,22691.0,0.0,75.53088309092006,49.061309708587345,25.92070292211923
060190038042006,60,19352.0,0.0,78.77798116555404,52.55324726854721,22.10644938296467
060190038042007,155,39288.0,0.0,159.93516718049352,91.07452186336933,44.88002187670091
060190038042008,69,13520.0,0.0,55.04022016137821,20.649564871258633,15.444356947999294
060190038042009,98,36651.0,0.0,130.66818594073104,55.97638214038378,41.86768687138477
060190038042010,59,36875.0,0.0,91.35843188322687,76.44137083403342,42.12356970839304
060190038042011,127,24514.0,0.0,99.79410882523167,47.7891198597733,28.003177975092804
060190038042012,80,12052.0,0.0,49.064097459964245,18.407489293805874,13.76741049832008
060190038042013,130,29784.0,0.0,111.0790818921536,78.32789391439606,34.023278649349926
060190038042014,38,12279.0,0.0,49.98784911200623,26.539426175142232,14.026720337609714
060190038042015,70,12723.0,0.0,48.42275502501306,27.497385843696744,14.533916675251112
060190038042016,96,18275.0,0.0,36.06283222164971,39.49726034039658,20.876155563956146
060190038042017,142,30088.0,0.0,122.48622166656092,88.34416002800708,34.37054821386115
060190038042018,128,31215.0,0.0,127.07243225930529,112.1640870847147,35.65795873755902
060190038042019,91,28656.0,0.0,116.65378170803093,102.96776962261012,32.73472579155827
060190038042020,24,6650.0,0.0,27.071219199744966,23.895179574539412,7.596521723683085
060190038042021,71,14119.0,0.0,57.47462243686908,50.73160591602674,16.128615070177666
060190038042022,65,16149.0,0.0,65.74057615026835,58.02778444714984,18.447553280565135
060190038043000,113,120771.0,0.0,217.0885167139876,410.31526766641673,137.96083084074132
060190038043001,76,14044.0,0.0,21.892743376952712,47.71289983075474,16.042940013143646
060190038043002,66,14524.0,0.0,42.48555858690485,49.34558940730609,16.591260378161373
060190038043003,92,55679.0,0.0,93.96262561179387,155.85556522326632,63.604020007962475
060190038043004,51,9866.0,0.0,31.672836984053028,21.33173307031295,11.270268169301852
060190038043005,84,17648.0,0.0,56.54757420308021,44.076976602289896,20.159912087151742
060190038043006,111,23191.0,0.0,39.741574740902415,55.90507593310801,26.491869969012694
060190038043007,24,40333.0,0.0,62.91234483592146,87.20401947743524,46.07376100470825
060190038043008,188,38120.0,0.0,121.55365716949213,102.41302618135268,43.545775655157776
060190038043009,159,28621.0,0.0,104.63214949640238,67.6509374048092,32.69474409827573
060190038043010,149,23853.0,0.0,75.66890327306206,77.94690818149516,27.248095139099643
060190038043011,172,42552.0,0.0,134.99125214695198,112.24672176185751,48.60860035882145
060190038043012,140,23777.0,0.0,75.427569489879,80.78010579805228,27.161277747971834
060190038043013,48,21912.0,0.0,69.51400617786983,55.34543827749862,25.03082466305921
060190038043014,104,16920.0,0.0,53.67770937049842,42.73694632475672,19.328292866874857
060190038043015,79,25734.0,0.0,97.07426721222149,72.64119859885152,29.396825569512856
060190038043016,85,17912.0,0.0,71.10896297296209,47.48242226515492,20.46148828791149
060190038043017,118,23206.0,0.0,90.96736108471544,78.28138617840902,26.509004980419498
060190038043018,57,11836.0,0.0,48.1809746512488,34.3618334201924,13.520666334062104
060190038043019,166,23243.0,0.0,87.03431683114042,63.57487251253223,26.551271341889613
060190038043020,112,28942.0,0.0,117.81736708683067,103.99484126543403,33.06143334238133
060190038043021,106,22479.0,0.0,91.50884971665727,80.77288209685307,25.678528094236402
060190038051000,0,46844.0,0.0,79.06455018859003,88.0504095143394,53.511498289354954
060190038051001,0,23483.0,0.0,40.73058990132989,43.850933769235226,26.82543152439848
060190038051002,0,39331.0,0.0,76.31550563994206,75.16738466688155,44.92914224273375
060190038051003,0,35964.0,0.0,83.13949442040006,72.73406886591935,41.08290334895315
060190038051004,600,186639.0,0.0,594.0658955756696,577.4314065358532,213.20409293029883
060190038051005,0,686.0,0.0,1.5869498087695297,1.3883331560106102,0.783641188337834
060190038051006,0,2066.0,0.0,4.776300107365072,4.178516400120748,2.3600622377637976
060190038051007,0,4575.0,0.0,10.577495047725558,9.253655661411102,5.226178479075205
060190038051008,402,191230.0,0.0,514.5530427982372,402.03675613390214,218.44854875487462
060190038051009,130,86412.0,0.0,219.87936039040196,174.76365002089688,98.7113737123162
060190038051010,577,97239.0,0.0,442.26493631788856,303.013956703707,111.07942494574729
060190038051011,125,9391.0,0.0,35.70873008460355,18.99314259430723,10.72765947475306
060190038051012,44,80700.0,0.0,313.49697781090543,266.3174769967626,92.18636136860525
060190038051013,114,131076.0,0.0,365.2182837852505,322.95016886728746,149.73258367721564
060190038051014,84,14810.0,0.0,38.56493263353096,29.952872797180746,16.917967928984435
060190038051015,71,11378.0,0.0,26.30286758709034,23.010899883234835,12.99747731910769
060190038052000,72,18483.0,0.0,94.74231831611017,88.62700324059203,21.11376105546383
060190038052001,85,10454.0,0.0,53.587061349241104,50.1281871107161,11.941960616448567
060190038052002,1500,262458.0,0.0,865.4433856992715,1012.7287543109799,299.81472158713007
060190038052003,54,12830.0,0.0,65.76808176442144,61.52296143118293,14.656146423286312
060190038052004,75,9056.0,0.0,28.729026330698176,30.870942045728235,10.344977553334438
060190038052005,179,40972.0,0.0,129.81398460280028,108.36768471290414,46.8037124906381
060190038052006,90,12398.0,0.0,39.33148427451042,40.47771775322882,14.162658094770359
060190038052007,160,29744.0,0.0,132.27414272437102,142.62537472642012,33.977585285598444
060190038052008,191,24492.0,0.0,113.00067878989243,117.4371046038634,27.978046625029492
060190038052009,100,21097.0,0.0,108.1433626370001,101.16305280708096,24.099822376622864
060190038052010,196,26049.0,0.0,82.63833876787261,52.602023668645685,29.75666080905574
060190038052011,121,20880.0,0.0,66.23732486072007,56.84979665934279,23.8519358782711
060190038052012,55,13691.0,0.0,43.43327152914836,34.580562692005984,15.63969607803686
060190038052013,47,101523.0,0.0,288.712380177217,288.8525914269778,115.9731842035305
060190038052014,16,17397.0,0.0,55.18806132440764,43.93945349472895,19.87318622961122
060190038052015,12,24975.0,0.0,79.22895687067985,63.080256532140254,28.529793992328578
060190038053000,873,293812.0,0.0,1236.3772021858658,856.9621768247707,335.6314647637255
060190038053001,101,28778.0,0.0,147.51695034809694,119.47724712586793,32.87409055100027
060190038053002,122,29124.0,0.0,149.28827864316318,139.65219545234848,33.26933814745055
060190038053003,44,1835.0,0.0,9.404499187691096,8.797468700340167,2.0961830620990165
060190038053004,97,28450.0,0.0,145.83457436245152,118.19661600778379,32.49940496823816
060190038053005,69,8762.0,0.0,44.915621673938205,42.01646126462197,10.00913132976108
060190038053006,45,7320.0,0.0,11.059104791274168,11.346693050780216,8.361885566520328
060190038053007,56,9370.0,0.0,38.86407230488152,14.525334217311244,10.703670458783535
060190038053008,85,13912.0,0.0,71.31482382177076,66.71167894441939,15.89215191276377
060190038053009,123,30656.0,0.0,157.14082644240438,69.55347518060972,35.019393979132126
060190038053010,52,10475.0,0.0,53.692113759061236,16.237488126269277,11.965949632418091
060190038053011,53,8903.0,0.0,45.636739796271044,13.801394072300495,10.170200436985038
060190038053012,25,1607.0,0.0,8.239225507218345,7.707409726789861,1.8357308887155965
060190038053013,140,30598.0,0.0,111.18841459802819,69.50240356372197,34.95313860169249
060190038053014,50,8995.0,0.0,46.10705321113981,43.13098968851166,10.275295173613436
060190038053015,137,34735.0,0.0,59.72729359749145,78.69226772278219,39.67897474768902
060190038053016,146,94001.0,0.0,465.0521571739277,364.279621859587,107.38054715006521
060190038071000,14,122790.0,0.0,342.1329834462326,261.65175140409247,140.26720337609714
060190038071001,199,27775.0,0.0,77.39233112772786,59.18704119329025,31.72832945493198
060190038071002,96,15971.0,0.0,44.49945283776182,34.031678718149635,18.24421781187106
060190038071003,100,101520.0,0.0,296.04417403940977,207.21449948846765,115.96975720124914
060190038071004,93,16129.0,0.0,44.93981425000264,34.36845225457687,18.424706598689394
060190038071005,50,50320.0,0.0,157.86649946536318,101.08192615847159,57.48225159935832
060190038071006,57,13057.0,0.0,41.41989943965734,26.227866920129554,14.915456262575946
060190038071007,181,367822.0,24585.0,749.8444627682854,685.5773465289942,420.1756110448962
060190038071008,141,35888.0,0.0,113.8509412238945,72.09257809768599,40.99608595782534
060190038071009,27,4372.0,0.0,13.869078971192708,8.782164188765085,4.994284658036458
060190038071010,0,2963.0,0.0,2.5366987879795255,4.2427670002764835,3.384735919890674
060190038071011,0,33412.0,0.0,105.9950928161916,84.39083272176381,38.167666741608905
060190038071012,51,19616.0,0.0,18.737306403483842,12.429279000835084,22.40802558372442
060190038071013,99,160977.0,0.0,228.31794208894993,290.2700060286143,183.88951541553863
060190038071014,129,203184.0,0.0,561.9282599595701,434.66880605530406,232.10401051200358
060190038071015,49,20051.0,0.0,19.152745725670297,18.883112660691456,22.904940914521735
060190038071016,31,19754.0,0.0,18.869365698934452,39.68267966448148,22.565667688667016
060190038071017,52,11954.0,0.0,37.92149446998911,24.01261045600287,13.655461757128961
060190038071018,37,8918.0,0.0,28.29044751415448,17.9140486227673,10.187335448391842
060190038071019,34,8692.0,0.0,27.57570379647392,17.461459327213003,9.929167943195996
060190038071020,36,4212.0,0.0,13.362097106291072,8.461133643943723,4.811511203030549
060190038071021,40,11855.0,0.0,37.60980060044432,23.815239978506884,13.542370681844055
060190038071022,10,4873.0,0.0,15.457846785386172,9.78820214060411,5.56659403902371
060190038072000,515,61966.0,0.0,142.2274856492854,133.5438480141165,70.7858744556009
060190038072001,206,170871.0,0.0,165.6215098710141,368.2455849271864,195.19176893946653
060190038072002,91,10559.0,0.0,11.76105519908483,22.755308148237972,12.061905696296193
060190038072003,39,80639.0,0.0,77.0259744279936,62.01528948913825,92.11667898888425
060190038072004,165,323905.0,0.0,186.98447935930812,168.36369961995504,370.00772464805556
060190038072005,167,295170.0,0.0,162.4309290176461,158.7725593581067,337.18275446308814
060190038072006,71,27733.0,0.0,21.44067485942899,18.273692954291516,31.68035142299293
060190038072007,102,80533.0,0.0,79.10884892486803,62.540524737732504,91.99559157494284
060190038072008,61,159431.0,0.0,166.80746345477075,311.3656808099812,182.12346690654405
060190038072009,12,82567.0,0.0,86.15427419170253,162.54233324179427,94.31909912170545
060190038072010,43,101132.0,0.0,119.38881786646141,74.14272885936359,115.52653157285981
060190038072011,47,49338.0,0.0,57.34192379428948,36.17099918230302,56.360479519259556
060190038072012,74,9587.0,0.0,11.318327988535758,7.028897162998813,10.951556957135299
060190038072013,124,160848.0,0.0,147.01893290630355,115.88517854333503,183.7421543174401
060190038072014,101,322813.0,0.0,260.1730924496451,221.52110906169563,368.76029581764027
060190038072015,141,321719.0,0.0,239.38837302722465,220.90575082643943,367.5105823190373
060190038072016,93,220088.0,0.0,181.69688402858975,159.35631468965042,251.41402603337787
060190038072017,0,19137.0,81886.0,108.7607346558643,74.06341228851396,21.86084755280048
060190038072018,18,492848.0,0.0,58.211566345368716,78.62725643387695,562.9970734547009
060190038072019,47,88045.0,0.0,15.41035202314268,15.768277018265774,100.57680528747025
060190038072020,27,73279.0,0.0,11.604075023101075,30.930175073959525,83.70910005861245
060190038081000,0,4354.0,0.0,1.4257860296434182,1.0871133373662778,4.973722644348293
060190038081001,116,648566.0,0.0,563.5050219747319,392.4037922968102,740.8790538710141
060190038081002,100,37331.0,0.0,61.45985631149308,45.71844804640824,42.64447405515988
060190038081003,212,50788.0,0.0,83.61353472692616,62.19801465228416,58.0168639552506
060190038081004,266,47633.0,0.0,78.41959990830512,66.00334313447897,54.41279988935284
060190038081005,172,108572.0,0.0,185.55384862990633,161.30759912147204,124.02549723063457
060190038081006,70,19228.0,0.0,31.656765771863338,27.33908696183559,21.964799955335092
060190038081007,161,243776.0,0.0,164.13011567303406,139.4310072640313,278.4736360470027
060190038081008,102,28369.0,0.0,19.066670132507888,17.730153782190722,32.40687590664142
060190038081009,68,55167.0,0.0,37.07778527065697,20.089552679726665,63.01914495194357
060190038081010,131,525437.0,0.0,235.46527908757824,179.13216650679513,600.2245992371231
060190038081011,138,182935.0,0.0,249.6276645163635,206.13706091945753,208.97288744691204
060190038081012,108,122667.0,0.0,195.74213003205088,163.94525893544602,140.12669628256134
060190038081013,61,39235.0,0.0,30.700595318773214,57.73739491674165,44.8194781697302
060190038081014,103,39967.0,0.0,16.964521486976043,27.270073488720353,45.655666726382236
060190038081015,107,327672.0,0.0,198.6138464081133,177.84588700188806,374.31089717935095
060190038081016,38,128913.0,0.0,52.457529628254804,44.8648865767004,147.26171503235452
060190038081017,21,338261.0,0.0,34.10325450251135,39.170420820475506,386.40707289846074
060190038081018,7,161944.0,0.0,15.151821983035727,20.88113287719339,184.9941524842306
060190038081019,25,103653.0,0.0,17.17325485708202,32.79399065757821,118.40635582329666
060190038081020,49,64526.0,0.0,10.553143216072696,14.324590005900783,73.71024973569544
060190038082000,259,79953.0,0.0,294.67521022311996,287.29596359553284,91.33303780054642
060190038082001,53,12521.0,0.0,41.5260431221883,44.990902517497936,14.303165188306151
060190038082002,52,12736.0,0.0,51.84862842428906,45.765662704383374,14.548767018470341
060190038082003,74,12355.0,0.0,50.21576123076387,44.39341596954559,14.113537728737521
060190038082004,202,38972.0,0.0,158.4438692071953,140.03869189281534,44.519044303064234
060190038082005,213,45822.0,0.0,107.23495417194367,105.80305296518773,52.34403284550471
060190038082006,67,15512.0,0.0,30.610412684763112,33.52558200382408,17.71988646282286
060190038082007,193,81107.0,0.0,157.95772475989125,182.61536660634906,92.65129134477654
060190038082008,186,30644.0,0.0,59.01738066829711,66.48413806628739,35.00568597000668
060190038082009,89,15479.0,0.0,30.546520510269364,33.531520843897376,17.68218943772789
060190038082010,65,12827.0,0.0,25.311927213364267,46.09011154019307,14.652719421004951
060190038082011,264,274098.0,0.0,461.5722321849133,606.233096659455,313.11149043880994
060190038082012,84,15106.0,0.0,24.868895641221027,32.75349906070815,17.256098820745365
060190038083000,173,92688.0,0.0,325.2128330697017,234.10647271856388,105.88066248492296
060190038083001,94,19783.0,0.0,80.53168776586644,49.965370937552606,22.598795377386836
060190038083002,74,15696.0,0.0,63.89748478683094,39.64505632833686,17.930075936079653
060190038083003,151,28202.0,0.0,114.80800420662796,71.23189238827382,32.216106112979
060190038083004,97,16406.0,0.0,66.78700888654231,44.88489089661423,18.741133142668374
060190038083005,184,32483.0,0.0,132.23570194328417,116.72159354129913,37.10643836848085
060190038083006,39,27700.0,0.0,112.76319101786268,99.5336293828725,31.642654397897964
060190038083007,205,196081.0,0.0,283.4100029734333,338.02550431429574,223.99001144383502
060190038083008,30,160865.0,0.0,151.25741167391175,360.75723242462294,183.7615739970345
060190038083009,143,23303.0,0.0,94.86576972247147,78.61413430598336,26.61981138751683
060190038083010,55,10768.0,0.0,43.834251707602746,38.69154574606659,12.300653521897663
060190038083011,140,23329.0,0.0,94.96804396828124,78.738602092123,26.64951207395529
060190038091000,0,22783.0,0.0,7.106900191141245,26.448415161215582,26.025797658747628
060190038091001,0,96390.0,0.0,49.9010377421854,45.5030237021186,110.10958330012218
060190038091002,0,20829.0,0.0,17.395109504503314,23.634993945730475,23.793676839487965
060190038091003,0,80669.0,0.0,83.57233155162888,88.32444460815566,92.15094901169786
060190038091004,398,214190.0,0.0,263.3414798289402,451.1324252132785,244.67653954822254
060190038091005,218,293677.0,0.0,504.62940337088145,481.2023013268654,335.47724966106426
060190038091006,65,13394.0,0.0,23.03205920446268,35.49565877503475,15.300422852182141
060190038091007,61,13194.0,0.0,22.687493407910694,34.964634178780344,15.071956033424755
060190038091008,231,24082.0,0.0,41.40946456367325,26.675623844701086,27.50968964657685
060190038091009,75,13112.0,0.0,22.547032403834258,34.7481639175833,14.978284637734227
060190038091010,60,13225.0,0.0,22.74127428158128,35.047518106938384,15.10736839033215
060190038091011,22,11281.0,0.0,19.397291737941206,29.893968341152693,12.886670912010358
060190038091012,69,340545.0,0.0,559.3343406316123,446.3014240911311,389.01616396867007
060190038091013,38,2258.0,0.0,3.649771424252719,8.830018127789655,2.579390383770888
060190038091014,0,9684.0,0.0,19.52411923231398,39.1787001186051,11.062363364232631
060190038091015,182,38233.0,0.0,146.26066216069526,157.41726496301422,43.6748594077557
060190038091016,66,20682.0,0.0,72.57256585283767,85.15549787060718,23.625753727701287
060190038091017,123,20329.0,0.0,74.69572775017545,83.70184070241898,23.2225097925945
060190038091018,90,20752.0,0.0,79.67347149284856,85.44118498562233,23.70571711426637
060190038091019,160,34034.0,0.0,109.111217682931,140.1297406305838,38.87819854794438
060190038091020,86,21729.0,0.0,35.1152047455715,42.693765912406654,24.821777523896202
060190038091021,93,21609.0,0.0,34.920702756075194,74.13808810540539,24.684697432641773
060190038091022,52,53063.0,0.0,85.75011684485352,218.47513589476543,60.61567401861587
060190038091023,24,2195.0,0.0,3.546444790363078,9.035672906658649,2.5074233358623115
060190038091024,82,9299.0,0.0,15.026722902904469,36.67439193348319,10.622564738124662
060190038091025,57,8704.0,0.0,14.065343784609308,34.432869512944606,9.942875952321439
060190038091026,21,35083.0,0.0,56.694332189857946,57.3291374273723,40.076507012326864
060190038091027,153,79333.0,0.0,128.2041765706095,151.895436645089,90.62479066239852
060190038091028,53,13923.0,0.0,22.50051396704293,37.29409186839807,15.904717587795426
060190038091029,0,17602.0,0.0,28.44530978365708,34.58437466073733,20.10736471883754
060190038091030,0,21909.0,0.0,35.15593198303416,43.04754483555056,25.02739766077785
060190038091031,59,160614.0,0.0,272.38437383115576,292.5392645216202,183.474848139494
060190038091032,172,32318.0,0.0,55.179160708213175,58.626853552883276,36.917953243006004
060190038091033,40,12589.0,0.0,20.344328750186577,20.526184646009362,14.380843906683662
060190038091034,42,12531.0,0.0,20.250759295111287,20.529323029933913,14.31458852924402
060190038092000,19,51229.0,0.0,3.004305348265437,5.587850650383281,58.52063329061064
060190038092001,0,314788.0,0.0,684.5810376170884,377.5504570883385,359.59306471500014
060190038092002,0,44125.0,0.0,21.077893007236426,5.180275385322825,50.40549188834829
060190038092003,0,29090.0,0.0,92.2163587450265,51.2501131984683,33.2304987882618
060190038092004,1544,283366.0,0.0,889.687661041405,739.3706589421352,323.6986428200272
060190038092005,75,19160.0,0.0,62.25779265611112,56.51494395357399,21.88712123695758
060190038092006,101,20730.0,0.0,67.36071146412249,85.35392952897689,23.68058576420306
060190038092007,53,13443.0,0.0,43.68098502873043,55.31301195952754,15.3563972227777
060190038092008,79,18531.0,0.0,51.104424496825075,53.32466051399714,21.1685930919656
060190038092009,0,17695.0,0.0,46.21722788842965,50.91944535832288,20.21360178955973
060190038092010,96,27156.0,0.0,88.2408760139591,69.54270126407306,31.021224650877873
060190038092011,89,20564.0,0.0,66.8349122255262,84.66620106759778,23.49095830463443
060190038092012,267,64330.0,0.0,205.97130263187316,202.94904938107248,73.48635225331321
060190038092013,185,44250.0,0.0,143.78320909869686,127.3323957029419,50.54828365007165
060190038092014,0,5126.0,0.0,8.744247239120376,14.749883756222193,5.855604564751803
060190038101000,92,54888.0,0.0,203.8167792963299,116.61466779776538,62.70043373977702
060190038101001,69,17465.0,0.0,68.88405881121216,45.92421742520294,19.950864947988734
060190038101002,46,20800.0,0.0,82.03901043600732,55.59184559697051,23.760549150768146
060190038101003,55,11675.0,0.0,46.04839075827145,30.69993763084343,13.336750544962408
060190038101004,49,12494.0,0.0,49.26638594765103,30.438972286418018,14.272322167773904
060190038101005,149,23320.0,0.0,86.82881313081701,57.919947489866765,26.639231067111208
060190038101006,207,32853.0,0.0,115.22633980181917,84.69469428771242,37.52910198318201
060190038101007,139,24514.0,0.0,72.48406376759836,61.74369038740403,28.003177975092804
060190038101008,244,108151.0,0.0,371.6069061886363,296.3359732889329,123.54457457715027
060190038101009,145,36790.0,0.0,145.10469340694087,100.80468964888506,42.02647131042116
060190038101010,195,40777.0,0.0,157.99670483673742,157.28841412418248,46.58095734234965
060190038101011,138,30532.0,0.0,120.42106692839276,80.72336542992582,34.877744551502545
060190038101012,169,32861.0,0.0,129.60860940935743,135.29906391544617,37.538240655932306
060190038101013,158,35752.0,0.0,141.00998459927158,130.77716837759152,40.840728521070325
060190038101014,171,39216.0,0.0,154.6743964564618,123.27542541661407,44.79777382194825
060190038101015,135,33940.0,0.0,133.86367843914755,139.74051634826827,38.770819143128406
060190038101016,65,24020.0,0.0,94.74038103858241,98.89964118520376,27.43886493276206
060190038101017,129,18936.0,0.0,74.6875544195043,77.96646215810784,21.631238399949307
060190038101018,179,140242.0,0.0,458.14818453805276,476.53169906770626,160.20321798086664
060190038101019,77,16665.0,0.0,65.72801014781368,45.66145662571791,19.03699767295919
060190038102000,170,44799.0,0.0,88.43971477409966,70.39041992817985,51.17542506756068
060190038102001,71,13354.0,0.0,25.73020596584381,22.521301147621806,15.254729488430664
060190038102002,109,37800.0,0.0,72.83425442350209,62.34324444045962,43.18022874514595
060190038102003,329,212645.0,0.0,422.50295801885693,396.35720401391745,242.91163337332173
060190038102004,37,40311.0,0.0,72.35244358308273,87.00272093495114,46.048629654644934
060190038102005,54,17877.0,0.0,34.445620588641724,24.97168818635723,20.421506594628948
060190038102006,139,28301.0,0.0,58.678838183005844,72.33760056805829,32.329197188263905
060190038102007,101,27669.0,0.0,53.31390119168742,70.58049162646599,31.607242040990567
060190038102008,90,18979.0,0.0,41.4558126699843,46.79541799518451,21.680358765982145
060190038102009,21,291488.0,0.0,284.0873859987313,385.6645851577128,332.9766803297647
060190038102010,242,167047.0,0.0,244.99454098464608,392.7558787564543,190.8234833648253
060190038102011,93,19756.0,0.0,38.06697010248297,27.597020792595107,22.56795235685459
060190038102012,156,43447.0,0.0,83.714998507635,60.69000365008245,49.63098937276075
060190038102013,96,33738.0,0.0,65.00682633206985,47.12733199193426,38.540067656183446
060190038102014,80,194564.0,0.0,105.36436434634379,150.78315942582515,222.25709062356026
060190038103000,83,43724.0,0.0,70.65898830112575,180.02578467858478,49.94741591673973
060190038103001,166,122545.0,0.0,184.0465509803275,324.2853266952505,139.98733152311934
060190038103002,59,22937.0,0.0,35.56390841727135,69.83783777193105,26.201717109190813
060190038103003,97,26504.0,0.0,40.74742615973288,77.51650992026751,30.276422821728794
060190038103004,78,19066.0,0.0,30.810459015680365,61.21899446332656,21.779741832141607
060190038103005,185,43105.0,0.0,69.65769193434933,133.56523766939839,49.24031111268562
060190038103006,170,282355.0,0.0,423.5278000212467,580.3090169762179,322.54374305120865
060190038103007,58,14657.0,0.0,21.599372838198086,31.917436706454474,16.743190812635035
060190038103008,90,14815.0,0.0,21.832054738939696,32.2612712193957,16.92367959945337
060190038103009,83,14819.0,0.0,21.839183758263633,32.2718057855961,16.928248935828517
060190038103010,111,26555.0,0.0,40.12663990601878,55.523342383521495,30.334681860511928
060190038103011,53,11393.0,0.0,16.789148566605213,24.809358620923145,13.014612330514494
060190038111000,94,241217.0,0.0,350.6600905139352,333.73688969228397,275.5504031010019
060190038111001,377,100066.0,0.0,188.69995297739865,219.88299150400576,114.30880342888294
060190038111002,139,23587.0,0.0,44.478236848148384,58.60029291072232,26.944234270152318
060190038111003,30,8133.0,0.0,15.336420564340552,12.2029422526578,9.290603184769102
060190038111004,55,9760.0,0.0,18.40464565505992,14.64427942407451,11.149180755360437
060190038111005,64,9087.0,0.0,17.135832673779017,13.634705418521067,10.380389910241833
060190038111006,39,9765.0,0.0,18.413963800820873,14.651693722224831,11.154892425829372
060190038111007,146,24337.0,0.0,45.891738510184496,60.462588210509075,27.800984840492518
060190038111008,65,9561.0,0.0,18.029417718610212,14.34571661270206,10.921856270696837
060190038111009,91,50723.0,0.0,95.64825854648383,126.01704483836313,57.94261223915445
060190038111010,71,678295.0,0.0,221.05757970834148,183.8997378977619,774.8395041452058
060190038111011,0,1064.0,0.0,0.3181539323979411,0.31109766747541084,1.2154434757892936
060190038111012,65,261367.0,0.0,241.82988989194854,138.98584723258853,298.5684350908085
060190038111013,15,59694.0,0.0,69.60098247111533,33.05908127733236,68.190491394517
060190038111014,113,32594.0,0.0,50.44308249328242,67.45901006718474,37.233237452891196
060190038111015,129,26522.0,0.0,37.964556269753444,65.89455437360878,30.296984835416957
060190038111016,11,40350.0,0.0,72.01868530438283,100.24434893323387,46.093180684302624
060190038111017,68,20437.0,0.0,21.330588781402653,50.77475186658176,23.34588187472349
060190038111018,142,34588.0,0.0,40.32907384599964,75.85978056395597,39.511051635902334
060190038111019,217,52775.0,0.0,54.83667531828488,62.53445780622688,60.28668179960523
060190038111020,62,17118.0,0.0,22.467072977544372,37.36076634193354,19.55447501744467
060190038111021,135,26262.0,0.0,30.621264612147684,60.5793765836172,29.999977971032358
060190038111022,122,42696.0,0.0,20.550874430858727,74.09052428099596,48.77309646832676
060190038111023,7,19768.0,0.0,5.911959515578937,29.34757264304267,22.58166036598003
060190038111024,462,161231.0,0.0,180.21041755812755,334.25026879461365,184.1796682753605
060190038111025,18,7575.0,0.0,2.265476651160971,2.5047242261042957,8.653180760435996
060190038111026,93,297296.0,0.0,79.85647560070443,97.5968653741416,339.61135674647915
060190038111027,49,312082.0,0.0,92.60013379158939,69.93641199900844,356.5019086572127
060190038111028,67,88302.0,0.0,9.994985309311545,11.204114887874399,100.8703851495735
060190038111029,59,587864.0,0.0,43.696207751215496,47.07106770189498,671.5370897099598
060190038111030,0,1187.0,0.0,0.06118730507702298,0.05451854462264136,1.355950569325086
060190038112000,81,25280.0,0.0,39.661009655872476,49.669132915523406,28.878205890933593
060190038112001,54,12394.0,0.0,19.39019574210942,24.351239361604613,14.15808875839521
060190038112002,154,36933.0,0.0,62.10703126394692,72.77384481944529,42.18982508583269
060190038112003,96,26880.0,0.0,40.01068457475655,58.53547485137959,30.70594044099268
060190038112004,223,127839.0,0.0,95.11005090347149,210.35159209525796,146.03484821562736
060190038112005,53,10876.0,0.0,8.508454235083232,23.684457357749633,12.424025604026651
060190038112006,113,25066.0,0.0,6.790040130680235,13.781570070608948,28.633746394863188
060190038112007,156,31204.0,0.0,57.10550069076744,67.95267596333066,35.64539306252736
060190038112008,126,26265.0,0.0,40.81999308903275,57.196342727853185,30.003404973313717
060190038112009,109,24196.0,0.0,18.92911880837964,13.303161066279769,27.63991573326856
060190038112010,112,22932.0,0.0,17.939659034046386,12.607780426546391,26.19600543872188
060190038112011,139,22489.0,0.0,9.247549925773804,12.364290896135435,25.68995143517427
060190038112012,60,10867.0,0.0,8.501396906745732,5.9746813089231265,12.41374459718257
060190038112013,54,11001.0,0.0,8.606332309490842,23.295103679322697,12.566817365750017
060190038112014,27,10991.0,0.0,8.597997608821208,23.933713704245733,12.555394024812149
060190038112015,158,76665.0,0.0,59.976242674921885,29.683736328745837,87.57704330017499
060190038112016,87,24041.0,0.0,18.80781604371196,13.217910916365506,27.462853948731585
060190038112017,177,36843.0,0.0,65.73369656922306,80.23161608255286,42.08701501739186
060190038112018,87,178681.0,0.0,226.31631151375785,93.56943507645397,204.11339821194244
060190038112019,115,23863.0,0.0,42.765329181652895,46.2451270520009,27.25951848003751
060190038112020,83,36898.0,0.0,67.52607173514241,72.29154996093354,42.149843392550146
060190038112021,28,17126.0,0.0,31.341048782070473,32.79589992044165,19.563613690194963
060190038112022,67,164656.0,0.0,269.1796511024612,213.59765637441188,188.09216254658077
060190038112023,120,25333.0,0.0,39.90036624346627,55.167902317291656,28.938749597904298
060190038112024,25,281858.0,0.0,196.54845252864055,76.07525946214517,321.9760030065965
060190038113000,86,31559.0,0.0,54.56472022618645,48.199833867095485,36.050921665821726
060190038113001,113,23734.0,0.0,34.99408517260429,36.24792629505933,27.112157381938996
060190038113002,275,64139.0,0.0,97.25925880733803,57.93298950447192,73.2681664413999
060190038113003,127,23026.0,0.0,45.439337277607656,15.020024167836656,26.303384843537852
060190038113004,47,163105.0,0.0,185.51719751500588,50.924623641921954,186.32040236711723
060190038113005,58,509525.0,0.0,379.2888061197083,258.9842615765296,582.0477791367855
060190038113006,21,137413.0,0.0,50.01616504564947,44.54369446085238,156.9715548295434
060190038113007,45,79009.0,0.0,59.1513258362485,40.121373781409666,90.25467441601155
060190038113008,46,82807.0,0.0,61.72093624417857,41.77709792719338,94.59325930421431
060190038113009,105,326064.0,0.0,334.51296479225533,340.69808111456314,372.47402395654154
060190038113010,169,114819.0,0.0,84.75887404509695,118.20545270473362,131.16165831452153
060190038113011,122,323391.0,0.0,501.82642171058404,535.5969947944864,369.4205649238491
060190038113012,12,80537.0,0.0,158.92917530462873,170.3568037001159,92.00016091131799
060190038113013,101,35376.0,0.0,69.81095936398042,62.033398366086246,40.411210901806434
060190038113014,58,22453.0,0.0,58.127156963277,35.17346026606739,25.648827407797942
060190038113015,73,15257.0,0.0,25.590104494118428,23.30100268058546,17.42859126890719
060190038113016,115,22428.0,0.0,33.402970801627,34.25411320727556,25.620269055453267
060190038113017,128,23070.0,0.0,46.13342967945421,35.23472577979311,26.353647543664476
060190038113018,103,25257.0,0.0,49.840607001673625,38.57395131860678,28.851932206776493
060190038113019,103,22561.0,0.0,44.52086959633919,46.76965918111809,25.77219948992693
060190038113020,208,79748.0,0.0,117.49411448814135,139.18534450673195,91.0988593113201
060190038113021,53,8790.0,0.0,14.702392149879302,18.99870471982348,10.041116684387115
060190038113022,64,9127.0,0.0,16.516216251813137,18.985862175173782,10.42608327399331
060190038113023,160,20647.0,0.0,38.350773841598475,24.604592516272092,23.585772034418746
060190038113024,12,15189.0,0.0,26.810108958615785,18.10082453849191,17.35091255052968
060190038113025,73,19859.0,0.0,34.920607959658476,21.02923636592939,22.685612768514645
060190038113026,36,9874.0,0.0,17.355560071860605,11.766704036290204,11.279406842052147
060190038113027,74,12396.0,0.0,23.375949414220464,24.266522412944596,14.160373426582785
060190038113028,160,53210.0,34016.0,161.8882625257,177.98836061110066,60.78359713040255
060190038113029,51,78769.0,0.0,139.85132569386266,122.85797879664945,89.98051423350269
060190038113030,131,32527.0,0.0,64.1876554362837,38.76206987388295,37.156701068607475
060190038113031,98,40744.0,0.0,75.6380842705349,48.55470201506923,46.54326031725468
060190038113032,82,21832.0,0.0,43.08162944315765,26.016421995878634,24.939437935556256
060190038113033,72,23608.0,0.0,44.51813197841556,58.652854938469716,26.968223286121844
060190042051000,26,167838.0,0.0,518.801284310502,442.8841164672534,191.72706963301076
060190042051001,28,153282.0,0.0,159.03323732581964,185.57152444297273,175.0992545638482
060190042051002,0,68892.0,0.0,51.54395122817001,74.88415678274765,78.69768038916918
060190042051003,246,51301.0,0.0,153.0919748285263,152.07277692380467,58.6028813453633
060190042051004,63,20623.0,0.0,59.656160089635065,34.88401150552055,23.55835601616786
060190042051005,93,25950.0,0.0,80.23980524364487,89.50290766582216,29.643569733770835
060190042051006,79,16081.0,0.0,49.7241095934488,55.46439670677234,18.369874562187622
060190042051007,132,40338.0,0.0,124.72833578876528,139.12731576947206,46.079472675177186
060190042051008,164,79720.0,0.0,206.52155492331823,204.2577969719665,91.06687395669407
060190042051009,107,29324.0,0.0,90.67312500535303,101.1406783763153,33.49780496620794
060190042051010,74,17382.0,0.0,53.74785423846253,59.95265343097511,19.856051218204417
060190042051011,73,21068.0,0.0,65.70167142845264,72.66342339347021,24.06669468790304
060190042051012,52,12775.0,0.0,39.50165289744348,44.061831670600405,14.593318048128031
060190042052000,410,105920.0,0.0,305.07178384332144,253.05642250445686,120.99602721391163
060190042052001,267,69876.0,0.0,244.72476879765242,160.8109328784598,79.82173713745553
060190042052002,117,26943.0,0.0,101.00569193186485,92.92641270905614,30.777907488901256
060190042052003,71,25714.0,0.0,95.96751972544459,88.68795021876024,29.37397888763712
060190042052004,115,28844.0,0.0,106.80419560710527,100.64586295565675,32.94948460119021
060190042053000,110,29807.0,0.0,108.90882210927487,117.25248600436404,34.04955233350702
060190042053001,1262,254966.0,0.0,894.6858335674912,806.9293047361351,291.2563545564784
060190042053002,161,45429.0,0.0,158.92697505581506,122.06981242495301,51.895095546646445
060190042053003,24,7111.0,0.0,24.878395739261936,27.974073583966337,8.12313774091886
060190042053004,58,18111.0,0.0,63.35822663248501,71.24204118875925,20.68881277257509
060190042053005,94,14725.0,0.0,53.1798007285708,57.923196446929786,16.820869531012544
060190042053006,75,13044.0,0.0,46.926080829451834,51.31152912942073,14.900605919356716
060190042053007,97,15568.0,0.0,56.66104897428973,61.240342925144866,17.783857172074928
060190042053008,14,7122.0,0.0,25.435211137413177,28.0147969718346,8.135703415950516
060190042053009,139,15691.0,0.0,54.892437234980136,17.32573625974872,17.92436426561072
060190042053010,132,28930.0,0.0,101.20598395554526,61.335642567853725,33.04772533325588
060190042053011,175,36157.0,0.0,126.48820790668557,77.03963073454155,41.30337382905403
060190042053012,262,51549.0,0.0,181.41854286213083,202.77904622461475,58.886180200622455
060190042053013,108,32621.0,0.0,118.47192149853826,128.31998318692973,37.26408047342345
060190042054000,1,760037.0,0.0,71.32230644590351,79.43178185617724,868.2161776395369
060190042054001,0,98229.0,0.0,1.0245549294670215,17.889127269253578,112.21033569859635
060190042054002,6,36560.0,0.0,0.3813283688177903,3.2469789681475234,41.76373446885016
060190042054003,10,37024.0,0.0,3.3807803686898534,21.46667592013793,42.2937774883673
060190042054004,0,33676.0,0.0,0.3512497917106004,0.3383470212203139,38.46924294236866
060190042054005,0,299723.0,0.0,364.98953848803103,567.0644595742781,342.38380159210004
060190042054006,0,24323.0,0.0,7.587246776360615,25.024121468667698,27.7849921631795
060190042054007,0,48281.0,0.0,15.06087156271125,79.19550237439805,55.15303238212677
060190042054008,24,123736.0,0.0,38.59853463688639,150.12033888618052,141.34785142881958
060190042054009,0,493374.0,0.0,330.70747877218423,386.0264988461821,563.5979411880328
060190042054010,0,343628.0,0.0,433.71005655043086,112.87614359117636,392.5379799798152
060190042054011,0,96898.0,0.0,100.68342235181026,85.14928413093962,110.68988901976594
060190042054012,0,33878.0,0.0,118.51771523193176,29.770741376095387,38.69999442931361
060190042054013,20,120597.0,0.0,421.76541989366103,120.10241722090814,137.7620647084224
060190042054014,23,90620.0,0.0,178.97844683430347,200.32133735841794,103.5183155789716
060190042054015,652,200830.0,0.0,581.0737957600418,513.8624679276429,229.41495605522917
060190042054016,46,8542.0,0.0,34.596529701820224,19.262674058666565,9.757817829127957
060190042054017,53,8375.0,0.0,33.92043826619868,18.88623951247136,9.56704803546554
060190042054018,54,8485.0,0.0,34.36905603270632,19.13602114917433,9.692704785782102
060190042054019,66,8544.0,0.0,29.211492543493627,19.26930543537056,9.76010249731553
060190042054020,50,8510.0,0.0,16.20215066309141,19.19200088035648,9.721263138126774
060190042054021,65,8708.0,0.0,21.382587067723914,19.637226622568264,9.947445288696587
060190042054022,62,8765.0,0.0,8.382945487271984,19.766513710043284,10.012558332042442
060190042054023,65,14658.0,0.0,59.369457655961895,57.65801757874074,16.74433314672882
060190042054024,44,7943.0,0.0,30.10445901657166,17.91393867226452,9.073559706949585
060190042054025,61,42896.0,0.0,173.74814407705685,168.73951592283942,49.00156328708415
060190042054026,128,29944.0,0.0,121.28479869874288,117.78852850450298,34.206052104355834
060190042054027,113,28433.0,0.0,115.16488352226615,83.37920857474008,32.47998528864378
060190042054028,20,135765.0,0.0,235.53779183303442,303.2649275205075,155.08898824298257
060190042054029,9,323661.0,0.0,630.6040630974496,963.6906264383018,369.72899512917155
060190042054030,17,14329.0,0.0,4.469963144315555,32.315509542586874,16.36850522987292
060190042054031,10,19208.0,0.0,5.991913961246043,43.31842266736521,21.94195327345935
060190042054032,0,5067.0,0.0,1.580593659203536,11.426870385251291,5.788206853218375
060190042054033,6,37672.0,0.0,11.751493223290915,80.14703329579176,43.03400998114123
060190042081001,97,64622.0,0.0,62.98680868581908,40.09043787643127,73.819913808699
060190042081002,42,94432.0,0.0,72.50345389238865,29.92286927274803,107.87289314448738
060190042081003,48,31722.0,0.0,29.449861660762814,37.83011923444037,36.237122123108996
060190042081004,20,31162.0,0.0,30.419951272119654,18.435286493259703,35.597415030588316
060190042081008,41,18988.0,0.0,40.449602263748275,31.357282074420333,21.690639772826227
060190042081009,30,11255.0,0.0,12.88602991787053,18.587530929756905,12.856970225571898
060190042081011,41,17913.0,0.0,29.994650047614684,53.30174985863149,20.46263062200528
060190042081012,63,25095.0,0.0,57.346223235337185,41.44370762281486,28.66687408358301
060190042081014,54,23383.0,0.0,35.18080924216707,39.12509893261699,26.711198115019783
060190042081015,58,18122.0,0.0,15.945104389746174,15.991287523709083,20.701378447606746
060190042081016,103,41474.0,0.0,72.65193666484097,65.93801865752047,47.37716420571913
060190042081017,43,12283.0,0.0,31.691548564375005,21.877050953564424,14.031289673984862
060190042081018,12,19172.0,0.0,14.511105962456593,13.178037042338085,21.900829246083024
060190042081019,0,220417.0,0.0,233.3408562221958,266.3118533611225,251.78985395023375
060190042081020,61,80245.0,0.0,60.74370141560499,81.47519813578182,91.6665993559322
060190042081021,18,16413.0,0.0,12.422502720913208,19.66261564293543,18.749129481324882
060190042081022,7,51520.0,0.0,47.669163379560345,90.96564576516789,58.85305251190263
060190042081023,36,32129.0,0.0,24.318488614503828,56.730307979830485,36.70205209928027
060190042081026,0,44820.0,0.0,56.949241961551934,79.13833541656227,51.19941408353021
060190042081027,0,38076.0,0.0,77.86466283132293,67.2291718155745,43.495512955031145
060190042081028,0,111839.0,0.0,278.57327185562826,217.06924989577743,127.75750271503647
060190042081029,47,14837.0,0.0,38.542332994284706,27.89564296252119,16.94881094951668
060190042081030,26,13828.0,0.0,35.92209484836283,25.836726804296905,15.796195848885668
060190042081031,37,16656.0,0.0,42.463316030031606,27.8024265095329,19.026716666115107
060190042081032,0,3515.0,0.0,0.37258776268397603,2.7641440005925335,4.015304339661059
060190042081033,30,28568.0,0.0,27.88007261219675,21.92621592491511,32.634200391305015
060190042081034,8,39022.0,0.0,38.08187442226488,30.68548659546941,44.57616100775358
060190042081035,77,62971.0,0.0,61.45382024705054,55.268881886678315,71.93392021985677
060190042081036,31,27976.0,0.0,27.30215504853361,25.73817235875293,31.957938607783156
060190042081037,68,47277.0,0.0,46.138119326842876,66.68441674155866,54.00612895196469
060190042081038,24,17478.0,0.0,17.056785687977012,25.760307048015616,19.965715291207964
060190042081039,118,63745.0,0.0,62.09672458666941,84.41999401778608,72.81808680844786
060190042081040,0,63288.0,0.0,97.47365225273343,84.98814706960796,72.29604012758723
060190042082001,116,35542.0,0.0,59.51442067956843,88.37750203326537,40.60083836137507
060190042082002,78,17709.0,0.0,29.65353094441468,52.69556691994396,20.229594466872744
060190042082004,49,13313.0,0.0,14.021474223136996,43.055803925628545,15.2078937905854
060190042082005,100,24832.0,0.0,29.519843643525448,72.62676207808919,28.366440216917045
060190042082006,66,34032.0,0.0,56.98544658344233,101.26552617054455,38.8759138797568
060190042082007,37,12824.0,0.0,21.474145009419253,38.160455411316576,14.64929241872359
060190042082008,30,12961.0,0.0,29.159414091409726,38.56844827167297,14.8057921895724
060190042082009,33,9754.0,0.0,16.332468051307607,29.023480029370063,11.142326750797716
060190042082010,73,25555.0,0.0,56.93217076639689,76.4717976393024,29.192347766724996
060190042082011,140,35390.0,0.0,78.25385928311034,114.45994903770567,40.42720357911946
060190042082012,75,26517.0,0.0,22.129667198331873,85.76064636256925,30.291273164948024
060190042082013,42,14268.0,0.0,14.803409866877084,46.146331618550185,16.298822850151918
060190042082014,135,39323.0,0.0,77.79348304807127,127.18070382373008,44.92000356998345
060190042082015,43,9633.0,0.0,28.027773065367892,31.154696985422557,11.004104325449497
060190042082016,69,17985.0,0.0,16.365732686753137,58.16711231813629,20.544878676757936
060190042082017,87,17388.0,0.0,50.59342034769822,56.23788506894565,19.86290522276714
060190042082018,44,11548.0,0.0,33.60165550458299,37.35043069644957,13.191674115051468
060190042082019,120,25689.0,0.0,74.74457955356776,83.08347302025112,29.345420535292444
060190042082020,55,19276.0,0.0,56.086001334055425,62.343246914810386,22.019631991836864
060190042082021,99,29436.0,0.0,83.89583362109809,88.8942996532219,33.62574638471207
060190042082022,56,16964.0,0.0,44.31681774352292,50.47967233065368,19.37855556700148
060190042082023,47,16749.0,0.0,43.50819220273625,49.83797930428385,19.13295373683729
060190042082024,44,16971.0,0.0,35.14389661397535,50.497760692787345,19.38655190565799
060190042082025,60,20662.0,0.0,53.67243698238148,61.480968712144744,23.60290704582555
060190042082026,42,10906.0,0.0,28.32958671874063,32.45111518328532,12.45829562684026
060190042082027,114,35903.0,0.0,76.22088903681528,106.83126420383464,41.01322096923215
060190042082028,57,11640.0,0.0,27.993676425430166,34.63487885056515,13.296768851679866
060190042082029,90,30472.0,0.0,60.27297600961354,60.63793071326543,34.809204505875336
060190042082030,120,34362.0,0.0,78.97004988316334,89.44900918335823,39.25288413070649
060190042082031,65,16778.0,0.0,43.58526015416165,44.99741360027718,19.166081425557113
060190042082032,129,38785.0,0.0,100.75239562200903,73.52509164223167,44.30542782752608
060190042082033,63,28774.0,0.0,74.74615847029666,54.55744226447155,32.869521214625124
060190042082034,71,20088.0,0.0,52.182762501793235,59.7745690164799,22.94720727599185
060190042082035,48,10954.0,0.0,28.45571640310182,32.59559483827898,12.513127663342031
060190042083002,94,29811.0,0.0,84.87119517717456,88.70651584102167,34.05412166988217
060190042083006,44,18812.0,0.0,54.7371124271845,57.790881107073055,21.489588972319726
060190042083007,60,20818.0,0.0,60.572170633322926,61.946307899410925,23.78111116445631
060190042083008,78,22299.0,0.0,64.38457570354312,65.87382208683891,25.472907957354753
060190042083009,382,114877.0,0.0,299.9469151194845,256.7282385849596,131.22791369196116
060190042083010,33,13973.0,0.0,36.29721644753756,27.83680403831856,15.961834292484774
060190042083011,52,25812.0,0.0,71.18123235175258,71.7499300048525,29.48592762882824
060190042083012,28,14947.0,0.0,45.40793384256683,39.028066387067035,17.074467699833242
060190042083013,25,16897.0,0.0,43.89328345004693,29.358545082180797,19.302019182717757
060190042083014,71,37145.0,0.0,96.49065091385165,61.34339407584206,42.431999913715515
060190042083015,29,19487.0,0.0,50.6212460564922,32.182175330395566,22.260664485625906
060190042083016,113,48624.0,0.0,126.31150610740231,80.30183672796842,55.54485297629569
060190042083017,32,91996.0,0.0,238.97715222254837,264.1543380084711,105.09016729202241
060190042083018,50,21684.0,0.0,58.55815597950376,64.52287819556042,24.77037248967579
060190042083019,68,20078.0,0.0,56.377714364837416,59.74460906576206,22.93578393505398
060190042083020,55,32679.0,0.0,91.0058944266834,95.60693707723289,37.33033585086309
060190042083021,62,25998.0,0.0,67.53519639253491,73.37402332161382,29.698401770272607
060190042083022,83,37532.0,0.0,97.49688774381218,73.77077746778045,42.87408320801106
060190042083023,75,34140.0,0.0,88.68590915720544,59.04590033656049,38.99928596188579
060190042083024,62,25872.0,0.0,67.20817205725479,54.37554275585548,29.554467674455452
060190042083025,49,25627.0,0.0,67.43540245906176,71.90609783545337,29.274595821477657
060190042083026,0,15129.0,0.0,40.02045485042732,32.96340080512058,17.282372504902465
060190042083027,0,20041.0,0.0,48.89058478255396,39.925588094978046,22.893517573583864
060190042083028,32,19504.0,0.0,50.66500596749111,38.85441799198527,22.280084165220284
060190042101000,381,382014.0,0.0,774.2962206826226,601.4419356085043,436.3876165039203
060190042101001,54,11154.0,0.0,20.474332521878857,13.36259077067315,12.741594482099417
060190042101002,95,39667.0,0.0,85.5851595319227,67.73858214703417,45.312966498246155
060190042101003,127,13853.0,0.0,32.21172814823701,24.69618330203452,15.824754201230341
060190042101004,91,12881.0,0.0,29.951216624644612,22.743625383160726,14.714405462069445
060190042101005,108,16364.0,0.0,38.05059874113373,28.893936904761084,18.69315511072932
060190042101006,121,10621.0,0.0,24.69605382566852,18.753087852572087,12.132730410110984
060190042101007,40,8634.0,0.0,20.076435252255397,17.201229949316783,9.862912565756353
060190042101008,110,10126.0,0.0,23.545468541417726,17.87938442328149,11.567275033686453
060190042101009,32,8279.0,0.0,19.250367475334244,16.493465766781174,9.457383962461995
060190042101010,95,28917.0,0.0,53.08040040410357,34.64296908265806,33.03287499003665
060190042101011,118,19871.0,0.0,46.20396802523585,35.481151826675436,22.699320777640086
060190042101012,11,1570.0,0.0,3.6501841314297763,3.1274305330184125,1.7934645272454801
060190042101013,39,11431.0,0.0,26.579397191282403,20.18321526649952,13.058021026078396
060190042101014,0,48678.0,0.0,113.18622330975127,96.97649158244022,55.60653901736018
060190042101015,0,62233.0,0.0,158.94128574362327,124.92745761749786,71.09087765864201
060190042101016,0,26397.0,0.0,81.53578355706429,55.514712386350894,30.15419307369359
060190042101017,0,29286.0,0.0,69.01340213807589,76.65086120422133,33.45439627064403
060190042101018,93,136148.0,0.0,316.5728795718357,388.0930386632582,155.52650220090294
060190042101019,77,24883.0,0.0,57.85937330599979,70.12852064856851,28.42469925570018
060190042101020,51,11632.0,0.0,27.04666823815964,23.173235381774347,13.28763017892957
060190042101021,93,28266.0,0.0,65.72506915177563,79.93819918013457,32.28921549498136
060190042102000,67,32425.0,0.0,59.52044973981083,50.473638347088006,37.040182991041206
060190042102001,42,14017.0,0.0,25.730534703922103,30.277464505857886,16.012096992611397
060190042102002,198,64237.0,0.0,134.57981883198505,135.36136867965666,73.38011518259103
060190042102003,44,11239.0,0.0,20.63126493378098,24.277085530145893,12.838692880071306
060190042102004,83,27692.0,0.0,63.748326459663026,75.95556172558487,31.633515725147667
060190042102005,45,11596.0,0.0,21.285989203018367,23.469768706587924,13.246506151553241
060190042102006,52,13712.0,0.0,25.957122707823558,29.618071197017528,15.663685094006384
060190042102007,74,29671.0,0.0,65.61603437471024,71.40966783287602,33.894194896752
060190042102008,98,30854.0,0.0,71.74216480244458,79.16103556647981,35.24557612970194
060190042102009,31,13176.0,0.0,30.63610402826321,40.80558437996567,15.05139401973659
060190042102010,72,37984.0,0.0,88.32179351965053,117.63971015149737,43.39041821840275
060190042102011,570,96960.0,0.0,252.28189618036612,295.02698312763624,110.76071373358073
060190042102012,0,5620.0,0.0,13.02953459546527,12.14001314948182,6.419917607082547
060190042102013,97,91600.0,0.0,233.16682976751693,197.99423265946936,104.63780299088279
060190042102014,38,16032.0,0.0,29.428873683165005,34.62934947300507,18.31390019159206
060190042102015,48,13352.0,0.0,24.50962440311808,28.840803016977308,15.25244482024309
060190042102016,51,11455.0,0.0,21.026704131093283,24.742404125294367,13.085437044329284
060190042102017,0,11368.0,0.0,29.771888001417814,35.20890494695473,12.98605397816982
060190042102018,0,18942.0,0.0,45.978947479708225,58.66414206956485,21.63809240451203
060190042102019,0,1863.0,0.0,5.056952133706316,5.768764659562635,2.1281684167250505
060190042102020,110,182735.0,0.0,497.2319618128901,421.9565641469754,208.74442062815467
060190042102021,61,21646.0,0.0,58.76783090385448,48.79349674982123,24.72696379411189
060190042102022,253,31085.0,0.0,84.39382401441844,104.78841772521758,35.50945530536672
060190042102023,0,11585.0,0.0,31.452227885008146,35.357832198857736,13.233940476521585
060190042111000,23,26192.0,0.0,82.92506311972485,53.86057443932179,29.92001458446727
060190042111001,127,26503.0,0.0,83.9107559358693,59.80523155224125,30.27528048763501
060190042111002,101,13174.0,0.0,41.710391200945374,32.947943882781374,15.049109351549017
060190042111003,77,15564.0,0.0,49.27548203086597,36.042128061488775,17.77928783569978
060190042111004,523,108337.0,0.0,343.0011869671517,315.0156076405259,123.75704871859465
060190042111005,22,6552.0,0.0,20.743030602144177,19.123575970201355,7.484572982491966
060190042111006,96,31934.0,0.0,101.10390629784045,93.21049898904411,36.479296950991824
060190042111007,169,71510.0,0.0,216.4795013408354,216.52715350595577,81.68831104670336
060190042111008,83,20972.0,0.0,66.3997127515947,63.15086331051828,23.957030614899498
060190042111009,55,16351.0,0.0,51.76976546874891,48.639889727933785,18.67830476751009
060190042111010,120,34567.0,0.0,109.44230536251975,84.7737399338321,39.48706261993281
060190042111011,171,42777.0,0.0,135.434073623925,134.36776152890664,48.865625529923506
060190042111012,197,66362.0,0.0,198.2696815281464,214.35073113044533,75.80757513188826
060190042111013,0,16489.0,0.0,40.932019432035986,50.7367961031759,18.835946872452688
060190042111014,26,6234.0,0.0,19.738722193552633,20.211571022346003,7.121310740667722
060190042111015,138,80493.0,0.0,254.84700441373133,254.18444503992657,91.94989821119135
060190042111016,64,12429.0,0.0,39.35155487664015,37.77717387042455,14.198070451677754
060190042111017,74,7998.0,0.0,25.32074281812413,24.211446534441738,9.136388082107866
060190042111018,75,19397.0,0.0,61.41409664966707,62.88529541255778,22.15785441718508
060190042111019,122,28898.0,0.0,91.49255306659339,92.16956653263802,33.011170642254704
060190042112000,75,17743.0,0.0,58.6197333472341,57.52393183780021,20.2684338260615
060190042112001,92,30765.0,0.0,107.64266950783522,99.7405308393742,35.143908395354906
060190042112002,48,14460.0,0.0,49.46951861100278,46.879537047979206,16.518150996159008
060190042112003,68,34926.0,0.0,118.94391306178275,109.43224907661288,39.89716055960232
060190042112004,44,56946.0,0.0,185.42717054712324,173.08297569948977,65.05135730479051
060190042112005,41,8502.0,0.0,30.393938292061033,27.561800146924742,9.71212446537648
060190042112006,73,20847.0,0.0,74.5247816558308,65.11587967337118,23.814238853176132
060190042112007,183,58655.0,0.0,208.87904993728412,178.3037343637108,67.00360627107239
060190042112008,100,40686.0,0.0,144.68528615546978,123.66219482908082,46.47700493981503
060190042112009,86,35386.0,0.0,125.83579708990581,109.00093427514375,40.42263424274431
060190042112010,82,20211.0,0.0,71.87426089424413,62.65992928680481,23.087714369527642
060190042112011,184,51613.0,0.0,183.5414219453661,177.86574980186518,58.95928958262482
060190042112012,47,20223.0,0.0,71.91270420553492,63.56053132383771,23.101422378653087
060190042112013,38,12929.0,0.0,46.00227483362487,40.89022929733804,14.769237498571218
060190042112014,403,106064.0,0.0,377.81375411283534,282.30362711897817,121.16052332341695
060190042112015,97,28552.0,0.0,102.07451472224203,89.28601550438498,32.61592304580443
060190042112016,77,25241.0,0.0,90.2376849173028,81.82924547364448,28.8336548612759
060190042112017,86,21343.0,0.0,76.30560547492637,69.19537139217483,24.380836563694448
060190042112018,60,22135.0,0.0,78.71558337341651,76.97235646055044,25.285565165973697
060190042112019,38,6220.0,0.0,22.119276904480625,21.62942575759769,7.105318063354705
060190042112020,57,27434.0,0.0,97.56285119056209,76.41476416162728,31.33879352895064
060190042112021,37,11717.0,0.0,41.66835565261592,40.000718856218604,13.384728576901459
060190042112022,74,23362.0,0.0,83.076958675732,81.23714521064491,26.68720909905026
060190042113000,0,13028.0,0.0,33.72333145927783,40.34996191444998,14.882328573856125
060190042113001,723,180334.0,0.0,546.2306914635265,557.925302313462,206.00167646897225
060190042113002,97,28732.0,0.0,102.7187313410104,88.85544577854162,32.82154318268607
060190042113003,54,16640.0,0.0,43.26684765292157,51.90310211435863,19.008439320614517
060190042113004,366,109204.0,0.0,377.8355921831815,349.6677458706574,124.7474523779079
060190042113005,31,9658.0,0.0,32.94698129831299,30.321881719635453,11.03266267779417
060190042113006,76,24872.0,0.0,88.91865086612756,79.72232924402573,28.412133580668524
060190042113007,103,26502.0,0.0,94.74368629997106,85.91537305531784,30.27413815354122
060190042113008,78,27115.0,0.0,96.93725656251367,87.90454420528457,30.97438895303261
060190042113009,59,29696.0,0.0,106.16654667866626,92.92689824547128,33.92275324909667
060190042113010,97,26759.0,0.0,95.66408099229915,86.75000443222181,30.56771801564446
060190042113011,89,27056.0,0.0,96.72650498039354,73.99918844491538,30.906991241499178
060190042113012,44,11106.0,0.0,39.70151461688401,34.129610711633056,12.686762445597646
060190042113013,69,26382.0,0.0,94.31772130228755,77.49557539676023,30.137058062286787
060190042113014,190,75849.0,0.0,271.16506022090005,222.50786379669043,86.64489867964485
060190042113015,57,21662.0,0.0,77.44214039518332,61.102527391666996,24.745241139612478
060190042113016,61,18049.0,0.0,64.52539126519521,45.16014809035836,20.6179880587603
060190042113017,105,18260.0,0.0,65.28150408998198,45.68933770813304,20.859020552549342
060190042113018,52,14779.0,0.0,52.807512141763986,36.9781371427469,16.882555572077038
060190042113019,174,47109.0,0.0,167.78397754252558,145.53676181638673,53.814216824208486
060190042113020,0,110196.0,0.0,305.88230875473255,341.93019144328986,125.88064779894454
060190042113021,0,14503.0,0.0,39.37344516015555,44.77683008447195,16.567271362191846
060190042113022,0,17441.0,0.0,47.34974815731535,58.718852314135084,19.923448929737848
060190042113023,21,15828.0,0.0,42.97073658846654,53.355035728956025,18.080864036459527
060190042121000,61,27291.0,0.0,108.23660908589173,91.97994363870625,31.17543975353911
060190042121001,244,81695.0,0.0,324.00282672531137,217.21697503784753,93.32298379192325
060190042121002,75,21519.0,0.0,85.34380220961799,65.09381026907099,24.58188736420095
060190042121003,73,27000.0,0.0,107.08419962181414,39.152110811455444,30.84302053224711
060190042121004,132,60743.0,0.0,240.9092095312717,169.15618547093794,69.38879985889949
060190042121005,96,33417.0,0.0,132.5315767647115,93.05799730598224,38.17337841207784
060190042121006,143,29326.0,0.0,116.30720839966837,81.66594067719959,33.50008963439551
060190042121007,154,83133.0,0.0,329.7094898890518,206.7866266454514,94.96566021878886
060190042121008,213,54176.0,0.0,210.79698947261923,81.21037232556813,61.88709186500072
060190042121009,54,157433.0,0.0,155.62204327512316,410.26636393214017,179.84108338715777
060190042121010,0,169723.0,0.0,68.90064348465827,310.4300614880389,193.88036939979912
060190042121011,34,117425.0,0.0,6.176834086031347,170.2728843576607,134.13858096293026
060190042121012,8,20072.0,0.0,0.20935454201942108,26.159854582876143,22.92892993049126
060190042122000,79,178795.0,0.0,764.3359542473024,633.4947690030351,204.24362429863416
060190042122001,74,14421.0,0.0,65.30583795780358,48.612450557496814,16.473599966501318
060190042122002,40,8705.0,0.0,39.421703038752696,29.344782178615215,9.944018286415226
060190042122003,0,5072.0,0.0,22.96742641352551,17.096524841804605,5.793918523687309
060190042122004,29,3870.0,0.0,17.52350576767687,13.044171614115411,4.420832942955419
060190042122005,83,13071.0,0.0,59.19111746318624,44.60431527302475,14.931448939888963
060190042122006,786,209579.0,0.0,760.5282670786764,692.4843708334251,239.409237041771
060190042122007,64,11780.0,0.0,31.98087960679769,39.709372227101134,13.456695624810036
060190042122008,56,7603.0,0.0,30.394956026102694,25.629717815257052,8.68516611506203
060190042122009,58,11003.0,0.0,29.8722098700113,37.09112180648806,12.569102033937591
060190042122010,41,7752.0,0.0,21.04606875130796,26.13205728666737,8.855373895036282
060190042122011,38,5279.0,0.0,15.237693257032547,17.79693327372528,6.030381681101204
060190042122012,281,40958.0,0.0,183.92368622444295,138.06788338292324,46.78771981332508
060190042122013,431,107915.0,0.0,487.9627338189221,356.07770441045335,123.27498373101656
060190042122014,26,5800.0,0.0,26.26485998512941,19.55107303349611,6.625537743964194
060190042122015,25,5057.0,0.0,22.899353671496538,17.070047835679524,5.776783512280505
060190042122016,66,10174.0,0.0,46.07366090490508,34.55048420157007,11.622107070188227
060190042122017,302,51770.0,0.0,221.5376412391687,177.42043950570672,59.13863603534937
060190042122018,175,21201.0,0.0,85.61845189631906,59.206703614770824,24.218625122376704
060190042122019,141,17278.0,0.0,78.24326233446817,54.43070291268191,19.737248472450577
060190042122020,135,20586.0,0.0,82.36942692472584,57.326934475196296,23.51608965469774
060190042122021,33,9264.0,0.0,41.95449104923056,36.981459387720356,10.58258304484212
060190042122022,48,10886.0,0.0,45.90088758335102,30.315168091207177,12.43544894496452
060190042122023,0,1850.0,0.0,7.335205829302048,5.150467390227016,2.1133180735058206
060190042122024,103,10542.0,0.0,47.739749401048996,42.0809681991654,12.042486016701817
060190042122025,110,13300.0,0.0,60.229409013160996,53.09017908840682,15.19304344736617
060190042122026,336,78607.0,0.0,355.977293325402,313.7818976427652,89.7954561103092
060190042122027,84,7202.0,0.0,32.61590852571326,28.74981596420506,8.22709014345347
060190042122028,85,7397.0,0.0,33.49868724310075,29.527955430778515,8.449845291741921
060190042122029,117,17709.0,0.0,80.19806583049188,70.69187208120006,20.229594466872744
060190042122030,51,4955.0,0.0,22.437047367216966,19.777495453762864,5.660265434714239
060190042122031,127,19108.0,0.0,86.5328873299874,76.2758021481183,21.82771986408066
060190042122032,75,4744.0,0.0,21.482843581584184,18.936397214611777,5.4192329409251965
060190042122033,145,18432.0,0.0,82.3650579431917,51.329507359581,21.055502016680695
060190042122034,36,9528.0,0.0,43.14721650640918,38.032806381862,10.88415924560187
060190042123000,81,47648.0,0.0,172.9762564115693,147.03207205758838,54.42993490075964
060190042123001,119,38619.0,0.0,138.0626700254113,117.78917375801176,44.11580036795745
060190042123002,80,27818.0,0.0,99.27164395681206,69.60423710264394,31.77744982096482
060190042123003,59,30502.0,0.0,104.06192026521089,76.32023013845622,34.84347452868894
060190042123004,48,15821.0,0.0,40.77852615774005,40.600719264700885,18.07286769780302
060190042123005,18,9065.0,0.0,32.23781622020173,31.52388098096847,10.355258560178521
060190042123006,103,25477.0,0.0,64.60807136426253,63.745634890289146,29.103245707409616
060190042123007,47,12026.0,0.0,27.22637349787638,30.090754450090465,13.73770981188162
060190042123008,107,21904.0,0.0,78.27839329316129,54.807403760480156,25.021685990308917
060190042123009,70,16090.0,0.0,60.150026392842975,40.260057955650964,18.380155569031704
060190042123010,145,39341.0,0.0,145.13057643526355,120.70720355609932,44.940565583671614
060190042123011,130,36354.0,0.0,48.567684532285654,90.96381135087991,41.52841364553005
060190042123012,44,16943.0,0.0,22.634423959993416,42.39266275426416,19.354566551031954
060190042123013,50,14647.0,0.0,19.568057125361424,43.423999323427566,16.731767471697164
060190042123014,34,7197.0,0.0,21.036850551710224,24.894260525872664,8.221378472984535
060190042123015,61,19979.0,0.0,54.97749089108824,69.47496974952982,22.822692859769074
060190042123016,154,29376.0,0.0,83.66553047452787,102.15142982015603,33.55720633908486
060190042123017,149,38246.0,0.0,53.950196248580184,132.99701513629327,43.68970975097493
060190042123018,264,120584.0,0.0,89.51398580966105,280.49381588321364,137.74721436520318
060190042123019,223,53129.0,0.0,61.97082331452686,184.74937755221288,60.691068068805805
060190042123020,49,17756.0,0.0,17.28826832306835,61.74253102465298,20.28328416928073
060190042123021,85,21815.0,0.0,23.56788778848536,75.44249911574457,24.920018255961878
060190042123022,125,28963.0,0.0,59.208306433375384,100.7152577897348,33.085422358350854
060190042123023,37,13703.0,0.0,10.948689031491089,47.651339507199644,15.653404087162302
060190042123024,111,26826.0,0.0,30.882003864281558,82.71260163023854,30.644254399928187
060190042123025,29,8455.0,0.0,6.18887009908327,29.401151608750382,9.658434762968493
060190042123026,45,16232.0,0.0,7.2167162873057356,34.88431273009865,18.542367010349448
060190042123027,68,18389.0,0.0,24.566273903868872,46.0108800019091,21.006381650647857
060190042123028,69,42829.0,0.0,57.21693431068113,116.12027905987429,48.925026902800425
060190042123029,79,18094.0,0.0,25.707783037598976,45.27340279648771,20.669393092980712
060190042123030,76,28456.0,0.0,79.89738115071623,71.2018187466511,32.50625897280088
060190042123031,103,20750.0,0.0,82.29322304943064,63.37410699479261,23.7034324460788
060190042124000,589,162159.0,0.0,429.2683775407314,647.3087331315335,185.2397543143948
060190042124001,391,158622.0,0.0,149.67097984228843,504.88382991398674,181.1993186246704
060190042125000,898,145609.0,0.0,641.5340524860713,435.84889042203866,166.3341250622211
060190042125001,0,136522.0,0.0,394.7312208616559,253.90156752301496,155.95373515197926
060190042125002,371,163018.0,0.0,516.1010510412707,473.2872188556522,186.22101930095775
060190042125003,0,34207.0,0.0,64.961404396274,55.90961242546713,39.07582234616952
060190042126000,168,35839.0,0.0,140.83309493898176,114.30564573283797,40.94011158722979
060190042126001,837,176445.0,0.0,699.7876741904453,495.9763876744246,201.55913917823486
060190042126002,73,15436.0,0.0,61.21899055107138,25.22086990183964,17.63306907169505
060190042126003,88,15161.0,0.0,60.12732826570641,46.813308929510995,17.318927195903647
060190042126004,78,9576.0,0.0,37.97923218784725,29.549773900122258,10.938991282103641
060190042126005,714,335009.0,0.0,685.1946093577519,683.1574742777581,382.69220242546567
060190042126006,38,12518.0,0.0,36.78988663456937,38.47918009953685,14.29973818602479
060190042126007,69,22267.0,0.0,47.80670710536644,37.93203347964211,25.43635326635357
060190042126008,0,1406.0,0.0,1.8788170478061834,1.6028720195334047,1.6061217358644235
060190042126009,0,174078.0,0.0,203.97535572308385,132.65740419014136,198.85523437824122
060190042126010,0,109250.0,0.0,89.16457195715476,59.864401116406995,124.79999974622211
060190042126011,0,48963.0,0.0,65.41152156294899,13.713893972306243,55.93210423408946
060190042126012,0,1288.0,0.0,1.721132583016009,0.36084514152523245,1.471326312797566
060190042126013,17,81358.0,0.0,14.42798409874834,27.07031638164132,92.93801720231706
060190042126014,0,11193.0,0.0,0.11674876000974427,3.135104602670912,12.786145511757107
060190042126015,87,25806.0,0.0,88.94038650860627,37.42282521902236,29.479073624265517
060190042126016,96,39106.0,0.0,92.79043065456267,56.706144555077,44.67211707163169
060190042126017,0,105670.0,0.0,130.1541840112543,92.77663216200256,120.7104436904649
060190042131000,93,24836.0,0.0,71.97718571713443,85.11114325945363,28.371009553292193
060190042131001,554,110667.0,0.0,370.97490877751324,379.2551697409549,126.41868715711819
060190042131002,465,110289.0,0.0,347.75428717641444,375.20967006510415,125.98688486966672
060190042131003,229,50767.0,0.0,217.70869212929495,173.9793277285596,57.99287493928108
060190042131004,74,26626.0,0.0,70.54000946946863,91.24789018350609,30.4157875811708
060190042131005,103,26091.0,0.0,64.44459900440124,89.41517050635596,29.80463884099479
060190042132000,43,55147.0,0.0,137.2768308809576,127.46248073468237,62.99629827006783
060190042132001,54,28040.0,0.0,81.26521348824663,64.8098480805309,32.03104798978552
060190042132002,65,29862.0,0.0,83.9928562664906,69.01993692307435,34.112380708665306
060190042132003,266,103901.0,0.0,275.35252170232013,307.9573644289224,118.68965467855581
060190042132004,42,13039.0,0.0,37.78999424368034,44.685681744877414,14.89489424888778
060190042132005,63,14461.0,0.0,37.07200511950147,49.556086532803036,16.519293330252797
060190042132006,114,70087.0,0.0,217.35016658999788,201.07978631401363,80.06276963124456
060190042132007,89,41316.0,0.0,99.92198080877947,95.49440347071346,47.1966754189008
060190042132008,122,63313.0,0.0,153.12042901485145,140.32093300091145,72.32459847993191
060190042132009,99,35600.0,0.0,96.18987479378895,82.28311352311412,40.66709373881471
060190042132010,76,26633.0,0.0,68.78799288932807,61.55753641063459,30.423783919827308
060190042132011,91,37926.0,0.0,92.23740242773721,87.65809088035934,43.32416284096311
060190042132012,60,31231.0,0.0,75.532022772912,72.18517286440573,35.676236083059614
060190042132013,78,33537.0,0.0,81.10713857769647,62.37067554907942,38.31045850333227
060190042132014,38,25761.0,0.0,62.30171962074648,51.66037115025994,29.427668590045105
060190042132015,62,42590.0,0.0,103.00169879316792,98.43765809193654,48.65200905438535
060190042132016,175,81086.0,0.0,227.1601434450783,164.9159829233325,92.627302328807
060190042132017,163,51722.0,0.0,125.09590968726884,96.19173988422499,59.08380399884759
060190042132018,44,12613.0,0.0,30.503593765080407,23.456995070541492,14.408259924934548
060190042132019,41,14952.0,0.0,36.16176190954126,27.808076562613135,17.08017937030218
060190042132020,32,11212.0,0.0,27.115404964990358,20.851507710794436,12.80784985953906
060190042141000,283,219795.0,0.0,387.8331160733221,298.7107133257946,251.07932214389828
060190042141001,97,47930.0,0.0,82.33405573106661,70.64307682082884,54.75207311520756
060190042141002,26,7558.0,0.0,13.873486075446978,9.054542647030235,8.633761080841618
060190042141003,73,47418.0,0.0,82.82418939837353,69.86231093232823,54.16719805918865
060190042141004,129,60649.0,0.0,111.32809354085774,119.67911666770416,69.28142045408352
060190042141005,33,7654.0,0.0,14.049846833156487,16.532642780205908,8.743425153845163
060190042141006,44,10565.0,0.0,19.39290277629947,22.82124974392538,12.068759700858916
060190042141007,75,33530.0,0.0,61.54744226483832,74.7536344951283,38.30246216467577
060190042141008,36,20379.0,0.0,37.40866650705773,47.72980809532516,23.279626497283846
060190042141009,124,56829.0,0.0,103.70543741045896,125.03522408401133,64.91770421581745
060190042141010,93,60674.0,0.0,105.61584366001665,114.12579908754668,69.30997880642819
060190042141011,116,60013.0,0.0,103.53709821502422,136.78939833780535,68.55489597043503
060190042141012,39,15321.0,0.0,28.123226591109653,33.09297706793195,17.501700650909555
060190042141013,0,7683.0,0.0,14.102777718223667,18.063056265208893,8.776552842564984
060190042142000,117,96788.0,0.0,156.5925158085855,137.97274318541537,110.56423226944939
060190042142001,120,53306.0,0.0,90.42776093543124,77.02085947246627,60.89326120340609
060190042142002,74,41511.0,0.0,68.83170464950116,57.761587929894965,47.41943056718925
060190042142003,55,34869.0,0.0,51.02679073979856,48.51896714538132,39.832047516256466
060190042142004,151,111844.0,38951.0,255.80826684953064,261.22214156613734,127.7632143855054
060190042142005,58,21631.0,0.0,36.69479005660705,30.098921706488973,24.709828782705085
060190042142006,99,47825.0,0.0,81.12957364903963,88.78339903855799,54.632128035359926
060190042142007,63,31375.0,0.0,53.224576486500325,64.59198690466893,35.84073219256493
060190042142008,108,51109.0,0.0,86.70181972214112,102.52998838564301,58.38355319935621
060190042142009,46,14662.0,0.0,23.881496006061344,23.336529882245188,16.74890248310397
060190042142010,29,36132.0,0.0,58.11118419199274,62.70426509897882,41.27481547670936
060190042143000,144,88906.0,0.0,171.75469072629448,159.09694383959635,101.5603549422208
060190042143001,56,30599.0,0.0,58.1653119896189,54.75812275987607,34.95428093578627
060190042143002,67,29567.0,0.0,56.19315046091041,52.91034807187821,33.77539215099816
060190042143003,103,58330.0,0.0,110.53130838504818,104.3818999588533,66.63234769059163
060190042143004,77,34568.0,0.0,74.57347904614724,70.58653439612235,39.4882049540266
060190042143005,160,115115.0,0.0,282.8914055549963,249.99811800887358,131.49978920628246
060190042143006,37,17749.0,0.0,51.43900277673587,37.420141473247135,20.275287830624222
060190042143007,90,43320.0,0.0,85.42759314435867,77.52175500388238,49.48591294284981
060190042143008,211,90271.0,0.0,190.60782268489973,195.29752264258542,103.11964098023996
060190042143009,32,15810.0,0.0,43.92676072489062,36.54272028410851,18.060302022771364
060190042143010,95,34688.0,0.0,96.95984217571663,69.13159747837032,39.62528504528103
060190042143011,25,19198.0,0.0,55.63958063410116,49.29454537218515,21.930529932521484
060190042143012,0,24969.0,0.0,72.36524111629832,80.97442640835274,28.522939987765856
060190042143013,0,23081.0,0.0,66.89156466843178,67.92727031945475,26.36621321869613
060190042143014,40,20152.0,0.0,58.40375913972092,48.74217924958098,23.020316657994215
060190042144000,59,26880.0,0.0,70.7023430401674,63.19763580575327,30.70594044099268
060190042144001,35,13789.0,0.0,33.01604764295837,32.41932273781871,15.751644819227979
060190042144002,95,40730.0,0.0,104.38122897096991,95.7591563958832,46.52726763994166
060190042144003,57,24985.0,0.0,48.085523805884065,55.05541960605391,28.54121733326645
060190042144004,113,39299.0,0.0,113.89548658681358,92.39615932353227,44.89258755173256
060190042144005,68,24119.0,0.0,69.68302884745971,56.70501512983944,27.551956008046965
060190042144006,44,13883.0,0.0,40.23434538934204,32.63956367610858,15.85902422404395
060190042144007,99,72106.0,0.0,208.97499348749653,191.07834986952284,82.36914216660038
060190042144008,0,1369.0,0.0,3.967974075230212,3.218964823221212,1.5638553743943073
060190042144009,228,74982.0,0.0,209.397576484179,233.0231399253131,85.6544950203316
060190042144010,42,17912.0,0.0,48.63016867292147,60.56260722216442,20.46148828791149
060190042144011,30,10983.0,0.0,29.816784231222165,37.02230201951965,12.546255352061852
060190042144012,84,29763.0,0.0,84.17410988956574,65.55843213572318,33.9992896333804
060190042144013,73,25963.0,0.0,74.03364941655579,56.88510389166353,29.658420076990065
060190042144014,57,12856.0,0.0,37.017243590429345,27.769880150286646,14.685847109724772
060190042144015,58,20156.0,0.0,55.35358660133301,44.280033753906864,23.024885994369363
060190042144016,58,20943.0,0.0,60.69639846714608,45.98606293871505,23.923902926179675
060190042144017,105,33747.0,0.0,97.80384558442978,74.11076653866255,38.55034866302753
060190042144018,51,21934.0,0.0,63.568616123054284,51.5691723991651,25.055956013122522
060190042144019,32,8328.0,0.0,22.608602545665327,18.032227941885548,9.513358333057553
060190042144020,66,13193.0,0.0,38.23552065713742,45.212505099025165,15.070813699330968
060190042144021,77,27238.0,0.0,78.94026893946966,68.67833868448108,31.1148960465684
060190042144022,123,54867.0,0.0,159.0108147626432,178.47287950633495,62.67644472380749
060190042144023,0,5797.0,0.0,15.197490067886369,13.628796643512496,6.6221107416828335
060190042151000,82,41579.0,0.0,116.57656810761983,121.80149738616214,47.497109285566765
060190042151002,139,32389.0,0.0,49.975845504041416,56.96941974419555,36.99905896366488
060190042151003,178,33996.0,0.0,120.8949697515803,88.07832831264193,38.834789852380474
060190042151004,134,38719.0,0.0,137.6898300443537,117.68319392637972,44.230033777336146
060190042151005,178,31075.0,0.0,110.50518210682871,76.96668833426219,35.498031964428854
060190042151006,168,28262.0,0.0,95.9209494883746,68.3035410351714,32.284646158606215
060190042151007,130,100741.0,0.0,356.94758156996943,286.8030296511606,115.07987894218913
060190042151008,75,11333.0,0.0,40.30025171344879,37.911843616310485,12.946072284887277
060190042151009,233,29681.0,0.0,105.55001737702248,103.2125179511179,33.90561823768987
060190042151010,213,78559.0,0.0,193.02306349097253,212.24199313578526,89.74062407380744
060190042151011,16,3358.0,0.0,1.4928169313562076,1.9020228697198902,3.835957886936511
060190042151012,156,31027.0,0.0,110.33698779697811,76.81763364049056,35.443199927927076
060190042152001,132,36909.0,0.0,85.05315047863351,90.97265727606509,42.1624090675818
060190042152002,240,77240.0,0.0,214.96718584504364,213.78285495382505,88.23388540410248
060190042152005,65,13564.0,0.0,31.25695316441457,29.645437169642506,15.49461964812592
060190042152011,101,26585.0,0.0,61.26418016946891,58.105580361919635,30.368951883325536
060190042152012,68,19455.0,0.0,44.83292295374144,44.767015593519424,22.224109794624724
060190042152013,48,19495.0,0.0,44.924087248322216,51.27309026955711,22.269803158376202
060190042152014,105,24407.0,0.0,66.66377132602119,70.10889433315012,27.8809482270576
060190042152015,51,15072.0,0.0,47.61579815001093,43.993499856272585,17.21725946155661
060190042152016,107,33080.0,0.0,97.57396536454856,97.24460427425842,37.788411822471645
060190042152017,144,33233.0,0.0,76.83505687138025,89.16369739063606,37.96318893882105
060190042152018,97,24746.0,0.0,59.91978150007068,71.702722260072,28.268199484851372
060190042152019,90,26693.0,0.0,61.513034200617184,58.34160421574866,30.492323965454524
060190042152020,63,13918.0,0.0,32.073549939001566,30.59461986600073,15.899005917326493
060190042152021,76,19838.0,0.0,45.71558367567977,43.59115353395273,22.66162375254512
060190042152022,55,34083.0,0.0,79.7498798621226,103.5929341731482,38.934172918539936
060190042152023,63,16254.0,0.0,37.455177487326424,49.398688212656516,18.56749836041276
060190042152024,52,16787.0,0.0,38.685211337802585,41.63133895856148,19.176362432401195
060190042152025,61,12441.0,0.0,28.668596204198654,30.93641053663227,14.211778460803197
060190042152026,90,20540.0,0.0,47.33334754501408,54.07271074079773,23.463542286383543
060190042161000,200,173240.0,0.0,512.2164841931743,520.3229484779498,197.89795840764776
060190042161001,80,43805.0,0.0,127.4564446738066,118.33910157246217,50.03994497833647
060190042161002,99,27936.0,0.0,81.28192717416172,82.00079635072746,31.912245244031677
060190042161003,113,45143.0,0.0,131.34875448066904,123.02872556008734,51.568387995823386
060190042161004,80,12895.0,0.0,37.51831406459694,41.704052025836276,14.730398139382462
060190042161011,74,24043.0,0.0,56.03534669036656,63.29457075898246,27.46513861691916
060190042161013,73,18354.0,0.0,51.317202707651376,48.31737949015825,20.966399957365315
060190042161016,49,15407.0,0.0,18.408227133304187,40.560112329012966,17.59994138297523
060190042161018,67,17851.0,0.0,56.33782158258052,47.11658307934184,20.391805908190488
060190042161019,84,15407.0,0.0,35.503259204261425,40.55865950711269,17.59994138297523
060190042171000,0,17973.0,0.0,12.726864013184288,7.225990713670221,20.531170667632495
060190042171001,118,126252.0,0.0,112.3769855215743,75.41004658392912,144.2219640087875
060190042171002,75,64983.0,0.0,51.39885889093283,34.11036886568465,74.23229641655607
060190042171003,45,89847.0,0.0,90.25018545005112,25.565763462405453,102.63529132447431
060190042171004,0,35920.0,0.0,26.294261165111134,10.06075071966064,41.03264064882653
060190042171005,0,10106.0,0.0,0.10540401658746022,2.83045933434982,11.544428351810716
060190042171006,0,31425.0,0.0,0.2490786318171743,7.495906104052905,35.89784889725428
060190042171007,20,182297.0,0.0,150.90842468645496,284.5756483120513,208.24407829507598
060190042171008,22,112017.0,0.0,115.00396522889187,214.27551955439372,127.96083818373054
060190042171009,19,17982.0,0.0,18.461094498420863,32.11754912878497,20.541451674476576
060190042171010,45,69443.0,0.0,71.29430809393126,26.4699834912512,79.32710647484578
060190042171011,98,55043.0,0.0,56.05644682832402,32.87730193114538,62.87749552431399
060190042171012,0,31752.0,0.0,51.21675855590428,66.60831743182678,36.271392145922604
060190042171013,678,129329.0,0.0,252.29710006378838,293.0025525807109,147.73692601536987
060190042171014,454,192604.0,0.0,438.98369117057746,410.68270864728385,220.01811579973787
060190042171015,90,28578.0,0.0,42.66338114268125,75.14774856002167,32.64562373224289
060190042171016,131,30983.0,0.0,32.53195734155402,81.46978490224505,35.39293722780045
060190042171017,16,256630.0,0.0,439.83382274483995,181.5922606450875,293.15719848853985
060190042171018,158,38402.0,0.0,54.8007627924743,100.97815208198256,43.86791386960569
060190042171019,131,74590.0,0.0,219.0080829864571,196.13598439038176,85.20670005556711
060190042171020,82,19362.0,0.0,29.331094584360603,50.913507171580015,22.11787272390254
060190042171021,95,28367.0,0.0,111.88429477372642,74.59198497196819,32.40459123845385
060190042171022,74,11141.0,0.0,43.94352716868991,29.296649049906875,12.726744138880187
060190042172000,0,13618.0,0.0,13.981291770492149,8.134190175036464,15.556305689190413
060190042172001,0,24043.0,0.0,24.683945496488846,14.360898136925687,27.46513861691916
060190042172002,41,111988.0,0.0,158.2691310662962,55.19571382582966,127.92771049501071
060190042172003,502,309534.0,0.0,466.67058029009274,628.9343554277898,353.5912413862436
060190042172004,161,10177.0,0.0,15.55590885016726,26.76044186682491,11.625534072469588
060190042172005,60,13928.0,0.0,21.263618460342617,33.45894945324301,15.910429258264362
060190042172006,149,163235.0,0.0,523.196250632531,378.2297548575801,186.46890579930954
060190042172007,143,23368.0,0.0,35.71926503018319,44.55387554941845,26.69406310361298
060190042172008,133,22989.0,0.0,35.13939321512947,43.46388614935511,26.261118482067733
060190042172009,119,17987.0,0.0,27.452412000456665,31.74499281711139,20.54716334494551
060190042172010,65,12358.0,0.0,8.049910942130492,21.81057664710897,14.116964731018882
060190042172011,59,12239.0,0.0,4.385710237285954,21.599654885449887,13.981026973858237
060190042172012,66,12207.0,0.0,21.002280066314928,21.543976398696422,13.944472282857054
060190042172013,71,20114.0,0.0,38.75583075962866,35.49761689189041,22.97690796243031
060190042172014,63,21767.0,0.0,41.94073347664522,38.41476391907693,24.865186219460107
060190042182000,14,188080.0,0.0,138.77865001773148,100.22398645265818,214.8501963594458
060190042182001,20,24842.0,0.0,18.183756474959583,14.633427561819577,28.377863557854916
060190042182002,0,19311.0,0.0,14.984781174929097,7.8991937959439,22.059613685119405
060190042182003,0,20886.0,0.0,19.433751196360316,7.769947493388672,23.858789882833822
060190042183016,0,30918.0,0.0,21.977546177728897,60.808066072503514,35.3186855117043
060190043011007,26,26037.0,0.0,65.62793453146409,30.036592625053554,29.742952799930297
060190043011008,19,22371.0,0.0,43.3312563456084,25.80776523758343,25.55515601210741
060190043011011,84,60833.0,0.0,44.65095286203813,76.34367608339143,69.49160992734032
060190043011012,84,59671.0,0.0,61.565769442099494,75.23155678408655,68.1642177103599
060190043011013,53,28875.0,0.0,14.381067262448353,36.40374933640508,32.98489695809761
060190043011017,18,17699.0,0.0,8.815137651270309,17.04556366886069,20.218171125934873
060190043011018,53,62040.0,0.0,37.28679672758658,59.75031866477965,70.87040717854114
060190043011019,30,50788.0,0.0,57.057260678447136,48.913214006079315,58.0168639552506
060190043011020,76,50892.0,0.0,60.904790880255874,49.01367116292439,58.135666701004446
060190043011021,32,9004.0,0.0,5.480446520957743,8.671134398454914,10.285576180457518
060190043011022,140,131740.0,0.0,117.77858267228277,129.20140596002378,150.49109351549015
060190043011023,46,35096.0,0.0,42.73259782835051,43.55840873624022,40.091357355546094
060190043011024,38,25939.0,0.0,32.68994223331822,32.70270337182808,29.63100405873918
060190043011025,26,49216.0,0.0,81.6572162440255,40.812254915812716,56.221114759817546
060190043011026,93,106405.0,0.0,87.57878379755243,83.04372027117988,121.55005924939829
060190043011027,40,30480.0,0.0,37.239701033215276,23.968002467927498,34.818343178625625
060190043012000,104,92211.0,0.0,88.91286854954399,79.00611872800597,105.3357691221866
060190043012001,0,15497.0,0.0,20.80390964736222,12.186221101704906,17.702751451416056
060190043012002,70,49217.0,0.0,45.59330127251199,62.05137779030306,56.22225709391134
060190043012003,34,37127.0,0.0,34.63261459620984,46.80912289706446,42.41143790002735
060190043012004,40,30215.0,0.0,40.56261721250023,37.60635133525429,34.51562464377209
060190043012005,20,16023.0,0.0,21.51080344938334,12.600295394127455,18.30361918474798
060190043012006,103,88441.0,0.0,108.4201533444623,89.76700820323859,101.02916958860988
060190043012007,32,16538.0,0.0,22.201795631259934,20.8508217214733,18.891921243048248
060190043012008,42,27781.0,0.0,37.29490557992731,25.532164946932028,31.735183459494703
060190043012009,23,20704.0,0.0,21.216868914390016,16.2811352188149,23.6508850777646
060190043012010,23,17718.0,0.0,23.78577672827018,22.33841795073694,20.239875473716825
060190043012011,42,37705.0,0.0,50.61798677932784,40.433776954503266,43.071707006236196
060190043012012,111,47433.0,0.0,55.82330795795992,65.32203461185851,54.18433307059545
060190043012013,121,35934.0,0.0,48.24041483912023,50.001487635728765,41.048633326139544
060190043012014,104,60754.0,0.0,71.79653045342998,87.5923819037272,69.40136553393114
060190043012015,21,6283.0,0.0,7.27440711526596,9.259800327371302,7.177285111263282
060190043012016,28,96858.0,0.0,107.69468962709585,142.75768841466495,110.64419565601447
060190043012017,0,5744.0,0.0,9.74425097310711,8.4661574009427,6.561567034712126
060190043012018,93,91233.0,0.0,122.98879254464532,129.21800886436455,104.218566378463
060190043012019,46,5038.0,0.0,8.543884507253159,7.062185331011389,5.755079164498554
060190043012020,28,4191.0,0.0,5.706758566963542,6.176650223786631,4.787522187061024
060190043012021,17,3879.0,0.0,5.188986632401159,5.39728188916215,4.431113949799502
060190043012022,24,2111.0,0.0,2.40760638068479,2.936702162065575,2.4114672719842094
060190043012023,39,6561.0,0.0,7.851658188967908,9.214425270556964,7.494853989336048
060190043013000,74,104897.0,0.0,186.2843497320439,81.40394882750569,119.8274194359676
060190043013001,44,28276.0,0.0,53.49226658588835,21.94304325393711,32.30063883591924
060190043013002,47,25857.0,0.0,35.416473302453824,20.066141720952196,29.53733266304865
060190043013003,63,92453.0,0.0,122.65408459241513,87.3423559268591,105.61221397288304
060190043013004,29,68341.0,0.0,83.32750156928675,71.21918649898278,78.06825430349258
060190043013005,0,43188.0,0.0,56.54785863142178,53.83859220016396,49.33512484246994
060190043013006,270,208520.0,108153.0,400.7107153433732,347.76893801835996,238.19950523645065
060190043013007,52,31215.0,0.0,38.356503754525434,45.08435700949486,35.65795873755902
060190043013008,38,21594.0,0.0,37.038398757382026,17.184895913985333,24.66756242123497
060190043013009,42,19228.0,0.0,36.37601511263978,14.921791951756548,21.964799955335092
060190043013010,62,39903.0,0.0,74.3637838905694,55.88752063321748,45.58255734437987
060190043013011,177,108544.0,0.0,149.73190515171595,162.75931738175535,123.99351187600854
060190043013012,63,45582.0,0.0,55.49985823295902,70.55753940966586,52.06987266299584
060190043013013,39,27229.0,0.0,36.55412552021583,36.247438675891104,31.10461503972432
060190043013014,49,41271.0,0.0,55.40458231272019,57.42719142675427,47.14527038468039
060190043013015,64,46960.0,0.0,62.43845309863045,63.49535321603978,53.64400904423424
060190043013016,84,36233.0,0.0,52.410984665249934,56.08525698212737,41.39019122018183
060190043013017,124,69124.0,0.0,110.77035052496562,106.99821464833578,78.96270189892775
060190043013018,0,10708.0,0.0,16.065860387419956,16.574979849894387,12.232113476270447
060190043013019,0,16057.0,0.0,22.51361392988041,21.70619912438471,18.342458543936736
060190043013020,61,38861.0,0.0,48.02143888174262,49.16353265033449,44.39224521865389
060190043013021,50,48088.0,0.0,60.06312828327576,60.83676621124422,54.93256190202589
060190043013022,69,46273.0,0.0,61.797511042006505,60.37896221728097,52.859225521802614
060190043013023,32,24586.0,0.0,29.973972845011918,31.10353891717997,28.08542602984546
060190043013024,12,29126.0,0.0,35.46325307447598,36.847203488082464,33.271622815638125
060190043013025,52,26227.0,0.0,36.31621787890502,33.17918591870925,29.959996277749813
060190043013026,46,87386.0,0.0,114.69836782202012,118.21855163172825,99.82400711966467
060190043013027,0,19199.0,0.0,27.308887634100923,24.288516962178093,21.93167226661527
060190043021000,76,72182.0,0.0,97.94355677686119,91.31680852390308,82.45595955772818
060190043021001,41,41673.0,0.0,53.81637087999623,52.720431396591074,47.60448869038274
060190043021002,69,53749.0,0.0,69.4119739642344,70.03342657100569,61.3993152069537
060190043021003,47,14939.0,0.0,19.292328869896117,20.787239196835483,17.06532902708295
060190043021004,74,30304.0,3241.0,43.3203864819168,43.22064075230695,34.617292378119124
060190043021005,88,44951.0,0.0,58.05004573296103,61.538833975973326,51.34905984981629
060190043021006,36,10673.0,1681.0,15.953492625423653,15.628608911034924,12.192131782987904
060190043021007,38,19749.0,0.0,25.502851202042937,23.987461767451116,22.559956018198083
060190043021008,38,27708.0,0.0,35.78217349518104,34.65066757711521,31.651793070648257
060190043021009,41,66499.0,0.0,87.84380549658897,83.28327807281127,75.96407490273707
060190043021010,94,74455.0,0.0,96.15074020907691,100.436430320754,85.05248495290587
060190043021011,47,15597.0,0.0,20.141718634401858,21.702445874328728,17.816984860794747
060190043021012,131,92535.0,0.0,128.7339633235441,131.30110859326584,105.70588536857358
060190043021013,22,19219.0,0.0,24.81899251115843,26.65899115758044,21.954518948491007
060190043021014,23,15046.0,0.0,19.429986421537926,18.09665054266292,17.18755877511815
060190043021015,43,58350.0,0.0,75.35383383368055,70.18285902796173,66.65519437246736
060190043021016,45,40247.0,0.0,51.97478947167298,48.535512365854366,45.97552027264258
060190043021017,0,281.0,6884.0,9.25188124083221,9.490718224176986,0.32099588035412735
060190043021018,0,0.0,6701.0,8.654126677642173,9.324711521405435,0.0
060190043022000,84,149449.0,0.0,224.28721381240086,227.40406443942953,170.7206879823629
060190043022001,31,19711.0,0.0,29.57444923100467,30.51164943892235,22.516547322634178
060190043022002,83,98025.0,0.0,147.0752426227436,125.97140578932985,111.97729954346381
060190043022003,152,91895.0,0.0,137.87771616873795,86.15388206698945,104.97479154854993
060190043022004,132,44817.0,0.0,67.24287462796977,69.37376929282283,51.195987081248845
060190043022005,70,164023.0,0.0,225.2848443232102,170.23843652563158,187.36906506521362
060190043022006,52,67891.0,0.0,100.8245969873478,101.06767592564262,77.55420396128847
060190043022007,13,8392.0,0.0,12.590748116388083,7.281807304202258,9.586467715059916
060190043022008,161,146626.0,0.0,177.34877778701127,127.23444065223536,167.4958788356024
060190043022009,0,1517.0,0.0,2.239502509543425,1.315989711362564,1.7329208202747728
060190043022010,20,14687.0,0.0,16.21705154335247,12.744229972729938,16.777460835448643
060190043022011,57,249642.0,0.0,222.0358384564315,230.2595107087345,285.1745678411568
060190043022012,48,77306.0,0.0,64.13952749082218,64.67501567360088,88.30927945429241
060190043022013,133,109953.0,30751.0,120.82741138342415,110.58868561759772,125.60306061415432
060190043022014,30,8421.0,0.0,8.716518778799685,7.307939726090468,9.619595403779737
060190043022015,6,7124.0,0.0,5.895639658033564,6.181573653091257,8.13798808413809
060190043023000,144,131746.0,0.0,270.0723386062423,295.9118242862518,150.4979475200529
060190043023001,52,26847.0,0.0,59.62388215221087,59.79684003658647,30.66824341589771
060190043023002,57,30725.0,0.0,68.2369461642188,68.43488895859583,35.098215031603424
060190043023003,62,32997.0,0.0,73.28154127069097,76.21988764874679,37.69359809268733
060190043023004,37,15866.0,0.0,35.05165520445435,35.33756174501907,18.12427273202343
060190043023005,56,31735.0,0.0,70.47995137641571,73.44207689075857,36.251972466328226
060190043023006,21,9512.0,0.0,21.124507716932403,22.70812267597421,10.865881900101279
060190043023007,34,7085.0,0.0,15.733908261688942,16.85249585052229,8.093437054480399
060190043023008,25,8412.0,0.0,18.680802493651708,18.734992055973265,9.609314396935655
060190043023009,84,52339.0,0.0,80.1417501924655,90.39228333617903,59.788624134714134
060190043023010,105,39869.0,0.0,68.37148966294649,88.80076759237332,45.543717985191115
060190043023011,88,101344.0,0.0,152.05480351506418,177.09208764860057,115.76870640074264
060190043023012,0,4179.0,0.0,6.270468253108616,7.426819307139331,4.773814177935581
060190043023013,36,23565.0,0.0,40.025208125956375,40.430531652401996,26.919102920089006
060190043023014,68,30816.0,0.0,68.43721796047271,61.23827950934327,35.20216743413803
060190043023015,93,48997.0,0.0,108.51089014330384,85.9653440972127,55.970943593278214
060190043023016,66,42969.0,0.0,85.70546458088752,71.72179119475543,49.0849536759306
060190043024000,41,41007.0,0.0,49.05531399186122,49.32382610087465,46.84369418392064
060190043024001,43,38899.0,0.0,34.01800849364726,46.78672784396876,44.435653914217795
060190043024002,74,48171.0,0.0,82.22848853283861,74.93046485751148,55.02737563181021
060190043024003,51,50284.0,0.0,92.81532008498054,67.5069006503582,57.44112757198199
060190043024004,54,30593.0,0.0,26.27057451181829,36.79727819298608,34.94742693122355
060190043024005,55,45426.0,0.0,89.57981477736328,70.24494050747265,51.89166854436508
060190043024006,76,44447.0,0.0,85.03360666260674,57.12761772111141,50.77332346654768
060190043024007,31,23367.0,0.0,19.33895639477393,28.105938287916263,26.692920769519194
060190043024008,45,31343.0,0.0,26.66448819996727,37.699216171355424,35.80417750156375
060190043024009,53,16516.0,0.0,32.21911120606031,19.86478991867565,18.866789892984936
060190043024010,0,1824.0,0.0,1.5098277788382584,2.194282127285692,2.08361738706736
060190043024011,38,42654.0,0.0,48.75435969189468,51.30346812637691,48.72511843638772
060190043024012,48,23430.0,0.0,46.20406841762608,29.30908206392391,26.76488781742777
060190043024013,68,33446.0,0.0,65.9558133613633,42.54290005936406,38.20650610079766
060190043024014,179,64234.0,0.0,126.66904627066266,114.8358150433231,73.37668818030967
060190043024015,0,5905.0,0.0,11.643147678487686,12.34498959375481,6.745482823811822
060190043024016,61,29523.0,0.0,58.218489131084276,38.96547387912051,33.725129450871535
060190043024017,65,78607.0,0.0,129.47512425983768,100.53423713484962,89.7954561103092
060190043024018,0,3653.0,0.0,3.3860191538324047,4.707617913196268,4.172946444603656
060190043025000,68,39567.0,0.0,69.45470508710704,67.49152357390673,45.19873308886746
060190043025001,65,53489.0,0.0,79.1868351121334,89.28325740356527,61.1023083425691
060190043025002,71,39985.0,0.0,59.72702733853053,63.869999148769764,45.6762287400704
060190043025003,52,33728.0,0.0,55.210744367299625,57.772682619121376,38.52864431524558
060190043025004,78,61829.0,0.0,91.30197779307093,102.27779018729464,70.6293746847521
060190043025005,50,33880.0,0.0,50.03050112620027,56.55202910463912,38.70227909750119
060190043025006,111,95323.0,0.0,140.7632855839181,163.49654949024418,108.89071282205153
060190043025007,55,32061.0,0.0,47.72601343574065,55.02085541905723,36.62437338090277
060190043025008,31,24619.0,0.0,36.3551025369605,40.19199806759365,28.123123054940432
060190043025009,31,19194.0,0.0,28.343546213541774,32.038157010533915,21.925960596146336
060190043025010,187,124040.0,0.0,172.1321108108858,185.9241611218517,141.6951209933308
060190043025011,84,71049.0,0.0,104.9178540671975,97.1346913393642,81.1616950294676
060190043025012,0,18030.0,0.0,15.020679695124388,24.484796086339976,20.596283710978348
060190043031000,239,288655.0,6274.0,337.9609258354425,221.32977102048406,329.7404478420663
060190043031001,18,3530.0,0.0,4.084562639982057,2.5594152080400527,4.032439351067863
060190043031002,20,7228.0,0.0,5.982052088809932,5.241371134745298,8.25679082989193
060190043031003,33,12955.0,0.0,17.234390074512195,9.394332369723648,14.798938185009678
060190043031004,13,45810.0,0.0,45.09630068054425,37.85710490984797,52.33032483637926
060190043031005,0,1557.0,0.0,3.070527964702138,2.0552490872829066,1.7786141840262502
060190043031006,43,62180.0,0.0,98.36201453284033,82.07461782838911,71.03033395167131
060190043031007,75,57025.0,0.0,99.8024623751906,75.26996539489971,65.14160169819968
060190043031008,74,54931.0,0.0,93.89714351665725,72.50680858825484,62.74955410580986
060190043031009,26,14595.0,0.0,26.868291367470498,19.26375890453005,16.672366098820245
060190043031010,65,33713.0,0.0,59.60798887163182,62.220390548116555,38.51150930383877
060190043031011,33,24607.0,0.0,48.52435190660308,53.306522584746375,28.109415045814988
060190043031012,50,31716.0,0.0,45.48699189806254,55.62578428807201,36.23026811854627
060190043031013,65,51885.0,0.0,78.79475584665532,82.12542608946696,59.27000445613486
060190043031014,45,26409.0,0.0,29.381667840465415,34.8586035345616,30.167901082819036
060190043031015,184,142138.0,0.0,211.3162467191229,175.3084072310383,162.36908342268666
060190043031016,35,25154.0,0.0,27.985468054404862,33.20214294622512,28.734271795116438
060190043031017,16,18825.0,0.0,20.943622104645737,24.847650701368824,21.504439315538956
060190043031018,88,134420.0,0.0,159.09835738746142,117.43152215218609,153.55254888683913
060190043031019,21,47071.0,0.0,48.00226346026568,34.132831595991604,53.77080812864458
060190043031020,17,20299.0,0.0,32.524220136652644,18.97657265295977,23.188239769780893
060190043031021,24,17043.0,0.0,33.607815582507875,22.495294977136624,19.46879996041065
060190043031022,37,26305.0,0.0,36.615946760988116,34.720725303481345,30.049098337065196
060190043031023,82,58708.0,0.0,134.58462665479595,111.34188297016996,67.06414997804309
060190043031024,40,78998.0,0.0,87.96870425542932,68.2165422069815,90.2421087409799
060190043032000,80,131467.0,0.0,157.53017176180163,129.84014071257042,150.17923630788633
060190043032001,37,42153.0,0.0,47.78307196843005,40.273665018058004,48.15280905540046
060190043032002,30,30527.0,0.0,41.27634654251031,29.165885948099824,34.87203288103361
060190043032003,19,5436.0,0.0,6.047402470635305,5.958630248022957,6.2097281338257515
060190043032004,51,45272.0,0.0,50.368066606355704,49.628693752796785,51.7157490939219
060190043032005,47,28894.0,0.0,63.55452723274267,31.674346772104233,33.006601305879556
060190043032006,52,38940.0,0.0,94.17413543891479,51.820839343803165,44.482489612063056
060190043032007,48,31866.0,0.0,77.0671024763485,52.3611696612179,36.40161823261431
060190043032008,82,87282.0,0.0,160.46242762804314,100.61922185079409,99.70520437391083
060190043032009,29,33665.0,0.0,62.69313725158148,36.90473947209308,38.456677267337
060190043032010,68,73981.0,0.0,147.1249987618284,81.09975119247514,84.51101859245087
060190043032011,52,38807.0,0.0,78.01783574700511,42.54167237026743,44.33055917758939
060190043032012,68,57067.0,0.0,132.2925140988951,76.4115740343675,65.18957973013873
060190043032013,55,22532.0,0.0,54.492824835626166,29.674704733937077,25.739071801207107
060190043032014,40,19321.0,0.0,44.215828488539834,21.180697272918312,22.071037026057276
060190043032015,0,23476.0,25629.0,91.44529221969859,66.2320598709895,26.81743518574197
060190043032016,0,28521.0,0.0,53.11389425708865,31.265853263017416,32.58051068889703
060190043032017,59,107151.0,0.0,197.3115850709051,113.46935353963248,122.40224048336334
060190043032018,39,29424.0,0.0,46.08187697144073,28.112299451230967,33.61203837558663
060190043032019,14,29686.0,0.0,46.50444518450805,28.36229388619416,33.911329908158805
060190043032020,15,9031.0,0.0,10.047494614616088,8.628250188544106,10.316419200989765
060190043033000,126,143157.0,1614.0,195.18918647657156,198.7352849224568,163.53312186425555
060190043033001,0,2723.0,0.0,2.253494435164446,3.8449090004330606,3.1105757373818106
060190043033002,78,79907.0,0.0,81.32038271209589,109.37029602081543,91.28049043223221
060190043033003,50,36165.0,0.0,38.97802580975082,49.14603802674758,41.31251250180433
060190043033004,59,35619.0,0.0,41.374897623361846,50.29587600166256,40.68879808659666
060190043033005,43,23016.0,0.0,30.618020084134407,32.49989515808876,26.29196150259998
060190043033006,53,27438.0,0.0,36.500762506806545,38.74420852170678,31.343362865325787
060190043033007,124,80008.0,0.0,97.12585447635148,110.17546804715974,91.3958661757047
060190043033008,13,8901.0,0.0,11.84084197907854,12.568615535756255,10.167915768797464
060190043033009,126,74759.0,0.0,99.45135340032476,102.79402312219207,85.39975451741711
060190043033010,75,53672.0,0.0,71.3989846919723,76.35065088620854,61.31135548173211
060190043033011,69,77392.0,0.0,99.2527163601624,106.8022790533044,88.40752018635808
060190043033012,59,42460.0,0.0,56.48448641193453,60.83854906701809,48.503505622193046
060190043033013,120,88785.0,0.0,114.62444557141829,126.21378462290878,101.42213251687258
060190043033014,29,25352.0,0.0,33.725683025774636,36.7273456926218,28.96045394568625
060190043033015,55,25887.0,0.0,34.437554425894376,37.50257527006007,29.571602685862256
060190043033016,8,1737.0,0.0,2.310970655512569,2.3028697454617264,1.9842343209078974
060190043033017,123,99896.0,0.0,114.51459772569395,95.4413000831688,114.11460663293916
060190043033018,96,70141.0,0.0,82.56650775686512,67.01295627745938,80.12445567230905
060190043033019,26,7610.0,0.0,8.466932602835753,7.270948194441925,8.693162453718537
060190043033020,20,7826.0,0.0,11.331616380413672,7.47719206317638,8.939906617976515
060190043033021,26,5917.0,0.0,9.26629128292249,5.652911132706058,6.759190832937265
060190043033022,77,105136.0,0.0,164.65578018059514,100.4484388012599,120.10043728438268
060190043033023,24,8917.0,0.0,13.96431064712074,8.518942984574302,10.186193114298055
060190043033024,25,7568.0,0.0,11.853127994216656,7.231013697938124,8.645184421779486
060190043033025,156,135076.0,0.0,208.42110214906853,193.10090928474432,154.30192005236336
060190043033026,58,44773.0,0.0,64.56673826559934,64.86190637429618,51.14572438112222
060190043033027,66,49740.0,0.0,66.16961681484554,71.45214096943428,56.8196978249619
060190043033028,46,39590.0,0.0,52.66621140147617,56.74649394674525,45.22500677302456
060190043033029,54,29347.0,0.0,39.039804952819175,41.90851751191512,33.524078650365034
060190043033030,22,19592.0,0.0,30.401804619196355,28.102846225866685,22.380609565473534
060190043033031,52,39712.0,0.0,61.61437014897984,56.92925809073639,45.36437153246656
060190043033032,60,39886.0,0.0,61.8843573624389,57.16907709520432,45.56313766478549
060190043033033,66,39313.0,0.0,58.29734413005787,56.35772523295411,44.90858022904558
060190043033034,0,22121.0,0.0,34.3653779191626,31.72674631992801,25.26957248866068
060190044041006,0,11805.0,0.0,13.115606742721248,2.9258730758239855,13.48525397715471
060190044041007,0,41742.0,0.0,47.502322054693025,86.9179070696718,47.683309742854036
060190044041008,10,150257.0,0.0,154.11740405738433,37.24040033395228,171.64369393014275
060190044041009,0,82669.0,0.0,80.95221784631606,97.1142446431783,94.43561719927172
060190044041010,3,127735.0,0.0,186.6814264498052,238.67120417728762,145.9160454698735
060190044041011,0,49935.0,0.0,117.45964419062207,100.2194092113799,57.04245297325035
060190044041012,0,148445.0,0.0,285.61362526954935,262.3687691767816,169.57378455220083
060190044041013,96,21618.0,0.0,28.7940050853161,43.387429393410166,24.694978439485855
060190044041014,73,21205.0,0.0,39.55929831759735,32.16703487268102,24.223194458751852
060190044041015,76,19567.0,0.0,36.50346088525588,29.501330367248546,22.35205121312886
060190044041016,84,19519.0,0.0,32.917103442975986,39.17419080813145,22.297219176627088
060190044041017,89,20148.0,0.0,37.581032298185185,40.43643966157302,23.015747321619067
060190044041018,71,19646.0,0.0,36.65087391720868,29.722394160662763,22.44229560653803
060190044041019,108,19424.0,0.0,36.23766300619864,35.6120178899866,22.18869743771733
060190044041020,55,19412.0,0.0,36.21590526536967,45.521686025894056,22.174989428591886
060190044041021,70,19117.0,0.0,35.66584889425831,53.45473162503484,21.83800087092474
060190044041022,81,18831.0,0.0,35.130221537369515,42.660479380771754,21.51129332010168
060190044041023,94,18923.0,0.0,35.30321771055123,42.72031053786086,21.616388056730077
060190044041024,59,11202.0,0.0,20.89861632149898,31.322117976565043,12.79642651860119
060190044041025,37,7758.0,0.0,14.473804748447188,21.69283424923478,8.862227899599004
060190044041026,70,12941.0,0.0,24.14314321125158,36.1849018305575,14.782945507696661
060190044041027,45,5971.0,0.0,11.139091116620733,16.69488164857973,6.820876874001759
060190044041028,66,19264.0,0.0,35.93956208951924,43.30999346150898,22.00592398271142
060190044041029,29,36384.0,0.0,85.71234723412658,85.8880025726584,41.56268366834366
060190044041030,23,20643.0,0.0,47.072417338561834,57.72157380625503,23.581202698043597
060190044042000,27,126703.0,0.0,134.20728115536303,191.39806753660216,144.7371566850854
060190044042001,40,45881.0,0.0,35.024922918257616,60.105560192556496,52.41143055703814
060190044042002,0,23354.0,0.0,22.448375761237717,17.920447572026255,26.678070426299964
060190044042003,25,260532.0,0.0,283.030519925421,233.9999782787804,297.61458612249646
060190044042004,0,22855.0,0.0,20.58859211618802,5.6646349765343995,26.108045713500285
060190044042005,10,23284.0,0.0,22.80115692972949,5.7709968413387,26.598107039734877
060190044042006,16,12399.0,0.0,12.141358468204665,3.072985544592377,14.163800428864146
060190044042007,97,23579.0,0.0,23.089107055964114,31.7356860288654,26.93509559740202
060190044042008,109,26521.0,0.0,25.970393502438107,53.22819625011566,30.295842501323172
060190044042009,87,24559.0,0.0,24.049336153834712,49.290850535674004,28.054583009313216
060190044042010,96,23046.0,0.0,22.56742503102291,31.047616885200107,26.32623152541359
060190044042011,0,13048.0,0.0,12.777104502198922,3.2338932698368303,14.905175255731864
060190044042012,12,17315.0,0.0,16.955185499643722,4.2913682256176635,19.779514833920693
060190044042013,0,14741.0,0.0,14.434507317266155,3.6533829756721476,16.839146876513137
060190044042014,21,13548.0,0.0,13.266283211039147,3.3577047119357513,15.476342302625328
060190044042015,55,23205.0,0.0,22.723553228248782,31.321119065295413,26.507862646325712
060190044042016,131,36747.0,0.0,42.933336735822245,81.12046682337196,41.97735094438832
060190044042017,23,11781.0,0.0,17.147898701858466,24.047183216835816,13.457837958903824
060190044042018,30,11603.0,0.0,11.36235079740101,7.10897105938636,13.254502490209749
060190044042019,0,11839.0,0.0,11.59306003916316,7.316778616992806,13.524093336343464
060190044042020,62,23564.0,0.0,23.07486628187447,38.81955149469097,26.91796058599522
060190044042021,0,54321.0,0.0,54.325495526663516,109.29666231052788,62.05273030859983
060190044042022,0,9312.0,0.0,9.119023615408638,11.509329921495235,10.637415081343892
060190044042023,0,17976.0,0.0,17.602656707616788,22.21671881630543,20.534597669913854
060190044042024,20,9868.0,0.0,9.663147562362896,12.196081298375193,11.272552837489426
060190044042025,0,26127.0,0.0,55.07391826149485,50.79306416359877,29.84576286837112
060190044042026,46,25710.0,0.0,58.543258820616536,71.88754360665814,29.36940955126197
060190044042027,69,31666.0,0.0,63.19632661221485,62.20625090525128,36.17315141385693
060190044042028,86,31697.0,0.0,38.01562213389353,60.59700693739885,36.20856377076432
060190044042029,107,23734.0,0.0,44.27803419400532,66.3623748797327,27.112157381938996
060190044042030,97,23810.0,0.0,43.92171341026366,66.57599253155749,27.198974773066805
060190044042031,139,23694.0,0.0,38.65536867443456,66.25084608518861,27.06646401818752
060190044061002,18,7898.0,0.0,17.9743586952478,15.434384836277083,9.022154672729174
060190044061003,38,9196.0,0.0,20.926614263575498,18.04321294532449,10.504904326464608
060190044061004,41,7038.0,0.0,16.01716047234824,4.305162177263087,8.039747352072414
060190044061005,34,6162.0,0.0,14.355855944992415,3.5478292379723833,7.039062685915063
060190044061007,27,6128.0,0.0,16.057933624003017,12.031180016521,7.000223326726307
060190044061008,20,6270.0,0.0,18.267547691975675,12.309251119952203,7.162434768044052
060190044061009,56,13932.0,0.0,36.677151343822906,27.351874998928967,15.91499859463951
060190044061010,33,7856.0,0.0,17.878327064529987,17.950093564647425,8.974176640790123
060190044061011,24,6687.0,0.0,15.217787291189824,15.21441195274193,7.638788085153201
060190044061012,57,25379.0,0.0,75.66658549565165,55.12485655721656,28.9912969662185
060190044061013,70,28291.0,0.0,79.31258907493792,60.29006711518413,32.31777384732604
060190044061014,64,36670.0,0.0,82.71796423015323,90.04054430421381,41.889391219166725
060190044061015,27,14922.0,0.0,39.28413096759061,36.64076016080598,17.04590934748857
060190044062000,92,42125.0,0.0,110.89858584421138,94.6232928946673,48.12082370077443
060190044062001,100,55739.0,0.0,140.07870500025248,109.42838112259578,63.67256005358969
060190044062002,117,42954.0,0.0,113.06345155145371,84.32895286723894,49.06781866452379
060190044062003,104,51413.0,0.0,134.32727752594528,100.93414192955115,58.73082276386744
060190044062004,0,5078.0,0.0,8.167651479185805,9.903026470663827,5.800772528250031
060190044062005,142,473163.0,0.0,400.7023538023386,986.7779748255033,540.5102268185052
060190044062006,73,16034.0,0.0,11.518714140330164,47.58827524667808,18.316184859779636
060190044062007,108,30768.0,0.0,63.096540710388915,57.223310952681004,35.14733539763626
060190044062008,51,23452.0,0.0,38.72904226865853,38.697638064076976,26.790019167491085
060190044062009,99,26434.0,0.0,69.58907500483562,59.37819388518908,30.19645943516371
060190044062010,62,26327.0,0.0,69.30881844092079,59.14704283177506,30.074229687128508
060190044062011,77,26833.0,0.0,70.64059087971023,60.28908883872204,30.652250738584694
060190044062012,119,44259.0,0.0,116.51358128850862,79.79459163067908,50.558564656915735
060190044062013,0,55871.0,0.0,40.13734181630942,85.7471913569965,63.82334815396957
060190044062014,0,82730.0,0.0,102.52198722150871,128.62204933340385,94.50529957899272
060190044062015,0,21291.0,0.0,29.314363924602894,34.15498313943211,24.321435190817528
060190044062016,0,9702.0,0.0,25.53978561719486,15.563057546852914,11.082925377920795
060190044062017,0,11336.0,0.0,21.294849399022244,18.18577273509527,12.949499287168639
060190044062018,0,31946.0,0.0,40.68639288931618,51.24746480652485,36.49300496011727
060190044062019,62,22750.0,0.0,59.89178267074426,39.95863890730091,25.988100633652657
060190044062020,86,31706.0,0.0,83.46743356279904,56.990296886440646,36.2188447776084
060190044062021,123,17824.0,0.0,40.764166549489985,28.592809519784836,20.360962887658243
060190044062022,119,17922.0,0.0,47.18136080919503,28.750681169303515,20.47291162884936
060190044062023,140,17915.0,0.0,47.16295669344976,34.10577127614444,20.464915290192852
060190044062024,0,9202.0,0.0,20.05570122933455,16.074740815078272,10.51175833102733
060190044062025,127,17516.0,0.0,41.57907568122851,33.29686277453861,20.009123986771865
060190044062026,0,7728.0,0.0,20.056336273896047,13.313452787171567,8.827957876785396
060190044063000,0,7120.0,0.0,20.93687749102788,13.977362826568552,8.133418747762942
060190044063001,687,75380.0,0.0,231.97006098198992,198.16002393991184,86.10914398965879
060190044063002,318,124045.0,0.0,206.1503697138302,341.3629388125803,141.70083266379973
060190044063003,98,18470.0,0.0,23.38684810153349,54.82007366098337,21.0989107122446
060190044063004,77,14759.0,0.0,13.833618073595602,43.803414086925294,16.8597088902013
060190044063005,23,6182.0,0.0,8.273692289297294,18.349395491433015,7.061909367790801
060190044063006,55,12463.0,0.0,11.923933657133244,36.98900736224044,14.236909810866509
060190044063007,67,14984.0,0.0,33.290628747920124,44.4720870996531,17.116734061303358
060190044063008,109,36571.0,0.0,26.272764441588958,108.542978886846,41.77630014388182
060190044063009,89,17606.0,0.0,12.766391363904411,52.25360005485786,20.11193405521269
060190044064004,0,5040.0,0.0,16.647904120855657,14.392872848124629,5.757363832686128
060190044091001,0,92710.0,0.0,50.173018682450994,15.80420935597728,105.90579383498628
060190044091003,0,59888.0,0.0,71.29479588594498,36.2393508285249,68.41210420871167
060190044091004,88,27700.0,0.0,69.82127216310182,48.06710075852822,31.642654397897964
060190044091005,0,32207.0,0.0,81.17844773513353,35.29628784011263,36.79115415859565
060190044091006,72,16973.0,0.0,42.780593073748015,34.05380053232935,19.388836573845563
060190044091007,45,11873.0,0.0,29.928135665411386,33.598354013606155,13.56293269553222
060190044091008,114,42510.0,0.0,107.14977843707727,73.2237293209648,48.560622326882395
060190044091010,55,14527.0,0.0,36.30381985186241,25.207121128464735,16.594687380442732
060190044091011,90,29166.0,0.0,73.51617892803293,50.61078766455351,33.3173161793896
060190044091012,0,46860.0,0.0,109.56507691304247,23.634313998641705,53.52977563485554
060190044091013,34,17244.0,0.0,43.46601136112273,29.92333257385899,19.69840911326182
060190044091014,74,15329.0,0.0,35.42723467809821,26.599164828108016,17.51083932365985
060190044091015,91,105893.0,0.0,63.16798683794224,166.22267618764602,120.96518419337939
060190044091016,0,53478.0,0.0,90.62947000009896,9.223982984117086,61.08974266753744
060190044091017,0,29653.0,0.0,18.335594597803862,5.114692372278715,33.873632883063834
060190044091018,0,45630.0,0.0,56.94037382453936,7.870326075089228,52.12470469949762
060190044091019,0,59535.0,0.0,96.42732438894048,10.268828044390258,68.00886027360488
060190044091020,0,84261.0,0.0,162.06050092186186,20.759766919016553,96.25421307658051
060190044091021,0,61365.0,0.0,114.48243201105848,10.584408935465857,70.09933166523496
060190044091022,77,22075.0,0.0,55.37222234577133,62.46500897440355,25.21702512034648
060190044091023,166,44271.0,0.0,108.17638083542123,125.27363719112357,50.57227266604118
060190044091024,0,195619.0,0.0,433.12162991784476,161.69000089755326,223.46225309250548
060190044091025,0,10691.0,0.0,19.944836124847694,8.836518672316986,12.212693796676069
060190044091026,0,142895.0,0.0,266.58487588837676,57.67850893170596,163.23383033168338
060190044091027,0,20549.0,0.0,46.80446802555057,32.771325655973506,23.473823293227625
060190044091028,28,6968.0,0.0,14.867858621056003,19.717691270269743,7.959783965507328
060190044091029,0,3998.0,0.0,8.529555641087986,11.311860644503174,4.567051706960147
060190044091030,0,11373.0,0.0,24.266086390175296,18.57538556998513,12.991765648638756
060190044091031,0,4482.0,0.0,9.562808132207254,12.682155731602933,5.119941408353021
060190044091032,63,19124.0,0.0,48.204229767512444,33.185267146231425,21.84599720958125
060190044091033,84,96879.0,0.0,244.1912044665188,180.7423732056012,110.668184671984
060190044092000,309,147156.0,0.0,348.95009537859517,205.3638572293701,168.1013159053095
060190044092001,50,26616.0,0.0,51.6764605432373,30.70466733110139,30.40436424023293
060190044092002,67,30563.0,0.0,57.818837411133075,34.588418878487104,34.913156908409945
060190044092003,39,25426.0,0.0,48.10098661399593,41.42456676986167,29.044986668626482
060190044092004,63,19435.0,0.0,36.767118951883425,22.420569795898043,22.201263112748986
060190044092005,109,56103.0,0.0,106.25336787356294,64.72098629478486,64.08836966372813
060190044092006,41,14601.0,0.0,27.622200438952603,32.520760436841016,16.679220103382967
060190044092007,209,125745.0,0.0,249.25097428456075,274.738707029273,143.64280062323752
060190044092008,53,14634.0,0.0,27.685434174865083,32.59520813269642,16.716917128477935
060190044092009,61,20547.0,0.0,38.870666183972055,33.92695409133721,23.47153862504005
060190044092010,54,21144.0,0.0,40.00036001196325,34.64427463830203,24.15351207903085
060190044093000,60,8295.0,0.0,20.907312235534725,17.000194832138842,9.475661307962584
060190044093001,354,54266.0,0.0,136.781902590607,153.55606634746377,61.989901933441544
060190044093002,283,99173.0,0.0,234.18551387619442,280.6288099860751,113.2886990831312
060190044093003,0,21748.0,0.0,47.37169000957665,61.53946350134372,24.843481871678154
060190044093004,0,12291.0,0.0,27.169707704460954,29.891033196093947,14.040428346735156
060190044093005,294,107190.0,0.0,208.29897966166385,246.6459304070267,122.44679151302103
060190044093006,100,21964.0,0.0,44.770307877335185,48.920574337201685,25.09022603593613
060190044093007,0,10410.0,0.0,23.12108602564536,23.188156031473785,11.891697916321942
060190045031000,171,187317.0,36443.0,500.55119796058705,287.77968977910905,213.97859544588638
060190045031001,36,20879.0,0.0,44.54984619048382,17.257769973222366,23.85079354417731
060190045031002,0,44828.0,0.0,95.64957762457149,79.19095971555107,51.2085527562805
060190045031003,160,88150.0,0.0,190.87298823250782,241.13834406982156,100.69675036731789
060190045031004,63,25985.0,0.0,57.38494971228356,73.52960390238414,29.683551427053377
060190045031005,58,20882.0,0.0,44.55672735797876,40.8167531118819,23.854220546458674
060190045031006,201,98875.0,0.0,215.03955207774868,260.9671001444492,112.94828352318271
060190045031007,54,24998.0,0.0,53.338855725773406,49.76612643027408,28.55606767648568
060190045031008,52,22519.0,0.0,48.048433439000966,18.613056671811574,25.724221457987877
060190045031009,49,36769.0,0.0,78.45449210028433,30.391790181352228,42.00248229445163
060190045031010,38,9585.0,0.0,20.451162833493278,28.943617698150117,10.949272288947725
060190045031011,82,35489.0,0.0,75.72425665794749,99.09955234303858,40.54029465440436
060190045031012,0,39589.0,0.0,84.46966217008807,119.54614164720894,45.223864438930775
060190045031013,64,21204.0,0.0,45.24294517664444,46.78200066877666,24.222052124658063
060190045031014,71,47067.0,0.0,100.46791131531754,133.52686183537494,53.766238792269434
060190045031015,275,121436.0,0.0,264.1893397158743,276.3414242495623,138.72048301310963
060190045031016,90,25014.0,0.0,53.69351420466574,70.78261421184109,28.574345021986268
060190045031017,75,31134.0,0.0,69.14218713159474,88.10160530075919,35.56542967596228
060190045031018,62,31552.0,0.0,70.07453792013177,89.28515612552025,36.042925327165214
060190045031019,129,54033.0,0.0,119.9975599891984,144.5653805062527,61.72373808958919
060190045031020,118,54383.0,0.0,120.77690282038463,107.04550097587101,62.123555022414614
060190045031021,50,15626.0,0.0,34.7039129247391,30.758345826903454,17.85011254951457
060190045031022,75,26899.0,0.0,59.73965461931652,61.624725793922565,30.72764478877463
060190045031023,145,40219.0,0.0,85.81397315369001,121.44868496435845,45.94353491801654
060190045031024,44,17073.0,0.0,37.91767134238071,33.60672471225607,19.503069983224258
060190045031025,91,40355.0,0.0,89.62378030030948,79.43424808521243,46.098892354771564
060190045031026,54,24250.0,0.0,53.68247338394463,56.611425135371285,27.701601774333053
060190045032000,214,39528.0,0.0,89.09251310737935,115.39938188057539,45.154182059209774
060190045032001,637,178489.0,0.0,424.28723453222676,536.165259517246,203.89407006593535
060190045032002,33,8126.0,0.0,20.90557282713185,24.537267365811775,9.282606846112593
060190045032003,33,19288.0,0.0,49.62293345616792,56.42593099610697,22.033340000962305
060190045032004,29,22897.0,0.0,51.049190479144755,58.1070127856171,26.156023745439338
060190045032005,90,58039.0,0.0,131.12796263582285,114.24274692688905,66.29992846929963
060190045032006,26,14580.0,0.0,33.127064183208724,28.69850015881507,16.65523108741344
060190045032007,245,166400.0,0.0,367.79004475337985,327.53583137166515,190.08439320614517
060190045032008,96,56415.0,0.0,114.63152650863024,111.0454192088355,64.44477790098966
060190045032009,77,34624.0,0.0,78.66924655407998,77.0489827010384,39.55217566327867
060190045032010,114,58952.0,0.0,133.9448940911716,150.11723702787236,67.3428794969271
060190045032011,92,54256.0,0.0,104.34256419897363,106.79418131664556,61.97847859250368
060190045032012,19,4535.0,0.0,10.303750048534035,8.293086870091653,5.1804851153237275
060190045032013,22,32490.0,0.0,73.82146120345901,43.966464582100485,37.114434707137356
060190045032014,25,13498.0,0.0,30.66955222215454,40.761048085061134,15.419225597935982
060190045032015,62,29100.0,0.0,67.25286994161272,87.87531192992057,33.241922129199665
060190045032016,76,35361.0,0.0,80.78729500644324,106.77928198050436,40.394075890399634
060190045032017,106,39803.0,0.0,102.4045286662374,117.01121475838801,45.46832393500117
060190045032018,80,35324.0,0.0,90.88203459964231,103.23804814071278,40.351809528929515
060190045032019,99,49007.0,0.0,122.93918039453342,123.27012260855679,55.98236693421608
060190045032020,47,24801.0,0.0,63.80123464584732,73.49863127124706,28.33102786000965
060190045032021,86,43246.0,0.0,99.17969062658918,104.90059499400695,49.401380219909576
060190045032022,54,25557.0,0.0,58.068883853171805,48.98252529255828,29.19463243491257
060190045032023,45,18872.0,0.0,42.878058578888485,43.37915084242698,21.558129017946943
060190045032024,132,44896.0,0.0,102.00911084762504,78.5144151731905,51.28623147465801
060190045032025,29,22636.0,0.0,53.06784019781597,35.22702234218551,25.85787454696095
060190045032026,23,13539.0,0.0,34.598965856870024,27.742578038255367,15.466061295781246
060190045032027,18,15829.0,0.0,40.72520065210612,33.5740048117631,18.082006370553316
060190045032028,22,16341.0,0.0,37.12931662068422,18.44404691411965,18.666881426572225
060190045032029,22,5863.0,0.0,13.320775574232684,6.809010932999223,6.697504791872771
060190045032030,27,107362.0,0.0,184.13234456952392,114.16198193112113,122.64327297715238
060190045041000,527,232635.0,0.0,481.1825186386478,362.187470492201,265.74689190812245
060190045041001,54,21012.0,0.0,43.46217375004045,22.59785283129659,24.002723978650973
060190045041002,14,7186.0,0.0,14.863875213228798,12.250711502140106,8.208812797952879
060190045041003,0,23846.0,0.0,49.332167325463615,33.430818474774874,27.240098800443135
060190045041004,0,39685.0,0.0,82.55222694023058,54.079478340014454,45.33352851193432
060190045041005,9,39313.0,0.0,81.31493916564295,48.58745595069075,44.90858022904558
060190045041006,66,17244.0,0.0,35.66794855864759,21.312379954125625,19.69840911326182
060190045041007,162,47729.0,0.0,98.7232341072064,59.15217075327198,54.52246396235638
060190045041008,125,30459.0,0.0,63.031031520269785,37.84213554024134,34.7943541626561
060190045041009,225,176360.0,0.0,411.0853464523615,268.4643388516755,201.46204078026298
060190045041010,47,5102.0,0.0,12.519093829839164,8.093649471916912,5.828188546500917
060190045041011,39,4902.0,0.0,12.029217955256325,8.199553600833989,5.599721727743531
060190045041012,470,222877.0,0.0,484.3696085124434,338.38793187358226,254.5999958209496
060190045041013,60,19816.0,0.0,41.66623854048729,33.14600469511092,22.636492402481807
060190045041014,78,24351.0,0.0,51.20306371351656,20.432888825160735,27.816977517805533
060190045041015,77,19843.0,0.0,41.72362502157054,33.19165634589704,22.667335423014052
060190045041016,0,23119.0,0.0,49.50622681547949,33.25424062626501,26.409621914260036
060190045041017,45,193820.0,0.0,412.88935366179714,448.905005896097,221.4071940577828
060190045041018,0,57606.0,0.0,121.1531674182483,165.63360706546166,65.8052978066899
060190045041019,0,5318.0,0.0,11.68711763301522,12.240673117413014,6.074932710758894
060190045041020,0,5510.0,0.0,11.653901330133033,15.746929475656872,6.294260856765985
060190045041021,11,6912.0,0.0,14.533248729479382,4.403372931150003,7.89581325625526
060190045041022,0,63422.0,0.0,134.85368228965706,84.88527870864277,72.44911289615467
060190045042000,15,43750.0,0.0,95.74125271496067,73.1806474622683,49.97711660317819
060190045042001,101,36985.0,0.0,80.89489492057025,61.864474335298674,42.24922645870961
060190045042002,82,40331.0,0.0,89.13885746549916,99.17631156484248,46.071476336520675
060190045042003,173,54763.0,0.0,132.95614755068527,154.5021674830038,62.55764197805365
060190045042004,87,41051.0,0.0,105.6169613308171,102.41392381272539,46.89395688404726
060190045042005,108,74142.0,0.0,190.75073877246476,199.6576706570104,84.69493438155057
060190045042006,64,23068.0,0.0,59.348632661766686,65.08078159876386,26.3513628754769
060190045042007,46,16636.0,0.0,42.80081190822733,46.93470038179302,19.00386998423937
060190045042008,35,9477.0,0.0,24.381180263894795,20.737506263414804,10.825900206818735
060190045042009,51,10445.0,0.0,26.873655295905483,22.68424194049055,11.931679609604485
060190045042010,300,44599.0,0.0,114.74515274755608,95.59371931537314,50.94695824880329
060190045042011,107,40291.0,0.0,103.02595689870326,85.36570131191225,46.0257829727692
060190045042012,25,13353.0,0.0,29.16379123051479,22.335935763382583,15.253587154336877
060190045042013,0,60676.0,0.0,146.90212035736477,63.01612992674934,69.31226347461576
060190045042014,20,5965.0,0.0,12.542459639043129,9.9776807469672,6.814022869439038
060190045042015,58,16261.0,0.0,41.83505609667469,45.875667675722184,18.57549469906927
060190045043000,53,24975.0,0.0,61.28705841662566,70.34556547780204,28.529793992328578
060190045043001,67,25119.0,0.0,61.63960130455629,70.86660540606181,28.694290101833897
060190045043002,244,78046.0,0.0,180.81723882781358,220.18814312798918,89.15460668369474
060190045043003,60,13396.0,0.0,32.873940492079534,37.61219333304295,15.302707520369715
060190045043004,72,24861.0,0.0,60.528639690756044,70.14026658704556,28.399567905636868
060190045043005,115,30141.0,0.0,68.99556961056643,85.03897366802767,34.43109192083186
060190045043006,60,20401.0,0.0,48.42181570204086,57.55682599270337,23.304757847347158
060190045043007,76,37235.0,0.0,95.4774690223393,105.04918200218191,42.53480998215634
060190045044000,23,86166.0,0.0,205.4889818065396,121.16564044410339,98.43035952524461
060190045044001,849,316177.0,0.0,773.8424198226694,782.576455707946,361.1797667712702
060190045044002,22,11913.0,0.0,29.235453893471522,33.311965052289864,13.608626059283697
060190045044003,53,10988.0,0.0,26.96371843053678,30.723465054134245,12.551967022530787
060190045044004,65,12168.0,0.0,29.8579125413408,34.02121761939119,13.899921253199365
060190045044005,56,15485.0,0.0,37.99803542918711,26.340882113792652,17.68904344229061
060190045044006,56,17520.0,0.0,42.995139526099535,30.503306258220928,20.013693323147013
060190045044007,63,15959.0,0.0,39.160547503239926,44.62098637530553,18.230509802745615
060190045051000,260,242380.0,0.0,537.8865938715103,261.46362205686853,276.8789376520761
060190045051001,59,21213.0,0.0,54.57563474714455,41.03733976167673,24.23233313150215
060190045051002,43,19513.0,0.0,41.512413621197425,38.47930498081234,22.290365172064366
060190045051003,36,19032.0,0.0,46.49271841335781,37.285524240879525,21.740902472952854
060190045051004,71,19094.0,0.0,49.1241029313043,37.147770732580604,21.81172718676764
060190045051005,112,147595.0,0.0,352.1837515554666,313.05259118556137,168.60280057248193
060190045051006,70,12545.0,0.0,27.617305665012854,26.6073380372948,14.330581206557037
060190045051007,97,130856.0,0.0,212.08178003084015,266.7551656611527,149.4812701765825
060190045051008,74,30626.0,0.0,64.06409243403732,64.95825933359424,34.98512395631852
060190045051009,0,134188.0,0.0,249.49475187456102,155.03708296624845,153.28752737708058
060190045051010,551,156073.0,0.0,262.40944541149685,241.99105954827647,178.28750901960754
060190045051011,91,31105.0,0.0,53.648338605820186,53.03400253792712,35.53230198724246
060190045051012,31,16890.0,0.0,27.01006944494123,28.798092982383295,19.29402284406125
060190045051013,62,29560.0,0.0,47.269616028905574,50.39878925216663,33.767395812341654
060190045051014,28,26044.0,0.0,41.64805831818522,44.40509338295889,29.750949138586805
060190045051015,44,18386.0,0.0,29.401314588854593,31.34763474266881,21.002954648366497
060190045051016,34,26527.0,0.0,42.41929872675981,45.22738867705937,30.302696505885894
060190045051017,50,26359.0,0.0,42.15194979627678,44.942341673589596,30.11078437812969
060190045051018,40,16596.0,0.0,26.539662820148507,28.29654618895781,18.95817662048789
060190045051019,69,29726.0,0.0,50.06678051285714,50.68229107403217,33.95702327191028
060190045051020,13,6932.0,0.0,11.558706937120395,11.81968418535158,7.918659938130999
060190045051021,32,13131.0,0.0,22.451658752160807,22.38807062174787,14.999988985516179
060190045051022,9,7213.0,0.0,11.872029088268611,12.298968021163361,8.239655818485126
060190045051023,31,23353.0,0.0,36.42612583433323,39.81649402193895,26.67692809220618
060190045051024,30,20683.0,0.0,35.67229569819217,35.263806294019496,23.626896061795073
060190045051025,33,9108.0,0.0,15.709465242856245,15.529573537785774,10.40437892621136
060190045051026,121,50986.0,0.0,87.93769711072106,86.9307078829743,58.24304610582041
060190045052000,583,165444.0,0.0,344.08189854326395,639.4421206410261,188.99232181248485
060190045052001,103,6134.0,0.0,13.048675482013264,28.81537854077935,7.007077331289029
060190045052002,150,11164.0,0.0,21.814428652900844,48.72871343294527,12.753017823037286
060190045052003,209,27363.0,0.0,54.103724913419164,128.5487816521723,31.257687808291767
060190045052004,135,8090.0,0.0,17.210110534210088,34.95604187840058,9.241482818736264
060190045052005,210,14279.0,0.0,30.37743340662425,64.11318502206333,16.311388525183574
060190045052006,177,12165.0,0.0,22.91717232729447,57.11297762500499,13.896494250918003
060190045052007,121,5775.0,0.0,12.284372656297252,27.127569285874333,6.596979391619521
060190045052008,83,5707.0,0.0,12.141671775348527,26.81244305652574,6.51930067324201
060190045052009,14,10725.0,0.0,22.815838468341,50.384195935960584,12.251533155864825
060190045052010,67,4080.0,0.0,8.679911719794584,19.167841383686405,4.660723102650675
060190045053000,163,60291.0,0.0,181.21809035895947,220.75817302764415,68.8724648485078
060190045053001,51,17659.0,0.0,64.7681892852873,63.22396872279126,20.172477762183398
060190045053002,14,7058.0,0.0,25.88551150086933,25.268342184087917,8.062594033948152
060190045053003,104,13144.0,0.0,43.367336927784486,49.57687206786402,15.014839328735409
060190045053004,123,10381.0,0.0,38.073581675863785,37.165821116852804,11.85857022760212
060190045053005,474,38538.0,0.0,125.14417578352668,137.9765597258464,44.02327130636071
060190045053006,234,112662.0,0.0,278.0165494310446,287.50114129469387,128.69764367422312
060190045053007,43,6244.0,0.0,13.12910282389983,22.355448391782023,7.132734081605591
060190045053008,0,13056.0,0.0,46.60394377184608,39.10320307350148,14.914313928482159
060190045053009,0,23152.0,0.0,57.680262371607284,15.622845818473525,26.447318939355004
060190045053010,15,345099.0,0.0,773.915758958137,232.81922874822658,394.21835343177577
060190045053011,0,320450.0,29699.0,697.4132435536669,404.55845039449576,366.06096035402174
060190045053012,0,24497.0,0.0,49.45463017697825,28.30118198508668,27.983758295498426
060190045061000,0,19001.0,0.0,43.17216315195088,29.56096504152201,21.705490116045457
060190045061001,47,32461.0,0.0,64.70089699536308,34.93485648696313,37.08130701841753
060190045061002,156,125812.0,0.0,176.660664955794,128.33978317459525,143.71933700752123
060190045061003,22,14499.0,0.0,15.14445821115996,14.790525452994826,16.562702025816698
060190045061004,80,50270.0,0.0,74.2334699533155,51.28002106570853,57.42513489466897
060190045061005,20,10148.0,0.0,14.984659954014772,10.351310245736892,11.592406383749767
060190045061006,41,12933.0,0.0,23.008578432536005,20.125976449771297,14.773806834946367
060190045061007,23,18144.0,0.0,24.470114434272105,21.947927792418707,20.726509797670058
060190045061008,28,5596.0,0.0,5.949932033356461,6.9751536981553475,6.39250158883166
060190045061009,59,33964.0,0.0,45.65160179576757,34.66238887485873,38.79823516137929
060190045061010,0,241384.0,0.0,246.97628792822104,277.63419643628527,275.7411728946643
060190045061011,85,51100.0,0.0,52.77636907140051,56.58587261254621,58.373272192512125
060190045061012,16,14877.0,0.0,15.170657000736474,15.175855729657101,16.99450431326816
060190045061013,24,15409.0,0.0,15.713474401298358,15.718859144609711,17.602226051162805
060190045061014,67,34086.0,0.0,34.759092790339196,44.46818914470407,38.9375999208213
060190045061015,3,6234.0,0.0,6.356675678388477,7.744836383733907,7.121310740667722
060190045061016,13,5828.0,0.0,5.942789508899143,7.24056641207509,6.657523098590228
060190045061017,55,33844.0,0.0,34.51260102985775,44.106254623137986,38.66115507012486
060190045061018,36,29815.0,0.0,32.76751680499176,39.142798894751486,34.05869100625732
060190045061019,56,50959.0,0.0,58.080579389525994,66.90135447738925,58.21220308528817
060190045061020,78,50428.0,0.0,64.95872143495266,66.20359873398459,57.60562368148731
060190045061021,48,30269.0,0.0,35.72409781241887,39.73856459631279,34.57731068483658
060190045061022,52,40223.0,0.0,41.016942226420085,52.07344175766789,45.94810425439169
060190045061023,55,40584.0,0.0,41.38471078420984,52.53484484775089,46.36048686224877
060190045061024,0,52406.0,0.0,60.095273854739254,65.92086034766456,59.865160518997854
060190045061025,40,14566.0,0.0,16.003219160514398,19.10306731925111,16.639238410100422
060190045061026,79,45071.0,0.0,57.20997558519107,59.171240479633695,51.486139941070725
060190045061027,44,79937.0,0.0,122.58001355227394,104.9448781417517,91.31476045504583
060190045061028,78,44663.0,0.0,62.35167554543415,58.635234461083456,51.020067630805656
060190045061029,69,41096.0,0.0,60.39074155869792,53.95289428897521,46.94536191826768
060190045061030,13,32927.0,0.0,51.08660909447283,43.227567828362716,37.61363470612225
060190045061031,22,11483.0,0.0,17.81610884978243,15.075321447098888,13.117422398955318
060190045062000,219,34040.0,0.0,81.31877990160233,70.82587079399624,38.8850525525071
060190045062001,39,25207.0,0.0,57.273047828703795,40.359029944544865,28.794815502087147
060190045062002,41,20418.0,0.0,46.391954515508424,31.77477667656274,23.324177526941536
060190045062003,51,20161.0,0.0,45.80852769999724,31.375175992271917,23.030597664838297
060190045062004,19,9261.0,0.0,19.09905309352507,18.25200025884704,10.57915604256076
060190045062005,92,62655.0,0.0,123.64528124510218,97.50476391136989,71.5729426462201
060190045062006,56,34008.0,0.0,77.2708930984185,52.92437875149294,38.84849786150592
060190045062007,0,4724.0,0.0,10.73435025914536,7.352170992026788,5.396386259049457
060190045062008,0,10737.0,0.0,19.457416457225587,16.70891619079481,12.265241164990268
060190045062009,11,9192.0,0.0,16.828528872836337,14.304445906962693,10.500334990089462
060190045062010,33,20285.0,0.0,37.02800605628316,31.568244441347527,23.172247092467877
060190045062011,53,40056.0,0.0,73.23585452757546,62.33529741812232,45.75733446072927
060190045062012,23,11781.0,0.0,15.961918091365998,18.333976658558736,13.457837958903824
060190045062013,57,40381.0,0.0,61.6282880352064,62.841742820990625,46.128593041210024
060190045062014,30,19618.0,0.0,31.372048664622106,30.530213494337218,22.410310251911994
060190045062015,28,28861.0,0.0,46.15295298588943,44.914488152069346,32.968904280784585
060190045062016,159,102486.0,0.0,161.93814693228924,170.03575094056234,117.07325193584731
060190045062017,28,16651.0,0.0,26.62636511747822,32.81750027803219,19.021004995646173
060190045062018,39,25414.0,0.0,40.64089938618179,39.55034457986215,29.03127865950104
060190045062019,26,22407.0,0.0,35.83114210591338,34.86965196101732,25.59628003948374
060190045062020,0,15977.0,0.0,25.54923741637908,31.204215666154646,18.251071816433782
060190045062021,43,29052.0,0.0,51.02618671799128,60.29923114905893,33.18709009269789
060190045062022,71,20080.0,0.0,32.11131527496938,34.23703315388515,22.938068603241554
060190045062023,10,2987.0,0.0,4.776437937701441,5.092630514516195,3.41215193814156
060190045062024,164,100786.0,0.0,139.33201293069908,137.85680343020147,115.13128397640953
060190045062025,27,9367.0,0.0,14.966128723825134,11.637319545431504,10.700243456502173
060190045062026,39,21801.0,0.0,22.23206292382597,27.087065398554426,24.904025578648863
060190045062027,24,3320.0,0.0,3.385056545784169,4.124279800197739,3.7925491913726077
060190045062028,22,38482.0,0.0,42.41101330255081,55.51514874869904,43.959300597108644
060190045062029,13,4931.0,0.0,5.028478115765816,6.126589153855645,5.632849416463352
060190045062030,7,5731.0,0.0,5.84456739328901,7.1208947073740045,6.546716691492896
060190045062031,29,218831.0,0.0,234.90607067748996,271.8824634271725,249.97811207748768
060190045062032,34,21696.0,0.0,22.13503263230452,26.955972050978833,24.784080498801234
060190045062033,51,36644.0,0.0,58.03460123762298,52.271190624494636,41.859690532728266
060190045062034,276,149559.0,0.0,183.11015557671504,215.75978586647943,170.84634473267948
060190045062035,114,21015.0,0.0,23.34911505655994,26.109543847850016,24.006150980932336
060190045062036,50,26699.0,0.0,37.53344232890529,33.171445989277295,30.499177970017247
060190046011000,0,50687.0,0.0,79.38225544546768,92.9801515211373,57.90148821177812
060190046011001,0,26987.0,0.0,45.38277277509631,48.224193897270666,30.82817018902788
060190046011002,0,46578.0,0.0,86.74108153328676,107.44242453033198,53.20763742040763
060190046011003,0,46671.0,0.0,86.91406639328203,137.08114149772294,53.31387449112981
060190046011004,301,216830.0,0.0,507.1338599065739,612.3012234224226,247.69230155582005
060190046011005,370,137156.0,0.0,237.15353835238238,296.6448946832083,156.67797496744018
060190046011006,0,5606.0,0.0,16.467737619855992,12.125447364910992,6.40392492976953
060190046011007,92,35713.0,0.0,124.77361692685176,77.24007538252428,40.796177491412635
060190046011008,90,36434.0,0.0,85.89279116893533,78.80066387696553,41.61980037303301
060190046011009,76,33836.0,0.0,71.08783105793552,64.78649977220658,38.65201639737457
060190046011010,64,40042.0,0.0,58.93671454749767,84.89124070058976,45.74134178341625
060190046011011,52,39648.0,0.0,58.35682186285062,79.88998431485491,45.2912621504642
060190046011012,49,39315.0,0.0,57.866275199911584,113.2962027068014,44.910864897233154
060190046011013,40,40158.0,0.0,59.10799432642418,125.44899698187027,45.87385253829554
060190046011014,39,15678.0,0.0,29.200743135305864,48.97734552157872,17.90951392239149
060190046011015,91,33862.0,0.0,82.61653926885063,68.18785480788425,38.68171708381303
060190046011016,68,39401.0,0.0,57.993608485395484,113.85147364635557,45.00910562929883
060190046011017,69,38834.0,0.0,87.87204044922291,121.31227399129051,44.36140219812164
060190046011018,0,24005.0,0.0,88.30152432673815,75.36033859176138,27.421729921355254
060190046011019,32,15458.0,0.0,30.68594545815736,48.288447639897264,17.658200421758366
060190046011020,11,7775.0,0.0,25.41789714438864,24.28780186670029,8.88164757919338
060190046011021,71,28063.0,0.0,101.3012568467476,88.29433312511809,32.05732167394262
060190046011022,54,26958.0,0.0,95.96434161375096,84.21389518391383,30.79504250030806
060190046011023,41,16989.0,0.0,44.226169091831636,53.07196557560263,19.407113919346155
060190046011024,0,7191.0,0.0,26.42568187621584,18.266968795093362,8.214524468421814
060190046011025,34,19385.0,0.0,31.33374103629266,51.228737871812534,22.14414640805964
060190046011026,52,22276.0,0.0,80.40943110386027,48.1784038287977,25.446634273197652
060190046011027,49,30814.0,0.0,48.39659958128805,66.64569291013493,35.19988276595046
060190046011028,48,25826.0,0.0,42.97953568078173,55.85808367687439,29.501920306141255
060190046011029,76,28654.0,0.0,56.495120754160176,61.97242179747181,32.73244112337069
060190046012000,0,13241.0,0.0,20.543578390466163,20.045327495502708,15.125645735832741
060190046012001,0,10569.0,0.0,16.480327054783697,16.52272365633931,12.073329037234064
060190046012002,0,10946.0,0.0,17.1434152708373,16.93375999463803,12.503988990591736
060190046012003,10,10933.0,0.0,17.12182096192566,16.837400083928827,12.489138647372506
060190046012004,22,9336.0,0.0,14.621436619168477,17.96540094404823,10.664831099594778
060190046012005,27,9524.0,0.0,14.915261476391006,18.162333594085755,10.879589909226722
060190046012006,20,7803.0,0.0,12.193196721179572,14.8815391785279,8.913632933819414
060190046012007,29,10033.0,0.0,15.56582521662413,18.3808590760988,11.46103796296427
060190046012008,43,20839.0,0.0,32.3556403373236,38.28138073415007,23.805100180425836
060190046012009,43,17240.0,0.0,26.99341579223899,32.877067380206825,19.693839776886673
060190046012010,21,19696.0,0.0,30.845659836875566,37.56080071233075,22.499412311227374
060190046012011,21,19945.0,0.0,31.236818793636782,38.37961739466205,22.78385350058032
060190046012012,33,20294.0,0.0,31.78239806960891,39.07000163490859,23.18252809931196
060190046012013,41,20095.0,0.0,31.470765556361318,38.3219927723454,22.955203614648358
060190046012014,23,16594.0,0.0,25.9882865748829,31.645970877470234,18.955891952300316
060190046012015,59,19333.0,0.0,30.10321569256652,35.52922378876417,22.084745035182717
060190046012016,43,18960.0,0.0,29.610249248422026,34.85508106201932,21.658654418200193
060190046012017,40,16985.0,0.0,26.60047540434328,32.39143402344538,19.402544582971007
060190046012018,22,20063.0,0.0,31.42081678634087,38.26117008913857,22.918648923647176
060190046012019,23,20306.0,0.0,31.80206915611562,39.05653549883682,23.1962361084374
060190046012020,29,19701.0,0.0,30.85375831740702,37.86356090911304,22.505123981696308
060190046012021,31,19679.0,0.0,30.819543252794386,37.528998513410464,22.479992631632996
060190046012022,37,27610.0,0.0,43.240972898244316,52.65458979407476,31.53984432945714
060190046012023,26,18521.0,0.0,28.99650350742137,34.04547385802164,21.15716975102773
060190046012024,37,17401.0,0.0,27.252623743297892,31.96215998758227,19.87775556598637
060190046012025,29,12982.0,0.0,20.330571822539433,24.75656415302935,14.829781205541925
060190046012026,34,16608.0,0.0,25.598194524510546,30.45785769007893,18.971884629613335
060190046012027,69,40129.0,0.0,59.12783083311804,76.52900073995127,45.840724849575714
060190046012028,27,20100.0,0.0,29.616076089786564,38.332790510067156,22.960915285117295
060190046012029,36,19894.0,0.0,31.155950336501455,37.938641863436374,22.725594461797186
060190046012030,19,19953.0,0.0,31.248909509956466,38.368810987291106,22.792992173330614
060190046012031,30,20331.0,0.0,29.961158345001266,39.09983111038853,23.224794460782075
060190046012032,41,19800.0,0.0,38.03488390800537,38.051679805626776,22.618215056981214
060190046012033,27,20152.0,0.0,29.660989088654294,38.430773861850824,23.020316657994215
060190046012034,39,17392.0,0.0,25.599503379352235,31.874700409114013,19.867474559142288
060190046012035,31,16732.0,0.0,24.6278991347551,30.675905270082303,19.113534057242912
060190046021000,45,77857.0,0.0,86.50522258832235,91.67096232205982,88.938705539969
060190046021001,3,7777.0,0.0,8.640579595244288,9.01641010806276,8.883932247380955
060190046021002,30,44936.0,0.0,49.92720387304636,48.63273429174213,51.331924838409485
060190046021003,36,35601.0,0.0,39.604123211278264,35.495113916144675,40.6682360729085
060190046021004,21,21182.0,0.0,29.03763168509506,21.06384729900733,24.19692077459475
060190046021005,40,33096.0,0.0,36.77168600410884,36.00849198207695,37.80668916797224
060190046021006,26,36566.0,0.0,40.627554268019914,36.36280427000216,41.770588473412886
060190046021007,40,34817.0,0.0,38.68438470567098,34.623612833742364,39.772646143379546
060190046021008,27,23922.0,0.0,33.73352707833936,23.788763903966185,27.32691619157094
060190046021009,33,26752.0,0.0,41.50587529336229,26.603022948690647,30.55972167698795
060190046021010,24,31500.0,0.0,47.79951329144316,31.32460168799656,35.983523954288295
060190046021011,52,28299.0,0.0,31.442439513105985,31.108322198090605,32.326912520076334
060190046021012,52,52218.0,0.0,58.01811532609686,58.03485998358474,59.650401709365916
060190046021013,26,31380.0,0.0,34.866202975981544,31.206232747605036,35.84644386303386
060190046021014,30,30035.0,0.0,40.598300989535026,29.867871715726515,34.310004506890444
060190046021015,57,50010.0,0.0,73.33592413848805,55.69739587369026,57.12812803028437
060190046021016,34,50606.0,0.0,71.84803666171402,57.90571100290967,57.80895915018138
060190046021017,21,30188.0,0.0,33.165872924008546,30.42948038984415,34.48478162323985
060190046021018,39,40311.0,0.0,43.89322235377606,40.71280208157024,46.048629654644934
060190046021019,21,39838.0,0.0,44.566728005857385,39.61720742391476,45.50830562828372
060190046021020,23,41099.0,0.0,45.814553559525734,40.8711426333043,46.948788920549035
060190046021021,25,40750.0,0.0,44.371143678886334,41.24289732161425,46.5501143218174
060190046022000,49,50769.0,0.0,59.599826035303515,73.26778862682181,57.99515960746865
060190046022001,28,30202.0,0.0,32.885386515196906,33.97651728505432,34.50077430055286
060190046022002,23,40742.0,0.0,44.36285503759412,45.834805995137955,46.54097564906711
060190046022003,47,40230.0,0.0,43.805299118717755,45.25875047861444,45.9561005930482
060190046022004,15,56144.0,0.0,61.13266792544749,70.16702958006026,64.1352053615734
060190046022005,0,102864.0,0.0,123.79146103930597,180.14168994819312,117.50505422329877
060190046022006,19,15971.0,0.0,21.62171752823398,24.90947547631666,18.24421781187106
060190046022007,42,23845.0,0.0,34.66631439151584,37.92130801382908,27.238956466349347
060190046022008,36,40541.0,0.0,59.67088277209345,64.1886487533134,46.31136649621593
060190046022009,44,40259.0,0.0,59.255259528710184,75.28970508695576,45.989228281768014
060190046022010,24,24079.0,0.0,35.440664411143665,45.03089165119478,27.50626264429549
060190046022011,20,16275.0,0.0,23.955182452112147,30.43744363738508,18.591487376382286
060190046022012,10,16250.0,0.0,23.918034650542424,30.39024365805737,18.56292902403761
060190046022013,100,79522.0,0.0,109.46678668126934,135.21666047343484,90.84069180612425
060190046022014,23,40969.0,0.0,44.60903976604738,46.08915908530897,46.800285488356735
060190046022015,48,40583.0,0.0,44.18965693494394,45.65586121291035,46.359344528154985
060190046022016,55,30019.0,0.0,32.68698123479232,33.77152895578541,34.29172716138985
060190046022017,37,50713.0,0.0,55.21978153776417,73.0158093041315,57.93118889821658
060190046022018,66,50334.0,0.0,57.66568357088896,72.42945506502348,57.498244276671336
060190046022019,29,30402.0,0.0,35.63986392371135,34.2017280228199,34.729241119310245
060190046022020,32,40757.0,0.0,48.38156624883825,45.851635781616444,46.55811066047391
060190046022021,53,40913.0,0.0,53.54879161915611,46.026136847604576,46.73631477910467
060190046022022,77,78961.0,0.0,125.40032644114979,134.6002391730449,90.19984237950979
060190046022023,26,15980.0,0.0,24.850901525270224,29.886199303576404,18.254498818715142
060190046022024,25,24207.0,0.0,39.320663073775,45.2720928178216,27.652481408300215
060190046022025,25,24324.0,0.0,35.80237067729006,45.490475464055656,27.786134497273288
060190046022026,35,40139.0,0.0,59.080763124731476,75.06799003754439,45.85214819051358
060190046022027,35,19514.0,0.0,28.72207228308256,36.49425163063805,22.29150750615815
060190046022028,15,20514.0,0.0,35.75216878615474,38.36502481100483,23.433841599945083
060190046023000,0,58376.0,0.0,86.9562919973126,73.97771317163844,66.68489505890582
060190046023001,119,65592.0,0.0,101.76837787903287,99.20735689473946,74.92797787967231
060190046023002,0,14719.0,0.0,22.83735299439193,21.26946958009732,16.814015526449822
060190046023003,19,26872.0,0.0,41.69341482188287,41.01165992128686,30.696801768242384
060190046023004,0,20902.0,0.0,32.42978886214109,29.864614124720394,23.87706722833441
060190046023005,21,32334.0,0.0,50.16637625406655,47.371055951457606,36.9362305885066
060190046023006,87,79127.0,0.0,105.18942386989764,120.76002617219949,90.38946983907842
060190046023007,40,19178.0,0.0,29.7544757562601,29.267941857605948,21.907683250645743
060190046023008,21,10866.0,0.0,16.85879043080723,16.583121885944085,12.412602263088782
060190046023009,23,11141.0,0.0,17.284823868325155,11.399049324896145,12.726744138880187
060190046023010,40,19827.0,0.0,30.762830222000847,20.344909470279777,22.649058077513462
060190046023011,42,20049.0,0.0,22.269818296120366,20.715795914625424,22.90265624633416
060190046023012,38,19773.0,0.0,21.981847615176918,30.177147470848535,22.58737203644897
060190046023013,25,8769.0,0.0,13.605580514815008,13.383107224223316,10.01712766841759
060190046023014,27,7990.0,0.0,12.396629726704974,12.193924740721924,9.127249409357571
060190046023015,61,37381.0,0.0,57.99813489866618,57.049771401420536,42.70159075984923
060190046023016,0,2698.0,0.0,4.18669849687644,4.118239191497946,3.0820173850371373
060190046023017,16,24587.0,0.0,38.14611026871344,37.52235954631586,28.08656836393925
060190046023018,48,47763.0,0.0,66.48021886491983,72.89462448774566,54.56130332154514
060190046023019,37,33693.0,0.0,44.324657369773156,51.421107340850774,38.48866262196304
060190046023020,70,39455.0,0.0,59.106514550146194,60.214358693325764,45.07079167036333
060190046023021,75,41501.0,0.0,62.97352336138277,63.33721691796463,47.408007226251385
060190047031000,48,89192.0,0.0,295.72253096238404,272.72534709688375,101.88706249304387
060190047031001,113,25648.0,0.0,100.3542701184449,84.17337900051238,29.29858483744718
060190047031002,100,25586.0,0.0,103.60194617439848,84.04612750456427,29.227760123632393
060190047031003,321,78139.0,0.0,316.4944041620691,273.5904295929955,89.26084375441692
060190047031004,56,14735.0,0.0,59.68215388291852,33.229861124058196,16.832292871950415
060190047031005,88,20928.0,0.0,84.7649484737071,89.57410058603848,23.90676791477287
060190047031006,96,98202.0,0.0,355.25206902967136,398.20587321297296,112.17949267806411
060190047031007,67,17523.0,0.0,58.11998160071258,79.12856172493744,20.017120325428376
060190047031008,70,22330.0,0.0,84.68713492333323,100.8342028813886,25.508320314262146
060190047031009,80,22773.0,0.0,91.90935600104099,102.83488158683147,26.014374317809757
060190047031010,72,20409.0,0.0,82.66577168721916,92.16213981091698,23.313896520097455
060190047031011,100,31220.0,0.0,126.45474518709848,140.98144453043452,35.663670408027954
060190047031012,86,22447.0,0.0,90.91768036821935,101.36200023734352,25.64197340323522
060190047031013,116,25562.0,0.0,103.5375560305793,115.43160512280333,29.200344105381507
060190047031014,110,25527.0,0.0,103.39617851602132,95.36893501276097,29.160362412098962
060190047031015,28,8972.0,0.0,36.340199875034735,20.23351565757649,10.249021489456336
060190047031016,75,10848.0,0.0,43.940759141367494,24.46535905553565,12.392040249400617
060190047031017,64,21889.0,0.0,88.66084936198536,98.84591201266531,25.004550978902113
060190047031018,183,49124.0,0.0,197.13547929240409,221.830074084174,56.11602002318915
060190047031019,18,8694.0,0.0,35.212643288527836,19.605714106502354,9.93145261138357
060190047032000,97,24234.0,0.0,79.59295508402563,85.7037254248946,27.683324428832464
060190047032001,70,21241.0,0.0,69.76386900260424,84.33758939897135,24.264318486128182
060190047032002,94,21150.0,0.0,69.46374562675521,83.97477004271627,24.16036608359357
060190047032003,88,21188.0,0.0,69.59001660567353,81.68105130316242,24.203774779157474
060190047032004,88,21447.0,0.0,70.43952257453368,86.75289426974129,24.499639309448288
060190047032005,102,21789.0,0.0,71.56421621151542,89.71375909833083,24.89031756952342
060190047032006,156,42211.0,0.0,138.63758956189798,179.12528356404275,48.219064432840106
060190047032007,92,24696.0,0.0,81.10983421348541,101.68026022428917,28.211082780162023
060190047032008,64,18918.0,0.0,62.13294339189662,77.89060246332855,21.610676386261144
060190047032009,65,19518.0,0.0,64.1032761108617,80.36063517311669,22.2960768425333
060190047032010,77,22198.0,0.0,72.9078100649995,91.3981044552506,25.357532213882273
060190047032011,195,32809.0,0.0,113.5432919037842,141.45414850976073,37.478839283055386
060190047033000,170,103479.0,0.0,455.21020236120563,413.80327672017364,118.20758969097773
060190047033001,54,14857.0,0.0,52.92824835042264,58.990960405829796,16.971657631392418
060190047033002,243,73454.0,0.0,241.24875179482927,296.4403213411372,83.90900852502516
060190047033003,67,15725.0,0.0,51.64752603258236,64.74595760005387,17.963203624799476
060190047033004,91,27300.0,0.0,89.66290957641674,112.4024980029015,31.18572076038319
060190047033005,80,27904.0,0.0,91.64770157289132,114.89065703626157,31.875690553030495
060190047033006,113,25164.0,0.0,82.64925485975343,103.6100963955133,28.74569513605431
060190047033007,101,24907.0,0.0,81.80341931682398,102.54974682204913,28.452115273951065
060190047033008,100,23875.0,0.0,78.41307632703085,98.29957221875243,27.273226489162955
060190047033009,57,15608.0,0.0,51.261720623353824,64.26230731539117,17.829550535826403
060190047041000,80,19975.0,0.0,65.60407004149558,82.24204843070306,22.81812352339393
060190047041001,65,20008.0,0.0,65.71297015570143,82.37856691897616,22.855820548488897
060190047041002,802,127556.0,0.0,547.4609813385548,540.5961515223105,145.71156766708566
060190047041003,128,29376.0,0.0,144.12526361888757,120.94985850093575,33.55720633908486
060190047041004,94,29456.0,0.0,151.12485191041844,107.44254722388081,33.648593066587814
060190047041005,55,20277.0,0.0,72.21437254645366,83.48549614057909,23.16310841971758
060190047041006,58,20444.0,0.0,72.69167047779622,84.17454759244926,23.353878213379996
060190047041007,76,20108.0,0.0,75.6741041862452,82.78937198335804,22.970053957867588
060190047041008,46,19842.0,0.0,74.67464608431192,81.69593969932214,22.666193088920267
060190047041009,54,20028.0,0.0,76.03841626302224,82.42003796425182,22.878667230364634
060190047041010,76,20125.0,0.0,75.73995072647743,82.86140975336832,22.989473637461966
060190047041011,60,20334.0,0.0,76.52704115896303,65.77809586030315,23.228221463063434
060190047041012,69,20201.0,0.0,85.53438829231413,65.0919032572933,23.076291028589775
060190047041013,110,26792.0,0.0,137.55033894273345,86.2213798105069,30.60541504073943
060190047041014,81,24022.0,0.0,123.33020838553801,77.30770291846088,27.441149600949633
060190047041015,62,19723.0,0.0,94.30571420155673,63.471944671700655,22.530255331759623
060190047041016,60,20082.0,0.0,75.57806681078114,64.62855243713882,22.940353271429128
060190047041017,77,20599.0,0.0,81.57881608611368,66.29116392595262,23.53093999791697
060190047041018,84,20311.0,0.0,104.13890285572585,65.36550421001358,23.201947778906337
060190047041019,69,24474.0,0.0,125.64987723028615,78.76175275966773,27.957484611341325
060190047041020,151,30704.0,0.0,157.6352668129394,136.2104264412862,35.0742260156339
060190047041021,107,29688.0,0.0,152.4230340070608,95.5441070375267,33.913614576346376
060190047041022,52,19908.0,0.0,102.21199479952121,64.0700654941181,22.7415871391102
060190047041023,29,20114.0,0.0,90.48928520601504,64.73045548913717,22.97690796243031
060190047042000,85,18871.0,0.0,96.88634332714871,85.33337681470654,21.556986683853157
060190047042001,81,21776.0,0.0,111.80144974772892,103.98803119039053,24.87546722630419
060190047042002,112,22272.0,0.0,114.34573202223554,106.35450233289845,25.442064936822504
060190047042003,137,24243.0,0.0,124.4668985694382,109.92198772150337,27.693605435676545
060190047042004,77,16344.0,0.0,83.91185781688813,78.04754685735575,18.670308428853584
060190047042005,106,22215.0,0.0,109.65838998544783,106.08357480422309,25.37695189347665
060190047042006,68,17221.0,0.0,88.41570608000302,82.23663666538921,19.67213542910472
060190047042007,80,17881.0,0.0,91.80172365256603,85.38601712281074,20.426075931004096
060190047042008,109,28257.0,0.0,145.07785454964755,134.93886258170053,32.27893448813728
060190047042009,123,24001.0,0.0,55.48474912966864,114.6115605019036,27.417160584980106
060190047042010,266,28960.0,0.0,68.67097021779443,126.34454768408602,33.08199535606949
060190047042011,67,14499.0,0.0,50.68688585535659,69.23602976324754,16.562702025816698
060190047043000,294,93164.0,0.0,418.8758880125145,420.7039041810488,106.42441351356555
060190047043001,94,33847.0,0.0,137.09460575955342,141.80113274585125,38.66458207240622
060190047043002,865,186956.0,0.0,704.7235847535194,688.5586732784125,213.5662128380293
060190047043003,117,19688.0,0.0,94.65775275813805,88.90460614597059,22.490273638477078
060190047043004,129,24198.0,0.0,124.23366908543044,109.27034404870582,27.642200401456133
060190047051000,72,21692.0,0.0,67.53207578031956,84.37838894747259,24.779511162426086
060190047051001,136,31905.0,0.0,99.76935068255952,119.57498091604586,36.446169262272
060190047051002,101,28498.0,0.0,88.11686716278415,106.37393942573087,32.55423700473993
060190047051003,129,27761.0,0.0,104.83893592732892,107.85673614559325,31.712336777618965
060190047051004,65,15656.0,0.0,59.25436994106735,60.900065326992284,17.884382572328178
060190047051005,0,91890.0,0.0,347.77776753612113,346.11689042130854,104.969079878081
060190047051006,74,21091.0,0.0,79.82421081959089,80.86888236492484,24.09296837206014
060190047051007,188,78819.0,0.0,298.30889959920063,247.9144140384431,90.03763093819204
060190047051008,97,33442.0,0.0,126.56853645072664,113.84956637790148,38.20193676442251
060190047051009,106,24860.0,0.0,94.08936837149815,76.01587292192687,28.39842557154308
060190047051010,152,32111.0,0.0,121.53265699898218,98.1876185396658,36.68149008559211
060190047051011,0,10611.0,0.0,40.161568148382656,32.446988576422,12.121307069173115
060190047051012,74,16158.0,0.0,61.152410172120874,59.94520607396299,18.457834287409217
060190047051013,44,18306.0,0.0,68.98751605308492,66.4434692564232,20.91156792086354
060190047051014,92,22395.0,0.0,83.01424219150024,79.53231621784448,25.5825720303583
060190047052000,85,41768.0,0.0,157.86450064834955,147.5149776323654,47.713010429292495
060190047052001,46,15623.0,0.0,59.1306534251103,52.954352588477995,17.846685547233207
060190047052002,50,15048.0,0.0,56.95096565497646,59.11257803691159,17.189843443305723
060190047052003,298,166059.0,0.0,615.6496298231107,538.8967336433511,189.6948572801638
060190047052004,142,38711.0,0.0,145.04295749732586,118.36717900695196,44.22089510458585
060190047052005,54,21553.0,0.0,81.57157075064033,65.90260157491916,24.6207267233897
060190047052006,38,10214.0,0.0,38.21994755178835,35.02508568658092,11.667800433939703
060190047052007,60,19823.0,0.0,75.02540561879977,60.615544432957265,22.644488741138314
060190047052008,107,30815.0,0.0,113.20248203930907,94.22293821638493,35.20102510004425
060190047061000,316,116476.0,0.0,383.19567669091856,324.6174620400725,133.05450590792645
060190047061001,80,20419.0,0.0,73.70757931143638,44.162898214299595,23.325319861035325
060190047061002,94,17598.0,0.0,62.90672211103504,38.060416339660854,20.102795382462396
060190047061003,106,30223.0,0.0,109.09835956802289,91.25847296975972,34.52476331652239
060190047061004,282,68107.0,0.0,239.24867473000694,251.47135001221233,77.80094812554644
060190047061005,98,23700.0,0.0,85.54916327274468,72.64284581834602,27.073318022750243
060190047061006,99,21893.0,0.0,79.02725936031479,86.92438369895736,25.009120315277258
060190047061007,109,21197.0,0.0,76.51438043748233,84.16039500131818,24.214055786001556
060190047061008,148,36177.0,0.0,130.58878285655865,143.63840476927447,41.326220510929765
060190047061009,0,1916.0,0.0,6.9169023486379055,7.608102300750541,2.188712123695758
060190047061010,170,74775.0,0.0,275.7840002410747,288.67194530283166,85.41803186291769
060190047061011,0,2874.0,0.0,10.375837539389355,11.412685834893583,3.283068185543637
060190047061012,0,2487.0,0.0,9.173934974690436,9.875153386065449,2.840984891248095
060190047061013,259,29822.0,0.0,107.65102967190973,118.40850213626405,34.06668734491383
060190047061014,0,6124.0,0.0,22.107854912868373,24.317073358766613,6.995653990351159
060190047061015,0,2349.0,0.0,8.888970907708396,8.931621797268242,2.6833427863054986
060190047061016,141,31082.0,0.0,112.19679789980756,123.40852497454493,35.50602830308536
060190047061017,112,27802.0,0.0,100.35963140571661,110.38848087116168,31.75917247546423
060190047062000,590,124625.0,0.0,472.95430847154114,488.15757179022114,142.36338643819616
060190047062001,199,29501.0,0.0,108.81897751780146,105.84417517671586,33.69999810080822
060190047063000,499,86638.0,0.0,189.96277263387066,311.8982797292092,98.96954121751205
060190047063001,142,44848.0,0.0,108.42235367732182,154.6139451784093,51.23139943815624
060190047063002,1010,159126.0,0.0,417.31780313736,609.8496332583443,181.77505500793902
060190047063003,128,35021.0,0.0,83.15751376069404,136.22584466164247,40.00568229851208
060190047063004,94,19576.0,0.0,54.02813664164434,76.14810863637615,22.36233221997294
060190048011000,0,4033.0,0.0,10.703899914170252,7.035804652775264,4.607033400242689
060190048011001,98,16480.0,0.0,43.48619130585373,28.75165071277348,18.825665865608606
060190048011002,76,22151.0,0.0,56.99825081916981,38.64485563371485,25.303842511474286
060190048011003,0,9685.0,0.0,24.921161855478577,20.121101407165227,11.063505698326418
060190048011004,38,10357.0,0.0,26.65014398853234,25.317699144512883,11.831154209351235
060190048011005,64,16925.0,0.0,43.63886304831241,43.100382739273236,19.33400453734379
060190048011006,77,20788.0,0.0,59.252797754891176,52.93673211171341,23.7468411416427
060190048011007,41,20121.0,0.0,58.0162880920388,54.51348367023145,22.984904301086818
060190048011008,57,20313.0,0.0,58.56987938513058,57.46155937652752,23.20423244709391
060190048011009,58,20003.0,0.0,57.6782220932358,63.22290869717027,22.850108878019963
060190048011010,49,19737.0,0.0,56.91067977154398,56.60894198065955,22.546248009072638
060190048011011,74,20438.0,0.0,55.86264641421677,49.53833628363403,23.347024208817277
060190048011012,67,20517.0,0.0,53.66046994933865,35.79402957858553,23.437268602226442
060190048011013,17,3347.0,0.0,9.651838600375443,9.469196499129811,3.8233922119048547
060190048011014,12,3341.0,0.0,9.634332978572566,10.44415828206379,3.8165382073421332
060190048011015,41,16656.0,0.0,48.02701453061316,51.67553762631686,19.026716666115107
060190048011016,68,20042.0,0.0,57.78922847032653,61.36433814648149,22.894659907677653
060190048011017,186,60390.0,0.0,189.1907329884917,170.8343451053224,68.9855559237927
060190048011018,43,16907.0,0.0,48.74905147903639,47.82657136260382,19.313442523655628
060190048011019,42,17186.0,0.0,49.55407428041434,48.61636068753423,19.63215373582218
060190048011020,27,2898.0,0.0,8.354746108313938,8.19664893659612,3.3104842037945232
060190048011021,40,20286.0,0.0,58.493188208368196,57.38631942975879,23.173389426561663
060190048011022,42,20086.0,0.0,57.91561818669338,54.43177500735005,22.944922607804276
060190048011023,91,20309.0,0.0,58.559878478580345,51.71868671400065,23.199663110718763
060190048011024,44,19965.0,0.0,53.21143823631948,50.84336166749872,22.80670018245606
060190048011025,0,16318.0,0.0,41.98794160080032,41.553853837444485,18.640607742415124
060190048011026,51,20244.0,0.0,56.4054583756293,51.55170772117336,23.125411394622613
060190048011027,54,20659.0,0.0,59.568614228295026,52.609578047318365,23.599480043544187
060190048011028,52,19473.0,0.0,56.14769114875993,52.78092584565729,22.244671808312887
060190048011029,76,19737.0,0.0,56.90865802101801,55.83177336614785,22.546248009072638
060190048011030,9,1309.0,0.0,3.775133481069973,3.7036964896310014,1.4953153287670915
060190048011031,78,18837.0,0.0,54.31456443757867,53.28676791218559,21.5181473246644
060190048012000,90,17136.0,0.0,46.92961550749706,67.9356297331162,19.575037031132833
060190048012001,90,20101.0,0.0,101.62885995369356,107.02972236917505,22.96205761921108
060190048012002,63,19973.0,0.0,105.62990194526023,106.34622500860797,22.815838855206355
060190048012003,56,20080.0,0.0,106.19606478968943,106.91622725358195,22.938068603241554
060190048012004,41,20190.0,0.0,82.84666500862086,107.50386006123429,23.063725353558116
060190048012005,61,20184.0,0.0,83.63238231685419,107.46840834126247,23.056871348995397
060190048012006,51,20210.0,0.0,84.32495139506663,107.60628821649658,23.086572035433857
060190048012007,52,19749.0,0.0,59.945218873845334,74.43896001964032,22.559956018198083
060190048012008,36,19879.0,0.0,55.661319787295184,74.99532639385981,22.708459450390382
060190048012009,68,19983.0,0.0,57.619327043600975,106.39939869972822,22.827262196144222
060190048012010,40,19955.0,0.0,57.538710021213,106.25053193666186,22.795276841518188
060190048012011,76,20062.0,0.0,57.847589082559594,106.82090559571805,22.91750658955339
060190048012012,38,20245.0,0.0,58.37420641720419,107.79335304739757,23.1265537287164
060190048012013,65,16783.0,0.0,48.39181072490407,89.35993923054102,19.171793096026047
060190048012014,42,3087.0,0.0,8.900221589031277,16.43507958103506,3.526385347520253
060190048012015,62,19955.0,0.0,57.537318742145224,106.24796281161598,22.795276841518188
060190048012016,58,19872.0,0.0,57.26387116382207,75.39306974613156,22.700463111733875
060190048013000,36,66747.0,41216.0,391.3023311881749,524.9623963090983,76.24737375799621
060190048013001,190,13251.0,0.0,56.14374106538331,66.34558290940323,15.13706907677061
060190048013002,1152,111089.0,0.0,586.2124231923851,591.4920442869206,126.90075214469627
060190048013003,51,2413.0,0.0,12.763673582166755,12.850229695460188,2.756452168307862
060190048013004,227,33566.0,0.0,125.44175772426627,170.6364243322796,38.34358619205209
060190048013005,278,17584.0,0.0,90.88441242278104,63.158809044758364,20.086802705149378
060190048013006,0,11055.0,0.0,29.581187884269397,51.893111542745245,12.628503406814511
060190048021000,0,23971.0,0.0,88.54350014403359,75.31999700747053,27.3828905621665
060190048021001,99,33289.0,0.0,120.16435827452548,105.06101993636523,38.027159648073116
060190048021002,45,9454.0,0.0,39.42467579745504,29.533149977479454,10.799626522661637
060190048021003,60,20970.0,0.0,98.53138501591994,65.50695513989744,23.954745946711924
060190048021004,114,40101.0,0.0,144.75458617244385,125.27052248280584,45.808739494949684
060190048021005,55,16736.0,0.0,60.41173497887662,52.28027522306794,19.11810339361806
060190048021006,0,3941.0,0.0,14.227653232591262,14.935068199646972,4.5019386636142915
060190048021007,94,24346.0,0.0,87.93575977745785,76.74818429130212,27.8112658473366
060190048021008,25,12885.0,0.0,56.56146465129399,41.89097052233785,14.718974798444593
060190048021009,1101,160128.0,0.0,846.8539959604248,506.5449162333999,182.91967376991354
060190048021010,585,158252.0,0.0,836.7461100937014,527.8828439352882,180.77665500996926
060190048021011,107,32825.0,0.0,173.60081447681782,109.28560763886627,37.49711662855598
060190048021012,59,19801.0,0.0,104.7218455640553,65.92475133265908,22.619357391075003
060190048021013,0,80076.0,0.0,423.4939039400753,280.5770498045374,91.47354489408221
060190048021014,148,33788.0,0.0,178.69124775908145,112.49014959953533,38.597184360872795
060190048021015,71,20080.0,0.0,106.1977537355235,66.85386864022568,22.938068603241554
060190048021016,86,19769.0,0.0,78.99586947588661,67.14450034138937,22.58280270007382
060190048021017,68,19808.0,0.0,94.38877153780685,67.28686476215712,22.62735372973151
060190048022000,65,20161.0,0.0,65.73278910655722,69.28375268848049,23.030597664838297
060190048022001,61,20035.0,0.0,75.39948161595348,70.4470097232533,22.88666356902114
060190048022002,79,19483.0,0.0,73.32307217035107,68.59254695315477,22.256095149250758
060190048022003,87,20321.0,0.0,76.47896936523024,70.93995029760444,23.213371119844204
060190048022004,63,20105.0,0.0,75.66380138038349,70.2202743457143,22.96662695558623
060190048022005,81,19676.0,0.0,74.05170676696693,69.41513311415706,22.476565629351636
060190048022006,54,20233.0,0.0,76.14706845687822,71.37929865439521,23.112845719590954
060190048022007,53,20353.0,0.0,73.42619286040465,69.56718689957586,23.249925810845387
060190048022008,63,20196.0,0.0,76.00692196031368,69.15971980641635,23.07057935812084
060190048022009,67,20074.0,0.0,75.54720891923834,70.81699791248114,22.931214598678835
060190048022010,72,19722.0,0.0,74.22332156606544,69.57600265577707,22.529112997665834
060190048022011,109,20600.0,0.0,77.52731760256688,71.91409743647613,23.53208233201076
060190048022012,32,20283.0,0.0,76.33553079974367,70.75032450773303,23.169962424280303
060190048022013,50,19524.0,0.0,73.47894000315775,68.87822879568812,22.30293084709602
060190048022014,103,20229.0,0.0,76.13226298165357,71.3654201892199,23.10827638321581
060190048022015,70,19972.0,0.0,75.16298699588762,68.459666695185,22.814696521112566
060190048023000,276,80455.0,0.0,305.09714574135216,294.6749050142088,91.90648951562746
060190048023001,73,19817.0,0.0,104.74614173986782,65.97573161364556,22.637634736575592
060190048023002,257,82475.0,0.0,288.87139146095086,277.9134384280553,94.21400438507706
060190048023003,37,19907.0,0.0,65.38128632707955,67.75348912132453,22.740444805016416
060190048023004,57,20136.0,0.0,67.43948519584703,68.48983784313437,23.002039312493622
060190048023005,71,19807.0,0.0,101.95290976170956,65.94186921541088,22.626211395637725
060190048023006,55,20127.0,0.0,88.85941338282083,67.00910901324015,22.99175830564954
060190048023007,48,20178.0,0.0,75.34260800350877,67.17749537646017,23.050017344432675
060190048023008,48,19287.0,0.0,66.58012575684407,64.2130219973542,22.03219766686852
060190048023009,72,21136.0,0.0,85.23301273169648,70.36981462838078,24.144373406280554
060190048023010,48,19805.0,0.0,74.53561360752279,65.93708382358713,22.62392672745015
060190048023011,53,18452.0,0.0,69.44381811884584,61.432684789357275,21.078348698556432
060190048023012,50,20045.0,0.0,75.4382120667762,68.46928469201825,22.898086909959012
060190048023013,76,20586.0,0.0,77.47334245868063,70.35420472236052,23.51608965469774
060190049011000,23,25608.0,0.0,64.77596544227737,36.85467027943456,29.252891473695705
060190049011001,26,25369.0,0.0,64.1722730109185,36.491640849156255,28.97987362528063
060190049011002,40,25725.0,0.0,65.0723913710258,36.86259856347687,29.386544562668774
060190049011003,38,25455.0,0.0,64.38854102022094,62.66612938804388,29.078114357346305
060190049011004,54,25028.0,0.0,63.31027172088583,62.17570552214732,28.590337699299283
060190049011005,43,25575.0,0.0,64.95462831090462,63.47118506854565,29.215194448600737
060190049011006,22,25192.0,0.0,65.0579816007564,62.50426686826425,28.777680490680343
060190049011007,27,37394.0,0.0,97.88054600944415,98.94462208969216,42.71644110306846
060190049011008,30,17196.0,0.0,45.69536734589402,44.03852376742577,19.64357707676005
060190049011009,26,16212.0,0.0,42.52331771417107,38.92734169376833,18.51952032847371
060190049011010,55,21712.0,0.0,55.86795430638483,52.13943608337519,24.802357844301824
060190049011011,47,15719.0,0.0,42.06262304765468,37.780290891192365,17.956349620236754
060190049011012,185,66778.0,0.0,153.55505081985572,212.6582606511838,76.28278611490362
060190049011013,174,56192.0,0.0,124.61539687345282,167.47670281471613,64.19003739807518
060190049011014,117,28900.0,0.0,58.07450939448247,77.89176138186693,33.013455310442275
060190049011015,68,43678.0,0.0,87.76977177214448,77.29815764516604,49.89486854842553
060190049011016,47,15298.0,0.0,30.74037828642935,24.031489679006697,17.475426966752455
060190049011017,49,14840.0,0.0,29.819479966746112,23.311571457484607,16.952237951798043
060190049011018,78,19579.0,0.0,47.32699788262504,62.812957887464684,22.365759222254304
060190049011019,49,20618.0,0.0,45.33449597382656,65.993599913413,23.552644345698923
060190049011020,79,20300.0,0.0,41.04345637305509,65.00425057080238,23.18938210387468
060190049011021,18,6229.0,0.0,15.131876232126151,20.513267503190733,7.115599070198787
060190049011022,31,7464.0,0.0,19.20652839034173,24.580069557744824,8.526381676025645
060190049011023,17,6520.0,0.0,16.77797742647889,21.472066362003588,7.448018291490784
060190049011024,62,20045.0,0.0,51.57786904878721,66.00816051155647,22.898086909959012
060190049011025,48,25475.0,0.0,65.55117359599801,76.22406778812098,29.100961039222042
060190049011026,53,25589.0,0.0,65.84578530845492,74.0547658805231,29.231187125913753
060190049011027,52,22442.0,0.0,57.746586234674524,54.22118351418125,25.636261732766283
060190049011028,60,20317.0,0.0,52.27848478384247,66.90479227919903,23.208801783469056
060190049011029,75,20551.0,0.0,52.88191283399288,67.67704550187148,23.4761079614152
060190049011030,92,19926.0,0.0,51.27352665823641,65.6186701790469,22.76214915279837
060190049011031,49,19925.0,0.0,51.269231982265154,65.6131739523496,22.76100681870458
060190049011032,107,24945.0,0.0,64.18686482388111,74.50309489103545,28.49552396951497
060190049011033,85,25525.0,0.0,65.68112318322223,76.34457673663431,29.158077743911388
060190049012000,23,73365.0,0.0,236.27926359445868,155.04528184352188,83.80734079067813
060190049012001,16,2124.0,0.0,6.893492059779296,3.752743073795152,2.4263176152034394
060190049012002,65,46907.0,0.0,148.1303141616354,78.28892700808554,53.583465337263526
060190049012003,49,20054.0,0.0,52.39972932944351,32.99850354202292,22.908367916803094
060190049012004,79,20438.0,0.0,51.69857463433866,33.629992034866056,23.347024208817277
060190049012005,30,20278.0,0.0,51.29470334149385,33.36727321800218,23.164250753811366
060190049012006,40,20351.0,0.0,51.47756546880511,33.48622527670888,23.247641142657812
060190049012007,81,20262.0,0.0,51.25363233579089,33.340556473789725,23.145973408310777
060190049012008,48,19846.0,0.0,54.70964319581548,32.74964898686234,22.670762425295415
060190049012009,78,19846.0,0.0,50.43259327768919,56.788636168779576,22.670762425295415
060190049012010,56,20306.0,0.0,51.36398436324984,58.528193647964855,23.1962361084374
060190049012011,51,20315.0,0.0,51.386481131925,59.12078161348146,23.206517115281482
060190049012012,32,20200.0,0.0,51.09666236187827,33.238447295543864,23.075148694495986
060190049012013,35,20123.0,0.0,50.902464612625664,59.91136152195157,22.987188969274392
060190049012014,62,19990.0,0.0,50.565471747088196,59.51472647586529,22.835258534800733
060190049012015,516,82207.0,0.0,218.50619209549677,252.26652950657962,93.90785884794215
060190049012016,28,62372.0,0.0,157.77223924409887,193.1344353856055,71.2496620976784
060190049012017,95,20511.0,0.0,51.882756885041005,61.26393183777076,23.430414597663724
060190049012018,91,20139.0,0.0,50.94300359428924,59.959075234925216,23.005466314774985
060190049012019,66,20548.0,0.0,51.97801375150964,61.17726512376497,23.47268095913384
060190049012020,67,20800.0,0.0,52.615345367523666,61.9273939268979,23.760549150768146
060190049012021,84,20165.0,0.0,51.00729693719008,60.03474743939116,23.035167001213445
060190049012022,115,19847.0,0.0,50.202972163629184,59.08807044336382,22.6719047593892
060190049012023,87,20211.0,0.0,51.12349511122441,60.17151077424616,23.087714369527642
060190049012024,23,119352.0,0.0,292.23946627687826,362.3932911813321,136.33985876165767
060190049012025,83,19681.0,0.0,49.84735723579023,58.59477384502563,22.48227729982057
060190049012026,53,19017.0,0.0,46.87309296286142,56.61791539206696,21.72376746154605
060190049012027,48,19168.0,0.0,46.64171118132423,57.067595646319646,21.896259909707876
060190049012028,68,20584.0,0.0,41.36332768784455,61.28436412872758,23.513804986510166
060190049012029,68,20647.0,0.0,41.48882996426098,61.66286384041675,23.585772034418746
060190049012030,84,20595.0,0.0,41.38545320522251,64.86829914728669,23.526370661541826
060190049021000,88,25756.0,0.0,68.92017994835838,35.68903285522774,29.42195691957617
060190049021001,38,16239.0,0.0,43.4523110006692,30.368807993359408,18.550363349005956
060190049021002,109,50440.0,0.0,134.97007568986427,94.3305481131153,57.61933169061275
060190049021003,87,22895.0,0.0,61.26489437381975,42.818017526002784,26.153739077251764
060190049021004,49,26843.0,0.0,71.83466313647023,83.3495741461734,30.66367407952256
060190049021005,17,6562.0,0.0,17.559356096127875,19.037877844761173,7.495996323429835
060190049021006,82,24878.0,0.0,66.57067001833114,46.16765567730157,28.418987585231246
060190049021007,80,24824.0,0.0,66.42613978822641,46.227569493735956,28.357301544166752
060190049021008,82,24905.0,0.0,66.64264923738439,76.23086847384904,28.44983060576349
060190049021009,49,25198.0,0.0,67.42767965777125,69.93760480203653,28.78453449524306
060190049021010,40,16268.0,0.0,43.5316398476649,86.61944943058754,18.58349103772578
060190049021011,231,34634.0,0.0,92.67695976045451,184.40902427391325,39.563599004216535
060190049021012,86,27574.0,0.0,73.7835597063359,59.57354423592002,31.49872030208081
060190049021013,0,15794.0,0.0,42.262042306586636,68.81769493723777,18.042024677270774
060190049022000,19,15118.0,0.0,38.24195002932467,17.00777668926781,17.26980682987081
060190049022001,15,19703.0,0.0,49.84908456054299,22.16572004586253,22.50740864988388
060190049022002,27,20461.0,0.0,54.34605180508433,23.018828877861093,23.373297892974374
060190049022003,31,20713.0,0.0,55.424950078809175,23.30169616298368,23.66116608460868
060190049022004,17,20461.0,0.0,52.49743916002083,23.017948669540324,23.373297892974374
060190049022005,23,14964.0,0.0,37.851933723612795,16.834320308836524,17.09388737942762
060190049022006,39,14977.0,0.0,37.88523137811607,17.00227070990422,17.10873772264685
060190049022007,21,20377.0,0.0,53.453370289905976,23.27292570593937,23.277341829096272
060190049022008,30,20574.0,0.0,55.05387656783784,23.7568285327082,23.5023816455723
060190049022009,22,20802.0,0.0,55.66441802705228,36.29174341807293,23.76283381895572
060190049022010,33,20582.0,0.0,54.97167050911223,35.90734439342491,23.511520318322596
060190049022011,14,14718.0,0.0,37.41899611512703,25.67708924081874,16.812873192356037
060190049022012,19,15173.0,0.0,39.62584874110139,26.471084590536574,17.33263520502909
060190049022013,9,19811.0,0.0,53.01061693198641,34.561534573027146,22.63078073201287
060190049022014,21,20119.0,0.0,53.83560834327923,35.099407377269934,22.982619632899244
060190049022015,16,20503.0,0.0,54.86297216465059,35.769221695351916,23.421275924913427
060190049022016,26,20279.0,0.0,54.263142460256795,35.37814842991656,23.165393087905155
060190049022017,5,13982.0,0.0,37.34423519527424,24.393102170259866,15.972115299328856
060190049022018,6,1435.0,0.0,3.840751189667432,2.5040692357607695,1.6392494245842446
060190049022019,32,14920.0,0.0,39.92523773727376,26.0302098759485,17.043624679300997
060190049022020,27,20312.0,0.0,54.35181856414923,35.43596292836715,23.203090113000123
060190049022021,15,20318.0,0.0,54.3684264806345,35.446790855167706,23.209944117562845
060190049022022,34,39796.0,0.0,106.49028668488384,69.4288793068244,45.46032759634467
060190049022023,13,14874.0,0.0,39.80161347733728,25.949610094600143,16.991077310986796
060190049022024,9,8866.0,0.0,23.72542580230629,15.468356559182434,10.127934075514922
060190049022025,48,45619.0,0.0,121.26222831636761,79.58642630268115,52.11213902446596
060190049022026,6,3479.0,0.0,9.072188957895403,6.069597367905277,3.9741803122847297
060190049022027,7,12589.0,0.0,33.68590758629322,21.962329945361844,14.380843906683662
060190049022028,19,11228.0,0.0,30.043733886173733,19.587728034594516,12.82612720503965
060190049022029,25,11503.0,0.0,30.139105246763343,20.067857533055154,13.140269080831056
060190049022030,24,15574.0,0.0,40.073304865677855,27.169729931065266,17.790711176637647
060190049022031,51,42420.0,0.0,109.15238487076945,79.65385369178381,48.45781225844157
060190049022032,36,15736.0,0.0,40.49006584729987,37.79813344289437,17.975769299831132
060190049022033,12,15419.0,0.0,39.67591709632012,26.900300733559643,17.613649392100676
060190049022034,116,30001.0,0.0,77.19795431647727,76.39985166968674,34.27116514770169
060190050001000,49,31144.0,0.0,58.673473915388534,106.95746874635276,35.57685301690015
060190050001001,66,14607.0,0.0,27.518552483550575,36.18686650093331,16.686074107945686
060190050001002,51,68706.0,0.0,134.56577882977328,145.74452322599174,78.48520624772482
060190050001003,37,17998.0,0.0,33.90718090305909,44.58790590440541,20.559729019977166
060190050001004,52,19869.0,0.0,37.05668066004176,49.22200306138351,22.69703610945251
060190050001005,132,51155.0,0.0,91.6550276532267,125.47355959689408,58.43610056767041
060190050001006,68,15780.0,0.0,28.331031570859324,39.09195894817766,18.026031999957755
060190050001007,114,33820.0,0.0,106.34231876618647,82.66396933942941,38.633739051873974
060190050001008,68,16545.0,0.0,51.47785551490251,39.91866020289355,18.899917581704756
060190050001009,0,23774.0,0.0,49.060463186862435,33.600646639891735,27.157850745690475
060190050001010,67,67466.0,0.0,126.83217365288101,93.16079182994494,77.06871197142902
060190050001011,54,181317.0,0.0,364.25520555157107,256.0193938665136,207.12459088316479
060190050001012,104,25784.0,0.0,44.471440331798476,37.05935221751441,29.453942274202205
060190050001013,78,16435.0,0.0,28.346594642116845,23.622046580267156,18.774260831388194
060190050001014,60,16533.0,0.0,28.51442602808517,23.761905384015108,18.886209572579315
060190050001015,43,16398.0,0.0,31.10055837221607,23.567919531759944,18.731994469918078
060190050001016,132,32098.0,0.0,100.92826493173372,46.13426812001012,36.66663974237288
060190050002000,468,178837.0,0.0,560.5376077478513,529.0395281753655,204.2916023305732
060190050002001,73,16442.0,0.0,51.69989785844759,40.187098987966124,18.782257170044705
060190050002002,57,14543.0,0.0,45.727512116976456,50.87992463472153,16.612964725943325
060190050002003,0,24064.0,0.0,71.8891505859302,40.65092975489784,27.489127632888685
060190050002004,75,59135.0,0.0,135.6069447285067,102.06228181422382,67.5519266360901
060190050002005,327,243953.0,0.0,574.0777074048539,405.403675928436,278.6758291816029
060190050002006,78,20304.0,0.0,38.65714545564973,35.87879937518117,23.193951440249826
060190050002007,81,20272.0,0.0,51.74997018626139,35.8226977539193,23.157396749248647
060190050002008,62,20294.0,0.0,30.514160542885705,35.86232532906879,23.18252809931196
060190050002009,149,43816.0,0.0,137.7735173095256,147.5224729378156,50.052510653368124
060190050002010,50,9262.0,0.0,29.124055888265644,32.40565034156408,10.580298376654547
060190050003000,0,32168.0,0.0,55.48096077967683,42.485952855602775,36.74660312893796
060190050003001,0,2607.0,0.0,4.496083917886361,3.999065911182068,2.9780649825025267
060190050003002,37,37402.0,0.0,64.50825241394202,50.133801917847485,42.72557977581876
060190050003003,15,20072.0,0.0,34.6199123113232,30.282010185875983,22.92892993049126
060190050003004,9,20064.0,0.0,26.125927958476908,30.070700128847022,22.919791257740965
060190050003005,40,20138.0,0.0,22.57646871294093,23.883804412700684,23.004323980681196
060190050003006,32,20266.0,0.0,33.72819776033341,24.036131818343883,23.150542744685925
060190050003007,22,20612.0,0.0,29.674723853144144,24.446001181299152,23.5457903411362
060190050003008,35,20302.0,0.0,22.5572315473207,24.07852832632775,23.191666772062252
060190050003009,19,19902.0,0.0,22.11322143555007,23.604573442679136,22.734733134547483
060190050003010,35,19784.0,0.0,23.713252781055463,23.463561992014373,22.599937711480624
060190050003011,38,40577.0,0.0,69.92754260986644,49.0978145205935,46.35249052359226
060190050003012,116,19549.0,0.0,33.717023121109264,28.097381740923993,22.331489199440696
060190050003013,29,8194.0,0.0,14.131869835545832,11.776500554516236,9.360285564490106
060190050003014,18,40983.0,0.0,45.53573557224001,48.606740438703476,46.81627816566975
060190050003015,16,20209.0,0.0,22.454261985639363,23.968614328127547,23.085429701340068
060190050003016,55,40200.0,0.0,58.37642295947875,48.56345207848696,45.92183057023459
060190050003017,25,19902.0,0.0,34.32576136181808,28.604661125229597,22.734733134547483
060190050003018,0,20231.0,0.0,34.893643718228454,29.077894105931506,23.11056105140338
060190050003019,0,20433.0,0.0,35.241369507326276,29.36766417852515,23.34131253834834
060190050003020,0,18494.0,0.0,54.105194831000716,26.580414724874064,21.126326730495485
060190050003021,59,40140.0,0.0,58.69624370309588,48.4234645256551,45.853290524607374
060190050003022,20,20269.0,0.0,28.583837550710406,24.039681583188663,23.153969746967284
060190050003023,9,19937.0,0.0,22.151472681303947,23.645404415330628,22.774714827830024
060190050003024,13,20234.0,0.0,30.29665456659776,23.99775789212242,23.113988053684743
060190050003025,18,19800.0,0.0,29.647547511887975,23.48360495451828,22.618215056981214
060190050003026,29,20185.0,0.0,28.704428838727384,23.939159514540002,23.058013683089182
060190050003027,45,40311.0,0.0,60.357915200380894,49.09531228182809,46.048629654644934
060190050003028,39,27926.0,0.0,41.8138058160297,34.25394485795224,31.900821903093806
060190050003029,56,12657.0,0.0,18.95189566774192,15.781518464800397,14.458522625061173
060190050003030,34,7894.0,0.0,11.82025275952673,11.346337835074157,9.017585336354026
060190050003031,20,32644.0,0.0,55.40623992487035,47.61118612137955,37.290354157580545
060190050003032,83,21579.0,0.0,48.19228403242073,31.01488886581688,24.650427409828165
060190050003033,35,40590.0,0.0,60.77677286617375,66.7902268022828,46.36734086681149
060190050003034,41,40517.0,0.0,60.452335753601126,66.67010053187848,46.28395047796504
060190050003035,25,39926.0,0.0,59.7821330728792,48.85354329937868,45.60883102853697
060190050003036,12,41265.0,13838.0,82.50608162838743,95.9227497331229,47.13841638011767
060190050003037,19,4999.0,0.0,7.484812098815441,8.225384041912294,5.710528134840863
060190050003038,20,40165.0,0.0,51.40310556059768,66.08996474387396,45.88184887695205
060190050003039,36,40586.0,0.0,60.769638449177236,66.78238648258785,46.36277153043634
060190050003040,35,20243.0,0.0,30.309916450282287,33.47771723208995,23.124269060528825
060190050003041,22,20498.0,0.0,30.691276917975365,33.727972867479,23.41556425444449
060190050003042,21,40255.0,0.0,60.27523610619073,71.13574862472647,45.984658945392866
060190050003043,44,26901.0,0.0,40.28019967004072,47.53796655783672,30.729929456962203
060190050003044,99,33869.0,0.0,51.29768366619952,57.51395993838952,38.68971342246953
060190050003045,40,20038.0,0.0,30.00324562543382,33.13716523060057,22.890090571302505
060190050003046,50,20345.0,0.0,27.364694877048517,33.47712662946302,23.24078713809509
060190050003047,67,32106.0,0.0,36.355930937935945,52.82980368023094,36.675778415123176
060190050003048,12,8071.0,0.0,8.847790418390435,13.28120241006346,9.219778470954312
060190050003049,25,19937.0,0.0,28.83796472810121,32.805373628949276,22.774714827830024
060190050003050,36,20358.0,0.0,30.48263822745557,33.66283374382141,23.25563748131432
060190051001000,0,8098.0,0.0,27.266241546767013,20.728286161481467,9.250621491486559
060190051001001,0,4258.0,0.0,13.703573456841799,11.056561707735987,4.864058571344748
060190051001002,48,25132.0,0.0,81.44993634397079,64.33623560886406,28.709140445053126
060190051001003,48,21495.0,0.0,69.5826531873096,55.69204382211002,24.554471345950063
060190051001004,115,104529.0,0.0,338.2961606234651,340.00269240171656,119.407040489454
060190051001005,0,13442.0,0.0,43.51548196157322,35.059560609949415,15.355254888683914
060190051001006,96,41583.0,0.0,134.6096225663222,118.74445888628937,47.50167862194191
060190051001007,88,67264.0,0.0,217.74183887174766,208.8655142214528,76.83796048448406
060190051001008,31,20291.0,0.0,65.68494990776955,63.436194805735454,23.179101097030596
060190051001009,56,31592.0,0.0,102.26891615516843,98.76769179089088,36.0886186909167
060190051001010,89,44749.0,0.0,143.6118848724044,139.90003618788384,51.11830836287133
060190051001011,45,18242.0,0.0,59.07755710408715,55.52763088577893,20.83845853886118
060190051001012,65,19813.0,0.0,64.13923784046041,61.9434009168297,22.633065400200444
060190051001013,78,17795.0,0.0,55.46588622576914,54.12860710883588,20.32783519893842
060190051001014,121,56643.0,0.0,154.80479762541276,161.93800398621443,64.70523007437308
060190051001015,40,46353.0,0.0,136.65980129258966,144.9160010757997,52.95061224930557
060190051001016,0,4888.0,0.0,14.856525861358561,15.279698806227058,5.583729050430514
060190051001017,189,110542.0,0.0,304.265051524207,301.26539828514683,126.27589539539483
060190051001018,91,31342.0,0.0,85.6567655591584,78.08277623448903,35.803035167469965
060190051001019,75,25786.0,0.0,70.47260534865872,68.48361297633228,29.45622694238978
060190051001020,52,16035.0,0.0,43.82359018208265,45.677528363608516,18.317327193873425
060190051001021,75,24768.0,0.0,67.69164580739647,61.70617811704303,28.293330834914684
060190051002000,254,68327.0,0.0,213.74897737945463,197.71189184158408,78.05226162617957
060190051002001,122,32084.0,0.0,96.53887601779769,92.8378268939652,36.650647065059864
060190051002002,66,17044.0,0.0,55.365609974412706,49.32007351928853,19.469942294504435
060190051002003,82,29335.0,0.0,82.58174730517541,84.14143851539181,33.51037064123959
060190051002004,69,23220.0,0.0,67.28830778897184,67.1902314779813,26.524997657732516
060190051002005,196,84929.0,0.0,213.3646407886465,224.44072344886112,97.01729225123019
060190051002006,42,10909.0,0.0,27.806883188547175,27.178980097538563,12.46172262912162
060190051002007,72,11048.0,0.0,30.194785904959815,30.788312513643223,12.620507068158004
060190051002008,0,23115.0,0.0,59.034735684361394,55.76751149134188,26.405052577884888
060190051002009,124,28904.0,0.0,76.77472325278313,72.00998638485606,33.01802464681742
060190051002010,294,111144.0,0.0,303.7574246497273,292.4455368418482,126.96358051985455
060190051002011,50,17607.0,0.0,48.120499397243755,43.865562307881355,20.113076389306478
060190051002012,35,13730.0,0.0,37.52481194636784,39.730245145484545,15.68424710769455
060190051003000,325,122821.0,0.0,396.7963869276259,313.4158697728012,140.30261573300453
060190051003001,49,20218.0,0.0,65.67418261083908,35.727191061194816,23.09571070818415
060190051003002,17,62269.0,0.0,188.90427197416858,196.12633816864835,71.13200168601834
060190051003003,0,35521.0,0.0,115.38364671206273,111.87872756082994,40.57684934540554
060190051003004,196,26027.0,0.0,67.4505768721943,81.97636086252088,29.731529458992426
060190051003005,99,281309.0,0.0,590.6788910462112,599.499959577942,321.3488615891075
060190051003006,73,16715.0,0.0,34.363684922233304,49.805014175104894,19.094114377648534
060190051003007,91,47298.0,0.0,118.87949446150682,148.9712232428372,54.03011796793422
060190051003008,87,18726.0,0.0,57.91348685493027,58.98035341859664,21.39134824025405
060190051003009,97,19702.0,0.0,60.26990476298401,62.05493111319319,22.506266315790096
060190051004000,296,101834.0,0.0,329.45013494455094,204.08245825512006,116.32845010669823
060190051004001,411,41074.0,0.0,133.42285095638346,126.0061483456461,46.92023056820437
060190051004002,148,41022.0,0.0,133.22344349456827,129.20550890893526,46.86082919532745
060190051005000,65,29039.0,0.0,93.94372178614276,101.59630051337032,33.17223974947866
060190051005001,242,129322.0,0.0,419.31366318465496,412.91384617904225,147.72892967671336
060190051005002,51,20499.0,0.0,66.52131846689548,71.72005033949173,23.41670658853828
060190051005003,58,15785.0,0.0,51.27542177627153,45.67650519712467,18.03174367042669
060190051005004,0,23808.0,0.0,77.0877037273508,62.49255119970144,27.19669010487923
060190051005005,0,40633.0,0.0,131.98818354463728,117.57599923684234,46.41646123284433
060190051005006,115,28509.0,0.0,92.48422606451805,82.49583740153984,32.56680267977159
060190051005007,239,104115.0,0.0,337.28280823484226,302.00583013289923,118.93411417462622
060190051005008,120,29697.0,0.0,96.14757772191929,86.67259450999111,33.923895583190465
060190051005009,98,29053.0,0.0,94.04854570103157,101.0859061395868,33.18823242679168
060190051005010,84,17621.0,0.0,57.04205987924214,61.64982451285975,20.129069066619493
060190051005011,123,29387.0,0.0,95.44113817842474,85.03382473076664,33.569772014116516
060190051005012,140,29688.0,0.0,96.36578653179006,85.90665728903917,33.913614576346376
060190052021000,17,19625.0,0.0,47.92098828117509,32.83593822214253,22.418306590568502
060190052021001,28,731553.0,196924.0,260.95082603360584,917.2307526645991,835.67793331211
060190052021002,0,222167.0,0.0,199.1729472086866,289.32509226263574,253.7889386143609
060190052021003,0,24590.0,0.0,33.122053235340054,32.374946296025215,28.08999536622061
060190052021004,14,330426.0,0.0,553.5141227598058,743.0169147074702,377.4568852736401
060190052021005,64,50018.0,0.0,94.31069946113126,127.3129599695247,57.13726670303467
060190052021006,135,31212.0,0.0,55.274356018528216,80.20632824690387,35.65453173527766
060190052021007,61,82492.0,0.0,135.70593316855735,66.64889765291335,94.23342406467144
060190052021008,0,53400.0,0.0,1.7823454546530613,21.963725628926593,61.000640608222064
060190052021009,0,28841.0,0.0,3.254349062039924,11.862325222682326,32.94605759890885
060190052021010,99,53214.0,0.0,52.38749433986908,21.886953245439567,60.788166466777696
060190052021011,50,28558.0,0.0,16.254309787437265,11.74583858253916,32.62277705036715
060190052021012,0,5437.0,0.0,11.15732011934795,6.305572881152969,6.210870467919539
060190052021013,0,10410.0,0.0,21.468591067448028,12.073894377875806,11.891697916321942
060190052021014,333,59177.0,0.0,141.41903070371373,165.9520652349438,67.59990466802915
060190052021015,74,23014.0,0.0,52.73939335287179,44.24827361991612,26.289676834412408
060190052021016,52,32425.0,0.0,75.8221517783671,37.605977946395484,37.040182991041206
060190052021017,64,33889.0,0.0,62.37609284161727,39.304338333900496,38.71256010434527
060190052021018,0,111988.0,0.0,324.1197097874553,295.0232555545602,127.92771049501071
060190052021019,29,20563.0,0.0,55.092821034137806,58.985923846854696,23.489815970540644
060190052021020,24,9980.0,0.0,16.325294375741652,28.6283829734832,11.400494255993562
060190052021021,68,20592.0,0.0,80.43796368602109,60.88897816498347,23.522943659260463
060190052021022,64,19697.0,0.0,76.94247102678298,74.24990057993236,22.50055464532116
060190052021023,420,81555.0,0.0,318.583964951555,273.3685430289662,93.16305701879308
060190052021024,17,18188.0,0.0,71.0471924601186,52.17113630406475,20.776772497796685
060190052021025,0,2170.0,0.0,6.558453624918244,6.223223798549417,2.478864983517638
060190052021026,0,65620.0,0.0,9.290643794597154,24.63682964059422,74.95996323429834
060190052022000,46,21140.0,0.0,81.18003882372426,8.69491098877985,24.148942742655702
060190052022001,93,41081.0,0.0,160.47379739433433,59.02264393138091,46.92822690686087
060190052022002,55,30319.0,0.0,118.43799275023619,54.27731913275305,34.63442738952593
060190052022003,61,28749.0,0.0,112.30535951977966,51.194356126128355,32.84096286228045
060190052022004,89,22702.0,0.0,88.68028262736378,26.32919954593337,25.933268597150885
060190052022005,85,19333.0,0.0,75.52136081785869,40.11595506060125,22.084745035182717
060190052022006,590,116766.0,0.0,444.30434429143037,372.65304734406993,133.38578279512467
060190052022007,63,16240.0,0.0,63.437727188009504,24.777652297159946,18.551505683099744
060190052022008,0,16325.0,0.0,59.064659517936384,46.00733483022272,18.648604081071632
060190052022009,119,81996.0,0.0,271.5463224245898,250.10159428777115,93.66682635415312
060190052022010,64,16511.0,0.0,55.50074390072169,55.31068871038239,18.861078222516003
060190052022011,484,64551.0,0.0,203.48303387997356,200.509193367659,73.73880808804012
060190052022012,94,27508.0,0.0,86.7098967849346,91.5472125291252,31.42332625189087
060190052022013,0,80505.0,0.0,278.5927286525301,206.22453301275365,91.9636062203168
060190052022014,80,20975.0,0.0,81.93661729869876,79.06927873640345,23.960457617180857
060190052031000,1115,199045.0,0.0,655.9621000391843,683.6208007807293,227.3758896978195
060190052031001,129,42098.0,0.0,127.96790872561743,136.2605887117503,48.08998068024218
060190052031002,86,24205.0,0.0,73.57693378071829,73.275854308623,27.65019674011264
060190052031003,246,176042.0,0.0,526.4095462668342,489.38668863857214,201.09877853843875
060190052031004,320,98529.0,0.0,299.50269324924915,309.8928552172431,112.55303592673243
060190052031005,0,17919.0,0.0,54.47029159622585,56.469625925920376,20.469484626568
060190052031006,135,30250.0,0.0,91.95141731364893,98.83555943331585,34.555606337054634
060190052031007,127,30798.0,0.0,93.61934025930657,115.65768009255395,35.18160542044987
060190052031008,102,30225.0,0.0,91.87958629873816,113.50479355169817,34.52704798470996
060190052032000,215,41142.0,0.0,170.64978601583417,131.9730015625968,46.99790928658187
060190052032001,195,82198.0,0.0,300.20854021629276,301.5980301416962,93.89757784109807
060190052032002,56,10866.0,0.0,45.077202011691384,40.804556622601595,12.412602263088782
060190052032003,76,13439.0,0.0,43.013765498046226,50.4674833458553,15.351827886402553
060190052032004,196,43512.0,0.0,132.26521487880743,137.12001511912678,49.7052410888569
060190052032005,686,164981.0,0.0,564.7662385173796,550.4002309223689,188.4634211270615
060190052032006,124,23558.0,0.0,75.20923991090737,83.06398947982561,26.9111065814325
060190052032007,89,26031.0,0.0,82.05590266807431,83.50207354152808,29.736098795367575
060190052032008,33,5181.0,0.0,15.750062842261404,16.325888235430494,5.918432939910084
060190052032009,87,26560.0,0.0,83.72091137514994,85.19642672009114,30.34039353098086
060190052032010,0,19187.0,0.0,60.481601208490005,58.57326977254627,21.917964257489828
060190052032011,54,15737.0,0.0,49.605060737600276,48.81259140048793,17.976911633924917
060190052032012,49,8564.0,0.0,26.545450837142454,26.984028810685942,9.782949179191268
060190052032013,146,35971.0,0.0,112.46484037487164,110.77211168933025,41.090899687609664
060190052032014,98,26780.0,0.0,84.4156954265617,81.45535070539871,30.591707031613986
060190052032015,103,26629.0,0.0,83.9395722924923,81.5323271872195,30.41921458345216
060190052032016,42,42519.0,0.0,134.02891469428863,129.32870120799902,48.57090333372648
060190052032017,119,42824.0,0.0,132.9183307791277,131.8710932239585,48.91931523233149
060190052041000,117,39107.0,0.0,153.51614592576436,143.70435259794482,44.673259405725474
060190052041001,100,22369.0,0.0,92.59765178366176,80.93953207575747,25.552871343919836
060190052041002,93,25280.0,0.0,104.87503702780876,94.94160259659805,28.878205890933593
060190052041003,48,16923.0,0.0,70.2052267906825,63.55082001407261,19.331719869156217
060190052041004,75,22639.0,0.0,93.91950592843018,85.01733973260865,25.86130154924231
060190052041005,110,17928.0,0.0,74.3747552831827,67.3251394897501,20.479765633412082
060190052041006,146,25684.0,0.0,106.55240648197328,93.42502832636917,29.33970886482351
060190052041007,118,25399.0,0.0,105.3695061545972,92.50562153891357,29.014143648094237
060190052041008,105,25091.0,0.0,104.09038618299172,91.40059690487611,28.662304747207862
060190052041009,304,81249.0,0.0,337.0666366531204,298.07912399706044,92.81350278609428
060190052041010,110,23747.0,0.0,98.51568004114499,89.1778651969213,27.12700772515823
060190052041011,70,20420.0,0.0,83.70256402476551,76.68379473501447,23.32646219512911
060190052041012,0,12438.0,0.0,48.44407701796824,46.70683488781672,14.208351458521836
060190052041013,258,58649.0,0.0,207.3052402052523,207.1028093178091,66.99675226650966
060190052042000,361,114170.0,0.0,469.6719946627053,431.473986094334,130.4202834876538
060190052042001,37,6460.0,0.0,26.799967031495907,24.399377178815268,7.379478245863568
060190052042002,54,44462.0,0.0,178.2563684853615,114.84463255451575,50.79045847795448
060190052042003,89,20914.0,0.0,86.76288747980168,54.35557894404567,23.890775237459856
060190052042004,132,46071.0,0.0,178.14058941645993,120.1886575165244,52.62847403485765
060190052042005,55,20194.0,0.0,76.7639952875482,54.24556856173788,23.068294689933264
060190052042006,154,74847.0,0.0,269.3454669210938,242.3671176078722,85.50027991767035
060190052042007,72,15771.0,0.0,65.42844333153333,59.32988684114928,18.015750993113674
060190052042008,0,13521.0,0.0,56.09032837513219,50.91291197592723,15.445499282093081
060190052042009,19,21565.0,0.0,69.80893130102582,67.41898975960491,24.634434732515146
060190052042010,47,17746.0,0.0,65.19819961736943,57.65767932974735,20.27186082834286
060190052042011,53,14098.0,0.0,46.330993920105705,44.14801117096478,16.10462605420814
060190052042012,88,31209.0,0.0,101.02905408090392,97.570276976908,35.6511047329963
060190052042013,66,31292.0,0.0,101.29877269826187,97.83076165075609,35.745918462780615
060190052043000,477,133322.0,0.0,377.4122261967299,462.8235643898599,152.29826605186108
060190052043001,126,36032.0,0.0,63.81106952445622,111.23769841244602,41.160582067330665
060190052043002,215,38996.0,0.0,161.77679168452258,125.08957051340961,44.546460321315124
060190052043003,108,24882.0,0.0,84.76179751498732,79.816314678312,28.423556921606394
060190052043004,0,34015.0,0.0,60.239489540817914,108.48367766602182,38.85649420016242
060190052043005,110,33206.0,0.0,58.806212846962104,102.51305640538429,37.932345918288796
060190052043006,110,20736.0,0.0,40.49616166818834,65.36700124791847,23.68743976876578
060190052043007,94,21695.0,0.0,54.57509499116075,69.59221250597398,24.782938164707446
060190052043008,84,21228.0,0.0,65.86965232500643,68.09407924667231,24.249468142908952
060190052043009,37,50487.0,0.0,151.45403257433392,161.94927526176374,57.67302139302074
060190053011000,256,110980.0,0.0,343.9699017774912,380.64858947176674,126.77623772847349
060190053011001,117,33389.0,0.0,115.58693171377719,128.34896105251727,38.14139305745181
060190053011002,74,16365.0,0.0,57.35150774347017,50.522764407190536,18.69429744482311
060190053011003,499,142341.0,0.0,498.82544557471016,439.4311755465981,162.6009772437254
060190053011004,102,26090.0,0.0,91.43091211188872,94.4261417218134,29.803496506901006
060190053011005,170,43868.0,0.0,153.73210202547008,161.21293809946897,50.111912026245044
060190053011006,0,71470.0,0.0,250.45832059827654,245.94622492598214,81.6426176829519
060190053011007,60,20394.0,0.0,71.4703647084469,71.09266063243776,23.29676150869065
060190053011008,129,26593.0,0.0,93.19267931201706,97.64900375761835,30.37809055607583
060190053011009,101,27189.0,0.0,95.28291981640855,92.73208192634183,31.05892167597284
060190053011010,53,17148.0,0.0,60.09248408880422,60.49152032146183,19.588745040258278
060190053011011,0,6374.0,0.0,21.53385808489225,23.083685214339887,7.281237513797892
060190053011012,98,24484.0,0.0,77.59525267413335,92.55604064906294,27.968907952279196
060190053011013,68,25887.0,0.0,90.72088315195883,93.72616671673225,29.571602685862256
060190053011014,127,26655.0,0.0,93.4106367990332,96.40591976017933,30.44891526989062
060190053011015,105,25741.0,0.0,88.93610281092121,93.20475956320502,29.404821908169367
060190053012000,0,4167.0,0.0,14.60151850866998,13.175008269926977,4.760106168810138
060190053012001,81,19457.0,0.0,68.18475457734712,61.52337545619542,22.226394462812298
060190053012002,267,209037.0,0.0,618.7446147387444,521.6288890368071,238.7900919629385
060190053012003,112,30854.0,0.0,107.4512362270925,97.56132751255409,35.24557612970194
060190053012004,114,30764.0,0.0,103.96091935844247,114.36386692800487,35.14276606126111
060190053012005,97,31098.0,0.0,101.59270985970196,117.55565508201283,35.52430564858595
060190053012006,140,44542.0,0.0,141.8904728008884,168.3769167419533,50.88184520545744
060190053012007,92,21045.0,0.0,61.132617115496956,79.55536897523207,24.040421003745944
060190053012008,284,87785.0,0.0,255.4606435654272,331.84586365841596,100.27979842308565
060190053012009,75,21019.0,0.0,61.05621607714298,79.45594393696062,24.01072031730748
060190053012010,155,42803.0,0.0,124.33400506050751,110.65240036983657,48.895326216361966
060190053012011,69,25480.0,0.0,74.01323658428183,66.2600404534655,29.106672709690976
060190053012012,0,9532.0,0.0,27.687343453557656,24.620296654649078,10.888728581977016
060190053012013,129,39616.0,0.0,115.07806230059174,102.53178750797946,45.25470745946302
060190053012014,94,25904.0,0.0,75.24650853517707,67.54990275827694,29.591022365456634
060190053013000,204,52095.0,0.0,151.3255541619763,108.32793178502914,59.50989461583012
060190053013001,86,23970.0,0.0,69.62896363861219,49.567429116824584,27.381748228072713
060190053013002,219,51309.0,0.0,156.30492867256547,132.55200696126192,58.61202001811359
060190053013003,153,27634.0,0.0,83.61114632623233,69.17526515737408,31.567260347708025
060190053013004,110,27247.0,0.0,85.03901999879173,92.10174487089854,31.125177053412482
060190053013005,80,26572.0,0.0,81.10261560668667,90.94441765895432,30.354101540106306
060190053013006,94,23957.0,0.0,69.59072315770771,60.22911644748368,27.366897884853483
060190053013007,55,14889.0,0.0,43.24941343022492,41.85464764092867,17.0082123223936
060190053013008,104,48972.0,0.0,142.5064485994148,129.37159071573308,55.94238524093354
060190053013009,113,32368.0,0.0,95.40520190656149,86.90194092889938,36.97506994769535
060190053013010,97,16703.0,0.0,52.52114166670303,58.43903606422742,19.080406368523093
060190053013011,112,32236.0,0.0,101.36247121265416,112.78363193903806,36.824281847315476
060190053013012,127,29335.0,0.0,92.23878303039933,102.63380873645274,33.51037064123959
060190053013013,119,49232.0,0.0,154.80248129828684,172.2450712292439,56.23939210531814
060190053013014,83,15855.0,0.0,49.85245092122705,55.46964679030742,18.111707056991776
060190053013015,146,32582.0,0.0,97.22782678956713,87.44764007841013,37.21952944376576
060190053013016,91,32742.0,0.0,98.94714953917115,87.9526495086391,37.402302898771666
060190053013017,90,16277.0,0.0,51.17995248139746,56.94672647837708,18.59377204456986
060190053013018,67,16225.0,0.0,51.01871909005835,56.76732588516421,18.53437067169294
060190053013019,83,23453.0,0.0,73.11887961571693,64.17492325968298,26.79116150158487
060190053013020,0,25846.0,0.0,77.51673037649121,66.16241643785791,29.524766988016992
060190053013021,49,16295.0,0.0,51.23735758025068,45.880611232691756,18.614334058258024
060190053013022,61,16561.0,0.0,52.075144869428435,57.94278594297417,18.91819492720535
060190053021000,0,45202.0,0.0,186.31559354963673,141.87828612084024,51.63578570735681
060190053021001,0,13389.0,0.0,55.18899917998422,45.43582328250351,15.294711181713206
060190053021002,0,13367.0,0.0,55.09653866819628,50.92608429935613,15.269579831649894
060190053021003,31,12683.0,0.0,52.27614238430174,48.387415890867544,14.488223311499633
060190053021004,104,32600.0,0.0,105.72335528196622,103.08183323450672,37.24009145745392
060190053021005,106,19973.0,0.0,82.3247944753997,63.154195582040174,22.815838855206355
060190053021006,1010,181202.0,0.0,707.0456797354465,710.7186029749787,206.9932224623793
060190053021007,45,17249.0,0.0,71.0994986275934,69.3276818334742,19.704120783730755
060190053021008,248,16345.0,0.0,67.37326483106072,65.69430668920984,18.671450762947373
060190053021009,46,12551.0,0.0,39.151180262947165,50.442969055077015,14.33743521111976
060190053021010,183,13220.0,0.0,54.491145306256556,53.13321271533748,15.101656719863215
060190053021011,47,12788.0,0.0,38.613862517918726,51.396108786340925,14.608168391347261
060190053021012,208,24895.0,0.0,102.61580755333742,100.05859667738693,28.438407264825624
060190053021013,62,13454.0,0.0,55.398683896630544,54.07321045079836,15.368962897809357
060190053021014,0,3157.0,0.0,10.809024186539457,12.689436695396491,3.606348734085338
060190053021015,195,28677.0,0.0,76.56181801826355,115.25671734546574,32.758714807527795
060190053021016,77,23323.0,0.0,67.48388469175902,79.2315878653191,26.64265806939257
060190053021017,90,25182.0,0.0,79.1973043642059,79.62611006596437,28.766257149742472
060190053021018,58,19828.0,0.0,64.61503994976573,68.1648893707549,22.650200411607248
060190053021019,48,14326.0,0.0,36.70356983206242,50.78261745311997,16.36507822759156
060190053021020,100,25448.0,0.0,89.1816694267322,85.67591907218218,29.070118018689797
060190053021021,0,5953.0,0.0,20.86052184714183,20.101620729000594,6.800314860313595
060190053022000,0,53633.0,0.0,150.84657710713594,193.73755295355335,61.26680445207442
060190053022001,18,28157.0,0.0,63.706438180918006,91.13063231050542,32.16470107875859
060190053022002,0,41280.0,0.0,93.39693475847052,83.27359430143773,47.15555139152447
060190053022003,46,298668.0,0.0,582.8473826870921,749.8315209743002,341.1786391231548
060190053022004,0,115156.0,0.0,260.4183663393942,277.4194792943701,131.54662490412773
060190053022005,0,3144.0,0.0,7.065525371278206,6.221449849178034,3.591498390866108
060190053022006,370,36303.0,0.0,82.1371447288651,94.58745711244399,41.470154606746924
060190053022007,161,19189.0,0.0,43.41423398556286,51.10887539084072,21.920248925677402
060190053022008,203,205888.0,0.0,468.37435934775795,454.7877793696049,235.19288190160344
060190053022009,108,28306.0,0.0,68.46897764700145,56.020489385722755,32.33490885873284
060190053022010,58,28066.0,0.0,81.52545238363437,68.46614641738104,32.06074867622398
060190053022011,136,40264.0,0.0,81.65642681869848,95.35323021621461,45.99493995223695
060190053022012,102,30346.0,0.0,64.565230849729,75.17674875087225,34.66527041005818
060190053022013,66,16775.0,0.0,36.161627894801725,33.19968913161104,19.16265442327575
060190053022014,118,28714.0,0.0,64.96577472881957,73.48350505586701,32.80098116899791
060190053022015,151,53543.0,0.0,139.09974512701987,162.92048009305068,61.16399438363359
060190053022016,125,44091.0,0.0,99.75614678291946,139.4168216554567,50.36665252915953
060190053022017,40,12750.0,0.0,28.847139063340403,40.316076470111895,14.564759695783358
060190053022018,146,20453.0,0.0,53.83729215980382,64.67211169392941,23.36415922022408
060190053022019,92,29904.0,0.0,67.65944420232937,94.55923238685679,34.16035874060436
060190053022020,80,24709.0,0.0,55.907397880671205,78.13195698492358,28.225933123381253
060190053022021,89,34267.0,0.0,114.91204445109399,108.35247469917852,39.14436239179673
060190053022022,75,19977.0,0.0,62.27027130747683,43.124316561712874,22.820408191581503
060190053022023,85,19618.0,0.0,57.673256696081964,38.824671853828136,22.410310251911994
060190053022024,121,25518.0,0.0,54.14069127181051,50.501409579346415,29.15008140525488
060190053022025,246,58988.0,0.0,155.40613428277183,116.74106245693622,67.38400352430342
060190053022026,115,38415.0,0.0,120.20597613522796,121.4711476608874,43.88276421282492
060190053022027,54,18922.0,0.0,42.42097871933371,44.880847076361384,21.615245722636292
060190053041000,31,15523.0,0.0,60.65553584779798,27.523159592922923,17.732452137854516
060190053041001,18,4251.0,0.0,16.609644849096473,10.236887871713382,4.85606223268824
060190053041002,56,10144.0,0.0,39.63705394567071,13.75671164779072,11.587837047374618
060190053041003,83,10588.0,0.0,41.373826833164394,18.935403360415556,12.095033385016015
060190053041004,30,9072.0,0.0,36.884725050547246,24.61825584479708,10.363254898835029
060190053041005,58,11051.0,0.0,45.49913013444428,36.55049511351115,12.623934070439363
060190053041006,104,9526.0,0.0,37.25701343704667,26.06094825572324,10.881874577414296
060190053041007,29,9589.0,0.0,37.46894272843498,23.30597776916079,10.953841625322871
060190053041008,353,101449.0,0.0,401.90708396591094,362.56934829304265,115.88865148059027
060190053041009,25,20139.0,0.0,81.61245961866514,72.71139295757231,23.005466314774985
060190053041010,37,20642.0,0.0,85.08221110261164,82.96194171362474,23.58006036394981
060190053041011,28,19337.0,0.0,79.70721264183875,77.7208895214612,22.089314371557865
060190053041012,25,20336.0,0.0,83.73869024793927,73.47832966842617,23.23050613125101
060190053041013,102,60111.0,0.0,237.31379353293258,205.41338427601514,68.66684471162615
060190053041014,35,20247.0,0.0,79.1167258135049,69.19039651106979,23.128838396903973
060190053041015,20,20419.0,0.0,79.78672886916905,69.77633806272483,23.325319861035325
060190053041016,36,20511.0,0.0,80.17868826597368,70.09114953330332,23.430414597663724
060190053041017,85,59809.0,0.0,186.84595963423402,204.38474384945047,68.3218598153025
060190053041018,41,39761.0,0.0,163.89034187353172,143.5836467899707,45.42034590306213
060190053041019,59,39978.0,0.0,164.78502414896903,160.67854127859377,45.66823240141389
060190053041020,43,40556.0,0.0,107.20566293711869,163.00162630158488,46.32850150762273
060190053041021,111,40615.0,0.0,107.41154967468324,146.71747309212265,46.39589921915616
060190053041022,65,40647.0,0.0,113.98134465848196,138.90121708755552,46.43245391015734
060190053042000,467,68029.0,0.0,156.42617254966308,228.32358805324932,77.71184606623106
060190053042001,238,68698.0,0.0,215.08988520066532,234.6422397252155,78.47606757497452
060190053042002,521,58831.0,0.0,228.64193882918573,203.90537874893408,67.20465707157888
060190053043000,0,59562.0,0.0,149.93180519949442,199.23967956122453,68.03970329413713
060190053043001,0,1839.0,0.0,4.180800030106087,5.456479045921949,2.1007523984741643
060190053043002,572,131211.0,0.0,339.70372266021354,520.210168389057,149.88679877987687
060190053043003,35,8714.0,0.0,19.809306669318705,33.942417075152406,9.954299293259309
060190053043004,135,32500.0,0.0,75.69778344541089,128.20537392814197,37.12585804807522
060190053043005,128,31929.0,0.0,72.58227720060066,125.89179650141008,36.47358528052289
060190053043006,81,16042.0,0.0,63.716409230267985,62.484092106318485,18.325323532529932
060190053043007,238,66218.0,0.0,261.5969642614588,261.99880571815413,75.64307902238293
060190053043008,0,26707.0,0.0,72.7481623494052,98.37481011728894,30.50831664276754
060190053043009,136,100455.0,0.0,308.1724495109754,359.1877638565539,114.75317139136605
060190053043010,49,12056.0,0.0,38.832869050962245,48.5542181709315,13.771979834695228
060190053043011,849,224287.0,0.0,803.2327532178175,775.9691897899077,256.2106868931892
060190053043012,63,6533.0,0.0,25.528328663450367,26.119438125660352,7.462868634710014
060190053043013,122,16220.0,0.0,63.37835564524963,65.1440890720474,18.528659001224007
060190053043014,25,9245.0,0.0,36.12414343080866,31.59185092532941,10.560878697060168
060190053043015,110,11609.0,0.0,45.363200132996134,39.692125533223255,13.261356494772471
060190053043016,101,15959.0,0.0,62.359704119180805,64.20826678791488,18.230509802745615
060190053051000,108,32575.0,0.0,76.69235854336932,79.71258495761454,37.21153310510925
060190053051001,55,21380.0,0.0,50.13507388409229,73.0597964899404,24.423102925164564
060190053051002,299,97019.0,0.0,230.59217371884174,198.9191791594434,110.82811144511416
060190053051003,82,27835.0,0.0,65.2720412724944,104.37637084998984,31.796869500559197
060190053051004,76,21674.0,0.0,50.826392945811264,48.67081218480486,24.758949148737923
060190053051005,73,21738.0,0.0,50.97569640879447,48.98680832489469,24.832058530740284
060190053051006,84,24349.0,0.0,57.09829423174233,58.2558996979306,27.81469284961796
060190053051007,69,28267.0,0.0,66.28654069033391,70.73871759139797,32.29035782907515
060190053051008,80,21873.0,0.0,51.29127652607725,49.3529478063609,24.98627363340152
060190053051009,100,24000.0,0.0,56.280854768126375,57.319656287284275,27.41601825088632
060190053051010,77,28618.0,0.0,67.10934143508861,107.32514684036676,32.691317095994364
060190053051011,85,24585.0,0.0,66.76594707465959,58.88073501138997,28.084283695751676
060190053051012,130,55129.0,0.0,184.57063743174606,147.07170390687935,62.97573625637967
060190053051013,103,24094.0,0.0,71.06685829334953,57.469406431363524,27.523397655702293
060190053051014,83,19389.0,0.0,57.55532150195487,59.8552301309877,22.148715744434785
060190053051015,75,27742.0,0.0,65.05381126447764,103.67208339830209,31.690632429837013
060190053051016,0,4648.0,0.0,15.163382040684803,14.351438917118758,5.309568867921651
060190053051017,0,3856.0,0.0,13.514445943274652,11.905304591813744,4.404840265642402
060190053051018,0,2948.0,0.0,10.332801428392008,9.1024929033774,3.36760090848387
060190053051019,78,96143.0,0.0,225.45461657216902,145.2074360594718,109.82742677895682
060190053051020,0,7123.0,0.0,16.702898204726463,10.757752757279677,8.136845750044303
060190053051021,0,13198.0,0.0,30.949689171962692,19.933612714733254,15.076525369799903
060190053052000,471,114345.0,0.0,357.9127206878645,334.8379692220218,130.6201919540665
060190053052001,91,20861.0,0.0,59.687373708931425,84.0197247051312,23.830231530489147
060190053052002,444,228914.0,102661.0,874.5193390790761,529.7049088762328,261.4962667451413
060190053052003,79,19030.0,0.0,54.447808009173,46.51589594279425,21.73861780476528
060190053052004,73,18772.0,0.0,53.70801633713546,75.60280284923257,21.44389560856825
060190053052005,108,19570.0,0.0,55.99228052552247,34.624264925160446,22.35547821541022
060190053052006,82,22734.0,0.0,65.04580627384674,32.963845775633715,25.969823288152067
060190053052007,107,25213.0,0.0,72.13771567309306,36.557876214849266,28.801669506649866
060190053052008,0,32266.0,0.0,84.46616557945049,75.59761271058885,36.858551870129084
060190053052009,0,20500.0,0.0,53.889038112055914,49.25186586263907,23.417848922632064
060190053052010,216,78576.0,0.0,210.20752092536054,232.27355525477415,89.76004375340182
060190053052011,52,16673.0,0.0,47.64973126643349,61.18954707398226,19.046136345709485
060190053052012,67,19446.0,0.0,45.61006921281775,29.369447778399277,22.213828787780642
060190053052013,79,25171.0,0.0,76.54588131906706,67.65806005875612,28.753691474710816
060190053052014,104,25385.0,0.0,92.88800524508578,68.14563467940664,28.998150970781218
060190053052015,136,156075.0,0.0,446.55047768459036,293.6664156134003,178.2897936877951
060190054031000,910,163625.0,0.0,652.0618915627008,444.0376646630408,186.91441609588642
060190054031001,628,163171.0,0.0,659.4663079624348,643.9232269631038,186.39579641730717
060190054031002,250,336151.0,0.0,977.0160571393379,1084.6885665836257,383.9967479605703
060190054032000,133,29734.0,0.0,107.38349638540589,126.06314741599846,33.96616194466058
060190054032001,0,5520.0,0.0,19.935997525801756,16.903638660339613,6.305684197703854
060190054032002,80,22307.0,0.0,80.62362890701534,71.92433981801508,25.48204663010505
060190054032003,119,24024.0,0.0,86.77342066620808,73.51273781454785,27.443434269137207
060190054032004,109,23950.0,0.0,86.49573243391481,73.59589206182385,27.358901546196975
060190054032005,218,61356.0,0.0,224.5049243664847,128.05297026169868,70.08905065839087
060190054032006,111,28354.0,0.0,103.02759186486851,86.99243126208665,32.38974089523462
060190054032007,95,18394.0,0.0,67.44346672582574,38.38862195977186,21.01209332111679
060190054032008,66,18551.0,0.0,68.03942373380961,38.71651356229982,21.19143977384134
060190054033000,0,242994.0,0.0,788.7370281343606,734.667035368451,277.58033078566126
060190054033001,876,115952.0,0.0,418.7559042717702,491.5996318658364,132.45592284278212
060190054033002,246,21737.0,0.0,78.50361991890769,92.15953795179053,24.8309161966465
060190054033003,427,21180.0,0.0,76.48970626249597,89.79529854166614,24.194636106407177
060190054051000,90,25472.0,0.0,51.13479477978605,64.32679183945515,29.097534036940683
060190054051001,84,28041.0,0.0,61.298282883376544,68.23796956077746,32.032190323879306
060190054051002,225,101069.0,0.0,219.2311846442745,232.63328708287773,115.45456452495124
060190054051003,66,26296.0,0.0,58.94123452541811,60.52652769962932,30.03881733022111
060190054051004,68,30343.0,0.0,68.0128319551778,69.84211631146017,34.66184340777682
060190054051005,145,56461.0,0.0,126.55476554265523,133.1300623311067,64.49732526930386
060190054051006,103,29921.0,0.0,67.0659975482841,75.5561148688159,34.17977842019874
060190054051007,86,23362.0,0.0,52.363755985593656,58.99609248193082,26.68720909905026
060190054051008,82,25090.0,0.0,56.29444246014253,63.36021541769717,28.661162413114074
060190054051009,88,25742.0,0.0,57.14915476732313,65.00701820287021,29.405964242263153
060190054051010,485,84541.0,0.0,186.71077172058074,241.30947352754987,96.57406662284085
060190054051011,45,20706.0,0.0,46.41048953769693,47.658753726058706,23.653169745952173
060190054051012,152,31916.0,0.0,67.29106493545116,114.26937278987371,36.45873493730366
060190054051013,81,23999.0,0.0,53.792775595389195,60.60611016441305,27.414875916792536
060190054051014,87,113137.0,0.0,253.5901617703292,232.97575716486867,129.2402523687719
060190054052000,48,11544.0,0.0,21.804922557072988,27.8825763578151,13.18710477867632
060190054052001,41,15826.0,0.0,29.892747515345068,38.22470879957946,18.078579368271956
060190054052002,99,36318.0,0.0,88.9619638342876,87.71971388667167,41.487289618153724
060190054052003,33,31192.0,0.0,82.2174292152537,77.79270258215689,35.631685053401924
060190054052004,111,31826.0,0.0,83.82598314267537,80.37150761142058,36.355924868862836
060190054052005,98,31497.0,0.0,83.0359665190158,79.54169793669918,35.98009695200694
060190054052006,194,68542.0,0.0,167.7362532288604,173.0916588871836,78.29786345634376
060190054052007,75,220079.0,0.0,553.0412051973707,451.77137329524123,251.40374502653378
060190054052008,82,25452.0,0.0,74.23892357240861,61.4737561938474,29.074687355064942
060190054052009,83,25021.0,0.0,72.98229564045587,60.433201786564055,28.582341360642776
060190054052010,95,31883.0,0.0,92.99996912452666,77.00889443016212,36.42103791220869
060190054052011,74,31770.0,0.0,92.66885677232715,76.73471588564118,36.29195415961077
060190054052012,71,24785.0,0.0,72.29535779633565,59.86438091042911,28.312750514509062
060190054052013,112,38998.0,0.0,113.75057040095956,85.58825976078123,44.548744989502694
060190054052014,45,19121.0,0.0,55.7750540645716,37.695750631795136,21.84257020729989
060190054053000,0,7616.0,0.0,10.030709726631786,14.267294586967749,8.70001645828126
060190054053001,67,25353.0,0.0,29.931503492684335,47.49519874040258,28.961596279780036
060190054053002,60,26008.0,0.0,30.704314565865904,48.72249084960596,29.709825111210478
060190054053003,59,25964.0,0.0,30.530437154949226,48.638566989159486,29.65956241108385
060190054053004,126,54551.0,0.0,97.19909057078775,112.68699938365322,62.31546715017082
060190054053005,45,18781.0,0.0,25.16425615219724,39.36063860618708,21.454176615412333
060190054053006,81,23357.0,0.0,53.100274060822734,54.33155800759888,26.681497428581324
060190054053007,110,81488.0,0.0,187.8404893270366,196.8209004549717,93.08652063450936
060190054053008,76,30386.0,0.0,88.63149620221475,71.67482059562423,34.71096377380966
060190054053009,155,65561.0,0.0,110.94977974032797,153.85093120880094,74.89256552276493
060190054053010,71,26958.0,0.0,67.67799759266539,81.48025616223836,30.79504250030806
060190054053011,50,30729.0,0.0,16.39776962491114,57.56646280539764,35.10278436797857
060190054053012,47,23414.0,0.0,26.33421179373351,43.86159571938891,26.74661047192718
060190054053013,78,31012.0,0.0,90.45834854720745,73.15503398845102,35.426064916520275
060190054053014,55,18705.0,0.0,54.56149121297405,36.57146935654674,21.367359224284527
060190054053015,82,34970.0,0.0,102.00123810222956,74.00144943744138,39.94742325972894
060190054053016,52,28282.0,0.0,82.49483641644157,63.42225286678347,32.307492840481956
060190054053017,45,88260.0,0.0,88.61190066780196,265.7067859921357,100.82240711763444
060190054061000,118,174728.0,0.0,338.6800304821523,220.68653988349564,199.5977515392027
060190054061001,31,7683.0,0.0,14.51265423368597,10.430245636780366,8.776552842564984
060190054061002,94,35199.0,0.0,66.68625375807753,44.35770584428603,40.20901776720615
060190054061003,95,34444.0,0.0,65.06084466829311,55.263492230827524,39.34655552639702
060190054061004,0,7265.0,0.0,13.721968305797743,11.661203293473772,8.299057191362047
060190054061005,0,4771.0,0.0,9.011464589876708,12.048139739483284,5.450075961457443
060190054061006,67,17178.0,0.0,32.447380359101764,43.37962963243718,19.623015063071882
060190054061007,59,21771.0,0.0,41.12179077327823,45.0047568476531,24.869755555835255
060190054061008,53,21952.0,0.0,41.46340508403054,35.16788632131988,25.07651802681069
060190054061009,59,21931.0,0.0,42.29103675754057,45.295923427469994,25.052529010841162
060190054061010,60,21689.0,0.0,40.967137319881815,44.825346549356624,24.776084160144727
060190054061011,40,21965.0,0.0,43.35999216663638,55.447357805678564,25.09136837002992
060190054061012,132,56667.0,0.0,116.96885261877019,128.69857543489871,64.73264609262397
060190054061013,124,40893.0,0.0,84.11794885915224,67.00021360926047,46.71346809722893
060190054061014,98,33354.0,0.0,67.52358471378726,35.87071578875342,38.101411364169266
060190054061015,73,33808.0,0.0,69.92550012929763,66.79394608745795,38.62003104274853
060190054061016,0,9303.0,0.0,19.244608773200437,19.00026997255092,10.62713407449981
060190054061017,88,29033.0,0.0,60.051473069814094,62.83636421128681,33.16538574491594
060190054061018,80,25853.0,0.0,53.47509923867502,50.2488498716854,29.532763326673503
060190054061019,56,18650.0,0.0,35.94436206042448,47.09793681826772,21.304530849126245
060190054062000,313,264180.0,0.0,547.3661622175961,510.479416863524,301.7818208966312
060190054062001,0,10285.0,0.0,23.191772698086655,19.60826421946548,11.748906154598576
060190054062002,95,45199.0,0.0,95.30983019563394,103.34241592874739,51.632358705075454
060190054062003,53,21704.0,0.0,40.995667545842544,52.422329301773864,24.79321917155153
060190054062004,0,53577.0,0.0,106.80716360316339,87.91209558912274,61.20283374282235
060190054062005,31,31840.0,0.0,60.140867466600106,51.07767561608291,36.37191754617585
060190054062006,56,13407.0,0.0,25.323739233908178,21.507467259167502,15.315273195401371
060190054062007,99,44911.0,0.0,84.82993525522774,76.70686233992988,51.30336648606482
060190054062008,60,24368.0,0.0,46.02711713872713,55.441990112332974,27.83639719739991
060190054062009,55,31202.0,0.0,58.93588105766617,78.76231629465842,35.64310839433979
060190054062010,60,27665.0,0.0,52.25587345127231,66.01203460300118,31.60267270461542
060190054062011,75,30930.0,0.0,58.42218685880956,78.09115486436797,35.33239352082975
060190054062012,68,30804.0,0.0,58.1840677850075,77.7877413241118,35.188459425012596
060190054063000,120,81350.0,0.0,175.91224699758334,145.29172503568964,92.92887852956676
060190054063001,143,43718.0,0.0,97.81288318957289,79.44102031876298,49.94056191217701
060190054063002,43,15485.0,0.0,33.320161559168355,27.034967477185774,17.68904344229061
060190054063003,119,42514.0,0.0,95.78031778804251,74.22554052037255,48.565191663257544
060190054063004,63,24935.0,0.0,56.22728510059995,46.878861138974,28.4841006285771
060190054063005,47,13079.0,0.0,29.49377931291656,24.93650766273615,14.940587612639257
060190054063006,83,22857.0,0.0,51.54189229039863,43.577826307548555,26.11033038168786
060190054063007,83,19528.0,0.0,44.0365195727989,37.232156520762295,22.30750018347117
060190054063008,105,77389.0,0.0,173.7608938332513,138.05570326092234,88.40409318407673
060190054063009,109,39181.0,0.0,88.35193152932689,71.62012726833086,44.757792128665706
060190054063010,102,27058.0,0.0,61.016559661618096,57.43224873624121,30.90927590968675
060190054063011,66,23650.0,0.0,53.3301349972815,43.961963172126815,27.016201318060894
060190054063012,92,32251.0,0.0,72.72649697414371,60.15628780661779,36.84141685872228
060190054063013,70,30262.0,0.0,68.24174124611802,56.69192864290042,34.56931434618008
060190054063014,82,21603.0,0.0,47.7626887387937,52.17851547891041,24.67784342807905
060190054063015,66,16526.0,0.0,36.90625790684866,39.8212264629862,18.878213233922807
060190054063016,140,50581.0,0.0,114.05995876641781,110.74888940302671,57.780400797836705
060190054063017,84,27674.0,0.0,62.40428835309322,59.25255570645553,31.6129537114595
060190054063018,67,23976.0,0.0,54.067441464838616,44.916607892140966,27.388602232635435
060190054071000,111,136761.0,0.0,295.41169966421677,376.22869815013104,156.22675300039432
060190054071001,122,51865.0,0.0,109.00636703424439,146.81750293133467,59.24715777425913
060190054071002,96,43126.0,0.0,90.6395137590269,121.27706867421682,49.264300128655144
060190054071003,69,84808.0,0.0,178.245022120464,148.1425470803255,96.87906982588196
060190054071004,128,54780.0,0.0,116.02136429699279,109.75279125388457,62.57706165764803
060190054071005,34,17113.0,0.0,36.789210491381624,30.77314095614828,19.548763346975733
060190054071006,85,36363.0,0.0,77.771250981047,51.984055006988406,41.53869465237414
060190054071007,106,31422.0,0.0,66.04173103171942,79.63993876254906,35.894421894972915
060190054071008,81,21535.0,0.0,45.26017014840011,30.14073650925041,24.600164709701538
060190054071009,80,33299.0,0.0,69.9870111949961,46.006133189179536,38.03858298901098
060190054071010,64,33066.0,0.0,69.49554971836514,36.022271162694324,37.77241914515863
060190054071011,64,22720.0,0.0,47.752830728773446,21.382982494737483,25.953830610839052
060190054071012,66,41789.0,0.0,92.82715525689702,70.4278920515085,47.73699944526202
060190054071013,92,30424.0,0.0,63.94300751075852,28.404819221062812,34.75437246937356
060190054072000,594,130649.0,0.0,369.91104404261097,334.45345178997127,149.24480701916863
060190054072001,85,31156.0,0.0,81.12596783055659,81.88944674378584,35.59056102602559
060190054072002,79,37761.0,0.0,87.33118928728678,91.32094893545082,43.135677715488264
060190054072003,130,46818.0,0.0,133.49923412043694,111.70386041652893,53.481797602916494
060190054072004,61,17986.0,0.0,51.28590976886727,42.912861215278234,20.546021010851724
060190054072005,187,73537.0,0.0,209.6860498889813,163.26864557080515,84.00382225480948
060190054072006,41,22314.0,0.0,63.62785729338979,39.04717333938168,25.490042968761557
060190054072007,85,29948.0,0.0,85.39498969190346,71.45321897659507,34.21062144073098
060190054072008,100,38086.0,0.0,108.6004233222136,92.66058762847942,43.50693629596902
060190054072009,56,28374.0,0.0,80.9064558254077,35.3290918416309,32.41258757711035
060190054072010,123,47448.0,0.0,132.3666287916781,45.08845662649345,54.20146808200226
060190054072011,59,22279.0,0.0,63.5266381737487,21.170952291077082,25.450061275479015
060190054072012,107,37515.0,0.0,85.55332304621977,49.25742693762394,42.85466352841668
060190054072013,100,41468.0,0.0,87.15591012229858,40.81883317133801,47.370310201156414
060190054072014,79,28439.0,0.0,59.77180290156414,26.6947345669452,32.4868392932065
060190054072015,38,17680.0,0.0,37.15874592442699,16.50669090419567,20.196466778152924
060190054081000,21,1289657.0,0.0,690.47206405163,1289.8165844932146,1473.2191603909707
060190054081001,0,1272001.0,0.0,899.3472826936429,899.1314295829101,1453.0501096310688
060190054081002,0,29929.0,0.0,8.297481810725131,18.876149576685236,34.188917092949026
060190054081003,0,609843.0,0.0,458.6137265592421,162.99014519189294,696.6444507573028
060190054081004,674,355531.0,0.0,393.60004610255305,215.87904897485424,406.13518269816103
060190054081005,0,85793.0,0.0,83.95901964779404,61.61848713924547,98.00426890826209
060190054081006,0,23586.0,0.0,39.96322844367007,12.3386183306531,26.943091936058533
060190054081007,0,329418.0,0.0,369.43842673817755,302.55550296208946,376.3054125071029
060190054081008,27,200906.0,0.0,295.5778798019163,215.28815351856332,229.50177344635696
060190054081009,0,63764.0,0.0,85.37052230078393,86.47414459821078,72.83979115622981
060190054081010,1186,535350.0,0.0,1559.486535963413,939.8561020638367,611.548557108833
060190054081011,0,9605.0,0.0,37.53250210074245,13.026291245755107,10.972118970823463
060190054081012,0,35941.0,0.0,106.39724847500906,48.741386546125,41.056629664796056
060190054081013,0,7619.0,0.0,29.772209368975123,10.332950071617985,8.70344346056262
060190054081014,0,57201.0,0.0,223.51373280579722,77.57423081304796,65.34265249870619
060190054081015,0,51474.0,0.0,203.6323117425143,132.05402614645408,58.80050514358844
060190054091000,72,37132.0,0.0,108.65829424518157,66.28750221273769,42.417149570496285
060190054091001,201,81210.0,0.0,245.61813190326922,144.97367179741235,92.76895175643659
060190054091002,98,39986.0,0.0,114.7074180284736,71.38388765849447,45.677371074164185
060190054091003,163,70608.0,0.0,217.20845682549455,126.04993858339081,80.65792569410756
060190054091004,216,365917.0,0.0,1141.7748077531737,574.9982512733545,417.9994645962321
060190054091005,187,79745.0,0.0,287.9959848653986,185.47523003411854,91.09543230903874
060190054091006,45,16347.0,0.0,59.03499184039209,29.181789422847807,18.673735431134947
060190054091007,108,34514.0,0.0,118.44552891644311,61.614978116165695,39.4265189129621
060190054092000,819,156159.0,0.0,438.97022769787503,634.4412692710256,178.38574975167322
060190054092001,1255,144455.0,0.0,427.639176488684,574.6868825988413,165.01587151799097
060190054092002,88,25531.0,0.0,74.53278195450497,104.76426694565191,29.16493174847411
060190054092003,225,101531.0,0.0,297.5913174682117,253.16725895710422,115.98232287628079
060190054092004,127,53078.0,0.0,167.7307050164424,113.50260731305212,60.63280903002267
060190054092005,75,23121.0,0.0,68.44500182625804,59.36904461997159,26.41190658244761
060190054092006,59,64222.0,0.0,209.47393176741798,166.44182399569257,73.36298017118422
060190054092007,0,8450.0,0.0,29.044508812495632,33.11263761597903,9.652723092499558
060190054101000,42,45852.0,0.0,168.17538579082913,95.69693932578333,52.378302868318315
060190054101001,107,33575.0,0.0,123.1446042220498,70.07304703431655,38.353867198896175
060190054101002,99,32486.0,0.0,119.14923902733602,120.23973797056159,37.10986537076221
060190054101003,137,34752.0,0.0,85.0466899671594,99.50957649006088,39.69839442728339
060190054101004,69,141120.0,0.0,310.62690073294107,423.949267306547,161.20618731521157
060190054101005,51,11418.0,0.0,29.78022663709236,23.829987247365146,13.043170682859166
060190054101006,50,19983.0,0.0,40.63976559255731,93.87884768998914,22.827262196144222
060190054101007,40,20094.0,0.0,73.70066682635932,41.93793407035245,22.954061280554573
060190054101008,51,20446.0,0.0,58.53914645912995,96.05263046816975,23.35616288156757
060190054101009,34,20254.0,0.0,40.8422695550343,95.15073130361232,23.13683473556048
060190054101010,37,20563.0,0.0,38.739499638895964,96.60519114890013,23.489815970540644
060190054101011,22,41717.0,0.0,78.59156358944675,195.9847983071631,47.65475139050936
060190054101012,61,18294.0,0.0,67.0969625041241,38.18022429089424,20.8978599117381
060190054101013,72,25065.0,0.0,84.8359337096883,52.31148249180206,28.632604060769403
060190054102000,94,59291.0,0.0,139.76843276282744,87.29337212173621,67.73013075472088
060190054102001,90,24859.0,0.0,58.75317239868843,36.59966960642509,28.397283237449294
060190054102002,60,24860.0,0.0,58.75322257006529,36.60102374403348,28.39842557154308
060190054102003,59,25260.0,0.0,59.77710747260333,85.94708240979573,28.855359209057852
060190054102004,70,26048.0,0.0,60.65357480800676,93.26289535393965,29.755518474961953
060190054102005,344,108345.0,0.0,270.38385072782614,387.9075872747607,123.76618739134493
060190054102006,54,12828.0,0.0,41.969076673172715,45.92654864725642,14.653861755098738
060190054102007,76,19208.0,0.0,70.44101701270912,54.43575632071555,21.94195327345935
060190054102008,79,21441.0,0.0,77.51489480112181,31.566917713760358,24.492785304885565
060190054102009,77,25855.0,0.0,93.97521144636468,38.066975598456885,29.535047994861078
060190054102010,85,25796.0,0.0,94.03132315029889,37.97954283926722,29.467650283327647
060190054102011,101,31901.0,0.0,117.00345220744465,92.83815023259989,36.44159992589685
060190054102012,16,80243.0,0.0,294.30778174744114,287.2908165783958,91.66431468774462
060190054102013,189,17908.0,0.0,65.68097113971649,64.11498778711875,20.456918951536345
060190054102014,188,36891.0,0.0,135.30799696538128,144.63342043021208,42.141847053893635
060190054102015,31,8375.0,0.0,30.716174257431238,30.135983965868917,9.56704803546554
060190054102016,163,18914.0,0.0,69.37235758838459,80.29434472817405,21.606107049885996
060190054102017,54,38124.0,0.0,137.4261238111293,179.10191765251093,43.550344991532924
060190054102018,95,21180.0,0.0,77.6834715119765,99.50270942582031,24.194636106407177
060190054102019,64,21417.0,0.0,78.55369854457413,100.61736027591405,24.46536928663468
060190054102020,71,29399.0,0.0,107.54614432648134,138.1141120541738,33.583480023241954
060190054102021,157,22189.0,0.0,50.912729874839876,104.24396080770903,25.34725120703819
060190054102022,89,29194.0,0.0,98.46183476055178,137.15058754806876,33.34930153401564
060190054102023,0,8413.0,0.0,30.85663413128817,16.901226364429995,9.610456731029442
060190054102024,0,1837.0,0.0,6.697052586672221,2.704955745874966,2.0984677302865906
060190054102025,94,25658.0,0.0,93.80553812559963,37.77619479512349,29.31000817838505
060190054102026,73,24209.0,0.0,88.78621750622023,35.642984300867255,27.65476607648779
060190054102027,72,23469.0,0.0,86.07834571354628,40.88485560952498,26.80943884708546
060190055091003,79,24010.0,0.0,55.302189879110514,29.29105482250203,27.42744159182419
060190055091006,77,15550.0,0.0,40.73353101236337,26.61657150421852,17.76329515838676
060190055091007,54,21106.0,0.0,47.42439851491914,25.74849148681971,24.110103383466946
060190055091017,88,29394.0,0.0,75.88358151579115,101.29168809352959,33.57776835277302
060190055091018,111,29583.0,0.0,75.98749630229732,101.94392408054573,33.79366949649875
060190055091019,88,206189.0,0.0,476.3252271935912,552.7484475500671,235.5367244638333
060190055091020,78,23119.0,0.0,60.56170816481492,39.57292667058881,26.409621914260036
060190055091021,96,22891.0,0.0,50.38204488553435,39.18301677731382,26.149169740876616
060190055091022,80,22738.0,0.0,59.56473967991372,38.92147607678267,25.974392624527216
060190055091023,107,23380.0,0.0,61.24658066692082,40.02044392407813,26.707771112738424
060190055091024,226,95173.0,0.0,132.75848852536623,116.10713785169231,108.71936270798349
060190055092000,142,33824.0,0.0,112.47632212309874,94.9380569420146,38.63830838824912
060190055092001,52,13510.0,0.0,47.29068642889645,46.55434226049151,15.432933607061425
060190055092002,145,38775.0,0.0,135.731488804165,133.6180686405533,44.294004486588214
060190055092003,95,18002.0,0.0,63.01544990458914,62.03426179841893,20.564298356352314
060190055092004,83,13354.0,0.0,46.74725945463474,46.019376768049334,15.254729488430664
060190055092005,84,13513.0,0.0,47.302864502200514,46.56633071393726,15.436360609342785
060190055092006,31,10654.0,0.0,37.29556043899135,36.70906562104401,12.170427435205953
060190055092007,338,40063.0,0.0,140.242326691339,137.04022868956352,45.76533079938578
060190055093000,19,85540.0,0.0,84.32007424130607,104.64024594129857,97.71525838253399
060190055093001,0,5077.0,0.0,4.7640944290895195,8.219888708863856,5.799630194156244
060190055093002,820,245382.0,0.0,267.490112803519,431.0109923084251,280.3082246016245
060190055093003,36,14756.0,0.0,13.843979689759804,35.20633584096867,16.85628188791994
060190055093004,82,234962.0,0.0,220.44041897170501,357.93006290792886,268.40510334436465
060190055093005,224,75869.0,0.0,182.8060466623876,135.85534983973653,86.6677453615206
060190055093006,98,36850.0,0.0,109.38426738580338,63.07730719542318,42.095011356048374
060190055093007,44,13613.0,0.0,12.771310101082785,23.3012597513838,15.550594018721478
060190055093008,162,68891.0,0.0,231.0780866172513,153.95521355380512,78.6965380550754
060190055093009,15,155241.0,0.0,493.5413137321689,377.8996757429129,177.3370870535768
060190055093010,303,87099.0,0.0,304.89228163458444,238.49647717314573,99.49615723474781
060190055093011,260,44614.0,0.0,156.17218905250274,126.29303643281224,50.9640932602101
060190055093012,0,43000.0,0.0,134.92974904183407,121.72450613810224,49.12036603283799
060190055131007,114,47181.0,0.0,14.893486673334506,98.4911742444655,53.89646487896115
060190055131008,92,48067.0,0.0,38.307151996533236,102.66893300598912,54.90857288605637
060190055131009,208,76991.0,0.0,18.340581771309516,166.01292684306318,87.94944421474953
060190055131010,69,31009.0,0.0,0.0,67.61995890691087,35.42263791423891
060190055131011,110,52134.0,0.0,0.0,113.68573700268279,59.55444564548781
060190055131012,59,19071.0,0.0,0.0,41.586610255410946,21.785453502610544
060190055131013,72,33589.0,0.0,0.0,73.24652593567565,38.36985987620919
060190055131014,164,71525.0,0.0,0.0,155.9713403820658,81.70544605811017
060190055132009,220,216363.0,0.0,131.11090039087415,450.32884725531943,247.15883153402154
060190055132010,110,38586.0,0.0,43.16931182961557,83.52643807737398,44.078103342862484
060190055132011,20,8858.0,0.0,7.296158158497663,19.31528613413046,10.118795402764626
060190055132012,60,21731.0,0.0,24.428319311017983,35.75293567617918,24.824062192083776
060190055132013,0,5912.0,0.0,6.646486299207372,4.404079452447561,6.753479162468331
060190055132014,0,11039.0,0.0,12.29272622391926,3.865087565886861,12.61022606131392
060190055132015,7,282559.0,0.0,249.38818127591605,153.88504661990885,322.7767792063412
060190055141003,54,19881.0,0.0,44.41586185073,47.69326518776224,22.710744118577956
060190055141005,58,25342.0,0.0,51.92421797937399,60.79388098463963,28.94903060474838
060190055141008,108,38929.0,0.0,84.96930294325094,70.10645836471356,44.469923937031396
060190055141009,124,52959.0,0.0,104.92087875099512,127.0449357925188,60.49687127286203
060190055141010,65,18479.0,0.0,28.378010356101722,44.328568671568924,21.10919171908868
060190055141011,90,49446.0,0.0,75.16222394004015,118.61694397874376,56.483851601388544
060190055142006,238,96996.0,0.0,193.2468452736234,204.67778353898382,110.80183776095707
060190055142007,37,11036.0,0.0,24.131907913924664,23.193074557520177,12.60679905903256
060190055142008,173,46596.0,0.0,80.68135757307225,103.69968226436254,53.22819943409579
060190055142009,86,73869.0,0.0,95.43177870412907,170.44084254673513,84.38307717394673
060190055142010,141,51586.0,0.0,71.82161580562126,107.4727932628926,58.928446562092574
060190055142011,73,24769.0,0.0,54.16227598594728,51.602319175505215,28.29447316900847
060190055142012,90,40435.0,0.0,50.35839411074795,84.23982432442133,46.190279082274515
060190055142013,67,25772.0,0.0,28.971252010538684,53.69195483209762,29.44023426507676
060190055143000,102,367530.0,0.0,455.31194295592957,640.6248965245372,419.8420494895104
060190055143001,0,14971.0,0.0,22.65612823139446,11.151593440514059,17.101883718084128
060190055143002,76,23164.0,0.0,32.70052262692619,51.72197057784196,26.46102694848045
060190055143003,76,23431.0,0.0,35.02350018749556,52.370647916878426,26.76603015152156
060190055143004,48,11611.0,0.0,17.83172001175935,27.85447658783816,13.263641162960045
060190055143005,0,49195.0,0.0,75.5499583353933,39.91569651833157,56.19712574384803
060190055143006,81,38704.0,0.0,59.438492454481185,92.84735826930417,44.21289876592934
060190055143007,344,144029.0,0.0,213.80789620927197,245.44643482225214,164.52923719403773
060190055143008,30,15159.0,0.0,23.279706697830044,36.36463811448484,17.316642527716073
060190055143009,161,67816.0,0.0,104.14668524077562,162.68488983828067,77.46852890425444
060190055143010,127,111156.0,0.0,162.61474103921503,153.7772642143313,126.97728852898
060190055143011,69,29120.0,0.0,40.44800954200602,43.41868009221932,33.264768811075406
060190055143012,0,88586.0,0.0,122.18830653484129,71.70112078876201,101.19480803220898
060190055143013,0,86846.0,0.0,98.95198133943614,61.97595850507433,99.20714670901972
060190055143014,0,119892.0,0.0,176.25285572954485,111.6195391325001,136.95671917230263
060190055143015,0,150501.0,0.0,172.11611464276524,206.42090787138523,171.92242344902675
060190055261000,144,59572.0,0.0,208.53342696681423,205.2864372430473,68.051126635075
060190055261001,68,12833.0,0.0,44.92240841614342,44.222939747663276,14.659573425567674
060190055261002,107,29477.0,0.0,102.06769414891164,90.8594373611719,33.672582082557334
060190055261003,586,281259.0,0.0,562.9666449238501,641.2653903918751,321.29174488441816
060190055261004,65,4897.0,0.0,8.29202773220175,14.355824754743267,5.5940100572745965
060190055261005,124,31185.0,0.0,52.81023362148128,65.7654609231015,35.62368871474541
060190055261006,225,18321.0,0.0,44.61208770655048,41.33024028806168,20.928702932270344
060190055261007,63,11521.0,0.0,30.26953719552123,32.61228181716836,13.16083109451922
060190055261008,213,33531.0,0.0,84.89345684171971,94.91835603742582,38.30360449876955
060190055261009,0,113601.0,0.0,211.1825490768689,262.98769656452475,129.77029538828904
060190055271009,72,30744.0,0.0,78.28776009460385,37.86193002441685,35.11991937938538
060190055271010,69,30315.0,0.0,77.19585132519722,68.38859881292538,34.629858053150784
060190055271011,53,30468.0,0.0,77.44095671172296,68.73268680316113,34.80463516950019
060190055271012,57,30520.0,0.0,76.22415311448249,68.85054591970164,34.86403654237711
060190055271013,229,103476.0,0.0,283.2683772970413,233.43324957522762,118.20416268869637
060190055271014,50,30746.0,0.0,97.16912609308046,85.76155153522747,35.12220404757295
060190055271015,227,76036.0,0.0,225.57117284848357,257.5494988046521,86.85851515518301
060190055271016,30,8968.0,0.0,22.83691572484018,30.904274568364766,10.24445215308119
060190055271017,42,9625.0,0.0,33.69269048498576,33.16807521652705,10.994965652699202
060190055271019,45,30974.0,0.0,97.60823077121964,106.73706966565496,35.38265622095637
060190055272000,24,142955.0,0.0,242.08557856366835,330.3826511144684,163.30237037731058
060190055272001,328,154349.0,0.0,342.28112312816864,372.9149881110652,176.31812504191888
060190055272002,0,194408.0,0.0,467.414209979044,381.7444903953668,222.0788865049295
060190055272003,0,101239.0,0.0,177.83124973722173,179.1871060046012,115.648761320895
060190055272004,6,55984.0,0.0,101.1630797122772,97.74381791738477,63.95243190656749
060190055272005,0,5332.0,0.0,11.60134557990581,9.309497779927401,6.090925388071911
060190055272006,0,12006.0,0.0,27.525863813444257,22.689650495517313,13.714863130005883
060190055272007,146,55386.0,0.0,138.46737879332346,105.59655844868097,63.269316118482905
060190055273002,0,2425.0,0.0,5.518278734771449,5.4703177752362855,2.7701601774333056
060190055273003,41,7066.0,0.0,11.966321591150779,17.11979645144656,8.071732706698448
060190055273004,60,29308.0,0.0,66.73121003042542,69.49496452865726,33.479527620707344
060190055273005,112,30483.0,0.0,69.36798423539405,58.89459790443583,34.82177018090699
060190055273006,50,28676.0,0.0,65.25786481451877,66.51123673233305,32.757572473434
060190055273008,23,7283.0,0.0,12.333137072918953,17.663898941450327,8.319619205050211
060190055273009,52,18887.0,0.0,42.98074049817255,39.265609821263,21.575264029353747
060190055273010,156,95754.0,0.0,182.2150653296809,235.11640285242353,109.38305881647369
060190055273011,44,12384.0,0.0,20.970927586716847,30.407181371936943,14.146665417457342
060190055273012,37,11790.0,0.0,19.965990836671374,28.95005488577651,13.468118965747905
060190055273013,39,11300.0,0.0,19.135453732439963,27.745802367138086,12.90837525979231
060190055273014,0,1971.0,0.0,4.720045863954114,4.44544461150764,2.2515404988540393
060190055273015,0,2915.0,0.0,7.421915685902779,6.575151456369619,3.329903883388901
060190055273016,81,28809.0,0.0,67.07769204420093,65.2943661909654,32.909502907907665
060190056021001,62,26211.0,0.0,28.975692761389585,51.976157988993485,29.941718932249223
060190056021002,36,17065.0,0.0,18.865264254234646,34.058519548706855,19.49393131047396
060190056021003,62,77052.0,0.0,126.15460823536503,153.77822858126285,88.01912659447053
060190056021004,18,11967.0,0.0,13.590404511126877,23.88386805121269,13.670312100348191
060190056021005,34,15391.0,0.0,17.584991261992833,30.716510569549964,17.58166403747464
060190056021006,17,16891.0,0.0,19.259564115192216,31.037012564123536,19.295165178155035
060190056021008,81,18165.0,0.0,36.90693420827056,33.64446548460005,20.750498813639584
060190056021009,74,18063.0,0.0,36.29470581642376,36.04880800631982,20.63398073607332
060190056021010,27,14201.0,0.0,26.27523934222199,28.3422840006599,16.222286465868194
060190056021011,41,13830.0,0.0,25.05567171296973,27.601900548569766,15.798480517073243
060190056021012,54,17716.0,0.0,32.72646682644903,35.35766353308999,20.23759080552925
060190056021013,36,18165.0,0.0,36.59757633149585,33.65932865006227,20.750498813639584
060190056021014,11,18056.0,0.0,33.54930689627657,33.46672634097114,20.625984397416808
060190056021015,5,17821.0,0.0,32.284648545454885,35.56550662882043,20.35753588537688
060190056021016,34,9308.0,0.0,16.863214932572088,18.576902939587686,10.632845744968744
060190056021017,22,4509.0,0.0,8.167964313913131,8.998016148183938,5.1507844288852676
060190056021018,44,16769.0,0.0,30.379796752415402,33.467078362615744,19.15580041871303
060190056021019,29,14589.0,0.0,26.430215959909546,29.11612990303574,16.665512094257522
060190056021020,35,14167.0,0.0,25.666284712119246,28.274565782584013,16.183447106679438
060190056021021,46,19816.0,0.0,35.89951154070782,39.54772231374371,22.636492402481807
060190056021022,53,86410.0,7663.0,149.83103835928608,182.59674029258036,98.70908904412862
060190056021023,47,17813.0,0.0,32.27123617049137,35.55073125005173,20.348397212626583
060190056021024,36,17266.0,0.0,31.280765933479795,40.07667203430561,19.723540463325133
060190056021025,21,13443.0,0.0,24.353225176887598,31.31838686657791,15.3563972227777
060190056021026,14,17702.0,0.0,32.070626056322446,41.26457185733347,20.221598128216236
060190056021027,0,18090.0,0.0,32.77279587852149,36.528071380896016,20.664823756605564
060190056021029,82,30267.0,0.0,54.83423752346554,70.47494437538998,34.57502601664901
060190056021030,34,14635.0,0.0,26.51322257217741,29.207571884034607,16.71805946257172
060190056021031,30,15244.0,0.0,27.616588634209464,35.48138971083962,17.41374092568796
060190056021032,50,31977.0,0.0,57.93165728801392,85.61101703215495,36.52841731702466
060190056021033,0,7267.0,0.0,13.166134449881891,19.456825739209286,8.30134185954962
060190056022001,16,12362.0,0.0,22.39543773418533,27.169768836368974,14.121534067394029
060190056022002,8,12238.0,0.0,22.17082510042607,32.763897567318786,13.97988463976445
060190056022003,19,9172.0,0.0,16.616776090440748,24.55616095748326,10.477488308213722
060190056022004,14,9534.0,0.0,17.272511330499608,25.52520212483958,10.89101325016459
060190056022005,5,13372.0,0.0,24.225573547434067,35.80039112763665,15.27529150211883
060190056022006,0,12951.0,0.0,23.462857995682903,28.659130871512005,14.79436884863453
060190056022008,14,17856.0,0.0,32.34885627939428,39.3415429869989,20.39751757865942
060190056022009,17,17815.0,0.0,32.27536717869481,47.69632250493182,20.350681880814157
060190056022010,16,12948.0,0.0,23.45766304321794,34.665578102544416,14.79094184635317
060190056022011,45,24472.0,0.0,44.33561053568502,65.51886975770731,27.95519994315375
060190056022012,75,32343.0,0.0,58.59469300426988,86.59084679457848,36.94651159535068
060190056022013,37,45112.0,0.0,93.38155990588018,120.77641483580287,51.532975638915985
060190056022014,16,12977.0,0.0,27.25842871313574,34.74390578942865,14.824069535072992
060190056022015,18,17612.0,0.0,36.942746295340584,47.15090764009784,20.11878805977541
060190056022016,0,17610.0,0.0,36.97478875620518,38.85696894152579,20.116503391587838
060190056022017,33,18001.0,0.0,39.18733779325618,39.82423820176771,20.56315602225853
060190056022018,27,17870.0,0.0,38.90203717361516,47.84192156201466,20.41351025597244
060190056022019,58,14062.0,0.0,30.612941813893165,37.64795027331193,16.06350202683181
060190056022020,155,51676.0,0.0,220.79228116092253,139.88856876144789,59.0312566305334
060190056022021,56,27603.0,0.0,129.36740137909158,75.8530394041114,31.531847990800628
060190056022022,16,14203.0,0.0,29.778591187488196,38.025295903274696,16.22457113405577
060190056022023,23,9716.0,0.0,21.050690743413007,26.01141871815468,11.098918055233812
060190056022024,41,13089.0,0.0,56.19741165716443,35.04215073051015,14.952010953577128
060190056022025,69,14091.0,0.0,61.117075196466736,37.72554468875713,16.096629715551632
060190056022026,149,34311.0,0.0,164.7242844386071,91.85906173310084,39.194625091923356
060190056022027,46,9875.0,0.0,33.721772833689506,26.4368226611296,11.280549176145934
060190056022028,35,16138.0,0.0,35.13103553763786,34.078306489899234,18.434987605533475
060190056022029,61,31124.0,0.0,80.6831622302629,85.60277015509362,35.55400633502441
060190056022030,70,25111.0,0.0,98.72555209174914,69.08240289451945,28.6851514290836
060190056022031,25,24211.0,0.0,52.707277798683414,50.04354038837661,27.657050744675363
060190056022032,261,50006.0,0.0,240.17037072531073,138.30830483256955,57.123558693909224
060190056023000,99,65550.0,0.0,254.87424990415482,133.43123438054093,74.87999984773326
060190056023001,0,23810.0,0.0,112.81141742716929,72.11782955867541,27.198974773066805
060190056023002,0,38932.0,0.0,186.98508085909893,117.92026124602855,44.47335093931276
060190056023003,155,23892.0,0.0,114.7517712098328,72.36705076863633,27.292646168757333
060190056023004,64,14115.0,0.0,67.7938248327178,42.75349401359777,16.124045733802518
060190056023005,86,20098.0,0.0,96.52592276722974,60.873102695839094,22.95863061692972
060190056023006,50,18175.0,0.0,87.29348436891557,55.0507582453348,20.761922154577455
060190056023007,108,27849.0,0.0,133.75321549032253,84.35012055854985,31.812862177872216
060190056023008,57,17929.0,0.0,86.11064608334239,54.304813173108954,20.480907967505868
060190056023009,114,21115.0,0.0,101.41155382834467,63.9541768030964,24.120384390311028
060190056023010,37,9276.0,0.0,44.55091260596376,28.095585108220106,10.596291053967564
060190056023011,53,17796.0,0.0,85.47044899746467,53.90107931761205,20.32897753303221
060190056023012,69,18038.0,0.0,86.6333147868427,54.6344289359212,20.605422383728644
060190056023013,50,22132.0,0.0,62.448714350155996,67.03524833405862,25.282138163692334
060190056023014,20,15053.0,0.0,41.59111858171909,31.14707189345203,17.19555511377466
060190056023015,30,48947.0,0.0,34.33204562817901,100.2606408457849,55.913826888588865
060190056023016,255,109978.0,0.0,106.63104642782038,333.11075207884704,125.63161896649899
060190056023017,54,13580.0,0.0,9.525216740941804,41.132320006313904,15.51289699362651
060190056023018,55,16008.0,0.0,28.116852107496484,48.48704701557069,18.286484173341176
060190056023019,50,16028.0,0.0,27.873004209130816,48.54665746643809,18.309330855216913
060190056023020,50,21586.0,0.0,41.83311085102973,65.3801559227604,24.658423748484672
060190056023021,0,21180.0,0.0,62.956370376549614,64.15169943852344,24.194636106407177
060190056023022,55,32005.0,0.0,39.85117533642793,96.9403760757691,36.5604026716507
060190056024000,0,31160.0,0.0,34.44596566088697,5.529607961285053,35.59513036240074
060190056024001,0,18648.0,0.0,20.61395600901009,4.849512896703502,21.30224618093867
060190056024002,191,448060.0,0.0,488.1906371580827,323.47184598415004,511.8342140621719
060190056024003,20,10714.0,0.0,11.534349694600522,19.556985183214415,12.238967480833168
060190056024004,0,20184.0,0.0,22.313060541372916,3.5819137261206344,23.056871348995397
060190056024005,132,52412.0,0.0,56.423602227761755,95.55807729822021,59.87201452356058
060190056024006,0,14353.0,0.0,15.539451221139178,28.632206242189554,16.395921248123805
060190056024007,0,9875.0,0.0,10.702364125506953,19.70817620782485,11.280549176145934
060190056024008,0,18430.0,0.0,31.233707056839002,34.28512413119724,21.05321734849312
060190056024009,96,77993.0,0.0,118.84077260859647,142.61563432778254,89.09406297672403
060190056024010,33,12712.0,0.0,16.298005071234286,23.176645601281,14.521351000219454
060190056024011,318,88540.0,0.0,212.39542836939344,238.27987045955297,101.14226066389479
060190056024012,203,51406.0,0.0,99.46679436583966,112.24212245757961,58.722826425210926
060190056024013,377,20531.0,0.0,44.464746488952294,73.51949719361002,23.45326127953946
060190056024014,0,12836.0,0.0,23.612502219508976,39.67617333124914,14.663000427849035
060190056051000,208,189597.0,0.0,435.5443126661195,317.8594260683886,216.58311717972057
060190056051001,77,30978.0,0.0,86.68189362581052,57.57162399935068,35.38722555733152
060190056051002,122,48467.0,0.0,111.88994033170619,79.77559871146178,55.365506523571135
060190056051003,42,23785.0,0.0,67.82136217321774,52.050182117946406,27.17041642072213
060190056051004,72,31768.0,0.0,90.58394689645063,51.56054271286911,36.28966949142319
060190056051005,158,67365.0,0.0,179.7344129876087,109.66091294867002,76.95333622795654
060190056051006,29,10774.0,0.0,30.722215537792074,17.860525480280035,12.307507526460384
060190056051007,65,48210.0,0.0,137.46740313716353,63.64936095562339,55.0719266614679
060190056051008,33,13323.0,0.0,37.9897599921458,14.097383767749234,15.219317131523269
060190056051009,110,45825.0,0.0,78.65372878773502,62.092597155143466,52.34745984778607
060190056051010,57,24300.0,0.0,28.827324829311543,31.493536714793713,27.7587184790224
060190056051011,85,36450.0,0.0,54.015445796469024,60.42318033679619,41.6380777185336
060190056051012,69,22172.0,0.0,26.302389659442344,36.75400040877643,25.327831527443813
060190056051013,63,21877.0,0.0,25.952877204943444,36.265604446970215,24.99084296977667
060190056051014,73,26669.0,0.0,45.26376735613769,44.20986420066017,30.46490794720364
060190056051015,80,23683.0,0.0,67.53121731222214,39.25963692415245,27.053898343155865
060190056051016,35,13509.0,0.0,38.52162073309153,22.394751700075826,15.431791272967638
060190056051017,29,18213.0,0.0,39.06723066527408,30.192916128768964,20.805330850141356
060190056051018,0,105059.0,10445.0,136.7901377868689,126.8153833924882,120.01247755916108
060190056051019,0,117357.0,0.0,61.582975263946174,93.88730402289461,134.06090224455275
060190056051020,58,24252.0,0.0,34.88863824802702,24.27097029553194,27.703886442520627
060190056061000,61,94369.0,0.0,101.59222743531997,70.75910734918075,107.8009260965788
060190056061001,13,34394.0,0.0,37.02660674374996,32.020790877302545,39.28943882170767
060190056061002,0,149883.0,0.0,253.05097013882576,172.57750364345753,171.21646097906643
060190056061003,68,29844.0,0.0,57.95260356793486,45.461112077176836,34.09181869497714
060190056061004,29,8182.0,0.0,15.88923498455599,12.464363082613435,9.34657755536466
060190056061005,69,22198.0,0.0,43.106275075819156,21.133079966702468,25.357532213882273
060190056061006,46,12081.0,0.0,23.459203389477057,11.24726444401723,13.800538187039901
060190056061007,33,11237.0,0.0,21.820647539359022,15.07922702794816,12.836408211883732
060190056061008,249,112647.0,0.0,218.7465580145785,173.24408003514375,128.6805086628163
060190056061009,45,25625.0,0.0,49.76054028224703,44.38627445581805,29.272311153290083
060190056061010,87,36166.0,0.0,70.22906210896265,53.77269292464013,41.31365483589811
060190056061011,39,11862.0,0.0,23.03482155537091,11.043799107441906,13.550367020500564
060190056061012,301,170853.0,0.0,267.8668255591497,208.39993843209942,195.17120692577836
060190056061013,47,25490.0,0.0,47.926929928443705,43.949583789134586,29.118096050628846
060190056061014,50,27835.0,0.0,54.051795748376634,43.29848690766987,31.796869500559197
060190056061015,70,17901.0,0.0,30.63990552108327,16.66603311562415,20.448922612879834
060190056061016,108,112526.0,0.0,121.15443794266191,143.77507454670143,128.5422862374681
060190056061017,63,19426.0,0.0,20.913422864367053,14.470269467553173,22.190982105904904
060190056061018,61,15309.0,0.0,16.48036934418661,11.73378196449571,17.48799264178411
060190056061019,58,18478.0,0.0,19.89277901150713,13.7640727021041,21.108049384994892
060190056061020,34,25375.0,0.0,49.2756595423755,49.62729800323227,28.98672762984335
060190056061021,75,25750.0,0.0,47.69213796096197,50.359670892170165,29.41510291501345
060190056061022,96,62905.0,0.0,77.02633430125564,114.89212913668922,71.85852616966683
060190056061023,76,27928.0,0.0,54.23193275845525,48.51345568120931,31.90310657128138
060190056061024,114,56004.0,0.0,118.35564101662686,92.83725671271662,63.97527858844323
060190056062000,216,140041.0,0.0,312.9715568950191,255.5750986427041,159.97360882801547
060190056062001,45,13058.0,0.0,19.898677136928917,23.80751209475823,14.916598596669733
060190056062002,307,155633.0,0.0,396.2112261205672,304.37522690390836,177.78488201834128
060190056062003,189,83683.0,0.0,200.96766248010155,163.65982940048008,95.59394397037167
060190056062004,111,56068.0,0.0,131.95891675778165,109.65254012791799,64.04838797044559
060190056062005,52,19637.0,0.0,44.411940779916335,37.23919005930224,22.432014599693947
060190056062006,149,102043.0,39571.0,219.084732800106,240.20691199017932,116.5671979322997
060190056062007,59,25579.0,0.0,30.34513541808719,25.08017269657474,29.219763784975882
060190056062008,66,30643.0,0.0,36.351899759729825,33.284170866218865,35.004543635912896
060190056062009,89,40863.0,0.0,48.47503573033002,40.208394534158025,46.679198074415325
060190056062010,93,40578.0,0.0,48.13778357858456,87.18004569037086,46.353632857686044
060190056062011,103,101963.0,0.0,219.58089347214982,199.41061892149406,116.47581120479674
060190056062012,198,44506.0,0.0,53.361724618406306,104.01981151114518,50.84072117808111
060190056062013,544,181283.0,0.0,464.654839820626,420.729151072505,207.08575152397603
060190056062014,0,13319.0,0.0,35.33075574479093,38.864172320704355,15.21474779514812
060190056062015,62,53798.0,0.0,142.71821247737398,191.87470094346187,61.45528957754926
060190056071000,740,280237.0,0.0,949.8331591963486,1020.2384254251539,320.12427944056793
060190056071001,136,39279.0,0.0,139.03834612621307,94.4242527374578,44.86974086985683
060190056071002,104,16268.0,0.0,58.25304727197863,39.10528790197196,18.58349103772578
060190056071003,0,22879.0,0.0,66.87747447505913,59.20681405742902,26.13546173175117
060190056071004,0,13218.0,0.0,30.962993718274493,33.11924058684011,15.09937205167564
060190056071005,0,287697.0,0.0,602.6240793347094,641.66384131379,328.6460917802184
060190056071006,0,37812.0,0.0,53.33602956563426,11.217059230053643,43.1939367542714
060190056072000,425,66741.0,0.0,320.54742411831876,265.25627724609427,76.2405197534335
060190056072001,649,121967.0,0.0,514.265467721683,460.41974398118606,139.3270624169105
060190056072002,74,10173.0,0.0,48.86081377952418,41.249887351269045,11.62096473609444
060190056072003,262,42850.0,0.0,205.8039371755016,151.14163572772142,48.94901591876995
060190056072004,104,11823.0,0.0,56.78585208060338,35.61137873796571,13.505815990842875
060190056073000,281,42522.0,0.0,152.26858626476832,105.54720980725538,48.57433033600784
060190056073001,417,46015.0,0.0,164.5956471971262,118.24689982534898,52.564503325605585
060190056073002,85,14071.0,0.0,50.38613262634465,36.722041203618716,16.07378303367589
060190056073003,0,7407.0,0.0,24.6327903244286,18.779681247420037,8.461268632679792
060190056073004,0,10079.0,0.0,29.76841446776948,25.231239508893353,11.513585331278469
060190056073005,141,50800.0,0.0,134.63218946124994,59.11610280977268,58.030571964376044
060190056073006,119,26502.0,0.0,93.1910218601984,52.79536636073893,30.27413815354122
060190056074000,168,67641.0,0.0,201.2089870691872,255.36479371266714,77.26862043784173
060190056074001,185,46004.0,0.0,122.03823412869068,188.04698790907975,52.551937650573926
060190056074002,58,6289.0,0.0,16.683128680288934,25.706796887274606,7.184139115826003
060190056074003,490,74506.0,0.0,345.43383388053246,285.8094505801223,85.110743991689
060190056081000,508,140339.0,0.0,617.0139399999284,422.95730400711756,160.31402438796397
060190056081001,84,19934.0,0.0,89.21673365473698,60.11848142043299,22.771287825548665
060190056081002,25,2236.0,0.0,8.007986264675743,6.73553629750409,2.5542590337075755
060190056081003,203,316560.0,0.0,1078.2923176921067,949.613726187243,361.61728072919055
060190056081004,46,6220.0,0.0,21.36002352304253,18.7343869983716,7.105318063354705
060190056081005,115,18751.0,0.0,67.14814576468514,56.43336545865512,21.419906592598725
060190056081006,256,18738.0,0.0,67.09781203625418,56.436129323405716,21.405056249379495
060190056081007,135,102798.0,0.0,328.4235793621471,309.7386196961251,117.42966017310883
060190056081008,36,11508.0,0.0,36.76456890173187,34.66752348482353,13.14598075129999
060190056081009,55,12462.0,0.0,41.32431276523812,37.53618717251629,14.235767476772722
060190056081010,118,37647.0,0.0,125.19691945145235,113.58175325470987,43.00545162879656
060190056082000,75,16063.0,0.0,57.52122889946053,47.13718662928344,18.34931254849946
060190056082001,195,154805.0,19689.0,516.368662477322,442.90265131016054,176.8390293886857
060190056082002,50,18363.0,0.0,57.37519353495141,53.88714516116572,20.976680964209397
060190056082003,80,18003.0,0.0,49.660948329831314,52.83129820231531,20.565440690446103
060190056082004,63,17767.0,0.0,55.512693755544404,52.13787357196567,20.295849844312386
060190056082005,62,17452.0,0.0,21.30627819930995,51.21179476483289,19.936014604769504
060190056082006,79,20177.0,0.0,38.058353894861995,59.20953914039524,23.048875010338886
060190056082007,70,17815.0,0.0,52.75278503661081,52.2796590800578,20.350681880814157
060190056082008,181,58055.0,0.0,106.11753892003676,144.2184929427306,66.31820581480022
060190056082009,102,36587.0,0.0,56.76718920599221,106.47209629914053,41.79457748938241
060190056082010,162,39287.0,0.0,33.30692936624082,61.84779094523774,44.87887954260712
060190056082011,0,5374.0,0.0,3.4934038073005866,7.2974585048719405,6.138903420010962
060190056082012,0,37825.0,0.0,48.70510846226283,19.787076982271874,43.20878709749063
060190056082013,0,140664.0,0.0,389.5476747356367,73.58602298925578,160.68528296844474
060190056082014,51,17437.0,0.0,62.44021922162497,51.16817430600324,19.9188795933627
060190056082015,74,17245.0,0.0,61.75240139039309,50.60452505688175,19.69955144735561
060190056082016,69,16972.0,0.0,60.77701974514424,49.80522456336772,19.387694239751777
060190056082017,57,17403.0,0.0,56.41970495130226,51.06949274114613,19.880040234173944
060190056082018,60,21662.0,0.0,68.74091787747244,63.56755790343715,24.745241139612478
060190056082019,86,22907.0,0.0,72.32154481418863,67.219781552077,26.167447086377205
060190056082020,49,34451.0,0.0,108.05151749376631,101.09583415506529,39.35455186505353
060190056082021,47,27409.0,0.0,85.63877237443525,80.43247741820674,31.310235176605964
060190056082022,0,8795.0,0.0,5.716797061148397,6.088125671447845,10.04682835485605
060190076001000,9,2586707.0,0.0,17.594534680339553,15.302604860190618,2954.8835967373084
060190076001009,0,630307.0,0.0,9.299411954890319,5.383956946517654,720.0211756525586
060190076001010,0,635194.0,0.0,4.150800391982354,3.984375564058814,725.6037623688952
060190076001011,5,1297983.0,0.0,24.842580892999287,26.300125222114136,1482.7302340558408
060190076001012,23,1295846.0,0.0,23.424347179770677,20.236097479468455,1480.289066097418
060190076001013,17,651725.0,0.0,16.22367355219676,23.587063496935997,744.487687273287
060190076001014,20,651176.0,0.0,15.796225254403776,27.530977833531672,743.8605458557979
060190076001015,21,651849.0,0.0,16.84950656426555,9.300824488955431,744.6293367009166
060190076001016,15,1302225.0,0.0,5.458679823170356,9.832279666277172,1487.576015281685
060190076001020,11,1305944.0,0.0,14.80494385030432,15.606427766244746,1491.8243557764786
060190076001021,26,1297759.0,0.0,40.444531564494405,33.54719328748404,1482.4743512188325
060190076001022,38,648907.0,0.0,27.200204762274357,44.51815820074661,741.2685897969955
060190076001023,11,647980.0,0.0,17.517176071779584,25.489727641053598,740.209646092055
060190076001024,19,645093.0,0.0,19.98964976795289,15.834299433130305,736.9117275632921
060190076001025,24,651439.0,0.0,17.475961102159342,10.276662583860567,744.1609797224639
060190076001026,6,652921.0,0.0,12.106124647180145,11.889677125209243,745.8539188494561
060190076001027,7,653949.0,0.0,17.718571138329292,8.871559251983829,747.0282382978692
060190076001028,6,653089.0,0.0,14.773331934156086,11.802311234661513,746.0458309772124
060190076001029,17,649388.0,0.0,19.636781341875793,23.45542933939334,741.8180524961069
060190076001030,36,1298563.0,0.0,30.384079824122512,24.3864540879927,1483.3927878302372
060190076001031,48,1138323.0,0.0,51.74521823826901,50.11917248985057,1300.3451726418195
060190076001032,5,167419.0,0.0,0.0,5.463535651426566,191.24843164771403
060190076001033,18,967467.0,0.0,38.96156478258192,37.725910864989274,1105.17053871376
060190076001034,17,331966.0,0.0,0.0,14.025896891831467,379.216079778072
060190076001035,16,1300953.0,0.0,13.661319557664136,10.738706540963342,1486.122966314388
060190076001036,15,653745.0,0.0,13.42579426955885,22.4517703919458,746.7952021427366
060190076001039,92,529234.0,0.0,52.62098496906489,63.833947210503354,604.5620417912321
060190076001040,67,79163.0,0.0,16.048937749733412,33.27500543062553,90.43059386645474
060190076001041,38,43100.0,0.0,9.447227429842272,18.116771685419632,49.234599442216684
060190076001042,12,650993.0,0.0,35.94818581350416,14.368852133897454,743.6514987166349
060190076001043,12,1296862.0,0.0,16.309537039979645,16.6238852056381,1481.4496775367056
060190076001044,35,1293251.0,0.0,69.85669336296596,134.4653657256752,1477.324709124041
060190076003006,10,325768.0,0.0,0.0,13.274947565336623,372.13589306478065
060190076004000,6,133170.0,0.0,7.034701988462626,6.096775787000263,152.1246312696055
060190076004001,11,97990.0,0.0,5.522345741949202,6.196949095889847,111.93731785018127
060190076004002,0,34947.0,0.0,2.277850841184794,3.316555158656585,39.921149575571846
060190076004003,22,98880.0,0.0,7.369617834157367,9.385920683113513,112.95399519365164
060190076004004,0,61006.0,0.0,4.775948574972036,4.339293658937668,69.68923372556546
060190076004005,21,225010.0,0.0,13.06554645533823,12.67914607776542,257.0365944429971
060190076004006,44,1296237.0,0.0,43.02519718511601,54.64593681744248,1480.7357187280888
060190076004007,17,503188.0,0.0,21.57201301479899,14.071034819645975,574.8088079844578
060190076004008,0,144634.0,0.0,5.5865982946891535,3.7854071737575423,165.22034932077884
060190076004009,43,195683.0,0.0,11.442654511972576,9.870201225029561,223.53536247450782
060190076004010,16,98974.0,0.0,6.004331087593858,5.90519751018298,113.06137459846761
060190076004011,14,376936.0,0.0,23.70728186960446,35.77145010116482,430.58684397567026
060190076004012,15,645633.0,0.0,15.91490054354723,31.603461154755514,737.528587973937
060190076004013,22,66370.0,0.0,3.811587459854812,3.269285180587337,75.81671380463855
060190076004014,12,195491.0,0.0,0.3126053529463311,18.559809325780762,223.31603432850073
060190076004015,0,14643.0,0.0,0.02671489513891814,1.39015376115439,16.727198135322016
060190076004016,9,166388.0,0.0,0.3096359518802231,8.165586684514563,190.0706851970197
060190076004017,16,306617.0,0.0,19.109692246199582,14.726343712155984,350.2590528346671
060190076004018,15,478292.0,0.0,21.905345393004236,19.500942003017776,546.3692583855384
060190076004019,40,685087.0,0.0,16.94727049488688,32.64273940221712,782.5982373102065
060190076004021,32,649113.0,0.0,8.103852237657215,30.13485560366344,741.5039106203155
060190076004022,22,727905.0,0.0,9.762612305416706,18.925767839360553,831.5106985379753
060190076004023,15,565501.0,0.0,15.444048640760748,28.151650078644572,645.9910723706028
060190076004024,52,646227.0,0.0,24.763499181253085,28.61015921335654,738.2071344256465
060190076004025,20,636138.0,0.0,19.7176816836969,16.776986936831065,726.6821257534301
060190076004026,8,279090.0,0.0,7.707366691539722,6.659238421645488,318.8140222349943
060190076004027,40,1009564.0,0.0,7.962659944079167,31.14267084199294,1153.2593770599083
060190086001000,0,7180.0,0.0,0.701766637204358,0.511386382761857,8.201958793390158
060190086001001,0,48413.0,0.0,3.3178217479913847,2.2293940073630822,55.303820482506644
060190086001002,8,337649.0,0.0,44.62161483004283,27.88671677703053,385.7079644330631
060190086001003,19,177715.0,0.0,32.93869835450098,29.811648197219498,203.00990347734427
060190086001004,0,44724.0,0.0,5.297710956198463,9.928663125488917,51.08975001052666
060190086001005,38,932599.0,0.0,58.28592365087992,75.0321715423985,1065.3396335315972
060190086001006,40,979667.0,0.0,58.86550516327353,46.039562520280754,1119.1070146579605
060190086001007,14,868824.0,0.0,36.48963144982288,38.05294642306781,992.4872767003357
060190086001008,0,89304.0,0.0,5.509110197986962,3.9240514735444996,102.015003911548
060190086001009,7,307257.0,0.0,15.478418264867706,14.20295756966172,350.99014665469076
060190086001014,14,650202.0,0.0,12.154957412179307,12.771945629271292,742.7479124484495
060190086001015,4,649255.0,0.0,8.971577198843738,6.538260905289176,741.6661220616332
060190086001016,10,641682.0,0.0,11.287458392202064,8.453925638234889,733.0152259693848
060190086001017,39,1316658.0,0.0,73.2804805751641,45.605742717841636,1504.0633232573118
060190086001018,22,159585.0,0.0,12.877040075639862,14.688894953783574,182.29938635698724
060190086001019,0,484037.0,0.0,80.32725454135416,97.8382315198721,552.9319677543442
060190086001020,20,286081.0,0.0,28.906030688095864,31.312780152311184,326.8000798846587
060190086001021,0,58639.0,0.0,5.3844075326779235,6.14600567416856,66.98532892557179
060190086001022,16,436066.0,0.0,33.916595908235934,42.35473758783887,498.13305894129144
060190086001023,14,64771.0,0.0,11.505362340810642,10.375193131354777,73.99012158867325
060190086001024,34,130791.0,0.0,19.656237937940745,16.258434705760045,149.40701846048637
060190086001025,7,186412.0,0.0,25.55856953873004,14.286244387727367,212.9447830910092
060190086001026,0,63776.0,0.0,8.871825109136804,6.031526430091651,72.85349916535525
060190086001027,9,125370.0,0.0,14.173020322656663,13.329444066491282,143.21442533806743
060190086001028,27,74639.0,0.0,6.311173376119956,11.322510933353433,85.26267442616268
060190086001029,67,489793.0,0.0,85.94820939432624,138.4565743253039,559.5072427981818
060190086001030,17,25622.0,0.0,6.167515369867941,11.092918906243453,29.26888415100872
060190086001031,50,28308.0,0.0,5.2896405170394765,12.256217976824223,32.337193526920416
060190086001032,28,12448.0,0.0,2.325840936519133,5.389551168250619,14.219774799459705
060190086001033,25,17693.0,0.0,3.3057634071227797,7.66027493672165,20.211317121372154
060190086001034,82,238175.0,0.0,58.30286745193963,91.51855417899347,272.07542278770205
060190086001035,0,14700.0,0.0,3.5425725185367543,5.837666881964205,16.792311178667873
060190086001036,0,10457.0,0.0,2.451654579880268,4.3563000210485034,11.945387618729928
060190086001037,52,377483.0,0.0,48.16326068487148,50.780039066955155,431.2117007249717
060190086001038,19,319842.0,0.0,28.32187060828939,37.02956454840249,365.36642122499927
060190086001039,0,13504.0,0.0,1.9498611392729333,3.0085843052054004,15.426079602498703
060190086001040,45,167019.0,0.0,22.797649739922736,29.79007908907258,190.79149801019926
060190086001041,41,146020.0,0.0,29.20947080629403,39.78870683777308,166.80362437476754
060190086001045,0,12969.0,0.0,0.21985000880174033,0.15553822006908347,14.814930862322695
060190086002000,25,270720.0,0.0,22.435396137634125,41.48479418206458,309.2526858699977
060190086002001,117,646094.0,0.0,86.89300511648715,136.31582915198973,738.0552039911728
060190086002002,36,653717.0,0.0,79.2262349771103,59.842278293985515,746.7632167881105
060190086002003,11,321591.0,0.0,29.241252377922645,22.99896225745455,367.36436355503264
060190086002004,0,5881.0,0.0,0.38966483216975656,0.40958555411172903,6.718066805560936
060190086002005,14,568963.0,0.0,36.91899853637311,27.64492256564852,649.945833003293
060190086002006,0,16649.0,0.0,0.28219467980966545,0.2109168593458915,19.0187203274586
060190086002007,15,10017.0,0.0,3.6426608418572433,5.246706538814784,11.442760617463678
060190086002008,47,649156.0,0.0,112.21364944349554,79.45673708863436,741.5530309863484
060190086002009,80,651652.0,0.0,45.92865640518009,41.647153216877854,744.4042968844406
060190086002010,4,651097.0,0.0,25.04406622087849,30.216609679808276,743.7703014623888
060190086002011,23,397393.0,0.0,15.483135027770807,12.917156219408344,453.9555725322695
060190086002012,12,10848.0,0.0,0.3524614456001968,0.20753349413776642,12.392040249400617
060190086002013,23,657904.0,0.0,19.433660655864685,17.538573659877162,751.5461696387964
060190086002014,32,635326.0,0.0,12.574787286811674,13.587628412040651,725.7545504692752
060190086002015,8,664237.0,0.0,20.017729042751036,13.565445283976551,758.7805714547491
060190086002016,118,61104.0,0.0,23.953078125839156,32.00689689245961,69.80118246675657
060190086002017,36,371671.0,0.0,44.9459947309153,63.023019157151715,424.57245497188205
060190086002018,214,495928.0,0.0,185.74193155793543,147.7566646420231,566.5154624635646
060190086002019,159,72014.0,0.0,32.271519003439536,28.497656176075992,82.26404742997198
060190086002020,20,163337.0,0.0,73.19559449492527,64.57798066298355,186.58542387687578
060190086002021,26,327136.0,0.0,142.21711622456795,113.33554146088434,373.6986061050811
060190086002022,19,77572.0,0.0,34.72064645308789,40.6329602466909,88.61314032323973
060190086002023,0,76536.0,0.0,22.156543996655458,12.841807035887168,87.42968220207648
060190086002024,0,3634.0,0.0,0.495407942111763,0.4156432441798403,4.151242096821703
060190086003000,0,15050.0,0.0,0.258540813964466,0.1284563347611514,17.192128111493297
060190086003004,11,635097.0,0.0,13.420518181768683,9.023151961887459,725.4929559617979
060190086003005,13,651498.0,0.0,14.773657254544029,10.371354113028575,744.2283774339974
060190086003018,4,649771.0,0.0,20.49991421422258,21.92752166739332,742.2555664540273
060190086003019,13,654943.0,0.0,16.664048942498717,12.522890352331821,748.1637183870934
060190086003020,4,650059.0,0.0,13.480679527352427,35.32272131814604,742.5845586730379
060190086003021,0,70393.0,0.0,1.2231360414619266,2.6970909803063137,80.41232386394337
060190086003024,20,214614.0,0.0,11.929631222173104,19.00871469548588,245.1608892039882
060190086003025,12,439840.0,0.0,16.629773161405563,41.06832193629331,502.4442278112433
060190086003026,11,187134.0,0.0,24.43485167490065,26.916639979698118,213.76954830672338
060190086003027,36,46230.0,0.0,12.308661493410689,8.707574690924863,52.810105155769776
060190086003028,22,597472.0,0.0,65.47334972301485,118.83923906198328,682.5126356830647
060190086003029,3,459509.0,0.0,30.65050207368183,71.64404319249694,524.9127971019384
060190086003030,27,585041.0,0.0,41.586174821431314,71.3551868340925,668.3122805631994
060190086003031,0,62527.0,0.0,5.9461998551036785,9.933901241892814,71.42672388221537
060190086003032,35,649390.0,0.0,28.210281462967366,24.73979549878292,741.8203371642945
060190086003033,40,652484.0,0.0,32.180625484926175,43.698292652743,745.3547188504713
060190086003034,20,646291.0,0.0,85.12480501764124,91.25961524307186,738.2802438076488
060190086003035,37,639694.0,0.0,59.16851893410118,114.41343006632796,730.7442657909364
060190086003036,99,640727.0,0.0,60.57847478077483,77.6947856976073,731.9242969098183
060190086003037,17,661896.0,0.0,9.007559737927961,8.32879516919482,756.1063673411938
060190086003038,50,651825.0,0.0,24.46493000515314,33.98799541865364,744.6019206826657
060190086003039,9,650431.0,0.0,27.20715757255378,37.071511174396925,743.0095069559267
060190086003040,15,647656.0,0.0,67.99231885255728,30.297304984076973,739.8395298456679
060190086003041,110,81619.0,0.0,16.412546184402675,14.689023905907593,93.23616640079544
060190086003042,17,560504.0,0.0,67.81377862758005,30.645531485054875,640.2828289039494
060190086003043,23,593710.0,0.0,27.001653781649484,34.5431113539459,678.2151748222383
060190086003044,32,650160.0,0.0,16.247976395189998,8.378681254809923,742.6999344165105
060190086003045,2,1240300.0,0.0,33.86185058315899,26.23578182076403,1416.8369765239293
060190086003046,20,653063.0,0.0,16.47348408343174,19.570691058496628,746.0161302907738
060190086003047,28,606491.0,0.0,11.578165620969248,13.64617938015906,692.815346874929
060190086003048,11,47096.0,0.0,0.6036849884857207,1.9854944271540318,53.799366480989256
060190086003049,0,60683.0,0.0,1.465324334170871,1.762135076562702,69.32025981327227
060190086003050,0,654603.0,0.0,8.633785609362544,8.26150337661856,747.7753247952057
060190086003051,11,654421.0,0.0,10.59231636497903,36.936447858646595,747.5674199901365
060190086003052,26,52786.0,0.0,3.1109221543983683,5.738135797994743,60.299247474636886
060190086004000,0,38968.0,0.0,66.26193270992306,83.99624836448228,44.51447496668909
060190086004001,187,29513.0,0.0,50.18449793419389,64.0438590490057,33.71370610993367
060190086004002,76,12503.0,0.0,21.26081697394215,27.132377957259536,14.282603174617986
060190086004003,193,123871.0,0.0,166.96433202271433,251.01779285816644,141.5020665314808
060190086004004,0,7681.0,0.0,13.061250513182538,16.668352206430267,8.77426817437741
060190086004005,50,10527.0,0.0,17.186736786996104,17.912224498749183,12.025351005295013
060190086004006,87,14345.0,0.0,24.393139535965027,24.155158678274546,16.386782575373513
060190086004007,58,657879.0,0.0,95.23457884963477,135.54492651200903,751.5176112864517
060190086004008,28,538063.0,6196.0,39.90348347856924,30.293401094459895,614.6477095052769
060190086004009,297,88467.0,0.0,4.075518576709345,2.2502264434405843,101.05887027504833
060190086004010,170,1214676.0,0.0,317.0123234592899,163.4674763819079,1387.565807704733
060190086004011,18,646686.0,0.0,346.0564507659924,14.835935501048834,738.7314657746946
060190086004012,0,110386.0,0.0,150.4012223031155,37.29242992435697,126.09769127676405
060190086004013,0,110404.0,0.0,187.7332086144718,238.91206477647046,126.11825329045223
060190086004014,0,176704.0,0.0,98.30507418673733,154.9845544138555,201.8550037085257
060190086004015,0,4277.0,0.0,2.920432412916421,9.281048058473985,4.8857629191267
060190086004016,16,75679.0,0.0,1.1893822628390966,2.70272199640247,86.45070188370107
060190086004017,0,569296.0,0.0,34.6990209899624,7.429384626792989,650.3262302565241
060190086004018,25,617816.0,0.0,18.299542251334877,21.725336751113748,705.752280487066
060190086004019,0,33647.0,0.0,0.5358661832696643,0.783848461520854,38.436115253648836
060190086004020,0,1023899.0,22647.0,24.151047704515243,31.848507242333184,1169.6347362943438
060190086004021,22,1489247.0,0.0,95.26305868172281,96.69660930766499,1701.2176221699042
060190086004022,12,55440.0,0.0,17.09751229573154,12.394822835827277,63.3310021595474
