pair,support,exposure,year,quarter,days,baseline_group,sampling_rank,total,unsupported
20160108_20160225,unw,population,2016,1,48,long,2,22500616.064821858,194864.44835368294
20160108_20160225,unw,builtup_m2,2016,1,48,long,2,1253622866.0,22307513.44773137
20160108_20160225,unw,area_m2,2016,1,48,long,2,15060840963.31184,2867808414.16328
20160108_20160225,q20,population,2016,1,48,long,2,22500616.064821858,1937431.0295880255
20160108_20160225,q20,builtup_m2,2016,1,48,long,2,1253622866.0,231819179.76788944
20160108_20160225,q20,area_m2,2016,1,48,long,2,15060840963.31184,9725779882.654133
20160108_20160225,q30,population,2016,1,48,long,2,22500616.064821858,3533592.0820773225
20160108_20160225,q30,builtup_m2,2016,1,48,long,2,1253622866.0,381851486.1052179
20160108_20160225,q30,area_m2,2016,1,48,long,2,15060840963.31184,11225023459.919077
20160108_20160225,q40,population,2016,1,48,long,2,22500616.064821858,5746945.975685907
20160108_20160225,q40,builtup_m2,2016,1,48,long,2,1253622866.0,535757068.18962514
20160108_20160225,q40,area_m2,2016,1,48,long,2,15060840963.31184,12246400638.947338
20160120_20160201,unw,population,2016,1,12,short,3,22500616.064821858,280159.8075248848
20160120_20160201,unw,builtup_m2,2016,1,12,short,3,1253622866.0,30850831.924009856
20160120_20160201,unw,area_m2,2016,1,12,short,3,15060840963.31184,990168690.4442296
20160120_20160201,q20,population,2016,1,12,short,3,22500616.064821858,1737434.1277412917
20160120_20160201,q20,builtup_m2,2016,1,12,short,3,1253622866.0,167209584.1234438
20160120_20160201,q20,area_m2,2016,1,12,short,3,15060840963.31184,7154859664.120608
20160120_20160201,q30,population,2016,1,12,short,3,22500616.064821858,3487176.2561436635
20160120_20160201,q30,builtup_m2,2016,1,12,short,3,1253622866.0,320079837.5144285
20160120_20160201,q30,area_m2,2016,1,12,short,3,15060840963.31184,9824440000.892935
20160120_20160201,q40,population,2016,1,12,short,3,22500616.064821858,5723440.768717851
20160120_20160201,q40,builtup_m2,2016,1,12,short,3,1253622866.0,481726219.30814284
20160120_20160201,q40,area_m2,2016,1,12,short,3,15060840963.31184,11495784395.949005
20160308_20160401,unw,population,2016,1,24,short,7,22500616.064821858,284484.8368104843
20160308_20160401,unw,builtup_m2,2016,1,24,short,7,1253622866.0,32704489.768170457
20160308_20160401,unw,area_m2,2016,1,24,short,7,15060840963.31184,1291941717.294161
20160308_20160401,q20,population,2016,1,24,short,7,22500616.064821858,1417250.713326812
20160308_20160401,q20,builtup_m2,2016,1,24,short,7,1253622866.0,171319197.50254595
20160308_20160401,q20,area_m2,2016,1,24,short,7,15060840963.31184,7452358168.72713
20160308_20160401,q30,population,2016,1,24,short,7,22500616.064821858,2607669.181459085
20160308_20160401,q30,builtup_m2,2016,1,24,short,7,1253622866.0,305007495.9171484
20160308_20160401,q30,area_m2,2016,1,24,short,7,15060840963.31184,9879522959.043934
20160308_20160401,q40,population,2016,1,24,short,7,22500616.064821858,4144158.8814748824
20160308_20160401,q40,builtup_m2,2016,1,24,short,7,1253622866.0,441870088.27564925
20160308_20160401,q40,area_m2,2016,1,24,short,7,15060840963.31184,11431628917.15441
20160308_20170315,unw,population,2016,1,372,long,6,22500616.064821858,737718.1149407136
20160308_20170315,unw,builtup_m2,2016,1,372,long,6,1253622866.0,89196193.51323606
20160308_20170315,unw,area_m2,2016,1,372,long,6,15060840963.31184,4914835893.88841
20160308_20170315,q20,population,2016,1,372,long,6,22500616.064821858,4001258.9978387
20160308_20170315,q20,builtup_m2,2016,1,372,long,6,1253622866.0,411508492.1151217
20160308_20170315,q20,area_m2,2016,1,372,long,6,15060840963.31184,11188179878.594181
20160308_20170315,q30,population,2016,1,372,long,6,22500616.064821858,6730758.882081576
20160308_20170315,q30,builtup_m2,2016,1,372,long,6,1253622866.0,593854813.90439
20160308_20170315,q30,area_m2,2016,1,372,long,6,15060840963.31184,12395839960.831951
20160308_20170315,q40,population,2016,1,372,long,6,22500616.064821858,9984968.457055926
20160308_20170315,q40,builtup_m2,2016,1,372,long,6,1253622866.0,763326532.6634225
20160308_20170315,q40,area_m2,2016,1,372,long,6,15060840963.31184,13248355270.1733
20160308_20170327,unw,population,2016,1,384,long,8,22500616.064821858,803991.9273970233
20160308_20170327,unw,builtup_m2,2016,1,384,long,8,1253622866.0,97338808.99396324
20160308_20170327,unw,area_m2,2016,1,384,long,8,15060840963.31184,5114722000.557555
20160308_20170327,q20,population,2016,1,384,long,8,22500616.064821858,4384027.066824822
20160308_20170327,q20,builtup_m2,2016,1,384,long,8,1253622866.0,441679796.6168912
20160308_20170327,q20,area_m2,2016,1,384,long,8,15060840963.31184,11415495350.387049
20160308_20170327,q30,population,2016,1,384,long,8,22500616.064821858,7316824.481242288
20160308_20170327,q30,builtup_m2,2016,1,384,long,8,1253622866.0,629307880.815622
20160308_20170327,q30,area_m2,2016,1,384,long,8,15060840963.31184,12593762834.9108
20160308_20170327,q40,population,2016,1,384,long,8,22500616.064821858,10755060.570227357
20160308_20170327,q40,builtup_m2,2016,1,384,long,8,1253622866.0,801252321.8222942
20160308_20170327,q40,area_m2,2016,1,384,long,8,15060840963.31184,13417644538.803694
20160320_20160401,unw,population,2016,1,12,short,5,22500616.064821858,61337.05856212751
20160320_20160401,unw,builtup_m2,2016,1,12,short,5,1253622866.0,5096063.274877951
20160320_20160401,unw,area_m2,2016,1,12,short,5,15060840963.31184,364225552.9911803
20160320_20160401,q20,population,2016,1,12,short,5,22500616.064821858,757537.4354749178
20160320_20160401,q20,builtup_m2,2016,1,12,short,5,1253622866.0,85715793.36597285
20160320_20160401,q20,area_m2,2016,1,12,short,5,15060840963.31184,4534636635.570632
20160320_20160401,q30,population,2016,1,12,short,5,22500616.064821858,1797749.892840447
20160320_20160401,q30,builtup_m2,2016,1,12,short,5,1253622866.0,206705960.0986068
20160320_20160401,q30,area_m2,2016,1,12,short,5,15060840963.31184,7474754817.87805
20160320_20160401,q40,population,2016,1,12,short,5,22500616.064821858,3262917.645591459
20160320_20160401,q40,builtup_m2,2016,1,12,short,5,1253622866.0,351786628.17370534
20160320_20160401,q40,area_m2,2016,1,12,short,5,15060840963.31184,9808437710.345291
20160320_20160413,unw,population,2016,1,24,short,1,22500616.064821858,102047.2832706365
20160320_20160413,unw,builtup_m2,2016,1,24,short,1,1253622866.0,9413311.478695028
20160320_20160413,unw,area_m2,2016,1,24,short,1,15060840963.31184,894384453.9621965
20160320_20160413,q20,population,2016,1,24,short,1,22500616.064821858,1235498.0085050925
20160320_20160413,q20,builtup_m2,2016,1,24,short,1,1253622866.0,146566226.19909668
20160320_20160413,q20,area_m2,2016,1,24,short,1,15060840963.31184,6904126681.857178
20160320_20160413,q30,population,2016,1,24,short,1,22500616.064821858,2497647.338826485
20160320_20160413,q30,builtup_m2,2016,1,24,short,1,1253622866.0,285970729.3249986
20160320_20160413,q30,area_m2,2016,1,24,short,1,15060840963.31184,9531086365.170725
20160320_20160413,q40,population,2016,1,24,short,1,22500616.064821858,4107674.2030635076
20160320_20160413,q40,builtup_m2,2016,1,24,short,1,1253622866.0,428402422.50879854
20160320_20160413,q40,area_m2,2016,1,24,short,1,15060840963.31184,11243254625.963642
20160320_20160507,unw,population,2016,1,48,long,4,22500616.064821858,193003.85122202925
20160320_20160507,unw,builtup_m2,2016,1,48,long,4,1253622866.0,21307591.469862495
20160320_20160507,unw,area_m2,2016,1,48,long,4,15060840963.31184,2001306727.8534367
20160320_20160507,q20,population,2016,1,48,long,4,22500616.064821858,1781613.5534341673
20160320_20160507,q20,builtup_m2,2016,1,48,long,4,1253622866.0,218663579.4203965
20160320_20160507,q20,area_m2,2016,1,48,long,4,15060840963.31184,9041090391.411621
20160320_20160507,q30,population,2016,1,48,long,4,22500616.064821858,3168513.6468156064
20160320_20160507,q30,builtup_m2,2016,1,48,long,4,1253622866.0,361144469.68558615
20160320_20160507,q30,area_m2,2016,1,48,long,4,15060840963.31184,10920949056.051973
20160320_20160507,q40,population,2016,1,48,long,4,22500616.064821858,4968111.807715317
20160320_20160507,q40,builtup_m2,2016,1,48,long,4,1253622866.0,501560124.3832835
20160320_20160507,q40,area_m2,2016,1,48,long,4,15060840963.31184,12054445216.43697
20160401_20160425,unw,population,2016,2,24,short,6,22500616.064821858,111114.8464761023
20160401_20160425,unw,builtup_m2,2016,2,24,short,6,1253622866.0,10787623.329620127
20160401_20160425,unw,area_m2,2016,2,24,short,6,15060840963.31184,926181231.8301026
20160401_20160425,q20,population,2016,2,24,short,6,22500616.064821858,1315637.2357998134
20160401_20160425,q20,builtup_m2,2016,2,24,short,6,1253622866.0,156414367.22836074
20160401_20160425,q20,area_m2,2016,2,24,short,6,15060840963.31184,6889434716.433682
20160401_20160425,q30,population,2016,2,24,short,6,22500616.064821858,2567569.9465097794
20160401_20160425,q30,builtup_m2,2016,2,24,short,6,1253622866.0,295599516.6276979
20160401_20160425,q30,area_m2,2016,2,24,short,6,15060840963.31184,9504947035.73062
20160401_20160425,q40,population,2016,2,24,short,6,22500616.064821858,4192221.758820024
20160401_20160425,q40,builtup_m2,2016,2,24,short,6,1253622866.0,438244368.7789237
20160401_20160425,q40,area_m2,2016,2,24,short,6,15060840963.31184,11245472705.807482
20160413_20160425,unw,population,2016,2,12,short,8,22500616.064821858,60531.26467173764
20160413_20160425,unw,builtup_m2,2016,2,12,short,8,1253622866.0,4708498.055069478
20160413_20160425,unw,area_m2,2016,2,12,short,8,15060840963.31184,267698495.3806672
20160413_20160425,q20,population,2016,2,12,short,8,22500616.064821858,692765.9913673771
20160413_20160425,q20,builtup_m2,2016,2,12,short,8,1253622866.0,74460928.34372641
20160413_20160425,q20,area_m2,2016,2,12,short,8,15060840963.31184,3656716476.062135
20160413_20160425,q30,population,2016,2,12,short,8,22500616.064821858,1678654.9379309872
20160413_20160425,q30,builtup_m2,2016,2,12,short,8,1253622866.0,187077366.00778836
20160413_20160425,q30,area_m2,2016,2,12,short,8,15060840963.31184,6392417557.309809
20160413_20160425,q40,population,2016,2,12,short,8,22500616.064821858,3099993.8567332495
20160413_20160425,q40,builtup_m2,2016,2,12,short,8,1253622866.0,330492743.43299377
20160413_20160425,q40,area_m2,2016,2,12,short,8,15060840963.31184,8805762442.38318
20160413_20160519,unw,population,2016,2,36,long,3,22500616.064821858,161356.1066399558
20160413_20160519,unw,builtup_m2,2016,2,36,long,3,1253622866.0,16775224.871082736
20160413_20160519,unw,area_m2,2016,2,36,long,3,15060840963.31184,1487629597.27316
20160413_20160519,q20,population,2016,2,36,long,3,22500616.064821858,1617474.5108084122
20160413_20160519,q20,builtup_m2,2016,2,36,long,3,1253622866.0,199672962.64759022
20160413_20160519,q20,area_m2,2016,2,36,long,3,15060840963.31184,8379549559.992133
20160413_20160519,q30,population,2016,2,36,long,3,22500616.064821858,2912832.2642116947
20160413_20160519,q30,builtup_m2,2016,2,36,long,3,1253622866.0,339832356.6366929
20160413_20160519,q30,area_m2,2016,2,36,long,3,15060840963.31184,10549059017.541107
20160413_20160519,q40,population,2016,2,36,long,3,22500616.064821858,4529705.572047391
20160413_20160519,q40,builtup_m2,2016,2,36,long,3,1253622866.0,474483218.20876676
20160413_20160519,q40,area_m2,2016,2,36,long,3,15060840963.31184,11821442012.010918
20160507_20160519,unw,population,2016,2,12,short,2,22500616.064821858,71812.29393423752
20160507_20160519,unw,builtup_m2,2016,2,12,short,2,1253622866.0,6260616.385617091
20160507_20160519,unw,area_m2,2016,2,12,short,2,15060840963.31184,443374339.7103413
20160507_20160519,q20,population,2016,2,12,short,2,22500616.064821858,941299.2728271285
20160507_20160519,q20,builtup_m2,2016,2,12,short,2,1253622866.0,107526382.76436146
20160507_20160519,q20,area_m2,2016,2,12,short,2,15060840963.31184,4970817308.7556
20160507_20160519,q30,population,2016,2,12,short,2,22500616.064821858,2120412.992119669
20160507_20160519,q30,builtup_m2,2016,2,12,short,2,1253622866.0,237989455.63961816
20160507_20160519,q30,area_m2,2016,2,12,short,2,15060840963.31184,7848720196.365762
20160507_20160519,q40,population,2016,2,12,short,2,22500616.064821858,3732392.8794492516
20160507_20160519,q40,builtup_m2,2016,2,12,short,2,1253622866.0,384979102.57938796
20160507_20160519,q40,area_m2,2016,2,12,short,2,15060840963.31184,10043667971.120502
20160519_20160612,unw,population,2016,2,24,short,4,22500616.064821858,127035.26788952906
20160519_20160612,unw,builtup_m2,2016,2,24,short,4,1253622866.0,12687515.89407435
20160519_20160612,unw,area_m2,2016,2,24,short,4,15060840963.31184,1287966514.5417292
20160519_20160612,q20,population,2016,2,24,short,4,22500616.064821858,1401358.676008
20160519_20160612,q20,builtup_m2,2016,2,24,short,4,1253622866.0,171514881.40681762
20160519_20160612,q20,area_m2,2016,2,24,short,4,15060840963.31184,7608670572.224191
20160519_20160612,q30,population,2016,2,24,short,4,22500616.064821858,2649547.957220997
20160519_20160612,q30,builtup_m2,2016,2,24,short,4,1253622866.0,308999413.5103061
20160519_20160612,q30,area_m2,2016,2,24,short,4,15060840963.31184,9956243278.465933
20160519_20160612,q40,population,2016,2,24,short,4,22500616.064821858,4254486.563264104
20160519_20160612,q40,builtup_m2,2016,2,24,short,4,1253622866.0,446306164.51371276
20160519_20160612,q40,area_m2,2016,2,24,short,4,15060840963.31184,11452281466.870049
20160519_20160718,unw,population,2016,2,60,long,5,22500616.064821858,317298.49534801306
20160519_20160718,unw,builtup_m2,2016,2,60,long,5,1253622866.0,38929617.234286524
20160519_20160718,unw,area_m2,2016,2,60,long,5,15060840963.31184,3960117907.586619
20160519_20160718,q20,population,2016,2,60,long,5,22500616.064821858,2252450.4315003846
20160519_20160718,q20,builtup_m2,2016,2,60,long,5,1253622866.0,275473798.58161247
20160519_20160718,q20,area_m2,2016,2,60,long,5,15060840963.31184,10314858010.013603
20160519_20160718,q30,population,2016,2,60,long,5,22500616.064821858,3892470.160162138
20160519_20160718,q30,builtup_m2,2016,2,60,long,5,1253622866.0,421727966.59324664
20160519_20160718,q30,area_m2,2016,2,60,long,5,15060840963.31184,11565903497.395199
20160519_20160718,q40,population,2016,2,60,long,5,22500616.064821858,6101034.917385197
20160519_20160718,q40,builtup_m2,2016,2,60,long,5,1253622866.0,570379578.8570989
20160519_20160718,q40,area_m2,2016,2,60,long,5,15060840963.31184,12469271240.64666
20160612_20160811,unw,population,2016,2,60,long,1,22500616.064821858,327928.09271109005
20160612_20160811,unw,builtup_m2,2016,2,60,long,1,1253622866.0,40579334.16885835
20160612_20160811,unw,area_m2,2016,2,60,long,1,15060840963.31184,3996385377.5724754
20160612_20160811,q20,population,2016,2,60,long,1,22500616.064821858,2168580.7955509634
20160612_20160811,q20,builtup_m2,2016,2,60,long,1,1253622866.0,267333011.16953734
20160612_20160811,q20,area_m2,2016,2,60,long,1,15060840963.31184,10158593351.189045
20160612_20160811,q30,population,2016,2,60,long,1,22500616.064821858,3676820.9192946684
20160612_20160811,q30,builtup_m2,2016,2,60,long,1,1253622866.0,406319540.9004769
20160612_20160811,q30,area_m2,2016,2,60,long,1,15060840963.31184,11403736804.29546
20160612_20160811,q40,population,2016,2,60,long,1,22500616.064821858,5692675.609479969
20160612_20160811,q40,builtup_m2,2016,2,60,long,1,1253622866.0,545825964.3702346
20160612_20160811,q40,area_m2,2016,2,60,long,1,15060840963.31184,12306894412.268162
20160612_20170607,unw,population,2016,2,360,long,7,22500616.064821858,631232.1032438383
20160612_20170607,unw,builtup_m2,2016,2,360,long,7,1253622866.0,76931919.51069207
20160612_20170607,unw,area_m2,2016,2,360,long,7,15060840963.31184,4949535547.595538
20160612_20170607,q20,population,2016,2,360,long,7,22500616.064821858,4547915.092255327
20160612_20170607,q20,builtup_m2,2016,2,360,long,7,1253622866.0,441525966.16491854
20160612_20170607,q20,area_m2,2016,2,360,long,7,15060840963.31184,11420977958.648998
20160612_20170607,q30,population,2016,2,360,long,7,22500616.064821858,8098553.62108173
20160612_20170607,q30,builtup_m2,2016,2,360,long,7,1253622866.0,651593730.2406054
20160612_20170607,q30,area_m2,2016,2,360,long,7,15060840963.31184,12672301997.568403
20160612_20170607,q40,population,2016,2,360,long,7,22500616.064821858,12274277.756827895
20160612_20170607,q40,builtup_m2,2016,2,360,long,7,1253622866.0,845676365.595464
20160612_20170607,q40,area_m2,2016,2,360,long,7,15060840963.31184,13552011046.933756
20160706_20160718,unw,population,2016,3,12,short,7,22500616.064821858,103411.0948706697
20160706_20160718,unw,builtup_m2,2016,3,12,short,7,1253622866.0,10558269.774809498
20160706_20160718,unw,area_m2,2016,3,12,short,7,15060840963.31184,1164820987.3225803
20160706_20160718,q20,population,2016,3,12,short,7,22500616.064821858,1465932.8828081475
20160706_20160718,q20,builtup_m2,2016,3,12,short,7,1253622866.0,183373319.88615775
20160706_20160718,q20,area_m2,2016,3,12,short,7,15060840963.31184,8094490885.453513
20160706_20160718,q30,population,2016,3,12,short,7,22500616.064821858,2951293.6147987186
20160706_20160718,q30,builtup_m2,2016,3,12,short,7,1253622866.0,339535888.5205409
20160706_20160718,q30,area_m2,2016,3,12,short,7,15060840963.31184,10375895824.823725
20160706_20160718,q40,population,2016,3,12,short,7,22500616.064821858,4965156.264333014
20160706_20160718,q40,builtup_m2,2016,3,12,short,7,1253622866.0,497697987.6575661
20160706_20160718,q40,area_m2,2016,3,12,short,7,15060840963.31184,11799459270.934128
20160718_20160811,unw,population,2016,3,24,short,1,22500616.064821858,151416.3348152305
20160718_20160811,unw,builtup_m2,2016,3,24,short,1,1253622866.0,17526145.76670776
20160718_20160811,unw,area_m2,2016,3,24,short,1,15060840963.31184,2386437996.2496643
20160718_20160811,q20,population,2016,3,24,short,1,22500616.064821858,1591190.6048717543
20160718_20160811,q20,builtup_m2,2016,3,24,short,1,1253622866.0,202514470.7703359
20160718_20160811,q20,area_m2,2016,3,24,short,1,15060840963.31184,9292911551.512558
20160718_20160811,q30,population,2016,3,24,short,1,22500616.064821858,2915300.3663554885
20160718_20160811,q30,builtup_m2,2016,3,24,short,1,1253622866.0,340245754.9712859
20160718_20160811,q30,area_m2,2016,3,24,short,1,15060840963.31184,10898902029.78568
20160718_20160811,q40,population,2016,3,24,short,1,22500616.064821858,4649499.065505258
20160718_20160811,q40,builtup_m2,2016,3,24,short,1,1253622866.0,478464904.36798996
20160718_20160811,q40,area_m2,2016,3,24,short,1,15060840963.31184,11947303167.230597
20160718_20160904,unw,population,2016,3,48,long,8,22500616.064821858,227945.99926155384
20160718_20160904,unw,builtup_m2,2016,3,48,long,8,1253622866.0,28344969.92490794
20160718_20160904,unw,area_m2,2016,3,48,long,8,15060840963.31184,3583685648.360347
20160718_20160904,q20,population,2016,3,48,long,8,22500616.064821858,1901963.8896415539
20160718_20160904,q20,builtup_m2,2016,3,48,long,8,1253622866.0,239524519.12534815
20160718_20160904,q20,area_m2,2016,3,48,long,8,15060840963.31184,9935532265.931177
20160718_20160904,q30,population,2016,3,48,long,8,22500616.064821858,3353451.0673169056
20160718_20160904,q30,builtup_m2,2016,3,48,long,8,1253622866.0,380473407.8190152
20160718_20160904,q30,area_m2,2016,3,48,long,8,15060840963.31184,11278280097.51891
20160718_20160904,q40,population,2016,3,48,long,8,22500616.064821858,5312576.725112219
20160718_20160904,q40,builtup_m2,2016,3,48,long,8,1253622866.0,523506448.1863169
20160718_20160904,q40,area_m2,2016,3,48,long,8,15060840963.31184,12224109549.77455
20160730_20160916,unw,population,2016,3,48,long,4,22500616.064821858,226266.91245630037
20160730_20160916,unw,builtup_m2,2016,3,48,long,4,1253622866.0,27485317.917973824
20160730_20160916,unw,area_m2,2016,3,48,long,4,15060840963.31184,3555882683.7164927
20160730_20160916,q20,population,2016,3,48,long,4,22500616.064821858,1841521.5779236613
20160730_20160916,q20,builtup_m2,2016,3,48,long,4,1253622866.0,232481037.05787766
20160730_20160916,q20,area_m2,2016,3,48,long,4,15060840963.31184,9859695581.399149
20160730_20160916,q30,population,2016,3,48,long,4,22500616.064821858,3204435.941411023
20160730_20160916,q30,builtup_m2,2016,3,48,long,4,1253622866.0,370520640.05604
20160730_20160916,q30,area_m2,2016,3,48,long,4,15060840963.31184,11211403840.050596
20160730_20160916,q40,population,2016,3,48,long,4,22500616.064821858,4991623.1662448235
20160730_20160916,q40,builtup_m2,2016,3,48,long,4,1253622866.0,508940321.34780306
20160730_20160916,q40,area_m2,2016,3,48,long,4,15060840963.31184,12155075557.324509
20160811_20160904,unw,population,2016,3,24,short,3,22500616.064821858,161982.65230287117
20160811_20160904,unw,builtup_m2,2016,3,24,short,3,1253622866.0,18700449.284372367
20160811_20160904,unw,area_m2,2016,3,24,short,3,15060840963.31184,2311893250.590187
20160811_20160904,q20,population,2016,3,24,short,3,22500616.064821858,1593468.6822173928
20160811_20160904,q20,builtup_m2,2016,3,24,short,3,1253622866.0,202383923.21668428
20160811_20160904,q20,area_m2,2016,3,24,short,3,15060840963.31184,9185333252.469362
20160811_20160904,q30,population,2016,3,24,short,3,22500616.064821858,2860632.0549165066
20160811_20160904,q30,builtup_m2,2016,3,24,short,3,1253622866.0,336598439.0002767
20160811_20160904,q30,area_m2,2016,3,24,short,3,15060840963.31184,10798634912.998896
20160811_20160904,q40,population,2016,3,24,short,3,22500616.064821858,4465184.010288149
20160811_20160904,q40,builtup_m2,2016,3,24,short,3,1253622866.0,468277718.7738018
20160811_20160904,q40,area_m2,2016,3,24,short,3,15060840963.31184,11844526992.346252
20160916_20160928,unw,population,2016,3,12,short,5,22500616.064821858,44218.37471212503
20160916_20160928,unw,builtup_m2,2016,3,12,short,5,1253622866.0,6370112.859947361
20160916_20160928,unw,area_m2,2016,3,12,short,5,15060840963.31184,1195164454.629196
20160916_20160928,q20,population,2016,3,12,short,5,22500616.064821858,1806217.1203660879
20160916_20160928,q20,builtup_m2,2016,3,12,short,5,1253622866.0,218760494.46771973
20160916_20160928,q20,area_m2,2016,3,12,short,5,15060840963.31184,9385594506.790758
20160916_20160928,q30,population,2016,3,12,short,5,22500616.064821858,3257812.5849750885
20160916_20160928,q30,builtup_m2,2016,3,12,short,5,1253622866.0,362611776.2471633
20160916_20160928,q30,area_m2,2016,3,12,short,5,15060840963.31184,10996360522.15358
20160916_20160928,q40,population,2016,3,12,short,5,22500616.064821858,5043408.659469245
20160916_20160928,q40,builtup_m2,2016,3,12,short,5,1253622866.0,501810515.64086354
20160916_20160928,q40,area_m2,2016,3,12,short,5,15060840963.31184,12033221930.150343
20160916_20170607,unw,population,2016,3,264,long,6,22500616.064821858,522398.3939186086
20160916_20170607,unw,builtup_m2,2016,3,264,long,6,1253622866.0,64704738.09636165
20160916_20170607,unw,area_m2,2016,3,264,long,6,15060840963.31184,4762246385.33743
20160916_20170607,q20,population,2016,3,264,long,6,22500616.064821858,3782106.786020218
20160916_20170607,q20,builtup_m2,2016,3,264,long,6,1253622866.0,389587669.4898475
20160916_20170607,q20,area_m2,2016,3,264,long,6,15060840963.31184,11095624000.891888
20160916_20170607,q30,population,2016,3,264,long,6,22500616.064821858,6824299.832778752
20160916_20170607,q30,builtup_m2,2016,3,264,long,6,1253622866.0,584731409.5701733
20160916_20170607,q30,area_m2,2016,3,264,long,6,15060840963.31184,12360979231.866295
20160916_20170607,q40,population,2016,3,264,long,6,22500616.064821858,10695842.967974672
20160916_20170607,q40,builtup_m2,2016,3,264,long,6,1253622866.0,775251896.1880169
20160916_20170607,q40,area_m2,2016,3,264,long,6,15060840963.31184,13279705253.212618
20160928_20170607,unw,population,2016,3,252,long,2,22500616.064821858,494368.5051178145
20160928_20170607,unw,builtup_m2,2016,3,252,long,2,1253622866.0,61912932.97719247
20160928_20170607,unw,area_m2,2016,3,252,long,2,15060840963.31184,4664553171.781707
20160928_20170607,q20,population,2016,3,252,long,2,22500616.064821858,3503792.248358956
20160928_20170607,q20,builtup_m2,2016,3,252,long,2,1253622866.0,375358515.62093365
20160928_20170607,q20,area_m2,2016,3,252,long,2,15060840963.31184,11010774821.44091
20160928_20170607,q30,population,2016,3,252,long,2,22500616.064821858,6188443.837753843
20160928_20170607,q30,builtup_m2,2016,3,252,long,2,1253622866.0,560799160.0247608
20160928_20170607,q30,area_m2,2016,3,252,long,2,15060840963.31184,12255639285.28516
20160928_20170607,q40,population,2016,3,252,long,2,22500616.064821858,9563489.18934486
20160928_20170607,q40,builtup_m2,2016,3,252,long,2,1253622866.0,740934720.8968158
20160928_20170607,q40,area_m2,2016,3,252,long,2,15060840963.31184,13158111624.937874
20161010_20161103,unw,population,2016,4,24,short,2,22500616.064821858,181880.40344567524
20161010_20161103,unw,builtup_m2,2016,4,24,short,2,1253622866.0,22098865.678586677
20161010_20161103,unw,area_m2,2016,4,24,short,2,15060840963.31184,3124972771.232668
20161010_20161103,q20,population,2016,4,24,short,2,22500616.064821858,1621205.1240344516
20161010_20161103,q20,builtup_m2,2016,4,24,short,2,1253622866.0,209787487.33384556
20161010_20161103,q20,area_m2,2016,4,24,short,2,15060840963.31184,9613934856.544586
20161010_20161103,q30,population,2016,4,24,short,2,22500616.064821858,2874067.117087925
20161010_20161103,q30,builtup_m2,2016,4,24,short,2,1253622866.0,342489041.22856355
20161010_20161103,q30,area_m2,2016,4,24,short,2,15060840963.31184,11004546443.808664
20161010_20161103,q40,population,2016,4,24,short,2,22500616.064821858,4472634.965119918
20161010_20161103,q40,builtup_m2,2016,4,24,short,2,1253622866.0,473841498.33530974
20161010_20161103,q40,area_m2,2016,4,24,short,2,15060840963.31184,11962293787.498217
20161010_20161115,unw,population,2016,4,36,long,3,22500616.064821858,219583.5514848092
20161010_20161115,unw,builtup_m2,2016,4,36,long,3,1253622866.0,27252331.62706993
20161010_20161115,unw,area_m2,2016,4,36,long,3,15060840963.31184,3570280170.7791114
20161010_20161115,q20,population,2016,4,36,long,3,22500616.064821858,1816517.5871177015
20161010_20161115,q20,builtup_m2,2016,4,36,long,3,1253622866.0,230561299.50823766
20161010_20161115,q20,area_m2,2016,4,36,long,3,15060840963.31184,9878548273.476469
20161010_20161115,q30,population,2016,4,36,long,3,22500616.064821858,3210360.807241235
20161010_20161115,q30,builtup_m2,2016,4,36,long,3,1253622866.0,369161487.8481802
20161010_20161115,q30,area_m2,2016,4,36,long,3,15060840963.31184,11208068819.301178
20161010_20161115,q40,population,2016,4,36,long,3,22500616.064821858,5050741.104885398
20161010_20161115,q40,builtup_m2,2016,4,36,long,3,1253622866.0,508991200.3030754
20161010_20161115,q40,area_m2,2016,4,36,long,3,15060840963.31184,12153857758.35757
20161115_20161209,unw,population,2016,4,24,short,4,22500616.064821858,6073088.856298567
20161115_20161209,unw,builtup_m2,2016,4,24,short,4,1253622866.0,498638512.0703203
20161115_20161209,unw,area_m2,2016,4,24,short,4,15060840963.31184,9052094264.1938
20161115_20161209,q20,population,2016,4,24,short,4,22500616.064821858,7063728.444355934
20161115_20161209,q20,builtup_m2,2016,4,24,short,4,1253622866.0,594404984.3027945
20161115_20161209,q20,area_m2,2016,4,24,short,4,15060840963.31184,11984979623.928486
20161115_20161209,q30,population,2016,4,24,short,4,22500616.064821858,7825734.68658124
20161115_20161209,q30,builtup_m2,2016,4,24,short,4,1253622866.0,659344467.1604125
20161115_20161209,q30,area_m2,2016,4,24,short,4,15060840963.31184,12646675050.648218
20161115_20161209,q40,population,2016,4,24,short,4,22500616.064821858,8971341.222652717
20161115_20161209,q40,builtup_m2,2016,4,24,short,4,1253622866.0,735068081.1292893
20161115_20161209,q40,area_m2,2016,4,24,short,4,15060840963.31184,13152665369.322968
20161115_20170102,unw,population,2016,4,48,long,1,22500616.064821858,238291.7234819714
20161115_20170102,unw,builtup_m2,2016,4,48,long,1,1253622866.0,29555030.182376277
20161115_20170102,unw,area_m2,2016,4,48,long,1,15060840963.31184,3736781394.6965685
20161115_20170102,q20,population,2016,4,48,long,1,22500616.064821858,1922190.7060616168
20161115_20170102,q20,builtup_m2,2016,4,48,long,1,1253622866.0,242104427.90449443
20161115_20170102,q20,area_m2,2016,4,48,long,1,15060840963.31184,10004517421.886906
20161115_20170102,q30,population,2016,4,48,long,1,22500616.064821858,3371696.3359570126
20161115_20170102,q30,builtup_m2,2016,4,48,long,1,1253622866.0,382336970.060402
20161115_20170102,q30,area_m2,2016,4,48,long,1,15060840963.31184,11305838263.391197
20161115_20170102,q40,population,2016,4,48,long,1,22500616.064821858,5340147.333444379
20161115_20170102,q40,builtup_m2,2016,4,48,long,1,1253622866.0,525599176.36930203
20161115_20170102,q40,area_m2,2016,4,48,long,1,15060840963.31184,12241655087.43252
20161209_20170102,unw,population,2016,4,24,short,8,22500616.064821858,18940.273948577425
20161209_20170102,unw,builtup_m2,2016,4,24,short,8,1253622866.0,2604055.334956646
20161209_20170102,unw,area_m2,2016,4,24,short,8,15060840963.31184,770658064.0618359
20161209_20170102,q20,population,2016,4,24,short,8,22500616.064821858,1430663.916496835
20161209_20170102,q20,builtup_m2,2016,4,24,short,8,1253622866.0,183971001.7936019
20161209_20170102,q20,area_m2,2016,4,24,short,8,15060840963.31184,9032513149.19649
20161209_20170102,q30,population,2016,4,24,short,8,22500616.064821858,2591989.946700062
20161209_20170102,q30,builtup_m2,2016,4,24,short,8,1253622866.0,312476290.5716895
20161209_20170102,q30,area_m2,2016,4,24,short,8,15060840963.31184,10645164234.32334
20161209_20170102,q40,population,2016,4,24,short,8,22500616.064821858,4047635.2777798297
20161209_20170102,q40,builtup_m2,2016,4,24,short,8,1253622866.0,439746323.57487833
20161209_20170102,q40,area_m2,2016,4,24,short,8,15060840963.31184,11688550630.217075
20161209_20170126,unw,population,2016,4,48,long,7,22500616.064821858,182939.69489321622
20161209_20170126,unw,builtup_m2,2016,4,48,long,7,1253622866.0,21527421.784590438
20161209_20170126,unw,area_m2,2016,4,48,long,7,15060840963.31184,3265420210.846423
20161209_20170126,q20,population,2016,4,48,long,7,22500616.064821858,1642673.172883633
20161209_20170126,q20,builtup_m2,2016,4,48,long,7,1253622866.0,208967943.9320715
20161209_20170126,q20,area_m2,2016,4,48,long,7,15060840963.31184,9608659462.231644
20161209_20170126,q30,population,2016,4,48,long,7,22500616.064821858,2863629.9411571645
20161209_20170126,q30,builtup_m2,2016,4,48,long,7,1253622866.0,338469253.76513934
20161209_20170126,q30,area_m2,2016,4,48,long,7,15060840963.31184,10973995638.886639
20161209_20170126,q40,population,2016,4,48,long,7,22500616.064821858,4420593.149675485
20161209_20170126,q40,builtup_m2,2016,4,48,long,7,1253622866.0,466944656.0936623
20161209_20170126,q40,area_m2,2016,4,48,long,7,15060840963.31184,11922633783.145452
20161221_20170102,unw,population,2016,4,12,short,6,22500616.064821858,3623.9154784546286
20161221_20170102,unw,builtup_m2,2016,4,12,short,6,1253622866.0,550182.2653557473
20161221_20170102,unw,area_m2,2016,4,12,short,6,15060840963.31184,177005572.70948544
20161221_20170102,q20,population,2016,4,12,short,6,22500616.064821858,942107.009085537
20161221_20170102,q20,builtup_m2,2016,4,12,short,6,1253622866.0,121131102.53555003
20161221_20170102,q20,area_m2,2016,4,12,short,6,15060840963.31184,7388191769.8928175
20161221_20170102,q30,population,2016,4,12,short,6,22500616.064821858,1996097.5476316477
20161221_20170102,q30,builtup_m2,2016,4,12,short,6,1253622866.0,247586807.42679834
20161221_20170102,q30,area_m2,2016,4,12,short,6,15060840963.31184,9738695314.050854
20161221_20170102,q40,population,2016,4,12,short,6,22500616.064821858,3277123.929022627
20161221_20170102,q40,builtup_m2,2016,4,12,short,6,1253622866.0,375396995.8144554
20161221_20170102,q40,area_m2,2016,4,12,short,6,15060840963.31184,11143596192.864576
20161221_20170207,unw,population,2016,4,48,long,5,22500616.064821858,189706.9216436624
20161221_20170207,unw,builtup_m2,2016,4,48,long,5,1253622866.0,22616677.945784494
20161221_20170207,unw,area_m2,2016,4,48,long,5,15060840963.31184,3254795422.960782
20161221_20170207,q20,population,2016,4,48,long,5,22500616.064821858,1673270.5192790572
20161221_20170207,q20,builtup_m2,2016,4,48,long,5,1253622866.0,213610866.78038928
20161221_20170207,q20,area_m2,2016,4,48,long,5,15060840963.31184,9652947330.32346
20161221_20170207,q30,population,2016,4,48,long,5,22500616.064821858,2914038.8701631133
20161221_20170207,q30,builtup_m2,2016,4,48,long,5,1253622866.0,344613319.26191354
20161221_20170207,q30,area_m2,2016,4,48,long,5,15060840963.31184,11028233159.898705
20161221_20170207,q40,population,2016,4,48,long,5,22500616.064821858,4539852.906546123
20161221_20170207,q40,builtup_m2,2016,4,48,long,5,1253622866.0,476541951.1137547
20161221_20170207,q40,area_m2,2016,4,48,long,5,15060840963.31184,11980294883.70172
20170102_20170114,unw,population,2017,1,12,short,7,22500616.064821858,8529.96661165718
20170102_20170114,unw,builtup_m2,2017,1,12,short,7,1253622866.0,1172700.2668701
20170102_20170114,unw,area_m2,2017,1,12,short,7,15060840963.31184,254806728.44916886
20170102_20170114,q20,population,2017,1,12,short,7,22500616.064821858,1125160.3188103228
20170102_20170114,q20,builtup_m2,2017,1,12,short,7,1253622866.0,144099537.04443577
20170102_20170114,q20,area_m2,2017,1,12,short,7,15060840963.31184,7854318066.31436
20170102_20170114,q30,population,2017,1,12,short,7,22500616.064821858,2251327.1721047484
20170102_20170114,q30,builtup_m2,2017,1,12,short,7,1253622866.0,275775197.0119984
20170102_20170114,q30,area_m2,2017,1,12,short,7,15060840963.31184,10066602357.066309
20170102_20170114,q40,population,2017,1,12,short,7,22500616.064821858,3678108.6561026247
20170102_20170114,q40,builtup_m2,2017,1,12,short,7,1253622866.0,408958943.24731016
20170102_20170114,q40,area_m2,2017,1,12,short,7,15060840963.31184,11388425105.210716
20170102_20170126,unw,population,2017,1,24,short,3,22500616.064821858,5444.073254342767
20170102_20170126,unw,builtup_m2,2017,1,24,short,3,1253622866.0,752982.9552332049
20170102_20170126,unw,area_m2,2017,1,24,short,3,15060840963.31184,333226394.9788468
20170102_20170126,q20,population,2017,1,24,short,3,22500616.064821858,1281883.197667072
20170102_20170126,q20,builtup_m2,2017,1,24,short,3,1253622866.0,165151630.29695585
20170102_20170126,q20,area_m2,2017,1,24,short,3,15060840963.31184,8667849628.679085
20170102_20170126,q30,population,2017,1,24,short,3,22500616.064821858,2390597.714205339
20170102_20170126,q30,builtup_m2,2017,1,24,short,3,1253622866.0,291592892.4566832
20170102_20170126,q30,area_m2,2017,1,24,short,3,15060840963.31184,10395814592.817757
20170102_20170126,q40,population,2017,1,24,short,3,22500616.064821858,3776385.031601807
20170102_20170126,q40,builtup_m2,2017,1,24,short,3,1253622866.0,418274413.80100715
20170102_20170126,q40,area_m2,2017,1,24,short,3,15060840963.31184,11518318108.262735
20170114_20170207,unw,population,2017,1,24,short,1,22500616.064821858,19216.688221443696
20170114_20170207,unw,builtup_m2,2017,1,24,short,1,1253622866.0,2635289.660727757
20170114_20170207,unw,area_m2,2017,1,24,short,1,15060840963.31184,701260213.1204416
20170114_20170207,q20,population,2017,1,24,short,1,22500616.064821858,1527644.3016294977
20170114_20170207,q20,builtup_m2,2017,1,24,short,1,1253622866.0,193700186.797733
20170114_20170207,q20,area_m2,2017,1,24,short,1,15060840963.31184,9104262763.882322
20170114_20170207,q30,population,2017,1,24,short,1,22500616.064821858,2777474.3186148424
20170114_20170207,q30,builtup_m2,2017,1,24,short,1,1253622866.0,327570595.6617306
20170114_20170207,q30,area_m2,2017,1,24,short,1,15060840963.31184,10741879860.519062
20170114_20170207,q40,population,2017,1,24,short,1,22500616.064821858,4403231.877914999
20170114_20170207,q40,builtup_m2,2017,1,24,short,1,1253622866.0,462292261.650347
20170114_20170207,q40,area_m2,2017,1,24,short,1,15060840963.31184,11807655097.995718
20170126_20170408,unw,population,2017,1,72,long,4,22500616.064821858,243641.63834170176
20170126_20170408,unw,builtup_m2,2017,1,72,long,4,1253622866.0,29934572.69781951
20170126_20170408,unw,area_m2,2017,1,72,long,4,15060840963.31184,3739844053.9523263
20170126_20170408,q20,population,2017,1,72,long,4,22500616.064821858,1939083.3736124062
20170126_20170408,q20,builtup_m2,2017,1,72,long,4,1253622866.0,243406968.33738375
20170126_20170408,q20,area_m2,2017,1,72,long,4,15060840963.31184,10012235196.965847
20170126_20170408,q30,population,2017,1,72,long,4,22500616.064821858,3365138.8573943945
20170126_20170408,q30,builtup_m2,2017,1,72,long,4,1253622866.0,383467700.2826282
20170126_20170408,q30,area_m2,2017,1,72,long,4,15060840963.31184,11311902894.581758
20170126_20170408,q40,population,2017,1,72,long,4,22500616.064821858,5246601.519657641
20170126_20170408,q40,builtup_m2,2017,1,72,long,4,1253622866.0,523468270.5354308
20170126_20170408,q40,area_m2,2017,1,72,long,4,15060840963.31184,12235695267.841528
20170207_20170408,unw,population,2017,1,60,long,8,22500616.064821858,161147.4387159401
20170207_20170408,unw,builtup_m2,2017,1,60,long,8,1253622866.0,21348261.64472306
20170207_20170408,unw,area_m2,2017,1,60,long,8,15060840963.31184,2943373207.2754455
20170207_20170408,q20,population,2017,1,60,long,8,22500616.064821858,2060228.9750922043
20170207_20170408,q20,builtup_m2,2017,1,60,long,8,1253622866.0,255645993.78079295
20170207_20170408,q20,area_m2,2017,1,60,long,8,15060840963.31184,10067125528.298746
20170207_20170408,q30,population,2017,1,60,long,8,22500616.064821858,3610954.305989548
20170207_20170408,q30,builtup_m2,2017,1,60,long,8,1253622866.0,400713882.0742677
20170207_20170408,q30,area_m2,2017,1,60,long,8,15060840963.31184,11379233057.22934
20170207_20170408,q40,population,2017,1,60,long,8,22500616.064821858,5731978.548871752
20170207_20170408,q40,builtup_m2,2017,1,60,long,8,1253622866.0,549853512.0075312
20170207_20170408,q40,area_m2,2017,1,60,long,8,15060840963.31184,12329629207.851866
20170315_20170327,unw,population,2017,1,12,short,5,22500616.064821858,37646.95277630906
20170315_20170327,unw,builtup_m2,2017,1,12,short,5,1253622866.0,5194214.142918829
20170315_20170327,unw,area_m2,2017,1,12,short,5,15060840963.31184,876588260.7960848
20170315_20170327,q20,population,2017,1,12,short,5,22500616.064821858,1398613.6491483387
20170315_20170327,q20,builtup_m2,2017,1,12,short,5,1253622866.0,175565197.21909148
20170315_20170327,q20,area_m2,2017,1,12,short,5,15060840963.31184,8354240489.750752
20170315_20170327,q30,population,2017,1,12,short,5,22500616.064821858,2611169.541489799
20170315_20170327,q30,builtup_m2,2017,1,12,short,5,1253622866.0,309991077.4215971
20170315_20170327,q30,area_m2,2017,1,12,short,5,15060840963.31184,10359647630.476648
20170315_20170327,q40,population,2017,1,12,short,5,22500616.064821858,4198473.970757829
20170315_20170327,q40,builtup_m2,2017,1,12,short,5,1253622866.0,446120345.3118382
20170315_20170327,q40,area_m2,2017,1,12,short,5,15060840963.31184,11617920964.722406
20170315_20180322,unw,population,2017,1,372,long,2,22500616.064821858,496860.36539897486
20170315_20180322,unw,builtup_m2,2017,1,372,long,2,1253622866.0,60960914.18565802
20170315_20180322,unw,area_m2,2017,1,372,long,2,15060840963.31184,4631169277.304165
20170315_20180322,q20,population,2017,1,372,long,2,22500616.064821858,3633539.210691909
20170315_20180322,q20,builtup_m2,2017,1,372,long,2,1253622866.0,376223385.44051087
20170315_20180322,q20,area_m2,2017,1,372,long,2,15060840963.31184,10956418836.660019
20170315_20180322,q30,population,2017,1,372,long,2,22500616.064821858,6598011.606014972
20170315_20180322,q30,builtup_m2,2017,1,372,long,2,1253622866.0,569020909.1942219
20170315_20180322,q30,area_m2,2017,1,372,long,2,15060840963.31184,12244969216.661922
20170315_20180322,q40,population,2017,1,372,long,2,22500616.064821858,10309291.987601617
20170315_20180322,q40,builtup_m2,2017,1,372,long,2,1253622866.0,755554318.7978481
20170315_20180322,q40,area_m2,2017,1,372,long,2,15060840963.31184,13182168099.441158
20170327_20180310,unw,population,2017,1,348,long,6,22500616.064821858,498639.4298965833
20170327_20180310,unw,builtup_m2,2017,1,348,long,6,1253622866.0,61444971.017313
20170327_20180310,unw,area_m2,2017,1,348,long,6,15060840963.31184,4654812435.6899395
20170327_20180310,q20,population,2017,1,348,long,6,22500616.064821858,3478519.5808798335
20170327_20180310,q20,builtup_m2,2017,1,348,long,6,1253622866.0,369147012.9029631
20170327_20180310,q20,area_m2,2017,1,348,long,6,15060840963.31184,10952793731.787056
20170327_20180310,q30,population,2017,1,348,long,6,22500616.064821858,6114671.65940859
20170327_20180310,q30,builtup_m2,2017,1,348,long,6,1253622866.0,550636994.5304912
20170327_20180310,q30,area_m2,2017,1,348,long,6,15060840963.31184,12195767712.149271
20170327_20180310,q40,population,2017,1,348,long,6,22500616.064821858,9437156.712864015
20170327_20180310,q40,builtup_m2,2017,1,348,long,6,1253622866.0,726363444.7995155
20170327_20180310,q40,area_m2,2017,1,348,long,6,15060840963.31184,13094524444.673405
20170408_20170420,unw,population,2017,2,12,short,6,22500616.064821858,79107.48818035047
20170408_20170420,unw,builtup_m2,2017,2,12,short,6,1253622866.0,7465542.018855597
20170408_20170420,unw,area_m2,2017,2,12,short,6,15060840963.31184,992885548.9225198
20170408_20170420,q20,population,2017,2,12,short,6,22500616.064821858,1054722.376662229
20170408_20170420,q20,builtup_m2,2017,2,12,short,6,1253622866.0,132067022.01150846
20170408_20170420,q20,area_m2,2017,2,12,short,6,15060840963.31184,7381633004.519862
20170408_20170420,q30,population,2017,2,12,short,6,22500616.064821858,2131237.5952286846
20170408_20170420,q30,builtup_m2,2017,2,12,short,6,1253622866.0,259859603.13177165
20170408_20170420,q30,area_m2,2017,2,12,short,6,15060840963.31184,9775452880.311968
20170408_20170420,q40,population,2017,2,12,short,6,22500616.064821858,3519175.1986653074
20170408_20170420,q40,builtup_m2,2017,2,12,short,6,1253622866.0,391368928.123899
20170408_20170420,q40,area_m2,2017,2,12,short,6,15060840963.31184,11227015244.138935
20170408_20170526,unw,population,2017,2,48,long,5,22500616.064821858,256804.89119406356
20170408_20170526,unw,builtup_m2,2017,2,48,long,5,1253622866.0,31630705.74148172
20170408_20170526,unw,area_m2,2017,2,48,long,5,15060840963.31184,3873175097.237971
20170408_20170526,q20,population,2017,2,48,long,5,22500616.064821858,3312678.1927192053
20170408_20170526,q20,builtup_m2,2017,2,48,long,5,1253622866.0,384288174.4805988
20170408_20170526,q20,area_m2,2017,2,48,long,5,15060840963.31184,10935786157.586445
20170408_20170526,q30,population,2017,2,48,long,5,22500616.064821858,4926560.25466477
20170408_20170526,q30,builtup_m2,2017,2,48,long,5,1253622866.0,506887506.8987354
20170408_20170526,q30,area_m2,2017,2,48,long,5,15060840963.31184,11959093125.225016
20170408_20170526,q40,population,2017,2,48,long,5,22500616.064821858,7482051.930738716
20170408_20170526,q40,builtup_m2,2017,2,48,long,5,1253622866.0,648877936.2277818
20170408_20170526,q40,area_m2,2017,2,48,long,5,15060840963.31184,12772836822.352463
20170502_20170514,unw,population,2017,2,12,short,8,22500616.064821858,48237.29802324473
20170502_20170514,unw,builtup_m2,2017,2,12,short,8,1253622866.0,5498622.5710054645
20170502_20170514,unw,area_m2,2017,2,12,short,8,15060840963.31184,690685679.2142113
20170502_20170514,q20,population,2017,2,12,short,8,22500616.064821858,1651956.249656905
20170502_20170514,q20,builtup_m2,2017,2,12,short,8,1253622866.0,194078273.4258236
20170502_20170514,q20,area_m2,2017,2,12,short,8,15060840963.31184,8544551713.783462
20170502_20170514,q30,population,2017,2,12,short,8,22500616.064821858,3414823.1541323983
20170502_20170514,q30,builtup_m2,2017,2,12,short,8,1253622866.0,352595479.66751194
20170502_20170514,q30,area_m2,2017,2,12,short,8,15060840963.31184,10642165038.526209
20170502_20170514,q40,population,2017,2,12,short,8,22500616.064821858,5917338.611720345
20170502_20170514,q40,builtup_m2,2017,2,12,short,8,1253622866.0,521835756.08016676
20170502_20170514,q40,area_m2,2017,2,12,short,8,15060840963.31184,11964783118.581068
20170502_20170607,unw,population,2017,2,36,long,7,22500616.064821858,285993.70416462753
20170502_20170607,unw,builtup_m2,2017,2,36,long,7,1253622866.0,35510676.58535726
20170502_20170607,unw,area_m2,2017,2,36,long,7,15060840963.31184,3945070073.4001937
20170502_20170607,q20,population,2017,2,36,long,7,22500616.064821858,2248014.9846928813
20170502_20170607,q20,builtup_m2,2017,2,36,long,7,1253622866.0,272182916.1829859
20170502_20170607,q20,area_m2,2017,2,36,long,7,15060840963.31184,10285130065.704054
20170502_20170607,q30,population,2017,2,36,long,7,22500616.064821858,4119336.8552972954
20170502_20170607,q30,builtup_m2,2017,2,36,long,7,1253622866.0,430150144.24072784
20170502_20170607,q30,area_m2,2017,2,36,long,7,15060840963.31184,11594240589.134443
20170502_20170607,q40,population,2017,2,36,long,7,22500616.064821858,6869647.055245778
20170502_20170607,q40,builtup_m2,2017,2,36,long,7,1253622866.0,599628597.9139394
20170502_20170607,q40,area_m2,2017,2,36,long,7,15060840963.31184,12567179219.293188
20170514_20170830,unw,population,2017,2,108,long,1,22500616.064821858,432885.9646369316
20170514_20170830,unw,builtup_m2,2017,2,108,long,1,1253622866.0,56859934.09617824
20170514_20170830,unw,area_m2,2017,2,108,long,1,15060840963.31184,4946077443.935985
20170514_20170830,q20,population,2017,2,108,long,1,22500616.064821858,2657491.0318765426
20170514_20170830,q20,builtup_m2,2017,2,108,long,1,1253622866.0,311057994.93665695
20170514_20170830,q20,area_m2,2017,2,108,long,1,15060840963.31184,10603924081.5006
20170514_20170830,q30,population,2017,2,108,long,1,22500616.064821858,4637837.272169778
20170514_20170830,q30,builtup_m2,2017,2,108,long,1,1253622866.0,466487258.7296695
20170514_20170830,q30,area_m2,2017,2,108,long,1,15060840963.31184,11782011947.285585
20170514_20170830,q40,population,2017,2,108,long,1,22500616.064821858,7372761.998645112
20170514_20170830,q40,builtup_m2,2017,2,108,long,1,1253622866.0,626770992.0728514
20170514_20170830,q40,area_m2,2017,2,108,long,1,15060840963.31184,12677466312.104872
20170619_20170701,unw,population,2017,2,12,short,2,22500616.064821858,109020.01627172623
20170619_20170701,unw,builtup_m2,2017,2,12,short,2,1253622866.0,11626168.598092297
20170619_20170701,unw,area_m2,2017,2,12,short,2,15060840963.31184,1323321849.3949826
20170619_20170701,q20,population,2017,2,12,short,2,22500616.064821858,1422772.4484046267
20170619_20170701,q20,builtup_m2,2017,2,12,short,2,1253622866.0,178224531.92177507
20170619_20170701,q20,area_m2,2017,2,12,short,2,15060840963.31184,8713671831.214083
20170619_20170701,q30,population,2017,2,12,short,2,22500616.064821858,2751509.902262027
20170619_20170701,q30,builtup_m2,2017,2,12,short,2,1253622866.0,317731166.8316385
20170619_20170701,q30,area_m2,2017,2,12,short,2,15060840963.31184,10637199503.463083
20170619_20170701,q40,population,2017,2,12,short,2,22500616.064821858,4575454.103045051
20170619_20170701,q40,builtup_m2,2017,2,12,short,2,1253622866.0,460857430.3881752
20170619_20170701,q40,area_m2,2017,2,12,short,2,15060840963.31184,11798810218.662136
20170619_20170713,unw,population,2017,2,24,short,4,22500616.064821858,161779.2634083631
20170619_20170713,unw,builtup_m2,2017,2,24,short,4,1253622866.0,18730604.525978357
20170619_20170713,unw,area_m2,2017,2,24,short,4,15060840963.31184,2495057023.2893524
20170619_20170713,q20,population,2017,2,24,short,4,22500616.064821858,1642689.6744321282
20170619_20170713,q20,builtup_m2,2017,2,24,short,4,1253622866.0,205921543.84322938
20170619_20170713,q20,area_m2,2017,2,24,short,4,15060840963.31184,9502721160.195997
20170619_20170713,q30,population,2017,2,24,short,4,22500616.064821858,3050141.3388024173
20170619_20170713,q30,builtup_m2,2017,2,24,short,4,1253622866.0,346027859.0786943
20170619_20170713,q30,area_m2,2017,2,24,short,4,15060840963.31184,10992213150.685091
20170619_20170713,q40,population,2017,2,24,short,4,22500616.064821858,5048493.016783933
20170619_20170713,q40,builtup_m2,2017,2,24,short,4,1253622866.0,492340288.25323474
20170619_20170713,q40,area_m2,2017,2,24,short,4,15060840963.31184,12020520949.479809
20170619_20170830,unw,population,2017,2,72,long,3,22500616.064821858,233935.88740584182
20170619_20170830,unw,builtup_m2,2017,2,72,long,3,1253622866.0,30405673.659614936
20170619_20170830,unw,area_m2,2017,2,72,long,3,15060840963.31184,3686712325.120132
20170619_20170830,q20,population,2017,2,72,long,3,22500616.064821858,2106820.837494233
20170619_20170830,q20,builtup_m2,2017,2,72,long,3,1253622866.0,263518916.16866857
20170619_20170830,q20,area_m2,2017,2,72,long,3,15060840963.31184,10167042081.15725
20170619_20170830,q30,population,2017,2,72,long,3,22500616.064821858,3614142.8970225486
20170619_20170830,q30,builtup_m2,2017,2,72,long,3,1253622866.0,404264935.68636125
20170619_20170830,q30,area_m2,2017,2,72,long,3,15060840963.31184,11400077983.27732
20170619_20170830,q40,population,2017,2,72,long,3,22500616.064821858,5598423.450052593
20170619_20170830,q40,builtup_m2,2017,2,72,long,3,1253622866.0,545305256.1658115
20170619_20170830,q40,area_m2,2017,2,72,long,3,15060840963.31184,12299049133.462496
20170713_20170725,unw,population,2017,3,12,short,1,22500616.064821858,95461.57586841854
20170713_20170725,unw,builtup_m2,2017,3,12,short,1,1253622866.0,9529821.935231857
20170713_20170725,unw,area_m2,2017,3,12,short,1,15060840963.31184,1322822701.3690164
20170713_20170725,q20,population,2017,3,12,short,1,22500616.064821858,1220521.281161318
20170713_20170725,q20,builtup_m2,2017,3,12,short,1,1253622866.0,154089131.44148508
20170713_20170725,q20,area_m2,2017,3,12,short,1,15060840963.31184,8376832508.142202
20170713_20170725,q30,population,2017,3,12,short,1,22500616.064821858,2361642.401833971
20170713_20170725,q30,builtup_m2,2017,3,12,short,1,1253622866.0,283575529.97369677
20170713_20170725,q30,area_m2,2017,3,12,short,1,15060840963.31184,10322910532.770088
20170713_20170725,q40,population,2017,3,12,short,1,22500616.064821858,3823781.0058239405
20170713_20170725,q40,builtup_m2,2017,3,12,short,1,1253622866.0,414247581.5658505
20170713_20170725,q40,area_m2,2017,3,12,short,1,15060840963.31184,11506682602.97975
20170725_20170806,unw,population,2017,3,12,short,7,22500616.064821858,122431.11600337394
20170725_20170806,unw,builtup_m2,2017,3,12,short,7,1253622866.0,13356849.026510563
20170725_20170806,unw,area_m2,2017,3,12,short,7,15060840963.31184,1769328113.9237678
20170725_20170806,q20,population,2017,3,12,short,7,22500616.064821858,1497822.243673086
20170725_20170806,q20,builtup_m2,2017,3,12,short,7,1253622866.0,188871625.37769055
20170725_20170806,q20,area_m2,2017,3,12,short,7,15060840963.31184,9020351151.727058
20170725_20170806,q30,population,2017,3,12,short,7,22500616.064821858,2841638.842209182
20170725_20170806,q30,builtup_m2,2017,3,12,short,7,1253622866.0,327848158.37955743
20170725_20170806,q30,area_m2,2017,3,12,short,7,15060840963.31184,10755348174.873882
20170725_20170806,q40,population,2017,3,12,short,7,22500616.064821858,4733564.731714076
20170725_20170806,q40,builtup_m2,2017,3,12,short,7,1253622866.0,470257820.00396067
20170725_20170806,q40,area_m2,2017,3,12,short,7,15060840963.31184,11865580126.085493
20170806_20170923,unw,population,2017,3,48,long,2,22500616.064821858,254637.30459464734
20170806_20170923,unw,builtup_m2,2017,3,48,long,2,1253622866.0,31591586.471105818
20170806_20170923,unw,area_m2,2017,3,48,long,2,15060840963.31184,3901852013.3492985
20170806_20170923,q20,population,2017,3,48,long,2,22500616.064821858,1956923.19447312
20170806_20170923,q20,builtup_m2,2017,3,48,long,2,1253622866.0,245977451.319196
20170806_20170923,q20,area_m2,2017,3,48,long,2,15060840963.31184,10038562501.056059
20170806_20170923,q30,population,2017,3,48,long,2,22500616.064821858,3455958.0357533917
20170806_20170923,q30,builtup_m2,2017,3,48,long,2,1253622866.0,386197509.7229919
20170806_20170923,q30,area_m2,2017,3,48,long,2,15060840963.31184,11316003699.67926
20170806_20170923,q40,population,2017,3,48,long,2,22500616.064821858,5500253.479599143
20170806_20170923,q40,builtup_m2,2017,3,48,long,2,1253622866.0,529609835.50733733
20170806_20170923,q40,area_m2,2017,3,48,long,2,15060840963.31184,12242259144.268343
20170830_20170923,unw,population,2017,3,24,short,3,22500616.064821858,74024.5458845822
20170830_20170923,unw,builtup_m2,2017,3,24,short,3,1253622866.0,10580370.420798786
20170830_20170923,unw,area_m2,2017,3,24,short,3,15060840963.31184,1944643471.687376
20170830_20170923,q20,population,2017,3,24,short,3,22500616.064821858,1741795.872163756
20170830_20170923,q20,builtup_m2,2017,3,24,short,3,1253622866.0,222990513.23889655
20170830_20170923,q20,area_m2,2017,3,24,short,3,15060840963.31184,9625772691.373203
20170830_20170923,q30,population,2017,3,24,short,3,22500616.064821858,3046192.891228073
20170830_20170923,q30,builtup_m2,2017,3,24,short,3,1253622866.0,356210565.212242
20170830_20170923,q30,area_m2,2017,3,24,short,3,15060840963.31184,11015809156.016745
20170830_20170923,q40,population,2017,3,24,short,3,22500616.064821858,4720789.342922587
20170830_20170923,q40,builtup_m2,2017,3,24,short,3,1253622866.0,488300038.86907345
20170830_20170923,q40,area_m2,2017,3,24,short,3,15060840963.31184,11972972116.529116
20170911_20180906,unw,population,2017,3,360,long,6,22500616.064821858,501671.4783325295
20170911_20180906,unw,builtup_m2,2017,3,360,long,6,1253622866.0,61614664.105120316
20170911_20180906,unw,area_m2,2017,3,360,long,6,15060840963.31184,4631757699.597037
20170911_20180906,q20,population,2017,3,360,long,6,22500616.064821858,3558865.5193847367
20170911_20180906,q20,builtup_m2,2017,3,360,long,6,1253622866.0,374074747.8955048
20170911_20180906,q20,area_m2,2017,3,360,long,6,15060840963.31184,10968394035.893343
20170911_20180906,q30,population,2017,3,360,long,6,22500616.064821858,6295347.0772116
20170911_20180906,q30,builtup_m2,2017,3,360,long,6,1253622866.0,560331954.8603318
20170911_20180906,q30,area_m2,2017,3,360,long,6,15060840963.31184,12220586854.237219
20170911_20180906,q40,population,2017,3,360,long,6,22500616.064821858,9548646.49042277
20170911_20180906,q40,builtup_m2,2017,3,360,long,6,1253622866.0,735741977.7783571
20170911_20180906,q40,area_m2,2017,3,360,long,6,15060840963.31184,13114393840.69464
20170923_20171005,unw,population,2017,3,12,short,5,22500616.064821858,118769.42535289409
20170923_20171005,unw,builtup_m2,2017,3,12,short,5,1253622866.0,13385845.1958276
20170923_20171005,unw,area_m2,2017,3,12,short,5,15060840963.31184,1973445512.059645
20170923_20171005,q20,population,2017,3,12,short,5,22500616.064821858,1418961.3424591685
20170923_20171005,q20,builtup_m2,2017,3,12,short,5,1253622866.0,182980178.82913983
20170923_20171005,q20,area_m2,2017,3,12,short,5,15060840963.31184,9037057673.283209
20170923_20171005,q30,population,2017,3,12,short,5,22500616.064821858,2647774.2073330637
20170923_20171005,q30,builtup_m2,2017,3,12,short,5,1253622866.0,315820980.09755164
20170923_20171005,q30,area_m2,2017,3,12,short,5,15060840963.31184,10696424660.257895
20170923_20171005,q40,population,2017,3,12,short,5,22500616.064821858,4232727.676203644
20170923_20171005,q40,builtup_m2,2017,3,12,short,5,1253622866.0,447780173.5801645
20170923_20171005,q40,area_m2,2017,3,12,short,5,15060840963.31184,11753521469.5037
20170923_20171122,unw,population,2017,3,60,long,8,22500616.064821858,3962548.2797627104
20170923_20171122,unw,builtup_m2,2017,3,60,long,8,1253622866.0,419699219.7237936
20170923_20171122,unw,area_m2,2017,3,60,long,8,15060840963.31184,11439845623.002237
20170923_20171122,q20,population,2017,3,60,long,8,22500616.064821858,3964336.8157302975
20170923_20171122,q20,builtup_m2,2017,3,60,long,8,1253622866.0,419869881.7994691
20170923_20171122,q20,area_m2,2017,3,60,long,8,15060840963.31184,11444327922.924376
20170923_20171122,q30,population,2017,3,60,long,8,22500616.064821858,4161738.648845956
20170923_20171122,q30,builtup_m2,2017,3,60,long,8,1253622866.0,435116825.99057037
20170923_20171122,q30,area_m2,2017,3,60,long,8,15060840963.31184,11582446468.825176
20170923_20171122,q40,population,2017,3,60,long,8,22500616.064821858,6386463.067192632
20170923_20171122,q40,builtup_m2,2017,3,60,long,8,1253622866.0,573246050.4054431
20170923_20171122,q40,area_m2,2017,3,60,long,8,15060840963.31184,12404297505.194794
20170923_20180620,unw,population,2017,3,270,long,4,22500616.064821858,486971.878907953
20170923_20180620,unw,builtup_m2,2017,3,270,long,4,1253622866.0,60364722.051733226
20170923_20180620,unw,area_m2,2017,3,270,long,4,15060840963.31184,4613531102.084212
20170923_20180620,q20,population,2017,3,270,long,4,22500616.064821858,3589461.071279835
20170923_20180620,q20,builtup_m2,2017,3,270,long,4,1253622866.0,374192273.83525205
20170923_20180620,q20,area_m2,2017,3,270,long,4,15060840963.31184,10970360707.087269
20170923_20180620,q30,population,2017,3,270,long,4,22500616.064821858,6659551.812745398
20170923_20180620,q30,builtup_m2,2017,3,270,long,4,1253622866.0,570673434.3011448
20170923_20180620,q30,area_m2,2017,3,270,long,4,15060840963.31184,12264344686.797163
20170923_20180620,q40,population,2017,3,270,long,4,22500616.064821858,10634280.791070862
20170923_20180620,q40,builtup_m2,2017,3,270,long,4,1253622866.0,766753471.4600939
20170923_20180620,q40,area_m2,2017,3,270,long,4,15060840963.31184,13215728247.872234
20171005_20171017,unw,population,2017,4,12,short,4,22500616.064821858,117135.89668074381
20171005_20171017,unw,builtup_m2,2017,4,12,short,4,1253622866.0,13393142.392836278
20171005_20171017,unw,area_m2,2017,4,12,short,4,15060840963.31184,1876099451.6732497
20171005_20171017,q20,population,2017,4,12,short,4,22500616.064821858,1399114.8219301486
20171005_20171017,q20,builtup_m2,2017,4,12,short,4,1253622866.0,182181203.99874753
20171005_20171017,q20,area_m2,2017,4,12,short,4,15060840963.31184,8933953281.59022
20171005_20171017,q30,population,2017,4,12,short,4,22500616.064821858,2623656.194587717
20171005_20171017,q30,builtup_m2,2017,4,12,short,4,1253622866.0,316641032.23299146
20171005_20171017,q30,area_m2,2017,4,12,short,4,15060840963.31184,10644634816.684668
20171005_20171017,q40,population,2017,4,12,short,4,22500616.064821858,4208210.620025725
20171005_20171017,q40,builtup_m2,2017,4,12,short,4,1253622866.0,450607155.0662976
20171005_20171017,q40,area_m2,2017,4,12,short,4,15060840963.31184,11741159272.870249
20171005_20171122,unw,population,2017,4,48,long,1,22500616.064821858,235014.0364096507
20171005_20171122,unw,builtup_m2,2017,4,48,long,1,1253622866.0,29423798.986135267
20171005_20171122,unw,area_m2,2017,4,48,long,1,15060840963.31184,3653093936.2913547
20171005_20171122,q20,population,2017,4,48,long,1,22500616.064821858,1892200.7462394107
20171005_20171122,q20,builtup_m2,2017,4,48,long,1,1253622866.0,239699962.06579357
20171005_20171122,q20,area_m2,2017,4,48,long,1,15060840963.31184,9941891705.452332
20171005_20171122,q30,population,2017,4,48,long,1,22500616.064821858,3364144.1838542316
20171005_20171122,q30,builtup_m2,2017,4,48,long,1,1253622866.0,380720330.2007574
20171005_20171122,q30,area_m2,2017,4,48,long,1,15060840963.31184,11256550143.045197
20171005_20171122,q40,population,2017,4,48,long,1,22500616.064821858,5394244.1650859285
20171005_20171122,q40,builtup_m2,2017,4,48,long,1,1253622866.0,524705456.9011405
20171005_20171122,q40,area_m2,2017,4,48,long,1,15060840963.31184,12203890134.665722
20171110_20171122,unw,population,2017,4,12,short,2,22500616.064821858,111499.54008620945
20171110_20171122,unw,builtup_m2,2017,4,12,short,2,1253622866.0,12317454.591295587
20171110_20171122,unw,area_m2,2017,4,12,short,2,15060840963.31184,1799715164.6963015
20171110_20171122,q20,population,2017,4,12,short,2,22500616.064821858,1354826.8388947512
20171110_20171122,q20,builtup_m2,2017,4,12,short,2,1253622866.0,173757387.24127948
20171110_20171122,q20,area_m2,2017,4,12,short,2,15060840963.31184,8902735742.898016
20171110_20171122,q30,population,2017,4,12,short,2,22500616.064821858,2559748.2021008697
20171110_20171122,q30,builtup_m2,2017,4,12,short,2,1253622866.0,305880434.5191851
20171110_20171122,q30,area_m2,2017,4,12,short,2,15060840963.31184,10585165481.468077
20171110_20171122,q40,population,2017,4,12,short,2,22500616.064821858,4134041.0225730645
20171110_20171122,q40,builtup_m2,2017,4,12,short,2,1253622866.0,440345302.43278456
20171110_20171122,q40,area_m2,2017,4,12,short,2,15060840963.31184,11674032257.575811
20171122_20171216,unw,population,2017,4,24,short,8,22500616.064821858,3193496.68175418
20171122_20171216,unw,builtup_m2,2017,4,24,short,8,1253622866.0,363255088.8602327
20171122_20171216,unw,area_m2,2017,4,24,short,8,15060840963.31184,11010173240.09404
20171122_20171216,q20,population,2017,4,24,short,8,22500616.064821858,3194231.6983431284
20171122_20171216,q20,builtup_m2,2017,4,24,short,8,1253622866.0,363345233.7314302
20171122_20171216,q20,area_m2,2017,4,24,short,8,15060840963.31184,11013568641.897867
20171122_20171216,q30,population,2017,4,24,short,8,22500616.064821858,3347729.1945448546
20171122_20171216,q30,builtup_m2,2017,4,24,short,8,1253622866.0,377223190.8934898
20171122_20171216,q30,area_m2,2017,4,24,short,8,15060840963.31184,11159423732.934
20171122_20171216,q40,population,2017,4,24,short,8,22500616.064821858,4993839.108374589
20171122_20171216,q40,builtup_m2,2017,4,24,short,8,1253622866.0,501753501.05141586
20171122_20171216,q40,area_m2,2017,4,24,short,8,15060840963.31184,12020531858.846958
20171122_20171228,unw,population,2017,4,36,long,7,22500616.064821858,3386947.4291259144
20171122_20171228,unw,builtup_m2,2017,4,36,long,7,1253622866.0,377540795.0883836
20171122_20171228,unw,area_m2,2017,4,36,long,7,15060840963.31184,11122302293.781591
20171122_20171228,q20,population,2017,4,36,long,7,22500616.064821858,3388306.3876262843
20171122_20171228,q20,builtup_m2,2017,4,36,long,7,1253622866.0,377677641.3688616
20171122_20171228,q20,area_m2,2017,4,36,long,7,15060840963.31184,11126575369.267082
20171122_20171228,q30,population,2017,4,36,long,7,22500616.064821858,3557825.4219605247
20171122_20171228,q30,builtup_m2,2017,4,36,long,7,1253622866.0,392259883.0607221
20171122_20171228,q30,area_m2,2017,4,36,long,7,15060840963.31184,11273065900.045237
20171122_20171228,q40,population,2017,4,36,long,7,22500616.064821858,5431313.2247525
20171122_20171228,q40,builtup_m2,2017,4,36,long,7,1253622866.0,522134104.6946739
20171122_20171228,q40,area_m2,2017,4,36,long,7,15060840963.31184,12139892297.897505
20171204_20171228,unw,population,2017,4,24,short,6,22500616.064821858,2888957.5358796674
20171204_20171228,unw,builtup_m2,2017,4,24,short,6,1253622866.0,337208097.74563265
20171204_20171228,unw,area_m2,2017,4,24,short,6,15060840963.31184,10796956184.99607
20171204_20171228,q20,population,2017,4,24,short,6,22500616.064821858,2889566.157443645
20171204_20171228,q20,builtup_m2,2017,4,24,short,6,1253622866.0,337288711.47686493
20171204_20171228,q20,area_m2,2017,4,24,short,6,15060840963.31184,10800063342.030653
20171204_20171228,q30,population,2017,4,24,short,6,22500616.064821858,3031879.7476631003
20171204_20171228,q30,builtup_m2,2017,4,24,short,6,1253622866.0,350850683.66682327
20171204_20171228,q30,area_m2,2017,4,24,short,6,15060840963.31184,10951321636.657879
20171204_20171228,q40,population,2017,4,24,short,6,22500616.064821858,4574210.403933453
20171204_20171228,q40,builtup_m2,2017,4,24,short,6,1253622866.0,473154460.4183274
20171204_20171228,q40,area_m2,2017,4,24,short,6,15060840963.31184,11866084203.114618
20171204_20180109,unw,population,2017,4,36,long,5,22500616.064821858,5834193.393159311
20171204_20180109,unw,builtup_m2,2017,4,36,long,5,1253622866.0,464799940.8425859
20171204_20180109,unw,area_m2,2017,4,36,long,5,15060840963.31184,11519146500.618147
20171204_20180109,q20,population,2017,4,36,long,5,22500616.064821858,5836538.5031322315
20171204_20180109,q20,builtup_m2,2017,4,36,long,5,1253622866.0,464944011.40424615
20171204_20180109,q20,area_m2,2017,4,36,long,5,15060840963.31184,11522446004.1021
20171204_20180109,q30,population,2017,4,36,long,5,22500616.064821858,6168068.937174689
20171204_20180109,q30,builtup_m2,2017,4,36,long,5,1253622866.0,484297326.4272289
20171204_20180109,q30,area_m2,2017,4,36,long,5,15060840963.31184,11678383668.227497
20171204_20180109,q40,population,2017,4,36,long,5,22500616.064821858,10399785.007442301
20171204_20180109,q40,builtup_m2,2017,4,36,long,5,1253622866.0,682945057.6629951
20171204_20180109,q40,area_m2,2017,4,36,long,5,15060840963.31184,12715028069.58756
20171216_20180202,unw,population,2017,4,48,long,3,22500616.064821858,179237.86092879786
20171216_20180202,unw,builtup_m2,2017,4,48,long,3,1253622866.0,20976712.99138359
20171216_20180202,unw,area_m2,2017,4,48,long,3,15060840963.31184,3269960754.860699
20171216_20180202,q20,population,2017,4,48,long,3,22500616.064821858,1583844.7868357794
20171216_20180202,q20,builtup_m2,2017,4,48,long,3,1253622866.0,203089268.5504288
20171216_20180202,q20,area_m2,2017,4,48,long,3,15060840963.31184,9545523957.076033
20171216_20180202,q30,population,2017,4,48,long,3,22500616.064821858,2801840.494462547
20171216_20180202,q30,builtup_m2,2017,4,48,long,3,1253622866.0,332627591.93786377
20171216_20180202,q30,area_m2,2017,4,48,long,3,15060840963.31184,10915060055.274603
20171216_20180202,q40,population,2017,4,48,long,3,22500616.064821858,4421898.426744979
20171216_20180202,q40,builtup_m2,2017,4,48,long,3,1253622866.0,464244857.90319425
20171216_20180202,q40,area_m2,2017,4,48,long,3,15060840963.31184,11882836330.007605
20180202_20180226,unw,population,2018,1,24,short,5,22500616.064821858,134956.08299750247
20180202_20180226,unw,builtup_m2,2018,1,24,short,5,1253622866.0,15212354.973297935
20180202_20180226,unw,area_m2,2018,1,24,short,5,15060840963.31184,2192444771.5930824
20180202_20180226,q20,population,2018,1,24,short,5,22500616.064821858,1571416.6681041
20180202_20180226,q20,builtup_m2,2018,1,24,short,5,1253622866.0,193551290.15794268
20180202_20180226,q20,area_m2,2018,1,24,short,5,15060840963.31184,9243698650.032234
20180202_20180226,q30,population,2018,1,24,short,5,22500616.064821858,3074889.819473693
20180202_20180226,q30,builtup_m2,2018,1,24,short,5,1253622866.0,338541434.3795186
20180202_20180226,q30,area_m2,2018,1,24,short,5,15060840963.31184,10866431882.589853
20180202_20180226,q40,population,2018,1,24,short,5,22500616.064821858,5390439.930153254
20180202_20180226,q40,builtup_m2,2018,1,24,short,5,1253622866.0,498730493.01821053
20180202_20180226,q40,area_m2,2018,1,24,short,5,15060840963.31184,11991208912.044674
20180202_20180310,unw,population,2018,1,36,long,4,22500616.064821858,56940.21540157405
20180202_20180310,unw,builtup_m2,2018,1,36,long,4,1253622866.0,8083392.952474506
20180202_20180310,unw,area_m2,2018,1,36,long,4,15060840963.31184,1580932806.4494185
20180202_20180310,q20,population,2018,1,36,long,4,22500616.064821858,1638420.8351792663
20180202_20180310,q20,builtup_m2,2018,1,36,long,4,1253622866.0,207675891.0288392
20180202_20180310,q20,area_m2,2018,1,36,long,4,15060840963.31184,9448132116.98329
20180202_20180310,q30,population,2018,1,36,long,4,22500616.064821858,2955207.853334366
20180202_20180310,q30,builtup_m2,2018,1,36,long,4,1253622866.0,340513802.77325875
20180202_20180310,q30,area_m2,2018,1,36,long,4,15060840963.31184,10872809627.971828
20180202_20180310,q40,population,2018,1,36,long,4,22500616.064821858,4730830.490856866
20180202_20180310,q40,builtup_m2,2018,1,36,long,4,1253622866.0,476206992.7154658
20180202_20180310,q40,area_m2,2018,1,36,long,4,15060840963.31184,11869412368.075378
20180214_20180226,unw,population,2018,1,12,short,7,22500616.064821858,87731.95328420744
20180214_20180226,unw,builtup_m2,2018,1,12,short,7,1253622866.0,8643694.415680047
20180214_20180226,unw,area_m2,2018,1,12,short,7,15060840963.31184,1180629600.9820783
20180214_20180226,q20,population,2018,1,12,short,7,22500616.064821858,1252460.641434103
20180214_20180226,q20,builtup_m2,2018,1,12,short,7,1253622866.0,149280601.52285337
20180214_20180226,q20,area_m2,2018,1,12,short,7,15060840963.31184,8099171787.542888
20180214_20180226,q30,population,2018,1,12,short,7,22500616.064821858,2650945.554471284
20180214_20180226,q30,builtup_m2,2018,1,12,short,7,1253622866.0,291086709.5009848
20180214_20180226,q30,area_m2,2018,1,12,short,7,15060840963.31184,10261004100.719736
20180214_20180226,q40,population,2018,1,12,short,7,22500616.064821858,4814921.219243801
20180214_20180226,q40,builtup_m2,2018,1,12,short,7,1253622866.0,450433045.49471325
20180214_20180226,q40,area_m2,2018,1,12,short,7,15060840963.31184,11623879644.017965
20180226_20180310,unw,population,2018,1,12,short,1,22500616.064821858,95512.23105866803
20180226_20180310,unw,builtup_m2,2018,1,12,short,1,1253622866.0,9762545.429804837
20180226_20180310,unw,area_m2,2018,1,12,short,1,15060840963.31184,1407968628.6361012
20180226_20180310,q20,population,2018,1,12,short,1,22500616.064821858,1286175.9265762712
20180226_20180310,q20,builtup_m2,2018,1,12,short,1,1253622866.0,155323537.37924784
20180226_20180310,q20,area_m2,2018,1,12,short,1,15060840963.31184,8272476152.91843
20180226_20180310,q30,population,2018,1,12,short,1,22500616.064821858,2677388.32026546
20180226_20180310,q30,builtup_m2,2018,1,12,short,1,1253622866.0,294272697.05508065
20180226_20180310,q30,area_m2,2018,1,12,short,1,15060840963.31184,10320143280.351643
20180226_20180310,q40,population,2018,1,12,short,1,22500616.064821858,4829153.177231041
20180226_20180310,q40,builtup_m2,2018,1,12,short,1,1253622866.0,450202530.6999899
20180226_20180310,q40,area_m2,2018,1,12,short,1,15060840963.31184,11643670924.672876
20180310_20180403,unw,population,2018,1,24,short,3,22500616.064821858,240551.33343506156
20180310_20180403,unw,builtup_m2,2018,1,24,short,3,1253622866.0,8242876.55819234
20180310_20180403,unw,area_m2,2018,1,24,short,3,15060840963.31184,940905951.1554887
20180310_20180403,q20,population,2018,1,24,short,3,22500616.064821858,1795910.6415128545
20180310_20180403,q20,builtup_m2,2018,1,24,short,3,1253622866.0,190207449.05903733
20180310_20180403,q20,area_m2,2018,1,24,short,3,15060840963.31184,8943946794.978138
20180310_20180403,q30,population,2018,1,24,short,3,22500616.064821858,3216113.610202354
20180310_20180403,q30,builtup_m2,2018,1,24,short,3,1253622866.0,321578401.6086105
20180310_20180403,q30,area_m2,2018,1,24,short,3,15060840963.31184,10592242767.770376
20180310_20180403,q40,population,2018,1,24,short,3,22500616.064821858,5195385.309707133
20180310_20180403,q40,builtup_m2,2018,1,24,short,3,1253622866.0,460480279.93884534
20180310_20180403,q40,area_m2,2018,1,24,short,3,15060840963.31184,11692136396.780317
20180310_20180620,unw,population,2018,1,102,long,8,22500616.064821858,306673.7859844408
20180310_20180620,unw,builtup_m2,2018,1,102,long,8,1253622866.0,37806458.6256222
20180310_20180620,unw,area_m2,2018,1,102,long,8,15060840963.31184,4030646779.574215
20180310_20180620,q20,population,2018,1,102,long,8,22500616.064821858,1992090.599570119
20180310_20180620,q20,builtup_m2,2018,1,102,long,8,1253622866.0,251979492.2337525
20180310_20180620,q20,area_m2,2018,1,102,long,8,15060840963.31184,10021613254.037119
20180310_20180620,q30,population,2018,1,102,long,8,22500616.064821858,3387452.094835959
20180310_20180620,q30,builtup_m2,2018,1,102,long,8,1253622866.0,387326103.3248484
20180310_20180620,q30,area_m2,2018,1,102,long,8,15060840963.31184,11260204080.814165
20180310_20180620,q40,population,2018,1,102,long,8,22500616.064821858,5222700.040410908
20180310_20180620,q40,builtup_m2,2018,1,102,long,8,1253622866.0,522407248.08758664
20180310_20180620,q40,area_m2,2018,1,102,long,8,15060840963.31184,12163542267.806204
20180310_20190323,unw,population,2018,1,378,long,2,22500616.064821858,506858.0502311864
20180310_20190323,unw,builtup_m2,2018,1,378,long,2,1253622866.0,61190250.7635498
20180310_20190323,unw,area_m2,2018,1,378,long,2,15060840963.31184,4593473043.3716545
20180310_20190323,q20,population,2018,1,378,long,2,22500616.064821858,3797901.896977118
20180310_20190323,q20,builtup_m2,2018,1,378,long,2,1253622866.0,380114114.0905014
20180310_20190323,q20,area_m2,2018,1,378,long,2,15060840963.31184,10968689614.517488
20180310_20190323,q30,population,2018,1,378,long,2,22500616.064821858,6766994.518666764
20180310_20190323,q30,builtup_m2,2018,1,378,long,2,1253622866.0,571147525.156227
20180310_20190323,q30,area_m2,2018,1,378,long,2,15060840963.31184,12247453071.746744
20180310_20190323,q40,population,2018,1,378,long,2,22500616.064821858,10347411.079024846
20180310_20190323,q40,builtup_m2,2018,1,378,long,2,1253622866.0,753995853.4117837
20180310_20190323,q40,area_m2,2018,1,378,long,2,15060840963.31184,13166077059.83163
20180322_20190323,unw,population,2018,1,366,long,6,22500616.064821858,514011.8074239649
20180322_20190323,unw,builtup_m2,2018,1,366,long,6,1253622866.0,61064938.827347755
20180322_20190323,unw,area_m2,2018,1,366,long,6,15060840963.31184,4589319761.833316
20180322_20190323,q20,population,2018,1,366,long,6,22500616.064821858,3946991.719966673
20180322_20190323,q20,builtup_m2,2018,1,366,long,6,1253622866.0,388260130.6004522
20180322_20190323,q20,area_m2,2018,1,366,long,6,15060840963.31184,10998401878.779173
20180322_20190323,q30,population,2018,1,366,long,6,22500616.064821858,7080129.988786835
20180322_20190323,q30,builtup_m2,2018,1,366,long,6,1253622866.0,585988730.6060125
20180322_20190323,q30,area_m2,2018,1,366,long,6,15060840963.31184,12300900286.563538
20180322_20190323,q40,population,2018,1,366,long,6,22500616.064821858,10787965.376990885
20180322_20190323,q40,builtup_m2,2018,1,366,long,6,1253622866.0,772492233.372316
20180322_20190323,q40,area_m2,2018,1,366,long,6,15060840963.31184,13227062701.551731
20180403_20180509,unw,population,2018,2,36,long,3,22500616.064821858,200182.63476132764
20180403_20180509,unw,builtup_m2,2018,2,36,long,3,1253622866.0,22143158.709329695
20180403_20180509,unw,area_m2,2018,2,36,long,3,15060840963.31184,3280158271.9318967
20180403_20180509,q20,population,2018,2,36,long,3,22500616.064821858,1954118.5728822637
20180403_20180509,q20,builtup_m2,2018,2,36,long,3,1253622866.0,210714751.5178372
20180403_20180509,q20,area_m2,2018,2,36,long,3,15060840963.31184,9575293775.559
20180403_20180509,q30,population,2018,2,36,long,3,22500616.064821858,3654446.759455564
20180403_20180509,q30,builtup_m2,2018,2,36,long,3,1253622866.0,349679686.0097231
20180403_20180509,q30,area_m2,2018,2,36,long,3,15060840963.31184,10962270982.422663
20180403_20180509,q40,population,2018,2,36,long,3,22500616.064821858,5946666.450803985
20180403_20180509,q40,builtup_m2,2018,2,36,long,3,1253622866.0,496898527.10361874
20180403_20180509,q40,area_m2,2018,2,36,long,3,15060840963.31184,11973547328.306078
20180415_20180427,unw,population,2018,2,12,short,2,22500616.064821858,33831.40785362352
20180415_20180427,unw,builtup_m2,2018,2,12,short,2,1253622866.0,3794354.4354477758
20180415_20180427,unw,area_m2,2018,2,12,short,2,15060840963.31184,752268094.7848516
20180415_20180427,q20,population,2018,2,12,short,2,22500616.064821858,1604418.6233732095
20180415_20180427,q20,builtup_m2,2018,2,12,short,2,1253622866.0,200414417.82640082
20180415_20180427,q20,area_m2,2018,2,12,short,2,15060840963.31184,8898254380.324646
20180415_20180427,q30,population,2018,2,12,short,2,22500616.064821858,3064454.9667089507
20180415_20180427,q30,builtup_m2,2018,2,12,short,2,1253622866.0,348888857.3005179
20180415_20180427,q30,area_m2,2018,2,12,short,2,15060840963.31184,10773455027.963516
20180415_20180427,q40,population,2018,2,12,short,2,22500616.064821858,5119247.539857182
20180415_20180427,q40,builtup_m2,2018,2,12,short,2,1253622866.0,502266629.84754586
20180415_20180427,q40,area_m2,2018,2,12,short,2,15060840963.31184,11954710890.948412
20180602_20180626,unw,population,2018,2,24,short,8,22500616.064821858,155226.21799766822
20180602_20180626,unw,builtup_m2,2018,2,24,short,8,1253622866.0,18522700.121693846
20180602_20180626,unw,area_m2,2018,2,24,short,8,15060840963.31184,2393424560.489575
20180602_20180626,q20,population,2018,2,24,short,8,22500616.064821858,1673024.5976582624
20180602_20180626,q20,builtup_m2,2018,2,24,short,8,1253622866.0,209226669.46156904
20180602_20180626,q20,area_m2,2018,2,24,short,8,15060840963.31184,9469957835.125061
20180602_20180626,q30,population,2018,2,24,short,8,22500616.064821858,3087771.3715784946
20180602_20180626,q30,builtup_m2,2018,2,24,short,8,1253622866.0,348301956.7206823
20180602_20180626,q30,area_m2,2018,2,24,short,8,15060840963.31184,10974044885.614067
20180602_20180626,q40,population,2018,2,24,short,8,22500616.064821858,5065882.275660852
20180602_20180626,q40,builtup_m2,2018,2,24,short,8,1253622866.0,491746012.9338997
20180602_20180626,q40,area_m2,2018,2,24,short,8,15060840963.31184,11996404327.192394
20180602_20190305,unw,population,2018,2,276,long,1,22500616.064821858,468317.3039424034
20180602_20190305,unw,builtup_m2,2018,2,276,long,1,1253622866.0,55890952.80817683
20180602_20190305,unw,area_m2,2018,2,276,long,1,15060840963.31184,4534693825.4193
20180602_20190305,q20,population,2018,2,276,long,1,22500616.064821858,3655658.935291108
20180602_20190305,q20,builtup_m2,2018,2,276,long,1,1253622866.0,364797045.3049333
20180602_20190305,q20,area_m2,2018,2,276,long,1,15060840963.31184,10844708153.899698
20180602_20190305,q30,population,2018,2,276,long,1,22500616.064821858,6750858.329923783
20180602_20190305,q30,builtup_m2,2018,2,276,long,1,1253622866.0,560753933.8102384
20180602_20190305,q30,area_m2,2018,2,276,long,1,15060840963.31184,12171087467.148792
20180602_20190305,q40,population,2018,2,276,long,1,22500616.064821858,10634791.189725418
20180602_20190305,q40,builtup_m2,2018,2,276,long,1,1253622866.0,755556611.7478964
20180602_20190305,q40,area_m2,2018,2,276,long,1,15060840963.31184,13147593712.050201
20180602_20190627,unw,population,2018,2,390,long,5,22500616.064821858,560801.1245795337
20180602_20190627,unw,builtup_m2,2018,2,390,long,5,1253622866.0,66883079.03353739
20180602_20190627,unw,area_m2,2018,2,390,long,5,15060840963.31184,4726520658.631865
20180602_20190627,q20,population,2018,2,390,long,5,22500616.064821858,4055440.7150764107
20180602_20190627,q20,builtup_m2,2018,2,390,long,5,1253622866.0,401535319.57884175
20180602_20190627,q20,area_m2,2018,2,390,long,5,15060840963.31184,11142788909.716406
20180602_20190627,q30,population,2018,2,390,long,5,22500616.064821858,7088513.2243439695
20180602_20190627,q30,builtup_m2,2018,2,390,long,5,1253622866.0,594629175.5476953
20180602_20190627,q30,area_m2,2018,2,390,long,5,15060840963.31184,12388886077.686167
20180602_20190627,q40,population,2018,2,390,long,5,22500616.064821858,10633666.403343702
20180602_20190627,q40,builtup_m2,2018,2,390,long,5,1253622866.0,775182422.211879
20180602_20190627,q40,area_m2,2018,2,390,long,5,15060840963.31184,13276138890.766174
20180608_20180912,unw,population,2018,2,96,long,7,22500616.064821858,277066.024799482
20180608_20180912,unw,builtup_m2,2018,2,96,long,7,1253622866.0,34963655.15248534
20180608_20180912,unw,area_m2,2018,2,96,long,7,15060840963.31184,4051127927.8862453
20180608_20180912,q20,population,2018,2,96,long,7,22500616.064821858,2109982.537101475
20180608_20180912,q20,builtup_m2,2018,2,96,long,7,1253622866.0,261759537.13487697
20180608_20180912,q20,area_m2,2018,2,96,long,7,15060840963.31184,10184088171.396202
20180608_20180912,q30,population,2018,2,96,long,7,22500616.064821858,3795645.755618345
20180608_20180912,q30,builtup_m2,2018,2,96,long,7,1253622866.0,411504849.93040705
20180608_20180912,q30,area_m2,2018,2,96,long,7,15060840963.31184,11460420036.767633
20180608_20180912,q40,population,2018,2,96,long,7,22500616.064821858,6251929.499852323
20180608_20180912,q40,builtup_m2,2018,2,96,long,7,1253622866.0,570267591.0028937
20180608_20180912,q40,area_m2,2018,2,96,long,7,15060840963.31184,12415623675.873863
20180620_20180702,unw,population,2018,2,12,short,4,22500616.064821858,95276.58609867647
20180620_20180702,unw,builtup_m2,2018,2,12,short,4,1253622866.0,9721607.335923757
20180620_20180702,unw,area_m2,2018,2,12,short,4,15060840963.31184,1198302601.4318974
20180620_20180702,q20,population,2018,2,12,short,4,22500616.064821858,1289360.814976335
20180620_20180702,q20,builtup_m2,2018,2,12,short,4,1253622866.0,159563741.03335434
20180620_20180702,q20,area_m2,2018,2,12,short,4,15060840963.31184,8394415795.834039
20180620_20180702,q30,population,2018,2,12,short,4,22500616.064821858,2567564.6702143946
20180620_20180702,q30,builtup_m2,2018,2,12,short,4,1253622866.0,294280221.81648856
20180620_20180702,q30,area_m2,2018,2,12,short,4,15060840963.31184,10385974118.615187
20180620_20180702,q40,population,2018,2,12,short,4,22500616.064821858,4334417.812423261
20180620_20180702,q40,builtup_m2,2018,2,12,short,4,1253622866.0,433693036.3433695
20180620_20180702,q40,area_m2,2018,2,12,short,4,15060840963.31184,11598081906.18888
20180626_20180714,unw,population,2018,2,18,short,6,22500616.064821858,124926.66255202123
20180626_20180714,unw,builtup_m2,2018,2,18,short,6,1253622866.0,14039201.13512044
20180626_20180714,unw,area_m2,2018,2,18,short,6,15060840963.31184,1919299464.891421
20180626_20180714,q20,population,2018,2,18,short,6,22500616.064821858,1475957.28771871
20180626_20180714,q20,builtup_m2,2018,2,18,short,6,1253622866.0,185719423.39935857
20180626_20180714,q20,area_m2,2018,2,18,short,6,15060840963.31184,9062522327.887882
20180626_20180714,q30,population,2018,2,18,short,6,22500616.064821858,2785728.5324465595
20180626_20180714,q30,builtup_m2,2018,2,18,short,6,1253622866.0,320454018.0296584
20180626_20180714,q30,area_m2,2018,2,18,short,6,15060840963.31184,10709170095.336105
20180626_20180714,q40,population,2018,2,18,short,6,22500616.064821858,4579788.90340405
20180626_20180714,q40,builtup_m2,2018,2,18,short,6,1253622866.0,458711706.40667605
20180626_20180714,q40,area_m2,2018,2,18,short,6,15060840963.31184,11790086438.10725
20180708_20180714,unw,population,2018,3,6,short,7,22500616.064821858,59052.18468870185
20180708_20180714,unw,builtup_m2,2018,3,6,short,7,1253622866.0,4972328.3309435
20180708_20180714,unw,area_m2,2018,3,6,short,7,15060840963.31184,482230200.70191205
20180708_20180714,q20,population,2018,3,6,short,7,22500616.064821858,724255.3317557748
20180708_20180714,q20,builtup_m2,2018,3,6,short,7,1253622866.0,89342785.57954991
20180708_20180714,q20,area_m2,2018,3,6,short,7,15060840963.31184,6110126631.583114
20180708_20180714,q30,population,2018,3,6,short,7,22500616.064821858,1721143.9521971052
20180708_20180714,q30,builtup_m2,2018,3,6,short,7,1253622866.0,208400163.62468204
20180708_20180714,q30,area_m2,2018,3,6,short,7,15060840963.31184,9012344363.611141
20180708_20180714,q40,population,2018,3,6,short,7,22500616.064821858,3045681.661533738
20180708_20180714,q40,builtup_m2,2018,3,6,short,7,1253622866.0,340664450.3411714
20180708_20180714,q40,area_m2,2018,3,6,short,7,15060840963.31184,10749735365.949957
20180720_20180813,unw,population,2018,3,24,short,3,22500616.064821858,125401.24125982459
20180720_20180813,unw,builtup_m2,2018,3,24,short,3,1253622866.0,13743551.061144058
20180720_20180813,unw,area_m2,2018,3,24,short,3,15060840963.31184,2303469908.9519606
20180720_20180813,q20,population,2018,3,24,short,3,22500616.064821858,1327114.812002218
20180720_20180813,q20,builtup_m2,2018,3,24,short,3,1253622866.0,169999792.98653924
20180720_20180813,q20,area_m2,2018,3,24,short,3,15060840963.31184,8972496041.369167
20180720_20180813,q30,population,2018,3,24,short,3,22500616.064821858,2418429.4671597686
20180720_20180813,q30,builtup_m2,2018,3,24,short,3,1253622866.0,293647294.4497781
20180720_20180813,q30,area_m2,2018,3,24,short,3,15060840963.31184,10526338442.043003
20180720_20180813,q40,population,2018,3,24,short,3,22500616.064821858,3835867.077677934
20180720_20180813,q40,builtup_m2,2018,3,24,short,3,1253622866.0,419110167.00809705
20180720_20180813,q40,area_m2,2018,3,24,short,3,15060840963.31184,11570583953.712774
20180813_20180912,unw,population,2018,3,30,long,8,22500616.064821858,197697.1692510931
20180813_20180912,unw,builtup_m2,2018,3,30,long,8,1253622866.0,24344260.43664884
20180813_20180912,unw,area_m2,2018,3,30,long,8,15060840963.31184,3331004223.3818717
20180813_20180912,q20,population,2018,3,30,long,8,22500616.064821858,1715800.857215562
20180813_20180912,q20,builtup_m2,2018,3,30,long,8,1253622866.0,219162782.83083785
20180813_20180912,q20,area_m2,2018,3,30,long,8,15060840963.31184,9693095017.480692
20180813_20180912,q30,population,2018,3,30,long,8,22500616.064821858,3115770.3471764387
20180813_20180912,q30,builtup_m2,2018,3,30,long,8,1253622866.0,355698622.7677819
20180813_20180912,q30,area_m2,2018,3,30,long,8,15060840963.31184,11063846679.48078
20180813_20180912,q40,population,2018,3,30,long,8,22500616.064821858,5119228.102969372
20180813_20180912,q40,builtup_m2,2018,3,30,long,8,1253622866.0,500178397.1633598
20180813_20180912,q40,area_m2,2018,3,30,long,8,15060840963.31184,12053794432.809416
20180918_20190329,unw,population,2018,3,192,long,6,22500616.064821858,452076.418008631
20180918_20190329,unw,builtup_m2,2018,3,192,long,6,1253622866.0,57006946.5883379
20180918_20190329,unw,area_m2,2018,3,192,long,6,15060840963.31184,4528352393.661311
20180918_20190329,q20,population,2018,3,192,long,6,22500616.064821858,3296343.8406136343
20180918_20190329,q20,builtup_m2,2018,3,192,long,6,1253622866.0,352910718.08790886
20180918_20190329,q20,area_m2,2018,3,192,long,6,15060840963.31184,10809327944.17114
20180918_20190329,q30,population,2018,3,192,long,6,22500616.064821858,6066600.142908128
20180918_20190329,q30,builtup_m2,2018,3,192,long,6,1253622866.0,539674452.0682149
20180918_20190329,q30,area_m2,2018,3,192,long,6,15060840963.31184,12104775680.955484
20180918_20190329,q40,population,2018,3,192,long,6,22500616.064821858,9691933.61680293
20180918_20190329,q40,builtup_m2,2018,3,192,long,6,1253622866.0,728335516.194457
20180918_20190329,q40,area_m2,2018,3,192,long,6,15060840963.31184,13059372968.490892
20180918_20190901,unw,population,2018,3,348,long,4,22500616.064821858,536318.657723993
20180918_20190901,unw,builtup_m2,2018,3,348,long,4,1253622866.0,65990344.53890075
20180918_20190901,unw,area_m2,2018,3,348,long,4,15060840963.31184,4713143786.259116
20180918_20190901,q20,population,2018,3,348,long,4,22500616.064821858,3894272.0087783225
20180918_20190901,q20,builtup_m2,2018,3,348,long,4,1253622866.0,393018605.6830997
20180918_20190901,q20,area_m2,2018,3,348,long,4,15060840963.31184,11084315089.499067
20180918_20190901,q30,population,2018,3,348,long,4,22500616.064821858,6782111.853316065
20180918_20190901,q30,builtup_m2,2018,3,348,long,4,1253622866.0,581110743.8003192
20180918_20190901,q30,area_m2,2018,3,348,long,4,15060840963.31184,12323909039.389427
20180918_20190901,q40,population,2018,3,348,long,4,22500616.064821858,10194674.702596828
20180918_20190901,q40,builtup_m2,2018,3,348,long,4,1253622866.0,758481213.4513601
20180918_20190901,q40,area_m2,2018,3,348,long,4,15060840963.31184,13208230363.268682
20180924_20180930,unw,population,2018,3,6,short,5,22500616.064821858,80836.84761549493
20180924_20180930,unw,builtup_m2,2018,3,6,short,5,1253622866.0,8047344.151958881
20180924_20180930,unw,area_m2,2018,3,6,short,5,15060840963.31184,932758130.2929134
20180924_20180930,q20,population,2018,3,6,short,5,22500616.064821858,1112839.589241252
20180924_20180930,q20,builtup_m2,2018,3,6,short,5,1253622866.0,143503854.0515833
20180924_20180930,q20,area_m2,2018,3,6,short,5,15060840963.31184,7652480742.83738
20180924_20180930,q30,population,2018,3,6,short,5,22500616.064821858,2271720.849450357
20180924_20180930,q30,builtup_m2,2018,3,6,short,5,1253622866.0,276681038.53471625
20180924_20180930,q30,area_m2,2018,3,6,short,5,15060840963.31184,10021608765.963892
20180924_20180930,q40,population,2018,3,6,short,5,22500616.064821858,3761565.732318177
20180924_20180930,q40,builtup_m2,2018,3,6,short,5,1253622866.0,412651429.69558245
20180924_20180930,q40,area_m2,2018,3,6,short,5,15060840963.31184,11405478076.101177
20180930_20181024,unw,population,2018,3,24,short,1,22500616.064821858,178491.0733444959
20180930_20181024,unw,builtup_m2,2018,3,24,short,1,1253622866.0,21704273.192898624
20180930_20181024,unw,area_m2,2018,3,24,short,1,15060840963.31184,2937624654.5289536
20180930_20181024,q20,population,2018,3,24,short,1,22500616.064821858,1575220.4484965033
20180930_20181024,q20,builtup_m2,2018,3,24,short,1,1253622866.0,205959947.32030004
20180930_20181024,q20,area_m2,2018,3,24,short,1,15060840963.31184,9532864323.359833
20180930_20181024,q30,population,2018,3,24,short,1,22500616.064821858,2765762.9127918254
20180930_20181024,q30,builtup_m2,2018,3,24,short,1,1253622866.0,332509730.2800568
20180930_20181024,q30,area_m2,2018,3,24,short,1,15060840963.31184,10894621846.424711
20180930_20181024,q40,population,2018,3,24,short,1,22500616.064821858,4358385.802925057
20180930_20181024,q40,builtup_m2,2018,3,24,short,1,1253622866.0,461954318.0805009
20180930_20181024,q40,area_m2,2018,3,24,short,1,15060840963.31184,11855746582.62201
20180930_20190329,unw,population,2018,3,180,long,2,22500616.064821858,382685.6382674091
20180930_20190329,unw,builtup_m2,2018,3,180,long,2,1253622866.0,47947018.32470061
20180930_20190329,unw,area_m2,2018,3,180,long,2,15060840963.31184,4455287655.291264
20180930_20190329,q20,population,2018,3,180,long,2,22500616.064821858,2875830.377863163
20180930_20190329,q20,builtup_m2,2018,3,180,long,2,1253622866.0,321064295.3030679
20180930_20190329,q20,area_m2,2018,3,180,long,2,15060840963.31184,10649188711.796732
20180930_20190329,q30,population,2018,3,180,long,2,22500616.064821858,5285772.45134373
20180930_20190329,q30,builtup_m2,2018,3,180,long,2,1253622866.0,493354627.5307253
20180930_20190329,q30,area_m2,2018,3,180,long,2,15060840963.31184,11917225039.947727
20180930_20190329,q40,population,2018,3,180,long,2,22500616.064821858,8577054.510374961
20180930_20190329,q40,builtup_m2,2018,3,180,long,2,1253622866.0,670803177.1494174
20180930_20190329,q40,area_m2,2018,3,180,long,2,15060840963.31184,12860470626.784164
20181006_20181012,unw,population,2018,4,6,short,8,22500616.064821858,86268.8298169415
20181006_20181012,unw,builtup_m2,2018,4,6,short,8,1253622866.0,8918069.43190721
20181006_20181012,unw,area_m2,2018,4,6,short,8,15060840963.31184,1108976913.9017043
20181006_20181012,q20,population,2018,4,6,short,8,22500616.064821858,1166605.9372672047
20181006_20181012,q20,builtup_m2,2018,4,6,short,8,1253622866.0,151239675.84894818
20181006_20181012,q20,area_m2,2018,4,6,short,8,15060840963.31184,8011625963.335663
20181006_20181012,q30,population,2018,4,6,short,8,22500616.064821858,2293558.875491613
20181006_20181012,q30,builtup_m2,2018,4,6,short,8,1253622866.0,281730617.6386335
20181006_20181012,q30,area_m2,2018,4,6,short,8,15060840963.31184,10164876775.334368
20181006_20181012,q40,population,2018,4,6,short,8,22500616.064821858,3690980.833390948
20181006_20181012,q40,builtup_m2,2018,4,6,short,8,1253622866.0,410402263.15626615
20181006_20181012,q40,area_m2,2018,4,6,short,8,15060840963.31184,11424963438.71988
20181006_20181024,unw,population,2018,4,18,short,7,22500616.064821858,154023.16035776056
20181006_20181024,unw,builtup_m2,2018,4,18,short,7,1253622866.0,18112479.83633214
20181006_20181024,unw,area_m2,2018,4,18,short,7,15060840963.31184,2482683566.475447
20181006_20181024,q20,population,2018,4,18,short,7,22500616.064821858,1542683.133232845
20181006_20181024,q20,builtup_m2,2018,4,18,short,7,1253622866.0,197570764.00068188
20181006_20181024,q20,area_m2,2018,4,18,short,7,15060840963.31184,9331042482.247793
20181006_20181024,q30,population,2018,4,18,short,7,22500616.064821858,2779983.1795063587
20181006_20181024,q30,builtup_m2,2018,4,18,short,7,1253622866.0,326442226.98642397
20181006_20181024,q30,area_m2,2018,4,18,short,7,15060840963.31184,10800167536.628916
20181006_20181024,q40,population,2018,4,18,short,7,22500616.064821858,4436111.321994879
20181006_20181024,q40,builtup_m2,2018,4,18,short,7,1253622866.0,457926335.4815206
20181006_20181024,q40,area_m2,2018,4,18,short,7,15060840963.31184,11805736347.612747
20181012_20181024,unw,population,2018,4,12,short,1,22500616.064821858,121360.19272730648
20181012_20181024,unw,builtup_m2,2018,4,12,short,1,1253622866.0,13620407.503491553
20181012_20181024,unw,area_m2,2018,4,12,short,1,15060840963.31184,1851027234.9545987
20181012_20181024,q20,population,2018,4,12,short,1,22500616.064821858,1400269.5690954311
20181012_20181024,q20,builtup_m2,2018,4,12,short,1,1253622866.0,179565261.86656758
20181012_20181024,q20,area_m2,2018,4,12,short,1,15060840963.31184,8948064032.327536
20181012_20181024,q30,population,2018,4,12,short,1,22500616.064821858,2617826.269825861
20181012_20181024,q30,builtup_m2,2018,4,12,short,1,1253622866.0,309289578.2869506
20181012_20181024,q30,area_m2,2018,4,12,short,1,15060840963.31184,10607596326.874336
20181012_20181024,q40,population,2018,4,12,short,1,22500616.064821858,4244409.221131831
20181012_20181024,q40,builtup_m2,2018,4,12,short,1,1253622866.0,441419202.4138072
20181012_20181024,q40,area_m2,2018,4,12,short,1,15060840963.31184,11683300068.126953
20181111_20181129,unw,population,2018,4,18,short,5,22500616.064821858,127644.49167681538
20181111_20181129,unw,builtup_m2,2018,4,18,short,5,1253622866.0,13574777.481271118
20181111_20181129,unw,area_m2,2018,4,18,short,5,15060840963.31184,2185107653.1878552
20181111_20181129,q20,population,2018,4,18,short,5,22500616.064821858,1356788.6763125043
20181111_20181129,q20,builtup_m2,2018,4,18,short,5,1253622866.0,174014689.25295678
20181111_20181129,q20,area_m2,2018,4,18,short,5,15060840963.31184,9016992226.434338
20181111_20181129,q30,population,2018,4,18,short,5,22500616.064821858,2515094.847072971
20181111_20181129,q30,builtup_m2,2018,4,18,short,5,1253622866.0,301194273.8583721
20181111_20181129,q30,area_m2,2018,4,18,short,5,15060840963.31184,10583166717.816957
20181111_20181129,q40,population,2018,4,18,short,5,22500616.064821858,4027114.3744461215
20181111_20181129,q40,builtup_m2,2018,4,18,short,5,1253622866.0,429518505.5561194
20181111_20181129,q40,area_m2,2018,4,18,short,5,15060840963.31184,11631169740.876425
20181117_20181211,unw,population,2018,4,24,short,4,22500616.064821858,133831.2357498797
20181117_20181211,unw,builtup_m2,2018,4,24,short,4,1253622866.0,15210098.436610356
20181117_20181211,unw,area_m2,2018,4,24,short,4,15060840963.31184,2494185963.1765265
20181117_20181211,q20,population,2018,4,24,short,4,22500616.064821858,1395387.597946849
20181117_20181211,q20,builtup_m2,2018,4,24,short,4,1253622866.0,179724555.07286906
20181117_20181211,q20,area_m2,2018,4,24,short,4,15060840963.31184,9179050388.5144
20181117_20181211,q30,population,2018,4,24,short,4,22500616.064821858,2503311.048978322
20181117_20181211,q30,builtup_m2,2018,4,24,short,4,1253622866.0,303271885.0591561
20181117_20181211,q30,area_m2,2018,4,24,short,4,15060840963.31184,10644260214.03054
20181117_20181211,q40,population,2018,4,24,short,4,22500616.064821858,3936272.930825861
20181117_20181211,q40,builtup_m2,2018,4,24,short,4,1253622866.0,427510154.97544366
20181117_20181211,q40,area_m2,2018,4,24,short,4,15060840963.31184,11643397699.34317
20181123_20181129,unw,population,2018,4,6,short,2,22500616.064821858,60080.25399548575
20181123_20181129,unw,builtup_m2,2018,4,6,short,2,1253622866.0,5101504.187100273
20181123_20181129,unw,area_m2,2018,4,6,short,2,15060840963.31184,639820150.8331971
20181123_20181129,q20,population,2018,4,6,short,2,22500616.064821858,727010.4228777398
20181123_20181129,q20,builtup_m2,2018,4,6,short,2,1253622866.0,89352077.4126595
20181123_20181129,q20,area_m2,2018,4,6,short,2,15060840963.31184,6650904241.75008
20181123_20181129,q30,population,2018,4,6,short,2,22500616.064821858,1622738.1431378177
20181123_20181129,q30,builtup_m2,2018,4,6,short,2,1253622866.0,199884753.92311698
20181123_20181129,q30,area_m2,2018,4,6,short,2,15060840963.31184,9190521131.9656
20181123_20181129,q40,population,2018,4,6,short,2,22500616.064821858,2777530.9573422275
20181123_20181129,q40,builtup_m2,2018,4,6,short,2,1253622866.0,320914106.46992284
20181123_20181129,q40,area_m2,2018,4,6,short,2,15060840963.31184,10713885986.46144
20181129_20181205,unw,population,2018,4,6,short,3,22500616.064821858,62511.428139817726
20181129_20181205,unw,builtup_m2,2018,4,6,short,3,1253622866.0,5422882.951285335
20181129_20181205,unw,area_m2,2018,4,6,short,3,15060840963.31184,610432590.0324941
20181129_20181205,q20,population,2018,4,6,short,3,22500616.064821858,790827.136629966
20181129_20181205,q20,builtup_m2,2018,4,6,short,3,1253622866.0,97845925.83275042
20181129_20181205,q20,area_m2,2018,4,6,short,3,15060840963.31184,6674274749.789803
20181129_20181205,q30,population,2018,4,6,short,3,22500616.064821858,1753309.8177442316
20181129_20181205,q30,builtup_m2,2018,4,6,short,3,1253622866.0,214176435.24074262
20181129_20181205,q30,area_m2,2018,4,6,short,3,15060840963.31184,9289225072.056198
20181129_20181205,q40,population,2018,4,6,short,3,22500616.064821858,3004678.680284788
20181129_20181205,q40,builtup_m2,2018,4,6,short,3,1253622866.0,339608984.3636372
20181129_20181205,q40,area_m2,2018,4,6,short,3,15060840963.31184,10839644829.150448
20181217_20190110,unw,population,2018,4,24,short,6,22500616.064821858,116799.79493562714
20181217_20190110,unw,builtup_m2,2018,4,24,short,6,1253622866.0,12523743.953654876
20181217_20190110,unw,area_m2,2018,4,24,short,6,15060840963.31184,2018871431.5702314
20181217_20190110,q20,population,2018,4,24,short,6,22500616.064821858,1320860.619458693
20181217_20190110,q20,builtup_m2,2018,4,24,short,6,1253622866.0,168322597.80262953
20181217_20190110,q20,area_m2,2018,4,24,short,6,15060840963.31184,8936652393.52364
20181217_20190110,q30,population,2018,4,24,short,6,22500616.064821858,2414469.063147785
20181217_20190110,q30,builtup_m2,2018,4,24,short,6,1253622866.0,290707959.36968684
20181217_20190110,q30,area_m2,2018,4,24,short,6,15060840963.31184,10503740358.747747
20181217_20190110,q40,population,2018,4,24,short,6,22500616.064821858,3865078.125741666
20181217_20190110,q40,builtup_m2,2018,4,24,short,6,1253622866.0,416335407.5032131
20181217_20190110,q40,area_m2,2018,4,24,short,6,15060840963.31184,11560792771.09099
20190110_20190116,unw,population,2019,1,6,short,3,22500616.064821858,56544.71717312945
20190110_20190116,unw,builtup_m2,2019,1,6,short,3,1253622866.0,4438486.604050397
20190110_20190116,unw,area_m2,2019,1,6,short,3,15060840963.31184,405455585.79474795
20190110_20190116,q20,population,2019,1,6,short,3,22500616.064821858,632444.2192407197
20190110_20190116,q20,builtup_m2,2019,1,6,short,3,1253622866.0,74301704.57720533
20190110_20190116,q20,area_m2,2019,1,6,short,3,15060840963.31184,5785171587.0772705
20190110_20190116,q30,population,2019,1,6,short,3,22500616.064821858,1530374.8344524743
20190110_20190116,q30,builtup_m2,2019,1,6,short,3,1253622866.0,182841350.294069
20190110_20190116,q30,area_m2,2019,1,6,short,3,15060840963.31184,8694014512.092329
20190110_20190116,q40,population,2019,1,6,short,3,22500616.064821858,2739371.423622122
20190110_20190116,q40,builtup_m2,2019,1,6,short,3,1253622866.0,308947761.13470775
20190110_20190116,q40,area_m2,2019,1,6,short,3,15060840963.31184,10481007411.378407
20190110_20190128,unw,population,2019,1,18,short,5,22500616.064821858,93411.28554172989
20190110_20190128,unw,builtup_m2,2019,1,18,short,5,1253622866.0,9171890.115780411
20190110_20190128,unw,area_m2,2019,1,18,short,5,15060840963.31184,1547970688.4342942
20190110_20190128,q20,population,2019,1,18,short,5,22500616.064821858,1145584.5168493434
20190110_20190128,q20,builtup_m2,2019,1,18,short,5,1253622866.0,144722559.33254865
20190110_20190128,q20,area_m2,2019,1,18,short,5,15060840963.31184,8441774004.489651
20190110_20190128,q30,population,2019,1,18,short,5,22500616.064821858,2178543.4255504967
20190110_20190128,q30,builtup_m2,2019,1,18,short,5,1253622866.0,264367093.5188318
20190110_20190128,q30,area_m2,2019,1,18,short,5,15060840963.31184,10203736493.992037
20190110_20190128,q40,population,2019,1,18,short,5,22500616.064821858,3547219.9635176025
20190110_20190128,q40,builtup_m2,2019,1,18,short,5,1253622866.0,390096512.9621003
20190110_20190128,q40,area_m2,2019,1,18,short,5,15060840963.31184,11356244642.989014
20190116_20190128,unw,population,2019,1,12,short,7,22500616.064821858,72252.1761182871
20190116_20190128,unw,builtup_m2,2019,1,12,short,7,1253622866.0,6307500.414831375
20190116_20190128,unw,area_m2,2019,1,12,short,7,15060840963.31184,981659678.9470237
20190116_20190128,q20,population,2019,1,12,short,7,22500616.064821858,891754.5583724494
20190116_20190128,q20,builtup_m2,2019,1,12,short,7,1253622866.0,111762258.69576344
20190116_20190128,q20,area_m2,2019,1,12,short,7,15060840963.31184,7558219449.922487
20190116_20190128,q30,population,2019,1,12,short,7,22500616.064821858,1824101.188400716
20190116_20190128,q30,builtup_m2,2019,1,12,short,7,1253622866.0,226652690.81130952
20190116_20190128,q30,area_m2,2019,1,12,short,7,15060840963.31184,9691857168.07316
20190116_20190128,q40,population,2019,1,12,short,7,22500616.064821858,3017201.8620365583
20190116_20190128,q40,builtup_m2,2019,1,12,short,7,1253622866.0,347570381.0787852
20190116_20190128,q40,area_m2,2019,1,12,short,7,15060840963.31184,11001853085.617458
20190209_20190215,unw,population,2019,1,6,short,1,22500616.064821858,53323.31132907892
20190209_20190215,unw,builtup_m2,2019,1,6,short,1,1253622866.0,4062397.5551185412
20190209_20190215,unw,area_m2,2019,1,6,short,1,15060840963.31184,398676246.3375334
20190209_20190215,q20,population,2019,1,6,short,1,22500616.064821858,543384.7967277126
20190209_20190215,q20,builtup_m2,2019,1,6,short,1,1253622866.0,61363769.48581245
20190209_20190215,q20,area_m2,2019,1,6,short,1,15060840963.31184,5116348576.812032
20190209_20190215,q30,population,2019,1,6,short,1,22500616.064821858,1367064.4080369766
20190209_20190215,q30,builtup_m2,2019,1,6,short,1,1253622866.0,158579407.55865958
20190209_20190215,q30,area_m2,2019,1,6,short,1,15060840963.31184,7974151720.049161
20190209_20190215,q40,population,2019,1,6,short,1,22500616.064821858,2536558.6657830044
20190209_20190215,q40,builtup_m2,2019,1,6,short,1,1253622866.0,280327082.4403125
20190209_20190215,q40,area_m2,2019,1,6,short,1,15060840963.31184,9946860543.498886
20190305_20200323,unw,population,2019,1,384,long,2,22500616.064821858,498961.8668463479
20190305_20200323,unw,builtup_m2,2019,1,384,long,2,1253622866.0,61091498.244935475
20190305_20200323,unw,area_m2,2019,1,384,long,2,15060840963.31184,4563270037.291427
20190305_20200323,q20,population,2019,1,384,long,2,22500616.064821858,3445341.6779697137
20190305_20200323,q20,builtup_m2,2019,1,384,long,2,1253622866.0,365777779.20660573
20190305_20200323,q20,area_m2,2019,1,384,long,2,15060840963.31184,10864975236.400951
20190305_20200323,q30,population,2019,1,384,long,2,22500616.064821858,5896328.489628388
20190305_20200323,q30,builtup_m2,2019,1,384,long,2,1253622866.0,537934049.8386179
20190305_20200323,q30,area_m2,2019,1,384,long,2,15060840963.31184,12089964142.338287
20190305_20200323,q40,population,2019,1,384,long,2,22500616.064821858,8929044.853339085
20190305_20200323,q40,builtup_m2,2019,1,384,long,2,1253622866.0,704850626.0690117
20190305_20200323,q40,area_m2,2019,1,384,long,2,15060840963.31184,12979177743.312061
20190311_20190907,unw,population,2019,1,180,long,8,22500616.064821858,340538.9933829262
20190311_20190907,unw,builtup_m2,2019,1,180,long,8,1253622866.0,41719273.06530687
20190311_20190907,unw,area_m2,2019,1,180,long,8,15060840963.31184,4303510653.764925
20190311_20190907,q20,population,2019,1,180,long,8,22500616.064821858,2436531.235367519
20190311_20190907,q20,builtup_m2,2019,1,180,long,8,1253622866.0,286269261.1998223
20190311_20190907,q20,area_m2,2019,1,180,long,8,15060840963.31184,10365327887.09205
20190311_20190907,q30,population,2019,1,180,long,8,22500616.064821858,4306959.390506066
20190311_20190907,q30,builtup_m2,2019,1,180,long,8,1253622866.0,441411071.0590841
20190311_20190907,q30,area_m2,2019,1,180,long,8,15060840963.31184,11625967192.863205
20190311_20190907,q40,population,2019,1,180,long,8,22500616.064821858,6847397.125364032
20190311_20190907,q40,builtup_m2,2019,1,180,long,8,1253622866.0,599926932.4551829
20190311_20190907,q40,area_m2,2019,1,180,long,8,15060840963.31184,12559802430.865633
20190311_20200323,unw,population,2019,1,378,long,4,22500616.064821858,541398.1067136269
20190311_20200323,unw,builtup_m2,2019,1,378,long,4,1253622866.0,65424716.28425753
20190311_20200323,unw,area_m2,2019,1,378,long,4,15060840963.31184,4640078711.238924
20190311_20200323,q20,population,2019,1,378,long,4,22500616.064821858,3919931.0996947084
20190311_20200323,q20,builtup_m2,2019,1,378,long,4,1253622866.0,392718236.72334087
20190311_20200323,q20,area_m2,2019,1,378,long,4,15060840963.31184,11042354825.300303
20190311_20200323,q30,population,2019,1,378,long,4,22500616.064821858,6859914.67105048
20190311_20200323,q30,builtup_m2,2019,1,378,long,4,1253622866.0,581094194.3783876
20190311_20200323,q30,area_m2,2019,1,378,long,4,15060840963.31184,12297269915.7691
20190311_20200323,q40,population,2019,1,378,long,4,22500616.064821858,10381215.870568428
20190311_20200323,q40,builtup_m2,2019,1,378,long,4,1253622866.0,760809939.4728909
20190311_20200323,q40,area_m2,2019,1,378,long,4,15060840963.31184,13197188024.238033
20190323_20200305,unw,population,2019,1,348,long,6,22500616.064821858,460484.5814289571
20190323_20200305,unw,builtup_m2,2019,1,348,long,6,1253622866.0,56691585.2256038
20190323_20200305,unw,area_m2,2019,1,348,long,6,15060840963.31184,4412401565.904669
20190323_20200305,q20,population,2019,1,348,long,6,22500616.064821858,3291286.8684592303
20190323_20200305,q20,builtup_m2,2019,1,348,long,6,1253622866.0,350896799.43109477
20190323_20200305,q20,area_m2,2019,1,348,long,6,15060840963.31184,10733433515.527185
20190323_20200305,q30,population,2019,1,348,long,6,22500616.064821858,5717879.313136555
20190323_20200305,q30,builtup_m2,2019,1,348,long,6,1253622866.0,523396463.5775066
20190323_20200305,q30,area_m2,2019,1,348,long,6,15060840963.31184,11991539553.332926
20190323_20200305,q40,population,2019,1,348,long,6,22500616.064821858,8713213.375197273
20190323_20200305,q40,builtup_m2,2019,1,348,long,6,1253622866.0,690691214.0479901
20190323_20200305,q40,area_m2,2019,1,348,long,6,15060840963.31184,12902628770.654596
20190404_20190410,unw,population,2019,2,6,short,4,22500616.064821858,56108.7216795049
20190404_20190410,unw,builtup_m2,2019,2,6,short,4,1253622866.0,4402568.809923304
20190404_20190410,unw,area_m2,2019,2,6,short,4,15060840963.31184,336853210.5031003
20190404_20190410,q20,population,2019,2,6,short,4,22500616.064821858,558781.7599190722
20190404_20190410,q20,builtup_m2,2019,2,6,short,4,1253622866.0,63288159.62441461
20190404_20190410,q20,area_m2,2019,2,6,short,4,15060840963.31184,4330653273.295258
20190404_20190410,q30,population,2019,2,6,short,4,22500616.064821858,1412499.8280598035
20190404_20190410,q30,builtup_m2,2019,2,6,short,4,1253622866.0,163324951.70271793
20190404_20190410,q30,area_m2,2019,2,6,short,4,15060840963.31184,7248040446.355106
20190404_20190410,q40,population,2019,2,6,short,4,22500616.064821858,2702298.096933667
20190404_20190410,q40,builtup_m2,2019,2,6,short,4,1253622866.0,293742138.31993693
20190404_20190410,q40,area_m2,2019,2,6,short,4,15060840963.31184,9513957914.203754
20190422_20190504,unw,population,2019,2,12,short,6,22500616.064821858,80902.8862748667
20190422_20190504,unw,builtup_m2,2019,2,12,short,6,1253622866.0,7724920.315395313
20190422_20190504,unw,area_m2,2019,2,12,short,6,15060840963.31184,976483379.3706671
20190422_20190504,q20,population,2019,2,12,short,6,22500616.064821858,1062862.7167910845
20190422_20190504,q20,builtup_m2,2019,2,12,short,6,1253622866.0,133700028.4364828
20190422_20190504,q20,area_m2,2019,2,12,short,6,15060840963.31184,7177928239.426548
20190422_20190504,q30,population,2019,2,12,short,6,22500616.064821858,2194252.7819411834
20190422_20190504,q30,builtup_m2,2019,2,12,short,6,1253622866.0,263143368.57540485
20190422_20190504,q30,area_m2,2019,2,12,short,6,15060840963.31184,9578012968.300924
20190422_20190504,q40,population,2019,2,12,short,6,22500616.064821858,3713769.4664704953
20190422_20190504,q40,builtup_m2,2019,2,12,short,6,1253622866.0,397802910.2951762
20190422_20190504,q40,area_m2,2019,2,12,short,6,15060840963.31184,11085686436.382727
20190422_20190516,unw,population,2019,2,24,short,8,22500616.064821858,157784.13857683865
20190422_20190516,unw,builtup_m2,2019,2,24,short,8,1253622866.0,17913373.813859522
20190422_20190516,unw,area_m2,2019,2,24,short,8,15060840963.31184,2280087495.903071
20190422_20190516,q20,population,2019,2,24,short,8,22500616.064821858,1486938.9291399813
20190422_20190516,q20,builtup_m2,2019,2,24,short,8,1253622866.0,191190656.34887886
20190422_20190516,q20,area_m2,2019,2,24,short,8,15060840963.31184,9001651204.482271
20190422_20190516,q30,population,2019,2,24,short,8,22500616.064821858,2695601.9560677926
20190422_20190516,q30,builtup_m2,2019,2,24,short,8,1253622866.0,319718987.24237627
20190422_20190516,q30,area_m2,2019,2,24,short,8,15060840963.31184,10633332929.038496
20190422_20190516,q40,population,2019,2,24,short,8,22500616.064821858,4307177.176217124
20190422_20190516,q40,builtup_m2,2019,2,24,short,8,1253622866.0,449817629.04111826
20190422_20190516,q40,area_m2,2019,2,24,short,8,15060840963.31184,11709701179.49057
20190510_20190522,unw,population,2019,2,12,short,2,22500616.064821858,108297.42926637789
20190510_20190522,unw,builtup_m2,2019,2,12,short,2,1253622866.0,11393732.41449349
20190510_20190522,unw,area_m2,2019,2,12,short,2,15060840963.31184,1334676499.639085
20190510_20190522,q20,population,2019,2,12,short,2,22500616.064821858,1239037.3314643588
20190510_20190522,q20,builtup_m2,2019,2,12,short,2,1253622866.0,156616067.44951394
20190510_20190522,q20,area_m2,2019,2,12,short,2,15060840963.31184,7934640943.378882
20190510_20190522,q30,population,2019,2,12,short,2,22500616.064821858,2413129.627018343
20190510_20190522,q30,builtup_m2,2019,2,12,short,2,1253622866.0,284020809.3434248
20190510_20190522,q30,area_m2,2019,2,12,short,2,15060840963.31184,9974589764.37375
20190510_20190522,q40,population,2019,2,12,short,2,22500616.064821858,4041210.9462890145
20190510_20190522,q40,builtup_m2,2019,2,12,short,2,1253622866.0,417137778.0600322
20190510_20190522,q40,area_m2,2019,2,12,short,2,15060840963.31184,11297178087.36092
20190603_20190913,unw,population,2019,2,102,long,7,22500616.064821858,278573.13029915426
20190603_20190913,unw,builtup_m2,2019,2,102,long,7,1253622866.0,34258914.13821022
20190603_20190913,unw,area_m2,2019,2,102,long,7,15060840963.31184,4014300237.2026753
20190603_20190913,q20,population,2019,2,102,long,7,22500616.064821858,2112957.486692456
20190603_20190913,q20,builtup_m2,2019,2,102,long,7,1253622866.0,254697901.08930773
20190603_20190913,q20,area_m2,2019,2,102,long,7,15060840963.31184,10102570044.40937
20190603_20190913,q30,population,2019,2,102,long,7,22500616.064821858,3791778.428797895
20190603_20190913,q30,builtup_m2,2019,2,102,long,7,1253622866.0,401265396.23177713
20190603_20190913,q30,area_m2,2019,2,102,long,7,15060840963.31184,11380502924.493547
20190603_20190913,q40,population,2019,2,102,long,7,22500616.064821858,6281031.922598855
20190603_20190913,q40,builtup_m2,2019,2,102,long,7,1253622866.0,557930032.1751432
20190603_20190913,q40,area_m2,2019,2,102,long,7,15060840963.31184,12343389440.432138
20190615_20190925,unw,population,2019,2,102,long,5,22500616.064821858,275241.6807585341
20190615_20190925,unw,builtup_m2,2019,2,102,long,5,1253622866.0,33241070.35243546
20190615_20190925,unw,area_m2,2019,2,102,long,5,15060840963.31184,3999432581.3893533
20190615_20190925,q20,population,2019,2,102,long,5,22500616.064821858,2016985.9971512083
20190615_20190925,q20,builtup_m2,2019,2,102,long,5,1253622866.0,246735418.9133628
20190615_20190925,q20,area_m2,2019,2,102,long,5,15060840963.31184,10030079466.312368
20190615_20190925,q30,population,2019,2,102,long,5,22500616.064821858,3579498.236123039
20190615_20190925,q30,builtup_m2,2019,2,102,long,5,1253622866.0,389022364.46261793
20190615_20190925,q30,area_m2,2019,2,102,long,5,15060840963.31184,11307993167.18727
20190615_20190925,q40,population,2019,2,102,long,5,22500616.064821858,5817781.73154813
20190615_20190925,q40,builtup_m2,2019,2,102,long,5,1253622866.0,539452698.8715436
20190615_20190925,q40,area_m2,2019,2,102,long,5,15060840963.31184,12266250823.41644
20190627_20190802,unw,population,2019,2,36,long,1,22500616.064821858,170527.6230376677
20190627_20190802,unw,builtup_m2,2019,2,36,long,1,1253622866.0,19609156.68752497
20190627_20190802,unw,area_m2,2019,2,36,long,1,15060840963.31184,2945936040.3116255
20190627_20190802,q20,population,2019,2,36,long,1,22500616.064821858,1548383.3567605575
20190627_20190802,q20,builtup_m2,2019,2,36,long,1,1253622866.0,194604782.2581417
20190627_20190802,q20,area_m2,2019,2,36,long,1,15060840963.31184,9338476288.227627
20190627_20190802,q30,population,2019,2,36,long,1,22500616.064821858,2818471.158919845
20190627_20190802,q30,builtup_m2,2019,2,36,long,1,1253622866.0,323055895.59225386
20190627_20190802,q30,area_m2,2019,2,36,long,1,15060840963.31184,10770087709.605164
20190627_20190802,q40,population,2019,2,36,long,1,22500616.064821858,4595170.054798694
20190627_20190802,q40,builtup_m2,2019,2,36,long,1,1253622866.0,458261438.64064217
20190627_20190802,q40,area_m2,2019,2,36,long,1,15060840963.31184,11784416419.985144
20190627_20190925,unw,population,2019,2,90,long,3,22500616.064821858,266179.06856300804
20190627_20190925,unw,builtup_m2,2019,2,90,long,3,1253622866.0,32292664.70984204
20190627_20190925,unw,area_m2,2019,2,90,long,3,15060840963.31184,3978689592.7502837
20190627_20190925,q20,population,2019,2,90,long,3,22500616.064821858,1982450.6636253013
20190627_20190925,q20,builtup_m2,2019,2,90,long,3,1253622866.0,241500453.3487848
20190627_20190925,q20,area_m2,2019,2,90,long,3,15060840963.31184,9979465003.10207
20190627_20190925,q30,population,2019,2,90,long,3,22500616.064821858,3528334.6274744035
20190627_20190925,q30,builtup_m2,2019,2,90,long,3,1253622866.0,382870989.551333
20190627_20190925,q30,area_m2,2019,2,90,long,3,15060840963.31184,11263911350.47929
20190627_20190925,q40,population,2019,2,90,long,3,22500616.064821858,5744046.530818322
20190627_20190925,q40,builtup_m2,2019,2,90,long,3,1253622866.0,531038888.89425534
20190627_20190925,q40,area_m2,2019,2,90,long,3,15060840963.31184,12219176465.544222
20190709_20190808,unw,population,2019,3,30,long,2,22500616.064821858,159380.87417711178
20190709_20190808,unw,builtup_m2,2019,3,30,long,2,1253622866.0,18490483.114960667
20190709_20190808,unw,area_m2,2019,3,30,long,2,15060840963.31184,2670214849.882568
20190709_20190808,q20,population,2019,3,30,long,2,22500616.064821858,1502611.3873854626
20190709_20190808,q20,builtup_m2,2019,3,30,long,2,1253622866.0,193977582.69818744
20190709_20190808,q20,area_m2,2019,3,30,long,2,15060840963.31184,9236838011.431644
20190709_20190808,q30,population,2019,3,30,long,2,22500616.064821858,2694501.758923649
20190709_20190808,q30,builtup_m2,2019,3,30,long,2,1253622866.0,322707383.84406185
20190709_20190808,q30,area_m2,2019,3,30,long,2,15060840963.31184,10747140496.109066
20190709_20190808,q40,population,2019,3,30,long,2,22500616.064821858,4259398.449004951
20190709_20190808,q40,builtup_m2,2019,3,30,long,2,1253622866.0,453222987.33400923
20190709_20190808,q40,area_m2,2019,3,30,long,2,15060840963.31184,11768832292.66896
20190808_20190901,unw,population,2019,3,24,short,1,22500616.064821858,135879.45729871243
20190808_20190901,unw,builtup_m2,2019,3,24,short,1,1253622866.0,15106557.082134247
20190808_20190901,unw,area_m2,2019,3,24,short,1,15060840963.31184,2441930093.67937
20190808_20190901,q20,population,2019,3,24,short,1,22500616.064821858,1393699.4153327397
20190808_20190901,q20,builtup_m2,2019,3,24,short,1,1253622866.0,177159146.39317086
20190808_20190901,q20,area_m2,2019,3,24,short,1,15060840963.31184,8982465697.028015
20190808_20190901,q30,population,2019,3,24,short,1,22500616.064821858,2563055.285285224
20190808_20190901,q30,builtup_m2,2019,3,24,short,1,1253622866.0,302940051.92945975
20190808_20190901,q30,area_m2,2019,3,24,short,1,15060840963.31184,10544326020.416052
20190808_20190901,q40,population,2019,3,24,short,1,22500616.064821858,4105547.8214735417
20190808_20190901,q40,builtup_m2,2019,3,24,short,1,1253622866.0,431539274.0994659
20190808_20190901,q40,area_m2,2019,3,24,short,1,15060840963.31184,11608403945.227913
20190901_20200609,unw,population,2019,3,282,long,4,22500616.064821858,491213.31155343994
20190901_20200609,unw,builtup_m2,2019,3,282,long,4,1253622866.0,61296940.78473081
20190901_20200609,unw,area_m2,2019,3,282,long,4,15060840963.31184,4567315647.597523
20190901_20200609,q20,population,2019,3,282,long,4,22500616.064821858,3246997.841667519
20190901_20200609,q20,builtup_m2,2019,3,282,long,4,1253622866.0,355147319.5868646
20190901_20200609,q20,area_m2,2019,3,282,long,4,15060840963.31184,10824272547.383041
20190901_20200609,q30,population,2019,3,282,long,4,22500616.064821858,5498711.919723308
20190901_20200609,q30,builtup_m2,2019,3,282,long,4,1253622866.0,520051346.7507052
20190901_20200609,q30,area_m2,2019,3,282,long,4,15060840963.31184,12023266046.674568
20190901_20200609,q40,population,2019,3,282,long,4,22500616.064821858,8340901.004114122
20190901_20200609,q40,builtup_m2,2019,3,282,long,4,1253622866.0,681903424.1193411
20190901_20200609,q40,area_m2,2019,3,282,long,4,15060840963.31184,12901195748.766863
20190907_20190913,unw,population,2019,3,6,short,5,22500616.064821858,67372.74112311845
20190907_20190913,unw,builtup_m2,2019,3,6,short,5,1253622866.0,5961378.822087626
20190907_20190913,unw,area_m2,2019,3,6,short,5,15060840963.31184,674725691.1371409
20190907_20190913,q20,population,2019,3,6,short,5,22500616.064821858,925271.2969233663
20190907_20190913,q20,builtup_m2,2019,3,6,short,5,1253622866.0,112579540.06567375
20190907_20190913,q20,area_m2,2019,3,6,short,5,15060840963.31184,6632684529.306392
20190907_20190913,q30,population,2019,3,6,short,5,22500616.064821858,2017559.8926168268
20190907_20190913,q30,builtup_m2,2019,3,6,short,5,1253622866.0,236862039.66972768
20190907_20190913,q30,area_m2,2019,3,6,short,5,15060840963.31184,9324027812.459707
20190907_20190913,q40,population,2019,3,6,short,5,22500616.064821858,3477847.0836532502
20190907_20190913,q40,builtup_m2,2019,3,6,short,5,1253622866.0,370054352.2453152
20190907_20190913,q40,area_m2,2019,3,6,short,5,15060840963.31184,10933547460.567257
20190913_20191001,unw,population,2019,3,18,short,7,22500616.064821858,153257.70031248045
20190913_20191001,unw,builtup_m2,2019,3,18,short,7,1253622866.0,18004588.892122865
20190913_20191001,unw,area_m2,2019,3,18,short,7,15060840963.31184,2647654581.3769684
20190913_20191001,q20,population,2019,3,18,short,7,22500616.064821858,1526542.768909008
20190913_20191001,q20,builtup_m2,2019,3,18,short,7,1253622866.0,194376877.98724458
20190913_20191001,q20,area_m2,2019,3,18,short,7,15060840963.31184,9344654525.42221
20190913_20191001,q30,population,2019,3,18,short,7,22500616.064821858,2796425.7474504123
20190913_20191001,q30,builtup_m2,2019,3,18,short,7,1253622866.0,323798575.74332225
20190913_20191001,q30,area_m2,2019,3,18,short,7,15060840963.31184,10794330504.611385
20190913_20191001,q40,population,2019,3,18,short,7,22500616.064821858,4569820.009222026
20190913_20191001,q40,builtup_m2,2019,3,18,short,7,1253622866.0,459664462.34030455
20190913_20191001,q40,area_m2,2019,3,18,short,7,15060840963.31184,11810428393.301676
20190913_20200609,unw,population,2019,3,270,long,6,22500616.064821858,510034.63967683044
20190913_20200609,unw,builtup_m2,2019,3,270,long,6,1253622866.0,63612371.53116752
20190913_20200609,unw,area_m2,2019,3,270,long,6,15060840963.31184,4607808712.832555
20190913_20200609,q20,population,2019,3,270,long,6,22500616.064821858,3427417.8334556324
20190913_20200609,q20,builtup_m2,2019,3,270,long,6,1253622866.0,366940403.5775431
20190913_20200609,q20,area_m2,2019,3,270,long,6,15060840963.31184,10907491367.53439
20190913_20200609,q30,population,2019,3,270,long,6,22500616.064821858,5913374.234467763
20190913_20200609,q30,builtup_m2,2019,3,270,long,6,1253622866.0,539558918.1814798
20190913_20200609,q30,area_m2,2019,3,270,long,6,15060840963.31184,12121223272.965534
20190913_20200609,q40,population,2019,3,270,long,6,22500616.064821858,9036228.38249151
20190913_20200609,q40,builtup_m2,2019,3,270,long,6,1253622866.0,708963383.8333915
20190913_20200609,q40,area_m2,2019,3,270,long,6,15060840963.31184,13010039769.73301
20190919_20200621,unw,population,2019,3,276,long,8,22500616.064821858,516210.4965506063
20190919_20200621,unw,builtup_m2,2019,3,276,long,8,1253622866.0,63942043.876340106
20190919_20200621,unw,area_m2,2019,3,276,long,8,15060840963.31184,4564777328.606391
20190919_20200621,q20,population,2019,3,276,long,8,22500616.064821858,3669689.823903048
20190919_20200621,q20,builtup_m2,2019,3,276,long,8,1253622866.0,383065436.3493059
20190919_20200621,q20,area_m2,2019,3,276,long,8,15060840963.31184,10992082563.323647
20190919_20200621,q30,population,2019,3,276,long,8,22500616.064821858,6385930.912449977
20190919_20200621,q30,builtup_m2,2019,3,276,long,8,1253622866.0,566917394.198648
20190919_20200621,q30,area_m2,2019,3,276,long,8,15060840963.31184,12242119836.357992
20190919_20200621,q40,population,2019,3,276,long,8,22500616.064821858,9707456.541135473
20190919_20200621,q40,builtup_m2,2019,3,276,long,8,1253622866.0,745549923.7991555
20190919_20200621,q40,area_m2,2019,3,276,long,8,15060840963.31184,13148753248.98822
20190925_20191001,unw,population,2019,3,6,short,3,22500616.064821858,71798.74645696595
20190925_20191001,unw,builtup_m2,2019,3,6,short,3,1253622866.0,6615194.293232185
20190925_20191001,unw,area_m2,2019,3,6,short,3,15060840963.31184,831852179.744446
20190925_20191001,q20,population,2019,3,6,short,3,22500616.064821858,915078.3173305313
20190925_20191001,q20,builtup_m2,2019,3,6,short,3,1253622866.0,114711385.72782314
20190925_20191001,q20,area_m2,2019,3,6,short,3,15060840963.31184,7271047869.696941
20190925_20191001,q30,population,2019,3,6,short,3,22500616.064821858,1889945.412896637
20190925_20191001,q30,builtup_m2,2019,3,6,short,3,1253622866.0,232266332.89795193
20190925_20191001,q30,area_m2,2019,3,6,short,3,15060840963.31184,9613202583.604536
20190925_20191001,q40,population,2019,3,6,short,3,22500616.064821858,3172201.426008439
20190925_20191001,q40,builtup_m2,2019,3,6,short,3,1253622866.0,357504464.4810882
20190925_20191001,q40,area_m2,2019,3,6,short,3,15060840963.31184,11002759130.07186
20191007_20191019,unw,population,2019,4,12,short,2,22500616.064821858,101386.10048717285
20191007_20191019,unw,builtup_m2,2019,4,12,short,2,1253622866.0,10992903.409767624
20191007_20191019,unw,area_m2,2019,4,12,short,2,15060840963.31184,1628434906.51495
20191007_20191019,q20,population,2019,4,12,short,2,22500616.064821858,1236855.9559935355
20191007_20191019,q20,builtup_m2,2019,4,12,short,2,1253622866.0,158220867.5282733
20191007_20191019,q20,area_m2,2019,4,12,short,2,15060840963.31184,8537379049.469038
20191007_20191019,q30,population,2019,4,12,short,2,22500616.064821858,2378791.51975083
20191007_20191019,q30,builtup_m2,2019,4,12,short,2,1253622866.0,284913925.63867545
20191007_20191019,q30,area_m2,2019,4,12,short,2,15060840963.31184,10340185802.55117
20191007_20191019,q40,population,2019,4,12,short,2,22500616.064821858,3920180.8214555127
20191007_20191019,q40,builtup_m2,2019,4,12,short,2,1253622866.0,417002248.96603763
20191007_20191019,q40,area_m2,2019,4,12,short,2,15060840963.31184,11500537135.343048
20191013_20191031,unw,population,2019,4,18,short,8,22500616.064821858,142907.20093303444
20191013_20191031,unw,builtup_m2,2019,4,18,short,8,1253622866.0,16563830.475805935
20191013_20191031,unw,area_m2,2019,4,18,short,8,15060840963.31184,2374225409.480702
20191013_20191031,q20,population,2019,4,18,short,8,22500616.064821858,1433403.5514329458
20191013_20191031,q20,builtup_m2,2019,4,18,short,8,1253622866.0,185544703.50433144
20191013_20191031,q20,area_m2,2019,4,18,short,8,15060840963.31184,9127352587.219303
20191013_20191031,q30,population,2019,4,18,short,8,22500616.064821858,2651853.1591267106
20191013_20191031,q30,builtup_m2,2019,4,18,short,8,1253622866.0,314726586.8806308
20191013_20191031,q30,area_m2,2019,4,18,short,8,15060840963.31184,10655803702.621674
20191013_20191031,q40,population,2019,4,18,short,8,22500616.064821858,4346452.317446318
20191013_20191031,q40,builtup_m2,2019,4,18,short,8,1253622866.0,449302906.1816301
20191013_20191031,q40,area_m2,2019,4,18,short,8,15060840963.31184,11709725526.78181
20191019_20191106,unw,population,2019,4,18,short,6,22500616.064821858,115920.78131517963
20191019_20191106,unw,builtup_m2,2019,4,18,short,6,1253622866.0,12396991.16191396
20191019_20191106,unw,area_m2,2019,4,18,short,6,15060840963.31184,2053605360.2782943
20191019_20191106,q20,population,2019,4,18,short,6,22500616.064821858,1215977.1572166274
20191019_20191106,q20,builtup_m2,2019,4,18,short,6,1253622866.0,158557638.71803892
20191019_20191106,q20,area_m2,2019,4,18,short,6,15060840963.31184,8742369810.060167
20191019_20191106,q30,population,2019,4,18,short,6,22500616.064821858,2232333.6016471284
20191019_20191106,q30,builtup_m2,2019,4,18,short,6,1253622866.0,276246104.94840133
20191019_20191106,q30,area_m2,2019,4,18,short,6,15060840963.31184,10336627191.936325
20191019_20191106,q40,population,2019,4,18,short,6,22500616.064821858,3536054.388650172
20191019_20191106,q40,builtup_m2,2019,4,18,short,6,1253622866.0,396232664.50258124
20191019_20191106,q40,area_m2,2019,4,18,short,6,15060840963.31184,11396370616.260363
20191124_20191212,unw,population,2019,4,18,short,4,22500616.064821858,84314.44204638478
20191124_20191212,unw,builtup_m2,2019,4,18,short,4,1253622866.0,7914818.442134903
20191124_20191212,unw,area_m2,2019,4,18,short,4,15060840963.31184,1192572096.1313086
20191124_20191212,q20,population,2019,4,18,short,4,22500616.064821858,1002558.6264380964
20191124_20191212,q20,builtup_m2,2019,4,18,short,4,1253622866.0,126655614.28117813
20191124_20191212,q20,area_m2,2019,4,18,short,4,15060840963.31184,7904275095.273136
20191124_20191212,q30,population,2019,4,18,short,4,22500616.064821858,1920841.3458375756
20191124_20191212,q30,builtup_m2,2019,4,18,short,4,1253622866.0,238597760.4054695
20191124_20191212,q30,area_m2,2019,4,18,short,4,15060840963.31184,9864097612.408379
20191124_20191212,q40,population,2019,4,18,short,4,22500616.064821858,3094539.4179297257
20191124_20191212,q40,builtup_m2,2019,4,18,short,4,1253622866.0,356020582.2460689
20191124_20191212,q40,area_m2,2019,4,18,short,4,15060840963.31184,11074461606.405668
20191124_20191224,unw,population,2019,4,30,long,3,22500616.064821858,128081.44245747423
20191124_20191224,unw,builtup_m2,2019,4,30,long,3,1253622866.0,13430081.372945827
20191124_20191224,unw,area_m2,2019,4,30,long,3,15060840963.31184,2096594965.5321736
20191124_20191224,q20,population,2019,4,30,long,3,22500616.064821858,1296229.6491210647
20191124_20191224,q20,builtup_m2,2019,4,30,long,3,1253622866.0,163928007.50742543
20191124_20191224,q20,area_m2,2019,4,30,long,3,15060840963.31184,8814024336.124828
20191124_20191224,q30,population,2019,4,30,long,3,22500616.064821858,2335435.832240209
20191124_20191224,q30,builtup_m2,2019,4,30,long,3,1253622866.0,282063341.0643439
20191124_20191224,q30,area_m2,2019,4,30,long,3,15060840963.31184,10394342102.42895
20191124_20191224,q40,population,2019,4,30,long,3,22500616.064821858,3707471.228464817
20191124_20191224,q40,builtup_m2,2019,4,30,long,3,1253622866.0,404300351.64776766
20191124_20191224,q40,area_m2,2019,4,30,long,3,15060840963.31184,11452929638.188772
20191130_20191230,unw,population,2019,4,30,long,7,22500616.064821858,113010.98197523835
20191130_20191230,unw,builtup_m2,2019,4,30,long,7,1253622866.0,11533774.452826547
20191130_20191230,unw,area_m2,2019,4,30,long,7,15060840963.31184,1919975292.7804341
20191130_20191230,q20,population,2019,4,30,long,7,22500616.064821858,1161052.65848135
20191130_20191230,q20,builtup_m2,2019,4,30,long,7,1253622866.0,149242572.86749178
20191130_20191230,q20,area_m2,2019,4,30,long,7,15060840963.31184,8545589581.614366
20191130_20191230,q30,population,2019,4,30,long,7,22500616.064821858,2135305.6407741015
20191130_20191230,q30,builtup_m2,2019,4,30,long,7,1253622866.0,263543400.2231108
20191130_20191230,q30,area_m2,2019,4,30,long,7,15060840963.31184,10191159909.082504
20191130_20191230,q40,population,2019,4,30,long,7,22500616.064821858,3354887.6986333197
20191130_20191230,q40,builtup_m2,2019,4,30,long,7,1253622866.0,379958456.0411287
20191130_20191230,q40,area_m2,2019,4,30,long,7,15060840963.31184,11272982429.591164
20191206_20200105,unw,population,2019,4,30,long,5,22500616.064821858,116643.42566819083
20191206_20200105,unw,builtup_m2,2019,4,30,long,5,1253622866.0,12011830.359116722
20191206_20200105,unw,area_m2,2019,4,30,long,5,15060840963.31184,1962303035.647028
20191206_20200105,q20,population,2019,4,30,long,5,22500616.064821858,1198164.4127572384
20191206_20200105,q20,builtup_m2,2019,4,30,long,5,1253622866.0,152121361.42647353
20191206_20200105,q20,area_m2,2019,4,30,long,5,15060840963.31184,8571769006.584383
20191206_20200105,q30,population,2019,4,30,long,5,22500616.064821858,2213088.8317513294
20191206_20200105,q30,builtup_m2,2019,4,30,long,5,1253622866.0,269002140.5649327
20191206_20200105,q30,area_m2,2019,4,30,long,5,15060840963.31184,10236361395.379963
20191206_20200105,q40,population,2019,4,30,long,5,22500616.064821858,3523049.1564876004
20191206_20200105,q40,builtup_m2,2019,4,30,long,5,1253622866.0,390008075.1852185
20191206_20200105,q40,area_m2,2019,4,30,long,5,15060840963.31184,11340519354.100002
20191212_20200111,unw,population,2019,4,30,long,1,22500616.064821858,112440.72903577541
20191212_20200111,unw,builtup_m2,2019,4,30,long,1,1253622866.0,11563956.847866805
20191212_20200111,unw,area_m2,2019,4,30,long,1,15060840963.31184,1964572486.6091182
20191212_20200111,q20,population,2019,4,30,long,1,22500616.064821858,1188455.1682233687
20191212_20200111,q20,builtup_m2,2019,4,30,long,1,1253622866.0,151015909.95752102
20191212_20200111,q20,area_m2,2019,4,30,long,1,15060840963.31184,8504720389.156241
20191212_20200111,q30,population,2019,4,30,long,1,22500616.064821858,2228999.512532215
20191212_20200111,q30,builtup_m2,2019,4,30,long,1,1253622866.0,269129248.6235927
20191212_20200111,q30,area_m2,2019,4,30,long,1,15060840963.31184,10200017951.497961
20191212_20200111,q40,population,2019,4,30,long,1,22500616.064821858,3605174.7400037614
20191212_20200111,q40,builtup_m2,2019,4,30,long,1,1253622866.0,392712195.09768915
20191212_20200111,q40,area_m2,2019,4,30,long,1,15060840963.31184,11329694370.031136
20200117_20200210,unw,population,2020,1,24,short,1,22500616.064821858,101336.1256200656
20200117_20200210,unw,builtup_m2,2020,1,24,short,1,1253622866.0,9403474.296733148
20200117_20200210,unw,area_m2,2020,1,24,short,1,15060840963.31184,1469234840.742739
20200117_20200210,q20,population,2020,1,24,short,1,22500616.064821858,1134287.7703451577
20200117_20200210,q20,builtup_m2,2020,1,24,short,1,1253622866.0,135610801.22799775
20200117_20200210,q20,area_m2,2020,1,24,short,1,15060840963.31184,7831802955.119959
20200117_20200210,q30,population,2020,1,24,short,1,22500616.064821858,2239292.422274696
20200117_20200210,q30,builtup_m2,2020,1,24,short,1,1253622866.0,258210284.5208149
20200117_20200210,q30,area_m2,2020,1,24,short,1,15060840963.31184,9860511329.577911
20200117_20200210,q40,population,2020,1,24,short,1,22500616.064821858,3792509.4219990233
20200117_20200210,q40,builtup_m2,2020,1,24,short,1,1253622866.0,392094578.73387694
20200117_20200210,q40,area_m2,2020,1,24,short,1,15060840963.31184,11213255040.615929
20200210_20200222,unw,population,2020,1,12,short,5,22500616.064821858,58970.25274519557
20200210_20200222,unw,builtup_m2,2020,1,12,short,5,1253622866.0,4822011.298919702
20200210_20200222,unw,area_m2,2020,1,12,short,5,15060840963.31184,599836831.7103549
20200210_20200222,q20,population,2020,1,12,short,5,22500616.064821858,667686.6859285263
20200210_20200222,q20,builtup_m2,2020,1,12,short,5,1253622866.0,74458951.24627899
20200210_20200222,q20,area_m2,2020,1,12,short,5,15060840963.31184,5483450632.332456
20200210_20200222,q30,population,2020,1,12,short,5,22500616.064821858,1490510.097719193
20200210_20200222,q30,builtup_m2,2020,1,12,short,5,1253622866.0,173188746.5977763
20200210_20200222,q30,area_m2,2020,1,12,short,5,15060840963.31184,8028333748.678172
20200210_20200222,q40,population,2020,1,12,short,5,22500616.064821858,2642352.460991376
20200210_20200222,q40,builtup_m2,2020,1,12,short,5,1253622866.0,293530068.4221842
20200210_20200222,q40,area_m2,2020,1,12,short,5,15060840963.31184,9894394263.61136
20200216_20200228,unw,population,2020,1,12,short,3,22500616.064821858,62488.221111941726
20200216_20200228,unw,builtup_m2,2020,1,12,short,3,1253622866.0,5133530.169224914
20200216_20200228,unw,area_m2,2020,1,12,short,3,15060840963.31184,598710097.2372571
20200216_20200228,q20,population,2020,1,12,short,3,22500616.064821858,709646.7303014286
20200216_20200228,q20,builtup_m2,2020,1,12,short,3,1253622866.0,81737981.25314672
20200216_20200228,q20,area_m2,2020,1,12,short,3,15060840963.31184,5535550189.427302
20200216_20200228,q30,population,2020,1,12,short,3,22500616.064821858,1575077.1494023497
20200216_20200228,q30,builtup_m2,2020,1,12,short,3,1253622866.0,185956055.9352875
20200216_20200228,q30,area_m2,2020,1,12,short,3,15060840963.31184,8123692718.462696
20200216_20200228,q40,population,2020,1,12,short,3,22500616.064821858,2789135.01262303
20200216_20200228,q40,builtup_m2,2020,1,12,short,3,1253622866.0,311724836.9946174
20200216_20200228,q40,area_m2,2020,1,12,short,3,15060840963.31184,10031194100.035177
20200305_20200609,unw,population,2020,1,96,long,2,22500616.064821858,269553.9072012936
20200305_20200609,unw,builtup_m2,2020,1,96,long,2,1253622866.0,32811320.912708476
20200305_20200609,unw,area_m2,2020,1,96,long,2,15060840963.31184,3677799155.853753
20200305_20200609,q20,population,2020,1,96,long,2,22500616.064821858,1913500.3872763133
20200305_20200609,q20,builtup_m2,2020,1,96,long,2,1253622866.0,241897764.5589357
20200305_20200609,q20,area_m2,2020,1,96,long,2,15060840963.31184,9908829694.075705
20200305_20200609,q30,population,2020,1,96,long,2,22500616.064821858,3289945.697398267
20200305_20200609,q30,builtup_m2,2020,1,96,long,2,1253622866.0,377362729.8376743
20200305_20200609,q30,area_m2,2020,1,96,long,2,15060840963.31184,11197264297.786554
20200305_20200609,q40,population,2020,1,96,long,2,22500616.064821858,5137755.171285817
20200305_20200609,q40,builtup_m2,2020,1,96,long,2,1253622866.0,514788539.1398595
20200305_20200609,q40,area_m2,2020,1,96,long,2,15060840963.31184,12127971947.317978
20200323_20200621,unw,population,2020,1,90,long,4,22500616.064821858,258434.42055345207
20200323_20200621,unw,builtup_m2,2020,1,90,long,4,1253622866.0,30872878.395235714
20200323_20200621,unw,area_m2,2020,1,90,long,4,15060840963.31184,3719290507.1099415
20200323_20200621,q20,population,2020,1,90,long,4,22500616.064821858,2074443.8963956232
20200323_20200621,q20,builtup_m2,2020,1,90,long,4,1253622866.0,243474262.9423337
20200323_20200621,q20,area_m2,2020,1,90,long,4,15060840963.31184,9898295529.107315
20200323_20200621,q30,population,2020,1,90,long,4,22500616.064821858,4017927.8053748957
20200323_20200621,q30,builtup_m2,2020,1,90,long,4,1253622866.0,396944323.2736977
20200323_20200621,q30,area_m2,2020,1,90,long,4,15060840963.31184,11268284301.121881
20200323_20200621,q40,population,2020,1,90,long,4,22500616.064821858,7149103.1312285345
20200323_20200621,q40,builtup_m2,2020,1,90,long,4,1253622866.0,571538541.5255166
20200323_20200621,q40,area_m2,2020,1,90,long,4,15060840963.31184,12315763241.294674
20200323_20210324,unw,population,2020,1,366,long,6,22500616.064821858,429327.4432278467
20200323_20210324,unw,builtup_m2,2020,1,366,long,6,1253622866.0,51971674.58277213
20200323_20210324,unw,area_m2,2020,1,366,long,6,15060840963.31184,4329832075.505357
20200323_20210324,q20,population,2020,1,366,long,6,22500616.064821858,2968312.857779834
20200323_20210324,q20,builtup_m2,2020,1,366,long,6,1253622866.0,323164805.559372
20200323_20210324,q20,area_m2,2020,1,366,long,6,15060840963.31184,10506237700.616528
20200323_20210324,q30,population,2020,1,366,long,6,22500616.064821858,5195637.259461445
20200323_20210324,q30,builtup_m2,2020,1,366,long,6,1253622866.0,488197341.6001619
20200323_20210324,q30,area_m2,2020,1,366,long,6,15060840963.31184,11779359744.482723
20200323_20210324,q40,population,2020,1,366,long,6,22500616.064821858,8092669.524503832
20200323_20210324,q40,builtup_m2,2020,1,366,long,6,1253622866.0,654195673.8372583
20200323_20210324,q40,area_m2,2020,1,366,long,6,15060840963.31184,12725862362.90322
20200329_20200422,unw,population,2020,1,24,short,7,22500616.064821858,96903.05353935124
20200329_20200422,unw,builtup_m2,2020,1,24,short,7,1253622866.0,9206631.299994318
20200329_20200422,unw,area_m2,2020,1,24,short,7,15060840963.31184,1122958706.0475516
20200329_20200422,q20,population,2020,1,24,short,7,22500616.064821858,1084847.5404797446
20200329_20200422,q20,builtup_m2,2020,1,24,short,7,1253622866.0,130231542.40868782
20200329_20200422,q20,area_m2,2020,1,24,short,7,15060840963.31184,6907047213.038786
20200329_20200422,q30,population,2020,1,24,short,7,22500616.064821858,2146135.367976475
20200329_20200422,q30,builtup_m2,2020,1,24,short,7,1253622866.0,250089638.6708128
20200329_20200422,q30,area_m2,2020,1,24,short,7,15060840963.31184,9225673817.339302
20200329_20200422,q40,population,2020,1,24,short,7,22500616.064821858,3539817.016927887
20200329_20200422,q40,builtup_m2,2020,1,24,short,7,1253622866.0,377543099.655294
20200329_20200422,q40,area_m2,2020,1,24,short,7,15060840963.31184,10797695982.57756
20200329_20200907,unw,population,2020,1,162,long,8,22500616.064821858,335785.45125003223
20200329_20200907,unw,builtup_m2,2020,1,162,long,8,1253622866.0,42260250.64838338
20200329_20200907,unw,area_m2,2020,1,162,long,8,15060840963.31184,4292665504.3886967
20200329_20200907,q20,population,2020,1,162,long,8,22500616.064821858,2292916.896392229
20200329_20200907,q20,builtup_m2,2020,1,162,long,8,1253622866.0,278146586.0958566
20200329_20200907,q20,area_m2,2020,1,162,long,8,15060840963.31184,10266440341.026827
20200329_20200907,q30,population,2020,1,162,long,8,22500616.064821858,3910513.201286473
20200329_20200907,q30,builtup_m2,2020,1,162,long,8,1253622866.0,420988787.23865396
20200329_20200907,q30,area_m2,2020,1,162,long,8,15060840963.31184,11486563933.961525
20200329_20200907,q40,population,2020,1,162,long,8,22500616.064821858,6121010.591002253
20200329_20200907,q40,builtup_m2,2020,1,162,long,8,1253622866.0,566183484.9732993
20200329_20200907,q40,area_m2,2020,1,162,long,8,15060840963.31184,12388025793.797993
20200416_20200422,unw,population,2020,2,6,short,6,22500616.064821858,53573.94641561371
20200416_20200422,unw,builtup_m2,2020,2,6,short,6,1253622866.0,4178848.9466226883
20200416_20200422,unw,area_m2,2020,2,6,short,6,15060840963.31184,240804324.4288526
20200416_20200422,q20,population,2020,2,6,short,6,22500616.064821858,423112.9103009524
20200416_20200422,q20,builtup_m2,2020,2,6,short,6,1253622866.0,46802681.732100464
20200416_20200422,q20,area_m2,2020,2,6,short,6,15060840963.31184,3110898045.469236
20200416_20200422,q30,population,2020,2,6,short,6,22500616.064821858,1073394.3796924942
20200416_20200422,q30,builtup_m2,2020,2,6,short,6,1253622866.0,122762809.54536363
20200416_20200422,q30,area_m2,2020,2,6,short,6,15060840963.31184,5467120169.054521
20200416_20200422,q40,population,2020,2,6,short,6,22500616.064821858,2128050.159930675
20200416_20200422,q40,builtup_m2,2020,2,6,short,6,1253622866.0,236515564.26795638
20200416_20200422,q40,area_m2,2020,2,6,short,6,15060840963.31184,7682811534.495272
20200422_20200504,unw,population,2020,2,12,short,2,22500616.064821858,68894.2142190242
20200422_20200504,unw,builtup_m2,2020,2,12,short,2,1253622866.0,6002678.4928896455
20200422_20200504,unw,area_m2,2020,2,12,short,2,15060840963.31184,639509995.3486339
20200422_20200504,q20,population,2020,2,12,short,2,22500616.064821858,738132.1683078485
20200422_20200504,q20,builtup_m2,2020,2,12,short,2,1253622866.0,89884161.21932158
20200422_20200504,q20,area_m2,2020,2,12,short,2,15060840963.31184,5515026278.182874
20200422_20200504,q30,population,2020,2,12,short,2,22500616.064821858,1586677.7274450029
20200422_20200504,q30,builtup_m2,2020,2,12,short,2,1253622866.0,192329623.82891017
20200422_20200504,q30,area_m2,2020,2,12,short,2,15060840963.31184,7903119438.70672
20200422_20200504,q40,population,2020,2,12,short,2,22500616.064821858,2732466.97699707
20200422_20200504,q40,builtup_m2,2020,2,12,short,2,1253622866.0,312051325.9118685
20200422_20200504,q40,area_m2,2020,2,12,short,2,15060840963.31184,9672039843.986479
20200422_20200528,unw,population,2020,2,36,long,3,22500616.064821858,155801.96444585404
20200422_20200528,unw,builtup_m2,2020,2,36,long,3,1253622866.0,16828158.102287985
20200422_20200528,unw,area_m2,2020,2,36,long,3,15060840963.31184,2144067635.1115198
20200422_20200528,q20,population,2020,2,36,long,3,22500616.064821858,1388208.1130413308
20200422_20200528,q20,builtup_m2,2020,2,36,long,3,1253622866.0,175399324.5283785
20200422_20200528,q20,area_m2,2020,2,36,long,3,15060840963.31184,8494802767.693517
20200422_20200528,q30,population,2020,2,36,long,3,22500616.064821858,2509308.699307704
20200422_20200528,q30,builtup_m2,2020,2,36,long,3,1253622866.0,299632322.03983676
20200422_20200528,q30,area_m2,2020,2,36,long,3,15060840963.31184,10279858741.03003
20200422_20200528,q40,population,2020,2,36,long,3,22500616.064821858,4019139.6711520003
20200422_20200528,q40,builtup_m2,2020,2,36,long,3,1253622866.0,427815455.87185335
20200422_20200528,q40,area_m2,2020,2,36,long,3,15060840963.31184,11473229548.93957
20200516_20200528,unw,population,2020,2,12,short,4,22500616.064821858,83021.56004133269
20200516_20200528,unw,builtup_m2,2020,2,12,short,4,1253622866.0,7687609.468622
20200516_20200528,unw,area_m2,2020,2,12,short,4,15060840963.31184,711079541.088394
20200516_20200528,q20,population,2020,2,12,short,4,22500616.064821858,878083.8715151182
20200516_20200528,q20,builtup_m2,2020,2,12,short,4,1253622866.0,110466437.69631131
20200516_20200528,q20,area_m2,2020,2,12,short,4,15060840963.31184,5937930376.80462
20200516_20200528,q30,population,2020,2,12,short,4,22500616.064821858,1786983.4836981655
20200516_20200528,q30,builtup_m2,2020,2,12,short,4,1253622866.0,222887004.27201718
20200516_20200528,q30,area_m2,2020,2,12,short,4,15060840963.31184,8363469333.800537
20200516_20200528,q40,population,2020,2,12,short,4,22500616.064821858,2974539.358471543
20200516_20200528,q40,builtup_m2,2020,2,12,short,4,1253622866.0,346552545.84368837
20200516_20200528,q40,area_m2,2020,2,12,short,4,15060840963.31184,10119238055.391012
20200528_20200609,unw,population,2020,2,12,short,8,22500616.064821858,106163.84503722249
20200528_20200609,unw,builtup_m2,2020,2,12,short,8,1253622866.0,10203271.491549615
20200528_20200609,unw,area_m2,2020,2,12,short,8,15060840963.31184,1077661538.140556
20200528_20200609,q20,population,2020,2,12,short,8,22500616.064821858,1080881.5225086177
20200528_20200609,q20,builtup_m2,2020,2,12,short,8,1253622866.0,134990878.91218954
20200528_20200609,q20,area_m2,2020,2,12,short,8,15060840963.31184,7167670428.489598
20200528_20200609,q30,population,2020,2,12,short,8,22500616.064821858,2061944.942252471
20200528_20200609,q30,builtup_m2,2020,2,12,short,8,1253622866.0,253041458.1471236
20200528_20200609,q30,area_m2,2020,2,12,short,8,15060840963.31184,9370105482.717022
20200528_20200609,q40,population,2020,2,12,short,8,22500616.064821858,3316487.288506108
20200528_20200609,q40,builtup_m2,2020,2,12,short,8,1253622866.0,376101806.4716911
20200528_20200609,q40,area_m2,2020,2,12,short,8,15060840963.31184,10840835360.763119
20200609_20200727,unw,population,2020,2,48,long,1,22500616.064821858,201669.47402493228
20200609_20200727,unw,builtup_m2,2020,2,48,long,1,1253622866.0,23925486.321934737
20200609_20200727,unw,area_m2,2020,2,48,long,1,15060840963.31184,3334540942.80613
20200609_20200727,q20,population,2020,2,48,long,1,22500616.064821858,1628397.3253826348
20200609_20200727,q20,builtup_m2,2020,2,48,long,1,1253622866.0,204806265.8739729
20200609_20200727,q20,area_m2,2020,2,48,long,1,15060840963.31184,9474110825.838757
20200609_20200727,q30,population,2020,2,48,long,1,22500616.064821858,2932234.134514082
20200609_20200727,q30,builtup_m2,2020,2,48,long,1,1253622866.0,333697619.80696136
20200609_20200727,q30,area_m2,2020,2,48,long,1,15060840963.31184,10845450868.63407
20200609_20200727,q40,population,2020,2,48,long,1,22500616.064821858,4868574.573581598
20200609_20200727,q40,builtup_m2,2020,2,48,long,1,1253622866.0,472614629.6149177
20200609_20200727,q40,area_m2,2020,2,48,long,1,15060840963.31184,11847317108.722113
20200609_20200925,unw,population,2020,2,108,long,5,22500616.064821858,264119.9306088944
20200609_20200925,unw,builtup_m2,2020,2,108,long,5,1253622866.0,33047768.673793145
20200609_20200925,unw,area_m2,2020,2,108,long,5,15060840963.31184,3957612374.7762265
20200609_20200925,q20,population,2020,2,108,long,5,22500616.064821858,1858662.0108507413
20200609_20200925,q20,builtup_m2,2020,2,108,long,5,1253622866.0,238033047.75866795
20200609_20200925,q20,area_m2,2020,2,108,long,5,15060840963.31184,9902926818.788681
20200609_20200925,q30,population,2020,2,108,long,5,22500616.064821858,3146559.598385123
20200609_20200925,q30,builtup_m2,2020,2,108,long,5,1253622866.0,367159146.38368523
20200609_20200925,q30,area_m2,2020,2,108,long,5,15060840963.31184,11136771469.2169
20200609_20200925,q40,population,2020,2,108,long,5,22500616.064821858,4870615.272357137
20200609_20200925,q40,builtup_m2,2020,2,108,long,5,1253622866.0,500144888.2661472
20200609_20200925,q40,area_m2,2020,2,108,long,5,15060840963.31184,12054670115.797785
20200621_20210306,unw,population,2020,2,258,long,7,22500616.064821858,388132.8454391793
20200621_20210306,unw,builtup_m2,2020,2,258,long,7,1253622866.0,47757857.61445535
20200621_20210306,unw,area_m2,2020,2,258,long,7,15060840963.31184,4266235148.8957496
20200621_20210306,q20,population,2020,2,258,long,7,22500616.064821858,2975838.9932107506
20200621_20210306,q20,builtup_m2,2020,2,258,long,7,1253622866.0,315132786.57514995
20200621_20210306,q20,area_m2,2020,2,258,long,7,15060840963.31184,10419306317.811821
20200621_20210306,q30,population,2020,2,258,long,7,22500616.064821858,5768733.894575316
20200621_20210306,q30,builtup_m2,2020,2,258,long,7,1253622866.0,497975184.6624885
20200621_20210306,q30,area_m2,2020,2,258,long,7,15060840963.31184,11775448326.35227
20200621_20210306,q40,population,2020,2,258,long,7,22500616.064821858,9721626.287835773
20200621_20210306,q40,builtup_m2,2020,2,258,long,7,1253622866.0,695164459.1821332
20200621_20210306,q40,area_m2,2020,2,258,long,7,15060840963.31184,12827597310.416876
20200727_20200826,unw,population,2020,3,30,long,8,22500616.064821858,136653.36849659597
20200727_20200826,unw,builtup_m2,2020,3,30,long,8,1253622866.0,14550892.29813369
20200727_20200826,unw,area_m2,2020,3,30,long,8,15060840963.31184,2465815723.331358
20200727_20200826,q20,population,2020,3,30,long,8,22500616.064821858,1325523.4935191327
20200727_20200826,q20,builtup_m2,2020,3,30,long,8,1253622866.0,164624430.3315283
20200727_20200826,q20,area_m2,2020,3,30,long,8,15060840963.31184,8846435394.841908
20200727_20200826,q30,population,2020,3,30,long,8,22500616.064821858,2549602.7910054163
20200727_20200826,q30,builtup_m2,2020,3,30,long,8,1253622866.0,290202426.95251983
20200727_20200826,q30,area_m2,2020,3,30,long,8,15060840963.31184,10420150661.070486
20200727_20200826,q40,population,2020,3,30,long,8,22500616.064821858,4458401.047702006
20200727_20200826,q40,builtup_m2,2020,3,30,long,8,1253622866.0,431554557.90127295
20200727_20200826,q40,area_m2,2020,3,30,long,8,15060840963.31184,11545105371.684053
20200808_20200901,unw,population,2020,3,24,short,5,22500616.064821858,129974.69463323176
20200808_20200901,unw,builtup_m2,2020,3,24,short,5,1253622866.0,14120614.74000096
20200808_20200901,unw,area_m2,2020,3,24,short,5,15060840963.31184,2262315175.813382
20200808_20200901,q20,population,2020,3,24,short,5,22500616.064821858,1285514.3549670086
20200808_20200901,q20,builtup_m2,2020,3,24,short,5,1253622866.0,165006853.6043023
20200808_20200901,q20,area_m2,2020,3,24,short,5,15060840963.31184,8752805980.311657
20200808_20200901,q30,population,2020,3,24,short,5,22500616.064821858,2356412.8256204985
20200808_20200901,q30,builtup_m2,2020,3,24,short,5,1253622866.0,285656818.3517271
20200808_20200901,q30,area_m2,2020,3,24,short,5,15060840963.31184,10362494280.661663
20200808_20200901,q40,population,2020,3,24,short,5,22500616.064821858,3744852.9107078672
20200808_20200901,q40,builtup_m2,2020,3,24,short,5,1253622866.0,408822450.538133
20200808_20200901,q40,area_m2,2020,3,24,short,5,15060840963.31184,11443451838.489706
20200820_20200901,unw,population,2020,3,12,short,1,22500616.064821858,87753.15601981571
20200820_20200901,unw,builtup_m2,2020,3,12,short,1,1253622866.0,9097917.953343553
20200820_20200901,unw,area_m2,2020,3,12,short,1,15060840963.31184,1375370725.062131
20200820_20200901,q20,population,2020,3,12,short,1,22500616.064821858,1089422.6785153637
20200820_20200901,q20,builtup_m2,2020,3,12,short,1,1253622866.0,139937342.26035303
20200820_20200901,q20,area_m2,2020,3,12,short,1,15060840963.31184,7953802336.319033
20200820_20200901,q30,population,2020,3,12,short,1,22500616.064821858,2145482.0077239685
20200820_20200901,q30,builtup_m2,2020,3,12,short,1,1253622866.0,263342193.1785867
20200820_20200901,q30,area_m2,2020,3,12,short,1,15060840963.31184,9930533755.622772
20200820_20200901,q40,population,2020,3,12,short,1,22500616.064821858,3506287.019682359
20200820_20200901,q40,builtup_m2,2020,3,12,short,1,1253622866.0,391777219.92676073
20200820_20200901,q40,area_m2,2020,3,12,short,1,15060840963.31184,11202899036.014893
20200820_20200907,unw,population,2020,3,18,short,3,22500616.064821858,126815.5167729647
20200820_20200907,unw,builtup_m2,2020,3,18,short,3,1253622866.0,14687088.7019379
20200820_20200907,unw,area_m2,2020,3,18,short,3,15060840963.31184,2242855119.3491793
20200820_20200907,q20,population,2020,3,18,short,3,22500616.064821858,1342404.3846860013
20200820_20200907,q20,builtup_m2,2020,3,18,short,3,1253622866.0,174874703.08136243
20200820_20200907,q20,area_m2,2020,3,18,short,3,15060840963.31184,8840645586.0893
20200820_20200907,q30,population,2020,3,18,short,3,22500616.064821858,2468570.2553140945
20200820_20200907,q30,builtup_m2,2020,3,18,short,3,1253622866.0,301002951.7465912
20200820_20200907,q30,area_m2,2020,3,18,short,3,15060840963.31184,10441185035.154945
20200820_20200907,q40,population,2020,3,18,short,3,22500616.064821858,3912174.7672959287
20200820_20200907,q40,builtup_m2,2020,3,18,short,3,1253622866.0,426969718.12197685
20200820_20200907,q40,area_m2,2020,3,18,short,3,15060840963.31184,11508970402.61406
20200907_20210318,unw,population,2020,3,192,long,4,22500616.064821858,21701346.863578543
20200907_20210318,unw,builtup_m2,2020,3,192,long,4,1253622866.0,1176125002.5586567
20200907_20210318,unw,area_m2,2020,3,192,long,4,15060840963.31184,14159905801.772287
20200907_20210318,q20,population,2020,3,192,long,4,22500616.064821858,21931357.7796363
20200907_20210318,q20,builtup_m2,2020,3,192,long,4,1253622866.0,1198885228.4994702
20200907_20210318,q20,area_m2,2020,3,192,long,4,15060840963.31184,14759614477.804981
20200907_20210318,q30,population,2020,3,192,long,4,22500616.064821858,22040500.167241383
20200907_20210318,q30,builtup_m2,2020,3,192,long,4,1253622866.0,1209957491.7269185
20200907_20210318,q30,area_m2,2020,3,192,long,4,15060840963.31184,14854143488.843468
20200907_20210318,q40,population,2020,3,192,long,4,22500616.064821858,22146586.550521463
20200907_20210318,q40,builtup_m2,2020,3,192,long,4,1253622866.0,1220650603.6989698
20200907_20210318,q40,area_m2,2020,3,192,long,4,15060840963.31184,14920603453.853373
20200913_20210330,unw,population,2020,3,198,long,2,22500616.064821858,325869.0667509094
20200913_20210330,unw,builtup_m2,2020,3,198,long,2,1253622866.0,39870609.98546223
20200913_20210330,unw,area_m2,2020,3,198,long,2,15060840963.31184,4203295912.13718
20200913_20210330,q20,population,2020,3,198,long,2,22500616.064821858,2486567.438598964
20200913_20210330,q20,builtup_m2,2020,3,198,long,2,1253622866.0,283615908.2502815
20200913_20210330,q20,area_m2,2020,3,198,long,2,15060840963.31184,10251903813.530237
20200913_20210330,q30,population,2020,3,198,long,2,22500616.064821858,4548765.332560317
20200913_20210330,q30,builtup_m2,2020,3,198,long,2,1253622866.0,445023704.84368795
20200913_20210330,q30,area_m2,2020,3,198,long,2,15060840963.31184,11566268180.917568
20200913_20210330,q40,population,2020,3,198,long,2,22500616.064821858,7325095.1453746455
20200913_20210330,q40,builtup_m2,2020,3,198,long,2,1253622866.0,611236998.9082009
20200913_20210330,q40,area_m2,2020,3,198,long,2,15060840963.31184,12544306291.58787
20200919_20210330,unw,population,2020,3,192,long,6,22500616.064821858,362385.54814697354
20200919_20210330,unw,builtup_m2,2020,3,192,long,6,1253622866.0,45276905.81808979
20200919_20210330,unw,area_m2,2020,3,192,long,6,15060840963.31184,4332414335.182786
20200919_20210330,q20,population,2020,3,192,long,6,22500616.064821858,2656740.0026102024
20200919_20210330,q20,builtup_m2,2020,3,192,long,6,1253622866.0,305265549.96749395
20200919_20210330,q20,area_m2,2020,3,192,long,6,15060840963.31184,10447853443.796196
20200919_20210330,q30,population,2020,3,192,long,6,22500616.064821858,4747332.937824546
20200919_20210330,q30,builtup_m2,2020,3,192,long,6,1253622866.0,470602576.6025766
20200919_20210330,q30,area_m2,2020,3,192,long,6,15060840963.31184,11740568346.715717
20200919_20210330,q40,population,2020,3,192,long,6,22500616.064821858,7640128.8960641455
20200919_20210330,q40,builtup_m2,2020,3,192,long,6,1253622866.0,643097996.7328876
20200919_20210330,q40,area_m2,2020,3,192,long,6,15060840963.31184,12712100054.936283
20200925_20201007,unw,population,2020,3,12,short,7,22500616.064821858,103721.9918661382
20200925_20201007,unw,builtup_m2,2020,3,12,short,7,1253622866.0,11176410.065450259
20200925_20201007,unw,area_m2,2020,3,12,short,7,15060840963.31184,1762216423.8024292
20200925_20201007,q20,population,2020,3,12,short,7,22500616.064821858,1115757.4633574043
20200925_20201007,q20,builtup_m2,2020,3,12,short,7,1253622866.0,147738249.98949343
20200925_20201007,q20,area_m2,2020,3,12,short,7,15060840963.31184,8464630275.829675
20200925_20201007,q30,population,2020,3,12,short,7,22500616.064821858,2052863.5401770754
20200925_20201007,q30,builtup_m2,2020,3,12,short,7,1253622866.0,260498199.71813464
20200925_20201007,q30,area_m2,2020,3,12,short,7,15060840963.31184,10124727963.53492
20200925_20201007,q40,population,2020,3,12,short,7,22500616.064821858,3204031.8075615
20200925_20201007,q40,builtup_m2,2020,3,12,short,7,1253622866.0,374858395.5939683
20200925_20201007,q40,area_m2,2020,3,12,short,7,15060840963.31184,11206855007.636866
20201025_20201031,unw,population,2020,4,6,short,1,22500616.064821858,74792.12994942791
20201025_20201031,unw,builtup_m2,2020,4,6,short,1,1253622866.0,7719452.282579195
20201025_20201031,unw,area_m2,2020,4,6,short,1,15060840963.31184,1007005784.4565743
20201025_20201031,q20,population,2020,4,6,short,1,22500616.064821858,975889.5136055183
20201025_20201031,q20,builtup_m2,2020,4,6,short,1,1253622866.0,130358716.28206576
20201025_20201031,q20,area_m2,2020,4,6,short,1,15060840963.31184,7477720450.844491
20201025_20201031,q30,population,2020,4,6,short,1,22500616.064821858,2041820.4871586543
20201025_20201031,q30,builtup_m2,2020,4,6,short,1,1253622866.0,254951613.79824287
20201025_20201031,q30,area_m2,2020,4,6,short,1,15060840963.31184,9738127173.986618
20201025_20201031,q40,population,2020,4,6,short,1,22500616.064821858,3485505.3979923157
20201025_20201031,q40,builtup_m2,2020,4,6,short,1,1253622866.0,387090721.0441777
20201025_20201031,q40,area_m2,2020,4,6,short,1,15060840963.31184,11127767894.907452
20201031_20201106,unw,population,2020,4,6,short,2,22500616.064821858,77918.37429254856
20201031_20201106,unw,builtup_m2,2020,4,6,short,2,1253622866.0,8122536.183592666
20201031_20201106,unw,area_m2,2020,4,6,short,2,15060840963.31184,1075117841.8850684
20201031_20201106,q20,population,2020,4,6,short,2,22500616.064821858,1025612.7655790553
20201031_20201106,q20,builtup_m2,2020,4,6,short,2,1253622866.0,135544913.19188678
20201031_20201106,q20,area_m2,2020,4,6,short,2,15060840963.31184,7781942065.631367
20201031_20201106,q30,population,2020,4,6,short,2,22500616.064821858,2084739.3218707885
20201031_20201106,q30,builtup_m2,2020,4,6,short,2,1253622866.0,259806069.5788812
20201031_20201106,q30,area_m2,2020,4,6,short,2,15060840963.31184,9888646789.41609
20201031_20201106,q40,population,2020,4,6,short,2,22500616.064821858,3522711.4039686024
20201031_20201106,q40,builtup_m2,2020,4,6,short,2,1253622866.0,392320170.36393714
20201031_20201106,q40,area_m2,2020,4,6,short,2,15060840963.31184,11210308210.568203
20201031_20201118,unw,population,2020,4,18,short,4,22500616.064821858,142469.56779951853
20201031_20201118,unw,builtup_m2,2020,4,18,short,4,1253622866.0,16790553.801547285
20201031_20201118,unw,area_m2,2020,4,18,short,4,15060840963.31184,2465530117.7712083
20201031_20201118,q20,population,2020,4,18,short,4,22500616.064821858,1444407.6582431481
20201031_20201118,q20,builtup_m2,2020,4,18,short,4,1253622866.0,186327008.57810503
20201031_20201118,q20,area_m2,2020,4,18,short,4,15060840963.31184,9087027835.560839
20201031_20201118,q30,population,2020,4,18,short,4,22500616.064821858,2679018.8256709576
20201031_20201118,q30,builtup_m2,2020,4,18,short,4,1253622866.0,315722193.690985
20201031_20201118,q30,area_m2,2020,4,18,short,4,15060840963.31184,10622560564.026972
20201031_20201118,q40,population,2020,4,18,short,4,22500616.064821858,4423769.859660497
20201031_20201118,q40,builtup_m2,2020,4,18,short,4,1253622866.0,452125101.26009595
20201031_20201118,q40,area_m2,2020,4,18,short,4,15060840963.31184,11692512356.474823
20201106_20201130,unw,population,2020,4,24,short,7,22500616.064821858,120044.68352553414
20201106_20201130,unw,builtup_m2,2020,4,24,short,7,1253622866.0,13719796.752295654
20201106_20201130,unw,area_m2,2020,4,24,short,7,15060840963.31184,2399259277.841407
20201106_20201130,q20,population,2020,4,24,short,7,22500616.064821858,1222706.307539125
20201106_20201130,q20,builtup_m2,2020,4,24,short,7,1253622866.0,159263670.02039248
20201106_20201130,q20,area_m2,2020,4,24,short,7,15060840963.31184,8809169672.082233
20201106_20201130,q30,population,2020,4,24,short,7,22500616.064821858,2234465.5843458315
20201106_20201130,q30,builtup_m2,2020,4,24,short,7,1253622866.0,273902674.41370493
20201106_20201130,q30,area_m2,2020,4,24,short,7,15060840963.31184,10298608145.51208
20201106_20201130,q40,population,2020,4,24,short,7,22500616.064821858,3569256.881626095
20201106_20201130,q40,builtup_m2,2020,4,24,short,7,1253622866.0,393030344.6301484
20201106_20201130,q40,area_m2,2020,4,24,short,7,15060840963.31184,11347490792.826288
20201206_20201230,unw,population,2020,4,24,short,6,22500616.064821858,99711.01596518327
20201206_20201230,unw,builtup_m2,2020,4,24,short,6,1253622866.0,10320005.695698136
20201206_20201230,unw,area_m2,2020,4,24,short,6,15060840963.31184,1798068539.1050422
20201206_20201230,q20,population,2020,4,24,short,6,22500616.064821858,1081165.9252715486
20201206_20201230,q20,builtup_m2,2020,4,24,short,6,1253622866.0,140981271.56330943
20201206_20201230,q20,area_m2,2020,4,24,short,6,15060840963.31184,8426821453.898314
20201206_20201230,q30,population,2020,4,24,short,6,22500616.064821858,1994570.9971296552
20201206_20201230,q30,builtup_m2,2020,4,24,short,6,1253622866.0,250703381.05922133
20201206_20201230,q30,area_m2,2020,4,24,short,6,15060840963.31184,10055376396.731503
20201206_20201230,q40,population,2020,4,24,short,6,22500616.064821858,3140804.0746733337
20201206_20201230,q40,builtup_m2,2020,4,24,short,6,1253622866.0,364046663.4523115
20201206_20201230,q40,area_m2,2020,4,24,short,6,15060840963.31184,11142585467.0237
20201212_20201230,unw,population,2020,4,18,short,3,22500616.064821858,78598.76930151883
20201212_20201230,unw,builtup_m2,2020,4,18,short,3,1253622866.0,7724148.608467937
20201212_20201230,unw,area_m2,2020,4,18,short,3,15060840963.31184,1271450268.8733206
20201212_20201230,q20,population,2020,4,18,short,3,22500616.064821858,953707.5025388405
20201212_20201230,q20,builtup_m2,2020,4,18,short,3,1253622866.0,123245516.64724931
20201212_20201230,q20,area_m2,2020,4,18,short,3,15060840963.31184,7909180119.678774
20201212_20201230,q30,population,2020,4,18,short,3,22500616.064821858,1843768.681540688
20201212_20201230,q30,builtup_m2,2020,4,18,short,3,1253622866.0,232147846.01480997
20201212_20201230,q30,area_m2,2020,4,18,short,3,15060840963.31184,9781354268.062525
20201212_20201230,q40,population,2020,4,18,short,3,22500616.064821858,2950882.5831227186
20201212_20201230,q40,builtup_m2,2020,4,18,short,3,1253622866.0,345618819.53753823
20201212_20201230,q40,area_m2,2020,4,18,short,3,15060840963.31184,10969681074.492928
20201212_20210105,unw,population,2020,4,24,short,5,22500616.064821858,89921.74773647593
20201212_20210105,unw,builtup_m2,2020,4,24,short,5,1253622866.0,9020778.295387914
20201212_20210105,unw,area_m2,2020,4,24,short,5,15060840963.31184,1562831352.8384204
20201212_20210105,q20,population,2020,4,24,short,5,22500616.064821858,1040168.3029713661
20201212_20210105,q20,builtup_m2,2020,4,24,short,5,1253622866.0,132472341.31811276
20201212_20210105,q20,area_m2,2020,4,24,short,5,15060840963.31184,8207969105.002996
20201212_20210105,q30,population,2020,4,24,short,5,22500616.064821858,1969808.3483982044
20201212_20210105,q30,builtup_m2,2020,4,24,short,5,1253622866.0,241689171.8020768
20201212_20210105,q30,area_m2,2020,4,24,short,5,15060840963.31184,9922337087.526342
20201212_20210105,q40,population,2020,4,24,short,5,22500616.064821858,3167888.61551916
20201212_20210105,q40,builtup_m2,2020,4,24,short,5,1253622866.0,356246854.3510477
20201212_20210105,q40,area_m2,2020,4,24,short,5,15060840963.31184,11052396651.570707
20201230_20210111,unw,population,2020,4,12,short,8,22500616.064821858,56584.022958106056
20201230_20210111,unw,builtup_m2,2020,4,12,short,8,1253622866.0,4647367.058750364
20201230_20210111,unw,area_m2,2020,4,12,short,8,15060840963.31184,513625919.3284226
20201230_20210111,q20,population,2020,4,12,short,8,22500616.064821858,617470.0317538058
20201230_20210111,q20,builtup_m2,2020,4,12,short,8,1253622866.0,75734627.58517262
20201230_20210111,q20,area_m2,2020,4,12,short,8,15060840963.31184,6023286105.602347
20201230_20210111,q30,population,2020,4,12,short,8,22500616.064821858,1387673.8673897411
20201230_20210111,q30,builtup_m2,2020,4,12,short,8,1253622866.0,173621709.07079202
20201230_20210111,q30,area_m2,2020,4,12,short,8,15060840963.31184,8634155436.304138
20201230_20210111,q40,population,2020,4,12,short,8,22500616.064821858,2390358.920783484
20201230_20210111,q40,builtup_m2,2020,4,12,short,8,1253622866.0,285300566.733183
20201230_20210111,q40,area_m2,2020,4,12,short,8,15060840963.31184,10259514287.855473
20210105_20210123,unw,population,2021,1,18,short,1,22500616.064821858,71702.82236247344
20210105_20210123,unw,builtup_m2,2021,1,18,short,1,1253622866.0,6034291.593510649
20210105_20210123,unw,area_m2,2021,1,18,short,1,15060840963.31184,787334711.3185583
20210105_20210123,q20,population,2021,1,18,short,1,22500616.064821858,805719.2474512496
20210105_20210123,q20,builtup_m2,2021,1,18,short,1,1253622866.0,98430285.09881124
20210105_20210123,q20,area_m2,2021,1,18,short,1,15060840963.31184,7006966518.66663
20210105_20210123,q30,population,2021,1,18,short,1,22500616.064821858,1639943.8437998567
20210105_20210123,q30,builtup_m2,2021,1,18,short,1,1253622866.0,202331144.8153173
20210105_20210123,q30,area_m2,2021,1,18,short,1,15060840963.31184,9212328187.797375
20210105_20210123,q40,population,2021,1,18,short,1,22500616.064821858,2705142.1754614655
20210105_20210123,q40,builtup_m2,2021,1,18,short,1,1253622866.0,315793234.6397658
20210105_20210123,q40,area_m2,2021,1,18,short,1,15060840963.31184,10616895323.247334
20210129_20210222,unw,population,2021,1,24,short,7,22500616.064821858,86336.05549384993
20210129_20210222,unw,builtup_m2,2021,1,24,short,7,1253622866.0,8157368.46636218
20210129_20210222,unw,area_m2,2021,1,24,short,7,15060840963.31184,1431214643.2911782
20210129_20210222,q20,population,2021,1,24,short,7,22500616.064821858,972869.0623927356
20210129_20210222,q20,builtup_m2,2021,1,24,short,7,1253622866.0,118828300.85861215
20210129_20210222,q20,area_m2,2021,1,24,short,7,15060840963.31184,7625419061.67957
20210129_20210222,q30,population,2021,1,24,short,7,22500616.064821858,1923538.105258137
20210129_20210222,q30,builtup_m2,2021,1,24,short,7,1253622866.0,229744143.6476478
20210129_20210222,q30,area_m2,2021,1,24,short,7,15060840963.31184,9579957509.284489
20210129_20210222,q40,population,2021,1,24,short,7,22500616.064821858,3221261.4033900164
20210129_20210222,q40,builtup_m2,2021,1,24,short,7,1253622866.0,352107221.36622375
20210129_20210222,q40,area_m2,2021,1,24,short,7,15060840963.31184,10912510017.630167
20210228_20210324,unw,population,2021,1,24,short,3,22500616.064821858,95284.04999982768
20210228_20210324,unw,builtup_m2,2021,1,24,short,3,1253622866.0,9044334.79657925
20210228_20210324,unw,area_m2,2021,1,24,short,3,15060840963.31184,1553954495.2241743
20210228_20210324,q20,population,2021,1,24,short,3,22500616.064821858,978521.5476333448
20210228_20210324,q20,builtup_m2,2021,1,24,short,3,1253622866.0,121265492.00838786
20210228_20210324,q20,area_m2,2021,1,24,short,3,15060840963.31184,7544802881.1708
20210228_20210324,q30,population,2021,1,24,short,3,22500616.064821858,1898577.1625501318
20210228_20210324,q30,builtup_m2,2021,1,24,short,3,1253622866.0,231475336.11203012
20210228_20210324,q30,area_m2,2021,1,24,short,3,15060840963.31184,9537143022.986814
20210228_20210324,q40,population,2021,1,24,short,3,22500616.064821858,3120204.642336777
20210228_20210324,q40,builtup_m2,2021,1,24,short,3,1253622866.0,350829119.43763196
20210228_20210324,q40,area_m2,2021,1,24,short,3,15060840963.31184,10880709034.87904
20210306_20210616,unw,population,2021,1,102,long,8,22500616.064821858,240698.62909651326
20210306_20210616,unw,builtup_m2,2021,1,102,long,8,1253622866.0,28810001.458270237
20210306_20210616,unw,area_m2,2021,1,102,long,8,15060840963.31184,3842886412.0683317
20210306_20210616,q20,population,2021,1,102,long,8,22500616.064821858,1744341.7604914093
20210306_20210616,q20,builtup_m2,2021,1,102,long,8,1253622866.0,218765617.10330254
20210306_20210616,q20,area_m2,2021,1,102,long,8,15060840963.31184,9654131086.243433
20210306_20210616,q30,population,2021,1,102,long,8,22500616.064821858,3100212.1269393666
20210306_20210616,q30,builtup_m2,2021,1,102,long,8,1253622866.0,351069846.6122788
20210306_20210616,q30,area_m2,2021,1,102,long,8,15060840963.31184,10958532068.492838
20210306_20210616,q40,population,2021,1,102,long,8,22500616.064821858,5031216.405112025
20210306_20210616,q40,builtup_m2,2021,1,102,long,8,1253622866.0,492765253.12722987
20210306_20210616,q40,area_m2,2021,1,102,long,8,15060840963.31184,11946922535.00735
20210306_20220313,unw,population,2021,1,372,long,4,22500616.064821858,397232.30805196415
20210306_20220313,unw,builtup_m2,2021,1,372,long,4,1253622866.0,47626146.340455495
20210306_20220313,unw,area_m2,2021,1,372,long,4,15060840963.31184,4214923113.2028146
20210306_20220313,q20,population,2021,1,372,long,4,22500616.064821858,2805468.9482534486
20210306_20220313,q20,builtup_m2,2021,1,372,long,4,1253622866.0,305792589.34541035
20210306_20220313,q20,area_m2,2021,1,372,long,4,15060840963.31184,10313072010.614021
20210306_20220313,q30,population,2021,1,372,long,4,22500616.064821858,5037345.525078045
20210306_20220313,q30,builtup_m2,2021,1,372,long,4,1253622866.0,472080583.10690826
20210306_20220313,q30,area_m2,2021,1,372,long,4,15060840963.31184,11632322732.469719
20210306_20220313,q40,population,2021,1,372,long,4,22500616.064821858,7964417.0005273055
20210306_20220313,q40,builtup_m2,2021,1,372,long,4,1253622866.0,641367037.7942283
20210306_20220313,q40,area_m2,2021,1,372,long,4,15060840963.31184,12618807706.400862
20210312_20220325,unw,population,2021,1,378,long,2,22500616.064821858,405975.5986475628
20210312_20220325,unw,builtup_m2,2021,1,378,long,2,1253622866.0,49326341.595137194
20210312_20220325,unw,area_m2,2021,1,378,long,2,15060840963.31184,4272529105.397197
20210312_20220325,q20,population,2021,1,378,long,2,22500616.064821858,2848693.050360323
20210312_20220325,q20,builtup_m2,2021,1,378,long,2,1253622866.0,312764012.499438
20210312_20220325,q20,area_m2,2021,1,378,long,2,15060840963.31184,10388405561.790405
20210312_20220325,q30,population,2021,1,378,long,2,22500616.064821858,5034051.808714803
20210312_20220325,q30,builtup_m2,2021,1,378,long,2,1253622866.0,479105101.3634674
20210312_20220325,q30,area_m2,2021,1,378,long,2,15060840963.31184,11692135097.930399
20210312_20220325,q40,population,2021,1,378,long,2,22500616.064821858,7951112.48895684
20210312_20220325,q40,builtup_m2,2021,1,378,long,2,1253622866.0,650311963.09404
20210312_20220325,q40,area_m2,2021,1,378,long,2,15060840963.31184,12675746141.290388
20210324_20220313,unw,population,2021,1,354,long,6,22500616.064821858,374190.8479224081
20210324_20220313,unw,builtup_m2,2021,1,354,long,6,1253622866.0,44986480.30295048
20210324_20220313,unw,area_m2,2021,1,354,long,6,15060840963.31184,4144974703.6988006
20210324_20220313,q20,population,2021,1,354,long,6,22500616.064821858,2552854.279611133
20210324_20220313,q20,builtup_m2,2021,1,354,long,6,1253622866.0,289136841.3145865
20210324_20220313,q20,area_m2,2021,1,354,long,6,15060840963.31184,10184143359.674843
20210324_20220313,q30,population,2021,1,354,long,6,22500616.064821858,4445224.207908411
20210324_20220313,q30,builtup_m2,2021,1,354,long,6,1253622866.0,444904947.8995521
20210324_20220313,q30,area_m2,2021,1,354,long,6,15060840963.31184,11484561917.285597
20210324_20220313,q40,population,2021,1,354,long,6,22500616.064821858,6983831.54218442
20210324_20220313,q40,builtup_m2,2021,1,354,long,6,1253622866.0,603887834.4456493
20210324_20220313,q40,area_m2,2021,1,354,long,6,15060840963.31184,12457228299.259876
20210330_20210423,unw,population,2021,1,24,short,5,22500616.064821858,143276.87467124272
20210330_20210423,unw,builtup_m2,2021,1,24,short,5,1253622866.0,15319089.639962314
20210330_20210423,unw,area_m2,2021,1,24,short,5,15060840963.31184,2261892449.7125874
20210330_20210423,q20,population,2021,1,24,short,5,22500616.064821858,1293870.0268979848
20210330_20210423,q20,builtup_m2,2021,1,24,short,5,1253622866.0,163646180.37764573
20210330_20210423,q20,area_m2,2021,1,24,short,5,15060840963.31184,8675748680.763445
20210330_20210423,q30,population,2021,1,24,short,5,22500616.064821858,2370859.9361791085
20210330_20210423,q30,builtup_m2,2021,1,24,short,5,1253622866.0,282311279.3326495
20210330_20210423,q30,area_m2,2021,1,24,short,5,15060840963.31184,10291021602.731224
20210330_20210423,q40,population,2021,1,24,short,5,22500616.064821858,3845811.5900197863
20210330_20210423,q40,builtup_m2,2021,1,24,short,5,1253622866.0,408437099.44238913
20210330_20210423,q40,area_m2,2021,1,24,short,5,15060840963.31184,11389472745.01076
20210411_20210417,unw,population,2021,2,6,short,2,22500616.064821858,55666.780620091944
20210411_20210417,unw,builtup_m2,2021,2,6,short,2,1253622866.0,4586165.989908824
20210411_20210417,unw,area_m2,2021,2,6,short,2,15060840963.31184,374432972.228575
20210411_20210417,q20,population,2021,2,6,short,2,22500616.064821858,690475.2716146064
20210411_20210417,q20,builtup_m2,2021,2,6,short,2,1253622866.0,77114330.2628595
20210411_20210417,q20,area_m2,2021,2,6,short,2,15060840963.31184,4843909863.369106
20210411_20210417,q30,population,2021,2,6,short,2,22500616.064821858,1736636.9920582576
20210411_20210417,q30,builtup_m2,2021,2,6,short,2,1253622866.0,190088848.8061221
20210411_20210417,q30,area_m2,2021,2,6,short,2,15060840963.31184,7804301030.713066
20210411_20210417,q40,population,2021,2,6,short,2,22500616.064821858,3354193.357108047
20210411_20210417,q40,builtup_m2,2021,2,6,short,2,1253622866.0,332314915.7110738
20210411_20210417,q40,area_m2,2021,2,6,short,2,15060840963.31184,10009183806.170622
20210505_20210523,unw,population,2021,2,18,short,4,22500616.064821858,161640.2771318155
20210505_20210523,unw,builtup_m2,2021,2,18,short,4,1253622866.0,18383917.779216602
20210505_20210523,unw,area_m2,2021,2,18,short,4,15060840963.31184,2171542570.0941024
20210505_20210523,q20,population,2021,2,18,short,4,22500616.064821858,1679934.9174896579
20210505_20210523,q20,builtup_m2,2021,2,18,short,4,1253622866.0,205610281.18907848
20210505_20210523,q20,area_m2,2021,2,18,short,4,15060840963.31184,9133409070.682247
20210505_20210523,q30,population,2021,2,18,short,4,22500616.064821858,3349411.018986729
20210505_20210523,q30,builtup_m2,2021,2,18,short,4,1253622866.0,358342461.36832815
20210505_20210523,q30,area_m2,2021,2,18,short,4,15060840963.31184,10826598866.779873
20210505_20210523,q40,population,2021,2,18,short,4,22500616.064821858,6049926.06900569
20210505_20210523,q40,builtup_m2,2021,2,18,short,4,1253622866.0,534409860.61361945
20210505_20210523,q40,area_m2,2021,2,18,short,4,15060840963.31184,12035295707.144537
20210505_20210604,unw,population,2021,2,30,long,1,22500616.064821858,230037.90144088364
20210505_20210604,unw,builtup_m2,2021,2,30,long,1,1253622866.0,27692852.736690514
20210505_20210604,unw,area_m2,2021,2,30,long,1,15060840963.31184,3010531451.752566
20210505_20210604,q20,population,2021,2,30,long,1,22500616.064821858,1882108.1901992613
20210505_20210604,q20,builtup_m2,2021,2,30,long,1,1253622866.0,227178785.50731927
20210505_20210604,q20,area_m2,2021,2,30,long,1,15060840963.31184,9583336866.57479
20210505_20210604,q30,population,2021,2,30,long,1,22500616.064821858,3642220.037813463
20210505_20210604,q30,builtup_m2,2021,2,30,long,1,1253622866.0,381995522.8661563
20210505_20210604,q30,area_m2,2021,2,30,long,1,15060840963.31184,11074944106.535645
20210505_20210604,q40,population,2021,2,30,long,1,22500616.064821858,6495138.546426887
20210505_20210604,q40,builtup_m2,2021,2,30,long,1,1253622866.0,561374821.3744669
20210505_20210604,q40,area_m2,2021,2,30,long,1,15060840963.31184,12209995678.551266
20210523_20210604,unw,population,2021,2,12,short,6,22500616.064821858,69066.70364353123
20210523_20210604,unw,builtup_m2,2021,2,12,short,6,1253622866.0,6311293.580229243
20210523_20210604,unw,area_m2,2021,2,12,short,6,15060840963.31184,791402685.874693
20210523_20210604,q20,population,2021,2,12,short,6,22500616.064821858,824420.5434297571
20210523_20210604,q20,builtup_m2,2021,2,12,short,6,1253622866.0,103892041.34702113
20210523_20210604,q20,area_m2,2021,2,12,short,6,15060840963.31184,6978374940.738041
20210523_20210604,q30,population,2021,2,12,short,6,22500616.064821858,1671973.9399937014
20210523_20210604,q30,builtup_m2,2021,2,12,short,6,1253622866.0,209596661.08766747
20210523_20210604,q30,area_m2,2021,2,12,short,6,15060840963.31184,9225125592.334665
20210523_20210604,q40,population,2021,2,12,short,6,22500616.064821858,2747141.317340935
20210523_20210604,q40,builtup_m2,2021,2,12,short,6,1253622866.0,323194123.69682777
20210523_20210604,q40,area_m2,2021,2,12,short,6,15060840963.31184,10630748896.999834
20210616_20210722,unw,population,2021,2,36,long,7,22500616.064821858,184823.57363880743
20210616_20210722,unw,builtup_m2,2021,2,36,long,7,1253622866.0,22054590.928961948
20210616_20210722,unw,area_m2,2021,2,36,long,7,15060840963.31184,2878280807.338522
20210616_20210722,q20,population,2021,2,36,long,7,22500616.064821858,1414962.0513045767
20210616_20210722,q20,builtup_m2,2021,2,36,long,7,1253622866.0,184836791.5714161
20210616_20210722,q20,area_m2,2021,2,36,long,7,15060840963.31184,9012536202.905035
20210616_20210722,q30,population,2021,2,36,long,7,22500616.064821858,2469495.838852829
20210616_20210722,q30,builtup_m2,2021,2,36,long,7,1253622866.0,301652249.32238114
20210616_20210722,q30,area_m2,2021,2,36,long,7,15060840963.31184,10429002951.771612
20210616_20210722,q40,population,2021,2,36,long,7,22500616.064821858,3853505.803609209
20210616_20210722,q40,builtup_m2,2021,2,36,long,7,1253622866.0,422165458.04440874
20210616_20210722,q40,area_m2,2021,2,36,long,7,15060840963.31184,11441717876.678755
20210628_20210710,unw,population,2021,2,12,short,8,22500616.064821858,103244.40477678055
20210628_20210710,unw,builtup_m2,2021,2,12,short,8,1253622866.0,10115453.867842358
20210628_20210710,unw,area_m2,2021,2,12,short,8,15060840963.31184,1202090794.3097537
20210628_20210710,q20,population,2021,2,12,short,8,22500616.064821858,1138758.5061738023
20210628_20210710,q20,builtup_m2,2021,2,12,short,8,1253622866.0,145183064.4492654
20210628_20210710,q20,area_m2,2021,2,12,short,8,15060840963.31184,7824737468.646251
20210628_20210710,q30,population,2021,2,12,short,8,22500616.064821858,2207895.6324735554
20210628_20210710,q30,builtup_m2,2021,2,12,short,8,1253622866.0,269446503.2169143
20210628_20210710,q30,area_m2,2021,2,12,short,8,15060840963.31184,9836219469.174253
20210628_20210710,q40,population,2021,2,12,short,8,22500616.064821858,3642774.4653132674
20210628_20210710,q40,builtup_m2,2021,2,12,short,8,1253622866.0,402389618.5154126
20210628_20210710,q40,area_m2,2021,2,12,short,8,15060840963.31184,11169591123.554363
20210628_20210803,unw,population,2021,2,36,long,3,22500616.064821858,179371.73286367016
20210628_20210803,unw,builtup_m2,2021,2,36,long,3,1253622866.0,20676869.744253483
20210628_20210803,unw,area_m2,2021,2,36,long,3,15060840963.31184,2770968696.484095
20210628_20210803,q20,population,2021,2,36,long,3,22500616.064821858,1376974.4269475862
20210628_20210803,q20,builtup_m2,2021,2,36,long,3,1253622866.0,176489892.0880996
20210628_20210803,q20,area_m2,2021,2,36,long,3,15060840963.31184,8892998001.863276
20210628_20210803,q30,population,2021,2,36,long,3,22500616.064821858,2461230.495785407
20210628_20210803,q30,builtup_m2,2021,2,36,long,3,1253622866.0,292405934.93758494
20210628_20210803,q30,area_m2,2021,2,36,long,3,15060840963.31184,10340136622.11047
20210628_20210803,q40,population,2021,2,36,long,3,22500616.064821858,3987380.593909438
20210628_20210803,q40,builtup_m2,2021,2,36,long,3,1253622866.0,416982286.2235143
20210628_20210803,q40,area_m2,2021,2,36,long,3,15060840963.31184,11386814412.577702
20210628_20220313,unw,population,2021,2,258,long,5,22500616.064821858,360396.4023898586
20210628_20220313,unw,builtup_m2,2021,2,258,long,5,1253622866.0,44001868.71326747
20210628_20220313,unw,area_m2,2021,2,258,long,5,15060840963.31184,4140487374.061192
20210628_20220313,q20,population,2021,2,258,long,5,22500616.064821858,2503543.953103371
20210628_20220313,q20,builtup_m2,2021,2,258,long,5,1253622866.0,282980131.8065901
20210628_20220313,q20,area_m2,2021,2,258,long,5,15060840963.31184,10132195480.506544
20210628_20220313,q30,population,2021,2,258,long,5,22500616.064821858,4559762.995402206
20210628_20220313,q30,builtup_m2,2021,2,258,long,5,1253622866.0,442411658.4167226
20210628_20220313,q30,area_m2,2021,2,258,long,5,15060840963.31184,11452096704.84843
20210628_20220313,q40,population,2021,2,258,long,5,22500616.064821858,7401547.397370018
20210628_20220313,q40,builtup_m2,2021,2,258,long,5,1253622866.0,610477714.5291729
20210628_20220313,q40,area_m2,2021,2,258,long,5,15060840963.31184,12455116055.179775
20210722_20210821,unw,population,2021,3,30,long,4,22500616.064821858,137338.91223518632
20210722_20210821,unw,builtup_m2,2021,3,30,long,4,1253622866.0,15583306.630601237
20210722_20210821,unw,area_m2,2021,3,30,long,4,15060840963.31184,2586119619.335974
20210722_20210821,q20,population,2021,3,30,long,4,22500616.064821858,1338968.8285798144
20210722_20210821,q20,builtup_m2,2021,3,30,long,4,1253622866.0,167073293.85464618
20210722_20210821,q20,area_m2,2021,3,30,long,4,15060840963.31184,8793046381.161041
20210722_20210821,q30,population,2021,3,30,long,4,22500616.064821858,2473003.760385341
20210722_20210821,q30,builtup_m2,2021,3,30,long,4,1253622866.0,285926802.5581615
20210722_20210821,q30,area_m2,2021,3,30,long,4,15060840963.31184,10316155158.625181
20210722_20210821,q40,population,2021,3,30,long,4,22500616.064821858,3994994.5307539497
20210722_20210821,q40,builtup_m2,2021,3,30,long,4,1253622866.0,411445967.97613674
20210722_20210821,q40,area_m2,2021,3,30,long,4,15060840963.31184,11385643667.18134
20210827_20210902,unw,population,2021,3,6,short,3,22500616.064821858,67904.9427103983
20210827_20210902,unw,builtup_m2,2021,3,6,short,3,1253622866.0,6037089.085808354
20210827_20210902,unw,area_m2,2021,3,6,short,3,15060840963.31184,791379746.8691809
20210827_20210902,q20,population,2021,3,6,short,3,22500616.064821858,873904.6635322733
20210827_20210902,q20,builtup_m2,2021,3,6,short,3,1253622866.0,107084749.70013022
20210827_20210902,q20,area_m2,2021,3,6,short,3,15060840963.31184,6810148230.591354
20210827_20210902,q30,population,2021,3,6,short,3,22500616.064821858,1859585.1399600843
20210827_20210902,q30,builtup_m2,2021,3,6,short,3,1253622866.0,222890388.55731094
20210827_20210902,q30,area_m2,2021,3,6,short,3,15060840963.31184,9220172959.0672
20210827_20210902,q40,population,2021,3,6,short,3,22500616.064821858,3189625.8845234397
20210827_20210902,q40,builtup_m2,2021,3,6,short,3,1253622866.0,348646241.8689883
20210827_20210902,q40,area_m2,2021,3,6,short,3,15060840963.31184,10738583531.735064
20210902_20210920,unw,population,2021,3,18,short,1,22500616.064821858,150045.5894610025
20210902_20210920,unw,builtup_m2,2021,3,18,short,1,1253622866.0,16629144.331954187
20210902_20210920,unw,area_m2,2021,3,18,short,1,15060840963.31184,2422082467.978353
20210902_20210920,q20,population,2021,3,18,short,1,22500616.064821858,1383015.631802609
20210902_20210920,q20,builtup_m2,2021,3,18,short,1,1253622866.0,177207037.74785066
20210902_20210920,q20,area_m2,2021,3,18,short,1,15060840963.31184,8919457641.13096
20210902_20210920,q30,population,2021,3,18,short,1,22500616.064821858,2517182.0217817146
20210902_20210920,q30,builtup_m2,2021,3,18,short,1,1253622866.0,300750931.739154
20210902_20210920,q30,area_m2,2021,3,18,short,1,15060840963.31184,10456004840.782007
20210902_20210920,q40,population,2021,3,18,short,1,22500616.064821858,4093238.327016026
20210902_20210920,q40,builtup_m2,2021,3,18,short,1,1253622866.0,431227141.25138307
20210902_20210920,q40,area_m2,2021,3,18,short,1,15060840963.31184,11523294118.599257
20210902_20220325,unw,population,2021,3,204,long,6,22500616.064821858,367447.29742570093
20210902_20220325,unw,builtup_m2,2021,3,204,long,6,1253622866.0,45639314.35478442
20210902_20220325,unw,area_m2,2021,3,204,long,6,15060840963.31184,4184538544.7271733
20210902_20220325,q20,population,2021,3,204,long,6,22500616.064821858,2637351.186119103
20210902_20220325,q20,builtup_m2,2021,3,204,long,6,1253622866.0,295648488.61678374
20210902_20220325,q20,area_m2,2021,3,204,long,6,15060840963.31184,10256891195.31772
20210902_20220325,q30,population,2021,3,204,long,6,22500616.064821858,4846211.25883025
20210902_20220325,q30,builtup_m2,2021,3,204,long,6,1253622866.0,461005622.11601305
20210902_20220325,q30,area_m2,2021,3,204,long,6,15060840963.31184,11581882730.426796
20210902_20220325,q40,population,2021,3,204,long,6,22500616.064821858,7940549.907267245
20210902_20220325,q40,builtup_m2,2021,3,204,long,6,1253622866.0,636078069.3953887
20210902_20220325,q40,area_m2,2021,3,204,long,6,15060840963.31184,12589220583.984682
20210908_20220313,unw,population,2021,3,186,long,2,22500616.064821858,376036.5059224549
20210908_20220313,unw,builtup_m2,2021,3,186,long,2,1253622866.0,47122883.73191805
20210908_20220313,unw,area_m2,2021,3,186,long,2,15060840963.31184,4208484511.7696915
20210908_20220313,q20,population,2021,3,186,long,2,22500616.064821858,2655185.9159705117
20210908_20220313,q20,builtup_m2,2021,3,186,long,2,1253622866.0,301768661.3344981
20210908_20220313,q20,area_m2,2021,3,186,long,2,15060840963.31184,10317578453.60371
20210908_20220313,q30,population,2021,3,186,long,2,22500616.064821858,4818010.220847348
20210908_20220313,q30,builtup_m2,2021,3,186,long,2,1253622866.0,467895472.8492586
20210908_20220313,q30,area_m2,2021,3,186,long,2,15060840963.31184,11639107007.337427
20210908_20220313,q40,population,2021,3,186,long,2,22500616.064821858,7908577.98388847
20210908_20220313,q40,builtup_m2,2021,3,186,long,2,1253622866.0,644567320.7558979
20210908_20220313,q40,area_m2,2021,3,186,long,2,15060840963.31184,12642278203.891546
20210914_20211008,unw,population,2021,3,24,short,7,22500616.064821858,195144.9024876505
20210914_20211008,unw,builtup_m2,2021,3,24,short,7,1253622866.0,24038214.393989816
20210914_20211008,unw,area_m2,2021,3,24,short,7,15060840963.31184,2911375902.4899025
20210914_20211008,q20,population,2021,3,24,short,7,22500616.064821858,1549961.4140862252
20210914_20211008,q20,builtup_m2,2021,3,24,short,7,1253622866.0,201546415.6046611
20210914_20211008,q20,area_m2,2021,3,24,short,7,15060840963.31184,9193495876.22355
20210914_20211008,q30,population,2021,3,24,short,7,22500616.064821858,2705959.531304549
20210914_20211008,q30,builtup_m2,2021,3,24,short,7,1253622866.0,324770954.73249865
20210914_20211008,q30,area_m2,2021,3,24,short,7,15060840963.31184,10595288542.666918
20210914_20211008,q40,population,2021,3,24,short,7,22500616.064821858,4233475.105517125
20210914_20211008,q40,builtup_m2,2021,3,24,short,7,1253622866.0,452419680.19685656
20210914_20211008,q40,area_m2,2021,3,24,short,7,15060840963.31184,11609336987.417206
20210914_20220325,unw,population,2021,3,192,long,8,22500616.064821858,338292.17377661203
20210914_20220325,unw,builtup_m2,2021,3,192,long,8,1253622866.0,43245254.6081523
20210914_20220325,unw,area_m2,2021,3,192,long,8,15060840963.31184,4147973748.2661524
20210914_20220325,q20,population,2021,3,192,long,8,22500616.064821858,2287366.7098920047
20210914_20220325,q20,builtup_m2,2021,3,192,long,8,1253622866.0,276499637.22983694
20210914_20220325,q20,area_m2,2021,3,192,long,8,15060840963.31184,10122430131.380344
20210914_20220325,q30,population,2021,3,192,long,8,22500616.064821858,4014922.836388655
20210914_20220325,q30,builtup_m2,2021,3,192,long,8,1253622866.0,424850648.7855381
20210914_20220325,q30,area_m2,2021,3,192,long,8,15060840963.31184,11401643902.450039
20210914_20220325,q40,population,2021,3,192,long,8,22500616.064821858,6437632.8648273125
20210914_20220325,q40,builtup_m2,2021,3,192,long,8,1253622866.0,580592337.8562183
20210914_20220325,q40,area_m2,2021,3,192,long,8,15060840963.31184,12368605560.080933
20210926_20211008,unw,population,2021,3,12,short,5,22500616.064821858,122091.5736620063
20210926_20211008,unw,builtup_m2,2021,3,12,short,5,1253622866.0,13901297.177756649
20210926_20211008,unw,area_m2,2021,3,12,short,5,15060840963.31184,1894260074.3828485
20210926_20211008,q20,population,2021,3,12,short,5,22500616.064821858,1310785.1419242686
20210926_20211008,q20,builtup_m2,2021,3,12,short,5,1253622866.0,171125574.9142953
20210926_20211008,q20,area_m2,2021,3,12,short,5,15060840963.31184,8679679048.314991
20210926_20211008,q30,population,2021,3,12,short,5,22500616.064821858,2419100.757027383
20210926_20211008,q30,builtup_m2,2021,3,12,short,5,1253622866.0,295828634.5555768
20210926_20211008,q30,area_m2,2021,3,12,short,5,15060840963.31184,10341676045.718643
20210926_20211008,q40,population,2021,3,12,short,5,22500616.064821858,3829620.2410876444
20210926_20211008,q40,builtup_m2,2021,3,12,short,5,1253622866.0,423479722.94190794
20210926_20211008,q40,area_m2,2021,3,12,short,5,15060840963.31184,11449331259.094666
20211008_20211026,unw,population,2021,4,18,short,2,22500616.064821858,117171.89061280261
20211008_20211026,unw,builtup_m2,2021,4,18,short,2,1253622866.0,13122526.516495964
20211008_20211026,unw,area_m2,2021,4,18,short,2,15060840963.31184,2055747677.1829836
20211008_20211026,q20,population,2021,4,18,short,2,22500616.064821858,1255509.794723318
20211008_20211026,q20,builtup_m2,2021,4,18,short,2,1253622866.0,160758152.36865866
20211008_20211026,q20,area_m2,2021,4,18,short,2,15060840963.31184,8609191243.694412
20211008_20211026,q30,population,2021,4,18,short,2,22500616.064821858,2375585.5980833657
20211008_20211026,q30,builtup_m2,2021,4,18,short,2,1253622866.0,281431579.5223068
20211008_20211026,q30,area_m2,2021,4,18,short,2,15060840963.31184,10205004132.3403
20211008_20211026,q40,population,2021,4,18,short,2,22500616.064821858,3870009.3399641635
20211008_20211026,q40,builtup_m2,2021,4,18,short,2,1253622866.0,409535657.4940254
20211008_20211026,q40,area_m2,2021,4,18,short,2,15060840963.31184,11329961049.782074
20211026_20211107,unw,population,2021,4,12,short,6,22500616.064821858,99678.1854267303
20211026_20211107,unw,builtup_m2,2021,4,12,short,6,1253622866.0,10310028.366186067
20211026_20211107,unw,area_m2,2021,4,12,short,6,15060840963.31184,1559171390.7916956
20211026_20211107,q20,population,2021,4,12,short,6,22500616.064821858,1073436.0779296304
20211026_20211107,q20,builtup_m2,2021,4,12,short,6,1253622866.0,139477797.55493778
20211026_20211107,q20,area_m2,2021,4,12,short,6,15060840963.31184,8133345580.673328
20211026_20211107,q30,population,2021,4,12,short,6,22500616.064821858,2046976.3657542737
20211026_20211107,q30,builtup_m2,2021,4,12,short,6,1253622866.0,253722891.60101187
20211026_20211107,q30,area_m2,2021,4,12,short,6,15060840963.31184,9877777414.117533
20211026_20211107,q40,population,2021,4,12,short,6,22500616.064821858,3308118.7095462265
20211026_20211107,q40,builtup_m2,2021,4,12,short,6,1253622866.0,374002514.82531244
20211026_20211107,q40,area_m2,2021,4,12,short,6,15060840963.31184,11051519166.497486
20211101_20211201,unw,population,2021,4,30,long,5,22500616.064821858,198635.69520483175
20211101_20211201,unw,builtup_m2,2021,4,30,long,5,1253622866.0,24363906.20688048
20211101_20211201,unw,area_m2,2021,4,30,long,5,15060840963.31184,2841502612.2209935
20211101_20211201,q20,population,2021,4,30,long,5,22500616.064821858,1593460.1785359045
20211101_20211201,q20,builtup_m2,2021,4,30,long,5,1253622866.0,203540893.48491842
20211101_20211201,q20,area_m2,2021,4,30,long,5,15060840963.31184,9193536181.633451
20211101_20211201,q30,population,2021,4,30,long,5,22500616.064821858,2908797.1823907797
20211101_20211201,q30,builtup_m2,2021,4,30,long,5,1253622866.0,334337231.562746
20211101_20211201,q30,area_m2,2021,4,30,long,5,15060840963.31184,10639012941.30269
20211101_20211201,q40,population,2021,4,30,long,5,22500616.064821858,4785686.50480957
20211101_20211201,q40,builtup_m2,2021,4,30,long,5,1253622866.0,474456033.8838026
20211101_20211201,q40,area_m2,2021,4,30,long,5,15060840963.31184,11701231543.357138
20211113_20211207,unw,population,2021,4,24,short,8,22500616.064821858,138256.0151039038
20211113_20211207,unw,builtup_m2,2021,4,24,short,8,1253622866.0,15521634.702443518
20211113_20211207,unw,area_m2,2021,4,24,short,8,15060840963.31184,2263791502.617375
20211113_20211207,q20,population,2021,4,24,short,8,22500616.064821858,1192796.6433221875
20211113_20211207,q20,builtup_m2,2021,4,24,short,8,1253622866.0,157335975.22671276
20211113_20211207,q20,area_m2,2021,4,24,short,8,15060840963.31184,8572738609.578338
20211113_20211207,q30,population,2021,4,24,short,8,22500616.064821858,2128253.1572515313
20211113_20211207,q30,builtup_m2,2021,4,24,short,8,1253622866.0,267825823.10029036
20211113_20211207,q30,area_m2,2021,4,24,short,8,15060840963.31184,10078250777.000555
20211113_20211207,q40,population,2021,4,24,short,8,22500616.064821858,3299872.307375043
20211113_20211207,q40,builtup_m2,2021,4,24,short,8,1253622866.0,381157477.6381825
20211113_20211207,q40,area_m2,2021,4,24,short,8,15060840963.31184,11139252700.669077
20211201_20211213,unw,population,2021,4,12,short,4,22500616.064821858,69743.36149925277
20211201_20211213,unw,builtup_m2,2021,4,12,short,4,1253622866.0,6220716.23314009
20211201_20211213,unw,area_m2,2021,4,12,short,4,15060840963.31184,1140059253.053147
20211201_20211213,q20,population,2021,4,12,short,4,22500616.064821858,774325.710342625
20211201_20211213,q20,builtup_m2,2021,4,12,short,4,1253622866.0,99631223.0759014
20211201_20211213,q20,area_m2,2021,4,12,short,4,15060840963.31184,7329656324.596014
20211201_20211213,q30,population,2021,4,12,short,4,22500616.064821858,1561327.9895777232
20211201_20211213,q30,builtup_m2,2021,4,12,short,4,1253622866.0,199639359.7751984
20211201_20211213,q30,area_m2,2021,4,12,short,4,15060840963.31184,9293480237.318708
20211201_20211213,q40,population,2021,4,12,short,4,22500616.064821858,2555559.9073431897
20211201_20211213,q40,builtup_m2,2021,4,12,short,4,1253622866.0,307684095.33547163
20211201_20211213,q40,area_m2,2021,4,12,short,4,15060840963.31184,10573464097.256212
20211219_20220205,unw,population,2021,4,48,long,1,22500616.064821858,168871.76021284462
20211219_20220205,unw,builtup_m2,2021,4,48,long,1,1253622866.0,19596987.060976304
20211219_20220205,unw,area_m2,2021,4,48,long,1,15060840963.31184,2878535574.944612
20211219_20220205,q20,population,2021,4,48,long,1,22500616.064821858,1289775.5469191826
20211219_20220205,q20,builtup_m2,2021,4,48,long,1,1253622866.0,170091237.1826454
20211219_20220205,q20,area_m2,2021,4,48,long,1,15060840963.31184,8853241748.784052
20211219_20220205,q30,population,2021,4,48,long,1,22500616.064821858,2272186.190661394
20211219_20220205,q30,builtup_m2,2021,4,48,long,1,1253622866.0,281442259.5335292
20211219_20220205,q30,area_m2,2021,4,48,long,1,15060840963.31184,10260587910.513577
20211219_20220205,q40,population,2021,4,48,long,1,22500616.064821858,3549793.595422523
20211219_20220205,q40,builtup_m2,2021,4,48,long,1,1253622866.0,396653151.59819174
20211219_20220205,q40,area_m2,2021,4,48,long,1,15060840963.31184,11275986937.09389
20211231_20220205,unw,population,2021,4,36,long,7,22500616.064821858,119151.87226723338
20211231_20220205,unw,builtup_m2,2021,4,36,long,7,1253622866.0,13167557.438724665
20211231_20220205,unw,area_m2,2021,4,36,long,7,15060840963.31184,2406669279.0874453
20211231_20220205,q20,population,2021,4,36,long,7,22500616.064821858,1127287.5393857677
20211231_20220205,q20,builtup_m2,2021,4,36,long,7,1253622866.0,147035312.16504663
20211231_20220205,q20,area_m2,2021,4,36,long,7,15060840963.31184,8559685820.472699
20211231_20220205,q30,population,2021,4,36,long,7,22500616.064821858,2034205.6342128213
20211231_20220205,q30,builtup_m2,2021,4,36,long,7,1253622866.0,255181942.88485497
20211231_20220205,q30,area_m2,2021,4,36,long,7,15060840963.31184,10066222245.489107
20211231_20220205,q40,population,2021,4,36,long,7,22500616.064821858,3184971.591684084
20211231_20220205,q40,builtup_m2,2021,4,36,long,7,1253622866.0,366465207.83197385
20211231_20220205,q40,area_m2,2021,4,36,long,7,15060840963.31184,11115912386.890776
20211231_20220217,unw,population,2021,4,48,long,3,22500616.064821858,225379.5349465892
20211231_20220217,unw,builtup_m2,2021,4,48,long,3,1253622866.0,27389525.938195497
20211231_20220217,unw,area_m2,2021,4,48,long,3,15060840963.31184,3274306127.688546
20211231_20220217,q20,population,2021,4,48,long,3,22500616.064821858,1827796.4662472762
20211231_20220217,q20,builtup_m2,2021,4,48,long,3,1253622866.0,226056487.88876665
20211231_20220217,q20,area_m2,2021,4,48,long,3,15060840963.31184,9532406014.717539
20211231_20220217,q30,population,2021,4,48,long,3,22500616.064821858,3340588.3130287253
20211231_20220217,q30,builtup_m2,2021,4,48,long,3,1253622866.0,366850762.90008575
20211231_20220217,q30,area_m2,2021,4,48,long,3,15060840963.31184,10937540506.119276
20211231_20220217,q40,population,2021,4,48,long,3,22500616.064821858,5516585.250521894
20211231_20220217,q40,builtup_m2,2021,4,48,long,3,1253622866.0,517519466.04741657
20211231_20220217,q40,area_m2,2021,4,48,long,3,15060840963.31184,11976996014.1541
20220112_20220124,unw,population,2022,1,12,short,1,22500616.064821858,70759.290223748
20220112_20220124,unw,builtup_m2,2022,1,12,short,1,1253622866.0,6063762.041077093
20220112_20220124,unw,area_m2,2022,1,12,short,1,15060840963.31184,821342712.9952986
20220112_20220124,q20,population,2022,1,12,short,1,22500616.064821858,777730.29958781
20220112_20220124,q20,builtup_m2,2022,1,12,short,1,1253622866.0,95774978.30782747
20220112_20220124,q20,area_m2,2022,1,12,short,1,15060840963.31184,6946781211.071741
20220112_20220124,q30,population,2022,1,12,short,1,22500616.064821858,1586858.9091743191
20220112_20220124,q30,builtup_m2,2022,1,12,short,1,1253622866.0,197131138.5049408
20220112_20220124,q30,area_m2,2022,1,12,short,1,15060840963.31184,9144056435.419155
20220112_20220124,q40,population,2022,1,12,short,1,22500616.064821858,2639475.7689789026
20220112_20220124,q40,builtup_m2,2022,1,12,short,1,1253622866.0,308830269.8842201
20220112_20220124,q40,area_m2,2022,1,12,short,1,15060840963.31184,10539185473.417217
20220112_20220205,unw,population,2022,1,24,short,5,22500616.064821858,96972.80079294006
20220112_20220205,unw,builtup_m2,2022,1,24,short,5,1253622866.0,9387275.300198887
20220112_20220205,unw,area_m2,2022,1,24,short,5,15060840963.31184,1604113125.0556307
20220112_20220205,q20,population,2022,1,24,short,5,22500616.064821858,990408.1926702858
20220112_20220205,q20,builtup_m2,2022,1,24,short,5,1253622866.0,125178148.60265633
20220112_20220205,q20,area_m2,2022,1,24,short,5,15060840963.31184,8037717552.189808
20220112_20220205,q30,population,2022,1,24,short,5,22500616.064821858,1866216.065128617
20220112_20220205,q30,builtup_m2,2022,1,24,short,5,1253622866.0,230176920.5176214
20220112_20220205,q30,area_m2,2022,1,24,short,5,15060840963.31184,9738352927.961037
20220112_20220205,q40,population,2022,1,24,short,5,22500616.064821858,3011718.1214318713
20220112_20220205,q40,builtup_m2,2022,1,24,short,5,1253622866.0,342677625.6509059
20220112_20220205,q40,area_m2,2022,1,24,short,5,15060840963.31184,10895325412.872068
20220124_20220205,unw,population,2022,1,12,short,7,22500616.064821858,70599.40513690475
20220124_20220205,unw,builtup_m2,2022,1,12,short,7,1253622866.0,6022939.479271182
20220124_20220205,unw,area_m2,2022,1,12,short,7,15060840963.31184,777034183.702097
20220124_20220205,q20,population,2022,1,12,short,7,22500616.064821858,779655.5714939048
20220124_20220205,q20,builtup_m2,2022,1,12,short,7,1253622866.0,95222052.02549864
20220124_20220205,q20,area_m2,2022,1,12,short,7,15060840963.31184,6887810683.643487
20220124_20220205,q30,population,2022,1,12,short,7,22500616.064821858,1613024.762210627
20220124_20220205,q30,builtup_m2,2022,1,12,short,7,1253622866.0,198485455.01964298
20220124_20220205,q30,area_m2,2022,1,12,short,7,15060840963.31184,9136664137.202757
20220124_20220205,q40,population,2022,1,12,short,7,22500616.064821858,2683878.6196904
20220124_20220205,q40,builtup_m2,2022,1,12,short,7,1253622866.0,311342386.63792366
20220124_20220205,q40,area_m2,2022,1,12,short,7,15060840963.31184,10541003977.461447
20220124_20220325,unw,population,2022,1,60,long,2,22500616.064821858,216207.59952210574
20220124_20220325,unw,builtup_m2,2022,1,60,long,2,1253622866.0,26047843.335480064
20220124_20220325,unw,area_m2,2022,1,60,long,2,15060840963.31184,3334886308.4463744
20220124_20220325,q20,population,2022,1,60,long,2,22500616.064821858,1563085.4469123322
20220124_20220325,q20,builtup_m2,2022,1,60,long,2,1253622866.0,199810022.64732143
20220124_20220325,q20,area_m2,2022,1,60,long,2,15060840963.31184,9285456006.831459
20220124_20220325,q30,population,2022,1,60,long,2,22500616.064821858,2758947.670828051
20220124_20220325,q30,builtup_m2,2022,1,60,long,2,1253622866.0,321845878.3529541
20220124_20220325,q30,area_m2,2022,1,60,long,2,15060840963.31184,10629613500.204681
20220124_20220325,q40,population,2022,1,60,long,2,22500616.064821858,4403348.391067455
20220124_20220325,q40,builtup_m2,2022,1,60,long,2,1253622866.0,451270614.4772647
20220124_20220325,q40,area_m2,2022,1,60,long,2,15060840963.31184,11635490414.869423
20220313_20220629,unw,population,2022,1,108,long,8,22500616.064821858,261563.21556463544
20220313_20220629,unw,builtup_m2,2022,1,108,long,8,1253622866.0,31873797.6479021
20220313_20220629,unw,area_m2,2022,1,108,long,8,15060840963.31184,3769003123.254434
20220313_20220629,q20,population,2022,1,108,long,8,22500616.064821858,1691645.769361552
20220313_20220629,q20,builtup_m2,2022,1,108,long,8,1253622866.0,214163929.94323826
20220313_20220629,q20,area_m2,2022,1,108,long,8,15060840963.31184,9484954838.620329
20220313_20220629,q30,population,2022,1,108,long,8,22500616.064821858,2955184.428605107
20220313_20220629,q30,builtup_m2,2022,1,108,long,8,1253622866.0,339999656.0778836
20220313_20220629,q30,area_m2,2022,1,108,long,8,15060840963.31184,10783469788.442305
20220313_20220629,q40,population,2022,1,108,long,8,22500616.064821858,4737878.632997752
20220313_20220629,q40,builtup_m2,2022,1,108,long,8,1253622866.0,474442207.9084014
20220313_20220629,q40,area_m2,2022,1,108,long,8,15060840963.31184,11774651351.19739
20220325_20220406,unw,population,2022,1,12,short,3,22500616.064821858,80561.20022982602
20220325_20220406,unw,builtup_m2,2022,1,12,short,3,1253622866.0,7653546.86973722
20220325_20220406,unw,area_m2,2022,1,12,short,3,15060840963.31184,1306586599.3624768
20220325_20220406,q20,population,2022,1,12,short,3,22500616.064821858,969153.8823691889
20220325_20220406,q20,builtup_m2,2022,1,12,short,3,1253622866.0,118952806.44453448
20220325_20220406,q20,area_m2,2022,1,12,short,3,15060840963.31184,7457745902.830447
20220325_20220406,q30,population,2022,1,12,short,3,22500616.064821858,2013354.679690672
20220325_20220406,q30,builtup_m2,2022,1,12,short,3,1253622866.0,236013630.96352845
20220325_20220406,q30,area_m2,2022,1,12,short,3,15060840963.31184,9573092718.46712
20220325_20220406,q40,population,2022,1,12,short,3,22500616.064821858,3525827.628554745
20220325_20220406,q40,builtup_m2,2022,1,12,short,3,1253622866.0,366314938.2657873
20220325_20220406,q40,area_m2,2022,1,12,short,3,15060840963.31184,10958763578.443314
20220325_20220512,unw,population,2022,1,48,long,6,22500616.064821858,218789.89864096348
20220325_20220512,unw,builtup_m2,2022,1,48,long,6,1253622866.0,26839057.215997458
20220325_20220512,unw,area_m2,2022,1,48,long,6,15060840963.31184,3366248824.2539268
20220325_20220512,q20,population,2022,1,48,long,6,22500616.064821858,1509967.4509146502
20220325_20220512,q20,builtup_m2,2022,1,48,long,6,1253622866.0,196043713.44525772
20220325_20220512,q20,area_m2,2022,1,48,long,6,15060840963.31184,9225972039.389042
20220325_20220512,q30,population,2022,1,48,long,6,22500616.064821858,2577577.0032669134
20220325_20220512,q30,builtup_m2,2022,1,48,long,6,1253622866.0,312669812.3379747
20220325_20220512,q30,area_m2,2022,1,48,long,6,15060840963.31184,10550088860.372084
20220325_20220512,q40,population,2022,1,48,long,6,22500616.064821858,4001212.1359262494
20220325_20220512,q40,builtup_m2,2022,1,48,long,6,1253622866.0,433687378.14825374
20220325_20220512,q40,area_m2,2022,1,48,long,6,15060840963.31184,11526859925.591837
20220325_20220605,unw,population,2022,1,72,long,4,22500616.064821858,245396.42673125459
20220325_20220605,unw,builtup_m2,2022,1,72,long,4,1253622866.0,31470097.02692097
20220325_20220605,unw,area_m2,2022,1,72,long,4,15060840963.31184,3683029135.435427
20220325_20220605,q20,population,2022,1,72,long,4,22500616.064821858,1670236.3111551597
20220325_20220605,q20,builtup_m2,2022,1,72,long,4,1253622866.0,215686542.34657064
20220325_20220605,q20,area_m2,2022,1,72,long,4,15060840963.31184,9472332444.028246
20220325_20220605,q30,population,2022,1,72,long,4,22500616.064821858,2881733.5822850205
20220325_20220605,q30,builtup_m2,2022,1,72,long,4,1253622866.0,338208994.0866946
20220325_20220605,q30,area_m2,2022,1,72,long,4,15060840963.31184,10762856762.064924
20220325_20220605,q40,population,2022,1,72,long,4,22500616.064821858,4540702.641663646
20220325_20220605,q40,builtup_m2,2022,1,72,long,4,1253622866.0,466113773.642126
20220325_20220605,q40,area_m2,2022,1,72,long,4,15060840963.31184,11729464218.929018
20220406_20220430,unw,population,2022,2,24,short,2,22500616.064821858,165280.16702155166
20220406_20220430,unw,builtup_m2,2022,2,24,short,2,1253622866.0,19652928.30899023
20220406_20220430,unw,area_m2,2022,2,24,short,2,15060840963.31184,2660280283.876615
20220406_20220430,q20,population,2022,2,24,short,2,22500616.064821858,1456008.3557972156
20220406_20220430,q20,builtup_m2,2022,2,24,short,2,1253622866.0,187248795.74098745
20220406_20220430,q20,area_m2,2022,2,24,short,2,15060840963.31184,8955949526.88418
20220406_20220430,q30,population,2022,2,24,short,2,22500616.064821858,2665919.248909265
20220406_20220430,q30,builtup_m2,2022,2,24,short,2,1253622866.0,313051302.91411364
20220406_20220430,q30,area_m2,2022,2,24,short,2,15060840963.31184,10487315555.701996
20220406_20220430,q40,population,2022,2,24,short,2,22500616.064821858,4336834.90024407
20220406_20220430,q40,builtup_m2,2022,2,24,short,2,1253622866.0,444120546.37040454
20220406_20220430,q40,area_m2,2022,2,24,short,2,15060840963.31184,11549978487.784737
20220418_20220512,unw,population,2022,2,24,short,4,22500616.064821858,163401.6468206616
20220418_20220512,unw,builtup_m2,2022,2,24,short,4,1253622866.0,19399509.447386965
20220418_20220512,unw,area_m2,2022,2,24,short,4,15060840963.31184,2864864239.2132163
20220418_20220512,q20,population,2022,2,24,short,4,22500616.064821858,1371157.6868590112
20220418_20220512,q20,builtup_m2,2022,2,24,short,4,1253622866.0,179807377.89701307
20220418_20220512,q20,area_m2,2022,2,24,short,4,15060840963.31184,9042017356.971918
20220418_20220512,q30,population,2022,2,24,short,4,22500616.064821858,2427341.567919609
20220418_20220512,q30,builtup_m2,2022,2,24,short,4,1253622866.0,297473723.5346384
20220418_20220512,q30,area_m2,2022,2,24,short,4,15060840963.31184,10469155036.858595
20220418_20220512,q40,population,2022,2,24,short,4,22500616.064821858,3829350.3534432063
20220418_20220512,q40,builtup_m2,2022,2,24,short,4,1253622866.0,419483161.6232998
20220418_20220512,q40,area_m2,2022,2,24,short,4,15060840963.31184,11482833292.786377
20220512_20220524,unw,population,2022,2,12,short,8,22500616.064821858,92955.84164569816
20220512_20220524,unw,builtup_m2,2022,2,12,short,8,1253622866.0,9192473.658991216
20220512_20220524,unw,area_m2,2022,2,12,short,8,15060840963.31184,1271685162.010379
20220512_20220524,q20,population,2022,2,12,short,8,22500616.064821858,1068450.1739178635
20220512_20220524,q20,builtup_m2,2022,2,12,short,8,1253622866.0,133888984.30131748
20220512_20220524,q20,area_m2,2022,2,12,short,8,15060840963.31184,7813868511.839617
20220512_20220524,q30,population,2022,2,12,short,8,22500616.064821858,2112290.2248960217
20220512_20220524,q30,builtup_m2,2022,2,12,short,8,1253622866.0,251559266.53378153
20220512_20220524,q30,area_m2,2022,2,12,short,8,15060840963.31184,9812756747.707632
20220512_20220524,q40,population,2022,2,12,short,8,22500616.064821858,3487161.0639321962
20220512_20220524,q40,builtup_m2,2022,2,12,short,8,1253622866.0,375950864.22969025
20220512_20220524,q40,area_m2,2022,2,12,short,8,15060840963.31184,11071946878.254713
20220524_20220711,unw,population,2022,2,48,long,7,22500616.064821858,208690.1887073127
20220524_20220711,unw,builtup_m2,2022,2,48,long,7,1253622866.0,25190016.829189733
20220524_20220711,unw,area_m2,2022,2,48,long,7,15060840963.31184,3301101826.3037605
20220524_20220711,q20,population,2022,2,48,long,7,22500616.064821858,1534296.614640108
20220524_20220711,q20,builtup_m2,2022,2,48,long,7,1253622866.0,194207415.62742665
20220524_20220711,q20,area_m2,2022,2,48,long,7,15060840963.31184,9193902222.69198
20220524_20220711,q30,population,2022,2,48,long,7,22500616.064821858,2785016.961640868
20220524_20220711,q30,builtup_m2,2022,2,48,long,7,1253622866.0,317827763.3360642
20220524_20220711,q30,area_m2,2022,2,48,long,7,15060840963.31184,10570073142.375614
20220524_20220711,q40,population,2022,2,48,long,7,22500616.064821858,4587948.038162595
20220524_20220711,q40,builtup_m2,2022,2,48,long,7,1253622866.0,451696588.34294385
20220524_20220711,q40,area_m2,2022,2,48,long,7,15060840963.31184,11605021692.111494
20220605_20220711,unw,population,2022,2,36,long,5,22500616.064821858,156999.01649859216
20220605_20220711,unw,builtup_m2,2022,2,36,long,5,1253622866.0,18478876.64427825
20220605_20220711,unw,area_m2,2022,2,36,long,5,15060840963.31184,2891458295.069791
20220605_20220711,q20,population,2022,2,36,long,5,22500616.064821858,1323248.2867228119
20220605_20220711,q20,builtup_m2,2022,2,36,long,5,1253622866.0,174317733.39568585
20220605_20220711,q20,area_m2,2022,2,36,long,5,15060840963.31184,8994018711.546652
20220605_20220711,q30,population,2022,2,36,long,5,22500616.064821858,2337524.3794850796
20220605_20220711,q30,builtup_m2,2022,2,36,long,5,1253622866.0,288405523.843953
20220605_20220711,q30,area_m2,2022,2,36,long,5,15060840963.31184,10387981283.10251
20220605_20220711,q40,population,2022,2,36,long,5,22500616.064821858,3679625.2770780083
20220605_20220711,q40,builtup_m2,2022,2,36,long,5,1253622866.0,406944759.9875165
20220605_20220711,q40,area_m2,2022,2,36,long,5,15060840963.31184,11392072631.531199
20220617_20220711,unw,population,2022,2,24,short,6,22500616.064821858,142596.2775357947
20220617_20220711,unw,builtup_m2,2022,2,24,short,6,1253622866.0,15782604.833464744
20220617_20220711,unw,area_m2,2022,2,24,short,6,15060840963.31184,2162664246.1536217
20220617_20220711,q20,population,2022,2,24,short,6,22500616.064821858,1349601.20241252
20220617_20220711,q20,builtup_m2,2022,2,24,short,6,1253622866.0,170036400.52453354
20220617_20220711,q20,area_m2,2022,2,24,short,6,15060840963.31184,8876696873.80096
20220617_20220711,q30,population,2022,2,24,short,6,22500616.064821858,2510179.3663962493
20220617_20220711,q30,builtup_m2,2022,2,24,short,6,1253622866.0,292199750.5703639
20220617_20220711,q30,area_m2,2022,2,24,short,6,15060840963.31184,10391097565.947422
20220617_20220711,q40,population,2022,2,24,short,6,22500616.064821858,4210939.980317998
20220617_20220711,q40,builtup_m2,2022,2,24,short,6,1253622866.0,426535801.5118204
20220617_20220711,q40,area_m2,2022,2,24,short,6,15060840963.31184,11481601335.994352
20220629_20220816,unw,population,2022,2,48,long,3,22500616.064821858,209455.52431429687
20220629_20220816,unw,builtup_m2,2022,2,48,long,3,1253622866.0,25924160.886949033
20220629_20220816,unw,area_m2,2022,2,48,long,3,15060840963.31184,3315809977.202026
20220629_20220816,q20,population,2022,2,48,long,3,22500616.064821858,1505501.7399926027
20220629_20220816,q20,builtup_m2,2022,2,48,long,3,1253622866.0,196294265.70397726
20220629_20220816,q20,area_m2,2022,2,48,long,3,15060840963.31184,9217066015.277863
20220629_20220816,q30,population,2022,2,48,long,3,22500616.064821858,2640666.423234066
20220629_20220816,q30,builtup_m2,2022,2,48,long,3,1253622866.0,316758127.24172586
20220629_20220816,q30,area_m2,2022,2,48,long,3,15060840963.31184,10564147384.076086
20220629_20220816,q40,population,2022,2,48,long,3,22500616.064821858,4194802.400346326
20220629_20220816,q40,builtup_m2,2022,2,48,long,3,1253622866.0,442323865.1521994
20220629_20220816,q40,area_m2,2022,2,48,long,3,15060840963.31184,11558639445.536652
20220629_20220909,unw,population,2022,2,72,long,1,22500616.064821858,268591.588275281
20220629_20220909,unw,builtup_m2,2022,2,72,long,1,1253622866.0,33766184.896306336
20220629_20220909,unw,area_m2,2022,2,72,long,1,15060840963.31184,3748624852.1853456
20220629_20220909,q20,population,2022,2,72,long,1,22500616.064821858,1865418.574495184
20220629_20220909,q20,builtup_m2,2022,2,72,long,1,1253622866.0,231430759.0396751
20220629_20220909,q20,area_m2,2022,2,72,long,1,15060840963.31184,9627877563.395147
20220629_20220909,q30,population,2022,2,72,long,1,22500616.064821858,3365679.316052614
20220629_20220909,q30,builtup_m2,2022,2,72,long,1,1253622866.0,367366731.28734946
20220629_20220909,q30,area_m2,2022,2,72,long,1,15060840963.31184,10953820001.461569
20220629_20220909,q40,population,2022,2,72,long,1,22500616.064821858,5720389.747443507
20220629_20220909,q40,builtup_m2,2022,2,72,long,1,1253622866.0,518100530.467986
20220629_20220909,q40,area_m2,2022,2,72,long,1,15060840963.31184,11977066684.701807
20220711_20220816,unw,population,2022,3,36,long,8,22500616.064821858,164580.9354639422
20220711_20220816,unw,builtup_m2,2022,3,36,long,8,1253622866.0,19260091.96519457
20220711_20220816,unw,area_m2,2022,3,36,long,8,15060840963.31184,3043913233.4213524
20220711_20220816,q20,population,2022,3,36,long,8,22500616.064821858,1401115.4570519042
20220711_20220816,q20,builtup_m2,2022,3,36,long,8,1253622866.0,178895731.94251916
20220711_20220816,q20,area_m2,2022,3,36,long,8,15060840963.31184,9090990444.230911
20220711_20220816,q30,population,2022,3,36,long,8,22500616.064821858,2555158.1849358017
20220711_20220816,q30,builtup_m2,2022,3,36,long,8,1253622866.0,301098213.2421432
20220711_20220816,q30,area_m2,2022,3,36,long,8,15060840963.31184,10499748335.884947
20220711_20220816,q40,population,2022,3,36,long,8,22500616.064821858,4247716.47462459
20220711_20220816,q40,builtup_m2,2022,3,36,long,8,1253622866.0,434585852.1167839
20220711_20220816,q40,area_m2,2022,3,36,long,8,15060840963.31184,11544817236.21999
20220711_20220828,unw,population,2022,3,48,long,2,22500616.064821858,211412.4595978901
20220711_20220828,unw,builtup_m2,2022,3,48,long,2,1253622866.0,26340044.53153758
20220711_20220828,unw,area_m2,2022,3,48,long,2,15060840963.31184,3387897852.951748
20220711_20220828,q20,population,2022,3,48,long,2,22500616.064821858,1492425.2913103118
20220711_20220828,q20,builtup_m2,2022,3,48,long,2,1253622866.0,196665723.3746846
20220711_20220828,q20,area_m2,2022,3,48,long,2,15060840963.31184,9221799129.340122
20220711_20220828,q30,population,2022,3,48,long,2,22500616.064821858,2550040.2339590495
20220711_20220828,q30,builtup_m2,2022,3,48,long,2,1253622866.0,314558637.00801146
20220711_20220828,q30,area_m2,2022,3,48,long,2,15060840963.31184,10542616365.570936
20220711_20220828,q40,population,2022,3,48,long,2,22500616.064821858,3891797.530185134
20220711_20220828,q40,builtup_m2,2022,3,48,long,2,1253622866.0,432808315.222115
20220711_20220828,q40,area_m2,2022,3,48,long,2,15060840963.31184,11504262738.286303
20220723_20220828,unw,population,2022,3,36,long,6,22500616.064821858,175880.8281972661
20220723_20220828,unw,builtup_m2,2022,3,36,long,6,1253622866.0,20510266.320368357
20220723_20220828,unw,area_m2,2022,3,36,long,6,15060840963.31184,3175837192.096142
20220723_20220828,q20,population,2022,3,36,long,6,22500616.064821858,1469054.2592875678
20220723_20220828,q20,builtup_m2,2022,3,36,long,6,1253622866.0,186322661.79619884
20220723_20220828,q20,area_m2,2022,3,36,long,6,15060840963.31184,9156413359.208372
20220723_20220828,q30,population,2022,3,36,long,6,22500616.064821858,2667236.660875082
20220723_20220828,q30,builtup_m2,2022,3,36,long,6,1253622866.0,310227625.2997788
20220723_20220828,q30,area_m2,2022,3,36,long,6,15060840963.31184,10544244733.152626
20220723_20220828,q40,population,2022,3,36,long,6,22500616.064821858,4265211.305631248
20220723_20220828,q40,builtup_m2,2022,3,36,long,6,1253622866.0,440398912.192919
20220723_20220828,q40,area_m2,2022,3,36,long,6,15060840963.31184,11563669037.672533
20220723_20220909,unw,population,2022,3,48,long,4,22500616.064821858,236277.59736356052
20220723_20220909,unw,builtup_m2,2022,3,48,long,4,1253622866.0,28903303.38035117
20220723_20220909,unw,area_m2,2022,3,48,long,4,15060840963.31184,3512672042.7706304
20220723_20220909,q20,population,2022,3,48,long,4,22500616.064821858,1793060.7062339291
20220723_20220909,q20,builtup_m2,2022,3,48,long,4,1253622866.0,218076112.28985626
20220723_20220909,q20,area_m2,2022,3,48,long,4,15060840963.31184,9449110024.743353
20220723_20220909,q30,population,2022,3,48,long,4,22500616.064821858,3348807.795256105
20220723_20220909,q30,builtup_m2,2022,3,48,long,4,1253622866.0,355355236.5167149
20220723_20220909,q30,area_m2,2022,3,48,long,4,15060840963.31184,10823342328.915903
20220723_20220909,q40,population,2022,3,48,long,4,22500616.064821858,5727934.789694187
20220723_20220909,q40,builtup_m2,2022,3,48,long,4,1253622866.0,508650869.199654
20220723_20220909,q40,area_m2,2022,3,48,long,4,15060840963.31184,11885466523.193666
20220828_20220909,unw,population,2022,3,12,short,5,22500616.064821858,116780.93386353207
20220828_20220909,unw,builtup_m2,2022,3,12,short,5,1253622866.0,13195832.649093242
20220828_20220909,unw,area_m2,2022,3,12,short,5,15060840963.31184,2040107123.2088046
20220828_20220909,q20,population,2022,3,12,short,5,22500616.064821858,1341673.7102747702
20220828_20220909,q20,builtup_m2,2022,3,12,short,5,1253622866.0,168598213.2213251
20220828_20220909,q20,area_m2,2022,3,12,short,5,15060840963.31184,8621753102.832327
20220828_20220909,q30,population,2022,3,12,short,5,22500616.064821858,2649160.8136091772
20220828_20220909,q30,builtup_m2,2022,3,12,short,5,1253622866.0,298705576.3322915
20220828_20220909,q30,area_m2,2022,3,12,short,5,15060840963.31184,10322487645.045973
20220828_20220909,q40,population,2022,3,12,short,5,22500616.064821858,4658685.60121886
20220828_20220909,q40,builtup_m2,2022,3,12,short,5,1253622866.0,443340181.9525863
20220828_20220909,q40,area_m2,2022,3,12,short,5,15060840963.31184,11507220516.336191
20220828_20220921,unw,population,2022,3,24,short,3,22500616.064821858,245050.90742353006
20220828_20220921,unw,builtup_m2,2022,3,24,short,3,1253622866.0,25945948.832665153
20220828_20220921,unw,area_m2,2022,3,24,short,3,15060840963.31184,3195649604.532615
20220828_20220921,q20,population,2022,3,24,short,3,22500616.064821858,3811143.540495484
20220828_20220921,q20,builtup_m2,2022,3,24,short,3,1253622866.0,301600766.84349436
20220828_20220921,q20,area_m2,2022,3,24,short,3,15060840963.31184,9983432062.641138
20220828_20220921,q30,population,2022,3,24,short,3,22500616.064821858,8842208.929241812
20220828_20220921,q30,builtup_m2,2022,3,24,short,3,1253622866.0,568055558.3859997
20220828_20220921,q30,area_m2,2022,3,24,short,3,15060840963.31184,11822501285.959675
20220828_20220921,q40,population,2022,3,24,short,3,22500616.064821858,14269488.172871398
20220828_20220921,q40,builtup_m2,2022,3,24,short,3,1253622866.0,831553310.3265064
20220828_20220921,q40,area_m2,2022,3,24,short,3,15060840963.31184,13148495038.075449
20220909_20220921,unw,population,2022,3,12,short,1,22500616.064821858,203097.79497076743
20220909_20220921,unw,builtup_m2,2022,3,12,short,1,1253622866.0,18118670.967698883
20220909_20220921,unw,area_m2,2022,3,12,short,1,15060840963.31184,2063156342.4735165
20220909_20220921,q20,population,2022,3,12,short,1,22500616.064821858,3802824.8289360553
20220909_20220921,q20,builtup_m2,2022,3,12,short,1,1253622866.0,282139123.8600742
20220909_20220921,q20,area_m2,2022,3,12,short,1,15060840963.31184,9505178945.312508
20220909_20220921,q30,population,2022,3,12,short,1,22500616.064821858,8780054.706006201
20220909_20220921,q30,builtup_m2,2022,3,12,short,1,1253622866.0,554467002.6619225
20220909_20220921,q30,area_m2,2022,3,12,short,1,15060840963.31184,11615386285.793312
20220909_20220921,q40,population,2022,3,12,short,1,22500616.064821858,14187790.879284304
20220909_20220921,q40,builtup_m2,2022,3,12,short,1,1253622866.0,826144090.2237142
20220909_20220921,q40,area_m2,2022,3,12,short,1,15060840963.31184,13068087866.06987
20220909_20221003,unw,population,2022,3,24,short,7,22500616.064821858,156615.63705550725
20220909_20221003,unw,builtup_m2,2022,3,24,short,7,1253622866.0,18262868.979995925
20220909_20221003,unw,area_m2,2022,3,24,short,7,15060840963.31184,2793271379.952463
20220909_20221003,q20,population,2022,3,24,short,7,22500616.064821858,1417678.9832436913
20220909_20221003,q20,builtup_m2,2022,3,24,short,7,1253622866.0,179222462.75463903
20220909_20221003,q20,area_m2,2022,3,24,short,7,15060840963.31184,8973499483.442112
20220909_20221003,q30,population,2022,3,24,short,7,22500616.064821858,2605995.2458034945
20220909_20221003,q30,builtup_m2,2022,3,24,short,7,1253622866.0,302237107.6198299
20220909_20221003,q30,area_m2,2022,3,24,short,7,15060840963.31184,10431531499.004524
20220909_20221003,q40,population,2022,3,24,short,7,22500616.064821858,4318538.073193817
20220909_20221003,q40,builtup_m2,2022,3,24,short,7,1253622866.0,434129586.3964085
20220909_20221003,q40,area_m2,2022,3,24,short,7,15060840963.31184,11497250894.782124
20221003_20221027,unw,population,2022,4,24,short,4,22500616.064821858,166072.01846154704
20221003_20221027,unw,builtup_m2,2022,4,24,short,4,1253622866.0,19912034.986125007
20221003_20221027,unw,area_m2,2022,4,24,short,4,15060840963.31184,2713409789.2564135
20221003_20221027,q20,population,2022,4,24,short,4,22500616.064821858,1586190.9543807304
20221003_20221027,q20,builtup_m2,2022,4,24,short,4,1253622866.0,196879539.07419086
20221003_20221027,q20,area_m2,2022,4,24,short,4,15060840963.31184,9166871841.533922
20221003_20221027,q30,population,2022,4,24,short,4,22500616.064821858,3069220.3275502985
20221003_20221027,q30,builtup_m2,2022,4,24,short,4,1253622866.0,334280959.4233775
20221003_20221027,q30,area_m2,2022,4,24,short,4,15060840963.31184,10651320468.299263
20221003_20221027,q40,population,2022,4,24,short,4,22500616.064821858,5400027.58688674
20221003_20221027,q40,builtup_m2,2022,4,24,short,4,1253622866.0,490866431.3270339
20221003_20221027,q40,area_m2,2022,4,24,short,4,15060840963.31184,11775755989.60771
20221003_20221202,unw,population,2022,4,60,long,7,22500616.064821858,235991.9226128531
20221003_20221202,unw,builtup_m2,2022,4,60,long,7,1253622866.0,29271465.47933481
20221003_20221202,unw,area_m2,2022,4,60,long,7,15060840963.31184,3245538593.691601
20221003_20221202,q20,population,2022,4,60,long,7,22500616.064821858,1735180.634588181
20221003_20221202,q20,builtup_m2,2022,4,60,long,7,1253622866.0,221017674.39357623
20221003_20221202,q20,area_m2,2022,4,60,long,7,15060840963.31184,9427700731.108328
20221003_20221202,q30,population,2022,4,60,long,7,22500616.064821858,3127192.170767824
20221003_20221202,q30,builtup_m2,2022,4,60,long,7,1253622866.0,354544584.8235281
20221003_20221202,q30,area_m2,2022,4,60,long,7,15060840963.31184,10803640997.132065
20221003_20221202,q40,population,2022,4,60,long,7,22500616.064821858,5170651.226182734
20221003_20221202,q40,builtup_m2,2022,4,60,long,7,1253622866.0,500503086.8361258
20221003_20221202,q40,area_m2,2022,4,60,long,7,15060840963.31184,11846212463.991976
20221003_20221226,unw,population,2022,4,84,long,5,22500616.064821858,288152.9517541616
20221003_20221226,unw,builtup_m2,2022,4,84,long,5,1253622866.0,36161933.64702864
20221003_20221226,unw,area_m2,2022,4,84,long,5,15060840963.31184,3642373580.420271
20221003_20221226,q20,population,2022,4,84,long,5,22500616.064821858,2053198.456855596
20221003_20221226,q20,builtup_m2,2022,4,84,long,5,1253622866.0,250265742.23541555
20221003_20221226,q20,area_m2,2022,4,84,long,5,15060840963.31184,9770432144.509476
20221003_20221226,q30,population,2022,4,84,long,5,22500616.064821858,3864428.684994436
20221003_20221226,q30,builtup_m2,2022,4,84,long,5,1253622866.0,401697399.8449954
20221003_20221226,q30,area_m2,2022,4,84,long,5,15060840963.31184,11143113997.213219
20221003_20221226,q40,population,2022,4,84,long,5,22500616.064821858,6724503.4402209995
20221003_20221226,q40,builtup_m2,2022,4,84,long,5,1253622866.0,574185052.1025864
20221003_20221226,q40,area_m2,2022,4,84,long,5,15060840963.31184,12218906507.242239
20221027_20221108,unw,population,2022,4,12,short,6,22500616.064821858,118010.67330810128
20221027_20221108,unw,builtup_m2,2022,4,12,short,6,1253622866.0,12165496.171475504
20221027_20221108,unw,area_m2,2022,4,12,short,6,15060840963.31184,1664258557.4397905
20221027_20221108,q20,population,2022,4,12,short,6,22500616.064821858,1217165.8654245934
20221027_20221108,q20,builtup_m2,2022,4,12,short,6,1253622866.0,150805405.59263647
20221027_20221108,q20,area_m2,2022,4,12,short,6,15060840963.31184,8204757543.315854
20221027_20221108,q30,population,2022,4,12,short,6,22500616.064821858,2413637.719893627
20221027_20221108,q30,builtup_m2,2022,4,12,short,6,1253622866.0,274342996.520852
20221027_20221108,q30,area_m2,2022,4,12,short,6,15060840963.31184,9953960865.531595
20221027_20221108,q40,population,2022,4,12,short,6,22500616.064821858,4173239.4827200775
20221027_20221108,q40,builtup_m2,2022,4,12,short,6,1253622866.0,409541206.29628116
20221027_20221108,q40,area_m2,2022,4,12,short,6,15060840963.31184,11179976653.50186
20221027_20221120,unw,population,2022,4,24,short,8,22500616.064821858,119957.97145955933
20221027_20221120,unw,builtup_m2,2022,4,24,short,8,1253622866.0,13585551.385570362
20221027_20221120,unw,area_m2,2022,4,24,short,8,15060840963.31184,2249729473.402853
20221027_20221120,q20,population,2022,4,24,short,8,22500616.064821858,1156688.421063163
20221027_20221120,q20,builtup_m2,2022,4,24,short,8,1253622866.0,152372695.3618245
20221027_20221120,q20,area_m2,2022,4,24,short,8,15060840963.31184,8527281689.140891
20221027_20221120,q30,population,2022,4,24,short,8,22500616.064821858,2116488.7432813393
20221027_20221120,q30,builtup_m2,2022,4,24,short,8,1253622866.0,265136743.59578067
20221027_20221120,q30,area_m2,2022,4,24,short,8,15060840963.31184,10060604155.306658
20221027_20221120,q40,population,2022,4,24,short,8,22500616.064821858,3309726.9421269163
20221027_20221120,q40,builtup_m2,2022,4,24,short,8,1253622866.0,380477000.1853796
20221027_20221120,q40,area_m2,2022,4,24,short,8,15060840963.31184,11137184319.646389
20221027_20221202,unw,population,2022,4,36,long,3,22500616.064821858,172648.67395648576
20221027_20221202,unw,builtup_m2,2022,4,36,long,3,1253622866.0,20279560.70078909
20221027_20221202,unw,area_m2,2022,4,36,long,3,15060840963.31184,2701240210.72309
20221027_20221202,q20,population,2022,4,36,long,3,22500616.064821858,1373640.6197646111
20221027_20221202,q20,builtup_m2,2022,4,36,long,3,1253622866.0,177768941.11160275
20221027_20221202,q20,area_m2,2022,4,36,long,3,15060840963.31184,8846686607.855867
20221027_20221202,q30,population,2022,4,36,long,3,22500616.064821858,2453719.980029071
20221027_20221202,q30,builtup_m2,2022,4,36,long,3,1253622866.0,295601060.1855958
20221027_20221202,q30,area_m2,2022,4,36,long,3,15060840963.31184,10295123657.47517
20221027_20221202,q40,population,2022,4,36,long,3,22500616.064821858,3915595.6384437648
20221027_20221202,q40,builtup_m2,2022,4,36,long,3,1253622866.0,418314054.7278763
20221027_20221202,q40,area_m2,2022,4,36,long,3,15060840963.31184,11345533942.54466
20221027_20221226,unw,population,2022,4,60,long,1,22500616.064821858,220389.5723350627
20221027_20221226,unw,builtup_m2,2022,4,60,long,1,1253622866.0,27414143.70064398
20221027_20221226,unw,area_m2,2022,4,60,long,1,15060840963.31184,3307191628.338187
20221027_20221226,q20,population,2022,4,60,long,1,22500616.064821858,1614012.3318354941
20221027_20221226,q20,builtup_m2,2022,4,60,long,1,1253622866.0,205746064.23116094
20221027_20221226,q20,area_m2,2022,4,60,long,1,15060840963.31184,9285864207.272839
20221027_20221226,q30,population,2022,4,60,long,1,22500616.064821858,2862166.5129345683
20221027_20221226,q30,builtup_m2,2022,4,60,long,1,1253622866.0,331066177.1820534
20221027_20221226,q30,area_m2,2022,4,60,long,1,15060840963.31184,10639025898.332739
20221027_20221226,q40,population,2022,4,60,long,1,22500616.064821858,4611958.092905903
20221027_20221226,q40,builtup_m2,2022,4,60,long,1,1253622866.0,463132890.712605
20221027_20221226,q40,area_m2,2022,4,60,long,1,15060840963.31184,11651026602.791515
20221202_20221214,unw,population,2022,4,12,short,2,22500616.064821858,99676.13945708495
20221202_20221214,unw,builtup_m2,2022,4,12,short,2,1253622866.0,9906921.081275843
20221202_20221214,unw,area_m2,2022,4,12,short,2,15060840963.31184,1391542404.9515357
20221202_20221214,q20,population,2022,4,12,short,2,22500616.064821858,1003739.386784896
20221202_20221214,q20,builtup_m2,2022,4,12,short,2,1253622866.0,127631676.64855663
20221202_20221214,q20,area_m2,2022,4,12,short,2,15060840963.31184,7820124302.6939335
20221202_20221214,q30,population,2022,4,12,short,2,22500616.064821858,1925776.3049496938
20221202_20221214,q30,builtup_m2,2022,4,12,short,2,1253622866.0,236122744.36737034
20221202_20221214,q30,area_m2,2022,4,12,short,2,15060840963.31184,9614343738.37217
20221202_20221214,q40,population,2022,4,12,short,2,22500616.064821858,3152915.197640908
20221202_20221214,q40,builtup_m2,2022,4,12,short,2,1253622866.0,351713550.0957621
20221202_20221214,q40,area_m2,2022,4,12,short,2,15060840963.31184,10820132783.1164
