{"type": "FeatureCollection", "crs": {"type": "name", "properties": {"name": "EPSG:4326"}}, "properties": {"exceededTransferLimit": true}, "features": [{"type": "Feature", "geometry": {"type": "Polygon", "coordinates": [[[-119.797638692629, 36.7427160367362], [-119.797004693142, 36.7431470366412], [-119.796793693255, 36.7432920373245], [-119.796579692995, 36.7430950373372], [-119.795937693112, 36.7425060369611], [-119.795723692852, 36.7423100369884], [-119.795928692892, 36.742164036735], [-119.796546693383, 36.7417290368281], [-119.796752693247, 36.7415840367912], [-119.796971692632, 36.7417810370576], [-119.797630693131, 36.7423750373177], [-119.797850693239, 36.7425730368626], [-119.797638692629, 36.7427160367362]]]}, "properties": {"GEOID": "060190001001000", "P0010001": 49, "ALAND": 17942, "AWATER": 0}}, {"type": "Feature", "geometry": {"type": "Polygon", "coordinates": [[[-119.798658692803, 36.741986037273], [-119.798052692906, 36.7424260372384], [-119.797850693239, 36.7425730368626], [-119.797630693131, 36.7423750373177], [-119.796971692632, 36.7417810370576], [-119.796752693247, 36.7415840367912], [-119.796955692738, 36.7414360368285], [-119.797567693382, 36.7409930372773], [-119.797771692698, 36.7408460367866], [-119.797988693331, 36.7410440366767], [-119.798642692909, 36.7416410372455], [-119.798861693193, 36.7418400371231], [-119.798658692803, 36.741986037273]]]}, "properties": {"GEOID": "060190001001001", "P0010001": 12, "ALAND": 17945, "AWATER": 0}}, {"type": "Feature", "geometry": {"type": "Polygon", "coordinates": [[[-119.798861693193, 36.7418400371231], [-119.798642692909, 36.7416410372455], [-119.797988693331, 36.7410440366767], [-119.797771692698, 36.7408460367866], [-119.797973693263, 36.7407020371346], [-119.798580692985, 36.740272037076], [-119.798783693375, 36.7401290369681], [-119.79988469374, 36.7411200368479], [-119.798861693193, 36.7418400371231]]]}, "properties": {"GEOID": "060190001001002", "P0010001": 62, "ALAND": 17821, "AWATER": 0}}, {"type": "Feature", "geometry": {"type": "Polygon", "coordinates": [[[-119.800917694333, 36.7403750359769], [-119.79988469374, 36.7411200368479], [-119.798783693375, 36.7401290369681], [-119.798990693064, 36.7399830368851], [-119.799615693228, 36.7395460363182], [-119.799823692742, 36.7394010357566], [-119.8000416932, 36.7395950361432], [-119.80069869405, 36.7401800362217], [-119.800917694333, 36.7403750359769]]]}, "properties": {"GEOID": "060190001001003", "P0010001": 0, "ALAND": 18112, "AWATER": 0}}, {"type": "Feature", "geometry": {"type": "Polygon", "coordinates": [[[-119.799615693228, 36.7395460363182], [-119.798990693064, 36.7399830368851], [-119.798783693375, 36.7401290369681], [-119.798566692741, 36.7399320367808], [-119.797917693186, 36.7393410367846], [-119.797701693276, 36.7391450366483], [-119.797908692965, 36.738996037106], [-119.798532693305, 36.7385520357886], [-119.798741692644, 36.7384040357386], [-119.798957692554, 36.73860303609], [-119.799606693007, 36.7392010361212], [-119.799823692742, 36.7394010357566], [-119.799615693228, 36.7395460363182]]]}, "properties": {"GEOID": "060190001001004", "P0010001": 40, "ALAND": 18090, "AWATER": 0}}, {"type": "Feature", "geometry": {"type": "Polygon", "coordinates": [[[-119.798580692985, 36.740272037076], [-119.797973693263, 36.7407020371346], [-119.797771692698, 36.7408460367866], [-119.797552693313, 36.7406500368939], [-119.796896693187, 36.7400640368964], [-119.796678692729, 36.739869037071], [-119.796882692944, 36.7397240371196], [-119.797496693237, 36.7392890370616], [-119.797701693276, 36.7391450366483], [-119.797917693186, 36.7393410367846], [-119.798566692741, 36.7399320367808], [-119.798783693375, 36.7401290369681], [-119.798580692985, 36.740272037076]]]}, "properties": {"GEOID": "060190001001005", "P0010001": 171, "ALAND": 17654, "AWATER": 0}}, {"type": "Feature", "geometry": {"type": "Polygon", "coordinates": [[[-119.797567693382, 36.7409930372773], [-119.796955692738, 36.7414360368285], [-119.796752693247, 36.7415840367912], [-119.796534692789, 36.7413870367391], [-119.795881693036, 36.7407970370403], [-119.795664693301, 36.7406010370226], [-119.795866692967, 36.7404540372208], [-119.796475693238, 36.740015036651], [-119.796678692729, 36.739869037071], [-119.796896693187, 36.7400640368964], [-119.797552693313, 36.7406500368939], [-119.797771692698, 36.7408460367866], [-119.797567693382, 36.7409930372773]]]}, "properties": {"GEOID": "060190001001006", "P0010001": 37, "ALAND": 17817, "AWATER": 0}}, {"type": "Feature", "geometry": {"type": "Polygon", "coordinates": [[[-119.796546693383, 36.7417290368281], [-119.795928692892, 36.742164036735], [-119.795723692852, 36.7423100369884], [-119.795505693292, 36.742112036765], [-119.794853693364, 36.7415210369976], [-119.794636692731, 36.7413240367838], [-119.79484169277, 36.7411790367016], [-119.795458693437, 36.740745036864], [-119.795664693301, 36.7406010370226], [-119.795881693036, 36.7407970370403], [-119.796534692789, 36.7413870367391], [-119.796752693247, 36.7415840367912], [-119.796546693383, 36.7417290368281]]]}, "properties": {"GEOID": "060190001001007", "P0010001": 10, "ALAND": 17845, "AWATER": 0}}, {"type": "Feature", "geometry": {"type": "Polygon", "coordinates": [[[-119.795458693437, 36.740745036864], [-119.79484169277, 36.7411790367016], [-119.794636692731, 36.7413240367838], [-119.794421692646, 36.7411270367841], [-119.79377669239, 36.7405390370376], [-119.79356269213, 36.740343037081], [-119.793767692169, 36.7401970366852], [-119.794384691937, 36.7397600373366], [-119.7945906927, 36.7396150371793], [-119.79480469296, 36.7398120367405], [-119.795449693216, 36.7404030367095], [-119.795664693301, 36.7406010370226], [-119.795458693437, 36.740745036864]]]}, "properties": {"GEOID": "060190001001008", "P0010001": 0, "ALAND": 17744, "AWATER": 0}}, {"type": "Feature", "geometry": {"type": "Polygon", "coordinates": [[[-119.796475693238, 36.740015036651], [-119.795866692967, 36.7404540372208], [-119.795664693301, 36.7406010370226], [-119.795449693216, 36.7404030367095], [-119.79480469296, 36.7398120367405], [-119.7945906927, 36.7396150371793], [-119.794788693067, 36.7394660371097], [-119.795383693094, 36.7390230369865], [-119.795582693285, 36.7388760370421], [-119.79580169267, 36.7390740369749], [-119.796458692621, 36.7396700371223], [-119.796678692729, 36.739869037071], [-119.796475693238, 36.740015036651]]]}, "properties": {"GEOID": "060190001001009", "P0010001": 91, "ALAND": 17750, "AWATER": 0}}, {"type": "Feature", "geometry": {"type": "Polygon", "coordinates": [[[-119.797496693237, 36.7392890370616], [-119.796882692944, 36.7397240371196], [-119.796678692729, 36.739869037071], [-119.796458692621, 36.7396700371223], [-119.79580169267, 36.7390740369749], [-119.795582693285, 36.7388760370421], [-119.795788693149, 36.738733037213], [-119.796407692567, 36.7383080372658], [-119.796614693155, 36.7381660370249], [-119.79683169289, 36.7383610368574], [-119.797483692818, 36.7389490367314], [-119.797701693276, 36.7391450366483], [-119.797496693237, 36.7392890370616]]]}, "properties": {"GEOID": "060190001001010", "P0010001": 0, "ALAND": 17798, "AWATER": 0}}, {"type": "Feature", "geometry": {"type": "Polygon", "coordinates": [[[-119.798532693305, 36.7385520357886], [-119.797908692965, 36.738996037106], [-119.797701693276, 36.7391450366483], [-119.797483692818, 36.7389490367314], [-119.79683169289, 36.7383610368574], [-119.796614693155, 36.7381660370249], [-119.796815692996, 36.7380210367361], [-119.797422692719, 36.737589036188], [-119.797624693283, 36.737445036185], [-119.797847692866, 36.7376360359556], [-119.798517693236, 36.7382120357933], [-119.798741692644, 36.7384040357386], [-119.798532693305, 36.7385520357886]]]}, "properties": {"GEOID": "060190001001011", "P0010001": 0, "ALAND": 17826, "AWATER": 0}}, {"type": "Feature", "geometry": {"type": "Polygon", "coordinates": [[[-119.797422692719, 36.737589036188], [-119.796815692996, 36.7380210367361], [-119.796614693155, 36.7381660370249], [-119.796393693222, 36.7379690368388], [-119.795732692175, 36.7373780368464], [-119.795512692067, 36.7371810367976], [-119.796561692553, 36.7364280362567], [-119.797624693283, 36.737445036185], [-119.797422692719, 36.737589036188]]]}, "properties": {"GEOID": "060190001001012", "P0010001": 31, "ALAND": 18119, "AWATER": 0}}, {"type": "Feature", "geometry": {"type": "Polygon", "coordinates": [[[-119.796407692567, 36.7383080372658], [-119.795788693149, 36.738733037213], [-119.795582693285, 36.7388760370421], [-119.79536969285, 36.7386790372384], [-119.794731692267, 36.738091036736], [-119.794519691657, 36.7378950370073], [-119.794716692198, 36.7377500369264], [-119.7953106924, 36.7373190369506], [-119.795356692431, 36.7372860368427], [-119.795512692067, 36.7371810367976], [-119.795732692175, 36.7373780368464], [-119.796393693222, 36.7379690368388], [-119.796614693155, 36.7381660370249], [-119.796407692567, 36.7383080372658]]]}, "properties": {"GEOID": "060190001001013", "P0010001": 0, "ALAND": 17536, "AWATER": 0}}, {"type": "Feature", "geometry": {"type": "Polygon", "coordinates": [[[-119.795383693094, 36.7390230369865], [-119.794788693067, 36.7394660371097], [-119.7945906927, 36.7396150371793], [-119.794370691694, 36.739416037292], [-119.793712691918, 36.7388220371681], [-119.793493691635, 36.7386240373052], [-119.793698691674, 36.7384770373165], [-119.794313691792, 36.7380400368143], [-119.794519691657, 36.7378950370073], [-119.794731692267, 36.738091036736], [-119.79536969285, 36.7386790372384], [-119.795582693285, 36.7388760370421], [-119.795383693094, 36.7390230369865]]]}, "properties": {"GEOID": "060190001001014", "P0010001": 0, "ALAND": 17718, "AWATER": 0}}, {"type": "Feature", "geometry": {"type": "Polygon", "coordinates": [[[-119.794384691937, 36.7397600373366], [-119.793767692169, 36.7401970366852], [-119.79356269213, 36.740343037081], [-119.793342692022, 36.7401420371198], [-119.792683692421, 36.7395400368664], [-119.792464692138, 36.7393400368733], [-119.792670692002, 36.7391970371886], [-119.793289692318, 36.7387700370936], [-119.793416691642, 36.7386830369179], [-119.793493691635, 36.7386240373052], [-119.793712691918, 36.7388220371681], [-119.794370691694, 36.739416037292], [-119.7945906927, 36.7396150371793], [-119.794384691937, 36.7397600373366]]]}, "properties": {"GEOID": "060190001001015", "P0010001": 0, "ALAND": 17988, "AWATER": 0}}, {"type": "Feature", "geometry": {"type": "Polygon", "coordinates": [[[-119.793354691717, 36.7404840369975], [-119.792730692277, 36.7409080372434], [-119.792523691689, 36.7410500367308], [-119.792308691604, 36.7408550372507], [-119.791665691897, 36.7402700372777], [-119.791451691636, 36.7400750372558], [-119.791653692201, 36.7399270372628], [-119.792261691748, 36.7394860367396], [-119.792464692138, 36.7393400368733], [-119.792683692421, 36.7395400368664], [-119.793342692022, 36.7401420371198], [-119.79356269213, 36.740343037081], [-119.793354691717, 36.7404840369975]]]}, "properties": {"GEOID": "060190001001016", "P0010001": 0, "ALAND": 17819, "AWATER": 0}}, {"type": "Feature", "geometry": {"type": "Polygon", "coordinates": [[[-119.792261691748, 36.7394860367396], [-119.791653692201, 36.7399270372628], [-119.791451691636, 36.7400750372558], [-119.791234691901, 36.7398740373127], [-119.790821692348, 36.7394920369155], [-119.790578691775, 36.7392810370457], [-119.790356692018, 36.7390880372199], [-119.790561692057, 36.7389400367636], [-119.790812692127, 36.7387620370237], [-119.791183691848, 36.7385040366598], [-119.791392692085, 36.7383610368574], [-119.791606692345, 36.7385560369145], [-119.792249692053, 36.7391440367345], [-119.792464692138, 36.7393400368733], [-119.792261691748, 36.7394860367396]]]}, "properties": {"GEOID": "060190001001017", "P0010001": 27, "ALAND": 17777, "AWATER": 0}}, {"type": "Feature", "geometry": {"type": "Polygon", "coordinates": [[[-119.793416691642, 36.7386830369179], [-119.793289692318, 36.7387700370936], [-119.792670692002, 36.7391970371886], [-119.792464692138, 36.7393400368733], [-119.792249692053, 36.7391440367345], [-119.791606692345, 36.7385560369145], [-119.791392692085, 36.7383610368574], [-119.791593691927, 36.7382160369369], [-119.792200691649, 36.7377840367664], [-119.792402692214, 36.7376400371292], [-119.792624691972, 36.7378310371345], [-119.79303469205, 36.7381850370673], [-119.793280692098, 36.7384200366723], [-119.793493691635, 36.7386240373052], [-119.793416691642, 36.7386830369179]]]}, "properties": {"GEOID": "060190001001018", "P0010001": 0, "ALAND": 17785, "AWATER": 0}}, {"type": "Feature", "geometry": {"type": "Polygon", "coordinates": [[[-119.792200691649, 36.7377840367664], [-119.791593691927, 36.7382160369369], [-119.791392692085, 36.7383610368574], [-119.791169691604, 36.7381560370386], [-119.790820691625, 36.7378330369963], [-119.790495691935, 36.7375510372433], [-119.790267692329, 36.7373530369815], [-119.790471691645, 36.7372000370838], [-119.790790692386, 36.7369630367391], [-119.791093692334, 36.7367580367864], [-119.791305692047, 36.7366170372245], [-119.79152469233, 36.7368210368898], [-119.792182692106, 36.7374350368247], [-119.792402692214, 36.7376400371292], [-119.792200691649, 36.7377840367664]]]}, "properties": {"GEOID": "060190001001019", "P0010001": 0, "ALAND": 18343, "AWATER": 0}}, {"type": "Feature", "geometry": {"type": "Polygon", "coordinates": [[[-119.791183691848, 36.7385040366598], [-119.790812692127, 36.7387620370237], [-119.790561692057, 36.7389400367636], [-119.790356692018, 36.7390880372199], [-119.790132691712, 36.7388860369346], [-119.789460691692, 36.7382800372087], [-119.789236691386, 36.7380790368845], [-119.789442692149, 36.7379330372216], [-119.790060691741, 36.7374980370924], [-119.790267692329, 36.7373530369815], [-119.790495691935, 36.7375510372433], [-119.790820691625, 36.7378330369963], [-119.791169691604, 36.7381560370386], [-119.791392692085, 36.7383610368574], [-119.791183691848, 36.7385040366598]]]}, "properties": {"GEOID": "060190001001020", "P0010001": 2445, "ALAND": 18461, "AWATER": 0}}, {"type": "Feature", "geometry": {"type": "Polygon", "coordinates": [[[-119.791093692334, 36.7367580367864], [-119.790790692386, 36.7369630367391], [-119.790471691645, 36.7372000370838], [-119.790267692329, 36.7373530369815], [-119.790060691741, 36.7374980370924], [-119.789442692149, 36.7379330372216], [-119.789236691386, 36.7380790368845], [-119.789001691209, 36.737860037286], [-119.788525691008, 36.7374190371255], [-119.788296690679, 36.7372070366576], [-119.788061691401, 36.7369890366729], [-119.787864690859, 36.736806037007], [-119.78727369103, 36.7362580367828], [-119.787076691387, 36.7360760367679], [-119.787272691206, 36.7359270370277], [-119.787541690819, 36.7357240371048], [-119.787869690882, 36.735490037127], [-119.788071691447, 36.7353470367494], [-119.788281690611, 36.7351990369994], [-119.788915690996, 36.7347580366704], [-119.789126690883, 36.7346120371706], [-119.78922869099, 36.7347180371013], [-119.789555691228, 36.7350200372562], [-119.790338690678, 36.7357430370317], [-119.790871691678, 36.7362130367956], [-119.790884692097, 36.7362250369387], [-119.791305692047, 36.7366170372245], [-119.791093692334, 36.7367580367864]]]}, "properties": {"GEOID": "060190001001021", "P0010001": 348, "ALAND": 72349, "AWATER": 0}}, {"type": "Feature", "geometry": {"type": "Polygon", "coordinates": [[[-119.793253692333, 36.7352240368459], [-119.793022692355, 36.7353940371697], [-119.792945692362, 36.7354520371433], [-119.792813692117, 36.735548037028], [-119.792550692352, 36.7357420370736], [-119.792418692107, 36.7358350367249], [-119.792285692038, 36.7359290369392], [-119.792089692219, 36.7360660372292], [-119.79150069204, 36.7364790372493], [-119.791305692047, 36.7366170372245], [-119.790884692097, 36.7362250369387], [-119.790871691678, 36.7362130367956], [-119.790338690678, 36.7357430370317], [-119.789555691228, 36.7350200372562], [-119.78922869099, 36.7347180371013], [-119.789126690883, 36.7346120371706], [-119.789321690876, 36.7344710372667], [-119.789908691406, 36.7340490367016], [-119.790104691224, 36.7339090371857], [-119.790308691439, 36.7337610368233], [-119.790663691266, 36.7335070368789], [-119.790796691335, 36.7334120358703], [-119.790923690659, 36.7333190361635], [-119.791066690774, 36.7332150357232], [-119.791128690698, 36.7331720360953], [-119.79133669111, 36.7330200357777], [-119.791962691099, 36.7325680358972], [-119.792171691337, 36.7324170358252], [-119.792401690592, 36.7326250358472], [-119.793094692325, 36.7332490361318], [-119.793325692303, 36.7334570360596], [-119.79314369183, 36.7335900357769], [-119.792598692032, 36.7339890357062], [-119.792417692282, 36.734123035921], [-119.792420691757, 36.734139036307], [-119.792429691978, 36.7341870360055], [-119.792432692351, 36.7342040363564], [-119.792450691894, 36.7343050362464], [-119.792546692154, 36.7344350360091], [-119.793135692333, 36.734985036224], [-119.793331692151, 36.7351680359115], [-119.793253692333, 36.7352240368459]]]}, "properties": {"GEOID": "060190001001022", "P0010001": 29, "ALAND": 91422, "AWATER": 0}}, {"type": "Feature", "geometry": {"type": "Polygon", "coordinates": [[[-119.796561692553, 36.7364280362567], [-119.795512692067, 36.7371810367976], [-119.795356692431, 36.7372860368427], [-119.7953106924, 36.7373190369506], [-119.794716692198, 36.7377500369264], [-119.794519691657, 36.7378950370073], [-119.794313691792, 36.7380400368143], [-119.793698691674, 36.7384770373165], [-119.793493691635, 36.7386240373052], [-119.793280692098, 36.7384200366723], [-119.79303469205, 36.7381850370673], [-119.792624691972, 36.7378310371345], [-119.792402692214, 36.7376400371292], [-119.792182692106, 36.7374350368247], [-119.79152469233, 36.7368210368898], [-119.791305692047, 36.7366170372245], [-119.79150069204, 36.7364790372493], [-119.792089692219, 36.7360660372292], [-119.792285692038, 36.7359290369392], [-119.792418692107, 36.7358350367249], [-119.792550692352, 36.7357420370736], [-119.792813692117, 36.735548037028], [-119.792945692362, 36.7354520371433], [-119.793022692355, 36.7353940371697], [-119.793253692333, 36.7352240368459], [-119.793331692151, 36.7351680359115], [-119.794330692409, 36.7344090359302], [-119.794416691724, 36.7344910360383], [-119.795074692399, 36.7350720362715], [-119.795393692241, 36.7353950356926], [-119.795835692107, 36.7357660360655], [-119.796561692553, 36.7364280362567]]]}, "properties": {"GEOID": "060190001001023", "P0010001": 216, "ALAND": 108453, "AWATER": 0}}, {"type": "Feature", "geometry": {"type": "Polygon", "coordinates": [[[-119.794330692409, 36.7344090359302], [-119.793331692151, 36.7351680359115], [-119.793135692333, 36.734985036224], [-119.792546692154, 36.7344350360091], [-119.792450691894, 36.7343050362464], [-119.792432692351, 36.7342040363564], [-119.792429691978, 36.7341870360055], [-119.792420691757, 36.734139036307], [-119.792417692282, 36.734123035921], [-119.792598692032, 36.7339890357062], [-119.79314369183, 36.7335900357769], [-119.793325692303, 36.7334570360596], [-119.793345692395, 36.7334700359014], [-119.793407692319, 36.7335120360951], [-119.793428692236, 36.7335260359146], [-119.794330692409, 36.7344090359302]]]}, "properties": {"GEOID": "060190001001024", "P0010001": 0, "ALAND": 17172, "AWATER": 0}}, {"type": "Feature", "geometry": {"type": "Polygon", "coordinates": [[[-119.790308691439, 36.7337610368233], [-119.790104691224, 36.7339090371857], [-119.789908691406, 36.7340490367016], [-119.789321690876, 36.7344710372667], [-119.789126690883, 36.7346120371706], [-119.788909691148, 36.7344160371983], [-119.788258691044, 36.733829037142], [-119.78804169131, 36.7336340373161], [-119.787821691201, 36.733434037054], [-119.787162690702, 36.7328370367296], [-119.786943691318, 36.7326380372697], [-119.787147690634, 36.7324940373389], [-119.787762690752, 36.732064036658], [-119.787967690791, 36.7319210370984], [-119.788165691158, 36.7317720372136], [-119.788479690977, 36.7315360359636], [-119.79029769067, 36.7331760367816], [-119.790663691266, 36.7335070368789], [-119.790308691439, 36.7337610368233]]]}, "properties": {"GEOID": "060190001001025", "P0010001": 211, "ALAND": 53825, "AWATER": 0}}, {"type": "Feature", "geometry": {"type": "Polygon", "coordinates": [[[-119.788915690996, 36.7347580366704], [-119.788281690611, 36.7351990369994], [-119.788071691447, 36.7353470367494], [-119.787859690836, 36.735150037248], [-119.787224690627, 36.7345590371503], [-119.787013690739, 36.7343620370666], [-119.787218690779, 36.7342160368136], [-119.787835691445, 36.7337790372523], [-119.78804169131, 36.7336340373161], [-119.788258691044, 36.733829037142], [-119.788909691148, 36.7344160371983], [-119.789126690883, 36.7346120371706], [-119.788915690996, 36.7347580366704]]]}, "properties": {"GEOID": "060190001001026", "P0010001": 0, "ALAND": 17905, "AWATER": 0}}, {"type": "Feature", "geometry": {"type": "Polygon", "coordinates": [[[-119.787869690882, 36.735490037127], [-119.787541690819, 36.7357240371048], [-119.787272691206, 36.7359270370277], [-119.787076691387, 36.7360760367679], [-119.786856691279, 36.7358770370647], [-119.786196690955, 36.7352820369479], [-119.785977690672, 36.7350840373129], [-119.786184691259, 36.7349390369618], [-119.786805691225, 36.7345060370934], [-119.787013690739, 36.7343620370666], [-119.787224690627, 36.7345590371503], [-119.787859690836, 36.735150037248], [-119.788071691447, 36.7353470367494], [-119.787869690882, 36.735490037127]]]}, "properties": {"GEOID": "060190001001027", "P0010001": 0, "ALAND": 17649, "AWATER": 0}}, {"type": "Feature", "geometry": {"type": "Polygon", "coordinates": [[[-119.786805691225, 36.7345060370934], [-119.786184691259, 36.7349390369618], [-119.785977690672, 36.7350840373129], [-119.785759691112, 36.7348890370751], [-119.785106689562, 36.7343040369895], [-119.784889689827, 36.7341100369097], [-119.785094689867, 36.7339630369161], [-119.785712690358, 36.7335230366734], [-119.785918690222, 36.7333770369848], [-119.786137691404, 36.7335740367162], [-119.786794691355, 36.7341650371973], [-119.787013690739, 36.7343620370666], [-119.786805691225, 36.7345060370934]]]}, "properties": {"GEOID": "060190001001028", "P0010001": 0, "ALAND": 17895, "AWATER": 0}}, {"type": "Feature", "geometry": {"type": "Polygon", "coordinates": [[[-119.787835691445, 36.7337790372523], [-119.787218690779, 36.7342160368136], [-119.787013690739, 36.7343620370666], [-119.786794691355, 36.7341650371973], [-119.786137691404, 36.7335740367162], [-119.785918690222, 36.7333770369848], [-119.786122690437, 36.7332280370458], [-119.786737690555, 36.7327850369205], [-119.786943691318, 36.7326380372697], [-119.787162690702, 36.7328370367296], [-119.787821691201, 36.733434037054], [-119.78804169131, 36.7336340373161], [-119.787835691445, 36.7337790372523]]]}, "properties": {"GEOID": "060190001001029", "P0010001": 61, "ALAND": 18058, "AWATER": 0}}, {"type": "Feature", "geometry": {"type": "Polygon", "coordinates": [[[-119.792171691337, 36.7324170358252], [-119.791962691099, 36.7325680358972], [-119.79133669111, 36.7330200357777], [-119.791128690698, 36.7331720360953], [-119.791066690774, 36.7332150357232], [-119.790923690659, 36.7333190361635], [-119.790796691335, 36.7334120358703], [-119.790663691266, 36.7335070368789], [-119.79029769067, 36.7331760367816], [-119.788479690977, 36.7315360359636], [-119.78876169101, 36.7313270358555], [-119.788960691201, 36.7311790362754], [-119.789170691264, 36.7310380358264], [-119.7898026911, 36.7306150358055], [-119.790013690988, 36.7304750357875], [-119.790227691248, 36.7306670356444], [-119.790867690582, 36.7312400358839], [-119.79108569104, 36.7314390360875], [-119.791180690576, 36.7315250358205], [-119.791465690982, 36.7317850359008], [-119.791528690731, 36.731843035721], [-119.791561691241, 36.7318720359748], [-119.79168369144, 36.7319810361104], [-119.792049691138, 36.7323070363057], [-119.792171691337, 36.7324170358252]]]}, "properties": {"GEOID": "060190001001030", "P0010001": 0, "ALAND": 52827, "AWATER": 0}}, {"type": "Feature", "geometry": {"type": "Polygon", "coordinates": [[[-119.805769694608, 36.7434880362289], [-119.805721694928, 36.7435230362634], [-119.805667695399, 36.7435760358534], [-119.805635694714, 36.7436080362807], [-119.805387695017, 36.7436070357052], [-119.804645694677, 36.7436070371449], [-119.804398694805, 36.7436070371449], [-119.804214693783, 36.743384037328], [-119.804157693882, 36.7433320367449], [-119.803341693922, 36.7425990370557], [-119.803069693936, 36.7423550370007], [-119.801977693792, 36.7413740360784], [-119.800917694333, 36.7403750359769], [-119.80069869405, 36.7401800362217], [-119.8000416932, 36.7395950361432], [-119.799823692742, 36.7394010357566], [-119.799606693007, 36.7392010361212], [-119.798957692554, 36.73860303609], [-119.798741692644, 36.7384040357386], [-119.798517693236, 36.7382120357933], [-119.797847692866, 36.7376360359556], [-119.797624693283, 36.737445036185], [-119.79780269266, 36.7373180362931], [-119.798337693311, 36.7369400359043], [-119.798516693411, 36.736814035841], [-119.799588692565, 36.737791036287], [-119.802807693995, 36.7407230363358], [-119.803880693873, 36.7417010358594], [-119.804265693837, 36.7420530361888], [-119.805420694629, 36.7431100359911], [-119.805806695317, 36.7434630361945], [-119.805769694608, 36.7434880362289]]]}, "properties": {"GEOID": "060190002001000", "P0010001": 0, "ALAND": 98115, "AWATER": 0}}, {"type": "Feature", "geometry": {"type": "Polygon", "coordinates": [[[-119.806068695257, 36.7433420360568], [-119.805839694928, 36.7434400358677], [-119.805806695317, 36.7434630361945], [-119.805420694629, 36.7431100359911], [-119.804265693837, 36.7420530361888], [-119.803880693873, 36.7417010358594], [-119.802807693995, 36.7407230363358], [-119.799588692565, 36.737791036287], [-119.798516693411, 36.736814035841], [-119.79869069259, 36.7366900361825], [-119.799213692647, 36.7363200359062], [-119.799388693447, 36.7361970361218], [-119.800480692693, 36.7371780362595], [-119.803756694024, 36.7401230361221], [-119.804849693993, 36.7411050356455], [-119.806875694996, 36.7429610362275], [-119.806068695257, 36.7433420360568]]]}, "properties": {"GEOID": "060190002001001", "P0010001": 0, "ALAND": 106247, "AWATER": 0}}, {"type": "Feature", "geometry": {"type": "Polygon", "coordinates": [[[-119.812435695276, 36.7404360361973], [-119.812308695055, 36.7405930357037], [-119.811998695433, 36.7410150362884], [-119.811980694992, 36.7410390357913], [-119.811688694914, 36.7414330357368], [-119.811364695049, 36.7418330358122], [-119.811065695298, 36.7421470359873], [-119.810972695411, 36.7422380360501], [-119.810890695396, 36.7423110361412], [-119.810654695394, 36.7424950362303], [-119.810187695414, 36.7428280361893], [-119.810124694766, 36.7428700363021], [-119.809939694818, 36.7429960357825], [-119.809877694894, 36.7430390356664], [-119.809589695014, 36.7430720361803], [-119.809327695073, 36.7431030362358], [-119.808728694849, 36.7431730359201], [-119.808441694793, 36.7432080360982], [-119.807598695069, 36.7432280361929], [-119.806875694996, 36.7429610362275], [-119.804849693993, 36.7411050356455], [-119.805250693851, 36.7408170363235], [-119.806454694148, 36.7399560359025], [-119.80685669473, 36.7396700356826], [-119.807153694831, 36.7394640358505], [-119.80774269501, 36.7390580361777], [-119.807984694859, 36.7388470358347], [-119.808016694646, 36.738809036073], [-119.808138694845, 36.7386680359591], [-119.808491695022, 36.7388150363019], [-119.809819695168, 36.7393090360179], [-119.810475695294, 36.7395330360655], [-119.811053694704, 36.7397310357433], [-119.812622694874, 36.7402510363117], [-119.812435695276, 36.7404360361973]]]}, "properties": {"GEOID": "060190002001002", "P0010001": 0, "ALAND": 208880, "AWATER": 0}}, {"type": "Feature", "geometry": {"type": "Polygon", "coordinates": [[[-119.806454694148, 36.7399560359025], [-119.805250693851, 36.7408170363235], [-119.804849693993, 36.7411050356455], [-119.803756694024, 36.7401230361221], [-119.800480692693, 36.7371780362595], [-119.799388693447, 36.7361970361218], [-119.799599693334, 36.7360420361714], [-119.800031693155, 36.7357290361767], [-119.800241693217, 36.7355890361248], [-119.800460692602, 36.7354450359696], [-119.800660692618, 36.7353020362281], [-119.801261693391, 36.7348760360337], [-119.801462693232, 36.7347340359236], [-119.802545693156, 36.735715036039], [-119.802567692897, 36.7357350359264], [-119.805778693931, 36.7386810363583], [-119.80685669473, 36.7396700356826], [-119.806454694148, 36.7399560359025]]]}, "properties": {"GEOID": "060190002001003", "P0010001": 0, "ALAND": 177805, "AWATER": 0}}, {"type": "Feature", "geometry": {"type": "Polygon", "coordinates": [[[-119.808138694845, 36.7386680359591], [-119.808016694646, 36.738809036073], [-119.807984694859, 36.7388470358347], [-119.80774269501, 36.7390580361777], [-119.807153694831, 36.7394640358505], [-119.80685669473, 36.7396700356826], [-119.805778693931, 36.7386810363583], [-119.802567692897, 36.7357350359264], [-119.802545693156, 36.735715036039], [-119.801462693232, 36.7347340359236], [-119.801590693279, 36.7346370357684], [-119.801975693243, 36.7343480359597], [-119.802104693115, 36.7342520360142], [-119.802194692628, 36.7341920358973], [-119.802366693056, 36.7340810360615], [-119.802404692691, 36.7340540358825], [-119.805200693622, 36.7365910357249], [-119.805921694046, 36.7372420359569], [-119.806041693697, 36.7373430361694], [-119.806327693927, 36.7375720358668], [-119.806672693708, 36.7378240361778], [-119.806928693801, 36.7379980362182], [-119.807392694307, 36.7382800357689], [-119.807604694019, 36.7384020358917], [-119.80804169476, 36.738617035701], [-119.808138694845, 36.7386680359591]]]}, "properties": {"GEOID": "060190002001004", "P0010001": 0, "ALAND": 87641, "AWATER": 0}}, {"type": "Feature", "geometry": {"type": "Polygon", "coordinates": [[[-119.808138694845, 36.7386680359591], [-119.80804169476, 36.738617035701], [-119.807604694019, 36.7384020358917], [-119.807392694307, 36.7382800357689], [-119.806928693801, 36.7379980362182], [-119.806672693708, 36.7378240361778], [-119.806327693927, 36.7375720358668], [-119.806041693697, 36.7373430361694], [-119.805921694046, 36.7372420359569], [-119.805200693622, 36.7365910357249], [-119.802404692691, 36.7340540358825], [-119.802464692965, 36.7340110360046], [-119.802553692653, 36.7339490357364], [-119.805246693653, 36.7363940358161], [-119.805354693608, 36.7364950357046], [-119.805680694022, 36.7368000359012], [-119.805789693801, 36.7369030358614], [-119.806179693789, 36.7372270361563], [-119.806460693996, 36.7374500358647], [-119.806695694173, 36.7376220361657], [-119.806986694426, 36.7378150360781], [-119.807335694405, 36.738028036235], [-119.808233695279, 36.7385210360547], [-119.808138694845, 36.7386680359591]]]}, "properties": {"GEOID": "060190002001005", "P0010001": 0, "ALAND": 13016, "AWATER": 0}}, {"type": "Feature", "geometry": {"type": "Polygon", "coordinates": [[[-119.812755695842, 36.7401460360032], [-119.812622694874, 36.7402510363117], [-119.811053694704, 36.7397310357433], [-119.810475695294, 36.7395330360655], [-119.809819695168, 36.7393090360179], [-119.808491695022, 36.7388150363019], [-119.808138694845, 36.7386680359591], [-119.808233695279, 36.7385210360547], [-119.808481694976, 36.738648036116], [-119.808598695152, 36.7387050358711], [-119.808994694987, 36.738859036286], [-119.809170694714, 36.7389190363547], [-119.809336695294, 36.7389790356566], [-119.809756695419, 36.7391170361766], [-119.810308694889, 36.7393000360923], [-119.810754694953, 36.7394530361235], [-119.811015695069, 36.739544035781], [-119.811434695369, 36.7396890360725], [-119.811675695393, 36.7397720362054], [-119.812399695291, 36.7400230358705], [-119.812641695141, 36.7401070362633], [-119.812663694882, 36.740114036292], [-119.812732696276, 36.7401380360767], [-119.812755695842, 36.7401460360032]]]}, "properties": {"GEOID": "060190002001006", "P0010001": 0, "ALAND": 7305, "AWATER": 0}}, {"type": "Feature", "geometry": {"type": "Polygon", "coordinates": [[[-119.813074695684, 36.7399350357716], [-119.813031696026, 36.739958035709], [-119.81290369598, 36.7400320357113], [-119.812755695842, 36.7401460360032], [-119.812732696276, 36.7401380360767], [-119.812663694882, 36.740114036292], [-119.812641695141, 36.7401070362633], [-119.812399695291, 36.7400230358705], [-119.811675695393, 36.7397720362054], [-119.811434695369, 36.7396890360725], [-119.811015695069, 36.739544035781], [-119.810754694953, 36.7394530361235], [-119.810308694889, 36.7393000360923], [-119.809756695419, 36.7391170361766], [-119.809336695294, 36.7389790356566], [-119.809170694714, 36.7389190363547], [-119.808994694987, 36.738859036286], [-119.808598695152, 36.7387050358711], [-119.808481694976, 36.738648036116], [-119.808233695279, 36.7385210360547], [-119.808426694725, 36.7382500358506], [-119.808450695014, 36.7382180360689], [-119.808511695114, 36.73808103602], [-119.808542695076, 36.7379660363314], [-119.808561695342, 36.7378640362882], [-119.80856969484, 36.7376920358095], [-119.808562695167, 36.7372810357126], [-119.808557694246, 36.7369490361066], [-119.808845695024, 36.7369460362792], [-119.809711695213, 36.7369400359043], [-119.810000694918, 36.7369380360192], [-119.810006694766, 36.7371440361511], [-119.810024695207, 36.7377620361094], [-119.81003169488, 36.7379690361189], [-119.810033695428, 36.738147036258], [-119.810042694751, 36.7386820362781], [-119.810045695124, 36.7388610361211], [-119.810085695307, 36.738913036134], [-119.810166694599, 36.7389490360115], [-119.81038769543, 36.7389990361334], [-119.811566694715, 36.7390020358805], [-119.812935694869, 36.7390050363474], [-119.812937695417, 36.7390520359678], [-119.812971694854, 36.7393290356888], [-119.812999695341, 36.7395540363064], [-119.813039696422, 36.7397560362735], [-119.813074695684, 36.7399350357716]]]}, "properties": {"GEOID": "060190002001007", "P0010001": 211, "ALAND": 51207, "AWATER": 0}}, {"type": "Feature", "geometry": {"type": "Polygon", "coordinates": [[[-119.80856969484, 36.7376920358095], [-119.808561695342, 36.7378640362882], [-119.808542695076, 36.7379660363314], [-119.808511695114, 36.73808103602], [-119.808450695014, 36.7382180360689], [-119.808426694725, 36.7382500358506], [-119.808233695279, 36.7385210360547], [-119.807335694405, 36.738028036235], [-119.806986694426, 36.7378150360781], [-119.806695694173, 36.7376220361657], [-119.806460693996, 36.7374500358647], [-119.806179693789, 36.7372270361563], [-119.805789693801, 36.7369030358614], [-119.805680694022, 36.7368000359012], [-119.805354693608, 36.7364950357046], [-119.805246693653, 36.7363940358161], [-119.802553692653, 36.7339490357364], [-119.80260769308, 36.7339080357638], [-119.802771693112, 36.7337870356818], [-119.802826693363, 36.7337470363267], [-119.802955693235, 36.733652036335], [-119.803343692674, 36.7333710363308], [-119.803473693269, 36.7332780358544], [-119.803693693377, 36.7334730358646], [-119.804353693701, 36.7340600357631], [-119.804573693809, 36.7342560359244], [-119.804788693894, 36.7344550362299], [-119.805433694149, 36.7350520362113], [-119.805649694059, 36.7352510358934], [-119.80586369432, 36.7354490358176], [-119.806195693682, 36.7357560357665], [-119.80651169405, 36.7360410362172], [-119.80672969361, 36.7362370356402], [-119.807464694277, 36.7356950361464], [-119.80775969383, 36.7355040358659], [-119.808012694448, 36.7357030358161], [-119.808102693961, 36.7357590356404], [-119.808336694313, 36.7358630362341], [-119.808538693979, 36.7359050358386], [-119.808544693827, 36.7360570362035], [-119.808557694246, 36.7369490361066], [-119.808562695167, 36.7372810357126], [-119.80856969484, 36.7376920358095]]]}, "properties": {"GEOID": "060190002001008", "P0010001": 126, "ALAND": 97395, "AWATER": 0}}, {"type": "Feature", "geometry": {"type": "Polygon", "coordinates": [[[-119.808530693583, 36.7357220357482], [-119.808538693979, 36.7359050358386], [-119.808336694313, 36.7358630362341], [-119.808102693961, 36.7357590356404], [-119.808012694448, 36.7357030358161], [-119.80775969383, 36.7355040358659], [-119.808452693766, 36.735004034894], [-119.808564693919, 36.7349540350497], [-119.808530693583, 36.7357220357482]]]}, "properties": {"GEOID": "060190002001009", "P0010001": 0, "ALAND": 4145, "AWATER": 0}}, {"type": "Feature", "geometry": {"type": "Polygon", "coordinates": [[[-119.807464694277, 36.7356950361464], [-119.80672969361, 36.7362370356402], [-119.80651169405, 36.7360410362172], [-119.806195693682, 36.7357560357665], [-119.80586369432, 36.7354490358176], [-119.805649694059, 36.7352510358934], [-119.805856693749, 36.7351030359583], [-119.806479694263, 36.7346610358256], [-119.806687693777, 36.7345140361671], [-119.80775969383, 36.7355040358659], [-119.807464694277, 36.7356950361464]]]}, "properties": {"GEOID": "060190002001010", "P0010001": 72, "ALAND": 17911, "AWATER": 0}}, {"type": "Feature", "geometry": {"type": "Polygon", "coordinates": [[[-119.806479694263, 36.7346610358256], [-119.805856693749, 36.7351030359583], [-119.805649694059, 36.7352510358934], [-119.805433694149, 36.7350520362113], [-119.804788693894, 36.7344550362299], [-119.804573693809, 36.7342560359244], [-119.804777694023, 36.7341090362103], [-119.805389693768, 36.7336720360399], [-119.805594693808, 36.7335270351817], [-119.805812694266, 36.7337240359682], [-119.806468694392, 36.7343160359912], [-119.806687693777, 36.7345140361671], [-119.806479694263, 36.7346610358256]]]}, "properties": {"GEOID": "060190002001011", "P0010001": 96, "ALAND": 18001, "AWATER": 0}}, {"type": "Feature", "geometry": {"type": "Polygon", "coordinates": [[[-119.803343692674, 36.7333710363308], [-119.802955693235, 36.733652036335], [-119.802826693363, 36.7337470363267], [-119.802771693112, 36.7337870356818], [-119.80260769308, 36.7339080357638], [-119.802553692653, 36.7339490357364], [-119.802333693444, 36.7337500362791], [-119.801803692816, 36.733270035932], [-119.801677693318, 36.7331500362763], [-119.801463693057, 36.7329460362151], [-119.801520692959, 36.732907035697], [-119.801695692861, 36.7327920361769], [-119.801753692587, 36.7327540362976], [-119.801886692657, 36.7326570358006], [-119.802285692865, 36.7323670357359], [-119.802419692759, 36.7322710361931], [-119.802629692821, 36.7324720358858], [-119.803262693381, 36.7330760361192], [-119.803473693269, 36.7332780358544], [-119.803343692674, 36.7333710363308]]]}, "properties": {"GEOID": "060190002001012", "P0010001": 0, "ALAND": 16481, "AWATER": 0}}, {"type": "Feature", "geometry": {"type": "Polygon", "coordinates": [[[-119.802464692965, 36.7340110360046], [-119.802404692691, 36.7340540358825], [-119.801504693065, 36.7332390362249], [-119.801303693224, 36.7330660361897], [-119.801376693019, 36.7330100358409], [-119.801463693057, 36.7329460362151], [-119.801677693318, 36.7331500362763], [-119.801803692816, 36.733270035932], [-119.802333693444, 36.7337500362791], [-119.802553692653, 36.7339490357364], [-119.802464692965, 36.7340110360046]]]}, "properties": {"GEOID": "060190002001013", "P0010001": 0, "ALAND": 2645, "AWATER": 0}}, {"type": "Feature", "geometry": {"type": "Polygon", "coordinates": [[[-119.802366693056, 36.7340810360615], [-119.802194692628, 36.7341920358973], [-119.802104693115, 36.7342520360142], [-119.801975693243, 36.7343480359597], [-119.801590693279, 36.7346370357684], [-119.801462693232, 36.7347340359236], [-119.801240692576, 36.7345350363412], [-119.800574693303, 36.733938035939], [-119.800352692647, 36.7337390357332], [-119.800486693439, 36.7336430357462], [-119.800891692597, 36.7333580357524], [-119.801027693039, 36.7332630359993], [-119.801115692903, 36.7332000358557], [-119.801270692714, 36.7330910360108], [-119.801303693224, 36.7330660361897], [-119.801504693065, 36.7332390362249], [-119.802404692691, 36.7340540358825], [-119.802366693056, 36.7340810360615]]]}, "properties": {"GEOID": "060190002001014", "P0010001": 0, "ALAND": 16663, "AWATER": 0}}, {"type": "Feature", "geometry": {"type": "Polygon", "coordinates": [[[-119.801261693391, 36.7348760360337], [-119.800660692618, 36.7353020362281], [-119.800460692602, 36.7354450359696], [-119.800227692973, 36.7352450361059], [-119.799530692839, 36.7346480361855], [-119.799298693036, 36.7344500363551], [-119.799508693098, 36.7343070362002], [-119.800141692759, 36.733881036244], [-119.800352692647, 36.7337390357332], [-119.800574693303, 36.733938035939], [-119.801240692576, 36.7345350363412], [-119.801462693232, 36.7347340359236], [-119.801261693391, 36.7348760360337]]]}, "properties": {"GEOID": "060190002001015", "P0010001": 0, "ALAND": 18140, "AWATER": 0}}, {"type": "Feature", "geometry": {"type": "Polygon", "coordinates": [[[-119.800241693217, 36.7355890361248], [-119.800031693155, 36.7357290361767], [-119.799599693334, 36.7360420361714], [-119.799388693447, 36.7361970361218], [-119.799174693187, 36.7359930362381], [-119.798908693048, 36.7357410356756], [-119.798520692711, 36.7353960356552], [-119.798300692603, 36.7352010362099], [-119.798499692794, 36.7350500362771], [-119.799098693019, 36.7346000360553], [-119.799298693036, 36.7344500363551], [-119.799530692839, 36.7346480361855], [-119.800227692973, 36.7352450361059], [-119.800460692602, 36.7354450359696], [-119.800241693217, 36.7355890361248]]]}, "properties": {"GEOID": "060190002001016", "P0010001": 0, "ALAND": 18416, "AWATER": 0}}, {"type": "Feature", "geometry": {"type": "Polygon", "coordinates": [[[-119.799213692647, 36.7363200359062], [-119.79869069259, 36.7366900361825], [-119.798516693411, 36.736814035841], [-119.798298692953, 36.7366180357314], [-119.7976456932, 36.736031035954], [-119.797428692566, 36.7358360359619], [-119.797530692674, 36.7357660360655], [-119.797604693192, 36.7357110362049], [-119.798126693424, 36.7353280360046], [-119.798300692603, 36.7352010362099], [-119.798520692711, 36.7353960356552], [-119.798908693048, 36.7357410356756], [-119.799174693187, 36.7359930362381], [-119.799388693447, 36.7361970361218], [-119.799213692647, 36.7363200359062]]]}, "properties": {"GEOID": "060190002001017", "P0010001": 0, "ALAND": 15354, "AWATER": 0}}, {"type": "Feature", "geometry": {"type": "Polygon", "coordinates": [[[-119.798337693311, 36.7369400359043], [-119.79780269266, 36.7373180362931], [-119.797624693283, 36.737445036185], [-119.796561692553, 36.7364280362567], [-119.797428692566, 36.7358360359619], [-119.7976456932, 36.736031035954], [-119.798298692953, 36.7366180357314], [-119.798516693411, 36.736814035841], [-119.798337693311, 36.7369400359043]]]}, "properties": {"GEOID": "060190002001018", "P0010001": 0, "ALAND": 15209, "AWATER": 0}}, {"type": "Feature", "geometry": {"type": "Polygon", "coordinates": [[[-119.797428692566, 36.7358360359619], [-119.796561692553, 36.7364280362567], [-119.795835692107, 36.7357660360655], [-119.795393692241, 36.7353950356926], [-119.795074692399, 36.7350720362715], [-119.795051691934, 36.7349490359273], [-119.794918691865, 36.7344190356847], [-119.794928691911, 36.7342760361918], [-119.794978692139, 36.7341510360545], [-119.795058691607, 36.7340330362968], [-119.795178692156, 36.7339030358534], [-119.795259692347, 36.7338160359211], [-119.795692691992, 36.7342200360057], [-119.796994692198, 36.7354320357424], [-119.797428692566, 36.7358360359619]]]}, "properties": {"GEOID": "060190002001019", "P0010001": 0, "ALAND": 27540, "AWATER": 0}}, {"type": "Feature", "geometry": {"type": "Polygon", "coordinates": [[[-119.798126693424, 36.7353280360046], [-119.797604693192, 36.7357110362049], [-119.797530692674, 36.7357660360655], [-119.797428692566, 36.7358360359619], [-119.796994692198, 36.7354320357424], [-119.795692691992, 36.7342200360057], [-119.795259692347, 36.7338160359211], [-119.795401691739, 36.7336620361881], [-119.79545869164, 36.7336020363301], [-119.795921692321, 36.7333090362658], [-119.796099691697, 36.7331980358731], [-119.796321692354, 36.7333720363199], [-119.796487692035, 36.7335020362225], [-119.79695369219, 36.733938035939], [-119.79716069188, 36.7341320357336], [-119.797388692383, 36.7343450360307], [-119.798072692997, 36.73498703616], [-119.798300692603, 36.7352010362099], [-119.798126693424, 36.7353280360046]]]}, "properties": {"GEOID": "060190002001020", "P0010001": 0, "ALAND": 31491, "AWATER": 0}}, {"type": "Feature", "geometry": {"type": "Polygon", "coordinates": [[[-119.799098693019, 36.7346000360553], [-119.798499692794, 36.7350500362771], [-119.798300692603, 36.7352010362099], [-119.798072692997, 36.73498703616], [-119.797388692383, 36.7343450360307], [-119.79716069188, 36.7341320357336], [-119.797355691873, 36.73398303582], [-119.797943692227, 36.7335390357447], [-119.798139692046, 36.733391036109], [-119.798370692025, 36.7336020363301], [-119.799066693232, 36.7342380363271], [-119.799298693036, 36.7344500363551], [-119.799098693019, 36.7346000360553]]]}, "properties": {"GEOID": "060190002001021", "P0010001": 0, "ALAND": 18921, "AWATER": 0}}, {"type": "Feature", "geometry": {"type": "Polygon", "coordinates": [[[-119.797943692227, 36.7335390357447], [-119.797355691873, 36.73398303582], [-119.79716069188, 36.7341320357336], [-119.79695369219, 36.733938035939], [-119.796487692035, 36.7335020362225], [-119.796321692354, 36.7333720363199], [-119.796099691697, 36.7331980358731], [-119.796195691957, 36.7331290357233], [-119.796484691662, 36.7329250363263], [-119.796581691746, 36.7328570359268], [-119.796690692425, 36.7327790362203], [-119.797020692137, 36.7325470359049], [-119.797130691742, 36.7324700358843], [-119.797331691584, 36.7326540358055], [-119.797937692379, 36.733206035803], [-119.798139692046, 36.733391036109], [-119.797943692227, 36.7335390357447]]]}, "properties": {"GEOID": "060190002001022", "P0010001": 0, "ALAND": 16581, "AWATER": 0}}, {"type": "Feature", "geometry": {"type": "Polygon", "coordinates": [[[-119.800141692759, 36.733881036244], [-119.799508693098, 36.7343070362002], [-119.799298693036, 36.7344500363551], [-119.799066693232, 36.7342380363271], [-119.798370692025, 36.7336020363301], [-119.798139692046, 36.733391036109], [-119.797937692379, 36.733206035803], [-119.797331691584, 36.7326540358055], [-119.797130691742, 36.7324700358843], [-119.797221691979, 36.7324050358067], [-119.797496692339, 36.7322110359679], [-119.7975886924, 36.7321470356761], [-119.797702692203, 36.7320650359441], [-119.798047691984, 36.7318220362504], [-119.798162691612, 36.7317410361817], [-119.798364692177, 36.7319250356901], [-119.798970692074, 36.73247803589], [-119.799173693362, 36.7326630357903], [-119.79940869264, 36.7328780358343], [-119.800116692645, 36.7335230359535], [-119.800352692647, 36.7337390357332], [-119.800141692759, 36.733881036244]]]}, "properties": {"GEOID": "060190002001023", "P0010001": 0, "ALAND": 36110, "AWATER": 0}}, {"type": "Feature", "geometry": {"type": "Polygon", "coordinates": [[[-119.801303693224, 36.7330660361897], [-119.801270692714, 36.7330910360108], [-119.801115692903, 36.7332000358557], [-119.801027693039, 36.7332630359993], [-119.800891692597, 36.7333580357524], [-119.800486693439, 36.7336430357462], [-119.800352692647, 36.7337390357332], [-119.800116692645, 36.7335230359535], [-119.79940869264, 36.7328780358343], [-119.799173693362, 36.7326630357903], [-119.798970692074, 36.73247803589], [-119.798364692177, 36.7319250356901], [-119.798162691612, 36.7317410361817], [-119.798291692382, 36.7316480358907], [-119.798680691646, 36.7313710358119], [-119.798810692241, 36.7312790358089], [-119.798897692279, 36.7312170362143], [-119.799069691808, 36.7310950361923], [-119.799106691618, 36.7310640363269], [-119.801277693285, 36.7330470363202], [-119.801303693224, 36.7330660361897]]]}, "properties": {"GEOID": "060190002001024", "P0010001": 0, "ALAND": 33393, "AWATER": 0}}, {"type": "Feature", "geometry": {"type": "Polygon", "coordinates": [[[-119.801463693057, 36.7329460362151], [-119.801376693019, 36.7330100358409], [-119.801303693224, 36.7330660361897], [-119.801277693285, 36.7330470363202], [-119.799106691618, 36.7310640363269], [-119.799157691672, 36.7310310356901], [-119.799248691909, 36.7309740359967], [-119.799295691764, 36.7309380359791], [-119.799716691714, 36.7313290358868], [-119.800978692635, 36.7325060359035], [-119.801400693308, 36.7328980357408], [-119.801463693057, 36.7329460362151]]]}, "properties": {"GEOID": "060190002001025", "P0010001": 0, "ALAND": 6065, "AWATER": 0}}, {"type": "Feature", "geometry": {"type": "Polygon", "coordinates": [[[-119.805389693768, 36.7336720360399], [-119.804777694023, 36.7341090362103], [-119.804573693809, 36.7342560359244], [-119.804353693701, 36.7340600357631], [-119.803693693377, 36.7334730358646], [-119.803473693269, 36.7332780358544], [-119.803683693331, 36.7331290357233], [-119.804315693168, 36.7326850357488], [-119.804526693055, 36.7325380351866], [-119.804739692592, 36.732735034911], [-119.805380694446, 36.73332903534], [-119.805594693808, 36.7335270351817], [-119.805389693768, 36.7336720360399]]]}, "properties": {"GEOID": "060190002001026", "P0010001": 54, "ALAND": 17998, "AWATER": 0}}, {"type": "Feature", "geometry": {"type": "Polygon", "coordinates": [[[-119.806413694141, 36.7329590347036], [-119.805798694022, 36.7333850347362], [-119.805594693808, 36.7335270351817], [-119.805380694446, 36.73332903534], [-119.804739692592, 36.732735034911], [-119.804526693055, 36.7325380351866], [-119.80542669268, 36.7319240349623], [-119.80556669332, 36.7318390349653], [-119.80661869418, 36.7328180346436], [-119.806413694141, 36.7329590347036]]]}, "properties": {"GEOID": "060190002001027", "P0010001": 64, "ALAND": 17503, "AWATER": 0}}, {"type": "Feature", "geometry": {"type": "Polygon", "coordinates": [[[-119.806687693777, 36.7345140361671], [-119.806468694392, 36.7343160359912], [-119.805812694266, 36.7337240359682], [-119.805594693808, 36.7335270351817], [-119.805798694022, 36.7333850347362], [-119.806413694141, 36.7329590347036], [-119.80661869418, 36.7328180346436], [-119.807699693555, 36.7337840350109], [-119.806687693777, 36.7345140361671]]]}, "properties": {"GEOID": "060190002001028", "P0010001": 146, "ALAND": 17612, "AWATER": 0}}, {"type": "Feature", "geometry": {"type": "Polygon", "coordinates": [[[-119.808585693835, 36.7348530352935], [-119.808564693919, 36.7349540350497], [-119.808452693766, 36.735004034894], [-119.80775969383, 36.7355040358659], [-119.806687693777, 36.7345140361671], [-119.807699693555, 36.7337840350109], [-119.808585693835, 36.7346090350921], [-119.808588694208, 36.7348390349961], [-119.808585693835, 36.7348530352935]]]}, "properties": {"GEOID": "060190002001029", "P0010001": 77, "ALAND": 17393, "AWATER": 0}}, {"type": "Feature", "geometry": {"type": "Polygon", "coordinates": [[[-119.80542669268, 36.7319240349623], [-119.804526693055, 36.7325380351866], [-119.803414692819, 36.7315630348681], [-119.804437693366, 36.7308160347938], [-119.80556669332, 36.7318390349653], [-119.80542669268, 36.7319240349623]]]}, "properties": {"GEOID": "060190002001030", "P0010001": 23, "ALAND": 18198, "AWATER": 0}}, {"type": "Feature", "geometry": {"type": "Polygon", "coordinates": [[[-119.804315693168, 36.7326850357488], [-119.803683693331, 36.7331290357233], [-119.803473693269, 36.7332780358544], [-119.803262693381, 36.7330760361192], [-119.802629692821, 36.7324720358858], [-119.802419692759, 36.7322710361931], [-119.803414692819, 36.7315630348681], [-119.804526693055, 36.7325380351866], [-119.804315693168, 36.7326850357488]]]}, "properties": {"GEOID": "060190002001031", "P0010001": 83, "ALAND": 17820, "AWATER": 0}}, {"type": "Feature", "geometry": {"type": "Polygon", "coordinates": [[[-119.795178692156, 36.7339030358534], [-119.795058691607, 36.7340330362968], [-119.794978692139, 36.7341510360545], [-119.794928691911, 36.7342760361918], [-119.794918691865, 36.7344190356847], [-119.795051691934, 36.7349490359273], [-119.795074692399, 36.7350720362715], [-119.794416691724, 36.7344910360383], [-119.794330692409, 36.7344090359302], [-119.795115692407, 36.733848036098], [-119.795178692156, 36.7339030358534]]]}, "properties": {"GEOID": "060190002001032", "P0010001": 0, "ALAND": 3602, "AWATER": 0}}, {"type": "Feature", "geometry": {"type": "Polygon", "coordinates": [[[-119.812935694869, 36.7390050363474], [-119.811566694715, 36.7390020358805], [-119.81038769543, 36.7389990361334], [-119.810166694599, 36.7389490360115], [-119.810085695307, 36.738913036134], [-119.810045695124, 36.7388610361211], [-119.810042694751, 36.7386820362781], [-119.810033695428, 36.738147036258], [-119.81003169488, 36.7379690361189], [-119.810320694585, 36.7379680361898], [-119.811191694796, 36.7379670362606], [-119.811481695224, 36.7379670362606], [-119.812933695219, 36.7379570348086], [-119.812935694869, 36.7390050363474]]]}, "properties": {"GEOID": "060190002002000", "P0010001": 140, "ALAND": 29605, "AWATER": 0}}, {"type": "Feature", "geometry": {"type": "Polygon", "coordinates": [[[-119.812937695417, 36.7376480351564], [-119.812933695219, 36.7379570348086], [-119.811481695224, 36.7379670362606], [-119.811478694851, 36.7377590363139], [-119.811469694631, 36.7371370351317], [-119.811467694981, 36.7369300350384], [-119.811757695409, 36.7369230347194], [-119.81263069527, 36.7369040350846], [-119.812921694625, 36.7368980347064], [-119.812924694998, 36.7370480346627], [-119.812933695219, 36.7374980349327], [-119.812937695417, 36.7376480351564]]]}, "properties": {"GEOID": "060190002002001", "P0010001": 71, "ALAND": 15142, "AWATER": 0}}, {"type": "Feature", "geometry": {"type": "Polygon", "coordinates": [[[-119.811481695224, 36.7379670362606], [-119.811191694796, 36.7379670362606], [-119.810320694585, 36.7379680361898], [-119.81003169488, 36.7379690361189], [-119.810024695207, 36.7377620361094], [-119.810006694766, 36.7371440361511], [-119.810000694918, 36.7369380360192], [-119.810293694821, 36.736936036134], [-119.811173695253, 36.7369310349811], [-119.811467694981, 36.7369300350384], [-119.811469694631, 36.7371370351317], [-119.811478694851, 36.7377590363139], [-119.811481695224, 36.7379670362606]]]}, "properties": {"GEOID": "060190002002002", "P0010001": 95, "ALAND": 14949, "AWATER": 0}}, {"type": "Feature", "geometry": {"type": "Polygon", "coordinates": [[[-119.811467694981, 36.7369300350384], [-119.811173695253, 36.7369310349811], [-119.810293694821, 36.736936036134], [-119.810000694918, 36.7369380360192], [-119.809997695443, 36.7367280362733], [-119.809991694697, 36.736099034982], [-119.809989695047, 36.7358900350568], [-119.810279694577, 36.7358880351444], [-119.811151694613, 36.7358860352318], [-119.811442694866, 36.7358860352318], [-119.811447694889, 36.7360940352143], [-119.811462694958, 36.736721035216], [-119.811467694981, 36.7369300350384]]]}, "properties": {"GEOID": "060190002002003", "P0010001": 61, "ALAND": 15148, "AWATER": 0}}, {"type": "Feature", "geometry": {"type": "Polygon", "coordinates": [[[-119.810000694918, 36.7369380360192], [-119.809711695213, 36.7369400359043], [-119.808845695024, 36.7369460362792], [-119.808557694246, 36.7369490361066], [-119.808544693827, 36.7360570362035], [-119.808538693979, 36.7359050358386], [-119.809989695047, 36.7358900350568], [-119.809991694697, 36.736099034982], [-119.809997695443, 36.7367280362733], [-119.810000694918, 36.7369380360192]]]}, "properties": {"GEOID": "060190002002004", "P0010001": 60, "ALAND": 14978, "AWATER": 0}}, {"type": "Feature", "geometry": {"type": "Polygon", "coordinates": [[[-119.80999269542, 36.7355110348744], [-119.809989695047, 36.7358900350568], [-119.808538693979, 36.7359050358386], [-119.808530693583, 36.7357220357482], [-119.808564693919, 36.7349540350497], [-119.810005694941, 36.7349100349869], [-119.80999269542, 36.7355110348744]]]}, "properties": {"GEOID": "060190002002005", "P0010001": 47, "ALAND": 13878, "AWATER": 0}}, {"type": "Feature", "geometry": {"type": "Polygon", "coordinates": [[[-119.811460695308, 36.7350990346525], [-119.811447694889, 36.7354230346423], [-119.811444695415, 36.7356890349538], [-119.811442694866, 36.7358860352318], [-119.811151694613, 36.7358860352318], [-119.810279694577, 36.7358880351444], [-119.809989695047, 36.7358900350568], [-119.80999269542, 36.7355110348744], [-119.810005694941, 36.7349100349869], [-119.811468694806, 36.7349030352037], [-119.811460695308, 36.7350990346525]]]}, "properties": {"GEOID": "060190002002006", "P0010001": 67, "ALAND": 14151, "AWATER": 0}}, {"type": "Feature", "geometry": {"type": "Polygon", "coordinates": [[[-119.812916694602, 36.7351050351713], [-119.812904694906, 36.7356830352005], [-119.812900694708, 36.7358760349485], [-119.81260869463, 36.7358780348613], [-119.811733695119, 36.735883034643], [-119.811442694866, 36.7358860352318], [-119.811444695415, 36.7356890349538], [-119.811447694889, 36.7354230346423], [-119.811460695308, 36.7350990346525], [-119.811468694806, 36.7349030352037], [-119.811758695234, 36.7349050351418], [-119.81263069527, 36.7349110349559], [-119.812921694625, 36.7349130348938], [-119.812916694602, 36.7351050351713]]]}, "properties": {"GEOID": "060190002002007", "P0010001": 48, "ALAND": 14063, "AWATER": 0}}, {"type": "Feature", "geometry": {"type": "Polygon", "coordinates": [[[-119.812921694625, 36.7368980347064], [-119.81263069527, 36.7369040350846], [-119.811757695409, 36.7369230347194], [-119.811467694981, 36.7369300350384], [-119.811462694958, 36.736721035216], [-119.811447694889, 36.7360940352143], [-119.811442694866, 36.7358860352318], [-119.811733695119, 36.735883034643], [-119.81260869463, 36.7358780348613], [-119.812900694708, 36.7358760349485], [-119.812904694906, 36.7360800351432], [-119.812916694602, 36.7366930352999], [-119.812921694625, 36.7368980347064]]]}, "properties": {"GEOID": "060190002002008", "P0010001": 30, "ALAND": 14909, "AWATER": 0}}, {"type": "Feature", "geometry": {"type": "Polygon", "coordinates": [[[-119.812937695417, 36.7339080350438], [-119.812936694693, 36.7340330348569], [-119.812936694693, 36.7340750347426], [-119.812932695394, 36.7342420347981], [-119.812924694998, 36.734745034887], [-119.812921694625, 36.7349130348938], [-119.81263069527, 36.7349110349559], [-119.811758695234, 36.7349050351418], [-119.811468694806, 36.7349030352037], [-119.811478694851, 36.7346960348457], [-119.811507695164, 36.7340770347023], [-119.811518695034, 36.7338710349795], [-119.811801694892, 36.733870034997], [-119.812654694661, 36.7338670350493], [-119.812938695242, 36.7338670350493], [-119.812937695417, 36.7339080350438]]]}, "properties": {"GEOID": "060190002002009", "P0010001": 68, "ALAND": 14808, "AWATER": 0}}, {"type": "Feature", "geometry": {"type": "Polygon", "coordinates": [[[-119.811507695164, 36.7340770347023], [-119.811478694851, 36.7346960348457], [-119.811468694806, 36.7349030352037], [-119.810005694941, 36.7349100349869], [-119.810042693852, 36.7338790348392], [-119.810337694303, 36.7338770348744], [-119.811222694758, 36.733872034962], [-119.811518695034, 36.7338710349795], [-119.811507695164, 36.7340770347023]]]}, "properties": {"GEOID": "060190002002010", "P0010001": 96, "ALAND": 15023, "AWATER": 0}}, {"type": "Feature", "geometry": {"type": "Polygon", "coordinates": [[[-119.810005694941, 36.7349100349869], [-119.808564693919, 36.7349540350497], [-119.808585693835, 36.7348530352935], [-119.808588694208, 36.7348390349961], [-119.808585693835, 36.7346090350921], [-119.808588694208, 36.7338840347512], [-119.810042693852, 36.7338790348392], [-119.810005694941, 36.7349100349869]]]}, "properties": {"GEOID": "060190002002011", "P0010001": 78, "ALAND": 14966, "AWATER": 0}}, {"type": "Feature", "geometry": {"type": "Polygon", "coordinates": [[[-119.810051694073, 36.7330500348601], [-119.8100446944, 36.73367203532], [-119.810042693852, 36.7338790348392], [-119.808588694208, 36.7338840347512], [-119.808604694102, 36.7328620351854], [-119.808893693807, 36.7328580352027], [-119.809764694018, 36.732847035249], [-119.810054694446, 36.7328440352613], [-119.810051694073, 36.7330500348601]]]}, "properties": {"GEOID": "060190002002012", "P0010001": 72, "ALAND": 14803, "AWATER": 0}}, {"type": "Feature", "geometry": {"type": "Polygon", "coordinates": [[[-119.808605693927, 36.7320240349654], [-119.808604694102, 36.7326520350888], [-119.808604694102, 36.7328620351854], [-119.808588694208, 36.7338840347512], [-119.808585693835, 36.7346090350921], [-119.807699693555, 36.7337840350109], [-119.80661869418, 36.7328180346436], [-119.80556669332, 36.7318390349653], [-119.805753693816, 36.7318360349383], [-119.806034694024, 36.731831034893], [-119.806878693573, 36.7318190347829], [-119.807160693605, 36.7318150347458], [-119.807449694208, 36.7318130347272], [-119.808316694222, 36.7318110347085], [-119.808456693964, 36.7318110347085], [-119.808606693751, 36.7318150347458], [-119.808605693927, 36.7320240349654]]]}, "properties": {"GEOID": "060190002002013", "P0010001": 0, "ALAND": 42373, "AWATER": 0}}, {"type": "Feature", "geometry": {"type": "Polygon", "coordinates": [[[-119.808636693889, 36.7310050351784], [-119.808613694322, 36.7316120347491], [-119.808606693751, 36.7318150347458], [-119.808456693964, 36.7318110347085], [-119.808316694222, 36.7318110347085], [-119.807449694208, 36.7318130347272], [-119.807160693605, 36.7318150347458], [-119.807161694328, 36.7316130347611], [-119.807165693628, 36.7310090352577], [-119.807167694176, 36.7308080353348], [-119.807462693729, 36.7308080353348], [-119.808348694009, 36.7308080353348], [-119.808509693667, 36.7308090353572], [-119.808644694285, 36.7308030352225], [-119.808636693889, 36.7310050351784]]]}, "properties": {"GEOID": "060190002002014", "P0010001": 41, "ALAND": 14552, "AWATER": 0}}, {"type": "Feature", "geometry": {"type": "Polygon", "coordinates": [[[-119.810085694408, 36.731000035079], [-119.810080694385, 36.7316090347132], [-119.810079693662, 36.7318130347272], [-119.809784694109, 36.7318130347272], [-119.808900694378, 36.7318140347365], [-119.808606693751, 36.7318150347458], [-119.808613694322, 36.7316120347491], [-119.808636693889, 36.7310050351784], [-119.808644694285, 36.7308030352225], [-119.808932694165, 36.7308010351776], [-119.809798694353, 36.73079803511], [-119.810087694058, 36.73079803511], [-119.810085694408, 36.731000035079]]]}, "properties": {"GEOID": "060190002002015", "P0010001": 78, "ALAND": 14652, "AWATER": 0}}, {"type": "Feature", "geometry": {"type": "Polygon", "coordinates": [[[-119.810073693814, 36.7320190349323], [-119.810059693571, 36.7326370351113], [-119.810054694446, 36.7328440352613], [-119.809764694018, 36.732847035249], [-119.808893693807, 36.7328580352027], [-119.808604694102, 36.7328620351854], [-119.808604694102, 36.7326520350888], [-119.808605693927, 36.7320240349654], [-119.808606693751, 36.7318150347458], [-119.808900694378, 36.7318140347365], [-119.809784694109, 36.7318130347272], [-119.810079693662, 36.7318130347272], [-119.810073693814, 36.7320190349323]]]}, "properties": {"GEOID": "060190002002016", "P0010001": 66, "ALAND": 15051, "AWATER": 0}}, {"type": "Feature", "geometry": {"type": "Polygon", "coordinates": [[[-119.811535693854, 36.7320120348855], [-119.811516695385, 36.7326240351285], [-119.811510694638, 36.7328290353214], [-119.811218693662, 36.7328310353136], [-119.810345693801, 36.7328400352776], [-119.810054694446, 36.7328440352613], [-119.810059693571, 36.7326370351113], [-119.810073693814, 36.7320190349323], [-119.810079693662, 36.7318130347272], [-119.81037169374, 36.7318110347085], [-119.811249693624, 36.7318090346897], [-119.811542694425, 36.7318080346804], [-119.811535693854, 36.7320120348855]]]}, "properties": {"GEOID": "060190002002017", "P0010001": 72, "ALAND": 14835, "AWATER": 0}}, {"type": "Feature", "geometry": {"type": "Polygon", "coordinates": [[[-119.811518695034, 36.7338710349795], [-119.811222694758, 36.733872034962], [-119.810337694303, 36.7338770348744], [-119.810042693852, 36.7338790348392], [-119.8100446944, 36.73367203532], [-119.810051694073, 36.7330500348601], [-119.810054694446, 36.7328440352613], [-119.810345693801, 36.7328400352776], [-119.811218693662, 36.7328310353136], [-119.811510694638, 36.7328290353214], [-119.811511695362, 36.7330370349472], [-119.811516695385, 36.7336620347483], [-119.811518695034, 36.7338710349795]]]}, "properties": {"GEOID": "060190002002018", "P0010001": 68, "ALAND": 15096, "AWATER": 0}}, {"type": "Feature", "geometry": {"type": "Polygon", "coordinates": [[[-119.812969695204, 36.7329030349967], [-119.812963695356, 36.7331160351039], [-119.812961694808, 36.7331870352482], [-119.812956694785, 36.7333220346927], [-119.81294269544, 36.733731035139], [-119.812938695242, 36.7338670350493], [-119.812654694661, 36.7338670350493], [-119.811801694892, 36.733870034997], [-119.811518695034, 36.7338710349795], [-119.811516695385, 36.7336620347483], [-119.811511695362, 36.7330370349472], [-119.811510694638, 36.7328290353214], [-119.811802694716, 36.7328290353214], [-119.812678694951, 36.7328310353136], [-119.812971694854, 36.7328320353096], [-119.812969695204, 36.7329030349967]]]}, "properties": {"GEOID": "060190002002019", "P0010001": 82, "ALAND": 14836, "AWATER": 0}}, {"type": "Feature", "geometry": {"type": "Polygon", "coordinates": [[[-119.812984695272, 36.7322970348362], [-119.812981694899, 36.7324030350835], [-119.812973695402, 36.7327250349372], [-119.812971694854, 36.7328320353096], [-119.812678694951, 36.7328310353136], [-119.811802694716, 36.7328290353214], [-119.811510694638, 36.7328290353214], [-119.811516695385, 36.7326240351285], [-119.811535693854, 36.7320120348855], [-119.811542694425, 36.7318080346804], [-119.811829693582, 36.7318050346521], [-119.812694694844, 36.7317960352867], [-119.812982694724, 36.7317940352675], [-119.812982694724, 36.73189403472], [-119.812983695447, 36.7321960351843], [-119.812984695272, 36.7322970348362]]]}, "properties": {"GEOID": "060190002002020", "P0010001": 53, "ALAND": 14839, "AWATER": 0}}, {"type": "Feature", "geometry": {"type": "Polygon", "coordinates": [[[-119.813008694664, 36.730975035297], [-119.812988694572, 36.7315890351909], [-119.812982694724, 36.7317940352675], [-119.812694694844, 36.7317960352867], [-119.811829693582, 36.7318050346521], [-119.811542694425, 36.7318080346804], [-119.811546693725, 36.7316010353369], [-119.811559694144, 36.7309790346579], [-119.811564694167, 36.7307730352622], [-119.811854693697, 36.7307720352393], [-119.812725694806, 36.7307710352164], [-119.813016695059, 36.7307710352164], [-119.813008694664, 36.730975035297]]]}, "properties": {"GEOID": "060190002002021", "P0010001": 57, "ALAND": 14743, "AWATER": 0}}, {"type": "Feature", "geometry": {"type": "Polygon", "coordinates": [[[-119.811559694144, 36.7309790346579], [-119.811546693725, 36.7316010353369], [-119.811542694425, 36.7318080346804], [-119.811249693624, 36.7318090346897], [-119.81037169374, 36.7318110347085], [-119.810079693662, 36.7318130347272], [-119.810080694385, 36.7316090347132], [-119.810085694408, 36.731000035079], [-119.810087694058, 36.73079803511], [-119.810382693611, 36.7307920349745], [-119.811268693891, 36.7307780346564], [-119.811564694167, 36.7307730352622], [-119.811559694144, 36.7309790346579]]]}, "properties": {"GEOID": "060190002002022", "P0010001": 51, "ALAND": 14933, "AWATER": 0}}, {"type": "Feature", "geometry": {"type": "Polygon", "coordinates": [[[-119.811564694167, 36.7299530351669], [-119.811564694167, 36.7305680353394], [-119.811564694167, 36.7307730352622], [-119.811268693891, 36.7307780346564], [-119.810382693611, 36.7307920349745], [-119.810087694058, 36.73079803511], [-119.810089693708, 36.7305890351529], [-119.810097694104, 36.7299640348152], [-119.810100693579, 36.7297560347841], [-119.810392693657, 36.7297540347118], [-119.811271694264, 36.7297490352509], [-119.811564694167, 36.7297480352147], [-119.811564694167, 36.7299530351669]]]}, "properties": {"GEOID": "060190002002023", "P0010001": 60, "ALAND": 15068, "AWATER": 0}}, {"type": "Feature", "geometry": {"type": "Polygon", "coordinates": [[[-119.810097694104, 36.7299640348152], [-119.810089693708, 36.7305890351529], [-119.810087694058, 36.73079803511], [-119.809798694353, 36.73079803511], [-119.808932694165, 36.7308010351776], [-119.808644694285, 36.7308030352225], [-119.808646693934, 36.7305940352791], [-119.80865469433, 36.7299670349154], [-119.80865869363, 36.7297590348924], [-119.808946694408, 36.7297580348563], [-119.809811693874, 36.7297560347841], [-119.810100693579, 36.7297560347841], [-119.810097694104, 36.7299640348152]]]}, "properties": {"GEOID": "060190002002024", "P0010001": 77, "ALAND": 14912, "AWATER": 0}}, {"type": "Feature", "geometry": {"type": "Polygon", "coordinates": [[[-119.80865469433, 36.7299670349154], [-119.808646693934, 36.7305940352791], [-119.808644694285, 36.7308030352225], [-119.808509693667, 36.7308090353572], [-119.808348694009, 36.7308080353348], [-119.807462693729, 36.7308080353348], [-119.807167694176, 36.7308080353348], [-119.807174693849, 36.7305980346599], [-119.807197694313, 36.7299690349821], [-119.807205693811, 36.7297600349285], [-119.807495694239, 36.7297580348563], [-119.808367694275, 36.729755034748], [-119.808482693903, 36.729755034748], [-119.80865869363, 36.7297590348924], [-119.80865469433, 36.7299670349154]]]}, "properties": {"GEOID": "060190002002025", "P0010001": 0, "ALAND": 15257, "AWATER": 0}}, {"type": "Feature", "geometry": {"type": "Polygon", "coordinates": [[[-119.807197694313, 36.7299690349821], [-119.807174693849, 36.7305980346599], [-119.807167694176, 36.7308080353348], [-119.805730693352, 36.7307970350874], [-119.805754692743, 36.7297730346762], [-119.807205693811, 36.7297600349285], [-119.807197694313, 36.7299690349821]]]}, "properties": {"GEOID": "060190002002026", "P0010001": 53, "ALAND": 14825, "AWATER": 0}}, {"type": "Feature", "geometry": {"type": "Polygon", "coordinates": [[[-119.807165693628, 36.7310090352577], [-119.807161694328, 36.7316130347611], [-119.807160693605, 36.7318150347458], [-119.806878693573, 36.7318190347829], [-119.806034694024, 36.731831034893], [-119.805753693816, 36.7318360349383], [-119.80556669332, 36.7318390349653], [-119.804437693366, 36.7308160347938], [-119.805730693352, 36.7307970350874], [-119.807167694176, 36.7308080353348], [-119.807165693628, 36.7310090352577]]]}, "properties": {"GEOID": "060190002002027", "P0010001": 95, "ALAND": 22036, "AWATER": 0}}, {"type": "Feature", "geometry": {"type": "Polygon", "coordinates": [[[-119.805730693352, 36.7307970350874], [-119.804437693366, 36.7308160347938], [-119.804512692811, 36.7306600347544], [-119.804302692749, 36.7306890347349], [-119.804300693099, 36.7297910353203], [-119.805754692743, 36.7297730346762], [-119.805730693352, 36.7307970350874]]]}, "properties": {"GEOID": "060190002002028", "P0010001": 44, "ALAND": 14407, "AWATER": 0}}, {"type": "Feature", "geometry": {"type": "Polygon", "coordinates": [[[-119.804437693366, 36.7308160347938], [-119.803414692819, 36.7315630348681], [-119.802350693162, 36.7305720347215], [-119.803366693138, 36.729847035137], [-119.804302692749, 36.7306890347349], [-119.804512692811, 36.7306600347544], [-119.804437693366, 36.7308160347938]]]}, "properties": {"GEOID": "060190002002029", "P0010001": 57, "ALAND": 17869, "AWATER": 0}}, {"type": "Feature", "geometry": {"type": "Polygon", "coordinates": [[[-119.802419692759, 36.7322710361931], [-119.802285692865, 36.7323670357359], [-119.801886692657, 36.7326570358006], [-119.801753692587, 36.7327540362976], [-119.801695692861, 36.7327920361769], [-119.801520692959, 36.732907035697], [-119.801463693057, 36.7329460362151], [-119.801400693308, 36.7328980357408], [-119.800978692635, 36.7325060359035], [-119.799716691714, 36.7313290358868], [-119.799295691764, 36.7309380359791], [-119.799526691743, 36.7307640357758], [-119.799662692185, 36.7306650363158], [-119.800071692439, 36.7303720358426], [-119.800208691808, 36.7302740359066], [-119.80040969165, 36.7301300358618], [-119.801015693344, 36.729700034901], [-119.801218692835, 36.7295570352584], [-119.801444692791, 36.7297600349285], [-119.802123693381, 36.7303690350383], [-119.802350693162, 36.7305720347215], [-119.803414692819, 36.7315630348681], [-119.802419692759, 36.7322710361931]]]}, "properties": {"GEOID": "060190002002030", "P0010001": 0, "ALAND": 68942, "AWATER": 0}}, {"type": "Feature", "geometry": {"type": "Polygon", "coordinates": [[[-119.802350693162, 36.7305720347215], [-119.802123693381, 36.7303690350383], [-119.801444692791, 36.7297600349285], [-119.801218692835, 36.7295570352584], [-119.80142269305, 36.7294100351872], [-119.80203569262, 36.7289730349102], [-119.802240692659, 36.7288280352573], [-119.803366693138, 36.729847035137], [-119.802350693162, 36.7305720347215]]]}, "properties": {"GEOID": "060190002002031", "P0010001": 26, "ALAND": 18424, "AWATER": 0}}, {"type": "Feature", "geometry": {"type": "Polygon", "coordinates": [[[-119.805015692776, 36.7286660351971], [-119.804794692843, 36.7288160346778], [-119.804308692597, 36.7291510350283], [-119.804133692694, 36.7292800348358], [-119.803610692638, 36.7296690351924], [-119.80343669256, 36.7298000349207], [-119.803366693138, 36.729847035137], [-119.802240692659, 36.7288280352573], [-119.802270692796, 36.728807034962], [-119.802361693033, 36.7287460348606], [-119.802392692995, 36.7287260353125], [-119.802696692769, 36.7287050349895], [-119.802722692708, 36.7287040349397], [-119.803609692813, 36.7286740348792], [-119.80391469331, 36.7286640350964], [-119.804979692791, 36.7286660351971], [-119.805015692776, 36.7286660351971]]]}, "properties": {"GEOID": "060190002002032", "P0010001": 78, "ALAND": 16454, "AWATER": 0}}, {"type": "Feature", "geometry": {"type": "Polygon", "coordinates": [[[-119.804300693099, 36.7297910353203], [-119.80343669256, 36.7298000349207], [-119.803610692638, 36.7296690351924], [-119.804133692694, 36.7292800348358], [-119.804308692597, 36.7291510350283], [-119.804300693099, 36.7297910353203]]]}, "properties": {"GEOID": "060190002002033", "P0010001": 21, "ALAND": 2750, "AWATER": 0}}, {"type": "Feature", "geometry": {"type": "Polygon", "coordinates": [[[-119.804302692749, 36.7306890347349], [-119.803366693138, 36.729847035137], [-119.80343669256, 36.7298000349207], [-119.804300693099, 36.7297910353203], [-119.804302692749, 36.7306890347349]]]}, "properties": {"GEOID": "060190002002034", "P0010001": 29, "ALAND": 4356, "AWATER": 0}}, {"type": "Feature", "geometry": {"type": "Polygon", "coordinates": [[[-119.81158069406, 36.7287530352052], [-119.81157869441, 36.7288470347308], [-119.811567693642, 36.7295220353355], [-119.811564694167, 36.7297480352147], [-119.811271694264, 36.7297490352509], [-119.810392693657, 36.7297540347118], [-119.810100693579, 36.7297560347841], [-119.810104693777, 36.7295320350065], [-119.81011669437, 36.7288600353531], [-119.81011869402, 36.7287690352705], [-119.81012069367, 36.7286360351218], [-119.810412693748, 36.7286320349188], [-119.811289693807, 36.7286240352323], [-119.81158269371, 36.7286220351306], [-119.81158069406, 36.7287530352052]]]}, "properties": {"GEOID": "060190002002035", "P0010001": 33, "ALAND": 16285, "AWATER": 0}}, {"type": "Feature", "geometry": {"type": "Polygon", "coordinates": [[[-119.813040693552, 36.728738035186], [-119.813040693552, 36.7288490348267], [-119.813040693552, 36.7295230346547], [-119.813040693552, 36.7297480352147], [-119.812744694175, 36.7297480352147], [-119.81185969372, 36.7297480352147], [-119.811564694167, 36.7297480352147], [-119.811567693642, 36.7295220353355], [-119.81157869441, 36.7288470347308], [-119.81158069406, 36.7287530352052], [-119.81158269371, 36.7286220351306], [-119.811873693963, 36.7286220351306], [-119.812749694197, 36.7286240352323], [-119.813041694275, 36.7286250352832], [-119.813040693552, 36.728738035186]]]}, "properties": {"GEOID": "060190002002036", "P0010001": 27, "ALAND": 16363, "AWATER": 0}}, {"type": "Feature", "geometry": {"type": "Polygon", "coordinates": [[[-119.813034693704, 36.7299520351333], [-119.813020695257, 36.7305660352883], [-119.813016695059, 36.7307710352164], [-119.812725694806, 36.7307710352164], [-119.811854693697, 36.7307720352393], [-119.811564694167, 36.7307730352622], [-119.811564694167, 36.7305680353394], [-119.811564694167, 36.7299530351669], [-119.811564694167, 36.7297480352147], [-119.81185969372, 36.7297480352147], [-119.812744694175, 36.7297480352147], [-119.813040693552, 36.7297480352147], [-119.813034693704, 36.7299520351333]]]}, "properties": {"GEOID": "060190002002037", "P0010001": 48, "ALAND": 14846, "AWATER": 0}}, {"type": "Feature", "geometry": {"type": "Polygon", "coordinates": [[[-119.807245693095, 36.7288020347195], [-119.807205693811, 36.7297600349285], [-119.805754692743, 36.7297730346762], [-119.805769692812, 36.7288200348712], [-119.80577169336, 36.7286620349957], [-119.805789692903, 36.7286620349957], [-119.807251692943, 36.7286500351103], [-119.807245693095, 36.7288020347195]]]}, "properties": {"GEOID": "060190002002038", "P0010001": 45, "ALAND": 16127, "AWATER": 0}}, {"type": "Feature", "geometry": {"type": "Polygon", "coordinates": [[[-119.805769692812, 36.7288200348712], [-119.805754692743, 36.7297730346762], [-119.804300693099, 36.7297910353203], [-119.804308692597, 36.7291510350283], [-119.804794692843, 36.7288160346778], [-119.805015692776, 36.7286660351971], [-119.805277692717, 36.7286640350964], [-119.80577169336, 36.7286620349957], [-119.805769692812, 36.7288200348712]]]}, "properties": {"GEOID": "060190002002039", "P0010001": 65, "ALAND": 14440, "AWATER": 0}}, {"type": "Feature", "geometry": {"type": "Polygon", "coordinates": [[[-119.808689693592, 36.7287840352836], [-119.808686694117, 36.7288740353009], [-119.808665694201, 36.7295370352015], [-119.80865869363, 36.7297590348924], [-119.808482693903, 36.729755034748], [-119.808367694275, 36.729755034748], [-119.807495694239, 36.7297580348563], [-119.807205693811, 36.7297600349285], [-119.807245693095, 36.7288020347195], [-119.807251692943, 36.7286500351103], [-119.80851069439, 36.7286580347941], [-119.808694693615, 36.7286530352618], [-119.808689693592, 36.7287840352836]]]}, "properties": {"GEOID": "060190002002040", "P0010001": 10, "ALAND": 15823, "AWATER": 0}}, {"type": "Feature", "geometry": {"type": "Polygon", "coordinates": [[[-119.81011869402, 36.7287690352705], [-119.81011669437, 36.7288600353531], [-119.810104693777, 36.7295320350065], [-119.810100693579, 36.7297560347841], [-119.809811693874, 36.7297560347841], [-119.808946694408, 36.7297580348563], [-119.80865869363, 36.7297590348924], [-119.808665694201, 36.7295370352015], [-119.808686694117, 36.7288740353009], [-119.808689693592, 36.7287840352836], [-119.808694693615, 36.7286530352618], [-119.80897969402, 36.7286490350598], [-119.809834694338, 36.7286390352738], [-119.81012069367, 36.7286360351218], [-119.81011869402, 36.7287690352705]]]}, "properties": {"GEOID": "060190002002041", "P0010001": 30, "ALAND": 15824, "AWATER": 0}}, {"type": "Feature", "geometry": {"type": "Polygon", "coordinates": [[[-119.805789692903, 36.7286620349957], [-119.80577169336, 36.7286620349957], [-119.805277692717, 36.7286640350964], [-119.805015692776, 36.7286660351971], [-119.805068693378, 36.7286250352832], [-119.80513669315, 36.7285730347814], [-119.805405692764, 36.7283680347449], [-119.805788693078, 36.7280930351885], [-119.805788693078, 36.7284810350259], [-119.805789692903, 36.7286620349957]]]}, "properties": {"GEOID": "060190003001000", "P0010001": 0, "ALAND": 2214, "AWATER": 0}}, {"type": "Feature", "geometry": {"type": "Polygon", "coordinates": [[[-119.807253692593, 36.7284850352367], [-119.807251692943, 36.7286500351103], [-119.805789692903, 36.7286620349957], [-119.805788693078, 36.7284810350259], [-119.805788693078, 36.7280930351885], [-119.80642169274, 36.7276300351217], [-119.806458693448, 36.7276040348983], [-119.806572693251, 36.7275290350908], [-119.806610692886, 36.7275040348987], [-119.806741693305, 36.7275000353567], [-119.807134692767, 36.7274920348324], [-119.807266693012, 36.7274900347011], [-119.807253692593, 36.7284850352367]]]}, "properties": {"GEOID": "060190003001001", "P0010001": 31, "ALAND": 14481, "AWATER": 0}}, {"type": "Feature", "geometry": {"type": "Polygon", "coordinates": [[[-119.808729693775, 36.7277340352072], [-119.808703693836, 36.7284230348259], [-119.808700694361, 36.7284890347273], [-119.808694693615, 36.7286530352618], [-119.80851069439, 36.7286580347941], [-119.807251692943, 36.7286500351103], [-119.807253692593, 36.7284850352367], [-119.807266693012, 36.7274900347011], [-119.80756069274, 36.7274940349635], [-119.80844469337, 36.7275080351604], [-119.808570693766, 36.7275100352911], [-119.808739693821, 36.7275050349641], [-119.808729693775, 36.7277340352072]]]}, "properties": {"GEOID": "060190003001002", "P0010001": 39, "ALAND": 16670, "AWATER": 0}}, {"type": "Feature", "geometry": {"type": "Polygon", "coordinates": [[[-119.810169694074, 36.7276240347386], [-119.810164694051, 36.727724035302], [-119.810131694439, 36.7284080347423], [-119.810128694066, 36.7284770348149], [-119.81012069367, 36.7286360351218], [-119.809834694338, 36.7286390352738], [-119.80897969402, 36.7286490350598], [-119.808694693615, 36.7286530352618], [-119.808700694361, 36.7284890347273], [-119.808703693836, 36.7284230348259], [-119.808729693775, 36.7277340352072], [-119.808739693821, 36.7275050349641], [-119.809029694249, 36.7275030348332], [-119.809901694285, 36.7274990352913], [-119.81019269364, 36.7274980352257], [-119.810169694074, 36.7276240347386]]]}, "properties": {"GEOID": "060190003001003", "P0010001": 54, "ALAND": 16224, "AWATER": 0}}, {"type": "Feature", "geometry": {"type": "Polygon", "coordinates": [[[-119.811613693672, 36.7277170348636], [-119.811590694106, 36.7283950347634], [-119.811588693558, 36.7284650349007], [-119.81158269371, 36.7286220351306], [-119.811289693807, 36.7286240352323], [-119.810412693748, 36.7286320349188], [-119.81012069367, 36.7286360351218], [-119.810128694066, 36.7284770348149], [-119.810131694439, 36.7284080347423], [-119.810164694051, 36.727724035302], [-119.810169694074, 36.7276240347386], [-119.81019269364, 36.7274980352257], [-119.810477694045, 36.7274960350946], [-119.811336693663, 36.7274920348324], [-119.811622693893, 36.7274910347667], [-119.811613693672, 36.7277170348636]]]}, "properties": {"GEOID": "060190003001004", "P0010001": 41, "ALAND": 16332, "AWATER": 0}}, {"type": "Feature", "geometry": {"type": "Polygon", "coordinates": [[[-119.813091693606, 36.7277140339555], [-119.813053693971, 36.7283970348711], [-119.813050693598, 36.7284530349845], [-119.813041694275, 36.7286250352832], [-119.812749694197, 36.7286240352323], [-119.811873693963, 36.7286220351306], [-119.81158269371, 36.7286220351306], [-119.811588693558, 36.7284650349007], [-119.811590694106, 36.7283950347634], [-119.811613693672, 36.7277170348636], [-119.811622693893, 36.7274910347667], [-119.811918694169, 36.7274890339155], [-119.812808693749, 36.7274870337842], [-119.81310569385, 36.7274870337842], [-119.813091693606, 36.7277140339555]]]}, "properties": {"GEOID": "060190003001005", "P0010001": 62, "ALAND": 16543, "AWATER": 0}}, {"type": "Feature", "geometry": {"type": "Polygon", "coordinates": [[[-119.81314069401, 36.7266460337111], [-119.813113694245, 36.7272770341065], [-119.81310569385, 36.7274870337842], [-119.812808693749, 36.7274870337842], [-119.811918694169, 36.7274890339155], [-119.811622693893, 36.7274910347667], [-119.811630694289, 36.72728103366], [-119.811657694053, 36.7266540343237], [-119.811667694099, 36.7264450338873], [-119.811963694375, 36.7264430337288], [-119.81285269413, 36.7264380340523], [-119.81314969423, 36.7264370339729], [-119.81314069401, 36.7266460337111]]]}, "properties": {"GEOID": "060190003001006", "P0010001": 58, "ALAND": 15397, "AWATER": 0}}, {"type": "Feature", "geometry": {"type": "Polygon", "coordinates": [[[-119.811657694053, 36.7266540343237], [-119.811630694289, 36.72728103366], [-119.811622693893, 36.7274910347667], [-119.811336693663, 36.7274920348324], [-119.810477694045, 36.7274960350946], [-119.81019269364, 36.7274980352257], [-119.810196693838, 36.7272860347216], [-119.810209694257, 36.7266530349671], [-119.81021469428, 36.7264420350895], [-119.81050469381, 36.7264420336495], [-119.811376693846, 36.7264440338081], [-119.811667694099, 36.7264450338873], [-119.811657694053, 36.7266540343237]]]}, "properties": {"GEOID": "060190003001007", "P0010001": 40, "ALAND": 15014, "AWATER": 0}}, {"type": "Feature", "geometry": {"type": "Polygon", "coordinates": [[[-119.810209694257, 36.7266530349671], [-119.810196693838, 36.7272860347216], [-119.81019269364, 36.7274980352257], [-119.809901694285, 36.7274990352913], [-119.809029694249, 36.7275030348332], [-119.808739693821, 36.7275050349641], [-119.808748694042, 36.7272940352674], [-119.808776692732, 36.7266630350118], [-119.808786692778, 36.7264530352408], [-119.809071693184, 36.7264500350033], [-119.809928694049, 36.726444035248], [-119.81021469428, 36.7264420350895], [-119.810209694257, 36.7266530349671]]]}, "properties": {"GEOID": "060190003001008", "P0010001": 28, "ALAND": 15048, "AWATER": 0}}, {"type": "Feature", "geometry": {"type": "Polygon", "coordinates": [[[-119.808776692732, 36.7266630350118], [-119.808748694042, 36.7272940352674], [-119.808739693821, 36.7275050349641], [-119.808570693766, 36.7275100352911], [-119.80844469337, 36.7275080351604], [-119.80756069274, 36.7274940349635], [-119.807266693012, 36.7274900347011], [-119.807268692662, 36.7274020353552], [-119.807275693233, 36.7271380352725], [-119.807278692707, 36.7270510348746], [-119.807308692845, 36.7270250351752], [-119.807401692731, 36.7269510348748], [-119.807432692693, 36.7269260352145], [-119.807568693136, 36.7268310347032], [-119.807978693214, 36.7265480347798], [-119.808115692583, 36.7264540353199], [-119.808249693376, 36.7264560347581], [-119.808580692914, 36.7264620352324], [-119.808651693059, 36.7264580349163], [-119.808786692778, 36.7264530352408], [-119.808776692732, 36.7266630350118]]]}, "properties": {"GEOID": "060190003001009", "P0010001": 36, "ALAND": 12996, "AWATER": 0}}, {"type": "Feature", "geometry": {"type": "Polygon", "coordinates": [[[-119.807275693233, 36.7271380352725], [-119.807268692662, 36.7274020353552], [-119.807266693012, 36.7274900347011], [-119.807134692767, 36.7274920348324], [-119.806741693305, 36.7275000353567], [-119.806610692886, 36.7275040348987], [-119.806743692955, 36.727413034649], [-119.807144692813, 36.7271410347631], [-119.807278692707, 36.7270510348746], [-119.807275693233, 36.7271380352725]]]}, "properties": {"GEOID": "060190003001010", "P0010001": 0, "ALAND": 1424, "AWATER": 0}}, {"type": "Feature", "geometry": {"type": "Polygon", "coordinates": [[[-119.81317769382, 36.7256090336536], [-119.813156693903, 36.72623003383], [-119.81314969423, 36.7264370339729], [-119.81285269413, 36.7264380340523], [-119.811963694375, 36.7264430337288], [-119.811667694099, 36.7264450338873], [-119.811674693772, 36.726238033766], [-119.811697694236, 36.7256180337442], [-119.811706693559, 36.7254120336465], [-119.81200169401, 36.7254090340884], [-119.812889693939, 36.7254040343445], [-119.813185694216, 36.7254030342518], [-119.81317769382, 36.7256090336536]]]}, "properties": {"GEOID": "060190003001011", "P0010001": 34, "ALAND": 15175, "AWATER": 0}}, {"type": "Feature", "geometry": {"type": "Polygon", "coordinates": [[[-119.811697694236, 36.7256180337442], [-119.811674693772, 36.726238033766], [-119.811667694099, 36.7264450338873], [-119.811376693846, 36.7264440338081], [-119.81050469381, 36.7264420336495], [-119.81021469428, 36.7264420350895], [-119.810282694052, 36.7254130337392], [-119.811706693559, 36.7254120336465], [-119.811697694236, 36.7256180337442]]]}, "properties": {"GEOID": "060190003001012", "P0010001": 48, "ALAND": 14689, "AWATER": 0}}, {"type": "Feature", "geometry": {"type": "Polygon", "coordinates": [[[-119.81021469428, 36.7264420350895], [-119.809928694049, 36.726444035248], [-119.809071693184, 36.7264500350033], [-119.808786692778, 36.7264530352408], [-119.808783693303, 36.7259740347216], [-119.809491693308, 36.7254700339606], [-119.809563693278, 36.7254250341304], [-119.810282694052, 36.7254130337392], [-119.81021469428, 36.7264420350895]]]}, "properties": {"GEOID": "060190003001013", "P0010001": 36, "ALAND": 12773, "AWATER": 0}}, {"type": "Feature", "geometry": {"type": "Polygon", "coordinates": [[[-119.808786692778, 36.7264530352408], [-119.808651693059, 36.7264580349163], [-119.808580692914, 36.7264620352324], [-119.808249693376, 36.7264560347581], [-119.808115692583, 36.7264540353199], [-119.808187692554, 36.7264010347082], [-119.808406692837, 36.7262420348136], [-119.808479692632, 36.7261900348581], [-119.808583693287, 36.7261200348071], [-119.808783693303, 36.7259740347216], [-119.808786692778, 36.7264530352408]]]}, "properties": {"GEOID": "060190003001014", "P0010001": 0, "ALAND": 1625, "AWATER": 0}}, {"type": "Feature", "geometry": {"type": "Polygon", "coordinates": [[[-119.808406692837, 36.7262420348136], [-119.808187692554, 36.7264010347082], [-119.808115692583, 36.7264540353199], [-119.807978693214, 36.7265480347798], [-119.807568693136, 36.7268310347032], [-119.807432692693, 36.7269260352145], [-119.80721169276, 36.7267240353279], [-119.806551693334, 36.7261190347237], [-119.806331693226, 36.7259180349604], [-119.806537693091, 36.7257700350349], [-119.807157693232, 36.7253280351746], [-119.807364692921, 36.7251810349278], [-119.807587693402, 36.7253820351799], [-119.808256693049, 36.7259880351956], [-119.808479692632, 36.7261900348581], [-119.808406692837, 36.7262420348136]]]}, "properties": {"GEOID": "060190003001015", "P0010001": 86, "ALAND": 18533, "AWATER": 0}}, {"type": "Feature", "geometry": {"type": "Polygon", "coordinates": [[[-119.808783693303, 36.7259740347216], [-119.808583693287, 36.7261200348071], [-119.808479692632, 36.7261900348581], [-119.808256693049, 36.7259880351956], [-119.807587693402, 36.7253820351799], [-119.807364692921, 36.7251810349278], [-119.808377693423, 36.7244690340508], [-119.808586692762, 36.7246390337073], [-119.809491693308, 36.7254700339606], [-119.808783693303, 36.7259740347216]]]}, "properties": {"GEOID": "060190003001016", "P0010001": 47, "ALAND": 18099, "AWATER": 0}}, {"type": "Feature", "geometry": {"type": "Polygon", "coordinates": [[[-119.810503693985, 36.724730033644], [-119.810280694402, 36.7249090343364], [-119.809563693278, 36.7254250341304], [-119.809491693308, 36.7254700339606], [-119.808586692762, 36.7246390337073], [-119.808377693423, 36.7244690340508], [-119.808600693005, 36.7243160336783], [-119.809405693094, 36.7237390338748], [-119.809624693378, 36.7239370339652], [-119.810283692978, 36.7245310340538], [-119.810503693985, 36.724730033644]]]}, "properties": {"GEOID": "060190003001017", "P0010001": 17, "ALAND": 18109, "AWATER": 0}}, {"type": "Feature", "geometry": {"type": "Polygon", "coordinates": [[[-119.810282694052, 36.7254130337392], [-119.809563693278, 36.7254250341304], [-119.810280694402, 36.7249090343364], [-119.810282694052, 36.7254130337392]]]}, "properties": {"GEOID": "060190003001018", "P0010001": 0, "ALAND": 1796, "AWATER": 0}}, {"type": "Feature", "geometry": {"type": "Polygon", "coordinates": [[[-119.811753694313, 36.7245800341021], [-119.811717694328, 36.7252040342454], [-119.811706693559, 36.7254120336465], [-119.810282694052, 36.7254130337392], [-119.810280694402, 36.7249090343364], [-119.810503693985, 36.724730033644], [-119.810608693567, 36.7246590343198], [-119.810926693584, 36.7244480340036], [-119.811032693889, 36.7243780338048], [-119.811178694377, 36.7243760343125], [-119.811619694418, 36.7243740341001], [-119.811766693833, 36.7243730339939], [-119.811753694313, 36.7245800341021]]]}, "properties": {"GEOID": "060190003001019", "P0010001": 48, "ALAND": 13042, "AWATER": 0}}, {"type": "Feature", "geometry": {"type": "Polygon", "coordinates": [[[-119.813224693675, 36.7245740342007], [-119.813195694261, 36.7251950341063], [-119.813185694216, 36.7254030342518], [-119.812889693939, 36.7254040343445], [-119.81200169401, 36.7254090340884], [-119.811706693559, 36.7254120336465], [-119.811717694328, 36.7252040342454], [-119.811753694313, 36.7245800341021], [-119.811766693833, 36.7243730339939], [-119.812059693736, 36.7243710337814], [-119.812941693818, 36.7243680341827], [-119.813235694444, 36.7243670340763], [-119.813224693675, 36.7245740342007]]]}, "properties": {"GEOID": "060190003001020", "P0010001": 26, "ALAND": 15154, "AWATER": 0}}, {"type": "Feature", "geometry": {"type": "Polygon", "coordinates": [[[-119.81329569382, 36.7228770340418], [-119.813279693927, 36.723208033894], [-119.813274693904, 36.7233190343277], [-119.813265693683, 36.7235280339111], [-119.813242694117, 36.724157033787], [-119.813235694444, 36.7243670340763], [-119.812941693818, 36.7243680341827], [-119.812059693736, 36.7243710337814], [-119.811766693833, 36.7243730339939], [-119.811770694031, 36.7242650339664], [-119.811782693727, 36.7239440340281], [-119.81178769375, 36.7238370342306], [-119.811939694086, 36.7237270339402], [-119.812399694393, 36.7234000339202], [-119.812552693656, 36.7232910338443], [-119.812701693619, 36.7231860341004], [-119.81315169388, 36.7228710340074], [-119.813301693668, 36.7227670338165], [-119.81329569382, 36.7228770340418]]]}, "properties": {"GEOID": "060190003001021", "P0010001": 33, "ALAND": 15562, "AWATER": 0}}, {"type": "Feature", "geometry": {"type": "Polygon", "coordinates": [[[-119.811782693727, 36.7239440340281], [-119.811770694031, 36.7242650339664], [-119.811766693833, 36.7243730339939], [-119.811619694418, 36.7243740341001], [-119.811178694377, 36.7243760343125], [-119.811032693889, 36.7243780338048], [-119.811129693974, 36.7243040338338], [-119.811421694052, 36.724086033933], [-119.811519693961, 36.7240130337916], [-119.811572693664, 36.7239770341106], [-119.811733694221, 36.7238720338645], [-119.81178769375, 36.7238370342306], [-119.811782693727, 36.7239440340281]]]}, "properties": {"GEOID": "060190003001022", "P0010001": 0, "ALAND": 2010, "AWATER": 0}}, {"type": "Feature", "geometry": {"type": "Polygon", "coordinates": [[[-119.811421694052, 36.724086033933], [-119.811129693974, 36.7243040338338], [-119.811032693889, 36.7243780338048], [-119.810926693584, 36.7244480340036], [-119.810608693567, 36.7246590343198], [-119.810503693985, 36.724730033644], [-119.810283692978, 36.7245310340538], [-119.809624693378, 36.7239370339652], [-119.809405693094, 36.7237390338748], [-119.809609693309, 36.7235920341866], [-119.810224693427, 36.7231510341538], [-119.810429692568, 36.7230050341843], [-119.810647693026, 36.7232060336512], [-119.811301694401, 36.7238110341631], [-119.811519693961, 36.7240130337916], [-119.811421694052, 36.724086033933]]]}, "properties": {"GEOID": "060190003001023", "P0010001": 31, "ALAND": 18086, "AWATER": 0}}, {"type": "Feature", "geometry": {"type": "Polygon", "coordinates": [[[-119.812399694393, 36.7234000339202], [-119.811939694086, 36.7237270339402], [-119.81178769375, 36.7238370342306], [-119.811733694221, 36.7238720338645], [-119.811572693664, 36.7239770341106], [-119.811519693961, 36.7240130337916], [-119.811301694401, 36.7238110341631], [-119.810647693026, 36.7232060336512], [-119.810429692568, 36.7230050341843], [-119.810633692783, 36.7228570336853], [-119.811245693426, 36.7224160337525], [-119.811450692567, 36.7222690336922], [-119.811670692675, 36.7224730340381], [-119.812331693723, 36.723086034108], [-119.812552693656, 36.7232910338443], [-119.812399694393, 36.7234000339202]]]}, "properties": {"GEOID": "060190003001024", "P0010001": 52, "ALAND": 18309, "AWATER": 0}}, {"type": "Feature", "geometry": {"type": "Polygon", "coordinates": [[[-119.813335694003, 36.7215630340376], [-119.813312694437, 36.722104033789], [-119.813305693866, 36.7222840342549], [-119.813303694216, 36.7223800340429], [-119.813301693668, 36.7226700336638], [-119.813301693668, 36.7227670338165], [-119.81315169388, 36.7228710340074], [-119.812701693619, 36.7231860341004], [-119.812552693656, 36.7232910338443], [-119.812331693723, 36.723086034108], [-119.811670692675, 36.7224730340381], [-119.811450692567, 36.7222690336922], [-119.811698693163, 36.722091034183], [-119.812444693701, 36.7215570339006], [-119.812693694121, 36.7213800343267], [-119.812823693817, 36.7213800343267], [-119.813213693805, 36.7213830340422], [-119.813343694399, 36.7213840341873], [-119.813335694003, 36.7215630340376]]]}, "properties": {"GEOID": "060190003001025", "P0010001": 23, "ALAND": 22263, "AWATER": 0}}, {"type": "Feature", "geometry": {"type": "Polygon", "coordinates": [[[-119.812444693701, 36.7215570339006], [-119.811698693163, 36.722091034183], [-119.811450692567, 36.7222690336922], [-119.811245693426, 36.7224160337525], [-119.810633692783, 36.7228570336853], [-119.810429692568, 36.7230050341843], [-119.810203692612, 36.722805034318], [-119.809525692745, 36.7222070340233], [-119.809300692614, 36.7220080336561], [-119.809156692674, 36.7218820342895], [-119.808727693227, 36.7215040342296], [-119.808585692937, 36.7213780340362], [-119.808652692884, 36.721377033891], [-119.808855693274, 36.7213760337458], [-119.808923693046, 36.7213760337458], [-119.80938069298, 36.7213740341754], [-119.810754693157, 36.7213710337394], [-119.811213692741, 36.7213700343142], [-119.811508693192, 36.7213720338848], [-119.812396693122, 36.7213780340362], [-119.812693694121, 36.7213800343267], [-119.812444693701, 36.7215570339006]]]}, "properties": {"GEOID": "060190003001026", "P0010001": 0, "ALAND": 33269, "AWATER": 0}}, {"type": "Feature", "geometry": {"type": "Polygon", "coordinates": [[[-119.810224693427, 36.7231510341538], [-119.809609693309, 36.7235920341866], [-119.809405693094, 36.7237390338748], [-119.809187692636, 36.7235340338942], [-119.808613693424, 36.7229910338866], [-119.808536693431, 36.7229190342696], [-119.808317693148, 36.7227170339238], [-119.808514692792, 36.7225760337775], [-119.808618693447, 36.7225030336409], [-119.809103692971, 36.7221500342602], [-119.809300692614, 36.7220080336561], [-119.809525692745, 36.7222070340233], [-119.810203692612, 36.722805034318], [-119.810429692568, 36.7230050341843], [-119.810224693427, 36.7231510341538]]]}, "properties": {"GEOID": "060190003001027", "P0010001": 90, "ALAND": 17935, "AWATER": 0}}, {"type": "Feature", "geometry": {"type": "Polygon", "coordinates": [[[-119.809405693094, 36.7237390338748], [-119.808600693005, 36.7243160336783], [-119.808377693423, 36.7244690340508], [-119.807275693233, 36.7234620340662], [-119.807483692747, 36.7233120342078], [-119.808108692911, 36.7228660340984], [-119.808317693148, 36.7227170339238], [-119.808536693431, 36.7229190342696], [-119.808613693424, 36.7229910338866], [-119.809187692636, 36.7235340338942], [-119.809405693094, 36.7237390338748]]]}, "properties": {"GEOID": "060190003001028", "P0010001": 49, "ALAND": 18469, "AWATER": 0}}, {"type": "Feature", "geometry": {"type": "Polygon", "coordinates": [[[-119.807364692921, 36.7251810349278], [-119.807140692615, 36.7249810349679], [-119.806470693144, 36.7243810348432], [-119.806247692663, 36.7241820350688], [-119.806452692702, 36.7240370350096], [-119.807069693368, 36.7236060336546], [-119.807275693233, 36.7234620340662], [-119.808377693423, 36.7244690340508], [-119.807364692921, 36.7251810349278]]]}, "properties": {"GEOID": "060190003001029", "P0010001": 35, "ALAND": 18029, "AWATER": 0}}, {"type": "Feature", "geometry": {"type": "Polygon", "coordinates": [[[-119.807157693232, 36.7253280351746], [-119.806537693091, 36.7257700350349], [-119.806331693226, 36.7259180349604], [-119.806113692768, 36.7257140351249], [-119.805462692665, 36.7251040347205], [-119.80524569293, 36.7249010349821], [-119.805445692947, 36.7247560348405], [-119.806046692821, 36.7243250346404], [-119.806247692663, 36.7241820350688], [-119.806470693144, 36.7243810348432], [-119.807140692615, 36.7249810349679], [-119.807364692921, 36.7251810349278], [-119.807157693232, 36.7253280351746]]]}, "properties": {"GEOID": "060190003001030", "P0010001": 51, "ALAND": 18121, "AWATER": 0}}, {"type": "Feature", "geometry": {"type": "Polygon", "coordinates": [[[-119.806046692821, 36.7243250346404], [-119.805445692947, 36.7247560348405], [-119.80524569293, 36.7249010349821], [-119.805021692624, 36.7247060348026], [-119.804351692254, 36.7241210348935], [-119.804128691773, 36.7239270350056], [-119.804337692011, 36.7237820351851], [-119.804965691649, 36.7233500351597], [-119.80517569261, 36.7232060350912], [-119.80538969287, 36.7234010347592], [-119.806032692577, 36.7239860351125], [-119.806247692663, 36.7241820350688], [-119.806046692821, 36.7243250346404]]]}, "properties": {"GEOID": "060190003001031", "P0010001": 36, "ALAND": 17711, "AWATER": 0}}, {"type": "Feature", "geometry": {"type": "Polygon", "coordinates": [[[-119.807069693368, 36.7236060336546], [-119.806452692702, 36.7240370350096], [-119.806247692663, 36.7241820350688], [-119.806032692577, 36.7239860351125], [-119.80538969287, 36.7234010347592], [-119.80517569261, 36.7232060350912], [-119.80537669335, 36.7230590351029], [-119.805982693247, 36.722622033966], [-119.806184692913, 36.7224760337109], [-119.806402693372, 36.7226730340489], [-119.80705669295, 36.7232640341912], [-119.807275693233, 36.7234620340662], [-119.807069693368, 36.7236060336546]]]}, "properties": {"GEOID": "060190003001032", "P0010001": 21, "ALAND": 17678, "AWATER": 0}}, {"type": "Feature", "geometry": {"type": "Polygon", "coordinates": [[[-119.808108692911, 36.7228660340984], [-119.807483692747, 36.7233120342078], [-119.807275693233, 36.7234620340662], [-119.80705669295, 36.7232640341912], [-119.806402693372, 36.7226730340489], [-119.806184692913, 36.7224760337109], [-119.806389692953, 36.7223270342198], [-119.807004693071, 36.7218810341508], [-119.807210692935, 36.721733033646], [-119.807431692868, 36.7219290343117], [-119.80809569339, 36.7225200336986], [-119.808317693148, 36.7227170339238], [-119.808108692911, 36.7228660340984]]]}, "properties": {"GEOID": "060190003001033", "P0010001": 59, "ALAND": 18203, "AWATER": 0}}, {"type": "Feature", "geometry": {"type": "Polygon", "coordinates": [[[-119.809300692614, 36.7220080336561], [-119.809103692971, 36.7221500342602], [-119.808618693447, 36.7225030336409], [-119.808514692792, 36.7225760337775], [-119.808317693148, 36.7227170339238], [-119.80809569339, 36.7225200336986], [-119.807431692868, 36.7219290343117], [-119.807210692935, 36.721733033646], [-119.807314692692, 36.7216610342899], [-119.807629693235, 36.7214490342335], [-119.807735692642, 36.7213790341815], [-119.807904692696, 36.7213780340362], [-119.808414693233, 36.7213780340362], [-119.808585692937, 36.7213780340362], [-119.808727693227, 36.7215040342296], [-119.809156692674, 36.7218820342895], [-119.809300692614, 36.7220080336561]]]}, "properties": {"GEOID": "060190003001034", "P0010001": 18, "ALAND": 15741, "AWATER": 0}}, {"type": "Feature", "geometry": {"type": "Polygon", "coordinates": [[[-119.807629693235, 36.7214490342335], [-119.807314692692, 36.7216610342899], [-119.807210692935, 36.721733033646], [-119.807004693071, 36.7218810341508], [-119.806389692953, 36.7223270342198], [-119.806184692913, 36.7224760337109], [-119.805982693247, 36.722622033966], [-119.80537669335, 36.7230590351029], [-119.80517569261, 36.7232060350912], [-119.804954691779, 36.7230050349043], [-119.80429369163, 36.7224020347875], [-119.80407369242, 36.722202034791], [-119.804304692399, 36.7220370340239], [-119.804997692335, 36.7215420339159], [-119.805228692313, 36.721377033891], [-119.80572969173, 36.721377033891], [-119.8072336934, 36.7213780340362], [-119.807735692642, 36.7213790341815], [-119.807629693235, 36.7214490342335]]]}, "properties": {"GEOID": "060190003001035", "P0010001": 50, "ALAND": 32713, "AWATER": 0}}, {"type": "Feature", "geometry": {"type": "Polygon", "coordinates": [[[-119.804965691649, 36.7233500351597], [-119.804337692011, 36.7237820351851], [-119.804128691773, 36.7239270350056], [-119.803912691863, 36.7237280347748], [-119.803266691783, 36.7231340349558], [-119.803051691698, 36.7229360349553], [-119.803255691912, 36.7227880350434], [-119.80386869238, 36.7223480348469], [-119.80407369242, 36.722202034791], [-119.80429369163, 36.7224020347875], [-119.804954691779, 36.7230050349043], [-119.80517569261, 36.7232060350912], [-119.804965691649, 36.7233500351597]]]}, "properties": {"GEOID": "060190003001036", "P0010001": 33, "ALAND": 18092, "AWATER": 0}}, {"type": "Feature", "geometry": {"type": "Polygon", "coordinates": [[[-119.80407369242, 36.722202034791], [-119.80386869238, 36.7223480348469], [-119.803255691912, 36.7227880350434], [-119.803051691698, 36.7229360349553], [-119.801973691797, 36.7219540348786], [-119.802710692114, 36.7214000350678], [-119.802868692298, 36.7213920353481], [-119.80293469242, 36.721391035203], [-119.803135692261, 36.721390035058], [-119.803203692033, 36.7213900343379], [-119.803377692111, 36.7215520353461], [-119.803899692343, 36.7220390350172], [-119.80407369242, 36.722202034791]]]}, "properties": {"GEOID": "060190003001037", "P0010001": 9, "ALAND": 17603, "AWATER": 0}}, {"type": "Feature", "geometry": {"type": "Polygon", "coordinates": [[[-119.805228692313, 36.721377033891], [-119.804997692335, 36.7215420339159], [-119.804304692399, 36.7220370340239], [-119.80407369242, 36.722202034791], [-119.803899692343, 36.7220390350172], [-119.803377692111, 36.7215520353461], [-119.803203692033, 36.7213900343379], [-119.803439692035, 36.7213870339027], [-119.804150692413, 36.721382033897], [-119.804387692239, 36.7213800343267], [-119.80455569157, 36.7213790341815], [-119.805059692259, 36.721377033891], [-119.805228692313, 36.721377033891]]]}, "properties": {"GEOID": "060190003001038", "P0010001": 0, "ALAND": 8235, "AWATER": 0}}, {"type": "Feature", "geometry": {"type": "Polygon", "coordinates": [[[-119.801973691797, 36.7219540348786], [-119.801426692349, 36.7214060352172], [-119.802710692114, 36.7214000350678], [-119.801973691797, 36.7219540348786]]]}, "properties": {"GEOID": "060190003001039", "P0010001": 0, "ALAND": 3504, "AWATER": 0}}, {"type": "Feature", "geometry": {"type": "Polygon", "coordinates": [[[-119.795401691739, 36.7336620361881], [-119.795259692347, 36.7338160359211], [-119.795178692156, 36.7339030358534], [-119.795115692407, 36.733848036098], [-119.794330692409, 36.7344090359302], [-119.793428692236, 36.7335260359146], [-119.793486691962, 36.7335330358234], [-119.793644692146, 36.7335950357077], [-119.793752692101, 36.733666036129], [-119.793889692368, 36.7337560361834], [-119.794126692195, 36.733887036138], [-119.794308691769, 36.7339510356994], [-119.794467691778, 36.7339750359711], [-119.794612692441, 36.7339670361213], [-119.794748691985, 36.7339320360489], [-119.795068691653, 36.7337760358612], [-119.795162692262, 36.7337300358745], [-119.795367692302, 36.7336300359337], [-119.79545869164, 36.7336020363301], [-119.795401691739, 36.7336620361881]]]}, "properties": {"GEOID": "060190003002000", "P0010001": 0, "ALAND": 4108, "AWATER": 0}}, {"type": "Feature", "geometry": {"type": "Polygon", "coordinates": [[[-119.795068691653, 36.7337760358612], [-119.794748691985, 36.7339320360489], [-119.794612692441, 36.7339670361213], [-119.794467691778, 36.7339750359711], [-119.794308691769, 36.7339510356994], [-119.794126692195, 36.733887036138], [-119.793889692368, 36.7337560361834], [-119.793752692101, 36.733666036129], [-119.793644692146, 36.7335950357077], [-119.793486691962, 36.7335330358234], [-119.793428692236, 36.7335260359146], [-119.793407692319, 36.7335120360951], [-119.793345692395, 36.7334700359014], [-119.793325692303, 36.7334570360596], [-119.793094692325, 36.7332490361318], [-119.792401690592, 36.7326250358472], [-119.792171691337, 36.7324170358252], [-119.792349690714, 36.7322920362608], [-119.792883690641, 36.7319190356427], [-119.793062690741, 36.7317950359971], [-119.793501692031, 36.7321990359172], [-119.794818692306, 36.7334130358588], [-119.795162692262, 36.7337300358745], [-119.795068691653, 36.7337760358612]]]}, "properties": {"GEOID": "060190003002001", "P0010001": 0, "ALAND": 26655, "AWATER": 0}}, {"type": "Feature", "geometry": {"type": "Polygon", "coordinates": [[[-119.795921692321, 36.7333090362658], [-119.79545869164, 36.7336020363301], [-119.795367692302, 36.7336300359337], [-119.795162692262, 36.7337300358745], [-119.794818692306, 36.7334130358588], [-119.793501692031, 36.7321990359172], [-119.793062690741, 36.7317950359971], [-119.79323269062, 36.7316750361958], [-119.793745692428, 36.731318035714], [-119.793916692132, 36.7311990359046], [-119.794135692415, 36.7313980362144], [-119.794793692191, 36.731995036209], [-119.795013692299, 36.7321940358956], [-119.795230692034, 36.7323940357881], [-119.795881692138, 36.7329970359213], [-119.796099691697, 36.7331980358731], [-119.795921692321, 36.7333090362658]]]}, "properties": {"GEOID": "060190003002002", "P0010001": 0, "ALAND": 29699, "AWATER": 0}}, {"type": "Feature", "geometry": {"type": "Polygon", "coordinates": [[[-119.796484691662, 36.7329250363263], [-119.796195691957, 36.7331290357233], [-119.796099691697, 36.7331980358731], [-119.795881692138, 36.7329970359213], [-119.795230692034, 36.7323940357881], [-119.795013692299, 36.7321940358956], [-119.795107692011, 36.7321260362887], [-119.795391691693, 36.7319230356743], [-119.795486692127, 36.7318560358361], [-119.79570569241, 36.7320560358892], [-119.796362692362, 36.7326560358022], [-119.796581691746, 36.7328570359268], [-119.796484691662, 36.7329250363263]]]}, "properties": {"GEOID": "060190003002003", "P0010001": 0, "ALAND": 8419, "AWATER": 0}}, {"type": "Feature", "geometry": {"type": "Polygon", "coordinates": [[[-119.797020692137, 36.7325470359049], [-119.796690692425, 36.7327790362203], [-119.796581691746, 36.7328570359268], [-119.796362692362, 36.7326560358022], [-119.79570569241, 36.7320560358892], [-119.795486692127, 36.7318560358361], [-119.795595691907, 36.7317770358229], [-119.795922692145, 36.7315440360666], [-119.79603269175, 36.73146703576], [-119.796251692033, 36.7316670361064], [-119.796910691634, 36.7322690361863], [-119.797130691742, 36.7324700358843], [-119.797020692137, 36.7325470359049]]]}, "properties": {"GEOID": "060190003002004", "P0010001": 0, "ALAND": 9653, "AWATER": 0}}, {"type": "Feature", "geometry": {"type": "Polygon", "coordinates": [[[-119.797496692339, 36.7322110359679], [-119.797221691979, 36.7324050358067], [-119.797130691742, 36.7324700358843], [-119.796910691634, 36.7322690361863], [-119.796251692033, 36.7316670361064], [-119.79603269175, 36.73146703576], [-119.796121692337, 36.7314020362732], [-119.7963926916, 36.7312090360772], [-119.796482692012, 36.73114503567], [-119.796703691945, 36.7313450361352], [-119.797366691744, 36.7319460358525], [-119.7975886924, 36.7321470356761], [-119.797496692339, 36.7322110359679]]]}, "properties": {"GEOID": "060190003002005", "P0010001": 73, "ALAND": 8034, "AWATER": 0}}, {"type": "Feature", "geometry": {"type": "Polygon", "coordinates": [[[-119.798047691984, 36.7318220362504], [-119.797702692203, 36.7320650359441], [-119.7975886924, 36.7321470356761], [-119.797366691744, 36.7319460358525], [-119.796703691945, 36.7313450361352], [-119.796482692012, 36.73114503567], [-119.79659369234, 36.731065036346], [-119.796929691901, 36.730825035714], [-119.797041692054, 36.7307460360798], [-119.79726569236, 36.7309450361238], [-119.797937692379, 36.7315420360409], [-119.798162691612, 36.7317410361817], [-119.798047691984, 36.7318220362504]]]}, "properties": {"GEOID": "060190003002006", "P0010001": 0, "ALAND": 10045, "AWATER": 0}}, {"type": "Feature", "geometry": {"type": "Polygon", "coordinates": [[[-119.799069691808, 36.7310950361923], [-119.798897692279, 36.7312170362143], [-119.798810692241, 36.7312790358089], [-119.798680691646, 36.7313710358119], [-119.798291692382, 36.7316480358907], [-119.798162691612, 36.7317410361817], [-119.797937692379, 36.7315420360409], [-119.79726569236, 36.7309450361238], [-119.797041692054, 36.7307460360798], [-119.795966691628, 36.7297530361156], [-119.796814692273, 36.7291340357184], [-119.796901692312, 36.7290710357866], [-119.797439692437, 36.7295580360171], [-119.799106691618, 36.7310640363269], [-119.799069691808, 36.7310950361923]]]}, "properties": {"GEOID": "060190003002007", "P0010001": 36, "ALAND": 33587, "AWATER": 0}}, {"type": "Feature", "geometry": {"type": "Polygon", "coordinates": [[[-119.795922692145, 36.7315440360666], [-119.795595691907, 36.7317770358229], [-119.795486692127, 36.7318560358361], [-119.79526469237, 36.7316570359934], [-119.794601691672, 36.7310620362887], [-119.794380691739, 36.7308640358497], [-119.794489692418, 36.730784036233], [-119.794819692131, 36.7305460362142], [-119.794830692001, 36.7305390360331], [-119.794927692086, 36.7304650362393], [-119.795148692019, 36.7306650363158], [-119.795811691817, 36.7312660363161], [-119.79603269175, 36.73146703576], [-119.795922692145, 36.7315440360666]]]}, "properties": {"GEOID": "060190003002008", "P0010001": 0, "ALAND": 9712, "AWATER": 0}}, {"type": "Feature", "geometry": {"type": "Polygon", "coordinates": [[[-119.795391691693, 36.7319230356743], [-119.795107692011, 36.7321260362887], [-119.795013692299, 36.7321940358956], [-119.794793692191, 36.731995036209], [-119.794135692415, 36.7313980362144], [-119.793916692132, 36.7311990359046], [-119.794008692194, 36.7311310361363], [-119.794287691853, 36.7309310358337], [-119.794380691739, 36.7308640358497], [-119.794601691672, 36.7310620362887], [-119.79526469237, 36.7316570359934], [-119.795486692127, 36.7318560358361], [-119.795391691693, 36.7319230356743]]]}, "properties": {"GEOID": "060190003002009", "P0010001": 0, "ALAND": 8292, "AWATER": 0}}, {"type": "Feature", "geometry": {"type": "Polygon", "coordinates": [[[-119.794287691853, 36.7309310358337], [-119.794008692194, 36.7311310361363], [-119.793916692132, 36.7311990359046], [-119.793698690776, 36.7310020358388], [-119.793044691198, 36.7304110362085], [-119.792827690564, 36.7302150363109], [-119.792919690626, 36.7301480357022], [-119.793198691184, 36.7299500357861], [-119.79329169107, 36.7298840357007], [-119.793508690805, 36.7300800357232], [-119.79416269218, 36.7306680356686], [-119.794380691739, 36.7308640358497], [-119.794287691853, 36.7309310358337]]]}, "properties": {"GEOID": "060190003002010", "P0010001": 0, "ALAND": 8107, "AWATER": 0}}, {"type": "Feature", "geometry": {"type": "Polygon", "coordinates": [[[-119.793745692428, 36.731318035714], [-119.79323269062, 36.7316750361958], [-119.793062690741, 36.7317950359971], [-119.792836690785, 36.7315960359963], [-119.792158690918, 36.7310020358388], [-119.791932690962, 36.730804035965], [-119.792110691237, 36.7306860361028], [-119.792648691363, 36.7303320361483], [-119.792827690564, 36.7302150363109], [-119.793044691198, 36.7304110362085], [-119.793698690776, 36.7310020358388], [-119.793916692132, 36.7311990359046], [-119.793745692428, 36.731318035714]]]}, "properties": {"GEOID": "060190003002011", "P0010001": 0, "ALAND": 15073, "AWATER": 0}}, {"type": "Feature", "geometry": {"type": "Polygon", "coordinates": [[[-119.792883690641, 36.7319190356427], [-119.792349690714, 36.7322920362608], [-119.792171691337, 36.7324170358252], [-119.792049691138, 36.7323070363057], [-119.79168369144, 36.7319810361104], [-119.791561691241, 36.7318720359748], [-119.791528690731, 36.731843035721], [-119.791465690982, 36.7317850359008], [-119.791180690576, 36.7315250358205], [-119.79108569104, 36.7314390360875], [-119.791254691095, 36.7313110363233], [-119.791762691083, 36.7309310358337], [-119.791932690962, 36.730804035965], [-119.792158690918, 36.7310020358388], [-119.792836690785, 36.7315960359963], [-119.793062690741, 36.7317950359971], [-119.792883690641, 36.7319190356427]]]}, "properties": {"GEOID": "060190003002012", "P0010001": 0, "ALAND": 15409, "AWATER": 0}}, {"type": "Feature", "geometry": {"type": "Polygon", "coordinates": [[[-119.791762691083, 36.7309310358337], [-119.791254691095, 36.7313110363233], [-119.79108569104, 36.7314390360875], [-119.790867690582, 36.7312400358839], [-119.790227691248, 36.7306670356444], [-119.790013690988, 36.7304750357875], [-119.789796691253, 36.7302760359653], [-119.789145691149, 36.7296790362842], [-119.788929691239, 36.7294810358787], [-119.789107690616, 36.729355035813], [-119.789642691267, 36.7289780358615], [-119.789821691367, 36.7288530357383], [-119.790243691141, 36.729243036141], [-119.791509691363, 36.7304130362636], [-119.791932690962, 36.730804035965], [-119.791762691083, 36.7309310358337]]]}, "properties": {"GEOID": "060190003002013", "P0010001": 0, "ALAND": 30289, "AWATER": 0}}, {"type": "Feature", "geometry": {"type": "Polygon", "coordinates": [[[-119.792648691363, 36.7303320361483], [-119.792110691237, 36.7306860361028], [-119.791932690962, 36.730804035965], [-119.791509691363, 36.7304130362636], [-119.790243691141, 36.729243036141], [-119.789821691367, 36.7288530357383], [-119.789986691223, 36.7287300362306], [-119.790483691341, 36.7283630359137], [-119.790649691022, 36.7282410356769], [-119.790870690955, 36.7284320360267], [-119.791522690883, 36.7290230357697], [-119.791740691341, 36.7292200358731], [-119.791957691076, 36.7294190362722], [-119.792609691005, 36.7300160358149], [-119.792827690564, 36.7302150363109], [-119.792648691363, 36.7303320361483]]]}, "properties": {"GEOID": "060190003002014", "P0010001": 0, "ALAND": 29664, "AWATER": 0}}, {"type": "Feature", "geometry": {"type": "Polygon", "coordinates": [[[-119.793198691184, 36.7299500357861], [-119.792919690626, 36.7301480357022], [-119.792827690564, 36.7302150363109], [-119.792609691005, 36.7300160358149], [-119.791957691076, 36.7294190362722], [-119.791740691341, 36.7292200358731], [-119.791832691403, 36.7291550359241], [-119.792109691412, 36.7289620358399], [-119.792202691299, 36.7288980357197], [-119.792419691034, 36.7290950361439], [-119.793073690612, 36.7296860358238], [-119.79329169107, 36.7298840357007], [-119.793198691184, 36.7299500357861]]]}, "properties": {"GEOID": "060190003002015", "P0010001": 14, "ALAND": 8072, "AWATER": 0}}, {"type": "Feature", "geometry": {"type": "Polygon", "coordinates": [[[-119.793732691111, 36.7295680356834], [-119.793401690675, 36.7298040357827], [-119.79329169107, 36.7298840357007], [-119.793073690612, 36.7296860358238], [-119.792419691034, 36.7290950361439], [-119.792202691299, 36.7288980357197], [-119.792313690729, 36.7288200363112], [-119.792650691012, 36.7285860361701], [-119.792762691165, 36.7285090357771], [-119.792978691076, 36.7287050357094], [-119.793626690806, 36.7292930361048], [-119.793843691439, 36.7294900362355], [-119.793732691111, 36.7295680356834]]]}, "properties": {"GEOID": "060190003002016", "P0010001": 20, "ALAND": 9629, "AWATER": 0}}, {"type": "Feature", "geometry": {"type": "Polygon", "coordinates": [[[-119.794830692001, 36.7305390360331], [-119.794819692131, 36.7305460362142], [-119.794489692418, 36.730784036233], [-119.794380691739, 36.7308640358497], [-119.79416269218, 36.7306680356686], [-119.793508690805, 36.7300800357232], [-119.79329169107, 36.7298840357007], [-119.793401690675, 36.7298040357827], [-119.793732691111, 36.7295680356834], [-119.793843691439, 36.7294900362355], [-119.794059691349, 36.7296840357497], [-119.794710692351, 36.7302690357596], [-119.794927692086, 36.7304650362393], [-119.794830692001, 36.7305390360331]]]}, "properties": {"GEOID": "060190003002017", "P0010001": 0, "ALAND": 9614, "AWATER": 0}}, {"type": "Feature", "geometry": {"type": "Polygon", "coordinates": [[[-119.795295692332, 36.7302100361601], [-119.795019692147, 36.7304010359319], [-119.794927692086, 36.7304650362393], [-119.794710692351, 36.7302690357596], [-119.794059691349, 36.7296840357497], [-119.793843691439, 36.7294900362355], [-119.793936691325, 36.7294240357546], [-119.79421669081, 36.7292290362605], [-119.794310691419, 36.7291640363191], [-119.794525690606, 36.7293600360195], [-119.795172692308, 36.7299500357861], [-119.795388692218, 36.7301470356712], [-119.795295692332, 36.7302100361601]]]}, "properties": {"GEOID": "060190003002018", "P0010001": 20, "ALAND": 7949, "AWATER": 0}}, {"type": "Feature", "geometry": {"type": "Polygon", "coordinates": [[[-119.7963926916, 36.7312090360772], [-119.796121692337, 36.7314020362732], [-119.79603269175, 36.73146703576], [-119.795811691817, 36.7312660363161], [-119.795148692019, 36.7306650363158], [-119.794927692086, 36.7304650362393], [-119.795019692147, 36.7304010359319], [-119.795295692332, 36.7302100361601], [-119.795388692218, 36.7301470356712], [-119.795606691778, 36.7303460358277], [-119.796263691729, 36.7309450361238], [-119.796482692012, 36.73114503567], [-119.7963926916, 36.7312090360772]]]}, "properties": {"GEOID": "060190003002019", "P0010001": 0, "ALAND": 7999, "AWATER": 0}}, {"type": "Feature", "geometry": {"type": "Polygon", "coordinates": [[[-119.796929691901, 36.730825035714], [-119.79659369234, 36.731065036346], [-119.796482692012, 36.73114503567], [-119.796263691729, 36.7309450361238], [-119.795606691778, 36.7303460358277], [-119.795388692218, 36.7301470356712], [-119.795866692069, 36.7298160362077], [-119.795966691628, 36.7297530361156], [-119.797041692054, 36.7307460360798], [-119.796929691901, 36.730825035714]]]}, "properties": {"GEOID": "060190003002020", "P0010001": 0, "ALAND": 9883, "AWATER": 0}}, {"type": "Feature", "geometry": {"type": "Polygon", "coordinates": [[[-119.795866692069, 36.7298160362077], [-119.795388692218, 36.7301470356712], [-119.795172692308, 36.7299500357861], [-119.794525690606, 36.7293600360195], [-119.794310691419, 36.7291640363191], [-119.794423691397, 36.729084035651], [-119.794762691331, 36.7288480362187], [-119.794876691134, 36.7287690359904], [-119.795966691628, 36.7297530361156], [-119.795866692069, 36.7298160362077]]]}, "properties": {"GEOID": "060190003002021", "P0010001": 6, "ALAND": 9804, "AWATER": 0}}, {"type": "Feature", "geometry": {"type": "Polygon", "coordinates": [[[-119.794762691331, 36.7288480362187], [-119.794423691397, 36.729084035651], [-119.794310691419, 36.7291640363191], [-119.79421669081, 36.7292290362605], [-119.793936691325, 36.7294240357546], [-119.793843691439, 36.7294900362355], [-119.793626690806, 36.7292930361048], [-119.792978691076, 36.7287050357094], [-119.792762691165, 36.7285090357771], [-119.792546691255, 36.7283070357346], [-119.791901691, 36.7277030361449], [-119.791686690915, 36.7275020362077], [-119.791464691157, 36.7273080362207], [-119.790883691374, 36.7268000359963], [-119.790802691183, 36.7267280363503], [-119.790583690002, 36.7265330357698], [-119.790783690916, 36.7263820360694], [-119.790859691084, 36.7263260358857], [-119.791402691233, 36.7259540358916], [-119.791609690922, 36.7258130359281], [-119.791799690893, 36.7259840362947], [-119.79237069063, 36.7264980359086], [-119.792561691324, 36.7266700362663], [-119.792810690846, 36.7268940357527], [-119.793558691034, 36.7275690362452], [-119.793808691279, 36.7277940360509], [-119.794021690816, 36.7279890363092], [-119.794662690873, 36.7285740362729], [-119.794876691134, 36.7287690359904], [-119.794762691331, 36.7288480362187]]]}, "properties": {"GEOID": "060190003002022", "P0010001": 12, "ALAND": 53363, "AWATER": 0}}, {"type": "Feature", "geometry": {"type": "Polygon", "coordinates": [[[-119.792650691012, 36.7285860361701], [-119.792313690729, 36.7288200363112], [-119.792202691299, 36.7288980357197], [-119.792109691412, 36.7289620358399], [-119.791832691403, 36.7291550359241], [-119.791740691341, 36.7292200358731], [-119.791522690883, 36.7290230357697], [-119.790870690955, 36.7284320360267], [-119.790649691022, 36.7282410356769], [-119.790854691062, 36.7280900357351], [-119.79087169078, 36.7280790358183], [-119.791478691401, 36.7276490363316], [-119.791686690915, 36.7275020362077], [-119.791901691, 36.7277030361449], [-119.792546691255, 36.7283070357346], [-119.792762691165, 36.7285090357771], [-119.792650691012, 36.7285860361701]]]}, "properties": {"GEOID": "060190003002023", "P0010001": 3, "ALAND": 17896, "AWATER": 0}}, {"type": "Feature", "geometry": {"type": "Polygon", "coordinates": [[[-119.79581669184, 36.7280910357929], [-119.795745691695, 36.7281410357868], [-119.795093690869, 36.72861103601], [-119.794876691134, 36.7287690359904], [-119.794662690873, 36.7285740362729], [-119.794021690816, 36.7279890363092], [-119.793808691279, 36.7277940360509], [-119.793558691034, 36.7275690362452], [-119.792810690846, 36.7268940357527], [-119.792561691324, 36.7266700362663], [-119.79237069063, 36.7264980359086], [-119.791799690893, 36.7259840362947], [-119.791609690922, 36.7258130359281], [-119.791696690961, 36.7257470358868], [-119.791958690901, 36.7255510363246], [-119.792046690765, 36.7254860361499], [-119.792095691169, 36.7254510358115], [-119.792260691025, 36.7253340357371], [-119.792561691324, 36.7251200362661], [-119.792595690761, 36.7250940359129], [-119.794941691431, 36.7272390358177], [-119.795256691075, 36.7275330360711], [-119.795856692023, 36.7280640356675], [-119.79581669184, 36.7280910357929]]]}, "properties": {"GEOID": "060190003002024", "P0010001": 85, "ALAND": 51606, "AWATER": 0}}, {"type": "Feature", "geometry": {"type": "Polygon", "coordinates": [[[-119.796814692273, 36.7291340357184], [-119.795966691628, 36.7297530361156], [-119.794876691134, 36.7287690359904], [-119.795093690869, 36.72861103601], [-119.795745691695, 36.7281410357868], [-119.79581669184, 36.7280910357929], [-119.795856692023, 36.7280640356675], [-119.79598469207, 36.7281830360157], [-119.796901692312, 36.7290710357866], [-119.796814692273, 36.7291340357184]]]}, "properties": {"GEOID": "060190003002025", "P0010001": 18, "ALAND": 16827, "AWATER": 0}}, {"type": "Feature", "geometry": {"type": "Polygon", "coordinates": [[[-119.796901692312, 36.7290710357866], [-119.79598469207, 36.7281830360157], [-119.795856692023, 36.7280640356675], [-119.795967692351, 36.7279900356483], [-119.796014692207, 36.7279550357312], [-119.79708669226, 36.7289390362078], [-119.796901692312, 36.7290710357866]]]}, "properties": {"GEOID": "060190003002026", "P0010001": 0, "ALAND": 2932, "AWATER": 0}}, {"type": "Feature", "geometry": {"type": "Polygon", "coordinates": [[[-119.799248691909, 36.7309740359967], [-119.799157691672, 36.7310310356901], [-119.799106691618, 36.7310640363269], [-119.797439692437, 36.7295580360171], [-119.796901692312, 36.7290710357866], [-119.79708669226, 36.7289390362078], [-119.799295691764, 36.7309380359791], [-119.799248691909, 36.7309740359967]]]}, "properties": {"GEOID": "060190003002027", "P0010001": 0, "ALAND": 6534, "AWATER": 0}}, {"type": "Feature", "geometry": {"type": "Polygon", "coordinates": [[[-119.800071692439, 36.7303720358426], [-119.799662692185, 36.7306650363158], [-119.799526691743, 36.7307640357758], [-119.799295691764, 36.7309380359791], [-119.79708669226, 36.7289390362078], [-119.798007691801, 36.7282850359617], [-119.799100691771, 36.7292800362757], [-119.799321691703, 36.7294780357596], [-119.79998669205, 36.7300750362835], [-119.800208691808, 36.7302740359066], [-119.800071692439, 36.7303720358426]]]}, "properties": {"GEOID": "060190003002028", "P0010001": 33, "ALAND": 32418, "AWATER": 0}}, {"type": "Feature", "geometry": {"type": "Polygon", "coordinates": [[[-119.801015693344, 36.729700034901], [-119.80040969165, 36.7301300358618], [-119.800208691808, 36.7302740359066], [-119.79998669205, 36.7300750362835], [-119.799321691703, 36.7294780357596], [-119.799100691771, 36.7292800362757], [-119.79930369216, 36.7291330356742], [-119.79991469208, 36.7286940351608], [-119.800118692295, 36.7285480349292], [-119.800338692403, 36.7287490350084], [-119.800998691829, 36.729355035093], [-119.801218692835, 36.7295570352584], [-119.801015693344, 36.729700034901]]]}, "properties": {"GEOID": "060190003002029", "P0010001": 34, "ALAND": 17996, "AWATER": 0}}, {"type": "Feature", "geometry": {"type": "Polygon", "coordinates": [[[-119.80203569262, 36.7289730349102], [-119.80142269305, 36.7294100351872], [-119.801218692835, 36.7295570352584], [-119.800998691829, 36.729355035093], [-119.800338692403, 36.7287490350084], [-119.800118692295, 36.7285480349292], [-119.800322691611, 36.72840203514], [-119.800938691554, 36.7279650348863], [-119.801143691594, 36.72782003477], [-119.801362691877, 36.7280210353148], [-119.802020692551, 36.7286260353341], [-119.802240692659, 36.7288280352573], [-119.80203569262, 36.7289730349102]]]}, "properties": {"GEOID": "060190003002030", "P0010001": 14, "ALAND": 18157, "AWATER": 0}}, {"type": "Feature", "geometry": {"type": "Polygon", "coordinates": [[[-119.803096692802, 36.7282160349966], [-119.802568692722, 36.7285980353455], [-119.802392692995, 36.7287260353125], [-119.802361693033, 36.7287460348606], [-119.802270692796, 36.728807034962], [-119.802240692659, 36.7288280352573], [-119.802020692551, 36.7286260353341], [-119.801362691877, 36.7280210353148], [-119.801143691594, 36.72782003477], [-119.801345692158, 36.727676035163], [-119.801954692429, 36.727244034722], [-119.80215769192, 36.7271010348257], [-119.802380692401, 36.7272980348201], [-119.803049692946, 36.7278910347718], [-119.803273693252, 36.7280890349573], [-119.803096692802, 36.7282160349966]]]}, "properties": {"GEOID": "060190003002031", "P0010001": 48, "ALAND": 18156, "AWATER": 0}}, {"type": "Feature", "geometry": {"type": "Polygon", "coordinates": [[[-119.801954692429, 36.727244034722], [-119.801345692158, 36.727676035163], [-119.801143691594, 36.72782003477], [-119.800922691661, 36.7276230346747], [-119.80026169241, 36.7270340350999], [-119.800041692302, 36.7268380352223], [-119.800246692341, 36.7266920350619], [-119.800863692109, 36.726258034682], [-119.801069691974, 36.7261130349425], [-119.801286691709, 36.7263100353115], [-119.80193969236, 36.7269030349727], [-119.80215769192, 36.7271010348257], [-119.801954692429, 36.727244034722]]]}, "properties": {"GEOID": "060190003002032", "P0010001": 78, "ALAND": 17807, "AWATER": 0}}, {"type": "Feature", "geometry": {"type": "Polygon", "coordinates": [[[-119.800938691554, 36.7279650348863], [-119.800322691611, 36.72840203514], [-119.800118692295, 36.7285480349292], [-119.799899692012, 36.7283500352072], [-119.799244691711, 36.7277580352623], [-119.799026692151, 36.727561035008], [-119.799228691817, 36.7274160348488], [-119.799837692087, 36.7269820349607], [-119.800041692302, 36.7268380352223], [-119.80026169241, 36.7270340350999], [-119.800922691661, 36.7276230346747], [-119.801143691594, 36.72782003477], [-119.800938691554, 36.7279650348863]]]}, "properties": {"GEOID": "060190003002033", "P0010001": 36, "ALAND": 17847, "AWATER": 0}}, {"type": "Feature", "geometry": {"type": "Polygon", "coordinates": [[[-119.79991469208, 36.7286940351608], [-119.79930369216, 36.7291330356742], [-119.799100691771, 36.7292800362757], [-119.798007691801, 36.7282850359617], [-119.799026692151, 36.727561035008], [-119.799244691711, 36.7277580352623], [-119.799899692012, 36.7283500352072], [-119.800118692295, 36.7285480349292], [-119.79991469208, 36.7286940351608]]]}, "properties": {"GEOID": "060190003002034", "P0010001": 18, "ALAND": 17883, "AWATER": 0}}, {"type": "Feature", "geometry": {"type": "Polygon", "coordinates": [[[-119.799026692151, 36.727561035008], [-119.798007691801, 36.7282850359617], [-119.796938692122, 36.7273120350526], [-119.79691669238, 36.727297034752], [-119.797122692245, 36.7271540349543], [-119.797742692386, 36.7267250346835], [-119.797949692075, 36.7265830353382], [-119.79816469216, 36.7267780350716], [-119.798810692241, 36.7273650350356], [-119.799026692151, 36.727561035008]]]}, "properties": {"GEOID": "060190003002035", "P0010001": 63, "ALAND": 17705, "AWATER": 0}}, {"type": "Feature", "geometry": {"type": "Polygon", "coordinates": [[[-119.79708669226, 36.7289390362078], [-119.796014692207, 36.7279550357312], [-119.796156691599, 36.727851035945], [-119.79672669241, 36.7274350361117], [-119.79691669238, 36.727297034752], [-119.796938692122, 36.7273120350526], [-119.798007691801, 36.7282850359617], [-119.79708669226, 36.7289390362078]]]}, "properties": {"GEOID": "060190003002036", "P0010001": 37, "ALAND": 15972, "AWATER": 0}}, {"type": "Feature", "geometry": {"type": "Polygon", "coordinates": [[[-119.79672669241, 36.7274350361117], [-119.796156691599, 36.727851035945], [-119.796014692207, 36.7279550357312], [-119.795836691033, 36.7277920359275], [-119.795304690756, 36.7273010357444], [-119.795128691029, 36.7271380359925], [-119.792737691051, 36.7249870362775], [-119.793047690672, 36.7247770362435], [-119.793095691251, 36.7247400360991], [-119.793241690841, 36.7246320351477], [-119.793290691245, 36.7245960350368], [-119.793331691253, 36.7245680350189], [-119.79336569069, 36.7245440346868], [-119.793593691194, 36.7243900350777], [-119.793669691362, 36.7243390346949], [-119.793883690724, 36.724532034878], [-119.794526691329, 36.7251130348703], [-119.794741691414, 36.7253070346423], [-119.794961690624, 36.7255060351018], [-119.795623690598, 36.7261030348263], [-119.795844691429, 36.726302034663], [-119.796058690791, 36.7265010347042], [-119.796701692295, 36.7270980353335], [-119.79691669238, 36.727297034752], [-119.79672669241, 36.7274350361117]]]}, "properties": {"GEOID": "060190003002037", "P0010001": 98, "ALAND": 48110, "AWATER": 0}}, {"type": "Feature", "geometry": {"type": "Polygon", "coordinates": [[[-119.796662691039, 36.7257260347491], [-119.796048690746, 36.7261570350066], [-119.795844691429, 36.726302034663], [-119.795623690598, 36.7261030348263], [-119.794961690624, 36.7255060351018], [-119.794741691414, 36.7253070346423], [-119.794954690951, 36.7251630346432], [-119.795595691009, 36.7247320352872], [-119.795809691269, 36.7245890350333], [-119.796020691156, 36.7247870350924], [-119.796655691366, 36.725383035273], [-119.796867691078, 36.7255820348156], [-119.796662691039, 36.7257260347491]]]}, "properties": {"GEOID": "060190003002038", "P0010001": 68, "ALAND": 18008, "AWATER": 0}}, {"type": "Feature", "geometry": {"type": "Polygon", "coordinates": [[[-119.795967692351, 36.7279900356483], [-119.795856692023, 36.7280640356675], [-119.795256691075, 36.7275330360711], [-119.794941691431, 36.7272390358177], [-119.792595690761, 36.7250940359129], [-119.792701691066, 36.725012035849], [-119.792737691051, 36.7249870362775], [-119.795128691029, 36.7271380359925], [-119.795304690756, 36.7273010357444], [-119.795836691033, 36.7277920359275], [-119.796014692207, 36.7279550357312], [-119.795967692351, 36.7279900356483]]]}, "properties": {"GEOID": "060190003002039", "P0010001": 0, "ALAND": 8328, "AWATER": 0}}, {"type": "Feature", "geometry": {"type": "Polygon", "coordinates": [[[-119.796607690787, 36.7240130352316], [-119.796008690563, 36.7244450351279], [-119.795809691269, 36.7245890350333], [-119.795595691009, 36.7247320352872], [-119.794954690951, 36.7251630346432], [-119.794741691414, 36.7253070346423], [-119.794526691329, 36.7251130348703], [-119.793883690724, 36.724532034878], [-119.793669691362, 36.7243390346949], [-119.793876691051, 36.7241850346748], [-119.79450069139, 36.7237260352656], [-119.794709690729, 36.7235730348529], [-119.794907691096, 36.7234300353211], [-119.795502691123, 36.7230030346562], [-119.795701691314, 36.722861034909], [-119.795922691247, 36.7230620347529], [-119.796585691046, 36.7236680350744], [-119.796807690804, 36.723870035079], [-119.796607690787, 36.7240130352316]]]}, "properties": {"GEOID": "060190003002040", "P0010001": 0, "ALAND": 36167, "AWATER": 0}}, {"type": "Feature", "geometry": {"type": "Polygon", "coordinates": [[[-119.797673690992, 36.7249980351972], [-119.79706869092, 36.7254360351473], [-119.796867691078, 36.7255820348156], [-119.796655691366, 36.725383035273], [-119.796020691156, 36.7247870350924], [-119.795809691269, 36.7245890350333], [-119.796008690563, 36.7244450351279], [-119.796607690787, 36.7240130352316], [-119.796807690804, 36.723870035079], [-119.797020691239, 36.7240660353313], [-119.797661691297, 36.7246560347323], [-119.797875691557, 36.7248530352386], [-119.797673690992, 36.7249980351972]]]}, "properties": {"GEOID": "060190003002041", "P0010001": 83, "ALAND": 17453, "AWATER": 0}}, {"type": "Feature", "geometry": {"type": "Polygon", "coordinates": [[[-119.798759692187, 36.7259890352808], [-119.798151691741, 36.7264340351749], [-119.797949692075, 36.7265830353382], [-119.79773269234, 36.7263820353494], [-119.797083690988, 36.7257820346503], [-119.796867691078, 36.7255820348156], [-119.79706869092, 36.7254360351473], [-119.797673690992, 36.7249980351972], [-119.797875691557, 36.7248530352386], [-119.79809269219, 36.7250500352397], [-119.798744692118, 36.7256430352704], [-119.798962691678, 36.7258410347721], [-119.798759692187, 36.7259890352808]]]}, "properties": {"GEOID": "060190003002042", "P0010001": 65, "ALAND": 17869, "AWATER": 0}}, {"type": "Feature", "geometry": {"type": "Polygon", "coordinates": [[[-119.799837692087, 36.7269820349607], [-119.799228691817, 36.7274160348488], [-119.799026692151, 36.727561035008], [-119.798810692241, 36.7273650350356], [-119.79816469216, 36.7267780350716], [-119.797949692075, 36.7265830353382], [-119.798151691741, 36.7264340351749], [-119.798759692187, 36.7259890352808], [-119.798962691678, 36.7258410347721], [-119.799177691763, 36.7260400352878], [-119.799825692392, 36.7266380352577], [-119.800041692302, 36.7268380352223], [-119.799837692087, 36.7269820349607]]]}, "properties": {"GEOID": "060190003002043", "P0010001": 32, "ALAND": 17751, "AWATER": 0}}, {"type": "Feature", "geometry": {"type": "Polygon", "coordinates": [[[-119.800863692109, 36.726258034682], [-119.800246692341, 36.7266920350619], [-119.800041692302, 36.7268380352223], [-119.799825692392, 36.7266380352577], [-119.799177691763, 36.7260400352878], [-119.798962691678, 36.7258410347721], [-119.799166691893, 36.7256960349652], [-119.799779692361, 36.7252630348112], [-119.799984692401, 36.7251190347295], [-119.800200692311, 36.7253170348622], [-119.800851692414, 36.7259140353359], [-119.801069691974, 36.7261130349425], [-119.800863692109, 36.726258034682]]]}, "properties": {"GEOID": "060190003002044", "P0010001": 54, "ALAND": 17872, "AWATER": 0}}, {"type": "Feature", "geometry": {"type": "Polygon", "coordinates": [[[-119.799779692361, 36.7252630348112], [-119.799166691893, 36.7256960349652], [-119.798962691678, 36.7258410347721], [-119.798744692118, 36.7256430352704], [-119.79809269219, 36.7250500352397], [-119.797875691557, 36.7248530352386], [-119.798082692144, 36.7247090351082], [-119.798704691935, 36.7242780346444], [-119.798912692348, 36.7241350349852], [-119.79912669171, 36.7243310352812], [-119.799769692315, 36.7249220349054], [-119.799984692401, 36.7251190347295], [-119.799779692361, 36.7252630348112]]]}, "properties": {"GEOID": "060190003002045", "P0010001": 60, "ALAND": 17768, "AWATER": 0}}, {"type": "Feature", "geometry": {"type": "Polygon", "coordinates": [[[-119.798704691935, 36.7242780346444], [-119.798082692144, 36.7247090351082], [-119.797875691557, 36.7248530352386], [-119.797661691297, 36.7246560347323], [-119.797020691239, 36.7240660353313], [-119.796807690804, 36.723870035079], [-119.797011691018, 36.7237240350362], [-119.797626691137, 36.7232890350436], [-119.797831691176, 36.7231440347386], [-119.798047691086, 36.723342034923], [-119.798695691715, 36.7239360352933], [-119.798912692348, 36.7241350349852], [-119.798704691935, 36.7242780346444]]]}, "properties": {"GEOID": "060190003002046", "P0010001": 0, "ALAND": 17774, "AWATER": 0}}, {"type": "Feature", "geometry": {"type": "Polygon", "coordinates": [[[-119.797626691137, 36.7232890350436], [-119.797011691018, 36.7237240350362], [-119.796807690804, 36.723870035079], [-119.796585691046, 36.7236680350744], [-119.795922691247, 36.7230620347529], [-119.795701691314, 36.722861034909], [-119.795901691331, 36.7227120347248], [-119.79650169138, 36.722267034865], [-119.796592690719, 36.722200035242], [-119.796705690697, 36.7221240350617], [-119.796930690827, 36.7223270349399], [-119.79760569122, 36.72293903533], [-119.797831691176, 36.7231440347386], [-119.797626691137, 36.7232890350436]]]}, "properties": {"GEOID": "060190003002047", "P0010001": 45, "ALAND": 18327, "AWATER": 0}}, {"type": "Feature", "geometry": {"type": "Polygon", "coordinates": [[[-119.790483691341, 36.7283630359137], [-119.789986691223, 36.7287300362306], [-119.789821691367, 36.7288530357383], [-119.789598690886, 36.7286620357157], [-119.788931689991, 36.7280890356773], [-119.788709690233, 36.7278980359143], [-119.788782690028, 36.727850035884], [-119.788888690333, 36.727771036069], [-119.789419689887, 36.727380036043], [-119.789597690163, 36.7272500358548], [-119.789807690225, 36.7274480362531], [-119.790438691135, 36.7280420358249], [-119.790649691022, 36.7282410356769], [-119.790483691341, 36.7283630359137]]]}, "properties": {"GEOID": "060190003002048", "P0010001": 0, "ALAND": 15015, "AWATER": 0}}, {"type": "Feature", "geometry": {"type": "Polygon", "coordinates": [[[-119.789642691267, 36.7289780358615], [-119.789107690616, 36.729355035813], [-119.788929691239, 36.7294810358787], [-119.788709690233, 36.7292800362757], [-119.788052690282, 36.7286800359002], [-119.787833689999, 36.7284800356931], [-119.788008689901, 36.7283630359137], [-119.788533689607, 36.7280140363434], [-119.788709690233, 36.7278980359143], [-119.788931689991, 36.7280890356773], [-119.789598690886, 36.7286620357157], [-119.789821691367, 36.7288530357383], [-119.789642691267, 36.7289780358615]]]}, "properties": {"GEOID": "060190003002049", "P0010001": 0, "ALAND": 15187, "AWATER": 0}}, {"type": "Feature", "geometry": {"type": "Polygon", "coordinates": [[[-119.791478691401, 36.7276490363316], [-119.79087169078, 36.7280790358183], [-119.790854691062, 36.7280900357351], [-119.790649691022, 36.7282410356769], [-119.790438691135, 36.7280420358249], [-119.789807690225, 36.7274480362531], [-119.789597690163, 36.7272500358548], [-119.789794689806, 36.727106035899], [-119.790385689635, 36.7266760360039], [-119.790583690002, 36.7265330357698], [-119.790802691183, 36.7267280363503], [-119.790883691374, 36.7268000359963], [-119.791464691157, 36.7273080362207], [-119.791686690915, 36.7275020362077], [-119.791478691401, 36.7276490363316]]]}, "properties": {"GEOID": "060190003002050", "P0010001": 13, "ALAND": 17568, "AWATER": 0}}, {"type": "Feature", "geometry": {"type": "Polygon", "coordinates": [[[-119.797742692386, 36.7267250346835], [-119.797122692245, 36.7271540349543], [-119.79691669238, 36.727297034752], [-119.796701692295, 36.7270980353335], [-119.796058690791, 36.7265010347042], [-119.795844691429, 36.726302034663], [-119.796048690746, 36.7261570350066], [-119.796662691039, 36.7257260347491], [-119.796867691078, 36.7255820348156], [-119.797083690988, 36.7257820346503], [-119.79773269234, 36.7263820353494], [-119.797949692075, 36.7265830353382], [-119.797742692386, 36.7267250346835]]]}, "properties": {"GEOID": "060190003002051", "P0010001": 83, "ALAND": 17830, "AWATER": 0}}, {"type": "Feature", "geometry": {"type": "Polygon", "coordinates": [[[-119.805015692776, 36.7286660351971], [-119.804979692791, 36.7286660351971], [-119.80391469331, 36.7286640350964], [-119.803609692813, 36.7286740348792], [-119.802722692708, 36.7287040349397], [-119.802696692769, 36.7287050349895], [-119.802392692995, 36.7287260353125], [-119.802568692722, 36.7285980353455], [-119.803096692802, 36.7282160349966], [-119.803273693252, 36.7280890349573], [-119.80339969275, 36.7279990347399], [-119.803475692918, 36.7279450351348], [-119.803677692585, 36.7278010350423], [-119.803712692745, 36.7277760349387], [-119.803864693081, 36.7279010346552], [-119.804027693287, 36.7280600347148], [-119.804230692779, 36.7282300350618], [-119.804407693229, 36.7283630351937], [-119.804595692652, 36.7284660349536], [-119.804784692798, 36.7285440347217], [-119.805068693378, 36.7286250352832], [-119.805015692776, 36.7286660351971]]]}, "properties": {"GEOID": "060190003003000", "P0010001": 0, "ALAND": 10856, "AWATER": 0}}, {"type": "Feature", "geometry": {"type": "Polygon", "coordinates": [[[-119.805405692764, 36.7283680347449], [-119.80513669315, 36.7285730347814], [-119.805068693378, 36.7286250352832], [-119.804784692798, 36.7285440347217], [-119.804595692652, 36.7284660349536], [-119.804407693229, 36.7283630351937], [-119.804230692779, 36.7282300350618], [-119.804027693287, 36.7280600347148], [-119.803864693081, 36.7279010346552], [-119.803712692745, 36.7277760349387], [-119.804082692641, 36.7275160349631], [-119.80428569303, 36.7273730348532], [-119.804509693336, 36.727572034999], [-119.805180692633, 36.728169035222], [-119.805405692764, 36.7283680347449]]]}, "properties": {"GEOID": "060190003003001", "P0010001": 18, "ALAND": 9410, "AWATER": 0}}, {"type": "Feature", "geometry": {"type": "Polygon", "coordinates": [[[-119.80642169274, 36.7276300351217], [-119.805788693078, 36.7280930351885], [-119.805405692764, 36.7283680347449], [-119.805180692633, 36.728169035222], [-119.804509693336, 36.727572034999], [-119.80428569303, 36.7273730348532], [-119.804491692895, 36.7272240347828], [-119.805112692861, 36.7267800352214], [-119.805319693448, 36.7266320347972], [-119.805539692658, 36.7268310347032], [-119.806200692807, 36.7274300350598], [-119.80642169274, 36.7276300351217]]]}, "properties": {"GEOID": "060190003003002", "P0010001": 74, "ALAND": 18297, "AWATER": 0}}, {"type": "Feature", "geometry": {"type": "Polygon", "coordinates": [[[-119.807401692731, 36.7269510348748], [-119.807308692845, 36.7270250351752], [-119.807278692707, 36.7270510348746], [-119.807144692813, 36.7271410347631], [-119.806743692955, 36.727413034649], [-119.806610692886, 36.7275040348987], [-119.806572693251, 36.7275290350908], [-119.806458693448, 36.7276040348983], [-119.80642169274, 36.7276300351217], [-119.806200692807, 36.7274300350598], [-119.805539692658, 36.7268310347032], [-119.805319693448, 36.7266320347972], [-119.805521693115, 36.7264880351225], [-119.806128692837, 36.7260600348154], [-119.806331693226, 36.7259180349604], [-119.806551693334, 36.7261190347237], [-119.80721169276, 36.7267240353279], [-119.807432692693, 36.7269260352145], [-119.807401692731, 36.7269510348748]]]}, "properties": {"GEOID": "060190003003003", "P0010001": 78, "ALAND": 17899, "AWATER": 0}}, {"type": "Feature", "geometry": {"type": "Polygon", "coordinates": [[[-119.806128692837, 36.7260600348154], [-119.805521693115, 36.7264880351225], [-119.805319693448, 36.7266320347972], [-119.805093692594, 36.7264320350161], [-119.804417693275, 36.725834034882], [-119.804192693144, 36.7256350352725], [-119.804402693206, 36.7254880348933], [-119.805034693043, 36.7250470349475], [-119.80524569293, 36.7249010349821], [-119.805462692665, 36.7251040347205], [-119.806113692768, 36.7257140351249], [-119.806331693226, 36.7259180349604], [-119.806128692837, 36.7260600348154]]]}, "properties": {"GEOID": "060190003003004", "P0010001": 62, "ALAND": 18245, "AWATER": 0}}, {"type": "Feature", "geometry": {"type": "Polygon", "coordinates": [[[-119.805112692861, 36.7267800352214], [-119.804491692895, 36.7272240347828], [-119.80428569303, 36.7273730348532], [-119.804065692922, 36.7271720347723], [-119.803407693146, 36.726571035128], [-119.803188692863, 36.726371035188], [-119.80338869288, 36.7262230346955], [-119.803991693302, 36.7257820346503], [-119.804192693144, 36.7256350352725], [-119.804417693275, 36.725834034882], [-119.805093692594, 36.7264320350161], [-119.805319693448, 36.7266320347972], [-119.805112692861, 36.7267800352214]]]}, "properties": {"GEOID": "060190003003005", "P0010001": 48, "ALAND": 18237, "AWATER": 0}}, {"type": "Feature", "geometry": {"type": "Polygon", "coordinates": [[[-119.804082692641, 36.7275160349631], [-119.803712692745, 36.7277760349387], [-119.803677692585, 36.7278010350423], [-119.803475692918, 36.7279450351348], [-119.80339969275, 36.7279990347399], [-119.803273693252, 36.7280890349573], [-119.803049692946, 36.7278910347718], [-119.802380692401, 36.7272980348201], [-119.80215769192, 36.7271010348257], [-119.802363691784, 36.7269540350927], [-119.802981693174, 36.7265170352387], [-119.803188692863, 36.726371035188], [-119.803407693146, 36.726571035128], [-119.804065692922, 36.7271720347723], [-119.80428569303, 36.7273730348532], [-119.804082692641, 36.7275160349631]]]}, "properties": {"GEOID": "060190003003006", "P0010001": 33, "ALAND": 18001, "AWATER": 0}}, {"type": "Feature", "geometry": {"type": "Polygon", "coordinates": [[[-119.802981693174, 36.7265170352387], [-119.802363691784, 36.7269540350927], [-119.80215769192, 36.7271010348257], [-119.80193969236, 36.7269030349727], [-119.801286691709, 36.7263100353115], [-119.801069691974, 36.7261130349425], [-119.801276691663, 36.7259660347583], [-119.801897691629, 36.725529035042], [-119.802105692041, 36.725383035273], [-119.802321691952, 36.7255800353546], [-119.80297169223, 36.7261730348928], [-119.803188692863, 36.726371035188], [-119.802981693174, 36.7265170352387]]]}, "properties": {"GEOID": "060190003003007", "P0010001": 70, "ALAND": 17978, "AWATER": 0}}, {"type": "Feature", "geometry": {"type": "Polygon", "coordinates": [[[-119.803991693302, 36.7257820346503], [-119.80338869288, 36.7262230346955], [-119.803188692863, 36.726371035188], [-119.80297169223, 36.7261730348928], [-119.802321691952, 36.7255800353546], [-119.802105692041, 36.725383035273], [-119.802309692256, 36.7252340349415], [-119.802922691826, 36.7247900346748], [-119.803127691865, 36.7246420347355], [-119.803340692301, 36.724840034658], [-119.803979692709, 36.7254360351473], [-119.804192693144, 36.7256350352725], [-119.803991693302, 36.7257820346503]]]}, "properties": {"GEOID": "060190003003008", "P0010001": 57, "ALAND": 17813, "AWATER": 0}}, {"type": "Feature", "geometry": {"type": "Polygon", "coordinates": [[[-119.805034693043, 36.7250470349475], [-119.804402693206, 36.7254880348933], [-119.804192693144, 36.7256350352725], [-119.803979692709, 36.7254360351473], [-119.803340692301, 36.724840034658], [-119.803127691865, 36.7246420347355], [-119.803327691882, 36.7244980349294], [-119.803927691932, 36.7240700350521], [-119.804128691773, 36.7239270350056], [-119.804351692254, 36.7241210348935], [-119.805021692624, 36.7247060348026], [-119.80524569293, 36.7249010349821], [-119.805034693043, 36.7250470349475]]]}, "properties": {"GEOID": "060190003003009", "P0010001": 38, "ALAND": 17845, "AWATER": 0}}, {"type": "Feature", "geometry": {"type": "Polygon", "coordinates": [[[-119.803927691932, 36.7240700350521], [-119.803327691882, 36.7244980349294], [-119.803127691865, 36.7246420347355], [-119.802906691933, 36.7244440350226], [-119.802245691784, 36.7238500349811], [-119.802025691676, 36.723653034782], [-119.802230691715, 36.7235090352817], [-119.802845691833, 36.7230790346868], [-119.803051691698, 36.7229360349553], [-119.803266691783, 36.7231340349558], [-119.803912691863, 36.7237280347748], [-119.804128691773, 36.7239270350056], [-119.803927691932, 36.7240700350521]]]}, "properties": {"GEOID": "060190003003010", "P0010001": 39, "ALAND": 17680, "AWATER": 0}}, {"type": "Feature", "geometry": {"type": "Polygon", "coordinates": [[[-119.802922691826, 36.7247900346748], [-119.802309692256, 36.7252340349415], [-119.802105692041, 36.725383035273], [-119.801897691629, 36.725529035042], [-119.801276691663, 36.7259660347583], [-119.801069691974, 36.7261130349425], [-119.800851692414, 36.7259140353359], [-119.800200692311, 36.7253170348622], [-119.799984692401, 36.7251190347295], [-119.80018969244, 36.7249710347043], [-119.800807692033, 36.7245290352855], [-119.801013691897, 36.7243820349494], [-119.801215691564, 36.7242350350518], [-119.801822692184, 36.7237980348461], [-119.802025691676, 36.723653034782], [-119.802245691784, 36.7238500349811], [-119.802906691933, 36.7244440350226], [-119.803127691865, 36.7246420347355], [-119.802922691826, 36.7247900346748]]]}, "properties": {"GEOID": "060190003003011", "P0010001": 236, "ALAND": 36157, "AWATER": 0}}, {"type": "Feature", "geometry": {"type": "Polygon", "coordinates": [[[-119.800807692033, 36.7245290352855], [-119.80018969244, 36.7249710347043], [-119.799984692401, 36.7251190347295], [-119.799769692315, 36.7249220349054], [-119.79912669171, 36.7243310352812], [-119.798912692348, 36.7241350349852], [-119.799112692364, 36.7239860351125], [-119.799712692414, 36.7235390351998], [-119.799912692431, 36.7233900348908], [-119.80013269164, 36.7235880351609], [-119.800792691964, 36.7241830351774], [-119.801013691897, 36.7243820349494], [-119.800807692033, 36.7245290352855]]]}, "properties": {"GEOID": "060190003003012", "P0010001": 49, "ALAND": 17911, "AWATER": 0}}, {"type": "Feature", "geometry": {"type": "Polygon", "coordinates": [[[-119.801822692184, 36.7237980348461], [-119.801215691564, 36.7242350350518], [-119.801013691897, 36.7243820349494], [-119.800792691964, 36.7241830351774], [-119.80013269164, 36.7235880351609], [-119.799912692431, 36.7233900348908], [-119.800122691595, 36.7232440346555], [-119.800756691979, 36.7228090348244], [-119.800967691867, 36.7226650351817], [-119.801178691754, 36.722862035035], [-119.801813691963, 36.7234550346794], [-119.802025691676, 36.723653034782], [-119.801822692184, 36.7237980348461]]]}, "properties": {"GEOID": "060190003003013", "P0010001": 46, "ALAND": 17923, "AWATER": 0}}, {"type": "Feature", "geometry": {"type": "Polygon", "coordinates": [[[-119.802845691833, 36.7230790346868], [-119.802230691715, 36.7235090352817], [-119.802025691676, 36.723653034782], [-119.801813691963, 36.7234550346794], [-119.801178691754, 36.722862035035], [-119.800967691867, 36.7226650351817], [-119.801973691797, 36.7219540348786], [-119.803051691698, 36.7229360349553], [-119.802845691833, 36.7230790346868]]]}, "properties": {"GEOID": "060190003003014", "P0010001": 62, "ALAND": 17474, "AWATER": 0}}, {"type": "Feature", "geometry": {"type": "Polygon", "coordinates": [[[-119.801973691797, 36.7219540348786], [-119.800967691867, 36.7226650351817], [-119.800748691583, 36.7224710352162], [-119.800091691632, 36.7218910348168], [-119.799872691349, 36.7216980351975], [-119.800318692311, 36.7214060352172], [-119.801360692227, 36.7214040349274], [-119.801426692349, 36.7214060352172], [-119.801973691797, 36.7219540348786]]]}, "properties": {"GEOID": "060190003003015", "P0010001": 57, "ALAND": 15304, "AWATER": 0}}, {"type": "Feature", "geometry": {"type": "Polygon", "coordinates": [[[-119.800756691979, 36.7228090348244], [-119.800122691595, 36.7232440346555], [-119.799912692431, 36.7233900348908], [-119.799701691645, 36.723197034718], [-119.799068691085, 36.722619035019], [-119.798858691023, 36.7224270352004], [-119.799060690689, 36.7222810352946], [-119.79966969096, 36.7218430353523], [-119.799872691349, 36.7216980351975], [-119.800091691632, 36.7218910348168], [-119.800748691583, 36.7224710352162], [-119.800967691867, 36.7226650351817], [-119.800756691979, 36.7228090348244]]]}, "properties": {"GEOID": "060190003003016", "P0010001": 59, "ALAND": 17640, "AWATER": 0}}, {"type": "Feature", "geometry": {"type": "Polygon", "coordinates": [[[-119.799712692414, 36.7235390351998], [-119.799112692364, 36.7239860351125], [-119.798912692348, 36.7241350349852], [-119.798695691715, 36.7239360352933], [-119.798047691086, 36.723342034923], [-119.797831691176, 36.7231440347386], [-119.798036691215, 36.723000035004], [-119.798652691159, 36.7225700351597], [-119.798858691023, 36.7224270352004], [-119.799068691085, 36.722619035019], [-119.799701691645, 36.723197034718], [-119.799912692431, 36.7233900348908], [-119.799712692414, 36.7235390351998]]]}, "properties": {"GEOID": "060190003003017", "P0010001": 74, "ALAND": 17559, "AWATER": 0}}, {"type": "Feature", "geometry": {"type": "Polygon", "coordinates": [[[-119.799872691349, 36.7216980351975], [-119.79966969096, 36.7218430353523], [-119.799060690689, 36.7222810352946], [-119.798858691023, 36.7224270352004], [-119.798652691159, 36.7225700351597], [-119.798036691215, 36.723000035004], [-119.797831691176, 36.7231440347386], [-119.79760569122, 36.72293903533], [-119.796930690827, 36.7223270349399], [-119.796705690697, 36.7221240350617], [-119.796874690751, 36.7220240351266], [-119.797018690691, 36.7219400351094], [-119.797366690846, 36.7217790350595], [-119.797405691204, 36.7217650352584], [-119.797592690801, 36.7217000347596], [-119.797825691328, 36.7216180346722], [-119.79796569107, 36.7215870353012], [-119.798294690958, 36.7215160352316], [-119.798924691145, 36.7214510352421], [-119.799127690636, 36.7214430348075], [-119.799518691347, 36.7214280348007], [-119.799588690769, 36.7214820346679], [-119.799801691204, 36.7216440347621], [-119.799872691349, 36.7216980351975]]]}, "properties": {"GEOID": "060190003003018", "P0010001": 85, "ALAND": 27516, "AWATER": 0}}, {"type": "Feature", "geometry": {"type": "Polygon", "coordinates": [[[-119.799872691349, 36.7216980351975], [-119.799801691204, 36.7216440347621], [-119.799588690769, 36.7214820346679], [-119.799518691347, 36.7214280348007], [-119.799865690778, 36.7214140349355], [-119.800318692311, 36.7214060352172], [-119.799872691349, 36.7216980351975]]]}, "properties": {"GEOID": "060190003003019", "P0010001": 0, "ALAND": 1128, "AWATER": 0}}, {"type": "Feature", "geometry": {"type": "Polygon", "coordinates": [[[-119.765843687327, 36.7358100377974], [-119.765851686824, 36.7358700380895], [-119.76436068737, 36.7358540387841], [-119.763870686925, 36.7358620391571], [-119.763641686597, 36.7358730386788], [-119.763638687122, 36.7356650388175], [-119.763631686551, 36.7350410380119], [-119.763629686901, 36.7348340380261], [-119.76586168687, 36.734833038056], [-119.765843687327, 36.7358100377974]]]}, "properties": {"GEOID": "060190004001000", "P0010001": 52, "ALAND": 22596, "AWATER": 0}}, {"type": "Feature", "geometry": {"type": "Polygon", "coordinates": [[[-119.767638688351, 36.735888038024], [-119.765993687114, 36.7358700380895], [-119.765851686824, 36.7358700380895], [-119.765843687327, 36.7358100377974], [-119.76586168687, 36.734833038056], [-119.767650688047, 36.734830038146], [-119.767638688351, 36.735888038024]]]}, "properties": {"GEOID": "060190004001001", "P0010001": 41, "ALAND": 18597, "AWATER": 0}}, {"type": "Feature", "geometry": {"type": "Polygon", "coordinates": [[[-119.769290688362, 36.7357350380861], [-119.769278687768, 36.7358730379589], [-119.767638688351, 36.735888038024], [-119.767650688047, 36.734830038146], [-119.767976687561, 36.7348270382359], [-119.768957688276, 36.7348200377252], [-119.769284687616, 36.7348180377848], [-119.769285688339, 36.7350290376836], [-119.769289687639, 36.73566203822], [-119.769290688362, 36.7357350380861]]]}, "properties": {"GEOID": "060190004001002", "P0010001": 59, "ALAND": 17203, "AWATER": 0}}, {"type": "Feature", "geometry": {"type": "Polygon", "coordinates": [[[-119.769295688385, 36.733879037719], [-119.769293687837, 36.7340030383184], [-119.769286688164, 36.7346140378362], [-119.769284687616, 36.7348180377848], [-119.768957688276, 36.7348200377252], [-119.767976687561, 36.7348270382359], [-119.767650688047, 36.734830038146], [-119.767650688047, 36.7346230383112], [-119.767652687696, 36.7340010383568], [-119.76765368842, 36.7337950377101], [-119.767982688308, 36.7337960376936], [-119.768969687971, 36.733799037644], [-119.769299687684, 36.7338000383474], [-119.769295688385, 36.733879037719]]]}, "properties": {"GEOID": "060190004001003", "P0010001": 52, "ALAND": 16666, "AWATER": 0}}, {"type": "Feature", "geometry": {"type": "Polygon", "coordinates": [[[-119.767652687696, 36.7340010383568], [-119.767650688047, 36.7346230383112], [-119.767650688047, 36.734830038146], [-119.76586168687, 36.734833038056], [-119.76585968722, 36.733799037644], [-119.76621768742, 36.7337970376771], [-119.767294686598, 36.7337950377101], [-119.76765368842, 36.7337950377101], [-119.767652687696, 36.7340010383568]]]}, "properties": {"GEOID": "060190004001004", "P0010001": 69, "ALAND": 18380, "AWATER": 0}}, {"type": "Feature", "geometry": {"type": "Polygon", "coordinates": [[[-119.76586168687, 36.734833038056], [-119.763629686901, 36.7348340380261], [-119.763631686551, 36.7347250383413], [-119.763638687122, 36.7344070381389], [-119.763625686703, 36.7342930379629], [-119.763626687426, 36.7341910380788], [-119.763629686901, 36.7338880382802], [-119.763630686726, 36.7338630379987], [-119.763627687251, 36.7337870378415], [-119.764073687315, 36.7337890378088], [-119.765412687331, 36.7337960376936], [-119.76585968722, 36.733799037644], [-119.76586168687, 36.734833038056]]]}, "properties": {"GEOID": "060190004001005", "P0010001": 80, "ALAND": 23005, "AWATER": 0}}, {"type": "Feature", "geometry": {"type": "Polygon", "coordinates": [[[-119.765874687289, 36.7328580380824], [-119.765872686741, 36.7329730382236], [-119.765862686695, 36.7335920379091], [-119.76585968722, 36.733799037644], [-119.765412687331, 36.7337960376936], [-119.764073687315, 36.7337890378088], [-119.763627687251, 36.7337870378415], [-119.763627687251, 36.7335980378257], [-119.763628687076, 36.7330300378729], [-119.763629686901, 36.7328420381493], [-119.763629686901, 36.7328250382167], [-119.763630686726, 36.7327730376795], [-119.763631686551, 36.7327570377287], [-119.764082686638, 36.7327590377227], [-119.765435686898, 36.7327650377045], [-119.765886686984, 36.7327680376952], [-119.765874687289, 36.7328580380824]]]}, "properties": {"GEOID": "060190004001006", "P0010001": 52, "ALAND": 22880, "AWATER": 0}}, {"type": "Feature", "geometry": {"type": "Polygon", "coordinates": [[[-119.76765368842, 36.7337950377101], [-119.767294686598, 36.7337950377101], [-119.76621768742, 36.7337970376771], [-119.76585968722, 36.733799037644], [-119.765862686695, 36.7335920379091], [-119.765872686741, 36.7329730382236], [-119.765874687289, 36.7328580380824], [-119.765886686984, 36.7327680376952], [-119.766238687337, 36.7327680376952], [-119.767295687321, 36.732770037689], [-119.7676486866, 36.7327710376859], [-119.767649687323, 36.732975038212], [-119.767652687696, 36.7335900379367], [-119.76765368842, 36.7337950377101]]]}, "properties": {"GEOID": "060190004001007", "P0010001": 78, "ALAND": 18152, "AWATER": 0}}, {"type": "Feature", "geometry": {"type": "Polygon", "coordinates": [[[-119.769299687684, 36.7338000383474], [-119.768969687971, 36.733799037644], [-119.767982688308, 36.7337960376936], [-119.76765368842, 36.7337950377101], [-119.767652687696, 36.7335900379367], [-119.767649687323, 36.732975038212], [-119.7676486866, 36.7327710376859], [-119.767975686838, 36.7327710376859], [-119.768957688276, 36.7327730376795], [-119.769285688339, 36.7327740376763], [-119.769280688316, 36.7328320381894], [-119.769282687966, 36.7329790381887], [-119.769294687661, 36.7335940378813], [-119.769299687684, 36.7338000383474]]]}, "properties": {"GEOID": "060190004001008", "P0010001": 76, "ALAND": 16647, "AWATER": 0}}, {"type": "Feature", "geometry": {"type": "Polygon", "coordinates": [[[-119.769302688057, 36.7317790380023], [-119.769285688339, 36.7327740376763], [-119.768957688276, 36.7327730376795], [-119.767975686838, 36.7327710376859], [-119.7676486866, 36.7327710376859], [-119.767647686775, 36.7325630380594], [-119.767647686775, 36.73195903811], [-119.76764668695, 36.7319420379818], [-119.76763568708, 36.73173603829], [-119.769306688255, 36.7317340382694], [-119.769302688057, 36.7317790380023]]]}, "properties": {"GEOID": "060190004001009", "P0010001": 64, "ALAND": 16943, "AWATER": 0}}, {"type": "Feature", "geometry": {"type": "Polygon", "coordinates": [[[-119.7676486866, 36.7327710376859], [-119.767295687321, 36.732770037689], [-119.766238687337, 36.7327680376952], [-119.765886686984, 36.7327680376952], [-119.765880687137, 36.7325610380603], [-119.765864687243, 36.7319400379665], [-119.76585968722, 36.7317340382694], [-119.766214687047, 36.7317340382694], [-119.767279687427, 36.7317350382797], [-119.76763568708, 36.73173603829], [-119.76764668695, 36.7319420379818], [-119.767647686775, 36.73195903811], [-119.767647686775, 36.7325630380594], [-119.7676486866, 36.7327710376859]]]}, "properties": {"GEOID": "060190004001010", "P0010001": 90, "ALAND": 18188, "AWATER": 0}}, {"type": "Feature", "geometry": {"type": "Polygon", "coordinates": [[[-119.765886686984, 36.7327680376952], [-119.765435686898, 36.7327650377045], [-119.764082686638, 36.7327590377227], [-119.763631686551, 36.7327570377287], [-119.763632687274, 36.7325520380635], [-119.763636686574, 36.7319370379434], [-119.763638687122, 36.7318110383082], [-119.76364468697, 36.731733038259], [-119.76408768666, 36.731733038259], [-119.765415686806, 36.731733038259], [-119.76585968722, 36.7317340382694], [-119.765864687243, 36.7319400379665], [-119.765880687137, 36.7325610380603], [-119.765886686984, 36.7327680376952]]]}, "properties": {"GEOID": "060190004001011", "P0010001": 100, "ALAND": 22824, "AWATER": 0}}, {"type": "Feature", "geometry": {"type": "Polygon", "coordinates": [[[-119.765870687091, 36.7309140383578], [-119.765862686695, 36.7315290380325], [-119.76585968722, 36.7317340382694], [-119.765415686806, 36.731733038259], [-119.76408768666, 36.731733038259], [-119.76364468697, 36.731733038259], [-119.763643687145, 36.7316700382999], [-119.76364268732, 36.7314820381259], [-119.76364268732, 36.7314200379752], [-119.76364268732, 36.7312780379525], [-119.76364468697, 36.7308530377703], [-119.763646686619, 36.7307120381625], [-119.764091686858, 36.7307110381388], [-119.765428687225, 36.7307090380914], [-119.765874687289, 36.7307090380914], [-119.765870687091, 36.7309140383578]]]}, "properties": {"GEOID": "060190004001012", "P0010001": 94, "ALAND": 22543, "AWATER": 0}}, {"type": "Feature", "geometry": {"type": "Polygon", "coordinates": [[[-119.767650687148, 36.7309210377847], [-119.767639687278, 36.7315320380716], [-119.76763568708, 36.73173603829], [-119.767279687427, 36.7317350382797], [-119.766214687047, 36.7317340382694], [-119.76585968722, 36.7317340382694], [-119.765862686695, 36.7315290380325], [-119.765870687091, 36.7309140383578], [-119.765874687289, 36.7307090380914], [-119.766230686941, 36.7307100381151], [-119.767298686796, 36.7307160382571], [-119.767655687171, 36.7307180383043], [-119.767650687148, 36.7309210377847]]]}, "properties": {"GEOID": "060190004001013", "P0010001": 68, "ALAND": 18009, "AWATER": 0}}, {"type": "Feature", "geometry": {"type": "Polygon", "coordinates": [[[-119.769310687555, 36.7307810383246], [-119.769306688255, 36.7317340382694], [-119.76763568708, 36.73173603829], [-119.767639687278, 36.7315320380716], [-119.767650687148, 36.7309210377847], [-119.767655687171, 36.7307180383043], [-119.767987687432, 36.7307140382098], [-119.768984687142, 36.7307050379965], [-119.769317687228, 36.7307020379252], [-119.769310687555, 36.7307810383246]]]}, "properties": {"GEOID": "060190004001014", "P0010001": 53, "ALAND": 16910, "AWATER": 0}}, {"type": "Feature", "geometry": {"type": "Polygon", "coordinates": [[[-119.769317687228, 36.7307020379252], [-119.768984687142, 36.7307050379965], [-119.767987687432, 36.7307140382098], [-119.767655687171, 36.7307180383043], [-119.767654687346, 36.7305110381821], [-119.767653686623, 36.729890038067], [-119.767653686623, 36.7296840379096], [-119.767976686663, 36.7296840379096], [-119.768945686784, 36.7296870380207], [-119.769268686824, 36.7296890380947], [-119.769277687045, 36.7298910381014], [-119.769307687182, 36.7304990378657], [-119.769317687228, 36.7307020379252]]]}, "properties": {"GEOID": "060190004001015", "P0010001": 66, "ALAND": 16631, "AWATER": 0}}, {"type": "Feature", "geometry": {"type": "Polygon", "coordinates": [[[-119.767655687171, 36.7307180383043], [-119.767298686796, 36.7307160382571], [-119.766230686941, 36.7307100381151], [-119.765874687289, 36.7307090380914], [-119.765874687289, 36.7305050380241], [-119.765876686939, 36.7298940382044], [-119.765878686588, 36.7296910381687], [-119.766232686591, 36.7296890380947], [-119.767297686971, 36.7296850379466], [-119.767653686623, 36.7296840379096], [-119.767653686623, 36.729890038067], [-119.767654687346, 36.7305110381821], [-119.767655687171, 36.7307180383043]]]}, "properties": {"GEOID": "060190004001016", "P0010001": 75, "ALAND": 18087, "AWATER": 0}}, {"type": "Feature", "geometry": {"type": "Polygon", "coordinates": [[[-119.765876686939, 36.7298940382044], [-119.765874687289, 36.7305050380241], [-119.765874687289, 36.7307090380914], [-119.765428687225, 36.7307090380914], [-119.764091686858, 36.7307110381388], [-119.763646686619, 36.7307120381625], [-119.763646686619, 36.7305090381295], [-119.763646685721, 36.7299010377243], [-119.763646685721, 36.7297900381645], [-119.763651685744, 36.729699037744], [-119.764096686881, 36.7296970376703], [-119.765432687423, 36.7296920382056], [-119.765878686588, 36.7296910381687], [-119.765876686939, 36.7298940382044]]]}, "properties": {"GEOID": "060190004001017", "P0010001": 90, "ALAND": 22437, "AWATER": 0}}, {"type": "Feature", "geometry": {"type": "Polygon", "coordinates": [[[-119.765880687137, 36.7288720380856], [-119.765878686588, 36.729486038237], [-119.765878686588, 36.7296910381687], [-119.765432687423, 36.7296920382056], [-119.764096686881, 36.7296970376703], [-119.763651685744, 36.729699037744], [-119.763652685569, 36.7294880383162], [-119.763657685592, 36.7288550379939], [-119.763658686315, 36.7287440376419], [-119.763651685744, 36.7286450377375], [-119.763871685852, 36.7286450377375], [-119.764532686899, 36.7286470378386], [-119.764753686832, 36.7286480378892], [-119.764978686963, 36.7286510380408], [-119.765656686831, 36.728663037926], [-119.765882686786, 36.7286680381776], [-119.765880687137, 36.7288720380856]]]}, "properties": {"GEOID": "060190004001018", "P0010001": 98, "ALAND": 23002, "AWATER": 0}}, {"type": "Feature", "geometry": {"type": "Polygon", "coordinates": [[[-119.767653686623, 36.7296840379096], [-119.767297686971, 36.7296850379466], [-119.766232686591, 36.7296890380947], [-119.765878686588, 36.7296910381687], [-119.765878686588, 36.729486038237], [-119.765880687137, 36.7288720380856], [-119.765882686786, 36.7286680381776], [-119.76609968742, 36.7286700382781], [-119.766752687173, 36.7286760378595], [-119.766970686733, 36.72867903801], [-119.767104686627, 36.7286760378595], [-119.767507687033, 36.7286710383284], [-119.767642686752, 36.7286690382278], [-119.7676446873, 36.7288720380856], [-119.767650687148, 36.7294810380386], [-119.767653686623, 36.7296840379096]]]}, "properties": {"GEOID": "060190004001019", "P0010001": 78, "ALAND": 17767, "AWATER": 0}}, {"type": "Feature", "geometry": {"type": "Polygon", "coordinates": [[[-119.769268686824, 36.7296890380947], [-119.768945686784, 36.7296870380207], [-119.767976686663, 36.7296840379096], [-119.767653686623, 36.7296840379096], [-119.767650687148, 36.7294810380386], [-119.7676446873, 36.7288720380856], [-119.767642686752, 36.7286690382278], [-119.767726687316, 36.7286690382278], [-119.767978687211, 36.7286690382278], [-119.768063686702, 36.7286700382781], [-119.768307687099, 36.7288700379903], [-119.768410687031, 36.7289540383476], [-119.768630687139, 36.7291240381554], [-119.768837686829, 36.7292910381803], [-119.769026686975, 36.7294850381973], [-119.769268686824, 36.7296890380947]]]}, "properties": {"GEOID": "060190004001020", "P0010001": 36, "ALAND": 10382, "AWATER": 0}}, {"type": "Feature", "geometry": {"type": "Polygon", "coordinates": [[[-119.76927868687, 36.7288790376987], [-119.769270687372, 36.729486038237], [-119.769268686824, 36.7296890380947], [-119.769026686975, 36.7294850381973], [-119.768837686829, 36.7292910381803], [-119.768630687139, 36.7291240381554], [-119.768410687031, 36.7289540383476], [-119.768307687099, 36.7288700379903], [-119.768063686702, 36.7286700382781], [-119.768306687274, 36.7286710383284], [-119.769037686845, 36.7286750378093], [-119.769281687243, 36.7286770371897], [-119.76927868687, 36.7288790376987]]]}, "properties": {"GEOID": "060190004001021", "P0010001": 20, "ALAND": 5966, "AWATER": 0}}, {"type": "Feature", "geometry": {"type": "Polygon", "coordinates": [[[-119.764777686223, 36.725084037104], [-119.764770685652, 36.7275860380615], [-119.764762686155, 36.7276990380534], [-119.76476168633, 36.7277980377374], [-119.76475568738, 36.7284350383467], [-119.764753686832, 36.7286480378892], [-119.764532686899, 36.7286470378386], [-119.763871685852, 36.7286450377375], [-119.763651685744, 36.7286450377375], [-119.763654686117, 36.7284610382887], [-119.763663686338, 36.7279110381373], [-119.763665685988, 36.7278530382268], [-119.763655685942, 36.7277280377122], [-119.763654686117, 36.727545038291], [-119.763653686292, 36.7269970382029], [-119.763653686292, 36.7269240379485], [-119.763647686444, 36.7268150378341], [-119.763646685721, 36.7259030379875], [-119.763646685721, 36.7251280377576], [-119.763642686421, 36.7250000382734], [-119.763642686421, 36.7249390380278], [-119.764781686421, 36.7249370371101], [-119.764777686223, 36.725084037104]]]}, "properties": {"GEOID": "060190004002000", "P0010001": 140, "ALAND": 41122, "AWATER": 0}}, {"type": "Feature", "geometry": {"type": "Polygon", "coordinates": [[[-119.765889687357, 36.7277480382402], [-119.765888686634, 36.7278030380454], [-119.765883686611, 36.7284510377582], [-119.765882686786, 36.7286680381776], [-119.765656686831, 36.728663037926], [-119.764978686963, 36.7286510380408], [-119.764753686832, 36.7286480378892], [-119.76475568738, 36.7284350383467], [-119.76476168633, 36.7277980377374], [-119.764762686155, 36.7276990380534], [-119.764770685652, 36.7275860380615], [-119.764994685958, 36.7275860380615], [-119.765669687249, 36.7275870381259], [-119.76589468738, 36.7275880381903], [-119.765889687357, 36.7277480382402]]]}, "properties": {"GEOID": "060190004002001", "P0010001": 21, "ALAND": 11968, "AWATER": 0}}, {"type": "Feature", "geometry": {"type": "Polygon", "coordinates": [[[-119.766977687304, 36.7278020379838], [-119.766971686558, 36.7284600382357], [-119.766970686733, 36.72867903801], [-119.766752687173, 36.7286760378595], [-119.76609968742, 36.7286700382781], [-119.765882686786, 36.7286680381776], [-119.765883686611, 36.7284510377582], [-119.765888686634, 36.7278030380454], [-119.765889687357, 36.7277480382402], [-119.76589468738, 36.7275880381903], [-119.76611068729, 36.7275870381259], [-119.766762687219, 36.7275840379328], [-119.766979686953, 36.7275840379328], [-119.766977687304, 36.7278020379838]]]}, "properties": {"GEOID": "060190004002002", "P0010001": 48, "ALAND": 11731, "AWATER": 0}}, {"type": "Feature", "geometry": {"type": "Polygon", "coordinates": [[[-119.768092687014, 36.7277000366762], [-119.768088686816, 36.7278040366669], [-119.768069687448, 36.7284530378644], [-119.768063686702, 36.7286700382781], [-119.767978687211, 36.7286690382278], [-119.767726687316, 36.7286690382278], [-119.767642686752, 36.7286690382278], [-119.767507687033, 36.7286710383284], [-119.767104686627, 36.7286760378595], [-119.766970686733, 36.72867903801], [-119.766971686558, 36.7284600382357], [-119.766977687304, 36.7278020379838], [-119.766979686953, 36.7275840379328], [-119.767201686711, 36.7275840379328], [-119.767869687431, 36.7275870366859], [-119.768092687014, 36.7275880367503], [-119.768092687014, 36.7277000366762]]]}, "properties": {"GEOID": "060190004002003", "P0010001": 21, "ALAND": 11892, "AWATER": 0}}, {"type": "Feature", "geometry": {"type": "Polygon", "coordinates": [[[-119.769281687243, 36.7286770371897], [-119.769037686845, 36.7286750378093], [-119.768306687274, 36.7286710383284], [-119.768063686702, 36.7286700382781], [-119.768069687448, 36.7284530378644], [-119.768088686816, 36.7278040366669], [-119.768092687014, 36.7277000366762], [-119.768092687014, 36.7275880367503], [-119.768326687366, 36.7275890368147], [-119.769031686997, 36.7275930370719], [-119.769266687174, 36.7275950372004], [-119.769263686801, 36.7276830370452], [-119.769265687349, 36.7278110370974], [-119.769277687045, 36.7284600367958], [-119.769281687243, 36.7286770371897]]]}, "properties": {"GEOID": "060190004002004", "P0010001": 40, "ALAND": 12793, "AWATER": 0}}, {"type": "Feature", "geometry": {"type": "Polygon", "coordinates": [[[-119.76927868687, 36.7263490370204], [-119.769269686649, 36.7272830366766], [-119.769266687174, 36.7275950372004], [-119.769031686997, 36.7275930370719], [-119.768326687366, 36.7275890368147], [-119.768092687014, 36.7275880367503], [-119.768088686816, 36.7272790371232], [-119.768077686945, 36.7263550367831], [-119.768074686572, 36.7260470373191], [-119.768313686947, 36.7260440370658], [-119.769030687173, 36.7260370371942], [-119.769207686725, 36.7260360371097], [-119.769270687372, 36.7260380372788], [-119.769280687418, 36.7261810369946], [-119.76927868687, 36.7263490370204]]]}, "properties": {"GEOID": "060190004002005", "P0010001": 78, "ALAND": 18296, "AWATER": 0}}, {"type": "Feature", "geometry": {"type": "Polygon", "coordinates": [[[-119.768092687014, 36.7275880367503], [-119.767869687431, 36.7275870366859], [-119.767201686711, 36.7275840379328], [-119.766979686953, 36.7275840379328], [-119.766981686603, 36.7272750382896], [-119.766986686626, 36.7263490370204], [-119.766989686999, 36.7260410368123], [-119.767206686734, 36.7260420368968], [-119.767857686837, 36.7260450371502], [-119.768074686572, 36.7260470373191], [-119.768077686945, 36.7263550367831], [-119.768088686816, 36.7272790371232], [-119.768092687014, 36.7275880367503]]]}, "properties": {"GEOID": "060190004002006", "P0010001": 71, "ALAND": 16799, "AWATER": 0}}, {"type": "Feature", "geometry": {"type": "Polygon", "coordinates": [[[-119.766986686626, 36.7263490370204], [-119.766981686603, 36.7272750382896], [-119.766979686953, 36.7275840379328], [-119.766762687219, 36.7275840379328], [-119.76611068729, 36.7275870381259], [-119.76589468738, 36.7275880381903], [-119.765892685934, 36.7260470373191], [-119.766989686999, 36.7260410368123], [-119.766986686626, 36.7263490370204]]]}, "properties": {"GEOID": "060190004002007", "P0010001": 64, "ALAND": 16666, "AWATER": 0}}, {"type": "Feature", "geometry": {"type": "Polygon", "coordinates": [[[-119.76590268598, 36.7251250367484], [-119.765882685888, 36.7253020370519], [-119.765892685934, 36.7260470373191], [-119.76589468738, 36.7275880381903], [-119.765669687249, 36.7275870381259], [-119.764994685958, 36.7275860380615], [-119.764770685652, 36.7275860380615], [-119.764777686223, 36.725084037104], [-119.764781686421, 36.7249370371101], [-119.765909685652, 36.7249300371376], [-119.76590268598, 36.7251250367484]]]}, "properties": {"GEOID": "060190004002008", "P0010001": 123, "ALAND": 29413, "AWATER": 0}}, {"type": "Feature", "geometry": {"type": "Polygon", "coordinates": [[[-119.765909685652, 36.7249300371376], [-119.764781686421, 36.7249370371101], [-119.76476368598, 36.7240330367272], [-119.765861685972, 36.7240270367831], [-119.765914685675, 36.7240230370601], [-119.765909685652, 36.7249300371376]]]}, "properties": {"GEOID": "060190004002009", "P0010001": 37, "ALAND": 10209, "AWATER": 0}}, {"type": "Feature", "geometry": {"type": "Polygon", "coordinates": [[[-119.767000685972, 36.7241520368418], [-119.76699868722, 36.7251170366966], [-119.76590268598, 36.7251250367484], [-119.765909685652, 36.7249300371376], [-119.765914685675, 36.7240230370601], [-119.76601168576, 36.7240260366724], [-119.767008686367, 36.7240290370045], [-119.767000685972, 36.7241520368418]]]}, "properties": {"GEOID": "060190004002010", "P0010001": 30, "ALAND": 11809, "AWATER": 0}}, {"type": "Feature", "geometry": {"type": "Polygon", "coordinates": [[[-119.766991686649, 36.7253240369595], [-119.766989686999, 36.7260410368123], [-119.765892685934, 36.7260470373191], [-119.765882685888, 36.7253020370519], [-119.76590268598, 36.7251250367484], [-119.76699868722, 36.7251170366966], [-119.766991686649, 36.7253240369595]]]}, "properties": {"GEOID": "060190004002011", "P0010001": 48, "ALAND": 10092, "AWATER": 0}}, {"type": "Feature", "geometry": {"type": "Polygon", "coordinates": [[[-119.768074686572, 36.7260470373191], [-119.767857686837, 36.7260450371502], [-119.767206686734, 36.7260420368968], [-119.766989686999, 36.7260410368123], [-119.766991686649, 36.7253240369595], [-119.76699868722, 36.7251170366966], [-119.768069687448, 36.72511603732], [-119.768070687273, 36.7253020370519], [-119.768073686747, 36.7258600371447], [-119.768074686572, 36.7260470373191]]]}, "properties": {"GEOID": "060190004002012", "P0010001": 30, "ALAND": 9930, "AWATER": 0}}, {"type": "Feature", "geometry": {"type": "Polygon", "coordinates": [[[-119.76927668722, 36.7253110371785], [-119.769271687197, 36.7258560367972], [-119.769270687372, 36.7260380372788], [-119.769207686725, 36.7260360371097], [-119.769030687173, 36.7260370371942], [-119.768313686947, 36.7260440370658], [-119.768074686572, 36.7260470373191], [-119.768073686747, 36.7258600371447], [-119.768070687273, 36.7253020370519], [-119.768069687448, 36.72511603732], [-119.768310686574, 36.7251180367931], [-119.76903668702, 36.7251270369412], [-119.76927868687, 36.7251300372303], [-119.76927668722, 36.7253110371785]]]}, "properties": {"GEOID": "060190004002013", "P0010001": 54, "ALAND": 10941, "AWATER": 0}}, {"type": "Feature", "geometry": {"type": "Polygon", "coordinates": [[[-119.769293686938, 36.7241400369717], [-119.769291687288, 36.724248037175], [-119.769281687243, 36.7249090372165], [-119.76927868687, 36.7251300372303], [-119.76903668702, 36.7251270369412], [-119.768310686574, 36.7251180367931], [-119.768069687448, 36.72511603732], [-119.768068686725, 36.7248970367447], [-119.7680676869, 36.7242430373556], [-119.7680676869, 36.7241380367531], [-119.768074686572, 36.7240250372816], [-119.768319686795, 36.7240250372816], [-119.769055687287, 36.7240270367831], [-119.769301687334, 36.7240280368938], [-119.769293686938, 36.7241400369717]]]}, "properties": {"GEOID": "060190004002014", "P0010001": 75, "ALAND": 13245, "AWATER": 0}}, {"type": "Feature", "geometry": {"type": "Polygon", "coordinates": [[[-119.7680676869, 36.7241380367531], [-119.7680676869, 36.7242430373556], [-119.768068686725, 36.7248970367447], [-119.768069687448, 36.72511603732], [-119.76699868722, 36.7251170366966], [-119.767000685972, 36.7241520368418], [-119.767008686367, 36.7240290370045], [-119.767221685904, 36.7240270367831], [-119.767860687211, 36.7240250372816], [-119.768074686572, 36.7240250372816], [-119.7680676869, 36.7241380367531]]]}, "properties": {"GEOID": "060190004002015", "P0010001": 44, "ALAND": 11548, "AWATER": 0}}, {"type": "Feature", "geometry": {"type": "Polygon", "coordinates": [[[-119.768092686116, 36.723015036864], [-119.76807868677, 36.7237720369254], [-119.768074686572, 36.7240250372816], [-119.767860687211, 36.7240250372816], [-119.767221685904, 36.7240270367831], [-119.767008686367, 36.7240290370045], [-119.767003686345, 36.7237740371534], [-119.766990685926, 36.7230090368404], [-119.766988686276, 36.7228870367383], [-119.766992685576, 36.7227550373302], [-119.767213686407, 36.7227560367374], [-119.767876686206, 36.7227610366536], [-119.768098685964, 36.722763036908], [-119.768092686116, 36.723015036864]]]}, "properties": {"GEOID": "060190004002016", "P0010001": 61, "ALAND": 13676, "AWATER": 0}}, {"type": "Feature", "geometry": {"type": "Polygon", "coordinates": [[[-119.767008686367, 36.7240290370045], [-119.76601168576, 36.7240260366724], [-119.765914685675, 36.7240230370601], [-119.765910686375, 36.7228780370476], [-119.765920686421, 36.7227500366936], [-119.766134685783, 36.7227510368209], [-119.766777686389, 36.7227540372028], [-119.766992685576, 36.7227550373302], [-119.766988686276, 36.7228870367383], [-119.766990685926, 36.7230090368404], [-119.767003686345, 36.7237740371534], [-119.767008686367, 36.7240290370045]]]}, "properties": {"GEOID": "060190004002017", "P0010001": 74, "ALAND": 13706, "AWATER": 0}}, {"type": "Feature", "geometry": {"type": "Polygon", "coordinates": [[[-119.765910686375, 36.7228780370476], [-119.765914685675, 36.7240230370601], [-119.765861685972, 36.7240270367831], [-119.76476368598, 36.7240330367272], [-119.764778686048, 36.7228330371387], [-119.764782686246, 36.7227560367374], [-119.765009686027, 36.7227540372028], [-119.765692685917, 36.7227510368209], [-119.765920686421, 36.7227500366936], [-119.765910686375, 36.7228780370476]]]}, "properties": {"GEOID": "060190004002018", "P0010001": 61, "ALAND": 14449, "AWATER": 0}}, {"type": "Feature", "geometry": {"type": "Polygon", "coordinates": [[[-119.764778686048, 36.7228330371387], [-119.76476368598, 36.7240330367272], [-119.764686685987, 36.7240290370045], [-119.763630685828, 36.7240210368385], [-119.763642686421, 36.7233160368479], [-119.76366168579, 36.7232150369035], [-119.763658686315, 36.7228170372768], [-119.76366168579, 36.7227460369041], [-119.763885686096, 36.7227480371589], [-119.764557686115, 36.7227540372028], [-119.764782686246, 36.7227560367374], [-119.764778686048, 36.7228330371387]]]}, "properties": {"GEOID": "060190004002019", "P0010001": 59, "ALAND": 14218, "AWATER": 0}}, {"type": "Feature", "geometry": {"type": "Polygon", "coordinates": [[[-119.764781686421, 36.7249370371101], [-119.763642686421, 36.7249390380278], [-119.763636685675, 36.7241920368752], [-119.763642686421, 36.7241090371786], [-119.763630685828, 36.7240210368385], [-119.764686685987, 36.7240290370045], [-119.76476368598, 36.7240330367272], [-119.764781686421, 36.7249370371101]]]}, "properties": {"GEOID": "060190004002020", "P0010001": 46, "ALAND": 10252, "AWATER": 0}}, {"type": "Feature", "geometry": {"type": "Polygon", "coordinates": [[[-119.768101686337, 36.7214290371053], [-119.768101686337, 36.7214890371148], [-119.768101686337, 36.721510037251], [-119.768101686337, 36.7215250372419], [-119.768101686337, 36.7215730369052], [-119.768101686337, 36.7215890370263], [-119.768100685613, 36.7218230368866], [-119.768098685964, 36.7225280369012], [-119.768098685964, 36.722763036908], [-119.767876686206, 36.7227610366536], [-119.767213686407, 36.7227560367374], [-119.766992685576, 36.7227550373302], [-119.766777686389, 36.7227540372028], [-119.766134685783, 36.7227510368209], [-119.765920686421, 36.7227500366936], [-119.765692685917, 36.7227510368209], [-119.765009686027, 36.7227540372028], [-119.764782686246, 36.7227560367374], [-119.764557686115, 36.7227540372028], [-119.763885686096, 36.7227480371589], [-119.76366168579, 36.7227460369041], [-119.763664686163, 36.7227000367898], [-119.763663686338, 36.7226640372134], [-119.763660685965, 36.722418036896], [-119.76365968614, 36.7223370369879], [-119.763660685965, 36.7221900367764], [-119.763663686338, 36.7217490373341], [-119.763665685988, 36.7216180368323], [-119.763665685988, 36.7216020367173], [-119.763664686163, 36.7215600372094], [-119.76366168579, 36.7214340371079], [-119.76366168579, 36.7213930369332], [-119.763703685623, 36.7213900372181], [-119.763832686392, 36.7213850372127], [-119.76387568605, 36.7213840370675], [-119.764058686348, 36.7213970367931], [-119.764607686344, 36.7214040370876], [-119.764791685569, 36.7214090370918], [-119.7650166857, 36.7214090370918], [-119.765693685742, 36.7214100372366], [-119.765799686047, 36.7214110366613], [-119.765919685698, 36.7214110366613], [-119.766130685585, 36.721408036947], [-119.766765685795, 36.7214020367978], [-119.766977686405, 36.721400037228], [-119.767202685638, 36.7214010366528], [-119.767877686031, 36.7214070368021], [-119.768102686162, 36.7214090370918], [-119.768101686337, 36.7214290371053]]]}, "properties": {"GEOID": "060190004002021", "P0010001": 247, "ALAND": 59374, "AWATER": 0}}, {"type": "Feature", "geometry": {"type": "Polygon", "coordinates": [[[-119.769301687334, 36.7240280368938], [-119.769055687287, 36.7240270367831], [-119.768319686795, 36.7240250372816], [-119.768074686572, 36.7240250372816], [-119.76807868677, 36.7237720369254], [-119.768092686116, 36.723015036864], [-119.768098685964, 36.722763036908], [-119.768337687236, 36.7227600372464], [-119.769057686937, 36.7227550373302], [-119.769298686961, 36.7227540372028], [-119.769298686961, 36.7230080367164], [-119.769300686611, 36.7237730370394], [-119.769301687334, 36.7240280368938]]]}, "properties": {"GEOID": "060190004002022", "P0010001": 30, "ALAND": 15264, "AWATER": 0}}, {"type": "Feature", "geometry": {"type": "Polygon", "coordinates": [[[-119.779815688895, 36.7328790372696], [-119.779765688667, 36.7329260370411], [-119.779743688925, 36.7330110372746], [-119.779671688955, 36.7332010372868], [-119.779540689434, 36.733498036993], [-119.779512688947, 36.733601037064], [-119.779482688809, 36.7337700366784], [-119.779486689007, 36.7338520367491], [-119.779505689274, 36.734025037173], [-119.779539689609, 36.7341340371317], [-119.779557690051, 36.734174037005], [-119.779586690363, 36.7342300372247], [-119.779619689975, 36.734277036889], [-119.779027689423, 36.734698036949], [-119.778856688821, 36.7345350370611], [-119.778346689183, 36.7340490367016], [-119.778207689265, 36.7339170370415], [-119.778176689303, 36.733887036858], [-119.778010688724, 36.7337440370942], [-119.778257688596, 36.7332490368517], [-119.778417689328, 36.7329400369674], [-119.778609688948, 36.7326410372654], [-119.779016688654, 36.7320860367882], [-119.779066688883, 36.7321250370033], [-119.77913168918, 36.7321640371987], [-119.779602689358, 36.7325940373195], [-119.779880689193, 36.7328420367094], [-119.779815688895, 36.7328790372696]]]}, "properties": {"GEOID": "060190004003000", "P0010001": 19, "ALAND": 26451, "AWATER": 0}}, {"type": "Feature", "geometry": {"type": "Polygon", "coordinates": [[[-119.780657689693, 36.7335430371319], [-119.779619689975, 36.734277036889], [-119.779586690363, 36.7342300372247], [-119.779557690051, 36.734174037005], [-119.779539689609, 36.7341340371317], [-119.779505689274, 36.734025037173], [-119.779486689007, 36.7338520367491], [-119.779482688809, 36.7337700366784], [-119.779512688947, 36.733601037064], [-119.779540689434, 36.733498036993], [-119.779671688955, 36.7332010372868], [-119.779743688925, 36.7330110372746], [-119.779765688667, 36.7329260370411], [-119.779815688895, 36.7328790372696], [-119.779880689193, 36.7328420367094], [-119.780657689693, 36.7335430371319]]]}, "properties": {"GEOID": "060190004003001", "P0010001": 0, "ALAND": 8674, "AWATER": 0}}, {"type": "Feature", "geometry": {"type": "Polygon", "coordinates": [[[-119.780657689693, 36.7335430371319], [-119.779880689193, 36.7328420367094], [-119.779602689358, 36.7325940373195], [-119.780620688984, 36.7318690366689], [-119.781669690369, 36.7328320367495], [-119.780657689693, 36.7335430371319]]]}, "properties": {"GEOID": "060190004003002", "P0010001": 0, "ALAND": 17095, "AWATER": 0}}, {"type": "Feature", "geometry": {"type": "Polygon", "coordinates": [[[-119.782491690177, 36.7322480368323], [-119.781874690409, 36.7326850371887], [-119.781669690369, 36.7328320367495], [-119.780620688984, 36.7318690366689], [-119.781629690186, 36.7311360369472], [-119.781842689723, 36.7313290373267], [-119.782483689781, 36.7319080369943], [-119.782697690041, 36.7321020368788], [-119.782491690177, 36.7322480368323]]]}, "properties": {"GEOID": "060190004003003", "P0010001": 0, "ALAND": 17406, "AWATER": 0}}, {"type": "Feature", "geometry": {"type": "Polygon", "coordinates": [[[-119.783505689605, 36.7315180371685], [-119.782899689707, 36.7319550366402], [-119.782697690041, 36.7321020368788], [-119.782483689781, 36.7319080369943], [-119.781842689723, 36.7313290373267], [-119.781629690186, 36.7311360369472], [-119.781831689853, 36.7309870369788], [-119.782441689948, 36.7305430368566], [-119.782644690338, 36.7303950372053], [-119.78285669005, 36.7305900373381], [-119.783495689559, 36.7311770369602], [-119.783708689994, 36.7313730372819], [-119.783505689605, 36.7315180371685]]]}, "properties": {"GEOID": "060190004003004", "P0010001": 0, "ALAND": 17523, "AWATER": 0}}, {"type": "Feature", "geometry": {"type": "Polygon", "coordinates": [[[-119.784522690304, 36.7307810368847], [-119.783911690384, 36.7312240370536], [-119.783708689994, 36.7313730372819], [-119.783495689559, 36.7311770369602], [-119.78285669005, 36.7305900373381], [-119.782644690338, 36.7303950372053], [-119.782843689631, 36.7302440371795], [-119.783442689856, 36.7297950369027], [-119.783642689872, 36.7296450371745], [-119.783858689782, 36.7298420371221], [-119.784509689886, 36.7304350368668], [-119.78472668962, 36.7306330369721], [-119.784522690304, 36.7307810368847]]]}, "properties": {"GEOID": "060190004003005", "P0010001": 0, "ALAND": 17753, "AWATER": 0}}, {"type": "Feature", "geometry": {"type": "Polygon", "coordinates": [[[-119.785553690349, 36.7300620373068], [-119.784932690383, 36.7304900369073], [-119.78472668962, 36.7306330369721], [-119.784509689886, 36.7304350368668], [-119.783858689782, 36.7298420371221], [-119.783642689872, 36.7296450371745], [-119.783844690437, 36.7295040367884], [-119.784451690159, 36.7290820370012], [-119.78465468965, 36.728942036348], [-119.784875689583, 36.7291370358509], [-119.785538690281, 36.7297240357815], [-119.785760690038, 36.7299200362125], [-119.785553690349, 36.7300620373068]]]}, "properties": {"GEOID": "060190004003006", "P0010001": 9, "ALAND": 17653, "AWATER": 0}}, {"type": "Feature", "geometry": {"type": "Polygon", "coordinates": [[[-119.786568689602, 36.7293480362433], [-119.785962689705, 36.7297760362238], [-119.785760690038, 36.7299200362125], [-119.785538690281, 36.7297240357815], [-119.784875689583, 36.7291370358509], [-119.78465468965, 36.728942036348], [-119.784863689888, 36.728803036208], [-119.785491690425, 36.728390035934], [-119.785701689589, 36.7282520362905], [-119.785915689849, 36.7284420358397], [-119.786557689732, 36.7290150361239], [-119.786771689992, 36.7292060359884], [-119.786568689602, 36.7293480362433]]]}, "properties": {"GEOID": "060190004003007", "P0010001": 0, "ALAND": 17424, "AWATER": 0}}, {"type": "Feature", "geometry": {"type": "Polygon", "coordinates": [[[-119.787620689563, 36.7286250360032], [-119.786983689704, 36.7290600360104], [-119.786771689992, 36.7292060359884], [-119.786557689732, 36.7290150361239], [-119.785915689849, 36.7284420358397], [-119.785701689589, 36.7282520362905], [-119.785913690199, 36.7281010356503], [-119.786549690234, 36.7276520358023], [-119.786762689771, 36.7275020362077], [-119.786976690031, 36.7276970357675], [-119.787618689914, 36.7282840359064], [-119.787833689999, 36.7284800356931], [-119.787620689563, 36.7286250360032]]]}, "properties": {"GEOID": "060190004003008", "P0010001": 0, "ALAND": 17992, "AWATER": 0}}, {"type": "Feature", "geometry": {"type": "Polygon", "coordinates": [[[-119.781629690186, 36.7311360369472], [-119.780620688984, 36.7318690366689], [-119.779602689358, 36.7325940373195], [-119.77913168918, 36.7321640371987], [-119.779066688883, 36.7321250370033], [-119.779016688654, 36.7320860367882], [-119.779254689204, 36.7318730367033], [-119.779569688848, 36.7315710371282], [-119.78001968911, 36.7311810370305], [-119.780927689131, 36.7304840367477], [-119.780966688591, 36.7305220370305], [-119.781114688729, 36.7306640370115], [-119.781148689064, 36.7306950370383], [-119.78119768857, 36.7307420367068], [-119.781250689171, 36.7307910371117], [-119.781285689331, 36.7308230371095], [-119.781353689103, 36.7308850370223], [-119.781560689691, 36.7310730372181], [-119.781629690186, 36.7311360369472]]]}, "properties": {"GEOID": "060190004003009", "P0010001": 0, "ALAND": 21735, "AWATER": 0}}, {"type": "Feature", "geometry": {"type": "Polygon", "coordinates": [[[-119.780927689131, 36.7304840367477], [-119.78001968911, 36.7311810370305], [-119.779569688848, 36.7315710371282], [-119.779254689204, 36.7318730367033], [-119.779016688654, 36.7320860367882], [-119.778988689065, 36.732064036658], [-119.778839689102, 36.7319440372772], [-119.779431688756, 36.7313820366969], [-119.779998689194, 36.7308850370223], [-119.780745688658, 36.7303150370999], [-119.780927689131, 36.7304840367477]]]}, "properties": {"GEOID": "060190004003010", "P0010001": 0, "ALAND": 5920, "AWATER": 0}}, {"type": "Feature", "geometry": {"type": "Polygon", "coordinates": [[[-119.779016688654, 36.7320860367882], [-119.778609688948, 36.7326410372654], [-119.778417689328, 36.7329400369674], [-119.778257688596, 36.7332490368517], [-119.778010688724, 36.7337440370942], [-119.777953688822, 36.7337030370121], [-119.777805688684, 36.7335980371058], [-119.777853689263, 36.7335000369678], [-119.777963688868, 36.7332750373235], [-119.778115689204, 36.7330000373428], [-119.778392689213, 36.7325350373467], [-119.778583689009, 36.7322590368717], [-119.778839689102, 36.7319440372772], [-119.778988689065, 36.732064036658], [-119.779016688654, 36.7320860367882]]]}, "properties": {"GEOID": "060190004003011", "P0010001": 0, "ALAND": 4659, "AWATER": 0}}, {"type": "Feature", "geometry": {"type": "Polygon", "coordinates": [[[-119.778839689102, 36.7319440372772], [-119.778583689009, 36.7322590368717], [-119.778392689213, 36.7325350373467], [-119.778115689204, 36.7330000373428], [-119.777963688868, 36.7332750373235], [-119.777853689263, 36.7335000369678], [-119.777805688684, 36.7335980371058], [-119.777623689109, 36.7333910368289], [-119.777020688687, 36.732807036844], [-119.776947688892, 36.73273903706], [-119.776913688557, 36.7325440373455], [-119.776889689165, 36.7324020372417], [-119.776884689143, 36.7319690367437], [-119.776885688968, 36.7319530373452], [-119.776901688861, 36.7317570370642], [-119.776921688953, 36.7314500369628], [-119.776982689052, 36.7305310372653], [-119.777003688968, 36.7302250373316], [-119.777427689291, 36.7305990368449], [-119.778428689198, 36.7315530369015], [-119.778464689183, 36.7315810372524], [-119.778474689229, 36.7315940366919], [-119.778671688873, 36.73178703736], [-119.77870168901, 36.7318160369149], [-119.778819689011, 36.7319280371536], [-119.778839689102, 36.7319440372772]]]}, "properties": {"GEOID": "060190004003012", "P0010001": 0, "ALAND": 35157, "AWATER": 0}}, {"type": "Feature", "geometry": {"type": "Polygon", "coordinates": [[[-119.776982689052, 36.7305310372653], [-119.776921688953, 36.7314500369628], [-119.776901688861, 36.7317570370642], [-119.776885688968, 36.7319530373452], [-119.776884689143, 36.7319690367437], [-119.776889689165, 36.7324020372417], [-119.776913688557, 36.7325440373455], [-119.776947688892, 36.73273903706], [-119.776798688929, 36.7326010373133], [-119.77635368869, 36.7321870373046], [-119.776205688552, 36.7320490372856], [-119.775531688882, 36.7314220372842], [-119.773883688171, 36.7298910366615], [-119.773675687759, 36.7296810370784], [-119.773561687956, 36.7294980372717], [-119.773379688381, 36.7292070367517], [-119.773242688114, 36.7289000372542], [-119.773165688121, 36.7286730369889], [-119.773513688275, 36.7286760371395], [-119.774558687666, 36.7286850368707], [-119.774673688192, 36.7286870369708], [-119.774907687645, 36.7286830367705], [-119.775073688225, 36.7286810366703], [-119.77528868831, 36.72867903729], [-119.775572687992, 36.7286880370208], [-119.775739688397, 36.7286940373207], [-119.775877687591, 36.7290750366867], [-119.775926687994, 36.7292110369247], [-119.776704689218, 36.7299500372261], [-119.776791689256, 36.7300320370569], [-119.776810688624, 36.7300550370815], [-119.777003688968, 36.7302250373316], [-119.776982689052, 36.7305310372653]]]}, "properties": {"GEOID": "060190004003013", "P0010001": 14, "ALAND": 73921, "AWATER": 0}}, {"type": "Feature", "geometry": {"type": "Polygon", "coordinates": [[[-119.786549690234, 36.7276520358023], [-119.785913690199, 36.7281010356503], [-119.785701689589, 36.7282520362905], [-119.785481690379, 36.7280780357603], [-119.785427689952, 36.7280250362695], [-119.784869689736, 36.7274800362041], [-119.784648689803, 36.7272970361919], [-119.784624690412, 36.7272770362664], [-119.784690689635, 36.7272120361127], [-119.784701690404, 36.7272010360701], [-119.785047690011, 36.7268360357941], [-119.785375690074, 36.7265480362197], [-119.785554690174, 36.7263930362293], [-119.785650690434, 36.7264830361689], [-119.785794690374, 36.7266150356496], [-119.786520689922, 36.7272800357516], [-119.786762689771, 36.7275020362077], [-119.786549690234, 36.7276520358023]]]}, "properties": {"GEOID": "060190004003014", "P0010001": 0, "ALAND": 19716, "AWATER": 0}}, {"type": "Feature", "geometry": {"type": "Polygon", "coordinates": [[[-119.785491690425, 36.728390035934], [-119.784863689888, 36.728803036208], [-119.78465468965, 36.728942036348], [-119.784451690159, 36.7290820370012], [-119.783844690437, 36.7295040367884], [-119.783642689872, 36.7296450371745], [-119.783596689841, 36.7296040370634], [-119.783460690297, 36.7294810373187], [-119.783415690091, 36.7294410371602], [-119.783327690228, 36.729196036995], [-119.783303689938, 36.7290910366848], [-119.783298689916, 36.728942037068], [-119.783327690228, 36.7288100372674], [-119.783378690282, 36.7286720369387], [-119.783422689764, 36.728592037198], [-119.783604690237, 36.728330036276], [-119.783757690398, 36.7281200360237], [-119.783787689637, 36.7280910357929], [-119.783941689623, 36.7278250357965], [-119.784356689725, 36.7271150358141], [-119.784360689923, 36.7271040357577], [-119.784374690166, 36.727071036299], [-119.784417689824, 36.727106035899], [-119.784624690412, 36.7272770362664], [-119.784648689803, 36.7272970361919], [-119.784869689736, 36.7274800362041], [-119.785427689952, 36.7280250362695], [-119.785481690379, 36.7280780357603], [-119.785701689589, 36.7282520362905], [-119.785491690425, 36.728390035934]]]}, "properties": {"GEOID": "060190004003015", "P0010001": 0, "ALAND": 28941, "AWATER": 0}}, {"type": "Feature", "geometry": {"type": "Polygon", "coordinates": [[[-119.783642689872, 36.7296450371745], [-119.783442689856, 36.7297950369027], [-119.782843689631, 36.7302440371795], [-119.782644690338, 36.7303950372053], [-119.782441689948, 36.7305430368566], [-119.781831689853, 36.7309870369788], [-119.781629690186, 36.7311360369472], [-119.781560689691, 36.7310730372181], [-119.781353689103, 36.7308850370223], [-119.781285689331, 36.7308230371095], [-119.781250689171, 36.7307910371117], [-119.78119768857, 36.7307420367068], [-119.781148689064, 36.7306950370383], [-119.781114688729, 36.7306640370115], [-119.780966688591, 36.7305220370305], [-119.780927689131, 36.7304840367477], [-119.781867688939, 36.7297130368188], [-119.78276668874, 36.728921036804], [-119.782791688854, 36.7288970371124], [-119.783151689603, 36.7292100368815], [-119.783176689717, 36.7292320371093], [-119.783415690091, 36.7294410371602], [-119.783460690297, 36.7294810373187], [-119.783596689841, 36.7296040370634], [-119.783642689872, 36.7296450371745]]]}, "properties": {"GEOID": "060190004003016", "P0010001": 0, "ALAND": 25162, "AWATER": 0}}, {"type": "Feature", "geometry": {"type": "Polygon", "coordinates": [[[-119.78276668874, 36.728921036804], [-119.781867688939, 36.7297130368188], [-119.780927689131, 36.7304840367477], [-119.780745688658, 36.7303150370999], [-119.781427688723, 36.7297820371587], [-119.781644689357, 36.7296130366858], [-119.781953689153, 36.7293100368194], [-119.782570688921, 36.7286980368005], [-119.782581688792, 36.7286860369207], [-119.782791688854, 36.7288970371124], [-119.78276668874, 36.728921036804]]]}, "properties": {"GEOID": "060190004003017", "P0010001": 0, "ALAND": 6004, "AWATER": 0}}, {"type": "Feature", "geometry": {"type": "Polygon", "coordinates": [[[-119.782570688921, 36.7286980368005], [-119.781953689153, 36.7293100368194], [-119.781644689357, 36.7296130366858], [-119.781427688723, 36.7297820371587], [-119.780745688658, 36.7303150370999], [-119.780423689341, 36.7300270368941], [-119.780615688962, 36.7298730367608], [-119.781191688722, 36.7294140367895], [-119.781384689066, 36.7292610369093], [-119.78119568892, 36.7290980369979], [-119.780631688855, 36.7286100366789], [-119.780443689432, 36.7284480368789], [-119.780656688969, 36.7282970373441], [-119.781296689202, 36.7278480372021], [-119.781510688564, 36.7276990373334], [-119.782064688583, 36.7282030371452], [-119.782356688661, 36.7284690372722], [-119.782581688792, 36.7286860369207], [-119.782570688921, 36.7286980368005]]]}, "properties": {"GEOID": "060190004003018", "P0010001": 5, "ALAND": 24682, "AWATER": 0}}, {"type": "Feature", "geometry": {"type": "Polygon", "coordinates": [[[-119.780745688658, 36.7303150370999], [-119.779998689194, 36.7308850370223], [-119.779431688756, 36.7313820366969], [-119.778839689102, 36.7319440372772], [-119.778819689011, 36.7319280371536], [-119.77870168901, 36.7318160369149], [-119.778671688873, 36.73178703736], [-119.778474689229, 36.7315940366919], [-119.778464689183, 36.7315810372524], [-119.778428689198, 36.7315530369015], [-119.777427689291, 36.7305990368449], [-119.778277688687, 36.7299820368544], [-119.778428689198, 36.7298830371061], [-119.778633689238, 36.7297340368662], [-119.779248689356, 36.7292900366982], [-119.77945468922, 36.7291420367917], [-119.779647688666, 36.7293180371544], [-119.780229689172, 36.7298490366468], [-119.780423689341, 36.7300270368941], [-119.780745688658, 36.7303150370999]]]}, "properties": {"GEOID": "060190004003019", "P0010001": 28, "ALAND": 44444, "AWATER": 0}}, {"type": "Feature", "geometry": {"type": "Polygon", "coordinates": [[[-119.784360689923, 36.7271040357577], [-119.784356689725, 36.7271150358141], [-119.783941689623, 36.7278250357965], [-119.783787689637, 36.7280910357929], [-119.783757690398, 36.7281200360237], [-119.783604690237, 36.728330036276], [-119.783422689764, 36.728592037198], [-119.783378690282, 36.7286720369387], [-119.783327690228, 36.7288100372674], [-119.783298689916, 36.728942037068], [-119.783303689938, 36.7290910366848], [-119.783327690228, 36.729196036995], [-119.783415690091, 36.7294410371602], [-119.783176689717, 36.7292320371093], [-119.783151689603, 36.7292100368815], [-119.782791688854, 36.7288970371124], [-119.783147689405, 36.7284170366648], [-119.783916690407, 36.727363036341], [-119.784202689739, 36.726915035851], [-119.784252689968, 36.7269710363252], [-119.784276690257, 36.7269910363303], [-119.784349690052, 36.7270510363146], [-119.784374690166, 36.727071036299], [-119.784360689923, 36.7271040357577]]]}, "properties": {"GEOID": "060190004003020", "P0010001": 0, "ALAND": 8124, "AWATER": 0}}, {"type": "Feature", "geometry": {"type": "Polygon", "coordinates": [[[-119.784202689739, 36.726915035851], [-119.783916690407, 36.727363036341], [-119.783147689405, 36.7284170366648], [-119.782791688854, 36.7288970371124], [-119.782581688792, 36.7286860369207], [-119.78312668859, 36.7280700367362], [-119.783368689338, 36.7277610361686], [-119.783756688777, 36.7272090359049], [-119.78404568938, 36.7267360362342], [-119.784202689739, 36.726915035851]]]}, "properties": {"GEOID": "060190004003021", "P0010001": 0, "ALAND": 5600, "AWATER": 0}}, {"type": "Feature", "geometry": {"type": "Polygon", "coordinates": [[[-119.78404568938, 36.7267360362342], [-119.783756688777, 36.7272090359049], [-119.783368689338, 36.7277610361686], [-119.78312668859, 36.7280700367362], [-119.782581688792, 36.7286860369207], [-119.782356688661, 36.7284690372722], [-119.78272968893, 36.7280900371751], [-119.78330168939, 36.72745403593], [-119.783942689448, 36.7266340356707], [-119.784008688672, 36.7266940359339], [-119.78404568938, 36.7267360362342]]]}, "properties": {"GEOID": "060190004003022", "P0010001": 0, "ALAND": 5882, "AWATER": 0}}, {"type": "Feature", "geometry": {"type": "Polygon", "coordinates": [[[-119.783942689448, 36.7266340356707], [-119.78330168939, 36.72745403593], [-119.78272968893, 36.7280900371751], [-119.782356688661, 36.7284690372722], [-119.782064688583, 36.7282030371452], [-119.781510688564, 36.7276990373334], [-119.781714688779, 36.7275470369808], [-119.782326689422, 36.7270940357705], [-119.782531688563, 36.7269430357332], [-119.782725688732, 36.7268000359963], [-119.783310688713, 36.7263720359882], [-119.783505688707, 36.7262300359901], [-119.783636689126, 36.7263560361435], [-119.783942689448, 36.7266340356707]]]}, "properties": {"GEOID": "060190004003023", "P0010001": 0, "ALAND": 21685, "AWATER": 0}}, {"type": "Feature", "geometry": {"type": "Polygon", "coordinates": [[[-119.782326689422, 36.7270940357705], [-119.781714688779, 36.7275470369808], [-119.781510688564, 36.7276990373334], [-119.781470689279, 36.7276690368803], [-119.781509688739, 36.727380036763], [-119.781642688808, 36.7261730363327], [-119.782531688563, 36.7269430357332], [-119.782326689422, 36.7270940357705]]]}, "properties": {"GEOID": "060190004003024", "P0010001": 0, "ALAND": 7500, "AWATER": 0}}, {"type": "Feature", "geometry": {"type": "Polygon", "coordinates": [[[-119.781510688564, 36.7276990373334], [-119.781296689202, 36.7278480372021], [-119.780656688969, 36.7282970373441], [-119.780443689432, 36.7284480368789], [-119.780245689066, 36.7285860368901], [-119.779651688864, 36.7290030370137], [-119.77945468922, 36.7291420367917], [-119.779231688739, 36.728938036881], [-119.778563688918, 36.7283260367771], [-119.77834168916, 36.7281230369159], [-119.778552689047, 36.7279710366827], [-119.778774688805, 36.7278140372817], [-119.779191688556, 36.727524036925], [-119.779405688817, 36.7273760372146], [-119.780387689356, 36.7266990370337], [-119.781470689279, 36.7276690368803], [-119.781510688564, 36.7276990373334]]]}, "properties": {"GEOID": "060190004003025", "P0010001": 0, "ALAND": 36460, "AWATER": 0}}, {"type": "Feature", "geometry": {"type": "Polygon", "coordinates": [[[-119.781384689066, 36.7292610369093], [-119.781191688722, 36.7294140367895], [-119.780615688962, 36.7298730367608], [-119.780423689341, 36.7300270368941], [-119.780229689172, 36.7298490366468], [-119.779647688666, 36.7293180371544], [-119.77945468922, 36.7291420367917], [-119.779651688864, 36.7290030370137], [-119.780245689066, 36.7285860368901], [-119.780443689432, 36.7284480368789], [-119.780631688855, 36.7286100366789], [-119.78119568892, 36.7290980369979], [-119.781384689066, 36.7292610369093]]]}, "properties": {"GEOID": "060190004003026", "P0010001": 19, "ALAND": 15112, "AWATER": 0}}, {"type": "Feature", "geometry": {"type": "Polygon", "coordinates": [[[-119.781509688739, 36.727380036763], [-119.781470689279, 36.7276690368803], [-119.780387689356, 36.7266990370337], [-119.781416688853, 36.7259680356492], [-119.781642688808, 36.7261730363327], [-119.781509688739, 36.727380036763]]]}, "properties": {"GEOID": "060190004003027", "P0010001": 0, "ALAND": 10765, "AWATER": 0}}, {"type": "Feature", "geometry": {"type": "Polygon", "coordinates": [[[-119.783310688713, 36.7263720359882], [-119.782725688732, 36.7268000359963], [-119.782531688563, 36.7269430357332], [-119.781642688808, 36.7261730363327], [-119.781416688853, 36.7259680356492], [-119.781465689256, 36.7259280358208], [-119.781615689044, 36.7258120358406], [-119.781665689273, 36.725773036019], [-119.781816688886, 36.725670036247], [-119.78227168917, 36.7253630362891], [-119.782423688608, 36.725261036062], [-119.782639689416, 36.725454036088], [-119.783288688972, 36.7260360356696], [-119.783505688707, 36.7262300359901], [-119.783310688713, 36.7263720359882]]]}, "properties": {"GEOID": "060190004003028", "P0010001": 0, "ALAND": 17418, "AWATER": 0}}, {"type": "Feature", "geometry": {"type": "Polygon", "coordinates": [[[-119.784620689315, 36.725476035952], [-119.784569689262, 36.725600035722], [-119.784540688949, 36.7255990363518], [-119.784475688652, 36.7255990363518], [-119.78436868942, 36.7256430359904], [-119.783758689325, 36.7260570360027], [-119.783505688707, 36.7262300359901], [-119.783288688972, 36.7260360356696], [-119.782639689416, 36.725454036088], [-119.782423688608, 36.725261036062], [-119.78248968873, 36.7252140359188], [-119.782690688572, 36.7250730360366], [-119.782757689417, 36.7250260357783], [-119.783019689358, 36.7250350359372], [-119.78380768883, 36.7250680362709], [-119.784070688596, 36.725079035899], [-119.784227688955, 36.7251820357435], [-119.784630689361, 36.7254460360705], [-119.784620689315, 36.725476035952]]]}, "properties": {"GEOID": "060190004003029", "P0010001": 15, "ALAND": 14934, "AWATER": 0}}, {"type": "Feature", "geometry": {"type": "Polygon", "coordinates": [[[-119.784569689262, 36.725600035722], [-119.784457689109, 36.7258320361476], [-119.784174689251, 36.7264660362684], [-119.78404568938, 36.7267360362342], [-119.784008688672, 36.7266940359339], [-119.783942689448, 36.7266340356707], [-119.783636689126, 36.7263560361435], [-119.783505688707, 36.7262300359901], [-119.783758689325, 36.7260570360027], [-119.78436868942, 36.7256430359904], [-119.784475688652, 36.7255990363518], [-119.784540688949, 36.7255990363518], [-119.784569689262, 36.725600035722]]]}, "properties": {"GEOID": "060190004003030", "P0010001": 0, "ALAND": 4773, "AWATER": 0}}, {"type": "Feature", "geometry": {"type": "Polygon", "coordinates": [[[-119.784811689111, 36.725735036266], [-119.784599689399, 36.7261760358611], [-119.784202689739, 36.726915035851], [-119.78404568938, 36.7267360362342], [-119.784174689251, 36.7264660362684], [-119.784457689109, 36.7258320361476], [-119.784569689262, 36.725600035722], [-119.784637689034, 36.7256330358129], [-119.784811689111, 36.725735036266]]]}, "properties": {"GEOID": "060190004003031", "P0010001": 0, "ALAND": 3270, "AWATER": 0}}, {"type": "Feature", "geometry": {"type": "Polygon", "coordinates": [[[-119.784984690262, 36.7258790359126], [-119.784919689964, 36.7260170362206], [-119.784866690261, 36.7261190361636], [-119.78449769019, 36.7268330362915], [-119.784374690166, 36.727071036299], [-119.784349690052, 36.7270510363146], [-119.784276690257, 36.7269910363303], [-119.784252689968, 36.7269710363252], [-119.784202689739, 36.726915035851], [-119.784599689399, 36.7261760358611], [-119.784811689111, 36.725735036266], [-119.784845689446, 36.7257630358584], [-119.784949690102, 36.7258500362755], [-119.784984690262, 36.7258790359126]]]}, "properties": {"GEOID": "060190004003032", "P0010001": 0, "ALAND": 2885, "AWATER": 0}}, {"type": "Feature", "geometry": {"type": "Polygon", "coordinates": [[[-119.785554690174, 36.7263930362293], [-119.785375690074, 36.7265480362197], [-119.785047690011, 36.7268360357941], [-119.784701690404, 36.7272010360701], [-119.784690689635, 36.7272120361127], [-119.784624690412, 36.7272770362664], [-119.784417689824, 36.727106035899], [-119.784374690166, 36.727071036299], [-119.78449769019, 36.7268330362915], [-119.784866690261, 36.7261190361636], [-119.784919689964, 36.7260170362206], [-119.784984690262, 36.7258790359126], [-119.785091690392, 36.7259590363196], [-119.785105689737, 36.7259720359909], [-119.785441690196, 36.7262870363251], [-119.785554690174, 36.7263930362293]]]}, "properties": {"GEOID": "060190004003033", "P0010001": 0, "ALAND": 6808, "AWATER": 0}}, {"type": "Feature", "geometry": {"type": "Polygon", "coordinates": [[[-119.788533689607, 36.7280140363434], [-119.788008689901, 36.7283630359137], [-119.787833689999, 36.7284800356931], [-119.787618689914, 36.7282840359064], [-119.786976690031, 36.7276970357675], [-119.786762689771, 36.7275020362077], [-119.786520689922, 36.7272800357516], [-119.785794690374, 36.7266150356496], [-119.785650690434, 36.7264830361689], [-119.785554690174, 36.7263930362293], [-119.785441690196, 36.7262870363251], [-119.785105689737, 36.7259720359909], [-119.785091690392, 36.7259590363196], [-119.784984690262, 36.7258790359126], [-119.785498690098, 36.7250000361133], [-119.785587689786, 36.725080035996], [-119.788709690233, 36.7278980359143], [-119.788533689607, 36.7280140363434]]]}, "properties": {"GEOID": "060190004003034", "P0010001": 0, "ALAND": 40787, "AWATER": 0}}, {"type": "Feature", "geometry": {"type": "Polygon", "coordinates": [[[-119.789419689887, 36.727380036043], [-119.788888690333, 36.727771036069], [-119.788782690028, 36.727850035884], [-119.788709690233, 36.7278980359143], [-119.785587689786, 36.725080035996], [-119.785498690098, 36.7250000361133], [-119.785663689954, 36.724691036153], [-119.785761689863, 36.7244860358334], [-119.7857996886, 36.7243820356693], [-119.785825689437, 36.7242810356868], [-119.785848689004, 36.7240840358731], [-119.785840688608, 36.7238380357838], [-119.786127689561, 36.7241320360973], [-119.786137689607, 36.7241410356409], [-119.786167689744, 36.7241680357056], [-119.786178689615, 36.7241770359651], [-119.786425690385, 36.7243960357135], [-119.787166690002, 36.7250560358239], [-119.787413689874, 36.7252760360403], [-119.787625689586, 36.7254720363044], [-119.788261689621, 36.7260630357881], [-119.788473690231, 36.7262600362854], [-119.788697689639, 36.7264580363563], [-119.789372690032, 36.7270520356659], [-119.789597690163, 36.7272500358548], [-119.789419689887, 36.727380036043]]]}, "properties": {"GEOID": "060190004003035", "P0010001": 0, "ALAND": 48980, "AWATER": 0}}, {"type": "Feature", "geometry": {"type": "Polygon", "coordinates": [[[-119.789521689995, 36.7255080360047], [-119.789311689932, 36.7256580358941], [-119.78868268957, 36.7261090360482], [-119.788473690231, 36.7262600362854], [-119.788261689621, 36.7260630357881], [-119.787625689586, 36.7254720363044], [-119.787413689874, 36.7252760360403], [-119.787668690142, 36.7250980363001], [-119.788305690002, 36.7244400360414], [-119.788924690318, 36.7249790362113], [-119.789175690388, 36.7252010361192], [-119.789244689985, 36.7252620361566], [-119.789451689674, 36.7254460360705], [-119.789521689995, 36.7255080360047]]]}, "properties": {"GEOID": "060190004003036", "P0010001": 52, "ALAND": 18572, "AWATER": 0}}, {"type": "Feature", "geometry": {"type": "Polygon", "coordinates": [[[-119.790385689635, 36.7266760360039], [-119.789794689806, 36.727106035899], [-119.789597690163, 36.7272500358548], [-119.789372690032, 36.7270520356659], [-119.788697689639, 36.7264580363563], [-119.788473690231, 36.7262600362854], [-119.78868268957, 36.7261090360482], [-119.789311689932, 36.7256580358941], [-119.789521689995, 36.7255080360047], [-119.789733689707, 36.7257130357562], [-119.790370689566, 36.7263280360472], [-119.790583690002, 36.7265330357698], [-119.790385689635, 36.7266760360039]]]}, "properties": {"GEOID": "060190004003037", "P0010001": 109, "ALAND": 18116, "AWATER": 0}}, {"type": "Feature", "geometry": {"type": "Polygon", "coordinates": [[[-119.791402691233, 36.7259540358916], [-119.790859691084, 36.7263260358857], [-119.790783690916, 36.7263820360694], [-119.790583690002, 36.7265330357698], [-119.790370689566, 36.7263280360472], [-119.789733689707, 36.7257130357562], [-119.789521689995, 36.7255080360047], [-119.789725690209, 36.7253620361958], [-119.790337689954, 36.7249280362197], [-119.790542689994, 36.7247840362299], [-119.790759689729, 36.724985036081], [-119.790881689927, 36.7250990356769], [-119.79139769121, 36.7256050361731], [-119.791609690922, 36.7258130359281], [-119.791402691233, 36.7259540358916]]]}, "properties": {"GEOID": "060190004003038", "P0010001": 23, "ALAND": 18047, "AWATER": 0}}, {"type": "Feature", "geometry": {"type": "Polygon", "coordinates": [[[-119.792561691324, 36.7251200362661], [-119.792260691025, 36.7253340357371], [-119.792095691169, 36.7254510358115], [-119.792046690765, 36.7254860361499], [-119.791958690901, 36.7255510363246], [-119.791696690961, 36.7257470358868], [-119.791609690922, 36.7258130359281], [-119.79139769121, 36.7256050361731], [-119.790881689927, 36.7250990356769], [-119.790759689729, 36.724985036081], [-119.790542689994, 36.7247840362299], [-119.790337689954, 36.7249280362197], [-119.789725690209, 36.7253620361958], [-119.789521689995, 36.7255080360047], [-119.789451689674, 36.7254460360705], [-119.789244689985, 36.7252620361566], [-119.789175690388, 36.7252010361192], [-119.788924690318, 36.7249790362113], [-119.788305690002, 36.7244400360414], [-119.787668690142, 36.7250980363001], [-119.787413689874, 36.7252760360403], [-119.787166690002, 36.7250560358239], [-119.786425690385, 36.7243960357135], [-119.786178689615, 36.7241770359651], [-119.786167689744, 36.7241680357056], [-119.786137689607, 36.7241410356409], [-119.786127689561, 36.7241320360973], [-119.785840688608, 36.7238380357838], [-119.785816689217, 36.7236630359373], [-119.78578468943, 36.7235210359703], [-119.785747688721, 36.7234230359313], [-119.785683689147, 36.7233010357668], [-119.785513689268, 36.72308003625], [-119.785537688659, 36.7227870363566], [-119.785549689253, 36.7226300357178], [-119.785555689101, 36.7225420358432], [-119.785551688903, 36.7223200361696], [-119.785550689078, 36.7222170360869], [-119.785536688834, 36.7219760357452], [-119.785595689284, 36.7219880359534], [-119.785674688926, 36.7220280356737], [-119.785830688562, 36.7221490362851], [-119.786030688579, 36.7223340358696], [-119.786283689197, 36.7225560362227], [-119.7873496903, 36.7235360362886], [-119.7875326897, 36.7234060360734], [-119.788081689696, 36.7230170356718], [-119.788265689819, 36.7228880361438], [-119.788036690388, 36.7227020363258], [-119.787350690125, 36.7221440363291], [-119.787122688723, 36.7219590362871], [-119.787268689211, 36.7218540361623], [-119.78770969015, 36.721541035933], [-119.787856689565, 36.7214370361012], [-119.78805869013, 36.7214410359589], [-119.788570690316, 36.7214520346663], [-119.789336690047, 36.7221460358796], [-119.789840689837, 36.7225960356473], [-119.790209689908, 36.7229360356753], [-119.791061689852, 36.7237200360175], [-119.792595690761, 36.7250940359129], [-119.792561691324, 36.7251200362661]]]}, "properties": {"GEOID": "060190004003039", "P0010001": 300, "ALAND": 142079, "AWATER": 0}}, {"type": "Feature", "geometry": {"type": "Polygon", "coordinates": [[[-119.788081689696, 36.7230170356718], [-119.7875326897, 36.7234060360734], [-119.7873496903, 36.7235360362886], [-119.786283689197, 36.7225560362227], [-119.787122688723, 36.7219590362871], [-119.787350690125, 36.7221440363291], [-119.788036690388, 36.7227020363258], [-119.788265689819, 36.7228880361438], [-119.788081689696, 36.7230170356718]]]}, "properties": {"GEOID": "060190004003040", "P0010001": 36, "ALAND": 15114, "AWATER": 0}}, {"type": "Feature", "geometry": {"type": "Polygon", "coordinates": [[[-119.792701691066, 36.725012035849], [-119.792595690761, 36.7250940359129], [-119.791061689852, 36.7237200360175], [-119.790209689908, 36.7229360356753], [-119.789840689837, 36.7225960356473], [-119.789336690047, 36.7221460358796], [-119.788570690316, 36.7214520346663], [-119.788666689677, 36.7214520346663], [-119.788869690066, 36.7214530348106], [-119.788927689793, 36.7215070346603], [-119.789102689695, 36.7216690347017], [-119.789161690144, 36.7217230351196], [-119.789229689917, 36.7217860353191], [-119.789435689781, 36.7219750348877], [-119.789504690276, 36.7220390350172], [-119.790383689985, 36.7228230358754], [-119.791442689619, 36.7237490357389], [-119.792737691051, 36.7249870362775], [-119.792701691066, 36.725012035849]]]}, "properties": {"GEOID": "060190004003041", "P0010001": 0, "ALAND": 10791, "AWATER": 0}}, {"type": "Feature", "geometry": {"type": "Polygon", "coordinates": [[[-119.793593691194, 36.7243900350777], [-119.79336569069, 36.7245440346868], [-119.793331691253, 36.7245680350189], [-119.793290691245, 36.7245960350368], [-119.793241690841, 36.7246320351477], [-119.793095691251, 36.7247400360991], [-119.793047690672, 36.7247770362435], [-119.792737691051, 36.7249870362775], [-119.791442689619, 36.7237490357389], [-119.790383689985, 36.7228230358754], [-119.789504690276, 36.7220390350172], [-119.789435689781, 36.7219750348877], [-119.789229689917, 36.7217860353191], [-119.789161690144, 36.7217230351196], [-119.789102689695, 36.7216690347017], [-119.788927689793, 36.7215070346603], [-119.788869690066, 36.7214530348106], [-119.789025689702, 36.7214530348106], [-119.78949668988, 36.7214550350991], [-119.789653690239, 36.7214560352432], [-119.789839690012, 36.7214550350991], [-119.790280690053, 36.7214390349501], [-119.790366690267, 36.721422034653], [-119.790542689994, 36.7213880347678], [-119.790644690101, 36.7215160352316], [-119.790717689896, 36.7215880347237], [-119.790901690019, 36.7217700352391], [-119.791300690227, 36.7221350351114], [-119.791497689871, 36.7223150347846], [-119.791712689956, 36.7225210352691], [-119.792359689861, 36.723141035092], [-119.792575689771, 36.7233480349206], [-119.792793691128, 36.723546035299], [-119.793450691079, 36.7241400348116], [-119.793669691362, 36.7243390346949], [-119.793593691194, 36.7243900350777]]]}, "properties": {"GEOID": "060190004003042", "P0010001": 65, "ALAND": 52179, "AWATER": 0}}, {"type": "Feature", "geometry": {"type": "Polygon", "coordinates": [[[-119.793418691292, 36.7227440352092], [-119.792785690732, 36.7231960353165], [-119.792575689771, 36.7233480349206], [-119.792359689861, 36.723141035092], [-119.791712689956, 36.7225210352691], [-119.791497689871, 36.7223150347846], [-119.791703689735, 36.7221690346659], [-119.792324689701, 36.7217310348049], [-119.792531690288, 36.7215860351588], [-119.792750689673, 36.721787034739], [-119.793409691071, 36.722391034776], [-119.793629691179, 36.7225930352591], [-119.793418691292, 36.7227440352092]]]}, "properties": {"GEOID": "060190004003043", "P0010001": 84, "ALAND": 18560, "AWATER": 0}}, {"type": "Feature", "geometry": {"type": "Polygon", "coordinates": [[[-119.79450069139, 36.7237260352656], [-119.793876691051, 36.7241850346748], [-119.793669691362, 36.7243390346949], [-119.793450691079, 36.7241400348116], [-119.792793691128, 36.723546035299], [-119.792575689771, 36.7233480349206], [-119.792785690732, 36.7231960353165], [-119.793418691292, 36.7227440352092], [-119.793629691179, 36.7225930352591], [-119.793844691264, 36.7227890351702], [-119.794492690994, 36.7233770347825], [-119.794709690729, 36.7235730348529], [-119.79450069139, 36.7237260352656]]]}, "properties": {"GEOID": "060190004003044", "P0010001": 20, "ALAND": 18413, "AWATER": 0}}, {"type": "Feature", "geometry": {"type": "Polygon", "coordinates": [[[-119.796705690697, 36.7221240350617], [-119.796592690719, 36.722200035242], [-119.79650169138, 36.722267034865], [-119.795901691331, 36.7227120347248], [-119.795701691314, 36.722861034909], [-119.795502691123, 36.7230030346562], [-119.794907691096, 36.7234300353211], [-119.794709690729, 36.7235730348529], [-119.794492690994, 36.7233770347825], [-119.793844691264, 36.7227890351702], [-119.793629691179, 36.7225930352591], [-119.793908690838, 36.722396034716], [-119.794460691207, 36.7220090352331], [-119.794603691322, 36.7218990352047], [-119.794705691429, 36.7217780349195], [-119.794709690729, 36.7217640351182], [-119.794746691437, 36.7216490347506], [-119.794762691331, 36.7214290349452], [-119.794877690959, 36.7214270346561], [-119.795225691113, 36.7214250350869], [-119.795341690566, 36.7214250350869], [-119.795562691397, 36.7214250350869], [-119.796227690846, 36.7214280348007], [-119.796449690604, 36.7214290349452], [-119.796449690604, 36.7215860351588], [-119.796449690604, 36.7217540351557], [-119.796479690741, 36.7218820350095], [-119.796571690802, 36.722006034822], [-119.796586690871, 36.7220190351624], [-119.796686691328, 36.7221070349163], [-119.796705690697, 36.7221240350617]]]}, "properties": {"GEOID": "060190004003045", "P0010001": 266, "ALAND": 35982, "AWATER": 0}}, {"type": "Feature", "geometry": {"type": "Polygon", "coordinates": [[[-119.787122688723, 36.7219590362871], [-119.786283689197, 36.7225560362227], [-119.786030688579, 36.7223340358696], [-119.785830688562, 36.7221490362851], [-119.785674688926, 36.7220280356737], [-119.785595689284, 36.7219880359534], [-119.785536688834, 36.7219760357452], [-119.785524689139, 36.7218630359729], [-119.785479688933, 36.7214510359622], [-119.785515688918, 36.7214520361064], [-119.785560689124, 36.7214550358191], [-119.785597688933, 36.7214580362517], [-119.785663689056, 36.7214580362517], [-119.786107688571, 36.7214580362517], [-119.786256689433, 36.7214580362517], [-119.78630168874, 36.7214560359633], [-119.786436689358, 36.7214540356749], [-119.786482689388, 36.7214530362507], [-119.786610689435, 36.7215540363521], [-119.786994688676, 36.7218570358592], [-119.787122688723, 36.7219590362871]]]}, "properties": {"GEOID": "060190004003046", "P0010001": 15, "ALAND": 10976, "AWATER": 0}}, {"type": "Feature", "geometry": {"type": "Polygon", "coordinates": [[[-119.785536688834, 36.7219760357452], [-119.785449688795, 36.721953036181], [-119.785368688605, 36.7219180356725], [-119.785258689, 36.721861035695], [-119.785235689434, 36.7214450358163], [-119.785479688933, 36.7214510359622], [-119.785524689139, 36.7218630359729], [-119.785536688834, 36.7219760357452]]]}, "properties": {"GEOID": "060190004003047", "P0010001": 0, "ALAND": 1216, "AWATER": 0}}, {"type": "Feature", "geometry": {"type": "Polygon", "coordinates": [[[-119.785555689101, 36.7225420358432], [-119.785549689253, 36.7226300357178], [-119.785273689068, 36.7223670359237], [-119.785273689068, 36.7222950357218], [-119.78526968887, 36.7219790361574], [-119.785258689, 36.721861035695], [-119.785368688605, 36.7219180356725], [-119.785449688795, 36.721953036181], [-119.785536688834, 36.7219760357452], [-119.785550689078, 36.7222170360869], [-119.785551688903, 36.7223200361696], [-119.785555689101, 36.7225420358432]]]}, "properties": {"GEOID": "060190004003048", "P0010001": 0, "ALAND": 1565, "AWATER": 0}}, {"type": "Feature", "geometry": {"type": "Polygon", "coordinates": [[[-119.785537688659, 36.7227870363566], [-119.785513689268, 36.72308003625], [-119.785313689251, 36.722834035825], [-119.785264688848, 36.722805035758], [-119.785264688848, 36.722771035765], [-119.785273689068, 36.7225590358923], [-119.785273689068, 36.7223670359237], [-119.785549689253, 36.7226300357178], [-119.785537688659, 36.7227870363566]]]}, "properties": {"GEOID": "060190004003049", "P0010001": 0, "ALAND": 1178, "AWATER": 0}}, {"type": "Feature", "geometry": {"type": "Polygon", "coordinates": [[[-119.785451689344, 36.7235040361341], [-119.785433688902, 36.723488035692], [-119.785202688923, 36.7232770357588], [-119.785264688848, 36.722805035758], [-119.785313689251, 36.722834035825], [-119.785513689268, 36.72308003625], [-119.785451689344, 36.7235040361341]]]}, "properties": {"GEOID": "060190004003050", "P0010001": 0, "ALAND": 1292, "AWATER": 0}}, {"type": "Feature", "geometry": {"type": "Polygon", "coordinates": [[[-119.785451689344, 36.7235040361341], [-119.785296688635, 36.724163035881], [-119.785144689197, 36.7247110360319], [-119.785136688801, 36.7247360356932], [-119.785115688885, 36.724810035968], [-119.785108689212, 36.7248360356973], [-119.784811689111, 36.725735036266], [-119.784637689034, 36.7256330358129], [-119.784569689262, 36.725600035722], [-119.784620689315, 36.725476035952], [-119.784630689361, 36.7254460360705], [-119.784871689385, 36.7247710363575], [-119.78493568896, 36.7245530363423], [-119.785119689083, 36.7237260359856], [-119.785202688923, 36.7232770357588], [-119.785433688902, 36.723488035692], [-119.785451689344, 36.7235040361341]]]}, "properties": {"GEOID": "060190004003051", "P0010001": 0, "ALAND": 6127, "AWATER": 0}}, {"type": "Feature", "geometry": {"type": "Polygon", "coordinates": [[[-119.785848689004, 36.7240840358731], [-119.785825689437, 36.7242810356868], [-119.7857996886, 36.7243820356693], [-119.785761689863, 36.7244860358334], [-119.785663689954, 36.724691036153], [-119.785498690098, 36.7250000361133], [-119.784984690262, 36.7258790359126], [-119.784949690102, 36.7258500362755], [-119.784845689446, 36.7257630358584], [-119.784811689111, 36.725735036266], [-119.785108689212, 36.7248360356973], [-119.785115688885, 36.724810035968], [-119.785136688801, 36.7247360356932], [-119.785144689197, 36.7247110360319], [-119.785296688635, 36.724163035881], [-119.785451689344, 36.7235040361341], [-119.785840688608, 36.7238380357838], [-119.785848689004, 36.7240840358731]]]}, "properties": {"GEOID": "060190004003052", "P0010001": 0, "ALAND": 9489, "AWATER": 0}}, {"type": "Feature", "geometry": {"type": "Polygon", "coordinates": [[[-119.785840688608, 36.7238380357838], [-119.785451689344, 36.7235040361341], [-119.785513689268, 36.72308003625], [-119.785683689147, 36.7233010357668], [-119.785747688721, 36.7234230359313], [-119.78578468943, 36.7235210359703], [-119.785816689217, 36.7236630359373], [-119.785840688608, 36.7238380357838]]]}, "properties": {"GEOID": "060190004003053", "P0010001": 0, "ALAND": 1318, "AWATER": 0}}, {"type": "Feature", "geometry": {"type": "Polygon", "coordinates": [[[-119.785273689068, 36.7225590358923], [-119.785264688848, 36.722771035765], [-119.785264688848, 36.722805035758], [-119.785202688923, 36.7232770357588], [-119.785174689334, 36.7232520363425], [-119.784916688693, 36.7230140360201], [-119.784308689146, 36.7224530357364], [-119.783801688983, 36.7219960363311], [-119.783851689211, 36.7219610358423], [-119.784003688649, 36.7218570358592], [-119.784054688703, 36.7218230361666], [-119.784096689434, 36.7217920361584], [-119.784223688757, 36.7217000361996], [-119.784266689313, 36.7216700362832], [-119.78444268904, 36.7215360359373], [-119.785273689068, 36.7223670359237], [-119.785273689068, 36.7225590358923]]]}, "properties": {"GEOID": "060190004003054", "P0010001": 0, "ALAND": 11352, "AWATER": 0}}, {"type": "Feature", "geometry": {"type": "Polygon", "coordinates": [[[-119.785202688923, 36.7232770357588], [-119.785119689083, 36.7237260359856], [-119.78493568896, 36.7245530363423], [-119.78451268936, 36.7241680357056], [-119.783240689291, 36.7230110356483], [-119.782699688793, 36.722451036194], [-119.782121689383, 36.7218520358842], [-119.782042688842, 36.7218180361893], [-119.781805689015, 36.7217180358559], [-119.781727689197, 36.7216850362429], [-119.781726689372, 36.7214760359646], [-119.781888688856, 36.7214740356767], [-119.783219689375, 36.7214580362517], [-119.783527689346, 36.7217600359974], [-119.783801688983, 36.7219960363311], [-119.784308689146, 36.7224530357364], [-119.784916688693, 36.7230140360201], [-119.785174689334, 36.7232520363425], [-119.785202688923, 36.7232770357588]]]}, "properties": {"GEOID": "060190004003055", "P0010001": 0, "ALAND": 39576, "AWATER": 0}}, {"type": "Feature", "geometry": {"type": "Polygon", "coordinates": [[[-119.784871689385, 36.7247710363575], [-119.784489688896, 36.7246140361744], [-119.784455688561, 36.7246050359661], [-119.784003688649, 36.7244870359382], [-119.783565688981, 36.7244300357072], [-119.783043688749, 36.7244270361107], [-119.782395689019, 36.7244800359248], [-119.782320688676, 36.7244870359382], [-119.781714688779, 36.7246090356588], [-119.781714688779, 36.7244520358645], [-119.781716689327, 36.7239830362187], [-119.781718688976, 36.723827035978], [-119.781720688626, 36.7235890359974], [-119.781728689022, 36.7228780363276], [-119.78173268922, 36.7226410356951], [-119.781731689395, 36.7224490359315], [-119.781728689022, 36.7218760363375], [-119.781727689197, 36.7216850362429], [-119.781805689015, 36.7217180358559], [-119.782042688842, 36.7218180361893], [-119.782121689383, 36.7218520358842], [-119.782699688793, 36.722451036194], [-119.783240689291, 36.7230110356483], [-119.78451268936, 36.7241680357056], [-119.78493568896, 36.7245530363423], [-119.784871689385, 36.7247710363575]]]}, "properties": {"GEOID": "060190004003056", "P0010001": 0, "ALAND": 46269, "AWATER": 0}}, {"type": "Feature", "geometry": {"type": "Polygon", "coordinates": [[[-119.784630689361, 36.7254460360705], [-119.784227688955, 36.7251820357435], [-119.784070688596, 36.725079035899], [-119.78380768883, 36.7250680362709], [-119.783019689358, 36.7250350359372], [-119.782757689417, 36.7250260357783], [-119.782690688572, 36.7250730360366], [-119.78248968873, 36.7252140359188], [-119.782423688608, 36.725261036062], [-119.782281689216, 36.7251300357903], [-119.781855689244, 36.7247390359977], [-119.781714688779, 36.7246090356588], [-119.782320688676, 36.7244870359382], [-119.782395689019, 36.7244800359248], [-119.783043688749, 36.7244270361107], [-119.783565688981, 36.7244300357072], [-119.784003688649, 36.7244870359382], [-119.784455688561, 36.7246050359661], [-119.784489688896, 36.7246140361744], [-119.784871689385, 36.7247710363575], [-119.784630689361, 36.7254460360705]]]}, "properties": {"GEOID": "060190004003057", "P0010001": 0, "ALAND": 17656, "AWATER": 0}}, {"type": "Feature", "geometry": {"type": "Polygon", "coordinates": [[[-119.782423688608, 36.725261036062], [-119.78227168917, 36.7253630362891], [-119.781816688886, 36.725670036247], [-119.781665689273, 36.725773036019], [-119.781675689319, 36.7255400360441], [-119.781681689167, 36.7254040357846], [-119.781688688839, 36.7249800363096], [-119.78169768906, 36.7248410361981], [-119.781714688779, 36.7246090356588], [-119.781855689244, 36.7247390359977], [-119.782281689216, 36.7251300357903], [-119.782423688608, 36.725261036062]]]}, "properties": {"GEOID": "060190004003058", "P0010001": 0, "ALAND": 4285, "AWATER": 0}}, {"type": "Feature", "geometry": {"type": "Polygon", "coordinates": [[[-119.781681689167, 36.7254040357846], [-119.781675689319, 36.7255400360441], [-119.781665689273, 36.725773036019], [-119.781615689044, 36.7258120358406], [-119.781465689256, 36.7259280358208], [-119.781416688853, 36.7259680356492], [-119.781218689384, 36.7257910361606], [-119.780627688657, 36.7252620361566], [-119.780431688839, 36.7250860358578], [-119.780411688747, 36.7250620356876], [-119.780354688846, 36.7249930361466], [-119.780335688579, 36.7249700360459], [-119.780671689038, 36.7249720362427], [-119.781688688839, 36.7249800363096], [-119.781681689167, 36.7254040357846]]]}, "properties": {"GEOID": "060190004003059", "P0010001": 0, "ALAND": 7767, "AWATER": 0}}, {"type": "Feature", "geometry": {"type": "Polygon", "coordinates": [[[-119.781416688853, 36.7259680356492], [-119.780387689356, 36.7266990370337], [-119.779352689113, 36.7257550373131], [-119.779292688839, 36.72570103685], [-119.779115689287, 36.7255390366731], [-119.779081688951, 36.7255080367247], [-119.779060689035, 36.7254820372229], [-119.778981689392, 36.7253870370852], [-119.778966688425, 36.7252780369492], [-119.778976687573, 36.7249840359828], [-119.780335688579, 36.7249700360459], [-119.780354688846, 36.7249930361466], [-119.780411688747, 36.7250620356876], [-119.780431688839, 36.7250860358578], [-119.780627688657, 36.7252620361566], [-119.781218689384, 36.7257910361606], [-119.781416688853, 36.7259680356492]]]}, "properties": {"GEOID": "060190004003060", "P0010001": 0, "ALAND": 23503, "AWATER": 0}}, {"type": "Feature", "geometry": {"type": "Polygon", "coordinates": [[[-119.779405688817, 36.7273760372146], [-119.779234689112, 36.7272250370118], [-119.778722688926, 36.7267750370068], [-119.778552689047, 36.7266250371392], [-119.77866668885, 36.7264270367789], [-119.778672688698, 36.7264190368627], [-119.778899689377, 36.7261600366955], [-119.779174688838, 36.7259130366898], [-119.779352689113, 36.7257550373131], [-119.780387689356, 36.7266990370337], [-119.779405688817, 36.7273760372146]]]}, "properties": {"GEOID": "060190004003061", "P0010001": 0, "ALAND": 15153, "AWATER": 0}}, {"type": "Feature", "geometry": {"type": "Polygon", "coordinates": [[[-119.779405688817, 36.7273760372146], [-119.779191688556, 36.727524036925], [-119.778774688805, 36.7278140372817], [-119.778552689047, 36.7279710366827], [-119.77834168916, 36.7281230369159], [-119.778239689053, 36.7280310373412], [-119.778085689067, 36.7278910369317], [-119.777938688754, 36.7277550372358], [-119.777838689195, 36.7276630372202], [-119.777974688739, 36.7274500371054], [-119.778188688999, 36.7271190368161], [-119.778402689259, 36.7268270372862], [-119.778552689047, 36.7266250371392], [-119.778722688926, 36.7267750370068], [-119.779234689112, 36.7272250370118], [-119.779405688817, 36.7273760372146]]]}, "properties": {"GEOID": "060190004003062", "P0010001": 0, "ALAND": 11439, "AWATER": 0}}, {"type": "Feature", "geometry": {"type": "Polygon", "coordinates": [[[-119.77834168916, 36.7281230369159], [-119.777803689034, 36.7285400366739], [-119.777625688759, 36.7286380366631], [-119.777543688743, 36.7286650373067], [-119.777338688704, 36.7286810366703], [-119.777271688757, 36.7286820367204], [-119.776856688655, 36.7286850368707], [-119.776632688349, 36.7286860369207], [-119.775962687979, 36.7286910371708], [-119.775739688397, 36.7286940373207], [-119.775572687992, 36.7286880370208], [-119.77528868831, 36.72867903729], [-119.775073688225, 36.7286810366703], [-119.774907687645, 36.7286830367705], [-119.774909688193, 36.7285110373217], [-119.774916687866, 36.7279980368408], [-119.774919688239, 36.7278270373589], [-119.774921687889, 36.727637037008], [-119.774929688285, 36.7270690368768], [-119.774932687759, 36.7268800368839], [-119.775344688386, 36.7268800368839], [-119.776583687945, 36.726882037031], [-119.776996688397, 36.7268830371045], [-119.777164687728, 36.7270390368975], [-119.77766968914, 36.7275070372549], [-119.777838689195, 36.7276630372202], [-119.777938688754, 36.7277550372358], [-119.778085689067, 36.7278910369317], [-119.778239689053, 36.7280310373412], [-119.77834168916, 36.7281230369159]]]}, "properties": {"GEOID": "060190004003063", "P0010001": 0, "ALAND": 50780, "AWATER": 0}}, {"type": "Feature", "geometry": {"type": "Polygon", "coordinates": [[[-119.778277688687, 36.7299820368544], [-119.777427689291, 36.7305990368449], [-119.777003688968, 36.7302250373316], [-119.777123688619, 36.7290120367065], [-119.77716968865, 36.7287760370529], [-119.777271688757, 36.7286820367204], [-119.777338688704, 36.7286810366703], [-119.77738368891, 36.7288310368417], [-119.777412689222, 36.7289290371795], [-119.777462688553, 36.7290010369218], [-119.777543688743, 36.7290740366417], [-119.778206689441, 36.7296800370413], [-119.778428689198, 36.7298830371061], [-119.778277688687, 36.7299820368544]]]}, "properties": {"GEOID": "060190004003064", "P0010001": 0, "ALAND": 13935, "AWATER": 0}}, {"type": "Feature", "geometry": {"type": "Polygon", "coordinates": [[[-119.77716968865, 36.7287760370529], [-119.777123688619, 36.7290120367065], [-119.777003688968, 36.7302250373316], [-119.776810688624, 36.7300550370815], [-119.776791689256, 36.7300320370569], [-119.776704689218, 36.7299500372261], [-119.775926687994, 36.7292110369247], [-119.775877687591, 36.7290750366867], [-119.775739688397, 36.7286940373207], [-119.775962687979, 36.7286910371708], [-119.776632688349, 36.7286860369207], [-119.776856688655, 36.7286850368707], [-119.777271688757, 36.7286820367204], [-119.77716968865, 36.7287760370529]]]}, "properties": {"GEOID": "060190004003065", "P0010001": 0, "ALAND": 12783, "AWATER": 0}}, {"type": "Feature", "geometry": {"type": "Polygon", "coordinates": [[[-119.77803568794, 36.7261700368044], [-119.776996688397, 36.7268830371045], [-119.776583687945, 36.726882037031], [-119.775344688386, 36.7268800368839], [-119.774932687759, 36.7268800368839], [-119.774928687561, 36.7265200369135], [-119.774918688414, 36.7254430372337], [-119.774915688041, 36.725084037104], [-119.776276687799, 36.7250920371592], [-119.776552687983, 36.7250880367717], [-119.776838688214, 36.7250360367548], [-119.777285688102, 36.7250330371821], [-119.777327687935, 36.725441037049], [-119.777345688377, 36.7255390366731], [-119.777432688415, 36.7256380369818], [-119.77803568794, 36.7261700368044]]]}, "properties": {"GEOID": "060190004003066", "P0010001": 0, "ALAND": 46524, "AWATER": 0}}, {"type": "Feature", "geometry": {"type": "Polygon", "coordinates": [[[-119.774929688285, 36.7270690368768], [-119.774921687889, 36.727637037008], [-119.774919688239, 36.7278270373589], [-119.774916687866, 36.7279980368408], [-119.774909688193, 36.7285110373217], [-119.774907687645, 36.7286830367705], [-119.774673688192, 36.7286870369708], [-119.774558687666, 36.7286850368707], [-119.773513688275, 36.7286760371395], [-119.773165688121, 36.7286730369889], [-119.773061688364, 36.7286710368884], [-119.77280968757, 36.7286670366873], [-119.772751687844, 36.7286640372564], [-119.772648687912, 36.7286590370045], [-119.772649687737, 36.7279450372948], [-119.772651688285, 36.7258050366679], [-119.772653687036, 36.7250920371592], [-119.772759687342, 36.7251010373104], [-119.773105687846, 36.7250980370201], [-119.774462688304, 36.7250910370624], [-119.774828688002, 36.7250900369655], [-119.774915688041, 36.725084037104], [-119.774918688414, 36.7254430372337], [-119.774928687561, 36.7265200369135], [-119.774932687759, 36.7268800368839], [-119.774929688285, 36.7270690368768]]]}, "properties": {"GEOID": "060190004003067", "P0010001": 0, "ALAND": 80665, "AWATER": 0}}, {"type": "Feature", "geometry": {"type": "Polygon", "coordinates": [[[-119.772651688285, 36.7258050366679], [-119.772649687737, 36.7279450372948], [-119.772648687912, 36.7286590370045], [-119.772520687865, 36.7286580369541], [-119.771779688249, 36.7286490372198], [-119.771710687753, 36.7286540367523], [-119.771711687578, 36.7286390367138], [-119.771705687731, 36.72760203693], [-119.770503687083, 36.7276000368016], [-119.770503687083, 36.7272890370864], [-119.770505686733, 36.7263560368635], [-119.770506686558, 36.7261860366878], [-119.770511686581, 36.7260460372346], [-119.770262687059, 36.7260440370658], [-119.769518687069, 36.7260390366433], [-119.769270687372, 36.7260380372788], [-119.769271687197, 36.7258560367972], [-119.76927668722, 36.7253110371785], [-119.76927868687, 36.7251300372303], [-119.769530686765, 36.7251270369412], [-119.770290686648, 36.7251210370825], [-119.770543687266, 36.7251190368895], [-119.770779687268, 36.7251190368895], [-119.771487687272, 36.7251190368895], [-119.771650686581, 36.7251200369861], [-119.771723687274, 36.7251100367405], [-119.771864686841, 36.7251060370739], [-119.772287687339, 36.7250980370201], [-119.77242968673, 36.7250960368265], [-119.772473687111, 36.7250940373529], [-119.772608686831, 36.7250920371592], [-119.772653687036, 36.7250920371592], [-119.772651688285, 36.7258050366679]]]}, "properties": {"GEOID": "060190004003068", "P0010001": 62, "ALAND": 73997, "AWATER": 0}}, {"type": "Feature", "geometry": {"type": "Polygon", "coordinates": [[[-119.771711687578, 36.7286390367138], [-119.770952688418, 36.7286530367018], [-119.770503687083, 36.7286580369541], [-119.770503687083, 36.7284460367725], [-119.770503687083, 36.7278110370974], [-119.770503687083, 36.7276000368016], [-119.771705687731, 36.72760203693], [-119.771711687578, 36.7286390367138]]]}, "properties": {"GEOID": "060190004003069", "P0010001": 80, "ALAND": 12525, "AWATER": 0}}, {"type": "Feature", "geometry": {"type": "Polygon", "coordinates": [[[-119.770506686558, 36.7261860366878], [-119.770505686733, 36.7263560368635], [-119.770503687083, 36.7272890370864], [-119.770503687083, 36.7276000368016], [-119.770255687386, 36.7275990367374], [-119.769513687046, 36.7275960372647], [-119.769266687174, 36.7275950372004], [-119.769269686649, 36.7272830366766], [-119.76927868687, 36.7263490370204], [-119.769280687418, 36.7261810369946], [-119.769270687372, 36.7260380372788], [-119.769518687069, 36.7260390366433], [-119.770262687059, 36.7260440370658], [-119.770511686581, 36.7260460372346], [-119.770506686558, 36.7261860366878]]]}, "properties": {"GEOID": "060190004003070", "P0010001": 87, "ALAND": 18992, "AWATER": 0}}, {"type": "Feature", "geometry": {"type": "Polygon", "coordinates": [[[-119.770503687083, 36.7278110370974], [-119.770503687083, 36.7284460367725], [-119.770503687083, 36.7286580369541], [-119.770258686861, 36.7286610371052], [-119.769525686742, 36.7286720369387], [-119.769281687243, 36.7286770371897], [-119.769277687045, 36.7284600367958], [-119.769265687349, 36.7278110370974], [-119.769263686801, 36.7276830370452], [-119.769266687174, 36.7275950372004], [-119.769513687046, 36.7275960372647], [-119.770255687386, 36.7275990367374], [-119.770503687083, 36.7276000368016], [-119.770503687083, 36.7278110370974]]]}, "properties": {"GEOID": "060190004003071", "P0010001": 55, "ALAND": 13056, "AWATER": 0}}, {"type": "Feature", "geometry": {"type": "Polygon", "coordinates": [[[-119.779248689356, 36.7292900366982], [-119.778633689238, 36.7297340368662], [-119.778428689198, 36.7298830371061], [-119.778206689441, 36.7296800370413], [-119.777543688743, 36.7290740366417], [-119.777462688553, 36.7290010369218], [-119.777412689222, 36.7289290371795], [-119.77738368891, 36.7288310368417], [-119.777338688704, 36.7286810366703], [-119.777543688743, 36.7286650373067], [-119.777625688759, 36.7286380366631], [-119.777803689034, 36.7285400366739], [-119.77834168916, 36.7281230369159], [-119.778563688918, 36.7283260367771], [-119.779231688739, 36.728938036881], [-119.77945468922, 36.7291420367917], [-119.779248689356, 36.7292900366982]]]}, "properties": {"GEOID": "060190004003072", "P0010001": 0, "ALAND": 18565, "AWATER": 0}}, {"type": "Feature", "geometry": {"type": "Polygon", "coordinates": [[[-119.772682687349, 36.7216300370965], [-119.772677687326, 36.7222390368781], [-119.772676686603, 36.7224430373037], [-119.77267168658, 36.7229720372843], [-119.772657687234, 36.7245620372766], [-119.772653687036, 36.7250920371592], [-119.772608686831, 36.7250920371592], [-119.772473687111, 36.7250940373529], [-119.77242968673, 36.7250960368265], [-119.772287687339, 36.7250980370201], [-119.771864686841, 36.7251060370739], [-119.771723687274, 36.7251100367405], [-119.771650686581, 36.7251200369861], [-119.771487687272, 36.7251190368895], [-119.770779687268, 36.7251190368895], [-119.770543687266, 36.7251190368895], [-119.770290686648, 36.7251210370825], [-119.769530686765, 36.7251270369412], [-119.76927868687, 36.7251300372303], [-119.769281687243, 36.7249090372165], [-119.769291687288, 36.724248037175], [-119.769293686938, 36.7241400369717], [-119.769301687334, 36.7240280368938], [-119.769300686611, 36.7237730370394], [-119.769298686961, 36.7230080367164], [-119.769298686961, 36.7227540372028], [-119.769057686937, 36.7227550373302], [-119.768337687236, 36.7227600372464], [-119.768098685964, 36.722763036908], [-119.768098685964, 36.7225280369012], [-119.768100685613, 36.7218230368866], [-119.768101686337, 36.7215890370263], [-119.768101686337, 36.7215730369052], [-119.768101686337, 36.7215250372419], [-119.768101686337, 36.721510037251], [-119.768101686337, 36.7214890371148], [-119.768101686337, 36.7214290371053], [-119.768102686162, 36.7214090370918], [-119.768328686117, 36.7214100372366], [-119.769009686358, 36.7214130369509], [-119.769236687037, 36.7214140370956], [-119.769281687243, 36.7214100372366], [-119.769418686612, 36.7214020367978], [-119.769464686642, 36.721400037228], [-119.769977686653, 36.7214060366573], [-119.771516686686, 36.721425037247], [-119.772030687421, 36.7214320368189], [-119.772109687063, 36.7214300372499], [-119.772349687263, 36.7214270368162], [-119.77242968673, 36.7214270368162], [-119.772480686784, 36.7214270368162], [-119.772633686945, 36.7214270368162], [-119.772685686824, 36.7214270368162], [-119.772682687349, 36.7216300370965]]]}, "properties": {"GEOID": "060190004003073", "P0010001": 9, "ALAND": 139671, "AWATER": 0}}, {"type": "Feature", "geometry": {"type": "Polygon", "coordinates": [[[-119.776319688355, 36.7228640360067], [-119.776307687761, 36.723570036663], [-119.776303687563, 36.7238050370817], [-119.776276687799, 36.7250920371592], [-119.774915688041, 36.725084037104], [-119.774828688002, 36.7250900369655], [-119.774462688304, 36.7250910370624], [-119.773105687846, 36.7250980370201], [-119.772759687342, 36.7251010373104], [-119.772653687036, 36.7250920371592], [-119.772657687234, 36.7245620372766], [-119.77267168658, 36.7229720372843], [-119.772676686603, 36.7224430373037], [-119.772677687326, 36.7222390368781], [-119.772682687349, 36.7216300370965], [-119.772685686824, 36.7214270368162], [-119.773140687108, 36.7214270368162], [-119.773154687352, 36.7214270368162], [-119.774564686615, 36.7214300358098], [-119.775034686968, 36.7214320360989], [-119.775036686618, 36.7216680360004], [-119.775044687912, 36.7223760371143], [-119.775047688285, 36.7226120369953], [-119.775302687655, 36.7226150366627], [-119.776068688285, 36.7226260359221], [-119.776324688378, 36.7226300357178], [-119.776319688355, 36.7228640360067]]]}, "properties": {"GEOID": "060190004003074", "P0010001": 0, "ALAND": 117020, "AWATER": 0}}, {"type": "Feature", "geometry": {"type": "Polygon", "coordinates": [[[-119.777636687732, 36.7250220368274], [-119.777461687829, 36.7248900367686], [-119.777285688102, 36.7250330371821], [-119.776838688214, 36.7250360367548], [-119.776552687983, 36.7250880367717], [-119.776276687799, 36.7250920371592], [-119.776303687563, 36.7238050370817], [-119.777635687907, 36.7238080359825], [-119.777636687732, 36.7250220368274]]]}, "properties": {"GEOID": "060190004003075", "P0010001": 32, "ALAND": 16345, "AWATER": 0}}, {"type": "Feature", "geometry": {"type": "Polygon", "coordinates": [[[-119.779352689113, 36.7257550373131], [-119.779174688838, 36.7259130366898], [-119.778899689377, 36.7261600366955], [-119.778672688698, 36.7264190368627], [-119.77866668885, 36.7264270367789], [-119.778552689047, 36.7266250371392], [-119.77803568794, 36.7261700368044], [-119.777432688415, 36.7256380369818], [-119.777345688377, 36.7255390366731], [-119.777327687935, 36.725441037049], [-119.777285688102, 36.7250330371821], [-119.777461687829, 36.7248900367686], [-119.777636687732, 36.7250220368274], [-119.778976687573, 36.7249840359828], [-119.778966688425, 36.7252780369492], [-119.778981689392, 36.7253870370852], [-119.779060689035, 36.7254820372229], [-119.779081688951, 36.7255080367247], [-119.779115689287, 36.7255390366731], [-119.779292688839, 36.72570103685], [-119.779352689113, 36.7257550373131]]]}, "properties": {"GEOID": "060190004003076", "P0010001": 0, "ALAND": 20195, "AWATER": 0}}, {"type": "Feature", "geometry": {"type": "Polygon", "coordinates": [[[-119.778402689259, 36.7268270372862], [-119.778188688999, 36.7271190368161], [-119.777974688739, 36.7274500371054], [-119.777838689195, 36.7276630372202], [-119.77766968914, 36.7275070372549], [-119.777164687728, 36.7270390368975], [-119.776996688397, 36.7268830371045], [-119.77803568794, 36.7261700368044], [-119.778552689047, 36.7266250371392], [-119.778402689259, 36.7268270372862]]]}, "properties": {"GEOID": "060190004003077", "P0010001": 0, "ALAND": 11136, "AWATER": 0}}, {"type": "Feature", "geometry": {"type": "Polygon", "coordinates": [[[-119.781728689022, 36.7228780363276], [-119.781720688626, 36.7235890359974], [-119.781718688976, 36.723827035978], [-119.781441688967, 36.7238230362447], [-119.780613689312, 36.7238140359437], [-119.780337689127, 36.7238110363231], [-119.78034268915, 36.7235770360394], [-119.78035768832, 36.7228750359505], [-119.780363688168, 36.7226420358238], [-119.78063668798, 36.7226410356951], [-119.781458688685, 36.7226410356951], [-119.78173268922, 36.7226410356951], [-119.781728689022, 36.7228780363276]]]}, "properties": {"GEOID": "060190004003078", "P0010001": 0, "ALAND": 16047, "AWATER": 0}}, {"type": "Feature", "geometry": {"type": "Polygon", "coordinates": [[[-119.781716689327, 36.7239830362187], [-119.781714688779, 36.7244520358645], [-119.781714688779, 36.7246090356588], [-119.78169768906, 36.7248410361981], [-119.781688688839, 36.7249800363096], [-119.780671689038, 36.7249720362427], [-119.780335688579, 36.7249700360459], [-119.780335688579, 36.7247380358962], [-119.780336689302, 36.7240420362825], [-119.780337689127, 36.7238110363231], [-119.780613689312, 36.7238140359437], [-119.781441688967, 36.7238230362447], [-119.781718688976, 36.723827035978], [-119.781716689327, 36.7239830362187]]]}, "properties": {"GEOID": "060190004003079", "P0010001": 0, "ALAND": 15760, "AWATER": 0}}, {"type": "Feature", "geometry": {"type": "Polygon", "coordinates": [[[-119.780336689302, 36.7240420362825], [-119.780335688579, 36.7247380358962], [-119.780335688579, 36.7249700360459], [-119.778976687573, 36.7249840359828], [-119.779001687687, 36.7238250357514], [-119.779268687651, 36.7238210360179], [-119.780069689339, 36.7238130358302], [-119.780337689127, 36.7238110363231], [-119.780336689302, 36.7240420362825]]]}, "properties": {"GEOID": "060190004003080", "P0010001": 0, "ALAND": 15486, "AWATER": 0}}, {"type": "Feature", "geometry": {"type": "Polygon", "coordinates": [[[-119.778976687573, 36.7249840359828], [-119.777636687732, 36.7250220368274], [-119.777635687907, 36.7238080359825], [-119.779001687687, 36.7238250357514], [-119.778976687573, 36.7249840359828]]]}, "properties": {"GEOID": "060190004003081", "P0010001": 0, "ALAND": 15913, "AWATER": 0}}, {"type": "Feature", "geometry": {"type": "Polygon", "coordinates": [[[-119.779022687604, 36.7228640360067], [-119.77900668771, 36.7235850362516], [-119.779001687687, 36.7238250357514], [-119.777635687907, 36.7238080359825], [-119.777674688265, 36.7226290363089], [-119.777944687703, 36.722627036051], [-119.778757688188, 36.7226250357931], [-119.77902868835, 36.7226250357931], [-119.779022687604, 36.7228640360067]]]}, "properties": {"GEOID": "060190004003082", "P0010001": 12, "ALAND": 16045, "AWATER": 0}}, {"type": "Feature", "geometry": {"type": "Polygon", "coordinates": [[[-119.78035768832, 36.7228750359505], [-119.78034268915, 36.7235770360394], [-119.780337689127, 36.7238110363231], [-119.780069689339, 36.7238130358302], [-119.779268687651, 36.7238210360179], [-119.779001687687, 36.7238250357514], [-119.77900668771, 36.7235850362516], [-119.779022687604, 36.7228640360067], [-119.77902868835, 36.7226250357931], [-119.779295688313, 36.72262803618], [-119.78009568838, 36.7226380360287], [-119.780363688168, 36.7226420358238], [-119.78035768832, 36.7228750359505]]]}, "properties": {"GEOID": "060190004003083", "P0010001": 0, "ALAND": 15677, "AWATER": 0}}, {"type": "Feature", "geometry": {"type": "Polygon", "coordinates": [[[-119.780381687712, 36.7216960363555], [-119.780367688366, 36.7224050359031], [-119.780363688168, 36.7226420358238], [-119.78009568838, 36.7226380360287], [-119.779295688313, 36.72262803618], [-119.77902868835, 36.7226250357931], [-119.779031687824, 36.7223870356878], [-119.779040688045, 36.7216740361287], [-119.779044688243, 36.7214370361012], [-119.779312688032, 36.7214410359589], [-119.780118687946, 36.7214550358191], [-119.780387687559, 36.72146003582], [-119.780381687712, 36.7216960363555]]]}, "properties": {"GEOID": "060190004003084", "P0010001": 0, "ALAND": 15729, "AWATER": 0}}, {"type": "Feature", "geometry": {"type": "Polygon", "coordinates": [[[-119.78173268922, 36.7226410356951], [-119.781458688685, 36.7226410356951], [-119.78063668798, 36.7226410356951], [-119.780363688168, 36.7226420358238], [-119.780367688366, 36.7224050359031], [-119.780381687712, 36.7216960363555], [-119.780387687559, 36.72146003582], [-119.78061268769, 36.72146003582], [-119.780660688269, 36.7214630362524], [-119.780891688248, 36.7214830362519], [-119.781233687656, 36.7215430362191], [-119.781463688708, 36.7216110358373], [-119.78155568877, 36.7216390362132], [-119.781727689197, 36.7216850362429], [-119.781728689022, 36.7218760363375], [-119.781731689395, 36.7224490359315], [-119.78173268922, 36.7226410356951]]]}, "properties": {"GEOID": "060190004003085", "P0010001": 0, "ALAND": 14892, "AWATER": 0}}, {"type": "Feature", "geometry": {"type": "Polygon", "coordinates": [[[-119.779040688045, 36.7216740361287], [-119.779031687824, 36.7223870356878], [-119.77902868835, 36.7226250357931], [-119.778757688188, 36.7226250357931], [-119.777944687703, 36.722627036051], [-119.777674688265, 36.7226290363089], [-119.777678687564, 36.7223880358199], [-119.777690688158, 36.7216680360004], [-119.777695688181, 36.7214280362407], [-119.777964687795, 36.7214290356653], [-119.778774687907, 36.7214350358123], [-119.779044688243, 36.7214370361012], [-119.779040688045, 36.7216740361287]]]}, "properties": {"GEOID": "060190004003086", "P0010001": 0, "ALAND": 15999, "AWATER": 0}}, {"type": "Feature", "geometry": {"type": "Polygon", "coordinates": [[[-119.777690688158, 36.7216680360004], [-119.777678687564, 36.7223880358199], [-119.777674688265, 36.7226290363089], [-119.777404687928, 36.7226290363089], [-119.776593687991, 36.7226290363089], [-119.776324688378, 36.7226300357178], [-119.776328687677, 36.7223910362161], [-119.776339688446, 36.7216750362701], [-119.776344687571, 36.7214370361012], [-119.776614687908, 36.7214340356678], [-119.777424688019, 36.7214290356653], [-119.777695688181, 36.7214280362407], [-119.777690688158, 36.7216680360004]]]}, "properties": {"GEOID": "060190004003087", "P0010001": 0, "ALAND": 16030, "AWATER": 0}}, {"type": "Feature", "geometry": {"type": "Polygon", "coordinates": [[[-119.777635687907, 36.7238080359825], [-119.776303687563, 36.7238050370817], [-119.776307687761, 36.723570036663], [-119.776319688355, 36.7228640360067], [-119.776324688378, 36.7226300357178], [-119.776593687991, 36.7226290363089], [-119.777404687928, 36.7226290363089], [-119.777674688265, 36.7226290363089], [-119.777635687907, 36.7238080359825]]]}, "properties": {"GEOID": "060190004003088", "P0010001": 12, "ALAND": 15658, "AWATER": 0}}, {"type": "Feature", "geometry": {"type": "Polygon", "coordinates": [[[-119.776339688446, 36.7216750362701], [-119.776328687677, 36.7223910362161], [-119.776324688378, 36.7226300357178], [-119.776068688285, 36.7226260359221], [-119.775302687655, 36.7226150366627], [-119.775047688285, 36.7226120369953], [-119.775044687912, 36.7223760371143], [-119.775036686618, 36.7216680360004], [-119.775034686968, 36.7214320360989], [-119.775295687084, 36.7214330362434], [-119.776081687805, 36.7214360359568], [-119.776344687571, 36.7214370361012], [-119.776339688446, 36.7216750362701]]]}, "properties": {"GEOID": "060190004003089", "P0010001": 0, "ALAND": 15210, "AWATER": 0}}, {"type": "Feature", "geometry": {"type": "Polygon", "coordinates": [[[-119.787856689565, 36.7214370361012], [-119.78770969015, 36.721541035933], [-119.787268689211, 36.7218540361623], [-119.787122688723, 36.7219590362871], [-119.786994688676, 36.7218570358592], [-119.786610689435, 36.7215540363521], [-119.786482689388, 36.7214530362507], [-119.786663689138, 36.7214490356736], [-119.787207689112, 36.7214380362457], [-119.787389688686, 36.7214350358123], [-119.787482688573, 36.7214350358123], [-119.787762689854, 36.7214360359568], [-119.787856689565, 36.7214370361012]]]}, "properties": {"GEOID": "060190004003090", "P0010001": 0, "ALAND": 3546, "AWATER": 0}}, {"type": "Feature", "geometry": {"type": "Polygon", "coordinates": [[[-119.792531690288, 36.7215860351588], [-119.792324689701, 36.7217310348049], [-119.791703689735, 36.7221690346659], [-119.791497689871, 36.7223150347846], [-119.791300690227, 36.7221350351114], [-119.790901690019, 36.7217700352391], [-119.790717689896, 36.7215880347237], [-119.790644690101, 36.7215160352316], [-119.790542689994, 36.7213880347678], [-119.790627690383, 36.7213620353113], [-119.790773689972, 36.7213200349522], [-119.790879690278, 36.7212740347039], [-119.790961690293, 36.7212390353262], [-119.791101690035, 36.7211570347466], [-119.791199689945, 36.7211000349245], [-119.791501690069, 36.7208810351383], [-119.791633690313, 36.7207860350698], [-119.79181168969, 36.7209470350409], [-119.792220689944, 36.7213160350882], [-119.792349689815, 36.7214280348007], [-119.792531690288, 36.7215860351588]]]}, "properties": {"GEOID": "060190004003091", "P0010001": 0, "ALAND": 14820, "AWATER": 0}}, {"type": "Feature", "geometry": {"type": "Polygon", "coordinates": [[[-119.785273689068, 36.7223670359237], [-119.78444268904, 36.7215360359373], [-119.784632689011, 36.7214310359544], [-119.784817688959, 36.7214370361012], [-119.784849688746, 36.7214400358145], [-119.785168688588, 36.7214430362477], [-119.785235689434, 36.7214450358163], [-119.785258689, 36.721861035695], [-119.78526968887, 36.7219790361574], [-119.785273689068, 36.7222950357218], [-119.785273689068, 36.7223670359237]]]}, "properties": {"GEOID": "060190004003092", "P0010001": 0, "ALAND": 4007, "AWATER": 0}}, {"type": "Feature", "geometry": {"type": "Polygon", "coordinates": [[[-119.77093768835, 36.7348760381935], [-119.770936687627, 36.7350290376836], [-119.770936687627, 36.735668037975], [-119.770936687627, 36.7358820382863], [-119.770604688264, 36.7358800376537], [-119.769609688204, 36.7358740379153], [-119.769278687768, 36.7358730379589], [-119.769290688362, 36.7357350380861], [-119.769289687639, 36.73566203822], [-119.769285688339, 36.7350290376836], [-119.769284687616, 36.7348180377848], [-119.769615688052, 36.7348170378146], [-119.770609688287, 36.7348160378444], [-119.770941687649, 36.7348160378444], [-119.77093768835, 36.7348760381935]]]}, "properties": {"GEOID": "060190004004000", "P0010001": 0, "ALAND": 17344, "AWATER": 0}}, {"type": "Feature", "geometry": {"type": "Polygon", "coordinates": [[[-119.772563688421, 36.7350360381753], [-119.772551688726, 36.7356650380976], [-119.772550688901, 36.7357270376999], [-119.772551688726, 36.7358750378717], [-119.772227688861, 36.7358760378281], [-119.771258687842, 36.7358800376537], [-119.770936687627, 36.7358820382863], [-119.770936687627, 36.735668037975], [-119.770936687627, 36.7350290376836], [-119.77093768835, 36.7348760381935], [-119.770941687649, 36.7348160378444], [-119.771266688238, 36.7348180377848], [-119.772242688031, 36.7348240383256], [-119.772568688444, 36.7348270382359], [-119.772563688421, 36.7350360381753]]]}, "properties": {"GEOID": "060190004004001", "P0010001": 26, "ALAND": 16985, "AWATER": 0}}, {"type": "Feature", "geometry": {"type": "Polygon", "coordinates": [[[-119.775567688867, 36.7358750378717], [-119.775335689064, 36.7358740379153], [-119.774642689128, 36.7358720380024], [-119.774411689149, 36.7358720380024], [-119.774039688705, 36.7358720380024], [-119.772922689345, 36.7358740379153], [-119.772551688726, 36.7358750378717], [-119.772550688901, 36.7357270376999], [-119.772551688726, 36.7356650380976], [-119.772563688421, 36.7350360381753], [-119.772568688444, 36.7348270382359], [-119.772935688865, 36.7348280382059], [-119.77403668923, 36.7348320380861], [-119.774066689368, 36.734833038056], [-119.774246689293, 36.7348010382897], [-119.774394689431, 36.7347570381393], [-119.774629688709, 36.7349790378556], [-119.775337688714, 36.7356450381919], [-119.775408688859, 36.7357120383232], [-119.775567688867, 36.7358750378717]]]}, "properties": {"GEOID": "060190004004002", "P0010001": 80, "ALAND": 25637, "AWATER": 0}}, {"type": "Feature", "geometry": {"type": "Polygon", "coordinates": [[[-119.776852689356, 36.7357870380569], [-119.776847689333, 36.7358790376973], [-119.775567688867, 36.7358750378717], [-119.775408688859, 36.7357120383232], [-119.775337688714, 36.7356450381919], [-119.774629688709, 36.7349790378556], [-119.774394689431, 36.7347570381393], [-119.775283689185, 36.7341250380392], [-119.776743688677, 36.7354560377108], [-119.776831689439, 36.7355470377873], [-119.776851688632, 36.7356320379985], [-119.776852689356, 36.7357870380569]]]}, "properties": {"GEOID": "060190004004003", "P0010001": 97, "ALAND": 22174, "AWATER": 0}}, {"type": "Feature", "geometry": {"type": "Polygon", "coordinates": [[[-119.777471688773, 36.7345220381196], [-119.777426688568, 36.7346960377254], [-119.77738168926, 36.7349210382446], [-119.777365689367, 36.7350670378767], [-119.777353688773, 36.7353080381709], [-119.777351689123, 36.7357690380987], [-119.777310689115, 36.7357900379295], [-119.777084689159, 36.7358490382805], [-119.776847689333, 36.7358790376973], [-119.776852689356, 36.7357870380569], [-119.776851688632, 36.7356320379985], [-119.776831689439, 36.7355470377873], [-119.776743688677, 36.7354560377108], [-119.775283689185, 36.7341250380392], [-119.772804688446, 36.7318620380484], [-119.772679687874, 36.7317580377942], [-119.772532687561, 36.7316340378886], [-119.772264687772, 36.7313720379868], [-119.772166687863, 36.7312680377889], [-119.772101687566, 36.731135037649], [-119.772088688045, 36.7307130381862], [-119.772098688091, 36.7303330368969], [-119.772098688091, 36.7302550367861], [-119.772098688091, 36.7296880373377], [-119.771779688249, 36.7286490372198], [-119.772520687865, 36.7286580369541], [-119.772672688201, 36.7291180371691], [-119.772854687776, 36.7294970372322], [-119.773088688128, 36.7298610370647], [-119.773321687756, 36.7301650369475], [-119.777225688726, 36.733791037056], [-119.777592689147, 36.734129037236], [-119.777471688773, 36.7345220381196]]]}, "properties": {"GEOID": "060190004004004", "P0010001": 11, "ALAND": 119410, "AWATER": 0}}, {"type": "Feature", "geometry": {"type": "Polygon", "coordinates": [[[-119.778010688724, 36.7337440370942], [-119.777789688791, 36.7343110368273], [-119.777685689034, 36.7346230368713], [-119.777604688843, 36.7350300376511], [-119.777578688904, 36.7352630383467], [-119.777561689185, 36.7356630381792], [-119.777351689123, 36.7357690380987], [-119.777353688773, 36.7353080381709], [-119.777365689367, 36.7350670378767], [-119.77738168926, 36.7349210382446], [-119.777426688568, 36.7346960377254], [-119.777471688773, 36.7345220381196], [-119.777592689147, 36.734129037236], [-119.777681688836, 36.7339060372395], [-119.777805688684, 36.7335980371058], [-119.777953688822, 36.7337030370121], [-119.778010688724, 36.7337440370942]]]}, "properties": {"GEOID": "060190004004005", "P0010001": 0, "ALAND": 4925, "AWATER": 0}}, {"type": "Feature", "geometry": {"type": "Polygon", "coordinates": [[[-119.779027689423, 36.734698036949], [-119.778577689161, 36.7350150366983], [-119.778058689303, 36.7353810376537], [-119.777756689179, 36.7355520383105], [-119.777561689185, 36.7356630381792], [-119.777578688904, 36.7352630383467], [-119.777604688843, 36.7350300376511], [-119.777685689034, 36.7346230368713], [-119.777789688791, 36.7343110368273], [-119.778010688724, 36.7337440370942], [-119.778176689303, 36.733887036858], [-119.778207689265, 36.7339170370415], [-119.778346689183, 36.7340490367016], [-119.778856688821, 36.7345350370611], [-119.779027689423, 36.734698036949]]]}, "properties": {"GEOID": "060190004004006", "P0010001": 0, "ALAND": 13569, "AWATER": 0}}, {"type": "Feature", "geometry": {"type": "Polygon", "coordinates": [[[-119.770941687649, 36.7348160378444], [-119.770609688287, 36.7348160378444], [-119.769615688052, 36.7348170378146], [-119.769284687616, 36.7348180377848], [-119.769286688164, 36.7346140378362], [-119.769293687837, 36.7340030383184], [-119.769295688385, 36.733879037719], [-119.769299687684, 36.7338000383474], [-119.769626687922, 36.7337980376606], [-119.770610688112, 36.7337960376936], [-119.770938688175, 36.7337960376936], [-119.770938688175, 36.734000037656], [-119.770940687825, 36.7346120378905], [-119.770941687649, 36.7348160378444]]]}, "properties": {"GEOID": "060190004004007", "P0010001": 63, "ALAND": 16666, "AWATER": 0}}, {"type": "Feature", "geometry": {"type": "Polygon", "coordinates": [[[-119.772568688444, 36.7348270382359], [-119.772242688031, 36.7348240383256], [-119.771266688238, 36.7348180377848], [-119.770941687649, 36.7348160378444], [-119.770940687825, 36.7346120378905], [-119.770938688175, 36.734000037656], [-119.770938688175, 36.7337960376936], [-119.771261688215, 36.7337970376771], [-119.77223168816, 36.7338000383474], [-119.772555688025, 36.7338010383309], [-119.772557687675, 36.7340060382608], [-119.772565688071, 36.7346210376458], [-119.772568688444, 36.7348270382359]]]}, "properties": {"GEOID": "060190004004008", "P0010001": 93, "ALAND": 16440, "AWATER": 0}}, {"type": "Feature", "geometry": {"type": "Polygon", "coordinates": [[[-119.774246689293, 36.7348010382897], [-119.774066689368, 36.734833038056], [-119.77403668923, 36.7348320380861], [-119.772935688865, 36.7348280382059], [-119.772568688444, 36.7348270382359], [-119.772565688071, 36.7346210376458], [-119.772557687675, 36.7340060382608], [-119.772555688025, 36.7338010383309], [-119.77270068779, 36.7338040382811], [-119.772750688019, 36.7338060382478], [-119.773138688357, 36.7337900377924], [-119.773284687947, 36.7337850378743], [-119.773506688603, 36.7339790380555], [-119.774172688775, 36.7345620377908], [-119.774394689431, 36.7347570381393], [-119.774246689293, 36.7348010382897]]]}, "properties": {"GEOID": "060190004004009", "P0010001": 36, "ALAND": 13448, "AWATER": 0}}, {"type": "Feature", "geometry": {"type": "Polygon", "coordinates": [[[-119.773138688357, 36.7337900377924], [-119.772750688019, 36.7338060382478], [-119.77270068779, 36.7338040382811], [-119.772555688025, 36.7338010383309], [-119.772568688444, 36.7331030380819], [-119.77277268776, 36.7333010377865], [-119.773284687947, 36.7337850378743], [-119.773138688357, 36.7337900377924]]]}, "properties": {"GEOID": "060190004004010", "P0010001": 12, "ALAND": 2539, "AWATER": 0}}, {"type": "Feature", "geometry": {"type": "Polygon", "coordinates": [[[-119.774394689431, 36.7347570381393], [-119.774172688775, 36.7345620377908], [-119.773506688603, 36.7339790380555], [-119.773284687947, 36.7337850378743], [-119.77277268776, 36.7333010377865], [-119.772568688444, 36.7331030380819], [-119.772575688117, 36.7317610378243], [-119.77109468781, 36.7317640378542], [-119.770943688198, 36.7317620378343], [-119.77095068787, 36.7309430382424], [-119.770946687672, 36.730707038044], [-119.772088688045, 36.7307130381862], [-119.772101687566, 36.731135037649], [-119.772166687863, 36.7312680377889], [-119.772264687772, 36.7313720379868], [-119.772532687561, 36.7316340378886], [-119.772679687874, 36.7317580377942], [-119.772804688446, 36.7318620380484], [-119.775283689185, 36.7341250380392], [-119.774394689431, 36.7347570381393]]]}, "properties": {"GEOID": "060190004004011", "P0010001": 55, "ALAND": 46383, "AWATER": 0}}, {"type": "Feature", "geometry": {"type": "Polygon", "coordinates": [[[-119.772568688444, 36.7331030380819], [-119.772172687711, 36.7327400377773], [-119.770943688198, 36.7317620378343], [-119.77109468781, 36.7317640378542], [-119.772575688117, 36.7317610378243], [-119.772568688444, 36.7331030380819]]]}, "properties": {"GEOID": "060190004004012", "P0010001": 19, "ALAND": 10546, "AWATER": 0}}, {"type": "Feature", "geometry": {"type": "Polygon", "coordinates": [[[-119.77095068787, 36.7309430382424], [-119.770943688198, 36.7317620378343], [-119.770494687761, 36.7312680377889], [-119.770032687803, 36.7306890383347], [-119.770214688277, 36.7306920376866], [-119.770763688273, 36.730703037949], [-119.770946687672, 36.730707038044], [-119.77095068787, 36.7309430382424]]]}, "properties": {"GEOID": "060190004004013", "P0010001": 18, "ALAND": 4965, "AWATER": 0}}, {"type": "Feature", "geometry": {"type": "Polygon", "coordinates": [[[-119.770943688198, 36.7317620378343], [-119.769306688255, 36.7317340382694], [-119.769310687555, 36.7307810383246], [-119.769317687228, 36.7307020379252], [-119.769459688416, 36.7306990378537], [-119.769889687688, 36.7306910376626], [-119.770032687803, 36.7306890383347], [-119.770494687761, 36.7312680377889], [-119.770943688198, 36.7317620378343]]]}, "properties": {"GEOID": "060190004004014", "P0010001": 31, "ALAND": 12113, "AWATER": 0}}, {"type": "Feature", "geometry": {"type": "Polygon", "coordinates": [[[-119.770931687604, 36.7327720376827], [-119.769285688339, 36.7327740376763], [-119.769302688057, 36.7317790380023], [-119.769306688255, 36.7317340382694], [-119.770943688198, 36.7317620378343], [-119.770931687604, 36.7327720376827]]]}, "properties": {"GEOID": "060190004004015", "P0010001": 55, "ALAND": 16696, "AWATER": 0}}, {"type": "Feature", "geometry": {"type": "Polygon", "coordinates": [[[-119.770938688175, 36.7337960376936], [-119.770610688112, 36.7337960376936], [-119.769626687922, 36.7337980376606], [-119.769299687684, 36.7338000383474], [-119.769294687661, 36.7335940378813], [-119.769282687966, 36.7329790381887], [-119.769280688316, 36.7328320381894], [-119.769285688339, 36.7327740376763], [-119.770931687604, 36.7327720376827], [-119.770938688175, 36.7337960376936]]]}, "properties": {"GEOID": "060190004004016", "P0010001": 52, "ALAND": 16712, "AWATER": 0}}, {"type": "Feature", "geometry": {"type": "Polygon", "coordinates": [[[-119.772555688025, 36.7338010383309], [-119.77223168816, 36.7338000383474], [-119.771261688215, 36.7337970376771], [-119.770938688175, 36.7337960376936], [-119.770931687604, 36.7327720376827], [-119.772172687711, 36.7327400377773], [-119.772568688444, 36.7331030380819], [-119.772555688025, 36.7338010383309]]]}, "properties": {"GEOID": "060190004004017", "P0010001": 53, "ALAND": 16186, "AWATER": 0}}, {"type": "Feature", "geometry": {"type": "Polygon", "coordinates": [[[-119.772172687711, 36.7327400377773], [-119.770931687604, 36.7327720376827], [-119.770943688198, 36.7317620378343], [-119.772172687711, 36.7327400377773]]]}, "properties": {"GEOID": "060190004004018", "P0010001": 13, "ALAND": 6210, "AWATER": 0}}, {"type": "Feature", "geometry": {"type": "Polygon", "coordinates": [[[-119.769889687688, 36.7306910376626], [-119.769459688416, 36.7306990378537], [-119.769317687228, 36.7307020379252], [-119.769307687182, 36.7304990378657], [-119.769277687045, 36.7298910381014], [-119.769268686824, 36.7296890380947], [-119.76942068716, 36.7298890380326], [-119.769879687643, 36.7304890383206], [-119.770032687803, 36.7306890383347], [-119.769889687688, 36.7306910376626]]]}, "properties": {"GEOID": "060190004004019", "P0010001": 17, "ALAND": 3590, "AWATER": 0}}, {"type": "Feature", "geometry": {"type": "Polygon", "coordinates": [[[-119.770946687672, 36.730707038044], [-119.770763688273, 36.730703037949], [-119.770214688277, 36.7306920376866], [-119.770032687803, 36.7306890383347], [-119.769879687643, 36.7304890383206], [-119.76942068716, 36.7298890380326], [-119.769268686824, 36.7296890380947], [-119.76960168691, 36.7296910381687], [-119.770603688439, 36.729699037744], [-119.77093768835, 36.7297020371345], [-119.770938688175, 36.7299030377928], [-119.770944688023, 36.7305060380505], [-119.770946687672, 36.730707038044]]]}, "properties": {"GEOID": "060190004004020", "P0010001": 41, "ALAND": 12778, "AWATER": 0}}, {"type": "Feature", "geometry": {"type": "Polygon", "coordinates": [[[-119.772098688091, 36.7302550367861], [-119.772098688091, 36.7303330368969], [-119.772088688045, 36.7307130381862], [-119.770946687672, 36.730707038044], [-119.770944688023, 36.7305060380505], [-119.770938688175, 36.7299030377928], [-119.77093768835, 36.7297020371345], [-119.772098688091, 36.7296880373377], [-119.772098688091, 36.7302550367861]]]}, "properties": {"GEOID": "060190004004021", "P0010001": 52, "ALAND": 11622, "AWATER": 0}}, {"type": "Feature", "geometry": {"type": "Polygon", "coordinates": [[[-119.772098688091, 36.7296880373377], [-119.77093768835, 36.7297020371345], [-119.770952688418, 36.7286530367018], [-119.771711687578, 36.7286390367138], [-119.771710687753, 36.7286540367523], [-119.771779688249, 36.7286490372198], [-119.772098688091, 36.7296880373377]]]}, "properties": {"GEOID": "060190004004022", "P0010001": 50, "ALAND": 10338, "AWATER": 0}}, {"type": "Feature", "geometry": {"type": "Polygon", "coordinates": [[[-119.77093768835, 36.7297020371345], [-119.770603688439, 36.729699037744], [-119.76960168691, 36.7296910381687], [-119.769268686824, 36.7296890380947], [-119.769270687372, 36.729486038237], [-119.76927868687, 36.7288790376987], [-119.769281687243, 36.7286770371897], [-119.769525686742, 36.7286720369387], [-119.770258686861, 36.7286610371052], [-119.770503687083, 36.7286580369541], [-119.770952688418, 36.7286530367018], [-119.77093768835, 36.7297020371345]]]}, "properties": {"GEOID": "060190004004023", "P0010001": 89, "ALAND": 17078, "AWATER": 0}}, {"type": "Feature", "geometry": {"type": "Polygon", "coordinates": [[[-119.777681688836, 36.7339060372395], [-119.777592689147, 36.734129037236], [-119.777225688726, 36.733791037056], [-119.773321687756, 36.7301650369475], [-119.773088688128, 36.7298610370647], [-119.772854687776, 36.7294970372322], [-119.772672688201, 36.7291180371691], [-119.772520687865, 36.7286580369541], [-119.772648687912, 36.7286590370045], [-119.772751687844, 36.7286640372564], [-119.77280968757, 36.7286670366873], [-119.773061688364, 36.7286710368884], [-119.773165688121, 36.7286730369889], [-119.773242688114, 36.7289000372542], [-119.773379688381, 36.7292070367517], [-119.773561687956, 36.7294980372717], [-119.773675687759, 36.7296810370784], [-119.773883688171, 36.7298910366615], [-119.775531688882, 36.7314220372842], [-119.776205688552, 36.7320490372856], [-119.77635368869, 36.7321870373046], [-119.776798688929, 36.7326010373133], [-119.776947688892, 36.73273903706], [-119.777020688687, 36.732807036844], [-119.777623689109, 36.7333910368289], [-119.777805688684, 36.7335980371058], [-119.777681688836, 36.7339060372395]]]}, "properties": {"GEOID": "060190004004024", "P0010001": 0, "ALAND": 41519, "AWATER": 0}}, {"type": "Feature", "geometry": {"type": "Polygon", "coordinates": [[[-119.774754690179, 36.7503910389035], [-119.77319469023, 36.7504280389222], [-119.772698689937, 36.7504450392749], [-119.772493689898, 36.7504420392553], [-119.772493689898, 36.7502620393018], [-119.772496690271, 36.7497240393389], [-119.772497690096, 36.749545038919], [-119.772639690386, 36.74955003925], [-119.772947690358, 36.74955003925], [-119.77429869007, 36.7495520388065], [-119.774749690156, 36.7495530393046], [-119.774754690179, 36.7503910389035]]]}, "properties": {"GEOID": "060190005011000", "P0010001": 67, "ALAND": 19404, "AWATER": 0}}, {"type": "Feature", "geometry": {"type": "Polygon", "coordinates": [[[-119.776318690326, 36.745898038744], [-119.776243689983, 36.7465600386493], [-119.776207689998, 36.7470900392806], [-119.776159690318, 36.7478070388503], [-119.776003690682, 36.750026038755], [-119.775986690964, 36.7503900391361], [-119.775966690872, 36.7503900391361], [-119.775677691167, 36.7503870391143], [-119.774754690179, 36.7503910389035], [-119.774749690156, 36.7495530393046], [-119.774750689981, 36.749371039144], [-119.774756689829, 36.7488270392463], [-119.774758690377, 36.7486460393131], [-119.774751689806, 36.7484620388559], [-119.774733690263, 36.7479100391557], [-119.774727690415, 36.747727038895], [-119.774726689692, 36.7475470390507], [-119.774725689867, 36.7470070391436], [-119.774725689867, 36.7468280388637], [-119.774722690392, 36.7466470392539], [-119.774713690171, 36.746106038949], [-119.774710689798, 36.7459260389013], [-119.774916689663, 36.7459240392503], [-119.775533690329, 36.7459210390539], [-119.775740690018, 36.7459200392284], [-119.775860689669, 36.7459150386608], [-119.775912690446, 36.7459130390095], [-119.776231690288, 36.7459010389413], [-119.776280689793, 36.7458990392896], [-119.776318690326, 36.745898038744]]]}, "properties": {"GEOID": "060190005011001", "P0010001": 197, "ALAND": 61955, "AWATER": 0}}, {"type": "Feature", "geometry": {"type": "Polygon", "coordinates": [[[-119.776651690412, 36.7458860386735], [-119.776580690267, 36.7464700392107], [-119.776556689978, 36.7466600390214], [-119.776523690366, 36.7470420390129], [-119.776509690122, 36.747212039076], [-119.776502689551, 36.7473390391525], [-119.776482690358, 36.7477230389671], [-119.776476689612, 36.7478510387181], [-119.776435691401, 36.7486440390132], [-119.77640269089, 36.7492890390966], [-119.776315690852, 36.7503950386923], [-119.775986690964, 36.7503900391361], [-119.776003690682, 36.750026038755], [-119.776159690318, 36.7478070388503], [-119.776207689998, 36.7470900392806], [-119.776243689983, 36.7465600386493], [-119.776318690326, 36.745898038744], [-119.776432690129, 36.7458930388948], [-119.776605690382, 36.7458870392193], [-119.776651690412, 36.7458860386735]]]}, "properties": {"GEOID": "060190005011002", "P0010001": 0, "ALAND": 14697, "AWATER": 0}}, {"type": "Feature", "geometry": {"type": "Polygon", "coordinates": [[[-119.777119690218, 36.7440360381047], [-119.776835689637, 36.7449940389724], [-119.776708690314, 36.7455430392825], [-119.77669668972, 36.7455830389694], [-119.776651690412, 36.7458860386735], [-119.776605690382, 36.7458870392193], [-119.776432690129, 36.7458930388948], [-119.776318690326, 36.745898038744], [-119.776393689771, 36.7454670391722], [-119.77655069013, 36.7448300387931], [-119.776792689979, 36.7440210381921], [-119.777000690392, 36.7433480380909], [-119.777375690311, 36.7433340379031], [-119.777119690218, 36.7440360381047]]]}, "properties": {"GEOID": "060190005011003", "P0010001": 0, "ALAND": 8490, "AWATER": 0}}, {"type": "Feature", "geometry": {"type": "Polygon", "coordinates": [[[-119.777000690392, 36.7433480380909], [-119.776792689979, 36.7440210381921], [-119.77655069013, 36.7448300387931], [-119.776393689771, 36.7454670391722], [-119.776318690326, 36.745898038744], [-119.776280689793, 36.7458990392896], [-119.776231690288, 36.7459010389413], [-119.775912690446, 36.7459130390095], [-119.775860689669, 36.7459150386608], [-119.775740690018, 36.7459200392284], [-119.775533690329, 36.7459210390539], [-119.774916689663, 36.7459240392503], [-119.774710689798, 36.7459260389013], [-119.774717690369, 36.7450150391588], [-119.775960690126, 36.7450020391126], [-119.776090689823, 36.7441610387017], [-119.776057690211, 36.7441300390736], [-119.776039689769, 36.7441220388425], [-119.775112690379, 36.7441060390975], [-119.774726689692, 36.7441140393303], [-119.774724690042, 36.74408903878], [-119.774712690346, 36.7431500391056], [-119.775541689827, 36.7431370380237], [-119.775919690118, 36.7432540383237], [-119.77627568977, 36.7433250377296], [-119.776938689569, 36.7433470382318], [-119.777000690392, 36.7433480380909]]]}, "properties": {"GEOID": "060190005011004", "P0010001": 111, "ALAND": 39510, "AWATER": 0}}, {"type": "Feature", "geometry": {"type": "Polygon", "coordinates": [[[-119.776090689823, 36.7441610387017], [-119.775960690126, 36.7450020391126], [-119.774717690369, 36.7450150391588], [-119.774726689692, 36.7441140393303], [-119.775112690379, 36.7441060390975], [-119.776039689769, 36.7441220388425], [-119.776057690211, 36.7441300390736], [-119.776090689823, 36.7441610387017]]]}, "properties": {"GEOID": "060190005011005", "P0010001": 89, "ALAND": 11585, "AWATER": 0}}, {"type": "Feature", "geometry": {"type": "Polygon", "coordinates": [[[-119.774710689798, 36.7459260389013], [-119.774271690305, 36.7459260389013], [-119.77295668968, 36.7459260389013], [-119.772921690418, 36.7459270387268], [-119.772685690417, 36.7459220388795], [-119.772519689837, 36.7459120391838], [-119.772512690164, 36.7457320386811], [-119.772491690248, 36.7451950391837], [-119.7724856904, 36.7450160389961], [-119.774717690369, 36.7450150391588], [-119.774710689798, 36.7459260389013]]]}, "properties": {"GEOID": "060190005011006", "P0010001": 71, "ALAND": 19939, "AWATER": 0}}, {"type": "Feature", "geometry": {"type": "Polygon", "coordinates": [[[-119.774725689867, 36.7468280388637], [-119.774284689826, 36.7468250387027], [-119.772962690426, 36.7468180392862], [-119.772711690356, 36.7468170387525], [-119.77252269021, 36.7468120389632], [-119.772521690385, 36.7466320391319], [-119.772519689837, 36.7460920392643], [-119.772519689837, 36.7459120391838], [-119.772685690417, 36.7459220388795], [-119.772921690418, 36.7459270387268], [-119.77295668968, 36.7459260389013], [-119.774271690305, 36.7459260389013], [-119.774710689798, 36.7459260389013], [-119.774713690171, 36.746106038949], [-119.774722690392, 36.7466470392539], [-119.774725689867, 36.7468280388637]]]}, "properties": {"GEOID": "060190005011007", "P0010001": 106, "ALAND": 19518, "AWATER": 0}}, {"type": "Feature", "geometry": {"type": "Polygon", "coordinates": [[[-119.774727690415, 36.747727038895], [-119.774284689826, 36.7477290392189], [-119.772957690403, 36.747737039074], [-119.772641690036, 36.7477400391994], [-119.772515689639, 36.7477350387504], [-119.772516690362, 36.7475500391835], [-119.772520689662, 36.7469960390581], [-119.77252269021, 36.7468120389632], [-119.772711690356, 36.7468170387525], [-119.772962690426, 36.7468180392862], [-119.774284689826, 36.7468250387027], [-119.774725689867, 36.7468280388637], [-119.774725689867, 36.7470070391436], [-119.774726689692, 36.7475470390507], [-119.774727690415, 36.747727038895]]]}, "properties": {"GEOID": "060190005011008", "P0010001": 92, "ALAND": 19944, "AWATER": 0}}, {"type": "Feature", "geometry": {"type": "Polygon", "coordinates": [[[-119.774758690377, 36.7486460393131], [-119.774306689567, 36.748640039133], [-119.772953690205, 36.7486230391001], [-119.772786689801, 36.7486220393098], [-119.772502690119, 36.7486270389812], [-119.772504689768, 36.7484480388813], [-119.772512690164, 36.7479130392743], [-119.772515689639, 36.7477350387504], [-119.772641690036, 36.7477400391994], [-119.772957690403, 36.747737039074], [-119.774284689826, 36.7477290392189], [-119.774727690415, 36.747727038895], [-119.774733690263, 36.7479100391557], [-119.774751689806, 36.7484620388559], [-119.774758690377, 36.7486460393131]]]}, "properties": {"GEOID": "060190005011009", "P0010001": 94, "ALAND": 19908, "AWATER": 0}}, {"type": "Feature", "geometry": {"type": "Polygon", "coordinates": [[[-119.774756689829, 36.7488270392463], [-119.774750689981, 36.749371039144], [-119.774749690156, 36.7495530393046], [-119.77429869007, 36.7495520388065], [-119.772947690358, 36.74955003925], [-119.772639690386, 36.74955003925], [-119.772497690096, 36.749545038919], [-119.772497690096, 36.749361039178], [-119.772501690294, 36.7488100392549], [-119.772502690119, 36.7486270389812], [-119.772786689801, 36.7486220393098], [-119.772953690205, 36.7486230391001], [-119.774306689567, 36.748640039133], [-119.774758690377, 36.7486460393131], [-119.774756689829, 36.7488270392463]]]}, "properties": {"GEOID": "060190005011010", "P0010001": 95, "ALAND": 20522, "AWATER": 0}}, {"type": "Feature", "geometry": {"type": "Polygon", "coordinates": [[[-119.774724690042, 36.74408903878], [-119.772919688972, 36.7441030388301], [-119.772466689235, 36.7441130387614], [-119.772444688596, 36.7431730387995], [-119.772552689449, 36.7431740386608], [-119.77278168888, 36.7431660390498], [-119.774712690346, 36.7431500391056], [-119.774724690042, 36.74408903878]]]}, "properties": {"GEOID": "060190005011011", "P0010001": 40, "ALAND": 21052, "AWATER": 0}}, {"type": "Feature", "geometry": {"type": "Polygon", "coordinates": [[[-119.774726689692, 36.7441140393303], [-119.774717690369, 36.7450150391588], [-119.7724856904, 36.7450160389961], [-119.772466689235, 36.7441130387614], [-119.772919688972, 36.7441030388301], [-119.774724690042, 36.74408903878], [-119.774726689692, 36.7441140393303]]]}, "properties": {"GEOID": "060190005011012", "P0010001": 97, "ALAND": 20416, "AWATER": 0}}, {"type": "Feature", "geometry": {"type": "Polygon", "coordinates": [[[-119.777459689976, 36.7413760380075], [-119.77727068983, 36.7424670377005], [-119.777134690286, 36.7430050381541], [-119.777000690392, 36.7433480380909], [-119.776938689569, 36.7433470382318], [-119.77627568977, 36.7433250377296], [-119.775919690118, 36.7432540383237], [-119.775541689827, 36.7431370380237], [-119.774712690346, 36.7431500391056], [-119.77278168888, 36.7431660390498], [-119.772552689449, 36.7431740386608], [-119.772444688596, 36.7431730387995], [-119.772443688771, 36.7431050388396], [-119.772443688771, 36.7429010393185], [-119.772443688771, 36.7428340389834], [-119.772443688771, 36.7427410391735], [-119.773216689073, 36.742746039228], [-119.774702690301, 36.7427230379665], [-119.775329690114, 36.7426440383383], [-119.775731689797, 36.7425320378968], [-119.776008689807, 36.742399037835], [-119.77629769041, 36.7421800383245], [-119.776523690366, 36.7419950383234], [-119.776627690123, 36.7418970381071], [-119.776748689598, 36.7417580376665], [-119.776812690071, 36.741654037861], [-119.776864689949, 36.7415210377175], [-119.776927689699, 36.7413010379755], [-119.776956690011, 36.7411800380286], [-119.777008689889, 36.7407520382741], [-119.777037690202, 36.7402150377647], [-119.777085689882, 36.7395180381524], [-119.777407690098, 36.7395360379514], [-119.777459689976, 36.7395330382251], [-119.777493690311, 36.7407690378911], [-119.777459689976, 36.7413760380075]]]}, "properties": {"GEOID": "060190005012000", "P0010001": 0, "ALAND": 43822, "AWATER": 0}}, {"type": "Feature", "geometry": {"type": "Polygon", "coordinates": [[[-119.777375690311, 36.7433340379031], [-119.777000690392, 36.7433480380909], [-119.777134690286, 36.7430050381541], [-119.777173689746, 36.7429920377674], [-119.777505690007, 36.7428460380915], [-119.777375690311, 36.7433340379031]]]}, "properties": {"GEOID": "060190005012001", "P0010001": 0, "ALAND": 1416, "AWATER": 0}}, {"type": "Feature", "geometry": {"type": "Polygon", "coordinates": [[[-119.777754690427, 36.7412880380201], [-119.777666689665, 36.7420220378688], [-119.777560690259, 36.7426170382918], [-119.777505690007, 36.7428460380915], [-119.777173689746, 36.7429920377674], [-119.777134690286, 36.7430050381541], [-119.77727068983, 36.7424670377005], [-119.777459689976, 36.7413760380075], [-119.777493690311, 36.7407690378911], [-119.777459689976, 36.7395330382251], [-119.77770268965, 36.7395340381339], [-119.777737689811, 36.7400040377228], [-119.777762689925, 36.7403620380243], [-119.777754690427, 36.7412880380201]]]}, "properties": {"GEOID": "060190005012002", "P0010001": 0, "ALAND": 9759, "AWATER": 0}}, {"type": "Feature", "geometry": {"type": "Polygon", "coordinates": [[[-119.77770268965, 36.7395340381339], [-119.777459689976, 36.7395330382251], [-119.777430689664, 36.7390210378756], [-119.777410689572, 36.7376220383254], [-119.777351689123, 36.7357690380987], [-119.777561689185, 36.7356630381792], [-119.777657690343, 36.7373750377557], [-119.77770268965, 36.7395340381339]]]}, "properties": {"GEOID": "060190005012003", "P0010001": 0, "ALAND": 9322, "AWATER": 0}}, {"type": "Feature", "geometry": {"type": "Polygon", "coordinates": [[[-119.777459689976, 36.7395330382251], [-119.777407690098, 36.7395360379514], [-119.777085689882, 36.7395180381524], [-119.776509690122, 36.7394860381794], [-119.776348689565, 36.7394770382746], [-119.775865688793, 36.7394500378338], [-119.775704689135, 36.7394410379248], [-119.77570368931, 36.7391960379954], [-119.775701688762, 36.7384610378346], [-119.775701688762, 36.7382170383026], [-119.77570568896, 36.7380440379669], [-119.775719689203, 36.7375260381547], [-119.775724689226, 36.7373540383584], [-119.775723689401, 36.7371840380556], [-119.775720689028, 36.7366780382716], [-119.775720689028, 36.7365090378597], [-119.775457689263, 36.7365080379116], [-119.774668689067, 36.7365080379116], [-119.774406689126, 36.7365080379116], [-119.774406689126, 36.7363800379595], [-119.774409688601, 36.7359990381269], [-119.774411689149, 36.7358720380024], [-119.774642689128, 36.7358720380024], [-119.775335689064, 36.7358740379153], [-119.775567688867, 36.7358750378717], [-119.776847689333, 36.7358790376973], [-119.777084689159, 36.7358490382805], [-119.777310689115, 36.7357900379295], [-119.777351689123, 36.7357690380987], [-119.777410689572, 36.7376220383254], [-119.777430689664, 36.7390210378756], [-119.777459689976, 36.7395330382251]]]}, "properties": {"GEOID": "060190005012004", "P0010001": 155, "ALAND": 69064, "AWATER": 0}}, {"type": "Feature", "geometry": {"type": "Polygon", "coordinates": [[[-119.777037690202, 36.7402150377647], [-119.777008689889, 36.7407520382741], [-119.776956690011, 36.7411800380286], [-119.776927689699, 36.7413010379755], [-119.776864689949, 36.7415210377175], [-119.776812690071, 36.741654037861], [-119.776748689598, 36.7417580376665], [-119.776627690123, 36.7418970381071], [-119.776523690366, 36.7419950383234], [-119.77629769041, 36.7421800383245], [-119.776008689807, 36.742399037835], [-119.775731689797, 36.7425320378968], [-119.775329690114, 36.7426440383383], [-119.774702690301, 36.7427230379665], [-119.773216689073, 36.742746039228], [-119.772443688771, 36.7427410391735], [-119.772442688946, 36.7426350388038], [-119.772441689121, 36.7420390386442], [-119.772441689121, 36.7418410391613], [-119.772835689306, 36.7418410391613], [-119.774018688789, 36.7418410377216], [-119.774413688799, 36.7418420383202], [-119.774708690148, 36.7418130382334], [-119.774912690363, 36.7417580376665], [-119.77502968964, 36.7417010380189], [-119.775187689824, 36.7416260383046], [-119.775407689932, 36.7414680381481], [-119.775549690222, 36.7413000380898], [-119.775668690048, 36.7410370381726], [-119.775707690406, 36.7408040377258], [-119.775705689858, 36.7400790383022], [-119.775704689135, 36.7394410379248], [-119.775865688793, 36.7394500378338], [-119.776348689565, 36.7394770382746], [-119.776509690122, 36.7394860381794], [-119.777085689882, 36.7395180381524], [-119.777037690202, 36.7402150377647]]]}, "properties": {"GEOID": "060190005012005", "P0010001": 798, "ALAND": 64768, "AWATER": 0}}, {"type": "Feature", "geometry": {"type": "Polygon", "coordinates": [[[-119.775724689226, 36.7373540383584], [-119.775232689132, 36.7373560382327], [-119.773758689396, 36.7373640377293], [-119.773267689126, 36.7373680381972], [-119.773268688951, 36.7371940381685], [-119.773271689324, 36.7366750377138], [-119.773273688974, 36.7365020382223], [-119.77349968893, 36.7365030381706], [-119.774179689346, 36.7365060380152], [-119.774406689126, 36.7365080379116], [-119.774668689067, 36.7365080379116], [-119.775457689263, 36.7365080379116], [-119.775720689028, 36.7365090378597], [-119.775720689028, 36.7366780382716], [-119.775723689401, 36.7371840380556], [-119.775724689226, 36.7373540383584]]]}, "properties": {"GEOID": "060190005012006", "P0010001": 66, "ALAND": 20749, "AWATER": 0}}, {"type": "Feature", "geometry": {"type": "Polygon", "coordinates": [[[-119.774409688601, 36.7359990381269], [-119.774406689126, 36.7363800379595], [-119.774406689126, 36.7365080379116], [-119.774179689346, 36.7365060380152], [-119.77349968893, 36.7365030381706], [-119.773273688974, 36.7365020382223], [-119.773271689324, 36.7366750377138], [-119.773268688951, 36.7371940381685], [-119.773267689126, 36.7373680381972], [-119.773264688753, 36.7375390380273], [-119.773257689081, 36.7380540379678], [-119.773255689431, 36.7382260383552], [-119.773257689081, 36.7384640383227], [-119.773264688753, 36.7391780381167], [-119.773267689126, 36.7394170379221], [-119.773103689095, 36.7394120376507], [-119.772612688825, 36.7393990380952], [-119.772449688619, 36.7393950377332], [-119.772459688664, 36.7391380379711], [-119.772492689175, 36.7383670378412], [-119.77250468887, 36.738111038164], [-119.772511689441, 36.7378860383558], [-119.772533689183, 36.7372110378536], [-119.77254168868, 36.7369870382289], [-119.772543689228, 36.7367640378954], [-119.772548689251, 36.7360970379546], [-119.772551688726, 36.7358750378717], [-119.772922689345, 36.7358740379153], [-119.774039688705, 36.7358720380024], [-119.774411689149, 36.7358720380024], [-119.774409688601, 36.7359990381269]]]}, "properties": {"GEOID": "060190005012007", "P0010001": 57, "ALAND": 33453, "AWATER": 0}}, {"type": "Feature", "geometry": {"type": "Polygon", "coordinates": [[[-119.774434688715, 36.7399130378908], [-119.774418688822, 36.7413590378051], [-119.774413688799, 36.7418420383202], [-119.774018688789, 36.7418410377216], [-119.772835689306, 36.7418410391613], [-119.772441689121, 36.7418410391613], [-119.772441689121, 36.7416090388774], [-119.772441689121, 36.7409150379187], [-119.772441689121, 36.7406840383289], [-119.772442688946, 36.7404260379465], [-119.772447688969, 36.7396520380746], [-119.772449688619, 36.7393950377332], [-119.772612688825, 36.7393990380952], [-119.773103689095, 36.7394120376507], [-119.773267689126, 36.7394170379221], [-119.77350168858, 36.7394190377427], [-119.774205689285, 36.7394280376543], [-119.774440688563, 36.7394310381046], [-119.774434688715, 36.7399130378908]]]}, "properties": {"GEOID": "060190005012008", "P0010001": 0, "ALAND": 47667, "AWATER": 0}}, {"type": "Feature", "geometry": {"type": "Polygon", "coordinates": [[[-119.775707690406, 36.7408040377258], [-119.775668690048, 36.7410370381726], [-119.775549690222, 36.7413000380898], [-119.775407689932, 36.7414680381481], [-119.775187689824, 36.7416260383046], [-119.77502968964, 36.7417010380189], [-119.774912690363, 36.7417580376665], [-119.774708690148, 36.7418130382334], [-119.774413688799, 36.7418420383202], [-119.774418688822, 36.7413590378051], [-119.774434688715, 36.7399130378908], [-119.774440688563, 36.7394310381046], [-119.774692689357, 36.7394320380146], [-119.775451689415, 36.7394380381948], [-119.775704689135, 36.7394410379248], [-119.775705689858, 36.7400790383022], [-119.775707690406, 36.7408040377258]]]}, "properties": {"GEOID": "060190005012009", "P0010001": 246, "ALAND": 27528, "AWATER": 0}}, {"type": "Feature", "geometry": {"type": "Polygon", "coordinates": [[[-119.775704689135, 36.7394410379248], [-119.775451689415, 36.7394380381948], [-119.774692689357, 36.7394320380146], [-119.774440688563, 36.7394310381046], [-119.774205689285, 36.7394280376543], [-119.77350168858, 36.7394190377427], [-119.773267689126, 36.7394170379221], [-119.773264688753, 36.7391780381167], [-119.773257689081, 36.7384640383227], [-119.773255689431, 36.7382260383552], [-119.773744689152, 36.7382230378579], [-119.775211689215, 36.7382180382285], [-119.775701688762, 36.7382170383026], [-119.775701688762, 36.7384610378346], [-119.77570368931, 36.7391960379954], [-119.775704689135, 36.7394410379248]]]}, "properties": {"GEOID": "060190005012010", "P0010001": 144, "ALAND": 29254, "AWATER": 0}}, {"type": "Feature", "geometry": {"type": "Polygon", "coordinates": [[[-119.775719689203, 36.7375260381547], [-119.77570568896, 36.7380440379669], [-119.775701688762, 36.7382170383026], [-119.775211689215, 36.7382180382285], [-119.773744689152, 36.7382230378579], [-119.773255689431, 36.7382260383552], [-119.773257689081, 36.7380540379678], [-119.773264688753, 36.7375390380273], [-119.773267689126, 36.7373680381972], [-119.773758689396, 36.7373640377293], [-119.775232689132, 36.7373560382327], [-119.775724689226, 36.7373540383584], [-119.775719689203, 36.7375260381547]]]}, "properties": {"GEOID": "060190005012011", "P0010001": 55, "ALAND": 20907, "AWATER": 0}}, {"type": "Feature", "geometry": {"type": "Polygon", "coordinates": [[[-119.777048690072, 36.7463490387754], [-119.77704369005, 36.7467480393275], [-119.777047690248, 36.746830039211], [-119.777048690072, 36.746914039352], [-119.777043690948, 36.7476250388671], [-119.777043690948, 36.7477570387081], [-119.777028690879, 36.7478730386426], [-119.777028690879, 36.7480730387136], [-119.777038690925, 36.7486440390132], [-119.777030691427, 36.7495380390308], [-119.777020691382, 36.7503950386923], [-119.776446691271, 36.750400038968], [-119.776315690852, 36.7503950386923], [-119.77640269089, 36.7492890390966], [-119.776435691401, 36.7486440390132], [-119.776476689612, 36.7478510387181], [-119.776482690358, 36.7477230389671], [-119.776502689551, 36.7473390391525], [-119.776509690122, 36.747212039076], [-119.776523690366, 36.7470420390129], [-119.776556689978, 36.7466600390214], [-119.776580690267, 36.7464700392107], [-119.776651690412, 36.7458860386735], [-119.776715689986, 36.7458850388474], [-119.77673168988, 36.7458850388474], [-119.777048690072, 36.7458810388235], [-119.777159690401, 36.7458800389973], [-119.777048690072, 36.7463490387754]]]}, "properties": {"GEOID": "060190005021000", "P0010001": 0, "ALAND": 25776, "AWATER": 0}}, {"type": "Feature", "geometry": {"type": "Polygon", "coordinates": [[[-119.779260690848, 36.7503810390704], [-119.778329691261, 36.7503990392009], [-119.777143691405, 36.7503940389251], [-119.777020691382, 36.7503950386923], [-119.777030691427, 36.7495380390308], [-119.777474690943, 36.7495380390308], [-119.778806691287, 36.7495390388092], [-119.779251690627, 36.7495400393074], [-119.779252691351, 36.7497080393224], [-119.779258691198, 36.7502120393198], [-119.779260690848, 36.7503810390704]]]}, "properties": {"GEOID": "060190005021001", "P0010001": 61, "ALAND": 18899, "AWATER": 0}}, {"type": "Feature", "geometry": {"type": "Polygon", "coordinates": [[[-119.781508690711, 36.7497260388909], [-119.781497691738, 36.7502240387138], [-119.781494692264, 36.7503900391361], [-119.781191691417, 36.750389038649], [-119.780282690672, 36.750389038649], [-119.779979690724, 36.750389038649], [-119.779835690784, 36.7503870391143], [-119.779403690963, 36.7503820388379], [-119.779260690848, 36.7503810390704], [-119.779258691198, 36.7502120393198], [-119.779252691351, 36.7497080393224], [-119.779251690627, 36.7495400393074], [-119.779703691437, 36.7495440391406], [-119.781059691172, 36.749556039359], [-119.781512690909, 36.7495610389695], [-119.781508690711, 36.7497260388909]]]}, "properties": {"GEOID": "060190005021002", "P0010001": 65, "ALAND": 18655, "AWATER": 0}}, {"type": "Feature", "geometry": {"type": "Polygon", "coordinates": [[[-119.781517690932, 36.7492010388255], [-119.781513690734, 36.7494700389527], [-119.781512690909, 36.7495610389695], [-119.781059691172, 36.749556039359], [-119.779703691437, 36.7495440391406], [-119.779251690627, 36.7495400393074], [-119.779251690627, 36.749358039116], [-119.779251690627, 36.7488120388307], [-119.779251690627, 36.7486300390718], [-119.779702690714, 36.7486320386523], [-119.781056690799, 36.748638038833], [-119.781508690711, 36.748640039133], [-119.781510691259, 36.7487340387812], [-119.781516691107, 36.7490160391941], [-119.781519690581, 36.7491110388855], [-119.781517690932, 36.7492010388255]]]}, "properties": {"GEOID": "060190005021003", "P0010001": 92, "ALAND": 20524, "AWATER": 0}}, {"type": "Feature", "geometry": {"type": "Polygon", "coordinates": [[[-119.779251690627, 36.7488120388307], [-119.779251690627, 36.749358039116], [-119.779251690627, 36.7495400393074], [-119.778806691287, 36.7495390388092], [-119.777474690943, 36.7495380390308], [-119.777030691427, 36.7495380390308], [-119.777038690925, 36.7486440390132], [-119.777557690784, 36.748640039133], [-119.778827691203, 36.7486320386523], [-119.779251690627, 36.7486300390718], [-119.779251690627, 36.7488120388307]]]}, "properties": {"GEOID": "060190005021004", "P0010001": 139, "ALAND": 19821, "AWATER": 0}}, {"type": "Feature", "geometry": {"type": "Polygon", "coordinates": [[[-119.779258691198, 36.7480840386448], [-119.779252691351, 36.7484560386614], [-119.779251690627, 36.7484900387975], [-119.779251690627, 36.7485950392071], [-119.779251690627, 36.7486300390718], [-119.778827691203, 36.7486320386523], [-119.777557690784, 36.748640039133], [-119.777038690925, 36.7486440390132], [-119.777028690879, 36.7480730387136], [-119.777028690879, 36.7478730386426], [-119.777043690948, 36.7477570387081], [-119.779257691374, 36.7477350387504], [-119.779258691198, 36.7480840386448]]]}, "properties": {"GEOID": "060190005021005", "P0010001": 207, "ALAND": 19616, "AWATER": 0}}, {"type": "Feature", "geometry": {"type": "Polygon", "coordinates": [[[-119.781508690711, 36.7483000391991], [-119.781508690711, 36.7485550389309], [-119.781508690711, 36.748640039133], [-119.781056690799, 36.748638038833], [-119.779702690714, 36.7486320386523], [-119.779251690627, 36.7486300390718], [-119.779251690627, 36.7485950392071], [-119.779251690627, 36.7484900387975], [-119.779252691351, 36.7484560386614], [-119.779258691198, 36.7480840386448], [-119.779257691374, 36.7477350387504], [-119.779706690912, 36.747736039272], [-119.781054691149, 36.7477400391994], [-119.781504691411, 36.7477420380832], [-119.781504691411, 36.7478360388315], [-119.781507690886, 36.7481210390561], [-119.781508690711, 36.7482160391358], [-119.781508690711, 36.7483000391991]]]}, "properties": {"GEOID": "060190005021006", "P0010001": 131, "ALAND": 20013, "AWATER": 0}}, {"type": "Feature", "geometry": {"type": "Polygon", "coordinates": [[[-119.781504691411, 36.7477420380832], [-119.781054691149, 36.7477400391994], [-119.779706690912, 36.747736039272], [-119.779257691374, 36.7477350387504], [-119.77925669065, 36.7475550389248], [-119.779254691, 36.7470160388853], [-119.779254691, 36.7468370393462], [-119.779480690956, 36.7468360388128], [-119.780161691197, 36.7468340391855], [-119.780388690978, 36.7468340377459], [-119.780610690735, 36.7468310383049], [-119.781277690732, 36.7468260377966], [-119.781500691213, 36.7468250379829], [-119.781500691213, 36.7470080382353], [-119.781503690688, 36.7475580383375], [-119.781504691411, 36.7477420380832]]]}, "properties": {"GEOID": "060190005021007", "P0010001": 79, "ALAND": 20175, "AWATER": 0}}, {"type": "Feature", "geometry": {"type": "Polygon", "coordinates": [[[-119.779257691374, 36.7477350387504], [-119.777043690948, 36.7477570387081], [-119.777043690948, 36.7476250388671], [-119.777048690072, 36.746914039352], [-119.777047690248, 36.746830039211], [-119.777289690097, 36.7468280388637], [-119.777928691403, 36.7468280388637], [-119.77814169094, 36.7468280388637], [-119.778188690796, 36.7468280388637], [-119.778363690698, 36.7468290386775], [-119.779031691418, 36.7468350389991], [-119.779254691, 36.7468370393462], [-119.779254691, 36.7470160388853], [-119.77925669065, 36.7475550389248], [-119.779257691374, 36.7477350387504]]]}, "properties": {"GEOID": "060190005021008", "P0010001": 113, "ALAND": 20057, "AWATER": 0}}, {"type": "Feature", "geometry": {"type": "Polygon", "coordinates": [[[-119.781543690871, 36.7453210377263], [-119.781510691259, 36.7464490379829], [-119.781500691213, 36.7468250379829], [-119.781277690732, 36.7468260377966], [-119.780610690735, 36.7468310383049], [-119.780388690978, 36.7468340377459], [-119.780388690978, 36.7466210382727], [-119.780389690802, 36.7459830382902], [-119.780390690627, 36.7457710377222], [-119.780390690627, 36.7456040382748], [-119.780391691351, 36.7451060379804], [-119.780392691175, 36.744940037644], [-119.7804546911, 36.744940037644], [-119.780640690873, 36.7449410382022], [-119.780703690622, 36.7449420380405], [-119.780873691399, 36.7449420380405], [-119.781383691037, 36.7449450382752], [-119.781554690742, 36.7449460381134], [-119.781543690871, 36.7453210377263]]]}, "properties": {"GEOID": "060190005021009", "P0010001": 79, "ALAND": 21253, "AWATER": 0}}, {"type": "Feature", "geometry": {"type": "Polygon", "coordinates": [[[-119.780391691351, 36.7451060379804], [-119.780390690627, 36.7456040382748], [-119.780390690627, 36.7457710377222], [-119.780389690802, 36.7459830382902], [-119.780388690978, 36.7466210382727], [-119.780388690978, 36.7468340377459], [-119.780161691197, 36.7468340391855], [-119.779480690956, 36.7468360388128], [-119.779254691, 36.7468370393462], [-119.77925669065, 36.7466440390858], [-119.779266690696, 36.7460650382714], [-119.779270690894, 36.745873038055], [-119.779267691419, 36.7456890381467], [-119.779260690848, 36.7451380377698], [-119.779258691198, 36.7449550380968], [-119.779484691154, 36.7449510380243], [-119.780165691395, 36.7449430378788], [-119.780392691175, 36.744940037644], [-119.780391691351, 36.7451060379804]]]}, "properties": {"GEOID": "060190005021010", "P0010001": 113, "ALAND": 21090, "AWATER": 0}}, {"type": "Feature", "geometry": {"type": "Polygon", "coordinates": [[[-119.779266690696, 36.7460650382714], [-119.77925669065, 36.7466440390858], [-119.779254691, 36.7468370393462], [-119.779031691418, 36.7468350389991], [-119.778363690698, 36.7468290386775], [-119.778188690796, 36.7468280388637], [-119.778173690727, 36.7458800389973], [-119.778366691071, 36.7458780393452], [-119.779044690938, 36.7458740378812], [-119.779270690894, 36.745873038055], [-119.779266690696, 36.7460650382714]]]}, "properties": {"GEOID": "060190005021011", "P0010001": 54, "ALAND": 10242, "AWATER": 0}}, {"type": "Feature", "geometry": {"type": "Polygon", "coordinates": [[[-119.778188690796, 36.7468280388637], [-119.77814169094, 36.7468280388637], [-119.777928691403, 36.7468280388637], [-119.777289690097, 36.7468280388637], [-119.777047690248, 36.746830039211], [-119.77704369005, 36.7467480393275], [-119.777048690072, 36.7463490387754], [-119.777159690401, 36.7458800389973], [-119.777355690219, 36.7458800389973], [-119.777944690398, 36.7458800389973], [-119.77814169094, 36.7458800389973], [-119.778173690727, 36.7458800389973], [-119.778188690796, 36.7468280388637]]]}, "properties": {"GEOID": "060190005021012", "P0010001": 71, "ALAND": 10397, "AWATER": 0}}, {"type": "Feature", "geometry": {"type": "Polygon", "coordinates": [[[-119.779270690894, 36.745873038055], [-119.779044690938, 36.7458740378812], [-119.778366691071, 36.7458780393452], [-119.778173690727, 36.7458800389973], [-119.77814169094, 36.7458800389973], [-119.777944690398, 36.7458800389973], [-119.777355690219, 36.7458800389973], [-119.777159690401, 36.7458800389973], [-119.777048690072, 36.7458810388235], [-119.77673168988, 36.7458850388474], [-119.776715689986, 36.7458850388474], [-119.776651690412, 36.7458860386735], [-119.77669668972, 36.7455830389694], [-119.776708690314, 36.7455430392825], [-119.776835689637, 36.7449940389724], [-119.777119690218, 36.7440360381047], [-119.777375690311, 36.7433340379031], [-119.777960690292, 36.7433260383089], [-119.778386690264, 36.7433090378185], [-119.778561690166, 36.7433090378185], [-119.779087689698, 36.7433100376781], [-119.779263690323, 36.7433110382575], [-119.7792626896, 36.7436390382792], [-119.779258691198, 36.7446260380985], [-119.779258691198, 36.7449550380968], [-119.779260690848, 36.7451380377698], [-119.779267691419, 36.7456890381467], [-119.779270690894, 36.745873038055]]]}, "properties": {"GEOID": "060190005021013", "P0010001": 62, "ALAND": 58158, "AWATER": 0}}, {"type": "Feature", "geometry": {"type": "Polygon", "coordinates": [[[-119.780392691175, 36.744940037644], [-119.780165691395, 36.7449430378788], [-119.779484691154, 36.7449510380243], [-119.779258691198, 36.7449550380968], [-119.779258691198, 36.7446260380985], [-119.7792626896, 36.7436390382792], [-119.779263690323, 36.7433110382575], [-119.779482689708, 36.7433090378185], [-119.780143690755, 36.743303037941], [-119.780363690863, 36.7433020380813], [-119.780368690886, 36.7436290382861], [-119.780386691328, 36.7446120381439], [-119.780392691175, 36.744940037644]]]}, "properties": {"GEOID": "060190005021014", "P0010001": 82, "ALAND": 18168, "AWATER": 0}}, {"type": "Feature", "geometry": {"type": "Polygon", "coordinates": [[[-119.781942691079, 36.7433450377938], [-119.781863691436, 36.7434450380363], [-119.781767691177, 36.743606038009], [-119.781759690781, 36.7436210380027], [-119.781677690765, 36.7437970382853], [-119.781617691389, 36.7439690380407], [-119.781575690658, 36.7441450382451], [-119.781563690962, 36.7446020382776], [-119.781554690742, 36.7449460381134], [-119.781383691037, 36.7449450382752], [-119.780873691399, 36.7449420380405], [-119.780703690622, 36.7449420380405], [-119.780640690873, 36.7449410382022], [-119.7804546911, 36.744940037644], [-119.780392691175, 36.744940037644], [-119.780386691328, 36.7446120381439], [-119.780368690886, 36.7436290382861], [-119.780363690863, 36.7433020380813], [-119.780523690697, 36.7433050376603], [-119.780682690705, 36.7433070380994], [-119.781642690605, 36.7433200377128], [-119.781962691171, 36.7433250377296], [-119.781942691079, 36.7433450377938]]]}, "properties": {"GEOID": "060190005021015", "P0010001": 61, "ALAND": 20521, "AWATER": 0}}, {"type": "Feature", "geometry": {"type": "Polygon", "coordinates": [[[-119.783006690736, 36.74251803828], [-119.782702690962, 36.7427520377094], [-119.78260169068, 36.7428300380805], [-119.782502690946, 36.7429050380581], [-119.78220469102, 36.7431330378565], [-119.782106691111, 36.7432090381186], [-119.782077690798, 36.7432320377948], [-119.781995690783, 36.7432990377824], [-119.781962691171, 36.7433250377296], [-119.781642690605, 36.7433200377128], [-119.780682690705, 36.7433070380994], [-119.780523690697, 36.7433050376603], [-119.780363690863, 36.7433020380813], [-119.780280691022, 36.7432200380272], [-119.780031690602, 36.7429740380591], [-119.779949689688, 36.7428930382394], [-119.780155691349, 36.742748038242], [-119.780776691315, 36.7423170382558], [-119.780983691004, 36.7421730377645], [-119.781188691044, 36.7420250382177], [-119.781805690812, 36.741584038231], [-119.782011690676, 36.7414370381522], [-119.782230690959, 36.7416370377202], [-119.782888690735, 36.7422400379567], [-119.783108690843, 36.7424410381825], [-119.783006690736, 36.74251803828]]]}, "properties": {"GEOID": "060190005021016", "P0010001": 30, "ALAND": 32519, "AWATER": 0}}, {"type": "Feature", "geometry": {"type": "Polygon", "coordinates": [[[-119.786014692278, 36.7433290378868], [-119.784789691166, 36.7432540383237], [-119.784569691058, 36.7432540383237], [-119.783909690734, 36.7432540383237], [-119.783689690626, 36.7432540383237], [-119.783469691416, 36.7432540383237], [-119.782809691092, 36.7432540383237], [-119.782589690984, 36.7432540383237], [-119.782463690588, 36.7432680378062], [-119.782087690844, 36.7433100376781], [-119.781962691171, 36.7433250377296], [-119.781995690783, 36.7432990377824], [-119.782077690798, 36.7432320377948], [-119.782106691111, 36.7432090381186], [-119.78220469102, 36.7431330378565], [-119.782502690946, 36.7429050380581], [-119.78260169068, 36.7428300380805], [-119.782702690962, 36.7427520377094], [-119.783006690736, 36.74251803828], [-119.783108690843, 36.7424410381825], [-119.783313690883, 36.7422950381782], [-119.783928691001, 36.7418580378172], [-119.784134690865, 36.7417130380241], [-119.784389691133, 36.7419220379317], [-119.784427690768, 36.7419540383289], [-119.784471691149, 36.7419740380304], [-119.784532691248, 36.7419820377656], [-119.784795691014, 36.7419660382944], [-119.784866691159, 36.7419660382944], [-119.784936690581, 36.7419800380119], [-119.784999691229, 36.7420070382825], [-119.785059690605, 36.7420510378766], [-119.78527469069, 36.7422350378692], [-119.785526690585, 36.7424500377398], [-119.785635691263, 36.7425430379024], [-119.785708691058, 36.7425990377756], [-119.785757690564, 36.7426450382065], [-119.78584669115, 36.7427460377884], [-119.785921690595, 36.7428710383269], [-119.785956690755, 36.7429430379516], [-119.785982690695, 36.7430100381914], [-119.786000691136, 36.743077037653], [-119.786013691555, 36.7431570381368], [-119.786007691707, 36.7432360379569], [-119.786014692278, 36.7433290378868]]]}, "properties": {"GEOID": "060190005021017", "P0010001": 15, "ALAND": 36331, "AWATER": 0}}, {"type": "Feature", "geometry": {"type": "Polygon", "coordinates": [[[-119.787388691556, 36.742975037923], [-119.787306692439, 36.7430320380641], [-119.78715169173, 36.7431410381907], [-119.787069691714, 36.7432120377012], [-119.786995692094, 36.7432780378463], [-119.786985692049, 36.7432860381655], [-119.786954692087, 36.7433000376421], [-119.786947692414, 36.7433200377128], [-119.786014692278, 36.7433290378868], [-119.786007691707, 36.7432360379569], [-119.786013691555, 36.7431570381368], [-119.786000691136, 36.743077037653], [-119.785982690695, 36.7430100381914], [-119.785956690755, 36.7429430379516], [-119.785921690595, 36.7428710383269], [-119.78584669115, 36.7427460377884], [-119.785757690564, 36.7426450382065], [-119.785708691058, 36.7425990377756], [-119.785635691263, 36.7425430379024], [-119.785526690585, 36.7424500377398], [-119.78527469069, 36.7422350378692], [-119.785059690605, 36.7420510378766], [-119.784999691229, 36.7420070382825], [-119.784936690581, 36.7419800380119], [-119.784866691159, 36.7419660382944], [-119.784795691014, 36.7419660382944], [-119.784532691248, 36.7419820377656], [-119.784471691149, 36.7419740380304], [-119.784427690768, 36.7419540383289], [-119.784389691133, 36.7419220379317], [-119.784134690865, 36.7417130380241], [-119.78433869108, 36.7415690378392], [-119.784953691198, 36.7411390383186], [-119.785114690856, 36.7410270378405], [-119.785158691237, 36.7409960376664], [-119.785389691216, 36.7411870379594], [-119.785476691255, 36.741259037724], [-119.786054690665, 36.7417970380071], [-119.786274690773, 36.7420030380564], [-119.786420691261, 36.7421300381152], [-119.786859691652, 36.7425130382106], [-119.787006691965, 36.7426410380137], [-119.787082692133, 36.7427070379299], [-119.787311691564, 36.7429080376526], [-119.787388691556, 36.742975037923]]]}, "properties": {"GEOID": "060190005021018", "P0010001": 135, "ALAND": 27981, "AWATER": 0}}, {"type": "Feature", "geometry": {"type": "Polygon", "coordinates": [[[-119.785114690856, 36.7410270378405], [-119.784953691198, 36.7411390383186], [-119.78433869108, 36.7415690378392], [-119.784134690865, 36.7417130380241], [-119.783915690582, 36.7415130379342], [-119.783260691179, 36.740914038028], [-119.783042690721, 36.7407150379091], [-119.782825690986, 36.7405170378902], [-119.782177691256, 36.7399240382717], [-119.781962690272, 36.7397270382781], [-119.782156691339, 36.7395880382269], [-119.782738690947, 36.7391720379161], [-119.782933690941, 36.7390340382149], [-119.782943690987, 36.7390260381725], [-119.782974690949, 36.7390040378715], [-119.782985690819, 36.7389970377417], [-119.783206690752, 36.7391960379954], [-119.783869690551, 36.739794037726], [-119.784090691383, 36.7399940379759], [-119.78430369092, 36.7401940377046], [-119.784944690977, 36.7407950379755], [-119.785158691237, 36.7409960376664], [-119.785114690856, 36.7410270378405]]]}, "properties": {"GEOID": "060190005021019", "P0010001": 0, "ALAND": 36016, "AWATER": 0}}, {"type": "Feature", "geometry": {"type": "Polygon", "coordinates": [[[-119.783928691001, 36.7418580378172], [-119.783313690883, 36.7422950381782], [-119.783108690843, 36.7424410381825], [-119.782888690735, 36.7422400379567], [-119.782230690959, 36.7416370377202], [-119.782011690676, 36.7414370381522], [-119.782217691439, 36.7412920382835], [-119.782835691032, 36.7408590382565], [-119.783042690721, 36.7407150379091], [-119.783260691179, 36.740914038028], [-119.783915690582, 36.7415130379342], [-119.784134690865, 36.7417130380241], [-119.783928691001, 36.7418580378172]]]}, "properties": {"GEOID": "060190005021020", "P0010001": 21, "ALAND": 18069, "AWATER": 0}}, {"type": "Feature", "geometry": {"type": "Polygon", "coordinates": [[[-119.782835691032, 36.7408590382565], [-119.782217691439, 36.7412920382835], [-119.782011690676, 36.7414370381522], [-119.781793691116, 36.7412370380631], [-119.78114169029, 36.7406400379511], [-119.780924689656, 36.7404410378417], [-119.781131690244, 36.7402980380487], [-119.78175468986, 36.7398690377909], [-119.781962690272, 36.7397270382781], [-119.782177691256, 36.7399240382717], [-119.782825690986, 36.7405170378902], [-119.783042690721, 36.7407150379091], [-119.782835691032, 36.7408590382565]]]}, "properties": {"GEOID": "060190005021021", "P0010001": 19, "ALAND": 17878, "AWATER": 0}}, {"type": "Feature", "geometry": {"type": "Polygon", "coordinates": [[[-119.781805690812, 36.741584038231], [-119.781188691044, 36.7420250382177], [-119.780983691004, 36.7421730377645], [-119.780761691246, 36.7419710376796], [-119.780095690176, 36.7413650378346], [-119.779874690243, 36.7411630377828], [-119.780083689582, 36.7410180381163], [-119.780714689594, 36.7405850379834], [-119.780924689656, 36.7404410378417], [-119.78114169029, 36.7406400379511], [-119.781793691116, 36.7412370380631], [-119.782011690676, 36.7414370381522], [-119.781805690812, 36.741584038231]]]}, "properties": {"GEOID": "060190005021022", "P0010001": 51, "ALAND": 18266, "AWATER": 0}}, {"type": "Feature", "geometry": {"type": "Polygon", "coordinates": [[[-119.780776691315, 36.7423170382558], [-119.780155691349, 36.742748038242], [-119.779949689688, 36.7428930382394], [-119.779728689755, 36.7426920377576], [-119.779065689956, 36.7420890381929], [-119.778844690023, 36.7418880377651], [-119.779050689888, 36.7417430380285], [-119.779668690379, 36.7413080378952], [-119.779874690243, 36.7411630377828], [-119.780095690176, 36.7413650378346], [-119.780761691246, 36.7419710376796], [-119.780983691004, 36.7421730377645], [-119.780776691315, 36.7423170382558]]]}, "properties": {"GEOID": "060190005021023", "P0010001": 52, "ALAND": 18221, "AWATER": 0}}, {"type": "Feature", "geometry": {"type": "Polygon", "coordinates": [[[-119.780363690863, 36.7433020380813], [-119.780143690755, 36.743303037941], [-119.779482689708, 36.7433090378185], [-119.779263690323, 36.7433110382575], [-119.779087689698, 36.7433100376781], [-119.778561690166, 36.7433090378185], [-119.778386690264, 36.7433090378185], [-119.777960690292, 36.7433260383089], [-119.777909690238, 36.7425740381715], [-119.778095690011, 36.7424360381081], [-119.778657690426, 36.7420250382177], [-119.778844690023, 36.7418880377651], [-119.779065689956, 36.7420890381929], [-119.779728689755, 36.7426920377576], [-119.779949689688, 36.7428930382394], [-119.780031690602, 36.7429740380591], [-119.780280691022, 36.7432200380272], [-119.780363690863, 36.7433020380813]]]}, "properties": {"GEOID": "060190005021024", "P0010001": 26, "ALAND": 20751, "AWATER": 0}}, {"type": "Feature", "geometry": {"type": "Polygon", "coordinates": [[[-119.777960690292, 36.7433260383089], [-119.777375690311, 36.7433340379031], [-119.777505690007, 36.7428460380915], [-119.777909690238, 36.7425740381715], [-119.777960690292, 36.7433260383089]]]}, "properties": {"GEOID": "060190005021025", "P0010001": 0, "ALAND": 2984, "AWATER": 0}}, {"type": "Feature", "geometry": {"type": "Polygon", "coordinates": [[[-119.78175468986, 36.7398690377909], [-119.781131690244, 36.7402980380487], [-119.780924689656, 36.7404410378417], [-119.780714689594, 36.7405850379834], [-119.780083689582, 36.7410180381163], [-119.779874690243, 36.7411630377828], [-119.779668690379, 36.7413080378952], [-119.779050689888, 36.7417430380285], [-119.778844690023, 36.7418880377651], [-119.778657690426, 36.7420250382177], [-119.778095690011, 36.7424360381081], [-119.777909690238, 36.7425740381715], [-119.777505690007, 36.7428460380915], [-119.777560690259, 36.7426170382918], [-119.777666689665, 36.7420220378688], [-119.777754690427, 36.7412880380201], [-119.777762689925, 36.7403620380243], [-119.777737689811, 36.7400040377228], [-119.77770268965, 36.7395340381339], [-119.77783369007, 36.7395420381234], [-119.777962689941, 36.7395370378601], [-119.778199689768, 36.7395270380524], [-119.778254690019, 36.7395210378793], [-119.778318689594, 36.7403590383303], [-119.778328689639, 36.7404600380409], [-119.778328689639, 36.740476037826], [-119.778373689845, 36.7406120380248], [-119.778422690249, 36.7406640382912], [-119.778648690205, 36.7408000381569], [-119.778739690441, 36.7408420379396], [-119.77883068978, 36.7408550379706], [-119.778882689658, 36.7408520382959], [-119.779050689888, 36.7407390382257], [-119.779144689599, 36.7406640382912], [-119.779177690109, 36.7406120380248], [-119.77919068963, 36.7405860378784], [-119.779200689676, 36.7405470376423], [-119.77922568979, 36.7404920383277], [-119.779306689981, 36.740434037843], [-119.780742690082, 36.7394190377427], [-119.780807690379, 36.7393840379963], [-119.780843690364, 36.7393640383397], [-119.780898689717, 36.7393480383228], [-119.780937690075, 36.7393320383025], [-119.781054690251, 36.7392510382386], [-119.781272689811, 36.7391010382678], [-119.781634690209, 36.7394300381944], [-119.781962690272, 36.7397270382781], [-119.78175468986, 36.7398690377909]]]}, "properties": {"GEOID": "060190005021026", "P0010001": 0, "ALAND": 55276, "AWATER": 0}}, {"type": "Feature", "geometry": {"type": "Polygon", "coordinates": [[[-119.782933690941, 36.7390340382149], [-119.782738690947, 36.7391720379161], [-119.782156691339, 36.7395880382269], [-119.781962690272, 36.7397270382781], [-119.781634690209, 36.7394300381944], [-119.781272689811, 36.7391010382678], [-119.78065268967, 36.7385390382472], [-119.78032569033, 36.7382420378861], [-119.780114690443, 36.7383890383248], [-119.779482689708, 36.7388320377876], [-119.779272689646, 36.7389800377322], [-119.779032690344, 36.7391480378295], [-119.778785689574, 36.7393210378367], [-119.778680689992, 36.7393980381847], [-119.778558689793, 36.7394570379223], [-119.77839669031, 36.7395060378041], [-119.778254690019, 36.7395210378793], [-119.778199689768, 36.7395270380524], [-119.777962689941, 36.7395370378601], [-119.77783369007, 36.7395420381234], [-119.77770268965, 36.7395340381339], [-119.777657690343, 36.7373750377557], [-119.777561689185, 36.7356630381792], [-119.777756689179, 36.7355520383105], [-119.778058689303, 36.7353810376537], [-119.778577689161, 36.7350150366983], [-119.781488689721, 36.7376420377159], [-119.782478689758, 36.7385740376589], [-119.782569689995, 36.7386650383586], [-119.782842690704, 36.7389410381199], [-119.782933690941, 36.7390340382149]]]}, "properties": {"GEOID": "060190005021027", "P0010001": 166, "ALAND": 126186, "AWATER": 0}}, {"type": "Feature", "geometry": {"type": "Polygon", "coordinates": [[[-119.781054690251, 36.7392510382386], [-119.780937690075, 36.7393320383025], [-119.780898689717, 36.7393480383228], [-119.780843690364, 36.7393640383397], [-119.780807690379, 36.7393840379963], [-119.780742690082, 36.7394190377427], [-119.779306689981, 36.740434037843], [-119.77922568979, 36.7404920383277], [-119.779200689676, 36.7405470376423], [-119.77919068963, 36.7405860378784], [-119.779177690109, 36.7406120380248], [-119.779144689599, 36.7406640382912], [-119.779050689888, 36.7407390382257], [-119.778882689658, 36.7408520382959], [-119.77883068978, 36.7408550379706], [-119.778739690441, 36.7408420379396], [-119.778648690205, 36.7408000381569], [-119.778422690249, 36.7406640382912], [-119.778373689845, 36.7406120380248], [-119.778328689639, 36.740476037826], [-119.778328689639, 36.7404600380409], [-119.778318689594, 36.7403590383303], [-119.778254690019, 36.7395210378793], [-119.77839669031, 36.7395060378041], [-119.778558689793, 36.7394570379223], [-119.778680689992, 36.7393980381847], [-119.778785689574, 36.7393210378367], [-119.779032690344, 36.7391480378295], [-119.779272689646, 36.7389800377322], [-119.779482689708, 36.7388320377876], [-119.780114690443, 36.7383890383248], [-119.78032569033, 36.7382420378861], [-119.78065268967, 36.7385390382472], [-119.781272689811, 36.7391010382678], [-119.781054690251, 36.7392510382386]]]}, "properties": {"GEOID": "060190005021028", "P0010001": 339, "ALAND": 36046, "AWATER": 0}}, {"type": "Feature", "geometry": {"type": "Polygon", "coordinates": [[[-119.78265469218, 36.7503830393251], [-119.782422692376, 36.7503840390924], [-119.781725692242, 36.7503880388817], [-119.781494692264, 36.7503900391361], [-119.781497691738, 36.7502240387138], [-119.781508690711, 36.7497260388909], [-119.781512690909, 36.7495610389695], [-119.781513690734, 36.7494700389527], [-119.781517690932, 36.7492010388255], [-119.781519690581, 36.7491110388855], [-119.781745691436, 36.7491070390296], [-119.782426691676, 36.7490990393174], [-119.782653692355, 36.7490970390293], [-119.782653692355, 36.749354039273], [-119.782653692355, 36.7501250391582], [-119.78265469218, 36.7503830393251]]]}, "properties": {"GEOID": "060190005022000", "P0010001": 31, "ALAND": 14570, "AWATER": 0}}, {"type": "Feature", "geometry": {"type": "Polygon", "coordinates": [[[-119.783768692066, 36.7493470379278], [-119.78375869202, 36.7501230388969], [-119.783755691647, 36.7503820388379], [-119.783712691989, 36.7503810390704], [-119.783583692118, 36.7503770392808], [-119.783540691562, 36.7503770392808], [-119.783362692185, 36.7503780390483], [-119.782831691732, 36.7503810390704], [-119.78265469218, 36.7503830393251], [-119.782653692355, 36.7501250391582], [-119.782653692355, 36.749354039273], [-119.782653692355, 36.7490970390293], [-119.782876691938, 36.7490950387411], [-119.783548691958, 36.7490900376606], [-119.783772692263, 36.7490890378764], [-119.783768692066, 36.7493470379278]]]}, "properties": {"GEOID": "060190005022001", "P0010001": 83, "ALAND": 14156, "AWATER": 0}}, {"type": "Feature", "geometry": {"type": "Polygon", "coordinates": [[[-119.784909691715, 36.7490000383102], [-119.784905692416, 36.7500290380712], [-119.784905692416, 36.7503730387712], [-119.784675692262, 36.7503740392585], [-119.783984691976, 36.750380039303], [-119.783755691647, 36.7503820388379], [-119.78375869202, 36.7501230388969], [-119.783768692066, 36.7493470379278], [-119.783772692263, 36.7490890378764], [-119.783771692439, 36.749002037881], [-119.783771692439, 36.7487440381091], [-119.783771692439, 36.7486580382323], [-119.783998692219, 36.7486580382323], [-119.78468169211, 36.7486580382323], [-119.784909691715, 36.7486580382323], [-119.784910692438, 36.7487160382602], [-119.784909691715, 36.7490000383102]]]}, "properties": {"GEOID": "060190005022002", "P0010001": 185, "ALAND": 19455, "AWATER": 0}}, {"type": "Feature", "geometry": {"type": "Polygon", "coordinates": [[[-119.786044692415, 36.7503780383285], [-119.785919691844, 36.7503780383285], [-119.78554569175, 36.7503800378634], [-119.785421691901, 36.7503820381181], [-119.785317692144, 36.7503800378634], [-119.785008692348, 36.7503740392585], [-119.784905692416, 36.7503730387712], [-119.784905692416, 36.7500290380712], [-119.784909691715, 36.7490000383102], [-119.784910692438, 36.7487160382602], [-119.784909691715, 36.7486580382323], [-119.785134691846, 36.7486580382323], [-119.785810692064, 36.7486580382323], [-119.78603669202, 36.7486580382323], [-119.786037691844, 36.749002037881], [-119.786042691867, 36.7500340376509], [-119.786044692415, 36.7503780383285]]]}, "properties": {"GEOID": "060190005022003", "P0010001": 171, "ALAND": 19307, "AWATER": 0}}, {"type": "Feature", "geometry": {"type": "Polygon", "coordinates": [[[-119.787174692195, 36.7503770378412], [-119.786948692239, 36.7503770378412], [-119.786269691648, 36.7503770378412], [-119.786044692415, 36.7503780383285], [-119.786042691867, 36.7500340376509], [-119.786037691844, 36.749002037881], [-119.78603669202, 36.7486580382323], [-119.786253691755, 36.7486530378431], [-119.786905691683, 36.7486410382034], [-119.787123692141, 36.748637038323], [-119.787134692012, 36.7489840381427], [-119.787146691707, 36.749305037761], [-119.787164692149, 36.7500280382991], [-119.787174692195, 36.7503770378412]]]}, "properties": {"GEOID": "060190005022004", "P0010001": 47, "ALAND": 19036, "AWATER": 0}}, {"type": "Feature", "geometry": {"type": "Polygon", "coordinates": [[[-119.787123692141, 36.748637038323], [-119.786905691683, 36.7486410382034], [-119.786253691755, 36.7486530378431], [-119.78603669202, 36.7486580382323], [-119.786033691647, 36.7468460376682], [-119.786158692218, 36.746848038015], [-119.787092692179, 36.7468400380672], [-119.787098692027, 36.7471990379624], [-119.78711669157, 36.7482770381626], [-119.787123692141, 36.748637038323]]]}, "properties": {"GEOID": "060190005022005", "P0010001": 77, "ALAND": 19166, "AWATER": 0}}, {"type": "Feature", "geometry": {"type": "Polygon", "coordinates": [[[-119.78603669202, 36.7486580382323], [-119.785810692064, 36.7486580382323], [-119.785134691846, 36.7486580382323], [-119.784909691715, 36.7486580382323], [-119.784907692065, 36.7482950380668], [-119.784902692043, 36.7472090382101], [-119.784901692218, 36.7468470382015], [-119.786033691647, 36.7468460376682], [-119.78603669202, 36.7486580382323]]]}, "properties": {"GEOID": "060190005022006", "P0010001": 169, "ALAND": 20285, "AWATER": 0}}, {"type": "Feature", "geometry": {"type": "Polygon", "coordinates": [[[-119.784909691715, 36.7486580382323], [-119.78468169211, 36.7486580382323], [-119.783998692219, 36.7486580382323], [-119.783771692439, 36.7486580382323], [-119.783771692439, 36.7485640377712], [-119.783775691738, 36.7482830376513], [-119.783776691563, 36.7481900379664], [-119.783773692088, 36.74792203819], [-119.783766692416, 36.7471180382831], [-119.783764691868, 36.7468510381751], [-119.783991691648, 36.7468490378285], [-119.784673691714, 36.7468470382015], [-119.784901692218, 36.7468470382015], [-119.784902692043, 36.7472090382101], [-119.784907692065, 36.7482950380668], [-119.784909691715, 36.7486580382323]]]}, "properties": {"GEOID": "060190005022007", "P0010001": 129, "ALAND": 20341, "AWATER": 0}}, {"type": "Feature", "geometry": {"type": "Polygon", "coordinates": [[[-119.783775691738, 36.7482830376513], [-119.783771692439, 36.7485640377712], [-119.783771692439, 36.7486580382323], [-119.783771692439, 36.7487440381091], [-119.783771692439, 36.749002037881], [-119.783772692263, 36.7490890378764], [-119.783548691958, 36.7490900376606], [-119.782876691938, 36.7490950387411], [-119.782653692355, 36.7490970390293], [-119.782426691676, 36.7490990393174], [-119.781745691436, 36.7491070390296], [-119.781519690581, 36.7491110388855], [-119.781516691107, 36.7490160391941], [-119.781510691259, 36.7487340387812], [-119.781508690711, 36.748640039133], [-119.781508690711, 36.7485550389309], [-119.781508690711, 36.7483000391991], [-119.781508690711, 36.7482160391358], [-119.781507690886, 36.7481210390561], [-119.781504691411, 36.7478360388315], [-119.781504691411, 36.7477420380832], [-119.781503690688, 36.7475580383375], [-119.781500691213, 36.7470080382353], [-119.781500691213, 36.7468250379829], [-119.781727690994, 36.7468290379576], [-119.782410690884, 36.7468440380412], [-119.782638691388, 36.7468490378285], [-119.782863690621, 36.7468490378285], [-119.783538691013, 36.7468500376419], [-119.783764691868, 36.7468510381751], [-119.783766692416, 36.7471180382831], [-119.783773692088, 36.74792203819], [-119.783776691563, 36.7481900379664], [-119.783775691738, 36.7482830376513]]]}, "properties": {"GEOID": "060190005022008", "P0010001": 108, "ALAND": 50607, "AWATER": 0}}, {"type": "Feature", "geometry": {"type": "Polygon", "coordinates": [[[-119.782638691388, 36.7468490378285], [-119.782410690884, 36.7468440380412], [-119.781727690994, 36.7468290379576], [-119.781500691213, 36.7468250379829], [-119.781510691259, 36.7464490379829], [-119.781543690871, 36.7453210377263], [-119.781554690742, 36.7449460381134], [-119.781768691002, 36.7449450382752], [-119.782410690884, 36.7449450382752], [-119.782526691235, 36.7449450382752], [-119.782624691144, 36.7449500381862], [-119.782626690794, 36.7453290378324], [-119.782635691015, 36.7464690379527], [-119.782638691388, 36.7468490378285]]]}, "properties": {"GEOID": "060190005022009", "P0010001": 0, "ALAND": 20695, "AWATER": 0}}, {"type": "Feature", "geometry": {"type": "Polygon", "coordinates": [[[-119.783764691868, 36.7468510381751], [-119.783538691013, 36.7468500376419], [-119.782863690621, 36.7468490378285], [-119.782638691388, 36.7468490378285], [-119.782635691015, 36.7464690379527], [-119.782626690794, 36.7453290378324], [-119.782624691144, 36.7449500381862], [-119.782769690909, 36.7449420380405], [-119.782853690575, 36.7449430378788], [-119.7829116912, 36.7449440377171], [-119.783081691079, 36.744958038331], [-119.783295691339, 36.7450070383], [-119.783483690762, 36.7450410378048], [-119.783532691166, 36.7450440380356], [-119.783611690808, 36.7450490379401], [-119.783762691319, 36.7450520381706], [-119.783762691319, 36.7454110377926], [-119.783763691144, 36.7464910382734], [-119.783764691868, 36.7468510381751]]]}, "properties": {"GEOID": "060190005022010", "P0010001": 0, "ALAND": 20847, "AWATER": 0}}, {"type": "Feature", "geometry": {"type": "Polygon", "coordinates": [[[-119.784901692218, 36.7468470382015], [-119.784673691714, 36.7468470382015], [-119.783991691648, 36.7468490378285], [-119.783764691868, 36.7468510381751], [-119.783763691144, 36.7464910382734], [-119.783762691319, 36.7454110377926], [-119.783762691319, 36.7450520381706], [-119.784869692431, 36.7450550376812], [-119.784901692218, 36.7468470382015]]]}, "properties": {"GEOID": "060190005022011", "P0010001": 0, "ALAND": 19964, "AWATER": 0}}, {"type": "Feature", "geometry": {"type": "Polygon", "coordinates": [[[-119.786033691647, 36.7468460376682], [-119.784901692218, 36.7468470382015], [-119.784869692431, 36.7450550376812], [-119.78601069208, 36.7450550376812], [-119.786033691647, 36.7468460376682]]]}, "properties": {"GEOID": "060190005022012", "P0010001": 0, "ALAND": 20179, "AWATER": 0}}, {"type": "Feature", "geometry": {"type": "Polygon", "coordinates": [[[-119.787092692179, 36.7468400380672], [-119.786158692218, 36.746848038015], [-119.786033691647, 36.7468460376682], [-119.78601069208, 36.7450550376812], [-119.786013691555, 36.7450190377882], [-119.787089691806, 36.7450040380678], [-119.787089691806, 36.7455000379224], [-119.787092692179, 36.7468400380672]]]}, "properties": {"GEOID": "060190005022013", "P0010001": 72, "ALAND": 19415, "AWATER": 0}}, {"type": "Feature", "geometry": {"type": "Polygon", "coordinates": [[[-119.787095691653, 36.7441000378427], [-119.787089691806, 36.7450040380678], [-119.786013691555, 36.7450190377882], [-119.786014692278, 36.7433290378868], [-119.786947692414, 36.7433200377128], [-119.786961691759, 36.7433190378533], [-119.78700569214, 36.7433170381344], [-119.787020692209, 36.7433170381344], [-119.787055692369, 36.7434080382497], [-119.787092692179, 36.7436960379271], [-119.787095691653, 36.7441000378427]]]}, "properties": {"GEOID": "060190005022014", "P0010001": 0, "ALAND": 17946, "AWATER": 0}}, {"type": "Feature", "geometry": {"type": "Polygon", "coordinates": [[[-119.786013691555, 36.7450190377882], [-119.78601069208, 36.7450550376812], [-119.784869692431, 36.7450550376812], [-119.784789691166, 36.7432540383237], [-119.786014692278, 36.7433290378868], [-119.786013691555, 36.7450190377882]]]}, "properties": {"GEOID": "060190005022015", "P0010001": 0, "ALAND": 20687, "AWATER": 0}}, {"type": "Feature", "geometry": {"type": "Polygon", "coordinates": [[[-119.784869692431, 36.7450550376812], [-119.783762691319, 36.7450520381706], [-119.783747691251, 36.7446920377475], [-119.78370369087, 36.7436130377185], [-119.783689690626, 36.7432540383237], [-119.783909690734, 36.7432540383237], [-119.784569691058, 36.7432540383237], [-119.784789691166, 36.7432540383237], [-119.784869692431, 36.7450550376812]]]}, "properties": {"GEOID": "060190005022016", "P0010001": 22, "ALAND": 19686, "AWATER": 0}}, {"type": "Feature", "geometry": {"type": "Polygon", "coordinates": [[[-119.783762691319, 36.7450520381706], [-119.783611690808, 36.7450490379401], [-119.783532691166, 36.7450440380356], [-119.783483690762, 36.7450410378048], [-119.783295691339, 36.7450070383], [-119.783081691079, 36.744958038331], [-119.7829116912, 36.7449440377171], [-119.782853690575, 36.7449430378788], [-119.782769690909, 36.7449420380405], [-119.782624691144, 36.7449500381862], [-119.782526691235, 36.7449450382752], [-119.782410690884, 36.7449450382752], [-119.781768691002, 36.7449450382752], [-119.781554690742, 36.7449460381134], [-119.781563690962, 36.7446020382776], [-119.781575690658, 36.7441450382451], [-119.781617691389, 36.7439690380407], [-119.781677690765, 36.7437970382853], [-119.781759690781, 36.7436210380027], [-119.781767691177, 36.743606038009], [-119.781863691436, 36.7434450380363], [-119.781942691079, 36.7433450377938], [-119.781962691171, 36.7433250377296], [-119.782087690844, 36.7433100376781], [-119.782463690588, 36.7432680378062], [-119.782589690984, 36.7432540383237], [-119.782809691092, 36.7432540383237], [-119.783469691416, 36.7432540383237], [-119.783689690626, 36.7432540383237], [-119.78370369087, 36.7436130377185], [-119.783747691251, 36.7446920377475], [-119.783762691319, 36.7450520381706]]]}, "properties": {"GEOID": "060190005022017", "P0010001": 0, "ALAND": 34893, "AWATER": 0}}, {"type": "Feature", "geometry": {"type": "Polygon", "coordinates": [[[-119.797862693833, 36.7444860369976], [-119.797862693833, 36.7454860366875], [-119.797862693833, 36.7458200371721], [-119.797662693817, 36.7458180367985], [-119.797063693592, 36.7458150373178], [-119.796864694298, 36.7458140367711], [-119.796860693202, 36.7454770367664], [-119.796849693332, 36.7444670370753], [-119.796846692959, 36.7441900371814], [-119.796809693149, 36.7441440369567], [-119.797019693211, 36.7441450368054], [-119.797651693048, 36.744151037337], [-119.797862693833, 36.7441530370342], [-119.797862693833, 36.7444860369976]]]}, "properties": {"GEOID": "060190006011000", "P0010001": 133, "ALAND": 16665, "AWATER": 0}}, {"type": "Feature", "geometry": {"type": "Polygon", "coordinates": [[[-119.798910693596, 36.7458160371448], [-119.798700694432, 36.7458160371448], [-119.79807169407, 36.7458180367985], [-119.797862693833, 36.7458200371721], [-119.797862693833, 36.7454860366875], [-119.797862693833, 36.7444860369976], [-119.797862693833, 36.7441530370342], [-119.798068693697, 36.7441530370342], [-119.798688693838, 36.7441530370342], [-119.798895694426, 36.7441530370342], [-119.798898693901, 36.7444850371534], [-119.798907694122, 36.7454830371938], [-119.798910693596, 36.7458160371448]]]}, "properties": {"GEOID": "060190006011001", "P0010001": 91, "ALAND": 17162, "AWATER": 0}}, {"type": "Feature", "geometry": {"type": "Polygon", "coordinates": [[[-119.800346693697, 36.7458260368529], [-119.800058693817, 36.7458240371993], [-119.799197693652, 36.7458180367985], [-119.798910693596, 36.7458160371448], [-119.798907694122, 36.7454830371938], [-119.798898693901, 36.7444850371534], [-119.798895694426, 36.7441530370342], [-119.799182693583, 36.7441530370342], [-119.800043693748, 36.7441530370342], [-119.800331693629, 36.7441530370342], [-119.800334694002, 36.7444870368418], [-119.800343694222, 36.7454910372831], [-119.800346693697, 36.7458260368529]]]}, "properties": {"GEOID": "060190006011002", "P0010001": 83, "ALAND": 23738, "AWATER": 0}}, {"type": "Feature", "geometry": {"type": "Polygon", "coordinates": [[[-119.801646694254, 36.7443170372205], [-119.801648693904, 36.744471037173], [-119.801661694322, 36.7454770367664], [-119.801666694345, 36.7458130369441], [-119.801402693856, 36.7458150373178], [-119.800609694361, 36.7458230366526], [-119.800346693697, 36.7458260368529], [-119.800343694222, 36.7454910372831], [-119.800334694002, 36.7444870368418], [-119.800331693629, 36.7441530370342], [-119.800604694338, 36.7441500367685], [-119.801425694321, 36.7441450368054], [-119.801699693957, 36.7441440369567], [-119.801646694254, 36.7443170372205]]]}, "properties": {"GEOID": "060190006011003", "P0010001": 114, "ALAND": 21849, "AWATER": 0}}, {"type": "Feature", "geometry": {"type": "Polygon", "coordinates": [[[-119.802980695146, 36.7458120371172], [-119.802717693583, 36.7458120371172], [-119.801928694286, 36.7458120371172], [-119.801666694345, 36.7458130369441], [-119.801661694322, 36.7454770367664], [-119.801648693904, 36.744471037173], [-119.801646694254, 36.7443170372205], [-119.801699693957, 36.7441440369567], [-119.801942693631, 36.7441440369567], [-119.802672694276, 36.7441450368054], [-119.802916693775, 36.7441460366541], [-119.802967693829, 36.7442190370898], [-119.802969694377, 36.7444660372308], [-119.802977693874, 36.7454750371037], [-119.802980695146, 36.7458120371172]]]}, "properties": {"GEOID": "060190006011004", "P0010001": 48, "ALAND": 21723, "AWATER": 0}}, {"type": "Feature", "geometry": {"type": "Polygon", "coordinates": [[[-119.804352694774, 36.7457240371774], [-119.804271694583, 36.7457880369473], [-119.804012695015, 36.7457920369761], [-119.803238694889, 36.7458060367155], [-119.802980695146, 36.7458120371172], [-119.802977693874, 36.7454750371037], [-119.802969694377, 36.7444660372308], [-119.802967693829, 36.7442190370898], [-119.802916693775, 36.7441460366541], [-119.803202694005, 36.7441480370712], [-119.804064694894, 36.7441540368827], [-119.804351694949, 36.7441560372997], [-119.804351694949, 36.7444900370943], [-119.804351694949, 36.7454920371142], [-119.804352694774, 36.7457240371774]]]}, "properties": {"GEOID": "060190006011005", "P0010001": 34, "ALAND": 22491, "AWATER": 0}}, {"type": "Feature", "geometry": {"type": "Polygon", "coordinates": [[[-119.805811695339, 36.7455520370364], [-119.805361695078, 36.7457850367455], [-119.804627695134, 36.74578703712], [-119.804271694583, 36.7457880369473], [-119.804352694774, 36.7457240371774], [-119.804351694949, 36.7454920371142], [-119.804351694949, 36.7444900370943], [-119.804351694949, 36.7441560372997], [-119.804351694949, 36.7440450367552], [-119.804351694949, 36.7438080366699], [-119.804372694866, 36.7437140367463], [-119.804398694805, 36.7436070371449], [-119.804614694715, 36.7437000373451], [-119.804656695446, 36.7437230368742], [-119.805400695436, 36.744136036727], [-119.80543869507, 36.7441570371482], [-119.80564569476, 36.7442790372875], [-119.805646694585, 36.7444190373264], [-119.805649694958, 36.7448390373504], [-119.805651694608, 36.7449800369254], [-119.805793694898, 36.7454890369009], [-119.805811695339, 36.7455520370364]]]}, "properties": {"GEOID": "060190006011006", "P0010001": 74, "ALAND": 24314, "AWATER": 0}}, {"type": "Feature", "geometry": {"type": "Polygon", "coordinates": [[[-119.805881694761, 36.7457830370909], [-119.805613694973, 36.7457840369182], [-119.805361695078, 36.7457850367455], [-119.805811695339, 36.7455520370364], [-119.805872695439, 36.7457690373473], [-119.805881694761, 36.7457830370909]]]}, "properties": {"GEOID": "060190006011007", "P0010001": 0, "ALAND": 590, "AWATER": 0}}, {"type": "Feature", "geometry": {"type": "Polygon", "coordinates": [[[-119.800331693629, 36.7441530370342], [-119.800043693748, 36.7441530370342], [-119.799182693583, 36.7441530370342], [-119.798895694426, 36.7441530370342], [-119.798894693703, 36.7440650373515], [-119.798888693855, 36.744046037325], [-119.798796693794, 36.743739036699], [-119.798766693656, 36.7436370371289], [-119.800326693606, 36.743631037277], [-119.800331693629, 36.7441530370342]]]}, "properties": {"GEOID": "060190006011008", "P0010001": 49, "ALAND": 7655, "AWATER": 0}}, {"type": "Feature", "geometry": {"type": "Polygon", "coordinates": [[[-119.798895694426, 36.7441530370342], [-119.798688693838, 36.7441530370342], [-119.798068693697, 36.7441530370342], [-119.797862693833, 36.7441530370342], [-119.797862693833, 36.7440500367247], [-119.797862692935, 36.7437410371267], [-119.797862692935, 36.7436390368395], [-119.79804269286, 36.7436380369842], [-119.798585693906, 36.7436370371289], [-119.798766693656, 36.7436370371289], [-119.798796693794, 36.743739036699], [-119.798888693855, 36.744046037325], [-119.798894693703, 36.7440650373515], [-119.798895694426, 36.7441530370342]]]}, "properties": {"GEOID": "060190006011009", "P0010001": 0, "ALAND": 5000, "AWATER": 0}}, {"type": "Feature", "geometry": {"type": "Polygon", "coordinates": [[[-119.797862692935, 36.7437410371267], [-119.797862693833, 36.7440500367247], [-119.797862693833, 36.7441530370342], [-119.797651693048, 36.744151037337], [-119.797019693211, 36.7441450368054], [-119.796809693149, 36.7441440369567], [-119.796745692676, 36.7440590368132], [-119.796729692783, 36.7437420369807], [-119.79672469276, 36.7436370371289], [-119.796951693439, 36.7436370371289], [-119.797634693329, 36.7436380369842], [-119.797862692935, 36.7436390368395], [-119.797862692935, 36.7437410371267]]]}, "properties": {"GEOID": "060190006011010", "P0010001": 82, "ALAND": 5666, "AWATER": 0}}, {"type": "Feature", "geometry": {"type": "Polygon", "coordinates": [[[-119.798766693656, 36.7436370371289], [-119.798585693906, 36.7436370371289], [-119.79804269286, 36.7436380369842], [-119.797862692935, 36.7436390368395], [-119.797634693329, 36.7436380369842], [-119.796951693439, 36.7436370371289], [-119.79672469276, 36.7436370371289], [-119.796729692783, 36.7435650367157], [-119.796744692851, 36.7433960370699], [-119.796762693293, 36.743356036963], [-119.796793693255, 36.7432920373245], [-119.797004693142, 36.7431470366412], [-119.797638692629, 36.7427160367362], [-119.797850693239, 36.7425730368626], [-119.798057692928, 36.7427680370168], [-119.798456694035, 36.7431440370561], [-119.798554693944, 36.7432520371633], [-119.798645694181, 36.7433730367231], [-119.798740693717, 36.7435330369902], [-119.798766693656, 36.7436370371289]]]}, "properties": {"GEOID": "060190006011011", "P0010001": 31, "ALAND": 13153, "AWATER": 0}}, {"type": "Feature", "geometry": {"type": "Polygon", "coordinates": [[[-119.800345693872, 36.7434570370489], [-119.800326693606, 36.743631037277], [-119.798766693656, 36.7436370371289], [-119.798740693717, 36.7435330369902], [-119.798645694181, 36.7433730367231], [-119.798554693944, 36.7432520371633], [-119.798456694035, 36.7431440370561], [-119.798057692928, 36.7427680370168], [-119.797850693239, 36.7425730368626], [-119.798052692906, 36.7424260372384], [-119.798658692803, 36.741986037273], [-119.798861693193, 36.7418400371231], [-119.799934693968, 36.7428110370284], [-119.800201693932, 36.7430830368284], [-119.800284693773, 36.7431830366925], [-119.800329693979, 36.7432810367063], [-119.800345693872, 36.7434570370489]]]}, "properties": {"GEOID": "060190006011012", "P0010001": 182, "ALAND": 25106, "AWATER": 0}}, {"type": "Feature", "geometry": {"type": "Polygon", "coordinates": [[[-119.801948694378, 36.7432290367733], [-119.801880693707, 36.7433980367868], [-119.801864693814, 36.7436100367119], [-119.800326693606, 36.743631037277], [-119.800345693872, 36.7434570370489], [-119.800329693979, 36.7432810367063], [-119.800284693773, 36.7431830366925], [-119.800201693932, 36.7430830368284], [-119.799934693968, 36.7428110370284], [-119.800945693922, 36.7420800371536], [-119.800958694341, 36.7421080372642], [-119.802037694066, 36.7431170371855], [-119.801948694378, 36.7432290367733]]]}, "properties": {"GEOID": "060190006011013", "P0010001": 131, "ALAND": 19748, "AWATER": 0}}, {"type": "Feature", "geometry": {"type": "Polygon", "coordinates": [[[-119.802419693657, 36.7436050367137], [-119.802002693906, 36.7436080370006], [-119.801864693814, 36.7436100367119], [-119.801880693707, 36.7433980367868], [-119.801948694378, 36.7432290367733], [-119.802037694066, 36.7431170371855], [-119.802558693575, 36.7436040368579], [-119.802419693657, 36.7436050367137]]]}, "properties": {"GEOID": "060190006011014", "P0010001": 0, "ALAND": 1867, "AWATER": 0}}, {"type": "Feature", "geometry": {"type": "Polygon", "coordinates": [[[-119.802916693775, 36.7441460366541], [-119.802672694276, 36.7441450368054], [-119.801942693631, 36.7441440369567], [-119.801699693957, 36.7441440369567], [-119.801731693744, 36.744037037235], [-119.801831694202, 36.7437160371747], [-119.801864693814, 36.7436100367119], [-119.802002693906, 36.7436080370006], [-119.802419693657, 36.7436050367137], [-119.802558693575, 36.7436040368579], [-119.80262569442, 36.7437150373204], [-119.802679693948, 36.7438050371107], [-119.80284169433, 36.7440390369351], [-119.802916693775, 36.7441460366541]]]}, "properties": {"GEOID": "060190006011015", "P0010001": 18, "ALAND": 5065, "AWATER": 0}}, {"type": "Feature", "geometry": {"type": "Polygon", "coordinates": [[[-119.804372694866, 36.7437140367463], [-119.804351694949, 36.7438080366699], [-119.804351694949, 36.7440450367552], [-119.804351694949, 36.7441560372997], [-119.804064694894, 36.7441540368827], [-119.803202694005, 36.7441480370712], [-119.802916693775, 36.7441460366541], [-119.80284169433, 36.7440390369351], [-119.802679693948, 36.7438050371107], [-119.80262569442, 36.7437150373204], [-119.802558693575, 36.7436040368579], [-119.802645693613, 36.7436030370022], [-119.802925693996, 36.7436030370022], [-119.804029693836, 36.7436060372892], [-119.804398694805, 36.7436070371449], [-119.804372694866, 36.7437140367463]]]}, "properties": {"GEOID": "060190006011016", "P0010001": 2, "ALAND": 8809, "AWATER": 0}}, {"type": "Feature", "geometry": {"type": "Polygon", "coordinates": [[[-119.804398694805, 36.7436070371449], [-119.804029693836, 36.7436060372892], [-119.802925693996, 36.7436030370022], [-119.802645693613, 36.7436030370022], [-119.802558693575, 36.7436040368579], [-119.802037694066, 36.7431170371855], [-119.803069693936, 36.7423550370007], [-119.803341693922, 36.7425990370557], [-119.804157693882, 36.7433320367449], [-119.804214693783, 36.743384037328], [-119.804398694805, 36.7436070371449]]]}, "properties": {"GEOID": "060190006011017", "P0010001": 0, "ALAND": 16171, "AWATER": 0}}, {"type": "Feature", "geometry": {"type": "Polygon", "coordinates": [[[-119.802037694066, 36.7431170371855], [-119.800958694341, 36.7421080372642], [-119.800945693922, 36.7420800371536], [-119.801977693792, 36.7413740360784], [-119.803069693936, 36.7423550370007], [-119.802037694066, 36.7431170371855]]]}, "properties": {"GEOID": "060190006011018", "P0010001": 0, "ALAND": 18349, "AWATER": 0}}, {"type": "Feature", "geometry": {"type": "Polygon", "coordinates": [[[-119.800945693922, 36.7420800371536], [-119.79988469374, 36.7411200368479], [-119.800917694333, 36.7403750359769], [-119.801977693792, 36.7413740360784], [-119.800945693922, 36.7420800371536]]]}, "properties": {"GEOID": "060190006011019", "P0010001": 97, "ALAND": 17649, "AWATER": 0}}, {"type": "Feature", "geometry": {"type": "Polygon", "coordinates": [[[-119.799934693968, 36.7428110370284], [-119.798861693193, 36.7418400371231], [-119.79988469374, 36.7411200368479], [-119.800945693922, 36.7420800371536], [-119.799934693968, 36.7428110370284]]]}, "properties": {"GEOID": "060190006011020", "P0010001": 30, "ALAND": 17404, "AWATER": 0}}, {"type": "Feature", "geometry": {"type": "Polygon", "coordinates": [[[-119.801831694202, 36.7437160371747], [-119.801731693744, 36.744037037235], [-119.801699693957, 36.7441440369567], [-119.801425694321, 36.7441450368054], [-119.800604694338, 36.7441500367685], [-119.800331693629, 36.7441530370342], [-119.800326693606, 36.743631037277], [-119.801864693814, 36.7436100367119], [-119.801831694202, 36.7437160371747]]]}, "properties": {"GEOID": "060190006011021", "P0010001": 23, "ALAND": 7578, "AWATER": 0}}, {"type": "Feature", "geometry": {"type": "Polygon", "coordinates": [[[-119.798910693596, 36.7499450377413], [-119.798906694297, 36.7503070382501], [-119.798905693573, 36.7504280382024], [-119.798663693724, 36.7504240376954], [-119.797940693651, 36.7504140378667], [-119.797699693626, 36.7504110378458], [-119.797643694448, 36.7504120383326], [-119.797475694219, 36.7504140378667], [-119.797420693967, 36.7504160381205], [-119.79735369402, 36.7503060377619], [-119.797768694122, 36.7501280377507], [-119.798124693774, 36.7499580376698], [-119.798530693655, 36.7497510383246], [-119.798901694274, 36.7495650366423], [-119.798909693771, 36.7498570382225], [-119.798910693596, 36.7499450377413]]]}, "properties": {"GEOID": "060190006012000", "P0010001": 0, "ALAND": 7222, "AWATER": 0}}, {"type": "Feature", "geometry": {"type": "Polygon", "coordinates": [[[-119.800360694839, 36.750407037338], [-119.799640694241, 36.7504170378874], [-119.798905693573, 36.7504280382024], [-119.798906694297, 36.7503070382501], [-119.798910693596, 36.7499450377413], [-119.798909693771, 36.7498570382225], [-119.798901694274, 36.7495650366423], [-119.799076694176, 36.7494770366877], [-119.799198694375, 36.7494090372753], [-119.800055694342, 36.7489360369004], [-119.800341693674, 36.7487790371861], [-119.800343694222, 36.7488670372214], [-119.800348694245, 36.7489970367945], [-119.800344694047, 36.7490220371854], [-119.800342694397, 36.7492200368559], [-119.800342694397, 36.749376037327], [-119.800341693674, 36.7495810366887], [-119.800349694968, 36.7496530372158], [-119.800355694816, 36.7503150371167], [-119.800360694839, 36.750407037338]]]}, "properties": {"GEOID": "060190006012001", "P0010001": 23, "ALAND": 17783, "AWATER": 0}}, {"type": "Feature", "geometry": {"type": "Polygon", "coordinates": [[[-119.802988694643, 36.7487940368884], [-119.80233369524, 36.7488090373076], [-119.801696695381, 36.7488240370041], [-119.801667695069, 36.7498140371204], [-119.801638694756, 36.7499210367047], [-119.801277695081, 36.7503080372987], [-119.801203694563, 36.7504060368511], [-119.800360694839, 36.750407037338], [-119.800355694816, 36.7503150371167], [-119.800349694968, 36.7496530372158], [-119.800341693674, 36.7495810366887], [-119.800342694397, 36.749376037327], [-119.800342694397, 36.7492200368559], [-119.800344694047, 36.7490220371854], [-119.800348694245, 36.7489970367945], [-119.800343694222, 36.7488670372214], [-119.800341693674, 36.7487790371861], [-119.80262169512, 36.7475590367021], [-119.802974695298, 36.7473670373445], [-119.802986694993, 36.7485930367465], [-119.802988694643, 36.7487940368884]]]}, "properties": {"GEOID": "060190006012002", "P0010001": 20, "ALAND": 39069, "AWATER": 0}}, {"type": "Feature", "geometry": {"type": "Polygon", "coordinates": [[[-119.802336694715, 36.7489720371152], [-119.802311694601, 36.7490760370808], [-119.80229869508, 36.7491000369422], [-119.802277695164, 36.7492750371136], [-119.802290694684, 36.7493270372686], [-119.80226169527, 36.7494750371293], [-119.802235695331, 36.7494960368091], [-119.802176694882, 36.7496270372532], [-119.802095694691, 36.7497240371796], [-119.802074694774, 36.7497550367073], [-119.801920694788, 36.7498820368937], [-119.801554695091, 36.7502810370695], [-119.801425695219, 36.750405037084], [-119.801203694563, 36.7504060368511], [-119.801277695081, 36.7503080372987], [-119.801638694756, 36.7499210367047], [-119.801667695069, 36.7498140371204], [-119.801696695381, 36.7488240370041], [-119.80233369524, 36.7488090373076], [-119.802327695393, 36.7489380371927], [-119.802336694715, 36.7489720371152]]]}, "properties": {"GEOID": "060190006012003", "P0010001": 60, "ALAND": 7095, "AWATER": 0}}, {"type": "Feature", "geometry": {"type": "Polygon", "coordinates": [[[-119.802992694841, 36.7501650371764], [-119.80298369462, 36.7504010372956], [-119.802848694901, 36.7503980372743], [-119.801584695228, 36.750405037084], [-119.801425695219, 36.750405037084], [-119.801554695091, 36.7502810370695], [-119.801920694788, 36.7498820368937], [-119.802074694774, 36.7497550367073], [-119.802095694691, 36.7497240371796], [-119.802176694882, 36.7496270372532], [-119.802235695331, 36.7494960368091], [-119.80226169527, 36.7494750371293], [-119.802290694684, 36.7493270372686], [-119.802277695164, 36.7492750371136], [-119.80229869508, 36.7491000369422], [-119.802311694601, 36.7490760370808], [-119.802336694715, 36.7489720371152], [-119.802327695393, 36.7489380371927], [-119.80233369524, 36.7488090373076], [-119.802988694643, 36.7487940368884], [-119.802992694841, 36.7501650371764]]]}, "properties": {"GEOID": "060190006012004", "P0010001": 0, "ALAND": 14858, "AWATER": 0}}, {"type": "Feature", "geometry": {"type": "Polygon", "coordinates": [[[-119.804369695391, 36.7503930369985], [-119.804065694719, 36.7503900369768], [-119.80298369462, 36.7504010372956], [-119.802992694841, 36.7501650371764], [-119.802988694643, 36.7487940368884], [-119.804352694774, 36.7487820372707], [-119.804355695147, 36.7491040367983], [-119.804365695193, 36.7500700373505], [-119.804369695391, 36.7503930369985]]]}, "properties": {"GEOID": "060190006012005", "P0010001": 76, "ALAND": 21821, "AWATER": 0}}, {"type": "Feature", "geometry": {"type": "Polygon", "coordinates": [[[-119.80565669463, 36.7490960370857], [-119.805647695308, 36.7500630367904], [-119.80564569476, 36.7503860371877], [-119.805555695246, 36.7503880367224], [-119.805287694559, 36.75039603702], [-119.805198694871, 36.7503990370415], [-119.80503269519, 36.7503970367873], [-119.804534695247, 36.7503940367658], [-119.804369695391, 36.7503930369985], [-119.804365695193, 36.7500700373505], [-119.804355695147, 36.7491040367983], [-119.804352694774, 36.7487820372707], [-119.80461369489, 36.7487800369743], [-119.805397695063, 36.7487750373129], [-119.805659695003, 36.7487740368047], [-119.80565669463, 36.7490960370857]]]}, "properties": {"GEOID": "060190006012006", "P0010001": 77, "ALAND": 20692, "AWATER": 0}}, {"type": "Feature", "geometry": {"type": "Polygon", "coordinates": [[[-119.806956696085, 36.7490750372964], [-119.806949696413, 36.7500530369146], [-119.806948695689, 36.7503790366564], [-119.806832696237, 36.7503790366564], [-119.806483696257, 36.7503810369111], [-119.806368695731, 36.7503820366785], [-119.806223695966, 36.7503820366785], [-119.8057896947, 36.7503840369331], [-119.80564569476, 36.7503860371877], [-119.805647695308, 36.7500630367904], [-119.80565669463, 36.7490960370857], [-119.805659695003, 36.7487740368047], [-119.805918694571, 36.7487690371429], [-119.806699695269, 36.7487540367159], [-119.806959694662, 36.7487500368415], [-119.806956696085, 36.7490750372964]]]}, "properties": {"GEOID": "060190006012007", "P0010001": 35, "ALAND": 20889, "AWATER": 0}}, {"type": "Feature", "geometry": {"type": "Polygon", "coordinates": [[[-119.808375695569, 36.7503740370992], [-119.808190695622, 36.7503730373316], [-119.807637696326, 36.7503700373092], [-119.807453696203, 36.7503700373092], [-119.807351696096, 36.7503710370767], [-119.807048696147, 36.750376037354], [-119.806948695689, 36.7503790366564], [-119.806949696413, 36.7500530369146], [-119.806956696085, 36.7490750372964], [-119.806959694662, 36.7487500368415], [-119.807222696224, 36.7487530369273], [-119.808012696245, 36.748762037184], [-119.808276695835, 36.7487660370577], [-119.808280696033, 36.7490900369408], [-119.808292695729, 36.7500650370533], [-119.808293695554, 36.7501120370986], [-119.808309696345, 36.7502280370719], [-119.808352696003, 36.7503400370782], [-119.808375695569, 36.7503740370992]]]}, "properties": {"GEOID": "060190006012008", "P0010001": 67, "ALAND": 21404, "AWATER": 0}}, {"type": "Feature", "geometry": {"type": "Polygon", "coordinates": [[[-119.80827769566, 36.7471060369637], [-119.808276695835, 36.7483510373418], [-119.808276695835, 36.7487660370577], [-119.808012696245, 36.748762037184], [-119.807222696224, 36.7487530369273], [-119.806959694662, 36.7487500368415], [-119.806957695012, 36.7483210370412], [-119.806954694639, 36.7470340369259], [-119.806953694814, 36.746606036706], [-119.807104695325, 36.7465150367837], [-119.807557695062, 36.7462460370945], [-119.807709695398, 36.7461560372877], [-119.807822695375, 36.7462630369342], [-119.808164694784, 36.7465840371381], [-119.808278694587, 36.7466920367232], [-119.80827769566, 36.7471060369637]]]}, "properties": {"GEOID": "060190006012009", "P0010001": 72, "ALAND": 30886, "AWATER": 0}}, {"type": "Feature", "geometry": {"type": "Polygon", "coordinates": [[[-119.806959694662, 36.7487500368415], [-119.806699695269, 36.7487540367159], [-119.805918694571, 36.7487690371429], [-119.805659695003, 36.7487740368047], [-119.805659695003, 36.7484840371656], [-119.805663695201, 36.747617036841], [-119.805664695026, 36.7473280369551], [-119.805921694944, 36.7471830366995], [-119.806695695071, 36.7467500367975], [-119.806953694814, 36.746606036706], [-119.806954694639, 36.7470340369259], [-119.806957695012, 36.7483210370412], [-119.806959694662, 36.7487500368415]]]}, "properties": {"GEOID": "060190006012010", "P0010001": 97, "ALAND": 23030, "AWATER": 0}}, {"type": "Feature", "geometry": {"type": "Polygon", "coordinates": [[[-119.805664695026, 36.7473280369551], [-119.805663695201, 36.747617036841], [-119.805659695003, 36.7484840371656], [-119.805659695003, 36.7487740368047], [-119.805397695063, 36.7487750373129], [-119.80461369489, 36.7487800369743], [-119.804352694774, 36.7487820372707], [-119.804350695124, 36.748615037178], [-119.804347694751, 36.7481170369894], [-119.804347694751, 36.7479510366881], [-119.804572694882, 36.7477820373436], [-119.804588694776, 36.7477700368479], [-119.804810695432, 36.7476090369733], [-119.804942694778, 36.7475470368913], [-119.805044694885, 36.7474850367591], [-119.805138694597, 36.7474640372487], [-119.805360695253, 36.7473940371595], [-119.80539269504, 36.74738003699], [-119.805428695025, 36.747366036818], [-119.805513695414, 36.747318036723], [-119.805624694843, 36.7472700373177], [-119.805661694653, 36.747246036884], [-119.805661694653, 36.7472620366941], [-119.805663695201, 36.7473110373514], [-119.805664695026, 36.7473280369551]]]}, "properties": {"GEOID": "060190006012011", "P0010001": 79, "ALAND": 15939, "AWATER": 0}}, {"type": "Feature", "geometry": {"type": "Polygon", "coordinates": [[[-119.804352694774, 36.7487820372707], [-119.802988694643, 36.7487940368884], [-119.802986694993, 36.7485930367465], [-119.803051695291, 36.7485570370737], [-119.803136694781, 36.7485290371566], [-119.803222694995, 36.7484950370379], [-119.803261695353, 36.7484680368905], [-119.803324695102, 36.7484260369623], [-119.803366694935, 36.7484120369811], [-119.80340069527, 36.7483910370046], [-119.803477695263, 36.7483630370269], [-119.8035116947, 36.7483420370369], [-119.803571694974, 36.7483220368354], [-119.803637695097, 36.748313037247], [-119.803741694854, 36.7482730368237], [-119.803803694778, 36.7482370370008], [-119.8038696949, 36.7482240367807], [-119.803920694954, 36.7482000366454], [-119.803997694947, 36.7481480371663], [-119.804031695282, 36.7481410371506], [-119.804088695183, 36.7481090371739], [-119.804278695154, 36.7480030370205], [-119.804347694751, 36.7479510366881], [-119.804347694751, 36.7481170369894], [-119.804350695124, 36.748615037178], [-119.804352694774, 36.7487820372707]]]}, "properties": {"GEOID": "060190006012012", "P0010001": 26, "ALAND": 6732, "AWATER": 0}}, {"type": "Feature", "geometry": {"type": "Polygon", "coordinates": [[[-119.807709695398, 36.7461560372877], [-119.807557695062, 36.7462460370945], [-119.807104695325, 36.7465150367837], [-119.806953694814, 36.746606036706], [-119.806695695071, 36.7467500367975], [-119.805921694944, 36.7471830366995], [-119.805664695026, 36.7473280369551], [-119.805663695201, 36.7473110373514], [-119.805661694653, 36.7472620366941], [-119.805661694653, 36.747246036884], [-119.805654694981, 36.7470720369343], [-119.805633695064, 36.7465520372319], [-119.805627695216, 36.7463790369677], [-119.804336694881, 36.7470580367061], [-119.804343694553, 36.7473190372501], [-119.804343694553, 36.7474450373439], [-119.804346694926, 36.7478240369045], [-119.804347694751, 36.7479510366881], [-119.804278695154, 36.7480030370205], [-119.804088695183, 36.7481090371739], [-119.804031695282, 36.7481410371506], [-119.803997694947, 36.7481480371663], [-119.803920694954, 36.7482000366454], [-119.8038696949, 36.7482240367807], [-119.803803694778, 36.7482370370008], [-119.803741694854, 36.7482730368237], [-119.803637695097, 36.748313037247], [-119.803571694974, 36.7483220368354], [-119.8035116947, 36.7483420370369], [-119.803477695263, 36.7483630370269], [-119.80340069527, 36.7483910370046], [-119.803366694935, 36.7484120369811], [-119.803324695102, 36.7484260369623], [-119.803261695353, 36.7484680368905], [-119.803222694995, 36.7484950370379], [-119.803136694781, 36.7485290371566], [-119.803051695291, 36.7485570370737], [-119.802986694993, 36.7485930367465], [-119.802974695298, 36.7473670373445], [-119.805881694761, 36.7457830370909], [-119.806059695037, 36.7456880368785], [-119.806595694614, 36.7454050373596], [-119.806774694714, 36.745312037066], [-119.806946695141, 36.7454670370128], [-119.807462694627, 36.7459330369595], [-119.807635694879, 36.746089036915], [-119.807649695123, 36.7461020367771], [-119.807694695329, 36.7461420368923], [-119.807709695398, 36.7461560372877]]]}, "properties": {"GEOID": "060190006012013", "P0010001": 36, "ALAND": 45588, "AWATER": 0}}, {"type": "Feature", "geometry": {"type": "Polygon", "coordinates": [[[-119.805661694653, 36.747246036884], [-119.805624694843, 36.7472700373177], [-119.805513695414, 36.747318036723], [-119.805428695025, 36.747366036818], [-119.80539269504, 36.74738003699], [-119.805360695253, 36.7473940371595], [-119.805138694597, 36.7474640372487], [-119.805044694885, 36.7474850367591], [-119.804942694778, 36.7475470368913], [-119.804810695432, 36.7476090369733], [-119.804588694776, 36.7477700368479], [-119.804572694882, 36.7477820373436], [-119.804347694751, 36.7479510366881], [-119.804346694926, 36.7478240369045], [-119.804343694553, 36.7474450373439], [-119.804343694553, 36.7473190372501], [-119.804336694881, 36.7470580367061], [-119.805627695216, 36.7463790369677], [-119.805633695064, 36.7465520372319], [-119.805654694981, 36.7470720369343], [-119.805661694653, 36.747246036884]]]}, "properties": {"GEOID": "060190006012014", "P0010001": 86, "ALAND": 10900, "AWATER": 0}}, {"type": "Feature", "geometry": {"type": "Polygon", "coordinates": [[[-119.805881694761, 36.7457830370909], [-119.802974695298, 36.7473670373445], [-119.802974695298, 36.747045037006], [-119.805361695078, 36.7457850367455], [-119.805613694973, 36.7457840369182], [-119.805881694761, 36.7457830370909]]]}, "properties": {"GEOID": "060190006012015", "P0010001": 0, "ALAND": 7862, "AWATER": 0}}, {"type": "Feature", "geometry": {"type": "Polygon", "coordinates": [[[-119.806595694614, 36.7454050373596], [-119.806059695037, 36.7456880368785], [-119.805881694761, 36.7457830370909], [-119.805872695439, 36.7457690373473], [-119.805811695339, 36.7455520370364], [-119.806192695106, 36.7453490366545], [-119.806576695245, 36.745130036924], [-119.806774694714, 36.745312037066], [-119.806595694614, 36.7454050373596]]]}, "properties": {"GEOID": "060190006012016", "P0010001": 0, "ALAND": 2259, "AWATER": 0}}, {"type": "Feature", "geometry": {"type": "Polygon", "coordinates": [[[-119.806576695245, 36.745130036924], [-119.806192695106, 36.7453490366545], [-119.805811695339, 36.7455520370364], [-119.805793694898, 36.7454890369009], [-119.805651694608, 36.7449800369254], [-119.805649694958, 36.7448390373504], [-119.805646694585, 36.7444190373264], [-119.80564569476, 36.7442790372875], [-119.805870694891, 36.7444850371534], [-119.806537694887, 36.7450950369025], [-119.806548694758, 36.7451050367046], [-119.806576695245, 36.745130036924]]]}, "properties": {"GEOID": "060190006012017", "P0010001": 0, "ALAND": 5739, "AWATER": 0}}, {"type": "Feature", "geometry": {"type": "Polygon", "coordinates": [[[-119.802974695298, 36.7473670373445], [-119.80262169512, 36.7475590367021], [-119.800341693674, 36.7487790371861], [-119.800340693849, 36.7487400367946], [-119.800340693849, 36.7484550367095], [-119.802939695138, 36.7470680369722], [-119.802974695298, 36.747045037006], [-119.802974695298, 36.7473670373445]]]}, "properties": {"GEOID": "060190006012018", "P0010001": 0, "ALAND": 8418, "AWATER": 0}}, {"type": "Feature", "geometry": {"type": "Polygon", "coordinates": [[[-119.800341693674, 36.7487790371861], [-119.800055694342, 36.7489360369004], [-119.799198694375, 36.7494090372753], [-119.799076694176, 36.7494770366877], [-119.798901694274, 36.7495650366423], [-119.798901694274, 36.7495470370361], [-119.798883693832, 36.7492320371249], [-119.799449694445, 36.7489270366641], [-119.800340693849, 36.7484550367095], [-119.800340693849, 36.7487400367946], [-119.800341693674, 36.7487790371861]]]}, "properties": {"GEOID": "060190006012019", "P0010001": 0, "ALAND": 4855, "AWATER": 0}}, {"type": "Feature", "geometry": {"type": "Polygon", "coordinates": [[[-119.798901694274, 36.7495650366423], [-119.798530693655, 36.7497510383246], [-119.798124693774, 36.7499580376698], [-119.797768694122, 36.7501280377507], [-119.79735369402, 36.7503060377619], [-119.797342694149, 36.7502880383295], [-119.797146694331, 36.7500800379438], [-119.797653693596, 36.7498570382225], [-119.797797694434, 36.7497880379321], [-119.79814369404, 36.7496220376469], [-119.798883693832, 36.7492320371249], [-119.798901694274, 36.7495470370361], [-119.798901694274, 36.7495650366423]]]}, "properties": {"GEOID": "060190006012020", "P0010001": 0, "ALAND": 5325, "AWATER": 0}}, {"type": "Feature", "geometry": {"type": "Polygon", "coordinates": [[[-119.79888969368, 36.7477710366494], [-119.798865694289, 36.7487160368207], [-119.798869693588, 36.7488490367316], [-119.798878693809, 36.7491030370143], [-119.798883693832, 36.7492320371249], [-119.79814369404, 36.7496220376469], [-119.797797694434, 36.7497880379321], [-119.797653693596, 36.7498570382225], [-119.797146694331, 36.7500800379438], [-119.797097693927, 36.7500280382991], [-119.797018694284, 36.7499440379682], [-119.79685169388, 36.7497670383321], [-119.796830693963, 36.7497450382309], [-119.796826693765, 36.7497320382663], [-119.796852693705, 36.7495730377456], [-119.796852693705, 36.7494650378966], [-119.796852693705, 36.7491430377246], [-119.796853694428, 36.7490360377751], [-119.797007694414, 36.7490320379154], [-119.797470694196, 36.7490220379052], [-119.797625694007, 36.74901903783], [-119.797627693656, 36.7486840370837], [-119.797636693877, 36.7476820369941], [-119.79763969425, 36.7473480366959], [-119.797891694145, 36.7473430369411], [-119.798648693656, 36.7473310370965], [-119.798901694274, 36.7473270371479], [-119.79888969368, 36.7477710366494]]]}, "properties": {"GEOID": "060190006012021", "P0010001": 124, "ALAND": 34666, "AWATER": 0}}, {"type": "Feature", "geometry": {"type": "Polygon", "coordinates": [[[-119.797636693877, 36.7476820369941], [-119.797627693656, 36.7486840370837], [-119.797625694007, 36.74901903783], [-119.797470694196, 36.7490220379052], [-119.797007694414, 36.7490320379154], [-119.796853694428, 36.7490360377751], [-119.796852693705, 36.7490140381841], [-119.79684969423, 36.7489480379336], [-119.79684969423, 36.7489270381037], [-119.796850694055, 36.7485050378365], [-119.796855694078, 36.7472400373142], [-119.796857693727, 36.7468190369406], [-119.797009694063, 36.7468170373129], [-119.797468693648, 36.7468150369653], [-119.797621693809, 36.7468150369653], [-119.797624694182, 36.7469210373201], [-119.797635694052, 36.7472410371226], [-119.79763969425, 36.7473480366959], [-119.797636693877, 36.7476820369941]]]}, "properties": {"GEOID": "060190006012022", "P0010001": 119, "ALAND": 17060, "AWATER": 0}}, {"type": "Feature", "geometry": {"type": "Polygon", "coordinates": [[[-119.802978694598, 36.7461230366602], [-119.802974695298, 36.7470100371382], [-119.802974695298, 36.747045037006], [-119.802939695138, 36.7470680369722], [-119.800340693849, 36.7484550367095], [-119.800330693804, 36.7481000368406], [-119.800333694177, 36.7476130369072], [-119.800335693826, 36.7473320369037], [-119.800545693889, 36.7473320369037], [-119.801177693725, 36.7473340372378], [-119.801388693613, 36.747335037045], [-119.801653693926, 36.7471850370376], [-119.801653693926, 36.7471540371914], [-119.801662694147, 36.7461480372677], [-119.801666694345, 36.7458130369441], [-119.801928694286, 36.7458120371172], [-119.802717693583, 36.7458120371172], [-119.802980695146, 36.7458120371172], [-119.802978694598, 36.7461230366602]]]}, "properties": {"GEOID": "060190006012023", "P0010001": 44, "ALAND": 31070, "AWATER": 0}}, {"type": "Feature", "geometry": {"type": "Polygon", "coordinates": [[[-119.801662694147, 36.7461480372677], [-119.801653693926, 36.7471540371914], [-119.801653693926, 36.7471850370376], [-119.801388693613, 36.747335037045], [-119.801177693725, 36.7473340372378], [-119.800545693889, 36.7473320369037], [-119.800335693826, 36.7473320369037], [-119.800336693651, 36.7470300369618], [-119.800343694222, 36.7461270366716], [-119.800346693697, 36.7458260368529], [-119.800609694361, 36.7458230366526], [-119.801402693856, 36.7458150373178], [-119.801666694345, 36.7458130369441], [-119.801662694147, 36.7461480372677]]]}, "properties": {"GEOID": "060190006012024", "P0010001": 53, "ALAND": 19594, "AWATER": 0}}, {"type": "Feature", "geometry": {"type": "Polygon", "coordinates": [[[-119.800340693849, 36.7484550367095], [-119.799449694445, 36.7489270366641], [-119.798883693832, 36.7492320371249], [-119.798878693809, 36.7491030370143], [-119.798869693588, 36.7488490367316], [-119.798865694289, 36.7487160368207], [-119.79888969368, 36.7477710366494], [-119.798901694274, 36.7473270371479], [-119.799187693606, 36.7473280369551], [-119.800048693771, 36.7473310370965], [-119.800335693826, 36.7473320369037], [-119.800333694177, 36.7476130369072], [-119.800330693804, 36.7481000368406], [-119.800340693849, 36.7484550367095]]]}, "properties": {"GEOID": "060190006012025", "P0010001": 40, "ALAND": 21815, "AWATER": 0}}, {"type": "Feature", "geometry": {"type": "Polygon", "coordinates": [[[-119.800343694222, 36.7461270366716], [-119.800336693651, 36.7470300369618], [-119.800335693826, 36.7473320369037], [-119.800048693771, 36.7473310370965], [-119.799187693606, 36.7473280369551], [-119.798901694274, 36.7473270371479], [-119.798902694099, 36.7470240366553], [-119.798908693947, 36.7461180368257], [-119.798910693596, 36.7458160371448], [-119.799197693652, 36.7458180367985], [-119.800058693817, 36.7458240371993], [-119.800346693697, 36.7458260368529], [-119.800343694222, 36.7461270366716]]]}, "properties": {"GEOID": "060190006012026", "P0010001": 55, "ALAND": 21448, "AWATER": 0}}, {"type": "Feature", "geometry": {"type": "Polygon", "coordinates": [[[-119.798908693947, 36.7461180368257], [-119.798902694099, 36.7470240366553], [-119.798901694274, 36.7473270371479], [-119.798648693656, 36.7473310370965], [-119.797891694145, 36.7473430369411], [-119.79763969425, 36.7473480366959], [-119.797635694052, 36.7472410371226], [-119.797624694182, 36.7469210373201], [-119.797621693809, 36.7468150369653], [-119.797719693718, 36.7467360372304], [-119.797773694145, 36.7466630370295], [-119.797839694267, 36.7465770369798], [-119.797859694358, 36.7464140371234], [-119.797860694183, 36.7460360369011], [-119.797862693833, 36.7458200371721], [-119.79807169407, 36.7458180367985], [-119.798700694432, 36.7458160371448], [-119.798910693596, 36.7458160371448], [-119.798908693947, 36.7461180368257]]]}, "properties": {"GEOID": "060190006012027", "P0010001": 68, "ALAND": 17230, "AWATER": 0}}, {"type": "Feature", "geometry": {"type": "Polygon", "coordinates": [[[-119.797860694183, 36.7460360369011], [-119.797859694358, 36.7464140371234], [-119.797839694267, 36.7465770369798], [-119.797773694145, 36.7466630370295], [-119.797719693718, 36.7467360372304], [-119.797621693809, 36.7468150369653], [-119.797468693648, 36.7468150369653], [-119.797009694063, 36.7468170373129], [-119.796857693727, 36.7468190369406], [-119.796858693552, 36.7466170368475], [-119.79686269375, 36.7460150369941], [-119.796864694298, 36.7458140367711], [-119.797063693592, 36.7458150373178], [-119.797662693817, 36.7458180367985], [-119.797862693833, 36.7458200371721], [-119.797860694183, 36.7460360369011]]]}, "properties": {"GEOID": "060190006012028", "P0010001": 54, "ALAND": 9608, "AWATER": 0}}, {"type": "Feature", "geometry": {"type": "Polygon", "coordinates": [[[-119.805361695078, 36.7457850367455], [-119.802974695298, 36.747045037006], [-119.802974695298, 36.7470100371382], [-119.802978694598, 36.7461230366602], [-119.802980695146, 36.7458120371172], [-119.803238694889, 36.7458060367155], [-119.804012695015, 36.7457920369761], [-119.804271694583, 36.7457880369473], [-119.804627695134, 36.74578703712], [-119.805361695078, 36.7457850367455]]]}, "properties": {"GEOID": "060190006012029", "P0010001": 34, "ALAND": 14672, "AWATER": 0}}, {"type": "Feature", "geometry": {"type": "Polygon", "coordinates": [[[-119.793266692752, 36.7504330377561], [-119.793172693041, 36.7504320379893], [-119.792890693009, 36.7504310382226], [-119.792796693297, 36.7504310382226], [-119.79262269322, 36.750430037736], [-119.792103693361, 36.750430037736], [-119.791930693109, 36.750430037736], [-119.791926692911, 36.7497120377073], [-119.79191769269, 36.7475610377501], [-119.791914693215, 36.7468440380412], [-119.792180693354, 36.7468420376943], [-119.792978692872, 36.7468390382536], [-119.793245692836, 36.7468380377202], [-119.793249693034, 36.7475570378135], [-119.793261692729, 36.7497140379794], [-119.793266692752, 36.7504330377561]]]}, "properties": {"GEOID": "060190006013000", "P0010001": 352, "ALAND": 47444, "AWATER": 0}}, {"type": "Feature", "geometry": {"type": "Polygon", "coordinates": [[[-119.794820693752, 36.7504270377158], [-119.794509694306, 36.7504280382024], [-119.793576693272, 36.7504310382226], [-119.793266692752, 36.7504330377561], [-119.793261692729, 36.7497140379794], [-119.793249693034, 36.7475570378135], [-119.793245692836, 36.7468380377202], [-119.793533692716, 36.7468390382536], [-119.794397693255, 36.7468450378547], [-119.79468669296, 36.7468470382015], [-119.794687692784, 36.7471450381857], [-119.794692692807, 36.748039037673], [-119.794694693355, 36.7483380378608], [-119.794696693005, 36.7487610381152], [-119.794703693576, 36.7500330378789], [-119.7947046943, 36.7501750377574], [-119.794725694216, 36.7502680379155], [-119.794765694399, 36.7503570381702], [-119.794798694011, 36.7504060382907], [-119.794820693752, 36.7504270377158]]]}, "properties": {"GEOID": "060190006013001", "P0010001": 294, "ALAND": 51313, "AWATER": 0}}, {"type": "Feature", "geometry": {"type": "Polygon", "coordinates": [[[-119.795834694079, 36.7489370381263], [-119.795832694429, 36.7491940381861], [-119.795829694056, 36.7499640377468], [-119.795828694231, 36.7502220377353], [-119.795827694406, 36.7504490383412], [-119.79547069403, 36.7504480378549], [-119.795265693991, 36.7504410380491], [-119.794820693752, 36.7504270377158], [-119.794798694011, 36.7504060382907], [-119.794765694399, 36.7503570381702], [-119.794725694216, 36.7502680379155], [-119.7947046943, 36.7501750377574], [-119.794703693576, 36.7500330378789], [-119.794696693005, 36.7487610381152], [-119.794694693355, 36.7483380378608], [-119.794920693311, 36.7483380378608], [-119.795602694275, 36.7483380378608], [-119.795829694056, 36.7483380378608], [-119.795830693881, 36.7484570377342], [-119.795833694254, 36.7488170377699], [-119.795834694079, 36.7489370381263]]]}, "properties": {"GEOID": "060190006013002", "P0010001": 187, "ALAND": 23455, "AWATER": 0}}, {"type": "Feature", "geometry": {"type": "Polygon", "coordinates": [[[-119.797146694331, 36.7500800379438], [-119.796982694299, 36.7501560378041], [-119.796530694388, 36.7503320382143], [-119.796362694158, 36.7503970382268], [-119.796236693761, 36.7504400382824], [-119.796092693821, 36.7504440380687], [-119.795827694406, 36.7504490383412], [-119.795828694231, 36.7502220377353], [-119.795829694056, 36.7499640377468], [-119.795832694429, 36.7491940381861], [-119.795834694079, 36.7489370381263], [-119.79603769357, 36.7489350378339], [-119.79664669384, 36.7489290376764], [-119.79684969423, 36.7489270381037], [-119.79684969423, 36.7489480379336], [-119.796852693705, 36.7490140381841], [-119.796853694428, 36.7490360377751], [-119.796852693705, 36.7491430377246], [-119.796852693705, 36.7494650378966], [-119.796852693705, 36.7495730377456], [-119.796826693765, 36.7497320382663], [-119.796830693963, 36.7497450382309], [-119.79685169388, 36.7497670383321], [-119.797018694284, 36.7499440379682], [-119.797097693927, 36.7500280382991], [-119.797146694331, 36.7500800379438]]]}, "properties": {"GEOID": "060190006013003", "P0010001": 121, "ALAND": 15214, "AWATER": 0}}, {"type": "Feature", "geometry": {"type": "Polygon", "coordinates": [[[-119.797420693967, 36.7504160381205], [-119.797345693624, 36.7504170378874], [-119.797122694041, 36.750421037675], [-119.797092693904, 36.7504220381617], [-119.797048694422, 36.7504230379285], [-119.796694694419, 36.7504270377158], [-119.796602694358, 36.7504290379692], [-119.796236693761, 36.7504400382824], [-119.796362694158, 36.7503970382268], [-119.796530694388, 36.7503320382143], [-119.796982694299, 36.7501560378041], [-119.797146694331, 36.7500800379438], [-119.797342694149, 36.7502880383295], [-119.79735369402, 36.7503060377619], [-119.797420693967, 36.7504160381205]]]}, "properties": {"GEOID": "060190006013004", "P0010001": 0, "ALAND": 1959, "AWATER": 0}}, {"type": "Feature", "geometry": {"type": "Polygon", "coordinates": [[[-119.796855694078, 36.7472400373142], [-119.796850694055, 36.7485050378365], [-119.79684969423, 36.7489270381037], [-119.79664669384, 36.7489290376764], [-119.79603769357, 36.7489350378339], [-119.795834694079, 36.7489370381263], [-119.795833694254, 36.7488170377699], [-119.795830693881, 36.7484570377342], [-119.795829694056, 36.7483380378608], [-119.795826693683, 36.7480370380771], [-119.79581969401, 36.7471350372099], [-119.795817692563, 36.7468350368397], [-119.796024694049, 36.7468310368653], [-119.796649694213, 36.7468220371019], [-119.796857693727, 36.7468190369406], [-119.796855694078, 36.7472400373142]]]}, "properties": {"GEOID": "060190006013005", "P0010001": 149, "ALAND": 21439, "AWATER": 0}}, {"type": "Feature", "geometry": {"type": "Polygon", "coordinates": [[[-119.795829694056, 36.7483380378608], [-119.795602694275, 36.7483380378608], [-119.794920693311, 36.7483380378608], [-119.794694693355, 36.7483380378608], [-119.794692692807, 36.748039037673], [-119.794687692784, 36.7471450381857], [-119.79468669296, 36.7468470382015], [-119.794912692915, 36.7468440380412], [-119.795590692783, 36.7468370371868], [-119.795817692563, 36.7468350368397], [-119.79581969401, 36.7471350372099], [-119.795826693683, 36.7480370380771], [-119.795829694056, 36.7483380378608]]]}, "properties": {"GEOID": "060190006013006", "P0010001": 170, "ALAND": 16814, "AWATER": 0}}, {"type": "Feature", "geometry": {"type": "Polygon", "coordinates": [[[-119.793245692836, 36.7468380377202], [-119.792978692872, 36.7468390382536], [-119.792180693354, 36.7468420376943], [-119.791914693215, 36.7468440380412], [-119.791911692842, 36.7463250380537], [-119.791905692995, 36.7447710381469], [-119.79190469317, 36.7442530369437], [-119.792171693133, 36.7442530369437], [-119.792972693024, 36.7442530369437], [-119.793240692813, 36.7442530369437], [-119.793240692813, 36.7447700368667], [-119.793243693186, 36.7463210380526], [-119.793245692836, 36.7468380377202]]]}, "properties": {"GEOID": "060190006014000", "P0010001": 248, "ALAND": 34198, "AWATER": 0}}, {"type": "Feature", "geometry": {"type": "Polygon", "coordinates": [[[-119.79468669296, 36.7468470382015], [-119.794397693255, 36.7468450378547], [-119.793533692716, 36.7468390382536], [-119.793245692836, 36.7468380377202], [-119.793243693186, 36.7463210380526], [-119.793240692813, 36.7447700368667], [-119.793240692813, 36.7442530369437], [-119.79352369267, 36.7442530369437], [-119.79437269314, 36.744255037358], [-119.794656692822, 36.7442560372053], [-119.79466269267, 36.7447740369486], [-119.794680693112, 36.7463280367947], [-119.79468669296, 36.7468470382015]]]}, "properties": {"GEOID": "060190006014001", "P0010001": 325, "ALAND": 36659, "AWATER": 0}}, {"type": "Feature", "geometry": {"type": "Polygon", "coordinates": [[[-119.795817692563, 36.7468350368397], [-119.795590692783, 36.7468370371868], [-119.794912692915, 36.7468440380412], [-119.79468669296, 36.7468470382015], [-119.794680693112, 36.7463280367947], [-119.79466269267, 36.7447740369486], [-119.794656692822, 36.7442560372053], [-119.794887692801, 36.744255037358], [-119.795580692737, 36.7442530369437], [-119.795812693439, 36.7442530369437], [-119.795813693264, 36.7447690370262], [-119.795816692739, 36.7463180371519], [-119.795817692563, 36.7468350368397]]]}, "properties": {"GEOID": "060190006014002", "P0010001": 240, "ALAND": 29314, "AWATER": 0}}, {"type": "Feature", "geometry": {"type": "Polygon", "coordinates": [[[-119.79686269375, 36.7460150369941], [-119.796858693552, 36.7466170368475], [-119.796857693727, 36.7468190369406], [-119.796649694213, 36.7468220371019], [-119.796024694049, 36.7468310368653], [-119.795817692563, 36.7468350368397], [-119.795816692739, 36.7463180371519], [-119.795813693264, 36.7447690370262], [-119.795812693439, 36.7442530369437], [-119.795811692716, 36.7441320373317], [-119.795811692716, 36.7437690373512], [-119.795811692716, 36.7436490368313], [-119.795993693189, 36.7436460372658], [-119.79654169336, 36.7436390368395], [-119.79672469276, 36.7436370371289], [-119.796729692783, 36.7437420369807], [-119.796745692676, 36.7440590368132], [-119.796809693149, 36.7441440369567], [-119.796846692959, 36.7441900371814], [-119.796849693332, 36.7444670370753], [-119.796860693202, 36.7454770367664], [-119.796864694298, 36.7458140367711], [-119.79686269375, 36.7460150369941]]]}, "properties": {"GEOID": "060190006014003", "P0010001": 0, "ALAND": 32328, "AWATER": 0}}, {"type": "Feature", "geometry": {"type": "Polygon", "coordinates": [[[-119.795812693439, 36.7442530369437], [-119.795580692737, 36.7442530369437], [-119.794887692801, 36.744255037358], [-119.794656692822, 36.7442560372053], [-119.794654693172, 36.7441350368782], [-119.794650692975, 36.7437740373388], [-119.79464969315, 36.7436540368267], [-119.794881692953, 36.7436520371165], [-119.795578693087, 36.7436500366864], [-119.795811692716, 36.7436490368313], [-119.795811692716, 36.7437690373512], [-119.795811692716, 36.7441320373317], [-119.795812693439, 36.7442530369437]]]}, "properties": {"GEOID": "060190006014004", "P0010001": 0, "ALAND": 6927, "AWATER": 0}}, {"type": "Feature", "geometry": {"type": "Polygon", "coordinates": [[[-119.794656692822, 36.7442560372053], [-119.79437269314, 36.744255037358], [-119.79352369267, 36.7442530369437], [-119.793240692813, 36.7442530369437], [-119.793239692988, 36.7441380371444], [-119.793239692988, 36.7437930367128], [-119.793239692988, 36.7436780369442], [-119.793520693195, 36.7436730369503], [-119.794367693117, 36.7436580369668], [-119.79464969315, 36.7436540368267], [-119.794650692975, 36.7437740373388], [-119.794654693172, 36.7441350368782], [-119.794656692822, 36.7442560372053]]]}, "properties": {"GEOID": "060190006014005", "P0010001": 0, "ALAND": 8242, "AWATER": 0}}, {"type": "Feature", "geometry": {"type": "Polygon", "coordinates": [[[-119.793240692813, 36.7442530369437], [-119.792972693024, 36.7442530369437], [-119.792171693133, 36.7442530369437], [-119.79190469317, 36.7442530369437], [-119.791903693345, 36.7440670370509], [-119.791900692073, 36.7435100366844], [-119.791900692073, 36.7433250370098], [-119.79216869276, 36.7433950372115], [-119.792359692556, 36.7434450373165], [-119.792523692587, 36.743496037246], [-119.792705693061, 36.7435690368603], [-119.7929106931, 36.743631037277], [-119.792964692628, 36.7436400366948], [-119.793119693337, 36.743669036811], [-119.793239692988, 36.7436780369442], [-119.793239692988, 36.7437930367128], [-119.793239692988, 36.7441380371444], [-119.793240692813, 36.7442530369437]]]}, "properties": {"GEOID": "060190006014006", "P0010001": 20, "ALAND": 9772, "AWATER": 0}}, {"type": "Feature", "geometry": {"type": "Polygon", "coordinates": [[[-119.788284691882, 36.7489830383571], [-119.788277693108, 36.7500170379269], [-119.78827569256, 36.7503620377286], [-119.788065693396, 36.750363038216], [-119.787479691793, 36.7503690382614], [-119.787436692135, 36.750370038029], [-119.787395692127, 36.7503710377965], [-119.787227691898, 36.7503770378412], [-119.787174692195, 36.7503770378412], [-119.787164692149, 36.7500280382991], [-119.787146691707, 36.749305037761], [-119.787134692012, 36.7489840381427], [-119.787123692141, 36.748637038323], [-119.787172691646, 36.7486360378131], [-119.787395692127, 36.7486360378131], [-119.788064691774, 36.7486380381132], [-119.788287692255, 36.7486390379033], [-119.788284691882, 36.7489830383571]]]}, "properties": {"GEOID": "060190006021000", "P0010001": 119, "ALAND": 19394, "AWATER": 0}}, {"type": "Feature", "geometry": {"type": "Polygon", "coordinates": [[[-119.789395693191, 36.7489860377139], [-119.789391692993, 36.7500290380712], [-119.789391692993, 36.7503770378412], [-119.789167692687, 36.7503740378189], [-119.788498693041, 36.7503650377513], [-119.78827569256, 36.7503620377286], [-119.788277693108, 36.7500170379269], [-119.788284691882, 36.7489830383571], [-119.788287692255, 36.7486390379033], [-119.788508692188, 36.7486390379033], [-119.789174693258, 36.7486390379033], [-119.789396693016, 36.7486390379033], [-119.789395693191, 36.7489860377139]]]}, "properties": {"GEOID": "060190006021001", "P0010001": 29, "ALAND": 19080, "AWATER": 0}}, {"type": "Feature", "geometry": {"type": "Polygon", "coordinates": [[[-119.790535693016, 36.7503200381173], [-119.790530692993, 36.7504160381205], [-119.790302693387, 36.7504080378249], [-119.789618692774, 36.7503840376529], [-119.789391692993, 36.7503770378412], [-119.789391692993, 36.7500290380712], [-119.789395693191, 36.7489860377139], [-119.789396693016, 36.7486390379033], [-119.789622692972, 36.7486350380229], [-119.790301692664, 36.7486270382614], [-119.790528693343, 36.748625037961], [-119.790529693168, 36.7489830383571], [-119.790533693366, 36.7500570381607], [-119.790535693016, 36.7503200381173]]]}, "properties": {"GEOID": "060190006021002", "P0010001": 8, "ALAND": 19904, "AWATER": 0}}, {"type": "Feature", "geometry": {"type": "Polygon", "coordinates": [[[-119.791930693109, 36.750430037736], [-119.791650692726, 36.7504270377158], [-119.790810693376, 36.7504180376544], [-119.790530692993, 36.7504160381205], [-119.790535693016, 36.7503200381173], [-119.790533693366, 36.7500570381607], [-119.790529693168, 36.7489830383571], [-119.790528693343, 36.748625037961], [-119.790526692795, 36.7482680378491], [-119.790522692597, 36.7471970383446], [-119.790521692772, 36.7468400380672], [-119.790799692607, 36.7468440380412], [-119.790864692904, 36.7468460376682], [-119.791635692658, 36.7468440380412], [-119.791914693215, 36.7468440380412], [-119.79191769269, 36.7475610377501], [-119.791926692911, 36.7497120377073], [-119.791930693109, 36.750430037736]]]}, "properties": {"GEOID": "060190006021003", "P0010001": 151, "ALAND": 49436, "AWATER": 0}}, {"type": "Feature", "geometry": {"type": "Polygon", "coordinates": [[[-119.790528693343, 36.748625037961], [-119.790301692664, 36.7486270382614], [-119.789622692972, 36.7486350380229], [-119.789396693016, 36.7486390379033], [-119.789395693191, 36.7482800382669], [-119.789393691745, 36.7472030379177], [-119.789393691745, 36.7468440380412], [-119.789553691578, 36.7468460376682], [-119.789618691876, 36.7468450378547], [-119.790295692816, 36.7468410378808], [-119.790521692772, 36.7468400380672], [-119.790522692597, 36.7471970383446], [-119.790526692795, 36.7482680378491], [-119.790528693343, 36.748625037961]]]}, "properties": {"GEOID": "060190006021004", "P0010001": 17, "ALAND": 20027, "AWATER": 0}}, {"type": "Feature", "geometry": {"type": "Polygon", "coordinates": [[[-119.789396693016, 36.7486390379033], [-119.789174693258, 36.7486390379033], [-119.788508692188, 36.7486390379033], [-119.788287692255, 36.7486390379033], [-119.788283692057, 36.7482790377523], [-119.788272692186, 36.7471990379624], [-119.788269691813, 36.7468400380672], [-119.788493692119, 36.7468400380672], [-119.789168691614, 36.7468430382276], [-119.789393691745, 36.7468440380412], [-119.789393691745, 36.7472030379177], [-119.789395693191, 36.7482800382669], [-119.789396693016, 36.7486390379033]]]}, "properties": {"GEOID": "060190006021005", "P0010001": 79, "ALAND": 19888, "AWATER": 0}}, {"type": "Feature", "geometry": {"type": "Polygon", "coordinates": [[[-119.788287692255, 36.7486390379033], [-119.788064691774, 36.7486380381132], [-119.787395692127, 36.7486360378131], [-119.787172691646, 36.7486360378131], [-119.787123692141, 36.748637038323], [-119.78711669157, 36.7482770381626], [-119.787098692027, 36.7471990379624], [-119.787092692179, 36.7468400380672], [-119.787104691874, 36.7468390382536], [-119.787142692407, 36.7468390382536], [-119.787155691928, 36.7468390382536], [-119.787377691686, 36.7468390382536], [-119.788046692231, 36.7468390382536], [-119.788269691813, 36.7468400380672], [-119.788272692186, 36.7471990379624], [-119.788283692057, 36.7482790377523], [-119.788287692255, 36.7486390379033]]]}, "properties": {"GEOID": "060190006021006", "P0010001": 138, "ALAND": 20857, "AWATER": 0}}, {"type": "Feature", "geometry": {"type": "Polygon", "coordinates": [[[-119.788271692362, 36.7453930379318], [-119.788269691813, 36.7464780377575], [-119.788269691813, 36.7468400380672], [-119.788046692231, 36.7468390382536], [-119.787377691686, 36.7468390382536], [-119.787155691928, 36.7468390382536], [-119.787142692407, 36.7468390382536], [-119.787104691874, 36.7468390382536], [-119.787092692179, 36.7468400380672], [-119.787089691806, 36.7455000379224], [-119.787089691806, 36.7450040380678], [-119.787125691791, 36.7450030382303], [-119.78735469212, 36.7450080381375], [-119.788042692033, 36.7450260380886], [-119.788272692186, 36.7450320378315], [-119.788271692362, 36.7453930379318]]]}, "properties": {"GEOID": "060190006021007", "P0010001": 125, "ALAND": 21312, "AWATER": 0}}, {"type": "Feature", "geometry": {"type": "Polygon", "coordinates": [[[-119.789398691768, 36.7453960381488], [-119.78939469157, 36.7464820377503], [-119.789393691745, 36.7468440380412], [-119.789168691614, 36.7468430382276], [-119.788493692119, 36.7468400380672], [-119.788269691813, 36.7468400380672], [-119.788269691813, 36.7464780377575], [-119.788271692362, 36.7453930379318], [-119.788272692186, 36.7450320378315], [-119.788497692317, 36.7450320378315], [-119.78917469236, 36.7450340382255], [-119.789400692316, 36.7450350380626], [-119.789398691768, 36.7453960381488]]]}, "properties": {"GEOID": "060190006021008", "P0010001": 37, "ALAND": 20182, "AWATER": 0}}, {"type": "Feature", "geometry": {"type": "Polygon", "coordinates": [[[-119.790521692772, 36.7468400380672], [-119.790295692816, 36.7468410378808], [-119.789618691876, 36.7468450378547], [-119.789553691578, 36.7468460376682], [-119.789393691745, 36.7468440380412], [-119.78939469157, 36.7464820377503], [-119.789398691768, 36.7453960381488], [-119.789400692316, 36.7450350380626], [-119.789621692249, 36.7450320378315], [-119.790284692047, 36.7450240376944], [-119.790506691805, 36.7450220380199], [-119.790508692353, 36.7453850378323], [-119.790517692574, 36.7464760381209], [-119.790521692772, 36.7468400380672]]]}, "properties": {"GEOID": "060190006021009", "P0010001": 13, "ALAND": 20084, "AWATER": 0}}, {"type": "Feature", "geometry": {"type": "Polygon", "coordinates": [[[-119.791914693215, 36.7468440380412], [-119.791635692658, 36.7468440380412], [-119.790864692904, 36.7468460376682], [-119.790799692607, 36.7468440380412], [-119.790521692772, 36.7468400380672], [-119.790517692574, 36.7464760381209], [-119.790508692353, 36.7453850378323], [-119.790506691805, 36.7450220380199], [-119.79050569198, 36.7448490379057], [-119.790504692156, 36.7443300381025], [-119.790504692156, 36.744157037868], [-119.790503692331, 36.7439860376649], [-119.790503692331, 36.7434740367866], [-119.790503692331, 36.7433040370808], [-119.790656691593, 36.743301036782], [-119.79081769215, 36.7432990370626], [-119.791116691901, 36.743301036782], [-119.791270691887, 36.7433030372211], [-119.791396692283, 36.7433070366597], [-119.791773691852, 36.7433200369929], [-119.791900692073, 36.7433250370098], [-119.791900692073, 36.7435100366844], [-119.791903693345, 36.7440670370509], [-119.79190469317, 36.7442530369437], [-119.791905692995, 36.7447710381469], [-119.791911692842, 36.7463250380537], [-119.791914693215, 36.7468440380412]]]}, "properties": {"GEOID": "060190006021010", "P0010001": 293, "ALAND": 49014, "AWATER": 0}}, {"type": "Feature", "geometry": {"type": "Polygon", "coordinates": [[[-119.791270691887, 36.7433030372211], [-119.791116691901, 36.743301036782], [-119.79081769215, 36.7432990370626], [-119.790656691593, 36.743301036782], [-119.790503692331, 36.7433040370808], [-119.790503692331, 36.7431440370561], [-119.79050769163, 36.7426640371402], [-119.790508692353, 36.7425350367859], [-119.790517691676, 36.7425060369611], [-119.790667692362, 36.7426650370082], [-119.791119692274, 36.7431430371944], [-119.791270691887, 36.7433030372211]]]}, "properties": {"GEOID": "060190006021011", "P0010001": 0, "ALAND": 3050, "AWATER": 0}}, {"type": "Feature", "geometry": {"type": "Polygon", "coordinates": [[[-119.790508692353, 36.7425350367859], [-119.79050769163, 36.7426640371402], [-119.790503692331, 36.7431440370561], [-119.790503692331, 36.7433040370808], [-119.790282692398, 36.7433050369404], [-119.789620692424, 36.7433100376781], [-119.789400692316, 36.7433130379766], [-119.789623691898, 36.7431510382474], [-119.790294692093, 36.7426680373318], [-119.790484692064, 36.7425320371769], [-119.790517691676, 36.7425060369611], [-119.790508692353, 36.7425350367859]]]}, "properties": {"GEOID": "060190006021012", "P0010001": 0, "ALAND": 4313, "AWATER": 0}}, {"type": "Feature", "geometry": {"type": "Polygon", "coordinates": [[[-119.791299692199, 36.7419270373198], [-119.790776692142, 36.7423000368222], [-119.790707691647, 36.7423540371287], [-119.790517691676, 36.7425060369611], [-119.790484692064, 36.7425320371769], [-119.790294692093, 36.7426680373318], [-119.789623691898, 36.7431510382474], [-119.789400692316, 36.7433130379766], [-119.789356691935, 36.7431550376939], [-119.789256692376, 36.7430650378612], [-119.788595692227, 36.7424640380888], [-119.788375692119, 36.7422640377964], [-119.788583691633, 36.742112036765], [-119.789208691797, 36.7416590372665], [-119.789417692034, 36.7415090369625], [-119.789620692424, 36.7413650371147], [-119.790229691796, 36.7409360370617], [-119.79043369201, 36.7407930367511], [-119.790642692248, 36.7409950370568], [-119.790794691685, 36.7411410366546], [-119.791283692305, 36.7415890369212], [-119.79149869239, 36.7417860371747], [-119.791299692199, 36.7419270373198]]]}, "properties": {"GEOID": "060190006021013", "P0010001": 0, "ALAND": 36028, "AWATER": 0}}, {"type": "Feature", "geometry": {"type": "Polygon", "coordinates": [[[-119.789400692316, 36.7433130379766], [-119.789171691987, 36.743312038117], [-119.788484691899, 36.7433090378185], [-119.788256692293, 36.7433080379589], [-119.78825169227, 36.7431450383575], [-119.788249691722, 36.7430690380319], [-119.787946691773, 36.7427870380796], [-119.787827691948, 36.7426770383023], [-119.787936691728, 36.7425940377115], [-119.788265691615, 36.7423460381521], [-119.788375692119, 36.7422640377964], [-119.788595692227, 36.7424640380888], [-119.789256692376, 36.7430650378612], [-119.789356691935, 36.7431550376939], [-119.789400692316, 36.7433130379766]]]}, "properties": {"GEOID": "060190006021014", "P0010001": 0, "ALAND": 8600, "AWATER": 0}}, {"type": "Feature", "geometry": {"type": "Polygon", "coordinates": [[[-119.789400692316, 36.7436570378316], [-119.789400692316, 36.7446900380643], [-119.789400692316, 36.7450350380626], [-119.78917469236, 36.7450340382255], [-119.788497692317, 36.7450320378315], [-119.788272692186, 36.7450320378315], [-119.788268691989, 36.7446870378197], [-119.788259691768, 36.7436520378364], [-119.788256692293, 36.7433080379589], [-119.788484691899, 36.7433090378185], [-119.789171691987, 36.743312038117], [-119.789400692316, 36.7433130379766], [-119.789400692316, 36.7436570378316]]]}, "properties": {"GEOID": "060190006021015", "P0010001": 69, "ALAND": 19401, "AWATER": 0}}, {"type": "Feature", "geometry": {"type": "Polygon", "coordinates": [[[-119.790506691805, 36.7450220380199], [-119.790284692047, 36.7450240376944], [-119.789621692249, 36.7450320378315], [-119.789400692316, 36.7450350380626], [-119.789400692316, 36.7446900380643], [-119.789400692316, 36.7436570378316], [-119.789400692316, 36.7433130379766], [-119.789620692424, 36.7433100376781], [-119.790282692398, 36.7433050369404], [-119.790503692331, 36.7433040370808], [-119.790503692331, 36.7434740367866], [-119.790503692331, 36.7439860376649], [-119.790504692156, 36.744157037868], [-119.790504692156, 36.7443300381025], [-119.79050569198, 36.7448490379057], [-119.790506691805, 36.7450220380199]]]}, "properties": {"GEOID": "060190006021016", "P0010001": 0, "ALAND": 18822, "AWATER": 0}}, {"type": "Feature", "geometry": {"type": "Polygon", "coordinates": [[[-119.789208691797, 36.7416590372665], [-119.788583691633, 36.742112036765], [-119.788375692119, 36.7422640377964], [-119.788158692384, 36.7420650382984], [-119.787508692105, 36.7414700371954], [-119.787292692195, 36.7412720369645], [-119.787492692212, 36.7411260368961], [-119.788095691736, 36.7406910368652], [-119.788297692301, 36.7405460370268], [-119.788521691709, 36.7407380368929], [-119.789193691728, 36.7413160369799], [-119.789417692034, 36.7415090369625], [-119.789208691797, 36.7416590372665]]]}, "properties": {"GEOID": "060190006021017", "P0010001": 0, "ALAND": 18003, "AWATER": 0}}, {"type": "Feature", "geometry": {"type": "Polygon", "coordinates": [[[-119.788265691615, 36.7423460381521], [-119.787936691728, 36.7425940377115], [-119.787827691948, 36.7426770383023], [-119.787739692084, 36.7427360376789], [-119.787475691595, 36.7429150381455], [-119.787388691556, 36.742975037923], [-119.787311691564, 36.7429080376526], [-119.787082692133, 36.7427070379299], [-119.787006691965, 36.7426410380137], [-119.786859691652, 36.7425130382106], [-119.786420691261, 36.7421300381152], [-119.786274690773, 36.7420030380564], [-119.786477691162, 36.7418560380602], [-119.787088691082, 36.7414180381949], [-119.787292692195, 36.7412720369645], [-119.787508692105, 36.7414700371954], [-119.788158692384, 36.7420650382984], [-119.788375692119, 36.7422640377964], [-119.788265691615, 36.7423460381521]]]}, "properties": {"GEOID": "060190006021018", "P0010001": 44, "ALAND": 17692, "AWATER": 0}}, {"type": "Feature", "geometry": {"type": "Polygon", "coordinates": [[[-119.788256692293, 36.7433080379589], [-119.788028691789, 36.7433080379589], [-119.787344692074, 36.7433100376781], [-119.787117692293, 36.743312038117], [-119.787097692202, 36.7433130379766], [-119.787039691577, 36.7433150376956], [-119.787020692209, 36.7433170381344], [-119.78700569214, 36.7433170381344], [-119.786961691759, 36.7433190378533], [-119.786947692414, 36.7433200377128], [-119.786954692087, 36.7433000376421], [-119.786985692049, 36.7432860381655], [-119.786995692094, 36.7432780378463], [-119.787069691714, 36.7432120377012], [-119.78715169173, 36.7431410381907], [-119.787306692439, 36.7430320380641], [-119.787388691556, 36.742975037923], [-119.787475691595, 36.7429150381455], [-119.787739692084, 36.7427360376789], [-119.787827691948, 36.7426770383023], [-119.787946691773, 36.7427870380796], [-119.788249691722, 36.7430690380319], [-119.78825169227, 36.7431450383575], [-119.788256692293, 36.7433080379589]]]}, "properties": {"GEOID": "060190006021019", "P0010001": 21, "ALAND": 4703, "AWATER": 0}}, {"type": "Feature", "geometry": {"type": "Polygon", "coordinates": [[[-119.788272692186, 36.7450320378315], [-119.788042692033, 36.7450260380886], [-119.78735469212, 36.7450080381375], [-119.787125691791, 36.7450030382303], [-119.787089691806, 36.7450040380678], [-119.787095691653, 36.7441000378427], [-119.787092692179, 36.7436960379271], [-119.787055692369, 36.7434080382497], [-119.787020692209, 36.7433170381344], [-119.787039691577, 36.7433150376956], [-119.787097692202, 36.7433130379766], [-119.787117692293, 36.743312038117], [-119.787344692074, 36.7433100376781], [-119.788028691789, 36.7433080379589], [-119.788256692293, 36.7433080379589], [-119.788259691768, 36.7436520378364], [-119.788268691989, 36.7446870378197], [-119.788272692186, 36.7450320378315]]]}, "properties": {"GEOID": "060190006021020", "P0010001": 98, "ALAND": 19923, "AWATER": 0}}, {"type": "Feature", "geometry": {"type": "Polygon", "coordinates": [[[-119.790229691796, 36.7409360370617], [-119.789620692424, 36.7413650371147], [-119.789417692034, 36.7415090369625], [-119.789193691728, 36.7413160369799], [-119.788521691709, 36.7407380368929], [-119.788297692301, 36.7405460370268], [-119.78850469199, 36.7403970373247], [-119.789126691781, 36.7399520370092], [-119.789334692193, 36.7398040367791], [-119.789553691578, 36.740001037295], [-119.790213691902, 36.7405950369333], [-119.79043369201, 36.7407930367511], [-119.790229691796, 36.7409360370617]]]}, "properties": {"GEOID": "060190006021021", "P0010001": 17, "ALAND": 17943, "AWATER": 0}}, {"type": "Feature", "geometry": {"type": "Polygon", "coordinates": [[[-119.791248692145, 36.740220037264], [-119.790828692021, 36.740521036754], [-119.79063869205, 36.7406510367882], [-119.79043369201, 36.7407930367511], [-119.790213691902, 36.7405950369333], [-119.789553691578, 36.740001037295], [-119.789334692193, 36.7398040367791], [-119.789538692408, 36.7396600373319], [-119.790151691978, 36.7392310371076], [-119.790356692018, 36.7390880372199], [-119.790578691775, 36.7392810370457], [-119.790821692348, 36.7394920369155], [-119.791234691901, 36.7398740373127], [-119.791451691636, 36.7400750372558], [-119.791248692145, 36.740220037264]]]}, "properties": {"GEOID": "060190006021022", "P0010001": 44, "ALAND": 17904, "AWATER": 0}}, {"type": "Feature", "geometry": {"type": "Polygon", "coordinates": [[[-119.792317691825, 36.7411970368309], [-119.791702691707, 36.7416380368817], [-119.79149869239, 36.7417860371747], [-119.791283692305, 36.7415890369212], [-119.790794691685, 36.7411410366546], [-119.790642692248, 36.7409950370568], [-119.79043369201, 36.7407930367511], [-119.79063869205, 36.7406510367882], [-119.790828692021, 36.740521036754], [-119.791248692145, 36.740220037264], [-119.791451691636, 36.7400750372558], [-119.791665691897, 36.7402700372777], [-119.792308691604, 36.7408550372507], [-119.792523691689, 36.7410500367308], [-119.792317691825, 36.7411970368309]]]}, "properties": {"GEOID": "060190006021023", "P0010001": 0, "ALAND": 17678, "AWATER": 0}}, {"type": "Feature", "geometry": {"type": "Polygon", "coordinates": [[[-119.79340369302, 36.7422000372473], [-119.792793692924, 36.7426370371007], [-119.792590693433, 36.7427840370407], [-119.792371692252, 36.7425840368624], [-119.79171669195, 36.7419850366764], [-119.79149869239, 36.7417860371747], [-119.791702691707, 36.7416380368817], [-119.792317691825, 36.7411970368309], [-119.792523691689, 36.7410500367308], [-119.792739691599, 36.7412510371936], [-119.793390692601, 36.7418540368635], [-119.793607693234, 36.7420550366605], [-119.79340369302, 36.7422000372473]]]}, "properties": {"GEOID": "060190006021024", "P0010001": 3, "ALAND": 18028, "AWATER": 0}}, {"type": "Feature", "geometry": {"type": "Polygon", "coordinates": [[[-119.794679693287, 36.7431600370016], [-119.794656692822, 36.7435300367003], [-119.79464969315, 36.7436540368267], [-119.794367693117, 36.7436580369668], [-119.793520693195, 36.7436730369503], [-119.793239692988, 36.7436780369442], [-119.79323369314, 36.7434440367388], [-119.79323369314, 36.7434260371364], [-119.793190692584, 36.7433280373077], [-119.792763692787, 36.7429410367832], [-119.792590693433, 36.7427840370407], [-119.792793692924, 36.7426370371007], [-119.79340369302, 36.7422000372473], [-119.793607693234, 36.7420550366605], [-119.793823693144, 36.7422510372843], [-119.794471692874, 36.7428400367381], [-119.794687692784, 36.74303703666], [-119.794679693287, 36.7431600370016]]]}, "properties": {"GEOID": "060190006021025", "P0010001": 16, "ALAND": 20682, "AWATER": 0}}, {"type": "Feature", "geometry": {"type": "Polygon", "coordinates": [[[-119.796762693293, 36.743356036963], [-119.796744692851, 36.7433960370699], [-119.796729692783, 36.7435650367157], [-119.79672469276, 36.7436370371289], [-119.79654169336, 36.7436390368395], [-119.795993693189, 36.7436460372658], [-119.795811692716, 36.7436490368313], [-119.795578693087, 36.7436500366864], [-119.794881692953, 36.7436520371165], [-119.79464969315, 36.7436540368267], [-119.794656692822, 36.7435300367003], [-119.794679693287, 36.7431600370016], [-119.794687692784, 36.74303703666], [-119.794894693372, 36.7428910370697], [-119.795515693338, 36.7424550370935], [-119.795723692852, 36.7423100369884], [-119.795937693112, 36.7425060369611], [-119.796579692995, 36.7430950373372], [-119.796793693255, 36.7432920373245], [-119.796762693293, 36.743356036963]]]}, "properties": {"GEOID": "060190006021026", "P0010001": 57, "ALAND": 18927, "AWATER": 0}}, {"type": "Feature", "geometry": {"type": "Polygon", "coordinates": [[[-119.795515693338, 36.7424550370935], [-119.794894693372, 36.7428910370697], [-119.794687692784, 36.74303703666], [-119.794471692874, 36.7428400367381], [-119.793823693144, 36.7422510372843], [-119.793607693234, 36.7420550366605], [-119.793812693274, 36.741908036764], [-119.794430692866, 36.7414700371954], [-119.794636692731, 36.7413240367838], [-119.794853693364, 36.7415210369976], [-119.795505693292, 36.742112036765], [-119.795723692852, 36.7423100369884], [-119.795515693338, 36.7424550370935]]]}, "properties": {"GEOID": "060190006021027", "P0010001": 190, "ALAND": 17894, "AWATER": 0}}, {"type": "Feature", "geometry": {"type": "Polygon", "coordinates": [[[-119.794430692866, 36.7414700371954], [-119.793812693274, 36.741908036764], [-119.793607693234, 36.7420550366605], [-119.793390692601, 36.7418540368635], [-119.792739691599, 36.7412510371936], [-119.792523691689, 36.7410500367308], [-119.792730692277, 36.7409080372434], [-119.793354691717, 36.7404840369975], [-119.79356269213, 36.740343037081], [-119.79377669239, 36.7405390370376], [-119.794421692646, 36.7411270367841], [-119.794636692731, 36.7413240367838], [-119.794430692866, 36.7414700371954]]]}, "properties": {"GEOID": "060190006021028", "P0010001": 7, "ALAND": 17870, "AWATER": 0}}, {"type": "Feature", "geometry": {"type": "Polygon", "coordinates": [[[-119.793239692988, 36.7436780369442], [-119.793119693337, 36.743669036811], [-119.792964692628, 36.7436400366948], [-119.7929106931, 36.743631037277], [-119.792705693061, 36.7435690368603], [-119.792523692587, 36.743496037246], [-119.792359692556, 36.7434450373165], [-119.79216869276, 36.7433950372115], [-119.791900692073, 36.7433250370098], [-119.792031691595, 36.7432340367961], [-119.792043692188, 36.7432240367502], [-119.792453693166, 36.7428940366647], [-119.792590693433, 36.7427840370407], [-119.792763692787, 36.7429410367832], [-119.793190692584, 36.7433280373077], [-119.79323369314, 36.7434260371364], [-119.79323369314, 36.7434440367388], [-119.793239692988, 36.7436780369442]]]}, "properties": {"GEOID": "060190006021029", "P0010001": 0, "ALAND": 5903, "AWATER": 0}}, {"type": "Feature", "geometry": {"type": "Polygon", "coordinates": [[[-119.792453693166, 36.7428940366647], [-119.792043692188, 36.7432240367502], [-119.792031691595, 36.7432340367961], [-119.791900692073, 36.7433250370098], [-119.791773691852, 36.7433200369929], [-119.791396692283, 36.7433070366597], [-119.791270691887, 36.7433030372211], [-119.791119692274, 36.7431430371944], [-119.790667692362, 36.7426650370082], [-119.790517691676, 36.7425060369611], [-119.790707691647, 36.7423540371287], [-119.790776692142, 36.7423000368222], [-119.791299692199, 36.7419270373198], [-119.79149869239, 36.7417860371747], [-119.79171669195, 36.7419850366764], [-119.792371692252, 36.7425840368624], [-119.792590693433, 36.7427840370407], [-119.792453693166, 36.7428940366647]]]}, "properties": {"GEOID": "060190006021030", "P0010001": 0, "ALAND": 17780, "AWATER": 0}}, {"type": "Feature", "geometry": {"type": "Polygon", "coordinates": [[[-119.787088691082, 36.7414180381949], [-119.786477691162, 36.7418560380602], [-119.786274690773, 36.7420030380564], [-119.786054690665, 36.7417970380071], [-119.785476691255, 36.741259037724], [-119.785389691216, 36.7411870379594], [-119.785158691237, 36.7409960376664], [-119.785361690729, 36.7408480380096], [-119.785970690999, 36.740407037019], [-119.786174691214, 36.7402600368457], [-119.786397690796, 36.7404620371144], [-119.787068690991, 36.7410690367792], [-119.787292692195, 36.7412720369645], [-119.787088691082, 36.7414180381949]]]}, "properties": {"GEOID": "060190006021031", "P0010001": 0, "ALAND": 18160, "AWATER": 0}}, {"type": "Feature", "geometry": {"type": "Polygon", "coordinates": [[[-119.788095691736, 36.7406910368652], [-119.787492692212, 36.7411260368961], [-119.787292692195, 36.7412720369645], [-119.787068690991, 36.7410690367792], [-119.786397690796, 36.7404620371144], [-119.786174691214, 36.7402600368457], [-119.786381690903, 36.7401140370118], [-119.787005691242, 36.7396760372839], [-119.787213690756, 36.7395310369678], [-119.787429690666, 36.7397340369016], [-119.788080691668, 36.740343037081], [-119.788297692301, 36.7405460370268], [-119.788095691736, 36.7406910368652]]]}, "properties": {"GEOID": "060190006021032", "P0010001": 13, "ALAND": 18198, "AWATER": 0}}, {"type": "Feature", "geometry": {"type": "Polygon", "coordinates": [[[-119.789126691781, 36.7399520370092], [-119.78850469199, 36.7403970373247], [-119.788297692301, 36.7405460370268], [-119.788080691668, 36.740343037081], [-119.787429690666, 36.7397340369016], [-119.787213690756, 36.7395310369678], [-119.787414690597, 36.7393850371871], [-119.788020691393, 36.738951037284], [-119.788222691059, 36.7388060370382], [-119.788444690817, 36.7390050370672], [-119.789111691712, 36.7396040367541], [-119.789334692193, 36.7398040367791], [-119.789126691781, 36.7399520370092]]]}, "properties": {"GEOID": "060190006021033", "P0010001": 0, "ALAND": 18192, "AWATER": 0}}, {"type": "Feature", "geometry": {"type": "Polygon", "coordinates": [[[-119.790151691978, 36.7392310371076], [-119.789538692408, 36.7396600373319], [-119.789334692193, 36.7398040367791], [-119.789111691712, 36.7396040367541], [-119.788444690817, 36.7390050370672], [-119.788222691059, 36.7388060370382], [-119.788424690726, 36.7386600373182], [-119.789033690996, 36.7382240370638], [-119.789236691386, 36.7380790368845], [-119.789460691692, 36.7382800372087], [-119.790132691712, 36.7388860369346], [-119.790356692018, 36.7390880372199], [-119.790151691978, 36.7392310371076]]]}, "properties": {"GEOID": "060190006021034", "P0010001": 0, "ALAND": 18110, "AWATER": 0}}, {"type": "Feature", "geometry": {"type": "Polygon", "coordinates": [[[-119.789033690996, 36.7382240370638], [-119.788424690726, 36.7386600373182], [-119.788222691059, 36.7388060370382], [-119.787985691233, 36.7385880372752], [-119.787277691228, 36.7379360370103], [-119.787041691227, 36.7377190368686], [-119.787245691441, 36.7375730372409], [-119.787857691186, 36.7371350366915], [-119.788061691401, 36.7369890366729], [-119.788296690679, 36.7372070366576], [-119.788525691008, 36.7374190371255], [-119.789001691209, 36.737860037286], [-119.789236691386, 36.7380790368845], [-119.789033690996, 36.7382240370638]]]}, "properties": {"GEOID": "060190006021035", "P0010001": 0, "ALAND": 19476, "AWATER": 0}}, {"type": "Feature", "geometry": {"type": "Polygon", "coordinates": [[[-119.788020691393, 36.738951037284], [-119.787414690597, 36.7393850371871], [-119.787213690756, 36.7395310369678], [-119.78697469128, 36.7393150369275], [-119.786258690879, 36.7386700372389], [-119.786020691228, 36.738456036781], [-119.786224691442, 36.7383080372658], [-119.786836691187, 36.7378660368691], [-119.787041691227, 36.7377190368686], [-119.787277691228, 36.7379360370103], [-119.787985691233, 36.7385880372752], [-119.788222691059, 36.7388060370382], [-119.788020691393, 36.738951037284]]]}, "properties": {"GEOID": "060190006021036", "P0010001": 0, "ALAND": 19471, "AWATER": 0}}, {"type": "Feature", "geometry": {"type": "Polygon", "coordinates": [[[-119.787005691242, 36.7396760372839], [-119.786381690903, 36.7401140370118], [-119.786174691214, 36.7402600368457], [-119.785938691212, 36.740043036795], [-119.785232690857, 36.7393920372816], [-119.785086691267, 36.7392570369931], [-119.784996690856, 36.7391770367635], [-119.784793691364, 36.7389970370218], [-119.784184691094, 36.7384570367038], [-119.783982691427, 36.7382780373585], [-119.784188691292, 36.7381310367073], [-119.784806690885, 36.7376940371148], [-119.785013690574, 36.7375480367196], [-119.785214691314, 36.7377290369119], [-119.785818690663, 36.738274036938], [-119.786020691228, 36.738456036781], [-119.786258690879, 36.7386700372389], [-119.78697469128, 36.7393150369275], [-119.787213690756, 36.7395310369678], [-119.787005691242, 36.7396760372839]]]}, "properties": {"GEOID": "060190006021037", "P0010001": 0, "ALAND": 36012, "AWATER": 0}}, {"type": "Feature", "geometry": {"type": "Polygon", "coordinates": [[[-119.785970690999, 36.740407037019], [-119.785361690729, 36.7408480380096], [-119.785158691237, 36.7409960376664], [-119.784944690977, 36.7407950379755], [-119.78430369092, 36.7401940377046], [-119.784090691383, 36.7399940379759], [-119.783869690551, 36.739794037726], [-119.783206690752, 36.7391960379954], [-119.782985690819, 36.7389970377417], [-119.783072690858, 36.7389290376814], [-119.783336691347, 36.738729038256], [-119.783424691211, 36.7386620371585], [-119.78353569064, 36.7385850367921], [-119.783870691274, 36.738354036669], [-119.783982691427, 36.7382780373585], [-119.784184691094, 36.7384570367038], [-119.784793691364, 36.7389970370218], [-119.784996690856, 36.7391770367635], [-119.785086691267, 36.7392570369931], [-119.785232690857, 36.7393920372816], [-119.785938691212, 36.740043036795], [-119.786174691214, 36.7402600368457], [-119.785970690999, 36.740407037019]]]}, "properties": {"GEOID": "060190006021038", "P0010001": 0, "ALAND": 35676, "AWATER": 0}}, {"type": "Feature", "geometry": {"type": "Polygon", "coordinates": [[[-119.783336691347, 36.738729038256], [-119.783072690858, 36.7389290376814], [-119.782985690819, 36.7389970377417], [-119.782974690949, 36.7390040378715], [-119.782943690987, 36.7390260381725], [-119.782933690941, 36.7390340382149], [-119.782842690704, 36.7389410381199], [-119.782569689995, 36.7386650383586], [-119.782478689758, 36.7385740376589], [-119.781488689721, 36.7376420377159], [-119.778577689161, 36.7350150366983], [-119.779027689423, 36.734698036949], [-119.779238690209, 36.7348890370751], [-119.779873690418, 36.7354640366855], [-119.780085690131, 36.7356560370248], [-119.780251689812, 36.7358070372056], [-119.780318689759, 36.7358660368236], [-119.781024690114, 36.7364900366826], [-119.781260690115, 36.7366990371339], [-119.781473689652, 36.7368920372072], [-119.78211269006, 36.7374710366755], [-119.782325689597, 36.7376650369006], [-119.78254468988, 36.7378640370081], [-119.783204691103, 36.7384620370374], [-119.783424691211, 36.7386620371585], [-119.783336691347, 36.738729038256]]]}, "properties": {"GEOID": "060190006021039", "P0010001": 0, "ALAND": 32274, "AWATER": 0}}, {"type": "Feature", "geometry": {"type": "Polygon", "coordinates": [[[-119.782765689813, 36.7373450367639], [-119.7824356901, 36.7375840372373], [-119.782325689597, 36.7376650369006], [-119.78211269006, 36.7374710366755], [-119.781473689652, 36.7368920372072], [-119.781260690115, 36.7366990371339], [-119.78137068972, 36.7366170372245], [-119.781702689981, 36.7363750367703], [-119.781813690309, 36.7362940371856], [-119.782025690021, 36.7364880367858], [-119.782348690062, 36.736783036845], [-119.782662689881, 36.7370700369641], [-119.782875690316, 36.7372650367012], [-119.782765689813, 36.7373450367639]]]}, "properties": {"GEOID": "060190006021040", "P0010001": 0, "ALAND": 9535, "AWATER": 0}}, {"type": "Feature", "geometry": {"type": "Polygon", "coordinates": [[[-119.781702689981, 36.7363750367703], [-119.78137068972, 36.7366170372245], [-119.781260690115, 36.7366990371339], [-119.781024690114, 36.7364900366826], [-119.780318689759, 36.7358660368236], [-119.780251689812, 36.7358070372056], [-119.780085690131, 36.7356560370248], [-119.780200689758, 36.7355720368004], [-119.780549689738, 36.735322036943], [-119.780665690089, 36.7352390370378], [-119.780894690417, 36.7354500372194], [-119.781583690156, 36.7360830371641], [-119.781813690309, 36.7362940371856], [-119.781702689981, 36.7363750367703]]]}, "properties": {"GEOID": "060190006021041", "P0010001": 0, "ALAND": 10637, "AWATER": 0}}, {"type": "Feature", "geometry": {"type": "Polygon", "coordinates": [[[-119.783870691274, 36.738354036669], [-119.78353569064, 36.7385850367921], [-119.783424691211, 36.7386620371585], [-119.783204691103, 36.7384620370374], [-119.78254468988, 36.7378640370081], [-119.782325689597, 36.7376650369006], [-119.7824356901, 36.7375840372373], [-119.782765689813, 36.7373450367639], [-119.782875690316, 36.7372650367012], [-119.783096690249, 36.7374670369328], [-119.783760690771, 36.7380750371735], [-119.783982691427, 36.7382780373585], [-119.783870691274, 36.738354036669]]]}, "properties": {"GEOID": "060190006021042", "P0010001": 9, "ALAND": 9802, "AWATER": 0}}, {"type": "Feature", "geometry": {"type": "Polygon", "coordinates": [[[-119.785013690574, 36.7375480367196], [-119.784806690885, 36.7376940371148], [-119.784188691292, 36.7381310367073], [-119.783982691427, 36.7382780373585], [-119.783760690771, 36.7380750371735], [-119.783096690249, 36.7374670369328], [-119.782875690316, 36.7372650367012], [-119.782662689881, 36.7370700369641], [-119.782348690062, 36.736783036845], [-119.782394690092, 36.7367460367265], [-119.782436689925, 36.7367120371467], [-119.782476690108, 36.7366740370479], [-119.782517690116, 36.7366390367698], [-119.782566689622, 36.7366010373548], [-119.782633689569, 36.7365490372155], [-119.782709689737, 36.736494037196], [-119.782788690278, 36.7364400370862], [-119.782862689898, 36.7363860369384], [-119.782918689974, 36.7363460367777], [-119.783121690364, 36.7362100369395], [-119.783170689869, 36.7361750371697], [-119.783319689832, 36.736069037091], [-119.783369690061, 36.736034037257], [-119.783440690206, 36.7361000370952], [-119.783795690033, 36.7364270370274], [-119.783914689859, 36.7365370371231], [-119.784021689989, 36.7366350369838], [-119.784342691278, 36.7369310371407], [-119.784450691233, 36.7370300371599], [-119.784562691386, 36.7371330368115], [-119.784900690596, 36.7374440369689], [-119.785013690574, 36.7375480367196]]]}, "properties": {"GEOID": "060190006021043", "P0010001": 0, "ALAND": 27430, "AWATER": 0}}, {"type": "Feature", "geometry": {"type": "Polygon", "coordinates": [[[-119.786072691106, 36.7368280372181], [-119.785860691394, 36.7369720369387], [-119.78522469136, 36.7374030367031], [-119.785013690574, 36.7375480367196], [-119.784900690596, 36.7374440369689], [-119.784562691386, 36.7371330368115], [-119.784450691233, 36.7370300371599], [-119.784342691278, 36.7369310371407], [-119.784021689989, 36.7366350369838], [-119.783914689859, 36.7365370371231], [-119.784126689571, 36.7363890367876], [-119.784763691227, 36.7359490367708], [-119.784976690764, 36.735802036699], [-119.785078690871, 36.7358970369098], [-119.785384691193, 36.7361840367418], [-119.785487691125, 36.736280037151], [-119.785604691301, 36.7363890367876], [-119.78595569093, 36.7367180368195], [-119.786072691106, 36.7368280372181]]]}, "properties": {"GEOID": "060190006021044", "P0010001": 0, "ALAND": 18624, "AWATER": 0}}, {"type": "Feature", "geometry": {"type": "Polygon", "coordinates": [[[-119.787041691227, 36.7377190368686], [-119.786836691187, 36.7378660368691], [-119.786224691442, 36.7383080372658], [-119.786020691228, 36.738456036781], [-119.785818690663, 36.738274036938], [-119.785214691314, 36.7377290369119], [-119.785013690574, 36.7375480367196], [-119.78522469136, 36.7374030367031], [-119.785860691394, 36.7369720369387], [-119.786072691106, 36.7368280372181], [-119.786265690552, 36.7370060371233], [-119.786847691058, 36.7375400372422], [-119.787041691227, 36.7377190368686]]]}, "properties": {"GEOID": "060190006021045", "P0010001": 0, "ALAND": 16406, "AWATER": 0}}, {"type": "Feature", "geometry": {"type": "Polygon", "coordinates": [[[-119.788061691401, 36.7369890366729], [-119.787857691186, 36.7371350366915], [-119.787245691441, 36.7375730372409], [-119.787041691227, 36.7377190368686], [-119.786847691058, 36.7375400372422], [-119.786265690552, 36.7370060371233], [-119.786072691106, 36.7368280372181], [-119.786272691123, 36.7366770368859], [-119.786875690647, 36.7362260368906], [-119.787076691387, 36.7360760367679], [-119.78727369103, 36.7362580367828], [-119.787864690859, 36.736806037007], [-119.788061691401, 36.7369890366729]]]}, "properties": {"GEOID": "060190006021046", "P0010001": 0, "ALAND": 16234, "AWATER": 0}}, {"type": "Feature", "geometry": {"type": "Polygon", "coordinates": [[[-119.786875690647, 36.7362260368906], [-119.786272691123, 36.7366770368859], [-119.786072691106, 36.7368280372181], [-119.78595569093, 36.7367180368195], [-119.785604691301, 36.7363890367876], [-119.785487691125, 36.736280037151], [-119.785384691193, 36.7361840367418], [-119.785078690871, 36.7358970369098], [-119.784976690764, 36.735802036699], [-119.785183691352, 36.7356690372142], [-119.785219691337, 36.7356470366709], [-119.785779691203, 36.735230037355], [-119.785977690672, 36.7350840373129], [-119.786196690955, 36.7352820369479], [-119.786856691279, 36.7358770370647], [-119.787076691387, 36.7360760367679], [-119.786875690647, 36.7362260368906]]]}, "properties": {"GEOID": "060190006021047", "P0010001": 0, "ALAND": 17920, "AWATER": 0}}, {"type": "Feature", "geometry": {"type": "Polygon", "coordinates": [[[-119.785779691203, 36.735230037355], [-119.785219691337, 36.7356470366709], [-119.785183691352, 36.7356690372142], [-119.784976690764, 36.735802036699], [-119.78485369074, 36.7356950368663], [-119.784485689596, 36.7353770370823], [-119.784419690372, 36.7353190370521], [-119.784208689587, 36.7354620367619], [-119.783578690298, 36.7358910371728], [-119.783369690061, 36.736034037257], [-119.783322690205, 36.7359910370482], [-119.783229690319, 36.7359050372784], [-119.783130689686, 36.7358150368636], [-119.782946689563, 36.7356540371062], [-119.782852689852, 36.7355720368004], [-119.783059690439, 36.7354290372955], [-119.783680690405, 36.7350010371504], [-119.783888689919, 36.7348590372714], [-119.784088689936, 36.7347080366659], [-119.784688689986, 36.7342590372967], [-119.784889689827, 36.7341100369097], [-119.785106689562, 36.7343040369895], [-119.785759691112, 36.7348890370751], [-119.785977690672, 36.7350840373129], [-119.785779691203, 36.735230037355]]]}, "properties": {"GEOID": "060190006021048", "P0010001": 0, "ALAND": 25983, "AWATER": 0}}, {"type": "Feature", "geometry": {"type": "Polygon", "coordinates": [[[-119.783369690061, 36.736034037257], [-119.783319689832, 36.736069037091], [-119.783170689869, 36.7361750371697], [-119.783121690364, 36.7362100369395], [-119.782918689974, 36.7363460367777], [-119.782862689898, 36.7363860369384], [-119.782788690278, 36.7364400370862], [-119.782709689737, 36.736494037196], [-119.782633689569, 36.7365490372155], [-119.782566689622, 36.7366010373548], [-119.782517690116, 36.7366390367698], [-119.782476690108, 36.7366740370479], [-119.782436689925, 36.7367120371467], [-119.782394690092, 36.7367460367265], [-119.782348690062, 36.736783036845], [-119.782025690021, 36.7364880367858], [-119.781813690309, 36.7362940371856], [-119.782020689999, 36.7361480370074], [-119.78257969004, 36.7357570371643], [-119.78264268979, 36.7357130368419], [-119.782852689852, 36.7355720368004], [-119.782946689563, 36.7356540371062], [-119.783130689686, 36.7358150368636], [-119.783229690319, 36.7359050372784], [-119.783322690205, 36.7359910370482], [-119.783369690061, 36.736034037257]]]}, "properties": {"GEOID": "060190006021049", "P0010001": 0, "ALAND": 8600, "AWATER": 0}}, {"type": "Feature", "geometry": {"type": "Polygon", "coordinates": [[[-119.78264268979, 36.7357130368419], [-119.78257969004, 36.7357570371643], [-119.782020689999, 36.7361480370074], [-119.781813690309, 36.7362940371856], [-119.781583690156, 36.7360830371641], [-119.780894690417, 36.7354500372194], [-119.780665690089, 36.7352390370378], [-119.779619689975, 36.734277036889], [-119.780657689693, 36.7335430371319], [-119.780791689587, 36.7336420372006], [-119.781727690096, 36.7345280372437], [-119.78186368964, 36.7346570366564], [-119.781950689678, 36.7347380372484], [-119.782626689896, 36.7353630368804], [-119.782852689852, 36.7355720368004], [-119.78264268979, 36.7357130368419]]]}, "properties": {"GEOID": "060190006021050", "P0010001": 0, "ALAND": 36794, "AWATER": 0}}, {"type": "Feature", "geometry": {"type": "Polygon", "coordinates": [[[-119.780549689738, 36.735322036943], [-119.780200689758, 36.7355720368004], [-119.780085690131, 36.7356560370248], [-119.779873690418, 36.7354640366855], [-119.779238690209, 36.7348890370751], [-119.779027689423, 36.734698036949], [-119.779619689975, 36.734277036889], [-119.780665690089, 36.7352390370378], [-119.780549689738, 36.735322036943]]]}, "properties": {"GEOID": "060190006021051", "P0010001": 0, "ALAND": 9941, "AWATER": 0}}, {"type": "Feature", "geometry": {"type": "Polygon", "coordinates": [[[-119.784688689986, 36.7342590372967], [-119.784088689936, 36.7347080366659], [-119.783888689919, 36.7348590372714], [-119.783680690405, 36.7350010371504], [-119.783059690439, 36.7354290372955], [-119.782852689852, 36.7355720368004], [-119.782626689896, 36.7353630368804], [-119.781950689678, 36.7347380372484], [-119.78186368964, 36.7346570366564], [-119.781727690096, 36.7345280372437], [-119.780791689587, 36.7336420372006], [-119.780657689693, 36.7335430371319], [-119.781669690369, 36.7328320367495], [-119.781874690409, 36.7326850371887], [-119.782491690177, 36.7322480368323], [-119.782697690041, 36.7321020368788], [-119.782916690324, 36.7323030370139], [-119.783575689925, 36.7329060371418], [-119.783795690033, 36.7331080373244], [-119.784013689593, 36.7333080369958], [-119.784670690442, 36.7339090371857], [-119.784889689827, 36.7341100369097], [-119.784688689986, 36.7342590372967]]]}, "properties": {"GEOID": "060190006021052", "P0010001": 0, "ALAND": 72447, "AWATER": 0}}, {"type": "Feature", "geometry": {"type": "Polygon", "coordinates": [[[-119.785712690358, 36.7335230366734], [-119.785094689867, 36.7339630369161], [-119.784889689827, 36.7341100369097], [-119.784670690442, 36.7339090371857], [-119.784013689593, 36.7333080369958], [-119.783795690033, 36.7331080373244], [-119.783575689925, 36.7329060371418], [-119.782916690324, 36.7323030370139], [-119.782697690041, 36.7321020368788], [-119.782899689707, 36.7319550366402], [-119.783505689605, 36.7315180371685], [-119.783708689994, 36.7313730372819], [-119.783935689775, 36.7315730371532], [-119.784616690016, 36.7321740372456], [-119.784844689621, 36.7323750371922], [-119.785058689882, 36.7325750373332], [-119.785703690137, 36.7331760367816], [-119.785918690222, 36.7333770369848], [-119.785712690358, 36.7335230366734]]]}, "properties": {"GEOID": "060190006021053", "P0010001": 0, "ALAND": 36544, "AWATER": 0}}, {"type": "Feature", "geometry": {"type": "Polygon", "coordinates": [[[-119.786737690555, 36.7327850369205], [-119.786122690437, 36.7332280370458], [-119.785918690222, 36.7333770369848], [-119.785703690137, 36.7331760367816], [-119.785058689882, 36.7325750373332], [-119.784844689621, 36.7323750371922], [-119.785045690361, 36.732232036772], [-119.78564968971, 36.7318040368026], [-119.785851690275, 36.73166203677], [-119.786069689835, 36.7318570372848], [-119.786724690136, 36.7324420372975], [-119.786943691318, 36.7326380372697], [-119.786737690555, 36.7327850369205]]]}, "properties": {"GEOID": "060190006021054", "P0010001": 5, "ALAND": 17747, "AWATER": 0}}, {"type": "Feature", "geometry": {"type": "Polygon", "coordinates": [[[-119.787762690752, 36.732064036658], [-119.787147690634, 36.7324940373389], [-119.786943691318, 36.7326380372697], [-119.786724690136, 36.7324420372975], [-119.786069689835, 36.7318570372848], [-119.785851690275, 36.73166203677], [-119.786055689591, 36.7315160371422], [-119.786667690235, 36.7310780373128], [-119.786871689551, 36.7309320372944], [-119.787090689834, 36.7311290368198], [-119.787747690683, 36.7317230367147], [-119.787967690791, 36.7319210370984], [-119.787762690752, 36.732064036658]]]}, "properties": {"GEOID": "060190006021055", "P0010001": 0, "ALAND": 17792, "AWATER": 0}}, {"type": "Feature", "geometry": {"type": "Polygon", "coordinates": [[[-119.78876169101, 36.7313270358555], [-119.788479690977, 36.7315360359636], [-119.788165691158, 36.7317720372136], [-119.787967690791, 36.7319210370984], [-119.787747690683, 36.7317230367147], [-119.787090689834, 36.7311290368198], [-119.786871689551, 36.7309320372944], [-119.78707468994, 36.7307850362557], [-119.787683690211, 36.7303480358845], [-119.787887690425, 36.7302030359483], [-119.788101690686, 36.7303980358487], [-119.788745691116, 36.7309830361785], [-119.788960691201, 36.7311790362754], [-119.78876169101, 36.7313270358555]]]}, "properties": {"GEOID": "060190006021056", "P0010001": 0, "ALAND": 17689, "AWATER": 0}}, {"type": "Feature", "geometry": {"type": "Polygon", "coordinates": [[[-119.7898026911, 36.7306150358055], [-119.789170691264, 36.7310380358264], [-119.788960691201, 36.7311790362754], [-119.788745691116, 36.7309830361785], [-119.788101690686, 36.7303980358487], [-119.787887690425, 36.7302030359483], [-119.78809568994, 36.7300580357382], [-119.788720691002, 36.7296250357006], [-119.788929691239, 36.7294810358787], [-119.789145691149, 36.7296790362842], [-119.789796691253, 36.7302760359653], [-119.790013690988, 36.7304750357875], [-119.7898026911, 36.7306150358055]]]}, "properties": {"GEOID": "060190006021057", "P0010001": 0, "ALAND": 17850, "AWATER": 0}}, {"type": "Feature", "geometry": {"type": "Polygon", "coordinates": [[[-119.788720691002, 36.7296250357006], [-119.78809568994, 36.7300580357382], [-119.787887690425, 36.7302030359483], [-119.787663690119, 36.7300030361083], [-119.786994689575, 36.7294050357038], [-119.786771689992, 36.7292060359884], [-119.786983689704, 36.7290600360104], [-119.787620689563, 36.7286250360032], [-119.787833689999, 36.7284800356931], [-119.788052690282, 36.7286800359002], [-119.788709690233, 36.7292800362757], [-119.788929691239, 36.7294810358787], [-119.788720691002, 36.7296250357006]]]}, "properties": {"GEOID": "060190006021058", "P0010001": 0, "ALAND": 18355, "AWATER": 0}}, {"type": "Feature", "geometry": {"type": "Polygon", "coordinates": [[[-119.787683690211, 36.7303480358845], [-119.78707468994, 36.7307850362557], [-119.786871689551, 36.7309320372944], [-119.786648689968, 36.730729037123], [-119.785982689796, 36.7301220370514], [-119.785760690038, 36.7299200362125], [-119.785962689705, 36.7297760362238], [-119.786568689602, 36.7293480362433], [-119.786771689992, 36.7292060359884], [-119.786994689575, 36.7294050357038], [-119.787663690119, 36.7300030361083], [-119.787887690425, 36.7302030359483], [-119.787683690211, 36.7303480358845]]]}, "properties": {"GEOID": "060190006021059", "P0010001": 0, "ALAND": 18055, "AWATER": 0}}, {"type": "Feature", "geometry": {"type": "Polygon", "coordinates": [[[-119.786667690235, 36.7310780373128], [-119.786055689591, 36.7315160371422], [-119.785851690275, 36.73166203677], [-119.785626690144, 36.7314560370469], [-119.784951689751, 36.7308380367214], [-119.78472668962, 36.7306330369721], [-119.784932690383, 36.7304900369073], [-119.785553690349, 36.7300620373068], [-119.785760690038, 36.7299200362125], [-119.785982689796, 36.7301220370514], [-119.786648689968, 36.730729037123], [-119.786871689551, 36.7309320372944], [-119.786667690235, 36.7310780373128]]]}, "properties": {"GEOID": "060190006021060", "P0010001": 0, "ALAND": 18388, "AWATER": 0}}, {"type": "Feature", "geometry": {"type": "Polygon", "coordinates": [[[-119.78564968971, 36.7318040368026], [-119.785045690361, 36.732232036772], [-119.784844689621, 36.7323750371922], [-119.784616690016, 36.7321740372456], [-119.783935689775, 36.7315730371532], [-119.783708689994, 36.7313730372819], [-119.783911690384, 36.7312240370536], [-119.784522690304, 36.7307810368847], [-119.78472668962, 36.7306330369721], [-119.784951689751, 36.7308380367214], [-119.785626690144, 36.7314560370469], [-119.785851690275, 36.73166203677], [-119.78564968971, 36.7318040368026]]]}, "properties": {"GEOID": "060190006021061", "P0010001": 10, "ALAND": 18337, "AWATER": 0}}, {"type": "Feature", "geometry": {"type": "Polygon", "coordinates": [[[-119.784976690764, 36.735802036699], [-119.784763691227, 36.7359490367708], [-119.784126689571, 36.7363890367876], [-119.783914689859, 36.7365370371231], [-119.783795690033, 36.7364270370274], [-119.783440690206, 36.7361000370952], [-119.783369690061, 36.736034037257], [-119.783578690298, 36.7358910371728], [-119.784208689587, 36.7354620367619], [-119.784419690372, 36.7353190370521], [-119.784485689596, 36.7353770370823], [-119.78485369074, 36.7356950368663], [-119.784976690764, 36.735802036699]]]}, "properties": {"GEOID": "060190006021062", "P0010001": 0, "ALAND": 9118, "AWATER": 0}}, {"type": "Feature", "geometry": {"type": "Polygon", "coordinates": [[[-119.81530569493, 36.7277000337963], [-119.815284695013, 36.7283870343323], [-119.815282695364, 36.7284470339457], [-119.815277695341, 36.7286160341051], [-119.814878695133, 36.728617034156], [-119.81368169361, 36.7286220336906], [-119.813283694125, 36.7286240352323], [-119.813234693721, 36.7286240352323], [-119.813089693956, 36.7286240352323], [-119.813041694275, 36.7286250352832], [-119.813050693598, 36.7284530349845], [-119.813053693971, 36.7283970348711], [-119.813091693606, 36.7277140339555], [-119.81310569385, 36.7274870337842], [-119.813150694055, 36.7274860337185], [-119.813287694323, 36.7274850336528], [-119.813333694354, 36.7274850336528], [-119.813729694189, 36.7274820341756], [-119.814916694767, 36.7274740336494], [-119.815313695326, 36.7274720342377], [-119.81530569493, 36.7277000337963]]]}, "properties": {"GEOID": "060190007011000", "P0010001": 68, "ALAND": 25135, "AWATER": 0}}, {"type": "Feature", "geometry": {"type": "Polygon", "coordinates": [[[-119.817593694975, 36.7276860343545], [-119.817589694777, 36.7283880336662], [-119.817589694777, 36.7284320338668], [-119.817588694952, 36.7286220336906], [-119.81712569517, 36.7286200343088], [-119.815739695298, 36.728617034156], [-119.815277695341, 36.7286160341051], [-119.815282695364, 36.7284470339457], [-119.815284695013, 36.7283870343323], [-119.81530569493, 36.7277000337963], [-119.815313695326, 36.7274720342377], [-119.815769695435, 36.7274680339741], [-119.817138694691, 36.7274560339022], [-119.817595694625, 36.7274530337039], [-119.817593694975, 36.7276860343545]]]}, "properties": {"GEOID": "060190007011001", "P0010001": 34, "ALAND": 26327, "AWATER": 0}}, {"type": "Feature", "geometry": {"type": "Polygon", "coordinates": [[[-119.822083695751, 36.7285710339584], [-119.821183696126, 36.7285800337018], [-119.818486694928, 36.7286110338501], [-119.817588694952, 36.7286220336906], [-119.817589694777, 36.7284320338668], [-119.818184694804, 36.728423034106], [-119.820094694558, 36.7284160337313], [-119.822085696299, 36.7283650338622], [-119.822083695751, 36.7285710339584]]]}, "properties": {"GEOID": "060190007011002", "P0010001": 16, "ALAND": 8376, "AWATER": 0}}, {"type": "Feature", "geometry": {"type": "Polygon", "coordinates": [[[-119.826601697014, 36.7285430339498], [-119.824370695972, 36.7285570339554], [-119.822083695751, 36.7285710339584], [-119.822085696299, 36.7283650338622], [-119.826602696839, 36.7283860342783], [-119.826601697014, 36.7285430339498]]]}, "properties": {"GEOID": "060190007011003", "P0010001": 17, "ALAND": 8131, "AWATER": 0}}, {"type": "Feature", "geometry": {"type": "Polygon", "coordinates": [[[-119.831139696572, 36.72850603274], [-119.826830697343, 36.7285360343061], [-119.826601697014, 36.7285430339498], [-119.826602696839, 36.7283860342783], [-119.830581697253, 36.7283610329252], [-119.831129697424, 36.7283630330338], [-119.831139696572, 36.72850603274]]]}, "properties": {"GEOID": "060190007011004", "P0010001": 38, "ALAND": 6733, "AWATER": 0}}, {"type": "Feature", "geometry": {"type": "Polygon", "coordinates": [[[-119.831140697295, 36.7256740330042], [-119.831138696747, 36.725834032722], [-119.831135697272, 36.7263140327553], [-119.831134697447, 36.7264750326586], [-119.831130697249, 36.726633032714], [-119.831120697204, 36.727111032652], [-119.83111769683, 36.7272700329073], [-119.831119697379, 36.7275170328684], [-119.831127696876, 36.7282590330802], [-119.831129697424, 36.7283630330338], [-119.830581697253, 36.7283610329252], [-119.826602696839, 36.7283860342783], [-119.826643695948, 36.7249160328707], [-119.826667696238, 36.7249130332933], [-119.826862696232, 36.7249140326725], [-119.831163696861, 36.7248660329371], [-119.831140697295, 36.7256740330042]]]}, "properties": {"GEOID": "060190007011005", "P0010001": 241, "ALAND": 108285, "AWATER": 47342}}, {"type": "Feature", "geometry": {"type": "Polygon", "coordinates": [[[-119.826602696839, 36.7283860342783], [-119.822085696299, 36.7283650338622], [-119.822093695797, 36.7277480339203], [-119.822097695995, 36.7275430338412], [-119.822103695842, 36.7273820340171], [-119.822121696284, 36.7269000340328], [-119.822128695957, 36.726740033656], [-119.822126696307, 36.7265560339625], [-119.822125695584, 36.7262060340174], [-119.822123695934, 36.7260070339318], [-119.822123695934, 36.7258240340094], [-119.822129695782, 36.72564403392], [-119.822149694975, 36.7251040340005], [-119.822152695348, 36.7250410336425], [-119.822166694693, 36.7249260338616], [-119.824414696352, 36.7249230328445], [-119.826643695948, 36.7249160328707], [-119.826602696839, 36.7283860342783]]]}, "properties": {"GEOID": "060190007011006", "P0010001": 71, "ALAND": 154228, "AWATER": 0}}, {"type": "Feature", "geometry": {"type": "Polygon", "coordinates": [[[-119.822093695797, 36.7277480339203], [-119.822085696299, 36.7283650338622], [-119.820094694558, 36.7284160337313], [-119.818184694804, 36.728423034106], [-119.817589694777, 36.7284320338668], [-119.817589694777, 36.7283880336662], [-119.817593694975, 36.7276860343545], [-119.817595694625, 36.7274530337039], [-119.817600694648, 36.7273470338229], [-119.81761669544, 36.7270310341651], [-119.817622695288, 36.7269260337745], [-119.817945695328, 36.7269230342756], [-119.817972695092, 36.7269230342756], [-119.818261694797, 36.7269370338564], [-119.818454695141, 36.7270090340266], [-119.818878694565, 36.7271570337242], [-119.819184694887, 36.7272640339361], [-119.819747695127, 36.7274430337621], [-119.820063694596, 36.7275440339062], [-119.820323694887, 36.7275590341586], [-119.821505696341, 36.7275480341657], [-119.822097695995, 36.7275430338412], [-119.822093695797, 36.7277480339203]]]}, "properties": {"GEOID": "060190007011007", "P0010001": 252, "ALAND": 47649, "AWATER": 0}}, {"type": "Feature", "geometry": {"type": "Polygon", "coordinates": [[[-119.822202694678, 36.7214950329369], [-119.82218369531, 36.722039032857], [-119.822177694564, 36.7222210330238], [-119.822178695287, 36.7224000330836], [-119.822181694762, 36.7229370329201], [-119.82218369531, 36.7231160327513], [-119.821743695094, 36.723121032644], [-119.820426694819, 36.7231370331627], [-119.819987695326, 36.7231430338964], [-119.81998169458, 36.7233230340874], [-119.81996669541, 36.7238630342893], [-119.819961695387, 36.7240440343435], [-119.819957695189, 36.724225033971], [-119.819946695318, 36.7247680338943], [-119.819943694945, 36.7249500340743], [-119.819932695074, 36.7254480340949], [-119.819928694877, 36.7256690339977], [-119.819915695356, 36.725864033892], [-119.819861694929, 36.7260070339318], [-119.819755694624, 36.7262150340381], [-119.819422695437, 36.7268250342576], [-119.819184694887, 36.7272640339361], [-119.818878694565, 36.7271570337242], [-119.818454695141, 36.7270090340266], [-119.818261694797, 36.7269370338564], [-119.817972695092, 36.7269230342756], [-119.817945695328, 36.7269230342756], [-119.817622695288, 36.7269260337745], [-119.817621694564, 36.7268220340347], [-119.817621694564, 36.7265100339703], [-119.817621694564, 36.7264060336671], [-119.817624694937, 36.7261960339132], [-119.817634694983, 36.7255650339956], [-119.817638695181, 36.7253560341955], [-119.817639695006, 36.7252310339364], [-119.817643695204, 36.7248590336782], [-119.817645694854, 36.7247350341517], [-119.817645694854, 36.7246500341168], [-119.817648695227, 36.7243950341675], [-119.817650694877, 36.7243110338633], [-119.817650694877, 36.7242430337555], [-119.817652695425, 36.7240400339013], [-119.817654695075, 36.723973033665], [-119.8176556949, 36.723839033737], [-119.817659695098, 36.7234380341086], [-119.817661694747, 36.7233050340873], [-119.817682693765, 36.7222560341141], [-119.817712693903, 36.7213480339941], [-119.817784693873, 36.721322033804], [-119.817803694139, 36.721322033804], [-119.817830693903, 36.7213420338402], [-119.819908694785, 36.7213250328017], [-119.820766694578, 36.7213230332299], [-119.821054695356, 36.721320032792], [-119.821338695038, 36.721319032646], [-119.821920694646, 36.721315032782], [-119.822209695249, 36.721314033356], [-119.822202694678, 36.7214950329369]]]}, "properties": {"GEOID": "060190007011008", "P0010001": 65, "ALAND": 166222, "AWATER": 0}}, {"type": "Feature", "geometry": {"type": "Polygon", "coordinates": [[[-119.822168695241, 36.7242050332455], [-119.822166694693, 36.7247460338275], [-119.822166694693, 36.7249260338616], [-119.821721695353, 36.7249300342576], [-119.820387695359, 36.7249450343006], [-119.819943694945, 36.7249500340743], [-119.819946695318, 36.7247680338943], [-119.819957695189, 36.724225033971], [-119.819961695387, 36.7240440343435], [-119.820402695428, 36.7240400339013], [-119.8217276952, 36.7240290326844], [-119.822169695066, 36.7240260330723], [-119.822168695241, 36.7242050332455]]]}, "properties": {"GEOID": "060190007011009", "P0010001": 50, "ALAND": 19830, "AWATER": 0}}, {"type": "Feature", "geometry": {"type": "Polygon", "coordinates": [[[-119.822180694937, 36.7232970331258], [-119.822171694716, 36.7238440328626], [-119.822169695066, 36.7240260330723], [-119.8217276952, 36.7240290326844], [-119.820402695428, 36.7240400339013], [-119.819961695387, 36.7240440343435], [-119.81996669541, 36.7238630342893], [-119.81998169458, 36.7233230340874], [-119.819987695326, 36.7231430338964], [-119.820426694819, 36.7231370331627], [-119.821743695094, 36.723121032644], [-119.82218369531, 36.7231160327513], [-119.822180694937, 36.7232970331258]]]}, "properties": {"GEOID": "060190007011010", "P0010001": 80, "ALAND": 19762, "AWATER": 0}}, {"type": "Feature", "geometry": {"type": "Polygon", "coordinates": [[[-119.822152695348, 36.7250410336425], [-119.822149694975, 36.7251040340005], [-119.822129695782, 36.72564403392], [-119.822123695934, 36.7258240340094], [-119.821638694614, 36.7258490340285], [-119.821610695025, 36.7258530336563], [-119.821413695381, 36.7258860343585], [-119.821264695418, 36.7259640338673], [-119.821163695136, 36.7260720336655], [-119.821086695143, 36.7262070340997], [-119.821077694922, 36.7262970342574], [-119.82108169512, 36.7263880336695], [-119.821123694953, 36.7264950342329], [-119.821240695129, 36.7266230341054], [-119.821450696089, 36.7267120336998], [-119.821615695946, 36.7267540339902], [-119.821627695641, 36.726758034291], [-119.822128695957, 36.726740033656], [-119.822121696284, 36.7269000340328], [-119.822103695842, 36.7273820340171], [-119.822097695995, 36.7275430338412], [-119.821505696341, 36.7275480341657], [-119.820323694887, 36.7275590341586], [-119.820063694596, 36.7275440339062], [-119.819747695127, 36.7274430337621], [-119.819184694887, 36.7272640339361], [-119.819422695437, 36.7268250342576], [-119.819755694624, 36.7262150340381], [-119.819861694929, 36.7260070339318], [-119.819915695356, 36.725864033892], [-119.819928694877, 36.7256690339977], [-119.819932695074, 36.7254480340949], [-119.819943694945, 36.7249500340743], [-119.820387695359, 36.7249450343006], [-119.821721695353, 36.7249300342576], [-119.822166694693, 36.7249260338616], [-119.822152695348, 36.7250410336425]]]}, "properties": {"GEOID": "060190007011011", "P0010001": 254, "ALAND": 54537, "AWATER": 0}}, {"type": "Feature", "geometry": {"type": "Polygon", "coordinates": [[[-119.822128695957, 36.726740033656], [-119.821627695641, 36.726758034291], [-119.821615695946, 36.7267540339902], [-119.821450696089, 36.7267120336998], [-119.821240695129, 36.7266230341054], [-119.821123694953, 36.7264950342329], [-119.82108169512, 36.7263880336695], [-119.821077694922, 36.7262970342574], [-119.821086695143, 36.7262070340997], [-119.821163695136, 36.7260720336655], [-119.821264695418, 36.7259640338673], [-119.821413695381, 36.7258860343585], [-119.821610695025, 36.7258530336563], [-119.821638694614, 36.7258490340285], [-119.822123695934, 36.7258240340094], [-119.822123695934, 36.7260070339318], [-119.822125695584, 36.7262060340174], [-119.822126696307, 36.7265560339625], [-119.822128695957, 36.726740033656]]]}, "properties": {"GEOID": "060190007011012", "P0010001": 40, "ALAND": 8271, "AWATER": 0}}, {"type": "Feature", "geometry": {"type": "Polygon", "coordinates": [[[-119.817682693765, 36.7222560341141], [-119.815540694208, 36.7222830341215], [-119.815562693949, 36.7213590341549], [-119.817712693903, 36.7213480339941], [-119.817682693765, 36.7222560341141]]]}, "properties": {"GEOID": "060190007011013", "P0010001": 56, "ALAND": 19483, "AWATER": 0}}, {"type": "Feature", "geometry": {"type": "Polygon", "coordinates": [[[-119.817661694747, 36.7233050340873], [-119.817226693656, 36.7233050340873], [-119.815924694348, 36.7233050340873], [-119.815490693979, 36.7233050340873], [-119.815500694025, 36.7231000336683], [-119.815529694338, 36.7224870337102], [-119.815540694208, 36.7222830341215], [-119.817682693765, 36.7222560341141], [-119.817661694747, 36.7233050340873]]]}, "properties": {"GEOID": "060190007011014", "P0010001": 59, "ALAND": 22137, "AWATER": 0}}, {"type": "Feature", "geometry": {"type": "Polygon", "coordinates": [[[-119.817659695098, 36.7234380341086], [-119.8176556949, 36.723839033737], [-119.817654695075, 36.723973033665], [-119.817652695425, 36.7240400339013], [-119.817650694877, 36.7242430337555], [-119.817650694877, 36.7243110338633], [-119.817205694638, 36.7243160336783], [-119.815873694294, 36.7243350342682], [-119.81542969388, 36.7243420342949], [-119.815441693576, 36.7241340341559], [-119.815477693561, 36.7235120341939], [-119.815490693979, 36.7233050340873], [-119.815924694348, 36.7233050340873], [-119.817226693656, 36.7233050340873], [-119.817661694747, 36.7233050340873], [-119.817659695098, 36.7234380341086]]]}, "properties": {"GEOID": "060190007011015", "P0010001": 53, "ALAND": 22215, "AWATER": 0}}, {"type": "Feature", "geometry": {"type": "Polygon", "coordinates": [[[-119.817648695227, 36.7243950341675], [-119.817645694854, 36.7246500341168], [-119.817645694854, 36.7247350341517], [-119.817643695204, 36.7248590336782], [-119.817639695006, 36.7252310339364], [-119.817638695181, 36.7253560341955], [-119.817191695292, 36.7253570342889], [-119.815853694203, 36.7253620340358], [-119.815407694139, 36.7253640342224], [-119.815411694337, 36.7251590342593], [-119.815424693857, 36.7245460341748], [-119.81542969388, 36.7243420342949], [-119.815873694294, 36.7243350342682], [-119.817205694638, 36.7243160336783], [-119.817650694877, 36.7243110338633], [-119.817648695227, 36.7243950341675]]]}, "properties": {"GEOID": "060190007011016", "P0010001": 91, "ALAND": 22809, "AWATER": 0}}, {"type": "Feature", "geometry": {"type": "Polygon", "coordinates": [[[-119.817634694983, 36.7255650339956], [-119.817624694937, 36.7261960339132], [-119.817621694564, 36.7264060336671], [-119.817167695003, 36.7264090339063], [-119.81580769507, 36.7264210341418], [-119.815354694435, 36.7264250337399], [-119.815364693583, 36.7262120337912], [-119.815396694268, 36.7255760342724], [-119.815407694139, 36.7253640342224], [-119.815853694203, 36.7253620340358], [-119.817191695292, 36.7253570342889], [-119.817638695181, 36.7253560341955], [-119.817634694983, 36.7255650339956]]]}, "properties": {"GEOID": "060190007011017", "P0010001": 79, "ALAND": 23527, "AWATER": 0}}, {"type": "Feature", "geometry": {"type": "Polygon", "coordinates": [[[-119.817622695288, 36.7269260337745], [-119.81761669544, 36.7270310341651], [-119.817600694648, 36.7273470338229], [-119.817595694625, 36.7274530337039], [-119.817138694691, 36.7274560339022], [-119.815769695435, 36.7274680339741], [-119.815313695326, 36.7274720342377], [-119.815321694823, 36.727262033799], [-119.815345695113, 36.7266340342307], [-119.815354694435, 36.7264250337399], [-119.81580769507, 36.7264210341418], [-119.817167695003, 36.7264090339063], [-119.817621694564, 36.7264060336671], [-119.817621694564, 36.7265100339703], [-119.817621694564, 36.7268220340347], [-119.817622695288, 36.7269260337745]]]}, "properties": {"GEOID": "060190007011018", "P0010001": 75, "ALAND": 23673, "AWATER": 0}}, {"type": "Feature", "geometry": {"type": "Polygon", "coordinates": [[[-119.815345695113, 36.7266340342307], [-119.815321694823, 36.727262033799], [-119.815313695326, 36.7274720342377], [-119.814916694767, 36.7274740336494], [-119.813729694189, 36.7274820341756], [-119.813333694354, 36.7274850336528], [-119.813287694323, 36.7274850336528], [-119.813150694055, 36.7274860337185], [-119.81310569385, 36.7274870337842], [-119.813113694245, 36.7272770341065], [-119.81314069401, 36.7266460337111], [-119.81314969423, 36.7264370339729], [-119.813190694238, 36.7264360338936], [-119.813316693737, 36.7264360338936], [-119.81335869357, 36.7264360338936], [-119.813757693778, 36.7264330336555], [-119.814954694402, 36.7264260338194], [-119.815354694435, 36.7264250337399], [-119.815345695113, 36.7266340342307]]]}, "properties": {"GEOID": "060190007011019", "P0010001": 62, "ALAND": 22930, "AWATER": 0}}, {"type": "Feature", "geometry": {"type": "Polygon", "coordinates": [[[-119.815396694268, 36.7255760342724], [-119.815364693583, 36.7262120337912], [-119.815354694435, 36.7264250337399], [-119.814954694402, 36.7264260338194], [-119.813757693778, 36.7264330336555], [-119.81335869357, 36.7264360338936], [-119.813316693737, 36.7264360338936], [-119.813190694238, 36.7264360338936], [-119.81314969423, 36.7264370339729], [-119.813156693903, 36.72623003383], [-119.81317769382, 36.7256090336536], [-119.813185694216, 36.7254030342518], [-119.813224693675, 36.7254020341589], [-119.813344694224, 36.7254000339733], [-119.813384694407, 36.7254000339733], [-119.81378869374, 36.7253920339501], [-119.815002694083, 36.725370034062], [-119.815407694139, 36.7253640342224], [-119.815396694268, 36.7255760342724]]]}, "properties": {"GEOID": "060190007011020", "P0010001": 58, "ALAND": 22970, "AWATER": 0}}, {"type": "Feature", "geometry": {"type": "Polygon", "coordinates": [[[-119.815424693857, 36.7245460341748], [-119.815411694337, 36.7251590342593], [-119.815407694139, 36.7253640342224], [-119.815002694083, 36.725370034062], [-119.81378869374, 36.7253920339501], [-119.813384694407, 36.7254000339733], [-119.813344694224, 36.7254000339733], [-119.813224693675, 36.7254020341589], [-119.813185694216, 36.7254030342518], [-119.813195694261, 36.7251950341063], [-119.813224693675, 36.7245740342007], [-119.813235694444, 36.7243670340763], [-119.813276693554, 36.72436603397], [-119.813401694126, 36.7243650338637], [-119.813443693958, 36.7243650338637], [-119.813840693618, 36.724360034052], [-119.815031694395, 36.7243460340013], [-119.81542969388, 36.7243420342949], [-119.815424693857, 36.7245460341748]]]}, "properties": {"GEOID": "060190007011021", "P0010001": 98, "ALAND": 22505, "AWATER": 0}}, {"type": "Feature", "geometry": {"type": "Polygon", "coordinates": [[[-119.815477693561, 36.7235120341939], [-119.815441693576, 36.7241340341559], [-119.81542969388, 36.7243420342949], [-119.815031694395, 36.7243460340013], [-119.813840693618, 36.724360034052], [-119.813443693958, 36.7243650338637], [-119.813401694126, 36.7243650338637], [-119.813276693554, 36.72436603397], [-119.813235694444, 36.7243670340763], [-119.813242694117, 36.724157033787], [-119.813265693683, 36.7235280339111], [-119.813274693904, 36.7233190343277], [-119.813313694262, 36.7233180342078], [-119.813429693715, 36.7233180342078], [-119.813469693898, 36.7233180342078], [-119.813873694129, 36.7233150338479], [-119.815085693924, 36.7233070343275], [-119.815490693979, 36.7233050340873], [-119.815477693561, 36.7235120341939]]]}, "properties": {"GEOID": "060190007011022", "P0010001": 63, "ALAND": 22784, "AWATER": 0}}, {"type": "Feature", "geometry": {"type": "Polygon", "coordinates": [[[-119.815529694338, 36.7224870337102], [-119.815500694025, 36.7231000336683], [-119.815490693979, 36.7233050340873], [-119.815085693924, 36.7233070343275], [-119.813873694129, 36.7233150338479], [-119.813469693898, 36.7233180342078], [-119.813429693715, 36.7233180342078], [-119.813313694262, 36.7233180342078], [-119.813274693904, 36.7233190343277], [-119.813279693927, 36.723208033894], [-119.81329569382, 36.7228770340418], [-119.813301693668, 36.7227670338165], [-119.813301693668, 36.7226700336638], [-119.813303694216, 36.7223800340429], [-119.813305693866, 36.7222840342549], [-119.813342693676, 36.7222840342549], [-119.813453694004, 36.7222840342549], [-119.813491693639, 36.7222840342549], [-119.813900693893, 36.7222830341215], [-119.815130694129, 36.7222830341215], [-119.815540694208, 36.7222830341215], [-119.815529694338, 36.7224870337102]]]}, "properties": {"GEOID": "060190007011023", "P0010001": 81, "ALAND": 22638, "AWATER": 0}}, {"type": "Feature", "geometry": {"type": "Polygon", "coordinates": [[[-119.815540694208, 36.7222830341215], [-119.815130694129, 36.7222830341215], [-119.813900693893, 36.7222830341215], [-119.813491693639, 36.7222840342549], [-119.813453694004, 36.7222840342549], [-119.813342693676, 36.7222840342549], [-119.813305693866, 36.7222840342549], [-119.813312694437, 36.722104033789], [-119.813335694003, 36.7215630340376], [-119.813343694399, 36.7213840341873], [-119.813380694209, 36.7213830340422], [-119.813491693639, 36.721382033897], [-119.813529694172, 36.721382033897], [-119.815562693949, 36.7213590341549], [-119.815540694208, 36.7222830341215]]]}, "properties": {"GEOID": "060190007011024", "P0010001": 53, "ALAND": 20127, "AWATER": 0}}, {"type": "Feature", "geometry": {"type": "Polygon", "coordinates": [[[-119.824414696352, 36.7249230328445], [-119.822166694693, 36.7249260338616], [-119.822166694693, 36.7247460338275], [-119.822168695241, 36.7242050332455], [-119.822169695066, 36.7240260330723], [-119.822622694803, 36.7240240328508], [-119.823980695984, 36.7240190330168], [-119.824434696444, 36.7240180329059], [-119.824414696352, 36.7249230328445]]]}, "properties": {"GEOID": "060190007011025", "P0010001": 86, "ALAND": 20201, "AWATER": 0}}, {"type": "Feature", "geometry": {"type": "Polygon", "coordinates": [[[-119.826667696238, 36.7249130332933], [-119.826643695948, 36.7249160328707], [-119.824414696352, 36.7249230328445], [-119.824434696444, 36.7240180329059], [-119.826667696238, 36.7240000330687], [-119.826667696238, 36.7249130332933]]]}, "properties": {"GEOID": "060190007011026", "P0010001": 64, "ALAND": 20243, "AWATER": 0}}, {"type": "Feature", "geometry": {"type": "Polygon", "coordinates": [[[-119.831163696861, 36.7248660329371], [-119.826862696232, 36.7249140326725], [-119.826667696238, 36.7249130332933], [-119.826667696238, 36.7240000330687], [-119.826655695644, 36.7230880329138], [-119.826648695971, 36.72219303286], [-119.826668696063, 36.7215280333515], [-119.826662696215, 36.721320032792], [-119.826848695988, 36.7213240326558], [-119.828596696258, 36.7213030331887], [-119.828996696291, 36.7212980331777], [-119.828990696443, 36.7230480330255], [-119.831194696823, 36.7230280327135], [-119.831163696861, 36.7248660329371]]]}, "properties": {"GEOID": "060190007011027", "P0010001": 64, "ALAND": 122927, "AWATER": 0}}, {"type": "Feature", "geometry": {"type": "Polygon", "coordinates": [[[-119.826667696238, 36.7240000330687], [-119.824434696444, 36.7240180329059], [-119.824433695721, 36.7238350332842], [-119.824432695896, 36.7232880327633], [-119.824432695896, 36.7231060329648], [-119.82487669631, 36.7231020331938], [-119.826210696303, 36.7230910332826], [-119.826655695644, 36.7230880329138], [-119.826667696238, 36.7240000330687]]]}, "properties": {"GEOID": "060190007011028", "P0010001": 78, "ALAND": 20157, "AWATER": 0}}, {"type": "Feature", "geometry": {"type": "Polygon", "coordinates": [[[-119.824434696444, 36.7240180329059], [-119.823980695984, 36.7240190330168], [-119.822622694803, 36.7240240328508], [-119.822169695066, 36.7240260330723], [-119.822171694716, 36.7238440328626], [-119.822180694937, 36.7232970331258], [-119.82218369531, 36.7231160327513], [-119.822632694849, 36.7231140332261], [-119.823982695634, 36.7231070330875], [-119.824432695896, 36.7231060329648], [-119.824432695896, 36.7232880327633], [-119.824433695721, 36.7238350332842], [-119.824434696444, 36.7240180329059]]]}, "properties": {"GEOID": "060190007011029", "P0010001": 76, "ALAND": 20383, "AWATER": 0}}, {"type": "Feature", "geometry": {"type": "Polygon", "coordinates": [[[-119.824436696094, 36.7223820328672], [-119.824433695721, 36.7229250328602], [-119.824432695896, 36.7231060329648], [-119.823982695634, 36.7231070330875], [-119.822632694849, 36.7231140332261], [-119.82218369531, 36.7231160327513], [-119.822181694762, 36.7229370329201], [-119.822178695287, 36.7224000330836], [-119.822177694564, 36.7222210330238], [-119.822629695374, 36.7222170332067], [-119.823985695109, 36.7222050330343], [-119.824438695744, 36.7222020333509], [-119.824436696094, 36.7223820328672]]]}, "properties": {"GEOID": "060190007011030", "P0010001": 68, "ALAND": 20109, "AWATER": 0}}, {"type": "Feature", "geometry": {"type": "Polygon", "coordinates": [[[-119.826655695644, 36.7230880329138], [-119.826210696303, 36.7230910332826], [-119.82487669631, 36.7231020331938], [-119.824432695896, 36.7231060329648], [-119.824433695721, 36.7229250328602], [-119.824436696094, 36.7223820328672], [-119.824438695744, 36.7222020333509], [-119.826648695971, 36.72219303286], [-119.826655695644, 36.7230880329138]]]}, "properties": {"GEOID": "060190007011031", "P0010001": 47, "ALAND": 19760, "AWATER": 0}}, {"type": "Feature", "geometry": {"type": "Polygon", "coordinates": [[[-119.826668696063, 36.7215280333515], [-119.826648695971, 36.72219303286], [-119.824438695744, 36.7222020333509], [-119.824441695218, 36.7213310329569], [-119.824483695051, 36.7213300328111], [-119.82506869593, 36.7213270330935], [-119.826662696215, 36.721320032792], [-119.826668696063, 36.7215280333515]]]}, "properties": {"GEOID": "060190007011032", "P0010001": 31, "ALAND": 19204, "AWATER": 0}}, {"type": "Feature", "geometry": {"type": "Polygon", "coordinates": [[[-119.824438695744, 36.7222020333509], [-119.823985695109, 36.7222050330343], [-119.822629695374, 36.7222170332067], [-119.822177694564, 36.7222210330238], [-119.82218369531, 36.722039032857], [-119.822202694678, 36.7214950329369], [-119.822209695249, 36.721314033356], [-119.822273694823, 36.7213120330639], [-119.822466695167, 36.7213080331995], [-119.822531694566, 36.7213070330534], [-119.822693694948, 36.7213060329072], [-119.823182694669, 36.7213060329072], [-119.823346694701, 36.7213060329072], [-119.824441695218, 36.7213310329569], [-119.824438695744, 36.7222020333509]]]}, "properties": {"GEOID": "060190007011033", "P0010001": 77, "ALAND": 20009, "AWATER": 0}}, {"type": "Feature", "geometry": {"type": "Polygon", "coordinates": [[[-119.831218697113, 36.7215670331687], [-119.831204696869, 36.7224580327923], [-119.831199696846, 36.72275503301], [-119.831194696823, 36.7230280327135], [-119.828990696443, 36.7230480330255], [-119.828996696291, 36.7212980331777], [-119.829121695965, 36.7212960328851], [-119.830698695632, 36.7212770329834], [-119.831224696961, 36.721271032824], [-119.831218697113, 36.7215670331687]]]}, "properties": {"GEOID": "060190007011034", "P0010001": 0, "ALAND": 38523, "AWATER": 0}}, {"type": "Feature", "geometry": {"type": "Polygon", "coordinates": [[[-119.810837695692, 36.7503430371018], [-119.810611695736, 36.7503450373574], [-119.809935696417, 36.7503530369398], [-119.809710696286, 36.7503570367307], [-119.809443696322, 36.7503610372411], [-119.808690696112, 36.750376037354], [-119.808642696431, 36.7503750368667], [-119.808375695569, 36.7503740370992], [-119.808352696003, 36.7503400370782], [-119.808309696345, 36.7502280370719], [-119.808293695554, 36.7501120370986], [-119.808292695729, 36.7500650370533], [-119.808280696033, 36.7490900369408], [-119.808276695835, 36.7487660370577], [-119.808522695883, 36.7487730370164], [-119.809260696024, 36.7487950366765], [-119.809506696072, 36.7488030371402], [-119.809743695898, 36.7488120366713], [-119.810456695926, 36.7488420367799], [-119.810694695577, 36.7488520368136], [-119.810718695866, 36.7488740371708], [-119.810790695837, 36.7489400367651], [-119.810815695951, 36.7489620370972], [-119.810819696149, 36.7492380372587], [-119.810832695669, 36.7500660368249], [-119.810837695692, 36.7503430371018]]]}, "properties": {"GEOID": "060190007021000", "P0010001": 4, "ALAND": 38917, "AWATER": 0}}, {"type": "Feature", "geometry": {"type": "Polygon", "coordinates": [[[-119.813424697285, 36.7503750368667], [-119.813401696821, 36.7503750368667], [-119.813206696827, 36.7503750368667], [-119.813141697428, 36.750376037354], [-119.812943697061, 36.750199037275], [-119.81277969703, 36.7500630367904], [-119.812725696603, 36.7500190367514], [-119.812613697348, 36.7499400367162], [-119.812460696289, 36.7498590370512], [-119.812256696075, 36.749779037076], [-119.812028695571, 36.7496960369686], [-119.811855696217, 36.7496420367897], [-119.811626695888, 36.7495300372041], [-119.811493695818, 36.7494480373267], [-119.811086696113, 36.7491980373176], [-119.811031695861, 36.749150036929], [-119.810869696378, 36.7490090370983], [-119.810815695951, 36.7489620370972], [-119.810790695837, 36.7489400367651], [-119.810718695866, 36.7488740371708], [-119.810694695577, 36.7488520368136], [-119.810449696253, 36.7486300369124], [-119.810092695878, 36.7483060372464], [-119.809717695959, 36.7479660372721], [-119.809542696057, 36.7478070366909], [-119.809473695561, 36.7477460372904], [-119.809234696085, 36.7475350370786], [-119.80851769586, 36.7469020372808], [-119.808278694587, 36.7466920367232], [-119.808164694784, 36.7465840371381], [-119.807822695375, 36.7462630369342], [-119.807709695398, 36.7461560372877], [-119.807694695329, 36.7461420368923], [-119.807649695123, 36.7461020367771], [-119.807635694879, 36.746089036915], [-119.807462694627, 36.7459330369595], [-119.806946695141, 36.7454670370128], [-119.806774694714, 36.745312037066], [-119.806909695331, 36.7452390369502], [-119.807316695037, 36.7450210360231], [-119.807452694581, 36.7449490361885], [-119.807618695161, 36.7451050359848], [-119.808116695103, 36.7455760358405], [-119.808282694785, 36.7457330363497], [-119.808959695726, 36.7463230362536], [-119.810990695853, 36.748096036932], [-119.81166869572, 36.748687037172], [-119.812027695746, 36.7490240367557], [-119.813107697093, 36.7500350367031], [-119.813467696943, 36.7503730373316], [-119.813424697285, 36.7503750368667]]]}, "properties": {"GEOID": "060190007021001", "P0010001": 0, "ALAND": 52012, "AWATER": 0}}, {"type": "Feature", "geometry": {"type": "Polygon", "coordinates": [[[-119.812123696005, 36.7503530369398], [-119.811995695959, 36.7503470368932], [-119.811953696126, 36.7503460371253], [-119.81172969582, 36.7503450373574], [-119.811060696173, 36.7503430371018], [-119.810837695692, 36.7503430371018], [-119.810832695669, 36.7500660368249], [-119.810819696149, 36.7492380372587], [-119.810815695951, 36.7489620370972], [-119.810869696378, 36.7490090370983], [-119.811031695861, 36.749150036929], [-119.811086696113, 36.7491980373176], [-119.811305696396, 36.749426037134], [-119.811962696347, 36.7501120370986], [-119.812023696446, 36.7501760368077], [-119.812166695663, 36.7503550371952], [-119.812123696005, 36.7503530369398]]]}, "properties": {"GEOID": "060190007021002", "P0010001": 0, "ALAND": 9479, "AWATER": 0}}, {"type": "Feature", "geometry": {"type": "Polygon", "coordinates": [[[-119.810456695926, 36.7488420367799], [-119.809743695898, 36.7488120366713], [-119.809506696072, 36.7488030371402], [-119.809499696399, 36.748591037165], [-119.809479696308, 36.747957036922], [-119.809473695561, 36.7477460372904], [-119.809542696057, 36.7478070366909], [-119.809717695959, 36.7479660372721], [-119.810092695878, 36.7483060372464], [-119.810449696253, 36.7486300369124], [-119.810694695577, 36.7488520368136], [-119.810456695926, 36.7488420367799]]]}, "properties": {"GEOID": "060190007021003", "P0010001": 0, "ALAND": 6221, "AWATER": 0}}, {"type": "Feature", "geometry": {"type": "Polygon", "coordinates": [[[-119.809506696072, 36.7488030371402], [-119.809260696024, 36.7487950366765], [-119.808522695883, 36.7487730370164], [-119.808276695835, 36.7487660370577], [-119.808276695835, 36.7483510373418], [-119.80827769566, 36.7471060369637], [-119.808278694587, 36.7466920367232], [-119.80851769586, 36.7469020372808], [-119.809234696085, 36.7475350370786], [-119.809473695561, 36.7477460372904], [-119.809479696308, 36.747957036922], [-119.809499696399, 36.748591037165], [-119.809506696072, 36.7488030371402]]]}, "properties": {"GEOID": "060190007021004", "P0010001": 10, "ALAND": 18732, "AWATER": 0}}, {"type": "Feature", "geometry": {"type": "Polygon", "coordinates": [[[-119.812945696711, 36.7503810369111], [-119.812821696862, 36.7503850367005], [-119.812411696784, 36.7503740370992], [-119.81236069673, 36.7503700373092], [-119.812166695663, 36.7503550371952], [-119.812023696446, 36.7501760368077], [-119.811962696347, 36.7501120370986], [-119.811305696396, 36.749426037134], [-119.811086696113, 36.7491980373176], [-119.811493695818, 36.7494480373267], [-119.811626695888, 36.7495300372041], [-119.811855696217, 36.7496420367897], [-119.812028695571, 36.7496960369686], [-119.812256696075, 36.749779037076], [-119.812460696289, 36.7498590370512], [-119.812613697348, 36.7499400367162], [-119.812725696603, 36.7500190367514], [-119.81277969703, 36.7500630367904], [-119.812943697061, 36.750199037275], [-119.813141697428, 36.750376037354], [-119.812945696711, 36.7503810369111]]]}, "properties": {"GEOID": "060190007021005", "P0010001": 0, "ALAND": 6345, "AWATER": 0}}, {"type": "Feature", "geometry": {"type": "Polygon", "coordinates": [[[-119.813864696603, 36.7503580372182], [-119.813566696677, 36.7503690368218], [-119.813467696943, 36.7503730373316], [-119.813107697093, 36.7500350367031], [-119.812027695746, 36.7490240367557], [-119.81166869572, 36.748687037172], [-119.811509695712, 36.7482760369282], [-119.811473695727, 36.7480950356952], [-119.811458695658, 36.7480180361548], [-119.81145269581, 36.7478240361848], [-119.81151569556, 36.7475430362341], [-119.811646695979, 36.7472980362546], [-119.811839696323, 36.7470490362495], [-119.811981695715, 36.7469250358503], [-119.812169696036, 36.7468090359223], [-119.812444696396, 36.7466610359581], [-119.812503695947, 36.7466310357166], [-119.81304569627, 36.7464930357502], [-119.81304969557, 36.7467140362602], [-119.813063695813, 36.7473790357439], [-119.813068695836, 36.7476010356652], [-119.813069695661, 36.7477900357537], [-119.813073695859, 36.7483580358987], [-119.813075696407, 36.7485480360733], [-119.813086696278, 36.7489950357839], [-119.81310269707, 36.7496330373561], [-119.813186696735, 36.7498050369871], [-119.813299696713, 36.7499330368641], [-119.813477696988, 36.7500790367329], [-119.813574697073, 36.7501340370946], [-119.81396469706, 36.7503550371952], [-119.813864696603, 36.7503580372182]]]}, "properties": {"GEOID": "060190007021006", "P0010001": 0, "ALAND": 39927, "AWATER": 0}}, {"type": "Feature", "geometry": {"type": "Polygon", "coordinates": [[[-119.81304569627, 36.7464930357502], [-119.812503695947, 36.7466310357166], [-119.812444696396, 36.7466610359581], [-119.812169696036, 36.7468090359223], [-119.811981695715, 36.7469250358503], [-119.811839696323, 36.7470490362495], [-119.811646695979, 36.7472980362546], [-119.81151569556, 36.7475430362341], [-119.81145269581, 36.7478240361848], [-119.811458695658, 36.7480180361548], [-119.811473695727, 36.7480950356952], [-119.811509695712, 36.7482760369282], [-119.81166869572, 36.748687037172], [-119.810990695853, 36.748096036932], [-119.808959695726, 36.7463230362536], [-119.808282694785, 36.7457330363497], [-119.808116695103, 36.7455760358405], [-119.807618695161, 36.7451050359848], [-119.807452694581, 36.7449490361885], [-119.807475695046, 36.7449370359695], [-119.807534694597, 36.7449060359351], [-119.807946695224, 36.74515403586], [-119.808550694573, 36.7453470362686], [-119.808850695047, 36.7454290362096], [-119.810758696049, 36.7460810361683], [-119.811429696244, 36.7462840360535], [-119.812027695746, 36.7463760360693], [-119.812619696298, 36.7464500356421], [-119.81304569627, 36.7464930357502]]]}, "properties": {"GEOID": "060190007021007", "P0010001": 0, "ALAND": 51801, "AWATER": 0}}, {"type": "Feature", "geometry": {"type": "Polygon", "coordinates": [[[-119.81304569627, 36.7464930357502], [-119.812619696298, 36.7464500356421], [-119.812027695746, 36.7463760360693], [-119.811429696244, 36.7462840360535], [-119.810758696049, 36.7460810361683], [-119.808850695047, 36.7454290362096], [-119.808550694573, 36.7453470362686], [-119.807946695224, 36.74515403586], [-119.807534694597, 36.7449060359351], [-119.808574694863, 36.7443580359526], [-119.809118694836, 36.7440800358158], [-119.809701695167, 36.7442100363003], [-119.809837694711, 36.744174036011], [-119.811499695666, 36.7433190356938], [-119.811725695622, 36.7432250358911], [-119.811902696072, 36.7431690357548], [-119.812215696067, 36.7431420358929], [-119.81223169596, 36.7431420358929], [-119.812725695705, 36.7431340362786], [-119.813009696285, 36.7431200360518], [-119.81301069611, 36.7432630363459], [-119.813018695608, 36.7441130358821], [-119.813027695828, 36.7455860362997], [-119.81304569627, 36.7464930357502]]]}, "properties": {"GEOID": "060190007021008", "P0010001": 0, "ALAND": 109370, "AWATER": 0}}, {"type": "Feature", "geometry": {"type": "Polygon", "coordinates": [[[-119.817578696703, 36.7465040359079], [-119.816671697405, 36.7465070360815], [-119.813951695743, 36.7465190360549], [-119.813780696039, 36.7465200358727], [-119.81304569627, 36.7464930357502], [-119.813027695828, 36.7455860362997], [-119.813018695608, 36.7441130358821], [-119.81301069611, 36.7432630363459], [-119.813009696285, 36.7431200360518], [-119.813087696103, 36.7431200360518], [-119.813280696447, 36.7431200360518], [-119.817565697183, 36.7431160358838], [-119.817564697358, 36.7432970359035], [-119.81756069716, 36.7441390362734], [-119.817557696787, 36.7446120359844], [-119.817555697137, 36.7452300362802], [-119.817569697381, 36.7460310363411], [-119.817578696703, 36.7465040359079]]]}, "properties": {"GEOID": "060190007021009", "P0010001": 0, "ALAND": 152602, "AWATER": 0}}, {"type": "Feature", "geometry": {"type": "Polygon", "coordinates": [[[-119.821460697932, 36.7461020360572], [-119.82142969797, 36.7461200357518], [-119.821396698358, 36.7461380361619], [-119.821126698021, 36.7462950362412], [-119.821059698074, 36.7463710362513], [-119.821016698416, 36.7464500356421], [-119.821003697997, 36.7464960359242], [-119.820762697074, 36.7464970357422], [-119.820043697199, 36.7465020362719], [-119.819803697, 36.7465040359079], [-119.819580697417, 36.7465020362719], [-119.818914697245, 36.7464990360981], [-119.818692696589, 36.7464980362801], [-119.818469697006, 36.7464980362801], [-119.81780069736, 36.7465020362719], [-119.817578696703, 36.7465040359079], [-119.817569697381, 36.7460310363411], [-119.817555697137, 36.7452300362802], [-119.817557696787, 36.7446120359844], [-119.81756069716, 36.7441390362734], [-119.817564697358, 36.7432970359035], [-119.817565697183, 36.7431160358838], [-119.81787269733, 36.7431100359911], [-119.818793696871, 36.7430920363104], [-119.818835696704, 36.7430920363104], [-119.819049696964, 36.7432760359668], [-119.81945669667, 36.7437040360431], [-119.820273697353, 36.7446240362542], [-119.821486697871, 36.7460870358287], [-119.821460697932, 36.7461020360572]]]}, "properties": {"GEOID": "060190007021010", "P0010001": 9, "ALAND": 93441, "AWATER": 0}}, {"type": "Feature", "geometry": {"type": "Polygon", "coordinates": [[[-119.82172669807, 36.7464890357578], [-119.821701697956, 36.7464890357578], [-119.821177698074, 36.7464940362881], [-119.821003697997, 36.7464960359242], [-119.821016698416, 36.7464500356421], [-119.821059698074, 36.7463710362513], [-119.821126698021, 36.7462950362412], [-119.821396698358, 36.7461380361619], [-119.82142969797, 36.7461200357518], [-119.821460697932, 36.7461020360572], [-119.821486697871, 36.7460870358287], [-119.821808698086, 36.7464880359397], [-119.82172669807, 36.7464890357578]]]}, "properties": {"GEOID": "060190007021011", "P0010001": 0, "ALAND": 1870, "AWATER": 0}}, {"type": "Feature", "geometry": {"type": "Polygon", "coordinates": [[[-119.821984697813, 36.7464880359397], [-119.821876697858, 36.7464870361216], [-119.821808698086, 36.7464880359397], [-119.821486697871, 36.7460870358287], [-119.820273697353, 36.7446240362542], [-119.81945669667, 36.7437040360431], [-119.819049696964, 36.7432760359668], [-119.818835696704, 36.7430920363104], [-119.819101696843, 36.7430960357599], [-119.819136697003, 36.7431320358351], [-119.819242697308, 36.7432400359592], [-119.819278697293, 36.7432760359668], [-119.819583696892, 36.743573036285], [-119.820197697185, 36.7442600358743], [-119.821043697282, 36.7453340362788], [-119.821593698001, 36.746029035973], [-119.821671697819, 36.7461200357518], [-119.821906697996, 36.7463950362388], [-119.821984697813, 36.7464880359397]]]}, "properties": {"GEOID": "060190007021012", "P0010001": 0, "ALAND": 6942, "AWATER": 0}}, {"type": "Feature", "geometry": {"type": "Polygon", "coordinates": [[[-119.822078696626, 36.7431040346583], [-119.822071696954, 36.7431590349805], [-119.822071696954, 36.7432190352871], [-119.822071696954, 36.7432580348853], [-119.822070697129, 36.743875034715], [-119.822069698202, 36.7455110360629], [-119.822042698438, 36.7456350358678], [-119.822026697646, 36.7456670361564], [-119.82200369808, 36.7457140360163], [-119.821984697813, 36.7457550361616], [-119.821880698056, 36.74587703592], [-119.82162169759, 36.7460140357302], [-119.821593698001, 36.746029035973], [-119.821043697282, 36.7453340362788], [-119.820197697185, 36.7442600358743], [-119.819583696892, 36.743573036285], [-119.819278697293, 36.7432760359668], [-119.819242697308, 36.7432400359592], [-119.819136697003, 36.7431320358351], [-119.819101696843, 36.7430960357599], [-119.819211697346, 36.7430940353154], [-119.819474697112, 36.7430920348707], [-119.819542696884, 36.7430910350083], [-119.819653697212, 36.7430900351459], [-119.819769696664, 36.7430890352835], [-119.82013969656, 36.7430850351137], [-119.821596696578, 36.7430700350153], [-119.822083696649, 36.7430660348446], [-119.822078696626, 36.7431040346583]]]}, "properties": {"GEOID": "060190007021013", "P0010001": 0, "ALAND": 48069, "AWATER": 0}}, {"type": "Feature", "geometry": {"type": "Polygon", "coordinates": [[[-119.835549699676, 36.7464140349639], [-119.83513369975, 36.7464410351142], [-119.833062699439, 36.7464650350799], [-119.833004698815, 36.7464660348983], [-119.825695698439, 36.7464850350455], [-119.82560169783, 36.7464850350455], [-119.825489697677, 36.7464850350455], [-119.824299697623, 36.7464870346819], [-119.823114697592, 36.7464930357502], [-119.822866697895, 36.7464910361139], [-119.822123697731, 36.7464880359397], [-119.822028698194, 36.7464880359397], [-119.821984697813, 36.7464880359397], [-119.821906697996, 36.7463950362388], [-119.821671697819, 36.7461200357518], [-119.821593698001, 36.746029035973], [-119.82162169759, 36.7460140357302], [-119.821880698056, 36.74587703592], [-119.821984697813, 36.7457550361616], [-119.82200369808, 36.7457140360163], [-119.822026697646, 36.7456670361564], [-119.822042698438, 36.7456350358678], [-119.822069698202, 36.7455110360629], [-119.822070697129, 36.743875034715], [-119.822071696954, 36.7432580348853], [-119.822389696971, 36.7432530348641], [-119.822930696571, 36.7432620350461], [-119.823954697842, 36.7432480348426], [-119.824555697716, 36.7432400352393], [-119.824930697635, 36.7432530348641], [-119.826303697986, 36.7432220348693], [-119.826704697844, 36.7432210350086], [-119.826785698035, 36.7432310350549], [-119.827122698319, 36.7432540347245], [-119.827225698251, 36.7432540347245], [-119.827481698344, 36.743239034659], [-119.827647698026, 36.7432150351242], [-119.827741697737, 36.7432080346586], [-119.828043697861, 36.7432030353539], [-119.828640698436, 36.7432020347731], [-119.829020698377, 36.7432250351712], [-119.829391698996, 36.7432200351478], [-119.829599699409, 36.7432140352634], [-119.830662699241, 36.7431890351397], [-119.830843698991, 36.743211034961], [-119.831028698939, 36.74322303473], [-119.831174699427, 36.7432090352393], [-119.831442699215, 36.743060034948], [-119.831703699331, 36.7430890352835], [-119.832259699, 36.7431180348881], [-119.83229669881, 36.743120035332], [-119.833172699044, 36.7431210351941], [-119.83471869875, 36.7431090339694], [-119.834936699208, 36.7431080341072], [-119.835538699806, 36.7431150338621], [-119.835543699829, 36.7437440338091], [-119.835544699653, 36.7437670340448], [-119.835546700202, 36.7456320349403], [-119.835548699851, 36.7462620349537], [-119.835548699851, 36.7462920353394], [-119.835548699851, 36.7463830348063], [-119.835549699676, 36.7464140349639]]]}, "properties": {"GEOID": "060190007021014", "P0010001": 0, "ALAND": 440317, "AWATER": 0}}, {"type": "Feature", "geometry": {"type": "Polygon", "coordinates": [[[-119.841091701312, 36.7464230340554], [-119.840121701366, 36.7464140342442], [-119.83951969987, 36.7464090337087], [-119.837871700057, 36.7464100349675], [-119.836692699874, 36.7464120353257], [-119.835549699676, 36.7464140349639], [-119.835548699851, 36.7463830348063], [-119.835548699851, 36.7462920353394], [-119.835548699851, 36.7462620349537], [-119.836691700049, 36.7462610351326], [-119.840120700643, 36.7462590340507], [-119.841097701159, 36.7462620342339], [-119.841091701312, 36.7464230340554]]]}, "properties": {"GEOID": "060190007021015", "P0010001": 0, "ALAND": 8351, "AWATER": 0}}, {"type": "Feature", "geometry": {"type": "Polygon", "coordinates": [[[-119.844292701401, 36.7447940337558], [-119.844290700853, 36.7462580342295], [-119.844118701324, 36.7462580342295], [-119.844085700814, 36.7462580342295], [-119.843473701068, 36.7462580342295], [-119.843269700854, 36.7462580342295], [-119.843270700679, 36.7463640339141], [-119.843270700679, 36.7464220342364], [-119.842868700996, 36.7464230340554], [-119.841795701118, 36.7464270340511], [-119.841665701422, 36.7464270340511], [-119.841517701284, 36.74642803387], [-119.841265701389, 36.7464250336933], [-119.841091701312, 36.7464230340554], [-119.841097701159, 36.7462620342339], [-119.840120700643, 36.7462590340507], [-119.836691700049, 36.7462610351326], [-119.835548699851, 36.7462620349537], [-119.835546700202, 36.7456320349403], [-119.835544699653, 36.7437670340448], [-119.835543699829, 36.7437440338091], [-119.835538699806, 36.7431150338621], [-119.837827699676, 36.7431040339385], [-119.843575701176, 36.7429470338096], [-119.844229700754, 36.7429420337681], [-119.844295700876, 36.7429410339037], [-119.844292701401, 36.7447940337558]]]}, "properties": {"GEOID": "060190007021016", "P0010001": 0, "ALAND": 282662, "AWATER": 0}}, {"type": "Feature", "geometry": {"type": "Polygon", "coordinates": [[[-119.844289701028, 36.7462900342584], [-119.844289701028, 36.7463430340969], [-119.844289701028, 36.7463860342649], [-119.844289701028, 36.7464190340594], [-119.844085700814, 36.7464190340594], [-119.843473701068, 36.7464210336975], [-119.843270700679, 36.7464220342364], [-119.843270700679, 36.7463640339141], [-119.843269700854, 36.7462580342295], [-119.843473701068, 36.7462580342295], [-119.844085700814, 36.7462580342295], [-119.844118701324, 36.7462580342295], [-119.844290700853, 36.7462580342295], [-119.844289701028, 36.7462900342584]]]}, "properties": {"GEOID": "060190007021017", "P0010001": 0, "ALAND": 1638, "AWATER": 0}}, {"type": "Feature", "geometry": {"type": "Polygon", "coordinates": [[[-119.84430970112, 36.7427510342434], [-119.844295700876, 36.7429410339037], [-119.844229700754, 36.7429420337681], [-119.843575701176, 36.7429470338096], [-119.837827699676, 36.7431040339385], [-119.835538699806, 36.7431150338621], [-119.835538698907, 36.7430730338835], [-119.835540698557, 36.7429480336739], [-119.835542699105, 36.7429070341885], [-119.836234700115, 36.7428970341], [-119.836810699875, 36.7428900343252], [-119.837194700015, 36.7428620337801], [-119.837343699977, 36.7428650340961], [-119.838311700273, 36.7428470343579], [-119.838456700038, 36.7428450339068], [-119.838750699766, 36.742820033663], [-119.838891700231, 36.7427820337086], [-119.838998700361, 36.7427780342427], [-119.839104699768, 36.7427740340568], [-119.83927969967, 36.7427560342973], [-119.839355699838, 36.7427420340015], [-119.839488699908, 36.7427040340085], [-119.839530699741, 36.7426830339096], [-119.839607699734, 36.742662033805], [-119.839658699787, 36.7426420342827], [-119.839709699841, 36.742614033647], [-119.840052699972, 36.7425200337007], [-119.840399700302, 36.742426034359], [-119.840510699732, 36.7423910338242], [-119.840731699665, 36.7422260339675], [-119.840842699993, 36.7421840342223], [-119.840919699986, 36.7421420337341], [-119.840970700039, 36.7421290339212], [-119.841097700261, 36.7420590340045], [-119.841392699814, 36.7420410340773], [-119.841498700119, 36.7420650339793], [-119.841571699914, 36.7420750341762], [-119.841643699884, 36.74209203422], [-119.841716699679, 36.7421020336935], [-119.842104700016, 36.7421940336838], [-119.842369701229, 36.742262033731], [-119.842718701208, 36.742241034231], [-119.842804701422, 36.7422270338413], [-119.842872701194, 36.7422060343317], [-119.842923701247, 36.7421780342568], [-119.843068701012, 36.7421640338556], [-119.843182700815, 36.7421400339846], [-119.843289700945, 36.7420740343005], [-119.843319701083, 36.7420770339275], [-119.843946700896, 36.7420380337291], [-119.844253701043, 36.7420780338031], [-119.844265700739, 36.7420790336787], [-119.844303701272, 36.7420830339009], [-119.844316700792, 36.7420850336519], [-119.84430970112, 36.7427510342434]]]}, "properties": {"GEOID": "060190007021018", "P0010001": 24, "ALAND": 46418, "AWATER": 0}}, {"type": "Feature", "geometry": {"type": "Polygon", "coordinates": [[[-119.835588699136, 36.7417620343061], [-119.835542699105, 36.7429070341885], [-119.835540698557, 36.7429480336739], [-119.835538698907, 36.7430730338835], [-119.835538699806, 36.7431150338621], [-119.834936699208, 36.7431080341072], [-119.83471869875, 36.7431090339694], [-119.833172699044, 36.7431210351941], [-119.83229669881, 36.743120035332], [-119.832259699, 36.7431180348881], [-119.831703699331, 36.7430890352835], [-119.831442699215, 36.743060034948], [-119.831009698672, 36.7430130349024], [-119.830470698722, 36.7430090347288], [-119.83016269875, 36.7430070350018], [-119.828119698029, 36.7430190348026], [-119.827547697568, 36.7430250347024], [-119.827465697552, 36.7430260352855], [-119.826573698323, 36.7430270351487], [-119.826559698079, 36.7417310351488], [-119.826544698011, 36.7403650348386], [-119.831003697926, 36.7403190337611], [-119.83162469879, 36.7402550337497], [-119.832119699258, 36.7400910342417], [-119.832588698888, 36.7397880339744], [-119.833192699136, 36.7392070341598], [-119.833660698941, 36.7395530342383], [-119.834817699382, 36.7403980343427], [-119.835195698776, 36.7406960341738], [-119.835342699089, 36.7408110340915], [-119.835479699356, 36.741057033794], [-119.835550698603, 36.7412700343128], [-119.83557869909, 36.7414590341566], [-119.835588699136, 36.7417620343061]]]}, "properties": {"GEOID": "060190007021019", "P0010001": 17, "ALAND": 256570, "AWATER": 0}}, {"type": "Feature", "geometry": {"type": "Polygon", "coordinates": [[[-119.831174699427, 36.7432090352393], [-119.831028698939, 36.74322303473], [-119.830843698991, 36.743211034961], [-119.830662699241, 36.7431890351397], [-119.829599699409, 36.7432140352634], [-119.829391698996, 36.7432200351478], [-119.829020698377, 36.7432250351712], [-119.828640698436, 36.7432020347731], [-119.828043697861, 36.7432030353539], [-119.827741697737, 36.7432080346586], [-119.827647698026, 36.7432150351242], [-119.827481698344, 36.743239034659], [-119.827225698251, 36.7432540347245], [-119.827122698319, 36.7432540347245], [-119.826785698035, 36.7432310350549], [-119.826704697844, 36.7432210350086], [-119.826303697986, 36.7432220348693], [-119.824930697635, 36.7432530348641], [-119.824555697716, 36.7432400352393], [-119.823954697842, 36.7432480348426], [-119.822930696571, 36.7432620350461], [-119.822389696971, 36.7432530348641], [-119.822071696954, 36.7432580348853], [-119.822071696954, 36.7432190352871], [-119.822071696954, 36.7431590349805], [-119.822078696626, 36.7431040346583], [-119.822083696649, 36.7430660348446], [-119.822981696625, 36.7430580352224], [-119.825674697624, 36.7430340349111], [-119.826573698323, 36.7430270351487], [-119.827465697552, 36.7430260352855], [-119.827547697568, 36.7430250347024], [-119.828119698029, 36.7430190348026], [-119.83016269875, 36.7430070350018], [-119.830470698722, 36.7430090347288], [-119.831009698672, 36.7430130349024], [-119.831442699215, 36.743060034948], [-119.831174699427, 36.7432090352393]]]}, "properties": {"GEOID": "060190007021020", "P0010001": 0, "ALAND": 18187, "AWATER": 0}}, {"type": "Feature", "geometry": {"type": "Polygon", "coordinates": [[[-119.832588698888, 36.7397880339744], [-119.832119699258, 36.7400910342417], [-119.83162469879, 36.7402550337497], [-119.831003697926, 36.7403190337611], [-119.826544698011, 36.7403650348386], [-119.826559698079, 36.7417310351488], [-119.826573698323, 36.7430270351487], [-119.825674697624, 36.7430340349111], [-119.822981696625, 36.7430580352224], [-119.822083696649, 36.7430660348446], [-119.822058697433, 36.7412700350326], [-119.822048697387, 36.7395620348541], [-119.822032696596, 36.7394390352253], [-119.822023697273, 36.7386960351548], [-119.822022697448, 36.7385750347007], [-119.822688696722, 36.7385050351422], [-119.823249697312, 36.7384560353412], [-119.824041696982, 36.7384070347891], [-119.825914696926, 36.7383700347335], [-119.82652269827, 36.7383580349256], [-119.831895698054, 36.73824803384], [-119.833192699136, 36.7392070341598], [-119.832588698888, 36.7397880339744]]]}, "properties": {"GEOID": "060190007021021", "P0010001": 0, "ALAND": 326818, "AWATER": 0}}, {"type": "Feature", "geometry": {"type": "Polygon", "coordinates": [[[-119.822083696649, 36.7430660348446], [-119.821596696578, 36.7430700350153], [-119.82013969656, 36.7430850351137], [-119.819769696664, 36.7430890352835], [-119.819653697212, 36.7430900351459], [-119.819542696884, 36.7430910350083], [-119.819474697112, 36.7430920348707], [-119.819211697346, 36.7430940353154], [-119.819101696843, 36.7430960357599], [-119.818731696947, 36.7427500350963], [-119.818440696694, 36.7425130353312], [-119.818231697355, 36.7423640351284], [-119.817962696843, 36.7422010349618], [-119.817621696361, 36.7419990349506], [-119.81718269597, 36.7417560357473], [-119.816630695601, 36.7414810359135], [-119.816548695585, 36.7414470362713], [-119.815902696403, 36.7411920359556], [-119.815638695914, 36.7410980357073], [-119.815280695714, 36.7409800358301], [-119.815045696435, 36.7408970362836], [-119.815431696225, 36.7406870358506], [-119.816760696196, 36.740068035064], [-119.817519696254, 36.7397310350235], [-119.81800769615, 36.7395530349582], [-119.819157696021, 36.7391670347492], [-119.81969469722, 36.7390240347423], [-119.82070069715, 36.7387990347307], [-119.821504697414, 36.7386530349974], [-119.822022697448, 36.7385750347007], [-119.822023697273, 36.7386960351548], [-119.822032696596, 36.7394390352253], [-119.822048697387, 36.7395620348541], [-119.822058697433, 36.7412700350326], [-119.822083696649, 36.7430660348446]]]}, "properties": {"GEOID": "060190007021022", "P0010001": 6, "ALAND": 197429, "AWATER": 0}}, {"type": "Feature", "geometry": {"type": "Polygon", "coordinates": [[[-119.818835696704, 36.7430920363104], [-119.81845969696, 36.742756035737], [-119.818320697043, 36.7426630358325], [-119.817979696561, 36.7424090358289], [-119.817637697153, 36.7421920360951], [-119.817195696389, 36.7419500359405], [-119.816470695767, 36.7415960360948], [-119.816392695949, 36.7415580362542], [-119.815067696177, 36.7410940361537], [-119.814836696198, 36.7410150362884], [-119.815045696435, 36.7408970362836], [-119.815280695714, 36.7409800358301], [-119.815638695914, 36.7410980357073], [-119.815902696403, 36.7411920359556], [-119.816548695585, 36.7414470362713], [-119.816630695601, 36.7414810359135], [-119.81718269597, 36.7417560357473], [-119.817621696361, 36.7419990349506], [-119.817962696843, 36.7422010349618], [-119.818231697355, 36.7423640351284], [-119.818440696694, 36.7425130353312], [-119.818731696947, 36.7427500350963], [-119.819101696843, 36.7430960357599], [-119.818835696704, 36.7430920363104]]]}, "properties": {"GEOID": "060190007021023", "P0010001": 0, "ALAND": 7961, "AWATER": 0}}, {"type": "Feature", "geometry": {"type": "Polygon", "coordinates": [[[-119.818793696871, 36.7430920363104], [-119.81787269733, 36.7431100359911], [-119.817565697183, 36.7431160358838], [-119.813280696447, 36.7431200360518], [-119.813087696103, 36.7431200360518], [-119.813009696285, 36.7431200360518], [-119.812725695705, 36.7431340362786], [-119.81223169596, 36.7431420358929], [-119.812215696067, 36.7431420358929], [-119.811902696072, 36.7431690357548], [-119.811725695622, 36.7432250358911], [-119.811499695666, 36.7433190356938], [-119.809837694711, 36.744174036011], [-119.809701695167, 36.7442100363003], [-119.809118694836, 36.7440800358158], [-119.810059695367, 36.7435480362783], [-119.810236694919, 36.7434460357346], [-119.810574695028, 36.7432540361641], [-119.810774695943, 36.7431500362262], [-119.810957696241, 36.7430570360793], [-119.811013696318, 36.7430270358686], [-119.811045696105, 36.7430100360319], [-119.812943696163, 36.74200503565], [-119.813005696087, 36.7419720361169], [-119.813197695708, 36.7418700363581], [-119.81326169618, 36.7418370360472], [-119.814714695999, 36.741084035829], [-119.814736695741, 36.7410700359481], [-119.814836696198, 36.7410150362884], [-119.815067696177, 36.7410940361537], [-119.816392695949, 36.7415580362542], [-119.816470695767, 36.7415960360948], [-119.817195696389, 36.7419500359405], [-119.817637697153, 36.7421920360951], [-119.817979696561, 36.7424090358289], [-119.818320697043, 36.7426630358325], [-119.81845969696, 36.742756035737], [-119.818835696704, 36.7430920363104], [-119.818793696871, 36.7430920363104]]]}, "properties": {"GEOID": "060190007021024", "P0010001": 0, "ALAND": 101639, "AWATER": 0}}, {"type": "Feature", "geometry": {"type": "Polygon", "coordinates": [[[-119.814836696198, 36.7410150362884], [-119.814736695741, 36.7410700359481], [-119.814714695999, 36.741084035829], [-119.81326169618, 36.7418370360472], [-119.813197695708, 36.7418700363581], [-119.813005696087, 36.7419720361169], [-119.812943696163, 36.74200503565], [-119.811045696105, 36.7430100360319], [-119.811013696318, 36.7430270358686], [-119.810957696241, 36.7430570360793], [-119.810774695943, 36.7431500362262], [-119.810574695028, 36.7432540361641], [-119.810236694919, 36.7434460357346], [-119.810059695367, 36.7435480362783], [-119.809118694836, 36.7440800358158], [-119.808717694978, 36.7439540359555], [-119.808789694948, 36.7439060358858], [-119.810376694661, 36.7430460361474], [-119.811738696041, 36.7423200357137], [-119.812935695767, 36.7416900357331], [-119.813004696262, 36.7416500361767], [-119.813172695593, 36.741560036019], [-119.814300695723, 36.7409390360133], [-119.814329696035, 36.7409220357141], [-119.814406696028, 36.7408760356902], [-119.814431696142, 36.7408620357714], [-119.814798695665, 36.7410000357854], [-119.814836696198, 36.7410150362884]]]}, "properties": {"GEOID": "060190007021025", "P0010001": 0, "ALAND": 18836, "AWATER": 0}}, {"type": "Feature", "geometry": {"type": "Polygon", "coordinates": [[[-119.809118694836, 36.7440800358158], [-119.808574694863, 36.7443580359526], [-119.807534694597, 36.7449060359351], [-119.807475695046, 36.7449370359695], [-119.807452694581, 36.7449490361885], [-119.807316695037, 36.7450210360231], [-119.806909695331, 36.7452390369502], [-119.806774694714, 36.745312037066], [-119.806576695245, 36.745130036924], [-119.807238695219, 36.7447560362185], [-119.807306694991, 36.7447120360157], [-119.808717694978, 36.7439540359555], [-119.809118694836, 36.7440800358158]]]}, "properties": {"GEOID": "060190007021026", "P0010001": 0, "ALAND": 7031, "AWATER": 0}}, {"type": "Feature", "geometry": {"type": "Polygon", "coordinates": [[[-119.807306694991, 36.7447120360157], [-119.807238695219, 36.7447560362185], [-119.806576695245, 36.745130036924], [-119.806548694758, 36.7451050367046], [-119.806537694887, 36.7450950369025], [-119.805870694891, 36.7444850371534], [-119.80564569476, 36.7442790372875], [-119.80564369511, 36.7441440369567], [-119.805637695262, 36.7437420362608], [-119.805635694714, 36.7436080362807], [-119.805667695399, 36.7435760358534], [-119.805721694928, 36.7435230362634], [-119.805769694608, 36.7434880362289], [-119.805806695317, 36.7434630361945], [-119.806615694705, 36.7441250362299], [-119.807269695182, 36.7446810358903], [-119.807306694991, 36.7447120360157]]]}, "properties": {"GEOID": "060190007021027", "P0010001": 0, "ALAND": 12762, "AWATER": 0}}, {"type": "Feature", "geometry": {"type": "Polygon", "coordinates": [[[-119.808717694978, 36.7439540359555], [-119.807306694991, 36.7447120360157], [-119.807269695182, 36.7446810358903], [-119.806615694705, 36.7441250362299], [-119.805806695317, 36.7434630361945], [-119.805839694928, 36.7434400358677], [-119.806068695257, 36.7433420360568], [-119.806875694996, 36.7429610362275], [-119.807089695256, 36.7431490356447], [-119.80724769544, 36.7432720358068], [-119.80750069516, 36.7434280361327], [-119.808012695346, 36.7436640360967], [-119.808267694716, 36.7437650357773], [-119.808484695349, 36.7438590363582], [-119.808675695145, 36.7439380361756], [-119.808717694978, 36.7439540359555]]]}, "properties": {"GEOID": "060190007021028", "P0010001": 0, "ALAND": 22735, "AWATER": 0}}, {"type": "Feature", "geometry": {"type": "Polygon", "coordinates": [[[-119.814431696142, 36.7408620357714], [-119.814406696028, 36.7408760356902], [-119.814329696035, 36.7409220357141], [-119.814300695723, 36.7409390360133], [-119.813172695593, 36.741560036019], [-119.813004696262, 36.7416500361767], [-119.812935695767, 36.7416900357331], [-119.811738696041, 36.7423200357137], [-119.810376694661, 36.7430460361474], [-119.808789694948, 36.7439060358858], [-119.808717694978, 36.7439540359555], [-119.808675695145, 36.7439380361756], [-119.808484695349, 36.7438590363582], [-119.808267694716, 36.7437650357773], [-119.808012695346, 36.7436640360967], [-119.80750069516, 36.7434280361327], [-119.80724769544, 36.7432720358068], [-119.807089695256, 36.7431490356447], [-119.806875694996, 36.7429610362275], [-119.807598695069, 36.7432280361929], [-119.808441694793, 36.7432080360982], [-119.808728694849, 36.7431730359201], [-119.809327695073, 36.7431030362358], [-119.809589695014, 36.7430720361803], [-119.809877694894, 36.7430390356664], [-119.809939694818, 36.7429960357825], [-119.810124694766, 36.7428700363021], [-119.810187695414, 36.7428280361893], [-119.810654695394, 36.7424950362303], [-119.810890695396, 36.7423110361412], [-119.810972695411, 36.7422380360501], [-119.811065695298, 36.7421470359873], [-119.811364695049, 36.7418330358122], [-119.811688694914, 36.7414330357368], [-119.811980694992, 36.7410390357913], [-119.811998695433, 36.7410150362884], [-119.812308695055, 36.7405930357037], [-119.812435695276, 36.7404360361973], [-119.812622694874, 36.7402510363117], [-119.813185696012, 36.7404480356803], [-119.81418669592, 36.7407770363122], [-119.814409696401, 36.7408540359194], [-119.814431696142, 36.7408620357714]]]}, "properties": {"GEOID": "060190007021029", "P0010001": 0, "ALAND": 47949, "AWATER": 0}}, {"type": "Feature", "geometry": {"type": "Polygon", "coordinates": [[[-119.81461669609, 36.7407550357931], [-119.814431696142, 36.7408620357714], [-119.814409696401, 36.7408540359194], [-119.81418669592, 36.7407770363122], [-119.813185696012, 36.7404480356803], [-119.812622694874, 36.7402510363117], [-119.812755695842, 36.7401460360032], [-119.812841696056, 36.7401730361991], [-119.813099695798, 36.740257035708], [-119.813185696012, 36.7402860356628], [-119.813550695885, 36.7404040358871], [-119.813883695971, 36.7405120362506], [-119.814252696042, 36.7406370361085], [-119.814356695799, 36.7406700362154], [-119.814379696264, 36.7406770361927], [-119.814588695603, 36.7407450361441], [-119.81461669609, 36.7407550357931]]]}, "properties": {"GEOID": "060190007021030", "P0010001": 0, "ALAND": 2950, "AWATER": 0}}, {"type": "Feature", "geometry": {"type": "Polygon", "coordinates": [[[-119.815045696435, 36.7408970362836], [-119.814836696198, 36.7410150362884], [-119.814798695665, 36.7410000357854], [-119.814431696142, 36.7408620357714], [-119.81461669609, 36.7407550357931], [-119.814644695679, 36.740764036268], [-119.815010696275, 36.7408840362597], [-119.815045696435, 36.7408970362836]]]}, "properties": {"GEOID": "060190007021031", "P0010001": 0, "ALAND": 755, "AWATER": 0}}, {"type": "Feature", "geometry": {"type": "Polygon", "coordinates": [[[-119.822022697448, 36.7385750347007], [-119.821504697414, 36.7386530349974], [-119.82070069715, 36.7387990347307], [-119.81969469722, 36.7390240347423], [-119.819157696021, 36.7391670347492], [-119.81800769615, 36.7395530349582], [-119.817519696254, 36.7397310350235], [-119.816760696196, 36.740068035064], [-119.815431696225, 36.7406870358506], [-119.815045696435, 36.7408970362836], [-119.815010696275, 36.7408840362597], [-119.814644695679, 36.740764036268], [-119.81461669609, 36.7407550357931], [-119.81622269607, 36.7399610346988], [-119.816419695714, 36.7398660351981], [-119.816776696089, 36.739688034726], [-119.817521695904, 36.7393740352891], [-119.818228696083, 36.739143034661], [-119.819700696169, 36.7387330350533], [-119.821289697329, 36.7383920352162], [-119.822019697075, 36.7382820348992], [-119.822022697448, 36.7385750347007]]]}, "properties": {"GEOID": "060190007021032", "P0010001": 0, "ALAND": 22925, "AWATER": 0}}, {"type": "Feature", "geometry": {"type": "Polygon", "coordinates": [[[-119.831895698054, 36.73824803384], [-119.82652269827, 36.7383580349256], [-119.825914696926, 36.7383700347335], [-119.824041696982, 36.7384070347891], [-119.823249697312, 36.7384560353412], [-119.822688696722, 36.7385050351422], [-119.822022697448, 36.7385750347007], [-119.822019697075, 36.7382820348992], [-119.822813697294, 36.7381750349239], [-119.8235176971, 36.7381140350662], [-119.824112697127, 36.7380740350861], [-119.825603696581, 36.7380260349384], [-119.826518698072, 36.7380140350768], [-119.831466697708, 36.7379040342181], [-119.831895698054, 36.73824803384]]]}, "properties": {"GEOID": "060190007021033", "P0010001": 0, "ALAND": 32586, "AWATER": 0}}, {"type": "Feature", "geometry": {"type": "Polygon", "coordinates": [[[-119.844359699552, 36.738230033019], [-119.844355700252, 36.738550033066], [-119.844243700099, 36.7385540327522], [-119.841828699832, 36.7386310338696], [-119.841030700314, 36.7386370341124], [-119.840458699853, 36.7386310338696], [-119.83959169984, 36.7385790336657], [-119.838715699606, 36.7385240336609], [-119.838601699803, 36.7385140337212], [-119.837759699006, 36.7384410343381], [-119.836820699022, 36.7383190342774], [-119.836210698927, 36.7382830341044], [-119.835538698907, 36.7382120343535], [-119.834090699111, 36.7382120343535], [-119.832186698307, 36.7382430342123], [-119.832129698405, 36.7382440341378], [-119.831895698054, 36.73824803384], [-119.831466697708, 36.7379040342181], [-119.831667698448, 36.7379000337781], [-119.834210698762, 36.7378560339641], [-119.835537699082, 36.7378550340335], [-119.836381698631, 36.7379410337785], [-119.837155698758, 36.7380020337735], [-119.837820699105, 36.738075034294], [-119.838564699095, 36.7381480340251], [-119.83870969886, 36.7381640342922], [-119.839388700349, 36.7382400337156], [-119.83993870017, 36.7382770338339], [-119.840441700135, 36.7382870338044], [-119.840903700092, 36.7383020341178], [-119.841724700075, 36.7382840340294], [-119.842568699624, 36.7382380331445], [-119.844237700251, 36.7382220328928], [-119.844359699552, 36.7382140327657], [-119.844359699552, 36.738230033019]]]}, "properties": {"GEOID": "060190007021034", "P0010001": 0, "ALAND": 44134, "AWATER": 0}}, {"type": "Feature", "geometry": {"type": "Polygon", "coordinates": [[[-119.844354700427, 36.7386300332292], [-119.844350700229, 36.739035033091], [-119.844343700556, 36.7396450329647], [-119.844323701363, 36.7413760336883], [-119.843807700979, 36.7413700336597], [-119.843380701182, 36.7414070337089], [-119.843036701225, 36.7415900339237], [-119.842734701102, 36.7417390341894], [-119.842421700209, 36.7417910336923], [-119.841930699939, 36.7418120340352], [-119.840718700144, 36.7418160342713], [-119.840393699556, 36.7418250339019], [-119.840141699661, 36.7418300340161], [-119.840008699591, 36.7417540338281], [-119.83995169969, 36.7415640341086], [-119.839989700223, 36.7392610337629], [-119.839996699896, 36.7391720343167], [-119.839948700215, 36.7390770338396], [-119.839830700215, 36.7390300342345], [-119.83941070009, 36.7389510336846], [-119.836239699239, 36.7385750339808], [-119.83554169928, 36.7385860338336], [-119.835538698907, 36.7382120343535], [-119.836210698927, 36.7382830341044], [-119.836820699022, 36.7383190342774], [-119.837759699006, 36.7384410343381], [-119.838601699803, 36.7385140337212], [-119.838715699606, 36.7385240336609], [-119.83959169984, 36.7385790336657], [-119.840458699853, 36.7386310338696], [-119.841030700314, 36.7386370341124], [-119.841828699832, 36.7386310338696], [-119.844243700099, 36.7385540327522], [-119.844355700252, 36.738550033066], [-119.844354700427, 36.7386300332292]]]}, "properties": {"GEOID": "060190007021035", "P0010001": 0, "ALAND": 147985, "AWATER": 0}}, {"type": "Feature", "geometry": {"type": "Polygon", "coordinates": [[[-119.84432270064, 36.74147403385], [-119.844319701165, 36.7416840342893], [-119.844316700792, 36.7420850336519], [-119.844303701272, 36.7420830339009], [-119.844265700739, 36.7420790336787], [-119.844253701043, 36.7420780338031], [-119.843946700896, 36.7420380337291], [-119.843319701083, 36.7420770339275], [-119.843289700945, 36.7420740343005], [-119.843182700815, 36.7421400339846], [-119.843068701012, 36.7421640338556], [-119.842923701247, 36.7421780342568], [-119.842872701194, 36.7422060343317], [-119.842804701422, 36.7422270338413], [-119.842718701208, 36.742241034231], [-119.842369701229, 36.742262033731], [-119.842104700016, 36.7421940336838], [-119.841716699679, 36.7421020336935], [-119.841643699884, 36.74209203422], [-119.841571699914, 36.7420750341762], [-119.841498700119, 36.7420650339793], [-119.841392699814, 36.7420410340773], [-119.841097700261, 36.7420590340045], [-119.840970700039, 36.7421290339212], [-119.840919699986, 36.7421420337341], [-119.840842699993, 36.7421840342223], [-119.840731699665, 36.7422260339675], [-119.840510699732, 36.7423910338242], [-119.840399700302, 36.742426034359], [-119.840052699972, 36.7425200337007], [-119.839709699841, 36.742614033647], [-119.839658699787, 36.7426420342827], [-119.839607699734, 36.742662033805], [-119.839530699741, 36.7426830339096], [-119.839488699908, 36.7427040340085], [-119.839355699838, 36.7427420340015], [-119.83927969967, 36.7427560342973], [-119.839104699768, 36.7427740340568], [-119.838998700361, 36.7427780342427], [-119.838891700231, 36.7427820337086], [-119.838750699766, 36.742820033663], [-119.838456700038, 36.7428450339068], [-119.838311700273, 36.7428470343579], [-119.837343699977, 36.7428650340961], [-119.837194700015, 36.7428620337801], [-119.836810699875, 36.7428900343252], [-119.836234700115, 36.7428970341], [-119.835542699105, 36.7429070341885], [-119.835588699136, 36.7417620343061], [-119.83557869909, 36.7414590341566], [-119.835550698603, 36.7412700343128], [-119.835479699356, 36.741057033794], [-119.835342699089, 36.7408110340915], [-119.835304698556, 36.7407030341487], [-119.835304698556, 36.7406180337935], [-119.835483698656, 36.7403520340048], [-119.83550869877, 36.7403250338719], [-119.83554569858, 36.7401120343299], [-119.835549698778, 36.7394030341378], [-119.83554169928, 36.7385860338336], [-119.836239699239, 36.7385750339808], [-119.83941070009, 36.7389510336846], [-119.839830700215, 36.7390300342345], [-119.839948700215, 36.7390770338396], [-119.839996699896, 36.7391720343167], [-119.839989700223, 36.7392610337629], [-119.83995169969, 36.7415640341086], [-119.840008699591, 36.7417540338281], [-119.840141699661, 36.7418300340161], [-119.840393699556, 36.7418250339019], [-119.840718700144, 36.7418160342713], [-119.841930699939, 36.7418120340352], [-119.842421700209, 36.7417910336923], [-119.842734701102, 36.7417390341894], [-119.843036701225, 36.7415900339237], [-119.843380701182, 36.7414070337089], [-119.843807700979, 36.7413700336597], [-119.844323701363, 36.7413760336883], [-119.84432270064, 36.74147403385]]]}, "properties": {"GEOID": "060190007021036", "P0010001": 74, "ALAND": 200588, "AWATER": 0}}, {"type": "Feature", "geometry": {"type": "Polygon", "coordinates": [[[-119.83554569858, 36.7401120343299], [-119.83550869877, 36.7403250338719], [-119.835483698656, 36.7403520340048], [-119.835304698556, 36.7406180337935], [-119.835304698556, 36.7407030341487], [-119.835342699089, 36.7408110340915], [-119.83514869892, 36.7405640337053], [-119.834949698728, 36.7403700343281], [-119.834794698918, 36.7402420343369], [-119.834567699137, 36.7400630341151], [-119.833336699076, 36.7391440338549], [-119.833427699312, 36.7390380342765], [-119.833665698964, 36.7388480343127], [-119.833849699087, 36.7387100340289], [-119.834012699293, 36.7386320337901], [-119.834156699233, 36.7385860338336], [-119.834450698961, 36.7385940339219], [-119.834767699154, 36.7385920340799], [-119.83554169928, 36.7385860338336], [-119.835549698778, 36.7394030341378], [-119.83554569858, 36.7401120343299]]]}, "properties": {"GEOID": "060190007021037", "P0010001": 4, "ALAND": 28054, "AWATER": 0}}, {"type": "Feature", "geometry": {"type": "Polygon", "coordinates": [[[-119.835195698776, 36.7406960341738], [-119.834817699382, 36.7403980343427], [-119.833660698941, 36.7395530342383], [-119.833192699136, 36.7392070341598], [-119.833336699076, 36.7391440338549], [-119.834567699137, 36.7400630341151], [-119.834794698918, 36.7402420343369], [-119.834949698728, 36.7403700343281], [-119.83514869892, 36.7405640337053], [-119.835342699089, 36.7408110340915], [-119.835195698776, 36.7406960341738]]]}, "properties": {"GEOID": "060190007021038", "P0010001": 0, "ALAND": 2949, "AWATER": 0}}, {"type": "Feature", "geometry": {"type": "Polygon", "coordinates": [[[-119.833192699136, 36.7392070341598], [-119.831895698054, 36.73824803384], [-119.832129698405, 36.7382440341378], [-119.833336699076, 36.7391440338549], [-119.833192699136, 36.7392070341598]]]}, "properties": {"GEOID": "060190007021039", "P0010001": 0, "ALAND": 2157, "AWATER": 0}}, {"type": "Feature", "geometry": {"type": "Polygon", "coordinates": [[[-119.83554169928, 36.7385860338336], [-119.834767699154, 36.7385920340799], [-119.834450698961, 36.7385940339219], [-119.834156699233, 36.7385860338336], [-119.834012699293, 36.7386320337901], [-119.833849699087, 36.7387100340289], [-119.833665698964, 36.7388480343127], [-119.833427699312, 36.7390380342765], [-119.833336699076, 36.7391440338549], [-119.832129698405, 36.7382440341378], [-119.832186698307, 36.7382430342123], [-119.834090699111, 36.7382120343535], [-119.835538698907, 36.7382120343535], [-119.83554169928, 36.7385860338336]]]}, "properties": {"GEOID": "060190007021040", "P0010001": 0, "ALAND": 15501, "AWATER": 0}}, {"type": "Feature", "geometry": {"type": "Polygon", "coordinates": [[[-119.80564569476, 36.7442790372875], [-119.80543869507, 36.7441570371482], [-119.805400695436, 36.744136036727], [-119.804656695446, 36.7437230368742], [-119.804614694715, 36.7437000373451], [-119.804398694805, 36.7436070371449], [-119.804645694677, 36.7436070371449], [-119.805387695017, 36.7436070357052], [-119.805635694714, 36.7436080362807], [-119.805637695262, 36.7437420362608], [-119.80564369511, 36.7441440369567], [-119.80564569476, 36.7442790372875]]]}, "properties": {"GEOID": "060190007021041", "P0010001": 0, "ALAND": 3943, "AWATER": 0}}, {"type": "Feature", "geometry": {"type": "Polygon", "coordinates": [[[-119.844387700039, 36.7358050329715], [-119.844371700145, 36.7371550333294], [-119.844369699597, 36.7372790329567], [-119.844359699552, 36.7381280333266], [-119.844359699552, 36.7382140327657], [-119.844237700251, 36.7382220328928], [-119.842568699624, 36.7382380331445], [-119.841724700075, 36.7382840340294], [-119.840903700092, 36.7383020341178], [-119.840441700135, 36.7382870338044], [-119.83993870017, 36.7382770338339], [-119.839388700349, 36.7382400337156], [-119.83870969886, 36.7381640342922], [-119.838564699095, 36.7381480340251], [-119.837820699105, 36.738075034294], [-119.837155698758, 36.7380020337735], [-119.836381698631, 36.7379410337785], [-119.835537699082, 36.7378550340335], [-119.835531699235, 36.7358580342913], [-119.835539698732, 36.7357490339007], [-119.843658700118, 36.7356880328352], [-119.844394699712, 36.7356820330818], [-119.844387700039, 36.7358050329715]]]}, "properties": {"GEOID": "060190007021042", "P0010001": 3, "ALAND": 214537, "AWATER": 0}}, {"type": "Feature", "geometry": {"type": "Polygon", "coordinates": [[[-119.822019697075, 36.7382820348992], [-119.821289697329, 36.7383920352162], [-119.819700696169, 36.7387330350533], [-119.818228696083, 36.739143034661], [-119.817521695904, 36.7393740352891], [-119.816776696089, 36.739688034726], [-119.816419695714, 36.7398660351981], [-119.81622269607, 36.7399610346988], [-119.81461669609, 36.7407550357931], [-119.814588695603, 36.7407450361441], [-119.814379696264, 36.7406770361927], [-119.814356695799, 36.7406700362154], [-119.814252696042, 36.7406370361085], [-119.813883695971, 36.7405120362506], [-119.813550695885, 36.7404040358871], [-119.813185696012, 36.7402860356628], [-119.813099695798, 36.740257035708], [-119.812841696056, 36.7401730361991], [-119.812755695842, 36.7401460360032], [-119.81290369598, 36.7400320357113], [-119.813031696026, 36.739958035709], [-119.813074695684, 36.7399350357716], [-119.813039696422, 36.7397560362735], [-119.812999695341, 36.7395540363064], [-119.812971694854, 36.7393290356888], [-119.812937695417, 36.7390520359678], [-119.813188694589, 36.7390520359678], [-119.815319696072, 36.7390490347829], [-119.816880695846, 36.7390350352507], [-119.817021696311, 36.7390240347423], [-119.817170696274, 36.7389720348046], [-119.817472696398, 36.7388740350478], [-119.817526695927, 36.7388300350722], [-119.81754269582, 36.7387680350966], [-119.817536695972, 36.7385860352734], [-119.817512695683, 36.7378500351001], [-119.81750569601, 36.7376050351318], [-119.817499696162, 36.7372550351577], [-119.817483696269, 36.7362050350193], [-119.817478696246, 36.7358550351412], [-119.818270695916, 36.7358590349678], [-119.819221695595, 36.7358640347508], [-119.820649696198, 36.7358520352711], [-119.821442695693, 36.7358460348106], [-119.821552696197, 36.7358450348539], [-119.821881696983, 36.7358450348539], [-119.821992697311, 36.7358450348539], [-119.821996696611, 36.7361980353541], [-119.822008697204, 36.7372590349114], [-119.822012697402, 36.7376130353224], [-119.822019697075, 36.7382820348992]]]}, "properties": {"GEOID": "060190007021043", "P0010001": 43, "ALAND": 182277, "AWATER": 0}}, {"type": "Feature", "geometry": {"type": "Polygon", "coordinates": [[[-119.81750569601, 36.7376050351318], [-119.816642696195, 36.7376120346687], [-119.814053694952, 36.7376370351692], [-119.813191694962, 36.7376460352897], [-119.813140694908, 36.7376460352897], [-119.812987694747, 36.7376470352231], [-119.812937695417, 36.7376480351564], [-119.812933695219, 36.7374980349327], [-119.812924694998, 36.7370480346627], [-119.812921694625, 36.7368980347064], [-119.812916694602, 36.7366930352999], [-119.812904694906, 36.7360800351432], [-119.812900694708, 36.7358760349485], [-119.812949695112, 36.7358750349921], [-119.813098695075, 36.7358740350357], [-119.813148695304, 36.7358740350357], [-119.81356669488, 36.7358710351663], [-119.814820695406, 36.735861034881], [-119.815239694808, 36.7358590349678], [-119.815686695595, 36.7358580350112], [-119.817030695634, 36.7358550351412], [-119.817478696246, 36.7358550351412], [-119.817483696269, 36.7362050350193], [-119.817499696162, 36.7372550351577], [-119.81750569601, 36.7376050351318]]]}, "properties": {"GEOID": "060190007021044", "P0010001": 66, "ALAND": 79970, "AWATER": 0}}, {"type": "Feature", "geometry": {"type": "Polygon", "coordinates": [[[-119.81754269582, 36.7387680350966], [-119.817526695927, 36.7388300350722], [-119.817472696398, 36.7388740350478], [-119.817170696274, 36.7389720348046], [-119.817021696311, 36.7390240347423], [-119.816880695846, 36.7390350352507], [-119.815319696072, 36.7390490347829], [-119.813188694589, 36.7390520359678], [-119.812937695417, 36.7390520359678], [-119.812935694869, 36.7390050363474], [-119.812933695219, 36.7379570348086], [-119.812937695417, 36.7376480351564], [-119.812987694747, 36.7376470352231], [-119.813140694908, 36.7376460352897], [-119.813191694962, 36.7376460352897], [-119.814053694952, 36.7376370351692], [-119.816642696195, 36.7376120346687], [-119.81750569601, 36.7376050351318], [-119.817512695683, 36.7378500351001], [-119.817536695972, 36.7385860352734], [-119.81754269582, 36.7387680350966]]]}, "properties": {"GEOID": "060190007021045", "P0010001": 39, "ALAND": 64087, "AWATER": 0}}, {"type": "Feature", "geometry": {"type": "Polygon", "coordinates": [[[-119.831466697708, 36.7379040342181], [-119.826518698072, 36.7380140350768], [-119.825603696581, 36.7380260349384], [-119.824112697127, 36.7380740350861], [-119.8235176971, 36.7381140350662], [-119.822813697294, 36.7381750349239], [-119.822019697075, 36.7382820348992], [-119.822012697402, 36.7376130353224], [-119.824934696934, 36.7376110347349], [-119.82497969714, 36.7375890347483], [-119.825033696669, 36.7375570346909], [-119.825064696631, 36.7375170351404], [-119.825055697308, 36.7361900342962], [-119.825055697308, 36.7361180340962], [-119.825082697072, 36.7360730340268], [-119.825154697042, 36.7360280339311], [-119.825213696594, 36.7360150338025], [-119.825815697191, 36.7360100340294], [-119.825892697184, 36.7360370342403], [-119.825991696919, 36.7360910339137], [-119.826099696874, 36.7361270336749], [-119.826211697027, 36.7361360339725], [-119.826346696746, 36.736114034283], [-119.826498697082, 36.7360170337117], [-119.826665696588, 36.7359450340693], [-119.826742696581, 36.7359070343108], [-119.82682769697, 36.7358520338313], [-119.826887697244, 36.7358000339046], [-119.82689969694, 36.735788033695], [-119.827058696948, 36.735788033695], [-119.827535696974, 36.7357890336525], [-119.827695696808, 36.73579003433], [-119.828463697985, 36.7357910342875], [-119.829801698177, 36.7357940341599], [-119.830121697844, 36.736368034241], [-119.830244697868, 36.73654303393], [-119.830674698038, 36.7370910342793], [-119.831217698186, 36.7376680338203], [-119.831466697708, 36.7379040342181]]]}, "properties": {"GEOID": "060190007021046", "P0010001": 0, "ALAND": 81410, "AWATER": 49077}}, {"type": "Feature", "geometry": {"type": "Polygon", "coordinates": [[[-119.835531699235, 36.7358580342913], [-119.835537699082, 36.7378550340335], [-119.834210698762, 36.7378560339641], [-119.831667698448, 36.7379000337781], [-119.831466697708, 36.7379040342181], [-119.831217698186, 36.7376680338203], [-119.830674698038, 36.7370910342793], [-119.830244697868, 36.73654303393], [-119.830121697844, 36.736368034241], [-119.829801698177, 36.7357940341599], [-119.830768697749, 36.7357970340323], [-119.831537697853, 36.7357990339471], [-119.831616698394, 36.7357980339897], [-119.832337697919, 36.735788033695], [-119.833389697881, 36.7357740342879], [-119.834738698841, 36.7357580342426], [-119.835539698732, 36.7357490339007], [-119.835531699235, 36.7358580342913]]]}, "properties": {"GEOID": "060190007021047", "P0010001": 14, "ALAND": 104097, "AWATER": 0}}, {"type": "Feature", "geometry": {"type": "Polygon", "coordinates": [[[-119.835527699037, 36.7356210341228], [-119.835539698732, 36.7357490339007], [-119.834738698841, 36.7357580342426], [-119.833389697881, 36.7357740342879], [-119.832337697919, 36.735788033695], [-119.831616698394, 36.7357980339897], [-119.831537697853, 36.7357990339471], [-119.830768697749, 36.7357970340323], [-119.829801698177, 36.7357940341599], [-119.829783697735, 36.7357680338214], [-119.829657698237, 36.7355970336458], [-119.829586698092, 36.7354990338997], [-119.829509698099, 36.7353960342154], [-119.829429697733, 36.7352880338528], [-119.829345698067, 36.7351770341618], [-119.829258698029, 36.7350620337223], [-119.82916969834, 36.734944033925], [-119.829076697555, 36.7348230340359], [-119.828984698392, 36.7347020339562], [-119.828893698156, 36.7345820336591], [-119.828805698292, 36.7344650338186], [-119.82871969718, 36.7343510337288], [-119.828636697339, 36.7342410341005], [-119.828555697149, 36.734135034231], [-119.828477697331, 36.7340320341566], [-119.828455696691, 36.734002034018], [-119.828510696943, 36.7339330338708], [-119.828646697385, 36.7337750337177], [-119.828952696809, 36.7334020338249], [-119.829011697258, 36.733343033753], [-119.829343696621, 36.732960033978], [-119.829487696561, 36.7328290338815], [-119.829513697398, 36.732781034054], [-119.829704697194, 36.7326030337117], [-119.829861696655, 36.7324490337054], [-119.829942696846, 36.7323870343356], [-119.830040696755, 36.7323460342488], [-119.830202698035, 36.7322660340163], [-119.830483698242, 36.73207603385], [-119.830508698357, 36.73207603385], [-119.830537697771, 36.7320550337231], [-119.830615697588, 36.7320000340838], [-119.830719698244, 36.7319340343205], [-119.830938697629, 36.7317790336826], [-119.830985698383, 36.7317580341945], [-119.831045697759, 36.7317230338349], [-119.831096697812, 36.7316780340692], [-119.83119869792, 36.7315650341733], [-119.831338697662, 36.7314540341391], [-119.831385698416, 36.7314330338422], [-119.831436697571, 36.7313990340692], [-119.831479698127, 36.7313850338619], [-119.831585698432, 36.7313670343115], [-119.831631697565, 36.7313680343266], [-119.832301697934, 36.7313790330523], [-119.832519698393, 36.7313960333051], [-119.832566698248, 36.7313920332459], [-119.832692697747, 36.7313970333199], [-119.832920698251, 36.7314160328777], [-119.833035697878, 36.7314120328196], [-119.833078698434, 36.7314050327174], [-119.833141698184, 36.7313810330822], [-119.833176698344, 36.7313740329772], [-119.833235697895, 36.7313460332708], [-119.83326969823, 36.7313390331626], [-119.833329697606, 36.7313110327235], [-119.833363697941, 36.7313040333321], [-119.833406697599, 36.7312840330104], [-119.833695698202, 36.7311900328683], [-119.834155697612, 36.7310610326699], [-119.834285698206, 36.731039032966], [-119.834419698101, 36.7310050330185], [-119.834530698429, 36.730950033347], [-119.834777698301, 36.7308810333367], [-119.83498269834, 36.7308180326785], [-119.835024698173, 36.7307970329276], [-119.83505869761, 36.7307900327693], [-119.835118697885, 36.730763032873], [-119.835467697864, 36.7306480330213], [-119.83558269839, 36.7306160329506], [-119.835527699037, 36.7356210341228]]]}, "properties": {"GEOID": "060190007021048", "P0010001": 92, "ALAND": 193617, "AWATER": 78807}}, {"type": "Feature", "geometry": {"type": "Polygon", "coordinates": [[[-119.829801698177, 36.7357940341599], [-119.828463697985, 36.7357910342875], [-119.827695696808, 36.73579003433], [-119.827535696974, 36.7357890336525], [-119.827058696948, 36.735788033695], [-119.82689969694, 36.735788033695], [-119.826836697191, 36.735788033695], [-119.826818696749, 36.735788033695], [-119.8265766969, 36.7357940341599], [-119.826496697432, 36.7357960340749], [-119.826517697348, 36.7343830336827], [-119.826541696739, 36.7327160342397], [-119.826663696938, 36.7327520341437], [-119.826807696878, 36.732756034132], [-119.826851697259, 36.7327450341637], [-119.826977696758, 36.7327190342323], [-119.827378696616, 36.7325470337451], [-119.827404696555, 36.7325810337297], [-119.827441697263, 36.7326340336756], [-119.827482697271, 36.7326890343007], [-119.827524697104, 36.7327460341608], [-119.827568696586, 36.7328080339606], [-119.82761569734, 36.7328760336836], [-119.827671697417, 36.7329500340335], [-119.827732696618, 36.7330310342667], [-119.827797696915, 36.7331180336487], [-119.827863697037, 36.733205033652], [-119.827928697335, 36.7332930342668], [-119.827994696559, 36.7333790340829], [-119.828057697206, 36.733463033827], [-119.828117696582, 36.7335440342389], [-119.828176697032, 36.7336240338597], [-119.828233696933, 36.7337020341476], [-119.828293697208, 36.7337800343563], [-119.828352696759, 36.7338610337138], [-119.828412697033, 36.7339430336873], [-119.828455696691, 36.734002034018], [-119.828477697331, 36.7340320341566], [-119.828555697149, 36.734135034231], [-119.828636697339, 36.7342410341005], [-119.82871969718, 36.7343510337288], [-119.828805698292, 36.7344650338186], [-119.828893698156, 36.7345820336591], [-119.828984698392, 36.7347020339562], [-119.829076697555, 36.7348230340359], [-119.82916969834, 36.734944033925], [-119.829258698029, 36.7350620337223], [-119.829345698067, 36.7351770341618], [-119.829429697733, 36.7352880338528], [-119.829509698099, 36.7353960342154], [-119.829586698092, 36.7354990338997], [-119.829657698237, 36.7355970336458], [-119.829783697735, 36.7357680338214], [-119.829801698177, 36.7357940341599]]]}, "properties": {"GEOID": "060190007021049", "P0010001": 21, "ALAND": 65240, "AWATER": 0}}, {"type": "Feature", "geometry": {"type": "Polygon", "coordinates": [[[-119.826887697244, 36.7358000339046], [-119.82682769697, 36.7358520338313], [-119.826742696581, 36.7359070343108], [-119.826665696588, 36.7359450340693], [-119.826498697082, 36.7360170337117], [-119.826346696746, 36.736114034283], [-119.826211697027, 36.7361360339725], [-119.826099696874, 36.7361270336749], [-119.825991696919, 36.7360910339137], [-119.825892697184, 36.7360370342403], [-119.825815697191, 36.7360100340294], [-119.825213696594, 36.7360150338025], [-119.825154697042, 36.7360280339311], [-119.825082697072, 36.7360730340268], [-119.825055697308, 36.7361180340962], [-119.825055697308, 36.7361900342962], [-119.825064696631, 36.7375170351404], [-119.825033696669, 36.7375570346909], [-119.82497969714, 36.7375890347483], [-119.824934696934, 36.7376110347349], [-119.822012697402, 36.7376130353224], [-119.822008697204, 36.7372590349114], [-119.821996696611, 36.7361980353541], [-119.821992697311, 36.7358450348539], [-119.822892696936, 36.7358350352851], [-119.825595697083, 36.7358050336914], [-119.826496697432, 36.7357960340749], [-119.8265766969, 36.7357940341599], [-119.826818696749, 36.735788033695], [-119.826836697191, 36.735788033695], [-119.82689969694, 36.735788033695], [-119.826887697244, 36.7358000339046]]]}, "properties": {"GEOID": "060190007021050", "P0010001": 5, "ALAND": 58090, "AWATER": 0}}, {"type": "Feature", "geometry": {"type": "Polygon", "coordinates": [[[-119.826517697348, 36.7343830336827], [-119.826496697432, 36.7357960340749], [-119.825595697083, 36.7358050336914], [-119.822892696936, 36.7358350352851], [-119.821992697311, 36.7358450348539], [-119.821881696983, 36.7358450348539], [-119.821552696197, 36.7358450348539], [-119.821442695693, 36.7358460348106], [-119.821201695669, 36.7358140347466], [-119.820788696115, 36.7357450347882], [-119.820625695909, 36.735709034848], [-119.820596695596, 36.7357030350962], [-119.820265696059, 36.7356030348456], [-119.818651695683, 36.7350480349028], [-119.818374695673, 36.7349740351353], [-119.81826069587, 36.7349530350812], [-119.818165696334, 36.7349360348961], [-119.818022696219, 36.7349170347695], [-119.81779169624, 36.7349060351108], [-119.81743569569, 36.7349080350489], [-119.817000696395, 36.7349100349869], [-119.81569869529, 36.7349190347072], [-119.815264694922, 36.7349220353337], [-119.815265694747, 36.7347500347425], [-119.81527069477, 36.7342330349984], [-119.815272695318, 36.7340620350033], [-119.815272695318, 36.7338860347159], [-119.815275694793, 36.7333600350108], [-119.815277695341, 36.7331850352653], [-119.815276694618, 36.7330140350959], [-119.815273695143, 36.7325010351819], [-119.815272695318, 36.7323310349315], [-119.81517269486, 36.7323030348541], [-119.814860694691, 36.7323020348512], [-119.813614694561, 36.7322990348422], [-119.813199695358, 36.7322980348392], [-119.813156694802, 36.7322970348362], [-119.81302769493, 36.7322970348362], [-119.812984695272, 36.7322970348362], [-119.812983695447, 36.7321960351843], [-119.812982694724, 36.73189403472], [-119.812982694724, 36.7317940352675], [-119.812988694572, 36.7315890351909], [-119.813008694664, 36.730975035297], [-119.813016695059, 36.7307710352164], [-119.813020695257, 36.7305660352883], [-119.813034693704, 36.7299520351333], [-119.813040693552, 36.7297480352147], [-119.813040693552, 36.7295230346547], [-119.813040693552, 36.7288490348267], [-119.813040693552, 36.728738035186], [-119.813280693752, 36.7287330349389], [-119.813406694148, 36.7287300347906], [-119.815260694724, 36.7287410338941], [-119.8175946948, 36.7287150340469], [-119.822082695926, 36.7287060343193], [-119.822082695926, 36.7291110339779], [-119.822082695926, 36.7292470341522], [-119.822079695553, 36.7294940342338], [-119.822071696055, 36.7302390341507], [-119.822069696406, 36.7304870339477], [-119.82583069726, 36.7326730343323], [-119.82595269656, 36.732713034247], [-119.826060697414, 36.7327250342173], [-119.826541696739, 36.7327160342397], [-119.826517697348, 36.7343830336827]]]}, "properties": {"GEOID": "060190007021051", "P0010001": 14, "ALAND": 699087, "AWATER": 0}}, {"type": "Feature", "geometry": {"type": "Polygon", "coordinates": [[[-119.817478696246, 36.7358550351412], [-119.817030695634, 36.7358550351412], [-119.815686695595, 36.7358580350112], [-119.815239694808, 36.7358590349678], [-119.81524469483, 36.7356710349726], [-119.815258695074, 36.735109035037], [-119.815264694922, 36.7349220353337], [-119.81569869529, 36.7349190347072], [-119.817000696395, 36.7349100349869], [-119.81743569569, 36.7349080350489], [-119.817443696086, 36.7350970347194], [-119.817469696025, 36.7356650352179], [-119.817478696246, 36.7358550351412]]]}, "properties": {"GEOID": "060190007021052", "P0010001": 24, "ALAND": 20589, "AWATER": 0}}, {"type": "Feature", "geometry": {"type": "Polygon", "coordinates": [[[-119.815258695074, 36.735109035037], [-119.81524469483, 36.7356710349726], [-119.815239694808, 36.7358590349678], [-119.814820695406, 36.735861034881], [-119.81356669488, 36.7358710351663], [-119.813148695304, 36.7358740350357], [-119.813098695075, 36.7358740350357], [-119.812949695112, 36.7358750349921], [-119.812900694708, 36.7358760349485], [-119.812904694906, 36.7356830352005], [-119.812916694602, 36.7351050351713], [-119.812921694625, 36.7349130348938], [-119.812961694808, 36.7349150348317], [-119.813081695357, 36.734921034645], [-119.813121694641, 36.7349240352714], [-119.813139695083, 36.7349250352402], [-119.813549695162, 36.7349240352714], [-119.814835694577, 36.7349220353337], [-119.815264694922, 36.7349220353337], [-119.815258695074, 36.735109035037]]]}, "properties": {"GEOID": "060190007021053", "P0010001": 55, "ALAND": 21911, "AWATER": 0}}, {"type": "Feature", "geometry": {"type": "Polygon", "coordinates": [[[-119.81527069477, 36.7342330349984], [-119.815265694747, 36.7347500347425], [-119.815264694922, 36.7349220353337], [-119.814835694577, 36.7349220353337], [-119.813549695162, 36.7349240352714], [-119.813139695083, 36.7349250352402], [-119.813121694641, 36.7349240352714], [-119.813081695357, 36.734921034645], [-119.812961694808, 36.7349150348317], [-119.812921694625, 36.7349130348938], [-119.812924694998, 36.734745034887], [-119.812932695394, 36.7342420347981], [-119.812936694693, 36.7340750347426], [-119.812983695447, 36.7340740347628], [-119.813127695387, 36.7340740347628], [-119.813175695068, 36.7340740347628], [-119.813594695368, 36.7340710348231], [-119.814852695193, 36.7340640349634], [-119.815272695318, 36.7340620350033], [-119.81527069477, 36.7342330349984]]]}, "properties": {"GEOID": "060190007021054", "P0010001": 24, "ALAND": 19813, "AWATER": 0}}, {"type": "Feature", "geometry": {"type": "Polygon", "coordinates": [[[-119.815275694793, 36.7333600350108], [-119.815272695318, 36.7338860347159], [-119.815272695318, 36.7340620350033], [-119.814852695193, 36.7340640349634], [-119.813594695368, 36.7340710348231], [-119.813175695068, 36.7340740347628], [-119.813127695387, 36.7340740347628], [-119.812983695447, 36.7340740347628], [-119.812936694693, 36.7340750347426], [-119.812936694693, 36.7340330348569], [-119.812937695417, 36.7339080350438], [-119.812938695242, 36.7338670350493], [-119.81294269544, 36.733731035139], [-119.812956694785, 36.7333220346927], [-119.812961694808, 36.7331870352482], [-119.813002694816, 36.7331870352482], [-119.813125694839, 36.7331870352482], [-119.813167694672, 36.7331870352482], [-119.813589695345, 36.7331860352568], [-119.814854694843, 36.7331850352653], [-119.815277695341, 36.7331850352653], [-119.815275694793, 36.7333600350108]]]}, "properties": {"GEOID": "060190007021055", "P0010001": 71, "ALAND": 20360, "AWATER": 0}}, {"type": "Feature", "geometry": {"type": "Polygon", "coordinates": [[[-119.815277695341, 36.7331850352653], [-119.814854694843, 36.7331850352653], [-119.813589695345, 36.7331860352568], [-119.813167694672, 36.7331870352482], [-119.813125694839, 36.7331870352482], [-119.813002694816, 36.7331870352482], [-119.812961694808, 36.7331870352482], [-119.812963695356, 36.7331160351039], [-119.812969695204, 36.7329030349967], [-119.812971694854, 36.7328320353096], [-119.812973695402, 36.7327250349372], [-119.812981694899, 36.7324030350835], [-119.812984695272, 36.7322970348362], [-119.81302769493, 36.7322970348362], [-119.813156694802, 36.7322970348362], [-119.813199695358, 36.7322980348392], [-119.813614694561, 36.7322990348422], [-119.814860694691, 36.7323020348512], [-119.81517269486, 36.7323030348541], [-119.815272695318, 36.7323310349315], [-119.815273695143, 36.7325010351819], [-119.815276694618, 36.7330140350959], [-119.815277695341, 36.7331850352653]]]}, "properties": {"GEOID": "060190007021056", "P0010001": 65, "ALAND": 20190, "AWATER": 0}}, {"type": "Feature", "geometry": {"type": "Polygon", "coordinates": [[[-119.827378696616, 36.7325470337451], [-119.826977696758, 36.7327190342323], [-119.826851697259, 36.7327450341637], [-119.826807696878, 36.732756034132], [-119.826663696938, 36.7327520341437], [-119.826541696739, 36.7327160342397], [-119.826583696572, 36.73135903419], [-119.826692697251, 36.7315860337142], [-119.826760697023, 36.7317310339186], [-119.826905696788, 36.7319530337455], [-119.827051697276, 36.7321410342061], [-119.827378696616, 36.7325470337451]]]}, "properties": {"GEOID": "060190007021057", "P0010001": 0, "ALAND": 5550, "AWATER": 0}}, {"type": "Feature", "geometry": {"type": "Polygon", "coordinates": [[[-119.826541696739, 36.7327160342397], [-119.826060697414, 36.7327250342173], [-119.82595269656, 36.732713034247], [-119.82583069726, 36.7326730343323], [-119.822069696406, 36.7304870339477], [-119.822071696055, 36.7302390341507], [-119.822079695553, 36.7294940342338], [-119.822082695926, 36.7292470341522], [-119.822082695926, 36.7291110339779], [-119.822082695926, 36.7287060343193], [-119.822083695751, 36.7285710339584], [-119.824370695972, 36.7285570339554], [-119.824368696322, 36.7286860340408], [-119.82435069588, 36.7299540337605], [-119.824342696382, 36.7300730340596], [-119.824444695591, 36.7302610340837], [-119.824607695798, 36.7304490336476], [-119.825675696551, 36.7310820337885], [-119.826068696911, 36.7312870337789], [-119.826290696669, 36.7313470340062], [-119.826583696572, 36.73135903419], [-119.826541696739, 36.7327160342397]]]}, "properties": {"GEOID": "060190007021058", "P0010001": 8, "ALAND": 91046, "AWATER": 0}}, {"type": "Feature", "geometry": {"type": "Polygon", "coordinates": [[[-119.826600697189, 36.7286660337571], [-119.826589697318, 36.7305430339768], [-119.826596696991, 36.7312090339173], [-119.826583696572, 36.73135903419], [-119.826290696669, 36.7313470340062], [-119.826068696911, 36.7312870337789], [-119.825675696551, 36.7310820337885], [-119.824607695798, 36.7304490336476], [-119.824444695591, 36.7302610340837], [-119.824342696382, 36.7300730340596], [-119.82435069588, 36.7299540337605], [-119.824368696322, 36.7286860340408], [-119.824370695972, 36.7285570339554], [-119.826601697014, 36.7285430339498], [-119.826600697189, 36.7286660337571]]]}, "properties": {"GEOID": "060190007021059", "P0010001": 12, "ALAND": 52551, "AWATER": 0}}, {"type": "Feature", "geometry": {"type": "Polygon", "coordinates": [[[-119.832321697128, 36.728776032733], [-119.832306697957, 36.7295710329192], [-119.832301697934, 36.729836033312], [-119.832117697811, 36.7298380326622], [-119.831568696917, 36.729848033012], [-119.831386697342, 36.7298520331516], [-119.830771697224, 36.7298530331865], [-119.828929697242, 36.7298570340458], [-119.828726696853, 36.7298580340805], [-119.828469696935, 36.7298970339875], [-119.828329697193, 36.7299530337269], [-119.82830069688, 36.7299640340952], [-119.828276696591, 36.729975033742], [-119.82821969669, 36.7300070340798], [-119.82819369675, 36.7300230338838], [-119.828157696765, 36.7300440338464], [-119.828134697199, 36.7300640337712], [-119.828092697366, 36.7301020342619], [-119.828031697267, 36.7301690341907], [-119.827984697411, 36.7302210343316], [-119.827904697045, 36.7303450343593], [-119.827847697144, 36.7304720342672], [-119.827838696923, 36.7305790341796], [-119.827832697075, 36.7307720337994], [-119.827827697052, 36.7309920341993], [-119.82782269703, 36.7310440337828], [-119.82782269703, 36.7321560342805], [-119.827771696976, 36.732313034163], [-119.827378696616, 36.7325470337451], [-119.827051697276, 36.7321410342061], [-119.826905696788, 36.7319530337455], [-119.826760697023, 36.7317310339186], [-119.826692697251, 36.7315860337142], [-119.826583696572, 36.73135903419], [-119.826596696991, 36.7312090339173], [-119.826589697318, 36.7305430339768], [-119.826600697189, 36.7286660337571], [-119.831139696572, 36.7286280332757], [-119.831139696572, 36.72850603274], [-119.831374696748, 36.7285070327924], [-119.832083696578, 36.7285100329495], [-119.83231969658, 36.7285120330542], [-119.832324696602, 36.7286380330632], [-119.832321697128, 36.728776032733]]]}, "properties": {"GEOID": "060190007021060", "P0010001": 155, "ALAND": 99843, "AWATER": 0}}, {"type": "Feature", "geometry": {"type": "Polygon", "coordinates": [[[-119.831400697586, 36.7309080331916], [-119.831258698194, 36.7309320336946], [-119.831237698278, 36.7309360337777], [-119.831020697644, 36.7310320342697], [-119.830874697156, 36.7311240338487], [-119.830763696828, 36.7312160340374], [-119.830651696675, 36.7311090342926], [-119.830581697253, 36.7310430337635], [-119.83050869656, 36.7309530341286], [-119.830452697382, 36.7308460340174], [-119.830441696613, 36.7307190340081], [-119.830448697184, 36.7306360341664], [-119.830400696605, 36.7305840343065], [-119.830075696915, 36.7305780341543], [-119.829100696947, 36.7305630337716], [-119.828992696992, 36.730562033746], [-119.82879169715, 36.7306430343386], [-119.828747696769, 36.7306920340867], [-119.828743696571, 36.7307020343254], [-119.828718697355, 36.7307860341186], [-119.828716696807, 36.730930033653], [-119.828715696982, 36.731008033798], [-119.828537696707, 36.7310040337187], [-119.828004696604, 36.7309950342593], [-119.827827697052, 36.7309920341993], [-119.827832697075, 36.7307720337994], [-119.827838696923, 36.7305790341796], [-119.827847697144, 36.7304720342672], [-119.827904697045, 36.7303450343593], [-119.827984697411, 36.7302210343316], [-119.828031697267, 36.7301690341907], [-119.828092697366, 36.7301020342619], [-119.828134697199, 36.7300640337712], [-119.828157696765, 36.7300440338464], [-119.82819369675, 36.7300230338838], [-119.82821969669, 36.7300070340798], [-119.828276696591, 36.729975033742], [-119.82830069688, 36.7299640340952], [-119.828329697193, 36.7299530337269], [-119.828469696935, 36.7298970339875], [-119.828726696853, 36.7298580340805], [-119.828929697242, 36.7298570340458], [-119.830771697224, 36.7298530331865], [-119.831386697342, 36.7298520331516], [-119.831388696992, 36.7300630330191], [-119.831397698111, 36.7306960327425], [-119.831400697586, 36.7309080331916]]]}, "properties": {"GEOID": "060190007021061", "P0010001": 66, "ALAND": 31953, "AWATER": 0}}, {"type": "Feature", "geometry": {"type": "Polygon", "coordinates": [[[-119.831139696572, 36.7286280332757], [-119.826600697189, 36.7286660337571], [-119.826601697014, 36.7285430339498], [-119.826830697343, 36.7285360343061], [-119.831139696572, 36.72850603274], [-119.831139696572, 36.7286280332757]]]}, "properties": {"GEOID": "060190007021062", "P0010001": 28, "ALAND": 5627, "AWATER": 0}}, {"type": "Feature", "geometry": {"type": "Polygon", "coordinates": [[[-119.83558269839, 36.7306160329506], [-119.835467697864, 36.7306480330213], [-119.835118697885, 36.730763032873], [-119.83505869761, 36.7307900327693], [-119.835024698173, 36.7307970329276], [-119.83498269834, 36.7308180326785], [-119.834777698301, 36.7308810333367], [-119.834530698429, 36.730950033347], [-119.834419698101, 36.7310050330185], [-119.834285698206, 36.731039032966], [-119.834155697612, 36.7310610326699], [-119.833695698202, 36.7311900328683], [-119.833406697599, 36.7312840330104], [-119.833363697941, 36.7313040333321], [-119.833329697606, 36.7313110327235], [-119.83326969823, 36.7313390331626], [-119.833235697895, 36.7313460332708], [-119.833176698344, 36.7313740329772], [-119.833141698184, 36.7313810330822], [-119.833078698434, 36.7314050327174], [-119.833035697878, 36.7314120328196], [-119.832920698251, 36.7314160328777], [-119.832692697747, 36.7313970333199], [-119.832566698248, 36.7313920332459], [-119.832519698393, 36.7313960333051], [-119.832301697934, 36.7313790330523], [-119.831631697565, 36.7313680343266], [-119.831585698432, 36.7313670343115], [-119.831479698127, 36.7313850338619], [-119.831436697571, 36.7313990340692], [-119.831385698416, 36.7314330338422], [-119.831338697662, 36.7314540341391], [-119.83119869792, 36.7315650341733], [-119.831096697812, 36.7316780340692], [-119.831045697759, 36.7317230338349], [-119.830985698383, 36.7317580341945], [-119.830938697629, 36.7317790336826], [-119.830719698244, 36.7319340343205], [-119.830615697588, 36.7320000340838], [-119.830537697771, 36.7320550337231], [-119.830508698357, 36.73207603385], [-119.830483698242, 36.73207603385], [-119.830202698035, 36.7322660340163], [-119.830040696755, 36.7323460342488], [-119.829942696846, 36.7323870343356], [-119.829861696655, 36.7324490337054], [-119.829704697194, 36.7326030337117], [-119.829513697398, 36.732781034054], [-119.829487696561, 36.7328290338815], [-119.829343696621, 36.732960033978], [-119.829011697258, 36.733343033753], [-119.828952696809, 36.7334020338249], [-119.828646697385, 36.7337750337177], [-119.828510696943, 36.7339330338708], [-119.828455696691, 36.734002034018], [-119.828412697033, 36.7339430336873], [-119.828352696759, 36.7338610337138], [-119.828293697208, 36.7337800343563], [-119.828233696933, 36.7337020341476], [-119.828176697032, 36.7336240338597], [-119.828117696582, 36.7335440342389], [-119.828057697206, 36.733463033827], [-119.827994696559, 36.7333790340829], [-119.827928697335, 36.7332930342668], [-119.827863697037, 36.733205033652], [-119.827797696915, 36.7331180336487], [-119.827732696618, 36.7330310342667], [-119.827671697417, 36.7329500340335], [-119.82761569734, 36.7328760336836], [-119.827568696586, 36.7328080339606], [-119.827524697104, 36.7327460341608], [-119.827482697271, 36.7326890343007], [-119.827441697263, 36.7326340336756], [-119.827404696555, 36.7325810337297], [-119.827378696616, 36.7325470337451], [-119.827771696976, 36.732313034163], [-119.82782269703, 36.7321560342805], [-119.82782269703, 36.7310440337828], [-119.827827697052, 36.7309920341993], [-119.828004696604, 36.7309950342593], [-119.828537696707, 36.7310040337187], [-119.828715696982, 36.731008033798], [-119.828712696609, 36.7311590337612], [-119.828705696936, 36.7316130340411], [-119.828703697287, 36.7317650342644], [-119.82892469722, 36.7317640342545], [-119.829588696843, 36.7317620342346], [-119.829810696601, 36.7317620342346], [-119.829904697211, 36.7317550341643], [-119.830027697234, 36.7317150337505], [-119.830068697242, 36.7317020343315], [-119.830200696588, 36.7316430336733], [-119.830312696741, 36.731582033665], [-119.830589696751, 36.7313570341595], [-119.830763696828, 36.7312160340374], [-119.830874697156, 36.7311240338487], [-119.831020697644, 36.7310320342697], [-119.831237698278, 36.7309360337777], [-119.831258698194, 36.7309320336946], [-119.831400697586, 36.7309080331916], [-119.831397698111, 36.7306960327425], [-119.831388696992, 36.7300630330191], [-119.831386697342, 36.7298520331516], [-119.831568696917, 36.729848033012], [-119.832117697811, 36.7298380326622], [-119.832301697934, 36.729836033312], [-119.83237069843, 36.729836033312], [-119.832577698119, 36.729836033312], [-119.832647698439, 36.7298370333471], [-119.832812698296, 36.7298370333471], [-119.83330869769, 36.7298370333471], [-119.833459698201, 36.7298330332068], [-119.83347469827, 36.7298340332419], [-119.833588698072, 36.7298440328723], [-119.833760697601, 36.7298780333338], [-119.833912697937, 36.7299370331884], [-119.834022698441, 36.7300010331626], [-119.834122698, 36.7301260328569], [-119.83413369787, 36.7301390332627], [-119.83419669762, 36.7302630327028], [-119.834230697955, 36.7303530331466], [-119.834244698198, 36.7305820328159], [-119.834255698069, 36.7307430331303], [-119.834292697879, 36.7308130332868], [-119.834344697758, 36.7308470333193], [-119.834415697903, 36.7308370330996], [-119.835094697595, 36.7305960331696], [-119.835583698215, 36.7305270328413], [-119.83558269839, 36.7306160329506]]]}, "properties": {"GEOID": "060190007021063", "P0010001": 218, "ALAND": 92528, "AWATER": 0}}, {"type": "Feature", "geometry": {"type": "Polygon", "coordinates": [[[-119.830763696828, 36.7312160340374], [-119.830589696751, 36.7313570341595], [-119.830312696741, 36.731582033665], [-119.830200696588, 36.7316430336733], [-119.830068697242, 36.7317020343315], [-119.830027697234, 36.7317150337505], [-119.829904697211, 36.7317550341643], [-119.829810696601, 36.7317620342346], [-119.829588696843, 36.7317620342346], [-119.82892469722, 36.7317640342545], [-119.828703697287, 36.7317650342644], [-119.828705696936, 36.7316130340411], [-119.828712696609, 36.7311590337612], [-119.828715696982, 36.731008033798], [-119.828716696807, 36.730930033653], [-119.828718697355, 36.7307860341186], [-119.828743696571, 36.7307020343254], [-119.828747696769, 36.7306920340867], [-119.82879169715, 36.7306430343386], [-119.828992696992, 36.730562033746], [-119.829100696947, 36.7305630337716], [-119.830075696915, 36.7305780341543], [-119.830400696605, 36.7305840343065], [-119.830448697184, 36.7306360341664], [-119.830441696613, 36.7307190340081], [-119.830452697382, 36.7308460340174], [-119.83050869656, 36.7309530341286], [-119.830581697253, 36.7310430337635], [-119.830651696675, 36.7311090342926], [-119.830763696828, 36.7312160340374]]]}, "properties": {"GEOID": "060190007021064", "P0010001": 56, "ALAND": 20561, "AWATER": 0}}, {"type": "Feature", "geometry": {"type": "Polygon", "coordinates": [[[-119.84440770013, 36.731658033125], [-119.844401700283, 36.7336580326474], [-119.844394699712, 36.7356820330818], [-119.843658700118, 36.7356880328352], [-119.835539698732, 36.7357490339007], [-119.835527699037, 36.7356210341228], [-119.83558269839, 36.7306160329506], [-119.835583698215, 36.7305270328413], [-119.835611697804, 36.7286220329707], [-119.837851698169, 36.7286050328237], [-119.838667698129, 36.7285960330831], [-119.844180698553, 36.7285370321981], [-119.844417699278, 36.7285310318859], [-119.84440770013, 36.731658033125]]]}, "properties": {"GEOID": "060190007021065", "P0010001": 72, "ALAND": 625161, "AWATER": 0}}, {"type": "Feature", "geometry": {"type": "Polygon", "coordinates": [[[-119.844417699278, 36.7285310318859], [-119.844180698553, 36.7285370321981], [-119.838667698129, 36.7285960330831], [-119.837851698169, 36.7286050328237], [-119.835611697804, 36.7286220329707], [-119.835616697827, 36.72853303271], [-119.835610697979, 36.7284930327777], [-119.83612369799, 36.7284730331637], [-119.837856698192, 36.7284580330898], [-119.838768698411, 36.7284500326652], [-119.839950698967, 36.7284400328533], [-119.840417698947, 36.7284350333068], [-119.841821699261, 36.728423032666], [-119.842289699066, 36.7284200332255], [-119.844290699056, 36.7284030323138], [-119.844429698973, 36.7283950318835], [-119.844417699278, 36.7285310318859]]]}, "properties": {"GEOID": "060190007021066", "P0010001": 0, "ALAND": 12316, "AWATER": 0}}, {"type": "Feature", "geometry": {"type": "Polygon", "coordinates": [[[-119.835611697804, 36.7286220329707], [-119.835583698215, 36.7305270328413], [-119.835094697595, 36.7305960331696], [-119.834415697903, 36.7308370330996], [-119.834344697758, 36.7308470333193], [-119.834292697879, 36.7308130332868], [-119.834255698069, 36.7307430331303], [-119.834244698198, 36.7305820328159], [-119.834230697955, 36.7303530331466], [-119.83419669762, 36.7302630327028], [-119.83413369787, 36.7301390332627], [-119.834122698, 36.7301260328569], [-119.834022698441, 36.7300010331626], [-119.833912697937, 36.7299370331884], [-119.833760697601, 36.7298780333338], [-119.833588698072, 36.7298440328723], [-119.83347469827, 36.7298340332419], [-119.833459698201, 36.7298330332068], [-119.83330869769, 36.7298370333471], [-119.832812698296, 36.7298370333471], [-119.832647698439, 36.7298370333471], [-119.832577698119, 36.729836033312], [-119.83237069843, 36.729836033312], [-119.832301697934, 36.729836033312], [-119.832306697957, 36.7295710329192], [-119.832321697128, 36.728776032733], [-119.832324696602, 36.7286380330632], [-119.83231969658, 36.7285120330542], [-119.835610697979, 36.7284930327777], [-119.835616697827, 36.72853303271], [-119.835611697804, 36.7286220329707]]]}, "properties": {"GEOID": "060190007021067", "P0010001": 59, "ALAND": 55658, "AWATER": 0}}, {"type": "Feature", "geometry": {"type": "Polygon", "coordinates": [[[-119.835659698383, 36.7248420326982], [-119.835613698352, 36.7283260331772], [-119.835610697979, 36.7284930327777], [-119.83231969658, 36.7285120330542], [-119.832083696578, 36.7285100329495], [-119.831374696748, 36.7285070327924], [-119.831139696572, 36.72850603274], [-119.831129697424, 36.7283630330338], [-119.831127696876, 36.7282590330802], [-119.831119697379, 36.7275170328684], [-119.83111769683, 36.7272700329073], [-119.831120697204, 36.727111032652], [-119.831130697249, 36.726633032714], [-119.831134697447, 36.7264750326586], [-119.831135697272, 36.7263140327553], [-119.831138696747, 36.725834032722], [-119.831140697295, 36.7256740330042], [-119.831163696861, 36.7248660329371], [-119.831194696823, 36.7230280327135], [-119.835693696921, 36.7230280319934], [-119.835659698383, 36.7248420326982]]]}, "properties": {"GEOID": "060190007021068", "P0010001": 25, "ALAND": 244295, "AWATER": 0}}, {"type": "Feature", "geometry": {"type": "Polygon", "coordinates": [[[-119.822082695926, 36.7287060343193], [-119.8175946948, 36.7287150340469], [-119.815260694724, 36.7287410338941], [-119.813406694148, 36.7287300347906], [-119.813280693752, 36.7287330349389], [-119.813040693552, 36.728738035186], [-119.813041694275, 36.7286250352832], [-119.813089693956, 36.7286240352323], [-119.813234693721, 36.7286240352323], [-119.813283694125, 36.7286240352323], [-119.81368169361, 36.7286220336906], [-119.814878695133, 36.728617034156], [-119.815277695341, 36.7286160341051], [-119.815739695298, 36.728617034156], [-119.81712569517, 36.7286200343088], [-119.817588694952, 36.7286220336906], [-119.818486694928, 36.7286110338501], [-119.821183696126, 36.7285800337018], [-119.822083695751, 36.7285710339584], [-119.822082695926, 36.7287060343193]]]}, "properties": {"GEOID": "060190007021069", "P0010001": 0, "ALAND": 10175, "AWATER": 0}}, {"type": "Feature", "geometry": {"type": "Polygon", "coordinates": [[[-119.821442695693, 36.7358460348106], [-119.820649696198, 36.7358520352711], [-119.819221695595, 36.7358640347508], [-119.818270695916, 36.7358590349678], [-119.817478696246, 36.7358550351412], [-119.817469696025, 36.7356650352179], [-119.817443696086, 36.7350970347194], [-119.81743569569, 36.7349080350489], [-119.81779169624, 36.7349060351108], [-119.818022696219, 36.7349170347695], [-119.818165696334, 36.7349360348961], [-119.81826069587, 36.7349530350812], [-119.818374695673, 36.7349740351353], [-119.818651695683, 36.7350480349028], [-119.820265696059, 36.7356030348456], [-119.820596695596, 36.7357030350962], [-119.820625695909, 36.735709034848], [-119.820788696115, 36.7357450347882], [-119.821201695669, 36.7358140347466], [-119.821442695693, 36.7358460348106]]]}, "properties": {"GEOID": "060190007021070", "P0010001": 0, "ALAND": 20630, "AWATER": 0}}, {"type": "Feature", "geometry": {"type": "Polygon", "coordinates": [[[-119.835699696769, 36.7226850319881], [-119.835693696921, 36.7230280319934], [-119.831194696823, 36.7230280327135], [-119.831199696846, 36.72275503301], [-119.831204696869, 36.7224580327923], [-119.831218697113, 36.7215670331687], [-119.831224696961, 36.721271032824], [-119.832124696586, 36.7212640332375], [-119.834825697083, 36.7212460320348], [-119.835510696623, 36.721242032167], [-119.835726697432, 36.721243032314], [-119.835699696769, 36.7226850319881]]]}, "properties": {"GEOID": "060190007021071", "P0010001": 42, "ALAND": 79091, "AWATER": 0}}, {"type": "Feature", "geometry": {"type": "Polygon", "coordinates": [[[-119.844565699416, 36.7211690322026], [-119.84417369888, 36.7214920317857], [-119.842704698269, 36.7224490323313], [-119.842209697802, 36.7227950323309], [-119.842099698197, 36.7229120319531], [-119.842040697747, 36.723054032326], [-119.842014697808, 36.7232030318468], [-119.842040697747, 36.7232750319176], [-119.842086697778, 36.7233910321297], [-119.8422096987, 36.7236120321916], [-119.842306698784, 36.7237740321133], [-119.842332698724, 36.7238190321909], [-119.84237769893, 36.7243830321754], [-119.842403698869, 36.7247070320244], [-119.842397699021, 36.7247920319963], [-119.842364699409, 36.7248500320586], [-119.842222699119, 36.7250320320443], [-119.842189698609, 36.7252070316515], [-119.842215699446, 36.7253360323244], [-119.842274698997, 36.7255180318784], [-119.842299699112, 36.7256220319442], [-119.842312698632, 36.7257120320674], [-119.842293699264, 36.7257900317529], [-119.842241699385, 36.7258810317658], [-119.842131698882, 36.7260170319006], [-119.841839698804, 36.7263280317273], [-119.841761698986, 36.7264120319853], [-119.84174269872, 36.7264900316798], [-119.841716698781, 36.7265680320151], [-119.84170369926, 36.7266200317146], [-119.841677699321, 36.7266720320989], [-119.841580699236, 36.7267170319184], [-119.841450698642, 36.7267630317867], [-119.841061699378, 36.7268270322462], [-119.840581698979, 36.7268920320059], [-119.840121698671, 36.726944032926], [-119.839771697968, 36.7269380332093], [-119.839512698401, 36.726944032926], [-119.839356697867, 36.7269700326528], [-119.839227697995, 36.7270090333066], [-119.839123698238, 36.7270540329286], [-119.839039697674, 36.7271130327931], [-119.839006698062, 36.7271900331461], [-119.839006698062, 36.7272880326981], [-119.839006698062, 36.7273850327782], [-119.83904569842, 36.7275020333277], [-119.839090697728, 36.7275990331374], [-119.839103698147, 36.7276700333436], [-119.83907169836, 36.7278450326992], [-119.839040698398, 36.7280630327294], [-119.838768698411, 36.7284500326652], [-119.837856698192, 36.7284580330898], [-119.83612369799, 36.7284730331637], [-119.835610697979, 36.7284930327777], [-119.835613698352, 36.7283260331772], [-119.835659698383, 36.7248420326982], [-119.835693696921, 36.7230280319934], [-119.835699696769, 36.7226850319881], [-119.835726697432, 36.721243032314], [-119.836593697445, 36.7212340317107], [-119.837893698002, 36.721223032252], [-119.839197697858, 36.721213032219], [-119.84006669842, 36.721208032202], [-119.840244697796, 36.7212060319072], [-119.840508698285, 36.7212040323323], [-119.841834697883, 36.7211940322968], [-119.842277697574, 36.7211920320016], [-119.842486697811, 36.7211890322786], [-119.842644697995, 36.7211870319832], [-119.844443699217, 36.7211650323308], [-119.844565699416, 36.7211690322026]]]}, "properties": {"GEOID": "060190007021072", "P0010001": 0, "ALAND": 407614, "AWATER": 29938}}, {"type": "Feature", "geometry": {"type": "Polygon", "coordinates": [[[-119.844431698623, 36.7282920320284], [-119.844429698973, 36.7283950318835], [-119.844290699056, 36.7284030323138], [-119.842289699066, 36.7284200332255], [-119.841821699261, 36.728423032666], [-119.840417698947, 36.7284350333068], [-119.839950698967, 36.7284400328533], [-119.838768698411, 36.7284500326652], [-119.839040698398, 36.7280630327294], [-119.83907169836, 36.7278450326992], [-119.839103698147, 36.7276700333436], [-119.839090697728, 36.7275990331374], [-119.83904569842, 36.7275020333277], [-119.839006698062, 36.7273850327782], [-119.839006698062, 36.7272880326981], [-119.839006698062, 36.7271900331461], [-119.839039697674, 36.7271130327931], [-119.839123698238, 36.7270540329286], [-119.839227697995, 36.7270090333066], [-119.839356697867, 36.7269700326528], [-119.839512698401, 36.726944032926], [-119.839771697968, 36.7269380332093], [-119.840121698671, 36.726944032926], [-119.840581698979, 36.7268920320059], [-119.841061699378, 36.7268270322462], [-119.841450698642, 36.7267630317867], [-119.841580699236, 36.7267170319184], [-119.841677699321, 36.7266720320989], [-119.84170369926, 36.7266200317146], [-119.841716698781, 36.7265680320151], [-119.84174269872, 36.7264900316798], [-119.841761698986, 36.7264120319853], [-119.841839698804, 36.7263280317273], [-119.842131698882, 36.7260170319006], [-119.842241699385, 36.7258810317658], [-119.842293699264, 36.7257900317529], [-119.842312698632, 36.7257120320674], [-119.842299699112, 36.7256220319442], [-119.842274698997, 36.7255180318784], [-119.842215699446, 36.7253360323244], [-119.842189698609, 36.7252070316515], [-119.842222699119, 36.7250320320443], [-119.842364699409, 36.7248500320586], [-119.842397699021, 36.7247920319963], [-119.842403698869, 36.7247070320244], [-119.84237769893, 36.7243830321754], [-119.842332698724, 36.7238190321909], [-119.842306698784, 36.7237740321133], [-119.8422096987, 36.7236120321916], [-119.842086697778, 36.7233910321297], [-119.842040697747, 36.7232750319176], [-119.842014697808, 36.7232030318468], [-119.842040697747, 36.723054032326], [-119.842099698197, 36.7229120319531], [-119.842209697802, 36.7227950323309], [-119.842704698269, 36.7224490323313], [-119.84417369888, 36.7214920317857], [-119.844565699416, 36.7211690322026], [-119.844431698623, 36.7282920320284]]]}, "properties": {"GEOID": "060190007021073", "P0010001": 14, "ALAND": 195820, "AWATER": 0}}, {"type": "Feature", "geometry": {"type": "Polygon", "coordinates": [[[-119.808913692101, 36.7140870333146], [-119.808698692016, 36.714094032835], [-119.808475692434, 36.714095033075], [-119.807161691633, 36.7141020340349], [-119.806723691965, 36.7141050340346], [-119.806714691744, 36.713369033239], [-119.806689690732, 36.7111640333123], [-119.806681691234, 36.7104290327175], [-119.808908692079, 36.7104250330066], [-119.808913692101, 36.7140870333146]]]}, "properties": {"GEOID": "060190009011000", "P0010001": 10, "ALAND": 80408, "AWATER": 0}}, {"type": "Feature", "geometry": {"type": "Polygon", "coordinates": [[[-119.817933692937, 36.706965032258], [-119.817930692564, 36.707569032165], [-119.817929692739, 36.7077700316917], [-119.817924692717, 36.7086890322398], [-119.817905693348, 36.7120690327491], [-119.817908692823, 36.7128230333359], [-119.817903693698, 36.7140200330378], [-119.813456692581, 36.7140550328242], [-119.813345693151, 36.7140650330689], [-119.81230669271, 36.7140580328258], [-119.811627693018, 36.7140630333081], [-119.809591691969, 36.7140800330734], [-119.808913692101, 36.7140870333146], [-119.808908692079, 36.7104250330066], [-119.813400691606, 36.710397032864], [-119.813853693139, 36.7103930331515], [-119.815213693072, 36.710383033149], [-119.815667692633, 36.710380033004], [-119.815663693333, 36.7102060330339], [-119.815657692587, 36.7099120327107], [-119.816189692865, 36.7098810329369], [-119.816206692583, 36.709786032948], [-119.816244693117, 36.709585032213], [-119.816247692591, 36.709465032276], [-119.816193693063, 36.7091200323133], [-119.816194692888, 36.7090430318493], [-119.816178692994, 36.7089270322952], [-119.816176693344, 36.7089060323199], [-119.816174692796, 36.7087540322252], [-119.816163692926, 36.7086390318258], [-119.816401692577, 36.7086330321196], [-119.816701693051, 36.7086270316928], [-119.817114692605, 36.7086810319165], [-119.817351693329, 36.7087120321744], [-119.817341693284, 36.7086010322384], [-119.81732969269, 36.7085240319744], [-119.817306693124, 36.7083750320676], [-119.81729269288, 36.7082140316745], [-119.817300693276, 36.7079600322157], [-119.817305693299, 36.7078280316437], [-119.817291693055, 36.707774032261], [-119.817203693191, 36.7077490321205], [-119.817068692574, 36.7077370318485], [-119.816828693273, 36.7077260318976], [-119.816520693301, 36.7077250322948], [-119.816390692706, 36.7077290321462], [-119.816288692599, 36.7077330319975], [-119.816164692751, 36.7077250322948], [-119.81615369288, 36.7077880317312], [-119.816162693101, 36.7078520321574], [-119.816162693101, 36.7079060322056], [-119.816165692576, 36.7081060319732], [-119.816158692903, 36.708190031994], [-119.815656692762, 36.7081910323109], [-119.815664693158, 36.7079020316432], [-119.815669693181, 36.7077230316488], [-119.815670693006, 36.7075380321661], [-119.815674693204, 36.7069830317659], [-119.815676691956, 36.7067990322771], [-119.816127692941, 36.7067920320921], [-119.817483692676, 36.7067710322536], [-119.817935692587, 36.7067650316814], [-119.817933692937, 36.706965032258]]]}, "properties": {"GEOID": "060190009011001", "P0010001": 353, "ALAND": 387317, "AWATER": 0}}, {"type": "Feature", "geometry": {"type": "Polygon", "coordinates": [[[-119.817351693329, 36.7087120321744], [-119.817114692605, 36.7086810319165], [-119.816701693051, 36.7086270316928], [-119.816401692577, 36.7086330321196], [-119.816163692926, 36.7086390318258], [-119.816160692553, 36.708455031981], [-119.816158692903, 36.708190031994], [-119.816165692576, 36.7081060319732], [-119.816162693101, 36.7079060322056], [-119.816162693101, 36.7078520321574], [-119.81615369288, 36.7077880317312], [-119.816164692751, 36.7077250322948], [-119.816288692599, 36.7077330319975], [-119.816390692706, 36.7077290321462], [-119.816520693301, 36.7077250322948], [-119.816828693273, 36.7077260318976], [-119.817068692574, 36.7077370318485], [-119.817203693191, 36.7077490321205], [-119.817291693055, 36.707774032261], [-119.817305693299, 36.7078280316437], [-119.817300693276, 36.7079600322157], [-119.81729269288, 36.7082140316745], [-119.817306693124, 36.7083750320676], [-119.81732969269, 36.7085240319744], [-119.817341693284, 36.7086010322384], [-119.817351693329, 36.7087120321744]]]}, "properties": {"GEOID": "060190009011002", "P0010001": 20, "ALAND": 10453, "AWATER": 0}}, {"type": "Feature", "geometry": {"type": "Polygon", "coordinates": [[[-119.815664693158, 36.7079020316432], [-119.815656692762, 36.7081910323109], [-119.815656692762, 36.7084400323187], [-119.815656692762, 36.7086200316743], [-119.815205692676, 36.7086230318881], [-119.813853692241, 36.7086340331509], [-119.813403691979, 36.708638032955], [-119.813405691629, 36.7084600328281], [-119.813411692375, 36.7079260328539], [-119.813414691849, 36.7077490321205], [-119.813865691936, 36.7077430323448], [-119.81521769327, 36.7077280318233], [-119.815669693181, 36.7077230316488], [-119.815664693158, 36.7079020316432]]]}, "properties": {"GEOID": "060190009011003", "P0010001": 38, "ALAND": 19931, "AWATER": 0}}, {"type": "Feature", "geometry": {"type": "Polygon", "coordinates": [[[-119.815674693204, 36.7069830317659], [-119.815670693006, 36.7075380321661], [-119.815669693181, 36.7077230316488], [-119.81521769327, 36.7077280318233], [-119.813865691936, 36.7077430323448], [-119.813414691849, 36.7077490321205], [-119.81342169242, 36.7075650323052], [-119.813426692443, 36.707439032295], [-119.813416692398, 36.7070160319329], [-119.813413692025, 36.7068330321375], [-119.813865691936, 36.7068260319556], [-119.815223692219, 36.7068050321264], [-119.815676691956, 36.7067990322771], [-119.815674693204, 36.7069830317659]]]}, "properties": {"GEOID": "060190009011004", "P0010001": 56, "ALAND": 20550, "AWATER": 0}}, {"type": "Feature", "geometry": {"type": "Polygon", "coordinates": [[[-119.815667692633, 36.710380033004], [-119.815213693072, 36.710383033149], [-119.813853693139, 36.7103930331515], [-119.813400691606, 36.710397032864], [-119.813400691606, 36.7102250327932], [-119.813401692329, 36.7097090331514], [-119.813402692154, 36.7095380332802], [-119.813854692065, 36.7095330332235], [-119.815210692699, 36.7095180330515], [-119.815663693333, 36.7095140332931], [-119.81566069296, 36.7096870330924], [-119.815657692587, 36.7099120327107], [-119.815663693333, 36.7102060330339], [-119.815667692633, 36.710380033004]]]}, "properties": {"GEOID": "060190009011005", "P0010001": 32, "ALAND": 19330, "AWATER": 0}}, {"type": "Feature", "geometry": {"type": "Polygon", "coordinates": [[[-119.816244693117, 36.709585032213], [-119.816206692583, 36.709786032948], [-119.816189692865, 36.7098810329369], [-119.815657692587, 36.7099120327107], [-119.81566069296, 36.7096870330924], [-119.815663693333, 36.7095140332931], [-119.815661692785, 36.7093350320126], [-119.815657692587, 36.7087980321509], [-119.815656692762, 36.7086200316743], [-119.815656692762, 36.7084400323187], [-119.815656692762, 36.7081910323109], [-119.816158692903, 36.708190031994], [-119.816160692553, 36.708455031981], [-119.816163692926, 36.7086390318258], [-119.816174692796, 36.7087540322252], [-119.816176693344, 36.7089060323199], [-119.816178692994, 36.7089270322952], [-119.816194692888, 36.7090430318493], [-119.816193693063, 36.7091200323133], [-119.816247692591, 36.709465032276], [-119.816244693117, 36.709585032213]]]}, "properties": {"GEOID": "060190009011006", "P0010001": 58, "ALAND": 9051, "AWATER": 0}}, {"type": "Feature", "geometry": {"type": "Polygon", "coordinates": [[[-119.813402692154, 36.7088170329785], [-119.813402692154, 36.7093580331942], [-119.813402692154, 36.7095380332802], [-119.813401692329, 36.7097090331514], [-119.813400691606, 36.7102250327932], [-119.813400691606, 36.710397032864], [-119.808908692079, 36.7104250330066], [-119.808907692254, 36.7095570332047], [-119.808916691576, 36.7094820330586], [-119.808906692429, 36.7086790327357], [-119.811138692398, 36.7086650327076], [-119.811590692309, 36.7086590330035], [-119.812950692242, 36.70864303307], [-119.813403691979, 36.708638032955], [-119.813402692154, 36.7088170329785]]]}, "properties": {"GEOID": "060190009011007", "P0010001": 95, "ALAND": 77925, "AWATER": 0}}, {"type": "Feature", "geometry": {"type": "Polygon", "coordinates": [[[-119.808908692079, 36.7104250330066], [-119.806681691234, 36.7104290327175], [-119.806678690861, 36.7095650327166], [-119.808907692254, 36.7095570332047], [-119.808908692079, 36.7104250330066]]]}, "properties": {"GEOID": "060190009011008", "P0010001": 48, "ALAND": 19131, "AWATER": 0}}, {"type": "Feature", "geometry": {"type": "Polygon", "coordinates": [[[-119.808907692254, 36.7095570332047], [-119.806678690861, 36.7095650327166], [-119.806673690838, 36.7094650329961], [-119.806678690861, 36.7086670333291], [-119.808906692429, 36.7086790327357], [-119.808916691576, 36.7094820330586], [-119.808907692254, 36.7095570332047]]]}, "properties": {"GEOID": "060190009011009", "P0010001": 80, "ALAND": 19683, "AWATER": 0}}, {"type": "Feature", "geometry": {"type": "Polygon", "coordinates": [[[-119.808906692429, 36.7086790327357], [-119.806678690861, 36.7086670333291], [-119.806679690686, 36.7084890332693], [-119.806683690884, 36.7079580330162], [-119.806685691432, 36.7077810330767], [-119.807128691123, 36.7077820326788], [-119.808458690919, 36.7077880331716], [-119.808902692231, 36.7077900330957], [-119.808906692429, 36.7086790327357]]]}, "properties": {"GEOID": "060190009011010", "P0010001": 84, "ALAND": 19570, "AWATER": 0}}, {"type": "Feature", "geometry": {"type": "Polygon", "coordinates": [[[-119.811138692398, 36.7086650327076], [-119.808906692429, 36.7086790327357], [-119.808902692231, 36.7077900330957], [-119.809348692295, 36.7077840333232], [-119.810689691961, 36.7077680332074], [-119.81113669185, 36.7077630330356], [-119.81113669185, 36.7079430332568], [-119.811137691675, 36.7084840331443], [-119.811138692398, 36.7086650327076]]]}, "properties": {"GEOID": "060190009011011", "P0010001": 47, "ALAND": 19833, "AWATER": 0}}, {"type": "Feature", "geometry": {"type": "Polygon", "coordinates": [[[-119.81342169242, 36.7075650323052], [-119.813414691849, 36.7077490321205], [-119.813411692375, 36.7079260328539], [-119.813405691629, 36.7084600328281], [-119.813403691979, 36.708638032955], [-119.812950692242, 36.70864303307], [-119.811590692309, 36.7086590330035], [-119.811138692398, 36.7086650327076], [-119.811137691675, 36.7084840331443], [-119.81113669185, 36.7079430332568], [-119.81113669185, 36.7077630330356], [-119.810689691961, 36.7077680332074], [-119.809348692295, 36.7077840333232], [-119.808902692231, 36.7077900330957], [-119.808899690959, 36.7076030331251], [-119.808890690739, 36.7070420326437], [-119.808888691089, 36.7068550330135], [-119.80979269181, 36.7068500327823], [-119.812507691653, 36.7068370320354], [-119.813413692025, 36.7068330321375], [-119.813416692398, 36.7070160319329], [-119.813426692443, 36.707439032295], [-119.81342169242, 36.7075650323052]]]}, "properties": {"GEOID": "060190009011012", "P0010001": 175, "ALAND": 61543, "AWATER": 0}}, {"type": "Feature", "geometry": {"type": "Polygon", "coordinates": [[[-119.808902692231, 36.7077900330957], [-119.808458690919, 36.7077880331716], [-119.807128691123, 36.7077820326788], [-119.806685691432, 36.7077810330767], [-119.806679690686, 36.707597033338], [-119.806663690792, 36.7070470328625], [-119.80665869077, 36.706864033141], [-119.807104690833, 36.7068620331928], [-119.808442691025, 36.7068580332962], [-119.808728691255, 36.7068580332962], [-119.808888691089, 36.7068550330135], [-119.808890690739, 36.7070420326437], [-119.808899690959, 36.7076030331251], [-119.808902692231, 36.7077900330957]]]}, "properties": {"GEOID": "060190009011013", "P0010001": 55, "ALAND": 20394, "AWATER": 0}}, {"type": "Feature", "geometry": {"type": "Polygon", "coordinates": [[[-119.815663693333, 36.7095140332931], [-119.815210692699, 36.7095180330515], [-119.813854692065, 36.7095330332235], [-119.813402692154, 36.7095380332802], [-119.813402692154, 36.7093580331942], [-119.813402692154, 36.7088170329785], [-119.813403691979, 36.708638032955], [-119.813853692241, 36.7086340331509], [-119.815205692676, 36.7086230318881], [-119.815656692762, 36.7086200316743], [-119.815657692587, 36.7087980321509], [-119.815661692785, 36.7093350320126], [-119.815663693333, 36.7095140332931]]]}, "properties": {"GEOID": "060190009011014", "P0010001": 42, "ALAND": 20074, "AWATER": 0}}, {"type": "Feature", "geometry": {"type": "Polygon", "coordinates": [[[-119.796364690215, 36.7107320343377], [-119.796355689994, 36.7121510336681], [-119.796346689773, 36.714139034263], [-119.796213689704, 36.7141400337823], [-119.795457690018, 36.7141430337806], [-119.79530968988, 36.7141370337841], [-119.794858689794, 36.714139034263], [-119.793506690257, 36.7141480342574], [-119.793157690277, 36.7141510342553], [-119.793056689995, 36.7141570342507], [-119.792833690412, 36.7141570349709], [-119.792167689342, 36.7141600349684], [-119.791946689409, 36.7141620347267], [-119.79170668921, 36.7141620347267], [-119.790989688984, 36.7141620347267], [-119.790951689349, 36.7141620347267], [-119.790751689333, 36.7141590347292], [-119.790751689333, 36.7134270347259], [-119.790753688983, 36.7112340340311], [-119.790755688632, 36.7105040340997], [-119.790757689181, 36.7097750340106], [-119.790764688853, 36.7075910342707], [-119.790767688328, 36.7068630342471], [-119.790993689182, 36.7068730339875], [-119.791174688932, 36.7068710340395], [-119.792341689419, 36.7068640338612], [-119.792399689146, 36.7068660338093], [-119.792807688676, 36.7068810337789], [-119.793308688992, 36.7068760342695], [-119.794812688865, 36.7068630342471], [-119.795228688791, 36.7068600339647], [-119.795314689005, 36.7068630342471], [-119.795322689401, 36.7070530341329], [-119.79534868934, 36.7076240341766], [-119.795351688815, 36.7076820342388], [-119.795349689165, 36.707815033943], [-119.79534868934, 36.7079950340424], [-119.79534868934, 36.7085370338763], [-119.79534868934, 36.7087180340349], [-119.795346688792, 36.7088950339767], [-119.795343689317, 36.7094300339994], [-119.795342688594, 36.70960803404], [-119.795348690238, 36.7097880342604], [-119.79536869033, 36.7103280338323], [-119.795375690003, 36.7105080338064], [-119.795817689869, 36.7105050336663], [-119.79636369039, 36.7105020342462], [-119.796364690215, 36.7107320343377]]]}, "properties": {"GEOID": "060190009012000", "P0010001": 809, "ALAND": 367786, "AWATER": 0}}, {"type": "Feature", "geometry": {"type": "Polygon", "coordinates": [[[-119.799830690618, 36.7141300342675], [-119.79892569097, 36.7141320340266], [-119.796346689773, 36.714139034263], [-119.796355689994, 36.7121510336681], [-119.796364690215, 36.7107320343377], [-119.79636369039, 36.7105020342462], [-119.797146689839, 36.7105000336725], [-119.797589690428, 36.7104990341058], [-119.798033689944, 36.7104940341116], [-119.799368689762, 36.7104810339812], [-119.799813690001, 36.710477034273], [-119.799813690001, 36.7108330341321], [-119.799816690374, 36.7119040339806], [-119.799817690199, 36.7122610339732], [-119.799457690349, 36.7122600337093], [-119.798377689901, 36.7122590341654], [-119.798018689875, 36.7122590341654], [-119.798020690424, 36.7124030338723], [-119.798027690096, 36.7128360337902], [-119.798030689571, 36.7129810341104], [-119.798388689771, 36.7129790343214], [-119.79946269127, 36.7129750340232], [-119.799821691296, 36.7129740337685], [-119.799822691121, 36.7132050339132], [-119.799828690968, 36.7138980337809], [-119.799830690618, 36.7141300342675]]]}, "properties": {"GEOID": "060190009012001", "P0010001": 281, "ALAND": 112317, "AWATER": 0}}, {"type": "Feature", "geometry": {"type": "Polygon", "coordinates": [[[-119.799821691296, 36.7129740337685], [-119.79946269127, 36.7129750340232], [-119.798388689771, 36.7129790343214], [-119.798030689571, 36.7129810341104], [-119.798027690096, 36.7128360337902], [-119.798020690424, 36.7124030338723], [-119.798018689875, 36.7122590341654], [-119.798377689901, 36.7122590341654], [-119.799457690349, 36.7122600337093], [-119.799817690199, 36.7122610339732], [-119.799817691098, 36.7124030338723], [-119.799820690572, 36.7128310339481], [-119.799821691296, 36.7129740337685]]]}, "properties": {"GEOID": "060190009012002", "P0010001": 0, "ALAND": 12770, "AWATER": 0}}, {"type": "Feature", "geometry": {"type": "Polygon", "coordinates": [[[-119.806723691965, 36.7141050340346], [-119.806253691612, 36.7141070337943], [-119.804844692174, 36.7141150342728], [-119.804425690976, 36.714118034272], [-119.804375690747, 36.7141160337925], [-119.803982691285, 36.7141170340322], [-119.802806690577, 36.7141200340313], [-119.802415690765, 36.7141220337906], [-119.801898690556, 36.7141230340303], [-119.800346691002, 36.7141280337883], [-119.799830690618, 36.7141300342675], [-119.799828690968, 36.7138980337809], [-119.799822691121, 36.7132050339132], [-119.799821691296, 36.7129740337685], [-119.799820690572, 36.7128310339481], [-119.799817691098, 36.7124030338723], [-119.799817690199, 36.7122610339732], [-119.799816690374, 36.7119040339806], [-119.799813690001, 36.7108330341321], [-119.799813690001, 36.710477034273], [-119.799812690176, 36.7102980337956], [-119.799811690352, 36.7097610341822], [-119.799811690352, 36.7095830337759], [-119.799811690352, 36.7094030337954], [-119.799813690001, 36.7088660336887], [-119.799814689826, 36.7086870337794], [-119.799812690176, 36.708511032951], [-119.799809689803, 36.7079840326882], [-119.799808689979, 36.7078090327321], [-119.799816690374, 36.707694033079], [-119.799817690199, 36.7076150326979], [-119.79982669042, 36.7070320329253], [-119.79983068972, 36.7068380330901], [-119.799971690185, 36.7068270330105], [-119.800043690155, 36.7068320332433], [-119.800196690316, 36.7068300332942], [-119.801161690239, 36.7068220327774], [-119.801295690133, 36.7068280333452], [-119.801662689656, 36.7068450332709], [-119.802129689636, 36.7068670327031], [-119.802173690017, 36.7068690326512], [-119.802660690089, 36.7068680330372], [-119.805658690687, 36.7068650327549], [-119.80665869077, 36.706864033141], [-119.806663690792, 36.7070470328625], [-119.806679690686, 36.707597033338], [-119.806685691432, 36.7077810330767], [-119.806683690884, 36.7079580330162], [-119.806679690686, 36.7084890332693], [-119.806678690861, 36.7086670333291], [-119.806673690838, 36.7094650329961], [-119.806678690861, 36.7095650327166], [-119.806681691234, 36.7104290327175], [-119.806689690732, 36.7111640333123], [-119.806714691744, 36.713369033239], [-119.806723691965, 36.7141050340346]]]}, "properties": {"GEOID": "060190009012003", "P0010001": 14, "ALAND": 494959, "AWATER": 0}}, {"type": "Feature", "geometry": {"type": "Polygon", "coordinates": [[[-119.799813690001, 36.7088660336887], [-119.799811690352, 36.7094030337954], [-119.799811690352, 36.7095830337759], [-119.799365690288, 36.7095860339521], [-119.798029689746, 36.7095940341812], [-119.797584690405, 36.7095980339354], [-119.797584690405, 36.7094200338716], [-119.797584690405, 36.7088850337793], [-119.79758569023, 36.7087080338145], [-119.798030689571, 36.7087030337038], [-119.799368689762, 36.7086910343009], [-119.799814689826, 36.7086870337794], [-119.799813690001, 36.7088660336887]]]}, "properties": {"GEOID": "060190009012004", "P0010001": 62, "ALAND": 19727, "AWATER": 0}}, {"type": "Feature", "geometry": {"type": "Polygon", "coordinates": [[[-119.799813690001, 36.710477034273], [-119.799368689762, 36.7104810339812], [-119.798033689944, 36.7104940341116], [-119.797589690428, 36.7104990341058], [-119.797588689705, 36.7103180338213], [-119.79758569023, 36.7097780341793], [-119.797584690405, 36.7095980339354], [-119.798029689746, 36.7095940341812], [-119.799365690288, 36.7095860339521], [-119.799811690352, 36.7095830337759], [-119.799811690352, 36.7097610341822], [-119.799812690176, 36.7102980337956], [-119.799813690001, 36.710477034273]]]}, "properties": {"GEOID": "060190009012005", "P0010001": 68, "ALAND": 19802, "AWATER": 0}}, {"type": "Feature", "geometry": {"type": "Polygon", "coordinates": [[[-119.797589690428, 36.7104990341058], [-119.797146689839, 36.7105000336725], [-119.79636369039, 36.7105020342462], [-119.795817689869, 36.7105050336663], [-119.795375690003, 36.7105080338064], [-119.79536869033, 36.7103280338323], [-119.795348690238, 36.7097880342604], [-119.795342688594, 36.70960803404], [-119.795790690104, 36.7096050338647], [-119.797135689969, 36.7096000338123], [-119.797584690405, 36.7095980339354], [-119.79758569023, 36.7097780341793], [-119.797588689705, 36.7103180338213], [-119.797589690428, 36.7104990341058]]]}, "properties": {"GEOID": "060190009012006", "P0010001": 66, "ALAND": 19883, "AWATER": 0}}, {"type": "Feature", "geometry": {"type": "Polygon", "coordinates": [[[-119.797584690405, 36.7088850337793], [-119.797584690405, 36.7094200338716], [-119.797584690405, 36.7095980339354], [-119.797135689969, 36.7096000338123], [-119.795790690104, 36.7096050338647], [-119.795342688594, 36.70960803404], [-119.795343689317, 36.7094300339994], [-119.795346688792, 36.7088950339767], [-119.79534868934, 36.7087180340349], [-119.795795689229, 36.7087150338249], [-119.797137689618, 36.7087100337146], [-119.79758569023, 36.7087080338145], [-119.797584690405, 36.7088850337793]]]}, "properties": {"GEOID": "060190009012007", "P0010001": 86, "ALAND": 19762, "AWATER": 0}}, {"type": "Feature", "geometry": {"type": "Polygon", "coordinates": [[[-119.79758569023, 36.7087080338145], [-119.797137689618, 36.7087100337146], [-119.795795689229, 36.7087150338249], [-119.79534868934, 36.7087180340349], [-119.79534868934, 36.7085370338763], [-119.79534868934, 36.7079950340424], [-119.795349689165, 36.707815033943], [-119.795795689229, 36.7078180341882], [-119.797134690144, 36.7078270342028], [-119.797581690032, 36.7078300337274], [-119.797581690032, 36.7080050343557], [-119.797584690405, 36.7085320337544], [-119.79758569023, 36.7087080338145]]]}, "properties": {"GEOID": "060190009012008", "P0010001": 95, "ALAND": 19721, "AWATER": 0}}, {"type": "Feature", "geometry": {"type": "Polygon", "coordinates": [[[-119.799814689826, 36.7086870337794], [-119.799368689762, 36.7086910343009], [-119.798030689571, 36.7087030337038], [-119.79758569023, 36.7087080338145], [-119.797584690405, 36.7085320337544], [-119.797581690032, 36.7080050343557], [-119.797581690032, 36.7078300337274], [-119.798026690271, 36.7078250342797], [-119.799362689915, 36.7078130332994], [-119.799808689979, 36.7078090327321], [-119.799809689803, 36.7079840326882], [-119.799812690176, 36.708511032951], [-119.799814689826, 36.7086870337794]]]}, "properties": {"GEOID": "060190009012009", "P0010001": 68, "ALAND": 19397, "AWATER": 0}}, {"type": "Feature", "geometry": {"type": "Polygon", "coordinates": [[[-119.79982669042, 36.7070320329253], [-119.799817690199, 36.7076150326979], [-119.799816690374, 36.707694033079], [-119.799808689979, 36.7078090327321], [-119.799362689915, 36.7078130332994], [-119.798026690271, 36.7078250342797], [-119.797581690032, 36.7078300337274], [-119.797579690383, 36.7077520338086], [-119.797581690032, 36.707633034214], [-119.797592689903, 36.7070420340841], [-119.797596690101, 36.7068460328851], [-119.798042690165, 36.7068440329364], [-119.799383689831, 36.7068390327044], [-119.79983068972, 36.7068380330901], [-119.79982669042, 36.7070320329253]]]}, "properties": {"GEOID": "060190009012010", "P0010001": 12, "ALAND": 21656, "AWATER": 0}}, {"type": "Feature", "geometry": {"type": "Polygon", "coordinates": [[[-119.797592689903, 36.7070420340841], [-119.797581690032, 36.707633034214], [-119.797579690383, 36.7077520338086], [-119.797581690032, 36.7078300337274], [-119.797134690144, 36.7078270342028], [-119.795795689229, 36.7078180341882], [-119.795349689165, 36.707815033943], [-119.795351688815, 36.7076820342388], [-119.79534868934, 36.7076240341766], [-119.795322689401, 36.7070530341329], [-119.795314689005, 36.7068630342471], [-119.795770689115, 36.7068590343507], [-119.797139689268, 36.7068490338883], [-119.797596690101, 36.7068460328851], [-119.797592689903, 36.7070420340841]]]}, "properties": {"GEOID": "060190009012011", "P0010001": 98, "ALAND": 21626, "AWATER": 0}}, {"type": "Feature", "geometry": {"type": "Polygon", "coordinates": [[[-119.794746691437, 36.7216490347506], [-119.794709690729, 36.7217640351182], [-119.794705691429, 36.7217780349195], [-119.794603691322, 36.7218990352047], [-119.794460691207, 36.7220090352331], [-119.793908690838, 36.722396034716], [-119.793629691179, 36.7225930352591], [-119.793409691071, 36.722391034776], [-119.792750689673, 36.721787034739], [-119.792531690288, 36.7215860351588], [-119.792349689815, 36.7214280348007], [-119.792220689944, 36.7213160350882], [-119.79181168969, 36.7209470350409], [-119.791633690313, 36.7207860350698], [-119.791766690382, 36.7206580348295], [-119.791802690367, 36.7206030349477], [-119.791880690185, 36.7204910347523], [-119.791931690239, 36.7202940352983], [-119.791930690414, 36.7198840351216], [-119.791930690414, 36.7196340353096], [-119.792155689647, 36.7196330351416], [-119.792830690039, 36.7196310348058], [-119.793056689995, 36.7196310348058], [-119.793058689645, 36.7199720351613], [-119.793065690216, 36.7209980347959], [-119.793067689866, 36.7212970351915], [-119.793065690216, 36.7213400349889], [-119.793064690391, 36.7213590348749], [-119.793063689668, 36.721391035203], [-119.793075690262, 36.7214150350802], [-119.793085690307, 36.7214330348033], [-119.793136690361, 36.7214530348106], [-119.793216689829, 36.7214590349558], [-119.793302690042, 36.7214560352432], [-119.793965690739, 36.7214410352388], [-119.794187691396, 36.7214360352367], [-119.794301691198, 36.7214340349478], [-119.79464669098, 36.7214300350897], [-119.794762691331, 36.7214290349452], [-119.794746691437, 36.7216490347506]]]}, "properties": {"GEOID": "060190009021000", "P0010001": 190, "ALAND": 35882, "AWATER": 0}}, {"type": "Feature", "geometry": {"type": "Polygon", "coordinates": [[[-119.795344690939, 36.7212930353264], [-119.795341690566, 36.7214250350869], [-119.795225691113, 36.7214250350869], [-119.794877690959, 36.7214270346561], [-119.794762691331, 36.7214290349452], [-119.79464669098, 36.7214300350897], [-119.794301691198, 36.7214340349478], [-119.794187691396, 36.7214360352367], [-119.794191690695, 36.7212680352643], [-119.794191690695, 36.7210930353223], [-119.794192689622, 36.7200660353542], [-119.794193690345, 36.7197240352492], [-119.794193690345, 36.7197040347917], [-119.794193690345, 36.7196450349958], [-119.794193690345, 36.7196260346858], [-119.794419690301, 36.7196260346858], [-119.79510069144, 36.7196260346858], [-119.79532769122, 36.7196270348539], [-119.795330690695, 36.7199860352892], [-119.795341690566, 36.7210650347474], [-119.795344690939, 36.7212930353264]]]}, "properties": {"GEOID": "060190009021001", "P0010001": 81, "ALAND": 20449, "AWATER": 0}}, {"type": "Feature", "geometry": {"type": "Polygon", "coordinates": [[[-119.794193690345, 36.7196450349958], [-119.794193690345, 36.7197040347917], [-119.794193690345, 36.7197240352492], [-119.794192689622, 36.7200660353542], [-119.794191690695, 36.7210930353223], [-119.794191690695, 36.7212680352643], [-119.794187691396, 36.7214360352367], [-119.793965690739, 36.7214410352388], [-119.793302690042, 36.7214560352432], [-119.793216689829, 36.7214590349558], [-119.793136690361, 36.7214530348106], [-119.793085690307, 36.7214330348033], [-119.793075690262, 36.7214150350802], [-119.793063689668, 36.721391035203], [-119.793064690391, 36.7213590348749], [-119.793065690216, 36.7213400349889], [-119.793067689866, 36.7212970351915], [-119.793065690216, 36.7209980347959], [-119.793058689645, 36.7199720351613], [-119.793056689995, 36.7196310348058], [-119.793053689622, 36.7192690350735], [-119.793045690124, 36.718186034842], [-119.793043689576, 36.7178250349722], [-119.793270690255, 36.7178260351637], [-119.793952690321, 36.7178310346807], [-119.794180689926, 36.7178330350635], [-119.794182689576, 36.7181910350557], [-119.794190689972, 36.7192670347281], [-119.794193690345, 36.7196260346858], [-119.794193690345, 36.7196450349958]]]}, "properties": {"GEOID": "060190009021002", "P0010001": 135, "ALAND": 40656, "AWATER": 0}}, {"type": "Feature", "geometry": {"type": "Polygon", "coordinates": [[[-119.794180689926, 36.7163420348003], [-119.794180689926, 36.7174600347813], [-119.794180689926, 36.7178330350635], [-119.793952690321, 36.7178310346807], [-119.793270690255, 36.7178260351637], [-119.793043689576, 36.7178250349722], [-119.793043689576, 36.7174550352401], [-119.793044690299, 36.7163460349232], [-119.793045690124, 36.7159770347641], [-119.79327169008, 36.7159750350531], [-119.793953690146, 36.7159710349108], [-119.794180689926, 36.7159700346951], [-119.794180689926, 36.7163420348003]]]}, "properties": {"GEOID": "060190009021003", "P0010001": 97, "ALAND": 20905, "AWATER": 0}}, {"type": "Feature", "geometry": {"type": "Polygon", "coordinates": [[[-119.79533369017, 36.7176540351618], [-119.795326689599, 36.7176820348199], [-119.795323690124, 36.7177000346976], [-119.795289689789, 36.7177430350685], [-119.795276690268, 36.7177490347835], [-119.795251690154, 36.7177620351243], [-119.795181689834, 36.7177890352712], [-119.795081690275, 36.7178060349321], [-119.795041690092, 36.7178070351238], [-119.794395690011, 36.7178260351637], [-119.794180689926, 36.7178330350635], [-119.794180689926, 36.7174600347813], [-119.794180689926, 36.7163420348003], [-119.794180689926, 36.7159700346951], [-119.794404690232, 36.715965035057], [-119.795078689902, 36.7159510349163], [-119.795303690033, 36.7159470347727], [-119.795308690056, 36.7162290346607], [-119.795319689926, 36.7168840348032], [-119.795323690124, 36.7170760347957], [-119.795329689972, 36.7173590350574], [-119.795330689797, 36.7174180351689], [-119.79533369017, 36.7175950352316], [-119.79533369017, 36.7176540351618]]]}, "properties": {"GEOID": "060190009021004", "P0010001": 109, "ALAND": 20903, "AWATER": 0}}, {"type": "Feature", "geometry": {"type": "Polygon", "coordinates": [[[-119.79984669141, 36.719616035165], [-119.799616691256, 36.7196170353332], [-119.798929691168, 36.7196230349017], [-119.798700690839, 36.7196260346858], [-119.798472691233, 36.7196260346858], [-119.797791690993, 36.7196280350218], [-119.797564691212, 36.7196290351899], [-119.797384691287, 36.7196290351899], [-119.796845691337, 36.7196290351899], [-119.796666691237, 36.7196300353578], [-119.796620691206, 36.7196300353578], [-119.796482691114, 36.7196300353578], [-119.796437690908, 36.7196300353578], [-119.79638369138, 36.7196290351899], [-119.796225691196, 36.7196290351899], [-119.796172690594, 36.7196290351899], [-119.796003691438, 36.7196280350218], [-119.795496691275, 36.7196270348539], [-119.79532769122, 36.7196270348539], [-119.79510069144, 36.7196260346858], [-119.794419690301, 36.7196260346858], [-119.794193690345, 36.7196260346858], [-119.794190689972, 36.7192670347281], [-119.794182689576, 36.7181910350557], [-119.794180689926, 36.7178330350635], [-119.794395690011, 36.7178260351637], [-119.795041690092, 36.7178070351238], [-119.795081690275, 36.7178060349321], [-119.795181689834, 36.7177890352712], [-119.795251690154, 36.7177620351243], [-119.795276690268, 36.7177490347835], [-119.795289689789, 36.7177430350685], [-119.795323690124, 36.7177000346976], [-119.795326689599, 36.7176820348199], [-119.79533369017, 36.7176540351618], [-119.79533369017, 36.7175950352316], [-119.795330689797, 36.7174180351689], [-119.795329689972, 36.7173590350574], [-119.795323690124, 36.7170760347957], [-119.795319689926, 36.7168840348032], [-119.795308690056, 36.7162290346607], [-119.795303690033, 36.7159470347727], [-119.795530689813, 36.7159470340526], [-119.796211690054, 36.7159470340526], [-119.796439689659, 36.7159470340526], [-119.79666468979, 36.7159470340526], [-119.797339690183, 36.7159470340526], [-119.797565691037, 36.7159480342686], [-119.797567690687, 36.7161610338785], [-119.797576690908, 36.7168020338951], [-119.797577690733, 36.7168710343138], [-119.797580691106, 36.7170160342195], [-119.797581690931, 36.7171290339216], [-119.797587690779, 36.7174710347789], [-119.797589691327, 36.7175850347263], [-119.797589691327, 36.7176180346606], [-119.797590691152, 36.7177170350983], [-119.797591690976, 36.7177510351683], [-119.797624690588, 36.7177730350786], [-119.797696690558, 36.7177940347906], [-119.797806691062, 36.717798034838], [-119.797825691328, 36.7177990350298], [-119.798483691104, 36.7177870341671], [-119.79870969106, 36.7177840343113], [-119.798869690894, 36.7178000337814], [-119.798932690643, 36.7178010339732], [-119.799604690662, 36.7178200340146], [-119.799829690793, 36.717827033915], [-119.799832691166, 36.7181840337483], [-119.799842691212, 36.7192580353334], [-119.79984669141, 36.719616035165]]]}, "properties": {"GEOID": "060190009021005", "P0010001": 562, "ALAND": 143695, "AWATER": 0}}, {"type": "Feature", "geometry": {"type": "Polygon", "coordinates": [[[-119.79530968988, 36.7142410341378], [-119.79530968988, 36.7145530343543], [-119.79530968988, 36.7146570341449], [-119.795085689574, 36.7146610343557], [-119.794415690103, 36.7146730342664], [-119.794192689622, 36.7146780339887], [-119.794189690147, 36.7149360337603], [-119.794182689576, 36.7157110352966], [-119.794180689926, 36.7159700346951], [-119.793953690146, 36.7159710349108], [-119.79327169008, 36.7159750350531], [-119.793045690124, 36.7159770347641], [-119.793047689774, 36.7156130346542], [-119.793053689622, 36.7145200352638], [-119.793056689995, 36.7141570342507], [-119.793157690277, 36.7141510342553], [-119.793506690257, 36.7141480342574], [-119.794858689794, 36.714139034263], [-119.79530968988, 36.7141370337841], [-119.79530968988, 36.7142410341378]]]}, "properties": {"GEOID": "060190009021006", "P0010001": 95, "ALAND": 26422, "AWATER": 0}}, {"type": "Feature", "geometry": {"type": "Polygon", "coordinates": [[[-119.795307690231, 36.7149140337577], [-119.795306690406, 36.7150560337942], [-119.795304689858, 36.7156880338564], [-119.795303690033, 36.7159470347727], [-119.795078689902, 36.7159510349163], [-119.794404690232, 36.715965035057], [-119.794180689926, 36.7159700346951], [-119.794182689576, 36.7157110352966], [-119.794189690147, 36.7149360337603], [-119.794192689622, 36.7146780339887], [-119.794415690103, 36.7146730342664], [-119.795085689574, 36.7146610343557], [-119.79530968988, 36.7146570341449], [-119.795307690231, 36.7149140337577]]]}, "properties": {"GEOID": "060190009021007", "P0010001": 54, "ALAND": 14332, "AWATER": 0}}, {"type": "Feature", "geometry": {"type": "Polygon", "coordinates": [[[-119.793053689622, 36.7145200352638], [-119.793047689774, 36.7156130346542], [-119.793045690124, 36.7159770347641], [-119.792888689766, 36.7159740348375], [-119.792821689818, 36.7159750350531], [-119.792151690347, 36.7159890351894], [-119.792048690415, 36.7159820351215], [-119.791997690361, 36.7159690351996], [-119.791939689736, 36.715935035061], [-119.791940689561, 36.7155800352988], [-119.791944688861, 36.7145160350457], [-119.791946689409, 36.7141620347267], [-119.792167689342, 36.7141600349684], [-119.792833690412, 36.7141570349709], [-119.793056689995, 36.7141570342507], [-119.793053689622, 36.7145200352638]]]}, "properties": {"GEOID": "060190009021008", "P0010001": 147, "ALAND": 19998, "AWATER": 0}}, {"type": "Feature", "geometry": {"type": "Polygon", "coordinates": [[[-119.793044690299, 36.7163460349232], [-119.793043689576, 36.7174550352401], [-119.793043689576, 36.7178250349722], [-119.792818690344, 36.7178210349262], [-119.792143689951, 36.7178090347871], [-119.791919689645, 36.7178050347404], [-119.791678689621, 36.7178050347404], [-119.79095868992, 36.7178060349321], [-119.790718689721, 36.7178070351238], [-119.790721690094, 36.7174400351745], [-119.790730689416, 36.716339034888], [-119.790734688716, 36.715973035342], [-119.790737689089, 36.7156100347134], [-119.790741689287, 36.7150830348922], [-119.790747689135, 36.7145210347782], [-119.790751689333, 36.7141590347292], [-119.790951689349, 36.7141620347267], [-119.790989688984, 36.7141620347267], [-119.79170668921, 36.7141620347267], [-119.791946689409, 36.7141620347267], [-119.791944688861, 36.7145160350457], [-119.791940689561, 36.7155800352988], [-119.791939689736, 36.715935035061], [-119.791997690361, 36.7159690351996], [-119.792048690415, 36.7159820351215], [-119.792151690347, 36.7159890351894], [-119.792821689818, 36.7159750350531], [-119.792888689766, 36.7159740348375], [-119.793045690124, 36.7159770347641], [-119.793044690299, 36.7163460349232]]]}, "properties": {"GEOID": "060190009021009", "P0010001": 13, "ALAND": 63707, "AWATER": 0}}, {"type": "Feature", "geometry": {"type": "Polygon", "coordinates": [[[-119.791931690239, 36.7202940352983], [-119.791880690185, 36.7204910347523], [-119.791802690367, 36.7206030349477], [-119.791766690382, 36.7206580348295], [-119.791633690313, 36.7207860350698], [-119.791448690365, 36.7205720351672], [-119.791295690204, 36.7203960349216], [-119.791071689898, 36.7201060353554], [-119.790983690035, 36.7199560347033], [-119.790952690073, 36.7198900346692], [-119.79092169011, 36.7198240352985], [-119.79084068992, 36.7196320349737], [-119.790753689881, 36.7193320351256], [-119.790748689858, 36.7192760348418], [-119.790733689789, 36.7190870351126], [-119.790722689919, 36.7181740347599], [-119.790718689721, 36.7178070351238], [-119.79095868992, 36.7178060349321], [-119.791678689621, 36.7178050347404], [-119.791919689645, 36.7178050347404], [-119.791921690193, 36.7181700347321], [-119.791927690041, 36.7192680349008], [-119.791930690414, 36.7196340353096], [-119.791930690414, 36.7198840351216], [-119.791931690239, 36.7202940352983]]]}, "properties": {"GEOID": "060190009021010", "P0010001": 101, "ALAND": 29504, "AWATER": 0}}, {"type": "Feature", "geometry": {"type": "Polygon", "coordinates": [[[-119.793056689995, 36.7196310348058], [-119.792830690039, 36.7196310348058], [-119.792155689647, 36.7196330351416], [-119.791930690414, 36.7196340353096], [-119.791927690041, 36.7192680349008], [-119.791921690193, 36.7181700347321], [-119.791919689645, 36.7178050347404], [-119.792143689951, 36.7178090347871], [-119.792818690344, 36.7178210349262], [-119.793043689576, 36.7178250349722], [-119.793045690124, 36.718186034842], [-119.793053689622, 36.7192690350735], [-119.793056689995, 36.7196310348058]]]}, "properties": {"GEOID": "060190009021011", "P0010001": 52, "ALAND": 20266, "AWATER": 0}}, {"type": "Feature", "geometry": {"type": "Polygon", "coordinates": [[[-119.799865690778, 36.7214140349355], [-119.799518691347, 36.7214280348007], [-119.799127690636, 36.7214430348075], [-119.798924691145, 36.7214510352421], [-119.798294690958, 36.7215160352316], [-119.79796569107, 36.7215870353012], [-119.797825691328, 36.7216180346722], [-119.797592690801, 36.7217000347596], [-119.797405691204, 36.7217650352584], [-119.797366690846, 36.7217790350595], [-119.797018690691, 36.7219400351094], [-119.796874690751, 36.7220240351266], [-119.796705690697, 36.7221240350617], [-119.796686691328, 36.7221070349163], [-119.796586690871, 36.7220190351624], [-119.796571690802, 36.722006034822], [-119.796479690741, 36.7218820350095], [-119.796449690604, 36.7217540351557], [-119.796449690604, 36.7215860351588], [-119.796449690604, 36.7214290349452], [-119.796446691129, 36.7210690353444], [-119.796439690558, 36.7199890350591], [-119.796437690908, 36.7196300353578], [-119.796482691114, 36.7196300353578], [-119.796620691206, 36.7196300353578], [-119.796666691237, 36.7196300353578], [-119.796845691337, 36.7196290351899], [-119.797384691287, 36.7196290351899], [-119.797564691212, 36.7196290351899], [-119.79756869141, 36.7198770346886], [-119.797580691106, 36.7206220350161], [-119.797584691304, 36.7208710350608], [-119.79781069126, 36.720870034909], [-119.798490690777, 36.720870034909], [-119.798717690558, 36.720870034909], [-119.798713691258, 36.720621034861], [-119.798703691212, 36.7198740349143], [-119.798700690839, 36.7196260346858], [-119.798929691168, 36.7196230349017], [-119.799616691256, 36.7196170353332], [-119.79984669141, 36.719616035165], [-119.799839690839, 36.7197010350107], [-119.799865690778, 36.7214140349355]]]}, "properties": {"GEOID": "060190009022000", "P0010001": 230, "ALAND": 54004, "AWATER": 0}}, {"type": "Feature", "geometry": {"type": "Polygon", "coordinates": [[[-119.798717690558, 36.720870034909], [-119.798490690777, 36.720870034909], [-119.79781069126, 36.720870034909], [-119.797584691304, 36.7208710350608], [-119.797580691106, 36.7206220350161], [-119.79756869141, 36.7198770346886], [-119.797564691212, 36.7196290351899], [-119.797791690993, 36.7196280350218], [-119.798472691233, 36.7196260346858], [-119.798700690839, 36.7196260346858], [-119.798703691212, 36.7198740349143], [-119.798713691258, 36.720621034861], [-119.798717690558, 36.720870034909]]]}, "properties": {"GEOID": "060190009022001", "P0010001": 83, "ALAND": 13976, "AWATER": 0}}, {"type": "Feature", "geometry": {"type": "Polygon", "coordinates": [[[-119.796449690604, 36.7214290349452], [-119.796227690846, 36.7214280348007], [-119.795562691397, 36.7214250350869], [-119.795341690566, 36.7214250350869], [-119.795344690939, 36.7212930353264], [-119.795341690566, 36.7210650347474], [-119.795330690695, 36.7199860352892], [-119.79532769122, 36.7196270348539], [-119.795496691275, 36.7196270348539], [-119.796003691438, 36.7196280350218], [-119.796172690594, 36.7196290351899], [-119.796225691196, 36.7196290351899], [-119.79638369138, 36.7196290351899], [-119.796437690908, 36.7196300353578], [-119.796439690558, 36.7199890350591], [-119.796446691129, 36.7210690353444], [-119.796449690604, 36.7214290349452]]]}, "properties": {"GEOID": "060190009022002", "P0010001": 84, "ALAND": 19741, "AWATER": 0}}, {"type": "Feature", "geometry": {"type": "Polygon", "coordinates": [[[-119.801360692227, 36.7214040349274], [-119.800318692311, 36.7214060352172], [-119.799865690778, 36.7214140349355], [-119.799839690839, 36.7197010350107], [-119.79984669141, 36.719616035165], [-119.799842691212, 36.7192580353334], [-119.799832691166, 36.7181840337483], [-119.799829690793, 36.717827033915], [-119.800132690742, 36.7178190338231], [-119.800631691408, 36.717806034212], [-119.801041690588, 36.717778033879], [-119.801344691435, 36.7177580343549], [-119.801335691214, 36.7178150337768], [-119.801338690689, 36.717943033714], [-119.801353690758, 36.7185010339867], [-119.80135869078, 36.7186870338969], [-119.80134969056, 36.718818034357], [-119.801348691633, 36.7195250342094], [-119.801348691633, 36.7196830341617], [-119.8013676919, 36.72132303467], [-119.801360692227, 36.7214040349274]]]}, "properties": {"GEOID": "060190009022003", "P0010001": 262, "ALAND": 53927, "AWATER": 0}}, {"type": "Feature", "geometry": {"type": "Polygon", "coordinates": [[[-119.801344691435, 36.7177580343549], [-119.801041690588, 36.717778033879], [-119.800631691408, 36.717806034212], [-119.800132690742, 36.7178190338231], [-119.799829690793, 36.717827033915], [-119.799831691341, 36.7174520339311], [-119.799838691014, 36.7163260343063], [-119.799841691387, 36.715952033692], [-119.800141690963, 36.7159480342686], [-119.801041690588, 36.715940033981], [-119.801342690887, 36.715937034053], [-119.801342690887, 36.7163010340679], [-119.801343690712, 36.7173930338457], [-119.801344691435, 36.7177580343549]]]}, "properties": {"GEOID": "060190009022004", "P0010001": 220, "ALAND": 27748, "AWATER": 0}}, {"type": "Feature", "geometry": {"type": "Polygon", "coordinates": [[[-119.799841691387, 36.715952033692], [-119.799838691014, 36.7163260343063], [-119.799831691341, 36.7174520339311], [-119.799829690793, 36.717827033915], [-119.799604690662, 36.7178200340146], [-119.798932690643, 36.7178010339732], [-119.798869690894, 36.7178000337814], [-119.79870969106, 36.7177840343113], [-119.798705690862, 36.7174160340552], [-119.798693691166, 36.7163120342314], [-119.798690690793, 36.7159450343408], [-119.798693691166, 36.7156740336652], [-119.798700690839, 36.7150400337525], [-119.799337690699, 36.7150370337893], [-119.799406691194, 36.7151000337117], [-119.799835690641, 36.7151020341656], [-119.799838691014, 36.7155870339631], [-119.799841691387, 36.715952033692]]]}, "properties": {"GEOID": "060190009022005", "P0010001": 139, "ALAND": 30976, "AWATER": 0}}, {"type": "Feature", "geometry": {"type": "Polygon", "coordinates": [[[-119.79870969106, 36.7177840343113], [-119.798483691104, 36.7177870341671], [-119.797825691328, 36.7177990350298], [-119.797806691062, 36.717798034838], [-119.797696690558, 36.7177940347906], [-119.797624690588, 36.7177730350786], [-119.797591690976, 36.7177510351683], [-119.797590691152, 36.7177170350983], [-119.797589691327, 36.7176180346606], [-119.797589691327, 36.7175850347263], [-119.797587690779, 36.7174710347789], [-119.797581690931, 36.7171290339216], [-119.797580691106, 36.7170160342195], [-119.797577690733, 36.7168710343138], [-119.797576690908, 36.7168020338951], [-119.797567690687, 36.7161610338785], [-119.797565691037, 36.7159480342686], [-119.797789691343, 36.7159470340526], [-119.798465690662, 36.7159450343408], [-119.798690690793, 36.7159450343408], [-119.798693691166, 36.7163120342314], [-119.798705690862, 36.7174160340552], [-119.79870969106, 36.7177840343113]]]}, "properties": {"GEOID": "060190009022006", "P0010001": 107, "ALAND": 20508, "AWATER": 0}}, {"type": "Feature", "geometry": {"type": "Polygon", "coordinates": [[[-119.798693691166, 36.7156740336652], [-119.798690690793, 36.7159450343408], [-119.798465690662, 36.7159450343408], [-119.797789691343, 36.7159470340526], [-119.797565691037, 36.7159480342686], [-119.797570690162, 36.7156790340425], [-119.797579690383, 36.7153030341503], [-119.797575690185, 36.7150440339433], [-119.798700690839, 36.7150400337525], [-119.798693691166, 36.7156740336652]]]}, "properties": {"GEOID": "060190009022007", "P0010001": 45, "ALAND": 10056, "AWATER": 0}}, {"type": "Feature", "geometry": {"type": "Polygon", "coordinates": [[[-119.797579690383, 36.7153030341503], [-119.797570690162, 36.7156790340425], [-119.797565691037, 36.7159480342686], [-119.797339690183, 36.7159470340526], [-119.79666468979, 36.7159470340526], [-119.796439689659, 36.7159470340526], [-119.796441690208, 36.7156810337612], [-119.796447690055, 36.7150510340966], [-119.797575690185, 36.7150440339433], [-119.797579690383, 36.7153030341503]]]}, "properties": {"GEOID": "060190009022008", "P0010001": 52, "ALAND": 10081, "AWATER": 0}}, {"type": "Feature", "geometry": {"type": "Polygon", "coordinates": [[[-119.796441690208, 36.7156810337612], [-119.796439689659, 36.7159470340526], [-119.796211690054, 36.7159470340526], [-119.795530689813, 36.7159470340526], [-119.795303690033, 36.7159470347727], [-119.795304689858, 36.7156880338564], [-119.795306690406, 36.7150560337942], [-119.796447690055, 36.7150510340966], [-119.796441690208, 36.7156810337612]]]}, "properties": {"GEOID": "060190009022009", "P0010001": 73, "ALAND": 10083, "AWATER": 0}}, {"type": "Feature", "geometry": {"type": "Polygon", "coordinates": [[[-119.799835690641, 36.7151020341656], [-119.799406691194, 36.7151000337117], [-119.799337690699, 36.7150370337893], [-119.798700690839, 36.7150400337525], [-119.798702691387, 36.7148640337939], [-119.798706690687, 36.7145950340929], [-119.798479690906, 36.7145970338398], [-119.797798689767, 36.7146040340338], [-119.797572689812, 36.7146070340139], [-119.797348690404, 36.7146090337606], [-119.796676690384, 36.7146170341868], [-119.796453689903, 36.7146210336795], [-119.796449689705, 36.7148860338108], [-119.796447690055, 36.7150510340966], [-119.795306690406, 36.7150560337942], [-119.795307690231, 36.7149140337577], [-119.79530968988, 36.7146570341449], [-119.79530968988, 36.7145530343543], [-119.79530968988, 36.7142410341378], [-119.79530968988, 36.7141370337841], [-119.795457690018, 36.7141430337806], [-119.796213689704, 36.7141400337823], [-119.796346689773, 36.714139034263], [-119.79892569097, 36.7141320340266], [-119.799830690618, 36.7141300342675], [-119.799832691166, 36.7144940342028], [-119.799835690641, 36.7151020341656]]]}, "properties": {"GEOID": "060190009022010", "P0010001": 145, "ALAND": 31302, "AWATER": 0}}, {"type": "Feature", "geometry": {"type": "Polygon", "coordinates": [[[-119.797575690185, 36.7150440339433], [-119.796447690055, 36.7150510340966], [-119.796449689705, 36.7148860338108], [-119.796453689903, 36.7146210336795], [-119.796676690384, 36.7146170341868], [-119.797348690404, 36.7146090337606], [-119.797572689812, 36.7146070340139], [-119.79757469036, 36.7148750341632], [-119.797575690185, 36.7150440339433]]]}, "properties": {"GEOID": "060190009022011", "P0010001": 35, "ALAND": 4839, "AWATER": 0}}, {"type": "Feature", "geometry": {"type": "Polygon", "coordinates": [[[-119.798702691387, 36.7148640337939], [-119.798700690839, 36.7150400337525], [-119.797575690185, 36.7150440339433], [-119.79757469036, 36.7148750341632], [-119.797572689812, 36.7146070340139], [-119.797798689767, 36.7146040340338], [-119.798479690906, 36.7145970338398], [-119.798706690687, 36.7145950340929], [-119.798702691387, 36.7148640337939]]]}, "properties": {"GEOID": "060190009022012", "P0010001": 19, "ALAND": 4942, "AWATER": 0}}, {"type": "Feature", "geometry": {"type": "Polygon", "coordinates": [[[-119.802884692191, 36.7192270342899], [-119.802876691795, 36.7208500340298], [-119.802874692146, 36.7212530352232], [-119.802868692298, 36.7213920353481], [-119.802710692114, 36.7214000350678], [-119.801426692349, 36.7214060352172], [-119.801360692227, 36.7214040349274], [-119.8013676919, 36.72132303467], [-119.801348691633, 36.7196830341617], [-119.801348691633, 36.7195250342094], [-119.80134969056, 36.718818034357], [-119.80135869078, 36.7186870338969], [-119.801663691277, 36.7186860337167], [-119.802581692243, 36.7186860337167], [-119.802887691666, 36.7186860337167], [-119.802884692191, 36.7192270342899]]]}, "properties": {"GEOID": "060190009023000", "P0010001": 215, "ALAND": 41073, "AWATER": 0}}, {"type": "Feature", "geometry": {"type": "Polygon", "coordinates": [[[-119.804406691607, 36.7197130341342], [-119.804377692193, 36.7205420340901], [-119.804385691691, 36.7208390337961], [-119.804397692285, 36.7212820337159], [-119.804387692239, 36.7213800343267], [-119.804150692413, 36.721382033897], [-119.803439692035, 36.7213870339027], [-119.803203692033, 36.7213900343379], [-119.803135692261, 36.721390035058], [-119.80293469242, 36.721391035203], [-119.802868692298, 36.7213920353481], [-119.802874692146, 36.7212530352232], [-119.802876691795, 36.7208500340298], [-119.802884692191, 36.7192270342899], [-119.802887691666, 36.7186860337167], [-119.803188691965, 36.7186830338958], [-119.804092691788, 36.7186780337142], [-119.804394691912, 36.7186760340735], [-119.804402692308, 36.7188170341785], [-119.804403692133, 36.7192160338238], [-119.804406691607, 36.7197130341342]]]}, "properties": {"GEOID": "060190009023001", "P0010001": 251, "ALAND": 40624, "AWATER": 0}}, {"type": "Feature", "geometry": {"type": "Polygon", "coordinates": [[[-119.808923693046, 36.7213760337458], [-119.808855693274, 36.7213760337458], [-119.808652692884, 36.721377033891], [-119.808585692937, 36.7213780340362], [-119.808414693233, 36.7213780340362], [-119.807904692696, 36.7213780340362], [-119.807735692642, 36.7213790341815], [-119.8072336934, 36.7213780340362], [-119.80572969173, 36.721377033891], [-119.805228692313, 36.721377033891], [-119.805059692259, 36.721377033891], [-119.80455569157, 36.7213790341815], [-119.804387692239, 36.7213800343267], [-119.804397692285, 36.7212820337159], [-119.804385691691, 36.7208390337961], [-119.804377692193, 36.7205420340901], [-119.804406691607, 36.7197130341342], [-119.804403692133, 36.7192160338238], [-119.804402692308, 36.7188170341785], [-119.804394691912, 36.7186760340735], [-119.804397692285, 36.718479034285], [-119.804406691607, 36.7178890342391], [-119.804408692156, 36.717812033922], [-119.804392692262, 36.7177530341131], [-119.804422692399, 36.7159000339707], [-119.804546692248, 36.7159480342686], [-119.804819692059, 36.7159440341249], [-119.806040692075, 36.7159310341965], [-119.806447691781, 36.715927034052], [-119.806627691706, 36.715927034052], [-119.807167692379, 36.7159280342681], [-119.807275692334, 36.7159290337642], [-119.807346691581, 36.7159170340496], [-119.807521692382, 36.7159160338333], [-119.808047691913, 36.7159140341207], [-119.808150691845, 36.7159140341207], [-119.80822369164, 36.7159110341916], [-119.808358692258, 36.7159080342624], [-119.80861869165, 36.7159040341167], [-119.808764692139, 36.7159030339002], [-119.808900691683, 36.7159030339002], [-119.808909691904, 36.7159690337594], [-119.808909691904, 36.7161340338795], [-119.808912692277, 36.7168300338637], [-119.808913692101, 36.7170620341374], [-119.808913692101, 36.7171980340466], [-119.80891569265, 36.7176050342954], [-119.808916693373, 36.7177420341559], [-119.808916693373, 36.7178840340058], [-119.808917693198, 36.7183100341406], [-119.808918693023, 36.7184520336605], [-119.808918693023, 36.7184940341477], [-119.808918693023, 36.7186210342126], [-119.808919692848, 36.7186640340679], [-119.808917693198, 36.7188420343182], [-119.808913693, 36.7193780336566], [-119.808912693175, 36.7195570338614], [-119.808913693, 36.7197410337619], [-119.808916693373, 36.7202930336989], [-119.808918693023, 36.7204780341533], [-119.808919692848, 36.7206570339549], [-119.808922693221, 36.7211960340322], [-119.808923693046, 36.7213760337458]]]}, "properties": {"GEOID": "060190009023002", "P0010001": 0, "ALAND": 244074, "AWATER": 0}}, {"type": "Feature", "geometry": {"type": "Polygon", "coordinates": [[[-119.811213692741, 36.7213700343142], [-119.810754693157, 36.7213710337394], [-119.80938069298, 36.7213740341754], [-119.808923693046, 36.7213760337458], [-119.808922693221, 36.7211960340322], [-119.808919692848, 36.7206570339549], [-119.808918693023, 36.7204780341533], [-119.809372692584, 36.7204730340885], [-119.810737693438, 36.7204600342065], [-119.811193692649, 36.7204560342978], [-119.811194693373, 36.7206380338952], [-119.811199693395, 36.7211870341434], [-119.81120069322, 36.7212660342509], [-119.811213692741, 36.7213700343142]]]}, "properties": {"GEOID": "060190009023003", "P0010001": 0, "ALAND": 20451, "AWATER": 0}}, {"type": "Feature", "geometry": {"type": "Polygon", "coordinates": [[[-119.813368693615, 36.7205910338031], [-119.813364694316, 36.7210090342869], [-119.813363693592, 36.7211490342815], [-119.813362693768, 36.7211960340322], [-119.813362693768, 36.7212530337831], [-119.813349694247, 36.7213370338316], [-119.813343694399, 36.7213840341873], [-119.813213693805, 36.7213830340422], [-119.812823693817, 36.7213800343267], [-119.812693694121, 36.7213800343267], [-119.812396693122, 36.7213780340362], [-119.811508693192, 36.7213720338848], [-119.811213692741, 36.7213700343142], [-119.81120069322, 36.7212660342509], [-119.811199693395, 36.7211870341434], [-119.811194693373, 36.7206380338952], [-119.811193692649, 36.7204560342978], [-119.811628692843, 36.7204540339833], [-119.812934693247, 36.7204520336688], [-119.813370694163, 36.7204520336688], [-119.813368693615, 36.7205910338031]]]}, "properties": {"GEOID": "060190009023004", "P0010001": 55, "ALAND": 19842, "AWATER": 0}}, {"type": "Feature", "geometry": {"type": "Polygon", "coordinates": [[[-119.815595693561, 36.7207320339931], [-119.815592694087, 36.7208780339631], [-119.815591694262, 36.7209270341818], [-119.815562693949, 36.7213590341549], [-119.813529694172, 36.721382033897], [-119.813491693639, 36.721382033897], [-119.813380694209, 36.7213830340422], [-119.813343694399, 36.7213840341873], [-119.813349694247, 36.7213370338316], [-119.813362693768, 36.7212530337831], [-119.813362693768, 36.7211960340322], [-119.813363693592, 36.7211490342815], [-119.813811694204, 36.7210610341501], [-119.814964694448, 36.7208370342116], [-119.815156694069, 36.7207990341766], [-119.81539269407, 36.7207540337697], [-119.81559769411, 36.7206840338043], [-119.815595693561, 36.7207320339931]]]}, "properties": {"GEOID": "060190009023005", "P0010001": 0, "ALAND": 9697, "AWATER": 0}}, {"type": "Feature", "geometry": {"type": "Polygon", "coordinates": [[[-119.817840693949, 36.7197630331021], [-119.817815693835, 36.7212130329391], [-119.817830693903, 36.7213420338402], [-119.817803694139, 36.721322033804], [-119.817784693873, 36.721322033804], [-119.817712693903, 36.7213480339941], [-119.815562693949, 36.7213590341549], [-119.815591694262, 36.7209270341818], [-119.815592694087, 36.7208780339631], [-119.815595693561, 36.7207320339931], [-119.81559769411, 36.7206840338043], [-119.816089694204, 36.7205020343159], [-119.817376694342, 36.7200300331031], [-119.817507693863, 36.7198740327541], [-119.817845693972, 36.7194730333064], [-119.817840693949, 36.7197630331021]]]}, "properties": {"GEOID": "060190009023006", "P0010001": 0, "ALAND": 24814, "AWATER": 0}}, {"type": "Feature", "geometry": {"type": "Polygon", "coordinates": [[[-119.817856693843, 36.718778032965], [-119.817847693622, 36.7192990330474], [-119.817845693972, 36.7194730333064], [-119.817507693863, 36.7198740327541], [-119.817376694342, 36.7200300331031], [-119.816089694204, 36.7205020343159], [-119.81559769411, 36.7206840338043], [-119.815598693934, 36.7206370337403], [-119.815600693584, 36.720496034096], [-119.815602694132, 36.7204500340742], [-119.815602694132, 36.7202650342724], [-119.815605693607, 36.7197090327464], [-119.81560669433, 36.7195250327693], [-119.81560669433, 36.7193430326949], [-119.81560869398, 36.7188000333011], [-119.815609693805, 36.7186190331303], [-119.816059694067, 36.7186160333069], [-119.817409693954, 36.7186070331158], [-119.817860694041, 36.7186050327532], [-119.817856693843, 36.718778032965]]]}, "properties": {"GEOID": "060190009023007", "P0010001": 61, "ALAND": 35973, "AWATER": 0}}, {"type": "Feature", "geometry": {"type": "Polygon", "coordinates": [[[-119.815600693584, 36.720496034096], [-119.815598693934, 36.7206370337403], [-119.81559769411, 36.7206840338043], [-119.81539269407, 36.7207540337697], [-119.815156694069, 36.7207990341766], [-119.814964694448, 36.7208370342116], [-119.813811694204, 36.7210610341501], [-119.813363693592, 36.7211490342815], [-119.813364694316, 36.7210090342869], [-119.813368693615, 36.7205910338031], [-119.813370694163, 36.7204520336688], [-119.813816694227, 36.7204510342316], [-119.815155694244, 36.7204500340742], [-119.815602694132, 36.7204500340742], [-119.815600693584, 36.720496034096]]]}, "properties": {"GEOID": "060190009023008", "P0010001": 33, "ALAND": 10594, "AWATER": 0}}, {"type": "Feature", "geometry": {"type": "Polygon", "coordinates": [[[-119.815605693607, 36.7197090327464], [-119.815602694132, 36.7202650342724], [-119.815602694132, 36.7204500340742], [-119.815155694244, 36.7204500340742], [-119.813816694227, 36.7204510342316], [-119.813370694163, 36.7204520336688], [-119.813372693813, 36.7202700343507], [-119.813380693311, 36.7197260341426], [-119.813383692786, 36.7195450339935], [-119.813827694098, 36.7195410340371], [-119.815161694091, 36.7195280339973], [-119.81560669433, 36.7195250327693], [-119.815605693607, 36.7197090327464]]]}, "properties": {"GEOID": "060190009023009", "P0010001": 102, "ALAND": 20227, "AWATER": 0}}, {"type": "Feature", "geometry": {"type": "Polygon", "coordinates": [[[-119.813380693311, 36.7197260341426], [-119.813372693813, 36.7202700343507], [-119.813370694163, 36.7204520336688], [-119.812934693247, 36.7204520336688], [-119.811628692843, 36.7204540339833], [-119.811193692649, 36.7204560342978], [-119.811194693373, 36.7202740342692], [-119.811198692672, 36.719731034256], [-119.81120069322, 36.7195500341187], [-119.811636693238, 36.7195480337806], [-119.812946692943, 36.7195460341626], [-119.813383692786, 36.7195450339935], [-119.813380693311, 36.7197260341426]]]}, "properties": {"GEOID": "060190009023010", "P0010001": 63, "ALAND": 19583, "AWATER": 0}}, {"type": "Feature", "geometry": {"type": "Polygon", "coordinates": [[[-119.811198692672, 36.719731034256], [-119.811194693373, 36.7202740342692], [-119.811193692649, 36.7204560342978], [-119.810737693438, 36.7204600342065], [-119.809372692584, 36.7204730340885], [-119.808918693023, 36.7204780341533], [-119.808916693373, 36.7202930336989], [-119.808913693, 36.7197410337619], [-119.808912693175, 36.7195570338614], [-119.808913693, 36.7193780336566], [-119.808917693198, 36.7188420343182], [-119.808919692848, 36.7186640340679], [-119.809372692584, 36.7186580337044], [-119.810734693065, 36.7186440340545], [-119.811188692627, 36.7186400340512], [-119.811190693175, 36.718822034351], [-119.811197692847, 36.7193670339322], [-119.81120069322, 36.7195500341187], [-119.811198692672, 36.719731034256]]]}, "properties": {"GEOID": "060190009023011", "P0010001": 144, "ALAND": 41036, "AWATER": 0}}, {"type": "Feature", "geometry": {"type": "Polygon", "coordinates": [[[-119.808910691728, 36.7144500332182], [-119.808902692231, 36.7155390341598], [-119.808900691683, 36.7159030339002], [-119.808764692139, 36.7159030339002], [-119.80861869165, 36.7159040341167], [-119.808358692258, 36.7159080342624], [-119.80822369164, 36.7159110341916], [-119.808220692165, 36.715652033874], [-119.808213691594, 36.7148750341632], [-119.808211691945, 36.7146170341868], [-119.808036692042, 36.7146180336999], [-119.807512692161, 36.7146210336795], [-119.807338692084, 36.7146230341458], [-119.807164692006, 36.7146240336589], [-119.806643691599, 36.7146260341252], [-119.806470692245, 36.7146280338713], [-119.806467691872, 36.7147030340351], [-119.806459692375, 36.7149290343166], [-119.806457691827, 36.7150050336947], [-119.8060416919, 36.7150090338873], [-119.80479569177, 36.7150230341996], [-119.804380691668, 36.715029034127], [-119.804369691798, 36.7149930338358], [-119.804369691798, 36.7148470342021], [-119.804373691097, 36.7142980340088], [-119.804375690747, 36.7141160337925], [-119.804425690976, 36.714118034272], [-119.804844692174, 36.7141150342728], [-119.806253691612, 36.7141070337943], [-119.806723691965, 36.7141050340346], [-119.807161691633, 36.7141020340349], [-119.808475692434, 36.714095033075], [-119.808698692016, 36.714094032835], [-119.808913692101, 36.7140870333146], [-119.808910691728, 36.7144500332182]]]}, "properties": {"GEOID": "060190009023012", "P0010001": 112, "ALAND": 40202, "AWATER": 0}}, {"type": "Feature", "geometry": {"type": "Polygon", "coordinates": [[[-119.817905694247, 36.7140440330577], [-119.817875694109, 36.7156920332934], [-119.817880694132, 36.7157920328307], [-119.817872693736, 36.7164840329175], [-119.817392694236, 36.7164120329617], [-119.81707269367, 36.7163650331642], [-119.816211694403, 36.716158033239], [-119.815971694203, 36.7161100330723], [-119.815496692929, 36.7160170332941], [-119.815348692791, 36.7159880328137], [-119.814797693145, 36.7159120329679], [-119.814515693113, 36.7158730331599], [-119.814251692624, 36.7158370332641], [-119.813392693006, 36.7159530331878], [-119.812820693444, 36.7163560327095], [-119.812686692652, 36.7164510332162], [-119.812279692946, 36.7168080329634], [-119.812221693219, 36.7168560326939], [-119.812047693142, 36.7170030330324], [-119.811990693241, 36.7170530330442], [-119.81192269257, 36.7170910327722], [-119.811721692729, 36.7172050340036], [-119.811654692782, 36.7172440338555], [-119.811332692567, 36.7173270337697], [-119.810435693314, 36.7175610336524], [-119.810374693215, 36.717590034259], [-119.810076693289, 36.7177350342478], [-119.809843692762, 36.7177360337204], [-119.809146692628, 36.7177400337708], [-119.808916693373, 36.7177420341559], [-119.80891569265, 36.7176050342954], [-119.808913692101, 36.7171980340466], [-119.808913692101, 36.7170620341374], [-119.808912692277, 36.7168300338637], [-119.808909691904, 36.7161340338795], [-119.808909691904, 36.7159690337594], [-119.808900691683, 36.7159030339002], [-119.808902692231, 36.7155390341598], [-119.808910691728, 36.7144500332182], [-119.808913692101, 36.7140870333146], [-119.809591691969, 36.7140800330734], [-119.811627693018, 36.7140630333081], [-119.81230669271, 36.7140580328258], [-119.813345693151, 36.7140650330689], [-119.813456692581, 36.7140550328242], [-119.817903693698, 36.7140200330378], [-119.817905694247, 36.7140440330577]]]}, "properties": {"GEOID": "060190009023013", "P0010001": 84, "ALAND": 231032, "AWATER": 0}}, {"type": "Feature", "geometry": {"type": "Polygon", "coordinates": [[[-119.817871693911, 36.7165620333335], [-119.817868694437, 36.7168000327653], [-119.817868694437, 36.7168790330642], [-119.817866693888, 36.717059032813], [-119.817864694239, 36.7176020329922], [-119.817684694314, 36.7176060330496], [-119.817276693885, 36.7176010327978], [-119.816997694225, 36.7176950330119], [-119.81692869373, 36.7176950330119], [-119.815939694416, 36.7177080326418], [-119.81561069363, 36.7177130328865], [-119.815165694289, 36.7177130328865], [-119.814509693265, 36.7177130328865], [-119.814509693265, 36.7175700332459], [-119.814514693288, 36.7162780328044], [-119.814515693113, 36.7159630331853], [-119.814515693113, 36.7158730331599], [-119.814797693145, 36.7159120329679], [-119.815348692791, 36.7159880328137], [-119.815496692929, 36.7160170332941], [-119.815971694203, 36.7161100330723], [-119.816211694403, 36.716158033239], [-119.81707269367, 36.7163650331642], [-119.817392694236, 36.7164120329617], [-119.817872693736, 36.7164840329175], [-119.817871693911, 36.7165620333335]]]}, "properties": {"GEOID": "060190009023014", "P0010001": 19, "ALAND": 50408, "AWATER": 0}}, {"type": "Feature", "geometry": {"type": "Polygon", "coordinates": [[[-119.814515693113, 36.7159630331853], [-119.814514693288, 36.7162780328044], [-119.814509693265, 36.7175700332459], [-119.814509693265, 36.7177130328865], [-119.813830692674, 36.7177150332724], [-119.813386693159, 36.7177160327452], [-119.813124693218, 36.7177170329381], [-119.812340693045, 36.7177220339024], [-119.812079692929, 36.717724034288], [-119.811677693246, 36.7177260339535], [-119.810475692599, 36.7177320336698], [-119.810076693289, 36.7177350342478], [-119.810374693215, 36.717590034259], [-119.810435693314, 36.7175610336524], [-119.811332692567, 36.7173270337697], [-119.811654692782, 36.7172440338555], [-119.811721692729, 36.7172050340036], [-119.81192269257, 36.7170910327722], [-119.811990693241, 36.7170530330442], [-119.812047693142, 36.7170030330324], [-119.812221693219, 36.7168560326939], [-119.812279692946, 36.7168080329634], [-119.812686692652, 36.7164510332162], [-119.812820693444, 36.7163560327095], [-119.813392693006, 36.7159530331878], [-119.814251692624, 36.7158370332641], [-119.814515693113, 36.7158730331599], [-119.814515693113, 36.7159630331853]]]}, "properties": {"GEOID": "060190009023015", "P0010001": 0, "ALAND": 43782, "AWATER": 0}}, {"type": "Feature", "geometry": {"type": "Polygon", "coordinates": [[[-119.813384692611, 36.7178990332646], [-119.813381693136, 36.7184500340139], [-119.813381693136, 36.7186340336858], [-119.812942692745, 36.7186350338667], [-119.811626693193, 36.7186380336894], [-119.811188692627, 36.7186400340512], [-119.810734693065, 36.7186440340545], [-119.809372692584, 36.7186580337044], [-119.808919692848, 36.7186640340679], [-119.808918693023, 36.7186210342126], [-119.808918693023, 36.7184940341477], [-119.808918693023, 36.7184520336605], [-119.808917693198, 36.7183100341406], [-119.808916693373, 36.7178840340058], [-119.808916693373, 36.7177420341559], [-119.809146692628, 36.7177400337708], [-119.809843692762, 36.7177360337204], [-119.810076693289, 36.7177350342478], [-119.810475692599, 36.7177320336698], [-119.811677693246, 36.7177260339535], [-119.812079692929, 36.717724034288], [-119.812340693045, 36.7177220339024], [-119.813124693218, 36.7177170329381], [-119.813386693159, 36.7177160327452], [-119.813384692611, 36.7178990332646]]]}, "properties": {"GEOID": "060190009023016", "P0010001": 245, "ALAND": 40527, "AWATER": 0}}, {"type": "Feature", "geometry": {"type": "Polygon", "coordinates": [[[-119.813383692786, 36.7195450339935], [-119.812946692943, 36.7195460341626], [-119.811636693238, 36.7195480337806], [-119.81120069322, 36.7195500341187], [-119.811197692847, 36.7193670339322], [-119.811190693175, 36.718822034351], [-119.811188692627, 36.7186400340512], [-119.811626693193, 36.7186380336894], [-119.812942692745, 36.7186350338667], [-119.813381693136, 36.7186340336858], [-119.813381693136, 36.7188160339999], [-119.813382692961, 36.719362033795], [-119.813383692786, 36.7195450339935]]]}, "properties": {"GEOID": "060190009023017", "P0010001": 46, "ALAND": 19751, "AWATER": 0}}, {"type": "Feature", "geometry": {"type": "Polygon", "coordinates": [[[-119.81560869398, 36.7188000333011], [-119.81560669433, 36.7193430326949], [-119.81560669433, 36.7195250327693], [-119.815161694091, 36.7195280339973], [-119.813827694098, 36.7195410340371], [-119.813383692786, 36.7195450339935], [-119.813382692961, 36.719362033795], [-119.813381693136, 36.7188160339999], [-119.813381693136, 36.7186340336858], [-119.813826693375, 36.7186300336819], [-119.815163693741, 36.7186210327724], [-119.815609693805, 36.7186190331303], [-119.81560869398, 36.7188000333011]]]}, "properties": {"GEOID": "060190009023018", "P0010001": 47, "ALAND": 20054, "AWATER": 0}}, {"type": "Feature", "geometry": {"type": "Polygon", "coordinates": [[[-119.815609693805, 36.7178940330319], [-119.815609693805, 36.7184370330695], [-119.815609693805, 36.7186190331303], [-119.815163693741, 36.7186210327724], [-119.813826693375, 36.7186300336819], [-119.813381693136, 36.7186340336858], [-119.813381693136, 36.7184500340139], [-119.813384692611, 36.7178990332646], [-119.813386693159, 36.7177160327452], [-119.813830692674, 36.7177150332724], [-119.814509693265, 36.7177130328865], [-119.815165694289, 36.7177130328865], [-119.81561069363, 36.7177130328865], [-119.815609693805, 36.7178940330319]]]}, "properties": {"GEOID": "060190009023019", "P0010001": 69, "ALAND": 20128, "AWATER": 0}}, {"type": "Feature", "geometry": {"type": "Polygon", "coordinates": [[[-119.817864694239, 36.7177830326791], [-119.817862693691, 36.7179470330336], [-119.817860694041, 36.7184400328999], [-119.817860694041, 36.7186050327532], [-119.817409693954, 36.7186070331158], [-119.816059694067, 36.7186160333069], [-119.815609693805, 36.7186190331303], [-119.815609693805, 36.7184370330695], [-119.815609693805, 36.7178940330319], [-119.81561069363, 36.7177130328865], [-119.815939694416, 36.7177080326418], [-119.81692869373, 36.7176950330119], [-119.816997694225, 36.7176950330119], [-119.817276693885, 36.7176010327978], [-119.817684694314, 36.7176060330496], [-119.817864694239, 36.7176020329922], [-119.817864694239, 36.7177830326791]]]}, "properties": {"GEOID": "060190009023020", "P0010001": 71, "ALAND": 21016, "AWATER": 0}}, {"type": "Feature", "geometry": {"type": "Polygon", "coordinates": [[[-119.80822369164, 36.7159110341916], [-119.808150691845, 36.7159140341207], [-119.808047691913, 36.7159140341207], [-119.807521692382, 36.7159160338333], [-119.807346691581, 36.7159170340496], [-119.807349691954, 36.7158610341566], [-119.807347692304, 36.7156580337522], [-119.807340691733, 36.7148810341021], [-119.807338692084, 36.7146230341458], [-119.807512692161, 36.7146210336795], [-119.808036692042, 36.7146180336999], [-119.808211691945, 36.7146170341868], [-119.808213691594, 36.7148750341632], [-119.808220692165, 36.715652033874], [-119.80822369164, 36.7159110341916]]]}, "properties": {"GEOID": "060190009023021", "P0010001": 49, "ALAND": 11214, "AWATER": 0}}, {"type": "Feature", "geometry": {"type": "Polygon", "coordinates": [[[-119.807349691954, 36.7158610341566], [-119.807346691581, 36.7159170340496], [-119.807275692334, 36.7159290337642], [-119.807167692379, 36.7159280342681], [-119.806627691706, 36.715927034052], [-119.806447691781, 36.715927034052], [-119.806449692329, 36.7157420341584], [-119.806454692352, 36.7151890336969], [-119.806457691827, 36.7150050336947], [-119.806459692375, 36.7149290343166], [-119.806467691872, 36.7147030340351], [-119.806470692245, 36.7146280338713], [-119.806643691599, 36.7146260341252], [-119.807164692006, 36.7146240336589], [-119.807338692084, 36.7146230341458], [-119.807340691733, 36.7148810341021], [-119.807347692304, 36.7156580337522], [-119.807349691954, 36.7158610341566]]]}, "properties": {"GEOID": "060190009023022", "P0010001": 49, "ALAND": 11471, "AWATER": 0}}, {"type": "Feature", "geometry": {"type": "Polygon", "coordinates": [[[-119.806454692352, 36.7151890336969], [-119.806449692329, 36.7157420341584], [-119.806447691781, 36.715927034052], [-119.806040692075, 36.7159310341965], [-119.804819692059, 36.7159440341249], [-119.804546692248, 36.7159480342686], [-119.804422692399, 36.7159000339707], [-119.804372692171, 36.7158220343227], [-119.804372692171, 36.7157370337854], [-119.804377692193, 36.7152060339331], [-119.804380691668, 36.715029034127], [-119.80479569177, 36.7150230341996], [-119.8060416919, 36.7150090338873], [-119.806457691827, 36.7150050336947], [-119.806454692352, 36.7151890336969]]]}, "properties": {"GEOID": "060190009023023", "P0010001": 51, "ALAND": 18903, "AWATER": 0}}, {"type": "Feature", "geometry": {"type": "Polygon", "coordinates": [[[-119.804392692262, 36.7177530341131], [-119.804357692102, 36.7177070338889], [-119.80429369163, 36.7176810339065], [-119.80421969201, 36.7176680342721], [-119.804058692351, 36.717664034218], [-119.803758691877, 36.7176670340786], [-119.801944690586, 36.7176910336792], [-119.801925691218, 36.7176920338725], [-119.801344691435, 36.7177580343549], [-119.801343690712, 36.7173930338457], [-119.801342690887, 36.7163010340679], [-119.801342690887, 36.715937034053], [-119.801041690588, 36.715940033981], [-119.800141690963, 36.7159480342686], [-119.799841691387, 36.715952033692], [-119.799838691014, 36.7155870339631], [-119.799835690641, 36.7151020341656], [-119.799832691166, 36.7144940342028], [-119.799830690618, 36.7141300342675], [-119.800346691002, 36.7141280337883], [-119.801898690556, 36.7141230340303], [-119.802415690765, 36.7141220337906], [-119.802806690577, 36.7141200340313], [-119.803982691285, 36.7141170340322], [-119.804375690747, 36.7141160337925], [-119.804373691097, 36.7142980340088], [-119.804369691798, 36.7148470342021], [-119.804369691798, 36.7149930338358], [-119.804380691668, 36.715029034127], [-119.804377692193, 36.7152060339331], [-119.804372692171, 36.7157370337854], [-119.804372692171, 36.7158220343227], [-119.804422692399, 36.7159000339707], [-119.804392692262, 36.7177530341131]]]}, "properties": {"GEOID": "060190009023024", "P0010001": 263, "ALAND": 134942, "AWATER": 0}}, {"type": "Feature", "geometry": {"type": "Polygon", "coordinates": [[[-119.804406691607, 36.7178890342391], [-119.804397692285, 36.718479034285], [-119.804394691912, 36.7186760340735], [-119.804092691788, 36.7186780337142], [-119.803188691965, 36.7186830338958], [-119.802887691666, 36.7186860337167], [-119.802581692243, 36.7186860337167], [-119.801663691277, 36.7186860337167], [-119.80135869078, 36.7186870338969], [-119.801353690758, 36.7185010339867], [-119.801338690689, 36.717943033714], [-119.801335691214, 36.7178150337768], [-119.801344691435, 36.7177580343549], [-119.801925691218, 36.7176920338725], [-119.801944690586, 36.7176910336792], [-119.803758691877, 36.7176670340786], [-119.804058692351, 36.717664034218], [-119.80421969201, 36.7176680342721], [-119.80429369163, 36.7176810339065], [-119.804357692102, 36.7177070338889], [-119.804392692262, 36.7177530341131], [-119.804408692156, 36.717812033922], [-119.804406691607, 36.7178890342391]]]}, "properties": {"GEOID": "060190009023025", "P0010001": 104, "ALAND": 30182, "AWATER": 0}}, {"type": "Feature", "geometry": {"type": "Polygon", "coordinates": [[[-119.794189689249, 36.7033610329112], [-119.79417668883, 36.7033860330387], [-119.794128689149, 36.7034850330894], [-119.794034689438, 36.7036090330676], [-119.793902689194, 36.703717033327], [-119.79374468901, 36.7038160329514], [-119.793562689435, 36.7039150331684], [-119.793243688694, 36.7040170336514], [-119.792914688806, 36.7041230340383], [-119.792816688897, 36.7041710337713], [-119.792777689437, 36.7042290342789], [-119.792788689308, 36.7047070339148], [-119.792797688631, 36.7050420342669], [-119.792799689179, 36.7052180336776], [-119.792807688676, 36.7057460338124], [-119.792810689049, 36.7059230341178], [-119.792814689247, 36.7061140337908], [-119.79282168892, 36.7064090338611], [-119.792812688699, 36.7066890342354], [-119.792807688676, 36.7068810337789], [-119.792399689146, 36.7068660338093], [-119.792341689419, 36.7068640338612], [-119.791174688932, 36.7068710340395], [-119.790993689182, 36.7068730339875], [-119.790767688328, 36.7068630342471], [-119.790768688153, 36.7065980338115], [-119.790764687955, 36.7063500339376], [-119.790742688214, 36.7048130340702], [-119.790735687643, 36.7043010341279], [-119.790994688109, 36.7042090341088], [-119.791531688409, 36.7040290337841], [-119.791727688228, 36.7039730338692], [-119.791804688221, 36.7039390341839], [-119.791838687657, 36.7039320337385], [-119.791880688389, 36.7039110338387], [-119.791948688161, 36.7038970336622], [-119.791982687598, 36.7038760337529], [-119.792025688154, 36.7038630339433], [-119.792093687926, 36.7038280338356], [-119.792144687979, 36.703814033644], [-119.792255688307, 36.7037730341487], [-119.792289687744, 36.7037520342054], [-119.792417687791, 36.7037030338355], [-119.792485687563, 36.7036690340307], [-119.792570687952, 36.703648034059], [-119.792630688226, 36.7036130338535], [-119.792715687717, 36.7035860330461], [-119.792851688159, 36.7035440330517], [-119.79327768903, 36.703399032929], [-119.793354689023, 36.7033780328835], [-119.793396688855, 36.7033500330541], [-119.793499688788, 36.7033290329954], [-119.793686689284, 36.703188033275], [-119.794237688929, 36.7032590329979], [-119.794189689249, 36.7033610329112]]]}, "properties": {"GEOID": "060190010001000", "P0010001": 88, "ALAND": 67191, "AWATER": 0}}, {"type": "Feature", "geometry": {"type": "Polygon", "coordinates": [[[-119.795314689005, 36.7068630342471], [-119.795228688791, 36.7068600339647], [-119.794812688865, 36.7068630342471], [-119.793308688992, 36.7068760342695], [-119.792807688676, 36.7068810337789], [-119.792812688699, 36.7066890342354], [-119.79282168892, 36.7064090338611], [-119.792814689247, 36.7061140337908], [-119.792810689049, 36.7059230341178], [-119.793310688642, 36.7059190341724], [-119.79481168904, 36.7059110342809], [-119.795312689355, 36.7059090343079], [-119.795310688807, 36.7060990336715], [-119.795307689332, 36.7066720342752], [-119.795307689332, 36.7067250340963], [-119.795314689005, 36.7068630342471]]]}, "properties": {"GEOID": "060190010001001", "P0010001": 89, "ALAND": 23611, "AWATER": 0}}, {"type": "Feature", "geometry": {"type": "Polygon", "coordinates": [[[-119.797596690101, 36.7068460328851], [-119.797139689268, 36.7068490338883], [-119.795770689115, 36.7068590343507], [-119.795314689005, 36.7068630342471], [-119.795307689332, 36.7067250340963], [-119.795307689332, 36.7066720342752], [-119.795310688807, 36.7060990336715], [-119.795312689355, 36.7059090343079], [-119.795614688581, 36.7059160338531], [-119.795764689267, 36.7059170341996], [-119.797122688651, 36.7059330332604], [-119.797575689286, 36.7059390331773], [-119.797579688586, 36.7061200329734], [-119.797594689553, 36.7066640330217], [-119.797598689751, 36.7068040332318], [-119.797596690101, 36.7068460328851]]]}, "properties": {"GEOID": "060190010001002", "P0010001": 69, "ALAND": 20981, "AWATER": 0}}, {"type": "Feature", "geometry": {"type": "Polygon", "coordinates": [[[-119.79983068972, 36.7068380330901], [-119.799383689831, 36.7068390327044], [-119.798042690165, 36.7068440329364], [-119.797596690101, 36.7068460328851], [-119.797598689751, 36.7068040332318], [-119.797594689553, 36.7066640330217], [-119.797579688586, 36.7061200329734], [-119.797575689286, 36.7059390331773], [-119.799822690222, 36.7059150327864], [-119.799838690116, 36.7067140332803], [-119.79983068972, 36.7068380330901]]]}, "properties": {"GEOID": "060190010001003", "P0010001": 81, "ALAND": 20353, "AWATER": 0}}, {"type": "Feature", "geometry": {"type": "Polygon", "coordinates": [[[-119.799834689918, 36.7051110330036], [-119.799822690222, 36.7059150327864], [-119.797575689286, 36.7059390331773], [-119.797583688784, 36.7050170332376], [-119.79983068972, 36.7050090332522], [-119.799834689918, 36.7051110330036]]]}, "properties": {"GEOID": "060190010001004", "P0010001": 66, "ALAND": 20385, "AWATER": 0}}, {"type": "Feature", "geometry": {"type": "Polygon", "coordinates": [[[-119.797575689286, 36.7059390331773], [-119.797122688651, 36.7059330332604], [-119.795764689267, 36.7059170341996], [-119.795614688581, 36.7059160338531], [-119.795312689355, 36.7059090343079], [-119.795309688982, 36.7057340339478], [-119.795300688761, 36.7052110333486], [-119.795298689111, 36.7050370331974], [-119.797583688784, 36.7050170332376], [-119.797575689286, 36.7059390331773]]]}, "properties": {"GEOID": "060190010001005", "P0010001": 81, "ALAND": 20251, "AWATER": 0}}, {"type": "Feature", "geometry": {"type": "Polygon", "coordinates": [[[-119.795312689355, 36.7059090343079], [-119.79481168904, 36.7059110342809], [-119.793310688642, 36.7059190341724], [-119.792810689049, 36.7059230341178], [-119.792807688676, 36.7057460338124], [-119.792799689179, 36.7052180336776], [-119.792797688631, 36.7050420342669], [-119.793297689121, 36.7050400342713], [-119.794797688796, 36.7050380328352], [-119.795298689111, 36.7050370331974], [-119.795300688761, 36.7052110333486], [-119.795309688982, 36.7057340339478], [-119.795312689355, 36.7059090343079]]]}, "properties": {"GEOID": "060190010001006", "P0010001": 96, "ALAND": 21732, "AWATER": 0}}, {"type": "Feature", "geometry": {"type": "Polygon", "coordinates": [[[-119.795305688784, 36.7042920329802], [-119.795299688936, 36.7048510326499], [-119.795298689111, 36.7050370331974], [-119.794797688796, 36.7050380328352], [-119.793297689121, 36.7050400342713], [-119.792797688631, 36.7050420342669], [-119.792788689308, 36.7047070339148], [-119.792777689437, 36.7042290342789], [-119.792816688897, 36.7041710337713], [-119.792914688806, 36.7041230340383], [-119.793243688694, 36.7040170336514], [-119.793562689435, 36.7039150331684], [-119.793639689428, 36.7040070328192], [-119.793760688903, 36.7040810328969], [-119.793859688638, 36.7040960326899], [-119.793904688843, 36.7041030331204], [-119.794945688934, 36.7041050331404], [-119.795308689157, 36.7041070331604], [-119.795305688784, 36.7042920329802]]]}, "properties": {"GEOID": "060190010001007", "P0010001": 100, "ALAND": 23997, "AWATER": 0}}, {"type": "Feature", "geometry": {"type": "Polygon", "coordinates": [[[-119.797583688784, 36.7050170332376], [-119.795298689111, 36.7050370331974], [-119.795299688936, 36.7048510326499], [-119.795305688784, 36.7042920329802], [-119.795308689157, 36.7041070331604], [-119.795323689226, 36.7032300327437], [-119.795335688921, 36.7023740327286], [-119.795408688716, 36.702263033001], [-119.795801689077, 36.7019310332549], [-119.795932688598, 36.7018200328875], [-119.795997688895, 36.7018750332518], [-119.796099689003, 36.7019630330325], [-119.796171688973, 36.7020410330649], [-119.796178688645, 36.7020570329325], [-119.796196689087, 36.702097032947], [-119.796199688562, 36.7021400326874], [-119.79620368876, 36.7021850331938], [-119.796202688935, 36.7022470331763], [-119.796199688562, 36.7025690326988], [-119.796198688737, 36.7026770329792], [-119.796194689437, 36.7030060326712], [-119.796184689391, 36.7039960330547], [-119.796181689018, 36.7043260332295], [-119.7964656887, 36.704322033201], [-119.796484688967, 36.704322033201], [-119.796718689319, 36.7042660327794], [-119.797047689207, 36.7041520332354], [-119.797291688706, 36.7041280330066], [-119.797322688668, 36.7041250333375], [-119.797575689286, 36.7041150332396], [-119.797583688784, 36.7050170332376]]]}, "properties": {"GEOID": "060190010001008", "P0010001": 181, "ALAND": 37101, "AWATER": 0}}, {"type": "Feature", "geometry": {"type": "Polygon", "coordinates": [[[-119.79983068972, 36.7050090332522], [-119.797583688784, 36.7050170332376], [-119.797575689286, 36.7041150332396], [-119.799831690443, 36.7040870329585], [-119.79983068972, 36.7050090332522]]]}, "properties": {"GEOID": "060190010001009", "P0010001": 72, "ALAND": 20362, "AWATER": 0}}, {"type": "Feature", "geometry": {"type": "Polygon", "coordinates": [[[-119.799837690291, 36.7035830333559], [-119.799831690443, 36.7040870329585], [-119.797575689286, 36.7041150332396], [-119.797619688769, 36.7033890327366], [-119.797631689363, 36.7032080329905], [-119.798026689373, 36.7032040329038], [-119.799374688712, 36.703195033068], [-119.799823690047, 36.7031920326423], [-119.799825689697, 36.703270032868], [-119.799834689918, 36.70350403307], [-119.799837690291, 36.7035830333559]]]}, "properties": {"GEOID": "060190010001010", "P0010001": 77, "ALAND": 19926, "AWATER": 0}}, {"type": "Feature", "geometry": {"type": "Polygon", "coordinates": [[[-119.797631689363, 36.7026510329522], [-119.797631689363, 36.7032080329905], [-119.797619688769, 36.7033890327366], [-119.797575689286, 36.7041150332396], [-119.797322688668, 36.7041250333375], [-119.797291688706, 36.7041280330066], [-119.797047689207, 36.7041520332354], [-119.796718689319, 36.7042660327794], [-119.796484688967, 36.704322033201], [-119.7964656887, 36.704322033201], [-119.796181689018, 36.7043260332295], [-119.796184689391, 36.7039960330547], [-119.796194689437, 36.7030060326712], [-119.796198688737, 36.7026770329792], [-119.796199688562, 36.7025690326988], [-119.796202688935, 36.7022470331763], [-119.79620368876, 36.7021850331938], [-119.796199688562, 36.7021400326874], [-119.796196689087, 36.702097032947], [-119.796178688645, 36.7020570329325], [-119.796171688973, 36.7020410330649], [-119.796099689003, 36.7019630330325], [-119.795997688895, 36.7018750332518], [-119.795932688598, 36.7018200328875], [-119.796144689208, 36.7016390330478], [-119.796782688893, 36.701097032821], [-119.796995689328, 36.7009170331308], [-119.797053689054, 36.7008680331141], [-119.797177688903, 36.7009570330183], [-119.797383688767, 36.7010750331775], [-119.79751968921, 36.7011990327224], [-119.797572688913, 36.7013000328021], [-119.797590689355, 36.701418033155], [-119.797619688769, 36.7016480330658], [-119.797631689363, 36.7019730326902], [-119.797631689363, 36.7026510329522]]]}, "properties": {"GEOID": "060190010001011", "P0010001": 195, "ALAND": 43640, "AWATER": 0}}, {"type": "Feature", "geometry": {"type": "Polygon", "coordinates": [[[-119.799823690047, 36.7031920326423], [-119.799374688712, 36.703195033068], [-119.798026689373, 36.7032040329038], [-119.797631689363, 36.7032080329905], [-119.797631689363, 36.7026510329522], [-119.797631689363, 36.7019730326902], [-119.797619688769, 36.7016480330658], [-119.797590689355, 36.701418033155], [-119.797572688913, 36.7013000328021], [-119.79751968921, 36.7011990327224], [-119.797383688767, 36.7010750331775], [-119.797177688903, 36.7009570330183], [-119.797053689054, 36.7008680331141], [-119.797139689268, 36.7007950332371], [-119.797574688563, 36.7004330333458], [-119.797719689226, 36.7003120331034], [-119.797865688816, 36.7000270333097], [-119.797903689349, 36.7000740330174], [-119.797943688634, 36.7001140333436], [-119.798003688908, 36.7001740327136], [-119.798023689, 36.7002480328804], [-119.798030688673, 36.7002750326996], [-119.798023689, 36.7003890329523], [-119.798010688581, 36.700503033036], [-119.797990689388, 36.7005830332211], [-119.797976689144, 36.7006910326908], [-119.797963688725, 36.7007840330129], [-119.797970689297, 36.7009050332325], [-119.797976689144, 36.7010120332799], [-119.798010688581, 36.7011670333469], [-119.798050688764, 36.7012800333103], [-119.798057689335, 36.7013480328576], [-119.798061688635, 36.7023060326484], [-119.798063689183, 36.7026280326441], [-119.798063689183, 36.7027620328397], [-119.798063689183, 36.7027960330457], [-119.79809768862, 36.7028220330236], [-119.798124689282, 36.70282903285], [-119.799056688695, 36.7028220330236], [-119.799170689396, 36.7028090330358], [-119.79930468929, 36.7027750328355], [-119.799511688979, 36.7027420330081], [-119.799821690397, 36.7027350331738], [-119.799823690047, 36.7031920326423]]]}, "properties": {"GEOID": "060190010001012", "P0010001": 213, "ALAND": 21832, "AWATER": 0}}, {"type": "Feature", "geometry": {"type": "Polygon", "coordinates": [[[-119.799821690397, 36.7027350331738], [-119.799511688979, 36.7027420330081], [-119.79930468929, 36.7027750328355], [-119.799170689396, 36.7028090330358], [-119.799056688695, 36.7028220330236], [-119.798124689282, 36.70282903285], [-119.79809768862, 36.7028220330236], [-119.798063689183, 36.7027960330457], [-119.798063689183, 36.7027620328397], [-119.798063689183, 36.7026280326441], [-119.798061688635, 36.7023060326484], [-119.798821689416, 36.702313033242], [-119.798861688701, 36.7022990327745], [-119.798888689363, 36.7022790328223], [-119.798901688884, 36.7022530326608], [-119.798895689036, 36.7014080327049], [-119.798875688945, 36.7013740333254], [-119.798834688937, 36.7013480328576], [-119.798057689335, 36.7013480328576], [-119.798050688764, 36.7012800333103], [-119.798010688581, 36.7011670333469], [-119.797976689144, 36.7010120332799], [-119.797970689297, 36.7009050332325], [-119.797963688725, 36.7007840330129], [-119.797976689144, 36.7006910326908], [-119.797990689388, 36.7005830332211], [-119.798010688581, 36.700503033036], [-119.798023689, 36.7003890329523], [-119.798030688673, 36.7002750326996], [-119.798023689, 36.7002480328804], [-119.798003688908, 36.7001740327136], [-119.797943688634, 36.7001140333436], [-119.797903689349, 36.7000740330174], [-119.797865688816, 36.7000270333097], [-119.797719689226, 36.7003120331034], [-119.797574688563, 36.7004330333458], [-119.797139689268, 36.7007950332371], [-119.797053689054, 36.7008680331141], [-119.796995689328, 36.7009170331308], [-119.796782688893, 36.701097032821], [-119.796144689208, 36.7016390330478], [-119.795932688598, 36.7018200328875], [-119.795801689077, 36.7019310332549], [-119.795408688716, 36.702263033001], [-119.795335688921, 36.7023740327286], [-119.795323689226, 36.7032300327437], [-119.794237688929, 36.7032590329979], [-119.793686689284, 36.703188033275], [-119.793711689398, 36.7031500331529], [-119.793856689163, 36.7029640330801], [-119.794613688673, 36.7023080327152], [-119.794766688834, 36.7021700330279], [-119.795047689041, 36.7019380331623], [-119.795115688813, 36.7018660332603], [-119.795157688646, 36.7018280332049], [-119.7952086887, 36.7017690326455], [-119.795259688753, 36.7017420333511], [-119.796076689436, 36.7010410329305], [-119.796322688585, 36.7008230332771], [-119.79695668897, 36.7003120331034], [-119.797539689301, 36.6998910332581], [-119.797582688959, 36.6998840331642], [-119.797658689127, 36.6998430330129], [-119.797716688853, 36.6998210330106], [-119.797791689196, 36.699793033326], [-119.797846689448, 36.6997730327218], [-119.797982688992, 36.6997320332316], [-119.798018688977, 36.6997270332571], [-119.798131688955, 36.6997140327458], [-119.799226688574, 36.6996950332688], [-119.799674689186, 36.6997180330142], [-119.799812689278, 36.69971603288], [-119.799814688928, 36.7004110327921], [-119.799820688776, 36.7024960329969], [-119.799821690397, 36.7027350331738]]]}, "properties": {"GEOID": "060190010001013", "P0010001": 425, "ALAND": 76470, "AWATER": 0}}, {"type": "Feature", "geometry": {"type": "Polygon", "coordinates": [[[-119.798901688884, 36.7022530326608], [-119.798888689363, 36.7022790328223], [-119.798861688701, 36.7022990327745], [-119.798821689416, 36.702313033242], [-119.798061688635, 36.7023060326484], [-119.798057689335, 36.7013480328576], [-119.798834688937, 36.7013480328576], [-119.798875688945, 36.7013740333254], [-119.798895689036, 36.7014080327049], [-119.798901688884, 36.7022530326608]]]}, "properties": {"GEOID": "060190010001014", "P0010001": 94, "ALAND": 7973, "AWATER": 0}}, {"type": "Feature", "geometry": {"type": "Polygon", "coordinates": [[[-119.795308689157, 36.7041070331604], [-119.794945688934, 36.7041050331404], [-119.793904688843, 36.7041030331204], [-119.793859688638, 36.7040960326899], [-119.793760688903, 36.7040810328969], [-119.793639689428, 36.7040070328192], [-119.793562689435, 36.7039150331684], [-119.79374468901, 36.7038160329514], [-119.793902689194, 36.703717033327], [-119.794034689438, 36.7036090330676], [-119.794128689149, 36.7034850330894], [-119.79417668883, 36.7033860330387], [-119.794189689249, 36.7033610329112], [-119.794237688929, 36.7032590329979], [-119.795323689226, 36.7032300327437], [-119.795308689157, 36.7041070331604]]]}, "properties": {"GEOID": "060190010001015", "P0010001": 59, "ALAND": 11846, "AWATER": 0}}, {"type": "Feature", "geometry": {"type": "Polygon", "coordinates": [[[-119.799812689278, 36.69971603288], [-119.799674689186, 36.6997180330142], [-119.799226688574, 36.6996950332688], [-119.798131688955, 36.6997140327458], [-119.798018688977, 36.6997270332571], [-119.797982688992, 36.6997320332316], [-119.797846689448, 36.6997730327218], [-119.797791689196, 36.699793033326], [-119.797716688853, 36.6998210330106], [-119.797658689127, 36.6998430330129], [-119.797582688959, 36.6998840331642], [-119.797539689301, 36.6998910332581], [-119.79695668897, 36.7003120331034], [-119.796322688585, 36.7008230332771], [-119.796076689436, 36.7010410329305], [-119.795259688753, 36.7017420333511], [-119.7952086887, 36.7017690326455], [-119.795157688646, 36.7018280332049], [-119.795115688813, 36.7018660332603], [-119.795047689041, 36.7019380331623], [-119.794766688834, 36.7021700330279], [-119.794613688673, 36.7023080327152], [-119.793856689163, 36.7029640330801], [-119.793711689398, 36.7031500331529], [-119.793686689284, 36.703188033275], [-119.793499688788, 36.7033290329954], [-119.793396688855, 36.7033500330541], [-119.793354689023, 36.7033780328835], [-119.79327768903, 36.703399032929], [-119.792851688159, 36.7035440330517], [-119.792715687717, 36.7035860330461], [-119.792630688226, 36.7036130338535], [-119.792570687952, 36.703648034059], [-119.792485687563, 36.7036690340307], [-119.792417687791, 36.7037030338355], [-119.792289687744, 36.7037520342054], [-119.792255688307, 36.7037730341487], [-119.792144687979, 36.703814033644], [-119.792093687926, 36.7038280338356], [-119.792025688154, 36.7038630339433], [-119.791982687598, 36.7038760337529], [-119.791948688161, 36.7038970336622], [-119.791880688389, 36.7039110338387], [-119.791838687657, 36.7039320337385], [-119.791804688221, 36.7039390341839], [-119.791727688228, 36.7039730338692], [-119.791531688409, 36.7040290337841], [-119.790994688109, 36.7042090341088], [-119.790735687643, 36.7043010341279], [-119.790734687818, 36.7042660342198], [-119.790733687993, 36.7041630336978], [-119.790733687993, 36.7041290340966], [-119.790735687643, 36.7039440338844], [-119.790741688389, 36.7033920338747], [-119.790744687863, 36.7032090340926], [-119.790737688191, 36.7031170342067], [-119.790735687643, 36.7024790342699], [-119.79072868797, 36.7002900332353], [-119.79072668832, 36.6995610327681], [-119.790975687842, 36.6995740333053], [-119.791189688102, 36.6995730328762], [-119.792579688172, 36.6995670331825], [-119.79304368778, 36.6995650330444], [-119.793596687974, 36.6995580329208], [-119.795257688205, 36.699539032685], [-119.795811689122, 36.6995330329887], [-119.79596168891, 36.6995310328497], [-119.796073689063, 36.6995300331403], [-119.796414688647, 36.6995320332793], [-119.796566688983, 36.6995330329887], [-119.797215689436, 36.6995360328369], [-119.797566689065, 36.6995380329757], [-119.797782688976, 36.6995400331145], [-119.799162689, 36.6995550330735], [-119.799811688555, 36.6995620331973], [-119.799811688555, 36.6995920331036], [-119.799811688555, 36.6996850333148], [-119.799812689278, 36.69971603288]]]}, "properties": {"GEOID": "060190010001016", "P0010001": 34, "ALAND": 200561, "AWATER": 0}}, {"type": "Feature", "geometry": {"type": "Polygon", "coordinates": [[[-119.803220689955, 36.6996660316699], [-119.80314968981, 36.7031810327611], [-119.802137690032, 36.7031550329047], [-119.802129689636, 36.7068670327031], [-119.801662689656, 36.7068450332709], [-119.801295690133, 36.7068280333452], [-119.801161690239, 36.7068220327774], [-119.800196690316, 36.7068300332942], [-119.800043690155, 36.7068320332433], [-119.799971690185, 36.7068270330105], [-119.79983068972, 36.7068380330901], [-119.799838690116, 36.7067140332803], [-119.799822690222, 36.7059150327864], [-119.799834689918, 36.7051110330036], [-119.800757690008, 36.7050980326827], [-119.801660690006, 36.7050930330572], [-119.801653690333, 36.7047880329664], [-119.801635689892, 36.7038740330067], [-119.801629690044, 36.7035700327766], [-119.801450689944, 36.7035730331875], [-119.800914690366, 36.7035810333223], [-119.800736690091, 36.7035850326693], [-119.800556690166, 36.7035840330126], [-119.800016690391, 36.7035830333559], [-119.799837690291, 36.7035830333559], [-119.799834689918, 36.70350403307], [-119.799825689697, 36.703270032868], [-119.799823690047, 36.7031920326423], [-119.799821690397, 36.7027350331738], [-119.799820688776, 36.7024960329969], [-119.799814688928, 36.7004110327921], [-119.799812689278, 36.69971603288], [-119.799811688555, 36.6996850333148], [-119.799811688555, 36.6995920331036], [-119.799811688555, 36.6995620331973], [-119.800376689343, 36.6995600330591], [-119.80207368956, 36.6995570317713], [-119.802639690172, 36.6995570317713], [-119.803216689757, 36.6995560320623], [-119.803220689955, 36.6996660316699]]]}, "properties": {"GEOID": "060190010002000", "P0010001": 647, "ALAND": 176992, "AWATER": 0}}, {"type": "Feature", "geometry": {"type": "Polygon", "coordinates": [[[-119.801660690006, 36.7050930330572], [-119.800757690008, 36.7050980326827], [-119.800736690091, 36.7035850326693], [-119.800914690366, 36.7035810333223], [-119.801450689944, 36.7035730331875], [-119.801629690044, 36.7035700327766], [-119.801635689892, 36.7038740330067], [-119.801653690333, 36.7047880329664], [-119.801660690006, 36.7050930330572]]]}, "properties": {"GEOID": "060190010002001", "P0010001": 61, "ALAND": 13517, "AWATER": 0}}, {"type": "Feature", "geometry": {"type": "Polygon", "coordinates": [[[-119.800757690008, 36.7050980326827], [-119.799834689918, 36.7051110330036], [-119.79983068972, 36.7050090332522], [-119.799831690443, 36.7040870329585], [-119.799837690291, 36.7035830333559], [-119.800016690391, 36.7035830333559], [-119.800556690166, 36.7035840330126], [-119.800736690091, 36.7035850326693], [-119.800757690008, 36.7050980326827]]]}, "properties": {"GEOID": "060190010002002", "P0010001": 78, "ALAND": 13796, "AWATER": 0}}, {"type": "Feature", "geometry": {"type": "Polygon", "coordinates": [[[-119.808888691089, 36.7068550330135], [-119.808728691255, 36.7068580332962], [-119.808442691025, 36.7068580332962], [-119.807104690833, 36.7068620331928], [-119.80665869077, 36.706864033141], [-119.805658690687, 36.7068650327549], [-119.802660690089, 36.7068680330372], [-119.802173690017, 36.7068690326512], [-119.802129689636, 36.7068670327031], [-119.802137690032, 36.7031550329047], [-119.80314968981, 36.7031810327611], [-119.803220689955, 36.6996660316699], [-119.803216689757, 36.6995560320623], [-119.803233690374, 36.6995560320623], [-119.803881690104, 36.6995530322148], [-119.8076076899, 36.6995410321035], [-119.808823690791, 36.699537031826], [-119.808849690731, 36.6995310321295], [-119.808849690731, 36.6995570317713], [-119.808849690731, 36.6996350320845], [-119.808850690556, 36.6996620321191], [-119.808857691127, 36.7011000318879], [-119.808880690693, 36.705416033253], [-119.808888691089, 36.7068550330135]]]}, "properties": {"GEOID": "060190010002003", "P0010001": 33, "ALAND": 450954, "AWATER": 0}}, {"type": "Feature", "geometry": {"type": "Polygon", "coordinates": [[[-119.817935692587, 36.7067650316814], [-119.817483692676, 36.7067710322536], [-119.816127692941, 36.7067920320921], [-119.815676691956, 36.7067990322771], [-119.815223692219, 36.7068050321264], [-119.813865691936, 36.7068260319556], [-119.813413692025, 36.7068330321375], [-119.812507691653, 36.7068370320354], [-119.80979269181, 36.7068500327823], [-119.808888691089, 36.7068550330135], [-119.808880690693, 36.705416033253], [-119.808857691127, 36.7011000318879], [-119.808850690556, 36.6996620321191], [-119.808849690731, 36.6996350320845], [-119.808849690731, 36.6995570317713], [-119.808849690731, 36.6995310321295], [-119.810656690552, 36.6995310321295], [-119.813384690814, 36.6995310321295], [-119.816079692362, 36.6995170318755], [-119.817887692008, 36.6995090313176], [-119.817887692008, 36.6995300309796], [-119.817887692008, 36.6995960312175], [-119.817888691833, 36.6996180312842], [-119.817891692206, 36.6999150312087], [-119.817902692077, 36.7008060320194], [-119.817906692275, 36.701103031675], [-119.817908691925, 36.7012940318027], [-119.817903691902, 36.7022350320452], [-119.817899691704, 36.7031010316788], [-119.817929692739, 36.7056320321425], [-119.817942693158, 36.7066330319375], [-119.817935692587, 36.7067650316814]]]}, "properties": {"GEOID": "060190010002004", "P0010001": 51, "ALAND": 654200, "AWATER": 0}}, {"type": "Feature", "geometry": {"type": "Polygon", "coordinates": [[[-119.817887692008, 36.6995090313176], [-119.816079692362, 36.6995170318755], [-119.813384690814, 36.6995310321295], [-119.810656690552, 36.6995310321295], [-119.808849690731, 36.6995310321295], [-119.808849690731, 36.6984320318033], [-119.808849689832, 36.6951370318856], [-119.808849689832, 36.6941210311787], [-119.808857690228, 36.6940390311898], [-119.809030689582, 36.694036031127], [-119.809552689814, 36.6940290312203], [-119.809726689892, 36.6940270309381], [-119.809838690044, 36.694028030719], [-119.809908690365, 36.6940260311571], [-119.810454689988, 36.6940130311223], [-119.810636689563, 36.6940090312774], [-119.81112069016, 36.6939960312397], [-119.811123689634, 36.6934160312548], [-119.811482689659, 36.6934130311678], [-119.811475689987, 36.6922330313082], [-119.812852691435, 36.6922260312373], [-119.813326691088, 36.6922250307127], [-119.814232690561, 36.6922210307747], [-119.816950690776, 36.692208031155], [-119.817857690973, 36.6922050310208], [-119.817858690798, 36.6926330312141], [-119.817864690645, 36.6939170311849], [-119.817866692092, 36.694346030989], [-119.81787069229, 36.6953780307007], [-119.817882691985, 36.6984760311562], [-119.817887692008, 36.6995090313176]]]}, "properties": {"GEOID": "060190010002005", "P0010001": 30, "ALAND": 608939, "AWATER": 0}}, {"type": "Feature", "geometry": {"type": "Polygon", "coordinates": [[[-119.810636689563, 36.6940090312774], [-119.810454689988, 36.6940130311223], [-119.809908690365, 36.6940260311571], [-119.809838690044, 36.694028030719], [-119.809726689892, 36.6940270309381], [-119.809727689716, 36.6936680309462], [-119.809730690089, 36.6925930313172], [-119.809732689739, 36.6922350309168], [-119.809910690015, 36.6922330313082], [-119.810447690315, 36.6922290306504], [-119.810626690415, 36.6922290306504], [-119.810628690065, 36.6925840309593], [-119.810634689913, 36.6936520307732], [-119.810636689563, 36.6940090312774]]]}, "properties": {"GEOID": "060190010002006", "P0010001": 34, "ALAND": 16003, "AWATER": 0}}, {"type": "Feature", "geometry": {"type": "Polygon", "coordinates": [[[-119.811482689659, 36.6934130311678], [-119.811123689634, 36.6934160312548], [-119.81112069016, 36.6939960312397], [-119.810636689563, 36.6940090312774], [-119.810634689913, 36.6936520307732], [-119.810628690065, 36.6925840309593], [-119.810626690415, 36.6922290306504], [-119.810692689639, 36.6922330313082], [-119.810739690393, 36.692236030721], [-119.810891689831, 36.6922350309168], [-119.810958689778, 36.6922350309168], [-119.811431689606, 36.6922330313082], [-119.811475689987, 36.6922330313082], [-119.811482689659, 36.6934130311678]]]}, "properties": {"GEOID": "060190010002007", "P0010001": 26, "ALAND": 12782, "AWATER": 0}}, {"type": "Feature", "geometry": {"type": "Polygon", "coordinates": [[[-119.808857690228, 36.6940390311898], [-119.808849689832, 36.6941210311787], [-119.808849689832, 36.6951370318856], [-119.808849690731, 36.6984320318033], [-119.808849690731, 36.6995310321295], [-119.808823690791, 36.699537031826], [-119.8076076899, 36.6995410321035], [-119.803881690104, 36.6995530322148], [-119.803233690374, 36.6995560320623], [-119.803216689757, 36.6995560320623], [-119.802639690172, 36.6995570317713], [-119.80207368956, 36.6995570317713], [-119.800376689343, 36.6995600330591], [-119.799811688555, 36.6995620331973], [-119.799809688905, 36.6994080332061], [-119.799803689057, 36.698947033259], [-119.799802689232, 36.6987940331951], [-119.799796689385, 36.698647033313], [-119.799778688943, 36.6982070331471], [-119.799772689095, 36.698061031871], [-119.799769688722, 36.6979130322974], [-119.7997606894, 36.6974710320593], [-119.799757689027, 36.6973240318081], [-119.799757689027, 36.6971830318763], [-119.7997606894, 36.6967620321809], [-119.799762689049, 36.6966220316858], [-119.799765689422, 36.696480032158], [-119.799776689293, 36.6960550317554], [-119.799780688593, 36.695914031657], [-119.799831688646, 36.6957380318303], [-119.799837689393, 36.6944450318782], [-119.799836688669, 36.6940930322991], [-119.800254689144, 36.694089031738], [-119.8016196891, 36.6940790317751], [-119.802075689209, 36.6940760317139], [-119.80204968927, 36.6931630316656], [-119.802050689095, 36.6922640317175], [-119.802078688684, 36.6922640317175], [-119.802315689409, 36.6922630319136], [-119.803588689303, 36.6922590319776], [-119.804013688552, 36.6922580321737], [-119.804352689384, 36.6922560318455], [-119.804974689175, 36.6922540322374], [-119.807859689795, 36.6922450311196], [-119.808821690243, 36.692243030791], [-119.808827690091, 36.6923240307314], [-119.808831690289, 36.6926020309536], [-119.808850689657, 36.6936790307482], [-119.808857690228, 36.6940390311898]]]}, "properties": {"GEOID": "060190010002008", "P0010001": 43, "ALAND": 614016, "AWATER": 0}}, {"type": "Feature", "geometry": {"type": "Polygon", "coordinates": [[[-119.80204968927, 36.6931630316656], [-119.801573689069, 36.6931710321637], [-119.800243689273, 36.6931760318442], [-119.799830688822, 36.6931780321485], [-119.799803688159, 36.6922710317849], [-119.800042687635, 36.6922700319812], [-119.800761689307, 36.6922670318494], [-119.801001688608, 36.6922670318494], [-119.801179688884, 36.6922660320455], [-119.801712688986, 36.6922650322417], [-119.801891689086, 36.6922650322417], [-119.802050689095, 36.6922640317175], [-119.80204968927, 36.6931630316656]]]}, "properties": {"GEOID": "060190010002009", "P0010001": 64, "ALAND": 20057, "AWATER": 0}}, {"type": "Feature", "geometry": {"type": "Polygon", "coordinates": [[[-119.802075689209, 36.6940760317139], [-119.8016196891, 36.6940790317751], [-119.800254689144, 36.694089031738], [-119.799836688669, 36.6940930322991], [-119.799842689415, 36.6936290320942], [-119.799830688822, 36.6931780321485], [-119.800243689273, 36.6931760318442], [-119.801573689069, 36.6931710321637], [-119.80204968927, 36.6931630316656], [-119.802075689209, 36.6940760317139]]]}, "properties": {"GEOID": "060190010002010", "P0010001": 102, "ALAND": 20105, "AWATER": 0}}, {"type": "Feature", "geometry": {"type": "Polygon", "coordinates": [[[-119.799836688669, 36.6940930322991], [-119.799837689393, 36.6944450318782], [-119.799588688972, 36.6944420318313], [-119.798919688427, 36.6944470321495], [-119.798697687771, 36.6944500321962], [-119.798475688013, 36.694452031747], [-119.797808688016, 36.6944590323356], [-119.797587688084, 36.6944620316615], [-119.797592688106, 36.6947510317253], [-119.797609687825, 36.6956210318822], [-119.797615687673, 36.6959110316674], [-119.797828688108, 36.6959090321545], [-119.798469689064, 36.6959070319213], [-119.798683689324, 36.6959070319213], [-119.798902688709, 36.6959080316777], [-119.799560689383, 36.6959120321441], [-119.799780688593, 36.695914031657], [-119.799776689293, 36.6960550317554], [-119.799765689422, 36.696480032158], [-119.799762689049, 36.6966220316858], [-119.799407689222, 36.6966230321533], [-119.798345689215, 36.6966250316477], [-119.797991689213, 36.6966270318623], [-119.797991689213, 36.6970580333143], [-119.797991689213, 36.6983530327055], [-119.797991689213, 36.698785032843], [-119.798045688741, 36.6988040332651], [-119.79809568897, 36.6988120331761], [-119.798201689275, 36.6988060327027], [-119.798349689413, 36.6988040332651], [-119.799438689184, 36.6987960333533], [-119.799802689232, 36.6987940331951], [-119.799803689057, 36.698947033259], [-119.799809688905, 36.6994080332061], [-119.799811688555, 36.6995620331973], [-119.799162689, 36.6995550330735], [-119.797782688976, 36.6995400331145], [-119.797566689065, 36.6995380329757], [-119.797215689436, 36.6995360328369], [-119.796566688983, 36.6995330329887], [-119.796414688647, 36.6995320332793], [-119.796073689063, 36.6995300331403], [-119.79596168891, 36.6995310328497], [-119.795811689122, 36.6995330329887], [-119.795257688205, 36.699539032685], [-119.793596687974, 36.6995580329208], [-119.79304368778, 36.6995650330444], [-119.79304368778, 36.698486032708], [-119.793044687605, 36.6970590330559], [-119.793034687559, 36.6952500327899], [-119.793030688259, 36.6943340329461], [-119.793034687559, 36.6942680332326], [-119.793052688, 36.6942170330223], [-119.79307668829, 36.6941820328442], [-119.793096688381, 36.6941650329989], [-119.793138688214, 36.6941590328831], [-119.793301688421, 36.6941590328831], [-119.793376687866, 36.6941570333247], [-119.794297688306, 36.6941420323125], [-119.794605688277, 36.694138031754], [-119.794605688277, 36.6940400316908], [-119.794605688277, 36.6937470319772], [-119.794605688277, 36.6936500319218], [-119.794877688264, 36.69364803235], [-119.795697688421, 36.6936440317658], [-119.795970688233, 36.6936430319799], [-119.796736687964, 36.6936380323297], [-119.799038688253, 36.6936260320155], [-119.799842689415, 36.6936290320942], [-119.799836688669, 36.6940930322991]]]}, "properties": {"GEOID": "060190010002011", "P0010001": 380, "ALAND": 317433, "AWATER": 0}}, {"type": "Feature", "geometry": {"type": "Polygon", "coordinates": [[[-119.798693687573, 36.6947410318484], [-119.798685688974, 36.69561503188], [-119.798683689324, 36.6959070319213], [-119.798469689064, 36.6959070319213], [-119.797828688108, 36.6959090321545], [-119.797615687673, 36.6959110316674], [-119.797609687825, 36.6956210318822], [-119.797592688106, 36.6947510317253], [-119.797587688084, 36.6944620316615], [-119.797808688016, 36.6944590323356], [-119.798475688013, 36.694452031747], [-119.798697687771, 36.6944500321962], [-119.798693687573, 36.6947410318484]]]}, "properties": {"GEOID": "060190010002012", "P0010001": 52, "ALAND": 15683, "AWATER": 0}}, {"type": "Feature", "geometry": {"type": "Polygon", "coordinates": [[[-119.799831688646, 36.6957380318303], [-119.799780688593, 36.695914031657], [-119.799560689383, 36.6959120321441], [-119.798902688709, 36.6959080316777], [-119.798683689324, 36.6959070319213], [-119.798685688974, 36.69561503188], [-119.798693687573, 36.6947410318484], [-119.798697687771, 36.6944500321962], [-119.798919688427, 36.6944470321495], [-119.799588688972, 36.6944420318313], [-119.799837689393, 36.6944450318782], [-119.799831688646, 36.6957380318303]]]}, "properties": {"GEOID": "060190010002013", "P0010001": 39, "ALAND": 16585, "AWATER": 0}}, {"type": "Feature", "geometry": {"type": "Polygon", "coordinates": [[[-119.799802689232, 36.6987940331951], [-119.799438689184, 36.6987960333533], [-119.798349689413, 36.6988040332651], [-119.798201689275, 36.6988060327027], [-119.79809568897, 36.6988120331761], [-119.798045688741, 36.6988040332651], [-119.797991689213, 36.698785032843], [-119.797991689213, 36.6983530327055], [-119.797991689213, 36.6970580333143], [-119.797991689213, 36.6966270318623], [-119.798345689215, 36.6966250316477], [-119.799407689222, 36.6966230321533], [-119.799762689049, 36.6966220316858], [-119.7997606894, 36.6967620321809], [-119.799757689027, 36.6971830318763], [-119.799757689027, 36.6973240318081], [-119.7997606894, 36.6974710320593], [-119.799769688722, 36.6979130322974], [-119.799772689095, 36.698061031871], [-119.799778688943, 36.6982070331471], [-119.799796689385, 36.698647033313], [-119.799802689232, 36.6987940331951]]]}, "properties": {"GEOID": "060190010002014", "P0010001": 161, "ALAND": 38394, "AWATER": 0}}, {"type": "Feature", "geometry": {"type": "Polygon", "coordinates": [[[-119.794605688277, 36.6937470319772], [-119.794605688277, 36.6940400316908], [-119.794605688277, 36.694138031754], [-119.794297688306, 36.6941420323125], [-119.793376687866, 36.6941570333247], [-119.793301688421, 36.6941590328831], [-119.793138688214, 36.6941590328831], [-119.793096688381, 36.6941650329989], [-119.79307668829, 36.6941820328442], [-119.793052688, 36.6942170330223], [-119.793034687559, 36.6942680332326], [-119.793030688259, 36.6943340329461], [-119.793034687559, 36.6952500327899], [-119.793044687605, 36.6970590330559], [-119.79304368778, 36.698486032708], [-119.79304368778, 36.6995650330444], [-119.792579688172, 36.6995670331825], [-119.791189688102, 36.6995730328762], [-119.790975687842, 36.6995740333053], [-119.79072668832, 36.6995610327681], [-119.790741688389, 36.6994020327792], [-119.790746688412, 36.6981070330529], [-119.790766686706, 36.6937440333436], [-119.790773687277, 36.6922900330967], [-119.791059686609, 36.6922930332276], [-119.791304686832, 36.6922920327037], [-119.792899686941, 36.6922920319835], [-119.793431687219, 36.6922920319835], [-119.793665686672, 36.6922920319835], [-119.79421568829, 36.6922920319835], [-119.794368687552, 36.6922920319835], [-119.794603687729, 36.6922920319835], [-119.794603687729, 36.6925630322812], [-119.794604687554, 36.6933780320644], [-119.794605688277, 36.6936500319218], [-119.794605688277, 36.6937470319772]]]}, "properties": {"GEOID": "060190010002015", "P0010001": 143, "ALAND": 193658, "AWATER": 0}}, {"type": "Feature", "geometry": {"type": "Polygon", "coordinates": [[[-119.809730690089, 36.6925930313172], [-119.809727689716, 36.6936680309462], [-119.809726689892, 36.6940270309381], [-119.809552689814, 36.6940290312203], [-119.809030689582, 36.694036031127], [-119.808857690228, 36.6940390311898], [-119.808850689657, 36.6936790307482], [-119.808831690289, 36.6926020309536], [-119.808827690091, 36.6923240307314], [-119.808821690243, 36.692243030791], [-119.808923690351, 36.6922450311196], [-119.809003689818, 36.6922440313155], [-119.809549690339, 36.6922370312456], [-119.809732689739, 36.6922350309168], [-119.809730690089, 36.6925930313172]]]}, "properties": {"GEOID": "060190010002016", "P0010001": 35, "ALAND": 15785, "AWATER": 0}}, {"type": "Feature", "geometry": {"type": "Polygon", "coordinates": [[[-119.811475689987, 36.6922330313082], [-119.811431689606, 36.6922330313082], [-119.810958689778, 36.6922350309168], [-119.810891689831, 36.6922350309168], [-119.810739690393, 36.692236030721], [-119.810692689639, 36.6922330313082], [-119.810626690415, 36.6922290306504], [-119.810447690315, 36.6922290306504], [-119.809910690015, 36.6922330313082], [-119.809732689739, 36.6922350309168], [-119.809549690339, 36.6922370312456], [-119.809003689818, 36.6922440313155], [-119.808923690351, 36.6922450311196], [-119.808821690243, 36.692243030791], [-119.808821690243, 36.6922010310818], [-119.808821690243, 36.6921580308241], [-119.81147869036, 36.6921600311549], [-119.811475689987, 36.6922330313082]]]}, "properties": {"GEOID": "060190010002017", "P0010001": 0, "ALAND": 2008, "AWATER": 0}}, {"type": "Feature", "geometry": {"type": "Polygon", "coordinates": [[[-119.808821690243, 36.6922010310818], [-119.808821690243, 36.692243030791], [-119.807859689795, 36.6922450311196], [-119.804974689175, 36.6922540322374], [-119.804352689384, 36.6922560318455], [-119.804350688836, 36.6921550321286], [-119.808821690243, 36.6921580308241], [-119.808821690243, 36.6922010310818]]]}, "properties": {"GEOID": "060190010002018", "P0010001": 0, "ALAND": 4104, "AWATER": 0}}, {"type": "Feature", "geometry": {"type": "Polygon", "coordinates": [[[-119.804352689384, 36.6922560318455], [-119.804013688552, 36.6922580321737], [-119.803588689303, 36.6922590319776], [-119.802315689409, 36.6922630319136], [-119.802078688684, 36.6922640317175], [-119.802050689095, 36.6922640317175], [-119.801891689086, 36.6922650322417], [-119.801712688986, 36.6922650322417], [-119.801179688884, 36.6922660320455], [-119.801001688608, 36.6922670318494], [-119.800761689307, 36.6922670318494], [-119.800042687635, 36.6922700319812], [-119.799803688159, 36.6922710317849], [-119.799802688334, 36.6921680317573], [-119.801001688608, 36.6921670319522], [-119.804013688552, 36.6921550321286], [-119.804350688836, 36.6921550321286], [-119.804352689384, 36.6922560318455]]]}, "properties": {"GEOID": "060190010002019", "P0010001": 0, "ALAND": 4573, "AWATER": 0}}, {"type": "Feature", "geometry": {"type": "Polygon", "coordinates": [[[-119.817860691346, 36.6893060298481], [-119.817857690973, 36.691480030936], [-119.817857690973, 36.6922050310208], [-119.816950690776, 36.692208031155], [-119.814232690561, 36.6922210307747], [-119.813326691088, 36.6922250307127], [-119.812852691435, 36.6922260312373], [-119.811475689987, 36.6922330313082], [-119.81147869036, 36.6921600311549], [-119.808821690243, 36.6921580308241], [-119.808821690243, 36.6920780312355], [-119.808821690243, 36.6920370312431], [-119.808821690243, 36.6913580311927], [-119.808822690068, 36.6893230307677], [-119.808823688995, 36.6886450310946], [-119.80895368959, 36.6886590311674], [-119.809349690323, 36.6886480306473], [-119.810628690065, 36.6886320308703], [-119.811066689733, 36.6886270308943], [-119.812733689812, 36.6886130308157], [-119.813330690387, 36.6885990307345], [-119.813432689596, 36.6886120309643], [-119.814071690004, 36.6886040307123], [-119.814229690188, 36.688607030987], [-119.816047690778, 36.6885950298876], [-119.816577691406, 36.6885920303328], [-119.817037690815, 36.6885770296756], [-119.81728969071, 36.6885870303541], [-119.8178546906, 36.6885820296548], [-119.817861691171, 36.6891840302572], [-119.817860691346, 36.6893060298481]]]}, "properties": {"GEOID": "060190010002020", "P0010001": 19, "ALAND": 321611, "AWATER": 0}}, {"type": "Feature", "geometry": {"type": "Polygon", "coordinates": [[[-119.808822690068, 36.6893230307677], [-119.808821690243, 36.6913580311927], [-119.808821690243, 36.6920370312431], [-119.808821690243, 36.6920780312355], [-119.808821690243, 36.6921580308241], [-119.804350688836, 36.6921550321286], [-119.80433868914, 36.688665030992], [-119.804554689051, 36.6886670306933], [-119.804951688711, 36.6886490312186], [-119.804986688871, 36.6886480306473], [-119.806289688902, 36.6886470307964], [-119.806920688914, 36.6886660308427], [-119.807414688658, 36.688638030697], [-119.807863689095, 36.688636030995], [-119.808735689131, 36.6886350311439], [-119.808823688995, 36.6886450310946], [-119.808822690068, 36.6893230307677]]]}, "properties": {"GEOID": "060190010002021", "P0010001": 5, "ALAND": 155824, "AWATER": 0}}, {"type": "Feature", "geometry": {"type": "Polygon", "coordinates": [[[-119.804350688836, 36.6921550321286], [-119.804013688552, 36.6921550321286], [-119.801001688608, 36.6921670319522], [-119.799802688334, 36.6921680317573], [-119.799801687611, 36.6919850319063], [-119.799797688311, 36.6911280321894], [-119.799796687588, 36.6908430322036], [-119.799795687763, 36.6906750323314], [-119.799793688113, 36.690171031953], [-119.799793688113, 36.6900030320532], [-119.799794687938, 36.6898120319658], [-119.799796687588, 36.6893560320335], [-119.799797688311, 36.689238031895], [-119.799799687961, 36.6890480319141], [-119.799799687961, 36.6889730319251], [-119.799800687786, 36.6887500319388], [-119.799801687611, 36.68867603223], [-119.800459688285, 36.6886850323249], [-119.800625687967, 36.6886740318085], [-119.800645688058, 36.6886740318085], [-119.800944687809, 36.6886770320805], [-119.801388688223, 36.6886630312906], [-119.802521688375, 36.6886680312643], [-119.802926689329, 36.6886560308947], [-119.803181688699, 36.6886570307455], [-119.804027688796, 36.6886630312906], [-119.80433868914, 36.688665030992], [-119.804350688836, 36.6921550321286]]]}, "properties": {"GEOID": "060190010002022", "P0010001": 0, "ALAND": 157610, "AWATER": 0}}, {"type": "Feature", "geometry": {"type": "Polygon", "coordinates": [[[-119.799803688159, 36.6922710317849], [-119.799036687705, 36.6922740319165], [-119.796738687614, 36.6922840321143], [-119.795972687883, 36.6922880320489], [-119.795845687661, 36.6922860317215], [-119.795467688268, 36.6922830323107], [-119.795341687871, 36.6922820317867], [-119.795349688267, 36.6916780320441], [-119.795352687741, 36.6915220317594], [-119.79535468829, 36.6913920321208], [-119.795362687787, 36.6910550317073], [-119.795364688335, 36.6909850320581], [-119.795371688008, 36.6909430316618], [-119.795397687947, 36.6909100317973], [-119.795425688435, 36.6908830322906], [-119.795499688055, 36.6908670322584], [-119.795553687583, 36.6908620317073], [-119.79626668761, 36.6908580316984], [-119.798913687681, 36.6908460316706], [-119.799796687588, 36.6908430322036], [-119.799797688311, 36.6911280321894], [-119.799801687611, 36.6919850319063], [-119.799802688334, 36.6921680317573], [-119.799803688159, 36.6922710317849]]]}, "properties": {"GEOID": "060190010002023", "P0010001": 108, "ALAND": 62921, "AWATER": 0}}, {"type": "Feature", "geometry": {"type": "Polygon", "coordinates": [[[-119.799842689415, 36.6936290320942], [-119.799038688253, 36.6936260320155], [-119.796736687964, 36.6936380323297], [-119.795970688233, 36.6936430319799], [-119.795697688421, 36.6936440317658], [-119.794877688264, 36.69364803235], [-119.794605688277, 36.6936500319218], [-119.794604687554, 36.6933780320644], [-119.794603687729, 36.6925630322812], [-119.794603687729, 36.6922920319835], [-119.794750688042, 36.6922900316561], [-119.795193687733, 36.6922830323107], [-119.795341687871, 36.6922820317867], [-119.795467688268, 36.6922830323107], [-119.795845687661, 36.6922860317215], [-119.795972687883, 36.6922880320489], [-119.796738687614, 36.6922840321143], [-119.799036687705, 36.6922740319165], [-119.799803688159, 36.6922710317849], [-119.799830688822, 36.6931780321485], [-119.799842689415, 36.6936290320942]]]}, "properties": {"GEOID": "060190010002024", "P0010001": 205, "ALAND": 70162, "AWATER": 0}}, {"type": "Feature", "geometry": {"type": "Polygon", "coordinates": [[[-119.799796687588, 36.6908430322036], [-119.798913687681, 36.6908460316706], [-119.79626668761, 36.6908580316984], [-119.795553687583, 36.6908620317073], [-119.795499688055, 36.6908670322584], [-119.795425688435, 36.6908830322906], [-119.795397687947, 36.6909100317973], [-119.795371688008, 36.6909430316618], [-119.795364688335, 36.6909850320581], [-119.795362687787, 36.6910550317073], [-119.79535468829, 36.6913920321208], [-119.795352687741, 36.6915220317594], [-119.795349688267, 36.6916780320441], [-119.795341687871, 36.6922820317867], [-119.795193687733, 36.6922830323107], [-119.794750688042, 36.6922900316561], [-119.794603687729, 36.6922920319835], [-119.794368687552, 36.6922920319835], [-119.79421568829, 36.6922920319835], [-119.793665686672, 36.6922920319835], [-119.793431687219, 36.6922920319835], [-119.79341668715, 36.6910440322503], [-119.794215687391, 36.6910290320714], [-119.794811687243, 36.6910090320685], [-119.795275687749, 36.6910470317094], [-119.795279687947, 36.690906031791], [-119.795269687003, 36.6900230323178], [-119.795363686714, 36.6900170318788], [-119.796249687892, 36.6900140316592], [-119.798906688008, 36.6900050317197], [-119.799793688113, 36.6900030320532], [-119.799793688113, 36.690171031953], [-119.799795687763, 36.6906750323314], [-119.799796687588, 36.6908430322036]]]}, "properties": {"GEOID": "060190010002025", "P0010001": 258, "ALAND": 62063, "AWATER": 0}}, {"type": "Feature", "geometry": {"type": "Polygon", "coordinates": [[[-119.799800687786, 36.6887500319388], [-119.799799687961, 36.6889730319251], [-119.799799687961, 36.6890480319141], [-119.799797688311, 36.689238031895], [-119.799796687588, 36.6893560320335], [-119.799337688004, 36.6893630316453], [-119.799337688004, 36.6895510318899], [-119.795337686775, 36.6895510318899], [-119.795265686805, 36.6895440322952], [-119.795269687003, 36.6900230323178], [-119.795279687947, 36.690906031791], [-119.795275687749, 36.6910470317094], [-119.794811687243, 36.6910090320685], [-119.794215687391, 36.6910290320714], [-119.79341668715, 36.6910440322503], [-119.793431687219, 36.6922920319835], [-119.792899686941, 36.6922920319835], [-119.791304686832, 36.6922920327037], [-119.791059686609, 36.6922930332276], [-119.790773687277, 36.6922900330967], [-119.790769687079, 36.6915740321296], [-119.790769687079, 36.6914790318423], [-119.790785686973, 36.689427032286], [-119.790791686821, 36.6887420317011], [-119.790791686821, 36.688712031883], [-119.79202868673, 36.6886940316984], [-119.792148687279, 36.6887070319122], [-119.792592686795, 36.6887060320621], [-119.792753687351, 36.6887060320621], [-119.793580687182, 36.6886980318199], [-119.794441687347, 36.6886820320533], [-119.794675686801, 36.6886850323249], [-119.795097686575, 36.6886810322028], [-119.796248687169, 36.6886790317815], [-119.79721168834, 36.6886840317541], [-119.797999687812, 36.6886770320805], [-119.79820868805, 36.68867603223], [-119.798455687922, 36.6886610323095], [-119.798519688394, 36.6886650317124], [-119.798882687719, 36.6886540319135], [-119.798997688245, 36.6886640318617], [-119.799801687611, 36.68867603223], [-119.799800687786, 36.6887500319388]]]}, "properties": {"GEOID": "060190010002026", "P0010001": 35, "ALAND": 175509, "AWATER": 0}}, {"type": "Feature", "geometry": {"type": "Polygon", "coordinates": [[[-119.799794687938, 36.6898120319658], [-119.799793688113, 36.6900030320532], [-119.798906688008, 36.6900050317197], [-119.796249687892, 36.6900140316592], [-119.795363686714, 36.6900170318788], [-119.795269687003, 36.6900230323178], [-119.795265686805, 36.6895440322952], [-119.795337686775, 36.6895510318899], [-119.799337688004, 36.6895510318899], [-119.799337688004, 36.6893630316453], [-119.799796687588, 36.6893560320335], [-119.799794687938, 36.6898120319658]]]}, "properties": {"GEOID": "060190010002027", "P0010001": 102, "ALAND": 21474, "AWATER": 0}}, {"type": "Feature", "geometry": {"type": "Polygon", "coordinates": [[[-119.773977686984, 36.7142090358719], [-119.773822686275, 36.7142100361105], [-119.773797686161, 36.7142090358719], [-119.773738685711, 36.7142090358719], [-119.773479686144, 36.7139780358654], [-119.772704686192, 36.7132860362498], [-119.772713686413, 36.7130900358546], [-119.772694686146, 36.7129340358146], [-119.772825685667, 36.7130500358007], [-119.772849685957, 36.713072036337], [-119.773209685807, 36.7134100362563], [-119.773338685678, 36.7135300357933], [-119.773392686105, 36.7135810361519], [-119.773529686372, 36.7137090359426], [-119.773557685961, 36.7137360360737], [-119.773611686388, 36.7137890360636], [-119.773696685879, 36.7138730363529], [-119.77395268687, 36.7141250359499], [-119.774038687084, 36.7142090358719], [-119.773977686984, 36.7142090358719]]]}, "properties": {"GEOID": "060190011001000", "P0010001": 0, "ALAND": 3768, "AWATER": 0}}, {"type": "Feature", "geometry": {"type": "Polygon", "coordinates": [[[-119.776079687257, 36.7142010361234], [-119.775904687355, 36.7142060358763], [-119.77537968675, 36.71422303633], [-119.775205686673, 36.7142300358381], [-119.774971687219, 36.7142250360867], [-119.774271686712, 36.714213036106], [-119.774038687084, 36.7142090358719], [-119.77395268687, 36.7141250359499], [-119.773696685879, 36.7138730363529], [-119.773611686388, 36.7137890360636], [-119.773557685961, 36.7137360360737], [-119.773529686372, 36.7137090359426], [-119.773392686105, 36.7135810361519], [-119.773338685678, 36.7135300357933], [-119.773209685807, 36.7134100362563], [-119.772849685957, 36.713072036337], [-119.772825685667, 36.7130500358007], [-119.772694686146, 36.7129340358146], [-119.772693686321, 36.7125320358859], [-119.772692685598, 36.7120130358123], [-119.772690685948, 36.7113270359984], [-119.772690685948, 36.7109260358647], [-119.772805685576, 36.7110310358038], [-119.77336968564, 36.7115790360245], [-119.775397687192, 36.7135490361709], [-119.775932686944, 36.7140690361909], [-119.776079687257, 36.7142010361234]]]}, "properties": {"GEOID": "060190011001001", "P0010001": 0, "ALAND": 46679, "AWATER": 0}}, {"type": "Feature", "geometry": {"type": "Polygon", "coordinates": [[[-119.772694686146, 36.7129340358146], [-119.771356685955, 36.7117300360213], [-119.769311684685, 36.7098910358853], [-119.767361684748, 36.7081000358262], [-119.766037683902, 36.7068830358871], [-119.766546684613, 36.7068640360217], [-119.768075684601, 36.7068110348561], [-119.768585685137, 36.7067940349229], [-119.768718685206, 36.7069110351496], [-119.768795685199, 36.7069890352018], [-119.769401685097, 36.7076010353567], [-119.769604684588, 36.7078060346471], [-119.770221685254, 36.7084300349427], [-119.772072686355, 36.7103020356735], [-119.772690685948, 36.7109260358647], [-119.772690685948, 36.7113270359984], [-119.772692685598, 36.7120130358123], [-119.772693686321, 36.7125320358859], [-119.772694686146, 36.7129340358146]]]}, "properties": {"GEOID": "060190011001002", "P0010001": 0, "ALAND": 121572, "AWATER": 0}}, {"type": "Feature", "geometry": {"type": "Polygon", "coordinates": [[[-119.772704686192, 36.7132860362498], [-119.772446686449, 36.7130560358821], [-119.772309686182, 36.7129370358599], [-119.771898686278, 36.7125800361277], [-119.771762685835, 36.7124620363497], [-119.770680685737, 36.7114760359422], [-119.767436685091, 36.7085190361728], [-119.766355684818, 36.7075340359056], [-119.766215685076, 36.7074030356492], [-119.765795684053, 36.7070120356453], [-119.765656684136, 36.7068820362734], [-119.765732684304, 36.7068820362734], [-119.765960683909, 36.7068820362734], [-119.766037683902, 36.7068830358871], [-119.767361684748, 36.7081000358262], [-119.769311684685, 36.7098910358853], [-119.771356685955, 36.7117300360213], [-119.772694686146, 36.7129340358146], [-119.772713686413, 36.7130900358546], [-119.772704686192, 36.7132860362498]]]}, "properties": {"GEOID": "060190011001003", "P0010001": 0, "ALAND": 23840, "AWATER": 0}}, {"type": "Feature", "geometry": {"type": "Polygon", "coordinates": [[[-119.776309687411, 36.7141980361274], [-119.776079687257, 36.7142010361234], [-119.775932686944, 36.7140690361909], [-119.775397687192, 36.7135490361709], [-119.77336968564, 36.7115790360245], [-119.772805685576, 36.7110310358038], [-119.772690685948, 36.7109260358647], [-119.772752685872, 36.7107690361886], [-119.772809685774, 36.7108310357275], [-119.776135687333, 36.7140440359381], [-119.776309687411, 36.7141980361274]]]}, "properties": {"GEOID": "060190011001004", "P0010001": 0, "ALAND": 7312, "AWATER": 0}}, {"type": "Feature", "geometry": {"type": "Polygon", "coordinates": [[[-119.781038687663, 36.7141580352101], [-119.780747688308, 36.7141710347184], [-119.780592687599, 36.7141740347154], [-119.779474686617, 36.7141780349513], [-119.779248686661, 36.7141770347123], [-119.778572687342, 36.7141740347154], [-119.778347687211, 36.7141740347154], [-119.777893686751, 36.7141790359103], [-119.776932687027, 36.7141900356575], [-119.776532686993, 36.7141950361313], [-119.776309687411, 36.7141980361274], [-119.776135687333, 36.7140440359381], [-119.772809685774, 36.7108310357275], [-119.772752685872, 36.7107690361886], [-119.772691685773, 36.7107040357472], [-119.77271068604, 36.708392035252], [-119.772672686405, 36.7082740348037], [-119.772623686001, 36.7081670347838], [-119.772718686435, 36.7080890352071], [-119.772706685842, 36.7069990349257], [-119.772681685727, 36.7068240348872], [-119.772895685987, 36.7068260348364], [-119.772928685599, 36.7068250352219], [-119.773085685958, 36.7068280347855], [-119.773589685748, 36.7068360353017], [-119.773844686017, 36.7068470346598], [-119.776560685684, 36.7095510350105], [-119.778812686643, 36.7118210346886], [-119.781091688264, 36.7141600349684], [-119.781038687663, 36.7141580352101]]]}, "properties": {"GEOID": "060190011001005", "P0010001": 48, "ALAND": 287970, "AWATER": 0}}, {"type": "Feature", "geometry": {"type": "Polygon", "coordinates": [[[-119.781335687763, 36.7141720349574], [-119.781091688264, 36.7141600349684], [-119.778812686643, 36.7118210346886], [-119.776560685684, 36.7095510350105], [-119.773844686017, 36.7068470346598], [-119.774202686217, 36.7068710347597], [-119.774452685564, 36.7071100350153], [-119.776499685585, 36.7091680346866], [-119.777625686963, 36.7103550351516], [-119.778681687122, 36.7114240353519], [-119.778984687071, 36.7117090346517], [-119.781395688038, 36.7141710347184], [-119.781335687763, 36.7141720349574]]]}, "properties": {"GEOID": "060190011001006", "P0010001": 0, "ALAND": 21696, "AWATER": 0}}, {"type": "Feature", "geometry": {"type": "Polygon", "coordinates": [[[-119.781744687119, 36.7096940351741], [-119.781738687271, 36.7103190348307], [-119.781736686723, 36.7105280352178], [-119.781721687553, 36.7141680347213], [-119.781395688038, 36.7141710347184], [-119.778984687071, 36.7117090346517], [-119.778681687122, 36.7114240353519], [-119.777625686963, 36.7103550351516], [-119.776499685585, 36.7091680346866], [-119.774452685564, 36.7071100350153], [-119.774202686217, 36.7068710347597], [-119.775329685623, 36.7068990347468], [-119.775413686187, 36.7069050353085], [-119.776174685895, 36.7069230348304], [-119.776261685934, 36.7069220352172], [-119.776508685806, 36.7069210348837], [-119.778734686825, 36.7069040349748], [-119.77873568665, 36.7073410347849], [-119.778740686673, 36.7086520351485], [-119.778742687221, 36.7090900346856], [-119.778742687221, 36.709108035136], [-119.778749686894, 36.7091410351107], [-119.778772687358, 36.7092390346463], [-119.778809687168, 36.7092830350145], [-119.778843686605, 36.7093240351711], [-119.778992686568, 36.7094370346642], [-119.779214687224, 36.7094910350388], [-119.779388687302, 36.7094900347389], [-119.78115768659, 36.7094860349791], [-119.781747686594, 36.7094860349791], [-119.781744687119, 36.7096940351741]]]}, "properties": {"GEOID": "060190011001007", "P0010001": 0, "ALAND": 205109, "AWATER": 0}}, {"type": "Feature", "geometry": {"type": "Polygon", "coordinates": [[[-119.781733687248, 36.7071810347159], [-119.781730686875, 36.7080830347378], [-119.781730686875, 36.7083840348977], [-119.781623686745, 36.7084120350536], [-119.781516686615, 36.7084300349427], [-119.781405687185, 36.7084920349285], [-119.781252687025, 36.7085680349125], [-119.781148687267, 36.7086140348473], [-119.781022686871, 36.7086720348825], [-119.780971686817, 36.7086860349092], [-119.780894686824, 36.708720034655], [-119.780732687341, 36.7087690347069], [-119.78069068661, 36.7087960351337], [-119.780656687173, 36.7087970347225], [-119.780537687347, 36.708872034817], [-119.780468686852, 36.708907034788], [-119.780409687301, 36.708921034772], [-119.780349687026, 36.7089560347207], [-119.780315686691, 36.7089620351218], [-119.780290686577, 36.7089830350818], [-119.780264686637, 36.7089900350671], [-119.780239687421, 36.7089900350671], [-119.780187686644, 36.7090250349844], [-119.780085687436, 36.7090660352787], [-119.779974687107, 36.7091010351614], [-119.779915686658, 36.7091290350561], [-119.779371686685, 36.7091140348051], [-119.779314686783, 36.7091130352204], [-119.779062686888, 36.7091160346947], [-119.778811686818, 36.7091000348563], [-119.778774687008, 36.7090950347712], [-119.778742687221, 36.7090900346856], [-119.778740686673, 36.7086520351485], [-119.77873568665, 36.7073410347849], [-119.778734686825, 36.7069040349748], [-119.779332687225, 36.7068990347468], [-119.781130686826, 36.7068850351146], [-119.78172968705, 36.7068810352192], [-119.781734687073, 36.7069650351388], [-119.781733687248, 36.7071810347159]]]}, "properties": {"GEOID": "060190011001008", "P0010001": 0, "ALAND": 59349, "AWATER": 0}}, {"type": "Feature", "geometry": {"type": "Polygon", "coordinates": [[[-119.781747686594, 36.7094860349791], [-119.78115768659, 36.7094860349791], [-119.779388687302, 36.7094900347389], [-119.779214687224, 36.7094910350388], [-119.778992686568, 36.7094370346642], [-119.778843686605, 36.7093240351711], [-119.778809687168, 36.7092830350145], [-119.778772687358, 36.7092390346463], [-119.778749686894, 36.7091410351107], [-119.778742687221, 36.709108035136], [-119.778742687221, 36.7090900346856], [-119.778774687008, 36.7090950347712], [-119.778811686818, 36.7091000348563], [-119.779062686888, 36.7091160346947], [-119.779314686783, 36.7091130352204], [-119.779371686685, 36.7091140348051], [-119.779915686658, 36.7091290350561], [-119.779974687107, 36.7091010351614], [-119.780085687436, 36.7090660352787], [-119.780187686644, 36.7090250349844], [-119.780239687421, 36.7089900350671], [-119.780264686637, 36.7089900350671], [-119.780290686577, 36.7089830350818], [-119.780315686691, 36.7089620351218], [-119.780349687026, 36.7089560347207], [-119.780409687301, 36.708921034772], [-119.780468686852, 36.708907034788], [-119.780537687347, 36.708872034817], [-119.780656687173, 36.7087970347225], [-119.78069068661, 36.7087960351337], [-119.780732687341, 36.7087690347069], [-119.780894686824, 36.708720034655], [-119.780971686817, 36.7086860349092], [-119.781022686871, 36.7086720348825], [-119.781148687267, 36.7086140348473], [-119.781252687025, 36.7085680349125], [-119.781405687185, 36.7084920349285], [-119.781516686615, 36.7084300349427], [-119.781623686745, 36.7084120350536], [-119.781730686875, 36.7083840348977], [-119.78172968705, 36.7084170351833], [-119.78172968705, 36.7085180351399], [-119.78172968705, 36.70855203496], [-119.781732687424, 36.7087380351921], [-119.781743687294, 36.7092990348148], [-119.781747686594, 36.7094860349791]]]}, "properties": {"GEOID": "060190011001009", "P0010001": 0, "ALAND": 17291, "AWATER": 0}}, {"type": "Feature", "geometry": {"type": "Polygon", "coordinates": [[[-119.784500687868, 36.708024033939], [-119.784443687967, 36.708340034735], [-119.784377687844, 36.708921034772], [-119.784334688187, 36.7094450349088], [-119.784328688339, 36.7099710349405], [-119.784322687593, 36.710518035233], [-119.784300687852, 36.7138980352211], [-119.784295687829, 36.7141360349848], [-119.784250687623, 36.7141360349848], [-119.783436688211, 36.7141330349863], [-119.78193068779, 36.7141690349603], [-119.781721687553, 36.7141680347213], [-119.781736686723, 36.7105280352178], [-119.781964687227, 36.7105270349313], [-119.782210687274, 36.7105270349313], [-119.782648687841, 36.7105210346524], [-119.782877688169, 36.7105190347994], [-119.783098688102, 36.7105250350785], [-119.783341687777, 36.7105330352098], [-119.783762687726, 36.7105250350785], [-119.783984688382, 36.7105210346524], [-119.783988687682, 36.7101390351339], [-119.784002687926, 36.7089940348527], [-119.784008687773, 36.7086130352561], [-119.783965688116, 36.7085660350086], [-119.783792687863, 36.7085620352007], [-119.783085686785, 36.7085490347435], [-119.782961686937, 36.7085470348391], [-119.782850686609, 36.7085580346725], [-119.782625687376, 36.7085560347684], [-119.781953687356, 36.7085530352722], [-119.78172968705, 36.70855203496], [-119.78172968705, 36.7085180351399], [-119.78172968705, 36.7084170351833], [-119.781730686875, 36.7083840348977], [-119.781874686815, 36.7083460351842], [-119.782388686651, 36.7083490346885], [-119.783622687086, 36.7083570350464], [-119.783894687971, 36.7083290348704], [-119.783954688245, 36.7083150347786], [-119.783988687682, 36.7082940353563], [-119.784150688064, 36.7082460353177], [-119.7842456876, 36.7082000351625], [-119.784340688034, 36.7081520350653], [-119.784463688058, 36.7080560340605], [-119.784500687868, 36.708024033939]]]}, "properties": {"GEOID": "060190011001010", "P0010001": 0, "ALAND": 105828, "AWATER": 0}}, {"type": "Feature", "geometry": {"type": "Polygon", "coordinates": [[[-119.782877688169, 36.7105190347994], [-119.782648687841, 36.7105210346524], [-119.782210687274, 36.7105270349313], [-119.781964687227, 36.7105270349313], [-119.781736686723, 36.7105280352178], [-119.781738687271, 36.7103190348307], [-119.781744687119, 36.7096940351741], [-119.781747686594, 36.7094860349791], [-119.781743687294, 36.7092990348148], [-119.781732687424, 36.7087380351921], [-119.78172968705, 36.70855203496], [-119.781953687356, 36.7085530352722], [-119.782625687376, 36.7085560347684], [-119.782850686609, 36.7085580346725], [-119.782855686632, 36.7089500350393], [-119.782871688322, 36.7101260349435], [-119.782877688169, 36.7105190347994]]]}, "properties": {"GEOID": "060190011001011", "P0010001": 0, "ALAND": 21948, "AWATER": 0}}, {"type": "Feature", "geometry": {"type": "Polygon", "coordinates": [[[-119.784002687926, 36.7089940348527], [-119.783988687682, 36.7101390351339], [-119.783984688382, 36.7105210346524], [-119.783762687726, 36.7105250350785], [-119.783341687777, 36.7105330352098], [-119.783098688102, 36.7105250350785], [-119.782877688169, 36.7105190347994], [-119.782871688322, 36.7101260349435], [-119.782855686632, 36.7089500350393], [-119.782850686609, 36.7085580346725], [-119.782961686937, 36.7085470348391], [-119.783085686785, 36.7085490347435], [-119.783792687863, 36.7085620352007], [-119.783965688116, 36.7085660350086], [-119.784008687773, 36.7086130352561], [-119.784002687926, 36.7089940348527]]]}, "properties": {"GEOID": "060190011001012", "P0010001": 71, "ALAND": 22113, "AWATER": 0}}, {"type": "Feature", "geometry": {"type": "Polygon", "coordinates": [[[-119.785067688306, 36.7071800336657], [-119.784933688411, 36.7077530341312], [-119.784820688434, 36.7084420336661], [-119.784758687611, 36.7089440353573], [-119.784740688068, 36.7093380350791], [-119.784708688281, 36.7105280352178], [-119.784732687672, 36.7117440347708], [-119.78470168771, 36.7140090347064], [-119.784703688258, 36.7141360349848], [-119.784657688227, 36.7141360349848], [-119.784295687829, 36.7141360349848], [-119.784300687852, 36.7138980352211], [-119.784322687593, 36.710518035233], [-119.784328688339, 36.7099710349405], [-119.784334688187, 36.7094450349088], [-119.784377687844, 36.708921034772], [-119.784443687967, 36.708340034735], [-119.784500687868, 36.708024033939], [-119.784543688424, 36.7077870342897], [-119.784739687344, 36.7068950341319], [-119.785125688032, 36.7068900339032], [-119.785067688306, 36.7071800336657]]]}, "properties": {"GEOID": "060190011001013", "P0010001": 0, "ALAND": 28631, "AWATER": 0}}, {"type": "Feature", "geometry": {"type": "Polygon", "coordinates": [[[-119.787394687811, 36.7078000341558], [-119.787170688403, 36.7078010337575], [-119.786500688033, 36.7078050343252], [-119.786277687552, 36.7078070342489], [-119.786273688253, 36.7080530338247], [-119.786262688382, 36.7087950341045], [-119.786259688009, 36.7090420337039], [-119.786034687878, 36.7090410341182], [-119.785362687858, 36.7090400352527], [-119.785138687553, 36.7090400352527], [-119.785135688078, 36.7093380350791], [-119.785130688055, 36.7102320348259], [-119.785128688405, 36.7105310353571], [-119.785128688405, 36.7108930352163], [-119.78513168788, 36.7119820347257], [-119.785132687705, 36.712345035213], [-119.785133688428, 36.7127030348551], [-119.785138687553, 36.7137790350628], [-119.785140688101, 36.7141380347436], [-119.784703688258, 36.7141360349848], [-119.78470168771, 36.7140090347064], [-119.784732687672, 36.7117440347708], [-119.784708688281, 36.7105280352178], [-119.784740688068, 36.7093380350791], [-119.784758687611, 36.7089440353573], [-119.784820688434, 36.7084420336661], [-119.784933688411, 36.7077530341312], [-119.785067688306, 36.7071800336657], [-119.785125688032, 36.7068900339032], [-119.785394687646, 36.7068860340081], [-119.786201688283, 36.7068780342173], [-119.786309688238, 36.7068770338833], [-119.786475687919, 36.7068760342695], [-119.786655687844, 36.7068730339875], [-119.787198687992, 36.7068680337574], [-119.787379687742, 36.7068670341434], [-119.787382688115, 36.7070530341329], [-119.787391688336, 36.7076130342095], [-119.787394687811, 36.7078000341558]]]}, "properties": {"GEOID": "060190011001014", "P0010001": 58, "ALAND": 60117, "AWATER": 0}}, {"type": "Feature", "geometry": {"type": "Polygon", "coordinates": [[[-119.787393687986, 36.7083420339246], [-119.787391688336, 36.7099700339266], [-119.787391688336, 36.71051303524], [-119.787163687832, 36.7105140348065], [-119.786481687767, 36.7105170349463], [-119.786254687986, 36.7105190347994], [-119.786255687811, 36.7102230350929], [-119.786257688359, 36.709337034057], [-119.786259688009, 36.7090420337039], [-119.786262688382, 36.7087950341045], [-119.786273688253, 36.7080530338247], [-119.786277687552, 36.7078070342489], [-119.786500688033, 36.7078050343252], [-119.787170688403, 36.7078010337575], [-119.787394687811, 36.7078000341558], [-119.787393687986, 36.7083420339246]]]}, "properties": {"GEOID": "060190011001015", "P0010001": 94, "ALAND": 30411, "AWATER": 0}}, {"type": "Feature", "geometry": {"type": "Polygon", "coordinates": [[[-119.786257688359, 36.709337034057], [-119.786255687811, 36.7102230350929], [-119.786254687986, 36.7105190347994], [-119.78602868803, 36.7105210346524], [-119.785353687638, 36.7105280352178], [-119.785128688405, 36.7105310353571], [-119.785130688055, 36.7102320348259], [-119.785135688078, 36.7093380350791], [-119.785138687553, 36.7090400352527], [-119.785362687858, 36.7090400352527], [-119.786034687878, 36.7090410341182], [-119.786259688009, 36.7090420337039], [-119.786257688359, 36.709337034057]]]}, "properties": {"GEOID": "060190011001016", "P0010001": 64, "ALAND": 16531, "AWATER": 0}}, {"type": "Feature", "geometry": {"type": "Polygon", "coordinates": [[[-119.786265687857, 36.712345035213], [-119.786038688076, 36.712345035213], [-119.785358687661, 36.712345035213], [-119.785132687705, 36.712345035213], [-119.78513168788, 36.7119820347257], [-119.785128688405, 36.7108930352163], [-119.785128688405, 36.7105310353571], [-119.785353687638, 36.7105280352178], [-119.78602868803, 36.7105210346524], [-119.786254687986, 36.7105190347994], [-119.786256687636, 36.7108840348406], [-119.786262688382, 36.7119790346431], [-119.786265687857, 36.712345035213]]]}, "properties": {"GEOID": "060190011001017", "P0010001": 121, "ALAND": 20387, "AWATER": 0}}, {"type": "Feature", "geometry": {"type": "Polygon", "coordinates": [[[-119.786263688207, 36.7127040351132], [-119.786259688009, 36.713781034831], [-119.786258689082, 36.7141410347419], [-119.786034687878, 36.7141400352226], [-119.785363687683, 36.7141380347436], [-119.785140688101, 36.7141380347436], [-119.785138687553, 36.7137790350628], [-119.785133688428, 36.7127030348551], [-119.785132687705, 36.712345035213], [-119.785358687661, 36.712345035213], [-119.786038688076, 36.712345035213], [-119.786265687857, 36.712345035213], [-119.786263688207, 36.7127040351132]]]}, "properties": {"GEOID": "060190011001018", "P0010001": 89, "ALAND": 20021, "AWATER": 0}}, {"type": "Feature", "geometry": {"type": "Polygon", "coordinates": [[[-119.787392689059, 36.7141450349795], [-119.787165689279, 36.7141440347401], [-119.786484689038, 36.7141410347419], [-119.786258689082, 36.7141410347419], [-119.786259688009, 36.713781034831], [-119.786263688207, 36.7127040351132], [-119.786265687857, 36.712345035213], [-119.786262688382, 36.7119790346431], [-119.786256687636, 36.7108840348406], [-119.786254687986, 36.7105190347994], [-119.786481687767, 36.7105170349463], [-119.787163687832, 36.7105140348065], [-119.787391688336, 36.71051303524], [-119.787391688336, 36.7112390346972], [-119.787391689235, 36.713418034647], [-119.787392689059, 36.7141450349795]]]}, "properties": {"GEOID": "060190011001019", "P0010001": 133, "ALAND": 40673, "AWATER": 0}}, {"type": "Feature", "geometry": {"type": "Polygon", "coordinates": [[[-119.788519689364, 36.7112420348087], [-119.788519689364, 36.7134250349485], [-119.788519689364, 36.7141530347339], [-119.788293689408, 36.7141510349754], [-119.78761768919, 36.7141460352189], [-119.787392689059, 36.7141450349795], [-119.787391689235, 36.713418034647], [-119.787391688336, 36.7112390346972], [-119.787391688336, 36.71051303524], [-119.787616687569, 36.71051303524], [-119.788294688335, 36.7105140340864], [-119.78852068829, 36.7105150336529], [-119.788519689364, 36.7112420348087]]]}, "properties": {"GEOID": "060190011001020", "P0010001": 126, "ALAND": 40654, "AWATER": 0}}, {"type": "Feature", "geometry": {"type": "Polygon", "coordinates": [[[-119.789651688793, 36.7112500341452], [-119.789642688572, 36.7134330347779], [-119.789639689097, 36.7141610352076], [-119.789415688791, 36.7141590347292], [-119.788743688771, 36.7141540349732], [-119.788519689364, 36.7141530347339], [-119.788519689364, 36.7134250349485], [-119.788519689364, 36.7112420348087], [-119.78852068829, 36.7105150336529], [-119.788747688969, 36.7105160339395], [-119.78942868921, 36.7105210339323], [-119.789655688991, 36.7105230337853], [-119.789651688793, 36.7112500341452]]]}, "properties": {"GEOID": "060190011001021", "P0010001": 155, "ALAND": 40670, "AWATER": 0}}, {"type": "Feature", "geometry": {"type": "Polygon", "coordinates": [[[-119.790753688983, 36.7112340340311], [-119.790751689333, 36.7134270347259], [-119.790751689333, 36.7141590347292], [-119.790528688852, 36.7141590347292], [-119.789861688855, 36.7141600349684], [-119.789639689097, 36.7141610352076], [-119.789642688572, 36.7134330347779], [-119.789651688793, 36.7112500341452], [-119.789655688991, 36.7105230337853], [-119.789874689274, 36.7105190340793], [-119.790535689423, 36.7105070342398], [-119.790755688632, 36.7105040340997], [-119.790753688983, 36.7112340340311]]]}, "properties": {"GEOID": "060190011001022", "P0010001": 94, "ALAND": 39972, "AWATER": 0}}, {"type": "Feature", "geometry": {"type": "Polygon", "coordinates": [[[-119.790764688853, 36.7075910342707], [-119.790757689181, 36.7097750340106], [-119.790755688632, 36.7105040340997], [-119.790535689423, 36.7105070342398], [-119.789874689274, 36.7105190340793], [-119.789655688991, 36.7105230337853], [-119.789653689341, 36.7097900341325], [-119.789647687696, 36.7075910342707], [-119.789646687871, 36.7068580340164], [-119.789870688177, 36.7068590343507], [-119.790542688197, 36.706862033913], [-119.790767688328, 36.7068630342471], [-119.790764688853, 36.7075910342707]]]}, "properties": {"GEOID": "060190011001023", "P0010001": 74, "ALAND": 40219, "AWATER": 0}}, {"type": "Feature", "geometry": {"type": "Polygon", "coordinates": [[[-119.789655688991, 36.7105230337853], [-119.78942868921, 36.7105210339323], [-119.788747688969, 36.7105160339395], [-119.78852068829, 36.7105150336529], [-119.788519687567, 36.7097850340922], [-119.788516688092, 36.7075980336627], [-119.788515688267, 36.7068690340915], [-119.788741688223, 36.7068660338093], [-119.789419688091, 36.7068600339647], [-119.789646687871, 36.7068580340164], [-119.789647687696, 36.7075910342707], [-119.789653689341, 36.7097900341325], [-119.789655688991, 36.7105230337853]]]}, "properties": {"GEOID": "060190011001024", "P0010001": 127, "ALAND": 41052, "AWATER": 0}}, {"type": "Feature", "geometry": {"type": "Polygon", "coordinates": [[[-119.78852068829, 36.7105150336529], [-119.788294688335, 36.7105140340864], [-119.787616687569, 36.71051303524], [-119.787391688336, 36.71051303524], [-119.787391688336, 36.7099700339266], [-119.787393687986, 36.7083420339246], [-119.787394687811, 36.7078000341558], [-119.787391688336, 36.7076130342095], [-119.787382688115, 36.7070530341329], [-119.787379687742, 36.7068670341434], [-119.787606688421, 36.7068670341434], [-119.788287687764, 36.7068680337574], [-119.788515688267, 36.7068690340915], [-119.788516688092, 36.7075980336627], [-119.788519687567, 36.7097850340922], [-119.78852068829, 36.7105150336529]]]}, "properties": {"GEOID": "060190011001025", "P0010001": 150, "ALAND": 40736, "AWATER": 0}}, {"type": "Feature", "geometry": {"type": "Polygon", "coordinates": [[[-119.790767688328, 36.7068630342471], [-119.790542688197, 36.706862033913], [-119.789870688177, 36.7068590343507], [-119.789646687871, 36.7068580340164], [-119.789419688091, 36.7068600339647], [-119.788741688223, 36.7068660338093], [-119.788515688267, 36.7068690340915], [-119.788287687764, 36.7068680337574], [-119.787606688421, 36.7068670341434], [-119.787379687742, 36.7068670341434], [-119.787198687992, 36.7068680337574], [-119.786655687844, 36.7068730339875], [-119.786475687919, 36.7068760342695], [-119.786500688033, 36.7068630342471], [-119.786534688369, 36.706856034068], [-119.786619687859, 36.7068080338514], [-119.78677268802, 36.7067660341774], [-119.787049688029, 36.7067350338546], [-119.787113687604, 36.7067170342887], [-119.787279688183, 36.7066930341407], [-119.787369687697, 36.7066690339852], [-119.787501687941, 36.7066510336837], [-119.787517687835, 36.7066450338223], [-119.787556688193, 36.7066340337151], [-119.787727687897, 36.7066200340346], [-119.788110688212, 36.7065780342579], [-119.788281687916, 36.7065290342494], [-119.788374687802, 36.7064810338284], [-119.788536688184, 36.7063460340144], [-119.788612688352, 36.7062320339548], [-119.788706688063, 36.7061080338875], [-119.78879968795, 36.7060150342458], [-119.788842687607, 36.7059630342809], [-119.788901688057, 36.7058040338516], [-119.788927687996, 36.7057700342561], [-119.788944687715, 36.7057290336436], [-119.789003688164, 36.7056600340213], [-119.789045687997, 36.7055560342963], [-119.789041687799, 36.7054770338778], [-119.789071687936, 36.7054120340013], [-119.789096688051, 36.70530103434], [-119.789121688165, 36.7052740341257], [-119.789147688104, 36.7051980337648], [-119.78926668793, 36.7050250339424], [-119.789317687983, 36.7049840336526], [-119.789334687702, 36.7049430340611], [-119.789427687588, 36.7048560337315], [-119.789546688312, 36.7047700336647], [-119.789700688298, 36.7046870338691], [-119.78973168826, 36.7046740341967], [-119.78976868807, 36.7046590337964], [-119.789802688405, 36.7046520341367], [-119.789823688322, 36.7046380340953], [-119.789887687896, 36.7046110336479], [-119.78994768817, 36.7045760338809], [-119.789989688003, 36.7045620338256], [-119.790023688338, 36.7045420337422], [-119.79011768805, 36.7045070339437], [-119.790185687822, 36.7044720341293], [-119.790347688203, 36.704417034183], [-119.790662687848, 36.7043270343169], [-119.790735687643, 36.7043010341279], [-119.790742688214, 36.7048130340702], [-119.790764687955, 36.7063500339376], [-119.790768688153, 36.7065980338115], [-119.790767688328, 36.7068630342471]]]}, "properties": {"GEOID": "060190011001026", "P0010001": 0, "ALAND": 46155, "AWATER": 0}}, {"type": "Feature", "geometry": {"type": "Polygon", "coordinates": [[[-119.790741688389, 36.7033920338747], [-119.790735687643, 36.7039440338844], [-119.790733687993, 36.7041290340966], [-119.790733687993, 36.7041630336978], [-119.790734687818, 36.7042660342198], [-119.790735687643, 36.7043010341279], [-119.790662687848, 36.7043270343169], [-119.790347688203, 36.704417034183], [-119.790185687822, 36.7044720341293], [-119.79011768805, 36.7045070339437], [-119.790023688338, 36.7045420337422], [-119.789989688003, 36.7045620338256], [-119.78994768817, 36.7045760338809], [-119.789887687896, 36.7046110336479], [-119.789823688322, 36.7046380340953], [-119.789802688405, 36.7046520341367], [-119.78976868807, 36.7046590337964], [-119.78973168826, 36.7046740341967], [-119.789700688298, 36.7046870338691], [-119.789546688312, 36.7047700336647], [-119.789427687588, 36.7048560337315], [-119.789334687702, 36.7049430340611], [-119.789317687983, 36.7049840336526], [-119.78926668793, 36.7050250339424], [-119.789147688104, 36.7051980337648], [-119.789121688165, 36.7052740341257], [-119.789096688051, 36.70530103434], [-119.789071687936, 36.7054120340013], [-119.789041687799, 36.7054770338778], [-119.789045687997, 36.7055560342963], [-119.789003688164, 36.7056600340213], [-119.788944687715, 36.7057290336436], [-119.788927687996, 36.7057700342561], [-119.788901688057, 36.7058040338516], [-119.788842687607, 36.7059630342809], [-119.78879968795, 36.7060150342458], [-119.788706688063, 36.7061080338875], [-119.788612688352, 36.7062320339548], [-119.788536688184, 36.7063460340144], [-119.788374687802, 36.7064810338284], [-119.788281687916, 36.7065290342494], [-119.788110688212, 36.7065780342579], [-119.787727687897, 36.7066200340346], [-119.787556688193, 36.7066340337151], [-119.787517687835, 36.7066450338223], [-119.787501687941, 36.7066510336837], [-119.787369687697, 36.7066690339852], [-119.787279688183, 36.7066930341407], [-119.787113687604, 36.7067170342887], [-119.787049688029, 36.7067350338546], [-119.78677268802, 36.7067660341774], [-119.786619687859, 36.7068080338514], [-119.786534688369, 36.706856034068], [-119.786500688033, 36.7068630342471], [-119.786475687919, 36.7068760342695], [-119.786309688238, 36.7068770338833], [-119.786201688283, 36.7068780342173], [-119.785394687646, 36.7068860340081], [-119.785125688032, 36.7068900339032], [-119.785457688293, 36.7058220343516], [-119.785606687358, 36.7053160338949], [-119.785704687267, 36.7049700336716], [-119.785833687138, 36.7044030340988], [-119.785868687298, 36.7042700342513], [-119.78593868672, 36.7039280336894], [-119.785986687299, 36.7035930342433], [-119.786016687436, 36.7032570336762], [-119.786017687261, 36.7032370339733], [-119.786055686896, 36.7026580342346], [-119.786059687094, 36.7022950340809], [-119.786065686942, 36.7017550342396], [-119.786085687033, 36.7001370336839], [-119.786092686706, 36.6995980342358], [-119.78653868677, 36.6996640336952], [-119.787049687131, 36.6995860326911], [-119.787370686623, 36.6995830328448], [-119.789887687896, 36.6995660327533], [-119.79072668832, 36.6995610327681], [-119.79072868797, 36.7002900332353], [-119.790735687643, 36.7024790342699], [-119.790737688191, 36.7031170342067], [-119.790744687863, 36.7032090340926], [-119.790741688389, 36.7033920338747]]]}, "properties": {"GEOID": "060190011001027", "P0010001": 114, "ALAND": 306636, "AWATER": 0}}, {"type": "Feature", "geometry": {"type": "Polygon", "coordinates": [[[-119.786085687033, 36.7001370336839], [-119.786065686942, 36.7017550342396], [-119.786059687094, 36.7022950340809], [-119.786055686896, 36.7026580342346], [-119.786017687261, 36.7032370339733], [-119.786016687436, 36.7032570336762], [-119.785986687299, 36.7035930342433], [-119.78593868672, 36.7039280336894], [-119.785868687298, 36.7042700342513], [-119.785833687138, 36.7044030340988], [-119.785704687267, 36.7049700336716], [-119.785606687358, 36.7053160338949], [-119.785457688293, 36.7058220343516], [-119.785125688032, 36.7068900339032], [-119.784739687344, 36.7068950341319], [-119.784750687215, 36.7068490338883], [-119.785262687401, 36.7052120337042], [-119.785480686961, 36.7045000342702], [-119.785518686596, 36.7043190342597], [-119.785603686985, 36.7038340339169], [-119.785641686619, 36.7035460338065], [-119.785690687023, 36.7032820338375], [-119.785708686567, 36.703075033956], [-119.785732686856, 36.7024910339224], [-119.785736687054, 36.7023070337622], [-119.785742686902, 36.7019870339373], [-119.785744686552, 36.7001970337561], [-119.785731687031, 36.6995890339778], [-119.785731687031, 36.6995450338214], [-119.786092686706, 36.6995980342358], [-119.786085687033, 36.7001370336839]]]}, "properties": {"GEOID": "060190011001028", "P0010001": 0, "ALAND": 25262, "AWATER": 0}}, {"type": "Feature", "geometry": {"type": "Polygon", "coordinates": [[[-119.785742686902, 36.7019870339373], [-119.785736687054, 36.7023070337622], [-119.785732686856, 36.7024910339224], [-119.785708686567, 36.703075033956], [-119.785690687023, 36.7032820338375], [-119.785641686619, 36.7035460338065], [-119.785603686985, 36.7038340339169], [-119.785518686596, 36.7043190342597], [-119.785480686961, 36.7045000342702], [-119.785262687401, 36.7052120337042], [-119.784750687215, 36.7068490338883], [-119.784739687344, 36.7068950341319], [-119.784421687327, 36.7068930341845], [-119.783673687139, 36.7068890342896], [-119.783082687311, 36.7068860340081], [-119.782402686895, 36.7068840347807], [-119.78172968705, 36.7068810352192], [-119.781733687248, 36.7067500352901], [-119.781734687073, 36.7063360349257], [-119.781740686921, 36.7047010339016], [-119.781743687294, 36.704156033993], [-119.781742686571, 36.7037960341142], [-119.781741686746, 36.7027160337233], [-119.781741686746, 36.702356034302], [-119.781759686289, 36.6995800337187], [-119.784963686752, 36.6995680343319], [-119.78534968744, 36.6994890342408], [-119.785731687031, 36.6995450338214], [-119.785731687031, 36.6995890339778], [-119.785744686552, 36.7001970337561], [-119.785742686902, 36.7019870339373]]]}, "properties": {"GEOID": "060190011001029", "P0010001": 0, "ALAND": 273342, "AWATER": 0}}, {"type": "Feature", "geometry": {"type": "Polygon", "coordinates": [[[-119.784543688424, 36.7077870342897], [-119.784500687868, 36.708024033939], [-119.784463688058, 36.7080560340605], [-119.784340688034, 36.7081520350653], [-119.7842456876, 36.7082000351625], [-119.784150688064, 36.7082460353177], [-119.783988687682, 36.7082940353563], [-119.783954688245, 36.7083150347786], [-119.783894687971, 36.7083290348704], [-119.783622687086, 36.7083570350464], [-119.782388686651, 36.7083490346885], [-119.781874686815, 36.7083460351842], [-119.781730686875, 36.7083840348977], [-119.781730686875, 36.7080830347378], [-119.781733687248, 36.7071810347159], [-119.781734687073, 36.7069650351388], [-119.78172968705, 36.7068810352192], [-119.782402686895, 36.7068840347807], [-119.783082687311, 36.7068860340081], [-119.783673687139, 36.7068890342896], [-119.784421687327, 36.7068930341845], [-119.784739687344, 36.7068950341319], [-119.784543688424, 36.7077870342897]]]}, "properties": {"GEOID": "060190011001030", "P0010001": 11, "ALAND": 40635, "AWATER": 0}}, {"type": "Feature", "geometry": {"type": "Polygon", "coordinates": [[[-119.781741686746, 36.702356034302], [-119.781741686746, 36.7027160337233], [-119.781742686571, 36.7037960341142], [-119.781743687294, 36.704156033993], [-119.780652686975, 36.7041590336608], [-119.777381685667, 36.7041700348425], [-119.776291686071, 36.7041750352481], [-119.77270168492, 36.7041870353561], [-119.772704685293, 36.7040350352902], [-119.772686684852, 36.7012760352839], [-119.772682684654, 36.7005500353336], [-119.77265568489, 36.700450034686], [-119.772696684898, 36.6996360339532], [-119.772925685226, 36.6996430340697], [-119.776108684874, 36.6996210340102], [-119.781759686289, 36.6995800337187], [-119.781741686746, 36.702356034302]]]}, "properties": {"GEOID": "060190011001031", "P0010001": 9, "ALAND": 409423, "AWATER": 0}}, {"type": "Feature", "geometry": {"type": "Polygon", "coordinates": [[[-119.781740686921, 36.7047010339016], [-119.781734687073, 36.7063360349257], [-119.781733687248, 36.7067500352901], [-119.78172968705, 36.7068810352192], [-119.781130686826, 36.7068850351146], [-119.779332687225, 36.7068990347468], [-119.778734686825, 36.7069040349748], [-119.776508685806, 36.7069210348837], [-119.776261685934, 36.7069220352172], [-119.776232685621, 36.7065310349264], [-119.776188686139, 36.7064200347207], [-119.776124685666, 36.7063520353396], [-119.776035685978, 36.7062850347996], [-119.775876685969, 36.7062430348398], [-119.775243686307, 36.7062600348949], [-119.775023686199, 36.706256034967], [-119.774802686266, 36.7062380352888], [-119.774552686021, 36.7061860347547], [-119.77428168586, 36.7060750347709], [-119.774072685622, 36.7059610350295], [-119.773071684816, 36.7050380349958], [-119.772923684678, 36.704846035169], [-119.772838685188, 36.7046930353238], [-119.77276468467, 36.7045130346923], [-119.772728684685, 36.70437303535], [-119.772722684837, 36.7043310350654], [-119.77270168492, 36.7041870353561], [-119.776291686071, 36.7041750352481], [-119.777381685667, 36.7041700348425], [-119.780652686975, 36.7041590336608], [-119.781743687294, 36.704156033993], [-119.781740686921, 36.7047010339016]]]}, "properties": {"GEOID": "060190011001032", "P0010001": 0, "ALAND": 208179, "AWATER": 0}}, {"type": "Feature", "geometry": {"type": "Polygon", "coordinates": [[[-119.772752685872, 36.7107690361886], [-119.772690685948, 36.7109260358647], [-119.772072686355, 36.7103020356735], [-119.770221685254, 36.7084300349427], [-119.769604684588, 36.7078060346471], [-119.769401685097, 36.7076010353567], [-119.768795685199, 36.7069890352018], [-119.768718685206, 36.7069110351496], [-119.768585685137, 36.7067940349229], [-119.768802684872, 36.7067960348729], [-119.769715684916, 36.7077130348998], [-119.772691685773, 36.7107040357472], [-119.772752685872, 36.7107690361886]]]}, "properties": {"GEOID": "060190011001033", "P0010001": 0, "ALAND": 8438, "AWATER": 0}}, {"type": "Feature", "geometry": {"type": "Polygon", "coordinates": [[[-119.772691685773, 36.7107040357472], [-119.769715684916, 36.7077130348998], [-119.768802684872, 36.7067960348729], [-119.769035685399, 36.7067970352079], [-119.770387684936, 36.7068030350574], [-119.770838685022, 36.7068060353421], [-119.771511684867, 36.7068190346539], [-119.771740685196, 36.7068240348872], [-119.77174368467, 36.7068760349897], [-119.771776685181, 36.7074510347741], [-119.771915685996, 36.7076670351458], [-119.772037686195, 36.7077730348194], [-119.77218468561, 36.7078530353594], [-119.772420685611, 36.7079740352529], [-119.772558685704, 36.7080790349048], [-119.772623686001, 36.7081670347838], [-119.772672686405, 36.7082740348037], [-119.77271068604, 36.708392035252], [-119.772691685773, 36.7107040357472]]]}, "properties": {"GEOID": "060190011001034", "P0010001": 0, "ALAND": 65399, "AWATER": 0}}, {"type": "Feature", "geometry": {"type": "Polygon", "coordinates": [[[-119.772718686435, 36.7080890352071], [-119.772623686001, 36.7081670347838], [-119.772558685704, 36.7080790349048], [-119.772420685611, 36.7079740352529], [-119.77218468561, 36.7078530353594], [-119.772037686195, 36.7077730348194], [-119.771915685996, 36.7076670351458], [-119.771776685181, 36.7074510347741], [-119.77174368467, 36.7068760349897], [-119.771740685196, 36.7068240348872], [-119.772047685342, 36.7068200349886], [-119.772681685727, 36.7068240348872], [-119.772706685842, 36.7069990349257], [-119.772718686435, 36.7080890352071]]]}, "properties": {"GEOID": "060190011001035", "P0010001": 0, "ALAND": 9822, "AWATER": 0}}, {"type": "Feature", "geometry": {"type": "Polygon", "coordinates": [[[-119.783219689375, 36.7214580362517], [-119.781888688856, 36.7214740356767], [-119.781726689372, 36.7214760359646], [-119.781330687741, 36.7211140362869], [-119.779072687832, 36.7190610363174], [-119.779072687832, 36.7190020360276], [-119.779072687832, 36.7188280361419], [-119.779073687657, 36.7187700358524], [-119.779667687859, 36.7193010362722], [-119.780442687811, 36.7199930357123], [-119.781485687551, 36.7209460363303], [-119.781825689107, 36.7213270359737], [-119.781768688307, 36.7199280358741], [-119.782066688233, 36.7202260359542], [-119.782180688036, 36.7203400361335], [-119.782354689011, 36.7205140361945], [-119.782418688585, 36.7206000359218], [-119.782498688951, 36.7207070359087], [-119.782595689036, 36.7208370356518], [-119.78265568931, 36.7209170362705], [-119.782985689023, 36.7212560356637], [-119.783219689375, 36.7214580362517]]]}, "properties": {"GEOID": "060190011002000", "P0010001": 0, "ALAND": 18707, "AWATER": 0}}, {"type": "Feature", "geometry": {"type": "Polygon", "coordinates": [[[-119.781825689107, 36.7213270359737], [-119.781485687551, 36.7209460363303], [-119.780442687811, 36.7199930357123], [-119.779667687859, 36.7193010362722], [-119.780297688046, 36.7193140363504], [-119.780521688352, 36.7193120360062], [-119.781197687671, 36.7193060356933], [-119.781422687802, 36.7193040360689], [-119.78145068829, 36.7193320358457], [-119.78157068794, 36.7195100359881], [-119.781768688307, 36.7199280358741], [-119.781825689107, 36.7213270359737]]]}, "properties": {"GEOID": "060190011002001", "P0010001": 0, "ALAND": 19081, "AWATER": 0}}, {"type": "Feature", "geometry": {"type": "Polygon", "coordinates": [[[-119.784223688757, 36.7217000361996], [-119.784096689434, 36.7217920361584], [-119.784054688703, 36.7218230361666], [-119.784003688649, 36.7218570358592], [-119.783851689211, 36.7219610358423], [-119.783801688983, 36.7219960363311], [-119.783527689346, 36.7217600359974], [-119.783219689375, 36.7214580362517], [-119.782985689023, 36.7212560356637], [-119.78265568931, 36.7209170362705], [-119.782595689036, 36.7208370356518], [-119.782498688951, 36.7207070359087], [-119.782418688585, 36.7206000359218], [-119.782354689011, 36.7205140361945], [-119.782180688036, 36.7203400361335], [-119.782066688233, 36.7202260359542], [-119.781768688307, 36.7199280358741], [-119.781929687965, 36.7194910356447], [-119.782183688409, 36.7197280359162], [-119.782947689388, 36.7204410362583], [-119.783202688758, 36.7206790359131], [-119.783414689368, 36.7208770359715], [-119.783602688791, 36.7210530358351], [-119.78386668928, 36.721289036181], [-119.784057689076, 36.7214670361087], [-119.784087689213, 36.721495035817], [-119.784266689313, 36.7216700362832], [-119.784223688757, 36.7217000361996]]]}, "properties": {"GEOID": "060190011002002", "P0010001": 0, "ALAND": 15628, "AWATER": 0}}, {"type": "Feature", "geometry": {"type": "Polygon", "coordinates": [[[-119.784266689313, 36.7216700362832], [-119.784087689213, 36.721495035817], [-119.784057689076, 36.7214670361087], [-119.78386668928, 36.721289036181], [-119.783602688791, 36.7210530358351], [-119.783414689368, 36.7208770359715], [-119.783202688758, 36.7206790359131], [-119.782947689388, 36.7204410362583], [-119.782183688409, 36.7197280359162], [-119.781929687965, 36.7194910356447], [-119.781300687603, 36.7189030358058], [-119.780767688399, 36.7184230362596], [-119.777251686869, 36.7152560358347], [-119.776079687257, 36.7142010361234], [-119.776309687411, 36.7141980361274], [-119.782198687579, 36.7194980361128], [-119.78444268904, 36.7215360359373], [-119.784266689313, 36.7216700362832]]]}, "properties": {"GEOID": "060190011002003", "P0010001": 0, "ALAND": 18482, "AWATER": 0}}, {"type": "Feature", "geometry": {"type": "Polygon", "coordinates": [[[-119.784632689011, 36.7214310359544], [-119.78444268904, 36.7215360359373], [-119.782198687579, 36.7194980361128], [-119.776309687411, 36.7141980361274], [-119.776532686993, 36.7141950361313], [-119.776932687027, 36.7141900356575], [-119.776959686791, 36.7145480360642], [-119.778358687082, 36.7158070360985], [-119.778584687037, 36.7160420357852], [-119.779493687782, 36.7168900360253], [-119.780480688344, 36.7178280362667], [-119.781003688401, 36.7183000358886], [-119.781141687595, 36.7183980359835], [-119.781332688289, 36.7184740362503], [-119.781527688282, 36.718494036308], [-119.781727688299, 36.7184730360673], [-119.781760687911, 36.7186020358095], [-119.781890687607, 36.7188340357721], [-119.781960687927, 36.7189590356415], [-119.782114687913, 36.7191970362879], [-119.782259687678, 36.7193930362241], [-119.782645689264, 36.7197540359257], [-119.782677689051, 36.7197840358704], [-119.78294568884, 36.7200200357951], [-119.783007688764, 36.7200750360943], [-119.783152689427, 36.720191036099], [-119.783490688638, 36.720462035961], [-119.783793688587, 36.7206800360674], [-119.78401268887, 36.720838035804], [-119.784449688713, 36.7212710357042], [-119.784632689011, 36.7214310359544]]]}, "properties": {"GEOID": "060190011002004", "P0010001": 0, "ALAND": 18135, "AWATER": 0}}, {"type": "Feature", "geometry": {"type": "Polygon", "coordinates": [[[-119.779493687782, 36.7168900360253], [-119.778584687037, 36.7160420357852], [-119.778761686589, 36.7160380356464], [-119.779295688313, 36.7160280356585], [-119.77947368769, 36.716025035734], [-119.779476688063, 36.7161980359953], [-119.779488687759, 36.7167160356762], [-119.779493687782, 36.7168900360253]]]}, "properties": {"GEOID": "060190011002005", "P0010001": 0, "ALAND": 3811, "AWATER": 0}}, {"type": "Feature", "geometry": {"type": "Polygon", "coordinates": [[[-119.781728688124, 36.7179440360642], [-119.781727688299, 36.7183400360894], [-119.781727688299, 36.7184730360673], [-119.781527688282, 36.718494036308], [-119.781332688289, 36.7184740362503], [-119.781141687595, 36.7183980359835], [-119.781003688401, 36.7183000358886], [-119.780480688344, 36.7178280362667], [-119.780606687842, 36.7178200361749], [-119.781025688142, 36.7178170363203], [-119.781165687884, 36.717815035937], [-119.781588688382, 36.7178130362739], [-119.781729687949, 36.7178130362739], [-119.781728688124, 36.7179440360642]]]}, "properties": {"GEOID": "060190011002006", "P0010001": 11, "ALAND": 5800, "AWATER": 0}}, {"type": "Feature", "geometry": {"type": "Polygon", "coordinates": [[[-119.780606687842, 36.7178200361749], [-119.780480688344, 36.7178280362667], [-119.779493687782, 36.7168900360253], [-119.779488687759, 36.7167160356762], [-119.779476688063, 36.7161980359953], [-119.77947368769, 36.716025035734], [-119.779698687821, 36.7160220358092], [-119.780376687689, 36.7160150357444], [-119.780603688368, 36.7160130360344], [-119.780603688368, 36.7163130358828], [-119.780604688193, 36.7172160361979], [-119.780605688018, 36.7175170358645], [-119.780606687842, 36.7178200361749]]]}, "properties": {"GEOID": "060190011002007", "P0010001": 29, "ALAND": 15429, "AWATER": 0}}, {"type": "Feature", "geometry": {"type": "Polygon", "coordinates": [[[-119.78401268887, 36.7198730361896], [-119.78401268887, 36.7205960360204], [-119.78401268887, 36.720838035804], [-119.783793688587, 36.7206800360674], [-119.783490688638, 36.720462035961], [-119.783152689427, 36.720191036099], [-119.783007688764, 36.7200750360943], [-119.78294568884, 36.7200200357951], [-119.782932689319, 36.7199390362383], [-119.782894688786, 36.7196990361166], [-119.782882689091, 36.7196190356695], [-119.783108689047, 36.7196210360056], [-119.783786688914, 36.7196290359099], [-119.784013688695, 36.7196320356938], [-119.78401268887, 36.7198730361896]]]}, "properties": {"GEOID": "060190011002008", "P0010001": 24, "ALAND": 8767, "AWATER": 0}}, {"type": "Feature", "geometry": {"type": "Polygon", "coordinates": [[[-119.785235689434, 36.7214450358163], [-119.785168688588, 36.7214430362477], [-119.784849688746, 36.7214400358145], [-119.784817688959, 36.7214370361012], [-119.784632689011, 36.7214310359544], [-119.784449688713, 36.7212710357042], [-119.78401268887, 36.720838035804], [-119.78401268887, 36.7205960360204], [-119.78401268887, 36.7198730361896], [-119.784013688695, 36.7196320356938], [-119.78401268887, 36.7192460361388], [-119.78401268887, 36.7184490359908], [-119.78383368877, 36.7181380352224], [-119.783641688251, 36.7178040352687], [-119.783526687725, 36.7176430351905], [-119.783331687731, 36.7173680346746], [-119.783271688355, 36.7173190350659], [-119.783197687837, 36.7173060346501], [-119.783094687904, 36.7173080350466], [-119.782897688261, 36.7173120351192], [-119.782887688215, 36.717353035312], [-119.782885687667, 36.7173640353249], [-119.782879687819, 36.7174220352358], [-119.782880687644, 36.717478034711], [-119.782882688192, 36.7175210359263], [-119.782883688017, 36.7175760358546], [-119.782889687865, 36.7177410361235], [-119.782891688413, 36.7177960358944], [-119.782658687886, 36.7177990357499], [-119.781961687752, 36.7178090362273], [-119.781729687949, 36.7178130362739], [-119.781731687599, 36.7174490362223], [-119.781736687621, 36.7163590347814], [-119.781739687995, 36.7159960352566], [-119.781728688124, 36.715909035199], [-119.781695687614, 36.7156480351551], [-119.781685687568, 36.7155620349244], [-119.781696688337, 36.7153490350939], [-119.781624688367, 36.7152040349222], [-119.781507688191, 36.7150510348167], [-119.78114068777, 36.7146620353084], [-119.780939687928, 36.7145120348275], [-119.780859687562, 36.7144610350869], [-119.780785687943, 36.7144610350869], [-119.780594688147, 36.7144600348516], [-119.780592687599, 36.7141740347154], [-119.780747688308, 36.7141710347184], [-119.781038687663, 36.7141580352101], [-119.781091688264, 36.7141600349684], [-119.782590688114, 36.7157450348142], [-119.784028687865, 36.7171980347667], [-119.784531688729, 36.7177110346608], [-119.784639688684, 36.7182930353113], [-119.785023688823, 36.7200420357755], [-119.785167688763, 36.7207880360957], [-119.785219688642, 36.7212330358838], [-119.785235689434, 36.7214450358163]]]}, "properties": {"GEOID": "060190011002009", "P0010001": 35, "ALAND": 76111, "AWATER": 0}}, {"type": "Feature", "geometry": {"type": "Polygon", "coordinates": [[[-119.781739687995, 36.7159960352566], [-119.781511688389, 36.7159990351823], [-119.780830688148, 36.716009035174], [-119.780603688368, 36.7160130360344], [-119.78060168782, 36.7157020347652], [-119.780595687972, 36.7147700351566], [-119.780594688147, 36.7144600348516], [-119.780785687943, 36.7144610350869], [-119.780859687562, 36.7144610350869], [-119.780939687928, 36.7145120348275], [-119.78114068777, 36.7146620353084], [-119.781507688191, 36.7150510348167], [-119.781624688367, 36.7152040349222], [-119.781696688337, 36.7153490350939], [-119.781685687568, 36.7155620349244], [-119.781695687614, 36.7156480351551], [-119.781728688124, 36.715909035199], [-119.781739687995, 36.7159960352566]]]}, "properties": {"GEOID": "060190011002010", "P0010001": 16, "ALAND": 13792, "AWATER": 0}}, {"type": "Feature", "geometry": {"type": "Polygon", "coordinates": [[[-119.781736687621, 36.7163590347814], [-119.781731687599, 36.7174490362223], [-119.781729687949, 36.7178130362739], [-119.781588688382, 36.7178130362739], [-119.781165687884, 36.717815035937], [-119.781025688142, 36.7178170363203], [-119.780606687842, 36.7178200361749], [-119.780605688018, 36.7175170358645], [-119.780604688193, 36.7172160361979], [-119.780603688368, 36.7163130358828], [-119.780603688368, 36.7160130360344], [-119.780830688148, 36.716009035174], [-119.781511688389, 36.7159990351823], [-119.781739687995, 36.7159960352566], [-119.781736687621, 36.7163590347814]]]}, "properties": {"GEOID": "060190011002011", "P0010001": 25, "ALAND": 20290, "AWATER": 0}}, {"type": "Feature", "geometry": {"type": "Polygon", "coordinates": [[[-119.78294568884, 36.7200200357951], [-119.782677689051, 36.7197840358704], [-119.782645689264, 36.7197540359257], [-119.782259687678, 36.7193930362241], [-119.782114687913, 36.7191970362879], [-119.781960687927, 36.7189590356415], [-119.781890687607, 36.7188340357721], [-119.781760687911, 36.7186020358095], [-119.781727688299, 36.7184730360673], [-119.781727688299, 36.7183400360894], [-119.781728688124, 36.7179440360642], [-119.781729687949, 36.7178130362739], [-119.781961687752, 36.7178090362273], [-119.782658687886, 36.7177990357499], [-119.782891688413, 36.7177960358944], [-119.78288868804, 36.7181600357419], [-119.782883688017, 36.7192540360821], [-119.782882689091, 36.7196190356695], [-119.782894688786, 36.7196990361166], [-119.782932689319, 36.7199390362383], [-119.78294568884, 36.7200200357951]]]}, "properties": {"GEOID": "060190011002012", "P0010001": 46, "ALAND": 18035, "AWATER": 0}}, {"type": "Feature", "geometry": {"type": "Polygon", "coordinates": [[[-119.784531688729, 36.7177110346608], [-119.784028687865, 36.7171980347667], [-119.782590688114, 36.7157450348142], [-119.781091688264, 36.7141600349684], [-119.781335687763, 36.7141720349574], [-119.781395688038, 36.7141710347184], [-119.781721687553, 36.7145090348437], [-119.783952687697, 36.7167500347491], [-119.784414688553, 36.7172310348671], [-119.784439688667, 36.7172590346795], [-119.784469688804, 36.7173820352771], [-119.784500688766, 36.7175550346429], [-119.784531688729, 36.7177110346608]]]}, "properties": {"GEOID": "060190011002013", "P0010001": 0, "ALAND": 11301, "AWATER": 0}}, {"type": "Feature", "geometry": {"type": "Polygon", "coordinates": [[[-119.783641688251, 36.7178040352687], [-119.783491687565, 36.7178020348851], [-119.783279687852, 36.7178000359417], [-119.783041688201, 36.7177970360863], [-119.782891688413, 36.7177960358944], [-119.782889687865, 36.7177410361235], [-119.782883688017, 36.7175760358546], [-119.782882688192, 36.7175210359263], [-119.782880687644, 36.717478034711], [-119.782879687819, 36.7174220352358], [-119.782885687667, 36.7173640353249], [-119.782887688215, 36.717353035312], [-119.782897688261, 36.7173120351192], [-119.783094687904, 36.7173080350466], [-119.783197687837, 36.7173060346501], [-119.783271688355, 36.7173190350659], [-119.783331687731, 36.7173680346746], [-119.783526687725, 36.7176430351905], [-119.783641688251, 36.7178040352687]]]}, "properties": {"GEOID": "060190011002014", "P0010001": 19, "ALAND": 2802, "AWATER": 0}}, {"type": "Feature", "geometry": {"type": "Polygon", "coordinates": [[[-119.784013688695, 36.7196320356938], [-119.783786688914, 36.7196290359099], [-119.783108689047, 36.7196210360056], [-119.782882689091, 36.7196190356695], [-119.782883688017, 36.7192540360821], [-119.78288868804, 36.7181600357419], [-119.782891688413, 36.7177960358944], [-119.783041688201, 36.7177970360863], [-119.783279687852, 36.7178000359417], [-119.783491687565, 36.7178020348851], [-119.783641688251, 36.7178040352687], [-119.78383368877, 36.7181380352224], [-119.78401268887, 36.7184490359908], [-119.78401268887, 36.7192460361388], [-119.784013688695, 36.7196320356938]]]}, "properties": {"GEOID": "060190011002015", "P0010001": 83, "ALAND": 19183, "AWATER": 0}}, {"type": "Feature", "geometry": {"type": "Polygon", "coordinates": [[[-119.785479688933, 36.7214510359622], [-119.785235689434, 36.7214450358163], [-119.785219688642, 36.7212330358838], [-119.785167688763, 36.7207880360957], [-119.785023688823, 36.7200420357755], [-119.784639688684, 36.7182930353113], [-119.784531688729, 36.7177110346608], [-119.784706688631, 36.7178770348307], [-119.784834688677, 36.7180030350063], [-119.784870688662, 36.7181910350557], [-119.784949689203, 36.7185990352653], [-119.785103689189, 36.7192730357641], [-119.785387688871, 36.7207000362708], [-119.785420689381, 36.7208690361973], [-119.785479688933, 36.7214510359622]]]}, "properties": {"GEOID": "060190011002016", "P0010001": 0, "ALAND": 8625, "AWATER": 0}}, {"type": "Feature", "geometry": {"type": "Polygon", "coordinates": [[[-119.788570690316, 36.7214520346663], [-119.78805869013, 36.7214410359589], [-119.787856689565, 36.7214370361012], [-119.787762689854, 36.7214360359568], [-119.787482688573, 36.7214350358123], [-119.787389688686, 36.7214350358123], [-119.787398688907, 36.7211380362507], [-119.78739068941, 36.7210620357395], [-119.787385689387, 36.7210040356968], [-119.787309689219, 36.7208980362751], [-119.786585689321, 36.7203140363223], [-119.786295688892, 36.7200810363472], [-119.786286688672, 36.7203560357914], [-119.786260688732, 36.7211820362849], [-119.786258689082, 36.7212560356637], [-119.786256689433, 36.7214580362517], [-119.786107688571, 36.7214580362517], [-119.785663689056, 36.7214580362517], [-119.785597688933, 36.7214580362517], [-119.785560689124, 36.7214550358191], [-119.785515688918, 36.7214520361064], [-119.785479688933, 36.7214510359622], [-119.785420689381, 36.7208690361973], [-119.785387688871, 36.7207000362708], [-119.785103689189, 36.7192730357641], [-119.784949689203, 36.7185990352653], [-119.784870688662, 36.7181910350557], [-119.784834688677, 36.7180030350063], [-119.785369689328, 36.718528035314], [-119.78769168881, 36.7206440348241], [-119.788164690435, 36.7210830352725], [-119.788570690316, 36.7214520346663]]]}, "properties": {"GEOID": "060190011002017", "P0010001": 53, "ALAND": 40940, "AWATER": 0}}, {"type": "Feature", "geometry": {"type": "Polygon", "coordinates": [[[-119.787398688907, 36.7211380362507], [-119.787389688686, 36.7214350358123], [-119.787207689112, 36.7214380362457], [-119.786663689138, 36.7214490356736], [-119.786482689388, 36.7214530362507], [-119.786436689358, 36.7214540356749], [-119.78630168874, 36.7214560359633], [-119.786256689433, 36.7214580362517], [-119.786258689082, 36.7212560356637], [-119.786260688732, 36.7211820362849], [-119.786286688672, 36.7203560357914], [-119.786295688892, 36.7200810363472], [-119.786585689321, 36.7203140363223], [-119.787309689219, 36.7208980362751], [-119.787385689387, 36.7210040356968], [-119.78739068941, 36.7210620357395], [-119.787398688907, 36.7211380362507]]]}, "properties": {"GEOID": "060190011002018", "P0010001": 34, "ALAND": 10314, "AWATER": 0}}, {"type": "Feature", "geometry": {"type": "Polygon", "coordinates": [[[-119.788666689677, 36.7214520346663], [-119.788570690316, 36.7214520346663], [-119.788164690435, 36.7210830352725], [-119.78769168881, 36.7206440348241], [-119.785369689328, 36.718528035314], [-119.784834688677, 36.7180030350063], [-119.784807688913, 36.7178640352294], [-119.784748689362, 36.7175870351155], [-119.785290688787, 36.7181350346602], [-119.786524689221, 36.7192770350144], [-119.787601689297, 36.7202570351544], [-119.787720689123, 36.7203790351138], [-119.788500689996, 36.7211140348468], [-119.788869690066, 36.7214530348106], [-119.788666689677, 36.7214520346663]]]}, "properties": {"GEOID": "060190011002019", "P0010001": 0, "ALAND": 11811, "AWATER": 0}}, {"type": "Feature", "geometry": {"type": "Polygon", "coordinates": [[[-119.789653690239, 36.7214560352432], [-119.78949668988, 36.7214550350991], [-119.789025689702, 36.7214530348106], [-119.788869690066, 36.7214530348106], [-119.788500689996, 36.7211140348468], [-119.787720689123, 36.7203790351138], [-119.787601689297, 36.7202570351544], [-119.786524689221, 36.7192770350144], [-119.785290688787, 36.7181350346602], [-119.784748689362, 36.7175870351155], [-119.784683689064, 36.7170800348805], [-119.784578687686, 36.716009035174], [-119.784787687923, 36.7160070347437], [-119.78514968922, 36.7160050350334], [-119.785141688824, 36.7163880351218], [-119.785135688976, 36.7167050348504], [-119.785182688832, 36.7169800348594], [-119.785429688704, 36.7174760350391], [-119.785569689344, 36.7177550352179], [-119.785627689071, 36.7177970346461], [-119.785719689132, 36.7178140350254], [-119.785754689292, 36.7178120346421], [-119.78614468928, 36.7178010346933], [-119.786275688801, 36.717798034838], [-119.786497688559, 36.7177990350298], [-119.787164688556, 36.7178020348851], [-119.787387689037, 36.7178030350769], [-119.787387689037, 36.7181680350782], [-119.787388688862, 36.7192630347572], [-119.787389688686, 36.7195500348388], [-119.787446688588, 36.7196050347545], [-119.787521688931, 36.7196310348058], [-119.78765668865, 36.7196310348058], [-119.78830268873, 36.7196320349737], [-119.788518688641, 36.7196330351416], [-119.788743688771, 36.7196310348058], [-119.789418690062, 36.7196290351899], [-119.789644690018, 36.7196290351899], [-119.789639689995, 36.7199940351555], [-119.78963869017, 36.7201690347211], [-119.789642690368, 36.7210900348755], [-119.789643690193, 36.7212940347526], [-119.789653690239, 36.7214560352432]]]}, "properties": {"GEOID": "060190011002020", "P0010001": 144, "ALAND": 68440, "AWATER": 0}}, {"type": "Feature", "geometry": {"type": "Polygon", "coordinates": [[[-119.789650688968, 36.7181710349191], [-119.789645689843, 36.71926403493], [-119.789644690018, 36.7196290351899], [-119.789418690062, 36.7196290351899], [-119.788743688771, 36.7196310348058], [-119.788518688641, 36.7196330351416], [-119.788518688641, 36.7192680349008], [-119.788518688641, 36.7181760351338], [-119.788518688641, 36.7178120346421], [-119.788744688596, 36.7178100349788], [-119.789425688837, 36.7178080353155], [-119.789652688618, 36.7178070351238], [-119.789650688968, 36.7181710349191]]]}, "properties": {"GEOID": "060190011002021", "P0010001": 124, "ALAND": 20394, "AWATER": 0}}, {"type": "Feature", "geometry": {"type": "Polygon", "coordinates": [[[-119.788518688641, 36.7181760351338], [-119.788518688641, 36.7192680349008], [-119.788518688641, 36.7196330351416], [-119.78830268873, 36.7196320349737], [-119.78765668865, 36.7196310348058], [-119.787521688931, 36.7196310348058], [-119.787446688588, 36.7196050347545], [-119.787389688686, 36.7195500348388], [-119.787388688862, 36.7192630347572], [-119.787387689037, 36.7181680350782], [-119.787387689037, 36.7178030350769], [-119.787613688992, 36.7178040352687], [-119.78829168886, 36.7178100349788], [-119.788518688641, 36.7178120346421], [-119.788518688641, 36.7181760351338]]]}, "properties": {"GEOID": "060190011002022", "P0010001": 91, "ALAND": 20406, "AWATER": 0}}, {"type": "Feature", "geometry": {"type": "Polygon", "coordinates": [[[-119.791501690069, 36.7208810351383], [-119.791199689945, 36.7211000349245], [-119.791101690035, 36.7211570347466], [-119.790961690293, 36.7212390353262], [-119.790879690278, 36.7212740347039], [-119.790773689972, 36.7213200349522], [-119.790627690383, 36.7213620353113], [-119.790542689994, 36.7213880347678], [-119.790366690267, 36.721422034653], [-119.790280690053, 36.7214390349501], [-119.789839690012, 36.7214550350991], [-119.789653690239, 36.7214560352432], [-119.789643690193, 36.7212940347526], [-119.789642690368, 36.7210900348755], [-119.78963869017, 36.7201690347211], [-119.789639689995, 36.7199940351555], [-119.789644690018, 36.7196290351899], [-119.789645689843, 36.71926403493], [-119.789650688968, 36.7181710349191], [-119.789652688618, 36.7178070351238], [-119.789865689053, 36.7178070351238], [-119.790504690359, 36.7178070351238], [-119.790718689721, 36.7178070351238], [-119.790722689919, 36.7181740347599], [-119.790733689789, 36.7190870351126], [-119.790748689858, 36.7192760348418], [-119.790753689881, 36.7193320351256], [-119.79084068992, 36.7196320349737], [-119.79092169011, 36.7198240352985], [-119.790952690073, 36.7198900346692], [-119.790983690035, 36.7199560347033], [-119.791071689898, 36.7201060353554], [-119.791295690204, 36.7203960349216], [-119.791448690365, 36.7205720351672], [-119.791633690313, 36.7207860350698], [-119.791501690069, 36.7208810351383]]]}, "properties": {"GEOID": "060190011002023", "P0010001": 103, "ALAND": 47002, "AWATER": 0}}, {"type": "Feature", "geometry": {"type": "Polygon", "coordinates": [[[-119.790730689416, 36.716339034888], [-119.790721690094, 36.7174400351745], [-119.790718689721, 36.7178070351238], [-119.790504690359, 36.7178070351238], [-119.789865689053, 36.7178070351238], [-119.789652688618, 36.7178070351238], [-119.789648689318, 36.7174420348474], [-119.789639689097, 36.716350035046], [-119.789636688724, 36.7159860352633], [-119.789855689007, 36.715983035337], [-119.790514688608, 36.7159750350531], [-119.790734688716, 36.715973035342], [-119.790730689416, 36.716339034888]]]}, "properties": {"GEOID": "060190011002024", "P0010001": 56, "ALAND": 19608, "AWATER": 0}}, {"type": "Feature", "geometry": {"type": "Polygon", "coordinates": [[[-119.789652688618, 36.7178070351238], [-119.789425688837, 36.7178080353155], [-119.788744688596, 36.7178100349788], [-119.788518688641, 36.7178120346421], [-119.788518688641, 36.7174460349131], [-119.788518688641, 36.716350035046], [-119.788518688641, 36.7159850350478], [-119.788741689122, 36.7159850350478], [-119.789412689316, 36.7159850350478], [-119.789636688724, 36.7159860352633], [-119.789639689097, 36.716350035046], [-119.789648689318, 36.7174420348474], [-119.789652688618, 36.7178070351238]]]}, "properties": {"GEOID": "060190011002025", "P0010001": 110, "ALAND": 20355, "AWATER": 0}}, {"type": "Feature", "geometry": {"type": "Polygon", "coordinates": [[[-119.788518688641, 36.716350035046], [-119.788518688641, 36.7174460349131], [-119.788518688641, 36.7178120346421], [-119.78829168886, 36.7178100349788], [-119.787613688992, 36.7178040352687], [-119.787387689037, 36.7178030350769], [-119.787387689037, 36.7174430350439], [-119.787389688686, 36.716362034693], [-119.78739068941, 36.7160030353231], [-119.787615688642, 36.7159990351823], [-119.788292688685, 36.715988034974], [-119.788518688641, 36.7159850350478], [-119.788518688641, 36.716350035046]]]}, "properties": {"GEOID": "060190011002026", "P0010001": 80, "ALAND": 20315, "AWATER": 0}}, {"type": "Feature", "geometry": {"type": "Polygon", "coordinates": [[[-119.787389688686, 36.716362034693], [-119.787387689037, 36.7174430350439], [-119.787387689037, 36.7178030350769], [-119.787164688556, 36.7178020348851], [-119.786497688559, 36.7177990350298], [-119.786275688801, 36.717798034838], [-119.786273689151, 36.7174360351085], [-119.786269688953, 36.716350035046], [-119.786268689128, 36.715988034974], [-119.786492689434, 36.7159910349001], [-119.787165689279, 36.7160000346775], [-119.78739068941, 36.7160030353231], [-119.787389688686, 36.716362034693]]]}, "properties": {"GEOID": "060190011002027", "P0010001": 79, "ALAND": 19989, "AWATER": 0}}, {"type": "Feature", "geometry": {"type": "Polygon", "coordinates": [[[-119.786275688801, 36.717798034838], [-119.78614468928, 36.7178010346933], [-119.785754689292, 36.7178120346421], [-119.785719689132, 36.7178140350254], [-119.785627689071, 36.7177970346461], [-119.785569689344, 36.7177550352179], [-119.785429688704, 36.7174760350391], [-119.785182688832, 36.7169800348594], [-119.785135688976, 36.7167050348504], [-119.785141688824, 36.7163880351218], [-119.78514968922, 36.7160050350334], [-119.785372688803, 36.7160010348927], [-119.786044688822, 36.7159910349001], [-119.786268689128, 36.715988034974], [-119.786269688953, 36.716350035046], [-119.786273689151, 36.7174360351085], [-119.786275688801, 36.717798034838]]]}, "properties": {"GEOID": "060190011002028", "P0010001": 87, "ALAND": 18188, "AWATER": 0}}, {"type": "Feature", "geometry": {"type": "Polygon", "coordinates": [[[-119.786268689128, 36.715988034974], [-119.786044688822, 36.7159910349001], [-119.785372688803, 36.7160010348927], [-119.78514968922, 36.7160050350334], [-119.785147687773, 36.7156310350167], [-119.785141687926, 36.714511035313], [-119.785140688101, 36.7141380347436], [-119.785363687683, 36.7141380347436], [-119.786034687878, 36.7141400352226], [-119.786258689082, 36.7141410347419], [-119.786260688732, 36.7145100350784], [-119.78626668858, 36.7156180350354], [-119.786268689128, 36.715988034974]]]}, "properties": {"GEOID": "060190011002029", "P0010001": 108, "ALAND": 20601, "AWATER": 0}}, {"type": "Feature", "geometry": {"type": "Polygon", "coordinates": [[[-119.78514968922, 36.7160050350334], [-119.784787687923, 36.7160070347437], [-119.784578687686, 36.716009035174], [-119.784604687625, 36.7152140350173], [-119.784703688258, 36.7141360349848], [-119.785140688101, 36.7141380347436], [-119.785141687926, 36.714511035313], [-119.785147687773, 36.7156310350167], [-119.78514968922, 36.7160050350334]]]}, "properties": {"GEOID": "060190011002030", "P0010001": 0, "ALAND": 9587, "AWATER": 0}}, {"type": "Feature", "geometry": {"type": "Polygon", "coordinates": [[[-119.784703688258, 36.7141360349848], [-119.784604687625, 36.7152140350173], [-119.784578687686, 36.716009035174], [-119.784274687912, 36.7160120350992], [-119.784274687912, 36.7148030348598], [-119.784295687829, 36.7141360349848], [-119.784657688227, 36.7141360349848], [-119.784703688258, 36.7141360349848]]]}, "properties": {"GEOID": "060190011002031", "P0010001": 0, "ALAND": 6490, "AWATER": 0}}, {"type": "Feature", "geometry": {"type": "Polygon", "coordinates": [[[-119.784748689362, 36.7175870351155], [-119.784439688667, 36.7172590346795], [-119.784399687586, 36.716968035309], [-119.784375688195, 36.7168010351304], [-119.784274687912, 36.7160120350992], [-119.784578687686, 36.716009035174], [-119.784683689064, 36.7170800348805], [-119.784748689362, 36.7175870351155]]]}, "properties": {"GEOID": "060190011002032", "P0010001": 0, "ALAND": 3961, "AWATER": 0}}, {"type": "Feature", "geometry": {"type": "Polygon", "coordinates": [[[-119.784834688677, 36.7180030350063], [-119.784706688631, 36.7178770348307], [-119.784531688729, 36.7177110346608], [-119.784500688766, 36.7175550346429], [-119.784469688804, 36.7173820352771], [-119.784439688667, 36.7172590346795], [-119.784748689362, 36.7175870351155], [-119.784807688913, 36.7178640352294], [-119.784834688677, 36.7180030350063]]]}, "properties": {"GEOID": "060190011002033", "P0010001": 0, "ALAND": 1034, "AWATER": 0}}, {"type": "Feature", "geometry": {"type": "Polygon", "coordinates": [[[-119.790747689135, 36.7145210347782], [-119.790741689287, 36.7150830348922], [-119.790737689089, 36.7156100347134], [-119.790734688716, 36.715973035342], [-119.790514688608, 36.7159750350531], [-119.789855689007, 36.715983035337], [-119.789636688724, 36.7159860352633], [-119.789412689316, 36.7159850350478], [-119.788741689122, 36.7159850350478], [-119.788518688641, 36.7159850350478], [-119.788518688641, 36.7156180350354], [-119.788518688641, 36.715091035269], [-119.788518688641, 36.7145190350293], [-119.788519689364, 36.7141530347339], [-119.788743688771, 36.7141540349732], [-119.789415688791, 36.7141590347292], [-119.789639689097, 36.7141610352076], [-119.789861688855, 36.7141600349684], [-119.790528688852, 36.7141590347292], [-119.790751689333, 36.7141590347292], [-119.790747689135, 36.7145210347782]]]}, "properties": {"GEOID": "060190011002034", "P0010001": 135, "ALAND": 40214, "AWATER": 0}}, {"type": "Feature", "geometry": {"type": "Polygon", "coordinates": [[[-119.788518688641, 36.7145190350293], [-119.788518688641, 36.715091035269], [-119.788518688641, 36.7156180350354], [-119.788518688641, 36.7159850350478], [-119.788292688685, 36.715988034974], [-119.787615688642, 36.7159990351823], [-119.78739068941, 36.7160030353231], [-119.787392689059, 36.7141450349795], [-119.78761768919, 36.7141460352189], [-119.788293689408, 36.7141510349754], [-119.788519689364, 36.7141530347339], [-119.788518688641, 36.7145190350293]]]}, "properties": {"GEOID": "060190011002035", "P0010001": 23, "ALAND": 20617, "AWATER": 0}}, {"type": "Feature", "geometry": {"type": "Polygon", "coordinates": [[[-119.78739068941, 36.7160030353231], [-119.787165689279, 36.7160000346775], [-119.786492689434, 36.7159910349001], [-119.786268689128, 36.715988034974], [-119.78626668858, 36.7156180350354], [-119.786260688732, 36.7145100350784], [-119.786258689082, 36.7141410347419], [-119.786484689038, 36.7141410347419], [-119.787165689279, 36.7141440347401], [-119.787392689059, 36.7141450349795], [-119.78739068941, 36.7160030353231]]]}, "properties": {"GEOID": "060190011002036", "P0010001": 0, "ALAND": 20722, "AWATER": 0}}, {"type": "Feature", "geometry": {"type": "Polygon", "coordinates": [[[-119.781768688307, 36.7199280358741], [-119.78157068794, 36.7195100359881], [-119.78145068829, 36.7193320358457], [-119.781422687802, 36.7193040360689], [-119.781305687626, 36.7191880361649], [-119.781196687846, 36.7190950357926], [-119.781164688059, 36.7190680361047], [-119.780511688306, 36.718481036091], [-119.780283687802, 36.7182760357582], [-119.780179688045, 36.718182036255], [-119.779868687701, 36.7179030361868], [-119.779765687768, 36.7178100356989], [-119.779486688109, 36.7175590361428], [-119.778652687708, 36.7168070363591], [-119.7783756868, 36.7165570358941], [-119.778241686906, 36.7164340361358], [-119.777841686873, 36.7160680363223], [-119.777708686803, 36.715946035997], [-119.777253687417, 36.7155290362673], [-119.776818687224, 36.7151300361941], [-119.77637468681, 36.714722036283], [-119.775976687325, 36.7145020360812], [-119.775788687004, 36.7144280359569], [-119.775205686673, 36.7142300358381], [-119.77537968675, 36.71422303633], [-119.775904687355, 36.7142060358763], [-119.776079687257, 36.7142010361234], [-119.777251686869, 36.7152560358347], [-119.780767688399, 36.7184230362596], [-119.781300687603, 36.7189030358058], [-119.781929687965, 36.7194910356447], [-119.781768688307, 36.7199280358741]]]}, "properties": {"GEOID": "060190011002037", "P0010001": 0, "ALAND": 18329, "AWATER": 0}}, {"type": "Feature", "geometry": {"type": "Polygon", "coordinates": [[[-119.779765687768, 36.7178100356989], [-119.779483687736, 36.7178100356989], [-119.778638688362, 36.7178120360822], [-119.778357688155, 36.7178140357454], [-119.77836068763, 36.7175620360075], [-119.778371688399, 36.7168080358437], [-119.7783756868, 36.7165570358941], [-119.778652687708, 36.7168070363591], [-119.779486688109, 36.7175590361428], [-119.779765687768, 36.7178100356989]]]}, "properties": {"GEOID": "060190011002038", "P0010001": 36, "ALAND": 8762, "AWATER": 0}}, {"type": "Feature", "geometry": {"type": "Polygon", "coordinates": [[[-119.780297688046, 36.7193140363504], [-119.779667687859, 36.7193010362722], [-119.779073687657, 36.7187700358524], [-119.778858687572, 36.7185730363049], [-119.778215687865, 36.7179830362609], [-119.778001687605, 36.7177870363274], [-119.77804668781, 36.7177880357993], [-119.778182688253, 36.7177940362308], [-119.778228688284, 36.7177960358944], [-119.778253688398, 36.7177990357499], [-119.778331688216, 36.7178100356989], [-119.778357688155, 36.7178140357454], [-119.778638688362, 36.7178120360822], [-119.779483687736, 36.7178100356989], [-119.779765687768, 36.7178100356989], [-119.779868687701, 36.7179030361868], [-119.780179688045, 36.718182036255], [-119.780283687802, 36.7182760357582], [-119.78028568835, 36.7184830357369], [-119.780294687673, 36.7191060362761], [-119.780297688046, 36.7193140363504]]]}, "properties": {"GEOID": "060190011002039", "P0010001": 0, "ALAND": 20245, "AWATER": 0}}, {"type": "Feature", "geometry": {"type": "Polygon", "coordinates": [[[-119.778371688399, 36.7168080358437], [-119.77836068763, 36.7175620360075], [-119.778357688155, 36.7178140357454], [-119.778331688216, 36.7178100356989], [-119.778253688398, 36.7177990357499], [-119.778228688284, 36.7177960358944], [-119.778182688253, 36.7177940362308], [-119.77804668781, 36.7177880357993], [-119.778001687605, 36.7177870363274], [-119.777923687787, 36.7177160363456], [-119.777678686666, 36.7174940356852], [-119.777598687198, 36.7174220359559], [-119.77727368661, 36.7171280358812], [-119.776301687015, 36.716249036023], [-119.776187687212, 36.7161460357205], [-119.776076686884, 36.7160320357979], [-119.775984686822, 36.7159500361406], [-119.776328686779, 36.7159480357088], [-119.777363687022, 36.715946035997], [-119.777708686803, 36.715946035997], [-119.777841686873, 36.7160680363223], [-119.778241686906, 36.7164340361358], [-119.7783756868, 36.7165570358941], [-119.778371688399, 36.7168080358437]]]}, "properties": {"GEOID": "060190011002040", "P0010001": 16, "ALAND": 23251, "AWATER": 0}}, {"type": "Feature", "geometry": {"type": "Polygon", "coordinates": [[[-119.781422687802, 36.7193040360689], [-119.781197687671, 36.7193060356933], [-119.780521688352, 36.7193120360062], [-119.780297688046, 36.7193140363504], [-119.780294687673, 36.7191060362761], [-119.78028568835, 36.7184830357369], [-119.780283687802, 36.7182760357582], [-119.780511688306, 36.718481036091], [-119.781164688059, 36.7190680361047], [-119.781196687846, 36.7190950357926], [-119.781305687626, 36.7191880361649], [-119.781422687802, 36.7193040360689]]]}, "properties": {"GEOID": "060190011002041", "P0010001": 0, "ALAND": 5823, "AWATER": 0}}, {"type": "Feature", "geometry": {"type": "Polygon", "coordinates": [[[-119.777363687022, 36.715946035997], [-119.776328686779, 36.7159480357088], [-119.775984686822, 36.7159500361406], [-119.775594686835, 36.7156010363305], [-119.774427687246, 36.7145570360107], [-119.774038687084, 36.7142090358719], [-119.774271686712, 36.714213036106], [-119.774971687219, 36.7142250360867], [-119.775205686673, 36.7142300358381], [-119.775788687004, 36.7144280359569], [-119.775976687325, 36.7145020360812], [-119.77637468681, 36.714722036283], [-119.776818687224, 36.7151300361941], [-119.777253687417, 36.7155290362673], [-119.777708686803, 36.715946035997], [-119.777363687022, 36.715946035997]]]}, "properties": {"GEOID": "060190011002042", "P0010001": 51, "ALAND": 28743, "AWATER": 0}}, {"type": "Feature", "geometry": {"type": "Polygon", "coordinates": [[[-119.777563687038, 36.7174530362877], [-119.777460687106, 36.7175490363529], [-119.777426686771, 36.717581036108], [-119.777156687333, 36.7173340358752], [-119.776346687221, 36.7165950358674], [-119.776076686884, 36.7163490362755], [-119.775608687079, 36.715921036355], [-119.77420568659, 36.7146370359687], [-119.773822687174, 36.7142860361999], [-119.773738685711, 36.7142090358719], [-119.773797686161, 36.7142090358719], [-119.773822686275, 36.7142100361105], [-119.773977686984, 36.7142090358719], [-119.774038687084, 36.7142090358719], [-119.774427687246, 36.7145570360107], [-119.775594686835, 36.7156010363305], [-119.775984686822, 36.7159500361406], [-119.776076686884, 36.7160320357979], [-119.776187687212, 36.7161460357205], [-119.776301687015, 36.716249036023], [-119.77727368661, 36.7171280358812], [-119.777598687198, 36.7174220359559], [-119.777563687038, 36.7174530362877]]]}, "properties": {"GEOID": "060190011002043", "P0010001": 0, "ALAND": 10796, "AWATER": 0}}, {"type": "Feature", "geometry": {"type": "Polygon", "coordinates": [[[-119.779072687832, 36.7188280361419], [-119.779072687832, 36.7190020360276], [-119.779072687832, 36.7190610363174], [-119.778741688295, 36.7187660358556], [-119.777750688433, 36.7178810363138], [-119.777426686771, 36.717581036108], [-119.777460687106, 36.7175490363529], [-119.777563687038, 36.7174530362877], [-119.777598687198, 36.7174220359559], [-119.777678686666, 36.7174940356852], [-119.777923687787, 36.7177160363456], [-119.778001687605, 36.7177870363274], [-119.778215687865, 36.7179830362609], [-119.778858687572, 36.7185730363049], [-119.779073687657, 36.7187700358524], [-119.779072687832, 36.7188280361419]]]}, "properties": {"GEOID": "060190011002044", "P0010001": 0, "ALAND": 4793, "AWATER": 0}}, {"type": "Feature", "geometry": {"type": "Polygon", "coordinates": [[[-119.778358687082, 36.7158070360985], [-119.776959686791, 36.7145480360642], [-119.776932687027, 36.7141900356575], [-119.777893686751, 36.7141790359103], [-119.778347687211, 36.7141740347154], [-119.778349686861, 36.7145650357222], [-119.778357687257, 36.7157410361001], [-119.778358687082, 36.7158070360985]]]}, "properties": {"GEOID": "060190011002045", "P0010001": 5, "ALAND": 13763, "AWATER": 0}}, {"type": "Feature", "geometry": {"type": "Polygon", "coordinates": [[[-119.779473686792, 36.7145470351099], [-119.77947368769, 36.7156550359735], [-119.77947368769, 36.716025035734], [-119.779295688313, 36.7160280356585], [-119.778761686589, 36.7160380356464], [-119.778584687037, 36.7160420357852], [-119.778358687082, 36.7158070360985], [-119.778357687257, 36.7157410361001], [-119.778349686861, 36.7145650357222], [-119.778347687211, 36.7141740347154], [-119.778572687342, 36.7141740347154], [-119.779248686661, 36.7141770347123], [-119.779474686617, 36.7141780349513], [-119.779473686792, 36.7145470351099]]]}, "properties": {"GEOID": "060190011002046", "P0010001": 14, "ALAND": 20390, "AWATER": 0}}, {"type": "Feature", "geometry": {"type": "Polygon", "coordinates": [[[-119.780603688368, 36.7160130360344], [-119.780376687689, 36.7160150357444], [-119.779698687821, 36.7160220358092], [-119.77947368769, 36.716025035734], [-119.77947368769, 36.7156550359735], [-119.779473686792, 36.7145470351099], [-119.779474686617, 36.7141780349513], [-119.780592687599, 36.7141740347154], [-119.780594688147, 36.7144600348516], [-119.780595687972, 36.7147700351566], [-119.78060168782, 36.7157020347652], [-119.780603688368, 36.7160130360344]]]}, "properties": {"GEOID": "060190011002047", "P0010001": 4, "ALAND": 20538, "AWATER": 0}}, {"type": "Feature", "geometry": {"type": "Polygon", "coordinates": [[[-119.784414688553, 36.7172310348671], [-119.783952687697, 36.7167500347491], [-119.781721687553, 36.7145090348437], [-119.781395688038, 36.7141710347184], [-119.781721687553, 36.7141680347213], [-119.78193068779, 36.7141690349603], [-119.783436688211, 36.7141330349863], [-119.783443687884, 36.7142450350903], [-119.783443687884, 36.7145330347108], [-119.783445688432, 36.715616035315], [-119.783468687998, 36.7156450352157], [-119.783526687725, 36.7157010352661], [-119.783738688335, 36.7159040348368], [-119.78377468832, 36.7160050350334], [-119.783975688162, 36.7160070347437], [-119.784274687912, 36.7160120350992], [-119.784375688195, 36.7168010351304], [-119.784399687586, 36.716968035309], [-119.784439688667, 36.7172590346795], [-119.784414688553, 36.7172310348671]]]}, "properties": {"GEOID": "060190011002048", "P0010001": 6, "ALAND": 28353, "AWATER": 0}}, {"type": "Feature", "geometry": {"type": "Polygon", "coordinates": [[[-119.784274687912, 36.7148030348598], [-119.784274687912, 36.7160120350992], [-119.783975688162, 36.7160070347437], [-119.78377468832, 36.7160050350334], [-119.783738688335, 36.7159040348368], [-119.783526687725, 36.7157010352661], [-119.783468687998, 36.7156450352157], [-119.783445688432, 36.715616035315], [-119.783443687884, 36.7145330347108], [-119.783443687884, 36.7142450350903], [-119.783436688211, 36.7141330349863], [-119.784250687623, 36.7141360349848], [-119.784295687829, 36.7141360349848], [-119.784274687912, 36.7148030348598]]]}, "properties": {"GEOID": "060190011002049", "P0010001": 0, "ALAND": 14761, "AWATER": 0}}, {"type": "Feature", "geometry": {"type": "Polygon", "coordinates": [[[-119.753579684049, 36.7214090378119], [-119.75342068404, 36.7214090378119], [-119.75310868387, 36.7214090378119], [-119.752730683579, 36.7214030376627], [-119.751964683848, 36.7213910380832], [-119.751596683602, 36.7213950379432], [-119.751218684208, 36.721400037948], [-119.750757684076, 36.721400037948], [-119.74937468278, 36.721400037948], [-119.748913682648, 36.721400037948], [-119.748246682651, 36.7213970382332], [-119.746245682661, 36.7213900379381], [-119.745578682664, 36.721388037648], [-119.745578682664, 36.7211530377544], [-119.745580683212, 36.7206650380716], [-119.745582682862, 36.7201230381039], [-119.745583681788, 36.7195310381055], [-119.745586682161, 36.7188500379039], [-119.745588681811, 36.7184990379417], [-119.745591682184, 36.7177770380073], [-119.745789681653, 36.7177760378153], [-119.746385682403, 36.7177750383432], [-119.746520682122, 36.7177750383432], [-119.746584681696, 36.7177720377667], [-119.746762681971, 36.7177710382946], [-119.747298683345, 36.7177710382946], [-119.747424682843, 36.7177710382946], [-119.747477683445, 36.717768037718], [-119.748014682847, 36.7177640376691], [-119.749629683048, 36.7177530377135], [-119.750167683174, 36.7177500378562], [-119.750757683177, 36.7177470379989], [-119.752530682664, 36.7177420377563], [-119.753121684289, 36.7177410382838], [-119.753431683911, 36.7177400380912], [-119.753571683653, 36.7177400380912], [-119.753579684049, 36.7214090378119]]]}, "properties": {"GEOID": "060190012011000", "P0010001": 49, "ALAND": 288499, "AWATER": 0}}, {"type": "Feature", "geometry": {"type": "Polygon", "coordinates": [[[-119.754676684216, 36.7212910379139], [-119.754673683843, 36.7213570381842], [-119.754672684018, 36.7213670381984], [-119.754672684018, 36.7213980376582], [-119.754672684018, 36.7214090378119], [-119.754359684023, 36.7214090378119], [-119.753579684049, 36.7214090378119], [-119.753571683653, 36.7177400380912], [-119.754364684046, 36.7177520368009], [-119.754675684391, 36.7177570370429], [-119.754675684391, 36.7184770382395], [-119.754675684391, 36.7206370380607], [-119.754676684216, 36.7212910379139]]]}, "properties": {"GEOID": "060190012011001", "P0010001": 0, "ALAND": 39921, "AWATER": 0}}, {"type": "Feature", "geometry": {"type": "Polygon", "coordinates": [[[-119.76367868461, 36.7145180369551], [-119.763669685287, 36.7156230368564], [-119.763667684739, 36.7159910370603], [-119.762966685306, 36.7159870369189], [-119.762530685287, 36.7159860367035], [-119.760863685208, 36.7159920372757], [-119.760461684627, 36.7159940369862], [-119.760271683758, 36.7160130367545], [-119.760226683552, 36.7160460366439], [-119.760199683788, 36.7160900367145], [-119.760202685059, 36.7168610373147], [-119.760267685356, 36.7169160369955], [-119.760880684926, 36.7169170371988], [-119.762975684628, 36.716922036775], [-119.76367468531, 36.7169240371815], [-119.763668684564, 36.7170240372754], [-119.763668684564, 36.7170910370927], [-119.763668684564, 36.7175950366717], [-119.763668684564, 36.717764036949], [-119.762665685007, 36.7177670368057], [-119.759659684911, 36.717775036903], [-119.75865768428, 36.7177790369514], [-119.758844683878, 36.7179040370974], [-119.759021685226, 36.7180650373486], [-119.759049684815, 36.7181470369086], [-119.759100684869, 36.7182960373075], [-119.759129685181, 36.7185120367155], [-119.759129685181, 36.7190150368765], [-119.759132684656, 36.7197920371979], [-119.759133685379, 36.7199350370225], [-119.756904683987, 36.7199420367301], [-119.756903684162, 36.7209970382461], [-119.756903684162, 36.7212850377555], [-119.756899684862, 36.7213630383369], [-119.756898685037, 36.7213970382332], [-119.756452684075, 36.7213990378031], [-119.755117684257, 36.7214060380973], [-119.754672684018, 36.7214090378119], [-119.754672684018, 36.7213980376582], [-119.754672684018, 36.7213670381984], [-119.754673683843, 36.7213570381842], [-119.754676684216, 36.7212910379139], [-119.754675684391, 36.7206370380607], [-119.754675684391, 36.7184770382395], [-119.754675684391, 36.7177570370429], [-119.754676684216, 36.7170330369318], [-119.75468168334, 36.7148610367043], [-119.754684682815, 36.714138036904], [-119.754816683059, 36.7141530368943], [-119.75493468306, 36.7141530368943], [-119.755689683819, 36.7141570371312], [-119.755941683714, 36.7141590368896], [-119.756197683807, 36.7141600371288], [-119.756967683736, 36.7141630371262], [-119.757224683654, 36.7141640366452], [-119.757482684295, 36.7141640366452], [-119.758256684422, 36.7141670366425], [-119.75851568399, 36.7141680368816], [-119.759206684276, 36.7141750371147], [-119.759548683684, 36.7141730373568], [-119.762647684565, 36.714156036892], [-119.763681684983, 36.7141510356955], [-119.76367868461, 36.7145180369551]]]}, "properties": {"GEOID": "060190012011002", "P0010001": 34, "ALAND": 387044, "AWATER": 29829}}, {"type": "Feature", "geometry": {"type": "Polygon", "coordinates": [[[-119.763669686186, 36.7209580366993], [-119.763669686186, 36.7212640368378], [-119.763669686186, 36.7212930367664], [-119.76366168579, 36.721366037333], [-119.763171686243, 36.721366037333], [-119.761701684909, 36.7213680369037], [-119.761212685187, 36.7213700371944], [-119.760695684978, 36.7213390370033], [-119.760011685263, 36.7212980367778], [-119.759658685086, 36.7211780371338], [-119.759453685046, 36.7210220369562], [-119.759321684802, 36.7208240372715], [-119.759283685167, 36.7207680373553], [-119.759135685029, 36.7203440367683], [-119.759133685379, 36.7199350370225], [-119.759132684656, 36.7197920371979], [-119.759129685181, 36.7190150368765], [-119.759129685181, 36.7185120367155], [-119.759100684869, 36.7182960373075], [-119.759049684815, 36.7181470369086], [-119.759021685226, 36.7180650373486], [-119.758844683878, 36.7179040370974], [-119.75865768428, 36.7177790369514], [-119.759659684911, 36.717775036903], [-119.762665685007, 36.7177670368057], [-119.763668684564, 36.717764036949], [-119.763668684564, 36.71796403698], [-119.763668684564, 36.7184570367372], [-119.763668684564, 36.718564036829], [-119.763668684564, 36.7187650371165], [-119.763668684564, 36.7191830367362], [-119.763668686361, 36.7204370370686], [-119.763669686186, 36.7208560371023], [-119.763669686186, 36.7209580366993]]]}, "properties": {"GEOID": "060190012011003", "P0010001": 0, "ALAND": 159360, "AWATER": 0}}, {"type": "Feature", "geometry": {"type": "Polygon", "coordinates": [[[-119.761212685187, 36.7213700371944], [-119.760349685372, 36.7213710373397], [-119.757761684853, 36.7213750379208], [-119.757694684905, 36.7213760380661], [-119.756899684862, 36.7213630383369], [-119.756903684162, 36.7212850377555], [-119.756903684162, 36.7209970382461], [-119.756904683987, 36.7199420367301], [-119.759133685379, 36.7199350370225], [-119.759135685029, 36.7203440367683], [-119.759283685167, 36.7207680373553], [-119.759321684802, 36.7208240372715], [-119.759453685046, 36.7210220369562], [-119.759658685086, 36.7211780371338], [-119.760011685263, 36.7212980367778], [-119.760695684978, 36.7213390370033], [-119.761212685187, 36.7213700371944]]]}, "properties": {"GEOID": "060190012011004", "P0010001": 10, "ALAND": 35184, "AWATER": 0}}, {"type": "Feature", "geometry": {"type": "Polygon", "coordinates": [[[-119.76367468531, 36.7169240371815], [-119.762975684628, 36.716922036775], [-119.760880684926, 36.7169170371988], [-119.760267685356, 36.7169160369955], [-119.760202685059, 36.7168610373147], [-119.760199683788, 36.7160900367145], [-119.760226683552, 36.7160460366439], [-119.760271683758, 36.7160130367545], [-119.760461684627, 36.7159940369862], [-119.760863685208, 36.7159920372757], [-119.762530685287, 36.7159860367035], [-119.762966685306, 36.7159870369189], [-119.763667684739, 36.7159910370603], [-119.763668684564, 36.7161770372872], [-119.763672684762, 36.7167370371174], [-119.76367468531, 36.7169240371815]]]}, "properties": {"GEOID": "060190012011005", "P0010001": 49, "ALAND": 31923, "AWATER": 0}}, {"type": "Feature", "geometry": {"type": "Polygon", "coordinates": [[[-119.76366168579, 36.7213930369332], [-119.763242686388, 36.7213930369332], [-119.761988684964, 36.7213930369332], [-119.761570685388, 36.7213930369332], [-119.761519685334, 36.7213930369332], [-119.761369684648, 36.7213940370782], [-119.761320685142, 36.7213950372232], [-119.760435684687, 36.721399037083], [-119.758804684593, 36.7214070382422], [-119.757782684769, 36.721413037671], [-119.75735968517, 36.7214160381052], [-119.756898685037, 36.7213970382332], [-119.756899684862, 36.7213630383369], [-119.757694684905, 36.7213760380661], [-119.757761684853, 36.7213750379208], [-119.760349685372, 36.7213710373397], [-119.761212685187, 36.7213700371944], [-119.761701684909, 36.7213680369037], [-119.763171686243, 36.721366037333], [-119.76366168579, 36.721366037333], [-119.76366168579, 36.7213930369332]]]}, "properties": {"GEOID": "060190012011006", "P0010001": 0, "ALAND": 2051, "AWATER": 0}}, {"type": "Feature", "geometry": {"type": "Polygon", "coordinates": [[[-119.768102686162, 36.7214090370918], [-119.767877686031, 36.7214070368021], [-119.767202685638, 36.7214010366528], [-119.766977686405, 36.721400037228], [-119.766765685795, 36.7214020367978], [-119.766130685585, 36.721408036947], [-119.765919685698, 36.7214110366613], [-119.765799686047, 36.7214110366613], [-119.765693685742, 36.7214100372366], [-119.7650166857, 36.7214090370918], [-119.764791685569, 36.7214090370918], [-119.764607686344, 36.7214040370876], [-119.764058686348, 36.7213970367931], [-119.76387568605, 36.7213840370675], [-119.763832686392, 36.7213850372127], [-119.763703685623, 36.7213900372181], [-119.76366168579, 36.7213930369332], [-119.76366168579, 36.721366037333], [-119.763704686346, 36.7213630368968], [-119.763756686224, 36.721361037326], [-119.763835685867, 36.721361037326], [-119.763879686248, 36.7213620367514], [-119.764061685823, 36.7213630368968], [-119.764608686169, 36.7213680369037], [-119.764791685569, 36.7213700371944], [-119.7650166857, 36.7213710373397], [-119.765693685742, 36.7213760373461], [-119.765832685659, 36.7213770367712], [-119.765919685698, 36.7213810373521], [-119.76612968576, 36.7213790370617], [-119.766760685772, 36.7213760373461], [-119.766971685659, 36.7213750372008], [-119.767197685615, 36.7213740370555], [-119.767875686381, 36.721372036765], [-119.767993686382, 36.721372036765], [-119.768102686162, 36.7213680369037], [-119.768102686162, 36.7214090370918]]]}, "properties": {"GEOID": "060190012011007", "P0010001": 0, "ALAND": 1403, "AWATER": 0}}, {"type": "Feature", "geometry": {"type": "Polygon", "coordinates": [[[-119.769637686895, 36.7209050373351], [-119.769633686697, 36.7212510370896], [-119.769632686872, 36.721366037333], [-119.769552687404, 36.721366037333], [-119.769314686855, 36.721366037333], [-119.769235687212, 36.7213670367584], [-119.769235687212, 36.7214040370876], [-119.769236687037, 36.7214140370956], [-119.769009686358, 36.7214130369509], [-119.768328686117, 36.7214100372366], [-119.768102686162, 36.7214090370918], [-119.768102686162, 36.7213680369037], [-119.767993686382, 36.721372036765], [-119.767875686381, 36.721372036765], [-119.767197685615, 36.7213740370555], [-119.766971685659, 36.7213750372008], [-119.767031685934, 36.7212800370232], [-119.767395685982, 36.7210040371368], [-119.767449686408, 36.7209640368832], [-119.767828685627, 36.7208320370504], [-119.769069685734, 36.7208030369477], [-119.769639687443, 36.7207910372744], [-119.769637686895, 36.7209050373351]]]}, "properties": {"GEOID": "060190012011008", "P0010001": 0, "ALAND": 13325, "AWATER": 0}}, {"type": "Feature", "geometry": {"type": "Polygon", "coordinates": [[[-119.772685686824, 36.721372036765], [-119.772685686824, 36.7214130369509], [-119.772685686824, 36.7214270368162], [-119.772633686945, 36.7214270368162], [-119.772480686784, 36.7214270368162], [-119.77242968673, 36.7214270368162], [-119.772349687263, 36.7214270368162], [-119.772109687063, 36.7214300372499], [-119.772030687421, 36.7214320368189], [-119.771516686686, 36.721425037247], [-119.769977686653, 36.7214060366573], [-119.769464686642, 36.721400037228], [-119.769418686612, 36.7214020367978], [-119.769281687243, 36.7214100372366], [-119.769236687037, 36.7214140370956], [-119.769235687212, 36.7214040370876], [-119.769235687212, 36.7213670367584], [-119.769314686855, 36.721366037333], [-119.769552687404, 36.721366037333], [-119.769632686872, 36.721366037333], [-119.770000687118, 36.721369037049], [-119.771105686783, 36.7213780369165], [-119.771474686854, 36.7213820367772], [-119.771586687007, 36.7213830369224], [-119.771896686628, 36.7213860373578], [-119.771922686567, 36.7213840370675], [-119.772035687443, 36.7213790370617], [-119.772114687086, 36.7213760373461], [-119.772354687286, 36.721369037049], [-119.772434686753, 36.7213670367584], [-119.772484686982, 36.7213650371876], [-119.772635686595, 36.7213600371806], [-119.772686686648, 36.7213590370351], [-119.772685686824, 36.721372036765]]]}, "properties": {"GEOID": "060190012011009", "P0010001": 0, "ALAND": 1502, "AWATER": 0}}, {"type": "Feature", "geometry": {"type": "Polygon", "coordinates": [[[-119.775034686968, 36.7214320360989], [-119.774564686615, 36.7214300358098], [-119.773154687352, 36.7214270368162], [-119.773140687108, 36.7214270368162], [-119.772685686824, 36.7214270368162], [-119.772685686824, 36.7214130369509], [-119.772685686824, 36.721372036765], [-119.772686686648, 36.7213590370351], [-119.772716686786, 36.721361037326], [-119.772809686672, 36.7213670367584], [-119.772840686634, 36.721369037049], [-119.772910686954, 36.7213730369102], [-119.774060686825, 36.7213790363416], [-119.775033687143, 36.7213850357725], [-119.775034686968, 36.7214320360989]]]}, "properties": {"GEOID": "060190012011010", "P0010001": 0, "ALAND": 1191, "AWATER": 0}}, {"type": "Feature", "geometry": {"type": "Polygon", "coordinates": [[[-119.779071688007, 36.7191590361615], [-119.779070688183, 36.7194560361745], [-119.779070688183, 36.7195550356837], [-119.779068687634, 36.7199220363293], [-119.77906568816, 36.7210240358158], [-119.77906568816, 36.7211380362507], [-119.779045688068, 36.7213910359231], [-119.779024688152, 36.7213910359231], [-119.778965687702, 36.7213910359231], [-119.778945687611, 36.7213910359231], [-119.77772368777, 36.7213910359231], [-119.777696688006, 36.7213920360681], [-119.777695688181, 36.7214280362407], [-119.777424688019, 36.7214290356653], [-119.776614687908, 36.7214340356678], [-119.776344687571, 36.7214370361012], [-119.776081687805, 36.7214360359568], [-119.775295687084, 36.7214330362434], [-119.775034686968, 36.7214320360989], [-119.775033687143, 36.7213850357725], [-119.774060686825, 36.7213790363416], [-119.772910686954, 36.7213730369102], [-119.772840686634, 36.721369037049], [-119.772809686672, 36.7213670367584], [-119.772716686786, 36.721361037326], [-119.772686686648, 36.7213590370351], [-119.772682687349, 36.7206540356512], [-119.772676686603, 36.7196750357032], [-119.772670686755, 36.7185390358787], [-119.77266768728, 36.7178350361663], [-119.772894687061, 36.7178300359295], [-119.773578686776, 36.7178170363203], [-119.77380668728, 36.7178130362739], [-119.773968686763, 36.7178180357917], [-119.774032687236, 36.7178170363203], [-119.774712686753, 36.7178080360356], [-119.774939687432, 36.7178050361805], [-119.775109687311, 36.7178120360822], [-119.776078687432, 36.7178170363203], [-119.776917686958, 36.7177800357033], [-119.777038687332, 36.7177630360366], [-119.777157687157, 36.7177260361137], [-119.777243687371, 36.7176730359597], [-119.777360686649, 36.7175800359133], [-119.777426686771, 36.717581036108], [-119.777750688433, 36.7178810363138], [-119.778741688295, 36.7187660358556], [-119.779072687832, 36.7190610363174], [-119.779071688007, 36.7191590361615]]]}, "properties": {"GEOID": "060190012011011", "P0010001": 0, "ALAND": 219787, "AWATER": 0}}, {"type": "Feature", "geometry": {"type": "Polygon", "coordinates": [[[-119.780387687559, 36.72146003582], [-119.780118687946, 36.7214550358191], [-119.779312688032, 36.7214410359589], [-119.779044688243, 36.7214370361012], [-119.778774687907, 36.7214350358123], [-119.777964687795, 36.7214290356653], [-119.777695688181, 36.7214280362407], [-119.777696688006, 36.7213920360681], [-119.77772368777, 36.7213910359231], [-119.778945687611, 36.7213910359231], [-119.778965687702, 36.7213910359231], [-119.779024688152, 36.7213910359231], [-119.779045688068, 36.7213910359231], [-119.779069688358, 36.7213880362079], [-119.779289687567, 36.721390035778], [-119.780022687686, 36.721399035643], [-119.780267687909, 36.7214020360777], [-119.780388688283, 36.7214030362226], [-119.780387687559, 36.72146003582]]]}, "properties": {"GEOID": "060190012011012", "P0010001": 0, "ALAND": 1253, "AWATER": 0}}, {"type": "Feature", "geometry": {"type": "Polygon", "coordinates": [[[-119.781727689197, 36.7216850362429], [-119.78155568877, 36.7216390362132], [-119.781463688708, 36.7216110358373], [-119.781233687656, 36.7215430362191], [-119.780891688248, 36.7214830362519], [-119.780660688269, 36.7214630362524], [-119.78061268769, 36.72146003582], [-119.780387687559, 36.72146003582], [-119.780388688283, 36.7214030362226], [-119.78137868832, 36.721444035672], [-119.781726689372, 36.7214760359646], [-119.781727689197, 36.7216850362429]]]}, "properties": {"GEOID": "060190012011013", "P0010001": 0, "ALAND": 1329, "AWATER": 0}}, {"type": "Feature", "geometry": {"type": "Polygon", "coordinates": [[[-119.78137868832, 36.721444035672], [-119.780388688283, 36.7214030362226], [-119.780267687909, 36.7214020360777], [-119.780022687686, 36.721399035643], [-119.779289687567, 36.721390035778], [-119.779069688358, 36.7213880362079], [-119.779045688068, 36.7213910359231], [-119.77906568816, 36.7211380362507], [-119.77906568816, 36.7210240358158], [-119.779068687634, 36.7199220363293], [-119.779070688183, 36.7195550356837], [-119.779070688183, 36.7194560361745], [-119.779071688007, 36.7191590361615], [-119.779072687832, 36.7190610363174], [-119.781330687741, 36.7211140362869], [-119.781726689372, 36.7214760359646], [-119.78137868832, 36.721444035672]]]}, "properties": {"GEOID": "060190012011014", "P0010001": 0, "ALAND": 30299, "AWATER": 0}}, {"type": "Feature", "geometry": {"type": "Polygon", "coordinates": [[[-119.766971685659, 36.7213750372008], [-119.766760685772, 36.7213760373461], [-119.76612968576, 36.7213790370617], [-119.765919685698, 36.7213810373521], [-119.765832685659, 36.7213770367712], [-119.765693685742, 36.7213760373461], [-119.7650166857, 36.7213710373397], [-119.764791685569, 36.7213700371944], [-119.764608686169, 36.7213680369037], [-119.764061685823, 36.7213630368968], [-119.763879686248, 36.7213620367514], [-119.763835685867, 36.721361037326], [-119.763756686224, 36.721361037326], [-119.763704686346, 36.7213630368968], [-119.76366168579, 36.721366037333], [-119.763669686186, 36.7212930367664], [-119.763669686186, 36.7212640368378], [-119.763669686186, 36.7209580366993], [-119.763669686186, 36.7208560371023], [-119.763668686361, 36.7204370370686], [-119.763668684564, 36.7191830367362], [-119.763668684564, 36.7187650371165], [-119.763668684564, 36.718564036829], [-119.763668684564, 36.7184570367372], [-119.766960685789, 36.718425037347], [-119.766958686139, 36.7197680368135], [-119.766959685964, 36.7200890369236], [-119.766963686162, 36.7210530372752], [-119.766964685987, 36.7212650369844], [-119.766971685659, 36.7213750372008]]]}, "properties": {"GEOID": "060190012011015", "P0010001": 0, "ALAND": 95659, "AWATER": 0}}, {"type": "Feature", "geometry": {"type": "Polygon", "coordinates": [[[-119.769647686042, 36.7199810373526], [-119.769641686194, 36.7205880369369], [-119.769639687443, 36.7207910372744], [-119.769069685734, 36.7208030369477], [-119.767828685627, 36.7208320370504], [-119.767449686408, 36.7209640368832], [-119.767395685982, 36.7210040371368], [-119.767031685934, 36.7212800370232], [-119.766971685659, 36.7213750372008], [-119.766964685987, 36.7212650369844], [-119.766963686162, 36.7210530372752], [-119.766959685964, 36.7200890369236], [-119.766958686139, 36.7197680368135], [-119.767496686264, 36.7197700371458], [-119.769111685567, 36.7197760367024], [-119.769650686415, 36.7197790372006], [-119.769647686042, 36.7199810373526]]]}, "properties": {"GEOID": "060190012011016", "P0010001": 0, "ALAND": 29581, "AWATER": 0}}, {"type": "Feature", "geometry": {"type": "Polygon", "coordinates": [[[-119.772019686652, 36.7203280371079], [-119.771905686849, 36.7204820369412], [-119.77174668684, 36.7206300369763], [-119.771654686779, 36.7206660367859], [-119.771518687235, 36.7207220367765], [-119.771222686959, 36.7207630373094], [-119.770835687344, 36.7207960373185], [-119.770146686708, 36.7207930368601], [-119.769639687443, 36.7207910372744], [-119.769641686194, 36.7205880369369], [-119.769647686042, 36.7199810373526], [-119.769650686415, 36.7197790372006], [-119.770121685695, 36.7197800366466], [-119.771535686953, 36.7197840358704], [-119.772007686956, 36.7197860362024], [-119.772009686606, 36.7198940360476], [-119.772016687177, 36.7202190362725], [-119.772019686652, 36.7203280371079]]]}, "properties": {"GEOID": "060190012011017", "P0010001": 0, "ALAND": 22494, "AWATER": 0}}, {"type": "Feature", "geometry": {"type": "Polygon", "coordinates": [[[-119.772483686259, 36.7154140359263], [-119.772483686259, 36.7156510358145], [-119.772474686936, 36.7165840357444], [-119.772450686647, 36.7172430358167], [-119.77242968673, 36.7178530360082], [-119.772430686555, 36.7185550359117], [-119.772432687104, 36.7196750357032], [-119.772433686928, 36.720664037197], [-119.772434686753, 36.7213670367584], [-119.772354687286, 36.721369037049], [-119.772114687086, 36.7213760373461], [-119.772035687443, 36.7213790370617], [-119.772040686568, 36.7212780367302], [-119.772037687093, 36.721168037095], [-119.77202368685, 36.7205380370658], [-119.772019686652, 36.7203280371079], [-119.772016687177, 36.7202190362725], [-119.772009686606, 36.7198940360476], [-119.772007686956, 36.7197860362024], [-119.772024686675, 36.7197770361484], [-119.772076686553, 36.7197510361466], [-119.772094686995, 36.7197430362551], [-119.772094686995, 36.7196750357032], [-119.772102687391, 36.7191610357896], [-119.772122686584, 36.7178280362667], [-119.772129687155, 36.717418035889], [-119.772139686302, 36.7168380362189], [-119.771955686179, 36.7167610362885], [-119.771636686337, 36.716628036227], [-119.770110685825, 36.7165990359772], [-119.768015686123, 36.7165620362138], [-119.767782685596, 36.7165690362288], [-119.767790685992, 36.7154580363589], [-119.767791685817, 36.7153230357537], [-119.767747686334, 36.7153230357537], [-119.767749685984, 36.7147390359025], [-119.767751685634, 36.7143320363121], [-119.767850686266, 36.7143320363121], [-119.767851686091, 36.7142380363038], [-119.767854685566, 36.714146035939], [-119.770587685851, 36.7141610359277], [-119.771939686286, 36.7141690356805], [-119.771993685814, 36.7141770361525], [-119.772081685678, 36.7141920361351], [-119.772157685846, 36.7141960356499], [-119.772213685922, 36.714199035646], [-119.77225668558, 36.7143210358651], [-119.77238568635, 36.7146860358479], [-119.772429685832, 36.7148090362445], [-119.772485685909, 36.7151640359689], [-119.772483686259, 36.7154140359263]]]}, "properties": {"GEOID": "060190012011018", "P0010001": 0, "ALAND": 129688, "AWATER": 0}}, {"type": "Feature", "geometry": {"type": "Polygon", "coordinates": [[[-119.772040686568, 36.7212780367302], [-119.772035687443, 36.7213790370617], [-119.771922686567, 36.7213840370675], [-119.771896686628, 36.7213860373578], [-119.771586687007, 36.7213830369224], [-119.771474686854, 36.7213820367772], [-119.771105686783, 36.7213780369165], [-119.770000687118, 36.721369037049], [-119.769632686872, 36.721366037333], [-119.769633686697, 36.7212510370896], [-119.769637686895, 36.7209050373351], [-119.769639687443, 36.7207910372744], [-119.770146686708, 36.7207930368601], [-119.770835687344, 36.7207960373185], [-119.771222686959, 36.7207630373094], [-119.771518687235, 36.7207220367765], [-119.771654686779, 36.7206660367859], [-119.77174668684, 36.7206300369763], [-119.771905686849, 36.7204820369412], [-119.772019686652, 36.7203280371079], [-119.77202368685, 36.7205380370658], [-119.772037687093, 36.721168037095], [-119.772040686568, 36.7212780367302]]]}, "properties": {"GEOID": "060190012011019", "P0010001": 0, "ALAND": 15162, "AWATER": 0}}, {"type": "Feature", "geometry": {"type": "Polygon", "coordinates": [[[-119.772716685887, 36.7140950359555], [-119.77268668575, 36.7142050363578], [-119.772591686214, 36.7142040361192], [-119.772307685633, 36.7142030358806], [-119.772278686219, 36.7142030358806], [-119.772213685922, 36.714199035646], [-119.772157685846, 36.7141960356499], [-119.772081685678, 36.7141920361351], [-119.771993685814, 36.7141770361525], [-119.771939686286, 36.7141690356805], [-119.771911685798, 36.7139730360976], [-119.771803685843, 36.7137260357862], [-119.771670685774, 36.7134860356968], [-119.771494686047, 36.7132080361084], [-119.771337685688, 36.7130270357242], [-119.770984686409, 36.7126730357457], [-119.770293686123, 36.711980036351], [-119.767018684617, 36.7089650360424], [-119.766918685057, 36.7088730358452], [-119.76566668508, 36.707762036314], [-119.765485684431, 36.7075830359936], [-119.765332684271, 36.7074320357692], [-119.764971683697, 36.7070900363151], [-119.76493768426, 36.7070560358482], [-119.764757684335, 36.7068780356576], [-119.764804684191, 36.7068780356576], [-119.764947684306, 36.7068780356576], [-119.764995683987, 36.7068790359917], [-119.765065684307, 36.7068790359917], [-119.765278683844, 36.7068790359917], [-119.765349683989, 36.7068800363256], [-119.765410684088, 36.7068800363256], [-119.765594684211, 36.7068810359394], [-119.765656684136, 36.7068820362734], [-119.765795684053, 36.7070120356453], [-119.766215685076, 36.7074030356492], [-119.766355684818, 36.7075340359056], [-119.767436685091, 36.7085190361728], [-119.770680685737, 36.7114760359422], [-119.771762685835, 36.7124620363497], [-119.771898686278, 36.7125800361277], [-119.772309686182, 36.7129370358599], [-119.772446686449, 36.7130560358821], [-119.772704686192, 36.7132860362498], [-119.772722685735, 36.7139490360555], [-119.772716685887, 36.7140950359555]]]}, "properties": {"GEOID": "060190012011020", "P0010001": 0, "ALAND": 68209, "AWATER": 0}}, {"type": "Feature", "geometry": {"type": "Polygon", "coordinates": [[[-119.772691686671, 36.7160210363144], [-119.772685686824, 36.7163830362309], [-119.77267168658, 36.717472035695], [-119.77266768728, 36.7178350361663], [-119.772670686755, 36.7185390358787], [-119.772676686603, 36.7196750357032], [-119.772682687349, 36.7206540356512], [-119.772686686648, 36.7213590370351], [-119.772635686595, 36.7213600371806], [-119.772484686982, 36.7213650371876], [-119.772434686753, 36.7213670367584], [-119.772433686928, 36.720664037197], [-119.772432687104, 36.7196750357032], [-119.772430686555, 36.7185550359117], [-119.77242968673, 36.7178530360082], [-119.772450686647, 36.7172430358167], [-119.772474686936, 36.7165840357444], [-119.772483686259, 36.7156510358145], [-119.772483686259, 36.7154140359263], [-119.772485685909, 36.7151640359689], [-119.772429685832, 36.7148090362445], [-119.77238568635, 36.7146860358479], [-119.77225668558, 36.7143210358651], [-119.772213685922, 36.714199035646], [-119.772278686219, 36.7142030358806], [-119.772307685633, 36.7142030358806], [-119.772591686214, 36.7142040361192], [-119.77268668575, 36.7142050363578], [-119.772687685575, 36.7145680357038], [-119.772690685948, 36.7156570356928], [-119.772691686671, 36.7160210363144]]]}, "properties": {"GEOID": "060190012011021", "P0010001": 0, "ALAND": 17251, "AWATER": 0}}, {"type": "Feature", "geometry": {"type": "Polygon", "coordinates": [[[-119.773822687174, 36.7143660357199], [-119.773821687349, 36.7146990359869], [-119.773820686625, 36.715699036268], [-119.773820686625, 36.7160330360127], [-119.77359468667, 36.7160330360127], [-119.77301668726, 36.716036035937], [-119.772916686802, 36.7160290358735], [-119.772805687372, 36.7160230360242], [-119.772691686671, 36.7160210363144], [-119.772690685948, 36.7156570356928], [-119.772687685575, 36.7145680357038], [-119.77268668575, 36.7142050363578], [-119.772729686306, 36.7142040361192], [-119.772861685652, 36.7142010361234], [-119.772904686208, 36.7142010361234], [-119.77307068589, 36.7142020356419], [-119.773571686205, 36.7142070361149], [-119.773738685711, 36.7142090358719], [-119.773822687174, 36.7142860361999], [-119.773822687174, 36.7143660357199]]]}, "properties": {"GEOID": "060190012011022", "P0010001": 12, "ALAND": 20481, "AWATER": 0}}, {"type": "Feature", "geometry": {"type": "Polygon", "coordinates": [[[-119.773816687326, 36.7163880358418], [-119.77380868693, 36.7174560361565], [-119.77380668728, 36.7178130362739], [-119.773578686776, 36.7178170363203], [-119.772894687061, 36.7178300359295], [-119.77266768728, 36.7178350361663], [-119.77267168658, 36.717472035695], [-119.772685686824, 36.7163830362309], [-119.772691686671, 36.7160210363144], [-119.772805687372, 36.7160230360242], [-119.772916686802, 36.7160290358735], [-119.77301668726, 36.716036035937], [-119.77359468667, 36.7160330360127], [-119.773820686625, 36.7160330360127], [-119.773816687326, 36.7163880358418]]]}, "properties": {"GEOID": "060190012011023", "P0010001": 22, "ALAND": 20143, "AWATER": 0}}, {"type": "Feature", "geometry": {"type": "Polygon", "coordinates": [[[-119.774939687432, 36.7163980357828], [-119.774939687432, 36.7174530362877], [-119.774939687432, 36.7178050361805], [-119.774712686753, 36.7178080360356], [-119.774032687236, 36.7178170363203], [-119.773968686763, 36.7178180357917], [-119.77380668728, 36.7178130362739], [-119.77380868693, 36.7174560361565], [-119.773816687326, 36.7163880358418], [-119.773820686625, 36.7160330360127], [-119.773958686718, 36.7160400360759], [-119.774043687107, 36.7160400360759], [-119.774715687126, 36.7160450357092], [-119.774940687257, 36.7160470361384], [-119.774939687432, 36.7163980357828]]]}, "properties": {"GEOID": "060190012011024", "P0010001": 35, "ALAND": 19773, "AWATER": 0}}, {"type": "Feature", "geometry": {"type": "Polygon", "coordinates": [[[-119.777360686649, 36.7175800359133], [-119.777243687371, 36.7176730359597], [-119.777157687157, 36.7177260361137], [-119.777038687332, 36.7177630360366], [-119.776917686958, 36.7177800357033], [-119.776078687432, 36.7178170363203], [-119.775109687311, 36.7178120360822], [-119.774939687432, 36.7178050361805], [-119.774939687432, 36.7174530362877], [-119.774939687432, 36.7163980357828], [-119.774940687257, 36.7160470361384], [-119.774715687126, 36.7160450357092], [-119.774043687107, 36.7160400360759], [-119.773958686718, 36.7160400360759], [-119.773820686625, 36.7160330360127], [-119.773820686625, 36.715699036268], [-119.773821687349, 36.7146990359869], [-119.773822687174, 36.7143660357199], [-119.773822687174, 36.7142860361999], [-119.77420568659, 36.7146370359687], [-119.775608687079, 36.715921036355], [-119.776076686884, 36.7163490362755], [-119.776346687221, 36.7165950358674], [-119.777156687333, 36.7173340358752], [-119.777426686771, 36.717581036108], [-119.777360686649, 36.7175800359133]]]}, "properties": {"GEOID": "060190012011025", "P0010001": 28, "ALAND": 46817, "AWATER": 0}}, {"type": "Feature", "geometry": {"type": "Polygon", "coordinates": [[[-119.772129687155, 36.717418035889], [-119.772122686584, 36.7178280362667], [-119.772102687391, 36.7191610357896], [-119.772094686995, 36.7196750357032], [-119.772094686995, 36.7197430362551], [-119.772076686553, 36.7197510361466], [-119.772024686675, 36.7197770361484], [-119.772007686956, 36.7197860362024], [-119.771535686953, 36.7197840358704], [-119.770121685695, 36.7197800366466], [-119.769650686415, 36.7197790372006], [-119.769111685567, 36.7197760367024], [-119.767496686264, 36.7197700371458], [-119.766958686139, 36.7197680368135], [-119.766960685789, 36.718425037347], [-119.763668684564, 36.7184570367372], [-119.763668684564, 36.71796403698], [-119.763668684564, 36.717764036949], [-119.763668684564, 36.7175950366717], [-119.763668684564, 36.7170910370927], [-119.763668684564, 36.7170240372754], [-119.76367468531, 36.7169240371815], [-119.763672684762, 36.7167370371174], [-119.763668684564, 36.7161770372872], [-119.763667684739, 36.7159910370603], [-119.763669685287, 36.7156230368564], [-119.76367868461, 36.7145180369551], [-119.763681684983, 36.7141510356955], [-119.763694685402, 36.7141510356955], [-119.763736685234, 36.7141510356955], [-119.76375068458, 36.7141510356955], [-119.763883684649, 36.7141520359348], [-119.764035684985, 36.714149035937], [-119.764893684778, 36.7141370359444], [-119.765179685008, 36.7141330357064], [-119.766531685443, 36.7141400359427], [-119.767854685566, 36.714146035939], [-119.767851686091, 36.7142380363038], [-119.767850686266, 36.7143320363121], [-119.767751685634, 36.7143320363121], [-119.767749685984, 36.7147390359025], [-119.767747686334, 36.7153230357537], [-119.767791685817, 36.7153230357537], [-119.767790685992, 36.7154580363589], [-119.767782685596, 36.7165690362288], [-119.768015686123, 36.7165620362138], [-119.770110685825, 36.7165990359772], [-119.771636686337, 36.716628036227], [-119.771955686179, 36.7167610362885], [-119.772139686302, 36.7168380362189], [-119.772129687155, 36.717418035889]]]}, "properties": {"GEOID": "060190012011026", "P0010001": 0, "ALAND": 322184, "AWATER": 0}}, {"type": "Feature", "geometry": {"type": "Polygon", "coordinates": [[[-119.771939686286, 36.7141690356805], [-119.770587685851, 36.7141610359277], [-119.767854685566, 36.714146035939], [-119.766531685443, 36.7141400359427], [-119.765179685008, 36.7141330357064], [-119.764893684778, 36.7141370359444], [-119.764035684985, 36.714149035937], [-119.763883684649, 36.7141520359348], [-119.76375068458, 36.7141510356955], [-119.763736685234, 36.7141510356955], [-119.763694685402, 36.7141510356955], [-119.763681684983, 36.7141510356955], [-119.763681684983, 36.7140600361873], [-119.763681684983, 36.7137870362955], [-119.763682684808, 36.7136970358813], [-119.763682684808, 36.7135000362867], [-119.763682684808, 36.7134270361662], [-119.76367468531, 36.7129100361681], [-119.763672684762, 36.7127140362539], [-119.76367468531, 36.7124240357723], [-119.763679685333, 36.7115550359547], [-119.763682684808, 36.7112660356964], [-119.763685684283, 36.7105670362987], [-119.763696684153, 36.7084720358678], [-119.763701684176, 36.7077740358619], [-119.76371768407, 36.7077730362597], [-119.763766683575, 36.7077730362597], [-119.763783684192, 36.7077730362597], [-119.764159683935, 36.7077700360128], [-119.765289683715, 36.7077640362387], [-119.76566668508, 36.707762036314], [-119.766918685057, 36.7088730358452], [-119.767018684617, 36.7089650360424], [-119.770293686123, 36.711980036351], [-119.770984686409, 36.7126730357457], [-119.771337685688, 36.7130270357242], [-119.771494686047, 36.7132080361084], [-119.771670685774, 36.7134860356968], [-119.771803685843, 36.7137260357862], [-119.771911685798, 36.7139730360976], [-119.771939686286, 36.7141690356805]]]}, "properties": {"GEOID": "060190012011027", "P0010001": 0, "ALAND": 343413, "AWATER": 0}}, {"type": "Feature", "geometry": {"type": "Polygon", "coordinates": [[[-119.763682684808, 36.7135000362867], [-119.763682684808, 36.7136970358813], [-119.763681684983, 36.7137870362955], [-119.763681684983, 36.7140600361873], [-119.763681684983, 36.7141510356955], [-119.762647684565, 36.714156036892], [-119.759548683684, 36.7141730373568], [-119.759206684276, 36.7141750371147], [-119.75851568399, 36.7141680368816], [-119.75852668386, 36.7138770373246], [-119.758534684256, 36.7136880372743], [-119.758530684058, 36.7130050373354], [-119.758545684127, 36.7127920368969], [-119.758542683754, 36.71271603677], [-119.758989683643, 36.712725036931], [-119.759240683713, 36.7127240366731], [-119.761337683963, 36.7127190368237], [-119.762037683571, 36.7127180358456], [-119.762363683985, 36.7127160360498], [-119.762737684977, 36.7127150357918], [-119.762737684977, 36.713114036165], [-119.762445684899, 36.7131180357359], [-119.762445684899, 36.7134110357852], [-119.763682684808, 36.7134270361662], [-119.763682684808, 36.7135000362867]]]}, "properties": {"GEOID": "060190012011028", "P0010001": 144, "ALAND": 66303, "AWATER": 0}}, {"type": "Feature", "geometry": {"type": "Polygon", "coordinates": [[[-119.75468168334, 36.7148610367043], [-119.754676684216, 36.7170330369318], [-119.754675684391, 36.7177570370429], [-119.754364684046, 36.7177520368009], [-119.753571683653, 36.7177400380912], [-119.753431683911, 36.7177400380912], [-119.753121684289, 36.7177410382838], [-119.752530682664, 36.7177420377563], [-119.750757683177, 36.7177470379989], [-119.750167683174, 36.7177500378562], [-119.750167683174, 36.7170310379684], [-119.750168682998, 36.714873037304], [-119.750169682823, 36.7141550366527], [-119.750197683311, 36.7141540371335], [-119.750281682976, 36.7141530368943], [-119.750310683289, 36.7141530368943], [-119.750360682619, 36.7141510371358], [-119.750512682955, 36.7141490366571], [-119.750563683009, 36.7141490366571], [-119.750658683443, 36.7141470368985], [-119.750735683436, 36.7141470368985], [-119.75094368295, 36.7141500368964], [-119.751038683385, 36.714152036655], [-119.751577683335, 36.7141490366571], [-119.753197682661, 36.714143036661], [-119.753738683159, 36.7141420371417], [-119.753927683305, 36.7141400366628], [-119.754494682844, 36.714138036904], [-119.754684682815, 36.714138036904], [-119.75468168334, 36.7148610367043]]]}, "properties": {"GEOID": "060190012011029", "P0010001": 0, "ALAND": 160998, "AWATER": 0}}, {"type": "Feature", "geometry": {"type": "Polygon", "coordinates": [[[-119.750168682998, 36.714873037304], [-119.750167683174, 36.7170310379684], [-119.750167683174, 36.7177500378562], [-119.749629683048, 36.7177530377135], [-119.748014682847, 36.7177640376691], [-119.747477683445, 36.717768037718], [-119.747484683118, 36.7177100380683], [-119.74748068292, 36.7175210380865], [-119.74747868327, 36.7172090376821], [-119.747472681626, 36.7155320376514], [-119.747471681801, 36.7149730379074], [-119.747433682166, 36.7149680382043], [-119.747357681998, 36.7149650382383], [-119.747015681691, 36.7149540378819], [-119.746901681888, 36.7149510379154], [-119.746885681995, 36.7147910378498], [-119.746838682139, 36.7143140378056], [-119.74682368207, 36.7141550380929], [-119.747492681717, 36.7141550380929], [-119.748655682006, 36.7141550366527], [-119.749499683352, 36.7141550366527], [-119.750169682823, 36.7141550366527], [-119.750168682998, 36.714873037304]]]}, "properties": {"GEOID": "060190012011030", "P0010001": 79, "ALAND": 101082, "AWATER": 0}}, {"type": "Feature", "geometry": {"type": "Polygon", "coordinates": [[[-119.747484683118, 36.7177100380683], [-119.747477683445, 36.717768037718], [-119.747424682843, 36.7177710382946], [-119.747298683345, 36.7177710382946], [-119.746762681971, 36.7177710382946], [-119.746584681696, 36.7177720377667], [-119.746585682419, 36.7174360379888], [-119.746592682092, 36.7164310376672], [-119.746594681742, 36.7161830378445], [-119.746590682442, 36.7160970382127], [-119.746590682442, 36.715888037852], [-119.746591682267, 36.7152610376793], [-119.746592682092, 36.7150530381523], [-119.746616682381, 36.7150170378723], [-119.746637682298, 36.7150020380508], [-119.746687681628, 36.7149700379415], [-119.746774681667, 36.7149470377198], [-119.746831681568, 36.7149480379487], [-119.746901681888, 36.7149510379154], [-119.747015681691, 36.7149540378819], [-119.747357681998, 36.7149650382383], [-119.747433682166, 36.7149680382043], [-119.747471681801, 36.7149730379074], [-119.747472681626, 36.7155320376514], [-119.74747868327, 36.7172090376821], [-119.74748068292, 36.7175210380865], [-119.747484683118, 36.7177100380683]]]}, "properties": {"GEOID": "060190012011031", "P0010001": 129, "ALAND": 24665, "AWATER": 0}}, {"type": "Feature", "geometry": {"type": "Polygon", "coordinates": [[[-119.746592682092, 36.7164310376672], [-119.746585682419, 36.7174360379888], [-119.746584681696, 36.7177720377667], [-119.746520682122, 36.7177750383432], [-119.746385682403, 36.7177750383432], [-119.745789681653, 36.7177760378153], [-119.745591682184, 36.7177770380073], [-119.745592682009, 36.7174410382513], [-119.745597682032, 36.7164340382961], [-119.745599681682, 36.7160990379205], [-119.745797682049, 36.7160980377066], [-119.74639168225, 36.7160970382127], [-119.746590682442, 36.7160970382127], [-119.746594681742, 36.7161830378445], [-119.746592682092, 36.7164310376672]]]}, "properties": {"GEOID": "060190012011032", "P0010001": 99, "ALAND": 16534, "AWATER": 0}}, {"type": "Feature", "geometry": {"type": "Polygon", "coordinates": [[[-119.746901681888, 36.7149510379154], [-119.746831681568, 36.7149480379487], [-119.746774681667, 36.7149470377198], [-119.746687681628, 36.7149700379415], [-119.746637682298, 36.7150020380508], [-119.746616682381, 36.7150170378723], [-119.746592682092, 36.7150530381523], [-119.746591682267, 36.7152610376793], [-119.746590682442, 36.715888037852], [-119.746590682442, 36.7160970382127], [-119.74639168225, 36.7160970382127], [-119.745797682049, 36.7160980377066], [-119.745599681682, 36.7160990379205], [-119.745605682428, 36.71570803824], [-119.745625681621, 36.7145350380599], [-119.745633682017, 36.7141450378599], [-119.745827682186, 36.7141550380929], [-119.745870681843, 36.7141550380929], [-119.746584681696, 36.7141550380929], [-119.74682368207, 36.7141550380929], [-119.746838682139, 36.7143140378056], [-119.746885681995, 36.7147910378498], [-119.746901681888, 36.7149510379154]]]}, "properties": {"GEOID": "060190012011033", "P0010001": 76, "ALAND": 20991, "AWATER": 0}}, {"type": "Feature", "geometry": {"type": "Polygon", "coordinates": [[[-119.773571686205, 36.7142070361149], [-119.77307068589, 36.7142020356419], [-119.772904686208, 36.7142010361234], [-119.772861685652, 36.7142010361234], [-119.772729686306, 36.7142040361192], [-119.77268668575, 36.7142050363578], [-119.772716685887, 36.7140950359555], [-119.772722685735, 36.7139490360555], [-119.772704686192, 36.7132860362498], [-119.773479686144, 36.7139780358654], [-119.773738685711, 36.7142090358719], [-119.773571686205, 36.7142070361149]]]}, "properties": {"GEOID": "060190012011034", "P0010001": 0, "ALAND": 4603, "AWATER": 0}}, {"type": "Feature", "geometry": {"type": "Polygon", "coordinates": [[[-119.763679685333, 36.7115550359547], [-119.76367468531, 36.7124240357723], [-119.763672684762, 36.7127140362539], [-119.763344684699, 36.7127140362539], [-119.762737684977, 36.7127150357918], [-119.762363683985, 36.7127160360498], [-119.762037683571, 36.7127180358456], [-119.761337683963, 36.7127190368237], [-119.759240683713, 36.7127240366731], [-119.758989683643, 36.712725036931], [-119.758542683754, 36.71271603677], [-119.758553683625, 36.7126590371655], [-119.758551683975, 36.7125970369413], [-119.758546683952, 36.712375037331], [-119.758538683556, 36.7122400370695], [-119.758532683708, 36.7121210372238], [-119.758534684256, 36.7119480371435], [-119.758542683754, 36.7114310372753], [-119.758543683579, 36.7113980368438], [-119.758532683708, 36.7112600369154], [-119.759252684307, 36.7112580370816], [-119.759562683928, 36.7112580356414], [-119.762622683552, 36.7112680362501], [-119.762651683865, 36.7112670359732], [-119.763682684808, 36.7112660356964], [-119.763679685333, 36.7115550359547]]]}, "properties": {"GEOID": "060190012011035", "P0010001": 154, "ALAND": 74163, "AWATER": 0}}, {"type": "Feature", "geometry": {"type": "Polygon", "coordinates": [[[-119.763682684808, 36.7134270361662], [-119.762445684899, 36.7134110357852], [-119.762445684899, 36.7131180357359], [-119.762737684977, 36.713114036165], [-119.762737684977, 36.7127150357918], [-119.763344684699, 36.7127140362539], [-119.763672684762, 36.7127140362539], [-119.76367468531, 36.7129100361681], [-119.763682684808, 36.7134270361662]]]}, "properties": {"GEOID": "060190012011036", "P0010001": 0, "ALAND": 7442, "AWATER": 0}}, {"type": "Feature", "geometry": {"type": "Polygon", "coordinates": [[[-119.753741682634, 36.7134870366649], [-119.753739682984, 36.7139780373056], [-119.753738683159, 36.7141420371417], [-119.753197682661, 36.714143036661], [-119.751577683335, 36.7141490366571], [-119.751038683385, 36.714152036655], [-119.75103968321, 36.7139880368402], [-119.751044683233, 36.7134980372314], [-119.751046682882, 36.7133350369906], [-119.751226682807, 36.7133340367407], [-119.751768683131, 36.7133340367407], [-119.751949682881, 36.7133340367407], [-119.752128682981, 36.7133340367407], [-119.752665683281, 36.7133370367704], [-119.752845683206, 36.7133380370203], [-119.753024683307, 36.7133340367407], [-119.753563683257, 36.713326036901], [-119.753743683182, 36.713324037121], [-119.753741682634, 36.7134870366649]]]}, "properties": {"GEOID": "060190012012000", "P0010001": 86, "ALAND": 21748, "AWATER": 0}}, {"type": "Feature", "geometry": {"type": "Polygon", "coordinates": [[[-119.754684682815, 36.714138036904], [-119.754494682844, 36.714138036904], [-119.753927683305, 36.7141400366628], [-119.753738683159, 36.7141420371417], [-119.753739682984, 36.7139780373056], [-119.753741682634, 36.7134870366649], [-119.753743683182, 36.713324037121], [-119.753833682695, 36.7133310367109], [-119.75393068278, 36.713329036931], [-119.754492683194, 36.7133200368406], [-119.754680682617, 36.7133170368103], [-119.754680682617, 36.7134810373373], [-119.75468368299, 36.7139730368177], [-119.754684682815, 36.714138036904]]]}, "properties": {"GEOID": "060190012012001", "P0010001": 0, "ALAND": 7608, "AWATER": 0}}, {"type": "Feature", "geometry": {"type": "Polygon", "coordinates": [[[-119.755941682816, 36.7125360369274], [-119.755941683714, 36.7137530373516], [-119.755941683714, 36.7141590368896], [-119.755689683819, 36.7141570371312], [-119.75493468306, 36.7141530368943], [-119.754816683059, 36.7141530368943], [-119.754684682815, 36.714138036904], [-119.75468368299, 36.7139730368177], [-119.754680682617, 36.7134810373373], [-119.754680682617, 36.7133170368103], [-119.75468168334, 36.71307903667], [-119.754687683188, 36.7123660371289], [-119.754689682838, 36.7122010368378], [-119.754698683059, 36.7121290371889], [-119.754846683197, 36.7121330368111], [-119.754945682931, 36.7121320372656], [-119.755688683096, 36.712131037], [-119.755936682793, 36.712131037], [-119.755941682816, 36.7122650371892], [-119.755941682816, 36.7125360369274]]]}, "properties": {"GEOID": "060190012012002", "P0010001": 58, "ALAND": 25224, "AWATER": 0}}, {"type": "Feature", "geometry": {"type": "Polygon", "coordinates": [[[-119.757228683852, 36.7125470369099], [-119.757225684377, 36.7137600369025], [-119.757224683654, 36.7141640366452], [-119.756967683736, 36.7141630371262], [-119.756197683807, 36.7141600371288], [-119.755941683714, 36.7141590368896], [-119.755941683714, 36.7137530373516], [-119.755941682816, 36.7125360369274], [-119.755941682816, 36.7122650371892], [-119.755936682793, 36.712131037], [-119.756194683434, 36.7121320372656], [-119.75670468397, 36.7121340370767], [-119.756971683934, 36.7121390369641], [-119.7572306844, 36.7121440368512], [-119.757228683852, 36.7125470369099]]]}, "properties": {"GEOID": "060190012012003", "P0010001": 112, "ALAND": 25833, "AWATER": 0}}, {"type": "Feature", "geometry": {"type": "Polygon", "coordinates": [[[-119.758553683625, 36.7126590371655], [-119.758542683754, 36.71271603677], [-119.758545684127, 36.7127920368969], [-119.758530684058, 36.7130050373354], [-119.758534684256, 36.7136880372743], [-119.75852668386, 36.7138770373246], [-119.75851568399, 36.7141680368816], [-119.758256684422, 36.7141670366425], [-119.757482684295, 36.7141640366452], [-119.757224683654, 36.7141640366452], [-119.757225684377, 36.7137600369025], [-119.757228683852, 36.7125470369099], [-119.7572306844, 36.7121440368512], [-119.757490683793, 36.7121390369641], [-119.758271683592, 36.7121250368464], [-119.758532683708, 36.7121210372238], [-119.758538683556, 36.7122400370695], [-119.758546683952, 36.712375037331], [-119.758551683975, 36.7125970369413], [-119.758553683625, 36.7126590371655]]]}, "properties": {"GEOID": "060190012012004", "P0010001": 128, "ALAND": 26377, "AWATER": 0}}, {"type": "Feature", "geometry": {"type": "Polygon", "coordinates": [[[-119.758546683952, 36.7106740358574], [-119.758535684081, 36.7111130371105], [-119.758532683708, 36.7112600369154], [-119.758543683579, 36.7113980368438], [-119.758542683754, 36.7114310372753], [-119.758534684256, 36.7119480371435], [-119.758532683708, 36.7121210372238], [-119.758271683592, 36.7121250368464], [-119.757490683793, 36.7121390369641], [-119.7572306844, 36.7121440368512], [-119.757244683745, 36.7119830371536], [-119.75724568357, 36.7118190370299], [-119.757252683243, 36.710844037239], [-119.757254682893, 36.7105760367116], [-119.757263683114, 36.7105200372464], [-119.757520683032, 36.7105210368129], [-119.758292684407, 36.7105260360852], [-119.75855068415, 36.710528035938], [-119.758546683952, 36.7106740358574]]]}, "properties": {"GEOID": "060190012012005", "P0010001": 95, "ALAND": 20582, "AWATER": 0}}, {"type": "Feature", "geometry": {"type": "Polygon", "coordinates": [[[-119.757254682893, 36.7105760367116], [-119.757252683243, 36.710844037239], [-119.75724568357, 36.7118190370299], [-119.757244683745, 36.7119830371536], [-119.7572306844, 36.7121440368512], [-119.756971683934, 36.7121390369641], [-119.75670468397, 36.7121340370767], [-119.756194683434, 36.7121320372656], [-119.755936682793, 36.712131037], [-119.755951682861, 36.7119470368754], [-119.755952682686, 36.711809037213], [-119.755959683257, 36.7108430369566], [-119.755962682732, 36.7105900371116], [-119.755956682884, 36.7105220370994], [-119.756217683, 36.7105210368129], [-119.757001683173, 36.7105200372464], [-119.757263683114, 36.7105200372464], [-119.757254682893, 36.7105760367116]]]}, "properties": {"GEOID": "060190012012006", "P0010001": 120, "ALAND": 20706, "AWATER": 0}}, {"type": "Feature", "geometry": {"type": "Polygon", "coordinates": [[[-119.755959683257, 36.7108430369566], [-119.755952682686, 36.711809037213], [-119.755951682861, 36.7119470368754], [-119.755936682793, 36.712131037], [-119.755688683096, 36.712131037], [-119.754945682931, 36.7121320372656], [-119.754846683197, 36.7121330368111], [-119.754698683059, 36.7121290371889], [-119.754690682663, 36.7119700372752], [-119.754691683386, 36.7118070366733], [-119.754700682708, 36.7109720372685], [-119.754703683082, 36.710841037112], [-119.754711682579, 36.7105200372464], [-119.754960682999, 36.7105200372464], [-119.755707683362, 36.7105210368129], [-119.755956682884, 36.7105220370994], [-119.755962682732, 36.7105900371116], [-119.755959683257, 36.7108430369566]]]}, "properties": {"GEOID": "060190012012007", "P0010001": 142, "ALAND": 20077, "AWATER": 0}}, {"type": "Feature", "geometry": {"type": "Polygon", "coordinates": [[[-119.754703683082, 36.710841037112], [-119.754700682708, 36.7109720372685], [-119.754691683386, 36.7118070366733], [-119.754690682663, 36.7119700372752], [-119.754698683059, 36.7121290371889], [-119.754689682838, 36.7122010368378], [-119.754687683188, 36.7123660371289], [-119.75468168334, 36.71307903667], [-119.754680682617, 36.7133170368103], [-119.754492683194, 36.7133200368406], [-119.75393068278, 36.713329036931], [-119.753833682695, 36.7133310367109], [-119.753743683182, 36.713324037121], [-119.753742683357, 36.7127630373595], [-119.753741682634, 36.7110800372626], [-119.753741682634, 36.7105190369599], [-119.753935682802, 36.7105190369599], [-119.754517683309, 36.7105190369599], [-119.754711682579, 36.7105200372464], [-119.754703683082, 36.710841037112]]]}, "properties": {"GEOID": "060190012012008", "P0010001": 122, "ALAND": 26432, "AWATER": 0}}, {"type": "Feature", "geometry": {"type": "Polygon", "coordinates": [[[-119.753743683182, 36.713324037121], [-119.753563683257, 36.713326036901], [-119.753024683307, 36.7133340367407], [-119.752845683206, 36.7133380370203], [-119.752848682681, 36.7127760371038], [-119.752860683275, 36.7110890368952], [-119.752864682575, 36.7105280366581], [-119.752976682728, 36.7105260368053], [-119.753312683187, 36.7105240369524], [-119.753425683165, 36.7105240369524], [-119.753488682914, 36.7105220370994], [-119.75367768306, 36.7105200372464], [-119.753741682634, 36.7105190369599], [-119.753741682634, 36.7110800372626], [-119.753742683357, 36.7127630373595], [-119.753743683182, 36.713324037121]]]}, "properties": {"GEOID": "060190012012009", "P0010001": 91, "ALAND": 24695, "AWATER": 0}}, {"type": "Feature", "geometry": {"type": "Polygon", "coordinates": [[[-119.752860683275, 36.7110890368952], [-119.752848682681, 36.7127760371038], [-119.752845683206, 36.7133380370203], [-119.752665683281, 36.7133370367704], [-119.752128682981, 36.7133340367407], [-119.751949682881, 36.7133340367407], [-119.751951683429, 36.712772036795], [-119.751957683277, 36.7110860367777], [-119.751959682926, 36.7106310372911], [-119.751970682797, 36.7105250372389], [-119.752002682584, 36.7105230366659], [-119.752099682669, 36.7105190369599], [-119.752132683179, 36.7105180366732], [-119.752278682769, 36.7105200372464], [-119.75271768316, 36.7105260368053], [-119.752864682575, 36.7105280366581], [-119.752860683275, 36.7110890368952]]]}, "properties": {"GEOID": "060190012012010", "P0010001": 133, "ALAND": 25098, "AWATER": 0}}, {"type": "Feature", "geometry": {"type": "Polygon", "coordinates": [[[-119.753445683256, 36.7092790366842], [-119.753430683187, 36.7102120369382], [-119.753425683165, 36.7105240369524], [-119.753312683187, 36.7105240369524], [-119.752976682728, 36.7105260368053], [-119.752864682575, 36.7105280366581], [-119.75271768316, 36.7105260368053], [-119.752278682769, 36.7105200372464], [-119.752132683179, 36.7105180366732], [-119.752133682105, 36.7089760372562], [-119.753451683104, 36.7089680369628], [-119.753445683256, 36.7092790366842]]]}, "properties": {"GEOID": "060190012012011", "P0010001": 93, "ALAND": 20082, "AWATER": 0}}, {"type": "Feature", "geometry": {"type": "Polygon", "coordinates": [[[-119.754711682579, 36.7105200372464], [-119.754517683309, 36.7105190369599], [-119.753935682802, 36.7105190369599], [-119.753741682634, 36.7105190369599], [-119.75367768306, 36.7105200372464], [-119.753488682914, 36.7105220370994], [-119.753425683165, 36.7105240369524], [-119.753430683187, 36.7102120369382], [-119.753445683256, 36.7092790366842], [-119.753451683104, 36.7089680369628], [-119.753699682801, 36.7089660370693], [-119.754446683164, 36.7089620372823], [-119.754695682686, 36.7089610369754], [-119.754692683211, 36.7092720367252], [-119.754692683211, 36.7092940369029], [-119.754697683234, 36.7094420368877], [-119.754692683211, 36.709598036816], [-119.754709682929, 36.709786037269], [-119.754710682754, 36.710208037216], [-119.754711682579, 36.7105200372464]]]}, "properties": {"GEOID": "060190012012012", "P0010001": 11, "ALAND": 19504, "AWATER": 0}}, {"type": "Feature", "geometry": {"type": "Polygon", "coordinates": [[[-119.755956682884, 36.7105220370994], [-119.755707683362, 36.7105210368129], [-119.754960682999, 36.7105200372464], [-119.754711682579, 36.7105200372464], [-119.754710682754, 36.710208037216], [-119.754709682929, 36.709786037269], [-119.754692683211, 36.709598036816], [-119.754697683234, 36.7094420368877], [-119.754692683211, 36.7092940369029], [-119.754692683211, 36.7092720367252], [-119.754695682686, 36.7089610369754], [-119.754902683273, 36.7089580367749], [-119.754945682931, 36.7089580367749], [-119.755696682593, 36.708971037163], [-119.755947682663, 36.7089760372562], [-119.755952682686, 36.7092290366542], [-119.755952682686, 36.7092850370601], [-119.755955683059, 36.7102120369382], [-119.755956682884, 36.7105220370994]]]}, "properties": {"GEOID": "060190012012013", "P0010001": 115, "ALAND": 19290, "AWATER": 0}}, {"type": "Feature", "geometry": {"type": "Polygon", "coordinates": [[[-119.757257683266, 36.7092780356613], [-119.757253683068, 36.7093790359266], [-119.75724968287, 36.710080037354], [-119.757253683068, 36.7102090367865], [-119.757263683114, 36.7105200372464], [-119.757001683173, 36.7105200372464], [-119.756217683, 36.7105210368129], [-119.755956682884, 36.7105220370994], [-119.755955683059, 36.7102120369382], [-119.755952682686, 36.7092850370601], [-119.755952682686, 36.7092290366542], [-119.755947682663, 36.7089760372562], [-119.756211683152, 36.7089740359227], [-119.757005683371, 36.7089690358292], [-119.757270682786, 36.7089680362427], [-119.757257683266, 36.7092780356613]]]}, "properties": {"GEOID": "060190012012014", "P0010001": 104, "ALAND": 19996, "AWATER": 0}}, {"type": "Feature", "geometry": {"type": "Polygon", "coordinates": [[[-119.75855068415, 36.710528035938], [-119.758292684407, 36.7105260360852], [-119.757520683032, 36.7105210368129], [-119.757263683114, 36.7105200372464], [-119.757253683068, 36.7102090367865], [-119.75724968287, 36.710080037354], [-119.757253683068, 36.7093790359266], [-119.757257683266, 36.7092780356613], [-119.757270682786, 36.7089680362427], [-119.757522682681, 36.7089680362427], [-119.758280682915, 36.7089690358292], [-119.758533682635, 36.7089700361361], [-119.758536683906, 36.7092810358494], [-119.758546683952, 36.71021603594], [-119.75855068415, 36.710528035938]]]}, "properties": {"GEOID": "060190012012015", "P0010001": 88, "ALAND": 19826, "AWATER": 0}}, {"type": "Feature", "geometry": {"type": "Polygon", "coordinates": [[[-119.763696684153, 36.7084720358678], [-119.763685684283, 36.7105670362987], [-119.763682684808, 36.7112660356964], [-119.762651683865, 36.7112670359732], [-119.762622683552, 36.7112680362501], [-119.759562683928, 36.7112580356414], [-119.759252684307, 36.7112580370816], [-119.758532683708, 36.7112600369154], [-119.758535684081, 36.7111130371105], [-119.758546683952, 36.7106740358574], [-119.75855068415, 36.710528035938], [-119.758546683952, 36.71021603594], [-119.758536683906, 36.7092810358494], [-119.758533682635, 36.7089700361361], [-119.758776684106, 36.7089700361361], [-119.759505684027, 36.7089710357226], [-119.759749684424, 36.7089720360294], [-119.759755684272, 36.7091950356933], [-119.759773683815, 36.7098670360085], [-119.759780684386, 36.7100910362478], [-119.759997684121, 36.7100890356635], [-119.760652684422, 36.7100830360705], [-119.760870683982, 36.7100810362061], [-119.76087468418, 36.7096370362084], [-119.760887683701, 36.7083070358567], [-119.760892683724, 36.7078640360124], [-119.760824683952, 36.7078260360417], [-119.760785683594, 36.707820036272], [-119.760701683928, 36.7078070356892], [-119.760435683789, 36.7078080360111], [-119.760319684337, 36.707809036333], [-119.760323683636, 36.7076300361221], [-119.760333683682, 36.7072050361519], [-119.760328683659, 36.7070950358106], [-119.760320684161, 36.7069170357104], [-119.760393683956, 36.7069150357636], [-119.760614683889, 36.7069130358167], [-119.760688684407, 36.7069130358167], [-119.761169683733, 36.7069070359758], [-119.761328683742, 36.7069060356421], [-119.761633684239, 36.70693203567], [-119.762126684158, 36.7070130359775], [-119.762600683811, 36.7070810362142], [-119.762932684072, 36.7071290362603], [-119.763076684012, 36.7071560358229], [-119.763214684104, 36.7071820357662], [-119.763267683808, 36.7072010362732], [-119.763355683671, 36.7072340363466], [-119.76343868441, 36.7072660360768], [-119.763574683954, 36.7073640358432], [-119.763665684191, 36.7075130362698], [-119.763674684412, 36.7075780358097], [-119.763701684176, 36.7077740358619], [-119.763696684153, 36.7084720358678]]]}, "properties": {"GEOID": "060190012012016", "P0010001": 253, "ALAND": 162872, "AWATER": 0}}, {"type": "Feature", "geometry": {"type": "Polygon", "coordinates": [[[-119.760333683682, 36.7072050361519], [-119.760323683636, 36.7076300361221], [-119.760319684337, 36.707809036333], [-119.760205683635, 36.7078120358582], [-119.759863684227, 36.7078210358736], [-119.759750684249, 36.70782503572], [-119.759749684424, 36.7080540363039], [-119.759749684424, 36.708742035711], [-119.759749684424, 36.7089720360294], [-119.759505684027, 36.7089710357226], [-119.758776684106, 36.7089700361361], [-119.758533682635, 36.7089700361361], [-119.758535683183, 36.7085600360169], [-119.758542682856, 36.7075780358097], [-119.758548682703, 36.7073310358256], [-119.758551683076, 36.7072160361773], [-119.75856568332, 36.7069220359373], [-119.758916682949, 36.7069210363241], [-119.759295683066, 36.7069210363241], [-119.759837683389, 36.7069160360971], [-119.759968682911, 36.7069160360971], [-119.760320684161, 36.7069170357104], [-119.760328683659, 36.7070950358106], [-119.760333683682, 36.7072050361519]]]}, "properties": {"GEOID": "060190012012017", "P0010001": 55, "ALAND": 29693, "AWATER": 0}}, {"type": "Feature", "geometry": {"type": "Polygon", "coordinates": [[[-119.760887683701, 36.7083070358567], [-119.76087468418, 36.7096370362084], [-119.760870683982, 36.7100810362061], [-119.760652684422, 36.7100830360705], [-119.759997684121, 36.7100890356635], [-119.759780684386, 36.7100910362478], [-119.759773683815, 36.7098670360085], [-119.759755684272, 36.7091950356933], [-119.759749684424, 36.7089720360294], [-119.759749684424, 36.708742035711], [-119.759749684424, 36.7080540363039], [-119.759750684249, 36.70782503572], [-119.759863684227, 36.7078210358736], [-119.760205683635, 36.7078120358582], [-119.760319684337, 36.707809036333], [-119.760435683789, 36.7078080360111], [-119.760701683928, 36.7078070356892], [-119.760785683594, 36.707820036272], [-119.760824683952, 36.7078260360417], [-119.760892683724, 36.7078640360124], [-119.760887683701, 36.7083070358567]]]}, "properties": {"GEOID": "060190012012018", "P0010001": 105, "ALAND": 25315, "AWATER": 0}}, {"type": "Feature", "geometry": {"type": "Polygon", "coordinates": [[[-119.758551683076, 36.7072160361773], [-119.758548682703, 36.7073310358256], [-119.758542682856, 36.7075780358097], [-119.758535683183, 36.7085600360169], [-119.758533682635, 36.7089700361361], [-119.758280682915, 36.7089690358292], [-119.757522682681, 36.7089680362427], [-119.757270682786, 36.7089680362427], [-119.757266682588, 36.7085620359209], [-119.757255682718, 36.7073440357687], [-119.757252683243, 36.7069390358422], [-119.757514683184, 36.7069350359496], [-119.758302682656, 36.7069250362174], [-119.75856568332, 36.7069220359373], [-119.758551683076, 36.7072160361773]]]}, "properties": {"GEOID": "060190012012019", "P0010001": 74, "ALAND": 25895, "AWATER": 0}}, {"type": "Feature", "geometry": {"type": "Polygon", "coordinates": [[[-119.757270682786, 36.7089680362427], [-119.757005683371, 36.7089690358292], [-119.756211683152, 36.7089740359227], [-119.755947682663, 36.7089760372562], [-119.755951682861, 36.7085690359446], [-119.755965683105, 36.70734803564], [-119.755971682953, 36.7069420361216], [-119.756227683046, 36.7069410357884], [-119.756995683325, 36.7069390358422], [-119.757252683243, 36.7069390358422], [-119.757255682718, 36.7073440357687], [-119.757266682588, 36.7085620359209], [-119.757270682786, 36.7089680362427]]]}, "properties": {"GEOID": "060190012012020", "P0010001": 98, "ALAND": 26234, "AWATER": 0}}, {"type": "Feature", "geometry": {"type": "Polygon", "coordinates": [[[-119.755965683105, 36.70734803564], [-119.755951682861, 36.7085690359446], [-119.755947682663, 36.7089760372562], [-119.755696682593, 36.708971037163], [-119.754945682931, 36.7089580367749], [-119.754902683273, 36.7089580367749], [-119.754695682686, 36.7089610369754], [-119.754701683432, 36.7085550373369], [-119.754704682906, 36.7083850366525], [-119.754688683013, 36.7080380369646], [-119.754690682663, 36.7075210359946], [-119.754687683188, 36.7073390362895], [-119.75468168334, 36.7069340363366], [-119.754850683395, 36.70693203567], [-119.754938683258, 36.70693203567], [-119.755712683385, 36.7069390358422], [-119.755971682953, 36.7069420361216], [-119.755965683105, 36.70734803564]]]}, "properties": {"GEOID": "060190012012021", "P0010001": 90, "ALAND": 25478, "AWATER": 0}}, {"type": "Feature", "geometry": {"type": "Polygon", "coordinates": [[[-119.754701683432, 36.7085550373369], [-119.754695682686, 36.7089610369754], [-119.754446683164, 36.7089620372823], [-119.753699682801, 36.7089660370693], [-119.753451683104, 36.7089680369628], [-119.752133682105, 36.7089760372562], [-119.752140681778, 36.7070380370776], [-119.752148682174, 36.7069300371639], [-119.752654681614, 36.7069280372175], [-119.75305768202, 36.7069270368841], [-119.754174683177, 36.7069310360569], [-119.75468168334, 36.7069340363366], [-119.754687683188, 36.7073390362895], [-119.754690682663, 36.7075210359946], [-119.754688683013, 36.7080380369646], [-119.754704682906, 36.7083850366525], [-119.754701683432, 36.7085550373369]]]}, "properties": {"GEOID": "060190012012022", "P0010001": 39, "ALAND": 51652, "AWATER": 0}}, {"type": "Feature", "geometry": {"type": "Polygon", "coordinates": [[[-119.763355683671, 36.7072340363466], [-119.763267683808, 36.7072010362732], [-119.763214684104, 36.7071820357662], [-119.763076684012, 36.7071560358229], [-119.762932684072, 36.7071290362603], [-119.762600683811, 36.7070810362142], [-119.762126684158, 36.7070130359775], [-119.761633684239, 36.70693203567], [-119.761328683742, 36.7069060356421], [-119.761169683733, 36.7069070359758], [-119.760688684407, 36.7069130358167], [-119.760614683889, 36.7069130358167], [-119.760393683956, 36.7069150357636], [-119.760320684161, 36.7069170357104], [-119.760318683613, 36.7067520359614], [-119.76031568324, 36.7062590359932], [-119.760314683415, 36.7060950358958], [-119.760763683852, 36.706238036009], [-119.760838684195, 36.7062620362991], [-119.761349683658, 36.7064120363218], [-119.762044684142, 36.7066500362275], [-119.762110684265, 36.7066640359024], [-119.762572684222, 36.7067620357163], [-119.762677683804, 36.7067840358924], [-119.762731684231, 36.7067960363132], [-119.762996683646, 36.7068260362768], [-119.7630436844, 36.706832036124], [-119.763103683776, 36.7068390363053], [-119.763230683998, 36.7068540362802], [-119.763337684128, 36.7068600361253], [-119.763355683671, 36.7072340363466]]]}, "properties": {"GEOID": "060190012012023", "P0010001": 0, "ALAND": 13755, "AWATER": 0}}, {"type": "Feature", "geometry": {"type": "Polygon", "coordinates": [[[-119.76566668508, 36.707762036314], [-119.765289683715, 36.7077640362387], [-119.764159683935, 36.7077700360128], [-119.763783684192, 36.7077730362597], [-119.763766683575, 36.7077730362597], [-119.76371768407, 36.7077730362597], [-119.763701684176, 36.7077740358619], [-119.763674684412, 36.7075780358097], [-119.763665684191, 36.7075130362698], [-119.763574683954, 36.7073640358432], [-119.76343868441, 36.7072660360768], [-119.763355683671, 36.7072340363466], [-119.763337684128, 36.7068600361253], [-119.763432683664, 36.7068660359699], [-119.763661683993, 36.7068800363256], [-119.764269684439, 36.706867036304], [-119.764426683899, 36.706867036304], [-119.764613684395, 36.706867036304], [-119.764757684335, 36.7068780356576], [-119.76493768426, 36.7070560358482], [-119.764971683697, 36.7070900363151], [-119.765332684271, 36.7074320357692], [-119.765485684431, 36.7075830359936], [-119.76566668508, 36.707762036314]]]}, "properties": {"GEOID": "060190012012024", "P0010001": 0, "ALAND": 15154, "AWATER": 0}}, {"type": "Feature", "geometry": {"type": "Polygon", "coordinates": [[[-119.763432683664, 36.7068660359699], [-119.763337684128, 36.7068600361253], [-119.763230683998, 36.7068540362802], [-119.763103683776, 36.7068390363053], [-119.7630436844, 36.706832036124], [-119.762996683646, 36.7068260362768], [-119.762731684231, 36.7067960363132], [-119.762677683804, 36.7067840358924], [-119.762572684222, 36.7067620357163], [-119.762110684265, 36.7066640359024], [-119.762044684142, 36.7066500362275], [-119.761349683658, 36.7064120363218], [-119.760838684195, 36.7062620362991], [-119.760763683852, 36.706238036009], [-119.760314683415, 36.7060950358958], [-119.760314683415, 36.7058550357373], [-119.760314683415, 36.7051340361697], [-119.76031568324, 36.7048950362507], [-119.759961683238, 36.7048910362518], [-119.75928568302, 36.704885036253], [-119.759234682967, 36.704885036253], [-119.759255682883, 36.7036560363468], [-119.759993683025, 36.7036520362833], [-119.761501683994, 36.7048900358919], [-119.763661683993, 36.7068800363256], [-119.763432683664, 36.7068660359699]]]}, "properties": {"GEOID": "060190012012025", "P0010001": 0, "ALAND": 52954, "AWATER": 0}}, {"type": "Feature", "geometry": {"type": "Polygon", "coordinates": [[[-119.760314683415, 36.7051340361697], [-119.760314683415, 36.7058550357373], [-119.760314683415, 36.7060950358958], [-119.759971683284, 36.706021036317], [-119.759865682978, 36.7059990359224], [-119.759493683433, 36.7059680360103], [-119.759206683378, 36.7059660360388], [-119.759234682967, 36.704885036253], [-119.75928568302, 36.704885036253], [-119.759961683238, 36.7048910362518], [-119.76031568324, 36.7048950362507], [-119.760314683415, 36.7051340361697]]]}, "properties": {"GEOID": "060190012012026", "P0010001": 0, "ALAND": 12106, "AWATER": 0}}, {"type": "Feature", "geometry": {"type": "Polygon", "coordinates": [[[-119.760320684161, 36.7069170357104], [-119.759968682911, 36.7069160360971], [-119.759837683389, 36.7069160360971], [-119.759295683066, 36.7069210363241], [-119.758916682949, 36.7069210363241], [-119.75856568332, 36.7069220359373], [-119.758302682656, 36.7069250362174], [-119.757514683184, 36.7069350359496], [-119.757252683243, 36.7069390358422], [-119.756995683325, 36.7069390358422], [-119.756227683046, 36.7069410357884], [-119.755971682953, 36.7069420361216], [-119.755712683385, 36.7069390358422], [-119.754938683258, 36.70693203567], [-119.754850683395, 36.70693203567], [-119.75468168334, 36.7069340363366], [-119.754673682944, 36.7068830358871], [-119.754670682571, 36.7067400362539], [-119.754660683424, 36.7061570363251], [-119.754657683051, 36.7059630357213], [-119.754697683234, 36.7059620360956], [-119.754821683082, 36.7059600361239], [-119.75486268309, 36.7059600361239], [-119.755079682825, 36.7059600361239], [-119.755731682753, 36.7059610357497], [-119.755949683212, 36.7059620360956], [-119.756211683152, 36.7059620360956], [-119.756999682625, 36.7059630357213], [-119.757262683289, 36.7059640360672], [-119.75752468323, 36.7059640360672], [-119.758313683425, 36.7059650356929], [-119.758576683191, 36.7059660360388], [-119.75892568317, 36.7059660360388], [-119.759206683378, 36.7059660360388], [-119.759493683433, 36.7059680360103], [-119.759865682978, 36.7059990359224], [-119.759971683284, 36.706021036317], [-119.760314683415, 36.7060950358958], [-119.76031568324, 36.7062590359932], [-119.760318683613, 36.7067520359614], [-119.760320684161, 36.7069170357104]]]}, "properties": {"GEOID": "060190012012027", "P0010001": 56, "ALAND": 53735, "AWATER": 0}}, {"type": "Feature", "geometry": {"type": "Polygon", "coordinates": [[[-119.748655682006, 36.7141550366527], [-119.747492681717, 36.7141550380929], [-119.74682368207, 36.7141550380929], [-119.746584681696, 36.7141550380929], [-119.745870681843, 36.7141550380929], [-119.745827682186, 36.7141550380929], [-119.745633682017, 36.7141450378599], [-119.74563668239, 36.7139770377841], [-119.745645681713, 36.713473038233], [-119.745649681911, 36.7133060376582], [-119.745652682284, 36.7127530376655], [-119.746360682288, 36.712675037703], [-119.746360682288, 36.7130030382672], [-119.746360682288, 36.7136830382077], [-119.748655682006, 36.7136740367186], [-119.748655682006, 36.7141550366527]]]}, "properties": {"GEOID": "060190012013000", "P0010001": 109, "ALAND": 21053, "AWATER": 0}}, {"type": "Feature", "geometry": {"type": "Polygon", "coordinates": [[[-119.751044683233, 36.7134980372314], [-119.75103968321, 36.7139880368402], [-119.751038683385, 36.714152036655], [-119.75094368295, 36.7141500368964], [-119.750735683436, 36.7141470368985], [-119.750658683443, 36.7141470368985], [-119.750563683009, 36.7141490366571], [-119.750512682955, 36.7141490366571], [-119.750360682619, 36.7141510371358], [-119.750310683289, 36.7141530368943], [-119.750281682976, 36.7141530368943], [-119.750197683311, 36.7141540371335], [-119.750169682823, 36.7141550366527], [-119.749499683352, 36.7141550366527], [-119.748655682006, 36.7141550366527], [-119.748655682006, 36.7136740367186], [-119.749567683124, 36.7136700371766], [-119.749563682028, 36.7130030368269], [-119.74955968183, 36.7123350369048], [-119.749551682332, 36.7111000370848], [-119.748765681611, 36.7111120368316], [-119.748765681611, 36.7116420373421], [-119.747869682184, 36.7116420373421], [-119.747885682077, 36.7109360372368], [-119.747413682074, 36.7109400369211], [-119.747413682074, 36.7100920372602], [-119.745656681583, 36.710091036968], [-119.74564268134, 36.7093580367951], [-119.745636680593, 36.7090630372428], [-119.745634680944, 36.7088970367527], [-119.745631680571, 36.7084000370457], [-119.745630680746, 36.70823503688], [-119.746171681244, 36.7082330369675], [-119.747796682389, 36.7082310370549], [-119.748338681814, 36.7082310370549], [-119.748340682362, 36.7083830367438], [-119.74834868186, 36.7088400371958], [-119.748351682233, 36.7089930367067], [-119.748350682408, 36.7091450370489], [-119.74834868186, 36.709604037167], [-119.74834868186, 36.7097570373172], [-119.748351682233, 36.7099110367371], [-119.748363681928, 36.7103750373229], [-119.748368681951, 36.7105300372311], [-119.748738681847, 36.7105250372389], [-119.749848682433, 36.7105120371138], [-119.750219682154, 36.710508036687], [-119.750206681735, 36.7110730367475], [-119.750170682648, 36.7127710372578], [-119.750158682953, 36.7133370367704], [-119.750335683403, 36.7133360372406], [-119.750868682607, 36.7133350369906], [-119.751046682882, 36.7133350369906], [-119.751044683233, 36.7134980372314]]]}, "properties": {"GEOID": "060190012013001", "P0010001": 344, "ALAND": 104267, "AWATER": 0}}, {"type": "Feature", "geometry": {"type": "Polygon", "coordinates": [[[-119.747869682184, 36.7116420373421], [-119.746360682288, 36.7116420373421], [-119.746360682288, 36.7109480370092], [-119.747413682074, 36.7109400369211], [-119.747885682077, 36.7109360372368], [-119.747869682184, 36.7116420373421]]]}, "properties": {"GEOID": "060190012013002", "P0010001": 66, "ALAND": 10526, "AWATER": 0}}, {"type": "Feature", "geometry": {"type": "Polygon", "coordinates": [[[-119.749567683124, 36.7136700371766], [-119.748655682006, 36.7136740367186], [-119.746360682288, 36.7136830382077], [-119.746360682288, 36.7130030382672], [-119.749563682028, 36.7130030368269], [-119.749567683124, 36.7136700371766]]]}, "properties": {"GEOID": "060190012013003", "P0010001": 127, "ALAND": 21407, "AWATER": 0}}, {"type": "Feature", "geometry": {"type": "Polygon", "coordinates": [[[-119.748765681611, 36.7123350369048], [-119.746360682288, 36.7123350369048], [-119.746360682288, 36.7116420373421], [-119.747869682184, 36.7116420373421], [-119.748765681611, 36.7116420373421], [-119.748765681611, 36.7123350369048]]]}, "properties": {"GEOID": "060190012013004", "P0010001": 87, "ALAND": 16525, "AWATER": 0}}, {"type": "Feature", "geometry": {"type": "Polygon", "coordinates": [[[-119.74955968183, 36.7123350369048], [-119.748765681611, 36.7123350369048], [-119.748765681611, 36.7116420373421], [-119.748765681611, 36.7111120368316], [-119.749551682332, 36.7111000370848], [-119.74955968183, 36.7123350369048]]]}, "properties": {"GEOID": "060190012013005", "P0010001": 0, "ALAND": 9627, "AWATER": 0}}, {"type": "Feature", "geometry": {"type": "Polygon", "coordinates": [[[-119.747413682074, 36.7109400369211], [-119.746360682288, 36.7109480370092], [-119.746360682288, 36.7116420373421], [-119.746360682288, 36.7123350369048], [-119.746360682288, 36.712675037703], [-119.745652682284, 36.7127530376655], [-119.745662682329, 36.7110930372917], [-119.745666681629, 36.7105410367806], [-119.745660681781, 36.7102450371589], [-119.745656681583, 36.710091036968], [-119.747413682074, 36.7100920372602], [-119.747413682074, 36.7109400369211]]]}, "properties": {"GEOID": "060190012013006", "P0010001": 147, "ALAND": 27121, "AWATER": 0}}, {"type": "Feature", "geometry": {"type": "Polygon", "coordinates": [[[-119.749563682028, 36.7130030368269], [-119.746360682288, 36.7130030382672], [-119.746360682288, 36.712675037703], [-119.746360682288, 36.7123350369048], [-119.748765681611, 36.7123350369048], [-119.74955968183, 36.7123350369048], [-119.749563682028, 36.7130030368269]]]}, "properties": {"GEOID": "060190012013007", "P0010001": 131, "ALAND": 21201, "AWATER": 0}}, {"type": "Feature", "geometry": {"type": "Polygon", "coordinates": [[[-119.750845682143, 36.7105180366732], [-119.750219682154, 36.710508036687], [-119.749848682433, 36.7105120371138], [-119.748738681847, 36.7105250372389], [-119.748368681951, 36.7105300372311], [-119.748363681928, 36.7103750373229], [-119.748351682233, 36.7099110367371], [-119.74834868186, 36.7097570373172], [-119.74834868186, 36.709604037167], [-119.748350682408, 36.7091450370489], [-119.748351682233, 36.7089930367067], [-119.749720682386, 36.7089860367217], [-119.750761681579, 36.708971037163], [-119.750821681853, 36.7089700368562], [-119.750855682188, 36.7089700368562], [-119.750845682143, 36.7105180366732]]]}, "properties": {"GEOID": "060190012013008", "P0010001": 213, "ALAND": 37953, "AWATER": 0}}, {"type": "Feature", "geometry": {"type": "Polygon", "coordinates": [[[-119.751065682251, 36.711087037057], [-119.751053682555, 36.7127730370522], [-119.75105068308, 36.7132330373533], [-119.751046682882, 36.7133350369906], [-119.750868682607, 36.7133350369906], [-119.750335683403, 36.7133360372406], [-119.750158682953, 36.7133370367704], [-119.750170682648, 36.7127710372578], [-119.750206681735, 36.7110730367475], [-119.750219682154, 36.710508036687], [-119.750845682143, 36.7105180366732], [-119.751070682274, 36.7105250372389], [-119.751065682251, 36.711087037057]]]}, "properties": {"GEOID": "060190012013009", "P0010001": 115, "ALAND": 24359, "AWATER": 0}}, {"type": "Feature", "geometry": {"type": "Polygon", "coordinates": [[[-119.751959682926, 36.7106310372911], [-119.751957683277, 36.7110860367777], [-119.751951683429, 36.712772036795], [-119.751949682881, 36.7133340367407], [-119.751768683131, 36.7133340367407], [-119.751226682807, 36.7133340367407], [-119.751046682882, 36.7133350369906], [-119.75105068308, 36.7132330373533], [-119.751053682555, 36.7127730370522], [-119.751065682251, 36.711087037057], [-119.751070682274, 36.7105250372389], [-119.751250682199, 36.7105250372389], [-119.751790682872, 36.7105250372389], [-119.751970682797, 36.7105250372389], [-119.751959682926, 36.7106310372911]]]}, "properties": {"GEOID": "060190012013010", "P0010001": 130, "ALAND": 24932, "AWATER": 0}}, {"type": "Feature", "geometry": {"type": "Polygon", "coordinates": [[[-119.752132683179, 36.7105180366732], [-119.752099682669, 36.7105190369599], [-119.752002682584, 36.7105230366659], [-119.751970682797, 36.7105250372389], [-119.751790682872, 36.7105250372389], [-119.751250682199, 36.7105250372389], [-119.751070682274, 36.7105250372389], [-119.750845682143, 36.7105180366732], [-119.750855682188, 36.7089700368562], [-119.752133682105, 36.7089760372562], [-119.752132683179, 36.7105180366732]]]}, "properties": {"GEOID": "060190012013011", "P0010001": 130, "ALAND": 19722, "AWATER": 0}}, {"type": "Feature", "geometry": {"type": "Polygon", "coordinates": [[[-119.752140681778, 36.7070380370776], [-119.752133682105, 36.7089760372562], [-119.750855682188, 36.7089700368562], [-119.750826681876, 36.7083890371897], [-119.750839682295, 36.7070820372657], [-119.75085168199, 36.7069350366699], [-119.752148682174, 36.7069300371639], [-119.752140681778, 36.7070380370776]]]}, "properties": {"GEOID": "060190012013012", "P0010001": 87, "ALAND": 26326, "AWATER": 0}}, {"type": "Feature", "geometry": {"type": "Polygon", "coordinates": [[[-119.750855682188, 36.7089700368562], [-119.750821681853, 36.7089700368562], [-119.750761681579, 36.708971037163], [-119.749720682386, 36.7089860367217], [-119.749708681793, 36.7082150370323], [-119.749708681793, 36.7080660372465], [-119.749710682341, 36.7076210368046], [-119.749711682166, 36.7074730369135], [-119.74971468164, 36.7074170373476], [-119.749727682059, 36.7072520372318], [-119.749731682257, 36.7071970371144], [-119.749752682174, 36.7069080370296], [-119.75085168199, 36.7069350366699], [-119.750839682295, 36.7070820372657], [-119.750826681876, 36.7083890371897], [-119.750855682188, 36.7089700368562]]]}, "properties": {"GEOID": "060190012013013", "P0010001": 147, "ALAND": 22818, "AWATER": 0}}, {"type": "Feature", "geometry": {"type": "Polygon", "coordinates": [[[-119.749720682386, 36.7089860367217], [-119.748351682233, 36.7089930367067], [-119.74834868186, 36.7088400371958], [-119.748340682362, 36.7083830367438], [-119.748338681814, 36.7082310370549], [-119.748341682187, 36.7080750372321], [-119.748354681708, 36.7076090372327], [-119.748358681905, 36.7074540371939], [-119.748628682242, 36.707457036733], [-119.749440682004, 36.7074690370488], [-119.749711682166, 36.7074730369135], [-119.749710682341, 36.7076210368046], [-119.749708681793, 36.7080660372465], [-119.749708681793, 36.7082150370323], [-119.749720682386, 36.7089860367217]]]}, "properties": {"GEOID": "060190012013014", "P0010001": 96, "ALAND": 20672, "AWATER": 0}}, {"type": "Feature", "geometry": {"type": "Polygon", "coordinates": [[[-119.749731682257, 36.7071970371144], [-119.749727682059, 36.7072520372318], [-119.74971468164, 36.7074170373476], [-119.749711682166, 36.7074730369135], [-119.749440682004, 36.7074690370488], [-119.748628682242, 36.707457036733], [-119.748358681905, 36.7074540371939], [-119.748354681708, 36.7076090372327], [-119.748341682187, 36.7080750372321], [-119.748338681814, 36.7082310370549], [-119.747796682389, 36.7082310370549], [-119.746171681244, 36.7082330369675], [-119.745630680746, 36.70823503688], [-119.7456206807, 36.7079840370092], [-119.7456206807, 36.7079570370173], [-119.745634680944, 36.7071250370977], [-119.745639680966, 36.7068480371548], [-119.745812681219, 36.7068600368454], [-119.745947680938, 36.7068600368454], [-119.746872680678, 36.7068610371796], [-119.747181681372, 36.7068620367937], [-119.747476680925, 36.7068620367937], [-119.748364681753, 36.7068630371279], [-119.748660682029, 36.7068640367419], [-119.749438682354, 36.706900037241], [-119.749752682174, 36.7069080370296], [-119.749731682257, 36.7071970371144]]]}, "properties": {"GEOID": "060190012013015", "P0010001": 157, "ALAND": 44941, "AWATER": 0}}, {"type": "Feature", "geometry": {"type": "Polygon", "coordinates": [[[-119.754715681879, 36.7033300362564], [-119.75469868216, 36.7034120356979], [-119.75469868216, 36.7036380360597], [-119.75469868216, 36.7038270363428], [-119.75468968194, 36.7045690356541], [-119.754686681566, 36.7048800358935], [-119.754679681894, 36.7050960362895], [-119.754662683074, 36.705746035973], [-119.754657683051, 36.7059630357213], [-119.754435682395, 36.7059530358625], [-119.753810682231, 36.705959035778], [-119.753438681787, 36.7059840357806], [-119.753182681694, 36.7060020362384], [-119.752576681796, 36.706128035724], [-119.750287681926, 36.7067280372647], [-119.749876682022, 36.7067990373183], [-119.749744681778, 36.7068220370985], [-119.748660682029, 36.7068640367419], [-119.748364681753, 36.7068630371279], [-119.747476680925, 36.7068620367937], [-119.747181681372, 36.7068620367937], [-119.746872680678, 36.7068610371796], [-119.745947680938, 36.7068600368454], [-119.745812681219, 36.7068600368454], [-119.745639680966, 36.7068480371548], [-119.745635680768, 36.7066770366786], [-119.745625680723, 36.7061650369112], [-119.745622681248, 36.705995036701], [-119.745623681073, 36.7057680371602], [-119.745628681096, 36.7050880370325], [-119.745631680571, 36.7048620373335], [-119.748567681245, 36.7049150369625], [-119.74893768114, 36.7049020373286], [-119.749177682238, 36.7048440373289], [-119.749469682316, 36.7047400372198], [-119.749734681732, 36.7045910371783], [-119.749942682144, 36.7044350357281], [-119.750071682016, 36.7042860358154], [-119.750182682344, 36.7040460357694], [-119.75024068207, 36.7038450358653], [-119.750280681355, 36.7015560363531], [-119.750208681385, 36.701732035824], [-119.750130680669, 36.7018520363125], [-119.750140680714, 36.7004730356459], [-119.750144680912, 36.6999690361134], [-119.750282681005, 36.6999730356482], [-119.750472680975, 36.6999740360721], [-119.750738681114, 36.6999760361995], [-119.751063680804, 36.6999790360305], [-119.751456681165, 36.6999830362851], [-119.751785681053, 36.6999870358192], [-119.752293681939, 36.6999910360733], [-119.753396681954, 36.7000020356908], [-119.75365568242, 36.700013036027], [-119.753789682314, 36.7000410363518], [-119.753813681705, 36.7000480357112], [-119.754298682127, 36.7002000357392], [-119.754464681809, 36.7002520360019], [-119.754561681893, 36.7003000359917], [-119.754643681909, 36.7003700358029], [-119.754675681696, 36.7004510358239], [-119.754685681742, 36.7005390357945], [-119.75468968194, 36.7005700357356], [-119.754699681985, 36.7007650359611], [-119.754701681635, 36.7022360360407], [-119.754702682358, 36.7023410363301], [-119.754710681856, 36.7028020360885], [-119.754711681681, 36.7029070363249], [-119.754714682054, 36.7032240362163], [-119.754715681879, 36.7033300362564]]]}, "properties": {"GEOID": "060190012014000", "P0010001": 0, "ALAND": 368188, "AWATER": 0}}, {"type": "Feature", "geometry": {"type": "Polygon", "coordinates": [[[-119.75024068207, 36.7038450358653], [-119.750182682344, 36.7040460357694], [-119.750071682016, 36.7042860358154], [-119.749942682144, 36.7044350357281], [-119.749734681732, 36.7045910371783], [-119.749469682316, 36.7047400372198], [-119.749177682238, 36.7048440373289], [-119.74893768114, 36.7049020373286], [-119.748567681245, 36.7049150369625], [-119.745631680571, 36.7048620373335], [-119.745633681119, 36.7045470370044], [-119.745641680616, 36.70360303729], [-119.745644680989, 36.7032890372231], [-119.745639680966, 36.7031660371109], [-119.745638681142, 36.7031000370574], [-119.745631680571, 36.7025330366529], [-119.745630680746, 36.7024250368904], [-119.747665681071, 36.7024210360428], [-119.749300681364, 36.7023970359936], [-119.749534680817, 36.7023580358078], [-119.749638680574, 36.7022800360971], [-119.749806680804, 36.7021760361196], [-119.750027680736, 36.7019950356778], [-119.750130680669, 36.7018520363125], [-119.750208681385, 36.701732035824], [-119.750280681355, 36.7015560363531], [-119.75024068207, 36.7038450358653]]]}, "properties": {"GEOID": "060190012014001", "P0010001": 0, "ALAND": 112101, "AWATER": 0}}, {"type": "Feature", "geometry": {"type": "Polygon", "coordinates": [[[-119.758576683191, 36.7059660360388], [-119.758313683425, 36.7059650356929], [-119.75752468323, 36.7059640360672], [-119.757262683289, 36.7059640360672], [-119.756999682625, 36.7059630357213], [-119.756211683152, 36.7059620360956], [-119.755949683212, 36.7059620360956], [-119.755731682753, 36.7059610357497], [-119.755079682825, 36.7059600361239], [-119.75486268309, 36.7059600361239], [-119.754821683082, 36.7059600361239], [-119.754697683234, 36.7059620360956], [-119.754657683051, 36.7059630357213], [-119.754662683074, 36.705746035973], [-119.754679681894, 36.7050960362895], [-119.754686681566, 36.7048800358935], [-119.754941681835, 36.7048820358933], [-119.75547368301, 36.7048750362539], [-119.755706682639, 36.7048780358937], [-119.755961682907, 36.7048820358933], [-119.756218682825, 36.7048740358939], [-119.756631683277, 36.7048620358931], [-119.756991683127, 36.7048670362537], [-119.75724968287, 36.7048710362539], [-119.757508683336, 36.7048750362539], [-119.757990683385, 36.704884035893], [-119.758286682763, 36.704885036253], [-119.758546683054, 36.7048870362526], [-119.758553682726, 36.7050390360739], [-119.758556683099, 36.7050800363343], [-119.758551683076, 36.7052270361573], [-119.75856568332, 36.7054960362467], [-119.758573682818, 36.7056490359338], [-119.758573682818, 36.7057120363518], [-119.758575683366, 36.7059020362024], [-119.758576683191, 36.7059660360388]]]}, "properties": {"GEOID": "060190012014002", "P0010001": 152, "ALAND": 41919, "AWATER": 0}}, {"type": "Feature", "geometry": {"type": "Polygon", "coordinates": [[[-119.759206683378, 36.7059660360388], [-119.75892568317, 36.7059660360388], [-119.758576683191, 36.7059660360388], [-119.758575683366, 36.7059020362024], [-119.758573682818, 36.7057120363518], [-119.758573682818, 36.7056490359338], [-119.75856568332, 36.7054960362467], [-119.758551683076, 36.7052270361573], [-119.758556683099, 36.7050800363343], [-119.758553682726, 36.7050390360739], [-119.758546683054, 36.7048870362526], [-119.758899683231, 36.7048860358927], [-119.759234682967, 36.704885036253], [-119.759206683378, 36.7059660360388]]]}, "properties": {"GEOID": "060190012014003", "P0010001": 75, "ALAND": 7043, "AWATER": 0}}, {"type": "Feature", "geometry": {"type": "Polygon", "coordinates": [[[-119.764947684306, 36.7068780356576], [-119.764804684191, 36.7068780356576], [-119.764757684335, 36.7068780356576], [-119.764613684395, 36.706867036304], [-119.764426683899, 36.706867036304], [-119.764269684439, 36.706867036304], [-119.763661683993, 36.7068800363256], [-119.761501683994, 36.7048900358919], [-119.759993683025, 36.7036520362833], [-119.759255682883, 36.7036560363468], [-119.759234682967, 36.704885036253], [-119.758899683231, 36.7048860358927], [-119.758546683054, 36.7048870362526], [-119.758549683427, 36.7045920361016], [-119.758558682749, 36.7038200358871], [-119.758557682924, 36.7037070360568], [-119.758556683099, 36.703413036077], [-119.758555683274, 36.7033930356945], [-119.758555683274, 36.7033340363365], [-119.758555683274, 36.7033150363139], [-119.758293683334, 36.7033160359741], [-119.757507682613, 36.7033180360146], [-119.757246683395, 36.703320036055], [-119.757188682771, 36.7033190356747], [-119.757014682693, 36.7033170363545], [-119.756957682792, 36.7033170363545], [-119.756955683142, 36.7032110362965], [-119.756952682769, 36.702895036017], [-119.756952682769, 36.7028480358736], [-119.756927682655, 36.7027960359266], [-119.756483682241, 36.7027960359266], [-119.755852682229, 36.7027970363137], [-119.755153682445, 36.7028010357014], [-119.754829681682, 36.7028040361423], [-119.754710681856, 36.7028020360885], [-119.754702682358, 36.7023410363301], [-119.754701681635, 36.7022360360407], [-119.754699681985, 36.7007650359611], [-119.75468968194, 36.7005700357356], [-119.754685681742, 36.7005390357945], [-119.754675681696, 36.7004510358239], [-119.754643681909, 36.7003700358029], [-119.754561681893, 36.7003000359917], [-119.754464681809, 36.7002520360019], [-119.754298682127, 36.7002000357392], [-119.753813681705, 36.7000480357112], [-119.753789682314, 36.7000410363518], [-119.75365568242, 36.700013036027], [-119.753396681954, 36.7000020356908], [-119.752293681939, 36.6999910360733], [-119.751785681053, 36.6999870358192], [-119.751456681165, 36.6999830362851], [-119.751063680804, 36.6999790360305], [-119.751202680721, 36.699905036325], [-119.751508681043, 36.6998140357913], [-119.751877681114, 36.69975703598], [-119.752340681795, 36.6996740358127], [-119.752414682313, 36.6996770356554], [-119.753358682319, 36.6997260357111], [-119.754064681776, 36.6998740361157], [-119.754815682336, 36.7000950361263], [-119.754994682436, 36.7001460360385], [-119.75583968181, 36.7003900362517], [-119.756209681706, 36.7006300361901], [-119.757416683274, 36.7014610361561], [-119.757530683077, 36.7015390359777], [-119.760813683183, 36.703817036206], [-119.762129683633, 36.7047050360711], [-119.762404683992, 36.7048910362518], [-119.763710684397, 36.7057730360215], [-119.763967684315, 36.7059940363556], [-119.764738684069, 36.7066570357051], [-119.764995683987, 36.7068790359917], [-119.764947684306, 36.7068780356576]]]}, "properties": {"GEOID": "060190012014004", "P0010001": 101, "ALAND": 141283, "AWATER": 0}}, {"type": "Feature", "geometry": {"type": "Polygon", "coordinates": [[[-119.758558682749, 36.7038200358871], [-119.758549683427, 36.7045920361016], [-119.758546683054, 36.7048870362526], [-119.758286682763, 36.704885036253], [-119.757990683385, 36.704884035893], [-119.757508683336, 36.7048750362539], [-119.75724968287, 36.7048710362539], [-119.757254682893, 36.7045600359781], [-119.757255682718, 36.7045330362236], [-119.757239682824, 36.7036460361878], [-119.757239682824, 36.7036300359308], [-119.757246683395, 36.703320036055], [-119.757507682613, 36.7033180360146], [-119.758293683334, 36.7033160359741], [-119.758555683274, 36.7033150363139], [-119.758555683274, 36.7033340363365], [-119.758555683274, 36.7033930356945], [-119.758556683099, 36.703413036077], [-119.758557682924, 36.7037070360568], [-119.758558682749, 36.7038200358871]]]}, "properties": {"GEOID": "060190012014005", "P0010001": 132, "ALAND": 20253, "AWATER": 0}}, {"type": "Feature", "geometry": {"type": "Polygon", "coordinates": [[[-119.756957682792, 36.7033170363545], [-119.756754683301, 36.7033170363545], [-119.756624682706, 36.7033180360146], [-119.756147681782, 36.7033140359336], [-119.755945682115, 36.7033130362734], [-119.755698682243, 36.7033150363139], [-119.754960682101, 36.7033220360954], [-119.754857682169, 36.7033240361357], [-119.754715681879, 36.7033300362564], [-119.754714682054, 36.7032240362163], [-119.754711681681, 36.7029070363249], [-119.754710681856, 36.7028020360885], [-119.754829681682, 36.7028040361423], [-119.755153682445, 36.7028010357014], [-119.755852682229, 36.7027970363137], [-119.756483682241, 36.7027960359266], [-119.756927682655, 36.7027960359266], [-119.756952682769, 36.7028480358736], [-119.756952682769, 36.702895036017], [-119.756955683142, 36.7032110362965], [-119.756957682792, 36.7033170363545]]]}, "properties": {"GEOID": "060190012014006", "P0010001": 46, "ALAND": 11532, "AWATER": 0}}, {"type": "Feature", "geometry": {"type": "Polygon", "coordinates": [[[-119.757254682893, 36.7045600359781], [-119.75724968287, 36.7048710362539], [-119.756991683127, 36.7048670362537], [-119.756631683277, 36.7048620358931], [-119.756218682825, 36.7048740358939], [-119.755961682907, 36.7048820358933], [-119.755963682557, 36.7045680360103], [-119.75596668293, 36.7041160357702], [-119.755951682861, 36.7038680358093], [-119.755944683189, 36.7036590360341], [-119.755945682115, 36.703626035866], [-119.755952681788, 36.7035070356441], [-119.755945682115, 36.7033130362734], [-119.756147681782, 36.7033140359336], [-119.756624682706, 36.7033180360146], [-119.756754683301, 36.7033170363545], [-119.756957682792, 36.7033170363545], [-119.757014682693, 36.7033170363545], [-119.757188682771, 36.7033190356747], [-119.757246683395, 36.703320036055], [-119.757239682824, 36.7036300359308], [-119.757239682824, 36.7036460361878], [-119.757255682718, 36.7045330362236], [-119.757254682893, 36.7045600359781]]]}, "properties": {"GEOID": "060190012014007", "P0010001": 64, "ALAND": 19861, "AWATER": 0}}, {"type": "Feature", "geometry": {"type": "Polygon", "coordinates": [[[-119.765594684211, 36.7068810359394], [-119.765410684088, 36.7068800363256], [-119.765349683989, 36.7068800363256], [-119.765278683844, 36.7068790359917], [-119.765065684307, 36.7068790359917], [-119.764995683987, 36.7068790359917], [-119.764738684069, 36.7066570357051], [-119.763967684315, 36.7059940363556], [-119.763710684397, 36.7057730360215], [-119.762404683992, 36.7048910362518], [-119.762129683633, 36.7047050360711], [-119.760813683183, 36.703817036206], [-119.757530683077, 36.7015390359777], [-119.757416683274, 36.7014610361561], [-119.756209681706, 36.7006300361901], [-119.75583968181, 36.7003900362517], [-119.754994682436, 36.7001460360385], [-119.754815682336, 36.7000950361263], [-119.754064681776, 36.6998740361157], [-119.753358682319, 36.6997260357111], [-119.752414682313, 36.6996770356554], [-119.752340681795, 36.6996740358127], [-119.752277681147, 36.6996710359698], [-119.751537681355, 36.6997170361883], [-119.751031681017, 36.699707036237], [-119.750747681335, 36.6997010358336], [-119.750338681081, 36.6996470357823], [-119.75007868079, 36.6995820360171], [-119.749761680598, 36.6995310357308], [-119.749566680604, 36.699510036069], [-119.749626680878, 36.6994900361115], [-119.749747681252, 36.6994370363429], [-119.749977681406, 36.6992920356748], [-119.750175680874, 36.6991100359295], [-119.75031668134, 36.6989770362863], [-119.750487681044, 36.6987510359046], [-119.750632680809, 36.698476036198], [-119.750688680885, 36.6982540361284], [-119.750708680977, 36.6977290363039], [-119.750591680801, 36.6964190359172], [-119.750501681288, 36.6953810357531], [-119.750465681303, 36.6948880363184], [-119.750360680822, 36.6934130347693], [-119.750325679764, 36.6929210347559], [-119.753391681033, 36.6957130349776], [-119.75815468162, 36.7000510348191], [-119.76258968394, 36.7040890358597], [-119.765656684136, 36.7068820362734], [-119.765594684211, 36.7068810359394]]]}, "properties": {"GEOID": "060190012014008", "P0010001": 0, "ALAND": 363475, "AWATER": 0}}, {"type": "Feature", "geometry": {"type": "Polygon", "coordinates": [[[-119.752340681795, 36.6996740358127], [-119.751877681114, 36.69975703598], [-119.751508681043, 36.6998140357913], [-119.751202680721, 36.699905036325], [-119.751063680804, 36.6999790360305], [-119.750738681114, 36.6999760361995], [-119.750472680975, 36.6999740360721], [-119.750282681005, 36.6999730356482], [-119.750144680912, 36.6999690361134], [-119.749833680568, 36.6999590361949], [-119.749772681367, 36.699956035643], [-119.748716681207, 36.6999130361214], [-119.748660681131, 36.6999120356967], [-119.74828968141, 36.6999110359923], [-119.747761681331, 36.6999080361587], [-119.746180680567, 36.6998990359369], [-119.745653680312, 36.6998960361029], [-119.745652679589, 36.6998470361556], [-119.745649680114, 36.6997000361264], [-119.745649680114, 36.6996510360542], [-119.745646679741, 36.6994900361115], [-119.749404681121, 36.699498035951], [-119.749566680604, 36.699510036069], [-119.749761680598, 36.6995310357308], [-119.75007868079, 36.6995820360171], [-119.750338681081, 36.6996470357823], [-119.750747681335, 36.6997010358336], [-119.751031681017, 36.699707036237], [-119.751537681355, 36.6997170361883], [-119.752277681147, 36.6996710359698], [-119.752340681795, 36.6996740358127]]]}, "properties": {"GEOID": "060190012014009", "P0010001": 0, "ALAND": 22454, "AWATER": 0}}, {"type": "Feature", "geometry": {"type": "Polygon", "coordinates": [[[-119.750140680714, 36.7004730356459], [-119.749935680675, 36.7006040361909], [-119.749728680986, 36.70067503614], [-119.749501681205, 36.7007140357393], [-119.748982681346, 36.7007330356847], [-119.747690681186, 36.7007590356402], [-119.747279681282, 36.700753036039], [-119.746046680672, 36.7007370359], [-119.745636680593, 36.7007320359909], [-119.745639680966, 36.7005640361197], [-119.745649680114, 36.7000630362912], [-119.745653680312, 36.6998960361029], [-119.746180680567, 36.6998990359369], [-119.747761681331, 36.6999080361587], [-119.74828968141, 36.6999110359923], [-119.748660681131, 36.6999120356967], [-119.748716681207, 36.6999130361214], [-119.749772681367, 36.699956035643], [-119.749833680568, 36.6999590361949], [-119.750144680912, 36.6999690361134], [-119.750140680714, 36.7004730356459]]]}, "properties": {"GEOID": "060190012014010", "P0010001": 0, "ALAND": 36108, "AWATER": 0}}, {"type": "Feature", "geometry": {"type": "Polygon", "coordinates": [[[-119.750130680669, 36.7018520363125], [-119.750027680736, 36.7019950356778], [-119.749806680804, 36.7021760361196], [-119.749638680574, 36.7022800360971], [-119.749534680817, 36.7023580358078], [-119.749300681364, 36.7023970359936], [-119.747665681071, 36.7024210360428], [-119.745630680746, 36.7024250368904], [-119.745629680921, 36.702344036789], [-119.745627681271, 36.70218603719], [-119.745621681423, 36.701715036928], [-119.745619680875, 36.7015580357192], [-119.745622681248, 36.7013920363033], [-119.745632681294, 36.7008970357], [-119.745636680593, 36.7007320359909], [-119.746046680672, 36.7007370359], [-119.747279681282, 36.700753036039], [-119.747690681186, 36.7007590356402], [-119.748982681346, 36.7007330356847], [-119.749501681205, 36.7007140357393], [-119.749728680986, 36.70067503614], [-119.749935680675, 36.7006040361909], [-119.750140680714, 36.7004730356459], [-119.750130680669, 36.7018520363125]]]}, "properties": {"GEOID": "060190012014011", "P0010001": 0, "ALAND": 73822, "AWATER": 0}}, {"type": "Feature", "geometry": {"type": "Polygon", "coordinates": [[[-119.755963682557, 36.7045680360103], [-119.755961682907, 36.7048820358933], [-119.755706682639, 36.7048780358937], [-119.75547368301, 36.7048750362539], [-119.754941681835, 36.7048820358933], [-119.754686681566, 36.7048800358935], [-119.75468968194, 36.7045690356541], [-119.75469868216, 36.7038270363428], [-119.75469868216, 36.7036380360597], [-119.75469868216, 36.7034120356979], [-119.754715681879, 36.7033300362564], [-119.754857682169, 36.7033240361357], [-119.754960682101, 36.7033220360954], [-119.755698682243, 36.7033150363139], [-119.755945682115, 36.7033130362734], [-119.755952681788, 36.7035070356441], [-119.755945682115, 36.703626035866], [-119.755944683189, 36.7036590360341], [-119.755951682861, 36.7038680358093], [-119.75596668293, 36.7041160357702], [-119.755963682557, 36.7045680360103]]]}, "properties": {"GEOID": "060190012014012", "P0010001": 84, "ALAND": 19535, "AWATER": 0}}, {"type": "Feature", "geometry": {"type": "Polygon", "coordinates": [[[-119.75468168334, 36.7069340363366], [-119.754174683177, 36.7069310360569], [-119.75305768202, 36.7069270368841], [-119.752654681614, 36.7069280372175], [-119.752148682174, 36.7069300371639], [-119.75085168199, 36.7069350366699], [-119.749752682174, 36.7069080370296], [-119.749438682354, 36.706900037241], [-119.748660682029, 36.7068640367419], [-119.749744681778, 36.7068220370985], [-119.749876682022, 36.7067990373183], [-119.750287681926, 36.7067280372647], [-119.752576681796, 36.706128035724], [-119.753182681694, 36.7060020362384], [-119.753438681787, 36.7059840357806], [-119.753810682231, 36.705959035778], [-119.754435682395, 36.7059530358625], [-119.754657683051, 36.7059630357213], [-119.754660683424, 36.7061570363251], [-119.754670682571, 36.7067400362539], [-119.754673682944, 36.7068830358871], [-119.75468168334, 36.7069340363366]]]}, "properties": {"GEOID": "060190012014013", "P0010001": 0, "ALAND": 32005, "AWATER": 0}}, {"type": "Feature", "geometry": {"type": "Polygon", "coordinates": [[[-119.750487681044, 36.6987510359046], [-119.75031668134, 36.6989770362863], [-119.750175680874, 36.6991100359295], [-119.749977681406, 36.6992920356748], [-119.749747681252, 36.6994370363429], [-119.749626680878, 36.6994900361115], [-119.749566680604, 36.699510036069], [-119.749404681121, 36.699498035951], [-119.745646679741, 36.6994900361115], [-119.74563567987, 36.6987740359323], [-119.750387680587, 36.6987480360257], [-119.750487681044, 36.6987510359046]]]}, "properties": {"GEOID": "060190012014014", "P0010001": 0, "ALAND": 32654, "AWATER": 0}}, {"type": "Feature", "geometry": {"type": "Polygon", "coordinates": [[[-119.750688680885, 36.6982540361284], [-119.750632680809, 36.698476036198], [-119.750487681044, 36.6987510359046], [-119.750387680587, 36.6987480360257], [-119.74563567987, 36.6987740359323], [-119.745641679718, 36.6960420356651], [-119.745637680418, 36.6953490361166], [-119.745626679649, 36.6932720363084], [-119.74562468, 36.6926510362391], [-119.745627680373, 36.6925800360822], [-119.745628680197, 36.6925470362], [-119.74563368022, 36.6924510358728], [-119.74563567987, 36.6924190357372], [-119.746444680157, 36.6924130362055], [-119.748874679595, 36.6923960352487], [-119.74905068022, 36.6923950347262], [-119.749684679706, 36.6923880346701], [-119.749797679684, 36.6924810349525], [-119.749812679753, 36.6924940352464], [-119.749892680119, 36.6925610348421], [-119.750196679893, 36.6928140349716], [-119.750325679764, 36.6929210347559], [-119.750360680822, 36.6934130347693], [-119.750465681303, 36.6948880363184], [-119.750501681288, 36.6953810357531], [-119.750591680801, 36.6964190359172], [-119.750708680977, 36.6977290363039], [-119.750688680885, 36.6982540361284]]]}, "properties": {"GEOID": "060190012014015", "P0010001": 16, "ALAND": 306054, "AWATER": 0}}, {"type": "Feature", "geometry": {"type": "Polygon", "coordinates": [[[-119.745588681811, 36.7184990379417], [-119.745586682161, 36.7188500379039], [-119.745037682165, 36.7188730376772], [-119.745011682226, 36.7188340379323], [-119.745005682378, 36.7188120383259], [-119.744908682294, 36.7183870382789], [-119.744895681875, 36.7183610378067], [-119.744856682415, 36.7183420378991], [-119.744814681684, 36.7183510381212], [-119.744691681661, 36.7183710382109], [-119.744584682429, 36.7183680376577], [-119.744516681758, 36.7183610378067], [-119.7439976819, 36.7182930381916], [-119.74385168231, 36.7182960380276], [-119.743715681867, 36.7183090382759], [-119.743634681676, 36.7183420378991], [-119.743585682171, 36.7183840377264], [-119.743592681844, 36.7191940379271], [-119.743634681676, 36.7193850377354], [-119.743666682362, 36.7194600382956], [-119.743715681867, 36.7195180380641], [-119.743809681579, 36.719547037932], [-119.744798681791, 36.7195310381055], [-119.745583681788, 36.7195310381055], [-119.745582682862, 36.7201230381039], [-119.744664681896, 36.72012703803], [-119.744546681896, 36.72012703803], [-119.744204681589, 36.7200300381435], [-119.743912682409, 36.719958037911], [-119.743819681624, 36.7199490378772], [-119.743731681761, 36.719971037878], [-119.743663681989, 36.7200040382273], [-119.743486682437, 36.7203890381355], [-119.743465681622, 36.72044803808], [-119.743465681622, 36.7205110378852], [-119.743482682239, 36.7206080378843], [-119.743714682042, 36.7211070388462], [-119.743739682157, 36.7211360388342], [-119.743760682073, 36.7211490393218], [-119.745578682664, 36.7211530377544], [-119.745578682664, 36.721388037648], [-119.743760682073, 36.7213860387979], [-119.741498681967, 36.7213840392277], [-119.739461681992, 36.7213860387979], [-119.73830868085, 36.7213810387921], [-119.737716681196, 36.7213790392218], [-119.737076680963, 36.7213840392277], [-119.736491680982, 36.7213900386582], [-119.736490681158, 36.7212830389028], [-119.736488680609, 36.7209650391939], [-119.736488680609, 36.7208590389985], [-119.736487680784, 36.7207120388384], [-119.736485681135, 36.7202710388307], [-119.736485681135, 36.7201250391471], [-119.736489681333, 36.7197310392964], [-119.736501681028, 36.7185520389661], [-119.736506681051, 36.7181590391551], [-119.736506681051, 36.7180880387971], [-119.736506681051, 36.7178760389603], [-119.736506681051, 36.7178370387093], [-119.736506681051, 36.7178060392526], [-119.737329680683, 36.717800038822], [-119.739800681027, 36.7177840379116], [-119.740624681383, 36.7177800378636], [-119.741222681782, 36.7177810380556], [-119.743016682084, 36.7177870377676], [-119.743468681995, 36.7177890381515], [-119.743615682308, 36.7177860382956], [-119.743805682279, 36.7177850381036], [-119.744377681841, 36.7177840379116], [-119.744457682207, 36.7177840379116], [-119.744568681637, 36.7177810380556], [-119.744627682087, 36.7177860382956], [-119.744772681851, 36.7177840379116], [-119.745386682145, 36.7177780381994], [-119.745591682184, 36.7177770380073], [-119.745588681811, 36.7184990379417]]]}, "properties": {"GEOID": "060190012021000", "P0010001": 318, "ALAND": 282379, "AWATER": 0}}, {"type": "Feature", "geometry": {"type": "Polygon", "coordinates": [[[-119.745583681788, 36.7195310381055], [-119.744798681791, 36.7195310381055], [-119.744843681997, 36.7195050380205], [-119.744862682263, 36.7194730383468], [-119.745028681945, 36.7188800382017], [-119.745037682165, 36.7188730376772], [-119.745586682161, 36.7188500379039], [-119.745583681788, 36.7195310381055]]]}, "properties": {"GEOID": "060190012021001", "P0010001": 12, "ALAND": 4289, "AWATER": 0}}, {"type": "Feature", "geometry": {"type": "Polygon", "coordinates": [[[-119.745028681945, 36.7188800382017], [-119.744862682263, 36.7194730383468], [-119.744843681997, 36.7195050380205], [-119.744798681791, 36.7195310381055], [-119.743809681579, 36.719547037932], [-119.743715681867, 36.7195180380641], [-119.743666682362, 36.7194600382956], [-119.743634681676, 36.7193850377354], [-119.743592681844, 36.7191940379271], [-119.743585682171, 36.7183840377264], [-119.743634681676, 36.7183420378991], [-119.743715681867, 36.7183090382759], [-119.74385168231, 36.7182960380276], [-119.7439976819, 36.7182930381916], [-119.744516681758, 36.7183610378067], [-119.744584682429, 36.7183680376577], [-119.744691681661, 36.7183710382109], [-119.744814681684, 36.7183510381212], [-119.744856682415, 36.7183420378991], [-119.744895681875, 36.7183610378067], [-119.744908682294, 36.7183870382789], [-119.745005682378, 36.7188120383259], [-119.745011682226, 36.7188340379323], [-119.745037682165, 36.7188730376772], [-119.745028681945, 36.7188800382017]]]}, "properties": {"GEOID": "060190012021002", "P0010001": 179, "ALAND": 16050, "AWATER": 0}}]}