{"type": "FeatureCollection", "crs": {"type": "name", "properties": {"name": "EPSG:4326"}}, "properties": {"exceededTransferLimit": true}, "features": [{"type": "Feature", "geometry": {"type": "Polygon", "coordinates": [[[-119.796716695059, 36.7613270392994], [-119.796687694746, 36.7613270392994], [-119.796605694731, 36.7613270392994], [-119.795614694869, 36.7613320388625], [-119.795628695113, 36.7595120388914], [-119.796684695272, 36.7595030391761], [-119.796707694838, 36.7611100390901], [-119.796714695409, 36.7612710387006], [-119.796716695059, 36.7613270392994]]]}, "properties": {"GEOID": "060190023002006", "P0010001": 82, "ALAND": 19432, "AWATER": 0}}, {"type": "Feature", "geometry": {"type": "Polygon", "coordinates": [[[-119.797866694929, 36.7613170387329], [-119.796716695059, 36.7613270392994], [-119.796714695409, 36.7612710387006], [-119.796707694838, 36.7611100390901], [-119.796684695272, 36.7595030391761], [-119.797858695432, 36.7595020388079], [-119.797866694929, 36.7613170387329]]]}, "properties": {"GEOID": "060190023002007", "P0010001": 78, "ALAND": 20997, "AWATER": 0}}, {"type": "Feature", "geometry": {"type": "Polygon", "coordinates": [[[-119.797863694556, 36.7580490376406], [-119.797859695257, 36.759138037758], [-119.797858695432, 36.7595020388079], [-119.796684695272, 36.7595030391761], [-119.796682694724, 36.75768403794], [-119.796858695349, 36.7576820378757], [-119.797390694728, 36.7576760376826], [-119.797567695179, 36.7576750380102], [-119.79762669473, 36.7576770380747], [-119.79780569483, 36.7576830382677], [-119.797865695104, 36.7576860380042], [-119.797863694556, 36.7580490376406]]]}, "properties": {"GEOID": "060190023002008", "P0010001": 42, "ALAND": 21283, "AWATER": 0}}, {"type": "Feature", "geometry": {"type": "Polygon", "coordinates": [[[-119.796684695272, 36.7595030391761], [-119.795628695113, 36.7595120388914], [-119.795625694739, 36.7591470389555], [-119.795616695417, 36.7580520388022], [-119.795614694869, 36.7576880380683], [-119.795750695311, 36.7576850383319], [-119.796159694667, 36.7576800378114], [-119.796296694934, 36.7576790381391], [-119.796373694927, 36.7576800378114], [-119.796604694906, 36.7576830382677], [-119.796682694724, 36.75768403794], [-119.796684695272, 36.7595030391761]]]}, "properties": {"GEOID": "060190023002009", "P0010001": 55, "ALAND": 19216, "AWATER": 0}}, {"type": "Feature", "geometry": {"type": "Polygon", "coordinates": [[[-119.795628695113, 36.7595120388914], [-119.795397695134, 36.7595130392595], [-119.794707694673, 36.7595180389409], [-119.794477695417, 36.7595200389574], [-119.794479695067, 36.7591530390336], [-119.794488694389, 36.7580560389114], [-119.794491693864, 36.7576900388522], [-119.794605693667, 36.7576880387881], [-119.794948693799, 36.7576840386597], [-119.795063694325, 36.7576830389874], [-119.795173694828, 36.7576830389874], [-119.795503695439, 36.7576860387239], [-119.795614694869, 36.7576880380683], [-119.795616695417, 36.7580520388022], [-119.795625694739, 36.7591470389555], [-119.795628695113, 36.7595120388914]]]}, "properties": {"GEOID": "060190023002010", "P0010001": 65, "ALAND": 20620, "AWATER": 0}}, {"type": "Feature", "geometry": {"type": "Polygon", "coordinates": [[[-119.797567695179, 36.7576750380102], [-119.797390694728, 36.7576760376826], [-119.796858695349, 36.7576820378757], [-119.796682694724, 36.75768403794], [-119.796604694906, 36.7576830382677], [-119.796373694927, 36.7576800378114], [-119.796296694934, 36.7576790381391], [-119.796299695307, 36.7574770378486], [-119.796312694828, 36.756871038104], [-119.796317694851, 36.7566700382502], [-119.797577695224, 36.7566730380263], [-119.797567695179, 36.7576750380102]]]}, "properties": {"GEOID": "060190023002011", "P0010001": 16, "ALAND": 12653, "AWATER": 0}}, {"type": "Feature", "geometry": {"type": "Polygon", "coordinates": [[[-119.796312694828, 36.756871038104], [-119.796299695307, 36.7574770378486], [-119.796296694934, 36.7576790381391], [-119.796159694667, 36.7576800378114], [-119.795750695311, 36.7576850383319], [-119.795614694869, 36.7576880380683], [-119.795503695439, 36.7576860387239], [-119.795173694828, 36.7576830389874], [-119.795063694325, 36.7576830389874], [-119.795061693777, 36.757486039241], [-119.795055693929, 36.7568960380884], [-119.795053694279, 36.7567000381651], [-119.795305694174, 36.75669303821], [-119.796064695131, 36.7566760378023], [-119.796317694851, 36.7566700382502], [-119.796312694828, 36.756871038104]]]}, "properties": {"GEOID": "060190023002012", "P0010001": 19, "ALAND": 12350, "AWATER": 0}}, {"type": "Feature", "geometry": {"type": "Polygon", "coordinates": [[[-119.795063694325, 36.7576830389874], [-119.794948693799, 36.7576840386597], [-119.794605693667, 36.7576880387881], [-119.794491693864, 36.7576900388522], [-119.79392569415, 36.7576930393081], [-119.793931693998, 36.7559250379186], [-119.793931693998, 36.7558950377005], [-119.79396069431, 36.7558950377005], [-119.795061693777, 36.7558950377005], [-119.795053694279, 36.7567000381651], [-119.795055693929, 36.7568960380884], [-119.795061693777, 36.757486039241], [-119.795063694325, 36.7576830389874]]]}, "properties": {"GEOID": "060190023002013", "P0010001": 62, "ALAND": 20077, "AWATER": 0}}, {"type": "Feature", "geometry": {"type": "Polygon", "coordinates": [[[-119.79392569415, 36.7576930393081], [-119.793355694237, 36.757700039172], [-119.79279969367, 36.7577020392358], [-119.792811694264, 36.7567780387527], [-119.792975694296, 36.7567380391441], [-119.793159694419, 36.7567380391441], [-119.793179693612, 36.7567220391508], [-119.793398693895, 36.7566940393346], [-119.793466693667, 36.756601039049], [-119.793480693911, 36.7565460390051], [-119.793569693599, 36.7564200387426], [-119.793616694353, 36.7562820376694], [-119.793876693746, 36.755980037688], [-119.793931693998, 36.7559250379186], [-119.79392569415, 36.7576930393081]]]}, "properties": {"GEOID": "060190023002014", "P0010001": 22, "ALAND": 13179, "AWATER": 0}}, {"type": "Feature", "geometry": {"type": "Polygon", "coordinates": [[[-119.79279969367, 36.7577020392358], [-119.792264693918, 36.7577040392995], [-119.791922693611, 36.7577040392995], [-119.790896693589, 36.7577060386435], [-119.790555694006, 36.7577070390352], [-119.790557693656, 36.7574890389852], [-119.790634693648, 36.757468039334], [-119.790757693672, 36.7574130391919], [-119.790804694426, 36.7574020391588], [-119.790873694023, 36.7573580390105], [-119.791405694301, 36.7571770390508], [-119.791439693738, 36.7571770390508], [-119.791521693753, 36.757221039303], [-119.791862694235, 36.7572590393042], [-119.791985694259, 36.757260038982], [-119.792101693711, 36.7572320386424], [-119.792497694445, 36.7569300388026], [-119.792613693897, 36.7568640388842], [-119.792797694021, 36.7567820389283], [-119.792811694264, 36.7567780387527], [-119.79279969367, 36.7577020392358]]]}, "properties": {"GEOID": "060190023002015", "P0010001": 26, "ALAND": 11445, "AWATER": 0}}, {"type": "Feature", "geometry": {"type": "Polygon", "coordinates": [[[-119.792811694264, 36.7567780387527], [-119.792797694021, 36.7567820389283], [-119.792613693897, 36.7568640388842], [-119.792497694445, 36.7569300388026], [-119.792101693711, 36.7572320386424], [-119.791985694259, 36.757260038982], [-119.791862694235, 36.7572590393042], [-119.791521693753, 36.757221039303], [-119.791439693738, 36.7571770390508], [-119.791405694301, 36.7571770390508], [-119.790873694023, 36.7573580390105], [-119.790804694426, 36.7574020391588], [-119.790757693672, 36.7574130391919], [-119.790634693648, 36.757468039334], [-119.790557693656, 36.7574890389852], [-119.790559694204, 36.7572500393245], [-119.790565694052, 36.7567580393109], [-119.792454693889, 36.7567500389569], [-119.792814693739, 36.7565780390616], [-119.792811694264, 36.7567780387527]]]}, "properties": {"GEOID": "060190023002016", "P0010001": 37, "ALAND": 10026, "AWATER": 0}}, {"type": "Feature", "geometry": {"type": "Polygon", "coordinates": [[[-119.793931693998, 36.7559250379186], [-119.793876693746, 36.755980037688], [-119.793616694353, 36.7562820376694], [-119.793569693599, 36.7564200387426], [-119.793480693911, 36.7565460390051], [-119.793466693667, 36.756601039049], [-119.793398693895, 36.7566940393346], [-119.793179693612, 36.7567220391508], [-119.793159694419, 36.7567380391441], [-119.792975694296, 36.7567380391441], [-119.792811694264, 36.7567780387527], [-119.792814693739, 36.7565780390616], [-119.792806694241, 36.7558910389181], [-119.793931693998, 36.7558950377005], [-119.793931693998, 36.7559250379186]]]}, "properties": {"GEOID": "060190023002017", "P0010001": 18, "ALAND": 6867, "AWATER": 0}}, {"type": "Feature", "geometry": {"type": "Polygon", "coordinates": [[[-119.792814693739, 36.7565780390616], [-119.792454693889, 36.7567500389569], [-119.790565694052, 36.7567580393109], [-119.790546693785, 36.7563500389072], [-119.790546693785, 36.7562610391271], [-119.790549694158, 36.7559940391672], [-119.790550693983, 36.7559060386695], [-119.792806694241, 36.7558910389181], [-119.792814693739, 36.7565780390616]]]}, "properties": {"GEOID": "060190023002018", "P0010001": 0, "ALAND": 18834, "AWATER": 0}}, {"type": "Feature", "geometry": {"type": "Polygon", "coordinates": [[[-119.792806694241, 36.7558910389181], [-119.790550693983, 36.7559060386695], [-119.79054769361, 36.7558100390582], [-119.790541693762, 36.7555220387841], [-119.790539694112, 36.7554270391137], [-119.790540693937, 36.755346038764], [-119.790546692887, 36.7551040390667], [-119.79054969326, 36.7550240388026], [-119.791000694245, 36.755020039255], [-119.79235669398, 36.7550100378661], [-119.792808693891, 36.7550070380249], [-119.792806694241, 36.7558910389181]]]}, "properties": {"GEOID": "060190023002019", "P0010001": 20, "ALAND": 19813, "AWATER": 0}}, {"type": "Feature", "geometry": {"type": "Polygon", "coordinates": [[[-119.795066693799, 36.7553590377774], [-119.795061693777, 36.7558950377005], [-119.79396069431, 36.7558950377005], [-119.793931693998, 36.7558950377005], [-119.792806694241, 36.7558910389181], [-119.792808693891, 36.7550070380249], [-119.795052693556, 36.7550100378661], [-119.79506469415, 36.7553190381486], [-119.795066693799, 36.7553590377774]]]}, "properties": {"GEOID": "060190023002020", "P0010001": 96, "ALAND": 19784, "AWATER": 0}}, {"type": "Feature", "geometry": {"type": "Polygon", "coordinates": [[[-119.796317694851, 36.7566700382502], [-119.796064695131, 36.7566760378023], [-119.795305694174, 36.75669303821], [-119.795053694279, 36.7567000381651], [-119.795061693777, 36.7558950377005], [-119.795066693799, 36.7553590377774], [-119.796348693914, 36.7553670382764], [-119.796317694851, 36.7566700382502]]]}, "properties": {"GEOID": "060190023002021", "P0010001": 50, "ALAND": 16668, "AWATER": 0}}, {"type": "Feature", "geometry": {"type": "Polygon", "coordinates": [[[-119.797577695224, 36.7566730380263], [-119.796317694851, 36.7566700382502], [-119.796348693914, 36.7553670382764], [-119.797590694745, 36.7553540378249], [-119.797577695224, 36.7566730380263]]]}, "properties": {"GEOID": "060190023002022", "P0010001": 33, "ALAND": 16251, "AWATER": 0}}, {"type": "Feature", "geometry": {"type": "Polygon", "coordinates": [[[-119.792808693891, 36.7550070380249], [-119.79235669398, 36.7550100378661], [-119.791000694245, 36.755020039255], [-119.79054969326, 36.7550240388026], [-119.790548693435, 36.7549220391185], [-119.790547692712, 36.7546180386772], [-119.790547692712, 36.7545170388865], [-119.790547692712, 36.7544270387046], [-119.790547692712, 36.7541600388391], [-119.790547692712, 36.7540710379577], [-119.790997692973, 36.7540680380798], [-119.792347693759, 36.7540630380432], [-119.792798693845, 36.7540610378845], [-119.792800694394, 36.7542500378948], [-119.792806694241, 36.7548170380108], [-119.792808693891, 36.7550070380249]]]}, "properties": {"GEOID": "060190023003000", "P0010001": 10, "ALAND": 21225, "AWATER": 0}}, {"type": "Feature", "geometry": {"type": "Polygon", "coordinates": [[[-119.795052693556, 36.7550100378661], [-119.792808693891, 36.7550070380249], [-119.792806694241, 36.7548170380108], [-119.792800694394, 36.7542500378948], [-119.792798693845, 36.7540610378845], [-119.793252694305, 36.7540570382868], [-119.794614693888, 36.7540450380527], [-119.795068694348, 36.7540410377344], [-119.795052693556, 36.7550100378661]]]}, "properties": {"GEOID": "060190023003001", "P0010001": 69, "ALAND": 21415, "AWATER": 0}}, {"type": "Feature", "geometry": {"type": "Polygon", "coordinates": [[[-119.796127693981, 36.7547010377784], [-119.795980693668, 36.7547990381972], [-119.795869694239, 36.7548570379014], [-119.795726694124, 36.7549000383362], [-119.795393694038, 36.7549600380993], [-119.795052693556, 36.7550100378661], [-119.795068694348, 36.7540410377344], [-119.795068694348, 36.754000037698], [-119.795068694348, 36.7538790383409], [-119.795068694348, 36.7538390379404], [-119.795279694235, 36.7538360380535], [-119.795548693848, 36.7538330381665], [-119.795915694269, 36.7538310380018], [-119.796127693981, 36.7538290378371], [-119.796127693981, 36.7547010377784]]]}, "properties": {"GEOID": "060190023003002", "P0010001": 41, "ALAND": 11311, "AWATER": 0}}, {"type": "Feature", "geometry": {"type": "Polygon", "coordinates": [[[-119.797688694654, 36.7553550382473], [-119.797590694745, 36.7553540378249], [-119.796348693914, 36.7553670382764], [-119.795066693799, 36.7553590377774], [-119.79506469415, 36.7553190381486], [-119.795052693556, 36.7550100378661], [-119.795393694038, 36.7549600380993], [-119.795726694124, 36.7549000383362], [-119.795869694239, 36.7548570379014], [-119.795980693668, 36.7547990381972], [-119.796127693981, 36.7547010377784], [-119.796487693832, 36.7546230379578], [-119.796965693682, 36.7545780379423], [-119.797430694911, 36.7545440383448], [-119.797687694829, 36.7545320381869], [-119.797687694829, 36.7546800380836], [-119.797688694654, 36.7553550382473]]]}, "properties": {"GEOID": "060190023003003", "P0010001": 53, "ALAND": 16723, "AWATER": 0}}, {"type": "Feature", "geometry": {"type": "Polygon", "coordinates": [[[-119.798859695339, 36.7553490378721], [-119.797688694654, 36.7553550382473], [-119.797687694829, 36.7546800380836], [-119.798278694658, 36.754668037947], [-119.798462694781, 36.7546410378127], [-119.798530694553, 36.7546410378127], [-119.798687694912, 36.754614037669], [-119.798790694844, 36.7545590383595], [-119.79887069521, 36.7545070381518], [-119.798859695339, 36.7553490378721]]]}, "properties": {"GEOID": "060190023003004", "P0010001": 25, "ALAND": 8230, "AWATER": 0}}, {"type": "Feature", "geometry": {"type": "Polygon", "coordinates": [[[-119.800329694877, 36.7535180378578], [-119.800324694854, 36.7538180380097], [-119.800324694854, 36.7540340382563], [-119.800326695402, 36.7546820382262], [-119.800327695227, 36.7548990379079], [-119.800322695204, 36.7549870381214], [-119.800306695311, 36.7552530382836], [-119.800302695113, 36.7553420377938], [-119.798859695339, 36.7553490378721], [-119.79887069521, 36.7545070381518], [-119.798974694967, 36.7544380377249], [-119.799977695423, 36.7537300378948], [-119.80001169486, 36.7537350379531], [-119.800134694883, 36.753647037743], [-119.800250695234, 36.7535260378291], [-119.800284694671, 36.7535260378291], [-119.800329694877, 36.7534780379889], [-119.800329694877, 36.7535180378578]]]}, "properties": {"GEOID": "060190023003005", "P0010001": 35, "ALAND": 19385, "AWATER": 0}}, {"type": "Feature", "geometry": {"type": "Polygon", "coordinates": [[[-119.802858694947, 36.7548840379596], [-119.802351694784, 36.7548870378056], [-119.800833694667, 36.7548950383539], [-119.800327695227, 36.7548990379079], [-119.800326695402, 36.7546820382262], [-119.800324694854, 36.7540340382563], [-119.800324694854, 36.7538180380097], [-119.800830695192, 36.7538130379568], [-119.802348695309, 36.7537990382388], [-119.802855694574, 36.7537950379076], [-119.802855694574, 36.7540120379391], [-119.802857695122, 36.7546660378042], [-119.802858694947, 36.7548840379596]]]}, "properties": {"GEOID": "060190023003006", "P0010001": 95, "ALAND": 27214, "AWATER": 0}}, {"type": "Feature", "geometry": {"type": "Polygon", "coordinates": [[[-119.802855694574, 36.7537950379076], [-119.802348695309, 36.7537990382388], [-119.800830695192, 36.7538130379568], [-119.800324694854, 36.7538180380097], [-119.800329694877, 36.7535180378578], [-119.801730694818, 36.7525520382514], [-119.80172669462, 36.7522190380223], [-119.802187694752, 36.7522170378156], [-119.802820695312, 36.7522160373522], [-119.802855694574, 36.7537950379076]]]}, "properties": {"GEOID": "060190023003007", "P0010001": 78, "ALAND": 28160, "AWATER": 0}}, {"type": "Feature", "geometry": {"type": "Polygon", "coordinates": [[[-119.795068694348, 36.7538790383409], [-119.795068694348, 36.754000037698], [-119.795068694348, 36.7540410377344], [-119.794614693888, 36.7540450380527], [-119.793252694305, 36.7540570382868], [-119.792798693845, 36.7540610378845], [-119.792797694021, 36.7539070377451], [-119.792796694196, 36.7535920377404], [-119.792877694386, 36.7535960380822], [-119.792960694227, 36.753600037704], [-119.793032694197, 36.7536030383199], [-119.793110694015, 36.7536070379413], [-119.793185694358, 36.7536080376667], [-119.793268694199, 36.753614038178], [-119.793354694412, 36.7536220381393], [-119.793431694405, 36.7536260377598], [-119.793500694002, 36.7536260377598], [-119.793568693774, 36.7536230378645], [-119.793631694422, 36.7536220381393], [-119.793702693669, 36.7536250380346], [-119.793779693662, 36.7536260377598], [-119.793858694203, 36.7536250380346], [-119.793934694371, 36.7536270382046], [-119.794001694318, 36.7536270382046], [-119.794060693869, 36.7536290376549], [-119.794116693945, 36.7536280379298], [-119.7942246939, 36.7536270382046], [-119.794290694023, 36.7536150379033], [-119.794354693597, 36.7536150379033], [-119.794434693963, 36.7536180377989], [-119.79464569385, 36.7536260377598], [-119.794702693751, 36.7536320382697], [-119.794759693653, 36.7536320382697], [-119.794864694133, 36.7536240383094], [-119.794940694301, 36.7536250380346], [-119.795066693799, 36.7536250380346], [-119.795067693624, 36.7536640381023], [-119.795068694348, 36.7538390379404], [-119.795068694348, 36.7538790383409]]]}, "properties": {"GEOID": "060190023003008", "P0010001": 30, "ALAND": 9703, "AWATER": 0}}, {"type": "Feature", "geometry": {"type": "Polygon", "coordinates": [[[-119.79887069521, 36.7545070381518], [-119.798790694844, 36.7545590383595], [-119.798687694912, 36.754614037669], [-119.798530694553, 36.7546410378127], [-119.798462694781, 36.7546410378127], [-119.798278694658, 36.754668037947], [-119.797687694829, 36.7546800380836], [-119.797687694829, 36.7545320381869], [-119.797678694608, 36.7538130379568], [-119.797684693558, 36.7533690381501], [-119.797691694129, 36.7529420377326], [-119.797930693605, 36.7529420377326], [-119.798316695191, 36.7529420377326], [-119.798649695277, 36.7529420377326], [-119.798889694578, 36.7529430381864], [-119.79887069521, 36.7545070381518]]]}, "properties": {"GEOID": "060190023003009", "P0010001": 24, "ALAND": 20176, "AWATER": 0}}, {"type": "Feature", "geometry": {"type": "Polygon", "coordinates": [[[-119.800333695075, 36.7530390377866], [-119.800329694877, 36.7533680377019], [-119.800329694877, 36.7534780379889], [-119.800284694671, 36.7535260378291], [-119.800250695234, 36.7535260378291], [-119.800134694883, 36.753647037743], [-119.80001169486, 36.7537350379531], [-119.799977695423, 36.7537300378948], [-119.798974694967, 36.7544380377249], [-119.79887069521, 36.7545070381518], [-119.798889694578, 36.7529430381864], [-119.799178695182, 36.7529400382644], [-119.799616694849, 36.7529350381543], [-119.800045695195, 36.752932038232], [-119.800335694725, 36.7529300380439], [-119.800333695075, 36.7530390377866]]]}, "properties": {"GEOID": "060190023003010", "P0010001": 33, "ALAND": 15247, "AWATER": 0}}, {"type": "Feature", "geometry": {"type": "Polygon", "coordinates": [[[-119.795066693799, 36.753139038352], [-119.795066693799, 36.7536250380346], [-119.794940694301, 36.7536250380346], [-119.794864694133, 36.7536240383094], [-119.794759693653, 36.7536320382697], [-119.794702693751, 36.7536320382697], [-119.79464569385, 36.7536260377598], [-119.794434693963, 36.7536180377989], [-119.794354693597, 36.7536150379033], [-119.794290694023, 36.7536150379033], [-119.7942246939, 36.7536270382046], [-119.794116693945, 36.7536280379298], [-119.794060693869, 36.7536290376549], [-119.794001694318, 36.7536270382046], [-119.793934694371, 36.7536270382046], [-119.793858694203, 36.7536250380346], [-119.793779693662, 36.7536260377598], [-119.793702693669, 36.7536250380346], [-119.793631694422, 36.7536220381393], [-119.793568693774, 36.7536230378645], [-119.793500694002, 36.7536260377598], [-119.793431694405, 36.7536260377598], [-119.793354694412, 36.7536220381393], [-119.793268694199, 36.753614038178], [-119.793185694358, 36.7536080376667], [-119.793110694015, 36.7536070379413], [-119.793032694197, 36.7536030383199], [-119.792960694227, 36.753600037704], [-119.792877694386, 36.7535960380822], [-119.792796694196, 36.7535920377404], [-119.792796694196, 36.7534470378062], [-119.792796694196, 36.753294038323], [-119.792795694371, 36.7532620383361], [-119.792795694371, 36.7531690382083], [-119.792795694371, 36.7531380379007], [-119.792795694371, 36.7529570380606], [-119.792795694371, 36.752416038339], [-119.792795694371, 36.7522360379782], [-119.793248694107, 36.752235038235], [-119.794609693865, 36.752235038235], [-119.795063694325, 36.752235038235], [-119.795063694325, 36.752381038042], [-119.795065693975, 36.7528190379552], [-119.795066693799, 36.7529650380904], [-119.795066693799, 36.753139038352]]]}, "properties": {"GEOID": "060190023003011", "P0010001": 0, "ALAND": 31146, "AWATER": 0}}, {"type": "Feature", "geometry": {"type": "Polygon", "coordinates": [[[-119.795063694325, 36.752235038235], [-119.794609693865, 36.752235038235], [-119.793248694107, 36.752235038235], [-119.792795694371, 36.7522360379782], [-119.792795694371, 36.752416038339], [-119.792795694371, 36.7529570380606], [-119.792795694371, 36.7531380379007], [-119.792795694371, 36.7531690382083], [-119.792795694371, 36.7532620383361], [-119.792796694196, 36.753294038323], [-119.792796694196, 36.7534470378062], [-119.792796694196, 36.7535920377404], [-119.792797694021, 36.7539070377451], [-119.792798693845, 36.7540610378845], [-119.792347693759, 36.7540630380432], [-119.790997692973, 36.7540680380798], [-119.790547692712, 36.7540710379577], [-119.790545693062, 36.7539600380804], [-119.790540693039, 36.7536290376549], [-119.790539693214, 36.7535190383041], [-119.790539693214, 36.7534580376867], [-119.790542692689, 36.7532790380609], [-119.790543693412, 36.7532190377028], [-119.790545693062, 36.7531090377642], [-119.790545693062, 36.7530760379678], [-119.790544693237, 36.7530260376603], [-119.790547692712, 36.7524760378855], [-119.790546692887, 36.7524580382424], [-119.790546692887, 36.7524460377582], [-119.790550693085, 36.752273037827], [-119.790544693237, 36.7520980380155], [-119.791013692867, 36.7520080378748], [-119.791308693318, 36.7519520376699], [-119.792115693057, 36.7518040382685], [-119.793022694151, 36.751598037897], [-119.7937446944, 36.7514360376636], [-119.794203693984, 36.7513380379873], [-119.795042694408, 36.7511300382887], [-119.795042694408, 36.7511600382109], [-119.795045693883, 36.7512520381388], [-119.795046693708, 36.7512830377689], [-119.795046693708, 36.7513090378901], [-119.795048694256, 36.7514100383052], [-119.795049694081, 36.751444037852], [-119.795051693731, 36.7516020383428], [-119.795060693952, 36.7520760378629], [-119.795063694325, 36.752235038235]]]}, "properties": {"GEOID": "060190023003012", "P0010001": 124, "ALAND": 67527, "AWATER": 0}}, {"type": "Feature", "geometry": {"type": "Polygon", "coordinates": [[[-119.797678694608, 36.7538130379568], [-119.796127693981, 36.7538290378371], [-119.796128693806, 36.7536540379761], [-119.796130694355, 36.7533310376615], [-119.79623869431, 36.7533400381009], [-119.796305694257, 36.7533450381846], [-119.796373694029, 36.7533410378298], [-119.796429694105, 36.7533360377458], [-119.796495694228, 36.7533430380073], [-119.796554693779, 36.753350038268], [-119.796610693855, 36.7533570378085], [-119.796671693955, 36.7533680377019], [-119.796737694077, 36.7533700378786], [-119.796794693978, 36.7533850381229], [-119.796859694276, 36.7533830379466], [-119.796915694352, 36.7533710383268], [-119.796978694101, 36.7533790383135], [-119.797057693744, 36.7533770381369], [-119.797114693645, 36.7533830379466], [-119.797177694293, 36.7533700378786], [-119.797235694019, 36.7533750379604], [-119.797291694096, 36.7533780378654], [-119.797354693845, 36.7533680377019], [-119.797413694294, 36.7533720380553], [-119.797474694394, 36.7533810377702], [-119.797543693991, 36.7533830379466], [-119.797617693611, 36.7533760376888], [-119.797684693558, 36.7533690381501], [-119.797678694608, 36.7538130379568]]]}, "properties": {"GEOID": "060190023003013", "P0010001": 42, "ALAND": 7014, "AWATER": 0}}, {"type": "Feature", "geometry": {"type": "Polygon", "coordinates": [[[-119.797687694829, 36.7545320381869], [-119.797430694911, 36.7545440383448], [-119.796965693682, 36.7545780379423], [-119.796487693832, 36.7546230379578], [-119.796127693981, 36.7547010377784], [-119.796127693981, 36.7538290378371], [-119.797678694608, 36.7538130379568], [-119.797687694829, 36.7545320381869]]]}, "properties": {"GEOID": "060190023003014", "P0010001": 40, "ALAND": 11897, "AWATER": 0}}, {"type": "Feature", "geometry": {"type": "Polygon", "coordinates": [[[-119.797684693558, 36.7533690381501], [-119.797617693611, 36.7533760376888], [-119.797543693991, 36.7533830379466], [-119.797474694394, 36.7533810377702], [-119.797413694294, 36.7533720380553], [-119.797354693845, 36.7533680377019], [-119.797291694096, 36.7533780378654], [-119.797235694019, 36.7533750379604], [-119.797177694293, 36.7533700378786], [-119.797114693645, 36.7533830379466], [-119.797057693744, 36.7533770381369], [-119.796978694101, 36.7533790383135], [-119.796915694352, 36.7533710383268], [-119.796859694276, 36.7533830379466], [-119.796794693978, 36.7533850381229], [-119.796737694077, 36.7533700378786], [-119.796671693955, 36.7533680377019], [-119.796610693855, 36.7533570378085], [-119.796554693779, 36.753350038268], [-119.796495694228, 36.7533430380073], [-119.796429694105, 36.7533360377458], [-119.796373694029, 36.7533410378298], [-119.796305694257, 36.7533450381846], [-119.79623869431, 36.7533400381009], [-119.796130694355, 36.7533310376615], [-119.796132694004, 36.7531330378035], [-119.796134693654, 36.752959038248], [-119.79624969418, 36.7529570380606], [-119.796597694335, 36.7529540381392], [-119.796714693612, 36.7529530376855], [-119.796909693606, 36.7529500377639], [-119.79749569431, 36.7529440379204], [-119.797691694129, 36.7529420377326], [-119.797684693558, 36.7533690381501]]]}, "properties": {"GEOID": "060190023003015", "P0010001": 16, "ALAND": 6396, "AWATER": 0}}, {"type": "Feature", "geometry": {"type": "Polygon", "coordinates": [[[-119.796132694004, 36.7531330378035], [-119.796130694355, 36.7533310376615], [-119.796128693806, 36.7536540379761], [-119.796127693981, 36.7538290378371], [-119.795915694269, 36.7538310380018], [-119.795548693848, 36.7538330381665], [-119.79557069359, 36.7537530380164], [-119.795582694183, 36.7537080382102], [-119.79556869394, 36.7536640381023], [-119.795565693567, 36.7536090381118], [-119.79556669429, 36.7535590381517], [-119.79556869394, 36.7535080377126], [-119.795573693963, 36.7534520378829], [-119.795582694183, 36.7534000376446], [-119.795584693833, 36.7533480380907], [-119.795585693658, 36.7532970382311], [-119.795583694008, 36.7532290378857], [-119.795582694183, 36.7531660382952], [-119.795586694381, 36.7531090377642], [-119.795592694229, 36.7530620381153], [-119.795647693583, 36.7529610377157], [-119.795920694292, 36.7529600379819], [-119.796134693654, 36.752959038248], [-119.796132694004, 36.7531330378035]]]}, "properties": {"GEOID": "060190023003016", "P0010001": 32, "ALAND": 4741, "AWATER": 0}}, {"type": "Feature", "geometry": {"type": "Polygon", "coordinates": [[[-119.795592694229, 36.7530620381153], [-119.795586694381, 36.7531090377642], [-119.795582694183, 36.7531660382952], [-119.795583694008, 36.7532290378857], [-119.795585693658, 36.7532970382311], [-119.795584693833, 36.7533480380907], [-119.795582694183, 36.7534000376446], [-119.795573693963, 36.7534520378829], [-119.79556869394, 36.7535080377126], [-119.79556669429, 36.7535590381517], [-119.795565693567, 36.7536090381118], [-119.79556869394, 36.7536640381023], [-119.795582694183, 36.7537080382102], [-119.79557069359, 36.7537530380164], [-119.795548693848, 36.7538330381665], [-119.795279694235, 36.7538360380535], [-119.795068694348, 36.7538390379404], [-119.795067693624, 36.7536640381023], [-119.795066693799, 36.7536250380346], [-119.795066693799, 36.753139038352], [-119.795066693799, 36.7529650380904], [-119.795279694235, 36.7529630379031], [-119.795647693583, 36.7529610377157], [-119.795592694229, 36.7530620381153]]]}, "properties": {"GEOID": "060190023003017", "P0010001": 21, "ALAND": 4448, "AWATER": 0}}, {"type": "Feature", "geometry": {"type": "Polygon", "coordinates": [[[-119.79564269356, 36.7518540379329], [-119.795647693583, 36.7529610377157], [-119.795279694235, 36.7529630379031], [-119.795066693799, 36.7529650380904], [-119.795065693975, 36.7528190379552], [-119.795063694325, 36.752381038042], [-119.795063694325, 36.752235038235], [-119.795060693952, 36.7520760378629], [-119.795051693731, 36.7516020383428], [-119.795049694081, 36.751444037852], [-119.795048694256, 36.7514100383052], [-119.795046693708, 36.7513090378901], [-119.79528069406, 36.7512500379068], [-119.795621693643, 36.7511630382024], [-119.795650693956, 36.7514820378358], [-119.79564269356, 36.7518540379329]]]}, "properties": {"GEOID": "060190023003018", "P0010001": 47, "ALAND": 10027, "AWATER": 0}}, {"type": "Feature", "geometry": {"type": "Polygon", "coordinates": [[[-119.79614269405, 36.7513820379897], [-119.796135694377, 36.7525640379993], [-119.796134693654, 36.752959038248], [-119.795920694292, 36.7529600379819], [-119.795647693583, 36.7529610377157], [-119.79564269356, 36.7518540379329], [-119.795650693956, 36.7514820378358], [-119.795621693643, 36.7511630382024], [-119.795931694163, 36.7510560381908], [-119.796132694004, 36.7509880380185], [-119.796143693875, 36.751280037782], [-119.79614269405, 36.7513820379897]]]}, "properties": {"GEOID": "060190023003019", "P0010001": 28, "ALAND": 9262, "AWATER": 0}}, {"type": "Feature", "geometry": {"type": "Polygon", "coordinates": [[[-119.797697693977, 36.7509170377847], [-119.797692693954, 36.7524350377326], [-119.797691694129, 36.7529420377326], [-119.79749569431, 36.7529440379204], [-119.796909693606, 36.7529500377639], [-119.796714693612, 36.7529530376855], [-119.796597694335, 36.7529540381392], [-119.79624969418, 36.7529570380606], [-119.796134693654, 36.752959038248], [-119.796135694377, 36.7525640379993], [-119.79614269405, 36.7513820379897], [-119.796143693875, 36.751280037782], [-119.796132694004, 36.7509880380185], [-119.796250694005, 36.7509550380295], [-119.796610693855, 36.750859037981], [-119.796729693681, 36.7508270376982], [-119.796700694267, 36.7506800380496], [-119.796699694442, 36.7506110377795], [-119.796699694442, 36.7505800378779], [-119.796823694291, 36.7505350376502], [-119.797092693904, 36.7504220381617], [-119.797122694041, 36.750421037675], [-119.797345693624, 36.7504170378874], [-119.797420693967, 36.7504160381205], [-119.797475694219, 36.7504140378667], [-119.797643694448, 36.7504120383326], [-119.797699693626, 36.7504110378458], [-119.797697693977, 36.7509170377847]]]}, "properties": {"GEOID": "060190023003020", "P0010001": 156, "ALAND": 35984, "AWATER": 0}}, {"type": "Feature", "geometry": {"type": "Polygon", "coordinates": [[[-119.798901694274, 36.7509300382684], [-119.798891695126, 36.7524390381347], [-119.798889694578, 36.7529430381864], [-119.798649695277, 36.7529420377326], [-119.798316695191, 36.7529420377326], [-119.797930693605, 36.7529420377326], [-119.797691694129, 36.7529420377326], [-119.797692693954, 36.7524350377326], [-119.797697693977, 36.7509170377847], [-119.797699693626, 36.7504110378458], [-119.797940693651, 36.7504140378667], [-119.798663693724, 36.7504240376954], [-119.798905693573, 36.7504280382024], [-119.798901694274, 36.7509300382684]]]}, "properties": {"GEOID": "060190023003021", "P0010001": 100, "ALAND": 30044, "AWATER": 0}}, {"type": "Feature", "geometry": {"type": "Polygon", "coordinates": [[[-119.799661695055, 36.7507780378467], [-119.799661695055, 36.750825038175], [-119.799661695055, 36.7508730382355], [-119.79966069523, 36.7509200377859], [-119.799659695406, 36.7509670380272], [-119.799658694682, 36.7510130377607], [-119.799656695032, 36.751102037871], [-119.799655695208, 36.7511880378876], [-119.799656695032, 36.7513240378176], [-119.799654695383, 36.7513720382858], [-119.79965169501, 36.7514730378982], [-119.799647694812, 36.7515750378492], [-119.799646694987, 36.7516260381338], [-119.799645695162, 36.7516760379141], [-119.799644695337, 36.751725037912], [-119.799641694964, 36.7517720376602], [-119.799640695139, 36.7518190380993], [-119.799641694964, 36.7519060377796], [-119.799643694614, 36.75199603804], [-119.799644695337, 36.7520430383419], [-119.799643694614, 36.7520920381053], [-119.799643694614, 36.7521410378375], [-119.799640695139, 36.752191038002], [-119.799640695139, 36.7522460382892], [-119.799639695314, 36.7523000380749], [-119.799638694591, 36.7523540378225], [-119.799637694766, 36.7524100377339], [-119.799636694941, 36.7524680378047], [-119.799634695291, 36.7525260378317], [-119.799633694568, 36.7525820383373], [-119.799631694918, 36.7526320382144], [-119.799629695268, 36.7526790381267], [-119.79962769472, 36.7527640380788], [-119.799610695002, 36.7528260382638], [-119.799616694849, 36.7529350381543], [-119.799178695182, 36.7529400382644], [-119.798889694578, 36.7529430381864], [-119.798891695126, 36.7524390381347], [-119.798901694274, 36.7509300382684], [-119.798905693573, 36.7504280382024], [-119.799640694241, 36.7504170378874], [-119.799638693692, 36.7505100377522], [-119.799653693761, 36.7506000382106], [-119.799658693784, 36.7506460381642], [-119.799662693982, 36.7506930378536], [-119.799661695055, 36.7507780378467]]]}, "properties": {"GEOID": "060190023003022", "P0010001": 44, "ALAND": 18657, "AWATER": 0}}, {"type": "Feature", "geometry": {"type": "Polygon", "coordinates": [[[-119.800347695319, 36.7522300380789], [-119.800344694946, 36.752370038007], [-119.800337695273, 36.752789037962], [-119.800335694725, 36.7529300380439], [-119.800045695195, 36.752932038232], [-119.799616694849, 36.7529350381543], [-119.799610695002, 36.7528260382638], [-119.79962769472, 36.7527640380788], [-119.799629695268, 36.7526790381267], [-119.799631694918, 36.7526320382144], [-119.799633694568, 36.7525820383373], [-119.799634695291, 36.7525260378317], [-119.799636694941, 36.7524680378047], [-119.799637694766, 36.7524100377339], [-119.799638694591, 36.7523540378225], [-119.799639695314, 36.7523000380749], [-119.799640695139, 36.7522460382892], [-119.799640695139, 36.752191038002], [-119.799643694614, 36.7521410378375], [-119.799643694614, 36.7520920381053], [-119.799644695337, 36.7520430383419], [-119.799643694614, 36.75199603804], [-119.799641694964, 36.7519060377796], [-119.799640695139, 36.7518190380993], [-119.799641694964, 36.7517720376602], [-119.799644695337, 36.751725037912], [-119.799645695162, 36.7516760379141], [-119.799646694987, 36.7516260381338], [-119.799647694812, 36.7515750378492], [-119.79965169501, 36.7514730378982], [-119.799654695383, 36.7513720382858], [-119.799656695032, 36.7513240378176], [-119.799655695208, 36.7511880378876], [-119.799656695032, 36.751102037871], [-119.799658694682, 36.7510130377607], [-119.799659695406, 36.7509670380272], [-119.79966069523, 36.7509200377859], [-119.799661695055, 36.7508730382355], [-119.799661695055, 36.750825038175], [-119.799661695055, 36.7507780378467], [-119.799662693982, 36.7506930378536], [-119.799658693784, 36.7506460381642], [-119.799653693761, 36.7506000382106], [-119.799638693692, 36.7505100377522], [-119.799640694241, 36.7504170378874], [-119.800360694839, 36.750407037338], [-119.800347695319, 36.7522300380789]]]}, "properties": {"GEOID": "060190023003023", "P0010001": 88, "ALAND": 17622, "AWATER": 0}}, {"type": "Feature", "geometry": {"type": "Polygon", "coordinates": [[[-119.801513695083, 36.7523570377674], [-119.801424695394, 36.7526700383294], [-119.801390695059, 36.7526750377371], [-119.800387694603, 36.7534170380586], [-119.800329694877, 36.7534780379889], [-119.800329694877, 36.7533680377019], [-119.800333695075, 36.7530390377866], [-119.800335694725, 36.7529300380439], [-119.800337695273, 36.752789037962], [-119.800344694946, 36.752370038007], [-119.800347695319, 36.7522300380789], [-119.801442694938, 36.7522190380223], [-119.801479694748, 36.7523290377975], [-119.801513695083, 36.7523570377674]]]}, "properties": {"GEOID": "060190023003024", "P0010001": 0, "ALAND": 9123, "AWATER": 0}}, {"type": "Feature", "geometry": {"type": "Polygon", "coordinates": [[[-119.802229694585, 36.751485037095], [-119.802225695285, 36.7515350369672], [-119.802221695087, 36.7515880367818], [-119.80221569524, 36.7516350373337], [-119.80221569524, 36.7516860368586], [-119.802214695415, 36.75173503685], [-119.802205695194, 36.7517860370283], [-119.802199695346, 36.7518320369906], [-119.802210695217, 36.7518780369253], [-119.802195695148, 36.7519260370468], [-119.802192694775, 36.7519920383345], [-119.802181694904, 36.7520370377077], [-119.802185695102, 36.7520860381947], [-119.802186694927, 36.7521310382326], [-119.802187694752, 36.7522170378156], [-119.80172669462, 36.7522190380223], [-119.801730694818, 36.7525520382514], [-119.800329694877, 36.7535180378578], [-119.800329694877, 36.7534780379889], [-119.800387694603, 36.7534170380586], [-119.801390695059, 36.7526750377371], [-119.801424695394, 36.7526700383294], [-119.801513695083, 36.7523570377674], [-119.801479694748, 36.7523290377975], [-119.801442694938, 36.7522190380223], [-119.801609695342, 36.7522170378156], [-119.801592694725, 36.7509880372987], [-119.801703695054, 36.7509790373031], [-119.801772694651, 36.7509790373031], [-119.801836695123, 36.750984036821], [-119.801893695024, 36.750984036821], [-119.801955694949, 36.7509790373031], [-119.802016695048, 36.7509780368237], [-119.802072695124, 36.7509750368249], [-119.802141694721, 36.7509730373055], [-119.802213694691, 36.750972036826], [-119.802207694844, 36.7510270372673], [-119.802201694996, 36.7510800367131], [-119.802208694669, 36.7511300368492], [-119.802200695171, 36.7511760372049], [-119.802198694623, 36.7512280367912], [-119.802203694646, 36.7512820372934], [-119.802210695217, 36.7513360370378], [-119.802217694889, 36.7513820372699], [-119.80222869476, 36.7514300369819], [-119.802229694585, 36.751485037095]]]}, "properties": {"GEOID": "060190023003025", "P0010001": 31, "ALAND": 9476, "AWATER": 0}}, {"type": "Feature", "geometry": {"type": "Polygon", "coordinates": [[[-119.802820695312, 36.7522160373522], [-119.802187694752, 36.7522170378156], [-119.802186694927, 36.7521310382326], [-119.802185695102, 36.7520860381947], [-119.802181694904, 36.7520370377077], [-119.802192694775, 36.7519920383345], [-119.802195695148, 36.7519260370468], [-119.802210695217, 36.7518780369253], [-119.802199695346, 36.7518320369906], [-119.802205695194, 36.7517860370283], [-119.802214695415, 36.75173503685], [-119.80221569524, 36.7516860368586], [-119.80221569524, 36.7516350373337], [-119.802221695087, 36.7515880367818], [-119.802225695285, 36.7515350369672], [-119.802229694585, 36.751485037095], [-119.80222869476, 36.7514300369819], [-119.802217694889, 36.7513820372699], [-119.802210695217, 36.7513360370378], [-119.802203694646, 36.7512820372934], [-119.802198694623, 36.7512280367912], [-119.802200695171, 36.7511760372049], [-119.802208694669, 36.7511300368492], [-119.802201694996, 36.7510800367131], [-119.802207694844, 36.7510270372673], [-119.802213694691, 36.750972036826], [-119.802270694593, 36.7509700373065], [-119.802355694982, 36.7509660368278], [-119.802420695279, 36.7509610373088], [-119.802495694724, 36.7509670373074], [-119.802563695394, 36.750965037068], [-119.802627694968, 36.7509660368278], [-119.802686695418, 36.7509630368286], [-119.802745694969, 36.7509550373098], [-119.80283969468, 36.7509420368303], [-119.802820695312, 36.7522160373522]]]}, "properties": {"GEOID": "060190023003026", "P0010001": 21, "ALAND": 7750, "AWATER": 0}}, {"type": "Feature", "geometry": {"type": "Polygon", "coordinates": [[[-119.80283969468, 36.7509420368303], [-119.802745694969, 36.7509550373098], [-119.802686695418, 36.7509630368286], [-119.802627694968, 36.7509660368278], [-119.802563695394, 36.750965037068], [-119.802495694724, 36.7509670373074], [-119.802420695279, 36.7509610373088], [-119.802355694982, 36.7509660368278], [-119.802270694593, 36.7509700373065], [-119.802213694691, 36.750972036826], [-119.802141694721, 36.7509730373055], [-119.802072695124, 36.7509750368249], [-119.802016695048, 36.7509780368237], [-119.801955694949, 36.7509790373031], [-119.801893695024, 36.750984036821], [-119.801836695123, 36.750984036821], [-119.801772694651, 36.7509790373031], [-119.801703695054, 36.7509790373031], [-119.801592694725, 36.7509880372987], [-119.801584695228, 36.750405037084], [-119.802848694901, 36.7503980372743], [-119.80283969468, 36.7509420368303]]]}, "properties": {"GEOID": "060190023003027", "P0010001": 40, "ALAND": 7084, "AWATER": 0}}, {"type": "Feature", "geometry": {"type": "Polygon", "coordinates": [[[-119.801609695342, 36.7522170378156], [-119.801442694938, 36.7522190380223], [-119.801424695394, 36.7521650381797], [-119.801117695248, 36.7514510382861], [-119.801083694912, 36.7512860377556], [-119.801097695156, 36.7510220370325], [-119.801063694821, 36.7510220370325], [-119.80107669524, 36.7508740372767], [-119.801110694677, 36.7508740372767], [-119.801165694928, 36.750720037218], [-119.801267695035, 36.750567037335], [-119.801315694716, 36.7505280371326], [-119.801317695264, 36.7505100370325], [-119.801425695219, 36.750405037084], [-119.801584695228, 36.750405037084], [-119.801592694725, 36.7509880372987], [-119.801609695342, 36.7522170378156]]]}, "properties": {"GEOID": "060190023003028", "P0010001": 25, "ALAND": 6982, "AWATER": 0}}, {"type": "Feature", "geometry": {"type": "Polygon", "coordinates": [[[-119.801442694938, 36.7522190380223], [-119.800347695319, 36.7522300380789], [-119.800360694839, 36.750407037338], [-119.801203694563, 36.7504060368511], [-119.801425695219, 36.750405037084], [-119.801317695264, 36.7505100370325], [-119.801315694716, 36.7505280371326], [-119.801267695035, 36.750567037335], [-119.801165694928, 36.750720037218], [-119.801110694677, 36.7508740372767], [-119.80107669524, 36.7508740372767], [-119.801063694821, 36.7510220370325], [-119.801097695156, 36.7510220370325], [-119.801083694912, 36.7512860377556], [-119.801117695248, 36.7514510382861], [-119.801424695394, 36.7521650381797], [-119.801442694938, 36.7522190380223]]]}, "properties": {"GEOID": "060190023003029", "P0010001": 98, "ALAND": 15406, "AWATER": 0}}, {"type": "Feature", "geometry": {"type": "Polygon", "coordinates": [[[-119.797092693904, 36.7504220381617], [-119.796823694291, 36.7505350376502], [-119.796699694442, 36.7505800378779], [-119.795947694056, 36.7508470379665], [-119.795349693657, 36.7510420379697], [-119.795042694408, 36.7511300382887], [-119.795039694035, 36.7509630382681], [-119.79504069386, 36.7509250380273], [-119.795019693944, 36.7508070381445], [-119.795262693618, 36.7507500380202], [-119.795678694443, 36.750629037856], [-119.796236693761, 36.7504400382824], [-119.796602694358, 36.7504290379692], [-119.796694694419, 36.7504270377158], [-119.797048694422, 36.7504230379285], [-119.797092693904, 36.7504220381617]]]}, "properties": {"GEOID": "060190023003030", "P0010001": 0, "ALAND": 5067, "AWATER": 0}}, {"type": "Feature", "geometry": {"type": "Polygon", "coordinates": [[[-119.795042694408, 36.7511300382887], [-119.794203693984, 36.7513380379873], [-119.7937446944, 36.7514360376636], [-119.793022694151, 36.751598037897], [-119.792115693057, 36.7518040382685], [-119.791308693318, 36.7519520376699], [-119.791013692867, 36.7520080378748], [-119.790544693237, 36.7520980380155], [-119.790547692712, 36.7520050379162], [-119.790552692734, 36.7518300382132], [-119.792977693047, 36.7513240378176], [-119.793778693837, 36.751142038259], [-119.794473694321, 36.7509640380279], [-119.795019693944, 36.7508070381445], [-119.79504069386, 36.7509250380273], [-119.795039694035, 36.7509630382681], [-119.795042694408, 36.7511300382887]]]}, "properties": {"GEOID": "060190023003031", "P0010001": 0, "ALAND": 12974, "AWATER": 0}}, {"type": "Feature", "geometry": {"type": "Polygon", "coordinates": [[[-119.795019693944, 36.7508070381445], [-119.794473694321, 36.7509640380279], [-119.793778693837, 36.751142038259], [-119.792977693047, 36.7513240378176], [-119.790552692734, 36.7518300382132], [-119.790550693085, 36.7516980381814], [-119.790550693085, 36.7515780378246], [-119.79054969326, 36.7515510380423], [-119.790548693435, 36.7514710376719], [-119.790548693435, 36.7514450383253], [-119.790546692887, 36.7513700380569], [-119.790543693412, 36.7511470377662], [-119.790539693214, 36.7510740381629], [-119.790538693389, 36.7510510379579], [-119.790537692666, 36.7509850380201], [-119.790537692666, 36.7509630382681], [-119.790535693016, 36.750853037974], [-119.790531692818, 36.7505250378359], [-119.790530692993, 36.7504160381205], [-119.790810693376, 36.7504180376544], [-119.791650692726, 36.7504270377158], [-119.791930693109, 36.750430037736], [-119.792103693361, 36.750430037736], [-119.79262269322, 36.750430037736], [-119.792796693297, 36.7504310382226], [-119.792890693009, 36.7504310382226], [-119.793172693041, 36.7504320379893], [-119.793266692752, 36.7504330377561], [-119.793576693272, 36.7504310382226], [-119.794509694306, 36.7504280382024], [-119.794820693752, 36.7504270377158], [-119.794875694004, 36.7505110382378], [-119.794893694445, 36.7505460379483], [-119.794962694042, 36.7506750377922], [-119.795019693944, 36.7508070381445]]]}, "properties": {"GEOID": "060190023003032", "P0010001": 8, "ALAND": 40608, "AWATER": 0}}, {"type": "Feature", "geometry": {"type": "Polygon", "coordinates": [[[-119.796236693761, 36.7504400382824], [-119.795678694443, 36.750629037856], [-119.795262693618, 36.7507500380202], [-119.795019693944, 36.7508070381445], [-119.794962694042, 36.7506750377922], [-119.794893694445, 36.7505460379483], [-119.794875694004, 36.7505110382378], [-119.794820693752, 36.7504270377158], [-119.795265693991, 36.7504410380491], [-119.79547069403, 36.7504480378549], [-119.795827694406, 36.7504490383412], [-119.796092693821, 36.7504440380687], [-119.796236693761, 36.7504400382824]]]}, "properties": {"GEOID": "060190023003033", "P0010001": 0, "ALAND": 2652, "AWATER": 0}}, {"type": "Feature", "geometry": {"type": "Polygon", "coordinates": [[[-119.796729693681, 36.7508270376982], [-119.796610693855, 36.750859037981], [-119.796250694005, 36.7509550380295], [-119.796132694004, 36.7509880380185], [-119.795931694163, 36.7510560381908], [-119.795621693643, 36.7511630382024], [-119.79528069406, 36.7512500379068], [-119.795046693708, 36.7513090378901], [-119.795046693708, 36.7512830377689], [-119.795045693883, 36.7512520381388], [-119.795042694408, 36.7511600382109], [-119.795042694408, 36.7511300382887], [-119.795349693657, 36.7510420379697], [-119.795947694056, 36.7508470379665], [-119.796699694442, 36.7505800378779], [-119.796699694442, 36.7506110377795], [-119.796700694267, 36.7506800380496], [-119.796729693681, 36.7508270376982]]]}, "properties": {"GEOID": "060190023003034", "P0010001": 0, "ALAND": 3461, "AWATER": 0}}, {"type": "Feature", "geometry": {"type": "Polygon", "coordinates": [[[-119.774774692067, 36.7650330410328], [-119.774508691929, 36.7650310411602], [-119.773711692235, 36.7650250408223], [-119.773446691922, 36.7650230409495], [-119.773260692149, 36.7650210410766], [-119.772703691757, 36.7650170413306], [-119.772518691809, 36.7650160410343], [-119.772520692357, 36.7648290408019], [-119.772522692007, 36.7647490413252], [-119.772522692007, 36.7647320412637], [-119.773934691818, 36.7647190409602], [-119.774769692044, 36.7647110407169], [-119.774770691869, 36.7647460411453], [-119.774771691694, 36.7648660410534], [-119.774774692067, 36.7650330410328]]]}, "properties": {"GEOID": "060190024001000", "P0010001": 0, "ALAND": 6754, "AWATER": 0}}, {"type": "Feature", "geometry": {"type": "Polygon", "coordinates": [[[-119.77669769224, 36.7650360397622], [-119.776517692315, 36.7650320400171], [-119.776485691629, 36.7650320400171], [-119.776366691804, 36.7650340413289], [-119.776264691696, 36.7650270406951], [-119.776231692084, 36.7650250408223], [-119.776066692228, 36.7650270406951], [-119.775960691923, 36.7650280409913], [-119.77585969164, 36.7650290412875], [-119.775642691905, 36.7650250408223], [-119.775552692392, 36.7650240412457], [-119.775373692292, 36.7650280409913], [-119.774991691802, 36.7650310411602], [-119.774774692067, 36.7650330410328], [-119.774771691694, 36.7648660410534], [-119.774770691869, 36.7647460411453], [-119.774769692044, 36.7647110407169], [-119.774764692022, 36.7643680412869], [-119.774762692372, 36.7642020408859], [-119.774762692372, 36.7641780407115], [-119.774765691846, 36.7641100406563], [-119.774766691671, 36.7640870407616], [-119.774770691869, 36.7639070411595], [-119.774783692288, 36.7633670398183], [-119.774785691938, 36.763319039659], [-119.774784692113, 36.7631880402858], [-119.774759691999, 36.7631740401198], [-119.774761691648, 36.7630180403591], [-119.77476869222, 36.7624420403204], [-119.774769692044, 36.7623690399504], [-119.774774692067, 36.7622510396786], [-119.774773692242, 36.7620660398507], [-119.774773692242, 36.7615460402977], [-119.774774692067, 36.7615130398126], [-119.77477769244, 36.7614400399978], [-119.775183692321, 36.761443040307], [-119.775261692139, 36.7614450402732], [-119.775293691926, 36.7619420399729], [-119.775328692086, 36.7622000399807], [-119.775384692163, 36.762480039894], [-119.775437691866, 36.7626810403556], [-119.77549969179, 36.7628570400979], [-119.775616691966, 36.7632170402103], [-119.775670692393, 36.7633580398357], [-119.775730691769, 36.7635040400627], [-119.775810692135, 36.7636660399993], [-119.775900691648, 36.7638350403368], [-119.776049691611, 36.7640950403503], [-119.776184692229, 36.7642960401773], [-119.776520691789, 36.7647360403049], [-119.776557691599, 36.764780039819], [-119.77677169186, 36.7650350401857], [-119.77669769224, 36.7650360397622]]]}, "properties": {"GEOID": "060190024001001", "P0010001": 39, "ALAND": 34924, "AWATER": 0}}, {"type": "Feature", "geometry": {"type": "Polygon", "coordinates": [[[-119.777124692037, 36.7650320400171], [-119.776972691701, 36.7650330403132], [-119.77677169186, 36.7650350401857], [-119.776557691599, 36.764780039819], [-119.776520691789, 36.7647360403049], [-119.776184692229, 36.7642960401773], [-119.776049691611, 36.7640950403503], [-119.775900691648, 36.7638350403368], [-119.775810692135, 36.7636660399993], [-119.775730691769, 36.7635040400627], [-119.775670692393, 36.7633580398357], [-119.775616691966, 36.7632170402103], [-119.77549969179, 36.7628570400979], [-119.775437691866, 36.7626810403556], [-119.775384692163, 36.762480039894], [-119.775328692086, 36.7622000399807], [-119.775293691926, 36.7619420399729], [-119.775261692139, 36.7614450402732], [-119.775266692162, 36.7613390398337], [-119.775266692162, 36.761268039824], [-119.77563069221, 36.7612750400813], [-119.775631692035, 36.7612850399336], [-119.775634692408, 36.7613160398276], [-119.775635692233, 36.7613270400191], [-119.775625692187, 36.7614530401375], [-119.775648691753, 36.7619450402625], [-119.775684691738, 36.7622030402601], [-119.775749692036, 36.7625190397777], [-119.775964692121, 36.7631780399619], [-119.775983692387, 36.7632240402897], [-119.776135691825, 36.7635670397989], [-119.776254691651, 36.7638050403338], [-119.776403691614, 36.7640780401438], [-119.776506692444, 36.7642220398261], [-119.776816692065, 36.7646510399454], [-119.776847692028, 36.7646930403464], [-119.776884691838, 36.7647450401257], [-119.776927692394, 36.764790039934], [-119.776972691701, 36.7648380398922], [-119.777106691595, 36.7649830398835], [-119.777152691626, 36.7650320400171], [-119.777124692037, 36.7650320400171]]]}, "properties": {"GEOID": "060190024001002", "P0010001": 0, "ALAND": 13580, "AWATER": 0}}, {"type": "Feature", "geometry": {"type": "Polygon", "coordinates": [[[-119.777023691755, 36.761461040001], [-119.775625692187, 36.7614530401375], [-119.775635692233, 36.7613270400191], [-119.775634692408, 36.7613160398276], [-119.775631692035, 36.7612850399336], [-119.77563069221, 36.7612750400813], [-119.775880691557, 36.7612790400224], [-119.776138692198, 36.7612860402786], [-119.776314691925, 36.7612890398742], [-119.776842692005, 36.7613010396948], [-119.777019691557, 36.7613050403542], [-119.777019691557, 36.7613170401722], [-119.77702269193, 36.7613550403032], [-119.777023691755, 36.7613680397377], [-119.777026692128, 36.7614140397117], [-119.777023691755, 36.761461040001]]]}, "properties": {"GEOID": "060190024001003", "P0010001": 0, "ALAND": 2310, "AWATER": 0}}, {"type": "Feature", "geometry": {"type": "Polygon", "coordinates": [[[-119.781533692622, 36.7650060402291], [-119.780991693197, 36.765011040272], [-119.779597692929, 36.7650260396793], [-119.77936669295, 36.7650220399336], [-119.779269692866, 36.7650210403569], [-119.77882569335, 36.7650250401027], [-119.778484692868, 36.7650280402716], [-119.778051693223, 36.7650320400171], [-119.777845691562, 36.7650340398896], [-119.777464691796, 36.7650320400171], [-119.77738269178, 36.7650320400171], [-119.777249691711, 36.7650320400171], [-119.777152691626, 36.7650320400171], [-119.777106691595, 36.7649830398835], [-119.776972691701, 36.7648380398922], [-119.776927692394, 36.764790039934], [-119.776884691838, 36.7647450401257], [-119.776847692028, 36.7646930403464], [-119.776816692065, 36.7646510399454], [-119.776506692444, 36.7642220398261], [-119.776403691614, 36.7640780401438], [-119.776254691651, 36.7638050403338], [-119.776135691825, 36.7635670397989], [-119.775983692387, 36.7632240402897], [-119.775964692121, 36.7631780399619], [-119.775749692036, 36.7625190397777], [-119.775684691738, 36.7622030402601], [-119.775648691753, 36.7619450402625], [-119.775625692187, 36.7614530401375], [-119.777023691755, 36.761461040001], [-119.77926369212, 36.7614690398635], [-119.781346693024, 36.7614600396582], [-119.781398692903, 36.7614340400986], [-119.781506692858, 36.7613810398896], [-119.781507692683, 36.761443040307], [-119.781509693231, 36.7615470399197], [-119.781517692728, 36.7618620396436], [-119.781520693101, 36.7619670397438], [-119.781520693101, 36.7621110397915], [-119.781521692926, 36.7625440400802], [-119.781522692751, 36.7626890400909], [-119.781521692926, 36.7628500399851], [-119.781519693276, 36.7633340401168], [-119.781519693276, 36.7634960396928], [-119.781526692949, 36.7642460399867], [-119.781533692622, 36.7650060402291]]]}, "properties": {"GEOID": "060190024001004", "P0010001": 53, "ALAND": 190675, "AWATER": 0}}, {"type": "Feature", "geometry": {"type": "Polygon", "coordinates": [[[-119.774769692044, 36.7647110407169], [-119.773934691818, 36.7647190409602], [-119.772522692007, 36.7647320412637], [-119.772528691855, 36.7642710411656], [-119.772529691679, 36.7642280409464], [-119.772520692357, 36.7640860411728], [-119.772969691896, 36.7640860411728], [-119.774316692308, 36.7640860411728], [-119.774766691671, 36.7640870407616], [-119.774765691846, 36.7641100406563], [-119.774762692372, 36.7641780407115], [-119.774762692372, 36.7642020408859], [-119.774764692022, 36.7643680412869], [-119.774769692044, 36.7647110407169]]]}, "properties": {"GEOID": "060190024001005", "P0010001": 38, "ALAND": 14104, "AWATER": 0}}, {"type": "Feature", "geometry": {"type": "Polygon", "coordinates": [[[-119.774785691938, 36.763319039659], [-119.774783692288, 36.7633670398183], [-119.774770691869, 36.7639070411595], [-119.774766691671, 36.7640870407616], [-119.774316692308, 36.7640860411728], [-119.772969691896, 36.7640860411728], [-119.772520692357, 36.7640860411728], [-119.772518690911, 36.7639050412575], [-119.772513690888, 36.7633650413415], [-119.772512691063, 36.7631850407645], [-119.772603691299, 36.7631810409228], [-119.772966690624, 36.7631820412431], [-119.774329691828, 36.7631860396454], [-119.774784692113, 36.7631880402858], [-119.774785691938, 36.763319039659]]]}, "properties": {"GEOID": "060190024001006", "P0010001": 60, "ALAND": 20204, "AWATER": 0}}, {"type": "Feature", "geometry": {"type": "Polygon", "coordinates": [[[-119.774784692113, 36.7631880402858], [-119.774329691828, 36.7631860396454], [-119.772966690624, 36.7631820412431], [-119.772603691299, 36.7631810409228], [-119.772512691063, 36.7631850407645], [-119.772510691413, 36.7630010413532], [-119.77250569139, 36.7624490411902], [-119.772508690865, 36.7622690413419], [-119.772717691102, 36.7622610401234], [-119.772961690601, 36.7622590401785], [-119.774320691608, 36.7622530403434], [-119.774774692067, 36.7622510396786], [-119.774769692044, 36.7623690399504], [-119.77476869222, 36.7624420403204], [-119.774761691648, 36.7630180403591], [-119.774759691999, 36.7631740401198], [-119.774784692113, 36.7631880402858]]]}, "properties": {"GEOID": "060190024001007", "P0010001": 57, "ALAND": 20746, "AWATER": 0}}, {"type": "Feature", "geometry": {"type": "Polygon", "coordinates": [[[-119.774774692067, 36.7615130398126], [-119.774773692242, 36.7615460402977], [-119.774773692242, 36.7620660398507], [-119.774774692067, 36.7622510396786], [-119.774320691608, 36.7622530403434], [-119.772961690601, 36.7622590401785], [-119.772717691102, 36.7622610401234], [-119.772508690865, 36.7622690413419], [-119.77250769104, 36.7621000397125], [-119.772506691215, 36.7615960400896], [-119.772506691215, 36.761428040199], [-119.77477769244, 36.7614400399978], [-119.774774692067, 36.7615130398126]]]}, "properties": {"GEOID": "060190024001008", "P0010001": 64, "ALAND": 18473, "AWATER": 0}}, {"type": "Feature", "geometry": {"type": "Polygon", "coordinates": [[[-119.77477769244, 36.7614400399978], [-119.772506691215, 36.761428040199], [-119.772506691215, 36.761417040022], [-119.772506691215, 36.7613850398252], [-119.77250769104, 36.7613750399858], [-119.77250769104, 36.7613560399276], [-119.77250769104, 36.7613010396948], [-119.772508690865, 36.7612830399633], [-119.772801690768, 36.761268039824], [-119.772960690776, 36.761268039824], [-119.774319691783, 36.76127104014], [-119.774772692417, 36.7612730401106], [-119.774772692417, 36.7612840403083], [-119.774773692242, 36.7613170401722], [-119.774774692067, 36.7613290399883], [-119.77477769244, 36.7614400399978]]]}, "properties": {"GEOID": "060190024001009", "P0010001": 0, "ALAND": 3670, "AWATER": 0}}, {"type": "Feature", "geometry": {"type": "Polygon", "coordinates": [[[-119.775482691174, 36.7577110398821], [-119.77537269067, 36.7591410403164], [-119.775265692337, 36.7607890399264], [-119.775266692162, 36.761268039824], [-119.775266692162, 36.7613390398337], [-119.775261692139, 36.7614450402732], [-119.775183692321, 36.761443040307], [-119.77477769244, 36.7614400399978], [-119.774774692067, 36.7613290399883], [-119.774773692242, 36.7613170401722], [-119.774772692417, 36.7612840403083], [-119.774772692417, 36.7612730401106], [-119.774772692417, 36.7611080398349], [-119.774776691717, 36.760616040098], [-119.774774691169, 36.7604530398402], [-119.774774691169, 36.7602650403578], [-119.774774691169, 36.7597040402428], [-119.774775690994, 36.7596250401048], [-119.774762690575, 36.7595180396606], [-119.774762690575, 36.7593330397176], [-119.774762690575, 36.7587780400902], [-119.774763691298, 36.7587370397068], [-119.774768691321, 36.7585940401818], [-119.774765690948, 36.7584150403051], [-119.7747596911, 36.7578790399975], [-119.774757690552, 36.7577010402834], [-119.774988691429, 36.7577010402834], [-119.775158691309, 36.7577060400829], [-119.775190691096, 36.7577070397549], [-119.775238690776, 36.7577070397549], [-119.775285690632, 36.7577080401465], [-119.775437690968, 36.7577100402102], [-119.775482691174, 36.7577110398821]]]}, "properties": {"GEOID": "060190024001010", "P0010001": 4, "ALAND": 21580, "AWATER": 0}}, {"type": "Feature", "geometry": {"type": "Polygon", "coordinates": [[[-119.774776691717, 36.760616040098], [-119.774772692417, 36.7611080398349], [-119.774772692417, 36.7612730401106], [-119.774319691783, 36.76127104014], [-119.772960690776, 36.761268039824], [-119.772801690768, 36.761268039824], [-119.772508690865, 36.7612830399633], [-119.77250769104, 36.761111040157], [-119.772506691215, 36.7605980402057], [-119.772506691215, 36.7604270399392], [-119.772959690951, 36.7604320402807], [-119.774320690709, 36.7604470398638], [-119.774774691169, 36.7604530398402], [-119.774776691717, 36.760616040098]]]}, "properties": {"GEOID": "060190024001011", "P0010001": 75, "ALAND": 18670, "AWATER": 0}}, {"type": "Feature", "geometry": {"type": "Polygon", "coordinates": [[[-119.774774691169, 36.7597040402428], [-119.774774691169, 36.7602650403578], [-119.774774691169, 36.7604530398402], [-119.774320690709, 36.7604470398638], [-119.772959690951, 36.7604320402807], [-119.772506691215, 36.7604270399392], [-119.772506691215, 36.7602450396661], [-119.77250769104, 36.7597020402311], [-119.772508690865, 36.7595210400451], [-119.772678690744, 36.7595250400776], [-119.772958691127, 36.7595230400614], [-119.774311691387, 36.7595190400287], [-119.774762690575, 36.7595180396606], [-119.774775690994, 36.7596250401048], [-119.774774691169, 36.7597040402428]]]}, "properties": {"GEOID": "060190024001012", "P0010001": 85, "ALAND": 20633, "AWATER": 0}}, {"type": "Feature", "geometry": {"type": "Polygon", "coordinates": [[[-119.774763691298, 36.7587370397068], [-119.774762690575, 36.7587780400902], [-119.774762690575, 36.7593330397176], [-119.774762690575, 36.7595180396606], [-119.774311691387, 36.7595190400287], [-119.772958691127, 36.7595230400614], [-119.772678690744, 36.7595250400776], [-119.772508690865, 36.7595210400451], [-119.772508690865, 36.7593380401304], [-119.772511691238, 36.758789039926], [-119.772512691063, 36.7586070400843], [-119.772689690615, 36.7586090401244], [-119.772963691149, 36.7586060397043], [-119.77431669141, 36.7585970398827], [-119.774768691321, 36.7585940401818], [-119.774763691298, 36.7587370397068]]]}, "properties": {"GEOID": "060190024001013", "P0010001": 88, "ALAND": 20527, "AWATER": 0}}, {"type": "Feature", "geometry": {"type": "Polygon", "coordinates": [[[-119.774768691321, 36.7585940401818], [-119.77431669141, 36.7585970398827], [-119.772963691149, 36.7586060397043], [-119.772689690615, 36.7586090401244], [-119.772512691063, 36.7586070400843], [-119.77250969069, 36.7584240401481], [-119.772500691367, 36.7578760402686], [-119.772498690819, 36.7576940397], [-119.772682690942, 36.7576890398997], [-119.772949690906, 36.7576910399638], [-119.774305690641, 36.7577030403472], [-119.774638690727, 36.7577060400829], [-119.774757690552, 36.7577010402834], [-119.7747596911, 36.7578790399975], [-119.774765690948, 36.7584150403051], [-119.774768691321, 36.7585940401818]]]}, "properties": {"GEOID": "060190024001014", "P0010001": 16, "ALAND": 20231, "AWATER": 0}}, {"type": "Feature", "geometry": {"type": "Polygon", "coordinates": [[[-119.775816691084, 36.7577140403372], [-119.775720691723, 36.7594500397918], [-119.775640692256, 36.7610150398632], [-119.77563069221, 36.7612750400813], [-119.775266692162, 36.761268039824], [-119.775265692337, 36.7607890399264], [-119.77537269067, 36.7591410403164], [-119.775482691174, 36.7577110398821], [-119.775762690658, 36.757715040009], [-119.775816691084, 36.7577140403372]]]}, "properties": {"GEOID": "060190024001015", "P0010001": 0, "ALAND": 12866, "AWATER": 0}}, {"type": "Feature", "geometry": {"type": "Polygon", "coordinates": [[[-119.777014692432, 36.7586260401037], [-119.777012691884, 36.7595350401582], [-119.777017691907, 36.7604470398638], [-119.777017691907, 36.7606180400857], [-119.777018691732, 36.7611330398776], [-119.777019691557, 36.7613050403542], [-119.776842692005, 36.7613010396948], [-119.776314691925, 36.7612890398742], [-119.776138692198, 36.7612860402786], [-119.775880691557, 36.7612790400224], [-119.77563069221, 36.7612750400813], [-119.775640692256, 36.7610150398632], [-119.775720691723, 36.7594500397918], [-119.775816691084, 36.7577140403372], [-119.776095690744, 36.7577050396912], [-119.776144691148, 36.7577050396912], [-119.776303691156, 36.7577050396912], [-119.776395691218, 36.7577050396912], [-119.776845692378, 36.7577080401465], [-119.777019691557, 36.7577090398185], [-119.777014692432, 36.7586260401037]]]}, "properties": {"GEOID": "060190024001016", "P0010001": 87, "ALAND": 46002, "AWATER": 0}}, {"type": "Feature", "geometry": {"type": "Polygon", "coordinates": [[[-119.779285691861, 36.7604590398161], [-119.779282692386, 36.7606320399987], [-119.779275691815, 36.7611530403378], [-119.77927469199, 36.7613270400191], [-119.778822692079, 36.7613240397054], [-119.777469691819, 36.7613170401722], [-119.777393691651, 36.7613170401722], [-119.777019691557, 36.7613050403542], [-119.777018691732, 36.7611330398776], [-119.777017691907, 36.7606180400857], [-119.777017691907, 36.7604470398638], [-119.777012691884, 36.7595350401582], [-119.779279692013, 36.7595400398381], [-119.779280691838, 36.7597230399905], [-119.779283692211, 36.7602750403419], [-119.779285691861, 36.7604590398161]]]}, "properties": {"GEOID": "060190024001017", "P0010001": 15, "ALAND": 39987, "AWATER": 0}}, {"type": "Feature", "geometry": {"type": "Polygon", "coordinates": [[[-119.781506692858, 36.7613810398896], [-119.781350693222, 36.7613370398647], [-119.77927469199, 36.7613270400191], [-119.779275691815, 36.7611530403378], [-119.779282692386, 36.7606320399987], [-119.779285691861, 36.7604590398161], [-119.781496692812, 36.7604530398402], [-119.78150069301, 36.7612370399106], [-119.781506692858, 36.7613810398896]]]}, "properties": {"GEOID": "060190024001018", "P0010001": 52, "ALAND": 19309, "AWATER": 0}}, {"type": "Feature", "geometry": {"type": "Polygon", "coordinates": [[[-119.781398692903, 36.7614340400986], [-119.781346693024, 36.7614600396582], [-119.77926369212, 36.7614690398635], [-119.779269691967, 36.7613860401688], [-119.77927469199, 36.7613270400191], [-119.781350693222, 36.7613370398647], [-119.781506692858, 36.7613810398896], [-119.781398692903, 36.7614340400986]]]}, "properties": {"GEOID": "060190024001019", "P0010001": 0, "ALAND": 2826, "AWATER": 0}}, {"type": "Feature", "geometry": {"type": "Polygon", "coordinates": [[[-119.779269691967, 36.7613860401688], [-119.77926369212, 36.7614690398635], [-119.777023691755, 36.761461040001], [-119.777026692128, 36.7614140397117], [-119.777023691755, 36.7613680397377], [-119.77702269193, 36.7613550403032], [-119.777019691557, 36.7613170401722], [-119.777019691557, 36.7613050403542], [-119.777393691651, 36.7613170401722], [-119.777469691819, 36.7613170401722], [-119.778822692079, 36.7613240397054], [-119.77927469199, 36.7613270400191], [-119.779269691967, 36.7613860401688]]]}, "properties": {"GEOID": "060190024001020", "P0010001": 0, "ALAND": 3230, "AWATER": 0}}, {"type": "Feature", "geometry": {"type": "Polygon", "coordinates": [[[-119.779273692165, 36.7586290398033], [-119.777014692432, 36.7586260401037], [-119.777019691557, 36.7577090398185], [-119.777313692183, 36.7577070397549], [-119.778197691915, 36.7577050396912], [-119.778492692366, 36.7577040400192], [-119.778647692177, 36.7577050396912], [-119.779112691609, 36.7577110398821], [-119.779268692143, 36.7577130399456], [-119.779269691967, 36.7578960401386], [-119.77927269234, 36.7584450402573], [-119.779273692165, 36.7586290398033]]]}, "properties": {"GEOID": "060190024001021", "P0010001": 114, "ALAND": 20564, "AWATER": 0}}, {"type": "Feature", "geometry": {"type": "Polygon", "coordinates": [[[-119.779279692013, 36.7595400398381], [-119.777012691884, 36.7595350401582], [-119.777014692432, 36.7586260401037], [-119.779273692165, 36.7586290398033], [-119.77927469199, 36.7588110403126], [-119.779277692363, 36.7593570399688], [-119.779279692013, 36.7595400398381]]]}, "properties": {"GEOID": "060190024001022", "P0010001": 134, "ALAND": 20402, "AWATER": 0}}, {"type": "Feature", "geometry": {"type": "Polygon", "coordinates": [[[-119.781020691712, 36.758848039869], [-119.78101569169, 36.7589880399547], [-119.78101369204, 36.7590610399443], [-119.78101169239, 36.7591310401845], [-119.781008692017, 36.7591970403114], [-119.781008692017, 36.7592620400101], [-119.781005691644, 36.75933703976], [-119.781005691644, 36.759444039737], [-119.781009691842, 36.7595410402059], [-119.779727691727, 36.7595400398381], [-119.779279692013, 36.7595400398381], [-119.779277692363, 36.7593570399688], [-119.77927469199, 36.7588110403126], [-119.779273692165, 36.7586290398033], [-119.779723692427, 36.7586290398033], [-119.781012692215, 36.7586310398429], [-119.781016692413, 36.7587420401585], [-119.781020691712, 36.758795040032], [-119.781020691712, 36.758848039869]]]}, "properties": {"GEOID": "060190024001023", "P0010001": 13, "ALAND": 15666, "AWATER": 0}}, {"type": "Feature", "geometry": {"type": "Polygon", "coordinates": [[[-119.781496692812, 36.7604530398402], [-119.779285691861, 36.7604590398161], [-119.779283692211, 36.7602750403419], [-119.779280691838, 36.7597230399905], [-119.779279692013, 36.7595400398381], [-119.779727691727, 36.7595400398381], [-119.781009691842, 36.7595410402059], [-119.781071691766, 36.7595420398539], [-119.781520692203, 36.7595430402217], [-119.781496692812, 36.7604530398402]]]}, "properties": {"GEOID": "060190024001024", "P0010001": 26, "ALAND": 20190, "AWATER": 0}}, {"type": "Feature", "geometry": {"type": "Polygon", "coordinates": [[[-119.781523691678, 36.7588150396625], [-119.781520692203, 36.7593600403596], [-119.781520692203, 36.7595430402217], [-119.781071691766, 36.7595420398539], [-119.781009691842, 36.7595410402059], [-119.781005691644, 36.759444039737], [-119.781005691644, 36.75933703976], [-119.781008692017, 36.7592620400101], [-119.781008692017, 36.7591970403114], [-119.78101169239, 36.7591310401845], [-119.78101369204, 36.7590610399443], [-119.78101569169, 36.7589880399547], [-119.781020691712, 36.758848039869], [-119.781020691712, 36.758795040032], [-119.781016692413, 36.7587420401585], [-119.781012692215, 36.7586310398429], [-119.781073692314, 36.7586320402226], [-119.781524692401, 36.7586330398824], [-119.781523691678, 36.7588150396625]]]}, "properties": {"GEOID": "060190024001025", "P0010001": 13, "ALAND": 4597, "AWATER": 0}}, {"type": "Feature", "geometry": {"type": "Polygon", "coordinates": [[[-119.781524692401, 36.7586330398824], [-119.781073692314, 36.7586320402226], [-119.781012692215, 36.7586310398429], [-119.779723692427, 36.7586290398033], [-119.779273692165, 36.7586290398033], [-119.77927269234, 36.7584450402573], [-119.779269691967, 36.7578960401386], [-119.779268692143, 36.7577130399456], [-119.77940969171, 36.7577130399456], [-119.779834691857, 36.7577130399456], [-119.779976692147, 36.7577130399456], [-119.780282691571, 36.7577080401465], [-119.781203692011, 36.7576970387163], [-119.781511691982, 36.7576940389802], [-119.781513691632, 36.757881039337], [-119.781521692028, 36.7584450402573], [-119.781524692401, 36.7586330398824]]]}, "properties": {"GEOID": "060190024001026", "P0010001": 0, "ALAND": 20579, "AWATER": 0}}, {"type": "Feature", "geometry": {"type": "Polygon", "coordinates": [[[-119.775705690756, 36.7546970396535], [-119.775685690665, 36.7550640400246], [-119.775666691297, 36.7553210397139], [-119.775604691372, 36.7559110400254], [-119.775500690717, 36.7574370400439], [-119.775482691174, 36.7577110398821], [-119.775437690968, 36.7577100402102], [-119.775285690632, 36.7577080401465], [-119.775238690776, 36.7577070397549], [-119.775190691096, 36.7577070397549], [-119.775158691309, 36.7577060400829], [-119.774988691429, 36.7577010402834], [-119.774757690552, 36.7577010402834], [-119.774638690727, 36.7577060400829], [-119.774305690641, 36.7577030403472], [-119.772949690906, 36.7576910399638], [-119.772682690942, 36.7576890398997], [-119.772498690819, 36.7576940397], [-119.772498690819, 36.7575120401389], [-119.772498690819, 36.7569700397505], [-119.772499690644, 36.7567890403147], [-119.772499690644, 36.7566100398245], [-119.772499690644, 36.756073040166], [-119.772499690644, 36.7558940401641], [-119.772500691367, 36.755712039931], [-119.772504690667, 36.7553060398481], [-119.77250969069, 36.7551660402396], [-119.772512691063, 36.755090040304], [-119.772513690888, 36.7549850401459], [-119.772513690888, 36.7549600402585], [-119.772514690713, 36.7548860402561], [-119.772515691436, 36.7548620400454], [-119.774782690667, 36.7546050402579], [-119.775391690937, 36.7545280400532], [-119.775514690961, 36.7545150401792], [-119.775547690573, 36.7545110398854], [-119.775709690954, 36.7544930399999], [-119.775705690756, 36.7546970396535]]]}, "properties": {"GEOID": "060190024002000", "P0010001": 165, "ALAND": 92453, "AWATER": 0}}, {"type": "Feature", "geometry": {"type": "Polygon", "coordinates": [[[-119.776054690736, 36.754621039973], [-119.776027690972, 36.7548980403586], [-119.775981690941, 36.7557430399182], [-119.775816691084, 36.7577140403372], [-119.775762690658, 36.757715040009], [-119.775482691174, 36.7577110398821], [-119.775500690717, 36.7574370400439], [-119.775604691372, 36.7559110400254], [-119.775666691297, 36.7553210397139], [-119.775685690665, 36.7550640400246], [-119.775705690756, 36.7546970396535], [-119.775709690954, 36.7544930399999], [-119.776065690607, 36.7544510397711], [-119.776054690736, 36.754621039973]]]}, "properties": {"GEOID": "060190024002001", "P0010001": 0, "ALAND": 11141, "AWATER": 0}}, {"type": "Feature", "geometry": {"type": "Polygon", "coordinates": [[[-119.781502691761, 36.7546300388216], [-119.779994691691, 36.7546090391074], [-119.779980692345, 36.7556310391624], [-119.77848469197, 36.7556380392145], [-119.778195692265, 36.7556360390969], [-119.777329691178, 36.7556320403009], [-119.777041691298, 36.7556310398822], [-119.777035690552, 36.7558380399169], [-119.777024690681, 36.7561720399635], [-119.777016691184, 36.7564610396447], [-119.777011691161, 36.7566690400041], [-119.777012690986, 36.7568770397995], [-119.777014692432, 36.7572050401302], [-119.777017691907, 36.75750104012], [-119.777019691557, 36.7577090398185], [-119.776845692378, 36.7577080401465], [-119.776395691218, 36.7577050396912], [-119.776303691156, 36.7577050396912], [-119.776144691148, 36.7577050396912], [-119.776095690744, 36.7577050396912], [-119.775816691084, 36.7577140403372], [-119.775981690941, 36.7557430399182], [-119.776027690972, 36.7548980403586], [-119.776054690736, 36.754621039973], [-119.776065690607, 36.7544510397711], [-119.776271691369, 36.7544220386914], [-119.776518691241, 36.7543820392938], [-119.777114691093, 36.7543060393012], [-119.778622691164, 36.754111038957], [-119.780713691566, 36.7538720388481], [-119.780743691703, 36.7538680392405], [-119.780836691589, 36.753857038699], [-119.780867691552, 36.7538540388128], [-119.780992692123, 36.7538390386602], [-119.781368691867, 36.753785039238], [-119.781496691914, 36.7537820393489], [-119.781496691914, 36.7539910387755], [-119.781497691738, 36.7545290390468], [-119.781502691761, 36.7546300388216]]]}, "properties": {"GEOID": "060190024002002", "P0010001": 30, "ALAND": 90749, "AWATER": 0}}, {"type": "Feature", "geometry": {"type": "Polygon", "coordinates": [[[-119.778492692366, 36.7568760401167], [-119.778492692366, 36.7571890402344], [-119.77838869171, 36.7571840396815], [-119.778332691634, 36.7571810399254], [-119.778267692235, 36.7571770397706], [-119.77820969161, 36.7571840396815], [-119.778140692013, 36.7571870401572], [-119.778081691564, 36.7571860397588], [-119.778010692317, 36.757188039836], [-119.77795469224, 36.7571950397459], [-119.777898692164, 36.7572020396552], [-119.777835692415, 36.7571990398998], [-119.777774692315, 36.7571950397459], [-119.777708692193, 36.7571950397459], [-119.777651692292, 36.7571960401443], [-119.777595692215, 36.7571950397459], [-119.777536691766, 36.7571920399902], [-119.777461692321, 36.7571920399902], [-119.777401692046, 36.7571970398229], [-119.777340691947, 36.7572000402981], [-119.777282692221, 36.7572010399767], [-119.777223691771, 36.7572030400535], [-119.777152691626, 36.7572050401302], [-119.777014692432, 36.7572050401302], [-119.777012690986, 36.7568770397995], [-119.777011691161, 36.7566690400041], [-119.777307692335, 36.7566690400041], [-119.778195692265, 36.7566690400041], [-119.778492692366, 36.7566690400041], [-119.778492692366, 36.7568760401167]]]}, "properties": {"GEOID": "060190024002003", "P0010001": 29, "ALAND": 7692, "AWATER": 0}}, {"type": "Feature", "geometry": {"type": "Polygon", "coordinates": [[[-119.781500692112, 36.7554600393383], [-119.781494692264, 36.7556340389792], [-119.779980692345, 36.7556310391624], [-119.779994691691, 36.7546090391074], [-119.781502691761, 36.7546300388216], [-119.781500692112, 36.7554600393383]]]}, "properties": {"GEOID": "060190024002004", "P0010001": 81, "ALAND": 15192, "AWATER": 0}}, {"type": "Feature", "geometry": {"type": "Polygon", "coordinates": [[[-119.778492692366, 36.7566690400041], [-119.778195692265, 36.7566690400041], [-119.777307692335, 36.7566690400041], [-119.777011691161, 36.7566690400041], [-119.777016691184, 36.7564610396447], [-119.777024690681, 36.7561720399635], [-119.777102691397, 36.7561690401677], [-119.777158690576, 36.7561640402681], [-119.777217691025, 36.7561620401641], [-119.777278691125, 36.7561630398563], [-119.777337690676, 36.7561620401641], [-119.77739769095, 36.7561620401641], [-119.777460690699, 36.7561650399601], [-119.777551690936, 36.756167040064], [-119.777613691759, 36.756168039756], [-119.777677692231, 36.7561730396554], [-119.777741691805, 36.7561760401707], [-119.777826692194, 36.7561770398626], [-119.777896691616, 36.7561700398597], [-119.77795669189, 36.7561720399635], [-119.77802669221, 36.7561760401707], [-119.778095691807, 36.756175039759], [-119.778160692105, 36.756180039658], [-119.778229691702, 36.7561850402763], [-119.778287692326, 36.756183040173], [-119.778346691878, 36.7561780402742], [-119.77841069235, 36.7561710402714], [-119.778487692343, 36.7561700398597], [-119.778490691818, 36.7564620400526], [-119.778492692366, 36.7566690400041]]]}, "properties": {"GEOID": "060190024002005", "P0010001": 23, "ALAND": 7259, "AWATER": 0}}, {"type": "Feature", "geometry": {"type": "Polygon", "coordinates": [[[-119.778492692366, 36.7574970399819], [-119.778492692366, 36.7577040400192], [-119.778197691915, 36.7577050396912], [-119.777313692183, 36.7577070397549], [-119.777019691557, 36.7577090398185], [-119.777017691907, 36.75750104012], [-119.777014692432, 36.7572050401302], [-119.777152691626, 36.7572050401302], [-119.777223691771, 36.7572030400535], [-119.777282692221, 36.7572010399767], [-119.777340691947, 36.7572000402981], [-119.777401692046, 36.7571970398229], [-119.777461692321, 36.7571920399902], [-119.777536691766, 36.7571920399902], [-119.777595692215, 36.7571950397459], [-119.777651692292, 36.7571960401443], [-119.777708692193, 36.7571950397459], [-119.777774692315, 36.7571950397459], [-119.777835692415, 36.7571990398998], [-119.777898692164, 36.7572020396552], [-119.77795469224, 36.7571950397459], [-119.778010692317, 36.757188039836], [-119.778081691564, 36.7571860397588], [-119.778140692013, 36.7571870401572], [-119.77820969161, 36.7571840396815], [-119.778267692235, 36.7571770397706], [-119.778332691634, 36.7571810399254], [-119.77838869171, 36.7571840396815], [-119.778492692366, 36.7571890402344], [-119.778492692366, 36.7574970399819]]]}, "properties": {"GEOID": "060190024002006", "P0010001": 8, "ALAND": 7493, "AWATER": 0}}, {"type": "Feature", "geometry": {"type": "Polygon", "coordinates": [[[-119.778487692343, 36.7561700398597], [-119.77841069235, 36.7561710402714], [-119.778346691878, 36.7561780402742], [-119.778287692326, 36.756183040173], [-119.778229691702, 36.7561850402763], [-119.778160692105, 36.756180039658], [-119.778095691807, 36.756175039759], [-119.77802669221, 36.7561760401707], [-119.77795669189, 36.7561720399635], [-119.777896691616, 36.7561700398597], [-119.777826692194, 36.7561770398626], [-119.777741691805, 36.7561760401707], [-119.777677692231, 36.7561730396554], [-119.777613691759, 36.756168039756], [-119.777551690936, 36.756167040064], [-119.777460690699, 36.7561650399601], [-119.77739769095, 36.7561620401641], [-119.777337690676, 36.7561620401641], [-119.777278691125, 36.7561630398563], [-119.777217691025, 36.7561620401641], [-119.777158690576, 36.7561640402681], [-119.777102691397, 36.7561690401677], [-119.777024690681, 36.7561720399635], [-119.777035690552, 36.7558380399169], [-119.777041691298, 36.7556310398822], [-119.777329691178, 36.7556320403009], [-119.778195692265, 36.7556360390969], [-119.77848469197, 36.7556380392145], [-119.778485691795, 36.7558440388143], [-119.778487692343, 36.7561700398597]]]}, "properties": {"GEOID": "060190024002007", "P0010001": 45, "ALAND": 7735, "AWATER": 0}}, {"type": "Feature", "geometry": {"type": "Polygon", "coordinates": [[[-119.779980692345, 36.7561300392143], [-119.77988769156, 36.7561280391096], [-119.779824691811, 36.7561310389069], [-119.779729692275, 36.7561370392208], [-119.779666691627, 36.7561380389133], [-119.779587691985, 36.7561390393254], [-119.779523692411, 36.7561410387102], [-119.779459691938, 36.756145038919], [-119.779397692014, 36.7561480387157], [-119.779332691717, 36.7561490391276], [-119.779252692249, 36.7561520389241], [-119.779187691952, 36.7561510392319], [-119.779108692309, 36.75615003882], [-119.779046692385, 36.7561490391276], [-119.778984691562, 36.7561480387157], [-119.778910691942, 36.7561480387157], [-119.778851692391, 36.7561470390234], [-119.778788691743, 36.756146039331], [-119.778716691773, 36.756145038919], [-119.778601692146, 36.7561450403585], [-119.778487692343, 36.7561700398597], [-119.778485691795, 36.7558440388143], [-119.77848469197, 36.7556380392145], [-119.779980692345, 36.7556310391624], [-119.779980692345, 36.7561300392143]]]}, "properties": {"GEOID": "060190024002008", "P0010001": 31, "ALAND": 7552, "AWATER": 0}}, {"type": "Feature", "geometry": {"type": "Polygon", "coordinates": [[[-119.781496691914, 36.7537820393489], [-119.781368691867, 36.753785039238], [-119.780992692123, 36.7538390386602], [-119.780867691552, 36.7538540388128], [-119.780836691589, 36.753857038699], [-119.780743691703, 36.7538680392405], [-119.780713691566, 36.7538720388481], [-119.778622691164, 36.754111038957], [-119.777114691093, 36.7543060393012], [-119.776518691241, 36.7543820392938], [-119.776271691369, 36.7544220386914], [-119.776065690607, 36.7544510397711], [-119.776076691375, 36.7541810386762], [-119.7760776912, 36.7541670390253], [-119.776684690923, 36.7541040387656], [-119.77718169104, 36.7540440390527], [-119.780946692093, 36.7535890392833], [-119.781495692089, 36.7535230386497], [-119.781496691914, 36.7537820393489]]]}, "properties": {"GEOID": "060190024002009", "P0010001": 0, "ALAND": 13521, "AWATER": 0}}, {"type": "Feature", "geometry": {"type": "Polygon", "coordinates": [[[-119.776076691375, 36.7541810386762], [-119.776065690607, 36.7544510397711], [-119.775709690954, 36.7544930399999], [-119.775709690954, 36.7544740396765], [-119.775714690977, 36.7543250396663], [-119.775722691373, 36.7542050398196], [-119.775880690659, 36.7541880403], [-119.7760776912, 36.7541670390253], [-119.776076691375, 36.7541810386762]]]}, "properties": {"GEOID": "060190024002010", "P0010001": 0, "ALAND": 1006, "AWATER": 0}}, {"type": "Feature", "geometry": {"type": "Polygon", "coordinates": [[[-119.775714690977, 36.7543250396663], [-119.775709690954, 36.7544740396765], [-119.775709690954, 36.7544930399999], [-119.775547690573, 36.7545110398854], [-119.775514690961, 36.7545150401792], [-119.775391690937, 36.7545280400532], [-119.774782690667, 36.7546050402579], [-119.772515691436, 36.7548620400454], [-119.772510691413, 36.7546730401034], [-119.77250969069, 36.7546240398292], [-119.77250969069, 36.7545960399669], [-119.774265691356, 36.7543680396796], [-119.775500690717, 36.7542260396444], [-119.775522691357, 36.7542230397726], [-119.775572690687, 36.7542160403112], [-119.775638690809, 36.754210039847], [-119.775722691373, 36.7542050398196], [-119.775714690977, 36.7543250396663]]]}, "properties": {"GEOID": "060190024002011", "P0010001": 0, "ALAND": 9100, "AWATER": 0}}, {"type": "Feature", "geometry": {"type": "Polygon", "coordinates": [[[-119.775986690964, 36.7503900391361], [-119.775960691025, 36.7506210390221], [-119.775910690796, 36.7514740390909], [-119.775879690834, 36.751915039106], [-119.775731690696, 36.7540760387135], [-119.775722691373, 36.7542050398196], [-119.775638690809, 36.754210039847], [-119.775572690687, 36.7542160403112], [-119.775522691357, 36.7542230397726], [-119.775500690717, 36.7542260396444], [-119.774265691356, 36.7543680396796], [-119.77250969069, 36.7545960399669], [-119.77250769104, 36.7545100401717], [-119.772500689571, 36.7544200399816], [-119.772504689768, 36.7542080396921], [-119.772502690119, 36.754109040239], [-119.772499689746, 36.7539210403224], [-119.772495690446, 36.7537160403209], [-119.772484689677, 36.7531010399087], [-119.772481690202, 36.7528970403297], [-119.7724856904, 36.7527860401933], [-119.772497690096, 36.7524880398045], [-119.772494689723, 36.7524530402601], [-119.772488689875, 36.752343039943], [-119.772714689831, 36.7523410397395], [-119.773393690421, 36.7523390388161], [-119.773620690202, 36.7523390388161], [-119.773706690416, 36.7523490391137], [-119.773850690356, 36.7523470389104], [-119.77454569084, 36.7523390388161], [-119.774777690644, 36.7523370393323], [-119.774772690621, 36.7521630386912], [-119.774757690552, 36.7516440386918], [-119.774753691253, 36.7514710391115], [-119.774757689654, 36.7505410391217], [-119.774754690179, 36.7503910389035], [-119.775677691167, 36.7503870391143], [-119.775966690872, 36.7503900391361], [-119.775986690964, 36.7503900391361]]]}, "properties": {"GEOID": "060190024002012", "P0010001": 37, "ALAND": 89186, "AWATER": 0}}, {"type": "Feature", "geometry": {"type": "Polygon", "coordinates": [[[-119.774757689654, 36.7505410391217], [-119.774753691253, 36.7514710391115], [-119.774527691297, 36.7514720388647], [-119.773849689633, 36.751476039317], [-119.77369669037, 36.7514770390702], [-119.7736246904, 36.7514810388024], [-119.773399690269, 36.7514810388024], [-119.772726690425, 36.7514830390284], [-119.772502690119, 36.7514840387814], [-119.772498689921, 36.7512750390032], [-119.772488689875, 36.7506500386596], [-119.772488689875, 36.7506110392191], [-119.772493689898, 36.7504420392553], [-119.772698689937, 36.7504450392749], [-119.77319469023, 36.7504280389222], [-119.774754690179, 36.7503910389035], [-119.774757689654, 36.7505410391217]]]}, "properties": {"GEOID": "060190024002013", "P0010001": 57, "ALAND": 23746, "AWATER": 0}}, {"type": "Feature", "geometry": {"type": "Polygon", "coordinates": [[[-119.774777690644, 36.7523370393323], [-119.77454569084, 36.7523390388161], [-119.773850690356, 36.7523470389104], [-119.773706690416, 36.7523490391137], [-119.773620690202, 36.7523390388161], [-119.773620690202, 36.7521670391075], [-119.773623689677, 36.7516520388586], [-119.7736246904, 36.7514810388024], [-119.77369669037, 36.7514770390702], [-119.773849689633, 36.751476039317], [-119.774527691297, 36.7514720388647], [-119.774753691253, 36.7514710391115], [-119.774757690552, 36.7516440386918], [-119.774772690621, 36.7521630386912], [-119.774777690644, 36.7523370393323]]]}, "properties": {"GEOID": "060190024002014", "P0010001": 42, "ALAND": 9839, "AWATER": 0}}, {"type": "Feature", "geometry": {"type": "Polygon", "coordinates": [[[-119.773623689677, 36.7516520388586], [-119.773620690202, 36.7521670391075], [-119.773620690202, 36.7523390388161], [-119.773393690421, 36.7523390388161], [-119.772714689831, 36.7523410397395], [-119.772488689875, 36.752343039943], [-119.772491690248, 36.7521710402433], [-119.772503689944, 36.7516550388309], [-119.772504689768, 36.7516260388536], [-119.772502690119, 36.7514840387814], [-119.772726690425, 36.7514830390284], [-119.773399690269, 36.7514810388024], [-119.7736246904, 36.7514810388024], [-119.773623689677, 36.7516520388586]]]}, "properties": {"GEOID": "060190024002015", "P0010001": 10, "ALAND": 9565, "AWATER": 0}}, {"type": "Feature", "geometry": {"type": "Polygon", "coordinates": [[[-119.776234690661, 36.7514800390493], [-119.776088691071, 36.7539120392314], [-119.776088691071, 36.7539690391658], [-119.7760776912, 36.7541670390253], [-119.775880690659, 36.7541880403], [-119.775722691373, 36.7542050398196], [-119.775731690696, 36.7540760387135], [-119.775879690834, 36.751915039106], [-119.775910690796, 36.7514740390909], [-119.775960691025, 36.7506210390221], [-119.775986690964, 36.7503900391361], [-119.776315690852, 36.7503950386923], [-119.776234690661, 36.7514800390493]]]}, "properties": {"GEOID": "060190024002016", "P0010001": 0, "ALAND": 12611, "AWATER": 0}}, {"type": "Feature", "geometry": {"type": "Polygon", "coordinates": [[[-119.781502691761, 36.7527670387274], [-119.781492691716, 36.7534240390324], [-119.781495692089, 36.7535230386497], [-119.780946692093, 36.7535890392833], [-119.77718169104, 36.7540440390527], [-119.776684690923, 36.7541040387656], [-119.7760776912, 36.7541670390253], [-119.776088691071, 36.7539690391658], [-119.776088691071, 36.7539120392314], [-119.776234690661, 36.7514800390493], [-119.776315690852, 36.7503950386923], [-119.776446691271, 36.750400038968], [-119.777020691382, 36.7503950386923], [-119.777143691405, 36.7503940389251], [-119.778329691261, 36.7503990392009], [-119.779260690848, 36.7503810390704], [-119.779403690963, 36.7503820388379], [-119.779835690784, 36.7503870391143], [-119.779979690724, 36.750389038649], [-119.779978690899, 36.750608039206], [-119.779975691424, 36.7512680392728], [-119.779975691424, 36.7514890389861], [-119.779975691424, 36.7516930387101], [-119.779975691424, 36.7523080388929], [-119.779976692147, 36.752513039058], [-119.780282691571, 36.752513039058], [-119.781200691638, 36.752513039058], [-119.781506691959, 36.7525140387976], [-119.781502691761, 36.7527670387274]]]}, "properties": {"GEOID": "060190024002017", "P0010001": 92, "ALAND": 149544, "AWATER": 0}}, {"type": "Feature", "geometry": {"type": "Polygon", "coordinates": [[[-119.781504692309, 36.7514880392332], [-119.781198691988, 36.7514880392332], [-119.780280691022, 36.7514880392332], [-119.779975691424, 36.7514890389861], [-119.779975691424, 36.7512680392728], [-119.779978690899, 36.750608039206], [-119.779979690724, 36.750389038649], [-119.780282690672, 36.750389038649], [-119.781191691417, 36.750389038649], [-119.781494692264, 36.7503900391361], [-119.781495692089, 36.7506090389704], [-119.781501691936, 36.7512680392728], [-119.781504692309, 36.7514880392332]]]}, "properties": {"GEOID": "060190024002018", "P0010001": 17, "ALAND": 16572, "AWATER": 0}}, {"type": "Feature", "geometry": {"type": "Polygon", "coordinates": [[[-119.781506691959, 36.7525140387976], [-119.781200691638, 36.752513039058], [-119.780282691571, 36.752513039058], [-119.779976692147, 36.752513039058], [-119.779975691424, 36.7523080388929], [-119.779975691424, 36.7516930387101], [-119.779975691424, 36.7514890389861], [-119.780280691022, 36.7514880392332], [-119.781198691988, 36.7514880392332], [-119.781504692309, 36.7514880392332], [-119.781504692309, 36.7516930387101], [-119.781505692134, 36.7523080388929], [-119.781506691959, 36.7525140387976]]]}, "properties": {"GEOID": "060190024002019", "P0010001": 56, "ALAND": 15536, "AWATER": 0}}, {"type": "Feature", "geometry": {"type": "Polygon", "coordinates": [[[-119.781500692112, 36.7561650392404], [-119.78142169157, 36.7561660389325], [-119.781315692164, 36.7561660389325], [-119.781223692102, 36.7561640388286], [-119.781129692391, 36.75617003914], [-119.780980692428, 36.7561760387312], [-119.78088069197, 36.7561790392464], [-119.780783691886, 36.7561670393442], [-119.780689692175, 36.7561610390326], [-119.780593691915, 36.7561590389287], [-119.780491691808, 36.7561540390283], [-119.780435691731, 36.7561530393361], [-119.780379691655, 36.7561530393361], [-119.780273692248, 36.75615003882], [-119.780185692385, 36.7561430388147], [-119.779980692345, 36.7561300392143], [-119.779980692345, 36.7556310391624], [-119.781494692264, 36.7556340389792], [-119.781500692112, 36.7561650392404]]]}, "properties": {"GEOID": "060190024002020", "P0010001": 36, "ALAND": 7924, "AWATER": 0}}, {"type": "Feature", "geometry": {"type": "Polygon", "coordinates": [[[-119.781503691586, 36.7563590389924], [-119.781496691914, 36.7566750388365], [-119.781193691965, 36.7566740391511], [-119.780284692119, 36.7566710386553], [-119.779982691995, 36.7566700389699], [-119.779980692345, 36.7561300392143], [-119.780185692385, 36.7561430388147], [-119.780273692248, 36.75615003882], [-119.780379691655, 36.7561530393361], [-119.780435691731, 36.7561530393361], [-119.780491691808, 36.7561540390283], [-119.780593691915, 36.7561590389287], [-119.780689692175, 36.7561610390326], [-119.780783691886, 36.7561670393442], [-119.78088069197, 36.7561790392464], [-119.780980692428, 36.7561760387312], [-119.781129692391, 36.75617003914], [-119.781223692102, 36.7561640388286], [-119.781315692164, 36.7561660389325], [-119.78142169157, 36.7561660389325], [-119.781500692112, 36.7561650392404], [-119.781503691586, 36.7563590389924]]]}, "properties": {"GEOID": "060190024002021", "P0010001": 39, "ALAND": 7720, "AWATER": 0}}, {"type": "Feature", "geometry": {"type": "Polygon", "coordinates": [[[-119.781511691982, 36.7576940389802], [-119.781203692011, 36.7576970387163], [-119.780282691571, 36.7577080401465], [-119.779976692147, 36.7577130399456], [-119.779976692147, 36.7575040398636], [-119.779978691797, 36.7571810399254], [-119.779980692345, 36.7568780387626], [-119.779982691995, 36.7566700389699], [-119.780284692119, 36.7566710386553], [-119.781193691965, 36.7566740391511], [-119.781496691914, 36.7566750388365], [-119.781498691563, 36.7567860391038], [-119.781504692309, 36.7571210390206], [-119.781507691784, 36.7572330390402], [-119.781507691784, 36.7573250388827], [-119.781510692157, 36.7576010391874], [-119.781511691982, 36.7576940389802]]]}, "properties": {"GEOID": "060190024002022", "P0010001": 34, "ALAND": 15581, "AWATER": 0}}, {"type": "Feature", "geometry": {"type": "Polygon", "coordinates": [[[-119.779976692147, 36.7575040398636], [-119.779976692147, 36.7577130399456], [-119.779834691857, 36.7577130399456], [-119.77940969171, 36.7577130399456], [-119.779268692143, 36.7577130399456], [-119.779112691609, 36.7577110398821], [-119.778647692177, 36.7577050396912], [-119.778492692366, 36.7577040400192], [-119.778492692366, 36.7574970399819], [-119.778492692366, 36.7571890402344], [-119.778610692367, 36.7571870401572], [-119.778666692443, 36.7571900399131], [-119.77873369239, 36.7571890402344], [-119.778791692117, 36.7571870401572], [-119.778847692193, 36.7571870401572], [-119.778904692094, 36.757188039836], [-119.778972691866, 36.757188039836], [-119.779041692362, 36.7571840396815], [-119.779111691784, 36.757179039848], [-119.779186692127, 36.757175039693], [-119.779247692226, 36.757175039693], [-119.779306691777, 36.7571760400917], [-119.779371692075, 36.757175039693], [-119.779449691892, 36.7571710402576], [-119.779510691992, 36.7571710402576], [-119.779572691916, 36.757175039693], [-119.77963469184, 36.7571770397706], [-119.779698692313, 36.7571830400027], [-119.779756692039, 36.75718504008], [-119.779825691636, 36.7571860397588], [-119.779890691933, 36.7571840396815], [-119.779978691797, 36.7571810399254], [-119.779976692147, 36.7575040398636]]]}, "properties": {"GEOID": "060190024002023", "P0010001": 66, "ALAND": 7777, "AWATER": 0}}, {"type": "Feature", "geometry": {"type": "Polygon", "coordinates": [[[-119.779980692345, 36.7568780387626], [-119.779978691797, 36.7571810399254], [-119.779890691933, 36.7571840396815], [-119.779825691636, 36.7571860397588], [-119.779756692039, 36.75718504008], [-119.779698692313, 36.7571830400027], [-119.77963469184, 36.7571770397706], [-119.779572691916, 36.757175039693], [-119.779510691992, 36.7571710402576], [-119.779449691892, 36.7571710402576], [-119.779371692075, 36.757175039693], [-119.779306691777, 36.7571760400917], [-119.779247692226, 36.757175039693], [-119.779186692127, 36.757175039693], [-119.779111691784, 36.757179039848], [-119.779041692362, 36.7571840396815], [-119.778972691866, 36.757188039836], [-119.778904692094, 36.757188039836], [-119.778847692193, 36.7571870401572], [-119.778791692117, 36.7571870401572], [-119.77873369239, 36.7571890402344], [-119.778666692443, 36.7571900399131], [-119.778610692367, 36.7571870401572], [-119.778492692366, 36.7571890402344], [-119.778492692366, 36.7568760401167], [-119.778492692366, 36.7566690400041], [-119.778790692292, 36.7566690400041], [-119.779684692069, 36.7566690392844], [-119.779982691995, 36.7566700389699], [-119.779980692345, 36.7568780387626]]]}, "properties": {"GEOID": "060190024002024", "P0010001": 55, "ALAND": 7559, "AWATER": 0}}, {"type": "Feature", "geometry": {"type": "Polygon", "coordinates": [[[-119.779982691995, 36.7566700389699], [-119.779684692069, 36.7566690392844], [-119.778790692292, 36.7566690400041], [-119.778492692366, 36.7566690400041], [-119.778490691818, 36.7564620400526], [-119.778487692343, 36.7561700398597], [-119.778601692146, 36.7561450403585], [-119.778716691773, 36.756145038919], [-119.778788691743, 36.756146039331], [-119.778851692391, 36.7561470390234], [-119.778910691942, 36.7561480387157], [-119.778984691562, 36.7561480387157], [-119.779046692385, 36.7561490391276], [-119.779108692309, 36.75615003882], [-119.779187691952, 36.7561510392319], [-119.779252692249, 36.7561520389241], [-119.779332691717, 36.7561490391276], [-119.779397692014, 36.7561480387157], [-119.779459691938, 36.756145038919], [-119.779523692411, 36.7561410387102], [-119.779587691985, 36.7561390393254], [-119.779666691627, 36.7561380389133], [-119.779729692275, 36.7561370392208], [-119.779824691811, 36.7561310389069], [-119.77988769156, 36.7561280391096], [-119.779980692345, 36.7561300392143], [-119.779982691995, 36.7566700389699]]]}, "properties": {"GEOID": "060190024002025", "P0010001": 63, "ALAND": 7756, "AWATER": 0}}, {"type": "Feature", "geometry": {"type": "Polygon", "coordinates": [[[-119.787225693146, 36.7572840391621], [-119.787162693397, 36.7573000390381], [-119.7870976931, 36.7573230388091], [-119.787042692848, 36.7573430388233], [-119.786591692762, 36.7575420390049], [-119.786506693271, 36.7575790391734], [-119.786327693171, 36.7576420387385], [-119.786007692606, 36.7576870391159], [-119.785878692734, 36.7576820393151], [-119.784041692775, 36.7576820393151], [-119.783770692614, 36.7576820393151], [-119.783338692794, 36.7576840386597], [-119.782231691682, 36.7576900388522], [-119.781511691982, 36.7576940389802], [-119.781510692157, 36.7576010391874], [-119.781507691784, 36.7573250388827], [-119.781507691784, 36.7572330390402], [-119.781909692365, 36.7572310389642], [-119.783117692861, 36.7572290388881], [-119.783520693267, 36.7572280392099], [-119.783902692858, 36.7572280392099], [-119.785049693254, 36.7572310389642], [-119.78543269267, 36.7572320386424], [-119.787225693146, 36.7572330390402], [-119.787225693146, 36.7572840391621]]]}, "properties": {"GEOID": "060190024003000", "P0010001": 78, "ALAND": 23671, "AWATER": 0}}, {"type": "Feature", "geometry": {"type": "Polygon", "coordinates": [[[-119.78543269267, 36.7565300389718], [-119.78543269267, 36.757056038947], [-119.78543269267, 36.7572320386424], [-119.785049693254, 36.7572310389642], [-119.783902692858, 36.7572280392099], [-119.783520693267, 36.7572280392099], [-119.783520693267, 36.7570530391859], [-119.783520692368, 36.756531038659], [-119.783520692368, 36.7563570388936], [-119.783902692858, 36.7563560392041], [-119.785049693254, 36.7563550387948], [-119.78543269267, 36.7563550387948], [-119.78543269267, 36.7565300389718]]]}, "properties": {"GEOID": "060190024003001", "P0010001": 100, "ALAND": 16559, "AWATER": 0}}, {"type": "Feature", "geometry": {"type": "Polygon", "coordinates": [[[-119.787225693146, 36.7572330390402], [-119.78543269267, 36.7572320386424], [-119.78543269267, 36.757056038947], [-119.78543269267, 36.7565300389718], [-119.78543269267, 36.7563550387948], [-119.785784693023, 36.7563540391051], [-119.786841693007, 36.7563540391051], [-119.787194693184, 36.7563540391051], [-119.787198693382, 36.7566060389202], [-119.787225693146, 36.7572330390402]]]}, "properties": {"GEOID": "060190024003002", "P0010001": 90, "ALAND": 15451, "AWATER": 0}}, {"type": "Feature", "geometry": {"type": "Polygon", "coordinates": [[[-119.787194693184, 36.7563540391051], [-119.786841693007, 36.7563540391051], [-119.785784693023, 36.7563540391051], [-119.78543269267, 36.7563550387948], [-119.78543269267, 36.7561730389357], [-119.78543269267, 36.7556270389268], [-119.785433693394, 36.7554460392011], [-119.785784693023, 36.7554430386573], [-119.786839693357, 36.7554350388859], [-119.787191692811, 36.755433038763], [-119.787191692811, 36.7555600389071], [-119.787191692811, 36.7556170390565], [-119.787193693359, 36.7561690387283], [-119.787194693184, 36.7563540391051]]]}, "properties": {"GEOID": "060190024003003", "P0010001": 15, "ALAND": 15958, "AWATER": 0}}, {"type": "Feature", "geometry": {"type": "Polygon", "coordinates": [[[-119.78543269267, 36.7556270389268], [-119.78543269267, 36.7561730389357], [-119.78543269267, 36.7563550387948], [-119.785049693254, 36.7563550387948], [-119.783902692858, 36.7563560392041], [-119.783520692368, 36.7563570388936], [-119.783527692041, 36.7554460392011], [-119.785433693394, 36.7554460392011], [-119.78543269267, 36.7556270389268]]]}, "properties": {"GEOID": "060190024003004", "P0010001": 84, "ALAND": 17203, "AWATER": 0}}, {"type": "Feature", "geometry": {"type": "Polygon", "coordinates": [[[-119.783520692368, 36.7563570388936], [-119.781503691586, 36.7563590389924], [-119.781500692112, 36.7561650392404], [-119.781494692264, 36.7556340389792], [-119.781500692112, 36.7554600393383], [-119.783527692041, 36.7554460392011], [-119.783520692368, 36.7563570388936]]]}, "properties": {"GEOID": "060190024003005", "P0010001": 83, "ALAND": 18165, "AWATER": 0}}, {"type": "Feature", "geometry": {"type": "Polygon", "coordinates": [[[-119.783520692368, 36.756531038659], [-119.783520693267, 36.7570530391859], [-119.783520693267, 36.7572280392099], [-119.783117692861, 36.7572290388881], [-119.781909692365, 36.7572310389642], [-119.781507691784, 36.7572330390402], [-119.781504692309, 36.7571210390206], [-119.781498691563, 36.7567860391038], [-119.781496691914, 36.7566750388365], [-119.781503691586, 36.7563590389924], [-119.783520692368, 36.7563570388936], [-119.783520692368, 36.756531038659]]]}, "properties": {"GEOID": "060190024003006", "P0010001": 103, "ALAND": 17452, "AWATER": 0}}, {"type": "Feature", "geometry": {"type": "Polygon", "coordinates": [[[-119.783527692041, 36.7554460392011], [-119.781500692112, 36.7554600393383], [-119.781502691761, 36.7546300388216], [-119.781497691738, 36.7545290390468], [-119.783519691645, 36.7545230393268], [-119.783527692041, 36.7554460392011]]]}, "properties": {"GEOID": "060190024003007", "P0010001": 81, "ALAND": 18576, "AWATER": 0}}, {"type": "Feature", "geometry": {"type": "Polygon", "coordinates": [[[-119.785433693394, 36.7547060392129], [-119.785433693394, 36.7552600390898], [-119.785433693394, 36.7554460392011], [-119.783527692041, 36.7554460392011], [-119.783519691645, 36.7545230393268], [-119.785433693394, 36.7545210391801], [-119.785433693394, 36.7547060392129]]]}, "properties": {"GEOID": "060190024003008", "P0010001": 117, "ALAND": 17489, "AWATER": 0}}, {"type": "Feature", "geometry": {"type": "Polygon", "coordinates": [[[-119.787191692811, 36.755433038763], [-119.786839693357, 36.7554350388859], [-119.785784693023, 36.7554430386573], [-119.785433693394, 36.7554460392011], [-119.785433693394, 36.7552600390898], [-119.785433693394, 36.7547060392129], [-119.785433693394, 36.7545210391801], [-119.785782693373, 36.7545190390334], [-119.786829693311, 36.7545150387397], [-119.787179693116, 36.7545140390261], [-119.787179693116, 36.7546510392497], [-119.787179693116, 36.7546970389337], [-119.787188693337, 36.755249038748], [-119.787191692811, 36.755433038763]]]}, "properties": {"GEOID": "060190024003009", "P0010001": 32, "ALAND": 15997, "AWATER": 0}}, {"type": "Feature", "geometry": {"type": "Polygon", "coordinates": [[[-119.787179693116, 36.7537330392254], [-119.787179693116, 36.7538350390508], [-119.787179693116, 36.7543180387747], [-119.787179693116, 36.7545140390261], [-119.786829693311, 36.7545150387397], [-119.785782693373, 36.7545190390334], [-119.785433693394, 36.7545210391801], [-119.785435693043, 36.7543270390983], [-119.785444693264, 36.753748038679], [-119.785447691841, 36.7535550392475], [-119.785793693244, 36.7535480390055], [-119.786834693334, 36.7535290391677], [-119.787034693351, 36.7535260392686], [-119.787181692766, 36.7535380388642], [-119.787179693116, 36.7537330392254]]]}, "properties": {"GEOID": "060190024003010", "P0010001": 66, "ALAND": 16855, "AWATER": 0}}, {"type": "Feature", "geometry": {"type": "Polygon", "coordinates": [[[-119.787225693146, 36.7532910391345], [-119.78720669288, 36.753395039004], [-119.787181692766, 36.7535380388642], [-119.787034693351, 36.7535260392686], [-119.786834693334, 36.7535290391677], [-119.785793693244, 36.7535480390055], [-119.785447691841, 36.7535550392475], [-119.785444693264, 36.753748038679], [-119.785435693043, 36.7543270390983], [-119.785433693394, 36.7545210391801], [-119.783519691645, 36.7545230393268], [-119.781497691738, 36.7545290390468], [-119.781496691914, 36.7539910387755], [-119.781496691914, 36.7537820393489], [-119.783762692218, 36.7534590388535], [-119.784414692146, 36.7533460393529], [-119.785677691994, 36.7531130388509], [-119.786255693201, 36.7529910390811], [-119.786448692647, 36.7529560390465], [-119.78702769278, 36.7528540387721], [-119.787192692636, 36.7528260389836], [-119.787221692948, 36.7528200391304], [-119.787222692773, 36.7529640390764], [-119.787225693146, 36.7532910391345]]]}, "properties": {"GEOID": "060190024003011", "P0010001": 98, "ALAND": 50245, "AWATER": 0}}, {"type": "Feature", "geometry": {"type": "Polygon", "coordinates": [[[-119.787221692948, 36.7528200391304], [-119.787192692636, 36.7528260389836], [-119.78702769278, 36.7528540387721], [-119.786448692647, 36.7529560390465], [-119.786255693201, 36.7529910390811], [-119.785677691994, 36.7531130388509], [-119.784414692146, 36.7533460393529], [-119.783762692218, 36.7534590388535], [-119.781496691914, 36.7537820393489], [-119.781495692089, 36.7535230386497], [-119.783240691986, 36.7532370393266], [-119.784887691974, 36.7529810388672], [-119.78620969317, 36.7527300391169], [-119.786247692805, 36.7527210393256], [-119.787187692613, 36.7525550389083], [-119.787229693344, 36.7525440388983], [-119.787221692948, 36.7528200391304]]]}, "properties": {"GEOID": "060190024003012", "P0010001": 0, "ALAND": 15983, "AWATER": 0}}, {"type": "Feature", "geometry": {"type": "Polygon", "coordinates": [[[-119.787231692994, 36.7524900392844], [-119.787229693344, 36.7525440388983], [-119.787187692613, 36.7525550389083], [-119.786247692805, 36.7527210393256], [-119.78620969317, 36.7527300391169], [-119.784887691974, 36.7529810388672], [-119.783240691986, 36.7532370393266], [-119.781495692089, 36.7535230386497], [-119.781492691716, 36.7534240390324], [-119.781502691761, 36.7527670387274], [-119.781506691959, 36.7525140387976], [-119.781911692015, 36.7525100391192], [-119.783130692381, 36.7525000388426], [-119.783536692262, 36.7524970389033], [-119.783912692006, 36.7524950387038], [-119.78504169196, 36.752493039224], [-119.785418692427, 36.752493039224], [-119.785423691551, 36.7522870392629], [-119.785440692168, 36.7516720389117], [-119.785446692016, 36.7514670386589], [-119.785441691993, 36.7512490388704], [-119.785429692297, 36.7505980386814], [-119.785428691574, 36.7505020381862], [-119.785421691901, 36.7503820381181], [-119.78554569175, 36.7503800378634], [-119.785919691844, 36.7503780383285], [-119.786044692415, 36.7503780383285], [-119.786269691648, 36.7503770378412], [-119.786948692239, 36.7503770378412], [-119.787174692195, 36.7503770378412], [-119.787176691844, 36.7505900376851], [-119.787185692963, 36.7512310382197], [-119.787188693337, 36.7514450383253], [-119.787209693253, 36.7517190379727], [-119.787225693146, 36.7519090391815], [-119.787233692644, 36.7524070392306], [-119.787231692994, 36.7524900392844]]]}, "properties": {"GEOID": "060190024003013", "P0010001": 218, "ALAND": 68326, "AWATER": 0}}, {"type": "Feature", "geometry": {"type": "Polygon", "coordinates": [[[-119.785440692168, 36.7516720389117], [-119.785423691551, 36.7522870392629], [-119.785418692427, 36.752493039224], [-119.78504169196, 36.752493039224], [-119.783912692006, 36.7524950387038], [-119.783536692262, 36.7524970389033], [-119.783532692064, 36.7522930391578], [-119.783523691843, 36.751681038826], [-119.783520692368, 36.7514780388233], [-119.78368669205, 36.7514710391115], [-119.783905692333, 36.7514700393582], [-119.785060692226, 36.7514670386589], [-119.785446692016, 36.7514670386589], [-119.785440692168, 36.7516720389117]]]}, "properties": {"GEOID": "060190024003014", "P0010001": 121, "ALAND": 19345, "AWATER": 0}}, {"type": "Feature", "geometry": {"type": "Polygon", "coordinates": [[[-119.783536692262, 36.7524970389033], [-119.783130692381, 36.7525000388426], [-119.781911692015, 36.7525100391192], [-119.781506691959, 36.7525140387976], [-119.781505692134, 36.7523080388929], [-119.781504692309, 36.7516930387101], [-119.781504692309, 36.7514880392332], [-119.781524692401, 36.7514870387603], [-119.781907691817, 36.7514850392543], [-119.783116692137, 36.7514790392962], [-119.783520692368, 36.7514780388233], [-119.783523691843, 36.751681038826], [-119.783532692064, 36.7522930391578], [-119.783536692262, 36.7524970389033]]]}, "properties": {"GEOID": "060190024003015", "P0010001": 112, "ALAND": 20510, "AWATER": 0}}, {"type": "Feature", "geometry": {"type": "Polygon", "coordinates": [[[-119.785446692016, 36.7514670386589], [-119.785060692226, 36.7514670386589], [-119.783905692333, 36.7514700393582], [-119.78368669205, 36.7514710391115], [-119.783520692368, 36.7514780388233], [-119.783524691668, 36.7512570390784], [-119.783538691912, 36.7505970389168], [-119.783541692285, 36.7504840387998], [-119.783540691562, 36.7503770392808], [-119.783583692118, 36.7503770392808], [-119.783712691989, 36.7503810390704], [-119.783755691647, 36.7503820388379], [-119.783984691976, 36.750380039303], [-119.784675692262, 36.7503740392585], [-119.784905692416, 36.7503730387712], [-119.785008692348, 36.7503740392585], [-119.785317692144, 36.7503800378634], [-119.785421691901, 36.7503820381181], [-119.785428691574, 36.7505020381862], [-119.785429692297, 36.7505980386814], [-119.785441691993, 36.7512490388704], [-119.785446692016, 36.7514670386589]]]}, "properties": {"GEOID": "060190024003016", "P0010001": 61, "ALAND": 20596, "AWATER": 0}}, {"type": "Feature", "geometry": {"type": "Polygon", "coordinates": [[[-119.783541692285, 36.7504840387998], [-119.783538691912, 36.7505970389168], [-119.783524691668, 36.7512570390784], [-119.783520692368, 36.7514780388233], [-119.783116692137, 36.7514790392962], [-119.781907691817, 36.7514850392543], [-119.781524692401, 36.7514870387603], [-119.781504692309, 36.7514880392332], [-119.781501691936, 36.7512680392728], [-119.781495692089, 36.7506090389704], [-119.781494692264, 36.7503900391361], [-119.781725692242, 36.7503880388817], [-119.782422692376, 36.7503840390924], [-119.78265469218, 36.7503830393251], [-119.782831691732, 36.7503810390704], [-119.783362692185, 36.7503780390483], [-119.783540691562, 36.7503770392808], [-119.783541692285, 36.7504840387998]]]}, "properties": {"GEOID": "060190024003017", "P0010001": 114, "ALAND": 22135, "AWATER": 0}}, {"type": "Feature", "geometry": {"type": "Polygon", "coordinates": [[[-119.783798693101, 36.7651970397667], [-119.783791694327, 36.7657490402999], [-119.783790693603, 36.765934039879], [-119.781536692995, 36.7659170400802], [-119.781540693193, 36.765137040095], [-119.781533692622, 36.7650060402291], [-119.781983692884, 36.7650070398059], [-119.783333692771, 36.7650120398488], [-119.783784692857, 36.765014039722], [-119.783799692926, 36.7651170399542], [-119.783798693101, 36.7651970397667]]]}, "properties": {"GEOID": "060190024004000", "P0010001": 31, "ALAND": 20472, "AWATER": 0}}, {"type": "Feature", "geometry": {"type": "Polygon", "coordinates": [[[-119.78605069406, 36.765203040091], [-119.786043694387, 36.7657360401687], [-119.786042693664, 36.765914039946], [-119.785591693577, 36.7659180396452], [-119.784240693865, 36.7659290398962], [-119.783790693603, 36.765934039879], [-119.783791694327, 36.7657490402999], [-119.783798693101, 36.7651970397667], [-119.783799692926, 36.7651170399542], [-119.783784692857, 36.765014039722], [-119.784237694391, 36.7650160403147], [-119.785598694148, 36.7650230402298], [-119.78605269371, 36.7650260396793], [-119.78605069406, 36.765203040091]]]}, "properties": {"GEOID": "060190024004001", "P0010001": 46, "ALAND": 20178, "AWATER": 0}}, {"type": "Feature", "geometry": {"type": "Polygon", "coordinates": [[[-119.786053694433, 36.7635060399752], [-119.78605269371, 36.764646039879], [-119.78605269371, 36.7650260396793], [-119.785598694148, 36.7650230402298], [-119.784237694391, 36.7650160403147], [-119.783784692857, 36.765014039722], [-119.783784692857, 36.7643180397039], [-119.783788693055, 36.7622330401701], [-119.78378969288, 36.7615380397235], [-119.78378969288, 36.7614460398964], [-119.785775692802, 36.7614060398434], [-119.785865693214, 36.7614080398105], [-119.785922693115, 36.7614160396787], [-119.785980692841, 36.7614460398964], [-119.786020693024, 36.7615010400253], [-119.786037692743, 36.7615560401147], [-119.786053692636, 36.7617080400521], [-119.786054694258, 36.7631270401607], [-119.786053694433, 36.7635060399752]]]}, "properties": {"GEOID": "060190024004002", "P0010001": 25, "ALAND": 80667, "AWATER": 0}}, {"type": "Feature", "geometry": {"type": "Polygon", "coordinates": [[[-119.788290694425, 36.7635170398526], [-119.788283693854, 36.7646450402975], [-119.788282694029, 36.7650220399336], [-119.788046694027, 36.7650190397644], [-119.787836693965, 36.7650190397644], [-119.786498693774, 36.7650240398064], [-119.78605269371, 36.7650260396793], [-119.78605269371, 36.764646039879], [-119.786053694433, 36.7635060399752], [-119.786054694258, 36.7631270401607], [-119.786501694147, 36.763129040083], [-119.787844694361, 36.7631380400925], [-119.788292694075, 36.7631410403353], [-119.788290694425, 36.7635170398526]]]}, "properties": {"GEOID": "060190024004003", "P0010001": 0, "ALAND": 41797, "AWATER": 0}}, {"type": "Feature", "geometry": {"type": "Polygon", "coordinates": [[[-119.790553695254, 36.7650410398032], [-119.790098694071, 36.7650370400583], [-119.78873669359, 36.7650250401027], [-119.788282694029, 36.7650220399336], [-119.788283693854, 36.7646450402975], [-119.788290694425, 36.7635170398526], [-119.788292694075, 36.7631410403353], [-119.787844694361, 36.7631380400925], [-119.786501694147, 36.763129040083], [-119.786054694258, 36.7631270401607], [-119.786053692636, 36.7617080400521], [-119.786037692743, 36.7615560401147], [-119.786020693024, 36.7615010400253], [-119.785980692841, 36.7614460398964], [-119.786117693109, 36.7614050387802], [-119.78653269321, 36.7611720390069], [-119.7869146937, 36.7608490386817], [-119.787108693869, 36.760608038707], [-119.78720269358, 36.760423039234], [-119.787262692956, 36.7601680386455], [-119.787282693048, 36.7599540391229], [-119.787290693444, 36.7594540391084], [-119.787354693018, 36.7596040388793], [-119.78754769426, 36.7600540393104], [-119.787612693659, 36.7602040393472], [-119.787881694171, 36.7606030390967], [-119.788187693594, 36.7610570386572], [-119.788746693636, 36.7617590393576], [-119.789047693935, 36.7621360387877], [-119.789210694142, 36.7623410393169], [-119.789702694236, 36.7629590393058], [-119.789866694268, 36.7631650386753], [-119.790002693812, 36.7633320387606], [-119.790410694241, 36.7638330389936], [-119.790546693785, 36.7640000390636], [-119.79054769361, 36.7642080391292], [-119.790551694706, 36.7648320402589], [-119.790553695254, 36.7650410398032]]]}, "properties": {"GEOID": "060190024004004", "P0010001": 0, "ALAND": 107702, "AWATER": 0}}, {"type": "Feature", "geometry": {"type": "Polygon", "coordinates": [[[-119.790550693983, 36.7613770392341], [-119.790537693564, 36.7624130386636], [-119.790537693564, 36.7625670389984], [-119.790540693937, 36.7630300391894], [-119.790541693762, 36.7631850393252], [-119.790541693762, 36.7633470392159], [-119.790544694135, 36.7638370388013], [-119.790546693785, 36.7640000390636], [-119.790410694241, 36.7638330389936], [-119.790002693812, 36.7633320387606], [-119.789866694268, 36.7631650386753], [-119.789702694236, 36.7629590393058], [-119.789210694142, 36.7623410393169], [-119.789047693935, 36.7621360387877], [-119.788746693636, 36.7617590393576], [-119.788187693594, 36.7610570386572], [-119.787881694171, 36.7606030390967], [-119.787612693659, 36.7602040393472], [-119.78754769426, 36.7600540393104], [-119.787354693018, 36.7596040388793], [-119.787290693444, 36.7594540391084], [-119.787388693353, 36.7594700392515], [-119.787682693081, 36.7595200389574], [-119.787780693889, 36.7595370387348], [-119.789330693792, 36.7595470388137], [-119.790413693716, 36.7595330387028], [-119.79054769361, 36.7595520392126], [-119.790550693983, 36.7613770392341]]]}, "properties": {"GEOID": "060190024004005", "P0010001": 16, "ALAND": 77267, "AWATER": 0}}, {"type": "Feature", "geometry": {"type": "Polygon", "coordinates": [[[-119.791698695102, 36.7650560392046], [-119.79155869536, 36.7650560392046], [-119.791386694932, 36.7650560392046], [-119.791219695426, 36.765055040348], [-119.790793694555, 36.7650540400521], [-119.790719694936, 36.7650500403079], [-119.790553695254, 36.7650410398032], [-119.790551694706, 36.7648320402589], [-119.79054769361, 36.7642080391292], [-119.790546693785, 36.7640000390636], [-119.790544694135, 36.7638370388013], [-119.790541693762, 36.7633470392159], [-119.790541693762, 36.7631850393252], [-119.790797693855, 36.7631790388429], [-119.790879693871, 36.7631790388429], [-119.791526693776, 36.7631820390841], [-119.791524695025, 36.7632700391505], [-119.791697695277, 36.763268039232], [-119.791698695102, 36.7650560392046]]]}, "properties": {"GEOID": "060190024004006", "P0010001": 0, "ALAND": 21211, "AWATER": 0}}, {"type": "Feature", "geometry": {"type": "Polygon", "coordinates": [[[-119.792249694748, 36.7650600389485], [-119.792076695394, 36.7650590386527], [-119.791698695102, 36.7650560392046], [-119.791697695277, 36.763268039232], [-119.791524695025, 36.7632700391505], [-119.791526693776, 36.7631820390841], [-119.791893695096, 36.7631830386847], [-119.792232695029, 36.7631850393252], [-119.792235695402, 36.7635600390311], [-119.792245695448, 36.7646850386612], [-119.792249694748, 36.7650600389485]]]}, "properties": {"GEOID": "060190024004007", "P0010001": 50, "ALAND": 10226, "AWATER": 0}}, {"type": "Feature", "geometry": {"type": "Polygon", "coordinates": [[[-119.792232695029, 36.7631850393252], [-119.791893695096, 36.7631830386847], [-119.791526693776, 36.7631820390841], [-119.791528694324, 36.7631180387106], [-119.791536693822, 36.7628020387825], [-119.791400694278, 36.7628040387133], [-119.791408693775, 36.762479038845], [-119.791164694276, 36.7624800391744], [-119.791158694428, 36.7623950391931], [-119.791887694349, 36.7623870387073], [-119.792225695357, 36.7623840391547], [-119.792226695182, 36.7625440386409], [-119.792230695379, 36.763024038695], [-119.792232695029, 36.7631850393252]]]}, "properties": {"GEOID": "060190024004008", "P0010001": 30, "ALAND": 6222, "AWATER": 0}}, {"type": "Feature", "geometry": {"type": "Polygon", "coordinates": [[[-119.791528694324, 36.7631180387106], [-119.791526693776, 36.7631820390841], [-119.790879693871, 36.7631790388429], [-119.790797693855, 36.7631790388429], [-119.790541693762, 36.7631850393252], [-119.790540693937, 36.7630300391894], [-119.790537693564, 36.7625670389984], [-119.790537693564, 36.7624130386636], [-119.790719694037, 36.762401039017], [-119.790874693848, 36.7623990390758], [-119.791158694428, 36.7623950391931], [-119.791164694276, 36.7624800391744], [-119.791408693775, 36.762479038845], [-119.791400694278, 36.7628040387133], [-119.791536693822, 36.7628020387825], [-119.791528694324, 36.7631180387106]]]}, "properties": {"GEOID": "060190024004009", "P0010001": 0, "ALAND": 6976, "AWATER": 0}}, {"type": "Feature", "geometry": {"type": "Polygon", "coordinates": [[[-119.791712694447, 36.7619280388598], [-119.791123694268, 36.7619320387668], [-119.791122694443, 36.7621380387358], [-119.791162693728, 36.7621370391216], [-119.791158694428, 36.7623950391931], [-119.790874693848, 36.7623990390758], [-119.790719694037, 36.762401039017], [-119.790537693564, 36.7624130386636], [-119.790550693983, 36.7613770392341], [-119.791720693945, 36.7613580391764], [-119.791712694447, 36.7619280388598]]]}, "properties": {"GEOID": "060190024004010", "P0010001": 0, "ALAND": 9331, "AWATER": 0}}, {"type": "Feature", "geometry": {"type": "Polygon", "coordinates": [[[-119.792238693979, 36.7615560386754], [-119.792228694831, 36.7621770387934], [-119.792225695357, 36.7623840391547], [-119.791887694349, 36.7623870387073], [-119.791158694428, 36.7623950391931], [-119.791162693728, 36.7621370391216], [-119.791122694443, 36.7621380387358], [-119.791123694268, 36.7619320387668], [-119.791712694447, 36.7619280388598], [-119.791720693945, 36.7613580391764], [-119.792242694177, 36.7613500393022], [-119.792238693979, 36.7615560386754]]]}, "properties": {"GEOID": "060190024004011", "P0010001": 52, "ALAND": 7911, "AWATER": 0}}, {"type": "Feature", "geometry": {"type": "Polygon", "coordinates": [[[-119.792242694177, 36.7613500393022], [-119.791720693945, 36.7613580391764], [-119.790550693983, 36.7613770392341], [-119.79054769361, 36.7595520392126], [-119.79226069372, 36.7595400391185], [-119.792242694177, 36.7613500393022]]]}, "properties": {"GEOID": "060190024004012", "P0010001": 63, "ALAND": 30657, "AWATER": 0}}, {"type": "Feature", "geometry": {"type": "Polygon", "coordinates": [[[-119.78378969288, 36.7615380397235], [-119.783788693055, 36.7622330401701], [-119.783784692857, 36.7643180397039], [-119.783784692857, 36.765014039722], [-119.783333692771, 36.7650120398488], [-119.781983692884, 36.7650070398059], [-119.781533692622, 36.7650060402291], [-119.781526692949, 36.7642460399867], [-119.781519693276, 36.7634960396928], [-119.781519693276, 36.7633340401168], [-119.781521692926, 36.7628500399851], [-119.781522692751, 36.7626890400909], [-119.781831693446, 36.7626880397642], [-119.78275969266, 36.7626880397642], [-119.78306969318, 36.7626880397642], [-119.783070693005, 36.7625450396892], [-119.783077692678, 36.7621180399719], [-119.783080693051, 36.7619760398897], [-119.782768692881, 36.7619740399373], [-119.781832693271, 36.7619680400799], [-119.781520693101, 36.7619670397438], [-119.781517692728, 36.7618620396436], [-119.781509693231, 36.7615470399197], [-119.781507692683, 36.761443040307], [-119.781506692858, 36.7613810398896], [-119.783282692717, 36.761374039642], [-119.783500693175, 36.7613590402401], [-119.783664693207, 36.761314039858], [-119.783782693208, 36.7613120398884], [-119.783788693055, 36.7614220402989], [-119.78378969288, 36.7614460398964], [-119.78378969288, 36.7615380397235]]]}, "properties": {"GEOID": "060190024004013", "P0010001": 104, "ALAND": 70639, "AWATER": 0}}, {"type": "Feature", "geometry": {"type": "Polygon", "coordinates": [[[-119.783077692678, 36.7621180399719], [-119.783070693005, 36.7625450396892], [-119.78306969318, 36.7626880397642], [-119.78275969266, 36.7626880397642], [-119.781831693446, 36.7626880397642], [-119.781522692751, 36.7626890400909], [-119.781521692926, 36.7625440400802], [-119.781520693101, 36.7621110397915], [-119.781520693101, 36.7619670397438], [-119.781832693271, 36.7619680400799], [-119.782768692881, 36.7619740399373], [-119.783080693051, 36.7619760398897], [-119.783077692678, 36.7621180399719]]]}, "properties": {"GEOID": "060190024004014", "P0010001": 52, "ALAND": 11034, "AWATER": 0}}, {"type": "Feature", "geometry": {"type": "Polygon", "coordinates": [[[-119.787282693048, 36.7599540391229], [-119.787262692956, 36.7601680386455], [-119.78720269358, 36.760423039234], [-119.787108693869, 36.760608038707], [-119.7869146937, 36.7608490386817], [-119.78653269321, 36.7611720390069], [-119.786117693109, 36.7614050387802], [-119.785980692841, 36.7614460398964], [-119.785922693115, 36.7614160396787], [-119.785865693214, 36.7614080398105], [-119.785775692802, 36.7614060398434], [-119.78378969288, 36.7614460398964], [-119.783788693055, 36.7614220402989], [-119.783782693208, 36.7613120398884], [-119.783775692637, 36.7612540400272], [-119.783788693055, 36.7612510397106], [-119.783781693383, 36.7612290400238], [-119.783882692767, 36.7612230401081], [-119.785890693328, 36.7611920387372], [-119.785885693305, 36.7604450391519], [-119.785875693259, 36.7595430387823], [-119.785868692688, 36.7586300387436], [-119.786081693124, 36.7586330391628], [-119.786570692845, 36.7586400389408], [-119.786697693067, 36.758639039281], [-119.787080693382, 36.7586380389015], [-119.787208693428, 36.7586380389015], [-119.787224693322, 36.7588010386982], [-119.787273692827, 36.7592900388889], [-119.787290693444, 36.7594540391084], [-119.787282693048, 36.7599540391229]]]}, "properties": {"GEOID": "060190024004015", "P0010001": 32, "ALAND": 37748, "AWATER": 0}}, {"type": "Feature", "geometry": {"type": "Polygon", "coordinates": [[[-119.783788693055, 36.7612510397106], [-119.783775692637, 36.7612540400272], [-119.783782693208, 36.7613120398884], [-119.783664693207, 36.761314039858], [-119.783500693175, 36.7613590402401], [-119.783282692717, 36.761374039642], [-119.781506692858, 36.7613810398896], [-119.78150069301, 36.7612370399106], [-119.781496692812, 36.7604530398402], [-119.783768692964, 36.7604630397997], [-119.783781693383, 36.7612290400238], [-119.783788693055, 36.7612510397106]]]}, "properties": {"GEOID": "060190024004016", "P0010001": 101, "ALAND": 20578, "AWATER": 0}}, {"type": "Feature", "geometry": {"type": "Polygon", "coordinates": [[[-119.785890693328, 36.7611920387372], [-119.783882692767, 36.7612230401081], [-119.783781693383, 36.7612290400238], [-119.783768692964, 36.7604630397997], [-119.785885693305, 36.7604450391519], [-119.785890693328, 36.7611920387372]]]}, "properties": {"GEOID": "060190024004017", "P0010001": 59, "ALAND": 15797, "AWATER": 0}}, {"type": "Feature", "geometry": {"type": "Polygon", "coordinates": [[[-119.785885693305, 36.7604450391519], [-119.783768692964, 36.7604630397997], [-119.783771693337, 36.7595540392281], [-119.785875693259, 36.7595430387823], [-119.785885693305, 36.7604450391519]]]}, "properties": {"GEOID": "060190024004018", "P0010001": 82, "ALAND": 18937, "AWATER": 0}}, {"type": "Feature", "geometry": {"type": "Polygon", "coordinates": [[[-119.783768692964, 36.7604630397997], [-119.781496692812, 36.7604530398402], [-119.781520692203, 36.7595430402217], [-119.783771693337, 36.7595540392281], [-119.783768692964, 36.7604630397997]]]}, "properties": {"GEOID": "060190024004019", "P0010001": 86, "ALAND": 20382, "AWATER": 0}}, {"type": "Feature", "geometry": {"type": "Polygon", "coordinates": [[[-119.783771693337, 36.7595540392281], [-119.781520692203, 36.7595430402217], [-119.781520692203, 36.7593600403596], [-119.781523691678, 36.7588150396625], [-119.781524692401, 36.7586330398824], [-119.783770692614, 36.7586320387831], [-119.783771693337, 36.7595540392281]]]}, "properties": {"GEOID": "060190024004020", "P0010001": 108, "ALAND": 20412, "AWATER": 0}}, {"type": "Feature", "geometry": {"type": "Polygon", "coordinates": [[[-119.785875693259, 36.7595430387823], [-119.783771693337, 36.7595540392281], [-119.783770692614, 36.7586320387831], [-119.785868692688, 36.7586300387436], [-119.785875693259, 36.7595430387823]]]}, "properties": {"GEOID": "060190024004021", "P0010001": 113, "ALAND": 19101, "AWATER": 0}}, {"type": "Feature", "geometry": {"type": "Polygon", "coordinates": [[[-119.785868692688, 36.7586300387436], [-119.783770692614, 36.7586320387831], [-119.783770692614, 36.7576820393151], [-119.784041692775, 36.7576820393151], [-119.784068693438, 36.7581900388503], [-119.785873692711, 36.7581340388399], [-119.785868692688, 36.7586300387436]]]}, "properties": {"GEOID": "060190024004022", "P0010001": 52, "ALAND": 11111, "AWATER": 0}}, {"type": "Feature", "geometry": {"type": "Polygon", "coordinates": [[[-119.783770692614, 36.7586320387831], [-119.781524692401, 36.7586330398824], [-119.781521692028, 36.7584450402573], [-119.781513691632, 36.757881039337], [-119.781511691982, 36.7576940389802], [-119.782231691682, 36.7576900388522], [-119.78223569188, 36.7581760392114], [-119.783345693365, 36.7581770388772], [-119.783338692794, 36.7576840386597], [-119.783770692614, 36.7576820393151], [-119.783770692614, 36.7586320387831]]]}, "properties": {"GEOID": "060190024004023", "P0010001": 39, "ALAND": 15713, "AWATER": 0}}, {"type": "Feature", "geometry": {"type": "Polygon", "coordinates": [[[-119.783345693365, 36.7581770388772], [-119.78223569188, 36.7581760392114], [-119.782231691682, 36.7576900388522], [-119.783338692794, 36.7576840386597], [-119.783345693365, 36.7581770388772]]]}, "properties": {"GEOID": "060190024004024", "P0010001": 32, "ALAND": 5377, "AWATER": 0}}, {"type": "Feature", "geometry": {"type": "Polygon", "coordinates": [[[-119.785873692711, 36.7581340388399], [-119.784068693438, 36.7581900388503], [-119.784041692775, 36.7576820393151], [-119.785878692734, 36.7576820393151], [-119.785873692711, 36.7581340388399]]]}, "properties": {"GEOID": "060190024004025", "P0010001": 39, "ALAND": 8664, "AWATER": 0}}, {"type": "Feature", "geometry": {"type": "Polygon", "coordinates": [[[-119.786570692845, 36.7586400389408], [-119.786081693124, 36.7586330391628], [-119.785868692688, 36.7586300387436], [-119.785873692711, 36.7581340388399], [-119.785878692734, 36.7576820393151], [-119.786007692606, 36.7576870391159], [-119.786327693171, 36.7576420387385], [-119.786506693271, 36.7575790391734], [-119.786591692762, 36.7575420390049], [-119.786570692845, 36.7586400389408]]]}, "properties": {"GEOID": "060190024004026", "P0010001": 0, "ALAND": 6949, "AWATER": 0}}, {"type": "Feature", "geometry": {"type": "Polygon", "coordinates": [[[-119.787225693146, 36.7574140388678], [-119.787221692948, 36.7577910387834], [-119.787214693276, 36.7582950389397], [-119.787208693428, 36.7586380389015], [-119.787080693382, 36.7586380389015], [-119.786697693067, 36.758639039281], [-119.786570692845, 36.7586400389408], [-119.786591692762, 36.7575420390049], [-119.787042692848, 36.7573430388233], [-119.7870976931, 36.7573230388091], [-119.787162693397, 36.7573000390381], [-119.787225693146, 36.7572840391621], [-119.787225693146, 36.7574140388678]]]}, "properties": {"GEOID": "060190024004027", "P0010001": 28, "ALAND": 7774, "AWATER": 0}}, {"type": "Feature", "geometry": {"type": "Polygon", "coordinates": [[[-119.772522692007, 36.7647490413252], [-119.772520692357, 36.7648290408019], [-119.772518691809, 36.7650160410343], [-119.772100692232, 36.7650150407379], [-119.770847690633, 36.7650140411612], [-119.770430690882, 36.7650140411612], [-119.770215690796, 36.7650130408648], [-119.769571691264, 36.7650130408648], [-119.769357691004, 36.7650130408648], [-119.769101690911, 36.7650100406953], [-119.76833569118, 36.7650040410754], [-119.768080690912, 36.765002041202], [-119.768080690912, 36.7649550409239], [-119.768080690912, 36.7648170408137], [-119.768080690912, 36.7647710407218], [-119.768286690776, 36.7647660406632], [-119.768306690868, 36.7647820411374], [-119.768520691128, 36.7647760407801], [-119.769275690988, 36.764755040965], [-119.769432691347, 36.7647660406632], [-119.769753690839, 36.7647500409054], [-119.769774690755, 36.7647390412048], [-119.769856690771, 36.7647430409653], [-119.770081690902, 36.764755040965], [-119.770094691321, 36.7647390412048], [-119.770149690674, 36.7647500409054], [-119.770251690781, 36.7647390412048], [-119.770269691223, 36.7647500409054], [-119.770290691139, 36.7647480410253], [-119.770388691049, 36.7647390412048], [-119.770407691315, 36.7647490413252], [-119.770419691011, 36.7647470407255], [-119.770470691065, 36.7647390412048], [-119.770490691156, 36.7647500409054], [-119.770508690699, 36.7647390412048], [-119.770559690753, 36.7647390412048], [-119.770579690844, 36.7647500409054], [-119.770597691286, 36.7647390412048], [-119.77080369115, 36.7647430409653], [-119.77093669122, 36.7647470407255], [-119.772522692007, 36.7647320412637], [-119.772522692007, 36.7647490413252]]]}, "properties": {"GEOID": "060190025011000", "P0010001": 0, "ALAND": 11499, "AWATER": 0}}, {"type": "Feature", "geometry": {"type": "Polygon", "coordinates": [[[-119.772528691855, 36.7642710411656], [-119.772522692007, 36.7647320412637], [-119.77093669122, 36.7647470407255], [-119.77080369115, 36.7647430409653], [-119.770597691286, 36.7647390412048], [-119.770579690844, 36.7647500409054], [-119.770559690753, 36.7647390412048], [-119.770508690699, 36.7647390412048], [-119.770490691156, 36.7647500409054], [-119.770470691065, 36.7647390412048], [-119.770419691011, 36.7647470407255], [-119.770407691315, 36.7647490413252], [-119.770388691049, 36.7647390412048], [-119.770290691139, 36.7647480410253], [-119.770269691223, 36.7647500409054], [-119.770251690781, 36.7647390412048], [-119.770149690674, 36.7647500409054], [-119.770094691321, 36.7647390412048], [-119.770081690902, 36.764755040965], [-119.769856690771, 36.7647430409653], [-119.769774690755, 36.7647390412048], [-119.769753690839, 36.7647500409054], [-119.769432691347, 36.7647660406632], [-119.769275690988, 36.764755040965], [-119.768520691128, 36.7647760407801], [-119.768306690868, 36.7647820411374], [-119.768286690776, 36.7647660406632], [-119.768080690912, 36.7647710407218], [-119.768066690668, 36.7647230407217], [-119.768027691208, 36.7645820407273], [-119.76801469079, 36.7645350409115], [-119.76801469079, 36.7642640411817], [-119.768015690614, 36.763453041198], [-119.768016691338, 36.763379040753], [-119.768007691117, 36.7631830408436], [-119.768457691379, 36.7631840411639], [-119.769809690916, 36.7631890413257], [-119.770260691002, 36.7631910412463], [-119.770710691264, 36.7631890413257], [-119.772061690976, 36.7631860410847], [-119.772512691063, 36.7631850407645], [-119.772513690888, 36.7633650413415], [-119.772518690911, 36.7639050412575], [-119.772520692357, 36.7640860411728], [-119.772529691679, 36.7642280409464], [-119.772528691855, 36.7642710411656]]]}, "properties": {"GEOID": "060190025011001", "P0010001": 0, "ALAND": 69740, "AWATER": 0}}, {"type": "Feature", "geometry": {"type": "Polygon", "coordinates": [[[-119.772512691063, 36.7631850407645], [-119.772061690976, 36.7631860410847], [-119.770710691264, 36.7631890413257], [-119.770260691002, 36.7631910412463], [-119.770261690827, 36.7630050412043], [-119.770267690675, 36.7624480408604], [-119.770268691398, 36.7624170407043], [-119.77025369133, 36.7622640411202], [-119.770704691416, 36.7622650407328], [-119.772057690778, 36.7622680410097], [-119.772508690865, 36.7622690413419], [-119.77250569139, 36.7624490411902], [-119.772510691413, 36.7630010413532], [-119.772512691063, 36.7631850407645]]]}, "properties": {"GEOID": "060190025011002", "P0010001": 80, "ALAND": 20491, "AWATER": 0}}, {"type": "Feature", "geometry": {"type": "Polygon", "coordinates": [[[-119.770267690675, 36.7624480408604], [-119.770261690827, 36.7630050412043], [-119.770260691002, 36.7631910412463], [-119.769809690916, 36.7631890413257], [-119.768457691379, 36.7631840411639], [-119.768007691117, 36.7631830408436], [-119.768005690569, 36.7630020409561], [-119.767999690721, 36.7624600412192], [-119.767999690721, 36.7624480408604], [-119.768015690614, 36.7622810410091], [-119.768462691401, 36.7622770411202], [-119.769805690718, 36.7622670406775], [-119.77025369133, 36.7622640411202], [-119.770268691398, 36.7624170407043], [-119.770267690675, 36.7624480408604]]]}, "properties": {"GEOID": "060190025011003", "P0010001": 109, "ALAND": 20471, "AWATER": 0}}, {"type": "Feature", "geometry": {"type": "Polygon", "coordinates": [[[-119.770260691002, 36.7615960408093], [-119.770254691154, 36.7620970408683], [-119.77025369133, 36.7622640411202], [-119.769805690718, 36.7622670406775], [-119.768462691401, 36.7622770411202], [-119.768015690614, 36.7622810410091], [-119.768013690965, 36.7621120408454], [-119.768009690767, 36.7616060413395], [-119.768008690942, 36.7614380407511], [-119.768458691204, 36.7614360407847], [-119.769811690565, 36.7614310412284], [-119.770262690652, 36.7614300408853], [-119.770260691002, 36.7615960408093]]]}, "properties": {"GEOID": "060190025011004", "P0010001": 89, "ALAND": 18661, "AWATER": 0}}, {"type": "Feature", "geometry": {"type": "Polygon", "coordinates": [[[-119.772508690865, 36.7622690413419], [-119.772057690778, 36.7622680410097], [-119.770704691416, 36.7622650407328], [-119.77025369133, 36.7622640411202], [-119.770254691154, 36.7620970408683], [-119.770260691002, 36.7615960408093], [-119.770262690652, 36.7614300408853], [-119.770710691264, 36.7614290412618], [-119.772057690778, 36.761428040199], [-119.772506691215, 36.761428040199], [-119.772506691215, 36.7615960400896], [-119.77250769104, 36.7621000397125], [-119.772508690865, 36.7622690413419]]]}, "properties": {"GEOID": "060190025011005", "P0010001": 74, "ALAND": 18676, "AWATER": 0}}, {"type": "Feature", "geometry": {"type": "Polygon", "coordinates": [[[-119.77250769104, 36.7613010396948], [-119.77250769104, 36.7613560399276], [-119.77250769104, 36.7613750399858], [-119.772506691215, 36.7613850398252], [-119.772506691215, 36.761417040022], [-119.772506691215, 36.761428040199], [-119.772057690778, 36.761428040199], [-119.770710691264, 36.7614290412618], [-119.770262690652, 36.7614300408853], [-119.770262690652, 36.761416041118], [-119.770262690652, 36.7613780410173], [-119.770263691375, 36.7613650408648], [-119.770263691375, 36.7613520407102], [-119.770263691375, 36.7613130409527], [-119.770263691375, 36.7613010411341], [-119.770711691089, 36.7612970411941], [-119.772059691326, 36.7612860402786], [-119.772508690865, 36.7612830399633], [-119.77250769104, 36.7613010396948]]]}, "properties": {"GEOID": "060190025011006", "P0010001": 0, "ALAND": 3046, "AWATER": 0}}, {"type": "Feature", "geometry": {"type": "Polygon", "coordinates": [[[-119.770263691375, 36.7613130409527], [-119.770263691375, 36.7613520407102], [-119.770263691375, 36.7613650408648], [-119.770262690652, 36.7613780410173], [-119.770262690652, 36.761416041118], [-119.770262690652, 36.7614300408853], [-119.769811690565, 36.7614310412284], [-119.768458691204, 36.7614360407847], [-119.768008690942, 36.7614380407511], [-119.768008690942, 36.7614230406421], [-119.768009689868, 36.7613790406414], [-119.768010689693, 36.7613650408648], [-119.768010689693, 36.7613520407102], [-119.768011690416, 36.7613170408919], [-119.768012690241, 36.7613050410739], [-119.768462691401, 36.761303041104], [-119.769812691289, 36.7613010411341], [-119.770263691375, 36.7613010411341], [-119.770263691375, 36.7613130409527]]]}, "properties": {"GEOID": "060190025011007", "P0010001": 0, "ALAND": 2934, "AWATER": 0}}, {"type": "Feature", "geometry": {"type": "Polygon", "coordinates": [[[-119.770263691375, 36.7613010411341], [-119.769812691289, 36.7613010411341], [-119.768462691401, 36.761303041104], [-119.768012690241, 36.7613050410739], [-119.768012690241, 36.76113204097], [-119.768013690066, 36.7606140408298], [-119.768014689891, 36.7604420409627], [-119.768462689605, 36.7604400409704], [-119.769806691441, 36.7604350413491], [-119.770255690979, 36.7604340402733], [-119.770256690804, 36.7606070397925], [-119.770261690827, 36.7611270406741], [-119.770263691375, 36.7613010411341]]]}, "properties": {"GEOID": "060190025011008", "P0010001": 90, "ALAND": 19242, "AWATER": 0}}, {"type": "Feature", "geometry": {"type": "Polygon", "coordinates": [[[-119.772508690865, 36.7612830399633], [-119.772059691326, 36.7612860402786], [-119.770711691089, 36.7612970411941], [-119.770263691375, 36.7613010411341], [-119.770261690827, 36.7611270406741], [-119.770256690804, 36.7606070397925], [-119.770255690979, 36.7604340402733], [-119.770705691241, 36.7604320402807], [-119.772055691128, 36.7604280402954], [-119.772506691215, 36.7604270399392], [-119.772506691215, 36.7605980402057], [-119.77250769104, 36.761111040157], [-119.772508690865, 36.7612830399633]]]}, "properties": {"GEOID": "060190025011009", "P0010001": 78, "ALAND": 19190, "AWATER": 0}}, {"type": "Feature", "geometry": {"type": "Polygon", "coordinates": [[[-119.77250769104, 36.7597020402311], [-119.772506691215, 36.7602450396661], [-119.772506691215, 36.7604270399392], [-119.772055691128, 36.7604280402954], [-119.770705691241, 36.7604320402807], [-119.770255690979, 36.7604340402733], [-119.77025369133, 36.7602530396555], [-119.770247690583, 36.7597100402773], [-119.770246690759, 36.75952904011], [-119.77069869067, 36.7595270400939], [-119.772055691128, 36.7595220396934], [-119.772508690865, 36.7595210400451], [-119.77250769104, 36.7597020402311]]]}, "properties": {"GEOID": "060190025011010", "P0010001": 64, "ALAND": 20247, "AWATER": 0}}, {"type": "Feature", "geometry": {"type": "Polygon", "coordinates": [[[-119.770255690979, 36.7604340402733], [-119.769806691441, 36.7604350413491], [-119.768462689605, 36.7604400409704], [-119.768014689891, 36.7604420409627], [-119.768011690416, 36.7602610410835], [-119.768002690196, 36.7597180410422], [-119.767999689823, 36.7595380412617], [-119.768448690259, 36.7595350408779], [-119.769796691395, 36.7595300397583], [-119.770246690759, 36.75952904011], [-119.770247690583, 36.7597100402773], [-119.77025369133, 36.7602530396555], [-119.770255690979, 36.7604340402733]]]}, "properties": {"GEOID": "060190025011011", "P0010001": 106, "ALAND": 20118, "AWATER": 0}}, {"type": "Feature", "geometry": {"type": "Polygon", "coordinates": [[[-119.770250690957, 36.7587960396898], [-119.770246690759, 36.7593450398441], [-119.770246690759, 36.75952904011], [-119.769796691395, 36.7595300397583], [-119.768448690259, 36.7595350408779], [-119.767999689823, 36.7595380412617], [-119.767997690173, 36.7593550406679], [-119.767991690325, 36.7588060398654], [-119.767989689777, 36.7586240400641], [-119.768441689689, 36.7586210396445], [-119.769799689971, 36.7586150402446], [-119.770252690606, 36.7586140398647], [-119.770250690957, 36.7587960396898]]]}, "properties": {"GEOID": "060190025011012", "P0010001": 69, "ALAND": 20427, "AWATER": 0}}, {"type": "Feature", "geometry": {"type": "Polygon", "coordinates": [[[-119.772511691238, 36.758789039926], [-119.772508690865, 36.7593380401304], [-119.772508690865, 36.7595210400451], [-119.772055691128, 36.7595220396934], [-119.77069869067, 36.7595270400939], [-119.770246690759, 36.75952904011], [-119.770246690759, 36.7593450398441], [-119.770250690957, 36.7587960396898], [-119.770252690606, 36.7586140398647], [-119.770703690693, 36.7586120398247], [-119.772060691151, 36.7586080397445], [-119.772512691063, 36.7586070400843], [-119.772511691238, 36.758789039926]]]}, "properties": {"GEOID": "060190025011013", "P0010001": 77, "ALAND": 20492, "AWATER": 0}}, {"type": "Feature", "geometry": {"type": "Polygon", "coordinates": [[[-119.772512691063, 36.7586070400843], [-119.772060691151, 36.7586080397445], [-119.770703690693, 36.7586120398247], [-119.770252690606, 36.7586140398647], [-119.77025369133, 36.7584310399452], [-119.770255690979, 36.7581780399825], [-119.770259690279, 36.7578830401157], [-119.770261689929, 36.7577010402834], [-119.770547691057, 36.7576990402196], [-119.770545691408, 36.7581720398282], [-119.77190969064, 36.7581760399311], [-119.771910691363, 36.7576950400918], [-119.772050691105, 36.7576950400918], [-119.772498690819, 36.7576940397], [-119.772500691367, 36.7578760402686], [-119.77250969069, 36.7584240401481], [-119.772512691063, 36.7586070400843]]]}, "properties": {"GEOID": "060190025011014", "P0010001": 51, "ALAND": 13907, "AWATER": 0}}, {"type": "Feature", "geometry": {"type": "Polygon", "coordinates": [[[-119.77190969064, 36.7581760399311], [-119.770545691408, 36.7581720398282], [-119.770547691057, 36.7576990402196], [-119.770708690716, 36.7576990402196], [-119.771910691363, 36.7576950400918], [-119.77190969064, 36.7581760399311]]]}, "properties": {"GEOID": "060190025011015", "P0010001": 26, "ALAND": 6442, "AWATER": 0}}, {"type": "Feature", "geometry": {"type": "Polygon", "coordinates": [[[-119.77025369133, 36.7584310399452], [-119.770252690606, 36.7586140398647], [-119.769799689971, 36.7586150402446], [-119.768441689689, 36.7586210396445], [-119.767989689777, 36.7586240400641], [-119.767991690325, 36.7584400397863], [-119.767995689625, 36.7581740398797], [-119.768123689671, 36.7581740398797], [-119.770255690979, 36.7581780399825], [-119.77025369133, 36.7584310399452]]]}, "properties": {"GEOID": "060190025011016", "P0010001": 69, "ALAND": 9912, "AWATER": 0}}, {"type": "Feature", "geometry": {"type": "Polygon", "coordinates": [[[-119.770259690279, 36.7578830401157], [-119.770255690979, 36.7581780399825], [-119.768123689671, 36.7581740398797], [-119.767995689625, 36.7581740398797], [-119.768000689648, 36.7578880399033], [-119.768003690021, 36.7577050396912], [-119.768454690107, 36.7577030403472], [-119.769809690017, 36.7577010402834], [-119.770261689929, 36.7577010402834], [-119.770259690279, 36.7578830401157]]]}, "properties": {"GEOID": "060190025011017", "P0010001": 30, "ALAND": 10604, "AWATER": 0}}, {"type": "Feature", "geometry": {"type": "Polygon", "coordinates": [[[-119.768080690912, 36.7648170408137], [-119.768080690912, 36.7649550409239], [-119.768080690912, 36.765002041202], [-119.768002691094, 36.7650010409054], [-119.767349691341, 36.7649980407354], [-119.766909691125, 36.7649960408619], [-119.765749691209, 36.7649940409883], [-119.765158689583, 36.7650040410754], [-119.764648689945, 36.7650130408648], [-119.764428689837, 36.7650180409073], [-119.764278690049, 36.7650160410343], [-119.763831690161, 36.7650110409917], [-119.76376168984, 36.7650110409917], [-119.763682690198, 36.7650110409917], [-119.763646690213, 36.7650100406953], [-119.763610690228, 36.7650100406953], [-119.763540689907, 36.7650090411185], [-119.763505689747, 36.7650090411185], [-119.763503690098, 36.764972040936], [-119.763501690448, 36.764895041063], [-119.763500689725, 36.7648630408781], [-119.7634996899, 36.764827040924], [-119.76349769025, 36.7647600410243], [-119.76349769025, 36.7646920407655], [-119.7634996899, 36.7644710409474], [-119.763622689923, 36.7644770413287], [-119.763661690281, 36.7644840412931], [-119.763850690427, 36.7645160409165], [-119.764015690284, 36.764549040829], [-119.76411068982, 36.7645620411614], [-119.764181689965, 36.7645620411614], [-119.764634689702, 36.7645580406718], [-119.764857690183, 36.7645560407868], [-119.765529690202, 36.7645540409017], [-119.76575368961, 36.7645540409017], [-119.765981691012, 36.7645540409017], [-119.766667691276, 36.7645540409017], [-119.766896690706, 36.7645540409017], [-119.767119691187, 36.764549040829], [-119.767790691382, 36.7645380410996], [-119.76801469079, 36.7645350409115], [-119.768027691208, 36.7645820407273], [-119.768066690668, 36.7647230407217], [-119.768080690912, 36.7647710407218], [-119.768080690912, 36.7648170408137]]]}, "properties": {"GEOID": "060190025012000", "P0010001": 0, "ALAND": 20624, "AWATER": 0}}, {"type": "Feature", "geometry": {"type": "Polygon", "coordinates": [[[-119.768015690614, 36.763453041198], [-119.76801469079, 36.7642640411817], [-119.76801469079, 36.7645350409115], [-119.767790691382, 36.7645380410996], [-119.767119691187, 36.764549040829], [-119.766896690706, 36.7645540409017], [-119.766894691056, 36.764280041041], [-119.766890690858, 36.7634600412559], [-119.766889691033, 36.7631870406853], [-119.76698269092, 36.7631960406879], [-119.767112690616, 36.7631940407674], [-119.767783690811, 36.7631850407645], [-119.768007691117, 36.7631830408436], [-119.768016691338, 36.763379040753], [-119.768015690614, 36.763453041198]]]}, "properties": {"GEOID": "060190025012001", "P0010001": 66, "ALAND": 15058, "AWATER": 0}}, {"type": "Feature", "geometry": {"type": "Polygon", "coordinates": [[[-119.766896690706, 36.7645540409017], [-119.766667691276, 36.7645540409017], [-119.765981691012, 36.7645540409017], [-119.76575368961, 36.7645540409017], [-119.76575368961, 36.7642820409332], [-119.765755690158, 36.7634670413131], [-119.765756689983, 36.7631960406879], [-119.765982689939, 36.7631930411669], [-119.766662690354, 36.7631880410055], [-119.766889691033, 36.7631870406853], [-119.766890690858, 36.7634600412559], [-119.766894691056, 36.764280041041], [-119.766896690706, 36.7645540409017]]]}, "properties": {"GEOID": "060190025012002", "P0010001": 63, "ALAND": 15372, "AWATER": 0}}, {"type": "Feature", "geometry": {"type": "Polygon", "coordinates": [[[-119.765755690158, 36.7634670413131], [-119.76575368961, 36.7642820409332], [-119.76575368961, 36.7645540409017], [-119.765529690202, 36.7645540409017], [-119.764857690183, 36.7645560407868], [-119.764634689702, 36.7645580406718], [-119.764634689702, 36.7642870410234], [-119.764634689702, 36.7634780411961], [-119.764635690425, 36.7632080409297], [-119.764785690213, 36.7632030407692], [-119.764859689832, 36.7632020411689], [-119.765531689852, 36.763197041008], [-119.765756689983, 36.7631960406879], [-119.765755690158, 36.7634670413131]]]}, "properties": {"GEOID": "060190025012003", "P0010001": 49, "ALAND": 15040, "AWATER": 0}}, {"type": "Feature", "geometry": {"type": "Polygon", "coordinates": [[[-119.764634689702, 36.7634780411961], [-119.764634689702, 36.7642870410234], [-119.764634689702, 36.7645580406718], [-119.764181689965, 36.7645620411614], [-119.76411068982, 36.7645620411614], [-119.764015690284, 36.764549040829], [-119.763850690427, 36.7645160409165], [-119.763661690281, 36.7644840412931], [-119.763622689923, 36.7644770413287], [-119.7634996899, 36.7644710409474], [-119.763500689725, 36.7642900412212], [-119.763502690273, 36.7641560411448], [-119.763503690098, 36.7639710408745], [-119.76350869012, 36.7634190412164], [-119.76351068977, 36.7632350409272], [-119.763734690076, 36.7632290411685], [-119.764409689571, 36.7632130410899], [-119.764635690425, 36.7632080409297], [-119.764634689702, 36.7634780411961]]]}, "properties": {"GEOID": "060190025012004", "P0010001": 60, "ALAND": 14698, "AWATER": 0}}, {"type": "Feature", "geometry": {"type": "Polygon", "coordinates": [[[-119.765762689831, 36.7624190406451], [-119.765761690006, 36.7624720408565], [-119.765757689808, 36.7630150408311], [-119.765756689983, 36.7631960406879], [-119.765531689852, 36.763197041008], [-119.764859689832, 36.7632020411689], [-119.764785690213, 36.7632030407692], [-119.764635690425, 36.7632080409297], [-119.764409689571, 36.7632130410899], [-119.763734690076, 36.7632290411685], [-119.76351068977, 36.7632350409272], [-119.763506689572, 36.7630500413138], [-119.763495689702, 36.7624950412356], [-119.763495689702, 36.7624680409776], [-119.763502690273, 36.7623110408885], [-119.763955690009, 36.7623060406696], [-119.765314690117, 36.7622950413381], [-119.765768689679, 36.7622920410622], [-119.765762689831, 36.7624190406451]]]}, "properties": {"GEOID": "060190025012005", "P0010001": 83, "ALAND": 20356, "AWATER": 0}}, {"type": "Feature", "geometry": {"type": "Polygon", "coordinates": [[[-119.767999690721, 36.7624480408604], [-119.767999690721, 36.7624600412192], [-119.768005690569, 36.7630020409561], [-119.768007691117, 36.7631830408436], [-119.767783690811, 36.7631850407645], [-119.767112690616, 36.7631940407674], [-119.76698269092, 36.7631960406879], [-119.766889691033, 36.7631870406853], [-119.766662690354, 36.7631880410055], [-119.765982689939, 36.7631930411669], [-119.765756689983, 36.7631960406879], [-119.765757689808, 36.7630150408311], [-119.765761690006, 36.7624720408565], [-119.765762689831, 36.7624190406451], [-119.765768689679, 36.7622920410622], [-119.766217690115, 36.7622890407862], [-119.767565691251, 36.7622830409534], [-119.768015690614, 36.7622810410091], [-119.767999690721, 36.7624480408604]]]}, "properties": {"GEOID": "060190025012006", "P0010001": 67, "ALAND": 20098, "AWATER": 0}}, {"type": "Feature", "geometry": {"type": "Polygon", "coordinates": [[[-119.768015690614, 36.7622810410091], [-119.767565691251, 36.7622830409534], [-119.766217690115, 36.7622890407862], [-119.765768689679, 36.7622920410622], [-119.765763689656, 36.7621190410257], [-119.765750690135, 36.7616000407336], [-119.765746689937, 36.7614280409187], [-119.766198689849, 36.7614290412618], [-119.767555690307, 36.7614350411614], [-119.768008690942, 36.7614380407511], [-119.768009690767, 36.7616060413395], [-119.768013690965, 36.7621120408454], [-119.768015690614, 36.7622810410091]]]}, "properties": {"GEOID": "060190025012007", "P0010001": 93, "ALAND": 19075, "AWATER": 0}}, {"type": "Feature", "geometry": {"type": "Polygon", "coordinates": [[[-119.765768689679, 36.7622920410622], [-119.765314690117, 36.7622950413381], [-119.763955690009, 36.7623060406696], [-119.763502690273, 36.7623110408885], [-119.763500689725, 36.7621370412806], [-119.763494689877, 36.761615040808], [-119.763492690227, 36.7614410410604], [-119.76394268959, 36.7614380407511], [-119.765295689851, 36.7614300408853], [-119.765746689937, 36.7614280409187], [-119.765750690135, 36.7616000407336], [-119.765763689656, 36.7621190410257], [-119.765768689679, 36.7622920410622]]]}, "properties": {"GEOID": "060190025012008", "P0010001": 82, "ALAND": 19405, "AWATER": 0}}, {"type": "Feature", "geometry": {"type": "Polygon", "coordinates": [[[-119.765757689808, 36.7613130409527], [-119.765754690333, 36.7613460408041], [-119.76575368961, 36.7613570409913], [-119.76575168996, 36.7613710407694], [-119.765747689762, 36.7614130408077], [-119.765746689937, 36.7614280409187], [-119.765295689851, 36.7614300408853], [-119.76394268959, 36.7614380407511], [-119.763492690227, 36.7614410410604], [-119.763491690402, 36.7614240409853], [-119.763490689679, 36.7613750407055], [-119.763490689679, 36.7613590409598], [-119.763489689854, 36.7613460408041], [-119.763488690029, 36.7613100413581], [-119.763488690029, 36.7612980408193], [-119.76394268959, 36.7612980408193], [-119.765303690246, 36.7613010411341], [-119.765758689633, 36.7613020407592], [-119.765757689808, 36.7613130409527]]]}, "properties": {"GEOID": "060190025012009", "P0010001": 0, "ALAND": 3015, "AWATER": 0}}, {"type": "Feature", "geometry": {"type": "Polygon", "coordinates": [[[-119.768011690416, 36.7613170408919], [-119.768010689693, 36.7613520407102], [-119.768010689693, 36.7613650408648], [-119.768009689868, 36.7613790406414], [-119.768008690942, 36.7614230406421], [-119.768008690942, 36.7614380407511], [-119.767555690307, 36.7614350411614], [-119.766198689849, 36.7614290412618], [-119.765746689937, 36.7614280409187], [-119.765747689762, 36.7614130408077], [-119.76575168996, 36.7613710407694], [-119.76575368961, 36.7613570409913], [-119.765754690333, 36.7613460408041], [-119.765757689808, 36.7613130409527], [-119.765758689633, 36.7613020407592], [-119.766208689895, 36.7613020407592], [-119.767561690155, 36.7613040407291], [-119.768012690241, 36.7613050410739], [-119.768011690416, 36.7613170408919]]]}, "properties": {"GEOID": "060190025012010", "P0010001": 0, "ALAND": 2888, "AWATER": 0}}, {"type": "Feature", "geometry": {"type": "Polygon", "coordinates": [[[-119.768013690066, 36.7606140408298], [-119.768012690241, 36.76113204097], [-119.768012690241, 36.7613050410739], [-119.767561690155, 36.7613040407291], [-119.766208689895, 36.7613020407592], [-119.765758689633, 36.7613020407592], [-119.765756689983, 36.7611290406486], [-119.765750690135, 36.7606130411957], [-119.765748689587, 36.7604410413264], [-119.766201690222, 36.7604410413264], [-119.76756069033, 36.7604410413264], [-119.768014689891, 36.7604420409627], [-119.768013690066, 36.7606140408298]]]}, "properties": {"GEOID": "060190025012011", "P0010001": 53, "ALAND": 19300, "AWATER": 0}}, {"type": "Feature", "geometry": {"type": "Polygon", "coordinates": [[[-119.765758689633, 36.7613020407592], [-119.765303690246, 36.7613010411341], [-119.76394268959, 36.7612980408193], [-119.763488690029, 36.7612980408193], [-119.763490689679, 36.7611240410722], [-119.7634996899, 36.7606030412557], [-119.763502690273, 36.7604300410078], [-119.763951689811, 36.7604320410004], [-119.765298690224, 36.7604380409779], [-119.765748689587, 36.7604410413264], [-119.765750690135, 36.7606130411957], [-119.765756689983, 36.7611290406486], [-119.765758689633, 36.7613020407592]]]}, "properties": {"GEOID": "060190025012012", "P0010001": 53, "ALAND": 19346, "AWATER": 0}}, {"type": "Feature", "geometry": {"type": "Polygon", "coordinates": [[[-119.765748689587, 36.7604410413264], [-119.765298690224, 36.7604380409779], [-119.763951689811, 36.7604320410004], [-119.763502690273, 36.7604300410078], [-119.763501690448, 36.7602520407364], [-119.763498690075, 36.7597180410422], [-119.763498690075, 36.7595400412775], [-119.763947689613, 36.7595360412457], [-119.765297690399, 36.7595280411815], [-119.765747689762, 36.7595250407973], [-119.765747689762, 36.7597080409855], [-119.765747689762, 36.7602570410893], [-119.765748689587, 36.7604410413264]]]}, "properties": {"GEOID": "060190025012013", "P0010001": 87, "ALAND": 20110, "AWATER": 0}}, {"type": "Feature", "geometry": {"type": "Polygon", "coordinates": [[[-119.768014689891, 36.7604420409627], [-119.76756069033, 36.7604410413264], [-119.766201690222, 36.7604410413264], [-119.765748689587, 36.7604410413264], [-119.765747689762, 36.7602570410893], [-119.765747689762, 36.7597080409855], [-119.765747689762, 36.7595250407973], [-119.766197690024, 36.7595270408135], [-119.767548689736, 36.7595350408779], [-119.767999689823, 36.7595380412617], [-119.768002690196, 36.7597180410422], [-119.768011690416, 36.7602610410835], [-119.768014689891, 36.7604420409627]]]}, "properties": {"GEOID": "060190025012014", "P0010001": 74, "ALAND": 20373, "AWATER": 0}}, {"type": "Feature", "geometry": {"type": "Polygon", "coordinates": [[[-119.767999689823, 36.7595380412617], [-119.767548689736, 36.7595350408779], [-119.766197690024, 36.7595270408135], [-119.765747689762, 36.7595250407973], [-119.765745690112, 36.7593470413045], [-119.765739690265, 36.7588130410671], [-119.76573869044, 36.7586360410212], [-119.766188689803, 36.7586330413219], [-119.76753868969, 36.7586260401037], [-119.767989689777, 36.7586240400641], [-119.767991690325, 36.7588060398654], [-119.767997690173, 36.7593550406679], [-119.767999689823, 36.7595380412617]]]}, "properties": {"GEOID": "060190025012015", "P0010001": 82, "ALAND": 20116, "AWATER": 0}}, {"type": "Feature", "geometry": {"type": "Polygon", "coordinates": [[[-119.765747689762, 36.7595250407973], [-119.765297690399, 36.7595280411815], [-119.763947689613, 36.7595360412457], [-119.763498690075, 36.7595400412775], [-119.76349769025, 36.7593580410587], [-119.763496688628, 36.7588120406898], [-119.763496688628, 36.7586300409027], [-119.763944690139, 36.7586310412823], [-119.765289690003, 36.7586340409817], [-119.76573869044, 36.7586360410212], [-119.765739690265, 36.7588130410671], [-119.765745690112, 36.7593470413045], [-119.765747689762, 36.7595250407973]]]}, "properties": {"GEOID": "060190025012016", "P0010001": 94, "ALAND": 20015, "AWATER": 0}}, {"type": "Feature", "geometry": {"type": "Polygon", "coordinates": [[[-119.765739690265, 36.758450040728], [-119.76573869044, 36.7586360410212], [-119.765289690003, 36.7586340409817], [-119.763944690139, 36.7586310412823], [-119.763496688628, 36.7586300409027], [-119.763492689329, 36.7584460413591], [-119.763488689131, 36.7581900410095], [-119.763622689025, 36.7581570412396], [-119.765261690414, 36.7581540408018], [-119.765669689944, 36.7581680411645], [-119.765741689914, 36.7581630406753], [-119.765739690265, 36.758450040728]]]}, "properties": {"GEOID": "060190025012017", "P0010001": 41, "ALAND": 10574, "AWATER": 0}}, {"type": "Feature", "geometry": {"type": "Polygon", "coordinates": [[[-119.767991690325, 36.7584400397863], [-119.767989689777, 36.7586240400641], [-119.76753868969, 36.7586260401037], [-119.766188689803, 36.7586330413219], [-119.76573869044, 36.7586360410212], [-119.765739690265, 36.758450040728], [-119.765741689914, 36.7581630406753], [-119.765873690159, 36.7581530411356], [-119.767409689819, 36.758150039978], [-119.767918689632, 36.7581740398797], [-119.767995689625, 36.7581740398797], [-119.767991690325, 36.7584400397863]]]}, "properties": {"GEOID": "060190025012018", "P0010001": 34, "ALAND": 10592, "AWATER": 0}}, {"type": "Feature", "geometry": {"type": "Polygon", "coordinates": [[[-119.768000689648, 36.7578880399033], [-119.767995689625, 36.7581740398797], [-119.767918689632, 36.7581740398797], [-119.767409689819, 36.758150039978], [-119.765873690159, 36.7581530411356], [-119.765741689914, 36.7581630406753], [-119.765743689564, 36.7578960408583], [-119.765745690112, 36.7577110413215], [-119.766196690199, 36.7577090398185], [-119.767551690109, 36.7577060400829], [-119.768003690021, 36.7577050396912], [-119.768000689648, 36.7578880399033]]]}, "properties": {"GEOID": "060190025012019", "P0010001": 52, "ALAND": 10004, "AWATER": 0}}, {"type": "Feature", "geometry": {"type": "Polygon", "coordinates": [[[-119.765743689564, 36.7578960408583], [-119.765741689914, 36.7581630406753], [-119.765669689944, 36.7581680411645], [-119.765261690414, 36.7581540408018], [-119.763622689025, 36.7581570412396], [-119.763488689131, 36.7581900410095], [-119.763483689108, 36.7578970412475], [-119.763480688735, 36.7577140410569], [-119.763932688646, 36.7577130406653], [-119.765292690376, 36.7577110413215], [-119.765745690112, 36.7577110413215], [-119.765743689564, 36.7578960408583]]]}, "properties": {"GEOID": "060190025012020", "P0010001": 59, "ALAND": 9980, "AWATER": 0}}, {"type": "Feature", "geometry": {"type": "Polygon", "coordinates": [[[-119.761229690296, 36.7650130423041], [-119.761229690296, 36.765054042211], [-119.760774690011, 36.7650570416592], [-119.759412688632, 36.7650650418664], [-119.75895868907, 36.7650690423295], [-119.756976689347, 36.7650960416717], [-119.756905689202, 36.7650700419055], [-119.756799688896, 36.7650380417936], [-119.756574688765, 36.7650310418798], [-119.756439689046, 36.7650720417771], [-119.756421688605, 36.7650810422782], [-119.756372689099, 36.76510504217], [-119.75569868943, 36.7651140419476], [-119.755462689428, 36.7651170421131], [-119.754757688898, 36.7651260418893], [-119.754736688982, 36.7651270421842], [-119.754523689445, 36.7651220421488], [-119.754522688721, 36.7649680419071], [-119.754521688897, 36.7649090423541], [-119.754520689072, 36.7648490417375], [-119.75450468828, 36.763153042025], [-119.75460968876, 36.763153042025], [-119.754950689242, 36.7631710420372], [-119.754970689333, 36.7631730419584], [-119.75543668859, 36.763237042286], [-119.75563768933, 36.7632420417246], [-119.756286688885, 36.7632320421273], [-119.756733688774, 36.7632260416488], [-119.756735689322, 36.7628620417203], [-119.756745689368, 36.7617730419409], [-119.756748688843, 36.761410041217], [-119.757196688556, 36.7614080412499], [-119.758540688596, 36.7614060412827], [-119.758989689033, 36.7614060412827], [-119.759436688921, 36.7614060412827], [-119.760776688763, 36.7614070409065], [-119.761224689375, 36.7614080412499], [-119.761219689352, 36.7615170411807], [-119.761220689177, 36.7620960412535], [-119.761226689923, 36.7641620408309], [-119.761228689573, 36.7647940418507], [-119.761228689573, 36.7648510423345], [-119.761228689573, 36.7648910420301], [-119.761229690296, 36.7649080420563], [-119.761229690296, 36.7650130423041]]]}, "properties": {"GEOID": "060190025013000", "P0010001": 630, "ALAND": 204503, "AWATER": 0}}, {"type": "Feature", "geometry": {"type": "Polygon", "coordinates": [[[-119.76350869012, 36.7634190412164], [-119.763503690098, 36.7639710408745], [-119.763502690273, 36.7641560411448], [-119.763500689725, 36.7642900412212], [-119.7634996899, 36.7644710409474], [-119.76349769025, 36.7646920407655], [-119.76349769025, 36.7647600410243], [-119.7634996899, 36.764827040924], [-119.763500689725, 36.7648630408781], [-119.763501690448, 36.764895041063], [-119.763503690098, 36.764972040936], [-119.763505689747, 36.7650090411185], [-119.763388689572, 36.765012041288], [-119.763038689767, 36.7650220406532], [-119.762922690315, 36.7650260411185], [-119.762877690109, 36.7650260411185], [-119.762741689666, 36.7650290412875], [-119.762697690184, 36.765030040864], [-119.762588690404, 36.7650310411602], [-119.762403689557, 36.7650340413289], [-119.761522690199, 36.765048041875], [-119.761229690296, 36.765054042211], [-119.761229690296, 36.7650130423041], [-119.761229690296, 36.7649080420563], [-119.761228689573, 36.7648910420301], [-119.761228689573, 36.7648510423345], [-119.761228689573, 36.7647940418507], [-119.761226689923, 36.7641620408309], [-119.761220689177, 36.7620960412535], [-119.761219689352, 36.7615170411807], [-119.761224689375, 36.7614080412499], [-119.761677689111, 36.7614140411511], [-119.763038689767, 36.7614340408183], [-119.763492690227, 36.7614410410604], [-119.763494689877, 36.761615040808], [-119.763500689725, 36.7621370412806], [-119.763502690273, 36.7623110408885], [-119.763495689702, 36.7624680409776], [-119.763495689702, 36.7624950412356], [-119.763506689572, 36.7630500413138], [-119.76351068977, 36.7632350409272], [-119.76350869012, 36.7634190412164]]]}, "properties": {"GEOID": "060190025013001", "P0010001": 109, "ALAND": 81455, "AWATER": 0}}, {"type": "Feature", "geometry": {"type": "Polygon", "coordinates": [[[-119.763492690227, 36.7614410410604], [-119.763038689767, 36.7614340408183], [-119.761677689111, 36.7614140411511], [-119.761224689375, 36.7614080412499], [-119.761224689375, 36.7613960407264], [-119.761225689199, 36.7613730407374], [-119.761227688849, 36.7613600413038], [-119.761229689397, 36.7613490411171], [-119.761681689309, 36.7613510410857], [-119.763037689942, 36.7613570409913], [-119.763490689679, 36.7613590409598], [-119.763490689679, 36.7613750407055], [-119.763491690402, 36.7614240409853], [-119.763492690227, 36.7614410410604]]]}, "properties": {"GEOID": "060190025013002", "P0010001": 0, "ALAND": 1574, "AWATER": 0}}, {"type": "Feature", "geometry": {"type": "Polygon", "coordinates": [[[-119.761227688849, 36.7613600413038], [-119.761225689199, 36.7613730407374], [-119.761224689375, 36.7613960407264], [-119.761224689375, 36.7614080412499], [-119.760776688763, 36.7614070409065], [-119.759436688921, 36.7614060412827], [-119.758989689033, 36.7614060412827], [-119.758989689033, 36.761393041135], [-119.758990688857, 36.7613580413354], [-119.758991688682, 36.7613460408041], [-119.759438688571, 36.7613460408041], [-119.760781688785, 36.7613480407729], [-119.761229689397, 36.7613490411171], [-119.761227688849, 36.7613600413038]]]}, "properties": {"GEOID": "060190025013003", "P0010001": 0, "ALAND": 1318, "AWATER": 0}}, {"type": "Feature", "geometry": {"type": "Polygon", "coordinates": [[[-119.758990688857, 36.7613580413354], [-119.758989689033, 36.761393041135], [-119.758989689033, 36.7614060412827], [-119.758540688596, 36.7614060412827], [-119.757196688556, 36.7614080412499], [-119.756748688843, 36.761410041217], [-119.756747689018, 36.7613990410374], [-119.756744688645, 36.7613660412088], [-119.756744688645, 36.7613560406473], [-119.757193689082, 36.7613530410543], [-119.758541689319, 36.7613480407729], [-119.758991688682, 36.7613460408041], [-119.758990688857, 36.7613580413354]]]}, "properties": {"GEOID": "060190025013004", "P0010001": 0, "ALAND": 1259, "AWATER": 0}}, {"type": "Feature", "geometry": {"type": "Polygon", "coordinates": [[[-119.756748688843, 36.761410041217], [-119.756294689281, 36.76141104228], [-119.754934687552, 36.7614160418377], [-119.754481687815, 36.7614190421479], [-119.75448068799, 36.7614070423458], [-119.754477687617, 36.761374041801], [-119.754477687617, 36.7613630423359], [-119.754930688252, 36.7613610416479], [-119.756290689083, 36.761357041711], [-119.756744688645, 36.7613560406473], [-119.756744688645, 36.7613660412088], [-119.756747689018, 36.7613990410374], [-119.756748688843, 36.761410041217]]]}, "properties": {"GEOID": "060190025013005", "P0010001": 0, "ALAND": 1227, "AWATER": 0}}, {"type": "Feature", "geometry": {"type": "Polygon", "coordinates": [[[-119.756745689368, 36.7617730419409], [-119.756735689322, 36.7628620417203], [-119.756733688774, 36.7632260416488], [-119.756286688885, 36.7632320421273], [-119.75563768933, 36.7632420417246], [-119.75543668859, 36.763237042286], [-119.754970689333, 36.7631730419584], [-119.754950689242, 36.7631710420372], [-119.75460968876, 36.763153042025], [-119.75450468828, 36.763153042025], [-119.754499688257, 36.7628060422423], [-119.754485688013, 36.76176504211], [-119.754481687815, 36.7614190421479], [-119.754934687552, 36.7614160418377], [-119.756294689281, 36.76141104228], [-119.756748688843, 36.761410041217], [-119.756745689368, 36.7617730419409]]]}, "properties": {"GEOID": "060190025013006", "P0010001": 332, "ALAND": 40071, "AWATER": 0}}, {"type": "Feature", "geometry": {"type": "Polygon", "coordinates": [[[-119.756744688645, 36.7613560406473], [-119.756290689083, 36.761357041711], [-119.754930688252, 36.7613610416479], [-119.754477687617, 36.7613630423359], [-119.754476687792, 36.7613510418054], [-119.754473688318, 36.7613160419866], [-119.754473688318, 36.7613050417935], [-119.754635687801, 36.7613020421985], [-119.754926688054, 36.7613020421985], [-119.756286688885, 36.7613060421383], [-119.756740689345, 36.7613080406687], [-119.75674368882, 36.7613460408041], [-119.756744688645, 36.7613560406473]]]}, "properties": {"GEOID": "060190025014000", "P0010001": 0, "ALAND": 1231, "AWATER": 0}}, {"type": "Feature", "geometry": {"type": "Polygon", "coordinates": [[[-119.758991688682, 36.7613120413278], [-119.758991688682, 36.7613360409597], [-119.758991688682, 36.7613460408041], [-119.758541689319, 36.7613480407729], [-119.757193689082, 36.7613530410543], [-119.756744688645, 36.7613560406473], [-119.75674368882, 36.7613460408041], [-119.756740689345, 36.7613080406687], [-119.757190688709, 36.7613050410739], [-119.758541689319, 36.7613000407893], [-119.758992689406, 36.7612990411642], [-119.758991688682, 36.7613120413278]]]}, "properties": {"GEOID": "060190025014001", "P0010001": 0, "ALAND": 1068, "AWATER": 0}}, {"type": "Feature", "geometry": {"type": "Polygon", "coordinates": [[[-119.761235689245, 36.761303041104], [-119.761230689222, 36.761337041304], [-119.761229689397, 36.7613490411171], [-119.760781688785, 36.7613480407729], [-119.759438688571, 36.7613460408041], [-119.758991688682, 36.7613460408041], [-119.758991688682, 36.7613360409597], [-119.758991688682, 36.7613120413278], [-119.758992689406, 36.7612990411642], [-119.759440689119, 36.7612970411941], [-119.760788689356, 36.761293041254], [-119.761237688895, 36.7612920409091], [-119.761235689245, 36.761303041104]]]}, "properties": {"GEOID": "060190025014002", "P0010001": 0, "ALAND": 1155, "AWATER": 0}}, {"type": "Feature", "geometry": {"type": "Polygon", "coordinates": [[[-119.763490689679, 36.7613590409598], [-119.763037689942, 36.7613570409913], [-119.761681689309, 36.7613510410857], [-119.761229689397, 36.7613490411171], [-119.761230689222, 36.761337041304], [-119.761235689245, 36.761303041104], [-119.761237688895, 36.7612920409091], [-119.761434689437, 36.7612920409091], [-119.762026689989, 36.7612940408792], [-119.762224690356, 36.7612950412241], [-119.762476690251, 36.7612950412241], [-119.763235690309, 36.7612970411941], [-119.763488690029, 36.7612980408193], [-119.763488690029, 36.7613100413581], [-119.763489689854, 36.7613460408041], [-119.763490689679, 36.7613590409598]]]}, "properties": {"GEOID": "060190025014003", "P0010001": 0, "ALAND": 1324, "AWATER": 0}}, {"type": "Feature", "geometry": {"type": "Polygon", "coordinates": [[[-119.763502690273, 36.7604300410078], [-119.7634996899, 36.7606030412557], [-119.763490689679, 36.7611240410722], [-119.763488690029, 36.7612980408193], [-119.763235690309, 36.7612970411941], [-119.762476690251, 36.7612950412241], [-119.762224690356, 36.7612950412241], [-119.762026689989, 36.7612940408792], [-119.761434689437, 36.7612920409091], [-119.761237688895, 36.7612920409091], [-119.761237688895, 36.7606900410499], [-119.761237688895, 36.7588840411903], [-119.761237688895, 36.758283040808], [-119.761237688895, 36.7581680411645], [-119.761237688895, 36.7578240408699], [-119.761237688895, 36.7577100409299], [-119.761363689292, 36.7578350408425], [-119.761364689117, 36.758015041021], [-119.761958689318, 36.7580100412416], [-119.761958689318, 36.7582130412332], [-119.762379689268, 36.7582090411322], [-119.762379689268, 36.7584440413147], [-119.762908689172, 36.7584390408436], [-119.762907689348, 36.7582190406647], [-119.763385689198, 36.7582150412836], [-119.763488689131, 36.7581900410095], [-119.763492689329, 36.7584460413591], [-119.763496688628, 36.7586300409027], [-119.763496688628, 36.7588120406898], [-119.76349769025, 36.7593580410587], [-119.763498690075, 36.7595400412775], [-119.763498690075, 36.7597180410422], [-119.763501690448, 36.7602520407364], [-119.763502690273, 36.7604300410078]]]}, "properties": {"GEOID": "060190025014004", "P0010001": 553, "ALAND": 69528, "AWATER": 0}}, {"type": "Feature", "geometry": {"type": "Polygon", "coordinates": [[[-119.763488689131, 36.7581900410095], [-119.763385689198, 36.7582150412836], [-119.762907689348, 36.7582190406647], [-119.762908689172, 36.7584390408436], [-119.762379689268, 36.7584440413147], [-119.762379689268, 36.7582090411322], [-119.761958689318, 36.7582130412332], [-119.761958689318, 36.7580100412416], [-119.761364689117, 36.758015041021], [-119.761363689292, 36.7578350408425], [-119.761237688895, 36.7577100409299], [-119.761685688609, 36.7577100409299], [-119.763031689196, 36.7577130406653], [-119.763480688735, 36.7577140410569], [-119.763483689108, 36.7578970412475], [-119.763488689131, 36.7581900410095]]]}, "properties": {"GEOID": "060190025014005", "P0010001": 49, "ALAND": 10628, "AWATER": 0}}, {"type": "Feature", "geometry": {"type": "Polygon", "coordinates": [[[-119.761237688895, 36.7578240408699], [-119.761237688895, 36.7581680411645], [-119.761237688895, 36.758283040808], [-119.761237688895, 36.7588840411903], [-119.761237688895, 36.7606900410499], [-119.761237688895, 36.7612920409091], [-119.760788689356, 36.761293041254], [-119.759440689119, 36.7612970411941], [-119.758992689406, 36.7612990411642], [-119.758997689428, 36.7605820410176], [-119.759007688576, 36.7594570409347], [-119.759001688728, 36.7584340410919], [-119.759000688903, 36.7581910406751], [-119.75910268901, 36.7581900410095], [-119.75910468866, 36.7586810408154], [-119.759624689242, 36.7586800411562], [-119.759623689417, 36.758181041139], [-119.760144688926, 36.7581800407535], [-119.760674688655, 36.7581520407498], [-119.760659688587, 36.7577110413215], [-119.760789689181, 36.7577110413215], [-119.761237688895, 36.7577100409299], [-119.761237688895, 36.7578240408699]]]}, "properties": {"GEOID": "060190025014006", "P0010001": 718, "ALAND": 69155, "AWATER": 0}}, {"type": "Feature", "geometry": {"type": "Polygon", "coordinates": [[[-119.760674688655, 36.7581520407498], [-119.760144688926, 36.7581800407535], [-119.759623689417, 36.758181041139], [-119.759624689242, 36.7586800411562], [-119.75910468866, 36.7586810408154], [-119.75910268901, 36.7581900410095], [-119.759000688903, 36.7581910406751], [-119.758997689428, 36.7577180411837], [-119.759444689317, 36.7577160411203], [-119.760659688587, 36.7577110413215], [-119.760674688655, 36.7581520407498]]]}, "properties": {"GEOID": "060190025014007", "P0010001": 131, "ALAND": 10219, "AWATER": 0}}, {"type": "Feature", "geometry": {"type": "Polygon", "coordinates": [[[-119.759007688576, 36.7594570409347], [-119.758997689428, 36.7605820410176], [-119.758992689406, 36.7612990411642], [-119.758541689319, 36.7613000407893], [-119.757190688709, 36.7613050410739], [-119.756740689345, 36.7613080406687], [-119.756736689147, 36.7609520409094], [-119.756724688553, 36.7598840410731], [-119.756720688355, 36.7595290408297], [-119.756720688355, 36.7591680410259], [-119.756720688355, 36.7582200410496], [-119.757237687666, 36.7582230407651], [-119.757677687882, 36.7582230407651], [-119.758128688867, 36.758195040777], [-119.759000688903, 36.7581910406751], [-119.759001688728, 36.7584340410919], [-119.759007688576, 36.7594570409347]]]}, "properties": {"GEOID": "060190025014008", "P0010001": 0, "ALAND": 69756, "AWATER": 0}}, {"type": "Feature", "geometry": {"type": "Polygon", "coordinates": [[[-119.756740689345, 36.7613080406687], [-119.756286688885, 36.7613060421383], [-119.754926688054, 36.7613020421985], [-119.754635687801, 36.7613020421985], [-119.754473688318, 36.7613050417935], [-119.754468688295, 36.7595350408779], [-119.754673688334, 36.7595430409414], [-119.756720688355, 36.7595290408297], [-119.756724688553, 36.7598840410731], [-119.756736689147, 36.7609520409094], [-119.756740689345, 36.7613080406687]]]}, "properties": {"GEOID": "060190025014009", "P0010001": 181, "ALAND": 39585, "AWATER": 0}}, {"type": "Feature", "geometry": {"type": "Polygon", "coordinates": [[[-119.756720688355, 36.7591680410259], [-119.756720688355, 36.7595290408297], [-119.754673688334, 36.7595430409414], [-119.754468688295, 36.7595350408779], [-119.754486687838, 36.7587510406828], [-119.754488688386, 36.7586260408234], [-119.754479688165, 36.7581380411039], [-119.754473688318, 36.7577280407801], [-119.754629687953, 36.7577210409188], [-119.754963687864, 36.7577220413103], [-119.755609687944, 36.7577240406538], [-119.755614687967, 36.7578400413529], [-119.75561768834, 36.7584790410046], [-119.756127687978, 36.7584780413427], [-119.756126688153, 36.7581480406456], [-119.756639688164, 36.7581460413131], [-119.756639688164, 36.7582200410496], [-119.756720688355, 36.7582200410496], [-119.756720688355, 36.7591680410259]]]}, "properties": {"GEOID": "060190025014010", "P0010001": 167, "ALAND": 33883, "AWATER": 0}}, {"type": "Feature", "geometry": {"type": "Polygon", "coordinates": [[[-119.756720688355, 36.757994040794], [-119.756720688355, 36.7580880412168], [-119.756720688355, 36.7582200410496], [-119.756639688164, 36.7582200410496], [-119.756639688164, 36.7581460413131], [-119.756126688153, 36.7581480406456], [-119.756127687978, 36.7584780413427], [-119.75561768834, 36.7584790410046], [-119.755614687967, 36.7578400413529], [-119.755609687944, 36.7577240406538], [-119.75672168818, 36.7577280407801], [-119.756720688355, 36.757994040794]]]}, "properties": {"GEOID": "060190025014011", "P0010001": 59, "ALAND": 6351, "AWATER": 0}}, {"type": "Feature", "geometry": {"type": "Polygon", "coordinates": [[[-119.759000688903, 36.7581910406751], [-119.758128688867, 36.758195040777], [-119.757677687882, 36.7582230407651], [-119.757237687666, 36.7582230407651], [-119.756720688355, 36.7582200410496], [-119.756720688355, 36.7580880412168], [-119.756720688355, 36.757994040794], [-119.75672168818, 36.7577280407801], [-119.757176687567, 36.7577250410453], [-119.758541689319, 36.7577200412471], [-119.758997689428, 36.7577180411837], [-119.759000688903, 36.7581910406751]]]}, "properties": {"GEOID": "060190025014012", "P0010001": 36, "ALAND": 10968, "AWATER": 0}}, {"type": "Feature", "geometry": {"type": "Polygon", "coordinates": [[[-119.770261689929, 36.7577010402834], [-119.769809690017, 36.7577010402834], [-119.768454690107, 36.7577030403472], [-119.768003690021, 36.7577050396912], [-119.768001690371, 36.7575260398991], [-119.767997690173, 36.7569890401754], [-119.767996690348, 36.7568100401519], [-119.768447690435, 36.7568100401519], [-119.769803690169, 36.7568100401519], [-119.770255690081, 36.7568100401519], [-119.770256689906, 36.7569880397744], [-119.770259690279, 36.7575220397622], [-119.770261689929, 36.7577010402834]]]}, "properties": {"GEOID": "060190025021000", "P0010001": 214, "ALAND": 19968, "AWATER": 0}}, {"type": "Feature", "geometry": {"type": "Polygon", "coordinates": [[[-119.772498690819, 36.7569700397505], [-119.772498690819, 36.7575120401389], [-119.772498690819, 36.7576940397], [-119.772050691105, 36.7576950400918], [-119.771910691363, 36.7576950400918], [-119.770708690716, 36.7576990402196], [-119.770547691057, 36.7576990402196], [-119.770261689929, 36.7577010402834], [-119.770259690279, 36.7575220397622], [-119.770256689906, 36.7569880397744], [-119.770255690081, 36.7568100401519], [-119.770703689795, 36.756805040294], [-119.772050691105, 36.7567930397701], [-119.772499690644, 36.7567890403147], [-119.772498690819, 36.7569700397505]]]}, "properties": {"GEOID": "060190025021001", "P0010001": 62, "ALAND": 19933, "AWATER": 0}}, {"type": "Feature", "geometry": {"type": "Polygon", "coordinates": [[[-119.772499690644, 36.756073040166], [-119.772499690644, 36.7566100398245], [-119.772499690644, 36.7567890403147], [-119.772050691105, 36.7567930397701], [-119.770703689795, 36.756805040294], [-119.770255690081, 36.7568100401519], [-119.770252689708, 36.7566270402468], [-119.770245690035, 36.7560800401776], [-119.770243690385, 36.7558980396661], [-119.770694689574, 36.755896040275], [-119.772047690732, 36.7558940401641], [-119.772499690644, 36.7558940401641], [-119.772499690644, 36.756073040166]]]}, "properties": {"GEOID": "060190025021002", "P0010001": 75, "ALAND": 20158, "AWATER": 0}}, {"type": "Feature", "geometry": {"type": "Polygon", "coordinates": [[[-119.770255690081, 36.7568100401519], [-119.769803690169, 36.7568100401519], [-119.768447690435, 36.7568100401519], [-119.767996690348, 36.7568100401519], [-119.767996690348, 36.7566270402468], [-119.767996690348, 36.7560780400715], [-119.767997690173, 36.755896040275], [-119.768446689711, 36.755896040275], [-119.769793690124, 36.7558970399705], [-119.770243690385, 36.7558980396661], [-119.770245690035, 36.7560800401776], [-119.770252689708, 36.7566270402468], [-119.770255690081, 36.7568100401519]]]}, "properties": {"GEOID": "060190025021003", "P0010001": 179, "ALAND": 20388, "AWATER": 0}}, {"type": "Feature", "geometry": {"type": "Polygon", "coordinates": [[[-119.772514690713, 36.7548860402561], [-119.772513690888, 36.7549600402585], [-119.772513690888, 36.7549850401459], [-119.772512691063, 36.755090040304], [-119.77250969069, 36.7551660402396], [-119.772504690667, 36.7553060398481], [-119.772500691367, 36.755712039931], [-119.772499690644, 36.7558940401641], [-119.772047690732, 36.7558940401641], [-119.770694689574, 36.755896040275], [-119.770243690385, 36.7558980396661], [-119.769793690124, 36.7558970399705], [-119.768446689711, 36.755896040275], [-119.767997690173, 36.755896040275], [-119.767940690271, 36.7556680402528], [-119.767905690111, 36.7555280398654], [-119.767876689799, 36.7554120399884], [-119.767842690362, 36.7552760401077], [-119.767797690156, 36.7550960399797], [-119.768036689633, 36.7550960399797], [-119.768255689916, 36.7550950402736], [-119.768323689688, 36.7550940398479], [-119.769520690312, 36.7550910400101], [-119.770744689803, 36.755029040216], [-119.771584690052, 36.7549580401233], [-119.772515691436, 36.7548620400454], [-119.772514690713, 36.7548860402561]]]}, "properties": {"GEOID": "060190025021004", "P0010001": 0, "ALAND": 39555, "AWATER": 0}}, {"type": "Feature", "geometry": {"type": "Polygon", "coordinates": [[[-119.772515691436, 36.7548620400454], [-119.771584690052, 36.7549580401233], [-119.770744689803, 36.755029040216], [-119.769520690312, 36.7550910400101], [-119.768323689688, 36.7550940398479], [-119.768255689916, 36.7550950402736], [-119.768036689633, 36.7550960399797], [-119.767797690156, 36.7550960399797], [-119.767785689562, 36.7548670400299], [-119.769078690446, 36.7548550399226], [-119.769314690448, 36.7548590401985], [-119.769833690307, 36.7548400399657], [-119.770566690426, 36.7547960397873], [-119.771170689775, 36.7547510398732], [-119.771581689679, 36.75471403978], [-119.772026689918, 36.7546650402518], [-119.77250969069, 36.7545960399669], [-119.77250969069, 36.7546240398292], [-119.772510691413, 36.7546730401034], [-119.772515691436, 36.7548620400454]]]}, "properties": {"GEOID": "060190025021005", "P0010001": 0, "ALAND": 11246, "AWATER": 0}}, {"type": "Feature", "geometry": {"type": "Polygon", "coordinates": [[[-119.77250969069, 36.7545960399669], [-119.772026689918, 36.7546650402518], [-119.771581689679, 36.75471403978], [-119.771170689775, 36.7547510398732], [-119.770566690426, 36.7547960397873], [-119.769833690307, 36.7548400399657], [-119.769314690448, 36.7548590401985], [-119.769078690446, 36.7548550399226], [-119.767785689562, 36.7548670400299], [-119.767818690073, 36.7547440397402], [-119.767829689943, 36.7546990397956], [-119.767868690301, 36.7545530400814], [-119.767905690111, 36.7544180398322], [-119.767996690348, 36.7540770398723], [-119.768220689756, 36.7540790400305], [-119.768895690148, 36.7540870399433], [-119.769120690279, 36.7540900398204], [-119.769343689862, 36.7540880396625], [-119.770013690232, 36.7540850397853], [-119.770237689639, 36.7540840400661], [-119.770467689793, 36.7540890401013], [-119.770487689885, 36.7540900398204], [-119.770730689559, 36.7540700396778], [-119.771051689949, 36.7540080397783], [-119.771147690209, 36.7539800396912], [-119.771299689646, 36.7539370401801], [-119.771367690317, 36.7539130396726], [-119.771369689967, 36.7537110402614], [-119.771376689639, 36.7531070397399], [-119.771377690362, 36.7530250400866], [-119.771368690142, 36.7529060401003], [-119.7715906899, 36.7529030401769], [-119.772258689721, 36.7528980400643], [-119.772481690202, 36.7528970403297], [-119.772484689677, 36.7531010399087], [-119.772495690446, 36.7537160403209], [-119.772499689746, 36.7539210403224], [-119.772502690119, 36.754109040239], [-119.772504689768, 36.7542080396921], [-119.772500689571, 36.7544200399816], [-119.77250769104, 36.7545100401717], [-119.77250969069, 36.7545960399669]]]}, "properties": {"GEOID": "060190025021006", "P0010001": 30, "ALAND": 45890, "AWATER": 0}}, {"type": "Feature", "geometry": {"type": "Polygon", "coordinates": [[[-119.769120690279, 36.7540900398204], [-119.768895690148, 36.7540870399433], [-119.768220689756, 36.7540790400305], [-119.767996690348, 36.7540770398723], [-119.767996690348, 36.7538460403152], [-119.768000689648, 36.7531560402633], [-119.768001690371, 36.7530590403572], [-119.767998689998, 36.7529270402807], [-119.769119689556, 36.7529130396812], [-119.769124689579, 36.7530440400492], [-119.769120690279, 36.7540900398204]]]}, "properties": {"GEOID": "060190025021007", "P0010001": 54, "ALAND": 12955, "AWATER": 0}}, {"type": "Feature", "geometry": {"type": "Polygon", "coordinates": [[[-119.771376689639, 36.7531070397399], [-119.771369689967, 36.7537110402614], [-119.771367690317, 36.7539130396726], [-119.771299689646, 36.7539370401801], [-119.771147690209, 36.7539800396912], [-119.771051689949, 36.7540080397783], [-119.770730689559, 36.7540700396778], [-119.770487689885, 36.7540900398204], [-119.770467689793, 36.7540890401013], [-119.770237689639, 36.7540840400661], [-119.770237689639, 36.7538480397597], [-119.770237689639, 36.7531420397057], [-119.770237689639, 36.7530680401088], [-119.77024469021, 36.7529070398348], [-119.770468689618, 36.7529060401003], [-119.771143690011, 36.7529060401003], [-119.771368690142, 36.7529060401003], [-119.771377690362, 36.7530250400866], [-119.771376689639, 36.7531070397399]]]}, "properties": {"GEOID": "060190025021008", "P0010001": 104, "ALAND": 12706, "AWATER": 0}}, {"type": "Feature", "geometry": {"type": "Polygon", "coordinates": [[[-119.770237689639, 36.7530680401088], [-119.770237689639, 36.7531420397057], [-119.770237689639, 36.7538480397597], [-119.770237689639, 36.7540840400661], [-119.770013690232, 36.7540850397853], [-119.769343689862, 36.7540880396625], [-119.769120690279, 36.7540900398204], [-119.769124689579, 36.7530440400492], [-119.769119689556, 36.7529130396812], [-119.77024469021, 36.7529070398348], [-119.770237689639, 36.7530680401088]]]}, "properties": {"GEOID": "060190025021009", "P0010001": 139, "ALAND": 13007, "AWATER": 0}}, {"type": "Feature", "geometry": {"type": "Polygon", "coordinates": [[[-119.772503689944, 36.7516550388309], [-119.772491690248, 36.7521710402433], [-119.772488689875, 36.752343039943], [-119.772494689723, 36.7524530402601], [-119.772497690096, 36.7524880398045], [-119.7724856904, 36.7527860401933], [-119.772481690202, 36.7528970403297], [-119.772258689721, 36.7528980400643], [-119.7715906899, 36.7529030401769], [-119.771368690142, 36.7529060401003], [-119.771370689791, 36.7524150400375], [-119.771380689837, 36.7509430387498], [-119.771382690385, 36.7506540391548], [-119.771388690233, 36.7504530388468], [-119.771608690341, 36.7504470388081], [-119.771674689565, 36.7504460390415], [-119.77227169014, 36.7504430390219], [-119.772493689898, 36.7504420392553], [-119.772488689875, 36.7506110392191], [-119.772488689875, 36.7506500386596], [-119.772498689921, 36.7512750390032], [-119.772502690119, 36.7514840387814], [-119.772504689768, 36.7516260388536], [-119.772503689944, 36.7516550388309]]]}, "properties": {"GEOID": "060190025021010", "P0010001": 111, "ALAND": 27216, "AWATER": 0}}, {"type": "Feature", "geometry": {"type": "Polygon", "coordinates": [[[-119.771382690385, 36.7506540391548], [-119.771380689837, 36.7509430387498], [-119.771370689791, 36.7524150400375], [-119.771368690142, 36.7529060401003], [-119.771143690011, 36.7529060401003], [-119.770468689618, 36.7529060401003], [-119.77024469021, 36.7529070398348], [-119.770239690188, 36.7504480400142], [-119.770872689849, 36.7504480392944], [-119.770975689781, 36.7504480392944], [-119.771284689578, 36.7504510393138], [-119.771388690233, 36.7504530388468], [-119.771382690385, 36.7506540391548]]]}, "properties": {"GEOID": "060190025021011", "P0010001": 207, "ALAND": 27611, "AWATER": 0}}, {"type": "Feature", "geometry": {"type": "Polygon", "coordinates": [[[-119.77024469021, 36.7529070398348], [-119.769119689556, 36.7529130396812], [-119.769116690081, 36.7505910403288], [-119.769123689754, 36.7504610398575], [-119.769221689663, 36.7504590403247], [-119.770024690102, 36.7504550398194], [-119.770239690188, 36.7504480400142], [-119.77024469021, 36.7529070398348]]]}, "properties": {"GEOID": "060190025021012", "P0010001": 180, "ALAND": 27330, "AWATER": 0}}, {"type": "Feature", "geometry": {"type": "Polygon", "coordinates": [[[-119.769116690081, 36.7505910403288], [-119.769119689556, 36.7529130396812], [-119.767998689998, 36.7529270402807], [-119.768003689122, 36.7505900398443], [-119.768000688749, 36.7504570400721], [-119.769123689754, 36.7504610398575], [-119.769116690081, 36.7505910403288]]]}, "properties": {"GEOID": "060190025021013", "P0010001": 165, "ALAND": 27243, "AWATER": 0}}, {"type": "Feature", "geometry": {"type": "Polygon", "coordinates": [[[-119.765745690112, 36.756986039692], [-119.765745690112, 36.7575290410811], [-119.765745690112, 36.7577110413215], [-119.765292690376, 36.7577110413215], [-119.763932688646, 36.7577130406653], [-119.763480688735, 36.7577140410569], [-119.76347768926, 36.7575790413325], [-119.76347768926, 36.7575290410811], [-119.763483689108, 36.7569740413555], [-119.763485688758, 36.7567890410345], [-119.763937688669, 36.7567920408059], [-119.765293690201, 36.7568010401196], [-119.765746689937, 36.756805040294], [-119.765745690112, 36.756986039692]]]}, "properties": {"GEOID": "060190025022000", "P0010001": 67, "ALAND": 20545, "AWATER": 0}}, {"type": "Feature", "geometry": {"type": "Polygon", "coordinates": [[[-119.768003690021, 36.7577050396912], [-119.767551690109, 36.7577060400829], [-119.766196690199, 36.7577090398185], [-119.765745690112, 36.7577110413215], [-119.765745690112, 36.7575290410811], [-119.765745690112, 36.756986039692], [-119.765746689937, 36.756805040294], [-119.766196690199, 36.756805040294], [-119.767546690086, 36.7568090397485], [-119.767996690348, 36.7568100401519], [-119.767997690173, 36.7569890401754], [-119.768001690371, 36.7575260398991], [-119.768003690021, 36.7577050396912]]]}, "properties": {"GEOID": "060190025022001", "P0010001": 84, "ALAND": 20113, "AWATER": 0}}, {"type": "Feature", "geometry": {"type": "Polygon", "coordinates": [[[-119.767996690348, 36.7560780400715], [-119.767996690348, 36.7566270402468], [-119.767996690348, 36.7568100401519], [-119.767546690086, 36.7568090397485], [-119.766196690199, 36.756805040294], [-119.765746689937, 36.756805040294], [-119.765745690112, 36.7566220396573], [-119.765745690112, 36.756073040166], [-119.765745690112, 36.7558910403575], [-119.766195690374, 36.7558920400531], [-119.767546690086, 36.7558950398597], [-119.767997690173, 36.755896040275], [-119.767996690348, 36.7560780400715]]]}, "properties": {"GEOID": "060190025022002", "P0010001": 158, "ALAND": 20379, "AWATER": 0}}, {"type": "Feature", "geometry": {"type": "Polygon", "coordinates": [[[-119.765746689937, 36.756805040294], [-119.765293690201, 36.7568010401196], [-119.763937688669, 36.7567920408059], [-119.763485688758, 36.7567890410345], [-119.763494688978, 36.7566750409957], [-119.763493689153, 36.7566120413561], [-119.763487689306, 36.7560830406965], [-119.763485688758, 36.7559070412438], [-119.763936688844, 36.7559030403028], [-119.765292688579, 36.7558940401641], [-119.765745690112, 36.7558910403575], [-119.765745690112, 36.756073040166], [-119.765745690112, 36.7566220396573], [-119.765746689937, 36.756805040294]]]}, "properties": {"GEOID": "060190025022003", "P0010001": 213, "ALAND": 20073, "AWATER": 0}}, {"type": "Feature", "geometry": {"type": "Polygon", "coordinates": [[[-119.767997690173, 36.755896040275], [-119.767546690086, 36.7558950398597], [-119.766195690374, 36.7558920400531], [-119.765745690112, 36.7558910403575], [-119.765292688579, 36.7558940401641], [-119.763936688844, 36.7559030403028], [-119.763485688758, 36.7559070412438], [-119.763487689306, 36.7557460397305], [-119.763488689131, 36.7556340396989], [-119.76349068878, 36.7555150401609], [-119.763493689153, 36.7553270400912], [-119.763494688978, 36.7552670398954], [-119.763497689351, 36.7551070403435], [-119.763931688821, 36.7551070403435], [-119.764566689031, 36.7551080400493], [-119.765234688853, 36.7551010399489], [-119.765669689046, 36.7550980401113], [-119.766094690092, 36.7550970396856], [-119.767371690184, 36.7550960399797], [-119.767797690156, 36.7550960399797], [-119.767842690362, 36.7552760401077], [-119.767876689799, 36.7554120399884], [-119.767905690111, 36.7555280398654], [-119.767940690271, 36.7556680402528], [-119.767997690173, 36.755896040275]]]}, "properties": {"GEOID": "060190025022004", "P0010001": 0, "ALAND": 34731, "AWATER": 0}}, {"type": "Feature", "geometry": {"type": "Polygon", "coordinates": [[[-119.767797690156, 36.7550960399797], [-119.767371690184, 36.7550960399797], [-119.766094690092, 36.7550970396856], [-119.765669689046, 36.7550980401113], [-119.765234688853, 36.7551010399489], [-119.764566689031, 36.7551080400493], [-119.763931688821, 36.7551070403435], [-119.763497689351, 36.7551070403435], [-119.763497689351, 36.7550580403464], [-119.763500688826, 36.7549140400125], [-119.763501688651, 36.7548660403209], [-119.766500689973, 36.7548660403209], [-119.767256689658, 36.7548660403209], [-119.767785689562, 36.7548670400299], [-119.767797690156, 36.7550960399797]]]}, "properties": {"GEOID": "060190025022005", "P0010001": 0, "ALAND": 9984, "AWATER": 0}}, {"type": "Feature", "geometry": {"type": "Polygon", "coordinates": [[[-119.767905690111, 36.7544180398322], [-119.767868690301, 36.7545530400814], [-119.767829689943, 36.7546990397956], [-119.767818690073, 36.7547440397402], [-119.767785689562, 36.7548670400299], [-119.767256689658, 36.7548660403209], [-119.766500689973, 36.7548660403209], [-119.763501688651, 36.7548660403209], [-119.763499689001, 36.7546320396852], [-119.763498689176, 36.754400039925], [-119.763497689351, 36.7540900398204], [-119.76461668926, 36.754082039908], [-119.764838689018, 36.7540810401887], [-119.765508689388, 36.7540780403112], [-119.76573168897, 36.7540780403112], [-119.765959688576, 36.7540790400305], [-119.766643690088, 36.7540830403469], [-119.766871689693, 36.7540850397853], [-119.767095689999, 36.7540830403469], [-119.767770690392, 36.7540780403112], [-119.767996690348, 36.7540770398723], [-119.767905690111, 36.7544180398322]]]}, "properties": {"GEOID": "060190025022006", "P0010001": 0, "ALAND": 34125, "AWATER": 0}}, {"type": "Feature", "geometry": {"type": "Polygon", "coordinates": [[[-119.768003689122, 36.7505900398443], [-119.767998689998, 36.7529270402807], [-119.768001690371, 36.7530590403572], [-119.768000689648, 36.7531560402633], [-119.767996690348, 36.7538460403152], [-119.767996690348, 36.7540770398723], [-119.767770690392, 36.7540780403112], [-119.767095689999, 36.7540830403469], [-119.766871689693, 36.7540850397853], [-119.766871689693, 36.7539150398351], [-119.766873689343, 36.7534050398837], [-119.766874689168, 36.7533620400503], [-119.76687068897, 36.7532360403161], [-119.766867688597, 36.752961039875], [-119.7668596891, 36.7521360398346], [-119.766858689275, 36.7520350396555], [-119.76687268862, 36.751862040237], [-119.766866688772, 36.7515810399591], [-119.766851688704, 36.750741040156], [-119.766849689054, 36.7505990398856], [-119.766841688658, 36.7504610398575], [-119.766990688621, 36.7504600400911], [-119.767438689233, 36.7504600400911], [-119.767588689021, 36.7504600400911], [-119.768000688749, 36.7504570400721], [-119.768003689122, 36.7505900398443]]]}, "properties": {"GEOID": "060190025022007", "P0010001": 201, "ALAND": 40766, "AWATER": 0}}, {"type": "Feature", "geometry": {"type": "Polygon", "coordinates": [[[-119.766873689343, 36.7534050398837], [-119.766871689693, 36.7539150398351], [-119.766871689693, 36.7540850397853], [-119.766643690088, 36.7540830403469], [-119.765959688576, 36.7540790400305], [-119.76573168897, 36.7540780403112], [-119.76573168897, 36.7539130396726], [-119.765732688795, 36.7534190396736], [-119.76573368862, 36.7533700400379], [-119.765722688749, 36.7532550402265], [-119.765951689078, 36.7532500401369], [-119.766640688816, 36.7532390402265], [-119.76687068897, 36.7532360403161], [-119.766874689168, 36.7533620400503], [-119.766873689343, 36.7534050398837]]]}, "properties": {"GEOID": "060190025022008", "P0010001": 62, "ALAND": 9458, "AWATER": 0}}, {"type": "Feature", "geometry": {"type": "Polygon", "coordinates": [[[-119.765732688795, 36.7534190396736], [-119.76573168897, 36.7539130396726], [-119.76573168897, 36.7540780403112], [-119.765508689388, 36.7540780403112], [-119.764838689018, 36.7540810401887], [-119.76461668926, 36.754082039908], [-119.764602689016, 36.7532580401361], [-119.765722688749, 36.7532550402265], [-119.76573368862, 36.7533700400379], [-119.765732688795, 36.7534190396736]]]}, "properties": {"GEOID": "060190025022009", "P0010001": 50, "ALAND": 9151, "AWATER": 0}}, {"type": "Feature", "geometry": {"type": "Polygon", "coordinates": [[[-119.76461668926, 36.754082039908], [-119.763497689351, 36.7540900398204], [-119.763475688712, 36.7533570399677], [-119.763480688735, 36.7532690400437], [-119.764602689016, 36.7532580401361], [-119.76461668926, 36.754082039908]]]}, "properties": {"GEOID": "060190025022010", "P0010001": 47, "ALAND": 9162, "AWATER": 0}}, {"type": "Feature", "geometry": {"type": "Polygon", "coordinates": [[[-119.765819688834, 36.7505800400373], [-119.76580368894, 36.7507120398332], [-119.76579268907, 36.7507400396735], [-119.765734689343, 36.7508960399333], [-119.765710689054, 36.7510530403544], [-119.7657206891, 36.7515820397108], [-119.765726688947, 36.7518680401651], [-119.765734689343, 36.7520210403328], [-119.765732688795, 36.7521450396945], [-119.765724689298, 36.7529770399329], [-119.765722688749, 36.7532550402265], [-119.764602689016, 36.7532580401361], [-119.763480688735, 36.7532690400437], [-119.763483689108, 36.7532540397768], [-119.763471689412, 36.753186040113], [-119.76347768926, 36.7524150400375], [-119.763473689062, 36.752277039677], [-119.763476689435, 36.7520960399649], [-119.763470688689, 36.7518530403439], [-119.763464688841, 36.7515820397108], [-119.763474688887, 36.7513660397584], [-119.763641689292, 36.7511320399634], [-119.763720688934, 36.7510550398717], [-119.763962688784, 36.7508360398709], [-119.764048688997, 36.7507300398859], [-119.764178688694, 36.7505450403423], [-119.76422168925, 36.7504590403247], [-119.764288689197, 36.7504540400529], [-119.764532688696, 36.7504550398194], [-119.765811689336, 36.7504580398385], [-119.765819688834, 36.7505800400373]]]}, "properties": {"GEOID": "060190025022011", "P0010001": 0, "ALAND": 59331, "AWATER": 0}}, {"type": "Feature", "geometry": {"type": "Polygon", "coordinates": [[[-119.766858689275, 36.7520350396555], [-119.7668596891, 36.7521360398346], [-119.766867688597, 36.752961039875], [-119.76687068897, 36.7532360403161], [-119.766640688816, 36.7532390402265], [-119.765951689078, 36.7532500401369], [-119.765722688749, 36.7532550402265], [-119.765724689298, 36.7529770399329], [-119.765732688795, 36.7521450396945], [-119.765734689343, 36.7520210403328], [-119.765726688947, 36.7518680401651], [-119.765955689276, 36.7518660399492], [-119.766642689365, 36.7518630399851], [-119.76687268862, 36.751862040237], [-119.766858689275, 36.7520350396555]]]}, "properties": {"GEOID": "060190025022012", "P0010001": 196, "ALAND": 15541, "AWATER": 0}}, {"type": "Feature", "geometry": {"type": "Polygon", "coordinates": [[[-119.76687268862, 36.751862040237], [-119.766642689365, 36.7518630399851], [-119.765955689276, 36.7518660399492], [-119.765726688947, 36.7518680401651], [-119.7657206891, 36.7515820397108], [-119.765710689054, 36.7510530403544], [-119.765734689343, 36.7508960399333], [-119.76579268907, 36.7507400396735], [-119.76580368894, 36.7507120398332], [-119.765819688834, 36.7505800400373], [-119.765811689336, 36.7504580398385], [-119.7658386891, 36.7504580398385], [-119.765920689116, 36.7504610398575], [-119.765948688705, 36.7504620403437], [-119.766126688981, 36.7504610398575], [-119.766662688558, 36.7504610398575], [-119.766841688658, 36.7504610398575], [-119.766849689054, 36.7505990398856], [-119.766851688704, 36.750741040156], [-119.766866688772, 36.7515810399591], [-119.76687268862, 36.751862040237]]]}, "properties": {"GEOID": "060190025022013", "P0010001": 89, "ALAND": 15532, "AWATER": 0}}, {"type": "Feature", "geometry": {"type": "Polygon", "coordinates": [[[-119.764178688694, 36.7505450403423], [-119.764048688997, 36.7507300398859], [-119.763962688784, 36.7508360398709], [-119.763720688934, 36.7510550398717], [-119.763641689292, 36.7511320399634], [-119.763474688887, 36.7513660397584], [-119.763457689168, 36.7510780400755], [-119.763441689275, 36.7504540400529], [-119.76422168925, 36.7504590403247], [-119.764178688694, 36.7505450403423]]]}, "properties": {"GEOID": "060190025022014", "P0010001": 0, "ALAND": 3692, "AWATER": 0}}, {"type": "Feature", "geometry": {"type": "Polygon", "coordinates": [[[-119.75672168818, 36.7569970412242], [-119.75672168818, 36.757545040906], [-119.75672168818, 36.7577280407801], [-119.755609687944, 36.7577240406538], [-119.754963687864, 36.7577220413103], [-119.754629687953, 36.7577210409188], [-119.754473688318, 36.7577280407801], [-119.754493688409, 36.7568120409586], [-119.75493868775, 36.7568120409586], [-119.756276687941, 36.7568140410456], [-119.756722688005, 36.7568150407292], [-119.75672168818, 36.7569970412242]]]}, "properties": {"GEOID": "060190025023000", "P0010001": 36, "ALAND": 20210, "AWATER": 0}}, {"type": "Feature", "geometry": {"type": "Polygon", "coordinates": [[[-119.758997689428, 36.7577180411837], [-119.758541689319, 36.7577200412471], [-119.757176687567, 36.7577250410453], [-119.75672168818, 36.7577280407801], [-119.75672168818, 36.757545040906], [-119.75672168818, 36.7569970412242], [-119.756722688005, 36.7568150407292], [-119.757172688267, 36.7568140410456], [-119.758525687629, 36.7568140410456], [-119.758977689337, 36.7568140410456], [-119.758981688637, 36.7569940407411], [-119.75899368923, 36.7575370413538], [-119.758997689428, 36.7577180411837]]]}, "properties": {"GEOID": "060190025023001", "P0010001": 107, "ALAND": 20399, "AWATER": 0}}, {"type": "Feature", "geometry": {"type": "Polygon", "coordinates": [[[-119.761237688895, 36.7577100409299], [-119.760789689181, 36.7577110413215], [-119.760659688587, 36.7577110413215], [-119.759444689317, 36.7577160411203], [-119.758997689428, 36.7577180411837], [-119.75899368923, 36.7575370413538], [-119.758981688637, 36.7569940407411], [-119.758977689337, 36.7568140410456], [-119.759426688876, 36.7568010408393], [-119.760775688938, 36.7567660411034], [-119.761225689199, 36.7567540412931], [-119.761227688849, 36.7569450412297], [-119.76123468942, 36.7575180410646], [-119.761237688895, 36.7577100409299]]]}, "properties": {"GEOID": "060190025023002", "P0010001": 116, "ALAND": 20678, "AWATER": 0}}, {"type": "Feature", "geometry": {"type": "Polygon", "coordinates": [[[-119.763483689108, 36.7569740413555], [-119.76347768926, 36.7575290410811], [-119.76347768926, 36.7575790413325], [-119.763480688735, 36.7577140410569], [-119.763031689196, 36.7577130406653], [-119.761685688609, 36.7577100409299], [-119.761237688895, 36.7577100409299], [-119.76123468942, 36.7575180410646], [-119.761227688849, 36.7569450412297], [-119.761225689199, 36.7567540412931], [-119.761677689111, 36.7567600408387], [-119.763033688846, 36.7567820410875], [-119.763485688758, 36.7567890410345], [-119.763483689108, 36.7569740413555]]]}, "properties": {"GEOID": "060190025023003", "P0010001": 158, "ALAND": 20967, "AWATER": 0}}, {"type": "Feature", "geometry": {"type": "Polygon", "coordinates": [[[-119.763494688978, 36.7566750409957], [-119.763485688758, 36.7567890410345], [-119.763033688846, 36.7567820410875], [-119.761677689111, 36.7567600408387], [-119.761225689199, 36.7567540412931], [-119.761225689199, 36.7565840407801], [-119.761228688674, 36.7560780407912], [-119.761229689397, 36.7559090413543], [-119.761680688586, 36.7559080409392], [-119.763033688846, 36.7559070412438], [-119.763485688758, 36.7559070412438], [-119.763487689306, 36.7560830406965], [-119.763493689153, 36.7566120413561], [-119.763494688978, 36.7566750409957]]]}, "properties": {"GEOID": "060190025023004", "P0010001": 106, "ALAND": 19363, "AWATER": 0}}, {"type": "Feature", "geometry": {"type": "Polygon", "coordinates": [[[-119.763494688978, 36.7552670398954], [-119.763493689153, 36.7553270400912], [-119.76349068878, 36.7555150401609], [-119.763488689131, 36.7556340396989], [-119.763487689306, 36.7557460397305], [-119.763485688758, 36.7559070412438], [-119.763033688846, 36.7559070412438], [-119.761680688586, 36.7559080409392], [-119.761229689397, 36.7559090413543], [-119.760778689311, 36.7559090413543], [-119.759428689424, 36.7559090413543], [-119.758978688264, 36.7559100410498], [-119.758525687629, 36.7559080409392], [-119.757166688419, 36.755902041327], [-119.756713687784, 36.7559010409118], [-119.756714687609, 36.7560830406965], [-119.756720688355, 36.7566320408361], [-119.756722688005, 36.7568150407292], [-119.756276687941, 36.7568140410456], [-119.75493868775, 36.7568120409586], [-119.754493688409, 36.7568120409586], [-119.754493688409, 36.7562220410994], [-119.754494688234, 36.7560750409919], [-119.754495688059, 36.7558560409262], [-119.754500688082, 36.7555770410017], [-119.754505688105, 36.7553170409015], [-119.754505688105, 36.755179040723], [-119.754496687884, 36.7551200408368], [-119.754739687558, 36.7551160412943], [-119.7554736884, 36.7551120410318], [-119.756716688157, 36.7551060413574], [-119.757162688221, 36.7551030408002], [-119.757361688413, 36.7551030408002], [-119.758149687885, 36.7551130407375], [-119.758502688062, 36.755111041326], [-119.758949687951, 36.7551100409004], [-119.759406687886, 36.755108040769], [-119.760777688588, 36.7551040412259], [-119.760935688771, 36.7551040412259], [-119.761235689245, 36.7551040412259], [-119.761687689157, 36.7551040412259], [-119.763044688717, 36.7551060399179], [-119.763497689351, 36.7551070403435], [-119.763494688978, 36.7552670398954]]]}, "properties": {"GEOID": "060190025023005", "P0010001": 72, "ALAND": 91189, "AWATER": 0}}, {"type": "Feature", "geometry": {"type": "Polygon", "coordinates": [[[-119.758977688439, 36.7560900407073], [-119.758977689337, 36.7566330412417], [-119.758977689337, 36.7568140410456], [-119.758525687629, 36.7568140410456], [-119.757172688267, 36.7568140410456], [-119.756722688005, 36.7568150407292], [-119.756720688355, 36.7566320408361], [-119.756714687609, 36.7560830406965], [-119.756713687784, 36.7559010409118], [-119.757166688419, 36.755902041327], [-119.758525687629, 36.7559080409392], [-119.758978688264, 36.7559100410498], [-119.758977688439, 36.7560900407073]]]}, "properties": {"GEOID": "060190025023006", "P0010001": 110, "ALAND": 20357, "AWATER": 0}}, {"type": "Feature", "geometry": {"type": "Polygon", "coordinates": [[[-119.761228688674, 36.7560780407912], [-119.761225689199, 36.7565840407801], [-119.761225689199, 36.7567540412931], [-119.760775688938, 36.7567660411034], [-119.759426688876, 36.7568010408393], [-119.758977689337, 36.7568140410456], [-119.758977689337, 36.7566330412417], [-119.758977688439, 36.7560900407073], [-119.758978688264, 36.7559100410498], [-119.759428689424, 36.7559090413543], [-119.760778689311, 36.7559090413543], [-119.761229689397, 36.7559090413543], [-119.761228688674, 36.7560780407912]]]}, "properties": {"GEOID": "060190025023007", "P0010001": 104, "ALAND": 19493, "AWATER": 0}}, {"type": "Feature", "geometry": {"type": "Polygon", "coordinates": [[[-119.763500688826, 36.7549140400125], [-119.763497689351, 36.7550580403464], [-119.763497689351, 36.7551070403435], [-119.763044688717, 36.7551060399179], [-119.761687689157, 36.7551040412259], [-119.761235689245, 36.7551040412259], [-119.760935688771, 36.7551040412259], [-119.760777688588, 36.7551040412259], [-119.759406687886, 36.755108040769], [-119.758949687951, 36.7551100409004], [-119.758502688062, 36.755111041326], [-119.758149687885, 36.7551130407375], [-119.757361688413, 36.7551030408002], [-119.757162688221, 36.7551030408002], [-119.756716688157, 36.7551060413574], [-119.7554736884, 36.7551120410318], [-119.754739687558, 36.7551160412943], [-119.754496687884, 36.7551200408368], [-119.754496687884, 36.7549740412041], [-119.754489688211, 36.7548670407497], [-119.754962688039, 36.7548550406423], [-119.757898687815, 36.7548260411548], [-119.758944687928, 36.7548400406854], [-119.759402687688, 36.7548460411004], [-119.759652687933, 36.7548490409478], [-119.760778689311, 36.7548650413317], [-119.760816688946, 36.7548660410407], [-119.761237688895, 36.7548660410407], [-119.761689688807, 36.7548660410407], [-119.763048688915, 36.7548660403209], [-119.763501688651, 36.7548660403209], [-119.763500688826, 36.7549140400125]]]}, "properties": {"GEOID": "060190025023008", "P0010001": 0, "ALAND": 22925, "AWATER": 0}}, {"type": "Feature", "geometry": {"type": "Polygon", "coordinates": [[[-119.763501688651, 36.7548660403209], [-119.763048688915, 36.7548660403209], [-119.761689688807, 36.7548660410407], [-119.761237688895, 36.7548660410407], [-119.760816688946, 36.7548660410407], [-119.760778689311, 36.7548650413317], [-119.759652687933, 36.7548490409478], [-119.759402687688, 36.7548460411004], [-119.758944687928, 36.7548400406854], [-119.757898687815, 36.7548260411548], [-119.754962688039, 36.7548550406423], [-119.754489688211, 36.7548670407497], [-119.754488688386, 36.7547910412376], [-119.754486687838, 36.7547560413044], [-119.754479688165, 36.7546160406921], [-119.754483688363, 36.7545250409129], [-119.754485688013, 36.7543930411995], [-119.754490688036, 36.7540810409085], [-119.754485688013, 36.7540240410573], [-119.75447168777, 36.7538470407572], [-119.75447168777, 36.7537250407151], [-119.754482686742, 36.7533560409588], [-119.754476686894, 36.7531880410142], [-119.754636686728, 36.7531890407451], [-119.754738686835, 36.7531970407506], [-119.754820687749, 36.7532130407594], [-119.755330688285, 36.7533720409343], [-119.755463688355, 36.7533950411632], [-119.755610687769, 36.7534080412269], [-119.755807688311, 36.7534070407792], [-119.755904688396, 36.7534070407792], [-119.755915688266, 36.7534760406939], [-119.755923687764, 36.7535240412552], [-119.755930688335, 36.7535760406898], [-119.755932687985, 36.7536330408737], [-119.755937688008, 36.7536810413367], [-119.755936688183, 36.7537360412756], [-119.755938687832, 36.7537900407322], [-119.755940688381, 36.7538420407062], [-119.75594468768, 36.7538930409233], [-119.755943687855, 36.7539380413407], [-119.755939687657, 36.7539930410953], [-119.755916688091, 36.7541050406437], [-119.756357688132, 36.7541040409248], [-119.756716688157, 36.7541040409248], [-119.756771688409, 36.7541040409248], [-119.757165687696, 36.7541010410482], [-119.758513687933, 36.7540950412948], [-119.758963688195, 36.7540930411369], [-119.759415688107, 36.7540900412599], [-119.76077168874, 36.7540840407858], [-119.761224689375, 36.754082039908], [-119.761220689177, 36.7531940401189], [-119.763471689412, 36.753186040113], [-119.763483689108, 36.7532540397768], [-119.763480688735, 36.7532690400437], [-119.763475688712, 36.7533570399677], [-119.763497689351, 36.7540900398204], [-119.763498689176, 36.754400039925], [-119.763499689001, 36.7546320396852], [-119.763501688651, 36.7548660403209]]]}, "properties": {"GEOID": "060190025023009", "P0010001": 55, "ALAND": 99084, "AWATER": 0}}, {"type": "Feature", "geometry": {"type": "Polygon", "coordinates": [[[-119.761224689375, 36.754082039908], [-119.76077168874, 36.7540840407858], [-119.759415688107, 36.7540900412599], [-119.758963688195, 36.7540930411369], [-119.758963688195, 36.7539140408335], [-119.75896668767, 36.7533770410159], [-119.758967688393, 36.7531990409319], [-119.761220689177, 36.7531940401189], [-119.761224689375, 36.754082039908]]]}, "properties": {"GEOID": "060190025023010", "P0010001": 105, "ALAND": 19923, "AWATER": 0}}, {"type": "Feature", "geometry": {"type": "Polygon", "coordinates": [[[-119.75896668767, 36.7533770410159], [-119.758963688195, 36.7539140408335], [-119.758963688195, 36.7540930411369], [-119.758513687933, 36.7540950412948], [-119.757165687696, 36.7541010410482], [-119.756771688409, 36.7541040409248], [-119.756716688157, 36.7541040409248], [-119.756357688132, 36.7541040409248], [-119.755916688091, 36.7541050406437], [-119.755939687657, 36.7539930410953], [-119.755943687855, 36.7539380413407], [-119.75594468768, 36.7538930409233], [-119.755940688381, 36.7538420407062], [-119.755938687832, 36.7537900407322], [-119.755936688183, 36.7537360412756], [-119.755937688008, 36.7536810413367], [-119.755932687985, 36.7536330408737], [-119.755930688335, 36.7535760406898], [-119.755923687764, 36.7535240412552], [-119.755915688266, 36.7534760406939], [-119.755904688396, 36.7534070407792], [-119.756790687777, 36.7534040408754], [-119.757993688249, 36.7534000412433], [-119.758107688052, 36.7533820410973], [-119.758225688053, 36.753347041241], [-119.758314687741, 36.7533150412761], [-119.758514687758, 36.7532340408557], [-119.758648687652, 36.7532060412058], [-119.758730687668, 36.7531940408386], [-119.758967688393, 36.7531990409319], [-119.75896668767, 36.7533770410159]]]}, "properties": {"GEOID": "060190025023011", "P0010001": 68, "ALAND": 22199, "AWATER": 0}}, {"type": "Feature", "geometry": {"type": "Polygon", "coordinates": [[[-119.758967688393, 36.7531990409319], [-119.758730687668, 36.7531940408386], [-119.758648687652, 36.7532060412058], [-119.758514687758, 36.7532340408557], [-119.758314687741, 36.7533150412761], [-119.758225688053, 36.753347041241], [-119.758107688052, 36.7533820410973], [-119.757993688249, 36.7534000412433], [-119.756790687777, 36.7534040408754], [-119.755904688396, 36.7534070407792], [-119.755807688311, 36.7534070407792], [-119.755610687769, 36.7534080412269], [-119.755463688355, 36.7533950411632], [-119.755330688285, 36.7533720409343], [-119.754820687749, 36.7532130407594], [-119.754738686835, 36.7531970407506], [-119.754636686728, 36.7531890407451], [-119.754476686894, 36.7531880410142], [-119.754448687305, 36.7522930413171], [-119.754620686834, 36.7522850412172], [-119.754896687019, 36.7522910411123], [-119.754997687301, 36.7523230407845], [-119.755413688126, 36.752576041344], [-119.755535688325, 36.752640041157], [-119.75562168764, 36.7526790410057], [-119.755661687823, 36.7526970413167], [-119.755783688022, 36.7527170410975], [-119.757580687798, 36.7527180408345], [-119.757715688415, 36.7527080413047], [-119.757771687593, 36.7526870410644], [-119.757826687845, 36.7526670412758], [-119.75789768799, 36.7526310413552], [-119.758027687686, 36.7525570412655], [-119.758208688335, 36.7524300411884], [-119.758295688373, 36.7523560409048], [-119.75836668762, 36.7522890409074], [-119.758482687971, 36.7522880397253], [-119.758834688324, 36.7522850397777], [-119.758951687601, 36.7522850397777], [-119.758954687974, 36.7524670402237], [-119.758963688195, 36.7530160410497], [-119.758967688393, 36.7531990409319]]]}, "properties": {"GEOID": "060190025023012", "P0010001": 142, "ALAND": 35291, "AWATER": 0}}, {"type": "Feature", "geometry": {"type": "Polygon", "coordinates": [[[-119.761220689177, 36.7531940401189], [-119.758967688393, 36.7531990409319], [-119.758963688195, 36.7530160410497], [-119.758954687974, 36.7524670402237], [-119.758951687601, 36.7522850397777], [-119.759403688411, 36.7522850397777], [-119.760760687971, 36.7522870399827], [-119.761213687707, 36.7522880397253], [-119.761220689177, 36.7531940401189]]]}, "properties": {"GEOID": "060190025023013", "P0010001": 91, "ALAND": 20371, "AWATER": 0}}, {"type": "Feature", "geometry": {"type": "Polygon", "coordinates": [[[-119.76347768926, 36.7524150400375], [-119.763471689412, 36.753186040113], [-119.761220689177, 36.7531940401189], [-119.761213687707, 36.7522880397253], [-119.763473689062, 36.752277039677], [-119.76347768926, 36.7524150400375]]]}, "properties": {"GEOID": "060190025023014", "P0010001": 109, "ALAND": 20304, "AWATER": 0}}, {"type": "Feature", "geometry": {"type": "Polygon", "coordinates": [[[-119.763473689062, 36.752277039677], [-119.761213687707, 36.7522880397253], [-119.760760687971, 36.7522870399827], [-119.759403688411, 36.7522850397777], [-119.758951687601, 36.7522850397777], [-119.758951687601, 36.7521040400844], [-119.758952688324, 36.751563040106], [-119.758953688149, 36.7513830399033], [-119.763474688887, 36.7513660397584], [-119.763464688841, 36.7515820397108], [-119.763470688689, 36.7518530403439], [-119.763476689435, 36.7520960399649], [-119.763473689062, 36.752277039677]]]}, "properties": {"GEOID": "060190025023015", "P0010001": 206, "ALAND": 40742, "AWATER": 0}}, {"type": "Feature", "geometry": {"type": "Polygon", "coordinates": [[[-119.758952688324, 36.751563040106], [-119.758951687601, 36.7521040400844], [-119.758951687601, 36.7522850397777], [-119.758834688324, 36.7522850397777], [-119.758482687971, 36.7522880397253], [-119.75836668762, 36.7522890409074], [-119.758227687703, 36.7521650410587], [-119.757810687951, 36.7517950398082], [-119.757672687859, 36.7516720403513], [-119.757898687815, 36.7515220401849], [-119.758035688082, 36.751433039842], [-119.75821868838, 36.7513930403255], [-119.758681688163, 36.7513860398862], [-119.758953688149, 36.7513830399033], [-119.758952688324, 36.751563040106]]]}, "properties": {"GEOID": "060190025023016", "P0010001": 45, "ALAND": 8657, "AWATER": 0}}, {"type": "Feature", "geometry": {"type": "Polygon", "coordinates": [[[-119.758295688373, 36.7523560409048], [-119.758208688335, 36.7524300411884], [-119.758027687686, 36.7525570412655], [-119.75789768799, 36.7526310413552], [-119.757826687845, 36.7526670412758], [-119.757771687593, 36.7526870410644], [-119.757715688415, 36.7527080413047], [-119.757580687798, 36.7527180408345], [-119.755783688022, 36.7527170410975], [-119.755661687823, 36.7526970413167], [-119.75562168764, 36.7526790410057], [-119.755535688325, 36.752640041157], [-119.755413688126, 36.752576041344], [-119.754997687301, 36.7523230407845], [-119.755137687043, 36.7521900411371], [-119.755559686817, 36.751794040779], [-119.755700687283, 36.7516620406852], [-119.756060688031, 36.7519130410506], [-119.756101688039, 36.7519410411723], [-119.756224688063, 36.7519980411315], [-119.756320688322, 36.7520300409259], [-119.757071687985, 36.7520450407125], [-119.757174687917, 36.7520280407142], [-119.757255688108, 36.752000041344], [-119.7573326881, 36.751950041055], [-119.75735668839, 36.7519360409971], [-119.757672687859, 36.7516720403513], [-119.757810687951, 36.7517950398082], [-119.758227687703, 36.7521650410587], [-119.75836668762, 36.7522890409074], [-119.758295688373, 36.7523560409048]]]}, "properties": {"GEOID": "060190025023017", "P0010001": 93, "ALAND": 22760, "AWATER": 0}}, {"type": "Feature", "geometry": {"type": "Polygon", "coordinates": [[[-119.755559686817, 36.751794040779], [-119.755137687043, 36.7521900411371], [-119.754997687301, 36.7523230407845], [-119.754896687019, 36.7522910411123], [-119.754620686834, 36.7522850412172], [-119.754448687305, 36.7522930413171], [-119.754438687259, 36.7513750411481], [-119.754664687215, 36.7513760409026], [-119.754706687048, 36.751377040657], [-119.755261686892, 36.7513930410453], [-119.755396686611, 36.751446040958], [-119.755487686847, 36.7514980410812], [-119.755523686832, 36.7515190409272], [-119.755700687283, 36.7516620406852], [-119.755559686817, 36.751794040779]]]}, "properties": {"GEOID": "060190025023018", "P0010001": 35, "ALAND": 8701, "AWATER": 0}}, {"type": "Feature", "geometry": {"type": "Polygon", "coordinates": [[[-119.756918687824, 36.7508200400863], [-119.756910688326, 36.7509420397094], [-119.75690468758, 36.7510570401088], [-119.756623688271, 36.7510650410564], [-119.756549687753, 36.7510680410517], [-119.756416687683, 36.7511010409921], [-119.756309687553, 36.7511720410555], [-119.755918687741, 36.7514860411666], [-119.755700687283, 36.7516620406852], [-119.755523686832, 36.7515190409272], [-119.755487686847, 36.7514980410812], [-119.755396686611, 36.751446040958], [-119.755261686892, 36.7513930410453], [-119.754706687048, 36.751377040657], [-119.754664687215, 36.7513760409026], [-119.754438687259, 36.7513750411481], [-119.754436686711, 36.751196040981], [-119.754430686863, 36.7506600413367], [-119.754429687038, 36.7504820407071], [-119.754642686575, 36.7504970407963], [-119.754884687323, 36.7504950412644], [-119.756253686578, 36.7504890397894], [-119.75671068831, 36.7504870402573], [-119.756751688317, 36.7504860397715], [-119.756874688341, 36.7504840402393], [-119.756916688174, 36.7504840402393], [-119.756916688174, 36.750598040121], [-119.756918687824, 36.7508200400863]]]}, "properties": {"GEOID": "060190025023019", "P0010001": 11, "ALAND": 20851, "AWATER": 0}}, {"type": "Feature", "geometry": {"type": "Polygon", "coordinates": [[[-119.757672687859, 36.7516720403513], [-119.75735668839, 36.7519360409971], [-119.7573326881, 36.751950041055], [-119.757255688108, 36.752000041344], [-119.757174687917, 36.7520280407142], [-119.757071687985, 36.7520450407125], [-119.756320688322, 36.7520300409259], [-119.756224688063, 36.7519980411315], [-119.756101688039, 36.7519410411723], [-119.756060688031, 36.7519130410506], [-119.755700687283, 36.7516620406852], [-119.755918687741, 36.7514860411666], [-119.756309687553, 36.7511720410555], [-119.756416687683, 36.7511010409921], [-119.756549687753, 36.7510680410517], [-119.756623688271, 36.7510650410564], [-119.75690468758, 36.7510570401088], [-119.756977688273, 36.7511110400115], [-119.757059688289, 36.751177039841], [-119.757518687873, 36.7515480402252], [-119.757672687859, 36.7516720403513]]]}, "properties": {"GEOID": "060190025023020", "P0010001": 32, "ALAND": 12665, "AWATER": 0}}, {"type": "Feature", "geometry": {"type": "Polygon", "coordinates": [[[-119.758953688149, 36.7513830399033], [-119.758681688163, 36.7513860398862], [-119.75821868838, 36.7513930403255], [-119.758035688082, 36.751433039842], [-119.757898687815, 36.7515220401849], [-119.757672687859, 36.7516720403513], [-119.757518687873, 36.7515480402252], [-119.757059688289, 36.751177039841], [-119.756977688273, 36.7511110400115], [-119.75690468758, 36.7510570401088], [-119.756910688326, 36.7509420397094], [-119.756918687824, 36.7508200400863], [-119.756916688174, 36.750598040121], [-119.756916688174, 36.7504840402393], [-119.757322688055, 36.7504820399873], [-119.75854368807, 36.750477039717], [-119.758951687601, 36.7504760399508], [-119.758946687578, 36.7505930398582], [-119.758946687578, 36.7506570398858], [-119.758951687601, 36.7512010397649], [-119.758953688149, 36.7513830399033]]]}, "properties": {"GEOID": "060190025023021", "P0010001": 39, "ALAND": 18789, "AWATER": 0}}, {"type": "Feature", "geometry": {"type": "Polygon", "coordinates": [[[-119.763474688887, 36.7513660397584], [-119.758953688149, 36.7513830399033], [-119.758951687601, 36.7512010397649], [-119.758946687578, 36.7506570398858], [-119.758946687578, 36.7505930398582], [-119.758951687601, 36.7504760399508], [-119.759315687649, 36.7504740396986], [-119.760409688341, 36.7504710396801], [-119.760774688214, 36.7504700399139], [-119.76113368824, 36.7504700399139], [-119.76221368779, 36.7504720401661], [-119.76257368764, 36.7504730399324], [-119.763441689275, 36.7504540400529], [-119.763457689168, 36.7510780400755], [-119.763474688887, 36.7513660397584]]]}, "properties": {"GEOID": "060190025023022", "P0010001": 130, "ALAND": 40377, "AWATER": 0}}, {"type": "Feature", "geometry": {"type": "Polygon", "coordinates": [[[-119.769221689663, 36.7504590403247], [-119.769123689754, 36.7504610398575], [-119.768000688749, 36.7504570400721], [-119.767588689021, 36.7504600400911], [-119.76759068867, 36.7502780399226], [-119.767598689066, 36.7497340399774], [-119.767601689439, 36.7495530400243], [-119.769233689359, 36.7495490401916], [-119.769221689663, 36.7504590403247]]]}, "properties": {"GEOID": "060190026011000", "P0010001": 50, "ALAND": 14692, "AWATER": 0}}, {"type": "Feature", "geometry": {"type": "Polygon", "coordinates": [[[-119.770872689849, 36.7504480392944], [-119.770239690188, 36.7504480400142], [-119.770024690102, 36.7504550398194], [-119.769221689663, 36.7504590403247], [-119.769233689359, 36.7495490401916], [-119.770871690024, 36.7495510390283], [-119.770871690024, 36.7497300387145], [-119.770871690024, 36.750268039355], [-119.770872689849, 36.7504480392944]]]}, "properties": {"GEOID": "060190026011001", "P0010001": 69, "ALAND": 14710, "AWATER": 0}}, {"type": "Feature", "geometry": {"type": "Polygon", "coordinates": [[[-119.772496690271, 36.7497240393389], [-119.772493689898, 36.7502620393018], [-119.772493689898, 36.7504420392553], [-119.77227169014, 36.7504430390219], [-119.771674689565, 36.7504460390415], [-119.771608690341, 36.7504470388081], [-119.771388690233, 36.7504530388468], [-119.771284689578, 36.7504510393138], [-119.770975689781, 36.7504480392944], [-119.770872689849, 36.7504480392944], [-119.770871690024, 36.750268039355], [-119.770871690024, 36.7497300387145], [-119.770871690024, 36.7495510390283], [-119.771196689714, 36.749549038752], [-119.772171689683, 36.7495460386973], [-119.772497690096, 36.749545038919], [-119.772496690271, 36.7497240393389]]]}, "properties": {"GEOID": "060190026011002", "P0010001": 39, "ALAND": 14466, "AWATER": 0}}, {"type": "Feature", "geometry": {"type": "Polygon", "coordinates": [[[-119.772501690294, 36.7488100392549], [-119.772497690096, 36.749361039178], [-119.772497690096, 36.749545038919], [-119.772171689683, 36.7495460386973], [-119.771196689714, 36.749549038752], [-119.770871690024, 36.7495510390283], [-119.770872689849, 36.7493680390823], [-119.770878689697, 36.7488220388681], [-119.770880690245, 36.748640039133], [-119.77120469011, 36.7486370390428], [-119.772177690429, 36.7486290392816], [-119.772502690119, 36.7486270389812], [-119.772501690294, 36.7488100392549]]]}, "properties": {"GEOID": "060190026011003", "P0010001": 74, "ALAND": 14718, "AWATER": 0}}, {"type": "Feature", "geometry": {"type": "Polygon", "coordinates": [[[-119.770878689697, 36.7488220388681], [-119.770872689849, 36.7493680390823], [-119.770871690024, 36.7495510390283], [-119.769233689359, 36.7495490401916], [-119.769241688856, 36.7486340389525], [-119.769568689094, 36.7486350387427], [-119.770552690182, 36.748638038833], [-119.770880690245, 36.748640039133], [-119.770878689697, 36.7488220388681]]]}, "properties": {"GEOID": "060190026011004", "P0010001": 74, "ALAND": 14828, "AWATER": 0}}, {"type": "Feature", "geometry": {"type": "Polygon", "coordinates": [[[-119.769233689359, 36.7495490401916], [-119.767601689439, 36.7495530400243], [-119.767600688716, 36.7493690403025], [-119.767600688716, 36.7488200400124], [-119.767600688716, 36.7486370397626], [-119.767928688779, 36.7486360399724], [-119.768912688968, 36.7486340389525], [-119.769241688856, 36.7486340389525], [-119.769233689359, 36.7495490401916]]]}, "properties": {"GEOID": "060190026011005", "P0010001": 111, "ALAND": 14858, "AWATER": 0}}, {"type": "Feature", "geometry": {"type": "Polygon", "coordinates": [[[-119.769249689252, 36.7479220389098], [-119.769243689404, 36.7484550388689], [-119.769241688856, 36.7486340389525], [-119.768912688968, 36.7486340389525], [-119.767928688779, 36.7486360399724], [-119.767600688716, 36.7486370397626], [-119.767600688716, 36.7484570398935], [-119.767602689264, 36.7479210391103], [-119.767603689089, 36.747742038803], [-119.767932688977, 36.747742038803], [-119.768922689014, 36.7477430393246], [-119.769252688727, 36.7477440391264], [-119.769249689252, 36.7479220389098]]]}, "properties": {"GEOID": "060190026011006", "P0010001": 68, "ALAND": 14550, "AWATER": 0}}, {"type": "Feature", "geometry": {"type": "Polygon", "coordinates": [[[-119.770880690245, 36.748640039133], [-119.770552690182, 36.748638038833], [-119.769568689094, 36.7486350387427], [-119.769241688856, 36.7486340389525], [-119.769243689404, 36.7484550388689], [-119.769249689252, 36.7479220389098], [-119.769252688727, 36.7477440391264], [-119.769576688592, 36.747742038803], [-119.770549688911, 36.7477390386777], [-119.770874690397, 36.7477380388758], [-119.770875690222, 36.7479180389919], [-119.770878689697, 36.7484590387587], [-119.770880690245, 36.748640039133]]]}, "properties": {"GEOID": "060190026011007", "P0010001": 59, "ALAND": 14478, "AWATER": 0}}, {"type": "Feature", "geometry": {"type": "Polygon", "coordinates": [[[-119.772512690164, 36.7479130392743], [-119.772504689768, 36.7484480388813], [-119.772502690119, 36.7486270389812], [-119.772177690429, 36.7486290392816], [-119.77120469011, 36.7486370390428], [-119.770880690245, 36.748640039133], [-119.770878689697, 36.7484590387587], [-119.770875690222, 36.7479180389919], [-119.770874690397, 36.7477380388758], [-119.771202689562, 36.747737039074], [-119.772186689751, 36.7477350387504], [-119.772515689639, 36.7477350387504], [-119.772512690164, 36.7479130392743]]]}, "properties": {"GEOID": "060190026011008", "P0010001": 59, "ALAND": 14503, "AWATER": 0}}, {"type": "Feature", "geometry": {"type": "Polygon", "coordinates": [[[-119.772520689662, 36.7469960390581], [-119.772516690362, 36.7475500391835], [-119.772515689639, 36.7477350387504], [-119.772186689751, 36.7477350387504], [-119.771202689562, 36.747737039074], [-119.770874690397, 36.7477380388758], [-119.770878689697, 36.7475530393162], [-119.770891689217, 36.747000039024], [-119.77089668924, 36.7468160389386], [-119.77122168893, 36.7468140393108], [-119.772196689797, 36.7468120389632], [-119.77252269021, 36.7468120389632], [-119.772520689662, 36.7469960390581]]]}, "properties": {"GEOID": "060190026011009", "P0010001": 83, "ALAND": 14940, "AWATER": 0}}, {"type": "Feature", "geometry": {"type": "Polygon", "coordinates": [[[-119.770891689217, 36.747000039024], [-119.770878689697, 36.7475530393162], [-119.770874690397, 36.7477380388758], [-119.770549688911, 36.7477390386777], [-119.769576688592, 36.747742038803], [-119.769252688727, 36.7477440391264], [-119.769253688552, 36.7475590388615], [-119.769258688575, 36.7470050388011], [-119.769260689123, 36.7468210387277], [-119.769587689361, 36.7468190391001], [-119.770568689177, 36.7468170387525], [-119.77089668924, 36.7468160389386], [-119.770891689217, 36.747000039024]]]}, "properties": {"GEOID": "060190026011010", "P0010001": 81, "ALAND": 14892, "AWATER": 0}}, {"type": "Feature", "geometry": {"type": "Polygon", "coordinates": [[[-119.769258688575, 36.7470050388011], [-119.769253688552, 36.7475590388615], [-119.769252688727, 36.7477440391264], [-119.768922689014, 36.7477430393246], [-119.767932688977, 36.747742038803], [-119.767603689089, 36.747742038803], [-119.767603689089, 36.7475590388615], [-119.767603689089, 36.7470120389203], [-119.767603689089, 36.746830039211], [-119.767934688627, 36.74682703905], [-119.768928688862, 36.7468220392613], [-119.769260689123, 36.7468210387277], [-119.769258688575, 36.7470050388011]]]}, "properties": {"GEOID": "060190026011011", "P0010001": 91, "ALAND": 15033, "AWATER": 0}}, {"type": "Feature", "geometry": {"type": "Polygon", "coordinates": [[[-119.769260689123, 36.7468210387277], [-119.768928688862, 36.7468220392613], [-119.767934688627, 36.74682703905], [-119.767603689089, 36.746830039211], [-119.767608689112, 36.7466470392539], [-119.767624689006, 36.7461000392901], [-119.767630688853, 36.7459180388574], [-119.767955689442, 36.7459180388574], [-119.76893268906, 36.7459210390539], [-119.769258688575, 36.7459220388795], [-119.769258688575, 36.7461010391133], [-119.769259689298, 36.7466410389175], [-119.769260689123, 36.7468210387277]]]}, "properties": {"GEOID": "060190026011012", "P0010001": 66, "ALAND": 14733, "AWATER": 0}}, {"type": "Feature", "geometry": {"type": "Polygon", "coordinates": [[[-119.77089668924, 36.7461050391258], [-119.77089668924, 36.7466380387492], [-119.77089668924, 36.7468160389386], [-119.770568689177, 36.7468170387525], [-119.769587689361, 36.7468190391001], [-119.769260689123, 36.7468210387277], [-119.769259689298, 36.7466410389175], [-119.769258688575, 36.7461010391133], [-119.769258688575, 36.7459220388795], [-119.769585688813, 36.745923038705], [-119.770569689002, 36.7459260389013], [-119.770897689065, 36.7459280392721], [-119.77089668924, 36.7461050391258]]]}, "properties": {"GEOID": "060190026011013", "P0010001": 89, "ALAND": 14500, "AWATER": 0}}, {"type": "Feature", "geometry": {"type": "Polygon", "coordinates": [[[-119.77252269021, 36.7468120389632], [-119.772196689797, 36.7468120389632], [-119.77122168893, 36.7468140393108], [-119.77089668924, 36.7468160389386], [-119.77089668924, 36.7466380387492], [-119.77089668924, 36.7461050391258], [-119.770897689065, 36.7459280392721], [-119.77122168893, 36.7459240392503], [-119.772194690147, 36.7459150386608], [-119.772519689837, 36.7459120391838], [-119.772519689837, 36.7460920392643], [-119.772521690385, 36.7466320391319], [-119.77252269021, 36.7468120389632]]]}, "properties": {"GEOID": "060190026011014", "P0010001": 71, "ALAND": 14382, "AWATER": 0}}, {"type": "Feature", "geometry": {"type": "Polygon", "coordinates": [[[-119.772519689837, 36.7459120391838], [-119.772194690147, 36.7459150386608], [-119.77122168893, 36.7459240392503], [-119.770897689065, 36.7459280392721], [-119.770900689438, 36.7457430389479], [-119.770910688586, 36.7451910391238], [-119.770914688784, 36.7450070390199], [-119.771228688603, 36.7450080388573], [-119.772170688959, 36.7450140393214], [-119.7724856904, 36.7450160389961], [-119.772491690248, 36.7451950391837], [-119.772512690164, 36.7457320386811], [-119.772519689837, 36.7459120391838]]]}, "properties": {"GEOID": "060190026011015", "P0010001": 81, "ALAND": 14375, "AWATER": 0}}, {"type": "Feature", "geometry": {"type": "Polygon", "coordinates": [[[-119.770910688586, 36.7451910391238], [-119.770900689438, 36.7457430389479], [-119.770897689065, 36.7459280392721], [-119.770569689002, 36.7459260389013], [-119.769585688813, 36.745923038705], [-119.769258688575, 36.7459220388795], [-119.769258688575, 36.7457390389165], [-119.769261688948, 36.7451900392887], [-119.769262688773, 36.7450080388573], [-119.769592689384, 36.7450070390199], [-119.770583689246, 36.7450070390199], [-119.770914688784, 36.7450070390199], [-119.770910688586, 36.7451910391238]]]}, "properties": {"GEOID": "060190026011016", "P0010001": 72, "ALAND": 14963, "AWATER": 0}}, {"type": "Feature", "geometry": {"type": "Polygon", "coordinates": [[[-119.769261688948, 36.7451900392887], [-119.769258688575, 36.7457390389165], [-119.769258688575, 36.7459220388795], [-119.76893268906, 36.7459210390539], [-119.767955689442, 36.7459180388574], [-119.767630688853, 36.7459180388574], [-119.767630688853, 36.7457360387129], [-119.767634689051, 36.7451920389588], [-119.767635688876, 36.7450110390894], [-119.767960688566, 36.745010039252], [-119.768936689258, 36.7450080388573], [-119.769262688773, 36.7450080388573], [-119.769261688948, 36.7451900392887]]]}, "properties": {"GEOID": "060190026011017", "P0010001": 135, "ALAND": 14686, "AWATER": 0}}, {"type": "Feature", "geometry": {"type": "Polygon", "coordinates": [[[-119.769274689367, 36.7442960390026], [-119.769265689146, 36.7448290389533], [-119.769262688773, 36.7450080388573], [-119.768936689258, 36.7450080388573], [-119.767960688566, 36.745010039252], [-119.767635688876, 36.7450110390894], [-119.767635688876, 36.7448310393527], [-119.767636688701, 36.7442940393091], [-119.767637689424, 36.7441160390285], [-119.767965688589, 36.7441160390285], [-119.768949688778, 36.7441170388776], [-119.769278688666, 36.7441180387266], [-119.769274689367, 36.7442960390026]]]}, "properties": {"GEOID": "060190026011018", "P0010001": 95, "ALAND": 14453, "AWATER": 0}}, {"type": "Feature", "geometry": {"type": "Polygon", "coordinates": [[[-119.770914688784, 36.744287038942], [-119.770914688784, 36.7448270392737], [-119.770914688784, 36.7450070390199], [-119.770583689246, 36.7450070390199], [-119.769592689384, 36.7450070390199], [-119.769262688773, 36.7450080388573], [-119.769265689146, 36.7448290389533], [-119.769274689367, 36.7442960390026], [-119.769278688666, 36.7441180387266], [-119.769605688904, 36.7441150391795], [-119.770587689444, 36.7441100392141], [-119.770915688609, 36.7441080387959], [-119.770914688784, 36.744287038942]]]}, "properties": {"GEOID": "060190026011019", "P0010001": 72, "ALAND": 14578, "AWATER": 0}}, {"type": "Feature", "geometry": {"type": "Polygon", "coordinates": [[[-119.7724856904, 36.7450160389961], [-119.772170688959, 36.7450140393214], [-119.771228688603, 36.7450080388573], [-119.770914688784, 36.7450070390199], [-119.770914688784, 36.7448270392737], [-119.770914688784, 36.744287038942], [-119.770915688609, 36.7441080387959], [-119.772466689235, 36.7441130387614], [-119.7724856904, 36.7450160389961]]]}, "properties": {"GEOID": "060190026011020", "P0010001": 76, "ALAND": 13936, "AWATER": 0}}, {"type": "Feature", "geometry": {"type": "Polygon", "coordinates": [[[-119.772466689235, 36.7441130387614], [-119.770915688609, 36.7441080387959], [-119.770916689332, 36.7439180391453], [-119.77092268918, 36.7433520389667], [-119.770924688829, 36.7431630387456], [-119.771227688778, 36.743164039327], [-119.772140688822, 36.7431710390767], [-119.772444688596, 36.7431730387995], [-119.772466689235, 36.7441130387614]]]}, "properties": {"GEOID": "060190026011021", "P0010001": 48, "ALAND": 14353, "AWATER": 0}}, {"type": "Feature", "geometry": {"type": "Polygon", "coordinates": [[[-119.77092268918, 36.7433520389667], [-119.770916689332, 36.7439180391453], [-119.770915688609, 36.7441080387959], [-119.770587689444, 36.7441100392141], [-119.769605688904, 36.7441150391795], [-119.769278688666, 36.7441180387266], [-119.769280689214, 36.7439280391007], [-119.769286689062, 36.7433620389959], [-119.769289689435, 36.7431730387995], [-119.769616688775, 36.7431710390767], [-119.770597688591, 36.7431650391884], [-119.770924688829, 36.7431630387456], [-119.77092268918, 36.7433520389667]]]}, "properties": {"GEOID": "060190026011022", "P0010001": 47, "ALAND": 15315, "AWATER": 0}}, {"type": "Feature", "geometry": {"type": "Polygon", "coordinates": [[[-119.769286689062, 36.7433620389959], [-119.769280689214, 36.7439280391007], [-119.769278688666, 36.7441180387266], [-119.768949688778, 36.7441170388776], [-119.767965688589, 36.7441160390285], [-119.767637689424, 36.7441160390285], [-119.767638689249, 36.7439270392492], [-119.767645688922, 36.7433630388548], [-119.767648689295, 36.743175039242], [-119.767976689358, 36.7431740386608], [-119.768960688649, 36.7431730387995], [-119.769289689435, 36.7431730387995], [-119.769286689062, 36.7433620389959]]]}, "properties": {"GEOID": "060190026011023", "P0010001": 72, "ALAND": 15341, "AWATER": 0}}, {"type": "Feature", "geometry": {"type": "Polygon", "coordinates": [[[-119.760774688214, 36.7504700399139], [-119.760409688341, 36.7504710396801], [-119.759315687649, 36.7504740396986], [-119.758951687601, 36.7504760399508], [-119.758951687601, 36.7502890402574], [-119.758954687974, 36.7497290396583], [-119.758956687624, 36.7495430400821], [-119.759317688197, 36.7495400400272], [-119.760401687946, 36.7495350396955], [-119.760763688344, 36.7495330401385], [-119.760765687994, 36.7497200402348], [-119.760771687841, 36.7502820397174], [-119.760774688214, 36.7504700399139]]]}, "properties": {"GEOID": "060190026012000", "P0010001": 59, "ALAND": 16822, "AWATER": 0}}, {"type": "Feature", "geometry": {"type": "Polygon", "coordinates": [[[-119.76257368764, 36.7504730399324], [-119.76221368779, 36.7504720401661], [-119.76113368824, 36.7504700399139], [-119.760774688214, 36.7504700399139], [-119.760771687841, 36.7502820397174], [-119.760765687994, 36.7497200402348], [-119.760763688344, 36.7495330401385], [-119.761124688019, 36.7495370399722], [-119.762209687592, 36.7495520402461], [-119.76257168799, 36.7495570398569], [-119.76257168799, 36.7497400400719], [-119.762572687815, 36.7502890402574], [-119.76257368764, 36.7504730399324]]]}, "properties": {"GEOID": "060190026012001", "P0010001": 45, "ALAND": 16558, "AWATER": 0}}, {"type": "Feature", "geometry": {"type": "Polygon", "coordinates": [[[-119.764288689197, 36.7504540400529], [-119.76422168925, 36.7504590403247], [-119.763441689275, 36.7504540400529], [-119.76257368764, 36.7504730399324], [-119.762572687815, 36.7502890402574], [-119.76257168799, 36.7497400400719], [-119.76257168799, 36.7495570398569], [-119.764319689159, 36.7495570398569], [-119.764288689197, 36.7504540400529]]]}, "properties": {"GEOID": "060190026012002", "P0010001": 52, "ALAND": 15498, "AWATER": 0}}, {"type": "Feature", "geometry": {"type": "Polygon", "coordinates": [[[-119.765958688751, 36.749730040154], [-119.765950689253, 36.7502780399226], [-119.765948688705, 36.7504620403437], [-119.765920689116, 36.7504610398575], [-119.7658386891, 36.7504580398385], [-119.765811689336, 36.7504580398385], [-119.764532688696, 36.7504550398194], [-119.764288689197, 36.7504540400529], [-119.764319689159, 36.7495570398569], [-119.765961689124, 36.7495470399152], [-119.765958688751, 36.749730040154]]]}, "properties": {"GEOID": "060190026012003", "P0010001": 36, "ALAND": 14794, "AWATER": 0}}, {"type": "Feature", "geometry": {"type": "Polygon", "coordinates": [[[-119.767598689066, 36.7497340399774], [-119.76759068867, 36.7502780399226], [-119.767588689021, 36.7504600400911], [-119.767438689233, 36.7504600400911], [-119.766990688621, 36.7504600400911], [-119.766841688658, 36.7504610398575], [-119.766662688558, 36.7504610398575], [-119.766126688981, 36.7504610398575], [-119.765948688705, 36.7504620403437], [-119.765950689253, 36.7502780399226], [-119.765958688751, 36.749730040154], [-119.765961689124, 36.7495470399152], [-119.766289689187, 36.7495480396935], [-119.767272688653, 36.7495510397481], [-119.767601689439, 36.7495530400243], [-119.767598689066, 36.7497340399774]]]}, "properties": {"GEOID": "060190026012004", "P0010001": 32, "ALAND": 14807, "AWATER": 0}}, {"type": "Feature", "geometry": {"type": "Polygon", "coordinates": [[[-119.767601689439, 36.7495530400243], [-119.767272688653, 36.7495510397481], [-119.766289689187, 36.7495480396935], [-119.765961689124, 36.7495470399152], [-119.765960689299, 36.7493660402408], [-119.765959688576, 36.7488240398832], [-119.765959688576, 36.748644039733], [-119.766287688639, 36.7486420401528], [-119.767271688828, 36.7486380402726], [-119.767600688716, 36.7486370397626], [-119.767600688716, 36.7488200400124], [-119.767600688716, 36.7493690403025], [-119.767601689439, 36.7495530400243]]]}, "properties": {"GEOID": "060190026012005", "P0010001": 68, "ALAND": 14786, "AWATER": 0}}, {"type": "Feature", "geometry": {"type": "Polygon", "coordinates": [[[-119.765961689124, 36.7495470399152], [-119.764319689159, 36.7495570398569], [-119.764326688832, 36.7486530400025], [-119.764652689245, 36.7486500399128], [-119.765632689236, 36.7486450402428], [-119.765959688576, 36.748644039733], [-119.765959688576, 36.7488240398832], [-119.765960689299, 36.7493660402408], [-119.765961689124, 36.7495470399152]]]}, "properties": {"GEOID": "060190026012006", "P0010001": 52, "ALAND": 14671, "AWATER": 0}}, {"type": "Feature", "geometry": {"type": "Polygon", "coordinates": [[[-119.764319689159, 36.7495570398569], [-119.76257168799, 36.7495570398569], [-119.76257368764, 36.7493780397672], [-119.762581688036, 36.7488440399538], [-119.762584688409, 36.7486660401499], [-119.762932687665, 36.7486630400607], [-119.763977688852, 36.7486550403021], [-119.764326688832, 36.7486530400025], [-119.764319689159, 36.7495570398569]]]}, "properties": {"GEOID": "060190026012007", "P0010001": 97, "ALAND": 15531, "AWATER": 0}}, {"type": "Feature", "geometry": {"type": "Polygon", "coordinates": [[[-119.762581688036, 36.7488440399538], [-119.76257368764, 36.7493780397672], [-119.76257168799, 36.7495570398569], [-119.762209687592, 36.7495520402461], [-119.761124688019, 36.7495370399722], [-119.760763688344, 36.7495330401385], [-119.760763688344, 36.7493560402742], [-119.760763688344, 36.7488250396709], [-119.760763688344, 36.7486490401228], [-119.761127688392, 36.7486520402125], [-119.762219687638, 36.7486620402709], [-119.762584688409, 36.7486660401499], [-119.762581688036, 36.7488440399538]]]}, "properties": {"GEOID": "060190026012008", "P0010001": 53, "ALAND": 15957, "AWATER": 0}}, {"type": "Feature", "geometry": {"type": "Polygon", "coordinates": [[[-119.762592687907, 36.7479250397477], [-119.762585688234, 36.7484800401563], [-119.762584688409, 36.7486660401499], [-119.762219687638, 36.7486620402709], [-119.761127688392, 36.7486520402125], [-119.760763688344, 36.7486490401228], [-119.760766687819, 36.7484670399773], [-119.760777687689, 36.7479250397477], [-119.760781687887, 36.7477440398462], [-119.761143688285, 36.7477420402426], [-119.762231688232, 36.7477400399191], [-119.762594687556, 36.7477400399191], [-119.762592687907, 36.7479250397477]]]}, "properties": {"GEOID": "060190026012009", "P0010001": 77, "ALAND": 16494, "AWATER": 0}}, {"type": "Feature", "geometry": {"type": "Polygon", "coordinates": [[[-119.764341688002, 36.7479170399122], [-119.764329689205, 36.7484690402818], [-119.764326688832, 36.7486530400025], [-119.763977688852, 36.7486550403021], [-119.762932687665, 36.7486630400607], [-119.762584688409, 36.7486660401499], [-119.762585688234, 36.7484800401563], [-119.762592687907, 36.7479250397477], [-119.762594687556, 36.7477400399191], [-119.762944688259, 36.7477380403154], [-119.763995688396, 36.74773504019], [-119.764346688025, 36.7477340396682], [-119.764341688002, 36.7479170399122]]]}, "properties": {"GEOID": "060190026012010", "P0010001": 65, "ALAND": 15967, "AWATER": 0}}, {"type": "Feature", "geometry": {"type": "Polygon", "coordinates": [[[-119.765978688842, 36.7479140397938], [-119.765963688774, 36.7484610397833], [-119.765959688576, 36.748644039733], [-119.765632689236, 36.7486450402428], [-119.764652689245, 36.7486500399128], [-119.764326688832, 36.7486530400025], [-119.764329689205, 36.7484690402818], [-119.764341688002, 36.7479170399122], [-119.764346688025, 36.7477340396682], [-119.764673689161, 36.7477330398663], [-119.765655688802, 36.7477320400644], [-119.765983688865, 36.7477320400644], [-119.765978688842, 36.7479140397938]]]}, "properties": {"GEOID": "060190026012011", "P0010001": 85, "ALAND": 14830, "AWATER": 0}}, {"type": "Feature", "geometry": {"type": "Polygon", "coordinates": [[[-119.767602689264, 36.7479210391103], [-119.767600688716, 36.7484570398935], [-119.767600688716, 36.7486370397626], [-119.767271688828, 36.7486380402726], [-119.766287688639, 36.7486420401528], [-119.765959688576, 36.748644039733], [-119.765963688774, 36.7484610397833], [-119.765978688842, 36.7479140397938], [-119.765983688865, 36.7477320400644], [-119.766306688906, 36.7477330398663], [-119.767279689224, 36.7477400391994], [-119.767603689089, 36.747742038803], [-119.767602689264, 36.7479210391103]]]}, "properties": {"GEOID": "060190026012012", "P0010001": 73, "ALAND": 14600, "AWATER": 0}}, {"type": "Feature", "geometry": {"type": "Polygon", "coordinates": [[[-119.767603689089, 36.7470120389203], [-119.767603689089, 36.7475590388615], [-119.767603689089, 36.747742038803], [-119.767279689224, 36.7477400391994], [-119.766306688906, 36.7477330398663], [-119.765983688865, 36.7477320400644], [-119.76598468869, 36.7475520402317], [-119.765989688713, 36.7470140392628], [-119.765991689261, 36.7468350389991], [-119.766313688578, 36.7468330386521], [-119.767280689049, 36.7468310390247], [-119.767603689089, 36.746830039211], [-119.767603689089, 36.7470120389203]]]}, "properties": {"GEOID": "060190026012013", "P0010001": 64, "ALAND": 14490, "AWATER": 0}}, {"type": "Feature", "geometry": {"type": "Polygon", "coordinates": [[[-119.765989688713, 36.7470140392628], [-119.76598468869, 36.7475520402317], [-119.765983688865, 36.7477320400644], [-119.765655688802, 36.7477320400644], [-119.764673689161, 36.7477330398663], [-119.764346688025, 36.7477340396682], [-119.7643456882, 36.7475540398403], [-119.7643456882, 36.7470140399825], [-119.7643456882, 36.7468340399053], [-119.764674688088, 36.7468340399053], [-119.76566168865, 36.7468340391855], [-119.765991689261, 36.7468350389991], [-119.765989688713, 36.7470140392628]]]}, "properties": {"GEOID": "060190026012014", "P0010001": 59, "ALAND": 14617, "AWATER": 0}}, {"type": "Feature", "geometry": {"type": "Polygon", "coordinates": [[[-119.764346688025, 36.7477340396682], [-119.763995688396, 36.74773504019], [-119.762944688259, 36.7477380403154], [-119.762594687556, 36.7477400399191], [-119.762594687556, 36.7475580397771], [-119.76259768793, 36.7470150397939], [-119.762599687579, 36.7468340399053], [-119.762948687559, 36.7468340399053], [-119.763995688396, 36.7468340399053], [-119.7643456882, 36.7468340399053], [-119.7643456882, 36.7470140399825], [-119.7643456882, 36.7475540398403], [-119.764346688025, 36.7477340396682]]]}, "properties": {"GEOID": "060190026012015", "P0010001": 66, "ALAND": 15649, "AWATER": 0}}, {"type": "Feature", "geometry": {"type": "Polygon", "coordinates": [[[-119.76259768793, 36.7470150397939], [-119.762594687556, 36.7475580397771], [-119.762594687556, 36.7477400399191], [-119.762231688232, 36.7477400399191], [-119.761143688285, 36.7477420402426], [-119.760781687887, 36.7477440398462], [-119.760785688085, 36.7475630402376], [-119.760797687781, 36.7470200402897], [-119.760801687979, 36.7468390396932], [-119.761160688004, 36.746837040066], [-119.762239687729, 36.746835039719], [-119.762599687579, 36.7468340399053], [-119.76259768793, 36.7470150397939]]]}, "properties": {"GEOID": "060190026012016", "P0010001": 73, "ALAND": 16187, "AWATER": 0}}, {"type": "Feature", "geometry": {"type": "Polygon", "coordinates": [[[-119.762600688303, 36.7460980396436], [-119.762599687579, 36.7466490403257], [-119.762599687579, 36.7468340399053], [-119.762239687729, 36.746835039719], [-119.761160688004, 36.746837040066], [-119.760801687979, 36.7468390396932], [-119.760801687979, 36.7466560397576], [-119.760805688177, 36.746110039681], [-119.760807687826, 36.7459280399919], [-119.761165688027, 36.7459240399701], [-119.762242688102, 36.745916039926], [-119.762601688127, 36.7459140402748], [-119.762600688303, 36.7460980396436]]]}, "properties": {"GEOID": "060190026012017", "P0010001": 110, "ALAND": 16306, "AWATER": 0}}, {"type": "Feature", "geometry": {"type": "Polygon", "coordinates": [[[-119.764346688025, 36.7460860403242], [-119.7643456882, 36.7466470399737], [-119.7643456882, 36.7468340399053], [-119.763995688396, 36.7468340399053], [-119.762948687559, 36.7468340399053], [-119.762599687579, 36.7468340399053], [-119.762599687579, 36.7466490403257], [-119.762600688303, 36.7460980396436], [-119.762601688127, 36.7459140402748], [-119.762950688107, 36.7459100402523], [-119.763997688045, 36.7459020402067], [-119.76434768785, 36.7459000391155], [-119.764346688025, 36.7460860403242]]]}, "properties": {"GEOID": "060190026012018", "P0010001": 76, "ALAND": 16054, "AWATER": 0}}, {"type": "Feature", "geometry": {"type": "Polygon", "coordinates": [[[-119.767634689051, 36.7451920389588], [-119.767630688853, 36.7457360387129], [-119.767630688853, 36.7459180388574], [-119.767624689006, 36.7461000392901], [-119.767608689112, 36.7466470392539], [-119.767603689089, 36.746830039211], [-119.767280689049, 36.7468310390247], [-119.766313688578, 36.7468330386521], [-119.765991689261, 36.7468350389991], [-119.76566168865, 36.7468340391855], [-119.764674688088, 36.7468340399053], [-119.7643456882, 36.7468340399053], [-119.7643456882, 36.7466470399737], [-119.764346688025, 36.7460860403242], [-119.76434768785, 36.7459000391155], [-119.76434768785, 36.7457230387889], [-119.764351688048, 36.7451930387939], [-119.764353687697, 36.7450170388334], [-119.764679688111, 36.7450170388334], [-119.765659688102, 36.7450190392279], [-119.76598668834, 36.7450200390651], [-119.766315689126, 36.7450170388334], [-119.767305689163, 36.7450120389268], [-119.767635688876, 36.7450110390894], [-119.767634689051, 36.7451920389588]]]}, "properties": {"GEOID": "060190026012019", "P0010001": 87, "ALAND": 58996, "AWATER": 0}}, {"type": "Feature", "geometry": {"type": "Polygon", "coordinates": [[[-119.762616688196, 36.7451990399633], [-119.762604687602, 36.7457350403246], [-119.762601688127, 36.7459140402748], [-119.762242688102, 36.745916039926], [-119.761165688027, 36.7459240399701], [-119.760807687826, 36.7459280399919], [-119.760810688199, 36.745747039699], [-119.76082368772, 36.7452060402473], [-119.760828687743, 36.7450260402481], [-119.761186687943, 36.7450240398539], [-119.762261688369, 36.7450220401794], [-119.762620688394, 36.7450210403421], [-119.762616688196, 36.7451990399633]]]}, "properties": {"GEOID": "060190026012020", "P0010001": 61, "ALAND": 15943, "AWATER": 0}}, {"type": "Feature", "geometry": {"type": "Polygon", "coordinates": [[[-119.764351688048, 36.7451930387939], [-119.76434768785, 36.7457230387889], [-119.76434768785, 36.7459000391155], [-119.763997688045, 36.7459020402067], [-119.762950688107, 36.7459100402523], [-119.762601688127, 36.7459140402748], [-119.762604687602, 36.7457350403246], [-119.762616688196, 36.7451990399633], [-119.762620688394, 36.7450210403421], [-119.762966688, 36.7450190392279], [-119.764006688266, 36.7450170388334], [-119.764353687697, 36.7450170388334], [-119.764351688048, 36.7451930387939]]]}, "properties": {"GEOID": "060190026012021", "P0010001": 81, "ALAND": 15304, "AWATER": 0}}, {"type": "Feature", "geometry": {"type": "Polygon", "coordinates": [[[-119.764362687918, 36.7442950391559], [-119.764355688246, 36.7448360392711], [-119.764353687697, 36.7450170388334], [-119.764006688266, 36.7450170388334], [-119.762966688, 36.7450190392279], [-119.762620688394, 36.7450210403421], [-119.762623687869, 36.7448400400694], [-119.762634687739, 36.7443000391092], [-119.762638687937, 36.7441200391445], [-119.762983687719, 36.7441180387266], [-119.764019687787, 36.7441160390285], [-119.764365688291, 36.7441150391795], [-119.764362687918, 36.7442950391559]]]}, "properties": {"GEOID": "060190026012022", "P0010001": 72, "ALAND": 15449, "AWATER": 0}}, {"type": "Feature", "geometry": {"type": "Polygon", "coordinates": [[[-119.762634687739, 36.7443000391092], [-119.762623687869, 36.7448400400694], [-119.762620688394, 36.7450210403421], [-119.762261688369, 36.7450220401794], [-119.761186687943, 36.7450240398539], [-119.760828687743, 36.7450260402481], [-119.760830688291, 36.7441170403172], [-119.762638687937, 36.7441200391445], [-119.762634687739, 36.7443000391092]]]}, "properties": {"GEOID": "060190026012023", "P0010001": 65, "ALAND": 16134, "AWATER": 0}}, {"type": "Feature", "geometry": {"type": "Polygon", "coordinates": [[[-119.762650687633, 36.7433640387137], [-119.76264168831, 36.7439300388037], [-119.762638687937, 36.7441200391445], [-119.760830688291, 36.7441170403172], [-119.760834686692, 36.7431870390166], [-119.761040686557, 36.7431820389907], [-119.761414688447, 36.7431800392683], [-119.762654687831, 36.743175039242], [-119.762650687633, 36.7433640387137]]]}, "properties": {"GEOID": "060190026012024", "P0010001": 60, "ALAND": 16886, "AWATER": 0}}, {"type": "Feature", "geometry": {"type": "Polygon", "coordinates": [[[-119.764365688291, 36.7441150391795], [-119.764019687787, 36.7441160390285], [-119.762983687719, 36.7441180387266], [-119.762638687937, 36.7441200391445], [-119.76264168831, 36.7439300388037], [-119.762650687633, 36.7433640387137], [-119.762654687831, 36.743175039242], [-119.76299468759, 36.743175039242], [-119.764015687589, 36.7431770389646], [-119.764356688071, 36.7431780388259], [-119.764357687895, 36.7433650392924], [-119.764363687743, 36.7439270392492], [-119.764365688291, 36.7441150391795]]]}, "properties": {"GEOID": "060190026012025", "P0010001": 47, "ALAND": 15990, "AWATER": 0}}, {"type": "Feature", "geometry": {"type": "Polygon", "coordinates": [[[-119.766002688234, 36.7433620389959], [-119.765992688188, 36.7439220392716], [-119.765989687815, 36.7441090386451], [-119.765664688125, 36.7441100392141], [-119.764689688156, 36.7441130387614], [-119.764365688291, 36.7441150391795], [-119.764363687743, 36.7439270392492], [-119.764357687895, 36.7433650392924], [-119.764356688071, 36.7431780388259], [-119.764685687959, 36.7431770389646], [-119.76567668782, 36.7431760391033], [-119.766006688432, 36.7431760391033], [-119.766002688234, 36.7433620389959]]]}, "properties": {"GEOID": "060190026012026", "P0010001": 61, "ALAND": 15169, "AWATER": 0}}, {"type": "Feature", "geometry": {"type": "Polygon", "coordinates": [[[-119.76598868799, 36.744291039049], [-119.76598668834, 36.7448370391108], [-119.76598668834, 36.7450200390651], [-119.765659688102, 36.7450190392279], [-119.764679688111, 36.7450170388334], [-119.764353687697, 36.7450170388334], [-119.764355688246, 36.7448360392711], [-119.764362687918, 36.7442950391559], [-119.764365688291, 36.7441150391795], [-119.764689688156, 36.7441130387614], [-119.765664688125, 36.7441100392141], [-119.765989687815, 36.7441090386451], [-119.76598868799, 36.744291039049]]]}, "properties": {"GEOID": "060190026012027", "P0010001": 97, "ALAND": 14631, "AWATER": 0}}, {"type": "Feature", "geometry": {"type": "Polygon", "coordinates": [[[-119.767636688701, 36.7442940393091], [-119.767635688876, 36.7448310393527], [-119.767635688876, 36.7450110390894], [-119.767305689163, 36.7450120389268], [-119.766315689126, 36.7450170388334], [-119.76598668834, 36.7450200390651], [-119.76598668834, 36.7448370391108], [-119.76598868799, 36.744291039049], [-119.765989687815, 36.7441090386451], [-119.766318687703, 36.7441100392141], [-119.767307688813, 36.7441140393303], [-119.767637689424, 36.7441160390285], [-119.767636688701, 36.7442940393091]]]}, "properties": {"GEOID": "060190026012028", "P0010001": 66, "ALAND": 14747, "AWATER": 0}}, {"type": "Feature", "geometry": {"type": "Polygon", "coordinates": [[[-119.767645688922, 36.7433630388548], [-119.767638689249, 36.7439270392492], [-119.767637689424, 36.7441160390285], [-119.767307688813, 36.7441140393303], [-119.766318687703, 36.7441100392141], [-119.765989687815, 36.7441090386451], [-119.765992688188, 36.7439220392716], [-119.766002688234, 36.7433620389959], [-119.766006688432, 36.7431760391033], [-119.766334687596, 36.743175039242], [-119.76731968761, 36.743175039242], [-119.767648689295, 36.743175039242], [-119.767645688922, 36.7433630388548]]]}, "properties": {"GEOID": "060190026012029", "P0010001": 34, "ALAND": 15273, "AWATER": 0}}, {"type": "Feature", "geometry": {"type": "Polygon", "coordinates": [[[-119.75671068831, 36.7504870402573], [-119.756253686578, 36.7504890397894], [-119.754884687323, 36.7504950412644], [-119.754642686575, 36.7504970407963], [-119.754429687038, 36.7504820407071], [-119.754422687366, 36.7503000413106], [-119.754403687099, 36.7497550410259], [-119.754397687251, 36.7495740411224], [-119.754799686934, 36.7495650402412], [-119.754858687384, 36.7495640397434], [-119.756241686883, 36.7495570398569], [-119.75670368684, 36.7495550403006], [-119.756704686665, 36.7497410398477], [-119.756708687761, 36.750300039871], [-119.75671068831, 36.7504870402573]]]}, "properties": {"GEOID": "060190026013000", "P0010001": 39, "ALAND": 21141, "AWATER": 0}}, {"type": "Feature", "geometry": {"type": "Polygon", "coordinates": [[[-119.758954687974, 36.7497290396583], [-119.758951687601, 36.7502890402574], [-119.758951687601, 36.7504760399508], [-119.75854368807, 36.750477039717], [-119.757322688055, 36.7504820399873], [-119.756916688174, 36.7504840402393], [-119.756874688341, 36.7504840402393], [-119.756751688317, 36.7504860397715], [-119.75671068831, 36.7504870402573], [-119.756708687761, 36.750300039871], [-119.756704686665, 36.7497410398477], [-119.75670368684, 36.7495550403006], [-119.757153687102, 36.7495520402461], [-119.758505688436, 36.7495450403586], [-119.758956687624, 36.7495430400821], [-119.758954687974, 36.7497290396583]]]}, "properties": {"GEOID": "060190026013001", "P0010001": 63, "ALAND": 20739, "AWATER": 0}}, {"type": "Feature", "geometry": {"type": "Polygon", "coordinates": [[[-119.758967688393, 36.7488230400955], [-119.758958688172, 36.749363040179], [-119.758956687624, 36.7495430400821], [-119.758505688436, 36.7495450403586], [-119.757153687102, 36.7495520402461], [-119.75670368684, 36.7495550403006], [-119.75670368684, 36.7493740399253], [-119.756707687038, 36.7488340399192], [-119.756708686863, 36.7486540397924], [-119.757160686775, 36.7486510397028], [-119.758517688131, 36.7486460400329], [-119.758970687868, 36.748644039733], [-119.758967688393, 36.7488230400955]]]}, "properties": {"GEOID": "060190026013002", "P0010001": 73, "ALAND": 20134, "AWATER": 0}}, {"type": "Feature", "geometry": {"type": "Polygon", "coordinates": [[[-119.756707687038, 36.7488340399192], [-119.75670368684, 36.7493740399253], [-119.75670368684, 36.7495550403006], [-119.756241686883, 36.7495570398569], [-119.754858687384, 36.7495640397434], [-119.754799686934, 36.7495650402412], [-119.754397687251, 36.7495740411224], [-119.754395686703, 36.7493890402311], [-119.754392687229, 36.7488370400017], [-119.754391687404, 36.7486530400025], [-119.754820686851, 36.7486450402428], [-119.754854687186, 36.7486450402428], [-119.756244687256, 36.7486510397028], [-119.756708686863, 36.7486540397924], [-119.756707687038, 36.7488340399192]]]}, "properties": {"GEOID": "060190026013003", "P0010001": 144, "ALAND": 20897, "AWATER": 0}}, {"type": "Feature", "geometry": {"type": "Polygon", "coordinates": [[[-119.756717687084, 36.7479180397117], [-119.756710687411, 36.7484700400742], [-119.756708686863, 36.7486540397924], [-119.756244687256, 36.7486510397028], [-119.754854687186, 36.7486450402428], [-119.754820686851, 36.7486450402428], [-119.754391687404, 36.7486530400025], [-119.754391687404, 36.7484680397697], [-119.754391687404, 36.7479150403131], [-119.754392687229, 36.7477310402624], [-119.754857686661, 36.7477260398128], [-119.756254687302, 36.7477320400644], [-119.756720686559, 36.74773504019], [-119.756717687084, 36.7479180397117]]]}, "properties": {"GEOID": "060190026013004", "P0010001": 91, "ALAND": 21159, "AWATER": 0}}, {"type": "Feature", "geometry": {"type": "Polygon", "coordinates": [[[-119.758981687738, 36.7479200400306], [-119.758972688416, 36.7484620402955], [-119.758970687868, 36.748644039733], [-119.758517688131, 36.7486460400329], [-119.757160686775, 36.7486510397028], [-119.756708686863, 36.7486540397924], [-119.756710687411, 36.7484700400742], [-119.756717687084, 36.7479180397117], [-119.756720686559, 36.74773504019], [-119.757172687369, 36.74773504019], [-119.758531688375, 36.7477380403154], [-119.758984688111, 36.7477390401173], [-119.758981687738, 36.7479200400306]]]}, "properties": {"GEOID": "060190026013005", "P0010001": 82, "ALAND": 20453, "AWATER": 0}}, {"type": "Feature", "geometry": {"type": "Polygon", "coordinates": [[[-119.760777687689, 36.7479250397477], [-119.760766687819, 36.7484670399773], [-119.760763688344, 36.7486490401228], [-119.760404688319, 36.7486480403327], [-119.759328688068, 36.7486450402428], [-119.758970687868, 36.748644039733], [-119.758972688416, 36.7484620402955], [-119.758981687738, 36.7479200400306], [-119.758984688111, 36.7477390401173], [-119.759343688137, 36.7477400399191], [-119.760421688037, 36.7477430400445], [-119.760781687887, 36.7477440398462], [-119.760777687689, 36.7479250397477]]]}, "properties": {"GEOID": "060190026013006", "P0010001": 87, "ALAND": 16100, "AWATER": 0}}, {"type": "Feature", "geometry": {"type": "Polygon", "coordinates": [[[-119.760763688344, 36.7488250396709], [-119.760763688344, 36.7493560402742], [-119.760763688344, 36.7495330401385], [-119.760401687946, 36.7495350396955], [-119.759317688197, 36.7495400400272], [-119.758956687624, 36.7495430400821], [-119.758958688172, 36.749363040179], [-119.758967688393, 36.7488230400955], [-119.758970687868, 36.748644039733], [-119.759328688068, 36.7486450402428], [-119.760404688319, 36.7486480403327], [-119.760763688344, 36.7486490401228], [-119.760763688344, 36.7488250396709]]]}, "properties": {"GEOID": "060190026013007", "P0010001": 102, "ALAND": 15899, "AWATER": 0}}, {"type": "Feature", "geometry": {"type": "Polygon", "coordinates": [[[-119.760797687781, 36.7470200402897], [-119.760785688085, 36.7475630402376], [-119.760781687887, 36.7477440398462], [-119.760421688037, 36.7477430400445], [-119.759343688137, 36.7477400399191], [-119.758984688111, 36.7477390401173], [-119.758987687586, 36.7475580397771], [-119.758997687632, 36.7470180399475], [-119.75900168783, 36.7468380398796], [-119.75936168768, 36.7468380398796], [-119.760440688304, 36.7468380398796], [-119.760801687979, 36.7468390396932], [-119.760797687781, 36.7470200402897]]]}, "properties": {"GEOID": "060190026013008", "P0010001": 121, "ALAND": 16106, "AWATER": 0}}, {"type": "Feature", "geometry": {"type": "Polygon", "coordinates": [[[-119.758997687632, 36.7470180399475], [-119.758987687586, 36.7475580397771], [-119.758984688111, 36.7477390401173], [-119.758531688375, 36.7477380403154], [-119.757172687369, 36.74773504019], [-119.756720686559, 36.74773504019], [-119.756721687282, 36.7475540398403], [-119.75672768713, 36.7470110398287], [-119.756729686779, 36.7468310397445], [-119.757183687239, 36.746832040278], [-119.758546686647, 36.7468360402524], [-119.75900168783, 36.7468380398796], [-119.758997687632, 36.7470180399475]]]}, "properties": {"GEOID": "060190026013009", "P0010001": 94, "ALAND": 20286, "AWATER": 0}}, {"type": "Feature", "geometry": {"type": "Polygon", "coordinates": [[[-119.75672768713, 36.7470110398287], [-119.756721687282, 36.7475540398403], [-119.756720686559, 36.74773504019], [-119.756254687302, 36.7477320400644], [-119.754857686661, 36.7477260398128], [-119.754392687229, 36.7477310402624], [-119.754392687229, 36.747549040099], [-119.754396687426, 36.7470040397094], [-119.754398687076, 36.7468230397949], [-119.754822687399, 36.7468160396584], [-119.754864687232, 36.7468160396584], [-119.756262686799, 36.7468270397698], [-119.756729686779, 36.7468310397445], [-119.75672768713, 36.7470110398287]]]}, "properties": {"GEOID": "060190026013010", "P0010001": 116, "ALAND": 20950, "AWATER": 0}}, {"type": "Feature", "geometry": {"type": "Polygon", "coordinates": [[[-119.75674068665, 36.7461010398331], [-119.756731687328, 36.7466480397899], [-119.756729686779, 36.7468310397445], [-119.756262686799, 36.7468270397698], [-119.754864687232, 36.7468160396584], [-119.754822687399, 36.7468160396584], [-119.754398687076, 36.7468230397949], [-119.754400686726, 36.7466400398212], [-119.754407687297, 36.7460940403506], [-119.754410686772, 36.7459130397293], [-119.754817687376, 36.7459080398811], [-119.754876686927, 36.7459080398811], [-119.756276687043, 36.745916039926], [-119.756743687023, 36.7459190401226], [-119.75674068665, 36.7461010398331]]]}, "properties": {"GEOID": "060190026013011", "P0010001": 85, "ALAND": 21028, "AWATER": 0}}, {"type": "Feature", "geometry": {"type": "Polygon", "coordinates": [[[-119.75900168783, 36.7468380398796], [-119.758546686647, 36.7468360402524], [-119.757183687239, 36.746832040278], [-119.756729686779, 36.7468310397445], [-119.756731687328, 36.7466480397899], [-119.75674068665, 36.7461010398331], [-119.756743687023, 36.7459190401226], [-119.757193687285, 36.7459200399482], [-119.758546686647, 36.7459250397956], [-119.758997686733, 36.7459270401664], [-119.758997686733, 36.7461090398579], [-119.759000687107, 36.7466550399417], [-119.75900168783, 36.7468380398796]]]}, "properties": {"GEOID": "060190026013012", "P0010001": 134, "ALAND": 20443, "AWATER": 0}}, {"type": "Feature", "geometry": {"type": "Polygon", "coordinates": [[[-119.760805688177, 36.746110039681], [-119.760801687979, 36.7466560397576], [-119.760801687979, 36.7468390396932], [-119.760440688304, 36.7468380398796], [-119.75936168768, 36.7468380398796], [-119.75900168783, 36.7468380398796], [-119.759000687107, 36.7466550399417], [-119.758997686733, 36.7461090398579], [-119.758997686733, 36.7459270401664], [-119.759359687132, 36.7459270401664], [-119.760444687603, 36.7459270401664], [-119.760807687826, 36.7459280399919], [-119.760805688177, 36.746110039681]]]}, "properties": {"GEOID": "060190026013013", "P0010001": 87, "ALAND": 16293, "AWATER": 0}}, {"type": "Feature", "geometry": {"type": "Polygon", "coordinates": [[[-119.76082368772, 36.7452060402473], [-119.760810688199, 36.745747039699], [-119.760807687826, 36.7459280399919], [-119.760444687603, 36.7459270401664], [-119.759359687132, 36.7459270401664], [-119.758997686733, 36.7459270401664], [-119.759000687107, 36.745747039699], [-119.759012686802, 36.745208039917], [-119.759016687, 36.7450290397597], [-119.759378687398, 36.7450280399225], [-119.760465688418, 36.7450260402481], [-119.760828687743, 36.7450260402481], [-119.76082368772, 36.7452060402473]]]}, "properties": {"GEOID": "060190026013014", "P0010001": 78, "ALAND": 16150, "AWATER": 0}}, {"type": "Feature", "geometry": {"type": "Polygon", "coordinates": [[[-119.759012686802, 36.745208039917], [-119.759000687107, 36.745747039699], [-119.758997686733, 36.7459270401664], [-119.758546686647, 36.7459250397956], [-119.757193687285, 36.7459200399482], [-119.756743687023, 36.7459190401226], [-119.756743687023, 36.7457360401525], [-119.756743687023, 36.7451890401734], [-119.756743687023, 36.7450070397397], [-119.757197686585, 36.7450110398092], [-119.758561686715, 36.7450240398539], [-119.759016687, 36.7450290397597], [-119.759012686802, 36.745208039917]]]}, "properties": {"GEOID": "060190026013015", "P0010001": 100, "ALAND": 20300, "AWATER": 0}}, {"type": "Feature", "geometry": {"type": "Polygon", "coordinates": [[[-119.756743687023, 36.7451890401734], [-119.756743687023, 36.7457360401525], [-119.756743687023, 36.7459190401226], [-119.756276687043, 36.745916039926], [-119.754876686927, 36.7459080398811], [-119.754817687376, 36.7459080398811], [-119.754410686772, 36.7459130397293], [-119.754410686772, 36.7458530400893], [-119.754413687145, 36.7456730401681], [-119.754415686795, 36.74561404017], [-119.754415686795, 36.7454920399935], [-119.754417687343, 36.7451280401315], [-119.754418687168, 36.7450070397397], [-119.754889687346, 36.7450150398785], [-119.756277686868, 36.7450090401344], [-119.756743687023, 36.7450070397397], [-119.756743687023, 36.7451890401734]]]}, "properties": {"GEOID": "060190026013016", "P0010001": 66, "ALAND": 20808, "AWATER": 0}}, {"type": "Feature", "geometry": {"type": "Polygon", "coordinates": [[[-119.756755686719, 36.7442990399824], [-119.756745686673, 36.7448300402327], [-119.756743687023, 36.7450070397397], [-119.756277686868, 36.7450090401344], [-119.754889687346, 36.7450150398785], [-119.754418687168, 36.7450070397397], [-119.754417687343, 36.7448270399936], [-119.75441468697, 36.7442870396618], [-119.754414686071, 36.7441080402356], [-119.75477468682, 36.7441080402356], [-119.755855687093, 36.7441080402356], [-119.756216686768, 36.7441080402356], [-119.756324686724, 36.744111039783], [-119.756649687312, 36.7441200398643], [-119.756758687092, 36.7441230401311], [-119.756755686719, 36.7442990399824]]]}, "properties": {"GEOID": "060190026013017", "P0010001": 64, "ALAND": 20853, "AWATER": 0}}, {"type": "Feature", "geometry": {"type": "Polygon", "coordinates": [[[-119.759016687, 36.7450290397597], [-119.758561686715, 36.7450240398539], [-119.757197686585, 36.7450110398092], [-119.756743687023, 36.7450070397397], [-119.756745686673, 36.7448300402327], [-119.756755686719, 36.7442990399824], [-119.756758687092, 36.7441230401311], [-119.757208687354, 36.7441220402822], [-119.75856068689, 36.7441210397134], [-119.759011686977, 36.7441210397134], [-119.759012686802, 36.7443020402422], [-119.759015687175, 36.7448470396663], [-119.759016687, 36.7450290397597]]]}, "properties": {"GEOID": "060190026013018", "P0010001": 96, "ALAND": 20100, "AWATER": 0}}, {"type": "Feature", "geometry": {"type": "Polygon", "coordinates": [[[-119.760828687743, 36.7450260402481], [-119.760465688418, 36.7450260402481], [-119.759378687398, 36.7450280399225], [-119.759016687, 36.7450290397597], [-119.759015687175, 36.7448470396663], [-119.759012686802, 36.7443020402422], [-119.759011686977, 36.7441210397134], [-119.760830688291, 36.7441170403172], [-119.760828687743, 36.7450260402481]]]}, "properties": {"GEOID": "060190026013019", "P0010001": 76, "ALAND": 16340, "AWATER": 0}}, {"type": "Feature", "geometry": {"type": "Polygon", "coordinates": [[[-119.760830688291, 36.7441170403172], [-119.759011686977, 36.7441210397134], [-119.759012686802, 36.7439320399464], [-119.759019687373, 36.7433680403086], [-119.759021687023, 36.7431800399881], [-119.759421687056, 36.7431750399618], [-119.760834686692, 36.7431870390166], [-119.760830688291, 36.7441170403172]]]}, "properties": {"GEOID": "060190026013020", "P0010001": 41, "ALAND": 16900, "AWATER": 0}}, {"type": "Feature", "geometry": {"type": "Polygon", "coordinates": [[[-119.759019687373, 36.7433680403086], [-119.759012686802, 36.7439320399464], [-119.759011686977, 36.7441210397134], [-119.75856068689, 36.7441210397134], [-119.757208687354, 36.7441220402822], [-119.756758687092, 36.7441230401311], [-119.756649687312, 36.7441200398643], [-119.756324686724, 36.744111039783], [-119.756216686768, 36.7441080402356], [-119.756220686966, 36.7439220399914], [-119.756235687035, 36.7433630402945], [-119.756240687058, 36.7431780402656], [-119.756560686725, 36.7431760398231], [-119.757521687348, 36.7431730402392], [-119.75784268684, 36.7431720396579], [-119.758077687017, 36.7431720396579], [-119.758649686579, 36.7431740401005], [-119.758785687021, 36.7431760398231], [-119.759021687023, 36.7431800399881], [-119.759019687373, 36.7433680403086]]]}, "properties": {"GEOID": "060190026013021", "P0010001": 94, "ALAND": 26143, "AWATER": 0}}, {"type": "Feature", "geometry": {"type": "Polygon", "coordinates": [[[-119.756235687035, 36.7433630402945], [-119.756220686966, 36.7439220399914], [-119.756216686768, 36.7441080402356], [-119.755855687093, 36.7441080402356], [-119.75477468682, 36.7441080402356], [-119.754414686071, 36.7441080402356], [-119.754413686247, 36.7439190397168], [-119.754410685874, 36.7433520396866], [-119.754409686049, 36.7431630401853], [-119.754712685997, 36.7431690400738], [-119.754775685746, 36.7431690400738], [-119.755873686637, 36.7431750399618], [-119.756240687058, 36.7431780402656], [-119.756235687035, 36.7433630402945]]]}, "properties": {"GEOID": "060190026013022", "P0010001": 48, "ALAND": 16851, "AWATER": 0}}, {"type": "Feature", "geometry": {"type": "Polygon", "coordinates": [[[-119.762673688098, 36.742857038772], [-119.762659687854, 36.7430950387769], [-119.762654687831, 36.743175039242], [-119.761414688447, 36.7431800392683], [-119.761040686557, 36.7431820389907], [-119.761046687303, 36.742792038851], [-119.762679687945, 36.7427780392816], [-119.762673688098, 36.742857038772]]]}, "properties": {"GEOID": "060190026021000", "P0010001": 29, "ALAND": 6325, "AWATER": 0}}, {"type": "Feature", "geometry": {"type": "Polygon", "coordinates": [[[-119.764356688071, 36.7431780388259], [-119.764015687589, 36.7431770389646], [-119.76299468759, 36.743175039242], [-119.762654687831, 36.743175039242], [-119.762659687854, 36.7430950387769], [-119.762673688098, 36.742857038772], [-119.762679687945, 36.7427780392816], [-119.763009687658, 36.7427770386953], [-119.764002688068, 36.7427770386953], [-119.764333687606, 36.7427770386953], [-119.764337687804, 36.742857038772], [-119.764351688048, 36.7430970392215], [-119.764356688071, 36.7431780388259]]]}, "properties": {"GEOID": "060190026021001", "P0010001": 36, "ALAND": 6636, "AWATER": 0}}, {"type": "Feature", "geometry": {"type": "Polygon", "coordinates": [[[-119.772444688596, 36.7431730387995], [-119.772140688822, 36.7431710390767], [-119.771227688778, 36.743164039327], [-119.770924688829, 36.7431630387456], [-119.770597688591, 36.7431650391884], [-119.769616688775, 36.7431710390767], [-119.769289689435, 36.7431730387995], [-119.768960688649, 36.7431730387995], [-119.767976689358, 36.7431740386608], [-119.767648689295, 36.743175039242], [-119.76731968761, 36.743175039242], [-119.766334687596, 36.743175039242], [-119.766006688432, 36.7431760391033], [-119.76567668782, 36.7431760391033], [-119.764685687959, 36.7431770389646], [-119.764356688071, 36.7431780388259], [-119.764351688048, 36.7430970392215], [-119.764337687804, 36.742857038772], [-119.764333687606, 36.7427770386953], [-119.764331687956, 36.7425870393487], [-119.764325688108, 36.7420200388359], [-119.76432368756, 36.741831038934], [-119.764445687759, 36.7418340392903], [-119.764653688171, 36.7418330386916], [-119.765646687683, 36.741831038934], [-119.765977688119, 36.741831038934], [-119.766303687634, 36.7418270386987], [-119.7672826878, 36.7418190389473], [-119.767609688039, 36.7418170391893], [-119.767938687927, 36.7418180390683], [-119.768925689387, 36.7418210387053], [-119.7692556891, 36.7418220393041], [-119.76989268896, 36.7418250389409], [-119.771803689437, 36.7418370389266], [-119.772441689121, 36.7418410391613], [-119.772441689121, 36.7420390386442], [-119.772442688946, 36.7426350388038], [-119.772443688771, 36.7427410391735], [-119.772443688771, 36.7428340389834], [-119.772443688771, 36.7429010393185], [-119.772443688771, 36.7431050388396], [-119.772444688596, 36.7431730387995]]]}, "properties": {"GEOID": "060190026021002", "P0010001": 119, "ALAND": 108093, "AWATER": 0}}, {"type": "Feature", "geometry": {"type": "Polygon", "coordinates": [[[-119.764333687606, 36.7427770386953], [-119.764002688068, 36.7427770386953], [-119.763009687658, 36.7427770386953], [-119.762679687945, 36.7427780392816], [-119.76268068777, 36.7425880392178], [-119.762685687793, 36.7420200388359], [-119.762687688341, 36.741831038934], [-119.763014687681, 36.741831038934], [-119.763995688396, 36.741831038934], [-119.76432368756, 36.741831038934], [-119.764325688108, 36.7420200388359], [-119.764331687956, 36.7425870393487], [-119.764333687606, 36.7427770386953]]]}, "properties": {"GEOID": "060190026021003", "P0010001": 79, "ALAND": 15429, "AWATER": 0}}, {"type": "Feature", "geometry": {"type": "Polygon", "coordinates": [[[-119.762685687793, 36.7420200388359], [-119.76268068777, 36.7425880392178], [-119.762679687945, 36.7427780392816], [-119.761046687303, 36.742792038851], [-119.761067687219, 36.741824039062], [-119.761391687084, 36.7418250389409], [-119.762363687578, 36.7418290391763], [-119.762687688341, 36.741831038934], [-119.762685687793, 36.7420200388359]]]}, "properties": {"GEOID": "060190026021004", "P0010001": 45, "ALAND": 15437, "AWATER": 0}}, {"type": "Feature", "geometry": {"type": "Polygon", "coordinates": [[[-119.762699687138, 36.7409060389013], [-119.762690687816, 36.7415990393397], [-119.762687688341, 36.741831038934], [-119.762363687578, 36.7418290391763], [-119.761391687084, 36.7418250389409], [-119.761067687219, 36.741824039062], [-119.761067687219, 36.7415920387266], [-119.761067687219, 36.740897039163], [-119.761067687219, 36.7406660387991], [-119.761394686559, 36.7406670386931], [-119.762375687273, 36.7406730387768], [-119.762703687336, 36.7406750392844], [-119.762699687138, 36.7409060389013]]]}, "properties": {"GEOID": "060190026021005", "P0010001": 0, "ALAND": 18665, "AWATER": 0}}, {"type": "Feature", "geometry": {"type": "Polygon", "coordinates": [[[-119.764328687583, 36.7409020393377], [-119.764324688283, 36.7415990393397], [-119.76432368756, 36.741831038934], [-119.763995688396, 36.741831038934], [-119.763014687681, 36.741831038934], [-119.762687688341, 36.741831038934], [-119.762690687816, 36.7415990393397], [-119.762699687138, 36.7409060389013], [-119.762703687336, 36.7406750392844], [-119.763028687925, 36.7406730387768], [-119.764004687718, 36.7406710389889], [-119.764330688131, 36.7406710389889], [-119.764328687583, 36.7409020393377]]]}, "properties": {"GEOID": "060190026021006", "P0010001": 42, "ALAND": 18738, "AWATER": 0}}, {"type": "Feature", "geometry": {"type": "Polygon", "coordinates": [[[-119.765981688317, 36.7409090392938], [-119.765978687944, 36.7416000392215], [-119.765977688119, 36.741831038934], [-119.765646687683, 36.741831038934], [-119.764653688171, 36.7418330386916], [-119.764445687759, 36.7418340392903], [-119.76432368756, 36.741831038934], [-119.764324688283, 36.7415990393397], [-119.764328687583, 36.7409020393377], [-119.764330688131, 36.7406710389889], [-119.764660687844, 36.7406720388828], [-119.765652688429, 36.7406770390722], [-119.765983687967, 36.7406790388599], [-119.765981688317, 36.7409090392938]]]}, "properties": {"GEOID": "060190026021007", "P0010001": 61, "ALAND": 18968, "AWATER": 0}}, {"type": "Feature", "geometry": {"type": "Polygon", "coordinates": [[[-119.767616687711, 36.7409020393377], [-119.767610687864, 36.7415880391988], [-119.767609688039, 36.7418170391893], [-119.7672826878, 36.7418190389473], [-119.766303687634, 36.7418270386987], [-119.765977688119, 36.741831038934], [-119.765978687944, 36.7416000392215], [-119.765981688317, 36.7409090392938], [-119.765983687967, 36.7406790388599], [-119.766310688205, 36.7406770390722], [-119.767291688021, 36.7406750392844], [-119.767619688084, 36.7406740386706], [-119.767616687711, 36.7409020393377]]]}, "properties": {"GEOID": "060190026021008", "P0010001": 55, "ALAND": 18572, "AWATER": 0}}, {"type": "Feature", "geometry": {"type": "Polygon", "coordinates": [[[-119.769261688948, 36.7409000388359], [-119.769256688925, 36.7415910388447], [-119.7692556891, 36.7418220393041], [-119.768925689387, 36.7418210387053], [-119.767938687927, 36.7418180390683], [-119.767609688039, 36.7418170391893], [-119.767610687864, 36.7415880391988], [-119.767616687711, 36.7409020393377], [-119.767619688084, 36.7406740386706], [-119.767947688147, 36.7406720388828], [-119.768934687811, 36.7406700390949], [-119.769263688598, 36.7406700390949], [-119.769261688948, 36.7409000388359]]]}, "properties": {"GEOID": "060190026021009", "P0010001": 62, "ALAND": 18726, "AWATER": 0}}, {"type": "Feature", "geometry": {"type": "Polygon", "coordinates": [[[-119.772441689121, 36.7409150379187], [-119.772441689121, 36.7416090388774], [-119.772441689121, 36.7418410391613], [-119.771803689437, 36.7418370389266], [-119.76989268896, 36.7418250389409], [-119.7692556891, 36.7418220393041], [-119.769256688925, 36.7415910388447], [-119.769261688948, 36.7409000388359], [-119.769263688598, 36.7406700390949], [-119.769898688807, 36.7406720388828], [-119.771805689086, 36.7406810379277], [-119.772441689121, 36.7406840383289], [-119.772441689121, 36.7409150379187]]]}, "properties": {"GEOID": "060190026021010", "P0010001": 145, "ALAND": 36415, "AWATER": 0}}, {"type": "Feature", "geometry": {"type": "Polygon", "coordinates": [[[-119.772447688969, 36.7396520380746], [-119.772442688946, 36.7404260379465], [-119.772441689121, 36.7406840383289], [-119.771805689086, 36.7406810379277], [-119.769898688807, 36.7406720388828], [-119.769263688598, 36.7406700390949], [-119.769258688575, 36.7404110387681], [-119.769243687608, 36.7396360388375], [-119.769239688308, 36.7393780392517], [-119.769881688191, 36.7393810382641], [-119.771806688911, 36.7393910380908], [-119.772449688619, 36.7393950377332], [-119.772447688969, 36.7396520380746]]]}, "properties": {"GEOID": "060190026021011", "P0010001": 86, "ALAND": 40852, "AWATER": 0}}, {"type": "Feature", "geometry": {"type": "Polygon", "coordinates": [[[-119.769263688598, 36.7406700390949], [-119.768934687811, 36.7406700390949], [-119.767947688147, 36.7406720388828], [-119.767619688084, 36.7406740386706], [-119.767614688062, 36.7404180387689], [-119.767602688366, 36.7396520387945], [-119.767598688168, 36.7393970389941], [-119.767926688231, 36.7393920387213], [-119.76891068842, 36.739381038984], [-119.769239688308, 36.7393780392517], [-119.769243687608, 36.7396360388375], [-119.769258688575, 36.7404110387681], [-119.769263688598, 36.7406700390949]]]}, "properties": {"GEOID": "060190026021012", "P0010001": 21, "ALAND": 20914, "AWATER": 0}}, {"type": "Feature", "geometry": {"type": "Polygon", "coordinates": [[[-119.767619688084, 36.7406740386706], [-119.767291688021, 36.7406750392844], [-119.766310688205, 36.7406770390722], [-119.765983687967, 36.7406790388599], [-119.765981688317, 36.7404230389749], [-119.765975687571, 36.7396550392359], [-119.765974687746, 36.7393990388151], [-119.766298687611, 36.7393980389046], [-119.76727368758, 36.7393970389941], [-119.767598688168, 36.7393970389941], [-119.767602688366, 36.7396520387945], [-119.767614688062, 36.7404180387689], [-119.767619688084, 36.7406740386706]]]}, "properties": {"GEOID": "060190026021013", "P0010001": 28, "ALAND": 20655, "AWATER": 0}}, {"type": "Feature", "geometry": {"type": "Polygon", "coordinates": [[[-119.765983687967, 36.7406790388599], [-119.765652688429, 36.7406770390722], [-119.764660687844, 36.7406720388828], [-119.764330688131, 36.7406710389889], [-119.764332687781, 36.7404180387689], [-119.764339688352, 36.7396580389574], [-119.764342687827, 36.7394060389083], [-119.76466868824, 36.7394040390874], [-119.765647688406, 36.7394000387256], [-119.765974687746, 36.7393990388151], [-119.765975687571, 36.7396550392359], [-119.765981688317, 36.7404230389749], [-119.765983687967, 36.7406790388599]]]}, "properties": {"GEOID": "060190026021014", "P0010001": 32, "ALAND": 20716, "AWATER": 0}}, {"type": "Feature", "geometry": {"type": "Polygon", "coordinates": [[[-119.764339688352, 36.7396580389574], [-119.764332687781, 36.7404180387689], [-119.764330688131, 36.7406710389889], [-119.764004687718, 36.7406710389889], [-119.763028687925, 36.7406730387768], [-119.762703687336, 36.7406750392844], [-119.762705686986, 36.7404180387689], [-119.762713687382, 36.7396490390727], [-119.762716686857, 36.7393930393518], [-119.763041687445, 36.7393960390835], [-119.764016688312, 36.7394050389978], [-119.764149688381, 36.7394070388187], [-119.764342687827, 36.7394060389083], [-119.764339688352, 36.7396580389574]]]}, "properties": {"GEOID": "060190026021015", "P0010001": 42, "ALAND": 20502, "AWATER": 0}}, {"type": "Feature", "geometry": {"type": "Polygon", "coordinates": [[[-119.762713687382, 36.7396490390727], [-119.762705686986, 36.7404180387689], [-119.762703687336, 36.7406750392844], [-119.762375687273, 36.7406730387768], [-119.761394686559, 36.7406670386931], [-119.761067687219, 36.7406660387991], [-119.761064686846, 36.7404090389734], [-119.761058686998, 36.7396410390944], [-119.761057687173, 36.7393850393467], [-119.761388686711, 36.7393860392575], [-119.762384686596, 36.7393910388107], [-119.762716686857, 36.7393930393518], [-119.762713687382, 36.7396490390727]]]}, "properties": {"GEOID": "060190026021016", "P0010001": 23, "ALAND": 20931, "AWATER": 0}}, {"type": "Feature", "geometry": {"type": "Polygon", "coordinates": [[[-119.756258686601, 36.7428630401241], [-119.756244687256, 36.743099039666], [-119.756240687058, 36.7431780402656], [-119.755873686637, 36.7431750399618], [-119.754775685746, 36.7431690400738], [-119.754712685997, 36.7431690400738], [-119.754409686049, 36.7431630401853], [-119.754413686247, 36.7430860400151], [-119.754426685767, 36.7428560403462], [-119.75443168579, 36.7427800397345], [-119.754806685709, 36.7427760402685], [-119.755896687101, 36.7427820401872], [-119.756263686624, 36.7427850397865], [-119.756258686601, 36.7428630401241]]]}, "properties": {"GEOID": "060190026022000", "P0010001": 45, "ALAND": 7120, "AWATER": 0}}, {"type": "Feature", "geometry": {"type": "Polygon", "coordinates": [[[-119.75784268684, 36.7431720396579], [-119.757521687348, 36.7431730402392], [-119.756560686725, 36.7431760398231], [-119.756240687058, 36.7431780402656], [-119.756244687256, 36.743099039666], [-119.756258686601, 36.7428630401241], [-119.756263686624, 36.7427850397865], [-119.756578687167, 36.7427830400537], [-119.757523686998, 36.7427780400015], [-119.757839687365, 36.742777040135], [-119.757839687365, 36.7428560403462], [-119.757841687015, 36.743093039772], [-119.75784268684, 36.7431720396579]]]}, "properties": {"GEOID": "060190026022001", "P0010001": 0, "ALAND": 6204, "AWATER": 0}}, {"type": "Feature", "geometry": {"type": "Polygon", "coordinates": [[[-119.759421687056, 36.7431750399618], [-119.759021687023, 36.7431800399881], [-119.758785687021, 36.7431760398231], [-119.758649686579, 36.7431740401005], [-119.758077687017, 36.7431720396579], [-119.75784268684, 36.7431720396579], [-119.757841687015, 36.743093039772], [-119.757839687365, 36.7428560403462], [-119.757839687365, 36.742777040135], [-119.758151686637, 36.7427760402685], [-119.759091687343, 36.7427750396821], [-119.759404687338, 36.7427750396821], [-119.759421687056, 36.7431750399618]]]}, "properties": {"GEOID": "060190026022002", "P0010001": 34, "ALAND": 6223, "AWATER": 0}}, {"type": "Feature", "geometry": {"type": "Polygon", "coordinates": [[[-119.761040686557, 36.7431820389907], [-119.760834686692, 36.7431870390166], [-119.759421687056, 36.7431750399618], [-119.759404687338, 36.7427750396821], [-119.761046687303, 36.742792038851], [-119.761040686557, 36.7431820389907]]]}, "properties": {"GEOID": "060190026022003", "P0010001": 42, "ALAND": 6430, "AWATER": 0}}, {"type": "Feature", "geometry": {"type": "Polygon", "coordinates": [[[-119.761046687303, 36.742792038851], [-119.759404687338, 36.7427750396821], [-119.759404687338, 36.7425840397417], [-119.759406686987, 36.7420130389812], [-119.759407686812, 36.741823039183], [-119.759739687073, 36.741823039183], [-119.760735686958, 36.741823039183], [-119.761067687219, 36.741824039062], [-119.761046687303, 36.742792038851]]]}, "properties": {"GEOID": "060190026022004", "P0010001": 48, "ALAND": 15720, "AWATER": 0}}, {"type": "Feature", "geometry": {"type": "Polygon", "coordinates": [[[-119.759406686987, 36.7420130389812], [-119.759404687338, 36.7425840397417], [-119.759404687338, 36.7427750396821], [-119.759091687343, 36.7427750396821], [-119.758151686637, 36.7427760402685], [-119.757839687365, 36.742777040135], [-119.757841687015, 36.7425880399376], [-119.757848686688, 36.7420220400284], [-119.757851687061, 36.7418340400101], [-119.758162687406, 36.7418310396538], [-119.759095686643, 36.7418250389409], [-119.759407686812, 36.741823039183], [-119.759406686987, 36.7420130389812]]]}, "properties": {"GEOID": "060190026022005", "P0010001": 48, "ALAND": 14654, "AWATER": 0}}, {"type": "Feature", "geometry": {"type": "Polygon", "coordinates": [[[-119.757848686688, 36.7420220400284], [-119.757841687015, 36.7425880399376], [-119.757839687365, 36.742777040135], [-119.757523686998, 36.7427780400015], [-119.756578687167, 36.7427830400537], [-119.756263686624, 36.7427850397865], [-119.756263686624, 36.7425930400021], [-119.756263686624, 36.742018039803], [-119.756263686624, 36.7418270401384], [-119.756580686817, 36.7418280400172], [-119.757533687044, 36.7418320402525], [-119.757851687061, 36.7418340400101], [-119.757848686688, 36.7420220400284]]]}, "properties": {"GEOID": "060190026022006", "P0010001": 41, "ALAND": 14899, "AWATER": 0}}, {"type": "Feature", "geometry": {"type": "Polygon", "coordinates": [[[-119.756263686624, 36.742018039803], [-119.756263686624, 36.7425930400021], [-119.756263686624, 36.7427850397865], [-119.755896687101, 36.7427820401872], [-119.754806685709, 36.7427760402685], [-119.75443168579, 36.7427800397345], [-119.75442968614, 36.7425890398065], [-119.754426685767, 36.7420160400503], [-119.754425685942, 36.7418250396607], [-119.754792686363, 36.7418320402525], [-119.754805685884, 36.7418330401313], [-119.755895686378, 36.7418280400172], [-119.756263686624, 36.7418270401384], [-119.756263686624, 36.742018039803]]]}, "properties": {"GEOID": "060190026022007", "P0010001": 57, "ALAND": 17285, "AWATER": 0}}, {"type": "Feature", "geometry": {"type": "Polygon", "coordinates": [[[-119.756272685947, 36.7408940402098], [-119.756265687172, 36.7415940399302], [-119.756263686624, 36.7418270401384], [-119.755895686378, 36.7418280400172], [-119.754805685884, 36.7418330401313], [-119.754792686363, 36.7418320402525], [-119.754425685942, 36.7418250396607], [-119.754428686315, 36.7415920401664], [-119.754439686186, 36.7408960399918], [-119.754443686384, 36.7406650403448], [-119.754819686127, 36.7406620399428], [-119.755908685899, 36.7406620399428], [-119.75627568632, 36.7406620399428], [-119.756272685947, 36.7408940402098]]]}, "properties": {"GEOID": "060190026022008", "P0010001": 50, "ALAND": 21228, "AWATER": 0}}, {"type": "Feature", "geometry": {"type": "Polygon", "coordinates": [[[-119.757857686909, 36.7408880387038], [-119.757852686886, 36.7415970402958], [-119.757851687061, 36.7418340400101], [-119.757533687044, 36.7418320402525], [-119.756580686817, 36.7418280400172], [-119.756263686624, 36.7418270401384], [-119.756265687172, 36.7415940399302], [-119.756272685947, 36.7408940402098], [-119.75627568632, 36.7406620399428], [-119.756591685789, 36.7406590402606], [-119.757542687264, 36.7406540393502], [-119.757859686559, 36.740652038842], [-119.757857686909, 36.7408880387038]]]}, "properties": {"GEOID": "060190026022009", "P0010001": 55, "ALAND": 18446, "AWATER": 0}}, {"type": "Feature", "geometry": {"type": "Polygon", "coordinates": [[[-119.759418686683, 36.7408900392058], [-119.75940968736, 36.7415900389627], [-119.759407686812, 36.741823039183], [-119.759095686643, 36.7418250389409], [-119.758162687406, 36.7418310396538], [-119.757851687061, 36.7418340400101], [-119.757852686886, 36.7415970402958], [-119.757857686909, 36.7408880387038], [-119.757859686559, 36.740652038842], [-119.758171686728, 36.7406530387362], [-119.759108687062, 36.7406560391385], [-119.759421687056, 36.7406580389268], [-119.759418686683, 36.7408900392058]]]}, "properties": {"GEOID": "060190026022010", "P0010001": 45, "ALAND": 18132, "AWATER": 0}}, {"type": "Feature", "geometry": {"type": "Polygon", "coordinates": [[[-119.761067687219, 36.740897039163], [-119.761067687219, 36.7415920387266], [-119.761067687219, 36.741824039062], [-119.760735686958, 36.741823039183], [-119.759739687073, 36.741823039183], [-119.759407686812, 36.741823039183], [-119.75940968736, 36.7415900389627], [-119.759418686683, 36.7408900392058], [-119.759421687056, 36.7406580389268], [-119.759750686944, 36.7406590388209], [-119.760737686608, 36.7406640390111], [-119.761067687219, 36.7406660387991], [-119.761067687219, 36.740897039163]]]}, "properties": {"GEOID": "060190026022011", "P0010001": 45, "ALAND": 19034, "AWATER": 0}}, {"type": "Feature", "geometry": {"type": "Polygon", "coordinates": [[[-119.761067687219, 36.7406660387991], [-119.760737686608, 36.7406640390111], [-119.759750686944, 36.7406590388209], [-119.759421687056, 36.7406580389268], [-119.759424687429, 36.7404040387666], [-119.759434686576, 36.7396410390944], [-119.759438686774, 36.7393880390788], [-119.759761686815, 36.7393870391681], [-119.760733687308, 36.7393850393467], [-119.761057687173, 36.7393850393467], [-119.761058686998, 36.7396410390944], [-119.761064686846, 36.7404090389734], [-119.761067687219, 36.7406660387991]]]}, "properties": {"GEOID": "060190026022012", "P0010001": 22, "ALAND": 20633, "AWATER": 0}}, {"type": "Feature", "geometry": {"type": "Polygon", "coordinates": [[[-119.759434686576, 36.7396410390944], [-119.759424687429, 36.7404040387666], [-119.759421687056, 36.7406580389268], [-119.759108687062, 36.7406560391385], [-119.758171686728, 36.7406530387362], [-119.757859686559, 36.740652038842], [-119.757857686909, 36.7403990392793], [-119.757851687061, 36.739640039187], [-119.757849687411, 36.7393880390788], [-119.758166686705, 36.7393880390788], [-119.759120686757, 36.7393880390788], [-119.759438686774, 36.7393880390788], [-119.759434686576, 36.7396410390944]]]}, "properties": {"GEOID": "060190026022013", "P0010001": 61, "ALAND": 19774, "AWATER": 0}}, {"type": "Feature", "geometry": {"type": "Polygon", "coordinates": [[[-119.757859686559, 36.740652038842], [-119.757542687264, 36.7406540393502], [-119.756591685789, 36.7406590402606], [-119.75627568632, 36.7406620399428], [-119.756276686145, 36.7393840387162], [-119.757849687411, 36.7393880390788], [-119.757851687061, 36.739640039187], [-119.757857686909, 36.7403990392793], [-119.757859686559, 36.740652038842]]]}, "properties": {"GEOID": "060190026022014", "P0010001": 55, "ALAND": 19879, "AWATER": 0}}, {"type": "Feature", "geometry": {"type": "Polygon", "coordinates": [[[-119.75627568632, 36.7406620399428], [-119.755908685899, 36.7406620399428], [-119.754819686127, 36.7406620399428], [-119.754443686384, 36.7406650403448], [-119.754446685859, 36.7404110402078], [-119.754456685904, 36.7396520402342], [-119.754460686102, 36.7393990402549], [-119.756276686145, 36.7393840387162], [-119.75627568632, 36.7406620399428]]]}, "properties": {"GEOID": "060190026022015", "P0010001": 60, "ALAND": 22978, "AWATER": 0}}, {"type": "Feature", "geometry": {"type": "Polygon", "coordinates": [[[-119.756276686145, 36.7393840387162], [-119.754460686102, 36.7393990402549], [-119.754475686171, 36.7381170391673], [-119.756162686342, 36.7381050393199], [-119.75627568632, 36.7381040386726], [-119.756276686145, 36.7393840387162]]]}, "properties": {"GEOID": "060190026022016", "P0010001": 51, "ALAND": 22953, "AWATER": 0}}, {"type": "Feature", "geometry": {"type": "Polygon", "coordinates": [[[-119.757849687411, 36.7393880390788], [-119.756276686145, 36.7393840387162], [-119.75627568632, 36.7381040386726], [-119.757835686269, 36.7380950393256], [-119.757849687411, 36.7393880390788]]]}, "properties": {"GEOID": "060190026022017", "P0010001": 31, "ALAND": 19975, "AWATER": 0}}, {"type": "Feature", "geometry": {"type": "Polygon", "coordinates": [[[-119.75944868682, 36.7383490392079], [-119.759440687323, 36.7391280388313], [-119.759438686774, 36.7393880390788], [-119.759120686757, 36.7393880390788], [-119.758166686705, 36.7393880390788], [-119.757849687411, 36.7393880390788], [-119.757835686269, 36.7380950393256], [-119.759452687018, 36.7380900389681], [-119.75944868682, 36.7383490392079]]]}, "properties": {"GEOID": "060190026022018", "P0010001": 44, "ALAND": 20573, "AWATER": 0}}, {"type": "Feature", "geometry": {"type": "Polygon", "coordinates": [[[-119.761077687265, 36.7383520389804], [-119.761062687196, 36.7391260390032], [-119.761057687173, 36.7393850393467], [-119.760733687308, 36.7393850393467], [-119.759761686815, 36.7393870391681], [-119.759438686774, 36.7393880390788], [-119.759440687323, 36.7391280388313], [-119.75944868682, 36.7383490392079], [-119.759452687018, 36.7380900389681], [-119.759778687431, 36.7380910388956], [-119.760756686874, 36.7380940386782], [-119.761083687113, 36.7380950393256], [-119.761077687265, 36.7383520389804]]]}, "properties": {"GEOID": "060190026022019", "P0010001": 47, "ALAND": 20840, "AWATER": 0}}, {"type": "Feature", "geometry": {"type": "Polygon", "coordinates": [[[-119.761083687113, 36.7380950393256], [-119.760756686874, 36.7380940386782], [-119.759778687431, 36.7380910388956], [-119.759452687018, 36.7380900389681], [-119.759453686843, 36.7378700387506], [-119.759457687041, 36.7372100393544], [-119.759459686691, 36.7369910387165], [-119.759783686556, 36.7369920386583], [-119.760756686874, 36.7369950392038], [-119.761081686564, 36.7369960391456], [-119.761081686564, 36.7372150390493], [-119.761082687288, 36.7378750391225], [-119.761083687113, 36.7380950393256]]]}, "properties": {"GEOID": "060190026022020", "P0010001": 45, "ALAND": 17718, "AWATER": 0}}, {"type": "Feature", "geometry": {"type": "Polygon", "coordinates": [[[-119.759457687041, 36.7372100393544], [-119.759453686843, 36.7378700387506], [-119.759452687018, 36.7380900389681], [-119.757835686269, 36.7380950393256], [-119.757821686025, 36.7370020387963], [-119.759459686691, 36.7369910387165], [-119.759457687041, 36.7372100393544]]]}, "properties": {"GEOID": "060190026022021", "P0010001": 31, "ALAND": 17676, "AWATER": 0}}, {"type": "Feature", "geometry": {"type": "Polygon", "coordinates": [[[-119.757835686269, 36.7380950393256], [-119.75627568632, 36.7381040386726], [-119.756162686342, 36.7381050393199], [-119.756172686388, 36.737006039283], [-119.757821686025, 36.7370020387963], [-119.757835686269, 36.7380950393256]]]}, "properties": {"GEOID": "060190026022022", "P0010001": 86, "ALAND": 18041, "AWATER": 0}}, {"type": "Feature", "geometry": {"type": "Polygon", "coordinates": [[[-119.756172686388, 36.737006039283], [-119.756162686342, 36.7381050393199], [-119.754475686171, 36.7381170391673], [-119.754539685745, 36.7358610392005], [-119.75484868644, 36.7358730386788], [-119.756182686433, 36.7358720387223], [-119.756172686388, 36.737006039283]]]}, "properties": {"GEOID": "060190026022023", "P0010001": 228, "ALAND": 36962, "AWATER": 0}}, {"type": "Feature", "geometry": {"type": "Polygon", "coordinates": [[[-119.757821686025, 36.7370020387963], [-119.756172686388, 36.737006039283], [-119.756182686433, 36.7358720387223], [-119.757825686223, 36.7358680388964], [-119.757821686025, 36.7370020387963]]]}, "properties": {"GEOID": "060190026022024", "P0010001": 35, "ALAND": 18501, "AWATER": 0}}, {"type": "Feature", "geometry": {"type": "Polygon", "coordinates": [[[-119.759459686691, 36.7369910387165], [-119.757821686025, 36.7370020387963], [-119.757825686223, 36.7358680388964], [-119.757963686316, 36.7358650390268], [-119.759209686446, 36.7358630391137], [-119.759447686097, 36.7358630391137], [-119.759459686691, 36.7369910387165]]]}, "properties": {"GEOID": "060190026022025", "P0010001": 37, "ALAND": 18296, "AWATER": 0}}, {"type": "Feature", "geometry": {"type": "Polygon", "coordinates": [[[-119.761081686564, 36.7369960391456], [-119.760756686874, 36.7369950392038], [-119.759783686556, 36.7369920386583], [-119.759459686691, 36.7369910387165], [-119.759447686097, 36.7358630391137], [-119.760057687091, 36.7358660389834], [-119.760258686932, 36.7358650390268], [-119.76086268718, 36.7358630391137], [-119.761064686846, 36.7358630391137], [-119.761067687219, 36.7360890390458], [-119.761077687265, 36.7367690390592], [-119.761081686564, 36.7369960391456]]]}, "properties": {"GEOID": "060190026022026", "P0010001": 42, "ALAND": 18122, "AWATER": 0}}, {"type": "Feature", "geometry": {"type": "Polygon", "coordinates": [[[-119.762718687405, 36.7383520389804], [-119.762716686857, 36.7391320392072], [-119.762716686857, 36.7393930393518], [-119.762384686596, 36.7393910388107], [-119.761388686711, 36.7393860392575], [-119.761057687173, 36.7393850393467], [-119.761062687196, 36.7391260390032], [-119.761077687265, 36.7383520389804], [-119.761083687113, 36.7380950393256], [-119.761410687351, 36.7380940386782], [-119.762391687167, 36.7380920388231], [-119.76271968723, 36.7380920388231], [-119.762718687405, 36.7383520389804]]]}, "properties": {"GEOID": "060190026023000", "P0010001": 42, "ALAND": 21155, "AWATER": 0}}, {"type": "Feature", "geometry": {"type": "Polygon", "coordinates": [[[-119.764352686974, 36.7383570393209], [-119.764344688375, 36.7391430389803], [-119.764342687827, 36.7394060389083], [-119.764149688381, 36.7394070388187], [-119.764016688312, 36.7394050389978], [-119.763041687445, 36.7393960390835], [-119.762716686857, 36.7393930393518], [-119.762716686857, 36.7391320392072], [-119.762718687405, 36.7383520389804], [-119.76271968723, 36.7380920388231], [-119.76304668657, 36.7380910388956], [-119.764028687109, 36.7380890390405], [-119.764236686623, 36.7380890390405], [-119.764356687172, 36.7380950393256], [-119.764352686974, 36.7383570393209]]]}, "properties": {"GEOID": "060190026023001", "P0010001": 36, "ALAND": 21181, "AWATER": 0}}, {"type": "Feature", "geometry": {"type": "Polygon", "coordinates": [[[-119.76598668834, 36.7383510390562], [-119.765977688119, 36.739137038777], [-119.765974687746, 36.7393990388151], [-119.765647688406, 36.7394000387256], [-119.76466868824, 36.7394040390874], [-119.764342687827, 36.7394060389083], [-119.764344688375, 36.7391430389803], [-119.764352686974, 36.7383570393209], [-119.764356687172, 36.7380950393256], [-119.764682687585, 36.7380930387507], [-119.7656636883, 36.7380900389681], [-119.76599068764, 36.7380900389681], [-119.76598668834, 36.7383510390562]]]}, "properties": {"GEOID": "060190026023002", "P0010001": 36, "ALAND": 21214, "AWATER": 0}}, {"type": "Feature", "geometry": {"type": "Polygon", "coordinates": [[[-119.767620687909, 36.7383560386769], [-119.767603688191, 36.7391360388631], [-119.767598688168, 36.7393970389941], [-119.76727368758, 36.7393970389941], [-119.766298687611, 36.7393980389046], [-119.765974687746, 36.7393990388151], [-119.765977688119, 36.739137038777], [-119.76598668834, 36.7383510390562], [-119.76599068764, 36.7380900389681], [-119.766317687878, 36.7380910388956], [-119.767298687694, 36.7380940386782], [-119.767626687757, 36.7380960392531], [-119.767620687909, 36.7383560386769]]]}, "properties": {"GEOID": "060190026023003", "P0010001": 55, "ALAND": 21084, "AWATER": 0}}, {"type": "Feature", "geometry": {"type": "Polygon", "coordinates": [[[-119.769257687852, 36.7383440381469], [-119.769243687608, 36.7391190388845], [-119.769239688308, 36.7393780392517], [-119.76891068842, 36.739381038984], [-119.767926688231, 36.7393920387213], [-119.767598688168, 36.7393970389941], [-119.767603688191, 36.7391360388631], [-119.767620687909, 36.7383560386769], [-119.767626687757, 36.7380960392531], [-119.767953687995, 36.7380930380308], [-119.768934687811, 36.7380870377455], [-119.769262687874, 36.7380860378179], [-119.769257687852, 36.7383440381469]]]}, "properties": {"GEOID": "060190026023004", "P0010001": 45, "ALAND": 21052, "AWATER": 0}}, {"type": "Feature", "geometry": {"type": "Polygon", "coordinates": [[[-119.772492689175, 36.7383670378412], [-119.772459688664, 36.7391380379711], [-119.772449688619, 36.7393950377332], [-119.771806688911, 36.7393910380908], [-119.769881688191, 36.7393810382641], [-119.769239688308, 36.7393780392517], [-119.769243687608, 36.7391190388845], [-119.769257687852, 36.7383440381469], [-119.769262687874, 36.7380860378179], [-119.769592687587, 36.7380870377455], [-119.770583688348, 36.7380930380308], [-119.770914688784, 36.7380950378858], [-119.771232688801, 36.7380980376683], [-119.772186688853, 36.7381070377348], [-119.77250468887, 36.738111038164], [-119.772492689175, 36.7383670378412]]]}, "properties": {"GEOID": "060190026023005", "P0010001": 129, "ALAND": 41247, "AWATER": 0}}, {"type": "Feature", "geometry": {"type": "Polygon", "coordinates": [[[-119.772533689183, 36.7372110378536], [-119.772511689441, 36.7378860383558], [-119.77250468887, 36.738111038164], [-119.772186688853, 36.7381070377348], [-119.771232688801, 36.7380980376683], [-119.770914688784, 36.7380950378858], [-119.770914688784, 36.7378780381937], [-119.770916688433, 36.7372290381936], [-119.770918688083, 36.7370130381546], [-119.771242687948, 36.7370070377849], [-119.77221668899, 36.7369920379384], [-119.77254168868, 36.7369870382289], [-119.772533689183, 36.7372110378536]]]}, "properties": {"GEOID": "060190026023006", "P0010001": 90, "ALAND": 17566, "AWATER": 0}}, {"type": "Feature", "geometry": {"type": "Polygon", "coordinates": [[[-119.770916688433, 36.7372290381936], [-119.770914688784, 36.7378780381937], [-119.770914688784, 36.7380950378858], [-119.770583688348, 36.7380930380308], [-119.769592687587, 36.7380870377455], [-119.769262687874, 36.7380860378179], [-119.769263687699, 36.7378700380307], [-119.769265688247, 36.7372240377796], [-119.769267687897, 36.7370090376682], [-119.76959768761, 36.7370090376682], [-119.770587687647, 36.737012038213], [-119.770918688083, 36.7370130381546], [-119.770916688433, 36.7372290381936]]]}, "properties": {"GEOID": "060190026023007", "P0010001": 37, "ALAND": 17667, "AWATER": 0}}, {"type": "Feature", "geometry": {"type": "Polygon", "coordinates": [[[-119.769265688247, 36.7372240377796], [-119.769263687699, 36.7378700380307], [-119.769262687874, 36.7380860378179], [-119.768934687811, 36.7380870377455], [-119.767953687995, 36.7380930380308], [-119.767626687757, 36.7380960392531], [-119.767630687955, 36.7378740377523], [-119.767642687651, 36.7372110378536], [-119.767647687673, 36.7369900380546], [-119.767971688437, 36.7369930378803], [-119.768943688032, 36.7370050379015], [-119.769267687897, 36.7370090376682], [-119.769265688247, 36.7372240377796]]]}, "properties": {"GEOID": "060190026023008", "P0010001": 55, "ALAND": 17607, "AWATER": 0}}, {"type": "Feature", "geometry": {"type": "Polygon", "coordinates": [[[-119.767642687651, 36.7372110378536], [-119.767630687955, 36.7378740377523], [-119.767626687757, 36.7380960392531], [-119.767298687694, 36.7380940386782], [-119.766317687878, 36.7380910388956], [-119.76599068764, 36.7380900389681], [-119.766004687883, 36.736999038971], [-119.767647687673, 36.7369900380546], [-119.767642687651, 36.7372110378536]]]}, "properties": {"GEOID": "060190026023009", "P0010001": 68, "ALAND": 17840, "AWATER": 0}}, {"type": "Feature", "geometry": {"type": "Polygon", "coordinates": [[[-119.76599068764, 36.7380900389681], [-119.7656636883, 36.7380900389681], [-119.764682687585, 36.7380930387507], [-119.764356687172, 36.7380950393256], [-119.764357686997, 36.7378770389832], [-119.76436268702, 36.7372240392194], [-119.76436468667, 36.7370070392247], [-119.766004687883, 36.736999038971], [-119.76599068764, 36.7380900389681]]]}, "properties": {"GEOID": "060190026023010", "P0010001": 70, "ALAND": 17668, "AWATER": 0}}, {"type": "Feature", "geometry": {"type": "Polygon", "coordinates": [[[-119.76436268702, 36.7372240392194], [-119.764357686997, 36.7378770389832], [-119.764356687172, 36.7380950393256], [-119.764236686623, 36.7380890390405], [-119.764028687109, 36.7380890390405], [-119.76304668657, 36.7380910388956], [-119.76271968723, 36.7380920388231], [-119.762723687428, 36.7378730392617], [-119.762735687123, 36.7372160389883], [-119.762739687321, 36.7369970390874], [-119.763064687011, 36.736999038971], [-119.76403968698, 36.7370050393413], [-119.76436468667, 36.7370070392247], [-119.76436268702, 36.7372240392194]]]}, "properties": {"GEOID": "060190026023011", "P0010001": 57, "ALAND": 17590, "AWATER": 0}}, {"type": "Feature", "geometry": {"type": "Polygon", "coordinates": [[[-119.762735687123, 36.7372160389883], [-119.762723687428, 36.7378730392617], [-119.76271968723, 36.7380920388231], [-119.762391687167, 36.7380920388231], [-119.761410687351, 36.7380940386782], [-119.761083687113, 36.7380950393256], [-119.761082687288, 36.7378750391225], [-119.761081686564, 36.7372150390493], [-119.761081686564, 36.7369960391456], [-119.761412687001, 36.7369960391456], [-119.76240768706, 36.7369960391456], [-119.762739687321, 36.7369970390874], [-119.762735687123, 36.7372160389883]]]}, "properties": {"GEOID": "060190026023012", "P0010001": 70, "ALAND": 17912, "AWATER": 0}}, {"type": "Feature", "geometry": {"type": "Polygon", "coordinates": [[[-119.762739687321, 36.7369970390874], [-119.76240768706, 36.7369960391456], [-119.761412687001, 36.7369960391456], [-119.761081686564, 36.7369960391456], [-119.761077687265, 36.7367690390592], [-119.761067687219, 36.7360890390458], [-119.761064686846, 36.7358630391137], [-119.761335687008, 36.7358640390703], [-119.762148686594, 36.7358690388529], [-119.762419686756, 36.7358710387659], [-119.76248168668, 36.7358700388094], [-119.762670686826, 36.7358680388964], [-119.762733686575, 36.7358680388964], [-119.762734687299, 36.7360930388603], [-119.762737686773, 36.7367710389488], [-119.762739687321, 36.7369970390874]]]}, "properties": {"GEOID": "060190026023013", "P0010001": 36, "ALAND": 18615, "AWATER": 0}}, {"type": "Feature", "geometry": {"type": "Polygon", "coordinates": [[[-119.76436468667, 36.7370070392247], [-119.76403968698, 36.7370050393413], [-119.763064687011, 36.736999038971], [-119.762739687321, 36.7369970390874], [-119.762737686773, 36.7367710389488], [-119.762734687299, 36.7360930388603], [-119.762733686575, 36.7358680388964], [-119.762914687224, 36.7358690388529], [-119.763459687022, 36.7358720387223], [-119.763641686597, 36.7358730386788], [-119.763870686925, 36.7358620391571], [-119.76436068737, 36.7358540387841], [-119.76436468667, 36.7370070392247]]]}, "properties": {"GEOID": "060190026023014", "P0010001": 45, "ALAND": 18308, "AWATER": 0}}, {"type": "Feature", "geometry": {"type": "Polygon", "coordinates": [[[-119.766004687883, 36.736999038971], [-119.76436468667, 36.7370070392247], [-119.76436068737, 36.7358540387841], [-119.765851686824, 36.7358700380895], [-119.765993687114, 36.7358700380895], [-119.766004687883, 36.736999038971]]]}, "properties": {"GEOID": "060190026023015", "P0010001": 37, "ALAND": 18496, "AWATER": 0}}, {"type": "Feature", "geometry": {"type": "Polygon", "coordinates": [[[-119.767647687673, 36.7369900380546], [-119.766004687883, 36.736999038971], [-119.765993687114, 36.7358700380895], [-119.767638688351, 36.735888038024], [-119.767647687673, 36.7369900380546]]]}, "properties": {"GEOID": "060190026023016", "P0010001": 32, "ALAND": 18177, "AWATER": 0}}, {"type": "Feature", "geometry": {"type": "Polygon", "coordinates": [[[-119.769275688293, 36.7361000378151], [-119.769269688445, 36.7367810376757], [-119.769267687897, 36.7370090376682], [-119.768943688032, 36.7370050379015], [-119.767971688437, 36.7369930378803], [-119.767647687673, 36.7369900380546], [-119.767638688351, 36.735888038024], [-119.769278687768, 36.7358730379589], [-119.769275688293, 36.7361000378151]]]}, "properties": {"GEOID": "060190026023017", "P0010001": 42, "ALAND": 18068, "AWATER": 0}}, {"type": "Feature", "geometry": {"type": "Polygon", "coordinates": [[[-119.770932688327, 36.7361080381625], [-119.770921687558, 36.7367860381186], [-119.770918688083, 36.7370130381546], [-119.770587687647, 36.737012038213], [-119.76959768761, 36.7370090376682], [-119.769267687897, 36.7370090376682], [-119.769269688445, 36.7367810376757], [-119.769275688293, 36.7361000378151], [-119.769278687768, 36.7358730379589], [-119.769609688204, 36.7358740379153], [-119.770604688264, 36.7358800376537], [-119.770936687627, 36.7358820382863], [-119.770932688327, 36.7361080381625]]]}, "properties": {"GEOID": "060190026023018", "P0010001": 53, "ALAND": 18589, "AWATER": 0}}, {"type": "Feature", "geometry": {"type": "Polygon", "coordinates": [[[-119.772548689251, 36.7360970379546], [-119.772543689228, 36.7367640378954], [-119.77254168868, 36.7369870382289], [-119.77221668899, 36.7369920379384], [-119.771242687948, 36.7370070377849], [-119.770918688083, 36.7370130381546], [-119.770921687558, 36.7367860381186], [-119.770932688327, 36.7361080381625], [-119.770936687627, 36.7358820382863], [-119.771258687842, 36.7358800376537], [-119.772227688861, 36.7358760378281], [-119.772551688726, 36.7358750378717], [-119.772548689251, 36.7360970379546]]]}, "properties": {"GEOID": "060190026023019", "P0010001": 34, "ALAND": 17995, "AWATER": 0}}, {"type": "Feature", "geometry": {"type": "Polygon", "coordinates": [[[-119.752187687024, 36.7504660408487], [-119.751735687112, 36.7504660408487], [-119.750382685954, 36.7504660408487], [-119.749931685867, 36.7504670413347], [-119.749932685692, 36.7502850411828], [-119.74993668589, 36.7497390410159], [-119.749938686438, 36.7495580410747], [-119.750387685976, 36.7495570412965], [-119.751736686937, 36.7495550410204], [-119.752186687199, 36.7495550410204], [-119.752186687199, 36.7497370407445], [-119.752186687199, 36.7502830409257], [-119.752187687024, 36.7504660408487]]]}, "properties": {"GEOID": "060190027011000", "P0010001": 39, "ALAND": 20309, "AWATER": 0}}, {"type": "Feature", "geometry": {"type": "Polygon", "coordinates": [[[-119.754429687038, 36.7504820407071], [-119.753980686602, 36.7504780409227], [-119.752635686737, 36.7504690408673], [-119.752187687024, 36.7504660408487], [-119.752186687199, 36.7502830409257], [-119.752186687199, 36.7497370407445], [-119.752186687199, 36.7495550410204], [-119.752628687065, 36.7495580410747], [-119.753954686662, 36.7495700412908], [-119.754397687251, 36.7495740411224], [-119.754403687099, 36.7497550410259], [-119.754422687366, 36.7503000413106], [-119.754429687038, 36.7504820407071]]]}, "properties": {"GEOID": "060190027011001", "P0010001": 52, "ALAND": 20065, "AWATER": 0}}, {"type": "Feature", "geometry": {"type": "Polygon", "coordinates": [[[-119.754397687251, 36.7495740411224], [-119.753954686662, 36.7495700412908], [-119.752628687065, 36.7495580410747], [-119.752186687199, 36.7495550410204], [-119.752186687199, 36.7493740406451], [-119.752187687024, 36.7488310412761], [-119.752188686849, 36.7486510411423], [-119.752628687065, 36.7486510411423], [-119.753950687363, 36.7486520402125], [-119.754391687404, 36.7486530400025], [-119.754392687229, 36.7488370400017], [-119.754395686703, 36.7493890402311], [-119.754397687251, 36.7495740411224]]]}, "properties": {"GEOID": "060190027011002", "P0010001": 107, "ALAND": 19958, "AWATER": 0}}, {"type": "Feature", "geometry": {"type": "Polygon", "coordinates": [[[-119.752187687024, 36.7488310412761], [-119.752186687199, 36.7493740406451], [-119.752186687199, 36.7495550410204], [-119.751736686937, 36.7495550410204], [-119.750387685976, 36.7495570412965], [-119.749938686438, 36.7495580410747], [-119.74993668589, 36.7493760409259], [-119.749933686415, 36.7488320410637], [-119.749933686415, 36.7486510411423], [-119.750384685603, 36.7486510411423], [-119.751737686762, 36.7486510411423], [-119.752188686849, 36.7486510411423], [-119.752187687024, 36.7488310412761]]]}, "properties": {"GEOID": "060190027011003", "P0010001": 64, "ALAND": 20199, "AWATER": 0}}, {"type": "Feature", "geometry": {"type": "Polygon", "coordinates": [[[-119.752188686849, 36.7486510411423], [-119.751737686762, 36.7486510411423], [-119.750384685603, 36.7486510411423], [-119.749933686415, 36.7486510411423], [-119.749932685692, 36.7484670406971], [-119.749929686217, 36.7479170413518], [-119.749928686392, 36.7477340411078], [-119.750379685581, 36.7477360407117], [-119.751734686389, 36.7477420409624], [-119.752186687199, 36.7477440398462], [-119.752186687199, 36.7479250411873], [-119.752187687024, 36.7484690410016], [-119.752188686849, 36.7486510411423]]]}, "properties": {"GEOID": "060190027011004", "P0010001": 76, "ALAND": 20391, "AWATER": 0}}, {"type": "Feature", "geometry": {"type": "Polygon", "coordinates": [[[-119.754391687404, 36.7479150403131], [-119.754391687404, 36.7484680397697], [-119.754391687404, 36.7486530400025], [-119.753950687363, 36.7486520402125], [-119.752628687065, 36.7486510411423], [-119.752188686849, 36.7486510411423], [-119.752187687024, 36.7484690410016], [-119.752186687199, 36.7479250411873], [-119.752186687199, 36.7477440398462], [-119.75262768724, 36.747741039721], [-119.753950687363, 36.7477330398663], [-119.754392687229, 36.7477310402624], [-119.754391687404, 36.7479150403131]]]}, "properties": {"GEOID": "060190027011005", "P0010001": 83, "ALAND": 19979, "AWATER": 0}}, {"type": "Feature", "geometry": {"type": "Polygon", "coordinates": [[[-119.754396687426, 36.7470040397094], [-119.754392687229, 36.747549040099], [-119.754392687229, 36.7477310402624], [-119.753950687363, 36.7477330398663], [-119.75262768724, 36.747741039721], [-119.752186687199, 36.7477440398462], [-119.752185685577, 36.7475550396446], [-119.752183685927, 36.7469880398455], [-119.752183685927, 36.7468000397553], [-119.752626685618, 36.7468040397314], [-119.753954686662, 36.746818040006], [-119.754398687076, 36.7468230397949], [-119.754396687426, 36.7470040397094]]]}, "properties": {"GEOID": "060190027011006", "P0010001": 57, "ALAND": 20282, "AWATER": 0}}, {"type": "Feature", "geometry": {"type": "Polygon", "coordinates": [[[-119.752186687199, 36.7477440398462], [-119.751734686389, 36.7477420409624], [-119.750379685581, 36.7477360407117], [-119.749928686392, 36.7477340411078], [-119.749928686392, 36.7476330408925], [-119.749932685692, 36.7473330410297], [-119.749933686415, 36.747234041343], [-119.750400686395, 36.7472360409599], [-119.750863686178, 36.7472380412965], [-119.751013685965, 36.7472270412441], [-119.751178685822, 36.7471880407836], [-119.751305686043, 36.7471330397498], [-119.751739686412, 36.746930039951], [-119.751799685788, 36.7469030399728], [-119.751973685865, 36.7468290401171], [-119.752100686087, 36.7468020401033], [-119.752183685927, 36.7468000397553], [-119.752183685927, 36.7469880398455], [-119.752185685577, 36.7475550396446], [-119.752186687199, 36.7477440398462]]]}, "properties": {"GEOID": "060190027011007", "P0010001": 54, "ALAND": 13983, "AWATER": 0}}, {"type": "Feature", "geometry": {"type": "Polygon", "coordinates": [[[-119.754417687343, 36.7451280401315], [-119.754415686795, 36.7454920399935], [-119.754415686795, 36.74561404017], [-119.753960687408, 36.7458380398121], [-119.752598686029, 36.7465120402095], [-119.752486685876, 36.7465680400659], [-119.752183685927, 36.7468000397553], [-119.752100686087, 36.7468020401033], [-119.751973685865, 36.7468290401171], [-119.751799685788, 36.7469030399728], [-119.751739686412, 36.746930039951], [-119.751305686043, 36.7471330397498], [-119.751178685822, 36.7471880407836], [-119.751013685965, 36.7472270412441], [-119.750863686178, 36.7472380412965], [-119.750400686395, 36.7472360409599], [-119.749933686415, 36.747234041343], [-119.749933686415, 36.7471830410184], [-119.749933686415, 36.7470300412806], [-119.749933686415, 36.746980041352], [-119.74993468624, 36.7469220407316], [-119.749941685913, 36.7467480407671], [-119.749943685562, 36.7466910412266], [-119.749945686111, 36.7466400412608], [-119.749952685783, 36.7464910411526], [-119.749955686156, 36.7464410408727], [-119.749987685943, 36.7464330408825], [-119.750316685831, 36.746409040187], [-119.750350686167, 36.7464070398288], [-119.750683686252, 36.7463600396735], [-119.750866685652, 36.7463280396739], [-119.751029685859, 36.7462850401932], [-119.751197686088, 36.7462050400908], [-119.751356686097, 36.7461200400707], [-119.751678686312, 36.7459500397479], [-119.751785686442, 36.7459010396611], [-119.752106685935, 36.7457560403082], [-119.75221468589, 36.7457080399259], [-119.752496685922, 36.745568040079], [-119.753344685669, 36.7451510399524], [-119.753627686424, 36.7450120396466], [-119.75378568571, 36.7450100399718], [-119.754259687159, 36.745008040297], [-119.754418687168, 36.7450070397397], [-119.754417687343, 36.7451280401315]]]}, "properties": {"GEOID": "060190027011008", "P0010001": 136, "ALAND": 41270, "AWATER": 0}}, {"type": "Feature", "geometry": {"type": "Polygon", "coordinates": [[[-119.751356686097, 36.7461200400707], [-119.751197686088, 36.7462050400908], [-119.751029685859, 36.7462850401932], [-119.750866685652, 36.7463280396739], [-119.750683686252, 36.7463600396735], [-119.750350686167, 36.7464070398288], [-119.750316685831, 36.746409040187], [-119.749987685943, 36.7464330408825], [-119.749955686156, 36.7464410408727], [-119.749953685608, 36.7463370409349], [-119.74994768576, 36.7460250402754], [-119.749945686111, 36.7459210397737], [-119.750291685717, 36.745926040341], [-119.751331685983, 36.7459440400768], [-119.751678686312, 36.7459500397479], [-119.751356686097, 36.7461200400707]]]}, "properties": {"GEOID": "060190027011009", "P0010001": 33, "ALAND": 5942, "AWATER": 0}}, {"type": "Feature", "geometry": {"type": "Polygon", "coordinates": [[[-119.754413687145, 36.7456730401681], [-119.754410686772, 36.7458530400893], [-119.754410686772, 36.7459130397293], [-119.754407687297, 36.7460940403506], [-119.754400686726, 36.7466400398212], [-119.754398687076, 36.7468230397949], [-119.753954686662, 36.746818040006], [-119.752626685618, 36.7468040397314], [-119.752183685927, 36.7468000397553], [-119.752486685876, 36.7465680400659], [-119.752598686029, 36.7465120402095], [-119.753960687408, 36.7458380398121], [-119.754415686795, 36.74561404017], [-119.754413687145, 36.7456730401681]]]}, "properties": {"GEOID": "060190027011010", "P0010001": 58, "ALAND": 14051, "AWATER": 0}}, {"type": "Feature", "geometry": {"type": "Polygon", "coordinates": [[[-119.752218686088, 36.7451460400545], [-119.75221468589, 36.7455670402489], [-119.75221468589, 36.7457080399259], [-119.752106685935, 36.7457560403082], [-119.751785686442, 36.7459010396611], [-119.751678686312, 36.7459500397479], [-119.751331685983, 36.7459440400768], [-119.750291685717, 36.745926040341], [-119.749945686111, 36.7459210397737], [-119.74994768576, 36.7457380398084], [-119.749957685806, 36.7451910398436], [-119.749961686004, 36.7450090401344], [-119.750412686091, 36.745008040297], [-119.751768685826, 36.7450060399022], [-119.752220685737, 36.7450060399022], [-119.752218686088, 36.7451460400545]]]}, "properties": {"GEOID": "060190027011011", "P0010001": 97, "ALAND": 20252, "AWATER": 0}}, {"type": "Feature", "geometry": {"type": "Polygon", "coordinates": [[[-119.753627686424, 36.7450120396466], [-119.753344685669, 36.7451510399524], [-119.752496685922, 36.745568040079], [-119.75221468589, 36.7457080399259], [-119.75221468589, 36.7455670402489], [-119.752218686088, 36.7451460400545], [-119.752220685737, 36.7450060399022], [-119.752501685945, 36.7450070397397], [-119.753345686392, 36.7450100399718], [-119.753627686424, 36.7450120396466]]]}, "properties": {"GEOID": "060190027011012", "P0010001": 28, "ALAND": 4897, "AWATER": 0}}, {"type": "Feature", "geometry": {"type": "Polygon", "coordinates": [[[-119.754418687168, 36.7450070397397], [-119.754259687159, 36.745008040297], [-119.75378568571, 36.7450100399718], [-119.753627686424, 36.7450120396466], [-119.753345686392, 36.7450100399718], [-119.752501685945, 36.7450070397397], [-119.752220685737, 36.7450060399022], [-119.752218686088, 36.7448250403139], [-119.752215685714, 36.7442820397076], [-119.752215685714, 36.7441010398514], [-119.752654686106, 36.7441020397007], [-119.753974685855, 36.7441060398174], [-119.754414686071, 36.7441080402356], [-119.75441468697, 36.7442870396618], [-119.754417687343, 36.7448270399936], [-119.754418687168, 36.7450070397397]]]}, "properties": {"GEOID": "060190027011013", "P0010001": 76, "ALAND": 19715, "AWATER": 0}}, {"type": "Feature", "geometry": {"type": "Polygon", "coordinates": [[[-119.752220685737, 36.7450060399022], [-119.751768685826, 36.7450060399022], [-119.750412686091, 36.745008040297], [-119.749961686004, 36.7450090401344], [-119.749957685806, 36.7448280398334], [-119.749946685936, 36.7442880402285], [-119.749943685562, 36.7441080402356], [-119.750397686022, 36.7441060398174], [-119.751760686328, 36.7441020397007], [-119.752215685714, 36.7441010398514], [-119.752215685714, 36.7442820397076], [-119.752218686088, 36.7448250403139], [-119.752220685737, 36.7450060399022]]]}, "properties": {"GEOID": "060190027011014", "P0010001": 104, "ALAND": 20272, "AWATER": 0}}, {"type": "Feature", "geometry": {"type": "Polygon", "coordinates": [[[-119.752215685714, 36.7433360397811], [-119.752215685714, 36.7439090397601], [-119.752215685714, 36.7441010398514], [-119.751760686328, 36.7441020397007], [-119.750397686022, 36.7441060398174], [-119.749943685562, 36.7441080402356], [-119.74994768576, 36.7439170400135], [-119.749961686004, 36.7433440400942], [-119.749966686027, 36.7431540399918], [-119.750415685566, 36.7431510396871], [-119.751765686351, 36.7431460396589], [-119.752215685714, 36.7431450397972], [-119.752215685714, 36.7433360397811]]]}, "properties": {"GEOID": "060190027011015", "P0010001": 59, "ALAND": 21407, "AWATER": 0}}, {"type": "Feature", "geometry": {"type": "Polygon", "coordinates": [[[-119.754414686071, 36.7441080402356], [-119.753974685855, 36.7441060398174], [-119.752654686106, 36.7441020397007], [-119.752215685714, 36.7441010398514], [-119.752215685714, 36.7439090397601], [-119.752215685714, 36.7433360397811], [-119.752215685714, 36.7431450397972], [-119.752653686281, 36.7431480401021], [-119.753970685657, 36.7431590400194], [-119.754409686049, 36.7431630401853], [-119.754410685874, 36.7433520396866], [-119.754413686247, 36.7439190397168], [-119.754414686071, 36.7441080402356]]]}, "properties": {"GEOID": "060190027011016", "P0010001": 47, "ALAND": 20691, "AWATER": 0}}, {"type": "Feature", "geometry": {"type": "Polygon", "coordinates": [[[-119.738652685298, 36.7497270422658], [-119.7386486851, 36.7502700417719], [-119.7386486851, 36.750451042193], [-119.738189684617, 36.750451042193], [-119.736815684441, 36.7504520419594], [-119.736357683783, 36.7504530417259], [-119.736364684354, 36.7502680422341], [-119.736386684095, 36.7497130418022], [-119.736394683593, 36.7495290417443], [-119.736607684028, 36.7495330422979], [-119.73684568368, 36.7495340420764], [-119.738201684313, 36.7495430422414], [-119.738653685123, 36.7495470420746], [-119.738652685298, 36.7497270422658]]]}, "properties": {"GEOID": "060190027012000", "P0010001": 19, "ALAND": 20587, "AWATER": 0}}, {"type": "Feature", "geometry": {"type": "Polygon", "coordinates": [[[-119.740906685008, 36.7497290410979], [-119.740903684635, 36.7502730410785], [-119.740903684635, 36.7504550419787], [-119.740452685447, 36.7504540422122], [-119.739099685187, 36.750451042193], [-119.7386486851, 36.750451042193], [-119.7386486851, 36.7502700417719], [-119.738652685298, 36.7497270422658], [-119.738653685123, 36.7495470420746], [-119.739103685385, 36.7495470420746], [-119.740456684746, 36.7495470413548], [-119.740907684833, 36.749548041133], [-119.740906685008, 36.7497290410979]]]}, "properties": {"GEOID": "060190027012001", "P0010001": 32, "ALAND": 20231, "AWATER": 0}}, {"type": "Feature", "geometry": {"type": "Polygon", "coordinates": [[[-119.74316768529, 36.7497230410025], [-119.743160684719, 36.7502770408736], [-119.743159684894, 36.7504620410635], [-119.742707684982, 36.7504600408109], [-119.741354684722, 36.7504560410254], [-119.740903684635, 36.7504550419787], [-119.740903684635, 36.7502730410785], [-119.740906685008, 36.7497290410979], [-119.740907684833, 36.749548041133], [-119.741359684745, 36.7495450410783], [-119.742716685203, 36.749540040747], [-119.743169684939, 36.7495390409686], [-119.74316768529, 36.7497230410025]]]}, "properties": {"GEOID": "060190027012002", "P0010001": 29, "ALAND": 20493, "AWATER": 0}}, {"type": "Feature", "geometry": {"type": "Polygon", "coordinates": [[[-119.745419686248, 36.7504690408673], [-119.744967686337, 36.7504670413347], [-119.743611684805, 36.7504630408298], [-119.743159684894, 36.7504620410635], [-119.743160684719, 36.7502770408736], [-119.74316768529, 36.7497230410025], [-119.743169684939, 36.7495390409686], [-119.743618685376, 36.7495410412452], [-119.744965685789, 36.7495470413548], [-119.74541568605, 36.7495490409114], [-119.74541568605, 36.7497330409213], [-119.745418686423, 36.7502850411828], [-119.745419686248, 36.7504690408673]]]}, "properties": {"GEOID": "060190027012003", "P0010001": 59, "ALAND": 20566, "AWATER": 0}}, {"type": "Feature", "geometry": {"type": "Polygon", "coordinates": [[[-119.745427685746, 36.7488280411934], [-119.7454176857, 36.7493680412417], [-119.74541568605, 36.7495490409114], [-119.744965685789, 36.7495470413548], [-119.743618685376, 36.7495410412452], [-119.743169684939, 36.7495390409686], [-119.743168685114, 36.7493590410561], [-119.743166684566, 36.7488220410276], [-119.743166684566, 36.7486430406627], [-119.743619685201, 36.7486440411726], [-119.744978685309, 36.7486470412625], [-119.745431685944, 36.7486480410525], [-119.745427685746, 36.7488280411934]]]}, "properties": {"GEOID": "060190027012004", "P0010001": 88, "ALAND": 20081, "AWATER": 0}}, {"type": "Feature", "geometry": {"type": "Polygon", "coordinates": [[[-119.743169684939, 36.7495390409686], [-119.742716685203, 36.749540040747], [-119.741359684745, 36.7495450410783], [-119.740907684833, 36.749548041133], [-119.740908684658, 36.7493650411799], [-119.740914685404, 36.7488200407322], [-119.740916685054, 36.7486380409924], [-119.741366685316, 36.7486380409924], [-119.742716685203, 36.7486420408726], [-119.743166684566, 36.7486430406627], [-119.743166684566, 36.7488220410276], [-119.743168685114, 36.7493590410561], [-119.743169684939, 36.7495390409686]]]}, "properties": {"GEOID": "060190027012005", "P0010001": 95, "ALAND": 20180, "AWATER": 0}}, {"type": "Feature", "geometry": {"type": "Polygon", "coordinates": [[[-119.740914685404, 36.7488200407322], [-119.740908684658, 36.7493650411799], [-119.740907684833, 36.749548041133], [-119.740456684746, 36.7495470413548], [-119.739103685385, 36.7495470420746], [-119.738653685123, 36.7495470420746], [-119.738651683676, 36.7493650418997], [-119.738647684377, 36.7488190416642], [-119.738646683653, 36.7486380409924], [-119.739100684113, 36.7486380409924], [-119.740462684594, 36.7486380409924], [-119.740916685054, 36.7486380409924], [-119.740914685404, 36.7488200407322]]]}, "properties": {"GEOID": "060190027012006", "P0010001": 72, "ALAND": 20379, "AWATER": 0}}, {"type": "Feature", "geometry": {"type": "Polygon", "coordinates": [[[-119.738653685123, 36.7495470420746], [-119.738201684313, 36.7495430422414], [-119.73684568368, 36.7495340420764], [-119.736607684028, 36.7495330422979], [-119.736394683593, 36.7495290417443], [-119.736393683768, 36.749350042309], [-119.736390684293, 36.7488130422175], [-119.73638968357, 36.7486340418317], [-119.736840683657, 36.7486340418317], [-119.738194683742, 36.748637041922], [-119.738646683653, 36.7486380409924], [-119.738647684377, 36.7488190416642], [-119.738651683676, 36.7493650418997], [-119.738653685123, 36.7495470420746]]]}, "properties": {"GEOID": "060190027012007", "P0010001": 72, "ALAND": 20202, "AWATER": 0}}, {"type": "Feature", "geometry": {"type": "Polygon", "coordinates": [[[-119.738655683874, 36.7479110411147], [-119.738648684202, 36.7484560408208], [-119.738646683653, 36.7486380409924], [-119.738194683742, 36.748637041922], [-119.736840683657, 36.7486340418317], [-119.73638968357, 36.7486340418317], [-119.736383683722, 36.7477300419], [-119.738658684247, 36.7477300411803], [-119.738655683874, 36.7479110411147]]]}, "properties": {"GEOID": "060190027012008", "P0010001": 38, "ALAND": 20333, "AWATER": 0}}, {"type": "Feature", "geometry": {"type": "Polygon", "coordinates": [[[-119.740916685054, 36.7486380409924], [-119.740462684594, 36.7486380409924], [-119.739100684113, 36.7486380409924], [-119.738646683653, 36.7486380409924], [-119.738648684202, 36.7484560408208], [-119.738655683874, 36.7479110411147], [-119.738658684247, 36.7477300411803], [-119.739108683611, 36.7477300411803], [-119.740457684571, 36.7477300411803], [-119.740908684658, 36.7477310409822], [-119.740909685381, 36.7479120409143], [-119.740914685404, 36.7484560408208], [-119.740916685054, 36.7486380409924]]]}, "properties": {"GEOID": "060190027012009", "P0010001": 65, "ALAND": 20335, "AWATER": 0}}, {"type": "Feature", "geometry": {"type": "Polygon", "coordinates": [[[-119.743166684566, 36.7486430406627], [-119.742716685203, 36.7486420408726], [-119.741366685316, 36.7486380409924], [-119.740916685054, 36.7486380409924], [-119.740914685404, 36.7484560408208], [-119.740909685381, 36.7479120409143], [-119.740908684658, 36.7477310409822], [-119.741357685095, 36.7477320407841], [-119.742706685157, 36.7477360407117], [-119.743156685419, 36.7477380410352], [-119.743158685069, 36.7479180411514], [-119.743164684916, 36.7484610412228], [-119.743166684566, 36.7486430406627]]]}, "properties": {"GEOID": "060190027012010", "P0010001": 84, "ALAND": 20196, "AWATER": 0}}, {"type": "Feature", "geometry": {"type": "Polygon", "coordinates": [[[-119.745431685944, 36.7486480410525], [-119.744978685309, 36.7486470412625], [-119.743619685201, 36.7486440411726], [-119.743166684566, 36.7486430406627], [-119.743164684916, 36.7484610412228], [-119.743158685069, 36.7479180411514], [-119.743156685419, 36.7477380410352], [-119.743609685155, 36.7477370412333], [-119.744970684913, 36.7477370412333], [-119.745424685373, 36.7477370412333], [-119.745425685198, 36.7479190409509], [-119.745429685396, 36.7484650411124], [-119.745431685944, 36.7486480410525]]]}, "properties": {"GEOID": "060190027012011", "P0010001": 124, "ALAND": 20401, "AWATER": 0}}, {"type": "Feature", "geometry": {"type": "Polygon", "coordinates": [[[-119.745425685198, 36.7469870407536], [-119.745424685373, 36.7471370411481], [-119.745424685373, 36.7475860407683], [-119.745424685373, 36.7477370412333], [-119.744970684913, 36.7477370412333], [-119.743609685155, 36.7477370412333], [-119.743156685419, 36.7477380410352], [-119.743159684894, 36.7475830413567], [-119.743170684764, 36.7471190409723], [-119.743174684962, 36.746965041295], [-119.743365684758, 36.7469600407955], [-119.744994685203, 36.7469570413594], [-119.745425685198, 36.7469290408585], [-119.745425685198, 36.7469870407536]]]}, "properties": {"GEOID": "060190027012012", "P0010001": 72, "ALAND": 17493, "AWATER": 0}}, {"type": "Feature", "geometry": {"type": "Polygon", "coordinates": [[[-119.743170684764, 36.7471190409723], [-119.743159684894, 36.7475830413567], [-119.743156685419, 36.7477380410352], [-119.742706685157, 36.7477360407117], [-119.741357685095, 36.7477320407841], [-119.740908684658, 36.7477310409822], [-119.740932684947, 36.7472040413255], [-119.740924684552, 36.746942041298], [-119.740918684704, 36.7468220407009], [-119.741059685169, 36.7469440409224], [-119.741641684777, 36.7469600407955], [-119.743174684962, 36.746965041295], [-119.743170684764, 36.7471190409723]]]}, "properties": {"GEOID": "060190027012013", "P0010001": 64, "ALAND": 17312, "AWATER": 0}}, {"type": "Feature", "geometry": {"type": "Polygon", "coordinates": [[[-119.740932684947, 36.7472040413255], [-119.740908684658, 36.7477310409822], [-119.740457684571, 36.7477300411803], [-119.739108683611, 36.7477300411803], [-119.738658684247, 36.7477300411803], [-119.73866568392, 36.7468260406759], [-119.740918684704, 36.7468220407009], [-119.740924684552, 36.746942041298], [-119.740932684947, 36.7472040413255]]]}, "properties": {"GEOID": "060190027012014", "P0010001": 72, "ALAND": 20303, "AWATER": 0}}, {"type": "Feature", "geometry": {"type": "Polygon", "coordinates": [[[-119.738658684247, 36.7477300411803], [-119.736383683722, 36.7477300419], [-119.736367683829, 36.7468650413203], [-119.73866568392, 36.7468260406759], [-119.738658684247, 36.7477300411803]]]}, "properties": {"GEOID": "060190027012015", "P0010001": 68, "ALAND": 20044, "AWATER": 0}}, {"type": "Feature", "geometry": {"type": "Polygon", "coordinates": [[[-119.73866568392, 36.7468260406759], [-119.736367683829, 36.7468650413203], [-119.736361683981, 36.7467840412885], [-119.7363746844, 36.7459340411038], [-119.738655683874, 36.7459440407966], [-119.73866568392, 36.7468260406759]]]}, "properties": {"GEOID": "060190027012016", "P0010001": 67, "ALAND": 20599, "AWATER": 0}}, {"type": "Feature", "geometry": {"type": "Polygon", "coordinates": [[[-119.740897684787, 36.7466140409971], [-119.740918684704, 36.7468220407009], [-119.73866568392, 36.7468260406759], [-119.738655683874, 36.7459440407966], [-119.740920684354, 36.7459370412997], [-119.740897684787, 36.7466140409971]]]}, "properties": {"GEOID": "060190027012017", "P0010001": 76, "ALAND": 19686, "AWATER": 0}}, {"type": "Feature", "geometry": {"type": "Polygon", "coordinates": [[[-119.74317868516, 36.7460830408539], [-119.743175684787, 36.7466050412083], [-119.743175684787, 36.7467790407773], [-119.743043685441, 36.746803041357], [-119.740918684704, 36.7468220407009], [-119.740897684787, 36.7466140409971], [-119.740920684354, 36.7459370412997], [-119.741371685339, 36.7459310409078], [-119.742727685073, 36.7459150408202], [-119.743179684985, 36.7459100409721], [-119.74317868516, 36.7460830408539]]]}, "properties": {"GEOID": "060190027012018", "P0010001": 80, "ALAND": 19965, "AWATER": 0}}, {"type": "Feature", "geometry": {"type": "Polygon", "coordinates": [[[-119.745434685419, 36.7460760406499], [-119.745429685396, 36.7465430410348], [-119.745428684673, 36.7466990411899], [-119.744976684761, 36.7467040409866], [-119.743621684851, 36.7467190410946], [-119.743518684919, 36.7467210407248], [-119.743175684787, 36.7467790407773], [-119.743175684787, 36.7466050412083], [-119.74317868516, 36.7460830408539], [-119.743179684985, 36.7459100409721], [-119.743630685072, 36.7459120413433], [-119.744984685157, 36.7459180410168], [-119.745436685068, 36.7459210412134], [-119.745434685419, 36.7460760406499]]]}, "properties": {"GEOID": "060190027012019", "P0010001": 64, "ALAND": 17892, "AWATER": 0}}, {"type": "Feature", "geometry": {"type": "Polygon", "coordinates": [[[-119.745427684848, 36.7467560407244], [-119.745425685198, 36.7469290408585], [-119.744994685203, 36.7469570413594], [-119.743365684758, 36.7469600407955], [-119.743174684962, 36.746965041295], [-119.743174684962, 36.7469270412336], [-119.743174684962, 36.7468160410981], [-119.743175684787, 36.7467790407773], [-119.743518684919, 36.7467210407248], [-119.743621684851, 36.7467190410946], [-119.744976684761, 36.7467040409866], [-119.745428684673, 36.7466990411899], [-119.745427684848, 36.7467560407244]]]}, "properties": {"GEOID": "060190027012020", "P0010001": 0, "ALAND": 5359, "AWATER": 0}}, {"type": "Feature", "geometry": {"type": "Polygon", "coordinates": [[[-119.743174684962, 36.7468160410981], [-119.743174684962, 36.7469270412336], [-119.743174684962, 36.746965041295], [-119.741641684777, 36.7469600407955], [-119.741059685169, 36.7469440409224], [-119.740918684704, 36.7468220407009], [-119.743043685441, 36.746803041357], [-119.743175684787, 36.7467790407773], [-119.743174684962, 36.7468160410981]]]}, "properties": {"GEOID": "060190027012021", "P0010001": 0, "ALAND": 3210, "AWATER": 0}}, {"type": "Feature", "geometry": {"type": "Polygon", "coordinates": [[[-119.745441685091, 36.7451950413432], [-119.745437684893, 36.745739041076], [-119.745436685068, 36.7459210412134], [-119.744984685157, 36.7459180410168], [-119.743630685072, 36.7459120413433], [-119.743179684985, 36.7459100409721], [-119.743179684985, 36.7457270409806], [-119.74318068481, 36.7451820413275], [-119.743181684635, 36.7450000408771], [-119.743633685445, 36.7450020412721], [-119.744990685005, 36.7450110412489], [-119.745443684741, 36.745014040761], [-119.745441685091, 36.7451950413432]]]}, "properties": {"GEOID": "060190027012022", "P0010001": 71, "ALAND": 20345, "AWATER": 0}}, {"type": "Feature", "geometry": {"type": "Polygon", "coordinates": [[[-119.74318068481, 36.7451820413275], [-119.743179684985, 36.7457270409806], [-119.743179684985, 36.7459100409721], [-119.742727685073, 36.7459150408202], [-119.741371685339, 36.7459310409078], [-119.740920684354, 36.7459370412997], [-119.740917683981, 36.7457490407942], [-119.74090868376, 36.7451880410582], [-119.740905684285, 36.7450020412721], [-119.741360683671, 36.7450010407147], [-119.742725685424, 36.7450000408771], [-119.743181684635, 36.7450000408771], [-119.74318068481, 36.7451820413275]]]}, "properties": {"GEOID": "060190027012023", "P0010001": 85, "ALAND": 20728, "AWATER": 0}}, {"type": "Feature", "geometry": {"type": "Polygon", "coordinates": [[[-119.740920684354, 36.7459370412997], [-119.738655683874, 36.7459440407966], [-119.738659684072, 36.7450110412489], [-119.739108683611, 36.7450080410168], [-119.740455684023, 36.7450030411096], [-119.740905684285, 36.7450020412721], [-119.74090868376, 36.7451880410582], [-119.740917683981, 36.7457490407942], [-119.740920684354, 36.7459370412997]]]}, "properties": {"GEOID": "060190027012024", "P0010001": 80, "ALAND": 20897, "AWATER": 0}}, {"type": "Feature", "geometry": {"type": "Polygon", "coordinates": [[[-119.738655683874, 36.7459440407966], [-119.7363746844, 36.7459340411038], [-119.736375684225, 36.7459180410168], [-119.73637668405, 36.7450070411793], [-119.738659684072, 36.7450110412489], [-119.738655683874, 36.7459440407966]]]}, "properties": {"GEOID": "060190027012025", "P0010001": 100, "ALAND": 21029, "AWATER": 0}}, {"type": "Feature", "geometry": {"type": "Polygon", "coordinates": [[[-119.738659684072, 36.7450110412489], [-119.73637668405, 36.7450070411793], [-119.736373683677, 36.7441090408046], [-119.738666683745, 36.7441020411403], [-119.738659684072, 36.7450110412489]]]}, "properties": {"GEOID": "060190027012026", "P0010001": 86, "ALAND": 20488, "AWATER": 0}}, {"type": "Feature", "geometry": {"type": "Polygon", "coordinates": [[[-119.74091968363, 36.7441180408861], [-119.740916684156, 36.7442940407488], [-119.740907683935, 36.7448250410338], [-119.740905684285, 36.7450020412721], [-119.740455684023, 36.7450030411096], [-119.739108683611, 36.7450080410168], [-119.738659684072, 36.7450110412489], [-119.738666683745, 36.7441020411403], [-119.738672683593, 36.7432040409736], [-119.740946684293, 36.7431920412016], [-119.74091968363, 36.7441180408861]]]}, "properties": {"GEOID": "060190027012027", "P0010001": 15, "ALAND": 40425, "AWATER": 0}}, {"type": "Feature", "geometry": {"type": "Polygon", "coordinates": [[[-119.743183685183, 36.7442870411014], [-119.743181684635, 36.7448210409546], [-119.743181684635, 36.7450000408771], [-119.742725685424, 36.7450000408771], [-119.741360683671, 36.7450010407147], [-119.740905684285, 36.7450020412721], [-119.740907683935, 36.7448250410338], [-119.740916684156, 36.7442940407488], [-119.74091968363, 36.7441180408861], [-119.74137168444, 36.744116041188], [-119.742731685271, 36.7441100406537], [-119.743184685008, 36.7441090408046], [-119.743183685183, 36.7442870411014]]]}, "properties": {"GEOID": "060190027012028", "P0010001": 115, "ALAND": 19971, "AWATER": 0}}, {"type": "Feature", "geometry": {"type": "Polygon", "coordinates": [[[-119.745443684741, 36.745014040761], [-119.744990685005, 36.7450110412489], [-119.743633685445, 36.7450020412721], [-119.743181684635, 36.7450000408771], [-119.743181684635, 36.7448210409546], [-119.743183685183, 36.7442870411014], [-119.743184685008, 36.7441090408046], [-119.743635685095, 36.744105040688], [-119.744988685355, 36.7440970411741], [-119.745439685441, 36.7440940409063], [-119.745439685441, 36.7442780410397], [-119.745442684916, 36.7448300409526], [-119.745443684741, 36.745014040761]]]}, "properties": {"GEOID": "060190027012029", "P0010001": 60, "ALAND": 20268, "AWATER": 0}}, {"type": "Feature", "geometry": {"type": "Polygon", "coordinates": [[[-119.745448684764, 36.743370040746], [-119.745441685091, 36.7439130413266], [-119.745439685441, 36.7440940409063], [-119.744988685355, 36.7440970411741], [-119.743635685095, 36.744105040688], [-119.743184685008, 36.7441090408046], [-119.743184685008, 36.7439260408374], [-119.743184685008, 36.7433780410555], [-119.743184685008, 36.7431960406459], [-119.743298684811, 36.7431930410627], [-119.743641684942, 36.7431870411761], [-119.74375668457, 36.7431850407339], [-119.743879684594, 36.7431850407339], [-119.744249685388, 36.7431870411761], [-119.744373685237, 36.7431880410373], [-119.744588685322, 36.7431880410373], [-119.745235685227, 36.7431890408984], [-119.745451685137, 36.7431900407596], [-119.745448684764, 36.743370040746]]]}, "properties": {"GEOID": "060190027012030", "P0010001": 48, "ALAND": 20451, "AWATER": 0}}, {"type": "Feature", "geometry": {"type": "Polygon", "coordinates": [[[-119.743184685008, 36.7433780410555], [-119.743184685008, 36.7439260408374], [-119.743184685008, 36.7441090408046], [-119.742731685271, 36.7441100406537], [-119.74137168444, 36.744116041188], [-119.74091968363, 36.7441180408861], [-119.740946684293, 36.7431920412016], [-119.741583684152, 36.7431910413405], [-119.741795683864, 36.7431910413405], [-119.742434684272, 36.7431910413405], [-119.742647683809, 36.7431920412016], [-119.742754684838, 36.7431920412016], [-119.743076685053, 36.7431950407849], [-119.743184685008, 36.7431960406459], [-119.743184685008, 36.7433780410555]]]}, "properties": {"GEOID": "060190027012031", "P0010001": 73, "ALAND": 20557, "AWATER": 0}}, {"type": "Feature", "geometry": {"type": "Polygon", "coordinates": [[[-119.738666683745, 36.7441020411403], [-119.736373683677, 36.7441090408046], [-119.736373683677, 36.7439250409858], [-119.736374682603, 36.7433750407596], [-119.736375683326, 36.7431920412016], [-119.737480683889, 36.7431900407596], [-119.737544684362, 36.7431940409238], [-119.738590683577, 36.7432060406955], [-119.738672683593, 36.7432040409736], [-119.738666683745, 36.7441020411403]]]}, "properties": {"GEOID": "060190027012032", "P0010001": 56, "ALAND": 20699, "AWATER": 0}}, {"type": "Feature", "geometry": {"type": "Polygon", "coordinates": [[[-119.747676686332, 36.7504630408298], [-119.74722468642, 36.750464041316], [-119.745870686335, 36.7504670413347], [-119.745419686248, 36.7504690408673], [-119.745418686423, 36.7502850411828], [-119.74541568605, 36.7497330409213], [-119.74541568605, 36.7495490409114], [-119.745867685962, 36.7495510411876], [-119.747223685697, 36.7495580410747], [-119.747675685608, 36.7495610411289], [-119.747675685608, 36.7497410412872], [-119.747675685608, 36.7502820411569], [-119.747676686332, 36.7504630408298]]]}, "properties": {"GEOID": "060190027013000", "P0010001": 39, "ALAND": 20390, "AWATER": 0}}, {"type": "Feature", "geometry": {"type": "Polygon", "coordinates": [[[-119.74993668589, 36.7497390410159], [-119.749932685692, 36.7502850411828], [-119.749931685867, 36.7504670413347], [-119.74948068578, 36.7504660408487], [-119.748127686418, 36.7504630408298], [-119.747676686332, 36.7504630408298], [-119.747675685608, 36.7502820411569], [-119.747675685608, 36.7497410412872], [-119.747675685608, 36.7495610411289], [-119.748127686418, 36.7495600413507], [-119.749485685803, 36.7495580410747], [-119.749938686438, 36.7495580410747], [-119.74993668589, 36.7497390410159]]]}, "properties": {"GEOID": "060190027013001", "P0010001": 44, "ALAND": 20271, "AWATER": 0}}, {"type": "Feature", "geometry": {"type": "Polygon", "coordinates": [[[-119.749938686438, 36.7495580410747], [-119.749485685803, 36.7495580410747], [-119.748127686418, 36.7495600413507], [-119.747675685608, 36.7495610411289], [-119.747671686309, 36.7493770407065], [-119.747661686263, 36.7488250411105], [-119.74765868589, 36.7486410410825], [-119.748113686175, 36.7486430406627], [-119.74947868613, 36.7486490408426], [-119.749933686415, 36.7486510411423], [-119.749933686415, 36.7488320410637], [-119.74993668589, 36.7493760409259], [-119.749938686438, 36.7495580410747]]]}, "properties": {"GEOID": "060190027013002", "P0010001": 107, "ALAND": 20528, "AWATER": 0}}, {"type": "Feature", "geometry": {"type": "Polygon", "coordinates": [[[-119.747675685608, 36.7495610411289], [-119.747223685697, 36.7495580410747], [-119.745867685962, 36.7495510411876], [-119.74541568605, 36.7495490409114], [-119.7454176857, 36.7493680412417], [-119.745427685746, 36.7488280411934], [-119.745431685944, 36.7486480410525], [-119.745876686183, 36.7486460407527], [-119.747212685826, 36.7486420408726], [-119.74765868589, 36.7486410410825], [-119.747661686263, 36.7488250411105], [-119.747671686309, 36.7493770407065], [-119.747675685608, 36.7495610411289]]]}, "properties": {"GEOID": "060190027013003", "P0010001": 82, "ALAND": 20247, "AWATER": 0}}, {"type": "Feature", "geometry": {"type": "Polygon", "coordinates": [[[-119.747661686263, 36.7479060406768], [-119.74765868589, 36.7484570413331], [-119.74765868589, 36.7486410410825], [-119.747212685826, 36.7486420408726], [-119.745876686183, 36.7486460407527], [-119.745431685944, 36.7486480410525], [-119.745429685396, 36.7484650411124], [-119.745425685198, 36.7479190409509], [-119.745424685373, 36.7477370412333], [-119.745871685262, 36.7477330413059], [-119.747214686374, 36.7477250407306], [-119.747662686088, 36.7477230411265], [-119.747661686263, 36.7479060406768]]]}, "properties": {"GEOID": "060190027013004", "P0010001": 107, "ALAND": 20242, "AWATER": 0}}, {"type": "Feature", "geometry": {"type": "Polygon", "coordinates": [[[-119.749933686415, 36.7486510411423], [-119.74947868613, 36.7486490408426], [-119.748113686175, 36.7486430406627], [-119.74765868589, 36.7486410410825], [-119.74765868589, 36.7484570413331], [-119.747661686263, 36.7479060406768], [-119.747662686088, 36.7477230411265], [-119.748115685824, 36.7477250407306], [-119.749474685932, 36.7477310409822], [-119.749928686392, 36.7477340411078], [-119.749929686217, 36.7479170413518], [-119.749932685692, 36.7484670406971], [-119.749933686415, 36.7486510411423]]]}, "properties": {"GEOID": "060190027013005", "P0010001": 87, "ALAND": 20658, "AWATER": 0}}, {"type": "Feature", "geometry": {"type": "Polygon", "coordinates": [[[-119.749933686415, 36.7470300412806], [-119.749933686415, 36.7471830410184], [-119.749933686415, 36.747234041343], [-119.749932685692, 36.7473330410297], [-119.749928686392, 36.7476330408925], [-119.749928686392, 36.7477340411078], [-119.749474685932, 36.7477310409822], [-119.748115685824, 36.7477250407306], [-119.747662686088, 36.7477230411265], [-119.747668685936, 36.7475700410258], [-119.747690685677, 36.7471120408628], [-119.747698686073, 36.7469600407955], [-119.748145685962, 36.7469640407632], [-119.749486685628, 36.7469760406652], [-119.749933686415, 36.746980041352], [-119.749933686415, 36.7470300412806]]]}, "properties": {"GEOID": "060190027013006", "P0010001": 82, "ALAND": 16922, "AWATER": 0}}, {"type": "Feature", "geometry": {"type": "Polygon", "coordinates": [[[-119.747698686073, 36.7469600407955], [-119.747690685677, 36.7471120408628], [-119.747668685936, 36.7475700410258], [-119.747662686088, 36.7477230411265], [-119.747214686374, 36.7477250407306], [-119.745871685262, 36.7477330413059], [-119.745424685373, 36.7477370412333], [-119.745424685373, 36.7475860407683], [-119.745424685373, 36.7471370411481], [-119.745425685198, 36.7469870407536], [-119.745425685198, 36.7469290408585], [-119.745427684848, 36.7467560407244], [-119.745428684673, 36.7466990411899], [-119.745429685396, 36.7465430410348], [-119.745434685419, 36.7460760406499], [-119.745436685068, 36.7459210412134], [-119.745883684957, 36.7459190408424], [-119.747225686245, 36.7459140409946], [-119.747673685959, 36.745913041169], [-119.747676686332, 36.7460720413557], [-119.747688686027, 36.7465490406591], [-119.747692686225, 36.7467080409677], [-119.7476916864, 36.7467300412198], [-119.747687686202, 36.7467990406611], [-119.747687686202, 36.7468230412345], [-119.747689685852, 36.7468500412409], [-119.7476956857, 36.7469320410155], [-119.747698686073, 36.7469600407955]]]}, "properties": {"GEOID": "060190027013007", "P0010001": 126, "ALAND": 40497, "AWATER": 0}}, {"type": "Feature", "geometry": {"type": "Polygon", "coordinates": [[[-119.747696686423, 36.7451930409533], [-119.747678685982, 36.7457330406686], [-119.747673685959, 36.745913041169], [-119.747225686245, 36.7459140409946], [-119.745883684957, 36.7459190408424], [-119.745436685068, 36.7459210412134], [-119.745437684893, 36.745739041076], [-119.745441685091, 36.7451950413432], [-119.745443684741, 36.745014040761], [-119.745894684828, 36.745014040761], [-119.747251685286, 36.745014040761], [-119.747703685198, 36.745014040761], [-119.747696686423, 36.7451930409533]]]}, "properties": {"GEOID": "060190027013008", "P0010001": 84, "ALAND": 20109, "AWATER": 0}}, {"type": "Feature", "geometry": {"type": "Polygon", "coordinates": [[[-119.749957685806, 36.7451910398436], [-119.74994768576, 36.7457380398084], [-119.749945686111, 36.7459210397737], [-119.749490685826, 36.7459190401226], [-119.748127686418, 36.7459140409946], [-119.747673685959, 36.745913041169], [-119.747678685982, 36.7457330406686], [-119.747696686423, 36.7451930409533], [-119.747703685198, 36.745014040761], [-119.748154686183, 36.7450120410863], [-119.749509686093, 36.7450100399718], [-119.749961686004, 36.7450090401344], [-119.749957685806, 36.7451910398436]]]}, "properties": {"GEOID": "060190027013009", "P0010001": 79, "ALAND": 20327, "AWATER": 0}}, {"type": "Feature", "geometry": {"type": "Polygon", "coordinates": [[[-119.749955686156, 36.7464410408727], [-119.749952685783, 36.7464910411526], [-119.749945686111, 36.7466400412608], [-119.749943685562, 36.7466910412266], [-119.747692686225, 36.7467080409677], [-119.747688686027, 36.7465490406591], [-119.747676686332, 36.7460720413557], [-119.747673685959, 36.745913041169], [-119.748127686418, 36.7459140409946], [-119.749490685826, 36.7459190401226], [-119.749945686111, 36.7459210397737], [-119.74994768576, 36.7460250402754], [-119.749953685608, 36.7463370409349], [-119.749955686156, 36.7464410408727]]]}, "properties": {"GEOID": "060190027013010", "P0010001": 89, "ALAND": 17593, "AWATER": 0}}, {"type": "Feature", "geometry": {"type": "Polygon", "coordinates": [[[-119.749941685913, 36.7467480407671], [-119.74993468624, 36.7469220407316], [-119.749933686415, 36.746980041352], [-119.749486685628, 36.7469760406652], [-119.748145685962, 36.7469640407632], [-119.747698686073, 36.7469600407955], [-119.7476956857, 36.7469320410155], [-119.747689685852, 36.7468500412409], [-119.747687686202, 36.7468230412345], [-119.747687686202, 36.7467990406611], [-119.7476916864, 36.7467300412198], [-119.747692686225, 36.7467080409677], [-119.749943685562, 36.7466910412266], [-119.749941685913, 36.7467480407671]]]}, "properties": {"GEOID": "060190027013011", "P0010001": 0, "ALAND": 6022, "AWATER": 0}}, {"type": "Feature", "geometry": {"type": "Polygon", "coordinates": [[[-119.747703685198, 36.745014040761], [-119.747251685286, 36.745014040761], [-119.745894684828, 36.745014040761], [-119.745443684741, 36.745014040761], [-119.745442684916, 36.7448300409526], [-119.745439685441, 36.7442780410397], [-119.745439685441, 36.7440940409063], [-119.74588868498, 36.7440960413248], [-119.747235685392, 36.7441060398174], [-119.747684684931, 36.7441090400847], [-119.747687685304, 36.7442900399221], [-119.747699685, 36.7448330411916], [-119.747703685198, 36.745014040761]]]}, "properties": {"GEOID": "060190027013012", "P0010001": 88, "ALAND": 20379, "AWATER": 0}}, {"type": "Feature", "geometry": {"type": "Polygon", "coordinates": [[[-119.749961686004, 36.7450090401344], [-119.749509686093, 36.7450100399718], [-119.748154686183, 36.7450120410863], [-119.747703685198, 36.745014040761], [-119.747699685, 36.7448330411916], [-119.747687685304, 36.7442900399221], [-119.747684684931, 36.7441090400847], [-119.748135685018, 36.7441080402356], [-119.749491685651, 36.7441080402356], [-119.749943685562, 36.7441080402356], [-119.749946685936, 36.7442880402285], [-119.749957685806, 36.7448280398334], [-119.749961686004, 36.7450090401344]]]}, "properties": {"GEOID": "060190027013013", "P0010001": 91, "ALAND": 20213, "AWATER": 0}}, {"type": "Feature", "geometry": {"type": "Polygon", "coordinates": [[[-119.749961686004, 36.7433440400942], [-119.74994768576, 36.7439170400135], [-119.749943685562, 36.7441080402356], [-119.749491685651, 36.7441080402356], [-119.748135685018, 36.7441080402356], [-119.747684684931, 36.7441090400847], [-119.747687685304, 36.7439280398206], [-119.747698685175, 36.74338904022], [-119.747702685373, 36.7432090402782], [-119.747781685015, 36.7432080396974], [-119.747928685328, 36.7432040402538], [-119.748607685021, 36.7431890401786], [-119.748834684802, 36.7431850400141], [-119.749060685656, 36.7431780402656], [-119.749739686246, 36.743160039881], [-119.749966686027, 36.7431540399918], [-119.749961686004, 36.7433440400942]]]}, "properties": {"GEOID": "060190027013014", "P0010001": 91, "ALAND": 20732, "AWATER": 0}}, {"type": "Feature", "geometry": {"type": "Polygon", "coordinates": [[[-119.747698685175, 36.74338904022], [-119.747687685304, 36.7439280398206], [-119.747684684931, 36.7441090400847], [-119.747235685392, 36.7441060398174], [-119.74588868498, 36.7440960413248], [-119.745439685441, 36.7440940409063], [-119.745441685091, 36.7439130413266], [-119.745448684764, 36.743370040746], [-119.745451685137, 36.7431900407596], [-119.745678684918, 36.7431880403174], [-119.746360684983, 36.7431850400141], [-119.746588684589, 36.7431840401529], [-119.746810685245, 36.7431890401786], [-119.747479684892, 36.7432040402538], [-119.747702685373, 36.7432090402782], [-119.747698685175, 36.74338904022]]]}, "properties": {"GEOID": "060190027013015", "P0010001": 46, "ALAND": 20268, "AWATER": 0}}, {"type": "Feature", "geometry": {"type": "Polygon", "coordinates": [[[-119.746588684589, 36.7417440400681], [-119.746588684589, 36.7428240403251], [-119.746588684589, 36.7431840401529], [-119.746360684983, 36.7431850400141], [-119.745678684918, 36.7431880403174], [-119.745451685137, 36.7431900407596], [-119.745457684985, 36.7413770400518], [-119.746588684589, 36.7413840399646], [-119.746588684589, 36.7417440400681]]]}, "properties": {"GEOID": "060190027021000", "P0010001": 65, "ALAND": 20299, "AWATER": 0}}, {"type": "Feature", "geometry": {"type": "Polygon", "coordinates": [[[-119.747714685068, 36.7417470397079], [-119.747705684847, 36.7428430399343], [-119.747702685373, 36.7432090402782], [-119.747479684892, 36.7432040402538], [-119.746810685245, 36.7431890401786], [-119.746588684589, 36.7431840401529], [-119.746588684589, 36.7428240403251], [-119.746588684589, 36.7417440400681], [-119.746588684589, 36.7413840399646], [-119.74681368472, 36.7413830400799], [-119.74749268531, 36.7413820401953], [-119.747718685266, 36.7413820401953], [-119.747714685068, 36.7417470397079]]]}, "properties": {"GEOID": "060190027021001", "P0010001": 64, "ALAND": 20165, "AWATER": 0}}, {"type": "Feature", "geometry": {"type": "Polygon", "coordinates": [[[-119.748838684999, 36.7417340398281], [-119.748835684626, 36.7428220398735], [-119.748834684802, 36.7431850400141], [-119.748607685021, 36.7431890401786], [-119.747928685328, 36.7432040402538], [-119.747781685015, 36.7432080396974], [-119.747702685373, 36.7432090402782], [-119.747705684847, 36.7428430399343], [-119.747714685068, 36.7417470397079], [-119.747718685266, 36.7413820401953], [-119.747942684674, 36.7413790398213], [-119.748615685417, 36.7413740396777], [-119.748840684649, 36.7413720399081], [-119.748838684999, 36.7417340398281]]]}, "properties": {"GEOID": "060190027021002", "P0010001": 101, "ALAND": 20328, "AWATER": 0}}, {"type": "Feature", "geometry": {"type": "Polygon", "coordinates": [[[-119.749990686316, 36.741721039946], [-119.749972685875, 36.7427950398896], [-119.749966686027, 36.7431540399918], [-119.749739686246, 36.743160039881], [-119.749060685656, 36.7431780402656], [-119.748834684802, 36.7431850400141], [-119.748835684626, 36.7428220398735], [-119.748838684999, 36.7417340398281], [-119.748840684649, 36.7413720399081], [-119.749071684628, 36.7413690402536], [-119.749765685287, 36.7413640401093], [-119.749997685091, 36.7413630402243], [-119.749990686316, 36.741721039946]]]}, "properties": {"GEOID": "060190027021003", "P0010001": 99, "ALAND": 20441, "AWATER": 0}}, {"type": "Feature", "geometry": {"type": "Polygon", "coordinates": [[[-119.754456685904, 36.7396520402342], [-119.754446685859, 36.7404110402078], [-119.754443686384, 36.7406650403448], [-119.754439686186, 36.7408960399918], [-119.754428686315, 36.7415920401664], [-119.754425685942, 36.7418250396607], [-119.754426685767, 36.7420160400503], [-119.75442968614, 36.7425890398065], [-119.75443168579, 36.7427800397345], [-119.754426685767, 36.7428560403462], [-119.754413686247, 36.7430860400151], [-119.754409686049, 36.7431630401853], [-119.753970685657, 36.7431590400194], [-119.752653686281, 36.7431480401021], [-119.752215685714, 36.7431450397972], [-119.751765686351, 36.7431460396589], [-119.750415685566, 36.7431510396871], [-119.749966686027, 36.7431540399918], [-119.749972685875, 36.7427950398896], [-119.749990686316, 36.741721039946], [-119.749997685091, 36.7413630402243], [-119.749998684916, 36.7409840397088], [-119.750001685289, 36.7398480397958], [-119.750003684939, 36.7394700403475], [-119.750896684891, 36.7394680398084], [-119.752652685557, 36.7394660399891], [-119.753575685647, 36.7394650400795], [-119.75421368623, 36.7394650400795], [-119.754460686102, 36.7393990402549], [-119.754456685904, 36.7396520402342]]]}, "properties": {"GEOID": "060190027021004", "P0010001": 0, "ALAND": 162420, "AWATER": 0}}, {"type": "Feature", "geometry": {"type": "Polygon", "coordinates": [[[-119.754539685745, 36.7358610392005], [-119.754475686171, 36.7381170391673], [-119.754460686102, 36.7393990402549], [-119.75421368623, 36.7394650400795], [-119.753575685647, 36.7394650400795], [-119.752652685557, 36.7394660399891], [-119.752618686121, 36.7394180399921], [-119.75258568561, 36.7392860402052], [-119.750867684579, 36.7392880400292], [-119.750003684939, 36.7392900398531], [-119.750005684588, 36.7387500401566], [-119.750006685312, 36.7385710400548], [-119.750006685312, 36.738398039797], [-119.750006685312, 36.7380900396879], [-119.750006685312, 36.737880040214], [-119.750007685137, 36.7377080397712], [-119.750006685312, 36.737529040119], [-119.750003684939, 36.73699304004], [-119.750003684939, 36.7368150401046], [-119.750001685289, 36.7366280402375], [-119.749997685091, 36.7360670400628], [-119.749996685266, 36.7358810390499], [-119.750227685245, 36.7358780391808], [-119.750921685006, 36.7358730386788], [-119.751153684809, 36.7358720387223], [-119.75126968516, 36.7358730386788], [-119.75138068459, 36.7358730386788], [-119.75206168483, 36.7358780391808], [-119.752289685334, 36.7358800390935], [-119.753427684611, 36.7358600392439], [-119.754479686369, 36.7358570386541], [-119.754539685745, 36.7358610392005]]]}, "properties": {"GEOID": "060190027021005", "P0010001": 0, "ALAND": 155278, "AWATER": 0}}, {"type": "Feature", "geometry": {"type": "Polygon", "coordinates": [[[-119.752652685557, 36.7394660399891], [-119.750896684891, 36.7394680398084], [-119.750003684939, 36.7394700403475], [-119.750003684939, 36.7392900398531], [-119.750867684579, 36.7392880400292], [-119.75258568561, 36.7392860402052], [-119.752618686121, 36.7394180399921], [-119.752652685557, 36.7394660399891]]]}, "properties": {"GEOID": "060190027021006", "P0010001": 0, "ALAND": 4653, "AWATER": 0}}, {"type": "Feature", "geometry": {"type": "Polygon", "coordinates": [[[-119.750005684588, 36.7387500401566], [-119.750003684939, 36.7392900398531], [-119.750003684939, 36.7394700403475], [-119.749775685333, 36.7394730400762], [-119.74937768495, 36.7394800401626], [-119.749094685093, 36.7394760398048], [-119.748867685312, 36.7394730400762], [-119.748638684983, 36.7394710402571], [-119.747954685268, 36.7394660399891], [-119.747726684764, 36.7394650400795], [-119.747727684589, 36.7392890399412], [-119.747729685137, 36.738763039822], [-119.747731684787, 36.7385880401548], [-119.748185685246, 36.7385840397505], [-119.749551685027, 36.7385740398187], [-119.750006685312, 36.7385710400548], [-119.750005684588, 36.7387500401566]]]}, "properties": {"GEOID": "060190027021007", "P0010001": 116, "ALAND": 20143, "AWATER": 0}}, {"type": "Feature", "geometry": {"type": "Polygon", "coordinates": [[[-119.748861684566, 36.7398520401342], [-119.748845684672, 36.740992040267], [-119.748840684649, 36.7413720399081], [-119.748615685417, 36.7413740396777], [-119.747942684674, 36.7413790398213], [-119.747718685266, 36.7413820401953], [-119.747719685091, 36.7409980403252], [-119.747724685114, 36.7398480397958], [-119.747726684764, 36.7394650400795], [-119.747954685268, 36.7394660399891], [-119.748638684983, 36.7394710402571], [-119.748867685312, 36.7394730400762], [-119.748861684566, 36.7398520401342]]]}, "properties": {"GEOID": "060190027021008", "P0010001": 137, "ALAND": 21397, "AWATER": 0}}, {"type": "Feature", "geometry": {"type": "Polygon", "coordinates": [[[-119.747724685114, 36.7398480397958], [-119.747719685091, 36.7409980403252], [-119.747718685266, 36.7413820401953], [-119.74749268531, 36.7413820401953], [-119.74681368472, 36.7413830400799], [-119.746588684589, 36.7413840399646], [-119.74659568516, 36.7394760398048], [-119.747726684764, 36.7394650400795], [-119.747724685114, 36.7398480397958]]]}, "properties": {"GEOID": "060190027021009", "P0010001": 75, "ALAND": 21417, "AWATER": 0}}, {"type": "Feature", "geometry": {"type": "Polygon", "coordinates": [[[-119.746588684589, 36.7413840399646], [-119.745457684985, 36.7413770400518], [-119.745484684749, 36.73951004032], [-119.745478684901, 36.7394780403436], [-119.74659568516, 36.7394760398048], [-119.746588684589, 36.7413840399646]]]}, "properties": {"GEOID": "060190027021010", "P0010001": 83, "ALAND": 21146, "AWATER": 0}}, {"type": "Feature", "geometry": {"type": "Polygon", "coordinates": [[[-119.747729685137, 36.738763039822], [-119.747727684589, 36.7392890399412], [-119.747726684764, 36.7394650400795], [-119.74659568516, 36.7394760398048], [-119.745478684901, 36.7394780403436], [-119.745477684178, 36.7385870402337], [-119.747731684787, 36.7385880401548], [-119.747729685137, 36.738763039822]]]}, "properties": {"GEOID": "060190027021011", "P0010001": 127, "ALAND": 19769, "AWATER": 0}}, {"type": "Feature", "geometry": {"type": "Polygon", "coordinates": [[[-119.747731684787, 36.7378830400048], [-119.747731684787, 36.7384110402419], [-119.747731684787, 36.7385880401548], [-119.745477684178, 36.7385870402337], [-119.745476684353, 36.7377150400185], [-119.74592768444, 36.7377130401536], [-119.7472806847, 36.7377090397037], [-119.747732684612, 36.7377080397712], [-119.747731684787, 36.7378830400048]]]}, "properties": {"GEOID": "060190027021012", "P0010001": 89, "ALAND": 19585, "AWATER": 0}}, {"type": "Feature", "geometry": {"type": "Polygon", "coordinates": [[[-119.750006685312, 36.737880040214], [-119.750006685312, 36.7380900396879], [-119.750006685312, 36.738398039797], [-119.750006685312, 36.7385710400548], [-119.749551685027, 36.7385740398187], [-119.748185685246, 36.7385840397505], [-119.747731684787, 36.7385880401548], [-119.747731684787, 36.7384110402419], [-119.747731684787, 36.7378830400048], [-119.747732684612, 36.7377080397712], [-119.748187684896, 36.7377080397712], [-119.749552684852, 36.7377080397712], [-119.750007685137, 36.7377080397712], [-119.750006685312, 36.737880040214]]]}, "properties": {"GEOID": "060190027021013", "P0010001": 123, "ALAND": 19642, "AWATER": 0}}, {"type": "Feature", "geometry": {"type": "Polygon", "coordinates": [[[-119.750007685137, 36.7377080397712], [-119.749552684852, 36.7377080397712], [-119.748187684896, 36.7377080397712], [-119.747732684612, 36.7377080397712], [-119.747733685335, 36.7375300400539], [-119.747738685358, 36.7369990396909], [-119.747740685007, 36.7368220397135], [-119.748192684919, 36.7368200398253], [-119.749550685202, 36.7368160400488], [-119.750003684939, 36.7368150401046], [-119.750003684939, 36.73699304004], [-119.750006685312, 36.737529040119], [-119.750007685137, 36.7377080397712]]]}, "properties": {"GEOID": "060190027021014", "P0010001": 98, "ALAND": 20014, "AWATER": 0}}, {"type": "Feature", "geometry": {"type": "Polygon", "coordinates": [[[-119.747738685358, 36.7369990396909], [-119.747733685335, 36.7375300400539], [-119.747732684612, 36.7377080397712], [-119.7472806847, 36.7377090397037], [-119.74592768444, 36.7377130401536], [-119.745476684353, 36.7377150400185], [-119.745477684178, 36.737539040187], [-119.745483684026, 36.7370100397696], [-119.745485683676, 36.7368350397054], [-119.745935683937, 36.7368320398736], [-119.747289684921, 36.7368240403215], [-119.747740685007, 36.7368220397135], [-119.747738685358, 36.7369990396909]]]}, "properties": {"GEOID": "060190027021015", "P0010001": 117, "ALAND": 19739, "AWATER": 0}}, {"type": "Feature", "geometry": {"type": "Polygon", "coordinates": [[[-119.747751684878, 36.73608204009], [-119.747742684657, 36.7366370397565], [-119.747740685007, 36.7368220397135], [-119.747289684921, 36.7368240403215], [-119.745935683937, 36.7368320398736], [-119.745485683676, 36.7368350397054], [-119.745486684399, 36.7366470399407], [-119.745491684422, 36.7360840399974], [-119.745493684072, 36.7358970397894], [-119.745945683983, 36.7358970397894], [-119.747302684441, 36.7358970397894], [-119.747755685076, 36.7358980397456], [-119.747751684878, 36.73608204009]]]}, "properties": {"GEOID": "060190027021016", "P0010001": 30, "ALAND": 20837, "AWATER": 0}}, {"type": "Feature", "geometry": {"type": "Polygon", "coordinates": [[[-119.750003684939, 36.7368150401046], [-119.749550685202, 36.7368160400488], [-119.748192684919, 36.7368200398253], [-119.747740685007, 36.7368220397135], [-119.747742684657, 36.7366370397565], [-119.747751684878, 36.73608204009], [-119.747755685076, 36.7358980397456], [-119.74820368479, 36.735894039921], [-119.749547684829, 36.7358840403586], [-119.749996685266, 36.7358810390499], [-119.749997685091, 36.7360670400628], [-119.750001685289, 36.7366280402375], [-119.750003684939, 36.7368150401046]]]}, "properties": {"GEOID": "060190027021017", "P0010001": 44, "ALAND": 20740, "AWATER": 0}}, {"type": "Feature", "geometry": {"type": "Polygon", "coordinates": [[[-119.750001685289, 36.7398480397958], [-119.749998684916, 36.7409840397088], [-119.749997685091, 36.7413630402243], [-119.749765685287, 36.7413640401093], [-119.749071684628, 36.7413690402536], [-119.748840684649, 36.7413720399081], [-119.748845684672, 36.740992040267], [-119.748861684566, 36.7398520401342], [-119.748867685312, 36.7394730400762], [-119.749094685093, 36.7394760398048], [-119.74937768495, 36.7394800401626], [-119.749775685333, 36.7394730400762], [-119.750003684939, 36.7394700403475], [-119.750001685289, 36.7398480397958]]]}, "properties": {"GEOID": "060190027021018", "P0010001": 136, "ALAND": 21490, "AWATER": 0}}, {"type": "Feature", "geometry": {"type": "Polygon", "coordinates": [[[-119.737544684362, 36.7431940409238], [-119.737480683889, 36.7431900407596], [-119.736375683326, 36.7431920412016], [-119.736370683304, 36.7428270406426], [-119.736357682885, 36.7417340412678], [-119.736353682687, 36.7413700408583], [-119.736591683236, 36.7413690409734], [-119.737306682914, 36.7413680410886], [-119.737545683288, 36.7413680410886], [-119.737544684362, 36.7431940409238]]]}, "properties": {"GEOID": "060190027022000", "P0010001": 61, "ALAND": 21330, "AWATER": 0}}, {"type": "Feature", "geometry": {"type": "Polygon", "coordinates": [[[-119.738597684148, 36.7415950412519], [-119.738589683752, 36.7423820407386], [-119.738590683577, 36.7432060406955], [-119.737544684362, 36.7431940409238], [-119.737545683288, 36.7413680410886], [-119.737753682803, 36.7413670412037], [-119.738380684413, 36.7413670412037], [-119.738590683577, 36.7413670412037], [-119.7385916843, 36.741412041049], [-119.7385956836, 36.7415490409115], [-119.738597684148, 36.7415950412519]]]}, "properties": {"GEOID": "060190027022001", "P0010001": 69, "ALAND": 19019, "AWATER": 0}}, {"type": "Feature", "geometry": {"type": "Polygon", "coordinates": [[[-119.741583684152, 36.7431910413405], [-119.740946684293, 36.7431920412016], [-119.738672683593, 36.7432040409736], [-119.738590683577, 36.7432060406955], [-119.738589683752, 36.7423820407386], [-119.741576683581, 36.7423740410451], [-119.741577684305, 36.7425370408443], [-119.741581683604, 36.7430270409075], [-119.741583684152, 36.7431910413405]]]}, "properties": {"GEOID": "060190027022002", "P0010001": 107, "ALAND": 24262, "AWATER": 0}}, {"type": "Feature", "geometry": {"type": "Polygon", "coordinates": [[[-119.742647683809, 36.7431920412016], [-119.742434684272, 36.7431910413405], [-119.741795683864, 36.7431910413405], [-119.741583684152, 36.7431910413405], [-119.741581683604, 36.7430270409075], [-119.741577684305, 36.7425370408443], [-119.741576683581, 36.7423740410451], [-119.741577684305, 36.7422180407365], [-119.741581683604, 36.7417530411468], [-119.741583684152, 36.7415980408975], [-119.741582684327, 36.7415550409262], [-119.741580683779, 36.7414290412396], [-119.741580683779, 36.7413870410582], [-119.74179268439, 36.7413840406844], [-119.742431683899, 36.7413760408869], [-119.742644684334, 36.7413740411173], [-119.742644684334, 36.741737040908], [-119.742646683984, 36.7428280412283], [-119.742647683809, 36.7431920412016]]]}, "properties": {"GEOID": "060190027022003", "P0010001": 86, "ALAND": 19130, "AWATER": 0}}, {"type": "Feature", "geometry": {"type": "Polygon", "coordinates": [[[-119.74377168374, 36.741450040242], [-119.743769684989, 36.7416750396812], [-119.743769684989, 36.7417500400675], [-119.743766684616, 36.7420360411754], [-119.743758685118, 36.7428980411634], [-119.74375668457, 36.7431850407339], [-119.743641684942, 36.7431870411761], [-119.743298684811, 36.7431930410627], [-119.743184685008, 36.7431960406459], [-119.743076685053, 36.7431950407849], [-119.742754684838, 36.7431920412016], [-119.742647683809, 36.7431920412016], [-119.742646683984, 36.7428280412283], [-119.742644684334, 36.741737040908], [-119.742644684334, 36.7413740411173], [-119.742869683567, 36.7413740411173], [-119.74354668361, 36.7413750402823], [-119.743772683565, 36.741376040167], [-119.74377168374, 36.741450040242]]]}, "properties": {"GEOID": "060190027022004", "P0010001": 84, "ALAND": 20147, "AWATER": 0}}, {"type": "Feature", "geometry": {"type": "Polygon", "coordinates": [[[-119.745451685137, 36.7431900407596], [-119.745235685227, 36.7431890408984], [-119.744588685322, 36.7431880410373], [-119.744373685237, 36.7431880410373], [-119.744249685388, 36.7431870411761], [-119.743879684594, 36.7431850407339], [-119.74375668457, 36.7431850407339], [-119.743758685118, 36.7428980411634], [-119.743766684616, 36.7420360411754], [-119.743769684989, 36.7417500400675], [-119.743769684989, 36.7416750396812], [-119.74377168374, 36.741450040242], [-119.743772683565, 36.741376040167], [-119.745457684985, 36.7413770400518], [-119.745451685137, 36.7431900407596]]]}, "properties": {"GEOID": "060190027022005", "P0010001": 100, "ALAND": 30342, "AWATER": 0}}, {"type": "Feature", "geometry": {"type": "Polygon", "coordinates": [[[-119.745457684985, 36.7413770400518], [-119.743772683565, 36.741376040167], [-119.743769684091, 36.7395520400888], [-119.743822683794, 36.7395600400764], [-119.744233683698, 36.7395620398932], [-119.744630684256, 36.7395410396545], [-119.744998683604, 36.7395170396832], [-119.745409685304, 36.7395020403272], [-119.745484684749, 36.73951004032], [-119.745457684985, 36.7413770400518]]]}, "properties": {"GEOID": "060190027022006", "P0010001": 119, "ALAND": 30990, "AWATER": 0}}, {"type": "Feature", "geometry": {"type": "Polygon", "coordinates": [[[-119.743772683565, 36.741376040167], [-119.74354668361, 36.7413750402823], [-119.742869683567, 36.7413740411173], [-119.742644684334, 36.7413740411173], [-119.742644684334, 36.7395480397347], [-119.743769684091, 36.7395520400888], [-119.743772683565, 36.741376040167]]]}, "properties": {"GEOID": "060190027022007", "P0010001": 100, "ALAND": 20372, "AWATER": 0}}, {"type": "Feature", "geometry": {"type": "Polygon", "coordinates": [[[-119.742644684334, 36.7413740411173], [-119.742431683899, 36.7413760408869], [-119.74179268439, 36.7413840406844], [-119.741580683779, 36.7413870410582], [-119.741579683954, 36.7412720412837], [-119.741577684305, 36.7409290407074], [-119.741577684305, 36.7408150408586], [-119.741595683848, 36.7407250411614], [-119.74158768435, 36.7400480399049], [-119.741586683627, 36.7395610399848], [-119.742644684334, 36.7395480397347], [-119.742644684334, 36.7413740411173]]]}, "properties": {"GEOID": "060190027022008", "P0010001": 94, "ALAND": 19152, "AWATER": 0}}, {"type": "Feature", "geometry": {"type": "Polygon", "coordinates": [[[-119.741583684152, 36.7415980408975], [-119.740985683753, 36.7415970410157], [-119.739194683825, 36.7415950412519], [-119.738597684148, 36.7415950412519], [-119.7385956836, 36.7415490409115], [-119.7385916843, 36.741412041049], [-119.738590683577, 36.7413670412037], [-119.738592684125, 36.7412560409446], [-119.738598683973, 36.7409230406438], [-119.738601684346, 36.7408130410744], [-119.739196684373, 36.7408130410744], [-119.740981683555, 36.7408140409665], [-119.741577684305, 36.7408150408586], [-119.741577684305, 36.7409290407074], [-119.741579683954, 36.7412720412837], [-119.741580683779, 36.7413870410582], [-119.741580683779, 36.7414290412396], [-119.741582684327, 36.7415550409262], [-119.741583684152, 36.7415980408975]]]}, "properties": {"GEOID": "060190027022009", "P0010001": 133, "ALAND": 23146, "AWATER": 0}}, {"type": "Feature", "geometry": {"type": "Polygon", "coordinates": [[[-119.741581683604, 36.7417530411468], [-119.741577684305, 36.7422180407365], [-119.741576683581, 36.7423740410451], [-119.738589683752, 36.7423820407386], [-119.738597684148, 36.7415950412519], [-119.739194683825, 36.7415950412519], [-119.740985683753, 36.7415970410157], [-119.741583684152, 36.7415980408975], [-119.741581683604, 36.7417530411468]]]}, "properties": {"GEOID": "060190027022010", "P0010001": 114, "ALAND": 23141, "AWATER": 0}}, {"type": "Feature", "geometry": {"type": "Polygon", "coordinates": [[[-119.74158768435, 36.7400480399049], [-119.738600682724, 36.7400510410507], [-119.7385996829, 36.7399520413285], [-119.738598683075, 36.7396560413027], [-119.738598683075, 36.7395580409794], [-119.738729682596, 36.739557041071], [-119.739126684053, 36.7395540413456], [-119.739258684297, 36.7395540413456], [-119.740383684053, 36.7395510409002], [-119.741500684312, 36.7395510401803], [-119.741586683627, 36.7395610399848], [-119.74158768435, 36.7400480399049]]]}, "properties": {"GEOID": "060190027022011", "P0010001": 87, "ALAND": 14712, "AWATER": 0}}, {"type": "Feature", "geometry": {"type": "Polygon", "coordinates": [[[-119.738601684346, 36.7408130410744], [-119.738598683973, 36.7409230406438], [-119.738592684125, 36.7412560409446], [-119.738590683577, 36.7413670412037], [-119.738380684413, 36.7413670412037], [-119.737753682803, 36.7413670412037], [-119.737545683288, 36.7413680410886], [-119.737548682763, 36.7410080406612], [-119.737558682809, 36.7399280407658], [-119.737562683007, 36.7395690406914], [-119.737643683198, 36.7395650410581], [-119.737886682872, 36.739557041071], [-119.737968682888, 36.7395540413456], [-119.738094683284, 36.7395540413456], [-119.738471682853, 36.739557041071], [-119.738598683075, 36.7395580409794], [-119.738598683075, 36.7396560413027], [-119.7385996829, 36.7399520413285], [-119.738600682724, 36.7400510410507], [-119.738600683623, 36.7402030411247], [-119.738600683623, 36.7406600408746], [-119.738601684346, 36.7408130410744]]]}, "properties": {"GEOID": "060190027022012", "P0010001": 94, "ALAND": 18740, "AWATER": 0}}, {"type": "Feature", "geometry": {"type": "Polygon", "coordinates": [[[-119.737558682809, 36.7399280407658], [-119.737548682763, 36.7410080406612], [-119.737545683288, 36.7413680410886], [-119.737306682914, 36.7413680410886], [-119.736591683236, 36.7413690409734], [-119.736353682687, 36.7413700408583], [-119.736350683212, 36.7411860409515], [-119.736341682991, 36.7406340407444], [-119.736338682618, 36.7404510411297], [-119.736324683273, 36.7395610407047], [-119.736480682908, 36.7395530407172], [-119.737562683007, 36.7395690406914], [-119.737558682809, 36.7399280407658]]]}, "properties": {"GEOID": "060190027022013", "P0010001": 132, "ALAND": 21770, "AWATER": 0}}, {"type": "Feature", "geometry": {"type": "Polygon", "coordinates": [[[-119.741595683848, 36.7407250411614], [-119.741577684305, 36.7408150408586], [-119.740981683555, 36.7408140409665], [-119.739196684373, 36.7408130410744], [-119.738601684346, 36.7408130410744], [-119.738600683623, 36.7406600408746], [-119.738600683623, 36.7402030411247], [-119.738600682724, 36.7400510410507], [-119.74158768435, 36.7400480399049], [-119.741595683848, 36.7407250411614]]]}, "properties": {"GEOID": "060190027022014", "P0010001": 104, "ALAND": 22647, "AWATER": 0}}, {"type": "Feature", "geometry": {"type": "Polygon", "coordinates": [[[-119.741500684312, 36.7395510401803], [-119.740383684053, 36.7395510409002], [-119.740413683292, 36.7359180403052], [-119.740522683072, 36.735919040261], [-119.740852682785, 36.7359220401285], [-119.740962683288, 36.7359240400401], [-119.741530684449, 36.7359220401285], [-119.741500684312, 36.7395510401803]]]}, "properties": {"GEOID": "060190027023000", "P0010001": 175, "ALAND": 40181, "AWATER": 0}}, {"type": "Feature", "geometry": {"type": "Polygon", "coordinates": [[[-119.742644684334, 36.7395480397347], [-119.741586683627, 36.7395610399848], [-119.741500684312, 36.7395510401803], [-119.741530684449, 36.7359220401285], [-119.74265668403, 36.7359080400261], [-119.742644684334, 36.7395480397347]]]}, "properties": {"GEOID": "060190027023001", "P0010001": 255, "ALAND": 40943, "AWATER": 0}}, {"type": "Feature", "geometry": {"type": "Polygon", "coordinates": [[[-119.743796683855, 36.7377270399269], [-119.743769684091, 36.7395520400888], [-119.742644684334, 36.7395480397347], [-119.74265668403, 36.7359080400261], [-119.742770683833, 36.735909039982], [-119.743113683965, 36.7359120398499], [-119.743228683592, 36.7359130398058], [-119.743340683745, 36.735911039894], [-119.743678683854, 36.7359080400261], [-119.743791683832, 36.73590704007], [-119.743792683657, 36.7362710397499], [-119.74379568403, 36.737363039952], [-119.743796683855, 36.7377270399269]]]}, "properties": {"GEOID": "060190027023002", "P0010001": 348, "ALAND": 41057, "AWATER": 0}}, {"type": "Feature", "geometry": {"type": "Polygon", "coordinates": [[[-119.745484684749, 36.73951004032], [-119.745409685304, 36.7395020403272], [-119.744998683604, 36.7395170396832], [-119.744630684256, 36.7395410396545], [-119.744233683698, 36.7395620398932], [-119.743822683794, 36.7395600400764], [-119.743769684091, 36.7395520400888], [-119.743796683855, 36.7377270399269], [-119.744132684314, 36.7377200396806], [-119.745140683894, 36.737701040243], [-119.74529468388, 36.7376990396578], [-119.745476684353, 36.7377150400185], [-119.745477684178, 36.7385870402337], [-119.745478684901, 36.7394780403436], [-119.745484684749, 36.73951004032]]]}, "properties": {"GEOID": "060190027023003", "P0010001": 405, "ALAND": 30655, "AWATER": 0}}, {"type": "Feature", "geometry": {"type": "Polygon", "coordinates": [[[-119.745491684422, 36.7360840399974], [-119.745486684399, 36.7366470399407], [-119.745485683676, 36.7368350397054], [-119.745483684026, 36.7370100397696], [-119.745477684178, 36.737539040187], [-119.745476684353, 36.7377150400185], [-119.74529468388, 36.7376990396578], [-119.745140683894, 36.737701040243], [-119.744132684314, 36.7377200396806], [-119.743796683855, 36.7377270399269], [-119.74379568403, 36.737363039952], [-119.743792683657, 36.7362710397499], [-119.743791683832, 36.73590704007], [-119.744131683591, 36.735904040202], [-119.74515268359, 36.7358990397017], [-119.745493684072, 36.7358970397894], [-119.745491684422, 36.7360840399974]]]}, "properties": {"GEOID": "060190027023004", "P0010001": 239, "ALAND": 30340, "AWATER": 0}}, {"type": "Feature", "geometry": {"type": "Polygon", "coordinates": [[[-119.737968682888, 36.7395540413456], [-119.737886682872, 36.739557041071], [-119.737643683198, 36.7395650410581], [-119.737562683007, 36.7395690406914], [-119.736480682908, 36.7395530407172], [-119.736324683273, 36.7395610407047], [-119.73633268277, 36.7393930407915], [-119.736329683296, 36.7388230406856], [-119.736328682572, 36.738676041078], [-119.736324683273, 36.737898041117], [-119.736318683425, 36.7377710412546], [-119.73631968325, 36.7375930409635], [-119.736322682725, 36.7370590412134], [-119.736324683273, 36.7368820406545], [-119.736329683296, 36.7366900412217], [-119.736347682839, 36.7361450400283], [-119.736347682839, 36.7361170399021], [-119.73635468341, 36.7359260399517], [-119.736587683039, 36.7359270399074], [-119.736676682727, 36.7359270399074], [-119.737643683198, 36.7359290398188], [-119.737966683238, 36.7359300397746], [-119.737966683238, 36.7366540402848], [-119.737967683063, 36.7388290409134], [-119.737968682888, 36.7395540413456]]]}, "properties": {"GEOID": "060190027024000", "P0010001": 640, "ALAND": 58975, "AWATER": 0}}, {"type": "Feature", "geometry": {"type": "Polygon", "coordinates": [[[-119.739260683048, 36.7366570401235], [-119.739258683399, 36.7388300408313], [-119.739258684297, 36.7395540413456], [-119.739126684053, 36.7395540413456], [-119.738729682596, 36.739557041071], [-119.738598683075, 36.7395580409794], [-119.738471682853, 36.739557041071], [-119.738094683284, 36.7395540413456], [-119.737968682888, 36.7395540413456], [-119.737967683063, 36.7388290409134], [-119.737966683238, 36.7366540402848], [-119.737966683238, 36.7359300397746], [-119.738113682653, 36.7359290398188], [-119.738554682694, 36.7359260399517], [-119.738701683007, 36.7359250399959], [-119.73881368316, 36.7359260399517], [-119.73914968272, 36.7359320396859], [-119.739261682873, 36.7359340403172], [-119.739260683048, 36.7366570401235]]]}, "properties": {"GEOID": "060190027024001", "P0010001": 334, "ALAND": 46470, "AWATER": 0}}, {"type": "Feature", "geometry": {"type": "Polygon", "coordinates": [[[-119.740383684053, 36.7395510409002], [-119.739258684297, 36.7395540413456], [-119.739258683399, 36.7388300408313], [-119.739260683048, 36.7366570401235], [-119.739261682873, 36.7359340403172], [-119.739491683027, 36.7359300397746], [-119.740182683313, 36.7359210401727], [-119.740413683292, 36.7359180403052], [-119.740383684053, 36.7395510409002]]]}, "properties": {"GEOID": "060190027024002", "P0010001": 210, "ALAND": 40941, "AWATER": 0}}, {"type": "Feature", "geometry": {"type": "Polygon", "coordinates": [[[-119.73795968626, 36.7649000432721], [-119.737957685712, 36.7649680433464], [-119.737956685887, 36.7650330431917], [-119.737953686412, 36.7651840431401], [-119.737668686007, 36.7651760429454], [-119.736333686189, 36.7651650433059], [-119.736332686364, 36.7650310433191], [-119.73633168564, 36.7649630433006], [-119.736330685816, 36.7649180428743], [-119.736330685816, 36.7648960428002], [-119.736329685991, 36.7647850427552], [-119.736329685991, 36.764741043244], [-119.737962685735, 36.7647430431242], [-119.73795968626, 36.7649000432721]]]}, "properties": {"GEOID": "060190028001000", "P0010001": 0, "ALAND": 6934, "AWATER": 0}}, {"type": "Feature", "geometry": {"type": "Polygon", "coordinates": [[[-119.740871686645, 36.7651840431401], [-119.740796686302, 36.7651810429772], [-119.738180686193, 36.7651720432075], [-119.738069685865, 36.7651780428142], [-119.737985686199, 36.7651760429454], [-119.737953686412, 36.7651840431401], [-119.737956685887, 36.7650330431917], [-119.737957685712, 36.7649680433464], [-119.73795968626, 36.7649000432721], [-119.737962685735, 36.7647430431242], [-119.73917068623, 36.7647450430043], [-119.740867686447, 36.7647480431842], [-119.740868686272, 36.7648950432219], [-119.740869686097, 36.7649620430036], [-119.740870685921, 36.765027042854], [-119.740870685921, 36.7650580426747], [-119.740870685921, 36.7651030430189], [-119.740871685746, 36.7651460427474], [-119.740871686645, 36.7651840431401]]]}, "properties": {"GEOID": "060190028001001", "P0010001": 0, "ALAND": 12439, "AWATER": 0}}, {"type": "Feature", "geometry": {"type": "Polygon", "coordinates": [[[-119.740867686447, 36.7647480431842], [-119.73917068623, 36.7647450430043], [-119.737962685735, 36.7647430431242], [-119.737968685583, 36.7644540429833], [-119.737980686177, 36.7638810431491], [-119.738062686192, 36.7638000430909], [-119.738158685553, 36.7637040432843], [-119.73853768567, 36.7634340430939], [-119.738724686166, 36.7633020428788], [-119.738898686244, 36.7631670429145], [-119.740251685605, 36.7631660433137], [-119.740852686378, 36.7631660433137], [-119.740867686447, 36.7647480431842]]]}, "properties": {"GEOID": "060190028001002", "P0010001": 0, "ALAND": 42024, "AWATER": 0}}, {"type": "Feature", "geometry": {"type": "Polygon", "coordinates": [[[-119.740852686378, 36.7631660433137], [-119.740251685605, 36.7631660433137], [-119.738898686244, 36.7631670429145], [-119.738724686166, 36.7633020428788], [-119.73853768567, 36.7634340430939], [-119.738158685553, 36.7637040432843], [-119.738062686192, 36.7638000430909], [-119.737980686177, 36.7638810431491], [-119.737968685583, 36.7644540429833], [-119.737962685735, 36.7647430431242], [-119.736329685991, 36.764741043244], [-119.736328686166, 36.7647310431225], [-119.736328686166, 36.7646920429244], [-119.736450686364, 36.7646800429149], [-119.736870685591, 36.7645630429029], [-119.737302686309, 36.7642810427862], [-119.737403685693, 36.7642160430231], [-119.739821686333, 36.7622730426705], [-119.740422686208, 36.7617910429967], [-119.740690685996, 36.7616480426885], [-119.740838686134, 36.7620300429015], [-119.740840685784, 36.7622570431122], [-119.740849686005, 36.7629380433111], [-119.740852686378, 36.7631660433137]]]}, "properties": {"GEOID": "060190028001003", "P0010001": 0, "ALAND": 25217, "AWATER": 0}}, {"type": "Feature", "geometry": {"type": "Polygon", "coordinates": [[[-119.740838686134, 36.7613810427683], [-119.740726685981, 36.7615810428902], [-119.740690685996, 36.7616480426885], [-119.740422686208, 36.7617910429967], [-119.739821686333, 36.7622730426705], [-119.737403685693, 36.7642160430231], [-119.737302686309, 36.7642810427862], [-119.736870685591, 36.7645630429029], [-119.736450686364, 36.7646800429149], [-119.736328686166, 36.7646920429244], [-119.736325685793, 36.7644380431603], [-119.73631868612, 36.7636760431382], [-119.736316685572, 36.7634220428875], [-119.736317686295, 36.7632730429865], [-119.736324685968, 36.7628280429159], [-119.736327686341, 36.7626800429074], [-119.736330684917, 36.7624160432527], [-119.736343685336, 36.7616260431156], [-119.736348685359, 36.7613630430555], [-119.736680684722, 36.7613640426799], [-119.737678686053, 36.7613670429921], [-119.738011686139, 36.7613690429602], [-119.738015686337, 36.7616000428927], [-119.738027686032, 36.7622950427774], [-119.738032686055, 36.7625270431283], [-119.73846368605, 36.7625190426563], [-119.738523686325, 36.7625190426563], [-119.738683686158, 36.7624570431088], [-119.739462686308, 36.7618320431869], [-119.739502685593, 36.7617810432103], [-119.739543685601, 36.7617320431585], [-119.739580686309, 36.7616390432238], [-119.7396006864, 36.7615480431399], [-119.739613685921, 36.7613740432403], [-119.739869686014, 36.7613740432403], [-119.740637686293, 36.7613740432403], [-119.740788685906, 36.7613740432403], [-119.740875685944, 36.7613150430814], [-119.740838686134, 36.7613810427683]]]}, "properties": {"GEOID": "060190028001004", "P0010001": 683, "ALAND": 69554, "AWATER": 0}}, {"type": "Feature", "geometry": {"type": "Polygon", "coordinates": [[[-119.7396006864, 36.7615480431399], [-119.739580686309, 36.7616390432238], [-119.739543685601, 36.7617320431585], [-119.739502685593, 36.7617810432103], [-119.739462686308, 36.7618320431869], [-119.738683686158, 36.7624570431088], [-119.738523686325, 36.7625190426563], [-119.73846368605, 36.7625190426563], [-119.738032686055, 36.7625270431283], [-119.738027686032, 36.7622950427774], [-119.738015686337, 36.7616000428927], [-119.738011686139, 36.7613690429602], [-119.738130685964, 36.7613690429602], [-119.73848768634, 36.7613690429602], [-119.738606686165, 36.7613690429602], [-119.738807686007, 36.7613700433041], [-119.739411686254, 36.7613730428964], [-119.739613685921, 36.7613740432403], [-119.7396006864, 36.7615480431399]]]}, "properties": {"GEOID": "060190028001005", "P0010001": 0, "ALAND": 13975, "AWATER": 0}}, {"type": "Feature", "geometry": {"type": "Polygon", "coordinates": [[[-119.738618685861, 36.7606340428647], [-119.738608685815, 36.7611850427905], [-119.738606686165, 36.7613690429602], [-119.73848768634, 36.7613690429602], [-119.738130685964, 36.7613690429602], [-119.738011686139, 36.7613690429602], [-119.737678686053, 36.7613670429921], [-119.736680684722, 36.7613640426799], [-119.736348685359, 36.7613630430555], [-119.736342684613, 36.7612990433232], [-119.736336684765, 36.7612300432482], [-119.736332684567, 36.7611070430859], [-119.736330684917, 36.7610440427683], [-119.736329685092, 36.7609200426776], [-119.736326684719, 36.7605500433512], [-119.736326684719, 36.760427042818], [-119.736785685202, 36.7604310428033], [-119.738162685751, 36.7604460431063], [-119.738622686059, 36.7604510427269], [-119.738618685861, 36.7606340428647]]]}, "properties": {"GEOID": "060190028001006", "P0010001": 58, "ALAND": 20986, "AWATER": 0}}, {"type": "Feature", "geometry": {"type": "Polygon", "coordinates": [[[-119.740896685861, 36.7598990422028], [-119.740894686211, 36.7609610433334], [-119.740894686211, 36.7611690430051], [-119.740875685944, 36.7613150430814], [-119.740788685906, 36.7613740432403], [-119.740637686293, 36.7613740432403], [-119.739869686014, 36.7613740432403], [-119.739613685921, 36.7613740432403], [-119.739411686254, 36.7613730428964], [-119.738807686007, 36.7613700433041], [-119.738606686165, 36.7613690429602], [-119.738608685815, 36.7611850427905], [-119.738618685861, 36.7606340428647], [-119.738622686059, 36.7604510427269], [-119.738626686257, 36.7602670432334], [-119.738641686326, 36.7597180432012], [-119.738646686348, 36.7595350430369], [-119.739096685712, 36.7595370430529], [-119.740446685599, 36.7595430416611], [-119.740897685686, 36.7595450416768], [-119.740896685861, 36.7598990422028]]]}, "properties": {"GEOID": "060190028001007", "P0010001": 114, "ALAND": 41210, "AWATER": 0}}, {"type": "Feature", "geometry": {"type": "Polygon", "coordinates": [[[-119.740903686432, 36.7578910417909], [-119.740901685884, 36.7584360418562], [-119.740901685884, 36.7586190417638], [-119.740900686059, 36.7588040419895], [-119.740897685686, 36.7593590421485], [-119.740897685686, 36.7595450416768], [-119.740446685599, 36.7595430416611], [-119.739096685712, 36.7595370430529], [-119.738646686348, 36.7595350430369], [-119.738646686348, 36.7593520431558], [-119.738646684552, 36.7588050416471], [-119.738647685275, 36.7586230418434], [-119.738645684727, 36.7584420419899], [-119.738639684879, 36.757902041754], [-119.738638685054, 36.75772204203], [-119.739091684791, 36.7577190422949], [-119.740450685797, 36.7577140417766], [-119.74067168573, 36.7577140417766], [-119.740904686257, 36.7577090419776], [-119.740903686432, 36.7578910417909]]]}, "properties": {"GEOID": "060190028001008", "P0010001": 279, "ALAND": 40767, "AWATER": 0}}, {"type": "Feature", "geometry": {"type": "Polygon", "coordinates": [[[-119.738646684552, 36.7588050416471], [-119.738646686348, 36.7593520431558], [-119.738646686348, 36.7595350430369], [-119.73818368477, 36.7595340426691], [-119.736795685248, 36.7595320426531], [-119.73633368529, 36.7595320426531], [-119.73633368529, 36.759502043126], [-119.736334685115, 36.7594160430734], [-119.73633568494, 36.759387043151], [-119.736341684788, 36.75923404328], [-119.736342684613, 36.7592140430391], [-119.736332684567, 36.7587750432752], [-119.736329685092, 36.7586220429031], [-119.736792684875, 36.7586220429031], [-119.73818368477, 36.7586220421833], [-119.738647685275, 36.7586230418434], [-119.738646684552, 36.7588050416471]]]}, "properties": {"GEOID": "060190028001009", "P0010001": 57, "ALAND": 20857, "AWATER": 0}}, {"type": "Feature", "geometry": {"type": "Polygon", "coordinates": [[[-119.738641686326, 36.7597180432012], [-119.738626686257, 36.7602670432334], [-119.738622686059, 36.7604510427269], [-119.738162685751, 36.7604460431063], [-119.736785685202, 36.7604310428033], [-119.736326684719, 36.760427042818], [-119.736327685442, 36.7602470432619], [-119.736331684742, 36.7597110428018], [-119.73633368529, 36.7595320426531], [-119.736795685248, 36.7595320426531], [-119.73818368477, 36.7595340426691], [-119.738646686348, 36.7595350430369], [-119.738641686326, 36.7597180432012]]]}, "properties": {"GEOID": "060190028001010", "P0010001": 82, "ALAND": 20679, "AWATER": 0}}, {"type": "Feature", "geometry": {"type": "Polygon", "coordinates": [[[-119.738647685275, 36.7586230418434], [-119.73818368477, 36.7586220421833], [-119.736792684875, 36.7586220429031], [-119.736329685092, 36.7586220429031], [-119.736329685092, 36.7584370429581], [-119.736329685092, 36.7578820433249], [-119.736329685092, 36.7576980427066], [-119.736790685225, 36.7577030417866], [-119.738176685097, 36.7577200419667], [-119.73843468484, 36.7577240420933], [-119.738638685054, 36.75772204203], [-119.738639684879, 36.757902041754], [-119.738645684727, 36.7584420419899], [-119.738647685275, 36.7586230418434]]]}, "properties": {"GEOID": "060190028001011", "P0010001": 50, "ALAND": 20871, "AWATER": 0}}, {"type": "Feature", "geometry": {"type": "Polygon", "coordinates": [[[-119.738638685054, 36.75772204203], [-119.73843468484, 36.7577240420933], [-119.738176685097, 36.7577200419667], [-119.736790685225, 36.7577030417866], [-119.736329685092, 36.7576980427066], [-119.736327685442, 36.7575210429667], [-119.736323685244, 36.7569930417795], [-119.73632268542, 36.7568170422555], [-119.736425685352, 36.7568130420816], [-119.736652685132, 36.7568060421369], [-119.736783684654, 36.7568060421369], [-119.738166685051, 36.7568130420816], [-119.738496684764, 36.7568150421686], [-119.738628685008, 36.7568220421126], [-119.738629684833, 36.7570020417893], [-119.738635684681, 36.7575420418837], [-119.738638685054, 36.75772204203]]]}, "properties": {"GEOID": "060190028001012", "P0010001": 32, "ALAND": 20592, "AWATER": 0}}, {"type": "Feature", "geometry": {"type": "Polygon", "coordinates": [[[-119.740912685754, 36.7569880419335], [-119.740905686082, 36.7575280421265], [-119.740904686257, 36.7577090419776], [-119.74067168573, 36.7577140417766], [-119.740450685797, 36.7577140417766], [-119.739091684791, 36.7577190422949], [-119.738638685054, 36.75772204203], [-119.738635684681, 36.7575420418837], [-119.738629684833, 36.7570020417893], [-119.738628685008, 36.7568220421126], [-119.738652685298, 36.7568260422859], [-119.739084685118, 36.7568220421126], [-119.740456685645, 36.7568110419947], [-119.740914686302, 36.756808042224], [-119.740912685754, 36.7569880419335]]]}, "properties": {"GEOID": "060190028001013", "P0010001": 111, "ALAND": 20300, "AWATER": 0}}, {"type": "Feature", "geometry": {"type": "Polygon", "coordinates": [[[-119.740914686302, 36.756808042224], [-119.740456685645, 36.7568110419947], [-119.739084685118, 36.7568220421126], [-119.738652685298, 36.7568260422859], [-119.738628685008, 36.7568220421126], [-119.738630684658, 36.7566390422362], [-119.738638685054, 36.7560900421467], [-119.738641685427, 36.7559080416589], [-119.739092684616, 36.7559020420468], [-119.739693685388, 36.7558960417144], [-119.740445684876, 36.7559040421574], [-119.740897685686, 36.7559100417694], [-119.740900686059, 36.756089041734], [-119.740910686104, 36.756628042092], [-119.740914686302, 36.756808042224]]]}, "properties": {"GEOID": "060190028001014", "P0010001": 93, "ALAND": 20579, "AWATER": 0}}, {"type": "Feature", "geometry": {"type": "Polygon", "coordinates": [[[-119.738638685054, 36.7560900421467], [-119.738630684658, 36.7566390422362], [-119.738628685008, 36.7568220421126], [-119.738496684764, 36.7568150421686], [-119.738166685051, 36.7568130420816], [-119.736783684654, 36.7568060421369], [-119.736652685132, 36.7568060421369], [-119.73665668533, 36.7567120423021], [-119.736696684615, 36.7563170419444], [-119.736814684616, 36.7559800420063], [-119.736877685263, 36.7558990422405], [-119.737277685296, 36.7558950420189], [-119.738115684997, 36.7559020420468], [-119.738641685427, 36.7559080416589], [-119.738638685054, 36.7560900421467]]]}, "properties": {"GEOID": "060190028001015", "P0010001": 119, "ALAND": 17292, "AWATER": 0}}, {"type": "Feature", "geometry": {"type": "Polygon", "coordinates": [[[-119.740931685123, 36.7552310419146], [-119.740921685077, 36.7554300418174], [-119.740918684704, 36.7554870420633], [-119.740905686082, 36.7557400422648], [-119.740897685686, 36.7559100417694], [-119.740445684876, 36.7559040421574], [-119.739693685388, 36.7558960417144], [-119.739092684616, 36.7559020420468], [-119.738641685427, 36.7559080416589], [-119.738115684997, 36.7559020420468], [-119.737277685296, 36.7558950420189], [-119.736877685263, 36.7558990422405], [-119.736814684616, 36.7559800420063], [-119.736696684615, 36.7563170419444], [-119.73665668533, 36.7567120423021], [-119.736652685132, 36.7568060421369], [-119.736425685352, 36.7568130420816], [-119.73632268542, 36.7568170422555], [-119.736317685397, 36.7566550422467], [-119.736304684978, 36.7561690423269], [-119.73630068478, 36.7560070416694], [-119.736296684582, 36.7557890418262], [-119.736290684734, 36.7554390420105], [-119.736294684932, 36.7551350421785], [-119.736294684932, 36.7550870419054], [-119.736296684582, 36.7550310417889], [-119.736296684582, 36.7549170420165], [-119.736296684582, 36.7548590423577], [-119.737291684642, 36.7549820417433], [-119.737801685178, 36.7550360417624], [-119.738369685441, 36.7550790420969], [-119.738841685444, 36.7551060420771], [-119.739178684829, 36.7551110420457], [-119.73985968507, 36.7551330420477], [-119.74093768497, 36.755123042113], [-119.740931685123, 36.7552310419146]]]}, "properties": {"GEOID": "060190028001016", "P0010001": 0, "ALAND": 42426, "AWATER": 0}}, {"type": "Feature", "geometry": {"type": "Polygon", "coordinates": [[[-119.74093768497, 36.755123042113], [-119.73985968507, 36.7551330420477], [-119.739178684829, 36.7551110420457], [-119.738841685444, 36.7551060420771], [-119.738369685441, 36.7550790420969], [-119.737801685178, 36.7550360417624], [-119.737291684642, 36.7549820417433], [-119.736296684582, 36.7548590423577], [-119.736295684757, 36.7545960421261], [-119.73690068483, 36.7547090419447], [-119.737549685283, 36.7547800422679], [-119.737769685391, 36.7547950422366], [-119.738401685228, 36.7548320422906], [-119.738910685041, 36.7548540416529], [-119.739521684961, 36.7548700420357], [-119.739988684941, 36.7548810417122], [-119.740930685298, 36.7548530419438], [-119.74093768497, 36.755123042113]]]}, "properties": {"GEOID": "060190028001017", "P0010001": 0, "ALAND": 11372, "AWATER": 0}}, {"type": "Feature", "geometry": {"type": "Polygon", "coordinates": [[[-119.740930685298, 36.7548530419438], [-119.739988684941, 36.7548810417122], [-119.739521684961, 36.7548700420357], [-119.738910685041, 36.7548540416529], [-119.738401685228, 36.7548320422906], [-119.737769685391, 36.7547950422366], [-119.737549685283, 36.7547800422679], [-119.73690068483, 36.7547090419447], [-119.736295684757, 36.7545960421261], [-119.736295684757, 36.7544780421315], [-119.736295684757, 36.7544210418556], [-119.736285684711, 36.7542220422144], [-119.736279684864, 36.7540740421538], [-119.736281685412, 36.7538950418061], [-119.736291684559, 36.7533580418556], [-119.736295684757, 36.7531800417274], [-119.73676768476, 36.7531790419965], [-119.738186685143, 36.7531790419965], [-119.738659684971, 36.7531790419965], [-119.738654684948, 36.7533580418556], [-119.738642685252, 36.7538980416907], [-119.738642685252, 36.7539310418533], [-119.738647685275, 36.7539900419341], [-119.738666684643, 36.754034041855], [-119.73868768456, 36.7540690421177], [-119.738715685047, 36.7540900419797], [-119.738767684926, 36.754100042049], [-119.738945685201, 36.7540960417335], [-119.739124685301, 36.7540950420145], [-119.740459685119, 36.7540950420145], [-119.740904685358, 36.7540950420145], [-119.740909685381, 36.7542460419056], [-119.740919685427, 36.7545300423589], [-119.740920685252, 36.7545700416793], [-119.740924684552, 36.7547010420968], [-119.740930685298, 36.7548530419438]]]}, "properties": {"GEOID": "060190028001018", "P0010001": 63, "ALAND": 54162, "AWATER": 0}}, {"type": "Feature", "geometry": {"type": "Polygon", "coordinates": [[[-119.740904685358, 36.7540950420145], [-119.740459685119, 36.7540950420145], [-119.739124685301, 36.7540950420145], [-119.738945685201, 36.7540960417335], [-119.738767684926, 36.754100042049], [-119.738715685047, 36.7540900419797], [-119.73868768456, 36.7540690421177], [-119.738666684643, 36.754034041855], [-119.738647685275, 36.7539900419341], [-119.738642685252, 36.7539310418533], [-119.738642685252, 36.7538980416907], [-119.738654684948, 36.7533580418556], [-119.738659684971, 36.7531790419965], [-119.739106684859, 36.7531790419965], [-119.740447685424, 36.7531790419965], [-119.740894685313, 36.7531790419965], [-119.740896684962, 36.7533620422096], [-119.74090268481, 36.7539110416692], [-119.740904685358, 36.7540950420145]]]}, "properties": {"GEOID": "060190028001019", "P0010001": 69, "ALAND": 20400, "AWATER": 0}}, {"type": "Feature", "geometry": {"type": "Polygon", "coordinates": [[[-119.738659684971, 36.7531790419965], [-119.738186685143, 36.7531790419965], [-119.73676768476, 36.7531790419965], [-119.736295684757, 36.7531800417274], [-119.736289684011, 36.7531670423448], [-119.736296683684, 36.7529970418], [-119.736320683973, 36.7524450423362], [-119.736329684194, 36.7522620420951], [-119.736792683976, 36.752263041838], [-119.738182684945, 36.7522690417347], [-119.738646684552, 36.7522710419402], [-119.7386486851, 36.7524520419592], [-119.738656684598, 36.7529970418], [-119.738659684971, 36.7531790419965]]]}, "properties": {"GEOID": "060190028001020", "P0010001": 89, "ALAND": 21207, "AWATER": 0}}, {"type": "Feature", "geometry": {"type": "Polygon", "coordinates": [[[-119.740904685358, 36.7524580418412], [-119.740896684962, 36.752998042253], [-119.740894685313, 36.7531790419965], [-119.740447685424, 36.7531790419965], [-119.739106684859, 36.7531790419965], [-119.738659684971, 36.7531790419965], [-119.738656684598, 36.7529970418], [-119.7386486851, 36.7524520419592], [-119.738646684552, 36.7522710419402], [-119.739098685362, 36.7522720416829], [-119.740454685097, 36.7522770418363], [-119.740907684833, 36.7522790420415], [-119.740904685358, 36.7524580418412]]]}, "properties": {"GEOID": "060190028001021", "P0010001": 64, "ALAND": 20147, "AWATER": 0}}, {"type": "Feature", "geometry": {"type": "Polygon", "coordinates": [[[-119.740908684658, 36.7515470419125], [-119.740907684833, 36.7520960421241], [-119.740907684833, 36.7522790420415], [-119.740454685097, 36.7522770418363], [-119.739098685362, 36.7522720416829], [-119.738646684552, 36.7522710419402], [-119.738644684902, 36.7520880420037], [-119.738638685054, 36.7515420417116], [-119.738637685229, 36.7513600419503], [-119.739091684791, 36.751361041705], [-119.740454685097, 36.7513640416887], [-119.740909685381, 36.7513650421631], [-119.740908684658, 36.7515470419125]]]}, "properties": {"GEOID": "060190028001022", "P0010001": 67, "ALAND": 20486, "AWATER": 0}}, {"type": "Feature", "geometry": {"type": "Polygon", "coordinates": [[[-119.738646684552, 36.7522710419402], [-119.738182684945, 36.7522690417347], [-119.736792683976, 36.752263041838], [-119.736329684194, 36.7522620420951], [-119.736331683844, 36.7520820420928], [-119.736338684415, 36.7515430421836], [-119.73634168389, 36.7513640416887], [-119.736800684372, 36.7513620421794], [-119.738177684922, 36.7513600419503], [-119.738637685229, 36.7513600419503], [-119.738638685054, 36.7515420417116], [-119.738644684902, 36.7520880420037], [-119.738646684552, 36.7522710419402]]]}, "properties": {"GEOID": "060190028001023", "P0010001": 70, "ALAND": 20683, "AWATER": 0}}, {"type": "Feature", "geometry": {"type": "Polygon", "coordinates": [[[-119.73865068475, 36.7506320421869], [-119.738640684704, 36.7511780417573], [-119.738637685229, 36.7513600419503], [-119.738177684922, 36.7513600419503], [-119.736800684372, 36.7513620421794], [-119.73634168389, 36.7513640416887], [-119.736343684438, 36.7511810417482], [-119.736353683585, 36.7506350421992], [-119.736357683783, 36.7504530417259], [-119.736815684441, 36.7504520419594], [-119.738189684617, 36.750451042193], [-119.7386486851, 36.750451042193], [-119.738651684575, 36.7505900420037], [-119.73865068475, 36.7506320421869]]]}, "properties": {"GEOID": "060190028001024", "P0010001": 20, "ALAND": 20700, "AWATER": 0}}, {"type": "Feature", "geometry": {"type": "Polygon", "coordinates": [[[-119.740909685381, 36.7506360419633], [-119.740909685381, 36.751182042225], [-119.740909685381, 36.7513650421631], [-119.740454685097, 36.7513640416887], [-119.739091684791, 36.751361041705], [-119.738637685229, 36.7513600419503], [-119.738640684704, 36.7511780417573], [-119.73865068475, 36.7506320421869], [-119.738651684575, 36.7505900420037], [-119.7386486851, 36.750451042193], [-119.739099685187, 36.750451042193], [-119.740452685447, 36.7504540422122], [-119.740903684635, 36.7504550419787], [-119.740909685381, 36.7505970417959], [-119.740909685381, 36.7506360419633]]]}, "properties": {"GEOID": "060190028001025", "P0010001": 61, "ALAND": 20414, "AWATER": 0}}, {"type": "Feature", "geometry": {"type": "Polygon", "coordinates": [[[-119.745426686819, 36.7648250432048], [-119.745425686994, 36.7648890428734], [-119.745425686994, 36.7649550430829], [-119.74542468717, 36.7651220428684], [-119.745238687397, 36.7651250430336], [-119.744417687414, 36.7651530426507], [-119.744129686636, 36.7651720432075], [-119.743304687354, 36.7651850427146], [-119.740871686645, 36.7651840431401], [-119.740871685746, 36.7651460427474], [-119.740870685921, 36.7651030430189], [-119.740870685921, 36.7650580426747], [-119.740870685921, 36.765027042854], [-119.740869686097, 36.7649620430036], [-119.740868686272, 36.7648950432219], [-119.740867686447, 36.7647480431842], [-119.742075686942, 36.7647490427645], [-119.74375568744, 36.7647520429443], [-119.745188687168, 36.7647540428241], [-119.745426686819, 36.7647540428241], [-119.745426686819, 36.7648250432048]]]}, "properties": {"GEOID": "060190028002000", "P0010001": 6, "ALAND": 18978, "AWATER": 0}}, {"type": "Feature", "geometry": {"type": "Polygon", "coordinates": [[[-119.74375568744, 36.7647520429443], [-119.742075686942, 36.7647490427645], [-119.742065686896, 36.7638920429727], [-119.743745687394, 36.7638730428184], [-119.74375568744, 36.7647520429443]]]}, "properties": {"GEOID": "060190028002001", "P0010001": 0, "ALAND": 14449, "AWATER": 0}}, {"type": "Feature", "geometry": {"type": "Polygon", "coordinates": [[[-119.74543568704, 36.7632000419682], [-119.745426686819, 36.7647540428241], [-119.745188687168, 36.7647540428241], [-119.74375568744, 36.7647520429443], [-119.743745687394, 36.7638730428184], [-119.742065686896, 36.7638920429727], [-119.742075686942, 36.7647490427645], [-119.740867686447, 36.7647480431842], [-119.740852686378, 36.7631660433137], [-119.740849686005, 36.7629380433111], [-119.740840685784, 36.7622570431122], [-119.740838686134, 36.7620300429015], [-119.740690685996, 36.7616480426885], [-119.740878686317, 36.7615600429199], [-119.741333685704, 36.7614220431776], [-119.741604685865, 36.7613920429504], [-119.741766686247, 36.7613750428645], [-119.742392686236, 36.7613700418648], [-119.744471686942, 36.7613510418054], [-119.745427686644, 36.7613430419305], [-119.745426686819, 36.7613600420235], [-119.745423687345, 36.76141104228], [-119.745422686621, 36.761428042358], [-119.745423687345, 36.7616020421351], [-119.745426686819, 36.7618920418459], [-119.744219687047, 36.7618920418459], [-119.744153686925, 36.7619080422001], [-119.744100687222, 36.7619400421786], [-119.744068687435, 36.761977041665], [-119.74404768662, 36.7620310417975], [-119.74404768662, 36.7626310419907], [-119.744068687435, 36.7626850416627], [-119.744113686742, 36.7627320418926], [-119.744169686819, 36.7627600416638], [-119.744220686872, 36.7627700420422], [-119.74543368739, 36.7627700420422], [-119.74543568704, 36.7632000419682]]]}, "properties": {"GEOID": "060190028002002", "P0010001": 0, "ALAND": 127047, "AWATER": 0}}, {"type": "Feature", "geometry": {"type": "Polygon", "coordinates": [[[-119.74543368739, 36.7627700420422], [-119.744220686872, 36.7627700420422], [-119.744169686819, 36.7627600416638], [-119.744113686742, 36.7627320418926], [-119.744068687435, 36.7626850416627], [-119.74404768662, 36.7626310419907], [-119.74404768662, 36.7620310417975], [-119.744068687435, 36.761977041665], [-119.744100687222, 36.7619400421786], [-119.744153686925, 36.7619080422001], [-119.744219687047, 36.7618920418459], [-119.745426686819, 36.7618920418459], [-119.745428687367, 36.7621240419765], [-119.745430687017, 36.7622980423336], [-119.74543368739, 36.7627700420422]]]}, "properties": {"GEOID": "060190028002003", "P0010001": 0, "ALAND": 11897, "AWATER": 0}}, {"type": "Feature", "geometry": {"type": "Polygon", "coordinates": [[[-119.745521687254, 36.760204042226], [-119.745508686835, 36.760543042308], [-119.745476687048, 36.7607960416668], [-119.745428687367, 36.761196042281], [-119.745430687017, 36.7612810421519], [-119.745427686644, 36.7613430419305], [-119.744471686942, 36.7613510418054], [-119.742392686236, 36.7613700418648], [-119.741766686247, 36.7613750428645], [-119.741604685865, 36.7613920429504], [-119.741333685704, 36.7614220431776], [-119.740878686317, 36.7615600429199], [-119.740690685996, 36.7616480426885], [-119.740726685981, 36.7615810428902], [-119.740838686134, 36.7613810427683], [-119.740875685944, 36.7613150430814], [-119.740894686211, 36.7611690430051], [-119.740894686211, 36.7609610433334], [-119.740896685861, 36.7598990422028], [-119.740897685686, 36.7595450416768], [-119.741153685779, 36.7595450416768], [-119.741924686431, 36.7595480420602], [-119.742181686349, 36.7595490417082], [-119.742300686175, 36.7595490417082], [-119.742660686025, 36.7595500420758], [-119.742780685675, 36.7595510417237], [-119.743026685723, 36.7595520420914], [-119.743038686316, 36.7595500420758], [-119.74306768573, 36.7595480420602], [-119.743116686134, 36.7595290422691], [-119.743159685792, 36.7594940423386], [-119.743180685708, 36.759453042338], [-119.743189685929, 36.7588590418538], [-119.743191685579, 36.7587920417783], [-119.743190685754, 36.7586010421226], [-119.743189685929, 36.7584240423072], [-119.743186685556, 36.7578930418498], [-119.743186685556, 36.75771604184], [-119.74363268562, 36.75771604184], [-119.744973686184, 36.7577180419034], [-119.745179686049, 36.7577190422949], [-119.745420686073, 36.7577230417018], [-119.745414686225, 36.7579000416954], [-119.745410686027, 36.7580430417944], [-119.74542468717, 36.7581870420123], [-119.745475687223, 36.7584270420147], [-119.745495687315, 36.7585210419069], [-119.745503686812, 36.7586030421629], [-119.745516687231, 36.7587250416443], [-119.745517687056, 36.7591510418864], [-119.745521687254, 36.760204042226]]]}, "properties": {"GEOID": "060190028002004", "P0010001": 0, "ALAND": 125129, "AWATER": 0}}, {"type": "Feature", "geometry": {"type": "Polygon", "coordinates": [[[-119.743191685579, 36.7587920417783], [-119.743189685929, 36.7588590418538], [-119.743180685708, 36.759453042338], [-119.743159685792, 36.7594940423386], [-119.743116686134, 36.7595290422691], [-119.74306768573, 36.7595480420602], [-119.743038686316, 36.7595500420758], [-119.743026685723, 36.7595520420914], [-119.742780685675, 36.7595510417237], [-119.742660686025, 36.7595500420758], [-119.742300686175, 36.7595490417082], [-119.742181686349, 36.7595490417082], [-119.741924686431, 36.7595480420602], [-119.741153685779, 36.7595450416768], [-119.740897685686, 36.7595450416768], [-119.740897685686, 36.7593590421485], [-119.740900686059, 36.7588040419895], [-119.740901685884, 36.7586190417638], [-119.741358685818, 36.7586150416839], [-119.742732685995, 36.7586040418232], [-119.743190685754, 36.7586010421226], [-119.743191685579, 36.7587920417783]]]}, "properties": {"GEOID": "060190028002005", "P0010001": 23, "ALAND": 21231, "AWATER": 0}}, {"type": "Feature", "geometry": {"type": "Polygon", "coordinates": [[[-119.743190685754, 36.7586010421226], [-119.742732685995, 36.7586040418232], [-119.741358685818, 36.7586150416839], [-119.740901685884, 36.7586190417638], [-119.740901685884, 36.7584360418562], [-119.740903686432, 36.7578910417909], [-119.740904686257, 36.7577090419776], [-119.741360686366, 36.7577090419776], [-119.742551686245, 36.7577110420412], [-119.742729685622, 36.7577120417131], [-119.743186685556, 36.75771604184], [-119.743186685556, 36.7578930418498], [-119.743189685929, 36.7584240423072], [-119.743190685754, 36.7586010421226]]]}, "properties": {"GEOID": "060190028002006", "P0010001": 16, "ALAND": 20357, "AWATER": 0}}, {"type": "Feature", "geometry": {"type": "Polygon", "coordinates": [[[-119.743186685556, 36.75771604184], [-119.742729685622, 36.7577120417131], [-119.742551686245, 36.7577110420412], [-119.741360686366, 36.7577090419776], [-119.740904686257, 36.7577090419776], [-119.740905686082, 36.7575280421265], [-119.740912685754, 36.7569880419335], [-119.740914686302, 36.756808042224], [-119.741366686214, 36.756808042224], [-119.742722685949, 36.7568110419947], [-119.743174685861, 36.7568120416783], [-119.743176686409, 36.7569920420982], [-119.743183686081, 36.7575350420054], [-119.743186685556, 36.75771604184]]]}, "properties": {"GEOID": "060190028002007", "P0010001": 51, "ALAND": 20278, "AWATER": 0}}, {"type": "Feature", "geometry": {"type": "Polygon", "coordinates": [[[-119.745420686073, 36.7577230417018], [-119.745179686049, 36.7577190422949], [-119.744973686184, 36.7577180419034], [-119.74363268562, 36.75771604184], [-119.743186685556, 36.75771604184], [-119.743183686081, 36.7575350420054], [-119.743176686409, 36.7569920420982], [-119.743174685861, 36.7568120416783], [-119.743167686188, 36.7566290417781], [-119.743147686096, 36.7560800423368], [-119.743141686249, 36.7558980418253], [-119.743284686364, 36.7559030417423], [-119.74359568581, 36.7559050418529], [-119.744958686116, 36.755918042211], [-119.745259686415, 36.7559210420166], [-119.745413686401, 36.7559260419321], [-119.745412685677, 36.7561070419646], [-119.745409686203, 36.7566490419733], [-119.745409686203, 36.7568310421424], [-119.745411685852, 36.7570090417162], [-119.7454176857, 36.7575440419516], [-119.745420686073, 36.7577230417018]]]}, "properties": {"GEOID": "060190028002008", "P0010001": 0, "ALAND": 40149, "AWATER": 0}}, {"type": "Feature", "geometry": {"type": "Polygon", "coordinates": [[[-119.745424686271, 36.7555710420834], [-119.745418686423, 36.7557510418166], [-119.745413686401, 36.7559260419321], [-119.745259686415, 36.7559210420166], [-119.744958686116, 36.755918042211], [-119.74359568581, 36.7559050418529], [-119.743284686364, 36.7559030417423], [-119.743141686249, 36.7558980418253], [-119.742692685812, 36.7558990422405], [-119.741345686298, 36.7559030417423], [-119.741023686082, 36.7559050418529], [-119.740897685686, 36.7559100417694], [-119.740905686082, 36.7557400422648], [-119.740918684704, 36.7554870420633], [-119.740921685077, 36.7554300418174], [-119.740931685123, 36.7552310419146], [-119.74093768497, 36.755123042113], [-119.741435685811, 36.7551150423082], [-119.742717685926, 36.7551270416552], [-119.743143685898, 36.755131041917], [-119.745420686073, 36.755131041917], [-119.745434686317, 36.7553080421335], [-119.745424686271, 36.7555710420834]]]}, "properties": {"GEOID": "060190028002009", "P0010001": 0, "ALAND": 34835, "AWATER": 0}}, {"type": "Feature", "geometry": {"type": "Polygon", "coordinates": [[[-119.743174685861, 36.7568120416783], [-119.742722685949, 36.7568110419947], [-119.741366686214, 36.756808042224], [-119.740914686302, 36.756808042224], [-119.740910686104, 36.756628042092], [-119.740900686059, 36.756089041734], [-119.740897685686, 36.7559100417694], [-119.741023686082, 36.7559050418529], [-119.741345686298, 36.7559030417423], [-119.742692685812, 36.7558990422405], [-119.743141686249, 36.7558980418253], [-119.743147686096, 36.7560800423368], [-119.743167686188, 36.7566290417781], [-119.743174685861, 36.7568120416783]]]}, "properties": {"GEOID": "060190028002010", "P0010001": 93, "ALAND": 20270, "AWATER": 0}}, {"type": "Feature", "geometry": {"type": "Polygon", "coordinates": [[[-119.748237686922, 36.7552800410814], [-119.747911687407, 36.7554040416532], [-119.747836687064, 36.7554330416419], [-119.747463686795, 36.7555760420216], [-119.747012686708, 36.7557500421192], [-119.746590686035, 36.7559120418799], [-119.746354686034, 36.7559140419904], [-119.745648685679, 36.7559220417118], [-119.745413686401, 36.7559260419321], [-119.745418686423, 36.7557510418166], [-119.745424686271, 36.7555710420834], [-119.745434686317, 36.7553080421335], [-119.745420686073, 36.755131041917], [-119.747293686017, 36.7551350421785], [-119.748632686932, 36.7551290410664], [-119.748237686922, 36.7552800410814]]]}, "properties": {"GEOID": "060190028002011", "P0010001": 0, "ALAND": 16914, "AWATER": 0}}, {"type": "Feature", "geometry": {"type": "Polygon", "coordinates": [[[-119.748632686932, 36.7551290410664], [-119.747293686017, 36.7551350421785], [-119.745420686073, 36.755131041917], [-119.745422685723, 36.7550540422401], [-119.745426685921, 36.7548540416529], [-119.746066686154, 36.7548610417758], [-119.746574686142, 36.7548670421891], [-119.74825068734, 36.7548750413], [-119.748632686932, 36.7551290410664]]]}, "properties": {"GEOID": "060190028002012", "P0010001": 0, "ALAND": 7944, "AWATER": 0}}, {"type": "Feature", "geometry": {"type": "Polygon", "coordinates": [[[-119.745422685723, 36.7550540422401], [-119.745420686073, 36.755131041917], [-119.743143685898, 36.755131041917], [-119.742717685926, 36.7551270416552], [-119.741435685811, 36.7551150423082], [-119.74093768497, 36.755123042113], [-119.740930685298, 36.7548530419438], [-119.742614685994, 36.7548680418981], [-119.7448766861, 36.7548620422046], [-119.745426685921, 36.7548540416529], [-119.745422685723, 36.7550540422401]]]}, "properties": {"GEOID": "060190028002013", "P0010001": 0, "ALAND": 11752, "AWATER": 0}}, {"type": "Feature", "geometry": {"type": "Polygon", "coordinates": [[[-119.745426685921, 36.7548540416529], [-119.7448766861, 36.7548620422046], [-119.742614685994, 36.7548680418981], [-119.740930685298, 36.7548530419438], [-119.740924684552, 36.7547010420968], [-119.740920685252, 36.7545700416793], [-119.740919685427, 36.7545300423589], [-119.740909685381, 36.7542460419056], [-119.740904685358, 36.7540950420145], [-119.741350685422, 36.7540930418566], [-119.742690686162, 36.7540910416987], [-119.743137686051, 36.7540900419797], [-119.743592686335, 36.7540880418217], [-119.744960685766, 36.7540830417863], [-119.745416685875, 36.7540820420672], [-119.745419686248, 36.7542360418552], [-119.745424686271, 36.7544640418151], [-119.745430686119, 36.7546990419548], [-119.745426685921, 36.7548540416529]]]}, "properties": {"GEOID": "060190028002014", "P0010001": 0, "ALAND": 34552, "AWATER": 0}}, {"type": "Feature", "geometry": {"type": "Polygon", "coordinates": [[[-119.74825068734, 36.7548750413], [-119.746574686142, 36.7548670421891], [-119.746066686154, 36.7548610417758], [-119.745426685921, 36.7548540416529], [-119.745430686119, 36.7546990419548], [-119.745424686271, 36.7544640418151], [-119.745419686248, 36.7542360418552], [-119.745416685875, 36.7540820420672], [-119.745870686335, 36.7540840422253], [-119.747234685568, 36.7540900412599], [-119.747689685852, 36.7540930411369], [-119.747772685693, 36.7542290409556], [-119.747973687331, 36.7545610406644], [-119.748020687187, 36.7546380408361], [-119.748104686852, 36.7547770409783], [-119.74820468731, 36.7548440409621], [-119.74825068734, 36.7548750413]]]}, "properties": {"GEOID": "060190028002015", "P0010001": 0, "ALAND": 19335, "AWATER": 0}}, {"type": "Feature", "geometry": {"type": "Polygon", "coordinates": [[[-119.747689685852, 36.7540930411369], [-119.747234685568, 36.7540900412599], [-119.745870686335, 36.7540840422253], [-119.745416685875, 36.7540820420672], [-119.745414686225, 36.7539040421793], [-119.745408686378, 36.7533700407576], [-119.74540668583, 36.7531930411079], [-119.74540668583, 36.7530090407584], [-119.74540668583, 36.7524600413219], [-119.745407685654, 36.7522770411165], [-119.745856686091, 36.7522770411165], [-119.747206685978, 36.7522790413217], [-119.74765668624, 36.7522800410644], [-119.747657686065, 36.7524610410622], [-119.747663685913, 36.753006040839], [-119.747666686286, 36.7531880410142], [-119.747670685586, 36.7533690410291], [-119.747684685829, 36.7539120406709], [-119.747689685852, 36.7540930411369]]]}, "properties": {"GEOID": "060190028002016", "P0010001": 6, "ALAND": 40515, "AWATER": 0}}, {"type": "Feature", "geometry": {"type": "Polygon", "coordinates": [[[-119.745416685875, 36.7540820420672], [-119.744960685766, 36.7540830417863], [-119.743592686335, 36.7540880418217], [-119.743137686051, 36.7540900419797], [-119.7431396857, 36.7539060423421], [-119.743147686096, 36.7533580418556], [-119.743150685571, 36.7531750423527], [-119.743601685658, 36.7531780422655], [-119.744954685918, 36.7531890421846], [-119.74540668583, 36.7531930411079], [-119.745408686378, 36.7533700407576], [-119.745414686225, 36.7539040421793], [-119.745416685875, 36.7540820420672]]]}, "properties": {"GEOID": "060190028002017", "P0010001": 0, "ALAND": 20272, "AWATER": 0}}, {"type": "Feature", "geometry": {"type": "Polygon", "coordinates": [[[-119.743147686096, 36.7533580418556], [-119.7431396857, 36.7539060423421], [-119.743137686051, 36.7540900419797], [-119.742690686162, 36.7540910416987], [-119.741350685422, 36.7540930418566], [-119.740904685358, 36.7540950420145], [-119.74090268481, 36.7539110416692], [-119.740896684962, 36.7533620422096], [-119.740894685313, 36.7531790419965], [-119.741345685399, 36.7531770418147], [-119.742698685659, 36.7531750423527], [-119.743150685571, 36.7531750423527], [-119.743147686096, 36.7533580418556]]]}, "properties": {"GEOID": "060190028002018", "P0010001": 58, "ALAND": 20368, "AWATER": 0}}, {"type": "Feature", "geometry": {"type": "Polygon", "coordinates": [[[-119.743150685571, 36.7531750423527], [-119.742698685659, 36.7531750423527], [-119.741345685399, 36.7531770418147], [-119.740894685313, 36.7531790419965], [-119.740896684962, 36.752998042253], [-119.740904685358, 36.7524580418412], [-119.740907684833, 36.7522790420415], [-119.741354684722, 36.7522760420935], [-119.742695685286, 36.7522710419402], [-119.743143685898, 36.7522700421973], [-119.743144685723, 36.7524510422187], [-119.743148685921, 36.7529940418801], [-119.743150685571, 36.7531750423527]]]}, "properties": {"GEOID": "060190028002019", "P0010001": 76, "ALAND": 20087, "AWATER": 0}}, {"type": "Feature", "geometry": {"type": "Polygon", "coordinates": [[[-119.74540668583, 36.7524600413219], [-119.74540668583, 36.7530090407584], [-119.74540668583, 36.7531930411079], [-119.744954685918, 36.7531890421846], [-119.743601685658, 36.7531780422655], [-119.743150685571, 36.7531750423527], [-119.743148685921, 36.7529940418801], [-119.743144685723, 36.7524510422187], [-119.743143685898, 36.7522700421973], [-119.74359568581, 36.7522710419402], [-119.744954685918, 36.7522750409113], [-119.745407685654, 36.7522770411165], [-119.74540668583, 36.7524600413219]]]}, "properties": {"GEOID": "060190028002020", "P0010001": 24, "ALAND": 20391, "AWATER": 0}}, {"type": "Feature", "geometry": {"type": "Polygon", "coordinates": [[[-119.7454176857, 36.7515530411454], [-119.745409686203, 36.7520950409395], [-119.745407685654, 36.7522770411165], [-119.744954685918, 36.7522750409113], [-119.74359568581, 36.7522710419402], [-119.743143685898, 36.7522700421973], [-119.743140684627, 36.7520890417489], [-119.743134684779, 36.7515470411927], [-119.743132685129, 36.7513670409525], [-119.743589685064, 36.7513680407071], [-119.744962686314, 36.7513710406905], [-119.745420686073, 36.7513720411648], [-119.7454176857, 36.7515530411454]]]}, "properties": {"GEOID": "060190028002021", "P0010001": 22, "ALAND": 20381, "AWATER": 0}}, {"type": "Feature", "geometry": {"type": "Polygon", "coordinates": [[[-119.747667686111, 36.7515510409213], [-119.74765868589, 36.7520970411495], [-119.74765668624, 36.7522800410644], [-119.747206685978, 36.7522790413217], [-119.745856686091, 36.7522770411165], [-119.745407685654, 36.7522770411165], [-119.745409686203, 36.7520950409395], [-119.7454176857, 36.7515530411454], [-119.745420686073, 36.7513720411648], [-119.745869685612, 36.7513710406905], [-119.747220686222, 36.7513690411814], [-119.747670685586, 36.7513690411814], [-119.747667686111, 36.7515510409213]]]}, "properties": {"GEOID": "060190028002022", "P0010001": 45, "ALAND": 20241, "AWATER": 0}}, {"type": "Feature", "geometry": {"type": "Polygon", "coordinates": [[[-119.747671686309, 36.7506210411815], [-119.747670685586, 36.7506440407956], [-119.747670685586, 36.7511870410098], [-119.747670685586, 36.7513690411814], [-119.747220686222, 36.7513690411814], [-119.745869685612, 36.7513710406905], [-119.745420686073, 36.7513720411648], [-119.745419686248, 36.7511910407572], [-119.745419686248, 36.7506490410549], [-119.745419686248, 36.7504690408673], [-119.745870686335, 36.7504670413347], [-119.74722468642, 36.750464041316], [-119.747676686332, 36.7504630408298], [-119.747671686309, 36.7506210411815]]]}, "properties": {"GEOID": "060190028002023", "P0010001": 16, "ALAND": 20182, "AWATER": 0}}, {"type": "Feature", "geometry": {"type": "Polygon", "coordinates": [[[-119.745420686073, 36.7513720411648], [-119.744962686314, 36.7513710406905], [-119.743589685064, 36.7513680407071], [-119.743132685129, 36.7513670409525], [-119.743135684604, 36.7511850407761], [-119.743147685198, 36.7506420412675], [-119.743148685023, 36.7506190409331], [-119.743159684894, 36.7504620410635], [-119.743611684805, 36.7504630408298], [-119.744967686337, 36.7504670413347], [-119.745419686248, 36.7504690408673], [-119.745419686248, 36.7506490410549], [-119.745419686248, 36.7511910407572], [-119.745420686073, 36.7513720411648]]]}, "properties": {"GEOID": "060190028002024", "P0010001": 19, "ALAND": 20411, "AWATER": 0}}, {"type": "Feature", "geometry": {"type": "Polygon", "coordinates": [[[-119.743148685023, 36.7506190409331], [-119.743147685198, 36.7506420412675], [-119.743135684604, 36.7511850407761], [-119.743132685129, 36.7513670409525], [-119.74268768489, 36.7513660411979], [-119.741353684897, 36.7513650421631], [-119.740909685381, 36.7513650421631], [-119.740909685381, 36.751182042225], [-119.740909685381, 36.7506360419633], [-119.740909685381, 36.7505970417959], [-119.740903684635, 36.7504550419787], [-119.741354684722, 36.7504560410254], [-119.742707684982, 36.7504600408109], [-119.743159684894, 36.7504620410635], [-119.743148685023, 36.7506190409331]]]}, "properties": {"GEOID": "060190028002025", "P0010001": 51, "ALAND": 20085, "AWATER": 0}}, {"type": "Feature", "geometry": {"type": "Polygon", "coordinates": [[[-119.743143685898, 36.7522700421973], [-119.742695685286, 36.7522710419402], [-119.741354684722, 36.7522760420935], [-119.740907684833, 36.7522790420415], [-119.740907684833, 36.7520960421241], [-119.740908684658, 36.7515470419125], [-119.740909685381, 36.7513650421631], [-119.741353684897, 36.7513650421631], [-119.74268768489, 36.7513660411979], [-119.743132685129, 36.7513670409525], [-119.743134684779, 36.7515470411927], [-119.743140684627, 36.7520890417489], [-119.743143685898, 36.7522700421973]]]}, "properties": {"GEOID": "060190028002026", "P0010001": 90, "ALAND": 20064, "AWATER": 0}}, {"type": "Feature", "geometry": {"type": "Polygon", "coordinates": [[[-119.749164688108, 36.7650880421875], [-119.748952688396, 36.7650900420586], [-119.748884687725, 36.7650940418008], [-119.74881168793, 36.7650940418008], [-119.748187687591, 36.7650950420961], [-119.747980687902, 36.7650960416717], [-119.747933688046, 36.7650960416717], [-119.747835688137, 36.7650960416717], [-119.747805688, 36.7650960416717], [-119.747748688098, 36.7650980422623], [-119.747613688379, 36.7651030422993], [-119.747295688362, 36.7650820418541], [-119.74542468717, 36.7651220428684], [-119.745425686994, 36.7649550430829], [-119.745425686994, 36.7648890428734], [-119.745426686819, 36.7648250432048], [-119.745426686819, 36.7647540428241], [-119.74543568704, 36.7632000419682], [-119.747701687344, 36.7631820419627], [-119.747698686971, 36.7630050419239], [-119.74768968675, 36.7624750418451], [-119.747687687101, 36.7622990419457], [-119.747872687049, 36.7622980423336], [-119.74842968744, 36.7622980423336], [-119.748615687213, 36.7622980423336], [-119.748595687122, 36.7614480420216], [-119.749121686653, 36.7614530422965], [-119.74912568775, 36.7621860417933], [-119.749131687597, 36.7623060421088], [-119.749141687643, 36.7631810416425], [-119.749146687666, 36.7635820416475], [-119.749155687887, 36.7647450422847], [-119.749157688435, 36.7648510423345], [-119.749159688085, 36.7649130421057], [-119.74916068791, 36.7649770417007], [-119.749164688108, 36.7650880421875]]]}, "properties": {"GEOID": "060190028003000", "P0010001": 33, "ALAND": 87431, "AWATER": 0}}, {"type": "Feature", "geometry": {"type": "Polygon", "coordinates": [[[-119.747701687344, 36.7631820419627], [-119.74543568704, 36.7632000419682], [-119.74543368739, 36.7627700420422], [-119.745430687017, 36.7622980423336], [-119.745881687104, 36.7622980423336], [-119.747235687189, 36.7622980423336], [-119.747687687101, 36.7622990419457], [-119.74768968675, 36.7624750418451], [-119.747698686971, 36.7630050419239], [-119.747701687344, 36.7631820419627]]]}, "properties": {"GEOID": "060190028003001", "P0010001": 20, "ALAND": 20004, "AWATER": 0}}, {"type": "Feature", "geometry": {"type": "Polygon", "coordinates": [[[-119.749473687904, 36.765097041967], [-119.74942268785, 36.7650950420961], [-119.749268687865, 36.7650890417632], [-119.749164688108, 36.7650880421875], [-119.74916068791, 36.7649770417007], [-119.749159688085, 36.7649130421057], [-119.749157688435, 36.7648510423345], [-119.749155687887, 36.7647450422847], [-119.749146687666, 36.7635820416475], [-119.749141687643, 36.7631810416425], [-119.749131687597, 36.7623060421088], [-119.74912568775, 36.7621860417933], [-119.749121686653, 36.7614530422965], [-119.749121686653, 36.7613750421448], [-119.749122687377, 36.7613130416724], [-119.74928268721, 36.7613160419866], [-119.749329687066, 36.7613170423312], [-119.749459686762, 36.7613200419256], [-119.749459686762, 36.7613750421448], [-119.749456688186, 36.7614420421231], [-119.749458687836, 36.7623050417772], [-119.749460688384, 36.7631780421209], [-119.749461688209, 36.7635900420085], [-119.749470688429, 36.764917041857], [-119.749472688079, 36.7649800418716], [-119.749473687904, 36.765097041967]]]}, "properties": {"GEOID": "060190028003002", "P0010001": 0, "ALAND": 12027, "AWATER": 0}}, {"type": "Feature", "geometry": {"type": "Polygon", "coordinates": [[[-119.754523689445, 36.7651220421488], [-119.752814687736, 36.765111041782], [-119.751810688353, 36.7650950420961], [-119.751632688078, 36.7650960416717], [-119.751330687954, 36.7650980422623], [-119.750994688394, 36.7651000421332], [-119.750806688073, 36.7651040418748], [-119.750149688122, 36.7650980422623], [-119.749886688356, 36.7650960416717], [-119.749609688347, 36.7651010417088], [-119.749487688148, 36.765097041967], [-119.749473687904, 36.765097041967], [-119.749472688079, 36.7649800418716], [-119.749470688429, 36.764917041857], [-119.749461688209, 36.7635900420085], [-119.749460688384, 36.7631780421209], [-119.749458687836, 36.7623050417772], [-119.749456688186, 36.7614420421231], [-119.749459686762, 36.7613750421448], [-119.749459686762, 36.7613200419256], [-119.749591687905, 36.7613180419561], [-119.749784688249, 36.761314042017], [-119.74995268758, 36.7613110417028], [-119.74995268758, 36.7613230422395], [-119.749954688128, 36.7613460422435], [-119.749954688128, 36.7613620419919], [-119.749955687953, 36.7613750421448], [-119.749955687953, 36.7613870419519], [-119.749956687778, 36.7614230420815], [-119.749957687603, 36.761435041881], [-119.749958688326, 36.7616080420211], [-119.749963688349, 36.7621300418217], [-119.749965687999, 36.7623040421651], [-119.749963688349, 36.7624780421138], [-119.749957687603, 36.7629990421472], [-119.749956687778, 36.7631740422788], [-119.75008168835, 36.7631730419584], [-119.750460687568, 36.7631710420372], [-119.750586687965, 36.7631710420372], [-119.75080168805, 36.7631660418744], [-119.751448687955, 36.7631550419466], [-119.751664687865, 36.7631520417043], [-119.751775688193, 36.7631500417826], [-119.752109688104, 36.7631470422598], [-119.752221688257, 36.7631460419391], [-119.752307687573, 36.7631490421816], [-119.752567687864, 36.7631580421888], [-119.752654687902, 36.7631610417111], [-119.75266068775, 36.7633750416411], [-119.752679688017, 36.7640170421659], [-119.752686687689, 36.7642320421728], [-119.752859687942, 36.7642330417597], [-119.753380688349, 36.7642360419597], [-119.753554688426, 36.764238041853], [-119.753552687878, 36.764021041964], [-119.753549688403, 36.7633730417252], [-119.75354868768, 36.7631570418681], [-119.753739688374, 36.7631550419466], [-119.754312687761, 36.763153042025], [-119.75450468828, 36.763153042025], [-119.754520689072, 36.7648490417375], [-119.754521688897, 36.7649090423541], [-119.754522688721, 36.7649680419071], [-119.754523689445, 36.7651220421488]]]}, "properties": {"GEOID": "060190028003003", "P0010001": 210, "ALAND": 97182, "AWATER": 0}}, {"type": "Feature", "geometry": {"type": "Polygon", "coordinates": [[[-119.753348687663, 36.7617780421946], [-119.75334168799, 36.7628140419646], [-119.753339688341, 36.7631600421102], [-119.753202688073, 36.7631600421102], [-119.752790688345, 36.7631600421102], [-119.752654687902, 36.7631610417111], [-119.752567687864, 36.7631580421888], [-119.752307687573, 36.7631490421816], [-119.752221688257, 36.7631460419391], [-119.752218687884, 36.762975042316], [-119.752212688036, 36.7624650421478], [-119.752210688387, 36.7622950420578], [-119.752213687861, 36.7621230416424], [-119.752223687907, 36.7616070416803], [-119.752225687557, 36.7615290416853], [-119.752211688211, 36.7614370418474], [-119.752435687619, 36.7614360422241], [-119.753109688187, 36.7614340422576], [-119.753334688318, 36.7614340422576], [-119.753350688211, 36.761582041792], [-119.753348687663, 36.7617780421946]]]}, "properties": {"GEOID": "060190028003004", "P0010001": 55, "ALAND": 19247, "AWATER": 0}}, {"type": "Feature", "geometry": {"type": "Polygon", "coordinates": [[[-119.75450468828, 36.763153042025], [-119.754312687761, 36.763153042025], [-119.753739688374, 36.7631550419466], [-119.75354868768, 36.7631570418681], [-119.753506687847, 36.7631570418681], [-119.753380688349, 36.7631590417897], [-119.753339688341, 36.7631600421102], [-119.75334168799, 36.7628140419646], [-119.753348687663, 36.7617780421946], [-119.753350688211, 36.761582041792], [-119.753334688318, 36.7614340422576], [-119.753563687748, 36.7614300423246], [-119.754251687661, 36.7614220417383], [-119.754481687815, 36.7614190421479], [-119.754485688013, 36.76176504211], [-119.754499688257, 36.7628060422423], [-119.75450468828, 36.763153042025]]]}, "properties": {"GEOID": "060190028003005", "P0010001": 57, "ALAND": 19670, "AWATER": 0}}, {"type": "Feature", "geometry": {"type": "Polygon", "coordinates": [[[-119.753554688426, 36.764238041853], [-119.753380688349, 36.7642360419597], [-119.752859687942, 36.7642330417597], [-119.752686687689, 36.7642320421728], [-119.752679688017, 36.7640170421659], [-119.75266068775, 36.7633750416411], [-119.752654687902, 36.7631610417111], [-119.752790688345, 36.7631600421102], [-119.753202688073, 36.7631600421102], [-119.753339688341, 36.7631600421102], [-119.753380688349, 36.7631590417897], [-119.753506687847, 36.7631570418681], [-119.75354868768, 36.7631570418681], [-119.753549688403, 36.7633730417252], [-119.753552687878, 36.764021041964], [-119.753554688426, 36.764238041853]]]}, "properties": {"GEOID": "060190028003006", "P0010001": 42, "ALAND": 9383, "AWATER": 0}}, {"type": "Feature", "geometry": {"type": "Polygon", "coordinates": [[[-119.752221688257, 36.7631460419391], [-119.752109688104, 36.7631470422598], [-119.751775688193, 36.7631500417826], [-119.751664687865, 36.7631520417043], [-119.751448687955, 36.7631550419466], [-119.75080168805, 36.7631660418744], [-119.750586687965, 36.7631710420372], [-119.750460687568, 36.7631710420372], [-119.75008168835, 36.7631730419584], [-119.749956687778, 36.7631740422788], [-119.749957687603, 36.7629990421472], [-119.749963688349, 36.7624780421138], [-119.749965687999, 36.7623040421651], [-119.750413687712, 36.7623020422213], [-119.75176168795, 36.76229604167], [-119.752210688387, 36.7622950420578], [-119.752212688036, 36.7624650421478], [-119.752218687884, 36.762975042316], [-119.752221688257, 36.7631460419391]]]}, "properties": {"GEOID": "060190028003007", "P0010001": 59, "ALAND": 19256, "AWATER": 0}}, {"type": "Feature", "geometry": {"type": "Polygon", "coordinates": [[[-119.752223687907, 36.7616070416803], [-119.752213687861, 36.7621230416424], [-119.752210688387, 36.7622950420578], [-119.75176168795, 36.76229604167], [-119.750413687712, 36.7623020422213], [-119.749965687999, 36.7623040421651], [-119.749963688349, 36.7621300418217], [-119.749958688326, 36.7616080420211], [-119.749957687603, 36.761435041881], [-119.750407687865, 36.761435041881], [-119.751760688125, 36.7614360422241], [-119.752211688211, 36.7614370418474], [-119.752225687557, 36.7615290416853], [-119.752223687907, 36.7616070416803]]]}, "properties": {"GEOID": "060190028003008", "P0010001": 72, "ALAND": 19308, "AWATER": 0}}, {"type": "Feature", "geometry": {"type": "Polygon", "coordinates": [[[-119.750044686743, 36.7586810422548], [-119.74998968739, 36.7587590422674], [-119.749975687146, 36.7588280416865], [-119.749974687321, 36.758838041858], [-119.749953687405, 36.7593660418603], [-119.749947686659, 36.7595420420131], [-119.749947686659, 36.7597230421496], [-119.749949687207, 36.7602660421555], [-119.749950687032, 36.7604470420229], [-119.749951686857, 36.7606190418788], [-119.749954688128, 36.7611380423321], [-119.749955687953, 36.7612180419773], [-119.74995268758, 36.7613110417028], [-119.749784688249, 36.761314042017], [-119.749591687905, 36.7613180419561], [-119.749459686762, 36.7613200419256], [-119.749459686762, 36.7611720418856], [-119.749449686716, 36.7605350423488], [-119.749448686891, 36.7604240417493], [-119.749438686846, 36.7595500420758], [-119.749395687188, 36.7587030419527], [-119.749366686876, 36.7577340416889], [-119.74967968687, 36.7577370421431], [-119.749980687169, 36.7577370421431], [-119.749992686865, 36.7579250420641], [-119.750009686583, 36.7581820422442], [-119.750031687223, 36.7584920416462], [-119.750044686743, 36.7586810422548]]]}, "properties": {"GEOID": "060190028003009", "P0010001": 8, "ALAND": 19430, "AWATER": 0}}, {"type": "Feature", "geometry": {"type": "Polygon", "coordinates": [[[-119.749459686762, 36.7613200419256], [-119.749329687066, 36.7613170423312], [-119.74928268721, 36.7613160419866], [-119.749122687377, 36.7613130416724], [-119.749119687003, 36.7604090421617], [-119.749117687354, 36.7595540421069], [-119.749113687156, 36.7593900421012], [-119.74911668663, 36.7587130421404], [-119.749109686958, 36.7584380419009], [-119.749114686981, 36.7577370421431], [-119.749366686876, 36.7577340416889], [-119.749395687188, 36.7587030419527], [-119.749438686846, 36.7595500420758], [-119.749448686891, 36.7604240417493], [-119.749449686716, 36.7605350423488], [-119.749459686762, 36.7611720418856], [-119.749459686762, 36.7613200419256]]]}, "properties": {"GEOID": "060190028003010", "P0010001": 0, "ALAND": 10874, "AWATER": 0}}, {"type": "Feature", "geometry": {"type": "Polygon", "coordinates": [[[-119.749121686653, 36.7613750421448], [-119.749121686653, 36.7614530422965], [-119.748595687122, 36.7614480420216], [-119.748593686574, 36.7613730421768], [-119.748592686749, 36.761308042108], [-119.748584687251, 36.7604340417126], [-119.74839868658, 36.760429042091], [-119.747841687086, 36.7604140417847], [-119.747656687139, 36.7604090421617], [-119.747656687139, 36.7602330418394], [-119.747660687336, 36.7597070420593], [-119.747661687161, 36.7595320419334], [-119.747662686986, 36.759349042045], [-119.747669686659, 36.7588010422967], [-119.747671687207, 36.7586190417638], [-119.747671687207, 36.7584400419454], [-119.747671687207, 36.7579040418125], [-119.747671687207, 36.7577260421564], [-119.748762686628, 36.7577320423456], [-119.748874686781, 36.7577330420173], [-119.749114686981, 36.7577370421431], [-119.749109686958, 36.7584380419009], [-119.74911668663, 36.7587130421404], [-119.749113687156, 36.7593900421012], [-119.749117687354, 36.7595540421069], [-119.749119687003, 36.7604090421617], [-119.749122687377, 36.7613130416724], [-119.749121686653, 36.7613750421448]]]}, "properties": {"GEOID": "060190028003011", "P0010001": 53, "ALAND": 44086, "AWATER": 0}}, {"type": "Feature", "geometry": {"type": "Polygon", "coordinates": [[[-119.748592686749, 36.761308042108], [-119.748294686823, 36.7613070417633], [-119.747977686631, 36.7613100420778], [-119.747693686948, 36.7613070417633], [-119.747686687276, 36.7611270421135], [-119.747666687184, 36.7605880417031], [-119.747664686636, 36.760509041756], [-119.747656687139, 36.7604090421617], [-119.747841687086, 36.7604140417847], [-119.74839868658, 36.760429042091], [-119.748584687251, 36.7604340417126], [-119.748592686749, 36.761308042108]]]}, "properties": {"GEOID": "060190028003012", "P0010001": 10, "ALAND": 8010, "AWATER": 0}}, {"type": "Feature", "geometry": {"type": "Polygon", "coordinates": [[[-119.748595687122, 36.7614480420216], [-119.747704686819, 36.7614410417801], [-119.747702687169, 36.7614270420149], [-119.747699686796, 36.7613850419841], [-119.747698686971, 36.7613720418329], [-119.747697687146, 36.7613580420551], [-119.747694686773, 36.7613190423007], [-119.747693686948, 36.7613070417633], [-119.747977686631, 36.7613100420778], [-119.748294686823, 36.7613070417633], [-119.748592686749, 36.761308042108], [-119.748593686574, 36.7613730421768], [-119.748595687122, 36.7614480420216]]]}, "properties": {"GEOID": "060190028003013", "P0010001": 0, "ALAND": 1209, "AWATER": 0}}, {"type": "Feature", "geometry": {"type": "Polygon", "coordinates": [[[-119.747693686948, 36.7613070417633], [-119.74743668703, 36.7613090417331], [-119.745430687017, 36.7612810421519], [-119.745428687367, 36.761196042281], [-119.745476687048, 36.7607960416668], [-119.745508686835, 36.760543042308], [-119.745521687254, 36.760204042226], [-119.745517687056, 36.7591510418864], [-119.745516687231, 36.7587250416443], [-119.745503686812, 36.7586030421629], [-119.745495687315, 36.7585210419069], [-119.745475687223, 36.7584270420147], [-119.74542468717, 36.7581870420123], [-119.745410686027, 36.7580430417944], [-119.745414686225, 36.7579000416954], [-119.745420686073, 36.7577230417018], [-119.745870687233, 36.75772204203], [-119.74722068712, 36.75772204203], [-119.747424687335, 36.75772204203], [-119.747671687207, 36.7577260421564], [-119.747671687207, 36.7579040418125], [-119.747671687207, 36.7584400419454], [-119.747671687207, 36.7586190417638], [-119.747669686659, 36.7588010422967], [-119.747662686986, 36.759349042045], [-119.747661687161, 36.7595320419334], [-119.747660687336, 36.7597070420593], [-119.747656687139, 36.7602330418394], [-119.747656687139, 36.7604090421617], [-119.747664686636, 36.760509041756], [-119.747666687184, 36.7605880417031], [-119.747686687276, 36.7611270421135], [-119.747693686948, 36.7613070417633]]]}, "properties": {"GEOID": "060190028003014", "P0010001": 17, "ALAND": 77246, "AWATER": 0}}, {"type": "Feature", "geometry": {"type": "Polygon", "coordinates": [[[-119.747704686819, 36.7614410417801], [-119.747530686742, 36.7614360422241], [-119.747247686885, 36.7614340422576], [-119.745878686731, 36.7614290419815], [-119.745422686621, 36.761428042358], [-119.745423687345, 36.76141104228], [-119.745426686819, 36.7613600420235], [-119.745427686644, 36.7613430419305], [-119.745430687017, 36.7612810421519], [-119.74743668703, 36.7613090417331], [-119.747693686948, 36.7613070417633], [-119.747694686773, 36.7613190423007], [-119.747697687146, 36.7613580420551], [-119.747698686971, 36.7613720418329], [-119.747699686796, 36.7613850419841], [-119.747702687169, 36.7614270420149], [-119.747704686819, 36.7614410417801]]]}, "properties": {"GEOID": "060190028003015", "P0010001": 0, "ALAND": 3048, "AWATER": 0}}, {"type": "Feature", "geometry": {"type": "Polygon", "coordinates": [[[-119.747696687321, 36.7615180422424], [-119.747694686773, 36.7616120419448], [-119.747688686926, 36.762127042259], [-119.747687687101, 36.7622990419457], [-119.747235687189, 36.7622980423336], [-119.745881687104, 36.7622980423336], [-119.745430687017, 36.7622980423336], [-119.745428687367, 36.7621240419765], [-119.745426686819, 36.7618920418459], [-119.745423687345, 36.7616020421351], [-119.745422686621, 36.761428042358], [-119.745878686731, 36.7614290419815], [-119.747247686885, 36.7614340422576], [-119.747530686742, 36.7614360422241], [-119.747704686819, 36.7614410417801], [-119.747696687321, 36.7615180422424]]]}, "properties": {"GEOID": "060190028003016", "P0010001": 0, "ALAND": 19449, "AWATER": 0}}, {"type": "Feature", "geometry": {"type": "Polygon", "coordinates": [[[-119.748615687213, 36.7622980423336], [-119.74842968744, 36.7622980423336], [-119.747872687049, 36.7622980423336], [-119.747687687101, 36.7622990419457], [-119.747688686926, 36.762127042259], [-119.747694686773, 36.7616120419448], [-119.747696687321, 36.7615180422424], [-119.747704686819, 36.7614410417801], [-119.748595687122, 36.7614480420216], [-119.748615687213, 36.7622980423336]]]}, "properties": {"GEOID": "060190028003017", "P0010001": 17, "ALAND": 7726, "AWATER": 0}}, {"type": "Feature", "geometry": {"type": "Polygon", "coordinates": [[[-119.747680687428, 36.7569170422145], [-119.747673686857, 36.7575230423154], [-119.747671687207, 36.7577260421564], [-119.747424687335, 36.75772204203], [-119.74722068712, 36.75772204203], [-119.745870687233, 36.75772204203], [-119.745420686073, 36.7577230417018], [-119.7454176857, 36.7575440419516], [-119.745411685852, 36.7570090417162], [-119.745409686203, 36.7568310421424], [-119.745839686373, 36.7568280416528], [-119.747132687257, 36.7568200420259], [-119.747564687077, 36.756818041939], [-119.747682687078, 36.7568340419122], [-119.747680687428, 36.7569170422145]]]}, "properties": {"GEOID": "060190028003018", "P0010001": 40, "ALAND": 20130, "AWATER": 0}}, {"type": "Feature", "geometry": {"type": "Polygon", "coordinates": [[[-119.751972686939, 36.7551260412299], [-119.751900686968, 36.7552470407794], [-119.751876686679, 36.7552850410387], [-119.751590687347, 36.7557640407614], [-119.751495686913, 36.7559240411022], [-119.751391687155, 36.7560950413315], [-119.751323687383, 36.7562040408957], [-119.751062687267, 36.7566300407444], [-119.750955687137, 36.7568070411009], [-119.750760687144, 36.7569930410598], [-119.750174687338, 36.7575510418291], [-119.749980687169, 36.7577370421431], [-119.74967968687, 36.7577370421431], [-119.749366686876, 36.7577340416889], [-119.749114686981, 36.7577370421431], [-119.748874686781, 36.7577330420173], [-119.748762686628, 36.7577320423456], [-119.747671687207, 36.7577260421564], [-119.747673686857, 36.7575230423154], [-119.747680687428, 36.7569170422145], [-119.747682687078, 36.7568340419122], [-119.747564687077, 36.756818041939], [-119.747132687257, 36.7568200420259], [-119.745839686373, 36.7568280416528], [-119.745409686203, 36.7568310421424], [-119.745409686203, 36.7566490419733], [-119.745412685677, 36.7561070419646], [-119.745413686401, 36.7559260419321], [-119.745648685679, 36.7559220417118], [-119.746354686034, 36.7559140419904], [-119.746590686035, 36.7559120418799], [-119.747012686708, 36.7557500421192], [-119.747463686795, 36.7555760420216], [-119.747836687064, 36.7554330416419], [-119.747911687407, 36.7554040416532], [-119.748237686922, 36.7552800410814], [-119.748632686932, 36.7551290410664], [-119.750220687369, 36.7551240410989], [-119.750730687006, 36.7551220409679], [-119.750939687244, 36.7551230406735], [-119.751569687431, 36.7551260412299], [-119.751779686595, 36.7551270409355], [-119.751817687128, 36.7551260412299], [-119.751931686931, 36.7551320409027], [-119.751972686939, 36.7551260412299]]]}, "properties": {"GEOID": "060190028003019", "P0010001": 17, "ALAND": 109660, "AWATER": 0}}, {"type": "Feature", "geometry": {"type": "Polygon", "coordinates": [[[-119.751931686931, 36.7551320409027], [-119.751817687128, 36.7551260412299], [-119.751779686595, 36.7551270409355], [-119.751569687431, 36.7551260412299], [-119.750939687244, 36.7551230406735], [-119.750730687006, 36.7551220409679], [-119.750220687369, 36.7551240410989], [-119.748632686932, 36.7551290410664], [-119.74825068734, 36.7548750413], [-119.748641687153, 36.754871041025], [-119.749876687412, 36.7548760410089], [-119.750144687201, 36.7549080410423], [-119.750924687175, 36.7550010412212], [-119.751515687004, 36.7550710408481], [-119.751972686939, 36.7551260412299], [-119.751931686931, 36.7551320409027]]]}, "properties": {"GEOID": "060190028003020", "P0010001": 0, "ALAND": 6182, "AWATER": 0}}, {"type": "Feature", "geometry": {"type": "Polygon", "coordinates": [[[-119.750006687108, 36.7538040411716], [-119.749942686636, 36.7540140409781], [-119.749883687085, 36.7542050412591], [-119.74975168684, 36.7546430408352], [-119.749718687228, 36.7547550408742], [-119.749688687091, 36.7548540409332], [-119.749876687412, 36.7548760410089], [-119.748641687153, 36.754871041025], [-119.74825068734, 36.7548750413], [-119.74820468731, 36.7548440409621], [-119.748104686852, 36.7547770409783], [-119.748020687187, 36.7546380408361], [-119.747973687331, 36.7545610406644], [-119.747772685693, 36.7542290409556], [-119.747689685852, 36.7540930411369], [-119.747684685829, 36.7539120406709], [-119.747670685586, 36.7533690410291], [-119.747666686286, 36.7531880410142], [-119.748121685672, 36.7531870412834], [-119.749488687074, 36.7531850411018], [-119.749944687184, 36.7531850411018], [-119.749945687009, 36.7533110409197], [-119.749950687032, 36.7536680413193], [-119.749958687428, 36.7536870411226], [-119.750006687108, 36.7538040411716]]]}, "properties": {"GEOID": "060190028003021", "P0010001": 216, "ALAND": 34946, "AWATER": 0}}, {"type": "Feature", "geometry": {"type": "Polygon", "coordinates": [[[-119.749944687184, 36.7531850411018], [-119.749488687074, 36.7531850411018], [-119.748121685672, 36.7531870412834], [-119.747666686286, 36.7531880410142], [-119.747663685913, 36.753006040839], [-119.747657686065, 36.7524610410622], [-119.74765668624, 36.7522800410644], [-119.748111685627, 36.7522790413217], [-119.749476687379, 36.7522780408592], [-119.74993268659, 36.7522780408592], [-119.749934687138, 36.7524590408617], [-119.749941686811, 36.7530030409195], [-119.749944687184, 36.7531850411018]]]}, "properties": {"GEOID": "060190028003022", "P0010001": 153, "ALAND": 20481, "AWATER": 0}}, {"type": "Feature", "geometry": {"type": "Polygon", "coordinates": [[[-119.74993268659, 36.7522780408592], [-119.749476687379, 36.7522780408592], [-119.748111685627, 36.7522790413217], [-119.74765668624, 36.7522800410644], [-119.74765868589, 36.7520970411495], [-119.747667686111, 36.7515510409213], [-119.747670685586, 36.7513690411814], [-119.748121685672, 36.7513710406905], [-119.749475685757, 36.7513780411312], [-119.749927686567, 36.7513810411143], [-119.749927686567, 36.7515600408498], [-119.74993068694, 36.7520980408945], [-119.74993268659, 36.7522780408592]]]}, "properties": {"GEOID": "060190028003023", "P0010001": 140, "ALAND": 20301, "AWATER": 0}}, {"type": "Feature", "geometry": {"type": "Polygon", "coordinates": [[[-119.749924686194, 36.7506380407717], [-119.749924686194, 36.7506490410549], [-119.749926686742, 36.7511980412144], [-119.749927686567, 36.7513810411143], [-119.749475685757, 36.7513780411312], [-119.748121685672, 36.7513710406905], [-119.747670685586, 36.7513690411814], [-119.747670685586, 36.7511870410098], [-119.747670685586, 36.7506440407956], [-119.747671686309, 36.7506210411815], [-119.747676686332, 36.7504630408298], [-119.748127686418, 36.7504630408298], [-119.74948068578, 36.7504660408487], [-119.749931685867, 36.7504670413347], [-119.749924686194, 36.7506380407717]]]}, "properties": {"GEOID": "060190028003024", "P0010001": 55, "ALAND": 20337, "AWATER": 0}}, {"type": "Feature", "geometry": {"type": "Polygon", "coordinates": [[[-119.752222688082, 36.7613920422308], [-119.752214687686, 36.7614200417715], [-119.752211688211, 36.7614370418474], [-119.751760688125, 36.7614360422241], [-119.750407687865, 36.761435041881], [-119.749957687603, 36.761435041881], [-119.749956687778, 36.7614230420815], [-119.749955687953, 36.7613870419519], [-119.749955687953, 36.7613750421448], [-119.749954688128, 36.7613620419919], [-119.749954688128, 36.7613460422435], [-119.74995268758, 36.7613230422395], [-119.74995268758, 36.7613110417028], [-119.750403687667, 36.7613100420778], [-119.7517596883, 36.7613100420778], [-119.752212688036, 36.7613100420778], [-119.752213687861, 36.7613230422395], [-119.752216688234, 36.7613460422435], [-119.752218687884, 36.7613550417425], [-119.752219687709, 36.7613710422087], [-119.752222688082, 36.7613920422308]]]}, "properties": {"GEOID": "060190028004000", "P0010001": 0, "ALAND": 2813, "AWATER": 0}}, {"type": "Feature", "geometry": {"type": "Polygon", "coordinates": [[[-119.753333687595, 36.7613320417412], [-119.753333687595, 36.7613670422724], [-119.753333687595, 36.7613800417048], [-119.753333687595, 36.7614200417715], [-119.753334688318, 36.7614340422576], [-119.753109688187, 36.7614340422576], [-119.752435687619, 36.7614360422241], [-119.752211688211, 36.7614370418474], [-119.752214687686, 36.7614200417715], [-119.752222688082, 36.7613920422308], [-119.752219687709, 36.7613710422087], [-119.752218687884, 36.7613550417425], [-119.752216688234, 36.7613460422435], [-119.752213687861, 36.7613230422395], [-119.752212688036, 36.7613100420778], [-119.753345688188, 36.7613020421985], [-119.753333687595, 36.7613320417412]]]}, "properties": {"GEOID": "060190028004001", "P0010001": 0, "ALAND": 1429, "AWATER": 0}}, {"type": "Feature", "geometry": {"type": "Polygon", "coordinates": [[[-119.754481687815, 36.7614190421479], [-119.754251687661, 36.7614220417383], [-119.753563687748, 36.7614300423246], [-119.753334688318, 36.7614340422576], [-119.753333687595, 36.7614200417715], [-119.753333687595, 36.7613800417048], [-119.753333687595, 36.7613670422724], [-119.753333687595, 36.7613320417412], [-119.753345688188, 36.7613020421985], [-119.754473688318, 36.7613050417935], [-119.754473688318, 36.7613160419866], [-119.754476687792, 36.7613510418054], [-119.754477687617, 36.7613630423359], [-119.754477687617, 36.761374041801], [-119.75448068799, 36.7614070423458], [-119.754481687815, 36.7614190421479]]]}, "properties": {"GEOID": "060190028004002", "P0010001": 0, "ALAND": 1388, "AWATER": 0}}, {"type": "Feature", "geometry": {"type": "Polygon", "coordinates": [[[-119.754473688318, 36.7613050417935], [-119.753345688188, 36.7613020421985], [-119.75334168799, 36.7610010421792], [-119.753329688295, 36.7598970421963], [-119.753326687922, 36.7595300419173], [-119.754468688295, 36.7595350408779], [-119.754473688318, 36.7613050417935]]]}, "properties": {"GEOID": "060190028004003", "P0010001": 94, "ALAND": 19929, "AWATER": 0}}, {"type": "Feature", "geometry": {"type": "Polygon", "coordinates": [[[-119.753345688188, 36.7613020421985], [-119.752212688036, 36.7613100420778], [-119.752213687861, 36.7611360423579], [-119.752220688432, 36.760616042257], [-119.752222688082, 36.7604430420384], [-119.752222688082, 36.7602620421615], [-119.752222688082, 36.7597220417842], [-119.752222688082, 36.7595420420131], [-119.75244268819, 36.7595390423491], [-119.753105687989, 36.7595320419334], [-119.753326687922, 36.7595300419173], [-119.753329688295, 36.7598970421963], [-119.75334168799, 36.7610010421792], [-119.753345688188, 36.7613020421985]]]}, "properties": {"GEOID": "060190028004004", "P0010001": 85, "ALAND": 19568, "AWATER": 0}}, {"type": "Feature", "geometry": {"type": "Polygon", "coordinates": [[[-119.752220688432, 36.760616042257], [-119.752213687861, 36.7611360423579], [-119.752212688036, 36.7613100420778], [-119.7517596883, 36.7613100420778], [-119.750403687667, 36.7613100420778], [-119.74995268758, 36.7613110417028], [-119.749955687953, 36.7612180419773], [-119.749954688128, 36.7611380423321], [-119.749951686857, 36.7606190418788], [-119.749950687032, 36.7604470420229], [-119.75040468839, 36.7604450420307], [-119.751767687797, 36.7604430420384], [-119.752222688082, 36.7604430420384], [-119.752220688432, 36.760616042257]]]}, "properties": {"GEOID": "060190028004005", "P0010001": 62, "ALAND": 19427, "AWATER": 0}}, {"type": "Feature", "geometry": {"type": "Polygon", "coordinates": [[[-119.752222688082, 36.7597220417842], [-119.752222688082, 36.7602620421615], [-119.752222688082, 36.7604430420384], [-119.751767687797, 36.7604430420384], [-119.75040468839, 36.7604450420307], [-119.749950687032, 36.7604470420229], [-119.749949687207, 36.7602660421555], [-119.749947686659, 36.7597230421496], [-119.749947686659, 36.7595420420131], [-119.750402686943, 36.7595420420131], [-119.751767687797, 36.7595420420131], [-119.752222688082, 36.7595420420131], [-119.752222688082, 36.7597220417842]]]}, "properties": {"GEOID": "060190028004006", "P0010001": 120, "ALAND": 20328, "AWATER": 0}}, {"type": "Feature", "geometry": {"type": "Polygon", "coordinates": [[[-119.752222688082, 36.7595420420131], [-119.751767687797, 36.7595420420131], [-119.750402686943, 36.7595420420131], [-119.749947686659, 36.7595420420131], [-119.749953687405, 36.7593660418603], [-119.749974687321, 36.758838041858], [-119.749975687146, 36.7588280416865], [-119.74998968739, 36.7587590422674], [-119.750044686743, 36.7586810422548], [-119.750107687391, 36.7586530417142], [-119.750272687247, 36.7586360417409], [-119.752199687618, 36.7586300423421], [-119.752222688082, 36.7595420420131]]]}, "properties": {"GEOID": "060190028004007", "P0010001": 64, "ALAND": 20130, "AWATER": 0}}, {"type": "Feature", "geometry": {"type": "Polygon", "coordinates": [[[-119.754486687838, 36.7587510406828], [-119.754468688295, 36.7595350408779], [-119.753326687922, 36.7595300419173], [-119.753105687989, 36.7595320419334], [-119.75244268819, 36.7595390423491], [-119.752222688082, 36.7595420420131], [-119.752199687618, 36.7586300423421], [-119.754488688386, 36.7586260408234], [-119.754486687838, 36.7587510406828]]]}, "properties": {"GEOID": "060190028004008", "P0010001": 86, "ALAND": 20361, "AWATER": 0}}, {"type": "Feature", "geometry": {"type": "Polygon", "coordinates": [[[-119.754488688386, 36.7586260408234], [-119.752199687618, 36.7586300423421], [-119.752200688341, 36.7581600409575], [-119.754479688165, 36.7581380411039], [-119.754488688386, 36.7586260408234]]]}, "properties": {"GEOID": "060190028004009", "P0010001": 57, "ALAND": 10841, "AWATER": 0}}, {"type": "Feature", "geometry": {"type": "Polygon", "coordinates": [[[-119.752199687618, 36.7586300423421], [-119.750272687247, 36.7586360417409], [-119.750107687391, 36.7586530417142], [-119.750044686743, 36.7586810422548], [-119.750031687223, 36.7584920416462], [-119.750009686583, 36.7581820422442], [-119.752200688341, 36.7581600409575], [-119.752199687618, 36.7586300423421]]]}, "properties": {"GEOID": "060190028004010", "P0010001": 33, "ALAND": 9998, "AWATER": 0}}, {"type": "Feature", "geometry": {"type": "Polygon", "coordinates": [[[-119.752201688166, 36.7579470412591], [-119.752200688341, 36.7581600409575], [-119.750009686583, 36.7581820422442], [-119.749992686865, 36.7579250420641], [-119.749980687169, 36.7577370421431], [-119.750424686685, 36.7577370421431], [-119.751757686853, 36.7577370407037], [-119.752202687991, 36.757738041095], [-119.752201688166, 36.7579470412591]]]}, "properties": {"GEOID": "060190028004011", "P0010001": 117, "ALAND": 9489, "AWATER": 0}}, {"type": "Feature", "geometry": {"type": "Polygon", "coordinates": [[[-119.754479688165, 36.7581380411039], [-119.752200688341, 36.7581600409575], [-119.752201688166, 36.7579470412591], [-119.752202687991, 36.757738041095], [-119.754152687927, 36.7577290411715], [-119.754473688318, 36.7577280407801], [-119.754479688165, 36.7581380411039]]]}, "properties": {"GEOID": "060190028004012", "P0010001": 67, "ALAND": 9383, "AWATER": 0}}, {"type": "Feature", "geometry": {"type": "Polygon", "coordinates": [[[-119.754473688318, 36.7577280407801], [-119.754152687927, 36.7577290411715], [-119.752202687991, 36.757738041095], [-119.752202687991, 36.7575560409187], [-119.752202687092, 36.7570100406776], [-119.752202687092, 36.7568290413362], [-119.75266068775, 36.7568250411631], [-119.754034687927, 36.7568150407292], [-119.754493688409, 36.7568120409586], [-119.754473688318, 36.7577280407801]]]}, "properties": {"GEOID": "060190028004013", "P0010001": 95, "ALAND": 20628, "AWATER": 0}}, {"type": "Feature", "geometry": {"type": "Polygon", "coordinates": [[[-119.752202687092, 36.7570100406776], [-119.752202687991, 36.7575560409187], [-119.752202687991, 36.757738041095], [-119.751757686853, 36.7577370407037], [-119.750424686685, 36.7577370421431], [-119.749980687169, 36.7577370421431], [-119.750174687338, 36.7575510418291], [-119.750760687144, 36.7569930410598], [-119.750955687137, 36.7568070411009], [-119.751204686659, 36.756811041275], [-119.751952686847, 36.7568240407598], [-119.752202687092, 36.7568290413362], [-119.752202687092, 36.7570100406776]]]}, "properties": {"GEOID": "060190028004014", "P0010001": 96, "ALAND": 15859, "AWATER": 0}}, {"type": "Feature", "geometry": {"type": "Polygon", "coordinates": [[[-119.754505688105, 36.7553170409015], [-119.754500688082, 36.7555770410017], [-119.754495688059, 36.7558560409262], [-119.754494688234, 36.7560750409919], [-119.754493688409, 36.7562220410994], [-119.754493688409, 36.7568120409586], [-119.754034687927, 36.7568150407292], [-119.75266068775, 36.7568250411631], [-119.752202687092, 36.7568290413362], [-119.751952686847, 36.7568240407598], [-119.751204686659, 36.756811041275], [-119.750955687137, 36.7568070411009], [-119.751062687267, 36.7566300407444], [-119.751323687383, 36.7562040408957], [-119.751391687155, 36.7560950413315], [-119.751495686913, 36.7559240411022], [-119.751590687347, 36.7557640407614], [-119.751876686679, 36.7552850410387], [-119.751900686968, 36.7552470407794], [-119.751972686939, 36.7551260412299], [-119.751995687403, 36.7551260412299], [-119.752064687, 36.7551260412299], [-119.752087686566, 36.7551260412299], [-119.753796688275, 36.7551180407057], [-119.754496687884, 36.7551200408368], [-119.754505688105, 36.755179040723], [-119.754505688105, 36.7553170409015]]]}, "properties": {"GEOID": "060190028004015", "P0010001": 62, "ALAND": 51032, "AWATER": 0}}, {"type": "Feature", "geometry": {"type": "Polygon", "coordinates": [[[-119.754496687884, 36.7551200408368], [-119.753796688275, 36.7551180407057], [-119.752087686566, 36.7551260412299], [-119.752064687, 36.7551260412299], [-119.751995687403, 36.7551260412299], [-119.751972686939, 36.7551260412299], [-119.751515687004, 36.7550710408481], [-119.750924687175, 36.7550010412212], [-119.750144687201, 36.7549080410423], [-119.749876687412, 36.7548760410089], [-119.751156686979, 36.7548820407013], [-119.75166768734, 36.7548770407178], [-119.752088687289, 36.7548760410089], [-119.754489688211, 36.7548670407497], [-119.754496687884, 36.7549740412041], [-119.754496687884, 36.7551200408368]]]}, "properties": {"GEOID": "060190028004016", "P0010001": 0, "ALAND": 8777, "AWATER": 0}}, {"type": "Feature", "geometry": {"type": "Polygon", "coordinates": [[[-119.754485688013, 36.7543930411995], [-119.754483688363, 36.7545250409129], [-119.754479688165, 36.7546160406921], [-119.754486687838, 36.7547560413044], [-119.754488688386, 36.7547910412376], [-119.754489688211, 36.7548670407497], [-119.752088687289, 36.7548760410089], [-119.75166768734, 36.7548770407178], [-119.751156686979, 36.7548820407013], [-119.749876687412, 36.7548760410089], [-119.749688687091, 36.7548540409332], [-119.749718687228, 36.7547550408742], [-119.74975168684, 36.7546430408352], [-119.749883687085, 36.7542050412591], [-119.749942686636, 36.7540140409781], [-119.750006687108, 36.7538040411716], [-119.749958687428, 36.7536870411226], [-119.749950687032, 36.7536680413193], [-119.749945687009, 36.7533110409197], [-119.749944687184, 36.7531850411018], [-119.752178686803, 36.7531970407506], [-119.754213687128, 36.7532020408437], [-119.754476686894, 36.7531880410142], [-119.754482686742, 36.7533560409588], [-119.75447168777, 36.7537250407151], [-119.75447168777, 36.7538470407572], [-119.754485688013, 36.7540240410573], [-119.754490688036, 36.7540810409085], [-119.754485688013, 36.7543930411995]]]}, "properties": {"GEOID": "060190028004017", "P0010001": 80, "ALAND": 76522, "AWATER": 0}}, {"type": "Feature", "geometry": {"type": "Polygon", "coordinates": [[[-119.752192687047, 36.7522870407024], [-119.752178686803, 36.7531970407506], [-119.749944687184, 36.7531850411018], [-119.749941686811, 36.7530030409195], [-119.749934687138, 36.7524590408617], [-119.74993268659, 36.7522780408592], [-119.74993068694, 36.7520980408945], [-119.749927686567, 36.7515600408498], [-119.749927686567, 36.7513810411143], [-119.749926686742, 36.7511980412144], [-119.749924686194, 36.7506490410549], [-119.749924686194, 36.7506380407717], [-119.749931685867, 36.7504670413347], [-119.750382685954, 36.7504660408487], [-119.751735687112, 36.7504660408487], [-119.752187687024, 36.7504660408487], [-119.752177686978, 36.7506120411428], [-119.752177686978, 36.7506490410549], [-119.752180687351, 36.7512000407279], [-119.752181687176, 36.7513840410972], [-119.752183686826, 36.7515640412975], [-119.752189686673, 36.7521060410139], [-119.752192687047, 36.7522870407024]]]}, "properties": {"GEOID": "060190028004018", "P0010001": 0, "ALAND": 60833, "AWATER": 0}}, {"type": "Feature", "geometry": {"type": "Polygon", "coordinates": [[[-119.754476686894, 36.7531880410142], [-119.754213687128, 36.7532020408437], [-119.752178686803, 36.7531970407506], [-119.752192687047, 36.7522870407024], [-119.754448687305, 36.7522930413171], [-119.754476686894, 36.7531880410142]]]}, "properties": {"GEOID": "060190028004019", "P0010001": 94, "ALAND": 20512, "AWATER": 0}}, {"type": "Feature", "geometry": {"type": "Polygon", "coordinates": [[[-119.754448687305, 36.7522930413171], [-119.752192687047, 36.7522870407024], [-119.752189686673, 36.7521060410139], [-119.752183686826, 36.7515640412975], [-119.752181687176, 36.7513840410972], [-119.752632687263, 36.7513810411143], [-119.753986687348, 36.7513760409026], [-119.754438687259, 36.7513750411481], [-119.754448687305, 36.7522930413171]]]}, "properties": {"GEOID": "060190028004020", "P0010001": 117, "ALAND": 20382, "AWATER": 0}}, {"type": "Feature", "geometry": {"type": "Polygon", "coordinates": [[[-119.754438687259, 36.7513750411481], [-119.753986687348, 36.7513760409026], [-119.752632687263, 36.7513810411143], [-119.752181687176, 36.7513840410972], [-119.752180687351, 36.7512000407279], [-119.752177686978, 36.7506490410549], [-119.752177686978, 36.7506120411428], [-119.752187687024, 36.7504660408487], [-119.752635686737, 36.7504690408673], [-119.753980686602, 36.7504780409227], [-119.754429687038, 36.7504820407071], [-119.754430686863, 36.7506600413367], [-119.754436686711, 36.751196040981], [-119.754438687259, 36.7513750411481]]]}, "properties": {"GEOID": "060190028004021", "P0010001": 64, "ALAND": 20215, "AWATER": 0}}, {"type": "Feature", "geometry": {"type": "Polygon", "coordinates": [[[-119.732595683104, 36.7431690407936], [-119.732455683362, 36.743173040959], [-119.732074682697, 36.7431860413149], [-119.732035683237, 36.7431850407339], [-119.73189668332, 36.7431840408727], [-119.731585682975, 36.7431800407079], [-119.731462682952, 36.7431800407079], [-119.730160681847, 36.7431850421736], [-119.729727682202, 36.7431870418959], [-119.729730681676, 36.7430370416989], [-119.729740681722, 36.7425890419661], [-119.72974468192, 36.7424400419109], [-119.729796681799, 36.7424060412538], [-119.729902682104, 36.7424060412538], [-119.730409682267, 36.7424080409965], [-119.730578682321, 36.7424090408678], [-119.730979683078, 36.7424060412538], [-119.7321846832, 36.7424010411771], [-119.732586682883, 36.7423990407145], [-119.732590683081, 36.742462041227], [-119.732590683081, 36.7425520410469], [-119.732593682555, 36.7430140412445], [-119.732595683104, 36.7431690407936]]]}, "properties": {"GEOID": "060190029031000", "P0010001": 91, "ALAND": 21997, "AWATER": 0}}, {"type": "Feature", "geometry": {"type": "Polygon", "coordinates": [[[-119.736375683326, 36.7431920412016], [-119.735930683087, 36.7431900407596], [-119.734598682744, 36.7431860413149], [-119.734154683228, 36.7431850407339], [-119.733842683059, 36.743181041289], [-119.732906683448, 36.7431720410976], [-119.732595683104, 36.7431690407936], [-119.732593682555, 36.7430140412445], [-119.732590683081, 36.7425520410469], [-119.732590683081, 36.742462041227], [-119.732586682883, 36.7423990407145], [-119.732584683233, 36.7422590413097], [-119.73258168286, 36.7418410413209], [-119.732580683035, 36.7417020407789], [-119.732580683035, 36.7416300407099], [-119.732582682685, 36.7414360411477], [-119.732586682883, 36.7414140408176], [-119.732600683126, 36.7413440409686], [-119.732913683121, 36.7413440409686], [-119.733852683104, 36.741346040739], [-119.734034682679, 36.741347041344], [-119.734165683099, 36.7413520407695], [-119.734602682942, 36.7413550411445], [-119.735915683019, 36.7413660413188], [-119.736353682687, 36.7413700408583], [-119.736357682885, 36.7417340412678], [-119.736370683304, 36.7428270406426], [-119.736375683326, 36.7431920412016]]]}, "properties": {"GEOID": "060190029031001", "P0010001": 420, "ALAND": 68471, "AWATER": 0}}, {"type": "Feature", "geometry": {"type": "Polygon", "coordinates": [[[-119.736353682687, 36.7413700408583], [-119.735915683019, 36.7413660413188], [-119.734602682942, 36.7413550411445], [-119.734165683099, 36.7413520407695], [-119.734159683251, 36.7411730409766], [-119.734144683182, 36.7406390409363], [-119.734139683159, 36.740461040817], [-119.734578682652, 36.740458041127], [-119.7358986833, 36.7404530409233], [-119.736338682618, 36.7404510411297], [-119.736341682991, 36.7406340407444], [-119.736350683212, 36.7411860409515], [-119.736353682687, 36.7413700408583]]]}, "properties": {"GEOID": "060190029031002", "P0010001": 220, "ALAND": 19678, "AWATER": 0}}, {"type": "Feature", "geometry": {"type": "Polygon", "coordinates": [[[-119.736338682618, 36.7404510411297], [-119.7358986833, 36.7404530409233], [-119.734578682652, 36.740458041127], [-119.734139683159, 36.740461040817], [-119.734144683182, 36.7406390409363], [-119.734159683251, 36.7411730409766], [-119.734165683099, 36.7413520407695], [-119.734034682679, 36.741347041344], [-119.733852683104, 36.741346040739], [-119.732913683121, 36.7413440409686], [-119.732600683126, 36.7413440409686], [-119.732595683104, 36.7412730411698], [-119.73258168286, 36.7410630410457], [-119.732577682662, 36.7409930408767], [-119.732578683385, 36.740848040889], [-119.732582682685, 36.7404140413395], [-119.732584683233, 36.7402700408771], [-119.732590683081, 36.7401260408644], [-119.732591682906, 36.740109041105], [-119.732583681611, 36.7396940406451], [-119.732581681962, 36.7395510409002], [-119.732899682877, 36.7395480411745], [-119.733853682929, 36.7395400411856], [-119.734172682771, 36.7395380406484], [-119.734172682771, 36.7393650411302], [-119.734172682771, 36.7388460409562], [-119.734173682596, 36.7387580409477], [-119.734169683297, 36.7386740412382], [-119.736328682572, 36.738676041078], [-119.736329683296, 36.7388230406856], [-119.73633268277, 36.7393930407915], [-119.736324683273, 36.7395610407047], [-119.736338682618, 36.7404510411297]]]}, "properties": {"GEOID": "060190029031003", "P0010001": 490, "ALAND": 66259, "AWATER": 0}}, {"type": "Feature", "geometry": {"type": "Polygon", "coordinates": [[[-119.732600683126, 36.7413440409686], [-119.732586682883, 36.7414140408176], [-119.732582682685, 36.7414360411477], [-119.732580683035, 36.7416300407099], [-119.732580683035, 36.7417020407789], [-119.73258168286, 36.7418410413209], [-119.732584683233, 36.7422590413097], [-119.732586682883, 36.7423990407145], [-119.7321846832, 36.7424010411771], [-119.730979683078, 36.7424060412538], [-119.730578682321, 36.7424090408678], [-119.730583682344, 36.7423190408802], [-119.730582681621, 36.7422620409295], [-119.730580681971, 36.7418200409859], [-119.730580681971, 36.7417740407803], [-119.730573682299, 36.74167404124], [-119.730576681773, 36.7415350411154], [-119.730587681644, 36.7411560407293], [-119.730583682344, 36.741120041167], [-119.73057168175, 36.7409830412586], [-119.730582681621, 36.7408500406723], [-119.730581681796, 36.7408380412521], [-119.730572681575, 36.7404050408236], [-119.730569682101, 36.7402610410642], [-119.730972681608, 36.7402620409635], [-119.732181681929, 36.7402680410787], [-119.732584683233, 36.7402700408771], [-119.732582682685, 36.7404140413395], [-119.732578683385, 36.740848040889], [-119.732577682662, 36.7409930408767], [-119.73258168286, 36.7410630410457], [-119.732595683104, 36.7412730411698], [-119.732600683126, 36.7413440409686]]]}, "properties": {"GEOID": "060190029031004", "P0010001": 181, "ALAND": 42483, "AWATER": 0}}, {"type": "Feature", "geometry": {"type": "Polygon", "coordinates": [[[-119.736328682572, 36.738676041078], [-119.734169683297, 36.7386740412382], [-119.734167682749, 36.7384950409591], [-119.734164683274, 36.7379590411462], [-119.734164683274, 36.7378680410494], [-119.734160683076, 36.7377810412911], [-119.734161682901, 36.7375970406996], [-119.7341656822, 36.7370480411418], [-119.734166682025, 36.7369560407426], [-119.734170682223, 36.7368650408966], [-119.734600683292, 36.7368680407271], [-119.735893683278, 36.7368780408812], [-119.736324683273, 36.7368820406545], [-119.736322682725, 36.7370590412134], [-119.73631968325, 36.7375930409635], [-119.736318683425, 36.7377710412546], [-119.736324683273, 36.737898041117], [-119.736328682572, 36.738676041078]]]}, "properties": {"GEOID": "060190029031005", "P0010001": 32, "ALAND": 38553, "AWATER": 0}}, {"type": "Feature", "geometry": {"type": "Polygon", "coordinates": [[[-119.736347682839, 36.7361170399021], [-119.736347682839, 36.7361450400283], [-119.736329683296, 36.7366900412217], [-119.736324683273, 36.7368820406545], [-119.735893683278, 36.7368780408812], [-119.734600683292, 36.7368680407271], [-119.734170682223, 36.7368650408966], [-119.734170682223, 36.7366770412053], [-119.734173681698, 36.7361400409835], [-119.734173681698, 36.7361130408089], [-119.734174682421, 36.7359260406716], [-119.734609681716, 36.7359260406716], [-119.735918683392, 36.7359260399517], [-119.73635468341, 36.7359260399517], [-119.736347682839, 36.7361170399021]]]}, "properties": {"GEOID": "060190029031006", "P0010001": 42, "ALAND": 20342, "AWATER": 0}}, {"type": "Feature", "geometry": {"type": "Polygon", "coordinates": [[[-119.721707681449, 36.7401070420224], [-119.721661681418, 36.7423890419994], [-119.721660680695, 36.7424730419625], [-119.721676680588, 36.7431500419849], [-119.720988680675, 36.7431490421233], [-119.720608680733, 36.7431490421233], [-119.718926680585, 36.7431370423427], [-119.718407680726, 36.7431340420374], [-119.718370680917, 36.7431400419282], [-119.718241681045, 36.7431240419785], [-119.718240680322, 36.7428320421312], [-119.718253679842, 36.7424020417683], [-119.718311679569, 36.7405450421703], [-119.718316679592, 36.7402380419374], [-119.71832968001, 36.7395880418263], [-119.718326679637, 36.7395170418428], [-119.721719681144, 36.7395250418341], [-119.721707681449, 36.7401070420224]]]}, "properties": {"GEOID": "060190029032000", "P0010001": 63, "ALAND": 122073, "AWATER": 0}}, {"type": "Feature", "geometry": {"type": "Polygon", "coordinates": [[[-119.722872681388, 36.7397110419362], [-119.722866680642, 36.7402640422017], [-119.722864680992, 36.7404480421591], [-119.722864680992, 36.740627042203], [-119.722864680992, 36.741163042102], [-119.722864680992, 36.7413430418033], [-119.722865680817, 36.7415270420535], [-119.72286868119, 36.7420820419437], [-119.72287068084, 36.7422670417351], [-119.722867681365, 36.7424460418559], [-119.722862681342, 36.7429450419993], [-119.722852681296, 36.7429850423204], [-119.722813680938, 36.743161041902], [-119.722585681333, 36.7431600420405], [-119.721903681267, 36.7431600420405], [-119.721810681381, 36.7431600420405], [-119.721676680588, 36.7431500419849], [-119.721660680695, 36.7424730419625], [-119.721661681418, 36.7423890419994], [-119.721707681449, 36.7401070420224], [-119.721719681144, 36.7395250418341], [-119.722875680862, 36.7395280422805], [-119.722872681388, 36.7397110419362]]]}, "properties": {"GEOID": "060190029032001", "P0010001": 98, "ALAND": 42474, "AWATER": 0}}, {"type": "Feature", "geometry": {"type": "Polygon", "coordinates": [[[-119.726424682005, 36.7431810420089], [-119.725985681614, 36.7431800421477], [-119.723605680608, 36.7431750421214], [-119.723024680825, 36.7431750421214], [-119.722908681373, 36.7431710419561], [-119.722813680938, 36.743161041902], [-119.722852681296, 36.7429850423204], [-119.722862681342, 36.7429450419993], [-119.722867681365, 36.7424460418559], [-119.72287068084, 36.7422670417351], [-119.723647681339, 36.7422640421156], [-119.725978681941, 36.7422590420296], [-119.726404681913, 36.7422580421564], [-119.726424682005, 36.7431810420089]]]}, "properties": {"GEOID": "060190029032002", "P0010001": 49, "ALAND": 32249, "AWATER": 0}}, {"type": "Feature", "geometry": {"type": "Polygon", "coordinates": [[[-119.727361682338, 36.7424400419109], [-119.727361682338, 36.7429920420865], [-119.727361682338, 36.7431760419826], [-119.727244682162, 36.7431760419826], [-119.726895682183, 36.7431790422864], [-119.726779681832, 36.7431810420089], [-119.726642681565, 36.7431820418702], [-119.726424682005, 36.7431810420089], [-119.726404681913, 36.7422580421564], [-119.726756682266, 36.7422580421564], [-119.726876681916, 36.742257042283], [-119.727240681965, 36.742257042283], [-119.727361682338, 36.742257042283], [-119.727361682338, 36.7424400419109]]]}, "properties": {"GEOID": "060190029032003", "P0010001": 43, "ALAND": 8651, "AWATER": 0}}, {"type": "Feature", "geometry": {"type": "Polygon", "coordinates": [[[-119.730587681644, 36.7411560407293], [-119.730576681773, 36.7415350411154], [-119.730573682299, 36.74167404124], [-119.730580681971, 36.7417740407803], [-119.730580681971, 36.7418200409859], [-119.730582681621, 36.7422620409295], [-119.730583682344, 36.7423190408802], [-119.730578682321, 36.7424090408678], [-119.730409682267, 36.7424080409965], [-119.729902682104, 36.7424060412538], [-119.729796681799, 36.7424060412538], [-119.72974468192, 36.7424400419109], [-119.729740681722, 36.7425890419661], [-119.729730681676, 36.7430370416989], [-119.729727682202, 36.7431870418959], [-119.72925368165, 36.7431840423124], [-119.727834682166, 36.7431780417052], [-119.727361682338, 36.7431760419826], [-119.727361682338, 36.7429920420865], [-119.727361682338, 36.7424400419109], [-119.727361682338, 36.742257042283], [-119.727372682209, 36.7420530419476], [-119.727405681821, 36.7414440416588], [-119.727410681844, 36.7413570423542], [-119.727408682194, 36.7412410419284], [-119.727407682369, 36.7412080420669], [-119.727406681646, 36.7411110421737], [-119.727406681646, 36.7410790421449], [-119.727404681996, 36.740953041677], [-119.727398682148, 36.7405750411917], [-119.727397682323, 36.7404500412329], [-119.727399681973, 36.7401320409903], [-119.72913568165, 36.7401330408913], [-119.729137682198, 36.7400820408866], [-119.729145681695, 36.7399320411001], [-119.729148682068, 36.7398820408661], [-119.729248681628, 36.7398810409618], [-119.729551681576, 36.7398790411533], [-119.729652681859, 36.7398790411533], [-119.729654682407, 36.7399530412318], [-119.729660682255, 36.7401780407402], [-119.729662681904, 36.740254041049], [-119.729843681654, 36.7402550409483], [-119.730387681627, 36.7402590412656], [-119.730569682101, 36.7402610410642], [-119.730572681575, 36.7404050408236], [-119.730581681796, 36.7408380412521], [-119.730582681621, 36.7408500406723], [-119.73057168175, 36.7409830412586], [-119.730583682344, 36.741120041167], [-119.730587681644, 36.7411560407293]]]}, "properties": {"GEOID": "060190029032004", "P0010001": 325, "ALAND": 90198, "AWATER": 0}}, {"type": "Feature", "geometry": {"type": "Polygon", "coordinates": [[[-119.727405681821, 36.7414440416588], [-119.727372682209, 36.7420530419476], [-119.727361682338, 36.742257042283], [-119.727240681965, 36.742257042283], [-119.726876681916, 36.742257042283], [-119.726756682266, 36.7422580421564], [-119.726404681913, 36.7422580421564], [-119.726424682005, 36.7413540419793], [-119.726718681733, 36.7413550418644], [-119.726795681726, 36.7413550418644], [-119.727029682077, 36.7413550418644], [-119.727107681895, 36.7413560417494], [-119.727410681844, 36.7413570423542], [-119.727405681821, 36.7414440416588]]]}, "properties": {"GEOID": "060190029032005", "P0010001": 30, "ALAND": 8685, "AWATER": 0}}, {"type": "Feature", "geometry": {"type": "Polygon", "coordinates": [[[-119.726404681913, 36.7422580421564], [-119.725978681941, 36.7422590420296], [-119.723647681339, 36.7422640421156], [-119.72287068084, 36.7422670417351], [-119.72286868119, 36.7420820419437], [-119.722865680817, 36.7415270420535], [-119.722864680992, 36.7413430418033], [-119.723634680921, 36.7413450422935], [-119.725947681979, 36.7413520422092], [-119.726424682005, 36.7413540419793], [-119.726404681913, 36.7422580421564]]]}, "properties": {"GEOID": "060190029032006", "P0010001": 82, "ALAND": 32132, "AWATER": 0}}, {"type": "Feature", "geometry": {"type": "Polygon", "coordinates": [[[-119.726424682005, 36.7413540419793], [-119.725947681979, 36.7413520422092], [-119.723634680921, 36.7413450422935], [-119.722864680992, 36.7413430418033], [-119.722864680992, 36.741163042102], [-119.722864680992, 36.740627042203], [-119.722864680992, 36.7404480421591], [-119.723631681446, 36.7404480421591], [-119.725932681012, 36.7404490420559], [-119.726430681853, 36.7404500419528], [-119.726424682005, 36.7413540419793]]]}, "properties": {"GEOID": "060190029032007", "P0010001": 101, "ALAND": 31769, "AWATER": 0}}, {"type": "Feature", "geometry": {"type": "Polygon", "coordinates": [[[-119.727410681844, 36.7413570423542], [-119.727107681895, 36.7413560417494], [-119.727029682077, 36.7413550418644], [-119.726795681726, 36.7413550418644], [-119.726718681733, 36.7413550418644], [-119.726424682005, 36.7413540419793], [-119.726430681853, 36.7404500419528], [-119.726700682189, 36.7404500419528], [-119.726839682107, 36.7404500419528], [-119.727257681683, 36.7404500412329], [-119.727397682323, 36.7404500412329], [-119.727398682148, 36.7405750411917], [-119.727404681996, 36.740953041677], [-119.727406681646, 36.7410790421449], [-119.727406681646, 36.7411110421737], [-119.727407682369, 36.7412080420669], [-119.727408682194, 36.7412410419284], [-119.727410681844, 36.7413570423542]]]}, "properties": {"GEOID": "060190029032008", "P0010001": 14, "ALAND": 8759, "AWATER": 0}}, {"type": "Feature", "geometry": {"type": "Polygon", "coordinates": [[[-119.727405681821, 36.7397230408127], [-119.727399681973, 36.7401320409903], [-119.727397682323, 36.7404500412329], [-119.727257681683, 36.7404500412329], [-119.726839682107, 36.7404500419528], [-119.726700682189, 36.7404500419528], [-119.726430681853, 36.7404500419528], [-119.726462680741, 36.7395400411856], [-119.726679682273, 36.7395410410943], [-119.727403682171, 36.7395450407288], [-119.727405681821, 36.7397230408127]]]}, "properties": {"GEOID": "060190029032009", "P0010001": 29, "ALAND": 8591, "AWATER": 0}}, {"type": "Feature", "geometry": {"type": "Polygon", "coordinates": [[[-119.726430681853, 36.7404500419528], [-119.725932681012, 36.7404490420559], [-119.723631681446, 36.7404480421591], [-119.722864680992, 36.7404480421591], [-119.722866680642, 36.7402640422017], [-119.722872681388, 36.7397110419362], [-119.722875680862, 36.7395280422805], [-119.72510968138, 36.739531042007], [-119.726462680741, 36.7395400411856], [-119.726430681853, 36.7404500419528]]]}, "properties": {"GEOID": "060190029032010", "P0010001": 105, "ALAND": 32503, "AWATER": 0}}, {"type": "Feature", "geometry": {"type": "Polygon", "coordinates": [[[-119.727403682171, 36.7395450407288], [-119.726679682273, 36.7395410410943], [-119.726462680741, 36.7395400411856], [-119.72510968138, 36.739531042007], [-119.725110681204, 36.7386410409929], [-119.727404681996, 36.7386580410774], [-119.727400681798, 36.7393890411491], [-119.727405681821, 36.7394860410589], [-119.727403682171, 36.7395450407288]]]}, "properties": {"GEOID": "060190029032011", "P0010001": 73, "ALAND": 20198, "AWATER": 0}}, {"type": "Feature", "geometry": {"type": "Polygon", "coordinates": [[[-119.732590683081, 36.7401260408644], [-119.732584683233, 36.7402700408771], [-119.732181681929, 36.7402680410787], [-119.730972681608, 36.7402620409635], [-119.730569682101, 36.7402610410642], [-119.730387681627, 36.7402590412656], [-119.729843681654, 36.7402550409483], [-119.729662681904, 36.740254041049], [-119.729660682255, 36.7401780407402], [-119.729654682407, 36.7399530412318], [-119.729652681859, 36.7398790411533], [-119.729660682255, 36.7395610407047], [-119.729989682142, 36.7395590408879], [-119.731933682231, 36.7395530407172], [-119.732581681962, 36.7395510409002], [-119.732583681611, 36.7396940406451], [-119.732591682906, 36.740109041105], [-119.732590683081, 36.7401260408644]]]}, "properties": {"GEOID": "060190029032012", "P0010001": 88, "ALAND": 20530, "AWATER": 0}}, {"type": "Feature", "geometry": {"type": "Polygon", "coordinates": [[[-119.725133680771, 36.7361190412485], [-119.725125681273, 36.7368300407055], [-119.725117680877, 36.7368600411788], [-119.725117680877, 36.7377580407013], [-119.725114681402, 36.7379340407506], [-119.725106681007, 36.7384640412022], [-119.725105681182, 36.7385890407957], [-119.725110681204, 36.7386410409929], [-119.72510968138, 36.739531042007], [-119.722875680862, 36.7395280422805], [-119.721719681144, 36.7395250418341], [-119.718326679637, 36.7395170418428], [-119.718325679812, 36.7394810422317], [-119.718322680338, 36.7393730418572], [-119.718321679614, 36.7393380420899], [-119.718319679965, 36.7392920418366], [-119.718315679767, 36.7391580420058], [-119.718314679942, 36.7391130422788], [-119.718324679987, 36.7389530421559], [-119.718327680361, 36.7389230417807], [-119.718337680406, 36.7384730419457], [-119.718341679706, 36.7383140418531], [-119.718358680323, 36.7380110417701], [-119.718375680041, 36.7370560421103], [-119.718375680041, 36.736101042088], [-119.718375680041, 36.7358690417325], [-119.725135681319, 36.7358850410348], [-119.725133680771, 36.7361190412485]]]}, "properties": {"GEOID": "060190029032013", "P0010001": 402, "ALAND": 238340, "AWATER": 6153}}, {"type": "Feature", "geometry": {"type": "Polygon", "coordinates": [[[-119.727404681996, 36.7386580410774], [-119.725110681204, 36.7386410409929], [-119.725105681182, 36.7385890407957], [-119.725106681007, 36.7384640412022], [-119.725114681402, 36.7379340407506], [-119.725117680877, 36.7377580407013], [-119.725571681337, 36.7377560408375], [-119.726936681293, 36.7377530410417], [-119.727391680679, 36.7377520411098], [-119.727404681996, 36.7386580410774]]]}, "properties": {"GEOID": "060190029032014", "P0010001": 83, "ALAND": 20287, "AWATER": 0}}, {"type": "Feature", "geometry": {"type": "Polygon", "coordinates": [[[-119.727402681448, 36.737043040716], [-119.727394681052, 36.7375740407747], [-119.727391680679, 36.7377520411098], [-119.726936681293, 36.7377530410417], [-119.725571681337, 36.7377560408375], [-119.725117680877, 36.7377580407013], [-119.725117680877, 36.7368600411788], [-119.727406680748, 36.7368660408401], [-119.727402681448, 36.737043040716]]]}, "properties": {"GEOID": "060190029032015", "P0010001": 81, "ALAND": 20159, "AWATER": 0}}, {"type": "Feature", "geometry": {"type": "Polygon", "coordinates": [[[-119.727410680946, 36.7361240410145], [-119.727401680725, 36.736837041033], [-119.727406680748, 36.7368660408401], [-119.725117680877, 36.7368600411788], [-119.725125681273, 36.7368300407055], [-119.725133680771, 36.7361190412485], [-119.725135681319, 36.7358850410348], [-119.725616680644, 36.7358890408599], [-119.725856680844, 36.7358870409474], [-119.727413681319, 36.7358920407286], [-119.727410680946, 36.7361240410145]]]}, "properties": {"GEOID": "060190029032016", "P0010001": 34, "ALAND": 21987, "AWATER": 0}}, {"type": "Feature", "geometry": {"type": "Polygon", "coordinates": [[[-119.729145681695, 36.7399320411001], [-119.729137682198, 36.7400820408866], [-119.72913568165, 36.7401330408913], [-119.727399681973, 36.7401320409903], [-119.727405681821, 36.7397230408127], [-119.727403682171, 36.7395450407288], [-119.727405681821, 36.7394860410589], [-119.727483681639, 36.7394950409627], [-119.729123681954, 36.7394900406963], [-119.729148682068, 36.7398820408661], [-119.729145681695, 36.7399320411001]]]}, "properties": {"GEOID": "060190029033000", "P0010001": 59, "ALAND": 11007, "AWATER": 0}}, {"type": "Feature", "geometry": {"type": "Polygon", "coordinates": [[[-119.734173681698, 36.7361130408089], [-119.734173681698, 36.7361400409835], [-119.734170682223, 36.7366770412053], [-119.734170682223, 36.7368650408966], [-119.734166682025, 36.7369560407426], [-119.7341656822, 36.7370480411418], [-119.734161682901, 36.7375970406996], [-119.734160683076, 36.7377810412911], [-119.734164683274, 36.7378680410494], [-119.734164683274, 36.7379590411462], [-119.734167682749, 36.7384950409591], [-119.734169683297, 36.7386740412382], [-119.734173682596, 36.7387580409477], [-119.734172682771, 36.7388460409562], [-119.734172682771, 36.7393650411302], [-119.734172682771, 36.7395380406484], [-119.733853682929, 36.7395400411856], [-119.732899682877, 36.7395480411745], [-119.732581681962, 36.7395510409002], [-119.731933682231, 36.7395530407172], [-119.729989682142, 36.7395590408879], [-119.729660682255, 36.7395610407047], [-119.729652681859, 36.7398790411533], [-119.729551681576, 36.7398790411533], [-119.729248681628, 36.7398810409618], [-119.729148682068, 36.7398820408661], [-119.729123681954, 36.7394900406963], [-119.727483681639, 36.7394950409627], [-119.727405681821, 36.7394860410589], [-119.727400681798, 36.7393890411491], [-119.727404681996, 36.7386580410774], [-119.729866682119, 36.7386490410755], [-119.731738682238, 36.7386580410774], [-119.731823681728, 36.7386490410755], [-119.731858681888, 36.7386370413112], [-119.73187668233, 36.7386210411427], [-119.731917682338, 36.7385710407747], [-119.731931681683, 36.738518041328], [-119.731929682033, 36.7380960406929], [-119.731923682186, 36.736474041106], [-119.731922682361, 36.7361340412655], [-119.731922682361, 36.7360350408108], [-119.731909681942, 36.7359340410371], [-119.732361681854, 36.7359320411258], [-119.733720681961, 36.7359270413472], [-119.734174682421, 36.7359260406716], [-119.734173681698, 36.7361130408089]]]}, "properties": {"GEOID": "060190029033001", "P0010001": 600, "ALAND": 121485, "AWATER": 0}}, {"type": "Feature", "geometry": {"type": "Polygon", "coordinates": [[[-119.731931681683, 36.738518041328], [-119.731917682338, 36.7385710407747], [-119.73187668233, 36.7386210411427], [-119.731858681888, 36.7386370413112], [-119.731823681728, 36.7386490410755], [-119.731738682238, 36.7386580410774], [-119.729866682119, 36.7386490410755], [-119.727404681996, 36.7386580410774], [-119.727391680679, 36.7377520411098], [-119.727394681052, 36.7375740407747], [-119.727402681448, 36.737043040716], [-119.727406680748, 36.7368660408401], [-119.727401680725, 36.736837041033], [-119.727410680946, 36.7361240410145], [-119.727413681319, 36.7358920407286], [-119.731909681942, 36.7359340410371], [-119.731922682361, 36.7360350408108], [-119.731922682361, 36.7361340412655], [-119.731923682186, 36.736474041106], [-119.731929682033, 36.7380960406929], [-119.731931681683, 36.738518041328]]]}, "properties": {"GEOID": "060190029033002", "P0010001": 246, "ALAND": 122863, "AWATER": 0}}, {"type": "Feature", "geometry": {"type": "Polygon", "coordinates": [[[-119.729578683137, 36.7497160418504], [-119.729577683312, 36.7502600419232], [-119.729577683312, 36.7504420421343], [-119.729124682677, 36.7504420421343], [-119.727767683118, 36.750443041901], [-119.727315683206, 36.7504440416676], [-119.727317682856, 36.7502580416653], [-119.727327682902, 36.7497030418808], [-119.727329682551, 36.7496060419278], [-119.727327682902, 36.7495190417989], [-119.727777683163, 36.7495220418546], [-119.729128682875, 36.7495310420211], [-119.729579682962, 36.7495350418548], [-119.729578683137, 36.7497160418504]]]}, "properties": {"GEOID": "060190029041000", "P0010001": 37, "ALAND": 20476, "AWATER": 0}}, {"type": "Feature", "geometry": {"type": "Polygon", "coordinates": [[[-119.731860683335, 36.750435042328], [-119.73168268306, 36.7504400418813], [-119.7314036834, 36.7504390421146], [-119.730033683422, 36.750435042328], [-119.729831682857, 36.750435042328], [-119.729577683312, 36.7504420421343], [-119.729577683312, 36.7502600419232], [-119.729578683137, 36.7497160418504], [-119.729579682962, 36.7495350418548], [-119.730034683247, 36.7495310420211], [-119.731402682677, 36.749523042353], [-119.731858682787, 36.749521042076], [-119.731858682787, 36.7497030418808], [-119.731859682612, 36.7502520423311], [-119.731860683335, 36.750435042328]]]}, "properties": {"GEOID": "060190029041001", "P0010001": 37, "ALAND": 20574, "AWATER": 0}}, {"type": "Feature", "geometry": {"type": "Polygon", "coordinates": [[[-119.734130683837, 36.7488190416642], [-119.734129684012, 36.7493650418997], [-119.734129684012, 36.7495480418528], [-119.734126683639, 36.7497280420418], [-119.734117684316, 36.7502710422606], [-119.734115683768, 36.7504520419594], [-119.733664683682, 36.7504480421735], [-119.73231168432, 36.7504380423479], [-119.731860683335, 36.750435042328], [-119.731859682612, 36.7502520423311], [-119.731858682787, 36.7497030418808], [-119.731858682787, 36.749521042076], [-119.73186368281, 36.7493420419023], [-119.731866683183, 36.7492800417809], [-119.731868682832, 36.7488080418384], [-119.731869682657, 36.748630041951], [-119.732321682569, 36.7486310417412], [-119.733678683925, 36.7486350423416], [-119.734131683662, 36.748637041922], [-119.734130683837, 36.7488190416642]]]}, "properties": {"GEOID": "060190029041002", "P0010001": 0, "ALAND": 40602, "AWATER": 0}}, {"type": "Feature", "geometry": {"type": "Polygon", "coordinates": [[[-119.736386684095, 36.7497130418022], [-119.736364684354, 36.7502680422341], [-119.736357683783, 36.7504530417259], [-119.735908684244, 36.7504520419594], [-119.73456368438, 36.7504520419594], [-119.734115683768, 36.7504520419594], [-119.734117684316, 36.7502710422606], [-119.734126683639, 36.7497280420418], [-119.734129684012, 36.7495480418528], [-119.734383683557, 36.7495360423531], [-119.734515683801, 36.7495220418546], [-119.734581683924, 36.7495110421296], [-119.734685683681, 36.7494960418476], [-119.735498684166, 36.7494820420617], [-119.735845683597, 36.749506041796], [-119.735941683856, 36.7495200422973], [-119.735986684062, 36.7495280419657], [-119.736131683827, 36.7495370421315], [-119.736348683562, 36.7495360423531], [-119.736394683593, 36.7495290417443], [-119.736386684095, 36.7497130418022]]]}, "properties": {"GEOID": "060190029041003", "P0010001": 41, "ALAND": 21053, "AWATER": 0}}, {"type": "Feature", "geometry": {"type": "Polygon", "coordinates": [[[-119.736394683593, 36.7495290417443], [-119.736348683562, 36.7495360423531], [-119.736131683827, 36.7495370421315], [-119.735986684062, 36.7495280419657], [-119.735941683856, 36.7495200422973], [-119.735845683597, 36.749506041796], [-119.735498684166, 36.7494820420617], [-119.734685683681, 36.7494960418476], [-119.734581683924, 36.7495110421296], [-119.734515683801, 36.7495220418546], [-119.734383683557, 36.7495360423531], [-119.734129684012, 36.7495480418528], [-119.734129684012, 36.7493650418997], [-119.734130683837, 36.7488190416642], [-119.734131683662, 36.748637041922], [-119.734582683749, 36.7486360421318], [-119.735937683658, 36.7486340418317], [-119.73638968357, 36.7486340418317], [-119.736390684293, 36.7488130422175], [-119.735891683628, 36.7488150417932], [-119.735889683978, 36.7493150420529], [-119.736393683768, 36.749350042309], [-119.736394683593, 36.7495290417443]]]}, "properties": {"GEOID": "060190029041004", "P0010001": 62, "ALAND": 17022, "AWATER": 0}}, {"type": "Feature", "geometry": {"type": "Polygon", "coordinates": [[[-119.736393683768, 36.749350042309], [-119.735889683978, 36.7493150420529], [-119.735891683628, 36.7488150417932], [-119.736390684293, 36.7488130422175], [-119.736393683768, 36.749350042309]]]}, "properties": {"GEOID": "060190029041005", "P0010001": 39, "ALAND": 2577, "AWATER": 0}}, {"type": "Feature", "geometry": {"type": "Polygon", "coordinates": [[[-119.73638968357, 36.7486340418317], [-119.735937683658, 36.7486340418317], [-119.734582683749, 36.7486360421318], [-119.734131683662, 36.748637041922], [-119.73413368421, 36.7484540419555], [-119.734140683883, 36.7479090422353], [-119.734143684256, 36.7477270417742], [-119.736383683722, 36.7477300419], [-119.73638968357, 36.7486340418317]]]}, "properties": {"GEOID": "060190029041006", "P0010001": 114, "ALAND": 20210, "AWATER": 0}}, {"type": "Feature", "geometry": {"type": "Polygon", "coordinates": [[[-119.734140683883, 36.7479090422353], [-119.73413368421, 36.7484540419555], [-119.734131683662, 36.748637041922], [-119.733678683925, 36.7486350423416], [-119.732321682569, 36.7486310417412], [-119.731869682657, 36.748630041951], [-119.731869682657, 36.748453042163], [-119.731873682855, 36.7479250419071], [-119.73187468268, 36.7477490417342], [-119.732327683315, 36.7477440420056], [-119.733689683796, 36.747731041702], [-119.734143684256, 36.7477270417742], [-119.734140683883, 36.7479090422353]]]}, "properties": {"GEOID": "060190029041007", "P0010001": 42, "ALAND": 20105, "AWATER": 0}}, {"type": "Feature", "geometry": {"type": "Polygon", "coordinates": [[[-119.731873682855, 36.7479250419071], [-119.731869682657, 36.748453042163], [-119.731869682657, 36.748630041951], [-119.731413683446, 36.7486270418604], [-119.730045683117, 36.7486190420981], [-119.729590682833, 36.7486170417974], [-119.729591682658, 36.7484440418701], [-119.729598683229, 36.7479260417065], [-119.729599683053, 36.7478540417183], [-119.729607682551, 36.7477540421824], [-119.729758683062, 36.7477520418592], [-119.730144682851, 36.7477500422558], [-119.730213683347, 36.7477500422558], [-119.730365682784, 36.7477500422558], [-119.730455683196, 36.7477490417342], [-119.730550682732, 36.7477480419325], [-119.730728683008, 36.7477470421307], [-119.730820683069, 36.7477470421307], [-119.731030683131, 36.7477450418074], [-119.731351682623, 36.7477440420056], [-119.731663682793, 36.747746042329], [-119.73187468268, 36.7477490417342], [-119.731873682855, 36.7479250419071]]]}, "properties": {"GEOID": "060190029041008", "P0010001": 36, "ALAND": 19742, "AWATER": 0}}, {"type": "Feature", "geometry": {"type": "Polygon", "coordinates": [[[-119.731868682832, 36.7488080418384], [-119.731866683183, 36.7492800417809], [-119.73186368281, 36.7493420419023], [-119.731858682787, 36.749521042076], [-119.731402682677, 36.749523042353], [-119.730034683247, 36.7495310420211], [-119.729579682962, 36.7495350418548], [-119.729580682787, 36.7493510420899], [-119.729587683358, 36.748800042095], [-119.729590682833, 36.7486170417974], [-119.730045683117, 36.7486190420981], [-119.731413683446, 36.7486270418604], [-119.731869682657, 36.748630041951], [-119.731868682832, 36.7488080418384]]]}, "properties": {"GEOID": "060190029041009", "P0010001": 21, "ALAND": 20447, "AWATER": 0}}, {"type": "Feature", "geometry": {"type": "Polygon", "coordinates": [[[-119.729587683358, 36.748800042095], [-119.729580682787, 36.7493510420899], [-119.729579682962, 36.7495350418548], [-119.729128682875, 36.7495310420211], [-119.727777683163, 36.7495220418546], [-119.727327682902, 36.7495190417989], [-119.727331683099, 36.7494810422825], [-119.727329682551, 36.7493390418395], [-119.727324683427, 36.7487980417991], [-119.727323682704, 36.7486580418313], [-119.727337682947, 36.7486210416788], [-119.727787683209, 36.7486190420981], [-119.729139682746, 36.7486170417974], [-119.729590682833, 36.7486170417974], [-119.729587683358, 36.748800042095]]]}, "properties": {"GEOID": "060190029041010", "P0010001": 36, "ALAND": 20317, "AWATER": 0}}, {"type": "Feature", "geometry": {"type": "Polygon", "coordinates": [[[-119.729599683053, 36.7478540417183], [-119.729598683229, 36.7479260417065], [-119.729591682658, 36.7484440418701], [-119.729590682833, 36.7486170417974], [-119.729139682746, 36.7486170417974], [-119.727787683209, 36.7486190420981], [-119.727337682947, 36.7486210416788], [-119.727337682947, 36.7484500420655], [-119.727337682049, 36.7479400417764], [-119.727337682049, 36.7477700418865], [-119.727791683407, 36.7477680422836], [-119.728494683389, 36.7477670417623], [-119.72915368299, 36.7477590419103], [-119.729607682551, 36.7477540421824], [-119.729599683053, 36.7478540417183]]]}, "properties": {"GEOID": "060190029041011", "P0010001": 40, "ALAND": 19107, "AWATER": 0}}, {"type": "Feature", "geometry": {"type": "Polygon", "coordinates": [[[-119.729604683076, 36.7471130421124], [-119.729601682703, 36.7472400423529], [-119.729601682703, 36.747284041826], [-119.729602683427, 36.7473800420286], [-119.729604683076, 36.7475930422742], [-119.729607682551, 36.7477540421824], [-119.72915368299, 36.7477590419103], [-119.728494683389, 36.7477670417623], [-119.727791683407, 36.7477680422836], [-119.727337682049, 36.7477700418865], [-119.727335682399, 36.7476080422084], [-119.727334681676, 36.7473060419131], [-119.727337682049, 36.7471250419911], [-119.727341682247, 36.7469640422029], [-119.727794681983, 36.7469610420471], [-119.729154682815, 36.7469560422672], [-119.729608683274, 36.7469540419232], [-119.729604683076, 36.7471130421124]]]}, "properties": {"GEOID": "060190029041012", "P0010001": 55, "ALAND": 18108, "AWATER": 0}}, {"type": "Feature", "geometry": {"type": "Polygon", "coordinates": [[[-119.730144682851, 36.7477500422558], [-119.729758683062, 36.7477520418592], [-119.729607682551, 36.7477540421824], [-119.729604683076, 36.7475930422742], [-119.729602683427, 36.7473800420286], [-119.730125682585, 36.7473760420826], [-119.730144682851, 36.7477500422558]]]}, "properties": {"GEOID": "060190029041013", "P0010001": 14, "ALAND": 1964, "AWATER": 0}}, {"type": "Feature", "geometry": {"type": "Polygon", "coordinates": [[[-119.731879682703, 36.7472100423377], [-119.731878682878, 36.7472510416837], [-119.731878682878, 36.7473680421898], [-119.731445683233, 36.7473720421363], [-119.730565682801, 36.7473760420826], [-119.730550682732, 36.7477480419325], [-119.730455683196, 36.7477490417342], [-119.730365682784, 36.7477500422558], [-119.730213683347, 36.7477500422558], [-119.730144682851, 36.7477500422558], [-119.730125682585, 36.7473760420826], [-119.729602683427, 36.7473800420286], [-119.729601682703, 36.747284041826], [-119.729601682703, 36.7472400423529], [-119.729604683076, 36.7471130421124], [-119.729608683274, 36.7469540419232], [-119.729703682811, 36.7469530421111], [-119.729991682691, 36.7469530421111], [-119.73008768295, 36.7469530421111], [-119.730187683408, 36.746952042299], [-119.730491683181, 36.7469510417671], [-119.730592682565, 36.7469510417671], [-119.730846683008, 36.7469500419549], [-119.731421682944, 36.7469480423306], [-119.731609683265, 36.7469480423306], [-119.731864682634, 36.7469480423306], [-119.73187468268, 36.7471070418125], [-119.731877683053, 36.7471580421876], [-119.731879682703, 36.7471840422671], [-119.731879682703, 36.7472100423377]]]}, "properties": {"GEOID": "060190029041014", "P0010001": 22, "ALAND": 11111, "AWATER": 0}}, {"type": "Feature", "geometry": {"type": "Polygon", "coordinates": [[[-119.731879682703, 36.7476420420003], [-119.73187468268, 36.7477490417342], [-119.731663682793, 36.747746042329], [-119.731351682623, 36.7477440420056], [-119.731030683131, 36.7477450418074], [-119.730820683069, 36.7477470421307], [-119.730728683008, 36.7477470421307], [-119.730550682732, 36.7477480419325], [-119.730565682801, 36.7473760420826], [-119.731445683233, 36.7473720421363], [-119.731878682878, 36.7473680421898], [-119.731879682703, 36.7475880418156], [-119.731879682703, 36.7476420420003]]]}, "properties": {"GEOID": "060190029041015", "P0010001": 14, "ALAND": 4884, "AWATER": 0}}, {"type": "Feature", "geometry": {"type": "Polygon", "coordinates": [[[-119.736383683722, 36.7477300419], [-119.734143684256, 36.7477270417742], [-119.733689683796, 36.747731041702], [-119.732327683315, 36.7477440420056], [-119.73187468268, 36.7477490417342], [-119.731879682703, 36.7476420420003], [-119.731879682703, 36.7475880418156], [-119.731878682878, 36.7473680421898], [-119.731878682878, 36.7472510416837], [-119.731879682703, 36.7472100423377], [-119.731879682703, 36.7471840422671], [-119.731877683053, 36.7471580421876], [-119.73187468268, 36.7471070418125], [-119.731864682634, 36.7469480423306], [-119.731864682634, 36.7469170416689], [-119.731865683358, 36.7468270419292], [-119.731866683183, 36.7467970417526], [-119.734139683159, 36.7467730418908], [-119.736361683981, 36.7467840412885], [-119.736367683829, 36.7468650413203], [-119.736383683722, 36.7477300419]]]}, "properties": {"GEOID": "060190029041016", "P0010001": 130, "ALAND": 42424, "AWATER": 0}}, {"type": "Feature", "geometry": {"type": "Polygon", "coordinates": [[[-119.729614683122, 36.7468730419853], [-119.729610682924, 36.7469210423587], [-119.729608683274, 36.7469540419232], [-119.729154682815, 36.7469560422672], [-119.727794681983, 36.7469610420471], [-119.727341682247, 36.7469640422029], [-119.727344681722, 36.7469240417962], [-119.727347682095, 36.7469030421323], [-119.727349681744, 36.7468050417049], [-119.727350681569, 36.7467660417498], [-119.727616681708, 36.7467710422619], [-119.728417683396, 36.7467880419852], [-119.728469683274, 36.7467900423336], [-119.72868468336, 36.7467900423336], [-119.728869683308, 36.7467900423336], [-119.729426682801, 36.7467900423336], [-119.729612682574, 36.7467910421477], [-119.729612682574, 36.7468230419544], [-119.729614683122, 36.7468730419853]]]}, "properties": {"GEOID": "060190029041017", "P0010001": 0, "ALAND": 3924, "AWATER": 0}}, {"type": "Feature", "geometry": {"type": "Polygon", "coordinates": [[[-119.729609683099, 36.7459940421201], [-119.729609683099, 36.7460810419268], [-119.729611682749, 36.7466130419003], [-119.729612682574, 36.7467910421477], [-119.729426682801, 36.7467900423336], [-119.728869683308, 36.7467900423336], [-119.72868468336, 36.7467900423336], [-119.728687682834, 36.746364041832], [-119.728169681902, 36.746360041833], [-119.728161682405, 36.7459040420177], [-119.728313681842, 36.7459040420177], [-119.729292682907, 36.7459040420177], [-119.72961868332, 36.7459040420177], [-119.729609683099, 36.7459940421201]]]}, "properties": {"GEOID": "060190029041018", "P0010001": 32, "ALAND": 10486, "AWATER": 0}}, {"type": "Feature", "geometry": {"type": "Polygon", "coordinates": [[[-119.731878682878, 36.7460930419669], [-119.731868682832, 36.7466200420554], [-119.731866683183, 36.7467970417526], [-119.731415683096, 36.746787042171], [-119.730576682672, 36.7467710422619], [-119.730156683445, 36.7467730418908], [-119.730062682836, 36.7467760420539], [-119.729612682574, 36.7467910421477], [-119.729611682749, 36.7466130419003], [-119.729609683099, 36.7460810419268], [-119.729609683099, 36.7459940421201], [-119.72961868332, 36.7459040420177], [-119.730070683232, 36.7459060416693], [-119.731428682616, 36.7459140417144], [-119.731881683251, 36.7459170419111], [-119.731878682878, 36.7460930419669]]]}, "properties": {"GEOID": "060190029041019", "P0010001": 80, "ALAND": 19531, "AWATER": 0}}, {"type": "Feature", "geometry": {"type": "Polygon", "coordinates": [[[-119.734138683335, 36.7460780417365], [-119.734139683159, 36.7467730418908], [-119.731866683183, 36.7467970417526], [-119.731868682832, 36.7466200420554], [-119.731878682878, 36.7460930419669], [-119.731881683251, 36.7459170419111], [-119.734146682832, 36.7459060416693], [-119.734138683335, 36.7460780417365]]]}, "properties": {"GEOID": "060190029041020", "P0010001": 81, "ALAND": 19616, "AWATER": 0}}, {"type": "Feature", "geometry": {"type": "Polygon", "coordinates": [[[-119.7363746844, 36.7459340411038], [-119.736361683981, 36.7467840412885], [-119.734139683159, 36.7467730418908], [-119.734138683335, 36.7460780417365], [-119.734146682832, 36.7459060416693], [-119.736375684225, 36.7459180410168], [-119.7363746844, 36.7459340411038]]]}, "properties": {"GEOID": "060190029041021", "P0010001": 86, "ALAND": 19138, "AWATER": 0}}, {"type": "Feature", "geometry": {"type": "Polygon", "coordinates": [[[-119.736375684225, 36.7459180410168], [-119.734146682832, 36.7459060416693], [-119.734144683182, 36.7450900413199], [-119.734136682786, 36.7450010407147], [-119.736291683661, 36.7450020412721], [-119.73637668405, 36.7450070411793], [-119.736375684225, 36.7459180410168]]]}, "properties": {"GEOID": "060190029041022", "P0010001": 63, "ALAND": 20129, "AWATER": 0}}, {"type": "Feature", "geometry": {"type": "Polygon", "coordinates": [[[-119.734146682832, 36.7459060416693], [-119.731881683251, 36.7459170419111], [-119.731883682901, 36.7457340419362], [-119.731892683122, 36.7451870419429], [-119.731894682772, 36.7450910418762], [-119.731899682795, 36.7450050422242], [-119.732346682683, 36.7450030418294], [-119.733688683073, 36.7450010407147], [-119.734136682786, 36.7450010407147], [-119.734144683182, 36.7450900413199], [-119.734146682832, 36.7459060416693]]]}, "properties": {"GEOID": "060190029041023", "P0010001": 93, "ALAND": 20336, "AWATER": 0}}, {"type": "Feature", "geometry": {"type": "Polygon", "coordinates": [[[-119.731894682772, 36.7450910418762], [-119.731892683122, 36.7451870419429], [-119.731883682901, 36.7457340419362], [-119.731881683251, 36.7459170419111], [-119.731428682616, 36.7459140417144], [-119.730070683232, 36.7459060416693], [-119.72961868332, 36.7459040420177], [-119.729614683122, 36.7457220418401], [-119.729605682901, 36.7451770421515], [-119.729604683076, 36.7450750423332], [-119.729613683297, 36.7449970420843], [-119.730070683232, 36.7449980419219], [-119.731441683035, 36.7450030418294], [-119.731899682795, 36.7450050422242], [-119.731894682772, 36.7450910418762]]]}, "properties": {"GEOID": "060190029041024", "P0010001": 64, "ALAND": 20531, "AWATER": 0}}, {"type": "Feature", "geometry": {"type": "Polygon", "coordinates": [[[-119.72961868332, 36.7459040420177], [-119.729292682907, 36.7459040420177], [-119.728313681842, 36.7459040420177], [-119.728161682405, 36.7459040420177], [-119.727988682152, 36.7459050418435], [-119.727862681755, 36.7459050418435], [-119.727484682362, 36.7459050418435], [-119.72735968179, 36.7459060416693], [-119.72735968179, 36.7457230416682], [-119.727360681615, 36.7451740419259], [-119.727361682338, 36.7449920421764], [-119.727811681702, 36.7449930420141], [-119.729162682312, 36.7449960422467], [-119.729613683297, 36.7449970420843], [-119.729604683076, 36.7450750423332], [-119.729605682901, 36.7451770421515], [-119.729614683122, 36.7457220418401], [-119.72961868332, 36.7459040420177]]]}, "properties": {"GEOID": "060190029041025", "P0010001": 64, "ALAND": 20294, "AWATER": 0}}, {"type": "Feature", "geometry": {"type": "Polygon", "coordinates": [[[-119.72868468336, 36.7467900423336], [-119.728469683274, 36.7467900423336], [-119.728417683396, 36.7467880419852], [-119.727616681708, 36.7467710422619], [-119.727350681569, 36.7467660417498], [-119.727351682293, 36.7465930419681], [-119.72735768214, 36.7460770419131], [-119.72735968179, 36.7459060416693], [-119.727484682362, 36.7459050418435], [-119.727862681755, 36.7459050418435], [-119.727988682152, 36.7459050418435], [-119.728161682405, 36.7459040420177], [-119.728169681902, 36.746360041833], [-119.728687682834, 36.746364041832], [-119.72868468336, 36.7467900423336]]]}, "properties": {"GEOID": "060190029041026", "P0010001": 20, "ALAND": 9181, "AWATER": 0}}, {"type": "Feature", "geometry": {"type": "Polygon", "coordinates": [[[-119.73637668405, 36.7450070411793], [-119.736291683661, 36.7450020412721], [-119.734136682786, 36.7450010407147], [-119.734137682611, 36.7448200411146], [-119.734144683182, 36.7442800407336], [-119.734147682657, 36.744100040722], [-119.734592682896, 36.7441010412911], [-119.735927682714, 36.7441070411062], [-119.736373683677, 36.7441090408046], [-119.73637668405, 36.7450070411793]]]}, "properties": {"GEOID": "060190029041027", "P0010001": 68, "ALAND": 19870, "AWATER": 0}}, {"type": "Feature", "geometry": {"type": "Polygon", "coordinates": [[[-119.734144683182, 36.7442800407336], [-119.734137682611, 36.7448200411146], [-119.734136682786, 36.7450010407147], [-119.733688683073, 36.7450010407147], [-119.732346682683, 36.7450030418294], [-119.731899682795, 36.7450050422242], [-119.731897683145, 36.7448210416743], [-119.731892683122, 36.7442720419578], [-119.731891683297, 36.7440890416594], [-119.732342683384, 36.7440910413582], [-119.733695682745, 36.7440970411741], [-119.734147682657, 36.744100040722], [-119.734144683182, 36.7442800407336]]]}, "properties": {"GEOID": "060190029041028", "P0010001": 61, "ALAND": 20215, "AWATER": 0}}, {"type": "Feature", "geometry": {"type": "Polygon", "coordinates": [[[-119.731899682795, 36.7450050422242], [-119.731441683035, 36.7450030418294], [-119.730070683232, 36.7449980419219], [-119.729613683297, 36.7449970420843], [-119.729614683122, 36.7448140420751], [-119.729620682072, 36.7442650423084], [-119.729622681721, 36.7440830418428], [-119.729886683109, 36.74408804181], [-119.730075683255, 36.74408804181], [-119.731437682837, 36.74408804181], [-119.731891683297, 36.7440890416594], [-119.731892683122, 36.7442720419578], [-119.731897683145, 36.7448210416743], [-119.731899682795, 36.7450050422242]]]}, "properties": {"GEOID": "060190029041029", "P0010001": 60, "ALAND": 20604, "AWATER": 0}}, {"type": "Feature", "geometry": {"type": "Polygon", "coordinates": [[[-119.729620682072, 36.7442650423084], [-119.729614683122, 36.7448140420751], [-119.729613683297, 36.7449970420843], [-119.729162682312, 36.7449960422467], [-119.727811681702, 36.7449930420141], [-119.727361682338, 36.7449920421764], [-119.727360681615, 36.7448090421552], [-119.72735968179, 36.7442630418943], [-119.72735968179, 36.7440810421438], [-119.727811681702, 36.7440810421438], [-119.729169681985, 36.7440820419933], [-119.729622681721, 36.7440830418428], [-119.729620682072, 36.7442650423084]]]}, "properties": {"GEOID": "060190029041030", "P0010001": 47, "ALAND": 20425, "AWATER": 0}}, {"type": "Feature", "geometry": {"type": "Polygon", "coordinates": [[[-119.731894682772, 36.7433640408732], [-119.731891683297, 36.7439070407764], [-119.731891683297, 36.7440890416594], [-119.731437682837, 36.74408804181], [-119.730075683255, 36.74408804181], [-119.729886683109, 36.74408804181], [-119.729622681721, 36.7440830418428], [-119.729169681985, 36.7440820419933], [-119.727811681702, 36.7440810421438], [-119.72735968179, 36.7440810421438], [-119.72735968179, 36.7438990419617], [-119.727360681615, 36.7433560420019], [-119.727361682338, 36.7431760419826], [-119.727834682166, 36.7431780417052], [-119.72925368165, 36.7431840423124], [-119.729727682202, 36.7431870418959], [-119.730160681847, 36.7431850421736], [-119.731462682952, 36.7431800407079], [-119.731585682975, 36.7431800407079], [-119.73189668332, 36.7431840408727], [-119.731894682772, 36.7433640408732]]]}, "properties": {"GEOID": "060190029041031", "P0010001": 105, "ALAND": 40556, "AWATER": 0}}, {"type": "Feature", "geometry": {"type": "Polygon", "coordinates": [[[-119.73415268268, 36.7433680410284], [-119.73414868338, 36.7439160408816], [-119.734147682657, 36.744100040722], [-119.733695682745, 36.7440970411741], [-119.732342683384, 36.7440910413582], [-119.731891683297, 36.7440890416594], [-119.731891683297, 36.7439070407764], [-119.731894682772, 36.7433640408732], [-119.73189668332, 36.7431840408727], [-119.732035683237, 36.7431850407339], [-119.732074682697, 36.7431860413149], [-119.732455683362, 36.743173040959], [-119.732595683104, 36.7431690407936], [-119.732906683448, 36.7431720410976], [-119.733842683059, 36.743181041289], [-119.734154683228, 36.7431850407339], [-119.73415268268, 36.7433680410284]]]}, "properties": {"GEOID": "060190029041032", "P0010001": 45, "ALAND": 20510, "AWATER": 0}}, {"type": "Feature", "geometry": {"type": "Polygon", "coordinates": [[[-119.736374682603, 36.7433750407596], [-119.736373683677, 36.7439250409858], [-119.736373683677, 36.7441090408046], [-119.735927682714, 36.7441070411062], [-119.734592682896, 36.7441010412911], [-119.734147682657, 36.744100040722], [-119.73414868338, 36.7439160408816], [-119.73415268268, 36.7433680410284], [-119.734154683228, 36.7431850407339], [-119.734598682744, 36.7431860413149], [-119.735930683087, 36.7431900407596], [-119.736375683326, 36.7431920412016], [-119.736374682603, 36.7433750407596]]]}, "properties": {"GEOID": "060190029041033", "P0010001": 60, "ALAND": 20186, "AWATER": 0}}, {"type": "Feature", "geometry": {"type": "Polygon", "coordinates": [[[-119.731865683358, 36.7468270419292], [-119.731864682634, 36.7469170416689], [-119.731864682634, 36.7469480423306], [-119.731609683265, 36.7469480423306], [-119.731421682944, 36.7469480423306], [-119.730846683008, 36.7469500419549], [-119.730592682565, 36.7469510417671], [-119.730491683181, 36.7469510417671], [-119.730187683408, 36.746952042299], [-119.73008768295, 36.7469530421111], [-119.729991682691, 36.7469530421111], [-119.729703682811, 36.7469530421111], [-119.729608683274, 36.7469540419232], [-119.729610682924, 36.7469210423587], [-119.729614683122, 36.7468730419853], [-119.729612682574, 36.7468230419544], [-119.729612682574, 36.7467910421477], [-119.730062682836, 36.7467760420539], [-119.730156683445, 36.7467730418908], [-119.730576682672, 36.7467710422619], [-119.731415683096, 36.746787042171], [-119.731866683183, 36.7467970417526], [-119.731865683358, 36.7468270419292]]]}, "properties": {"GEOID": "060190029041034", "P0010001": 0, "ALAND": 3783, "AWATER": 0}}, {"type": "Feature", "geometry": {"type": "Polygon", "coordinates": [[[-119.7205016824, 36.7504320430278], [-119.718255681289, 36.7504280432408], [-119.718247680893, 36.7502470427656], [-119.718224681327, 36.7497040430966], [-119.718217680756, 36.7495240428514], [-119.718593681398, 36.749527042907], [-119.718668680842, 36.7495260431284], [-119.720038680821, 36.74951804274], [-119.720408681615, 36.7495160431826], [-119.720494681829, 36.7495250433498], [-119.720490681631, 36.7496300430629], [-119.720491682354, 36.7497060426491], [-119.720498682027, 36.7502500427928], [-119.7205016824, 36.7504320430278]]]}, "properties": {"GEOID": "060190029042000", "P0010001": 31, "ALAND": 20333, "AWATER": 0}}, {"type": "Feature", "geometry": {"type": "Polygon", "coordinates": [[[-119.722778681676, 36.7504480428933], [-119.722725681973, 36.7504470431267], [-119.722566681964, 36.7504460426404], [-119.722514682086, 36.7504460426404], [-119.72211168168, 36.7504430433405], [-119.720903682083, 36.7504360428145], [-119.720715681762, 36.7504360428145], [-119.7205016824, 36.7504320430278], [-119.720498682027, 36.7502500427928], [-119.720491682354, 36.7497060426491], [-119.720490681631, 36.7496300430629], [-119.720494681829, 36.7495250433498], [-119.720949682113, 36.7495220432942], [-119.722314682069, 36.7495160431826], [-119.722770682179, 36.7495140429054], [-119.722767681806, 36.7496160433014], [-119.722770682179, 36.7497000432717], [-119.722772681829, 36.7497550431853], [-119.722771682004, 36.749965043278], [-119.722775682202, 36.7502610431317], [-119.722778681676, 36.7504480428933]]]}, "properties": {"GEOID": "060190029042001", "P0010001": 31, "ALAND": 20793, "AWATER": 0}}, {"type": "Feature", "geometry": {"type": "Polygon", "coordinates": [[[-119.725042682331, 36.7504520426792], [-119.722778681676, 36.7504480428933], [-119.722775682202, 36.7502610431317], [-119.722771682004, 36.749965043278], [-119.722772681829, 36.7497550431853], [-119.722770682179, 36.7497000432717], [-119.722767681806, 36.7496160433014], [-119.722770682179, 36.7495140429054], [-119.722917681594, 36.7495210427958], [-119.723223681915, 36.7495210427958], [-119.724585682396, 36.7495220432942], [-119.725040681783, 36.7495230430728], [-119.725027682262, 36.749653042974], [-119.725028682087, 36.7497080429213], [-119.725038682133, 36.7502660426963], [-119.725042682331, 36.7504520426792]]]}, "properties": {"GEOID": "060190029042002", "P0010001": 36, "ALAND": 20815, "AWATER": 0}}, {"type": "Feature", "geometry": {"type": "Polygon", "coordinates": [[[-119.727329682551, 36.7496060419278], [-119.727327682902, 36.7497030418808], [-119.727317682856, 36.7502580416653], [-119.727315683206, 36.7504440416676], [-119.726860682921, 36.750445042154], [-119.725496681892, 36.7504500431462], [-119.725042682331, 36.7504520426792], [-119.725038682133, 36.7502660426963], [-119.725028682087, 36.7497080429213], [-119.725027682262, 36.749653042974], [-119.725040681783, 36.7495230430728], [-119.725497681717, 36.749521042076], [-119.726869683142, 36.7495190417989], [-119.727327682902, 36.7495190417989], [-119.727329682551, 36.7496060419278]]]}, "properties": {"GEOID": "060190029042003", "P0010001": 46, "ALAND": 21027, "AWATER": 0}}, {"type": "Feature", "geometry": {"type": "Polygon", "coordinates": [[[-119.727323682704, 36.7486580418313], [-119.727324683427, 36.7487980417991], [-119.727329682551, 36.7493390418395], [-119.727331683099, 36.7494810422825], [-119.727327682902, 36.7495190417989], [-119.726869683142, 36.7495190417989], [-119.725497681717, 36.749521042076], [-119.725040681783, 36.7495230430728], [-119.725043682156, 36.7493420419023], [-119.725053682201, 36.748800042095], [-119.725055681851, 36.7487050420186], [-119.725053682201, 36.7486200418884], [-119.725509682311, 36.7486200418884], [-119.726880682114, 36.7486230419793], [-119.727253683282, 36.7486240417697], [-119.727337682947, 36.7486210416788], [-119.727323682704, 36.7486580418313]]]}, "properties": {"GEOID": "060190029042004", "P0010001": 63, "ALAND": 20295, "AWATER": 0}}, {"type": "Feature", "geometry": {"type": "Polygon", "coordinates": [[[-119.725053682201, 36.748800042095], [-119.725043682156, 36.7493420419023], [-119.725040681783, 36.7495230430728], [-119.724585682396, 36.7495220432942], [-119.723223681915, 36.7495210427958], [-119.722917681594, 36.7495210427958], [-119.722770682179, 36.7495140429054], [-119.722768681631, 36.7493290433089], [-119.722764682331, 36.7487770426479], [-119.722763681608, 36.7485930432246], [-119.722879681959, 36.7485990426886], [-119.723220682441, 36.7486020427803], [-119.724594681719, 36.7486150422166], [-119.725053682201, 36.7486200418884], [-119.725055681851, 36.7487050420186], [-119.725053682201, 36.748800042095]]]}, "properties": {"GEOID": "060190029042005", "P0010001": 45, "ALAND": 20643, "AWATER": 0}}, {"type": "Feature", "geometry": {"type": "Polygon", "coordinates": [[[-119.722770682179, 36.7495140429054], [-119.722314682069, 36.7495160431826], [-119.720949682113, 36.7495220432942], [-119.720494681829, 36.7495250433498], [-119.720490681631, 36.7493410428411], [-119.720478681037, 36.7487840433253], [-119.720488681083, 36.7486100432642], [-119.720942682441, 36.7486060426625], [-119.722308682221, 36.7485960433166], [-119.722763681608, 36.7485930432246], [-119.722764682331, 36.7487770426479], [-119.722768681631, 36.7493290433089], [-119.722770682179, 36.7495140429054]]]}, "properties": {"GEOID": "060190029042006", "P0010001": 44, "ALAND": 20750, "AWATER": 0}}, {"type": "Feature", "geometry": {"type": "Polygon", "coordinates": [[[-119.720494681829, 36.7495250433498], [-119.720408681615, 36.7495160431826], [-119.720038680821, 36.74951804274], [-119.718668680842, 36.7495260431284], [-119.718593681398, 36.749527042907], [-119.718217680756, 36.7495240428514], [-119.718217680756, 36.7493360432162], [-119.718217680756, 36.7487720429863], [-119.718218680581, 36.748585042739], [-119.718217680756, 36.7484060432609], [-119.718215681106, 36.747869043041], [-119.718215681106, 36.7476910431348], [-119.718667681017, 36.7476970426693], [-119.720023680752, 36.7477170430336], [-119.720475680664, 36.7477240430879], [-119.72048168141, 36.747815043016], [-119.72048168141, 36.7479010431179], [-119.720486681433, 36.7484320429174], [-119.720488681083, 36.7486100432642], [-119.720478681037, 36.7487840433253], [-119.720490681631, 36.7493410428411], [-119.720494681829, 36.7495250433498]]]}, "properties": {"GEOID": "060190029042007", "P0010001": 43, "ALAND": 40784, "AWATER": 0}}, {"type": "Feature", "geometry": {"type": "Polygon", "coordinates": [[[-119.722789682445, 36.7471490417428], [-119.722780682224, 36.7475980420126], [-119.722777681851, 36.7477600417119], [-119.722774682377, 36.7479260431462], [-119.722765682156, 36.7484260427206], [-119.722763681608, 36.7485930432246], [-119.722308682221, 36.7485960433166], [-119.720942682441, 36.7486060426625], [-119.720488681083, 36.7486100432642], [-119.720486681433, 36.7484320429174], [-119.72048168141, 36.7479010431179], [-119.72048168141, 36.747815043016], [-119.720475680664, 36.7477240430879], [-119.720466681341, 36.7469300428303], [-119.722787681897, 36.7469500419549], [-119.722788681722, 36.7471120423024], [-119.722789682445, 36.7471490417428]]]}, "properties": {"GEOID": "060190029042008", "P0010001": 53, "ALAND": 37853, "AWATER": 0}}, {"type": "Feature", "geometry": {"type": "Polygon", "coordinates": [[[-119.725057682399, 36.7479400417764], [-119.725054682026, 36.7484490422729], [-119.725053682201, 36.7486200418884], [-119.724594681719, 36.7486150422166], [-119.723220682441, 36.7486020427803], [-119.722879681959, 36.7485990426886], [-119.722763681608, 36.7485930432246], [-119.722765682156, 36.7484260427206], [-119.722774682377, 36.7479260431462], [-119.722777681851, 36.7477600417119], [-119.723233681961, 36.7477620420349], [-119.724602682115, 36.7477680422836], [-119.725059682049, 36.7477700418865], [-119.725057682399, 36.7479400417764]]]}, "properties": {"GEOID": "060190029042009", "P0010001": 39, "ALAND": 19111, "AWATER": 0}}, {"type": "Feature", "geometry": {"type": "Polygon", "coordinates": [[[-119.727337682049, 36.7479400417764], [-119.727337682947, 36.7484500420655], [-119.727337682947, 36.7486210416788], [-119.727253683282, 36.7486240417697], [-119.726880682114, 36.7486230419793], [-119.725509682311, 36.7486200418884], [-119.725053682201, 36.7486200418884], [-119.725054682026, 36.7484490422729], [-119.725057682399, 36.7479400417764], [-119.725059682049, 36.7477700418865], [-119.725232682302, 36.747774041812], [-119.725514682334, 36.7477730420106], [-119.726881681939, 36.7477700418865], [-119.727337682049, 36.7477700418865], [-119.727337682049, 36.7479400417764]]]}, "properties": {"GEOID": "060190029042010", "P0010001": 36, "ALAND": 19220, "AWATER": 0}}, {"type": "Feature", "geometry": {"type": "Polygon", "coordinates": [[[-119.727337682049, 36.7471250419911], [-119.727334681676, 36.7473060419131], [-119.727335682399, 36.7476080422084], [-119.727337682049, 36.7477700418865], [-119.726881681939, 36.7477700418865], [-119.725514682334, 36.7477730420106], [-119.725232682302, 36.747774041812], [-119.725059682049, 36.7477700418865], [-119.725054682026, 36.7476030417508], [-119.725040681783, 36.747102042042], [-119.725036681585, 36.7469360417045], [-119.725497681717, 36.7469410422055], [-119.726880682114, 36.7469580418913], [-119.727341682247, 36.7469640422029], [-119.727337682049, 36.7471250419911]]]}, "properties": {"GEOID": "060190029042011", "P0010001": 33, "ALAND": 18642, "AWATER": 0}}, {"type": "Feature", "geometry": {"type": "Polygon", "coordinates": [[[-119.725059682049, 36.7477700418865], [-119.724602682115, 36.7477680422836], [-119.723233681961, 36.7477620420349], [-119.722777681851, 36.7477600417119], [-119.722780682224, 36.7475980420126], [-119.722789682445, 36.7471490417428], [-119.722788681722, 36.7471120423024], [-119.722787681897, 36.7469500419549], [-119.723236682334, 36.7469460419864], [-119.724586682221, 36.7469380420489], [-119.725036681585, 36.7469360417045], [-119.725040681783, 36.747102042042], [-119.725054682026, 36.7476030417508], [-119.725059682049, 36.7477700418865]]]}, "properties": {"GEOID": "060190029042012", "P0010001": 31, "ALAND": 18454, "AWATER": 0}}, {"type": "Feature", "geometry": {"type": "Polygon", "coordinates": [[[-119.72735768214, 36.7460770419131], [-119.727351682293, 36.7465930419681], [-119.727350681569, 36.7467660417498], [-119.727349681744, 36.7468050417049], [-119.727347682095, 36.7469030421323], [-119.727344681722, 36.7469240417962], [-119.727341682247, 36.7469640422029], [-119.726880682114, 36.7469580418913], [-119.725497681717, 36.7469410422055], [-119.725036681585, 36.7469360417045], [-119.724586682221, 36.7469380420489], [-119.723236682334, 36.7469460419864], [-119.722787681897, 36.7469500419549], [-119.722786682072, 36.7467400422485], [-119.722785682247, 36.7461100418405], [-119.722785682247, 36.7459010418206], [-119.723699682116, 36.7459020416463], [-119.726444682096, 36.7459050418435], [-119.72735968179, 36.7459060416693], [-119.72735768214, 36.7460770419131]]]}, "properties": {"GEOID": "060190029042013", "P0010001": 61, "ALAND": 47186, "AWATER": 0}}, {"type": "Feature", "geometry": {"type": "Polygon", "coordinates": [[[-119.72280768109, 36.7437090417937], [-119.722790681372, 36.745352041912], [-119.722785682247, 36.7459010418206], [-119.722785682247, 36.7461100418405], [-119.722786682072, 36.7467400422485], [-119.722787681897, 36.7469500419549], [-119.720466681341, 36.7469300428303], [-119.718236681022, 36.746916043296], [-119.718247680893, 36.7465240430615], [-119.718252680916, 36.7463620429122], [-119.718608680568, 36.7463650430914], [-119.719679680796, 36.7463760432675], [-119.719878680987, 36.7463790427262], [-119.719908681125, 36.7463850430831], [-119.719969681224, 36.7463840432636], [-119.720033680798, 36.7463670427309], [-119.720057681087, 36.7463520432739], [-119.720078681004, 36.7463240432721], [-119.7200866814, 36.7462970430806], [-119.720083681027, 36.7462360431996], [-119.720068680958, 36.7457800419277], [-119.720063680935, 36.7456280421013], [-119.72006468076, 36.7454810418502], [-119.720069680783, 36.7450430417977], [-119.720071681331, 36.7448970417046], [-119.720077681179, 36.7447520418943], [-119.720095680722, 36.7443200417986], [-119.720098681095, 36.7442640417414], [-119.720095680722, 36.7442270423497], [-119.720081681377, 36.7442030416841], [-119.720063680935, 36.7441890416523], [-119.720012680882, 36.7441630419978], [-119.719964681201, 36.7441510416559], [-119.719914680972, 36.7441500418073], [-119.719891681406, 36.744153042073], [-119.71970268126, 36.7441540419215], [-119.718726680569, 36.7441640418462], [-119.718596680872, 36.7441660422629], [-119.718370680917, 36.7441710422247], [-119.718228680626, 36.7441640418462], [-119.718230681174, 36.7439550422852], [-119.718238680672, 36.7433310419245], [-119.718241681045, 36.7431240419785], [-119.718370680917, 36.7431400419282], [-119.718407680726, 36.7431340420374], [-119.718926680585, 36.7431370423427], [-119.720608680733, 36.7431490421233], [-119.720988680675, 36.7431490421233], [-119.721676680588, 36.7431500419849], [-119.721810681381, 36.7431600420405], [-119.721903681267, 36.7431600420405], [-119.722585681333, 36.7431600420405], [-119.722813680938, 36.743161041902], [-119.72280768109, 36.7437090417937]]]}, "properties": {"GEOID": "060190029042014", "P0010001": 160, "ALAND": 130700, "AWATER": 0}}, {"type": "Feature", "geometry": {"type": "Polygon", "coordinates": [[[-119.720098681095, 36.7442640417414], [-119.720095680722, 36.7443200417986], [-119.720077681179, 36.7447520418943], [-119.720071681331, 36.7448970417046], [-119.720069680783, 36.7450430417977], [-119.72006468076, 36.7454810418502], [-119.720063680935, 36.7456280421013], [-119.720068680958, 36.7457800419277], [-119.720083681027, 36.7462360431996], [-119.7200866814, 36.7462970430806], [-119.720078681004, 36.7463240432721], [-119.720057681087, 36.7463520432739], [-119.720033680798, 36.7463670427309], [-119.719969681224, 36.7463840432636], [-119.719908681125, 36.7463850430831], [-119.719878680987, 36.7463790427262], [-119.719679680796, 36.7463760432675], [-119.718608680568, 36.7463650430914], [-119.718252680916, 36.7463620429122], [-119.718250681266, 36.7462440432104], [-119.718246681068, 36.7458930432137], [-119.718245681243, 36.7457760433379], [-119.718235681197, 36.7454530429701], [-119.718232680824, 36.7453370429765], [-119.71822968135, 36.7444860420364], [-119.718228680626, 36.7441640418462], [-119.718370680917, 36.7441710422247], [-119.718596680872, 36.7441660422629], [-119.718726680569, 36.7441640418462], [-119.71970268126, 36.7441540419215], [-119.719891681406, 36.744153042073], [-119.719914680972, 36.7441500418073], [-119.719964681201, 36.7441510416559], [-119.720012680882, 36.7441630419978], [-119.720063680935, 36.7441890416523], [-119.720081681377, 36.7442030416841], [-119.720095680722, 36.7442270423497], [-119.720098681095, 36.7442640417414]]]}, "properties": {"GEOID": "060190029042015", "P0010001": 140, "ALAND": 40259, "AWATER": 0}}, {"type": "Feature", "geometry": {"type": "Polygon", "coordinates": [[[-119.720475680664, 36.7477240430879], [-119.720023680752, 36.7477170430336], [-119.718667681017, 36.7476970426693], [-119.718215681106, 36.7476910431348], [-119.718217680756, 36.7475870427316], [-119.718226680976, 36.7472750428356], [-119.71822968135, 36.7471720431174], [-119.718233680649, 36.7470090430853], [-119.718236681022, 36.746916043296], [-119.720466681341, 36.7469300428303], [-119.720475680664, 36.7477240430879]]]}, "properties": {"GEOID": "060190029042016", "P0010001": 20, "ALAND": 17450, "AWATER": 0}}, {"type": "Feature", "geometry": {"type": "Polygon", "coordinates": [[[-119.727360681615, 36.7433560420019], [-119.72735968179, 36.7438990419617], [-119.72735968179, 36.7440810421438], [-119.72735968179, 36.7442630418943], [-119.727360681615, 36.7448090421552], [-119.727361682338, 36.7449920421764], [-119.727360681615, 36.7451740419259], [-119.72735968179, 36.7457230416682], [-119.72735968179, 36.7459060416693], [-119.726444682096, 36.7459050418435], [-119.723699682116, 36.7459020416463], [-119.722785682247, 36.7459010418206], [-119.722790681372, 36.745352041912], [-119.72280768109, 36.7437090417937], [-119.722813680938, 36.743161041902], [-119.722908681373, 36.7431710419561], [-119.723024680825, 36.7431750421214], [-119.723605680608, 36.7431750421214], [-119.725985681614, 36.7431800421477], [-119.726424682005, 36.7431810420089], [-119.726642681565, 36.7431820418702], [-119.726779681832, 36.7431810420089], [-119.726895682183, 36.7431790422864], [-119.727244682162, 36.7431760419826], [-119.727361682338, 36.7431760419826], [-119.727360681615, 36.7433560420019]]]}, "properties": {"GEOID": "060190029042017", "P0010001": 361, "ALAND": 123229, "AWATER": 0}}, {"type": "Feature", "geometry": {"type": "Polygon", "coordinates": [[[-119.722389683311, 36.7566420427332], [-119.722359683173, 36.7567130427068], [-119.722322683363, 36.7567590433135], [-119.722234682602, 36.7567990429112], [-119.722144683088, 36.7568390432076], [-119.72206668327, 36.7568970428089], [-119.722018682691, 36.7569720427122], [-119.721989683277, 36.7571640432244], [-119.7219946833, 36.757488042909], [-119.721917683307, 36.757488042909], [-119.72083968161, 36.7574800440706], [-119.7203226823, 36.7574790436759], [-119.718774682046, 36.7574790436759], [-119.718464682424, 36.7574790436759], [-119.718258681662, 36.757469044047], [-119.718257681837, 36.7573450439344], [-119.718257681837, 36.7569730438331], [-119.718257681837, 36.7568500440413], [-119.718256682012, 36.7566510442236], [-119.718256682012, 36.7563430439582], [-119.718256682012, 36.7562960441314], [-119.71826068221, 36.7560550442456], [-119.718265682233, 36.7558570442209], [-119.718268681708, 36.7556610438021], [-119.718447681808, 36.7556550441706], [-119.718516682303, 36.7556610438021], [-119.718521682326, 36.7556930442278], [-119.718543682067, 36.7557460440489], [-119.718543682067, 36.7558050441733], [-119.718641681976, 36.7559510436639], [-119.718724681817, 36.7560020439183], [-119.718817681704, 36.7560390441099], [-119.718831681947, 36.7560580440458], [-119.71901768172, 36.7560610438459], [-119.719388682339, 36.7560390441099], [-119.719588682356, 36.7560230439709], [-119.71961768177, 36.755997043288], [-119.719702682159, 36.7558150432993], [-119.71976168171, 36.7557510432561], [-119.719827681832, 36.7557090429962], [-119.719910681673, 36.7556660430148], [-119.720382681676, 36.7554930431473], [-119.720488681981, 36.7554500430449], [-119.720579682218, 36.7553840432926], [-119.720659681685, 36.7552930429849], [-119.720750681922, 36.7551620428586], [-119.720801681975, 36.7550600433581], [-119.720950681938, 36.7547710427172], [-119.72104068235, 36.7546850431182], [-119.721085681658, 36.7546720432709], [-119.721155681978, 36.7546690426967], [-119.721565682057, 36.7546480429932], [-119.721968681564, 36.7546510428484], [-119.722226682206, 36.7547070432424], [-119.722269681863, 36.7547310427818], [-119.722287682305, 36.7548110433514], [-119.722295681803, 36.7549650431156], [-119.722263682016, 36.7550240431209], [-119.722189682396, 36.7551300429311], [-119.721981681983, 36.7553600432378], [-119.72190468199, 36.7554690431266], [-119.721845682439, 36.7555650431645], [-119.721810682279, 36.7556530433337], [-119.721805682256, 36.7557220426678], [-119.721818681777, 36.7558630431168], [-119.721829681647, 36.7559380433113], [-119.721845682439, 36.7559670430982], [-119.721896681594, 36.7559910429631], [-119.722010682296, 36.7560050430008], [-119.722149683111, 36.7560050430008], [-119.722258682891, 36.7560260430526], [-119.722362682648, 36.7560870430675], [-119.722383682564, 36.7561380432316], [-119.722407682854, 36.756279042916], [-119.722389683311, 36.7566420427332]]]}, "properties": {"GEOID": "060190029051000", "P0010001": 351, "ALAND": 79972, "AWATER": 0}}, {"type": "Feature", "geometry": {"type": "Polygon", "coordinates": [[[-119.725296682774, 36.7543460430569], [-119.725286682728, 36.755033042642], [-119.725287682553, 36.7551020432535], [-119.725289683101, 36.7551910429388], [-119.725289683101, 36.7555030430338], [-119.72335168286, 36.7555030430338], [-119.723362682731, 36.7558770431779], [-119.722995683208, 36.7558820430963], [-119.722960683048, 36.7574890433035], [-119.722789683344, 36.7574910426531], [-119.7219946833, 36.757488042909], [-119.721989683277, 36.7571640432244], [-119.722018682691, 36.7569720427122], [-119.72206668327, 36.7568970428089], [-119.722144683088, 36.7568390432076], [-119.722234682602, 36.7567990429112], [-119.722322683363, 36.7567590433135], [-119.722359683173, 36.7567130427068], [-119.722389683311, 36.7566420427332], [-119.722407682854, 36.756279042916], [-119.722383682564, 36.7561380432316], [-119.722362682648, 36.7560870430675], [-119.722258682891, 36.7560260430526], [-119.722149683111, 36.7560050430008], [-119.722010682296, 36.7560050430008], [-119.721896681594, 36.7559910429631], [-119.721845682439, 36.7559670430982], [-119.721829681647, 36.7559380433113], [-119.721818681777, 36.7558630431168], [-119.721805682256, 36.7557220426678], [-119.721810682279, 36.7556530433337], [-119.721845682439, 36.7555650431645], [-119.72190468199, 36.7554690431266], [-119.721981681983, 36.7553600432378], [-119.722189682396, 36.7551300429311], [-119.722263682016, 36.7550240431209], [-119.722295681803, 36.7549650431156], [-119.722287682305, 36.7548110433514], [-119.722383681666, 36.7548190431879], [-119.722479681926, 36.7548190431879], [-119.723223682814, 36.7546960428212], [-119.723340682989, 36.7546830429757], [-119.723415683333, 36.7546850431182], [-119.723487683303, 36.7547010428166], [-119.723583682664, 36.754733042923], [-119.723716682733, 36.7547680428667], [-119.723905682879, 36.7547950429563], [-119.723937682666, 36.7548030427944], [-119.723975683199, 36.7547730428573], [-119.723983682697, 36.754733042923], [-119.72396268278, 36.7540300429756], [-119.72221868181, 36.7540080426572], [-119.722117682426, 36.7539980432957], [-119.722042682083, 36.7539710429255], [-119.721989682379, 36.7539680430438], [-119.721866682355, 36.7539680430438], [-119.721800682233, 36.7539760429682], [-119.721744682157, 36.7539920428144], [-119.72171468202, 36.7540190431771], [-119.721661682316, 36.7540350430143], [-119.721512682353, 36.7540320431351], [-119.720883681991, 36.7540780431902], [-119.719950681856, 36.7542270429604], [-119.719937682335, 36.7542400428832], [-119.719939681985, 36.7542770432049], [-119.720054681613, 36.754592043276], [-119.720110681689, 36.7546480429932], [-119.720177681636, 36.7546830429757], [-119.720801681975, 36.7550600433581], [-119.720750681922, 36.7551620428586], [-119.720659681685, 36.7552930429849], [-119.720579682218, 36.7553840432926], [-119.720488681981, 36.7554500430449], [-119.720382681676, 36.7554930431473], [-119.719910681673, 36.7556660430148], [-119.719827681832, 36.7557090429962], [-119.71976168171, 36.7557510432561], [-119.719702682159, 36.7558150432993], [-119.71961768177, 36.755997043288], [-119.719588682356, 36.7560230439709], [-119.719388682339, 36.7560390441099], [-119.71901768172, 36.7560610438459], [-119.718831681947, 36.7560580440458], [-119.718817681704, 36.7560390441099], [-119.718724681817, 36.7560020439183], [-119.718641681976, 36.7559510436639], [-119.718543682067, 36.7558050441733], [-119.718543682067, 36.7557460440489], [-119.718521682326, 36.7556930442278], [-119.718516682303, 36.7556610438021], [-119.718447681808, 36.7556550441706], [-119.718268681708, 36.7556610438021], [-119.718271682081, 36.7554930438671], [-119.718289681624, 36.7544050428185], [-119.718296682195, 36.754042043212], [-119.718293681822, 36.7539120428301], [-119.718288681799, 36.7536790433273], [-119.718284681601, 36.7534850432756], [-119.724991683175, 36.7536710426523], [-119.725070682818, 36.7537210432591], [-119.725322682713, 36.7539260432472], [-119.725296682774, 36.7543460430569]]]}, "properties": {"GEOID": "060190029051001", "P0010001": 734, "ALAND": 119677, "AWATER": 0}}, {"type": "Feature", "geometry": {"type": "Polygon", "coordinates": [[[-119.723975683199, 36.7547730428573], [-119.723937682666, 36.7548030427944], [-119.723905682879, 36.7547950429563], [-119.723716682733, 36.7547680428667], [-119.723583682664, 36.754733042923], [-119.723487683303, 36.7547010428166], [-119.723415683333, 36.7546850431182], [-119.723340682989, 36.7546830429757], [-119.723223682814, 36.7546960428212], [-119.722479681926, 36.7548190431879], [-119.722383681666, 36.7548190431879], [-119.722287682305, 36.7548110433514], [-119.722269681863, 36.7547310427818], [-119.722226682206, 36.7547070432424], [-119.721968681564, 36.7546510428484], [-119.721565682057, 36.7546480429932], [-119.721155681978, 36.7546690426967], [-119.721085681658, 36.7546720432709], [-119.72104068235, 36.7546850431182], [-119.720950681938, 36.7547710427172], [-119.720801681975, 36.7550600433581], [-119.720177681636, 36.7546830429757], [-119.720110681689, 36.7546480429932], [-119.720054681613, 36.754592043276], [-119.719939681985, 36.7542770432049], [-119.719937682335, 36.7542400428832], [-119.719950681856, 36.7542270429604], [-119.720883681991, 36.7540780431902], [-119.721512682353, 36.7540320431351], [-119.721661682316, 36.7540350430143], [-119.72171468202, 36.7540190431771], [-119.721744682157, 36.7539920428144], [-119.721800682233, 36.7539760429682], [-119.721866682355, 36.7539680430438], [-119.721989682379, 36.7539680430438], [-119.722042682083, 36.7539710429255], [-119.722117682426, 36.7539980432957], [-119.72221868181, 36.7540080426572], [-119.72396268278, 36.7540300429756], [-119.723983682697, 36.754733042923], [-119.723975683199, 36.7547730428573]]]}, "properties": {"GEOID": "060190029051002", "P0010001": 400, "ALAND": 27414, "AWATER": 0}}, {"type": "Feature", "geometry": {"type": "Polygon", "coordinates": [[[-119.727312682833, 36.7568040427694], [-119.727311683008, 36.7568390432076], [-119.727311683008, 36.7573230431273], [-119.727311683008, 36.7574850431648], [-119.726346683085, 36.7574890433035], [-119.726164682612, 36.7574850431648], [-119.722960683048, 36.7574890433035], [-119.722995683208, 36.7558820430963], [-119.723362682731, 36.7558770431779], [-119.723431683226, 36.7558750430665], [-119.723641683288, 36.7558730429551], [-119.723712683433, 36.7558730429551], [-119.723763682589, 36.75623204305], [-119.723856683374, 36.7563660432964], [-119.723970683176, 36.7564640430275], [-119.724088683177, 36.7565370432601], [-119.724114683116, 36.7565540429789], [-119.724227683094, 36.7566020430537], [-119.724330683026, 36.7566510427842], [-119.724464682921, 36.7566750431549], [-119.724590683317, 36.756683042797], [-119.726506682919, 36.7566800430212], [-119.727322682879, 36.7566790433359], [-119.727312682833, 36.7568040427694]]]}, "properties": {"GEOID": "060190029051003", "P0010001": 139, "ALAND": 41886, "AWATER": 0}}, {"type": "Feature", "geometry": {"type": "Polygon", "coordinates": [[[-119.727322682879, 36.7566790433359], [-119.726506682919, 36.7566800430212], [-119.724590683317, 36.756683042797], [-119.724464682921, 36.7566750431549], [-119.724330683026, 36.7566510427842], [-119.724227683094, 36.7566020430537], [-119.724114683116, 36.7565540429789], [-119.724088683177, 36.7565370432601], [-119.723970683176, 36.7564640430275], [-119.723856683374, 36.7563660432964], [-119.723763682589, 36.75623204305], [-119.723712683433, 36.7558730429551], [-119.724430682586, 36.755874042651], [-119.726585682562, 36.7558770431779], [-119.727304683335, 36.7558790432892], [-119.72730768281, 36.7560380429768], [-119.727318682681, 36.7565190431303], [-119.727322682879, 36.7566790433359]]]}, "properties": {"GEOID": "060190029051004", "P0010001": 84, "ALAND": 27320, "AWATER": 0}}, {"type": "Feature", "geometry": {"type": "Polygon", "coordinates": [[[-119.729588684081, 36.7574820427007], [-119.729466683882, 36.7574830430953], [-119.729103683659, 36.7574860428396], [-119.728982684184, 36.757488042909], [-119.728647684448, 36.7574870432341], [-119.727645683817, 36.7574850431648], [-119.727311683008, 36.7574850431648], [-119.727311683008, 36.7573230431273], [-119.727311683008, 36.7568390432076], [-119.727312682833, 36.7568040427694], [-119.727526683093, 36.7568040427694], [-119.72957768421, 36.756824042919], [-119.729578684035, 36.7569040427454], [-119.729585683708, 36.7573370429219], [-119.729588684081, 36.7574820427007]]]}, "properties": {"GEOID": "060190029051005", "P0010001": 58, "ALAND": 15137, "AWATER": 0}}, {"type": "Feature", "geometry": {"type": "Polygon", "coordinates": [[[-119.731863683708, 36.7569010429783], [-119.731856684035, 36.7573420427452], [-119.73185568421, 36.7574890433035], [-119.73140168375, 36.7574870432341], [-119.730041683818, 36.7574830430953], [-119.729588684081, 36.7574820427007], [-119.729585683708, 36.7573370429219], [-119.729578684035, 36.7569040427454], [-119.72957768421, 36.756824042919], [-119.729576684386, 36.7567600429978], [-119.729576684386, 36.7567350429691], [-119.72957768421, 36.7565860430321], [-119.729583684058, 36.7560670427258], [-119.729586684431, 36.7558950427386], [-119.729689684363, 36.755894043043], [-119.730001683635, 36.7558930433474], [-119.730106684115, 36.7558930433474], [-119.730171684412, 36.7558930433474], [-119.730171684412, 36.7563630427885], [-119.730774683937, 36.7563500432255], [-119.730780683784, 36.7567980432273], [-119.731864684431, 36.7568040427694], [-119.731863683708, 36.7569010429783]]]}, "properties": {"GEOID": "060190029051006", "P0010001": 28, "ALAND": 23421, "AWATER": 0}}, {"type": "Feature", "geometry": {"type": "Polygon", "coordinates": [[[-119.734096685298, 36.7575000433241], [-119.733647684862, 36.7574970428607], [-119.732303683924, 36.7574910426531], [-119.73185568421, 36.7574890433035], [-119.731856684035, 36.7573420427452], [-119.731863683708, 36.7569010429783], [-119.731864684431, 36.7568040427694], [-119.731865684256, 36.7567550431367], [-119.731865684256, 36.7567280430172], [-119.731862683883, 36.7566360431784], [-119.73185568421, 36.756279042916], [-119.731853683662, 36.7561610433509], [-119.731852683837, 36.7561100432022], [-119.731849684362, 36.7559590426617], [-119.731848683639, 36.7559090427938], [-119.731876684127, 36.7559090427938], [-119.73196268434, 36.7559090427938], [-119.731991683754, 36.7559090427938], [-119.734138684233, 36.7559040428772], [-119.734096685298, 36.7575000433241]]]}, "properties": {"GEOID": "060190029051007", "P0010001": 61, "ALAND": 35539, "AWATER": 0}}, {"type": "Feature", "geometry": {"type": "Polygon", "coordinates": [[[-119.736329685092, 36.7576980427066], [-119.73604968471, 36.757704042898], [-119.73587968483, 36.7576980427066], [-119.73579468534, 36.7576960426428], [-119.735595685148, 36.757658042858], [-119.735103685054, 36.7575660426953], [-119.73476668477, 36.757510042949], [-119.734545684837, 36.7574980432551], [-119.734460685346, 36.7574940431168], [-119.734096685298, 36.7575000433241], [-119.734138684233, 36.7559040428772], [-119.731991683754, 36.7559090427938], [-119.73196268434, 36.7559090427938], [-119.731876684127, 36.7559090427938], [-119.731848683639, 36.7559090427938], [-119.731854684385, 36.7555440429866], [-119.731875684302, 36.7545080429036], [-119.731876684127, 36.7544500429356], [-119.731880684325, 36.7542450421885], [-119.731883683799, 36.7540860416636], [-119.731882683974, 36.7540360420144], [-119.732221683908, 36.7540890422605], [-119.734113684118, 36.7544460419187], [-119.7355936846, 36.7547320417728], [-119.736095684741, 36.7548280420133], [-119.736296684582, 36.7548590423577], [-119.736296684582, 36.7549170420165], [-119.736296684582, 36.7550310417889], [-119.736294684932, 36.7550870419054], [-119.736294684932, 36.7551350421785], [-119.736290684734, 36.7554390420105], [-119.736296684582, 36.7557890418262], [-119.73630068478, 36.7560070416694], [-119.736304684978, 36.7561690423269], [-119.736317685397, 36.7566550422467], [-119.73632268542, 36.7568170422555], [-119.736323685244, 36.7569930417795], [-119.736327685442, 36.7575210429667], [-119.736329685092, 36.7576980427066]]]}, "properties": {"GEOID": "060190029051008", "P0010001": 67, "ALAND": 101047, "AWATER": 0}}, {"type": "Feature", "geometry": {"type": "Polygon", "coordinates": [[[-119.731854684385, 36.7555440429866], [-119.731848683639, 36.7559090427938], [-119.731810684004, 36.7559080430984], [-119.731699683676, 36.7559070426832], [-119.731662683866, 36.7559070426832], [-119.731350683697, 36.7559020427665], [-119.730488683706, 36.7558910432364], [-119.730417683561, 36.7558910432364], [-119.730171684412, 36.7558930433474], [-119.730106684115, 36.7558930433474], [-119.730001683635, 36.7558930433474], [-119.729689684363, 36.755894043043], [-119.729586684431, 36.7558950427386], [-119.729591683556, 36.7555390430462], [-119.72960368415, 36.7547070432424], [-119.729602684325, 36.7544730428413], [-119.729601683602, 36.7541180427464], [-119.731400683926, 36.7544200428605], [-119.731875684302, 36.7545080429036], [-119.731854684385, 36.7555440429866]]]}, "properties": {"GEOID": "060190029051009", "P0010001": 60, "ALAND": 35650, "AWATER": 0}}, {"type": "Feature", "geometry": {"type": "Polygon", "coordinates": [[[-119.731865684256, 36.7567550431367], [-119.731864684431, 36.7568040427694], [-119.730780683784, 36.7567980432273], [-119.730774683937, 36.7563500432255], [-119.730171684412, 36.7563630427885], [-119.730171684412, 36.7558930433474], [-119.730417683561, 36.7558910432364], [-119.730488683706, 36.7558910432364], [-119.731350683697, 36.7559020427665], [-119.731662683866, 36.7559070426832], [-119.731699683676, 36.7559070426832], [-119.731810684004, 36.7559080430984], [-119.731848683639, 36.7559090427938], [-119.731849684362, 36.7559590426617], [-119.731852683837, 36.7561100432022], [-119.731853683662, 36.7561610433509], [-119.73185568421, 36.756279042916], [-119.731862683883, 36.7566360431784], [-119.731865684256, 36.7567280430172], [-119.731865684256, 36.7567550431367]]]}, "properties": {"GEOID": "060190029051010", "P0010001": 26, "ALAND": 12408, "AWATER": 0}}, {"type": "Feature", "geometry": {"type": "Polygon", "coordinates": [[[-119.736296684582, 36.7548590423577], [-119.736095684741, 36.7548280420133], [-119.7355936846, 36.7547320417728], [-119.734113684118, 36.7544460419187], [-119.732221683908, 36.7540890422605], [-119.731882683974, 36.7540360420144], [-119.731882683974, 36.7537790423388], [-119.733439684449, 36.7540900419797], [-119.734115683768, 36.7542020421062], [-119.736114685007, 36.754567041821], [-119.736295684757, 36.7545960421261], [-119.736296684582, 36.7548590423577]]]}, "properties": {"GEOID": "060190029051011", "P0010001": 0, "ALAND": 10789, "AWATER": 0}}, {"type": "Feature", "geometry": {"type": "Polygon", "coordinates": [[[-119.736320683973, 36.7524450423362], [-119.736296683684, 36.7529970418], [-119.736289684011, 36.7531670423448], [-119.736295684757, 36.7531800417274], [-119.736291684559, 36.7533580418556], [-119.736281685412, 36.7538950418061], [-119.736279684864, 36.7540740421538], [-119.736285684711, 36.7542220422144], [-119.736295684757, 36.7544210418556], [-119.736295684757, 36.7544780421315], [-119.736295684757, 36.7545960421261], [-119.736114685007, 36.754567041821], [-119.734115683768, 36.7542020421062], [-119.733439684449, 36.7540900419797], [-119.731882683974, 36.7537790423388], [-119.731880684325, 36.7537220422633], [-119.731878683776, 36.75365304185], [-119.731869683556, 36.7532440417564], [-119.731914683761, 36.7532780419299], [-119.734053683844, 36.7536280422482], [-119.734115683768, 36.7536130420514], [-119.734112684294, 36.7526280421408], [-119.73411168357, 36.7522620420951], [-119.734554684159, 36.7522620420951], [-119.73588568378, 36.7522620420951], [-119.736329684194, 36.7522620420951], [-119.736320683973, 36.7524450423362]]]}, "properties": {"GEOID": "060190029051012", "P0010001": 40, "ALAND": 58311, "AWATER": 0}}, {"type": "Feature", "geometry": {"type": "Polygon", "coordinates": [[[-119.729583684058, 36.7560670427258], [-119.72957768421, 36.7565860430321], [-119.729576684386, 36.7567350429691], [-119.729576684386, 36.7567600429978], [-119.72957768421, 36.756824042919], [-119.727526683093, 36.7568040427694], [-119.727312682833, 36.7568040427694], [-119.727322682879, 36.7566790433359], [-119.727318682681, 36.7565190431303], [-119.72730768281, 36.7560380429768], [-119.727304683335, 36.7558790432892], [-119.727760683445, 36.7558820430963], [-119.729129683599, 36.7558910432364], [-119.729586684431, 36.7558950427386], [-119.729583684058, 36.7560670427258]]]}, "properties": {"GEOID": "060190029051013", "P0010001": 33, "ALAND": 20810, "AWATER": 0}}, {"type": "Feature", "geometry": {"type": "Polygon", "coordinates": [[[-119.72960368415, 36.7547070432424], [-119.729591683556, 36.7555390430462], [-119.729586684431, 36.7558950427386], [-119.729129683599, 36.7558910432364], [-119.727760683445, 36.7558820430963], [-119.727304683335, 36.7558790432892], [-119.727304683335, 36.7557230430854], [-119.727306682985, 36.7552560431532], [-119.72730768281, 36.7551950431972], [-119.727313682658, 36.7551010428278], [-119.727314683381, 36.7549500431802], [-119.727319683404, 36.7545000430347], [-119.727320683229, 36.7544770431372], [-119.727314683381, 36.7543500433593], [-119.727314683381, 36.7542940427048], [-119.727316683031, 36.7541280428121], [-119.727317682856, 36.7540730431543], [-119.727773682965, 36.7540800433485], [-119.729144682769, 36.754104043084], [-119.7293696829, 36.7541080426793], [-119.729601683602, 36.7541180427464], [-119.729602684325, 36.7544730428413], [-119.72960368415, 36.7547070432424]]]}, "properties": {"GEOID": "060190029051014", "P0010001": 47, "ALAND": 40639, "AWATER": 0}}, {"type": "Feature", "geometry": {"type": "Polygon", "coordinates": [[[-119.72730768281, 36.7551950431972], [-119.727306682985, 36.7552560431532], [-119.727304683335, 36.7557230430854], [-119.727304683335, 36.7558790432892], [-119.726585682562, 36.7558770431779], [-119.724430682586, 36.755874042651], [-119.723712683433, 36.7558730429551], [-119.723641683288, 36.7558730429551], [-119.723431683226, 36.7558750430665], [-119.723362682731, 36.7558770431779], [-119.72335168286, 36.7555030430338], [-119.725289683101, 36.7555030430338], [-119.725289683101, 36.7551910429388], [-119.725287682553, 36.7551020432535], [-119.725324683261, 36.7551020432535], [-119.725353682675, 36.7551020432535], [-119.725440682714, 36.7551020432535], [-119.725469683026, 36.7551020432535], [-119.725837683272, 36.7551010428278], [-119.726944682587, 36.7551010428278], [-119.727313682658, 36.7551010428278], [-119.72730768281, 36.7551950431972]]]}, "properties": {"GEOID": "060190029051015", "P0010001": 75, "ALAND": 22606, "AWATER": 0}}, {"type": "Feature", "geometry": {"type": "Polygon", "coordinates": [[[-119.727319683404, 36.7545000430347], [-119.727314683381, 36.7549500431802], [-119.727313682658, 36.7551010428278], [-119.726944682587, 36.7551010428278], [-119.725837683272, 36.7551010428278], [-119.725469683026, 36.7551020432535], [-119.725440682714, 36.7551020432535], [-119.725353682675, 36.7551020432535], [-119.725324683261, 36.7551020432535], [-119.725287682553, 36.7551020432535], [-119.725286682728, 36.755033042642], [-119.725296682774, 36.7543460430569], [-119.72542468282, 36.7543460430569], [-119.725482683445, 36.7543470427727], [-119.725848683143, 36.7543470427727], [-119.72694768296, 36.7543490429239], [-119.727314683381, 36.7543500433593], [-119.727320683229, 36.7544770431372], [-119.727319683404, 36.7545000430347]]]}, "properties": {"GEOID": "060190029051016", "P0010001": 39, "ALAND": 15119, "AWATER": 0}}, {"type": "Feature", "geometry": {"type": "Polygon", "coordinates": [[[-119.727316683031, 36.7541280428121], [-119.727314683381, 36.7542940427048], [-119.727314683381, 36.7543500433593], [-119.72694768296, 36.7543490429239], [-119.725848683143, 36.7543470427727], [-119.725482683445, 36.7543470427727], [-119.72542468282, 36.7543460430569], [-119.725296682774, 36.7543460430569], [-119.725322682713, 36.7539260432472], [-119.725070682818, 36.7537210432591], [-119.724991683175, 36.7536710426523], [-119.727314683381, 36.7537510428878], [-119.727316683031, 36.7539770426887], [-119.727317682856, 36.7540730431543], [-119.727316683031, 36.7541280428121]]]}, "properties": {"GEOID": "060190029051017", "P0010001": 36, "ALAND": 12904, "AWATER": 0}}, {"type": "Feature", "geometry": {"type": "Polygon", "coordinates": [[[-119.729601683602, 36.7541180427464], [-119.7293696829, 36.7541080426793], [-119.729144682769, 36.754104043084], [-119.727773682965, 36.7540800433485], [-119.727317682856, 36.7540730431543], [-119.727316683031, 36.7539770426887], [-119.727314683381, 36.7537510428878], [-119.727889683316, 36.7537560429448], [-119.728578683054, 36.7537750427263], [-119.729169682883, 36.7537850428367], [-119.729388683166, 36.753799043277], [-119.729592683381, 36.7538120432723], [-119.729601683602, 36.7541180427464]]]}, "properties": {"GEOID": "060190029051018", "P0010001": 0, "ALAND": 7231, "AWATER": 0}}, {"type": "Feature", "geometry": {"type": "Polygon", "coordinates": [[[-119.731883683799, 36.7540860416636], [-119.731880684325, 36.7542450421885], [-119.731876684127, 36.7544500429356], [-119.731875684302, 36.7545080429036], [-119.731400683926, 36.7544200428605], [-119.729601683602, 36.7541180427464], [-119.729592683381, 36.7538120432723], [-119.729776684402, 36.7538200432129], [-119.730086684023, 36.75383104304], [-119.730197684352, 36.7538420428654], [-119.730420683934, 36.7538640432313], [-119.730906684181, 36.7539170428765], [-119.731882683974, 36.7540360420144], [-119.731883683799, 36.7540860416636]]]}, "properties": {"GEOID": "060190029051019", "P0010001": 0, "ALAND": 9130, "AWATER": 0}}, {"type": "Feature", "geometry": {"type": "Polygon", "coordinates": [[[-119.731882683974, 36.7540360420144], [-119.730906684181, 36.7539170428765], [-119.730420683934, 36.7538640432313], [-119.730197684352, 36.7538420428654], [-119.730086684023, 36.75383104304], [-119.729776684402, 36.7538200432129], [-119.729592683381, 36.7538120432723], [-119.729587683358, 36.7535810429173], [-119.729587683358, 36.7535530426743], [-119.730306684132, 36.7536010431874], [-119.730704683616, 36.7536400432673], [-119.7309236839, 36.7536580433528], [-119.731313683887, 36.7536980416885], [-119.731882683974, 36.7537790423388], [-119.731882683974, 36.7540360420144]]]}, "properties": {"GEOID": "060190029051020", "P0010001": 0, "ALAND": 5845, "AWATER": 0}}, {"type": "Feature", "geometry": {"type": "Polygon", "coordinates": [[[-119.729592683381, 36.7538120432723], [-119.729388683166, 36.753799043277], [-119.729169682883, 36.7537850428367], [-119.728578683054, 36.7537750427263], [-119.727889683316, 36.7537560429448], [-119.727314683381, 36.7537510428878], [-119.727314683381, 36.7536920433429], [-119.727314683381, 36.7535970428459], [-119.727322682879, 36.7534880431763], [-119.72866268272, 36.7535360430103], [-119.728791682591, 36.7535360430103], [-119.729587683358, 36.7535530426743], [-119.729587683358, 36.7535810429173], [-119.729592683381, 36.7538120432723]]]}, "properties": {"GEOID": "060190029051021", "P0010001": 0, "ALAND": 5579, "AWATER": 0}}, {"type": "Feature", "geometry": {"type": "Polygon", "coordinates": [[[-119.727314683381, 36.7535970428459], [-119.727314683381, 36.7536920433429], [-119.727314683381, 36.7537510428878], [-119.724991683175, 36.7536710426523], [-119.724951682992, 36.7536460430563], [-119.724738682557, 36.753512043097], [-119.724571683051, 36.7534070429384], [-119.724662683287, 36.7534120430178], [-119.727322682879, 36.7534880431763], [-119.727314683381, 36.7535970428459]]]}, "properties": {"GEOID": "060190029051022", "P0010001": 0, "ALAND": 6423, "AWATER": 0}}, {"type": "Feature", "geometry": {"type": "Polygon", "coordinates": [[[-119.724991683175, 36.7536710426523], [-119.718284681601, 36.7534850432756], [-119.718283681776, 36.7534310428845], [-119.718280682301, 36.7532600431947], [-119.718279681578, 36.7531870427228], [-119.718346682424, 36.7531890429043], [-119.72328568184, 36.7533420433166], [-119.723788681805, 36.753356043118], [-119.723923683321, 36.7533610432007], [-119.724571683051, 36.7534070429384], [-119.724738682557, 36.753512043097], [-119.724951682992, 36.7536460430563], [-119.724991683175, 36.7536710426523]]]}, "properties": {"GEOID": "060190029051023", "P0010001": 0, "ALAND": 18387, "AWATER": 0}}, {"type": "Feature", "geometry": {"type": "Polygon", "coordinates": [[[-119.724571683051, 36.7534070429384], [-119.723923683321, 36.7533610432007], [-119.723788681805, 36.753356043118], [-119.72328568184, 36.7533420433166], [-119.718346682424, 36.7531890429043], [-119.718279681578, 36.7531870427228], [-119.71827368173, 36.7525900427247], [-119.718270681357, 36.7522280429107], [-119.718255681289, 36.7504280432408], [-119.7205016824, 36.7504320430278], [-119.720715681762, 36.7504360428145], [-119.720903682083, 36.7504360428145], [-119.72211168168, 36.7504430433405], [-119.722514682086, 36.7504460426404], [-119.722566681964, 36.7504460426404], [-119.722725681973, 36.7504470431267], [-119.722778681676, 36.7504480428933], [-119.722764682331, 36.7513370432707], [-119.722763681608, 36.7514970427678], [-119.722760682133, 36.7519770428562], [-119.722760682133, 36.7521380429225], [-119.722756681935, 36.7521930432478], [-119.72275568211, 36.7522730428652], [-119.722751681912, 36.7526800429024], [-119.722751681912, 36.7528160430667], [-119.72275568211, 36.7529350431926], [-119.723388681772, 36.753012042837], [-119.72378968163, 36.7531360427562], [-119.724222683071, 36.7532690429228], [-119.724478683164, 36.753348043129], [-119.724529683218, 36.7533800430801], [-119.724571683051, 36.7534070429384]]]}, "properties": {"GEOID": "060190029051024", "P0010001": 34, "ALAND": 129963, "AWATER": 0}}, {"type": "Feature", "geometry": {"type": "Polygon", "coordinates": [[[-119.72378768198, 36.7528660427913], [-119.723777681934, 36.7529120428258], [-119.723739682299, 36.7529620432076], [-119.723682682398, 36.7529730431576], [-119.723595682359, 36.7529730431576], [-119.722819681684, 36.7528780432098], [-119.722773681653, 36.7528440428588], [-119.722751681912, 36.7528160430667], [-119.722751681912, 36.7526800429024], [-119.72275568211, 36.7522730428652], [-119.722756681935, 36.7521930432478], [-119.722760682133, 36.7521380429225], [-119.722962681799, 36.7521300428065], [-119.723155682143, 36.7521240428989], [-119.723568681697, 36.7521200432001], [-119.723771682086, 36.7521190427356], [-119.723777681934, 36.7524380427126], [-119.72378768198, 36.7528660427913]]]}, "properties": {"GEOID": "060190029051025", "P0010001": 42, "ALAND": 8157, "AWATER": 0}}, {"type": "Feature", "geometry": {"type": "Polygon", "coordinates": [[[-119.731882683974, 36.7537790423388], [-119.731313683887, 36.7536980416885], [-119.7309236839, 36.7536580433528], [-119.730704683616, 36.7536400432673], [-119.730306684132, 36.7536010431874], [-119.729587683358, 36.7535530426743], [-119.72958568281, 36.7534580427249], [-119.729576682589, 36.7526270416829], [-119.729572683289, 36.752255041735], [-119.730027682676, 36.7522570419408], [-119.731392684428, 36.7522650420436], [-119.731848683639, 36.7522680419919], [-119.731856684035, 36.752631042075], [-119.731869683556, 36.7532440417564], [-119.731878683776, 36.75365304185], [-119.731880684325, 36.7537220422633], [-119.731882683974, 36.7537790423388]]]}, "properties": {"GEOID": "060190029051026", "P0010001": 27, "ALAND": 31392, "AWATER": 0}}, {"type": "Feature", "geometry": {"type": "Polygon", "coordinates": [[[-119.734115683768, 36.7536130420514], [-119.734053683844, 36.7536280422482], [-119.731914683761, 36.7532780419299], [-119.731869683556, 36.7532440417564], [-119.731856684035, 36.752631042075], [-119.731848683639, 36.7522680419919], [-119.732300684449, 36.7522660417864], [-119.733658683834, 36.752263041838], [-119.73411168357, 36.7522620420951], [-119.734112684294, 36.7526280421408], [-119.734115683768, 36.7536130420514]]]}, "properties": {"GEOID": "060190029051027", "P0010001": 62, "ALAND": 26542, "AWATER": 0}}, {"type": "Feature", "geometry": {"type": "Polygon", "coordinates": [[[-119.734112684294, 36.7515280422989], [-119.73411168357, 36.7520780416721], [-119.73411168357, 36.7522620420951], [-119.733658683834, 36.752263041838], [-119.732300684449, 36.7522660417864], [-119.731848683639, 36.7522680419919], [-119.731848683639, 36.7520850420484], [-119.731852683837, 36.7515380419825], [-119.731853683662, 36.7513560422118], [-119.732304683749, 36.7513530422277], [-119.733661684207, 36.7513470422593], [-119.734113684118, 36.7513450420298], [-119.734112684294, 36.7515280422989]]]}, "properties": {"GEOID": "060190029051028", "P0010001": 58, "ALAND": 20495, "AWATER": 0}}, {"type": "Feature", "geometry": {"type": "Polygon", "coordinates": [[[-119.731852683837, 36.7515380419825], [-119.731848683639, 36.7520850420484], [-119.731848683639, 36.7522680419919], [-119.731392684428, 36.7522650420436], [-119.730027682676, 36.7522570419408], [-119.729572683289, 36.752255041735], [-119.729572683289, 36.752074041971], [-119.729573683114, 36.751533041781], [-119.729574682939, 36.7513530422277], [-119.730029683224, 36.7513530422277], [-119.731397683553, 36.7513550417372], [-119.731853683662, 36.7513560422118], [-119.731852683837, 36.7515380419825]]]}, "properties": {"GEOID": "060190029051029", "P0010001": 51, "ALAND": 20471, "AWATER": 0}}, {"type": "Feature", "geometry": {"type": "Polygon", "coordinates": [[[-119.729573683114, 36.751533041781], [-119.729572683289, 36.752074041971], [-119.729572683289, 36.752255041735], [-119.729117683005, 36.752254041992], [-119.727754682699, 36.7522530429687], [-119.727300683137, 36.7522530429687], [-119.72730768281, 36.7513450427496], [-119.727760683445, 36.7513460417847], [-119.729120683378, 36.7513510419984], [-119.729574682939, 36.7513530422277], [-119.729573683114, 36.751533041781]]]}, "properties": {"GEOID": "060190029051030", "P0010001": 47, "ALAND": 20351, "AWATER": 0}}, {"type": "Feature", "geometry": {"type": "Polygon", "coordinates": [[[-119.729587683358, 36.7535530426743], [-119.728791682591, 36.7535360430103], [-119.72866268272, 36.7535360430103], [-119.727322682879, 36.7534880431763], [-119.727326683077, 36.7534370426899], [-119.727327682902, 36.7534280429816], [-119.727306682985, 36.7529570430988], [-119.727299683312, 36.7527970430476], [-119.727300683137, 36.7522530429687], [-119.727754682699, 36.7522530429687], [-119.729117683005, 36.752254041992], [-119.729572683289, 36.752255041735], [-119.729576682589, 36.7526270416829], [-119.72958568281, 36.7534580427249], [-119.729587683358, 36.7535530426743]]]}, "properties": {"GEOID": "060190029051031", "P0010001": 47, "ALAND": 28607, "AWATER": 0}}, {"type": "Feature", "geometry": {"type": "Polygon", "coordinates": [[[-119.736338684415, 36.7515430421836], [-119.736331683844, 36.7520820420928], [-119.736329684194, 36.7522620420951], [-119.73588568378, 36.7522620420951], [-119.734554684159, 36.7522620420951], [-119.73411168357, 36.7522620420951], [-119.73411168357, 36.7520780416721], [-119.734112684294, 36.7515280422989], [-119.734113684118, 36.7513450420298], [-119.734558684357, 36.7513430418003], [-119.735665683672, 36.7513410422904], [-119.735895683826, 36.7513480420142], [-119.73634168389, 36.7513640416887], [-119.736338684415, 36.7515430421836]]]}, "properties": {"GEOID": "060190029051032", "P0010001": 42, "ALAND": 20192, "AWATER": 0}}, {"type": "Feature", "geometry": {"type": "Polygon", "coordinates": [[[-119.736353683585, 36.7506350421992], [-119.736343684438, 36.7511810417482], [-119.73634168389, 36.7513640416887], [-119.735895683826, 36.7513480420142], [-119.735665683672, 36.7513410422904], [-119.734558684357, 36.7513430418003], [-119.734113684118, 36.7513450420298], [-119.734114683943, 36.7511660417927], [-119.734120683791, 36.7506300419388], [-119.734121683616, 36.7505720419181], [-119.734115683768, 36.7504520419594], [-119.73456368438, 36.7504520419594], [-119.735908684244, 36.7504520419594], [-119.736357683783, 36.7504530417259], [-119.736353683585, 36.7506350421992]]]}, "properties": {"GEOID": "060190029051033", "P0010001": 46, "ALAND": 19758, "AWATER": 0}}, {"type": "Feature", "geometry": {"type": "Polygon", "coordinates": [[[-119.734120683791, 36.7506300419388], [-119.734114683943, 36.7511660417927], [-119.734113684118, 36.7513450420298], [-119.733661684207, 36.7513470422593], [-119.732304683749, 36.7513530422277], [-119.731853683662, 36.7513560422118], [-119.731859684408, 36.7511710420181], [-119.731868683731, 36.7509440421087], [-119.731862683883, 36.7506190416529], [-119.731860683335, 36.750435042328], [-119.73231168432, 36.7504380423479], [-119.733664683682, 36.7504480421735], [-119.734115683768, 36.7504520419594], [-119.734121683616, 36.7505720419181], [-119.734120683791, 36.7506300419388]]]}, "properties": {"GEOID": "060190029051034", "P0010001": 49, "ALAND": 20264, "AWATER": 0}}, {"type": "Feature", "geometry": {"type": "Polygon", "coordinates": [[[-119.731868683731, 36.7509440421087], [-119.731859684408, 36.7511710420181], [-119.731853683662, 36.7513560422118], [-119.731397683553, 36.7513550417372], [-119.730029683224, 36.7513530422277], [-119.729574682939, 36.7513530422277], [-119.729574682939, 36.751170042261], [-119.729576682589, 36.7506240419139], [-119.729577683312, 36.7504420421343], [-119.729831682857, 36.750435042328], [-119.730033683422, 36.750435042328], [-119.7314036834, 36.7504390421146], [-119.73168268306, 36.7504400418813], [-119.731860683335, 36.750435042328], [-119.731862683883, 36.7506190416529], [-119.731868683731, 36.7509440421087]]]}, "properties": {"GEOID": "060190029051035", "P0010001": 65, "ALAND": 20777, "AWATER": 0}}, {"type": "Feature", "geometry": {"type": "Polygon", "coordinates": [[[-119.729576682589, 36.7506240419139], [-119.729574682939, 36.751170042261], [-119.729574682939, 36.7513530422277], [-119.729120683378, 36.7513510419984], [-119.727760683445, 36.7513460417847], [-119.72730768281, 36.7513450427496], [-119.727315683206, 36.7504440416676], [-119.727767683118, 36.750443041901], [-119.729124682677, 36.7504420421343], [-119.729577683312, 36.7504420421343], [-119.729576682589, 36.7506240419139]]]}, "properties": {"GEOID": "060190029051036", "P0010001": 40, "ALAND": 20328, "AWATER": 0}}, {"type": "Feature", "geometry": {"type": "Polygon", "coordinates": [[[-119.72730768281, 36.7513450427496], [-119.727300683137, 36.7522530429687], [-119.727299683312, 36.7527970430476], [-119.726846682678, 36.7528050430941], [-119.725547682844, 36.7528280427732], [-119.72548768257, 36.7528300429641], [-119.7254156826, 36.7528340433456], [-119.725323683436, 36.7528200427291], [-119.725229682827, 36.7527860430724], [-119.725065682795, 36.752696043019], [-119.724927682703, 36.752589042986], [-119.724849682885, 36.7524950430223], [-119.724834682817, 36.7524780431238], [-119.72480268303, 36.7523880427091], [-119.724783681865, 36.7516180430027], [-119.724777682017, 36.7513230431008], [-119.724374681611, 36.7513250433309], [-119.723166682014, 36.751331043301], [-119.723106681739, 36.7513320430561], [-119.722764682331, 36.7513370432707], [-119.722778681676, 36.7504480428933], [-119.725042682331, 36.7504520426792], [-119.725496681892, 36.7504500431462], [-119.726860682921, 36.750445042154], [-119.727315683206, 36.7504440416676], [-119.72730768281, 36.7513450427496]]]}, "properties": {"GEOID": "060190029051037", "P0010001": 141, "ALAND": 54271, "AWATER": 21509}}, {"type": "Feature", "geometry": {"type": "Polygon", "coordinates": [[[-119.727326683077, 36.7534370426899], [-119.727322682879, 36.7534880431763], [-119.724662683287, 36.7534120430178], [-119.724571683051, 36.7534070429384], [-119.724529683218, 36.7533800430801], [-119.724478683164, 36.753348043129], [-119.724222683071, 36.7532690429228], [-119.72378968163, 36.7531360427562], [-119.723388681772, 36.753012042837], [-119.72275568211, 36.7529350431926], [-119.722751681912, 36.7528160430667], [-119.722773681653, 36.7528440428588], [-119.722819681684, 36.7528780432098], [-119.723595682359, 36.7529730431576], [-119.723682682398, 36.7529730431576], [-119.723739682299, 36.7529620432076], [-119.723777681934, 36.7529120428258], [-119.72378768198, 36.7528660427913], [-119.723777681934, 36.7524380427126], [-119.723771682086, 36.7521190427356], [-119.723568681697, 36.7521200432001], [-119.723155682143, 36.7521240428989], [-119.722962681799, 36.7521300428065], [-119.722760682133, 36.7521380429225], [-119.722760682133, 36.7519770428562], [-119.722763681608, 36.7514970427678], [-119.722764682331, 36.7513370432707], [-119.723106681739, 36.7513320430561], [-119.723166682014, 36.751331043301], [-119.724374681611, 36.7513250433309], [-119.724777682017, 36.7513230431008], [-119.724783681865, 36.7516180430027], [-119.72480268303, 36.7523880427091], [-119.724834682817, 36.7524780431238], [-119.724849682885, 36.7524950430223], [-119.724927682703, 36.752589042986], [-119.725065682795, 36.752696043019], [-119.725229682827, 36.7527860430724], [-119.725323683436, 36.7528200427291], [-119.7254156826, 36.7528340433456], [-119.72548768257, 36.7528300429641], [-119.725547682844, 36.7528280427732], [-119.726846682678, 36.7528050430941], [-119.727299683312, 36.7527970430476], [-119.727306682985, 36.7529570430988], [-119.727327682902, 36.7534280429816], [-119.727326683077, 36.7534370426899]]]}, "properties": {"GEOID": "060190029051038", "P0010001": 80, "ALAND": 45265, "AWATER": 0}}, {"type": "Feature", "geometry": {"type": "Polygon", "coordinates": [[[-119.722816683108, 36.761596043688], [-119.722499682915, 36.761596043688], [-119.721550682886, 36.7615970440289], [-119.721234683417, 36.7615980436502], [-119.72120468328, 36.7615980436502], [-119.72107368286, 36.7615700441745], [-119.721033682677, 36.7615620443224], [-119.720910682654, 36.7614930437644], [-119.720900682608, 36.7614860442467], [-119.720457682917, 36.7612070439291], [-119.720313682977, 36.7611580442303], [-119.7201396829, 36.7611430440666], [-119.719917683142, 36.7611410440925], [-119.719560682767, 36.7611400437456], [-119.719306683222, 36.7611430440666], [-119.718544681892, 36.7611540442829], [-119.718291682172, 36.7611580442303], [-119.718291682172, 36.7610070442713], [-119.718292681997, 36.7605550436846], [-119.718293681822, 36.7604050443342], [-119.718323681959, 36.7604140439437], [-119.718786681741, 36.7604150443001], [-119.719904682723, 36.7604200439227], [-119.720123683006, 36.7604150443001], [-119.720268682771, 36.760400043991], [-119.720312683152, 36.7603960440041], [-119.720513682994, 36.7603620441065], [-119.720752683368, 36.7603010438928], [-119.72095368321, 36.7605600440177], [-119.721043682723, 36.7606430438867], [-119.721135682785, 36.7607080437993], [-119.721249682587, 36.7607690436894], [-119.721346682672, 36.7608080437234], [-119.721475683442, 36.7608440441248], [-119.721645683321, 36.7608700438844], [-119.722346682755, 36.760877044178], [-119.722797682841, 36.7608830441207], [-119.722800683214, 36.7610250440675], [-119.72281268291, 36.7614530437358], [-119.722816683108, 36.761596043688]]]}, "properties": {"GEOID": "060190029061000", "P0010001": 147, "ALAND": 34556, "AWATER": 0}}, {"type": "Feature", "geometry": {"type": "Polygon", "coordinates": [[[-119.724417683065, 36.7613330442447], [-119.724179683414, 36.7613380438074], [-119.72413068301, 36.7613400437763], [-119.723991683093, 36.7613830441754], [-119.723891682635, 36.7614580440105], [-119.723821683213, 36.7615930441044], [-119.723808682795, 36.7617960439689], [-119.723808682795, 36.7618310442883], [-119.723812682993, 36.7620690437337], [-119.723615683349, 36.7620720440183], [-119.723025683345, 36.7620800438172], [-119.722829682628, 36.7620840437164], [-119.722826683154, 36.7619860439687], [-119.722818682758, 36.761693044314], [-119.722816683108, 36.761596043688], [-119.72281268291, 36.7614530437358], [-119.722800683214, 36.7610250440675], [-119.722797682841, 36.7608830441207], [-119.723201683072, 36.7608800437896], [-119.724294683041, 36.760875044197], [-119.724333683399, 36.7608850441015], [-119.724367682836, 36.7609030439264], [-119.724393682776, 36.760928044036], [-119.724409682669, 36.7609590440742], [-119.724417683065, 36.7613330442447]]]}, "properties": {"GEOID": "060190029061001", "P0010001": 65, "ALAND": 14828, "AWATER": 0}}, {"type": "Feature", "geometry": {"type": "Polygon", "coordinates": [[[-119.726285683884, 36.7614360436634], [-119.726277684387, 36.7615070442372], [-119.726269683991, 36.7615880438386], [-119.726230683633, 36.7617660438881], [-119.726193683823, 36.7618730440748], [-119.726146683967, 36.7619870443045], [-119.726083684218, 36.7621410440554], [-119.725985684309, 36.7621080438264], [-119.7258306836, 36.7620810441519], [-119.725662684268, 36.7620730443531], [-119.725635683606, 36.7620720440183], [-119.724267683277, 36.7620690437337], [-119.723812682993, 36.7620690437337], [-119.723808682795, 36.7618310442883], [-119.723808682795, 36.7617960439689], [-119.723821683213, 36.7615930441044], [-119.723891682635, 36.7614580440105], [-119.723991683093, 36.7613830441754], [-119.72413068301, 36.7613400437763], [-119.724179683414, 36.7613380438074], [-119.724417683065, 36.7613330442447], [-119.724497683431, 36.761328043962], [-119.724585683295, 36.761328043962], [-119.725091683633, 36.7613320439003], [-119.725260683687, 36.7613340438693], [-119.725369684365, 36.7613350442138], [-119.725464683902, 36.7613350442138], [-119.726076683647, 36.7613400437763], [-119.726281683686, 36.7613420437452], [-119.726285683884, 36.7614360436634]]]}, "properties": {"GEOID": "060190029061002", "P0010001": 72, "ALAND": 17445, "AWATER": 0}}, {"type": "Feature", "geometry": {"type": "Polygon", "coordinates": [[[-119.726281683686, 36.7613420437452], [-119.726076683647, 36.7613400437763], [-119.725464683902, 36.7613350442138], [-119.725369684365, 36.7613350442138], [-119.725260683687, 36.7613340438693], [-119.725091683633, 36.7613320439003], [-119.724585683295, 36.761328043962], [-119.724497683431, 36.761328043962], [-119.724417683065, 36.7613330442447], [-119.724409682669, 36.7609590440742], [-119.724393682776, 36.760928044036], [-119.724367682836, 36.7609030439264], [-119.724333683399, 36.7608850441015], [-119.724294683041, 36.760875044197], [-119.723201683072, 36.7608800437896], [-119.722797682841, 36.7608830441207], [-119.722796683016, 36.7607260436657], [-119.722794683367, 36.7602550439709], [-119.722794683367, 36.7600980436697], [-119.726275683839, 36.7601000429513], [-119.726281683686, 36.7613420437452]]]}, "properties": {"GEOID": "060190029061003", "P0010001": 122, "ALAND": 35356, "AWATER": 0}}, {"type": "Feature", "geometry": {"type": "Polygon", "coordinates": [[[-119.727341684043, 36.7601860429567], [-119.727339684394, 36.761787043802], [-119.727339684394, 36.7623210442041], [-119.727248684157, 36.7623280436456], [-119.727106683867, 36.762339043692], [-119.726975684346, 36.7623370437491], [-119.726884684109, 36.7623370437491], [-119.726735684146, 36.7623170443174], [-119.726720684077, 36.7623140440423], [-119.726594683681, 36.7622930442727], [-119.726241684402, 36.7621880438991], [-119.726083684218, 36.7621410440554], [-119.726146683967, 36.7619870443045], [-119.726193683823, 36.7618730440748], [-119.726230683633, 36.7617660438881], [-119.726269683991, 36.7615880438386], [-119.726277684387, 36.7615070442372], [-119.726285683884, 36.7614360436634], [-119.726281683686, 36.7613420437452], [-119.726275683839, 36.7601000429513], [-119.726261683595, 36.7592510431208], [-119.726254683024, 36.7591490432998], [-119.726215682666, 36.7590360428246], [-119.726152682917, 36.7589280433421], [-119.725885682953, 36.7587750432752], [-119.725720683096, 36.7586430429581], [-119.72605768338, 36.7583420432992], [-119.726132682825, 36.7582490428526], [-119.726174682658, 36.7581580430648], [-119.726182683054, 36.7580750426659], [-119.726164682612, 36.7574850431648], [-119.726346683085, 36.7574890433035], [-119.727311683008, 36.7574850431648], [-119.727312683731, 36.7577500429105], [-119.727316683929, 36.7585450431319], [-119.727318683579, 36.7588100428141], [-119.727321683952, 36.7589780426816], [-119.727331683998, 36.7594840429723], [-119.727335684196, 36.7596530431693], [-119.727342683868, 36.7599700427601], [-119.727341684043, 36.7601860429567]]]}, "properties": {"GEOID": "060190029061004", "P0010001": 132, "ALAND": 54169, "AWATER": 0}}, {"type": "Feature", "geometry": {"type": "Polygon", "coordinates": [[[-119.72125468261, 36.7600400443298], [-119.721198683432, 36.7600780436541], [-119.720995683043, 36.7601860436764], [-119.720878682867, 36.7602380443526], [-119.720784683155, 36.7602810439301], [-119.720752683368, 36.7603010438928], [-119.720513682994, 36.7603620441065], [-119.720312683152, 36.7603960440041], [-119.720268682771, 36.760400043991], [-119.720123683006, 36.7604150443001], [-119.719904682723, 36.7604200439227], [-119.718786681741, 36.7604150443001], [-119.718323681959, 36.7604140439437], [-119.718293681822, 36.7604050443342], [-119.718291682172, 36.7602290440028], [-119.718287681974, 36.7597020438296], [-119.718286682149, 36.7595270436923], [-119.718758682152, 36.7595320440925], [-119.720029683295, 36.7595490438672], [-119.720175682885, 36.7595340441085], [-119.720219683266, 36.7595300440764], [-119.72038868332, 36.7594760443421], [-119.720519682841, 36.759424043869], [-119.720614683276, 36.7593670436697], [-119.720765682889, 36.7594860437093], [-119.721221682998, 36.7598430441597], [-119.721373683334, 36.7599620441805], [-119.72125468261, 36.7600400443298]]]}, "properties": {"GEOID": "060190029061005", "P0010001": 218, "ALAND": 24225, "AWATER": 0}}, {"type": "Feature", "geometry": {"type": "Polygon", "coordinates": [[[-119.722797682841, 36.7608830441207], [-119.722346682755, 36.760877044178], [-119.721645683321, 36.7608700438844], [-119.721475683442, 36.7608440441248], [-119.721346682672, 36.7608080437234], [-119.721249682587, 36.7607690436894], [-119.721135682785, 36.7607080437993], [-119.721043682723, 36.7606430438867], [-119.72095368321, 36.7605600440177], [-119.720752683368, 36.7603010438928], [-119.720784683155, 36.7602810439301], [-119.720878682867, 36.7602380443526], [-119.720995683043, 36.7601860436764], [-119.721198683432, 36.7600780436541], [-119.72125468261, 36.7600400443298], [-119.721373683334, 36.7599620441805], [-119.721582682673, 36.7600430439741], [-119.721644682598, 36.7600540443482], [-119.721794683284, 36.7600810440166], [-119.722506682588, 36.7600930440261], [-119.722794683367, 36.7600980436697], [-119.722794683367, 36.7602550439709], [-119.722796683016, 36.7607260436657], [-119.722797682841, 36.7608830441207]]]}, "properties": {"GEOID": "060190029061006", "P0010001": 74, "ALAND": 14183, "AWATER": 0}}, {"type": "Feature", "geometry": {"type": "Polygon", "coordinates": [[[-119.722794683367, 36.7600980436697], [-119.722506682588, 36.7600930440261], [-119.721794683284, 36.7600810440166], [-119.721644682598, 36.7600540443482], [-119.721582682673, 36.7600430439741], [-119.721373683334, 36.7599620441805], [-119.721586682871, 36.7597440440622], [-119.721688682979, 36.7596280440834], [-119.721737683382, 36.7595320440925], [-119.721863682881, 36.7592350436518], [-119.721893683018, 36.7591220440229], [-119.721915682759, 36.7589050440524], [-119.721917683307, 36.757488042909], [-119.7219946833, 36.757488042909], [-119.722789683344, 36.7574910426531], [-119.722771682902, 36.7584510439888], [-119.722778682575, 36.7592750441174], [-119.722794683367, 36.7600980436697]]]}, "properties": {"GEOID": "060190029061007", "P0010001": 113, "ALAND": 24578, "AWATER": 0}}, {"type": "Feature", "geometry": {"type": "Polygon", "coordinates": [[[-119.726275683839, 36.7601000429513], [-119.722794683367, 36.7600980436697], [-119.722778682575, 36.7592750441174], [-119.725109683176, 36.7592700429808], [-119.725242683246, 36.7592610432371], [-119.725355683223, 36.7592440426788], [-119.72548768257, 36.7591850430404], [-119.725622683187, 36.7590510426807], [-119.725885682953, 36.7587750432752], [-119.726152682917, 36.7589280433421], [-119.726215682666, 36.7590360428246], [-119.726254683024, 36.7591490432998], [-119.726261683595, 36.7592510431208], [-119.726275683839, 36.7601000429513]]]}, "properties": {"GEOID": "060190029061008", "P0010001": 94, "ALAND": 31139, "AWATER": 0}}, {"type": "Feature", "geometry": {"type": "Polygon", "coordinates": [[[-119.725885682953, 36.7587750432752], [-119.725622683187, 36.7590510426807], [-119.72548768257, 36.7591850430404], [-119.725355683223, 36.7592440426788], [-119.725242683246, 36.7592610432371], [-119.725109683176, 36.7592700429808], [-119.722778682575, 36.7592750441174], [-119.722771682902, 36.7584510439888], [-119.725146682986, 36.7584450431361], [-119.725330683109, 36.75846104277], [-119.725464683003, 36.7585010429195], [-119.725577682981, 36.7585500428764], [-119.725720683096, 36.7586430429581], [-119.725885682953, 36.7587750432752]]]}, "properties": {"GEOID": "060190029061009", "P0010001": 110, "ALAND": 23385, "AWATER": 0}}, {"type": "Feature", "geometry": {"type": "Polygon", "coordinates": [[[-119.726174682658, 36.7581580430648], [-119.726132682825, 36.7582490428526], [-119.72605768338, 36.7583420432992], [-119.725720683096, 36.7586430429581], [-119.725577682981, 36.7585500428764], [-119.725464683003, 36.7585010429195], [-119.725330683109, 36.75846104277], [-119.725146682986, 36.7584450431361], [-119.722771682902, 36.7584510439888], [-119.722789683344, 36.7574910426531], [-119.722960683048, 36.7574890433035], [-119.726164682612, 36.7574850431648], [-119.726182683054, 36.7580750426659], [-119.726174682658, 36.7581580430648]]]}, "properties": {"GEOID": "060190029061010", "P0010001": 109, "ALAND": 32595, "AWATER": 0}}, {"type": "Feature", "geometry": {"type": "Polygon", "coordinates": [[[-119.721915682759, 36.7589050440524], [-119.721893683018, 36.7591220440229], [-119.721863682881, 36.7592350436518], [-119.721737683382, 36.7595320440925], [-119.721688682979, 36.7596280440834], [-119.721586682871, 36.7597440440622], [-119.721373683334, 36.7599620441805], [-119.721221682998, 36.7598430441597], [-119.720765682889, 36.7594860437093], [-119.720614683276, 36.7593670436697], [-119.720701683315, 36.7592880439044], [-119.720807682722, 36.7591260440763], [-119.720837682859, 36.7590490440914], [-119.720868682821, 36.7589720440292], [-119.720846682181, 36.757873044138], [-119.72083968161, 36.7574800440706], [-119.721917683307, 36.757488042909], [-119.721915682759, 36.7589050440524]]]}, "properties": {"GEOID": "060190029061011", "P0010001": 260, "ALAND": 23741, "AWATER": 0}}, {"type": "Feature", "geometry": {"type": "Polygon", "coordinates": [[[-119.720868682821, 36.7589720440292], [-119.720837682859, 36.7590490440914], [-119.720807682722, 36.7591260440763], [-119.720701683315, 36.7592880439044], [-119.720614683276, 36.7593670436697], [-119.720519682841, 36.759424043869], [-119.72038868332, 36.7594760443421], [-119.720219683266, 36.7595300440764], [-119.720175682885, 36.7595340441085], [-119.720029683295, 36.7595490438672], [-119.718758682152, 36.7595320440925], [-119.718286682149, 36.7595270436923], [-119.718275682279, 36.7592600443051], [-119.71827368173, 36.7591150442889], [-119.718261682035, 36.7578800439855], [-119.718258681662, 36.757469044047], [-119.718464682424, 36.7574790436759], [-119.718774682046, 36.7574790436759], [-119.7203226823, 36.7574790436759], [-119.72083968161, 36.7574800440706], [-119.720846682181, 36.757873044138], [-119.720868682821, 36.7589720440292]]]}, "properties": {"GEOID": "060190029061012", "P0010001": 458, "ALAND": 51700, "AWATER": 0}}, {"type": "Feature", "geometry": {"type": "Polygon", "coordinates": [[[-119.736333686189, 36.7651650433059], [-119.731788685161, 36.7651620438619], [-119.731267684754, 36.7651700440582], [-119.72970668498, 36.7651960437905], [-119.729186685297, 36.765205044277], [-119.728714685293, 36.7652040439831], [-119.727299684211, 36.7652030436892], [-119.726828684033, 36.7652030436892], [-119.726243684051, 36.7651990439528], [-119.724489683933, 36.7651880443166], [-119.724182683787, 36.7651870440225], [-119.723905683777, 36.7651900441851], [-119.722783684394, 36.7651850441539], [-119.719420683025, 36.7651730442214], [-119.718558683034, 36.7651700440582], [-119.718300683291, 36.765176043665], [-119.718300683291, 36.7651330439533], [-119.718301683116, 36.7650300437426], [-119.718301683116, 36.7650040439539], [-119.718302682941, 36.7649620437232], [-119.718302682941, 36.7649220440647], [-119.718302682941, 36.7648960442394], [-119.718302682941, 36.7648050437022], [-119.718303682766, 36.7647670438414], [-119.721908683087, 36.7647520436639], [-119.732723684947, 36.7647070431137], [-119.736328686166, 36.7646920429244], [-119.736328686166, 36.7647310431225], [-119.736329685991, 36.764741043244], [-119.736329685991, 36.7647850427552], [-119.736330685816, 36.7648960428002], [-119.736330685816, 36.7649180428743], [-119.73633168564, 36.7649630433006], [-119.736332686364, 36.7650310433191], [-119.736333686189, 36.7651650433059]]]}, "properties": {"GEOID": "060190029062000", "P0010001": 0, "ALAND": 80719, "AWATER": 0}}, {"type": "Feature", "geometry": {"type": "Polygon", "coordinates": [[[-119.736328686166, 36.7646920429244], [-119.732723684947, 36.7647070431137], [-119.721908683087, 36.7647520436639], [-119.718303682766, 36.7647670438414], [-119.718305683314, 36.7644220440536], [-119.718310683337, 36.7638060442442], [-119.718314682637, 36.7633900442469], [-119.71831768301, 36.7631340438466], [-119.718303682766, 36.7630480442681], [-119.718815682952, 36.7630410441727], [-119.718890683295, 36.7630250440549], [-119.718895683318, 36.7630090439338], [-119.718901683166, 36.7629550437703], [-119.718901683166, 36.7627360439167], [-119.720349682962, 36.7627630440804], [-119.719937683234, 36.7620570440334], [-119.71961168282, 36.7618380437745], [-119.719510683436, 36.7617900440976], [-119.71829768202, 36.7617950443502], [-119.71829568237, 36.7616670441137], [-119.718292681997, 36.7612850442517], [-119.718291682172, 36.7611580442303], [-119.718544681892, 36.7611540442829], [-119.719306683222, 36.7611430440666], [-119.719560682767, 36.7611400437456], [-119.719917683142, 36.7611410440925], [-119.7201396829, 36.7611430440666], [-119.720313682977, 36.7611580442303], [-119.720457682917, 36.7612070439291], [-119.720900682608, 36.7614860442467], [-119.720910682654, 36.7614930437644], [-119.721033682677, 36.7615620443224], [-119.72107368286, 36.7615700441745], [-119.72120468328, 36.7615980436502], [-119.721234683417, 36.7615980436502], [-119.721550682886, 36.7615970440289], [-119.722499682915, 36.761596043688], [-119.722816683108, 36.761596043688], [-119.722818682758, 36.761693044314], [-119.722826683154, 36.7619860439687], [-119.722829682628, 36.7620840437164], [-119.722827682978, 36.7622250439855], [-119.722821683131, 36.7626480439572], [-119.722819682583, 36.7627890439091], [-119.722817682933, 36.7629330438527], [-119.722813682735, 36.7633640439023], [-119.72281268291, 36.7635090438019], [-119.722813682735, 36.7636470441069], [-119.722819682583, 36.7640230440219], [-119.722823682781, 36.7640620438406], [-119.722837683024, 36.7641790438973], [-119.72284968272, 36.7641960440814], [-119.722887683253, 36.7642150441557], [-119.722953683375, 36.7642300437186], [-119.723003683604, 36.764227044238], [-119.723464683736, 36.7642260439314], [-119.725329684183, 36.7642250443443], [-119.725951683973, 36.7642250443443], [-119.726138683571, 36.7642170440495], [-119.726290683907, 36.7642300437186], [-119.726609683749, 36.7642880442078], [-119.726696683788, 36.7642970440812], [-119.726885683934, 36.7642940438837], [-119.727459684044, 36.7642950441894], [-119.729183684923, 36.7643010438648], [-119.729758684859, 36.7643030437564], [-119.730172685136, 36.7643050436481], [-119.731414685068, 36.7643140427999], [-119.731828685344, 36.7643170429966], [-119.732194685042, 36.7643210427792], [-119.733292685034, 36.7643350427357], [-119.733659684557, 36.7643400428224], [-119.733647684862, 36.7640720433297], [-119.733636684991, 36.763783042819], [-119.733604685204, 36.7636820428619], [-119.73354268528, 36.7635910430431], [-119.733476685157, 36.7635420427084], [-119.733294684684, 36.7634290429482], [-119.733067684903, 36.7632890430525], [-119.733200684973, 36.7631460426588], [-119.733600685006, 36.7627190426893], [-119.7337346849, 36.7625770430003], [-119.734213684576, 36.7628690432714], [-119.734909684885, 36.7632920432894], [-119.735111684551, 36.763394043358], [-119.73525768504, 36.7634200429729], [-119.735754685157, 36.7634200429729], [-119.736316685572, 36.7634220428875], [-119.73631868612, 36.7636760431382], [-119.736325685793, 36.7644380431603], [-119.736328686166, 36.7646920429244]], [[-119.722556682817, 36.7626880440822], [-119.722529683053, 36.7626670436953], [-119.722385683113, 36.7626290442143], [-119.721509682878, 36.7626450436951], [-119.721343683197, 36.7627040442702], [-119.72124168309, 36.7627520440948], [-119.72114568283, 36.7627790442528], [-119.721135682785, 36.7644410440719], [-119.721140682807, 36.7644890442486], [-119.721167682572, 36.7645320443214], [-119.721209683303, 36.7645530441976], [-119.722508683136, 36.7645640439248], [-119.722529683053, 36.7645640439248], [-119.722540682923, 36.7645320443214], [-119.722562682665, 36.7627150442627], [-119.722556682817, 36.7626880440822]]]}, "properties": {"GEOID": "060190029062001", "P0010001": 592, "ALAND": 198573, "AWATER": 0}}, {"type": "Feature", "geometry": {"type": "Polygon", "coordinates": [[[-119.720349682962, 36.7627630440804], [-119.718901683166, 36.7627360439167], [-119.718901683166, 36.7629550437703], [-119.718895683318, 36.7630090439338], [-119.718890683295, 36.7630250440549], [-119.718815682952, 36.7630410441727], [-119.718303682766, 36.7630480442681], [-119.718301683116, 36.7627970443528], [-119.718298682743, 36.7620450443311], [-119.71829768202, 36.7617950443502], [-119.719510683436, 36.7617900440976], [-119.71961168282, 36.7618380437745], [-119.719937683234, 36.7620570440334], [-119.720349682962, 36.7627630440804]]]}, "properties": {"GEOID": "060190029062002", "P0010001": 167, "ALAND": 18135, "AWATER": 0}}, {"type": "Feature", "geometry": {"type": "Polygon", "coordinates": [[[-119.725955684171, 36.7636530438329], [-119.725952683798, 36.7640810439481], [-119.725951683973, 36.7642250443443], [-119.725329684183, 36.7642250443443], [-119.723464683736, 36.7642260439314], [-119.723003683604, 36.764227044238], [-119.722953683375, 36.7642300437186], [-119.722887683253, 36.7642150441557], [-119.72284968272, 36.7641960440814], [-119.722837683024, 36.7641790438973], [-119.722823682781, 36.7640620438406], [-119.722819682583, 36.7640230440219], [-119.722813682735, 36.7636470441069], [-119.72281268291, 36.7635090438019], [-119.72344168417, 36.7635090438019], [-119.725328684358, 36.7635090438019], [-119.725957683821, 36.7635100441179], [-119.725955684171, 36.7636530438329]]]}, "properties": {"GEOID": "060190029062003", "P0010001": 120, "ALAND": 22238, "AWATER": 0}}, {"type": "Feature", "geometry": {"type": "Polygon", "coordinates": [[[-119.725964684392, 36.7629390443542], [-119.725958683646, 36.7633670441362], [-119.725957683821, 36.7635100441179], [-119.725328684358, 36.7635090438019], [-119.72344168417, 36.7635090438019], [-119.72281268291, 36.7635090438019], [-119.722813682735, 36.7633640439023], [-119.722817682933, 36.7629330438527], [-119.722819682583, 36.7627890439091], [-119.723448682944, 36.7627900442345], [-119.725336683855, 36.7627950437022], [-119.725966684042, 36.7627970443528], [-119.725964684392, 36.7629390443542]]]}, "properties": {"GEOID": "060190029062004", "P0010001": 105, "ALAND": 22335, "AWATER": 0}}, {"type": "Feature", "geometry": {"type": "Polygon", "coordinates": [[[-119.731834685192, 36.7637180433535], [-119.731829685169, 36.7641670430878], [-119.731828685344, 36.7643170429966], [-119.731414685068, 36.7643140427999], [-119.730172685136, 36.7643050436481], [-119.729758684859, 36.7643030437564], [-119.729758684859, 36.7641540441278], [-119.729758684859, 36.7637110440389], [-119.729759684684, 36.763563044295], [-119.730174684785, 36.7635640438906], [-119.731420684915, 36.7635670426775], [-119.731836684842, 36.7635690433079], [-119.731834685192, 36.7637180433535]]]}, "properties": {"GEOID": "060190029062005", "P0010001": 62, "ALAND": 15286, "AWATER": 0}}, {"type": "Feature", "geometry": {"type": "Polygon", "coordinates": [[[-119.726038684012, 36.7622680438883], [-119.7260056844, 36.7623630437223], [-119.725976684088, 36.7624620440376], [-119.725969684415, 36.7625580439595], [-119.725967683867, 36.7626620442192], [-119.725966684042, 36.7627970443528], [-119.725336683855, 36.7627950437022], [-119.723448682944, 36.7627900442345], [-119.722819682583, 36.7627890439091], [-119.722821683131, 36.7626480439572], [-119.722827682978, 36.7622250439855], [-119.722829682628, 36.7620840437164], [-119.723025683345, 36.7620800438172], [-119.723615683349, 36.7620720440183], [-119.723812682993, 36.7620690437337], [-119.724267683277, 36.7620690437337], [-119.725635683606, 36.7620720440183], [-119.725662684268, 36.7620730443531], [-119.7258306836, 36.7620810441519], [-119.725985684309, 36.7621080438264], [-119.726083684218, 36.7621410440554], [-119.726038684012, 36.7622680438883]]]}, "properties": {"GEOID": "060190029062006", "P0010001": 122, "ALAND": 22618, "AWATER": 0}}, {"type": "Feature", "geometry": {"type": "Polygon", "coordinates": [[[-119.733600685006, 36.7627190426893], [-119.733200684973, 36.7631460426588], [-119.733067684903, 36.7632890430525], [-119.733022684698, 36.7632700427488], [-119.732834685275, 36.7631470429795], [-119.73248668512, 36.7629190429205], [-119.732390684861, 36.7628760426629], [-119.732267684837, 36.7628440430748], [-119.732154684859, 36.7628280429159], [-119.732098684783, 36.7628230427307], [-119.731827684621, 36.7628000431696], [-119.731829685169, 36.7624790431629], [-119.731837684667, 36.761519043304], [-119.73184068504, 36.7611990433195], [-119.732022684615, 36.7611990433195], [-119.732569684961, 36.7611990433195], [-119.732752685259, 36.761200042946], [-119.732759684932, 36.7615770429649], [-119.732764684955, 36.7617950429109], [-119.732786684696, 36.7619120428278], [-119.732826684879, 36.7619930427211], [-119.732896685199, 36.7620560429788], [-119.733009685177, 36.7621330428236], [-119.733412684685, 36.7623800428696], [-119.7337346849, 36.7625770430003], [-119.733600685006, 36.7627190426893]]]}, "properties": {"GEOID": "060190029062007", "P0010001": 89, "ALAND": 22698, "AWATER": 0}}, {"type": "Feature", "geometry": {"type": "Polygon", "coordinates": [[[-119.736324685968, 36.7628280429159], [-119.736317686295, 36.7632730429865], [-119.736316685572, 36.7634220428875], [-119.735754685157, 36.7634200429729], [-119.73525768504, 36.7634200429729], [-119.735111684551, 36.763394043358], [-119.734909684885, 36.7632920432894], [-119.734213684576, 36.7628690432714], [-119.7337346849, 36.7625770430003], [-119.733412684685, 36.7623800428696], [-119.733009685177, 36.7621330428236], [-119.732896685199, 36.7620560429788], [-119.732826684879, 36.7619930427211], [-119.732786684696, 36.7619120428278], [-119.732764684955, 36.7617950429109], [-119.732759684932, 36.7615770429649], [-119.732752685259, 36.761200042946], [-119.732953685101, 36.7612100428081], [-119.733077684949, 36.7612510433089], [-119.733247684828, 36.7613340431497], [-119.733261685072, 36.7613410426813], [-119.734575684974, 36.7621600431995], [-119.735018684665, 36.7624360426587], [-119.735215685207, 36.7625560433027], [-119.735253684842, 36.7625720427987], [-119.735392684759, 36.7626320430378], [-119.735492685216, 36.7626600428454], [-119.735629684585, 36.7626800429074], [-119.736054684733, 36.7626800429074], [-119.736327686341, 36.7626800429074], [-119.736324685968, 36.7628280429159]]]}, "properties": {"GEOID": "060190029062008", "P0010001": 130, "ALAND": 30676, "AWATER": 0}}, {"type": "Feature", "geometry": {"type": "Polygon", "coordinates": [[[-119.729758684859, 36.7637110440389], [-119.729758684859, 36.7641540441278], [-119.729758684859, 36.7643030437564], [-119.729183684923, 36.7643010438648], [-119.727459684044, 36.7642950441894], [-119.726885683934, 36.7642940438837], [-119.726884684109, 36.7639020439232], [-119.726884684109, 36.7627280441863], [-119.726884684109, 36.7623370437491], [-119.726975684346, 36.7623370437491], [-119.727106683867, 36.762339043692], [-119.727248684157, 36.7623280436456], [-119.727339684394, 36.7623210442041], [-119.727403683968, 36.7623140440423], [-119.727502683702, 36.7623040443241], [-119.727596684312, 36.7622840441641], [-119.727660683886, 36.7622710441652], [-119.727724684358, 36.7623660439954], [-119.727778683886, 36.762446043799], [-119.727774683689, 36.7626950442098], [-119.727773683864, 36.762811043868], [-119.727772684039, 36.7629610442701], [-119.727772684039, 36.7634110437161], [-119.727772684039, 36.7635620439797], [-119.728169683699, 36.7635620439797], [-119.7293616843, 36.7635620439797], [-119.729759684684, 36.763563044295], [-119.729758684859, 36.7637110440389]]]}, "properties": {"GEOID": "060190029062009", "P0010001": 130, "ALAND": 31863, "AWATER": 0}}, {"type": "Feature", "geometry": {"type": "Polygon", "coordinates": [[[-119.722562682665, 36.7627150442627], [-119.722540682923, 36.7645320443214], [-119.722529683053, 36.7645640439248], [-119.722508683136, 36.7645640439248], [-119.721209683303, 36.7645530441976], [-119.721167682572, 36.7645320443214], [-119.721140682807, 36.7644890442486], [-119.721135682785, 36.7644410440719], [-119.72114568283, 36.7627790442528], [-119.72124168309, 36.7627520440948], [-119.721343683197, 36.7627040442702], [-119.721509682878, 36.7626450436951], [-119.722385683113, 36.7626290442143], [-119.722529683053, 36.7626670436953], [-119.722556682817, 36.7626880440822], [-119.722562682665, 36.7627150442627]]]}, "properties": {"GEOID": "060190029062010", "P0010001": 281, "ALAND": 26538, "AWATER": 0}}, {"type": "Feature", "geometry": {"type": "Polygon", "coordinates": [[[-119.726885683934, 36.7642940438837], [-119.726696683788, 36.7642970440812], [-119.726609683749, 36.7642880442078], [-119.726290683907, 36.7642300437186], [-119.726138683571, 36.7642170440495], [-119.725951683973, 36.7642250443443], [-119.725952683798, 36.7640810439481], [-119.725955684171, 36.7636530438329], [-119.725957683821, 36.7635100441179], [-119.725958683646, 36.7633670441362], [-119.725964684392, 36.7629390443542], [-119.725966684042, 36.7627970443528], [-119.725967683867, 36.7626620442192], [-119.725969684415, 36.7625580439595], [-119.725976684088, 36.7624620440376], [-119.7260056844, 36.7623630437223], [-119.726038684012, 36.7622680438883], [-119.726083684218, 36.7621410440554], [-119.726241684402, 36.7621880438991], [-119.726594683681, 36.7622930442727], [-119.726720684077, 36.7623140440423], [-119.726735684146, 36.7623170443174], [-119.726884684109, 36.7623370437491], [-119.726884684109, 36.7627280441863], [-119.726884684109, 36.7639020439232], [-119.726885683934, 36.7642940438837]]]}, "properties": {"GEOID": "060190029062011", "P0010001": 94, "ALAND": 18275, "AWATER": 0}}, {"type": "Feature", "geometry": {"type": "Polygon", "coordinates": [[[-119.733659684557, 36.7643400428224], [-119.733292685034, 36.7643350427357], [-119.732194685042, 36.7643210427792], [-119.731828685344, 36.7643170429966], [-119.731829685169, 36.7641670430878], [-119.731834685192, 36.7637180433535], [-119.731836684842, 36.7635690433079], [-119.731834685192, 36.7634150428262], [-119.731828685344, 36.7629530431238], [-119.731827684621, 36.7628000431696], [-119.732098684783, 36.7628230427307], [-119.732154684859, 36.7628280429159], [-119.732267684837, 36.7628440430748], [-119.732390684861, 36.7628760426629], [-119.73248668512, 36.7629190429205], [-119.732834685275, 36.7631470429795], [-119.733022684698, 36.7632700427488], [-119.733067684903, 36.7632890430525], [-119.733294684684, 36.7634290429482], [-119.733476685157, 36.7635420427084], [-119.73354268528, 36.7635910430431], [-119.733604685204, 36.7636820428619], [-119.733636684991, 36.763783042819], [-119.733647684862, 36.7640720433297], [-119.733659684557, 36.7643400428224]]]}, "properties": {"GEOID": "060190029062012", "P0010001": 106, "ALAND": 21549, "AWATER": 0}}, {"type": "Feature", "geometry": {"type": "Polygon", "coordinates": [[[-119.731837684667, 36.761519043304], [-119.731829685169, 36.7624790431629], [-119.731827684621, 36.7628000431696], [-119.731644685221, 36.7628020431005], [-119.73109668505, 36.7628100428232], [-119.730914684577, 36.7628140426842], [-119.730910685277, 36.7625390427551], [-119.730905685255, 36.7620670430641], [-119.730884685338, 36.7619930427211], [-119.730811684645, 36.7618940432397], [-119.730693683746, 36.7618000431632], [-119.730479684384, 36.7616300430385], [-119.730274684344, 36.7615050428333], [-119.729659684226, 36.7611330427563], [-119.729580683685, 36.7610850433579], [-119.729454684187, 36.7610090428095], [-119.729283683584, 36.7609060428173], [-119.728773683946, 36.7605970427305], [-119.728603684067, 36.7604940429047], [-119.728731684114, 36.7603610430298], [-119.729116684078, 36.7599650431082], [-119.729245683949, 36.75983304268], [-119.729504684416, 36.7599880427997], [-119.730282683842, 36.7604550427109], [-119.730542684133, 36.7606110426472], [-119.730766684439, 36.7607460427926], [-119.73079068383, 36.7607610430341], [-119.731203684282, 36.7610260429766], [-119.731422684565, 36.761142043], [-119.731550684612, 36.7611770428982], [-119.73166368459, 36.7611930426818], [-119.73184068504, 36.7611990433195], [-119.731837684667, 36.761519043304]]]}, "properties": {"GEOID": "060190029062013", "P0010001": 167, "ALAND": 36744, "AWATER": 0}}, {"type": "Feature", "geometry": {"type": "Polygon", "coordinates": [[[-119.731836684842, 36.7635690433079], [-119.731420684915, 36.7635670426775], [-119.730174684785, 36.7635640438906], [-119.729759684684, 36.763563044295], [-119.7293616843, 36.7635620439797], [-119.728169683699, 36.7635620439797], [-119.727772684039, 36.7635620439797], [-119.727772684039, 36.7634110437161], [-119.727772684039, 36.7629610442701], [-119.727773683864, 36.762811043868], [-119.728401684401, 36.762811043868], [-119.730285685113, 36.7628130430788], [-119.730914684577, 36.7628140426842], [-119.73109668505, 36.7628100428232], [-119.731644685221, 36.7628020431005], [-119.731827684621, 36.7628000431696], [-119.731828685344, 36.7629530431238], [-119.731834685192, 36.7634150428262], [-119.731836684842, 36.7635690433079]]]}, "properties": {"GEOID": "060190029062014", "P0010001": 152, "ALAND": 30289, "AWATER": 0}}, {"type": "Feature", "geometry": {"type": "Polygon", "coordinates": [[[-119.730914684577, 36.7628140426842], [-119.730285685113, 36.7628130430788], [-119.728401684401, 36.762811043868], [-119.727773683864, 36.762811043868], [-119.727774683689, 36.7626950442098], [-119.727778683886, 36.762446043799], [-119.727724684358, 36.7623660439954], [-119.727660683886, 36.7622710441652], [-119.72778168426, 36.7622360440466], [-119.72789968426, 36.7622020442451], [-119.728058684269, 36.7621380437735], [-119.728137683912, 36.7621110441095], [-119.728257683562, 36.7620710429639], [-119.728733683763, 36.7620710429639], [-119.729793684121, 36.7620710429639], [-119.729933683863, 36.7620580429289], [-119.730071683955, 36.7620080427186], [-119.730133683879, 36.7619560432425], [-119.73021268442, 36.7618920432852], [-119.730479684384, 36.7616300430385], [-119.730693683746, 36.7618000431632], [-119.730811684645, 36.7618940432397], [-119.730884685338, 36.7619930427211], [-119.730905685255, 36.7620670430641], [-119.730910685277, 36.7625390427551], [-119.730914684577, 36.7628140426842]]]}, "properties": {"GEOID": "060190029062015", "P0010001": 89, "ALAND": 24894, "AWATER": 0}}, {"type": "Feature", "geometry": {"type": "Polygon", "coordinates": [[[-119.73184068504, 36.7611990433195], [-119.73166368459, 36.7611930426818], [-119.731550684612, 36.7611770428982], [-119.731422684565, 36.761142043], [-119.731203684282, 36.7610260429766], [-119.73079068383, 36.7607610430341], [-119.730766684439, 36.7607460427926], [-119.730542684133, 36.7606110426472], [-119.730282683842, 36.7604550427109], [-119.729504684416, 36.7599880427997], [-119.729245683949, 36.75983304268], [-119.729358683927, 36.7597180432012], [-119.729697683861, 36.7593740426611], [-119.729811683664, 36.7592600428657], [-119.730180683735, 36.7594770432713], [-119.730367684231, 36.7595870427151], [-119.730469684338, 36.7596410430909], [-119.730581683593, 36.7596890426734], [-119.730714683662, 36.7597120431673], [-119.730832683663, 36.7597210428581], [-119.731409684146, 36.7597300432675], [-119.731838683593, 36.7597370429455], [-119.731838683593, 36.7598830428689], [-119.73183868539, 36.760320042773], [-119.73183868539, 36.760467042662], [-119.73183868539, 36.7606130433548], [-119.731839685215, 36.7610520426745], [-119.73184068504, 36.7611990433195]]]}, "properties": {"GEOID": "060190029062016", "P0010001": 116, "ALAND": 25335, "AWATER": 0}}, {"type": "Feature", "geometry": {"type": "Polygon", "coordinates": [[[-119.735227684902, 36.7620920427944], [-119.735222684879, 36.7621120430044], [-119.735202684788, 36.7622090429778], [-119.735018684665, 36.7624360426587], [-119.734575684974, 36.7621600431995], [-119.733261685072, 36.7613410426813], [-119.733247684828, 36.7613340431497], [-119.733077684949, 36.7612510433089], [-119.732953685101, 36.7612100428081], [-119.732752685259, 36.761200042946], [-119.732569684961, 36.7611990433195], [-119.732022684615, 36.7611990433195], [-119.73184068504, 36.7611990433195], [-119.731839685215, 36.7610520426745], [-119.73183868539, 36.7606130433548], [-119.73183868539, 36.760467042662], [-119.732351685401, 36.7604690426536], [-119.733089684645, 36.7604740429923], [-119.733273684768, 36.7604890432869], [-119.733431684951, 36.7605370430584], [-119.733574685067, 36.7606090426593], [-119.733823684589, 36.760763043018], [-119.73426068533, 36.7610330432559], [-119.73458768467, 36.7612460430208], [-119.734920684756, 36.7614640431881], [-119.735064684696, 36.7615770429649], [-119.735197684765, 36.761723042984], [-119.735244684621, 36.7618880426564], [-119.735227684902, 36.7620920427944]]]}, "properties": {"GEOID": "060190029062017", "P0010001": 124, "ALAND": 27862, "AWATER": 0}}, {"type": "Feature", "geometry": {"type": "Polygon", "coordinates": [[[-119.736348685359, 36.7613630430555], [-119.736071685349, 36.7614050430983], [-119.735712685324, 36.7614050430983], [-119.735710684776, 36.7622280428247], [-119.735606685019, 36.7625870426829], [-119.735629684585, 36.7626800429074], [-119.735492685216, 36.7626600428454], [-119.735392684759, 36.7626320430378], [-119.735253684842, 36.7625720427987], [-119.735215685207, 36.7625560433027], [-119.735018684665, 36.7624360426587], [-119.735202684788, 36.7622090429778], [-119.735222684879, 36.7621120430044], [-119.735227684902, 36.7620920427944], [-119.735244684621, 36.7618880426564], [-119.735197684765, 36.761723042984], [-119.735064684696, 36.7615770429649], [-119.734920684756, 36.7614640431881], [-119.73458768467, 36.7612460430208], [-119.73426068533, 36.7610330432559], [-119.734374685133, 36.7609170430676], [-119.734717685264, 36.7605690428893], [-119.734832684892, 36.7604540430748], [-119.7351136851, 36.7606290432561], [-119.735679684814, 36.7609810431187], [-119.735763685378, 36.7610190426966], [-119.73587968483, 36.7610360428614], [-119.735998684656, 36.7610380428383], [-119.736330684917, 36.7610440427683], [-119.736332684567, 36.7611070430859], [-119.736336684765, 36.7612300432482], [-119.736342684613, 36.7612990433232], [-119.736348685359, 36.7613630430555]]]}, "properties": {"GEOID": "060190029062018", "P0010001": 65, "ALAND": 17513, "AWATER": 0}}, {"type": "Feature", "geometry": {"type": "Polygon", "coordinates": [[[-119.736343685336, 36.7616260431156], [-119.736330684917, 36.7624160432527], [-119.736327686341, 36.7626800429074], [-119.736054684733, 36.7626800429074], [-119.735629684585, 36.7626800429074], [-119.735606685019, 36.7625870426829], [-119.735710684776, 36.7622280428247], [-119.735712685324, 36.7614050430983], [-119.736071685349, 36.7614050430983], [-119.736348685359, 36.7613630430555], [-119.736343685336, 36.7616260431156]]]}, "properties": {"GEOID": "060190029062019", "P0010001": 30, "ALAND": 8232, "AWATER": 0}}, {"type": "Feature", "geometry": {"type": "Polygon", "coordinates": [[[-119.731851684012, 36.7579380427996], [-119.731841683967, 36.7592870428136], [-119.731840684142, 36.7593780427014], [-119.731838683593, 36.7597370429455], [-119.731409684146, 36.7597300432675], [-119.730832683663, 36.7597210428581], [-119.730714683662, 36.7597120431673], [-119.730581683593, 36.7596890426734], [-119.730469684338, 36.7596410430909], [-119.730367684231, 36.7595870427151], [-119.730180683735, 36.7594770432713], [-119.729811683664, 36.7592600428657], [-119.729664684249, 36.7591650427868], [-119.729224684033, 36.7588800432834], [-119.729197684269, 36.7588630426406], [-119.72907568407, 36.7587910428402], [-119.729021683643, 36.7587020430134], [-119.729009683948, 36.7585990428019], [-119.729007684298, 36.7585420427093], [-119.728988684032, 36.7577510433016], [-119.728982684184, 36.757488042909], [-119.729103683659, 36.7574860428396], [-119.729466683882, 36.7574830430953], [-119.729588684081, 36.7574820427007], [-119.730041683818, 36.7574830430953], [-119.73140168375, 36.7574870432341], [-119.73185568421, 36.7574890433035], [-119.731851684012, 36.7579380427996]]]}, "properties": {"GEOID": "060190029062020", "P0010001": 91, "ALAND": 55510, "AWATER": 0}}, {"type": "Feature", "geometry": {"type": "Polygon", "coordinates": [[[-119.729697683861, 36.7593740426611], [-119.729358683927, 36.7597180432012], [-119.729245683949, 36.75983304268], [-119.728872683681, 36.7595950427732], [-119.72779468378, 36.7589080430214], [-119.727750684297, 36.7588880426955], [-119.727676683779, 36.7588560428829], [-119.727532683839, 36.7588320431946], [-119.727318683579, 36.7588100428141], [-119.727316683929, 36.7585450431319], [-119.727312683731, 36.7577500429105], [-119.727311683008, 36.7574850431648], [-119.727645683817, 36.7574850431648], [-119.728647684448, 36.7574870432341], [-119.728982684184, 36.757488042909], [-119.728988684032, 36.7577510433016], [-119.729007684298, 36.7585420427093], [-119.729009683948, 36.7585990428019], [-119.729021683643, 36.7587020430134], [-119.72907568407, 36.7587910428402], [-119.729197684269, 36.7588630426406], [-119.729224684033, 36.7588800432834], [-119.729664684249, 36.7591650427868], [-119.729811683664, 36.7592600428657], [-119.729697683861, 36.7593740426611]]]}, "properties": {"GEOID": "060190029062021", "P0010001": 63, "ALAND": 32923, "AWATER": 0}}, {"type": "Feature", "geometry": {"type": "Polygon", "coordinates": [[[-119.729116684078, 36.7599650431082], [-119.728731684114, 36.7603610430298], [-119.728603684067, 36.7604940429047], [-119.728471683823, 36.7606200429522], [-119.728387684157, 36.7607110426978], [-119.728370684439, 36.7607390432068], [-119.728306683966, 36.7608520433321], [-119.728266683783, 36.7610000432699], [-119.728257683562, 36.7610910432843], [-119.728257683562, 36.7617320431585], [-119.728257683562, 36.7620710429639], [-119.728137683912, 36.7621110441095], [-119.728058684269, 36.7621380437735], [-119.72789968426, 36.7622020442451], [-119.72778168426, 36.7622360440466], [-119.727660683886, 36.7622710441652], [-119.727596684312, 36.7622840441641], [-119.727502683702, 36.7623040443241], [-119.727403683968, 36.7623140440423], [-119.727339684394, 36.7623210442041], [-119.727339684394, 36.761787043802], [-119.727341684043, 36.7601860429567], [-119.727342683868, 36.7599700427601], [-119.727335684196, 36.7596530431693], [-119.727331683998, 36.7594840429723], [-119.727321683952, 36.7589780426816], [-119.727318683579, 36.7588100428141], [-119.727532683839, 36.7588320431946], [-119.727676683779, 36.7588560428829], [-119.727750684297, 36.7588880426955], [-119.72779468378, 36.7589080430214], [-119.728872683681, 36.7595950427732], [-119.729245683949, 36.75983304268], [-119.729116684078, 36.7599650431082]]]}, "properties": {"GEOID": "060190029062022", "P0010001": 148, "ALAND": 37934, "AWATER": 0}}, {"type": "Feature", "geometry": {"type": "Polygon", "coordinates": [[[-119.730479684384, 36.7616300430385], [-119.73021268442, 36.7618920432852], [-119.730133683879, 36.7619560432425], [-119.730071683955, 36.7620080427186], [-119.729933683863, 36.7620580429289], [-119.729793684121, 36.7620710429639], [-119.728733683763, 36.7620710429639], [-119.728257683562, 36.7620710429639], [-119.728257683562, 36.7617320431585], [-119.728257683562, 36.7610910432843], [-119.728266683783, 36.7610000432699], [-119.728306683966, 36.7608520433321], [-119.728370684439, 36.7607390432068], [-119.728387684157, 36.7607110426978], [-119.728471683823, 36.7606200429522], [-119.728603684067, 36.7604940429047], [-119.728773683946, 36.7605970427305], [-119.729283683584, 36.7609060428173], [-119.729454684187, 36.7610090428095], [-119.729580683685, 36.7610850433579], [-119.729659684226, 36.7611330427563], [-119.730274684344, 36.7615050428333], [-119.730479684384, 36.7616300430385]]]}, "properties": {"GEOID": "060190029062023", "P0010001": 77, "ALAND": 22441, "AWATER": 0}}, {"type": "Feature", "geometry": {"type": "Polygon", "coordinates": [[[-119.73412768526, 36.7594490430213], [-119.73412768526, 36.7594650431654], [-119.734097685123, 36.7595550431941], [-119.734037684849, 36.7596470431303], [-119.733860685297, 36.7598480430999], [-119.733737685273, 36.7597860428325], [-119.733639685364, 36.7597620427155], [-119.733515684617, 36.7597430429774], [-119.733470685309, 36.7597380433107], [-119.7333726854, 36.7597270428913], [-119.732246684921, 36.7597340432892], [-119.731838683593, 36.7597370429455], [-119.731840684142, 36.7593780427014], [-119.731841683967, 36.7592870428136], [-119.731851684012, 36.7579380427996], [-119.73185568421, 36.7574890433035], [-119.732303683924, 36.7574910426531], [-119.733647684862, 36.7574970428607], [-119.734096685298, 36.7575000433241], [-119.734104684796, 36.7579870431161], [-119.734128685085, 36.7593000433182], [-119.73412768526, 36.7594490430213]]]}, "properties": {"GEOID": "060190029062024", "P0010001": 53, "ALAND": 50361, "AWATER": 0}}, {"type": "Feature", "geometry": {"type": "Polygon", "coordinates": [[[-119.734717685264, 36.7605690428893], [-119.734374685133, 36.7609170430676], [-119.73426068533, 36.7610330432559], [-119.733823684589, 36.760763043018], [-119.733574685067, 36.7606090426593], [-119.733431684951, 36.7605370430584], [-119.733273684768, 36.7604890432869], [-119.733089684645, 36.7604740429923], [-119.732351685401, 36.7604690426536], [-119.73183868539, 36.760467042662], [-119.73183868539, 36.760320042773], [-119.731838683593, 36.7598830428689], [-119.731838683593, 36.7597370429455], [-119.732246684921, 36.7597340432892], [-119.7333726854, 36.7597270428913], [-119.733470685309, 36.7597380433107], [-119.733515684617, 36.7597430429774], [-119.733639685364, 36.7597620427155], [-119.733737685273, 36.7597860428325], [-119.733860685297, 36.7598480430999], [-119.734054684567, 36.7599690431176], [-119.734637684898, 36.760332042745], [-119.734832684892, 36.7604540430748], [-119.734717685264, 36.7605690428893]]]}, "properties": {"GEOID": "060190029062025", "P0010001": 126, "ALAND": 21856, "AWATER": 0}}, {"type": "Feature", "geometry": {"type": "Polygon", "coordinates": [[[-119.736341684788, 36.75923404328], [-119.73633568494, 36.759387043151], [-119.736106684611, 36.7593840427614], [-119.735423684721, 36.7593750430311], [-119.735195685115, 36.7593730430109], [-119.735180685047, 36.7596110428868], [-119.735155684932, 36.7600170432145], [-119.735110684726, 36.760123043322], [-119.735070685442, 36.7601900429546], [-119.734999685297, 36.7602640428782], [-119.734989685251, 36.7602740428624], [-119.734832684892, 36.7604540430748], [-119.734637684898, 36.760332042745], [-119.734054684567, 36.7599690431176], [-119.733860685297, 36.7598480430999], [-119.734037684849, 36.7596470431303], [-119.734097685123, 36.7595550431941], [-119.73412768526, 36.7594650431654], [-119.73412768526, 36.7594490430213], [-119.734128685085, 36.7593000433182], [-119.734104684796, 36.7579870431161], [-119.734096685298, 36.7575000433241], [-119.734460685346, 36.7574940431168], [-119.734545684837, 36.7574980432551], [-119.73476668477, 36.757510042949], [-119.735103685054, 36.7575660426953], [-119.735595685148, 36.757658042858], [-119.73579468534, 36.7576960426428], [-119.73587968483, 36.7576980427066], [-119.73604968471, 36.757704042898], [-119.736329685092, 36.7576980427066], [-119.736329685092, 36.7578820433249], [-119.736329685092, 36.7584370429581], [-119.736329685092, 36.7586220429031], [-119.736332684567, 36.7587750432752], [-119.736342684613, 36.7592140430391], [-119.736341684788, 36.75923404328]]]}, "properties": {"GEOID": "060190029062026", "P0010001": 145, "ALAND": 48828, "AWATER": 0}}, {"type": "Feature", "geometry": {"type": "Polygon", "coordinates": [[[-119.736334685115, 36.7594160430734], [-119.73633368529, 36.759502043126], [-119.73633368529, 36.7595320426531], [-119.736331684742, 36.7597110428018], [-119.736327685442, 36.7602470432619], [-119.736326684719, 36.760427042818], [-119.736326684719, 36.7605500433512], [-119.736329685092, 36.7609200426776], [-119.736330684917, 36.7610440427683], [-119.735998684656, 36.7610380428383], [-119.73587968483, 36.7610360428614], [-119.735763685378, 36.7610190426966], [-119.735679684814, 36.7609810431187], [-119.7351136851, 36.7606290432561], [-119.734832684892, 36.7604540430748], [-119.734989685251, 36.7602740428624], [-119.734999685297, 36.7602640428782], [-119.735070685442, 36.7601900429546], [-119.735110684726, 36.760123043322], [-119.735155684932, 36.7600170432145], [-119.735180685047, 36.7596110428868], [-119.735195685115, 36.7593730430109], [-119.735423684721, 36.7593750430311], [-119.736106684611, 36.7593840427614], [-119.73633568494, 36.759387043151], [-119.736334685115, 36.7594160430734]]]}, "properties": {"GEOID": "060190029062027", "P0010001": 73, "ALAND": 18919, "AWATER": 0}}, {"type": "Feature", "geometry": {"type": "Polygon", "coordinates": [[[-119.718302682941, 36.7648050437022], [-119.718302682941, 36.7648960442394], [-119.718302682941, 36.7649220440647], [-119.718302682941, 36.7649620437232], [-119.718301683116, 36.7650040439539], [-119.718301683116, 36.7650300437426], [-119.718300683291, 36.7651330439533], [-119.718300683291, 36.765176043665], [-119.716816682612, 36.765167045334], [-119.714679682179, 36.7651560449736], [-119.707008681405, 36.7651150451212], [-119.704459681244, 36.7651180452866], [-119.70381667974, 36.7651280453576], [-119.702762680129, 36.7651460463456], [-119.702268680384, 36.765179045987], [-119.702050679926, 36.7652060460101], [-119.70149968028, 36.7653090459845], [-119.701098680422, 36.7653470462964], [-119.700765680336, 36.7653560460456], [-119.700365680303, 36.7653540461814], [-119.700210679594, 36.7653490461608], [-119.70021668034, 36.7652590457347], [-119.700235679709, 36.7649930457291], [-119.700237680257, 36.7649760457217], [-119.70024268028, 36.7649040459027], [-119.700244679929, 36.7648660460909], [-119.700247680302, 36.7648350461925], [-119.70025368015, 36.7647520458228], [-119.700256679625, 36.7647150462359], [-119.702275680057, 36.7647110457544], [-119.702803680137, 36.7647100447344], [-119.708333681178, 36.7647300449814], [-119.708980681083, 36.7647330451619], [-119.710351681785, 36.7647930451497], [-119.711941681872, 36.7648040448425], [-119.712212682033, 36.7648070450201], [-119.716712682854, 36.7647770446777], [-119.718303682766, 36.7647670438414], [-119.718302682941, 36.7648050437022]]]}, "properties": {"GEOID": "060190030011000", "P0010001": 0, "ALAND": 72516, "AWATER": 0}}, {"type": "Feature", "geometry": {"type": "Polygon", "coordinates": [[[-119.710351681785, 36.7647930451497], [-119.708980681083, 36.7647330451619], [-119.708333681178, 36.7647300449814], [-119.702803680137, 36.7647100447344], [-119.702275680057, 36.7647110457544], [-119.700256679625, 36.7647150462359], [-119.700259679998, 36.7646750457289], [-119.700217680165, 36.7641960462403], [-119.700225679663, 36.7640890456964], [-119.700268680219, 36.7635510462677], [-119.700391680243, 36.7623210449238], [-119.700396680265, 36.7622120446963], [-119.70039967974, 36.7621500449005], [-119.700437680273, 36.7613290450261], [-119.70041667856, 36.7606700447871], [-119.700580678592, 36.7606700447871], [-119.702421679647, 36.7606730451264], [-119.702614679991, 36.760676044746], [-119.707946680665, 36.7606890450152], [-119.707946680665, 36.7611760447108], [-119.707946680665, 36.7626370446748], [-119.707946680665, 36.763125045276], [-119.708215681177, 36.763125045276], [-119.709021681091, 36.763125045276], [-119.709291681428, 36.763125045276], [-119.709279680834, 36.7635030447843], [-119.709286681405, 36.7635670448364], [-119.709325680865, 36.7639090446597], [-119.709553681369, 36.7643510447391], [-119.70971968105, 36.7645300451553], [-119.70993368131, 36.7646460449165], [-119.709998680709, 36.7646820449556], [-119.710351681785, 36.7647930451497]]]}, "properties": {"GEOID": "060190030011001", "P0010001": 0, "ALAND": 328576, "AWATER": 0}}, {"type": "Feature", "geometry": {"type": "Polygon", "coordinates": [[[-119.718314682637, 36.7633900442469], [-119.718310683337, 36.7638060442442], [-119.718305683314, 36.7644220440536], [-119.718303682766, 36.7647670438414], [-119.716712682854, 36.7647770446777], [-119.712212682033, 36.7648070450201], [-119.711941681872, 36.7648040448425], [-119.710351681785, 36.7647930451497], [-119.709998680709, 36.7646820449556], [-119.70993368131, 36.7646460449165], [-119.70971968105, 36.7645300451553], [-119.709553681369, 36.7643510447391], [-119.709325680865, 36.7639090446597], [-119.709286681405, 36.7635670448364], [-119.709279680834, 36.7635030447843], [-119.709291681428, 36.763125045276], [-119.709320680842, 36.763125045276], [-119.709409681429, 36.763125045276], [-119.709439680667, 36.763125045276], [-119.713156682039, 36.7631030446875], [-119.713602682103, 36.7630960453167], [-119.71384168158, 36.7630850446592], [-119.718303682766, 36.7630480442681], [-119.71831768301, 36.7631340438466], [-119.718314682637, 36.7633900442469]]]}, "properties": {"GEOID": "060190030011002", "P0010001": 0, "ALAND": 148870, "AWATER": 0}}, {"type": "Feature", "geometry": {"type": "Polygon", "coordinates": [[[-119.707946680665, 36.7606890450152], [-119.702614679991, 36.760676044746], [-119.702621679663, 36.759397044689], [-119.702659680197, 36.7592720451627], [-119.702818680205, 36.7592060451004], [-119.703048680359, 36.7592050447283], [-119.704254680306, 36.7592040450758], [-119.704657679814, 36.7592040450758], [-119.705284679628, 36.7592030447036], [-119.707165679967, 36.759201044679], [-119.707629679575, 36.759201044679], [-119.707791680855, 36.7592220452952], [-119.707859680627, 36.7592800452537], [-119.707939680993, 36.759396045039], [-119.707939680993, 36.759470045009], [-119.707944681015, 36.7603840447616], [-119.707946680665, 36.7606890450152]]]}, "properties": {"GEOID": "060190030011003", "P0010001": 16, "ALAND": 77787, "AWATER": 0}}, {"type": "Feature", "geometry": {"type": "Polygon", "coordinates": [[[-119.704657679814, 36.7592040450758], [-119.704254680306, 36.7592040450758], [-119.703048680359, 36.7592050447283], [-119.702818680205, 36.7592060451004], [-119.702659680197, 36.7592720451627], [-119.702621679663, 36.759397044689], [-119.702614679991, 36.760676044746], [-119.702421679647, 36.7606730451264], [-119.700580678592, 36.7606700447871], [-119.70041667856, 36.7606700447871], [-119.700415678735, 36.7604890447263], [-119.700411679436, 36.7592680451169], [-119.700407679238, 36.7583450451691], [-119.70040567869, 36.7577650451772], [-119.700404678865, 36.7574670446969], [-119.701253679335, 36.7574550449962], [-119.702578679107, 36.7574380447574], [-119.703800679846, 36.7574380447574], [-119.704329679751, 36.7574380447574], [-119.704650680141, 36.7574330449404], [-119.704651679966, 36.7577870451377], [-119.704655680164, 36.7588490452836], [-119.704657679814, 36.7592040450758]]]}, "properties": {"GEOID": "060190030011004", "P0010001": 0, "ALAND": 106182, "AWATER": 0}}, {"type": "Feature", "geometry": {"type": "Polygon", "coordinates": [[[-119.71829768202, 36.7617950443502], [-119.716834682155, 36.7617980439259], [-119.715165682426, 36.7618010442211], [-119.713825681686, 36.7618240440818], [-119.713677682446, 36.7618300439504], [-119.710224680665, 36.7618430447437], [-119.709731680746, 36.7618540448596], [-119.709580681133, 36.7618660453114], [-119.709512681361, 36.7618850452433], [-119.709483681048, 36.7619010448792], [-119.70946868098, 36.7619300452903], [-119.709449680713, 36.7620080448776], [-119.709429680622, 36.7622300449294], [-119.709430681345, 36.7625520448675], [-119.709430681345, 36.7627510452082], [-119.709439680667, 36.763125045276], [-119.709409681429, 36.763125045276], [-119.709320680842, 36.763125045276], [-119.709291681428, 36.763125045276], [-119.709021681091, 36.763125045276], [-119.708215681177, 36.763125045276], [-119.707946680665, 36.763125045276], [-119.707946680665, 36.7626370446748], [-119.707946680665, 36.7611760447108], [-119.707946680665, 36.7606890450152], [-119.707944681015, 36.7603840447616], [-119.707939680993, 36.759470045009], [-119.707939680993, 36.759396045039], [-119.707859680627, 36.7592800452537], [-119.707791680855, 36.7592220452952], [-119.707629679575, 36.759201044679], [-119.707165679967, 36.759201044679], [-119.705284679628, 36.7592030447036], [-119.704657679814, 36.7592040450758], [-119.704655680164, 36.7588490452836], [-119.704651679966, 36.7577870451377], [-119.704650680141, 36.7574330449404], [-119.705563680185, 36.7574370450819], [-119.708305679792, 36.7574520438113], [-119.709140680917, 36.7574570443467], [-119.709219680559, 36.7574480436706], [-119.710024680648, 36.7574500437409], [-119.712439680916, 36.7574570443467], [-119.71324568083, 36.757460044092], [-119.713674681175, 36.757460044092], [-119.71496068059, 36.7574610437672], [-119.715390681658, 36.7574620441621], [-119.715388682008, 36.7575650437412], [-119.715385681635, 36.7578740438078], [-119.71538468181, 36.7579780439416], [-119.715152682007, 36.7579770442731], [-119.714456680799, 36.7579740438283], [-119.714305681187, 36.7579740438283], [-119.714267680654, 36.7579860441674], [-119.714246680737, 36.7580000438411], [-119.714231680669, 36.7580050443407], [-119.714196681407, 36.7580680442757], [-119.714193681034, 36.7580890437627], [-119.714193681034, 36.7581310441588], [-119.714198681057, 36.7585380440648], [-119.714199680881, 36.7585990442413], [-119.7142126813, 36.7586300437815], [-119.714239681963, 36.7586610440288], [-119.714261681704, 36.7586720438814], [-119.714299682237, 36.7586840441114], [-119.714781682286, 36.7586820440732], [-119.716422682426, 36.7586770443373], [-119.716970681699, 36.7586760439583], [-119.716976682445, 36.758761043743], [-119.71697768227, 36.75883004388], [-119.716987682316, 36.7592740437461], [-119.716989681966, 36.7592960439936], [-119.716982682293, 36.7593450441623], [-119.716947682133, 36.7594420440367], [-119.716844682201, 36.7594130441242], [-119.716725682375, 36.7593970439693], [-119.71640368216, 36.7593940442997], [-119.715946682225, 36.75939204428], [-119.715070681991, 36.7594000443584], [-119.714757681997, 36.759383043831], [-119.714637682346, 36.7593770437709], [-119.714405681644, 36.7593750437507], [-119.714302681712, 36.7593850438509], [-119.714246681635, 36.7594130441242], [-119.714226682442, 36.7594350443319], [-119.714204681803, 36.7594580441823], [-119.714190681559, 36.7594900437437], [-119.714187682084, 36.759508043896], [-119.714202682153, 36.7606190440378], [-119.714216682397, 36.760650044201], [-119.714253682206, 36.7606880439427], [-119.714307681735, 36.7607030441955], [-119.714369681659, 36.7607110441372], [-119.714762682019, 36.7607040438284], [-119.71508368241, 36.7607000438573], [-119.715966682317, 36.7606860439568], [-119.716299682403, 36.7606830443377], [-119.716734681698, 36.7606810443516], [-119.71677468188, 36.7606730436871], [-119.716807682391, 36.7606550438082], [-119.716832681607, 36.7606290439757], [-119.71684668185, 36.7605980438041], [-119.716840682003, 36.7604180439297], [-119.717704681643, 36.7604100439575], [-119.718293681822, 36.7604050443342], [-119.718292681997, 36.7605550436846], [-119.718291682172, 36.7610070442713], [-119.718291682172, 36.7611580442303], [-119.718292681997, 36.7612850442517], [-119.71829568237, 36.7616670441137], [-119.71829768202, 36.7617950443502]]]}, "properties": {"GEOID": "060190030011005", "P0010001": 345, "ALAND": 423052, "AWATER": 0}}, {"type": "Feature", "geometry": {"type": "Polygon", "coordinates": [[[-119.715966682317, 36.7606860439568], [-119.71508368241, 36.7607000438573], [-119.715070681991, 36.7594000443584], [-119.715946682225, 36.75939204428], [-119.715966682317, 36.7606860439568]]]}, "properties": {"GEOID": "060190030011006", "P0010001": 71, "ALAND": 11305, "AWATER": 0}}, {"type": "Feature", "geometry": {"type": "Polygon", "coordinates": [[[-119.716970681699, 36.7586760439583], [-119.716422682426, 36.7586770443373], [-119.714781682286, 36.7586820440732], [-119.714299682237, 36.7586840441114], [-119.714261681704, 36.7586720438814], [-119.714239681963, 36.7586610440288], [-119.7142126813, 36.7586300437815], [-119.714199680881, 36.7585990442413], [-119.714198681057, 36.7585380440648], [-119.714193681034, 36.7581310441588], [-119.714193681034, 36.7580890437627], [-119.714196681407, 36.7580680442757], [-119.714231680669, 36.7580050443407], [-119.714246680737, 36.7580000438411], [-119.714267680654, 36.7579860441674], [-119.714305681187, 36.7579740438283], [-119.714456680799, 36.7579740438283], [-119.715152682007, 36.7579770442731], [-119.71538468181, 36.7579780439416], [-119.715699682353, 36.7579790443297], [-119.716647681659, 36.757983043723], [-119.716963682026, 36.7579850437794], [-119.716960681653, 36.7580680442757], [-119.716960681653, 36.7581230439481], [-119.716967682224, 36.758537043684], [-119.716970681699, 36.7586760439583]]]}, "properties": {"GEOID": "060190030011007", "P0010001": 117, "ALAND": 19168, "AWATER": 0}}, {"type": "Feature", "geometry": {"type": "Polygon", "coordinates": [[[-119.716923681843, 36.759496043795], [-119.71687068214, 36.7596780436863], [-119.71683368233, 36.7598100436616], [-119.716818682261, 36.7599290437336], [-119.716840682003, 36.7604180439297], [-119.71684668185, 36.7605980438041], [-119.716832681607, 36.7606290439757], [-119.716807682391, 36.7606550438082], [-119.71677468188, 36.7606730436871], [-119.716734681698, 36.7606810443516], [-119.716299682403, 36.7606830443377], [-119.715966682317, 36.7606860439568], [-119.715946682225, 36.75939204428], [-119.71640368216, 36.7593940442997], [-119.716725682375, 36.7593970439693], [-119.716844682201, 36.7594130441242], [-119.716947682133, 36.7594420440367], [-119.716923681843, 36.759496043795]]]}, "properties": {"GEOID": "060190030011008", "P0010001": 60, "ALAND": 11375, "AWATER": 0}}, {"type": "Feature", "geometry": {"type": "Polygon", "coordinates": [[[-119.71508368241, 36.7607000438573], [-119.714762682019, 36.7607040438284], [-119.714369681659, 36.7607110441372], [-119.714307681735, 36.7607030441955], [-119.714253682206, 36.7606880439427], [-119.714216682397, 36.760650044201], [-119.714202682153, 36.7606190440378], [-119.714187682084, 36.759508043896], [-119.714190681559, 36.7594900437437], [-119.714204681803, 36.7594580441823], [-119.714226682442, 36.7594350443319], [-119.714246681635, 36.7594130441242], [-119.714302681712, 36.7593850438509], [-119.714405681644, 36.7593750437507], [-119.714637682346, 36.7593770437709], [-119.714757681997, 36.759383043831], [-119.715070681991, 36.7594000443584], [-119.71508368241, 36.7607000438573]]]}, "properties": {"GEOID": "060190030011009", "P0010001": 102, "ALAND": 11479, "AWATER": 0}}, {"type": "Feature", "geometry": {"type": "Polygon", "coordinates": [[[-119.718293681822, 36.7604050443342], [-119.717704681643, 36.7604100439575], [-119.716840682003, 36.7604180439297], [-119.716818682261, 36.7599290437336], [-119.71683368233, 36.7598100436616], [-119.71687068214, 36.7596780436863], [-119.716923681843, 36.759496043795], [-119.716947682133, 36.7594420440367], [-119.716982682293, 36.7593450441623], [-119.716989681966, 36.7592960439936], [-119.716987682316, 36.7592740437461], [-119.718275682279, 36.7592600443051], [-119.718286682149, 36.7595270436923], [-119.718287681974, 36.7597020438296], [-119.718291682172, 36.7602290440028], [-119.718293681822, 36.7604050443342]]]}, "properties": {"GEOID": "060190030011010", "P0010001": 65, "ALAND": 16080, "AWATER": 0}}, {"type": "Feature", "geometry": {"type": "Polygon", "coordinates": [[[-119.718275682279, 36.7592600443051], [-119.716987682316, 36.7592740437461], [-119.71697768227, 36.75883004388], [-119.716976682445, 36.758761043743], [-119.716970681699, 36.7586760439583], [-119.716967682224, 36.758537043684], [-119.716960681653, 36.7581230439481], [-119.716960681653, 36.7580680442757], [-119.716963682026, 36.7579850437794], [-119.716959681828, 36.7578830437142], [-119.716949681783, 36.7575770441443], [-119.716946682308, 36.7574760439313], [-119.716995681813, 36.7574750442563], [-119.717146682324, 36.7574750442563], [-119.717196681655, 36.7574750442563], [-119.717408682265, 36.7574730441867], [-119.718045682125, 36.7574700437221], [-119.718258681662, 36.757469044047], [-119.718261682035, 36.7578800439855], [-119.71827368173, 36.7591150442889], [-119.718275682279, 36.7592600443051]]]}, "properties": {"GEOID": "060190030011011", "P0010001": 0, "ALAND": 23110, "AWATER": 0}}, {"type": "Feature", "geometry": {"type": "Polygon", "coordinates": [[[-119.716963682026, 36.7579850437794], [-119.716647681659, 36.757983043723], [-119.715699682353, 36.7579790443297], [-119.71538468181, 36.7579780439416], [-119.715385681635, 36.7578740438078], [-119.715388682008, 36.7575650437412], [-119.715390681658, 36.7574620441621], [-119.715701682003, 36.7574680436522], [-119.715944681677, 36.7574730441867], [-119.716090682165, 36.7574730441867], [-119.716634682138, 36.7574750442563], [-119.716946682308, 36.7574760439313], [-119.716949681783, 36.7575770441443], [-119.716959681828, 36.7578830437142], [-119.716963682026, 36.7579850437794]]]}, "properties": {"GEOID": "060190030011012", "P0010001": 30, "ALAND": 7910, "AWATER": 0}}, {"type": "Feature", "geometry": {"type": "Polygon", "coordinates": [[[-119.71384168158, 36.7630850446592], [-119.713602682103, 36.7630960453167], [-119.713156682039, 36.7631030446875], [-119.709439680667, 36.763125045276], [-119.709430681345, 36.7627510452082], [-119.709430681345, 36.7625520448675], [-119.709429680622, 36.7622300449294], [-119.709449680713, 36.7620080448776], [-119.70946868098, 36.7619300452903], [-119.709483681048, 36.7619010448792], [-119.709512681361, 36.7618850452433], [-119.709580681133, 36.7618660453114], [-119.709731680746, 36.7618540448596], [-119.710224680665, 36.7618430447437], [-119.713677682446, 36.7618300439504], [-119.713825681686, 36.7618240440818], [-119.713826682409, 36.7619150438382], [-119.71384168158, 36.7630850446592]]]}, "properties": {"GEOID": "060190030011013", "P0010001": 0, "ALAND": 55392, "AWATER": 0}}, {"type": "Feature", "geometry": {"type": "Polygon", "coordinates": [[[-119.709225681306, 36.7573400441113], [-119.709219680559, 36.7574480436706], [-119.709140680917, 36.7574570443467], [-119.708305679792, 36.7574520438113], [-119.705563680185, 36.7574370450819], [-119.704650680141, 36.7574330449404], [-119.704329679751, 36.7574380447574], [-119.703800679846, 36.7574380447574], [-119.702578679107, 36.7574380447574], [-119.701253679335, 36.7574550449962], [-119.700404678865, 36.7574670446969], [-119.700400678667, 36.7567550452958], [-119.700394678819, 36.7553410452882], [-119.700380678575, 36.754619044867], [-119.700367679055, 36.7539080446641], [-119.700355679359, 36.753785044996], [-119.700314679351, 36.7533210446894], [-119.700276678818, 36.7529040449497], [-119.700269679145, 36.7528190451527], [-119.703726679328, 36.7529580442722], [-119.705650680224, 36.7530610441408], [-119.709179680376, 36.753177043974], [-119.709180680201, 36.7532280439134], [-119.709184680399, 36.7535740441171], [-119.709188679699, 36.753750043884], [-119.709193679722, 36.7539240438047], [-119.709194680445, 36.7540950441737], [-119.709200680293, 36.75461104429], [-119.709202679943, 36.7547830442771], [-119.709202679943, 36.754949044192], [-119.709205680316, 36.7554500437646], [-119.709207679966, 36.7556170440946], [-119.70920867979, 36.7557860441748], [-119.709214679638, 36.7562950437213], [-119.709216680186, 36.7564650441551], [-119.709218679836, 36.7566610439591], [-119.709224680582, 36.7572510440404], [-119.709225681306, 36.7573400441113]]]}, "properties": {"GEOID": "060190030011014", "P0010001": 15, "ALAND": 388192, "AWATER": 0}}, {"type": "Feature", "geometry": {"type": "Polygon", "coordinates": [[[-119.709178679653, 36.753055044306], [-119.709179680376, 36.7531630441399], [-119.709179680376, 36.753177043974], [-119.705650680224, 36.7530610441408], [-119.703726679328, 36.7529580442722], [-119.700269679145, 36.7528190451527], [-119.700246678681, 36.7525580438836], [-119.702461678932, 36.752659044094], [-119.703576678642, 36.7527040437957], [-119.706443679719, 36.7528370439914], [-119.709180680201, 36.7529260441451], [-119.709178679653, 36.753055044306]]]}, "properties": {"GEOID": "060190030011015", "P0010001": 0, "ALAND": 22298, "AWATER": 0}}, {"type": "Feature", "geometry": {"type": "Polygon", "coordinates": [[[-119.709188679699, 36.7515210440312], [-119.709185680224, 36.7520640437968], [-119.709185680224, 36.7522460440473], [-119.709185680224, 36.7524070442689], [-119.709185680224, 36.7525510442703], [-119.709180680201, 36.75289304427], [-119.709180680201, 36.7529260441451], [-119.706443679719, 36.7528370439914], [-119.703576678642, 36.7527040437957], [-119.702461678932, 36.752659044094], [-119.700246678681, 36.7525580438836], [-119.700231678612, 36.7523900443509], [-119.700215678719, 36.7520910441183], [-119.700187678231, 36.7515590439768], [-119.700156678269, 36.7509720440237], [-119.700149677698, 36.7504330442341], [-119.7002066776, 36.7504340440008], [-119.700275678095, 36.7504340440008], [-119.700343677867, 36.7504360442541], [-119.701258679358, 36.7504280439606], [-119.701480679115, 36.7504250439403], [-119.701573679002, 36.7504250439403], [-119.702147679112, 36.7504220439198], [-119.702370678695, 36.7504220439198], [-119.702827678629, 36.7504230436867], [-119.704200678981, 36.7504280439606], [-119.70465867874, 36.750430044214], [-119.704961678689, 36.750430044214], [-119.705870679434, 36.7504320437475], [-119.706066679252, 36.7504330442341], [-119.706174679207, 36.7504320437475], [-119.706310678751, 36.750430044214], [-119.706549679126, 36.7504270441938], [-119.70671867918, 36.7504240441734], [-119.706855679448, 36.7504230436867], [-119.707054678741, 36.750421044153], [-119.707317680303, 36.750421044153], [-119.70870468, 36.7504250439403], [-119.709167679783, 36.7504270441938], [-119.709167679783, 36.7505220442974], [-119.709168679607, 36.750590044163], [-119.709168679607, 36.7506090440088], [-119.709183679676, 36.7511570439773], [-119.709189680422, 36.751340043975], [-119.709188679699, 36.7515210440312]]]}, "properties": {"GEOID": "060190030011016", "P0010001": 777, "ALAND": 207285, "AWATER": 0}}, {"type": "Feature", "geometry": {"type": "Polygon", "coordinates": [[[-119.718303682766, 36.7630480442681], [-119.71384168158, 36.7630850446592], [-119.713826682409, 36.7619150438382], [-119.713825681686, 36.7618240440818], [-119.715165682426, 36.7618010442211], [-119.716834682155, 36.7617980439259], [-119.71829768202, 36.7617950443502], [-119.718298682743, 36.7620450443311], [-119.718301683116, 36.7627970443528], [-119.718303682766, 36.7630480442681]]]}, "properties": {"GEOID": "060190030011017", "P0010001": 0, "ALAND": 55951, "AWATER": 0}}, {"type": "Feature", "geometry": {"type": "Polygon", "coordinates": [[[-119.71324568083, 36.757460044092], [-119.712439680916, 36.7574570443467], [-119.710024680648, 36.7574500437409], [-119.709219680559, 36.7574480436706], [-119.709225681306, 36.7573400441113], [-119.709224680582, 36.7572510440404], [-119.709218679836, 36.7566610439591], [-119.709216680186, 36.7564650441551], [-119.710038680892, 36.7564730438191], [-119.711767680896, 36.7564900442718], [-119.711935681125, 36.7564690443471], [-119.712193680868, 36.7564040437211], [-119.712336680983, 36.7563420442685], [-119.712475680901, 36.7562970438218], [-119.712502680665, 36.7562890441394], [-119.713239680982, 36.7559920440969], [-119.713235680784, 36.7561130437199], [-119.713225680738, 36.7564790441064], [-119.713223681088, 36.756601044087], [-119.713227681286, 36.7567720442466], [-119.713242681355, 36.7572880443493], [-119.71324368118, 36.7573180440226], [-119.713241680632, 36.7574300437546], [-119.71324568083, 36.757460044092]]]}, "properties": {"GEOID": "060190030012000", "P0010001": 135, "ALAND": 41751, "AWATER": 0}}, {"type": "Feature", "geometry": {"type": "Polygon", "coordinates": [[[-119.71826068221, 36.7560550442456], [-119.718256682012, 36.7562960441314], [-119.718256682012, 36.7563430439582], [-119.717167682241, 36.7563470441565], [-119.716072681724, 36.756325043783], [-119.716081681944, 36.7569230439064], [-119.716087681792, 36.7573130441978], [-119.716090682165, 36.7574730441867], [-119.715944681677, 36.7574730441867], [-119.715701682003, 36.7574680436522], [-119.715390681658, 36.7574620441621], [-119.71496068059, 36.7574610437672], [-119.713674681175, 36.757460044092], [-119.71324568083, 36.757460044092], [-119.713241680632, 36.7574300437546], [-119.71324368118, 36.7573180440226], [-119.713242681355, 36.7572880443493], [-119.713227681286, 36.7567720442466], [-119.713223681088, 36.756601044087], [-119.713690681068, 36.7566030441795], [-119.715094681382, 36.756612044235], [-119.715477680799, 36.7566150440134], [-119.715539680723, 36.7565980443081], [-119.715557681164, 36.7565880438447], [-119.715571681408, 36.7565780440996], [-119.715596680624, 36.756548044137], [-119.715613681241, 36.7565100437836], [-119.715611680693, 36.7564850436734], [-119.715594680974, 36.7561190440353], [-119.715589680952, 36.7559970440078], [-119.715587681302, 36.7559690439269], [-119.715584680929, 36.755887043734], [-119.715583681104, 36.7558600440288], [-119.716119681579, 36.7558590443327], [-119.717728681932, 36.7558570442209], [-119.718265682233, 36.7558570442209], [-119.71826068221, 36.7560550442456]]]}, "properties": {"GEOID": "060190030012001", "P0010001": 88, "ALAND": 38142, "AWATER": 0}}, {"type": "Feature", "geometry": {"type": "Polygon", "coordinates": [[[-119.715613681241, 36.7565100437836], [-119.715596680624, 36.756548044137], [-119.715571681408, 36.7565780440996], [-119.715557681164, 36.7565880438447], [-119.715539680723, 36.7565980443081], [-119.715477680799, 36.7566150440134], [-119.715094681382, 36.756612044235], [-119.713690681068, 36.7566030441795], [-119.713223681088, 36.756601044087], [-119.713225680738, 36.7564790441064], [-119.713235680784, 36.7561130437199], [-119.713239680982, 36.7559920440969], [-119.713335681241, 36.755937044336], [-119.713452681417, 36.7558940437627], [-119.713549680603, 36.7558780443131], [-119.713713680635, 36.7558690441715], [-119.714159680699, 36.7558670440599], [-119.714396681423, 36.7558660436442], [-119.71463368125, 36.7558640442523], [-119.715345680554, 36.7558610437248], [-119.715583681104, 36.7558600440288], [-119.715584680929, 36.755887043734], [-119.715587681302, 36.7559690439269], [-119.715589680952, 36.7559970440078], [-119.715594680974, 36.7561190440353], [-119.715611680693, 36.7564850436734], [-119.715613681241, 36.7565100437836]]]}, "properties": {"GEOID": "060190030012002", "P0010001": 66, "ALAND": 17212, "AWATER": 0}}, {"type": "Feature", "geometry": {"type": "Polygon", "coordinates": [[[-119.718258681662, 36.757469044047], [-119.718045682125, 36.7574700437221], [-119.717408682265, 36.7574730441867], [-119.717196681655, 36.7574750442563], [-119.717146682324, 36.7574750442563], [-119.716995681813, 36.7574750442563], [-119.716946682308, 36.7574760439313], [-119.716634682138, 36.7574750442563], [-119.716090682165, 36.7574730441867], [-119.716087681792, 36.7573130441978], [-119.716081681944, 36.7569230439064], [-119.716072681724, 36.756325043783], [-119.717167682241, 36.7563470441565], [-119.718256682012, 36.7563430439582], [-119.718256682012, 36.7566510442236], [-119.718257681837, 36.7568500440413], [-119.718257681837, 36.7569730438331], [-119.718257681837, 36.7573450439344], [-119.718258681662, 36.757469044047]]]}, "properties": {"GEOID": "060190030012003", "P0010001": 240, "ALAND": 24422, "AWATER": 0}}, {"type": "Feature", "geometry": {"type": "Polygon", "coordinates": [[[-119.718296682195, 36.754042043212], [-119.718289681624, 36.7544050428185], [-119.718271682081, 36.7554930438671], [-119.718268681708, 36.7556610438021], [-119.718265682233, 36.7558570442209], [-119.717728681932, 36.7558570442209], [-119.716119681579, 36.7558590443327], [-119.715583681104, 36.7558600440288], [-119.715345680554, 36.7558610437248], [-119.71463368125, 36.7558640442523], [-119.714396681423, 36.7558660436442], [-119.714159680699, 36.7558670440599], [-119.713713680635, 36.7558690441715], [-119.713728680703, 36.7545130443507], [-119.713633681167, 36.754529044085], [-119.713686680871, 36.7544080441227], [-119.713699681289, 36.7543480439279], [-119.713715681183, 36.7542840441002], [-119.713724681404, 36.7541770441228], [-119.713716681008, 36.7540630438011], [-119.714404680921, 36.7540580437642], [-119.71567468134, 36.7540500438484], [-119.716472680858, 36.75404604425], [-119.717053680641, 36.7540430429317], [-119.717047680794, 36.7538560432953], [-119.717062680862, 36.7535480433239], [-119.717593681315, 36.7534550428231], [-119.718284681601, 36.7534850432756], [-119.718288681799, 36.7536790433273], [-119.718293681822, 36.7539120428301], [-119.718296682195, 36.754042043212]]]}, "properties": {"GEOID": "060190030012004", "P0010001": 249, "ALAND": 88767, "AWATER": 0}}, {"type": "Feature", "geometry": {"type": "Polygon", "coordinates": [[[-119.713713680635, 36.7558690441715], [-119.713549680603, 36.7558780443131], [-119.713452681417, 36.7558940437627], [-119.713335681241, 36.755937044336], [-119.713239680982, 36.7559920440969], [-119.713211681393, 36.7557980441365], [-119.713189680753, 36.7556350437163], [-119.71303868114, 36.7553440436768], [-119.712986681262, 36.7552650440866], [-119.712880680957, 36.7551010442673], [-119.7131346814, 36.7549660442628], [-119.713250680852, 36.7549050440761], [-119.713423681105, 36.7547800437074], [-119.713524681387, 36.7546730437021], [-119.713626680596, 36.7545480436751], [-119.713633681167, 36.754529044085], [-119.713728680703, 36.7545130443507], [-119.713713680635, 36.7558690441715]]]}, "properties": {"GEOID": "060190030012005", "P0010001": 20, "ALAND": 7175, "AWATER": 0}}, {"type": "Feature", "geometry": {"type": "Polygon", "coordinates": [[[-119.713239680982, 36.7559920440969], [-119.712502680665, 36.7562890441394], [-119.712475680901, 36.7562970438218], [-119.712336680983, 36.7563420442685], [-119.712193680868, 36.7564040437211], [-119.711935681125, 36.7564690443471], [-119.711767680896, 36.7564900442718], [-119.710038680892, 36.7564730438191], [-119.709216680186, 36.7564650441551], [-119.709214679638, 36.7562950437213], [-119.70920867979, 36.7557860441748], [-119.709207679966, 36.7556170440946], [-119.709965680199, 36.7556210443307], [-119.711279680999, 36.755628043664], [-119.711761681048, 36.7556120441589], [-119.711895680942, 36.7555850443568], [-119.712053681126, 36.7555300443042], [-119.71221168131, 36.7554490440632], [-119.712223681006, 36.7554440441166], [-119.71239268106, 36.7553140439514], [-119.712644680955, 36.7551910436586], [-119.712880680957, 36.7551010442673], [-119.712986681262, 36.7552650440866], [-119.71303868114, 36.7553440436768], [-119.713189680753, 36.7556350437163], [-119.713211681393, 36.7557980441365], [-119.713239680982, 36.7559920440969]]]}, "properties": {"GEOID": "060190030012006", "P0010001": 105, "ALAND": 34697, "AWATER": 0}}, {"type": "Feature", "geometry": {"type": "Polygon", "coordinates": [[[-119.717062680862, 36.7535480433239], [-119.717047680794, 36.7538560432953], [-119.717053680641, 36.7540430429317], [-119.716472680858, 36.75404604425], [-119.71567468134, 36.7540500438484], [-119.714404680921, 36.7540580437642], [-119.713716681008, 36.7540630438011], [-119.713724681404, 36.7541770441228], [-119.713715681183, 36.7542840441002], [-119.713699681289, 36.7543480439279], [-119.713686680871, 36.7544080441227], [-119.713633681167, 36.754529044085], [-119.713626680596, 36.7545480436751], [-119.713524681387, 36.7546730437021], [-119.713423681105, 36.7547800437074], [-119.713250680852, 36.7549050440761], [-119.7131346814, 36.7549660442628], [-119.712880680957, 36.7551010442673], [-119.712644680955, 36.7551910436586], [-119.71239268106, 36.7553140439514], [-119.712223681006, 36.7554440441166], [-119.71221168131, 36.7554490440632], [-119.712053681126, 36.7555300443042], [-119.711895680942, 36.7555850443568], [-119.711761681048, 36.7556120441589], [-119.711279680999, 36.755628043664], [-119.709965680199, 36.7556210443307], [-119.709207679966, 36.7556170440946], [-119.709205680316, 36.7554500437646], [-119.709202679943, 36.754949044192], [-119.709202679943, 36.7547830442771], [-119.709684679992, 36.7547840439872], [-119.711133681409, 36.754787043837], [-119.711545681138, 36.7547880442668], [-119.711583680773, 36.7547770438573], [-119.71161168126, 36.7547610441748], [-119.711636681375, 36.7547350437839], [-119.71165068072, 36.7547040441091], [-119.711651681443, 36.7546090441455], [-119.711657681291, 36.7541150443098], [-119.711658681116, 36.75404604425], [-119.711638681025, 36.7540050442164], [-119.711606681237, 36.7539680437635], [-119.711549681336, 36.7539420438236], [-119.711492681435, 36.7539350443366], [-119.711128681387, 36.7539360440577], [-119.710896679786, 36.7539380442197], [-119.709676679596, 36.7539270436882], [-119.709193679722, 36.7539240438047], [-119.709188679699, 36.753750043884], [-119.709184680399, 36.7535740441171], [-119.709180680201, 36.7532280439134], [-119.709179680376, 36.753177043974], [-119.712626681412, 36.7532620440941], [-119.717593681315, 36.7534550428231], [-119.717062680862, 36.7535480433239]]]}, "properties": {"GEOID": "060190030012007", "P0010001": 189, "ALAND": 99736, "AWATER": 0}}, {"type": "Feature", "geometry": {"type": "Polygon", "coordinates": [[[-119.711657681291, 36.7541150443098], [-119.711651681443, 36.7546090441455], [-119.71165068072, 36.7547040441091], [-119.711636681375, 36.7547350437839], [-119.71161168126, 36.7547610441748], [-119.711583680773, 36.7547770438573], [-119.711545681138, 36.7547880442668], [-119.711133681409, 36.754787043837], [-119.709684679992, 36.7547840439872], [-119.709202679943, 36.7547830442771], [-119.709200680293, 36.75461104429], [-119.709194680445, 36.7540950441737], [-119.709193679722, 36.7539240438047], [-119.709676679596, 36.7539270436882], [-119.710896679786, 36.7539380442197], [-119.711128681387, 36.7539360440577], [-119.711492681435, 36.7539350443366], [-119.711549681336, 36.7539420438236], [-119.711606681237, 36.7539680437635], [-119.711638681025, 36.7540050442164], [-119.711658681116, 36.75404604425], [-119.711657681291, 36.7541150443098]]]}, "properties": {"GEOID": "060190030012008", "P0010001": 62, "ALAND": 20703, "AWATER": 0}}, {"type": "Feature", "geometry": {"type": "Polygon", "coordinates": [[[-119.717593681315, 36.7534550428231], [-119.712626681412, 36.7532620440941], [-119.709179680376, 36.753177043974], [-119.709179680376, 36.7531630441399], [-119.709178679653, 36.753055044306], [-119.709180680201, 36.7529260441451], [-119.710345680141, 36.752978043985], [-119.71125968001, 36.7530180441146], [-119.713726681053, 36.7531140443407], [-119.715831680801, 36.7531480431324], [-119.717639681346, 36.7531780429852], [-119.717593681315, 36.7534550428231]]]}, "properties": {"GEOID": "060190030012009", "P0010001": 0, "ALAND": 18596, "AWATER": 0}}, {"type": "Feature", "geometry": {"type": "Polygon", "coordinates": [[[-119.718284681601, 36.7534850432756], [-119.717593681315, 36.7534550428231], [-119.717639681346, 36.7531780429852], [-119.717840682085, 36.7531810428979], [-119.718279681578, 36.7531870427228], [-119.718280682301, 36.7532600431947], [-119.718283681776, 36.7534310428845], [-119.718284681601, 36.7534850432756]]]}, "properties": {"GEOID": "060190030012010", "P0010001": 0, "ALAND": 1899, "AWATER": 0}}, {"type": "Feature", "geometry": {"type": "Polygon", "coordinates": [[[-119.718279681578, 36.7531870427228], [-119.717840682085, 36.7531810428979], [-119.717639681346, 36.7531780429852], [-119.717698680897, 36.7523240426858], [-119.71770568057, 36.7522270431673], [-119.717802680654, 36.7522250429608], [-119.717996680823, 36.7522220430108], [-119.718050681249, 36.7522230427542], [-119.718215681106, 36.7522260427042], [-119.718270681357, 36.7522280429107], [-119.71827368173, 36.7525900427247], [-119.718279681578, 36.7531870427228]]]}, "properties": {"GEOID": "060190030012011", "P0010001": 0, "ALAND": 5720, "AWATER": 0}}, {"type": "Feature", "geometry": {"type": "Polygon", "coordinates": [[[-119.717698680897, 36.7523240426858], [-119.717639681346, 36.7531780429852], [-119.715831680801, 36.7531480431324], [-119.713726681053, 36.7531140443407], [-119.71125968001, 36.7530180441146], [-119.710345680141, 36.752978043985], [-119.709180680201, 36.7529260441451], [-119.709180680201, 36.75289304427], [-119.709185680224, 36.7525510442703], [-119.709185680224, 36.7524070442689], [-119.709185680224, 36.7522460440473], [-119.709637680136, 36.7522450443042], [-119.710994679696, 36.7522450443042], [-119.71144768033, 36.7522450443042], [-119.711898680417, 36.7522330437867], [-119.711978679885, 36.7522320440434], [-119.71325468105, 36.7522380439426], [-119.713707680787, 36.752241043892], [-119.715953681, 36.7522420429154], [-119.716040681038, 36.7522450428647], [-119.71616768126, 36.7522430426586], [-119.716812680617, 36.7522370427598], [-119.717107681068, 36.7522340428102], [-119.717220681046, 36.7522330430669], [-119.717645681193, 36.7522290426541], [-119.71770568057, 36.7522270431673], [-119.717698680897, 36.7523240426858]]]}, "properties": {"GEOID": "060190030012012", "P0010001": 99, "ALAND": 70666, "AWATER": 0}}, {"type": "Feature", "geometry": {"type": "Polygon", "coordinates": [[[-119.718270681357, 36.7522280429107], [-119.718215681106, 36.7522260427042], [-119.718050681249, 36.7522230427542], [-119.717996680823, 36.7522220430108], [-119.717992680625, 36.7513130426695], [-119.717580680896, 36.7513150428998], [-119.71634668136, 36.7513210428707], [-119.715935680558, 36.751324042856], [-119.715944680779, 36.7504160431589], [-119.716161681412, 36.7504280432408], [-119.716405680911, 36.7504280432408], [-119.717792680608, 36.7504280432408], [-119.718255681289, 36.7504280432408], [-119.718270681357, 36.7522280429107]]]}, "properties": {"GEOID": "060190030012013", "P0010001": 27, "ALAND": 22916, "AWATER": 0}}, {"type": "Feature", "geometry": {"type": "Polygon", "coordinates": [[[-119.717996680823, 36.7522220430108], [-119.717802680654, 36.7522250429608], [-119.71770568057, 36.7522270431673], [-119.717645681193, 36.7522290426541], [-119.717220681046, 36.7522330430669], [-119.717107681068, 36.7522340428102], [-119.716812680617, 36.7522370427598], [-119.71616768126, 36.7522430426586], [-119.716040681038, 36.7522450428647], [-119.715953681, 36.7522420429154], [-119.715935680558, 36.751324042856], [-119.71634668136, 36.7513210428707], [-119.717580680896, 36.7513150428998], [-119.717992680625, 36.7513130426695], [-119.717996680823, 36.7522220430108]]]}, "properties": {"GEOID": "060190030012014", "P0010001": 51, "ALAND": 18627, "AWATER": 0}}, {"type": "Feature", "geometry": {"type": "Polygon", "coordinates": [[[-119.715953681, 36.7522420429154], [-119.713707680787, 36.752241043892], [-119.71371268081, 36.7513420427652], [-119.715935680558, 36.751324042856], [-119.715953681, 36.7522420429154]]]}, "properties": {"GEOID": "060190030012015", "P0010001": 39, "ALAND": 20118, "AWATER": 0}}, {"type": "Feature", "geometry": {"type": "Polygon", "coordinates": [[[-119.713707680787, 36.752241043892], [-119.71325468105, 36.7522380439426], [-119.711978679885, 36.7522320440434], [-119.711898680417, 36.7522330437867], [-119.71144768033, 36.7522450443042], [-119.711431680437, 36.7513250440506], [-119.711887679648, 36.7513280440358], [-119.713255680875, 36.7513380430256], [-119.71371268081, 36.7513420427652], [-119.713707680787, 36.752241043892]]]}, "properties": {"GEOID": "060190030012016", "P0010001": 33, "ALAND": 20330, "AWATER": 0}}, {"type": "Feature", "geometry": {"type": "Polygon", "coordinates": [[[-119.71144768033, 36.7522450443042], [-119.710994679696, 36.7522450443042], [-119.709637680136, 36.7522450443042], [-119.709185680224, 36.7522460440473], [-119.709185680224, 36.7520640437968], [-119.709188679699, 36.7515210440312], [-119.709189680422, 36.751340043975], [-119.709637680136, 36.7513360442354], [-119.71098268, 36.7513280440358], [-119.711431680437, 36.7513250440506], [-119.71144768033, 36.7522450443042]]]}, "properties": {"GEOID": "060190030012017", "P0010001": 35, "ALAND": 20380, "AWATER": 0}}, {"type": "Feature", "geometry": {"type": "Polygon", "coordinates": [[[-119.711455679828, 36.750562044268], [-119.711453680178, 36.7506000439688], [-119.711436679562, 36.7511430437747], [-119.711431680437, 36.7513250440506], [-119.71098268, 36.7513280440358], [-119.709637680136, 36.7513360442354], [-119.709189680422, 36.751340043975], [-119.709183679676, 36.7511570439773], [-119.709168679607, 36.7506090440088], [-119.709168679607, 36.750590044163], [-119.709167679783, 36.7505220442974], [-119.711459680026, 36.7505240438286], [-119.711455679828, 36.750562044268]]]}, "properties": {"GEOID": "060190030012018", "P0010001": 31, "ALAND": 18170, "AWATER": 0}}, {"type": "Feature", "geometry": {"type": "Polygon", "coordinates": [[[-119.71371268081, 36.7513420427652], [-119.713255680875, 36.7513380430256], [-119.711887679648, 36.7513280440358], [-119.711431680437, 36.7513250440506], [-119.711436679562, 36.7511430437747], [-119.711453680178, 36.7506000439688], [-119.711455679828, 36.750562044268], [-119.711459680026, 36.7505240438286], [-119.713100680166, 36.7505250428744], [-119.713686680871, 36.7505260433597], [-119.71371268081, 36.7513420427652]]]}, "properties": {"GEOID": "060190030012019", "P0010001": 42, "ALAND": 18071, "AWATER": 0}}, {"type": "Feature", "geometry": {"type": "Polygon", "coordinates": [[[-119.715935680558, 36.751324042856], [-119.71371268081, 36.7513420427652], [-119.713686680871, 36.7505260433597], [-119.714424681012, 36.7505260433597], [-119.715525681377, 36.7505280428908], [-119.715523680829, 36.7504170429259], [-119.715687680861, 36.7504170429259], [-119.715738680914, 36.7504160431589], [-119.7158926809, 36.7504160431589], [-119.715944680779, 36.7504160431589], [-119.715935680558, 36.751324042856]]]}, "properties": {"GEOID": "060190030012020", "P0010001": 33, "ALAND": 18359, "AWATER": 0}}, {"type": "Feature", "geometry": {"type": "Polygon", "coordinates": [[[-119.715525681377, 36.7505280428908], [-119.714424681012, 36.7505260433597], [-119.713686680871, 36.7505260433597], [-119.713674681175, 36.7504220432001], [-119.714427681385, 36.7504220432001], [-119.715523680829, 36.7504170429259], [-119.715525681377, 36.7505280428908]]]}, "properties": {"GEOID": "060190030012021", "P0010001": 0, "ALAND": 1938, "AWATER": 0}}, {"type": "Feature", "geometry": {"type": "Polygon", "coordinates": [[[-119.713686680871, 36.7505260433597], [-119.713100680166, 36.7505250428744], [-119.711459680026, 36.7505240438286], [-119.711471679722, 36.7504200436662], [-119.713110680212, 36.7504170429259], [-119.713674681175, 36.7504220432001], [-119.713686680871, 36.7505260433597]]]}, "properties": {"GEOID": "060190030012022", "P0010001": 0, "ALAND": 2327, "AWATER": 0}}, {"type": "Feature", "geometry": {"type": "Polygon", "coordinates": [[[-119.711459680026, 36.7505240438286], [-119.709167679783, 36.7505220442974], [-119.709167679783, 36.7504270441938], [-119.711471679722, 36.7504200436662], [-119.711459680026, 36.7505240438286]]]}, "properties": {"GEOID": "060190030012023", "P0010001": 0, "ALAND": 2266, "AWATER": 0}}, {"type": "Feature", "geometry": {"type": "Polygon", "coordinates": [[[-119.711500679136, 36.7424950427089], [-119.711484679242, 36.7430660427629], [-119.711482678694, 36.7431440428149], [-119.709233679007, 36.7431460432581], [-119.709229678809, 36.7427480432809], [-119.709229678809, 36.7426050427471], [-119.709237679204, 36.7410640430941], [-119.709239678854, 36.740985043198], [-119.709254678923, 36.7404450431884], [-119.710595678589, 36.7404710426626], [-119.710586679267, 36.7402810426466], [-119.711518678679, 36.7402710429359], [-119.711500679136, 36.7424950427089]]]}, "properties": {"GEOID": "060190030031000", "P0010001": 64, "ALAND": 62094, "AWATER": 0}}, {"type": "Feature", "geometry": {"type": "Polygon", "coordinates": [[[-119.71376867909, 36.7400760421966], [-119.71376467979, 36.7410590422101], [-119.713754679744, 36.7431630430647], [-119.713720680307, 36.7431620432032], [-119.712702679783, 36.7431480429815], [-119.711482678694, 36.7431440428149], [-119.711484679242, 36.7430660427629], [-119.711500679136, 36.7424950427089], [-119.711518678679, 36.7402710429359], [-119.711518678679, 36.7402400431763], [-119.711518678679, 36.7401490429042], [-119.711519679402, 36.7401190429965], [-119.712686678991, 36.7401390417365], [-119.712693678664, 36.7400330420924], [-119.713770678739, 36.740042041932], [-119.71376867909, 36.7400760421966]]]}, "properties": {"GEOID": "060190030031001", "P0010001": 114, "ALAND": 68523, "AWATER": 0}}, {"type": "Feature", "geometry": {"type": "Polygon", "coordinates": [[[-119.716547680303, 36.7423490420875], [-119.716262679898, 36.742689041754], [-119.716035680117, 36.7427020421919], [-119.716029680269, 36.7431480429815], [-119.715410679953, 36.7431550427327], [-119.714921680232, 36.7431550427327], [-119.713754679744, 36.7431630430647], [-119.71376467979, 36.7410590422101], [-119.71376867909, 36.7400760421966], [-119.713770678739, 36.740042041932], [-119.713773679113, 36.7400000417115], [-119.713802679425, 36.739526041743], [-119.714025679008, 36.739526041743], [-119.714384679931, 36.7395270416518], [-119.714694679552, 36.739535041642], [-119.714917680034, 36.7395410418141], [-119.714916680209, 36.7396560420226], [-119.714915680384, 36.7400030421394], [-119.714915680384, 36.7401190422766], [-119.714913679836, 36.7404690421497], [-119.714919679683, 36.7409450418345], [-119.7149366803, 36.7423590429673], [-119.715143679989, 36.7423540421677], [-119.715768680153, 36.7423420422628], [-119.715976679668, 36.7423380420541], [-119.716001679782, 36.7423290417639], [-119.71604267979, 36.7422830418634], [-119.716065680254, 36.742192041854], [-119.716045680163, 36.7420870420412], [-119.716009680178, 36.741986042312], [-119.716145679722, 36.7419820420848], [-119.716570679869, 36.7419950419226], [-119.716547680303, 36.7423490420875]]]}, "properties": {"GEOID": "060190030031002", "P0010001": 78, "ALAND": 53593, "AWATER": 0}}, {"type": "Feature", "geometry": {"type": "Polygon", "coordinates": [[[-119.716065680254, 36.742192041854], [-119.71604267979, 36.7422830418634], [-119.716001679782, 36.7423290417639], [-119.715976679668, 36.7423380420541], [-119.715768680153, 36.7423420422628], [-119.715143679989, 36.7423540421677], [-119.7149366803, 36.7423590429673], [-119.714919679683, 36.7409450418345], [-119.715380679816, 36.7409420421633], [-119.715383680189, 36.740271042216], [-119.716060680231, 36.7402760417116], [-119.716055680209, 36.7404050422633], [-119.716047679813, 36.7406140421334], [-119.71604068014, 36.7408000417562], [-119.716030680094, 36.7410880418619], [-119.716024680246, 36.7412770421538], [-119.716010680003, 36.7416610420677], [-119.71600567998, 36.7419740423496], [-119.716009680178, 36.741986042312], [-119.716045680163, 36.7420870420412], [-119.716065680254, 36.742192041854]]]}, "properties": {"GEOID": "060190030031003", "P0010001": 61, "ALAND": 19678, "AWATER": 0}}, {"type": "Feature", "geometry": {"type": "Polygon", "coordinates": [[[-119.716060680231, 36.7397090421233], [-119.716060680231, 36.7402310419202], [-119.716060680231, 36.7402760417116], [-119.715383680189, 36.740271042216], [-119.715380679816, 36.7409420421633], [-119.714919679683, 36.7409450418345], [-119.714913679836, 36.7404690421497], [-119.714915680384, 36.7401190422766], [-119.714915680384, 36.7400030421394], [-119.714916680209, 36.7396560420226], [-119.714917680034, 36.7395410418141], [-119.715145679639, 36.7395390419968], [-119.715832679727, 36.7395370421794], [-119.716061680056, 36.7395360422707], [-119.716060680231, 36.7397090421233]]]}, "properties": {"GEOID": "060190030031004", "P0010001": 100, "ALAND": 11440, "AWATER": 0}}, {"type": "Feature", "geometry": {"type": "Polygon", "coordinates": [[[-119.71832968001, 36.7395880418263], [-119.718316679592, 36.7402380419374], [-119.718311679569, 36.7405450421703], [-119.718253679842, 36.7424020417683], [-119.718240680322, 36.7428320421312], [-119.718241681045, 36.7431240419785], [-119.717798679558, 36.7431280421462], [-119.716471680135, 36.7431420416517], [-119.716029680269, 36.7431480429815], [-119.716035680117, 36.7427020421919], [-119.716262679898, 36.742689041754], [-119.716547680303, 36.7423490420875], [-119.716570679869, 36.7419950419226], [-119.716145679722, 36.7419820420848], [-119.716009680178, 36.741986042312], [-119.71600567998, 36.7419740423496], [-119.716010680003, 36.7416610420677], [-119.716024680246, 36.7412770421538], [-119.716030680094, 36.7410880418619], [-119.716119679783, 36.7410880418619], [-119.71672567968, 36.7410780422562], [-119.716722680205, 36.7406240417995], [-119.716310679578, 36.7406110417294], [-119.716047679813, 36.7406140421334], [-119.716055680209, 36.7404050422633], [-119.716060680231, 36.7402760417116], [-119.716060680231, 36.7402310419202], [-119.716060680231, 36.7397090421233], [-119.716061680056, 36.7395360422707], [-119.716122680156, 36.7395340417333], [-119.716305679555, 36.739531042007], [-119.716367680378, 36.739531042007], [-119.71675868019, 36.7395280422805], [-119.71793468, 36.7395190416607], [-119.718326679637, 36.7395170418428], [-119.71832968001, 36.7395880418263]]]}, "properties": {"GEOID": "060190030031005", "P0010001": 249, "ALAND": 74119, "AWATER": 0}}, {"type": "Feature", "geometry": {"type": "Polygon", "coordinates": [[[-119.71672567968, 36.7410780422562], [-119.716119679783, 36.7410880418619], [-119.716030680094, 36.7410880418619], [-119.71604068014, 36.7408000417562], [-119.716047679813, 36.7406140421334], [-119.716310679578, 36.7406110417294], [-119.716722680205, 36.7406240417995], [-119.71672567968, 36.7410780422562]]]}, "properties": {"GEOID": "060190030031006", "P0010001": 13, "ALAND": 3178, "AWATER": 0}}, {"type": "Feature", "geometry": {"type": "Polygon", "coordinates": [[[-119.718375680041, 36.736101042088], [-119.718375680041, 36.7370560421103], [-119.718358680323, 36.7380110417701], [-119.718341679706, 36.7383140418531], [-119.718337680406, 36.7384730419457], [-119.718327680361, 36.7389230417807], [-119.718324679987, 36.7389530421559], [-119.718314679942, 36.7391130422788], [-119.718315679767, 36.7391580420058], [-119.718319679965, 36.7392920418366], [-119.718321679614, 36.7393380420899], [-119.718322680338, 36.7393730418572], [-119.718325679812, 36.7394810422317], [-119.718326679637, 36.7395170418428], [-119.71793468, 36.7395190416607], [-119.71675868019, 36.7395280422805], [-119.716367680378, 36.739531042007], [-119.716353680134, 36.739386042137], [-119.71632868002, 36.7391250419686], [-119.716324679822, 36.7389510423232], [-119.716323679997, 36.738887041891], [-119.716341680439, 36.7388080419138], [-119.716510679595, 36.7388050421592], [-119.717018679583, 36.7387950422561], [-119.717188680361, 36.7387930416994], [-119.717187679637, 36.7386530421963], [-119.717187679637, 36.7382330421548], [-119.717187679637, 36.7380940422777], [-119.716696680266, 36.7380910417752], [-119.71522468018, 36.7380830423543], [-119.714734678837, 36.7380810417791], [-119.714553679087, 36.7380810417791], [-119.714014679137, 36.7380820417068], [-119.713834679212, 36.7380830423543], [-119.713828679364, 36.7383710418563], [-119.713808679273, 36.7392370423426], [-119.713802679425, 36.739526041743], [-119.713346679315, 36.739531042007], [-119.713228679314, 36.7395330418245], [-119.712658679402, 36.7395280422805], [-119.711979678811, 36.7395130422068], [-119.711524679425, 36.7395030416761], [-119.7115276789, 36.7393870420476], [-119.711537678946, 36.7390500418967], [-119.711537678946, 36.7390390421104], [-119.711543678793, 36.7389240416975], [-119.711548678816, 36.7388170418972], [-119.711551679189, 36.738761042144], [-119.712693678664, 36.7387420422442], [-119.712693678664, 36.7377050421332], [-119.712427679423, 36.7377050421332], [-119.712433679271, 36.7372970419195], [-119.711557679037, 36.7372890416961], [-119.711558678862, 36.7372430416547], [-119.711559678687, 36.7371270422104], [-119.711563678885, 36.7367780421612], [-119.711565679433, 36.7366630419604], [-119.711566679258, 36.7365090421792], [-119.711572679106, 36.7360680421764], [-119.711572679106, 36.7360470417017], [-119.711574678755, 36.7358930421246], [-119.712016678621, 36.7358910422122], [-119.713344678767, 36.735886041711], [-119.713787679356, 36.7358850417548], [-119.718375680041, 36.7358690417325], [-119.718375680041, 36.736101042088]]]}, "properties": {"GEOID": "060190030031007", "P0010001": 1025, "ALAND": 188188, "AWATER": 0}}, {"type": "Feature", "geometry": {"type": "Polygon", "coordinates": [[[-119.712693678664, 36.7387420422442], [-119.711551679189, 36.738761042144], [-119.711554678664, 36.7387110418672], [-119.711554678664, 36.7384990420879], [-119.711554678664, 36.7384850417356], [-119.711554678664, 36.7383930423387], [-119.711554678664, 36.7381620423578], [-119.711556679212, 36.7374720416504], [-119.711557679037, 36.7373470416776], [-119.711557679037, 36.7372890416961], [-119.712433679271, 36.7372970419195], [-119.712427679423, 36.7377050421332], [-119.712693678664, 36.7377050421332], [-119.712693678664, 36.7387420422442]]]}, "properties": {"GEOID": "060190030031008", "P0010001": 31, "ALAND": 15381, "AWATER": 0}}, {"type": "Feature", "geometry": {"type": "Polygon", "coordinates": [[[-119.717188680361, 36.7387930416994], [-119.717018679583, 36.7387950422561], [-119.716510679595, 36.7388050421592], [-119.716341680439, 36.7388080419138], [-119.716022679698, 36.7388070419956], [-119.715066679996, 36.7388040422409], [-119.714748679979, 36.7388040422409], [-119.714745678708, 36.7386590417175], [-119.714736679385, 36.7382250420288], [-119.714734678837, 36.7380810417791], [-119.71522468018, 36.7380830423543], [-119.716696680266, 36.7380910417752], [-119.717187679637, 36.7380940422777], [-119.717187679637, 36.7382330421548], [-119.717187679637, 36.7386530421963], [-119.717188680361, 36.7387930416994]]]}, "properties": {"GEOID": "060190030031009", "P0010001": 80, "ALAND": 17376, "AWATER": 0}}, {"type": "Feature", "geometry": {"type": "Polygon", "coordinates": [[[-119.713773679113, 36.7400000417115], [-119.713770678739, 36.740042041932], [-119.712693678664, 36.7400330420924], [-119.712686678991, 36.7401390417365], [-119.711519679402, 36.7401190429965], [-119.711519679402, 36.7399950429178], [-119.711522678877, 36.7396260419223], [-119.711524679425, 36.7395030416761], [-119.711979678811, 36.7395130422068], [-119.712658679402, 36.7395280422805], [-119.713228679314, 36.7395330418245], [-119.713346679315, 36.739531042007], [-119.713802679425, 36.739526041743], [-119.713773679113, 36.7400000417115]]]}, "properties": {"GEOID": "060190030031010", "P0010001": 41, "ALAND": 12622, "AWATER": 0}}, {"type": "Feature", "geometry": {"type": "Polygon", "coordinates": [[[-119.711522678877, 36.7396260419223], [-119.711519679402, 36.7399950429178], [-119.711519679402, 36.7401190429965], [-119.711518678679, 36.7401490429042], [-119.711518678679, 36.7402400431763], [-119.711518678679, 36.7402710429359], [-119.710586679267, 36.7402810426466], [-119.710595678589, 36.7404710426626], [-119.709254678923, 36.7404450431884], [-119.709254678923, 36.7404160432937], [-119.709256678573, 36.7403310433405], [-119.709258679121, 36.7403030433015], [-119.709263679144, 36.740141042978], [-119.709280678862, 36.7396570426496], [-119.709283679235, 36.7395770428369], [-119.70928667871, 36.7394960430315], [-119.709597679055, 36.7394990427592], [-119.710407679166, 36.7395080426615], [-119.71053267884, 36.7395070427524], [-119.71084467901, 36.7395060428433], [-119.710979678729, 36.7395050422143], [-119.711387679158, 36.7395030416761], [-119.711524679425, 36.7395030416761], [-119.711522678877, 36.7396260419223]]]}, "properties": {"GEOID": "060190030031011", "P0010001": 38, "ALAND": 19621, "AWATER": 0}}, {"type": "Feature", "geometry": {"type": "Polygon", "coordinates": [[[-119.711572679106, 36.7360470417017], [-119.711572679106, 36.7360680421764], [-119.711566679258, 36.7365090421792], [-119.711565679433, 36.7366630419604], [-119.711563678885, 36.7367780421612], [-119.711559678687, 36.7371270422104], [-119.711558678862, 36.7372430416547], [-119.711557679037, 36.7372890416961], [-119.711557679037, 36.7373470416776], [-119.710440678778, 36.7373660419228], [-119.710446678626, 36.7373440418659], [-119.709305678078, 36.7373530420208], [-119.709305678078, 36.7372790423154], [-119.709305678078, 36.7372530417599], [-119.709305678078, 36.7371770420792], [-119.709305678078, 36.7371520421488], [-119.709314678299, 36.736972041978], [-119.709315678124, 36.7368970419623], [-119.70932567817, 36.7361340419855], [-119.70932767782, 36.7360590418708], [-119.709329678368, 36.7358800419732], [-119.709778677906, 36.7358830418422], [-119.711125679217, 36.7358950420369], [-119.711352678998, 36.7358980419053], [-119.711574678755, 36.7358930421246], [-119.711572679106, 36.7360470417017]]]}, "properties": {"GEOID": "060190030031012", "P0010001": 66, "ALAND": 32603, "AWATER": 0}}, {"type": "Feature", "geometry": {"type": "Polygon", "coordinates": [[[-119.711556679212, 36.7374720416504], [-119.711554678664, 36.7381620423578], [-119.711554678664, 36.7383930423387], [-119.710404678793, 36.7384250420475], [-119.710407679166, 36.7395080426615], [-119.709597679055, 36.7394990427592], [-119.70928667871, 36.7394960430315], [-119.709287679433, 36.7392580426645], [-119.709290678908, 36.7385470426597], [-119.709291678733, 36.7384800428432], [-119.709292678558, 36.7383100421545], [-119.709307678626, 36.7381710416969], [-119.709306678801, 36.7381040422721], [-119.709305678078, 36.7374850422521], [-119.709305678078, 36.7373530420208], [-119.710446678626, 36.7373440418659], [-119.710440678778, 36.7373660419228], [-119.711557679037, 36.7373470416776], [-119.711556679212, 36.7374720416504]]]}, "properties": {"GEOID": "060190030031013", "P0010001": 40, "ALAND": 35679, "AWATER": 0}}, {"type": "Feature", "geometry": {"type": "Polygon", "coordinates": [[[-119.711554678664, 36.7384850417356], [-119.711554678664, 36.7384990420879], [-119.711554678664, 36.7387110418672], [-119.711551679189, 36.738761042144], [-119.711548678816, 36.7388170418972], [-119.711543678793, 36.7389240416975], [-119.711537678946, 36.7390390421104], [-119.711537678946, 36.7390500418967], [-119.7115276789, 36.7393870420476], [-119.711524679425, 36.7395030416761], [-119.711387679158, 36.7395030416761], [-119.710979678729, 36.7395050422143], [-119.71084467901, 36.7395060428433], [-119.71053267884, 36.7395070427524], [-119.710407679166, 36.7395080426615], [-119.710404678793, 36.7384250420475], [-119.711554678664, 36.7383930423387], [-119.711554678664, 36.7384850417356]]]}, "properties": {"GEOID": "060190030031014", "P0010001": 87, "ALAND": 12341, "AWATER": 0}}, {"type": "Feature", "geometry": {"type": "Polygon", "coordinates": [[[-119.716367680378, 36.739531042007], [-119.716305679555, 36.739531042007], [-119.716122680156, 36.7395340417333], [-119.716061680056, 36.7395360422707], [-119.715832679727, 36.7395370421794], [-119.715145679639, 36.7395390419968], [-119.714917680034, 36.7395410418141], [-119.714694679552, 36.739535041642], [-119.714384679931, 36.7395270416518], [-119.714025679008, 36.739526041743], [-119.713802679425, 36.739526041743], [-119.713808679273, 36.7392370423426], [-119.713828679364, 36.7383710418563], [-119.713834679212, 36.7380830423543], [-119.714014679137, 36.7380820417068], [-119.714553679087, 36.7380810417791], [-119.714734678837, 36.7380810417791], [-119.714736679385, 36.7382250420288], [-119.714745678708, 36.7386590417175], [-119.714748679979, 36.7388040422409], [-119.715066679996, 36.7388040422409], [-119.716022679698, 36.7388070419956], [-119.716341680439, 36.7388080419138], [-119.716323679997, 36.738887041891], [-119.716324679822, 36.7389510423232], [-119.71632868002, 36.7391250419686], [-119.716353680134, 36.739386042137], [-119.716367680378, 36.739531042007]]]}, "properties": {"GEOID": "060190030031015", "P0010001": 105, "ALAND": 24817, "AWATER": 0}}, {"type": "Feature", "geometry": {"type": "Polygon", "coordinates": [[[-119.709256678573, 36.7403310433405], [-119.709254678923, 36.7404160432937], [-119.709254678923, 36.7404450431884], [-119.709239678854, 36.740985043198], [-119.709237679204, 36.7410640430941], [-119.709229678809, 36.7426050427471], [-119.709229678809, 36.7427480432809], [-119.709233679007, 36.7431460432581], [-119.708878679179, 36.7431460432581], [-119.708483679169, 36.7431460432581], [-119.707816679172, 36.7431490428432], [-119.70746267917, 36.7431520431479], [-119.707319679055, 36.7431520431479], [-119.70725967878, 36.7431520431479], [-119.706889678885, 36.7431550427327], [-119.706747678594, 36.7431560433141], [-119.706607678852, 36.7431560433141], [-119.706581678913, 36.7431560433141], [-119.706190679101, 36.7431580430373], [-119.706051679184, 36.7431590428988], [-119.705923679137, 36.7431590428988], [-119.705645678404, 36.7431600427603], [-119.705542677574, 36.7431610433417], [-119.705415678251, 36.7431630430647], [-119.705267678113, 36.7431630430647], [-119.704826678072, 36.7431650427876], [-119.704680677583, 36.7431670432303], [-119.703995678043, 36.7431690429531], [-119.701943677999, 36.7431740429798], [-119.701259678284, 36.7431770440035], [-119.700056677812, 36.7431880439166], [-119.700056677812, 36.7428380442051], [-119.700059677287, 36.7417910430504], [-119.700061676936, 36.7414420433308], [-119.700064677309, 36.7405570430761], [-119.700132677081, 36.7405570430761], [-119.700336677296, 36.7405570430761], [-119.700404677068, 36.7405580429715], [-119.700629677199, 36.7405590428669], [-119.700724676735, 36.7405510429834], [-119.700958677087, 36.7405330427025], [-119.701119676745, 36.7405110428334], [-119.701353677995, 36.7404450431884], [-119.701460678126, 36.7404270428826], [-119.7015246777, 36.7404090432926], [-119.701558678035, 36.7403880432856], [-119.701600677868, 36.740381043282], [-119.701657677769, 36.7403510427451], [-119.701737678135, 36.7403320432389], [-119.701758678051, 36.7403180432208], [-119.701873677679, 36.7402690431375], [-119.701906678189, 36.7402480430922], [-119.701953678045, 36.7402310433599], [-119.702077677894, 36.7401850429219], [-119.702145677666, 36.7401640428537], [-119.702285678306, 36.7400670430808], [-119.702617677669, 36.7398030433527], [-119.702774678028, 36.7396800426703], [-119.702928678013, 36.7395600429559], [-119.706288678112, 36.7395330432643], [-119.706281678439, 36.7403240433317], [-119.706464677839, 36.7403140429067], [-119.706719678107, 36.7403140429067], [-119.707485677838, 36.7403150428053], [-119.707499678082, 36.7403160427038], [-119.707741678829, 36.7403110432108], [-119.707842679112, 36.7403100433122], [-119.708149679258, 36.740308042795], [-119.708251679365, 36.740308042795], [-119.708452679207, 36.7403060429976], [-119.708543679444, 36.7403060429976], [-119.709056678556, 36.7403040432002], [-119.709258679121, 36.7403030433015], [-119.709256678573, 36.7403310433405]]]}, "properties": {"GEOID": "060190030032000", "P0010001": 1448, "ALAND": 285517, "AWATER": 0}}, {"type": "Feature", "geometry": {"type": "Polygon", "coordinates": [[[-119.709291678733, 36.7384800428432], [-119.709290678908, 36.7385470426597], [-119.709287679433, 36.7392580426645], [-119.70928667871, 36.7394960430315], [-119.708519679154, 36.739504043025], [-119.708543679444, 36.7403060429976], [-119.708452679207, 36.7403060429976], [-119.708251679365, 36.740308042795], [-119.708149679258, 36.740308042795], [-119.707842679112, 36.7403100433122], [-119.707741678829, 36.7403110432108], [-119.707499678082, 36.7403160427038], [-119.707485677838, 36.7403150428053], [-119.706719678107, 36.7403140429067], [-119.706464677839, 36.7403140429067], [-119.706281678439, 36.7403240433317], [-119.706288678112, 36.7395330432643], [-119.702928678013, 36.7395600429559], [-119.703018678425, 36.7394900428559], [-119.703247677856, 36.7392960429238], [-119.70327067832, 36.7392710429638], [-119.703348678138, 36.7391920426619], [-119.703374678077, 36.7391920426619], [-119.703772677562, 36.738859042765], [-119.703908678005, 36.7387340428912], [-119.704022677807, 36.7386210433024], [-119.704260678357, 36.7383880427204], [-119.704331677604, 36.7383180429914], [-119.704339678, 36.7382910428629], [-119.704358678266, 36.7382670432206], [-119.704390678054, 36.738228043246], [-119.704398677551, 36.7381940428828], [-119.704457678001, 36.7381310431862], [-119.704478677917, 36.7380900432874], [-119.704499677833, 36.7380350429322], [-119.704550677887, 36.7379860428312], [-119.704550677887, 36.7379650428813], [-119.704583678397, 36.7379170426655], [-119.704599678291, 36.7378720429308], [-119.704608677613, 36.7378480431575], [-119.704608677613, 36.7378200429326], [-119.704647677971, 36.7377230430772], [-119.704667678063, 36.7376750427101], [-119.704692678177, 36.7376480430753], [-119.704776677843, 36.7374400429841], [-119.704796677934, 36.7373060427998], [-119.704817677851, 36.737261042707], [-119.7048766783, 36.7367130428514], [-119.704889677821, 36.7366810431488], [-119.704868677904, 36.7362820428125], [-119.704832677919, 36.7360620431727], [-119.70484167814, 36.7360410426963], [-119.70480667798, 36.7360070428043], [-119.704748678254, 36.7358720430418], [-119.705088678012, 36.7358680432159], [-119.705555677993, 36.7358700431288], [-119.706956677933, 36.7358790420168], [-119.707424677738, 36.7358820418859], [-119.707509678127, 36.7358830418422], [-119.707543677564, 36.7358830418422], [-119.707565678204, 36.7365670420302], [-119.708231678376, 36.7365670420302], [-119.708238678048, 36.7371480416697], [-119.708208677911, 36.7371480416697], [-119.708159678406, 36.7371470417299], [-119.707873678175, 36.7371430419703], [-119.707797678007, 36.7371420420304], [-119.707571678052, 36.7371390422107], [-119.707496677709, 36.7371380429906], [-119.707499678082, 36.7369850419445], [-119.707510677952, 36.7365270419639], [-119.70751467815, 36.7363750418096], [-119.707085677805, 36.7363760417595], [-119.705798677667, 36.7363810429486], [-119.705370678045, 36.7363830428483], [-119.705364678197, 36.7365340430389], [-119.70534767758, 36.736990043094], [-119.705342677557, 36.7371420427504], [-119.705185678097, 36.7371360431106], [-119.705091678385, 36.7371660427443], [-119.705074677769, 36.7371850430343], [-119.705061678248, 36.7372060431976], [-119.7050556784, 36.7372190431245], [-119.705025678263, 36.7373420427112], [-119.704850678361, 36.7378720429308], [-119.704751677729, 36.7380680427181], [-119.70473667766, 36.7381000432823], [-119.70459267772, 36.7382950432824], [-119.704569678154, 36.7383130426484], [-119.70551367816, 36.7383130426484], [-119.708347677828, 36.7383150432175], [-119.708482678446, 36.7383160431422], [-119.709292678558, 36.7383100421545], [-119.709291678733, 36.7384800428432]]]}, "properties": {"GEOID": "060190030032001", "P0010001": 103, "ALAND": 109805, "AWATER": 0}}, {"type": "Feature", "geometry": {"type": "Polygon", "coordinates": [[[-119.709283679235, 36.7395770428369], [-119.709280678862, 36.7396570426496], [-119.709263679144, 36.740141042978], [-119.709258679121, 36.7403030433015], [-119.709056678556, 36.7403040432002], [-119.708543679444, 36.7403060429976], [-119.708519679154, 36.739504043025], [-119.70928667871, 36.7394960430315], [-119.709283679235, 36.7395770428369]]]}, "properties": {"GEOID": "060190030032002", "P0010001": 18, "ALAND": 5906, "AWATER": 0}}, {"type": "Feature", "geometry": {"type": "Polygon", "coordinates": [[[-119.707510677952, 36.7365270419639], [-119.707499678082, 36.7369850419445], [-119.707496677709, 36.7371380429906], [-119.707282678347, 36.7371420427504], [-119.707065677713, 36.7371420427504], [-119.705772677728, 36.7371420427504], [-119.705342677557, 36.7371420427504], [-119.70534767758, 36.736990043094], [-119.705364678197, 36.7365340430389], [-119.705370678045, 36.7363830428483], [-119.705798677667, 36.7363810429486], [-119.707085677805, 36.7363760417595], [-119.70751467815, 36.7363750418096], [-119.707510677952, 36.7365270419639]]]}, "properties": {"GEOID": "060190030032003", "P0010001": 44, "ALAND": 16255, "AWATER": 0}}, {"type": "Feature", "geometry": {"type": "Polygon", "coordinates": [[[-119.704331677604, 36.7383180429914], [-119.704260678357, 36.7383880427204], [-119.704022677807, 36.7386210433024], [-119.703908678005, 36.7387340428912], [-119.703772677562, 36.738859042765], [-119.703374678077, 36.7391920426619], [-119.703348678138, 36.7391920426619], [-119.70327067832, 36.7392710429638], [-119.703247677856, 36.7392960429238], [-119.703018678425, 36.7394900428559], [-119.702928678013, 36.7395600429559], [-119.702774678028, 36.7396800426703], [-119.702617677669, 36.7398030433527], [-119.702285678306, 36.7400670430808], [-119.702145677666, 36.7401640428537], [-119.702077677894, 36.7401850429219], [-119.701953678045, 36.7402310433599], [-119.701906678189, 36.7402480430922], [-119.701873677679, 36.7402690431375], [-119.701758678051, 36.7403180432208], [-119.701737678135, 36.7403320432389], [-119.701657677769, 36.7403510427451], [-119.701600677868, 36.740381043282], [-119.701558678035, 36.7403880432856], [-119.7015246777, 36.7404090432926], [-119.701460678126, 36.7404270428826], [-119.701353677995, 36.7404450431884], [-119.701119676745, 36.7405110428334], [-119.700958677087, 36.7405330427025], [-119.700724676735, 36.7405510429834], [-119.700629677199, 36.7405590428669], [-119.700404677068, 36.7405580429715], [-119.700336677296, 36.7405570430761], [-119.700132677081, 36.7405570430761], [-119.700064677309, 36.7405570430761], [-119.700064677309, 36.7404640426666], [-119.700063676586, 36.7404290426769], [-119.700061676936, 36.7400450430781], [-119.700061676936, 36.7399180431687], [-119.700060677111, 36.7397610430014], [-119.700057676738, 36.7392900427326], [-119.700057676738, 36.7391330427207], [-119.700056676914, 36.7389970427808], [-119.700054677264, 36.7385890429554], [-119.700054677264, 36.7384540426945], [-119.700046676868, 36.7377840432455], [-119.70021967712, 36.7377750431411], [-119.700841676911, 36.7377790428677], [-119.7009306766, 36.7377790428677], [-119.70096567676, 36.7377790428677], [-119.70096567676, 36.7382640427249], [-119.700968677133, 36.7383610433364], [-119.701043676577, 36.7383620432605], [-119.701994677155, 36.7383580428444], [-119.703150677771, 36.7383160431422], [-119.703490678428, 36.7383130426484], [-119.704339678, 36.7382910428629], [-119.704331677604, 36.7383180429914]]]}, "properties": {"GEOID": "060190030032004", "P0010001": 207, "ALAND": 69532, "AWATER": 0}}, {"type": "Feature", "geometry": {"type": "Polygon", "coordinates": [[[-119.701511677281, 36.7377820426624], [-119.7012886768, 36.7377810427309], [-119.701198677286, 36.7377800427993], [-119.70096567676, 36.7377790428677], [-119.7009306766, 36.7377790428677], [-119.700841676911, 36.7377790428677], [-119.70021967712, 36.7377750431411], [-119.700046676868, 36.7377840432455], [-119.700046676868, 36.7374800432946], [-119.700032676624, 36.7368670429433], [-119.701486677167, 36.7368820428142], [-119.701511677281, 36.7377820426624]]]}, "properties": {"GEOID": "060190030032005", "P0010001": 0, "ALAND": 13059, "AWATER": 0}}, {"type": "Feature", "geometry": {"type": "Polygon", "coordinates": [[[-119.702408677431, 36.7365820426796], [-119.702397676662, 36.7372430430944], [-119.702398677386, 36.7373800431991], [-119.702404677233, 36.7377690428309], [-119.702180676928, 36.7377740432094], [-119.701767677374, 36.7377840432455], [-119.701511677281, 36.7377820426624], [-119.701486677167, 36.7368820428142], [-119.700032676624, 36.7368670429433], [-119.700026676776, 36.7366290430637], [-119.700027676601, 36.7365130426916], [-119.700033677347, 36.7358160433], [-119.70022167677, 36.7358090428795], [-119.701821676902, 36.7358260428712], [-119.70239267664, 36.7358250429141], [-119.702400677036, 36.7362130432747], [-119.702408677431, 36.7365820426796]]]}, "properties": {"GEOID": "060190030032006", "P0010001": 37, "ALAND": 32893, "AWATER": 0}}, {"type": "Feature", "geometry": {"type": "Polygon", "coordinates": [[[-119.7048766783, 36.7367130428514], [-119.704817677851, 36.737261042707], [-119.704796677934, 36.7373060427998], [-119.704776677843, 36.7374400429841], [-119.704692678177, 36.7376480430753], [-119.704667678063, 36.7376750427101], [-119.704647677971, 36.7377230430772], [-119.704608677613, 36.7378200429326], [-119.704608677613, 36.7378480431575], [-119.704599678291, 36.7378720429308], [-119.704583678397, 36.7379170426655], [-119.704550677887, 36.7379650428813], [-119.704550677887, 36.7379860428312], [-119.704499677833, 36.7380350429322], [-119.704478677917, 36.7380900432874], [-119.704457678001, 36.7381310431862], [-119.704398677551, 36.7381940428828], [-119.704390678054, 36.738228043246], [-119.704358678266, 36.7382670432206], [-119.704339678, 36.7382910428629], [-119.703490678428, 36.7383130426484], [-119.703150677771, 36.7383160431422], [-119.701994677155, 36.7383580428444], [-119.701043676577, 36.7383620432605], [-119.700968677133, 36.7383610433364], [-119.70096567676, 36.7382640427249], [-119.70096567676, 36.7377790428677], [-119.701198677286, 36.7377800427993], [-119.7012886768, 36.7377810427309], [-119.701511677281, 36.7377820426624], [-119.701767677374, 36.7377840432455], [-119.702180676928, 36.7377740432094], [-119.702404677233, 36.7377690428309], [-119.702398677386, 36.7373800431991], [-119.702397676662, 36.7372430430944], [-119.702408677431, 36.7365820426796], [-119.702400677036, 36.7362130432747], [-119.70239267664, 36.7358250429141], [-119.70265467658, 36.7358260428712], [-119.70317867736, 36.735836043161], [-119.703884676817, 36.7358590428868], [-119.704685677606, 36.7358730429983], [-119.704748678254, 36.7358720430418], [-119.70480667798, 36.7360070428043], [-119.70484167814, 36.7360410426963], [-119.704832677919, 36.7360620431727], [-119.704868677904, 36.7362820428125], [-119.704889677821, 36.7366810431488], [-119.7048766783, 36.7367130428514]]]}, "properties": {"GEOID": "060190030032007", "P0010001": 71, "ALAND": 65588, "AWATER": 0}}, {"type": "Feature", "geometry": {"type": "Polygon", "coordinates": [[[-119.70932767782, 36.7360590418708], [-119.70932567817, 36.7361340419855], [-119.709315678124, 36.7368970419623], [-119.709314678299, 36.736972041978], [-119.709305678078, 36.7371520421488], [-119.709018678023, 36.7371500422692], [-119.708238678048, 36.7371480416697], [-119.708231678376, 36.7365670420302], [-119.707565678204, 36.7365670420302], [-119.707543677564, 36.7358830418422], [-119.70780467768, 36.7358820418859], [-119.708947677878, 36.7358800419732], [-119.709329678368, 36.7358800419732], [-119.70932767782, 36.7360590418708]]]}, "properties": {"GEOID": "060190030032008", "P0010001": 23, "ALAND": 18272, "AWATER": 0}}, {"type": "Feature", "geometry": {"type": "Polygon", "coordinates": [[[-119.709307678626, 36.7381710416969], [-119.709292678558, 36.7383100421545], [-119.708482678446, 36.7383160431422], [-119.708347677828, 36.7383150432175], [-119.70551367816, 36.7383130426484], [-119.704569678154, 36.7383130426484], [-119.70459267772, 36.7382950432824], [-119.70473667766, 36.7381000432823], [-119.704751677729, 36.7380680427181], [-119.704850678361, 36.7378720429308], [-119.705025678263, 36.7373420427112], [-119.7050556784, 36.7372190431245], [-119.705061678248, 36.7372060431976], [-119.705074677769, 36.7371850430343], [-119.705091678385, 36.7371660427443], [-119.705185678097, 36.7371360431106], [-119.705342677557, 36.7371420427504], [-119.705772677728, 36.7371420427504], [-119.707065677713, 36.7371420427504], [-119.707282678347, 36.7371420427504], [-119.707496677709, 36.7371380429906], [-119.707571678052, 36.7371390422107], [-119.707797678007, 36.7371420420304], [-119.707873678175, 36.7371430419703], [-119.708159678406, 36.7371470417299], [-119.708208677911, 36.7371480416697], [-119.708238678048, 36.7371480416697], [-119.709018678023, 36.7371500422692], [-119.709305678078, 36.7371520421488], [-119.709305678078, 36.7371770420792], [-119.709305678078, 36.7372530417599], [-119.709305678078, 36.7372790423154], [-119.709305678078, 36.7373530420208], [-119.709305678078, 36.7374850422521], [-119.709306678801, 36.7381040422721], [-119.709307678626, 36.7381710416969]]]}, "properties": {"GEOID": "060190030032009", "P0010001": 73, "ALAND": 51322, "AWATER": 0}}, {"type": "Feature", "geometry": {"type": "Polygon", "coordinates": [[[-119.701573679002, 36.7504250439403], [-119.701480679115, 36.7504250439403], [-119.701258679358, 36.7504280439606], [-119.700343677867, 36.7504360442541], [-119.700275678095, 36.7504340440008], [-119.7002066776, 36.7504340440008], [-119.700149677698, 36.7504330442341], [-119.700148677873, 36.7503530441376], [-119.700154677721, 36.7495440441792], [-119.700350678438, 36.7495360437926], [-119.700546678257, 36.7495330437375], [-119.700620677876, 36.749532043959], [-119.700819678068, 36.7495300436822], [-119.700845678007, 36.7495290439036], [-119.70092067835, 36.7495270443466], [-119.701211677705, 36.7495190439582], [-119.701211677705, 36.7499640442248], [-119.70155567856, 36.7499710440742], [-119.701573679002, 36.7504250439403]]]}, "properties": {"GEOID": "060190030041000", "P0010001": 20, "ALAND": 11078, "AWATER": 0}}, {"type": "Feature", "geometry": {"type": "Polygon", "coordinates": [[[-119.702375678718, 36.749692044341], [-119.702371679418, 36.7502390438919], [-119.702370678695, 36.7504220439198], [-119.702147679112, 36.7504220439198], [-119.701573679002, 36.7504250439403], [-119.70155567856, 36.7499710440742], [-119.701211677705, 36.7499640442248], [-119.701211677705, 36.7495190439582], [-119.701285678223, 36.7495170436811], [-119.702085679188, 36.7495110442889], [-119.702377679266, 36.7495100437904], [-119.702375678718, 36.749692044341]]]}, "properties": {"GEOID": "060190030041001", "P0010001": 15, "ALAND": 8883, "AWATER": 0}}, {"type": "Feature", "geometry": {"type": "Polygon", "coordinates": [[[-119.70465867874, 36.750430044214], [-119.704200678981, 36.7504280439606], [-119.702827678629, 36.7504230436867], [-119.702370678695, 36.7504220439198], [-119.702371679418, 36.7502390438919], [-119.702375678718, 36.749692044341], [-119.702377679266, 36.7495100437904], [-119.702832678652, 36.7495090440116], [-119.704200678981, 36.7495070437342], [-119.704656679091, 36.7495070437342], [-119.704656679091, 36.7496910438448], [-119.704657678915, 36.750245043947], [-119.70465867874, 36.750430044214]]]}, "properties": {"GEOID": "060190030041002", "P0010001": 35, "ALAND": 20763, "AWATER": 0}}, {"type": "Feature", "geometry": {"type": "Polygon", "coordinates": [[[-119.709167679783, 36.7496900440684], [-119.709167679783, 36.7502420439195], [-119.709167679783, 36.7504270441938], [-119.70870468, 36.7504250439403], [-119.707317680303, 36.750421044153], [-119.707054678741, 36.750421044153], [-119.706855679448, 36.7504230436867], [-119.706850679425, 36.7501190441322], [-119.706849678702, 36.7499970439202], [-119.706173679382, 36.7500160439129], [-119.706173679382, 36.7501280442287], [-119.706174679207, 36.7504320437475], [-119.706066679252, 36.7504330442341], [-119.705870679434, 36.7504320437475], [-119.704961678689, 36.750430044214], [-119.70465867874, 36.750430044214], [-119.704657678915, 36.750245043947], [-119.704656679091, 36.7496910438448], [-119.704656679091, 36.7495070437342], [-119.704977678583, 36.7495100437904], [-119.705940678855, 36.7495210442354], [-119.706052679008, 36.7495230437926], [-119.706175679032, 36.7495130438464], [-119.7062516792, 36.7494730440488], [-119.706319678972, 36.7493880440496], [-119.706326678645, 36.7493190440573], [-119.706331678668, 36.7492760440933], [-119.706313679124, 36.7487850438334], [-119.706307679277, 36.7486070438926], [-119.70653967908, 36.748606044102], [-119.707237679039, 36.7486040438011], [-119.707470678668, 36.7486040438011], [-119.707474678866, 36.7487840440451], [-119.707486678561, 36.7493260439655], [-119.707490678759, 36.7495070437342], [-119.707825680291, 36.7495060439554], [-119.708831680222, 36.7495060439554], [-119.709167679783, 36.7495060439554], [-119.709167679783, 36.7496900440684]]]}, "properties": {"GEOID": "060190030041003", "P0010001": 97, "ALAND": 48606, "AWATER": 0}}, {"type": "Feature", "geometry": {"type": "Polygon", "coordinates": [[[-119.706326678645, 36.7493190440573], [-119.706319678972, 36.7493880440496], [-119.7062516792, 36.7494730440488], [-119.706175679032, 36.7495130438464], [-119.706052679008, 36.7495230437926], [-119.705940678855, 36.7495210442354], [-119.704977678583, 36.7495100437904], [-119.704656679091, 36.7495070437342], [-119.704659678565, 36.7493270437466], [-119.704668678786, 36.7487870441296], [-119.704671679159, 36.7486070438926], [-119.704998679397, 36.7486070438926], [-119.705979679213, 36.7486070438926], [-119.706307679277, 36.7486070438926], [-119.706313679124, 36.7487850438334], [-119.706331678668, 36.7492760440933], [-119.706326678645, 36.7493190440573]]]}, "properties": {"GEOID": "060190030041004", "P0010001": 28, "ALAND": 14825, "AWATER": 0}}, {"type": "Feature", "geometry": {"type": "Polygon", "coordinates": [[[-119.706855679448, 36.7504230436867], [-119.70671867918, 36.7504240441734], [-119.706549679126, 36.7504270441938], [-119.706310678751, 36.750430044214], [-119.706174679207, 36.7504320437475], [-119.706173679382, 36.7501280442287], [-119.706173679382, 36.7500160439129], [-119.706849678702, 36.7499970439202], [-119.706850679425, 36.7501190441322], [-119.706855679448, 36.7504230436867]]]}, "properties": {"GEOID": "060190030041005", "P0010001": 26, "ALAND": 2829, "AWATER": 0}}, {"type": "Feature", "geometry": {"type": "Polygon", "coordinates": [[[-119.709172679805, 36.7492420443055], [-119.709167679783, 36.7495060439554], [-119.708831680222, 36.7495060439554], [-119.707825680291, 36.7495060439554], [-119.707490678759, 36.7495070437342], [-119.707486678561, 36.7493260439655], [-119.707474678866, 36.7487840440451], [-119.707470678668, 36.7486040438011], [-119.707812678974, 36.7486030440105], [-119.708840680443, 36.7486010437095], [-119.709183679676, 36.7486010429897], [-119.709172679805, 36.7492420443055]]]}, "properties": {"GEOID": "060190030041006", "P0010001": 42, "ALAND": 15187, "AWATER": 0}}, {"type": "Feature", "geometry": {"type": "Polygon", "coordinates": [[[-119.70919967957, 36.7480440431408], [-119.709183679676, 36.7486010429897], [-119.708840680443, 36.7486010437095], [-119.707812678974, 36.7486030440105], [-119.707470678668, 36.7486040438011], [-119.707237679039, 36.7486040438011], [-119.70653967908, 36.748606044102], [-119.706307679277, 36.7486070438926], [-119.705979679213, 36.7486070438926], [-119.704998679397, 36.7486070438926], [-119.704671679159, 36.7486070438926], [-119.704673678809, 36.7484250436475], [-119.70468067938, 36.7478830438411], [-119.704683678855, 36.7477020438406], [-119.705257678965, 36.7476980439113], [-119.706980679121, 36.7476880437273], [-119.70699567919, 36.7476880437273], [-119.707555679056, 36.7476880437273], [-119.707881678571, 36.7476900433323], [-119.708280678779, 36.747694043262], [-119.708860678738, 36.74768904281], [-119.709187679874, 36.747687043205], [-119.709189680422, 36.7477580428285], [-119.709196680095, 36.7479720432632], [-119.70919967957, 36.7480440431408]]]}, "properties": {"GEOID": "060190030041007", "P0010001": 99, "ALAND": 40822, "AWATER": 0}}, {"type": "Feature", "geometry": {"type": "Polygon", "coordinates": [[[-119.70468067938, 36.7478830438411], [-119.704673678809, 36.7484250436475], [-119.704671679159, 36.7486070438926], [-119.704214679225, 36.7486070438926], [-119.702844679246, 36.7486070438926], [-119.702388679137, 36.7486070438926], [-119.702388679137, 36.7484250436475], [-119.702392678436, 36.7478790439213], [-119.702394678086, 36.7476980439113], [-119.702851678919, 36.7476980439113], [-119.704225679095, 36.7477010440382], [-119.704683678855, 36.7477020438406], [-119.70468067938, 36.7478830438411]]]}, "properties": {"GEOID": "060190030041008", "P0010001": 29, "ALAND": 20561, "AWATER": 0}}, {"type": "Feature", "geometry": {"type": "Polygon", "coordinates": [[[-119.704668678786, 36.7487870441296], [-119.704659678565, 36.7493270437466], [-119.704656679091, 36.7495070437342], [-119.704200678981, 36.7495070437342], [-119.702832678652, 36.7495090440116], [-119.702377679266, 36.7495100437904], [-119.702378679091, 36.7493290440287], [-119.702385678764, 36.7487870441296], [-119.702388679137, 36.7486070438926], [-119.702844679246, 36.7486070438926], [-119.704214679225, 36.7486070438926], [-119.704671679159, 36.7486070438926], [-119.704668678786, 36.7487870441296]]]}, "properties": {"GEOID": "060190030041009", "P0010001": 38, "ALAND": 20377, "AWATER": 0}}, {"type": "Feature", "geometry": {"type": "Polygon", "coordinates": [[[-119.702385678764, 36.7487870441296], [-119.702378679091, 36.7493290440287], [-119.702377679266, 36.7495100437904], [-119.702085679188, 36.7495110442889], [-119.701285678223, 36.7495170436811], [-119.701211677705, 36.7495190439582], [-119.70092067835, 36.7495270443466], [-119.700845678007, 36.7495290439036], [-119.700819678068, 36.7495300436822], [-119.700777678235, 36.7486180437472], [-119.700929677673, 36.7486170439568], [-119.702023678365, 36.7486090441935], [-119.702388679137, 36.7486070438926], [-119.702385678764, 36.7487870441296]]]}, "properties": {"GEOID": "060190030041010", "P0010001": 32, "ALAND": 14189, "AWATER": 0}}, {"type": "Feature", "geometry": {"type": "Polygon", "coordinates": [[[-119.700819678068, 36.7495300436822], [-119.700620677876, 36.749532043959], [-119.700546678257, 36.7495330437375], [-119.700350678438, 36.7495360437926], [-119.700154677721, 36.7495440441792], [-119.700124677584, 36.7486290443201], [-119.700212678346, 36.7486270440198], [-119.700476677936, 36.7486220443483], [-119.700565677625, 36.7486210438382], [-119.700623678249, 36.7486200440478], [-119.700777678235, 36.7486180437472], [-119.700819678068, 36.7495300436822]]]}, "properties": {"GEOID": "060190030041011", "P0010001": 0, "ALAND": 5960, "AWATER": 0}}, {"type": "Feature", "geometry": {"type": "Polygon", "coordinates": [[[-119.704673677911, 36.7433830432281], [-119.704652677994, 36.7440320430232], [-119.704646678147, 36.7442490433131], [-119.704648677796, 36.7443030429681], [-119.704655678367, 36.7444670428339], [-119.704658677842, 36.7445220428992], [-119.704655678367, 36.7446280428222], [-119.704649679418, 36.7449450433139], [-119.70464767887, 36.7450520432094], [-119.70464567922, 36.7451240429474], [-119.704641679022, 36.745343042695], [-119.704640679197, 36.745416042712], [-119.704646679045, 36.7455960439558], [-119.704666679136, 36.7461400437253], [-119.704673678809, 36.7463210438111], [-119.704673678809, 36.7464040439702], [-119.704675679357, 36.7466550442605], [-119.704676679182, 36.7467390438732], [-119.704677679007, 36.746875043771], [-119.702469678429, 36.746885044061], [-119.701704677625, 36.7469050439171], [-119.701134677712, 36.747086044358], [-119.700732678029, 36.7473060440725], [-119.700563677975, 36.7474940436428], [-119.700459678218, 36.7477020438406], [-119.700618678227, 36.7477030436429], [-119.700696678044, 36.7477010440382], [-119.700757678144, 36.7477030436429], [-119.700758677969, 36.7479480437689], [-119.700777678235, 36.7486180437472], [-119.700623678249, 36.7486200440478], [-119.700565677625, 36.7486210438382], [-119.700476677936, 36.7486220443483], [-119.700212678346, 36.7486270440198], [-119.700124677584, 36.7486290443201], [-119.700118677736, 36.7484460443346], [-119.700100678193, 36.7478980437186], [-119.700094678345, 36.7477160439513], [-119.700087677774, 36.7469850440096], [-119.700070678056, 36.7449350442109], [-119.700069678231, 36.7447930439932], [-119.700063678383, 36.7440630441305], [-119.700061677835, 36.74388804431], [-119.700057677637, 36.7433630438937], [-119.700056677812, 36.7431880439166], [-119.701259678284, 36.7431770440035], [-119.701943677999, 36.7431740429798], [-119.703995678043, 36.7431690429531], [-119.704680677583, 36.7431670432303], [-119.704673677911, 36.7433830432281]]]}, "properties": {"GEOID": "060190030041012", "P0010001": 527, "ALAND": 181116, "AWATER": 0}}, {"type": "Feature", "geometry": {"type": "Polygon", "coordinates": [[[-119.702392678436, 36.7478790439213], [-119.702388679137, 36.7484250436475], [-119.702388679137, 36.7486070438926], [-119.702023678365, 36.7486090441935], [-119.700929677673, 36.7486170439568], [-119.700777678235, 36.7486180437472], [-119.700758677969, 36.7479480437689], [-119.700757678144, 36.7477030436429], [-119.700805677824, 36.7477050439673], [-119.700973678054, 36.747704044165], [-119.702038678434, 36.7476990437137], [-119.702394678086, 36.7476980439113], [-119.702392678436, 36.7478790439213]]]}, "properties": {"GEOID": "060190030041013", "P0010001": 38, "ALAND": 14676, "AWATER": 0}}, {"type": "Feature", "geometry": {"type": "Polygon", "coordinates": [[[-119.704683678855, 36.7477020438406], [-119.704225679095, 36.7477010440382], [-119.702851678919, 36.7476980439113], [-119.702394678086, 36.7476980439113], [-119.702038678434, 36.7476990437137], [-119.700973678054, 36.747704044165], [-119.700805677824, 36.7477050439673], [-119.700757678144, 36.7477030436429], [-119.700696678044, 36.7477010440382], [-119.700618678227, 36.7477030436429], [-119.700459678218, 36.7477020438406], [-119.700563677975, 36.7474940436428], [-119.700732678029, 36.7473060440725], [-119.701134677712, 36.747086044358], [-119.701704677625, 36.7469050439171], [-119.702469678429, 36.746885044061], [-119.704677679007, 36.746875043771], [-119.704677679007, 36.7469310440823], [-119.704681679205, 36.7475090443161], [-119.704683678855, 36.7477020438406]]]}, "properties": {"GEOID": "060190030041014", "P0010001": 35, "ALAND": 30680, "AWATER": 0}}, {"type": "Feature", "geometry": {"type": "Polygon", "coordinates": [[[-119.709222679136, 36.7454510433068], [-119.709207679067, 36.746323042732], [-119.709200679395, 36.7468170430714], [-119.709196679197, 36.7471180433218], [-119.709195679372, 36.7472640427884], [-119.709193678824, 36.7473480431741], [-119.709188679699, 36.7476020426669], [-119.709187679874, 36.747687043205], [-119.708860678738, 36.74768904281], [-119.708280678779, 36.747694043262], [-119.707881678571, 36.7476900433323], [-119.707555679056, 36.7476880437273], [-119.70699567919, 36.7476880437273], [-119.706980679121, 36.7476880437273], [-119.705257678965, 36.7476980439113], [-119.704683678855, 36.7477020438406], [-119.704681679205, 36.7475090443161], [-119.704677679007, 36.7469310440823], [-119.704677679007, 36.746875043771], [-119.706968679426, 36.7469110427933], [-119.706962678679, 36.7467880427051], [-119.706962678679, 36.7458870428184], [-119.705356678699, 36.7459060431089], [-119.705337679331, 36.7450420426805], [-119.705597678724, 36.7450330427074], [-119.705665679394, 36.7450310430331], [-119.706380679072, 36.7450090430137], [-119.706642679012, 36.7450020427117], [-119.707156678848, 36.7449930427338], [-119.707394679398, 36.7449890426634], [-119.708700678904, 36.7449840427549], [-119.709215678565, 36.7449830429172], [-119.709222679136, 36.7454510433068]]]}, "properties": {"GEOID": "060190030041015", "P0010001": 71, "ALAND": 92344, "AWATER": 0}}, {"type": "Feature", "geometry": {"type": "Polygon", "coordinates": [[[-119.709229678809, 36.7435130427337], [-119.709218678938, 36.7446150427105], [-119.709215678565, 36.7449830429172], [-119.708700678904, 36.7449840427549], [-119.707394679398, 36.7449890426634], [-119.707156678848, 36.7449930427338], [-119.706642679012, 36.7450020427117], [-119.706380679072, 36.7450090430137], [-119.705665679394, 36.7450310430331], [-119.705641679105, 36.7442670427224], [-119.705632678884, 36.74398104273], [-119.705645678404, 36.7431600427603], [-119.705923679137, 36.7431590428988], [-119.706051679184, 36.7431590428988], [-119.706190679101, 36.7431580430373], [-119.706581678913, 36.7431560433141], [-119.706601679004, 36.7439980430714], [-119.707276679397, 36.7439900428265], [-119.70725967878, 36.7431520431479], [-119.707319679055, 36.7431520431479], [-119.70746267917, 36.7431520431479], [-119.707816679172, 36.7431490428432], [-119.708483679169, 36.7431460432581], [-119.708878679179, 36.7431460432581], [-119.709233679007, 36.7431460432581], [-119.709229678809, 36.7435130427337]]]}, "properties": {"GEOID": "060190030041016", "P0010001": 67, "ALAND": 59802, "AWATER": 0}}, {"type": "Feature", "geometry": {"type": "Polygon", "coordinates": [[[-119.707276679397, 36.7439900428265], [-119.706601679004, 36.7439980430714], [-119.706581678913, 36.7431560433141], [-119.706607678852, 36.7431560433141], [-119.706747678594, 36.7431560433141], [-119.706889678885, 36.7431550427327], [-119.70725967878, 36.7431520431479], [-119.707276679397, 36.7439900428265]]]}, "properties": {"GEOID": "060190030041017", "P0010001": 22, "ALAND": 5630, "AWATER": 0}}, {"type": "Feature", "geometry": {"type": "Polygon", "coordinates": [[[-119.705665679394, 36.7450310430331], [-119.705597678724, 36.7450330427074], [-119.705337679331, 36.7450420426805], [-119.705199679239, 36.7450440430744], [-119.704785678962, 36.7450500428158], [-119.70464767887, 36.7450520432094], [-119.704649679418, 36.7449450433139], [-119.704655678367, 36.7446280428222], [-119.704658677842, 36.7445220428992], [-119.704655678367, 36.7444670428339], [-119.704648677796, 36.7443030429681], [-119.704646678147, 36.7442490433131], [-119.704652677994, 36.7440320430232], [-119.704673677911, 36.7433830432281], [-119.704680677583, 36.7431670432303], [-119.704826678072, 36.7431650427876], [-119.705267678113, 36.7431630430647], [-119.705415678251, 36.7431630430647], [-119.705542677574, 36.7431610433417], [-119.705645678404, 36.7431600427603], [-119.705632678884, 36.74398104273], [-119.705641679105, 36.7442670427224], [-119.705665679394, 36.7450310430331]]]}, "properties": {"GEOID": "060190030041018", "P0010001": 73, "ALAND": 18374, "AWATER": 0}}, {"type": "Feature", "geometry": {"type": "Polygon", "coordinates": [[[-119.706968679426, 36.7469110427933], [-119.704677679007, 36.746875043771], [-119.704676679182, 36.7467390438732], [-119.704675679357, 36.7466550442605], [-119.704673678809, 36.7464040439702], [-119.704673678809, 36.7463210438111], [-119.704666679136, 36.7461400437253], [-119.704646679045, 36.7455960439558], [-119.704640679197, 36.745416042712], [-119.704641679022, 36.745343042695], [-119.70464567922, 36.7451240429474], [-119.70464767887, 36.7450520432094], [-119.704785678962, 36.7450500428158], [-119.705199679239, 36.7450440430744], [-119.705337679331, 36.7450420426805], [-119.705356678699, 36.7459060431089], [-119.706962678679, 36.7458870428184], [-119.706962678679, 36.7467880427051], [-119.706968679426, 36.7469110427933]]]}, "properties": {"GEOID": "060190030041019", "P0010001": 56, "ALAND": 28529, "AWATER": 0}}, {"type": "Feature", "geometry": {"type": "Polygon", "coordinates": [[[-119.713110680212, 36.7504170429259], [-119.711471679722, 36.7504200436662], [-119.709167679783, 36.7504270441938], [-119.709167679783, 36.7502420439195], [-119.709167679783, 36.7496900440684], [-119.709167679783, 36.7495060439554], [-119.709172679805, 36.7492420443055], [-119.709713680304, 36.7492350436699], [-119.711336680002, 36.7492140431988], [-119.711399679752, 36.7492130426963], [-119.711428680064, 36.7501800430858], [-119.711876679778, 36.7501830431157], [-119.713109680387, 36.7501990430331], [-119.713109680387, 36.7503110430818], [-119.713110680212, 36.7504170429259]]]}, "properties": {"GEOID": "060190030042000", "P0010001": 42, "ALAND": 30489, "AWATER": 0}}, {"type": "Feature", "geometry": {"type": "Polygon", "coordinates": [[[-119.714427681385, 36.7504220432001], [-119.713674681175, 36.7504220432001], [-119.713110680212, 36.7504170429259], [-119.713109680387, 36.7503110430818], [-119.713109680387, 36.7501990430331], [-119.713717680833, 36.7501850426557], [-119.713766680338, 36.7477620427546], [-119.713838680308, 36.7477610429531], [-119.713902679882, 36.7477600431515], [-119.714098679701, 36.7477580428285], [-119.714163679998, 36.7477580428285], [-119.714189679937, 36.7489570432059], [-119.714186679564, 36.7491250430579], [-119.714181681338, 36.7495820429445], [-119.714192681209, 36.7496300430629], [-119.714233681217, 36.749795042836], [-119.714281680897, 36.7499170426493], [-119.714333680776, 36.7500480430944], [-119.714414680967, 36.7502710429804], [-119.714415680792, 36.7502900429052], [-119.714427681385, 36.7504220432001]]]}, "properties": {"GEOID": "060190030042001", "P0010001": 42, "ALAND": 14081, "AWATER": 0}}, {"type": "Feature", "geometry": {"type": "Polygon", "coordinates": [[[-119.713766680338, 36.7477620427546], [-119.713717680833, 36.7501850426557], [-119.713109680387, 36.7501990430331], [-119.713142679999, 36.7500350431811], [-119.71315367987, 36.7500000432375], [-119.71318868003, 36.7499010426731], [-119.713197680251, 36.7498740430204], [-119.713204679923, 36.7498420430466], [-119.713228680213, 36.7497400429511], [-119.713235679885, 36.7496610433484], [-119.713237680434, 36.7496450433187], [-119.713237680434, 36.7496000432624], [-119.713267679673, 36.7477660426806], [-119.713381680374, 36.7477640430775], [-119.713723679782, 36.7477620427546], [-119.713766680338, 36.7477620427546]]]}, "properties": {"GEOID": "060190030042002", "P0010001": 31, "ALAND": 12185, "AWATER": 0}}, {"type": "Feature", "geometry": {"type": "Polygon", "coordinates": [[[-119.715933680908, 36.7498670431623], [-119.715511681134, 36.7498630433458], [-119.715523680829, 36.7504170429259], [-119.714427681385, 36.7504220432001], [-119.714415680792, 36.7502900429052], [-119.714414680967, 36.7502710429804], [-119.714333680776, 36.7500480430944], [-119.714281680897, 36.7499170426493], [-119.714233681217, 36.749795042836], [-119.715016680666, 36.7497740432379], [-119.715596680624, 36.7495430429612], [-119.715932681083, 36.7495140429054], [-119.715933680908, 36.7498670431623]]]}, "properties": {"GEOID": "060190030042003", "P0010001": 14, "ALAND": 9279, "AWATER": 0}}, {"type": "Feature", "geometry": {"type": "Polygon", "coordinates": [[[-119.718255681289, 36.7504280432408], [-119.717792680608, 36.7504280432408], [-119.716405680911, 36.7504280432408], [-119.716161681412, 36.7504280432408], [-119.715944680779, 36.7504160431589], [-119.7158926809, 36.7504160431589], [-119.715738680914, 36.7504160431589], [-119.715687680861, 36.7504170429259], [-119.715523680829, 36.7504170429259], [-119.715511681134, 36.7498630433458], [-119.715933680908, 36.7498670431623], [-119.715932681083, 36.7495140429054], [-119.716090681267, 36.7495100430706], [-119.716388681193, 36.7495110428494], [-119.717759680996, 36.7495200430172], [-119.718217680756, 36.7495240428514], [-119.718224681327, 36.7497040430966], [-119.718247680893, 36.7502470427656], [-119.718255681289, 36.7504280432408]]]}, "properties": {"GEOID": "060190030042004", "P0010001": 35, "ALAND": 23073, "AWATER": 0}}, {"type": "Feature", "geometry": {"type": "Polygon", "coordinates": [[[-119.718217680756, 36.7487720429863], [-119.718217680756, 36.7493360432162], [-119.718217680756, 36.7495240428514], [-119.717759680996, 36.7495200430172], [-119.716388681193, 36.7495110428494], [-119.716090681267, 36.7495100430706], [-119.715932681083, 36.7495140429054], [-119.715932681083, 36.7493820432078], [-119.715935680558, 36.7489880430434], [-119.715936681281, 36.748857042948], [-119.715936681281, 36.7488330430107], [-119.715936681281, 36.7487630427308], [-119.715936681281, 36.7487400432727], [-119.715936681281, 36.7487100431241], [-119.715936681281, 36.7486240432092], [-119.715937681106, 36.7485950428061], [-119.716393681216, 36.7485920427141], [-119.717761680646, 36.7485870430404], [-119.718218680581, 36.748585042739], [-119.718217680756, 36.7487720429863]]]}, "properties": {"GEOID": "060190030042005", "P0010001": 42, "ALAND": 20956, "AWATER": 0}}, {"type": "Feature", "geometry": {"type": "Polygon", "coordinates": [[[-119.715936681281, 36.7486240432092], [-119.715936681281, 36.7487100431241], [-119.715936681281, 36.7487400432727], [-119.715936681281, 36.7487630427308], [-119.715936681281, 36.7488330430107], [-119.715936681281, 36.748857042948], [-119.715935680558, 36.7489880430434], [-119.715932681083, 36.7493820432078], [-119.715932681083, 36.7495140429054], [-119.715596680624, 36.7495430429612], [-119.715016680666, 36.7497740432379], [-119.714233681217, 36.749795042836], [-119.714192681209, 36.7496300430629], [-119.714181681338, 36.7495820429445], [-119.714186679564, 36.7491250430579], [-119.714189679937, 36.7489570432059], [-119.714163679998, 36.7477580428285], [-119.714164679823, 36.7476630429017], [-119.714168680021, 36.7473790429419], [-119.714169679846, 36.7473520431216], [-119.714211679679, 36.7473000430678], [-119.714527680046, 36.7472960431176], [-119.715475681149, 36.7472850430734], [-119.715719680648, 36.747283042738], [-119.715790680793, 36.7472980427328], [-119.715840681022, 36.7473100433024], [-119.715872680809, 36.7473300430478], [-119.715895681273, 36.7473570428758], [-119.715906681144, 36.7473890431662], [-119.715913680817, 36.747622043056], [-119.71591668119, 36.7476900433323], [-119.715905681319, 36.7477180428358], [-119.715919680664, 36.7477850432257], [-119.715930681433, 36.7478330430286], [-119.715934680733, 36.7479910430375], [-119.715936681281, 36.7480600427845], [-119.715936681281, 36.7481670426554], [-119.715936681281, 36.7484880428122], [-119.715937681106, 36.7485950428061], [-119.715936681281, 36.7486240432092]]]}, "properties": {"GEOID": "060190030042006", "P0010001": 114, "ALAND": 41633, "AWATER": 0}}, {"type": "Feature", "geometry": {"type": "Polygon", "coordinates": [[[-119.718218680581, 36.748585042739], [-119.717761680646, 36.7485870430404], [-119.716393681216, 36.7485920427141], [-119.715937681106, 36.7485950428061], [-119.715936681281, 36.7484880428122], [-119.715936681281, 36.7481670426554], [-119.715936681281, 36.7480600427845], [-119.715934680733, 36.7479910430375], [-119.715930681433, 36.7478330430286], [-119.715919680664, 36.7477850432257], [-119.715905681319, 36.7477180428358], [-119.715993681183, 36.7477160432315], [-119.716366680553, 36.7477090431764], [-119.717509680751, 36.74768904281], [-119.717752681324, 36.74768904281], [-119.718215681106, 36.7476910431348], [-119.718215681106, 36.747869043041], [-119.718217680756, 36.7484060432609], [-119.718218680581, 36.748585042739]]]}, "properties": {"GEOID": "060190030042007", "P0010001": 37, "ALAND": 20158, "AWATER": 0}}, {"type": "Feature", "geometry": {"type": "Polygon", "coordinates": [[[-119.718252680916, 36.7463620429122], [-119.718247680893, 36.7465240430615], [-119.718236681022, 36.746916043296], [-119.716032680642, 36.7469240432358], [-119.715993681183, 36.7477160432315], [-119.715905681319, 36.7477180428358], [-119.71591668119, 36.7476900433323], [-119.715913680817, 36.747622043056], [-119.715906681144, 36.7473890431662], [-119.715895681273, 36.7473570428758], [-119.715872680809, 36.7473300430478], [-119.715840681022, 36.7473100433024], [-119.715790680793, 36.7472980427328], [-119.715719680648, 36.747283042738], [-119.715475681149, 36.7472850430734], [-119.714527680046, 36.7472960431176], [-119.714211679679, 36.7473000430678], [-119.714169679846, 36.7473520431216], [-119.714168680021, 36.7473790429419], [-119.714164679823, 36.7476630429017], [-119.714163679998, 36.7477580428285], [-119.714098679701, 36.7477580428285], [-119.713902679882, 36.7477600431515], [-119.713838680308, 36.7477610429531], [-119.713766680338, 36.7477620427546], [-119.713782680232, 36.7468070427725], [-119.715779680922, 36.7468010431685], [-119.716031680817, 36.7468070427725], [-119.716029680269, 36.7431480429815], [-119.716471680135, 36.7431420416517], [-119.717798679558, 36.7431280421462], [-119.718241681045, 36.7431240419785], [-119.718238680672, 36.7433310419245], [-119.718230681174, 36.7439550422852], [-119.718228680626, 36.7441640418462], [-119.71822968135, 36.7444860420364], [-119.718232680824, 36.7453370429765], [-119.718235681197, 36.7454530429701], [-119.718245681243, 36.7457760433379], [-119.718246681068, 36.7458930432137], [-119.718250681266, 36.7462440432104], [-119.718252680916, 36.7463620429122]], [[-119.717148681076, 36.745418043096], [-119.717131681358, 36.7453300427045], [-119.717039681296, 36.7452880432182], [-119.716986680694, 36.7452870426645], [-119.716526680387, 36.7452820427755], [-119.716479679633, 36.7452820427755], [-119.716386679746, 36.7453320430908], [-119.716367680378, 36.7454000432368], [-119.71636567983, 36.7456110428408], [-119.716360680705, 36.7464560431915], [-119.71635968088, 36.7466780429039], [-119.716382681345, 36.746734043359], [-119.716526681285, 36.7467320430093], [-119.71695968093, 36.7467280430294], [-119.717104680695, 36.7467270432144], [-119.717132681182, 36.7466570431727], [-119.717133681007, 36.746542042657], [-119.717139680855, 36.7459710432717], [-119.717142681228, 36.7457810431947], [-119.717143681053, 36.745690043014], [-119.717148681076, 36.745418043096]]]}, "properties": {"GEOID": "060190030042008", "P0010001": 106, "ALAND": 84874, "AWATER": 0}}, {"type": "Feature", "geometry": {"type": "Polygon", "coordinates": [[[-119.718233680649, 36.7470090430853], [-119.71822968135, 36.7471720431174], [-119.718226680976, 36.7472750428356], [-119.718217680756, 36.7475870427316], [-119.718215681106, 36.7476910431348], [-119.717752681324, 36.74768904281], [-119.717509680751, 36.74768904281], [-119.716366680553, 36.7477090431764], [-119.715993681183, 36.7477160432315], [-119.716032680642, 36.7469240432358], [-119.718236681022, 36.746916043296], [-119.718233680649, 36.7470090430853]]]}, "properties": {"GEOID": "060190030042009", "P0010001": 7, "ALAND": 17061, "AWATER": 0}}, {"type": "Feature", "geometry": {"type": "Polygon", "coordinates": [[[-119.717143681053, 36.745690043014], [-119.717142681228, 36.7457810431947], [-119.717139680855, 36.7459710432717], [-119.717133681007, 36.746542042657], [-119.717132681182, 36.7466570431727], [-119.717104680695, 36.7467270432144], [-119.71695968093, 36.7467280430294], [-119.716526681285, 36.7467320430093], [-119.716382681345, 36.746734043359], [-119.71635968088, 36.7466780429039], [-119.716360680705, 36.7464560431915], [-119.71636567983, 36.7456110428408], [-119.716367680378, 36.7454000432368], [-119.716386679746, 36.7453320430908], [-119.716479679633, 36.7452820427755], [-119.716526680387, 36.7452820427755], [-119.716986680694, 36.7452870426645], [-119.717039681296, 36.7452880432182], [-119.717131681358, 36.7453300427045], [-119.717148681076, 36.745418043096], [-119.717143681053, 36.745690043014]]]}, "properties": {"GEOID": "060190030042010", "P0010001": 56, "ALAND": 11037, "AWATER": 0}}, {"type": "Feature", "geometry": {"type": "Polygon", "coordinates": [[[-119.716031680817, 36.7468070427725], [-119.715779680922, 36.7468010431685], [-119.713782680232, 36.7468070427725], [-119.713766680338, 36.7477620427546], [-119.713723679782, 36.7477620427546], [-119.713381680374, 36.7477640430775], [-119.713267679673, 36.7477660426806], [-119.713257679627, 36.7472680427403], [-119.71298367999, 36.7472670429323], [-119.712163679833, 36.7472640427884], [-119.711890680021, 36.7472630429804], [-119.711709680271, 36.7472640427884], [-119.711168679773, 36.7472680427403], [-119.710988679848, 36.7472700430761], [-119.710629679823, 36.7472680427403], [-119.709553679572, 36.7472650433163], [-119.709195679372, 36.7472640427884], [-119.709196679197, 36.7471180433218], [-119.709200679395, 36.7468170430714], [-119.709207679067, 36.746323042732], [-119.709222679136, 36.7454510433068], [-119.709215678565, 36.7449830429172], [-119.709218678938, 36.7446150427105], [-119.709229678809, 36.7435130427337], [-119.709233679007, 36.7431460432581], [-119.711482678694, 36.7431440428149], [-119.712702679783, 36.7431480429815], [-119.713720680307, 36.7431620432032], [-119.713726680155, 36.7450270429646], [-119.713721680132, 36.746663042788], [-119.713753679919, 36.7467240430494], [-119.713829680087, 36.7467570426985], [-119.713968680004, 36.7467550430692], [-119.714027679556, 36.7467550430692], [-119.714637679651, 36.7467600428623], [-119.714689680428, 36.7467610426769], [-119.71479468001, 36.7467560428839], [-119.714858679584, 36.7467400429683], [-119.714862679782, 36.7466520426531], [-119.714857679759, 36.7463950427171], [-119.714837679668, 36.7453600427348], [-119.71483167982, 36.745016043315], [-119.714853679561, 36.7446410429316], [-119.714921680232, 36.7431550427327], [-119.715410679953, 36.7431550427327], [-119.716029680269, 36.7431480429815], [-119.716031680817, 36.7468070427725]]]}, "properties": {"GEOID": "060190030042011", "P0010001": 222, "ALAND": 229529, "AWATER": 0}}, {"type": "Feature", "geometry": {"type": "Polygon", "coordinates": [[[-119.714858679584, 36.7467400429683], [-119.71479468001, 36.7467560428839], [-119.714689680428, 36.7467610426769], [-119.714637679651, 36.7467600428623], [-119.714027679556, 36.7467550430692], [-119.713968680004, 36.7467550430692], [-119.713829680087, 36.7467570426985], [-119.713753679919, 36.7467240430494], [-119.713721680132, 36.746663042788], [-119.713726680155, 36.7450270429646], [-119.71483167982, 36.745016043315], [-119.714837679668, 36.7453600427348], [-119.714857679759, 36.7463950427171], [-119.714862679782, 36.7466520426531], [-119.714858679584, 36.7467400429683]]]}, "properties": {"GEOID": "060190030042012", "P0010001": 42, "ALAND": 19293, "AWATER": 0}}, {"type": "Feature", "geometry": {"type": "Polygon", "coordinates": [[[-119.714853679561, 36.7446410429316], [-119.71483167982, 36.745016043315], [-119.713726680155, 36.7450270429646], [-119.713720680307, 36.7431620432032], [-119.713754679744, 36.7431630430647], [-119.714921680232, 36.7431550427327], [-119.714853679561, 36.7446410429316]]]}, "properties": {"GEOID": "060190030042013", "P0010001": 73, "ALAND": 21314, "AWATER": 0}}, {"type": "Feature", "geometry": {"type": "Polygon", "coordinates": [[[-119.710987680023, 36.7475730433171], [-119.710987680023, 36.7484830431318], [-119.710987680023, 36.74878704269], [-119.710813679946, 36.7487840433253], [-119.710293680262, 36.748778043156], [-119.71012068001, 36.7487760428596], [-119.710110679964, 36.7486270432999], [-119.710080679827, 36.7481820431971], [-119.710070679781, 36.7480340430019], [-119.709895679879, 36.7480360433177], [-119.709373679647, 36.7480410430273], [-119.70919967957, 36.7480440431408], [-119.709196680095, 36.7479720432632], [-119.709189680422, 36.7477580428285], [-119.709187679874, 36.747687043205], [-119.709188679699, 36.7476020426669], [-119.709193678824, 36.7473480431741], [-119.709195679372, 36.7472640427884], [-119.709553679572, 36.7472650433163], [-119.710629679823, 36.7472680427403], [-119.710988679848, 36.7472700430761], [-119.710987680023, 36.7475730433171]]]}, "properties": {"GEOID": "060190030042014", "P0010001": 65, "ALAND": 20300, "AWATER": 0}}, {"type": "Feature", "geometry": {"type": "Polygon", "coordinates": [[[-119.713237680434, 36.7496450433187], [-119.713235679885, 36.7496610433484], [-119.713228680213, 36.7497400429511], [-119.713204679923, 36.7498420430466], [-119.713197680251, 36.7498740430204], [-119.71318868003, 36.7499010426731], [-119.71315367987, 36.7500000432375], [-119.713142679999, 36.7500350431811], [-119.713109680387, 36.7501990430331], [-119.711876679778, 36.7501830431157], [-119.711428680064, 36.7501800430858], [-119.711399679752, 36.7492130426963], [-119.711336680002, 36.7492140431988], [-119.709713680304, 36.7492350436699], [-119.709172679805, 36.7492420443055], [-119.709183679676, 36.7486010429897], [-119.70919967957, 36.7480440431408], [-119.709373679647, 36.7480410430273], [-119.709895679879, 36.7480360433177], [-119.710070679781, 36.7480340430019], [-119.710080679827, 36.7481820431971], [-119.710110679964, 36.7486270432999], [-119.71012068001, 36.7487760428596], [-119.710293680262, 36.748778043156], [-119.710813679946, 36.7487840433253], [-119.710987680023, 36.74878704269], [-119.710987680023, 36.7484830431318], [-119.710987680023, 36.7475730433171], [-119.710988679848, 36.7472700430761], [-119.711168679773, 36.7472680427403], [-119.711709680271, 36.7472640427884], [-119.711890680021, 36.7472630429804], [-119.711891679846, 36.7474010430016], [-119.711894680219, 36.747815043016], [-119.711896679869, 36.7479540432833], [-119.711896679869, 36.7479870431233], [-119.711893680394, 36.7481170427477], [-119.711886679823, 36.7486080429634], [-119.711884680173, 36.7487310430134], [-119.711878680326, 36.7492080430632], [-119.711874680128, 36.7494390429088], [-119.712507679789, 36.7494660427145], [-119.712723679699, 36.7495390431279], [-119.713237680434, 36.7496000432624], [-119.713237680434, 36.7496450433187]]]}, "properties": {"GEOID": "060190030042015", "P0010001": 126, "ALAND": 45518, "AWATER": 0}}, {"type": "Feature", "geometry": {"type": "Polygon", "coordinates": [[[-119.713267679673, 36.7477660426806], [-119.713237680434, 36.7496000432624], [-119.712723679699, 36.7495390431279], [-119.712507679789, 36.7494660427145], [-119.711874680128, 36.7494390429088], [-119.711878680326, 36.7492080430632], [-119.711884680173, 36.7487310430134], [-119.711886679823, 36.7486080429634], [-119.711893680394, 36.7481170427477], [-119.711896679869, 36.7479870431233], [-119.711896679869, 36.7479540432833], [-119.711894680219, 36.747815043016], [-119.711891679846, 36.7474010430016], [-119.711890680021, 36.7472630429804], [-119.712163679833, 36.7472640427884], [-119.71298367999, 36.7472670429323], [-119.713257679627, 36.7472680427403], [-119.713267679673, 36.7477660426806]]]}, "properties": {"GEOID": "060190030042016", "P0010001": 105, "ALAND": 30354, "AWATER": 0}}, {"type": "Feature", "geometry": {"type": "Polygon", "coordinates": [[[-119.718205687348, 36.8066700476968], [-119.7182036868, 36.8080200486803], [-119.7182036868, 36.8083410492889], [-119.718195687303, 36.8084710487223], [-119.717287687281, 36.8084750490776], [-119.714566686692, 36.8084910490581], [-119.713659687395, 36.8084970488702], [-119.713658686671, 36.8080290491728], [-119.713655686298, 36.8066250487406], [-119.713655686298, 36.8061570491091], [-119.714566686692, 36.8061540491114], [-119.715937687394, 36.8061510491136], [-119.716046687174, 36.8061560493496], [-119.716517687352, 36.8062200490324], [-119.716641687201, 36.8062310492534], [-119.717295686779, 36.8062220478304], [-119.718031687271, 36.8062130478448], [-119.718207686998, 36.8062200483131], [-119.718205687348, 36.8066700476968]]]}, "properties": {"GEOID": "060190031021000", "P0010001": 697, "ALAND": 103609, "AWATER": 0}}, {"type": "Feature", "geometry": {"type": "Polygon", "coordinates": [[[-119.700546683646, 36.8048580492062], [-119.700494683768, 36.8048570487105], [-119.700339683957, 36.8048540501004], [-119.700288683904, 36.804853050324], [-119.700288683904, 36.8047820503379], [-119.700288683904, 36.8045720493251], [-119.700289683729, 36.8045020488596], [-119.700289683729, 36.8043040487992], [-119.700292684102, 36.8037090493511], [-119.700293683927, 36.8035120491922], [-119.700316684391, 36.8035110486789], [-119.700387683638, 36.8035100488849], [-119.700411683927, 36.8035100488849], [-119.700436684042, 36.8035090490909], [-119.70051268421, 36.8035070487836], [-119.700538684149, 36.8035070487836], [-119.700538684149, 36.8036420489122], [-119.700538684149, 36.8040480490956], [-119.700539683974, 36.8041840487749], [-119.700540683799, 36.8043180486459], [-119.700544683997, 36.8047230490634], [-119.700546683646, 36.8048580492062]]]}, "properties": {"GEOID": "060190031022000", "P0010001": 0, "ALAND": 3334, "AWATER": 0}}, {"type": "Feature", "geometry": {"type": "Polygon", "coordinates": [[[-119.703966684918, 36.8048500488367], [-119.703281685377, 36.8048510493325], [-119.701229684435, 36.804856048934], [-119.700546683646, 36.8048580492062], [-119.700544683997, 36.8047230490634], [-119.700540683799, 36.8043180486459], [-119.700539683974, 36.8041840487749], [-119.701021684023, 36.8041820492045], [-119.702468683994, 36.8041790491295], [-119.70267068366, 36.8041790491295], [-119.702721683714, 36.8041630489671], [-119.702753684399, 36.8041430489394], [-119.702870683677, 36.8039930492836], [-119.703123684295, 36.8041380492912], [-119.703805685259, 36.8045280489166], [-119.703866685358, 36.8045720493251], [-119.703876685404, 36.8045840488436], [-119.703920684887, 36.804635049114], [-119.703952684674, 36.8046960492941], [-119.703970685115, 36.8047710491894], [-119.703966684918, 36.8048500488367]]]}, "properties": {"GEOID": "060190031022001", "P0010001": 109, "ALAND": 21540, "AWATER": 0}}, {"type": "Feature", "geometry": {"type": "Polygon", "coordinates": [[[-119.704957684779, 36.8048690489036], [-119.704880684786, 36.8048700486798], [-119.704650684633, 36.8048720489516], [-119.704574685363, 36.8048740492233], [-119.704452685164, 36.8048690489036], [-119.704087685291, 36.8048540486619], [-119.703966684918, 36.8048500488367], [-119.703970685115, 36.8047710491894], [-119.703952684674, 36.8046960492941], [-119.703920684887, 36.804635049114], [-119.703876685404, 36.8045840488436], [-119.703866685358, 36.8045720493251], [-119.703805685259, 36.8045280489166], [-119.703123684295, 36.8041380492912], [-119.702870683677, 36.8039930492836], [-119.702716683691, 36.8038990490426], [-119.702255683559, 36.8036170490662], [-119.702162683672, 36.8035600493579], [-119.702113684167, 36.8035410489662], [-119.702095683725, 36.8035380488661], [-119.702062684113, 36.8035260491837], [-119.701981683922, 36.8035140487801], [-119.701785684104, 36.8035130489861], [-119.700849683595, 36.8035080492969], [-119.700538684149, 36.8035070487836], [-119.70051268421, 36.8035070487836], [-119.700436684042, 36.8035090490909], [-119.700411683927, 36.8035100488849], [-119.700387683638, 36.8035100488849], [-119.700316684391, 36.8035110486789], [-119.700293683927, 36.8035120491922], [-119.700293683927, 36.8033330491778], [-119.700294683751, 36.8027970493049], [-119.700295683576, 36.8026190488635], [-119.700295683576, 36.8024270492571], [-119.7002966843, 36.8018530493388], [-119.700297684124, 36.8016620490687], [-119.70041668395, 36.8016580490768], [-119.700513684035, 36.8016580490768], [-119.70116268359, 36.8016650492423], [-119.701379684223, 36.8016680486966], [-119.701511683569, 36.8016690492339], [-119.701760683989, 36.8016720486879], [-119.701840684355, 36.801685049198], [-119.70190268428, 36.8017050491485], [-119.701928684219, 36.8017140489447], [-119.702021684105, 36.8017640491517], [-119.70193768444, 36.8018670489143], [-119.70191368415, 36.8019180488363], [-119.701906683579, 36.8019610487724], [-119.701906683579, 36.8027190487826], [-119.701906683579, 36.8027290489831], [-119.701920683823, 36.8027590488575], [-119.701947683587, 36.8027830491801], [-119.701983683572, 36.8027970493049], [-119.702198683657, 36.8028000487147], [-119.702279683848, 36.8028120492302], [-119.702367683712, 36.8028420490721], [-119.70449768537, 36.8040810492515], [-119.704759685311, 36.8042330490233], [-119.704815685387, 36.8042820492404], [-119.70485968487, 36.8043370488448], [-119.70489268538, 36.8044090490257], [-119.704957684779, 36.8048690489036]]]}, "properties": {"GEOID": "060190031022002", "P0010001": 160, "ALAND": 54263, "AWATER": 0}}, {"type": "Feature", "geometry": {"type": "Polygon", "coordinates": [[[-119.702753684399, 36.8041430489394], [-119.702721683714, 36.8041630489671], [-119.70267068366, 36.8041790491295], [-119.702468683994, 36.8041790491295], [-119.701021684023, 36.8041820492045], [-119.700539683974, 36.8041840487749], [-119.700538684149, 36.8040480490956], [-119.700538684149, 36.8036420489122], [-119.700538684149, 36.8035070487836], [-119.700849683595, 36.8035080492969], [-119.701785684104, 36.8035130489861], [-119.701981683922, 36.8035140487801], [-119.702062684113, 36.8035260491837], [-119.702095683725, 36.8035380488661], [-119.702113684167, 36.8035410489662], [-119.702162683672, 36.8035600493579], [-119.702255683559, 36.8036170490662], [-119.702716683691, 36.8038990490426], [-119.702870683677, 36.8039930492836], [-119.702753684399, 36.8041430489394]]]}, "properties": {"GEOID": "060190031022003", "P0010001": 66, "ALAND": 13436, "AWATER": 0}}, {"type": "Feature", "geometry": {"type": "Polygon", "coordinates": [[[-119.705848685082, 36.8048700486798], [-119.705669684982, 36.8048690489036], [-119.705135685055, 36.8048690489036], [-119.704957684779, 36.8048690489036], [-119.70489268538, 36.8044090490257], [-119.70485968487, 36.8043370488448], [-119.704815685387, 36.8042820492404], [-119.704759685311, 36.8042330490233], [-119.70449768537, 36.8040810492515], [-119.702367683712, 36.8028420490721], [-119.702279683848, 36.8028120492302], [-119.702198683657, 36.8028000487147], [-119.701983683572, 36.8027970493049], [-119.701947683587, 36.8027830491801], [-119.701920683823, 36.8027590488575], [-119.701906683579, 36.8027290489831], [-119.701906683579, 36.8027190487826], [-119.701906683579, 36.8019610487724], [-119.70191368415, 36.8019180488363], [-119.70193768444, 36.8018670489143], [-119.702021684105, 36.8017640491517], [-119.702919684081, 36.8022900488053], [-119.705582684943, 36.803852048879], [-119.705609684708, 36.803876048859], [-119.705646685416, 36.8039080493003], [-119.705695684921, 36.8039750487873], [-119.705721684861, 36.8040370492802], [-119.705848685082, 36.8048700486798]]]}, "properties": {"GEOID": "060190031022004", "P0010001": 146, "ALAND": 36095, "AWATER": 0}}, {"type": "Feature", "geometry": {"type": "Polygon", "coordinates": [[[-119.706485684942, 36.8048690489036], [-119.706357684895, 36.8048690489036], [-119.705975685304, 36.8048690489036], [-119.705848685082, 36.8048700486798], [-119.705721684861, 36.8040370492802], [-119.705695684921, 36.8039750487873], [-119.705646685416, 36.8039080493003], [-119.705609684708, 36.803876048859], [-119.705582684943, 36.803852048879], [-119.702919684081, 36.8022900488053], [-119.702021684105, 36.8017640491517], [-119.701928684219, 36.8017140489447], [-119.70190268428, 36.8017050491485], [-119.701840684355, 36.801685049198], [-119.701760683989, 36.8016720486879], [-119.701511683569, 36.8016690492339], [-119.701379684223, 36.8016680486966], [-119.70116268359, 36.8016650492423], [-119.700513684035, 36.8016580490768], [-119.70041668395, 36.8016580490768], [-119.700297684124, 36.8016620490687], [-119.7002966843, 36.8015980491729], [-119.700293683927, 36.8014080488076], [-119.700292684102, 36.8013450492411], [-119.700291684277, 36.8013260490191], [-119.700291684277, 36.8012710486908], [-119.700291684277, 36.8012530489933], [-119.700658683799, 36.801256049183], [-119.701761683814, 36.801268049221], [-119.70212968406, 36.8012720492333], [-119.703057684173, 36.8017790492794], [-119.703182683847, 36.8018500491726], [-119.703321683764, 36.8019300487707], [-119.704304684128, 36.8024670487652], [-119.704671685447, 36.802674048943], [-119.705965685258, 36.803390049055], [-119.706141684985, 36.8035280487713], [-119.706209684757, 36.803604048884], [-119.706235684696, 36.8036730489401], [-119.706252685313, 36.803692049299], [-119.706260684811, 36.8037000490701], [-119.706312684689, 36.8039070487922], [-119.706385685383, 36.8043790490784], [-119.706485684942, 36.8048690489036]]]}, "properties": {"GEOID": "060190031022005", "P0010001": 97, "ALAND": 38094, "AWATER": 0}}, {"type": "Feature", "geometry": {"type": "Polygon", "coordinates": [[[-119.709139684685, 36.8042680486678], [-119.709130686261, 36.8047160491774], [-119.709128685713, 36.8048660488555], [-119.70859968491, 36.8048660488555], [-119.707013685021, 36.8048680491273], [-119.706485684942, 36.8048690489036], [-119.706385685383, 36.8043790490784], [-119.706312684689, 36.8039070487922], [-119.706260684811, 36.8037000490701], [-119.706252685313, 36.803692049299], [-119.706235684696, 36.8036730489401], [-119.706209684757, 36.803604048884], [-119.706141684985, 36.8035280487713], [-119.705965685258, 36.803390049055], [-119.704671685447, 36.802674048943], [-119.704304684128, 36.8024670487652], [-119.703321683764, 36.8019300487707], [-119.703182683847, 36.8018500491726], [-119.703057684173, 36.8017790492794], [-119.70212968406, 36.8012720492333], [-119.70309168361, 36.8012410489528], [-119.703132683618, 36.8012570490064], [-119.703210684334, 36.8012670486784], [-119.703365684145, 36.8012730490566], [-119.703538684397, 36.8012600491958], [-119.703659683873, 36.8012570490064], [-119.70366568372, 36.8013230488322], [-119.703701683705, 36.8015150490486], [-119.703760684155, 36.8016200487835], [-119.703882684354, 36.8017100489554], [-119.703893684224, 36.8017180489336], [-119.70426568377, 36.8019080492492], [-119.705276684622, 36.802499049076], [-119.705737684754, 36.8027690490527], [-119.705850684732, 36.8028520492566], [-119.705953684664, 36.8029090487725], [-119.706117684696, 36.8030000486688], [-119.706413684972, 36.8032430487554], [-119.706546685041, 36.8034000491679], [-119.706663685217, 36.8035370490725], [-119.706710685073, 36.8036010487864], [-119.706738684662, 36.8036680492612], [-119.706745685233, 36.803683049016], [-119.706796685286, 36.8038310489801], [-119.706806685332, 36.8038770486483], [-119.706822685226, 36.8039490492617], [-119.70684768534, 36.8040620489891], [-119.706866684708, 36.8040900487685], [-119.706912684739, 36.8041210493343], [-119.706951685097, 36.8041310493517], [-119.707193684946, 36.8041290490606], [-119.708655684986, 36.8041210493343], [-119.709143684883, 36.8041190490429], [-119.709139684685, 36.8042680486678]]]}, "properties": {"GEOID": "060190031022006", "P0010001": 161, "ALAND": 43787, "AWATER": 0}}, {"type": "Feature", "geometry": {"type": "Polygon", "coordinates": [[[-119.706137684787, 36.8023090487881], [-119.705837685211, 36.8026540492456], [-119.705737684754, 36.8027690490527], [-119.705276684622, 36.802499049076], [-119.70426568377, 36.8019080492492], [-119.703893684224, 36.8017180489336], [-119.703882684354, 36.8017100489554], [-119.703760684155, 36.8016200487835], [-119.703701683705, 36.8015150490486], [-119.70366568372, 36.8013230488322], [-119.703659683873, 36.8012570490064], [-119.703813683858, 36.8012570490064], [-119.704277684364, 36.8012570490064], [-119.704432684175, 36.8012570490064], [-119.704589683635, 36.8012570490064], [-119.705063684186, 36.8012570490064], [-119.705221685268, 36.8012570490064], [-119.705233684964, 36.8012990487714], [-119.70524168536, 36.801423049005], [-119.705292685413, 36.8015360488632], [-119.705329685223, 36.8016170493274], [-119.705474684988, 36.8017480492041], [-119.705984684626, 36.8020460487589], [-119.706237685245, 36.8021940490095], [-119.706137684787, 36.8023090487881]]]}, "properties": {"GEOID": "060190031022007", "P0010001": 73, "ALAND": 18413, "AWATER": 0}}, {"type": "Feature", "geometry": {"type": "Polygon", "coordinates": [[[-119.709149684731, 36.8035400491726], [-119.709144684708, 36.8039740489994], [-119.709143684883, 36.8041190490429], [-119.708655684986, 36.8041210493343], [-119.707193684946, 36.8041290490606], [-119.706951685097, 36.8041310493517], [-119.706912684739, 36.8041210493343], [-119.706866684708, 36.8040900487685], [-119.70684768534, 36.8040620489891], [-119.706822685226, 36.8039490492617], [-119.706806685332, 36.8038770486483], [-119.706796685286, 36.8038310489801], [-119.706745685233, 36.803683049016], [-119.706738684662, 36.8036680492612], [-119.706710685073, 36.8036010487864], [-119.706816685378, 36.8035500492659], [-119.707072684572, 36.8034430489911], [-119.70717068538, 36.8034220489801], [-119.707343684734, 36.8033860491534], [-119.708333684771, 36.8033940489565], [-119.708655684986, 36.8033920486461], [-119.709059685217, 36.8033910488506], [-119.709151685279, 36.8033960492668], [-119.709149684731, 36.8035400491726]]]}, "properties": {"GEOID": "060190031022008", "P0010001": 67, "ALAND": 16714, "AWATER": 0}}, {"type": "Feature", "geometry": {"type": "Polygon", "coordinates": [[[-119.709154684754, 36.8028220486993], [-119.709151685279, 36.8032520490901], [-119.709151685279, 36.8033960492668], [-119.709059685217, 36.8033910488506], [-119.708655684986, 36.8033920486461], [-119.708333684771, 36.8033940489565], [-119.707343684734, 36.8033860491534], [-119.70717068538, 36.8034220489801], [-119.707072684572, 36.8034430489911], [-119.706816685378, 36.8035500492659], [-119.706710685073, 36.8036010487864], [-119.706663685217, 36.8035370490725], [-119.706546685041, 36.8034000491679], [-119.706413684972, 36.8032430487554], [-119.706117684696, 36.8030000486688], [-119.705953684664, 36.8029090487725], [-119.705850684732, 36.8028520492566], [-119.705737684754, 36.8027690490527], [-119.705837685211, 36.8026540492456], [-119.706137684787, 36.8023090487881], [-119.706237685245, 36.8021940490095], [-119.706395685428, 36.8022840492262], [-119.706870684906, 36.8025550490482], [-119.70696968464, 36.8026120487852], [-119.707033685113, 36.8026360491539], [-119.707069685098, 36.8026500493055], [-119.70717468468, 36.802677049077], [-119.707295685054, 36.8026920490259], [-119.707452685412, 36.8026900486972], [-119.708730685329, 36.8026780488818], [-119.709072684738, 36.8026750487479], [-119.709156685302, 36.8026790486868], [-119.709154684754, 36.8028220486993]]]}, "properties": {"GEOID": "060190031022009", "P0010001": 77, "ALAND": 24987, "AWATER": 0}}, {"type": "Feature", "geometry": {"type": "Polygon", "coordinates": [[[-119.709180684693, 36.8021100489996], [-119.70916268515, 36.8025370489331], [-119.709156685302, 36.8026790486868], [-119.709072684738, 36.8026750487479], [-119.708730685329, 36.8026780488818], [-119.707452685412, 36.8026900486972], [-119.707295685054, 36.8026920490259], [-119.70717468468, 36.802677049077], [-119.707069685098, 36.8026500493055], [-119.707033685113, 36.8026360491539], [-119.70696968464, 36.8026120487852], [-119.706870684906, 36.8025550490482], [-119.706395685428, 36.8022840492262], [-119.706237685245, 36.8021940490095], [-119.706336684979, 36.8021170491238], [-119.706357684895, 36.8021080486557], [-119.706419684819, 36.8020570488602], [-119.706497684637, 36.802012049351], [-119.706584684676, 36.8019800488367], [-119.706663685217, 36.8019630491201], [-119.706745685233, 36.801957048796], [-119.706773684822, 36.8019560489818], [-119.707679685193, 36.8019550491675], [-119.708582685191, 36.8019630491201], [-119.709186685439, 36.8019690487243], [-119.709180684693, 36.8021100489996]]]}, "properties": {"GEOID": "060190031022010", "P0010001": 92, "ALAND": 18523, "AWATER": 0}}, {"type": "Feature", "geometry": {"type": "Polygon", "coordinates": [[[-119.709186685439, 36.8019690487243], [-119.708582685191, 36.8019630491201], [-119.707679685193, 36.8019550491675], [-119.706773684822, 36.8019560489818], [-119.706745685233, 36.801957048796], [-119.706663685217, 36.8019630491201], [-119.706584684676, 36.8019800488367], [-119.706497684637, 36.802012049351], [-119.706419684819, 36.8020570488602], [-119.706357684895, 36.8021080486557], [-119.706336684979, 36.8021170491238], [-119.706237685245, 36.8021940490095], [-119.705984684626, 36.8020460487589], [-119.705474684988, 36.8017480492041], [-119.705329685223, 36.8016170493274], [-119.705292685413, 36.8015360488632], [-119.70524168536, 36.801423049005], [-119.705233684964, 36.8012990487714], [-119.705221685268, 36.8012570490064], [-119.706010684566, 36.8012540488168], [-119.70838168535, 36.8012450489665], [-119.70917168537, 36.8012430493193], [-119.709174684845, 36.8013880487796], [-119.709183685066, 36.8018230491095], [-119.709186685439, 36.8019690487243]]]}, "properties": {"GEOID": "060190031022011", "P0010001": 152, "ALAND": 27397, "AWATER": 0}}, {"type": "Feature", "geometry": {"type": "Polygon", "coordinates": [[[-119.70212968406, 36.8012720492333], [-119.701761683814, 36.801268049221], [-119.700658683799, 36.801256049183], [-119.700291684277, 36.8012530489933], [-119.700291684277, 36.801010049066], [-119.700295683576, 36.800281048974], [-119.700297684124, 36.8000390486792], [-119.700408683554, 36.800112049143], [-119.700511684385, 36.8001950493492], [-119.700528684103, 36.8004090487553], [-119.700528684103, 36.8004890491394], [-119.700533684126, 36.8010390490683], [-119.700538684149, 36.8010980488653], [-119.7005976837, 36.8011320486789], [-119.701041684114, 36.8011460491055], [-119.701599684331, 36.8011450492807], [-119.701733684225, 36.8011450492807], [-119.701972683702, 36.801173048688], [-119.702074683809, 36.8012420487764], [-119.70212968406, 36.8012720492333]]]}, "properties": {"GEOID": "060190031022012", "P0010001": 0, "ALAND": 4407, "AWATER": 0}}, {"type": "Feature", "geometry": {"type": "Polygon", "coordinates": [[[-119.722721688063, 36.8084910483389], [-119.722445687879, 36.8084890481617], [-119.721618688048, 36.8084830483491], [-119.721343687689, 36.8084810481717], [-119.7207136884, 36.8084800477233], [-119.718824686766, 36.8084780489843], [-119.718343687441, 36.8084780489843], [-119.718195687303, 36.8084710487223], [-119.7182036868, 36.8083410492889], [-119.7182036868, 36.8080200486803], [-119.718205687348, 36.8066700476968], [-119.718207686998, 36.8062200483131], [-119.718755687169, 36.8062240480668], [-119.719162686875, 36.8062270480617], [-119.719202687058, 36.8062210480718], [-119.719236687393, 36.8062030480992], [-119.719260686784, 36.8061770478916], [-119.719271686655, 36.8061450476793], [-119.719269687005, 36.8057740482198], [-119.719277687401, 36.8057400483093], [-119.719298687317, 36.8057120476947], [-119.719330687104, 36.805691048306], [-119.719368686739, 36.8056800480073], [-119.7199406872, 36.8056820482579], [-119.720489687196, 36.8056840477892], [-119.721029687869, 36.8056850482741], [-119.721561688147, 36.8056870478052], [-119.721607688178, 36.8056940483218], [-119.721642688338, 36.8057100481642], [-119.721669688102, 36.8057350480462], [-119.721684688171, 36.8057660479461], [-119.721679688148, 36.8061730481355], [-119.721684688171, 36.8061910481151], [-119.721702687714, 36.8062200483131], [-119.721730688201, 36.8062440482703], [-119.721766688186, 36.8062590482398], [-119.721807688194, 36.8062650482267], [-119.722162688021, 36.8062540480105], [-119.722703687622, 36.8062390480401], [-119.722706687995, 36.8066890480314], [-119.722707687819, 36.8069180478315], [-119.722713687667, 36.8076430483578], [-119.722717687865, 36.8080400476955], [-119.722721688063, 36.8084910483389]]]}, "properties": {"GEOID": "060190031023000", "P0010001": 221, "ALAND": 113356, "AWATER": 0}}, {"type": "Feature", "geometry": {"type": "Polygon", "coordinates": [[[-119.727212688664, 36.8084980478799], [-119.726539688819, 36.8084960477028], [-119.724521688212, 36.8084930477968], [-119.723849688192, 36.8084930477968], [-119.723623688237, 36.8084920480679], [-119.722946688194, 36.8084910483389], [-119.722721688063, 36.8084910483389], [-119.722717687865, 36.8080400476955], [-119.722713687667, 36.8076430483578], [-119.723152688058, 36.8076450478378], [-119.723684688336, 36.8076480477771], [-119.724764687886, 36.8076540476551], [-119.724764687886, 36.8069310481703], [-119.723669688267, 36.8069240477669], [-119.723138687815, 36.8069200480498], [-119.722707687819, 36.8069180478315], [-119.722706687995, 36.8066890480314], [-119.722703687622, 36.8062390480401], [-119.722704688345, 36.8059640478224], [-119.722708687644, 36.8051380479442], [-119.722710688193, 36.8048640478643], [-119.723608688168, 36.8048660481362], [-119.726304687744, 36.8048750482802], [-119.727203688443, 36.8048780483279], [-119.727209688291, 36.8049750481303], [-119.727208687567, 36.8050280476887], [-119.727200688968, 36.8054800478601], [-119.727198689318, 36.8056310479656], [-119.727198689318, 36.8057730477361], [-119.727198689318, 36.8062020483403], [-119.727198689318, 36.8063450482474], [-119.727200688968, 36.8067750482754], [-119.727209689189, 36.8080670477242], [-119.727212688664, 36.8084980478799]]]}, "properties": {"GEOID": "060190031023001", "P0010001": 559, "ALAND": 146517, "AWATER": 0}}, {"type": "Feature", "geometry": {"type": "Polygon", "coordinates": [[[-119.724764687886, 36.8076540476551], [-119.723684688336, 36.8076480477771], [-119.723152688058, 36.8076450478378], [-119.722713687667, 36.8076430483578], [-119.722707687819, 36.8069180478315], [-119.723138687815, 36.8069200480498], [-119.723669688267, 36.8069240477669], [-119.724764687886, 36.8069310481703], [-119.724764687886, 36.8076540476551]]]}, "properties": {"GEOID": "060190031023002", "P0010001": 100, "ALAND": 14727, "AWATER": 0}}, {"type": "Feature", "geometry": {"type": "Polygon", "coordinates": [[[-119.731775690132, 36.8082640476726], [-119.73177969033, 36.8083280477511], [-119.731790690201, 36.8085370480846], [-119.731766689912, 36.8085370480846], [-119.731265689596, 36.8085320480041], [-119.729693689053, 36.8085190479373], [-119.729169689171, 36.8085150483035], [-119.728777688636, 36.8085110479503], [-119.727603689374, 36.8085010477857], [-119.727212688664, 36.8084980478799], [-119.727209689189, 36.8080670477242], [-119.727200688968, 36.8067750482754], [-119.727198689318, 36.8063450482474], [-119.727712689154, 36.8063450482474], [-119.729255689385, 36.8063450482474], [-119.729770689046, 36.8063450482474], [-119.730162688683, 36.8063470477613], [-119.731340689041, 36.8063540482175], [-119.731733689401, 36.8063570482073], [-119.731735689051, 36.8065840480542], [-119.731744689272, 36.8072660483367], [-119.731745689097, 36.8073440478237], [-119.731747688747, 36.8074940481077], [-119.731749689295, 36.8077020481015], [-119.73175068912, 36.80773604786], [-119.731793689676, 36.807805047789], [-119.731775690132, 36.8082640476726]]]}, "properties": {"GEOID": "060190031023003", "P0010001": 56, "ALAND": 97796, "AWATER": 0}}, {"type": "Feature", "geometry": {"type": "Polygon", "coordinates": [[[-119.731738689424, 36.8057060469452], [-119.731733689401, 36.8058960467166], [-119.731732688678, 36.805960047336], [-119.731732688678, 36.8060390471951], [-119.731732688678, 36.8062770481992], [-119.731733689401, 36.8063570482073], [-119.731340689041, 36.8063540482175], [-119.730162688683, 36.8063470477613], [-119.729770689046, 36.8063450482474], [-119.729771688871, 36.8062030480992], [-119.729773689419, 36.8057770482323], [-119.729775689069, 36.8056360482355], [-119.730168689429, 36.8056370480018], [-119.731347688714, 36.8056410470666], [-119.731741688899, 36.8056430473182], [-119.731738689424, 36.8057060469452]]]}, "properties": {"GEOID": "060190031023004", "P0010001": 53, "ALAND": 13822, "AWATER": 0}}, {"type": "Feature", "geometry": {"type": "Polygon", "coordinates": [[[-119.729773689419, 36.8057770482323], [-119.729771688871, 36.8062030480992], [-119.729770689046, 36.8063450482474], [-119.729255689385, 36.8063450482474], [-119.727712689154, 36.8063450482474], [-119.727198689318, 36.8063450482474], [-119.727198689318, 36.8062020483403], [-119.727198689318, 36.8057730477361], [-119.727198689318, 36.8056310479656], [-119.727713688979, 36.8056310479656], [-119.729259688685, 36.8056340479838], [-119.729775689069, 36.8056360482355], [-119.729773689419, 36.8057770482323]]]}, "properties": {"GEOID": "060190031023005", "P0010001": 57, "ALAND": 18158, "AWATER": 0}}, {"type": "Feature", "geometry": {"type": "Polygon", "coordinates": [[[-119.729781688917, 36.8050470477114], [-119.729776688894, 36.8054880481637], [-119.729775689069, 36.8056360482355], [-119.729259688685, 36.8056340479838], [-119.727713688979, 36.8056310479656], [-119.727198689318, 36.8056310479656], [-119.727200688968, 36.8054800478601], [-119.727208687567, 36.8050280476887], [-119.727209688291, 36.8049750481303], [-119.727203688443, 36.8048780483279], [-119.727719688827, 36.8048820481517], [-119.729267689081, 36.8048950481168], [-119.729783688566, 36.8049000477155], [-119.729781688917, 36.8050470477114]]]}, "properties": {"GEOID": "060190031023006", "P0010001": 72, "ALAND": 18976, "AWATER": 0}}, {"type": "Feature", "geometry": {"type": "Polygon", "coordinates": [[[-119.731741688899, 36.8056430473182], [-119.731347688714, 36.8056410470666], [-119.730168689429, 36.8056370480018], [-119.729775689069, 36.8056360482355], [-119.729776688894, 36.8054880481637], [-119.729781688917, 36.8050470477114], [-119.729783688566, 36.8049000477155], [-119.730171688904, 36.8049010467721], [-119.731336688843, 36.8049070468654], [-119.731725689005, 36.8049090471362], [-119.731728689378, 36.805055047341], [-119.731737688701, 36.8054960470279], [-119.731741688899, 36.8056430473182]]]}, "properties": {"GEOID": "060190031023007", "P0010001": 42, "ALAND": 14222, "AWATER": 0}}, {"type": "Feature", "geometry": {"type": "Polygon", "coordinates": [[[-119.731725689005, 36.8049090471362], [-119.731336688843, 36.8049070468654], [-119.730171688904, 36.8049010467721], [-119.729783688566, 36.8049000477155], [-119.729267689081, 36.8048950481168], [-119.727719688827, 36.8048820481517], [-119.727203688443, 36.8048780483279], [-119.72720068807, 36.8047380478923], [-119.727191687849, 36.8043180479266], [-119.727189688199, 36.8041780479057], [-119.728092689096, 36.8041800481955], [-119.730802688916, 36.8041880471964], [-119.731706688739, 36.804191047271], [-119.731708689287, 36.8042600467981], [-119.73171768861, 36.8044690467273], [-119.731720688983, 36.804539047223], [-119.731721688807, 36.8046120469936], [-119.731724689181, 36.8048340466568], [-119.731725689005, 36.8049090471362]]]}, "properties": {"GEOID": "060190031023008", "P0010001": 106, "ALAND": 31844, "AWATER": 0}}, {"type": "Feature", "geometry": {"type": "Polygon", "coordinates": [[[-119.73171368931, 36.8035390472212], [-119.73171368931, 36.8037430472863], [-119.73171368931, 36.8038120472171], [-119.731711688762, 36.803887047259], [-119.731707688564, 36.8041150470215], [-119.731706688739, 36.804191047271], [-119.730802688916, 36.8041880471964], [-119.728092689096, 36.8041800481955], [-119.727189688199, 36.8041780479057], [-119.727190688024, 36.8040370478417], [-119.727196687872, 36.8036140482497], [-119.727199688245, 36.803474047661], [-119.727726687601, 36.8034630477632], [-119.728101688418, 36.8034630470439], [-119.730810689312, 36.8034690472499], [-119.731714689135, 36.8034710468389], [-119.73171368931, 36.8035390472212]]]}, "properties": {"GEOID": "060190031023009", "P0010001": 119, "ALAND": 32091, "AWATER": 0}}, {"type": "Feature", "geometry": {"type": "Polygon", "coordinates": [[[-119.731718689333, 36.8031040472877], [-119.731716688785, 36.8031770469877], [-119.731714689135, 36.8033970469044], [-119.731714689135, 36.8034710468389], [-119.730810689312, 36.8034690472499], [-119.728101688418, 36.8034630470439], [-119.727726687601, 36.8034630477632], [-119.727199688245, 36.803474047661], [-119.72719868842, 36.8033280480382], [-119.72719868842, 36.8028900467807], [-119.72719868842, 36.8027440467639], [-119.727756687738, 36.8027490472223], [-119.729252689012, 36.8027650469608], [-119.729431689112, 36.8027650469608], [-119.729878689001, 36.8027670472875], [-119.729990689154, 36.8027590466996], [-119.729996689002, 36.8025570472225], [-119.73001368872, 36.8020540472634], [-119.730007688872, 36.801951047033], [-119.729996689002, 36.8017500466802], [-119.729990689154, 36.8016570471007], [-119.729975689085, 36.8013800473283], [-119.729970689062, 36.8012880471225], [-119.730142688592, 36.8012860467572], [-119.730661689349, 36.8012800470994], [-119.730834688703, 36.8012790472763], [-119.731010689328, 36.8012780467338], [-119.731538689408, 36.8012770469107], [-119.73171568896, 36.8012770469107], [-119.73171568896, 36.80149104689], [-119.73171568896, 36.8021350471797], [-119.73171568896, 36.8022910471767], [-119.731712688587, 36.8023500467285], [-119.73171368931, 36.8025000467253], [-119.731716688785, 36.8029530472341], [-119.731718689333, 36.8031040472877]]]}, "properties": {"GEOID": "060190031023010", "P0010001": 227, "ALAND": 56888, "AWATER": 0}}, {"type": "Feature", "geometry": {"type": "Polygon", "coordinates": [[[-119.73001368872, 36.8020540472634], [-119.729996689002, 36.8025570472225], [-119.729990689154, 36.8027590466996], [-119.729878689001, 36.8027670472875], [-119.729431689112, 36.8027650469608], [-119.729252689012, 36.8027650469608], [-119.727756687738, 36.8027490472223], [-119.72719868842, 36.8027440467639], [-119.727195688047, 36.8024450472401], [-119.727186687826, 36.8015480466996], [-119.727184688176, 36.8012500466456], [-119.72774168767, 36.8012570468485], [-119.729412687947, 36.8012800470994], [-119.729970689062, 36.8012880471225], [-119.729975689085, 36.8013800473283], [-119.729990689154, 36.8016570471007], [-119.729996689002, 36.8017500466802], [-119.730007688872, 36.801951047033], [-119.73001368872, 36.8020540472634]]]}, "properties": {"GEOID": "060190031023011", "P0010001": 307, "ALAND": 41349, "AWATER": 0}}, {"type": "Feature", "geometry": {"type": "Polygon", "coordinates": [[[-119.722708687644, 36.8051380479442], [-119.722704688345, 36.8059640478224], [-119.722703687622, 36.8062390480401], [-119.722162688021, 36.8062540480105], [-119.721807688194, 36.8062650482267], [-119.721766688186, 36.8062590482398], [-119.721730688201, 36.8062440482703], [-119.721702687714, 36.8062200483131], [-119.721684688171, 36.8061910481151], [-119.721679688148, 36.8061730481355], [-119.721684688171, 36.8057660479461], [-119.721669688102, 36.8057350480462], [-119.721642688338, 36.8057100481642], [-119.721607688178, 36.8056940483218], [-119.721561688147, 36.8056870478052], [-119.721029687869, 36.8056850482741], [-119.720489687196, 36.8056840477892], [-119.7199406872, 36.8056820482579], [-119.719368686739, 36.8056800480073], [-119.719330687104, 36.805691048306], [-119.719298687317, 36.8057120476947], [-119.719277687401, 36.8057400483093], [-119.719269687005, 36.8057740482198], [-119.719271686655, 36.8061450476793], [-119.719260686784, 36.8061770478916], [-119.719236687393, 36.8062030480992], [-119.719202687058, 36.8062210480718], [-119.719162686875, 36.8062270480617], [-119.718755687169, 36.8062240480668], [-119.718207686998, 36.8062200483131], [-119.718205687348, 36.8059450480272], [-119.7182036868, 36.8053790481806], [-119.718195687303, 36.805120047717], [-119.718188686732, 36.804846048292], [-119.71840668719, 36.8048490483409], [-119.719092686555, 36.8048510478939], [-119.721805687646, 36.8048600480396], [-119.722710688193, 36.8048640478643], [-119.722708687644, 36.8051380479442]]]}, "properties": {"GEOID": "060190031023012", "P0010001": 376, "ALAND": 48438, "AWATER": 0}}, {"type": "Feature", "geometry": {"type": "Polygon", "coordinates": [[[-119.722699688322, 36.8041570480962], [-119.721839687981, 36.8041540480203], [-119.719262687332, 36.8041480478679], [-119.718403686817, 36.8041460482965], [-119.71840668719, 36.8048490483409], [-119.718188686732, 36.804846048292], [-119.718187686907, 36.8041590476673], [-119.718186687082, 36.8034550479673], [-119.718185687257, 36.8030240481966], [-119.718185687257, 36.8029720477717], [-119.718185687257, 36.8028200476547], [-119.718186687082, 36.8027690483334], [-119.718187686907, 36.8024560480035], [-119.718189686556, 36.8022650477986], [-119.718305686907, 36.8022680479487], [-119.718362686809, 36.8022790480181], [-119.718389686573, 36.8023110476882], [-119.718395687319, 36.802740048267], [-119.722696687949, 36.8027660482031], [-119.722707687819, 36.803419048156], [-119.722699688322, 36.8041570480962]]]}, "properties": {"GEOID": "060190031024000", "P0010001": 254, "ALAND": 65003, "AWATER": 0}}, {"type": "Feature", "geometry": {"type": "Polygon", "coordinates": [[[-119.722710688193, 36.8048640478643], [-119.721805687646, 36.8048600480396], [-119.719092686555, 36.8048510478939], [-119.71840668719, 36.8048490483409], [-119.718403686817, 36.8041460482965], [-119.719262687332, 36.8041480478679], [-119.721839687981, 36.8041540480203], [-119.722699688322, 36.8041570480962], [-119.722701687972, 36.8042980479393], [-119.722707687819, 36.8047220478468], [-119.722710688193, 36.8048640478643]]]}, "properties": {"GEOID": "060190031024001", "P0010001": 136, "ALAND": 30013, "AWATER": 0}}, {"type": "Feature", "geometry": {"type": "Polygon", "coordinates": [[[-119.727203688443, 36.8048780483279], [-119.726304687744, 36.8048750482802], [-119.723608688168, 36.8048660481362], [-119.722710688193, 36.8048640478643], [-119.722707687819, 36.8047220478468], [-119.722701687972, 36.8042980479393], [-119.722699688322, 36.8041570480962], [-119.723057687624, 36.8041600481721], [-119.724133687874, 36.8041690476798], [-119.724465688136, 36.8041730482598], [-119.724491688075, 36.804179047691], [-119.724604688053, 36.804179047691], [-119.724943687986, 36.804179047691], [-119.725010687934, 36.804179047691], [-119.725056687964, 36.804179047691], [-119.725293687791, 36.804179047691], [-119.725655688189, 36.804179047691], [-119.726005687993, 36.8041780479057], [-119.726243687645, 36.8041780479057], [-119.726432687791, 36.8041780479057], [-119.726999688228, 36.8041780479057], [-119.72706968765, 36.8041780479057], [-119.727189688199, 36.8041780479057], [-119.727191687849, 36.8043180479266], [-119.72720068807, 36.8047380478923], [-119.727203688443, 36.8048780483279]]]}, "properties": {"GEOID": "060190031024002", "P0010001": 115, "ALAND": 31028, "AWATER": 0}}, {"type": "Feature", "geometry": {"type": "Polygon", "coordinates": [[[-119.724491688075, 36.804179047691], [-119.724465688136, 36.8041730482598], [-119.724133687874, 36.8041690476798], [-119.723057687624, 36.8041600481721], [-119.722699688322, 36.8041570480962], [-119.722707687819, 36.803419048156], [-119.724499687572, 36.8034070477357], [-119.724491688075, 36.804179047691]]]}, "properties": {"GEOID": "060190031024003", "P0010001": 57, "ALAND": 13340, "AWATER": 0}}, {"type": "Feature", "geometry": {"type": "Polygon", "coordinates": [[[-119.727199688245, 36.803474047661], [-119.727196687872, 36.8036140482497], [-119.727190688024, 36.8040370478417], [-119.727189688199, 36.8041780479057], [-119.72706968765, 36.8041780479057], [-119.726999688228, 36.8041780479057], [-119.726432687791, 36.8041780479057], [-119.726243687645, 36.8041780479057], [-119.726005687993, 36.8041780479057], [-119.725655688189, 36.804179047691], [-119.725293687791, 36.804179047691], [-119.725056687964, 36.804179047691], [-119.725010687934, 36.804179047691], [-119.724943687986, 36.804179047691], [-119.724604688053, 36.804179047691], [-119.724491688075, 36.804179047691], [-119.724499687572, 36.8034070477357], [-119.722707687819, 36.803419048156], [-119.722696687949, 36.8027660482031], [-119.722857687607, 36.8027700481371], [-119.722965687562, 36.8027590481382], [-119.723188688043, 36.8027130477985], [-119.723296687998, 36.8027050479242], [-119.724751688366, 36.8027040481197], [-119.725040688071, 36.8026950477206], [-119.725062687812, 36.8020050477786], [-119.725035688048, 36.8012520470119], [-119.725078687706, 36.801256047025], [-119.725256687981, 36.801256047025], [-119.725878687772, 36.8012590472146], [-119.725892688015, 36.8026080481235], [-119.725883687795, 36.8028010477987], [-119.726010688016, 36.8028260479112], [-119.726732688265, 36.8028350482949], [-119.72719868842, 36.8028900467807], [-119.72719868842, 36.8033280480382], [-119.727199688245, 36.803474047661]]]}, "properties": {"GEOID": "060190031024004", "P0010001": 135, "ALAND": 62001, "AWATER": 0}}, {"type": "Feature", "geometry": {"type": "Polygon", "coordinates": [[[-119.72719868842, 36.8028900467807], [-119.726732688265, 36.8028350482949], [-119.726010688016, 36.8028260479112], [-119.725883687795, 36.8028010477987], [-119.725892688015, 36.8026080481235], [-119.725878687772, 36.8012590472146], [-119.72591968778, 36.8012580466719], [-119.726141688436, 36.8012570468485], [-119.72634968795, 36.8012550472016], [-119.726975687939, 36.8012510471884], [-119.727184688176, 36.8012500466456], [-119.727186687826, 36.8015480466996], [-119.727195688047, 36.8024450472401], [-119.72719868842, 36.8027440467639], [-119.72719868842, 36.8028900467807]]]}, "properties": {"GEOID": "060190031024005", "P0010001": 207, "ALAND": 20513, "AWATER": 0}}, {"type": "Feature", "geometry": {"type": "Polygon", "coordinates": [[[-119.725062687812, 36.8020050477786], [-119.722689687378, 36.8019970478304], [-119.722689687378, 36.8018180478713], [-119.722682686807, 36.8012320476625], [-119.724984687994, 36.8012550472016], [-119.725035688048, 36.8012520470119], [-119.725062687812, 36.8020050477786]]]}, "properties": {"GEOID": "060190031024006", "P0010001": 59, "ALAND": 17714, "AWATER": 0}}, {"type": "Feature", "geometry": {"type": "Polygon", "coordinates": [[[-119.722696687949, 36.8027660482031], [-119.718395687319, 36.802740048267], [-119.718389686573, 36.8023110476882], [-119.718362686809, 36.8022790480181], [-119.718305686907, 36.8022680479487], [-119.718189686556, 36.8022650477986], [-119.718193686754, 36.8015170479694], [-119.718195687303, 36.8012050481008], [-119.718349687288, 36.8012110477645], [-119.722682686807, 36.8012320476625], [-119.722689687378, 36.8018180478713], [-119.722689687378, 36.8019970478304], [-119.722696687949, 36.8027660482031]]]}, "properties": {"GEOID": "060190031024007", "P0010001": 258, "ALAND": 67283, "AWATER": 0}}, {"type": "Feature", "geometry": {"type": "Polygon", "coordinates": [[[-119.725040688071, 36.8026950477206], [-119.724751688366, 36.8027040481197], [-119.723296687998, 36.8027050479242], [-119.723188688043, 36.8027130477985], [-119.722965687562, 36.8027590481382], [-119.722857687607, 36.8027700481371], [-119.722696687949, 36.8027660482031], [-119.722689687378, 36.8019970478304], [-119.725062687812, 36.8020050477786], [-119.725040688071, 36.8026950477206]]]}, "properties": {"GEOID": "060190031024008", "P0010001": 62, "ALAND": 16659, "AWATER": 0}}, {"type": "Feature", "geometry": {"type": "Polygon", "coordinates": [[[-119.70457368464, 36.8051980486709], [-119.70457168499, 36.8061730488548], [-119.70457168499, 36.8064980490342], [-119.70456968534, 36.8066340486778], [-119.704563684594, 36.8070440492512], [-119.704562684769, 36.8071810491095], [-119.704561684944, 36.8072040490197], [-119.704561684944, 36.807274049173], [-119.704561684944, 36.8072980487998], [-119.704558684571, 36.807539048711], [-119.704549685249, 36.8082620496471], [-119.704546684876, 36.8085030501202], [-119.704050684583, 36.8085030501202], [-119.702561684779, 36.808504049849], [-119.70206668521, 36.808505050297], [-119.701705684636, 36.8085070497546], [-119.700622684713, 36.8085140500133], [-119.700262683964, 36.8085170499185], [-119.700263683789, 36.8082850499518], [-119.700266684162, 36.8075880496894], [-119.700268683812, 36.8073570502479], [-119.70027068436, 36.8068560496713], [-119.700279683683, 36.8053530498509], [-119.700282684056, 36.804915050106], [-119.700288683904, 36.804853050324], [-119.700339683957, 36.8048540501004], [-119.700494683768, 36.8048570487105], [-119.700546683646, 36.8048580492062], [-119.701229684435, 36.804856048934], [-119.703281685377, 36.8048510493325], [-119.703966684918, 36.8048500488367], [-119.704087685291, 36.8048540486619], [-119.704452685164, 36.8048690489036], [-119.704574685363, 36.8048740492233], [-119.70457368464, 36.8051980486709]]]}, "properties": {"GEOID": "060190031025000", "P0010001": 0, "ALAND": 155244, "AWATER": 0}}, {"type": "Feature", "geometry": {"type": "Polygon", "coordinates": [[[-119.709104686322, 36.8079040491107], [-119.709098685576, 36.8083410492889], [-119.709097685751, 36.8084880491519], [-119.708860685924, 36.8084870487037], [-119.708149686445, 36.8084860489747], [-119.707913686443, 36.8084860489747], [-119.707555686243, 36.8084870487037], [-119.706482684569, 36.8084910490581], [-119.706125685092, 36.8084930492353], [-119.705930685098, 36.8084960491413], [-119.705345685117, 36.8085070497546], [-119.705151684948, 36.808511050108], [-119.705030684574, 36.8085090499313], [-119.704667685249, 36.808504049849], [-119.704546684876, 36.8085030501202], [-119.704549685249, 36.8082620496471], [-119.704558684571, 36.807539048711], [-119.704561684944, 36.8072980487998], [-119.704561684944, 36.807274049173], [-119.704561684944, 36.8072040490197], [-119.704562684769, 36.8071810491095], [-119.704563684594, 36.8070440492512], [-119.70456968534, 36.8066340486778], [-119.70457168499, 36.8064980490342], [-119.704837685129, 36.8064980490342], [-119.705637685195, 36.8064990487892], [-119.705904685159, 36.8065000492634], [-119.705906684808, 36.8063820493166], [-119.705915685029, 36.8060300493457], [-119.705917684679, 36.8059460492279], [-119.705928685448, 36.8059150486817], [-119.705949685364, 36.8058880493326], [-119.705979684603, 36.8058660487904], [-119.706014684764, 36.805851048744], [-119.706054684946, 36.805844048961], [-119.706080684886, 36.8058430491975], [-119.706611685338, 36.8058420487147], [-119.706789684715, 36.8058420487147], [-119.706822685226, 36.8058860490874], [-119.706920685135, 36.8059810488087], [-119.706959684595, 36.8060310491068], [-119.707108684558, 36.8061700488577], [-119.707564684667, 36.8065590491687], [-119.70776668613, 36.8067310491328], [-119.708034685919, 36.8069360490746], [-119.708838686183, 36.8075520489443], [-119.709106685971, 36.8077580493035], [-119.709104686322, 36.8079040491107]]]}, "properties": {"GEOID": "060190031025001", "P0010001": 106, "ALAND": 87420, "AWATER": 0}}, {"type": "Feature", "geometry": {"type": "Polygon", "coordinates": [[[-119.713670686367, 36.8051120488135], [-119.713670686367, 36.8053880489834], [-119.713660686321, 36.8058950491115], [-119.713655686298, 36.8061570491091], [-119.713655686298, 36.8066250487406], [-119.713658686671, 36.8080290491728], [-119.713659687395, 36.8084970488702], [-119.712926687275, 36.8084950486932], [-119.71072768602, 36.8084910490581], [-119.709995685726, 36.8084900493292], [-119.709815685801, 36.8084890488809], [-119.709276685851, 36.8084880491519], [-119.709097685751, 36.8084880491519], [-119.709098685576, 36.8083410492889], [-119.709104686322, 36.8079040491107], [-119.709106685971, 36.8077580493035], [-119.709108685621, 36.807505048865], [-119.709117685842, 36.8067470487585], [-119.70912168604, 36.8064950490499], [-119.70912168604, 36.8061690490984], [-119.709122685865, 36.8054010488627], [-119.709124686413, 36.8051910488282], [-119.709128685713, 36.8048660488555], [-119.709264686155, 36.8048630488072], [-119.709720686265, 36.8048620490309], [-119.711497685949, 36.8048620490309], [-119.712090686326, 36.8048620490309], [-119.71240568597, 36.8048590489825], [-119.713353686174, 36.8048520491089], [-119.713670686367, 36.8048510493325], [-119.713670686367, 36.8051120488135]]]}, "properties": {"GEOID": "060190031025002", "P0010001": 203, "ALAND": 163486, "AWATER": 0}}, {"type": "Feature", "geometry": {"type": "Polygon", "coordinates": [[[-119.713670686367, 36.8048510493325], [-119.713353686174, 36.8048520491089], [-119.71240568597, 36.8048590489825], [-119.712090686326, 36.8048620490309], [-119.712091686151, 36.8047190492314], [-119.712096686174, 36.8042900489499], [-119.712099685649, 36.8041480493064], [-119.712099685649, 36.8040090487622], [-119.712100686372, 36.8035910486998], [-119.712101686197, 36.803453049097], [-119.712100686372, 36.8033700488253], [-119.712099685649, 36.803122048708], [-119.712099685649, 36.8030400493163], [-119.712411685818, 36.8030390487968], [-119.713348686152, 36.8030360479578], [-119.713661686146, 36.8030360479578], [-119.713662685971, 36.8033990479339], [-119.713668685819, 36.8044880490465], [-119.713670686367, 36.8048510493325]]]}, "properties": {"GEOID": "060190031025003", "P0010001": 108, "ALAND": 28228, "AWATER": 0}}, {"type": "Feature", "geometry": {"type": "Polygon", "coordinates": [[[-119.718188686732, 36.804846048292], [-119.718005687332, 36.8048330483186], [-119.717284686908, 36.8048340480953], [-119.714637685939, 36.8048420491857], [-119.714573686365, 36.8048420491857], [-119.713670686367, 36.8048510493325], [-119.713668685819, 36.8044880490465], [-119.713662685971, 36.8033990479339], [-119.713661686146, 36.8030360479578], [-119.714565685969, 36.8030330478379], [-119.71728068671, 36.8030260477974], [-119.718185687257, 36.8030240481966], [-119.718186687082, 36.8034550479673], [-119.718187686907, 36.8041590476673], [-119.718188686732, 36.804846048292]]]}, "properties": {"GEOID": "060190031025004", "P0010001": 160, "ALAND": 81027, "AWATER": 0}}, {"type": "Feature", "geometry": {"type": "Polygon", "coordinates": [[[-119.718207686998, 36.8062200483131], [-119.718031687271, 36.8062130478448], [-119.717295686779, 36.8062220478304], [-119.716641687201, 36.8062310492534], [-119.716517687352, 36.8062200490324], [-119.716046687174, 36.8061560493496], [-119.715937687394, 36.8061510491136], [-119.714566686692, 36.8061540491114], [-119.713655686298, 36.8061570491091], [-119.713660686321, 36.8058950491115], [-119.713670686367, 36.8053880489834], [-119.713670686367, 36.8051120488135], [-119.713670686367, 36.8048510493325], [-119.714573686365, 36.8048420491857], [-119.714637685939, 36.8048420491857], [-119.717284686908, 36.8048340480953], [-119.718005687332, 36.8048330483186], [-119.718188686732, 36.804846048292], [-119.718195687303, 36.805120047717], [-119.7182036868, 36.8053790481806], [-119.718205687348, 36.8059450480272], [-119.718207686998, 36.8062200483131]]]}, "properties": {"GEOID": "060190031025005", "P0010001": 632, "ALAND": 60333, "AWATER": 0}}, {"type": "Feature", "geometry": {"type": "Polygon", "coordinates": [[[-119.709124686413, 36.8051910488282], [-119.709122685865, 36.8054010488627], [-119.70912168604, 36.8061690490984], [-119.70912168604, 36.8064950490499], [-119.708873686343, 36.8064940492949], [-119.708364685632, 36.8064930488206], [-119.708298686408, 36.8064800491268], [-119.708237686308, 36.8064560492435], [-119.708174685661, 36.8064140487106], [-119.708158685767, 36.8063960487834], [-119.708127685805, 36.8063600489163], [-119.708098686391, 36.8062990493425], [-119.708090685995, 36.8062450487479], [-119.708090685097, 36.8061680493392], [-119.708090685097, 36.8060360493506], [-119.708090685097, 36.8059450487465], [-119.70806968518, 36.8059000486449], [-119.708044685066, 36.8058740490537], [-119.707994684837, 36.8058480487343], [-119.707955685378, 36.8058400491876], [-119.707834685004, 36.8058400491876], [-119.707703684584, 36.8058400491876], [-119.707520685184, 36.8058400491876], [-119.706971685188, 36.8058410489512], [-119.706789684715, 36.8058420487147], [-119.706739685385, 36.8057860489885], [-119.706685684958, 36.8056850489933], [-119.706678685286, 36.8056690491457], [-119.706647685323, 36.8055880486518], [-119.706604684767, 36.8054570488705], [-119.706525685125, 36.8050710487555], [-119.706485684942, 36.8048690489036], [-119.707013685021, 36.8048680491273], [-119.70859968491, 36.8048660488555], [-119.709128685713, 36.8048660488555], [-119.709124686413, 36.8051910488282]]]}, "properties": {"GEOID": "060190031025006", "P0010001": 201, "ALAND": 30896, "AWATER": 0}}, {"type": "Feature", "geometry": {"type": "Polygon", "coordinates": [[[-119.709117685842, 36.8067470487585], [-119.709108685621, 36.807505048865], [-119.709106685971, 36.8077580493035], [-119.708838686183, 36.8075520489443], [-119.708034685919, 36.8069360490746], [-119.70776668613, 36.8067310491328], [-119.707564684667, 36.8065590491687], [-119.707108684558, 36.8061700488577], [-119.706959684595, 36.8060310491068], [-119.706920685135, 36.8059810488087], [-119.706822685226, 36.8058860490874], [-119.706789684715, 36.8058420487147], [-119.706971685188, 36.8058410489512], [-119.707520685184, 36.8058400491876], [-119.707703684584, 36.8058400491876], [-119.707834685004, 36.8058400491876], [-119.707955685378, 36.8058400491876], [-119.707994684837, 36.8058480487343], [-119.708044685066, 36.8058740490537], [-119.70806968518, 36.8059000486449], [-119.708090685097, 36.8059450487465], [-119.708090685097, 36.8060360493506], [-119.708090685097, 36.8061680493392], [-119.708090685995, 36.8062450487479], [-119.708098686391, 36.8062990493425], [-119.708127685805, 36.8063600489163], [-119.708158685767, 36.8063960487834], [-119.708174685661, 36.8064140487106], [-119.708237686308, 36.8064560492435], [-119.708298686408, 36.8064800491268], [-119.708364685632, 36.8064930488206], [-119.708873686343, 36.8064940492949], [-119.70912168604, 36.8064950490499], [-119.709117685842, 36.8067470487585]]]}, "properties": {"GEOID": "060190031025007", "P0010001": 67, "ALAND": 16789, "AWATER": 0}}, {"type": "Feature", "geometry": {"type": "Polygon", "coordinates": [[[-119.706789684715, 36.8058420487147], [-119.706611685338, 36.8058420487147], [-119.706080684886, 36.8058430491975], [-119.706054684946, 36.805844048961], [-119.706014684764, 36.805851048744], [-119.705979684603, 36.8058660487904], [-119.705949685364, 36.8058880493326], [-119.705928685448, 36.8059150486817], [-119.705917684679, 36.8059460492279], [-119.705915685029, 36.8060300493457], [-119.705906684808, 36.8063820493166], [-119.705904685159, 36.8065000492634], [-119.705637685195, 36.8064990487892], [-119.704837685129, 36.8064980490342], [-119.70457168499, 36.8064980490342], [-119.70457168499, 36.8061730488548], [-119.70457368464, 36.8051980486709], [-119.704574685363, 36.8048740492233], [-119.704650684633, 36.8048720489516], [-119.704880684786, 36.8048700486798], [-119.704957684779, 36.8048690489036], [-119.705135685055, 36.8048690489036], [-119.705669684982, 36.8048690489036], [-119.705848685082, 36.8048700486798], [-119.705975685304, 36.8048690489036], [-119.706357684895, 36.8048690489036], [-119.706485684942, 36.8048690489036], [-119.706525685125, 36.8050710487555], [-119.706604684767, 36.8054570488705], [-119.706647685323, 36.8055880486518], [-119.706678685286, 36.8056690491457], [-119.706685684958, 36.8056850489933], [-119.706739685385, 36.8057860489885], [-119.706789684715, 36.8058420487147]]]}, "properties": {"GEOID": "060190031025008", "P0010001": 140, "ALAND": 28255, "AWATER": 0}}, {"type": "Feature", "geometry": {"type": "Polygon", "coordinates": [[[-119.71210668622, 36.8015890479245], [-119.712100686372, 36.8026770483577], [-119.712099685649, 36.8030400493163], [-119.712099685649, 36.803122048708], [-119.712100686372, 36.8033700488253], [-119.712101686197, 36.803453049097], [-119.711510686368, 36.8034510487882], [-119.710012686343, 36.8034490491987], [-119.709739684735, 36.8034360489881], [-119.709704684575, 36.8034350491931], [-119.70942468509, 36.8034050488642], [-119.709151685279, 36.8033960492668], [-119.709151685279, 36.8032520490901], [-119.709154684754, 36.8028220486993], [-119.709156685302, 36.8026790486868], [-119.70916268515, 36.8025370489331], [-119.709180684693, 36.8021100489996], [-119.709186685439, 36.8019690487243], [-119.709183685066, 36.8018230491095], [-119.709174684845, 36.8013880487796], [-119.70917168537, 36.8012430493193], [-119.709758685001, 36.8012390493055], [-119.711521686239, 36.8012290481911], [-119.712109685694, 36.8012270478243], [-119.71210668622, 36.8015890479245]]]}, "properties": {"GEOID": "060190031025009", "P0010001": 55, "ALAND": 64186, "AWATER": 0}}, {"type": "Feature", "geometry": {"type": "Polygon", "coordinates": [[[-119.712100686372, 36.8035910486998], [-119.712099685649, 36.8040090487622], [-119.712099685649, 36.8041480493064], [-119.711507685995, 36.8041480493064], [-119.70973268596, 36.8041490490921], [-119.709409685022, 36.8041170487516], [-119.709143684883, 36.8041190490429], [-119.709144684708, 36.8039740489994], [-119.709149684731, 36.8035400491726], [-119.709151685279, 36.8033960492668], [-119.70942468509, 36.8034050488642], [-119.709704684575, 36.8034350491931], [-119.709739684735, 36.8034360489881], [-119.710012686343, 36.8034490491987], [-119.711510686368, 36.8034510487882], [-119.712101686197, 36.803453049097], [-119.712100686372, 36.8035910486998]]]}, "properties": {"GEOID": "060190031025010", "P0010001": 94, "ALAND": 20528, "AWATER": 0}}, {"type": "Feature", "geometry": {"type": "Polygon", "coordinates": [[[-119.712096686174, 36.8042900489499], [-119.712091686151, 36.8047190492314], [-119.712090686326, 36.8048620490309], [-119.711497685949, 36.8048620490309], [-119.709720686265, 36.8048620490309], [-119.709264686155, 36.8048630488072], [-119.709128685713, 36.8048660488555], [-119.709130686261, 36.8047160491774], [-119.709139684685, 36.8042680486678], [-119.709143684883, 36.8041190490429], [-119.709409685022, 36.8041170487516], [-119.70973268596, 36.8041490490921], [-119.711507685995, 36.8041480493064], [-119.712099685649, 36.8041480493064], [-119.712096686174, 36.8042900489499]]]}, "properties": {"GEOID": "060190031025011", "P0010001": 66, "ALAND": 21049, "AWATER": 0}}, {"type": "Feature", "geometry": {"type": "Polygon", "coordinates": [[[-119.713665686344, 36.8015890479245], [-119.713662685971, 36.8026740482237], [-119.713661686146, 36.8030360479578], [-119.713348686152, 36.8030360479578], [-119.712411685818, 36.8030390487968], [-119.712099685649, 36.8030400493163], [-119.712100686372, 36.8026770483577], [-119.71210668622, 36.8015890479245], [-119.712109685694, 36.8012270478243], [-119.712420686039, 36.8012270478243], [-119.713355685824, 36.8012270478243], [-119.713667685994, 36.8012280476481], [-119.713665686344, 36.8015890479245]]]}, "properties": {"GEOID": "060190031025012", "P0010001": 118, "ALAND": 27978, "AWATER": 0}}, {"type": "Feature", "geometry": {"type": "Polygon", "coordinates": [[[-119.718193686754, 36.8015170479694], [-119.718189686556, 36.8022650477986], [-119.718187686907, 36.8024560480035], [-119.718186687082, 36.8027690483334], [-119.718185687257, 36.8028200476547], [-119.718185687257, 36.8029720477717], [-119.718185687257, 36.8030240481966], [-119.71728068671, 36.8030260477974], [-119.714565685969, 36.8030330478379], [-119.713661686146, 36.8030360479578], [-119.713662685971, 36.8026740482237], [-119.713665686344, 36.8015890479245], [-119.713667685994, 36.8012280476481], [-119.714572685642, 36.8012270478243], [-119.716804685611, 36.8012270478243], [-119.717289686033, 36.8012190477948], [-119.718195687303, 36.8012050481008], [-119.718193686754, 36.8015170479694]]]}, "properties": {"GEOID": "060190031025013", "P0010001": 103, "ALAND": 80946, "AWATER": 0}}, {"type": "Feature", "geometry": {"type": "Polygon", "coordinates": [[[-119.727323688093, 36.7983610467247], [-119.727314687873, 36.7986830466793], [-119.727255688321, 36.7996580470906], [-119.727241688078, 36.8005290467825], [-119.727239688428, 36.8006740468752], [-119.727184688176, 36.8012500466456], [-119.726975687939, 36.8012510471884], [-119.72634968795, 36.8012550472016], [-119.726141688436, 36.8012570468485], [-119.72591968778, 36.8012580466719], [-119.725878687772, 36.8012590472146], [-119.725256687981, 36.801256047025], [-119.725078687706, 36.801256047025], [-119.725035688048, 36.8012520470119], [-119.724984687994, 36.8012550472016], [-119.722682686807, 36.8012320476625], [-119.722692686853, 36.8010920477542], [-119.722689687378, 36.8004850476476], [-119.723058687449, 36.8004960479732], [-119.723133686893, 36.8004960479732], [-119.72445768774, 36.8004980469206], [-119.72446868761, 36.8004960472539], [-119.724565687695, 36.8004840470948], [-119.724668687627, 36.8004560467163], [-119.724765687711, 36.8004150470427], [-119.72485268775, 36.800362047169], [-119.724867687818, 36.8003320470749], [-119.724946688359, 36.8002400470488], [-119.72499468804, 36.8001740470089], [-119.725040688071, 36.800038046682], [-119.725048687568, 36.7999000471506], [-119.725056687964, 36.7997790468566], [-119.725054688315, 36.7996360469165], [-119.725048687568, 36.7992080467831], [-119.725047686845, 36.7990660470676], [-119.725358688088, 36.7990690473429], [-119.726293687873, 36.7990780467295], [-119.726383688285, 36.7990790473007], [-119.726593688347, 36.799006047291], [-119.726651688074, 36.7989590470017], [-119.726654688447, 36.798918047246], [-119.72667468764, 36.7986670468074], [-119.726677688013, 36.7985740470808], [-119.726678687838, 36.7985450468645], [-119.726622687761, 36.7984810472413], [-119.726555687814, 36.7984420469502], [-119.726496688263, 36.7984090472416], [-119.726337688254, 36.7983780472408], [-119.726262687911, 36.7983640470276], [-119.726254688414, 36.7982210473229], [-119.726233687599, 36.7977920473264], [-119.726226687926, 36.7976500471436], [-119.726449688407, 36.7976480466833], [-119.727121688427, 36.7976430473305], [-119.727207687742, 36.7976430473305], [-119.727345687835, 36.7976390471287], [-119.727323688093, 36.7983610467247]]]}, "properties": {"GEOID": "060190031031000", "P0010001": 400, "ALAND": 78267, "AWATER": 0}}, {"type": "Feature", "geometry": {"type": "Polygon", "coordinates": [[[-119.725048687568, 36.7999000471506], [-119.725040688071, 36.800038046682], [-119.72499468804, 36.8001740470089], [-119.724946688359, 36.8002400470488], [-119.724867687818, 36.8003320470749], [-119.72485268775, 36.800362047169], [-119.724765687711, 36.8004150470427], [-119.724668687627, 36.8004560467163], [-119.724565687695, 36.8004840470948], [-119.72446868761, 36.8004960472539], [-119.72445768774, 36.8004980469206], [-119.723133686893, 36.8004960479732], [-119.723058687449, 36.8004960479732], [-119.722689687378, 36.8004850476476], [-119.722686687005, 36.8003420483064], [-119.722679687332, 36.7999130479615], [-119.722677686784, 36.7997710466758], [-119.723054687251, 36.7997810472613], [-119.72315268716, 36.7997810472613], [-119.724580686865, 36.7997860471939], [-119.724755687665, 36.7997870470365], [-119.725056687964, 36.7997790468566], [-119.725048687568, 36.7999000471506]]]}, "properties": {"GEOID": "060190031031001", "P0010001": 42, "ALAND": 15988, "AWATER": 0}}, {"type": "Feature", "geometry": {"type": "Polygon", "coordinates": [[[-119.725056687964, 36.7997790468566], [-119.724755687665, 36.7997870470365], [-119.724580686865, 36.7997860471939], [-119.72315268716, 36.7997810472613], [-119.723054687251, 36.7997810472613], [-119.722677686784, 36.7997710466758], [-119.722678686609, 36.7996260470314], [-119.722682686807, 36.7991940467216], [-119.722684687355, 36.7990500472757], [-119.723156687358, 36.799061047088], [-119.723468686629, 36.7990690473429], [-119.724574687017, 36.7990660470676], [-119.725047686845, 36.7990660470676], [-119.725048687568, 36.7992080467831], [-119.725054688315, 36.7996360469165], [-119.725056687964, 36.7997790468566]]]}, "properties": {"GEOID": "060190031031002", "P0010001": 68, "ALAND": 16859, "AWATER": 0}}, {"type": "Feature", "geometry": {"type": "Polygon", "coordinates": [[[-119.726677688013, 36.7985740470808], [-119.72667468764, 36.7986670468074], [-119.726654688447, 36.798918047246], [-119.726651688074, 36.7989590470017], [-119.726593688347, 36.799006047291], [-119.726383688285, 36.7990790473007], [-119.726293687873, 36.7990780467295], [-119.725358688088, 36.7990690473429], [-119.725047686845, 36.7990660470676], [-119.724574687017, 36.7990660470676], [-119.723468686629, 36.7990690473429], [-119.723156687358, 36.799061047088], [-119.722684687355, 36.7990500472757], [-119.722681686982, 36.7989060468397], [-119.722672686761, 36.7984770470832], [-119.722670687111, 36.7983340468702], [-119.723388687162, 36.7983470472276], [-119.723458686583, 36.7983490469504], [-119.725543688036, 36.798356046699], [-119.726127688192, 36.7983580471409], [-119.726262687911, 36.7983640470276], [-119.726337688254, 36.7983780472408], [-119.726496688263, 36.7984090472416], [-119.726555687814, 36.7984420469502], [-119.726622687761, 36.7984810472413], [-119.726678687838, 36.7985450468645], [-119.726677688013, 36.7985740470808]]]}, "properties": {"GEOID": "060190031031003", "P0010001": 107, "ALAND": 27918, "AWATER": 0}}, {"type": "Feature", "geometry": {"type": "Polygon", "coordinates": [[[-119.726262687911, 36.7983640470276], [-119.726127688192, 36.7983580471409], [-119.725543688036, 36.798356046699], [-119.723458686583, 36.7983490469504], [-119.723388687162, 36.7983470472276], [-119.722670687111, 36.7983340468702], [-119.722668686563, 36.7981890466633], [-119.722664687263, 36.7977540472729], [-119.722663687439, 36.7976090466873], [-119.723023687289, 36.7976120470197], [-119.724104686664, 36.7976210472969], [-119.724465687237, 36.7976250467803], [-119.724611686827, 36.7976360467973], [-119.724639687314, 36.7976360467973], [-119.724922687172, 36.797637046668], [-119.725164687021, 36.7976340470559], [-119.725340686748, 36.7976330471852], [-119.725517687198, 36.7976360467973], [-119.726048687651, 36.7976460469422], [-119.726226687926, 36.7976500471436], [-119.726233687599, 36.7977920473264], [-119.726254688414, 36.7982210473229], [-119.726262687911, 36.7983640470276]]]}, "properties": {"GEOID": "060190031031004", "P0010001": 106, "ALAND": 25643, "AWATER": 0}}, {"type": "Feature", "geometry": {"type": "Polygon", "coordinates": [[[-119.724465687237, 36.7976250467803], [-119.724104686664, 36.7976210472969], [-119.723023687289, 36.7976120470197], [-119.722663687439, 36.7976090466873], [-119.722664687263, 36.7974630466736], [-119.722666686913, 36.7970270468781], [-119.722668686563, 36.7968820470743], [-119.722844687188, 36.7968790467134], [-119.723372687268, 36.7968720468297], [-119.72354968682, 36.7968700470684], [-119.723590686828, 36.7968320472768], [-119.723581686607, 36.7967730470709], [-119.723579686957, 36.796666046679], [-119.723571686561, 36.7960010472724], [-119.723570686736, 36.7958410471161], [-119.723597687399, 36.795786047165], [-119.723767687278, 36.7957820468662], [-119.724024687196, 36.7957780472865], [-119.724277686916, 36.7957840466559], [-119.724447686796, 36.7957890468494], [-119.724450687169, 36.7961560469254], [-119.724461687039, 36.7972570466737], [-119.724465687237, 36.7976250467803]]]}, "properties": {"GEOID": "060190031031005", "P0010001": 97, "ALAND": 22668, "AWATER": 0}}, {"type": "Feature", "geometry": {"type": "Polygon", "coordinates": [[[-119.72535868719, 36.7972790468118], [-119.725349686969, 36.7974480471393], [-119.725340686748, 36.7976330471852], [-119.725164687021, 36.7976340470559], [-119.724922687172, 36.797637046668], [-119.724639687314, 36.7976360467973], [-119.724611686827, 36.7976360467973], [-119.724465687237, 36.7976250467803], [-119.724461687039, 36.7972570466737], [-119.724450687169, 36.7961560469254], [-119.724447686796, 36.7957890468494], [-119.724531687359, 36.7957910473584], [-119.724604687154, 36.7957930471479], [-119.724786686729, 36.7957930471479], [-119.724871687118, 36.7957930471479], [-119.72496368718, 36.7957980473408], [-119.725008687385, 36.7958010470248], [-119.725242686839, 36.7958010470248], [-119.725336687448, 36.7958010470248], [-119.725345686771, 36.7959820471635], [-119.725351686619, 36.7960860466801], [-119.725353687167, 36.7965260470566], [-119.725355686817, 36.7967080468036], [-119.725355686817, 36.7968930471981], [-119.72535868719, 36.7972790468118]]]}, "properties": {"GEOID": "060190031031006", "P0010001": 73, "ALAND": 16310, "AWATER": 0}}, {"type": "Feature", "geometry": {"type": "Polygon", "coordinates": [[[-119.727354688056, 36.7962660469761], [-119.727353688231, 36.7963450467646], [-119.727353688231, 36.7967900472202], [-119.727353688231, 36.7969390467174], [-119.727351687682, 36.7970780471457], [-119.72734668766, 36.7974990471265], [-119.727345687835, 36.7976390471287], [-119.727207687742, 36.7976430473305], [-119.727121688427, 36.7976430473305], [-119.726449688407, 36.7976480466833], [-119.726226687926, 36.7976500471436], [-119.726048687651, 36.7976460469422], [-119.725517687198, 36.7976360467973], [-119.725340686748, 36.7976330471852], [-119.725349686969, 36.7974480471393], [-119.72535868719, 36.7972790468118], [-119.725355686817, 36.7968930471981], [-119.725355686817, 36.7967080468036], [-119.725353687167, 36.7965260470566], [-119.725351686619, 36.7960860466801], [-119.725345686771, 36.7959820471635], [-119.725336687448, 36.7958010470248], [-119.725738687131, 36.795803046814], [-119.726274686709, 36.7958070471118], [-119.726944687078, 36.7958060472172], [-119.727181687803, 36.7958060472172], [-119.72734668766, 36.795803046814], [-119.727351687682, 36.7958730473179], [-119.727350687858, 36.7958820470801], [-119.727349688033, 36.7961190466701], [-119.727349688033, 36.7961430469155], [-119.727360687903, 36.7961980473296], [-119.727354688056, 36.7962660469761]]]}, "properties": {"GEOID": "060190031031007", "P0010001": 54, "ALAND": 36408, "AWATER": 0}}, {"type": "Feature", "geometry": {"type": "Polygon", "coordinates": [[[-119.727347686586, 36.7944730466663], [-119.727346686761, 36.7954700466546], [-119.72734668766, 36.795803046814], [-119.727181687803, 36.7958060472172], [-119.726944687078, 36.7958060472172], [-119.726274686709, 36.7958070471118], [-119.725738687131, 36.795803046814], [-119.725336687448, 36.7958010470248], [-119.725242686839, 36.7958010470248], [-119.725008687385, 36.7958010470248], [-119.72496368718, 36.7957980473408], [-119.724871687118, 36.7957930471479], [-119.724866687095, 36.7956280470727], [-119.724852686852, 36.7951330468729], [-119.724848686654, 36.7949680468148], [-119.724483686781, 36.7949810470241], [-119.724411686811, 36.7949800471188], [-119.723162687206, 36.7949790472134], [-119.723100687282, 36.7949800471188], [-119.722664687263, 36.7949890469858], [-119.722660687065, 36.7948060468436], [-119.722656686867, 36.7945150472739], [-119.722657686692, 36.7942580473056], [-119.722659687241, 36.7940760467731], [-119.723204687039, 36.7940850467463], [-119.723596686676, 36.7940930468016], [-119.72532568668, 36.7941260469308], [-119.726410687151, 36.794132047149], [-119.727187686753, 36.794137046731], [-119.727348687309, 36.7941410471157], [-119.727347686586, 36.7944730466663]]]}, "properties": {"GEOID": "060190031031008", "P0010001": 398, "ALAND": 60501, "AWATER": 0}}, {"type": "Feature", "geometry": {"type": "Polygon", "coordinates": [[[-119.724871687118, 36.7957930471479], [-119.724786686729, 36.7957930471479], [-119.724604687154, 36.7957930471479], [-119.724531687359, 36.7957910473584], [-119.724447686796, 36.7957890468494], [-119.724277686916, 36.7957840466559], [-119.724024687196, 36.7957780472865], [-119.723767687278, 36.7957820468662], [-119.723597687399, 36.795786047165], [-119.723570686736, 36.7958410471161], [-119.723571686561, 36.7960010472724], [-119.723579686957, 36.796666046679], [-119.723581686607, 36.7967730470709], [-119.723590686828, 36.7968320472768], [-119.72354968682, 36.7968700470684], [-119.723372687268, 36.7968720468297], [-119.722844687188, 36.7968790467134], [-119.722668686563, 36.7968820470743], [-119.722672686761, 36.7967390467609], [-119.72268768683, 36.7963130467599], [-119.722691687028, 36.7962120472194], [-119.72268568718, 36.7961720473218], [-119.722678686609, 36.7960220471603], [-119.722657686692, 36.7955720470711], [-119.722651686845, 36.7954230470729], [-119.722651686845, 36.7953360471282], [-119.722651686845, 36.7950750467012], [-119.722664687263, 36.7949890469858], [-119.723100687282, 36.7949800471188], [-119.723162687206, 36.7949790472134], [-119.724411686811, 36.7949800471188], [-119.724483686781, 36.7949810470241], [-119.724848686654, 36.7949680468148], [-119.724852686852, 36.7951330468729], [-119.724866687095, 36.7956280470727], [-119.724871687118, 36.7957930471479]]]}, "properties": {"GEOID": "060190031031009", "P0010001": 98, "ALAND": 27278, "AWATER": 0}}, {"type": "Feature", "geometry": {"type": "Polygon", "coordinates": [[[-119.722692686853, 36.8010920477542], [-119.722682686807, 36.8012320476625], [-119.718349687288, 36.8012110477645], [-119.718195687303, 36.8012050481008], [-119.718191687105, 36.8007860480091], [-119.718180686336, 36.7995300482122], [-119.718177685963, 36.7991120481592], [-119.718175686313, 36.7989680478399], [-119.718169685567, 36.7985380478525], [-119.718168685742, 36.7983950477533], [-119.718166686092, 36.7982340476995], [-119.718163685719, 36.7977540479922], [-119.718162685894, 36.7975940479009], [-119.718356686063, 36.7975990479762], [-119.718525686117, 36.7976000478474], [-119.71910468625, 36.7976040480513], [-119.719616686436, 36.7976020468704], [-119.719980687383, 36.7976020468704], [-119.719989686705, 36.797887047018], [-119.720017687193, 36.7987440480038], [-119.720027687238, 36.7990300480705], [-119.720221687407, 36.7990280476462], [-119.720805686665, 36.7990260479411], [-119.721000686659, 36.7990260479411], [-119.721001687382, 36.7987440480038], [-119.721006687405, 36.7978980469974], [-119.721008687055, 36.7976170470939], [-119.721339686592, 36.797615047352], [-119.722331687178, 36.7976100472777], [-119.722663687439, 36.7976090466873], [-119.722664687263, 36.7977540472729], [-119.722668686563, 36.7981890466633], [-119.722670687111, 36.7983340468702], [-119.722672686761, 36.7984770470832], [-119.722681686982, 36.7989060468397], [-119.722684687355, 36.7990500472757], [-119.722682686807, 36.7991940467216], [-119.722678686609, 36.7996260470314], [-119.722677686784, 36.7997710466758], [-119.722679687332, 36.7999130479615], [-119.722686687005, 36.8003420483064], [-119.722689687378, 36.8004850476476], [-119.722692686853, 36.8010920477542]]]}, "properties": {"GEOID": "060190031032000", "P0010001": 695, "ALAND": 147029, "AWATER": 0}}, {"type": "Feature", "geometry": {"type": "Polygon", "coordinates": [[[-119.721006687405, 36.7978980469974], [-119.721001687382, 36.7987440480038], [-119.721000686659, 36.7990260479411], [-119.720805686665, 36.7990260479411], [-119.720221687407, 36.7990280476462], [-119.720027687238, 36.7990300480705], [-119.720017687193, 36.7987440480038], [-119.719989686705, 36.797887047018], [-119.719980687383, 36.7976020468704], [-119.720131686996, 36.7976020468704], [-119.720584686732, 36.7976030467415], [-119.720736687068, 36.7976040473319], [-119.720790686596, 36.7976060470741], [-119.720953686803, 36.7976140467617], [-119.721008687055, 36.7976170470939], [-119.721006687405, 36.7978980469974]]]}, "properties": {"GEOID": "060190031032001", "P0010001": 52, "ALAND": 14097, "AWATER": 0}}, {"type": "Feature", "geometry": {"type": "Polygon", "coordinates": [[[-119.72268768683, 36.7963130467599], [-119.722672686761, 36.7967390467609], [-119.722668686563, 36.7968820470743], [-119.722666686913, 36.7970270468781], [-119.722664687263, 36.7974630466736], [-119.722663687439, 36.7976090466873], [-119.722331687178, 36.7976100472777], [-119.721339686592, 36.797615047352], [-119.721008687055, 36.7976170470939], [-119.720953686803, 36.7976140467617], [-119.720790686596, 36.7976060470741], [-119.720736687068, 36.7976040473319], [-119.720736687068, 36.7973130468821], [-119.720739687441, 36.7964390469259], [-119.720740686368, 36.7961490469757], [-119.720932686887, 36.7961520466459], [-119.72151168702, 36.7961610470946], [-119.721704687364, 36.7961640467643], [-119.721900687182, 36.7961700468229], [-119.722210686804, 36.7961800471592], [-119.722488686638, 36.7961750469912], [-119.72268568718, 36.7961720473218], [-119.722691687028, 36.7962120472194], [-119.72268768683, 36.7963130467599]]]}, "properties": {"GEOID": "060190031032002", "P0010001": 84, "ALAND": 27726, "AWATER": 0}}, {"type": "Feature", "geometry": {"type": "Polygon", "coordinates": [[[-119.72268568718, 36.7961720473218], [-119.722488686638, 36.7961750469912], [-119.722210686804, 36.7961800471592], [-119.721900687182, 36.7961700468229], [-119.721704687364, 36.7961640467643], [-119.72151168702, 36.7961610470946], [-119.720932686887, 36.7961520466459], [-119.720740686368, 36.7961490469757], [-119.720739687441, 36.7964390469259], [-119.720736687068, 36.7973130468821], [-119.720736687068, 36.7976040473319], [-119.720584686732, 36.7976030467415], [-119.720131686996, 36.7976020468704], [-119.719980687383, 36.7976020468704], [-119.719616686436, 36.7976020468704], [-119.71910468625, 36.7976040480513], [-119.718525686117, 36.7976000478474], [-119.718356686063, 36.7975990479762], [-119.718162685894, 36.7975940479009], [-119.718164686442, 36.797430047982], [-119.718167685917, 36.7971850476814], [-119.718163685719, 36.7969380482763], [-119.718161686069, 36.7967750482734], [-119.718161686069, 36.7966300479926], [-119.718161686069, 36.7961940470523], [-119.718162685894, 36.7960500470017], [-119.718154686396, 36.7958850467608], [-119.718145686176, 36.7956940467138], [-119.718138685605, 36.795390046783], [-119.71813568613, 36.7952260471806], [-119.71813768578, 36.7949950471364], [-119.718144686351, 36.7943040469687], [-119.718146686, 36.7941240470978], [-119.718145686176, 36.7940740469387], [-119.718144686351, 36.7940360471988], [-119.718195686404, 36.7940400468695], [-119.718360686261, 36.7940410467871], [-119.718504686201, 36.7940400468695], [-119.719434685963, 36.7940360471988], [-119.719745686308, 36.7940350472811], [-119.71975468563, 36.7940790472438], [-119.719760686376, 36.7942450469736], [-119.719764685676, 36.7943070467111], [-119.719783685943, 36.7945420470358], [-119.719779685745, 36.7951290472593], [-119.71977868592, 36.7954040468205], [-119.719982686134, 36.795408047139], [-119.720595685704, 36.7954230470729], [-119.720750686413, 36.795427046671], [-119.720800685744, 36.795427046671], [-119.72103568592, 36.7954280472899], [-119.721676686876, 36.7954300470889], [-119.721712686861, 36.7954310469884], [-119.721743686823, 36.7954300470889], [-119.721979686825, 36.7954290471894], [-119.722113686719, 36.795427046671], [-119.722516687125, 36.7954230470729], [-119.722651686845, 36.7954230470729], [-119.722657686692, 36.7955720470711], [-119.722678686609, 36.7960220471603], [-119.72268568718, 36.7961720473218]]]}, "properties": {"GEOID": "060190031032003", "P0010001": 428, "ALAND": 92252, "AWATER": 0}}, {"type": "Feature", "geometry": {"type": "Polygon", "coordinates": [[[-119.722664687263, 36.7949890469858], [-119.722651686845, 36.7950750467012], [-119.722651686845, 36.7953360471282], [-119.722651686845, 36.7954230470729], [-119.722516687125, 36.7954230470729], [-119.722113686719, 36.795427046671], [-119.721979686825, 36.7954290471894], [-119.721743686823, 36.7954300470889], [-119.721712686861, 36.7954310469884], [-119.721676686876, 36.7954300470889], [-119.72103568592, 36.7954280472899], [-119.720800685744, 36.795427046671], [-119.720750686413, 36.795427046671], [-119.720595685704, 36.7954230470729], [-119.719982686134, 36.795408047139], [-119.71977868592, 36.7954040468205], [-119.719779685745, 36.7951290472593], [-119.719783685943, 36.7945420470358], [-119.719764685676, 36.7943070467111], [-119.719760686376, 36.7942450469736], [-119.71975468563, 36.7940790472438], [-119.719745686308, 36.7940350472811], [-119.720327685916, 36.7940430473416], [-119.722076686011, 36.7940670467988], [-119.722659687241, 36.7940760467731], [-119.722657686692, 36.7942580473056], [-119.722656686867, 36.7945150472739], [-119.722660687065, 36.7948060468436], [-119.722664687263, 36.7949890469858]]]}, "properties": {"GEOID": "060190031032004", "P0010001": 190, "ALAND": 39048, "AWATER": 0}}, {"type": "Feature", "geometry": {"type": "Polygon", "coordinates": [[[-119.729964688316, 36.7987980466947], [-119.729963687593, 36.7989630471345], [-119.729963687593, 36.8007060472159], [-119.72996368939, 36.8011540469847], [-119.729970689062, 36.8012880471225], [-119.729412687947, 36.8012800470994], [-119.72774168767, 36.8012570468485], [-119.727184688176, 36.8012500466456], [-119.727239688428, 36.8006740468752], [-119.727241688078, 36.8005290467825], [-119.727255688321, 36.7996580470906], [-119.727314687873, 36.7986830466793], [-119.727323688093, 36.7983610467247], [-119.727345687835, 36.7976390471287], [-119.727603687578, 36.7976390471287], [-119.728377687704, 36.7976390471287], [-119.728635688346, 36.7976390471287], [-119.728635688346, 36.7977790468748], [-119.728635688346, 36.7981980468727], [-119.728635688346, 36.7983390468973], [-119.728907688332, 36.7983420472011], [-119.729723688292, 36.7983530471151], [-119.729864687859, 36.798356046699], [-119.729959688293, 36.7983680471916], [-119.729992687905, 36.798383047265], [-119.729964688316, 36.7987980466947]]]}, "properties": {"GEOID": "060190031033000", "P0010001": 463, "ALAND": 87379, "AWATER": 0}}, {"type": "Feature", "geometry": {"type": "Polygon", "coordinates": [[[-119.730834688703, 36.8012790472763], [-119.730661689349, 36.8012800470994], [-119.730142688592, 36.8012860467572], [-119.729970689062, 36.8012880471225], [-119.72996368939, 36.8011540469847], [-119.729963687593, 36.8007060472159], [-119.729963687593, 36.7989630471345], [-119.729964688316, 36.7987980466947], [-119.729992687905, 36.798383047265], [-119.730058688028, 36.7983930473124], [-119.730131687823, 36.7984210470065], [-119.730362687801, 36.7985110473411], [-119.730451688388, 36.798539046992], [-119.73055868762, 36.7985580471861], [-119.730571688039, 36.7985580471861], [-119.730653688054, 36.7985630471985], [-119.730725688024, 36.7985720466445], [-119.730726687849, 36.7987130467], [-119.730741687918, 36.7987890472752], [-119.730812688063, 36.7990310472037], [-119.730812688063, 36.7991040471895], [-119.730828688855, 36.8007350473333], [-119.730834688703, 36.8012790472763]]]}, "properties": {"GEOID": "060190031033001", "P0010001": 95, "ALAND": 23314, "AWATER": 0}}, {"type": "Feature", "geometry": {"type": "Polygon", "coordinates": [[[-119.73171568896, 36.8012770469107], [-119.731538689408, 36.8012770469107], [-119.731010689328, 36.8012780467338], [-119.730834688703, 36.8012790472763], [-119.730828688855, 36.8007350473333], [-119.730812688063, 36.7991040471895], [-119.730812688063, 36.7990310472037], [-119.730741687918, 36.7987890472752], [-119.730726687849, 36.7987130467], [-119.730725688024, 36.7985720466445], [-119.730852688246, 36.7985650469156], [-119.73091668782, 36.798567047352], [-119.731161688043, 36.7985790470922], [-119.731366688082, 36.7985800469505], [-119.73149268758, 36.7985740470808], [-119.731684688998, 36.7985660467742], [-119.731686688647, 36.7989460467482], [-119.731695688868, 36.8000880472639], [-119.731699689066, 36.8004690467135], [-119.731698689241, 36.8006300471043], [-119.731697689416, 36.8011160471606], [-119.73171568896, 36.8012770469107]]]}, "properties": {"GEOID": "060190031033002", "P0010001": 109, "ALAND": 23637, "AWATER": 0}}, {"type": "Feature", "geometry": {"type": "Polygon", "coordinates": [[[-119.731684688998, 36.7985660467742], [-119.73149268758, 36.7985740470808], [-119.731366688082, 36.7985800469505], [-119.731161688043, 36.7985790470922], [-119.73091668782, 36.798567047352], [-119.730852688246, 36.7985650469156], [-119.730725688024, 36.7985720466445], [-119.730722687651, 36.7983890471497], [-119.730716687804, 36.7978400467613], [-119.730714688154, 36.7976580468266], [-119.730904688125, 36.7976580468266], [-119.731474688037, 36.7976600472867], [-119.731665687833, 36.7976610471571], [-119.731668688206, 36.7978420472166], [-119.7316806888, 36.7983850469869], [-119.731684688998, 36.7985660467742]]]}, "properties": {"GEOID": "060190031033003", "P0010001": 24, "ALAND": 8647, "AWATER": 0}}, {"type": "Feature", "geometry": {"type": "Polygon", "coordinates": [[[-119.730725688024, 36.7985720466445], [-119.730653688054, 36.7985630471985], [-119.730571688039, 36.7985580471861], [-119.73055868762, 36.7985580471861], [-119.730451688388, 36.798539046992], [-119.730362687801, 36.7985110473411], [-119.730131687823, 36.7984210470065], [-119.730058688028, 36.7983930473124], [-119.729992687905, 36.798383047265], [-119.729959688293, 36.7983680471916], [-119.729864687859, 36.798356046699], [-119.729723688292, 36.7983530471151], [-119.728907688332, 36.7983420472011], [-119.728635688346, 36.7983390468973], [-119.728635688346, 36.7981980468727], [-119.728635688346, 36.7977790468748], [-119.728635688346, 36.7976390471287], [-119.729050688447, 36.7976420467405], [-119.730298688227, 36.7976540473449], [-119.730714688154, 36.7976580468266], [-119.730716687804, 36.7978400467613], [-119.730722687651, 36.7983890471497], [-119.730725688024, 36.7985720466445]]]}, "properties": {"GEOID": "060190031033004", "P0010001": 77, "ALAND": 15503, "AWATER": 0}}, {"type": "Feature", "geometry": {"type": "Polygon", "coordinates": [[[-119.731667688381, 36.7970870467663], [-119.731665687833, 36.797517046987], [-119.731665687833, 36.7976610471571], [-119.731474688037, 36.7976600472867], [-119.730904688125, 36.7976580468266], [-119.730714688154, 36.7976580468266], [-119.730298688227, 36.7976540473449], [-119.729050688447, 36.7976420467405], [-119.728635688346, 36.7976390471287], [-119.728377687704, 36.7976390471287], [-119.727603687578, 36.7976390471287], [-119.727345687835, 36.7976390471287], [-119.72734668766, 36.7974990471265], [-119.727351687682, 36.7970780471457], [-119.727353688231, 36.7969390467174], [-119.728010688182, 36.7969200468411], [-119.728215688221, 36.7969210467211], [-119.73080568839, 36.7969380468376], [-119.731669688031, 36.7969440468355], [-119.731667688381, 36.7970870467663]]]}, "properties": {"GEOID": "060190031033005", "P0010001": 100, "ALAND": 30636, "AWATER": 0}}, {"type": "Feature", "geometry": {"type": "Polygon", "coordinates": [[[-119.731669688031, 36.7969440468355], [-119.73080568839, 36.7969380468376], [-119.728215688221, 36.7969210467211], [-119.728010688182, 36.7969200468411], [-119.727353688231, 36.7969390467174], [-119.727353688231, 36.7967900472202], [-119.727353688231, 36.7963450467646], [-119.727354688056, 36.7962660469761], [-119.727360687903, 36.7961980473296], [-119.727700687662, 36.7962070470535], [-119.727860688394, 36.7962070470535], [-119.729013687739, 36.7962090468322], [-119.729361687894, 36.7962150468872], [-119.729723688292, 36.7962220468309], [-119.729862688209, 36.796230046663], [-119.730042688134, 36.796229046774], [-119.730583687734, 36.7962280468848], [-119.73062868794, 36.7962280468848], [-119.730764688382, 36.7962360467164], [-119.730943687584, 36.7962350468273], [-119.731480687885, 36.7962350468273], [-119.73166068781, 36.7962350468273], [-119.731657688335, 36.796310047096], [-119.73165868816, 36.7963760468689], [-119.731666687658, 36.7968020472387], [-119.731669688031, 36.7969440468355]]]}, "properties": {"GEOID": "060190031033006", "P0010001": 119, "ALAND": 30384, "AWATER": 0}}, {"type": "Feature", "geometry": {"type": "Polygon", "coordinates": [[[-119.73166068781, 36.7962350468273], [-119.731480687885, 36.7962350468273], [-119.730943687584, 36.7962350468273], [-119.730764688382, 36.7962360467164], [-119.730753687614, 36.7961210471704], [-119.730752687789, 36.7959280472066], [-119.730749688314, 36.7950040462823], [-119.730748687591, 36.7946970460441], [-119.730927687691, 36.7946940463169], [-119.731464687991, 36.7946840457866], [-119.731644687916, 36.7946820459681], [-119.731637688244, 36.7947370459925], [-119.731644687916, 36.7948250458056], [-119.731645687741, 36.7949920459821], [-119.731656687612, 36.7959240469152], [-119.73166068781, 36.7962350468273]]]}, "properties": {"GEOID": "060190031033007", "P0010001": 57, "ALAND": 13774, "AWATER": 0}}, {"type": "Feature", "geometry": {"type": "Polygon", "coordinates": [[[-119.730764688382, 36.7962360467164], [-119.73062868794, 36.7962280468848], [-119.730583687734, 36.7962280468848], [-119.730042688134, 36.796229046774], [-119.729862688209, 36.796230046663], [-119.729855687638, 36.795920047343], [-119.729837688095, 36.7949910467963], [-119.729832688072, 36.7946820466875], [-119.73001568837, 36.7946830473161], [-119.730564688366, 36.7946890460519], [-119.730619687719, 36.794690045961], [-119.730748687591, 36.7946970460441], [-119.730749688314, 36.7950040462823], [-119.730752687789, 36.7959280472066], [-119.730753687614, 36.7961210471704], [-119.730764688382, 36.7962360467164]]]}, "properties": {"GEOID": "060190031033008", "P0010001": 48, "ALAND": 13822, "AWATER": 0}}, {"type": "Feature", "geometry": {"type": "Polygon", "coordinates": [[[-119.731667688381, 36.7943110456482], [-119.731656687612, 36.7944400459671], [-119.731648688114, 36.7945890457193], [-119.731644687916, 36.7946820459681], [-119.731464687991, 36.7946840457866], [-119.730927687691, 36.7946940463169], [-119.730748687591, 36.7946970460441], [-119.730619687719, 36.794690045961], [-119.730564688366, 36.7946890460519], [-119.73001568837, 36.7946830473161], [-119.729832688072, 36.7946820466875], [-119.729837688095, 36.7949910467963], [-119.729855687638, 36.795920047343], [-119.729862688209, 36.796230046663], [-119.729723688292, 36.7962220468309], [-119.729361687894, 36.7962150468872], [-119.729013687739, 36.7962090468322], [-119.727860688394, 36.7962070470535], [-119.727700687662, 36.7962070470535], [-119.727360687903, 36.7961980473296], [-119.727349688033, 36.7961430469155], [-119.727349688033, 36.7961190466701], [-119.727350687858, 36.7958820470801], [-119.727351687682, 36.7958730473179], [-119.72734668766, 36.795803046814], [-119.727346686761, 36.7954700466546], [-119.727347686586, 36.7944730466663], [-119.727348687309, 36.7941410471157], [-119.727957686682, 36.7941480472489], [-119.728213686775, 36.7941520469137], [-119.729302688342, 36.7941720466731], [-119.730810688413, 36.7942010456676], [-119.731676687703, 36.794219046303], [-119.731667688381, 36.7943110456482]]]}, "properties": {"GEOID": "060190031033009", "P0010001": 83, "ALAND": 59492, "AWATER": 0}}, {"type": "Feature", "geometry": {"type": "Polygon", "coordinates": [[[-119.713676686215, 36.8005830478115], [-119.713670686367, 36.8007800483122], [-119.713668685819, 36.8010660479691], [-119.713667685994, 36.8012280476481], [-119.713355685824, 36.8012270478243], [-119.712420686039, 36.8012270478243], [-119.712109685694, 36.8012270478243], [-119.711521686239, 36.8012290481911], [-119.709758685001, 36.8012390493055], [-119.70917168537, 36.8012430493193], [-119.709169684822, 36.8010830493235], [-119.70916268515, 36.8006030480498], [-119.709161685325, 36.8004430481555], [-119.709291685021, 36.800440047934], [-119.710065685148, 36.8004370477124], [-119.712777686414, 36.8004260480977], [-119.713682686062, 36.8004230478755], [-119.713676686215, 36.8005830478115]]]}, "properties": {"GEOID": "060190031034000", "P0010001": 119, "ALAND": 35708, "AWATER": 0}}, {"type": "Feature", "geometry": {"type": "Polygon", "coordinates": [[[-119.718195687303, 36.8012050481008], [-119.717289686033, 36.8012190477948], [-119.716804685611, 36.8012270478243], [-119.714572685642, 36.8012270478243], [-119.713667685994, 36.8012280476481], [-119.713668685819, 36.8010660479691], [-119.713670686367, 36.8007800483122], [-119.713676686215, 36.8005830478115], [-119.713682686062, 36.8004230478755], [-119.713859685614, 36.8004140479276], [-119.714012685775, 36.8004070476477], [-119.714229686409, 36.8003840478539], [-119.71432568577, 36.8003800477952], [-119.714391685892, 36.8003800477952], [-119.714569686167, 36.8003820481842], [-119.714750685917, 36.8003830480191], [-119.715296686438, 36.8003870480776], [-119.715478686013, 36.8003890477471], [-119.715650686441, 36.8003860482428], [-119.716167685751, 36.8003790479603], [-119.716251686315, 36.8003780481255], [-119.716338686354, 36.8003580478284], [-119.71635968627, 36.8003450478124], [-119.716384686385, 36.8003110476494], [-119.716389686408, 36.8002730481264], [-119.716383685661, 36.8001330479037], [-119.716353686423, 36.7993970477235], [-119.716351685874, 36.7993380480547], [-119.716365686118, 36.7992210477114], [-119.71638568621, 36.7991770478251], [-119.716397685905, 36.7991620479071], [-119.716426686218, 36.7991600482055], [-119.716458686005, 36.7991400483098], [-119.716496685639, 36.7991300476406], [-119.71674768571, 36.799127048087], [-119.717819685762, 36.7991150477134], [-119.718177685963, 36.7991120481592], [-119.718180686336, 36.7995300482122], [-119.718191687105, 36.8007860480091], [-119.718195687303, 36.8012050481008]]]}, "properties": {"GEOID": "060190031034001", "P0010001": 186, "ALAND": 60127, "AWATER": 0}}, {"type": "Feature", "geometry": {"type": "Polygon", "coordinates": [[[-119.713682686062, 36.8004230478755], [-119.712777686414, 36.8004260480977], [-119.710065685148, 36.8004370477124], [-119.709291685021, 36.800440047934], [-119.709161685325, 36.8004430481555], [-119.709160684601, 36.800279047863], [-119.709159684777, 36.7997870477558], [-119.709159684777, 36.7996230482165], [-119.709514684604, 36.7996270483148], [-119.7100596853, 36.7996470480834], [-119.711503684899, 36.7997000477325], [-119.712762686346, 36.7996970482013], [-119.713664685621, 36.7996950477943], [-119.713667685994, 36.7998400480274], [-119.713678685864, 36.8002770481906], [-119.713682686062, 36.8004230478755]]]}, "properties": {"GEOID": "060190031034002", "P0010001": 139, "ALAND": 33737, "AWATER": 0}}, {"type": "Feature", "geometry": {"type": "Polygon", "coordinates": [[[-119.713666686169, 36.7991020482058], [-119.713664685621, 36.7995470477496], [-119.713664685621, 36.7996950477943], [-119.712762686346, 36.7996970482013], [-119.711503684899, 36.7997000477325], [-119.7100596853, 36.7996470480834], [-119.709514684604, 36.7996270483148], [-119.709159684777, 36.7996230482165], [-119.709160684601, 36.7994580477599], [-119.709163684975, 36.7989630478539], [-119.709165684624, 36.7987990479889], [-119.709475685144, 36.7987990479889], [-119.709748684956, 36.7988150478333], [-119.710064685323, 36.7988450478022], [-119.711222684691, 36.7989570480141], [-119.711481685157, 36.7989680478399], [-119.712765684922, 36.7989600482937], [-119.713667685994, 36.7989550483072], [-119.713666686169, 36.7991020482058]]]}, "properties": {"GEOID": "060190031034003", "P0010001": 116, "ALAND": 33932, "AWATER": 0}}, {"type": "Feature", "geometry": {"type": "Polygon", "coordinates": [[[-119.714569686167, 36.8003820481842], [-119.714391685892, 36.8003800477952], [-119.71432568577, 36.8003800477952], [-119.714229686409, 36.8003840478539], [-119.714012685775, 36.8004070476477], [-119.713859685614, 36.8004140479276], [-119.713682686062, 36.8004230478755], [-119.713678685864, 36.8002770481906], [-119.713667685994, 36.7998400480274], [-119.713664685621, 36.7996950477943], [-119.713664685621, 36.7995470477496], [-119.713666686169, 36.7991020482058], [-119.713667685994, 36.7989550483072], [-119.713667685994, 36.7988110476927], [-119.713667685994, 36.7983800476821], [-119.713668685819, 36.7982370480074], [-119.713845686269, 36.7982350482817], [-119.714376685823, 36.7982310481107], [-119.714554686099, 36.7982300482478], [-119.714557685573, 36.7986600478065], [-119.714566685794, 36.7999510476632], [-119.714569686167, 36.8003820481842]]]}, "properties": {"GEOID": "060190031034004", "P0010001": 78, "ALAND": 19149, "AWATER": 0}}, {"type": "Feature", "geometry": {"type": "Polygon", "coordinates": [[[-119.718168685742, 36.7983950477533], [-119.717635685639, 36.7983970481942], [-119.716037686055, 36.7984040479384], [-119.715567685702, 36.7984060476597], [-119.715529686067, 36.7984150478436], [-119.715509685975, 36.7984260477471], [-119.715489685884, 36.798494048293], [-119.715487686234, 36.7988160476886], [-119.715480685663, 36.7999950478242], [-119.715478686013, 36.8003890477471], [-119.715296686438, 36.8003870480776], [-119.714750685917, 36.8003830480191], [-119.714569686167, 36.8003820481842], [-119.714566685794, 36.7999510476632], [-119.714557685573, 36.7986600478065], [-119.714554686099, 36.7982300482478], [-119.714555685924, 36.7981050480153], [-119.714560685946, 36.7977300482516], [-119.714563686319, 36.7976060477934], [-119.715282686195, 36.7976040480513], [-119.717442686194, 36.7975990479762], [-119.717766686059, 36.7975990479762], [-119.718162685894, 36.7975940479009], [-119.718163685719, 36.7977540479922], [-119.718166686092, 36.7982340476995], [-119.718168685742, 36.7983950477533]]]}, "properties": {"GEOID": "060190031034005", "P0010001": 239, "ALAND": 46680, "AWATER": 0}}, {"type": "Feature", "geometry": {"type": "Polygon", "coordinates": [[[-119.718177685963, 36.7991120481592], [-119.717819685762, 36.7991150477134], [-119.71674768571, 36.799127048087], [-119.716496685639, 36.7991300476406], [-119.716458686005, 36.7991400483098], [-119.716426686218, 36.7991600482055], [-119.716397685905, 36.7991620479071], [-119.71638568621, 36.7991770478251], [-119.716365686118, 36.7992210477114], [-119.716351685874, 36.7993380480547], [-119.716353686423, 36.7993970477235], [-119.716383685661, 36.8001330479037], [-119.716389686408, 36.8002730481264], [-119.716384686385, 36.8003110476494], [-119.71635968627, 36.8003450478124], [-119.716338686354, 36.8003580478284], [-119.716251686315, 36.8003780481255], [-119.716167685751, 36.8003790479603], [-119.715650686441, 36.8003860482428], [-119.715478686013, 36.8003890477471], [-119.715480685663, 36.7999950478242], [-119.715487686234, 36.7988160476886], [-119.715489685884, 36.798494048293], [-119.715509685975, 36.7984260477471], [-119.715529686067, 36.7984150478436], [-119.715567685702, 36.7984060476597], [-119.716037686055, 36.7984040479384], [-119.717635685639, 36.7983970481942], [-119.718168685742, 36.7983950477533], [-119.718169685567, 36.7985380478525], [-119.718175686313, 36.7989680478399], [-119.718177685963, 36.7991120481592]]]}, "properties": {"GEOID": "060190031034006", "P0010001": 122, "ALAND": 30249, "AWATER": 0}}, {"type": "Feature", "geometry": {"type": "Polygon", "coordinates": [[[-119.713667685994, 36.7983800476821], [-119.713667685994, 36.7988110476927], [-119.713667685994, 36.7989550483072], [-119.712765684922, 36.7989600482937], [-119.711481685157, 36.7989680478399], [-119.711222684691, 36.7989570480141], [-119.710064685323, 36.7988450478022], [-119.709748684956, 36.7988150478333], [-119.709475685144, 36.7987990479889], [-119.709165684624, 36.7987990479889], [-119.709164684799, 36.7986330480574], [-119.709164684799, 36.7981350482623], [-119.709164684799, 36.7979690483304], [-119.709276684952, 36.7979820480304], [-119.70938968493, 36.7979850483482], [-119.7100596853, 36.7980900478873], [-119.710753685061, 36.798200048038], [-119.711023685398, 36.7982310481107], [-119.711295685384, 36.7982460482111], [-119.712763685272, 36.7982400483151], [-119.713668685819, 36.7982370480074], [-119.713667685994, 36.7983800476821]]]}, "properties": {"GEOID": "060190031034007", "P0010001": 106, "ALAND": 32768, "AWATER": 0}}, {"type": "Feature", "geometry": {"type": "Polygon", "coordinates": [[[-119.713668685819, 36.7982370480074], [-119.712763685272, 36.7982400483151], [-119.711295685384, 36.7982460482111], [-119.711023685398, 36.7982310481107], [-119.710753685061, 36.798200048038], [-119.7100596853, 36.7980900478873], [-119.70938968493, 36.7979850483482], [-119.709276684952, 36.7979820480304], [-119.709164684799, 36.7979690483304], [-119.70916268515, 36.7978040479072], [-119.709156685302, 36.7973090481017], [-119.709155684579, 36.7971450482919], [-119.709294685394, 36.7971410480641], [-119.709423685266, 36.7971500476773], [-119.709530685396, 36.7971630482356], [-119.709622684559, 36.7971860482773], [-119.710038685384, 36.7973180476952], [-119.710290685279, 36.7973840480381], [-119.710544684824, 36.7974340481947], [-119.71080368529, 36.7974710478148], [-119.711064685406, 36.7974920480189], [-119.711260685224, 36.7974990478459], [-119.712746684656, 36.7974990478459], [-119.7136556854, 36.7974990478459], [-119.713657685948, 36.7976460476616], [-119.713665686344, 36.7980890480226], [-119.713668685819, 36.7982370480074]]]}, "properties": {"GEOID": "060190031035000", "P0010001": 144, "ALAND": 33781, "AWATER": 0}}, {"type": "Feature", "geometry": {"type": "Polygon", "coordinates": [[[-119.718161686069, 36.7961940470523], [-119.718161686069, 36.7966300479926], [-119.718161686069, 36.7967750482734], [-119.718062686335, 36.7967820481659], [-119.717497686445, 36.7967760481553], [-119.717351685957, 36.7967760481553], [-119.716016686139, 36.7967850478114], [-119.715344686119, 36.7968140479747], [-119.71510268627, 36.7968610481416], [-119.714943686261, 36.7969370476771], [-119.714773686382, 36.7970590480233], [-119.714671686274, 36.7971860482773], [-119.714593685558, 36.7973770482007], [-119.714559686121, 36.7975740483155], [-119.714563686319, 36.7976060477934], [-119.714560685946, 36.7977300482516], [-119.714555685924, 36.7981050480153], [-119.714554686099, 36.7982300482478], [-119.714376685823, 36.7982310481107], [-119.713845686269, 36.7982350482817], [-119.713668685819, 36.7982370480074], [-119.713665686344, 36.7980890480226], [-119.713657685948, 36.7976460476616], [-119.7136556854, 36.7974990478459], [-119.713651685202, 36.7973110478517], [-119.713640685331, 36.7967490477422], [-119.713637684958, 36.7965620479499], [-119.713797684792, 36.7965490480089], [-119.71394368528, 36.7965200477453], [-119.714069684778, 36.7964780482369], [-119.714109684961, 36.7964590482463], [-119.714566685794, 36.7962510479267], [-119.714679685772, 36.7962030482154], [-119.714855686397, 36.7961430483542], [-119.715039685622, 36.7960990481383], [-119.715195686156, 36.7960740479881], [-119.715385686127, 36.7960580482904], [-119.715495685732, 36.7960570476798], [-119.715907686359, 36.7960550478972], [-119.715982685803, 36.7960560477885], [-119.71614568601, 36.7960570476798], [-119.716634685732, 36.7960610479643], [-119.716798685763, 36.7960630477467], [-119.71707068575, 36.7960590481817], [-119.717889686083, 36.7960470473275], [-119.718032686198, 36.7960450468253], [-119.718162685894, 36.7960500470017], [-119.718161686069, 36.7961940470523]]]}, "properties": {"GEOID": "060190031035001", "P0010001": 153, "ALAND": 43108, "AWATER": 0}}, {"type": "Feature", "geometry": {"type": "Polygon", "coordinates": [[[-119.718164686442, 36.797430047982], [-119.718162685894, 36.7975940479009], [-119.717766686059, 36.7975990479762], [-119.717442686194, 36.7975990479762], [-119.715282686195, 36.7976040480513], [-119.714563686319, 36.7976060477934], [-119.714559686121, 36.7975740483155], [-119.714593685558, 36.7973770482007], [-119.714671686274, 36.7971860482773], [-119.714773686382, 36.7970590480233], [-119.714943686261, 36.7969370476771], [-119.71510268627, 36.7968610481416], [-119.715344686119, 36.7968140479747], [-119.716016686139, 36.7967850478114], [-119.717351685957, 36.7967760481553], [-119.717497686445, 36.7967760481553], [-119.718062686335, 36.7967820481659], [-119.718161686069, 36.7967750482734], [-119.718163685719, 36.7969380482763], [-119.718167685917, 36.7971850476814], [-119.718164686442, 36.797430047982]]]}, "properties": {"GEOID": "060190031035002", "P0010001": 162, "ALAND": 27546, "AWATER": 0}}, {"type": "Feature", "geometry": {"type": "Polygon", "coordinates": [[[-119.718146686, 36.7941240470978], [-119.718144686351, 36.7943040469687], [-119.71813768578, 36.7949950471364], [-119.71813568613, 36.7952260471806], [-119.718009685733, 36.7952210469504], [-119.717814685739, 36.7952230467548], [-119.717736685922, 36.7952310466912], [-119.716895685848, 36.79536304732], [-119.716860685687, 36.7953790471628], [-119.716820686403, 36.7954150471565], [-119.716806686159, 36.7954460469177], [-119.716802685961, 36.7954740469697], [-119.716800686311, 36.7956640476688], [-119.716798685763, 36.7960630477467], [-119.716634685732, 36.7960610479643], [-119.71614568601, 36.7960570476798], [-119.715982685803, 36.7960560477885], [-119.715907686359, 36.7960550478972], [-119.715495685732, 36.7960570476798], [-119.715385686127, 36.7960580482904], [-119.715195686156, 36.7960740479881], [-119.715039685622, 36.7960990481383], [-119.714855686397, 36.7961430483542], [-119.714679685772, 36.7962030482154], [-119.714566685794, 36.7962510479267], [-119.714109684961, 36.7964590482463], [-119.714069684778, 36.7964780482369], [-119.71394368528, 36.7965200477453], [-119.713797684792, 36.7965490480089], [-119.713637684958, 36.7965620479499], [-119.71355068492, 36.7965640477193], [-119.713477685125, 36.7965490480089], [-119.713178685374, 36.7964890476993], [-119.713011684969, 36.7964230480239], [-119.71291368506, 36.7963850480106], [-119.712865685379, 36.7963580481789], [-119.712457684951, 36.7961760483196], [-119.7123376853, 36.7961040483112], [-119.712249685436, 36.79603504791], [-119.711698684892, 36.7955430478763], [-119.711613685402, 36.7954880477112], [-119.711519684792, 36.7954440478385], [-119.711417684685, 36.7954130480765], [-119.711386684723, 36.7954070479586], [-119.711310684555, 36.7953950477216], [-119.711201684775, 36.7953920480217], [-119.710943685032, 36.7953950477216], [-119.710763685107, 36.795405048159], [-119.710224685157, 36.7954390483418], [-119.710045685056, 36.7954500479534], [-119.709863684583, 36.7954620481818], [-119.709373685037, 36.7954960483393], [-119.709318684785, 36.7954970482379], [-119.709137685035, 36.7955030483487], [-119.709137685035, 36.7954020477402], [-119.709139684685, 36.7951000478968], [-119.709141684335, 36.7950000481007], [-119.709344684724, 36.7949990481956], [-119.709383685083, 36.7950020479109], [-119.710202685415, 36.7949330479557], [-119.710441684892, 36.7949330479557], [-119.710582685357, 36.794923048176], [-119.710987685413, 36.794898047642], [-119.711662684907, 36.7948840482313], [-119.71179868535, 36.7949250479882], [-119.712388685354, 36.7953380476489], [-119.712456685126, 36.7954180482941], [-119.712909684862, 36.7957690482315], [-119.713174685176, 36.7958960477471], [-119.713311685443, 36.79597204824], [-119.713584685255, 36.7960060481711], [-119.713643684806, 36.7960060481711], [-119.713780685073, 36.7959920482436], [-119.714147684596, 36.7958890477736], [-119.714292685259, 36.7958410478354], [-119.714326684696, 36.795820047898], [-119.71447168536, 36.7957710480216], [-119.714534685109, 36.7957540476461], [-119.714548685353, 36.7957510479603], [-119.714608684729, 36.7957160480203], [-119.714676685399, 36.7957020480398], [-119.714736684775, 36.7956680479737], [-119.714795685225, 36.7956540479845], [-119.714872685218, 36.7956130478984], [-119.714915684875, 36.7956060478991], [-119.714957684708, 36.7955780478953], [-119.71504368582, 36.7955580477836], [-119.715120685813, 36.7955160477478], [-119.715188685585, 36.7955020477308], [-119.71524868586, 36.7954680482953], [-119.715333686248, 36.7954470482557], [-119.715393685625, 36.7954130480765], [-119.715478686013, 36.7953920480217], [-119.715512686349, 36.7953710479612], [-119.715559686204, 36.7953510477954], [-119.715589686341, 36.7953300477236], [-119.715649685718, 36.7953160476726], [-119.715708686167, 36.7952820481546], [-119.715751685825, 36.795275048125], [-119.715828685818, 36.7952330479341], [-119.715862686153, 36.7952260479], [-119.715887686267, 36.7952200477675], [-119.71596468626, 36.7951780482658], [-119.716007685918, 36.795164048187], [-119.716092686307, 36.7951440472478], [-119.716160686079, 36.7951090470304], [-119.71625468579, 36.7950750467012], [-119.716288686125, 36.7950540472731], [-119.716375686164, 36.7950300466865], [-119.716391686057, 36.7950260470676], [-119.716451686332, 36.7949920467015], [-119.716510685883, 36.794978047308], [-119.716544686218, 36.794957047134], [-119.716613685815, 36.7949440469206], [-119.716920685962, 36.794930046799], [-119.71721468569, 36.7948500470828], [-119.717261686444, 36.7948470466423], [-119.717295685881, 36.7948260471517], [-119.717513686339, 36.7947670468394], [-119.717560686195, 36.7947640471149], [-119.717611686248, 36.7947500469604], [-119.717722685678, 36.7946740466938], [-119.717816686288, 36.7946160468938], [-119.717909686174, 36.7945230472843], [-119.717952685832, 36.794481046681], [-119.717994685664, 36.7941710467572], [-119.718046686441, 36.7941300473161], [-119.718145686176, 36.7940740469387], [-119.718146686, 36.7941240470978]]]}, "properties": {"GEOID": "060190031035003", "P0010001": 130, "ALAND": 55803, "AWATER": 0}}, {"type": "Feature", "geometry": {"type": "Polygon", "coordinates": [[[-119.7136556854, 36.7974990478459], [-119.712746684656, 36.7974990478459], [-119.711260685224, 36.7974990478459], [-119.711064685406, 36.7974920480189], [-119.71080368529, 36.7974710478148], [-119.710544684824, 36.7974340481947], [-119.710290685279, 36.7973840480381], [-119.710038685384, 36.7973180476952], [-119.709622684559, 36.7971860482773], [-119.709530685396, 36.7971630482356], [-119.709423685266, 36.7971500476773], [-119.709294685394, 36.7971410480641], [-119.709155684579, 36.7971450482919], [-119.709151685279, 36.7969820480102], [-119.709139684685, 36.7964950477324], [-119.709135685385, 36.7963330481132], [-119.709135685385, 36.7961670478727], [-119.70913668521, 36.7956680479737], [-119.709137685035, 36.7955030483487], [-119.709318684785, 36.7954970482379], [-119.709373685037, 36.7954960483393], [-119.709863684583, 36.7954620481818], [-119.710045685056, 36.7954500479534], [-119.710052684729, 36.7957310478938], [-119.710072684821, 36.7965300480358], [-119.710093684737, 36.7965760477732], [-119.710132685095, 36.7966130478077], [-119.710165684707, 36.7966310478764], [-119.710345684632, 36.7966840481739], [-119.710473684679, 36.7967220480389], [-119.710658684627, 36.7967590480029], [-119.710848684597, 36.7967800476829], [-119.710898684826, 36.7967810482841], [-119.71098468504, 36.7967840479296], [-119.712589685195, 36.796779047801], [-119.712649684571, 36.796779047801], [-119.712688684929, 36.7967700481443], [-119.712720684716, 36.796751048226], [-119.712743685181, 36.7967240478041], [-119.712755684876, 36.7966840481739], [-119.712760684899, 36.7965940478505], [-119.712782684641, 36.79651904786], [-119.712865685379, 36.7963580481789], [-119.71291368506, 36.7963850480106], [-119.713011684969, 36.7964230480239], [-119.713178685374, 36.7964890476993], [-119.713477685125, 36.7965490480089], [-119.71355068492, 36.7965640477193], [-119.713637684958, 36.7965620479499], [-119.713640685331, 36.7967490477422], [-119.713651685202, 36.7973110478517], [-119.7136556854, 36.7974990478459]]]}, "properties": {"GEOID": "060190031035004", "P0010001": 155, "ALAND": 43662, "AWATER": 0}}, {"type": "Feature", "geometry": {"type": "Polygon", "coordinates": [[[-119.712782684641, 36.79651904786], [-119.712760684899, 36.7965940478505], [-119.712755684876, 36.7966840481739], [-119.712743685181, 36.7967240478041], [-119.712720684716, 36.796751048226], [-119.712688684929, 36.7967700481443], [-119.712649684571, 36.796779047801], [-119.712589685195, 36.796779047801], [-119.71098468504, 36.7967840479296], [-119.710898684826, 36.7967810482841], [-119.710848684597, 36.7967800476829], [-119.710658684627, 36.7967590480029], [-119.710473684679, 36.7967220480389], [-119.710345684632, 36.7966840481739], [-119.710165684707, 36.7966310478764], [-119.710132685095, 36.7966130478077], [-119.710093684737, 36.7965760477732], [-119.710072684821, 36.7965300480358], [-119.710052684729, 36.7957310478938], [-119.710045685056, 36.7954500479534], [-119.710224685157, 36.7954390483418], [-119.710763685107, 36.795405048159], [-119.710943685032, 36.7953950477216], [-119.711201684775, 36.7953920480217], [-119.711310684555, 36.7953950477216], [-119.711386684723, 36.7954070479586], [-119.711417684685, 36.7954130480765], [-119.711519684792, 36.7954440478385], [-119.711613685402, 36.7954880477112], [-119.711698684892, 36.7955430478763], [-119.712249685436, 36.79603504791], [-119.7123376853, 36.7961040483112], [-119.712457684951, 36.7961760483196], [-119.712865685379, 36.7963580481789], [-119.712782684641, 36.79651904786]]]}, "properties": {"GEOID": "060190031035005", "P0010001": 106, "ALAND": 29963, "AWATER": 0}}, {"type": "Feature", "geometry": {"type": "Polygon", "coordinates": [[[-119.718145686176, 36.7940740469387], [-119.718046686441, 36.7941300473161], [-119.717994685664, 36.7941710467572], [-119.717952685832, 36.794481046681], [-119.717909686174, 36.7945230472843], [-119.717816686288, 36.7946160468938], [-119.717722685678, 36.7946740466938], [-119.717611686248, 36.7947500469604], [-119.717560686195, 36.7947640471149], [-119.717513686339, 36.7947670468394], [-119.717295685881, 36.7948260471517], [-119.717261686444, 36.7948470466423], [-119.71721468569, 36.7948500470828], [-119.716920685962, 36.794930046799], [-119.716613685815, 36.7949440469206], [-119.716544686218, 36.794957047134], [-119.716510685883, 36.794978047308], [-119.716451686332, 36.7949920467015], [-119.716391686057, 36.7950260470676], [-119.716375686164, 36.7950300466865], [-119.716288686125, 36.7950540472731], [-119.71625468579, 36.7950750467012], [-119.716160686079, 36.7951090470304], [-119.716092686307, 36.7951440472478], [-119.716007685918, 36.795164048187], [-119.71596468626, 36.7951780482658], [-119.715887686267, 36.7952200477675], [-119.715862686153, 36.7952260479], [-119.715828685818, 36.7952330479341], [-119.715751685825, 36.795275048125], [-119.715708686167, 36.7952820481546], [-119.715649685718, 36.7953160476726], [-119.715589686341, 36.7953300477236], [-119.715559686204, 36.7953510477954], [-119.715512686349, 36.7953710479612], [-119.715478686013, 36.7953920480217], [-119.715393685625, 36.7954130480765], [-119.715333686248, 36.7954470482557], [-119.71524868586, 36.7954680482953], [-119.715188685585, 36.7955020477308], [-119.715120685813, 36.7955160477478], [-119.71504368582, 36.7955580477836], [-119.714957684708, 36.7955780478953], [-119.714915684875, 36.7956060478991], [-119.714872685218, 36.7956130478984], [-119.714795685225, 36.7956540479845], [-119.714736684775, 36.7956680479737], [-119.714676685399, 36.7957020480398], [-119.714608684729, 36.7957160480203], [-119.714548685353, 36.7957510479603], [-119.714534685109, 36.7957540476461], [-119.71447168536, 36.7957710480216], [-119.714326684696, 36.795820047898], [-119.714292685259, 36.7958410478354], [-119.714147684596, 36.7958890477736], [-119.713780685073, 36.7959920482436], [-119.713643684806, 36.7960060481711], [-119.713584685255, 36.7960060481711], [-119.713311685443, 36.79597204824], [-119.713174685176, 36.7958960477471], [-119.712909684862, 36.7957690482315], [-119.712456685126, 36.7954180482941], [-119.712388685354, 36.7953380476489], [-119.71179868535, 36.7949250479882], [-119.711662684907, 36.7948840482313], [-119.710987685413, 36.794898047642], [-119.710582685357, 36.794923048176], [-119.710441684892, 36.7949330479557], [-119.710202685415, 36.7949330479557], [-119.709383685083, 36.7950020479109], [-119.709344684724, 36.7949990481956], [-119.709141684335, 36.7950000481007], [-119.709141684335, 36.7948880478577], [-119.709143683985, 36.7945540481258], [-119.709145683635, 36.7944430478623], [-119.709330683582, 36.7944600478094], [-119.709444684284, 36.7944580479851], [-119.709672684788, 36.7944450476871], [-119.709842684667, 36.7944260479115], [-119.710046684881, 36.7943940478245], [-119.710067684798, 36.7943910480854], [-119.710288684731, 36.794343047928], [-119.71112668533, 36.7941060478788], [-119.711431684929, 36.7940380477535], [-119.711454685393, 36.7940370478359], [-119.71155868515, 36.7940140482873], [-119.711810685045, 36.793984047865], [-119.712063684765, 36.7939680477308], [-119.712254684561, 36.7939660478937], [-119.712478684867, 36.7939730480429], [-119.712715684693, 36.7939720481244], [-119.71362268489, 36.7939700482873], [-119.714526684713, 36.7939710467671], [-119.716465685677, 36.793974047242], [-119.716820686403, 36.7939820473089], [-119.717240685629, 36.7940080473406], [-119.717554686347, 36.7940290470554], [-119.717923686418, 36.7940400468695], [-119.718010685558, 36.7940400468695], [-119.718032686198, 36.7940400468695], [-119.718144686351, 36.7940360471988], [-119.718145686176, 36.7940740469387]]]}, "properties": {"GEOID": "060190031035006", "P0010001": 0, "ALAND": 58101, "AWATER": 44730}}, {"type": "Feature", "geometry": {"type": "Polygon", "coordinates": [[[-119.718162685894, 36.7960500470017], [-119.718032686198, 36.7960450468253], [-119.717889686083, 36.7960470473275], [-119.71707068575, 36.7960590481817], [-119.716798685763, 36.7960630477467], [-119.716800686311, 36.7956640476688], [-119.716802685961, 36.7954740469697], [-119.716806686159, 36.7954460469177], [-119.716820686403, 36.7954150471565], [-119.716860685687, 36.7953790471628], [-119.716895685848, 36.79536304732], [-119.717736685922, 36.7952310466912], [-119.717814685739, 36.7952230467548], [-119.718009685733, 36.7952210469504], [-119.71813568613, 36.7952260471806], [-119.718138685605, 36.795390046783], [-119.718145686176, 36.7956940467138], [-119.718154686396, 36.7958850467608], [-119.718162685894, 36.7960500470017]]]}, "properties": {"GEOID": "060190031035007", "P0010001": 42, "ALAND": 10287, "AWATER": 0}}, {"type": "Feature", "geometry": {"type": "Polygon", "coordinates": [[[-119.70366568372, 36.7999450493395], [-119.703572683834, 36.799919049165], [-119.703119684097, 36.7998550492513], [-119.702331683727, 36.7998030488324], [-119.701189684252, 36.799736049292], [-119.700700683632, 36.7997010490149], [-119.700683683914, 36.8003720491159], [-119.700715683701, 36.8004420490407], [-119.700779684173, 36.8005220486711], [-119.700856684166, 36.8005470488081], [-119.701012683802, 36.8005590489574], [-119.701206683971, 36.8005640488392], [-119.702651684292, 36.8007060486545], [-119.702730683935, 36.8007250490303], [-119.702815684324, 36.8007590490095], [-119.702891683593, 36.8008050490843], [-119.702954684241, 36.800863049233], [-119.702997683899, 36.8009190489629], [-119.703031684234, 36.800991048761], [-119.703048683952, 36.8010780487563], [-119.703051684325, 36.801178049249], [-119.703064683846, 36.8012080490116], [-119.70309168361, 36.8012410489528], [-119.70212968406, 36.8012720492333], [-119.702074683809, 36.8012420487764], [-119.701972683702, 36.801173048688], [-119.701733684225, 36.8011450492807], [-119.701599684331, 36.8011450492807], [-119.701041684114, 36.8011460491055], [-119.7005976837, 36.8011320486789], [-119.700538684149, 36.8010980488653], [-119.700533684126, 36.8010390490683], [-119.700528684103, 36.8004890491394], [-119.700528684103, 36.8004090487553], [-119.700511684385, 36.8001950493492], [-119.700408683554, 36.800112049143], [-119.700297684124, 36.8000390486792], [-119.700299683774, 36.799693048826], [-119.700536683601, 36.7996880488873], [-119.700521682634, 36.7987930488556], [-119.701992683793, 36.798819048693], [-119.702320683856, 36.7988370489626], [-119.702565684078, 36.7988620489304], [-119.702807683928, 36.7988980487257], [-119.703127683595, 36.7989620487198], [-119.703362683772, 36.7990210486782], [-119.70359368375, 36.7990900492669], [-119.704031684317, 36.7992390493252], [-119.70366568372, 36.7999450493395]]]}, "properties": {"GEOID": "060190031041000", "P0010001": 50, "ALAND": 46435, "AWATER": 0}}, {"type": "Feature", "geometry": {"type": "Polygon", "coordinates": [[[-119.704434683824, 36.8010980488653], [-119.704432684175, 36.8012570490064], [-119.704277684364, 36.8012570490064], [-119.703813683858, 36.8012570490064], [-119.703659683873, 36.8012570490064], [-119.703538684397, 36.8012600491958], [-119.703365684145, 36.8012730490566], [-119.703210684334, 36.8012670486784], [-119.703132683618, 36.8012570490064], [-119.70309168361, 36.8012410489528], [-119.703064683846, 36.8012080490116], [-119.703051684325, 36.801178049249], [-119.703048683952, 36.8010780487563], [-119.703031684234, 36.800991048761], [-119.702997683899, 36.8009190489629], [-119.702954684241, 36.800863049233], [-119.702891683593, 36.8008050490843], [-119.702815684324, 36.8007590490095], [-119.702730683935, 36.8007250490303], [-119.702651684292, 36.8007060486545], [-119.701206683971, 36.8005640488392], [-119.701012683802, 36.8005590489574], [-119.700856684166, 36.8005470488081], [-119.700779684173, 36.8005220486711], [-119.700715683701, 36.8004420490407], [-119.700683683914, 36.8003720491159], [-119.700700683632, 36.7997010490149], [-119.701189684252, 36.799736049292], [-119.702331683727, 36.7998030488324], [-119.703119684097, 36.7998550492513], [-119.703572683834, 36.799919049165], [-119.70366568372, 36.7999450493395], [-119.703698684231, 36.7999570488636], [-119.704054683883, 36.8001730493293], [-119.704299684105, 36.8004470489302], [-119.704388683794, 36.8006430492299], [-119.70440768406, 36.8007640488782], [-119.704416684281, 36.8009390491134], [-119.704427684152, 36.8010350490438], [-119.704438684022, 36.8010800491271], [-119.704434683824, 36.8010980488653]]]}, "properties": {"GEOID": "060190031041001", "P0010001": 51, "ALAND": 36337, "AWATER": 0}}, {"type": "Feature", "geometry": {"type": "Polygon", "coordinates": [[[-119.70917168537, 36.8012430493193], [-119.70838168535, 36.8012450489665], [-119.706010684566, 36.8012540488168], [-119.705221685268, 36.8012570490064], [-119.705063684186, 36.8012570490064], [-119.704589683635, 36.8012570490064], [-119.704432684175, 36.8012570490064], [-119.704434683824, 36.8010980488653], [-119.704438684022, 36.8010800491271], [-119.704427684152, 36.8010350490438], [-119.704416684281, 36.8009390491134], [-119.70440768406, 36.8007640488782], [-119.704388683794, 36.8006430492299], [-119.704299684105, 36.8004470489302], [-119.704054683883, 36.8001730493293], [-119.703698684231, 36.7999570488636], [-119.70366568372, 36.7999450493395], [-119.704031684317, 36.7992390493252], [-119.704239683831, 36.7993010493364], [-119.704713684382, 36.7994430493356], [-119.704867684368, 36.7994780490113], [-119.705015683607, 36.7995130486709], [-119.70508168373, 36.7995210488786], [-119.705423684036, 36.8001090489085], [-119.705479684113, 36.8001830491429], [-119.70554668406, 36.8002500490116], [-119.705576684197, 36.8002720490094], [-119.705625683703, 36.8003090486972], [-119.705724685234, 36.8003640489971], [-119.705833685014, 36.8004050486979], [-119.705949685364, 36.8004320492609], [-119.706055684771, 36.8004440487088], [-119.708255684953, 36.8004430488748], [-119.709161685325, 36.8004430481555], [-119.70916268515, 36.8006030480498], [-119.709169684822, 36.8010830493235], [-119.70917168537, 36.8012430493193]]]}, "properties": {"GEOID": "060190031041002", "P0010001": 85, "ALAND": 53098, "AWATER": 0}}, {"type": "Feature", "geometry": {"type": "Polygon", "coordinates": [[[-119.709161685325, 36.8004430481555], [-119.708255684953, 36.8004430488748], [-119.706055684771, 36.8004440487088], [-119.705949685364, 36.8004320492609], [-119.705833685014, 36.8004050486979], [-119.705724685234, 36.8003640489971], [-119.705625683703, 36.8003090486972], [-119.705576684197, 36.8002720490094], [-119.70554668406, 36.8002500490116], [-119.705479684113, 36.8001830491429], [-119.705423684036, 36.8001090489085], [-119.70508168373, 36.7995210488786], [-119.705239683913, 36.7995460493425], [-119.705451683625, 36.7995740493344], [-119.705778683864, 36.799606048696], [-119.705892683666, 36.7996110493593], [-119.706024683911, 36.7996170491478], [-119.708342684992, 36.7996150480195], [-119.70906468524, 36.7996150480195], [-119.709159684777, 36.7996230482165], [-119.709159684777, 36.7997870477558], [-119.709160684601, 36.800279047863], [-119.709161685325, 36.8004430481555]]]}, "properties": {"GEOID": "060190031041003", "P0010001": 48, "ALAND": 30991, "AWATER": 0}}, {"type": "Feature", "geometry": {"type": "Polygon", "coordinates": [[[-119.709163684975, 36.7989630478539], [-119.709160684601, 36.7994580477599], [-119.709159684777, 36.7996230482165], [-119.70906468524, 36.7996150480195], [-119.708342684992, 36.7996150480195], [-119.706024683911, 36.7996170491478], [-119.705892683666, 36.7996110493593], [-119.705778683864, 36.799606048696], [-119.705451683625, 36.7995740493344], [-119.705239683913, 36.7995460493425], [-119.70508168373, 36.7995210488786], [-119.705015683607, 36.7995130486709], [-119.704867684368, 36.7994780490113], [-119.704713684382, 36.7994430493356], [-119.704239683831, 36.7993010493364], [-119.704031684317, 36.7992390493252], [-119.704110683959, 36.7990840487178], [-119.704348683611, 36.798621049045], [-119.704428683977, 36.7984670492048], [-119.704638684039, 36.7985380492911], [-119.70494668401, 36.7986270489111], [-119.705183683837, 36.7986830488373], [-119.705349684417, 36.7987140487146], [-119.705423684036, 36.7987290487203], [-119.705747683901, 36.798775049295], [-119.705992684124, 36.7987970489971], [-119.706238684171, 36.7988090487012], [-119.708209684923, 36.7988060476964], [-119.709076684936, 36.7988060476964], [-119.709165684624, 36.7987990479889], [-119.709163684975, 36.7989630478539]]]}, "properties": {"GEOID": "060190031041004", "P0010001": 106, "ALAND": 40404, "AWATER": 0}}, {"type": "Feature", "geometry": {"type": "Polygon", "coordinates": [[[-119.709165684624, 36.7987990479889], [-119.709076684936, 36.7988060476964], [-119.708209684923, 36.7988060476964], [-119.706238684171, 36.7988090487012], [-119.705992684124, 36.7987970489971], [-119.705747683901, 36.798775049295], [-119.705423684036, 36.7987290487203], [-119.705349684417, 36.7987140487146], [-119.705183683837, 36.7986830488373], [-119.70494668401, 36.7986270489111], [-119.704638684039, 36.7985380492911], [-119.704428683977, 36.7984670492048], [-119.704510683992, 36.7983130490549], [-119.704758683689, 36.7978510489054], [-119.704841684428, 36.7976980488255], [-119.70515168405, 36.7977930479144], [-119.70522168437, 36.7978230482836], [-119.705459684021, 36.7978750478888], [-119.705682683604, 36.7979140477493], [-119.705700684046, 36.7979180479367], [-119.70594368372, 36.7979500479903], [-119.706271683783, 36.7979780478463], [-119.70651768383, 36.7979860482143], [-119.708293684588, 36.7979830478966], [-119.709071684913, 36.7979820480304], [-119.709164684799, 36.7979690483304], [-119.709164684799, 36.7981350482623], [-119.709164684799, 36.7986330480574], [-119.709165684624, 36.7987990479889]]]}, "properties": {"GEOID": "060190031041005", "P0010001": 66, "ALAND": 37633, "AWATER": 0}}, {"type": "Feature", "geometry": {"type": "Polygon", "coordinates": [[[-119.704758683689, 36.7978510489054], [-119.704510683992, 36.7983130490549], [-119.704428683977, 36.7984670492048], [-119.703668684093, 36.798225048933], [-119.703460683681, 36.7981590493147], [-119.703226684227, 36.7980970490983], [-119.702988683678, 36.7980440490592], [-119.702747683653, 36.7980010490819], [-119.702422683963, 36.7979600488135], [-119.7020946839, 36.7979380488709], [-119.701847684028, 36.7979330488177], [-119.701308684078, 36.7979310490841], [-119.700511682588, 36.7979290493504], [-119.700514682961, 36.7977540487115], [-119.70052768338, 36.7972300493074], [-119.70053168268, 36.7970560491079], [-119.701409682564, 36.7970560491079], [-119.702041684197, 36.7970560491079], [-119.70236968426, 36.7970740490724], [-119.702695683775, 36.7971100489889], [-119.702937683624, 36.7971490492389], [-119.703176683999, 36.7971990488295], [-119.703411684175, 36.7972580487073], [-119.704001684179, 36.7974390489998], [-119.704841684428, 36.7976980488255], [-119.704758683689, 36.7978510489054]]]}, "properties": {"GEOID": "060190031041006", "P0010001": 51, "ALAND": 35972, "AWATER": 0}}, {"type": "Feature", "geometry": {"type": "Polygon", "coordinates": [[[-119.704348683611, 36.798621049045], [-119.704110683959, 36.7990840487178], [-119.704031684317, 36.7992390493252], [-119.70359368375, 36.7990900492669], [-119.703362683772, 36.7990210486782], [-119.703127683595, 36.7989620487198], [-119.702807683928, 36.7988980487257], [-119.702565684078, 36.7988620489304], [-119.702320683856, 36.7988370489626], [-119.701992683793, 36.798819048693], [-119.700521682634, 36.7987930488556], [-119.700511682588, 36.7979290493504], [-119.701308684078, 36.7979310490841], [-119.701847684028, 36.7979330488177], [-119.7020946839, 36.7979380488709], [-119.702422683963, 36.7979600488135], [-119.702747683653, 36.7980010490819], [-119.702988683678, 36.7980440490592], [-119.703226684227, 36.7980970490983], [-119.703460683681, 36.7981590493147], [-119.703668684093, 36.798225048933], [-119.704428683977, 36.7984670492048], [-119.704348683611, 36.798621049045]]]}, "properties": {"GEOID": "060190031041007", "P0010001": 64, "ALAND": 32494, "AWATER": 0}}, {"type": "Feature", "geometry": {"type": "Polygon", "coordinates": [[[-119.700541682725, 36.79634204926], [-119.700533683228, 36.7968770491102], [-119.70053168268, 36.7970560491079], [-119.70052768338, 36.7972300493074], [-119.700514682961, 36.7977540487115], [-119.700511682588, 36.7979290493504], [-119.700521682634, 36.7987930488556], [-119.700536683601, 36.7996880488873], [-119.700299683774, 36.799693048826], [-119.700291683378, 36.7961720487605], [-119.700341682709, 36.7961700489809], [-119.700493683045, 36.7961650488123], [-119.700544683098, 36.7961640489224], [-119.700541682725, 36.79634204926]]]}, "properties": {"GEOID": "060190031041008", "P0010001": 0, "ALAND": 8048, "AWATER": 0}}, {"type": "Feature", "geometry": {"type": "Polygon", "coordinates": [[[-119.705135684156, 36.7970830479741], [-119.704914684223, 36.7975440478488], [-119.704841684428, 36.7976980488255], [-119.704001684179, 36.7974390489998], [-119.703411684175, 36.7972580487073], [-119.703176683999, 36.7971990488295], [-119.702937683624, 36.7971490492389], [-119.702695683775, 36.7971100489889], [-119.70236968426, 36.7970740490724], [-119.702041684197, 36.7970560491079], [-119.701409682564, 36.7970560491079], [-119.70053168268, 36.7970560491079], [-119.700533683228, 36.7968770491102], [-119.700541682725, 36.79634204926], [-119.700544683098, 36.7961640489224], [-119.70149868315, 36.7961180489376], [-119.701604682557, 36.7961140486562], [-119.701851683328, 36.7961150492661], [-119.702179683391, 36.7961310489517], [-119.702424683613, 36.7961560490834], [-119.702667684186, 36.7961910488224], [-119.702987683853, 36.7962530477042], [-119.703300683847, 36.7963330481132], [-119.704297683557, 36.7966440478035], [-119.705209683776, 36.7969300477988], [-119.705135684156, 36.7970830479741]]]}, "properties": {"GEOID": "060190031041009", "P0010001": 57, "ALAND": 40319, "AWATER": 0}}, {"type": "Feature", "geometry": {"type": "Polygon", "coordinates": [[[-119.709164684799, 36.7979690483304], [-119.709071684913, 36.7979820480304], [-119.708293684588, 36.7979830478966], [-119.70651768383, 36.7979860482143], [-119.706271683783, 36.7979780478463], [-119.70594368372, 36.7979500479903], [-119.705700684046, 36.7979180479367], [-119.705682683604, 36.7979140477493], [-119.705459684021, 36.7978750478888], [-119.70522168437, 36.7978230482836], [-119.70515168405, 36.7977930479144], [-119.704841684428, 36.7976980488255], [-119.704914684223, 36.7975440478488], [-119.705135684156, 36.7970830479741], [-119.705209683776, 36.7969300477988], [-119.705373683808, 36.7969910476421], [-119.705419683838, 36.7970010478711], [-119.705611684357, 36.7970450482882], [-119.705851683659, 36.7970890479607], [-119.706077683614, 36.7971180480089], [-119.706176684247, 36.7971320477306], [-119.706232684323, 36.7971340482044], [-119.706299684271, 36.7971260477474], [-119.70639768418, 36.7971420479413], [-119.706417684271, 36.7971520481506], [-119.706707683801, 36.7971620483587], [-119.706867683635, 36.7971610477625], [-119.708583685016, 36.7971580481318], [-119.70906668489, 36.7971580481318], [-119.709155684579, 36.7971450482919], [-119.709156685302, 36.7973090481017], [-119.70916268515, 36.7978040479072], [-119.709164684799, 36.7979690483304]]]}, "properties": {"GEOID": "060190031041010", "P0010001": 47, "ALAND": 34237, "AWATER": 0}}, {"type": "Feature", "geometry": {"type": "Polygon", "coordinates": [[[-119.70913668521, 36.7956680479737], [-119.709135685385, 36.7961670478727], [-119.709135685385, 36.7963330481132], [-119.708489685305, 36.7963330481132], [-119.707209683942, 36.7963350478886], [-119.707083684443, 36.7963430477089], [-119.706966684267, 36.7963670478841], [-119.706867683635, 36.796400047753], [-119.706763683878, 36.7964500478326], [-119.706652684448, 36.7965280482656], [-119.70661368409, 36.796566048208], [-119.706577684105, 36.7966040481315], [-119.706523683678, 36.7966780481556], [-119.706440683838, 36.796819048101], [-119.706299684271, 36.7971260477474], [-119.706232684323, 36.7971340482044], [-119.706176684247, 36.7971320477306], [-119.706077683614, 36.7971180480089], [-119.705851683659, 36.7970890479607], [-119.705611684357, 36.7970450482882], [-119.705419683838, 36.7970010478711], [-119.705373683808, 36.7969910476421], [-119.705209683776, 36.7969300477988], [-119.705264684028, 36.7967780479192], [-119.705398683922, 36.7964150482119], [-119.705442684303, 36.7963270480674], [-119.705465683869, 36.7962830479573], [-119.705506683877, 36.7961790479888], [-119.705588683893, 36.7960560477885], [-119.705676683756, 36.7959550479091], [-119.705776684214, 36.7958610478733], [-119.70590868356, 36.7957640480367], [-119.706054684048, 36.7956790482718], [-119.706073684315, 36.7956700477665], [-119.706211684407, 36.7956100482071], [-119.706353683799, 36.7955640478896], [-119.706501683937, 36.7955290478641], [-119.706652684448, 36.7955070479427], [-119.706833684198, 36.7954980481365], [-119.708364683835, 36.7954950477213], [-119.709051684822, 36.7954940478227], [-119.709137685035, 36.7955030483487], [-119.70913668521, 36.7956680479737]]]}, "properties": {"GEOID": "060190031041011", "P0010001": 46, "ALAND": 36699, "AWATER": 0}}, {"type": "Feature", "geometry": {"type": "Polygon", "coordinates": [[[-119.709155684579, 36.7971450482919], [-119.70906668489, 36.7971580481318], [-119.708583685016, 36.7971580481318], [-119.706867683635, 36.7971610477625], [-119.706707683801, 36.7971620483587], [-119.706417684271, 36.7971520481506], [-119.70639768418, 36.7971420479413], [-119.706299684271, 36.7971260477474], [-119.706440683838, 36.796819048101], [-119.706523683678, 36.7966780481556], [-119.706577684105, 36.7966040481315], [-119.70661368409, 36.796566048208], [-119.706652684448, 36.7965280482656], [-119.706763683878, 36.7964500478326], [-119.706867683635, 36.796400047753], [-119.706966684267, 36.7963670478841], [-119.707083684443, 36.7963430477089], [-119.707209683942, 36.7963350478886], [-119.708489685305, 36.7963330481132], [-119.709135685385, 36.7963330481132], [-119.709139684685, 36.7964950477324], [-119.709151685279, 36.7969820480102], [-119.709155684579, 36.7971450482919]]]}, "properties": {"GEOID": "060190031041012", "P0010001": 53, "ALAND": 21320, "AWATER": 0}}, {"type": "Feature", "geometry": {"type": "Polygon", "coordinates": [[[-119.701809682597, 36.7934670480444], [-119.701789683403, 36.7935330481086], [-119.701784683381, 36.7935520481057], [-119.701739683175, 36.7936320477387], [-119.70167768325, 36.7937040479125], [-119.701599683433, 36.7937660480878], [-119.701509683021, 36.7938160477285], [-119.701019682576, 36.7939870483394], [-119.700874682811, 36.7940290477747], [-119.700530682855, 36.7941310479519], [-119.700530682855, 36.7942480481572], [-119.700532683403, 36.7946000490498], [-119.700533683228, 36.7946310491408], [-119.700535682878, 36.7947180491669], [-119.700537683426, 36.7948350491949], [-119.700544683098, 36.7951860489262], [-119.700547682573, 36.7953030489589], [-119.700546682748, 36.7954750490266], [-119.700544683098, 36.7959910490708], [-119.700544683098, 36.7961640489224], [-119.700493683045, 36.7961650488123], [-119.700341682709, 36.7961700489809], [-119.700291683378, 36.7961720487605], [-119.700293683028, 36.7958990488659], [-119.700303683074, 36.7950820489071], [-119.700307683272, 36.7948100493515], [-119.700310682747, 36.7945180491662], [-119.700315682769, 36.7940780480461], [-119.700306683447, 36.7939390479288], [-119.700307683272, 36.7936420476869], [-119.700308683097, 36.7933510480117], [-119.700308683097, 36.7933170483409], [-119.700308683097, 36.7932190482322], [-119.700309682922, 36.7931860477122], [-119.700607682848, 36.7931860477122], [-119.701241683232, 36.7931890482178], [-119.701501682625, 36.7931830479258], [-119.701799682551, 36.7931780482816], [-119.701816683168, 36.7934010479233], [-119.701809682597, 36.7934670480444]]]}, "properties": {"GEOID": "060190031041013", "P0010001": 1, "ALAND": 16093, "AWATER": 0}}, {"type": "Feature", "geometry": {"type": "Polygon", "coordinates": [[[-119.705465683869, 36.7962830479573], [-119.705442684303, 36.7963270480674], [-119.705398683922, 36.7964150482119], [-119.705264684028, 36.7967780479192], [-119.705209683776, 36.7969300477988], [-119.704297683557, 36.7966440478035], [-119.703300683847, 36.7963330481132], [-119.702987683853, 36.7962530477042], [-119.702667684186, 36.7961910488224], [-119.702424683613, 36.7961560490834], [-119.702179683391, 36.7961310489517], [-119.701851683328, 36.7961150492661], [-119.701604682557, 36.7961140486562], [-119.70149868315, 36.7961180489376], [-119.700544683098, 36.7961640489224], [-119.700544683098, 36.7959910490708], [-119.700546682748, 36.7954750490266], [-119.700547682573, 36.7953030489589], [-119.701464682815, 36.7952390487848], [-119.701564683273, 36.7952370482615], [-119.701793682703, 36.7952330479341], [-119.702040682575, 36.7952400479675], [-119.702286682623, 36.7952580483588], [-119.702611683211, 36.7952980480143], [-119.702932683601, 36.7953560480172], [-119.703169684326, 36.795411048277], [-119.703402683955, 36.7954760482062], [-119.704538683581, 36.7958550477905], [-119.705506683877, 36.7961790479888], [-119.705465683869, 36.7962830479573]]]}, "properties": {"GEOID": "060190031041014", "P0010001": 54, "ALAND": 41641, "AWATER": 0}}, {"type": "Feature", "geometry": {"type": "Polygon", "coordinates": [[[-119.709139684685, 36.7951000478968], [-119.709137685035, 36.7954020477402], [-119.709137685035, 36.7955030483487], [-119.709051684822, 36.7954940478227], [-119.708364683835, 36.7954950477213], [-119.706833684198, 36.7954980481365], [-119.706652684448, 36.7955070479427], [-119.706501683937, 36.7955290478641], [-119.706353683799, 36.7955640478896], [-119.706211684407, 36.7956100482071], [-119.706073684315, 36.7956700477665], [-119.706054684048, 36.7956790482718], [-119.70590868356, 36.7957640480367], [-119.705776684214, 36.7958610478733], [-119.705676683756, 36.7959550479091], [-119.705588683893, 36.7960560477885], [-119.705506683877, 36.7961790479888], [-119.704538683581, 36.7958550477905], [-119.703402683955, 36.7954760482062], [-119.703169684326, 36.795411048277], [-119.702932683601, 36.7953560480172], [-119.702611683211, 36.7952980480143], [-119.702286682623, 36.7952580483588], [-119.702040682575, 36.7952400479675], [-119.701793682703, 36.7952330479341], [-119.701564683273, 36.7952370482615], [-119.701464682815, 36.7952390487848], [-119.700547682573, 36.7953030489589], [-119.700544683098, 36.7951860489262], [-119.700537683426, 36.7948350491949], [-119.700535682878, 36.7947180491669], [-119.700573683411, 36.7946990487396], [-119.700701682559, 36.7946610493098], [-119.700761682833, 36.7946260481523], [-119.700855683443, 36.7945990477007], [-119.700966682873, 36.7945440482966], [-119.70106868298, 36.7945160479046], [-119.701128683254, 36.7944820480316], [-119.701162682691, 36.7944750479289], [-119.701222682966, 36.7944400481252], [-119.701307683355, 36.7944190478037], [-119.701358683408, 36.7943920479985], [-119.701460682617, 36.794378047776], [-119.701495682777, 36.794378047776], [-119.701887683313, 36.7944120476952], [-119.702118683291, 36.7944540483363], [-119.702208682805, 36.7944650480894], [-119.702220683399, 36.7944670479135], [-119.702250682638, 36.7944850477671], [-119.702468683096, 36.7945090478051], [-119.702536682868, 36.7945360482884], [-119.702715682968, 36.7945570478585], [-119.702767682847, 36.7945840483249], [-119.702980683282, 36.7946050478819], [-119.703010683419, 36.794622047793], [-119.703177682925, 36.7946390477003], [-119.703245683596, 36.7946600479615], [-119.703275683733, 36.7946770478605], [-119.703433683917, 36.7946940477556], [-119.703463684054, 36.7947120482752], [-119.703612684017, 36.7947290481626], [-119.703642684154, 36.7947460480462], [-119.703791684117, 36.7947630479261], [-119.703843683996, 36.7947910482277], [-119.70386868411, 36.7947910482277], [-119.703962683821, 36.7948110478203], [-119.704440683672, 36.7948520483356], [-119.704858684147, 36.7948800478854], [-119.706523683678, 36.7949620481008], [-119.707325684293, 36.7949890477052], [-119.70739268424, 36.7949900483298], [-119.70787268374, 36.795003047816], [-119.709141684335, 36.7950000481007], [-119.709139684685, 36.7951000478968]]]}, "properties": {"GEOID": "060190031041015", "P0010001": 55, "ALAND": 63715, "AWATER": 0}}, {"type": "Feature", "geometry": {"type": "Polygon", "coordinates": [[[-119.709143683985, 36.7945540481258], [-119.709141684335, 36.7948880478577], [-119.709141684335, 36.7950000481007], [-119.70787268374, 36.795003047816], [-119.70739268424, 36.7949900483298], [-119.707325684293, 36.7949890477052], [-119.706523683678, 36.7949620481008], [-119.704858684147, 36.7948800478854], [-119.704440683672, 36.7948520483356], [-119.703962683821, 36.7948110478203], [-119.70386868411, 36.7947910482277], [-119.703843683996, 36.7947910482277], [-119.703791684117, 36.7947630479261], [-119.703642684154, 36.7947460480462], [-119.703612684017, 36.7947290481626], [-119.703463684054, 36.7947120482752], [-119.703433683917, 36.7946940477556], [-119.703275683733, 36.7946770478605], [-119.703245683596, 36.7946600479615], [-119.703177682925, 36.7946390477003], [-119.703010683419, 36.794622047793], [-119.702980683282, 36.7946050478819], [-119.702767682847, 36.7945840483249], [-119.702715682968, 36.7945570478585], [-119.702536682868, 36.7945360482884], [-119.702468683096, 36.7945090478051], [-119.702250682638, 36.7944850477671], [-119.702220683399, 36.7944670479135], [-119.702208682805, 36.7944650480894], [-119.702118683291, 36.7944540483363], [-119.701887683313, 36.7944120476952], [-119.701495682777, 36.794378047776], [-119.701460682617, 36.794378047776], [-119.701358683408, 36.7943920479985], [-119.701307683355, 36.7944190478037], [-119.701222682966, 36.7944400481252], [-119.701162682691, 36.7944750479289], [-119.701128683254, 36.7944820480316], [-119.70106868298, 36.7945160479046], [-119.700966682873, 36.7945440482966], [-119.700855683443, 36.7945990477007], [-119.700761682833, 36.7946260481523], [-119.700701682559, 36.7946610493098], [-119.700573683411, 36.7946990487396], [-119.700535682878, 36.7947180491669], [-119.700533683228, 36.7946310491408], [-119.700532683403, 36.7946000490498], [-119.700530682855, 36.7942480481572], [-119.700530682855, 36.7941310479519], [-119.700874682811, 36.7940290477747], [-119.701019682576, 36.7939870483394], [-119.701509683021, 36.7938160477285], [-119.701599683433, 36.7937660480878], [-119.70167768325, 36.7937040479125], [-119.701739683175, 36.7936320477387], [-119.701784683381, 36.7935520481057], [-119.701789683403, 36.7935330481086], [-119.701809682597, 36.7934670480444], [-119.701816683168, 36.7934010479233], [-119.701799682551, 36.7931780482816], [-119.702014682636, 36.793182047997], [-119.702660682716, 36.7931940478613], [-119.702876682626, 36.7931990482239], [-119.702894683068, 36.793599048116], [-119.702917682634, 36.7936960478165], [-119.702959683365, 36.7937890477108], [-119.703018682917, 36.7938750480539], [-119.703042683206, 36.7939000482025], [-119.703094683085, 36.7939530482315], [-119.703147682788, 36.7939990480776], [-119.703316682843, 36.7940820477145], [-119.703417683125, 36.7941150478485], [-119.704659683955, 36.7944190478037], [-119.704778683781, 36.7944330480187], [-119.704885683911, 36.7944330480187], [-119.705004683737, 36.7944190478037], [-119.705107683669, 36.7943940478245], [-119.705157683898, 36.794374048123], [-119.705216684347, 36.7943520478699], [-119.705315684081, 36.7942970482884], [-119.705394683724, 36.794238048288], [-119.705469684067, 36.7941630481488], [-119.705528683618, 36.7940780480461], [-119.70565368419, 36.7938530476575], [-119.705854684032, 36.793926048262], [-119.7064106837, 36.7941270482861], [-119.706463684302, 36.794129048119], [-119.706489684241, 36.7941310479519], [-119.706550684341, 36.7941600476813], [-119.706622684311, 36.7941780483264], [-119.706641683679, 36.7941880482033], [-119.706667683618, 36.7941900480347], [-119.706818684129, 36.7942540476464], [-119.707135684322, 36.7943320481574], [-119.707146684192, 36.794334047985], [-119.707458684362, 36.7943920479985], [-119.707785683702, 36.7944340479312], [-119.708033684297, 36.7944530477047], [-119.708281683994, 36.794462048353], [-119.708643684393, 36.7944580479851], [-119.709016683763, 36.7944550482485], [-119.709145683635, 36.7944430478623], [-119.709143683985, 36.7945540481258]]]}, "properties": {"GEOID": "060190031041016", "P0010001": 57, "ALAND": 61026, "AWATER": 0}}, {"type": "Feature", "geometry": {"type": "Polygon", "coordinates": [[[-119.705528683618, 36.7940780480461], [-119.705469684067, 36.7941630481488], [-119.705394683724, 36.794238048288], [-119.705315684081, 36.7942970482884], [-119.705216684347, 36.7943520478699], [-119.705157683898, 36.794374048123], [-119.705107683669, 36.7943940478245], [-119.705004683737, 36.7944190478037], [-119.704885683911, 36.7944330480187], [-119.704778683781, 36.7944330480187], [-119.704659683955, 36.7944190478037], [-119.703417683125, 36.7941150478485], [-119.703316682843, 36.7940820477145], [-119.703147682788, 36.7939990480776], [-119.703094683085, 36.7939530482315], [-119.703042683206, 36.7939000482025], [-119.703018682917, 36.7938750480539], [-119.702959683365, 36.7937890477108], [-119.702917682634, 36.7936960478165], [-119.702894683068, 36.793599048116], [-119.702876682626, 36.7931990482239], [-119.7030586831, 36.7932020480097], [-119.703077683366, 36.7932030479382], [-119.703306682797, 36.7932170476561], [-119.703680682891, 36.7932540478743], [-119.703783682823, 36.7932650477997], [-119.703881682732, 36.7932720480129], [-119.703966683121, 36.7933050477765], [-119.704086682771, 36.7933310480379], [-119.704242684204, 36.7933660483483], [-119.704539684305, 36.7934490479516], [-119.704707683636, 36.7935010476486], [-119.704912683675, 36.7935650478359], [-119.705060683813, 36.7936220477891], [-119.705504684227, 36.7937950479553], [-119.70565368419, 36.7938530476575], [-119.705528683618, 36.7940780480461]]]}, "properties": {"GEOID": "060190031041017", "P0010001": 36, "ALAND": 21764, "AWATER": 0}}, {"type": "Feature", "geometry": {"type": "Polygon", "coordinates": [[[-119.701799682551, 36.7931780482816], [-119.701501682625, 36.7931830479258], [-119.701241683232, 36.7931890482178], [-119.700607682848, 36.7931860477122], [-119.700309682922, 36.7931860477122], [-119.700308683097, 36.7931180482091], [-119.700308683097, 36.7929160477635], [-119.700308683097, 36.7928490479539], [-119.700307683272, 36.7925060478068], [-119.700305682724, 36.7914780481739], [-119.700305682724, 36.7911360483187], [-119.700354683128, 36.7911370482742], [-119.700501683441, 36.7911400481407], [-119.700551682771, 36.7911420480516], [-119.700797682818, 36.7911420480516], [-119.701235683385, 36.7911420480516], [-119.70153568296, 36.7911370482742], [-119.701782682832, 36.7911340476882], [-119.701785683206, 36.7915420478931], [-119.701795683251, 36.7927690482226], [-119.701799682551, 36.7931780482816]]]}, "properties": {"GEOID": "060190031042000", "P0010001": 32, "ALAND": 30064, "AWATER": 0}}, {"type": "Feature", "geometry": {"type": "Polygon", "coordinates": [[[-119.704782683081, 36.7915820480501], [-119.7047346834, 36.7915830479998], [-119.704652683384, 36.7916060482782], [-119.704602683155, 36.7916240480847], [-119.704559682599, 36.7916410479379], [-119.704489683178, 36.7916580477874], [-119.704400682591, 36.7916870477336], [-119.704318682575, 36.7916970479357], [-119.70406668268, 36.7917710476644], [-119.703888683303, 36.7918250476741], [-119.703866682663, 36.7918250476741], [-119.703607683096, 36.7918670482948], [-119.703463683156, 36.7918820482026], [-119.70320268304, 36.7919120480093], [-119.703112682628, 36.7919370480791], [-119.703031683335, 36.7919780479745], [-119.70296268284, 36.7920310478944], [-119.702915682985, 36.7920850477208], [-119.70287768335, 36.7921550480253], [-119.702858683083, 36.7922310479136], [-119.702867683304, 36.7927660477005], [-119.702876682626, 36.7931990482239], [-119.702660682716, 36.7931940478613], [-119.702014682636, 36.793182047997], [-119.701799682551, 36.7931780482816], [-119.701795683251, 36.7927690482226], [-119.701785683206, 36.7915420478931], [-119.701782682832, 36.7911340476882], [-119.702371683011, 36.7911400481407], [-119.702619682709, 36.7911430480071], [-119.70278368274, 36.7911400481407], [-119.703029682787, 36.7911280479546], [-119.703275682835, 36.7911060482081], [-119.7035996827, 36.7910600480636], [-119.703839682899, 36.7910140478915], [-119.704122682756, 36.7909440479832], [-119.704153682719, 36.7909370482767], [-119.704460682865, 36.7908420478791], [-119.704678683324, 36.7907510479254], [-119.704698683415, 36.7909170476726], [-119.704761683164, 36.7914150483532], [-119.704782683081, 36.7915820480501]]]}, "properties": {"GEOID": "060190031042001", "P0010001": 36, "ALAND": 37081, "AWATER": 0}}, {"type": "Feature", "geometry": {"type": "Polygon", "coordinates": [[[-119.703886682755, 36.7921140482247], [-119.703882682557, 36.7929820483024], [-119.703881682732, 36.7932720480129], [-119.703783682823, 36.7932650477997], [-119.703680682891, 36.7932540478743], [-119.703306682797, 36.7932170476561], [-119.703077683366, 36.7932030479382], [-119.7030586831, 36.7932020480097], [-119.702876682626, 36.7931990482239], [-119.702867683304, 36.7927660477005], [-119.702858683083, 36.7922310479136], [-119.70287768335, 36.7921550480253], [-119.702915682985, 36.7920850477208], [-119.70296268284, 36.7920310478944], [-119.703031683335, 36.7919780479745], [-119.703112682628, 36.7919370480791], [-119.70320268304, 36.7919120480093], [-119.703463683156, 36.7918820482026], [-119.703607683096, 36.7918670482948], [-119.703866682663, 36.7918250476741], [-119.703888683303, 36.7918250476741], [-119.703886682755, 36.7921140482247]]]}, "properties": {"GEOID": "060190031042002", "P0010001": 30, "ALAND": 13260, "AWATER": 0}}, {"type": "Feature", "geometry": {"type": "Polygon", "coordinates": [[[-119.705121683913, 36.7927950479466], [-119.705103684369, 36.7929540480589], [-119.705101683821, 36.7929800477201], [-119.705074684057, 36.793110048052], [-119.704965684277, 36.7934130477534], [-119.704912683675, 36.7935650478359], [-119.704707683636, 36.7935010476486], [-119.704539684305, 36.7934490479516], [-119.704242684204, 36.7933660483483], [-119.704086682771, 36.7933310480379], [-119.703966683121, 36.7933050477765], [-119.703881682732, 36.7932720480129], [-119.703882682557, 36.7929820483024], [-119.703886682755, 36.7921140482247], [-119.703888683303, 36.7918250476741], [-119.70406668268, 36.7917710476644], [-119.704318682575, 36.7916970479357], [-119.704400682591, 36.7916870477336], [-119.704489683178, 36.7916580477874], [-119.704559682599, 36.7916410479379], [-119.704602683155, 36.7916240480847], [-119.704652683384, 36.7916060482782], [-119.7047346834, 36.7915830479998], [-119.704782683081, 36.7915820480501], [-119.70480868302, 36.7916670480447], [-119.704826682563, 36.7917270478149], [-119.704909683302, 36.7919160477908], [-119.704946683112, 36.7919990482457], [-119.70502068363, 36.7921460478254], [-119.705025683653, 36.7921550480253], [-119.70507768443, 36.7923370480861], [-119.705105684019, 36.7925000481806], [-119.705113684415, 36.7926300478883], [-119.70511668389, 36.792675047874], [-119.705115684065, 36.7927630478976], [-119.705121683913, 36.7927950479466]]]}, "properties": {"GEOID": "060190031042003", "P0010001": 25, "ALAND": 19592, "AWATER": 0}}, {"type": "Feature", "geometry": {"type": "Polygon", "coordinates": [[[-119.709135683589, 36.792942048157], [-119.709131684289, 36.7934380480527], [-119.709130683566, 36.7936040477328], [-119.709043684426, 36.7936140476847], [-119.708592684339, 36.7936150483272], [-119.707663684401, 36.7936180480967], [-119.707460684012, 36.7936160482504], [-119.707262683645, 36.7936590478118], [-119.707051683758, 36.7937500479081], [-119.707013684123, 36.7937830481851], [-119.706854684114, 36.7939270481811], [-119.706758683855, 36.7940760482118], [-119.706667683618, 36.7941900480347], [-119.706641683679, 36.7941880482033], [-119.706622684311, 36.7941780483264], [-119.706550684341, 36.7941600476813], [-119.706489684241, 36.7941310479519], [-119.706463684302, 36.794129048119], [-119.7064106837, 36.7941270482861], [-119.705854684032, 36.793926048262], [-119.70565368419, 36.7938530476575], [-119.705504684227, 36.7937950479553], [-119.705060683813, 36.7936220477891], [-119.704912683675, 36.7935650478359], [-119.704965684277, 36.7934130477534], [-119.705074684057, 36.793110048052], [-119.705101683821, 36.7929800477201], [-119.705103684369, 36.7929540480589], [-119.705121683913, 36.7927950479466], [-119.705921683979, 36.792791048211], [-119.708321684177, 36.7927810481516], [-119.709122684068, 36.7927780483494], [-119.709136684312, 36.7929100481694], [-119.709135683589, 36.792942048157]]]}, "properties": {"GEOID": "060190031042004", "P0010001": 64, "ALAND": 40059, "AWATER": 0}}, {"type": "Feature", "geometry": {"type": "Polygon", "coordinates": [[[-119.709157684228, 36.7938760479737], [-119.709145683635, 36.7940750482946], [-119.709145683635, 36.7942740480986], [-119.709145683635, 36.7944430478623], [-119.709016683763, 36.7944550482485], [-119.708643684393, 36.7944580479851], [-119.708281683994, 36.794462048353], [-119.708033684297, 36.7944530477047], [-119.707785683702, 36.7944340479312], [-119.707458684362, 36.7943920479985], [-119.707146684192, 36.794334047985], [-119.707135684322, 36.7943320481574], [-119.706818684129, 36.7942540476464], [-119.706667683618, 36.7941900480347], [-119.706758683855, 36.7940760482118], [-119.706854684114, 36.7939270481811], [-119.707013684123, 36.7937830481851], [-119.707051683758, 36.7937500479081], [-119.707262683645, 36.7936590478118], [-119.707460684012, 36.7936160482504], [-119.707663684401, 36.7936180480967], [-119.708592684339, 36.7936150483272], [-119.709043684426, 36.7936140476847], [-119.709130683566, 36.7936040477328], [-119.709146684358, 36.7937710476937], [-119.709157684228, 36.7938760479737]]]}, "properties": {"GEOID": "060190031042005", "P0010001": 19, "ALAND": 17817, "AWATER": 0}}, {"type": "Feature", "geometry": {"type": "Polygon", "coordinates": [[[-119.71362268489, 36.7939700482873], [-119.712715684693, 36.7939720481244], [-119.712478684867, 36.7939730480429], [-119.712254684561, 36.7939660478937], [-119.712063684765, 36.7939680477308], [-119.711810685045, 36.793984047865], [-119.71155868515, 36.7940140482873], [-119.711454685393, 36.7940370478359], [-119.711431684929, 36.7940380477535], [-119.71112668533, 36.7941060478788], [-119.710288684731, 36.794343047928], [-119.710067684798, 36.7943910480854], [-119.710046684881, 36.7943940478245], [-119.709842684667, 36.7944260479115], [-119.709672684788, 36.7944450476871], [-119.709444684284, 36.7944580479851], [-119.709330683582, 36.7944600478094], [-119.709145683635, 36.7944430478623], [-119.709145683635, 36.7942740480986], [-119.709145683635, 36.7940750482946], [-119.709157684228, 36.7938760479737], [-119.709146684358, 36.7937710476937], [-119.709130683566, 36.7936040477328], [-119.709131684289, 36.7934380480527], [-119.709135683589, 36.792942048157], [-119.709136684312, 36.7929100481694], [-119.709122684068, 36.7927780483494], [-119.709120684419, 36.7926160480632], [-119.709117684045, 36.7921320479118], [-119.709117684045, 36.792026048175], [-119.709123683893, 36.791971047643], [-119.709121684243, 36.7918090478084], [-119.709117684045, 36.7913240476414], [-119.709117684045, 36.7913050478111], [-119.709122684068, 36.7911630478327], [-119.709122684068, 36.7910010477284], [-119.709124683718, 36.7905180481286], [-119.709125684441, 36.790357048065], [-119.709128683916, 36.7901930470402], [-119.709138683962, 36.7897040468179], [-119.709125684441, 36.7895410472493], [-119.709125684441, 36.789375046679], [-119.709127684091, 36.7888790470967], [-119.709128683916, 36.788802046775], [-119.709135683589, 36.7887140472375], [-119.709141684335, 36.7885550469586], [-119.709160683703, 36.7880800470106], [-119.709164683901, 36.7879940473564], [-119.709158684053, 36.7879220468523], [-119.709164683901, 36.7877590470898], [-119.709183684168, 36.7872700471606], [-119.709188684191, 36.7871580471274], [-119.70917768432, 36.7871090467467], [-119.709172684297, 36.7867270470208], [-119.711048683716, 36.7867420472155], [-119.711049684439, 36.7872000467094], [-119.711055684287, 36.7885750467403], [-119.711057683936, 36.7888640473204], [-119.711101684317, 36.7890280468735], [-119.711534683962, 36.7890310468226], [-119.712833683796, 36.7890420473543], [-119.713267685062, 36.7890460472856], [-119.713254684644, 36.7900440466513], [-119.713249684621, 36.7904860471286], [-119.713270685435, 36.7906330467337], [-119.71330868507, 36.790771047134], [-119.71333468501, 36.7908330468055], [-119.713365684972, 36.7909080473272], [-119.71351568476, 36.7911800470688], [-119.713566684813, 36.7913140466711], [-119.713599685323, 36.7914460468555], [-119.713617684867, 36.7915850471798], [-119.713619685415, 36.7925390471809], [-119.71362068524, 36.7929700469661], [-119.71362268489, 36.7937750480975], [-119.71362268489, 36.7939700482873]]]}, "properties": {"GEOID": "060190031042006", "P0010001": 0, "ALAND": 263281, "AWATER": 0}}, {"type": "Feature", "geometry": {"type": "Polygon", "coordinates": [[[-119.718166685194, 36.7904230472115], [-119.718159686419, 36.7916840471691], [-119.718152685848, 36.7931320472231], [-119.71814868565, 36.7939550473496], [-119.718144686351, 36.7940360471988], [-119.718032686198, 36.7940400468695], [-119.718010685558, 36.7940400468695], [-119.717923686418, 36.7940400468695], [-119.717554686347, 36.7940290470554], [-119.717240685629, 36.7940080473406], [-119.716820686403, 36.7939820473089], [-119.716465685677, 36.793974047242], [-119.714526684713, 36.7939710467671], [-119.71362268489, 36.7939700482873], [-119.71362268489, 36.7937750480975], [-119.71362068524, 36.7929700469661], [-119.713619685415, 36.7925390471809], [-119.713617684867, 36.7915850471798], [-119.713599685323, 36.7914460468555], [-119.713566684813, 36.7913140466711], [-119.71351568476, 36.7911800470688], [-119.713365684972, 36.7909080473272], [-119.71333468501, 36.7908330468055], [-119.71330868507, 36.790771047134], [-119.713270685435, 36.7906330467337], [-119.713249684621, 36.7904860471286], [-119.713254684644, 36.7900440466513], [-119.713267685062, 36.7890460472856], [-119.713794685317, 36.7890400466691], [-119.713936684709, 36.7890430473371], [-119.714171684886, 36.7890620470089], [-119.714404685412, 36.7890970471113], [-119.714586684987, 36.7891360471244], [-119.715325684954, 36.7893360467876], [-119.715422685039, 36.7893630469359], [-119.715704685071, 36.7894230470716], [-119.715727684637, 36.7894210471157], [-119.715746684904, 36.7894310468942], [-119.715836685315, 36.7894310468942], [-119.715956684966, 36.7894490472117], [-119.716300684923, 36.7894870470686], [-119.716406685228, 36.7894990467923], [-119.716663685146, 36.7895150471404], [-119.717006685277, 36.789519047047], [-119.717703685411, 36.789519047047], [-119.718003684987, 36.7895200470237], [-119.718171685216, 36.7895200470237], [-119.718166685194, 36.7904230472115]]]}, "properties": {"GEOID": "060190031042007", "P0010001": 0, "ALAND": 215391, "AWATER": 0}}, {"type": "Feature", "geometry": {"type": "Polygon", "coordinates": [[[-119.727370687051, 36.7929910469655], [-119.727353687332, 36.7931220472083], [-119.727358687355, 36.7933130471938], [-119.727364687203, 36.7935240473512], [-119.727374687249, 36.7938390473365], [-119.727367686678, 36.7939210472275], [-119.727363687378, 36.7939650472557], [-119.727351686784, 36.7940960472717], [-119.727348687309, 36.7941410471157], [-119.727187686753, 36.794137046731], [-119.726410687151, 36.794132047149], [-119.72532568668, 36.7941260469308], [-119.723596686676, 36.7940930468016], [-119.723204687039, 36.7940850467463], [-119.722659687241, 36.7940760467731], [-119.722076686011, 36.7940670467988], [-119.720327685916, 36.7940430473416], [-119.719745686308, 36.7940350472811], [-119.719434685963, 36.7940360471988], [-119.718504686201, 36.7940400468695], [-119.718360686261, 36.7940410467871], [-119.718195686404, 36.7940400468695], [-119.718144686351, 36.7940360471988], [-119.71814868565, 36.7939550473496], [-119.718152685848, 36.7931320472231], [-119.718159686419, 36.7916840471691], [-119.718383685827, 36.7917270470955], [-119.71849768563, 36.7917540471206], [-119.718577685996, 36.7917730468395], [-119.718811686347, 36.7918250469547], [-119.71896068631, 36.7917990469015], [-119.719154685581, 36.7917080466458], [-119.719329686381, 36.7915850471798], [-119.71939468578, 36.7915000470943], [-119.719569685682, 36.7914040467234], [-119.719884686225, 36.791874047197], [-119.721115686286, 36.7914170468182], [-119.721120686309, 36.7914010468673], [-119.721123685784, 36.7913580467578], [-119.721047685616, 36.7910400467723], [-119.721332686021, 36.7909750466761], [-119.721579685894, 36.7908980470221], [-119.7219216862, 36.7907380469983], [-119.721987686323, 36.7908130468937], [-119.722071685988, 36.7908650469411], [-119.722221685776, 36.7909360468797], [-119.722292685921, 36.7909950472649], [-119.722357686218, 36.7910530469288], [-119.722435686036, 36.7911630471133], [-119.72249968561, 36.7912020467941], [-119.723413686378, 36.7910920466657], [-119.723452685837, 36.7910660470831], [-119.723472685929, 36.7909950472649], [-119.72309568636, 36.7903670470019], [-119.723164685957, 36.7902900467368], [-119.723248685623, 36.7902420468874], [-119.723693685862, 36.7899840462825], [-119.724458685768, 36.7896160461582], [-119.724611685929, 36.7895670459106], [-119.724722686257, 36.7895530462451], [-119.724833685687, 36.7895740457423], [-119.724957686433, 36.7896090463303], [-119.725112687142, 36.7896570458568], [-119.725174687067, 36.7896850458665], [-119.725285687395, 36.7898030456408], [-119.725466687145, 36.7901020463157], [-119.725605687062, 36.790311046032], [-119.725911687384, 36.7906170458997], [-119.726016686966, 36.7907350456773], [-119.72607868689, 36.790847046237], [-119.726169687127, 36.7910210461522], [-119.726184687195, 36.7910710461458], [-119.725774687116, 36.7910960457706], [-119.724009687128, 36.7913100468582], [-119.722311686188, 36.7915210467772], [-119.720612686321, 36.7920690471901], [-119.720600685727, 36.7925600472984], [-119.722994686078, 36.7926560469401], [-119.725520686673, 36.7927200471139], [-119.727393686617, 36.7928710471999], [-119.727370687051, 36.7929910469655]], [[-119.726529686977, 36.7935330466699], [-119.726526686604, 36.7932100467184], [-119.725700686598, 36.7932080468615], [-119.725684686705, 36.7937670472896], [-119.726529686977, 36.7937780471413], [-119.726529686977, 36.7935330466699]]]}, "properties": {"GEOID": "060190031042008", "P0010001": 692, "ALAND": 197206, "AWATER": 0}}, {"type": "Feature", "geometry": {"type": "Polygon", "coordinates": [[[-119.720529685582, 36.7911610472029], [-119.720425685825, 36.7912020467941], [-119.720366686274, 36.7912280470499], [-119.720185685626, 36.791306047045], [-119.720127685899, 36.7913190471564], [-119.719952685997, 36.7913450466531], [-119.7198876857, 36.7913380469831], [-119.719822686301, 36.7913320472655], [-119.719621685561, 36.7913770472943], [-119.719569685682, 36.7914040467234], [-119.71939468578, 36.7915000470943], [-119.719329686381, 36.7915850471798], [-119.719154685581, 36.7917080466458], [-119.71896068631, 36.7917990469015], [-119.718811686347, 36.7918250469547], [-119.718577685996, 36.7917730468395], [-119.71849768563, 36.7917540471206], [-119.718513686422, 36.7916160470522], [-119.71853268579, 36.7915440470742], [-119.719197686137, 36.7905070470895], [-119.719236685597, 36.7904550467991], [-119.719293686396, 36.7904410472959], [-119.720329685566, 36.7906600471443], [-119.720396686411, 36.7907070467707], [-119.720439686069, 36.7907640466922], [-119.720453686312, 36.7908260470887], [-119.720463686358, 36.7909550468014], [-119.720482685726, 36.7910540468854], [-119.720529685582, 36.7911610472029]]]}, "properties": {"GEOID": "060190031042009", "P0010001": 157, "ALAND": 15295, "AWATER": 0}}, {"type": "Feature", "geometry": {"type": "Polygon", "coordinates": [[[-119.721120686309, 36.7914010468673], [-119.721115686286, 36.7914170468182], [-119.719884686225, 36.791874047197], [-119.719569685682, 36.7914040467234], [-119.719621685561, 36.7913770472943], [-119.719822686301, 36.7913320472655], [-119.7198876857, 36.7913380469831], [-119.719952685997, 36.7913450466531], [-119.720127685899, 36.7913190471564], [-119.720185685626, 36.791306047045], [-119.720366686274, 36.7912280470499], [-119.720425685825, 36.7912020467941], [-119.720529685582, 36.7911610472029], [-119.720606685575, 36.7911310471021], [-119.720742686017, 36.7911050468133], [-119.720892685805, 36.7910790472352], [-119.721047685616, 36.7910400467723], [-119.721123685784, 36.7913580467578], [-119.721120686309, 36.7914010468673]]]}, "properties": {"GEOID": "060190031042010", "P0010001": 27, "ALAND": 6359, "AWATER": 0}}, {"type": "Feature", "geometry": {"type": "Polygon", "coordinates": [[[-119.726529686977, 36.7937780471413], [-119.725684686705, 36.7937670472896], [-119.725700686598, 36.7932080468615], [-119.726526686604, 36.7932100467184], [-119.726529686977, 36.7935330466699], [-119.726529686977, 36.7937780471413]]]}, "properties": {"GEOID": "060190031042011", "P0010001": 54, "ALAND": 4667, "AWATER": 0}}, {"type": "Feature", "geometry": {"type": "Polygon", "coordinates": [[[-119.731713688412, 36.7903630457007], [-119.731706687841, 36.7914520458448], [-119.73169768762, 36.7928590458462], [-119.731696687795, 36.7930760461161], [-119.73169568797, 36.7933480460736], [-119.730053688005, 36.7933480460736], [-119.729934688179, 36.7933650462637], [-119.729819687653, 36.7933980459872], [-119.72972968814, 36.7934370459691], [-119.729632688055, 36.793496045867], [-119.72954868839, 36.7935670462448], [-119.729453687955, 36.7936730460075], [-119.729404687551, 36.7937440462213], [-119.729368687566, 36.7937490458286], [-119.729350688023, 36.7937970463582], [-119.729329688107, 36.793831045816], [-119.729317688411, 36.7938600456589], [-119.729311687665, 36.7938840458927], [-119.729301687619, 36.79394804576], [-119.729289687924, 36.7939890460179], [-119.729299687969, 36.794096045833], [-119.729302688342, 36.7941720466731], [-119.728213686775, 36.7941520469137], [-119.727957686682, 36.7941480472489], [-119.727348687309, 36.7941410471157], [-119.727351686784, 36.7940960472717], [-119.727363687378, 36.7939650472557], [-119.727367686678, 36.7939210472275], [-119.727374687249, 36.7938390473365], [-119.727364687203, 36.7935240473512], [-119.727358687355, 36.7933130471938], [-119.727353687332, 36.7931220472083], [-119.727370687051, 36.7929910469655], [-119.727393686617, 36.7928710471999], [-119.727458686914, 36.7926460461438], [-119.727482687204, 36.7925820459081], [-119.727592686809, 36.7922910458033], [-119.727768687434, 36.791937045921], [-119.728125686911, 36.7914980457539], [-119.728475686715, 36.7911890459435], [-119.728626687227, 36.7910560460792], [-119.729048687001, 36.7907800460567], [-119.729452687232, 36.7905610458319], [-119.729579686555, 36.7904990459403], [-119.73049968717, 36.7900510457201], [-119.730929687341, 36.7898410460415], [-119.731719688259, 36.7894590462671], [-119.731713688412, 36.7903630457007]]]}, "properties": {"GEOID": "060190031042012", "P0010001": 0, "ALAND": 131979, "AWATER": 0}}, {"type": "Feature", "geometry": {"type": "Polygon", "coordinates": [[[-119.731689688122, 36.7939810459518], [-119.731688688297, 36.7940280456989], [-119.731688688297, 36.7940930460822], [-119.731680687901, 36.7941710460378], [-119.731676687703, 36.794219046303], [-119.730810688413, 36.7942010456676], [-119.729302688342, 36.7941720466731], [-119.729299687969, 36.794096045833], [-119.729289687924, 36.7939890460179], [-119.729301687619, 36.79394804576], [-119.729311687665, 36.7938840458927], [-119.729317688411, 36.7938600456589], [-119.729329688107, 36.793831045816], [-119.729350688023, 36.7937970463582], [-119.729368687566, 36.7937490458286], [-119.729404687551, 36.7937440462213], [-119.729453687955, 36.7936730460075], [-119.72954868839, 36.7935670462448], [-119.729632688055, 36.793496045867], [-119.72972968814, 36.7934370459691], [-119.729819687653, 36.7933980459872], [-119.729934688179, 36.7933650462637], [-119.730053688005, 36.7933480460736], [-119.73169568797, 36.7933480460736], [-119.731689688122, 36.7939810459518]]]}, "properties": {"GEOID": "060190031042013", "P0010001": 0, "ALAND": 18788, "AWATER": 0}}, {"type": "Feature", "geometry": {"type": "Polygon", "coordinates": [[[-119.731728686684, 36.7883110463232], [-119.731721687909, 36.7891720457355], [-119.731719688259, 36.7894590462671], [-119.730929687341, 36.7898410460415], [-119.730518687437, 36.7893050459927], [-119.727764687236, 36.7892930462386], [-119.727765687061, 36.7883930456563], [-119.727766686886, 36.7883450460573], [-119.727769687259, 36.7882970457088], [-119.727775687107, 36.7882500460429], [-119.72778068713, 36.7882160462666], [-119.727811687092, 36.7880210458194], [-119.727818686764, 36.7879730459873], [-119.727823686787, 36.7879250461252], [-119.727825687335, 36.7878770462331], [-119.72782668716, 36.7878440462898], [-119.72782868681, 36.7867610460189], [-119.729224686728, 36.786768046107], [-119.729880686854, 36.7867710461446], [-119.729881686679, 36.7870240460119], [-119.729884687052, 36.7877850463557], [-119.729886686702, 36.7880390457486], [-119.730253687123, 36.7880320457767], [-119.730980687394, 36.788019045827], [-119.731139687403, 36.7880230458117], [-119.731355687313, 36.7880230458117], [-119.731723686661, 36.788025045804], [-119.731730687232, 36.7881160461177], [-119.731728686684, 36.7883110463232]]]}, "properties": {"GEOID": "060190031042014", "P0010001": 23, "ALAND": 79390, "AWATER": 0}}]}