GEOID,census_population_2020_2015_21,valid_DWR_rate_pixels_2015_21,median_vertical_rate_mm_yr_2015_21,rate_class_2015_21,census_population_2020_2025_26,valid_DWR_rate_pixels_2025_26,median_vertical_rate_mm_yr_2025_26,rate_class_2025_26,class_2015_21,class_2025_26
60190001001000,49,1,-4.11876033693552,"[-5,-3)",49,1,-8.097970036904096,"[-10,-5)","[-5,-3)","[-10,-5)"
60190001001001,12,2,-4.21547712944448,"[-5,-3)",12,2,-8.207209060085631,"[-10,-5)","[-5,-3)","[-10,-5)"
60190001001002,62,2,-4.299562260881066,"[-5,-3)",62,2,-8.295311213280348,"[-10,-5)","[-5,-3)","[-10,-5)"
60190001001003,0,2,-4.359660762548447,"[-5,-3)",0,2,-8.360842015115416,"[-10,-5)","[-5,-3)","[-10,-5)"
60190001001004,40,2,-4.220392998307943,"[-5,-3)",40,2,-8.230976854126933,"[-10,-5)","[-5,-3)","[-10,-5)"
60190001001005,171,2,-4.18787758089602,"[-5,-3)",171,2,-8.169054696125604,"[-10,-5)","[-5,-3)","[-10,-5)"
60190001001006,37,2,-4.123428957536817,"[-5,-3)",37,2,-8.084480230885173,"[-10,-5)","[-5,-3)","[-10,-5)"
60190001001007,10,1,-4.030798148363829,"[-5,-3)",10,1,-7.977241812121226,"[-10,-5)","[-5,-3)","[-10,-5)"
60190001001008,0,2,-3.9941958960145714,"[-5,-3)",0,2,-7.911666129482809,"[-10,-5)","[-5,-3)","[-10,-5)"
60190001001009,91,1,-4.036526019126177,"[-5,-3)",91,1,-7.953012995650599,"[-10,-5)","[-5,-3)","[-10,-5)"
60190001001010,0,2,-4.09512712173164,"[-5,-3)",0,2,-8.043347542728295,"[-10,-5)","[-5,-3)","[-10,-5)"
60190001001011,0,2,-4.119300536066294,"[-5,-3)",0,2,-8.104480593946711,"[-10,-5)","[-5,-3)","[-10,-5)"
60190001001012,31,2,-4.052435635775328,"[-5,-3)",31,2,-7.98308256578223,"[-10,-5)","[-5,-3)","[-10,-5)"
60190001001013,0,2,-4.028109500929713,"[-5,-3)",0,2,-7.921474573404337,"[-10,-5)","[-5,-3)","[-10,-5)"
60190001001014,0,1,-3.971630305051804,"[-5,-3)",0,1,-7.83200810059899,"[-10,-5)","[-5,-3)","[-10,-5)"
60190001001015,0,3,-3.919597177952528,"[-5,-3)",0,3,-7.735150782082833,"[-10,-5)","[-5,-3)","[-10,-5)"
60190001001016,0,2,-3.8302423372864727,"[-5,-3)",0,2,-7.621715971899707,"[-10,-5)","[-5,-3)","[-10,-5)"
60190001001017,27,2,-3.808703919500113,"[-5,-3)",27,2,-7.5055258212578835,"[-10,-5)","[-5,-3)","[-10,-5)"
60190001001018,0,2,-3.88540609292686,"[-5,-3)",0,2,-7.614795522456898,"[-10,-5)","[-5,-3)","[-10,-5)"
60190001001019,0,2,-3.895484511181712,"[-5,-3)",0,2,-7.499445892682836,"[-10,-5)","[-5,-3)","[-10,-5)"
60190001001020,2445,1,-3.8429235331714153,"[-5,-3)",2445,1,-7.388984577749364,"[-10,-5)","[-5,-3)","[-10,-5)"
60190001001021,348,6,-3.970113886892796,"[-5,-3)",348,6,-7.269246287141604,"[-10,-5)","[-5,-3)","[-10,-5)"
60190001001022,29,10,-4.110216788202525,"[-5,-3)",29,10,-7.476547593192471,"[-10,-5)","[-5,-3)","[-10,-5)"
60190001001023,216,12,-3.993568123877049,"[-5,-3)",216,12,-7.729151809387242,"[-10,-5)","[-5,-3)","[-10,-5)"
60190001001024,0,1,-4.075600044429303,"[-5,-3)",0,1,-7.631597134084887,"[-10,-5)","[-5,-3)","[-10,-5)"
60190001001025,211,5,-4.260478442162276,"[-5,-3)",211,5,-7.244012765598563,"[-10,-5)","[-5,-3)","[-10,-5)"
60190001001026,0,1,-4.1730201177299024,"[-5,-3)",0,1,-7.146546999735754,"[-10,-5)","[-5,-3)","[-10,-5)"
60190001001027,0,2,-4.071970945224166,"[-5,-3)",0,2,-7.094815624651564,"[-10,-5)","[-5,-3)","[-10,-5)"
60190001001028,0,2,-4.190967900305987,"[-5,-3)",0,2,-6.985714368492962,"[-10,-5)","[-5,-3)","[-10,-5)"
60190001001029,61,2,-4.278093106672168,"[-5,-3)",61,2,-7.088986517274972,"[-10,-5)","[-5,-3)","[-10,-5)"
60190001001030,0,6,-4.339746348559856,"[-5,-3)",0,6,-7.302880188415062,"[-10,-5)","[-5,-3)","[-10,-5)"
60190002001000,0,9,-4.664252454042435,"[-5,-3)",0,9,-8.56631996751635,"[-10,-5)","[-5,-3)","[-10,-5)"
60190002001001,0,10,-4.6776072666049,"[-5,-3)",0,10,-8.586078315106668,"[-10,-5)","[-5,-3)","[-10,-5)"
60190002001002,0,21,-5.150927871465683,"[-10,-5)",0,21,-9.052277943938266,"[-10,-5)","[-10,-5)","[-10,-5)"
60190002001003,0,19,-4.4207095094025135,"[-5,-3)",0,19,-8.460351845920577,"[-10,-5)","[-5,-3)","[-10,-5)"
60190002001004,0,7,-4.157456818968058,"[-5,-3)",0,7,-8.341552359458795,"[-10,-5)","[-5,-3)","[-10,-5)"
60190002001005,0,3,-4.426798459142447,"[-5,-3)",0,3,-8.5521927404676,"[-10,-5)","[-5,-3)","[-10,-5)"
60190002001007,211,5,-4.907723580300808,"[-5,-3)",211,5,-8.916759506062256,"[-10,-5)","[-5,-3)","[-10,-5)"
60190002001008,126,9,-4.360701987147332,"[-5,-3)",126,9,-8.551261037714555,"[-10,-5)","[-5,-3)","[-10,-5)"
60190002001010,72,2,-4.227328439801932,"[-5,-3)",72,2,-8.443883431649086,"[-10,-5)","[-5,-3)","[-10,-5)"
60190002001011,96,2,-4.075330796465278,"[-5,-3)",96,2,-8.305079605345725,"[-10,-5)","[-5,-3)","[-10,-5)"
60190002001012,0,2,-3.9515123583376406,"[-5,-3)",0,2,-8.042291991682468,"[-10,-5)","[-5,-3)","[-10,-5)"
60190002001014,0,2,-3.967430349066854,"[-5,-3)",0,2,-8.046730646322429,"[-10,-5)","[-5,-3)","[-10,-5)"
60190002001015,0,1,-3.97863387465477,"[-5,-3)",0,1,-8.0185753276703,"[-10,-5)","[-5,-3)","[-10,-5)"
60190002001016,0,2,-4.009352980926633,"[-5,-3)",0,2,-8.048297213603842,"[-10,-5)","[-5,-3)","[-10,-5)"
60190002001017,0,2,-4.0365060064941645,"[-5,-3)",0,2,-8.036020893609617,"[-10,-5)","[-5,-3)","[-10,-5)"
60190002001018,0,1,-4.062667058408261,"[-5,-3)",0,1,-8.045361781820318,"[-10,-5)","[-5,-3)","[-10,-5)"
60190002001019,0,3,-4.02503961995244,"[-5,-3)",0,3,-7.817628063961762,"[-10,-5)","[-5,-3)","[-10,-5)"
60190002001020,0,3,-4.0115096613764765,"[-5,-3)",0,3,-7.8876773400933775,"[-10,-5)","[-5,-3)","[-10,-5)"
60190002001021,0,2,-3.989346593990922,"[-5,-3)",0,2,-7.930258144297518,"[-10,-5)","[-5,-3)","[-10,-5)"
60190002001022,0,2,-4.003121955692769,"[-5,-3)",0,2,-7.813380578819607,"[-10,-5)","[-5,-3)","[-10,-5)"
60190002001023,0,2,-3.9832140706479553,"[-5,-3)",0,2,-7.837926117415124,"[-10,-5)","[-5,-3)","[-10,-5)"
60190002001024,0,4,-3.9659814912825824,"[-5,-3)",0,4,-7.861369519827162,"[-10,-5)","[-5,-3)","[-10,-5)"
60190002001026,54,1,-4.002829572558404,"[-5,-3)",54,1,-8.20291328547152,"[-10,-5)","[-5,-3)","[-10,-5)"
60190002001027,64,2,-3.98006669394672,"[-5,-3)",64,2,-8.16731599107945,"[-10,-5)","[-5,-3)","[-10,-5)"
60190002001028,146,3,-4.089367315918207,"[-5,-3)",146,3,-8.33586726833092,"[-10,-5)","[-5,-3)","[-10,-5)"
60190002001029,77,2,-4.276847355812788,"[-5,-3)",77,2,-8.513756877291637,"[-10,-5)","[-5,-3)","[-10,-5)"
60190002001030,23,2,-3.943702038377523,"[-5,-3)",23,2,-8.037347149754117,"[-10,-5)","[-5,-3)","[-10,-5)"
60190002001031,83,1,-3.953543143719435,"[-5,-3)",83,1,-8.071387534759165,"[-10,-5)","[-5,-3)","[-10,-5)"
60190002002000,140,3,-5.093824593722821,"[-10,-5)",140,3,-9.080935757154462,"[-10,-5)","[-10,-5)","[-10,-5)"
60190002002001,71,4,-4.905388773232699,"[-5,-3)",71,4,-9.004818766843647,"[-10,-5)","[-5,-3)","[-10,-5)"
60190002002002,95,2,-4.800954343378544,"[-5,-3)",95,2,-8.883622702294232,"[-10,-5)","[-5,-3)","[-10,-5)"
60190002002003,61,1,-4.596657447516918,"[-5,-3)",61,1,-8.773767562261673,"[-10,-5)","[-5,-3)","[-10,-5)"
60190002002004,60,1,-4.512789758294821,"[-5,-3)",60,1,-8.699822177910315,"[-10,-5)","[-5,-3)","[-10,-5)"
60190002002005,47,1,-4.392622277140617,"[-5,-3)",47,1,-8.624290626433044,"[-10,-5)","[-5,-3)","[-10,-5)"
60190002002006,67,1,-4.467857851088048,"[-5,-3)",67,1,-8.700527204200881,"[-10,-5)","[-5,-3)","[-10,-5)"
60190002002007,48,2,-4.583564076572657,"[-5,-3)",48,2,-8.81057067317407,"[-10,-5)","[-5,-3)","[-10,-5)"
60190002002008,30,2,-4.705518927052617,"[-5,-3)",30,2,-8.885882081470363,"[-10,-5)","[-5,-3)","[-10,-5)"
60190002002009,68,1,-4.4988592632114885,"[-5,-3)",68,1,-8.759215387859706,"[-10,-5)","[-5,-3)","[-10,-5)"
60190002002010,96,2,-4.392474382370711,"[-5,-3)",96,2,-8.656911869074001,"[-10,-5)","[-5,-3)","[-10,-5)"
60190002002011,78,1,-4.283650799095631,"[-5,-3)",78,1,-8.549445921680423,"[-10,-5)","[-5,-3)","[-10,-5)"
60190002002012,72,1,-4.190863721072674,"[-5,-3)",72,1,-8.474736427449283,"[-10,-5)","[-5,-3)","[-10,-5)"
60190002002013,0,3,-4.051469068229198,"[-5,-3)",0,3,-8.332606308695267,"[-10,-5)","[-5,-3)","[-10,-5)"
60190002002014,41,1,-3.972012106329202,"[-5,-3)",41,1,-8.263835283291913,"[-10,-5)","[-5,-3)","[-10,-5)"
60190002002015,78,1,-4.01310471072793,"[-5,-3)",78,1,-8.328067666442784,"[-10,-5)","[-5,-3)","[-10,-5)"
60190002002016,66,1,-4.105907401442528,"[-5,-3)",66,1,-8.401153498193317,"[-10,-5)","[-5,-3)","[-10,-5)"
60190002002017,72,2,-4.194598560780287,"[-5,-3)",72,2,-8.501563785622606,"[-10,-5)","[-5,-3)","[-10,-5)"
60190002002018,68,2,-4.284832395985722,"[-5,-3)",68,2,-8.579563213172577,"[-10,-5)","[-5,-3)","[-10,-5)"
60190002002019,82,1,-4.403026290982962,"[-5,-3)",82,1,-8.674226485327601,"[-10,-5)","[-5,-3)","[-10,-5)"
60190002002020,53,1,-4.309177833795547,"[-5,-3)",53,1,-8.597644495807415,"[-10,-5)","[-5,-3)","[-10,-5)"
60190002002021,57,1,-4.216183532774449,"[-5,-3)",57,1,-8.521655046513708,"[-10,-5)","[-5,-3)","[-10,-5)"
60190002002022,51,2,-4.113122735917568,"[-5,-3)",51,2,-8.428200147380466,"[-10,-5)","[-5,-3)","[-10,-5)"
60190002002023,60,4,-4.006463781371712,"[-5,-3)",60,4,-8.340011925303381,"[-10,-5)","[-5,-3)","[-10,-5)"
60190002002024,77,2,-3.9217276006937034,"[-5,-3)",77,2,-8.240708887060482,"[-10,-5)","[-5,-3)","[-10,-5)"
60190002002025,0,2,-3.8873714469373226,"[-5,-3)",0,2,-8.172564204513977,"[-10,-5)","[-5,-3)","[-10,-5)"
60190002002026,53,4,-3.8706878665834665,"[-5,-3)",53,4,-8.073771046283795,"[-10,-5)","[-5,-3)","[-10,-5)"
60190002002027,95,2,-3.943206122517586,"[-5,-3)",95,2,-8.16501286732284,"[-10,-5)","[-5,-3)","[-10,-5)"
60190002002028,44,2,-3.879281659796834,"[-5,-3)",44,2,-7.976149901943573,"[-10,-5)","[-5,-3)","[-10,-5)"
60190002002029,57,1,-3.914175599813461,"[-5,-3)",57,1,-7.9423109124421565,"[-10,-5)","[-5,-3)","[-10,-5)"
60190002002030,0,8,-3.948197500035167,"[-5,-3)",0,8,-7.850535918821569,"[-10,-5)","[-5,-3)","[-10,-5)"
60190002002031,26,1,-3.8990962944924834,"[-5,-3)",26,1,-7.816441847285936,"[-10,-5)","[-5,-3)","[-10,-5)"
60190002002032,78,2,-3.857282667607069,"[-5,-3)",78,2,-7.791424776199546,"[-10,-5)","[-5,-3)","[-10,-5)"
60190002002033,21,1,-3.8782649897038937,"[-5,-3)",21,1,-7.881709329470982,"[-10,-5)","[-5,-3)","[-10,-5)"
60190002002035,33,2,-3.9445787619799377,"[-5,-3)",33,2,-8.277819630314813,"[-10,-5)","[-5,-3)","[-10,-5)"
60190002002036,27,1,-4.044016988575459,"[-5,-3)",27,1,-8.382641018979477,"[-10,-5)","[-5,-3)","[-10,-5)"
60190002002037,48,2,-4.105688965693116,"[-5,-3)",48,2,-8.434495106133578,"[-10,-5)","[-5,-3)","[-10,-5)"
60190002002038,45,2,-3.824859790876508,"[-5,-3)",45,2,-7.996420117936631,"[-10,-5)","[-5,-3)","[-10,-5)"
60190002002039,65,1,-3.8325697638094423,"[-5,-3)",65,1,-7.893159615439035,"[-10,-5)","[-5,-3)","[-10,-5)"
60190002002040,10,1,-3.835768662393093,"[-5,-3)",10,1,-8.102639344786578,"[-10,-5)","[-5,-3)","[-10,-5)"
60190002002041,30,1,-3.866407008469105,"[-5,-3)",30,1,-8.173456707578021,"[-10,-5)","[-5,-3)","[-10,-5)"
60190003001001,31,1,-3.813760444521904,"[-5,-3)",31,1,-7.994418093240455,"[-10,-5)","[-5,-3)","[-10,-5)"
60190003001002,39,1,-3.8282436288893225,"[-5,-3)",39,1,-8.07070409670312,"[-10,-5)","[-5,-3)","[-10,-5)"
60190003001003,54,1,-3.854765050113201,"[-5,-3)",54,1,-8.146138501125044,"[-10,-5)","[-5,-3)","[-10,-5)"
60190003001004,41,2,-3.932686574757099,"[-5,-3)",41,2,-8.260237433575432,"[-10,-5)","[-5,-3)","[-10,-5)"
60190003001005,62,1,-4.030057822912932,"[-5,-3)",62,1,-8.366831613972334,"[-10,-5)","[-5,-3)","[-10,-5)"
60190003001006,58,1,-4.034689398854972,"[-5,-3)",58,1,-8.37176736611773,"[-10,-5)","[-5,-3)","[-10,-5)"
60190003001007,40,2,-3.937671281397343,"[-5,-3)",40,2,-8.255452515015971,"[-10,-5)","[-5,-3)","[-10,-5)"
60190003001008,28,1,-3.85729430615902,"[-5,-3)",28,1,-8.132110125465946,"[-10,-5)","[-5,-3)","[-10,-5)"
60190003001009,36,1,-3.829221267253161,"[-5,-3)",36,1,-8.050960520010104,"[-10,-5)","[-5,-3)","[-10,-5)"
60190003001011,34,1,-4.053046233952045,"[-5,-3)",34,1,-8.385858802146087,"[-10,-5)","[-5,-3)","[-10,-5)"
60190003001012,48,2,-3.956296228989959,"[-5,-3)",48,2,-8.262954710568,"[-10,-5)","[-5,-3)","[-10,-5)"
60190003001013,36,1,-3.8797081701457503,"[-5,-3)",36,1,-8.133224760100992,"[-10,-5)","[-5,-3)","[-10,-5)"
60190003001015,86,2,-3.830144545063376,"[-5,-3)",86,2,-7.998211089234784,"[-10,-5)","[-5,-3)","[-10,-5)"
60190003001016,47,2,-3.8881780553609135,"[-5,-3)",47,2,-8.096483857390705,"[-10,-5)","[-5,-3)","[-10,-5)"
60190003001017,17,1,-3.9432231545448304,"[-5,-3)",17,1,-8.1686152619308,"[-10,-5)","[-5,-3)","[-10,-5)"
60190003001019,48,3,-4.015461659431458,"[-5,-3)",48,3,-8.330396923325395,"[-10,-5)","[-5,-3)","[-10,-5)"
60190003001020,26,2,-4.098845071345568,"[-5,-3)",26,2,-8.433127945965776,"[-10,-5)","[-5,-3)","[-10,-5)"
60190003001021,33,1,-4.169461843371392,"[-5,-3)",33,1,-8.498913545779343,"[-10,-5)","[-5,-3)","[-10,-5)"
60190003001023,31,2,-4.012294695898891,"[-5,-3)",31,2,-8.28718381109434,"[-10,-5)","[-5,-3)","[-10,-5)"
60190003001024,52,2,-4.128829245641828,"[-5,-3)",52,2,-8.433700886347753,"[-10,-5)","[-5,-3)","[-10,-5)"
60190003001025,23,2,-4.259299116209149,"[-5,-3)",23,2,-8.593384512213696,"[-10,-5)","[-5,-3)","[-10,-5)"
60190003001026,0,4,-4.122013312205672,"[-5,-3)",0,4,-8.381351121966802,"[-10,-5)","[-5,-3)","[-10,-5)"
60190003001027,90,2,-4.005814009532333,"[-5,-3)",90,2,-8.218368188943359,"[-10,-5)","[-5,-3)","[-10,-5)"
60190003001028,49,1,-3.9359635367989534,"[-5,-3)",49,1,-8.086877661139958,"[-10,-5)","[-5,-3)","[-10,-5)"
60190003001029,35,2,-3.8816679887473584,"[-5,-3)",35,2,-8.011373947122989,"[-10,-5)","[-5,-3)","[-10,-5)"
60190003001030,51,2,-3.826879931241274,"[-5,-3)",51,2,-7.904370442437326,"[-10,-5)","[-5,-3)","[-10,-5)"
60190003001031,36,2,-3.8193374399095776,"[-5,-3)",36,2,-7.8081445797809295,"[-10,-5)","[-5,-3)","[-10,-5)"
60190003001032,21,2,-3.8740167763084177,"[-5,-3)",21,2,-7.920796816462642,"[-10,-5)","[-5,-3)","[-10,-5)"
60190003001033,59,2,-3.9561385408043854,"[-5,-3)",59,2,-8.058073843285024,"[-10,-5)","[-5,-3)","[-10,-5)"
60190003001034,18,1,-4.039078552275896,"[-5,-3)",18,1,-8.153904584438529,"[-10,-5)","[-5,-3)","[-10,-5)"
60190003001035,50,4,-3.9183536980301135,"[-5,-3)",50,4,-7.896922785583037,"[-10,-5)","[-5,-3)","[-10,-5)"
60190003001036,33,2,-3.817897098138928,"[-5,-3)",33,2,-7.718922110836822,"[-10,-5)","[-5,-3)","[-10,-5)"
60190003001037,9,1,-3.816064877808094,"[-5,-3)",9,1,-7.594513660179426,"[-10,-5)","[-5,-3)","[-10,-5)"
60190003001038,0,2,-3.878126462548972,"[-5,-3)",0,2,-7.745423088990861,"[-10,-5)","[-5,-3)","[-10,-5)"
60190003002000,0,1,-4.053944389522076,"[-5,-3)",0,1,-7.706656584959855,"[-10,-5)","[-5,-3)","[-10,-5)"
60190003002001,0,3,-4.124668747186661,"[-5,-3)",0,3,-7.593082587475208,"[-10,-5)","[-5,-3)","[-10,-5)"
60190003002002,0,2,-4.088289188593626,"[-5,-3)",0,2,-7.666195688574609,"[-10,-5)","[-5,-3)","[-10,-5)"
60190003002003,0,1,-4.07469365671277,"[-5,-3)",0,1,-7.665889476511261,"[-10,-5)","[-5,-3)","[-10,-5)"
60190003002004,0,1,-4.029083874821663,"[-5,-3)",0,1,-7.722096717534388,"[-10,-5)","[-5,-3)","[-10,-5)"
60190003002005,73,1,-4.044468621164561,"[-5,-3)",73,1,-7.65287517976325,"[-10,-5)","[-5,-3)","[-10,-5)"
60190003002006,0,1,-4.003368352353573,"[-5,-3)",0,1,-7.707934835688118,"[-10,-5)","[-5,-3)","[-10,-5)"
60190003002007,36,2,-4.029393999651075,"[-5,-3)",36,2,-7.567902468407038,"[-10,-5)","[-5,-3)","[-10,-5)"
60190003002008,0,1,-4.098731808364391,"[-5,-3)",0,1,-7.598223427848559,"[-10,-5)","[-5,-3)","[-10,-5)"
60190003002009,0,1,-4.150175627321005,"[-5,-3)",0,1,-7.543343295137085,"[-10,-5)","[-5,-3)","[-10,-5)"
60190003002011,0,3,-4.230162001401186,"[-5,-3)",0,3,-7.418146305808212,"[-10,-5)","[-5,-3)","[-10,-5)"
60190003002012,0,1,-4.274945729970932,"[-5,-3)",0,1,-7.42568968943926,"[-10,-5)","[-5,-3)","[-10,-5)"
60190003002013,0,2,-4.334728855267168,"[-5,-3)",0,2,-7.253744514476397,"[-10,-5)","[-5,-3)","[-10,-5)"
60190003002014,0,4,-4.284209591522813,"[-5,-3)",0,4,-7.215698091688978,"[-10,-5)","[-5,-3)","[-10,-5)"
60190003002016,20,2,-4.20144046805799,"[-5,-3)",20,2,-7.2838444785697884,"[-10,-5)","[-5,-3)","[-10,-5)"
60190003002017,0,1,-4.171211032569409,"[-5,-3)",0,1,-7.4705915129102065,"[-10,-5)","[-5,-3)","[-10,-5)"
60190003002018,20,1,-4.141376598179341,"[-5,-3)",20,1,-7.392458011061628,"[-10,-5)","[-5,-3)","[-10,-5)"
60190003002019,0,1,-4.105531845241785,"[-5,-3)",0,1,-7.523696297387983,"[-10,-5)","[-5,-3)","[-10,-5)"
60190003002020,0,1,-4.053985266387463,"[-5,-3)",0,1,-7.57819068243524,"[-10,-5)","[-5,-3)","[-10,-5)"
60190003002021,6,1,-4.09356088489294,"[-5,-3)",6,1,-7.445007750667622,"[-10,-5)","[-5,-3)","[-10,-5)"
60190003002022,12,5,-4.107965438067914,"[-5,-3)",12,5,-7.1892047830393055,"[-10,-5)","[-5,-3)","[-10,-5)"
60190003002023,3,2,-4.1825427241623405,"[-5,-3)",3,2,-7.129432642762914,"[-10,-5)","[-5,-3)","[-10,-5)"
60190003002024,85,6,-4.034181418642402,"[-5,-3)",85,6,-7.141258734445075,"[-10,-5)","[-5,-3)","[-10,-5)"
60190003002025,18,1,-4.05179807022214,"[-5,-3)",18,1,-7.366022081666869,"[-10,-5)","[-5,-3)","[-10,-5)"
60190003002026,0,1,-4.01446131169796,"[-5,-3)",0,1,-7.423814921704476,"[-10,-5)","[-5,-3)","[-10,-5)"
60190003002027,0,2,-3.999810645729304,"[-5,-3)",0,2,-7.62656054215982,"[-10,-5)","[-5,-3)","[-10,-5)"
60190003002028,33,2,-3.983830204233527,"[-5,-3)",33,2,-7.553873808692223,"[-10,-5)","[-5,-3)","[-10,-5)"
60190003002029,34,2,-3.932622420787812,"[-5,-3)",34,2,-7.652295422044055,"[-10,-5)","[-5,-3)","[-10,-5)"
60190003002030,14,2,-3.871186337247491,"[-5,-3)",14,2,-7.659647920233016,"[-10,-5)","[-5,-3)","[-10,-5)"
60190003002031,48,1,-3.838905961811543,"[-5,-3)",48,1,-7.703559809528853,"[-10,-5)","[-5,-3)","[-10,-5)"
60190003002032,78,1,-3.8172500230371953,"[-5,-3)",78,1,-7.580510281423459,"[-10,-5)","[-5,-3)","[-10,-5)"
60190003002033,36,2,-3.8514476370066406,"[-5,-3)",36,2,-7.531363529311815,"[-10,-5)","[-5,-3)","[-10,-5)"
60190003002034,18,2,-3.922146446630359,"[-5,-3)",18,2,-7.519077835478916,"[-10,-5)","[-5,-3)","[-10,-5)"
60190003002035,63,2,-3.9081393074244266,"[-5,-3)",63,2,-7.385574488862079,"[-10,-5)","[-5,-3)","[-10,-5)"
60190003002036,37,1,-3.9790497399866585,"[-5,-3)",37,1,-7.35061092277551,"[-10,-5)","[-5,-3)","[-10,-5)"
60190003002037,98,5,-3.971956184506416,"[-5,-3)",98,5,-7.103732985787636,"[-10,-5)","[-5,-3)","[-10,-5)"
60190003002038,68,1,-3.861655640602112,"[-5,-3)",68,1,-7.116351876977036,"[-10,-5)","[-5,-3)","[-10,-5)"
60190003002040,0,3,-3.820146603137255,"[-5,-3)",0,3,-7.063762937682041,"[-10,-5)","[-5,-3)","[-10,-5)"
60190003002041,83,2,-3.7949384931474928,"[-5,-3)",83,2,-7.171875963999837,"[-10,-5)","[-5,-3)","[-10,-5)"
60190003002042,65,2,-3.803427823260427,"[-5,-3)",65,2,-7.283489408923048,"[-10,-5)","[-5,-3)","[-10,-5)"
60190003002043,32,2,-3.825394738465548,"[-5,-3)",32,2,-7.404723252882875,"[-10,-5)","[-5,-3)","[-10,-5)"
60190003002044,54,2,-3.770875077322126,"[-5,-3)",54,2,-7.443195759246381,"[-10,-5)","[-5,-3)","[-10,-5)"
60190003002045,60,2,-3.744279140979052,"[-5,-3)",60,2,-7.332316030241192,"[-10,-5)","[-5,-3)","[-10,-5)"
60190003002046,0,2,-3.733596653491259,"[-5,-3)",0,2,-7.230542559424141,"[-10,-5)","[-5,-3)","[-10,-5)"
60190003002047,45,2,-3.7461542252451183,"[-5,-3)",45,2,-7.1395359365190965,"[-10,-5)","[-5,-3)","[-10,-5)"
60190003002048,0,1,-4.265583508461714,"[-5,-3)",0,1,-7.07108305351922,"[-10,-5)","[-5,-3)","[-10,-5)"
60190003002049,0,2,-4.313510639593005,"[-5,-3)",0,2,-7.056797607435884,"[-10,-5)","[-5,-3)","[-10,-5)"
60190003002050,13,2,-4.188254272565246,"[-5,-3)",13,2,-7.023784083849208,"[-10,-5)","[-5,-3)","[-10,-5)"
60190003002051,83,2,-3.896267416700721,"[-5,-3)",83,2,-7.257184997325442,"[-10,-5)","[-5,-3)","[-10,-5)"
60190003003000,0,1,-3.827888511121273,"[-5,-3)",0,1,-7.775246382815514,"[-10,-5)","[-5,-3)","[-10,-5)"
60190003003001,18,1,-3.817736003547907,"[-5,-3)",18,1,-7.846863646507131,"[-10,-5)","[-5,-3)","[-10,-5)"
60190003003002,74,3,-3.8082429192960254,"[-5,-3)",74,3,-7.887872770426943,"[-10,-5)","[-5,-3)","[-10,-5)"
60190003003003,78,1,-3.811822767555714,"[-5,-3)",78,1,-7.96849573658274,"[-10,-5)","[-5,-3)","[-10,-5)"
60190003003004,62,2,-3.802624337375164,"[-5,-3)",62,2,-7.815851579505196,"[-10,-5)","[-5,-3)","[-10,-5)"
60190003003005,48,2,-3.795600755140186,"[-5,-3)",48,2,-7.74111197536801,"[-10,-5)","[-5,-3)","[-10,-5)"
60190003003006,33,2,-3.810191383212805,"[-5,-3)",33,2,-7.694906052098521,"[-10,-5)","[-5,-3)","[-10,-5)"
60190003003007,70,2,-3.784658245369792,"[-5,-3)",70,2,-7.579663511329915,"[-10,-5)","[-5,-3)","[-10,-5)"
60190003003008,57,2,-3.7754362542182207,"[-5,-3)",57,2,-7.634636530260977,"[-10,-5)","[-5,-3)","[-10,-5)"
60190003003009,38,1,-3.7830411963164807,"[-5,-3)",38,1,-7.666029231924218,"[-10,-5)","[-5,-3)","[-10,-5)"
60190003003010,39,2,-3.776182257011533,"[-5,-3)",39,2,-7.618825989030966,"[-10,-5)","[-5,-3)","[-10,-5)"
60190003003011,236,3,-3.7589933931827546,"[-5,-3)",236,3,-7.507639195795276,"[-10,-5)","[-5,-3)","[-10,-5)"
60190003003012,49,1,-3.730861877650023,"[-5,-3)",49,1,-7.402482337328373,"[-10,-5)","[-5,-3)","[-10,-5)"
60190003003013,46,2,-3.728270596638322,"[-5,-3)",46,2,-7.437714904179312,"[-10,-5)","[-5,-3)","[-10,-5)"
60190003003014,62,2,-3.764718709141016,"[-5,-3)",62,2,-7.533032072595773,"[-10,-5)","[-5,-3)","[-10,-5)"
60190003003015,57,2,-3.7726038280874494,"[-5,-3)",57,2,-7.457773498662914,"[-10,-5)","[-5,-3)","[-10,-5)"
60190003003016,59,1,-3.727822228521109,"[-5,-3)",59,1,-7.397025626997283,"[-10,-5)","[-5,-3)","[-10,-5)"
60190003003017,74,2,-3.715426035225392,"[-5,-3)",74,2,-7.311055027905873,"[-10,-5)","[-5,-3)","[-10,-5)"
60190003003018,85,3,-3.7414123669266703,"[-5,-3)",85,3,-7.236633566172166,"[-10,-5)","[-5,-3)","[-10,-5)"
60190004001000,52,2,-4.563506309688092,"[-5,-3)",52,2,-6.60639176054697,"[-10,-5)","[-5,-3)","[-10,-5)"
60190004001001,41,2,-4.418427785485983,"[-5,-3)",41,2,-6.5355022476033096,"[-10,-5)","[-5,-3)","[-10,-5)"
60190004001002,59,1,-4.320152420550585,"[-5,-3)",59,1,-6.480786299096487,"[-10,-5)","[-5,-3)","[-10,-5)"
60190004001003,52,1,-4.376154577732087,"[-5,-3)",52,1,-6.510582607627987,"[-10,-5)","[-5,-3)","[-10,-5)"
60190004001004,69,2,-4.473889885470271,"[-5,-3)",69,2,-6.552419469908278,"[-10,-5)","[-5,-3)","[-10,-5)"
60190004001005,80,2,-4.616857289895416,"[-5,-3)",80,2,-6.601705693377163,"[-10,-5)","[-5,-3)","[-10,-5)"
60190004001006,52,2,-4.6511690184474,"[-5,-3)",52,2,-6.604188340347164,"[-10,-5)","[-5,-3)","[-10,-5)"
60190004001007,78,2,-4.51056878194213,"[-5,-3)",78,2,-6.574345730733729,"[-10,-5)","[-5,-3)","[-10,-5)"
60190004001008,76,1,-4.421608232706785,"[-5,-3)",76,1,-6.543386498095228,"[-10,-5)","[-5,-3)","[-10,-5)"
60190004001009,64,1,-4.454543063789607,"[-5,-3)",64,1,-6.576513643968861,"[-10,-5)","[-5,-3)","[-10,-5)"
60190004001010,90,2,-4.537074306607247,"[-5,-3)",90,2,-6.597200285643615,"[-10,-5)","[-5,-3)","[-10,-5)"
60190004001011,100,2,-4.6744481094181545,"[-5,-3)",100,2,-6.610651176029256,"[-10,-5)","[-5,-3)","[-10,-5)"
60190004001012,94,2,-4.687022003531456,"[-5,-3)",94,2,-6.620782023190023,"[-10,-5)","[-5,-3)","[-10,-5)"
60190004001013,68,2,-4.557167840749026,"[-5,-3)",68,2,-6.622402277002025,"[-10,-5)","[-5,-3)","[-10,-5)"
60190004001014,53,1,-4.479069466888904,"[-5,-3)",53,1,-6.610639529744843,"[-10,-5)","[-5,-3)","[-10,-5)"
60190004001015,66,2,-4.502130547910928,"[-5,-3)",66,2,-6.660636744674356,"[-10,-5)","[-5,-3)","[-10,-5)"
60190004001016,75,4,-4.563048715889455,"[-5,-3)",75,4,-6.66292225697649,"[-10,-5)","[-5,-3)","[-10,-5)"
60190004001017,90,4,-4.670571761950851,"[-5,-3)",90,4,-6.641468664864778,"[-10,-5)","[-5,-3)","[-10,-5)"
60190004001018,98,2,-4.654704583436251,"[-5,-3)",98,2,-6.676055289014369,"[-10,-5)","[-5,-3)","[-10,-5)"
60190004001019,78,2,-4.5713472872972485,"[-5,-3)",78,2,-6.711452608181394,"[-10,-5)","[-5,-3)","[-10,-5)"
60190004001021,20,1,-4.53352539986372,"[-5,-3)",20,1,-6.713047865090265,"[-10,-5)","[-5,-3)","[-10,-5)"
60190004002000,140,4,-4.710493130609393,"[-5,-3)",140,4,-6.75492023433523,"[-10,-5)","[-5,-3)","[-10,-5)"
60190004002001,21,1,-4.637976861745119,"[-5,-3)",21,1,-6.72374085851575,"[-10,-5)","[-5,-3)","[-10,-5)"
60190004002002,48,1,-4.601821274310351,"[-5,-3)",48,1,-6.744546235480375,"[-10,-5)","[-5,-3)","[-10,-5)"
60190004002003,21,1,-4.580414570868015,"[-5,-3)",21,1,-6.753849060224947,"[-10,-5)","[-5,-3)","[-10,-5)"
60190004002004,40,1,-4.565483728051186,"[-5,-3)",40,1,-6.751958953481423,"[-10,-5)","[-5,-3)","[-10,-5)"
60190004002005,78,2,-4.640312520414591,"[-5,-3)",78,2,-6.816388187244449,"[-10,-5)","[-5,-3)","[-10,-5)"
60190004002006,71,2,-4.642604889348149,"[-5,-3)",71,2,-6.819328447975168,"[-10,-5)","[-5,-3)","[-10,-5)"
60190004002007,64,2,-4.655225195735693,"[-5,-3)",64,2,-6.810564760982205,"[-10,-5)","[-5,-3)","[-10,-5)"
60190004002008,123,3,-4.695199931412936,"[-5,-3)",123,3,-6.812073096841553,"[-10,-5)","[-5,-3)","[-10,-5)"
60190004002009,37,1,-4.819098562002182,"[-5,-3)",37,1,-6.90594669410223,"[-10,-5)","[-5,-3)","[-10,-5)"
60190004002010,30,1,-4.805465559661388,"[-5,-3)",30,1,-6.921366374665111,"[-10,-5)","[-5,-3)","[-10,-5)"
60190004002011,48,1,-4.734954386204481,"[-5,-3)",48,1,-6.879780617638994,"[-10,-5)","[-5,-3)","[-10,-5)"
60190004002012,30,1,-4.72954274341464,"[-5,-3)",30,1,-6.886686012128782,"[-10,-5)","[-5,-3)","[-10,-5)"
60190004002013,54,1,-4.731011188030244,"[-5,-3)",54,1,-6.879295450473689,"[-10,-5)","[-5,-3)","[-10,-5)"
60190004002014,75,1,-4.795319013297558,"[-5,-3)",75,1,-6.913086150503149,"[-10,-5)","[-5,-3)","[-10,-5)"
60190004002015,44,1,-4.7970176741480826,"[-5,-3)",44,1,-6.9233331764523305,"[-10,-5)","[-5,-3)","[-10,-5)"
60190004002016,61,1,-4.864858509600163,"[-5,-3)",61,1,-6.951301302386698,"[-10,-5)","[-5,-3)","[-10,-5)"
60190004002017,74,1,-4.880857828259468,"[-5,-3)",74,1,-6.953036882819961,"[-10,-5)","[-5,-3)","[-10,-5)"
60190004002018,61,1,-4.895844876766205,"[-5,-3)",61,1,-6.942309802708388,"[-10,-5)","[-5,-3)","[-10,-5)"
60190004002019,59,1,-4.924066378176213,"[-5,-3)",59,1,-6.918369586846631,"[-10,-5)","[-5,-3)","[-10,-5)"
60190004002020,46,1,-4.849229921400547,"[-5,-3)",46,1,-6.8770718623179485,"[-10,-5)","[-5,-3)","[-10,-5)"
60190004002021,247,8,-5.001412220299244,"[-10,-5)",247,8,-6.969056205002255,"[-10,-5)","[-10,-5)","[-10,-5)"
60190004002022,30,1,-4.8589052483439445,"[-5,-3)",30,1,-6.938354042787993,"[-10,-5)","[-5,-3)","[-10,-5)"
60190004003000,19,2,-4.3105862405151125,"[-5,-3)",19,2,-6.4997501428452615,"[-10,-5)","[-5,-3)","[-10,-5)"
60190004003001,0,1,-4.375691306591034,"[-5,-3)",0,1,-6.559464051699588,"[-10,-5)","[-5,-3)","[-10,-5)"
60190004003002,0,2,-4.407884818688035,"[-5,-3)",0,2,-6.612424819928648,"[-10,-5)","[-5,-3)","[-10,-5)"
60190004003003,0,2,-4.37044643573463,"[-5,-3)",0,2,-6.706594403246847,"[-10,-5)","[-5,-3)","[-10,-5)"
60190004003004,0,1,-4.353021110594272,"[-5,-3)",0,1,-6.782298944656011,"[-10,-5)","[-5,-3)","[-10,-5)"
60190004003005,0,2,-4.35950917750597,"[-5,-3)",0,2,-6.824536893609259,"[-10,-5)","[-5,-3)","[-10,-5)"
60190004003006,9,2,-4.347344619780779,"[-5,-3)",9,2,-6.890620183814654,"[-10,-5)","[-5,-3)","[-10,-5)"
60190004003007,0,1,-4.3332943327724935,"[-5,-3)",0,1,-6.906482423185231,"[-10,-5)","[-5,-3)","[-10,-5)"
60190004003008,0,2,-4.320446081086994,"[-5,-3)",0,2,-6.950694843430068,"[-10,-5)","[-5,-3)","[-10,-5)"
60190004003009,0,3,-4.437395786494017,"[-5,-3)",0,3,-6.659003424299355,"[-10,-5)","[-5,-3)","[-10,-5)"
60190004003011,0,1,-4.46162952259183,"[-5,-3)",0,1,-6.5472740846434485,"[-10,-5)","[-5,-3)","[-10,-5)"
60190004003012,0,3,-4.522578064352274,"[-5,-3)",0,3,-6.551809886338756,"[-10,-5)","[-5,-3)","[-10,-5)"
60190004003013,14,8,-4.5842097323387865,"[-5,-3)",14,8,-6.589992371814805,"[-10,-5)","[-5,-3)","[-10,-5)"
60190004003014,0,2,-4.301813752949238,"[-5,-3)",0,2,-6.866770297671028,"[-10,-5)","[-5,-3)","[-10,-5)"
60190004003015,0,2,-4.334853047132492,"[-5,-3)",0,2,-6.837948300250181,"[-10,-5)","[-5,-3)","[-10,-5)"
60190004003016,0,3,-4.397670570015907,"[-5,-3)",0,3,-6.738041927663543,"[-10,-5)","[-5,-3)","[-10,-5)"
60190004003018,5,2,-4.431779049709439,"[-5,-3)",5,2,-6.71455336039244,"[-10,-5)","[-5,-3)","[-10,-5)"
60190004003019,28,5,-4.501204857230187,"[-5,-3)",28,5,-6.618185753933066,"[-10,-5)","[-5,-3)","[-10,-5)"
60190004003020,0,2,-4.341546917706728,"[-5,-3)",0,2,-6.798515117450457,"[-10,-5)","[-5,-3)","[-10,-5)"
60190004003022,0,1,-4.357472714781761,"[-5,-3)",0,1,-6.77936748965253,"[-10,-5)","[-5,-3)","[-10,-5)"
60190004003023,0,2,-4.376228950917721,"[-5,-3)",0,2,-6.749732240712791,"[-10,-5)","[-5,-3)","[-10,-5)"
60190004003024,0,1,-4.400152704119683,"[-5,-3)",0,1,-6.726743327448578,"[-10,-5)","[-5,-3)","[-10,-5)"
60190004003025,0,4,-4.5206643741577865,"[-5,-3)",0,4,-6.660081699802573,"[-10,-5)","[-5,-3)","[-10,-5)"
60190004003026,19,1,-4.461981517821551,"[-5,-3)",19,1,-6.695064297622208,"[-10,-5)","[-5,-3)","[-10,-5)"
60190004003027,0,1,-4.456253363192082,"[-5,-3)",0,1,-6.692141932401684,"[-10,-5)","[-5,-3)","[-10,-5)"
60190004003028,0,2,-4.355564134195447,"[-5,-3)",0,2,-6.732571582658018,"[-10,-5)","[-5,-3)","[-10,-5)"
60190004003029,15,2,-4.287160532176495,"[-5,-3)",15,2,-6.745973047348832,"[-10,-5)","[-5,-3)","[-10,-5)"
60190004003030,0,1,-4.2910387247800825,"[-5,-3)",0,1,-6.784316308360926,"[-10,-5)","[-5,-3)","[-10,-5)"
60190004003034,0,6,-4.26373241096735,"[-5,-3)",0,6,-6.874870430508165,"[-10,-5)","[-5,-3)","[-10,-5)"
60190004003035,0,3,-4.224239113926887,"[-5,-3)",0,3,-6.887006995089434,"[-10,-5)","[-5,-3)","[-10,-5)"
60190004003036,52,2,-4.1682608015835285,"[-5,-3)",52,2,-6.85593385610826,"[-10,-5)","[-5,-3)","[-10,-5)"
60190004003037,109,2,-4.184853828325868,"[-5,-3)",109,2,-6.931832123516685,"[-10,-5)","[-5,-3)","[-10,-5)"
60190004003038,23,2,-4.096779086440802,"[-5,-3)",23,2,-6.908358043087167,"[-10,-5)","[-5,-3)","[-10,-5)"
60190004003039,300,13,-4.061837030947209,"[-5,-3)",300,13,-6.79515530642515,"[-10,-5)","[-5,-3)","[-10,-5)"
60190004003040,36,2,-4.076981057971716,"[-5,-3)",36,2,-6.749878529407248,"[-10,-5)","[-5,-3)","[-10,-5)"
60190004003041,0,2,-3.9853447772562505,"[-5,-3)",0,2,-6.820716344210343,"[-10,-5)","[-5,-3)","[-10,-5)"
60190004003042,65,5,-3.947259745001793,"[-5,-3)",65,5,-6.885193583389607,"[-10,-5)","[-5,-3)","[-10,-5)"
60190004003043,84,2,-3.8808596771210433,"[-5,-3)",84,2,-6.893543685258049,"[-10,-5)","[-5,-3)","[-10,-5)"
60190004003044,20,2,-3.860929082706571,"[-5,-3)",20,2,-6.964326961363404,"[-10,-5)","[-5,-3)","[-10,-5)"
60190004003045,266,3,-3.772394759953022,"[-5,-3)",266,3,-7.05732396268021,"[-10,-5)","[-5,-3)","[-10,-5)"
60190004003046,15,1,-4.061580698937178,"[-5,-3)",15,1,-6.734567926239846,"[-10,-5)","[-5,-3)","[-10,-5)"
60190004003047,0,1,-4.106952316313982,"[-5,-3)",0,1,-6.725558815107056,"[-10,-5)","[-5,-3)","[-10,-5)"
60190004003049,0,1,-4.137951173633337,"[-5,-3)",0,1,-6.732446598142366,"[-10,-5)","[-5,-3)","[-10,-5)"
60190004003051,0,1,-4.168575326353312,"[-5,-3)",0,1,-6.744553052817592,"[-10,-5)","[-5,-3)","[-10,-5)"
60190004003052,0,1,-4.19940329566598,"[-5,-3)",0,1,-6.763794987113693,"[-10,-5)","[-5,-3)","[-10,-5)"
60190004003054,0,1,-4.16396589204669,"[-5,-3)",0,1,-6.718564227122008,"[-10,-5)","[-5,-3)","[-10,-5)"
60190004003055,0,5,-4.225754396617413,"[-5,-3)",0,5,-6.713148988925656,"[-10,-5)","[-5,-3)","[-10,-5)"
60190004003056,0,6,-4.303510142862796,"[-5,-3)",0,6,-6.704308038777563,"[-10,-5)","[-5,-3)","[-10,-5)"
60190004003058,0,1,-4.369824908673763,"[-5,-3)",0,1,-6.706288475239216,"[-10,-5)","[-5,-3)","[-10,-5)"
60190004003059,0,1,-4.440075492113829,"[-5,-3)",0,1,-6.681270551985676,"[-10,-5)","[-5,-3)","[-10,-5)"
60190004003060,0,2,-4.480701418966055,"[-5,-3)",0,2,-6.674653474049041,"[-10,-5)","[-5,-3)","[-10,-5)"
60190004003061,0,2,-4.521327771618962,"[-5,-3)",0,2,-6.663032470594837,"[-10,-5)","[-5,-3)","[-10,-5)"
60190004003062,0,1,-4.588490022718907,"[-5,-3)",0,1,-6.643791672521605,"[-10,-5)","[-5,-3)","[-10,-5)"
60190004003063,0,5,-4.66425813138485,"[-5,-3)",0,5,-6.632239694606728,"[-10,-5)","[-5,-3)","[-10,-5)"
60190004003064,0,1,-4.584626023471356,"[-5,-3)",0,1,-6.597847932679268,"[-10,-5)","[-5,-3)","[-10,-5)"
60190004003065,0,1,-4.628983951359987,"[-5,-3)",0,1,-6.607215522127405,"[-10,-5)","[-5,-3)","[-10,-5)"
60190004003066,0,5,-4.711427195370198,"[-5,-3)",0,5,-6.668494862040276,"[-10,-5)","[-5,-3)","[-10,-5)"
60190004003067,0,8,-4.712381556630135,"[-5,-3)",0,8,-6.701161269540299,"[-10,-5)","[-5,-3)","[-10,-5)"
60190004003068,62,8,-4.706934856250882,"[-5,-3)",62,8,-6.7827997348857725,"[-10,-5)","[-5,-3)","[-10,-5)"
60190004003069,80,1,-4.584778460115195,"[-5,-3)",80,1,-6.722325124820271,"[-10,-5)","[-5,-3)","[-10,-5)"
60190004003070,87,2,-4.650871951505542,"[-5,-3)",87,2,-6.802631936962612,"[-10,-5)","[-5,-3)","[-10,-5)"
60190004003071,55,1,-4.570383842289448,"[-5,-3)",55,1,-6.741335269650981,"[-10,-5)","[-5,-3)","[-10,-5)"
60190004003072,0,2,-4.587419843673706,"[-5,-3)",0,2,-6.622149467413546,"[-10,-5)","[-5,-3)","[-10,-5)"
60190004003073,9,14,-4.873208460956812,"[-5,-3)",9,14,-6.898231172706443,"[-10,-5)","[-5,-3)","[-10,-5)"
60190004003074,0,10,-4.805905269831419,"[-5,-3)",0,10,-6.795470608271454,"[-10,-5)","[-5,-3)","[-10,-5)"
60190004003075,32,2,-4.6854601666331295,"[-5,-3)",32,2,-6.678484249453783,"[-10,-5)","[-5,-3)","[-10,-5)"
60190004003076,0,3,-4.592852776497603,"[-5,-3)",0,3,-6.652870093249439,"[-10,-5)","[-5,-3)","[-10,-5)"
60190004003077,0,1,-4.637062525749207,"[-5,-3)",0,1,-6.635300679017339,"[-10,-5)","[-5,-3)","[-10,-5)"
60190004003078,0,1,-4.406555327028037,"[-5,-3)",0,1,-6.681273392542851,"[-10,-5)","[-5,-3)","[-10,-5)"
60190004003079,0,1,-4.424164456129074,"[-5,-3)",0,1,-6.679045259495631,"[-10,-5)","[-5,-3)","[-10,-5)"
60190004003080,0,1,-4.500889480859041,"[-5,-3)",0,1,-6.666684859009058,"[-10,-5)","[-5,-3)","[-10,-5)"
60190004003081,0,1,-4.578427501022816,"[-5,-3)",0,1,-6.662246204369096,"[-10,-5)","[-5,-3)","[-10,-5)"
60190004003082,12,1,-4.565316814184189,"[-5,-3)",12,1,-6.6766875970412825,"[-10,-5)","[-5,-3)","[-10,-5)"
60190004003083,0,1,-4.4838279314339164,"[-5,-3)",0,1,-6.676003022762368,"[-10,-5)","[-5,-3)","[-10,-5)"
60190004003084,0,2,-4.455984966829419,"[-5,-3)",0,2,-6.703460700572585,"[-10,-5)","[-5,-3)","[-10,-5)"
60190004003085,0,2,-4.372795294225217,"[-5,-3)",0,2,-6.701365221545387,"[-10,-5)","[-5,-3)","[-10,-5)"
60190004003086,0,2,-4.539049170166255,"[-5,-3)",0,2,-6.711930105842329,"[-10,-5)","[-5,-3)","[-10,-5)"
60190004003087,0,4,-4.652983213216067,"[-5,-3)",0,4,-6.740000775890676,"[-10,-5)","[-5,-3)","[-10,-5)"
60190004003088,12,2,-4.681285758689047,"[-5,-3)",12,2,-6.699179980911493,"[-10,-5)","[-5,-3)","[-10,-5)"
60190004003089,0,2,-4.750753152742982,"[-5,-3)",0,2,-6.779231142908182,"[-10,-5)","[-5,-3)","[-10,-5)"
60190004003091,0,2,-3.895283959060908,"[-5,-3)",0,2,-6.838607309514529,"[-10,-5)","[-5,-3)","[-10,-5)"
60190004004000,0,2,-4.240225090831519,"[-5,-3)",0,2,-6.429058616736624,"[-10,-5)","[-5,-3)","[-10,-5)"
60190004004001,26,1,-4.184291061758995,"[-5,-3)",26,1,-6.387489334942115,"[-10,-5)","[-5,-3)","[-10,-5)"
60190004004002,80,2,-4.144722539931536,"[-5,-3)",80,2,-6.364772262999447,"[-10,-5)","[-5,-3)","[-10,-5)"
60190004004003,97,3,-4.127603933215141,"[-5,-3)",97,3,-6.3815508661143285,"[-10,-5)","[-5,-3)","[-10,-5)"
60190004004004,11,10,-4.443719920143485,"[-5,-3)",11,10,-6.493815650797519,"[-10,-5)","[-5,-3)","[-10,-5)"
60190004004005,0,1,-4.120781470835209,"[-5,-3)",0,1,-6.411021078682263,"[-10,-5)","[-5,-3)","[-10,-5)"
60190004004007,63,2,-4.3065566048026085,"[-5,-3)",63,2,-6.467572595234868,"[-10,-5)","[-5,-3)","[-10,-5)"
60190004004008,93,1,-4.2593429736793045,"[-5,-3)",93,1,-6.431315723467017,"[-10,-5)","[-5,-3)","[-10,-5)"
60190004004009,36,1,-4.242861364781857,"[-5,-3)",36,1,-6.413961055357265,"[-10,-5)","[-5,-3)","[-10,-5)"
60190004004011,55,5,-4.3373539164662365,"[-5,-3)",55,5,-6.460285429860908,"[-10,-5)","[-5,-3)","[-10,-5)"
60190004004014,31,2,-4.446871838718653,"[-5,-3)",31,2,-6.586278627365629,"[-10,-5)","[-5,-3)","[-10,-5)"
60190004004015,55,2,-4.406795336678624,"[-5,-3)",55,2,-6.547426622563688,"[-10,-5)","[-5,-3)","[-10,-5)"
60190004004016,52,2,-4.360138510912657,"[-5,-3)",52,2,-6.50752673622029,"[-10,-5)","[-5,-3)","[-10,-5)"
60190004004017,53,1,-4.3304406166076665,"[-5,-3)",53,1,-6.476625450948136,"[-10,-5)","[-5,-3)","[-10,-5)"
60190004004018,13,1,-4.393681953102351,"[-5,-3)",13,1,-6.519183246639168,"[-10,-5)","[-5,-3)","[-10,-5)"
60190004004019,17,1,-4.472488291561604,"[-5,-3)",17,1,-6.631133581643205,"[-10,-5)","[-5,-3)","[-10,-5)"
60190004004020,41,3,-4.4908448427915575,"[-5,-3)",41,3,-6.65103282086935,"[-10,-5)","[-5,-3)","[-10,-5)"
60190004004021,52,2,-4.501287178695202,"[-5,-3)",52,2,-6.61505659615028,"[-10,-5)","[-5,-3)","[-10,-5)"
60190004004022,50,1,-4.556122074276209,"[-5,-3)",50,1,-6.664743054124969,"[-10,-5)","[-5,-3)","[-10,-5)"
60190004004023,89,2,-4.529937887191773,"[-5,-3)",89,2,-6.693915576301077,"[-10,-5)","[-5,-3)","[-10,-5)"
60190004004024,0,5,-4.52228199094534,"[-5,-3)",0,5,-6.530983489251046,"[-10,-5)","[-5,-3)","[-10,-5)"
60190005011000,67,2,-3.664105698466301,"[-5,-3)",67,2,-6.929113994356965,"[-10,-5)","[-5,-3)","[-10,-5)"
60190005011001,197,5,-3.3910479538142684,"[-5,-3)",197,5,-6.546004923698144,"[-10,-5)","[-5,-3)","[-10,-5)"
60190005011002,0,5,-3.3342816263437274,"[-5,-3)",0,5,-6.505104877173809,"[-10,-5)","[-5,-3)","[-10,-5)"
60190005011004,111,4,-3.3098967310041187,"[-5,-3)",111,4,-6.275226538648947,"[-10,-5)","[-5,-3)","[-10,-5)"
60190005011005,89,1,-3.3392294302582743,"[-5,-3)",89,1,-6.255144367540802,"[-10,-5)","[-5,-3)","[-10,-5)"
60190005011006,71,2,-3.433229756355286,"[-5,-3)",71,2,-6.370911559219429,"[-10,-5)","[-5,-3)","[-10,-5)"
60190005011007,106,2,-3.443803948536515,"[-5,-3)",106,2,-6.451176331115596,"[-10,-5)","[-5,-3)","[-10,-5)"
60190005011008,92,2,-3.4713979616761206,"[-5,-3)",92,2,-6.548239874082579,"[-10,-5)","[-5,-3)","[-10,-5)"
60190005011009,94,2,-3.518110425397753,"[-5,-3)",94,2,-6.661290356880075,"[-10,-5)","[-5,-3)","[-10,-5)"
60190005011010,95,2,-3.582413850724697,"[-5,-3)",95,2,-6.78895152955732,"[-10,-5)","[-5,-3)","[-10,-5)"
60190005011011,40,2,-3.466102846339345,"[-5,-3)",40,2,-6.262021356458851,"[-10,-5)","[-5,-3)","[-10,-5)"
60190005011012,97,2,-3.4414481353014708,"[-5,-3)",97,2,-6.307982423699949,"[-10,-5)","[-5,-3)","[-10,-5)"
60190005012000,0,3,-3.375784418731928,"[-5,-3)",0,3,-6.229053849898391,"[-10,-5)","[-5,-3)","[-10,-5)"
60190005012002,0,3,-3.4236049577593803,"[-5,-3)",0,3,-6.2574991894379774,"[-10,-5)","[-5,-3)","[-10,-5)"
60190005012003,0,4,-3.842822334542871,"[-5,-3)",0,4,-6.33707938705523,"[-10,-5)","[-5,-3)","[-10,-5)"
60190005012004,155,5,-3.89915590658784,"[-5,-3)",155,5,-6.311719176662234,"[-10,-5)","[-5,-3)","[-10,-5)"
60190005012005,798,6,-3.4982310689985754,"[-5,-3)",798,6,-6.220233067706234,"[-10,-5)","[-5,-3)","[-10,-5)"
60190005012006,66,2,-3.929286130517722,"[-5,-3)",66,2,-6.286172341662911,"[-10,-5)","[-5,-3)","[-10,-5)"
60190005012007,57,5,-3.9705354295670983,"[-5,-3)",57,5,-6.291714268709219,"[-10,-5)","[-5,-3)","[-10,-5)"
60190005012008,0,6,-3.623706013709307,"[-5,-3)",0,6,-6.218306601830884,"[-10,-5)","[-5,-3)","[-10,-5)"
60190005012009,246,3,-3.553227201104164,"[-5,-3)",246,3,-6.202569062920242,"[-10,-5)","[-5,-3)","[-10,-5)"
60190005012010,144,2,-3.742479991167784,"[-5,-3)",144,2,-6.232407127642198,"[-10,-5)","[-5,-3)","[-10,-5)"
60190005012011,55,2,-3.8348134495317936,"[-5,-3)",55,2,-6.25709270570639,"[-10,-5)","[-5,-3)","[-10,-5)"
60190005021001,61,2,-3.40556676350534,"[-5,-3)",61,2,-6.669712324845016,"[-10,-5)","[-5,-3)","[-10,-5)"
60190005021002,65,2,-3.378415015339852,"[-5,-3)",65,2,-6.6901103659109005,"[-10,-5)","[-5,-3)","[-10,-5)"
60190005021003,92,2,-3.361478509381413,"[-5,-3)",92,2,-6.622672982100699,"[-10,-5)","[-5,-3)","[-10,-5)"
60190005021004,139,2,-3.346149826794863,"[-5,-3)",139,2,-6.577838195779059,"[-10,-5)","[-5,-3)","[-10,-5)"
60190005021005,207,2,-3.2954223465174435,"[-5,-3)",207,2,-6.497930197863934,"[-10,-5)","[-5,-3)","[-10,-5)"
60190005021006,131,2,-3.317228876799345,"[-5,-3)",131,2,-6.564742659095874,"[-10,-5)","[-5,-3)","[-10,-5)"
60190005021007,79,2,-3.280036748573184,"[-5,-3)",79,2,-6.517038910028578,"[-10,-5)","[-5,-3)","[-10,-5)"
60190005021008,113,2,-3.2614593487232924,"[-5,-3)",113,2,-6.430600471170624,"[-10,-5)","[-5,-3)","[-10,-5)"
60190005021009,79,2,-3.2713920012116438,"[-5,-3)",79,2,-6.503283227858177,"[-10,-5)","[-5,-3)","[-10,-5)"
60190005021010,113,2,-3.247228096425533,"[-5,-3)",113,2,-6.430319256010407,"[-10,-5)","[-5,-3)","[-10,-5)"
60190005021011,54,1,-3.23941919580102,"[-5,-3)",54,1,-6.392435881204771,"[-10,-5)","[-5,-3)","[-10,-5)"
60190005021012,71,1,-3.248646012693644,"[-5,-3)",71,1,-6.359563249253921,"[-10,-5)","[-5,-3)","[-10,-5)"
60190005021013,62,4,-3.2525127086788417,"[-5,-3)",62,4,-6.321166017655523,"[-10,-5)","[-5,-3)","[-10,-5)"
60190005021014,82,1,-3.2617833830416205,"[-5,-3)",82,1,-6.39662627114773,"[-10,-5)","[-5,-3)","[-10,-5)"
60190005021015,61,1,-3.2821849130094054,"[-5,-3)",61,1,-6.478519534471703,"[-10,-5)","[-5,-3)","[-10,-5)"
60190005021016,30,4,-3.368026614189148,"[-5,-3)",30,4,-6.5272745737490645,"[-10,-5)","[-5,-3)","[-10,-5)"
60190005021017,15,3,-3.4591533534228804,"[-5,-3)",15,3,-6.789434424276886,"[-10,-5)","[-5,-3)","[-10,-5)"
60190005021018,135,3,-3.5421890281140804,"[-5,-3)",135,3,-7.0001191179776034,"[-10,-5)","[-5,-3)","[-10,-5)"
60190005021019,0,4,-3.554725877568126,"[-5,-3)",0,4,-6.7539467753917295,"[-10,-5)","[-5,-3)","[-10,-5)"
60190005021020,21,2,-3.4439235985279084,"[-5,-3)",21,2,-6.685945256926788,"[-10,-5)","[-5,-3)","[-10,-5)"
60190005021021,19,1,-3.5131780922412874,"[-5,-3)",19,1,-6.595464137098919,"[-10,-5)","[-5,-3)","[-10,-5)"
60190005021022,51,2,-3.4553005669265984,"[-5,-3)",51,2,-6.491420492988473,"[-10,-5)","[-5,-3)","[-10,-5)"
60190005021023,52,2,-3.371752228215337,"[-5,-3)",52,2,-6.392483602565292,"[-10,-5)","[-5,-3)","[-10,-5)"
60190005021024,26,3,-3.2948998890817167,"[-5,-3)",26,3,-6.315939676511237,"[-10,-5)","[-5,-3)","[-10,-5)"
60190005021025,0,1,-3.302031482756138,"[-5,-3)",0,1,-6.261483923041545,"[-10,-5)","[-5,-3)","[-10,-5)"
60190005021026,0,3,-3.492908276617527,"[-5,-3)",0,3,-6.40679717016465,"[-10,-5)","[-5,-3)","[-10,-5)"
60190005021027,166,11,-3.786795622855425,"[-5,-3)",166,11,-6.4529908790382935,"[-10,-5)","[-5,-3)","[-10,-5)"
60190005021028,339,5,-3.589128727465868,"[-5,-3)",339,5,-6.419734771868964,"[-10,-5)","[-5,-3)","[-10,-5)"
60190005022000,31,1,-3.398160812258721,"[-5,-3)",31,1,-6.749889891635944,"[-10,-5)","[-5,-3)","[-10,-5)"
60190005022001,83,1,-3.4281752184033394,"[-5,-3)",83,1,-6.804737641995636,"[-10,-5)","[-5,-3)","[-10,-5)"
60190005022002,185,2,-3.45881682895124,"[-5,-3)",185,2,-6.851909354704256,"[-10,-5)","[-5,-3)","[-10,-5)"
60190005022003,171,2,-3.5043448571115734,"[-5,-3)",171,2,-6.922519072766287,"[-10,-5)","[-5,-3)","[-10,-5)"
60190005022004,47,2,-3.552968882024288,"[-5,-3)",47,2,-6.996126430813948,"[-10,-5)","[-5,-3)","[-10,-5)"
60190005022005,77,2,-3.500176836177707,"[-5,-3)",77,2,-6.982776096152265,"[-10,-5)","[-5,-3)","[-10,-5)"
60190005022006,169,2,-3.4609167359769346,"[-5,-3)",169,2,-6.892291567655786,"[-10,-5)","[-5,-3)","[-10,-5)"
60190005022007,129,2,-3.4279265508055685,"[-5,-3)",129,2,-6.804087722514244,"[-10,-5)","[-5,-3)","[-10,-5)"
60190005022008,108,6,-3.390129217877984,"[-5,-3)",108,6,-6.702894577527823,"[-10,-5)","[-5,-3)","[-10,-5)"
60190005022009,0,2,-3.307838552445173,"[-5,-3)",0,2,-6.588143737206021,"[-10,-5)","[-5,-3)","[-10,-5)"
60190005022010,0,2,-3.3548635538667444,"[-5,-3)",0,2,-6.681022287288676,"[-10,-5)","[-5,-3)","[-10,-5)"
60190005022011,0,2,-3.4099198658019305,"[-5,-3)",0,2,-6.778901070164574,"[-10,-5)","[-5,-3)","[-10,-5)"
60190005022012,0,2,-3.4519658379256724,"[-5,-3)",0,2,-6.879537181889191,"[-10,-5)","[-5,-3)","[-10,-5)"
60190005022013,72,2,-3.48405488692224,"[-5,-3)",72,2,-6.982357682080547,"[-10,-5)","[-5,-3)","[-10,-5)"
60190005022014,0,1,-3.4942736774683,"[-5,-3)",0,1,-6.990495878383814,"[-10,-5)","[-5,-3)","[-10,-5)"
60190005022015,0,2,-3.466776179149747,"[-5,-3)",0,2,-6.885697782287977,"[-10,-5)","[-5,-3)","[-10,-5)"
60190005022016,22,2,-3.4123132914304737,"[-5,-3)",22,2,-6.778032995892225,"[-10,-5)","[-5,-3)","[-10,-5)"
60190005022017,0,3,-3.3546576082706454,"[-5,-3)",0,3,-6.671471197847104,"[-10,-5)","[-5,-3)","[-10,-5)"
60190006011001,91,2,-4.182237992808223,"[-5,-3)",91,2,-8.193557058252079,"[-10,-5)","[-5,-3)","[-10,-5)"
60190006011002,83,4,-4.33507389575243,"[-5,-3)",83,4,-8.36746704661214,"[-10,-5)","[-5,-3)","[-10,-5)"
60190006011003,114,2,-4.5316271804273125,"[-5,-3)",114,2,-8.535265292156804,"[-10,-5)","[-5,-3)","[-10,-5)"
60190006011004,48,2,-4.664912161231041,"[-5,-3)",48,2,-8.645901017300755,"[-10,-5)","[-5,-3)","[-10,-5)"
60190006011005,34,2,-4.811904233694077,"[-5,-3)",34,2,-8.755901025749182,"[-10,-5)","[-5,-3)","[-10,-5)"
60190006011006,74,2,-4.966391817480326,"[-5,-3)",74,2,-8.865653337612045,"[-10,-5)","[-5,-3)","[-10,-5)"
60190006011011,31,1,-4.207538075745106,"[-5,-3)",31,1,-8.213435277355137,"[-10,-5)","[-5,-3)","[-10,-5)"
60190006011012,182,3,-4.319350495934486,"[-5,-3)",182,3,-8.326849067415175,"[-10,-5)","[-5,-3)","[-10,-5)"
60190006011013,131,1,-4.579683896899224,"[-5,-3)",131,1,-8.544880578190508,"[-10,-5)","[-5,-3)","[-10,-5)"
60190006011017,0,2,-4.813594378530979,"[-5,-3)",0,2,-8.703905762903535,"[-10,-5)","[-5,-3)","[-10,-5)"
60190006011018,0,2,-4.655021946877241,"[-5,-3)",0,2,-8.584432496280101,"[-10,-5)","[-5,-3)","[-10,-5)"
60190006011019,97,1,-4.568010997027159,"[-5,-3)",97,1,-8.50923840299509,"[-10,-5)","[-5,-3)","[-10,-5)"
60190006011020,30,2,-4.435896826162935,"[-5,-3)",30,2,-8.419355788563763,"[-10,-5)","[-5,-3)","[-10,-5)"
60190006012001,23,2,-4.082121181860567,"[-5,-3)",23,2,-8.11198903872452,"[-10,-5)","[-5,-3)","[-10,-5)"
60190006012002,20,4,-4.303410931304097,"[-5,-3)",20,4,-8.407197067636538,"[-10,-5)","[-5,-3)","[-10,-5)"
60190006012004,0,1,-4.287033643573523,"[-5,-3)",0,1,-8.4089587811958,"[-10,-5)","[-5,-3)","[-10,-5)"
60190006012005,76,1,-4.386734873056412,"[-5,-3)",76,1,-8.529725637556236,"[-10,-5)","[-5,-3)","[-10,-5)"
60190006012006,77,1,-4.477882050722838,"[-5,-3)",77,1,-8.653206930352065,"[-10,-5)","[-5,-3)","[-10,-5)"
60190006012007,35,2,-4.631737604364753,"[-5,-3)",35,2,-8.845856926555596,"[-10,-5)","[-5,-3)","[-10,-5)"
60190006012008,67,1,-4.789887499809265,"[-5,-3)",67,1,-9.038199006361474,"[-10,-5)","[-5,-3)","[-10,-5)"
60190006012009,72,3,-4.939095439016819,"[-5,-3)",72,3,-9.111644452650223,"[-10,-5)","[-5,-3)","[-10,-5)"
60190006012010,97,5,-4.7433080278337005,"[-5,-3)",97,5,-8.954050908752848,"[-10,-5)","[-5,-3)","[-10,-5)"
60190006012011,79,2,-4.5806615352630615,"[-5,-3)",79,2,-8.730637962411535,"[-10,-5)","[-5,-3)","[-10,-5)"
60190006012012,26,1,-4.440139929950237,"[-5,-3)",26,1,-8.584458061294667,"[-10,-5)","[-5,-3)","[-10,-5)"
60190006012013,36,4,-4.878349578380585,"[-5,-3)",36,4,-8.935698068852183,"[-10,-5)","[-5,-3)","[-10,-5)"
60190006012014,86,1,-4.704222647845746,"[-5,-3)",86,1,-8.802263463718955,"[-10,-5)","[-5,-3)","[-10,-5)"
60190006012015,0,1,-4.591035175323486,"[-5,-3)",0,1,-8.686247155176176,"[-10,-5)","[-5,-3)","[-10,-5)"
60190006012017,0,1,-5.054962049424648,"[-10,-5)",0,1,-8.968090646640642,"[-10,-5)","[-10,-5)","[-10,-5)"
60190006012019,0,1,-4.169256323575974,"[-5,-3)",0,1,-8.23146599807228,"[-10,-5)","[-5,-3)","[-10,-5)"
60190006012021,124,3,-4.027151307463647,"[-5,-3)",124,3,-7.994972570000804,"[-10,-5)","[-5,-3)","[-10,-5)"
60190006012023,44,3,-4.482150844484568,"[-5,-3)",44,3,-8.571404564857657,"[-10,-5)","[-5,-3)","[-10,-5)"
60190006012024,53,2,-4.410439906641841,"[-5,-3)",53,2,-8.477927509378459,"[-10,-5)","[-5,-3)","[-10,-5)"
60190006012025,40,3,-4.141214226186276,"[-5,-3)",40,3,-8.173128339168716,"[-10,-5)","[-5,-3)","[-10,-5)"
60190006012026,55,4,-4.256094824150205,"[-5,-3)",55,4,-8.306048803453464,"[-10,-5)","[-5,-3)","[-10,-5)"
60190006012027,68,2,-4.122713044658303,"[-5,-3)",68,2,-8.128799172024031,"[-10,-5)","[-5,-3)","[-10,-5)"
60190006012029,34,2,-4.748591646552086,"[-5,-3)",34,2,-8.781633065076246,"[-10,-5)","[-5,-3)","[-10,-5)"
60190006013000,352,4,-3.76346671320498,"[-5,-3)",352,4,-7.450116492744908,"[-10,-5)","[-5,-3)","[-10,-5)"
60190006013001,294,8,-3.843635755777359,"[-5,-3)",294,8,-7.606590289004327,"[-10,-5)","[-5,-3)","[-10,-5)"
60190006013002,187,2,-3.898449787124992,"[-5,-3)",187,2,-7.730779732703612,"[-10,-5)","[-5,-3)","[-10,-5)"
60190006013003,121,1,-3.930260646343232,"[-5,-3)",121,1,-7.817613861175892,"[-10,-5)","[-5,-3)","[-10,-5)"
60190006013005,149,3,-3.984054317325354,"[-5,-3)",149,3,-7.932781979346541,"[-10,-5)","[-5,-3)","[-10,-5)"
60190006013006,170,2,-3.933213006332517,"[-5,-3)",170,2,-7.836637356625319,"[-10,-5)","[-5,-3)","[-10,-5)"
60190006014000,248,2,-3.739318846911192,"[-5,-3)",248,2,-7.545349864724739,"[-10,-5)","[-5,-3)","[-10,-5)"
60190006014001,325,4,-3.845182831585407,"[-5,-3)",325,4,-7.731079695541178,"[-10,-5)","[-5,-3)","[-10,-5)"
60190006014002,240,2,-3.9630118153989313,"[-5,-3)",240,2,-7.920157975154228,"[-10,-5)","[-5,-3)","[-10,-5)"
60190006014003,0,3,-4.069776226580143,"[-5,-3)",0,3,-8.061642151206897,"[-10,-5)","[-5,-3)","[-10,-5)"
60190006014004,0,1,-3.989400670677424,"[-5,-3)",0,1,-7.959630925754388,"[-10,-5)","[-5,-3)","[-10,-5)"
60190006014005,0,2,-3.856478046253324,"[-5,-3)",0,2,-7.769721783167967,"[-10,-5)","[-5,-3)","[-10,-5)"
60190006014006,20,1,-3.749516205489636,"[-5,-3)",20,1,-7.579504724183894,"[-10,-5)","[-5,-3)","[-10,-5)"
60190006021000,119,2,-3.604104563221336,"[-5,-3)",119,2,-7.072585708264222,"[-10,-5)","[-5,-3)","[-10,-5)"
60190006021001,29,2,-3.6538905981928114,"[-5,-3)",29,2,-7.152299980180084,"[-10,-5)","[-5,-3)","[-10,-5)"
60190006021002,8,2,-3.69956183731556,"[-5,-3)",8,2,-7.235761799175491,"[-10,-5)","[-5,-3)","[-10,-5)"
60190006021003,151,4,-3.712337277084589,"[-5,-3)",151,4,-7.349516740152118,"[-10,-5)","[-5,-3)","[-10,-5)"
60190006021004,17,2,-3.64241370856762,"[-5,-3)",17,2,-7.271810458102497,"[-10,-5)","[-5,-3)","[-10,-5)"
60190006021005,79,2,-3.5940235901623963,"[-5,-3)",79,2,-7.171914879633119,"[-10,-5)","[-5,-3)","[-10,-5)"
60190006021006,138,2,-3.5441481370478867,"[-5,-3)",138,2,-7.075858882295724,"[-10,-5)","[-5,-3)","[-10,-5)"
60190006021007,125,2,-3.522823329269886,"[-5,-3)",125,2,-7.087471080022688,"[-10,-5)","[-5,-3)","[-10,-5)"
60190006021008,37,2,-3.5684799492359165,"[-5,-3)",37,2,-7.195993430629246,"[-10,-5)","[-5,-3)","[-10,-5)"
60190006021009,13,2,-3.620644364878536,"[-5,-3)",13,2,-7.30842325168424,"[-10,-5)","[-5,-3)","[-10,-5)"
60190006021010,293,3,-3.678529838472605,"[-5,-3)",293,3,-7.435971938297398,"[-10,-5)","[-5,-3)","[-10,-5)"
60190006021011,0,1,-3.692804380506277,"[-5,-3)",0,1,-7.471195983476815,"[-10,-5)","[-5,-3)","[-10,-5)"
60190006021012,0,1,-3.6360125049948695,"[-5,-3)",0,1,-7.34864639343403,"[-10,-5)","[-5,-3)","[-10,-5)"
60190006021013,0,4,-3.66451035104692,"[-5,-3)",0,4,-7.367940025870697,"[-10,-5)","[-5,-3)","[-10,-5)"
60190006021014,0,1,-3.585880719870329,"[-5,-3)",0,1,-7.229187329596465,"[-10,-5)","[-5,-3)","[-10,-5)"
60190006021015,69,1,-3.5726718150079253,"[-5,-3)",69,1,-7.21569013812889,"[-10,-5)","[-5,-3)","[-10,-5)"
60190006021016,0,1,-3.6215134240686897,"[-5,-3)",0,1,-7.333745966722541,"[-10,-5)","[-5,-3)","[-10,-5)"
60190006021017,0,2,-3.614399855956435,"[-5,-3)",0,2,-7.195809930635811,"[-10,-5)","[-5,-3)","[-10,-5)"
60190006021018,44,1,-3.5654857188463214,"[-5,-3)",44,1,-7.125637090267129,"[-10,-5)","[-5,-3)","[-10,-5)"
60190006021019,21,1,-3.5422869622707367,"[-5,-3)",21,1,-7.113253965323164,"[-10,-5)","[-5,-3)","[-10,-5)"
60190006021020,98,1,-3.5272596046328544,"[-5,-3)",98,1,-7.101407705685069,"[-10,-5)","[-5,-3)","[-10,-5)"
60190006021021,17,2,-3.690638048574328,"[-5,-3)",17,2,-7.323164039082556,"[-10,-5)","[-5,-3)","[-10,-5)"
60190006021022,44,1,-3.744171839207411,"[-5,-3)",44,1,-7.3879801567326675,"[-10,-5)","[-5,-3)","[-10,-5)"
60190006021023,0,1,-3.7559693567454815,"[-5,-3)",0,1,-7.502232479270447,"[-10,-5)","[-5,-3)","[-10,-5)"
60190006021024,3,2,-3.778782621771098,"[-5,-3)",3,2,-7.6130659071937,"[-10,-5)","[-5,-3)","[-10,-5)"
60190006021025,16,3,-3.8414942622184753,"[-5,-3)",16,3,-7.733474285238787,"[-10,-5)","[-5,-3)","[-10,-5)"
60190006021026,57,3,-4.021232677996159,"[-5,-3)",57,3,-7.979290990066488,"[-10,-5)","[-5,-3)","[-10,-5)"
60190006021027,190,2,-3.9369985163211823,"[-5,-3)",190,2,-7.858419033090618,"[-10,-5)","[-5,-3)","[-10,-5)"
60190006021028,7,2,-3.872947448864579,"[-5,-3)",7,2,-7.739427524963879,"[-10,-5)","[-5,-3)","[-10,-5)"
60190006021029,0,1,-3.754774843901396,"[-5,-3)",0,1,-7.59616629634321,"[-10,-5)","[-5,-3)","[-10,-5)"
60190006021030,0,1,-3.706768088042736,"[-5,-3)",0,1,-7.484467066593346,"[-10,-5)","[-5,-3)","[-10,-5)"
60190006021031,0,1,-3.5796521075069907,"[-5,-3)",0,1,-7.023037301368185,"[-10,-5)","[-5,-3)","[-10,-5)"
60190006021032,13,2,-3.6367665980011226,"[-5,-3)",13,2,-7.089971906558604,"[-10,-5)","[-5,-3)","[-10,-5)"
60190006021033,0,2,-3.702024952322245,"[-5,-3)",0,2,-7.212009628198649,"[-10,-5)","[-5,-3)","[-10,-5)"
60190006021034,0,2,-3.775310359150171,"[-5,-3)",0,2,-7.331624354569344,"[-10,-5)","[-5,-3)","[-10,-5)"
60190006021035,0,2,-3.814603813737631,"[-5,-3)",0,2,-7.215344442320825,"[-10,-5)","[-5,-3)","[-10,-5)"
60190006021036,0,2,-3.7451006524264816,"[-5,-3)",0,2,-7.099833752955002,"[-10,-5)","[-5,-3)","[-10,-5)"
60190006021037,0,2,-3.715190709382296,"[-5,-3)",0,2,-6.984799709082962,"[-10,-5)","[-5,-3)","[-10,-5)"
60190006021038,0,4,-3.667732526734471,"[-5,-3)",0,4,-6.870178114112574,"[-10,-5)","[-5,-3)","[-10,-5)"
60190006021039,0,3,-3.7912395626306536,"[-5,-3)",0,3,-6.620500239918371,"[-10,-5)","[-5,-3)","[-10,-5)"
60190006021040,0,1,-3.8876433916389934,"[-5,-3)",0,1,-6.628150996610595,"[-10,-5)","[-5,-3)","[-10,-5)"
60190006021041,0,1,-4.001071867346764,"[-5,-3)",0,1,-6.556033226744933,"[-10,-5)","[-5,-3)","[-10,-5)"
60190006021042,9,1,-3.806113064289093,"[-5,-3)",9,1,-6.71867728129753,"[-10,-5)","[-5,-3)","[-10,-5)"
60190006021043,0,3,-3.905572438985109,"[-5,-3)",0,3,-6.822783133610083,"[-10,-5)","[-5,-3)","[-10,-5)"
60190006021044,0,1,-3.902705381065607,"[-5,-3)",0,1,-6.930868038411858,"[-10,-5)","[-5,-3)","[-10,-5)"
60190006021045,0,2,-3.816704998165369,"[-5,-3)",0,2,-6.98723917958392,"[-10,-5)","[-5,-3)","[-10,-5)"
60190006021046,0,2,-3.887058909237385,"[-5,-3)",0,2,-7.098841830389871,"[-10,-5)","[-5,-3)","[-10,-5)"
60190006021047,0,2,-3.9883445430547,"[-5,-3)",0,2,-6.985337710611702,"[-10,-5)","[-5,-3)","[-10,-5)"
60190006021048,0,2,-4.109332116320729,"[-5,-3)",0,2,-6.879876344415756,"[-10,-5)","[-5,-3)","[-10,-5)"
60190006021049,0,1,-4.01958993896842,"[-5,-3)",0,1,-6.72747278253084,"[-10,-5)","[-5,-3)","[-10,-5)"
60190006021050,0,5,-4.1323169790208345,"[-5,-3)",0,5,-6.591945822983306,"[-10,-5)","[-5,-3)","[-10,-5)"
60190006021051,0,1,-4.118765730410814,"[-5,-3)",0,1,-6.507283584526202,"[-10,-5)","[-5,-3)","[-10,-5)"
60190006021052,0,7,-4.2610649116337305,"[-5,-3)",0,7,-6.733956638336019,"[-10,-5)","[-5,-3)","[-10,-5)"
60190006021053,0,4,-4.312520227208734,"[-5,-3)",0,4,-6.846437305364427,"[-10,-5)","[-5,-3)","[-10,-5)"
60190006021054,5,2,-4.331850016862154,"[-5,-3)",5,2,-6.98741671440729,"[-10,-5)","[-5,-3)","[-10,-5)"
60190006021055,0,1,-4.349318064004183,"[-5,-3)",0,1,-7.028834878560146,"[-10,-5)","[-5,-3)","[-10,-5)"
60190006021056,0,2,-4.359346379712224,"[-5,-3)",0,2,-7.108921263465792,"[-10,-5)","[-5,-3)","[-10,-5)"
60190006021057,0,2,-4.359721510112285,"[-5,-3)",0,2,-7.155039697574324,"[-10,-5)","[-5,-3)","[-10,-5)"
60190006021058,0,2,-4.344387859851122,"[-5,-3)",0,2,-7.047861782678182,"[-10,-5)","[-5,-3)","[-10,-5)"
60190006021059,0,1,-4.349749542027712,"[-5,-3)",0,1,-6.996561604172992,"[-10,-5)","[-5,-3)","[-10,-5)"
60190006021060,0,2,-4.353488355875015,"[-5,-3)",0,2,-6.976728549929,"[-10,-5)","[-5,-3)","[-10,-5)"
60190006021061,10,2,-4.3445496641099455,"[-5,-3)",10,2,-6.898815759372834,"[-10,-5)","[-5,-3)","[-10,-5)"
60190006021062,0,1,-4.019371077418327,"[-5,-3)",0,1,-6.825493593265433,"[-10,-5)","[-5,-3)","[-10,-5)"
60190007011000,68,2,-4.13627053834498,"[-5,-3)",68,2,-8.465356907661015,"[-10,-5)","[-5,-3)","[-10,-5)"
60190007011001,34,2,-4.25042173974216,"[-5,-3)",34,2,-8.572547036953004,"[-10,-5)","[-5,-3)","[-10,-5)"
60190007011005,241,14,-4.388241923600436,"[-5,-3)",241,14,-9.2484428455888,"[-10,-5)","[-5,-3)","[-10,-5)"
60190007011006,71,12,-4.2916196588426825,"[-5,-3)",71,12,-8.943288037620885,"[-10,-5)","[-5,-3)","[-10,-5)"
60190007011007,252,5,-4.307412180304527,"[-5,-3)",252,5,-8.666600157427073,"[-10,-5)","[-5,-3)","[-10,-5)"
60190007011008,65,16,-4.433903369307519,"[-5,-3)",65,16,-8.878980379704903,"[-10,-5)","[-5,-3)","[-10,-5)"
60190007011009,50,2,-4.36444278806448,"[-5,-3)",50,2,-8.87180115550355,"[-10,-5)","[-5,-3)","[-10,-5)"
60190007011010,80,2,-4.409288257732988,"[-5,-3)",80,2,-8.941490248985513,"[-10,-5)","[-5,-3)","[-10,-5)"
60190007011011,254,6,-4.317990630492568,"[-5,-3)",254,6,-8.749501534492069,"[-10,-5)","[-5,-3)","[-10,-5)"
60190007011012,40,1,-4.304564141482115,"[-5,-3)",40,1,-8.787812981263814,"[-10,-5)","[-5,-3)","[-10,-5)"
60190007011013,56,2,-4.49040612615645,"[-5,-3)",56,2,-8.908350320604598,"[-10,-5)","[-5,-3)","[-10,-5)"
60190007011014,59,2,-4.432601412758231,"[-5,-3)",59,2,-8.819154836953642,"[-10,-5)","[-5,-3)","[-10,-5)"
60190007011015,53,2,-4.378432611376048,"[-5,-3)",53,2,-8.740073441176126,"[-10,-5)","[-5,-3)","[-10,-5)"
60190007011016,91,4,-4.311371700838208,"[-5,-3)",91,4,-8.655906595890155,"[-10,-5)","[-5,-3)","[-10,-5)"
60190007011017,79,2,-4.264009039476514,"[-5,-3)",79,2,-8.599841666781439,"[-10,-5)","[-5,-3)","[-10,-5)"
60190007011018,75,2,-4.250656072050333,"[-5,-3)",75,2,-8.579550430665293,"[-10,-5)","[-5,-3)","[-10,-5)"
60190007011019,62,2,-4.135949200764299,"[-5,-3)",62,2,-8.471273220142844,"[-10,-5)","[-5,-3)","[-10,-5)"
60190007011020,58,2,-4.150636769458652,"[-5,-3)",58,2,-8.489751896726315,"[-10,-5)","[-5,-3)","[-10,-5)"
60190007011021,98,4,-4.198013340309263,"[-5,-3)",98,4,-8.541128486219483,"[-10,-5)","[-5,-3)","[-10,-5)"
60190007011022,63,2,-4.270616330578923,"[-5,-3)",63,2,-8.617051182419603,"[-10,-5)","[-5,-3)","[-10,-5)"
60190007011023,81,2,-4.32918095625937,"[-5,-3)",81,2,-8.686929172953633,"[-10,-5)","[-5,-3)","[-10,-5)"
60190007011024,53,2,-4.392585516348481,"[-5,-3)",53,2,-8.766385238222385,"[-10,-5)","[-5,-3)","[-10,-5)"
60190007011025,86,2,-4.3312547475099565,"[-5,-3)",86,2,-8.995402887923552,"[-10,-5)","[-5,-3)","[-10,-5)"
60190007011026,64,2,-4.320211748778821,"[-5,-3)",64,2,-9.147652207553923,"[-10,-5)","[-5,-3)","[-10,-5)"
60190007011027,64,12,-4.43872272334993,"[-5,-3)",64,12,-9.46303131701363,"[-10,-5)","[-5,-3)","[-10,-5)"
60190007011028,78,2,-4.362067246064544,"[-5,-3)",78,2,-9.217989516182977,"[-10,-5)","[-5,-3)","[-10,-5)"
60190007011029,76,2,-4.379834773018956,"[-5,-3)",76,2,-9.073744886668695,"[-10,-5)","[-5,-3)","[-10,-5)"
60190007011030,68,2,-4.42681889757514,"[-5,-3)",68,2,-9.157785895271866,"[-10,-5)","[-5,-3)","[-10,-5)"
60190007011031,47,2,-4.416320072114468,"[-5,-3)",47,2,-9.284648019216087,"[-10,-5)","[-5,-3)","[-10,-5)"
60190007011032,31,2,-4.48648549541831,"[-5,-3)",31,2,-9.364597205210233,"[-10,-5)","[-5,-3)","[-10,-5)"
60190007011033,77,2,-4.497058126330376,"[-5,-3)",77,2,-9.24208993946934,"[-10,-5)","[-5,-3)","[-10,-5)"
60190007011034,0,4,-4.578184936568141,"[-5,-3)",0,4,-9.66489636474506,"[-10,-5)","[-5,-3)","[-10,-5)"
60190007021000,4,2,-4.98359047472477,"[-5,-3)",4,2,-9.237706675694271,"[-10,-5)","[-5,-3)","[-10,-5)"
60190007021001,0,5,-5.170681048929692,"[-10,-5)",0,5,-9.33911570302591,"[-10,-5)","[-10,-5)","[-10,-5)"
60190007021003,0,1,-5.0914049103856085,"[-10,-5)",0,1,-9.320606064369244,"[-10,-5)","[-10,-5)","[-10,-5)"
60190007021004,10,2,-5.006983680278063,"[-10,-5)",10,2,-9.210124013368404,"[-10,-5)","[-10,-5)","[-10,-5)"
60190007021005,0,1,-5.183817283809185,"[-10,-5)",0,1,-9.430712309655975,"[-10,-5)","[-10,-5)","[-10,-5)"
60190007021006,0,4,-5.347507555782795,"[-10,-5)",0,4,-9.552662542135064,"[-10,-5)","[-10,-5)","[-10,-5)"
60190007021007,0,4,-5.286282527446748,"[-10,-5)",0,4,-9.35979950414349,"[-10,-5)","[-10,-5)","[-10,-5)"
60190007021008,0,12,-5.488158888369799,"[-10,-5)",0,12,-9.44678957920462,"[-10,-5)","[-10,-5)","[-10,-5)"
60190007021009,0,16,-5.568899213522673,"[-10,-5)",0,16,-9.690612496951946,"[-10,-5)","[-10,-5)","[-10,-5)"
60190007021010,9,7,-5.782004790008068,"[-10,-5)",9,7,-9.926152065924422,"[-10,-5)","[-10,-5)","[-10,-5)"
60190007021013,0,6,-5.74910515844822,"[-10,-5)",0,6,-9.942318813024045,"[-10,-5)","[-10,-5)","[-10,-5)"
60190007021014,0,46,-6.888334313035012,"[-10,-5)",0,46,-10.787656129529614,<-10,"[-10,-5)",<-10
60190007021016,0,28,-6.986981827765703,"[-10,-5)",0,28,-11.52431940967554,<-10,"[-10,-5)",<-10
60190007021018,24,3,-6.804045081138611,"[-10,-5)",24,3,-11.461458447528234,<-10,"[-10,-5)",<-10
60190007021019,17,24,-6.649190457165242,"[-10,-5)",17,24,-10.56402133567302,<-10,"[-10,-5)",<-10
60190007021021,0,30,-5.723976673185826,"[-10,-5)",0,30,-9.846733496010366,"[-10,-5)","[-10,-5)","[-10,-5)"
60190007021022,6,19,-5.40249091386795,"[-10,-5)",6,19,-9.660333861812315,"[-10,-5)","[-10,-5)","[-10,-5)"
60190007021024,0,8,-5.522081860899926,"[-10,-5)",0,8,-9.556726243228068,"[-10,-5)","[-10,-5)","[-10,-5)"
60190007021025,0,2,-5.510884154587984,"[-10,-5)",0,2,-9.394140988208973,"[-10,-5)","[-10,-5)","[-10,-5)"
60190007021026,0,1,-5.181497521698475,"[-10,-5)",0,1,-9.07554551586124,"[-10,-5)","[-10,-5)","[-10,-5)"
60190007021027,0,1,-5.159244042634964,"[-10,-5)",0,1,-8.976627657171125,"[-10,-5)","[-10,-5)","[-10,-5)"
60190007021028,0,3,-5.289984722435475,"[-10,-5)",0,3,-9.073658249674892,"[-10,-5)","[-10,-5)","[-10,-5)"
60190007021029,0,5,-5.44712674766779,"[-10,-5)",0,5,-9.322696146337812,"[-10,-5)","[-10,-5)","[-10,-5)"
60190007021030,0,1,-5.410815033316612,"[-10,-5)",0,1,-9.406202846136567,"[-10,-5)","[-10,-5)","[-10,-5)"
60190007021032,0,2,-5.218531110137701,"[-10,-5)",0,2,-9.506942354142314,"[-10,-5)","[-10,-5)","[-10,-5)"
60190007021034,0,3,-6.298522022366524,"[-10,-5)",0,3,-10.497449469633708,<-10,"[-10,-5)",<-10
60190007021035,0,13,-6.659123535454273,"[-10,-5)",0,13,-11.403849675595495,<-10,"[-10,-5)",<-10
60190007021036,74,19,-6.840238139033318,"[-10,-5)",74,19,-11.398844613855058,<-10,"[-10,-5)",<-10
60190007021037,4,5,-6.585892063379288,"[-10,-5)",4,5,-10.81415227873646,<-10,"[-10,-5)",<-10
60190007021040,0,1,-6.3768670767545705,"[-10,-5)",0,1,-10.436764942393054,<-10,"[-10,-5)",<-10
60190007021042,3,24,-6.464612958580256,"[-10,-5)",3,24,-11.182671963694336,<-10,"[-10,-5)",<-10
60190007021043,43,18,-5.011427620053292,"[-10,-5)",43,18,-9.360300294373252,"[-10,-5)","[-10,-5)","[-10,-5)"
60190007021044,66,8,-4.829344461858273,"[-5,-3)",66,8,-9.148314057375446,"[-10,-5)","[-5,-3)","[-10,-5)"
60190007021045,39,8,-5.085961758345366,"[-10,-5)",39,8,-9.32448541330166,"[-10,-5)","[-10,-5)","[-10,-5)"
60190007021046,0,15,-5.3355363115668295,"[-10,-5)",0,15,-9.44585077505864,"[-10,-5)","[-10,-5)","[-10,-5)"
60190007021047,14,11,-6.038574680685997,"[-10,-5)",14,11,-10.113458405972386,<-10,"[-10,-5)",<-10
60190007021048,92,25,-5.399135604500771,"[-10,-5)",92,25,-9.638277503468302,"[-10,-5)","[-10,-5)","[-10,-5)"
60190007021049,21,5,-5.013595229387284,"[-10,-5)",21,5,-9.255520377843329,"[-10,-5)","[-10,-5)","[-10,-5)"
60190007021050,5,5,-4.908476395905018,"[-5,-3)",5,5,-9.25114137490402,"[-10,-5)","[-5,-3)","[-10,-5)"
60190007021051,14,70,-4.29074733518064,"[-5,-3)",14,70,-8.815913477162487,"[-10,-5)","[-5,-3)","[-10,-5)"
60190007021052,24,2,-4.609022415429354,"[-5,-3)",24,2,-9.054060961676337,"[-10,-5)","[-5,-3)","[-10,-5)"
60190007021053,55,2,-4.636550855264067,"[-5,-3)",55,2,-8.949539251793519,"[-10,-5)","[-5,-3)","[-10,-5)"
60190007021054,24,2,-4.531996207684278,"[-5,-3)",24,2,-8.856445671532798,"[-10,-5)","[-5,-3)","[-10,-5)"
60190007021055,71,2,-4.432667837664485,"[-5,-3)",71,2,-8.763593254576143,"[-10,-5)","[-5,-3)","[-10,-5)"
60190007021056,65,2,-4.351860236003995,"[-5,-3)",65,2,-8.681158296999106,"[-10,-5)","[-5,-3)","[-10,-5)"
60190007021058,8,9,-4.240293502807617,"[-5,-3)",8,9,-8.848891777840207,"[-10,-5)","[-5,-3)","[-10,-5)"
60190007021059,12,6,-4.285715506598354,"[-5,-3)",12,6,-8.950088047439518,"[-10,-5)","[-5,-3)","[-10,-5)"
60190007021060,155,13,-4.498797664046288,"[-5,-3)",155,13,-9.11613139676214,"[-10,-5)","[-5,-3)","[-10,-5)"
60190007021061,66,2,-4.618601369485259,"[-5,-3)",66,2,-9.18386732313132,"[-10,-5)","[-5,-3)","[-10,-5)"
60190007021063,218,9,-4.866255135834217,"[-5,-3)",218,9,-9.290660910641831,"[-10,-5)","[-5,-3)","[-10,-5)"
60190007021064,56,2,-4.670592484250665,"[-5,-3)",56,2,-9.19495827861687,"[-10,-5)","[-5,-3)","[-10,-5)"
60190007021065,72,19,-5.684951189160347,"[-10,-5)",72,19,-10.715763331792129,<-10,"[-10,-5)",<-10
60190007021067,59,6,-4.803415187448263,"[-5,-3)",59,6,-9.370302180238324,"[-10,-5)","[-5,-3)","[-10,-5)"
60190007021068,25,24,-4.584683648496866,"[-5,-3)",25,24,-9.522371124488153,"[-10,-5)","[-5,-3)","[-10,-5)"
60190007021070,0,1,-4.597702078521252,"[-5,-3)",0,1,-9.091725897635296,"[-10,-5)","[-5,-3)","[-10,-5)"
60190007021071,42,8,-4.695701240748168,"[-5,-3)",42,8,-9.849550760615454,"[-10,-5)","[-5,-3)","[-10,-5)"
60190007021072,0,19,-4.714198590070009,"[-5,-3)",0,19,-9.968008243993497,"[-10,-5)","[-5,-3)","[-10,-5)"
60190007021073,14,15,-4.603081644326449,"[-5,-3)",14,15,-9.990670209126993,"[-10,-5)","[-5,-3)","[-10,-5)"
60190009011000,10,8,-5.267779784649611,"[-10,-5)",10,8,-8.665947113332791,"[-10,-5)","[-10,-5)","[-10,-5)"
60190009011001,353,30,-4.877768786251545,"[-5,-3)",353,30,-9.543177353619928,"[-10,-5)","[-5,-3)","[-10,-5)"
60190009011002,20,1,-4.447823361307383,"[-5,-3)",20,1,-9.60306368429471,"[-10,-5)","[-5,-3)","[-10,-5)"
60190009011003,38,2,-4.372480343654752,"[-5,-3)",38,2,-9.48476385183982,"[-10,-5)","[-5,-3)","[-10,-5)"
60190009011004,56,2,-4.3071318615227945,"[-5,-3)",56,2,-9.531964538231616,"[-10,-5)","[-5,-3)","[-10,-5)"
60190009011005,32,2,-4.539907726272941,"[-5,-3)",32,2,-9.455005038663016,"[-10,-5)","[-5,-3)","[-10,-5)"
60190009011006,58,2,-4.455605720356108,"[-5,-3)",58,2,-9.571252284504034,"[-10,-5)","[-5,-3)","[-10,-5)"
60190009011007,95,8,-4.567731387913227,"[-5,-3)",95,8,-9.223224094943063,"[-10,-5)","[-5,-3)","[-10,-5)"
60190009011008,48,2,-5.06288847103715,"[-10,-5)",48,2,-8.976396435817168,"[-10,-5)","[-10,-5)","[-10,-5)"
60190009011009,80,2,-4.896912217140198,"[-5,-3)",80,2,-9.10706689476446,"[-10,-5)","[-5,-3)","[-10,-5)"
60190009011010,84,2,-4.750888131558895,"[-5,-3)",84,2,-9.22988804207307,"[-10,-5)","[-5,-3)","[-10,-5)"
60190009011011,47,2,-4.542519587650896,"[-5,-3)",47,2,-9.298289795043814,"[-10,-5)","[-5,-3)","[-10,-5)"
60190009011012,175,6,-4.399436649307608,"[-5,-3)",175,6,-9.401382136556716,"[-10,-5)","[-5,-3)","[-10,-5)"
60190009011013,55,2,-4.622821763902903,"[-5,-3)",55,2,-9.358427799084208,"[-10,-5)","[-5,-3)","[-10,-5)"
60190009011014,42,2,-4.441380003467202,"[-5,-3)",42,2,-9.457276348179278,"[-10,-5)","[-5,-3)","[-10,-5)"
60190009012000,809,36,-3.92100430727005,"[-5,-3)",809,36,-7.6077594623371105,"[-10,-5)","[-5,-3)","[-10,-5)"
60190009012001,281,11,-4.551882518827916,"[-5,-3)",281,11,-7.927375262821712,"[-10,-5)","[-5,-3)","[-10,-5)"
60190009012002,0,1,-4.763557121157646,"[-5,-3)",0,1,-8.012628905282426,"[-10,-5)","[-5,-3)","[-10,-5)"
60190009012003,14,48,-5.1533038392663,"[-10,-5)",14,48,-8.55156242083071,"[-10,-5)","[-10,-5)","[-10,-5)"
60190009012004,62,2,-4.395502960681915,"[-5,-3)",62,2,-8.265371172555849,"[-10,-5)","[-5,-3)","[-10,-5)"
60190009012005,68,2,-4.5097522381693125,"[-5,-3)",68,2,-8.212356717796201,"[-10,-5)","[-5,-3)","[-10,-5)"
60190009012006,66,2,-4.197803562507033,"[-5,-3)",66,2,-7.974328820739376,"[-10,-5)","[-5,-3)","[-10,-5)"
60190009012007,86,2,-4.127842665463686,"[-5,-3)",86,2,-8.026072978330848,"[-10,-5)","[-5,-3)","[-10,-5)"
60190009012008,95,2,-4.072811901569367,"[-5,-3)",95,2,-8.078852519012212,"[-10,-5)","[-5,-3)","[-10,-5)"
60190009012009,68,2,-4.279063648357988,"[-5,-3)",68,2,-8.32958622830796,"[-10,-5)","[-5,-3)","[-10,-5)"
60190009012010,12,2,-4.2157872542738914,"[-5,-3)",12,2,-8.39429582506405,"[-10,-5)","[-5,-3)","[-10,-5)"
60190009012011,98,2,-4.050354463979602,"[-5,-3)",98,2,-8.131773803496555,"[-10,-5)","[-5,-3)","[-10,-5)"
60190009021000,190,4,-3.842829289287329,"[-5,-3)",190,4,-6.90240338308349,"[-10,-5)","[-5,-3)","[-10,-5)"
60190009021001,81,2,-3.815670728310943,"[-5,-3)",81,2,-7.018100412999921,"[-10,-5)","[-5,-3)","[-10,-5)"
60190009021002,135,4,-3.8399363994598392,"[-5,-3)",135,4,-6.971682300109539,"[-10,-5)","[-5,-3)","[-10,-5)"
60190009021003,97,2,-3.901432804763317,"[-5,-3)",97,2,-7.121738141490214,"[-10,-5)","[-5,-3)","[-10,-5)"
60190009021004,109,2,-3.955894698947669,"[-5,-3)",109,2,-7.217478836981305,"[-10,-5)","[-5,-3)","[-10,-5)"
60190009021005,562,14,-3.9627287998795513,"[-5,-3)",562,14,-7.330409448266061,"[-10,-5)","[-5,-3)","[-10,-5)"
60190009021006,95,3,-3.987604927271605,"[-5,-3)",95,3,-7.301755611829909,"[-10,-5)","[-5,-3)","[-10,-5)"
60190009021007,54,1,-4.042107698321343,"[-5,-3)",54,1,-7.32491353824597,"[-10,-5)","[-5,-3)","[-10,-5)"
60190009021008,147,2,-3.886921659484506,"[-5,-3)",147,2,-7.167983548504421,"[-10,-5)","[-5,-3)","[-10,-5)"
60190009021009,13,6,-3.8303692258894446,"[-5,-3)",13,6,-7.030161986871799,"[-10,-5)","[-5,-3)","[-10,-5)"
60190009021010,101,3,-3.8452004313468935,"[-5,-3)",101,3,-6.853095287324366,"[-10,-5)","[-5,-3)","[-10,-5)"
60190009021011,52,2,-3.8443065337836746,"[-5,-3)",52,2,-6.935173470920361,"[-10,-5)","[-5,-3)","[-10,-5)"
60190009022000,230,5,-3.793518447875977,"[-5,-3)",230,5,-7.207415026969842,"[-10,-5)","[-5,-3)","[-10,-5)"
60190009022001,83,2,-3.811977191269398,"[-5,-3)",83,2,-7.278712443923675,"[-10,-5)","[-5,-3)","[-10,-5)"
60190009022002,84,2,-3.8061503928154714,"[-5,-3)",84,2,-7.101135864363524,"[-10,-5)","[-5,-3)","[-10,-5)"
60190009022003,262,8,-3.9607378978282215,"[-5,-3)",262,8,-7.546267080636195,"[-10,-5)","[-5,-3)","[-10,-5)"
60190009022004,220,4,-4.395611823722721,"[-5,-3)",220,4,-7.733391340969311,"[-10,-5)","[-5,-3)","[-10,-5)"
60190009022005,139,3,-4.342639238387346,"[-5,-3)",139,3,-7.644531895232028,"[-10,-5)","[-5,-3)","[-10,-5)"
60190009022006,107,2,-4.18751437291503,"[-5,-3)",107,2,-7.511793794717844,"[-10,-5)","[-5,-3)","[-10,-5)"
60190009022007,45,1,-4.376336252689362,"[-5,-3)",45,1,-7.637007827389762,"[-10,-5)","[-5,-3)","[-10,-5)"
60190009022008,52,1,-4.249509248882532,"[-5,-3)",52,1,-7.539031897458517,"[-10,-5)","[-5,-3)","[-10,-5)"
60190009022009,73,1,-4.139131493121385,"[-5,-3)",73,1,-7.434903320688571,"[-10,-5)","[-5,-3)","[-10,-5)"
60190009022010,145,4,-4.407649350911379,"[-5,-3)",145,4,-7.685516590360145,"[-10,-5)","[-5,-3)","[-10,-5)"
60190009023000,215,3,-3.96948114708066,"[-5,-3)",215,3,-7.65764390714682,"[-10,-5)","[-5,-3)","[-10,-5)"
60190009023001,251,3,-4.0125020608305935,"[-5,-3)",251,3,-7.751653851151844,"[-10,-5)","[-5,-3)","[-10,-5)"
60190009023002,0,24,-4.326352504268288,"[-5,-3)",0,24,-8.099513027560967,"[-10,-5)","[-5,-3)","[-10,-5)"
60190009023003,0,2,-4.190914107486606,"[-5,-3)",0,2,-8.388962678970024,"[-10,-5)","[-5,-3)","[-10,-5)"
60190009023004,55,2,-4.315365711227059,"[-5,-3)",55,2,-8.632091648599767,"[-10,-5)","[-5,-3)","[-10,-5)"
60190009023006,0,2,-4.550232966989279,"[-5,-3)",0,2,-9.000896809553621,"[-10,-5)","[-5,-3)","[-10,-5)"
60190009023007,61,4,-4.634676480665803,"[-5,-3)",61,4,-9.191763503963369,"[-10,-5)","[-5,-3)","[-10,-5)"
60190009023008,33,2,-4.443827647715807,"[-5,-3)",33,2,-8.847226075113422,"[-10,-5)","[-5,-3)","[-10,-5)"
60190009023009,102,2,-4.504833956435324,"[-5,-3)",102,2,-8.95164950171802,"[-10,-5)","[-5,-3)","[-10,-5)"
60190009023010,63,2,-4.374112153798341,"[-5,-3)",63,2,-8.705413246595732,"[-10,-5)","[-5,-3)","[-10,-5)"
60190009023011,144,4,-4.313261830061674,"[-5,-3)",144,4,-8.459999332775293,"[-10,-5)","[-5,-3)","[-10,-5)"
60190009023012,112,4,-5.169682120531798,"[-10,-5)",112,4,-8.358551673866089,"[-10,-5)","[-10,-5)","[-10,-5)"
60190009023013,84,24,-4.875628428161145,"[-5,-3)",84,24,-9.08801215318612,"[-10,-5)","[-5,-3)","[-10,-5)"
60190009023014,19,1,-4.848171664774418,"[-5,-3)",19,1,-9.56745673200825,"[-10,-5)","[-5,-3)","[-10,-5)"
60190009023015,0,2,-4.6415271878242494,"[-5,-3)",0,2,-9.13698506319872,"[-10,-5)","[-5,-3)","[-10,-5)"
60190009023016,245,4,-4.490878197178245,"[-5,-3)",245,4,-8.710223162058323,"[-10,-5)","[-5,-3)","[-10,-5)"
60190009023017,46,2,-4.444079153984785,"[-5,-3)",46,2,-8.79244593001447,"[-10,-5)","[-5,-3)","[-10,-5)"
60190009023018,47,2,-4.561820990592242,"[-5,-3)",47,2,-9.06408642416595,"[-10,-5)","[-5,-3)","[-10,-5)"
60190009023019,69,2,-4.62712788619101,"[-5,-3)",69,2,-9.181848823203534,"[-10,-5)","[-5,-3)","[-10,-5)"
60190009023020,71,2,-4.732840143889189,"[-5,-3)",71,2,-9.396896044611951,"[-10,-5)","[-5,-3)","[-10,-5)"
60190009023021,49,1,-4.945894056558609,"[-5,-3)",49,1,-8.459218463608185,"[-10,-5)","[-5,-3)","[-10,-5)"
60190009023022,49,1,-4.985351586341858,"[-5,-3)",49,1,-8.346313133282276,"[-10,-5)","[-5,-3)","[-10,-5)"
60190009023023,51,2,-4.9970926143229,"[-5,-3)",51,2,-8.189043981014162,"[-10,-5)","[-5,-3)","[-10,-5)"
60190009023024,263,12,-4.77192382067442,"[-5,-3)",263,12,-7.951706907462034,"[-10,-5)","[-5,-3)","[-10,-5)"
60190009023025,104,2,-4.272574871778488,"[-5,-3)",104,2,-7.8007594151844675,"[-10,-5)","[-5,-3)","[-10,-5)"
60190010001000,88,7,-3.9687379829585554,"[-5,-3)",88,7,-7.866270901230754,"[-10,-5)","[-5,-3)","[-10,-5)"
60190010001001,89,2,-3.9592033121734858,"[-5,-3)",89,2,-7.945798264484573,"[-10,-5)","[-5,-3)","[-10,-5)"
60190010001002,69,2,-4.074721049889922,"[-5,-3)",69,2,-8.188221639712314,"[-10,-5)","[-5,-3)","[-10,-5)"
60190010001003,81,2,-4.20507865101099,"[-5,-3)",81,2,-8.477242366988111,"[-10,-5)","[-5,-3)","[-10,-5)"
60190010001004,66,2,-4.247190054506064,"[-5,-3)",66,2,-8.571133291647548,"[-10,-5)","[-5,-3)","[-10,-5)"
60190010001005,81,2,-4.117390110343695,"[-5,-3)",81,2,-8.258099630246344,"[-10,-5)","[-5,-3)","[-10,-5)"
60190010001006,96,2,-4.00945148281753,"[-5,-3)",96,2,-8.0066946972904,"[-10,-5)","[-5,-3)","[-10,-5)"
60190010001007,100,2,-4.095193404704332,"[-5,-3)",100,2,-8.082031386545541,"[-10,-5)","[-5,-3)","[-10,-5)"
60190010001008,181,4,-4.25256962031126,"[-5,-3)",181,4,-8.377103352768929,"[-10,-5)","[-5,-3)","[-10,-5)"
60190010001009,72,2,-4.319749613106251,"[-5,-3)",72,2,-8.66409052516392,"[-10,-5)","[-5,-3)","[-10,-5)"
60190010001010,77,2,-4.415209725871682,"[-5,-3)",77,2,-8.749118911440743,"[-10,-5)","[-5,-3)","[-10,-5)"
60190010001011,195,3,-4.452240901440383,"[-5,-3)",195,3,-8.577383369597314,"[-10,-5)","[-5,-3)","[-10,-5)"
60190010001012,213,4,-4.6797430828213695,"[-5,-3)",213,4,-8.832394673941259,"[-10,-5)","[-5,-3)","[-10,-5)"
60190010001013,425,7,-4.6531938426196575,"[-5,-3)",425,7,-8.904028696920204,"[-10,-5)","[-5,-3)","[-10,-5)"
60190010001015,59,1,-4.21864153817296,"[-5,-3)",59,1,-8.210039675309439,"[-10,-5)","[-5,-3)","[-10,-5)"
60190010001016,34,20,-4.403700333461165,"[-5,-3)",34,20,-8.198190575114168,"[-10,-5)","[-5,-3)","[-10,-5)"
60190010002000,647,15,-4.662730642408133,"[-5,-3)",647,15,-9.326917214298248,"[-10,-5)","[-5,-3)","[-10,-5)"
60190010002001,61,2,-4.480014034733177,"[-5,-3)",61,2,-9.177743365920076,"[-10,-5)","[-5,-3)","[-10,-5)"
60190010002002,78,2,-4.427400683239103,"[-5,-3)",78,2,-8.960470852021613,"[-10,-5)","[-5,-3)","[-10,-5)"
60190010002003,33,39,-4.61860548555851,"[-5,-3)",33,39,-9.842815799556105,"[-10,-5)","[-5,-3)","[-10,-5)"
60190010002004,51,46,-4.715637938305736,"[-5,-3)",51,46,-10.35071083092073,<-10,"[-5,-3)",<-10
60190010002005,30,43,-5.249463258683682,"[-10,-5)",30,43,-11.024159215495482,<-10,"[-10,-5)",<-10
60190010002006,34,2,-4.890395195782185,"[-5,-3)",34,2,-10.688324117603544,<-10,"[-5,-3)",<-10
60190010002008,43,38,-5.015484365075826,"[-10,-5)",43,38,-10.307255419162743,<-10,"[-10,-5)",<-10
60190010002009,64,2,-4.919524788111449,"[-5,-3)",64,2,-9.999965648422911,"[-10,-5)","[-5,-3)","[-10,-5)"
60190010002010,102,2,-4.92387817427516,"[-5,-3)",102,2,-9.94694608066035,"[-10,-5)","[-5,-3)","[-10,-5)"
60190010002011,380,34,-4.872397736459971,"[-5,-3)",380,34,-8.862247225504802,"[-10,-5)","[-5,-3)","[-10,-5)"
60190010002012,52,2,-4.921529457718134,"[-5,-3)",52,2,-9.32933140384036,"[-10,-5)","[-5,-3)","[-10,-5)"
60190010002013,39,2,-4.933653138577938,"[-5,-3)",39,2,-9.514298260999883,"[-10,-5)","[-5,-3)","[-10,-5)"
60190010002014,161,2,-4.993296459317207,"[-5,-3)",161,2,-9.23353815804155,"[-10,-5)","[-5,-3)","[-10,-5)"
60190010002015,143,20,-4.703922316431999,"[-5,-3)",143,20,-8.574433450972204,"[-10,-5)","[-5,-3)","[-10,-5)"
60190010002016,35,2,-4.943215202540159,"[-5,-3)",35,2,-10.646269668643727,<-10,"[-5,-3)",<-10
60190010002020,19,20,-4.9337752014398575,"[-5,-3)",19,20,-10.99769203997181,<-10,"[-5,-3)",<-10
60190010002021,5,6,-5.208758132904768,"[-10,-5)",5,6,-10.36290420664548,<-10,"[-10,-5)",<-10
60190010002022,0,16,-5.045563492923975,"[-10,-5)",0,16,-10.184960911154176,<-10,"[-10,-5)",<-10
60190010002023,108,8,-4.898707108944654,"[-5,-3)",108,8,-9.733833846798804,"[-10,-5)","[-5,-3)","[-10,-5)"
60190010002024,205,4,-4.88839081004262,"[-5,-3)",205,4,-9.561746359921528,"[-10,-5)","[-5,-3)","[-10,-5)"
60190010002025,258,6,-4.924546397477389,"[-5,-3)",258,6,-9.818802865430692,"[-10,-5)","[-5,-3)","[-10,-5)"
60190010002026,35,18,-4.970014813542367,"[-5,-3)",35,18,-9.707346787374917,"[-10,-5)","[-5,-3)","[-10,-5)"
60190011001001,0,5,-4.589569569379091,"[-5,-3)",0,5,-7.2019009373838365,"[-10,-5)","[-5,-3)","[-10,-5)"
60190011001002,0,11,-4.853161481022835,"[-5,-3)",0,11,-7.223331236926722,"[-10,-5)","[-5,-3)","[-10,-5)"
60190011001003,0,3,-4.955764684081077,"[-5,-3)",0,3,-7.197536705341833,"[-10,-5)","[-5,-3)","[-10,-5)"
60190011001005,48,29,-4.497755587846041,"[-5,-3)",48,29,-7.265528281856666,"[-10,-5)","[-5,-3)","[-10,-5)"
60190011001006,0,3,-4.511060723662377,"[-5,-3)",0,3,-7.357975351304603,"[-10,-5)","[-5,-3)","[-10,-5)"
60190011001007,0,20,-4.386518282443285,"[-5,-3)",0,20,-7.324781452337381,"[-10,-5)","[-5,-3)","[-10,-5)"
60190011001008,0,5,-4.367920728027821,"[-5,-3)",0,5,-7.428100186257044,"[-10,-5)","[-5,-3)","[-10,-5)"
60190011001009,0,1,-4.266439651697874,"[-5,-3)",0,1,-7.3646779300121725,"[-10,-5)","[-5,-3)","[-10,-5)"
60190011001010,0,15,-3.992842843383551,"[-5,-3)",0,15,-7.183210071179476,"[-10,-5)","[-5,-3)","[-10,-5)"
60190011001011,0,2,-4.160812838003039,"[-5,-3)",0,2,-7.3302026557038,"[-10,-5)","[-5,-3)","[-10,-5)"
60190011001012,71,2,-4.0818384502083065,"[-5,-3)",71,2,-7.323902583947773,"[-10,-5)","[-5,-3)","[-10,-5)"
60190011001014,58,3,-4.012578421086073,"[-5,-3)",58,3,-7.482715010928476,"[-10,-5)","[-5,-3)","[-10,-5)"
60190011001015,94,3,-3.904693018645048,"[-5,-3)",94,3,-7.376512259310138,"[-10,-5)","[-5,-3)","[-10,-5)"
60190011001016,64,2,-3.937798311933875,"[-5,-3)",64,2,-7.328023948351406,"[-10,-5)","[-5,-3)","[-10,-5)"
60190011001017,121,2,-3.873562305048108,"[-5,-3)",121,2,-7.204792056475448,"[-10,-5)","[-5,-3)","[-10,-5)"
60190011001018,89,2,-3.851748394221068,"[-5,-3)",89,2,-7.083627522110664,"[-10,-5)","[-5,-3)","[-10,-5)"
60190011001019,133,4,-3.81262781471014,"[-5,-3)",133,4,-7.152723507254715,"[-10,-5)","[-5,-3)","[-10,-5)"
60190011001020,126,4,-3.787579238042236,"[-5,-3)",126,4,-7.173509284374838,"[-10,-5)","[-5,-3)","[-10,-5)"
60190011001021,155,4,-3.7794132325798273,"[-5,-3)",155,4,-7.208669985129276,"[-10,-5)","[-5,-3)","[-10,-5)"
60190011001022,94,4,-3.7953354813158513,"[-5,-3)",94,4,-7.255956740403441,"[-10,-5)","[-5,-3)","[-10,-5)"
60190011001023,74,4,-3.8404851146042343,"[-5,-3)",74,4,-7.517633128100262,"[-10,-5)","[-5,-3)","[-10,-5)"
60190011001024,127,4,-3.852619582414627,"[-5,-3)",127,4,-7.469399047008597,"[-10,-5)","[-5,-3)","[-10,-5)"
60190011001025,150,4,-3.8805846098810433,"[-5,-3)",150,4,-7.430779115727764,"[-10,-5)","[-5,-3)","[-10,-5)"
60190011001026,0,4,-3.9670760829001663,"[-5,-3)",0,4,-7.703209852885027,"[-10,-5)","[-5,-3)","[-10,-5)"
60190011001027,114,29,-4.2231314644217495,"[-5,-3)",114,29,-7.879928868234372,"[-10,-5)","[-5,-3)","[-10,-5)"
60190011001028,0,1,-4.195962258428335,"[-5,-3)",0,1,-7.631723822934845,"[-10,-5)","[-5,-3)","[-10,-5)"
60190011001029,0,30,-4.401707728207112,"[-5,-3)",0,30,-7.871653188963888,"[-10,-5)","[-5,-3)","[-10,-5)"
60190011001030,11,5,-4.224988523125648,"[-5,-3)",11,5,-7.478533710768473,"[-10,-5)","[-5,-3)","[-10,-5)"
60190011001031,9,40,-4.397631538286805,"[-5,-3)",9,40,-7.768621635374509,"[-10,-5)","[-5,-3)","[-10,-5)"
60190011001032,0,20,-4.524615236744285,"[-5,-3)",0,20,-7.572197958965432,"[-10,-5)","[-5,-3)","[-10,-5)"
60190011001033,0,1,-4.72914504557848,"[-5,-3)",0,1,-7.246212493074043,"[-10,-5)","[-5,-3)","[-10,-5)"
60190011001034,0,5,-4.74316666200757,"[-5,-3)",0,5,-7.296018254450035,"[-10,-5)","[-5,-3)","[-10,-5)"
60190011001035,0,1,-4.680028369277716,"[-5,-3)",0,1,-7.341827919993764,"[-10,-5)","[-5,-3)","[-10,-5)"
60190011002000,0,1,-4.263174895942211,"[-5,-3)",0,1,-6.7316762390368,"[-10,-5)","[-5,-3)","[-10,-5)"
60190011002001,0,1,-4.306913709640504,"[-5,-3)",0,1,-6.777062661561616,"[-10,-5)","[-5,-3)","[-10,-5)"
60190011002002,0,2,-4.218360935524107,"[-5,-3)",0,2,-6.745820509428593,"[-10,-5)","[-5,-3)","[-10,-5)"
60190011002003,0,2,-4.352334719896317,"[-5,-3)",0,2,-7.057171424759972,"[-10,-5)","[-5,-3)","[-10,-5)"
60190011002004,0,1,-4.289069254696369,"[-5,-3)",0,1,-6.949545269941783,"[-10,-5)","[-5,-3)","[-10,-5)"
60190011002006,11,1,-4.244736874848605,"[-5,-3)",11,1,-6.874123932082861,"[-10,-5)","[-5,-3)","[-10,-5)"
60190011002007,29,1,-4.256741047650576,"[-5,-3)",29,1,-7.001047412062039,"[-10,-5)","[-5,-3)","[-10,-5)"
60190011002008,24,1,-4.168435947597027,"[-5,-3)",24,1,-6.753611589645207,"[-10,-5)","[-5,-3)","[-10,-5)"
60190011002009,35,8,-4.090780832245946,"[-5,-3)",35,8,-6.841446730465576,"[-10,-5)","[-5,-3)","[-10,-5)"
60190011002010,16,2,-4.140989829227328,"[-5,-3)",16,2,-7.053763608318425,"[-10,-5)","[-5,-3)","[-10,-5)"
60190011002011,25,2,-4.198435166850686,"[-5,-3)",25,2,-6.952848269823612,"[-10,-5)","[-5,-3)","[-10,-5)"
60190011002012,46,2,-4.1916242010891445,"[-5,-3)",46,2,-6.827380575396065,"[-10,-5)","[-5,-3)","[-10,-5)"
60190011002013,0,2,-4.02239099778235,"[-5,-3)",0,2,-6.887182257467065,"[-10,-5)","[-5,-3)","[-10,-5)"
60190011002015,83,2,-4.119984230026603,"[-5,-3)",83,2,-6.807995477018398,"[-10,-5)","[-5,-3)","[-10,-5)"
60190011002017,53,5,-4.00969177633524,"[-5,-3)",53,5,-6.73968661026724,"[-10,-5)","[-5,-3)","[-10,-5)"
60190011002018,34,1,-4.024706359952688,"[-5,-3)",34,1,-6.732330703409669,"[-10,-5)","[-5,-3)","[-10,-5)"
60190011002020,144,6,-3.944093491137028,"[-5,-3)",144,6,-6.757775278350731,"[-10,-5)","[-5,-3)","[-10,-5)"
60190011002021,124,2,-3.860046397894621,"[-5,-3)",124,2,-6.789659964516494,"[-10,-5)","[-5,-3)","[-10,-5)"
60190011002022,91,2,-3.889881541952491,"[-5,-3)",91,2,-6.773394366027222,"[-10,-5)","[-5,-3)","[-10,-5)"
60190011002023,103,5,-3.8820259451866153,"[-5,-3)",103,5,-6.806798750281028,"[-10,-5)","[-5,-3)","[-10,-5)"
60190011002024,56,2,-3.805910667032004,"[-5,-3)",56,2,-6.908172838759429,"[-10,-5)","[-5,-3)","[-10,-5)"
60190011002025,110,2,-3.8083832915872335,"[-5,-3)",110,2,-6.8678261327725725,"[-10,-5)","[-5,-3)","[-10,-5)"
60190011002026,80,2,-3.830767065659166,"[-5,-3)",80,2,-6.84719601818558,"[-10,-5)","[-5,-3)","[-10,-5)"
60190011002027,79,2,-3.867996522411704,"[-5,-3)",79,2,-6.843732526823425,"[-10,-5)","[-5,-3)","[-10,-5)"
60190011002028,87,2,-3.9237163737416263,"[-5,-3)",87,2,-6.854824050420412,"[-10,-5)","[-5,-3)","[-10,-5)"
60190011002029,108,2,-3.87631822898984,"[-5,-3)",108,2,-6.96173552105364,"[-10,-5)","[-5,-3)","[-10,-5)"
60190011002031,0,1,-3.9454106345772746,"[-5,-3)",0,1,-6.951683073270873,"[-10,-5)","[-5,-3)","[-10,-5)"
60190011002034,135,4,-3.792761090397835,"[-5,-3)",135,4,-7.014778097329309,"[-10,-5)","[-5,-3)","[-10,-5)"
60190011002035,23,2,-3.796912647038698,"[-5,-3)",23,2,-6.964536878538556,"[-10,-5)","[-5,-3)","[-10,-5)"
60190011002036,0,2,-3.827133992314339,"[-5,-3)",0,2,-6.955250244969875,"[-10,-5)","[-5,-3)","[-10,-5)"
60190011002037,0,1,-4.423914085328579,"[-5,-3)",0,1,-7.145032982762057,"[-10,-5)","[-5,-3)","[-10,-5)"
60190011002038,36,1,-4.3619975566864015,"[-5,-3)",36,1,-6.96911443642432,"[-10,-5)","[-5,-3)","[-10,-5)"
60190011002039,0,3,-4.3542814806103705,"[-5,-3)",0,3,-6.896935310523703,"[-10,-5)","[-5,-3)","[-10,-5)"
60190011002040,16,2,-4.422189450636506,"[-5,-3)",16,2,-7.013562622914591,"[-10,-5)","[-5,-3)","[-10,-5)"
60190011002041,0,1,-4.279587525129318,"[-5,-3)",0,1,-6.823346132041953,"[-10,-5)","[-5,-3)","[-10,-5)"
60190011002042,51,2,-4.484427600726486,"[-5,-3)",51,2,-7.124452577925607,"[-10,-5)","[-5,-3)","[-10,-5)"
60190011002043,0,3,-4.540338778495789,"[-5,-3)",0,3,-7.105253251987114,"[-10,-5)","[-5,-3)","[-10,-5)"
60190011002045,5,1,-4.358725420385599,"[-5,-3)",5,1,-7.135155797356918,"[-10,-5)","[-5,-3)","[-10,-5)"
60190011002046,14,2,-4.290067899227143,"[-5,-3)",14,2,-7.096643523192977,"[-10,-5)","[-5,-3)","[-10,-5)"
60190011002047,4,2,-4.218785316869616,"[-5,-3)",4,2,-7.073489857612678,"[-10,-5)","[-5,-3)","[-10,-5)"
60190011002048,6,4,-3.998217015713453,"[-5,-3)",6,4,-7.002122562952366,"[-10,-5)","[-5,-3)","[-10,-5)"
60190011002049,0,1,-3.92324373498559,"[-5,-3)",0,1,-7.006698416503826,"[-10,-5)","[-5,-3)","[-10,-5)"
60190012011000,49,28,-4.904894560575485,"[-5,-3)",49,28,-5.885715420231556,"[-10,-5)","[-5,-3)","[-10,-5)"
60190012011001,0,4,-5.119419756531716,"[-10,-5)",0,4,-6.277641012246775,"[-10,-5)","[-10,-5)","[-10,-5)"
60190012011002,34,43,-5.182736317813396,"[-10,-5)",34,43,-6.550504366261626,"[-10,-5)","[-10,-5)","[-10,-5)"
60190012011003,0,16,-5.273552790284157,"[-10,-5)",0,16,-6.846129673022491,"[-10,-5)","[-10,-5)","[-10,-5)"
60190012011004,10,2,-5.201612629741431,"[-10,-5)",10,2,-6.643121016972843,"[-10,-5)","[-10,-5)","[-10,-5)"
60190012011005,49,3,-5.326516149938107,"[-10,-5)",49,3,-6.783118729456403,"[-10,-5)","[-10,-5)","[-10,-5)"
60190012011008,0,1,-4.977510040998459,"[-5,-3)",0,1,-6.934759601740121,"[-10,-5)","[-5,-3)","[-10,-5)"
60190012011011,0,23,-4.649252347648144,"[-5,-3)",0,23,-6.879173306515211,"[-10,-5)","[-5,-3)","[-10,-5)"
60190012011014,0,3,-4.386074598133564,"[-5,-3)",0,3,-6.749299055743769,"[-10,-5)","[-5,-3)","[-10,-5)"
60190012011015,0,9,-5.201790046691895,"[-10,-5)",0,9,-6.961496630195315,"[-10,-5)","[-10,-5)","[-10,-5)"
60190012011016,0,5,-5.063942469656467,"[-10,-5)",0,5,-6.951405834890699,"[-10,-5)","[-10,-5)","[-10,-5)"
60190012011017,0,2,-4.9280033312737945,"[-5,-3)",0,2,-6.916193720051412,"[-10,-5)","[-5,-3)","[-10,-5)"
60190012011018,0,12,-5.019466169178486,"[-10,-5)",0,12,-7.0433950065222,"[-10,-5)","[-10,-5)","[-10,-5)"
60190012011019,0,2,-4.913421645015479,"[-5,-3)",0,2,-6.905056179428208,"[-10,-5)","[-5,-3)","[-10,-5)"
60190012011020,0,6,-4.878006666898727,"[-5,-3)",0,6,-7.163310547897613,"[-10,-5)","[-5,-3)","[-10,-5)"
60190012011022,12,2,-4.731128850951791,"[-5,-3)",12,2,-7.119860249142539,"[-10,-5)","[-5,-3)","[-10,-5)"
60190012011023,22,2,-4.782412143051625,"[-5,-3)",22,2,-7.02874085611769,"[-10,-5)","[-5,-3)","[-10,-5)"
60190012011024,35,2,-4.678297489508987,"[-5,-3)",35,2,-7.031864332786126,"[-10,-5)","[-5,-3)","[-10,-5)"
60190012011025,28,4,-4.579375617206097,"[-5,-3)",28,4,-7.02871358676882,"[-10,-5)","[-5,-3)","[-10,-5)"
60190012011026,0,33,-5.239850382506847,"[-10,-5)",0,33,-6.943523856844519,"[-10,-5)","[-10,-5)","[-10,-5)"
60190012011027,0,35,-5.063261188566685,"[-10,-5)",0,35,-7.047667772623203,"[-10,-5)","[-10,-5)","[-10,-5)"
60190012011028,144,4,-5.116067853569985,"[-10,-5)",144,4,-6.705734282534586,"[-10,-5)","[-10,-5)","[-10,-5)"
60190012011029,0,16,-4.803481044620275,"[-5,-3)",0,16,-6.108307161493891,"[-10,-5)","[-5,-3)","[-10,-5)"
60190012011030,79,8,-4.444789957255125,"[-5,-3)",79,8,-5.934306559359982,"[-10,-5)","[-5,-3)","[-10,-5)"
60190012011031,129,3,-4.392037794739008,"[-5,-3)",129,3,-5.863190085898126,"[-10,-5)","[-5,-3)","[-10,-5)"
60190012011032,99,2,-4.334242590889335,"[-5,-3)",99,2,-5.840802802643349,"[-10,-5)","[-5,-3)","[-10,-5)"
60190012011033,76,2,-4.13294191248715,"[-5,-3)",76,2,-5.916040356453121,"[-10,-5)","[-5,-3)","[-10,-5)"
60190012011034,0,1,-4.696276923269034,"[-5,-3)",0,1,-7.174120288222947,"[-10,-5)","[-5,-3)","[-10,-5)"
60190012011035,154,8,-4.993178654462099,"[-5,-3)",154,8,-6.709968417058024,"[-10,-5)","[-5,-3)","[-10,-5)"
60190012012000,86,3,-4.578309696167707,"[-5,-3)",86,3,-6.160410081456429,"[-10,-5)","[-5,-3)","[-10,-5)"
60190012012002,58,4,-4.7282422062009575,"[-5,-3)",58,4,-6.339402962823494,"[-10,-5)","[-5,-3)","[-10,-5)"
60190012012003,112,2,-4.834268988668919,"[-5,-3)",112,2,-6.444439381666222,"[-10,-5)","[-5,-3)","[-10,-5)"
60190012012004,128,2,-4.909009782224894,"[-5,-3)",128,2,-6.514905935646686,"[-10,-5)","[-5,-3)","[-10,-5)"
60190012012005,95,2,-4.7233093053102495,"[-5,-3)",95,2,-6.533636569651481,"[-10,-5)","[-5,-3)","[-10,-5)"
60190012012006,120,2,-4.644804007932544,"[-5,-3)",120,2,-6.466474151775716,"[-10,-5)","[-5,-3)","[-10,-5)"
60190012012007,142,4,-4.511132825911045,"[-5,-3)",142,4,-6.379626672684719,"[-10,-5)","[-5,-3)","[-10,-5)"
60190012012009,91,3,-4.431326991319657,"[-5,-3)",91,3,-6.275231083540424,"[-10,-5)","[-5,-3)","[-10,-5)"
60190012012010,133,3,-4.3486932724714285,"[-5,-3)",133,3,-6.222966535874692,"[-10,-5)","[-5,-3)","[-10,-5)"
60190012012011,93,2,-4.175452575087547,"[-5,-3)",93,2,-6.351805687611959,"[-10,-5)","[-5,-3)","[-10,-5)"
60190012012012,11,2,-4.237559862434864,"[-5,-3)",11,2,-6.3883429223728765,"[-10,-5)","[-5,-3)","[-10,-5)"
60190012012013,115,4,-4.354916065558792,"[-5,-3)",115,4,-6.455140328651795,"[-10,-5)","[-5,-3)","[-10,-5)"
60190012012014,104,2,-4.50168402493,"[-5,-3)",104,2,-6.530579846076632,"[-10,-5)","[-5,-3)","[-10,-5)"
60190012012015,88,2,-4.600257308408618,"[-5,-3)",88,2,-6.585740057725455,"[-10,-5)","[-5,-3)","[-10,-5)"
60190012012016,253,15,-4.849830016493797,"[-5,-3)",253,15,-6.8367433358970064,"[-10,-5)","[-5,-3)","[-10,-5)"
60190012012017,55,2,-4.607257329672575,"[-5,-3)",55,2,-6.740773691497697,"[-10,-5)","[-5,-3)","[-10,-5)"
60190012012018,105,3,-4.765193331241608,"[-5,-3)",105,3,-6.745843233885984,"[-10,-5)","[-5,-3)","[-10,-5)"
60190012012019,74,2,-4.502629444375634,"[-5,-3)",74,2,-6.676631069953521,"[-10,-5)","[-5,-3)","[-10,-5)"
60190012012020,98,2,-4.3966364420950415,"[-5,-3)",98,2,-6.61973272136998,"[-10,-5)","[-5,-3)","[-10,-5)"
60190012012021,90,4,-4.259530467912555,"[-5,-3)",90,4,-6.554435413334605,"[-10,-5)","[-5,-3)","[-10,-5)"
60190012012022,39,4,-4.141078963503242,"[-5,-3)",39,4,-6.483236847770423,"[-10,-5)","[-5,-3)","[-10,-5)"
60190012012023,0,1,-4.640891893208027,"[-5,-3)",0,1,-6.892531310681265,"[-10,-5)","[-5,-3)","[-10,-5)"
60190012012024,0,2,-4.933119752258063,"[-5,-3)",0,2,-7.109906084637988,"[-10,-5)","[-5,-3)","[-10,-5)"
60190012012025,0,7,-4.588555596023798,"[-5,-3)",0,7,-7.012457362118221,"[-10,-5)","[-5,-3)","[-10,-5)"
60190012012026,0,1,-4.492578987032175,"[-5,-3)",0,1,-6.885597510619738,"[-10,-5)","[-5,-3)","[-10,-5)"
60190012012027,56,5,-4.331576368957758,"[-5,-3)",56,5,-6.705085783331781,"[-10,-5)","[-5,-3)","[-10,-5)"
60190012013000,109,1,-4.022785147279501,"[-5,-3)",109,1,-5.991621901736655,"[-10,-5)","[-5,-3)","[-10,-5)"
60190012013001,344,9,-3.98936092928052,"[-5,-3)",344,9,-6.221550234067777,"[-10,-5)","[-5,-3)","[-10,-5)"
60190012013003,127,3,-4.18010033145547,"[-5,-3)",127,3,-6.001406484977921,"[-10,-5)","[-5,-3)","[-10,-5)"
60190012013004,87,2,-4.044156651198865,"[-5,-3)",87,2,-6.104880881430715,"[-10,-5)","[-5,-3)","[-10,-5)"
60190012013005,0,1,-4.1395226620137695,"[-5,-3)",0,1,-6.122771562679184,"[-10,-5)","[-5,-3)","[-10,-5)"
60190012013006,147,4,-3.968405290693045,"[-5,-3)",147,4,-6.131273350300711,"[-10,-5)","[-5,-3)","[-10,-5)"
60190012013007,131,3,-4.124823170900345,"[-5,-3)",131,3,-6.051031586917654,"[-10,-5)","[-5,-3)","[-10,-5)"
60190012013008,213,4,-4.053007202222943,"[-5,-3)",213,4,-6.286218358689128,"[-10,-5)","[-5,-3)","[-10,-5)"
60190012013009,115,3,-4.203506878763437,"[-5,-3)",115,3,-6.145954485998375,"[-10,-5)","[-5,-3)","[-10,-5)"
60190012013010,130,3,-4.275693152099848,"[-5,-3)",130,3,-6.179319102451747,"[-10,-5)","[-5,-3)","[-10,-5)"
60190012013011,130,2,-4.126439368352294,"[-5,-3)",130,2,-6.320861225870763,"[-10,-5)","[-5,-3)","[-10,-5)"
60190012013012,87,2,-4.077358743175864,"[-5,-3)",87,2,-6.442739308197634,"[-10,-5)","[-5,-3)","[-10,-5)"
60190012013013,147,2,-4.044478130713105,"[-5,-3)",147,2,-6.4207264103783785,"[-10,-5)","[-5,-3)","[-10,-5)"
60190012013014,96,1,-4.015086954832078,"[-5,-3)",96,1,-6.372025909798757,"[-10,-5)","[-5,-3)","[-10,-5)"
60190012013015,157,7,-3.971551106125117,"[-5,-3)",157,7,-6.3806782469505015,"[-10,-5)","[-5,-3)","[-10,-5)"
60190012014000,0,37,-4.024386157840491,"[-5,-3)",0,37,-6.649106923105436,"[-10,-5)","[-5,-3)","[-10,-5)"
60190012014001,0,13,-3.968004470318556,"[-5,-3)",0,13,-6.537291798622876,"[-10,-5)","[-5,-3)","[-10,-5)"
60190012014002,152,4,-4.261880461871624,"[-5,-3)",152,4,-6.734932653780977,"[-10,-5)","[-5,-3)","[-10,-5)"
60190012014004,101,14,-4.253507801145315,"[-5,-3)",101,14,-7.01813535185316,"[-10,-5)","[-5,-3)","[-10,-5)"
60190012014005,132,2,-4.3586832661181685,"[-5,-3)",132,2,-6.915571922086042,"[-10,-5)","[-5,-3)","[-10,-5)"
60190012014006,46,1,-4.183898473531008,"[-5,-3)",46,1,-6.881616185684778,"[-10,-5)","[-5,-3)","[-10,-5)"
60190012014007,64,2,-4.2729850597679615,"[-5,-3)",64,2,-6.850607527351452,"[-10,-5)","[-5,-3)","[-10,-5)"
60190012014008,0,31,-4.325772421807051,"[-5,-3)",0,31,-7.149661386621234,"[-10,-5)","[-5,-3)","[-10,-5)"
60190012014010,0,4,-3.910910418257117,"[-5,-3)",0,4,-6.591313230900676,"[-10,-5)","[-5,-3)","[-10,-5)"
60190012014011,0,8,-3.918698738515377,"[-5,-3)",0,8,-6.570043706893834,"[-10,-5)","[-5,-3)","[-10,-5)"
60190012014012,84,4,-4.169686098396778,"[-5,-3)",84,4,-6.762217625715018,"[-10,-5)","[-5,-3)","[-10,-5)"
60190012014013,0,2,-4.117409555241466,"[-5,-3)",0,2,-6.565568125010614,"[-10,-5)","[-5,-3)","[-10,-5)"
60190012014014,0,4,-3.937141585350037,"[-5,-3)",0,4,-6.62064851700285,"[-10,-5)","[-5,-3)","[-10,-5)"
60190012014015,16,33,-4.200187904387713,"[-5,-3)",16,33,-6.969070691843842,"[-10,-5)","[-5,-3)","[-10,-5)"
60190012021000,318,29,-4.378435450047255,"[-5,-3)",318,29,-6.006869444534796,"[-10,-5)","[-5,-3)","[-10,-5)"
60190012021002,179,1,-4.522482401132584,"[-5,-3)",179,1,-5.810168813801261,"[-10,-5)","[-5,-3)","[-10,-5)"
60190012021003,374,1,-4.68011012300849,"[-5,-3)",374,1,-5.804171261384257,"[-10,-5)","[-5,-3)","[-10,-5)"
60190012021004,100,3,-4.154816003143788,"[-5,-3)",100,3,-5.879561921225703,"[-10,-5)","[-5,-3)","[-10,-5)"
60190012021006,148,8,-4.145268274471164,"[-5,-3)",148,8,-6.170309423207523,"[-10,-5)","[-5,-3)","[-10,-5)"
60190012021007,137,4,-4.140809431672096,"[-5,-3)",137,4,-5.8792085559132685,"[-10,-5)","[-5,-3)","[-10,-5)"
60190012021008,258,4,-3.977132643386722,"[-5,-3)",258,4,-5.94725665951586,"[-10,-5)","[-5,-3)","[-10,-5)"
60190012021009,97,3,-4.069439276307821,"[-5,-3)",97,3,-5.904393503928634,"[-10,-5)","[-5,-3)","[-10,-5)"
60190012021010,128,4,-3.9588717553764585,"[-5,-3)",128,4,-6.028117380307115,"[-10,-5)","[-5,-3)","[-10,-5)"
60190012021011,53,2,-4.062239980325103,"[-5,-3)",53,2,-6.174681892865331,"[-10,-5)","[-5,-3)","[-10,-5)"
60190012021012,161,4,-4.121597163006664,"[-5,-3)",161,4,-6.315812419549847,"[-10,-5)","[-5,-3)","[-10,-5)"
60190012022000,0,4,-4.141047028452158,"[-5,-3)",0,4,-6.381300613027307,"[-10,-5)","[-5,-3)","[-10,-5)"
60190012022001,468,8,-3.9343564230948687,"[-5,-3)",468,8,-6.177574716291245,"[-10,-5)","[-5,-3)","[-10,-5)"
60190012022002,111,2,-3.9134538676589727,"[-5,-3)",111,2,-6.021976379752829,"[-10,-5)","[-5,-3)","[-10,-5)"
60190012022003,0,1,-3.9670248448848726,"[-5,-3)",0,1,-5.9959634093212655,"[-10,-5)","[-5,-3)","[-10,-5)"
60190012022004,160,3,-3.918797808140517,"[-5,-3)",160,3,-6.108355735021565,"[-10,-5)","[-5,-3)","[-10,-5)"
60190012022006,120,3,-3.90455988496542,"[-5,-3)",120,3,-6.121170624655965,"[-10,-5)","[-5,-3)","[-10,-5)"
60190012022007,157,3,-3.896393595635891,"[-5,-3)",157,3,-6.143208235322634,"[-10,-5)","[-5,-3)","[-10,-5)"
60190012022008,448,16,-4.029703982546925,"[-5,-3)",448,16,-6.381552854504351,"[-10,-5)","[-5,-3)","[-10,-5)"
60190012022009,108,2,-4.079226588830352,"[-5,-3)",108,2,-6.382715494555633,"[-10,-5)","[-5,-3)","[-10,-5)"
60190012022010,120,3,-3.948619468510151,"[-5,-3)",120,3,-6.283009097194039,"[-10,-5)","[-5,-3)","[-10,-5)"
60190012022012,82,2,-4.126785118505358,"[-5,-3)",82,2,-6.437665789029304,"[-10,-5)","[-5,-3)","[-10,-5)"
60190012022013,75,1,-4.324483948945999,"[-5,-3)",75,1,-6.602891625997272,"[-10,-5)","[-5,-3)","[-10,-5)"
60190012022014,102,2,-4.174147637933492,"[-5,-3)",102,2,-6.478152818540551,"[-10,-5)","[-5,-3)","[-10,-5)"
60190012022015,140,6,-4.149660834297538,"[-5,-3)",140,6,-6.434449994252715,"[-10,-5)","[-5,-3)","[-10,-5)"
60190012022016,72,2,-3.998526714742184,"[-5,-3)",72,2,-6.269179276481399,"[-10,-5)","[-5,-3)","[-10,-5)"
60190012022018,125,4,-4.300415139645338,"[-5,-3)",125,4,-6.611401935290321,"[-10,-5)","[-5,-3)","[-10,-5)"
60190012022019,0,4,-4.0684944245964285,"[-5,-3)",0,4,-6.420883777245814,"[-10,-5)","[-5,-3)","[-10,-5)"
60190012022020,0,24,-4.24171241261065,"[-5,-3)",0,24,-6.497276585658216,"[-10,-5)","[-5,-3)","[-10,-5)"
60190012022021,0,22,-4.409531531855464,"[-5,-3)",0,22,-6.524232052960084,"[-10,-5)","[-5,-3)","[-10,-5)"
60190012022022,0,14,-4.260607601702214,"[-5,-3)",0,14,-6.48455713874486,"[-10,-5)","[-5,-3)","[-10,-5)"
60190012022023,99,2,-3.923640723153949,"[-5,-3)",99,2,-6.225429583000193,"[-10,-5)","[-5,-3)","[-10,-5)"
60190012022024,0,5,-4.3592383682727815,"[-5,-3)",0,5,-6.564477635111548,"[-10,-5)","[-5,-3)","[-10,-5)"
60190012022025,0,3,-4.419346379488707,"[-5,-3)",0,3,-6.595019873956917,"[-10,-5)","[-5,-3)","[-10,-5)"
60190012022026,0,5,-4.292402422428132,"[-5,-3)",0,5,-6.467136285652956,"[-10,-5)","[-5,-3)","[-10,-5)"
60190012022027,0,2,-4.040910346806049,"[-5,-3)",0,2,-6.4705151284113285,"[-10,-5)","[-5,-3)","[-10,-5)"
60190012022028,0,21,-4.169509249180556,"[-5,-3)",0,21,-6.482596302127706,"[-10,-5)","[-5,-3)","[-10,-5)"
60190012022029,0,28,-4.1724987957626585,"[-5,-3)",0,28,-6.586571772865978,"[-10,-5)","[-5,-3)","[-10,-5)"
60190012022030,0,35,-4.341837313771248,"[-5,-3)",0,35,-7.0454282773472885,"[-10,-5)","[-5,-3)","[-10,-5)"
60190012022031,7,8,-4.313509787991643,"[-5,-3)",7,8,-6.538794737423594,"[-10,-5)","[-5,-3)","[-10,-5)"
60190012022032,4,36,-4.382754346355796,"[-5,-3)",4,36,-6.621825075784285,"[-10,-5)","[-5,-3)","[-10,-5)"
60190013011000,136,10,-4.967234051227569,"[-5,-3)",136,10,-6.601554007624075,"[-10,-5)","[-5,-3)","[-10,-5)"
60190013011001,224,5,-4.898107865452767,"[-5,-3)",224,5,-6.620087222905284,"[-10,-5)","[-5,-3)","[-10,-5)"
60190013011002,26,1,-4.753212435543538,"[-5,-3)",26,1,-6.682789113850852,"[-10,-5)","[-5,-3)","[-10,-5)"
60190013011003,36,1,-4.681161566823721,"[-5,-3)",36,1,-6.655178898120397,"[-10,-5)","[-5,-3)","[-10,-5)"
60190013011004,78,2,-4.746083680540323,"[-5,-3)",78,2,-6.625476327975636,"[-10,-5)","[-5,-3)","[-10,-5)"
60190013011005,87,2,-4.81714470461011,"[-5,-3)",87,2,-6.635210349299207,"[-10,-5)","[-5,-3)","[-10,-5)"
60190013011006,363,4,-4.819327642768622,"[-5,-3)",363,4,-6.602145695683401,"[-10,-5)","[-5,-3)","[-10,-5)"
60190013011007,132,6,-4.78302983790636,"[-5,-3)",132,6,-6.591923666637351,"[-10,-5)","[-5,-3)","[-10,-5)"
60190013011008,75,3,-4.9498681962490085,"[-5,-3)",75,3,-6.496273016808672,"[-10,-5)","[-5,-3)","[-10,-5)"
60190013011009,99,3,-4.915884760022164,"[-5,-3)",99,3,-6.472648102793221,"[-10,-5)","[-5,-3)","[-10,-5)"
60190013011010,101,3,-4.889239856600762,"[-5,-3)",101,3,-6.462666384884082,"[-10,-5)","[-5,-3)","[-10,-5)"
60190013012000,36,3,-5.06053833514452,"[-10,-5)",36,3,-6.681543245474372,"[-10,-5)","[-10,-5)","[-10,-5)"
60190013012001,125,1,-5.035371243953705,"[-10,-5)",125,1,-6.632156750337249,"[-10,-5)","[-10,-5)","[-10,-5)"
60190013012002,92,2,-5.108768210560084,"[-10,-5)",92,2,-6.575020363062533,"[-10,-5)","[-10,-5)","[-10,-5)"
60190013012003,93,3,-5.098011066019535,"[-10,-5)",93,3,-6.519226423108211,"[-10,-5)","[-10,-5)","[-10,-5)"
60190013012004,120,3,-5.099158456921578,"[-10,-5)",120,3,-6.445177642475723,"[-10,-5)","[-10,-5)","[-10,-5)"
60190013012005,70,2,-5.06952670365572,"[-10,-5)",70,2,-6.407267850488369,"[-10,-5)","[-10,-5)","[-10,-5)"
60190013012006,35,1,-5.08492422401905,"[-10,-5)",35,1,-6.3096075064591455,"[-10,-5)","[-10,-5)","[-10,-5)"
60190013012007,40,1,-5.069226939976216,"[-10,-5)",40,1,-6.246514754846447,"[-10,-5)","[-10,-5)","[-10,-5)"
60190013012008,86,2,-5.045272245258094,"[-10,-5)",86,2,-6.351268538250372,"[-10,-5)","[-10,-5)","[-10,-5)"
60190013012009,86,2,-5.0151110798120495,"[-10,-5)",86,2,-6.307966232524057,"[-10,-5)","[-10,-5)","[-10,-5)"
60190013012010,39,1,-5.052487863600255,"[-10,-5)",39,1,-6.191361928646278,"[-10,-5)","[-10,-5)","[-10,-5)"
60190013012011,31,1,-5.036543047428132,"[-10,-5)",31,1,-6.150161919284378,"[-10,-5)","[-10,-5)","[-10,-5)"
60190013012012,84,2,-4.9911217533051975,"[-5,-3)",84,2,-6.276124154715904,"[-10,-5)","[-5,-3)","[-10,-5)"
60190013013000,57,2,-5.11881398409605,"[-10,-5)",57,2,-6.681005812057068,"[-10,-5)","[-10,-5)","[-10,-5)"
60190013013001,56,2,-5.073877818882465,"[-10,-5)",56,2,-6.529950946718327,"[-10,-5)","[-10,-5)","[-10,-5)"
60190013013002,0,37,-5.053195260465145,"[-10,-5)",0,37,-6.033885415704467,"[-10,-5)","[-10,-5)","[-10,-5)"
60190013013003,101,2,-5.024421637505293,"[-10,-5)",101,2,-6.38076886072435,"[-10,-5)","[-10,-5)","[-10,-5)"
60190013013004,81,2,-5.0643370449543,"[-10,-5)",81,2,-6.525200682956389,"[-10,-5)","[-10,-5)","[-10,-5)"
60190013013005,66,2,-5.00944367274642,"[-10,-5)",66,2,-6.380556387047741,"[-10,-5)","[-10,-5)","[-10,-5)"
60190013013006,92,2,-4.977897803485394,"[-5,-3)",92,2,-6.235181215778243,"[-10,-5)","[-5,-3)","[-10,-5)"
60190013013007,90,2,-4.937705909460783,"[-5,-3)",90,2,-6.1074325539400425,"[-10,-5)","[-5,-3)","[-10,-5)"
60190013013008,68,2,-4.952836878597736,"[-5,-3)",68,2,-6.2499623390884285,"[-10,-5)","[-5,-3)","[-10,-5)"
60190013013009,168,4,-4.900866486132145,"[-5,-3)",168,4,-6.063139461871467,"[-10,-5)","[-5,-3)","[-10,-5)"
60190013013010,200,4,-4.859071878343821,"[-5,-3)",200,4,-5.9780500036154045,"[-10,-5)","[-5,-3)","[-10,-5)"
60190013013011,33,8,-4.814474082738162,"[-5,-3)",33,8,-5.888925817949514,"[-10,-5)","[-5,-3)","[-10,-5)"
60190013014000,43,2,-5.437116741389037,"[-10,-5)",43,2,-7.19695779978979,"[-10,-5)","[-10,-5)","[-10,-5)"
60190013014001,66,2,-5.249049380421639,"[-10,-5)",66,2,-6.910702070867082,"[-10,-5)","[-10,-5)","[-10,-5)"
60190013014002,86,2,-5.178649766743183,"[-10,-5)",86,2,-6.747377702871333,"[-10,-5)","[-10,-5)","[-10,-5)"
60190013014003,130,2,-5.365602381527424,"[-10,-5)",130,2,-7.030079610713756,"[-10,-5)","[-10,-5)","[-10,-5)"
60190013014004,92,2,-5.296195735037327,"[-10,-5)",92,2,-6.872296601652881,"[-10,-5)","[-10,-5)","[-10,-5)"
60190013014005,116,2,-5.118946833908558,"[-10,-5)",116,2,-6.59731078331768,"[-10,-5)","[-10,-5)","[-10,-5)"
60190013014006,93,2,-5.046500538289547,"[-10,-5)",93,2,-6.458260964763058,"[-10,-5)","[-10,-5)","[-10,-5)"
60190013014007,110,2,-5.224050054699182,"[-10,-5)",110,2,-6.727131915669971,"[-10,-5)","[-10,-5)","[-10,-5)"
60190013014008,93,2,-5.151608017086983,"[-10,-5)",93,2,-6.597841399397767,"[-10,-5)","[-10,-5)","[-10,-5)"
60190013014009,92,2,-4.981598011404277,"[-5,-3)",92,2,-6.339355525518689,"[-10,-5)","[-5,-3)","[-10,-5)"
60190013014010,0,4,-4.87922303751111,"[-5,-3)",0,4,-6.201307003367871,"[-10,-5)","[-5,-3)","[-10,-5)"
60190013014011,80,2,-5.064431288838387,"[-10,-5)",80,2,-6.486779306622013,"[-10,-5)","[-10,-5)","[-10,-5)"
60190013014012,85,2,-4.981318402290345,"[-5,-3)",85,2,-6.396518614030839,"[-10,-5)","[-5,-3)","[-10,-5)"
60190013014013,99,2,-4.900387602299452,"[-5,-3)",99,2,-6.328639807635812,"[-10,-5)","[-5,-3)","[-10,-5)"
60190013014014,89,2,-4.79874017983675,"[-5,-3)",89,2,-6.107225193266347,"[-10,-5)","[-5,-3)","[-10,-5)"
60190013015000,171,4,-5.142815800756216,"[-10,-5)",171,4,-6.349374170671087,"[-10,-5)","[-10,-5)","[-10,-5)"
60190013015001,233,4,-5.142827723175287,"[-10,-5)",233,4,-6.401209510147842,"[-10,-5)","[-10,-5)","[-10,-5)"
60190013015002,146,4,-5.137612800300122,"[-10,-5)",146,4,-6.453958372811728,"[-10,-5)","[-10,-5)","[-10,-5)"
60190013015003,125,6,-5.085491390526295,"[-10,-5)",125,6,-6.13560548404665,"[-10,-5)","[-10,-5)","[-10,-5)"
60190013015004,110,3,-5.068307778239251,"[-10,-5)",110,3,-6.030824999405291,"[-10,-5)","[-10,-5)","[-10,-5)"
60190013015005,106,3,-5.06163519769907,"[-10,-5)",106,3,-5.98222022560243,"[-10,-5)","[-10,-5)","[-10,-5)"
60190013031000,59,2,-4.851534638553858,"[-5,-3)",59,2,-6.501020724069155,"[-10,-5)","[-5,-3)","[-10,-5)"
60190013031001,67,2,-4.751536767929792,"[-5,-3)",67,2,-6.624102918582048,"[-10,-5)","[-5,-3)","[-10,-5)"
60190013031002,87,2,-4.758323463052512,"[-5,-3)",87,2,-6.657587122492442,"[-10,-5)","[-5,-3)","[-10,-5)"
60190013031003,89,2,-4.85012126415968,"[-5,-3)",89,2,-6.523607698493258,"[-10,-5)","[-5,-3)","[-10,-5)"
60190013031004,89,2,-4.8661356277763845,"[-5,-3)",89,2,-6.561095383684568,"[-10,-5)","[-5,-3)","[-10,-5)"
60190013031005,96,2,-4.781710707396269,"[-5,-3)",96,2,-6.701532530362931,"[-10,-5)","[-5,-3)","[-10,-5)"
60190013031006,74,2,-4.831857537478209,"[-5,-3)",74,2,-6.752942070319316,"[-10,-5)","[-5,-3)","[-10,-5)"
60190013031007,85,2,-4.907924842089415,"[-5,-3)",85,2,-6.610588399715712,"[-10,-5)","[-5,-3)","[-10,-5)"
60190013031008,72,2,-4.968069472163916,"[-5,-3)",72,2,-6.666124133022926,"[-10,-5)","[-5,-3)","[-10,-5)"
60190013031009,89,2,-4.897571072727442,"[-5,-3)",89,2,-6.805914768888506,"[-10,-5)","[-5,-3)","[-10,-5)"
60190013031010,92,2,-4.973141893744469,"[-5,-3)",92,2,-6.85405539564915,"[-10,-5)","[-5,-3)","[-10,-5)"
60190013031011,104,2,-5.030491568148136,"[-10,-5)",104,2,-6.720457174422704,"[-10,-5)","[-10,-5)","[-10,-5)"
60190013031012,177,4,-5.074726865440607,"[-10,-5)",177,4,-6.836905815767355,"[-10,-5)","[-10,-5)","[-10,-5)"
60190013032000,230,4,-4.995506932586432,"[-5,-3)",230,4,-6.170990020706393,"[-10,-5)","[-5,-3)","[-10,-5)"
60190013032001,70,2,-4.936892346292734,"[-5,-3)",70,2,-6.347174443195607,"[-10,-5)","[-5,-3)","[-10,-5)"
60190013032002,109,2,-4.93364235162735,"[-5,-3)",109,2,-6.3566684374379845,"[-10,-5)","[-5,-3)","[-10,-5)"
60190013032003,82,2,-4.93979886174202,"[-5,-3)",82,2,-6.383388706605851,"[-10,-5)","[-5,-3)","[-10,-5)"
60190013032004,14,4,-5.003540088236332,"[-10,-5)",14,4,-6.198286922980564,"[-10,-5)","[-10,-5)","[-10,-5)"
60190013032005,0,8,-5.046209858357907,"[-10,-5)",0,8,-6.397533261053361,"[-10,-5)","[-10,-5)","[-10,-5)"
60190013032006,71,2,-4.970737823098898,"[-5,-3)",71,2,-6.425605635436012,"[-10,-5)","[-5,-3)","[-10,-5)"
60190013032007,285,4,-5.105278348177672,"[-10,-5)",285,4,-6.471997899256111,"[-10,-5)","[-10,-5)","[-10,-5)"
60190013032008,496,8,-5.145041035115719,"[-10,-5)",496,8,-6.717278306889376,"[-10,-5)","[-10,-5)","[-10,-5)"
60190013041000,0,20,-5.009123470634222,"[-10,-5)",0,20,-5.730374154117378,"[-10,-5)","[-10,-5)","[-10,-5)"
60190013041001,613,10,-5.000598089396954,"[-10,-5)",613,10,-5.755056039457243,"[-10,-5)","[-10,-5)","[-10,-5)"
60190013041002,556,10,-4.975383308529854,"[-5,-3)",556,10,-5.787105477939092,"[-10,-5)","[-5,-3)","[-10,-5)"
60190013042000,858,9,-4.745576693862676,"[-5,-3)",858,9,-6.199393319999805,"[-10,-5)","[-5,-3)","[-10,-5)"
60190013042001,162,4,-4.6806795604527,"[-5,-3)",162,4,-6.008773470008471,"[-10,-5)","[-5,-3)","[-10,-5)"
60190013042002,132,4,-4.695071481540799,"[-5,-3)",132,4,-5.929270819602065,"[-10,-5)","[-5,-3)","[-10,-5)"
60190013042003,152,10,-4.801845402270556,"[-5,-3)",152,10,-5.798108660207971,"[-10,-5)","[-5,-3)","[-10,-5)"
60190013042004,65,2,-4.675613383948804,"[-5,-3)",65,2,-5.879553683609899,"[-10,-5)","[-5,-3)","[-10,-5)"
60190013042005,90,2,-4.74068992137909,"[-5,-3)",90,2,-5.83605481132715,"[-10,-5)","[-5,-3)","[-10,-5)"
60190013042006,143,1,-4.59279827401042,"[-5,-3)",143,1,-6.020560362001631,"[-10,-5)","[-5,-3)","[-10,-5)"
60190013042007,95,3,-4.596137686818838,"[-5,-3)",95,3,-6.228270992341261,"[-10,-5)","[-5,-3)","[-10,-5)"
60190013042008,111,3,-4.643073695898056,"[-5,-3)",111,3,-6.206166912636722,"[-10,-5)","[-5,-3)","[-10,-5)"
60190013042009,147,4,-4.615884761139751,"[-5,-3)",147,4,-5.947054979956513,"[-10,-5)","[-5,-3)","[-10,-5)"
60190013042010,176,6,-4.5490601699799305,"[-5,-3)",176,6,-6.1971004222490205,"[-10,-5)","[-5,-3)","[-10,-5)"
60190013042011,89,2,-4.503161695227027,"[-5,-3)",89,2,-6.220146714768147,"[-10,-5)","[-5,-3)","[-10,-5)"
60190013042012,153,8,-4.509864223748446,"[-5,-3)",153,8,-6.0015649880682265,"[-10,-5)","[-5,-3)","[-10,-5)"
60190013042013,112,1,-4.775059416890144,"[-5,-3)",112,1,-5.799896790948949,"[-10,-5)","[-5,-3)","[-10,-5)"
60190013042015,67,2,-4.826464346051216,"[-5,-3)",67,2,-5.781693932467066,"[-10,-5)","[-5,-3)","[-10,-5)"
60190013042016,82,3,-4.734696350991726,"[-5,-3)",82,3,-5.828148404489275,"[-10,-5)","[-5,-3)","[-10,-5)"
60190013043000,978,12,-5.0329260125756266,"[-10,-5)",978,12,-5.9440917107126845,"[-10,-5)","[-10,-5)","[-10,-5)"
60190013043001,471,6,-5.047797811031342,"[-10,-5)",471,6,-6.011960575157604,"[-10,-5)","[-10,-5)","[-10,-5)"
60190013043002,134,6,-5.084071203321219,"[-10,-5)",134,6,-6.0987148839732965,"[-10,-5)","[-10,-5)","[-10,-5)"
60190014071000,697,12,-5.396703714877367,"[-10,-5)",697,12,-6.927044080344333,"[-10,-5)","[-10,-5)","[-10,-5)"
60190014071001,369,4,-5.33632744923234,"[-10,-5)",369,4,-6.825485355649628,"[-10,-5)","[-10,-5)","[-10,-5)"
60190014072000,211,6,-6.293311925232411,"[-10,-5)",211,6,-7.510566105907278,"[-10,-5)","[-10,-5)","[-10,-5)"
60190014072001,119,2,-6.402069651335478,"[-10,-5)",119,2,-7.611384013291025,"[-10,-5)","[-10,-5)","[-10,-5)"
60190014072002,110,2,-6.510330609977245,"[-10,-5)",110,2,-7.702189524748157,"[-10,-5)","[-10,-5)","[-10,-5)"
60190014072003,90,2,-6.304943096637726,"[-10,-5)",90,2,-7.539962748044409,"[-10,-5)","[-10,-5)","[-10,-5)"
60190014072004,482,33,-6.088524506986142,"[-10,-5)",482,33,-7.549972019358133,"[-10,-5)","[-10,-5)","[-10,-5)"
60190014072006,437,2,-5.726756300032139,"[-10,-5)",437,2,-7.264866432035143,"[-10,-5)","[-10,-5)","[-10,-5)"
60190014072007,132,1,-5.73782030493021,"[-10,-5)",132,1,-7.252233906171308,"[-10,-5)","[-10,-5)","[-10,-5)"
60190014073000,1423,29,-6.675756445527077,"[-10,-5)",1423,29,-7.956148402659168,"[-10,-5)","[-10,-5)","[-10,-5)"
60190014073001,352,3,-6.3577315941452985,"[-10,-5)",352,3,-8.058441411383328,"[-10,-5)","[-10,-5)","[-10,-5)"
60190014074000,0,16,-6.10959993749857,"[-10,-5)",0,16,-7.854100249963397,"[-10,-5)","[-10,-5)","[-10,-5)"
60190014074001,383,14,-5.718405213207007,"[-10,-5)",383,14,-7.414439378696253,"[-10,-5)","[-10,-5)","[-10,-5)"
60190014074002,11,2,-5.533663355559111,"[-10,-5)",11,2,-7.170342063125922,"[-10,-5)","[-10,-5)","[-10,-5)"
60190014081000,57,4,-5.651034745573998,"[-10,-5)",57,4,-7.289073092159814,"[-10,-5)","[-10,-5)","[-10,-5)"
60190014081001,268,13,-4.954324910044671,"[-5,-3)",268,13,-6.66480497827136,"[-10,-5)","[-5,-3)","[-10,-5)"
60190014081002,28,3,-5.089461556077004,"[-10,-5)",28,3,-6.771572432655872,"[-10,-5)","[-10,-5)","[-10,-5)"
60190014081003,225,17,-5.305965305864811,"[-10,-5)",225,17,-7.553569869074614,"[-10,-5)","[-10,-5)","[-10,-5)"
60190014081004,12,1,-5.544615232944489,"[-10,-5)",12,1,-7.456956838475413,"[-10,-5)","[-10,-5)","[-10,-5)"
60190014081005,9,1,-4.909377390146256,"[-5,-3)",9,1,-6.944449878483216,"[-10,-5)","[-5,-3)","[-10,-5)"
60190014081006,25,2,-4.809004389122129,"[-5,-3)",25,2,-6.940510309738713,"[-10,-5)","[-5,-3)","[-10,-5)"
60190014081007,62,4,-5.554770863056183,"[-10,-5)",62,4,-7.313239416372613,"[-10,-5)","[-10,-5)","[-10,-5)"
60190014081008,75,1,-5.291082720458507,"[-10,-5)",75,1,-7.953740178287122,"[-10,-5)","[-10,-5)","[-10,-5)"
60190014081009,522,6,-4.753886761888862,"[-5,-3)",522,6,-7.093194802728128,"[-10,-5)","[-5,-3)","[-10,-5)"
60190014081010,34,3,-4.716613447666169,"[-5,-3)",34,3,-6.883018852817257,"[-10,-5)","[-5,-3)","[-10,-5)"
60190014081011,14,3,-5.013038849830628,"[-10,-5)",14,3,-7.42427395574378,"[-10,-5)","[-10,-5)","[-10,-5)"
60190014081012,28,1,-5.454813301563263,"[-10,-5)",28,1,-8.159586835009227,"[-10,-5)","[-10,-5)","[-10,-5)"
60190014081013,62,2,-5.638722860813141,"[-10,-5)",62,2,-8.1889221211114,"[-10,-5)","[-10,-5)","[-10,-5)"
60190014082000,97,8,-6.158155408501625,"[-10,-5)",97,8,-7.39525738015652,"[-10,-5)","[-10,-5)","[-10,-5)"
60190014082001,53,2,-6.135800021141768,"[-10,-5)",53,2,-7.50630157742208,"[-10,-5)","[-10,-5)","[-10,-5)"
60190014082002,70,3,-6.149609304964542,"[-10,-5)",70,3,-7.4518324733336705,"[-10,-5)","[-10,-5)","[-10,-5)"
60190014082003,37,2,-6.143005988001823,"[-10,-5)",37,2,-7.402664701098939,"[-10,-5)","[-10,-5)","[-10,-5)"
60190014082004,46,3,-6.060421094298363,"[-10,-5)",46,3,-7.537292908356646,"[-10,-5)","[-10,-5)","[-10,-5)"
60190014082005,162,7,-5.916549289226532,"[-10,-5)",162,7,-7.617856790923226,"[-10,-5)","[-10,-5)","[-10,-5)"
60190014082006,74,4,-6.069222962111235,"[-10,-5)",74,4,-7.567975754782124,"[-10,-5)","[-10,-5)","[-10,-5)"
60190014082007,135,8,-6.250560401380062,"[-10,-5)",135,8,-7.455703868705999,"[-10,-5)","[-10,-5)","[-10,-5)"
60190014082008,165,4,-6.35010408461094,"[-10,-5)",165,4,-7.432481745697808,"[-10,-5)","[-10,-5)","[-10,-5)"
60190014082009,6,10,-6.219173781573772,"[-10,-5)",6,10,-7.856960122926095,"[-10,-5)","[-10,-5)","[-10,-5)"
60190014091000,107,17,-6.888984936475754,"[-10,-5)",107,17,-7.498760182181052,"[-10,-5)","[-10,-5)","[-10,-5)"
60190014091001,21,2,-6.965564905107021,"[-10,-5)",21,2,-7.453866596325911,"[-10,-5)","[-10,-5)","[-10,-5)"
60190014091002,0,2,-7.386462065577508,"[-10,-5)",0,2,-7.735998404343529,"[-10,-5)","[-10,-5)","[-10,-5)"
60190014091003,47,8,-7.377881614118815,"[-10,-5)",47,8,-7.946355581802095,"[-10,-5)","[-10,-5)","[-10,-5)"
60190014091004,63,12,-6.981763498485089,"[-10,-5)",63,12,-7.812082444191128,"[-10,-5)","[-10,-5)","[-10,-5)"
60190014091005,332,34,-6.874005268514156,"[-10,-5)",332,34,-7.781262966965583,"[-10,-5)","[-10,-5)","[-10,-5)"
60190014091006,327,12,-6.371039852499962,"[-10,-5)",327,12,-7.488951454203805,"[-10,-5)","[-10,-5)","[-10,-5)"
60190014091007,57,9,-6.922763420641423,"[-10,-5)",57,9,-7.751563521433714,"[-10,-5)","[-10,-5)","[-10,-5)"
60190014091008,50,10,-6.61503244265914,"[-10,-5)",50,10,-7.524250490092614,"[-10,-5)","[-10,-5)","[-10,-5)"
60190014091009,29,6,-6.189871030300855,"[-10,-5)",29,6,-7.2255667554225935,"[-10,-5)","[-10,-5)","[-10,-5)"
60190014091010,51,4,-6.271251475811004,"[-10,-5)",51,4,-7.342972096423418,"[-10,-5)","[-10,-5)","[-10,-5)"
60190014091011,27,4,-6.320033472776413,"[-10,-5)",27,4,-7.382025780784707,"[-10,-5)","[-10,-5)","[-10,-5)"
60190014091012,360,34,-5.81503925845027,"[-10,-5)",360,34,-6.87086581300438,"[-10,-5)","[-10,-5)","[-10,-5)"
60190014091013,46,1,-5.730912114679813,"[-10,-5)",46,1,-6.751734549464684,"[-10,-5)","[-10,-5)","[-10,-5)"
60190014091014,166,12,-6.047545449435711,"[-10,-5)",166,12,-7.23731927667395,"[-10,-5)","[-10,-5)","[-10,-5)"
60190014091015,33,4,-5.917325381934643,"[-10,-5)",33,4,-6.930714080213031,"[-10,-5)","[-10,-5)","[-10,-5)"
60190014091016,43,1,-5.632560673356056,"[-10,-5)",43,1,-6.639793872355037,"[-10,-5)","[-10,-5)","[-10,-5)"
60190014091017,56,2,-6.042051769047975,"[-10,-5)",56,2,-7.23181342470375,"[-10,-5)","[-10,-5)","[-10,-5)"
60190014091018,69,7,-5.89890013486147,"[-10,-5)",69,7,-6.995261765210208,"[-10,-5)","[-10,-5)","[-10,-5)"
60190014091019,68,14,-5.487233765423298,"[-10,-5)",68,14,-6.463272275729279,"[-10,-5)","[-10,-5)","[-10,-5)"
60190014091021,42,4,-5.426654250919819,"[-10,-5)",42,4,-6.475862477291223,"[-10,-5)","[-10,-5)","[-10,-5)"
60190014091026,94,2,-6.030256806313991,"[-10,-5)",94,2,-7.184631770045019,"[-10,-5)","[-10,-5)","[-10,-5)"
60190014091027,29,1,-5.333412985503673,"[-10,-5)",29,1,-6.344819053186997,"[-10,-5)","[-10,-5)","[-10,-5)"
60190014151000,261,17,-5.174555835127831,"[-10,-5)",261,17,-7.248665030138001,"[-10,-5)","[-10,-5)","[-10,-5)"
60190014151001,290,24,-4.682336492836475,"[-5,-3)",290,24,-6.992924554767511,"[-10,-5)","[-5,-3)","[-10,-5)"
60190014151002,243,5,-4.9996624633669855,"[-5,-3)",243,5,-7.160148155595893,"[-10,-5)","[-5,-3)","[-10,-5)"
60190014151003,266,16,-4.837545382976533,"[-5,-3)",266,16,-7.202582955161294,"[-10,-5)","[-5,-3)","[-10,-5)"
60190014151004,69,1,-4.901576153934002,"[-5,-3)",69,1,-7.272563205753584,"[-10,-5)","[-5,-3)","[-10,-5)"
60190014151006,26,12,-4.640369009971619,"[-5,-3)",26,12,-7.175332922080491,"[-10,-5)","[-5,-3)","[-10,-5)"
60190014151007,0,16,-4.699765366315842,"[-5,-3)",0,16,-6.958259531239921,"[-10,-5)","[-5,-3)","[-10,-5)"
60190014151008,0,12,-4.578483706712722,"[-5,-3)",0,12,-6.853687543495128,"[-10,-5)","[-5,-3)","[-10,-5)"
60190014151012,6,26,-4.641640734672547,"[-5,-3)",6,26,-7.322282046080055,"[-10,-5)","[-5,-3)","[-10,-5)"
60190014152000,217,25,-6.4344228386878966,"[-10,-5)",217,25,-7.653948342263557,"[-10,-5)","[-10,-5)","[-10,-5)"
60190014152002,177,3,-6.405760207772255,"[-10,-5)",177,3,-7.2686000603845375,"[-10,-5)","[-10,-5)","[-10,-5)"
60190014152003,0,16,-6.254461587220431,"[-10,-5)",0,16,-8.272139652189853,"[-10,-5)","[-10,-5)","[-10,-5)"
60190014152004,128,4,-6.353009464591741,"[-10,-5)",128,4,-7.352517788806359,"[-10,-5)","[-10,-5)","[-10,-5)"
60190014152005,133,3,-5.879808367788792,"[-10,-5)",133,3,-7.7513232102968015,"[-10,-5)","[-10,-5)","[-10,-5)"
60190014152006,67,2,-6.294263731688261,"[-10,-5)",67,2,-7.422879242171389,"[-10,-5)","[-10,-5)","[-10,-5)"
60190014152008,107,3,-6.235626719892025,"[-10,-5)",107,3,-7.167079115100247,"[-10,-5)","[-10,-5)","[-10,-5)"
60190014152009,204,37,-5.655582296848297,"[-10,-5)",204,37,-7.29201363694625,"[-10,-5)","[-10,-5)","[-10,-5)"
60190014152010,44,1,-5.018159812688828,"[-10,-5)",44,1,-7.330439558172103,"[-10,-5)","[-10,-5)","[-10,-5)"
60190014152013,40,1,-4.97733858525753,"[-5,-3)",40,1,-7.309584755512654,"[-10,-5)","[-5,-3)","[-10,-5)"
60190014152014,77,2,-5.086668303608894,"[-10,-5)",77,2,-7.319975797710553,"[-10,-5)","[-10,-5)","[-10,-5)"
60190014152015,43,1,-5.389413723349572,"[-10,-5)",43,1,-7.323836398965619,"[-10,-5)","[-10,-5)","[-10,-5)"
60190014152016,76,2,-5.207040452957154,"[-10,-5)",76,2,-7.316818518411747,"[-10,-5)","[-10,-5)","[-10,-5)"
60190014152017,73,2,-5.068884028494358,"[-10,-5)",73,2,-7.3014059392418,"[-10,-5)","[-10,-5)","[-10,-5)"
60190014152020,41,17,-5.68549848496914,"[-10,-5)",41,17,-7.357961148518733,"[-10,-5)","[-10,-5)","[-10,-5)"
60190014152022,30,24,-4.951356227695943,"[-5,-3)",30,24,-7.565347671284819,"[-10,-5)","[-5,-3)","[-10,-5)"
60190014152023,31,2,-5.231586159020663,"[-10,-5)",31,2,-7.454405165966085,"[-10,-5)","[-10,-5)","[-10,-5)"
60190014152024,37,2,-5.473562157154084,"[-10,-5)",37,2,-7.432705013491678,"[-10,-5)","[-10,-5)","[-10,-5)"
60190014152025,105,2,-6.010535989701748,"[-10,-5)",105,2,-7.545459226175934,"[-10,-5)","[-10,-5)","[-10,-5)"
60190014152026,80,1,-6.207088990509511,"[-10,-5)",80,1,-7.466545991383116,"[-10,-5)","[-10,-5)","[-10,-5)"
60190014152027,28,31,-5.206782701611519,"[-10,-5)",28,31,-8.237282322941589,"[-10,-5)","[-10,-5)","[-10,-5)"
60190014152028,0,2,-4.72123806886375,"[-5,-3)",0,2,-8.03925912878788,"[-10,-5)","[-5,-3)","[-10,-5)"
60190014153000,24,17,-5.331617809832096,"[-10,-5)",24,17,-8.191249389603989,"[-10,-5)","[-10,-5)","[-10,-5)"
60190014153001,434,22,-5.24474652260542,"[-10,-5)",434,22,-7.518931830840176,"[-10,-5)","[-10,-5)","[-10,-5)"
60190014153004,118,2,-4.47744759209454,"[-5,-3)",118,2,-6.693627827859359,"[-10,-5)","[-5,-3)","[-10,-5)"
60190014153005,37,2,-5.03901893645525,"[-10,-5)",37,2,-7.438165700602813,"[-10,-5)","[-10,-5)","[-10,-5)"
60190014153006,167,2,-4.594206112995744,"[-5,-3)",167,2,-6.848455805292211,"[-10,-5)","[-5,-3)","[-10,-5)"
60190014153008,149,3,-4.470353043079377,"[-5,-3)",149,3,-6.792197150184235,"[-10,-5)","[-5,-3)","[-10,-5)"
60190014153009,270,4,-4.650432809069753,"[-5,-3)",270,4,-7.109084595503291,"[-10,-5)","[-5,-3)","[-10,-5)"
60190014153010,97,1,-4.776789303123951,"[-5,-3)",97,1,-7.279491324700762,"[-10,-5)","[-5,-3)","[-10,-5)"
60190014153011,455,9,-4.411175832152367,"[-5,-3)",455,9,-6.697466840879905,"[-10,-5)","[-5,-3)","[-10,-5)"
60190014153012,59,1,-4.558703278005123,"[-5,-3)",59,1,-6.862688985123548,"[-10,-5)","[-5,-3)","[-10,-5)"
60190014153013,33,2,-4.887562201917172,"[-5,-3)",33,2,-7.125929099544608,"[-10,-5)","[-5,-3)","[-10,-5)"
60190014161000,364,23,-5.565074104070663,"[-10,-5)",364,23,-6.450395177892769,"[-10,-5)","[-10,-5)","[-10,-5)"
60190014161001,96,2,-5.270658764988184,"[-10,-5)",96,2,-5.957916134366695,"[-10,-5)","[-10,-5)","[-10,-5)"
60190014161002,33,1,-5.56908912062645,"[-10,-5)",33,1,-6.384894770019461,"[-10,-5)","[-10,-5)","[-10,-5)"
60190014161003,76,2,-5.35541240349412,"[-10,-5)",76,2,-6.197083947017412,"[-10,-5)","[-10,-5)","[-10,-5)"
60190014161004,80,2,-5.422537893801928,"[-10,-5)",80,2,-6.361874610626336,"[-10,-5)","[-10,-5)","[-10,-5)"
60190014161005,71,2,-5.385735657066107,"[-10,-5)",71,2,-6.279265810950253,"[-10,-5)","[-10,-5)","[-10,-5)"
60190014161006,159,3,-5.988686169683933,"[-10,-5)",159,3,-6.762511055271083,"[-10,-5)","[-10,-5)","[-10,-5)"
60190014161008,368,12,-5.965180836617947,"[-10,-5)",368,12,-6.707101442702391,"[-10,-5)","[-10,-5)","[-10,-5)"
60190014161009,207,11,-5.61936198771,"[-10,-5)",207,11,-6.311272641074495,"[-10,-5)","[-10,-5)","[-10,-5)"
60190014161012,0,1,-6.0416438519954685,"[-10,-5)",0,1,-6.841919399179314,"[-10,-5)","[-10,-5)","[-10,-5)"
60190014161013,0,2,-5.92661464959383,"[-10,-5)",0,2,-6.66559010827423,"[-10,-5)","[-10,-5)","[-10,-5)"
60190014161014,205,1,-5.507480303943157,"[-10,-5)",205,1,-6.15638728438673,"[-10,-5)","[-10,-5)","[-10,-5)"
60190014161015,61,3,-5.355853816866875,"[-10,-5)",61,3,-5.9523074542268,"[-10,-5)","[-10,-5)","[-10,-5)"
60190014161016,130,2,-5.5966049283742905,"[-10,-5)",130,2,-6.258701597289695,"[-10,-5)","[-10,-5)","[-10,-5)"
60190014161017,221,12,-5.710240343213082,"[-10,-5)",221,12,-6.546113148926469,"[-10,-5)","[-10,-5)","[-10,-5)"
60190014161018,125,3,-5.74701873511076,"[-10,-5)",125,3,-6.798794060164935,"[-10,-5)","[-10,-5)","[-10,-5)"
60190014161019,95,3,-5.793651290237904,"[-10,-5)",95,3,-6.735626317842846,"[-10,-5)","[-10,-5)","[-10,-5)"
60190014161020,63,4,-5.4214821919798855,"[-10,-5)",63,4,-6.063705868971946,"[-10,-5)","[-10,-5)","[-10,-5)"
60190014161021,116,2,-5.485416731983424,"[-10,-5)",116,2,-6.204813103087635,"[-10,-5)","[-10,-5)","[-10,-5)"
60190014161022,73,3,-5.541289445757866,"[-10,-5)",73,3,-6.380061846043762,"[-10,-5)","[-10,-5)","[-10,-5)"
60190014161023,61,2,-5.600569132715464,"[-10,-5)",61,2,-6.566222589383484,"[-10,-5)","[-10,-5)","[-10,-5)"
60190014161024,69,1,-5.632561241090298,"[-10,-5)",69,1,-6.7383680236271095,"[-10,-5)","[-10,-5)","[-10,-5)"
60190014161025,68,2,-5.653118897974491,"[-10,-5)",68,2,-6.836378892411593,"[-10,-5)","[-10,-5)","[-10,-5)"
60190014161026,133,3,-5.696502310037613,"[-10,-5)",133,3,-6.885955420823651,"[-10,-5)","[-10,-5)","[-10,-5)"
60190014161028,141,3,-5.66499589830637,"[-10,-5)",141,3,-6.972995773746757,"[-10,-5)","[-10,-5)","[-10,-5)"
60190014161029,38,1,-5.6726404398679735,"[-10,-5)",38,1,-6.870834566875466,"[-10,-5)","[-10,-5)","[-10,-5)"
60190014162001,22,2,-5.258971104025841,"[-10,-5)",22,2,-5.467738226207208,"[-10,-5)","[-10,-5)","[-10,-5)"
60190014162002,102,3,-5.191254602372647,"[-10,-5)",102,3,-5.553928400368162,"[-10,-5)","[-10,-5)","[-10,-5)"
60190014162003,93,3,-5.101305627822876,"[-10,-5)",93,3,-5.810785214708002,"[-10,-5)","[-10,-5)","[-10,-5)"
60190014162004,83,3,-5.105760638415814,"[-10,-5)",83,3,-5.709543780249623,"[-10,-5)","[-10,-5)","[-10,-5)"
60190014162005,61,3,-5.122194273769856,"[-10,-5)",61,3,-5.623786791057691,"[-10,-5)","[-10,-5)","[-10,-5)"
60190014162006,57,1,-5.248004749417305,"[-10,-5)",57,1,-5.671725738258987,"[-10,-5)","[-10,-5)","[-10,-5)"
60190014162007,98,1,-5.256122781336308,"[-10,-5)",98,1,-5.756539094357744,"[-10,-5)","[-10,-5)","[-10,-5)"
60190014162008,73,19,-5.105916765332222,"[-10,-5)",73,19,-5.612416040690509,"[-10,-5)","[-10,-5)","[-10,-5)"
60190014162009,45,8,-5.065408643335104,"[-10,-5)",45,8,-5.72827100558581,"[-10,-5)","[-10,-5)","[-10,-5)"
60190014162010,46,3,-5.352560390532017,"[-10,-5)",46,3,-5.768119477844361,"[-10,-5)","[-10,-5)","[-10,-5)"
60190014162011,82,2,-5.303744897246361,"[-10,-5)",82,2,-5.520889027711204,"[-10,-5)","[-10,-5)","[-10,-5)"
60190014162013,43,1,-5.240762731432915,"[-10,-5)",43,1,-5.518883878402137,"[-10,-5)","[-10,-5)","[-10,-5)"
60190014162014,101,2,-5.355023505538703,"[-10,-5)",101,2,-5.475309447298562,"[-10,-5)","[-10,-5)","[-10,-5)"
60190014162017,317,8,-5.663322785496712,"[-10,-5)",317,8,-7.093440794979388,"[-10,-5)","[-10,-5)","[-10,-5)"
60190014162018,46,1,-5.757757996022701,"[-10,-5)",46,1,-7.014411097342441,"[-10,-5)","[-10,-5)","[-10,-5)"
60190014162019,51,1,-5.86137971431017,"[-10,-5)",51,1,-7.155757790427891,"[-10,-5)","[-10,-5)","[-10,-5)"
60190014162020,117,1,-5.67756894081831,"[-10,-5)",117,1,-7.046655398046419,"[-10,-5)","[-10,-5)","[-10,-5)"
60190014162021,130,2,-5.651369141042233,"[-10,-5)",130,2,-7.105417720247484,"[-10,-5)","[-10,-5)","[-10,-5)"
60190014162022,14,27,-5.974416169524193,"[-10,-5)",14,27,-7.857292468115443,"[-10,-5)","[-10,-5)","[-10,-5)"
60190014162025,22,6,-6.013444776088,"[-10,-5)",22,6,-6.52019675743882,"[-10,-5)","[-10,-5)","[-10,-5)"
60190014162028,104,3,-5.823627090454102,"[-10,-5)",104,3,-6.159256247132385,"[-10,-5)","[-10,-5)","[-10,-5)"
60190014162029,159,3,-5.647869627177715,"[-10,-5)",159,3,-5.690427966692043,"[-10,-5)","[-10,-5)","[-10,-5)"
60190014162030,462,10,-5.592115285992622,"[-10,-5)",462,10,-6.016914790924629,"[-10,-5)","[-10,-5)","[-10,-5)"
60190014162031,83,2,-5.747220848500729,"[-10,-5)",83,2,-6.455642539160143,"[-10,-5)","[-10,-5)","[-10,-5)"
60190014162033,144,14,-5.774623677134514,"[-10,-5)",144,14,-6.842899391404316,"[-10,-5)","[-10,-5)","[-10,-5)"
60190015001000,0,5,-4.43143911883235,"[-5,-3)",0,5,-7.342094364256678,"[-10,-5)","[-5,-3)","[-10,-5)"
60190015001001,2,21,-4.487643389403821,"[-5,-3)",2,21,-7.37464658135831,"[-10,-5)","[-5,-3)","[-10,-5)"
60190015001002,0,2,-4.539802837371827,"[-5,-3)",0,2,-7.393217007938498,"[-10,-5)","[-5,-3)","[-10,-5)"
60190015001003,5,12,-4.435431426018477,"[-5,-3)",5,12,-7.273021387625736,"[-10,-5)","[-5,-3)","[-10,-5)"
60190015001004,2,10,-4.76317248120904,"[-5,-3)",2,10,-7.277357782207435,"[-10,-5)","[-5,-3)","[-10,-5)"
60190015001005,0,1,-4.820941427350045,"[-5,-3)",0,1,-7.318326854271095,"[-10,-5)","[-5,-3)","[-10,-5)"
60190015001006,0,7,-4.614379271864891,"[-5,-3)",0,7,-7.320294224169749,"[-10,-5)","[-5,-3)","[-10,-5)"
60190015001007,9,35,-4.496882128715515,"[-5,-3)",9,35,-7.35032232216664,"[-10,-5)","[-5,-3)","[-10,-5)"
60190015001009,0,3,-4.565419290214777,"[-5,-3)",0,3,-7.44349543802823,"[-10,-5)","[-5,-3)","[-10,-5)"
60190015001010,0,24,-4.194846234843135,"[-5,-3)",0,24,-7.3978786463166095,"[-10,-5)","[-5,-3)","[-10,-5)"
60190015001011,0,3,-4.487227807939052,"[-5,-3)",0,3,-7.372437764099874,"[-10,-5)","[-5,-3)","[-10,-5)"
60190015001012,0,16,-5.022263111919164,"[-10,-5)",0,16,-7.663816437885737,"[-10,-5)","[-10,-5)","[-10,-5)"
60190015001013,0,4,-5.023825800418853,"[-10,-5)",0,4,-7.589884688208814,"[-10,-5)","[-10,-5)","[-10,-5)"
60190015001014,0,9,-4.651902247220278,"[-5,-3)",0,9,-7.520206956955547,"[-10,-5)","[-5,-3)","[-10,-5)"
60190015001015,0,5,-4.821510297060013,"[-5,-3)",0,5,-7.646037958645637,"[-10,-5)","[-5,-3)","[-10,-5)"
60190015001016,0,1,-4.707474629580974,"[-5,-3)",0,1,-7.636106802654196,"[-10,-5)","[-5,-3)","[-10,-5)"
60190015001017,0,1,-4.66540467068553,"[-5,-3)",0,1,-7.638839986766937,"[-10,-5)","[-5,-3)","[-10,-5)"
60190015001018,0,3,-4.816769148409366,"[-5,-3)",0,3,-7.753699620428499,"[-10,-5)","[-5,-3)","[-10,-5)"
60190015001019,0,22,-5.213754761964083,"[-10,-5)",0,22,-8.149753394184568,"[-10,-5)","[-10,-5)","[-10,-5)"
60190015001020,0,9,-5.782678690552712,"[-10,-5)",0,9,-8.171843839214672,"[-10,-5)","[-10,-5)","[-10,-5)"
60190015001021,0,1,-5.760229343175888,"[-10,-5)",0,1,-8.016786912873602,"[-10,-5)","[-10,-5)","[-10,-5)"
60190015001022,0,6,-6.2537669643759735,"[-10,-5)",0,6,-8.464195403832601,"[-10,-5)","[-10,-5)","[-10,-5)"
60190015001023,0,6,-5.075229594111443,"[-10,-5)",0,6,-7.625149921467253,"[-10,-5)","[-10,-5)","[-10,-5)"
60190015001024,0,46,-4.245269977301359,"[-5,-3)",0,46,-7.4513740074058,"[-10,-5)","[-5,-3)","[-10,-5)"
60190015001025,7,126,-5.444653697311878,"[-10,-5)",7,126,-8.123425974073854,"[-10,-5)","[-10,-5)","[-10,-5)"
60190015001026,0,107,-7.084342288970947,"[-10,-5)",0,107,-8.94117693552923,"[-10,-5)","[-10,-5)","[-10,-5)"
60190015001027,0,38,-5.323013513535262,"[-10,-5)",0,38,-8.376582394583235,"[-10,-5)","[-10,-5)","[-10,-5)"
60190015001030,4,28,-4.824730485677719,"[-5,-3)",4,28,-7.779074885774516,"[-10,-5)","[-5,-3)","[-10,-5)"
60190015001031,0,3,-4.694518366456032,"[-5,-3)",0,3,-7.487896187213697,"[-10,-5)","[-5,-3)","[-10,-5)"
60190015001032,12,35,-4.363161411881447,"[-5,-3)",12,35,-6.708395032439392,"[-10,-5)","[-5,-3)","[-10,-5)"
60190015001033,0,4,-4.6458741869777445,"[-5,-3)",0,4,-7.39054887258504,"[-10,-5)","[-5,-3)","[-10,-5)"
60190015001036,41,50,-4.892822543531657,"[-5,-3)",41,50,-8.26844067863798,"[-10,-5)","[-5,-3)","[-10,-5)"
60190015001037,48,22,-5.951524273306132,"[-10,-5)",48,22,-8.524486797960384,"[-10,-5)","[-10,-5)","[-10,-5)"
60190015001038,0,4,-5.585020878911019,"[-10,-5)",0,4,-8.38087532864017,"[-10,-5)","[-10,-5)","[-10,-5)"
60190015001040,0,27,-4.620094368606806,"[-5,-3)",0,27,-7.446097388399536,"[-10,-5)","[-5,-3)","[-10,-5)"
60190015001041,0,32,-4.398874024674297,"[-5,-3)",0,32,-7.3663186358358255,"[-10,-5)","[-5,-3)","[-10,-5)"
60190015001042,25,3,-4.215256706625223,"[-5,-3)",25,3,-6.907504455656406,"[-10,-5)","[-5,-3)","[-10,-5)"
60190015001043,23,2,-4.15242115817964,"[-5,-3)",23,2,-6.631331568478228,"[-10,-5)","[-5,-3)","[-10,-5)"
60190015001044,38,2,-4.195383879169822,"[-5,-3)",38,2,-6.774962921698657,"[-10,-5)","[-5,-3)","[-10,-5)"
60190015001046,0,4,-3.9453612416982655,"[-5,-3)",0,4,-6.367502606555014,"[-10,-5)","[-5,-3)","[-10,-5)"
60190015001047,0,6,-3.92359913662076,"[-5,-3)",0,6,-6.313518669631909,"[-10,-5)","[-5,-3)","[-10,-5)"
60190015001048,0,6,-3.998269531130791,"[-5,-3)",0,6,-6.560316786963197,"[-10,-5)","[-5,-3)","[-10,-5)"
60190015001049,0,4,-3.8337063677608967,"[-5,-3)",0,4,-6.499339398277914,"[-10,-5)","[-5,-3)","[-10,-5)"
60190015001050,12,58,-4.183676347509026,"[-5,-3)",12,58,-6.991752540877554,"[-10,-5)","[-5,-3)","[-10,-5)"
60190015001051,32,29,-4.523903439939022,"[-5,-3)",32,29,-7.4554575923990205,"[-10,-5)","[-5,-3)","[-10,-5)"
60190015001052,20,31,-4.79454803019762,"[-5,-3)",20,31,-7.676335341462616,"[-10,-5)","[-5,-3)","[-10,-5)"
60190015001053,8,32,-4.857950319349766,"[-5,-3)",8,32,-7.809160647082038,"[-10,-5)","[-5,-3)","[-10,-5)"
60190015001054,14,14,-5.050971729308367,"[-10,-5)",14,14,-8.022065236214171,"[-10,-5)","[-10,-5)","[-10,-5)"
60190015001055,106,38,-4.9173276565969,"[-5,-3)",106,38,-7.763202420398113,"[-10,-5)","[-5,-3)","[-10,-5)"
60190015001056,21,14,-4.797023635357618,"[-5,-3)",21,14,-7.958467717591668,"[-10,-5)","[-5,-3)","[-10,-5)"
60190015001057,40,23,-4.87849662154913,"[-5,-3)",40,23,-7.718192087643125,"[-10,-5)","[-5,-3)","[-10,-5)"
60190015001059,7,3,-4.722000961750746,"[-5,-3)",7,3,-7.422971844335258,"[-10,-5)","[-5,-3)","[-10,-5)"
60190015001060,37,13,-5.049492497742176,"[-10,-5)",37,13,-8.145099425310827,"[-10,-5)","[-10,-5)","[-10,-5)"
60190015002005,94,17,-5.8420165702700615,"[-10,-5)",94,17,-7.542499649656431,"[-10,-5)","[-10,-5)","[-10,-5)"
60190015002006,19,43,-5.40327381938696,"[-10,-5)",19,43,-7.788036275546784,"[-10,-5)","[-10,-5)","[-10,-5)"
60190015002007,112,62,-4.567338231950998,"[-5,-3)",112,62,-6.940895489291496,"[-10,-5)","[-5,-3)","[-10,-5)"
60190015002008,12,64,-4.3503487855196,"[-5,-3)",12,64,-6.343754412358214,"[-10,-5)","[-5,-3)","[-10,-5)"
60190015002009,42,129,-4.575181196630001,"[-5,-3)",42,129,-6.602987068718315,"[-10,-5)","[-5,-3)","[-10,-5)"
60190015002010,21,19,-4.831085702776909,"[-5,-3)",21,19,-6.63015302130677,"[-10,-5)","[-5,-3)","[-10,-5)"
60190015002011,28,88,-5.832451099902392,"[-10,-5)",28,88,-6.1984837735927165,"[-10,-5)","[-10,-5)","[-10,-5)"
60190015002023,21,76,-5.192754840105772,"[-10,-5)",21,76,-6.040281214237254,"[-10,-5)","[-10,-5)","[-10,-5)"
60190015002024,10,34,-4.460774089023471,"[-5,-3)",10,34,-6.098059567433275,"[-10,-5)","[-5,-3)","[-10,-5)"
60190015002025,19,53,-4.599187839031219,"[-5,-3)",19,53,-6.572233492419206,"[-10,-5)","[-5,-3)","[-10,-5)"
60190015002026,22,21,-3.984941402077675,"[-5,-3)",22,21,-6.403802086680474,"[-10,-5)","[-5,-3)","[-10,-5)"
60190015002027,20,6,-4.014179289713503,"[-5,-3)",20,6,-6.154475589408685,"[-10,-5)","[-5,-3)","[-10,-5)"
60190015002028,25,2,-3.95151576474309,"[-5,-3)",25,2,-6.089986135833573,"[-10,-5)","[-5,-3)","[-10,-5)"
60190015002029,0,1,-4.173810119926929,"[-5,-3)",0,1,-6.206019203663679,"[-10,-5)","[-5,-3)","[-10,-5)"
60190015002030,100,4,-4.192739231139422,"[-5,-3)",100,4,-6.191880046274799,"[-10,-5)","[-5,-3)","[-10,-5)"
60190015002031,91,3,-4.1807912640273575,"[-5,-3)",91,3,-6.096117478493468,"[-10,-5)","[-5,-3)","[-10,-5)"
60190015002032,47,1,-4.160921701043844,"[-5,-3)",47,1,-6.045863477195433,"[-10,-5)","[-5,-3)","[-10,-5)"
60190015002033,62,2,-4.065936639904976,"[-5,-3)",62,2,-6.046692919890216,"[-10,-5)","[-5,-3)","[-10,-5)"
60190015002034,66,2,-4.093321017175914,"[-5,-3)",66,2,-6.010347422738537,"[-10,-5)","[-5,-3)","[-10,-5)"
60190015002035,70,1,-4.110386256873608,"[-5,-3)",70,1,-5.990187420363827,"[-10,-5)","[-5,-3)","[-10,-5)"
60190015002036,107,37,-4.0529020294547085,"[-5,-3)",107,37,-6.055438995428701,"[-10,-5)","[-5,-3)","[-10,-5)"
60190015002037,84,2,-4.039455669745803,"[-5,-3)",84,2,-5.983029500341278,"[-10,-5)","[-5,-3)","[-10,-5)"
60190015002038,20,2,-4.044692592322827,"[-5,-3)",20,2,-5.978435183168188,"[-10,-5)","[-5,-3)","[-10,-5)"
60190015002039,54,2,-4.001042487099767,"[-5,-3)",54,2,-6.012639184266452,"[-10,-5)","[-5,-3)","[-10,-5)"
60190015002040,51,1,-3.987673906981945,"[-5,-3)",51,1,-6.0460498177460416,"[-10,-5)","[-5,-3)","[-10,-5)"
60190015002041,53,1,-4.0730997428298,"[-5,-3)",53,1,-6.103148993721779,"[-10,-5)","[-5,-3)","[-10,-5)"
60190015002043,0,3,-3.9074590198695662,"[-5,-3)",0,3,-6.187279479875926,"[-10,-5)","[-5,-3)","[-10,-5)"
60190015002044,0,4,-4.192827229946852,"[-5,-3)",0,4,-5.807591576277368,"[-10,-5)","[-5,-3)","[-10,-5)"
60190015002045,0,4,-4.064418802410364,"[-5,-3)",0,4,-6.51882902915958,"[-10,-5)","[-5,-3)","[-10,-5)"
60190015002046,0,2,-3.7861438639462,"[-5,-3)",0,2,-6.202756255638003,"[-10,-5)","[-5,-3)","[-10,-5)"
60190015002047,2,4,-3.805487279221416,"[-5,-3)",2,4,-6.215297883672273,"[-10,-5)","[-5,-3)","[-10,-5)"
60190015002048,22,1,-3.8873163767158982,"[-5,-3)",22,1,-6.100026653276211,"[-10,-5)","[-5,-3)","[-10,-5)"
60190015002049,0,1,-3.838412600755692,"[-5,-3)",0,1,-6.128695828721102,"[-10,-5)","[-5,-3)","[-10,-5)"
60190015002050,7,27,-3.832608369737864,"[-5,-3)",7,27,-6.431938941710974,"[-10,-5)","[-5,-3)","[-10,-5)"
60190015002051,1,36,-4.232779540121555,"[-5,-3)",1,36,-6.39238815984425,"[-10,-5)","[-5,-3)","[-10,-5)"
60190015002052,0,7,-3.8740867495536806,"[-5,-3)",0,7,-6.415705725573483,"[-10,-5)","[-5,-3)","[-10,-5)"
60190015002053,0,1,-3.766399486362934,"[-5,-3)",0,1,-6.379747680420327,"[-10,-5)","[-5,-3)","[-10,-5)"
60190015002054,7,41,-4.176839833706618,"[-5,-3)",7,41,-6.617494362316934,"[-10,-5)","[-5,-3)","[-10,-5)"
60190015002055,0,12,-4.407816264778376,"[-5,-3)",0,12,-6.797268680962543,"[-10,-5)","[-5,-3)","[-10,-5)"
60190015002056,0,8,-4.2933861639350654,"[-5,-3)",0,8,-6.671902678481821,"[-10,-5)","[-5,-3)","[-10,-5)"
60190016001037,0,7,-5.214313128590584,"[-10,-5)",0,7,-6.351026806834872,"[-10,-5)","[-10,-5)","[-10,-5)"
60190017001000,0,3,-4.688413236290216,"[-5,-3)",0,3,-5.730892839857334,"[-10,-5)","[-5,-3)","[-10,-5)"
60190017001001,26,15,-4.539809934049845,"[-5,-3)",26,15,-5.7464034182497805,"[-10,-5)","[-5,-3)","[-10,-5)"
60190017001002,10,29,-4.850307480990887,"[-5,-3)",10,29,-5.950516198872928,"[-10,-5)","[-5,-3)","[-10,-5)"
60190017001003,0,8,-4.730315571650863,"[-5,-3)",0,8,-5.781238023040654,"[-10,-5)","[-5,-3)","[-10,-5)"
60190017001004,0,8,-4.438674749806523,"[-5,-3)",0,8,-6.142882707470503,"[-10,-5)","[-5,-3)","[-10,-5)"
60190017001005,26,28,-4.3497353486716746,"[-5,-3)",26,28,-6.505778089224027,"[-10,-5)","[-5,-3)","[-10,-5)"
60190017001006,60,125,-4.237884322553874,"[-5,-3)",60,125,-6.6280566901124205,"[-10,-5)","[-5,-3)","[-10,-5)"
60190017001007,40,12,-4.420533227920533,"[-5,-3)",40,12,-7.441971195048707,"[-10,-5)","[-5,-3)","[-10,-5)"
60190017001008,29,8,-4.5827903967350725,"[-5,-3)",29,8,-7.824159073016028,"[-10,-5)","[-5,-3)","[-10,-5)"
60190017001009,26,3,-4.658681277930737,"[-5,-3)",26,3,-7.950319011226858,"[-10,-5)","[-5,-3)","[-10,-5)"
60190017001010,0,25,-4.540472763776779,"[-5,-3)",0,25,-7.930382844757452,"[-10,-5)","[-5,-3)","[-10,-5)"
60190017001011,129,41,-4.631897279620171,"[-5,-3)",129,41,-7.826477535781378,"[-10,-5)","[-5,-3)","[-10,-5)"
60190017001012,56,30,-4.14767021611333,"[-5,-3)",56,30,-7.8742298583763475,"[-10,-5)","[-5,-3)","[-10,-5)"
60190017001013,17,26,-4.1144475437700745,"[-5,-3)",17,26,-9.349395395382592,"[-10,-5)","[-5,-3)","[-10,-5)"
60190017001014,0,3,-4.293062413483859,"[-5,-3)",0,3,-10.505863199982842,<-10,"[-5,-3)",<-10
60190017001015,35,19,-3.993318320810795,"[-5,-3)",35,19,-7.958272003202386,"[-10,-5)","[-5,-3)","[-10,-5)"
60190017001016,25,15,-4.09224232211709,"[-5,-3)",25,15,-7.894871335192036,"[-10,-5)","[-5,-3)","[-10,-5)"
60190017001017,16,1,-4.767840108275414,"[-5,-3)",16,1,-7.868734232411973,"[-10,-5)","[-5,-3)","[-10,-5)"
60190017001018,10,6,-4.467784329503775,"[-5,-3)",10,6,-7.656423887840624,"[-10,-5)","[-5,-3)","[-10,-5)"
60190017001019,70,16,-4.338555951789022,"[-5,-3)",70,16,-7.5744056400009985,"[-10,-5)","[-5,-3)","[-10,-5)"
60190017001020,280,48,-4.750855770707131,"[-5,-3)",280,48,-7.301368159831387,"[-10,-5)","[-5,-3)","[-10,-5)"
60190017001021,50,82,-5.238669211417436,"[-10,-5)",50,82,-6.693471313159076,"[-10,-5)","[-10,-5)","[-10,-5)"
60190017001022,119,93,-5.6894584313035015,"[-10,-5)",119,93,-7.204719906323231,"[-10,-5)","[-10,-5)","[-10,-5)"
60190017001023,47,50,-4.978430905938149,"[-5,-3)",47,50,-7.578795721113284,"[-10,-5)","[-5,-3)","[-10,-5)"
60190017001024,5,16,-4.102898977696896,"[-5,-3)",5,16,-7.987381465009234,"[-10,-5)","[-5,-3)","[-10,-5)"
60190017001025,5,5,-4.004316184669733,"[-5,-3)",5,5,-7.928080289112278,"[-10,-5)","[-5,-3)","[-10,-5)"
60190017001026,10,16,-3.966915556043386,"[-5,-3)",10,16,-7.814120259907694,"[-10,-5)","[-5,-3)","[-10,-5)"
60190017001027,15,30,-4.0288339298218485,"[-5,-3)",15,30,-8.462950671678993,"[-10,-5)","[-5,-3)","[-10,-5)"
60190017001028,24,51,-4.535362304002047,"[-5,-3)",24,51,-8.550572486655598,"[-10,-5)","[-5,-3)","[-10,-5)"
60190017001029,46,51,-5.412412637472153,"[-10,-5)",46,51,-10.925856621489237,<-10,"[-10,-5)",<-10
60190017001030,32,28,-5.912022176384926,"[-10,-5)",32,28,-9.693656438019516,"[-10,-5)","[-10,-5)","[-10,-5)"
60190017001031,62,34,-5.562658678740263,"[-10,-5)",62,34,-9.245543488881385,"[-10,-5)","[-10,-5)","[-10,-5)"
60190017001032,21,23,-4.937387126684189,"[-5,-3)",21,23,-8.877104759802966,"[-10,-5)","[-5,-3)","[-10,-5)"
60190017001033,23,6,-4.344583302363754,"[-5,-3)",23,6,-8.151527890251113,"[-10,-5)","[-5,-3)","[-10,-5)"
60190017001034,10,15,-4.202772514522076,"[-5,-3)",10,15,-8.244521198843595,"[-10,-5)","[-5,-3)","[-10,-5)"
60190017001035,12,30,-4.51968772932887,"[-5,-3)",12,30,-9.157606656114192,"[-10,-5)","[-5,-3)","[-10,-5)"
60190017001036,35,45,-4.302291501313448,"[-5,-3)",35,45,-8.5898534155908,"[-10,-5)","[-5,-3)","[-10,-5)"
60190017001037,58,71,-4.702593818306923,"[-5,-3)",58,71,-8.169564008026887,"[-10,-5)","[-5,-3)","[-10,-5)"
60190017001038,16,25,-4.812607656419277,"[-5,-3)",16,25,-7.312678122275048,"[-10,-5)","[-5,-3)","[-10,-5)"
60190017001039,13,34,-4.348196221143008,"[-5,-3)",13,34,-7.132288538945569,"[-10,-5)","[-5,-3)","[-10,-5)"
60190017001040,36,21,-4.069888921827078,"[-5,-3)",36,21,-7.687744723407363,"[-10,-5)","[-5,-3)","[-10,-5)"
60190017001049,0,9,-4.722786705940962,"[-5,-3)",0,9,-6.460761507243256,"[-10,-5)","[-5,-3)","[-10,-5)"
60190017001050,0,3,-4.906358747184277,"[-5,-3)",0,3,-6.387642156918072,"[-10,-5)","[-5,-3)","[-10,-5)"
60190017002007,72,2,-7.44951945617795,"[-10,-5)",72,2,-11.620435342769303,<-10,"[-10,-5)",<-10
60190017002008,0,8,-7.842903363704682,"[-10,-5)",0,8,-11.94997349351811,<-10,"[-10,-5)",<-10
60190017002009,12,3,-7.883059206604958,"[-10,-5)",12,3,-12.0236694769496,<-10,"[-10,-5)",<-10
60190017002010,22,3,-7.798318058252335,"[-10,-5)",22,3,-11.974436940011302,<-10,"[-10,-5)",<-10
60190017003000,43,52,-4.76742949448526,"[-5,-3)",43,52,-7.417879577489581,"[-10,-5)","[-5,-3)","[-10,-5)"
60190017003001,69,66,-4.959000769257546,"[-5,-3)",69,66,-7.458925344596937,"[-10,-5)","[-5,-3)","[-10,-5)"
60190017003002,17,29,-4.54311755374074,"[-5,-3)",17,29,-9.649051168717524,"[-10,-5)","[-5,-3)","[-10,-5)"
60190017003003,28,25,-4.886448875069618,"[-5,-3)",28,25,-10.478911993516736,<-10,"[-5,-3)",<-10
60190017003004,12,21,-5.542761012911797,"[-10,-5)",12,21,-10.244950069998657,<-10,"[-10,-5)",<-10
60190017003005,62,34,-5.841163549572229,"[-10,-5)",62,34,-10.43916862187362,<-10,"[-10,-5)",<-10
60190017003006,54,43,-6.1707642182707785,"[-10,-5)",54,43,-11.232485678630416,<-10,"[-10,-5)",<-10
60190017003007,27,27,-5.75366803854704,"[-10,-5)",27,27,-10.11177565990256,<-10,"[-10,-5)",<-10
60190017003008,21,37,-5.772223296761513,"[-10,-5)",21,37,-10.232165290270297,<-10,"[-10,-5)",<-10
60190017003009,43,24,-5.599269021302462,"[-10,-5)",43,24,-11.14464031180422,<-10,"[-10,-5)",<-10
60190017003010,18,28,-5.422799051553011,"[-10,-5)",18,28,-10.78513769153922,<-10,"[-10,-5)",<-10
60190017003011,37,45,-5.74502769112587,"[-10,-5)",37,45,-9.538093324390054,"[-10,-5)","[-10,-5)","[-10,-5)"
60190017003012,39,39,-6.890066470205784,"[-10,-5)",39,39,-10.501306946275886,<-10,"[-10,-5)",<-10
60190017003013,26,72,-7.136175005882979,"[-10,-5)",26,73,-10.332568760362369,<-10,"[-10,-5)",<-10
60190017003014,4,33,-7.079385401308537,"[-10,-5)",4,46,-11.337381205837318,<-10,"[-10,-5)",<-10
60190017003015,27,6,-6.7004193887114525,"[-10,-5)",27,6,-10.085770927086802,<-10,"[-10,-5)",<-10
60190017003016,13,7,-7.067876292765141,"[-10,-5)",13,11,-11.090861179053356,<-10,"[-10,-5)",<-10
60190017003017,29,78,-5.817763531208039,"[-10,-5)",29,78,-8.8527168721306,"[-10,-5)","[-10,-5)","[-10,-5)"
60190017003018,26,49,-5.724645464122296,"[-10,-5)",26,49,-9.989256747877253,"[-10,-5)","[-10,-5)","[-10,-5)"
60190017003019,24,56,-5.439737118780613,"[-10,-5)",24,56,-10.289926316067556,<-10,"[-10,-5)",<-10
60190017003020,16,49,-5.675304248929024,"[-10,-5)",16,49,-10.28203865690703,<-10,"[-10,-5)",<-10
60190017003021,8,4,-7.212961345911026,"[-10,-5)",8,4,-11.32599909324144,<-10,"[-10,-5)",<-10
60190017004041,13,6,-4.738056202232838,"[-5,-3)",13,6,-7.881766708725896,"[-10,-5)","[-5,-3)","[-10,-5)"
60190017004042,14,19,-4.233766829967499,"[-5,-3)",14,19,-7.685884158458449,"[-10,-5)","[-5,-3)","[-10,-5)"
60190017004043,9,19,-3.3944523721933364,"[-5,-3)",9,19,-7.5124829138882365,"[-10,-5)","[-5,-3)","[-10,-5)"
60190017004044,47,77,-4.59340943992138,"[-5,-3)",47,77,-8.46731859644532,"[-10,-5)","[-5,-3)","[-10,-5)"
60190017004045,31,47,-4.632849086076021,"[-5,-3)",31,47,-8.034839221825267,"[-10,-5)","[-5,-3)","[-10,-5)"
60190017004046,9,20,-6.61703115105629,"[-10,-5)",9,20,-10.053799319871516,<-10,"[-10,-5)",<-10
60190017004047,24,14,-5.518765441328288,"[-10,-5)",24,14,-9.042334573550978,"[-10,-5)","[-10,-5)","[-10,-5)"
60190017004048,10,23,-5.018776372075081,"[-10,-5)",10,31,-9.175192829633618,"[-10,-5)","[-10,-5)","[-10,-5)"
60190017004049,14,13,-5.0871469035744665,"[-10,-5)",14,13,-8.483109253775115,"[-10,-5)","[-10,-5)","[-10,-5)"
60190017004061,37,37,-7.019998128712177,"[-10,-5)",37,37,-9.65225872587831,"[-10,-5)","[-10,-5)","[-10,-5)"
60190017004062,7,8,-6.84569605216384,"[-10,-5)",7,8,-10.177960073943346,<-10,"[-10,-5)",<-10
60190018001000,5,44,-4.120660259574652,"[-5,-3)",5,44,-7.716861002551428,"[-10,-5)","[-5,-3)","[-10,-5)"
60190018001001,0,32,-4.395694429054856,"[-5,-3)",0,32,-8.156813030928898,"[-10,-5)","[-5,-3)","[-10,-5)"
60190018001003,11,32,-4.523264596983791,"[-5,-3)",11,32,-8.312179862057643,"[-10,-5)","[-5,-3)","[-10,-5)"
60190018001004,18,19,-4.944667182862759,"[-5,-3)",18,19,-9.214136868487993,"[-10,-5)","[-5,-3)","[-10,-5)"
60190018001006,32,23,-4.721483188122511,"[-5,-3)",32,23,-8.659098245930764,"[-10,-5)","[-5,-3)","[-10,-5)"
60190018001007,0,1,-4.491006930917502,"[-5,-3)",0,1,-8.20898753293222,"[-10,-5)","[-5,-3)","[-10,-5)"
60190018001008,4,40,-4.411049227416516,"[-5,-3)",4,40,-7.8469698833454355,"[-10,-5)","[-5,-3)","[-10,-5)"
60190018001009,0,20,-4.244830267131329,"[-5,-3)",0,20,-7.961878374590388,"[-10,-5)","[-5,-3)","[-10,-5)"
60190018001011,41,36,-4.896167065948248,"[-5,-3)",41,36,-8.655193331983783,"[-10,-5)","[-5,-3)","[-10,-5)"
60190018001012,58,39,-5.117461641132832,"[-10,-5)",58,39,-9.01695277492346,"[-10,-5)","[-10,-5)","[-10,-5)"
60190018001013,40,33,-4.956574273109436,"[-5,-3)",40,33,-8.469654670665149,"[-10,-5)","[-5,-3)","[-10,-5)"
60190018001014,0,7,-4.543036651611328,"[-5,-3)",0,7,-8.07636135037069,"[-10,-5)","[-5,-3)","[-10,-5)"
60190018001015,0,39,-4.78394672870636,"[-5,-3)",0,39,-8.091824207402613,"[-10,-5)","[-5,-3)","[-10,-5)"
60190018001016,34,30,-4.632199314236641,"[-5,-3)",34,30,-8.364183930630528,"[-10,-5)","[-5,-3)","[-10,-5)"
60190018001017,29,9,-4.831037445366383,"[-5,-3)",29,9,-8.601904763456854,"[-10,-5)","[-5,-3)","[-10,-5)"
60190018001018,89,4,-5.004071203619242,"[-10,-5)",89,4,-8.535803577741262,"[-10,-5)","[-10,-5)","[-10,-5)"
60190018001019,14,14,-3.836411763355137,"[-5,-3)",14,14,-8.496053956872363,"[-10,-5)","[-5,-3)","[-10,-5)"
60190018001020,26,26,-2.94100274965167,"[-3,0)",26,26,-7.950968646652533,"[-10,-5)","[-3,0)","[-10,-5)"
60190018001021,70,11,-4.684087101370096,"[-5,-3)",70,11,-8.569634329626872,"[-10,-5)","[-5,-3)","[-10,-5)"
60190018001022,39,34,-5.099986781179905,"[-10,-5)",39,34,-8.932951534120724,"[-10,-5)","[-10,-5)","[-10,-5)"
60190018001023,82,38,-5.335326249897481,"[-10,-5)",82,38,-9.77620189327062,"[-10,-5)","[-10,-5)","[-10,-5)"
60190018001024,27,43,-5.359466309845447,"[-10,-5)",27,43,-10.37287058554588,<-10,"[-10,-5)",<-10
60190018001025,0,26,-5.412644556909799,"[-10,-5)",0,26,-11.01397524991556,<-10,"[-10,-5)",<-10
60190018001026,19,14,-5.594575846195221,"[-10,-5)",19,14,-11.063065758995162,<-10,"[-10,-5)",<-10
60190018001027,22,24,-5.922077601402998,"[-10,-5)",22,24,-11.566423852441613,<-10,"[-10,-5)",<-10
60190018001028,72,77,-6.870640875399113,"[-10,-5)",72,77,-12.223078863004178,<-10,"[-10,-5)",<-10
60190018001029,19,6,-7.166955569386483,"[-10,-5)",19,6,-14.027772892864837,<-10,"[-10,-5)",<-10
60190018001030,13,12,-6.188428417593241,"[-10,-5)",13,12,-14.144501045035398,<-10,"[-10,-5)",<-10
60190018001031,52,22,-5.665900015085936,"[-10,-5)",52,22,-14.361852526423297,<-10,"[-10,-5)",<-10
60190018001032,0,11,-6.290743495523929,"[-10,-5)",0,11,-13.199970335793845,<-10,"[-10,-5)",<-10
60190018001033,11,3,-6.233737300336361,"[-10,-5)",11,3,-13.561243759401062,<-10,"[-10,-5)",<-10
60190018001034,9,17,-6.46787033379078,"[-10,-5)",9,17,-12.95085233541862,<-10,"[-10,-5)",<-10
60190018001035,47,30,-7.187859260290861,"[-10,-5)",47,30,-12.840061515852971,<-10,"[-10,-5)",<-10
60190018001036,28,37,-7.093705929815769,"[-10,-5)",28,37,-11.47460909102059,<-10,"[-10,-5)",<-10
60190018001037,13,18,-7.538320188224316,"[-10,-5)",13,18,-11.83285732123759,<-10,"[-10,-5)",<-10
60190018001038,13,27,-7.307820086181164,"[-10,-5)",13,27,-12.464412600500005,<-10,"[-10,-5)",<-10
60190018001039,35,68,-7.348678784072399,"[-10,-5)",35,68,-13.054270772895086,<-10,"[-10,-5)",<-10
60190018001040,0,4,-4.561554013565183,"[-5,-3)",0,4,-9.530936824646094,"[-10,-5)","[-5,-3)","[-10,-5)"
60190018001041,44,7,-5.36959071457386,"[-10,-5)",44,7,-10.282607904564683,<-10,"[-10,-5)",<-10
60190018001042,67,55,-5.785766029357911,"[-10,-5)",67,55,-10.16725174150912,<-10,"[-10,-5)",<-10
60190018001043,44,33,-6.888153773546219,"[-10,-5)",44,33,-10.845163209515524,<-10,"[-10,-5)",<-10
60190018001044,32,24,-7.431024093925953,"[-10,-5)",32,24,-11.556356349705824,<-10,"[-10,-5)",<-10
60190018001045,31,36,-7.665492090582848,"[-10,-5)",31,36,-12.045996824448007,<-10,"[-10,-5)",<-10
60190018001046,35,50,-7.067428350448608,"[-10,-5)",35,50,-12.791393681680852,<-10,"[-10,-5)",<-10
60190018001047,20,24,-7.071158932149411,"[-10,-5)",20,24,-12.288334982960528,<-10,"[-10,-5)",<-10
60190018002000,16,8,-2.9001575354486704,"[-3,0)",16,8,-7.667440704783935,"[-10,-5)","[-3,0)","[-10,-5)"
60190018002001,57,34,-3.8364695303142073,"[-5,-3)",57,34,-7.947063448649835,"[-10,-5)","[-5,-3)","[-10,-5)"
60190018002002,24,31,-4.244007904082537,"[-5,-3)",24,31,-8.668949298209903,"[-10,-5)","[-5,-3)","[-10,-5)"
60190018002004,37,17,-4.497809522598982,"[-5,-3)",37,17,-9.184482019703754,"[-10,-5)","[-5,-3)","[-10,-5)"
60190018002009,17,27,-5.345435893535615,"[-10,-5)",17,27,-8.8390918555902,"[-10,-5)","[-10,-5)","[-10,-5)"
60190018002010,40,8,-4.860584606230259,"[-5,-3)",40,8,-8.461201456571295,"[-10,-5)","[-5,-3)","[-10,-5)"
60190018002011,16,20,-4.644656680896878,"[-5,-3)",16,20,-8.461766727448904,"[-10,-5)","[-5,-3)","[-10,-5)"
60190018002012,77,29,-4.735463359951973,"[-5,-3)",77,29,-8.247736141453032,"[-10,-5)","[-5,-3)","[-10,-5)"
60190018002013,59,2,-4.872169507294894,"[-5,-3)",59,2,-8.3598813386792,"[-10,-5)","[-5,-3)","[-10,-5)"
60190018002014,37,8,-4.968245469778776,"[-5,-3)",37,8,-8.518501743994944,"[-10,-5)","[-5,-3)","[-10,-5)"
60190018002015,64,38,-5.43438168168068,"[-10,-5)",64,38,-9.160988623485457,"[-10,-5)","[-10,-5)","[-10,-5)"
60190018002016,26,10,-5.326786107569934,"[-10,-5)",26,10,-8.878709106494794,"[-10,-5)","[-10,-5)","[-10,-5)"
60190018002017,62,8,-4.988563542813063,"[-5,-3)",62,8,-8.533977383534152,"[-10,-5)","[-5,-3)","[-10,-5)"
60190018002019,57,2,-4.928737411648035,"[-5,-3)",57,2,-8.454151477721354,"[-10,-5)","[-5,-3)","[-10,-5)"
60190018003000,19,34,-8.83429650887847,"[-10,-5)",19,34,-12.569777955863472,<-10,"[-10,-5)",<-10
60190018003001,59,30,-9.0353842869401,"[-10,-5)",59,30,-13.119531437742914,<-10,"[-10,-5)",<-10
60190018003002,14,17,-9.280158931016922,"[-10,-5)",14,17,-14.364763529415123,<-10,"[-10,-5)",<-10
60190018003003,26,35,-7.4376768037676815,"[-10,-5)",26,35,-12.117138578868708,<-10,"[-10,-5)",<-10
60190018003004,31,47,-8.1850801974535,"[-10,-5)",31,47,-11.36019372050103,<-10,"[-10,-5)",<-10
60190018003005,9,5,-8.622340026497842,"[-10,-5)",9,5,-12.853693917842026,<-10,"[-10,-5)",<-10
60190018003006,28,16,-9.659042622148991,"[-10,-5)",28,16,-13.948445220780345,<-10,"[-10,-5)",<-10
60190018003007,10,19,-10.410005709528924,<-10,10,19,-14.921792246328398,<-10,<-10,<-10
60190018003008,25,70,-12.994972948729991,<-10,25,76,-17.069825558023044,<-10,<-10,<-10
60190018003009,27,29,-10.273693853616717,<-10,27,29,-14.924754379349356,<-10,<-10,<-10
60190018003010,20,25,-9.466860039532184,"[-10,-5)",20,25,-13.562936731476716,<-10,"[-10,-5)",<-10
60190018003011,17,28,-8.99479583054781,"[-10,-5)",17,28,-11.84909053737508,<-10,"[-10,-5)",<-10
60190018003012,31,15,-9.244031162559986,"[-10,-5)",31,15,-12.100978080994873,<-10,"[-10,-5)",<-10
60190018003013,30,28,-8.892137273401023,"[-10,-5)",30,28,-12.902121440877234,<-10,"[-10,-5)",<-10
60190018003014,11,34,-7.472550163418055,"[-10,-5)",11,34,-11.1312828757496,<-10,"[-10,-5)",<-10
60190018003015,37,42,-5.77970461472869,"[-10,-5)",37,42,-10.73816737433423,<-10,"[-10,-5)",<-10
60190018003016,19,13,-5.470130203664303,"[-10,-5)",19,13,-9.548540893675714,"[-10,-5)","[-10,-5)","[-10,-5)"
60190018003018,131,32,-5.568929871171713,"[-10,-5)",131,32,-9.205896412126467,"[-10,-5)","[-10,-5)","[-10,-5)"
60190018003019,109,61,-5.816241435706616,"[-10,-5)",109,61,-9.17061555580357,"[-10,-5)","[-10,-5)","[-10,-5)"
60190018003020,40,36,-6.388100550323725,"[-10,-5)",40,36,-10.572053863249415,<-10,"[-10,-5)",<-10
60190018003021,33,57,-6.8275436013937,"[-10,-5)",33,57,-10.143470596849102,<-10,"[-10,-5)",<-10
60190018003023,78,48,-6.490776423364878,"[-10,-5)",78,48,-10.134389335564096,<-10,"[-10,-5)",<-10
60190018003024,37,87,-6.072168651223183,"[-10,-5)",37,88,-12.670296752576808,<-10,"[-10,-5)",<-10
60190018003025,8,19,-16.741060039401056,<-10,8,19,-19.23542146661257,<-10,<-10,<-10
60190018003026,10,15,-13.462862607836724,<-10,10,15,-18.028670971086825,<-10,<-10,<-10
60190018003027,34,30,-15.27101384550333,<-10,34,30,-19.78767918369654,<-10,<-10,<-10
60190018003028,23,30,-13.050879442691803,<-10,23,30,-15.828278237116836,<-10,<-10,<-10
60190018003029,15,30,-5.970404559373856,"[-10,-5)",15,30,-9.945484329938656,"[-10,-5)","[-10,-5)","[-10,-5)"
60190018003030,59,54,-18.17728857547045,<-10,59,54,-20.425093396185872,<-10,<-10,<-10
60190018003031,21,75,-15.111848983168604,<-10,21,75,-18.672847982095817,<-10,<-10,<-10
60190018003032,38,57,-15.845956608653069,<-10,38,57,-18.53689323463789,<-10,<-10,<-10
60190018003033,12,13,-10.751588693261146,<-10,12,13,-15.330879064509825,<-10,<-10,<-10
60190018003034,21,26,-12.550862838327884,<-10,21,26,-17.841250440640472,<-10,<-10,<-10
60190018003035,47,60,-6.828407125175,"[-10,-5)",47,60,-12.679012150097812,<-10,"[-10,-5)",<-10
60190018003036,17,20,-8.586907448619606,"[-10,-5)",17,20,-13.36842730654714,<-10,"[-10,-5)",<-10
60190018004000,56,47,-5.034028552472591,"[-10,-5)",56,47,-9.948102755541573,"[-10,-5)","[-10,-5)","[-10,-5)"
60190018004001,17,7,-6.195235267281532,"[-10,-5)",17,7,-10.75906251290555,<-10,"[-10,-5)",<-10
60190018004002,31,20,-5.968626983463764,"[-10,-5)",31,20,-11.002440315343726,<-10,"[-10,-5)",<-10
60190018004003,29,13,-7.376239442825318,"[-10,-5)",29,13,-11.379033431901306,<-10,"[-10,-5)",<-10
60190018004004,41,10,-5.164951758831739,"[-10,-5)",41,10,-10.013998568973486,<-10,"[-10,-5)",<-10
60190018004005,36,13,-4.845222285389901,"[-5,-3)",36,13,-9.300292103795709,"[-10,-5)","[-5,-3)","[-10,-5)"
60190018004006,100,19,-4.642277732491493,"[-5,-3)",100,19,-8.826491143966711,"[-10,-5)","[-5,-3)","[-10,-5)"
60190018004008,31,4,-4.945899450033903,"[-5,-3)",31,4,-9.419426776004013,"[-10,-5)","[-5,-3)","[-10,-5)"
60190018004009,29,6,-5.238508826494217,"[-10,-5)",29,6,-10.065966562470264,<-10,"[-10,-5)",<-10
60190018004010,49,45,-5.666468033194542,"[-10,-5)",49,45,-10.778349896116431,<-10,"[-10,-5)",<-10
60190018004011,1,2,-4.859374196827412,"[-5,-3)",1,2,-9.14336211405416,"[-10,-5)","[-5,-3)","[-10,-5)"
60190018004012,40,1,-4.804948921501636,"[-5,-3)",40,1,-8.957604445777415,"[-10,-5)","[-5,-3)","[-10,-5)"
60190018004013,47,5,-4.794162538647652,"[-5,-3)",47,5,-8.723021576461115,"[-10,-5)","[-5,-3)","[-10,-5)"
60190018004016,22,2,-4.870756700634956,"[-5,-3)",22,2,-8.893699862924413,"[-10,-5)","[-5,-3)","[-10,-5)"
60190018004017,17,2,-4.911806441098451,"[-5,-3)",17,2,-9.142644873367749,"[-10,-5)","[-5,-3)","[-10,-5)"
60190018004018,35,1,-4.963027708232403,"[-5,-3)",35,1,-9.329544161572686,"[-10,-5)","[-5,-3)","[-10,-5)"
60190018004019,0,2,-5.041700629144907,"[-10,-5)",0,2,-9.331601293078036,"[-10,-5)","[-10,-5)","[-10,-5)"
60190018004020,46,2,-5.077764811366796,"[-10,-5)",46,2,-9.468333785090175,"[-10,-5)","[-10,-5)","[-10,-5)"
60190018004021,20,16,-5.238863660395145,"[-10,-5)",20,16,-9.85593917369959,"[-10,-5)","[-10,-5)","[-10,-5)"
60190018004022,43,1,-5.009846480190754,"[-10,-5)",43,1,-9.470597709157788,"[-10,-5)","[-10,-5)","[-10,-5)"
60190018004023,65,27,-6.615327380597591,"[-10,-5)",65,27,-10.75594471735146,<-10,"[-10,-5)",<-10
60190018004024,96,32,-5.772224432229996,"[-10,-5)",96,32,-10.147543955836497,<-10,"[-10,-5)",<-10
60190018004025,29,4,-5.18026099652052,"[-10,-5)",29,4,-9.448036015692534,"[-10,-5)","[-10,-5)","[-10,-5)"
60190018004026,0,4,-5.140934045612813,"[-10,-5)",0,4,-9.194573667175522,"[-10,-5)","[-10,-5)","[-10,-5)"
60190018004027,7,4,-5.008418060839176,"[-10,-5)",7,4,-9.15467974600219,"[-10,-5)","[-10,-5)","[-10,-5)"
60190018004028,32,8,-4.981637185066939,"[-5,-3)",32,8,-8.795735295221863,"[-10,-5)","[-5,-3)","[-10,-5)"
60190018004029,27,4,-5.134572867304087,"[-10,-5)",27,4,-8.755403928243748,"[-10,-5)","[-10,-5)","[-10,-5)"
60190018004030,15,2,-5.097026330977679,"[-10,-5)",15,2,-8.939070378329056,"[-10,-5)","[-10,-5)","[-10,-5)"
60190018004031,41,8,-5.509655293822289,"[-10,-5)",41,8,-9.66209443914871,"[-10,-5)","[-10,-5)","[-10,-5)"
60190018004032,96,8,-5.310291156917811,"[-10,-5)",96,8,-9.407010132485397,"[-10,-5)","[-10,-5)","[-10,-5)"
60190018004033,17,1,-5.417364983260632,"[-10,-5)",17,1,-9.435980975102154,"[-10,-5)","[-10,-5)","[-10,-5)"
60190018004034,22,1,-5.3510933652520185,"[-10,-5)",22,1,-9.284650859773262,"[-10,-5)","[-10,-5)","[-10,-5)"
60190018004035,56,12,-5.312279362231493,"[-10,-5)",56,12,-8.972636390286057,"[-10,-5)","[-10,-5)","[-10,-5)"
60190018004036,18,1,-5.158704695105553,"[-10,-5)",18,1,-8.92366205999487,"[-10,-5)","[-10,-5)","[-10,-5)"
60190018004037,18,1,-5.164680097997189,"[-10,-5)",18,1,-9.03125725273986,"[-10,-5)","[-10,-5)","[-10,-5)"
60190020001000,0,3,-5.4929173529148105,"[-10,-5)",0,3,-10.114461690766213,<-10,"[-10,-5)",<-10
60190020001001,0,2,-5.5307318598032005,"[-10,-5)",0,2,-10.11475029137508,<-10,"[-10,-5)",<-10
60190020001002,24,6,-5.557572631537914,"[-10,-5)",24,6,-9.732540825173238,"[-10,-5)","[-10,-5)","[-10,-5)"
60190020001004,0,3,-5.458639262616635,"[-10,-5)",0,3,-10.648797764528512,<-10,"[-10,-5)",<-10
60190020001005,244,14,-5.535928615182638,"[-10,-5)",244,14,-10.642417305004464,<-10,"[-10,-5)",<-10
60190020001006,0,5,-5.466112348437309,"[-10,-5)",0,5,-10.19885123573462,<-10,"[-10,-5)",<-10
60190020001007,0,3,-5.561900469660759,"[-10,-5)",0,3,-10.376132681404403,<-10,"[-10,-5)",<-10
60190020001008,0,6,-5.621484462171793,"[-10,-5)",0,6,-10.57798040173707,<-10,"[-10,-5)",<-10
60190020001010,105,14,-5.560324723273515,"[-10,-5)",105,14,-10.137202055277706,<-10,"[-10,-5)",<-10
60190020001011,0,9,-5.5836174398660665,"[-10,-5)",0,9,-10.353327552189343,<-10,"[-10,-5)",<-10
60190020001012,0,1,-5.592196471989155,"[-10,-5)",0,1,-10.4267764071467,<-10,"[-10,-5)",<-10
60190020001013,134,15,-5.607961316406727,"[-10,-5)",134,15,-10.49623939227762,<-10,"[-10,-5)",<-10
60190020001014,25,2,-5.659526914358139,"[-10,-5)",25,2,-10.85146470155014,<-10,"[-10,-5)",<-10
60190020001015,18,1,-5.683209948241711,"[-10,-5)",18,1,-10.906727173257222,<-10,"[-10,-5)",<-10
60190020001016,1282,18,-5.615740978717804,"[-10,-5)",1282,18,-10.66134393745426,<-10,"[-10,-5)",<-10
60190020002000,0,3,-5.933047078549862,"[-10,-5)",0,3,-10.852707729369442,<-10,"[-10,-5)",<-10
60190020002001,24,33,-5.776207087934018,"[-10,-5)",24,33,-11.21655469777623,<-10,"[-10,-5)",<-10
60190020002003,122,20,-5.724881073832512,"[-10,-5)",122,20,-11.297328213462244,<-10,"[-10,-5)",<-10
60190020002004,1261,39,-5.747938464581966,"[-10,-5)",1261,39,-10.95296803537995,<-10,"[-10,-5)",<-10
60190020002005,47,1,-5.714768023788929,"[-10,-5)",47,1,-10.97278944333953,<-10,"[-10,-5)",<-10
60190020002006,86,4,-5.793924086540938,"[-10,-5)",86,4,-11.22825665710989,<-10,"[-10,-5)",<-10
60190020002007,37,2,-5.994792435318232,"[-10,-5)",37,2,-11.262262103261698,<-10,"[-10,-5)",<-10
60190020002008,91,1,-5.925620546936989,"[-10,-5)",91,1,-10.970105684921617,<-10,"[-10,-5)",<-10
60190020002009,78,4,-5.8596137769520285,"[-10,-5)",78,4,-11.08208158494022,<-10,"[-10,-5)",<-10
60190020002010,20,1,-5.920583041012288,"[-10,-5)",20,1,-10.87806027025807,<-10,"[-10,-5)",<-10
60190020002011,90,1,-5.914532697200776,"[-10,-5)",90,1,-10.778916871328343,<-10,"[-10,-5)",<-10
60190020002012,42,2,-5.897151797264815,"[-10,-5)",42,2,-11.249907952000909,<-10,"[-10,-5)",<-10
60190020002013,67,1,-5.728354471921921,"[-10,-5)",67,1,-11.037482564864012,<-10,"[-10,-5)",<-10
60190020002014,0,1,-6.487691639363766,"[-10,-5)",0,1,-10.92100267739045,<-10,"[-10,-5)",<-10
60190020002015,46,67,-6.217736846208573,"[-10,-5)",46,67,-10.861316890052144,<-10,"[-10,-5)",<-10
60190020002016,19,13,-5.98448493629694,"[-10,-5)",19,13,-11.097464906371274,<-10,"[-10,-5)",<-10
60190020002018,0,1,-5.569064708054066,"[-10,-5)",0,1,-9.83400098253401,"[-10,-5)","[-10,-5)","[-10,-5)"
60190020002019,0,3,-5.5709581017494205,"[-10,-5)",0,3,-9.859035381019156,"[-10,-5)","[-10,-5)","[-10,-5)"
60190020002021,55,8,-5.894881428033114,"[-10,-5)",55,8,-11.41198275889585,<-10,"[-10,-5)",<-10
60190020003000,0,2,-5.449325014650822,"[-10,-5)",0,2,-9.677133485050286,"[-10,-5)","[-10,-5)","[-10,-5)"
60190020003001,34,2,-5.563425971567631,"[-10,-5)",34,2,-9.792693600110937,"[-10,-5)","[-10,-5)","[-10,-5)"
60190020003002,16,2,-5.660977759212256,"[-10,-5)",16,2,-9.9031645729388,"[-10,-5)","[-10,-5)","[-10,-5)"
60190020003005,0,2,-6.071510647237301,"[-10,-5)",0,2,-10.290643272698254,<-10,"[-10,-5)",<-10
60190020003006,0,2,-6.174764473736286,"[-10,-5)",0,2,-10.38652173521228,<-10,"[-10,-5)",<-10
60190020003007,49,2,-6.287062022835016,"[-10,-5)",49,2,-10.487552400328353,<-10,"[-10,-5)",<-10
60190020003008,56,3,-6.204978722333908,"[-10,-5)",56,3,-10.363535378449525,<-10,"[-10,-5)",<-10
60190020003010,115,41,-6.9098077252507215,"[-10,-5)",115,41,-11.144044362909131,<-10,"[-10,-5)",<-10
60190020003011,224,6,-5.899433237314224,"[-10,-5)",224,6,-10.066012579496482,<-10,"[-10,-5)",<-10
60190020003012,39,2,-5.860567570477724,"[-10,-5)",39,2,-10.112631803834775,<-10,"[-10,-5)",<-10
60190020003013,63,2,-5.760475739836693,"[-10,-5)",63,2,-10.009347440656915,<-10,"[-10,-5)",<-10
60190020003014,51,2,-5.687147469073534,"[-10,-5)",51,2,-9.8879602066097,"[-10,-5)","[-10,-5)","[-10,-5)"
60190020003015,0,2,-5.501693104952574,"[-10,-5)",0,2,-9.70149751204239,"[-10,-5)","[-10,-5)","[-10,-5)"
60190020003016,0,4,-5.59050178527832,"[-10,-5)",0,4,-9.765865673826177,"[-10,-5)","[-10,-5)","[-10,-5)"
60190020003017,69,1,-6.128464610874653,"[-10,-5)",69,1,-10.277231297945896,<-10,"[-10,-5)",<-10
60190020003018,53,2,-5.965348602086306,"[-10,-5)",53,2,-10.204513602405104,<-10,"[-10,-5)",<-10
60190020004000,255,8,-6.13242257013917,"[-10,-5)",255,8,-11.213534617388923,<-10,"[-10,-5)",<-10
60190020004001,172,6,-6.135785260051489,"[-10,-5)",172,6,-10.952161885253997,<-10,"[-10,-5)",<-10
60190020004002,27,3,-6.3371376022696495,"[-10,-5)",27,3,-11.100799720493448,<-10,"[-10,-5)",<-10
60190020004003,64,4,-6.354234635084868,"[-10,-5)",64,4,-11.218901566113315,<-10,"[-10,-5)",<-10
60190020004004,65,4,-6.335931167006493,"[-10,-5)",65,4,-11.35944551774142,<-10,"[-10,-5)",<-10
60190020004005,70,8,-6.6427991889417175,"[-10,-5)",70,8,-11.484049966843816,<-10,"[-10,-5)",<-10
60190020004006,69,8,-6.599938943982124,"[-10,-5)",69,8,-11.38708129848644,<-10,"[-10,-5)",<-10
60190020004007,43,7,-6.534120377898216,"[-10,-5)",43,7,-11.2756519216681,<-10,"[-10,-5)",<-10
60190020004008,60,5,-6.535200776159764,"[-10,-5)",60,5,-11.204850465996827,<-10,"[-10,-5)",<-10
60190020004010,49,3,-6.371424208581447,"[-10,-5)",49,3,-11.00593874555912,<-10,"[-10,-5)",<-10
60190020004011,0,1,-6.689061865210533,"[-10,-5)",0,1,-11.302500868075944,<-10,"[-10,-5)",<-10
60190020004012,0,7,-6.808807235956192,"[-10,-5)",0,7,-11.382600035488872,<-10,"[-10,-5)",<-10
60190020004013,0,20,-6.9330885194242,"[-10,-5)",0,20,-11.554971294027824,<-10,"[-10,-5)",<-10
60190020005000,0,5,-6.4883751913905146,"[-10,-5)",0,5,-11.456420435324578,<-10,"[-10,-5)",<-10
60190020005001,55,7,-6.509507963061333,"[-10,-5)",55,7,-11.553987893134217,<-10,"[-10,-5)",<-10
60190020005002,138,9,-6.231256301701069,"[-10,-5)",138,9,-11.553347063435778,<-10,"[-10,-5)",<-10
60190020005003,96,7,-6.159938661754132,"[-10,-5)",96,7,-11.46659758356728,<-10,"[-10,-5)",<-10
60190020005005,41,1,-6.464176087081433,"[-10,-5)",41,1,-11.558600957984652,<-10,"[-10,-5)",<-10
60190020005006,81,21,-6.699530884623528,"[-10,-5)",81,21,-11.567624840014746,<-10,"[-10,-5)",<-10
60190020005009,0,1,-6.604021520912648,"[-10,-5)",0,1,-11.186020980602382,<-10,"[-10,-5)",<-10
60190020005012,32,5,-6.633679957687855,"[-10,-5)",32,5,-11.541172435388376,<-10,"[-10,-5)",<-10
60190020005013,94,4,-6.376209356635809,"[-10,-5)",94,4,-11.482093959173858,<-10,"[-10,-5)",<-10
60190021001000,43,3,-4.817934139072896,"[-5,-3)",43,3,-9.022535605993072,"[-10,-5)","[-5,-3)","[-10,-5)"
60190021001001,48,2,-4.894708556681872,"[-5,-3)",48,2,-9.137905687778789,"[-10,-5)","[-5,-3)","[-10,-5)"
60190021001002,41,2,-4.965804496407509,"[-5,-3)",41,2,-9.249178265841127,"[-10,-5)","[-5,-3)","[-10,-5)"
60190021001003,45,2,-5.038398686796427,"[-10,-5)",45,2,-9.364122832162188,"[-10,-5)","[-10,-5)","[-10,-5)"
60190021001004,44,2,-5.114282045513392,"[-10,-5)",44,2,-9.484390886682885,"[-10,-5)","[-10,-5)","[-10,-5)"
60190021001005,48,2,-5.191551527380943,"[-10,-5)",48,2,-9.60936119954928,"[-10,-5)","[-10,-5)","[-10,-5)"
60190021001006,46,2,-5.27292714715004,"[-10,-5)",46,2,-9.724614534435146,"[-10,-5)","[-10,-5)","[-10,-5)"
60190021001007,47,2,-5.171861652284861,"[-10,-5)",47,2,-9.582358294942608,"[-10,-5)","[-10,-5)","[-10,-5)"
60190021001008,27,2,-5.064981423318386,"[-10,-5)",27,2,-9.445263063779358,"[-10,-5)","[-10,-5)","[-10,-5)"
60190021001009,55,2,-4.962308388948441,"[-5,-3)",55,2,-9.31337485797161,"[-10,-5)","[-5,-3)","[-10,-5)"
60190021001010,60,2,-4.860002394765616,"[-5,-3)",60,2,-9.186178116392298,"[-10,-5)","[-5,-3)","[-10,-5)"
60190021001012,45,1,-4.756501036137343,"[-5,-3)",45,1,-9.052946611097006,"[-10,-5)","[-5,-3)","[-10,-5)"
60190021001013,34,1,-4.742346569895744,"[-5,-3)",34,1,-9.072570884388716,"[-10,-5)","[-5,-3)","[-10,-5)"
60190021001014,92,2,-4.7336812421679495,"[-5,-3)",92,2,-9.099260191483388,"[-10,-5)","[-5,-3)","[-10,-5)"
60190021001015,55,2,-4.855882063508034,"[-5,-3)",55,2,-9.235701242329489,"[-10,-5)","[-5,-3)","[-10,-5)"
60190021001016,48,2,-4.97581393495202,"[-5,-3)",48,2,-9.375885011307936,"[-10,-5)","[-5,-3)","[-10,-5)"
60190021001017,57,2,-5.10522043928504,"[-10,-5)",57,2,-9.520793194978044,"[-10,-5)","[-10,-5)","[-10,-5)"
60190021001018,59,2,-5.225744457542897,"[-10,-5)",59,2,-9.670953000751284,"[-10,-5)","[-10,-5)","[-10,-5)"
60190021001019,65,2,-5.342902663350106,"[-10,-5)",65,2,-9.82584233421909,"[-10,-5)","[-10,-5)","[-10,-5)"
60190021002000,44,2,-4.749155548587441,"[-5,-3)",44,2,-9.11808712037638,"[-10,-5)","[-5,-3)","[-10,-5)"
60190021002001,67,2,-4.885576835274696,"[-5,-3)",67,2,-9.266174739691248,"[-10,-5)","[-5,-3)","[-10,-5)"
60190021002002,82,2,-5.01466767936945,"[-10,-5)",82,2,-9.417970706396662,"[-10,-5)","[-10,-5)","[-10,-5)"
60190021002003,84,2,-5.14857262596488,"[-10,-5)",84,2,-9.573329299909602,"[-10,-5)","[-10,-5)","[-10,-5)"
60190021002004,48,2,-5.285660858452321,"[-10,-5)",48,2,-9.732751594515545,"[-10,-5)","[-10,-5)","[-10,-5)"
60190021002005,58,2,-5.4135614477098,"[-10,-5)",58,2,-9.892709618204483,"[-10,-5)","[-10,-5)","[-10,-5)"
60190021002006,73,2,-5.476852744817734,"[-10,-5)",73,2,-9.914567705657763,"[-10,-5)","[-10,-5)","[-10,-5)"
60190021002007,68,2,-5.347796532511712,"[-10,-5)",68,2,-9.758101862958432,"[-10,-5)","[-10,-5)","[-10,-5)"
60190021002008,58,2,-5.207583490759134,"[-10,-5)",58,2,-9.593485893615703,"[-10,-5)","[-10,-5)","[-10,-5)"
60190021002009,29,2,-5.05696160942316,"[-10,-5)",29,2,-9.431197192765564,"[-10,-5)","[-10,-5)","[-10,-5)"
60190021002010,57,2,-4.844741982221604,"[-5,-3)",57,2,-9.195656771625938,"[-10,-5)","[-5,-3)","[-10,-5)"
60190021002011,80,2,-4.856134137511254,"[-5,-3)",80,2,-9.19143996450126,"[-10,-5)","[-5,-3)","[-10,-5)"
60190021002012,93,2,-4.805472372472286,"[-5,-3)",93,2,-9.105300068202284,"[-10,-5)","[-5,-3)","[-10,-5)"
60190021002013,55,2,-4.947619684785605,"[-5,-3)",55,2,-9.265147878272876,"[-10,-5)","[-5,-3)","[-10,-5)"
60190021002014,107,2,-5.093929624557495,"[-10,-5)",107,2,-9.42446137953906,"[-10,-5)","[-10,-5)","[-10,-5)"
60190021002015,58,2,-5.247937472909689,"[-10,-5)",58,2,-9.586537322656872,"[-10,-5)","[-10,-5)","[-10,-5)"
60190021002016,61,2,-5.399098701775074,"[-10,-5)",61,2,-9.748421812221164,"[-10,-5)","[-10,-5)","[-10,-5)"
60190021002017,53,2,-5.536377125233412,"[-10,-5)",53,2,-9.910514230570584,"[-10,-5)","[-10,-5)","[-10,-5)"
60190021003000,54,2,-5.594985182583333,"[-10,-5)",54,2,-10.072108415191703,<-10,"[-10,-5)",<-10
60190021003001,58,2,-5.711012745648622,"[-10,-5)",58,2,-10.230752397131994,<-10,"[-10,-5)",<-10
60190021003002,56,2,-5.813385448604823,"[-10,-5)",56,2,-10.395258152856371,<-10,"[-10,-5)",<-10
60190021003003,0,1,-5.91036155372858,"[-10,-5)",0,1,-10.546443399769396,<-10,"[-10,-5)",<-10
60190021003004,104,3,-5.672241322696209,"[-10,-5)",104,3,-10.064057708049392,<-10,"[-10,-5)",<-10
60190021003005,0,2,-5.927406638860703,"[-10,-5)",0,2,-10.471223173358384,<-10,"[-10,-5)",<-10
60190021003007,78,2,-5.567257893830538,"[-10,-5)",78,2,-9.88476742034622,"[-10,-5)","[-10,-5)","[-10,-5)"
60190021003008,54,2,-5.786198926717043,"[-10,-5)",54,2,-10.224685535119944,<-10,"[-10,-5)",<-10
60190021003009,50,1,-5.4433320119977,"[-10,-5)",50,1,-9.715127073474273,"[-10,-5)","[-10,-5)","[-10,-5)"
60190021003010,64,2,-5.429496044665576,"[-10,-5)",64,2,-9.73402189168372,"[-10,-5)","[-10,-5)","[-10,-5)"
60190021003011,109,2,-5.275168278068304,"[-10,-5)",109,2,-9.575634696111951,"[-10,-5)","[-10,-5)","[-10,-5)"
60190021003012,108,2,-5.1179589763283735,"[-10,-5)",108,2,-9.416133434016574,"[-10,-5)","[-10,-5)","[-10,-5)"
60190021003013,66,2,-4.966294167190791,"[-5,-3)",66,2,-9.263008086553768,"[-10,-5)","[-5,-3)","[-10,-5)"
60190021003014,95,2,-4.824819619953633,"[-5,-3)",95,2,-9.10765290170944,"[-10,-5)","[-5,-3)","[-10,-5)"
60190021003015,46,1,-4.845315961539746,"[-5,-3)",46,1,-9.124384351575232,"[-10,-5)","[-5,-3)","[-10,-5)"
60190021003016,70,1,-4.981245732307435,"[-5,-3)",70,1,-9.26843979998173,"[-10,-5)","[-5,-3)","[-10,-5)"
60190021003017,67,1,-5.140149436891079,"[-10,-5)",67,1,-9.418871163020794,"[-10,-5)","[-10,-5)","[-10,-5)"
60190021003018,81,1,-5.2950120091438295,"[-10,-5)",81,1,-9.568249815571209,"[-10,-5)","[-10,-5)","[-10,-5)"
60190021003019,0,1,-5.299417059123516,"[-10,-5)",0,1,-9.56439120270616,"[-10,-5)","[-10,-5)","[-10,-5)"
60190021003020,0,1,-4.873973482847214,"[-5,-3)",0,1,-9.145719776508509,"[-10,-5)","[-5,-3)","[-10,-5)"
60190021003021,0,1,-5.020929220318794,"[-10,-5)",0,1,-9.288415734251569,"[-10,-5)","[-10,-5)","[-10,-5)"
60190021003022,0,1,-5.158645650744439,"[-10,-5)",0,1,-9.42437843526958,"[-10,-5)","[-10,-5)","[-10,-5)"
60190021004000,52,2,-5.462188453227282,"[-10,-5)",52,2,-10.233447517778602,<-10,"[-10,-5)",<-10
60190021004001,75,2,-5.491036449372769,"[-10,-5)",75,2,-10.34363386677764,<-10,"[-10,-5)",<-10
60190021004002,47,2,-5.5180869989097125,"[-10,-5)",47,2,-10.448472582841063,<-10,"[-10,-5)",<-10
60190021004003,91,3,-5.588547076284885,"[-10,-5)",91,3,-10.61149102282918,<-10,"[-10,-5)",<-10
60190021004004,126,2,-5.561046313494444,"[-10,-5)",126,2,-10.65480042994843,<-10,"[-10,-5)",<-10
60190021004005,88,2,-5.579328775405884,"[-10,-5)",88,2,-10.749448363094716,<-10,"[-10,-5)",<-10
60190021004006,57,4,-5.682788405567408,"[-10,-5)",57,4,-10.907924184050309,<-10,"[-10,-5)",<-10
60190021004008,78,3,-5.867172874510288,"[-10,-5)",78,3,-10.868746651396238,<-10,"[-10,-5)",<-10
60190021004009,65,1,-5.908280807733536,"[-10,-5)",65,1,-10.692203750591675,<-10,"[-10,-5)",<-10
60190021004010,81,2,-5.833771933615208,"[-10,-5)",81,2,-10.69125784505276,<-10,"[-10,-5)",<-10
60190021004011,61,1,-5.797078701853752,"[-10,-5)",61,1,-10.791628932793053,<-10,"[-10,-5)",<-10
60190021004012,41,3,-5.72822786718607,"[-10,-5)",41,3,-10.721610334678914,<-10,"[-10,-5)",<-10
60190021004013,69,1,-5.700495752692222,"[-10,-5)",69,1,-10.82609284487273,<-10,"[-10,-5)",<-10
60190021004015,74,2,-5.670835044980049,"[-10,-5)",74,2,-10.53026642666395,<-10,"[-10,-5)",<-10
60190021004016,73,2,-5.591695446521044,"[-10,-5)",73,2,-10.438836844795707,<-10,"[-10,-5)",<-10
60190021004017,19,1,-5.778168042004109,"[-10,-5)",19,1,-10.595617989341344,<-10,"[-10,-5)",<-10
60190021004018,38,2,-5.736875027418137,"[-10,-5)",38,2,-10.604882750619788,<-10,"[-10,-5)",<-10
60190021005000,51,2,-5.256543756276369,"[-10,-5)",51,2,-9.736977775478897,"[-10,-5)","[-10,-5)","[-10,-5)"
60190021005001,54,2,-5.314919326454401,"[-10,-5)",54,2,-9.864944308052335,"[-10,-5)","[-10,-5)","[-10,-5)"
60190021005002,72,2,-5.373099596053362,"[-10,-5)",72,2,-9.991492266373122,"[-10,-5)","[-10,-5)","[-10,-5)"
60190021005003,66,2,-5.423323921859264,"[-10,-5)",66,2,-10.1149400405943,<-10,"[-10,-5)",<-10
60190021005004,192,4,-5.529022128134966,"[-10,-5)",192,4,-10.22444124720299,<-10,"[-10,-5)",<-10
60190021005005,53,2,-5.433087247610093,"[-10,-5)",53,2,-10.014401359980749,<-10,"[-10,-5)",<-10
60190021005006,57,2,-5.35717805698514,"[-10,-5)",57,2,-9.86945113606447,"[-10,-5)","[-10,-5)","[-10,-5)"
60190021005007,52,2,-5.449581346660853,"[-10,-5)",52,2,-9.983239879671466,"[-10,-5)","[-10,-5)","[-10,-5)"
60190021005008,44,2,-5.536385357379913,"[-10,-5)",44,2,-10.134621693140922,<-10,"[-10,-5)",<-10
60190021005009,49,2,-5.6266528308391575,"[-10,-5)",49,2,-10.33400721851524,<-10,"[-10,-5)",<-10
60190021005010,74,2,-5.679254543781281,"[-10,-5)",74,2,-10.382437013996189,<-10,"[-10,-5)",<-10
60190021005011,73,2,-5.727981470525265,"[-10,-5)",73,2,-10.423635319023784,<-10,"[-10,-5)",<-10
60190021005012,59,2,-5.624107962101698,"[-10,-5)",59,2,-10.201756557612102,<-10,"[-10,-5)",<-10
60190021005013,63,2,-5.518513935059309,"[-10,-5)",63,2,-10.04924022560738,<-10,"[-10,-5)",<-10
60190021005014,63,2,-5.78176463842392,"[-10,-5)",63,2,-10.455436492808634,<-10,"[-10,-5)",<-10
60190022001001,87,2,-4.168544952571392,"[-5,-3)",87,2,-8.15224371065894,"[-10,-5)","[-5,-3)","[-10,-5)"
60190022001002,29,1,-4.270504628866911,"[-5,-3)",29,1,-8.250634077881859,"[-10,-5)","[-5,-3)","[-10,-5)"
60190022001003,62,1,-4.202285966277123,"[-5,-3)",62,1,-8.195903926589168,"[-10,-5)","[-5,-3)","[-10,-5)"
60190022001004,55,1,-4.132119691371918,"[-5,-3)",55,1,-8.152714390982657,"[-10,-5)","[-5,-3)","[-10,-5)"
60190022001005,15,2,-4.026259255036712,"[-5,-3)",15,2,-8.051257358234778,"[-10,-5)","[-5,-3)","[-10,-5)"
60190022001006,42,1,-3.925352299958468,"[-5,-3)",42,1,-7.957249970731211,"[-10,-5)","[-5,-3)","[-10,-5)"
60190022001007,48,2,-3.848953438550234,"[-5,-3)",48,2,-7.8997039751120175,"[-10,-5)","[-5,-3)","[-10,-5)"
60190022001008,26,2,-3.9099353346973658,"[-5,-3)",26,2,-7.98418896280147,"[-10,-5)","[-5,-3)","[-10,-5)"
60190022001009,64,2,-3.984267785400153,"[-5,-3)",64,2,-8.082029114099802,"[-10,-5)","[-5,-3)","[-10,-5)"
60190022001010,26,1,-4.066349950432778,"[-5,-3)",26,1,-8.11911741695246,"[-10,-5)","[-5,-3)","[-10,-5)"
60190022001011,24,3,-3.8157937847077847,"[-5,-3)",24,3,-7.923696173170057,"[-10,-5)","[-5,-3)","[-10,-5)"
60190022001012,46,1,-3.926846576482058,"[-5,-3)",46,1,-8.05271541623215,"[-10,-5)","[-5,-3)","[-10,-5)"
60190022001013,0,2,-3.882031906396151,"[-5,-3)",0,2,-8.025893171061739,"[-10,-5)","[-5,-3)","[-10,-5)"
60190022001014,0,2,-3.8302382212132215,"[-5,-3)",0,2,-7.941135773939308,"[-10,-5)","[-5,-3)","[-10,-5)"
60190022001015,11,1,-3.737302538752556,"[-5,-3)",11,1,-7.774370354983079,"[-10,-5)","[-5,-3)","[-10,-5)"
60190022001016,57,3,-3.755474860221148,"[-5,-3)",57,3,-7.82382445538094,"[-10,-5)","[-5,-3)","[-10,-5)"
60190022001017,37,1,-3.745745314657688,"[-5,-3)",37,1,-7.756005584742283,"[-10,-5)","[-5,-3)","[-10,-5)"
60190022001018,14,2,-3.837374498695136,"[-5,-3)",14,2,-7.925811820153188,"[-10,-5)","[-5,-3)","[-10,-5)"
60190022002001,42,1,-3.950366670638323,"[-5,-3)",42,1,-8.125334828494726,"[-10,-5)","[-5,-3)","[-10,-5)"
60190022002002,66,1,-4.046954161673784,"[-5,-3)",66,1,-8.256514599343298,"[-10,-5)","[-5,-3)","[-10,-5)"
60190022002003,32,2,-4.150753013044596,"[-5,-3)",32,2,-8.385446069188717,"[-10,-5)","[-5,-3)","[-10,-5)"
60190022002004,60,2,-4.2664145294576885,"[-5,-3)",60,2,-8.52434789471458,"[-10,-5)","[-5,-3)","[-10,-5)"
60190022002005,78,2,-4.392965614423156,"[-5,-3)",78,2,-8.666909778159031,"[-10,-5)","[-5,-3)","[-10,-5)"
60190022002006,35,1,-4.405303756892681,"[-5,-3)",35,1,-8.650047662663237,"[-10,-5)","[-5,-3)","[-10,-5)"
60190022002007,21,1,-4.2788701929152015,"[-5,-3)",21,1,-8.507507367453305,"[-10,-5)","[-5,-3)","[-10,-5)"
60190022002008,38,1,-4.16266634836793,"[-5,-3)",38,1,-8.369223931224205,"[-10,-5)","[-5,-3)","[-10,-5)"
60190022002009,116,4,-4.004768526926637,"[-5,-3)",116,4,-8.173387682038694,"[-10,-5)","[-5,-3)","[-10,-5)"
60190022002010,31,1,-4.184182908385992,"[-5,-3)",31,1,-8.367996810525074,"[-10,-5)","[-5,-3)","[-10,-5)"
60190022002011,26,1,-4.29145402237773,"[-5,-3)",26,1,-8.505046308717827,"[-10,-5)","[-5,-3)","[-10,-5)"
60190022002012,69,1,-4.411089536547661,"[-5,-3)",69,1,-8.647007130264278,"[-10,-5)","[-5,-3)","[-10,-5)"
60190022002013,64,2,-4.447854018956424,"[-5,-3)",64,2,-8.661802172304615,"[-10,-5)","[-5,-3)","[-10,-5)"
60190022002014,29,2,-4.328370231762529,"[-5,-3)",29,2,-8.522526529454666,"[-10,-5)","[-5,-3)","[-10,-5)"
60190022002016,61,2,-4.220096499100327,"[-5,-3)",61,2,-8.3884232571627,"[-10,-5)","[-5,-3)","[-10,-5)"
60190022002017,56,1,-4.269278606772423,"[-5,-3)",56,1,-8.433664811271644,"[-10,-5)","[-5,-3)","[-10,-5)"
60190022002018,69,2,-4.3992957092821605,"[-5,-3)",69,2,-8.58429302492286,"[-10,-5)","[-5,-3)","[-10,-5)"
60190022002019,71,1,-4.488582989573479,"[-5,-3)",71,1,-8.698495637710097,"[-10,-5)","[-5,-3)","[-10,-5)"
60190022002020,22,1,-4.529863230139017,"[-5,-3)",22,1,-8.736273911900298,"[-10,-5)","[-5,-3)","[-10,-5)"
60190022002021,90,1,-4.319462907314301,"[-5,-3)",90,1,-8.478075218351503,"[-10,-5)","[-5,-3)","[-10,-5)"
60190022003001,83,3,-4.6457352340221405,"[-5,-3)",83,3,-8.812261656859702,"[-10,-5)","[-5,-3)","[-10,-5)"
60190022003002,46,3,-4.726980842649937,"[-5,-3)",46,3,-8.918147970408866,"[-10,-5)","[-5,-3)","[-10,-5)"
60190022003003,115,6,-4.624523547291756,"[-5,-3)",115,6,-8.965695772887312,"[-10,-5)","[-5,-3)","[-10,-5)"
60190022003004,160,6,-4.506381032243372,"[-5,-3)",160,6,-8.829668591221452,"[-10,-5)","[-5,-3)","[-10,-5)"
60190022003005,109,6,-4.400487667322159,"[-5,-3)",109,6,-8.696523722919965,"[-10,-5)","[-5,-3)","[-10,-5)"
60190022003006,73,2,-4.516507424041629,"[-5,-3)",73,2,-8.813043946305399,"[-10,-5)","[-5,-3)","[-10,-5)"
60190022003007,43,2,-4.645369187369942,"[-5,-3)",43,2,-8.962269776879854,"[-10,-5)","[-5,-3)","[-10,-5)"
60190022003008,0,4,-4.603069154173136,"[-5,-3)",0,4,-8.872413579630244,"[-10,-5)","[-5,-3)","[-10,-5)"
60190022003009,131,2,-4.566967785358429,"[-5,-3)",131,2,-8.806355854439415,"[-10,-5)","[-5,-3)","[-10,-5)"
60190022003010,68,2,-4.692262900248171,"[-5,-3)",68,2,-8.955965728343784,"[-10,-5)","[-5,-3)","[-10,-5)"
60190022003011,57,1,-4.715180486440659,"[-5,-3)",57,1,-8.982262186381302,"[-10,-5)","[-5,-3)","[-10,-5)"
60190022003012,76,1,-4.597052022814751,"[-5,-3)",76,1,-8.838386829299633,"[-10,-5)","[-5,-3)","[-10,-5)"
60190022003013,0,1,-4.631911756843329,"[-5,-3)",0,1,-8.871808256896484,"[-10,-5)","[-5,-3)","[-10,-5)"
60190022003014,0,1,-4.745675479620696,"[-5,-3)",0,1,-9.01027292067328,"[-10,-5)","[-5,-3)","[-10,-5)"
60190022004000,51,2,-4.378886514902115,"[-5,-3)",51,2,-8.375650975885906,"[-10,-5)","[-5,-3)","[-10,-5)"
60190022004001,19,1,-4.484799040853978,"[-5,-3)",19,1,-8.518173659641358,"[-10,-5)","[-5,-3)","[-10,-5)"
60190022004002,63,6,-4.540371423214674,"[-5,-3)",63,6,-8.657893849689025,"[-10,-5)","[-5,-3)","[-10,-5)"
60190022004003,23,1,-4.4284258693456655,"[-5,-3)",23,1,-8.487042289238119,"[-10,-5)","[-5,-3)","[-10,-5)"
60190022004004,38,2,-4.308851102739572,"[-5,-3)",38,2,-8.332691525410484,"[-10,-5)","[-5,-3)","[-10,-5)"
60190022004005,58,2,-4.24352717511356,"[-5,-3)",58,2,-8.300189302115111,"[-10,-5)","[-5,-3)","[-10,-5)"
60190022004006,31,1,-4.365905271470547,"[-5,-3)",31,1,-8.46547848350806,"[-10,-5)","[-5,-3)","[-10,-5)"
60190022004007,28,2,-4.2843686990439895,"[-5,-3)",28,2,-8.447284714809133,"[-10,-5)","[-5,-3)","[-10,-5)"
60190022004008,35,2,-4.1842751652002335,"[-5,-3)",35,2,-8.276462696152834,"[-10,-5)","[-5,-3)","[-10,-5)"
60190022004009,56,2,-4.149507262185216,"[-5,-3)",56,2,-8.313038562491318,"[-10,-5)","[-5,-3)","[-10,-5)"
60190022004010,40,1,-4.215505941957235,"[-5,-3)",40,1,-8.436640578967038,"[-10,-5)","[-5,-3)","[-10,-5)"
60190022004011,73,3,-4.353084412962199,"[-5,-3)",73,3,-8.570102453449135,"[-10,-5)","[-5,-3)","[-10,-5)"
60190022004012,53,3,-4.274067161232233,"[-5,-3)",53,3,-8.556179746516907,"[-10,-5)","[-5,-3)","[-10,-5)"
60190022004013,54,3,-4.168093887716532,"[-5,-3)",54,3,-8.41915808578446,"[-10,-5)","[-5,-3)","[-10,-5)"
60190022004014,86,3,-4.073805720359087,"[-5,-3)",86,3,-8.285151392436406,"[-10,-5)","[-5,-3)","[-10,-5)"
60190022004015,55,1,-4.00529325529933,"[-5,-3)",55,1,-8.170656486315975,"[-10,-5)","[-5,-3)","[-10,-5)"
60190022004016,100,2,-4.064020252972842,"[-5,-3)",100,2,-8.192591552868665,"[-10,-5)","[-5,-3)","[-10,-5)"
60190022004017,0,2,-3.966901930421591,"[-5,-3)",0,2,-8.148307266527329,"[-10,-5)","[-5,-3)","[-10,-5)"
60190023001000,88,2,-3.993966531381012,"[-5,-3)",88,2,-7.995639248769521,"[-10,-5)","[-5,-3)","[-10,-5)"
60190023001001,59,2,-4.0111575242131945,"[-5,-3)",59,2,-8.004621942720593,"[-10,-5)","[-5,-3)","[-10,-5)"
60190023001002,43,2,-3.88216901421547,"[-5,-3)",43,2,-7.850477403343786,"[-10,-5)","[-5,-3)","[-10,-5)"
60190023001003,52,2,-3.8781750038266183,"[-5,-3)",52,2,-7.82819351637014,"[-10,-5)","[-5,-3)","[-10,-5)"
60190023001004,80,2,-3.758660558983684,"[-5,-3)",80,2,-7.684118752174861,"[-10,-5)","[-5,-3)","[-10,-5)"
60190023001005,63,2,-3.7639365132898095,"[-5,-3)",63,2,-7.722258629293302,"[-10,-5)","[-5,-3)","[-10,-5)"
60190023001006,56,1,-3.665195748209953,"[-5,-3)",56,1,-7.593293356817512,"[-10,-5)","[-5,-3)","[-10,-5)"
60190023001007,48,2,-3.676528291404248,"[-5,-3)",48,2,-7.564680708460383,"[-10,-5)","[-5,-3)","[-10,-5)"
60190023001008,44,2,-3.708567805588245,"[-5,-3)",44,2,-7.533670061737034,"[-10,-5)","[-5,-3)","[-10,-5)"
60190023001010,30,2,-3.726952033862472,"[-5,-3)",30,2,-7.481587309730431,"[-10,-5)","[-5,-3)","[-10,-5)"
60190023001011,13,1,-3.724293760210276,"[-5,-3)",13,1,-7.462689650963809,"[-10,-5)","[-5,-3)","[-10,-5)"
60190023001012,24,2,-3.703877469152213,"[-5,-3)",24,2,-7.395081833723173,"[-10,-5)","[-5,-3)","[-10,-5)"
60190023001014,0,2,-3.698653888329864,"[-5,-3)",0,2,-7.394298408054607,"[-10,-5)","[-5,-3)","[-10,-5)"
60190023001016,55,2,-3.683080370351672,"[-5,-3)",55,2,-7.472876173045186,"[-10,-5)","[-5,-3)","[-10,-5)"
60190023001017,10,2,-3.69157097786665,"[-5,-3)",10,2,-7.331647647138171,"[-10,-5)","[-5,-3)","[-10,-5)"
60190023001018,17,2,-3.688942936062813,"[-5,-3)",17,2,-7.27713934336076,"[-10,-5)","[-5,-3)","[-10,-5)"
60190023001019,0,1,-3.6967648945748808,"[-5,-3)",0,1,-7.316582184054877,"[-10,-5)","[-5,-3)","[-10,-5)"
60190023001020,9,1,-3.7121209703385833,"[-5,-3)",9,1,-7.2768933511095,"[-10,-5)","[-5,-3)","[-10,-5)"
60190023001021,53,2,-3.697229159250856,"[-5,-3)",53,2,-7.231089650735836,"[-10,-5)","[-5,-3)","[-10,-5)"
60190023001022,6,1,-3.7334081657230858,"[-5,-3)",6,1,-7.24534157824452,"[-10,-5)","[-5,-3)","[-10,-5)"
60190023001023,83,1,-3.722777909785509,"[-5,-3)",83,1,-7.207568985168667,"[-10,-5)","[-5,-3)","[-10,-5)"
60190023001024,12,1,-3.6982773385941994,"[-5,-3)",12,1,-7.17780619521182,"[-10,-5)","[-5,-3)","[-10,-5)"
60190023001026,90,2,-3.725479898974299,"[-5,-3)",90,2,-7.161972077357264,"[-10,-5)","[-5,-3)","[-10,-5)"
60190023001027,0,1,-3.7558384940028193,"[-5,-3)",0,1,-7.222233645634721,"[-10,-5)","[-5,-3)","[-10,-5)"
60190023001028,17,1,-3.772153472900391,"[-5,-3)",17,1,-7.207778618288102,"[-10,-5)","[-5,-3)","[-10,-5)"
60190023001029,75,2,-3.7344367582350975,"[-5,-3)",75,2,-7.138691438871291,"[-10,-5)","[-5,-3)","[-10,-5)"
60190023001030,0,1,-3.780173854529858,"[-5,-3)",0,1,-7.202088414157315,"[-10,-5)","[-5,-3)","[-10,-5)"
60190023001032,0,1,-3.752623698860407,"[-5,-3)",0,1,-7.147286112712406,"[-10,-5)","[-5,-3)","[-10,-5)"
60190023001033,37,5,-3.7085269287228586,"[-5,-3)",37,5,-7.0976184024150655,"[-10,-5)","[-5,-3)","[-10,-5)"
60190023001034,0,2,-3.755860351771117,"[-5,-3)",0,2,-7.208855473512734,"[-10,-5)","[-5,-3)","[-10,-5)"
60190023002000,43,4,-4.051495467871428,"[-5,-3)",43,4,-8.038533082374226,"[-10,-5)","[-5,-3)","[-10,-5)"
60190023002001,67,2,-4.112950996309519,"[-5,-3)",67,2,-8.095082326481094,"[-10,-5)","[-5,-3)","[-10,-5)"
60190023002002,52,2,-3.944525678828359,"[-5,-3)",52,2,-7.951144193085881,"[-10,-5)","[-5,-3)","[-10,-5)"
60190023002003,44,1,-3.954521633684635,"[-5,-3)",44,1,-7.952193210850208,"[-10,-5)","[-5,-3)","[-10,-5)"
60190023002004,75,2,-3.8980278186500072,"[-5,-3)",75,2,-7.881772673895961,"[-10,-5)","[-5,-3)","[-10,-5)"
60190023002005,57,2,-3.7744290936738256,"[-5,-3)",57,2,-7.769754449575466,"[-10,-5)","[-5,-3)","[-10,-5)"
60190023002007,78,2,-3.801505758985877,"[-5,-3)",78,2,-7.828496603820596,"[-10,-5)","[-5,-3)","[-10,-5)"
60190023002008,42,3,-3.7075345292687416,"[-5,-3)",42,3,-7.735376890433876,"[-10,-5)","[-5,-3)","[-10,-5)"
60190023002010,65,4,-3.6838527727872137,"[-5,-3)",65,4,-7.649454296758705,"[-10,-5)","[-5,-3)","[-10,-5)"
60190023002011,16,1,-3.693495596945286,"[-5,-3)",16,1,-7.677121039576922,"[-10,-5)","[-5,-3)","[-10,-5)"
60190023002012,19,1,-3.6662400953471663,"[-5,-3)",19,1,-7.591182254725859,"[-10,-5)","[-5,-3)","[-10,-5)"
60190023002013,62,2,-3.6518068715929983,"[-5,-3)",62,2,-7.53435435196023,"[-10,-5)","[-5,-3)","[-10,-5)"
60190023002014,22,2,-3.655972195789218,"[-5,-3)",22,2,-7.4726134215065985,"[-10,-5)","[-5,-3)","[-10,-5)"
60190023002015,26,2,-3.673959293961525,"[-5,-3)",26,2,-7.420605092097952,"[-10,-5)","[-5,-3)","[-10,-5)"
60190023002016,37,2,-3.678368460014463,"[-5,-3)",37,2,-7.37694544427916,"[-10,-5)","[-5,-3)","[-10,-5)"
60190023002019,20,2,-3.6982648484408855,"[-5,-3)",20,2,-7.341936145222091,"[-10,-5)","[-5,-3)","[-10,-5)"
60190023002020,96,2,-3.675761282444,"[-5,-3)",96,2,-7.455490542862238,"[-10,-5)","[-5,-3)","[-10,-5)"
60190023002021,50,1,-3.681856193393469,"[-5,-3)",50,1,-7.566527922790581,"[-10,-5)","[-5,-3)","[-10,-5)"
60190023002022,33,1,-3.7042848184704784,"[-5,-3)",33,1,-7.655840153341384,"[-10,-5)","[-5,-3)","[-10,-5)"
60190023003000,10,4,-3.737680507823825,"[-5,-3)",10,4,-7.308260203702458,"[-10,-5)","[-5,-3)","[-10,-5)"
60190023003001,69,4,-3.719075856730342,"[-5,-3)",69,4,-7.431366258895612,"[-10,-5)","[-5,-3)","[-10,-5)"
60190023003002,41,1,-3.734413339197636,"[-5,-3)",41,1,-7.546437798122348,"[-10,-5)","[-5,-3)","[-10,-5)"
60190023003003,53,2,-3.716118529066444,"[-5,-3)",53,2,-7.597030961946949,"[-10,-5)","[-5,-3)","[-10,-5)"
60190023003004,25,1,-3.761097700148821,"[-5,-3)",25,1,-7.745444961281101,"[-10,-5)","[-5,-3)","[-10,-5)"
60190023003005,35,3,-3.883120252937079,"[-5,-3)",35,3,-7.977519618612835,"[-10,-5)","[-5,-3)","[-10,-5)"
60190023003006,95,2,-4.021227000653744,"[-5,-3)",95,2,-8.169885843154692,"[-10,-5)","[-5,-3)","[-10,-5)"
60190023003007,78,3,-4.089321045577527,"[-5,-3)",78,3,-8.24611475141816,"[-10,-5)","[-5,-3)","[-10,-5)"
60190023003009,24,2,-3.8061147674918177,"[-5,-3)",24,2,-7.752696051578955,"[-10,-5)","[-5,-3)","[-10,-5)"
60190023003010,33,3,-3.869142068177462,"[-5,-3)",33,3,-7.873518866915716,"[-10,-5)","[-5,-3)","[-10,-5)"
60190023003011,0,4,-3.779063508287072,"[-5,-3)",0,4,-7.434202271178049,"[-10,-5)","[-5,-3)","[-10,-5)"
60190023003012,124,5,-3.793402913957834,"[-5,-3)",124,5,-7.321845736498141,"[-10,-5)","[-5,-3)","[-10,-5)"
60190023003014,40,1,-3.751852148026228,"[-5,-3)",40,1,-7.641269231262069,"[-10,-5)","[-5,-3)","[-10,-5)"
60190023003015,16,1,-3.787407072633505,"[-5,-3)",16,1,-7.652645094632164,"[-10,-5)","[-5,-3)","[-10,-5)"
60190023003016,32,1,-3.770864148437977,"[-5,-3)",32,1,-7.554894704940528,"[-10,-5)","[-5,-3)","[-10,-5)"
60190023003018,47,2,-3.822255026176572,"[-5,-3)",47,2,-7.593435952787643,"[-10,-5)","[-5,-3)","[-10,-5)"
60190023003020,156,2,-3.843418881297112,"[-5,-3)",156,2,-7.696529430523414,"[-10,-5)","[-5,-3)","[-10,-5)"
60190023003021,100,3,-3.899285066127778,"[-5,-3)",100,3,-7.826805904190682,"[-10,-5)","[-5,-3)","[-10,-5)"
60190023003022,44,3,-3.947272235155106,"[-5,-3)",44,3,-7.943281814884202,"[-10,-5)","[-5,-3)","[-10,-5)"
60190023003023,88,3,-4.008758137375117,"[-5,-3)",88,3,-8.06260225953168,"[-10,-5)","[-5,-3)","[-10,-5)"
60190023003024,0,1,-4.043137000501156,"[-5,-3)",0,1,-8.144742083218349,"[-10,-5)","[-5,-3)","[-10,-5)"
60190023003026,21,1,-4.176168487966061,"[-5,-3)",21,1,-8.307549185752727,"[-10,-5)","[-5,-3)","[-10,-5)"
60190023003027,40,1,-4.219950165599585,"[-5,-3)",40,1,-8.354915476627761,"[-10,-5)","[-5,-3)","[-10,-5)"
60190023003028,25,1,-4.08363944515586,"[-5,-3)",25,1,-8.184109365091638,"[-10,-5)","[-5,-3)","[-10,-5)"
60190023003029,98,1,-4.142198393493891,"[-5,-3)",98,1,-8.233471999548499,"[-10,-5)","[-5,-3)","[-10,-5)"
60190023003030,0,1,-3.898061882704496,"[-5,-3)",0,1,-7.762849623197114,"[-10,-5)","[-5,-3)","[-10,-5)"
60190023003031,0,1,-3.814989873021841,"[-5,-3)",0,1,-7.423926839657128,"[-10,-5)","[-5,-3)","[-10,-5)"
60190023003032,8,6,-3.8040301892906423,"[-5,-3)",8,6,-7.356169325053427,"[-10,-5)","[-5,-3)","[-10,-5)"
60190023003033,0,1,-3.8661327928304674,"[-5,-3)",0,1,-7.653598953731165,"[-10,-5)","[-5,-3)","[-10,-5)"
60190024001000,0,2,-4.025535535812378,"[-5,-3)",0,2,-8.230193428458366,"[-10,-5)","[-5,-3)","[-10,-5)"
60190024001001,39,5,-3.9451261997222895,"[-5,-3)",39,5,-8.201990104389997,"[-10,-5)","[-5,-3)","[-10,-5)"
60190024001002,0,1,-3.913936583697796,"[-5,-3)",0,1,-8.177224990724936,"[-10,-5)","[-5,-3)","[-10,-5)"
60190024001004,53,18,-3.8301678221672777,"[-5,-3)",53,18,-8.074998735094361,"[-10,-5)","[-5,-3)","[-10,-5)"
60190024001006,60,2,-4.015765681117774,"[-5,-3)",60,2,-8.242068661779635,"[-10,-5)","[-5,-3)","[-10,-5)"
60190024001007,57,2,-4.009831297025085,"[-5,-3)",57,2,-8.2537527256031,"[-10,-5)","[-5,-3)","[-10,-5)"
60190024001008,64,2,-4.0173554789274935,"[-5,-3)",64,2,-8.260450191307758,"[-10,-5)","[-5,-3)","[-10,-5)"
60190024001009,0,2,-4.0283029563725,"[-5,-3)",0,2,-8.258005891859604,"[-10,-5)","[-5,-3)","[-10,-5)"
60190024001010,4,4,-3.89021338261664,"[-5,-3)",4,4,-8.117106870584763,"[-10,-5)","[-5,-3)","[-10,-5)"
60190024001012,85,2,-4.046979709714652,"[-5,-3)",85,2,-8.243820717444507,"[-10,-5)","[-5,-3)","[-10,-5)"
60190024001013,88,2,-4.07335210070014,"[-5,-3)",88,2,-8.220603139327794,"[-10,-5)","[-5,-3)","[-10,-5)"
60190024001014,16,2,-4.093571671843529,"[-5,-3)",16,2,-8.178381665606153,"[-10,-5)","[-5,-3)","[-10,-5)"
60190024001016,87,4,-3.786425460129976,"[-5,-3)",87,4,-8.033539098806767,"[-10,-5)","[-5,-3)","[-10,-5)"
60190024001017,15,4,-3.717333480343223,"[-5,-3)",15,4,-7.960370606842474,"[-10,-5)","[-5,-3)","[-10,-5)"
60190024001018,52,2,-3.662153402343392,"[-5,-3)",52,2,-7.837900552400559,"[-10,-5)","[-5,-3)","[-10,-5)"
60190024001021,114,2,-3.627772836014629,"[-5,-3)",114,2,-7.792169002179113,"[-10,-5)","[-5,-3)","[-10,-5)"
60190024001022,134,2,-3.661751162633301,"[-5,-3)",134,2,-7.867367072244168,"[-10,-5)","[-5,-3)","[-10,-5)"
60190024001023,13,2,-3.568011852353812,"[-5,-3)",13,2,-7.694796122535891,"[-10,-5)","[-5,-3)","[-10,-5)"
60190024001024,26,2,-3.6123391225934034,"[-5,-3)",26,2,-7.768256907833378,"[-10,-5)","[-5,-3)","[-10,-5)"
60190024001026,0,2,-3.529859259724617,"[-5,-3)",0,2,-7.615225298757311,"[-10,-5)","[-5,-3)","[-10,-5)"
60190024002000,165,12,-4.004087529703975,"[-5,-3)",165,12,-7.928101877346799,"[-10,-5)","[-5,-3)","[-10,-5)"
60190024002002,30,9,-3.5700281605124475,"[-5,-3)",30,9,-7.420303993037517,"[-10,-5)","[-5,-3)","[-10,-5)"
60190024002003,29,1,-3.617571645230055,"[-5,-3)",29,1,-7.655189665748558,"[-10,-5)","[-5,-3)","[-10,-5)"
60190024002004,81,1,-3.4329075671732427,"[-5,-3)",81,1,-7.213347814683281,"[-10,-5)","[-5,-3)","[-10,-5)"
60190024002006,8,1,-3.641277672350407,"[-5,-3)",8,1,-7.754380217927369,"[-10,-5)","[-5,-3)","[-10,-5)"
60190024002007,45,1,-3.5911671772599223,"[-5,-3)",45,1,-7.542980840041693,"[-10,-5)","[-5,-3)","[-10,-5)"
60190024002008,31,2,-3.4867218185216187,"[-5,-3)",31,2,-7.411827486374838,"[-10,-5)","[-5,-3)","[-10,-5)"
60190024002009,0,2,-3.500828878954053,"[-5,-3)",0,2,-7.252548923961895,"[-10,-5)","[-5,-3)","[-10,-5)"
60190024002012,37,9,-3.75139029622078,"[-5,-3)",37,9,-7.478291695297255,"[-10,-5)","[-5,-3)","[-10,-5)"
60190024002013,57,4,-3.761355309560895,"[-5,-3)",57,4,-7.156278748613586,"[-10,-5)","[-5,-3)","[-10,-5)"
60190024002014,42,1,-3.774808482080698,"[-5,-3)",42,1,-7.323917070789361,"[-10,-5)","[-5,-3)","[-10,-5)"
60190024002015,10,1,-3.9233964554965497,"[-5,-3)",10,1,-7.459837731561198,"[-10,-5)","[-5,-3)","[-10,-5)"
60190024002017,92,18,-3.4441034283488987,"[-5,-3)",92,18,-6.96934310127682,"[-10,-5)","[-5,-3)","[-10,-5)"
60190024002018,17,2,-3.3935018431395294,"[-5,-3)",17,2,-6.814487002327947,"[-10,-5)","[-5,-3)","[-10,-5)"
60190024002019,56,1,-3.4078401133418086,"[-5,-3)",56,1,-6.939340284238776,"[-10,-5)","[-5,-3)","[-10,-5)"
60190024002020,36,1,-3.4445038229227065,"[-5,-3)",36,1,-7.3090541394325665,"[-10,-5)","[-5,-3)","[-10,-5)"
60190024002022,34,2,-3.472289588302374,"[-5,-3)",34,2,-7.447029659264015,"[-10,-5)","[-5,-3)","[-10,-5)"
60190024002023,66,2,-3.533105138316751,"[-5,-3)",66,2,-7.612609145600135,"[-10,-5)","[-5,-3)","[-10,-5)"
60190024002024,55,2,-3.506332636624575,"[-5,-3)",55,2,-7.516656544543869,"[-10,-5)","[-5,-3)","[-10,-5)"
60190024003000,78,1,-3.49065465554595,"[-5,-3)",78,1,-7.429838039136046,"[-10,-5)","[-5,-3)","[-10,-5)"
60190024003001,100,2,-3.576377842202783,"[-5,-3)",100,2,-7.267532294942862,"[-10,-5)","[-5,-3)","[-10,-5)"
60190024003002,90,1,-3.6490962244570255,"[-5,-3)",90,1,-7.257357135090181,"[-10,-5)","[-5,-3)","[-10,-5)"
60190024003003,15,1,-3.65489932000637,"[-5,-3)",15,1,-7.203687079734794,"[-10,-5)","[-5,-3)","[-10,-5)"
60190024003004,84,2,-3.571769401431084,"[-5,-3)",84,2,-7.2041966756917954,"[-10,-5)","[-5,-3)","[-10,-5)"
60190024003005,83,2,-3.472341252118349,"[-5,-3)",83,2,-7.244818347613085,"[-10,-5)","[-5,-3)","[-10,-5)"
60190024003006,103,2,-3.486135207116604,"[-5,-3)",103,2,-7.325875350905058,"[-10,-5)","[-5,-3)","[-10,-5)"
60190024003007,81,2,-3.463340251520276,"[-5,-3)",81,2,-7.168036382867856,"[-10,-5)","[-5,-3)","[-10,-5)"
60190024003008,117,2,-3.5682159528136257,"[-5,-3)",117,2,-7.145344307828317,"[-10,-5)","[-5,-3)","[-10,-5)"
60190024003009,32,1,-3.6575690902769566,"[-5,-3)",32,1,-7.1569315086521526,"[-10,-5)","[-5,-3)","[-10,-5)"
60190024003010,66,1,-3.661265040189028,"[-5,-3)",66,1,-7.116328584408209,"[-10,-5)","[-5,-3)","[-10,-5)"
60190024003011,98,6,-3.564948500320316,"[-5,-3)",98,6,-7.086359285944818,"[-10,-5)","[-5,-3)","[-10,-5)"
60190024003012,0,1,-3.5333190321922303,"[-5,-3)",0,1,-7.032023119932148,"[-10,-5)","[-5,-3)","[-10,-5)"
60190024003013,218,5,-3.603332018852234,"[-5,-3)",218,5,-7.020465460902923,"[-10,-5)","[-5,-3)","[-10,-5)"
60190024003014,121,2,-3.559097431227565,"[-5,-3)",121,2,-6.998673842487516,"[-10,-5)","[-5,-3)","[-10,-5)"
60190024003015,112,2,-3.4508996330201627,"[-5,-3)",112,2,-6.950738019899111,"[-10,-5)","[-5,-3)","[-10,-5)"
60190024003016,61,4,-3.530778847262263,"[-5,-3)",61,4,-6.946869749139673,"[-10,-5)","[-5,-3)","[-10,-5)"
60190024003017,114,4,-3.434122092649341,"[-5,-3)",114,4,-6.861061629918611,"[-10,-5)","[-5,-3)","[-10,-5)"
60190024004000,31,2,-3.946512606739998,"[-5,-3)",31,2,-8.140005170075128,"[-10,-5)","[-5,-3)","[-10,-5)"
60190024004001,46,2,-3.966497845575214,"[-5,-3)",46,2,-8.137756869071971,"[-10,-5)","[-5,-3)","[-10,-5)"
60190024004002,25,8,-3.821557564660907,"[-5,-3)",25,8,-7.888045476303118,"[-10,-5)","[-5,-3)","[-10,-5)"
60190024004003,0,4,-3.922402636706829,"[-5,-3)",0,4,-7.984778378415058,"[-10,-5)","[-5,-3)","[-10,-5)"
60190024004004,0,13,-3.845236482471228,"[-5,-3)",0,13,-7.828752822077683,"[-10,-5)","[-5,-3)","[-10,-5)"
60190024004005,16,6,-3.8042057611048223,"[-5,-3)",16,6,-7.645847357259267,"[-10,-5)","[-5,-3)","[-10,-5)"
60190024004006,0,2,-3.979121842235327,"[-5,-3)",0,2,-7.991944251997693,"[-10,-5)","[-5,-3)","[-10,-5)"
60190024004007,50,2,-3.986664049699903,"[-5,-3)",50,2,-7.992493615755128,"[-10,-5)","[-5,-3)","[-10,-5)"
60190024004008,30,1,-3.904250753670931,"[-5,-3)",30,1,-7.854641660160746,"[-10,-5)","[-5,-3)","[-10,-5)"
60190024004009,0,1,-3.901561964303255,"[-5,-3)",0,1,-7.845837069144478,"[-10,-5)","[-5,-3)","[-10,-5)"
60190024004010,0,1,-3.850554449111224,"[-5,-3)",0,1,-7.754814823174978,"[-10,-5)","[-5,-3)","[-10,-5)"
60190024004011,52,1,-3.8451683543622495,"[-5,-3)",52,1,-7.769839098179249,"[-10,-5)","[-5,-3)","[-10,-5)"
60190024004012,63,4,-3.772512564808131,"[-5,-3)",63,4,-7.642739787711005,"[-10,-5)","[-5,-3)","[-10,-5)"
60190024004013,104,7,-3.813806714862585,"[-5,-3)",104,7,-7.953131162829034,"[-10,-5)","[-5,-3)","[-10,-5)"
60190024004014,52,1,-3.7030054293572894,"[-5,-3)",52,1,-7.821649724808591,"[-10,-5)","[-5,-3)","[-10,-5)"
60190024004015,32,4,-3.721150783449412,"[-5,-3)",32,4,-7.5957328273184705,"[-10,-5)","[-5,-3)","[-10,-5)"
60190024004016,101,2,-3.667990703880787,"[-5,-3)",101,2,-7.721401917249649,"[-10,-5)","[-5,-3)","[-10,-5)"
60190024004018,82,2,-3.6857930045574903,"[-5,-3)",82,2,-7.569461082128365,"[-10,-5)","[-5,-3)","[-10,-5)"
60190024004019,86,2,-3.616176296398044,"[-5,-3)",86,2,-7.642089584173895,"[-10,-5)","[-5,-3)","[-10,-5)"
60190024004020,108,2,-3.574964183941484,"[-5,-3)",108,2,-7.563307299066794,"[-10,-5)","[-5,-3)","[-10,-5)"
60190024004021,113,2,-3.6456368777900936,"[-5,-3)",113,2,-7.487060211237413,"[-10,-5)","[-5,-3)","[-10,-5)"
60190024004022,52,2,-3.616526020690799,"[-5,-3)",52,2,-7.409034650561444,"[-10,-5)","[-5,-3)","[-10,-5)"
60190024004023,39,2,-3.5401341140270235,"[-5,-3)",39,2,-7.484384122323868,"[-10,-5)","[-5,-3)","[-10,-5)"
60190024004024,32,1,-3.523043894022704,"[-5,-3)",32,1,-7.380679924795706,"[-10,-5)","[-5,-3)","[-10,-5)"
60190024004025,39,2,-3.5931897304952143,"[-5,-3)",39,2,-7.3356812383251295,"[-10,-5)","[-5,-3)","[-10,-5)"
60190024004026,0,2,-3.6706398937851192,"[-5,-3)",0,2,-7.352778836010643,"[-10,-5)","[-5,-3)","[-10,-5)"
60190025011000,0,4,-4.144768384471536,"[-5,-3)",0,4,-8.270899180872004,"[-10,-5)","[-5,-3)","[-10,-5)"
60190025011001,0,4,-4.191452887281775,"[-5,-3)",0,4,-8.304458659547507,"[-10,-5)","[-5,-3)","[-10,-5)"
60190025011002,80,2,-4.17192226164043,"[-5,-3)",80,2,-8.309532462771553,"[-10,-5)","[-5,-3)","[-10,-5)"
60190025011003,109,2,-4.310065912082791,"[-5,-3)",109,2,-8.375599845856776,"[-10,-5)","[-5,-3)","[-10,-5)"
60190025011004,89,2,-4.382524272054434,"[-5,-3)",89,2,-8.41166384379252,"[-10,-5)","[-5,-3)","[-10,-5)"
60190025011005,74,2,-4.21399803981185,"[-5,-3)",74,2,-8.335340060919442,"[-10,-5)","[-5,-3)","[-10,-5)"
60190025011006,0,1,-4.190988622605801,"[-5,-3)",0,1,-8.3318098164637,"[-10,-5)","[-5,-3)","[-10,-5)"
60190025011008,90,2,-4.452289300784469,"[-5,-3)",90,2,-8.44209075601663,"[-10,-5)","[-5,-3)","[-10,-5)"
60190025011009,78,1,-4.325315963476896,"[-5,-3)",78,1,-8.374837440311298,"[-10,-5)","[-5,-3)","[-10,-5)"
60190025011010,64,2,-4.313385454192758,"[-5,-3)",64,2,-8.36057727518681,"[-10,-5)","[-5,-3)","[-10,-5)"
60190025011011,106,2,-4.520133258774877,"[-5,-3)",106,2,-8.463406581105405,"[-10,-5)","[-5,-3)","[-10,-5)"
60190025011012,69,2,-4.581965762749315,"[-5,-3)",69,2,-8.47418365502324,"[-10,-5)","[-5,-3)","[-10,-5)"
60190025011013,77,2,-4.376632184162736,"[-5,-3)",77,2,-8.35536655710698,"[-10,-5)","[-5,-3)","[-10,-5)"
60190025011014,51,2,-4.4138761181384325,"[-5,-3)",51,2,-8.338659820088598,"[-10,-5)","[-5,-3)","[-10,-5)"
60190025011016,69,2,-4.6265005398541685,"[-5,-3)",69,2,-8.472963067605608,"[-10,-5)","[-5,-3)","[-10,-5)"
60190025012000,0,4,-4.369613711535931,"[-5,-3)",0,4,-8.465185622063427,"[-10,-5)","[-5,-3)","[-10,-5)"
60190025012001,66,1,-4.338672763109208,"[-5,-3)",66,1,-8.406676677562277,"[-10,-5)","[-5,-3)","[-10,-5)"
60190025012002,63,1,-4.40440531745553,"[-5,-3)",63,1,-8.464032639906536,"[-10,-5)","[-5,-3)","[-10,-5)"
60190025012003,49,1,-4.469921848922968,"[-5,-3)",49,1,-8.526140854402755,"[-10,-5)","[-5,-3)","[-10,-5)"
60190025012004,60,1,-4.533610276132822,"[-5,-3)",60,1,-8.600375407474417,"[-10,-5)","[-5,-3)","[-10,-5)"
60190025012005,83,2,-4.570718663558364,"[-5,-3)",83,2,-8.59643527061848,"[-10,-5)","[-5,-3)","[-10,-5)"
60190025012006,67,2,-4.4449662387371065,"[-5,-3)",67,2,-8.473196277349587,"[-10,-5)","[-5,-3)","[-10,-5)"
60190025012007,93,2,-4.519910848885775,"[-5,-3)",93,2,-8.511841489589266,"[-10,-5)","[-5,-3)","[-10,-5)"
60190025012008,82,2,-4.641469704732299,"[-5,-3)",82,2,-8.628512546560632,"[-10,-5)","[-5,-3)","[-10,-5)"
60190025012011,53,2,-4.592644276097417,"[-5,-3)",53,2,-8.544999881591812,"[-10,-5)","[-5,-3)","[-10,-5)"
60190025012012,53,2,-4.708879913762212,"[-5,-3)",53,2,-8.658008324143132,"[-10,-5)","[-5,-3)","[-10,-5)"
60190025012013,87,2,-4.772890530154109,"[-5,-3)",87,2,-8.682894729599521,"[-10,-5)","[-5,-3)","[-10,-5)"
60190025012014,74,2,-4.663497509434819,"[-5,-3)",74,2,-8.570873664721852,"[-10,-5)","[-5,-3)","[-10,-5)"
60190025012015,82,2,-4.724312349781394,"[-5,-3)",82,2,-8.587947117671387,"[-10,-5)","[-5,-3)","[-10,-5)"
60190025012016,94,2,-4.826987229287624,"[-5,-3)",94,2,-8.699820189520295,"[-10,-5)","[-5,-3)","[-10,-5)"
60190025012017,41,2,-4.871493335813284,"[-5,-3)",41,2,-8.707601611842517,"[-10,-5)","[-5,-3)","[-10,-5)"
60190025012018,34,2,-4.774873058125377,"[-5,-3)",34,2,-8.594887451014413,"[-10,-5)","[-5,-3)","[-10,-5)"
60190025013000,630,19,-4.912864981591702,"[-5,-3)",630,19,-9.060538284200012,"[-10,-5)","[-5,-3)","[-10,-5)"
60190025013001,109,8,-4.662790964171291,"[-5,-3)",109,8,-8.739981123067976,"[-10,-5)","[-5,-3)","[-10,-5)"
60190025013006,332,4,-5.103501056134701,"[-10,-5)",332,4,-9.28981158404683,"[-10,-5)","[-10,-5)","[-10,-5)"
60190025014004,553,8,-4.876484571397304,"[-5,-3)",553,8,-8.80036710774965,"[-10,-5)","[-5,-3)","[-10,-5)"
60190025014006,718,7,-4.928909718990326,"[-5,-3)",718,7,-8.888661850720757,"[-10,-5)","[-5,-3)","[-10,-5)"
60190025014007,131,1,-4.95897181481123,"[-5,-3)",131,1,-8.926356044418611,"[-10,-5)","[-5,-3)","[-10,-5)"
60190025014008,0,8,-4.9878518879413605,"[-5,-3)",0,8,-9.021913523971984,"[-10,-5)","[-5,-3)","[-10,-5)"
60190025014009,181,4,-5.104457120597363,"[-10,-5)",181,4,-9.204990842499422,"[-10,-5)","[-10,-5)","[-10,-5)"
60190025014010,167,4,-5.060817944258451,"[-10,-5)",167,4,-9.106594510106437,"[-10,-5)","[-10,-5)","[-10,-5)"
60190025021000,214,2,-4.661313861608505,"[-5,-3)",214,2,-8.457438002371575,"[-10,-5)","[-5,-3)","[-10,-5)"
60190025021001,62,2,-4.446007605269552,"[-5,-3)",62,2,-8.303289202159005,"[-10,-5)","[-5,-3)","[-10,-5)"
60190025021002,75,2,-4.458937468752265,"[-5,-3)",75,2,-8.249052455647423,"[-10,-5)","[-5,-3)","[-10,-5)"
60190025021003,179,2,-4.678685251995921,"[-5,-3)",179,2,-8.424833519017941,"[-10,-5)","[-5,-3)","[-10,-5)"
60190025021004,0,5,-4.523293125629425,"[-5,-3)",0,5,-8.23120466681228,"[-10,-5)","[-5,-3)","[-10,-5)"
60190025021005,0,3,-4.592166101932526,"[-5,-3)",0,3,-8.249857469550511,"[-10,-5)","[-5,-3)","[-10,-5)"
60190025021006,30,5,-4.429114530980587,"[-5,-3)",30,5,-8.027216302593349,"[-10,-5)","[-5,-3)","[-10,-5)"
60190025021007,54,1,-4.571685656905174,"[-5,-3)",54,1,-8.154314192783007,"[-10,-5)","[-5,-3)","[-10,-5)"
60190025021008,104,1,-4.351809565722943,"[-5,-3)",104,1,-7.897172186502908,"[-10,-5)","[-5,-3)","[-10,-5)"
60190025021009,139,1,-4.468545661121607,"[-5,-3)",139,1,-8.031048782332395,"[-10,-5)","[-5,-3)","[-10,-5)"
60190025021010,111,3,-4.012170504033565,"[-5,-3)",111,3,-7.444694721267056,"[-10,-5)","[-5,-3)","[-10,-5)"
60190025021011,207,3,-4.157384432852268,"[-5,-3)",207,3,-7.592870681910034,"[-10,-5)","[-5,-3)","[-10,-5)"
60190025021012,180,3,-4.278563332557678,"[-5,-3)",180,3,-7.74010471379414,"[-10,-5)","[-5,-3)","[-10,-5)"
60190025021013,165,3,-4.394226977974177,"[-5,-3)",165,3,-7.881276996669113,"[-10,-5)","[-5,-3)","[-10,-5)"
60190025022000,67,2,-4.905410063266754,"[-5,-3)",67,2,-8.704998809304058,"[-10,-5)","[-5,-3)","[-10,-5)"
60190025022001,84,2,-4.811850298941136,"[-5,-3)",84,2,-8.590176670997193,"[-10,-5)","[-5,-3)","[-10,-5)"
60190025022002,158,2,-4.834100371599197,"[-5,-3)",158,2,-8.57140626919196,"[-10,-5)","[-5,-3)","[-10,-5)"
60190025022003,213,2,-4.924478553235531,"[-5,-3)",213,2,-8.690925268785897,"[-10,-5)","[-5,-3)","[-10,-5)"
60190025022004,0,4,-4.889385764300823,"[-5,-3)",0,4,-8.604172664304507,"[-10,-5)","[-5,-3)","[-10,-5)"
60190025022005,0,4,-4.871314215660095,"[-5,-3)",0,4,-8.557024812276147,"[-10,-5)","[-5,-3)","[-10,-5)"
60190025022006,0,4,-4.832463593780995,"[-5,-3)",0,4,-8.490964814639577,"[-10,-5)","[-5,-3)","[-10,-5)"
60190025022007,201,4,-4.543003723025322,"[-5,-3)",201,4,-8.079762349475018,"[-10,-5)","[-5,-3)","[-10,-5)"
60190025022011,0,7,-4.728512021899223,"[-5,-3)",0,7,-8.3483208390928,"[-10,-5)","[-5,-3)","[-10,-5)"
60190025022012,196,2,-4.706381315365434,"[-5,-3)",196,2,-8.309358620672512,"[-10,-5)","[-5,-3)","[-10,-5)"
60190025022013,89,2,-4.537732026726008,"[-5,-3)",89,2,-8.060686019662155,"[-10,-5)","[-5,-3)","[-10,-5)"
60190025022014,0,1,-4.61069098636508,"[-5,-3)",0,1,-8.19646010768382,"[-10,-5)","[-5,-3)","[-10,-5)"
60190025023000,36,2,-5.010543090105057,"[-10,-5)",36,2,-9.02906405854588,"[-10,-5)","[-10,-5)","[-10,-5)"
60190025023001,107,2,-4.96618317514658,"[-5,-3)",107,2,-8.958596084286828,"[-10,-5)","[-5,-3)","[-10,-5)"
60190025023002,116,3,-4.953618080914021,"[-5,-3)",116,3,-8.86770762856022,"[-10,-5)","[-5,-3)","[-10,-5)"
60190025023003,158,4,-4.952951844781637,"[-5,-3)",158,4,-8.793999146677166,"[-10,-5)","[-5,-3)","[-10,-5)"
60190025023005,72,10,-4.934402263909578,"[-5,-3)",72,10,-8.867383236930959,"[-10,-5)","[-5,-3)","[-10,-5)"
60190025023006,110,2,-4.942515753954649,"[-5,-3)",110,2,-8.91759008497991,"[-10,-5)","[-5,-3)","[-10,-5)"
60190025023007,104,1,-4.945492668449879,"[-5,-3)",104,1,-8.876320766022966,"[-10,-5)","[-5,-3)","[-10,-5)"
60190025023008,0,8,-4.890118709206581,"[-5,-3)",0,8,-8.79614518762206,"[-10,-5)","[-5,-3)","[-10,-5)"
60190025023009,55,5,-4.887218154966831,"[-5,-3)",55,5,-8.681738054718302,"[-10,-5)","[-5,-3)","[-10,-5)"
60190025023010,105,1,-4.864088661968708,"[-5,-3)",105,1,-8.72861292920225,"[-10,-5)","[-5,-3)","[-10,-5)"
60190025023011,68,3,-4.822666203975678,"[-5,-3)",68,3,-8.744486530801522,"[-10,-5)","[-5,-3)","[-10,-5)"
60190025023012,142,5,-4.778052511811256,"[-5,-3)",142,5,-8.66462085718829,"[-10,-5)","[-5,-3)","[-10,-5)"
60190025023013,91,4,-4.802896562218667,"[-5,-3)",91,4,-8.609341058082446,"[-10,-5)","[-5,-3)","[-10,-5)"
60190025023014,109,3,-4.797795470058918,"[-5,-3)",109,3,-8.530154561689496,"[-10,-5)","[-5,-3)","[-10,-5)"
60190025023015,206,4,-4.727409765869379,"[-5,-3)",206,4,-8.451768534308158,"[-10,-5)","[-5,-3)","[-10,-5)"
60190025023017,93,3,-4.737282096594572,"[-5,-3)",93,3,-8.58588629344171,"[-10,-5)","[-5,-3)","[-10,-5)"
60190025023018,35,1,-4.713936296850443,"[-5,-3)",35,1,-8.489251106496553,"[-10,-5)","[-5,-3)","[-10,-5)"
60190025023019,11,2,-4.682259990647435,"[-5,-3)",11,2,-8.45306297621231,"[-10,-5)","[-5,-3)","[-10,-5)"
60190025023020,32,1,-4.695153377205133,"[-5,-3)",32,1,-8.499988980725389,"[-10,-5)","[-5,-3)","[-10,-5)"
60190025023021,39,3,-4.656977791339159,"[-5,-3)",39,3,-8.412089643312889,"[-10,-5)","[-5,-3)","[-10,-5)"
60190025023022,130,4,-4.659399035945535,"[-5,-3)",130,4,-8.347390556618343,"[-10,-5)","[-5,-3)","[-10,-5)"
60190026011000,50,1,-4.195884762704373,"[-5,-3)",50,1,-7.56648872310158,"[-10,-5)","[-5,-3)","[-10,-5)"
60190026011001,69,2,-4.017024773731828,"[-5,-3)",69,2,-7.340240332589263,"[-10,-5)","[-5,-3)","[-10,-5)"
60190026011002,39,1,-3.8301066488027575,"[-5,-3)",39,1,-7.120077551766343,"[-10,-5)","[-5,-3)","[-10,-5)"
60190026011003,74,1,-3.748885736614466,"[-5,-3)",74,1,-6.966437495343623,"[-10,-5)","[-5,-3)","[-10,-5)"
60190026011004,74,2,-3.9247740626335146,"[-5,-3)",74,2,-7.1793824203876255,"[-10,-5)","[-5,-3)","[-10,-5)"
60190026011005,111,1,-4.102627600729465,"[-5,-3)",111,1,-7.404326995157114,"[-10,-5)","[-5,-3)","[-10,-5)"
60190026011006,68,1,-4.0182236865162855,"[-5,-3)",68,1,-7.246411332076216,"[-10,-5)","[-5,-3)","[-10,-5)"
60190026011007,59,2,-3.8490157473832367,"[-5,-3)",59,2,-7.026622936688819,"[-10,-5)","[-5,-3)","[-10,-5)"
60190026011008,59,1,-3.678083031624556,"[-5,-3)",59,1,-6.823744378157737,"[-10,-5)","[-5,-3)","[-10,-5)"
60190026011009,83,1,-3.624691884219647,"[-5,-3)",83,1,-6.695121108765687,"[-10,-5)","[-5,-3)","[-10,-5)"
60190026011010,81,2,-3.787617134302855,"[-5,-3)",81,2,-6.885971327943825,"[-10,-5)","[-5,-3)","[-10,-5)"
60190026011011,91,1,-3.943947015702725,"[-5,-3)",91,1,-7.097655329658327,"[-10,-5)","[-5,-3)","[-10,-5)"
60190026011012,66,1,-3.8858490675687793,"[-5,-3)",66,1,-6.962408449048142,"[-10,-5)","[-5,-3)","[-10,-5)"
60190026011013,89,2,-3.739878774806858,"[-5,-3)",89,2,-6.757855098007319,"[-10,-5)","[-5,-3)","[-10,-5)"
60190026011014,71,1,-3.5877431720495228,"[-5,-3)",71,1,-6.582624250561388,"[-10,-5)","[-5,-3)","[-10,-5)"
60190026011015,81,1,-3.5653701849281787,"[-5,-3)",81,1,-6.487602500091014,"[-10,-5)","[-5,-3)","[-10,-5)"
60190026011016,72,2,-3.708364556729794,"[-5,-3)",72,2,-6.652392311532786,"[-10,-5)","[-5,-3)","[-10,-5)"
60190026011017,135,1,-3.847687675058842,"[-5,-3)",135,1,-6.843383422346751,"[-10,-5)","[-5,-3)","[-10,-5)"
60190026011018,95,1,-3.8307348467409614,"[-5,-3)",95,1,-6.74137901423146,"[-10,-5)","[-5,-3)","[-10,-5)"
60190026011019,72,2,-3.699450845271349,"[-5,-3)",72,2,-6.561821714153938,"[-10,-5)","[-5,-3)","[-10,-5)"
60190026011020,76,1,-3.5615731783211237,"[-5,-3)",76,1,-6.410500688608002,"[-10,-5)","[-5,-3)","[-10,-5)"
60190026011021,48,1,-3.577428292483092,"[-5,-3)",48,1,-6.351354039021306,"[-10,-5)","[-5,-3)","[-10,-5)"
60190026011022,47,2,-3.70489711984992,"[-5,-3)",47,2,-6.489167931149559,"[-10,-5)","[-5,-3)","[-10,-5)"
60190026011023,72,1,-3.837106528133154,"[-5,-3)",72,1,-6.656144119448093,"[-10,-5)","[-5,-3)","[-10,-5)"
60190026012000,59,2,-4.595439799502492,"[-5,-3)",59,2,-8.272620558519396,"[-10,-5)","[-5,-3)","[-10,-5)"
60190026012001,45,1,-4.582925943285227,"[-5,-3)",45,1,-8.2173137741204,"[-10,-5)","[-5,-3)","[-10,-5)"
60190026012002,52,2,-4.541595032438636,"[-5,-3)",52,2,-8.112250369984519,"[-10,-5)","[-5,-3)","[-10,-5)"
60190026012003,36,1,-4.468389534205199,"[-5,-3)",36,1,-7.9679651205026545,"[-10,-5)","[-5,-3)","[-10,-5)"
60190026012004,32,2,-4.350352191925049,"[-5,-3)",32,2,-7.779683617176887,"[-10,-5)","[-5,-3)","[-10,-5)"
60190026012005,68,2,-4.256572288647294,"[-5,-3)",68,2,-7.623376277567861,"[-10,-5)","[-5,-3)","[-10,-5)"
60190026012006,52,1,-4.372784791141749,"[-5,-3)",52,1,-7.8210622975850255,"[-10,-5)","[-5,-3)","[-10,-5)"
60190026012007,97,2,-4.452130335196853,"[-5,-3)",97,2,-7.976823113993791,"[-10,-5)","[-5,-3)","[-10,-5)"
60190026012008,53,1,-4.503055954724551,"[-5,-3)",53,1,-8.093927355934179,"[-10,-5)","[-5,-3)","[-10,-5)"
60190026012009,77,1,-4.425505728274584,"[-5,-3)",77,1,-7.967049892981218,"[-10,-5)","[-5,-3)","[-10,-5)"
60190026012010,65,2,-4.365257770568133,"[-5,-3)",65,2,-7.838060475769451,"[-10,-5)","[-5,-3)","[-10,-5)"
60190026012011,85,1,-4.282132961601019,"[-5,-3)",85,1,-7.672076778147483,"[-10,-5)","[-5,-3)","[-10,-5)"
60190026012012,73,2,-4.16829174309969,"[-5,-3)",73,2,-7.467690451868487,"[-10,-5)","[-5,-3)","[-10,-5)"
60190026012013,64,2,-4.088335317000746,"[-5,-3)",64,2,-7.317889976577747,"[-10,-5)","[-5,-3)","[-10,-5)"
60190026012014,59,1,-4.199759832769632,"[-5,-3)",59,1,-7.526234619278594,"[-10,-5)","[-5,-3)","[-10,-5)"
60190026012015,66,2,-4.286802149936557,"[-5,-3)",66,2,-7.700712150962003,"[-10,-5)","[-5,-3)","[-10,-5)"
60190026012016,73,1,-4.35572948679328,"[-5,-3)",73,1,-7.840320707112735,"[-10,-5)","[-5,-3)","[-10,-5)"
60190026012017,110,1,-4.298754800856114,"[-5,-3)",110,1,-7.717739870941037,"[-10,-5)","[-5,-3)","[-10,-5)"
60190026012018,76,2,-4.221104653179646,"[-5,-3)",76,2,-7.568516880923755,"[-10,-5)","[-5,-3)","[-10,-5)"
60190026012019,87,6,-4.042058305442334,"[-5,-3)",87,6,-7.186508810225543,"[-10,-5)","[-5,-3)","[-10,-5)"
60190026012020,61,1,-4.261531589180232,"[-5,-3)",61,1,-7.6005515485083,"[-10,-5)","[-5,-3)","[-10,-5)"
60190026012021,81,2,-4.178866644948721,"[-5,-3)",81,2,-7.444391065705165,"[-10,-5)","[-5,-3)","[-10,-5)"
60190026012022,72,2,-4.153469905257225,"[-5,-3)",72,2,-7.329660109283582,"[-10,-5)","[-5,-3)","[-10,-5)"
60190026012023,65,1,-4.245811028033495,"[-5,-3)",65,1,-7.48927328933161,"[-10,-5)","[-5,-3)","[-10,-5)"
60190026012024,60,1,-4.250145678967238,"[-5,-3)",60,1,-7.383498325623664,"[-10,-5)","[-5,-3)","[-10,-5)"
60190026012025,47,2,-4.149989410489797,"[-5,-3)",47,2,-7.224493024810853,"[-10,-5)","[-5,-3)","[-10,-5)"
60190026012026,61,1,-4.051490358263254,"[-5,-3)",61,1,-7.04227980377572,"[-10,-5)","[-5,-3)","[-10,-5)"
60190026012027,97,1,-4.06281580477953,"[-5,-3)",97,1,-7.144406923960926,"[-10,-5)","[-5,-3)","[-10,-5)"
60190026012028,66,2,-3.951489648967981,"[-5,-3)",66,2,-6.94277451786204,"[-10,-5)","[-5,-3)","[-10,-5)"
60190026012029,34,2,-3.951093512400985,"[-5,-3)",34,2,-6.847917235652036,"[-10,-5)","[-5,-3)","[-10,-5)"
60190026013000,39,3,-4.6690685436129575,"[-5,-3)",39,3,-8.323857392599608,"[-10,-5)","[-5,-3)","[-10,-5)"
60190026013001,63,2,-4.612031264975667,"[-5,-3)",63,2,-8.313843576394405,"[-10,-5)","[-5,-3)","[-10,-5)"
60190026013002,73,2,-4.56971973516047,"[-5,-3)",73,2,-8.215203808251616,"[-10,-5)","[-5,-3)","[-10,-5)"
60190026013003,144,2,-4.631940995156765,"[-5,-3)",144,2,-8.23559417981313,"[-10,-5)","[-5,-3)","[-10,-5)"
60190026013004,91,2,-4.614927561208607,"[-5,-3)",91,2,-8.14399927751737,"[-10,-5)","[-5,-3)","[-10,-5)"
60190026013005,82,2,-4.531584884226323,"[-5,-3)",82,2,-8.11463615395489,"[-10,-5)","[-5,-3)","[-10,-5)"
60190026013006,87,2,-4.468567093089223,"[-5,-3)",87,2,-8.049084047941017,"[-10,-5)","[-5,-3)","[-10,-5)"
60190026013007,102,2,-4.530539543554187,"[-5,-3)",102,2,-8.16366047805234,"[-10,-5)","[-5,-3)","[-10,-5)"
60190026013008,121,2,-4.414110876247287,"[-5,-3)",121,2,-7.934760427418173,"[-10,-5)","[-5,-3)","[-10,-5)"
60190026013009,94,2,-4.499057686328888,"[-5,-3)",94,2,-8.01317826903986,"[-10,-5)","[-5,-3)","[-10,-5)"
60190026013010,116,2,-4.601688140630722,"[-5,-3)",116,2,-8.048513948116213,"[-10,-5)","[-5,-3)","[-10,-5)"
60190026013011,85,2,-4.596548726409674,"[-5,-3)",85,2,-7.949943205512749,"[-10,-5)","[-5,-3)","[-10,-5)"
60190026013012,134,2,-4.476636015996337,"[-5,-3)",134,2,-7.911517568342613,"[-10,-5)","[-5,-3)","[-10,-5)"
60190026013013,87,2,-4.373448614403605,"[-5,-3)",87,2,-7.824510165882724,"[-10,-5)","[-5,-3)","[-10,-5)"
60190026013014,78,2,-4.345874330028892,"[-5,-3)",78,2,-7.713418247256643,"[-10,-5)","[-5,-3)","[-10,-5)"
60190026013015,100,2,-4.470369365438819,"[-5,-3)",100,2,-7.809318298005191,"[-10,-5)","[-5,-3)","[-10,-5)"
60190026013016,66,2,-4.601384118944407,"[-5,-3)",66,2,-7.847535154223045,"[-10,-5)","[-5,-3)","[-10,-5)"
60190026013017,64,2,-4.621781532838941,"[-5,-3)",64,2,-7.74116111700712,"[-10,-5)","[-5,-3)","[-10,-5)"
60190026013018,96,2,-4.4748509176075455,"[-5,-3)",96,2,-7.705756696447159,"[-10,-5)","[-5,-3)","[-10,-5)"
60190026013019,76,2,-4.33816946670413,"[-5,-3)",76,2,-7.606637442253413,"[-10,-5)","[-5,-3)","[-10,-5)"
60190026013020,41,2,-4.349419972300529,"[-5,-3)",41,2,-7.5020475589984255,"[-10,-5)","[-5,-3)","[-10,-5)"
60190026013021,94,2,-4.4994346618652346,"[-5,-3)",94,2,-7.600578533801452,"[-10,-5)","[-5,-3)","[-10,-5)"
60190026013022,48,2,-4.655564700812102,"[-5,-3)",48,2,-7.635108914918999,"[-10,-5)","[-5,-3)","[-10,-5)"
60190026021002,119,7,-3.847900575399399,"[-5,-3)",119,7,-6.586767487255259,"[-10,-5)","[-5,-3)","[-10,-5)"
60190026021003,79,2,-4.162746398895979,"[-5,-3)",79,2,-7.127734273628631,"[-10,-5)","[-5,-3)","[-10,-5)"
60190026021004,45,1,-4.267371303588152,"[-5,-3)",45,1,-7.282520494871027,"[-10,-5)","[-5,-3)","[-10,-5)"
60190026021005,0,1,-4.299148808419704,"[-5,-3)",0,1,-7.186685776937478,"[-10,-5)","[-5,-3)","[-10,-5)"
60190026021006,42,2,-4.193530652672052,"[-5,-3)",42,2,-7.040589956312959,"[-10,-5)","[-5,-3)","[-10,-5)"
60190026021007,61,1,-4.095168140530586,"[-5,-3)",61,1,-6.871719116379423,"[-10,-5)","[-5,-3)","[-10,-5)"
60190026021008,55,2,-3.992961499840021,"[-5,-3)",55,2,-6.703731689726975,"[-10,-5)","[-5,-3)","[-10,-5)"
60190026021009,62,1,-3.8786070495843887,"[-5,-3)",62,1,-6.537083869837746,"[-10,-5)","[-5,-3)","[-10,-5)"
60190026021010,145,3,-3.724824591726065,"[-5,-3)",145,3,-6.351434710845046,"[-10,-5)","[-5,-3)","[-10,-5)"
60190026021011,86,6,-3.811243110895157,"[-5,-3)",86,6,-6.323554074071634,"[-10,-5)","[-5,-3)","[-10,-5)"
60190026021012,21,2,-3.956837847456336,"[-5,-3)",21,2,-6.479389029022639,"[-10,-5)","[-5,-3)","[-10,-5)"
60190026021013,28,4,-4.060581486672163,"[-5,-3)",28,4,-6.620104266248328,"[-10,-5)","[-5,-3)","[-10,-5)"
60190026021014,32,2,-4.164894847199321,"[-5,-3)",32,2,-6.773229897766852,"[-10,-5)","[-5,-3)","[-10,-5)"
60190026021015,42,4,-4.274050696939231,"[-5,-3)",42,4,-6.916339724690151,"[-10,-5)","[-5,-3)","[-10,-5)"
60190026021016,23,2,-4.374227687716484,"[-5,-3)",23,2,-7.048813369331443,"[-10,-5)","[-5,-3)","[-10,-5)"
60190026022004,48,1,-4.337008166313171,"[-5,-3)",48,1,-7.366173767419956,"[-10,-5)","[-5,-3)","[-10,-5)"
60190026022005,48,2,-4.449272077158094,"[-5,-3)",48,2,-7.455769769632434,"[-10,-5)","[-5,-3)","[-10,-5)"
60190026022006,41,1,-4.572019484639168,"[-5,-3)",41,1,-7.511222842725887,"[-10,-5)","[-5,-3)","[-10,-5)"
60190026022007,57,2,-4.69181169345975,"[-5,-3)",57,2,-7.521011970858634,"[-10,-5)","[-5,-3)","[-10,-5)"
60190026022008,50,2,-4.7406534444540736,"[-5,-3)",50,2,-7.40467269096518,"[-10,-5)","[-5,-3)","[-10,-5)"
60190026022009,55,1,-4.617142150551081,"[-5,-3)",55,1,-7.400485425635112,"[-10,-5)","[-5,-3)","[-10,-5)"
60190026022010,45,2,-4.491482976078988,"[-5,-3)",45,2,-7.350595299711053,"[-10,-5)","[-5,-3)","[-10,-5)"
60190026022011,45,1,-4.375225196778774,"[-5,-3)",45,1,-7.265933345309666,"[-10,-5)","[-5,-3)","[-10,-5)"
60190026022012,22,2,-4.453809976950288,"[-5,-3)",22,2,-7.119830423292212,"[-10,-5)","[-5,-3)","[-10,-5)"
60190026022013,61,4,-4.580352971702814,"[-5,-3)",61,4,-7.193275301469527,"[-10,-5)","[-5,-3)","[-10,-5)"
60190026022014,55,2,-4.704305111244321,"[-5,-3)",55,2,-7.233699838722947,"[-10,-5)","[-5,-3)","[-10,-5)"
60190026022015,60,4,-4.8247236728668215,"[-5,-3)",60,4,-7.230519834966749,"[-10,-5)","[-5,-3)","[-10,-5)"
60190026022016,51,2,-4.9038414135575294,"[-5,-3)",51,2,-7.058595112015537,"[-10,-5)","[-5,-3)","[-10,-5)"
60190026022017,31,1,-4.786578176915646,"[-5,-3)",31,1,-7.07154038322422,"[-10,-5)","[-5,-3)","[-10,-5)"
60190026022018,44,2,-4.674290705099702,"[-5,-3)",44,2,-7.044549977069114,"[-10,-5)","[-5,-3)","[-10,-5)"
60190026022019,47,1,-4.551890467107296,"[-5,-3)",47,1,-6.981401550535807,"[-10,-5)","[-5,-3)","[-10,-5)"
60190026022020,45,1,-4.626071474701166,"[-5,-3)",45,1,-6.899867901750053,"[-10,-5)","[-5,-3)","[-10,-5)"
60190026022021,31,3,-4.77727414816618,"[-5,-3)",31,3,-6.939912372453603,"[-10,-5)","[-5,-3)","[-10,-5)"
60190026022022,86,1,-4.843797840178013,"[-5,-3)",86,1,-6.972499812464192,"[-10,-5)","[-5,-3)","[-10,-5)"
60190026022023,228,6,-5.002803453058005,"[-10,-5)",228,6,-6.849221051394864,"[-10,-5)","[-10,-5)","[-10,-5)"
60190026022024,35,2,-4.935126125067473,"[-5,-3)",35,2,-6.833429825953635,"[-10,-5)","[-5,-3)","[-10,-5)"
60190026022025,37,3,-4.848257960379124,"[-5,-3)",37,3,-6.794250873020976,"[-10,-5)","[-5,-3)","[-10,-5)"
60190026022026,42,2,-4.731613270193339,"[-5,-3)",42,2,-6.792169880835365,"[-10,-5)","[-5,-3)","[-10,-5)"
60190026023000,42,1,-4.470165690779687,"[-5,-3)",42,1,-6.9212271873635896,"[-10,-5)","[-5,-3)","[-10,-5)"
60190026023001,36,2,-4.359630388766528,"[-5,-3)",36,2,-6.811072936660619,"[-10,-5)","[-5,-3)","[-10,-5)"
60190026023002,36,1,-4.2529412023723125,"[-5,-3)",36,1,-6.688607143054464,"[-10,-5)","[-5,-3)","[-10,-5)"
60190026023003,55,2,-4.150844702124596,"[-5,-3)",55,2,-6.563605868114873,"[-10,-5)","[-5,-3)","[-10,-5)"
60190026023004,45,1,-4.046096031367779,"[-5,-3)",45,1,-6.445490103764853,"[-10,-5)","[-5,-3)","[-10,-5)"
60190026023005,129,3,-3.908535160124302,"[-5,-3)",129,3,-6.318648999943718,"[-10,-5)","[-5,-3)","[-10,-5)"
60190026023006,90,1,-3.933472035080195,"[-5,-3)",90,1,-6.290000844621914,"[-10,-5)","[-5,-3)","[-10,-5)"
60190026023007,37,2,-4.017008877173066,"[-5,-3)",37,2,-6.354250271115831,"[-10,-5)","[-5,-3)","[-10,-5)"
60190026023008,55,1,-4.114695359766484,"[-5,-3)",55,1,-6.43811715356424,"[-10,-5)","[-5,-3)","[-10,-5)"
60190026023009,68,3,-4.25077359303832,"[-5,-3)",68,3,-6.5041248849488085,"[-10,-5)","[-5,-3)","[-10,-5)"
60190026023010,70,1,-4.321956112235784,"[-5,-3)",70,1,-6.646000489780042,"[-10,-5)","[-5,-3)","[-10,-5)"
60190026023011,57,2,-4.42832055464387,"[-5,-3)",57,2,-6.7518027228368585,"[-10,-5)","[-5,-3)","[-10,-5)"
60190026023012,70,1,-4.547017320245504,"[-5,-3)",70,1,-6.847494844800275,"[-10,-5)","[-5,-3)","[-10,-5)"
60190026023013,36,3,-4.623085192590952,"[-5,-3)",36,3,-6.730980302529191,"[-10,-5)","[-5,-3)","[-10,-5)"
60190026023014,45,3,-4.540261850506068,"[-5,-3)",45,3,-6.67457081383528,"[-10,-5)","[-5,-3)","[-10,-5)"
60190026023015,37,2,-4.429685955494643,"[-5,-3)",37,2,-6.606038395234535,"[-10,-5)","[-5,-3)","[-10,-5)"
60190026023016,32,3,-4.321692967414856,"[-5,-3)",32,3,-6.549389163515146,"[-10,-5)","[-5,-3)","[-10,-5)"
60190026023017,42,2,-4.223401989787817,"[-5,-3)",42,2,-6.449730487514073,"[-10,-5)","[-5,-3)","[-10,-5)"
60190026023018,53,4,-4.135370253771544,"[-5,-3)",53,4,-6.384480616783504,"[-10,-5)","[-5,-3)","[-10,-5)"
60190026023019,34,2,-4.059590080752969,"[-5,-3)",34,2,-6.331111092377118,"[-10,-5)","[-5,-3)","[-10,-5)"
60190027011000,39,2,-4.85944601520896,"[-5,-3)",39,2,-8.312369043165425,"[-10,-5)","[-5,-3)","[-10,-5)"
60190027011001,52,2,-4.734834026545286,"[-5,-3)",52,2,-8.318339042177843,"[-10,-5)","[-5,-3)","[-10,-5)"
60190027011002,107,2,-4.7253241941332815,"[-5,-3)",107,2,-8.235827673612826,"[-10,-5)","[-5,-3)","[-10,-5)"
60190027011003,64,2,-4.852562521398068,"[-5,-3)",64,2,-8.227584376694125,"[-10,-5)","[-5,-3)","[-10,-5)"
60190027011004,76,2,-4.846383018046618,"[-5,-3)",76,2,-8.135934935700623,"[-10,-5)","[-5,-3)","[-10,-5)"
60190027011005,83,2,-4.7178549405187375,"[-5,-3)",83,2,-8.146448974024153,"[-10,-5)","[-5,-3)","[-10,-5)"
60190027011006,57,2,-4.713649023324251,"[-5,-3)",57,2,-8.050994038584758,"[-10,-5)","[-5,-3)","[-10,-5)"
60190027011008,136,4,-4.775087235867977,"[-5,-3)",136,4,-7.988597223479669,"[-10,-5)","[-5,-3)","[-10,-5)"
60190027011009,33,2,-4.84125950038433,"[-5,-3)",33,2,-7.928955748833277,"[-10,-5)","[-5,-3)","[-10,-5)"
60190027011010,58,1,-4.685937631130218,"[-5,-3)",58,1,-7.953014699984904,"[-10,-5)","[-5,-3)","[-10,-5)"
60190027011011,97,2,-4.847880417108536,"[-5,-3)",97,2,-7.814738649204456,"[-10,-5)","[-5,-3)","[-10,-5)"
60190027011012,28,1,-4.759013544023037,"[-5,-3)",28,1,-7.834814571086818,"[-10,-5)","[-5,-3)","[-10,-5)"
60190027011013,76,2,-4.747823927924037,"[-5,-3)",76,2,-7.730135494336569,"[-10,-5)","[-5,-3)","[-10,-5)"
60190027011014,104,2,-4.870438201725483,"[-5,-3)",104,2,-7.695427862451369,"[-10,-5)","[-5,-3)","[-10,-5)"
60190027011015,59,2,-4.905942881852388,"[-5,-3)",59,2,-7.577278011415261,"[-10,-5)","[-5,-3)","[-10,-5)"
60190027011016,47,2,-4.788754586130381,"[-5,-3)",47,2,-7.616094793308246,"[-10,-5)","[-5,-3)","[-10,-5)"
60190027012000,19,2,-6.379133471846581,"[-10,-5)",19,2,-8.983159518392544,"[-10,-5)","[-10,-5)","[-10,-5)"
60190027012001,32,2,-6.118437856435776,"[-10,-5)",32,2,-8.789928628246948,"[-10,-5)","[-10,-5)","[-10,-5)"
60190027012002,29,2,-5.828749756515027,"[-10,-5)",29,2,-8.604034897281572,"[-10,-5)","[-10,-5)","[-10,-5)"
60190027012003,59,2,-5.535453705489635,"[-10,-5)",59,2,-8.457443115374488,"[-10,-5)","[-10,-5)","[-10,-5)"
60190027012004,88,2,-5.531609860807658,"[-10,-5)",88,2,-8.384055616452088,"[-10,-5)","[-10,-5)","[-10,-5)"
60190027012005,95,2,-5.831140201538801,"[-10,-5)",95,2,-8.547924519258075,"[-10,-5)","[-10,-5)","[-10,-5)"
60190027012006,72,2,-6.137164286524058,"[-10,-5)",72,2,-8.751643030545484,"[-10,-5)","[-10,-5)","[-10,-5)"
60190027012007,72,2,-6.429321746528149,"[-10,-5)",72,2,-8.96299752762781,"[-10,-5)","[-10,-5)","[-10,-5)"
60190027012008,38,2,-6.463252383470535,"[-10,-5)",38,2,-8.931205727681636,"[-10,-5)","[-10,-5)","[-10,-5)"
60190027012009,65,2,-6.149924397468567,"[-10,-5)",65,2,-8.702471281530709,"[-10,-5)","[-10,-5)","[-10,-5)"
60190027012010,84,2,-5.832686141878367,"[-10,-5)",84,2,-8.480123544129611,"[-10,-5)","[-10,-5)","[-10,-5)"
60190027012011,124,2,-5.523990299552679,"[-10,-5)",124,2,-8.301743086889244,"[-10,-5)","[-10,-5)","[-10,-5)"
60190027012014,72,2,-6.157162725180388,"[-10,-5)",72,2,-8.64168932317899,"[-10,-5)","[-10,-5)","[-10,-5)"
60190027012015,68,2,-6.487409191578627,"[-10,-5)",68,2,-8.886090010255494,"[-10,-5)","[-10,-5)","[-10,-5)"
60190027012016,67,2,-6.493944380432367,"[-10,-5)",67,2,-8.8274594899073,"[-10,-5)","[-10,-5)","[-10,-5)"
60190027012017,76,2,-6.153393253684044,"[-10,-5)",76,2,-8.569115075775482,"[-10,-5)","[-10,-5)","[-10,-5)"
60190027012018,80,2,-5.8153231255710125,"[-10,-5)",80,2,-8.314978378985384,"[-10,-5)","[-10,-5)","[-10,-5)"
60190027012019,64,2,-5.506015265733003,"[-10,-5)",64,2,-8.109731363882691,"[-10,-5)","[-10,-5)","[-10,-5)"
60190027012020,0,2,-5.515788242965937,"[-10,-5)",0,2,-8.209248296080785,"[-10,-5)","[-10,-5)","[-10,-5)"
60190027012021,0,2,-5.825234062224627,"[-10,-5)",0,2,-8.403390152912056,"[-10,-5)","[-10,-5)","[-10,-5)"
60190027012022,71,2,-5.493203490972519,"[-10,-5)",71,2,-8.004090190417637,"[-10,-5)","[-10,-5)","[-10,-5)"
60190027012023,85,2,-5.778412735462188,"[-10,-5)",85,2,-8.220111722936707,"[-10,-5)","[-10,-5)","[-10,-5)"
60190027012024,80,2,-6.102313636243343,"[-10,-5)",80,2,-8.48532460431505,"[-10,-5)","[-10,-5)","[-10,-5)"
60190027012025,100,2,-6.455302968621254,"[-10,-5)",100,2,-8.7550519832099,"[-10,-5)","[-10,-5)","[-10,-5)"
60190027012026,86,2,-6.373754473775625,"[-10,-5)",86,2,-8.669869354678532,"[-10,-5)","[-10,-5)","[-10,-5)"
60190027012027,15,4,-5.98163008466363,"[-10,-5)",15,4,-8.340047148212337,"[-10,-5)","[-10,-5)","[-10,-5)"
60190027012028,115,2,-5.71200542896986,"[-10,-5)",115,2,-8.118433978896416,"[-10,-5)","[-10,-5)","[-10,-5)"
60190027012029,60,2,-5.473563576489687,"[-10,-5)",60,2,-7.894338730721927,"[-10,-5)","[-10,-5)","[-10,-5)"
60190027012030,48,2,-5.423600124567747,"[-10,-5)",48,2,-7.782186432102824,"[-10,-5)","[-10,-5)","[-10,-5)"
60190027012031,73,2,-5.6527958571910855,"[-10,-5)",73,2,-8.010905823300728,"[-10,-5)","[-10,-5)","[-10,-5)"
60190027012032,56,2,-6.268445449322462,"[-10,-5)",56,2,-8.571959041618005,"[-10,-5)","[-10,-5)","[-10,-5)"
60190027013000,39,2,-5.263973126560449,"[-10,-5)",39,2,-8.359011560072545,"[-10,-5)","[-10,-5)","[-10,-5)"
60190027013001,44,2,-5.038258740305901,"[-10,-5)",44,2,-8.31755845706645,"[-10,-5)","[-10,-5)","[-10,-5)"
60190027013002,107,2,-5.027662832289934,"[-10,-5)",107,2,-8.23149980070265,"[-10,-5)","[-10,-5)","[-10,-5)"
60190027013003,82,2,-5.257203179597854,"[-10,-5)",82,2,-8.277644936048619,"[-10,-5)","[-10,-5)","[-10,-5)"
60190027013004,107,2,-5.246160464733839,"[-10,-5)",107,2,-8.185500385939704,"[-10,-5)","[-10,-5)","[-10,-5)"
60190027013005,87,2,-5.01759917512536,"[-10,-5)",87,2,-8.137606887653192,"[-10,-5)","[-10,-5)","[-10,-5)"
60190027013007,126,4,-5.226486486196518,"[-10,-5)",126,4,-8.031790451810505,"[-10,-5)","[-10,-5)","[-10,-5)"
60190027013008,84,2,-5.219496258348227,"[-10,-5)",84,2,-7.864471408261078,"[-10,-5)","[-10,-5)","[-10,-5)"
60190027013009,79,2,-5.005798251181841,"[-10,-5)",79,2,-7.808634007781995,"[-10,-5)","[-10,-5)","[-10,-5)"
60190027013010,89,2,-5.001531444489956,"[-10,-5)",89,2,-7.924509992800383,"[-10,-5)","[-10,-5)","[-10,-5)"
60190027013011,0,2,-5.007174155116081,"[-10,-5)",0,2,-8.034853424611137,"[-10,-5)","[-10,-5)","[-10,-5)"
60190027013012,88,2,-5.225885255634784,"[-10,-5)",88,2,-7.748294040126538,"[-10,-5)","[-10,-5)","[-10,-5)"
60190027013013,91,2,-5.017694554477931,"[-10,-5)",91,2,-7.689073820109038,"[-10,-5)","[-10,-5)","[-10,-5)"
60190027013014,91,2,-5.0481367483735085,"[-10,-5)",91,2,-7.569059143288256,"[-10,-5)","[-10,-5)","[-10,-5)"
60190027013015,46,2,-5.234903430193663,"[-10,-5)",46,2,-7.6304327896993,"[-10,-5)","[-10,-5)","[-10,-5)"
60190027021000,65,2,-5.246154219657183,"[-10,-5)",65,2,-7.479009220039385,"[-10,-5)","[-10,-5)","[-10,-5)"
60190027021001,64,2,-5.183544487506151,"[-10,-5)",64,2,-7.424262593515085,"[-10,-5)","[-10,-5)","[-10,-5)"
60190027021002,101,2,-5.134235349297524,"[-10,-5)",101,2,-7.391430581531822,"[-10,-5)","[-10,-5)","[-10,-5)"
60190027021003,99,2,-5.070216216892004,"[-10,-5)",99,2,-7.380581925573206,"[-10,-5)","[-10,-5)","[-10,-5)"
60190027021004,0,16,-4.970624843984842,"[-5,-3)",0,16,-7.290846452003489,"[-10,-5)","[-5,-3)","[-10,-5)"
60190027021005,0,16,-5.1551387563347815,"[-10,-5)",0,16,-6.8051236737155705,"[-10,-5)","[-10,-5)","[-10,-5)"
60190027021007,116,2,-5.151427761465311,"[-10,-5)",116,2,-6.928794715730617,"[-10,-5)","[-10,-5)","[-10,-5)"
60190027021008,137,2,-5.145320644229651,"[-10,-5)",137,2,-7.133909360869005,"[-10,-5)","[-10,-5)","[-10,-5)"
60190027021009,75,2,-5.164815218746663,"[-10,-5)",75,2,-7.1658335307794845,"[-10,-5)","[-10,-5)","[-10,-5)"
60190027021010,83,2,-5.201477508991957,"[-10,-5)",83,2,-7.219670894952415,"[-10,-5)","[-10,-5)","[-10,-5)"
60190027021011,127,2,-5.16810438707471,"[-10,-5)",127,2,-6.985790779480941,"[-10,-5)","[-10,-5)","[-10,-5)"
60190027021012,89,2,-5.159258235991001,"[-10,-5)",89,2,-6.856382948197456,"[-10,-5)","[-10,-5)","[-10,-5)"
60190027021013,123,2,-5.155601175874472,"[-10,-5)",123,2,-6.804918585487614,"[-10,-5)","[-10,-5)","[-10,-5)"
60190027021014,98,2,-5.154585215449334,"[-10,-5)",98,2,-6.687594484421964,"[-10,-5)","[-10,-5)","[-10,-5)"
60190027021015,117,2,-5.141753286123276,"[-10,-5)",117,2,-6.725543760154034,"[-10,-5)","[-10,-5)","[-10,-5)"
60190027021016,30,2,-5.118249088525772,"[-10,-5)",30,2,-6.588032671420521,"[-10,-5)","[-10,-5)","[-10,-5)"
60190027021017,44,2,-5.146619620174169,"[-10,-5)",44,2,-6.564618242691656,"[-10,-5)","[-10,-5)","[-10,-5)"
60190027021018,136,2,-5.139564386755229,"[-10,-5)",136,2,-7.121580490567062,"[-10,-5)","[-10,-5)","[-10,-5)"
60190027022000,61,2,-6.183621695637703,"[-10,-5)",61,2,-8.47006825578967,"[-10,-5)","[-10,-5)","[-10,-5)"
60190027022001,69,2,-6.036678164452315,"[-10,-5)",69,2,-8.328613621531613,"[-10,-5)","[-10,-5)","[-10,-5)"
60190027022002,107,3,-5.777881336212158,"[-10,-5)",107,3,-8.101301442357665,"[-10,-5)","[-10,-5)","[-10,-5)"
60190027022003,86,2,-5.510540959239006,"[-10,-5)",86,2,-7.769128390774336,"[-10,-5)","[-10,-5)","[-10,-5)"
60190027022004,84,2,-5.409191881120205,"[-10,-5)",84,2,-7.653575377106621,"[-10,-5)","[-10,-5)","[-10,-5)"
60190027022005,100,2,-5.31941265910864,"[-10,-5)",100,2,-7.555938893757659,"[-10,-5)","[-10,-5)","[-10,-5)"
60190027022006,119,2,-5.255668593943119,"[-10,-5)",119,2,-7.294866408516013,"[-10,-5)","[-10,-5)","[-10,-5)"
60190027022007,100,2,-5.327564187347889,"[-10,-5)",100,2,-7.389429977114234,"[-10,-5)","[-10,-5)","[-10,-5)"
60190027022008,94,2,-5.402350115776063,"[-10,-5)",94,2,-7.501556994774489,"[-10,-5)","[-10,-5)","[-10,-5)"
60190027022009,133,3,-5.701517106592656,"[-10,-5)",133,3,-7.976489632581574,"[-10,-5)","[-10,-5)","[-10,-5)"
60190027022011,87,3,-5.55256464779377,"[-10,-5)",87,3,-7.690768212463279,"[-10,-5)","[-10,-5)","[-10,-5)"
60190027022012,94,2,-5.834673211723566,"[-10,-5)",94,2,-8.053745402263411,"[-10,-5)","[-10,-5)","[-10,-5)"
60190027022013,132,2,-5.9656673848629005,"[-10,-5)",132,2,-8.197942026361451,"[-10,-5)","[-10,-5)","[-10,-5)"
60190027022014,104,3,-5.626013562083244,"[-10,-5)",104,3,-7.839986089477648,"[-10,-5)","[-10,-5)","[-10,-5)"
60190027023000,175,4,-5.307987859100104,"[-10,-5)",175,4,-7.144065204932904,"[-10,-5)","[-10,-5)","[-10,-5)"
60190027023001,255,4,-5.24933637008071,"[-10,-5)",255,4,-7.0337811407670845,"[-10,-5)","[-10,-5)","[-10,-5)"
60190027023002,348,4,-5.205012790113688,"[-10,-5)",348,4,-6.94274724851317,"[-10,-5)","[-10,-5)","[-10,-5)"
60190027023003,405,2,-5.206838339567184,"[-10,-5)",405,2,-7.006337381687022,"[-10,-5)","[-10,-5)","[-10,-5)"
60190027023004,239,2,-5.137437654286623,"[-10,-5)",239,2,-6.726679698967883,"[-10,-5)","[-10,-5)","[-10,-5)"
60190027024000,640,8,-5.616034781187773,"[-10,-5)",640,8,-7.633905370844412,"[-10,-5)","[-10,-5)","[-10,-5)"
60190027024001,334,4,-5.462900675833225,"[-10,-5)",334,4,-7.41376872314749,"[-10,-5)","[-10,-5)","[-10,-5)"
60190027024002,210,4,-5.381676641106606,"[-10,-5)",210,4,-7.274310716526976,"[-10,-5)","[-10,-5)","[-10,-5)"
60190028001000,0,2,-6.709437847137451,"[-10,-5)",0,2,-10.762083729515728,<-10,"[-10,-5)",<-10
60190028001001,0,2,-6.405427231639624,"[-10,-5)",0,2,-10.626629488231844,<-10,"[-10,-5)",<-10
60190028001002,0,2,-6.195311059802771,"[-10,-5)",0,2,-10.36739512753744,<-10,"[-10,-5)",<-10
60190028001003,0,4,-6.025362937152385,"[-10,-5)",0,4,-10.126155128428351,<-10,"[-10,-5)",<-10
60190028001004,683,5,-6.207940024137497,"[-10,-5)",683,5,-10.207084306647497,<-10,"[-10,-5)",<-10
60190028001005,0,1,-5.933308804035187,"[-10,-5)",0,1,-9.918446202423024,"[-10,-5)","[-10,-5)","[-10,-5)"
60190028001006,58,2,-5.981465725600719,"[-10,-5)",58,2,-9.789833159036805,"[-10,-5)","[-10,-5)","[-10,-5)"
60190028001007,114,4,-5.749150577187539,"[-10,-5)",114,4,-9.604806934232345,"[-10,-5)","[-10,-5)","[-10,-5)"
60190028001008,279,4,-5.681424424052239,"[-10,-5)",279,4,-9.28464262215746,"[-10,-5)","[-10,-5)","[-10,-5)"
60190028001009,57,2,-5.833858513087034,"[-10,-5)",57,2,-9.421895220188144,"[-10,-5)","[-10,-5)","[-10,-5)"
60190028001010,82,2,-5.888705614954233,"[-10,-5)",82,2,-9.592474087150356,"[-10,-5)","[-10,-5)","[-10,-5)"
60190028001011,50,2,-5.812053827941417,"[-10,-5)",50,2,-9.284720453424022,"[-10,-5)","[-10,-5)","[-10,-5)"
60190028001012,32,2,-5.825053522735834,"[-10,-5)",32,2,-9.177595656947032,"[-10,-5)","[-10,-5)","[-10,-5)"
60190028001013,111,2,-5.698447083681822,"[-10,-5)",111,2,-9.109851208906331,"[-10,-5)","[-10,-5)","[-10,-5)"
60190028001014,93,2,-5.735619483143092,"[-10,-5)",93,2,-9.026101641469204,"[-10,-5)","[-10,-5)","[-10,-5)"
60190028001015,119,2,-5.858853296935559,"[-10,-5)",119,2,-9.100915668204346,"[-10,-5)","[-10,-5)","[-10,-5)"
60190028001016,0,5,-5.876530838012696,"[-10,-5)",0,5,-9.022946918671854,"[-10,-5)","[-10,-5)","[-10,-5)"
60190028001017,0,3,-5.871505822241306,"[-10,-5)",0,3,-8.941317259053621,"[-10,-5)","[-10,-5)","[-10,-5)"
60190028001018,63,4,-6.077674821764231,"[-10,-5)",63,4,-9.00229067095886,"[-10,-5)","[-10,-5)","[-10,-5)"
60190028001019,69,4,-5.920933049172163,"[-10,-5)",69,4,-8.88523897932619,"[-10,-5)","[-10,-5)","[-10,-5)"
60190028001020,89,2,-6.190892384201288,"[-10,-5)",89,2,-8.998745371550097,"[-10,-5)","[-10,-5)","[-10,-5)"
60190028001021,64,2,-6.0000979118049145,"[-10,-5)",64,2,-8.857741533715538,"[-10,-5)","[-10,-5)","[-10,-5)"
60190028001022,67,2,-6.045816130936146,"[-10,-5)",67,2,-8.841620519586417,"[-10,-5)","[-10,-5)","[-10,-5)"
60190028001023,70,2,-6.258546435087919,"[-10,-5)",70,2,-8.998671233007858,"[-10,-5)","[-10,-5)","[-10,-5)"
60190028001024,20,2,-6.321573168039322,"[-10,-5)",20,2,-8.993871259495377,"[-10,-5)","[-10,-5)","[-10,-5)"
60190028001025,61,2,-6.083368344604969,"[-10,-5)",61,2,-8.819828333059576,"[-10,-5)","[-10,-5)","[-10,-5)"
60190028002000,6,4,-6.0607793346047405,"[-10,-5)",6,4,-10.459484854892898,<-10,"[-10,-5)",<-10
60190028002001,0,2,-5.913944808393717,"[-10,-5)",0,2,-10.235246158581129,<-10,"[-10,-5)",<-10
60190028002002,0,9,-5.777091617882252,"[-10,-5)",0,9,-10.025317053088669,<-10,"[-10,-5)",<-10
60190028002003,0,1,-5.670963352918625,"[-10,-5)",0,1,-9.83428049335992,"[-10,-5)","[-10,-5)","[-10,-5)"
60190028002004,0,12,-5.610259788483381,"[-10,-5)",0,12,-9.504707971869314,"[-10,-5)","[-10,-5)","[-10,-5)"
60190028002005,23,2,-5.608593488484621,"[-10,-5)",23,2,-9.343817393260174,"[-10,-5)","[-10,-5)","[-10,-5)"
60190028002006,16,2,-5.604649722576141,"[-10,-5)",16,2,-9.210960557456122,"[-10,-5)","[-10,-5)","[-10,-5)"
60190028002007,51,2,-5.619756279140711,"[-10,-5)",51,2,-9.097353609508255,"[-10,-5)","[-10,-5)","[-10,-5)"
60190028002008,0,4,-5.551973352581262,"[-10,-5)",0,4,-9.071636909189934,"[-10,-5)","[-10,-5)","[-10,-5)"
60190028002009,0,4,-5.606901072710753,"[-10,-5)",0,4,-8.922005162995326,"[-10,-5)","[-10,-5)","[-10,-5)"
60190028002010,93,2,-5.640543868392706,"[-10,-5)",93,2,-9.004214296277038,"[-10,-5)","[-10,-5)","[-10,-5)"
60190028002011,0,1,-5.445476344227791,"[-10,-5)",0,1,-8.926594651221219,"[-10,-5)","[-10,-5)","[-10,-5)"
60190028002012,0,3,-5.324804431200028,"[-10,-5)",0,3,-8.826030405593103,"[-10,-5)","[-10,-5)","[-10,-5)"
60190028002013,0,4,-5.619096855819226,"[-10,-5)",0,4,-8.847011044935357,"[-10,-5)","[-10,-5)","[-10,-5)"
60190028002014,0,2,-5.536714359372855,"[-10,-5)",0,2,-8.762411866847515,"[-10,-5)","[-10,-5)","[-10,-5)"
60190028002015,0,2,-5.340871877968311,"[-10,-5)",0,2,-8.734600539669145,"[-10,-5)","[-10,-5)","[-10,-5)"
60190028002016,6,4,-5.305896893888712,"[-10,-5)",6,4,-8.61412114769471,"[-10,-5)","[-10,-5)","[-10,-5)"
60190028002017,0,2,-5.538093953579665,"[-10,-5)",0,2,-8.696516053415596,"[-10,-5)","[-10,-5)","[-10,-5)"
60190028002018,58,4,-5.739868973940611,"[-10,-5)",58,4,-8.794392279790035,"[-10,-5)","[-10,-5)","[-10,-5)"
60190028002019,76,2,-5.784027910977603,"[-10,-5)",76,2,-8.732393994856448,"[-10,-5)","[-10,-5)","[-10,-5)"
60190028002020,24,2,-5.539355459064245,"[-10,-5)",24,2,-8.636425202624292,"[-10,-5)","[-10,-5)","[-10,-5)"
60190028002021,22,2,-5.5413172647356985,"[-10,-5)",22,2,-8.579272624173685,"[-10,-5)","[-10,-5)","[-10,-5)"
60190028002022,45,2,-5.282459972798824,"[-10,-5)",45,2,-8.504021719745195,"[-10,-5)","[-10,-5)","[-10,-5)"
60190028002023,16,2,-5.272013378888369,"[-10,-5)",16,2,-8.435349261675775,"[-10,-5)","[-10,-5)","[-10,-5)"
60190028002024,19,2,-5.541230685263872,"[-10,-5)",19,2,-8.52055830738886,"[-10,-5)","[-10,-5)","[-10,-5)"
60190028002025,51,2,-5.822015860676766,"[-10,-5)",51,2,-8.65301263624137,"[-10,-5)","[-10,-5)","[-10,-5)"
60190028002026,90,2,-5.801887127012014,"[-10,-5)",90,2,-8.695826934245204,"[-10,-5)","[-10,-5)","[-10,-5)"
60190028003000,33,10,-5.679516553133727,"[-10,-5)",33,10,-10.097950668137113,<-10,"[-10,-5)",<-10
60190028003001,20,2,-5.683002441376448,"[-10,-5)",20,2,-9.971850381626936,"[-10,-5)","[-10,-5)","[-10,-5)"
60190028003002,0,1,-5.524066092073918,"[-10,-5)",0,1,-9.7471026574696,"[-10,-5)","[-10,-5)","[-10,-5)"
60190028003003,210,8,-5.352942191809416,"[-10,-5)",210,8,-9.749972188326687,"[-10,-5)","[-10,-5)","[-10,-5)"
60190028003004,55,2,-5.30019797757268,"[-10,-5)",55,2,-9.551790491082674,"[-10,-5)","[-10,-5)","[-10,-5)"
60190028003005,57,2,-5.213228756189347,"[-10,-5)",57,2,-9.445878328463229,"[-10,-5)","[-10,-5)","[-10,-5)"
60190028003007,59,2,-5.434867094457149,"[-10,-5)",59,2,-9.739180911622984,"[-10,-5)","[-10,-5)","[-10,-5)"
60190028003008,72,2,-5.418477742373944,"[-10,-5)",72,2,-9.645787368524696,"[-10,-5)","[-10,-5)","[-10,-5)"
60190028003010,0,4,-5.44951520562172,"[-10,-5)",0,4,-9.452968643225036,"[-10,-5)","[-10,-5)","[-10,-5)"
60190028003011,53,3,-5.485064452886582,"[-10,-5)",53,3,-9.40713909378109,"[-10,-5)","[-10,-5)","[-10,-5)"
60190028003012,10,1,-5.544911590218544,"[-10,-5)",10,1,-9.663144877191623,"[-10,-5)","[-10,-5)","[-10,-5)"
60190028003014,17,7,-5.550602558255195,"[-10,-5)",17,7,-9.411732842842746,"[-10,-5)","[-10,-5)","[-10,-5)"
60190028003015,0,1,-5.608357027173042,"[-10,-5)",0,1,-9.683062864095117,"[-10,-5)","[-10,-5)","[-10,-5)"
60190028003016,0,2,-5.636045709997416,"[-10,-5)",0,2,-9.82788071804709,"[-10,-5)","[-10,-5)","[-10,-5)"
60190028003017,17,1,-5.577540412545204,"[-10,-5)",17,1,-9.792323191455456,"[-10,-5)","[-10,-5)","[-10,-5)"
60190028003018,40,2,-5.479909993708134,"[-10,-5)",40,2,-9.152412129210251,"[-10,-5)","[-10,-5)","[-10,-5)"
60190028003019,17,12,-5.320518605411053,"[-10,-5)",17,12,-9.036606590009775,"[-10,-5)","[-10,-5)","[-10,-5)"
60190028003020,0,2,-5.118679714947939,"[-10,-5)",0,2,-8.824113597612145,"[-10,-5)","[-10,-5)","[-10,-5)"
60190028003021,216,4,-5.1320328243076805,"[-10,-5)",216,4,-8.6791704750888,"[-10,-5)","[-10,-5)","[-10,-5)"
60190028003022,153,2,-5.083634615689516,"[-10,-5)",153,2,-8.548899398480163,"[-10,-5)","[-10,-5)","[-10,-5)"
60190028003023,140,2,-5.061355588585139,"[-10,-5)",140,2,-8.47108659553652,"[-10,-5)","[-10,-5)","[-10,-5)"
60190028003024,55,2,-5.0479826085269455,"[-10,-5)",55,2,-8.395740532442703,"[-10,-5)","[-10,-5)","[-10,-5)"
60190028004003,94,2,-5.1993300542235374,"[-10,-5)",94,2,-9.324850708954228,"[-10,-5)","[-10,-5)","[-10,-5)"
60190028004004,85,2,-5.273568686842919,"[-10,-5)",85,2,-9.401967291334543,"[-10,-5)","[-10,-5)","[-10,-5)"
60190028004005,62,2,-5.400127720087767,"[-10,-5)",62,2,-9.549639905246302,"[-10,-5)","[-10,-5)","[-10,-5)"
60190028004006,120,2,-5.37371019423008,"[-10,-5)",120,2,-9.45008803419497,"[-10,-5)","[-10,-5)","[-10,-5)"
60190028004007,64,2,-5.335522969812155,"[-10,-5)",64,2,-9.347466088950068,"[-10,-5)","[-10,-5)","[-10,-5)"
60190028004008,86,2,-5.194357553869486,"[-10,-5)",86,2,-9.252031889578042,"[-10,-5)","[-10,-5)","[-10,-5)"
60190028004009,57,2,-5.152574016898871,"[-10,-5)",57,2,-9.17379300305831,"[-10,-5)","[-10,-5)","[-10,-5)"
60190028004010,33,2,-5.289670765399933,"[-10,-5)",33,2,-9.242571129854602,"[-10,-5)","[-10,-5)","[-10,-5)"
60190028004013,95,2,-5.10313401594758,"[-10,-5)",95,2,-9.092155673935707,"[-10,-5)","[-10,-5)","[-10,-5)"
60190028004014,96,2,-5.240486812591553,"[-10,-5)",96,2,-9.14039572019744,"[-10,-5)","[-10,-5)","[-10,-5)"
60190028004015,62,5,-5.017634658515454,"[-10,-5)",62,5,-8.996341123958096,"[-10,-5)","[-10,-5)","[-10,-5)"
60190028004016,0,3,-4.943861000239849,"[-5,-3)",0,3,-8.825353784874277,"[-10,-5)","[-5,-3)","[-10,-5)"
60190028004017,80,5,-4.949218140542508,"[-5,-3)",80,5,-8.727589760508206,"[-10,-5)","[-5,-3)","[-10,-5)"
60190028004018,0,7,-4.907729257643223,"[-5,-3)",0,7,-8.46706067385393,"[-10,-5)","[-5,-3)","[-10,-5)"
60190028004019,94,3,-4.813788543641567,"[-5,-3)",94,3,-8.640920384352011,"[-10,-5)","[-5,-3)","[-10,-5)"
60190028004020,117,3,-4.768617336452008,"[-5,-3)",117,3,-8.481189037125548,"[-10,-5)","[-5,-3)","[-10,-5)"
60190028004021,64,2,-4.748625568673015,"[-5,-3)",64,2,-8.396575088140398,"[-10,-5)","[-5,-3)","[-10,-5)"
60190029031001,420,6,-6.4938589364290245,"[-10,-5)",420,6,-8.729490093257555,"[-10,-5)","[-10,-5)","[-10,-5)"
60190029031002,220,2,-6.230776566267014,"[-10,-5)",220,2,-8.477245207545284,"[-10,-5)","[-10,-5)","[-10,-5)"
60190029031003,490,6,-6.128082809597254,"[-10,-5)",490,6,-8.333361328792094,"[-10,-5)","[-10,-5)","[-10,-5)"
60190029031004,181,6,-6.745077080279589,"[-10,-5)",181,6,-8.936800773147098,"[-10,-5)","[-10,-5)","[-10,-5)"
60190029031005,32,4,-5.853746243566275,"[-10,-5)",32,4,-7.928185105671995,"[-10,-5)","[-10,-5)","[-10,-5)"
60190029031006,42,2,-5.731631150096655,"[-10,-5)",42,2,-7.669583621115937,"[-10,-5)","[-10,-5)","[-10,-5)"
60190029032000,63,12,-7.519343955069781,"[-10,-5)",63,12,-8.871520224399049,"[-10,-5)","[-10,-5)","[-10,-5)"
60190029032001,98,4,-7.422283825278283,"[-10,-5)",98,4,-9.034194104801973,"[-10,-5)","[-10,-5)","[-10,-5)"
60190029032002,49,3,-7.345368325710297,"[-10,-5)",49,3,-9.177511292398966,"[-10,-5)","[-10,-5)","[-10,-5)"
60190029032003,43,1,-7.2308364585042,"[-10,-5)",43,1,-9.21795628166404,"[-10,-5)","[-10,-5)","[-10,-5)"
60190029032004,325,9,-6.992011669278145,"[-10,-5)",325,9,-9.112104054800962,"[-10,-5)","[-10,-5)","[-10,-5)"
60190029032005,30,1,-7.156870338320733,"[-10,-5)",30,1,-9.172483506201136,"[-10,-5)","[-10,-5)","[-10,-5)"
60190029032006,82,3,-7.303962899744511,"[-10,-5)",82,3,-9.157425144510778,"[-10,-5)","[-10,-5)","[-10,-5)"
60190029032007,101,3,-7.248990896344186,"[-10,-5)",101,3,-9.102329129454086,"[-10,-5)","[-10,-5)","[-10,-5)"
60190029032008,14,1,-7.076164077222347,"[-10,-5)",14,1,-9.099009086229216,"[-10,-5)","[-10,-5)","[-10,-5)"
60190029032009,29,1,-6.988290171325207,"[-10,-5)",29,1,-8.998503356078881,"[-10,-5)","[-10,-5)","[-10,-5)"
60190029032010,105,3,-7.18225260078907,"[-10,-5)",105,3,-9.015687590758198,"[-10,-5)","[-10,-5)","[-10,-5)"
60190029032011,73,2,-6.934256916493178,"[-10,-5)",73,2,-8.883922097020363,"[-10,-5)","[-10,-5)","[-10,-5)"
60190029032012,88,3,-6.567769418656826,"[-10,-5)",88,3,-8.747648070936089,"[-10,-5)","[-10,-5)","[-10,-5)"
60190029032013,402,24,-7.194898881018162,"[-10,-5)",402,24,-8.579488790574619,"[-10,-5)","[-10,-5)","[-10,-5)"
60190029032014,83,2,-6.820410304516554,"[-10,-5)",83,2,-8.732484324574578,"[-10,-5)","[-10,-5)","[-10,-5)"
60190029032015,81,2,-6.707677587121726,"[-10,-5)",81,2,-8.56835068183998,"[-10,-5)","[-10,-5)","[-10,-5)"
60190029032016,34,2,-6.605587615817786,"[-10,-5)",34,2,-8.399679249020053,"[-10,-5)","[-10,-5)","[-10,-5)"
60190029033000,59,2,-6.831199526041747,"[-10,-5)",59,2,-8.937715432557097,"[-10,-5)","[-10,-5)","[-10,-5)"
60190029033001,600,12,-6.215719118714333,"[-10,-5)",600,12,-8.362135888908135,"[-10,-5)","[-10,-5)","[-10,-5)"
60190029033002,246,12,-6.38772414252162,"[-10,-5)",246,12,-8.419780451861264,"[-10,-5)","[-10,-5)","[-10,-5)"
60190029041000,37,2,-6.907640967518091,"[-10,-5)",37,2,-9.196473431813438,"[-10,-5)","[-10,-5)","[-10,-5)"
60190029041001,37,2,-6.86749080196023,"[-10,-5)",37,2,-9.274069216188996,"[-10,-5)","[-10,-5)","[-10,-5)"
60190029041002,0,4,-6.804074887186289,"[-10,-5)",0,4,-9.261183028569528,"[-10,-5)","[-10,-5)","[-10,-5)"
60190029041003,41,2,-6.599200605601072,"[-10,-5)",41,2,-9.152714364493558,"[-10,-5)","[-10,-5)","[-10,-5)"
60190029041004,62,2,-6.66933735832572,"[-10,-5)",62,2,-9.146498941341314,"[-10,-5)","[-10,-5)","[-10,-5)"
60190029041006,114,2,-6.725337812304497,"[-10,-5)",114,2,-9.129057636237755,"[-10,-5)","[-10,-5)","[-10,-5)"
60190029041007,42,2,-6.925550144165754,"[-10,-5)",42,2,-9.26253314539429,"[-10,-5)","[-10,-5)","[-10,-5)"
60190029041008,36,2,-7.061728582531214,"[-10,-5)",36,2,-9.304961695733908,"[-10,-5)","[-10,-5)","[-10,-5)"
60190029041009,21,2,-6.972760652750731,"[-10,-5)",21,2,-9.292099936906135,"[-10,-5)","[-10,-5)","[-10,-5)"
60190029041010,36,2,-7.030818291753531,"[-10,-5)",36,2,-9.225138630478284,"[-10,-5)","[-10,-5)","[-10,-5)"
60190029041011,40,2,-7.137802983820439,"[-10,-5)",40,2,-9.25235542904015,"[-10,-5)","[-10,-5)","[-10,-5)"
60190029041016,130,4,-6.885859559476376,"[-10,-5)",130,4,-9.182468632778884,"[-10,-5)","[-10,-5)","[-10,-5)"
60190029041017,0,2,-7.192822109162808,"[-10,-5)",0,2,-9.276134017198713,"[-10,-5)","[-10,-5)","[-10,-5)"
60190029041018,32,1,-7.211593674123288,"[-10,-5)",32,1,-9.30536420268545,"[-10,-5)","[-10,-5)","[-10,-5)"
60190029041019,80,2,-7.150655067712069,"[-10,-5)",80,2,-9.299818014803382,"[-10,-5)","[-10,-5)","[-10,-5)"
60190029041020,81,2,-7.022252033650876,"[-10,-5)",81,2,-9.217839250708476,"[-10,-5)","[-10,-5)","[-10,-5)"
60190029041021,86,2,-6.791449045389891,"[-10,-5)",86,2,-9.053630333208767,"[-10,-5)","[-10,-5)","[-10,-5)"
60190029041022,63,2,-6.7730113081634045,"[-10,-5)",63,2,-8.993782066000115,"[-10,-5)","[-10,-5)","[-10,-5)"
60190029041023,93,2,-6.99202132076025,"[-10,-5)",93,2,-9.173346467470571,"[-10,-5)","[-10,-5)","[-10,-5)"
60190029041024,64,2,-7.137925330549479,"[-10,-5)",64,2,-9.276551010991842,"[-10,-5)","[-10,-5)","[-10,-5)"
60190029041025,64,2,-7.233294463902713,"[-10,-5)",64,2,-9.2935611195164,"[-10,-5)","[-10,-5)","[-10,-5)"
60190029041026,20,1,-7.232230246067047,"[-10,-5)",20,1,-9.280930866098302,"[-10,-5)","[-10,-5)","[-10,-5)"
60190029041027,68,2,-6.680283558368683,"[-10,-5)",68,2,-8.918965766819236,"[-10,-5)","[-10,-5)","[-10,-5)"
60190029041028,61,2,-6.919715539366007,"[-10,-5)",61,2,-9.112527013764158,"[-10,-5)","[-10,-5)","[-10,-5)"
60190029041029,60,2,-7.1004730381071575,"[-10,-5)",60,2,-9.237048518597076,"[-10,-5)","[-10,-5)","[-10,-5)"
60190029041030,47,2,-7.220397245138884,"[-10,-5)",47,2,-9.280125000028065,"[-10,-5)","[-10,-5)","[-10,-5)"
60190029041031,105,4,-7.111956882476807,"[-10,-5)",105,4,-9.225371556166548,"[-10,-5)","[-10,-5)","[-10,-5)"
60190029041032,45,2,-6.84096114858985,"[-10,-5)",45,2,-9.037826893371692,"[-10,-5)","[-10,-5)","[-10,-5)"
60190029041033,60,2,-6.586488468199969,"[-10,-5)",60,2,-8.829433109031736,"[-10,-5)","[-10,-5)","[-10,-5)"
60190029041034,0,2,-7.13569413498044,"[-10,-5)",0,2,-9.30851125597843,"[-10,-5)","[-10,-5)","[-10,-5)"
60190029042000,31,2,-6.662208887189626,"[-10,-5)",31,2,-8.446660644398023,"[-10,-5)","[-10,-5)","[-10,-5)"
60190029042001,31,2,-6.775311199575663,"[-10,-5)",31,2,-8.680580527669932,"[-10,-5)","[-10,-5)","[-10,-5)"
60190029042002,36,2,-6.863791729509831,"[-10,-5)",36,2,-8.881286628074404,"[-10,-5)","[-10,-5)","[-10,-5)"
60190029042003,46,2,-6.909479574859143,"[-10,-5)",46,2,-9.055380684539331,"[-10,-5)","[-10,-5)","[-10,-5)"
60190029042004,63,2,-7.032351174205542,"[-10,-5)",63,2,-9.087644301032096,"[-10,-5)","[-10,-5)","[-10,-5)"
60190029042005,45,2,-6.981006141006947,"[-10,-5)",45,2,-8.906419593893489,"[-10,-5)","[-10,-5)","[-10,-5)"
60190029042006,44,2,-6.899696946144104,"[-10,-5)",44,2,-8.698393377651836,"[-10,-5)","[-10,-5)","[-10,-5)"
60190029042007,43,4,-6.890659184753895,"[-10,-5)",43,4,-8.473543393436238,"[-10,-5)","[-10,-5)","[-10,-5)"
60190029042008,53,2,-7.029723984003067,"[-10,-5)",53,2,-8.721307584262375,"[-10,-5)","[-10,-5)","[-10,-5)"
60190029042009,39,2,-7.087094380706549,"[-10,-5)",39,2,-8.93523022908564,"[-10,-5)","[-10,-5)","[-10,-5)"
60190029042010,36,2,-7.131059152632952,"[-10,-5)",36,2,-9.121665938359795,"[-10,-5)","[-10,-5)","[-10,-5)"
60190029042013,61,8,-7.2273352414369585,"[-10,-5)",61,8,-9.095545878922778,"[-10,-5)","[-10,-5)","[-10,-5)"
60190029042014,160,13,-7.334899306297302,"[-10,-5)",160,13,-8.812837153743137,"[-10,-5)","[-10,-5)","[-10,-5)"
60190029042015,140,6,-7.328365536779166,"[-10,-5)",140,6,-8.633341777812007,"[-10,-5)","[-10,-5)","[-10,-5)"
60190029042017,361,12,-7.317046903073788,"[-10,-5)",361,12,-9.18140825278586,"[-10,-5)","[-10,-5)","[-10,-5)"
60190029051000,351,7,-6.316948972642422,"[-10,-5)",351,7,-8.923896690017434,"[-10,-5)","[-10,-5)","[-10,-5)"
60190029051001,734,10,-6.26312095373869,"[-10,-5)",734,10,-8.76907581397752,"[-10,-5)","[-10,-5)","[-10,-5)"
60190029051002,400,3,-6.337000778317452,"[-10,-5)",400,3,-8.849555900107468,"[-10,-5)","[-10,-5)","[-10,-5)"
60190029051003,139,5,-6.497482784092426,"[-10,-5)",139,5,-9.335097450847693,"[-10,-5)","[-10,-5)","[-10,-5)"
60190029051004,84,3,-6.446258962154388,"[-10,-5)",84,3,-9.275980911167036,"[-10,-5)","[-10,-5)","[-10,-5)"
60190029051006,28,1,-6.371139773726464,"[-10,-5)",28,1,-9.46443938120474,"[-10,-5)","[-10,-5)","[-10,-5)"
60190029051007,61,2,-6.185059198737145,"[-10,-5)",61,2,-9.353228159177355,"[-10,-5)","[-10,-5)","[-10,-5)"
60190029051008,67,11,-6.1447307646274565,"[-10,-5)",67,11,-9.233354942103832,"[-10,-5)","[-10,-5)","[-10,-5)"
60190029051009,60,4,-6.34072994068265,"[-10,-5)",60,4,-9.336339342444123,"[-10,-5)","[-10,-5)","[-10,-5)"
60190029051010,26,1,-6.3031836882233625,"[-10,-5)",26,1,-9.432841591313544,"[-10,-5)","[-10,-5)","[-10,-5)"
60190029051011,0,1,-6.279697658121586,"[-10,-5)",0,1,-9.215748600628473,"[-10,-5)","[-10,-5)","[-10,-5)"
60190029051012,40,6,-6.2635189354419705,"[-10,-5)",40,6,-9.133584064094393,"[-10,-5)","[-10,-5)","[-10,-5)"
60190029051013,33,4,-6.4273610763251785,"[-10,-5)",33,4,-9.423434802176406,"[-10,-5)","[-10,-5)","[-10,-5)"
60190029051014,47,3,-6.420633709430695,"[-10,-5)",47,3,-9.27515317280656,"[-10,-5)","[-10,-5)","[-10,-5)"
60190029051016,39,2,-6.427379243820906,"[-10,-5)",39,2,-9.202472972620464,"[-10,-5)","[-10,-5)","[-10,-5)"
60190029051017,36,2,-6.4418567508459095,"[-10,-5)",36,2,-9.125241063618883,"[-10,-5)","[-10,-5)","[-10,-5)"
60190029051018,0,1,-6.431642076373101,"[-10,-5)",0,1,-9.248012217121236,"[-10,-5)","[-10,-5)","[-10,-5)"
60190029051019,0,2,-6.389444661140442,"[-10,-5)",0,2,-9.271039477907294,"[-10,-5)","[-10,-5)","[-10,-5)"
60190029051024,34,17,-6.426242356002331,"[-10,-5)",34,17,-8.627110731595305,"[-10,-5)","[-10,-5)","[-10,-5)"
60190029051025,42,1,-6.498887358605862,"[-10,-5)",42,1,-8.846148935833073,"[-10,-5)","[-10,-5)","[-10,-5)"
60190029051026,27,4,-6.503788892179728,"[-10,-5)",27,4,-9.244573438606494,"[-10,-5)","[-10,-5)","[-10,-5)"
60190029051027,62,4,-6.4271373890340335,"[-10,-5)",62,4,-9.22900519690342,"[-10,-5)","[-10,-5)","[-10,-5)"
60190029051028,58,2,-6.568341978639364,"[-10,-5)",58,2,-9.237724571204469,"[-10,-5)","[-10,-5)","[-10,-5)"
60190029051029,51,2,-6.646501100063324,"[-10,-5)",51,2,-9.242204413923448,"[-10,-5)","[-10,-5)","[-10,-5)"
60190029051030,47,2,-6.676977358013391,"[-10,-5)",47,2,-9.160620487275716,"[-10,-5)","[-10,-5)","[-10,-5)"
60190029051031,47,4,-6.536275780946016,"[-10,-5)",47,4,-9.177076687151358,"[-10,-5)","[-10,-5)","[-10,-5)"
60190029051032,42,2,-6.435491598397494,"[-10,-5)",42,2,-9.14459037097616,"[-10,-5)","[-10,-5)","[-10,-5)"
60190029051033,46,2,-6.519718663394452,"[-10,-5)",46,2,-9.15097168266736,"[-10,-5)","[-10,-5)","[-10,-5)"
60190029051034,49,2,-6.666396211087704,"[-10,-5)",49,2,-9.24925638116341,"[-10,-5)","[-10,-5)","[-10,-5)"
60190029051035,65,2,-6.7546005383133885,"[-10,-5)",65,2,-9.255668370872089,"[-10,-5)","[-10,-5)","[-10,-5)"
60190029051036,40,2,-6.792328465729952,"[-10,-5)",40,2,-9.173193645494615,"[-10,-5)","[-10,-5)","[-10,-5)"
60190029051037,141,8,-6.702560882270337,"[-10,-5)",141,8,-8.998140332872055,"[-10,-5)","[-10,-5)","[-10,-5)"
60190029051038,80,6,-6.514961050450802,"[-10,-5)",80,6,-8.944725359550885,"[-10,-5)","[-10,-5)","[-10,-5)"
60190029061000,147,3,-7.162898540496826,"[-10,-5)",147,3,-9.893210692489964,"[-10,-5)","[-10,-5)","[-10,-5)"
60190029061001,65,2,-7.255403738468885,"[-10,-5)",65,2,-10.156462169139722,<-10,"[-10,-5)",<-10
60190029061003,122,4,-7.059977406263352,"[-10,-5)",122,4,-10.028200218620192,<-10,"[-10,-5)",<-10
60190029061004,132,6,-6.925686684250832,"[-10,-5)",132,6,-9.99609680955204,"[-10,-5)","[-10,-5)","[-10,-5)"
60190029061005,218,2,-6.817401596903801,"[-10,-5)",218,2,-9.473629435829508,"[-10,-5)","[-10,-5)","[-10,-5)"
60190029061006,74,1,-7.028763377666474,"[-10,-5)",74,1,-9.823961317258522,"[-10,-5)","[-10,-5)","[-10,-5)"
60190029061007,113,3,-6.687052085995674,"[-10,-5)",113,3,-9.46187719863387,"[-10,-5)","[-10,-5)","[-10,-5)"
60190029061008,94,3,-6.883462585508823,"[-10,-5)",94,3,-9.814315921318778,"[-10,-5)","[-10,-5)","[-10,-5)"
60190029061009,110,3,-6.726360301673412,"[-10,-5)",110,3,-9.638713813050217,"[-10,-5)","[-10,-5)","[-10,-5)"
60190029061010,109,3,-6.603730273246765,"[-10,-5)",109,3,-9.479448885311708,"[-10,-5)","[-10,-5)","[-10,-5)"
60190029061011,260,1,-6.792554707825184,"[-10,-5)",260,1,-9.51676869357404,"[-10,-5)","[-10,-5)","[-10,-5)"
60190029061012,458,8,-6.525014488399028,"[-10,-5)",458,8,-9.191789068977933,"[-10,-5)","[-10,-5)","[-10,-5)"
60190029062000,0,16,-7.924610824137926,"[-10,-5)",0,16,-10.985628761765629,<-10,"[-10,-5)",<-10
60190029062001,592,14,-7.388550475984813,"[-10,-5)",592,14,-10.249573360854916,<-10,"[-10,-5)",<-10
60190029062002,167,2,-7.231078029423952,"[-10,-5)",167,2,-9.86036248933081,"[-10,-5)","[-10,-5)","[-10,-5)"
60190029062003,120,3,-7.902031181752682,"[-10,-5)",120,3,-10.78778395460244,<-10,"[-10,-5)",<-10
60190029062004,105,3,-7.682522982358932,"[-10,-5)",105,3,-10.591745741801862,<-10,"[-10,-5)",<-10
60190029062005,62,2,-7.45989877358079,"[-10,-5)",62,2,-10.874762383379156,<-10,"[-10,-5)",<-10
60190029062006,122,3,-7.462520854175091,"[-10,-5)",122,3,-10.393429402147806,<-10,"[-10,-5)",<-10
60190029062007,89,2,-6.7194206021726135,"[-10,-5)",89,2,-10.23452920195043,<-10,"[-10,-5)",<-10
60190029062008,130,3,-6.513156223297119,"[-10,-5)",130,3,-10.270033326067194,<-10,"[-10,-5)",<-10
60190029062009,130,3,-7.650284193456173,"[-10,-5)",130,3,-10.90751457570583,<-10,"[-10,-5)",<-10
60190029062010,281,2,-7.761234793066979,"[-10,-5)",281,2,-10.50404922017158,<-10,"[-10,-5)",<-10
60190029062011,94,2,-7.716359659284354,"[-10,-5)",94,2,-10.78705222707444,<-10,"[-10,-5)",<-10
60190029062012,106,3,-7.0678246289491655,"[-10,-5)",106,3,-10.744368878756324,<-10,"[-10,-5)",<-10
60190029062013,167,4,-6.813587558269501,"[-10,-5)",167,4,-10.1386229019761,<-10,"[-10,-5)",<-10
60190029062014,152,3,-7.314016905426979,"[-10,-5)",152,3,-10.67554331465523,<-10,"[-10,-5)",<-10
60190029062015,89,2,-7.165971118211747,"[-10,-5)",89,2,-10.47320247359717,<-10,"[-10,-5)",<-10
60190029062016,116,2,-6.608397048711777,"[-10,-5)",116,2,-9.929817520901643,"[-10,-5)","[-10,-5)","[-10,-5)"
60190029062017,124,2,-6.402873563021421,"[-10,-5)",124,2,-10.006894335481526,<-10,"[-10,-5)",<-10
60190029062018,65,2,-6.252858021855355,"[-10,-5)",65,2,-10.00248579074761,<-10,"[-10,-5)",<-10
60190029062020,91,5,-6.4131487011909485,"[-10,-5)",91,5,-9.660046397426315,"[-10,-5)","[-10,-5)","[-10,-5)"
60190029062021,63,5,-6.574721892178059,"[-10,-5)",63,5,-9.740361447184464,"[-10,-5)","[-10,-5)","[-10,-5)"
60190029062022,148,4,-7.034927836060524,"[-10,-5)",148,4,-10.196332229632793,<-10,"[-10,-5)",<-10
60190029062023,77,2,-6.971522708237171,"[-10,-5)",77,2,-10.264307330916017,<-10,"[-10,-5)",<-10
60190029062024,53,6,-6.240040853619576,"[-10,-5)",53,6,-9.558003073677742,"[-10,-5)","[-10,-5)","[-10,-5)"
60190029062025,126,3,-6.340864777565002,"[-10,-5)",126,3,-9.84417699455384,"[-10,-5)","[-10,-5)","[-10,-5)"
60190029062026,145,5,-6.043669527769089,"[-10,-5)",145,5,-9.37099073129728,"[-10,-5)","[-10,-5)","[-10,-5)"
60190029062027,73,2,-6.0259377680718895,"[-10,-5)",73,2,-9.599674331474796,"[-10,-5)","[-10,-5)","[-10,-5)"
60190030011000,0,16,-6.052836164832115,"[-10,-5)",0,16,-8.052392728937193,"[-10,-5)","[-10,-5)","[-10,-5)"
60190030011001,0,27,-5.357570645213127,"[-10,-5)",0,27,-6.972833861987844,"[-10,-5)","[-10,-5)","[-10,-5)"
60190030011002,0,12,-6.895233987271785,"[-10,-5)",0,12,-9.26973026510584,"[-10,-5)","[-10,-5)","[-10,-5)"
60190030011003,16,10,-5.3829131662845615,"[-10,-5)",16,10,-7.014827807079853,"[-10,-5)","[-10,-5)","[-10,-5)"
60190030011004,0,8,-5.860622356832028,"[-10,-5)",0,8,-7.003233220807367,"[-10,-5)","[-10,-5)","[-10,-5)"
60190030011005,345,42,-5.555447886139154,"[-10,-5)",345,42,-7.698803296541133,"[-10,-5)","[-10,-5)","[-10,-5)"
60190030011006,71,2,-6.221078246086837,"[-10,-5)",71,2,-8.687840707750741,"[-10,-5)","[-10,-5)","[-10,-5)"
60190030011007,117,2,-6.1052471190691,"[-10,-5)",117,2,-8.565412977610718,"[-10,-5)","[-10,-5)","[-10,-5)"
60190030011008,60,2,-6.394616152346135,"[-10,-5)",60,2,-8.916871424014907,"[-10,-5)","[-10,-5)","[-10,-5)"
60190030011010,65,2,-6.548235670477152,"[-10,-5)",65,2,-9.123746646489687,"[-10,-5)","[-10,-5)","[-10,-5)"
60190030011011,0,2,-6.263245003670454,"[-10,-5)",0,2,-8.79307766992995,"[-10,-5)","[-10,-5)","[-10,-5)"
60190030011012,30,1,-6.066925625503063,"[-10,-5)",30,1,-8.527818487469668,"[-10,-5)","[-10,-5)","[-10,-5)"
60190030011013,0,8,-6.014930536597968,"[-10,-5)",0,8,-8.252257172251035,"[-10,-5)","[-10,-5)","[-10,-5)"
60190030011014,15,36,-6.001854765415192,"[-10,-5)",15,36,-7.202046657966859,"[-10,-5)","[-10,-5)","[-10,-5)"
60190030011016,777,24,-6.575492875277996,"[-10,-5)",777,24,-7.501775149565446,"[-10,-5)","[-10,-5)","[-10,-5)"
60190030011017,0,4,-6.756872894614936,"[-10,-5)",0,4,-9.246441957115492,"[-10,-5)","[-10,-5)","[-10,-5)"
60190030012000,135,4,-5.452850644290447,"[-10,-5)",135,4,-7.541702589313431,"[-10,-5)","[-10,-5)","[-10,-5)"
60190030012001,88,4,-5.890363682806492,"[-10,-5)",88,4,-8.240371144812503,"[-10,-5)","[-10,-5)","[-10,-5)"
60190030012002,66,2,-5.7512920707464215,"[-10,-5)",66,2,-7.992459813124759,"[-10,-5)","[-10,-5)","[-10,-5)"
60190030012003,240,2,-6.046736144274473,"[-10,-5)",240,2,-8.49136732159112,"[-10,-5)","[-10,-5)","[-10,-5)"
60190030012004,249,8,-5.862505815178157,"[-10,-5)",249,8,-8.07018796746462,"[-10,-5)","[-10,-5)","[-10,-5)"
60190030012006,105,4,-5.457243204116821,"[-10,-5)",105,4,-7.482194620854214,"[-10,-5)","[-10,-5)","[-10,-5)"
60190030012007,189,7,-5.556639844179154,"[-10,-5)",189,7,-7.473101429229078,"[-10,-5)","[-10,-5)","[-10,-5)"
60190030012008,62,2,-5.51256777048111,"[-10,-5)",62,2,-7.320242241973466,"[-10,-5)","[-10,-5)","[-10,-5)"
60190030012009,0,7,-5.765174308419228,"[-10,-5)",0,7,-7.740501255575619,"[-10,-5)","[-10,-5)","[-10,-5)"
60190030012012,99,8,-5.814286158978939,"[-10,-5)",99,8,-7.660751192639365,"[-10,-5)","[-10,-5)","[-10,-5)"
60190030012013,27,2,-6.344526095688343,"[-10,-5)",27,2,-8.154128420343833,"[-10,-5)","[-10,-5)","[-10,-5)"
60190030012014,51,2,-6.217728614062072,"[-10,-5)",51,2,-8.14780164735037,"[-10,-5)","[-10,-5)","[-10,-5)"
60190030012015,39,2,-6.014287577569485,"[-10,-5)",39,2,-7.823868199961419,"[-10,-5)","[-10,-5)","[-10,-5)"
60190030012016,33,2,-5.872460467368365,"[-10,-5)",33,2,-7.554101621377571,"[-10,-5)","[-10,-5)","[-10,-5)"
60190030012017,35,2,-5.84979311004281,"[-10,-5)",35,2,-7.399012028629002,"[-10,-5)","[-10,-5)","[-10,-5)"
60190030012021,0,2,-6.150918783992529,"[-10,-5)",0,2,-7.848591557436023,"[-10,-5)","[-10,-5)","[-10,-5)"
60190030012022,0,2,-6.01144606769085,"[-10,-5)",0,2,-7.59568169728934,"[-10,-5)","[-10,-5)","[-10,-5)"
60190030012023,0,2,-5.99962584078312,"[-10,-5)",0,2,-7.462419798032286,"[-10,-5)","[-10,-5)","[-10,-5)"
60190030031000,64,6,-7.71129830852151,"[-10,-5)",64,6,-8.451325691444744,"[-10,-5)","[-10,-5)","[-10,-5)"
60190030031001,114,6,-7.70167578086257,"[-10,-5)",114,6,-8.491298580107511,"[-10,-5)","[-10,-5)","[-10,-5)"
60190030031002,78,6,-7.648128790408373,"[-10,-5)",78,6,-8.54883974677951,"[-10,-5)","[-10,-5)","[-10,-5)"
60190030031003,61,1,-7.649681827425957,"[-10,-5)",61,1,-8.59545840300637,"[-10,-5)","[-10,-5)","[-10,-5)"
60190030031004,100,2,-7.676502444595099,"[-10,-5)",100,2,-8.595835628999065,"[-10,-5)","[-10,-5)","[-10,-5)"
60190030031005,249,7,-7.61418026983738,"[-10,-5)",249,7,-8.684579748115087,"[-10,-5)","[-10,-5)","[-10,-5)"
60190030031007,1025,20,-7.501835031062365,"[-10,-5)",1025,20,-8.375069229776688,"[-10,-5)","[-10,-5)","[-10,-5)"
60190030031008,31,1,-7.672489415109158,"[-10,-5)",31,1,-8.38758245223922,"[-10,-5)","[-10,-5)","[-10,-5)"
60190030031009,80,2,-7.613341158628464,"[-10,-5)",80,2,-8.55362693778471,"[-10,-5)","[-10,-5)","[-10,-5)"
60190030031010,41,2,-7.747856703400612,"[-10,-5)",41,2,-8.500315076688953,"[-10,-5)","[-10,-5)","[-10,-5)"
60190030031011,38,2,-7.755399336665869,"[-10,-5)",38,2,-8.457181216003052,"[-10,-5)","[-10,-5)","[-10,-5)"
60190030031012,66,4,-7.581101801991463,"[-10,-5)",66,4,-8.223701903148818,"[-10,-5)","[-10,-5)","[-10,-5)"
60190030031013,40,3,-7.703138548135758,"[-10,-5)",40,3,-8.369720460618206,"[-10,-5)","[-10,-5)","[-10,-5)"
60190030031014,87,1,-7.72792241871357,"[-10,-5)",87,1,-8.429992538957206,"[-10,-5)","[-10,-5)","[-10,-5)"
60190030031015,105,1,-7.693207740783691,"[-10,-5)",105,1,-8.50614901301274,"[-10,-5)","[-10,-5)","[-10,-5)"
60190030032000,1448,26,-8.072669953107834,"[-10,-5)",1448,26,-8.305531253936376,"[-10,-5)","[-10,-5)","[-10,-5)"
60190030032001,103,10,-7.785019735246897,"[-10,-5)",103,10,-8.247550084958139,"[-10,-5)","[-10,-5)","[-10,-5)"
60190030032003,44,2,-7.697862877696753,"[-10,-5)",44,2,-8.17248552108026,"[-10,-5)","[-10,-5)","[-10,-5)"
60190030032004,207,8,-8.109708367288114,"[-10,-5)",207,8,-8.05265661669865,"[-10,-5)","[-10,-5)","[-10,-5)"
60190030032005,0,1,-7.801352597773075,"[-10,-5)",0,1,-7.771573542389642,"[-10,-5)","[-10,-5)","[-10,-5)"
60190030032006,37,3,-7.620483823120594,"[-10,-5)",37,3,-7.768632997603205,"[-10,-5)","[-10,-5)","[-10,-5)"
60190030032007,71,7,-7.773123715817928,"[-10,-5)",71,7,-7.934031824503063,"[-10,-5)","[-10,-5)","[-10,-5)"
60190030032008,23,2,-7.609971939772368,"[-10,-5)",23,2,-8.185675932373051,"[-10,-5)","[-10,-5)","[-10,-5)"
60190030032009,73,4,-7.782313346117736,"[-10,-5)",73,4,-8.24765007257066,"[-10,-5)","[-10,-5)","[-10,-5)"
60190030041000,20,1,-7.839867688715458,"[-10,-5)",20,1,-7.839306628201648,"[-10,-5)","[-10,-5)","[-10,-5)"
60190030041001,15,1,-7.550847244262695,"[-10,-5)",15,1,-7.800469394297011,"[-10,-5)","[-10,-5)","[-10,-5)"
60190030041002,35,2,-7.147636708617212,"[-10,-5)",35,2,-7.729703729646133,"[-10,-5)","[-10,-5)","[-10,-5)"
60190030041003,97,5,-6.564404457807541,"[-10,-5)",97,5,-7.598729615136952,"[-10,-5)","[-10,-5)","[-10,-5)"
60190030041004,28,2,-6.84013197273016,"[-10,-5)",28,2,-7.726370619858261,"[-10,-5)","[-10,-5)","[-10,-5)"
60190030041006,42,1,-6.461730855703354,"[-10,-5)",42,1,-7.636711273220805,"[-10,-5)","[-10,-5)","[-10,-5)"
60190030041007,99,4,-6.86121591925621,"[-10,-5)",99,4,-7.795304125131963,"[-10,-5)","[-10,-5)","[-10,-5)"
60190030041008,29,2,-7.558332820236684,"[-10,-5)",29,2,-7.912877059006049,"[-10,-5)","[-10,-5)","[-10,-5)"
60190030041009,38,2,-7.33160446062684,"[-10,-5)",38,2,-7.818473697832436,"[-10,-5)","[-10,-5)","[-10,-5)"
60190030041010,32,1,-7.744357757270336,"[-10,-5)",32,1,-7.884753838649985,"[-10,-5)","[-10,-5)","[-10,-5)"
60190030041011,0,1,-8.074084746837617,"[-10,-5)",0,1,-7.923503583393665,"[-10,-5)","[-10,-5)","[-10,-5)"
60190030041012,527,19,-8.456235180795193,"[-10,-5)",527,19,-8.185705758223378,"[-10,-5)","[-10,-5)","[-10,-5)"
60190030041013,38,1,-8.007687091827393,"[-10,-5)",38,1,-7.968736047719655,"[-10,-5)","[-10,-5)","[-10,-5)"
60190030041014,35,2,-7.773197521269322,"[-10,-5)",35,2,-8.004908554939442,"[-10,-5)","[-10,-5)","[-10,-5)"
60190030041015,71,8,-7.237685604393483,"[-10,-5)",71,8,-8.008120372935988,"[-10,-5)","[-10,-5)","[-10,-5)"
60190030041016,67,5,-7.591793940961361,"[-10,-5)",67,5,-8.237011333787198,"[-10,-5)","[-10,-5)","[-10,-5)"
60190030041017,22,1,-7.693374086916447,"[-10,-5)",22,1,-8.310344294011859,"[-10,-5)","[-10,-5)","[-10,-5)"
60190030041018,73,2,-7.97229056507349,"[-10,-5)",73,2,-8.26911502691107,"[-10,-5)","[-10,-5)","[-10,-5)"
60190030041019,56,4,-7.476787447929382,"[-10,-5)",56,4,-8.053760173160715,"[-10,-5)","[-10,-5)","[-10,-5)"
60190030042000,42,2,-6.173733468353749,"[-10,-5)",42,2,-7.538468046859494,"[-10,-5)","[-10,-5)","[-10,-5)"
60190030042001,42,3,-6.458129717409611,"[-10,-5)",42,3,-7.879158509128806,"[-10,-5)","[-10,-5)","[-10,-5)"
60190030042004,35,2,-6.494719905406237,"[-10,-5)",35,2,-8.171798106244172,"[-10,-5)","[-10,-5)","[-10,-5)"
60190030042005,42,2,-6.671364737302065,"[-10,-5)",42,2,-8.19716030502719,"[-10,-5)","[-10,-5)","[-10,-5)"
60190030042006,114,3,-6.5361596792936325,"[-10,-5)",114,3,-7.999955475395286,"[-10,-5)","[-10,-5)","[-10,-5)"
60190030042007,37,2,-6.858232191950084,"[-10,-5)",37,2,-8.236094401931457,"[-10,-5)","[-10,-5)","[-10,-5)"
60190030042008,106,12,-7.240790259093046,"[-10,-5)",106,12,-8.386642227814654,"[-10,-5)","[-10,-5)","[-10,-5)"
60190030042011,222,24,-7.210913812369107,"[-10,-5)",222,24,-8.187773967901705,"[-10,-5)","[-10,-5)","[-10,-5)"
60190030042012,42,2,-7.163409501314163,"[-10,-5)",42,2,-8.173779678928696,"[-10,-5)","[-10,-5)","[-10,-5)"
60190030042013,73,2,-7.483473654091359,"[-10,-5)",73,2,-8.375159843550536,"[-10,-5)","[-10,-5)","[-10,-5)"
60190030042014,65,3,-6.561038361489773,"[-10,-5)",65,3,-7.739514446013401,"[-10,-5)","[-10,-5)","[-10,-5)"
60190030042015,126,5,-6.358653594553471,"[-10,-5)",126,5,-7.697356600772458,"[-10,-5)","[-10,-5)","[-10,-5)"
60190030042016,105,2,-6.495528358966112,"[-10,-5)",105,2,-7.817885418441719,"[-10,-5)","[-10,-5)","[-10,-5)"
60190031021000,697,12,-5.075458107143641,"[-10,-5)",697,12,-6.298896049412029,"[-10,-5)","[-10,-5)","[-10,-5)"
60190031022000,0,2,-6.442987677454949,"[-10,-5)",0,2,-5.660884183693305,"[-10,-5)","[-10,-5)","[-10,-5)"
60190031022001,109,2,-6.182061561942101,"[-10,-5)",109,2,-5.769072200720492,"[-10,-5)","[-10,-5)","[-10,-5)"
60190031022002,160,6,-6.573246350884437,"[-10,-5)",160,6,-5.984861659718453,"[-10,-5)","[-10,-5)","[-10,-5)"
60190031022003,66,1,-6.422285816073418,"[-10,-5)",66,1,-5.855328559863599,"[-10,-5)","[-10,-5)","[-10,-5)"
60190031022004,146,4,-6.0627207018435,"[-10,-5)",146,4,-6.097461346092448,"[-10,-5)","[-10,-5)","[-10,-5)"
60190031022005,97,4,-6.061638600379229,"[-10,-5)",97,4,-6.230276709761762,"[-10,-5)","[-10,-5)","[-10,-5)"
60190031022006,161,4,-5.918304439634085,"[-10,-5)",161,4,-6.339535616843516,"[-10,-5)","[-10,-5)","[-10,-5)"
60190031022007,73,1,-6.1636181473732,"[-10,-5)",73,1,-6.456546120397165,"[-10,-5)","[-10,-5)","[-10,-5)"
60190031022008,67,2,-5.875660785287619,"[-10,-5)",67,2,-6.446110481451637,"[-10,-5)","[-10,-5)","[-10,-5)"
60190031022009,77,2,-6.009150150418282,"[-10,-5)",77,2,-6.481310097839357,"[-10,-5)","[-10,-5)","[-10,-5)"
60190031022010,92,1,-5.988708311319352,"[-10,-5)",92,1,-6.611265588545973,"[-10,-5)","[-10,-5)","[-10,-5)"
60190031022011,152,3,-6.1034621626138685,"[-10,-5)",152,3,-6.649196684712131,"[-10,-5)","[-10,-5)","[-10,-5)"
60190031022012,0,1,-6.732561095058919,"[-10,-5)",0,1,-6.145523289419375,"[-10,-5)","[-10,-5)","[-10,-5)"
60190031023000,221,12,-4.790034826844931,"[-5,-3)",221,12,-6.270711757076726,"[-10,-5)","[-5,-3)","[-10,-5)"
60190031023001,559,14,-4.63087308704853,"[-5,-3)",559,14,-6.452942589566337,"[-10,-5)","[-5,-3)","[-10,-5)"
60190031023002,100,2,-4.617307219281793,"[-5,-3)",100,2,-6.351527597064633,"[-10,-5)","[-5,-3)","[-10,-5)"
60190031023003,56,8,-4.758967131748795,"[-5,-3)",56,8,-6.74037487727048,"[-10,-5)","[-5,-3)","[-10,-5)"
60190031023004,53,2,-4.869322036206722,"[-5,-3)",53,2,-6.893891085400417,"[-10,-5)","[-5,-3)","[-10,-5)"
60190031023005,57,2,-4.753490199521185,"[-5,-3)",57,2,-6.682964376228481,"[-10,-5)","[-5,-3)","[-10,-5)"
60190031023006,72,2,-4.808062943816186,"[-5,-3)",72,2,-6.745832439768723,"[-10,-5)","[-5,-3)","[-10,-5)"
60190031023007,42,2,-4.922660952061415,"[-5,-3)",42,2,-6.973974345693172,"[-10,-5)","[-5,-3)","[-10,-5)"
60190031023008,106,4,-4.928527917712927,"[-5,-3)",106,4,-6.962516106165033,"[-10,-5)","[-5,-3)","[-10,-5)"
60190031023009,119,4,-5.0134257607162,"[-10,-5)",119,4,-7.102156192500395,"[-10,-5)","[-10,-5)","[-10,-5)"
60190031023010,227,2,-5.279855491966009,"[-10,-5)",227,2,-7.573800601322954,"[-10,-5)","[-10,-5)","[-10,-5)"
60190031023011,307,6,-5.15493550747633,"[-10,-5)",307,6,-7.312382136217526,"[-10,-5)","[-10,-5)","[-10,-5)"
60190031023012,376,4,-4.924841903150082,"[-5,-3)",376,4,-6.328489542161312,"[-10,-5)","[-5,-3)","[-10,-5)"
60190031024000,254,4,-5.082300724089146,"[-10,-5)",254,4,-6.484767624031447,"[-10,-5)","[-10,-5)","[-10,-5)"
60190031024001,136,4,-4.998346455395222,"[-5,-3)",136,4,-6.392783565402858,"[-10,-5)","[-5,-3)","[-10,-5)"
60190031024002,115,4,-4.764402477443218,"[-5,-3)",115,4,-6.543791277492511,"[-10,-5)","[-5,-3)","[-10,-5)"
60190031024003,57,2,-4.843048147112131,"[-5,-3)",57,2,-6.579193141551015,"[-10,-5)","[-5,-3)","[-10,-5)"
60190031024004,135,4,-4.886714290827513,"[-5,-3)",135,4,-6.830580178996764,"[-10,-5)","[-5,-3)","[-10,-5)"
60190031024005,207,2,-5.028326797485352,"[-10,-5)",207,2,-7.063537113386715,"[-10,-5)","[-10,-5)","[-10,-5)"
60190031024006,59,2,-5.0622401185333725,"[-10,-5)",59,2,-6.902407075807815,"[-10,-5)","[-10,-5)","[-10,-5)"
60190031024007,258,8,-5.239455239474774,"[-10,-5)",258,8,-6.685121495346353,"[-10,-5)","[-10,-5)","[-10,-5)"
60190031024008,62,2,-4.943885412812233,"[-5,-3)",62,2,-6.723202004819859,"[-10,-5)","[-5,-3)","[-10,-5)"
60190031025000,0,16,-5.618119785189629,"[-10,-5)",0,16,-5.436475338006817,"[-10,-5)","[-10,-5)","[-10,-5)"
60190031025001,106,10,-5.248058400303126,"[-10,-5)",106,10,-5.862577945827146,"[-10,-5)","[-10,-5)","[-10,-5)"
60190031025002,203,16,-5.308254978060722,"[-10,-5)",203,16,-6.265786230937158,"[-10,-5)","[-10,-5)","[-10,-5)"
60190031025003,108,2,-5.683720341324806,"[-10,-5)",108,2,-6.602064455748227,"[-10,-5)","[-10,-5)","[-10,-5)"
60190031025004,160,8,-5.476594141870738,"[-10,-5)",160,8,-6.536977632999442,"[-10,-5)","[-10,-5)","[-10,-5)"
60190031025005,632,4,-5.320789414644241,"[-10,-5)",632,4,-6.4271571477644045,"[-10,-5)","[-10,-5)","[-10,-5)"
60190031025006,201,3,-5.5764770463109015,"[-10,-5)",201,3,-6.158226829212557,"[-10,-5)","[-10,-5)","[-10,-5)"
60190031025008,140,3,-5.629102604091168,"[-10,-5)",140,3,-5.9352175260456566,"[-10,-5)","[-10,-5)","[-10,-5)"
60190031025009,55,6,-5.9857160679996015,"[-10,-5)",55,6,-6.773841185670678,"[-10,-5)","[-10,-5)","[-10,-5)"
60190031025010,94,3,-5.834415744245052,"[-10,-5)",94,3,-6.613754484741757,"[-10,-5)","[-10,-5)","[-10,-5)"
60190031025011,66,3,-5.703997537493706,"[-10,-5)",66,3,-6.504691292049287,"[-10,-5)","[-10,-5)","[-10,-5)"
60190031025012,118,2,-5.894456195086241,"[-10,-5)",118,2,-6.811255584486901,"[-10,-5)","[-10,-5)","[-10,-5)"
60190031025013,103,8,-5.685681579262019,"[-10,-5)",103,8,-6.751310170222901,"[-10,-5)","[-10,-5)","[-10,-5)"
60190031031000,400,9,-5.351424354314804,"[-10,-5)",400,9,-7.51832366754924,"[-10,-5)","[-10,-5)","[-10,-5)"
60190031031001,42,2,-5.352563513070345,"[-10,-5)",42,2,-7.358147205013624,"[-10,-5)","[-10,-5)","[-10,-5)"
60190031031002,68,2,-5.523579543828964,"[-10,-5)",68,2,-7.629845646531452,"[-10,-5)","[-10,-5)","[-10,-5)"
60190031031004,106,3,-5.715050755441189,"[-10,-5)",106,3,-7.980610144818055,"[-10,-5)","[-10,-5)","[-10,-5)"
60190031031005,97,3,-5.966610391438008,"[-10,-5)",97,3,-8.306365809634073,"[-10,-5)","[-10,-5)","[-10,-5)"
60190031031006,73,2,-6.140737605839968,"[-10,-5)",73,2,-8.591466283954151,"[-10,-5)","[-10,-5)","[-10,-5)"
60190031031007,54,2,-6.187333258241415,"[-10,-5)",54,2,-8.706030499669623,"[-10,-5)","[-10,-5)","[-10,-5)"
60190031031008,398,6,-6.685790012776852,"[-10,-5)",398,6,-9.374557618940566,"[-10,-5)","[-10,-5)","[-10,-5)"
60190031031009,98,3,-6.446459372341633,"[-10,-5)",98,3,-8.935058375376617,"[-10,-5)","[-10,-5)","[-10,-5)"
60190031032000,695,15,-5.6095469981431965,"[-10,-5)",695,15,-7.229246413185683,"[-10,-5)","[-10,-5)","[-10,-5)"
60190031032001,52,1,-5.833154806494713,"[-10,-5)",52,1,-7.714721494888035,"[-10,-5)","[-10,-5)","[-10,-5)"
60190031032002,84,4,-6.109523009508848,"[-10,-5)",84,4,-8.250223901425946,"[-10,-5)","[-10,-5)","[-10,-5)"
60190031032003,428,10,-6.459229134768248,"[-10,-5)",428,10,-8.667818472398967,"[-10,-5)","[-10,-5)","[-10,-5)"
60190031032004,190,2,-6.705131582915783,"[-10,-5)",190,2,-9.195343742225372,"[-10,-5)","[-10,-5)","[-10,-5)"
60190031033000,463,10,-5.5895971007645135,"[-10,-5)",463,10,-7.96157869580854,"[-10,-5)","[-10,-5)","[-10,-5)"
60190031033002,109,3,-5.686769074201584,"[-10,-5)",109,3,-8.157607534770444,"[-10,-5)","[-10,-5)","[-10,-5)"
60190031033003,24,1,-6.123636598885059,"[-10,-5)",24,1,-8.720459393890243,"[-10,-5)","[-10,-5)","[-10,-5)"
60190031033004,77,2,-6.017212544381619,"[-10,-5)",77,2,-8.527889785454734,"[-10,-5)","[-10,-5)","[-10,-5)"
60190031033005,100,4,-6.258902120590211,"[-10,-5)",100,4,-8.840177232486353,"[-10,-5)","[-10,-5)","[-10,-5)"
60190031033006,119,4,-6.476887372881174,"[-10,-5)",119,4,-9.165895117891958,"[-10,-5)","[-10,-5)","[-10,-5)"
60190031033007,57,1,-6.820956748723984,"[-10,-5)",57,1,-9.616294999610806,"[-10,-5)","[-10,-5)","[-10,-5)"
60190031033008,48,1,-6.7308641374111176,"[-10,-5)",48,1,-9.525830070958827,"[-10,-5)","[-10,-5)","[-10,-5)"
60190031033009,83,6,-6.855790083110333,"[-10,-5)",83,6,-9.76126453931587,"[-10,-5)","[-10,-5)","[-10,-5)"
60190031034000,119,4,-6.111241541057826,"[-10,-5)",119,4,-6.9790237201255225,"[-10,-5)","[-10,-5)","[-10,-5)"
60190031034001,186,5,-5.812241747975349,"[-10,-5)",186,5,-6.966748820409884,"[-10,-5)","[-10,-5)","[-10,-5)"
60190031034002,139,4,-6.193748939037324,"[-10,-5)",139,4,-7.11884077317282,"[-10,-5)","[-10,-5)","[-10,-5)"
60190031034003,116,4,-6.267912914603949,"[-10,-5)",116,4,-7.268841791800038,"[-10,-5)","[-10,-5)","[-10,-5)"
60190031034004,78,2,-6.109662955999374,"[-10,-5)",78,2,-7.230403372122618,"[-10,-5)","[-10,-5)","[-10,-5)"
60190031034005,239,5,-6.087083029747009,"[-10,-5)",239,5,-7.534398948707861,"[-10,-5)","[-10,-5)","[-10,-5)"
60190031034006,122,3,-5.939213240146637,"[-10,-5)",122,3,-7.323013773608055,"[-10,-5)","[-10,-5)","[-10,-5)"
60190031034007,106,2,-6.3670617386698725,"[-10,-5)",106,2,-7.384561546173861,"[-10,-5)","[-10,-5)","[-10,-5)"
60190031035000,144,3,-6.336670356988907,"[-10,-5)",144,3,-7.511705737445452,"[-10,-5)","[-10,-5)","[-10,-5)"
60190031035001,153,5,-6.396218866109848,"[-10,-5)",153,5,-8.132418609975035,"[-10,-5)","[-10,-5)","[-10,-5)"
60190031035002,162,3,-6.286580300331116,"[-10,-5)",162,3,-7.836596736657732,"[-10,-5)","[-10,-5)","[-10,-5)"
60190031035003,130,4,-6.6696419477462765,"[-10,-5)",130,4,-8.172785483917824,"[-10,-5)","[-10,-5)","[-10,-5)"
60190031035004,155,5,-6.454353149235248,"[-10,-5)",155,5,-7.742457831357012,"[-10,-5)","[-10,-5)","[-10,-5)"
60190031035005,106,3,-6.576718613505364,"[-10,-5)",106,3,-7.951460915210773,"[-10,-5)","[-10,-5)","[-10,-5)"
60190031035006,0,10,-6.860714893788099,"[-10,-5)",0,10,-8.540236551266872,"[-10,-5)","[-10,-5)","[-10,-5)"
60190031035007,42,1,-6.601752854883671,"[-10,-5)",42,1,-8.591278239069236,"[-10,-5)","[-10,-5)","[-10,-5)"
60190031041000,50,5,-6.47860164642334,"[-10,-5)",50,5,-6.352895893455307,"[-10,-5)","[-10,-5)","[-10,-5)"
60190031041001,51,3,-6.4206433609128,"[-10,-5)",51,3,-6.459547453107124,"[-10,-5)","[-10,-5)","[-10,-5)"
60190031041002,85,6,-6.197732446342707,"[-10,-5)",85,6,-6.67603767755989,"[-10,-5)","[-10,-5)","[-10,-5)"
60190031041003,48,3,-6.265805201232434,"[-10,-5)",48,3,-6.888977773656697,"[-10,-5)","[-10,-5)","[-10,-5)"
60190031041004,106,4,-6.3195392601192,"[-10,-5)",106,4,-6.956202967846006,"[-10,-5)","[-10,-5)","[-10,-5)"
60190031041005,66,4,-6.3765267200768,"[-10,-5)",66,4,-7.078809653087987,"[-10,-5)","[-10,-5)","[-10,-5)"
60190031041006,51,3,-6.316218866407872,"[-10,-5)",51,3,-6.707700800266086,"[-10,-5)","[-10,-5)","[-10,-5)"
60190031041007,64,3,-6.314447535574437,"[-10,-5)",64,3,-6.634309324563643,"[-10,-5)","[-10,-5)","[-10,-5)"
60190031041008,0,4,-6.418573401868343,"[-10,-5)",0,4,-6.414516100229048,"[-10,-5)","[-10,-5)","[-10,-5)"
60190031041009,57,4,-6.327985726296902,"[-10,-5)",57,4,-6.813365550355686,"[-10,-5)","[-10,-5)","[-10,-5)"
60190031041010,47,3,-6.445871767401695,"[-10,-5)",47,3,-7.282124521200981,"[-10,-5)","[-10,-5)","[-10,-5)"
60190031041011,46,1,-6.476975655555726,"[-10,-5)",46,1,-7.2708395556604515,"[-10,-5)","[-10,-5)","[-10,-5)"
60190031041012,53,2,-6.5299120478332044,"[-10,-5)",53,2,-7.520679909725002,"[-10,-5)","[-10,-5)","[-10,-5)"
60190031041013,1,4,-6.174573715031147,"[-10,-5)",1,4,-6.52788273704,"[-10,-5)","[-10,-5)","[-10,-5)"
60190031041014,54,4,-6.33727499395609,"[-10,-5)",54,4,-6.892153800632851,"[-10,-5)","[-10,-5)","[-10,-5)"
60190031041015,55,7,-6.464901651442051,"[-10,-5)",55,7,-7.218281294382936,"[-10,-5)","[-10,-5)","[-10,-5)"
60190031041016,57,6,-6.575307510048152,"[-10,-5)",57,6,-7.46101258600833,"[-10,-5)","[-10,-5)","[-10,-5)"
60190031041017,36,2,-6.517269174009561,"[-10,-5)",36,2,-7.356224431862602,"[-10,-5)","[-10,-5)","[-10,-5)"
60190031042000,32,4,-6.1246817976236345,"[-10,-5)",32,4,-6.711908801663524,"[-10,-5)","[-10,-5)","[-10,-5)"
60190031042001,36,2,-6.342840776592493,"[-10,-5)",36,2,-7.106633194662202,"[-10,-5)","[-10,-5)","[-10,-5)"
60190031042002,30,2,-6.512842833995819,"[-10,-5)",30,2,-7.382704958004989,"[-10,-5)","[-10,-5)","[-10,-5)"
60190031042003,25,1,-6.6519337490201,"[-10,-5)",25,1,-7.616524001497225,"[-10,-5)","[-10,-5)","[-10,-5)"
60190031042004,64,3,-6.82053889632225,"[-10,-5)",64,3,-7.997496120994111,"[-10,-5)","[-10,-5)","[-10,-5)"
60190031042005,19,1,-6.939233958721161,"[-10,-5)",19,1,-8.263948905578868,"[-10,-5)","[-10,-5)","[-10,-5)"
60190031042006,0,28,-7.867173434793949,"[-10,-5)",0,28,-9.74216179232129,"[-10,-5)","[-10,-5)","[-10,-5)"
60190031042007,0,21,-7.870559969544411,"[-10,-5)",0,21,-10.2297758135756,<-10,"[-10,-5)",<-10
60190031042008,692,22,-7.161585655063391,"[-10,-5)",692,22,-10.023205382885582,<-10,"[-10,-5)",<-10
60190031042009,157,1,-7.87078479230404,"[-10,-5)",157,1,-10.749807977632935,<-10,"[-10,-5)",<-10
60190031042011,54,1,-6.978902685642242,"[-10,-5)",54,1,-10.001254125157,<-10,"[-10,-5)",<-10
60190031042012,0,12,-7.534924285858869,"[-10,-5)",0,12,-10.834912774897736,<-10,"[-10,-5)",<-10
60190031042013,0,2,-7.222769806534052,"[-10,-5)",0,2,-10.271998991631545,<-10,"[-10,-5)",<-10
60190031042014,23,8,-8.728481349349021,"[-10,-5)",23,8,-12.530824259114706,<-10,"[-10,-5)",<-10
60190031042015,0,1,-8.966839461028576,"[-10,-5)",0,1,-13.08194291277193,<-10,"[-10,-5)",<-10
60190031042016,0,3,-8.206403727829457,"[-10,-5)",0,3,-11.738576388078174,<-10,"[-10,-5)",<-10
60190031042017,0,11,-8.404300555586815,"[-10,-5)",0,11,-11.973196184637736,<-10,"[-10,-5)",<-10
60190031042018,353,7,-7.367436155676842,"[-10,-5)",353,7,-10.577631581316114,<-10,"[-10,-5)",<-10
60190031042019,279,1,-7.602400919795037,"[-10,-5)",279,1,-10.900418863885392,<-10,"[-10,-5)",<-10
60190031042020,446,26,-8.796465821564198,"[-10,-5)",446,26,-11.90403429856725,<-10,"[-10,-5)",<-10
60190031042021,0,6,-9.385577812045812,"[-10,-5)",0,6,-11.837011352048725,<-10,"[-10,-5)",<-10
60190031042022,0,9,-9.204235830903054,"[-10,-5)",0,9,-11.422390560381077,<-10,"[-10,-5)",<-10
60190031042023,0,43,-10.211822175979616,<-10,0,43,-11.849412656558602,<-10,<-10,<-10
60190031042024,0,422,-9.65426173210144,"[-10,-5)",0,422,-12.716138232360883,<-10,"[-10,-5)",<-10
60190031042025,18,11,-8.489896143972874,"[-10,-5)",18,11,-11.05628705335533,<-10,"[-10,-5)",<-10
60190031042026,0,6,-9.679727451503275,"[-10,-5)",0,6,-12.71877199697254,<-10,"[-10,-5)",<-10
60190031042027,0,5,-9.680198103189468,"[-10,-5)",0,5,-13.099900915225422,<-10,"[-10,-5)",<-10
60190031042028,0,1,-9.669900539517403,"[-10,-5)",0,1,-11.037702992100709,<-10,"[-10,-5)",<-10
60190031042029,0,8,-9.512358545511962,"[-10,-5)",0,8,-13.360942438393874,<-10,"[-10,-5)",<-10
60190031042030,0,1,-10.456926673650742,<-10,0,1,-11.774854848080547,<-10,<-10,<-10
60190031042031,0,2,-10.306964783370496,<-10,0,2,-11.647287129734329,<-10,<-10,<-10
60190031042032,0,11,-8.970893083512783,"[-10,-5)",0,11,-11.337269287884665,<-10,"[-10,-5)",<-10
60190031042033,0,16,-9.23773442208767,"[-10,-5)",0,16,-12.176788007075189,<-10,"[-10,-5)",<-10
60190031042034,0,1,-6.552022741734982,"[-10,-5)",0,1,-7.427503669250522,"[-10,-5)","[-10,-5)","[-10,-5)"
60190031042035,26,6,-9.517519533634186,"[-10,-5)",26,6,-13.727030606410878,<-10,"[-10,-5)",<-10
60190031042036,64,1,-9.830473950505256,"[-10,-5)",64,1,-12.341299443913917,<-10,"[-10,-5)",<-10
60190031042037,0,2,-9.606954140961172,"[-10,-5)",0,2,-10.809089269629672,<-10,"[-10,-5)",<-10
60190031042038,29,54,-7.29193970784545,"[-10,-5)",29,54,-8.30174791583644,"[-10,-5)","[-10,-5)","[-10,-5)"
60190031042039,132,8,-6.415618629008532,"[-10,-5)",132,8,-7.274885077187542,"[-10,-5)","[-10,-5)","[-10,-5)"
60190031042040,15,1,-6.223583941161633,"[-10,-5)",15,1,-6.941621819760865,"[-10,-5)","[-10,-5)","[-10,-5)"
60190031042041,72,6,-6.484734311699867,"[-10,-5)",72,6,-7.487405338934044,"[-10,-5)","[-10,-5)","[-10,-5)"
60190031042042,32,1,-6.153416530787945,"[-10,-5)",32,1,-7.001706421326387,"[-10,-5)","[-10,-5)","[-10,-5)"
60190031042043,56,2,-6.264850839972496,"[-10,-5)",56,2,-7.16239617254333,"[-10,-5)","[-10,-5)","[-10,-5)"
60190031042044,57,3,-6.367296212911606,"[-10,-5)",57,3,-7.216616159767587,"[-10,-5)","[-10,-5)","[-10,-5)"
60190031042045,0,2,-5.996912354975938,"[-10,-5)",0,2,-6.648112444038848,"[-10,-5)","[-10,-5)","[-10,-5)"
60190031042046,44,2,-6.276341213285923,"[-10,-5)",44,2,-7.120285196495756,"[-10,-5)","[-10,-5)","[-10,-5)"
60190031042047,0,37,-7.546464335918427,"[-10,-5)",0,37,-8.685452367278913,"[-10,-5)","[-10,-5)","[-10,-5)"
60190031042048,0,8,-5.981205987185239,"[-10,-5)",0,8,-6.562820454056286,"[-10,-5)","[-10,-5)","[-10,-5)"
60190031042049,0,3,-5.557395498454571,"[-10,-5)",0,3,-6.401327393270559,"[-10,-5)","[-10,-5)","[-10,-5)"
60190031042050,0,1,-6.033199940621853,"[-10,-5)",0,1,-6.614668007928889,"[-10,-5)","[-10,-5)","[-10,-5)"
60190031042051,0,3,-6.002030195295811,"[-10,-5)",0,3,-6.666637137648535,"[-10,-5)","[-10,-5)","[-10,-5)"
60190031042052,92,4,-7.437910994142294,"[-10,-5)",92,4,-8.898227995115352,"[-10,-5)","[-10,-5)","[-10,-5)"
60190031042053,73,4,-7.37139070853591,"[-10,-5)",73,4,-8.811428805496309,"[-10,-5)","[-10,-5)","[-10,-5)"
60190031042054,93,5,-7.165848487615586,"[-10,-5)",93,5,-8.4853890849629,"[-10,-5)","[-10,-5)","[-10,-5)"
60190031042055,53,5,-6.926463344693184,"[-10,-5)",53,5,-8.064883795053767,"[-10,-5)","[-10,-5)","[-10,-5)"
60190031042056,63,2,-6.89458194449544,"[-10,-5)",63,2,-8.052028569507497,"[-10,-5)","[-10,-5)","[-10,-5)"
60190031042057,0,1,-6.059765928983689,"[-10,-5)",0,1,-6.573871357685685,"[-10,-5)","[-10,-5)","[-10,-5)"
60190031042058,52,3,-7.3513584896922115,"[-10,-5)",52,3,-8.775588359410154,"[-10,-5)","[-10,-5)","[-10,-5)"
60190031042059,36,3,-7.230000185966492,"[-10,-5)",36,3,-8.601069639647722,"[-10,-5)","[-10,-5)","[-10,-5)"
60190031042060,0,11,-9.077531173825264,"[-10,-5)",0,11,-12.62961145217482,<-10,"[-10,-5)",<-10
60190031042061,0,1,-9.3400117456913,"[-10,-5)",0,1,-12.738269581414292,<-10,"[-10,-5)",<-10
60190031042062,0,11,-8.402814795076848,"[-10,-5)",0,11,-11.803564927548742,<-10,"[-10,-5)",<-10
60190031042063,0,4,-8.235895534604788,"[-10,-5)",0,4,-11.429905538440384,<-10,"[-10,-5)",<-10
60190031042064,13,16,-8.70239112228155,"[-10,-5)",13,16,-11.63847685760371,<-10,"[-10,-5)",<-10
60190032011000,62,3,-8.08692292124033,"[-10,-5)",62,3,-14.009517768130952,<-10,"[-10,-5)",<-10
60190032011001,0,1,-7.517580288648606,"[-10,-5)",0,1,-13.35760307938022,<-10,"[-10,-5)",<-10
60190032011003,54,3,-6.995304527878761,"[-10,-5)",54,3,-12.644189191591352,<-10,"[-10,-5)",<-10
60190032011004,0,1,-6.555122002959251,"[-10,-5)",0,1,-11.931692235658227,<-10,"[-10,-5)",<-10
60190032011005,39,1,-6.39245535582304,"[-10,-5)",39,1,-11.718996995589812,<-10,"[-10,-5)",<-10
60190032011007,62,2,-6.967655586451292,"[-10,-5)",62,2,-12.60211713117706,<-10,"[-10,-5)",<-10
60190032011008,15,1,-6.607300753891468,"[-10,-5)",15,1,-12.06756858373815,<-10,"[-10,-5)",<-10
60190032011009,55,2,-6.871374671906233,"[-10,-5)",55,2,-12.408191724802442,<-10,"[-10,-5)",<-10
60190032011010,62,2,-6.61184944063425,"[-10,-5)",62,2,-12.061763052986104,<-10,"[-10,-5)",<-10
60190032011012,44,2,-6.373570244014263,"[-10,-5)",44,2,-11.718138579211857,<-10,"[-10,-5)",<-10
60190032011014,51,2,-6.161286746710539,"[-10,-5)",51,2,-11.381718894653524,<-10,"[-10,-5)",<-10
60190032011015,109,3,-5.889360496401787,"[-10,-5)",109,3,-10.920305036548536,<-10,"[-10,-5)",<-10
60190032011016,72,3,-6.120190452039242,"[-10,-5)",72,3,-11.216764899007098,<-10,"[-10,-5)",<-10
60190032011017,64,3,-6.388700929284096,"[-10,-5)",64,3,-11.68925636197892,<-10,"[-10,-5)",<-10
60190032011019,0,5,-7.078733074665069,"[-10,-5)",0,5,-12.619733130546814,<-10,"[-10,-5)",<-10
60190032011020,113,9,-7.077213817834855,"[-10,-5)",113,9,-12.394239476075608,<-10,"[-10,-5)",<-10
60190032011021,66,2,-8.097933275252581,"[-10,-5)",66,2,-13.931946128491376,<-10,"[-10,-5)",<-10
60190032011022,71,2,-7.964490464329719,"[-10,-5)",71,2,-13.681380580180324,<-10,"[-10,-5)",<-10
60190032011023,39,2,-7.823801377415657,"[-10,-5)",39,2,-13.408603010992126,<-10,"[-10,-5)",<-10
60190032011024,49,2,-7.673545968532563,"[-10,-5)",49,2,-13.123298584666962,<-10,"[-10,-5)",<-10
60190032011025,73,2,-8.243187513202429,"[-10,-5)",73,2,-13.64227633390134,<-10,"[-10,-5)",<-10
60190032011026,77,2,-8.729078038036825,"[-10,-5)",77,2,-14.03564237245945,<-10,"[-10,-5)",<-10
60190032011027,73,2,-8.568489865958691,"[-10,-5)",73,2,-13.742118509895846,<-10,"[-10,-5)",<-10
60190032011028,248,4,-7.995750479400159,"[-10,-5)",248,4,-13.195824826654231,<-10,"[-10,-5)",<-10
60190032011029,33,2,-7.520602905750275,"[-10,-5)",33,2,-12.834574127504403,<-10,"[-10,-5)",<-10
60190032011030,32,2,-7.361667975783348,"[-10,-5)",32,2,-12.549546939559416,<-10,"[-10,-5)",<-10
60190032011031,44,2,-7.194396152347327,"[-10,-5)",44,2,-12.272947116637996,<-10,"[-10,-5)",<-10
60190032011032,31,2,-7.72750201150775,"[-10,-5)",31,2,-12.750541924628472,<-10,"[-10,-5)",<-10
60190032011033,45,2,-8.198525847494603,"[-10,-5)",45,2,-13.127978686666705,<-10,"[-10,-5)",<-10
60190032011034,64,2,-8.390703604370355,"[-10,-5)",64,2,-13.438008458856494,<-10,"[-10,-5)",<-10
60190032011035,46,2,-6.118192311376333,"[-10,-5)",46,2,-11.147065579519309,<-10,"[-10,-5)",<-10
60190032011036,49,2,-6.445165506005287,"[-10,-5)",49,2,-11.641435013844625,<-10,"[-10,-5)",<-10
60190032011037,34,2,-5.715785971283912,"[-10,-5)",34,2,-10.678607139623011,<-10,"[-10,-5)",<-10
60190032011038,0,1,-5.5544330611825,"[-10,-5)",0,1,-10.45332311827124,<-10,"[-10,-5)",<-10
60190032012000,0,4,-9.65546192228794,"[-10,-5)",0,4,-14.65331073581003,<-10,"[-10,-5)",<-10
60190032012001,88,4,-9.609754206240178,"[-10,-5)",88,4,-15.111096634292492,<-10,"[-10,-5)",<-10
60190032012002,421,6,-8.856701856851577,"[-10,-5)",421,6,-14.648331239084158,<-10,"[-10,-5)",<-10
60190032012003,250,2,-9.126981677860025,"[-10,-5)",250,2,-14.789956874884084,<-10,"[-10,-5)",<-10
60190032012004,80,2,-9.596451625227928,"[-10,-5)",80,2,-14.941071675979195,<-10,"[-10,-5)",<-10
60190032012006,108,4,-9.641333855688572,"[-10,-5)",108,4,-14.576679888706453,<-10,"[-10,-5)",<-10
60190032012007,122,4,-9.608255387842656,"[-10,-5)",122,4,-14.469774951354722,<-10,"[-10,-5)",<-10
60190032012008,108,2,-9.574195875227453,"[-10,-5)",108,2,-14.19332908663213,<-10,"[-10,-5)",<-10
60190032012009,129,2,-9.540880662202834,"[-10,-5)",129,2,-14.46018466222415,<-10,"[-10,-5)",<-10
60190032012010,75,4,-9.49412207007408,"[-10,-5)",75,4,-14.169621796458634,<-10,"[-10,-5)",<-10
60190032012011,196,7,-8.965257185697556,"[-10,-5)",196,7,-13.551727892868444,<-10,"[-10,-5)",<-10
60190032012012,87,3,-9.032031816244126,"[-10,-5)",87,3,-14.04910945402098,<-10,"[-10,-5)",<-10
60190032012013,126,3,-8.866231276094913,"[-10,-5)",126,3,-13.754847046592158,<-10,"[-10,-5)",<-10
60190032012014,203,5,-9.498058739304543,"[-10,-5)",203,5,-14.800217535507702,<-10,"[-10,-5)",<-10
60190032012015,91,3,-9.405418704450131,"[-10,-5)",91,3,-14.7398931909167,<-10,"[-10,-5)",<-10
60190032012016,72,3,-9.172758373618128,"[-10,-5)",72,3,-14.323575450393353,<-10,"[-10,-5)",<-10
60190032012017,97,2,-9.231443075090649,"[-10,-5)",97,2,-14.538580631555597,<-10,"[-10,-5)",<-10
60190032012018,144,4,-8.782733749598265,"[-10,-5)",144,4,-14.40101983307154,<-10,"[-10,-5)",<-10
60190032012019,120,4,-8.64748980179429,"[-10,-5)",120,4,-14.138914237185745,<-10,"[-10,-5)",<-10
60190032012020,84,8,-9.2379524320364,"[-10,-5)",84,8,-13.573551893635637,<-10,"[-10,-5)",<-10
60190032012021,83,4,-9.407056333869695,"[-10,-5)",83,4,-13.970309557459402,<-10,"[-10,-5)",<-10
60190032021000,66,3,-6.728974150121212,"[-10,-5)",66,3,-11.640017007703406,<-10,"[-10,-5)",<-10
60190032021001,61,6,-6.308788360655308,"[-10,-5)",61,6,-11.248842174949251,<-10,"[-10,-5)",<-10
60190032021002,55,2,-6.416827902942896,"[-10,-5)",55,2,-11.293446876139807,<-10,"[-10,-5)",<-10
60190032021005,53,2,-6.05729770436883,"[-10,-5)",53,2,-10.984423797412452,<-10,"[-10,-5)",<-10
60190032021006,57,3,-5.650512997806072,"[-10,-5)",57,3,-10.54564577131496,<-10,"[-10,-5)",<-10
60190032021008,33,2,-6.8877892881631855,"[-10,-5)",33,2,-11.74647938624744,<-10,"[-10,-5)",<-10
60190032021009,107,3,-6.410354313254357,"[-10,-5)",107,3,-11.195870896658649,<-10,"[-10,-5)",<-10
60190032021010,150,10,-5.5152443535625935,"[-10,-5)",150,10,-10.298024176458952,<-10,"[-10,-5)",<-10
60190032021011,39,1,-5.767498044669629,"[-10,-5)",39,1,-10.635236944580242,<-10,"[-10,-5)",<-10
60190032021013,129,4,-5.408233261853457,"[-10,-5)",129,4,-10.032413333020544,<-10,"[-10,-5)",<-10
60190032021014,45,3,-5.53072050511837,"[-10,-5)",45,3,-10.22749882294499,<-10,"[-10,-5)",<-10
60190032021015,110,1,-5.18362425416708,"[-10,-5)",110,1,-9.76199399439813,"[-10,-5)","[-10,-5)","[-10,-5)"
60190032021016,106,4,-5.306655102968216,"[-10,-5)",106,4,-9.82796593476231,"[-10,-5)","[-10,-5)","[-10,-5)"
60190032021017,92,1,-5.184381043910981,"[-10,-5)",92,1,-9.639348961634305,"[-10,-5)","[-10,-5)","[-10,-5)"
60190032021018,23,1,-5.449657706916333,"[-10,-5)",23,1,-10.02934609938415,<-10,"[-10,-5)",<-10
60190032022000,64,2,-7.993753758072854,"[-10,-5)",64,2,-12.815538985770566,<-10,"[-10,-5)",<-10
60190032022001,65,2,-7.565399976074696,"[-10,-5)",65,2,-12.412433244774531,<-10,"[-10,-5)",<-10
60190032022002,357,10,-7.244335475564004,"[-10,-5)",357,10,-11.981288363914784,<-10,"[-10,-5)",<-10
60190032022003,85,2,-7.770444294065237,"[-10,-5)",85,2,-12.50380317494212,<-10,"[-10,-5)",<-10
60190032022004,111,10,-5.876513238251209,"[-10,-5)",111,10,-10.550463924393355,<-10,"[-10,-5)",<-10
60190032022006,34,2,-6.193154521286488,"[-10,-5)",34,2,-10.86327232961067,<-10,"[-10,-5)",<-10
60190032022010,0,2,-5.568227583914996,"[-10,-5)",0,2,-10.13529831385975,<-10,"[-10,-5)",<-10
60190032022012,0,6,-6.68366838991642,"[-10,-5)",0,6,-11.289379766378197,<-10,"[-10,-5)",<-10
60190032022013,104,3,-6.909829299151897,"[-10,-5)",104,3,-11.368616540633123,<-10,"[-10,-5)",<-10
60190032022014,116,4,-6.3087767221033575,"[-10,-5)",116,4,-10.86705424743202,<-10,"[-10,-5)",<-10
60190032022015,283,4,-5.983680456876755,"[-10,-5)",283,4,-10.563374824860231,<-10,"[-10,-5)",<-10
60190032022016,105,3,-6.300341610610485,"[-10,-5)",105,3,-10.73369292867388,<-10,"[-10,-5)",<-10
60190032023000,137,4,-8.980397238582373,"[-10,-5)",137,4,-13.015577839294885,<-10,"[-10,-5)",<-10
60190032023001,239,6,-8.75478476062417,"[-10,-5)",239,6,-12.941492131419134,<-10,"[-10,-5)",<-10
60190032023002,735,8,-8.459822125732899,"[-10,-5)",735,8,-12.329527606873777,<-10,"[-10,-5)",<-10
60190032023003,60,2,-8.218454454839229,"[-10,-5)",60,2,-12.05853902059371,<-10,"[-10,-5)",<-10
60190032023004,0,1,-7.949186620116234,"[-10,-5)",0,1,-11.544373175211948,<-10,"[-10,-5)",<-10
60190032023005,191,5,-7.899125517904759,"[-10,-5)",191,5,-11.761798511086363,<-10,"[-10,-5)",<-10
60190032023006,587,6,-7.522157078236342,"[-10,-5)",587,6,-11.2725699171344,<-10,"[-10,-5)",<-10
60190032024000,334,13,-8.175965224206449,"[-10,-5)",334,13,-12.560079157448858,<-10,"[-10,-5)",<-10
60190032024001,124,3,-8.244921657443047,"[-10,-5)",124,3,-12.810266343544342,<-10,"[-10,-5)",<-10
60190032024002,117,5,-7.3205515265464784,"[-10,-5)",117,5,-11.367014466387031,<-10,"[-10,-5)",<-10
60190032024003,193,5,-7.417599450051785,"[-10,-5)",193,5,-11.764091408837148,<-10,"[-10,-5)",<-10
60190032024004,263,6,-6.899872092157603,"[-10,-5)",263,6,-11.193428585600518,<-10,"[-10,-5)",<-10
60190033011000,75,7,-4.861756409704685,"[-5,-3)",75,7,-8.892706804136411,"[-10,-5)","[-5,-3)","[-10,-5)"
60190033011001,70,6,-4.780831003189087,"[-5,-3)",70,6,-8.385495210827827,"[-10,-5)","[-5,-3)","[-10,-5)"
60190033011002,137,7,-4.693762712180615,"[-5,-3)",137,7,-8.391960318955658,"[-10,-5)","[-5,-3)","[-10,-5)"
60190033011003,161,3,-4.66498426347971,"[-5,-3)",161,3,-8.265584498399608,"[-10,-5)","[-5,-3)","[-10,-5)"
60190033011004,102,2,-4.587669504806399,"[-5,-3)",102,2,-8.228039149897668,"[-10,-5)","[-5,-3)","[-10,-5)"
60190033011005,134,3,-4.599268457293511,"[-5,-3)",134,3,-8.30111418753094,"[-10,-5)","[-5,-3)","[-10,-5)"
60190033011006,52,2,-4.51395120061934,"[-5,-3)",52,2,-8.240351829023721,"[-10,-5)","[-5,-3)","[-10,-5)"
60190033011007,50,2,-4.57607495225966,"[-5,-3)",50,2,-8.531800380516064,"[-10,-5)","[-5,-3)","[-10,-5)"
60190033011009,86,3,-4.433320306241512,"[-5,-3)",86,3,-8.200769801028084,"[-10,-5)","[-5,-3)","[-10,-5)"
60190033011010,302,4,-4.394153882190585,"[-5,-3)",302,4,-8.223903582708164,"[-10,-5)","[-5,-3)","[-10,-5)"
60190033011011,128,3,-4.352518949657679,"[-5,-3)",128,3,-8.19162831993099,"[-10,-5)","[-5,-3)","[-10,-5)"
60190033011012,115,3,-4.36542865857482,"[-5,-3)",115,3,-8.369809086002032,"[-10,-5)","[-5,-3)","[-10,-5)"
60190033011013,42,3,-4.4533826150000095,"[-5,-3)",42,3,-8.405043357187276,"[-10,-5)","[-5,-3)","[-10,-5)"
60190033011014,73,4,-4.455161042511463,"[-5,-3)",73,4,-8.625663467715196,"[-10,-5)","[-5,-3)","[-10,-5)"
60190033011016,179,3,-4.251806301623583,"[-5,-3)",179,3,-8.337385830196096,"[-10,-5)","[-5,-3)","[-10,-5)"
60190033011017,108,2,-4.290969745069742,"[-5,-3)",108,2,-8.305533242326398,"[-10,-5)","[-5,-3)","[-10,-5)"
60190033011018,102,1,-4.350912829488516,"[-5,-3)",102,1,-8.462159576506057,"[-10,-5)","[-5,-3)","[-10,-5)"
60190033011019,102,1,-4.314330873638392,"[-5,-3)",102,1,-8.188343499615074,"[-10,-5)","[-5,-3)","[-10,-5)"
60190033011020,101,2,-4.275900800898672,"[-5,-3)",101,2,-8.1950551681056,"[-10,-5)","[-5,-3)","[-10,-5)"
60190033011021,235,3,-4.224521845579147,"[-5,-3)",235,3,-8.189132038286553,"[-10,-5)","[-5,-3)","[-10,-5)"
60190033012000,65,7,-6.002359481155873,"[-10,-5)",65,7,-11.051692168070804,<-10,"[-10,-5)",<-10
60190033012001,0,1,-6.167691640555859,"[-10,-5)",0,1,-11.255297625182694,<-10,"[-10,-5)",<-10
60190033012002,101,2,-5.571792387217283,"[-10,-5)",101,2,-10.324137418558756,<-10,"[-10,-5)",<-10
60190033012003,73,2,-5.56720112040639,"[-10,-5)",73,2,-10.272488703688326,<-10,"[-10,-5)",<-10
60190033012004,103,3,-5.476314532756805,"[-10,-5)",103,3,-10.112878932308906,<-10,"[-10,-5)",<-10
60190033012005,86,3,-5.31526649594307,"[-10,-5)",86,3,-9.814535212332602,"[-10,-5)","[-10,-5)","[-10,-5)"
60190033012006,76,2,-5.239758125692607,"[-10,-5)",76,2,-9.607621642335976,"[-10,-5)","[-10,-5)","[-10,-5)"
60190033012007,89,3,-5.031860943138599,"[-10,-5)",89,3,-9.257250845273676,"[-10,-5)","[-10,-5)","[-10,-5)"
60190033012008,122,4,-4.968771191686392,"[-5,-3)",122,4,-9.369868427157868,"[-10,-5)","[-5,-3)","[-10,-5)"
60190033012009,67,2,-5.4337690964341165,"[-10,-5)",67,2,-10.193455881438489,<-10,"[-10,-5)",<-10
60190033012010,123,3,-5.695718269050121,"[-10,-5)",123,3,-10.638338833014156,<-10,"[-10,-5)",<-10
60190033012011,41,24,-5.114630350470543,"[-10,-5)",41,24,-9.78736244240693,"[-10,-5)","[-10,-5)","[-10,-5)"
60190033012012,51,2,-4.624602178484201,"[-5,-3)",51,2,-8.867093216043502,"[-10,-5)","[-5,-3)","[-10,-5)"
60190033012013,72,3,-4.608257109671832,"[-5,-3)",72,3,-8.951574511008628,"[-10,-5)","[-5,-3)","[-10,-5)"
60190033012014,83,3,-4.544962406158447,"[-5,-3)",83,3,-8.891359243813106,"[-10,-5)","[-5,-3)","[-10,-5)"
60190033021000,53,3,-4.329761606454849,"[-5,-3)",53,3,-8.533921708613544,"[-10,-5)","[-5,-3)","[-10,-5)"
60190033021001,67,3,-4.2670380435884,"[-5,-3)",67,3,-8.444478244321305,"[-10,-5)","[-5,-3)","[-10,-5)"
60190033021002,98,3,-4.153961846977473,"[-5,-3)",98,3,-8.298721870279069,"[-10,-5)","[-5,-3)","[-10,-5)"
60190033021003,121,3,-4.102634697407484,"[-5,-3)",121,3,-8.23824470371211,"[-10,-5)","[-5,-3)","[-10,-5)"
60190033021004,34,2,-4.0845569036901,"[-5,-3)",34,2,-8.20605806631876,"[-10,-5)","[-5,-3)","[-10,-5)"
60190033021005,64,1,-4.077859342843294,"[-5,-3)",64,1,-8.200973184921736,"[-10,-5)","[-5,-3)","[-10,-5)"
60190033021006,61,1,-4.104985401034355,"[-5,-3)",61,1,-8.200403369152648,"[-10,-5)","[-5,-3)","[-10,-5)"
60190033021007,105,6,-4.088906599581241,"[-5,-3)",105,6,-8.217266336815594,"[-10,-5)","[-5,-3)","[-10,-5)"
60190033021008,135,1,-4.098851600289345,"[-5,-3)",135,1,-8.230797899024976,"[-10,-5)","[-5,-3)","[-10,-5)"
60190033021009,69,3,-4.179583693295718,"[-5,-3)",69,3,-8.315725445522125,"[-10,-5)","[-5,-3)","[-10,-5)"
60190033021010,95,1,-4.206418503820896,"[-5,-3)",95,1,-8.364451795172029,"[-10,-5)","[-5,-3)","[-10,-5)"
60190033021011,42,1,-4.406882625818253,"[-5,-3)",42,1,-8.55298014291621,"[-10,-5)","[-5,-3)","[-10,-5)"
60190033021012,250,4,-4.253767823427916,"[-5,-3)",250,4,-8.371355485327513,"[-10,-5)","[-5,-3)","[-10,-5)"
60190033022000,173,4,-4.875287787616253,"[-5,-3)",173,4,-9.37449313829272,"[-10,-5)","[-5,-3)","[-10,-5)"
60190033022001,88,4,-4.938391164690256,"[-5,-3)",88,4,-9.40750495754509,"[-10,-5)","[-5,-3)","[-10,-5)"
60190033022002,188,3,-4.728822004795075,"[-5,-3)",188,3,-9.126596577502278,"[-10,-5)","[-5,-3)","[-10,-5)"
60190033022003,132,4,-4.630964776128531,"[-5,-3)",132,4,-9.001310962789578,"[-10,-5)","[-5,-3)","[-10,-5)"
60190033022004,48,2,-4.467490810900927,"[-5,-3)",48,2,-8.748397409918567,"[-10,-5)","[-5,-3)","[-10,-5)"
60190033022005,69,2,-4.391232605651021,"[-5,-3)",69,2,-8.635158030069007,"[-10,-5)","[-5,-3)","[-10,-5)"
60190033022006,70,1,-4.431810984760523,"[-5,-3)",70,1,-8.635146667840312,"[-10,-5)","[-5,-3)","[-10,-5)"
60190033022008,21,1,-4.47893775254488,"[-5,-3)",21,1,-8.64487671238384,"[-10,-5)","[-5,-3)","[-10,-5)"
60190033022009,144,3,-4.624453432112932,"[-5,-3)",144,3,-8.84934115398512,"[-10,-5)","[-5,-3)","[-10,-5)"
60190033022010,89,2,-4.584441084042192,"[-5,-3)",89,2,-8.857011510521843,"[-10,-5)","[-5,-3)","[-10,-5)"
60190033022011,171,4,-4.923248273134232,"[-5,-3)",171,4,-9.285804978153024,"[-10,-5)","[-5,-3)","[-10,-5)"
60190033022012,25,1,-5.068812493979931,"[-10,-5)",25,1,-9.49349714487102,"[-10,-5)","[-10,-5)","[-10,-5)"
60190033023000,77,4,-4.302721134200692,"[-5,-3)",77,4,-8.535844765820283,"[-10,-5)","[-5,-3)","[-10,-5)"
60190033023001,173,4,-4.228146970644594,"[-5,-3)",173,4,-8.380893224150366,"[-10,-5)","[-5,-3)","[-10,-5)"
60190033023002,163,3,-4.180493487417698,"[-5,-3)",163,3,-8.191789663578469,"[-10,-5)","[-5,-3)","[-10,-5)"
60190033023003,44,1,-4.16472637206316,"[-5,-3)",44,1,-8.193655341530297,"[-10,-5)","[-5,-3)","[-10,-5)"
60190033023004,296,4,-4.183695934340358,"[-5,-3)",296,4,-8.211694867974678,"[-10,-5)","[-5,-3)","[-10,-5)"
60190033023006,125,4,-4.135002503916621,"[-5,-3)",125,4,-8.194617438245102,"[-10,-5)","[-5,-3)","[-10,-5)"
60190033023007,160,4,-4.11916910558939,"[-5,-3)",160,4,-8.254861963179515,"[-10,-5)","[-5,-3)","[-10,-5)"
60190033023008,59,2,-4.115653553232551,"[-5,-3)",59,2,-8.212132313779462,"[-10,-5)","[-5,-3)","[-10,-5)"
60190033023009,163,4,-4.2095742546021935,"[-5,-3)",163,4,-8.381486616543999,"[-10,-5)","[-5,-3)","[-10,-5)"
60190033023010,71,2,-4.159009714052081,"[-5,-3)",71,2,-8.30587609757729,"[-10,-5)","[-5,-3)","[-10,-5)"
60190033024000,0,1,-5.269573540985585,"[-10,-5)",0,1,-10.049864011962772,<-10,"[-10,-5)",<-10
60190033024001,46,1,-5.106620188057423,"[-10,-5)",46,1,-9.819995899443738,"[-10,-5)","[-10,-5)","[-10,-5)"
60190033024002,105,3,-4.832644133269787,"[-5,-3)",105,3,-9.395822882111649,"[-10,-5)","[-5,-3)","[-10,-5)"
60190033024003,102,3,-4.498763599991799,"[-5,-3)",102,3,-8.845450726879726,"[-10,-5)","[-5,-3)","[-10,-5)"
60190033024004,57,1,-4.380624065548182,"[-5,-3)",57,1,-8.667542654297378,"[-10,-5)","[-5,-3)","[-10,-5)"
60190033024005,118,3,-4.45086812004447,"[-5,-3)",118,3,-8.78505309591364,"[-10,-5)","[-5,-3)","[-10,-5)"
60190033024006,118,4,-4.723658036068082,"[-5,-3)",118,4,-9.22698186802844,"[-10,-5)","[-5,-3)","[-10,-5)"
60190033024007,72,2,-5.056154007464647,"[-10,-5)",72,2,-9.717199543988356,"[-10,-5)","[-10,-5)","[-10,-5)"
60190033024008,60,2,-5.113523552566766,"[-10,-5)",60,2,-9.817266123999604,"[-10,-5)","[-10,-5)","[-10,-5)"
60190033024009,92,3,-4.45116618052125,"[-5,-3)",92,3,-8.766081582660494,"[-10,-5)","[-5,-3)","[-10,-5)"
60190033024010,126,3,-4.638402946293354,"[-5,-3)",126,3,-9.08558688547103,"[-10,-5)","[-5,-3)","[-10,-5)"
60190033024011,104,4,-4.900131838023663,"[-5,-3)",104,4,-9.484184378176344,"[-10,-5)","[-5,-3)","[-10,-5)"
60190033024012,99,3,-4.62575950473547,"[-5,-3)",99,3,-9.04436074298313,"[-10,-5)","[-5,-3)","[-10,-5)"
60190034011000,0,4,-4.292520653083921,"[-5,-3)",0,4,-8.2848687569976,"[-10,-5)","[-5,-3)","[-10,-5)"
60190034011001,86,4,-4.359515706449748,"[-5,-3)",86,4,-8.418528050203285,"[-10,-5)","[-5,-3)","[-10,-5)"
60190034011002,64,4,-4.422593819350004,"[-5,-3)",64,4,-8.57225701606555,"[-10,-5)","[-5,-3)","[-10,-5)"
60190034011003,611,6,-4.438262148946524,"[-5,-3)",611,6,-8.678391878367432,"[-10,-5)","[-5,-3)","[-10,-5)"
60190034011005,247,2,-4.316300769522786,"[-5,-3)",247,2,-8.479891470608504,"[-10,-5)","[-5,-3)","[-10,-5)"
60190034011006,217,4,-4.232431519031525,"[-5,-3)",217,4,-8.34422532375945,"[-10,-5)","[-5,-3)","[-10,-5)"
60190034011007,135,4,-4.191616110876202,"[-5,-3)",135,4,-8.252479303822035,"[-10,-5)","[-5,-3)","[-10,-5)"
60190034012000,0,1,-4.5665777519345285,"[-5,-3)",0,1,-8.870255040233786,"[-10,-5)","[-5,-3)","[-10,-5)"
60190034012001,53,1,-4.471388590335846,"[-5,-3)",53,1,-8.810002845795005,"[-10,-5)","[-5,-3)","[-10,-5)"
60190034012002,86,4,-4.479805392399431,"[-5,-3)",86,4,-8.80834708501833,"[-10,-5)","[-5,-3)","[-10,-5)"
60190034012003,0,3,-4.285668526589871,"[-5,-3)",0,3,-8.571394338851832,"[-10,-5)","[-5,-3)","[-10,-5)"
60190034012004,152,4,-4.1484008900821205,"[-5,-3)",152,4,-8.398806061744793,"[-10,-5)","[-5,-3)","[-10,-5)"
60190034012005,50,2,-4.114544484391809,"[-5,-3)",50,2,-8.36049972797596,"[-10,-5)","[-5,-3)","[-10,-5)"
60190034012007,85,2,-4.205242442339658,"[-5,-3)",85,2,-8.48049196439507,"[-10,-5)","[-5,-3)","[-10,-5)"
60190034012008,40,2,-4.291532369703054,"[-5,-3)",40,2,-8.6057111100699,"[-10,-5)","[-5,-3)","[-10,-5)"
60190034012009,49,3,-4.476306020468473,"[-5,-3)",49,3,-8.877101351134357,"[-10,-5)","[-5,-3)","[-10,-5)"
60190034012010,73,5,-3.964941544085741,"[-5,-3)",73,5,-8.190078511936902,"[-10,-5)","[-5,-3)","[-10,-5)"
60190034012013,50,2,-4.034637309238315,"[-5,-3)",50,2,-8.246093731295073,"[-10,-5)","[-5,-3)","[-10,-5)"
60190034012014,60,2,-4.016052244976163,"[-5,-3)",60,2,-8.235304158925675,"[-10,-5)","[-5,-3)","[-10,-5)"
60190034012015,0,2,-4.420786579325796,"[-5,-3)",0,2,-8.70842764586869,"[-10,-5)","[-5,-3)","[-10,-5)"
60190034013000,54,2,-4.129403508827091,"[-5,-3)",54,2,-8.23199093303802,"[-10,-5)","[-5,-3)","[-10,-5)"
60190034013001,76,2,-4.1388183876872064,"[-5,-3)",76,2,-8.293692095691217,"[-10,-5)","[-5,-3)","[-10,-5)"
60190034013002,47,2,-4.167423961311579,"[-5,-3)",47,2,-8.353865322640566,"[-10,-5)","[-5,-3)","[-10,-5)"
60190034013003,165,12,-4.040069106593728,"[-5,-3)",165,12,-8.244414109838138,"[-10,-5)","[-5,-3)","[-10,-5)"
60190034013004,0,1,-4.102272199094296,"[-5,-3)",0,1,-8.322280883368085,"[-10,-5)","[-5,-3)","[-10,-5)"
60190034013005,53,2,-4.087735363841057,"[-5,-3)",53,2,-8.263179114584737,"[-10,-5)","[-5,-3)","[-10,-5)"
60190034013006,489,2,-4.23945737220347,"[-5,-3)",489,2,-8.415623864548675,"[-10,-5)","[-5,-3)","[-10,-5)"
60190034013007,130,1,-4.262984421104193,"[-5,-3)",130,1,-8.475627794290457,"[-10,-5)","[-5,-3)","[-10,-5)"
60190034013008,150,1,-4.279659911245108,"[-5,-3)",150,1,-8.51111260261844,"[-10,-5)","[-5,-3)","[-10,-5)"
60190034013009,57,2,-4.094281197711826,"[-5,-3)",57,2,-8.222045858316426,"[-10,-5)","[-5,-3)","[-10,-5)"
60190034013010,56,2,-4.066467329487205,"[-5,-3)",56,2,-8.218416478415314,"[-10,-5)","[-5,-3)","[-10,-5)"
60190034013011,38,2,-4.043369771540165,"[-5,-3)",38,2,-8.221535410192274,"[-10,-5)","[-5,-3)","[-10,-5)"
60190034021000,79,4,-4.890237081795931,"[-5,-3)",79,4,-8.494122093938383,"[-10,-5)","[-5,-3)","[-10,-5)"
60190034021001,74,2,-4.861899762600661,"[-5,-3)",74,2,-8.595762910735413,"[-10,-5)","[-5,-3)","[-10,-5)"
60190034021002,55,2,-4.8024020656943325,"[-5,-3)",55,2,-8.385587244880261,"[-10,-5)","[-5,-3)","[-10,-5)"
60190034021003,0,4,-4.692353311926127,"[-5,-3)",0,4,-8.361189983369222,"[-10,-5)","[-5,-3)","[-10,-5)"
60190034021004,57,2,-4.799567368626595,"[-5,-3)",57,2,-8.585024184339428,"[-10,-5)","[-5,-3)","[-10,-5)"
60190034021005,56,2,-4.726817335188389,"[-5,-3)",56,2,-8.569759030086807,"[-10,-5)","[-5,-3)","[-10,-5)"
60190034021006,47,2,-4.655374509841204,"[-5,-3)",47,2,-8.550569362042708,"[-10,-5)","[-5,-3)","[-10,-5)"
60190034021007,50,2,-4.579701070860029,"[-5,-3)",50,2,-8.340701612585207,"[-10,-5)","[-5,-3)","[-10,-5)"
60190034021008,95,2,-4.506583429500461,"[-5,-3)",95,2,-8.328630664874655,"[-10,-5)","[-5,-3)","[-10,-5)"
60190034021009,62,2,-4.585111578181387,"[-5,-3)",62,2,-8.526874002209343,"[-10,-5)","[-5,-3)","[-10,-5)"
60190034021010,77,2,-4.512114864215255,"[-5,-3)",77,2,-8.500449150987563,"[-10,-5)","[-5,-3)","[-10,-5)"
60190034021011,74,2,-4.436847497150302,"[-5,-3)",74,2,-8.317090049188472,"[-10,-5)","[-5,-3)","[-10,-5)"
60190034021012,71,2,-4.376186512783169,"[-5,-3)",71,2,-8.306373763194161,"[-10,-5)","[-5,-3)","[-10,-5)"
60190034021013,68,2,-4.450473544746638,"[-5,-3)",68,2,-8.471360709303802,"[-10,-5)","[-5,-3)","[-10,-5)"
60190034022001,237,8,-5.040002536028624,"[-10,-5)",237,8,-9.076822062255196,"[-10,-5)","[-10,-5)","[-10,-5)"
60190034022002,64,2,-4.891673165559769,"[-5,-3)",64,2,-8.856127245073603,"[-10,-5)","[-5,-3)","[-10,-5)"
60190034022003,84,2,-4.951782312244177,"[-5,-3)",84,2,-8.866386485418632,"[-10,-5)","[-5,-3)","[-10,-5)"
60190034022004,45,6,-5.17249183729291,"[-10,-5)",45,6,-9.444417145852965,"[-10,-5)","[-10,-5)","[-10,-5)"
60190034022005,51,2,-5.039724062383176,"[-10,-5)",51,2,-9.305664733634451,"[-10,-5)","[-10,-5)","[-10,-5)"
60190034022007,41,4,-5.141450683772565,"[-10,-5)",41,4,-9.53815155581212,"[-10,-5)","[-10,-5)","[-10,-5)"
60190034022008,71,4,-4.843774279206992,"[-5,-3)",71,4,-9.279223123125345,"[-10,-5)","[-5,-3)","[-10,-5)"
60190034022010,58,4,-4.848300540447236,"[-5,-3)",58,4,-9.234365612346313,"[-10,-5)","[-5,-3)","[-10,-5)"
60190034022011,77,2,-4.953444921970368,"[-5,-3)",77,2,-9.25015484939752,"[-10,-5)","[-5,-3)","[-10,-5)"
60190034022012,55,2,-4.863816717267037,"[-5,-3)",55,2,-9.05128658948457,"[-10,-5)","[-5,-3)","[-10,-5)"
60190034022013,60,2,-4.941395898163319,"[-5,-3)",60,2,-9.09465365991445,"[-10,-5)","[-5,-3)","[-10,-5)"
60190034022014,65,2,-4.825109732151032,"[-5,-3)",65,2,-8.83484493855948,"[-10,-5)","[-5,-3)","[-10,-5)"
60190034022015,50,2,-4.7501861281692985,"[-5,-3)",50,2,-8.804397574323717,"[-10,-5)","[-5,-3)","[-10,-5)"
60190034022016,108,2,-4.67300592251122,"[-5,-3)",108,2,-8.765128575728646,"[-10,-5)","[-5,-3)","[-10,-5)"
60190034022017,63,2,-4.781791183725,"[-5,-3)",63,2,-8.99475410466503,"[-10,-5)","[-5,-3)","[-10,-5)"
60190034022018,69,2,-4.867374707758427,"[-5,-3)",69,2,-9.178995483522336,"[-10,-5)","[-5,-3)","[-10,-5)"
60190034022019,55,2,-4.771335506066681,"[-5,-3)",55,2,-9.094244619681406,"[-10,-5)","[-5,-3)","[-10,-5)"
60190034022020,55,8,-4.610638187080622,"[-5,-3)",55,8,-8.791387538411469,"[-10,-5)","[-5,-3)","[-10,-5)"
60190034022021,36,2,-4.675389270856977,"[-5,-3)",36,2,-9.002660511502906,"[-10,-5)","[-5,-3)","[-10,-5)"
60190034022022,70,2,-5.151758182793856,"[-10,-5)",70,2,-9.366186212893322,"[-10,-5)","[-10,-5)","[-10,-5)"
60190034022023,53,2,-5.10347011461854,"[-10,-5)",53,2,-9.344068782570066,"[-10,-5)","[-10,-5)","[-10,-5)"
60190035001000,92,2,-4.560715753957629,"[-5,-3)",92,2,-9.034851693787733,"[-10,-5)","[-5,-3)","[-10,-5)"
60190035001001,40,2,-4.530337714031338,"[-5,-3)",40,2,-9.048125049350004,"[-10,-5)","[-5,-3)","[-10,-5)"
60190035001002,17,3,-4.513433285057545,"[-5,-3)",17,3,-9.04388523371222,"[-10,-5)","[-5,-3)","[-10,-5)"
60190035001003,68,1,-4.528876791894436,"[-5,-3)",68,1,-9.043765362199478,"[-10,-5)","[-5,-3)","[-10,-5)"
60190035001004,28,2,-4.459842295199633,"[-5,-3)",28,2,-8.913975191920384,"[-10,-5)","[-5,-3)","[-10,-5)"
60190035001005,69,2,-4.464486219361424,"[-5,-3)",69,2,-8.904214469359376,"[-10,-5)","[-5,-3)","[-10,-5)"
60190035001006,74,2,-4.381845545768738,"[-5,-3)",74,2,-8.769758115810692,"[-10,-5)","[-5,-3)","[-10,-5)"
60190035001007,41,2,-4.383471820503473,"[-5,-3)",41,2,-8.776758668965806,"[-10,-5)","[-5,-3)","[-10,-5)"
60190035001008,33,1,-4.377674686163664,"[-5,-3)",33,1,-8.770420817799367,"[-10,-5)","[-5,-3)","[-10,-5)"
60190035001009,111,3,-4.453862350434065,"[-5,-3)",111,3,-8.905629066831986,"[-10,-5)","[-5,-3)","[-10,-5)"
60190035001010,53,1,-4.486549933254719,"[-5,-3)",53,1,-8.903206071562638,"[-10,-5)","[-5,-3)","[-10,-5)"
60190035001011,171,7,-4.371882377564908,"[-5,-3)",171,7,-8.619274770575343,"[-10,-5)","[-5,-3)","[-10,-5)"
60190035001012,94,1,-4.429550267010927,"[-5,-3)",94,1,-8.760141409498402,"[-10,-5)","[-5,-3)","[-10,-5)"
60190035001013,19,3,-4.327882122248411,"[-5,-3)",19,3,-8.625624552081915,"[-10,-5)","[-5,-3)","[-10,-5)"
60190035001014,104,2,-4.399640607833862,"[-5,-3)",104,2,-8.76258201622223,"[-10,-5)","[-5,-3)","[-10,-5)"
60190035001015,0,3,-4.1219754159450535,"[-5,-3)",0,3,-8.249972228060336,"[-10,-5)","[-5,-3)","[-10,-5)"
60190035001016,0,2,-4.213173121958971,"[-5,-3)",0,2,-8.437867131554734,"[-10,-5)","[-5,-3)","[-10,-5)"
60190035001017,0,6,-4.236574559658767,"[-5,-3)",0,6,-8.509292089525678,"[-10,-5)","[-5,-3)","[-10,-5)"
60190035001018,11,6,-4.216823653131724,"[-5,-3)",11,6,-8.505461030065218,"[-10,-5)","[-5,-3)","[-10,-5)"
60190035001019,0,4,-4.030087345093489,"[-5,-3)",0,4,-8.204323622108369,"[-10,-5)","[-5,-3)","[-10,-5)"
60190035001020,0,2,-4.097857781499624,"[-5,-3)",0,2,-8.265037975199348,"[-10,-5)","[-5,-3)","[-10,-5)"
60190035001021,0,2,-4.037917109951377,"[-5,-3)",0,2,-8.151890061290787,"[-10,-5)","[-5,-3)","[-10,-5)"
60190035002000,0,4,-5.132606519758701,"[-10,-5)",0,4,-9.667424460629844,"[-10,-5)","[-10,-5)","[-10,-5)"
60190035002001,26,2,-5.094139970093966,"[-10,-5)",26,2,-9.749014920559077,"[-10,-5)","[-10,-5)","[-10,-5)"
60190035002002,55,2,-5.154811741411686,"[-10,-5)",55,2,-9.801209590518331,"[-10,-5)","[-10,-5)","[-10,-5)"
60190035002003,49,2,-5.252920760214329,"[-10,-5)",49,2,-9.846189245255845,"[-10,-5)","[-10,-5)","[-10,-5)"
60190035002004,27,2,-5.372653356939555,"[-10,-5)",27,2,-9.863367798820814,"[-10,-5)","[-10,-5)","[-10,-5)"
60190035002005,0,4,-5.235193258523941,"[-10,-5)",0,4,-9.71901125135388,"[-10,-5)","[-10,-5)","[-10,-5)"
60190035002006,0,2,-5.436533110588789,"[-10,-5)",0,2,-9.838640748621884,"[-10,-5)","[-10,-5)","[-10,-5)"
60190035002007,33,2,-5.016787315160036,"[-10,-5)",33,2,-9.700389694744564,"[-10,-5)","[-10,-5)","[-10,-5)"
60190035002008,35,2,-5.051447206735611,"[-10,-5)",35,2,-9.6650162362578,"[-10,-5)","[-10,-5)","[-10,-5)"
60190035002009,66,2,-5.124681233614684,"[-10,-5)",66,2,-9.614478747353807,"[-10,-5)","[-10,-5)","[-10,-5)"
60190035002011,25,2,-5.101353317499161,"[-10,-5)",25,2,-9.696855473508778,"[-10,-5)","[-10,-5)","[-10,-5)"
60190035002012,45,2,-5.245862404257059,"[-10,-5)",45,2,-9.78050420116623,"[-10,-5)","[-10,-5)","[-10,-5)"
60190035002013,61,2,-5.136805482208729,"[-10,-5)",61,2,-9.767930758891612,"[-10,-5)","[-10,-5)","[-10,-5)"
60190035002014,61,2,-5.050951007008553,"[-10,-5)",61,2,-9.73598414857946,"[-10,-5)","[-10,-5)","[-10,-5)"
60190035002015,71,2,-4.938501589000225,"[-5,-3)",71,2,-9.66515031055641,"[-10,-5)","[-5,-3)","[-10,-5)"
60190035002016,48,1,-4.922244518995285,"[-5,-3)",48,1,-9.649985143916313,"[-10,-5)","[-5,-3)","[-10,-5)"
60190035002017,0,1,-4.937110640108585,"[-5,-3)",0,1,-9.637919593264389,"[-10,-5)","[-5,-3)","[-10,-5)"
60190035002018,40,2,-4.990577863901853,"[-5,-3)",40,2,-9.619404841604808,"[-10,-5)","[-5,-3)","[-10,-5)"
60190035002019,50,2,-5.069342757761478,"[-10,-5)",50,2,-9.579613180489735,"[-10,-5)","[-10,-5)","[-10,-5)"
60190035002021,85,2,-5.002262402325869,"[-10,-5)",85,2,-9.687300407287164,"[-10,-5)","[-10,-5)","[-10,-5)"
60190035002022,77,2,-4.892125649750232,"[-5,-3)",77,2,-9.604958904041148,"[-10,-5)","[-5,-3)","[-10,-5)"
60190035002023,68,2,-4.836361657083034,"[-5,-3)",68,2,-9.591039605777528,"[-10,-5)","[-5,-3)","[-10,-5)"
60190035002024,50,1,-4.837358598411083,"[-5,-3)",50,1,-9.579404115481736,"[-10,-5)","[-5,-3)","[-10,-5)"
60190035002025,0,1,-4.865121938288212,"[-5,-3)",0,1,-9.571610762819384,"[-10,-5)","[-5,-3)","[-10,-5)"
60190035002026,63,2,-4.917867004126311,"[-5,-3)",63,2,-9.55897028339546,"[-10,-5)","[-5,-3)","[-10,-5)"
60190035002027,63,2,-5.005635879188777,"[-10,-5)",63,2,-9.526406135953698,"[-10,-5)","[-10,-5)","[-10,-5)"
60190035002029,53,2,-4.974187376350165,"[-5,-3)",53,2,-9.614780982637113,"[-10,-5)","[-5,-3)","[-10,-5)"
60190035003000,84,28,-4.299377747252584,"[-5,-3)",84,28,-8.363240581593072,"[-10,-5)","[-5,-3)","[-10,-5)"
60190035003001,45,2,-4.630090039595961,"[-5,-3)",45,2,-9.070458646074194,"[-10,-5)","[-5,-3)","[-10,-5)"
60190035003002,59,2,-4.49550409577787,"[-5,-3)",59,2,-8.668694216175684,"[-10,-5)","[-5,-3)","[-10,-5)"
60190035003003,60,2,-4.543404969200492,"[-5,-3)",60,2,-8.801183483881433,"[-10,-5)","[-5,-3)","[-10,-5)"
60190035003004,59,2,-4.5893018826842304,"[-5,-3)",59,2,-8.936390028579748,"[-10,-5)","[-5,-3)","[-10,-5)"
60190035003005,29,1,-4.517613228410482,"[-5,-3)",29,1,-8.597352486529937,"[-10,-5)","[-5,-3)","[-10,-5)"
60190035003006,46,1,-4.567731104046106,"[-5,-3)",46,1,-8.71269217435389,"[-10,-5)","[-5,-3)","[-10,-5)"
60190035003007,41,1,-4.612514264881611,"[-5,-3)",41,1,-8.835629784506631,"[-10,-5)","[-5,-3)","[-10,-5)"
60190035003008,25,1,-4.653279854357243,"[-5,-3)",25,1,-8.962096502892246,"[-10,-5)","[-5,-3)","[-10,-5)"
60190035003009,47,1,-4.694013366848231,"[-5,-3)",47,1,-9.088436532427902,"[-10,-5)","[-5,-3)","[-10,-5)"
60190035003010,60,3,-4.7902389273047445,"[-5,-3)",60,3,-9.114485009824138,"[-10,-5)","[-5,-3)","[-10,-5)"
60190035003011,86,3,-4.753666622936726,"[-5,-3)",86,3,-9.003193115973014,"[-10,-5)","[-5,-3)","[-10,-5)"
60190035003012,63,3,-4.71803931221366,"[-5,-3)",63,3,-8.893546472837022,"[-10,-5)","[-5,-3)","[-10,-5)"
60190035003013,84,3,-4.68426792472601,"[-5,-3)",84,3,-8.789220761399207,"[-10,-5)","[-5,-3)","[-10,-5)"
60190035003014,56,3,-4.642799196392298,"[-5,-3)",56,3,-8.693562726121876,"[-10,-5)","[-5,-3)","[-10,-5)"
60190035003015,67,3,-4.59276761636138,"[-5,-3)",67,3,-8.608161942799553,"[-10,-5)","[-5,-3)","[-10,-5)"
60190035003016,33,1,-4.473802312463522,"[-5,-3)",33,1,-8.492354699264775,"[-10,-5)","[-5,-3)","[-10,-5)"
60190035003017,27,1,-4.406275717914105,"[-5,-3)",27,1,-8.399085572570707,"[-10,-5)","[-5,-3)","[-10,-5)"
60190035003018,53,3,-4.537478533387184,"[-5,-3)",53,3,-8.533834787564022,"[-10,-5)","[-5,-3)","[-10,-5)"
60190035003019,25,3,-4.479767780005932,"[-5,-3)",25,3,-8.47128571859441,"[-10,-5)","[-5,-3)","[-10,-5)"
60190035003020,27,1,-4.338871186226607,"[-5,-3)",27,1,-8.318297285987386,"[-10,-5)","[-5,-3)","[-10,-5)"
60190035003022,29,1,-4.275564560294152,"[-5,-3)",29,1,-8.25751845224856,"[-10,-5)","[-5,-3)","[-10,-5)"
60190035004000,149,7,-5.297952304780483,"[-10,-5)",149,7,-9.688805334477903,"[-10,-5)","[-10,-5)","[-10,-5)"
60190035004001,76,3,-5.104287368059159,"[-10,-5)",76,3,-9.580785762491129,"[-10,-5)","[-10,-5)","[-10,-5)"
60190035004003,36,1,-4.941199462115764,"[-5,-3)",36,1,-9.521789662434651,"[-10,-5)","[-5,-3)","[-10,-5)"
60190035004004,84,3,-5.009958891570569,"[-10,-5)",84,3,-9.50389074357038,"[-10,-5)","[-10,-5)","[-10,-5)"
60190035004005,86,3,-4.937202045321465,"[-5,-3)",86,3,-9.419467680027315,"[-10,-5)","[-5,-3)","[-10,-5)"
60190035004006,51,1,-4.860007788240909,"[-5,-3)",51,1,-9.427462712249016,"[-10,-5)","[-5,-3)","[-10,-5)"
60190035004007,182,4,-4.72270963601768,"[-5,-3)",182,4,-9.26161848598429,"[-10,-5)","[-5,-3)","[-10,-5)"
60190035004008,54,1,-4.793726518750191,"[-5,-3)",54,1,-9.323754537940813,"[-10,-5)","[-5,-3)","[-10,-5)"
60190035004009,91,3,-4.879649122059345,"[-5,-3)",91,3,-9.32550261682564,"[-10,-5)","[-5,-3)","[-10,-5)"
60190035004010,64,3,-4.83293197453022,"[-5,-3)",64,3,-9.223327775279913,"[-10,-5)","[-5,-3)","[-10,-5)"
60190035004011,75,1,-4.737420623749495,"[-5,-3)",75,1,-9.210169746338904,"[-10,-5)","[-5,-3)","[-10,-5)"
60190035005000,41,2,-4.927223832160235,"[-5,-3)",41,2,-9.455875101325386,"[-10,-5)","[-5,-3)","[-10,-5)"
60190035005001,67,2,-4.847620110958815,"[-5,-3)",67,2,-9.483471398325689,"[-10,-5)","[-5,-3)","[-10,-5)"
60190035005002,0,2,-4.747485416382551,"[-5,-3)",0,2,-9.44721963956075,"[-10,-5)","[-5,-3)","[-10,-5)"
60190035005003,0,2,-4.724230879917741,"[-5,-3)",0,2,-9.45047548619349,"[-10,-5)","[-5,-3)","[-10,-5)"
60190035005004,89,2,-4.753169287741184,"[-5,-3)",89,2,-9.504690360414834,"[-10,-5)","[-5,-3)","[-10,-5)"
60190035005005,122,2,-4.790248011052609,"[-5,-3)",122,2,-9.516394876249953,"[-10,-5)","[-5,-3)","[-10,-5)"
60190035005006,209,6,-4.738258173689246,"[-5,-3)",209,6,-9.369759633818106,"[-10,-5)","[-5,-3)","[-10,-5)"
60190035005007,76,2,-4.716521332785487,"[-5,-3)",76,2,-9.417073374385424,"[-10,-5)","[-5,-3)","[-10,-5)"
60190035005008,67,2,-4.655706634372473,"[-5,-3)",67,2,-9.306663757592515,"[-10,-5)","[-5,-3)","[-10,-5)"
60190035005009,86,2,-4.572376447543502,"[-5,-3)",86,2,-9.176202079597507,"[-10,-5)","[-5,-3)","[-10,-5)"
60190035005010,102,2,-4.624929335340857,"[-5,-3)",102,2,-9.298239517181836,"[-10,-5)","[-5,-3)","[-10,-5)"
60190035005011,122,2,-4.68451630845666,"[-5,-3)",122,2,-9.407601252433286,"[-10,-5)","[-5,-3)","[-10,-5)"
60190035005012,76,2,-4.842964406311513,"[-5,-3)",76,2,-9.369899105175346,"[-10,-5)","[-5,-3)","[-10,-5)"
60190035005013,45,2,-4.76909210421145,"[-5,-3)",45,2,-9.393900677072056,"[-10,-5)","[-5,-3)","[-10,-5)"
60190035005014,32,2,-4.691996632888913,"[-5,-3)",32,2,-9.291182152883245,"[-10,-5)","[-5,-3)","[-10,-5)"
60190035005015,0,2,-4.636253220587969,"[-5,-3)",0,2,-9.295820782748248,"[-10,-5)","[-5,-3)","[-10,-5)"
60190035005016,0,2,-4.575778169184924,"[-5,-3)",0,2,-9.1756498752829,"[-10,-5)","[-5,-3)","[-10,-5)"
60190035005017,49,2,-4.613014296814799,"[-5,-3)",49,2,-9.1756172088754,"[-10,-5)","[-5,-3)","[-10,-5)"
60190035005018,65,2,-4.664527947083116,"[-5,-3)",65,2,-9.158642039204082,"[-10,-5)","[-5,-3)","[-10,-5)"
60190035005019,57,2,-4.758390029892325,"[-5,-3)",57,2,-9.269203909861512,"[-10,-5)","[-5,-3)","[-10,-5)"
60190036001000,27,2,-5.327479027211666,"[-10,-5)",27,2,-9.680038238816332,"[-10,-5)","[-10,-5)","[-10,-5)"
60190036001001,34,2,-5.183014791458845,"[-10,-5)",34,2,-9.574015010411385,"[-10,-5)","[-10,-5)","[-10,-5)"
60190036001002,51,2,-5.1188872218132015,"[-10,-5)",51,2,-9.534708800517334,"[-10,-5)","[-10,-5)","[-10,-5)"
60190036001003,37,2,-5.237499678879977,"[-10,-5)",37,2,-9.62674540945364,"[-10,-5)","[-10,-5)","[-10,-5)"
60190036001004,47,2,-5.163732549548149,"[-10,-5)",47,2,-9.57526996857082,"[-10,-5)","[-10,-5)","[-10,-5)"
60190036001005,62,2,-5.058559497445822,"[-10,-5)",62,2,-9.498016755390438,"[-10,-5)","[-10,-5)","[-10,-5)"
60190036001006,29,2,-5.006308644264937,"[-10,-5)",29,2,-9.460271147607738,"[-10,-5)","[-10,-5)","[-10,-5)"
60190036001007,65,2,-5.082916715741158,"[-10,-5)",65,2,-9.522004976668434,"[-10,-5)","[-10,-5)","[-10,-5)"
60190036001008,50,2,-5.022929348051548,"[-10,-5)",50,2,-9.463702824729545,"[-10,-5)","[-10,-5)","[-10,-5)"
60190036001009,55,2,-4.969206927716732,"[-5,-3)",55,2,-9.418371224958186,"[-10,-5)","[-5,-3)","[-10,-5)"
60190036001010,37,2,-4.941923039406538,"[-5,-3)",37,2,-9.369710492178998,"[-10,-5)","[-5,-3)","[-10,-5)"
60190036001011,43,2,-4.974451940506697,"[-5,-3)",43,2,-9.397892796124278,"[-10,-5)","[-5,-3)","[-10,-5)"
60190036001012,33,2,-4.936977506428957,"[-5,-3)",33,2,-9.323597455129097,"[-10,-5)","[-5,-3)","[-10,-5)"
60190036001013,52,2,-4.92279664054513,"[-5,-3)",52,2,-9.31365039201748,"[-10,-5)","[-5,-3)","[-10,-5)"
60190036001014,47,2,-4.908190257847309,"[-5,-3)",47,2,-9.251443610187325,"[-10,-5)","[-5,-3)","[-10,-5)"
60190036001015,44,2,-4.907648355513811,"[-5,-3)",44,2,-9.241617838867036,"[-10,-5)","[-5,-3)","[-10,-5)"
60190036001016,41,2,-4.88120613321662,"[-5,-3)",41,2,-9.155010102801516,"[-10,-5)","[-5,-3)","[-10,-5)"
60190036001017,65,2,-4.89756255671382,"[-5,-3)",65,2,-9.185794357118104,"[-10,-5)","[-5,-3)","[-10,-5)"
60190036002000,32,2,-4.857976435124875,"[-5,-3)",32,2,-9.0678618087058,"[-10,-5)","[-5,-3)","[-10,-5)"
60190036002001,73,2,-4.889922557026148,"[-5,-3)",73,2,-9.120511819980036,"[-10,-5)","[-5,-3)","[-10,-5)"
60190036002002,63,2,-4.88494012132287,"[-5,-3)",63,2,-9.052973028278725,"[-10,-5)","[-5,-3)","[-10,-5)"
60190036002003,111,4,-4.859276546537876,"[-5,-3)",111,4,-8.992063528909897,"[-10,-5)","[-5,-3)","[-10,-5)"
60190036002004,53,2,-4.800882808864117,"[-5,-3)",53,2,-8.923349882761457,"[-10,-5)","[-5,-3)","[-10,-5)"
60190036002005,0,16,-4.774276795238256,"[-5,-3)",0,16,-8.846484973746747,"[-10,-5)","[-5,-3)","[-10,-5)"
60190036002006,54,2,-4.9017717383801935,"[-5,-3)",54,2,-9.055347165964683,"[-10,-5)","[-5,-3)","[-10,-5)"
60190036002007,54,3,-4.95997329801321,"[-5,-3)",54,3,-9.187621403492363,"[-10,-5)","[-5,-3)","[-10,-5)"
60190036002008,39,3,-5.001168094575405,"[-10,-5)",39,3,-9.276777403398604,"[-10,-5)","[-10,-5)","[-10,-5)"
60190036002010,32,3,-5.034821677207947,"[-10,-5)",32,3,-9.368668859863323,"[-10,-5)","[-10,-5)","[-10,-5)"
60190036002011,39,2,-5.098912627995015,"[-10,-5)",39,2,-9.493292056643066,"[-10,-5)","[-10,-5)","[-10,-5)"
60190036002012,48,2,-5.144564706087113,"[-10,-5)",48,2,-9.598901699923491,"[-10,-5)","[-10,-5)","[-10,-5)"
60190036002013,31,2,-5.185586059838534,"[-10,-5)",31,2,-9.70590889733348,"[-10,-5)","[-10,-5)","[-10,-5)"
60190036002014,32,3,-4.908144271373749,"[-5,-3)",32,3,-9.10006463727504,"[-10,-5)","[-5,-3)","[-10,-5)"
60190036003000,60,2,-4.878465963900089,"[-5,-3)",60,2,-9.124185796628776,"[-10,-5)","[-5,-3)","[-10,-5)"
60190036003001,33,2,-4.861418607831002,"[-5,-3)",33,2,-9.159813484982609,"[-10,-5)","[-5,-3)","[-10,-5)"
60190036003002,46,1,-4.851101741194725,"[-5,-3)",46,1,-9.193242298028109,"[-10,-5)","[-5,-3)","[-10,-5)"
60190036003004,23,2,-4.862539315223694,"[-5,-3)",23,2,-9.245013440912732,"[-10,-5)","[-5,-3)","[-10,-5)"
60190036003005,59,2,-4.855925495177507,"[-5,-3)",59,2,-9.294747336192223,"[-10,-5)","[-5,-3)","[-10,-5)"
60190036003006,41,2,-4.852334576100112,"[-5,-3)",41,2,-9.348789220481676,"[-10,-5)","[-5,-3)","[-10,-5)"
60190036003007,57,2,-4.864014572650195,"[-5,-3)",57,2,-9.407153864678396,"[-10,-5)","[-5,-3)","[-10,-5)"
60190036003008,38,2,-5.028136038780213,"[-10,-5)",38,2,-9.548408807767128,"[-10,-5)","[-10,-5)","[-10,-5)"
60190036003009,57,2,-5.009675876051188,"[-10,-5)",57,2,-9.465396080860916,"[-10,-5)","[-10,-5)","[-10,-5)"
60190036003010,52,2,-4.9884968340396885,"[-5,-3)",52,2,-9.385365938987311,"[-10,-5)","[-5,-3)","[-10,-5)"
60190036003011,34,1,-4.953564713895321,"[-5,-3)",34,1,-9.29027232242044,"[-10,-5)","[-5,-3)","[-10,-5)"
60190036003013,40,2,-4.920021271705627,"[-5,-3)",40,2,-9.214299064302622,"[-10,-5)","[-5,-3)","[-10,-5)"
60190036003014,31,2,-4.916679587960243,"[-5,-3)",31,2,-9.1560682103488,"[-10,-5)","[-5,-3)","[-10,-5)"
60190036003015,30,2,-4.898905815929174,"[-5,-3)",30,2,-9.073855952454196,"[-10,-5)","[-5,-3)","[-10,-5)"
60190036003016,31,2,-4.8888194493949415,"[-5,-3)",31,2,-9.094914423063017,"[-10,-5)","[-5,-3)","[-10,-5)"
60190036003017,53,2,-4.904032739996911,"[-5,-3)",53,2,-9.06090982907836,"[-10,-5)","[-5,-3)","[-10,-5)"
60190036004000,58,2,-4.876578815281391,"[-5,-3)",58,2,-9.3600511775091,"[-10,-5)","[-5,-3)","[-10,-5)"
60190036004001,38,2,-4.7894103191792965,"[-5,-3)",38,2,-9.301431451278166,"[-10,-5)","[-5,-3)","[-10,-5)"
60190036004002,46,2,-4.737895249575376,"[-5,-3)",46,2,-9.275007736279257,"[-10,-5)","[-5,-3)","[-10,-5)"
60190036004004,24,2,-4.691990813612938,"[-5,-3)",24,2,-9.253132321427216,"[-10,-5)","[-5,-3)","[-10,-5)"
60190036004005,47,2,-4.662548683583736,"[-5,-3)",47,2,-9.23726383283086,"[-10,-5)","[-5,-3)","[-10,-5)"
60190036004006,50,2,-4.649386332929135,"[-5,-3)",50,2,-9.227897095549874,"[-10,-5)","[-5,-3)","[-10,-5)"
60190036004007,43,2,-4.652323789894581,"[-5,-3)",43,2,-9.22562578603361,"[-10,-5)","[-5,-3)","[-10,-5)"
60190036004008,38,3,-4.647149176150561,"[-5,-3)",38,3,-9.231569935975743,"[-10,-5)","[-5,-3)","[-10,-5)"
60190036004009,49,3,-4.648658213764429,"[-5,-3)",49,3,-9.219309523101693,"[-10,-5)","[-5,-3)","[-10,-5)"
60190036004010,55,3,-4.664322569221258,"[-5,-3)",55,3,-9.215544648623386,"[-10,-5)","[-5,-3)","[-10,-5)"
60190036004011,36,2,-4.692372614890337,"[-5,-3)",36,2,-9.22261280703924,"[-10,-5)","[-5,-3)","[-10,-5)"
60190036004013,70,2,-4.738064008578658,"[-5,-3)",70,2,-9.232855004041223,"[-10,-5)","[-5,-3)","[-10,-5)"
60190036004014,19,1,-4.7860059008002285,"[-5,-3)",19,1,-9.2610486702152,"[-10,-5)","[-5,-3)","[-10,-5)"
60190036004015,32,2,-4.862421794235706,"[-5,-3)",32,2,-9.326486869886402,"[-10,-5)","[-5,-3)","[-10,-5)"
60190036004016,52,2,-4.859476388990879,"[-5,-3)",52,2,-9.28755646570646,"[-10,-5)","[-5,-3)","[-10,-5)"
60190036004017,53,2,-4.859209837764501,"[-5,-3)",53,2,-9.24488533178419,"[-10,-5)","[-5,-3)","[-10,-5)"
60190036004018,30,1,-4.796567460894585,"[-5,-3)",30,1,-9.231776160426572,"[-10,-5)","[-5,-3)","[-10,-5)"
60190036004019,0,9,-4.82426835000515,"[-5,-3)",0,9,-9.1929122252845,"[-10,-5)","[-5,-3)","[-10,-5)"
60190036004020,12,3,-4.717555602639914,"[-5,-3)",12,3,-9.207800153544424,"[-10,-5)","[-5,-3)","[-10,-5)"
60190036004021,29,2,-4.725981204584241,"[-5,-3)",29,2,-9.264536874424769,"[-10,-5)","[-5,-3)","[-10,-5)"
60190036004022,106,2,-4.727442694455386,"[-5,-3)",106,2,-9.300537243879816,"[-10,-5)","[-5,-3)","[-10,-5)"
60190036004024,41,2,-4.7753811802715065,"[-5,-3)",41,2,-9.230217262649528,"[-10,-5)","[-5,-3)","[-10,-5)"
60190036005000,43,2,-5.029752662032843,"[-10,-5)",43,2,-9.466649618741762,"[-10,-5)","[-10,-5)","[-10,-5)"
60190036005001,59,4,-4.875325825810433,"[-5,-3)",59,4,-9.361116954560751,"[-10,-5)","[-5,-3)","[-10,-5)"
60190036005002,31,2,-4.807321199029684,"[-5,-3)",31,2,-9.30620188299604,"[-10,-5)","[-5,-3)","[-10,-5)"
60190036005004,39,2,-4.780267243087292,"[-5,-3)",39,2,-9.276977378623648,"[-10,-5)","[-5,-3)","[-10,-5)"
60190036005005,107,2,-4.76524371765554,"[-5,-3)",107,2,-9.25269515967815,"[-10,-5)","[-5,-3)","[-10,-5)"
60190036005006,48,2,-4.761279513314367,"[-5,-3)",48,2,-9.232141740134852,"[-10,-5)","[-5,-3)","[-10,-5)"
60190036005007,63,2,-4.696017042919994,"[-5,-3)",63,2,-9.231579593870135,"[-10,-5)","[-5,-3)","[-10,-5)"
60190036005008,50,2,-4.694731266796589,"[-5,-3)",50,2,-9.242325705714777,"[-10,-5)","[-5,-3)","[-10,-5)"
60190036005009,33,2,-4.704314904659987,"[-5,-3)",33,2,-9.25873816100994,"[-10,-5)","[-5,-3)","[-10,-5)"
60190036005010,29,2,-4.733419800549745,"[-5,-3)",29,2,-9.28098341640602,"[-10,-5)","[-5,-3)","[-10,-5)"
60190036005012,43,2,-4.776747858524322,"[-5,-3)",43,2,-9.309467103467451,"[-10,-5)","[-5,-3)","[-10,-5)"
60190036005013,35,2,-4.826061822474003,"[-5,-3)",35,2,-9.34365349311124,"[-10,-5)","[-5,-3)","[-10,-5)"
60190036005014,50,2,-4.932672093808652,"[-5,-3)",50,2,-9.413708450357202,"[-10,-5)","[-5,-3)","[-10,-5)"
60190036005015,38,2,-4.977534453570843,"[-5,-3)",38,2,-9.438587754420656,"[-10,-5)","[-5,-3)","[-10,-5)"
60190036005016,45,2,-4.8985705688595775,"[-5,-3)",45,2,-9.388453056523923,"[-10,-5)","[-5,-3)","[-10,-5)"
60190037011000,67,3,-4.925799670815468,"[-5,-3)",67,3,-9.617718686866372,"[-10,-5)","[-5,-3)","[-10,-5)"
60190037011001,545,9,-5.162492617964745,"[-10,-5)",545,9,-9.862783780265854,"[-10,-5)","[-10,-5)","[-10,-5)"
60190037011002,68,2,-5.0676245100796224,"[-10,-5)",68,2,-9.79421443442185,"[-10,-5)","[-10,-5)","[-10,-5)"
60190037011003,86,2,-5.217568800598383,"[-10,-5)",86,2,-10.072545860996485,<-10,"[-10,-5)",<-10
60190037011004,43,2,-5.148908156901598,"[-10,-5)",43,2,-9.921299258048506,"[-10,-5)","[-10,-5)","[-10,-5)"
60190037011005,1,6,-5.356742604821921,"[-10,-5)",1,6,-10.045822467215729,<-10,"[-10,-5)",<-10
60190037011006,0,5,-5.420879258215428,"[-10,-5)",0,5,-10.596246320588214,<-10,"[-10,-5)",<-10
60190037011007,83,2,-5.286030169576407,"[-10,-5)",83,2,-10.247099235556435,<-10,"[-10,-5)",<-10
60190037011008,51,2,-5.192389219254256,"[-10,-5)",51,2,-10.157214348679377,<-10,"[-10,-5)",<-10
60190037011009,46,2,-5.117046627402305,"[-10,-5)",46,2,-9.99405388083256,"[-10,-5)","[-10,-5)","[-10,-5)"
60190037011010,75,2,-5.047101201117039,"[-10,-5)",75,2,-9.843404931113971,"[-10,-5)","[-10,-5)","[-10,-5)"
60190037011011,34,1,-5.003570745885372,"[-10,-5)",34,1,-9.729612778838368,"[-10,-5)","[-10,-5)","[-10,-5)"
60190037011012,58,2,-5.386013279110194,"[-10,-5)",58,2,-10.475797038519822,<-10,"[-10,-5)",<-10
60190037011013,156,4,-5.315314753353596,"[-10,-5)",156,4,-10.382442695110536,<-10,"[-10,-5)",<-10
60190037011014,65,2,-5.411491772532463,"[-10,-5)",65,2,-10.41985965042822,<-10,"[-10,-5)",<-10
60190037011015,169,2,-5.31410860195756,"[-10,-5)",169,2,-10.281694949488989,<-10,"[-10,-5)",<-10
60190037011016,91,1,-5.2981879144907,"[-10,-5)",91,1,-10.148799482107368,<-10,"[-10,-5)",<-10
60190037011017,30,2,-5.324493596702814,"[-10,-5)",30,2,-10.11978375868726,<-10,"[-10,-5)",<-10
60190037011018,49,2,-5.299507045000792,"[-10,-5)",49,2,-10.02217653307719,<-10,"[-10,-5)",<-10
60190037011019,86,4,-5.2429604306817055,"[-10,-5)",86,4,-9.8640421470939,"[-10,-5)","[-10,-5)","[-10,-5)"
60190037011021,21,1,-5.385144929587841,"[-10,-5)",21,1,-10.277551712795113,<-10,"[-10,-5)",<-10
60190037012000,54,2,-4.72750188075006,"[-5,-3)",54,2,-9.337645146576977,"[-10,-5)","[-5,-3)","[-10,-5)"
60190037012001,75,2,-4.79188393726945,"[-5,-3)",75,2,-9.42338963731734,"[-10,-5)","[-5,-3)","[-10,-5)"
60190037012002,62,2,-4.853075185418129,"[-5,-3)",62,2,-9.501692436373483,"[-10,-5)","[-5,-3)","[-10,-5)"
60190037012003,82,2,-4.890241055935622,"[-5,-3)",82,2,-9.558632257091766,"[-10,-5)","[-5,-3)","[-10,-5)"
60190037012004,57,2,-4.944189718365669,"[-5,-3)",57,2,-9.664239059815015,"[-10,-5)","[-5,-3)","[-10,-5)"
60190037012005,52,2,-4.906106673181057,"[-5,-3)",52,2,-9.592804728005396,"[-10,-5)","[-5,-3)","[-10,-5)"
60190037012006,61,2,-4.84820686429739,"[-5,-3)",61,2,-9.498253373803028,"[-10,-5)","[-5,-3)","[-10,-5)"
60190037012007,66,2,-4.778514363616705,"[-5,-3)",66,2,-9.394473901509755,"[-10,-5)","[-5,-3)","[-10,-5)"
60190037012008,120,4,-4.880897569656373,"[-5,-3)",120,4,-9.52476372579574,"[-10,-5)","[-5,-3)","[-10,-5)"
60190037012009,70,2,-4.971875562518836,"[-5,-3)",70,2,-9.695207950347909,"[-10,-5)","[-5,-3)","[-10,-5)"
60190037012010,62,2,-5.000067541748286,"[-10,-5)",62,2,-9.773484616278052,"[-10,-5)","[-10,-5)","[-10,-5)"
60190037012011,72,2,-5.071259712427855,"[-10,-5)",72,2,-9.91135219493689,"[-10,-5)","[-10,-5)","[-10,-5)"
60190037012012,78,2,-5.046528925001621,"[-10,-5)",78,2,-9.80647711974164,"[-10,-5)","[-10,-5)","[-10,-5)"
60190037012013,317,4,-4.967171884328128,"[-5,-3)",317,4,-9.614339560052285,"[-10,-5)","[-5,-3)","[-10,-5)"
60190037012014,151,4,-5.061719790101051,"[-10,-5)",151,4,-9.712068929620834,"[-10,-5)","[-10,-5)","[-10,-5)"
60190037012015,0,4,-5.169576521962881,"[-10,-5)",0,4,-9.995609938052429,"[-10,-5)","[-10,-5)","[-10,-5)"
60190037012016,81,2,-5.149429336935282,"[-10,-5)",81,2,-10.060203071964391,<-10,"[-10,-5)",<-10
60190037012017,78,2,-5.236095104366541,"[-10,-5)",78,2,-10.213393752242196,<-10,"[-10,-5)",<-10
60190037012018,189,4,-5.152368213236332,"[-10,-5)",189,4,-9.814342622556213,"[-10,-5)","[-10,-5)","[-10,-5)"
60190037021000,0,4,-4.727188207581639,"[-5,-3)",0,4,-9.242984714979125,"[-10,-5)","[-5,-3)","[-10,-5)"
60190037021001,402,14,-4.77548919171095,"[-5,-3)",402,14,-9.390960700397056,"[-10,-5)","[-5,-3)","[-10,-5)"
60190037021002,72,2,-5.002810833603144,"[-10,-5)",72,2,-9.66065257232723,"[-10,-5)","[-10,-5)","[-10,-5)"
60190037021003,323,6,-5.136923570930958,"[-10,-5)",323,6,-9.78215626921858,"[-10,-5)","[-10,-5)","[-10,-5)"
60190037021004,192,2,-4.722820769995451,"[-5,-3)",192,2,-9.284942016883589,"[-10,-5)","[-5,-3)","[-10,-5)"
60190037021005,68,2,-4.7228673242032535,"[-5,-3)",68,2,-9.30237849303995,"[-10,-5)","[-5,-3)","[-10,-5)"
60190037021006,33,2,-4.728777579590679,"[-5,-3)",33,2,-9.316784662803176,"[-10,-5)","[-5,-3)","[-10,-5)"
60190037021007,74,2,-4.7394028678536415,"[-5,-3)",74,2,-9.335409628081102,"[-10,-5)","[-5,-3)","[-10,-5)"
60190037021008,68,2,-4.765558668226004,"[-5,-3)",68,2,-9.38360138487088,"[-10,-5)","[-5,-3)","[-10,-5)"
60190037021009,60,2,-4.780402363836766,"[-5,-3)",60,2,-9.405888112401698,"[-10,-5)","[-5,-3)","[-10,-5)"
60190037021010,113,2,-4.965061048418283,"[-5,-3)",113,2,-9.581601570511475,"[-10,-5)","[-5,-3)","[-10,-5)"
60190037021011,173,5,-5.239333176612854,"[-10,-5)",173,5,-9.839148072133144,"[-10,-5)","[-10,-5)","[-10,-5)"
60190037021012,83,2,-5.10220889300108,"[-10,-5)",83,2,-9.69673560199604,"[-10,-5)","[-10,-5)","[-10,-5)"
60190037021013,67,2,-5.100567005574703,"[-10,-5)",67,2,-9.718756737431098,"[-10,-5)","[-10,-5)","[-10,-5)"
60190037021014,106,5,-4.822545276582241,"[-5,-3)",106,5,-9.448998680518772,"[-10,-5)","[-5,-3)","[-10,-5)"
60190037021015,159,4,-5.017905467748642,"[-10,-5)",159,4,-9.615808128111198,"[-10,-5)","[-10,-5)","[-10,-5)"
60190037022001,160,3,-5.392758245766163,"[-10,-5)",160,3,-9.958643495102534,"[-10,-5)","[-10,-5)","[-10,-5)"
60190037022002,312,4,-5.435217670351268,"[-10,-5)",312,4,-9.961621535243667,"[-10,-5)","[-10,-5)","[-10,-5)"
60190037022003,93,3,-5.39748463332653,"[-10,-5)",93,3,-9.971076045741324,"[-10,-5)","[-10,-5)","[-10,-5)"
60190037022005,384,3,-5.328587244451046,"[-10,-5)",384,3,-9.929058524024772,"[-10,-5)","[-10,-5)","[-10,-5)"
60190037022006,126,5,-5.169869188964367,"[-10,-5)",126,5,-9.775900226098749,"[-10,-5)","[-10,-5)","[-10,-5)"
60190037022007,66,2,-5.037070188671351,"[-10,-5)",66,2,-9.645439684326613,"[-10,-5)","[-10,-5)","[-10,-5)"
60190037022008,69,2,-4.8872859992086894,"[-5,-3)",69,2,-9.517830209789931,"[-10,-5)","[-5,-3)","[-10,-5)"
60190037022009,0,4,-4.857611949741841,"[-5,-3)",0,4,-9.476103845183705,"[-10,-5)","[-5,-3)","[-10,-5)"
60190037022010,60,2,-4.809420112520456,"[-5,-3)",60,2,-9.447788603162683,"[-10,-5)","[-5,-3)","[-10,-5)"
60190037022011,87,2,-4.853951767086983,"[-5,-3)",87,2,-9.513537275732991,"[-10,-5)","[-5,-3)","[-10,-5)"
60190037022012,64,2,-4.9272340513765815,"[-5,-3)",64,2,-9.580532384791216,"[-10,-5)","[-5,-3)","[-10,-5)"
60190037023000,42,2,-4.676420560106635,"[-5,-3)",42,2,-9.236770143994033,"[-10,-5)","[-5,-3)","[-10,-5)"
60190037023001,75,2,-4.732919626682997,"[-5,-3)",75,2,-9.265509765256834,"[-10,-5)","[-5,-3)","[-10,-5)"
60190037023003,54,2,-4.759448854252696,"[-5,-3)",54,2,-9.364240147173472,"[-10,-5)","[-5,-3)","[-10,-5)"
60190037023004,206,6,-4.814501050114632,"[-5,-3)",206,6,-9.429427809701933,"[-10,-5)","[-5,-3)","[-10,-5)"
60190037023005,49,4,-4.777651691436768,"[-5,-3)",49,4,-9.348347229785418,"[-10,-5)","[-5,-3)","[-10,-5)"
60190037023006,47,4,-4.7338846329599615,"[-5,-3)",47,4,-9.300614222979233,"[-10,-5)","[-5,-3)","[-10,-5)"
60190037023007,63,4,-4.6737337578088045,"[-5,-3)",63,4,-9.252927517254978,"[-10,-5)","[-5,-3)","[-10,-5)"
60190037023008,67,2,-4.694839136302472,"[-5,-3)",67,2,-9.293799726319008,"[-10,-5)","[-5,-3)","[-10,-5)"
60190037023009,50,2,-4.754219738021494,"[-5,-3)",50,2,-9.363139999380014,"[-10,-5)","[-5,-3)","[-10,-5)"
60190037024000,138,6,-4.783709699660539,"[-5,-3)",138,6,-9.203317754323988,"[-10,-5)","[-5,-3)","[-10,-5)"
60190037024001,35,2,-4.798603639751673,"[-5,-3)",35,2,-9.177633720413162,"[-10,-5)","[-5,-3)","[-10,-5)"
60190037024002,65,2,-4.761000613868237,"[-5,-3)",65,2,-9.212081725372666,"[-10,-5)","[-5,-3)","[-10,-5)"
60190037024003,99,3,-4.726938830316067,"[-5,-3)",99,3,-9.224192440883652,"[-10,-5)","[-5,-3)","[-10,-5)"
60190037024005,64,2,-4.74288762062788,"[-5,-3)",64,2,-9.259071926477873,"[-10,-5)","[-5,-3)","[-10,-5)"
60190037024006,69,2,-4.744566410779953,"[-5,-3)",69,2,-9.236226461350943,"[-10,-5)","[-5,-3)","[-10,-5)"
60190037024007,59,4,-4.751460691541434,"[-5,-3)",59,4,-9.186782871014625,"[-10,-5)","[-5,-3)","[-10,-5)"
60190037024008,54,2,-4.688022635132075,"[-5,-3)",54,2,-9.231990054381766,"[-10,-5)","[-5,-3)","[-10,-5)"
60190037024009,53,1,-4.722725106775761,"[-5,-3)",53,1,-9.227819832394744,"[-10,-5)","[-5,-3)","[-10,-5)"
60190037024010,40,2,-4.756479320302606,"[-5,-3)",40,2,-9.235595857658335,"[-10,-5)","[-5,-3)","[-10,-5)"
60190037024011,51,1,-4.734739498794079,"[-5,-3)",51,1,-9.286564827197047,"[-10,-5)","[-5,-3)","[-10,-5)"
60190037024012,40,3,-4.753118475526572,"[-5,-3)",40,3,-9.2912631087627,"[-10,-5)","[-5,-3)","[-10,-5)"
60190037024013,47,2,-4.742142753303051,"[-5,-3)",47,2,-9.250120194599996,"[-10,-5)","[-5,-3)","[-10,-5)"
60190038041000,109,3,-4.800096496939659,"[-5,-3)",109,3,-6.275169727505468,"[-10,-5)","[-5,-3)","[-10,-5)"
60190038041001,128,3,-4.89592322409153,"[-5,-3)",128,3,-6.507828403392159,"[-10,-5)","[-5,-3)","[-10,-5)"
60190038041002,286,13,-4.900864215195179,"[-5,-3)",286,13,-6.716566747317311,"[-10,-5)","[-5,-3)","[-10,-5)"
60190038041003,73,3,-4.737202613800764,"[-5,-3)",73,3,-6.268588724644943,"[-10,-5)","[-5,-3)","[-10,-5)"
60190038041004,16,9,-5.110228139162063,"[-10,-5)",16,9,-7.008607839036131,"[-10,-5)","[-10,-5)","[-10,-5)"
60190038041005,125,3,-4.648475971072912,"[-5,-3)",125,3,-6.182398266428272,"[-10,-5)","[-5,-3)","[-10,-5)"
60190038041006,73,2,-4.891145740449429,"[-5,-3)",73,2,-6.597634038724072,"[-10,-5)","[-5,-3)","[-10,-5)"
60190038041007,96,2,-4.886633388698101,"[-5,-3)",96,2,-6.767590539609477,"[-10,-5)","[-5,-3)","[-10,-5)"
60190038041008,200,60,-5.0773458234965805,"[-10,-5)",200,60,-7.287390630145703,"[-10,-5)","[-10,-5)","[-10,-5)"
60190038041009,35,9,-4.880082303285599,"[-5,-3)",35,9,-6.929864185506596,"[-10,-5)","[-5,-3)","[-10,-5)"
60190038041010,70,3,-4.794173893332482,"[-5,-3)",70,3,-6.621122321939458,"[-10,-5)","[-5,-3)","[-10,-5)"
60190038041011,63,1,-4.733471464365721,"[-5,-3)",63,1,-6.534660306456961,"[-10,-5)","[-5,-3)","[-10,-5)"
60190038041012,54,1,-4.784228324890137,"[-5,-3)",54,1,-6.677127315291804,"[-10,-5)","[-5,-3)","[-10,-5)"
60190038041013,127,1,-4.601164121925831,"[-5,-3)",127,1,-6.300081413920704,"[-10,-5)","[-5,-3)","[-10,-5)"
60190038041014,46,1,-4.675860064476729,"[-5,-3)",46,1,-6.377833712996544,"[-10,-5)","[-5,-3)","[-10,-5)"
60190038041015,113,3,-4.604083127528429,"[-5,-3)",113,3,-6.140006927387631,"[-10,-5)","[-5,-3)","[-10,-5)"
60190038041016,0,6,-4.514313556998968,"[-5,-3)",0,6,-6.07788365793839,"[-10,-5)","[-5,-3)","[-10,-5)"
60190038041017,114,1,-4.789547426998616,"[-5,-3)",114,1,-6.3192563110675,"[-10,-5)","[-5,-3)","[-10,-5)"
60190038041018,88,4,-4.83621858805418,"[-5,-3)",88,4,-7.0731441618046125,"[-10,-5)","[-5,-3)","[-10,-5)"
60190038042000,75,12,-4.730277533456683,"[-5,-3)",75,12,-6.821171117413886,"[-10,-5)","[-5,-3)","[-10,-5)"
60190038042001,207,5,-4.6235229156911375,"[-5,-3)",207,5,-6.580721645366299,"[-10,-5)","[-5,-3)","[-10,-5)"
60190038042002,103,2,-4.573786983266473,"[-5,-3)",103,2,-6.491299201197148,"[-10,-5)","[-5,-3)","[-10,-5)"
60190038042004,67,1,-4.542462672293186,"[-5,-3)",67,1,-6.426958876873665,"[-10,-5)","[-5,-3)","[-10,-5)"
60190038042005,38,4,-4.470526627823711,"[-5,-3)",38,4,-6.264050934559613,"[-10,-5)","[-5,-3)","[-10,-5)"
60190038042006,60,1,-4.350953138619661,"[-5,-3)",60,1,-6.008708421249188,"[-10,-5)","[-5,-3)","[-10,-5)"
60190038042007,155,4,-4.456875316053629,"[-5,-3)",155,4,-6.249771169590623,"[-10,-5)","[-5,-3)","[-10,-5)"
60190038042008,69,1,-4.516126900166273,"[-5,-3)",69,1,-6.333719291974206,"[-10,-5)","[-5,-3)","[-10,-5)"
60190038042009,98,4,-4.590281224250793,"[-5,-3)",98,4,-6.463768805123279,"[-10,-5)","[-5,-3)","[-10,-5)"
60190038042010,59,3,-4.512895072996616,"[-5,-3)",59,3,-6.205637432779505,"[-10,-5)","[-5,-3)","[-10,-5)"
60190038042011,127,2,-4.480600788071752,"[-5,-3)",127,2,-6.219256768205559,"[-10,-5)","[-5,-3)","[-10,-5)"
60190038042013,130,4,-4.379038099944592,"[-5,-3)",130,4,-5.9426717161814455,"[-10,-5)","[-5,-3)","[-10,-5)"
60190038042014,38,2,-4.446764962747693,"[-5,-3)",38,2,-6.113817842411286,"[-10,-5)","[-5,-3)","[-10,-5)"
60190038042015,70,2,-4.430183432623744,"[-5,-3)",70,2,-6.034211795723751,"[-10,-5)","[-5,-3)","[-10,-5)"
60190038042016,96,2,-4.484936858341098,"[-5,-3)",96,2,-6.052160708394284,"[-10,-5)","[-5,-3)","[-10,-5)"
60190038042017,142,3,-4.385580385476351,"[-5,-3)",142,3,-6.078570220607325,"[-10,-5)","[-5,-3)","[-10,-5)"
60190038042018,128,4,-4.328849683329463,"[-5,-3)",128,4,-5.935957775245178,"[-10,-5)","[-5,-3)","[-10,-5)"
60190038042019,91,3,-4.293054181337356,"[-5,-3)",91,3,-5.805099555468693,"[-10,-5)","[-5,-3)","[-10,-5)"
60190038042020,24,1,-4.297000785917044,"[-5,-3)",24,1,-5.7680228989004485,"[-10,-5)","[-5,-3)","[-10,-5)"
60190038042021,71,2,-4.32385745421052,"[-5,-3)",71,2,-5.877405938330702,"[-10,-5)","[-5,-3)","[-10,-5)"
60190038042022,65,2,-4.317055714130402,"[-5,-3)",65,2,-5.812076247943545,"[-10,-5)","[-5,-3)","[-10,-5)"
60190038043000,113,11,-4.370884300768376,"[-5,-3)",113,11,-5.939828886561791,"[-10,-5)","[-5,-3)","[-10,-5)"
60190038043001,76,2,-4.369802625104785,"[-5,-3)",76,2,-5.968752007818028,"[-10,-5)","[-5,-3)","[-10,-5)"
60190038043003,92,6,-4.506038120761514,"[-5,-3)",92,6,-6.237340607341855,"[-10,-5)","[-5,-3)","[-10,-5)"
60190038043006,111,3,-4.460425642132759,"[-5,-3)",111,3,-6.203395665057852,"[-10,-5)","[-5,-3)","[-10,-5)"
60190038043007,24,4,-4.61324394531548,"[-5,-3)",24,4,-6.498368495835869,"[-10,-5)","[-5,-3)","[-10,-5)"
60190038043008,188,2,-4.292011963203549,"[-5,-3)",188,2,-5.818797574328464,"[-10,-5)","[-5,-3)","[-10,-5)"
60190038043009,159,3,-4.376762904971838,"[-5,-3)",159,3,-6.048259203115913,"[-10,-5)","[-5,-3)","[-10,-5)"
60190038043010,149,3,-4.272964053601027,"[-5,-3)",149,3,-5.800518304858603,"[-10,-5)","[-5,-3)","[-10,-5)"
60190038043011,172,5,-4.271244102716446,"[-5,-3)",172,5,-5.7739954544143215,"[-10,-5)","[-5,-3)","[-10,-5)"
60190038043012,140,3,-4.30398902669549,"[-5,-3)",140,3,-5.862443019361387,"[-10,-5)","[-5,-3)","[-10,-5)"
60190038043013,48,4,-4.3531076900661,"[-5,-3)",48,4,-5.80844516370813,"[-10,-5)","[-5,-3)","[-10,-5)"
60190038043014,104,2,-4.282290649786591,"[-5,-3)",104,2,-5.757305476683266,"[-10,-5)","[-5,-3)","[-10,-5)"
60190038043015,79,5,-4.300470209866762,"[-5,-3)",79,5,-5.730018516359203,"[-10,-5)","[-5,-3)","[-10,-5)"
60190038043016,85,1,-4.278601086884737,"[-5,-3)",85,1,-5.742383461737256,"[-10,-5)","[-5,-3)","[-10,-5)"
60190038043017,118,3,-4.292286320775747,"[-5,-3)",118,3,-5.836050266435672,"[-10,-5)","[-5,-3)","[-10,-5)"
60190038043019,166,3,-4.324273035675287,"[-5,-3)",166,3,-5.92472053106517,"[-10,-5)","[-5,-3)","[-10,-5)"
60190038043020,112,2,-4.288885592669249,"[-5,-3)",112,2,-5.76069937439466,"[-10,-5)","[-5,-3)","[-10,-5)"
60190038043021,106,2,-4.285260467603803,"[-5,-3)",106,2,-5.758703030812832,"[-10,-5)","[-5,-3)","[-10,-5)"
60190038051000,0,6,-5.130656352639198,"[-10,-5)",0,6,-7.061757220261539,"[-10,-5)","[-10,-5)","[-10,-5)"
60190038051001,0,1,-5.401102235913277,"[-10,-5)",0,1,-8.421705497458028,"[-10,-5)","[-10,-5)","[-10,-5)"
60190038051002,0,4,-5.38655432984233,"[-10,-5)",0,4,-8.407922261883037,"[-10,-5)","[-10,-5)","[-10,-5)"
60190038051003,0,3,-5.389437568187714,"[-10,-5)",0,3,-8.480494804952244,"[-10,-5)","[-10,-5)","[-10,-5)"
60190038051004,600,18,-5.058709379285574,"[-10,-5)",600,18,-7.281337970919525,"[-10,-5)","[-10,-5)","[-10,-5)"
60190038051007,0,1,-5.56560777425766,"[-10,-5)",0,1,-9.407486209867743,"[-10,-5)","[-10,-5)","[-10,-5)"
60190038051008,402,20,-5.439728035032749,"[-10,-5)",402,20,-9.45890739610854,"[-10,-5)","[-10,-5)","[-10,-5)"
60190038051009,130,10,-5.440755350142718,"[-10,-5)",130,10,-9.021412733742222,"[-10,-5)","[-10,-5)","[-10,-5)"
60190038051010,577,8,-5.091907071322202,"[-10,-5)",577,8,-7.737491117138422,"[-10,-5)","[-10,-5)","[-10,-5)"
60190038051012,44,8,-5.107645799964667,"[-10,-5)",44,8,-7.956004670466168,"[-10,-5)","[-10,-5)","[-10,-5)"
60190038051013,114,11,-5.184088093042374,"[-10,-5)",114,11,-8.36578458459803,"[-10,-5)","[-10,-5)","[-10,-5)"
60190038051014,84,1,-5.179078406095505,"[-10,-5)",84,1,-7.752584417682019,"[-10,-5)","[-10,-5)","[-10,-5)"
60190038051015,71,1,-5.185863965749741,"[-10,-5)",71,1,-7.713325645092773,"[-10,-5)","[-10,-5)","[-10,-5)"
60190038052000,72,2,-4.725951114669442,"[-5,-3)",72,2,-6.681129376294132,"[-10,-5)","[-5,-3)","[-10,-5)"
60190038052002,1500,26,-4.392836880683899,"[-5,-3)",1500,26,-6.0222141343882845,"[-10,-5)","[-5,-3)","[-10,-5)"
60190038052003,54,1,-4.393608431518078,"[-5,-3)",54,1,-5.959417936944544,"[-10,-5)","[-5,-3)","[-10,-5)"
60190038052005,179,4,-4.415968928486109,"[-5,-3)",179,4,-6.109877421499631,"[-10,-5)","[-5,-3)","[-10,-5)"
60190038052006,90,1,-4.292270991951227,"[-5,-3)",90,1,-5.841099072756588,"[-10,-5)","[-5,-3)","[-10,-5)"
60190038052007,160,2,-4.467166350781918,"[-5,-3)",160,2,-6.174585597977135,"[-10,-5)","[-5,-3)","[-10,-5)"
60190038052008,191,4,-4.742685649171472,"[-5,-3)",191,4,-6.802773396709872,"[-10,-5)","[-5,-3)","[-10,-5)"
60190038052009,100,1,-4.458247245848179,"[-5,-3)",100,1,-6.0860062311772,"[-10,-5)","[-5,-3)","[-10,-5)"
60190038052010,196,4,-4.511300733312964,"[-5,-3)",196,4,-6.263677969402678,"[-10,-5)","[-5,-3)","[-10,-5)"
60190038052011,121,2,-4.338370302692056,"[-5,-3)",121,2,-5.925080145603388,"[-10,-5)","[-5,-3)","[-10,-5)"
60190038052012,55,1,-4.313501697778702,"[-5,-3)",55,1,-5.855150740984511,"[-10,-5)","[-5,-3)","[-10,-5)"
60190038052013,47,12,-4.779231837764383,"[-5,-3)",47,12,-7.06248127828517,"[-10,-5)","[-5,-3)","[-10,-5)"
60190038052015,12,4,-4.404254158213735,"[-5,-3)",12,4,-5.975631837293251,"[-10,-5)","[-5,-3)","[-10,-5)"
60190038053000,873,32,-4.667921436578036,"[-5,-3)",873,32,-6.204994046579612,"[-10,-5)","[-5,-3)","[-10,-5)"
60190038053001,101,3,-4.461684308946133,"[-5,-3)",101,3,-5.898006795178802,"[-10,-5)","[-5,-3)","[-10,-5)"
60190038053002,122,2,-4.476019456610084,"[-5,-3)",122,2,-6.049439170565957,"[-10,-5)","[-5,-3)","[-10,-5)"
60190038053004,97,3,-4.5067666657269,"[-5,-3)",97,3,-5.923783147197779,"[-10,-5)","[-5,-3)","[-10,-5)"
60190038053005,69,2,-4.775870709121227,"[-5,-3)",69,2,-6.505896256402462,"[-10,-5)","[-5,-3)","[-10,-5)"
60190038053006,45,1,-4.796038900315762,"[-5,-3)",45,1,-6.234158899251352,"[-10,-5)","[-5,-3)","[-10,-5)"
60190038053008,85,1,-4.549527841061354,"[-5,-3)",85,1,-6.046815063848694,"[-10,-5)","[-5,-3)","[-10,-5)"
60190038053009,123,3,-4.673745822161436,"[-5,-3)",123,3,-6.075451288830367,"[-10,-5)","[-5,-3)","[-10,-5)"
60190038053010,52,1,-4.60522228628397,"[-5,-3)",52,1,-6.005891724755534,"[-10,-5)","[-5,-3)","[-10,-5)"
60190038053011,53,2,-4.7534567032009365,"[-5,-3)",53,2,-6.21710703453634,"[-10,-5)","[-5,-3)","[-10,-5)"
60190038053013,140,2,-4.7401671800762415,"[-5,-3)",140,2,-6.149502057852877,"[-10,-5)","[-5,-3)","[-10,-5)"
60190038053014,50,2,-4.6904877372086045,"[-5,-3)",50,2,-6.415462573879397,"[-10,-5)","[-5,-3)","[-10,-5)"
60190038053015,137,1,-4.763755260407925,"[-5,-3)",137,1,-6.19656582938889,"[-10,-5)","[-5,-3)","[-10,-5)"
60190038053016,146,9,-4.411984853446484,"[-5,-3)",146,9,-5.892558038407799,"[-10,-5)","[-5,-3)","[-10,-5)"
60190038071000,14,12,-5.503141111135482,"[-10,-5)",14,12,-9.950905249249356,"[-10,-5)","[-10,-5)","[-10,-5)"
60190038071001,199,5,-5.379234248399735,"[-10,-5)",199,5,-9.34854521662044,"[-10,-5)","[-10,-5)","[-10,-5)"
60190038071003,100,9,-5.225264722108841,"[-10,-5)",100,9,-8.518948563638402,"[-10,-5)","[-10,-5)","[-10,-5)"
60190038071004,93,2,-5.323012378066778,"[-10,-5)",93,2,-9.040681085220042,"[-10,-5)","[-10,-5)","[-10,-5)"
60190038071005,50,5,-4.984132093191147,"[-5,-3)",50,5,-7.449090767549408,"[-10,-5)","[-5,-3)","[-10,-5)"
60190038071006,57,1,-4.742230468243361,"[-5,-3)",57,1,-6.748362239987811,"[-10,-5)","[-5,-3)","[-10,-5)"
60190038071007,181,40,-5.083690537512303,"[-10,-5)",181,40,-6.912214099450757,"[-10,-5)","[-10,-5)","[-10,-5)"
60190038071008,141,5,-5.0535359010100365,"[-10,-5)",141,5,-7.345565525123202,"[-10,-5)","[-10,-5)","[-10,-5)"
60190038071011,0,2,-4.569861952587962,"[-5,-3)",0,2,-6.095000287356969,"[-10,-5)","[-5,-3)","[-10,-5)"
60190038071012,51,2,-5.390675512701273,"[-10,-5)",51,2,-8.171832761041692,"[-10,-5)","[-10,-5)","[-10,-5)"
60190038071013,99,16,-5.446772765368223,"[-10,-5)",99,16,-9.159495626634843,"[-10,-5)","[-10,-5)","[-10,-5)"
60190038071014,129,20,-5.558434168249368,"[-10,-5)",129,20,-10.279085045557594,<-10,"[-10,-5)",<-10
60190038071015,49,2,-5.328349363803864,"[-10,-5)",49,2,-8.086226605435696,"[-10,-5)","[-10,-5)","[-10,-5)"
60190038071016,31,2,-5.27342391461134,"[-10,-5)",31,2,-7.996577768859783,"[-10,-5)","[-10,-5)","[-10,-5)"
60190038071019,34,1,-4.9279445707798,"[-5,-3)",34,1,-6.97147209887867,"[-10,-5)","[-5,-3)","[-10,-5)"
60190038071020,36,1,-4.836453630030156,"[-5,-3)",36,1,-6.848807750326059,"[-10,-5)","[-5,-3)","[-10,-5)"
60190038071021,40,2,-5.087113123387098,"[-10,-5)",40,2,-7.731164628200678,"[-10,-5)","[-10,-5)","[-10,-5)"
60190038071022,10,1,-4.906611956655979,"[-5,-3)",10,1,-7.133546905773613,"[-10,-5)","[-5,-3)","[-10,-5)"
60190038072000,515,6,-5.644694573432208,"[-10,-5)",515,6,-10.571618689890371,<-10,"[-10,-5)",<-10
60190038072001,206,18,-5.65435655862093,"[-10,-5)",206,18,-10.037103661026112,<-10,"[-10,-5)",<-10
60190038072003,39,8,-5.546344551444054,"[-10,-5)",39,8,-9.012092297543171,"[-10,-5)","[-10,-5)","[-10,-5)"
60190038072004,165,32,-5.358475613594055,"[-10,-5)",165,32,-7.590692542669076,"[-10,-5)","[-10,-5)","[-10,-5)"
60190038072005,167,28,-5.3125595390796665,"[-10,-5)",167,28,-7.876703983674827,"[-10,-5)","[-10,-5)","[-10,-5)"
60190038072006,71,4,-5.215034151077271,"[-10,-5)",71,4,-7.637145594412696,"[-10,-5)","[-10,-5)","[-10,-5)"
60190038072007,102,8,-5.599794175475836,"[-10,-5)",102,8,-9.122744781974449,"[-10,-5)","[-10,-5)","[-10,-5)"
60190038072008,61,16,-5.797598462551832,"[-10,-5)",61,16,-9.943709549816392,"[-10,-5)","[-10,-5)","[-10,-5)"
60190038072009,12,8,-5.885879433900119,"[-10,-5)",12,8,-10.57287648860698,<-10,"[-10,-5)",<-10
60190038072010,43,10,-6.190230973809958,"[-10,-5)",43,10,-10.68783440554676,<-10,"[-10,-5)",<-10
60190038072011,47,5,-6.048926746845246,"[-10,-5)",47,5,-10.254142113013444,<-10,"[-10,-5)",<-10
60190038072012,74,1,-5.984065380692482,"[-10,-5)",74,1,-10.1552907233612,<-10,"[-10,-5)",<-10
60190038072013,124,16,-5.736550283432007,"[-10,-5)",124,16,-9.486836606409623,"[-10,-5)","[-10,-5)","[-10,-5)"
60190038072014,101,31,-5.252360406517982,"[-10,-5)",101,31,-7.979946022550793,"[-10,-5)","[-10,-5)","[-10,-5)"
60190038072015,141,32,-5.368043638765812,"[-10,-5)",141,32,-8.198530021696453,"[-10,-5)","[-10,-5)","[-10,-5)"
60190038072016,93,22,-5.96741004511714,"[-10,-5)",93,22,-9.89954570309923,"[-10,-5)","[-10,-5)","[-10,-5)"
60190038072017,0,6,-6.437883178889752,"[-10,-5)",0,6,-11.00672842045347,<-10,"[-10,-5)",<-10
60190038072018,18,48,-6.0831452250480655,"[-10,-5)",18,48,-10.084218846646973,<-10,"[-10,-5)",<-10
60190038072019,47,9,-5.52277903854847,"[-10,-5)",47,9,-8.3718077020296,"[-10,-5)","[-10,-5)","[-10,-5)"
60190038072020,27,7,-5.559191809594632,"[-10,-5)",27,7,-8.50227449302752,"[-10,-5)","[-10,-5)","[-10,-5)"
60190038081001,116,64,-5.066478538513184,"[-10,-5)",116,64,-7.210610369734779,"[-10,-5)","[-10,-5)","[-10,-5)"
60190038081002,100,6,-4.633928632736206,"[-5,-3)",100,6,-6.132816340957582,"[-10,-5)","[-5,-3)","[-10,-5)"
60190038081003,212,4,-4.614868658781052,"[-5,-3)",212,4,-6.057864831255223,"[-10,-5)","[-5,-3)","[-10,-5)"
60190038081004,266,6,-4.640955763310194,"[-5,-3)",266,6,-6.014038442730322,"[-10,-5)","[-5,-3)","[-10,-5)"
60190038081005,172,8,-4.678498467430472,"[-5,-3)",172,8,-5.930461865225088,"[-10,-5)","[-5,-3)","[-10,-5)"
60190038081006,70,2,-4.616145351156593,"[-5,-3)",70,2,-5.88960471111408,"[-10,-5)","[-5,-3)","[-10,-5)"
60190038081007,161,24,-5.006001500040293,"[-10,-5)",161,24,-7.64679667146679,"[-10,-5)","[-10,-5)","[-10,-5)"
60190038081008,102,2,-4.992174616456031,"[-5,-3)",102,2,-7.56718892044495,"[-10,-5)","[-5,-3)","[-10,-5)"
60190038081009,68,6,-4.941887556016445,"[-5,-3)",68,6,-7.463159479120375,"[-10,-5)","[-5,-3)","[-10,-5)"
60190038081010,131,52,-4.921995567530393,"[-5,-3)",131,52,-7.435396441413963,"[-10,-5)","[-5,-3)","[-10,-5)"
60190038081011,138,18,-4.73319625519216,"[-5,-3)",138,18,-6.634305915895034,"[-10,-5)","[-5,-3)","[-10,-5)"
60190038081012,108,12,-4.713023522123694,"[-5,-3)",108,12,-6.311902392599952,"[-10,-5)","[-5,-3)","[-10,-5)"
60190038081013,61,4,-4.778505137935281,"[-5,-3)",61,4,-6.476851843354897,"[-10,-5)","[-5,-3)","[-10,-5)"
60190038081014,103,4,-4.828134336322546,"[-5,-3)",103,4,-6.642699478288236,"[-10,-5)","[-5,-3)","[-10,-5)"
60190038081015,107,31,-5.084343999624252,"[-10,-5)",107,31,-7.95112686568712,"[-10,-5)","[-10,-5)","[-10,-5)"
60190038081016,38,11,-4.93695564866066,"[-5,-3)",38,11,-8.118873129035503,"[-10,-5)","[-5,-3)","[-10,-5)"
60190038081017,21,15,-4.939166973531246,"[-5,-3)",21,15,-8.199508025531431,"[-10,-5)","[-5,-3)","[-10,-5)"
60190038081018,7,8,-5.1842876516282566,"[-10,-5)",7,8,-8.12473859554392,"[-10,-5)","[-10,-5)","[-10,-5)"
60190038081019,25,10,-5.214214626699686,"[-10,-5)",25,10,-7.919068337422313,"[-10,-5)","[-10,-5)","[-10,-5)"
60190038081020,49,7,-5.321215783059597,"[-10,-5)",49,7,-7.967525402252131,"[-10,-5)","[-10,-5)","[-10,-5)"
60190038082000,259,10,-4.348591222241521,"[-5,-3)",259,10,-5.741905111909169,"[-10,-5)","[-5,-3)","[-10,-5)"
60190038082001,53,2,-4.399314586445689,"[-5,-3)",53,2,-5.751338602283741,"[-10,-5)","[-5,-3)","[-10,-5)"
60190038082002,52,2,-4.398768568038941,"[-5,-3)",52,2,-5.752447839860155,"[-10,-5)","[-5,-3)","[-10,-5)"
60190038082004,202,2,-4.3263620138168335,"[-5,-3)",202,2,-5.773297245460974,"[-10,-5)","[-5,-3)","[-10,-5)"
60190038082005,213,4,-4.444571947306395,"[-5,-3)",213,4,-5.939018475600072,"[-10,-5)","[-5,-3)","[-10,-5)"
60190038082007,193,7,-4.545940612256527,"[-5,-3)",193,7,-5.948059685028927,"[-10,-5)","[-5,-3)","[-10,-5)"
60190038082008,186,4,-4.539644013717771,"[-5,-3)",186,4,-5.867646920103999,"[-10,-5)","[-5,-3)","[-10,-5)"
60190038082009,89,2,-4.494251532107592,"[-5,-3)",89,2,-5.89084830704482,"[-10,-5)","[-5,-3)","[-10,-5)"
60190038082010,65,2,-4.443594025075436,"[-5,-3)",65,2,-5.800643573429971,"[-10,-5)","[-5,-3)","[-10,-5)"
60190038082011,264,29,-4.587478320300579,"[-5,-3)",264,29,-5.860126829041776,"[-10,-5)","[-5,-3)","[-10,-5)"
60190038083000,173,9,-4.577366121858359,"[-5,-3)",173,9,-5.955273564027802,"[-10,-5)","[-5,-3)","[-10,-5)"
60190038083001,94,3,-4.5272845812141895,"[-5,-3)",94,3,-5.841495614538067,"[-10,-5)","[-5,-3)","[-10,-5)"
60190038083003,151,3,-4.491960724443198,"[-5,-3)",151,3,-5.802936187125039,"[-10,-5)","[-5,-3)","[-10,-5)"
60190038083005,184,4,-4.375303118303418,"[-5,-3)",184,4,-5.737261937152687,"[-10,-5)","[-5,-3)","[-10,-5)"
60190038083006,39,2,-4.318974655866623,"[-5,-3)",39,2,-5.7194618696780655,"[-10,-5)","[-5,-3)","[-10,-5)"
60190038083007,205,24,-4.992597010731697,"[-5,-3)",205,24,-6.435038841754867,"[-10,-5)","[-5,-3)","[-10,-5)"
60190038083008,30,16,-4.842920123040676,"[-5,-3)",30,16,-6.194156468793975,"[-10,-5)","[-5,-3)","[-10,-5)"
60190038083009,143,3,-4.474974115937949,"[-5,-3)",143,3,-5.796001250840643,"[-10,-5)","[-5,-3)","[-10,-5)"
60190038091000,0,2,-5.231092797964811,"[-10,-5)",0,2,-6.697846907429775,"[-10,-5)","[-10,-5)","[-10,-5)"
60190038091001,0,9,-5.229530677199364,"[-10,-5)",0,9,-6.705927724478129,"[-10,-5)","[-10,-5)","[-10,-5)"
60190038091002,0,2,-5.063306039571762,"[-10,-5)",0,2,-6.555888358329064,"[-10,-5)","[-10,-5)","[-10,-5)"
60190038091003,0,7,-5.18559599518776,"[-10,-5)",0,7,-6.673961798377192,"[-10,-5)","[-10,-5)","[-10,-5)"
60190038091004,398,22,-4.94382693618536,"[-5,-3)",398,22,-6.407720919357608,"[-10,-5)","[-5,-3)","[-10,-5)"
60190038091005,218,26,-5.150847537070513,"[-10,-5)",218,26,-6.878482483010515,"[-10,-5)","[-10,-5)","[-10,-5)"
60190038091007,61,1,-5.06881590038538,"[-10,-5)",61,1,-6.825883317709695,"[-10,-5)","[-10,-5)","[-10,-5)"
60190038091008,231,4,-5.086338450014591,"[-10,-5)",231,4,-6.922226779433091,"[-10,-5)","[-10,-5)","[-10,-5)"
60190038091009,75,1,-5.0570144087076185,"[-10,-5)",75,1,-6.671753549230191,"[-10,-5)","[-10,-5)","[-10,-5)"
60190038091010,60,1,-5.061632359027863,"[-10,-5)",60,1,-6.75234810981425,"[-10,-5)","[-10,-5)","[-10,-5)"
60190038091011,22,1,-5.062804730236531,"[-10,-5)",22,1,-6.601216265376096,"[-10,-5)","[-10,-5)","[-10,-5)"
60190038091012,69,34,-5.012713821977377,"[-10,-5)",69,34,-6.7641756217749975,"[-10,-5)","[-10,-5)","[-10,-5)"
60190038091014,0,4,-4.837589950114489,"[-5,-3)",0,4,-6.2950777724588525,"[-10,-5)","[-5,-3)","[-10,-5)"
60190038091015,182,4,-4.8597341403365135,"[-5,-3)",182,4,-6.371818265069344,"[-10,-5)","[-5,-3)","[-10,-5)"
60190038091016,66,2,-4.9185250081121925,"[-5,-3)",66,2,-6.369278806955863,"[-10,-5)","[-5,-3)","[-10,-5)"
60190038091017,123,2,-4.876346895843745,"[-5,-3)",123,2,-6.325843279098092,"[-10,-5)","[-5,-3)","[-10,-5)"
60190038091018,90,1,-4.82564794421196,"[-5,-3)",90,1,-6.281393956384951,"[-10,-5)","[-5,-3)","[-10,-5)"
60190038091019,160,2,-4.827330992370844,"[-5,-3)",160,2,-6.284882444650236,"[-10,-5)","[-5,-3)","[-10,-5)"
60190038091020,86,2,-4.853180783987045,"[-5,-3)",86,2,-6.317552828930303,"[-10,-5)","[-5,-3)","[-10,-5)"
60190038091022,52,5,-4.812892659008504,"[-5,-3)",52,5,-6.261491308490197,"[-10,-5)","[-5,-3)","[-10,-5)"
60190038091025,57,2,-4.888775449991226,"[-5,-3)",57,2,-6.369430492708951,"[-10,-5)","[-5,-3)","[-10,-5)"
60190038091026,21,4,-5.0189166024327285,"[-10,-5)",21,4,-6.778586904541139,"[-10,-5)","[-10,-5)","[-10,-5)"
60190038091027,153,8,-4.870324938744306,"[-5,-3)",153,8,-6.320886790885328,"[-10,-5)","[-5,-3)","[-10,-5)"
60190038091028,53,1,-4.791564586758613,"[-5,-3)",53,1,-6.188803154744014,"[-10,-5)","[-5,-3)","[-10,-5)"
60190038091029,0,2,-4.9226788356900215,"[-5,-3)",0,2,-6.4694391253538495,"[-10,-5)","[-5,-3)","[-10,-5)"
60190038091030,0,2,-4.959886150807142,"[-5,-3)",0,2,-6.61046114275432,"[-10,-5)","[-5,-3)","[-10,-5)"
60190038091031,59,16,-4.988312036544085,"[-5,-3)",59,16,-6.7603107596841685,"[-10,-5)","[-5,-3)","[-10,-5)"
60190038091032,172,8,-5.031352537125349,"[-10,-5)",172,8,-6.81997183417506,"[-10,-5)","[-10,-5)","[-10,-5)"
60190038091033,40,2,-4.935194537043572,"[-5,-3)",40,2,-6.5794399859694295,"[-10,-5)","[-5,-3)","[-10,-5)"
60190038091034,42,2,-4.907383223623038,"[-5,-3)",42,2,-6.497785613503782,"[-10,-5)","[-5,-3)","[-10,-5)"
60190038092000,19,6,-5.274496932327748,"[-10,-5)",19,6,-6.723326989335511,"[-10,-5)","[-10,-5)","[-10,-5)"
60190038092001,0,34,-5.279184997826815,"[-10,-5)",0,34,-6.703232603831518,"[-10,-5)","[-10,-5)","[-10,-5)"
60190038092002,0,5,-5.232608932256698,"[-10,-5)",0,5,-6.672000109592887,"[-10,-5)","[-10,-5)","[-10,-5)"
60190038092003,0,3,-5.3819656178355215,"[-10,-5)",0,3,-6.718325052207963,"[-10,-5)","[-10,-5)","[-10,-5)"
60190038092004,1544,29,-5.216050963103771,"[-10,-5)",1544,29,-6.635208644964904,"[-10,-5)","[-10,-5)","[-10,-5)"
60190038092005,75,2,-5.186310204863549,"[-10,-5)",75,2,-6.574463613856446,"[-10,-5)","[-10,-5)","[-10,-5)"
60190038092006,101,2,-5.048774881660938,"[-10,-5)",101,2,-6.512439479852576,"[-10,-5)","[-10,-5)","[-10,-5)"
60190038092007,53,1,-5.119996574521065,"[-10,-5)",53,1,-6.604447115105708,"[-10,-5)","[-10,-5)","[-10,-5)"
60190038092008,79,2,-5.019818732142449,"[-10,-5)",79,2,-6.453287717262967,"[-10,-5)","[-10,-5)","[-10,-5)"
60190038092009,0,4,-5.133816645294428,"[-10,-5)",0,4,-6.5997675812174,"[-10,-5)","[-10,-5)","[-10,-5)"
60190038092010,96,3,-5.246907886862755,"[-10,-5)",96,3,-6.707304826596044,"[-10,-5)","[-10,-5)","[-10,-5)"
60190038092012,267,7,-4.998807455599308,"[-5,-3)",267,7,-6.43719794926276,"[-10,-5)","[-5,-3)","[-10,-5)"
60190038092013,185,4,-5.052521076053381,"[-10,-5)",185,4,-6.445435849122831,"[-10,-5)","[-10,-5)","[-10,-5)"
60190038092014,0,2,-5.01446130797267,"[-10,-5)",0,2,-6.486159497046665,"[-10,-5)","[-10,-5)","[-10,-5)"
60190038101000,92,4,-4.944562152028084,"[-5,-3)",92,4,-6.609050522061755,"[-10,-5)","[-5,-3)","[-10,-5)"
60190038101002,46,1,-4.53433924689889,"[-5,-3)",46,1,-6.248435539607449,"[-10,-5)","[-5,-3)","[-10,-5)"
60190038101003,55,1,-4.529275057464838,"[-5,-3)",55,1,-6.263076907504677,"[-10,-5)","[-5,-3)","[-10,-5)"
60190038101005,149,3,-4.506800729781389,"[-5,-3)",149,3,-6.211831551752945,"[-10,-5)","[-5,-3)","[-10,-5)"
60190038101006,207,5,-4.503602966666222,"[-5,-3)",207,5,-6.186532413339187,"[-10,-5)","[-5,-3)","[-10,-5)"
60190038101008,244,10,-4.556388625502587,"[-5,-3)",244,10,-6.206436481512528,"[-10,-5)","[-5,-3)","[-10,-5)"
60190038101009,145,3,-4.606217240542174,"[-5,-3)",145,3,-6.34880662734774,"[-10,-5)","[-5,-3)","[-10,-5)"
60190038101010,195,4,-4.848933564126492,"[-5,-3)",195,4,-6.5167122459535785,"[-10,-5)","[-5,-3)","[-10,-5)"
60190038101011,138,4,-4.627052519470453,"[-5,-3)",138,4,-6.3841761090544615,"[-10,-5)","[-5,-3)","[-10,-5)"
60190038101012,169,4,-4.818547008186579,"[-5,-3)",169,4,-6.418292620991768,"[-10,-5)","[-5,-3)","[-10,-5)"
60190038101013,158,5,-4.652649101614952,"[-5,-3)",158,5,-6.318139972098152,"[-10,-5)","[-5,-3)","[-10,-5)"
60190038101014,171,4,-4.60174477212131,"[-5,-3)",171,4,-6.317637477534086,"[-10,-5)","[-5,-3)","[-10,-5)"
60190038101015,135,4,-4.652627243846656,"[-5,-3)",135,4,-6.244251967001707,"[-10,-5)","[-5,-3)","[-10,-5)"
60190038101016,65,2,-4.707549002766609,"[-5,-3)",65,2,-6.298182785505659,"[-10,-5)","[-5,-3)","[-10,-5)"
60190038101018,179,18,-4.626304245740176,"[-5,-3)",179,18,-6.1930114401971705,"[-10,-5)","[-5,-3)","[-10,-5)"
60190038101019,77,1,-4.570006582885981,"[-5,-3)",77,1,-6.235201951845613,"[-10,-5)","[-5,-3)","[-10,-5)"
60190038102000,170,3,-4.577030874788761,"[-5,-3)",170,3,-6.187398783277231,"[-10,-5)","[-5,-3)","[-10,-5)"
60190038102001,71,1,-4.647388760000467,"[-5,-3)",71,1,-6.253734314959671,"[-10,-5)","[-5,-3)","[-10,-5)"
60190038102002,109,2,-4.7625830311328174,"[-5,-3)",109,2,-6.306530046816926,"[-10,-5)","[-5,-3)","[-10,-5)"
60190038102003,329,24,-4.767215174809099,"[-5,-3)",329,24,-6.339341890844254,"[-10,-5)","[-5,-3)","[-10,-5)"
60190038102004,37,4,-4.7679425843060015,"[-5,-3)",37,4,-6.341092526230538,"[-10,-5)","[-5,-3)","[-10,-5)"
60190038102006,139,4,-4.573095482960344,"[-5,-3)",139,4,-6.190226273888146,"[-10,-5)","[-5,-3)","[-10,-5)"
60190038102007,101,4,-4.62585488408804,"[-5,-3)",101,4,-6.227073697492456,"[-10,-5)","[-5,-3)","[-10,-5)"
60190038102008,90,3,-4.509268386662007,"[-5,-3)",90,3,-6.1601919266654726,"[-10,-5)","[-5,-3)","[-10,-5)"
60190038102009,21,29,-5.018770694732666,"[-10,-5)",21,29,-6.621701795602937,"[-10,-5)","[-10,-5)","[-10,-5)"
60190038102010,242,16,-4.852201726287603,"[-5,-3)",242,16,-6.304384858039185,"[-10,-5)","[-5,-3)","[-10,-5)"
60190038102011,93,3,-4.716837418824435,"[-5,-3)",93,3,-6.252032821212495,"[-10,-5)","[-5,-3)","[-10,-5)"
60190038102012,156,5,-4.725728137046099,"[-5,-3)",156,5,-6.256175489794933,"[-10,-5)","[-5,-3)","[-10,-5)"
60190038102013,96,2,-4.862760447710753,"[-5,-3)",96,2,-6.381025931148589,"[-10,-5)","[-5,-3)","[-10,-5)"
60190038102014,80,19,-5.113070216774941,"[-10,-5)",80,19,-7.180182605343517,"[-10,-5)","[-10,-5)","[-10,-5)"
60190038103000,83,3,-4.693621914088726,"[-5,-3)",83,3,-6.126504622917143,"[-10,-5)","[-5,-3)","[-10,-5)"
60190038103001,166,11,-4.673022528737784,"[-5,-3)",166,11,-6.126262607445926,"[-10,-5)","[-5,-3)","[-10,-5)"
60190038103002,59,3,-4.650518395006657,"[-5,-3)",59,3,-6.081646544026675,"[-10,-5)","[-5,-3)","[-10,-5)"
60190038103004,78,2,-4.68437125235796,"[-5,-3)",78,2,-6.059101893904463,"[-10,-5)","[-5,-3)","[-10,-5)"
60190038103005,185,5,-4.738514079898596,"[-5,-3)",185,5,-6.120115073610139,"[-10,-5)","[-5,-3)","[-10,-5)"
60190038103006,170,33,-4.763817711174489,"[-5,-3)",170,33,-6.06642115757449,"[-10,-5)","[-5,-3)","[-10,-5)"
60190038103008,90,2,-4.758074227720499,"[-5,-3)",90,2,-6.076538370060824,"[-10,-5)","[-5,-3)","[-10,-5)"
60190038103009,83,2,-4.740392570570112,"[-5,-3)",83,2,-6.068017266650514,"[-10,-5)","[-5,-3)","[-10,-5)"
60190038103010,111,3,-4.664044663310051,"[-5,-3)",111,3,-6.039736395371297,"[-10,-5)","[-5,-3)","[-10,-5)"
60190038111000,94,24,-4.795210292190314,"[-5,-3)",94,24,-6.083404564861612,"[-10,-5)","[-5,-3)","[-10,-5)"
60190038111001,377,13,-4.622900111228228,"[-5,-3)",377,13,-5.92021995227882,"[-10,-5)","[-5,-3)","[-10,-5)"
60190038111002,139,2,-4.584913155063987,"[-5,-3)",139,2,-5.9117281066074,"[-10,-5)","[-5,-3)","[-10,-5)"
60190038111003,30,1,-4.616966436803341,"[-5,-3)",30,1,-5.9170714787072525,"[-10,-5)","[-5,-3)","[-10,-5)"
60190038111005,64,1,-4.655878941714764,"[-5,-3)",64,1,-5.900696802822501,"[-10,-5)","[-5,-3)","[-10,-5)"
60190038111007,146,2,-4.627920017391443,"[-5,-3)",146,2,-5.923285197525191,"[-10,-5)","[-5,-3)","[-10,-5)"
60190038111008,65,1,-4.634509708732367,"[-5,-3)",65,1,-5.897098384994585,"[-10,-5)","[-5,-3)","[-10,-5)"
60190038111009,91,4,-4.509110130742192,"[-5,-3)",91,4,-5.978571245856818,"[-10,-5)","[-5,-3)","[-10,-5)"
60190038111010,71,60,-5.219858188927174,"[-10,-5)",71,60,-6.744639973867114,"[-10,-5)","[-10,-5)","[-10,-5)"
60190038111012,65,26,-4.949322887510061,"[-5,-3)",65,26,-6.698779178294254,"[-10,-5)","[-5,-3)","[-10,-5)"
60190038111013,15,6,-4.739304791763425,"[-5,-3)",15,6,-6.734352612006063,"[-10,-5)","[-5,-3)","[-10,-5)"
60190038111014,113,3,-4.553867317736149,"[-5,-3)",113,3,-6.289909378680915,"[-10,-5)","[-5,-3)","[-10,-5)"
60190038111015,129,2,-4.618644943088293,"[-5,-3)",129,2,-6.1428423715586336,"[-10,-5)","[-5,-3)","[-10,-5)"
60190038111016,11,4,-4.550525775924325,"[-5,-3)",11,4,-6.027191358668419,"[-10,-5)","[-5,-3)","[-10,-5)"
60190038111017,68,3,-4.818178832530975,"[-5,-3)",68,3,-6.098062692046167,"[-10,-5)","[-5,-3)","[-10,-5)"
60190038111018,142,3,-4.707066144794226,"[-5,-3)",142,3,-6.179643494081008,"[-10,-5)","[-5,-3)","[-10,-5)"
60190038111019,217,4,-4.782703390717506,"[-5,-3)",217,4,-6.251033797254429,"[-10,-5)","[-5,-3)","[-10,-5)"
60190038111020,62,3,-4.589950519055129,"[-5,-3)",62,3,-6.238566875873833,"[-10,-5)","[-5,-3)","[-10,-5)"
60190038111021,135,3,-4.883505173027515,"[-5,-3)",135,3,-6.242876569218097,"[-10,-5)","[-5,-3)","[-10,-5)"
60190038111022,122,4,-5.01477838754654,"[-10,-5)",122,4,-6.368605878961363,"[-10,-5)","[-10,-5)","[-10,-5)"
60190038111023,7,2,-5.01630729585886,"[-10,-5)",7,2,-6.358365670349398,"[-10,-5)","[-10,-5)","[-10,-5)"
60190038111024,462,16,-4.863345781713724,"[-5,-3)",462,16,-6.094802584577664,"[-10,-5)","[-5,-3)","[-10,-5)"
60190038111025,18,1,-5.037663187086582,"[-10,-5)",18,1,-6.283983976416127,"[-10,-5)","[-10,-5)","[-10,-5)"
60190038111026,93,28,-5.104178930819035,"[-10,-5)",93,28,-7.067122748707348,"[-10,-5)","[-10,-5)","[-10,-5)"
60190038111027,49,28,-5.262048791348935,"[-10,-5)",49,28,-7.163242090469721,"[-10,-5)","[-10,-5)","[-10,-5)"
60190038111028,67,9,-4.960281577706337,"[-5,-3)",67,9,-7.371700355457525,"[-10,-5)","[-5,-3)","[-10,-5)"
60190038111029,59,46,-5.148058258742094,"[-10,-5)",59,46,-7.635815361488152,"[-10,-5)","[-10,-5)","[-10,-5)"
60190038112000,81,2,-4.900971233099699,"[-5,-3)",81,2,-6.503104840867655,"[-10,-5)","[-5,-3)","[-10,-5)"
60190038112001,54,1,-4.848159742355347,"[-5,-3)",54,1,-6.3146460867742364,"[-10,-5)","[-5,-3)","[-10,-5)"
60190038112002,154,4,-4.889253198355436,"[-5,-3)",154,4,-6.4613432533524735,"[-10,-5)","[-5,-3)","[-10,-5)"
60190038112004,223,12,-5.013598351925611,"[-10,-5)",223,12,-6.80415987266646,"[-10,-5)","[-10,-5)","[-10,-5)"
60190038112005,53,1,-5.034504881501198,"[-10,-5)",53,1,-6.887073464127305,"[-10,-5)","[-10,-5)","[-10,-5)"
60190038112007,156,4,-4.881468994170428,"[-5,-3)",156,4,-6.393460186121684,"[-10,-5)","[-5,-3)","[-10,-5)"
60190038112008,126,4,-4.829968117922545,"[-5,-3)",126,4,-6.252010096755104,"[-10,-5)","[-5,-3)","[-10,-5)"
60190038112009,109,3,-5.142531649768353,"[-10,-5)",109,3,-7.502639815169186,"[-10,-5)","[-10,-5)","[-10,-5)"
60190038112010,112,3,-5.089952078461647,"[-10,-5)",112,3,-7.371069751764916,"[-10,-5)","[-10,-5)","[-10,-5)"
60190038112011,139,3,-5.060173282027245,"[-10,-5)",139,3,-7.282718765761765,"[-10,-5)","[-10,-5)","[-10,-5)"
60190038112012,60,1,-5.066747644543648,"[-10,-5)",60,1,-7.173032922936772,"[-10,-5)","[-10,-5)","[-10,-5)"
60190038112013,54,1,-5.056424532830715,"[-10,-5)",54,1,-7.017519803113572,"[-10,-5)","[-10,-5)","[-10,-5)"
60190038112015,158,12,-5.125627362728119,"[-10,-5)",158,12,-7.3800902251264,"[-10,-5)","[-10,-5)","[-10,-5)"
60190038112017,177,4,-4.929830300062895,"[-5,-3)",177,4,-6.531664370805633,"[-10,-5)","[-5,-3)","[-10,-5)"
60190038112018,87,21,-5.0217723056674,"[-10,-5)",87,21,-6.948724348918523,"[-10,-5)","[-10,-5)","[-10,-5)"
60190038112020,83,7,-4.952844826877118,"[-5,-3)",83,7,-6.742263563735416,"[-10,-5)","[-5,-3)","[-10,-5)"
60190038112021,28,2,-4.991510651260615,"[-5,-3)",28,2,-6.953648738835222,"[-10,-5)","[-5,-3)","[-10,-5)"
60190038112022,67,15,-4.957497976720333,"[-5,-3)",67,15,-6.983392781114722,"[-10,-5)","[-5,-3)","[-10,-5)"
60190038112024,25,28,-5.271640661358833,"[-10,-5)",25,28,-7.841467724099562,"[-10,-5)","[-10,-5)","[-10,-5)"
60190038113000,86,2,-4.748431829363108,"[-5,-3)",86,2,-6.766817055891021,"[-10,-5)","[-5,-3)","[-10,-5)"
60190038113001,113,3,-4.838046692311764,"[-5,-3)",113,3,-6.84244376603362,"[-10,-5)","[-5,-3)","[-10,-5)"
60190038113002,275,3,-4.781462323665619,"[-5,-3)",275,3,-6.740310964734067,"[-10,-5)","[-5,-3)","[-10,-5)"
60190038113003,127,3,-4.8141933381557465,"[-5,-3)",127,3,-6.833532938179047,"[-10,-5)","[-5,-3)","[-10,-5)"
60190038113004,47,16,-4.925401405245066,"[-5,-3)",47,16,-6.993331890666251,"[-10,-5)","[-5,-3)","[-10,-5)"
60190038113005,58,50,-5.0395409680902965,"[-10,-5)",58,50,-7.42627995722,"[-10,-5)","[-10,-5)","[-10,-5)"
60190038113006,21,13,-5.155430004000664,"[-10,-5)",21,13,-7.767852980603248,"[-10,-5)","[-10,-5)","[-10,-5)"
60190038113007,45,7,-4.781031981110573,"[-5,-3)",45,7,-7.118210737591645,"[-10,-5)","[-5,-3)","[-10,-5)"
60190038113008,46,9,-4.770153057575226,"[-5,-3)",46,9,-7.060181563197168,"[-10,-5)","[-5,-3)","[-10,-5)"
60190038113009,105,32,-4.679329630360007,"[-5,-3)",105,32,-6.832688440531243,"[-10,-5)","[-5,-3)","[-10,-5)"
60190038113010,169,8,-4.560440260916948,"[-5,-3)",169,8,-6.657615244008464,"[-10,-5)","[-5,-3)","[-10,-5)"
60190038113011,122,32,-4.610408822447061,"[-5,-3)",122,32,-6.276479792474078,"[-10,-5)","[-5,-3)","[-10,-5)"
60190038113012,12,8,-4.6221559535712,"[-5,-3)",12,8,-6.30329976519875,"[-10,-5)","[-5,-3)","[-10,-5)"
60190038113013,101,7,-4.656146060675383,"[-5,-3)",101,7,-6.452616493602771,"[-10,-5)","[-5,-3)","[-10,-5)"
60190038113014,58,3,-4.618107298761607,"[-5,-3)",58,3,-6.446105936560158,"[-10,-5)","[-5,-3)","[-10,-5)"
60190038113015,73,1,-4.747855295240879,"[-5,-3)",73,1,-6.71099357414209,"[-10,-5)","[-5,-3)","[-10,-5)"
60190038113016,115,3,-4.73193091750145,"[-5,-3)",115,3,-6.638212250120602,"[-10,-5)","[-5,-3)","[-10,-5)"
60190038113017,128,3,-4.697975300252438,"[-5,-3)",128,3,-6.54308255847762,"[-10,-5)","[-5,-3)","[-10,-5)"
60190038113018,103,3,-4.669057472795248,"[-5,-3)",103,3,-6.464517291938606,"[-10,-5)","[-5,-3)","[-10,-5)"
60190038113020,208,6,-4.640116084367037,"[-5,-3)",208,6,-6.030983218439879,"[-10,-5)","[-5,-3)","[-10,-5)"
60190038113022,64,2,-4.603800821676851,"[-5,-3)",64,2,-6.079418979090892,"[-10,-5)","[-5,-3)","[-10,-5)"
60190038113023,160,3,-4.480948667228222,"[-5,-3)",160,3,-6.218591509715428,"[-10,-5)","[-5,-3)","[-10,-5)"
60190038113024,12,2,-4.449127304926515,"[-5,-3)",12,2,-6.330812833873857,"[-10,-5)","[-5,-3)","[-10,-5)"
60190038113025,73,4,-4.564054599031806,"[-5,-3)",73,4,-6.611653892711648,"[-10,-5)","[-5,-3)","[-10,-5)"
60190038113026,36,2,-4.478857134282589,"[-5,-3)",36,2,-6.429873856645537,"[-10,-5)","[-5,-3)","[-10,-5)"
60190038113028,160,9,-4.526248182356357,"[-5,-3)",160,9,-6.051234970811306,"[-10,-5)","[-5,-3)","[-10,-5)"
60190038113029,51,8,-4.656449656561017,"[-5,-3)",51,8,-5.946309901809795,"[-10,-5)","[-5,-3)","[-10,-5)"
60190038113030,131,3,-4.762298170477152,"[-5,-3)",131,3,-6.757007191690906,"[-10,-5)","[-5,-3)","[-10,-5)"
60190038113031,98,3,-4.659608104079962,"[-5,-3)",98,3,-6.607601837903058,"[-10,-5)","[-5,-3)","[-10,-5)"
60190038113032,82,3,-4.704696989804506,"[-5,-3)",82,3,-6.682186915729981,"[-10,-5)","[-5,-3)","[-10,-5)"
60190038113033,72,4,-4.466227602213621,"[-5,-3)",72,4,-6.08805796562392,"[-10,-5)","[-5,-3)","[-10,-5)"
60190042051000,26,21,-6.379471273720265,"[-10,-5)",26,21,-8.319890270450518,"[-10,-5)","[-10,-5)","[-10,-5)"
60190042051001,28,16,-5.988219776004553,"[-10,-5)",28,16,-7.591416032581272,"[-10,-5)","[-10,-5)","[-10,-5)"
60190042051002,0,8,-5.821050428599119,"[-10,-5)",0,8,-7.340630057033525,"[-10,-5)","[-10,-5)","[-10,-5)"
60190042051003,246,2,-6.36103807836771,"[-10,-5)",246,2,-8.349503931155734,"[-10,-5)","[-10,-5)","[-10,-5)"
60190042051004,63,2,-6.265242292732001,"[-10,-5)",63,2,-8.09227329949181,"[-10,-5)","[-10,-5)","[-10,-5)"
60190042051005,93,3,-6.557094879448414,"[-10,-5)",93,3,-8.993067665870877,"[-10,-5)","[-10,-5)","[-10,-5)"
60190042051006,79,2,-6.565702298283577,"[-10,-5)",79,2,-9.155341311767994,"[-10,-5)","[-10,-5)","[-10,-5)"
60190042051007,132,4,-6.510999117046595,"[-10,-5)",132,4,-8.91889787750278,"[-10,-5)","[-10,-5)","[-10,-5)"
60190042051008,164,10,-6.374010238051415,"[-10,-5)",164,10,-8.462256439505687,"[-10,-5)","[-10,-5)","[-10,-5)"
60190042051009,107,3,-6.4296538710594175,"[-10,-5)",107,3,-8.549141982062816,"[-10,-5)","[-10,-5)","[-10,-5)"
60190042051011,73,1,-6.532628372311592,"[-10,-5)",73,1,-9.061914250095056,"[-10,-5)","[-10,-5)","[-10,-5)"
60190042051012,52,1,-6.575209008157254,"[-10,-5)",52,1,-9.347328890038568,"[-10,-5)","[-10,-5)","[-10,-5)"
60190042052000,410,12,-6.3369783528149135,"[-10,-5)",410,12,-8.45805923222551,"[-10,-5)","[-10,-5)","[-10,-5)"
60190042052001,267,6,-6.172787623107434,"[-10,-5)",267,6,-8.125280573852702,"[-10,-5)","[-10,-5)","[-10,-5)"
60190042052002,117,3,-6.476317083835602,"[-10,-5)",117,3,-9.084835842154249,"[-10,-5)","[-10,-5)","[-10,-5)"
60190042052004,115,4,-6.474372594058513,"[-10,-5)",115,4,-9.222837211055978,"[-10,-5)","[-10,-5)","[-10,-5)"
60190042053000,110,4,-6.435467185825109,"[-10,-5)",110,4,-9.201988089510875,"[-10,-5)","[-10,-5)","[-10,-5)"
60190042053001,1262,22,-5.983853899687529,"[-10,-5)",1262,22,-8.267380582700675,"[-10,-5)","[-10,-5)","[-10,-5)"
60190042053002,161,3,-5.975224055349827,"[-10,-5)",161,3,-7.9634531794876064,"[-10,-5)","[-10,-5)","[-10,-5)"
60190042053003,24,1,-5.866197507083416,"[-10,-5)",24,1,-8.030150030042568,"[-10,-5)","[-10,-5)","[-10,-5)"
60190042053004,58,2,-6.17123856022954,"[-10,-5)",58,2,-8.784919021615028,"[-10,-5)","[-10,-5)","[-10,-5)"
60190042053006,75,4,-6.384398355334997,"[-10,-5)",75,4,-9.171879035634529,"[-10,-5)","[-10,-5)","[-10,-5)"
60190042053007,97,1,-5.969313941895962,"[-10,-5)",97,1,-8.529285351194279,"[-10,-5)","[-10,-5)","[-10,-5)"
60190042053009,139,1,-5.752103930711747,"[-10,-5)",139,1,-7.639641023889981,"[-10,-5)","[-10,-5)","[-10,-5)"
60190042053010,132,3,-6.097772897779942,"[-10,-5)",132,3,-8.06705284451177,"[-10,-5)","[-10,-5)","[-10,-5)"
60190042053011,175,3,-6.036899864673615,"[-10,-5)",175,3,-8.016381281309167,"[-10,-5)","[-10,-5)","[-10,-5)"
60190042053012,262,6,-6.235160610079765,"[-10,-5)",262,6,-9.220255428640606,"[-10,-5)","[-10,-5)","[-10,-5)"
60190042053013,108,3,-6.123880156874657,"[-10,-5)",108,3,-9.140044343275026,"[-10,-5)","[-10,-5)","[-10,-5)"
60190042054000,1,80,-5.578768989443779,"[-10,-5)",1,80,-6.978459585470784,"[-10,-5)","[-10,-5)","[-10,-5)"
60190042054001,0,11,-5.840282709896565,"[-10,-5)",0,11,-7.135654031085224,"[-10,-5)","[-10,-5)","[-10,-5)"
60190042054002,6,2,-5.821136724203825,"[-10,-5)",6,2,-7.185765152357412,"[-10,-5)","[-10,-5)","[-10,-5)"
60190042054003,10,4,-5.842350965738296,"[-10,-5)",10,4,-7.289565928829488,"[-10,-5)","[-10,-5)","[-10,-5)"
60190042054004,0,2,-5.781537828594447,"[-10,-5)",0,2,-7.151499511168474,"[-10,-5)","[-10,-5)","[-10,-5)"
60190042054005,0,29,-5.23426785171032,"[-10,-5)",0,29,-7.208339344274233,"[-10,-5)","[-10,-5)","[-10,-5)"
60190042054006,0,2,-5.259786938130856,"[-10,-5)",0,2,-6.740135134245001,"[-10,-5)","[-10,-5)","[-10,-5)"
60190042054007,0,4,-5.369659694284201,"[-10,-5)",0,4,-7.267637395558298,"[-10,-5)","[-10,-5)","[-10,-5)"
60190042054008,24,11,-5.350803820788861,"[-10,-5)",24,11,-7.066679053676783,"[-10,-5)","[-10,-5)","[-10,-5)"
60190042054009,0,49,-5.362689904868603,"[-10,-5)",0,49,-6.886103129796695,"[-10,-5)","[-10,-5)","[-10,-5)"
60190042054010,0,36,-5.593884913623333,"[-10,-5)",0,36,-7.078285286233681,"[-10,-5)","[-10,-5)","[-10,-5)"
60190042054011,0,9,-5.932879596948624,"[-10,-5)",0,9,-7.545531660383869,"[-10,-5)","[-10,-5)","[-10,-5)"
60190042054012,0,3,-5.827732376754284,"[-10,-5)",0,3,-7.471284608860641,"[-10,-5)","[-10,-5)","[-10,-5)"
60190042054013,20,12,-5.7507904775440695,"[-10,-5)",20,12,-7.469691340341792,"[-10,-5)","[-10,-5)","[-10,-5)"
60190042054014,23,11,-5.582057306170464,"[-10,-5)",23,11,-7.558146006681791,"[-10,-5)","[-10,-5)","[-10,-5)"
60190042054015,652,23,-5.596969413757324,"[-10,-5)",652,23,-8.25556585324721,"[-10,-5)","[-10,-5)","[-10,-5)"
60190042054016,46,1,-5.606899085640907,"[-10,-5)",46,1,-8.534054078577848,"[-10,-5)","[-10,-5)","[-10,-5)"
60190042054018,54,1,-5.569112965464592,"[-10,-5)",54,1,-8.821448586871577,"[-10,-5)","[-10,-5)","[-10,-5)"
60190042054019,66,1,-5.561028997600078,"[-10,-5)",66,1,-8.215024285038224,"[-10,-5)","[-10,-5)","[-10,-5)"
60190042054021,65,2,-5.551598647981882,"[-10,-5)",65,2,-8.50640835588272,"[-10,-5)","[-10,-5)","[-10,-5)"
60190042054023,65,2,-5.845302332192659,"[-10,-5)",65,2,-8.562816992409477,"[-10,-5)","[-10,-5)","[-10,-5)"
60190042054025,61,6,-5.974259191006422,"[-10,-5)",61,6,-9.049918577149612,"[-10,-5)","[-10,-5)","[-10,-5)"
60190042054026,128,4,-5.82738662660122,"[-10,-5)",128,4,-8.808134611341721,"[-10,-5)","[-10,-5)","[-10,-5)"
60190042054027,113,4,-5.748644725978375,"[-10,-5)",113,4,-8.754780141888356,"[-10,-5)","[-10,-5)","[-10,-5)"
60190042054028,20,12,-5.529950657486916,"[-10,-5)",20,12,-8.865326957592762,"[-10,-5)","[-10,-5)","[-10,-5)"
60190042054029,9,34,-5.501783658564091,"[-10,-5)",9,34,-9.874701621944734,"[-10,-5)","[-10,-5)","[-10,-5)"
60190042054030,17,1,-5.385620690882206,"[-10,-5)",17,1,-7.867725834615233,"[-10,-5)","[-10,-5)","[-10,-5)"
60190042054031,10,2,-5.3871907599270346,"[-10,-5)",10,2,-7.698700184315719,"[-10,-5)","[-10,-5)","[-10,-5)"
60190042054032,0,1,-5.363358695805073,"[-10,-5)",0,1,-7.890612771876902,"[-10,-5)","[-10,-5)","[-10,-5)"
60190042054033,6,4,-5.418493071198464,"[-10,-5)",6,4,-7.59654409044734,"[-10,-5)","[-10,-5)","[-10,-5)"
60190042081001,97,7,-10.994217869639398,<-10,97,7,-15.218131669162789,<-10,<-10,<-10
60190042081002,42,9,-10.332894909381867,<-10,42,9,-14.062248735284642,<-10,<-10,<-10
60190042081003,48,3,-10.936616688966753,<-10,48,3,-15.184012032612587,<-10,<-10,<-10
60190042081004,20,2,-11.030643698573114,<-10,20,2,-15.320887688706296,<-10,<-10,<-10
60190042081009,30,2,-9.498441959917546,"[-10,-5)",30,2,-13.829730382922346,<-10,"[-10,-5)",<-10
60190042081011,41,2,-8.788396614789963,"[-10,-5)",41,2,-13.160579193240292,<-10,"[-10,-5)",<-10
60190042081012,63,1,-9.15705257356167,"[-10,-5)",63,1,-13.669628058928968,<-10,"[-10,-5)",<-10
60190042081014,54,3,-9.803338524699212,"[-10,-5)",54,3,-14.02007668725783,<-10,"[-10,-5)",<-10
60190042081015,58,2,-9.947282999753952,"[-10,-5)",58,2,-14.036567257875276,<-10,"[-10,-5)",<-10
60190042081016,103,6,-10.167330546677114,<-10,103,6,-14.329737187015011,<-10,<-10,<-10
60190042081017,43,1,-10.247118213772774,<-10,43,1,-14.464362553715544,<-10,<-10,<-10
60190042081018,12,1,-10.156901836395264,<-10,12,1,-14.034068135673666,<-10,<-10,<-10
60190042081019,0,22,-10.562642195820809,<-10,0,22,-14.56560739684253,<-10,<-10,<-10
60190042081020,61,8,-10.558754351735114,<-10,61,8,-14.50726916982753,<-10,<-10,<-10
60190042081021,18,2,-10.741961623728276,<-10,18,2,-14.906759449652604,<-10,<-10,<-10
60190042081022,7,7,-10.42716718018055,<-10,7,7,-14.376525708560871,<-10,<-10,<-10
60190042081023,36,2,-10.27790700942278,<-10,36,2,-14.17468366934255,<-10,<-10,<-10
60190042081026,0,3,-10.522895121574402,<-10,0,3,-14.6239598266434,<-10,<-10,<-10
60190042081027,0,2,-10.47040411680937,<-10,0,2,-14.628440521529532,<-10,<-10,<-10
60190042081028,0,10,-10.296088130772114,<-10,0,10,-14.69856478837054,<-10,<-10,<-10
60190042081031,37,2,-9.822230449318884,"[-10,-5)",37,2,-14.193669953493,<-10,"[-10,-5)",<-10
60190042081032,0,1,-10.833748921751976,<-10,0,1,-15.483238597758543,<-10,<-10,<-10
60190042081033,30,5,-11.626540964841842,<-10,30,5,-16.19918853499228,<-10,<-10,<-10
60190042081034,8,4,-11.763322904706,<-10,8,4,-16.452615660600337,<-10,<-10,<-10
60190042081035,77,7,-11.32107609808445,<-10,77,7,-15.762461959285792,<-10,<-10,<-10
60190042081036,31,3,-11.95330949127674,<-10,31,3,-16.701242244584474,<-10,<-10,<-10
60190042081037,68,5,-11.821997103095056,<-10,68,5,-16.53374595026739,<-10,<-10,<-10
60190042081038,24,2,-12.202940534055234,<-10,24,2,-17.045205880885288,<-10,<-10,<-10
60190042081039,118,6,-11.707908068597316,<-10,118,6,-16.411023086237,<-10,<-10,<-10
60190042081040,0,5,-11.725950095057488,<-10,0,5,-16.497298193057453,<-10,<-10,<-10
60190042082001,116,2,-8.447226089984179,"[-10,-5)",116,2,-12.616213112096895,<-10,"[-10,-5)",<-10
60190042082002,78,3,-8.595276702940465,"[-10,-5)",78,3,-12.98892034644056,<-10,"[-10,-5)",<-10
60190042082004,49,2,-8.256557654589415,"[-10,-5)",49,2,-12.555236575578768,<-10,"[-10,-5)",<-10
60190042082005,100,2,-8.252412343025208,"[-10,-5)",100,2,-12.475923674391575,<-10,"[-10,-5)",<-10
60190042082006,66,2,-8.817290881276131,"[-10,-5)",66,2,-13.276123401180769,<-10,"[-10,-5)",<-10
60190042082007,37,1,-8.825845500826835,"[-10,-5)",37,1,-13.391580688071722,<-10,"[-10,-5)",<-10
60190042082008,30,1,-8.987096218764782,"[-10,-5)",30,1,-13.735656242325188,<-10,"[-10,-5)",<-10
60190042082009,33,1,-8.722747801244259,"[-10,-5)",33,1,-13.313252892112446,<-10,"[-10,-5)",<-10
60190042082010,73,1,-8.639984638988972,"[-10,-5)",73,1,-13.228872436926997,<-10,"[-10,-5)",<-10
60190042082011,140,5,-8.553174667060375,"[-10,-5)",140,5,-13.22637047416821,<-10,"[-10,-5)",<-10
60190042082012,75,2,-8.233182616531849,"[-10,-5)",75,2,-12.604236186828803,<-10,"[-10,-5)",<-10
60190042082013,42,2,-8.261824525147677,"[-10,-5)",42,2,-12.79684187034042,<-10,"[-10,-5)",<-10
60190042082014,135,4,-8.382669029384852,"[-10,-5)",135,4,-13.046867712788428,<-10,"[-10,-5)",<-10
60190042082015,43,1,-8.488815177977086,"[-10,-5)",43,1,-13.309985115139575,<-10,"[-10,-5)",<-10
60190042082016,69,1,-8.396222832798959,"[-10,-5)",69,1,-12.892545922643968,<-10,"[-10,-5)",<-10
60190042082017,87,1,-8.715484777092934,"[-10,-5)",87,1,-13.743525721919802,<-10,"[-10,-5)",<-10
60190042082018,44,1,-8.576896306872369,"[-10,-5)",44,1,-13.431410980764358,<-10,"[-10,-5)",<-10
60190042082019,120,2,-8.74662102609873,"[-10,-5)",120,2,-13.730229641900142,<-10,"[-10,-5)",<-10
60190042082020,55,3,-8.886616341769695,"[-10,-5)",55,3,-13.84701290087988,<-10,"[-10,-5)",<-10
60190042082021,99,3,-9.159076546132566,"[-10,-5)",99,3,-14.280822792480192,<-10,"[-10,-5)",<-10
60190042082022,56,1,-9.000754769146443,"[-10,-5)",56,1,-13.96208273577231,<-10,"[-10,-5)",<-10
60190042082023,47,2,-8.939695519208907,"[-10,-5)",47,2,-13.825007104453558,<-10,"[-10,-5)",<-10
60190042082024,44,1,-8.8972113981843,"[-10,-5)",44,1,-13.689209723863067,<-10,"[-10,-5)",<-10
60190042082025,60,2,-9.275914833694696,"[-10,-5)",60,2,-14.241219176250034,<-10,"[-10,-5)",<-10
60190042082026,42,2,-9.256023129075766,"[-10,-5)",42,2,-14.05353958698942,<-10,"[-10,-5)",<-10
60190042082027,114,2,-8.92654991671443,"[-10,-5)",114,2,-13.408513817496864,<-10,"[-10,-5)",<-10
60190042082028,57,2,-9.08302457034588,"[-10,-5)",57,2,-13.727116959348963,<-10,"[-10,-5)",<-10
60190042082029,90,4,-8.892425966262817,"[-10,-5)",90,4,-13.391091544126372,<-10,"[-10,-5)",<-10
60190042082030,120,3,-9.022345134615898,"[-10,-5)",120,3,-13.587187136181864,<-10,"[-10,-5)",<-10
60190042082031,65,2,-9.211660943180323,"[-10,-5)",65,2,-13.88872875542456,<-10,"[-10,-5)",<-10
60190042082032,129,6,-9.197241912782191,"[-10,-5)",129,6,-13.804236382286456,<-10,"[-10,-5)",<-10
60190042082034,71,1,-9.418663376569748,"[-10,-5)",71,1,-14.23242083445955,<-10,"[-10,-5)",<-10
60190042082035,48,2,-9.441682161390782,"[-10,-5)",48,2,-14.3591494522166,<-10,"[-10,-5)",<-10
60190042083006,44,4,-9.277576024085285,"[-10,-5)",44,4,-14.491978450560346,<-10,"[-10,-5)",<-10
60190042083007,60,2,-9.707223388552666,"[-10,-5)",60,2,-15.036799588963005,<-10,"[-10,-5)",<-10
60190042083008,78,4,-9.849615110456943,"[-10,-5)",78,4,-15.17501371559706,<-10,"[-10,-5)",<-10
60190042083009,382,11,-10.042499980330469,<-10,382,11,-15.138338145701772,<-10,<-10,<-10
60190042083010,33,2,-10.100052335858344,<-10,33,2,-15.096042817493611,<-10,<-10,<-10
60190042083011,52,3,-9.97091891169548,"[-10,-5)",52,3,-15.238485965648191,<-10,"[-10,-5)",<-10
60190042083012,28,2,-9.956615982949735,"[-10,-5)",28,2,-15.161410855402616,<-10,"[-10,-5)",<-10
60190042083013,25,2,-9.78482300788164,"[-10,-5)",25,2,-14.28202434816476,<-10,"[-10,-5)",<-10
60190042083014,71,6,-9.4433246165514,"[-10,-5)",71,6,-13.9853963247215,<-10,"[-10,-5)",<-10
60190042083015,29,3,-9.56083879172802,"[-10,-5)",29,3,-14.32403448443266,<-10,"[-10,-5)",<-10
60190042083016,113,4,-9.660707786679268,"[-10,-5)",113,4,-14.445626806707835,<-10,"[-10,-5)",<-10
60190042083017,32,9,-9.713735300302506,"[-10,-5)",32,9,-14.737373048592003,<-10,"[-10,-5)",<-10
60190042083018,50,4,-9.562794068455696,"[-10,-5)",50,4,-14.663778188995906,<-10,"[-10,-5)",<-10
60190042083019,68,2,-9.609478287398815,"[-10,-5)",68,2,-14.871958079380663,<-10,"[-10,-5)",<-10
60190042083021,62,3,-9.903138256072998,"[-10,-5)",62,3,-15.086646822473735,<-10,"[-10,-5)",<-10
60190042083022,83,5,-10.044976437091828,<-10,83,5,-14.869619164603664,<-10,<-10,<-10
60190042083023,75,3,-9.853516012430193,"[-10,-5)",75,3,-14.63435058478558,<-10,"[-10,-5)",<-10
60190042083024,62,3,-9.9713242739439,"[-10,-5)",62,3,-15.033444322829174,<-10,"[-10,-5)",<-10
60190042083025,49,3,-9.959681180119516,"[-10,-5)",49,3,-15.189820403921807,<-10,"[-10,-5)",<-10
60190042083027,0,2,-10.226517409086227,<-10,0,2,-14.939516186870758,<-10,<-10,<-10
60190042083028,32,2,-9.973423187434673,"[-10,-5)",32,2,-14.877114826874193,<-10,"[-10,-5)",<-10
60190042101000,381,41,-10.56907803118229,<-10,381,41,-14.905101132374472,<-10,<-10,<-10
60190042101002,95,3,-10.420654132962229,<-10,95,3,-14.707017718408675,<-10,<-10,<-10
60190042101003,127,3,-10.38014288842678,<-10,127,3,-14.782040242040384,<-10,<-10,<-10
60190042101004,91,1,-10.298167741298675,<-10,91,1,-14.624808585126964,<-10,<-10,<-10
60190042101005,108,2,-10.41882432550192,<-10,108,2,-14.685569807411314,<-10,<-10,<-10
60190042101007,40,1,-10.293692860007289,<-10,40,1,-14.79223216118039,<-10,<-10,<-10
60190042101008,110,1,-10.4329716950655,<-10,110,1,-14.71892306163599,<-10,<-10,<-10
60190042101009,32,1,-10.2113963752985,<-10,32,1,-14.651495051664462,<-10,<-10,<-10
60190042101010,95,3,-10.513681930303576,<-10,95,3,-14.870862192422967,<-10,<-10,<-10
60190042101011,118,1,-10.338940143585203,<-10,118,1,-14.761333716465412,<-10,<-10,<-10
60190042101013,39,2,-10.344645872712135,<-10,39,2,-14.620490370111176,<-10,<-10,<-10
60190042101014,0,4,-10.194422824680808,<-10,0,4,-14.891932877427635,<-10,<-10,<-10
60190042101015,0,8,-10.068360275030138,<-10,0,8,-15.014317715154334,<-10,<-10,<-10
60190042101016,0,4,-9.929181361198426,"[-10,-5)",0,4,-14.896553895838162,<-10,"[-10,-5)",<-10
60190042101017,0,2,-9.920629012584689,"[-10,-5)",0,2,-14.314404427501652,<-10,"[-10,-5)",<-10
60190042101018,93,16,-10.006637343764304,<-10,93,16,-14.212144937352145,<-10,<-10,<-10
60190042101019,77,3,-10.143194460868836,<-10,77,3,-14.264930443203571,<-10,<-10,<-10
60190042101020,51,1,-10.151222223043442,<-10,51,1,-14.664646831379688,<-10,<-10,<-10
60190042101021,93,1,-10.020244798064232,<-10,93,1,-14.03830283830854,<-10,<-10,<-10
60190042102000,67,4,-10.41092941313982,<-10,67,4,-14.713819148505898,<-10,<-10,<-10
60190042102001,42,2,-10.23149416744709,<-10,42,2,-14.412492843496985,<-10,<-10,<-10
60190042102002,198,8,-9.961018761992454,"[-10,-5)",198,8,-13.962642893647006,<-10,"[-10,-5)",<-10
60190042102004,83,2,-10.106803831458093,<-10,83,2,-14.210963833679228,<-10,<-10,<-10
60190042102005,45,1,-10.207278031110764,<-10,45,1,-14.370133318696691,<-10,<-10,<-10
60190042102006,52,1,-10.041389492154122,<-10,52,1,-14.118146355575814,<-10,<-10,<-10
60190042102007,74,4,-10.234166492521762,<-10,74,4,-14.431709212778522,<-10,<-10,<-10
60190042102008,98,3,-10.274363780021668,<-10,98,3,-14.481353630507034,<-10,<-10,<-10
60190042102009,31,2,-10.096598808467387,<-10,31,2,-14.180776664480598,<-10,<-10,<-10
60190042102010,72,2,-9.878365172445775,"[-10,-5)",72,2,-13.80012836850154,<-10,"[-10,-5)",<-10
60190042102011,570,11,-9.562329661846162,"[-10,-5)",570,11,-13.232884439879433,<-10,"[-10,-5)",<-10
60190042102012,0,1,-9.719255948066712,"[-10,-5)",0,1,-13.543449373040788,<-10,"[-10,-5)",<-10
60190042102013,97,11,-9.52948623597622,"[-10,-5)",97,11,-13.238424662591436,<-10,"[-10,-5)",<-10
60190042102014,38,2,-9.937532164156435,"[-10,-5)",38,2,-13.963975683073006,<-10,"[-10,-5)",<-10
60190042102015,48,2,-10.04898236989975,<-10,48,2,-14.114129239620464,<-10,<-10,<-10
60190042102016,51,1,-9.842177224159242,"[-10,-5)",51,1,-13.79338659010497,<-10,"[-10,-5)",<-10
60190042102017,0,1,-9.497112326323986,"[-10,-5)",0,1,-13.104025404241948,<-10,"[-10,-5)",<-10
60190042102018,0,2,-9.661856313049793,"[-10,-5)",0,2,-13.399940447834554,<-10,"[-10,-5)",<-10
60190042102020,110,17,-9.069846890866756,"[-10,-5)",110,17,-12.572995739030084,<-10,"[-10,-5)",<-10
60190042102021,61,2,-8.720875697582962,"[-10,-5)",61,2,-12.01402748967846,<-10,"[-10,-5)",<-10
60190042102022,253,3,-8.481443716585636,"[-10,-5)",253,3,-11.669555393643517,<-10,"[-10,-5)",<-10
60190042102023,0,1,-8.636374984681607,"[-10,-5)",0,1,-11.801933311508046,<-10,"[-10,-5)",<-10
60190042111000,23,3,-9.885806465148926,"[-10,-5)",23,3,-14.63537204914532,<-10,"[-10,-5)",<-10
60190042111001,127,3,-9.648986345529556,"[-10,-5)",127,3,-14.53448795677942,<-10,"[-10,-5)",<-10
60190042111002,101,2,-9.723711526393892,"[-10,-5)",101,2,-14.737859351980177,<-10,"[-10,-5)",<-10
60190042111004,523,10,-9.5821242839098,"[-10,-5)",523,10,-14.773131686631553,<-10,"[-10,-5)",<-10
60190042111006,96,3,-9.429445217549802,"[-10,-5)",96,3,-14.536935380840466,<-10,"[-10,-5)",<-10
60190042111007,169,6,-8.546825978904963,"[-10,-5)",169,6,-13.09442488910555,<-10,"[-10,-5)",<-10
60190042111008,83,3,-8.874293102324009,"[-10,-5)",83,3,-13.626986750857023,<-10,"[-10,-5)",<-10
60190042111009,55,2,-9.119243460148574,"[-10,-5)",55,2,-13.902417400445657,<-10,"[-10,-5)",<-10
60190042111010,120,4,-9.55692511573434,"[-10,-5)",120,4,-14.291560666709026,<-10,"[-10,-5)",<-10
60190042111011,171,3,-9.519379998743537,"[-10,-5)",171,3,-13.80090384061002,<-10,"[-10,-5)",<-10
60190042111012,197,6,-9.62857346087694,"[-10,-5)",197,6,-13.714569650200348,<-10,"[-10,-5)",<-10
60190042111013,0,2,-9.763507993519308,"[-10,-5)",0,2,-13.767012016745166,<-10,"[-10,-5)",<-10
60190042111014,26,1,-9.321508719027042,"[-10,-5)",26,1,-13.445771701612804,<-10,"[-10,-5)",<-10
60190042111015,138,7,-9.044842739403247,"[-10,-5)",138,7,-13.379704886639018,<-10,"[-10,-5)",<-10
60190042111016,64,1,-8.817351061105729,"[-10,-5)",64,1,-13.388343589116328,<-10,"[-10,-5)",<-10
60190042111019,122,4,-9.386690855026243,"[-10,-5)",122,4,-13.978619323415971,<-10,"[-10,-5)",<-10
60190042112000,75,3,-8.967252203822136,"[-10,-5)",75,3,-12.995476352397956,<-10,"[-10,-5)",<-10
60190042112001,92,4,-8.468881744891405,"[-10,-5)",92,4,-12.322652322290033,<-10,"[-10,-5)",<-10
60190042112002,48,2,-8.547182232141495,"[-10,-5)",48,2,-12.629064360863124,<-10,"[-10,-5)",<-10
60190042112003,68,4,-8.323829904198647,"[-10,-5)",68,4,-12.487337033116368,<-10,"[-10,-5)",<-10
60190042112004,44,4,-8.034306447207928,"[-10,-5)",44,4,-12.303891010267758,<-10,"[-10,-5)",<-10
60190042112006,73,2,-8.012309016287327,"[-10,-5)",73,2,-11.80049314902087,<-10,"[-10,-5)",<-10
60190042112007,183,6,-7.805019877105952,"[-10,-5)",183,6,-11.673543535915693,<-10,"[-10,-5)",<-10
60190042112008,100,3,-7.575248461961746,"[-10,-5)",100,3,-11.41206115827385,<-10,"[-10,-5)",<-10
60190042112009,86,3,-7.376279751956464,"[-10,-5)",86,3,-11.060534254441768,<-10,"[-10,-5)",<-10
60190042112010,82,3,-7.079698790609837,"[-10,-5)",82,3,-10.68679873840115,<-10,"[-10,-5)",<-10
60190042112011,184,4,-6.94115573912859,"[-10,-5)",184,4,-10.328036935447106,<-10,"[-10,-5)",<-10
60190042112012,47,2,-7.338669345527887,"[-10,-5)",47,2,-10.83767606891652,<-10,"[-10,-5)",<-10
60190042112013,38,2,-7.634632612019778,"[-10,-5)",38,2,-11.130368784451036,<-10,"[-10,-5)",<-10
60190042112014,403,6,-7.290248995274306,"[-10,-5)",403,6,-10.541703646069,<-10,"[-10,-5)",<-10
60190042112015,97,4,-7.721981363743544,"[-10,-5)",97,4,-11.109181068490804,<-10,"[-10,-5)",<-10
60190042112016,77,3,-8.504483507573605,"[-10,-5)",77,3,-12.215286646564692,<-10,"[-10,-5)",<-10
60190042112017,86,2,-8.520023529231548,"[-10,-5)",86,2,-12.114486634691144,<-10,"[-10,-5)",<-10
60190042112018,60,2,-6.685447669029236,"[-10,-5)",60,2,-10.008182812215612,<-10,"[-10,-5)",<-10
60190042112019,38,3,-6.994535247981548,"[-10,-5)",38,3,-10.30120219182513,<-10,"[-10,-5)",<-10
60190042112020,57,3,-7.106009298563004,"[-10,-5)",57,3,-10.392297724169715,<-10,"[-10,-5)",<-10
60190042112022,74,1,-6.721285325288773,"[-10,-5)",74,1,-9.969129695965758,"[-10,-5)","[-10,-5)","[-10,-5)"
60190042113000,0,1,-9.350156588852403,"[-10,-5)",0,1,-12.842403271187148,<-10,"[-10,-5)",<-10
60190042113001,723,18,-8.986943214386702,"[-10,-5)",723,18,-12.273520909187129,<-10,"[-10,-5)",<-10
60190042113002,97,3,-8.6039193212986,"[-10,-5)",97,3,-11.771148489080025,<-10,"[-10,-5)",<-10
60190042113003,54,2,-9.456437574326992,"[-10,-5)",54,2,-13.137569543908713,<-10,"[-10,-5)",<-10
60190042113004,366,11,-9.119415767490864,"[-10,-5)",366,11,-12.649368095430836,<-10,"[-10,-5)",<-10
60190042113005,31,1,-9.31866493821144,"[-10,-5)",31,1,-12.933619243155912,<-10,"[-10,-5)",<-10
60190042113006,76,2,-8.834917326271533,"[-10,-5)",76,2,-12.213681163649998,<-10,"[-10,-5)",<-10
60190042113007,103,3,-8.780468206107617,"[-10,-5)",103,3,-12.379269739769072,<-10,"[-10,-5)",<-10
60190042113009,59,5,-8.544750626385213,"[-10,-5)",59,5,-11.839857022225551,<-10,"[-10,-5)",<-10
60190042113010,97,2,-8.360902098566294,"[-10,-5)",97,2,-11.713266455547156,<-10,"[-10,-5)",<-10
60190042113011,89,5,-7.923654475808144,"[-10,-5)",89,5,-11.146161146115135,<-10,"[-10,-5)",<-10
60190042113013,69,1,-8.184643042087556,"[-10,-5)",69,1,-11.31380287695952,<-10,"[-10,-5)",<-10
60190042113014,190,10,-8.066224182397129,"[-10,-5)",190,10,-11.176803372573026,<-10,"[-10,-5)",<-10
60190042113015,57,1,-7.968616189062596,"[-10,-5)",57,1,-11.042784180773406,<-10,"[-10,-5)",<-10
60190042113016,61,3,-7.61511646360159,"[-10,-5)",61,3,-10.787885078437832,<-10,"[-10,-5)",<-10
60190042113017,105,2,-7.35376908928156,"[-10,-5)",105,2,-10.499446381326967,<-10,"[-10,-5)",<-10
60190042113018,52,1,-7.546546089649201,"[-10,-5)",52,1,-10.64012043047364,<-10,"[-10,-5)",<-10
60190042113019,174,4,-8.430846389383078,"[-10,-5)",174,4,-11.528973946660717,<-10,"[-10,-5)",<-10
60190042113020,0,13,-8.479188108444214,"[-10,-5)",0,13,-11.516318696339493,<-10,"[-10,-5)",<-10
60190042113021,0,1,-8.364108945429326,"[-10,-5)",0,1,-11.436214984035086,<-10,"[-10,-5)",<-10
60190042113022,0,2,-8.552680454403163,"[-10,-5)",0,2,-11.656872305861985,<-10,"[-10,-5)",<-10
60190042121000,61,3,-7.109942561388016,"[-10,-5)",61,3,-9.608705030842106,"[-10,-5)","[-10,-5)","[-10,-5)"
60190042121001,244,8,-6.69642083644867,"[-10,-5)",244,8,-9.017624850750806,"[-10,-5)","[-10,-5)","[-10,-5)"
60190042121002,75,2,-6.727196006476879,"[-10,-5)",75,2,-9.08562523299288,"[-10,-5)","[-10,-5)","[-10,-5)"
60190042121003,73,3,-6.501247429847718,"[-10,-5)",73,3,-8.70113167476749,"[-10,-5)","[-10,-5)","[-10,-5)"
60190042121004,132,4,-6.123256500810385,"[-10,-5)",132,4,-8.101483806128229,"[-10,-5)","[-10,-5)","[-10,-5)"
60190042121005,96,3,-6.206075017154217,"[-10,-5)",96,3,-8.27980091894362,"[-10,-5)","[-10,-5)","[-10,-5)"
60190042121006,143,3,-6.340191444754601,"[-10,-5)",143,3,-8.49711490497682,"[-10,-5)","[-10,-5)","[-10,-5)"
60190042121007,154,8,-6.418158672004939,"[-10,-5)",154,8,-8.581051949187426,"[-10,-5)","[-10,-5)","[-10,-5)"
60190042121008,213,5,-6.249389165639878,"[-10,-5)",213,5,-8.252244105688034,"[-10,-5)","[-10,-5)","[-10,-5)"
60190042121009,54,16,-5.980099473148584,"[-10,-5)",54,16,-7.76897869341127,"[-10,-5)","[-10,-5)","[-10,-5)"
60190042121010,0,13,-5.958595119416714,"[-10,-5)",0,13,-7.626993159017406,"[-10,-5)","[-10,-5)","[-10,-5)"
60190042121011,34,11,-5.979588228464126,"[-10,-5)",34,11,-7.6276050150326675,"[-10,-5)","[-10,-5)","[-10,-5)"
60190042121012,8,2,-5.909232898056508,"[-10,-5)",8,2,-7.475480395862231,"[-10,-5)","[-10,-5)","[-10,-5)"
60190042122000,79,17,-6.773197808861733,"[-10,-5)",79,17,-9.263644371360725,"[-10,-5)","[-10,-5)","[-10,-5)"
60190042122001,74,1,-6.850137721002102,"[-10,-5)",74,1,-9.303149704312666,"[-10,-5)","[-10,-5)","[-10,-5)"
60190042122002,40,1,-7.042842619121075,"[-10,-5)",40,1,-9.591137889055744,"[-10,-5)","[-10,-5)","[-10,-5)"
60190042122004,29,1,-7.239313866198064,"[-10,-5)",29,1,-9.881328073720043,"[-10,-5)","[-10,-5)","[-10,-5)"
60190042122005,83,1,-6.959117147326469,"[-10,-5)",83,1,-9.493442606173282,"[-10,-5)","[-10,-5)","[-10,-5)"
60190042122006,786,20,-7.752740921080113,"[-10,-5)",786,20,-10.495159980551533,<-10,"[-10,-5)",<-10
60190042122007,64,1,-8.006339858472348,"[-10,-5)",64,1,-10.848828664492745,<-10,"[-10,-5)",<-10
60190042122009,58,1,-7.859107634425164,"[-10,-5)",58,1,-10.707529124656382,<-10,"[-10,-5)",<-10
60190042122010,41,1,-7.938184498250485,"[-10,-5)",41,1,-10.78971894214931,<-10,"[-10,-5)",<-10
60190042122011,38,1,-7.636933922767639,"[-10,-5)",38,1,-10.38218420440771,<-10,"[-10,-5)",<-10
60190042122012,281,2,-6.885768438130617,"[-10,-5)",281,2,-9.32351649924964,"[-10,-5)","[-10,-5)","[-10,-5)"
60190042122013,431,10,-6.574613738805056,"[-10,-5)",431,10,-8.907116098512532,"[-10,-5)","[-10,-5)","[-10,-5)"
60190042122015,25,1,-6.778115522861481,"[-10,-5)",25,1,-9.21462828487908,"[-10,-5)","[-10,-5)","[-10,-5)"
60190042122016,66,1,-6.699832351505757,"[-10,-5)",66,1,-9.114802016004749,"[-10,-5)","[-10,-5)","[-10,-5)"
60190042122017,302,6,-6.040788276493549,"[-10,-5)",302,6,-8.079681961706996,"[-10,-5)","[-10,-5)","[-10,-5)"
60190042122018,175,2,-5.98619693890214,"[-10,-5)",175,2,-7.954135867901448,"[-10,-5)","[-10,-5)","[-10,-5)"
60190042122019,141,2,-6.218733219802379,"[-10,-5)",141,2,-8.378308601177821,"[-10,-5)","[-10,-5)","[-10,-5)"
60190042122020,135,3,-6.118774522840977,"[-10,-5)",135,3,-8.181848849692635,"[-10,-5)","[-10,-5)","[-10,-5)"
60190042122021,33,1,-6.209398533403873,"[-10,-5)",33,1,-8.363646213157505,"[-10,-5)","[-10,-5)","[-10,-5)"
60190042122022,48,1,-6.378474900126458,"[-10,-5)",48,1,-8.604251063682506,"[-10,-5)","[-10,-5)","[-10,-5)"
60190042122024,103,1,-6.026805549860001,"[-10,-5)",103,1,-8.044071600751927,"[-10,-5)","[-10,-5)","[-10,-5)"
60190042122025,110,1,-6.107667370140553,"[-10,-5)",110,1,-8.192844078401427,"[-10,-5)","[-10,-5)","[-10,-5)"
60190042122026,336,6,-6.081969163566828,"[-10,-5)",336,6,-8.10240585098688,"[-10,-5)","[-10,-5)","[-10,-5)"
60190042122027,84,1,-6.110903455317021,"[-10,-5)",84,1,-8.149774414307656,"[-10,-5)","[-10,-5)","[-10,-5)"
60190042122028,85,1,-6.032267720997334,"[-10,-5)",85,1,-7.953092531251469,"[-10,-5)","[-10,-5)","[-10,-5)"
60190042122029,117,1,-6.174481174349785,"[-10,-5)",117,1,-8.259246079121734,"[-10,-5)","[-10,-5)","[-10,-5)"
60190042122030,51,1,-6.131331101059914,"[-10,-5)",51,1,-8.150996990115308,"[-10,-5)","[-10,-5)","[-10,-5)"
60190042122031,127,1,-6.100304992496968,"[-10,-5)",127,1,-8.061638174426852,"[-10,-5)","[-10,-5)","[-10,-5)"
60190042122032,75,1,-6.082104568183422,"[-10,-5)",75,1,-7.992397320866931,"[-10,-5)","[-10,-5)","[-10,-5)"
60190042122033,145,2,-6.261289159208536,"[-10,-5)",145,2,-8.434538850714057,"[-10,-5)","[-10,-5)","[-10,-5)"
60190042122034,36,1,-5.972893506288528,"[-10,-5)",36,1,-7.920310797130185,"[-10,-5)","[-10,-5)","[-10,-5)"
60190042123000,81,5,-7.811987395584584,"[-10,-5)",81,5,-10.57055064039298,<-10,"[-10,-5)",<-10
60190042123001,119,2,-7.652263315021992,"[-10,-5)",119,2,-10.61516102269788,<-10,"[-10,-5)",<-10
60190042123002,80,4,-7.316283868253231,"[-10,-5)",80,4,-10.39212445018211,<-10,"[-10,-5)",<-10
60190042123003,59,3,-6.873331935703755,"[-10,-5)",59,3,-10.02068580867232,<-10,"[-10,-5)",<-10
60190042123004,48,3,-6.595925062894821,"[-10,-5)",48,3,-9.700000538411738,"[-10,-5)","[-10,-5)","[-10,-5)"
60190042123005,18,2,-6.606252716481686,"[-10,-5)",18,2,-9.776738758576489,"[-10,-5)","[-10,-5)","[-10,-5)"
60190042123006,103,1,-6.831383188068867,"[-10,-5)",103,1,-9.926433849196076,"[-10,-5)","[-10,-5)","[-10,-5)"
60190042123007,47,2,-7.029938871413469,"[-10,-5)",47,2,-10.08810132019228,<-10,"[-10,-5)",<-10
60190042123009,70,2,-7.281479772180319,"[-10,-5)",70,2,-10.276520022429548,<-10,"[-10,-5)",<-10
60190042123010,145,5,-7.609838806092739,"[-10,-5)",145,5,-10.47016307742108,<-10,"[-10,-5)",<-10
60190042123011,130,3,-6.532494954764843,"[-10,-5)",130,3,-9.512762939847384,"[-10,-5)","[-10,-5)","[-10,-5)"
60190042123012,44,1,-6.5589224159717565,"[-10,-5)",44,1,-9.601472972277318,"[-10,-5)","[-10,-5)","[-10,-5)"
60190042123013,50,1,-6.323970709741116,"[-10,-5)",50,1,-9.29687377729262,"[-10,-5)","[-10,-5)","[-10,-5)"
60190042123015,61,2,-6.456129021942616,"[-10,-5)",61,2,-9.558240260201766,"[-10,-5)","[-10,-5)","[-10,-5)"
60190042123016,154,3,-6.34752486795187,"[-10,-5)",154,3,-9.445984849357249,"[-10,-5)","[-10,-5)","[-10,-5)"
60190042123017,149,5,-6.191192431747914,"[-10,-5)",149,5,-9.356092008920095,"[-10,-5)","[-10,-5)","[-10,-5)"
60190042123018,264,10,-6.053256572037935,"[-10,-5)",264,10,-8.976585332869234,"[-10,-5)","[-10,-5)","[-10,-5)"
60190042123019,223,7,-6.173261681199074,"[-10,-5)",223,7,-9.11609219707314,"[-10,-5)","[-10,-5)","[-10,-5)"
60190042123020,49,2,-5.977006740868092,"[-10,-5)",49,2,-8.749443019014286,"[-10,-5)","[-10,-5)","[-10,-5)"
60190042123021,85,1,-5.954204830527305,"[-10,-5)",85,1,-8.679567869037431,"[-10,-5)","[-10,-5)","[-10,-5)"
60190042123022,125,2,-6.237170105427504,"[-10,-5)",125,2,-9.291332418357744,"[-10,-5)","[-10,-5)","[-10,-5)"
60190042123023,37,1,-5.994524748623372,"[-10,-5)",37,1,-8.812246317850963,"[-10,-5)","[-10,-5)","[-10,-5)"
60190042123024,111,3,-5.990051570534706,"[-10,-5)",111,3,-8.738562264759604,"[-10,-5)","[-10,-5)","[-10,-5)"
60190042123025,29,1,-6.046191971004009,"[-10,-5)",29,1,-8.961165368250636,"[-10,-5)","[-10,-5)","[-10,-5)"
60190042123026,45,3,-6.298289819061757,"[-10,-5)",45,3,-9.62290781671168,"[-10,-5)","[-10,-5)","[-10,-5)"
60190042123027,68,1,-6.423090863227844,"[-10,-5)",68,1,-9.402397067634956,"[-10,-5)","[-10,-5)","[-10,-5)"
60190042123028,69,3,-6.2562036797404295,"[-10,-5)",69,3,-9.08979999987138,"[-10,-5)","[-10,-5)","[-10,-5)"
60190042123029,79,3,-6.939656920731068,"[-10,-5)",79,3,-9.936674625919474,"[-10,-5)","[-10,-5)","[-10,-5)"
60190042123030,76,1,-7.188454529643059,"[-10,-5)",76,1,-10.108954418517426,<-10,"[-10,-5)",<-10
60190042123031,103,3,-7.383437745273113,"[-10,-5)",103,3,-10.221665454732635,<-10,"[-10,-5)",<-10
60190042124000,589,16,-5.992737237364054,"[-10,-5)",589,16,-7.780366771177213,"[-10,-5)","[-10,-5)","[-10,-5)"
60190042124001,391,16,-5.888614209741354,"[-10,-5)",391,16,-7.633072235425302,"[-10,-5)","[-10,-5)","[-10,-5)"
60190042125000,898,15,-6.208060383796692,"[-10,-5)",898,15,-8.24009390643233,"[-10,-5)","[-10,-5)","[-10,-5)"
60190042125001,0,11,-6.534239034354687,"[-10,-5)",0,11,-8.870164142404223,"[-10,-5)","[-10,-5)","[-10,-5)"
60190042125002,371,19,-6.295155358314514,"[-10,-5)",371,19,-8.174942318979978,"[-10,-5)","[-10,-5)","[-10,-5)"
60190042125003,0,3,-6.624758014082909,"[-10,-5)",0,3,-9.440452012093898,"[-10,-5)","[-10,-5)","[-10,-5)"
60190042126000,168,3,-7.411239691078663,"[-10,-5)",168,3,-9.999406626771083,"[-10,-5)","[-10,-5)","[-10,-5)"
60190042126001,837,18,-7.003732826560736,"[-10,-5)",837,18,-9.532840566064053,"[-10,-5)","[-10,-5)","[-10,-5)"
60190042126002,73,2,-6.7497713908553125,"[-10,-5)",73,2,-9.117889133541356,"[-10,-5)","[-10,-5)","[-10,-5)"
60190042126003,88,1,-7.419061365723611,"[-10,-5)",88,1,-10.02300824821771,<-10,"[-10,-5)",<-10
60190042126004,78,1,-7.567433032393456,"[-10,-5)",78,1,-10.288652610230772,<-10,"[-10,-5)",<-10
60190042126005,714,32,-6.624153660982847,"[-10,-5)",714,32,-9.296466157338164,"[-10,-5)","[-10,-5)","[-10,-5)"
60190042126006,38,2,-6.851824743300677,"[-10,-5)",38,2,-9.490185339261956,"[-10,-5)","[-10,-5)","[-10,-5)"
60190042126007,69,2,-6.664024785161018,"[-10,-5)",69,2,-9.135863611226458,"[-10,-5)","[-10,-5)","[-10,-5)"
60190042126009,0,20,-5.883963046967983,"[-10,-5)",0,20,-8.320758628778584,"[-10,-5)","[-10,-5)","[-10,-5)"
60190042126010,0,10,-6.001296398788691,"[-10,-5)",0,10,-8.024725418007543,"[-10,-5)","[-10,-5)","[-10,-5)"
60190042126011,0,5,-5.969469501078129,"[-10,-5)",0,5,-8.490425960943686,"[-10,-5)","[-10,-5)","[-10,-5)"
60190042126012,0,1,-6.118629182875156,"[-10,-5)",0,1,-8.710707761112193,"[-10,-5)","[-10,-5)","[-10,-5)"
60190042126013,17,7,-5.891035880148411,"[-10,-5)",17,7,-7.64616180693842,"[-10,-5)","[-10,-5)","[-10,-5)"
60190042126015,87,2,-6.623542778939009,"[-10,-5)",87,2,-9.023251426400895,"[-10,-5)","[-10,-5)","[-10,-5)"
60190042126016,96,4,-6.473444064706564,"[-10,-5)",96,4,-8.762944187261905,"[-10,-5)","[-10,-5)","[-10,-5)"
60190042126017,0,12,-6.164379478991032,"[-10,-5)",0,12,-8.33820107010501,"[-10,-5)","[-10,-5)","[-10,-5)"
60190042131000,93,3,-6.810961219668388,"[-10,-5)",93,3,-9.583943325845654,"[-10,-5)","[-10,-5)","[-10,-5)"
60190042131001,554,12,-7.023090577125549,"[-10,-5)",554,12,-9.763902280707564,"[-10,-5)","[-10,-5)","[-10,-5)"
60190042131002,465,10,-7.560470623522997,"[-10,-5)",465,10,-10.423446137916002,<-10,"[-10,-5)",<-10
60190042131003,229,5,-6.471014446020127,"[-10,-5)",229,5,-8.912069746168122,"[-10,-5)","[-10,-5)","[-10,-5)"
60190042131004,74,3,-6.45613469928503,"[-10,-5)",74,3,-9.00615013599106,"[-10,-5)","[-10,-5)","[-10,-5)"
60190042132000,43,4,-6.138791128993034,"[-10,-5)",43,4,-9.144620480882203,"[-10,-5)","[-10,-5)","[-10,-5)"
60190042132001,54,4,-6.2372754201293,"[-10,-5)",54,4,-9.126466195927994,"[-10,-5)","[-10,-5)","[-10,-5)"
60190042132002,65,3,-6.307138524949551,"[-10,-5)",65,3,-9.099993055234258,"[-10,-5)","[-10,-5)","[-10,-5)"
60190042132003,266,13,-6.376932933926582,"[-10,-5)",266,13,-8.985806065511479,"[-10,-5)","[-10,-5)","[-10,-5)"
60190042132004,42,2,-6.598117084801197,"[-10,-5)",42,2,-9.365311321283755,"[-10,-5)","[-10,-5)","[-10,-5)"
60190042132005,63,2,-6.277495984733105,"[-10,-5)",63,2,-8.610613343640642,"[-10,-5)","[-10,-5)","[-10,-5)"
60190042132006,114,7,-6.204904916882515,"[-10,-5)",114,7,-8.440855397701693,"[-10,-5)","[-10,-5)","[-10,-5)"
60190042132007,89,4,-6.142550097405911,"[-10,-5)",89,4,-8.501543333610954,"[-10,-5)","[-10,-5)","[-10,-5)"
60190042132008,122,6,-6.101549182087183,"[-10,-5)",122,6,-8.588504719044625,"[-10,-5)","[-10,-5)","[-10,-5)"
60190042132009,99,2,-6.116415303200483,"[-10,-5)",99,2,-8.790275460277883,"[-10,-5)","[-10,-5)","[-10,-5)"
60190042132010,76,3,-6.029301309585572,"[-10,-5)",76,3,-8.862216831543043,"[-10,-5)","[-10,-5)","[-10,-5)"
60190042132011,91,3,-6.002098323404789,"[-10,-5)",91,3,-8.748049157609046,"[-10,-5)","[-10,-5)","[-10,-5)"
60190042132012,60,2,-5.997476398944855,"[-10,-5)",60,2,-8.709576651245541,"[-10,-5)","[-10,-5)","[-10,-5)"
60190042132013,78,4,-6.279965912550688,"[-10,-5)",78,4,-8.67104364101423,"[-10,-5)","[-10,-5)","[-10,-5)"
60190042132014,38,2,-6.161143393814564,"[-10,-5)",38,2,-8.681241241268584,"[-10,-5)","[-10,-5)","[-10,-5)"
60190042132015,62,4,-6.060659258812666,"[-10,-5)",62,4,-8.671137663456687,"[-10,-5)","[-10,-5)","[-10,-5)"
60190042132016,175,6,-6.382940129935742,"[-10,-5)",175,6,-8.53617512261961,"[-10,-5)","[-10,-5)","[-10,-5)"
60190042132017,163,5,-6.369573962688446,"[-10,-5)",163,5,-8.587402014749712,"[-10,-5)","[-10,-5)","[-10,-5)"
60190042132018,44,1,-6.3199080035090445,"[-10,-5)",44,1,-8.851606782387034,"[-10,-5)","[-10,-5)","[-10,-5)"
60190042132019,41,2,-6.24852251932025,"[-10,-5)",41,2,-8.484853923991334,"[-10,-5)","[-10,-5)","[-10,-5)"
60190042132020,32,1,-6.463594727218151,"[-10,-5)",32,1,-8.98003348522265,"[-10,-5)","[-10,-5)","[-10,-5)"
60190042141000,283,20,-11.414730674028398,<-10,283,20,-16.12683329454688,<-10,<-10,<-10
60190042141001,97,4,-11.044077426195145,<-10,97,4,-15.679964793506642,<-10,<-10,<-10
60190042141003,73,5,-11.234295648336412,<-10,73,5,-15.93778114805983,<-10,<-10,<-10
60190042141004,129,5,-10.282622042298318,<-10,129,5,-14.501469320189832,<-10,<-10,<-10
60190042141005,33,1,-10.049489924311638,<-10,33,1,-14.142108159672093,<-10,<-10,<-10
60190042141006,44,2,-9.784087792038918,"[-10,-5)",44,2,-13.768922575500344,<-10,"[-10,-5)",<-10
60190042141007,75,3,-10.030391344428065,<-10,75,3,-14.166316524131066,<-10,<-10,<-10
60190042141008,36,2,-10.170272545516491,<-10,36,2,-14.382910712976395,<-10,<-10,<-10
60190042141009,124,6,-9.822286087274552,"[-10,-5)",124,6,-13.92589858226811,<-10,"[-10,-5)",<-10
60190042141010,93,8,-10.731678253412248,<-10,93,8,-15.238163846464673,<-10,<-10,<-10
60190042141011,116,6,-9.941375724971294,"[-10,-5)",116,6,-14.13292066154878,<-10,"[-10,-5)",<-10
60190042141013,0,1,-10.337252837419513,<-10,0,1,-14.635409544500016,<-10,<-10,<-10
60190042142000,117,12,-12.636708229780195,<-10,117,12,-17.42261537357465,<-10,<-10,<-10
60190042142001,120,4,-11.864652679860592,<-10,120,4,-16.59765450990044,<-10,<-10,<-10
60190042142002,74,4,-11.936079892516137,<-10,74,4,-16.63144180126129,<-10,<-10,<-10
60190042142003,55,3,-11.84890316426754,<-10,55,3,-16.663798019917923,<-10,<-10,<-10
60190042142004,151,13,-9.885084307193756,"[-10,-5)",151,13,-14.349164325638853,<-10,"[-10,-5)",<-10
60190042142005,58,3,-11.533169120550156,<-10,58,3,-16.157778892510947,<-10,<-10,<-10
60190042142006,99,2,-11.144490310549736,<-10,99,2,-15.718938374155629,<-10,<-10,<-10
60190042142007,63,3,-10.386328920722008,<-10,63,3,-14.739773887515396,<-10,<-10,<-10
60190042142008,108,5,-9.883032515645027,"[-10,-5)",108,5,-14.104468504671978,<-10,"[-10,-5)",<-10
60190042142009,46,2,-10.881028693914413,<-10,46,2,-15.611183542097464,<-10,<-10,<-10
60190042142010,29,1,-9.3228752553463,"[-10,-5)",29,1,-13.730342127964228,<-10,"[-10,-5)",<-10
60190042143000,144,7,-7.540265245735646,"[-10,-5)",144,7,-11.152263799147573,<-10,"[-10,-5)",<-10
60190042143001,56,3,-8.24167875945568,"[-10,-5)",56,3,-12.209712337166604,<-10,"[-10,-5)",<-10
60190042143002,67,3,-8.255040952563286,"[-10,-5)",67,3,-12.153714729262909,<-10,"[-10,-5)",<-10
60190042143003,103,6,-8.333684067428113,"[-10,-5)",103,6,-12.159974749162783,<-10,"[-10,-5)",<-10
60190042143004,77,4,-8.273861342668534,"[-10,-5)",77,4,-11.991363252099228,<-10,"[-10,-5)",<-10
60190042143005,160,14,-7.941056665778161,"[-10,-5)",160,14,-11.44534851157209,<-10,"[-10,-5)",<-10
60190042143007,90,6,-6.959028013050556,"[-10,-5)",90,6,-10.387219376054192,<-10,"[-10,-5)",<-10
60190042143008,211,6,-6.5408741444349285,"[-10,-5)",211,6,-9.780138337402231,"[-10,-5)","[-10,-5)","[-10,-5)"
60190042143009,32,1,-6.414106468856335,"[-10,-5)",32,1,-9.471586223054311,"[-10,-5)","[-10,-5)","[-10,-5)"
60190042143010,95,4,-6.96509027928114,"[-10,-5)",95,4,-10.14091182294684,<-10,"[-10,-5)",<-10
60190042143011,25,2,-7.2203484199941155,"[-10,-5)",25,2,-10.45370318482111,<-10,"[-10,-5)",<-10
60190042143012,0,3,-7.052227266132832,"[-10,-5)",0,3,-10.161879679781812,<-10,"[-10,-5)",<-10
60190042143013,0,2,-6.780151417851448,"[-10,-5)",0,2,-9.767822817719004,"[-10,-5)","[-10,-5)","[-10,-5)"
60190042143014,40,2,-6.54344257414341,"[-10,-5)",40,2,-9.550097803062735,"[-10,-5)","[-10,-5)","[-10,-5)"
60190042144000,59,1,-8.469793809950351,"[-10,-5)",59,1,-12.110797319033662,<-10,"[-10,-5)",<-10
60190042144001,35,2,-8.98929306641221,"[-10,-5)",35,2,-12.834318477358751,<-10,"[-10,-5)",<-10
60190042144002,95,2,-9.15023976266384,"[-10,-5)",95,2,-12.984301600475773,<-10,"[-10,-5)",<-10
60190042144003,57,3,-9.509373682737351,"[-10,-5)",57,3,-13.38228752122154,<-10,"[-10,-5)",<-10
60190042144004,113,3,-8.443899451196193,"[-10,-5)",113,3,-11.955613135731202,<-10,"[-10,-5)",<-10
60190042144005,68,3,-9.019910122454167,"[-10,-5)",68,3,-12.786123880011804,<-10,"[-10,-5)",<-10
60190042144006,44,1,-8.157453113794327,"[-10,-5)",44,1,-11.667019344198645,<-10,"[-10,-5)",<-10
60190042144007,99,6,-7.659150499105454,"[-10,-5)",99,6,-10.861827622232015,<-10,"[-10,-5)",<-10
60190042144009,228,6,-8.153714016079903,"[-10,-5)",228,6,-11.282263602546104,<-10,"[-10,-5)",<-10
60190042144010,42,1,-7.931529517471791,"[-10,-5)",42,1,-10.988954486104848,<-10,"[-10,-5)",<-10
60190042144011,30,1,-8.054929961264135,"[-10,-5)",30,1,-11.126488583351469,<-10,"[-10,-5)",<-10
60190042144012,84,3,-8.359079955518245,"[-10,-5)",84,3,-11.644574397633235,<-10,"[-10,-5)",<-10
60190042144013,73,4,-8.626374629884959,"[-10,-5)",73,4,-12.024209750924076,<-10,"[-10,-5)",<-10
60190042144015,58,3,-9.265441556274892,"[-10,-5)",58,3,-13.006655649211616,<-10,"[-10,-5)",<-10
60190042144017,105,6,-8.916620812565089,"[-10,-5)",105,6,-12.48462316479241,<-10,"[-10,-5)",<-10
60190042144018,51,2,-8.781540088355541,"[-10,-5)",51,2,-12.415404467578448,<-10,"[-10,-5)",<-10
60190042144019,32,1,-8.582981850206853,"[-10,-5)",32,1,-11.877923897024624,<-10,"[-10,-5)",<-10
60190042144020,66,1,-7.652701605856419,"[-10,-5)",66,1,-10.686080645547584,<-10,"[-10,-5)",<-10
60190042144021,77,4,-8.13694059178233,"[-10,-5)",77,4,-11.465611910227931,<-10,"[-10,-5)",<-10
60190042144022,123,5,-7.493900093436242,"[-10,-5)",123,5,-10.517752636089984,<-10,"[-10,-5)",<-10
60190042151000,82,6,-7.730269148200751,"[-10,-5)",82,6,-12.265371350655164,<-10,"[-10,-5)",<-10
60190042151002,139,3,-6.85148608982563,"[-10,-5)",139,3,-10.754628971268502,<-10,"[-10,-5)",<-10
60190042151003,178,3,-7.165055362880231,"[-10,-5)",178,3,-11.30769227036699,<-10,"[-10,-5)",<-10
60190042151004,134,4,-7.411108544468879,"[-10,-5)",134,4,-11.46954665002524,<-10,"[-10,-5)",<-10
60190042151006,168,4,-7.451338192820549,"[-10,-5)",168,4,-11.951888029053327,<-10,"[-10,-5)",<-10
60190042151007,130,10,-6.96719628944993,"[-10,-5)",130,10,-10.69441824896446,<-10,"[-10,-5)",<-10
60190042151008,75,2,-6.807188341766596,"[-10,-5)",75,2,-10.36312861066222,<-10,"[-10,-5)",<-10
60190042151009,233,5,-6.516525158286095,"[-10,-5)",233,5,-9.83148197643218,"[-10,-5)","[-10,-5)","[-10,-5)"
60190042151010,213,7,-6.47543368935585,"[-10,-5)",213,7,-9.87791145155126,"[-10,-5)","[-10,-5)","[-10,-5)"
60190042151012,156,4,-7.2990443341434,"[-10,-5)",156,4,-11.641048698068971,<-10,"[-10,-5)",<-10
60190042152001,132,4,-8.20603044256568,"[-10,-5)",132,4,-13.273378854839333,<-10,"[-10,-5)",<-10
60190042152002,240,9,-8.94687678962946,"[-10,-5)",240,9,-14.17845479304664,<-10,"[-10,-5)",<-10
60190042152005,65,1,-7.68301861435175,"[-10,-5)",65,1,-12.549161191895198,<-10,"[-10,-5)",<-10
60190042152011,101,3,-7.664151102304459,"[-10,-5)",101,3,-12.535725356462578,<-10,"[-10,-5)",<-10
60190042152012,68,2,-8.1553178653121,"[-10,-5)",68,2,-13.206492823176587,<-10,"[-10,-5)",<-10
60190042152013,48,2,-8.456016886979342,"[-10,-5)",48,2,-13.543384608337224,<-10,"[-10,-5)",<-10
60190042152014,105,3,-8.745912493765355,"[-10,-5)",105,3,-13.83930930982422,<-10,"[-10,-5)",<-10
60190042152016,107,5,-8.648691979050637,"[-10,-5)",107,5,-13.628576326651546,<-10,"[-10,-5)",<-10
60190042152017,144,1,-8.223543624579907,"[-10,-5)",144,1,-13.174692785614608,<-10,"[-10,-5)",<-10
60190042152018,97,3,-8.43436662554741,"[-10,-5)",97,3,-13.308852300938618,<-10,"[-10,-5)",<-10
60190042152019,90,3,-7.850194774568081,"[-10,-5)",90,3,-12.798184885772248,<-10,"[-10,-5)",<-10
60190042152020,63,1,-8.079265889525415,"[-10,-5)",63,1,-13.096151379755856,<-10,"[-10,-5)",<-10
60190042152021,76,3,-8.018340057134628,"[-10,-5)",76,3,-12.876738790082564,<-10,"[-10,-5)",<-10
60190042152022,55,4,-8.077308909595013,"[-10,-5)",55,4,-12.68571075202534,<-10,"[-10,-5)",<-10
60190042152023,63,2,-8.167980042099952,"[-10,-5)",63,2,-12.950093906653183,<-10,"[-10,-5)",<-10
60190042152024,52,2,-7.788568925857544,"[-10,-5)",52,2,-12.563688369394033,<-10,"[-10,-5)",<-10
60190042152026,90,1,-8.488261637091638,"[-10,-5)",90,1,-13.606847200493966,<-10,"[-10,-5)",<-10
60190042161000,200,15,-9.498419250547888,"[-10,-5)",200,15,-14.89657264351551,<-10,"[-10,-5)",<-10
60190042161001,80,6,-9.404068916291,"[-10,-5)",80,6,-14.767793143478894,<-10,"[-10,-5)",<-10
60190042161002,99,2,-9.208199183642863,"[-10,-5)",99,2,-14.499379238221266,<-10,"[-10,-5)",<-10
60190042161003,113,4,-9.381032247841356,"[-10,-5)",113,4,-14.753628989186886,<-10,"[-10,-5)",<-10
60190042161004,80,2,-9.139728163182737,"[-10,-5)",80,2,-14.4212508493756,<-10,"[-10,-5)",<-10
60190042161011,74,3,-9.113950189948085,"[-10,-5)",74,3,-14.281705637649845,<-10,"[-10,-5)",<-10
60190042161016,49,2,-9.130265168845654,"[-10,-5)",49,2,-14.31401697550313,<-10,"[-10,-5)",<-10
60190042161018,67,3,-9.23032832890749,"[-10,-5)",67,3,-14.558065717545787,<-10,"[-10,-5)",<-10
60190042161019,84,2,-9.04482457190752,"[-10,-5)",84,2,-14.224082094819805,<-10,"[-10,-5)",<-10
60190042171000,0,1,-5.778476321697236,"[-10,-5)",0,1,-7.781483678257997,"[-10,-5)","[-10,-5)","[-10,-5)"
60190042171001,118,12,-5.590112603455783,"[-10,-5)",118,12,-7.8753527306271955,"[-10,-5)","[-10,-5)","[-10,-5)"
60190042171002,75,7,-5.665012930333615,"[-10,-5)",75,7,-7.941685421752461,"[-10,-5)","[-10,-5)","[-10,-5)"
60190042171003,45,9,-5.657269603013993,"[-10,-5)",45,9,-7.634555290325803,"[-10,-5)","[-10,-5)","[-10,-5)"
60190042171004,0,1,-5.780923256278038,"[-10,-5)",0,1,-7.507624424897972,"[-10,-5)","[-10,-5)","[-10,-5)"
60190042171005,0,2,-5.823303481936454,"[-10,-5)",0,2,-7.5736844225345425,"[-10,-5)","[-10,-5)","[-10,-5)"
60190042171006,0,3,-5.86640927195549,"[-10,-5)",0,3,-7.250274489832742,"[-10,-5)","[-10,-5)","[-10,-5)"
60190042171007,20,14,-5.821779115498066,"[-10,-5)",20,14,-7.19646666745442,"[-10,-5)","[-10,-5)","[-10,-5)"
60190042171008,22,15,-5.548637630045414,"[-10,-5)",22,15,-7.207892240575059,"[-10,-5)","[-10,-5)","[-10,-5)"
60190042171009,19,2,-5.479211680591106,"[-10,-5)",19,2,-7.288099065104878,"[-10,-5)","[-10,-5)","[-10,-5)"
60190042171010,45,4,-5.480304001271724,"[-10,-5)",45,4,-7.50798290321332,"[-10,-5)","[-10,-5)","[-10,-5)"
60190042171011,98,7,-5.48859121799469,"[-10,-5)",98,7,-7.679683222147792,"[-10,-5)","[-10,-5)","[-10,-5)"
60190042171012,0,2,-5.358133837580681,"[-10,-5)",0,2,-7.079085471189574,"[-10,-5)","[-10,-5)","[-10,-5)"
60190042171013,678,9,-5.441180299222469,"[-10,-5)",678,9,-6.993768768359599,"[-10,-5)","[-10,-5)","[-10,-5)"
60190042171014,454,21,-5.210886852443219,"[-10,-5)",454,21,-6.810254572138813,"[-10,-5)","[-10,-5)","[-10,-5)"
60190042171015,90,3,-4.996693781018258,"[-5,-3)",90,3,-7.014142380633787,"[-10,-5)","[-5,-3)","[-10,-5)"
60190042171016,131,4,-5.132599423080682,"[-10,-5)",131,4,-7.00346699866278,"[-10,-5)","[-10,-5)","[-10,-5)"
60190042171017,16,26,-5.710823406279087,"[-10,-5)",16,26,-6.975495180004085,"[-10,-5)","[-10,-5)","[-10,-5)"
60190042171018,158,5,-4.973318459093571,"[-5,-3)",158,5,-6.834107866951048,"[-10,-5)","[-5,-3)","[-10,-5)"
60190042171019,131,6,-4.763934664428234,"[-5,-3)",131,6,-6.623748985158178,"[-10,-5)","[-5,-3)","[-10,-5)"
60190042171020,82,1,-4.917570362985134,"[-5,-3)",82,1,-6.741214261915372,"[-10,-5)","[-5,-3)","[-10,-5)"
60190042171021,95,4,-4.639113323763013,"[-5,-3)",95,4,-6.4388034321774565,"[-10,-5)","[-5,-3)","[-10,-5)"
60190042171022,74,1,-4.776949971914291,"[-5,-3)",74,1,-6.571102382552553,"[-10,-5)","[-5,-3)","[-10,-5)"
60190042172001,0,5,-5.269454316794873,"[-10,-5)",0,5,-7.451063250450974,"[-10,-5)","[-10,-5)","[-10,-5)"
60190042172002,41,15,-5.457384569942952,"[-10,-5)",41,15,-7.746112492216971,"[-10,-5)","[-10,-5)","[-10,-5)"
60190042172003,502,29,-5.127853448688984,"[-10,-5)",502,29,-7.184623532429216,"[-10,-5)","[-10,-5)","[-10,-5)"
60190042172004,161,2,-4.9085357241332535,"[-5,-3)",161,2,-6.902950190339467,"[-10,-5)","[-5,-3)","[-10,-5)"
60190042172005,60,1,-5.075306238234044,"[-10,-5)",60,1,-7.202730948190054,"[-10,-5)","[-10,-5)","[-10,-5)"
60190042172006,149,21,-4.65011047795415,"[-5,-3)",149,21,-6.411105727286046,"[-10,-5)","[-5,-3)","[-10,-5)"
60190042172007,143,3,-4.836575692892075,"[-5,-3)",143,3,-6.6984047928587325,"[-10,-5)","[-5,-3)","[-10,-5)"
60190042172009,119,2,-4.912115004658699,"[-5,-3)",119,2,-6.706671666401977,"[-10,-5)","[-5,-3)","[-10,-5)"
60190042172011,59,1,-5.0396604761481285,"[-10,-5)",59,1,-6.856269894021934,"[-10,-5)","[-10,-5)","[-10,-5)"
60190042172012,66,1,-4.937198638916016,"[-5,-3)",66,1,-6.649451766746348,"[-10,-5)","[-5,-3)","[-10,-5)"
60190042172013,71,2,-4.837867572158576,"[-5,-3)",71,2,-6.477771615767812,"[-10,-5)","[-5,-3)","[-10,-5)"
60190042172014,63,2,-4.785188079625368,"[-5,-3)",63,2,-6.373976804465801,"[-10,-5)","[-5,-3)","[-10,-5)"
60190042182000,14,21,-5.776788447797299,"[-10,-5)",14,21,-8.231133084771498,"[-10,-5)","[-10,-5)","[-10,-5)"
60190042182001,20,2,-5.804902931302786,"[-10,-5)",20,2,-8.37284848217812,"[-10,-5)","[-10,-5)","[-10,-5)"
60190042182003,0,5,-5.789039017260075,"[-10,-5)",0,5,-8.347917479974104,"[-10,-5)","[-10,-5)","[-10,-5)"
60190042183016,0,4,-5.882893719524145,"[-10,-5)",0,4,-8.55053641157949,"[-10,-5)","[-10,-5)","[-10,-5)"
60190043011007,26,2,-10.135626563429833,<-10,26,2,-16.234282482653132,<-10,<-10,<-10
60190043011008,19,2,-9.410163827240469,"[-10,-5)",19,2,-15.348307018994664,<-10,"[-10,-5)",<-10
60190043011011,84,5,-11.721870356798172,<-10,84,5,-15.292209991589884,<-10,<-10,<-10
60190043011012,84,4,-12.586039651930331,<-10,84,4,-16.561574320788807,<-10,<-10,<-10
60190043011013,53,4,-11.492996813356877,<-10,53,4,-15.099349794155485,<-10,<-10,<-10
60190043011017,18,2,-11.252137832343578,<-10,18,2,-14.89789236637851,<-10,<-10,<-10
60190043011018,53,5,-11.347530242800714,<-10,53,5,-15.125471557926806,<-10,<-10,<-10
60190043011019,30,3,-12.078662940859797,<-10,30,3,-16.25687457008015,<-10,<-10,<-10
60190043011020,76,6,-12.363210774958134,<-10,76,6,-16.374208897151625,<-10,<-10,<-10
60190043011021,32,1,-11.89361564218998,<-10,32,1,-15.710485444117491,<-10,<-10,<-10
60190043011022,140,12,-11.954484133422376,<-10,140,12,-15.78202317220824,<-10,<-10,<-10
60190043011023,46,4,-12.813492724299431,<-10,46,4,-16.829480902535174,<-10,<-10,<-10
60190043011024,38,2,-12.586747048795225,<-10,38,2,-16.55617271726689,<-10,<-10,<-10
60190043011025,26,6,-11.863355407118798,<-10,26,6,-16.30524755441762,<-10,<-10,<-10
60190043011026,93,10,-11.189496307075023,<-10,93,10,-15.7901710264059,<-10,<-10,<-10
60190043011027,40,2,-11.411482666432857,<-10,40,2,-16.07795298669815,<-10,<-10,<-10
60190043012000,104,10,-11.674649061262608,<-10,104,10,-16.284826788894343,<-10,<-10,<-10
60190043012001,0,2,-12.396539045870306,<-10,0,2,-17.12965791811152,<-10,<-10,<-10
60190043012002,70,6,-12.783361364901063,<-10,70,6,-16.878442450319078,<-10,<-10,<-10
60190043012003,34,4,-12.053110925853252,<-10,34,4,-16.145583812451896,<-10,<-10,<-10
60190043012004,40,3,-12.383004829287527,<-10,40,3,-16.70465204941604,<-10,<-10,<-10
60190043012005,20,1,-12.975229990482331,<-10,20,1,-17.754172024251236,<-10,<-10,<-10
60190043012006,103,8,-13.23324476480484,<-10,103,8,-17.96589068076326,<-10,<-10,<-10
60190043012007,32,2,-13.688320662081242,<-10,32,2,-18.24570885496272,<-10,<-10,<-10
60190043012008,42,3,-13.2316471606493,<-10,42,3,-17.945112005036073,<-10,<-10,<-10
60190043012009,23,2,-12.325820365548134,<-10,23,2,-17.110276228402462,<-10,<-10,<-10
60190043012010,23,2,-12.957591055333614,<-10,23,2,-17.361593956253166,<-10,<-10,<-10
60190043012011,42,4,-13.078199382126332,<-10,42,4,-17.671394211423305,<-10,<-10,<-10
60190043012012,111,5,-13.73699876368046,<-10,111,5,-18.389218348280394,<-10,<-10,<-10
60190043012013,121,4,-13.999964748322965,<-10,121,4,-18.63285861820144,<-10,<-10,<-10
60190043012014,104,7,-13.539845100045204,<-10,104,7,-18.31463327045347,<-10,<-10,<-10
60190043012016,28,8,-12.593272018432618,<-10,28,8,-17.49192496861818,<-10,<-10,<-10
60190043012018,93,11,-13.377931836247445,<-10,93,11,-18.17898416694746,<-10,<-10,<-10
60190043012019,46,1,-13.127808567881583,<-10,46,1,-17.932035216030236,<-10,<-10,<-10
60190043013000,74,11,-12.120803582668303,<-10,74,11,-18.28703782562032,<-10,<-10,<-10
60190043013001,44,3,-12.008605670928956,<-10,44,3,-17.4724580621939,<-10,<-10,<-10
60190043013002,47,3,-12.66278085708618,<-10,47,3,-18.012600234819686,<-10,<-10,<-10
60190043013003,63,12,-13.134348866343498,<-10,63,12,-18.28324852235032,<-10,<-10,<-10
60190043013004,29,5,-13.427942410111427,<-10,29,5,-18.113854735841063,<-10,<-10,<-10
60190043013005,0,1,-13.519360113143922,<-10,0,1,-17.729987520472523,<-10,<-10,<-10
60190043013006,270,34,-13.961146487295627,<-10,270,34,-18.48564390210612,<-10,<-10,<-10
60190043013007,52,4,-13.004972451925278,<-10,52,4,-19.0296537773799,<-10,<-10,<-10
60190043013008,38,2,-12.558836098015307,<-10,38,2,-18.747929021205305,<-10,<-10,<-10
60190043013009,42,2,-12.145701567828656,<-10,42,2,-18.647561342133624,<-10,<-10,<-10
60190043013010,62,2,-12.17298971414566,<-10,62,2,-19.0286999182809,<-10,<-10,<-10
60190043013011,177,12,-12.728276382386683,<-10,177,12,-19.2133037522336,<-10,<-10,<-10
60190043013012,63,3,-12.93690338730812,<-10,63,3,-19.19031569113654,<-10,<-10,<-10
60190043013013,39,2,-14.444899776577952,<-10,39,2,-19.13688253824946,<-10,<-10,<-10
60190043013014,49,4,-14.38379226922989,<-10,49,4,-18.958835846477022,<-10,<-10,<-10
60190043013015,64,6,-14.212988287210464,<-10,64,6,-18.869848575666914,<-10,<-10,<-10
60190043013016,84,5,-12.653719818592071,<-10,84,5,-19.15812649724173,<-10,<-10,<-10
60190043013017,124,4,-11.962138326466084,<-10,124,4,-19.0389798946933,<-10,<-10,<-10
60190043013019,0,1,-13.308692103624344,<-10,0,1,-19.168409314211303,<-10,<-10,<-10
60190043013020,61,4,-14.029109385609626,<-10,61,4,-19.26326460803129,<-10,<-10,<-10
60190043013021,50,4,-14.317739796638488,<-10,50,4,-19.19971225426785,<-10,<-10,<-10
60190043013022,69,5,-14.249759298563005,<-10,69,5,-19.120158473832312,<-10,<-10,<-10
60190043013023,32,3,-14.235829371213914,<-10,32,3,-19.28658785487487,<-10,<-10,<-10
60190043013024,12,2,-13.908421008288862,<-10,12,2,-19.21611363139004,<-10,<-10,<-10
60190043013025,52,4,-13.78776158541441,<-10,52,4,-19.12066409300927,<-10,<-10,<-10
60190043013026,46,6,-13.96712813526392,<-10,46,6,-18.74320687895939,<-10,<-10,<-10
60190043021000,76,10,-13.08152005970478,<-10,76,10,-18.586212692625708,<-10,<-10,<-10
60190043021001,41,4,-12.22414540797472,<-10,41,4,-17.835672722573776,<-10,<-10,<-10
60190043021002,69,1,-13.137128493189811,<-10,69,1,-18.29688660545372,<-10,<-10,<-10
60190043021003,47,2,-13.483935767412186,<-10,47,2,-18.292522941523146,<-10,<-10,<-10
60190043021004,74,4,-13.35980010777712,<-10,74,4,-18.39295368096409,<-10,<-10,<-10
60190043021005,88,4,-13.2178512185812,<-10,88,4,-18.069685776120988,<-10,<-10,<-10
60190043021006,36,2,-12.576086135208609,<-10,36,2,-17.737492840637444,<-10,<-10,<-10
60190043021007,38,4,-10.42255490720272,<-10,38,4,-15.784554676761632,<-10,<-10,<-10
60190043021008,38,2,-11.370489983260631,<-10,38,2,-17.015926553759442,<-10,<-10,<-10
60190043021009,41,4,-11.563585482537746,<-10,41,4,-17.488743544583393,<-10,<-10,<-10
60190043021010,94,11,-11.346258518099786,<-10,94,11,-16.60591769071936,<-10,<-10,<-10
60190043021011,47,1,-12.527418252825738,<-10,47,1,-17.42973040118387,<-10,<-10,<-10
60190043021012,131,7,-9.948740941286088,"[-10,-5)",131,7,-14.64743987224298,<-10,"[-10,-5)",<-10
60190043021013,22,2,-10.646119567751883,<-10,22,2,-15.66076433134528,<-10,<-10,<-10
60190043021014,23,1,-9.458620512485505,"[-10,-5)",23,1,-14.520105647696456,<-10,"[-10,-5)",<-10
60190043021015,43,4,-9.88610963523388,"[-10,-5)",43,4,-15.657076151910667,<-10,"[-10,-5)",<-10
60190043021016,45,4,-10.454765309393403,<-10,45,4,-15.98995252545026,<-10,<-10,<-10
60190043021018,0,2,-12.975855633616447,<-10,0,2,-17.797685383375573,<-10,<-10,<-10
60190043022000,84,16,-11.893932437896728,<-10,84,16,-18.719182014493853,<-10,<-10,<-10
60190043022001,31,2,-12.19440237879753,<-10,31,2,-18.858040947606383,<-10,<-10,<-10
60190043022002,83,12,-10.268159580230712,<-10,83,12,-17.49321287724083,<-10,<-10,<-10
60190043022003,152,7,-9.278578926622869,"[-10,-5)",152,7,-16.42261767250949,<-10,"[-10,-5)",<-10
60190043022004,132,4,-10.701964746415616,<-10,132,4,-18.10073533847762,<-10,<-10,<-10
60190043022005,70,16,-10.211502541601655,<-10,70,16,-16.644142500497303,<-10,<-10,<-10
60190043022006,52,6,-11.654236176609992,<-10,52,6,-17.96487887429791,<-10,<-10,<-10
60190043022007,13,1,-9.165027536451817,"[-10,-5)",13,1,-15.966094685746548,<-10,"[-10,-5)",<-10
60190043022008,161,16,-7.907138518989086,"[-10,-5)",161,16,-14.555209821363132,<-10,"[-10,-5)",<-10
60190043022010,20,2,-7.365816409885884,"[-10,-5)",20,2,-13.86333190184402,<-10,"[-10,-5)",<-10
60190043022011,57,25,-7.769842779636384,"[-10,-5)",57,25,-13.810476518286112,<-10,"[-10,-5)",<-10
60190043022012,48,7,-6.720622211694717,"[-10,-5)",48,7,-11.953466810730587,<-10,"[-10,-5)",<-10
60190043022013,133,10,-6.7640981644392015,"[-10,-5)",133,10,-12.609203185103109,<-10,"[-10,-5)",<-10
60190043022014,30,1,-7.038729952275753,"[-10,-5)",30,1,-13.406957192165558,<-10,"[-10,-5)",<-10
60190043022015,6,1,-7.077394357323647,"[-10,-5)",6,1,-12.953830375559752,<-10,"[-10,-5)",<-10
60190043023000,144,15,-10.33381690979004,<-10,144,15,-18.113926317881845,<-10,<-10,<-10
60190043023001,52,3,-9.4833822414279,"[-10,-5)",52,3,-17.425374122701953,<-10,"[-10,-5)",<-10
60190043023002,57,4,-10.11702929288149,<-10,57,4,-17.99504218281628,<-10,<-10,<-10
60190043023003,62,3,-9.225088141858578,"[-10,-5)",62,3,-17.126111198424173,<-10,"[-10,-5)",<-10
60190043023005,56,3,-8.953360882401467,"[-10,-5)",56,3,-16.77058024519974,<-10,"[-10,-5)",<-10
60190043023008,25,2,-8.891220666468143,"[-10,-5)",25,2,-16.64561277289052,<-10,"[-10,-5)",<-10
60190043023009,84,3,-8.400142470002175,"[-10,-5)",84,3,-15.915182811407034,<-10,"[-10,-5)",<-10
60190043023010,105,6,-9.5159048974514,"[-10,-5)",105,6,-17.275744364897367,<-10,"[-10,-5)",<-10
60190043023011,88,9,-8.710848659276962,"[-10,-5)",88,9,-16.15510081520738,<-10,"[-10,-5)",<-10
60190043023012,0,2,-9.94418317079544,"[-10,-5)",0,2,-17.543535620022475,<-10,"[-10,-5)",<-10
60190043023013,36,3,-8.273123288154602,"[-10,-5)",36,3,-15.786043128720763,<-10,"[-10,-5)",<-10
60190043023014,68,2,-8.616605626791717,"[-10,-5)",68,2,-16.28764121294226,<-10,"[-10,-5)",<-10
60190043023015,93,5,-8.29763010442257,"[-10,-5)",93,5,-15.814153282513828,<-10,"[-10,-5)",<-10
60190043023016,66,4,-7.978595821559429,"[-10,-5)",66,4,-15.389079808557604,<-10,"[-10,-5)",<-10
60190043024000,41,4,-8.995452699065208,"[-10,-5)",41,4,-14.452792396234752,<-10,"[-10,-5)",<-10
60190043024001,43,4,-8.483495508134364,"[-10,-5)",43,4,-13.815287285915854,<-10,"[-10,-5)",<-10
60190043024002,74,7,-8.783254645764828,"[-10,-5)",74,7,-13.15633028781955,<-10,"[-10,-5)",<-10
60190043024003,51,6,-8.128824830800294,"[-10,-5)",51,6,-12.587187730782398,<-10,"[-10,-5)",<-10
60190043024004,54,3,-8.018023829162122,"[-10,-5)",54,3,-13.06338725708905,<-10,"[-10,-5)",<-10
60190043024005,55,5,-6.876825204491616,"[-10,-5)",55,5,-10.68781565786941,<-10,"[-10,-5)",<-10
60190043024006,76,4,-7.4937632694840435,"[-10,-5)",76,4,-11.557076146893692,<-10,"[-10,-5)",<-10
60190043024007,31,1,-8.120338055491448,"[-10,-5)",31,1,-13.619418370322844,<-10,"[-10,-5)",<-10
60190043024008,45,3,-7.699154189229012,"[-10,-5)",45,3,-12.779182694501625,<-10,"[-10,-5)",<-10
60190043024009,53,3,-7.270920199155808,"[-10,-5)",53,3,-11.69585895307397,<-10,"[-10,-5)",<-10
60190043024011,38,3,-7.365189631283283,"[-10,-5)",38,3,-12.267050688056385,<-10,"[-10,-5)",<-10
60190043024012,48,2,-6.865110860019922,"[-10,-5)",48,2,-11.038594927053316,<-10,"[-10,-5)",<-10
60190043024013,68,3,-6.693002508580685,"[-10,-5)",68,3,-10.553251647203837,<-10,"[-10,-5)",<-10
60190043024014,179,6,-6.470070587843656,"[-10,-5)",179,6,-9.955039964271704,"[-10,-5)","[-10,-5)","[-10,-5)"
60190043024016,61,3,-6.59762485921383,"[-10,-5)",61,3,-10.795079641647924,<-10,"[-10,-5)",<-10
60190043024017,65,7,-6.89608388543129,"[-10,-5)",65,7,-11.545235568369948,<-10,"[-10,-5)",<-10
60190043025000,68,3,-7.568018366396427,"[-10,-5)",68,3,-14.756634298676886,<-10,"[-10,-5)",<-10
60190043025001,65,5,-7.513170696794987,"[-10,-5)",65,5,-14.553758296647262,<-10,"[-10,-5)",<-10
60190043025002,71,6,-7.779405695199967,"[-10,-5)",71,6,-14.991179104527056,<-10,"[-10,-5)",<-10
60190043025003,52,3,-7.337960529327393,"[-10,-5)",52,3,-14.387595927979053,<-10,"[-10,-5)",<-10
60190043025004,78,6,-7.035803849995137,"[-10,-5)",78,6,-13.7465423936385,<-10,"[-10,-5)",<-10
60190043025005,50,3,-7.228824976086617,"[-10,-5)",50,3,-14.12616922525782,<-10,"[-10,-5)",<-10
60190043025006,111,9,-6.799818867444992,"[-10,-5)",111,9,-13.448798599337328,<-10,"[-10,-5)",<-10
60190043025007,55,3,-7.134518641233444,"[-10,-5)",55,3,-14.049523039145503,<-10,"[-10,-5)",<-10
60190043025008,31,3,-6.859645566344262,"[-10,-5)",31,3,-13.367396184293009,<-10,"[-10,-5)",<-10
60190043025009,31,2,-6.740190307796002,"[-10,-5)",31,2,-13.352284988239216,<-10,"[-10,-5)",<-10
60190043025010,187,13,-6.482300435006619,"[-10,-5)",187,13,-12.721610281700713,<-10,"[-10,-5)",<-10
60190043025011,84,6,-6.504261530935764,"[-10,-5)",84,6,-12.89431331731758,<-10,"[-10,-5)",<-10
60190043025012,0,2,-6.349772811681032,"[-10,-5)",0,2,-12.3265978562046,<-10,"[-10,-5)",<-10
60190043031000,239,31,-6.01724717617035,"[-10,-5)",239,31,-11.14376712452896,<-10,"[-10,-5)",<-10
60190043031003,33,1,-5.733001944422722,"[-10,-5)",33,1,-11.001239327770596,<-10,"[-10,-5)",<-10
60190043031004,13,4,-6.545247685164213,"[-10,-5)",13,4,-11.54152296014364,<-10,"[-10,-5)",<-10
60190043031006,43,5,-6.317496836185455,"[-10,-5)",43,5,-10.59389774791682,<-10,"[-10,-5)",<-10
60190043031007,75,6,-6.308357734233141,"[-10,-5)",75,6,-10.112085280634512,<-10,"[-10,-5)",<-10
60190043031008,74,4,-6.135670293867588,"[-10,-5)",74,4,-9.666504120105497,"[-10,-5)","[-10,-5)","[-10,-5)"
60190043031009,26,3,-6.127594274282456,"[-10,-5)",26,3,-9.511040425977122,"[-10,-5)","[-10,-5)","[-10,-5)"
60190043031010,65,2,-6.011412855237722,"[-10,-5)",65,2,-9.096266528277798,"[-10,-5)","[-10,-5)","[-10,-5)"
60190043031011,33,4,-6.136327162384987,"[-10,-5)",33,4,-9.341725038845867,"[-10,-5)","[-10,-5)","[-10,-5)"
60190043031012,50,3,-5.984006336331368,"[-10,-5)",50,3,-9.071561350369109,"[-10,-5)","[-10,-5)","[-10,-5)"
60190043031013,65,5,-5.994839273393154,"[-10,-5)",65,5,-9.20407731931229,"[-10,-5)","[-10,-5)","[-10,-5)"
60190043031014,45,3,-6.065390472114086,"[-10,-5)",45,3,-9.89105186903779,"[-10,-5)","[-10,-5)","[-10,-5)"
60190043031015,184,12,-6.04067756831646,"[-10,-5)",184,12,-9.760833342736868,"[-10,-5)","[-10,-5)","[-10,-5)"
60190043031016,35,3,-6.033682514727116,"[-10,-5)",35,3,-9.849808115095412,"[-10,-5)","[-10,-5)","[-10,-5)"
60190043031017,16,2,-6.080558060109615,"[-10,-5)",16,2,-10.28508884720038,<-10,"[-10,-5)",<-10
60190043031018,88,15,-6.062895847856999,"[-10,-5)",88,15,-10.64746383887964,<-10,"[-10,-5)",<-10
60190043031019,21,6,-6.309073363244534,"[-10,-5)",21,6,-11.168631089583672,<-10,"[-10,-5)",<-10
60190043031020,17,2,-6.42939101010561,"[-10,-5)",17,2,-11.119045755444375,<-10,"[-10,-5)",<-10
60190043031021,24,2,-6.346163441240788,"[-10,-5)",24,2,-10.409088257624733,<-10,"[-10,-5)",<-10
60190043031022,37,3,-6.200658832490444,"[-10,-5)",37,3,-10.091831539873064,<-10,"[-10,-5)",<-10
60190043031023,82,7,-6.052939492464065,"[-10,-5)",82,7,-9.000096340542012,"[-10,-5)","[-10,-5)","[-10,-5)"
60190043031024,40,5,-5.857807530462742,"[-10,-5)",40,5,-10.507595939858932,<-10,"[-10,-5)",<-10
60190043032000,80,13,-5.917834639549255,"[-10,-5)",80,13,-10.451172248379152,<-10,"[-10,-5)",<-10
60190043032001,37,5,-5.8192884653806685,"[-10,-5)",37,5,-10.50312263042145,<-10,"[-10,-5)",<-10
60190043032002,30,3,-5.772388507425785,"[-10,-5)",30,3,-10.530783976181036,<-10,"[-10,-5)",<-10
60190043032003,19,1,-5.98870774358511,"[-10,-5)",19,1,-10.23626932727517,<-10,"[-10,-5)",<-10
60190043032004,51,3,-6.03745965063572,"[-10,-5)",51,3,-10.27727333819207,<-10,"[-10,-5)",<-10
60190043032005,47,3,-6.118491791188717,"[-10,-5)",47,3,-9.742495273733509,"[-10,-5)","[-10,-5)","[-10,-5)"
60190043032006,52,4,-6.210561253130436,"[-10,-5)",52,4,-9.23645541025916,"[-10,-5)","[-10,-5)","[-10,-5)"
60190043032007,48,5,-6.331166173517704,"[-10,-5)",48,5,-9.224547510530392,"[-10,-5)","[-10,-5)","[-10,-5)"
60190043032008,82,4,-6.476706549525261,"[-10,-5)",82,4,-10.199476726424315,<-10,"[-10,-5)",<-10
60190043032009,29,4,-6.302472317218781,"[-10,-5)",29,4,-10.40105061704542,<-10,"[-10,-5)",<-10
60190043032010,68,10,-6.172633767127991,"[-10,-5)",68,10,-10.264430042985929,<-10,"[-10,-5)",<-10
60190043032011,52,4,-6.15014694929123,"[-10,-5)",52,4,-9.916548142119415,"[-10,-5)","[-10,-5)","[-10,-5)"
60190043032012,68,7,-6.460251340270043,"[-10,-5)",68,7,-9.72494403906732,"[-10,-5)","[-10,-5)","[-10,-5)"
60190043032013,55,2,-6.425585203617811,"[-10,-5)",55,2,-9.517721984561604,"[-10,-5)","[-10,-5)","[-10,-5)"
60190043032014,40,2,-6.335278840363026,"[-10,-5)",40,2,-10.193679149232356,<-10,"[-10,-5)",<-10
60190043032015,0,6,-6.575370812416077,"[-10,-5)",0,6,-9.730338257140584,"[-10,-5)","[-10,-5)","[-10,-5)"
60190043032016,0,3,-6.494286440312862,"[-10,-5)",0,3,-10.358904134033171,<-10,"[-10,-5)",<-10
60190043032017,59,10,-6.1663225494325165,"[-10,-5)",59,10,-10.587378669202684,<-10,"[-10,-5)",<-10
60190043032018,39,2,-5.866705913096666,"[-10,-5)",39,2,-10.581345325765293,<-10,"[-10,-5)",<-10
60190043032019,14,2,-5.817979554086923,"[-10,-5)",14,2,-10.607882947106877,<-10,"[-10,-5)",<-10
60190043032020,15,1,-5.809946398437023,"[-10,-5)",15,1,-10.470857309594384,<-10,"[-10,-5)",<-10
60190043033000,126,13,-6.188680775463581,"[-10,-5)",126,13,-12.306977559692935,<-10,"[-10,-5)",<-10
60190043033002,78,8,-6.043420292437077,"[-10,-5)",78,8,-11.686529427091962,<-10,"[-10,-5)",<-10
60190043033003,50,3,-6.039966197311879,"[-10,-5)",50,3,-12.122264080233323,<-10,"[-10,-5)",<-10
60190043033004,59,4,-5.965820389240981,"[-10,-5)",59,4,-11.866223073913831,<-10,"[-10,-5)",<-10
60190043033005,43,3,-5.862939848005772,"[-10,-5)",43,3,-11.632615651931054,<-10,"[-10,-5)",<-10
60190043033006,53,3,-5.790385682880879,"[-10,-5)",53,3,-11.487264341341817,<-10,"[-10,-5)",<-10
60190043033007,124,9,-5.879807232320309,"[-10,-5)",124,9,-11.802767299094308,<-10,"[-10,-5)",<-10
60190043033008,13,1,-5.673421642184258,"[-10,-5)",13,1,-11.15837781440871,<-10,"[-10,-5)",<-10
60190043033009,126,7,-5.619728744029999,"[-10,-5)",126,7,-11.045292960869409,<-10,"[-10,-5)",<-10
60190043033010,75,6,-5.632532570511103,"[-10,-5)",75,6,-11.231125051744108,<-10,"[-10,-5)",<-10
60190043033011,69,6,-5.867680712789298,"[-10,-5)",69,6,-11.767642673415978,<-10,"[-10,-5)",<-10
60190043033012,59,4,-5.79437571913004,"[-10,-5)",59,4,-11.560224620465265,<-10,"[-10,-5)",<-10
60190043033013,120,10,-5.50907081142068,"[-10,-5)",120,10,-10.80252417388932,<-10,"[-10,-5)",<-10
60190043033014,29,2,-5.532383966445924,"[-10,-5)",29,2,-10.974304596536095,<-10,"[-10,-5)",<-10
60190043033015,55,2,-5.5356697283685214,"[-10,-5)",55,2,-11.012548153991386,<-10,"[-10,-5)",<-10
60190043033017,123,12,-5.6134572677314285,"[-10,-5)",123,12,-10.60231659126887,<-10,"[-10,-5)",<-10
60190043033018,96,7,-5.628743796050549,"[-10,-5)",96,7,-10.559951953465664,<-10,"[-10,-5)",<-10
60190043033020,20,1,-5.5501801639795305,"[-10,-5)",20,1,-10.637078761851807,<-10,"[-10,-5)",<-10
60190043033022,77,9,-5.668592494726181,"[-10,-5)",77,9,-10.621376161794403,<-10,"[-10,-5)",<-10
60190043033023,24,1,-5.665674908459187,"[-10,-5)",24,1,-10.575607968385416,<-10,"[-10,-5)",<-10
60190043033024,25,1,-5.574501331150532,"[-10,-5)",25,1,-10.647032074189209,<-10,"[-10,-5)",<-10
60190043033025,156,13,-5.576327732205392,"[-10,-5)",156,13,-10.778034026158693,<-10,"[-10,-5)",<-10
60190043033026,58,5,-5.588463619351387,"[-10,-5)",58,5,-10.95053424599334,<-10,"[-10,-5)",<-10
60190043033027,66,5,-5.743471531569958,"[-10,-5)",66,5,-11.291678345243328,<-10,"[-10,-5)",<-10
60190043033028,46,4,-5.786330073326827,"[-10,-5)",46,4,-11.498800980247957,<-10,"[-10,-5)",<-10
60190043033029,54,3,-5.842215844988823,"[-10,-5)",54,3,-11.529727262423238,<-10,"[-10,-5)",<-10
60190043033030,22,4,-5.795466052740812,"[-10,-5)",22,4,-11.09408293900001,<-10,"[-10,-5)",<-10
60190043033031,52,4,-5.805235055834055,"[-10,-5)",52,4,-11.16852030785389,<-10,"[-10,-5)",<-10
60190043033032,60,4,-5.808024618029595,"[-10,-5)",60,4,-11.241000532814944,<-10,"[-10,-5)",<-10
60190043033033,66,4,-5.80482032597065,"[-10,-5)",66,4,-11.310441361599906,<-10,"[-10,-5)",<-10
60190044041006,0,1,-11.65446781218052,<-10,0,1,-16.705167894598823,<-10,<-10,<-10
60190044041007,0,4,-11.785352128744126,<-10,0,4,-16.840799954761792,<-10,<-10,<-10
60190044041008,10,16,-11.139166098833083,<-10,10,16,-16.469836254411476,<-10,<-10,<-10
60190044041009,0,9,-9.292748437821864,"[-10,-5)",0,9,-15.057820848272844,<-10,"[-10,-5)",<-10
60190044041010,3,14,-8.417622723430394,"[-10,-5)",3,14,-14.141245198402656,<-10,"[-10,-5)",<-10
60190044041011,0,4,-8.221780809760094,"[-10,-5)",0,4,-13.678979741256931,<-10,"[-10,-5)",<-10
60190044041012,0,11,-7.888589505851269,"[-10,-5)",0,11,-13.283903119168688,<-10,"[-10,-5)",<-10
60190044041013,96,2,-8.38099421337247,"[-10,-5)",96,2,-14.373364168426304,<-10,"[-10,-5)",<-10
60190044041014,73,2,-8.21728889644146,"[-10,-5)",73,2,-14.17623006866803,<-10,"[-10,-5)",<-10
60190044041015,76,2,-8.24042122811079,"[-10,-5)",76,2,-14.347272514561023,<-10,"[-10,-5)",<-10
60190044041016,84,2,-8.364172247797251,"[-10,-5)",84,2,-14.459971052324672,<-10,"[-10,-5)",<-10
60190044041017,89,2,-8.328067188709975,"[-10,-5)",89,2,-14.510780666605925,<-10,"[-10,-5)",<-10
60190044041018,71,2,-8.24095149189234,"[-10,-5)",71,2,-14.468663725388286,<-10,"[-10,-5)",<-10
60190044041019,108,2,-8.228481209278108,"[-10,-5)",108,2,-14.54559680777517,<-10,"[-10,-5)",<-10
60190044041020,55,2,-8.27932862341404,"[-10,-5)",55,2,-14.52036413839928,<-10,"[-10,-5)",<-10
60190044041021,70,2,-8.227779773622752,"[-10,-5)",70,2,-14.49623701387548,<-10,"[-10,-5)",<-10
60190044041022,81,2,-8.210034104436637,"[-10,-5)",81,2,-14.58096628948189,<-10,"[-10,-5)",<-10
60190044041023,94,2,-8.19166108891368,"[-10,-5)",94,2,-14.588548304690503,<-10,"[-10,-5)",<-10
60190044041024,59,1,-8.16899174451828,"[-10,-5)",59,1,-14.480885506684771,<-10,"[-10,-5)",<-10
60190044041025,37,1,-8.175618906319142,"[-10,-5)",37,1,-14.415925372785944,<-10,"[-10,-5)",<-10
60190044041026,70,1,-8.11868027150631,"[-10,-5)",70,1,-14.347314554807198,<-10,"[-10,-5)",<-10
60190044041027,45,1,-8.12933891415596,"[-10,-5)",45,1,-14.43680119556848,<-10,"[-10,-5)",<-10
60190044041028,66,2,-8.179076123982668,"[-10,-5)",66,2,-14.57879269513241,<-10,"[-10,-5)",<-10
60190044041029,29,2,-8.189792959392072,"[-10,-5)",29,2,-14.565991440172445,<-10,"[-10,-5)",<-10
60190044041030,23,2,-8.098287541419268,"[-10,-5)",23,2,-14.341245988460846,<-10,"[-10,-5)",<-10
60190044042000,27,12,-10.457028865814207,<-10,27,12,-15.5047876325913,<-10,<-10,<-10
60190044042001,40,5,-10.95642720758915,<-10,40,5,-15.904210307155632,<-10,<-10,<-10
60190044042003,25,29,-10.26868189573288,<-10,25,29,-15.48570647383124,<-10,<-10,<-10
60190044042004,0,2,-10.880196395516396,<-10,0,2,-16.23066872581648,<-10,<-10,<-10
60190044042005,10,2,-10.379269145429134,<-10,10,2,-15.900213643211934,<-10,<-10,<-10
60190044042006,16,1,-9.810297811031342,"[-10,-5)",16,1,-15.482451195309936,<-10,"[-10,-5)",<-10
60190044042007,97,3,-9.163071124255657,"[-10,-5)",97,3,-15.024132976413082,<-10,"[-10,-5)",<-10
60190044042008,109,2,-8.663078648597002,"[-10,-5)",109,2,-14.606896599699692,<-10,"[-10,-5)",<-10
60190044042009,87,2,-8.601313137263059,"[-10,-5)",87,2,-14.618301436752958,<-10,"[-10,-5)",<-10
60190044042010,96,3,-9.073040963709357,"[-10,-5)",96,3,-14.951665818015028,<-10,"[-10,-5)",<-10
60190044042011,0,1,-9.66200335621834,"[-10,-5)",0,1,-15.3675233882762,<-10,"[-10,-5)",<-10
60190044042012,12,2,-10.248429679870606,<-10,12,2,-15.76204610171553,<-10,<-10,<-10
60190044042013,0,2,-10.091138908267022,<-10,0,2,-15.580152159306746,<-10,<-10,<-10
60190044042014,21,1,-9.530598995089532,"[-10,-5)",21,1,-15.210473527021913,<-10,"[-10,-5)",<-10
60190044042015,55,3,-8.961470398306847,"[-10,-5)",55,3,-14.834890512595376,<-10,"[-10,-5)",<-10
60190044042016,131,3,-8.486380165815353,"[-10,-5)",131,3,-14.550534832366305,<-10,"[-10,-5)",<-10
60190044042017,23,1,-8.455949042737485,"[-10,-5)",23,1,-14.563722971213355,<-10,"[-10,-5)",<-10
60190044042018,30,1,-9.73506166934967,"[-10,-5)",30,1,-15.250469708253506,<-10,"[-10,-5)",<-10
60190044042019,0,1,-9.326572340726852,"[-10,-5)",0,1,-15.028515388020995,<-10,"[-10,-5)",<-10
60190044042020,62,3,-8.806501092016697,"[-10,-5)",62,3,-14.71185121049581,<-10,"[-10,-5)",<-10
60190044042021,0,6,-8.602116765081883,"[-10,-5)",0,6,-14.48522303748934,<-10,"[-10,-5)",<-10
60190044042022,0,1,-9.1546266451478,"[-10,-5)",0,1,-14.830452426066852,<-10,"[-10,-5)",<-10
60190044042023,0,2,-9.403616999834776,"[-10,-5)",0,2,-14.9193635699447,<-10,"[-10,-5)",<-10
60190044042024,20,1,-8.975977711379528,"[-10,-5)",20,1,-14.6255278142034,<-10,"[-10,-5)",<-10
60190044042026,46,2,-8.087436436861754,"[-10,-5)",46,2,-14.169724056516896,<-10,"[-10,-5)",<-10
60190044042027,69,4,-8.322462232410908,"[-10,-5)",69,4,-14.128555861395345,<-10,"[-10,-5)",<-10
60190044042028,86,4,-8.467294076085091,"[-10,-5)",86,4,-14.282139106674586,<-10,"[-10,-5)",<-10
60190044042029,107,2,-8.16014843210578,"[-10,-5)",107,2,-14.255133929622176,<-10,"[-10,-5)",<-10
60190044042030,97,2,-8.24350090250373,"[-10,-5)",97,2,-14.35447446321977,<-10,"[-10,-5)",<-10
60190044042031,139,2,-8.328246592730284,"[-10,-5)",139,2,-14.452052715146664,<-10,"[-10,-5)",<-10
60190044061002,18,2,-10.553984816372395,<-10,18,2,-13.81083954149294,<-10,<-10,<-10
60190044061004,41,1,-10.87432034611702,<-10,41,1,-14.373330649851653,<-10,<-10,<-10
60190044061005,34,1,-10.970197033882142,<-10,34,1,-14.604621313403385,<-10,<-10,<-10
60190044061008,20,1,-10.95378610789776,<-10,20,1,-14.63626284787506,<-10,<-10,<-10
60190044061011,24,1,-10.76829370558262,<-10,24,1,-14.10752721663685,<-10,<-10,<-10
60190044061013,70,5,-10.72473599910736,<-10,70,5,-14.327737434764575,<-10,<-10,<-10
60190044061014,64,5,-10.117242193222046,<-10,64,5,-13.590070869824824,<-10,<-10,<-10
60190044061015,27,2,-9.972001580893997,"[-10,-5)",27,2,-13.5598348430428,<-10,"[-10,-5)",<-10
60190044062000,92,3,-9.529085415601733,"[-10,-5)",92,3,-13.152768229123462,<-10,"[-10,-5)",<-10
60190044062001,100,7,-9.81843684911728,"[-10,-5)",100,7,-13.748101291415546,<-10,"[-10,-5)",<-10
60190044062002,117,5,-10.17271777689457,<-10,117,5,-14.069397849579952,<-10,<-10,<-10
60190044062003,104,3,-10.585141503810885,<-10,104,3,-14.656243327036378,<-10,<-10,<-10
60190044062005,142,47,-10.89935174882412,<-10,142,47,-15.51857058411057,<-10,<-10,<-10
60190044062006,73,1,-11.317341542243955,<-10,73,1,-15.852753045838726,<-10,<-10,<-10
60190044062007,108,4,-9.62282912582159,"[-10,-5)",108,4,-13.626885627021633,<-10,"[-10,-5)",<-10
60190044062009,99,3,-9.205118657648564,"[-10,-5)",99,3,-12.841814707740712,<-10,"[-10,-5)",<-10
60190044062010,62,3,-8.872170911729336,"[-10,-5)",62,3,-12.525285740737006,<-10,"[-10,-5)",<-10
60190044062012,119,6,-8.594377695769072,"[-10,-5)",119,6,-12.336842041596608,<-10,"[-10,-5)",<-10
60190044062013,0,5,-9.601088878512384,"[-10,-5)",0,5,-13.946098352443254,<-10,"[-10,-5)",<-10
60190044062014,0,8,-8.969151558727027,"[-10,-5)",0,8,-13.195402719858189,<-10,"[-10,-5)",<-10
60190044062015,0,3,-9.158315782248977,"[-10,-5)",0,3,-13.111022264672735,<-10,"[-10,-5)",<-10
60190044062016,0,2,-8.748613489419222,"[-10,-5)",0,2,-12.60297668377789,<-10,"[-10,-5)",<-10
60190044062017,0,1,-8.30038191229105,"[-10,-5)",0,1,-12.14810974184734,<-10,"[-10,-5)",<-10
60190044062018,0,3,-8.264390967786312,"[-10,-5)",0,3,-12.185427845775369,<-10,"[-10,-5)",<-10
60190044062019,62,2,-8.326075009256602,"[-10,-5)",62,2,-12.045152042744483,<-10,"[-10,-5)",<-10
60190044062020,86,4,-7.968818018585443,"[-10,-5)",86,4,-11.657963647928202,<-10,"[-10,-5)",<-10
60190044062021,123,2,-7.721574298292399,"[-10,-5)",123,2,-11.471629914656589,<-10,"[-10,-5)",<-10
60190044062022,119,2,-7.977481926977635,"[-10,-5)",119,2,-11.741649302828916,<-10,"[-10,-5)",<-10
60190044062023,140,2,-7.582159774750472,"[-10,-5)",140,2,-11.266682578335743,<-10,"[-10,-5)",<-10
60190044062025,127,2,-7.346561419218778,"[-10,-5)",127,2,-11.028110430524396,<-10,"[-10,-5)",<-10
60190044063001,687,8,-11.39108794927597,<-10,687,8,-15.82404183014766,<-10,<-10,<-10
60190044063002,318,9,-11.649365016818049,<-10,318,9,-16.248135879990315,<-10,<-10,<-10
60190044063003,98,2,-11.861811169981957,<-10,98,2,-16.74404716874963,<-10,<-10,<-10
60190044063004,77,1,-11.81855890452862,<-10,77,1,-16.544444624807227,<-10,<-10,<-10
60190044063005,23,2,-11.325175139307976,<-10,23,2,-15.802585965590213,<-10,<-10,<-10
60190044063006,55,2,-11.72506499737501,<-10,55,2,-16.387963443099157,<-10,<-10,<-10
60190044063007,67,2,-11.387271071970464,<-10,67,2,-15.859569246833251,<-10,<-10,<-10
60190044063008,109,4,-11.83224186748266,<-10,109,4,-16.79164695342436,<-10,<-10,<-10
60190044063009,89,2,-11.852476483583452,<-10,89,2,-16.676850380132066,<-10,<-10,<-10
60190044091001,0,7,-7.21650911718607,"[-10,-5)",0,7,-12.214311767342606,<-10,"[-10,-5)",<-10
60190044091003,0,7,-7.770501351356507,"[-10,-5)",0,7,-13.093923246708634,<-10,"[-10,-5)",<-10
60190044091004,88,3,-8.843486706912518,"[-10,-5)",88,3,-15.259364060876468,<-10,"[-10,-5)",<-10
60190044091005,0,3,-8.519155463576316,"[-10,-5)",0,3,-15.309883938325983,<-10,"[-10,-5)",<-10
60190044091006,72,2,-8.830342239886523,"[-10,-5)",72,2,-15.432990845686293,<-10,"[-10,-5)",<-10
60190044091007,45,1,-8.78528088927269,"[-10,-5)",45,1,-15.544170821584762,<-10,"[-10,-5)",<-10
60190044091008,114,4,-9.173221360892056,"[-10,-5)",114,4,-15.313354531081076,<-10,"[-10,-5)",<-10
60190044091011,90,4,-8.788513284176588,"[-10,-5)",90,4,-14.857394542750004,<-10,"[-10,-5)",<-10
60190044091012,0,3,-8.35970446318388,"[-10,-5)",0,3,-14.666701122327863,<-10,"[-10,-5)",<-10
60190044091013,34,2,-8.514603938162328,"[-10,-5)",34,2,-14.451472105260317,<-10,"[-10,-5)",<-10
60190044091014,74,2,-8.351425194740296,"[-10,-5)",74,2,-14.062948648572297,<-10,"[-10,-5)",<-10
60190044091015,91,11,-8.505641117691994,"[-10,-5)",91,11,-13.90965968501627,<-10,"[-10,-5)",<-10
60190044091016,0,6,-7.716664816439152,"[-10,-5)",0,6,-13.21820955340755,<-10,"[-10,-5)",<-10
60190044091017,0,4,-7.489849877357483,"[-10,-5)",0,4,-12.71515426335584,<-10,"[-10,-5)",<-10
60190044091018,0,3,-7.686158752441407,"[-10,-5)",0,3,-13.007329429373268,<-10,"[-10,-5)",<-10
60190044091019,0,7,-7.898374405503273,"[-10,-5)",0,7,-13.46274914372986,<-10,"[-10,-5)",<-10
60190044091020,0,8,-8.112595295906068,"[-10,-5)",0,8,-14.116962979457162,<-10,"[-10,-5)",<-10
60190044091021,0,7,-8.056346458196641,"[-10,-5)",0,7,-13.940388832523686,<-10,"[-10,-5)",<-10
60190044091022,77,2,-8.785312114655971,"[-10,-5)",77,2,-15.772789088947276,<-10,"[-10,-5)",<-10
60190044091023,166,4,-8.944803140312434,"[-10,-5)",166,4,-16.019989713230107,<-10,"[-10,-5)",<-10
60190044091024,0,18,-8.350825383514167,"[-10,-5)",0,18,-14.982034782872791,<-10,"[-10,-5)",<-10
60190044091025,0,2,-8.261376015096904,"[-10,-5)",0,2,-14.771741517950638,<-10,"[-10,-5)",<-10
60190044091026,0,15,-8.225167344510556,"[-10,-5)",0,15,-14.583408032428588,<-10,"[-10,-5)",<-10
60190044091027,0,2,-8.568704469501974,"[-10,-5)",0,2,-15.577229794086222,<-10,"[-10,-5)",<-10
60190044091028,28,1,-8.745623517036439,"[-10,-5)",28,1,-15.876640995448485,<-10,"[-10,-5)",<-10
60190044091032,63,2,-9.064583994448183,"[-10,-5)",63,2,-15.203867527258254,<-10,"[-10,-5)",<-10
60190044091033,84,8,-9.371130394935609,"[-10,-5)",84,8,-16.128041099457228,<-10,"[-10,-5)",<-10
60190044092000,309,15,-9.939103084802628,"[-10,-5)",309,15,-16.733050803817974,<-10,"[-10,-5)",<-10
60190044092001,50,4,-10.578768686950207,<-10,50,4,-17.07878581157244,<-10,<-10,<-10
60190044092002,67,4,-11.398361760377885,<-10,67,4,-17.593178333416688,<-10,<-10,<-10
60190044092003,39,3,-11.506774020195008,<-10,39,3,-18.408810239220323,<-10,<-10,<-10
60190044092004,63,2,-11.345638552308085,<-10,63,2,-17.888620140184116,<-10,<-10,<-10
60190044092005,109,4,-10.961245568096638,<-10,109,4,-17.659812123602386,<-10,<-10,<-10
60190044092006,41,2,-11.388841424882411,<-10,41,2,-18.57371026428044,<-10,<-10,<-10
60190044092007,209,13,-11.076609733700751,<-10,209,13,-18.689704984588698,<-10,<-10,<-10
60190044092008,53,2,-11.330376152694225,<-10,53,2,-18.71724873128128,<-10,<-10,<-10
60190044092009,61,3,-10.732416307926178,<-10,61,3,-17.87127683430306,<-10,<-10,<-10
60190044092010,54,2,-10.447870744764806,<-10,54,2,-17.75241087880341,<-10,<-10,<-10
60190044093000,60,1,-9.116528271138668,"[-10,-5)",60,1,-15.833938331341582,<-10,"[-10,-5)",<-10
60190044093001,354,4,-9.226456097513438,"[-10,-5)",354,4,-16.318077783060758,<-10,"[-10,-5)",<-10
60190044093002,283,11,-9.424726778268814,"[-10,-5)",283,11,-16.868079529637203,<-10,"[-10,-5)",<-10
60190044093003,0,1,-9.49997597783804,"[-10,-5)",0,1,-17.22996424114825,<-10,"[-10,-5)",<-10
60190044093005,294,10,-10.06599622964859,<-10,294,10,-17.808748217345105,<-10,<-10,<-10
60190044093006,100,2,-10.254074661433696,<-10,100,2,-18.152895921750787,<-10,<-10,<-10
60190045031000,171,25,-8.468977408111096,"[-10,-5)",171,25,-14.998777026855844,<-10,"[-10,-5)",<-10
60190045031001,36,2,-8.618717882037163,"[-10,-5)",36,2,-15.176126077786364,<-10,"[-10,-5)",<-10
60190045031002,0,4,-8.527830442786218,"[-10,-5)",0,4,-15.57868927236218,<-10,"[-10,-5)",<-10
60190045031003,160,12,-8.749560470134021,"[-10,-5)",160,12,-16.0378431831796,<-10,"[-10,-5)",<-10
60190045031004,63,3,-8.910440741479396,"[-10,-5)",63,3,-16.43182675886732,<-10,"[-10,-5)",<-10
60190045031005,58,2,-8.498937595635653,"[-10,-5)",58,2,-15.472288817964536,<-10,"[-10,-5)",<-10
60190045031006,201,8,-8.696108575165272,"[-10,-5)",201,8,-14.99545187062806,<-10,"[-10,-5)",<-10
60190045031007,54,3,-8.735671703517438,"[-10,-5)",54,3,-15.03538953638187,<-10,"[-10,-5)",<-10
60190045031008,52,2,-8.7179092861712,"[-10,-5)",52,2,-15.154195840180872,<-10,"[-10,-5)",<-10
60190045031009,49,5,-8.585612162947655,"[-10,-5)",49,5,-15.303749471053196,<-10,"[-10,-5)",<-10
60190045031010,38,1,-8.830048437416554,"[-10,-5)",38,1,-15.21026446201391,<-10,"[-10,-5)",<-10
60190045031011,82,1,-8.818832279741764,"[-10,-5)",82,1,-15.265555339292732,<-10,"[-10,-5)",<-10
60190045031012,0,4,-8.943563776463272,"[-10,-5)",0,4,-15.368459635920722,<-10,"[-10,-5)",<-10
60190045031013,64,2,-8.745908235758543,"[-10,-5)",64,2,-15.30568445860007,<-10,"[-10,-5)",<-10
60190045031014,71,5,-8.743821528553964,"[-10,-5)",71,5,-15.322807337244427,<-10,"[-10,-5)",<-10
60190045031015,275,10,-8.460801183432341,"[-10,-5)",275,10,-15.24595208612411,<-10,"[-10,-5)",<-10
60190045031016,90,3,-8.549352112412453,"[-10,-5)",90,3,-15.720118341605671,<-10,"[-10,-5)",<-10
60190045031017,75,4,-8.790170500427486,"[-10,-5)",75,4,-16.339370599636425,<-10,"[-10,-5)",<-10
60190045031018,62,4,-8.598858538269997,"[-10,-5)",62,4,-16.084039164498982,<-10,"[-10,-5)",<-10
60190045031019,129,6,-8.397382713854313,"[-10,-5)",129,6,-15.68099648387221,<-10,"[-10,-5)",<-10
60190045031020,118,7,-8.054403103888035,"[-10,-5)",118,7,-15.328574804530346,<-10,"[-10,-5)",<-10
60190045031021,50,2,-7.936790142953396,"[-10,-5)",50,2,-15.101510321941962,<-10,"[-10,-5)",<-10
60190045031022,75,1,-8.257478235661983,"[-10,-5)",75,1,-15.398763836074918,<-10,"[-10,-5)",<-10
60190045031023,145,4,-8.999675222486257,"[-10,-5)",145,4,-15.35440342280132,<-10,"[-10,-5)",<-10
60190045031024,44,2,-8.080602052062751,"[-10,-5)",44,2,-15.06475805700298,<-10,"[-10,-5)",<-10
60190045031025,91,2,-8.185807748883963,"[-10,-5)",91,2,-15.084956690955256,<-10,"[-10,-5)",<-10
60190045031026,54,2,-8.387720728665592,"[-10,-5)",54,2,-15.402807085156269,<-10,"[-10,-5)",<-10
60190045032000,214,3,-9.150025726854802,"[-10,-5)",214,3,-15.51029547295152,<-10,"[-10,-5)",<-10
60190045032001,637,21,-9.162760005891323,"[-10,-5)",637,21,-15.507306070581691,<-10,"[-10,-5)",<-10
60190045032002,33,2,-9.458235304802656,"[-10,-5)",33,2,-15.797044606655335,<-10,"[-10,-5)",<-10
60190045032003,33,3,-9.384907034039498,"[-10,-5)",33,3,-15.805757731730605,<-10,"[-10,-5)",<-10
60190045032004,29,2,-8.538408751040699,"[-10,-5)",29,2,-15.096642175057308,<-10,"[-10,-5)",<-10
60190045032005,90,4,-8.192741771042346,"[-10,-5)",90,4,-14.745405008056968,<-10,"[-10,-5)",<-10
60190045032006,26,2,-8.069845191389323,"[-10,-5)",26,2,-14.62229696447379,<-10,"[-10,-5)",<-10
60190045032007,245,18,-7.6187689818441875,"[-10,-5)",245,18,-14.40380017043337,<-10,"[-10,-5)",<-10
60190045032008,96,6,-7.437917523086071,"[-10,-5)",96,6,-14.011978826866432,<-10,"[-10,-5)",<-10
60190045032009,77,3,-8.383948986232282,"[-10,-5)",77,3,-14.746707119465489,<-10,"[-10,-5)",<-10
60190045032010,114,6,-8.561769879609347,"[-10,-5)",114,6,-14.985707055187229,<-10,"[-10,-5)",<-10
60190045032011,92,6,-7.361123802512885,"[-10,-5)",92,6,-13.87367607484855,<-10,"[-10,-5)",<-10
60190045032012,19,1,-8.561337549984456,"[-10,-5)",19,1,-14.88407987306463,<-10,"[-10,-5)",<-10
60190045032013,22,2,-8.329818364977836,"[-10,-5)",22,2,-14.692672336568972,<-10,"[-10,-5)",<-10
60190045032014,25,1,-8.672694079577923,"[-10,-5)",25,1,-14.974785680964958,<-10,"[-10,-5)",<-10
60190045032015,62,2,-8.91322377473116,"[-10,-5)",62,2,-15.186210623865197,<-10,"[-10,-5)",<-10
60190045032016,76,5,-9.306516560912131,"[-10,-5)",76,5,-15.604286101167762,<-10,"[-10,-5)",<-10
60190045032017,106,3,-9.539242181181908,"[-10,-5)",106,3,-15.984550353816909,<-10,"[-10,-5)",<-10
60190045032018,80,3,-9.475655946135522,"[-10,-5)",80,3,-15.910150480317723,<-10,"[-10,-5)",<-10
60190045032019,99,4,-9.499660033732653,"[-10,-5)",99,4,-16.040237204765774,<-10,"[-10,-5)",<-10
60190045032020,47,1,-9.533605715632438,"[-10,-5)",47,1,-16.080899780710368,<-10,"[-10,-5)",<-10
60190045032021,86,4,-9.472937350720168,"[-10,-5)",86,4,-15.92633313453752,<-10,"[-10,-5)",<-10
60190045032022,54,2,-9.375134340673686,"[-10,-5)",54,2,-15.776232412353496,<-10,"[-10,-5)",<-10
60190045032023,45,2,-9.242881216853858,"[-10,-5)",45,2,-15.583638659182007,<-10,"[-10,-5)",<-10
60190045032024,132,4,-8.916042291373016,"[-10,-5)",132,4,-15.239571626600064,<-10,"[-10,-5)",<-10
60190045032025,29,1,-9.468748891353608,"[-10,-5)",29,1,-16.025263491679198,<-10,"[-10,-5)",<-10
60190045032026,23,2,-9.489798489958048,"[-10,-5)",23,2,-16.08949587483007,<-10,"[-10,-5)",<-10
60190045032027,18,2,-9.416565030813215,"[-10,-5)",18,2,-16.087461467782113,<-10,"[-10,-5)",<-10
60190045032028,22,1,-8.257475964725018,"[-10,-5)",22,1,-14.62314742729166,<-10,"[-10,-5)",<-10
60190045032029,22,1,-7.98304458707571,"[-10,-5)",22,1,-14.361983192053296,<-10,"[-10,-5)",<-10
60190045032030,27,11,-7.15788204073906,"[-10,-5)",27,11,-13.637737691648857,<-10,"[-10,-5)",<-10
60190045041000,527,22,-8.54465780183673,"[-10,-5)",527,22,-13.627004930422936,<-10,"[-10,-5)",<-10
60190045041001,54,2,-9.451798050105571,"[-10,-5)",54,2,-14.454883046314755,<-10,"[-10,-5)",<-10
60190045041004,0,8,-8.497941789776087,"[-10,-5)",0,8,-13.775883076799303,<-10,"[-10,-5)",<-10
60190045041005,9,4,-8.628684172779323,"[-10,-5)",9,4,-14.13464374353048,<-10,"[-10,-5)",<-10
60190045041006,66,2,-9.182276154309513,"[-10,-5)",66,2,-14.51525795282345,<-10,"[-10,-5)",<-10
60190045041007,162,5,-8.767288255691529,"[-10,-5)",162,5,-14.096075226334492,<-10,"[-10,-5)",<-10
60190045041008,125,3,-8.358327139914037,"[-10,-5)",125,3,-13.796683908872447,<-10,"[-10,-5)",<-10
60190045041009,225,17,-7.8532974421978,"[-10,-5)",225,17,-13.484989570178746,<-10,"[-10,-5)",<-10
60190045041011,39,1,-7.580200807750225,"[-10,-5)",39,1,-13.199695369859407,<-10,"[-10,-5)",<-10
60190045041012,470,25,-7.388323666155339,"[-10,-5)",470,25,-12.840643261962192,<-10,"[-10,-5)",<-10
60190045041013,60,2,-7.265404660999775,"[-10,-5)",60,2,-12.622020915294684,<-10,"[-10,-5)",<-10
60190045041014,78,3,-7.373247483372689,"[-10,-5)",78,3,-12.676100010883117,<-10,"[-10,-5)",<-10
60190045041015,77,2,-7.285846500098706,"[-10,-5)",77,2,-12.55958887728064,<-10,"[-10,-5)",<-10
60190045041016,0,1,-7.2020557388663295,"[-10,-5)",0,1,-11.940486600668669,<-10,"[-10,-5)",<-10
60190045041017,45,19,-7.149545431137085,"[-10,-5)",45,19,-11.840754638292507,<-10,"[-10,-5)",<-10
60190045041018,0,4,-6.998405492305755,"[-10,-5)",0,4,-11.304905115667946,<-10,"[-10,-5)",<-10
60190045041021,11,1,-7.57439345419407,"[-10,-5)",11,1,-13.020294868537889,<-10,"[-10,-5)",<-10
60190045041022,0,6,-7.605197010934353,"[-10,-5)",0,6,-13.447605565324285,<-10,"[-10,-5)",<-10
60190045042000,15,4,-7.672236205637455,"[-10,-5)",15,4,-13.74650887506385,<-10,"[-10,-5)",<-10
60190045042001,101,4,-7.831230747699738,"[-10,-5)",101,4,-14.055942130247118,<-10,"[-10,-5)",<-10
60190045042002,82,4,-8.010160426050424,"[-10,-5)",82,4,-14.374966242672391,<-10,"[-10,-5)",<-10
60190045042003,173,6,-8.316178265959024,"[-10,-5)",173,6,-14.809114728687838,<-10,"[-10,-5)",<-10
60190045042004,87,4,-8.530184836685658,"[-10,-5)",87,4,-15.043717481904356,<-10,"[-10,-5)",<-10
60190045042005,108,7,-8.953914991021156,"[-10,-5)",108,7,-15.631223672959434,<-10,"[-10,-5)",<-10
60190045042006,64,3,-9.161598989367484,"[-10,-5)",64,3,-15.844190470293675,<-10,"[-10,-5)",<-10
60190045042009,51,2,-8.786909434944391,"[-10,-5)",51,2,-15.393121921416087,<-10,"[-10,-5)",<-10
60190045042010,300,4,-9.065492653101684,"[-10,-5)",300,4,-15.77144152862397,<-10,"[-10,-5)",<-10
60190045042011,107,4,-8.28262261748314,"[-10,-5)",107,4,-14.67305772117165,<-10,"[-10,-5)",<-10
60190045042012,25,1,-7.970818430185318,"[-10,-5)",25,1,-14.225729617980676,<-10,"[-10,-5)",<-10
60190045042013,0,5,-8.038094937801361,"[-10,-5)",0,5,-14.266713176885922,<-10,"[-10,-5)",<-10
60190045042014,20,2,-7.796806749701501,"[-10,-5)",20,2,-13.84978073979014,<-10,"[-10,-5)",<-10
60190045042015,58,2,-9.144802287966012,"[-10,-5)",58,2,-15.734319423140944,<-10,"[-10,-5)",<-10
60190045043000,53,3,-7.833376783132554,"[-10,-5)",53,3,-13.91722806555045,<-10,"[-10,-5)",<-10
60190045043001,67,3,-8.004962535202504,"[-10,-5)",67,3,-14.34141414944554,<-10,"[-10,-5)",<-10
60190045043002,244,9,-8.36339246481657,"[-10,-5)",244,9,-14.782339068655078,<-10,"[-10,-5)",<-10
60190045043003,60,2,-8.034035070240499,"[-10,-5)",60,2,-14.232988945894332,<-10,"[-10,-5)",<-10
60190045043004,72,5,-8.612593165040016,"[-10,-5)",72,5,-15.139361882507252,<-10,"[-10,-5)",<-10
60190045043005,115,2,-8.801378425955772,"[-10,-5)",115,2,-15.24162137265676,<-10,"[-10,-5)",<-10
60190045043007,76,5,-8.717014253139496,"[-10,-5)",76,5,-15.303026833308152,<-10,"[-10,-5)",<-10
60190045044000,23,8,-7.9218206942081455,"[-10,-5)",23,8,-13.692618392471765,<-10,"[-10,-5)",<-10
60190045044001,849,29,-8.065098081529142,"[-10,-5)",849,29,-14.151046824986969,<-10,"[-10,-5)",<-10
60190045044002,22,1,-7.946978133916855,"[-10,-5)",22,1,-14.033229603195927,<-10,"[-10,-5)",<-10
60190045044003,53,3,-7.976212473213673,"[-10,-5)",53,3,-13.949295683598214,<-10,"[-10,-5)",<-10
60190045044004,65,1,-7.968763799965382,"[-10,-5)",65,1,-14.026379315515312,<-10,"[-10,-5)",<-10
60190045044005,56,2,-7.885625081509352,"[-10,-5)",56,2,-13.799275065126496,<-10,"[-10,-5)",<-10
60190045044006,56,2,-7.976756078749895,"[-10,-5)",56,2,-13.830036026874255,<-10,"[-10,-5)",<-10
60190045044007,63,1,-7.948523506522179,"[-10,-5)",63,1,-14.075515273509696,<-10,"[-10,-5)",<-10
60190045051000,260,24,-8.08882965669036,"[-10,-5)",260,24,-13.783373057955483,<-10,"[-10,-5)",<-10
60190045051001,59,2,-8.45955103263259,"[-10,-5)",59,2,-14.840522201248383,<-10,"[-10,-5)",<-10
60190045051002,43,2,-8.277546505630017,"[-10,-5)",43,2,-14.156831903727364,<-10,"[-10,-5)",<-10
60190045051003,36,2,-8.437949880212546,"[-10,-5)",36,2,-14.674501292327434,<-10,"[-10,-5)",<-10
60190045051004,71,2,-8.465194594860076,"[-10,-5)",71,2,-14.771188177413158,<-10,"[-10,-5)",<-10
60190045051005,112,16,-8.863558099418878,"[-10,-5)",112,16,-15.547481206915243,<-10,"[-10,-5)",<-10
60190045051007,97,13,-8.370400008559228,"[-10,-5)",97,13,-14.719882033737903,<-10,"[-10,-5)",<-10
60190045051008,74,3,-8.501140120625497,"[-10,-5)",74,3,-14.822336386109544,<-10,"[-10,-5)",<-10
60190045051009,0,14,-7.226561703532934,"[-10,-5)",0,14,-11.979411891845697,<-10,"[-10,-5)",<-10
60190045051010,551,14,-7.305035917460919,"[-10,-5)",551,14,-12.399339412425654,<-10,"[-10,-5)",<-10
60190045051011,91,4,-6.784173247218132,"[-10,-5)",91,4,-11.558350988953348,<-10,"[-10,-5)",<-10
60190045051012,31,2,-7.9848942652344705,"[-10,-5)",31,2,-13.83731012568522,<-10,"[-10,-5)",<-10
60190045051013,62,3,-8.024911580979824,"[-10,-5)",62,3,-14.094640176850232,<-10,"[-10,-5)",<-10
60190045051014,28,3,-7.439286898076535,"[-10,-5)",28,3,-13.15478502471694,<-10,"[-10,-5)",<-10
60190045051015,44,2,-7.625039322674274,"[-10,-5)",44,2,-13.313757375066531,<-10,"[-10,-5)",<-10
60190045051016,34,3,-7.3973807305097585,"[-10,-5)",34,3,-12.870040756266471,<-10,"[-10,-5)",<-10
60190045051017,50,3,-7.812279778718949,"[-10,-5)",50,3,-13.594223764413083,<-10,"[-10,-5)",<-10
60190045051019,69,3,-7.153985680639744,"[-10,-5)",69,3,-12.334611636103649,<-10,"[-10,-5)",<-10
60190045051020,13,1,-7.202608712017536,"[-10,-5)",13,1,-12.65414477637449,<-10,"[-10,-5)",<-10
60190045051021,32,1,-7.0227402850985525,"[-10,-5)",32,1,-12.430016861792502,<-10,"[-10,-5)",<-10
60190045051022,9,1,-7.227126882970333,"[-10,-5)",9,1,-12.790885790058155,<-10,"[-10,-5)",<-10
60190045051023,31,2,-6.713608422875405,"[-10,-5)",31,2,-11.910243188437995,<-10,"[-10,-5)",<-10
60190045051024,30,2,-6.675372089445592,"[-10,-5)",30,2,-11.767733003134108,<-10,"[-10,-5)",<-10
60190045051025,33,1,-6.993831257522106,"[-10,-5)",33,1,-12.289301340511097,<-10,"[-10,-5)",<-10
60190045051026,121,5,-6.725753393769264,"[-10,-5)",121,5,-11.632705413537748,<-10,"[-10,-5)",<-10
60190045052000,583,13,-6.396385212242604,"[-10,-5)",583,13,-10.268975502575628,<-10,"[-10,-5)",<-10
60190045052001,103,1,-6.867856706678867,"[-10,-5)",103,1,-10.628040108924411,<-10,"[-10,-5)",<-10
60190045052002,150,2,-6.551065541803837,"[-10,-5)",150,2,-10.445238324442844,<-10,"[-10,-5)",<-10
60190045052003,209,2,-6.541416614502669,"[-10,-5)",209,2,-10.345333088079071,<-10,"[-10,-5)",<-10
60190045052005,210,3,-6.732410645484925,"[-10,-5)",210,3,-10.51432919658398,<-10,"[-10,-5)",<-10
60190045052006,177,1,-6.267304019629956,"[-10,-5)",177,1,-10.226962525750556,<-10,"[-10,-5)",<-10
60190045052007,121,1,-6.765776954591274,"[-10,-5)",121,1,-10.505295088548062,<-10,"[-10,-5)",<-10
60190045052009,14,1,-7.050152765214444,"[-10,-5)",14,1,-10.820928711930552,<-10,"[-10,-5)",<-10
60190045053000,163,4,-7.1241679944098,"[-10,-5)",163,4,-10.954409334089997,<-10,"[-10,-5)",<-10
60190045053001,51,2,-7.124257980287075,"[-10,-5)",51,2,-11.02018868467778,<-10,"[-10,-5)",<-10
60190045053002,14,1,-7.172142389416695,"[-10,-5)",14,1,-11.049341322953676,<-10,"[-10,-5)",<-10
60190045053003,104,2,-7.124611110985279,"[-10,-5)",104,2,-10.942063704500724,<-10,"[-10,-5)",<-10
60190045053004,123,1,-7.072429521381856,"[-10,-5)",123,1,-10.871213391246066,<-10,"[-10,-5)",<-10
60190045053005,474,6,-7.148008006811143,"[-10,-5)",474,6,-11.203237029522048,<-10,"[-10,-5)",<-10
60190045053006,234,6,-7.083019752055407,"[-10,-5)",234,6,-11.31334952403456,<-10,"[-10,-5)",<-10
60190045053007,43,1,-7.200650028884411,"[-10,-5)",43,1,-11.533297274679416,<-10,"[-10,-5)",<-10
60190045053008,0,1,-7.268665726482869,"[-10,-5)",0,1,-11.263418210031482,<-10,"[-10,-5)",<-10
60190045053009,0,8,-7.34734517633915,"[-10,-5)",0,8,-11.639681253845447,<-10,"[-10,-5)",<-10
60190045053010,15,32,-7.641640155762435,"[-10,-5)",15,32,-12.459616035656133,<-10,"[-10,-5)",<-10
60190045053011,0,31,-6.964707058668137,"[-10,-5)",0,31,-11.193367797676997,<-10,"[-10,-5)",<-10
60190045053012,0,8,-6.804162885993719,"[-10,-5)",0,8,-10.73457066084062,<-10,"[-10,-5)",<-10
60190045061000,0,2,-8.293042244017125,"[-10,-5)",0,2,-14.723707696139734,<-10,"[-10,-5)",<-10
60190045061001,47,2,-7.832897331565618,"[-10,-5)",47,2,-14.266345608787615,<-10,"[-10,-5)",<-10
60190045061002,156,15,-6.805705136060715,"[-10,-5)",156,15,-13.192997336043318,<-10,"[-10,-5)",<-10
60190045061003,22,1,-6.955320708453655,"[-10,-5)",22,1,-13.374947521484144,<-10,"[-10,-5)",<-10
60190045061004,80,6,-6.947015608102084,"[-10,-5)",80,6,-13.353337130616437,<-10,"[-10,-5)",<-10
60190045061007,23,2,-7.904163023829461,"[-10,-5)",23,2,-14.410342541716332,<-10,"[-10,-5)",<-10
60190045061008,28,1,-7.9572881877422335,"[-10,-5)",28,1,-14.493113537207044,<-10,"[-10,-5)",<-10
60190045061009,59,3,-7.575814493000507,"[-10,-5)",59,3,-14.038054005500104,<-10,"[-10,-5)",<-10
60190045061010,0,24,-7.111580190807581,"[-10,-5)",0,24,-13.53294726505739,<-10,"[-10,-5)",<-10
60190045061011,85,4,-6.273051761090756,"[-10,-5)",85,4,-12.45867410689726,<-10,"[-10,-5)",<-10
60190045061012,16,2,-6.281416473537684,"[-10,-5)",16,2,-12.498957752514857,<-10,"[-10,-5)",<-10
60190045061013,24,2,-6.233632837235928,"[-10,-5)",24,2,-12.408410447704837,<-10,"[-10,-5)",<-10
60190045061014,67,4,-7.155269895493984,"[-10,-5)",67,4,-13.469847696107475,<-10,"[-10,-5)",<-10
60190045061017,55,4,-7.110398451983929,"[-10,-5)",55,4,-13.306637802565836,<-10,"[-10,-5)",<-10
60190045061018,36,3,-6.459107355773449,"[-10,-5)",36,3,-12.505890416353513,<-10,"[-10,-5)",<-10
60190045061019,56,5,-6.282115638256073,"[-10,-5)",56,5,-12.361098127416104,<-10,"[-10,-5)",<-10
60190045061020,78,5,-6.276884534955025,"[-10,-5)",78,5,-12.039831111046304,<-10,"[-10,-5)",<-10
60190045061021,48,3,-6.44557938426733,"[-10,-5)",48,3,-12.383541937758642,<-10,"[-10,-5)",<-10
60190045061022,52,4,-7.074779089540243,"[-10,-5)",52,4,-13.12700778422466,<-10,"[-10,-5)",<-10
60190045061023,55,4,-7.028597883135081,"[-10,-5)",55,4,-12.931338843856691,<-10,"[-10,-5)",<-10
60190045061024,0,5,-6.917877499759197,"[-10,-5)",0,5,-12.434177709940853,<-10,"[-10,-5)",<-10
60190045061026,79,5,-6.76424634307623,"[-10,-5)",79,5,-12.469982365006617,<-10,"[-10,-5)",<-10
60190045061027,44,8,-6.13502137362957,"[-10,-5)",44,8,-11.60861635248008,<-10,"[-10,-5)",<-10
60190045061028,78,5,-6.705364353954792,"[-10,-5)",78,5,-12.271024059431255,<-10,"[-10,-5)",<-10
60190045061029,69,5,-6.6194355055689815,"[-10,-5)",69,5,-12.062296509623366,<-10,"[-10,-5)",<-10
60190045061030,13,2,-6.4581881940364845,"[-10,-5)",13,2,-11.77773062816342,<-10,"[-10,-5)",<-10
60190045061031,22,2,-6.465764323621989,"[-10,-5)",22,2,-11.781321092431249,<-10,"[-10,-5)",<-10
60190045062000,219,3,-9.238294208049776,"[-10,-5)",219,3,-15.924994095885737,<-10,"[-10,-5)",<-10
60190045062001,39,3,-9.37249579578638,"[-10,-5)",39,3,-15.965660648610372,<-10,"[-10,-5)",<-10
60190045062002,41,2,-9.14981850385666,"[-10,-5)",41,2,-15.603785026882283,<-10,"[-10,-5)",<-10
60190045062003,51,2,-8.750671242177487,"[-10,-5)",51,2,-15.154443536766436,<-10,"[-10,-5)",<-10
60190045062004,19,1,-9.084676676988602,"[-10,-5)",19,1,-15.78898594595294,<-10,"[-10,-5)",<-10
60190045062005,92,6,-9.037535715848207,"[-10,-5)",92,6,-15.685757825807126,<-10,"[-10,-5)",<-10
60190045062006,56,3,-8.929811266064645,"[-10,-5)",56,3,-15.420670213000152,<-10,"[-10,-5)",<-10
60190045062007,0,1,-8.492129610478878,"[-10,-5)",0,1,-14.950887505349376,<-10,"[-10,-5)",<-10
60190045062008,0,2,-8.264266066253185,"[-10,-5)",0,2,-14.800014151614048,<-10,"[-10,-5)",<-10
60190045062010,33,2,-8.486442900449038,"[-10,-5)",33,2,-15.034457265517393,<-10,"[-10,-5)",<-10
60190045062011,53,4,-8.737626980245114,"[-10,-5)",53,4,-15.326760256607647,<-10,"[-10,-5)",<-10
60190045062013,57,4,-8.169263973087073,"[-10,-5)",57,4,-14.751065670393142,<-10,"[-10,-5)",<-10
60190045062014,30,2,-8.17734595388174,"[-10,-5)",30,2,-14.740949310073962,<-10,"[-10,-5)",<-10
60190045062015,28,3,-8.371738158166409,"[-10,-5)",28,3,-14.97577646730722,<-10,"[-10,-5)",<-10
60190045062016,159,9,-8.209225934743882,"[-10,-5)",159,9,-14.636760513491929,<-10,"[-10,-5)",<-10
60190045062017,28,2,-8.650874349474908,"[-10,-5)",28,2,-15.295352784047104,<-10,"[-10,-5)",<-10
60190045062018,39,3,-8.4675268471241,"[-10,-5)",39,3,-15.079619284025467,<-10,"[-10,-5)",<-10
60190045062019,26,2,-8.614151311665774,"[-10,-5)",26,2,-15.260232703260254,<-10,"[-10,-5)",<-10
60190045062020,0,2,-8.302697132527829,"[-10,-5)",0,2,-14.751762743123622,<-10,"[-10,-5)",<-10
60190045062021,43,3,-8.922402334213258,"[-10,-5)",43,3,-15.616822048087684,<-10,"[-10,-5)",<-10
60190045062022,71,2,-7.944311202317477,"[-10,-5)",71,2,-14.125785181927906,<-10,"[-10,-5)",<-10
60190045062024,164,9,-7.823635599017144,"[-10,-5)",164,9,-14.199662392907092,<-10,"[-10,-5)",<-10
60190045062025,27,2,-7.807607609778643,"[-10,-5)",27,2,-14.044304367505587,<-10,"[-10,-5)",<-10
60190045062026,39,2,-7.654558096826078,"[-10,-5)",39,2,-13.9093432469471,<-10,"[-10,-5)",<-10
60190045062028,22,5,-7.838827599585056,"[-10,-5)",22,5,-14.314670871764566,<-10,"[-10,-5)",<-10
60190045062029,13,1,-7.5931922703981405,"[-10,-5)",13,1,-13.9489639065203,<-10,"[-10,-5)",<-10
60190045062030,7,1,-7.500921262800694,"[-10,-5)",7,1,-13.741635047064843,<-10,"[-10,-5)",<-10
60190045062031,29,23,-7.280957172811032,"[-10,-5)",29,23,-13.109289524796646,<-10,"[-10,-5)",<-10
60190045062032,34,2,-7.54635107293725,"[-10,-5)",34,2,-13.596197951648955,<-10,"[-10,-5)",<-10
60190045062033,51,3,-7.651761437952519,"[-10,-5)",51,3,-13.687138389571848,<-10,"[-10,-5)",<-10
60190045062034,276,15,-6.984838914871216,"[-10,-5)",276,15,-12.551916532353896,<-10,"[-10,-5)",<-10
60190045062035,114,2,-6.870042199641467,"[-10,-5)",114,2,-12.345638679052788,<-10,"[-10,-5)",<-10
60190045062036,50,2,-7.554738494753838,"[-10,-5)",50,2,-13.570708495904547,<-10,"[-10,-5)",<-10
60190046011000,0,6,-5.718429909646511,"[-10,-5)",0,6,-10.680716537380365,<-10,"[-10,-5)",<-10
60190046011001,0,3,-5.883780236542225,"[-10,-5)",0,3,-10.636403845467289,<-10,"[-10,-5)",<-10
60190046011002,0,6,-6.073879802227021,"[-10,-5)",0,6,-10.67621595859401,<-10,"[-10,-5)",<-10
60190046011003,0,5,-6.347745148837567,"[-10,-5)",0,5,-10.663608429633308,<-10,"[-10,-5)",<-10
60190046011004,301,21,-6.136144351959229,"[-10,-5)",301,21,-10.752781472882589,<-10,"[-10,-5)",<-10
60190046011005,370,11,-5.922537750005723,"[-10,-5)",370,11,-10.706551972988557,<-10,"[-10,-5)",<-10
60190046011007,92,4,-5.933222224563361,"[-10,-5)",92,4,-10.589991981802688,<-10,"[-10,-5)",<-10
60190046011008,90,5,-5.951500144600868,"[-10,-5)",90,5,-10.703119443699595,<-10,"[-10,-5)",<-10
60190046011009,76,4,-5.818145048618317,"[-10,-5)",76,4,-10.465236983170076,<-10,"[-10,-5)",<-10
60190046011010,64,4,-5.568887574970723,"[-10,-5)",64,4,-10.31303368056592,<-10,"[-10,-5)",<-10
60190046011011,52,4,-5.441007708013058,"[-10,-5)",52,4,-10.244001892014,<-10,"[-10,-5)",<-10
60190046011012,49,4,-5.324237264692783,"[-10,-5)",49,4,-10.068757693949356,<-10,"[-10,-5)",<-10
60190046011013,40,4,-5.454725018888713,"[-10,-5)",40,4,-10.12473882662144,<-10,"[-10,-5)",<-10
60190046011014,39,2,-5.650453385710716,"[-10,-5)",39,2,-10.240640944765826,<-10,"[-10,-5)",<-10
60190046011015,91,4,-5.79100139066577,"[-10,-5)",91,4,-10.373735251149618,<-10,"[-10,-5)",<-10
60190046011016,68,4,-5.239518541842699,"[-10,-5)",68,4,-9.94504915657961,"[-10,-5)","[-10,-5)","[-10,-5)"
60190046011017,69,4,-5.342830561101437,"[-10,-5)",69,4,-9.963003750364493,"[-10,-5)","[-10,-5)","[-10,-5)"
60190046011018,0,2,-5.494549588859082,"[-10,-5)",0,2,-10.011456838414269,<-10,"[-10,-5)",<-10
60190046011019,32,2,-5.225993976742029,"[-10,-5)",32,2,-9.85847976803594,"[-10,-5)","[-10,-5)","[-10,-5)"
60190046011020,11,1,-5.269016593694687,"[-10,-5)",11,1,-9.86730481106386,"[-10,-5)","[-10,-5)","[-10,-5)"
60190046011021,71,2,-5.794145219027996,"[-10,-5)",71,2,-10.268763597010455,<-10,"[-10,-5)",<-10
60190046011022,54,2,-5.717092043906451,"[-10,-5)",54,2,-10.229352570556683,<-10,"[-10,-5)",<-10
60190046011023,41,2,-5.51286214068532,"[-10,-5)",41,2,-10.083341114480234,<-10,"[-10,-5)",<-10
60190046011024,0,1,-5.220221538841725,"[-10,-5)",0,1,-9.858247978570548,"[-10,-5)","[-10,-5)","[-10,-5)"
60190046011025,34,2,-5.203167369961738,"[-10,-5)",34,2,-9.882952872423523,"[-10,-5)","[-10,-5)","[-10,-5)"
60190046011026,52,2,-5.956518915295601,"[-10,-5)",52,2,-10.649320427048512,<-10,"[-10,-5)",<-10
60190046011027,49,3,-5.816230081021786,"[-10,-5)",49,3,-10.71484071882204,<-10,"[-10,-5)",<-10
60190046011028,48,3,-5.858820936083794,"[-10,-5)",48,3,-10.707992703587164,<-10,"[-10,-5)",<-10
60190046012000,0,2,-5.854041181504726,"[-10,-5)",0,2,-11.08636514515848,<-10,"[-10,-5)",<-10
60190046012001,0,2,-5.72859888151288,"[-10,-5)",0,2,-10.960734118693434,<-10,"[-10,-5)",<-10
60190046012002,0,2,-5.658151010423898,"[-10,-5)",0,2,-10.859597784850491,<-10,"[-10,-5)",<-10
60190046012003,10,2,-5.635571084171534,"[-10,-5)",10,2,-10.767481356257598,<-10,"[-10,-5)",<-10
60190046012008,43,2,-5.822389713674784,"[-10,-5)",43,2,-10.989489078964976,<-10,"[-10,-5)",<-10
60190046012009,43,2,-5.730094293504953,"[-10,-5)",43,2,-10.907148143830396,<-10,"[-10,-5)",<-10
60190046012010,21,2,-5.679143835604191,"[-10,-5)",21,2,-10.84121085826374,<-10,"[-10,-5)",<-10
60190046012011,21,2,-5.666411259770394,"[-10,-5)",21,2,-10.772310303453256,<-10,"[-10,-5)",<-10
60190046012012,33,2,-5.698849039524794,"[-10,-5)",33,2,-10.769090247840904,<-10,"[-10,-5)",<-10
60190046012013,41,2,-5.700550539046526,"[-10,-5)",41,2,-10.815977052664982,<-10,"[-10,-5)",<-10
60190046012014,23,2,-5.72836185246706,"[-10,-5)",23,2,-10.851003395065094,<-10,"[-10,-5)",<-10
60190046012015,59,2,-5.785977794229984,"[-10,-5)",59,2,-10.893705491060562,<-10,"[-10,-5)",<-10
60190046012016,43,2,-5.747409904003144,"[-10,-5)",43,2,-10.79719585674249,<-10,"[-10,-5)",<-10
60190046012017,40,2,-5.726139456778765,"[-10,-5)",40,2,-10.788436714641003,<-10,"[-10,-5)",<-10
60190046012018,22,2,-5.7208762764930725,"[-10,-5)",22,2,-10.780223527628348,<-10,"[-10,-5)",<-10
60190046012019,23,2,-5.734223140776157,"[-10,-5)",23,2,-10.755089141530677,<-10,"[-10,-5)",<-10
60190046012020,29,2,-5.770357722043992,"[-10,-5)",29,2,-10.728196450542352,<-10,"[-10,-5)",<-10
60190046012021,31,2,-5.741812895983458,"[-10,-5)",31,2,-10.732578294038834,<-10,"[-10,-5)",<-10
60190046012022,37,3,-5.715520839393139,"[-10,-5)",37,3,-10.712362616743516,<-10,"[-10,-5)",<-10
60190046012023,26,2,-5.706303390115499,"[-10,-5)",26,2,-10.698708058408506,<-10,"[-10,-5)",<-10
60190046012024,37,2,-5.658705686777831,"[-10,-5)",37,2,-10.597587631685736,<-10,"[-10,-5)",<-10
60190046012025,29,1,-5.689644648134709,"[-10,-5)",29,1,-10.628108282296584,<-10,"[-10,-5)",<-10
60190046012026,34,2,-5.599899206310511,"[-10,-5)",34,2,-10.496208146148708,<-10,"[-10,-5)",<-10
60190046012027,69,4,-5.664031317830085,"[-10,-5)",69,4,-10.507426074539932,<-10,"[-10,-5)",<-10
60190046012028,27,2,-5.771614117920398,"[-10,-5)",27,2,-10.602074575797651,<-10,"[-10,-5)",<-10
60190046012029,36,2,-5.761593040823937,"[-10,-5)",36,2,-10.673133385948878,<-10,"[-10,-5)",<-10
60190046012030,19,2,-5.807525011897088,"[-10,-5)",19,2,-10.687728168708452,<-10,"[-10,-5)",<-10
60190046012031,30,2,-5.837698383629322,"[-10,-5)",30,2,-10.634234796009284,<-10,"[-10,-5)",<-10
60190046012032,41,2,-5.858891051262617,"[-10,-5)",41,2,-10.570205228640631,<-10,"[-10,-5)",<-10
60190046012033,27,2,-5.768975005298853,"[-10,-5)",27,2,-10.524373974862378,<-10,"[-10,-5)",<-10
60190046012034,39,2,-5.539354607462883,"[-10,-5)",39,2,-10.39617962960359,<-10,"[-10,-5)",<-10
60190046021000,45,8,-6.448939519375563,"[-10,-5)",45,8,-11.566604511877877,<-10,"[-10,-5)",<-10
60190046021001,3,1,-6.647421397268772,"[-10,-5)",3,1,-11.941299000020408,<-10,"[-10,-5)",<-10
60190046021002,30,5,-6.671814666688443,"[-10,-5)",30,5,-11.959136562849729,<-10,"[-10,-5)",<-10
60190046021003,36,4,-6.4021318182349205,"[-10,-5)",36,4,-11.548201678170948,<-10,"[-10,-5)",<-10
60190046021004,21,2,-6.20305694192648,"[-10,-5)",21,2,-11.28219883784254,<-10,"[-10,-5)",<-10
60190046021005,40,3,-6.131974911689759,"[-10,-5)",40,3,-11.096799079769708,<-10,"[-10,-5)",<-10
60190046021006,26,3,-6.232291281223297,"[-10,-5)",26,3,-11.286030181358711,<-10,"[-10,-5)",<-10
60190046021007,40,4,-5.967857703566551,"[-10,-5)",40,4,-10.96316733996861,<-10,"[-10,-5)",<-10
60190046021008,27,2,-5.897726628184318,"[-10,-5)",27,2,-10.897400487832387,<-10,"[-10,-5)",<-10
60190046021009,33,3,-5.912500776350498,"[-10,-5)",33,3,-10.918957476225232,<-10,"[-10,-5)",<-10
60190046021010,24,2,-5.711931623518467,"[-10,-5)",24,2,-10.675272325500837,<-10,"[-10,-5)",<-10
60190046021011,52,3,-5.949376818537712,"[-10,-5)",52,3,-10.842497630663525,<-10,"[-10,-5)",<-10
60190046021012,52,5,-5.747078914940357,"[-10,-5)",52,5,-10.51658573520294,<-10,"[-10,-5)",<-10
60190046021013,26,3,-5.672838579118252,"[-10,-5)",26,3,-10.55575474618549,<-10,"[-10,-5)",<-10
60190046021014,30,4,-5.470183286815882,"[-10,-5)",30,4,-10.266625793681367,<-10,"[-10,-5)",<-10
60190046021015,57,4,-5.470404703170061,"[-10,-5)",57,4,-10.141318590734144,<-10,"[-10,-5)",<-10
60190046021016,34,4,-5.337864305824041,"[-10,-5)",34,4,-9.962783891239232,"[-10,-5)","[-10,-5)","[-10,-5)"
60190046021017,21,4,-5.297790500521661,"[-10,-5)",21,4,-10.058374321255824,<-10,"[-10,-5)",<-10
60190046021018,39,4,-5.268400885909796,"[-10,-5)",39,4,-10.143071782621885,<-10,"[-10,-5)",<-10
60190046021019,21,4,-5.472131750732661,"[-10,-5)",21,4,-10.372074661425746,<-10,"[-10,-5)",<-10
60190046021020,23,4,-5.481015088409185,"[-10,-5)",23,4,-10.432180851225793,<-10,"[-10,-5)",<-10
60190046021021,25,4,-5.250225158035756,"[-10,-5)",25,4,-10.198066673843186,<-10,"[-10,-5)",<-10
60190046022000,49,4,-5.251161351799965,"[-10,-5)",49,4,-9.92604242041751,"[-10,-5)","[-10,-5)","[-10,-5)"
60190046022001,28,4,-5.198668359965087,"[-10,-5)",28,4,-10.00198130779352,<-10,"[-10,-5)",<-10
60190046022002,23,4,-5.155210006982088,"[-10,-5)",23,4,-10.06862191531644,<-10,"[-10,-5)",<-10
60190046022003,47,4,-5.133970501273871,"[-10,-5)",47,4,-10.110112797732947,<-10,"[-10,-5)",<-10
60190046022004,15,6,-5.223956946283579,"[-10,-5)",15,6,-10.168751555696948,<-10,"[-10,-5)",<-10
60190046022005,0,10,-5.193426753580571,"[-10,-5)",0,10,-10.110852478821036,<-10,"[-10,-5)",<-10
60190046022006,19,1,-5.291803742945194,"[-10,-5)",19,1,-10.135196621912923,<-10,"[-10,-5)",<-10
60190046022007,42,3,-5.367219856381417,"[-10,-5)",42,3,-10.21998838977716,<-10,"[-10,-5)",<-10
60190046022008,36,4,-5.3694993093609815,"[-10,-5)",36,4,-10.194911951045835,<-10,"[-10,-5)",<-10
60190046022009,44,4,-5.247371158003808,"[-10,-5)",44,4,-10.043268238204943,<-10,"[-10,-5)",<-10
60190046022010,24,3,-5.22308973222971,"[-10,-5)",24,3,-10.070153543744617,<-10,"[-10,-5)",<-10
60190046022011,20,1,-5.171042127907277,"[-10,-5)",20,1,-10.03906080491894,<-10,"[-10,-5)",<-10
60190046022012,10,1,-5.142390851676464,"[-10,-5)",10,1,-10.022201529980318,<-10,"[-10,-5)",<-10
60190046022013,100,8,-5.1159040622413166,"[-10,-5)",100,8,-10.095926487094982,<-10,"[-10,-5)",<-10
60190046022014,23,4,-5.104542280733586,"[-10,-5)",23,4,-10.143468324403363,<-10,"[-10,-5)",<-10
60190046022015,48,4,-5.136801224201918,"[-10,-5)",48,4,-10.127007295580526,<-10,"[-10,-5)",<-10
60190046022016,55,4,-5.187190192937851,"[-10,-5)",55,4,-10.078195729215404,<-10,"[-10,-5)",<-10
60190046022017,37,4,-5.243175034224987,"[-10,-5)",37,4,-10.012506708345748,<-10,"[-10,-5)",<-10
60190046022018,66,4,-5.297915969789028,"[-10,-5)",66,4,-10.180191047547735,<-10,"[-10,-5)",<-10
60190046022019,29,4,-5.258024974912406,"[-10,-5)",29,4,-10.24059265529387,<-10,"[-10,-5)",<-10
60190046022020,32,4,-5.207414305955172,"[-10,-5)",32,4,-10.261603688597884,<-10,"[-10,-5)",<-10
60190046022021,53,4,-5.165032377094031,"[-10,-5)",53,4,-10.241077822459172,<-10,"[-10,-5)",<-10
60190046022022,77,8,-5.158616128563882,"[-10,-5)",77,8,-10.147712116821191,<-10,"[-10,-5)",<-10
60190046022023,26,1,-5.174841405451298,"[-10,-5)",26,1,-10.052031925197904,<-10,"[-10,-5)",<-10
60190046022024,25,3,-5.162499998509884,"[-10,-5)",25,3,-10.003355001242827,<-10,"[-10,-5)",<-10
60190046022025,25,3,-5.149274061620235,"[-10,-5)",25,3,-9.998587410082129,"[-10,-5)","[-10,-5)","[-10,-5)"
60190046022026,35,4,-5.17478860616684,"[-10,-5)",35,4,-9.965451742536974,"[-10,-5)","[-10,-5)","[-10,-5)"
60190046022027,35,3,-5.176641122996808,"[-10,-5)",35,3,-9.95464512682453,"[-10,-5)","[-10,-5)","[-10,-5)"
60190046022028,15,1,-5.193065674602986,"[-10,-5)",15,1,-9.911335719705283,"[-10,-5)","[-10,-5)","[-10,-5)"
60190046023000,0,6,-6.445054230093956,"[-10,-5)",0,6,-11.608255033607556,<-10,"[-10,-5)",<-10
60190046023001,119,7,-6.193769377470017,"[-10,-5)",119,7,-11.26622013562783,<-10,"[-10,-5)",<-10
60190046023002,0,1,-6.4186029240489,"[-10,-5)",0,1,-11.62757082239018,<-10,"[-10,-5)",<-10
60190046023003,19,3,-6.070857185125351,"[-10,-5)",19,3,-11.123493499867292,<-10,"[-10,-5)",<-10
60190046023004,0,2,-6.260174413025379,"[-10,-5)",0,2,-11.460415963045406,<-10,"[-10,-5)",<-10
60190046023005,21,3,-5.984052322804928,"[-10,-5)",21,3,-11.205434484551787,<-10,"[-10,-5)",<-10
60190046023006,87,8,-5.6436891160905365,"[-10,-5)",87,8,-10.558615755371056,<-10,"[-10,-5)",<-10
60190046023007,40,2,-5.809310252219439,"[-10,-5)",40,2,-10.77553717640282,<-10,"[-10,-5)",<-10
60190046023008,21,1,-6.077315162122249,"[-10,-5)",21,1,-11.09859431190362,<-10,"[-10,-5)",<-10
60190046023009,23,1,-6.091242818534375,"[-10,-5)",23,1,-11.1275066390426,<-10,"[-10,-5)",<-10
60190046023010,40,2,-5.815121579915285,"[-10,-5)",40,2,-10.801000499021232,<-10,"[-10,-5)",<-10
60190046023011,42,2,-5.491724259406328,"[-10,-5)",42,2,-10.44160695615171,<-10,"[-10,-5)",<-10
60190046023012,38,2,-5.497754164785147,"[-10,-5)",38,2,-10.433874959524314,<-10,"[-10,-5)",<-10
60190046023013,25,1,-6.108310045301915,"[-10,-5)",25,1,-11.227647641651805,<-10,"[-10,-5)",<-10
60190046023014,27,1,-6.014991568028927,"[-10,-5)",27,1,-11.145352155432004,<-10,"[-10,-5)",<-10
60190046023015,61,3,-5.847468522191048,"[-10,-5)",61,3,-10.849385413698831,<-10,"[-10,-5)",<-10
60190046023016,0,1,-5.868549630045891,"[-10,-5)",0,1,-10.94579619662725,<-10,"[-10,-5)",<-10
60190046023017,16,2,-5.945146062970162,"[-10,-5)",16,2,-10.972181564104314,<-10,"[-10,-5)",<-10
60190046023018,48,5,-5.677403730154038,"[-10,-5)",48,5,-10.590060723286298,<-10,"[-10,-5)",<-10
60190046023019,37,3,-5.57993852198124,"[-10,-5)",37,3,-10.458439529852898,<-10,"[-10,-5)",<-10
60190046023020,70,4,-5.6148666679859165,"[-10,-5)",70,4,-10.513038447404153,<-10,"[-10,-5)",<-10
60190046023021,75,4,-5.612912526726722,"[-10,-5)",75,4,-10.520356290795592,<-10,"[-10,-5)",<-10
60190047031000,48,7,-5.970430107414723,"[-10,-5)",48,7,-10.19088972208757,<-10,"[-10,-5)",<-10
60190047031001,113,4,-5.94305907189846,"[-10,-5)",113,4,-9.916786748922023,"[-10,-5)","[-10,-5)","[-10,-5)"
60190047031003,321,10,-5.900075912475586,"[-10,-5)",321,10,-9.609290185619932,"[-10,-5)","[-10,-5)","[-10,-5)"
60190047031004,56,1,-5.672820411622524,"[-10,-5)",56,1,-9.364775592200754,"[-10,-5)","[-10,-5)","[-10,-5)"
60190047031006,96,9,-5.723063756525517,"[-10,-5)",96,9,-9.99636041325778,"[-10,-5)","[-10,-5)","[-10,-5)"
60190047031007,67,2,-5.46573423743248,"[-10,-5)",67,2,-9.865201094420858,"[-10,-5)","[-10,-5)","[-10,-5)"
60190047031009,80,3,-5.482859373092651,"[-10,-5)",80,3,-9.865239157886988,"[-10,-5)","[-10,-5)","[-10,-5)"
60190047031010,72,3,-5.538008509576321,"[-10,-5)",72,3,-9.853359947785677,"[-10,-5)","[-10,-5)","[-10,-5)"
60190047031011,100,4,-5.5649040676653385,"[-10,-5)",100,4,-9.792571456152457,"[-10,-5)","[-10,-5)","[-10,-5)"
60190047031012,86,3,-5.587497903406621,"[-10,-5)",86,3,-9.68362643063842,"[-10,-5)","[-10,-5)","[-10,-5)"
60190047031013,116,4,-5.599133048951626,"[-10,-5)",116,4,-9.534177332270096,"[-10,-5)","[-10,-5)","[-10,-5)"
60190047031014,110,2,-5.613127981871367,"[-10,-5)",110,2,-9.337492608656737,"[-10,-5)","[-10,-5)","[-10,-5)"
60190047031015,28,1,-5.585110013186932,"[-10,-5)",28,1,-9.336894387315908,"[-10,-5)","[-10,-5)","[-10,-5)"
60190047031017,64,1,-5.539041785895825,"[-10,-5)",64,1,-9.664783310569536,"[-10,-5)","[-10,-5)","[-10,-5)"
60190047031018,183,4,-5.377096445113421,"[-10,-5)",183,4,-9.796395982331417,"[-10,-5)","[-10,-5)","[-10,-5)"
60190047032000,97,3,-5.851962706446648,"[-10,-5)",97,3,-10.173800930129298,<-10,"[-10,-5)",<-10
60190047032001,70,3,-5.675281539559364,"[-10,-5)",70,3,-9.969761435881235,"[-10,-5)","[-10,-5)","[-10,-5)"
60190047032002,94,3,-5.558752951025963,"[-10,-5)",94,3,-9.86152143665777,"[-10,-5)","[-10,-5)","[-10,-5)"
60190047032003,88,2,-5.614274237304926,"[-10,-5)",88,2,-9.967169711515757,"[-10,-5)","[-10,-5)","[-10,-5)"
60190047032004,88,3,-5.446289339661599,"[-10,-5)",88,3,-9.764452780687872,"[-10,-5)","[-10,-5)","[-10,-5)"
60190047032006,156,5,-5.37175718843937,"[-10,-5)",156,5,-9.765303811617176,"[-10,-5)","[-10,-5)","[-10,-5)"
60190047032007,92,4,-5.194528441876173,"[-10,-5)",92,4,-9.595557227906925,"[-10,-5)","[-10,-5)","[-10,-5)"
60190047032008,64,3,-5.090614624321461,"[-10,-5)",64,3,-9.484654490388625,"[-10,-5)","[-10,-5)","[-10,-5)"
60190047032011,195,4,-5.249444523453713,"[-10,-5)",195,4,-9.682602125721504,"[-10,-5)","[-10,-5)","[-10,-5)"
60190047033000,170,10,-5.325678458064795,"[-10,-5)",170,10,-9.608323259957931,"[-10,-5)","[-10,-5)","[-10,-5)"
60190047033001,54,2,-5.506491310894489,"[-10,-5)",54,2,-9.7937383570395,"[-10,-5)","[-10,-5)","[-10,-5)"
60190047033002,243,6,-5.578926535695792,"[-10,-5)",243,6,-9.862690041879116,"[-10,-5)","[-10,-5)","[-10,-5)"
60190047033003,67,2,-5.1625371851027015,"[-10,-5)",67,2,-9.490120290502672,"[-10,-5)","[-10,-5)","[-10,-5)"
60190047033004,91,3,-5.090276822447777,"[-10,-5)",91,3,-9.37704111807772,"[-10,-5)","[-10,-5)","[-10,-5)"
60190047033005,80,2,-4.915014991164208,"[-5,-3)",80,2,-9.20775271623962,"[-10,-5)","[-5,-3)","[-10,-5)"
60190047033006,113,3,-4.991885639727116,"[-5,-3)",113,3,-9.33352264595047,"[-10,-5)","[-5,-3)","[-10,-5)"
60190047033007,101,3,-5.058169747889042,"[-10,-5)",101,3,-9.388843065023902,"[-10,-5)","[-10,-5)","[-10,-5)"
60190047033008,100,3,-4.943730989098549,"[-5,-3)",100,3,-9.29202551430818,"[-10,-5)","[-5,-3)","[-10,-5)"
60190047041000,80,2,-4.8640662364661695,"[-5,-3)",80,2,-9.16445950029626,"[-10,-5)","[-5,-3)","[-10,-5)"
60190047041001,65,2,-4.939103955030442,"[-5,-3)",65,2,-9.307637216536016,"[-10,-5)","[-5,-3)","[-10,-5)"
60190047041002,802,14,-5.106205742061139,"[-10,-5)",802,14,-9.619625268841506,"[-10,-5)","[-10,-5)","[-10,-5)"
60190047041003,128,3,-5.004578474164009,"[-10,-5)",128,3,-9.5714607814006,"[-10,-5)","[-10,-5)","[-10,-5)"
60190047041004,94,3,-4.999487033486367,"[-5,-3)",94,3,-9.60340909604706,"[-10,-5)","[-5,-3)","[-10,-5)"
60190047041005,55,2,-4.899128651618957,"[-5,-3)",55,2,-9.299526005525903,"[-10,-5)","[-5,-3)","[-10,-5)"
60190047041006,58,2,-4.832489993423224,"[-5,-3)",58,2,-9.141531659011289,"[-10,-5)","[-5,-3)","[-10,-5)"
60190047041007,76,2,-4.800446221232415,"[-5,-3)",76,2,-9.13638513752359,"[-10,-5)","[-5,-3)","[-10,-5)"
60190047041008,46,2,-4.868173225969077,"[-5,-3)",46,2,-9.307017975072103,"[-10,-5)","[-5,-3)","[-10,-5)"
60190047041009,54,2,-4.846293316036463,"[-5,-3)",54,2,-9.32850054086699,"[-10,-5)","[-5,-3)","[-10,-5)"
60190047041010,76,2,-4.778185645490884,"[-5,-3)",76,2,-9.148926197446425,"[-10,-5)","[-5,-3)","[-10,-5)"
60190047041011,60,2,-4.764801736548543,"[-5,-3)",60,2,-9.176848022298858,"[-10,-5)","[-5,-3)","[-10,-5)"
60190047041012,69,2,-4.834636596590281,"[-5,-3)",69,2,-9.360657068354296,"[-10,-5)","[-5,-3)","[-10,-5)"
60190047041013,110,3,-5.004328671097755,"[-10,-5)",110,3,-9.63781051586891,"[-10,-5)","[-10,-5)","[-10,-5)"
60190047041014,81,3,-5.012886129319668,"[-10,-5)",81,3,-9.66927934446441,"[-10,-5)","[-10,-5)","[-10,-5)"
60190047041015,62,2,-4.83395219296217,"[-5,-3)",62,2,-9.398942666055758,"[-10,-5)","[-5,-3)","[-10,-5)"
60190047041016,60,2,-4.759878912940621,"[-5,-3)",60,2,-9.216305065778842,"[-10,-5)","[-5,-3)","[-10,-5)"
60190047041017,77,2,-4.758087285608053,"[-5,-3)",77,2,-9.26079500845957,"[-10,-5)","[-5,-3)","[-10,-5)"
60190047041018,84,3,-4.8668802112340925,"[-5,-3)",84,3,-9.483847204039796,"[-10,-5)","[-5,-3)","[-10,-5)"
60190047041019,69,3,-5.023370477557182,"[-10,-5)",69,3,-9.692567368399038,"[-10,-5)","[-10,-5)","[-10,-5)"
60190047041020,151,4,-5.195837637037039,"[-10,-5)",151,4,-9.832407998070876,"[-10,-5)","[-10,-5)","[-10,-5)"
60190047041021,107,3,-5.034154589474201,"[-10,-5)",107,3,-9.704322730207563,"[-10,-5)","[-10,-5)","[-10,-5)"
60190047041022,52,2,-4.845800806581974,"[-5,-3)",52,2,-9.477276995296531,"[-10,-5)","[-5,-3)","[-10,-5)"
60190047041023,29,2,-4.758615420386196,"[-5,-3)",29,2,-9.302595511608036,"[-10,-5)","[-5,-3)","[-10,-5)"
60190047042000,85,2,-5.261974702030421,"[-10,-5)",85,2,-9.797841825932938,"[-10,-5)","[-10,-5)","[-10,-5)"
60190047042001,81,1,-5.26860101222992,"[-10,-5)",81,1,-9.8417182082641,"[-10,-5)","[-10,-5)","[-10,-5)"
60190047042003,137,3,-5.430534146726131,"[-10,-5)",137,3,-9.837753926672184,"[-10,-5)","[-10,-5)","[-10,-5)"
60190047042004,77,3,-5.438104315102101,"[-10,-5)",77,3,-9.863299625448638,"[-10,-5)","[-10,-5)","[-10,-5)"
60190047042005,106,4,-5.485251805186271,"[-10,-5)",106,4,-9.88423566804326,"[-10,-5)","[-10,-5)","[-10,-5)"
60190047042006,68,3,-5.37353817075491,"[-10,-5)",68,3,-9.920937939175984,"[-10,-5)","[-10,-5)","[-10,-5)"
60190047042008,109,3,-5.291271208226681,"[-10,-5)",109,3,-9.895378605725096,"[-10,-5)","[-10,-5)","[-10,-5)"
60190047042009,123,3,-5.566197650134564,"[-10,-5)",123,3,-9.795725042726938,"[-10,-5)","[-10,-5)","[-10,-5)"
60190047042011,67,2,-5.4885608442127705,"[-10,-5)",67,2,-9.927482014793249,"[-10,-5)","[-10,-5)","[-10,-5)"
60190047043000,294,12,-5.3941438011825085,"[-10,-5)",294,12,-9.775887727647184,"[-10,-5)","[-10,-5)","[-10,-5)"
60190047043001,94,3,-5.570646983385086,"[-10,-5)",94,3,-9.534776689833793,"[-10,-5)","[-10,-5)","[-10,-5)"
60190047043002,865,15,-5.57810814678669,"[-10,-5)",865,15,-9.565108159336855,"[-10,-5)","[-10,-5)","[-10,-5)"
60190047043003,117,2,-5.5532518900930885,"[-10,-5)",117,2,-9.613683959456544,"[-10,-5)","[-10,-5)","[-10,-5)"
60190047043004,129,3,-5.426597477495671,"[-10,-5)",129,3,-9.81564530207617,"[-10,-5)","[-10,-5)","[-10,-5)"
60190047051000,72,2,-6.5522475644946105,"[-10,-5)",72,2,-10.654608976394908,<-10,"[-10,-5)",<-10
60190047051002,101,4,-6.606431836634875,"[-10,-5)",101,4,-10.06966610413357,<-10,"[-10,-5)",<-10
60190047051003,129,4,-6.502302563935519,"[-10,-5)",129,4,-10.786162564567569,<-10,"[-10,-5)",<-10
60190047051004,65,1,-6.549487240612507,"[-10,-5)",65,1,-10.659091943726782,<-10,"[-10,-5)",<-10
60190047051005,0,8,-6.601119263470173,"[-10,-5)",0,8,-10.234974033203866,<-10,"[-10,-5)",<-10
60190047051006,74,3,-6.591952058672905,"[-10,-5)",74,3,-10.235862559487863,<-10,"[-10,-5)",<-10
60190047051007,188,6,-6.521027006953955,"[-10,-5)",188,6,-10.419706260340824,<-10,"[-10,-5)",<-10
60190047051008,97,4,-6.526330780237913,"[-10,-5)",97,4,-10.594242591557734,<-10,"[-10,-5)",<-10
60190047051009,106,2,-6.371613547950983,"[-10,-5)",106,2,-10.702265572213117,<-10,"[-10,-5)",<-10
60190047051010,152,4,-6.369697161018848,"[-10,-5)",152,4,-10.750698776362675,<-10,"[-10,-5)",<-10
60190047051011,0,2,-6.354837001115084,"[-10,-5)",0,2,-10.789224685201049,<-10,"[-10,-5)",<-10
60190047051012,74,2,-6.445001714676619,"[-10,-5)",74,2,-10.85894218425475,<-10,"[-10,-5)",<-10
60190047051013,44,3,-6.384174951910973,"[-10,-5)",44,3,-10.8781375334132,<-10,"[-10,-5)",<-10
60190047052000,85,2,-6.483769163489342,"[-10,-5)",85,2,-10.156916090176113,<-10,"[-10,-5)",<-10
60190047052001,46,2,-6.519530743360519,"[-10,-5)",46,2,-9.93569406558304,"[-10,-5)","[-10,-5)","[-10,-5)"
60190047052002,50,1,-6.445769007503986,"[-10,-5)",50,1,-9.880327061371956,"[-10,-5)","[-10,-5)","[-10,-5)"
60190047052003,298,14,-6.292398724704981,"[-10,-5)",298,14,-10.35746908454891,<-10,"[-10,-5)",<-10
60190047052004,142,4,-6.234332569688559,"[-10,-5)",142,4,-10.490844037981486,<-10,"[-10,-5)",<-10
60190047052005,54,3,-6.3083954885602,"[-10,-5)",54,3,-10.212646117594025,<-10,"[-10,-5)",<-10
60190047052006,38,1,-6.396952946484089,"[-10,-5)",38,1,-10.075883515675836,<-10,"[-10,-5)",<-10
60190047052008,107,1,-6.165063598752022,"[-10,-5)",107,1,-10.370832201717876,<-10,"[-10,-5)",<-10
60190047061000,316,11,-6.129382069408893,"[-10,-5)",316,11,-10.741789652842408,<-10,"[-10,-5)",<-10
60190047061001,80,2,-6.231649457663298,"[-10,-5)",80,2,-10.829575936079385,<-10,"[-10,-5)",<-10
60190047061002,94,3,-6.232547897100448,"[-10,-5)",94,3,-10.858241134744231,<-10,"[-10,-5)",<-10
60190047061003,106,3,-6.144990786910057,"[-10,-5)",106,3,-10.70321602264351,<-10,"[-10,-5)",<-10
60190047061004,282,7,-6.310234379768372,"[-10,-5)",282,7,-10.868361471843455,<-10,"[-10,-5)",<-10
60190047061005,98,4,-6.034160546958447,"[-10,-5)",98,4,-10.53456873455956,<-10,"[-10,-5)",<-10
60190047061006,99,2,-5.965066438168288,"[-10,-5)",99,2,-10.380203767946057,<-10,"[-10,-5)",<-10
60190047061007,109,2,-5.912511279433966,"[-10,-5)",109,2,-10.281163765297464,<-10,"[-10,-5)",<-10
60190047061008,148,4,-6.092781662195922,"[-10,-5)",148,4,-10.567627138949586,<-10,"[-10,-5)",<-10
60190047061010,170,8,-6.0302448838949205,"[-10,-5)",170,8,-10.411948130587428,<-10,"[-10,-5)",<-10
60190047061012,0,1,-6.1237683132290845,"[-10,-5)",0,1,-10.559699711988625,<-10,"[-10,-5)",<-10
60190047061013,259,2,-5.767778505384922,"[-10,-5)",259,2,-10.111222887476517,<-10,"[-10,-5)",<-10
60190047061014,0,2,-5.908552468568087,"[-10,-5)",0,2,-10.245000631916351,<-10,"[-10,-5)",<-10
60190047061017,112,3,-6.105426523089409,"[-10,-5)",112,3,-10.569985937626804,<-10,"[-10,-5)",<-10
60190047062000,590,11,-5.860125589370727,"[-10,-5)",590,11,-10.16531561773938,<-10,"[-10,-5)",<-10
60190047062001,199,2,-5.989421385526658,"[-10,-5)",199,2,-10.333037452296066,<-10,"[-10,-5)",<-10
60190047063000,499,9,-6.584347826242447,"[-10,-5)",499,9,-10.236561336552649,<-10,"[-10,-5)",<-10
60190047063001,142,6,-6.631045954674482,"[-10,-5)",142,6,-9.773632893362528,"[-10,-5)","[-10,-5)","[-10,-5)"
60190047063002,1010,19,-6.540836673974991,"[-10,-5)",1010,19,-10.593984100854907,<-10,"[-10,-5)",<-10
60190047063003,128,1,-6.337934701144696,"[-10,-5)",128,1,-10.835308748567778,<-10,"[-10,-5)",<-10
60190047063004,94,3,-6.370983079075813,"[-10,-5)",94,3,-10.892510752713212,<-10,"[-10,-5)",<-10
60190048011001,98,1,-5.589182938635349,"[-10,-5)",98,1,-10.03756667184546,<-10,"[-10,-5)",<-10
60190048011002,76,2,-5.600083152204752,"[-10,-5)",76,2,-9.987011003375557,"[-10,-5)","[-10,-5)","[-10,-5)"
60190048011003,0,1,-5.624197947978973,"[-10,-5)",0,1,-9.913183218091197,"[-10,-5)","[-10,-5)","[-10,-5)"
60190048011004,38,1,-5.622149562835694,"[-10,-5)",38,1,-9.928689251592164,"[-10,-5)","[-10,-5)","[-10,-5)"
60190048011005,64,1,-5.549018579721451,"[-10,-5)",64,1,-9.846676684866887,"[-10,-5)","[-10,-5)","[-10,-5)"
60190048011006,77,2,-5.403377714753152,"[-10,-5)",77,2,-9.7410022768829,"[-10,-5)","[-10,-5)","[-10,-5)"
60190048011007,41,2,-5.221473676711321,"[-10,-5)",41,2,-9.601073021827233,"[-10,-5)","[-10,-5)","[-10,-5)"
60190048011008,57,2,-5.078617264330387,"[-10,-5)",57,2,-9.474209193548704,"[-10,-5)","[-10,-5)","[-10,-5)"
60190048011009,58,2,-5.140699287503958,"[-10,-5)",58,2,-9.531737861769138,"[-10,-5)","[-10,-5)","[-10,-5)"
60190048011010,49,2,-5.291571823507548,"[-10,-5)",49,2,-9.66864021910028,"[-10,-5)","[-10,-5)","[-10,-5)"
60190048011011,74,2,-5.476087439060212,"[-10,-5)",74,2,-9.817987057410344,"[-10,-5)","[-10,-5)","[-10,-5)"
60190048011012,67,2,-5.548715977370739,"[-10,-5)",67,2,-9.897868070032317,"[-10,-5)","[-10,-5)","[-10,-5)"
60190048011015,41,2,-5.029545439034701,"[-10,-5)",41,2,-9.415239226618226,"[-10,-5)","[-10,-5)","[-10,-5)"
60190048011016,68,2,-4.944463082402945,"[-5,-3)",68,2,-9.30921173737752,"[-10,-5)","[-5,-3)","[-10,-5)"
60190048011017,186,6,-4.869789565354585,"[-5,-3)",186,6,-9.257594268636003,"[-10,-5)","[-5,-3)","[-10,-5)"
60190048011018,43,2,-4.974716220796108,"[-5,-3)",43,2,-9.368550124573453,"[-10,-5)","[-5,-3)","[-10,-5)"
60190048011019,42,2,-4.92135573104024,"[-5,-3)",42,2,-9.335451952382996,"[-10,-5)","[-5,-3)","[-10,-5)"
60190048011021,40,2,-5.014155299216509,"[-10,-5)",40,2,-9.429889400242692,"[-10,-5)","[-10,-5)","[-10,-5)"
60190048011022,42,2,-5.158998213708401,"[-10,-5)",42,2,-9.545504338056798,"[-10,-5)","[-10,-5)","[-10,-5)"
60190048011023,91,2,-5.334185671806336,"[-10,-5)",91,2,-9.674836042408025,"[-10,-5)","[-10,-5)","[-10,-5)"
60190048011024,44,2,-5.508895949274302,"[-10,-5)",44,2,-9.804833005249378,"[-10,-5)","[-10,-5)","[-10,-5)"
60190048011025,0,1,-5.515067504346371,"[-10,-5)",0,1,-9.821260515497563,"[-10,-5)","[-10,-5)","[-10,-5)"
60190048011026,51,2,-5.424968080222607,"[-10,-5)",51,2,-9.73860086984807,"[-10,-5)","[-10,-5)","[-10,-5)"
60190048011027,54,2,-5.2574660405516624,"[-10,-5)",54,2,-9.619737186794158,"[-10,-5)","[-10,-5)","[-10,-5)"
60190048011028,52,2,-5.087888364493847,"[-10,-5)",52,2,-9.501372305579984,"[-10,-5)","[-10,-5)","[-10,-5)"
60190048011029,76,2,-4.952765911817551,"[-5,-3)",76,2,-9.396715101119971,"[-10,-5)","[-5,-3)","[-10,-5)"
60190048011031,78,2,-4.86936319693923,"[-5,-3)",78,2,-9.312878328577607,"[-10,-5)","[-5,-3)","[-10,-5)"
60190048012000,90,1,-5.443849217891693,"[-10,-5)",90,1,-9.972834918743413,"[-10,-5)","[-10,-5)","[-10,-5)"
60190048012001,90,2,-5.332678905129432,"[-10,-5)",90,2,-9.862428710619117,"[-10,-5)","[-10,-5)","[-10,-5)"
60190048012002,63,2,-5.191123739629984,"[-10,-5)",63,2,-9.726351819202712,"[-10,-5)","[-10,-5)","[-10,-5)"
60190048012003,56,2,-5.069202811270952,"[-10,-5)",56,2,-9.58702987527083,"[-10,-5)","[-10,-5)","[-10,-5)"
60190048012004,41,2,-5.036823224276304,"[-10,-5)",41,2,-9.500548828055267,"[-10,-5)","[-10,-5)","[-10,-5)"
60190048012005,61,2,-5.1554163783788685,"[-10,-5)",61,2,-9.634114950985646,"[-10,-5)","[-10,-5)","[-10,-5)"
60190048012006,51,2,-5.300065695494414,"[-10,-5)",51,2,-9.76983563653244,"[-10,-5)","[-10,-5)","[-10,-5)"
60190048012007,52,2,-5.465942028164864,"[-10,-5)",52,2,-9.918985340174636,"[-10,-5)","[-10,-5)","[-10,-5)"
60190048012008,36,2,-5.422882224619389,"[-10,-5)",36,2,-9.828248286145396,"[-10,-5)","[-10,-5)","[-10,-5)"
60190048012009,68,2,-5.260276892781258,"[-10,-5)",68,2,-9.680280822398984,"[-10,-5)","[-10,-5)","[-10,-5)"
60190048012010,40,2,-5.118300468474627,"[-10,-5)",40,2,-9.54789012202717,"[-10,-5)","[-10,-5)","[-10,-5)"
60190048012011,76,2,-5.005445972084999,"[-10,-5)",76,2,-9.42398104132095,"[-10,-5)","[-10,-5)","[-10,-5)"
60190048012012,38,2,-4.976402675360442,"[-5,-3)",38,2,-9.358569826942905,"[-10,-5)","[-5,-3)","[-10,-5)"
60190048012013,65,2,-5.075733458250761,"[-10,-5)",65,2,-9.476877044846445,"[-10,-5)","[-10,-5)","[-10,-5)"
60190048012015,62,2,-5.206476692855358,"[-10,-5)",62,2,-9.600596944444884,"[-10,-5)","[-10,-5)","[-10,-5)"
60190048012016,58,2,-5.365867797285318,"[-10,-5)",58,2,-9.747099248800987,"[-10,-5)","[-10,-5)","[-10,-5)"
60190048013000,36,13,-5.229517619311809,"[-10,-5)",36,13,-9.997990893075606,"[-10,-5)","[-10,-5)","[-10,-5)"
60190048013001,190,1,-5.206287069618703,"[-10,-5)",190,1,-9.94490883305522,"[-10,-5)","[-10,-5)","[-10,-5)"
60190048013002,1152,10,-5.167281456291676,"[-10,-5)",1152,10,-9.786977262854148,"[-10,-5)","[-10,-5)","[-10,-5)"
60190048013004,227,3,-5.383276516199112,"[-10,-5)",227,3,-9.986194627243773,"[-10,-5)","[-10,-5)","[-10,-5)"
60190048013005,278,1,-5.190337143838406,"[-10,-5)",278,1,-9.87086346109134,"[-10,-5)","[-10,-5)","[-10,-5)"
60190048013006,0,1,-5.527810299396515,"[-10,-5)",0,1,-10.130341541591267,<-10,"[-10,-5)",<-10
60190048021000,0,2,-5.281765349954367,"[-10,-5)",0,2,-9.84180228875645,"[-10,-5)","[-10,-5)","[-10,-5)"
60190048021001,99,4,-5.574510414898396,"[-10,-5)",99,4,-10.040033411695289,<-10,"[-10,-5)",<-10
60190048021004,114,5,-5.429068256914616,"[-10,-5)",114,5,-9.888399924860222,"[-10,-5)","[-10,-5)","[-10,-5)"
60190048021006,0,3,-5.648531037569046,"[-10,-5)",0,3,-10.042036572614334,<-10,"[-10,-5)",<-10
60190048021007,94,2,-5.395033440738916,"[-10,-5)",94,2,-9.807052616625077,"[-10,-5)","[-10,-5)","[-10,-5)"
60190048021008,25,1,-5.473220948874951,"[-10,-5)",25,1,-9.834575911306008,"[-10,-5)","[-10,-5)","[-10,-5)"
60190048021009,1101,18,-5.231748814880849,"[-10,-5)",1101,18,-9.729813322174843,"[-10,-5)","[-10,-5)","[-10,-5)"
60190048021010,585,16,-5.169446510821581,"[-10,-5)",585,16,-9.581364099931738,"[-10,-5)","[-10,-5)","[-10,-5)"
60190048021011,107,3,-5.073437824845314,"[-10,-5)",107,3,-9.58400809054922,"[-10,-5)","[-10,-5)","[-10,-5)"
60190048021012,59,2,-5.084563712775708,"[-10,-5)",59,2,-9.425327465421386,"[-10,-5)","[-10,-5)","[-10,-5)"
60190048021013,0,8,-4.993833252042532,"[-5,-3)",0,8,-9.456366233660756,"[-10,-5)","[-5,-3)","[-10,-5)"
60190048021014,148,2,-5.060679417103529,"[-10,-5)",148,2,-9.476342736042032,"[-10,-5)","[-10,-5)","[-10,-5)"
60190048021015,71,2,-5.010395479202271,"[-10,-5)",71,2,-9.351757886784137,"[-10,-5)","[-10,-5)","[-10,-5)"
60190048021016,86,2,-4.997928602993488,"[-5,-3)",86,2,-9.29219424340431,"[-10,-5)","[-5,-3)","[-10,-5)"
60190048021017,68,2,-5.08071248754859,"[-10,-5)",68,2,-9.37108134507113,"[-10,-5)","[-10,-5)","[-10,-5)"
60190048022000,65,2,-4.88455406203866,"[-5,-3)",65,2,-9.197051201142612,"[-10,-5)","[-5,-3)","[-10,-5)"
60190048022001,61,2,-4.8344350509345535,"[-5,-3)",61,2,-9.088098506124206,"[-10,-5)","[-5,-3)","[-10,-5)"
60190048022002,79,2,-4.791279868036509,"[-5,-3)",79,2,-9.026842174724443,"[-10,-5)","[-5,-3)","[-10,-5)"
60190048022003,87,2,-4.752184410765768,"[-5,-3)",87,2,-9.05423253132964,"[-10,-5)","[-5,-3)","[-10,-5)"
60190048022004,63,2,-4.743629791215062,"[-5,-3)",63,2,-9.088858071112512,"[-10,-5)","[-5,-3)","[-10,-5)"
60190048022005,81,2,-4.782310234755278,"[-5,-3)",81,2,-9.048393766058656,"[-10,-5)","[-5,-3)","[-10,-5)"
60190048022006,54,2,-4.83095597550273,"[-5,-3)",54,2,-9.091436444859273,"[-10,-5)","[-5,-3)","[-10,-5)"
60190048022007,53,2,-4.862504967302084,"[-5,-3)",53,2,-9.180760037638771,"[-10,-5)","[-5,-3)","[-10,-5)"
60190048022008,63,2,-4.843614178150892,"[-5,-3)",63,2,-9.179242043885033,"[-10,-5)","[-5,-3)","[-10,-5)"
60190048022009,67,2,-4.826664472371339,"[-5,-3)",67,2,-9.10975207346096,"[-10,-5)","[-5,-3)","[-10,-5)"
60190048022010,72,2,-4.775257981941104,"[-5,-3)",72,2,-9.083647921144117,"[-10,-5)","[-5,-3)","[-10,-5)"
60190048022011,109,2,-4.73899338953197,"[-5,-3)",109,2,-9.133509641496437,"[-10,-5)","[-5,-3)","[-10,-5)"
60190048022012,32,2,-4.734710118547082,"[-5,-3)",32,2,-9.180981601098338,"[-10,-5)","[-5,-3)","[-10,-5)"
60190048022013,50,2,-4.765730691701174,"[-5,-3)",50,2,-9.125823661895254,"[-10,-5)","[-5,-3)","[-10,-5)"
60190048022014,103,2,-4.8185995236039165,"[-5,-3)",103,2,-9.13691859416085,"[-10,-5)","[-5,-3)","[-10,-5)"
60190048022015,70,2,-4.816283735632897,"[-5,-3)",70,2,-9.187089083077977,"[-10,-5)","[-5,-3)","[-10,-5)"
60190048023000,276,8,-4.927748986333609,"[-5,-3)",276,8,-9.313938992626348,"[-10,-5)","[-5,-3)","[-10,-5)"
60190048023001,73,2,-4.900005233287812,"[-5,-3)",73,2,-9.25981160756596,"[-10,-5)","[-5,-3)","[-10,-5)"
60190048023002,257,8,-4.834006411582232,"[-5,-3)",257,8,-9.096905369586214,"[-10,-5)","[-5,-3)","[-10,-5)"
60190048023003,37,2,-4.872640442848206,"[-5,-3)",37,2,-9.15472434274982,"[-10,-5)","[-5,-3)","[-10,-5)"
60190048023004,57,2,-4.929767849296331,"[-5,-3)",57,2,-9.221059874432258,"[-10,-5)","[-5,-3)","[-10,-5)"
60190048023005,71,2,-4.939311745762826,"[-5,-3)",71,2,-9.276731386372386,"[-10,-5)","[-5,-3)","[-10,-5)"
60190048023006,55,2,-4.885869218409061,"[-5,-3)",55,2,-9.20373986112003,"[-10,-5)","[-5,-3)","[-10,-5)"
60190048023007,48,2,-4.841776138544082,"[-5,-3)",48,2,-9.10364288714702,"[-10,-5)","[-5,-3)","[-10,-5)"
60190048023008,48,2,-4.851965832710267,"[-5,-3)",48,2,-9.139062930771438,"[-10,-5)","[-5,-3)","[-10,-5)"
60190048023009,72,2,-4.868901345133782,"[-5,-3)",72,2,-9.192571074367912,"[-10,-5)","[-5,-3)","[-10,-5)"
60190048023010,48,2,-4.800294352322817,"[-5,-3)",48,2,-9.02372153861318,"[-10,-5)","[-5,-3)","[-10,-5)"
60190048023011,53,2,-4.809269379079342,"[-5,-3)",53,2,-9.041618753143153,"[-10,-5)","[-5,-3)","[-10,-5)"
60190048023012,50,2,-4.788480086624622,"[-5,-3)",50,2,-9.037019607022865,"[-10,-5)","[-5,-3)","[-10,-5)"
60190048023013,76,2,-4.765696343779564,"[-5,-3)",76,2,-9.035881963874711,"[-10,-5)","[-5,-3)","[-10,-5)"
60190049011000,23,2,-5.374361669272185,"[-10,-5)",23,2,-10.326789930847756,<-10,"[-10,-5)",<-10
60190049011001,26,2,-5.447312964498996,"[-10,-5)",26,2,-10.417698554530304,<-10,"[-10,-5)",<-10
60190049011002,40,2,-5.524057859927416,"[-10,-5)",40,2,-10.488071654179745,<-10,"[-10,-5)",<-10
60190049011003,38,2,-5.605156141519547,"[-10,-5)",38,2,-10.539962384521392,<-10,"[-10,-5)",<-10
60190049011004,54,2,-5.693713599443436,"[-10,-5)",54,2,-10.567435685396063,<-10,"[-10,-5)",<-10
60190049011005,43,2,-5.774902434647084,"[-10,-5)",43,2,-10.568844601754323,<-10,"[-10,-5)",<-10
60190049011006,22,2,-5.84987344443798,"[-10,-5)",22,2,-10.546161616497743,<-10,"[-10,-5)",<-10
60190049011007,27,2,-5.900244529545307,"[-10,-5)",27,2,-10.504489506533538,<-10,"[-10,-5)",<-10
60190049011008,30,2,-5.930297825485468,"[-10,-5)",30,2,-10.449704248431672,<-10,"[-10,-5)",<-10
60190049011009,26,2,-5.934323061257601,"[-10,-5)",26,2,-10.385420167140236,<-10,"[-10,-5)",<-10
60190049011010,55,2,-5.909052358567715,"[-10,-5)",55,2,-10.315257268721664,<-10,"[-10,-5)",<-10
60190049011012,185,6,-5.604668457806111,"[-10,-5)",185,6,-10.109739548520295,<-10,"[-10,-5)",<-10
60190049011013,174,6,-5.659503353387118,"[-10,-5)",174,6,-10.157254116479807,<-10,"[-10,-5)",<-10
60190049011014,117,2,-5.377932433784008,"[-10,-5)",117,2,-9.854602407493545,"[-10,-5)","[-10,-5)","[-10,-5)"
60190049011015,68,6,-5.243267291039229,"[-10,-5)",68,6,-9.80690206709486,"[-10,-5)","[-10,-5)","[-10,-5)"
60190049011016,47,1,-5.311228202283383,"[-10,-5)",47,1,-9.866581037095946,"[-10,-5)","[-10,-5)","[-10,-5)"
60190049011017,49,1,-5.244739709794522,"[-10,-5)",49,1,-9.841340982271406,"[-10,-5)","[-10,-5)","[-10,-5)"
60190049011018,78,2,-5.239676939696073,"[-10,-5)",78,2,-9.860359648773636,"[-10,-5)","[-10,-5)","[-10,-5)"
60190049011019,49,2,-5.321260917931795,"[-10,-5)",49,2,-9.91152774137024,"[-10,-5)","[-10,-5)","[-10,-5)"
60190049011020,79,2,-5.394781366735697,"[-10,-5)",79,2,-9.955580238246185,"[-10,-5)","[-10,-5)","[-10,-5)"
60190049011021,18,1,-5.49430432766676,"[-10,-5)",18,1,-10.03429321375824,<-10,"[-10,-5)",<-10
60190049011023,17,1,-5.567218436300755,"[-10,-5)",17,1,-10.073584936810704,<-10,"[-10,-5)",<-10
60190049011024,62,2,-5.673459680378437,"[-10,-5)",62,2,-10.101448530241072,<-10,"[-10,-5)",<-10
60190049011025,48,2,-5.744658663868904,"[-10,-5)",48,2,-10.081274893191928,<-10,"[-10,-5)",<-10
60190049011026,53,2,-5.817821156233549,"[-10,-5)",53,2,-10.162364278835682,<-10,"[-10,-5)",<-10
60190049011027,52,2,-5.870514558255673,"[-10,-5)",52,2,-10.24062617386852,<-10,"[-10,-5)",<-10
60190049011028,60,2,-5.581355302780867,"[-10,-5)",60,2,-10.025552251222669,<-10,"[-10,-5)",<-10
60190049011029,75,2,-5.451435566693545,"[-10,-5)",75,2,-9.990006654971165,"[-10,-5)","[-10,-5)","[-10,-5)"
60190049011030,92,2,-5.355358184874058,"[-10,-5)",92,2,-9.920618660549636,"[-10,-5)","[-10,-5)","[-10,-5)"
60190049011031,49,2,-5.478809440881014,"[-10,-5)",49,2,-9.94545535625548,"[-10,-5)","[-10,-5)","[-10,-5)"
60190049011032,107,3,-5.553022241592408,"[-10,-5)",107,3,-9.905092175037016,"[-10,-5)","[-10,-5)","[-10,-5)"
60190049011033,85,2,-5.654182831943035,"[-10,-5)",85,2,-9.99977646731513,"[-10,-5)","[-10,-5)","[-10,-5)"
60190049012000,23,8,-5.431738594919443,"[-10,-5)",23,8,-9.675583677056196,"[-10,-5)","[-10,-5)","[-10,-5)"
60190049012002,65,4,-5.409809575974942,"[-10,-5)",65,4,-9.8657277337209,"[-10,-5)","[-10,-5)","[-10,-5)"
60190049012003,49,2,-5.3829776041209705,"[-10,-5)",49,2,-10.044982230403685,<-10,"[-10,-5)",<-10
60190049012004,79,2,-5.383614601939916,"[-10,-5)",79,2,-10.21532078622898,<-10,"[-10,-5)",<-10
60190049012005,30,2,-5.434716077148915,"[-10,-5)",30,2,-10.302303759897177,<-10,"[-10,-5)",<-10
60190049012006,40,2,-5.420668344944716,"[-10,-5)",40,2,-10.123064602223131,<-10,"[-10,-5)",<-10
60190049012007,81,2,-5.466976723819972,"[-10,-5)",81,2,-10.187653759355047,<-10,"[-10,-5)",<-10
60190049012008,48,2,-5.452582673728466,"[-10,-5)",48,2,-9.957735084918315,"[-10,-5)","[-10,-5)","[-10,-5)"
60190049012009,78,2,-5.484286373108626,"[-10,-5)",78,2,-10.004250344864047,<-10,"[-10,-5)",<-10
60190049012010,56,2,-5.518188055604696,"[-10,-5)",56,2,-10.238182726587516,<-10,"[-10,-5)",<-10
60190049012011,51,2,-5.569388316571713,"[-10,-5)",51,2,-10.426356004684958,<-10,"[-10,-5)",<-10
60190049012012,32,2,-5.49935290440917,"[-10,-5)",32,2,-10.374047712438747,<-10,"[-10,-5)",<-10
60190049012013,35,2,-5.651771096885204,"[-10,-5)",35,2,-10.457154461787418,<-10,"[-10,-5)",<-10
60190049012014,62,2,-5.571588854491711,"[-10,-5)",62,2,-10.269961175914975,<-10,"[-10,-5)",<-10
60190049012015,516,8,-5.497478813678026,"[-10,-5)",516,8,-9.922568418993812,"[-10,-5)","[-10,-5)","[-10,-5)"
60190049012016,28,6,-5.499634784460068,"[-10,-5)",28,6,-9.889633294785137,"[-10,-5)","[-10,-5)","[-10,-5)"
60190049012017,95,2,-5.569786582142115,"[-10,-5)",95,2,-10.06515473122996,<-10,"[-10,-5)",<-10
60190049012018,91,2,-5.662472603470087,"[-10,-5)",91,2,-10.284898529869729,<-10,"[-10,-5)",<-10
60190049012019,66,2,-5.621531867980957,"[-10,-5)",66,2,-10.285672865755338,<-10,"[-10,-5)",<-10
60190049012020,67,2,-5.722391559183597,"[-10,-5)",67,2,-10.46498360547016,<-10,"[-10,-5)",<-10
60190049012021,84,2,-5.776844085752964,"[-10,-5)",84,2,-10.45501097734398,<-10,"[-10,-5)",<-10
60190049012022,115,2,-5.830301941931248,"[-10,-5)",115,2,-10.428340417926655,<-10,"[-10,-5)",<-10
60190049012023,87,2,-5.693758450448513,"[-10,-5)",87,2,-10.273324395608892,<-10,"[-10,-5)",<-10
60190049012024,23,12,-5.56761755347252,"[-10,-5)",23,12,-10.054528206842342,<-10,"[-10,-5)",<-10
60190049012025,83,2,-5.859170660376549,"[-10,-5)",83,2,-10.391601787662108,<-10,"[-10,-5)",<-10
60190049012026,53,2,-5.862866894155741,"[-10,-5)",53,2,-10.347696431647773,<-10,"[-10,-5)",<-10
60190049012027,48,2,-5.84215736836195,"[-10,-5)",48,2,-10.29567105889608,<-10,"[-10,-5)",<-10
60190049012028,68,2,-5.697725493460894,"[-10,-5)",68,2,-10.196792399894967,<-10,"[-10,-5)",<-10
60190049012029,68,2,-5.539259795844555,"[-10,-5)",68,2,-10.03836941330281,<-10,"[-10,-5)",<-10
60190049012030,84,2,-5.41606089770794,"[-10,-5)",84,2,-9.85515177125098,"[-10,-5)","[-10,-5)","[-10,-5)"
60190049021000,88,3,-5.230984076857567,"[-10,-5)",88,3,-10.264698759694582,<-10,"[-10,-5)",<-10
60190049021001,38,2,-5.205322205275298,"[-10,-5)",38,2,-10.149021045566933,<-10,"[-10,-5)",<-10
60190049021002,109,5,-5.2046202018857,"[-10,-5)",109,5,-9.967177665075845,"[-10,-5)","[-10,-5)","[-10,-5)"
60190049021003,87,2,-5.214061622321606,"[-10,-5)",87,2,-10.056635332153952,<-10,"[-10,-5)",<-10
60190049021004,49,4,-5.228988490998745,"[-10,-5)",49,4,-10.0532454112226,<-10,"[-10,-5)",<-10
60190049021006,82,3,-5.287023988366127,"[-10,-5)",82,3,-10.205664028060538,<-10,"[-10,-5)",<-10
60190049021007,80,3,-5.246288488805294,"[-10,-5)",80,3,-10.19519032564888,<-10,"[-10,-5)",<-10
60190049021009,49,3,-5.360950934886932,"[-10,-5)",49,3,-10.316318500881836,<-10,"[-10,-5)",<-10
60190049021010,40,2,-5.304368837177754,"[-10,-5)",40,2,-10.17001673986221,<-10,"[-10,-5)",<-10
60190049021011,231,4,-5.374373591691256,"[-10,-5)",231,4,-10.18450301333774,<-10,"[-10,-5)",<-10
60190049021012,86,3,-5.494650077819824,"[-10,-5)",86,3,-10.260632218044403,<-10,"[-10,-5)",<-10
60190049021013,0,2,-5.411602480709552,"[-10,-5)",0,2,-10.131886236582442,<-10,"[-10,-5)",<-10
60190049022000,19,2,-5.355030886083841,"[-10,-5)",19,2,-10.377481946062012,<-10,"[-10,-5)",<-10
60190049022001,15,2,-5.314970138669015,"[-10,-5)",15,2,-10.372793322390748,<-10,"[-10,-5)",<-10
60190049022002,27,2,-5.25897820070386,"[-10,-5)",27,2,-10.32255125143284,<-10,"[-10,-5)",<-10
60190049022003,31,2,-5.335424751788378,"[-10,-5)",31,2,-10.366626472766178,<-10,"[-10,-5)",<-10
60190049022004,17,2,-5.394953674077987,"[-10,-5)",17,2,-10.437651196231318,<-10,"[-10,-5)",<-10
60190049022005,23,2,-5.432327051460743,"[-10,-5)",23,2,-10.459138875029112,<-10,"[-10,-5)",<-10
60190049022006,39,2,-5.514723741263151,"[-10,-5)",39,2,-10.525231255017466,<-10,"[-10,-5)",<-10
60190049022007,21,2,-5.472799122333527,"[-10,-5)",21,2,-10.48644401491909,<-10,"[-10,-5)",<-10
60190049022008,30,2,-5.409599798172713,"[-10,-5)",30,2,-10.397444245657418,<-10,"[-10,-5)",<-10
60190049022009,22,2,-5.476577677577734,"[-10,-5)",22,2,-10.407245304130294,<-10,"[-10,-5)",<-10
60190049022010,33,2,-5.554263308644295,"[-10,-5)",33,2,-10.511115958308848,<-10,"[-10,-5)",<-10
60190049022011,14,2,-5.599079114198685,"[-10,-5)",14,2,-10.56559784490454,<-10,"[-10,-5)",<-10
60190049022012,19,2,-5.692116563022137,"[-10,-5)",19,2,-10.584214288510944,<-10,"[-10,-5)",<-10
60190049022013,9,2,-5.624746379256249,"[-10,-5)",9,2,-10.514879696564286,<-10,"[-10,-5)",<-10
60190049022014,21,2,-5.537238094210625,"[-10,-5)",21,2,-10.397885100130807,<-10,"[-10,-5)",<-10
60190049022015,16,2,-5.584065949916839,"[-10,-5)",16,2,-10.3670269913277,<-10,"[-10,-5)",<-10
60190049022016,26,2,-5.692469125986099,"[-10,-5)",26,2,-10.495466760726316,<-10,"[-10,-5)",<-10
60190049022017,5,2,-5.769911482930183,"[-10,-5)",5,2,-10.576203917280504,<-10,"[-10,-5)",<-10
60190049022019,32,2,-5.8406815432012085,"[-10,-5)",32,2,-10.54300632558896,<-10,"[-10,-5)",<-10
60190049022020,27,2,-5.752168084681035,"[-10,-5)",27,2,-10.453932701840763,<-10,"[-10,-5)",<-10
60190049022021,15,2,-5.62478526905179,"[-10,-5)",15,2,-10.315527121653185,<-10,"[-10,-5)",<-10
60190049022022,34,4,-5.724585000425577,"[-10,-5)",34,4,-10.321749646198365,<-10,"[-10,-5)",<-10
60190049022023,13,2,-5.882993924617768,"[-10,-5)",13,2,-10.488930638669135,<-10,"[-10,-5)",<-10
60190049022024,9,2,-5.90871796309948,"[-10,-5)",9,2,-10.420589105510478,<-10,"[-10,-5)",<-10
60190049022025,48,6,-5.746577605605125,"[-10,-5)",48,6,-10.234467845915477,<-10,"[-10,-5)",<-10
60190049022027,7,1,-5.77680434435606,"[-10,-5)",7,1,-10.194457461898008,<-10,"[-10,-5)",<-10
60190049022028,19,2,-5.910869108140469,"[-10,-5)",19,2,-10.342174388501682,<-10,"[-10,-5)",<-10
60190049022030,24,2,-5.884400486201048,"[-10,-5)",24,2,-10.257225821881445,<-10,"[-10,-5)",<-10
60190049022031,51,5,-5.737444464862347,"[-10,-5)",51,5,-10.08197480647958,<-10,"[-10,-5)",<-10
60190049022032,36,2,-5.786563695967198,"[-10,-5)",36,2,-10.084888081917146,<-10,"[-10,-5)",<-10
60190049022033,12,2,-5.842612691223621,"[-10,-5)",12,2,-10.169119123795252,<-10,"[-10,-5)",<-10
60190049022034,116,4,-5.667369879037143,"[-10,-5)",116,4,-9.959367837181883,"[-10,-5)","[-10,-5)","[-10,-5)"
60190050001000,49,3,-5.881013099849224,"[-10,-5)",49,3,-9.859723932078117,"[-10,-5)","[-10,-5)","[-10,-5)"
60190050001001,66,1,-5.769868335127831,"[-10,-5)",66,1,-9.787371532189889,"[-10,-5)","[-10,-5)","[-10,-5)"
60190050001002,51,4,-5.742556627839804,"[-10,-5)",51,4,-9.771850727791616,"[-10,-5)","[-10,-5)","[-10,-5)"
60190050001003,37,2,-5.656191191822291,"[-10,-5)",37,2,-9.676509698694892,"[-10,-5)","[-10,-5)","[-10,-5)"
60190050001004,52,2,-5.578313382714986,"[-10,-5)",52,2,-9.590390254407572,"[-10,-5)","[-10,-5)","[-10,-5)"
60190050001005,132,4,-5.523350746929646,"[-10,-5)",132,4,-9.510196780496468,"[-10,-5)","[-10,-5)","[-10,-5)"
60190050001006,68,2,-5.486251869052649,"[-10,-5)",68,2,-9.439383110429352,"[-10,-5)","[-10,-5)","[-10,-5)"
60190050001007,114,4,-5.453340315073729,"[-10,-5)",114,4,-9.318555466145394,"[-10,-5)","[-10,-5)","[-10,-5)"
60190050001008,68,2,-5.459341833740472,"[-10,-5)",68,2,-9.380935521963158,"[-10,-5)","[-10,-5)","[-10,-5)"
60190050001009,0,8,-5.597471290826798,"[-10,-5)",0,8,-9.593892093291574,"[-10,-5)","[-10,-5)","[-10,-5)"
60190050001010,67,5,-5.890696375072003,"[-10,-5)",67,5,-9.94467022625261,"[-10,-5)","[-10,-5)","[-10,-5)"
60190050001011,54,16,-5.703813307732344,"[-10,-5)",54,16,-9.716573485187226,"[-10,-5)","[-10,-5)","[-10,-5)"
60190050001012,104,3,-5.807665809988976,"[-10,-5)",104,3,-9.851506768285413,"[-10,-5)","[-10,-5)","[-10,-5)"
60190050001013,78,2,-5.60853955373168,"[-10,-5)",78,2,-9.575227360213212,"[-10,-5)","[-10,-5)","[-10,-5)"
60190050001014,60,2,-5.541633208841086,"[-10,-5)",60,2,-9.476483059566425,"[-10,-5)","[-10,-5)","[-10,-5)"
60190050001016,132,4,-5.460699854046107,"[-10,-5)",132,4,-9.35792757696588,"[-10,-5)","[-10,-5)","[-10,-5)"
60190050002000,468,15,-5.395609407126904,"[-10,-5)",468,15,-9.081970288077205,"[-10,-5)","[-10,-5)","[-10,-5)"
60190050002001,73,2,-5.417707894742489,"[-10,-5)",73,2,-9.208576193764335,"[-10,-5)","[-10,-5)","[-10,-5)"
60190050002002,57,2,-5.418758203089237,"[-10,-5)",57,2,-9.075945750367044,"[-10,-5)","[-10,-5)","[-10,-5)"
60190050002003,0,5,-5.373984409868718,"[-10,-5)",0,5,-9.1707189520847,"[-10,-5)","[-10,-5)","[-10,-5)"
60190050002004,75,5,-5.370743782818318,"[-10,-5)",75,5,-9.120512672147186,"[-10,-5)","[-10,-5)","[-10,-5)"
60190050002005,327,24,-5.361143112927675,"[-10,-5)",327,24,-9.259392057271372,"[-10,-5)","[-10,-5)","[-10,-5)"
60190050002006,78,2,-5.348178901523352,"[-10,-5)",78,2,-9.158415362741604,"[-10,-5)","[-10,-5)","[-10,-5)"
60190050002007,81,2,-5.341399870812893,"[-10,-5)",81,2,-9.153306904720036,"[-10,-5)","[-10,-5)","[-10,-5)"
60190050002008,62,2,-5.362089525908232,"[-10,-5)",62,2,-9.173736760026268,"[-10,-5)","[-10,-5)","[-10,-5)"
60190050002009,149,4,-5.417693701386452,"[-10,-5)",149,4,-9.1399099849207,"[-10,-5)","[-10,-5)","[-10,-5)"
60190050002010,50,1,-5.451137222349644,"[-10,-5)",50,1,-9.142183282826984,"[-10,-5)","[-10,-5)","[-10,-5)"
60190050003000,0,3,-6.2123547255992895,"[-10,-5)",0,3,-10.501025163004233,<-10,"[-10,-5)",<-10
60190050003002,37,4,-6.1990748539567,"[-10,-5)",37,4,-10.67641536570762,<-10,"[-10,-5)",<-10
60190050003003,15,2,-6.334472090005875,"[-10,-5)",15,2,-11.083897269085783,<-10,"[-10,-5)",<-10
60190050003004,9,2,-6.404479399323463,"[-10,-5)",9,2,-11.365629978820468,<-10,"[-10,-5)",<-10
60190050003005,40,2,-6.207855999469757,"[-10,-5)",40,2,-11.072398125534342,<-10,"[-10,-5)",<-10
60190050003006,32,2,-6.146819742769003,"[-10,-5)",32,2,-10.803693347222104,<-10,"[-10,-5)",<-10
60190050003007,22,2,-5.968930153548717,"[-10,-5)",22,2,-10.552853401088052,<-10,"[-10,-5)",<-10
60190050003008,35,2,-6.024412266165018,"[-10,-5)",35,2,-10.805645946223454,<-10,"[-10,-5)",<-10
60190050003009,19,2,-5.856643107533455,"[-10,-5)",19,2,-10.567260138962714,<-10,"[-10,-5)",<-10
60190050003010,35,2,-5.813828281313182,"[-10,-5)",35,2,-10.340096236873247,<-10,"[-10,-5)",<-10
60190050003011,38,4,-5.872070717811585,"[-10,-5)",38,4,-10.216708114352722,<-10,"[-10,-5)",<-10
60190050003012,116,2,-5.865909098088741,"[-10,-5)",116,2,-10.063359499096045,<-10,"[-10,-5)",<-10
60190050003013,29,1,-6.089887636899948,"[-10,-5)",29,1,-10.37514189506214,<-10,"[-10,-5)",<-10
60190050003014,18,4,-5.646538858115673,"[-10,-5)",18,4,-10.27457480887685,<-10,"[-10,-5)",<-10
60190050003015,16,2,-5.680952069163323,"[-10,-5)",16,2,-10.153393799280458,<-10,"[-10,-5)",<-10
60190050003016,55,4,-5.631139350682497,"[-10,-5)",55,4,-9.87309784336434,"[-10,-5)","[-10,-5)","[-10,-5)"
60190050003017,25,2,-5.634427383542061,"[-10,-5)",25,2,-9.742408352683984,"[-10,-5)","[-10,-5)","[-10,-5)"
60190050003018,0,2,-5.6346720770001415,"[-10,-5)",0,2,-9.670451926465804,"[-10,-5)","[-10,-5)","[-10,-5)"
60190050003019,0,2,-5.85046928152442,"[-10,-5)",0,2,-9.977198014562546,"[-10,-5)","[-10,-5)","[-10,-5)"
60190050003020,0,2,-5.4847047932446005,"[-10,-5)",0,2,-9.465182470961436,"[-10,-5)","[-10,-5)","[-10,-5)"
60190050003021,59,4,-5.481705737113953,"[-10,-5)",59,4,-9.652908645359702,"[-10,-5)","[-10,-5)","[-10,-5)"
60190050003022,20,2,-5.497232984751463,"[-10,-5)",20,2,-9.877531385001388,"[-10,-5)","[-10,-5)","[-10,-5)"
60190050003023,9,2,-5.57453482747078,"[-10,-5)",9,2,-9.998790225864344,"[-10,-5)","[-10,-5)","[-10,-5)"
60190050003024,13,2,-5.4474463820457455,"[-10,-5)",13,2,-9.7875595770748,"[-10,-5)","[-10,-5)","[-10,-5)"
60190050003025,18,2,-5.4366966180503375,"[-10,-5)",18,2,-9.94707049706457,"[-10,-5)","[-10,-5)","[-10,-5)"
60190050003026,29,2,-5.501878470182419,"[-10,-5)",29,2,-10.051680832331211,<-10,"[-10,-5)",<-10
60190050003027,45,4,-5.398880975693464,"[-10,-5)",45,4,-9.710430496242918,"[-10,-5)","[-10,-5)","[-10,-5)"
60190050003028,39,3,-5.41488795876503,"[-10,-5)",39,3,-9.574822864871647,"[-10,-5)","[-10,-5)","[-10,-5)"
60190050003029,56,1,-5.387872324883938,"[-10,-5)",56,1,-9.490869061373717,"[-10,-5)","[-10,-5)","[-10,-5)"
60190050003030,34,1,-5.41137992888689,"[-10,-5)",34,1,-9.43627980171685,"[-10,-5)","[-10,-5)","[-10,-5)"
60190050003031,20,3,-5.382707078754902,"[-10,-5)",20,3,-9.374142613537456,"[-10,-5)","[-10,-5)","[-10,-5)"
60190050003032,83,2,-5.486967781931162,"[-10,-5)",83,2,-9.529742370354462,"[-10,-5)","[-10,-5)","[-10,-5)"
60190050003033,35,4,-5.351253750175237,"[-10,-5)",35,4,-9.699841467209998,"[-10,-5)","[-10,-5)","[-10,-5)"
60190050003034,41,4,-5.309138940274716,"[-10,-5)",41,4,-9.829787868133655,"[-10,-5)","[-10,-5)","[-10,-5)"
60190050003035,25,4,-5.375127542763948,"[-10,-5)",25,4,-9.851347697083671,"[-10,-5)","[-10,-5)","[-10,-5)"
60190050003036,12,5,-5.366652689874172,"[-10,-5)",12,5,-9.397071022933863,"[-10,-5)","[-10,-5)","[-10,-5)"
60190050003037,19,1,-5.375776746869088,"[-10,-5)",19,1,-9.47991814535684,"[-10,-5)","[-10,-5)","[-10,-5)"
60190050003038,20,4,-5.291308678686619,"[-10,-5)",20,4,-9.916105015200284,"[-10,-5)","[-10,-5)","[-10,-5)"
60190050003039,36,4,-5.327031368762254,"[-10,-5)",36,4,-9.780644524690622,"[-10,-5)","[-10,-5)","[-10,-5)"
60190050003040,35,2,-5.34966466203332,"[-10,-5)",35,2,-9.575160323063908,"[-10,-5)","[-10,-5)","[-10,-5)"
60190050003041,22,2,-5.373391695320606,"[-10,-5)",22,2,-9.57715496231143,"[-10,-5)","[-10,-5)","[-10,-5)"
60190050003042,21,4,-5.353206755965948,"[-10,-5)",21,4,-9.41055315944842,"[-10,-5)","[-10,-5)","[-10,-5)"
60190050003043,44,2,-5.37272801399231,"[-10,-5)",44,2,-9.45944852225017,"[-10,-5)","[-10,-5)","[-10,-5)"
60190050003044,99,4,-5.373186743259431,"[-10,-5)",99,4,-9.652044547867398,"[-10,-5)","[-10,-5)","[-10,-5)"
60190050003045,40,2,-5.356012214720249,"[-10,-5)",40,2,-9.692195255409253,"[-10,-5)","[-10,-5)","[-10,-5)"
60190050003046,50,2,-5.356583639234304,"[-10,-5)",50,2,-9.964514358669582,"[-10,-5)","[-10,-5)","[-10,-5)"
60190050003047,67,3,-5.3377845391631125,"[-10,-5)",67,3,-10.089135283003586,<-10,"[-10,-5)",<-10
60190050003048,12,1,-5.317443756759167,"[-10,-5)",12,1,-9.99986793325613,"[-10,-5)","[-10,-5)","[-10,-5)"
60190050003049,25,2,-5.3372284434735775,"[-10,-5)",25,2,-9.88375163710083,"[-10,-5)","[-10,-5)","[-10,-5)"
60190050003050,36,2,-5.348943923413754,"[-10,-5)",36,2,-9.627774259262033,"[-10,-5)","[-10,-5)","[-10,-5)"
60190051001002,48,3,-5.35804186463356,"[-10,-5)",48,3,-8.961238654625722,"[-10,-5)","[-10,-5)","[-10,-5)"
60190051001003,48,3,-5.422816367447377,"[-10,-5)",48,3,-8.857332777538213,"[-10,-5)","[-10,-5)","[-10,-5)"
60190051001004,115,8,-5.420216996222735,"[-10,-5)",115,8,-8.895616386849653,"[-10,-5)","[-10,-5)","[-10,-5)"
60190051001005,0,2,-5.379609236866235,"[-10,-5)",0,2,-8.896237332647871,"[-10,-5)","[-10,-5)","[-10,-5)"
60190051001006,96,4,-5.335067930817604,"[-10,-5)",96,4,-8.922595430776063,"[-10,-5)","[-10,-5)","[-10,-5)"
60190051001007,88,5,-5.281536269187927,"[-10,-5)",88,5,-8.94383399270971,"[-10,-5)","[-10,-5)","[-10,-5)"
60190051001008,31,2,-5.197991336882115,"[-10,-5)",31,2,-8.885415093870972,"[-10,-5)","[-10,-5)","[-10,-5)"
60190051001009,56,3,-5.21489619165659,"[-10,-5)",56,3,-8.951679611624064,"[-10,-5)","[-10,-5)","[-10,-5)"
60190051001010,89,4,-5.115653691440821,"[-10,-5)",89,4,-8.794939939213169,"[-10,-5)","[-10,-5)","[-10,-5)"
60190051001011,45,2,-5.152641009539366,"[-10,-5)",45,2,-8.827793539430953,"[-10,-5)","[-10,-5)","[-10,-5)"
60190051001012,65,2,-5.207951382547617,"[-10,-5)",65,2,-8.872377504554137,"[-10,-5)","[-10,-5)","[-10,-5)"
60190051001013,78,2,-5.112706015259027,"[-10,-5)",78,2,-8.78638474911677,"[-10,-5)","[-10,-5)","[-10,-5)"
60190051001014,121,6,-5.04104801863432,"[-10,-5)",121,6,-8.701899193315882,"[-10,-5)","[-10,-5)","[-10,-5)"
60190051001015,40,5,-5.05988089889288,"[-10,-5)",40,5,-8.695822673409443,"[-10,-5)","[-10,-5)","[-10,-5)"
60190051001017,189,13,-4.96941642165184,"[-5,-3)",189,13,-8.556999531317299,"[-10,-5)","[-5,-3)","[-10,-5)"
60190051001018,91,3,-5.026726922392846,"[-10,-5)",91,3,-8.798575852395778,"[-10,-5)","[-10,-5)","[-10,-5)"
60190051001019,75,3,-5.063099952042103,"[-10,-5)",75,3,-8.801982816670172,"[-10,-5)","[-10,-5)","[-10,-5)"
60190051001020,52,2,-5.09807039424777,"[-10,-5)",52,2,-8.902271812308136,"[-10,-5)","[-10,-5)","[-10,-5)"
60190051001021,75,2,-5.074561938643456,"[-10,-5)",75,2,-8.915406832736037,"[-10,-5)","[-10,-5)","[-10,-5)"
60190051002000,254,8,-5.181065475940704,"[-10,-5)",254,8,-8.986935755099545,"[-10,-5)","[-10,-5)","[-10,-5)"
60190051002001,122,2,-5.142508088797332,"[-10,-5)",122,2,-8.887039040407299,"[-10,-5)","[-10,-5)","[-10,-5)"
60190051002002,66,2,-5.263523764908314,"[-10,-5)",66,2,-9.139952877334023,"[-10,-5)","[-10,-5)","[-10,-5)"
60190051002003,82,4,-5.196543046832085,"[-10,-5)",82,4,-9.159716621982977,"[-10,-5)","[-10,-5)","[-10,-5)"
60190051002004,69,3,-5.221582965552807,"[-10,-5)",69,3,-9.223406174657914,"[-10,-5)","[-10,-5)","[-10,-5)"
60190051002005,196,8,-5.225846649706364,"[-10,-5)",196,8,-9.391941544789209,"[-10,-5)","[-10,-5)","[-10,-5)"
60190051002006,42,1,-5.2126842990517614,"[-10,-5)",42,1,-9.338417494072562,"[-10,-5)","[-10,-5)","[-10,-5)"
60190051002007,72,1,-5.210224874317646,"[-10,-5)",72,1,-9.297286794305707,"[-10,-5)","[-10,-5)","[-10,-5)"
60190051002008,0,2,-5.279656217247248,"[-10,-5)",0,2,-9.253776275738543,"[-10,-5)","[-10,-5)","[-10,-5)"
60190051002009,124,3,-5.19111834615469,"[-10,-5)",124,3,-9.274946380244298,"[-10,-5)","[-10,-5)","[-10,-5)"
60190051002010,294,9,-5.132079662382603,"[-10,-5)",294,9,-9.064964440388406,"[-10,-5)","[-10,-5)","[-10,-5)"
60190051002011,50,1,-5.152113868296147,"[-10,-5)",50,1,-9.187667988630016,"[-10,-5)","[-10,-5)","[-10,-5)"
60190051002012,35,2,-5.11298988237977,"[-10,-5)",35,2,-8.870115852932265,"[-10,-5)","[-10,-5)","[-10,-5)"
60190051003000,325,10,-5.410204435139894,"[-10,-5)",325,10,-9.212593309719688,"[-10,-5)","[-10,-5)","[-10,-5)"
60190051003001,49,2,-5.414178574830293,"[-10,-5)",49,2,-9.257004000855265,"[-10,-5)","[-10,-5)","[-10,-5)"
60190051003002,17,6,-5.41888111755252,"[-10,-5)",17,6,-9.550698012793584,"[-10,-5)","[-10,-5)","[-10,-5)"
60190051003003,0,4,-5.375304675847293,"[-10,-5)",0,4,-9.320036248600156,"[-10,-5)","[-10,-5)","[-10,-5)"
60190051003004,196,3,-5.326713153719902,"[-10,-5)",196,3,-9.511822715422818,"[-10,-5)","[-10,-5)","[-10,-5)"
60190051003005,99,25,-5.231373542547226,"[-10,-5)",99,25,-9.648771657891611,"[-10,-5)","[-10,-5)","[-10,-5)"
60190051003006,73,2,-5.247109716385603,"[-10,-5)",73,2,-9.512947576063688,"[-10,-5)","[-10,-5)","[-10,-5)"
60190051003007,91,4,-5.380831000953913,"[-10,-5)",91,4,-9.64455343048835,"[-10,-5)","[-10,-5)","[-10,-5)"
60190051003008,87,3,-5.279302234947681,"[-10,-5)",87,3,-9.34483715328561,"[-10,-5)","[-10,-5)","[-10,-5)"
60190051003009,97,3,-5.299225164949895,"[-10,-5)",97,3,-9.427560995527235,"[-10,-5)","[-10,-5)","[-10,-5)"
60190051004000,296,10,-5.425272101908923,"[-10,-5)",296,10,-9.430897513983716,"[-10,-5)","[-10,-5)","[-10,-5)"
60190051004001,411,4,-5.428427001088858,"[-10,-5)",411,4,-9.332813642879865,"[-10,-5)","[-10,-5)","[-10,-5)"
60190051004002,148,4,-5.4463793255388735,"[-10,-5)",148,4,-9.562159945046051,"[-10,-5)","[-10,-5)","[-10,-5)"
60190051005000,65,2,-5.422402773052454,"[-10,-5)",65,2,-8.954486082111892,"[-10,-5)","[-10,-5)","[-10,-5)"
60190051005001,242,11,-5.397587960958481,"[-10,-5)",242,11,-9.05812097004501,"[-10,-5)","[-10,-5)","[-10,-5)"
60190051005002,51,2,-5.399858330190182,"[-10,-5)",51,2,-9.048710488183549,"[-10,-5)","[-10,-5)","[-10,-5)"
60190051005003,58,2,-5.380019708722831,"[-10,-5)",58,2,-9.096665910616451,"[-10,-5)","[-10,-5)","[-10,-5)"
60190051005004,0,5,-5.395285230875015,"[-10,-5)",0,5,-9.179056555501576,"[-10,-5)","[-10,-5)","[-10,-5)"
60190051005005,0,4,-5.326462215185165,"[-10,-5)",0,4,-9.116084243513054,"[-10,-5)","[-10,-5)","[-10,-5)"
60190051005006,115,2,-5.315062679350376,"[-10,-5)",115,2,-9.014099151186544,"[-10,-5)","[-10,-5)","[-10,-5)"
60190051005007,239,12,-5.324821179360152,"[-10,-5)",239,12,-8.939710355860338,"[-10,-5)","[-10,-5)","[-10,-5)"
60190051005008,120,4,-5.37734057083726,"[-10,-5)",120,4,-8.956079350630741,"[-10,-5)","[-10,-5)","[-10,-5)"
60190051005009,98,4,-5.397784397006035,"[-10,-5)",98,4,-8.942560286872926,"[-10,-5)","[-10,-5)","[-10,-5)"
60190051005010,84,2,-5.41054280474782,"[-10,-5)",84,2,-8.961549695636267,"[-10,-5)","[-10,-5)","[-10,-5)"
60190051005011,123,4,-5.248311893641949,"[-10,-5)",123,4,-8.967118892031444,"[-10,-5)","[-10,-5)","[-10,-5)"
60190051005012,140,2,-5.278536929190159,"[-10,-5)",140,2,-8.9356003536854,"[-10,-5)","[-10,-5)","[-10,-5)"
60190052021001,28,68,-8.541273821890353,"[-10,-5)",28,68,-12.925198127358122,<-10,"[-10,-5)",<-10
60190052021002,0,20,-8.502843039482832,"[-10,-5)",0,20,-13.164689479470947,<-10,"[-10,-5)",<-10
60190052021003,0,3,-8.3752126917243,"[-10,-5)",0,3,-13.45560002943455,<-10,"[-10,-5)",<-10
60190052021004,14,31,-7.855650700628757,"[-10,-5)",14,31,-12.642073544608222,<-10,"[-10,-5)",<-10
60190052021005,64,4,-7.433164168149233,"[-10,-5)",64,4,-11.984831674933526,<-10,"[-10,-5)",<-10
60190052021006,135,4,-7.521561241149902,"[-10,-5)",135,4,-12.15453565028617,<-10,"[-10,-5)",<-10
60190052021007,61,8,-9.428884296119216,"[-10,-5)",61,8,-14.891120478075896,<-10,"[-10,-5)",<-10
60190052021008,0,5,-9.65636348426342,"[-10,-5)",0,5,-14.936954004299889,<-10,"[-10,-5)",<-10
60190052021009,0,3,-9.693540993332864,"[-10,-5)",0,3,-15.139508455257426,<-10,"[-10,-5)",<-10
60190052021010,99,5,-9.69686791598797,"[-10,-5)",99,5,-15.240364142051586,<-10,"[-10,-5)",<-10
60190052021011,50,3,-9.707226794958116,"[-10,-5)",50,3,-15.248408599968112,<-10,"[-10,-5)",<-10
60190052021012,0,2,-8.335927753150463,"[-10,-5)",0,2,-13.7876509370594,<-10,"[-10,-5)",<-10
60190052021014,333,6,-7.643043027073146,"[-10,-5)",333,6,-12.93647570745,<-10,"[-10,-5)",<-10
60190052021015,74,2,-7.9629553109407425,"[-10,-5)",74,2,-13.401777720214644,<-10,"[-10,-5)",<-10
60190052021016,52,3,-8.757117296755315,"[-10,-5)",52,3,-14.347829263767112,<-10,"[-10,-5)",<-10
60190052021017,64,3,-8.782527378201484,"[-10,-5)",64,3,-14.216671649264496,<-10,"[-10,-5)",<-10
60190052021018,0,12,-9.697595751285554,"[-10,-5)",0,12,-15.315320196645423,<-10,"[-10,-5)",<-10
60190052021019,29,2,-9.716505843400956,"[-10,-5)",29,2,-15.22184370927766,<-10,"[-10,-5)",<-10
60190052021021,68,2,-9.476122623682022,"[-10,-5)",68,2,-15.282525395961136,<-10,"[-10,-5)",<-10
60190052021022,64,2,-9.09020186662674,"[-10,-5)",64,2,-15.004770602492806,<-10,"[-10,-5)",<-10
60190052021023,420,8,-9.183232502639294,"[-10,-5)",420,8,-15.048637895041011,<-10,"[-10,-5)",<-10
60190052021024,17,1,-9.68862555027008,"[-10,-5)",17,1,-15.210599647760434,<-10,"[-10,-5)",<-10
60190052021025,0,1,-9.699360269308093,"[-10,-5)",0,1,-15.114555864818884,<-10,"[-10,-5)",<-10
60190052021026,0,5,-8.94999535381794,"[-10,-5)",0,5,-13.331996024568808,<-10,"[-10,-5)",<-10
60190052022000,46,2,-9.620297598838809,"[-10,-5)",46,2,-15.265758723186384,<-10,"[-10,-5)",<-10
60190052022001,93,4,-9.491711470484734,"[-10,-5)",93,4,-15.23143627085397,<-10,"[-10,-5)",<-10
60190052022002,55,3,-9.318780755996704,"[-10,-5)",55,3,-15.084872042351472,<-10,"[-10,-5)",<-10
60190052022003,61,3,-9.106767216324808,"[-10,-5)",61,3,-14.91235705161952,<-10,"[-10,-5)",<-10
60190052022004,89,3,-8.70815759897232,"[-10,-5)",89,3,-14.432130183351696,<-10,"[-10,-5)",<-10
60190052022005,85,2,-8.85408119559288,"[-10,-5)",85,2,-14.715888778462814,<-10,"[-10,-5)",<-10
60190052022006,590,8,-8.370073277503252,"[-10,-5)",590,8,-14.266548992681267,<-10,"[-10,-5)",<-10
60190052022007,63,2,-8.433118177950382,"[-10,-5)",63,2,-14.328043078716489,<-10,"[-10,-5)",<-10
60190052022008,0,6,-7.988304077088833,"[-10,-5)",0,6,-13.843107134765743,<-10,"[-10,-5)",<-10
60190052022009,119,5,-6.921021611988545,"[-10,-5)",119,5,-12.480050435853842,<-10,"[-10,-5)",<-10
60190052022010,64,2,-7.734421840310097,"[-10,-5)",64,2,-13.510138159062286,<-10,"[-10,-5)",<-10
60190052022011,484,6,-7.279675796627998,"[-10,-5)",484,6,-12.827680095243313,<-10,"[-10,-5)",<-10
60190052022012,94,3,-7.295013137161732,"[-10,-5)",94,3,-13.003715104425178,<-10,"[-10,-5)",<-10
60190052022013,0,8,-7.609714756160974,"[-10,-5)",0,8,-13.109408260086516,<-10,"[-10,-5)",<-10
60190052022014,80,3,-8.456836979091168,"[-10,-5)",80,3,-14.426634273331604,<-10,"[-10,-5)",<-10
60190052031000,1115,22,-5.295449164509773,"[-10,-5)",1115,22,-9.352170051630072,"[-10,-5)","[-10,-5)","[-10,-5)"
60190052031001,129,3,-5.089809577167034,"[-10,-5)",129,3,-8.935212901686878,"[-10,-5)","[-10,-5)","[-10,-5)"
60190052031002,86,3,-5.0361183822155,"[-10,-5)",86,3,-8.821021367072621,"[-10,-5)","[-10,-5)","[-10,-5)"
60190052031003,246,16,-4.925357973575593,"[-5,-3)",246,16,-8.515715157407335,"[-10,-5)","[-5,-3)","[-10,-5)"
60190052031004,320,11,-5.057676386833191,"[-10,-5)",320,11,-9.032974653607209,"[-10,-5)","[-10,-5)","[-10,-5)"
60190052031005,0,1,-5.1718307107687,"[-10,-5)",0,1,-9.282528395452912,"[-10,-5)","[-10,-5)","[-10,-5)"
60190052031006,135,4,-5.271992940455675,"[-10,-5)",135,4,-9.34259169283963,"[-10,-5)","[-10,-5)","[-10,-5)"
60190052031007,127,4,-5.345024853944778,"[-10,-5)",127,4,-9.484244029876994,"[-10,-5)","[-10,-5)","[-10,-5)"
60190052032000,215,4,-6.943737510591745,"[-10,-5)",215,4,-11.975890169061476,<-10,"[-10,-5)",<-10
60190052032001,195,8,-6.028910140693188,"[-10,-5)",195,8,-10.6141764855814,<-10,"[-10,-5)",<-10
60190052032002,56,1,-5.890687859058381,"[-10,-5)",56,1,-10.382895479924056,<-10,"[-10,-5)",<-10
60190052032003,76,1,-5.814588761329651,"[-10,-5)",76,1,-10.28119444331494,<-10,"[-10,-5)",<-10
60190052032004,196,4,-5.439830794930458,"[-10,-5)",196,4,-9.784553699473364,"[-10,-5)","[-10,-5)","[-10,-5)"
60190052032005,686,18,-6.487346740812064,"[-10,-5)",686,18,-11.344580882050325,<-10,"[-10,-5)",<-10
60190052032006,124,2,-6.318757773935795,"[-10,-5)",124,2,-11.112262504913067,<-10,"[-10,-5)",<-10
60190052032007,89,2,-6.760634985566139,"[-10,-5)",89,2,-11.837499359771202,<-10,"[-10,-5)",<-10
60190052032008,33,1,-5.706450717151165,"[-10,-5)",33,1,-10.176029063176518,<-10,"[-10,-5)",<-10
60190052032009,87,1,-6.467749974131585,"[-10,-5)",87,1,-11.373058035830256,<-10,"[-10,-5)",<-10
60190052032010,0,2,-6.879283493757248,"[-10,-5)",0,2,-12.160610465858303,<-10,"[-10,-5)",<-10
60190052032011,54,2,-6.119026880711317,"[-10,-5)",54,2,-10.877128567505029,<-10,"[-10,-5)",<-10
60190052032013,146,4,-6.01913148611784,"[-10,-5)",146,4,-10.810258442962455,<-10,"[-10,-5)",<-10
60190052032014,98,3,-6.434156003594398,"[-10,-5)",98,3,-11.449204283879965,<-10,"[-10,-5)",<-10
60190052032015,103,3,-6.5565952733159065,"[-10,-5)",103,3,-11.578867765309102,<-10,"[-10,-5)",<-10
60190052032016,42,4,-6.501309029012919,"[-10,-5)",42,4,-11.702349626216366,<-10,"[-10,-5)",<-10
60190052032017,119,4,-5.872422996908426,"[-10,-5)",119,4,-10.636822543594722,<-10,"[-10,-5)",<-10
60190052041000,117,4,-6.261364667862654,"[-10,-5)",117,4,-10.77994231246813,<-10,"[-10,-5)",<-10
60190052041001,100,3,-6.371178379654885,"[-10,-5)",100,3,-10.95267829854821,<-10,"[-10,-5)",<-10
60190052041002,93,3,-5.928212253749371,"[-10,-5)",93,3,-10.332580122591066,<-10,"[-10,-5)",<-10
60190052041003,48,2,-5.760855837911368,"[-10,-5)",48,2,-10.114160023594344,<-10,"[-10,-5)",<-10
60190052041004,75,1,-5.628542818129063,"[-10,-5)",75,1,-9.894801404507357,"[-10,-5)","[-10,-5)","[-10,-5)"
60190052041005,110,2,-6.07817102149129,"[-10,-5)",110,2,-10.5595866578131,<-10,"[-10,-5)",<-10
60190052041007,118,3,-6.368683187663556,"[-10,-5)",118,3,-11.004924098536598,<-10,"[-10,-5)",<-10
60190052041008,105,3,-6.365014488995075,"[-10,-5)",105,3,-11.037907512217233,<-10,"[-10,-5)",<-10
60190052041009,304,8,-6.263077805936337,"[-10,-5)",304,8,-10.918576273452492,<-10,"[-10,-5)",<-10
60190052041010,110,3,-5.85093170106411,"[-10,-5)",110,3,-10.273221567439196,<-10,"[-10,-5)",<-10
60190052041011,70,2,-5.679778562486172,"[-10,-5)",70,2,-9.973238277862109,"[-10,-5)","[-10,-5)","[-10,-5)"
60190052041012,0,1,-5.477270029485226,"[-10,-5)",0,1,-9.650226023164658,"[-10,-5)","[-10,-5)","[-10,-5)"
60190052041013,258,6,-5.476180547475815,"[-10,-5)",258,6,-9.637936068495996,"[-10,-5)","[-10,-5)","[-10,-5)"
60190052042000,361,11,-5.648387400805951,"[-10,-5)",361,11,-9.862841727632205,"[-10,-5)","[-10,-5)","[-10,-5)"
60190052042002,54,5,-5.399928161501885,"[-10,-5)",54,5,-9.128118548036062,"[-10,-5)","[-10,-5)","[-10,-5)"
60190052042003,89,3,-5.41934410482645,"[-10,-5)",89,3,-9.29532851419001,"[-10,-5)","[-10,-5)","[-10,-5)"
60190052042004,132,3,-5.397536297142506,"[-10,-5)",132,3,-9.327890389186033,"[-10,-5)","[-10,-5)","[-10,-5)"
60190052042005,55,1,-5.351801329851151,"[-10,-5)",55,1,-9.185738682197494,"[-10,-5)","[-10,-5)","[-10,-5)"
60190052042006,154,8,-5.355257695913315,"[-10,-5)",154,8,-9.271555891201514,"[-10,-5)","[-10,-5)","[-10,-5)"
60190052042007,72,1,-5.6431182593107225,"[-10,-5)",72,1,-9.892860735846138,"[-10,-5)","[-10,-5)","[-10,-5)"
60190052042008,0,2,-5.834274662286044,"[-10,-5)",0,2,-10.181201717790216,<-10,"[-10,-5)",<-10
60190052042009,19,2,-5.26743573769927,"[-10,-5)",19,2,-9.124077003289017,"[-10,-5)","[-10,-5)","[-10,-5)"
60190052042010,47,2,-5.394054666906595,"[-10,-5)",47,2,-9.428383904940516,"[-10,-5)","[-10,-5)","[-10,-5)"
60190052042011,53,2,-5.370105365663767,"[-10,-5)",53,2,-9.410758531732093,"[-10,-5)","[-10,-5)","[-10,-5)"
60190052042012,88,3,-5.251809704303741,"[-10,-5)",88,3,-9.140814702380592,"[-10,-5)","[-10,-5)","[-10,-5)"
60190052042013,66,3,-5.211580623686314,"[-10,-5)",66,3,-9.082388986204636,"[-10,-5)","[-10,-5)","[-10,-5)"
60190052043000,477,12,-6.28099095672369,"[-10,-5)",477,12,-10.765807131859294,<-10,"[-10,-5)",<-10
60190052043001,126,5,-6.729642941057683,"[-10,-5)",126,5,-11.411122638183588,<-10,"[-10,-5)",<-10
60190052043002,215,4,-6.774532835930586,"[-10,-5)",215,4,-11.692724682288272,<-10,"[-10,-5)",<-10
60190052043003,108,3,-6.854414463043213,"[-10,-5)",108,3,-11.771360962756631,<-10,"[-10,-5)",<-10
60190052043004,0,2,-7.180557630211116,"[-10,-5)",0,2,-12.07523070265907,<-10,"[-10,-5)",<-10
60190052043005,110,4,-6.853003927320242,"[-10,-5)",110,4,-11.62192890773135,<-10,"[-10,-5)",<-10
60190052043006,110,3,-6.808253695070744,"[-10,-5)",110,3,-11.619579766948522,<-10,"[-10,-5)",<-10
60190052043008,84,3,-6.835031448304654,"[-10,-5)",84,3,-11.704824887737711,<-10,"[-10,-5)",<-10
60190052043009,37,5,-7.238125598430634,"[-10,-5)",37,5,-12.220209900258522,<-10,"[-10,-5)",<-10
60190053011000,256,8,-6.411846318840981,"[-10,-5)",256,8,-10.860257362226276,<-10,"[-10,-5)",<-10
60190053011001,117,4,-6.189137517660857,"[-10,-5)",117,4,-10.672872622800313,<-10,"[-10,-5)",<-10
60190053011002,74,2,-6.32315856590867,"[-10,-5)",74,2,-10.774931001501908,<-10,"[-10,-5)",<-10
60190053011003,499,16,-6.595439650118351,"[-10,-5)",499,16,-11.116135888675418,<-10,"[-10,-5)",<-10
60190053011004,102,3,-6.132083916664124,"[-10,-5)",102,3,-10.448694146300628,<-10,"[-10,-5)",<-10
60190053011005,170,1,-5.955047348141671,"[-10,-5)",170,1,-10.108339721944992,<-10,"[-10,-5)",<-10
60190053011006,0,8,-5.93866793140769,"[-10,-5)",0,8,-10.128086707306617,<-10,"[-10,-5)",<-10
60190053011007,60,2,-5.996362220495939,"[-10,-5)",60,2,-10.37328644311614,<-10,"[-10,-5)",<-10
60190053011008,129,3,-6.073483523726464,"[-10,-5)",129,3,-10.473160433350994,<-10,"[-10,-5)",<-10
60190053011009,101,3,-6.134801092743873,"[-10,-5)",101,3,-10.514178078942328,<-10,"[-10,-5)",<-10
60190053011010,53,2,-6.143715088069439,"[-10,-5)",53,2,-10.482109892783132,<-10,"[-10,-5)",<-10
60190053011012,98,3,-5.976922148466111,"[-10,-5)",98,3,-10.206430978497496,<-10,"[-10,-5)",<-10
60190053011013,68,3,-6.16637733578682,"[-10,-5)",68,3,-10.503603252695276,<-10,"[-10,-5)",<-10
60190053011014,127,3,-6.19629295617342,"[-10,-5)",127,3,-10.569216714744108,<-10,"[-10,-5)",<-10
60190053011015,105,3,-6.23255187124014,"[-10,-5)",105,3,-10.64427559750764,<-10,"[-10,-5)",<-10
60190053012001,81,2,-5.852108330279589,"[-10,-5)",81,2,-9.864493795684552,"[-10,-5)","[-10,-5)","[-10,-5)"
60190053012002,267,18,-5.683790740370751,"[-10,-5)",267,18,-9.2774682269033,"[-10,-5)","[-10,-5)","[-10,-5)"
60190053012003,112,4,-5.818277046829462,"[-10,-5)",112,4,-9.724993464762148,"[-10,-5)","[-10,-5)","[-10,-5)"
60190053012004,114,4,-5.80114396288991,"[-10,-5)",114,4,-9.708713095375568,"[-10,-5)","[-10,-5)","[-10,-5)"
60190053012005,97,4,-5.781892662495375,"[-10,-5)",97,4,-9.70451191131535,"[-10,-5)","[-10,-5)","[-10,-5)"
60190053012006,140,2,-5.867144771665335,"[-10,-5)",140,2,-9.960413730333318,"[-10,-5)","[-10,-5)","[-10,-5)"
60190053012007,92,3,-5.704625451564789,"[-10,-5)",92,3,-9.653293824912485,"[-10,-5)","[-10,-5)","[-10,-5)"
60190053012008,284,8,-5.774847364425659,"[-10,-5)",284,8,-9.836531350864531,"[-10,-5)","[-10,-5)","[-10,-5)"
60190053012009,75,3,-5.625761488080025,"[-10,-5)",75,3,-9.487696727121888,"[-10,-5)","[-10,-5)","[-10,-5)"
60190053012010,155,5,-5.5405479848384855,"[-10,-5)",155,5,-9.070184248251191,"[-10,-5)","[-10,-5)","[-10,-5)"
60190053012011,69,3,-5.524875681102276,"[-10,-5)",69,3,-9.186489725514278,"[-10,-5)","[-10,-5)","[-10,-5)"
60190053012013,129,5,-5.451842348277569,"[-10,-5)",129,5,-9.098388708542432,"[-10,-5)","[-10,-5)","[-10,-5)"
60190053012014,94,3,-5.489908361434937,"[-10,-5)",94,3,-9.201979283783636,"[-10,-5)","[-10,-5)","[-10,-5)"
60190053013000,204,5,-5.637765660881996,"[-10,-5)",204,5,-9.127864602224712,"[-10,-5)","[-10,-5)","[-10,-5)"
60190053013001,86,3,-5.613229890167713,"[-10,-5)",86,3,-9.045296990627651,"[-10,-5)","[-10,-5)","[-10,-5)"
60190053013002,219,5,-5.517097721993923,"[-10,-5)",219,5,-9.169600340669614,"[-10,-5)","[-10,-5)","[-10,-5)"
60190053013003,153,3,-5.544509066641331,"[-10,-5)",153,3,-9.09883751657591,"[-10,-5)","[-10,-5)","[-10,-5)"
60190053013004,110,3,-5.510041353106499,"[-10,-5)",110,3,-9.077131682987154,"[-10,-5)","[-10,-5)","[-10,-5)"
60190053013005,80,3,-5.551617667078972,"[-10,-5)",80,3,-8.984654503633175,"[-10,-5)","[-10,-5)","[-10,-5)"
60190053013007,55,2,-5.588928309828043,"[-10,-5)",55,2,-8.968489460867858,"[-10,-5)","[-10,-5)","[-10,-5)"
60190053013008,104,6,-5.565045149624348,"[-10,-5)",104,6,-8.930332540406376,"[-10,-5)","[-10,-5)","[-10,-5)"
60190053013009,113,4,-5.5302356600761415,"[-10,-5)",113,4,-8.871859102869898,"[-10,-5)","[-10,-5)","[-10,-5)"
60190053013010,97,2,-5.526992762088776,"[-10,-5)",97,2,-8.923970544503955,"[-10,-5)","[-10,-5)","[-10,-5)"
60190053013011,112,4,-5.45671521127224,"[-10,-5)",112,4,-8.995466800459965,"[-10,-5)","[-10,-5)","[-10,-5)"
60190053013012,127,2,-5.4882355324924,"[-10,-5)",127,2,-9.047935584186504,"[-10,-5)","[-10,-5)","[-10,-5)"
60190053013013,119,4,-5.45233173519373,"[-10,-5)",119,4,-8.951807152641173,"[-10,-5)","[-10,-5)","[-10,-5)"
60190053013014,83,2,-5.509114810824395,"[-10,-5)",83,2,-8.896715398420241,"[-10,-5)","[-10,-5)","[-10,-5)"
60190053013015,146,4,-5.500406051427127,"[-10,-5)",146,4,-8.849755591276793,"[-10,-5)","[-10,-5)","[-10,-5)"
60190053013018,67,2,-5.489530534297228,"[-10,-5)",67,2,-8.883140943797535,"[-10,-5)","[-10,-5)","[-10,-5)"
60190053013019,83,3,-5.47916342318058,"[-10,-5)",83,3,-8.839636674456157,"[-10,-5)","[-10,-5)","[-10,-5)"
60190053013020,0,3,-5.433444352447987,"[-10,-5)",0,3,-8.893081189571934,"[-10,-5)","[-10,-5)","[-10,-5)"
60190053013021,49,2,-5.461259640008212,"[-10,-5)",49,2,-8.841626768812201,"[-10,-5)","[-10,-5)","[-10,-5)"
60190053013022,61,2,-5.467772119492293,"[-10,-5)",61,2,-8.88110966136247,"[-10,-5)","[-10,-5)","[-10,-5)"
60190053021000,0,4,-5.783137703686952,"[-10,-5)",0,4,-10.002959595684215,<-10,"[-10,-5)",<-10
60190053021001,0,1,-5.729468934237957,"[-10,-5)",0,1,-10.065722274553307,<-10,"[-10,-5)",<-10
60190053021002,0,1,-5.720319329202176,"[-10,-5)",0,1,-10.06286467403635,<-10,"[-10,-5)",<-10
60190053021003,31,1,-5.728037676215172,"[-10,-5)",31,1,-10.053203370976428,<-10,"[-10,-5)",<-10
60190053021004,104,3,-5.745602238178253,"[-10,-5)",104,3,-10.111056430826125,<-10,"[-10,-5)",<-10
60190053021005,106,2,-5.73761364966631,"[-10,-5)",106,2,-10.133049160689442,<-10,"[-10,-5)",<-10
60190053021006,1010,17,-5.8157196879386905,"[-10,-5)",1010,17,-10.239920011355084,<-10,"[-10,-5)",<-10
60190053021007,45,2,-5.8652210041880615,"[-10,-5)",45,2,-10.354301863299996,<-10,"[-10,-5)",<-10
60190053021008,248,2,-5.86330206245184,"[-10,-5)",248,2,-10.16775054334886,<-10,"[-10,-5)",<-10
60190053021009,46,2,-6.0416640065610405,"[-10,-5)",46,2,-10.535715751546388,<-10,"[-10,-5)",<-10
60190053021010,183,1,-5.782729218900204,"[-10,-5)",183,1,-10.210500928816282,<-10,"[-10,-5)",<-10
60190053021011,47,2,-5.978241562843323,"[-10,-5)",47,2,-10.477472399140996,<-10,"[-10,-5)",<-10
60190053021012,208,2,-5.959260503947736,"[-10,-5)",208,2,-10.367204242095353,<-10,"[-10,-5)",<-10
60190053021013,62,2,-5.913008898496628,"[-10,-5)",62,2,-10.417784339356952,<-10,"[-10,-5)",<-10
60190053021015,195,2,-6.185050114989281,"[-10,-5)",195,2,-10.60657572269544,<-10,"[-10,-5)",<-10
60190053021016,77,2,-5.7991057969629765,"[-10,-5)",77,2,-10.2517600217674,<-10,"[-10,-5)",<-10
60190053021017,90,3,-5.8511871814727785,"[-10,-5)",90,3,-10.155692946257023,<-10,"[-10,-5)",<-10
60190053021018,58,2,-5.889353115856648,"[-10,-5)",58,2,-10.314994801238791,<-10,"[-10,-5)",<-10
60190053021019,48,2,-5.8380560562014585,"[-10,-5)",48,2,-10.285069531411596,<-10,"[-10,-5)",<-10
60190053021020,100,3,-5.9265800178051,"[-10,-5)",100,3,-10.28840264119947,<-10,"[-10,-5)",<-10
60190053022000,0,5,-5.791916862130165,"[-10,-5)",0,5,-10.028440529757107,<-10,"[-10,-5)",<-10
60190053022001,18,4,-5.951398520171643,"[-10,-5)",18,4,-10.040686171733851,<-10,"[-10,-5)",<-10
60190053022002,0,4,-5.986183597147464,"[-10,-5)",0,4,-10.002328423880176,<-10,"[-10,-5)",<-10
60190053022003,46,32,-5.817814627289772,"[-10,-5)",46,32,-9.749159788974946,"[-10,-5)","[-10,-5)","[-10,-5)"
60190053022004,0,12,-5.924825718998909,"[-10,-5)",0,12,-9.870578837262514,"[-10,-5)","[-10,-5)","[-10,-5)"
60190053022006,370,4,-5.947450780123472,"[-10,-5)",370,4,-9.98168779923164,"[-10,-5)","[-10,-5)","[-10,-5)"
60190053022008,203,16,-5.62444122210145,"[-10,-5)",203,16,-9.397928871200389,"[-10,-5)","[-10,-5)","[-10,-5)"
60190053022009,108,3,-5.680955475568772,"[-10,-5)",108,3,-9.321025330608114,"[-10,-5)","[-10,-5)","[-10,-5)"
60190053022010,58,3,-5.600183925032616,"[-10,-5)",58,3,-9.226858019735657,"[-10,-5)","[-10,-5)","[-10,-5)"
60190053022011,136,5,-5.67100706845522,"[-10,-5)",136,5,-9.494819140179764,"[-10,-5)","[-10,-5)","[-10,-5)"
60190053022012,102,3,-5.5872554808855055,"[-10,-5)",102,3,-9.406898782644175,"[-10,-5)","[-10,-5)","[-10,-5)"
60190053022013,66,2,-5.874777674674988,"[-10,-5)",66,2,-9.65439880165314,"[-10,-5)","[-10,-5)","[-10,-5)"
60190053022014,118,4,-5.892696218937635,"[-10,-5)",118,4,-9.782009696468403,"[-10,-5)","[-10,-5)","[-10,-5)"
60190053022015,151,4,-5.859445159882307,"[-10,-5)",151,4,-9.781038225914926,"[-10,-5)","[-10,-5)","[-10,-5)"
60190053022016,125,5,-5.803272114694119,"[-10,-5)",125,5,-10.020949412378055,<-10,"[-10,-5)",<-10
60190053022017,40,1,-5.799732291698456,"[-10,-5)",40,1,-10.008254394256396,<-10,"[-10,-5)",<-10
60190053022018,146,1,-5.756885956227779,"[-10,-5)",146,1,-10.055522401853212,<-10,"[-10,-5)",<-10
60190053022019,92,3,-5.78573139756918,"[-10,-5)",92,3,-10.067120964905742,<-10,"[-10,-5)",<-10
60190053022020,80,3,-5.8139886662364,"[-10,-5)",80,3,-9.96998868045515,"[-10,-5)","[-10,-5)","[-10,-5)"
60190053022021,89,5,-5.8393215358257295,"[-10,-5)",89,5,-9.93414653003469,"[-10,-5)","[-10,-5)","[-10,-5)"
60190053022022,75,2,-5.823164954781532,"[-10,-5)",75,2,-9.57872863098578,"[-10,-5)","[-10,-5)","[-10,-5)"
60190053022023,85,2,-5.811314637959004,"[-10,-5)",85,2,-9.504781542300115,"[-10,-5)","[-10,-5)","[-10,-5)"
60190053022024,121,3,-5.851904229819775,"[-10,-5)",121,3,-9.576757852418517,"[-10,-5)","[-10,-5)","[-10,-5)"
60190053022025,246,4,-5.77362872287631,"[-10,-5)",246,4,-9.408375304263178,"[-10,-5)","[-10,-5)","[-10,-5)"
60190053022026,115,4,-5.835941530019046,"[-10,-5)",115,4,-9.70888296069457,"[-10,-5)","[-10,-5)","[-10,-5)"
60190053022027,54,2,-5.662731490284205,"[-10,-5)",54,2,-9.360131565277122,"[-10,-5)","[-10,-5)","[-10,-5)"
60190053041000,31,1,-5.428036116063595,"[-10,-5)",31,1,-8.508721989700872,"[-10,-5)","[-10,-5)","[-10,-5)"
60190053041001,18,1,-5.524748508632183,"[-10,-5)",18,1,-8.710658335417367,"[-10,-5)","[-10,-5)","[-10,-5)"
60190053041005,58,2,-5.810591344535351,"[-10,-5)",58,2,-9.718213054788013,"[-10,-5)","[-10,-5)","[-10,-5)"
60190053041006,104,2,-5.757852239906788,"[-10,-5)",104,2,-9.395813508272973,"[-10,-5)","[-10,-5)","[-10,-5)"
60190053041007,29,2,-5.643190929293633,"[-10,-5)",29,2,-9.00994085953965,"[-10,-5)","[-10,-5)","[-10,-5)"
60190053041008,353,10,-5.70944097340107,"[-10,-5)",353,10,-9.176120555606618,"[-10,-5)","[-10,-5)","[-10,-5)"
60190053041009,25,2,-5.882052621245385,"[-10,-5)",25,2,-9.718067618260708,"[-10,-5)","[-10,-5)","[-10,-5)"
60190053041010,37,2,-5.895842885971069,"[-10,-5)",37,2,-10.003511799998828,<-10,"[-10,-5)",<-10
60190053041011,28,2,-5.964711604267359,"[-10,-5)",28,2,-10.13467623183866,<-10,"[-10,-5)",<-10
60190053041012,25,2,-5.971224651485682,"[-10,-5)",25,2,-9.872401906856732,"[-10,-5)","[-10,-5)","[-10,-5)"
60190053041013,102,6,-5.901433648914098,"[-10,-5)",102,6,-9.507363040659772,"[-10,-5)","[-10,-5)","[-10,-5)"
60190053041014,35,2,-5.77393047362566,"[-10,-5)",35,2,-9.08437908056068,"[-10,-5)","[-10,-5)","[-10,-5)"
60190053041015,20,2,-5.944765964895487,"[-10,-5)",20,2,-9.254319674325911,"[-10,-5)","[-10,-5)","[-10,-5)"
60190053041016,36,2,-6.122720275819302,"[-10,-5)",36,2,-9.448831087645512,"[-10,-5)","[-10,-5)","[-10,-5)"
60190053041017,85,6,-6.3501296326518055,"[-10,-5)",85,6,-10.043806807845115,<-10,"[-10,-5)",<-10
60190053041018,41,4,-6.136883825808764,"[-10,-5)",41,4,-10.108823184775993,<-10,"[-10,-5)",<-10
60190053041019,59,4,-6.086462212353945,"[-10,-5)",59,4,-10.32739269708006,<-10,"[-10,-5)",<-10
60190053041020,43,4,-6.280977898836136,"[-10,-5)",43,4,-10.57507962475107,<-10,"[-10,-5)",<-10
60190053041021,111,4,-6.384007754176856,"[-10,-5)",111,4,-10.424168207549611,<-10,"[-10,-5)",<-10
60190053041022,65,4,-6.441513271629811,"[-10,-5)",65,4,-9.777344365365968,"[-10,-5)","[-10,-5)","[-10,-5)"
60190053042000,467,6,-4.997946202754974,"[-5,-3)",467,6,-7.515743589468173,"[-10,-5)","[-5,-3)","[-10,-5)"
60190053042001,238,6,-5.064581170678139,"[-10,-5)",238,6,-7.749671710355887,"[-10,-5)","[-10,-5)","[-10,-5)"
60190053042002,521,6,-5.17785749360919,"[-10,-5)",521,6,-8.022830198261108,"[-10,-5)","[-10,-5)","[-10,-5)"
60190053043000,0,6,-4.941194352507591,"[-5,-3)",0,6,-7.168819524480703,"[-10,-5)","[-5,-3)","[-10,-5)"
60190053043002,572,13,-5.087817965447903,"[-10,-5)",572,13,-7.408448075505031,"[-10,-5)","[-10,-5)","[-10,-5)"
60190053043004,135,4,-5.246218941360713,"[-10,-5)",135,4,-7.624914439277536,"[-10,-5)","[-10,-5)","[-10,-5)"
60190053043005,128,4,-5.142821194231511,"[-10,-5)",128,4,-7.472279371982946,"[-10,-5)","[-10,-5)","[-10,-5)"
60190053043006,81,2,-5.302632138133049,"[-10,-5)",81,2,-7.669900627296546,"[-10,-5)","[-10,-5)","[-10,-5)"
60190053043007,238,6,-5.487455181777477,"[-10,-5)",238,6,-7.972090177630613,"[-10,-5)","[-10,-5)","[-10,-5)"
60190053043008,0,3,-5.505699321627617,"[-10,-5)",0,3,-8.100073185435663,"[-10,-5)","[-10,-5)","[-10,-5)"
60190053043009,136,10,-5.38563005849719,"[-10,-5)",136,10,-8.003079804230875,"[-10,-5)","[-10,-5)","[-10,-5)"
60190053043010,49,1,-5.926551063358784,"[-10,-5)",49,1,-8.605809393348117,"[-10,-5)","[-10,-5)","[-10,-5)"
60190053043011,849,21,-5.653396520018577,"[-10,-5)",849,21,-8.762286598276143,"[-10,-5)","[-10,-5)","[-10,-5)"
60190053043012,63,1,-5.68873967975378,"[-10,-5)",63,1,-8.542580863102506,"[-10,-5)","[-10,-5)","[-10,-5)"
60190053043013,122,2,-5.853466066718102,"[-10,-5)",122,2,-8.652146266303324,"[-10,-5)","[-10,-5)","[-10,-5)"
60190053043014,25,2,-5.796623662859202,"[-10,-5)",25,2,-8.835328685446196,"[-10,-5)","[-10,-5)","[-10,-5)"
60190053043015,110,1,-5.580874148011207,"[-10,-5)",110,1,-8.560734864000997,"[-10,-5)","[-10,-5)","[-10,-5)"
60190053043016,101,2,-5.453512338548899,"[-10,-5)",101,2,-8.295991526723501,"[-10,-5)","[-10,-5)","[-10,-5)"
60190053051000,108,4,-7.107609457522631,"[-10,-5)",108,4,-10.425477136295353,<-10,"[-10,-5)",<-10
60190053051001,55,2,-6.762145442515612,"[-10,-5)",55,2,-10.301743033911045,<-10,"[-10,-5)",<-10
60190053051002,299,10,-7.189422516524791,"[-10,-5)",299,10,-11.218876001098751,<-10,"[-10,-5)",<-10
60190053051003,82,3,-6.71091622710228,"[-10,-5)",82,3,-10.857286707533794,<-10,"[-10,-5)",<-10
60190053051005,73,3,-7.157346667349339,"[-10,-5)",73,3,-10.79888712448384,<-10,"[-10,-5)",<-10
60190053051007,69,3,-6.841724467277527,"[-10,-5)",69,3,-10.992275665552588,<-10,"[-10,-5)",<-10
60190053051008,80,3,-7.196427789330483,"[-10,-5)",80,3,-10.678796320730797,<-10,"[-10,-5)",<-10
60190053051009,100,3,-7.001625680923462,"[-10,-5)",100,3,-11.142712709706002,<-10,"[-10,-5)",<-10
60190053051010,77,3,-6.564271040260792,"[-10,-5)",77,3,-10.702311589239336,<-10,"[-10,-5)",<-10
60190053051011,85,3,-7.238022270798684,"[-10,-5)",85,3,-11.488956177194602,<-10,"[-10,-5)",<-10
60190053051012,130,6,-7.183184536546469,"[-10,-5)",130,6,-11.70288365096506,<-10,"[-10,-5)",<-10
60190053051013,103,3,-7.337991754710675,"[-10,-5)",103,3,-11.669654245033168,<-10,"[-10,-5)",<-10
60190053051014,83,2,-6.791097901761532,"[-10,-5)",83,2,-11.170808660713195,<-10,"[-10,-5)",<-10
60190053051015,75,3,-6.51233868598938,"[-10,-5)",75,3,-10.879096505515117,<-10,"[-10,-5)",<-10
60190053051019,78,8,-7.691866752505303,"[-10,-5)",78,8,-11.493718655352389,<-10,"[-10,-5)",<-10
60190053051020,0,1,-7.932247133553028,"[-10,-5)",0,1,-11.958121915827205,<-10,"[-10,-5)",<-10
60190053051021,0,2,-7.918976913392544,"[-10,-5)",0,2,-11.785114372481294,<-10,"[-10,-5)",<-10
60190053052000,471,10,-6.023288436233997,"[-10,-5)",471,10,-8.6163373504018,"[-10,-5)","[-10,-5)","[-10,-5)"
60190053052001,91,3,-6.131025092303753,"[-10,-5)",91,3,-8.716179810452024,"[-10,-5)","[-10,-5)","[-10,-5)"
60190053052002,444,34,-7.317912413924933,"[-10,-5)",444,34,-10.62148921596993,<-10,"[-10,-5)",<-10
60190053052004,73,2,-6.351069516688586,"[-10,-5)",73,2,-9.041797140133673,"[-10,-5)","[-10,-5)","[-10,-5)"
60190053052005,108,2,-6.515294026583433,"[-10,-5)",108,2,-9.20503913197138,"[-10,-5)","[-10,-5)","[-10,-5)"
60190053052006,82,3,-6.593300995230675,"[-10,-5)",82,3,-9.402197660521349,"[-10,-5)","[-10,-5)","[-10,-5)"
60190053052007,107,3,-6.803827638924122,"[-10,-5)",107,3,-9.715352045602444,"[-10,-5)","[-10,-5)","[-10,-5)"
60190053052008,0,3,-6.645580802857876,"[-10,-5)",0,3,-9.532958733242486,"[-10,-5)","[-10,-5)","[-10,-5)"
60190053052009,0,2,-7.154347611218691,"[-10,-5)",0,2,-10.249336458386615,<-10,"[-10,-5)",<-10
60190053052010,216,6,-6.716730677336455,"[-10,-5)",216,6,-9.755068716008124,"[-10,-5)","[-10,-5)","[-10,-5)"
60190053052011,52,2,-6.817743940651416,"[-10,-5)",52,2,-9.829673677735263,"[-10,-5)","[-10,-5)","[-10,-5)"
60190053052012,67,3,-7.173121730983258,"[-10,-5)",67,3,-10.38218647685345,<-10,"[-10,-5)",<-10
60190053052013,79,3,-6.0853985622525215,"[-10,-5)",79,3,-8.69064490579283,"[-10,-5)","[-10,-5)","[-10,-5)"
60190053052014,104,3,-5.981466293334961,"[-10,-5)",104,3,-8.559206076129996,"[-10,-5)","[-10,-5)","[-10,-5)"
60190053052015,136,16,-6.89922913312912,"[-10,-5)",136,16,-9.7427923960139,"[-10,-5)","[-10,-5)","[-10,-5)"
60190054031000,910,16,-5.731847172975541,"[-10,-5)",910,16,-9.707611527303524,"[-10,-5)","[-10,-5)","[-10,-5)"
60190054031001,628,16,-5.704953885823489,"[-10,-5)",628,16,-9.935186173960345,"[-10,-5)","[-10,-5)","[-10,-5)"
60190054031002,250,33,-5.929271078109742,"[-10,-5)",250,33,-10.125764835872657,<-10,"[-10,-5)",<-10
60190054032000,133,3,-5.868882322311402,"[-10,-5)",133,3,-10.023916090290497,<-10,"[-10,-5)",<-10
60190054032002,80,2,-5.972104639559984,"[-10,-5)",80,2,-10.182311239422347,<-10,"[-10,-5)",<-10
60190054032003,119,3,-6.035729764401913,"[-10,-5)",119,3,-10.198940997341316,<-10,"[-10,-5)",<-10
60190054032004,109,3,-6.0666996672749525,"[-10,-5)",109,3,-10.163635144115291,<-10,"[-10,-5)",<-10
60190054032005,218,6,-6.230678632110357,"[-10,-5)",218,6,-10.348533259791209,<-10,"[-10,-5)",<-10
60190054032006,111,1,-5.995509199798107,"[-10,-5)",111,1,-10.228355534988644,<-10,"[-10,-5)",<-10
60190054032007,95,2,-6.074997103214264,"[-10,-5)",95,2,-10.28895257306834,<-10,"[-10,-5)",<-10
60190054032008,66,2,-6.140500860661268,"[-10,-5)",66,2,-10.334842910435809,<-10,"[-10,-5)",<-10
60190054033000,0,24,-5.614899028837681,"[-10,-5)",0,24,-9.343349553493631,"[-10,-5)","[-10,-5)","[-10,-5)"
60190054033001,876,12,-5.698764163255692,"[-10,-5)",876,12,-9.792281151209284,"[-10,-5)","[-10,-5)","[-10,-5)"
60190054033002,246,2,-5.761717658489943,"[-10,-5)",246,2,-9.93718365376504,"[-10,-5)","[-10,-5)","[-10,-5)"
60190054033003,427,2,-5.760821489989757,"[-10,-5)",427,2,-9.977212785459852,"[-10,-5)","[-10,-5)","[-10,-5)"
60190054051000,90,3,-6.992893928289414,"[-10,-5)",90,3,-10.842738509911872,<-10,"[-10,-5)",<-10
60190054051001,84,3,-7.094882275164127,"[-10,-5)",84,3,-11.073818972232736,<-10,"[-10,-5)",<-10
60190054051002,225,10,-7.339460483193398,"[-10,-5)",225,10,-11.66614331636621,<-10,"[-10,-5)",<-10
60190054051003,66,3,-7.011840355396271,"[-10,-5)",66,3,-11.088642135789094,<-10,"[-10,-5)",<-10
60190054051004,68,3,-7.133875398337842,"[-10,-5)",68,3,-11.273311302556792,<-10,"[-10,-5)",<-10
60190054051005,145,5,-6.842981998622418,"[-10,-5)",145,5,-10.72926961304266,<-10,"[-10,-5)",<-10
60190054051006,103,3,-6.677214954793453,"[-10,-5)",103,3,-10.400783036559636,<-10,"[-10,-5)",<-10
60190054051007,86,3,-6.75797912478447,"[-10,-5)",86,3,-10.521081769097812,<-10,"[-10,-5)",<-10
60190054051009,88,3,-6.877500808238984,"[-10,-5)",88,3,-10.669337265341658,<-10,"[-10,-5)",<-10
60190054051010,485,7,-6.833641067147255,"[-10,-5)",485,7,-10.755694748320156,<-10,"[-10,-5)",<-10
60190054051011,45,3,-6.857216231524944,"[-10,-5)",45,3,-10.832112553635689,<-10,"[-10,-5)",<-10
60190054051012,152,4,-6.906947480142117,"[-10,-5)",152,4,-10.958780951580652,<-10,"[-10,-5)",<-10
60190054051013,81,3,-6.62652423530817,"[-10,-5)",81,3,-10.309598878831222,<-10,"[-10,-5)",<-10
60190054051014,87,11,-6.595146131515503,"[-10,-5)",87,11,-10.246858924419527,<-10,"[-10,-5)",<-10
60190054052000,48,1,-6.301293700933456,"[-10,-5)",48,1,-9.48289277682936,"[-10,-5)","[-10,-5)","[-10,-5)"
60190054052001,41,2,-6.38489625826478,"[-10,-5)",41,2,-9.62721921439025,"[-10,-5)","[-10,-5)","[-10,-5)"
60190054052002,99,1,-6.462243519723415,"[-10,-5)",99,1,-9.800356287143288,"[-10,-5)","[-10,-5)","[-10,-5)"
60190054052003,33,4,-6.46868105828762,"[-10,-5)",33,4,-9.82480780329635,"[-10,-5)","[-10,-5)","[-10,-5)"
60190054052005,98,4,-6.510618735104799,"[-10,-5)",98,4,-9.953528787855182,"[-10,-5)","[-10,-5)","[-10,-5)"
60190054052006,194,8,-6.599549478292465,"[-10,-5)",194,8,-10.165673527943293,<-10,"[-10,-5)",<-10
60190054052007,75,25,-6.437330205738545,"[-10,-5)",75,25,-9.712609203595312,"[-10,-5)","[-10,-5)","[-10,-5)"
60190054052008,82,3,-6.406014552712441,"[-10,-5)",82,3,-9.510985887279384,"[-10,-5)","[-10,-5)","[-10,-5)"
60190054052009,83,3,-6.3943953037261965,"[-10,-5)",83,3,-9.534815321411356,"[-10,-5)","[-10,-5)","[-10,-5)"
60190054052010,95,4,-6.368046473711729,"[-10,-5)",95,4,-9.52117695425224,"[-10,-5)","[-10,-5)","[-10,-5)"
60190054052011,74,4,-6.373987812548876,"[-10,-5)",74,4,-9.568633006733968,"[-10,-5)","[-10,-5)","[-10,-5)"
60190054052013,112,5,-6.304364007711411,"[-10,-5)",112,5,-9.313498422208674,"[-10,-5)","[-10,-5)","[-10,-5)"
60190054053001,67,3,-6.024274590611458,"[-10,-5)",67,3,-9.207230337775336,"[-10,-5)","[-10,-5)","[-10,-5)"
60190054053002,60,3,-6.0011150076985365,"[-10,-5)",60,3,-9.174340094370008,"[-10,-5)","[-10,-5)","[-10,-5)"
60190054053004,126,6,-6.030511718988419,"[-10,-5)",126,6,-9.120723157433773,"[-10,-5)","[-10,-5)","[-10,-5)"
60190054053005,45,2,-6.055274015665054,"[-10,-5)",45,2,-9.226451251948353,"[-10,-5)","[-10,-5)","[-10,-5)"
60190054053006,81,3,-6.076278479397297,"[-10,-5)",81,3,-9.145079514921507,"[-10,-5)","[-10,-5)","[-10,-5)"
60190054053007,110,8,-6.19823403954506,"[-10,-5)",110,8,-9.295330786635748,"[-10,-5)","[-10,-5)","[-10,-5)"
60190054053008,76,4,-6.114303615689278,"[-10,-5)",76,4,-9.078188086200134,"[-10,-5)","[-10,-5)","[-10,-5)"
60190054053009,155,7,-5.870198898017407,"[-10,-5)",155,7,-8.821247475423664,"[-10,-5)","[-10,-5)","[-10,-5)"
60190054053011,50,4,-5.890537125617266,"[-10,-5)",50,4,-8.941873440148274,"[-10,-5)","[-10,-5)","[-10,-5)"
60190054053012,47,3,-6.086171248555184,"[-10,-5)",47,3,-9.292780534405008,"[-10,-5)","[-10,-5)","[-10,-5)"
60190054053013,78,4,-6.120931061357259,"[-10,-5)",78,4,-9.053468989561289,"[-10,-5)","[-10,-5)","[-10,-5)"
60190054053014,55,2,-6.224688751995564,"[-10,-5)",55,2,-9.201132513690094,"[-10,-5)","[-10,-5)","[-10,-5)"
60190054053015,82,2,-6.148978552222252,"[-10,-5)",82,2,-9.094063960245146,"[-10,-5)","[-10,-5)","[-10,-5)"
60190054053016,52,4,-6.002738443762064,"[-10,-5)",52,4,-8.942969895217406,"[-10,-5)","[-10,-5)","[-10,-5)"
60190054053017,45,9,-5.782663929462433,"[-10,-5)",45,9,-8.729459415240076,"[-10,-5)","[-10,-5)","[-10,-5)"
60190054061000,118,18,-8.8981666110456,"[-10,-5)",118,18,-13.57964432066225,<-10,"[-10,-5)",<-10
60190054061002,94,3,-8.269142335653305,"[-10,-5)",94,3,-12.601695592492453,<-10,"[-10,-5)",<-10
60190054061003,95,4,-7.732361816614866,"[-10,-5)",95,4,-11.715725241836896,<-10,"[-10,-5)",<-10
60190054061006,67,2,-7.203814863413573,"[-10,-5)",67,2,-11.087405925307005,<-10,"[-10,-5)",<-10
60190054061007,59,2,-7.567623791098595,"[-10,-5)",59,2,-11.587805294401107,<-10,"[-10,-5)",<-10
60190054061008,53,2,-7.955734582990408,"[-10,-5)",53,2,-12.098056283885782,<-10,"[-10,-5)",<-10
60190054061010,60,2,-7.762158496677875,"[-10,-5)",60,2,-11.883187449467886,<-10,"[-10,-5)",<-10
60190054061011,40,2,-7.381096409261227,"[-10,-5)",40,2,-11.380583808006827,<-10,"[-10,-5)",<-10
60190054061012,132,7,-7.632226270437241,"[-10,-5)",132,7,-11.791518692685605,<-10,"[-10,-5)",<-10
60190054061013,124,5,-8.204326955974102,"[-10,-5)",124,5,-12.610678570499244,<-10,"[-10,-5)",<-10
60190054061014,98,5,-8.713319438695908,"[-10,-5)",98,5,-13.45534551551177,<-10,"[-10,-5)",<-10
60190054061015,73,4,-8.143821246922016,"[-10,-5)",73,4,-12.867648439014602,<-10,"[-10,-5)",<-10
60190054061017,88,3,-7.975507915019989,"[-10,-5)",88,3,-12.503261196633336,<-10,"[-10,-5)",<-10
60190054061018,80,3,-8.115056423842907,"[-10,-5)",80,3,-12.570466506922427,<-10,"[-10,-5)",<-10
60190054061019,56,2,-7.055476693063975,"[-10,-5)",56,2,-10.913523490351531,<-10,"[-10,-5)",<-10
60190054062000,313,27,-6.799273842573166,"[-10,-5)",313,27,-10.40302139561268,<-10,"[-10,-5)",<-10
60190054062002,95,5,-6.3816513732075695,"[-10,-5)",95,5,-9.737001636159157,"[-10,-5)","[-10,-5)","[-10,-5)"
60190054062003,53,3,-6.470558555424214,"[-10,-5)",53,3,-9.837957310565836,"[-10,-5)","[-10,-5)","[-10,-5)"
60190054062004,0,4,-7.700873288512231,"[-10,-5)",0,4,-11.497350591754955,<-10,"[-10,-5)",<-10
60190054062005,31,3,-7.596656584739685,"[-10,-5)",31,3,-11.41143055458124,<-10,"[-10,-5)",<-10
60190054062006,56,2,-7.5062741450965405,"[-10,-5)",56,2,-11.3493660846655,<-10,"[-10,-5)",<-10
60190054062007,99,5,-7.091454295814038,"[-10,-5)",99,5,-10.838216342890998,<-10,"[-10,-5)",<-10
60190054062009,55,4,-6.881853342801333,"[-10,-5)",55,4,-10.559684372979884,<-10,"[-10,-5)",<-10
60190054062010,60,3,-6.54050000756979,"[-10,-5)",60,3,-9.973827977531414,"[-10,-5)","[-10,-5)","[-10,-5)"
60190054062011,75,4,-6.770766770839691,"[-10,-5)",75,4,-10.414856293022083,<-10,"[-10,-5)",<-10
60190054062012,68,4,-6.680749384313822,"[-10,-5)",68,4,-10.28349245406864,<-10,"[-10,-5)",<-10
60190054063000,120,10,-7.053925075381994,"[-10,-5)",120,10,-10.551486524975964,<-10,"[-10,-5)",<-10
60190054063002,43,2,-7.06278172954917,"[-10,-5)",43,2,-10.500395695534491,<-10,"[-10,-5)",<-10
60190054063003,119,4,-6.825218729674816,"[-10,-5)",119,4,-10.32653484881354,<-10,"[-10,-5)",<-10
60190054063004,63,4,-6.6947025887668135,"[-10,-5)",63,4,-10.247004929058264,<-10,"[-10,-5)",<-10
60190054063005,47,1,-6.692131036520005,"[-10,-5)",47,1,-10.262406998166668,<-10,"[-10,-5)",<-10
60190054063006,83,3,-6.564950050413609,"[-10,-5)",83,3,-10.081788465928971,<-10,"[-10,-5)",<-10
60190054063007,83,2,-6.459343533217908,"[-10,-5)",83,2,-9.92585721608977,"[-10,-5)","[-10,-5)","[-10,-5)"
60190054063008,105,9,-6.657357314229012,"[-10,-5)",105,9,-10.07980348457584,<-10,"[-10,-5)",<-10
60190054063009,109,3,-6.500772804021835,"[-10,-5)",109,3,-9.9493821424927,"[-10,-5)","[-10,-5)","[-10,-5)"
60190054063010,102,3,-6.269448919594288,"[-10,-5)",102,3,-9.644348342260392,"[-10,-5)","[-10,-5)","[-10,-5)"
60190054063011,66,2,-6.306428573280574,"[-10,-5)",66,2,-9.68068844235344,"[-10,-5)","[-10,-5)","[-10,-5)"
60190054063012,92,2,-6.444149261713028,"[-10,-5)",92,2,-9.830382680805876,"[-10,-5)","[-10,-5)","[-10,-5)"
60190054063013,70,4,-6.287344754487276,"[-10,-5)",70,4,-9.654360170075574,"[-10,-5)","[-10,-5)","[-10,-5)"
60190054063014,82,3,-6.255409419536591,"[-10,-5)",82,3,-9.481672473467448,"[-10,-5)","[-10,-5)","[-10,-5)"
60190054063015,66,1,-6.233750925958157,"[-10,-5)",66,1,-9.52852519160544,"[-10,-5)","[-10,-5)","[-10,-5)"
60190054063016,140,5,-6.3278875082731245,"[-10,-5)",140,5,-9.675975105834764,"[-10,-5)","[-10,-5)","[-10,-5)"
60190054063017,84,3,-6.126646158099175,"[-10,-5)",84,3,-9.395075815574907,"[-10,-5)","[-10,-5)","[-10,-5)"
60190054063018,67,3,-6.238264980912208,"[-10,-5)",67,3,-9.54488907337293,"[-10,-5)","[-10,-5)","[-10,-5)"
60190054071000,111,13,-7.702662786841393,"[-10,-5)",111,13,-10.979123885837362,<-10,"[-10,-5)",<-10
60190054071001,122,5,-7.863339525461197,"[-10,-5)",122,5,-11.161375170338625,<-10,"[-10,-5)",<-10
60190054071002,96,2,-7.964859775453807,"[-10,-5)",96,2,-11.200683368622697,<-10,"[-10,-5)",<-10
60190054071003,69,12,-7.593701244145633,"[-10,-5)",69,12,-10.95145117784908,<-10,"[-10,-5)",<-10
60190054071004,128,4,-7.316319919377566,"[-10,-5)",128,4,-10.702096275005552,<-10,"[-10,-5)",<-10
60190054071005,34,3,-7.05160389393568,"[-10,-5)",34,3,-10.46413768754377,<-10,"[-10,-5)",<-10
60190054071006,85,3,-7.259598442912102,"[-10,-5)",85,3,-10.651521290746862,<-10,"[-10,-5)",<-10
60190054071007,106,2,-7.537034554034472,"[-10,-5)",106,2,-10.88264492953677,<-10,"[-10,-5)",<-10
60190054071008,81,3,-7.495547090470791,"[-10,-5)",81,3,-10.849435407505094,<-10,"[-10,-5)",<-10
60190054071009,80,3,-7.55557987689972,"[-10,-5)",80,3,-10.90843718867592,<-10,"[-10,-5)",<-10
60190054071010,64,4,-7.364956292510033,"[-10,-5)",64,4,-10.743288330807363,<-10,"[-10,-5)",<-10
60190054071012,66,6,-6.7948608443140985,"[-10,-5)",66,6,-10.176822146739475,<-10,"[-10,-5)",<-10
60190054071013,92,4,-7.290859025716782,"[-10,-5)",92,4,-10.66136041268587,<-10,"[-10,-5)",<-10
60190054072000,594,10,-6.850048302859069,"[-10,-5)",594,10,-9.895439961760053,"[-10,-5)","[-10,-5)","[-10,-5)"
60190054072001,85,4,-6.938817809522153,"[-10,-5)",85,4,-10.20210537803306,<-10,"[-10,-5)",<-10
60190054072002,79,4,-7.148459071666002,"[-10,-5)",79,4,-10.45338731486337,<-10,"[-10,-5)",<-10
60190054072003,130,6,-6.697310759872199,"[-10,-5)",130,6,-9.349863235149137,"[-10,-5)","[-10,-5)","[-10,-5)"
60190054072004,61,2,-6.655085809528828,"[-10,-5)",61,2,-9.511828680592885,"[-10,-5)","[-10,-5)","[-10,-5)"
60190054072005,187,6,-6.701364666223526,"[-10,-5)",187,6,-9.317640522679678,"[-10,-5)","[-10,-5)","[-10,-5)"
60190054072006,41,3,-6.658061304688454,"[-10,-5)",41,3,-9.347862914787264,"[-10,-5)","[-10,-5)","[-10,-5)"
60190054072008,100,5,-6.768984653055668,"[-10,-5)",100,5,-9.812229816130252,"[-10,-5)","[-10,-5)","[-10,-5)"
60190054072009,56,3,-6.62623355537653,"[-10,-5)",56,3,-9.589146090365396,"[-10,-5)","[-10,-5)","[-10,-5)"
60190054072010,123,5,-6.690247862040997,"[-10,-5)",123,5,-9.45605973754169,"[-10,-5)","[-10,-5)","[-10,-5)"
60190054072011,59,3,-6.657732018828392,"[-10,-5)",59,3,-9.466197117983958,"[-10,-5)","[-10,-5)","[-10,-5)"
60190054072012,107,4,-6.665980061888694,"[-10,-5)",107,4,-9.792890166667371,"[-10,-5)","[-10,-5)","[-10,-5)"
60190054072013,100,3,-6.954293109476566,"[-10,-5)",100,3,-10.28211478383929,<-10,"[-10,-5)",<-10
60190054072014,79,4,-6.816835281997919,"[-10,-5)",79,4,-10.126790845123873,<-10,"[-10,-5)",<-10
60190054072015,38,2,-6.949589715152979,"[-10,-5)",38,2,-10.305474389814698,<-10,"[-10,-5)",<-10
60190054081000,21,83,-6.671192429959774,"[-10,-5)",21,83,-9.68763388869938,"[-10,-5)","[-10,-5)","[-10,-5)"
60190054081001,0,89,-5.456811158359051,"[-10,-5)",0,89,-8.348773623906322,"[-10,-5)","[-10,-5)","[-10,-5)"
60190054081002,0,4,-5.384104272723199,"[-10,-5)",0,4,-7.80955576858493,"[-10,-5)","[-10,-5)","[-10,-5)"
60190054081003,0,45,-6.074534399807454,"[-10,-5)",0,45,-8.544319852204376,"[-10,-5)","[-10,-5)","[-10,-5)"
60190054081004,674,35,-4.90236246585846,"[-5,-3)",674,35,-7.212374071684062,"[-10,-5)","[-5,-3)","[-10,-5)"
60190054081005,0,7,-4.93336700052023,"[-5,-3)",0,7,-7.207120745246624,"[-10,-5)","[-5,-3)","[-10,-5)"
60190054081006,0,2,-4.864725659787656,"[-5,-3)",0,2,-7.019502227965248,"[-10,-5)","[-5,-3)","[-10,-5)"
60190054081007,0,32,-4.994859715551138,"[-5,-3)",0,32,-7.520250133424589,"[-10,-5)","[-5,-3)","[-10,-5)"
60190054081008,27,21,-5.195625020563603,"[-10,-5)",27,21,-7.715435610961558,"[-10,-5)","[-10,-5)","[-10,-5)"
60190054081009,0,6,-5.387433750182391,"[-10,-5)",0,6,-7.972494672972179,"[-10,-5)","[-10,-5)","[-10,-5)"
60190054081010,1186,50,-5.476104187220335,"[-10,-5)",1186,50,-8.440250927135084,"[-10,-5)","[-10,-5)","[-10,-5)"
60190054081011,0,2,-5.627974232286215,"[-10,-5)",0,2,-8.861580262680368,"[-10,-5)","[-10,-5)","[-10,-5)"
60190054081012,0,4,-5.425689670443535,"[-10,-5)",0,4,-8.278013640369792,"[-10,-5)","[-10,-5)","[-10,-5)"
60190054081013,0,1,-5.591238704323769,"[-10,-5)",0,1,-8.621271114157173,"[-10,-5)","[-10,-5)","[-10,-5)"
60190054081014,0,6,-5.463859578967095,"[-10,-5)",0,6,-8.481627903208917,"[-10,-5)","[-10,-5)","[-10,-5)"
60190054081015,0,6,-5.758232905715705,"[-10,-5)",0,6,-9.40062938890563,"[-10,-5)","[-10,-5)","[-10,-5)"
60190054091000,72,3,-6.041199316084385,"[-10,-5)",72,3,-9.149869262428163,"[-10,-5)","[-10,-5)","[-10,-5)"
60190054091001,201,7,-6.112629367411137,"[-10,-5)",201,7,-9.336100167530082,"[-10,-5)","[-10,-5)","[-10,-5)"
60190054091002,98,4,-6.209738890081644,"[-10,-5)",98,4,-9.49639848996846,"[-10,-5)","[-10,-5)","[-10,-5)"
60190054091003,163,7,-6.167385064065456,"[-10,-5)",163,7,-9.621488674347594,"[-10,-5)","[-10,-5)","[-10,-5)"
60190054091004,216,40,-6.36844814568758,"[-10,-5)",216,40,-10.000322422403956,<-10,"[-10,-5)",<-10
60190054091005,187,5,-5.932550311088562,"[-10,-5)",187,5,-9.791210829266152,"[-10,-5)","[-10,-5)","[-10,-5)"
60190054091006,45,2,-5.9406867943704125,"[-10,-5)",45,2,-9.802916765379855,"[-10,-5)","[-10,-5)","[-10,-5)"
60190054091007,108,4,-5.905063741654158,"[-10,-5)",108,4,-9.495190685058107,"[-10,-5)","[-10,-5)","[-10,-5)"
60190054092000,819,14,-5.643842120468617,"[-10,-5)",819,14,-8.75548289573318,"[-10,-5)","[-10,-5)","[-10,-5)"
60190054092001,1255,14,-5.520197550952435,"[-10,-5)",1255,14,-8.828339778575497,"[-10,-5)","[-10,-5)","[-10,-5)"
60190054092002,88,3,-5.779509598016739,"[-10,-5)",88,3,-8.841021730134157,"[-10,-5)","[-10,-5)","[-10,-5)"
60190054092003,225,10,-5.880458707362413,"[-10,-5)",225,10,-9.017383119335308,"[-10,-5)","[-10,-5)","[-10,-5)"
60190054092004,127,6,-5.790213375538587,"[-10,-5)",127,6,-9.335443146655756,"[-10,-5)","[-10,-5)","[-10,-5)"
60190054092005,75,2,-5.711449049413204,"[-10,-5)",75,2,-9.201719088746508,"[-10,-5)","[-10,-5)","[-10,-5)"
60190054092006,59,7,-5.693286095559597,"[-10,-5)",59,7,-9.405378516444696,"[-10,-5)","[-10,-5)","[-10,-5)"
60190054101000,42,4,-6.3729673102498055,"[-10,-5)",42,4,-10.375603201547186,<-10,"[-10,-5)",<-10
60190054101001,107,4,-6.367515074461698,"[-10,-5)",107,4,-10.366230499096131,<-10,"[-10,-5)",<-10
60190054101002,99,4,-6.405254640430212,"[-10,-5)",99,4,-10.345172312543031,<-10,"[-10,-5)",<-10
60190054101003,137,4,-6.099513570964336,"[-10,-5)",137,4,-10.214783352811676,<-10,"[-10,-5)",<-10
60190054101004,69,14,-6.022994066029787,"[-10,-5)",69,14,-10.07993415020584,<-10,"[-10,-5)",<-10
60190054101005,51,1,-6.1458469301462175,"[-10,-5)",51,1,-10.294457572871387,<-10,"[-10,-5)",<-10
60190054101006,50,2,-6.152324493974447,"[-10,-5)",50,2,-10.121873272544391,<-10,"[-10,-5)",<-10
60190054101007,40,2,-6.224711177498103,"[-10,-5)",40,2,-10.364254039414524,<-10,"[-10,-5)",<-10
60190054101008,51,2,-6.250488299131394,"[-10,-5)",51,2,-10.19958864437697,<-10,"[-10,-5)",<-10
60190054101009,34,2,-6.393383317440748,"[-10,-5)",34,2,-10.22359589738803,<-10,"[-10,-5)",<-10
60190054101010,37,2,-6.272868382930756,"[-10,-5)",37,2,-10.130506862018787,<-10,"[-10,-5)",<-10
60190054101011,22,4,-6.065371736884117,"[-10,-5)",22,4,-9.982142288379464,"[-10,-5)","[-10,-5)","[-10,-5)"
60190054101013,72,3,-6.215901929140091,"[-10,-5)",72,3,-10.312222417437052,<-10,"[-10,-5)",<-10
60190054102000,94,6,-6.578030647337437,"[-10,-5)",94,6,-10.172844230473125,<-10,"[-10,-5)",<-10
60190054102001,90,3,-6.656771412491799,"[-10,-5)",90,3,-10.29748447059591,<-10,"[-10,-5)",<-10
60190054102003,59,3,-6.714045578241349,"[-10,-5)",59,3,-10.395155324686677,<-10,"[-10,-5)",<-10
60190054102004,70,3,-6.770592476427555,"[-10,-5)",70,3,-10.501721667623276,<-10,"[-10,-5)",<-10
60190054102005,344,12,-6.905718619376421,"[-10,-5)",344,12,-10.734333758372316,<-10,"[-10,-5)",<-10
60190054102007,76,2,-6.75734837204218,"[-10,-5)",76,2,-10.435620197851968,<-10,"[-10,-5)",<-10
60190054102008,79,3,-6.620417685806752,"[-10,-5)",79,3,-10.256255487550836,<-10,"[-10,-5)",<-10
60190054102009,77,3,-6.6072825863957405,"[-10,-5)",77,3,-10.28609724499712,<-10,"[-10,-5)",<-10
60190054102011,101,4,-6.674247691780329,"[-10,-5)",101,4,-10.398210059871506,<-10,"[-10,-5)",<-10
60190054102012,16,7,-6.839517684280873,"[-10,-5)",16,7,-10.547089910582178,<-10,"[-10,-5)",<-10
60190054102013,189,2,-6.898817809671163,"[-10,-5)",189,2,-10.625011506865585,<-10,"[-10,-5)",<-10
60190054102014,188,4,-6.713960134238005,"[-10,-5)",188,4,-10.45042120506237,<-10,"[-10,-5)",<-10
60190054102016,163,2,-6.85223890542984,"[-10,-5)",163,2,-10.575886911099897,<-10,"[-10,-5)",<-10
60190054102017,54,4,-6.748507614433766,"[-10,-5)",54,4,-10.488284127856351,<-10,"[-10,-5)",<-10
60190054102018,95,2,-6.613117191195488,"[-10,-5)",95,2,-10.409879636853384,<-10,"[-10,-5)",<-10
60190054102019,64,2,-6.531483252346516,"[-10,-5)",64,2,-10.3718991149924,<-10,"[-10,-5)",<-10
60190054102020,71,3,-6.475156635046005,"[-10,-5)",71,3,-10.329316890509672,<-10,"[-10,-5)",<-10
60190054102021,157,2,-6.610794874280691,"[-10,-5)",157,2,-10.375419133442314,<-10,"[-10,-5)",<-10
60190054102022,89,3,-6.379306630790234,"[-10,-5)",89,3,-10.268633499491887,<-10,"[-10,-5)",<-10
60190054102025,94,3,-6.589367732405663,"[-10,-5)",94,3,-10.315714030315227,<-10,"[-10,-5)",<-10
60190054102026,73,3,-6.556895036995411,"[-10,-5)",73,3,-10.342149391598552,<-10,"[-10,-5)",<-10
60190054102027,72,3,-6.496138389408588,"[-10,-5)",72,3,-10.36415007502196,<-10,"[-10,-5)",<-10
60190055091003,79,3,-6.901958231627941,"[-10,-5)",79,3,-8.788838990515032,"[-10,-5)","[-10,-5)","[-10,-5)"
60190055091006,77,2,-5.9370689079165455,"[-10,-5)",77,2,-7.957546808955885,"[-10,-5)","[-10,-5)","[-10,-5)"
60190055091017,88,3,-6.129186768829823,"[-10,-5)",88,3,-8.731357475543685,"[-10,-5)","[-10,-5)","[-10,-5)"
60190055091018,111,3,-6.279915100336075,"[-10,-5)",111,3,-8.959975174794765,"[-10,-5)","[-10,-5)","[-10,-5)"
60190055091019,88,22,-6.447267825901509,"[-10,-5)",88,22,-9.026754117452054,"[-10,-5)","[-10,-5)","[-10,-5)"
60190055091020,78,3,-6.055334763228894,"[-10,-5)",78,3,-8.476614603852676,"[-10,-5)","[-10,-5)","[-10,-5)"
60190055091021,96,3,-6.201809629797936,"[-10,-5)",96,3,-8.678303252983605,"[-10,-5)","[-10,-5)","[-10,-5)"
60190055091022,80,3,-5.908544804155826,"[-10,-5)",80,3,-8.257204854736559,"[-10,-5)","[-10,-5)","[-10,-5)"
60190055091024,226,13,-7.2855353817343715,"[-10,-5)",226,13,-9.31022212356428,"[-10,-5)","[-10,-5)","[-10,-5)"
60190055092000,142,4,-6.704550223052502,"[-10,-5)",142,4,-9.539322433479208,"[-10,-5)","[-10,-5)","[-10,-5)"
60190055092002,145,2,-6.912675067037344,"[-10,-5)",145,2,-9.950074102220269,"[-10,-5)","[-10,-5)","[-10,-5)"
60190055092003,95,3,-6.75211670100689,"[-10,-5)",95,3,-9.694851176366864,"[-10,-5)","[-10,-5)","[-10,-5)"
60190055092005,84,3,-6.824461939930916,"[-10,-5)",84,3,-9.77484581127579,"[-10,-5)","[-10,-5)","[-10,-5)"
60190055092007,338,4,-7.0403917104005815,"[-10,-5)",338,4,-10.156567269755156,<-10,"[-10,-5)",<-10
60190055093000,19,8,-7.971059149503708,"[-10,-5)",19,8,-10.17463491771556,<-10,"[-10,-5)",<-10
60190055093002,820,25,-7.544513601064683,"[-10,-5)",820,25,-9.92238775955755,"[-10,-5)","[-10,-5)","[-10,-5)"
60190055093003,36,1,-7.033663491904735,"[-10,-5)",36,1,-9.59196165063618,"[-10,-5)","[-10,-5)","[-10,-5)"
60190055093004,82,24,-7.161697214841843,"[-10,-5)",82,24,-9.554151562205632,"[-10,-5)","[-10,-5)","[-10,-5)"
60190055093005,224,7,-6.689669340848923,"[-10,-5)",224,7,-9.369772132269672,"[-10,-5)","[-10,-5)","[-10,-5)"
60190055093006,98,4,-6.582596366107464,"[-10,-5)",98,4,-9.245021678528538,"[-10,-5)","[-10,-5)","[-10,-5)"
60190055093007,44,3,-6.713172402977944,"[-10,-5)",44,3,-9.222969296964566,"[-10,-5)","[-10,-5)","[-10,-5)"
60190055093008,162,8,-6.7563366696238525,"[-10,-5)",162,8,-9.459106803222149,"[-10,-5)","[-10,-5)","[-10,-5)"
60190055093009,15,15,-6.7974514156579975,"[-10,-5)",15,15,-9.51190963647234,"[-10,-5)","[-10,-5)","[-10,-5)"
60190055093010,303,9,-6.933364722132683,"[-10,-5)",303,9,-9.97077153801228,"[-10,-5)","[-10,-5)","[-10,-5)"
60190055093011,260,4,-7.298695177584887,"[-10,-5)",260,4,-10.442806807501974,<-10,"[-10,-5)",<-10
60190055093012,0,4,-7.515610250830651,"[-10,-5)",0,4,-10.71874250815613,<-10,"[-10,-5)",<-10
60190055131007,114,6,-6.8561233431100845,"[-10,-5)",114,6,-10.126311359072918,<-10,"[-10,-5)",<-10
60190055131008,92,6,-7.689738884568214,"[-10,-5)",92,6,-11.501231360965958,<-10,"[-10,-5)",<-10
60190055131009,208,9,-7.266393086314202,"[-10,-5)",208,9,-10.80446711499628,<-10,"[-10,-5)",<-10
60190055131011,110,6,-6.310838165134191,"[-10,-5)",110,6,-8.790346190151512,"[-10,-5)","[-10,-5)","[-10,-5)"
60190055131012,59,2,-6.51533859372139,"[-10,-5)",59,2,-9.173824249187224,"[-10,-5)","[-10,-5)","[-10,-5)"
60190055131013,72,4,-6.934117537736893,"[-10,-5)",72,4,-9.972640624632716,"[-10,-5)","[-10,-5)","[-10,-5)"
60190055131014,164,8,-6.671090237796307,"[-10,-5)",164,8,-9.62568588162777,"[-10,-5)","[-10,-5)","[-10,-5)"
60190055132009,220,14,-8.162411136925222,"[-10,-5)",220,14,-12.128032115630674,<-10,"[-10,-5)",<-10
60190055132010,110,5,-7.994633746147156,"[-10,-5)",110,5,-11.825092942258411,<-10,"[-10,-5)",<-10
60190055132012,60,2,-8.609565154463054,"[-10,-5)",60,2,-12.772502272140011,<-10,"[-10,-5)",<-10
60190055132013,0,1,-8.880192996561528,"[-10,-5)",0,1,-13.181524893729309,<-10,"[-10,-5)",<-10
60190055132015,7,31,-7.856359232962132,"[-10,-5)",7,31,-12.225877379931918,<-10,"[-10,-5)",<-10
60190055141003,54,3,-6.888908292353153,"[-10,-5)",54,3,-9.41699980395462,"[-10,-5)","[-10,-5)","[-10,-5)"
60190055141005,58,3,-7.100079882144928,"[-10,-5)",58,3,-9.766559337888047,"[-10,-5)","[-10,-5)","[-10,-5)"
60190055141008,108,4,-6.891478425264358,"[-10,-5)",108,4,-8.971572885680143,"[-10,-5)","[-10,-5)","[-10,-5)"
60190055141009,124,7,-6.974292683601379,"[-10,-5)",124,7,-9.204067093306463,"[-10,-5)","[-10,-5)","[-10,-5)"
60190055141010,65,2,-7.344591097533703,"[-10,-5)",65,2,-10.056970517900474,<-10,"[-10,-5)",<-10
60190055141011,90,6,-7.522916138917208,"[-10,-5)",90,6,-10.483382462397046,<-10,"[-10,-5)",<-10
60190055142006,238,11,-6.8625495269894605,"[-10,-5)",238,11,-10.216667210329415,<-10,"[-10,-5)",<-10
60190055142007,37,2,-6.991877116262913,"[-10,-5)",37,2,-10.364902822673043,<-10,"[-10,-5)",<-10
60190055142008,173,4,-7.150067746639252,"[-10,-5)",173,4,-10.563554348073623,<-10,"[-10,-5)",<-10
60190055142009,86,10,-7.380799200385809,"[-10,-5)",86,10,-11.039201670065664,<-10,"[-10,-5)",<-10
60190055142010,141,4,-7.499087197333575,"[-10,-5)",141,4,-11.37409654353304,<-10,"[-10,-5)",<-10
60190055142011,73,2,-7.122487501055002,"[-10,-5)",73,2,-10.737512341849923,<-10,"[-10,-5)",<-10
60190055142012,90,5,-7.604081980884075,"[-10,-5)",90,5,-11.524029104732366,<-10,"[-10,-5)",<-10
60190055142013,67,3,-7.511069512367249,"[-10,-5)",67,3,-11.427814888360382,<-10,"[-10,-5)",<-10
60190055143000,102,36,-8.506559711694717,"[-10,-5)",102,36,-12.68286280940277,<-10,"[-10,-5)",<-10
60190055143001,0,1,-9.048230977356434,"[-10,-5)",0,1,-13.428839708410532,<-10,"[-10,-5)",<-10
60190055143002,76,1,-8.315506352484226,"[-10,-5)",76,1,-12.457338476914089,<-10,"[-10,-5)",<-10
60190055143003,76,2,-8.319361835718155,"[-10,-5)",76,2,-12.440162763906292,<-10,"[-10,-5)",<-10
60190055143004,48,2,-8.080674154311419,"[-10,-5)",48,2,-11.944025934907366,<-10,"[-10,-5)",<-10
60190055143005,0,3,-8.977084225416183,"[-10,-5)",0,3,-13.274328169046854,<-10,"[-10,-5)",<-10
60190055143006,81,3,-7.738809858262539,"[-10,-5)",81,3,-11.030505020222009,<-10,"[-10,-5)",<-10
60190055143007,344,9,-7.936364342272282,"[-10,-5)",344,9,-10.492948890847355,<-10,"[-10,-5)",<-10
60190055143008,30,2,-8.1268474124372,"[-10,-5)",30,2,-11.096204267097493,<-10,"[-10,-5)",<-10
60190055143009,161,6,-8.05952946022153,"[-10,-5)",161,6,-11.504284959927917,<-10,"[-10,-5)",<-10
60190055143010,127,14,-8.45011983141303,"[-10,-5)",127,14,-11.578176941804404,<-10,"[-10,-5)",<-10
60190055143011,69,3,-8.297708451747894,"[-10,-5)",69,3,-10.700126632661158,<-10,"[-10,-5)",<-10
60190055143012,0,12,-9.147882813960315,"[-10,-5)",0,12,-13.518876281040685,<-10,"[-10,-5)",<-10
60190055143013,0,9,-8.985325455665588,"[-10,-5)",0,9,-13.481318434087177,<-10,"[-10,-5)",<-10
60190055143014,0,9,-8.90628719776869,"[-10,-5)",0,9,-12.189436440059197,<-10,"[-10,-5)",<-10
60190055143015,0,15,-8.660469625890256,"[-10,-5)",0,15,-11.082705371295612,<-10,"[-10,-5)",<-10
60190055261000,144,8,-7.296911072731019,"[-10,-5)",144,8,-10.48207637420848,<-10,"[-10,-5)",<-10
60190055261002,107,3,-7.622896693646908,"[-10,-5)",107,3,-10.855034713806315,<-10,"[-10,-5)",<-10
60190055261003,586,26,-7.913042671233416,"[-10,-5)",586,26,-11.21664502749436,<-10,"[-10,-5)",<-10
60190055261004,65,1,-7.8380776226520545,"[-10,-5)",65,1,-11.083401875914651,<-10,"[-10,-5)",<-10
60190055261005,124,2,-7.91462239176035,"[-10,-5)",124,2,-11.14256272828722,<-10,"[-10,-5)",<-10
60190055261006,225,2,-7.8174047157168385,"[-10,-5)",225,2,-11.087350250386397,<-10,"[-10,-5)",<-10
60190055261007,63,1,-7.698909495770931,"[-10,-5)",63,1,-10.864093818745364,<-10,"[-10,-5)",<-10
60190055261008,213,4,-7.7506286658346655,"[-10,-5)",213,4,-10.894596857901735,<-10,"[-10,-5)",<-10
60190055261009,0,12,-7.901027143746615,"[-10,-5)",0,12,-11.138825123157782,<-10,"[-10,-5)",<-10
60190055271009,72,3,-8.037752594053746,"[-10,-5)",72,3,-10.604641871371436,<-10,"[-10,-5)",<-10
60190055271010,69,3,-8.099053698778153,"[-10,-5)",69,3,-10.79126420525192,<-10,"[-10,-5)",<-10
60190055271011,53,3,-8.102066096663476,"[-10,-5)",53,3,-10.956385793771606,<-10,"[-10,-5)",<-10
60190055271013,229,11,-8.012856312096119,"[-10,-5)",229,11,-11.13376836327678,<-10,"[-10,-5)",<-10
60190055271014,50,4,-7.494248682260514,"[-10,-5)",50,4,-10.484300530475654,<-10,"[-10,-5)",<-10
60190055271015,227,10,-6.979752299934626,"[-10,-5)",227,10,-9.843852034813146,"[-10,-5)","[-10,-5)","[-10,-5)"
60190055271016,30,1,-6.656930945813656,"[-10,-5)",30,1,-9.40325889268152,"[-10,-5)","[-10,-5)","[-10,-5)"
60190055271019,45,4,-7.254784624278546,"[-10,-5)",45,4,-10.231463104536909,<-10,"[-10,-5)",<-10
60190055272000,24,14,-7.989906223118306,"[-10,-5)",24,14,-11.468516095882542,<-10,"[-10,-5)",<-10
60190055272001,328,14,-8.361036083847285,"[-10,-5)",328,14,-11.900744933359857,<-10,"[-10,-5)",<-10
60190055272002,0,21,-7.373940119147301,"[-10,-5)",0,21,-10.978487601030404,<-10,"[-10,-5)",<-10
60190055272003,0,10,-7.49201549962163,"[-10,-5)",0,10,-11.015840359755954,<-10,"[-10,-5)",<-10
60190055272004,6,5,-7.55913389325142,"[-10,-5)",6,5,-10.973935892214923,<-10,"[-10,-5)",<-10
60190055272007,146,5,-7.242117337882519,"[-10,-5)",146,5,-10.905462557203396,<-10,"[-10,-5)",<-10
60190055273004,60,3,-9.028773021698,"[-10,-5)",60,3,-11.884957116587236,<-10,"[-10,-5)",<-10
60190055273005,112,2,-10.06311497837305,<-10,112,2,-13.009372926204184,<-10,<-10,<-10
60190055273006,50,4,-8.801536539942026,"[-10,-5)",50,4,-11.774058355848982,<-10,"[-10,-5)",<-10
60190055273008,23,1,-8.71900245845318,"[-10,-5)",23,1,-12.012654932452026,<-10,"[-10,-5)",<-10
60190055273009,52,2,-10.36216558367014,<-10,52,2,-13.493920281933535,<-10,<-10,<-10
60190055273010,156,10,-9.509239981323482,"[-10,-5)",156,10,-12.909575062901588,<-10,"[-10,-5)",<-10
60190055273011,44,1,-8.914925274252893,"[-10,-5)",44,1,-12.240516475383409,<-10,"[-10,-5)",<-10
60190055273012,37,1,-9.13943521231413,"[-10,-5)",37,1,-12.501379611561337,<-10,"[-10,-5)",<-10
60190055273013,39,1,-8.471137636899948,"[-10,-5)",39,1,-11.895703512487591,<-10,"[-10,-5)",<-10
60190055273015,0,1,-8.575277696549893,"[-10,-5)",0,1,-11.332834610024747,<-10,"[-10,-5)",<-10
60190056021001,62,3,-6.481153611838818,"[-10,-5)",62,3,-9.58619986446461,"[-10,-5)","[-10,-5)","[-10,-5)"
60190056021002,36,2,-6.153771364688874,"[-10,-5)",36,2,-8.800910222281303,"[-10,-5)","[-10,-5)","[-10,-5)"
60190056021003,62,8,-6.174235345423222,"[-10,-5)",62,8,-8.83674072641735,"[-10,-5)","[-10,-5)","[-10,-5)"
60190056021004,18,1,-6.161147367954254,"[-10,-5)",18,1,-8.79504958472008,"[-10,-5)","[-10,-5)","[-10,-5)"
60190056021005,34,1,-5.931896281242371,"[-10,-5)",34,1,-8.281556951388533,"[-10,-5)","[-10,-5)","[-10,-5)"
60190056021006,17,1,-5.682825024425983,"[-10,-5)",17,1,-7.723886268553955,"[-10,-5)","[-10,-5)","[-10,-5)"
60190056021008,81,1,-5.522617802023888,"[-10,-5)",81,1,-7.356047181094949,"[-10,-5)","[-10,-5)","[-10,-5)"
60190056021009,74,1,-5.752103362977505,"[-10,-5)",74,1,-7.867896268045668,"[-10,-5)","[-10,-5)","[-10,-5)"
60190056021010,27,1,-5.972851493954659,"[-10,-5)",27,1,-8.381634893628476,"[-10,-5)","[-10,-5)","[-10,-5)"
60190056021011,41,2,-5.694096536189318,"[-10,-5)",41,2,-7.719696730778148,"[-10,-5)","[-10,-5)","[-10,-5)"
60190056021012,54,2,-5.4963711641728885,"[-10,-5)",54,2,-7.253805302399918,"[-10,-5)","[-10,-5)","[-10,-5)"
60190056021013,36,2,-5.281753143668174,"[-10,-5)",36,2,-6.780161993494074,"[-10,-5)","[-10,-5)","[-10,-5)"
60190056021014,11,1,-5.016570156812668,"[-10,-5)",11,1,-6.217258152177991,"[-10,-5)","[-10,-5)","[-10,-5)"
60190056021015,5,1,-5.218210624158383,"[-10,-5)",5,1,-6.653949504975526,"[-10,-5)","[-10,-5)","[-10,-5)"
60190056021016,34,1,-5.411821058392525,"[-10,-5)",34,1,-7.08515801431597,"[-10,-5)","[-10,-5)","[-10,-5)"
60190056021018,44,1,-5.554192341864109,"[-10,-5)",44,1,-7.477823003363559,"[-10,-5)","[-10,-5)","[-10,-5)"
60190056021019,29,1,-5.703491686284543,"[-10,-5)",29,1,-7.847418691378914,"[-10,-5)","[-10,-5)","[-10,-5)"
60190056021020,35,1,-5.838001553714276,"[-10,-5)",35,1,-8.200739123010605,"[-10,-5)","[-10,-5)","[-10,-5)"
60190056021021,46,2,-6.2225980706512924,"[-10,-5)",46,2,-8.960120043210635,"[-10,-5)","[-10,-5)","[-10,-5)"
60190056021022,53,9,-6.810269151628018,"[-10,-5)",53,9,-10.08676739454341,<-10,"[-10,-5)",<-10
60190056021023,47,2,-6.4001220390200615,"[-10,-5)",47,2,-9.303065623820318,"[-10,-5)","[-10,-5)","[-10,-5)"
60190056021024,36,2,-5.241438902914524,"[-10,-5)",36,2,-6.845207060052404,"[-10,-5)","[-10,-5)","[-10,-5)"
60190056021025,21,2,-5.107053085416556,"[-10,-5)",21,2,-6.493557728206127,"[-10,-5)","[-10,-5)","[-10,-5)"
60190056021026,14,2,-4.94984974488616,"[-5,-3)",14,2,-6.125342550977295,"[-10,-5)","[-5,-3)","[-10,-5)"
60190056021027,0,2,-4.765647518634797,"[-5,-3)",0,2,-5.746820412042911,"[-10,-5)","[-5,-3)","[-10,-5)"
60190056021029,82,4,-5.5261420123279095,"[-10,-5)",82,4,-7.603844322384303,"[-10,-5)","[-10,-5)","[-10,-5)"
60190056021030,34,1,-5.98149240911007,"[-10,-5)",34,1,-8.512388580900963,"[-10,-5)","[-10,-5)","[-10,-5)"
60190056021031,30,2,-5.352634763717651,"[-10,-5)",30,2,-7.159005967556261,"[-10,-5)","[-10,-5)","[-10,-5)"
60190056021032,50,3,-5.127820520102978,"[-10,-5)",50,3,-6.8183081198382975,"[-10,-5)","[-10,-5)","[-10,-5)"
60190056021033,0,1,-4.93779248893261,"[-5,-3)",0,1,-6.265694196884723,"[-10,-5)","[-5,-3)","[-10,-5)"
60190056022001,16,1,-4.531703540682793,"[-5,-3)",16,1,-5.306766407662896,"[-10,-5)","[-5,-3)","[-10,-5)"
60190056022002,8,1,-4.680895867198706,"[-5,-3)",8,1,-5.640188736291312,"[-10,-5)","[-5,-3)","[-10,-5)"
60190056022003,19,1,-4.827805902063846,"[-5,-3)",19,1,-5.973174755337814,"[-10,-5)","[-5,-3)","[-10,-5)"
60190056022004,14,1,-4.658279889822007,"[-5,-3)",14,1,-5.659154568430108,"[-10,-5)","[-5,-3)","[-10,-5)"
60190056022005,5,1,-4.5358198978006845,"[-5,-3)",5,1,-5.361289766393328,"[-10,-5)","[-5,-3)","[-10,-5)"
60190056022006,0,1,-4.398793832212687,"[-5,-3)",0,1,-5.063434054139502,"[-10,-5)","[-5,-3)","[-10,-5)"
60190056022008,14,1,-4.273624612390996,"[-5,-3)",14,1,-4.8609511852227465,"[-5,-3)","[-5,-3)","[-5,-3)"
60190056022009,17,1,-4.394151469320059,"[-5,-3)",17,1,-5.12519060765759,"[-10,-5)","[-5,-3)","[-10,-5)"
60190056022010,16,1,-4.505385936051607,"[-5,-3)",16,1,-5.388598883063347,"[-10,-5)","[-5,-3)","[-10,-5)"
60190056022011,45,2,-4.669729386270046,"[-5,-3)",45,2,-5.774945620788996,"[-10,-5)","[-5,-3)","[-10,-5)"
60190056022012,75,2,-4.750883447751403,"[-5,-3)",75,2,-6.022507279888632,"[-10,-5)","[-5,-3)","[-10,-5)"
60190056022013,37,4,-4.843129900842905,"[-5,-3)",37,4,-6.338689414861406,"[-10,-5)","[-5,-3)","[-10,-5)"
60190056022014,16,2,-4.2431500576436525,"[-5,-3)",16,2,-5.079851906493297,"[-10,-5)","[-5,-3)","[-10,-5)"
60190056022015,18,2,-4.161862152814866,"[-5,-3)",18,2,-4.864011601521923,"[-5,-3)","[-5,-3)","[-5,-3)"
60190056022016,0,2,-4.0701023899018764,"[-5,-3)",0,2,-4.6449509568824805,"[-5,-3)","[-5,-3)","[-5,-3)"
60190056022017,33,1,-3.944124148786068,"[-5,-3)",33,1,-4.516751214565062,"[-5,-3)","[-5,-3)","[-5,-3)"
60190056022018,27,1,-4.006373937427997,"[-5,-3)",27,1,-4.697523989057301,"[-5,-3)","[-5,-3)","[-5,-3)"
60190056022019,58,1,-4.058943289518356,"[-5,-3)",58,1,-4.871412957294275,"[-5,-3)","[-5,-3)","[-5,-3)"
60190056022020,155,4,-3.9902978327125314,"[-5,-3)",155,4,-5.004095950999284,"[-10,-5)","[-5,-3)","[-10,-5)"
60190056022021,56,3,-3.972323508560658,"[-5,-3)",56,3,-4.87889157622176,"[-5,-3)","[-5,-3)","[-5,-3)"
60190056022022,16,2,-4.304970355331898,"[-5,-3)",16,2,-5.272509004089763,"[-10,-5)","[-5,-3)","[-10,-5)"
60190056022023,23,1,-4.445992418378592,"[-5,-3)",23,1,-5.5716568858020015,"[-10,-5)","[-5,-3)","[-10,-5)"
60190056022024,41,2,-4.386361161991954,"[-5,-3)",41,2,-5.624792064241539,"[-10,-5)","[-5,-3)","[-10,-5)"
60190056022025,69,2,-4.403282481059432,"[-5,-3)",69,2,-5.769063679048971,"[-10,-5)","[-5,-3)","[-10,-5)"
60190056022026,149,4,-4.119666582718492,"[-5,-3)",149,4,-5.284070355843314,"[-10,-5)","[-5,-3)","[-10,-5)"
60190056022027,46,1,-4.261563098430634,"[-5,-3)",46,1,-5.342075669557531,"[-10,-5)","[-5,-3)","[-10,-5)"
60190056022028,35,1,-3.91234834715724,"[-5,-3)",35,1,-4.48483925905043,"[-5,-3)","[-5,-3)","[-5,-3)"
60190056022029,61,3,-3.954667257517576,"[-5,-3)",61,3,-4.645806816758982,"[-5,-3)","[-5,-3)","[-5,-3)"
60190056022030,70,3,-3.9748888157308095,"[-5,-3)",70,3,-4.766720813981026,"[-5,-3)","[-5,-3)","[-5,-3)"
60190056022031,25,4,-3.914526885375381,"[-5,-3)",25,4,-4.422851484178384,"[-5,-3)","[-5,-3)","[-5,-3)"
60190056022032,261,5,-3.936845511943102,"[-5,-3)",261,5,-5.142375978559777,"[-10,-5)","[-5,-3)","[-10,-5)"
60190056023000,99,8,-4.163848229125142,"[-5,-3)",99,8,-4.5850230120451005,"[-5,-3)","[-5,-3)","[-5,-3)"
60190056023001,0,2,-4.066437523439527,"[-5,-3)",0,2,-4.720738158505405,"[-5,-3)","[-5,-3)","[-5,-3)"
60190056023002,0,4,-4.047851891443133,"[-5,-3)",0,4,-4.882255079971392,"[-5,-3)","[-5,-3)","[-5,-3)"
60190056023003,155,2,-3.978723434731364,"[-5,-3)",155,2,-5.030955407468674,"[-10,-5)","[-5,-3)","[-10,-5)"
60190056023004,64,1,-3.941835044324398,"[-5,-3)",64,1,-5.152878086543176,"[-10,-5)","[-5,-3)","[-10,-5)"
60190056023005,86,2,-4.061905017122626,"[-5,-3)",86,2,-5.238383402369498,"[-10,-5)","[-5,-3)","[-10,-5)"
60190056023006,50,2,-4.04631815738976,"[-5,-3)",50,2,-5.081477557363928,"[-10,-5)","[-5,-3)","[-10,-5)"
60190056023007,108,3,-4.270867694914341,"[-5,-3)",108,3,-5.286750705592621,"[-10,-5)","[-5,-3)","[-10,-5)"
60190056023008,57,2,-4.146197939291596,"[-5,-3)",57,2,-5.155626609664656,"[-10,-5)","[-5,-3)","[-10,-5)"
60190056023009,114,2,-4.248258388414979,"[-5,-3)",114,2,-5.0731572813458135,"[-10,-5)","[-5,-3)","[-10,-5)"
60190056023011,53,2,-4.220309541374445,"[-5,-3)",53,2,-4.879460823879412,"[-5,-3)","[-5,-3)","[-5,-3)"
60190056023012,69,2,-4.349592563509941,"[-5,-3)",69,2,-4.958918593482469,"[-5,-3)","[-5,-3)","[-5,-3)"
60190056023013,50,2,-4.497534313425422,"[-5,-3)",50,2,-5.0412700386785945,"[-10,-5)","[-5,-3)","[-10,-5)"
60190056023014,20,2,-4.516811303794384,"[-5,-3)",20,2,-4.764335030010654,"[-5,-3)","[-5,-3)","[-5,-3)"
60190056023015,30,6,-4.929117225855589,"[-5,-3)",30,6,-4.931222592925362,"[-5,-3)","[-5,-3)","[-5,-3)"
60190056023016,255,12,-4.727733800187707,"[-5,-3)",255,12,-5.331959025182632,"[-10,-5)","[-5,-3)","[-10,-5)"
60190056023017,54,2,-4.872665423154832,"[-5,-3)",54,2,-5.211552067416132,"[-10,-5)","[-5,-3)","[-10,-5)"
60190056023019,50,2,-4.495536456629634,"[-5,-3)",50,2,-5.439261924594428,"[-10,-5)","[-5,-3)","[-10,-5)"
60190056023020,50,2,-4.485384942591191,"[-5,-3)",50,2,-5.528653122634665,"[-10,-5)","[-5,-3)","[-10,-5)"
60190056023021,0,2,-4.81641105003655,"[-5,-3)",0,2,-5.748025376396086,"[-10,-5)","[-5,-3)","[-10,-5)"
60190056023022,55,2,-4.818203387036919,"[-5,-3)",55,2,-5.65042525217895,"[-10,-5)","[-5,-3)","[-10,-5)"
60190056024000,0,2,-6.93731132671237,"[-10,-5)",0,2,-10.739977945476884,<-10,"[-10,-5)",<-10
60190056024001,0,3,-7.266637212038041,"[-10,-5)",0,3,-11.456529512720056,<-10,"[-10,-5)",<-10
60190056024002,191,41,-8.188475815951824,"[-10,-5)",191,41,-12.772083574012576,<-10,"[-10,-5)",<-10
60190056024003,20,2,-7.997975997626782,"[-10,-5)",20,2,-12.228974723474357,<-10,"[-10,-5)",<-10
60190056024004,0,2,-7.860374817252159,"[-10,-5)",0,2,-12.609293514821244,<-10,"[-10,-5)",<-10
60190056024005,132,5,-7.970168374478817,"[-10,-5)",132,5,-11.90272536982151,<-10,"[-10,-5)",<-10
60190056024006,0,1,-7.360741433501244,"[-10,-5)",0,1,-11.503031706102783,<-10,"[-10,-5)",<-10
60190056024007,0,2,-7.250136584043503,"[-10,-5)",0,2,-11.088080273580092,<-10,"[-10,-5)",<-10
60190056024008,0,2,-7.2517058014869695,"[-10,-5)",0,2,-10.780092293886913,<-10,"[-10,-5)",<-10
60190056024009,96,7,-7.318882955610753,"[-10,-5)",96,7,-10.837291457475173,<-10,"[-10,-5)",<-10
60190056024010,33,1,-7.607555378973484,"[-10,-5)",33,1,-11.342976535358495,<-10,"[-10,-5)",<-10
60190056024011,318,9,-5.973558890819549,"[-10,-5)",318,9,-8.5887558242988,"[-10,-5)","[-10,-5)","[-10,-5)"
60190056024012,203,4,-5.984388421475888,"[-10,-5)",203,4,-8.60742623849151,"[-10,-5)","[-10,-5)","[-10,-5)"
60190056024013,377,2,-5.29194737970829,"[-10,-5)",377,2,-7.310236663384067,"[-10,-5)","[-10,-5)","[-10,-5)"
60190056024014,0,2,-5.570600713044405,"[-10,-5)",0,2,-7.805935762522493,"[-10,-5)","[-10,-5)","[-10,-5)"
60190056051000,208,15,-7.664282816648484,"[-10,-5)",208,15,-9.818609707542866,"[-10,-5)","[-10,-5)","[-10,-5)"
60190056051002,122,7,-7.352802237868309,"[-10,-5)",122,7,-9.704482937632177,"[-10,-5)","[-10,-5)","[-10,-5)"
60190056051003,42,4,-6.98343405649066,"[-10,-5)",42,4,-9.3851386944134,"[-10,-5)","[-10,-5)","[-10,-5)"
60190056051004,72,6,-7.268034406006336,"[-10,-5)",72,6,-9.557909051235288,"[-10,-5)","[-10,-5)","[-10,-5)"
60190056051005,158,6,-7.594625515490771,"[-10,-5)",158,6,-9.795225672775764,"[-10,-5)","[-10,-5)","[-10,-5)"
60190056051006,29,2,-7.2719083406031135,"[-10,-5)",29,2,-9.637901981809913,"[-10,-5)","[-10,-5)","[-10,-5)"
60190056051007,65,4,-7.011348697543145,"[-10,-5)",65,4,-9.464830525927589,"[-10,-5)","[-10,-5)","[-10,-5)"
60190056051008,33,2,-6.955686045438052,"[-10,-5)",33,2,-9.359525390376207,"[-10,-5)","[-10,-5)","[-10,-5)"
60190056051009,110,6,-7.210455934703351,"[-10,-5)",110,6,-9.885186118473657,"[-10,-5)","[-10,-5)","[-10,-5)"
60190056051010,57,2,-7.182633266597986,"[-10,-5)",57,2,-9.829114087972004,"[-10,-5)","[-10,-5)","[-10,-5)"
60190056051011,85,4,-7.369766988605261,"[-10,-5)",85,4,-9.966683408127585,"[-10,-5)","[-10,-5)","[-10,-5)"
60190056051012,69,3,-7.406361150741578,"[-10,-5)",69,3,-9.933475022318776,"[-10,-5)","[-10,-5)","[-10,-5)"
60190056051014,73,3,-7.420312651991843,"[-10,-5)",73,3,-9.87617984789804,"[-10,-5)","[-10,-5)","[-10,-5)"
60190056051015,80,3,-7.3403768062591555,"[-10,-5)",80,3,-9.757141186522214,"[-10,-5)","[-10,-5)","[-10,-5)"
60190056051016,35,2,-7.488403290510178,"[-10,-5)",35,2,-9.796802750118722,"[-10,-5)","[-10,-5)","[-10,-5)"
60190056051017,29,1,-7.499376457929611,"[-10,-5)",29,1,-9.860848792718985,"[-10,-5)","[-10,-5)","[-10,-5)"
60190056051018,0,12,-7.192191072553397,"[-10,-5)",0,12,-9.951452340561053,"[-10,-5)","[-10,-5)","[-10,-5)"
60190056051019,0,9,-7.093730910122395,"[-10,-5)",0,9,-9.90618181276893,"[-10,-5)","[-10,-5)","[-10,-5)"
60190056051020,58,2,-7.133585286140442,"[-10,-5)",58,2,-9.72231652368145,"[-10,-5)","[-10,-5)","[-10,-5)"
60190056061000,61,9,-9.155461782217026,"[-10,-5)",61,9,-13.625693729231456,<-10,"[-10,-5)",<-10
60190056061001,13,3,-9.085863241553309,"[-10,-5)",13,3,-13.194514193574188,<-10,"[-10,-5)",<-10
60190056061002,0,9,-8.772074823081494,"[-10,-5)",0,9,-11.461372094590146,<-10,"[-10,-5)",<-10
60190056061003,68,4,-8.40013338625431,"[-10,-5)",68,4,-10.731334698108096,<-10,"[-10,-5)",<-10
60190056061005,69,3,-8.665299341082573,"[-10,-5)",69,3,-11.488106282488166,<-10,"[-10,-5)",<-10
60190056061006,46,1,-8.551620210707188,"[-10,-5)",46,1,-11.189990943308644,<-10,"[-10,-5)",<-10
60190056061007,33,1,-8.445148466527462,"[-10,-5)",33,1,-10.929811813298196,<-10,"[-10,-5)",<-10
60190056061008,249,9,-8.05868495553732,"[-10,-5)",249,9,-10.486634900361178,<-10,"[-10,-5)",<-10
60190056061009,45,3,-7.846065643429757,"[-10,-5)",45,3,-10.248881401127353,<-10,"[-10,-5)",<-10
60190056061010,87,4,-8.106437082588673,"[-10,-5)",87,4,-10.44739260300354,<-10,"[-10,-5)",<-10
60190056061012,301,20,-8.653590390086174,"[-10,-5)",301,20,-12.090757756283123,<-10,"[-10,-5)",<-10
60190056061013,47,3,-8.338172006607056,"[-10,-5)",47,3,-11.917440592205262,<-10,"[-10,-5)",<-10
60190056061014,50,4,-8.335099428892136,"[-10,-5)",50,4,-11.640431160939364,<-10,"[-10,-5)",<-10
60190056061015,70,1,-8.73468271046877,"[-10,-5)",70,1,-12.13130046071498,<-10,"[-10,-5)",<-10
60190056061016,108,10,-8.648209121078253,"[-10,-5)",108,10,-12.77858220071506,<-10,"[-10,-5)",<-10
60190056061017,63,2,-8.862180776149035,"[-10,-5)",63,2,-13.209680496437157,<-10,"[-10,-5)",<-10
60190056061018,61,1,-8.98713709563017,"[-10,-5)",61,1,-13.20982252429585,<-10,"[-10,-5)",<-10
60190056061019,58,2,-9.023132014274598,"[-10,-5)",58,2,-13.4401400129598,<-10,"[-10,-5)",<-10
60190056061020,34,3,-7.956026114523411,"[-10,-5)",34,3,-11.24349567823651,<-10,"[-10,-5)",<-10
60190056061021,75,3,-8.204843026399613,"[-10,-5)",75,3,-11.81865169481084,<-10,"[-10,-5)",<-10
60190056061022,96,8,-8.158594543486835,"[-10,-5)",96,8,-11.986008233714962,<-10,"[-10,-5)",<-10
60190056061023,76,3,-8.113189713656903,"[-10,-5)",76,3,-10.844626912321091,<-10,"[-10,-5)",<-10
60190056061024,114,6,-7.7459488324820995,"[-10,-5)",114,6,-10.021993033083753,<-10,"[-10,-5)",<-10
60190056062000,216,15,-7.492272399365902,"[-10,-5)",216,15,-10.809250613277152,<-10,"[-10,-5)",<-10
60190056062002,307,16,-6.97202657237649,"[-10,-5)",307,16,-9.776952368475968,"[-10,-5)","[-10,-5)","[-10,-5)"
60190056062003,189,7,-7.4627178579568865,"[-10,-5)",189,7,-10.233711689595776,<-10,"[-10,-5)",<-10
60190056062004,111,3,-7.599085351824761,"[-10,-5)",111,3,-10.10279268189577,<-10,"[-10,-5)",<-10
60190056062005,52,3,-7.48325621187687,"[-10,-5)",52,3,-9.961551089425752,"[-10,-5)","[-10,-5)","[-10,-5)"
60190056062006,149,9,-7.3653826609253885,"[-10,-5)",149,9,-9.896768206294576,"[-10,-5)","[-10,-5)","[-10,-5)"
60190056062007,59,4,-7.160961147397757,"[-10,-5)",59,4,-9.836913121748706,"[-10,-5)","[-10,-5)","[-10,-5)"
60190056062008,66,2,-7.168787931650877,"[-10,-5)",66,2,-9.764157362741784,"[-10,-5)","[-10,-5)","[-10,-5)"
60190056062009,89,6,-6.978475181758403,"[-10,-5)",89,6,-9.591385017529875,"[-10,-5)","[-10,-5)","[-10,-5)"
60190056062010,93,4,-6.901099533587694,"[-10,-5)",93,4,-9.37188266624989,"[-10,-5)","[-10,-5)","[-10,-5)"
60190056062011,103,12,-6.993253304064274,"[-10,-5)",103,12,-9.559905110761395,"[-10,-5)","[-10,-5)","[-10,-5)"
60190056062012,198,4,-6.563400419801473,"[-10,-5)",198,4,-8.901255745007028,"[-10,-5)","[-10,-5)","[-10,-5)"
60190056062013,544,19,-6.123069432377815,"[-10,-5)",544,19,-8.603359128729897,"[-10,-5)","[-10,-5)","[-10,-5)"
60190056062015,62,6,-5.626709320396185,"[-10,-5)",62,6,-8.012049431618948,"[-10,-5)","[-10,-5)","[-10,-5)"
60190056071000,740,26,-4.639341269060969,"[-5,-3)",740,26,-6.764961319889302,"[-10,-5)","[-5,-3)","[-10,-5)"
60190056071001,136,6,-4.393048929423093,"[-5,-3)",136,6,-6.530824418049306,"[-10,-5)","[-5,-3)","[-10,-5)"
60190056071002,104,2,-4.553893717378378,"[-5,-3)",104,2,-6.753657606671425,"[-10,-5)","[-5,-3)","[-10,-5)"
60190056071003,0,2,-4.684581881761551,"[-5,-3)",0,2,-6.945144962823672,"[-10,-5)","[-5,-3)","[-10,-5)"
60190056071004,0,1,-5.35363908559084,"[-10,-5)",0,1,-7.555625864357093,"[-10,-5)","[-10,-5)","[-10,-5)"
60190056071005,0,16,-5.411905934661627,"[-10,-5)",0,16,-7.637692685724392,"[-10,-5)","[-10,-5)","[-10,-5)"
60190056071006,0,3,-6.765382379293442,"[-10,-5)",0,3,-9.393501010677689,"[-10,-5)","[-10,-5)","[-10,-5)"
60190056072000,425,6,-3.968356323614717,"[-5,-3)",425,6,-5.513089709878785,"[-10,-5)","[-5,-3)","[-10,-5)"
60190056072001,649,12,-4.054541504010558,"[-5,-3)",649,12,-5.921055644199385,"[-10,-5)","[-5,-3)","[-10,-5)"
60190056072003,262,4,-3.895243649929762,"[-5,-3)",262,4,-5.296907401823671,"[-10,-5)","[-5,-3)","[-10,-5)"
60190056072004,104,2,-3.894610626250506,"[-5,-3)",104,2,-5.487722398092854,"[-10,-5)","[-5,-3)","[-10,-5)"
60190056073000,281,5,-4.298972526937724,"[-5,-3)",281,5,-6.390283875089812,"[-10,-5)","[-5,-3)","[-10,-5)"
60190056073001,417,4,-4.628020506352186,"[-5,-3)",417,4,-6.846069453210404,"[-10,-5)","[-5,-3)","[-10,-5)"
60190056073002,85,1,-4.480134820193053,"[-5,-3)",85,1,-6.64668676839326,"[-10,-5)","[-5,-3)","[-10,-5)"
60190056073003,0,2,-4.775233143568039,"[-5,-3)",0,2,-7.057468262984646,"[-10,-5)","[-5,-3)","[-10,-5)"
60190056073005,141,4,-5.1220730625092985,"[-10,-5)",141,4,-7.383836351927361,"[-10,-5)","[-10,-5)","[-10,-5)"
60190056073006,119,3,-4.993970927596092,"[-5,-3)",119,3,-7.294632062549165,"[-10,-5)","[-5,-3)","[-10,-5)"
60190056074000,168,6,-4.800290662050247,"[-5,-3)",168,6,-6.452296930920706,"[-10,-5)","[-5,-3)","[-10,-5)"
60190056074001,185,2,-4.959233540296555,"[-5,-3)",185,2,-6.909459043047777,"[-10,-5)","[-5,-3)","[-10,-5)"
60190056074002,58,2,-4.950433091819287,"[-5,-3)",58,2,-6.826488356387738,"[-10,-5)","[-5,-3)","[-10,-5)"
60190056074003,490,10,-4.280773238092661,"[-5,-3)",490,10,-5.830132533675254,"[-10,-5)","[-5,-3)","[-10,-5)"
60190056081000,508,13,-4.000556364655495,"[-5,-3)",508,13,-5.454114629945395,"[-10,-5)","[-5,-3)","[-10,-5)"
60190056081001,84,2,-4.242391138896346,"[-5,-3)",84,2,-5.501491714937689,"[-10,-5)","[-5,-3)","[-10,-5)"
60190056081002,25,1,-4.129011346399785,"[-5,-3)",25,1,-5.654448333304366,"[-10,-5)","[-5,-3)","[-10,-5)"
60190056081003,203,30,-4.454544341191649,"[-5,-3)",203,30,-6.076604839098694,"[-10,-5)","[-5,-3)","[-10,-5)"
60190056081004,46,1,-4.43958667293191,"[-5,-3)",46,1,-5.902438064370111,"[-10,-5)","[-5,-3)","[-10,-5)"
60190056081005,115,4,-4.110160440579056,"[-5,-3)",115,4,-5.86966684031037,"[-10,-5)","[-5,-3)","[-10,-5)"
60190056081006,256,2,-4.296375426650048,"[-5,-3)",256,2,-5.867427913145891,"[-10,-5)","[-5,-3)","[-10,-5)"
60190056081007,135,11,-4.741214791685343,"[-5,-3)",135,11,-5.918298031294948,"[-10,-5)","[-5,-3)","[-10,-5)"
60190056081009,55,2,-4.397187428176403,"[-5,-3)",55,2,-5.69520777224859,"[-10,-5)","[-5,-3)","[-10,-5)"
60190056081010,118,3,-4.420360068976879,"[-5,-3)",118,3,-5.673061368242162,"[-10,-5)","[-5,-3)","[-10,-5)"
60190056082000,75,2,-4.2932422433048485,"[-5,-3)",75,2,-6.281275789206516,"[-10,-5)","[-5,-3)","[-10,-5)"
60190056082001,195,16,-4.529957615956665,"[-5,-3)",195,16,-6.546714210824471,"[-10,-5)","[-5,-3)","[-10,-5)"
60190056082002,50,2,-4.561817584186793,"[-5,-3)",50,2,-6.35486780824544,"[-10,-5)","[-5,-3)","[-10,-5)"
60190056082003,80,2,-4.49730026498437,"[-5,-3)",80,2,-6.422956247759903,"[-10,-5)","[-5,-3)","[-10,-5)"
60190056082004,63,2,-4.526211847364903,"[-5,-3)",63,2,-6.386586889927962,"[-10,-5)","[-5,-3)","[-10,-5)"
60190056082006,79,2,-4.478283438831568,"[-5,-3)",79,2,-6.465433371627194,"[-10,-5)","[-5,-3)","[-10,-5)"
60190056082007,70,2,-4.472204140573741,"[-5,-3)",70,2,-6.514518767703882,"[-10,-5)","[-5,-3)","[-10,-5)"
60190056082008,181,6,-4.542038858681917,"[-5,-3)",181,6,-6.722943230061316,"[-10,-5)","[-5,-3)","[-10,-5)"
60190056082009,102,3,-4.631287249177695,"[-5,-3)",102,3,-6.856257963681804,"[-10,-5)","[-5,-3)","[-10,-5)"
60190056082010,162,4,-4.637941236421466,"[-5,-3)",162,4,-6.924517404738136,"[-10,-5)","[-5,-3)","[-10,-5)"
60190056082012,0,5,-4.70632610321045,"[-5,-3)",0,5,-6.947379061040957,"[-10,-5)","[-5,-3)","[-10,-5)"
60190056082013,0,14,-4.700373693555594,"[-5,-3)",0,14,-6.8183280037385146,"[-10,-5)","[-5,-3)","[-10,-5)"
60190056082014,51,2,-4.366117604076862,"[-5,-3)",51,2,-6.289311157340087,"[-10,-5)","[-5,-3)","[-10,-5)"
60190056082015,74,2,-4.416257621347905,"[-5,-3)",74,2,-6.269657626309487,"[-10,-5)","[-5,-3)","[-10,-5)"
60190056082017,57,2,-4.4742454290390015,"[-5,-3)",57,2,-6.257626730455087,"[-10,-5)","[-5,-3)","[-10,-5)"
60190056082018,60,3,-4.55032153353095,"[-5,-3)",60,3,-6.221069611793952,"[-10,-5)","[-5,-3)","[-10,-5)"
60190056082019,86,3,-4.628325663506985,"[-5,-3)",86,3,-6.224047083823648,"[-10,-5)","[-5,-3)","[-10,-5)"
60190056082020,49,3,-4.703459045290948,"[-5,-3)",49,3,-6.229203263205739,"[-10,-5)","[-5,-3)","[-10,-5)"
60190056082021,47,2,-4.594419297203421,"[-5,-3)",47,2,-6.32840375733466,"[-10,-5)","[-5,-3)","[-10,-5)"
60190056082022,0,1,-4.760085426270962,"[-5,-3)",0,1,-7.065891083116738,"[-10,-5)","[-5,-3)","[-10,-5)"
60190076001000,9,51,-6.403574998676777,"[-10,-5)",9,84,-14.822409672484628,<-10,"[-10,-5)",<-10
60190076001009,0,4,-9.791042536497116,"[-10,-5)",0,4,-15.793158156329987,<-10,"[-10,-5)",<-10
60190076001010,0,5,-10.184574338793755,<-10,0,10,-14.503098095673357,<-10,<-10,<-10
60190076001011,5,26,-7.665894614160061,"[-10,-5)",5,26,-13.995383723744986,<-10,"[-10,-5)",<-10
60190076001012,23,41,-8.34899585992098,"[-10,-5)",23,41,-13.889536041773388,<-10,"[-10,-5)",<-10
60190076001013,17,11,-9.323929537832738,"[-10,-5)",17,11,-14.20120538356396,<-10,"[-10,-5)",<-10
60190076001014,20,30,-10.805156122148038,<-10,20,30,-14.96831375549991,<-10,<-10,<-10
60190076001015,21,38,-11.903675325214865,<-10,21,38,-19.6529458758234,<-10,<-10,<-10
60190076001016,15,13,-13.05467304289341,<-10,15,14,-20.056898102857257,<-10,<-10,<-10
60190076001020,11,8,-15.811112487316132,<-10,11,20,-20.221100487075464,<-10,<-10,<-10
60190076001021,26,36,-15.19226229339838,<-10,26,36,-16.523337580670734,<-10,<-10,<-10
60190076001022,38,6,-13.392611172795297,<-10,38,6,-17.190165194584523,<-10,<-10,<-10
60190076001023,11,19,-12.084105241298676,<-10,11,19,-15.29672079638206,<-10,<-10,<-10
60190076001024,19,13,-12.151889303326609,<-10,19,13,-16.319232753607672,<-10,<-10,<-10
60190076001025,24,12,-12.019828641414644,<-10,24,12,-17.9130671114457,<-10,<-10,<-10
60190076001026,6,32,-13.450244714319703,<-10,6,32,-19.723926854708058,<-10,<-10,<-10
60190076001027,7,11,-13.883695614337922,<-10,7,11,-19.07776145367733,<-10,<-10,<-10
60190076001028,6,12,-13.77461115717888,<-10,6,12,-18.71375768651454,<-10,<-10,<-10
60190076001029,17,25,-15.081526297330855,<-10,17,25,-18.99360369817431,<-10,<-10,<-10
60190076001030,36,8,-15.204436786472796,<-10,36,11,-18.721704429264285,<-10,<-10,<-10
60190076001031,48,53,-14.403267824649811,<-10,48,54,-19.49347585985693,<-10,<-10,<-10
60190076001032,5,1,-14.954182371497154,<-10,5,2,-18.742417772176477,<-10,<-10,<-10
60190076001033,18,42,-16.417879025638104,<-10,18,42,-20.32763274332597,<-10,<-10,<-10
60190076001034,17,9,-15.20063807666302,<-10,17,9,-19.58573261197422,<-10,<-10,<-10
60190076001035,16,7,-13.851944509148598,<-10,16,13,-20.1675582567929,<-10,<-10,<-10
60190076001036,15,31,-13.527197116613388,<-10,15,31,-18.64296304818049,<-10,<-10,<-10
60190076001039,92,40,-21.746305033564568,<-10,92,40,-20.914099858566832,<-10,<-10,<-10
60190076001040,67,8,-21.875678041577338,<-10,67,8,-21.74478671739222,<-10,<-10,<-10
60190076001041,38,4,-21.66904435157776,<-10,38,4,-21.57223423130557,<-10,<-10,<-10
60190076001042,12,26,-19.80657514035702,<-10,12,27,-18.23016191743845,<-10,<-10,<-10
60190076001043,12,13,-15.209771785140038,<-10,12,22,-18.33544830531248,<-10,<-10,<-10
60190076001044,35,65,-20.54195335507393,<-10,35,72,-20.50846261301741,<-10,<-10,<-10
60190076003006,10,20,-19.06698206663132,<-10,10,20,-21.03007980797779,<-10,<-10,<-10
60190076004000,6,9,-6.5705700516700745,"[-10,-5)",6,9,-9.149004596824424,"[-10,-5)","[-10,-5)","[-10,-5)"
60190076004001,11,12,-6.543267428129912,"[-10,-5)",11,12,-8.806546739881501,"[-10,-5)","[-10,-5)","[-10,-5)"
60190076004003,22,7,-6.551787132024765,"[-10,-5)",22,7,-9.096983200852778,"[-10,-5)","[-10,-5)","[-10,-5)"
60190076004004,0,2,-7.209313085675239,"[-10,-5)",0,2,-10.510412068241152,<-10,"[-10,-5)",<-10
60190076004005,21,7,-6.940084992349148,"[-10,-5)",21,7,-10.078482057378537,<-10,"[-10,-5)",<-10
60190076004006,44,29,-9.289021830260754,"[-10,-5)",44,30,-11.778391909873507,<-10,"[-10,-5)",<-10
60190076004007,17,9,-12.0811564296484,<-10,17,9,-14.107337467417633,<-10,<-10,<-10
60190076004008,0,6,-17.114899411797523,<-10,0,6,-19.30903052899454,<-10,<-10,<-10
60190076004009,43,11,-6.458216580748558,"[-10,-5)",43,11,-9.681360802236506,"[-10,-5)","[-10,-5)","[-10,-5)"
60190076004010,16,7,-6.505070552229881,"[-10,-5)",16,7,-9.76340745564787,"[-10,-5)","[-10,-5)","[-10,-5)"
60190076004011,14,21,-6.153451730310917,"[-10,-5)",14,21,-8.893713497598847,"[-10,-5)","[-10,-5)","[-10,-5)"
60190076004012,15,23,-6.362737874686718,"[-10,-5)",15,23,-9.548453404514756,"[-10,-5)","[-10,-5)","[-10,-5)"
60190076004013,22,7,-6.431089670956135,"[-10,-5)",22,7,-9.70494651656296,"[-10,-5)","[-10,-5)","[-10,-5)"
60190076004014,12,11,-5.3503291949629785,"[-10,-5)",12,11,-8.80618002395035,"[-10,-5)","[-10,-5)","[-10,-5)"
60190076004016,9,12,-5.540521301329136,"[-10,-5)",9,12,-8.310462745246012,"[-10,-5)","[-10,-5)","[-10,-5)"
60190076004017,16,18,-5.795162598788739,"[-10,-5)",16,18,-8.349278959027561,"[-10,-5)","[-10,-5)","[-10,-5)"
60190076004018,15,26,-5.8718311339616776,"[-10,-5)",15,26,-8.950724616302194,"[-10,-5)","[-10,-5)","[-10,-5)"
60190076004019,40,32,-5.880451894551515,"[-10,-5)",40,32,-8.050904276978061,"[-10,-5)","[-10,-5)","[-10,-5)"
60190076004021,32,25,-12.556846189498902,<-10,32,25,-13.651465536358954,<-10,<-10,<-10
60190076004022,22,31,-16.201106169819834,<-10,22,31,-18.053098626559628,<-10,<-10,<-10
60190076004023,15,24,-18.03088354021311,<-10,15,24,-19.873784425197996,<-10,<-10,<-10
60190076004024,52,40,-16.205757616460325,<-10,52,40,-19.73024766253145,<-10,<-10,<-10
60190076004025,20,37,-15.055236795544625,<-10,20,37,-19.852658633384152,<-10,<-10,<-10
60190076004026,8,12,-16.683723990619185,<-10,8,12,-20.43776796229588,<-10,<-10,<-10
60190076004027,40,21,-16.148250111937525,<-10,40,21,-19.319217903243068,<-10,<-10,<-10
60190086001001,0,8,-6.709316635876894,"[-10,-5)",0,8,-11.273051107519665,<-10,"[-10,-5)",<-10
60190086001002,8,32,-6.179677078127861,"[-10,-5)",8,32,-10.566090397518495,<-10,"[-10,-5)",<-10
60190086001003,19,18,-5.673769379407167,"[-10,-5)",19,18,-8.695530664131965,"[-10,-5)","[-10,-5)","[-10,-5)"
60190086001004,0,6,-5.445881706476212,"[-10,-5)",0,6,-8.225833457252124,"[-10,-5)","[-10,-5)","[-10,-5)"
60190086001005,38,65,-5.192648957669735,"[-10,-5)",38,65,-8.514898497219834,"[-10,-5)","[-10,-5)","[-10,-5)"
60190086001006,40,60,-4.866445894539356,"[-5,-3)",40,60,-8.355494666235522,"[-10,-5)","[-5,-3)","[-10,-5)"
60190086001007,14,26,-4.904785271733999,"[-5,-3)",14,26,-8.566569652491935,"[-10,-5)","[-5,-3)","[-10,-5)"
60190086001008,0,7,-4.957215812802315,"[-5,-3)",0,7,-7.909342837770263,"[-10,-5)","[-5,-3)","[-10,-5)"
60190086001009,7,32,-5.398387046903372,"[-10,-5)",7,32,-10.37732741975175,<-10,"[-10,-5)",<-10
60190086001014,14,34,-5.5637629218399525,"[-10,-5)",14,34,-13.014035416749447,<-10,"[-10,-5)",<-10
60190086001015,4,41,-4.490223173797131,"[-5,-3)",4,41,-9.061904592200666,"[-10,-5)","[-5,-3)","[-10,-5)"
60190086001016,10,30,-4.576274226978422,"[-5,-3)",10,30,-8.157943004572683,"[-10,-5)","[-5,-3)","[-10,-5)"
60190086001017,39,120,-4.84014333486557,"[-5,-3)",39,120,-7.92191542787773,"[-10,-5)","[-5,-3)","[-10,-5)"
60190086001018,22,15,-5.56307397633791,"[-10,-5)",22,15,-8.93219509374531,"[-10,-5)","[-10,-5)","[-10,-5)"
60190086001019,0,15,-5.303680743277073,"[-10,-5)",0,15,-9.283006177169565,"[-10,-5)","[-10,-5)","[-10,-5)"
60190086001020,20,28,-6.056795827299357,"[-10,-5)",20,28,-10.93516342301385,<-10,"[-10,-5)",<-10
60190086001021,0,3,-6.015815918147564,"[-10,-5)",0,3,-10.283649820936075,<-10,"[-10,-5)",<-10
60190086001022,16,29,-5.913488633930683,"[-10,-5)",16,29,-9.498142023961808,"[-10,-5)","[-10,-5)","[-10,-5)"
60190086001023,14,6,-5.883601967990399,"[-10,-5)",14,6,-9.369935748362888,"[-10,-5)","[-10,-5)","[-10,-5)"
60190086001024,34,12,-5.982315907627345,"[-10,-5)",34,12,-10.105957630698946,<-10,"[-10,-5)",<-10
60190086001025,7,17,-6.31051654368639,"[-10,-5)",7,17,-11.024697785135656,<-10,"[-10,-5)",<-10
60190086001026,0,8,-6.563489837944507,"[-10,-5)",0,8,-11.318386400015346,<-10,"[-10,-5)",<-10
60190086001027,9,14,-6.309262702614069,"[-10,-5)",9,14,-11.120400701216331,<-10,"[-10,-5)",<-10
60190086001028,27,7,-5.448972451686859,"[-10,-5)",27,7,-10.54912829441018,<-10,"[-10,-5)",<-10
60190086001029,67,28,-5.225835295021534,"[-10,-5)",67,28,-10.604849800156568,<-10,"[-10,-5)",<-10
60190086001030,17,2,-4.643990444764495,"[-5,-3)",17,2,-10.068755421503614,<-10,"[-5,-3)",<-10
60190086001031,50,1,-4.60588341280818,"[-5,-3)",50,1,-10.04513732482538,<-10,"[-5,-3)",<-10
60190086001032,28,1,-4.699914680421353,"[-5,-3)",28,1,-10.128533811005788,<-10,"[-5,-3)",<-10
60190086001033,25,2,-4.904312065243721,"[-5,-3)",25,2,-10.34283226154316,<-10,"[-5,-3)",<-10
60190086001034,82,23,-4.502865196019411,"[-5,-3)",82,23,-9.96137611110384,"[-10,-5)","[-5,-3)","[-10,-5)"
60190086001036,0,1,-4.5700517177581785,"[-5,-3)",0,1,-9.96611984158428,"[-10,-5)","[-5,-3)","[-10,-5)"
60190086001037,52,32,-4.411840932816268,"[-5,-3)",52,32,-9.961261352594017,"[-10,-5)","[-5,-3)","[-10,-5)"
60190086001038,19,28,-4.754551294818521,"[-5,-3)",19,28,-10.391655758248415,<-10,"[-5,-3)",<-10
60190086001040,45,16,-5.193437540531159,"[-10,-5)",45,16,-9.63981310867652,"[-10,-5)","[-10,-5)","[-10,-5)"
60190086001041,41,15,-4.751926801353693,"[-5,-3)",41,15,-9.97600952544098,"[-10,-5)","[-5,-3)","[-10,-5)"
60190086002000,25,24,-4.562540877610445,"[-5,-3)",25,24,-10.76099863667529,<-10,"[-5,-3)",<-10
60190086002001,117,48,-4.989854854345322,"[-5,-3)",117,48,-10.7939473955584,<-10,"[-5,-3)",<-10
60190086002002,36,40,-4.732784789800644,"[-5,-3)",36,40,-9.754381869283472,"[-10,-5)","[-5,-3)","[-10,-5)"
60190086002003,11,16,-4.980684810876847,"[-5,-3)",11,16,-10.329590720221235,<-10,"[-5,-3)",<-10
60190086002005,14,33,-4.4738582342863085,"[-5,-3)",14,33,-7.63163065265954,"[-10,-5)","[-5,-3)","[-10,-5)"
60190086002006,0,2,-3.8165220458060505,"[-5,-3)",0,2,-8.485651836501486,"[-10,-5)","[-5,-3)","[-10,-5)"
60190086002007,15,1,-4.956998370587826,"[-5,-3)",15,1,-10.820116312578811,<-10,"[-5,-3)",<-10
60190086002008,47,53,-4.355309931188822,"[-5,-3)",47,53,-9.11514458719992,"[-10,-5)","[-5,-3)","[-10,-5)"
60190086002009,80,47,-3.4006449334323405,"[-5,-3)",80,47,-8.095929380630356,"[-10,-5)","[-5,-3)","[-10,-5)"
60190086002010,4,25,-4.168575326353312,"[-5,-3)",4,25,-7.927699086339538,"[-10,-5)","[-5,-3)","[-10,-5)"
60190086002011,23,24,-4.237429567426443,"[-5,-3)",23,24,-7.828134716836639,"[-10,-5)","[-5,-3)","[-10,-5)"
60190086002012,12,1,-4.051287393271923,"[-5,-3)",12,1,-7.685918245144537,"[-10,-5)","[-5,-3)","[-10,-5)"
60190086002013,23,31,-4.617519977688789,"[-5,-3)",23,31,-8.143650741152129,"[-10,-5)","[-5,-3)","[-10,-5)"
60190086002014,32,27,-3.9365264452993873,"[-5,-3)",32,27,-8.450580897353744,"[-10,-5)","[-5,-3)","[-10,-5)"
60190086002015,8,33,-4.041452533006669,"[-5,-3)",8,33,-7.462582277902634,"[-10,-5)","[-5,-3)","[-10,-5)"
60190086002016,118,3,-4.966648149490356,"[-5,-3)",118,3,-10.57276968365724,<-10,"[-5,-3)",<-10
60190086002017,36,23,-4.911628456413746,"[-5,-3)",36,23,-11.02905633606331,<-10,"[-5,-3)",<-10
60190086002018,214,45,-5.244663633406162,"[-10,-5)",214,45,-10.787489672879223,<-10,"[-10,-5)",<-10
60190086002019,159,4,-5.0204057693481445,"[-10,-5)",159,4,-10.13777243915823,<-10,"[-10,-5)",<-10
60190086002020,20,16,-4.933449889719487,"[-5,-3)",20,16,-10.038930707400374,<-10,"[-5,-3)",<-10
60190086002021,26,29,-5.035690878331661,"[-10,-5)",26,29,-10.544352749689397,<-10,"[-10,-5)",<-10
60190086002022,19,7,-4.9692273661494255,"[-5,-3)",19,7,-10.373239857978486,<-10,"[-5,-3)",<-10
60190086002023,0,7,-4.754202564060688,"[-5,-3)",0,7,-10.117911263398211,<-10,"[-5,-3)",<-10
60190086002024,0,2,-4.702244235947728,"[-5,-3)",0,2,-10.04605198423538,<-10,"[-5,-3)",<-10
60190086003000,0,1,-3.506346546113491,"[-5,-3)",0,1,-8.721626294777288,"[-10,-5)","[-5,-3)","[-10,-5)"
60190086003004,11,50,-3.8507023438811303,"[-5,-3)",11,50,-8.827733603674583,"[-10,-5)","[-5,-3)","[-10,-5)"
60190086003005,13,18,-4.828493995964527,"[-5,-3)",13,18,-8.517434830720422,"[-10,-5)","[-5,-3)","[-10,-5)"
60190086003018,4,23,-5.299619172513485,"[-10,-5)",4,23,-8.808719482063829,"[-10,-5)","[-10,-5)","[-10,-5)"
60190086003019,13,51,-4.554491257667542,"[-5,-3)",13,51,-8.26103903880991,"[-10,-5)","[-5,-3)","[-10,-5)"
60190086003020,4,46,-4.079453398659826,"[-5,-3)",4,46,-8.33073636990768,"[-10,-5)","[-5,-3)","[-10,-5)"
60190086003021,0,9,-3.628527780622244,"[-5,-3)",0,9,-7.687169226523928,"[-10,-5)","[-5,-3)","[-10,-5)"
60190086003024,20,13,-4.475413258373737,"[-5,-3)",20,13,-9.190738062823584,"[-10,-5)","[-5,-3)","[-10,-5)"
60190086003025,12,37,-4.570363119989634,"[-5,-3)",12,37,-9.376563904472505,"[-10,-5)","[-5,-3)","[-10,-5)"
60190086003026,11,14,-4.775179492682218,"[-5,-3)",11,14,-9.93871812275039,"[-10,-5)","[-5,-3)","[-10,-5)"
60190086003027,36,5,-5.140385046601296,"[-10,-5)",36,5,-9.96603803353767,"[-10,-5)","[-10,-5)","[-10,-5)"
60190086003028,22,34,-5.339802266657353,"[-10,-5)",22,34,-10.084219414758408,<-10,"[-10,-5)",<-10
60190086003029,3,27,-4.354805783182383,"[-5,-3)",3,27,-9.824578286276695,"[-10,-5)","[-5,-3)","[-10,-5)"
60190086003030,27,22,-3.966120444238186,"[-5,-3)",27,22,-9.36921254250641,"[-10,-5)","[-5,-3)","[-10,-5)"
60190086003031,0,5,-5.196539640426636,"[-10,-5)",0,5,-9.794527463822416,"[-10,-5)","[-10,-5)","[-10,-5)"
60190086003032,35,49,-4.286867013573647,"[-5,-3)",35,51,-8.387629037376872,"[-10,-5)","[-5,-3)","[-10,-5)"
60190086003033,40,39,-4.684990934282541,"[-5,-3)",40,39,-9.06290390021445,"[-10,-5)","[-5,-3)","[-10,-5)"
60190086003034,20,17,-5.257188986241817,"[-10,-5)",20,17,-10.515427924098852,<-10,"[-10,-5)",<-10
60190086003035,37,43,-5.294920036196709,"[-10,-5)",37,43,-11.094709565912575,<-10,"[-10,-5)",<-10
60190086003036,99,37,-4.89100096821785,"[-5,-3)",99,37,-10.76422096473338,<-10,"[-5,-3)",<-10
60190086003037,17,44,-6.960720428824425,"[-10,-5)",17,44,-10.200443652086316,<-10,"[-10,-5)",<-10
60190086003038,50,42,-7.31480066254735,"[-10,-5)",50,42,-9.52644618780985,"[-10,-5)","[-10,-5)","[-10,-5)"
60190086003039,9,31,-6.635899798572064,"[-10,-5)",9,31,-14.850735140511476,<-10,"[-10,-5)",<-10
60190086003040,15,27,-6.605436882376671,"[-10,-5)",15,27,-11.668593012872993,<-10,"[-10,-5)",<-10
60190086003041,110,9,-5.400015592575073,"[-10,-5)",110,9,-10.452715239036024,<-10,"[-10,-5)",<-10
60190086003042,17,8,-5.771549112349749,"[-10,-5)",17,8,-10.641682168807854,<-10,"[-10,-5)",<-10
60190086003043,23,14,-7.040075766295194,"[-10,-5)",23,15,-11.446322822682744,<-10,"[-10,-5)",<-10
60190086003044,32,9,-6.883196885883808,"[-10,-5)",32,12,-14.088692618239488,<-10,"[-10,-5)",<-10
60190086003045,2,39,-8.780934315919877,"[-10,-5)",2,39,-15.764607148063533,<-10,"[-10,-5)",<-10
60190086003046,20,21,-6.674827632308007,"[-10,-5)",20,21,-10.890564402937644,<-10,"[-10,-5)",<-10
60190086003047,28,17,-9.745246821641922,"[-10,-5)",28,17,-11.235205796180155,<-10,"[-10,-5)",<-10
60190086003048,11,5,-10.116169175505638,<-10,11,5,-11.225739923453803,<-10,<-10,<-10
60190086003049,0,2,-9.707118641585112,"[-10,-5)",0,2,-11.37991173217948,<-10,"[-10,-5)",<-10
60190086003050,0,4,-8.731688763946295,"[-10,-5)",0,5,-10.590826537500384,<-10,"[-10,-5)",<-10
60190086003051,11,17,-7.382858088612557,"[-10,-5)",11,17,-11.137053183592691,<-10,"[-10,-5)",<-10
60190086003052,26,5,-7.057462911307812,"[-10,-5)",26,5,-11.222138096957275,<-10,"[-10,-5)",<-10
60190086004000,0,4,-4.622662798315287,"[-5,-3)",0,4,-9.194544977548066,"[-10,-5)","[-5,-3)","[-10,-5)"
60190086004001,187,2,-4.58836143091321,"[-5,-3)",187,2,-9.267231426959944,"[-10,-5)","[-5,-3)","[-10,-5)"
60190086004002,76,1,-4.591751655936242,"[-5,-3)",76,1,-9.26330407261129,"[-10,-5)","[-5,-3)","[-10,-5)"
60190086004003,193,11,-4.792768183350563,"[-5,-3)",193,11,-9.6905937492746,"[-10,-5)","[-5,-3)","[-10,-5)"
60190086004004,0,1,-4.669442680478096,"[-5,-3)",0,1,-9.40183577353739,"[-10,-5)","[-5,-3)","[-10,-5)"
60190086004005,50,2,-4.685257343575358,"[-5,-3)",50,2,-9.591248102674092,"[-10,-5)","[-5,-3)","[-10,-5)"
60190086004006,87,2,-4.573414549604058,"[-5,-3)",87,2,-9.462865428474672,"[-10,-5)","[-5,-3)","[-10,-5)"
60190086004007,58,58,-5.321922328323126,"[-10,-5)",58,58,-10.382012634754409,<-10,"[-10,-5)",<-10
60190086004008,28,25,-4.963391058146954,"[-5,-3)",28,25,-10.291036405811122,<-10,"[-5,-3)",<-10
60190086004009,297,8,-4.82223529368639,"[-5,-3)",297,8,-9.962180556895492,"[-10,-5)","[-5,-3)","[-10,-5)"
60190086004010,170,102,-6.230104652792216,"[-10,-5)",170,102,-11.10743355771741,<-10,"[-10,-5)",<-10
60190086004011,18,39,-5.691427901387215,"[-10,-5)",18,39,-11.053545347571069,<-10,"[-10,-5)",<-10
60190086004012,0,11,-5.02726740539074,"[-10,-5)",0,11,-9.989430589976296,"[-10,-5)","[-10,-5)","[-10,-5)"
60190086004013,0,12,-4.8092355988919735,"[-5,-3)",0,12,-9.626288647860076,"[-10,-5)","[-5,-3)","[-10,-5)"
60190086004014,0,18,-5.239644294977188,"[-10,-5)",0,18,-10.471716862195212,<-10,"[-10,-5)",<-10
60190086004016,16,8,-9.98892176449299,"[-10,-5)",16,8,-12.970440817689935,<-10,"[-10,-5)",<-10
60190086004017,0,18,-5.303554990142584,"[-10,-5)",0,18,-11.02483867677148,<-10,"[-10,-5)",<-10
60190086004018,25,27,-6.649192160367966,"[-10,-5)",25,27,-11.866771869559832,<-10,"[-10,-5)",<-10
60190086004019,0,4,-10.612135563790796,<-10,0,4,-15.495370049336902,<-10,<-10,<-10
60190086004020,0,95,-9.072732116281989,"[-10,-5)",0,95,-14.485696274314517,<-10,"[-10,-5)",<-10
60190086004021,22,42,-5.760135950893163,"[-10,-5)",22,42,-10.94490653412038,<-10,"[-10,-5)",<-10
60190086004022,12,6,-5.82729124724865,"[-10,-5)",12,6,-11.29793950136607,<-10,"[-10,-5)",<-10
