axis,buffer_m,heldout_fold,GEOID,role,distance_to_test_polygon_m
west_east,0,0,060190001001,train,2420.138072575082
west_east,0,0,060190002001,train,1542.0775914310098
west_east,0,0,060190002002,train,915.2528887866838
west_east,0,0,060190003001,train,399.34258008344966
west_east,0,0,060190003002,train,1499.3813887395738
west_east,0,0,060190003003,train,1115.9412438101463
west_east,0,0,060190004001,train,4406.299880535979
west_east,0,0,060190004002,train,4330.931481209786
west_east,0,0,060190004003,train,1885.6649773135014
west_east,0,0,060190004004,train,3765.7437391587137
west_east,0,0,060190005011,train,4324.295819540413
west_east,0,0,060190005012,train,3928.448130917152
west_east,0,0,060190005021,train,3458.5704533240946
west_east,0,0,060190005022,train,3381.179973525363
west_east,0,0,060190006011,train,1784.2812422756672
west_east,0,0,060190006012,train,1490.8555411968612
west_east,0,0,060190006013,train,2467.646173033765
west_east,0,0,060190006014,train,2546.8642538616064
west_east,0,0,060190006021,train,2634.932780303109
west_east,0,0,060190007011,train,0.0
west_east,0,0,060190007021,train,0.0
west_east,0,0,060190009011,train,0.0
west_east,0,0,060190009012,train,997.2914877774954
west_east,0,0,060190009021,train,1605.1209407344797
west_east,0,0,060190009022,train,1467.1677387574564
west_east,0,0,060190009023,train,0.0
west_east,0,0,060190010001,train,1611.893864817133
west_east,0,0,060190010002,train,0.0
west_east,0,0,060190011001,train,2421.838822884746
west_east,0,0,060190011002,train,2335.8064784877483
west_east,0,0,060190012011,train,3219.1699641787454
west_east,0,0,060190012012,train,4662.49831140782
west_east,0,0,060190012013,train,5868.309760352338
west_east,0,0,060190012014,train,4663.8420007923205
west_east,0,0,060190012021,train,6443.342837540075
west_east,0,0,060190012022,train,6083.1850090789085
west_east,0,0,060190013011,train,4900.077524429675
west_east,0,0,060190013012,train,5394.181618605954
west_east,0,0,060190013013,train,5993.5126490842495
west_east,0,0,060190013014,train,6899.678476663428
west_east,0,0,060190013015,train,5693.3428616006295
west_east,0,0,060190013031,train,4832.150582152349
west_east,0,0,060190013032,train,4830.217093235833
west_east,0,0,060190013041,train,5939.339989058775
west_east,0,0,060190013042,train,6443.370097116651
west_east,0,0,060190013043,train,5632.222459395091
west_east,0,0,060190014071,train,7307.450197687444
west_east,0,0,060190014072,train,7702.077187147167
west_east,0,0,060190014073,train,8155.949498097938
west_east,0,0,060190014074,train,7367.154642445872
west_east,0,0,060190014081,train,7253.756141808233
west_east,0,0,060190014082,train,8059.3385387407025
west_east,0,0,060190014151,train,7258.939132967336
west_east,0,0,060190014152,train,8057.372968301834
west_east,0,0,060190014153,train,7253.902557982972
west_east,0,0,060190014161,train,8856.541120506046
west_east,0,0,060190015001,train,3717.715861382019
west_east,0,0,060190017003,train,7587.9873378756665
west_east,0,0,060190018001,train,0.0
west_east,0,0,060190018002,train,4018.426299401614
west_east,0,0,060190018003,train,3221.1422746900557
west_east,0,0,060190018004,train,3319.958899173312
west_east,0,0,060190020001,test,0.0
west_east,0,0,060190020002,train,0.0
west_east,0,0,060190020003,train,0.0
west_east,0,0,060190020004,test,0.0
west_east,0,0,060190020005,test,0.0
west_east,0,0,060190021001,train,1231.2004764260446
west_east,0,0,060190021002,train,960.3655572149399
west_east,0,0,060190021003,train,694.7494011632665
west_east,0,0,060190021004,train,0.0
west_east,0,0,060190021005,train,805.7370429781993
west_east,0,0,060190022001,train,2281.35498830568
west_east,0,0,060190022002,train,1669.8075508864426
west_east,0,0,060190022003,train,1474.5856272874687
west_east,0,0,060190022004,train,1908.6416993611813
west_east,0,0,060190023001,train,2850.590213533747
west_east,0,0,060190023002,train,2516.662300568298
west_east,0,0,060190023003,train,1983.6663983925164
west_east,0,0,060190024001,train,3972.5899777792506
west_east,0,0,060190024002,train,3887.628317949358
west_east,0,0,060190024003,train,3381.1508662550964
west_east,0,0,060190024004,train,3103.5886242524084
west_east,0,0,060190025011,train,4761.571919597125
west_east,0,0,060190025012,train,5156.937904390006
west_east,0,0,060190025013,train,5629.137046992309
west_east,0,0,060190025014,train,5555.51429136918
west_east,0,0,060190025021,train,4690.2012648907075
west_east,0,0,060190025022,train,5090.624895602716
west_east,0,0,060190025023,train,5495.645848203308
west_east,0,0,060190026011,train,4690.12845415497
west_east,0,0,060190026012,train,5090.989475536476
west_east,0,0,060190026013,train,5633.243436625349
west_east,0,0,060190026021,train,4517.44316029876
west_east,0,0,060190026022,train,5313.904037259596
west_east,0,0,060190026023,train,4349.430694248899
west_east,0,0,060190027011,train,6154.204026174334
west_east,0,0,060190027012,train,6896.710452087832
west_east,0,0,060190027013,train,6519.881814474894
west_east,0,0,060190027021,train,5870.969699677334
west_east,0,0,060190027022,train,6760.881728617162
west_east,0,0,060190027023,train,6651.364192589178
west_east,0,0,060190027024,train,7092.225748634355
west_east,0,0,060190028001,train,7506.372418088705
west_east,0,0,060190028002,train,6838.84858061638
west_east,0,0,060190028003,train,6416.548460901486
west_east,0,0,060190028004,train,6300.838667914802
west_east,0,0,060190029031,train,7445.32362689718
west_east,0,0,060190029032,train,7867.8107724695965
west_east,0,0,060190029033,train,7635.2083853847635
west_east,0,0,060190029041,train,7659.689438421831
west_east,0,0,060190029042,train,8425.466741453902
west_east,0,0,060190029051,train,7912.187886127159
west_east,0,0,060190029061,train,8755.151050412254
west_east,0,0,060190029062,train,7957.248650867253
west_east,0,0,060190030011,train,9559.050996922579
west_east,0,0,060190030012,train,9450.245809644795
west_east,0,0,060190030031,train,9016.009568603
west_east,0,0,060190030032,train,9811.03221011417
west_east,0,0,060190030041,train,9983.745631401127
west_east,0,0,060190030042,train,9205.822724142485
west_east,0,0,060190031021,train,9671.263781254975
west_east,0,0,060190031022,train,10448.830042024696
west_east,0,0,060190031023,train,8441.111281531557
west_east,0,0,060190031024,train,8844.521020407126
west_east,0,0,060190031025,train,9644.952447235353
west_east,0,0,060190031031,train,8825.880640517333
west_east,0,0,060190031032,train,9241.04912503483
west_east,0,0,060190031033,train,8438.838395638382
west_east,0,0,060190031034,train,9642.67016028409
west_east,0,0,060190031035,train,9644.293833438494
west_east,0,0,060190031041,train,10445.604957892581
west_east,0,0,060190031042,train,8079.119216449025
west_east,0,0,060190032011,train,6432.956878005519
west_east,0,0,060190032012,train,7247.210214460195
west_east,0,0,060190032021,train,6432.862922356478
west_east,0,0,060190032022,train,6753.225850740607
west_east,0,0,060190032023,train,8049.485193927519
west_east,0,0,060190032024,train,7646.410839604908
west_east,0,0,060190033011,train,4821.615074576251
west_east,0,0,060190033012,train,5639.224951598676
west_east,0,0,060190033021,train,4835.825247867159
west_east,0,0,060190033022,train,5622.651311123774
west_east,0,0,060190033023,train,4821.973951971973
west_east,0,0,060190033024,train,5609.099048986253
west_east,0,0,060190034011,train,4020.768094798814
west_east,0,0,060190034012,train,3618.1022328504664
west_east,0,0,060190034013,train,4025.41779904777
west_east,0,0,060190034021,train,4418.905176134078
west_east,0,0,060190034022,train,3617.7013889332097
west_east,0,0,060190035001,train,2646.4677786788106
west_east,0,0,060190035002,train,2241.586225560392
west_east,0,0,060190035003,train,2009.6980058270096
west_east,0,0,060190035004,train,2009.2296502266793
west_east,0,0,060190035005,train,2412.303567686362
west_east,0,0,060190036001,train,1603.792043045599
west_east,0,0,060190036002,train,996.0865445142274
west_east,0,0,060190036003,train,825.645027758737
west_east,0,0,060190036004,train,802.5738256066951
west_east,0,0,060190036005,train,831.6136676421611
west_east,0,0,060190037011,train,0.0
west_east,0,0,060190037012,train,0.0
west_east,0,0,060190037021,train,0.0
west_east,0,0,060190037022,test,0.0
west_east,0,0,060190037023,train,0.0
west_east,0,0,060190037024,train,228.17256285170205
west_east,0,0,060190038041,test,0.0
west_east,0,0,060190038042,test,0.0
west_east,0,0,060190038043,test,0.0
west_east,0,0,060190038051,test,0.0
west_east,0,0,060190038052,test,0.0
west_east,0,0,060190038053,test,0.0
west_east,0,0,060190038071,test,0.0
west_east,0,0,060190038072,test,0.0
west_east,0,0,060190038081,test,0.0
west_east,0,0,060190038082,test,0.0
west_east,0,0,060190038083,test,0.0
west_east,0,0,060190038091,test,0.0
west_east,0,0,060190038092,test,0.0
west_east,0,0,060190038101,test,0.0
west_east,0,0,060190038102,test,0.0
west_east,0,0,060190038103,test,0.0
west_east,0,0,060190038111,test,0.0
west_east,0,0,060190038112,test,0.0
west_east,0,0,060190038113,test,0.0
west_east,0,0,060190042051,test,0.0
west_east,0,0,060190042052,test,0.0
west_east,0,0,060190042053,test,0.0
west_east,0,0,060190042054,test,0.0
west_east,0,0,060190042101,test,0.0
west_east,0,0,060190042102,test,0.0
west_east,0,0,060190042111,test,0.0
west_east,0,0,060190042112,test,0.0
west_east,0,0,060190042113,test,0.0
west_east,0,0,060190042121,test,0.0
west_east,0,0,060190042122,test,0.0
west_east,0,0,060190042123,test,0.0
west_east,0,0,060190042124,test,0.0
west_east,0,0,060190042125,test,0.0
west_east,0,0,060190042126,test,0.0
west_east,0,0,060190042131,test,0.0
west_east,0,0,060190042132,test,0.0
west_east,0,0,060190042141,test,0.0
west_east,0,0,060190042142,test,0.0
west_east,0,0,060190042143,test,0.0
west_east,0,0,060190042144,test,0.0
west_east,0,0,060190042171,test,0.0
west_east,0,0,060190042172,test,0.0
west_east,0,0,060190043012,test,0.0
west_east,0,0,060190043013,test,0.0
west_east,0,0,060190043021,test,0.0
west_east,0,0,060190043022,test,0.0
west_east,0,0,060190043023,train,0.0
west_east,0,0,060190043024,test,0.0
west_east,0,0,060190043025,train,0.0
west_east,0,0,060190043031,test,0.0
west_east,0,0,060190043032,test,0.0
west_east,0,0,060190043033,train,0.0
west_east,0,0,060190044042,train,2578.247701379998
west_east,0,0,060190044062,train,3788.3437082149508
west_east,0,0,060190044063,train,3789.9995179631705
west_east,0,0,060190044092,train,0.0
west_east,0,0,060190044093,train,370.53025263536995
west_east,0,0,060190045031,train,802.4466747012706
west_east,0,0,060190045032,train,801.1123055872562
west_east,0,0,060190045041,train,3209.2583005420347
west_east,0,0,060190045042,train,2407.6685471379515
west_east,0,0,060190045043,train,2408.5034676862206
west_east,0,0,060190045044,train,2410.0891227229117
west_east,0,0,060190045051,train,2402.98976682631
west_east,0,0,060190045052,train,3667.1510798861527
west_east,0,0,060190045053,train,3206.6271416805566
west_east,0,0,060190045061,train,800.6553279134328
west_east,0,0,060190045062,train,1598.3435155951972
west_east,0,0,060190046011,train,0.0
west_east,0,0,060190046012,train,209.50666780767094
west_east,0,0,060190046021,train,1589.8580637465502
west_east,0,0,060190046022,train,792.7044077811744
west_east,0,0,060190046023,train,838.5616536166735
west_east,0,0,060190047031,test,0.0
west_east,0,0,060190047032,test,0.0
west_east,0,0,060190047033,train,0.0
west_east,0,0,060190047041,train,0.0
west_east,0,0,060190047042,test,0.0
west_east,0,0,060190047043,test,0.0
west_east,0,0,060190047051,test,0.0
west_east,0,0,060190047052,test,0.0
west_east,0,0,060190047061,test,0.0
west_east,0,0,060190047062,test,0.0
west_east,0,0,060190047063,test,0.0
west_east,0,0,060190048011,train,1014.4838238938706
west_east,0,0,060190048012,train,1123.3380051218471
west_east,0,0,060190048013,train,799.3368144923066
west_east,0,0,060190048021,train,0.0
west_east,0,0,060190048022,train,457.20052357806753
west_east,0,0,060190048023,train,398.29960832473535
west_east,0,0,060190049011,train,2143.387010444622
west_east,0,0,060190049012,train,2394.563007410333
west_east,0,0,060190049021,train,794.5582079485124
west_east,0,0,060190049022,train,1587.2497678713107
west_east,0,0,060190050001,train,3212.4343026159977
west_east,0,0,060190050002,train,3197.005793815234
west_east,0,0,060190050003,train,2393.5718412382776
west_east,0,0,060190051001,train,4212.315149389084
west_east,0,0,060190051002,train,3769.869721043019
west_east,0,0,060190051003,train,3249.6334023575946
west_east,0,0,060190051004,train,3198.4435330180463
west_east,0,0,060190051005,train,3683.837423557823
west_east,0,0,060190052021,train,6428.1972685465225
west_east,0,0,060190052022,train,6473.034119276836
west_east,0,0,060190052031,train,4863.071674863499
west_east,0,0,060190052032,train,5661.705648440371
west_east,0,0,060190052041,train,5149.620785012608
west_east,0,0,060190052042,train,4820.514772289504
west_east,0,0,060190052043,train,5624.768770839613
west_east,0,0,060190053011,train,5623.944248549599
west_east,0,0,060190053012,train,4820.158711218386
west_east,0,0,060190053013,train,4009.1610231179175
west_east,0,0,060190053021,train,5634.407094762727
west_east,0,0,060190053022,train,4020.536786321992
west_east,0,0,060190053041,train,6436.627073654548
west_east,0,0,060190053042,train,7446.094429467175
west_east,0,0,060190053043,train,7237.179413082655
west_east,0,0,060190053051,train,6427.84899775859
west_east,0,0,060190053052,train,7223.911456256087
west_east,0,0,060190054031,train,4833.767236357755
west_east,0,0,060190054032,train,4821.737215276295
west_east,0,0,060190054033,train,5430.490770999175
west_east,0,0,060190054051,train,4011.6184989035364
west_east,0,0,060190054052,train,4819.372383357098
west_east,0,0,060190054053,train,5626.753184395452
west_east,0,0,060190054061,train,4013.0426136939923
west_east,0,0,060190054062,train,4820.131903395872
west_east,0,0,060190054063,train,5622.197383748155
west_east,0,0,060190054071,train,6427.976180636685
west_east,0,0,060190054072,train,7229.909924441712
west_east,0,0,060190054081,train,6429.577139591924
west_east,0,0,060190054091,train,4820.367735205979
west_east,0,0,060190054092,train,5627.075260381265
west_east,0,0,060190054101,train,4029.1568153438684
west_east,0,0,060190054102,train,4013.2131112993284
west_east,0,0,060190055092,train,6998.290122492677
west_east,0,0,060190055093,train,6998.026904268042
west_east,0,0,060190055143,train,8612.191825930935
west_east,0,0,060190055261,train,6198.517577093296
west_east,0,0,060190055272,train,5391.739078229846
west_east,0,0,060190056023,train,10457.113401195866
west_east,0,0,060190056024,train,10034.760434620863
west_east,0,0,060190056051,train,8030.154164156301
west_east,0,0,060190056061,train,8619.506306940955
west_east,0,0,060190056062,train,8632.000657388166
west_east,0,0,060190056071,train,8670.201691404573
west_east,0,0,060190056072,train,9436.7169246263
west_east,0,0,060190056073,train,8827.458245198593
west_east,0,0,060190056074,train,10058.635119806164
west_east,0,0,060190056081,train,9579.606783228033
west_east,0,0,060190056082,train,8327.182367896858
west_east,0,0,060190086002,test,0.0
west_east,0,0,060190086004,test,0.0
west_east,0,1,060190001001,train,0.0
west_east,0,1,060190002001,test,0.0
west_east,0,1,060190002002,test,0.0
west_east,0,1,060190003001,test,0.0
west_east,0,1,060190003002,train,0.0
west_east,0,1,060190003003,test,0.0
west_east,0,1,060190004001,train,2233.169652038472
west_east,0,1,060190004002,train,2138.81071445325
west_east,0,1,060190004003,train,0.0
west_east,0,1,060190004004,train,1365.1255269262977
west_east,0,1,060190005011,train,1725.702770798723
west_east,0,1,060190005012,train,1501.959205130002
west_east,0,1,060190005021,train,835.5050878687869
west_east,0,1,060190005022,train,858.9202811690513
west_east,0,1,060190006011,test,0.0
west_east,0,1,060190006012,test,0.0
west_east,0,1,060190006013,train,0.0
west_east,0,1,060190006014,train,0.0
west_east,0,1,060190006021,train,0.0
west_east,0,1,060190007011,test,0.0
west_east,0,1,060190007021,test,0.0
west_east,0,1,060190009011,test,0.0
west_east,0,1,060190009012,test,0.0
west_east,0,1,060190009021,train,0.0
west_east,0,1,060190009022,test,0.0
west_east,0,1,060190009023,test,0.0
west_east,0,1,060190010001,train,0.0
west_east,0,1,060190010002,test,0.0
west_east,0,1,060190011001,train,0.0
west_east,0,1,060190011002,train,0.0
west_east,0,1,060190012011,train,1021.3182316935169
west_east,0,1,060190012012,train,1072.177380508944
west_east,0,1,060190012013,train,2004.5059062904966
west_east,0,1,060190012014,train,1003.7211614756429
west_east,0,1,060190012021,train,2903.406964558229
west_east,0,1,060190012022,train,2055.4625339048366
west_east,0,1,060190013011,train,2737.170018404697
west_east,0,1,060190013012,train,3241.875184768575
west_east,0,1,060190013013,train,3747.461775760858
west_east,0,1,060190013014,train,4289.082283317683
west_east,0,1,060190013015,train,3545.5920805520327
west_east,0,1,060190013031,train,2581.9105339639445
west_east,0,1,060190013032,train,2546.713225964412
west_east,0,1,060190013041,train,3085.856280430984
west_east,0,1,060190013042,train,3420.1329765137734
west_east,0,1,060190013043,train,2905.426877584062
west_east,0,1,060190014071,train,4570.606865941375
west_east,0,1,060190014072,train,4859.730898826796
west_east,0,1,060190014073,train,5429.395470505667
west_east,0,1,060190014074,train,4868.261824198659
west_east,0,1,060190014081,train,4034.5727904609644
west_east,0,1,060190014082,train,4730.075046695945
west_east,0,1,060190014151,train,3231.3822011573166
west_east,0,1,060190014152,train,4044.6482359242605
west_east,0,1,060190014153,train,3610.041929479412
west_east,0,1,060190014161,train,4973.171002932352
west_east,0,1,060190015001,train,0.0
west_east,0,1,060190017003,train,0.0
west_east,0,1,060190018001,test,0.0
west_east,0,1,060190018002,train,0.0
west_east,0,1,060190018003,test,0.0
west_east,0,1,060190018004,test,0.0
west_east,0,1,060190020001,train,0.0
west_east,0,1,060190020002,test,0.0
west_east,0,1,060190020003,test,0.0
west_east,0,1,060190020004,train,0.0
west_east,0,1,060190020005,train,0.0
west_east,0,1,060190021001,test,0.0
west_east,0,1,060190021002,test,0.0
west_east,0,1,060190021003,test,0.0
west_east,0,1,060190021004,test,0.0
west_east,0,1,060190021005,test,0.0
west_east,0,1,060190022001,test,0.0
west_east,0,1,060190022002,test,0.0
west_east,0,1,060190022003,test,0.0
west_east,0,1,060190022004,test,0.0
west_east,0,1,060190023001,train,0.0
west_east,0,1,060190023002,train,0.0
west_east,0,1,060190023003,train,0.0
west_east,0,1,060190024001,train,878.3728455918365
west_east,0,1,060190024002,train,1201.9048828950351
west_east,0,1,060190024003,train,863.5870816296884
west_east,0,1,060190024004,train,0.0
west_east,0,1,060190025011,train,1681.9833318537626
west_east,0,1,060190025012,train,2077.6447506541185
west_east,0,1,060190025013,train,2485.4842873663533
west_east,0,1,060190025014,train,2520.594182695894
west_east,0,1,060190025021,train,1872.154417155057
west_east,0,1,060190025022,train,2238.9959729515294
west_east,0,1,060190025023,train,2618.242327201191
west_east,0,1,060190026011,train,2163.7181809445606
west_east,0,1,060190026012,train,2571.160337402971
west_east,0,1,060190026013,train,3142.3567747424145
west_east,0,1,060190026021,train,2028.4898266584325
west_east,0,1,060190026022,train,2971.094041429495
west_east,0,1,060190026023,train,1949.0957742226278
west_east,0,1,060190027011,train,3671.529420127444
west_east,0,1,060190027012,train,4407.211658679967
west_east,0,1,060190027013,train,4035.9578995218653
west_east,0,1,060190027021,train,3552.2696995280553
west_east,0,1,060190027022,train,4392.77182270259
west_east,0,1,060190027023,train,4358.47129245596
west_east,0,1,060190027024,train,4811.295323965101
west_east,0,1,060190028001,train,4503.21570592012
west_east,0,1,060190028002,train,3968.0754625500995
west_east,0,1,060190028003,train,3286.1936399204696
west_east,0,1,060190028004,train,3314.750692269179
west_east,0,1,060190029031,train,5173.104952386582
west_east,0,1,060190029032,train,5536.282383771117
west_east,0,1,060190029033,train,5298.688593755128
west_east,0,1,060190029041,train,5167.589606253178
west_east,0,1,060190029042,train,5938.604055984826
west_east,0,1,060190029051,train,4976.009707775473
west_east,0,1,060190029061,train,5717.7192169723
west_east,0,1,060190029062,train,4907.762970154372
west_east,0,1,060190030011,train,6515.144359077954
west_east,0,1,060190030012,train,6573.7002579138825
west_east,0,1,060190030031,train,6300.50946829415
west_east,0,1,060190030032,train,6940.980601489386
west_east,0,1,060190030041,train,7445.105299440416
west_east,0,1,060190030042,train,6719.614727723701
west_east,0,1,060190031021,train,6899.736630257391
west_east,0,1,060190031022,train,7498.128563173939
west_east,0,1,060190031023,train,5580.031979684605
west_east,0,1,060190031024,train,5960.016715373839
west_east,0,1,060190031025,train,6722.352648333326
west_east,0,1,060190031031,train,5741.785702515128
west_east,0,1,060190031032,train,6150.885721044012
west_east,0,1,060190031033,train,5365.810638797148
west_east,0,1,060190031034,train,6622.91243402559
west_east,0,1,060190031035,train,6546.2835446134
west_east,0,1,060190031041,train,7344.902016207116
west_east,0,1,060190031042,train,4833.518279668891
west_east,0,1,060190032011,train,3223.231352432803
west_east,0,1,060190032012,train,4028.011925485923
west_east,0,1,060190032021,train,3286.1936399204696
west_east,0,1,060190032022,train,3570.831934018763
west_east,0,1,060190032023,train,4900.695503716536
west_east,0,1,060190032024,train,4502.674514342547
west_east,0,1,060190033011,train,1602.8063832157602
west_east,0,1,060190033012,train,2407.8228139955877
west_east,0,1,060190033021,train,1682.0056426359831
west_east,0,1,060190033022,train,2469.553623855692
west_east,0,1,060190033023,train,1725.8757640693827
west_east,0,1,060190033024,train,2500.860745057213
west_east,0,1,060190034011,train,1037.5635643654216
west_east,0,1,060190034012,train,485.8442982032287
west_east,0,1,060190034013,train,931.1600797253784
west_east,0,1,060190034021,train,1204.1661154560918
west_east,0,1,060190034022,train,394.28821524650647
west_east,0,1,060190035001,train,0.0
west_east,0,1,060190035002,train,0.0
west_east,0,1,060190035003,test,0.0
west_east,0,1,060190035004,test,0.0
west_east,0,1,060190035005,train,0.0
west_east,0,1,060190036001,test,0.0
west_east,0,1,060190036002,test,0.0
west_east,0,1,060190036003,test,0.0
west_east,0,1,060190036004,test,0.0
west_east,0,1,060190036005,test,0.0
west_east,0,1,060190037011,test,0.0
west_east,0,1,060190037012,test,0.0
west_east,0,1,060190037021,test,0.0
west_east,0,1,060190037022,train,0.0
west_east,0,1,060190037023,test,0.0
west_east,0,1,060190037024,test,0.0
west_east,0,1,060190038041,train,2266.737247432859
west_east,0,1,060190038042,train,2529.9922098624706
west_east,0,1,060190038043,train,1793.2766414499333
west_east,0,1,060190038051,train,646.0166705059195
west_east,0,1,060190038052,train,1134.7866862058975
west_east,0,1,060190038053,train,1593.631804060691
west_east,0,1,060190038071,train,0.0
west_east,0,1,060190038072,train,0.0
west_east,0,1,060190038081,train,1593.6294570273649
west_east,0,1,060190038082,train,2406.268105828638
west_east,0,1,060190038083,train,1599.6643994167869
west_east,0,1,060190038091,train,1695.1199343437258
west_east,0,1,060190038092,train,2392.1564473445546
west_east,0,1,060190038101,train,3601.635804550721
west_east,0,1,060190038102,train,4454.5404709933155
west_east,0,1,060190038103,train,3861.529436518122
west_east,0,1,060190038111,train,3204.143750832785
west_east,0,1,060190038112,train,3586.0243288385286
west_east,0,1,060190038113,train,3205.2217075394224
west_east,0,1,060190042051,train,298.7081719383056
west_east,0,1,060190042052,train,795.1438995558341
west_east,0,1,060190042053,train,929.5199238962323
west_east,0,1,060190042054,train,0.0
west_east,0,1,060190042101,train,3210.484016204624
west_east,0,1,060190042102,train,2499.461945763691
west_east,0,1,060190042111,train,3862.493674994868
west_east,0,1,060190042112,train,3837.400873525338
west_east,0,1,060190042113,train,2555.470398111216
west_east,0,1,060190042121,train,1918.4597117384317
west_east,0,1,060190042122,train,1176.072313183011
west_east,0,1,060190042123,train,2939.1472330695683
west_east,0,1,060190042124,train,1106.8382057193733
west_east,0,1,060190042125,train,0.0
west_east,0,1,060190042126,train,2546.403993090072
west_east,0,1,060190042131,train,1425.0230523798452
west_east,0,1,060190042132,train,381.30615778233613
west_east,0,1,060190042141,train,2404.057223691738
west_east,0,1,060190042142,train,1603.782672423138
west_east,0,1,060190042143,train,1460.7031191812466
west_east,0,1,060190042144,train,1952.9632827440778
west_east,0,1,060190042171,train,2615.0091529296
west_east,0,1,060190042172,train,4059.5776076533552
west_east,0,1,060190043012,train,1876.9451749897378
west_east,0,1,060190043013,train,0.0
west_east,0,1,060190043021,train,801.4116190083461
west_east,0,1,060190043022,train,0.0
west_east,0,1,060190043023,test,0.0
west_east,0,1,060190043024,train,800.3681731757907
west_east,0,1,060190043025,test,0.0
west_east,0,1,060190043031,train,0.0
west_east,0,1,060190043032,train,0.0
west_east,0,1,060190043033,test,0.0
west_east,0,1,060190044042,train,170.6136665184493
west_east,0,1,060190044062,train,1533.0163765058985
west_east,0,1,060190044063,train,1616.1758972501232
west_east,0,1,060190044092,test,0.0
west_east,0,1,060190044093,test,0.0
west_east,0,1,060190045031,test,0.0
west_east,0,1,060190045032,test,0.0
west_east,0,1,060190045041,train,799.7056288182257
west_east,0,1,060190045042,train,0.0
west_east,0,1,060190045043,train,0.0
west_east,0,1,060190045044,train,0.0
west_east,0,1,060190045051,train,0.0
west_east,0,1,060190045052,train,1263.6904447287734
west_east,0,1,060190045053,train,799.7378207155905
west_east,0,1,060190045061,test,0.0
west_east,0,1,060190045062,test,0.0
west_east,0,1,060190046011,test,0.0
west_east,0,1,060190046012,test,0.0
west_east,0,1,060190046021,test,0.0
west_east,0,1,060190046022,test,0.0
west_east,0,1,060190046023,test,0.0
west_east,0,1,060190047031,train,0.0
west_east,0,1,060190047032,train,0.0
west_east,0,1,060190047033,test,0.0
west_east,0,1,060190047041,test,0.0
west_east,0,1,060190047042,train,0.0
west_east,0,1,060190047043,train,0.0
west_east,0,1,060190047051,train,235.5181844476642
west_east,0,1,060190047052,train,202.28677761469257
west_east,0,1,060190047061,train,0.0
west_east,0,1,060190047062,train,0.0
west_east,0,1,060190047063,train,0.0
west_east,0,1,060190048011,test,0.0
west_east,0,1,060190048012,test,0.0
west_east,0,1,060190048013,test,0.0
west_east,0,1,060190048021,test,0.0
west_east,0,1,060190048022,test,0.0
west_east,0,1,060190048023,test,0.0
west_east,0,1,060190049011,test,0.0
west_east,0,1,060190049012,train,0.0
west_east,0,1,060190049021,test,0.0
west_east,0,1,060190049022,test,0.0
west_east,0,1,060190050001,train,801.7531299169854
west_east,0,1,060190050002,train,802.325873584933
west_east,0,1,060190050003,train,0.0
west_east,0,1,060190051001,train,1051.0930604139178
west_east,0,1,060190051002,train,495.7249034286412
west_east,0,1,060190051003,train,0.0
west_east,0,1,060190051004,train,505.4817827391713
west_east,0,1,060190051005,train,618.7612139830477
west_east,0,1,060190052021,train,3229.8119083210695
west_east,0,1,060190052022,train,3222.5867227941335
west_east,0,1,060190052031,train,1602.8063832157602
west_east,0,1,060190052032,train,2407.8228139955877
west_east,0,1,060190052041,train,1942.8323062063444
west_east,0,1,060190052042,train,1641.2185154705753
west_east,0,1,060190052043,train,2555.964188057513
west_east,0,1,060190053011,train,2673.427040193922
west_east,0,1,060190053012,train,1970.6370487966424
west_east,0,1,060190053013,train,1378.2102045239544
west_east,0,1,060190053021,train,3098.1842660391367
west_east,0,1,060190053022,train,1610.5134745179312
west_east,0,1,060190053041,train,3762.0202515221645
west_east,0,1,060190053042,train,4862.573538324321
west_east,0,1,060190053043,train,4470.004129759211
west_east,0,1,060190053051,train,3419.8972179582215
west_east,0,1,060190053052,train,4190.505039979945
west_east,0,1,060190054031,train,2417.858187470194
west_east,0,1,060190054032,train,2417.858187470194
west_east,0,1,060190054033,train,3025.7802072192176
west_east,0,1,060190054051,train,1602.6972806721415
west_east,0,1,060190054052,train,2411.1227996151238
west_east,0,1,060190054053,train,3215.9437914028354
west_east,0,1,060190054061,train,1602.3564295724757
west_east,0,1,060190054062,train,2406.752269733235
west_east,0,1,060190054063,train,3208.735603542838
west_east,0,1,060190054071,train,4014.6682014687535
west_east,0,1,060190054072,train,4817.332690341891
west_east,0,1,060190054081,train,4018.7271405052784
west_east,0,1,060190054091,train,2411.0542233570422
west_east,0,1,060190054092,train,3222.9857141284424
west_east,0,1,060190054101,train,1608.945609254649
west_east,0,1,060190054102,train,1603.9961569108866
west_east,0,1,060190055092,train,4611.389293417932
west_east,0,1,060190055093,train,4585.641775266754
west_east,0,1,060190055143,train,6207.145599171893
west_east,0,1,060190055261,train,3818.446293628815
west_east,0,1,060190055272,train,2982.7141509598646
west_east,0,1,060190056023,train,7748.13982047435
west_east,0,1,060190056024,train,7622.351815667946
west_east,0,1,060190056051,train,5616.654834708356
west_east,0,1,060190056061,train,6207.105907288687
west_east,0,1,060190056062,train,6221.1455121687895
west_east,0,1,060190056071,train,6260.355154463135
west_east,0,1,060190056072,train,7031.783816032549
west_east,0,1,060190056073,train,6422.61526134012
west_east,0,1,060190056074,train,7649.790393800391
west_east,0,1,060190056081,train,6993.781535201112
west_east,0,1,060190056082,train,5777.973930653549
west_east,0,1,060190086002,train,0.0
west_east,0,1,060190086004,train,0.0
west_east,0,2,060190001001,test,0.0
west_east,0,2,060190002001,train,0.0
west_east,0,2,060190002002,train,0.0
west_east,0,2,060190003001,train,168.08232337412633
west_east,0,2,060190003002,test,0.0
west_east,0,2,060190003003,train,0.0
west_east,0,2,060190004001,train,0.0
west_east,0,2,060190004002,train,0.0
west_east,0,2,060190004003,test,0.0
west_east,0,2,060190004004,test,0.0
west_east,0,2,060190005011,test,0.0
west_east,0,2,060190005012,test,0.0
west_east,0,2,060190005021,test,0.0
west_east,0,2,060190005022,test,0.0
west_east,0,2,060190006011,train,0.0
west_east,0,2,060190006012,train,0.0
west_east,0,2,060190006013,test,0.0
west_east,0,2,060190006014,test,0.0
west_east,0,2,060190006021,test,0.0
west_east,0,2,060190007011,train,872.9346045859813
west_east,0,2,060190007021,train,474.6668224852071
west_east,0,2,060190009011,train,608.6695470090158
west_east,0,2,060190009012,train,0.0
west_east,0,2,060190009021,test,0.0
west_east,0,2,060190009022,train,0.0
west_east,0,2,060190009023,train,133.97721784331085
west_east,0,2,060190010001,test,0.0
west_east,0,2,060190010002,train,0.0
west_east,0,2,060190011001,test,0.0
west_east,0,2,060190011002,test,0.0
west_east,0,2,060190012011,train,0.0
west_east,0,2,060190012012,train,61.57023498086862
west_east,0,2,060190012013,train,1205.1160444995285
west_east,0,2,060190012014,train,0.0
west_east,0,2,060190012021,train,1960.1841770745832
west_east,0,2,060190012022,train,1785.8038547818614
west_east,0,2,060190013011,train,500.9578565544676
west_east,0,2,060190013012,train,1002.7222993852688
west_east,0,2,060190013013,train,1607.9952658329635
west_east,0,2,060190013014,train,2503.1865260416325
west_east,0,2,060190013015,train,1304.8791832175948
west_east,0,2,060190013031,train,395.493279451485
west_east,0,2,060190013032,train,395.66388445345615
west_east,0,2,060190013041,train,1503.3481276686991
west_east,0,2,060190013042,train,2008.991707885218
west_east,0,2,060190013043,train,1197.829907886515
west_east,0,2,060190014071,train,2901.421078326022
west_east,0,2,060190014072,train,3289.297328792636
west_east,0,2,060190014073,train,3678.168010126832
west_east,0,2,060190014074,train,2904.6463843853903
west_east,0,2,060190014081,train,2818.9495467547113
west_east,0,2,060190014082,train,3624.2811358108033
west_east,0,2,060190014151,train,2606.732640809323
west_east,0,2,060190014152,train,3414.4349935318164
west_east,0,2,060190014153,train,2723.1397959416863
west_east,0,2,060190014161,train,4226.303654985122
west_east,0,2,060190015001,train,0.0
west_east,0,2,060190017003,train,804.6465973360017
west_east,0,2,060190018001,train,0.0
west_east,0,2,060190018002,test,0.0
west_east,0,2,060190018003,train,0.0
west_east,0,2,060190018004,train,0.0
west_east,0,2,060190020001,train,2589.8626738395046
west_east,0,2,060190020002,train,946.8274770239597
west_east,0,2,060190020003,train,918.2284198245718
west_east,0,2,060190020004,train,2914.185517753388
west_east,0,2,060190020005,train,1983.6663983925164
west_east,0,2,060190021001,train,720.1615033344823
west_east,0,2,060190021002,train,509.83667272078344
west_east,0,2,060190021003,train,492.8118994880681
west_east,0,2,060190021004,train,1547.8781472705168
west_east,0,2,060190021005,train,1154.2636813662639
west_east,0,2,060190022001,train,0.0
west_east,0,2,060190022002,train,0.0
west_east,0,2,060190022003,train,309.55327523268244
west_east,0,2,060190022004,train,267.3674599075496
west_east,0,2,060190023001,test,0.0
west_east,0,2,060190023002,test,0.0
west_east,0,2,060190023003,test,0.0
west_east,0,2,060190024001,test,0.0
west_east,0,2,060190024002,test,0.0
west_east,0,2,060190024003,test,0.0
west_east,0,2,060190024004,test,0.0
west_east,0,2,060190025011,test,0.0
west_east,0,2,060190025012,train,0.0
west_east,0,2,060190025013,train,15.780407213778687
west_east,0,2,060190025014,train,400.56714032249016
west_east,0,2,060190025021,test,0.0
west_east,0,2,060190025022,train,0.0
west_east,0,2,060190025023,train,369.66710619614184
west_east,0,2,060190026011,test,0.0
west_east,0,2,060190026012,train,0.0
west_east,0,2,060190026013,train,606.5159685190636
west_east,0,2,060190026021,train,0.0
west_east,0,2,060190026022,train,589.1873346972604
west_east,0,2,060190026023,train,0.0
west_east,0,2,060190027011,train,1173.2990079192912
west_east,0,2,060190027012,train,1976.6558808619711
west_east,0,2,060190027013,train,1574.1990861800082
west_east,0,2,060190027021,train,1179.4014248790902
west_east,0,2,060190027022,train,1979.1650019483875
west_east,0,2,060190027023,train,2017.9875568830619
west_east,0,2,060190027024,train,2464.4601563238243
west_east,0,2,060190028001,train,2033.5551515221646
west_east,0,2,060190028002,train,1627.5509439266198
west_east,0,2,060190028003,train,816.5365254823689
west_east,0,2,060190028004,train,912.2513984111714
west_east,0,2,060190029031,train,2788.441523312979
west_east,0,2,060190029032,train,3143.398732855659
west_east,0,2,060190029033,train,3012.424860998347
west_east,0,2,060190029041,train,2782.3477363769343
west_east,0,2,060190029042,train,3589.24953798394
west_east,0,2,060190029051,train,2570.4236711250887
west_east,0,2,060190029061,train,3253.65630001591
west_east,0,2,060190029062,train,2438.104313224331
west_east,0,2,060190030011,train,4045.450220967693
west_east,0,2,060190030012,train,4135.4188820744175
west_east,0,2,060190030031,train,4405.429427235673
west_east,0,2,060190030032,train,5208.658802037192
west_east,0,2,060190030041,train,5123.437042753396
west_east,0,2,060190030042,train,4362.317058631049
west_east,0,2,060190031021,train,3819.78213579012
west_east,0,2,060190031022,train,4623.309457989441
west_east,0,2,060190031023,train,2611.2233601649273
west_east,0,2,060190031024,train,3014.070746743295
west_east,0,2,060190031025,train,3816.816643869828
west_east,0,2,060190031031,train,3038.1490360554994
west_east,0,2,060190031032,train,3436.8741163129275
west_east,0,2,060190031033,train,2637.457951558078
west_east,0,2,060190031034,train,3834.870490249083
west_east,0,2,060190031035,train,3897.5341264373583
west_east,0,2,060190031041,train,4635.41137140606
west_east,0,2,060190031042,train,2419.7343242742836
west_east,0,2,060190032011,train,814.4781549594798
west_east,0,2,060190032012,train,1619.2584059690314
west_east,0,2,060190032021,train,815.5642094605424
west_east,0,2,060190032022,train,1101.1639084003602
west_east,0,2,060190032023,train,2437.554064859774
west_east,0,2,060190032024,train,2031.78781330742
west_east,0,2,060190033011,train,0.0
west_east,0,2,060190033012,train,0.0
west_east,0,2,060190033021,test,0.0
west_east,0,2,060190033022,train,0.0
west_east,0,2,060190033023,test,0.0
west_east,0,2,060190033024,train,0.0
west_east,0,2,060190034011,test,0.0
west_east,0,2,060190034012,test,0.0
west_east,0,2,060190034013,test,0.0
west_east,0,2,060190034021,test,0.0
west_east,0,2,060190034022,test,0.0
west_east,0,2,060190035001,test,0.0
west_east,0,2,060190035002,test,0.0
west_east,0,2,060190035003,train,0.0
west_east,0,2,060190035004,train,0.0
west_east,0,2,060190035005,test,0.0
west_east,0,2,060190036001,train,144.7502543607914
west_east,0,2,060190036002,train,553.1206383525721
west_east,0,2,060190036003,train,973.1697652971826
west_east,0,2,060190036004,train,680.46010003775
west_east,0,2,060190036005,train,550.0235764561556
west_east,0,2,060190037011,train,1718.6397835970258
west_east,0,2,060190037012,train,1579.080792549168
west_east,0,2,060190037021,train,1942.6274391937736
west_east,0,2,060190037022,train,2241.586225560392
west_east,0,2,060190037023,train,1443.3156966778954
west_east,0,2,060190037024,train,1346.6931379474106
west_east,0,2,060190038041,train,5328.007699861603
west_east,0,2,060190038042,train,6133.360277217413
west_east,0,2,060190038043,train,5328.007699861603
west_east,0,2,060190038051,train,3642.64517105951
west_east,0,2,060190038052,train,4534.042569066286
west_east,0,2,060190038053,train,4533.905718407977
west_east,0,2,060190038071,train,3821.484094845575
west_east,0,2,060190038072,train,3691.444372487885
west_east,0,2,060190038081,train,5278.830855777842
west_east,0,2,060190038082,train,6186.87420758284
west_east,0,2,060190038083,train,5401.241613595305
west_east,0,2,060190038091,train,4692.775119696783
west_east,0,2,060190038092,train,5426.664576904191
west_east,0,2,060190038101,train,7118.287111272488
west_east,0,2,060190038102,train,7770.377830189712
west_east,0,2,060190038103,train,6984.481104821898
west_east,0,2,060190038111,train,6899.304814649787
west_east,0,2,060190038112,train,6936.135313529735
west_east,0,2,060190038113,train,6936.531932013337
west_east,0,2,060190042051,train,3994.8755871802596
west_east,0,2,060190042052,train,3992.92679904345
west_east,0,2,060190042053,train,3986.2943302763492
west_east,0,2,060190042054,train,2938.2301901074247
west_east,0,2,060190042101,train,5621.929672782699
west_east,0,2,060190042102,train,5620.668684642633
west_east,0,2,060190042111,train,6730.266861935225
west_east,0,2,060190042112,train,7237.347749517084
west_east,0,2,060190042113,train,5706.883570570144
west_east,0,2,060190042121,train,5624.596594177655
west_east,0,2,060190042122,train,4710.276261691412
west_east,0,2,060190042123,train,6286.306392598576
west_east,0,2,060190042124,train,4814.669412137123
west_east,0,2,060190042125,train,3709.805043422039
west_east,0,2,060190042126,train,5986.293394209388
west_east,0,2,060190042131,train,4652.9141554233365
west_east,0,2,060190042132,train,4004.4474263349803
west_east,0,2,060190042141,train,4815.5019168098
west_east,0,2,060190042142,train,4015.5328442303507
west_east,0,2,060190042143,train,4014.193379278856
west_east,0,2,060190042144,train,4811.414386804084
west_east,0,2,060190042171,train,6193.002813672789
west_east,0,2,060190042172,train,7769.11596271088
west_east,0,2,060190043012,train,4290.069778736425
west_east,0,2,060190043013,train,2413.0771180759707
west_east,0,2,060190043021,train,3212.947027979922
west_east,0,2,060190043022,train,2407.430152021381
west_east,0,2,060190043023,train,1605.6194368042368
west_east,0,2,060190043024,train,3208.8675465369547
west_east,0,2,060190043025,train,1602.6107302638234
west_east,0,2,060190043031,train,2402.98976682631
west_east,0,2,060190043032,train,2745.155073168615
west_east,0,2,060190043033,train,1599.4835251769662
west_east,0,2,060190044042,test,0.0
west_east,0,2,060190044062,test,0.0
west_east,0,2,060190044063,test,0.0
west_east,0,2,060190044092,train,1673.526615426187
west_east,0,2,060190044093,train,1227.99055248266
west_east,0,2,060190045031,train,0.0
west_east,0,2,060190045032,train,0.0
west_east,0,2,060190045041,test,0.0
west_east,0,2,060190045042,test,0.0
west_east,0,2,060190045043,test,0.0
west_east,0,2,060190045044,test,0.0
west_east,0,2,060190045051,test,0.0
west_east,0,2,060190045052,test,0.0
west_east,0,2,060190045053,test,0.0
west_east,0,2,060190045061,train,796.9840056172868
west_east,0,2,060190045062,train,0.0
west_east,0,2,060190046011,train,1599.4360371274818
west_east,0,2,060190046012,train,1600.5169933346835
west_east,0,2,060190046021,train,0.0
west_east,0,2,060190046022,train,0.0
west_east,0,2,060190046023,train,799.5864062752954
west_east,0,2,060190047031,train,3037.515346860612
west_east,0,2,060190047032,train,2655.041088065518
west_east,0,2,060190047033,train,2277.339087300338
west_east,0,2,060190047041,train,2143.658635440624
west_east,0,2,060190047042,train,2940.041419845457
west_east,0,2,060190047043,train,2993.5136679737416
west_east,0,2,060190047051,train,3130.698485916406
west_east,0,2,060190047052,train,3190.65494032113
west_east,0,2,060190047061,train,2393.5718412382776
west_east,0,2,060190047062,train,2394.553896842952
west_east,0,2,060190047063,train,3195.4772676358007
west_east,0,2,060190048011,train,0.0
west_east,0,2,060190048012,train,677.7673171995893
west_east,0,2,060190048013,train,811.9456412554692
west_east,0,2,060190048021,train,1558.2241928028925
west_east,0,2,060190048022,train,1346.590425805877
west_east,0,2,060190048023,train,1399.1123143091777
west_east,0,2,060190049011,train,0.0
west_east,0,2,060190049012,test,0.0
west_east,0,2,060190049021,train,805.0579311854711
west_east,0,2,060190049022,train,0.0
west_east,0,2,060190050001,test,0.0
west_east,0,2,060190050002,test,0.0
west_east,0,2,060190050003,test,0.0
west_east,0,2,060190051001,test,0.0
west_east,0,2,060190051002,test,0.0
west_east,0,2,060190051003,test,0.0
west_east,0,2,060190051004,test,0.0
west_east,0,2,060190051005,test,0.0
west_east,0,2,060190052021,train,802.6447977806373
west_east,0,2,060190052022,train,811.6340477814962
west_east,0,2,060190052031,test,0.0
west_east,0,2,060190052032,train,0.0
west_east,0,2,060190052041,train,0.0
west_east,0,2,060190052042,test,0.0
west_east,0,2,060190052043,train,0.0
west_east,0,2,060190053011,train,0.0
west_east,0,2,060190053012,train,0.0
west_east,0,2,060190053013,test,0.0
west_east,0,2,060190053021,train,0.0
west_east,0,2,060190053022,test,0.0
west_east,0,2,060190053041,train,608.6489527813294
west_east,0,2,060190053042,train,1585.2327947604879
west_east,0,2,060190053043,train,1408.0077982397395
west_east,0,2,060190053051,train,694.4179042650982
west_east,0,2,060190053052,train,1451.9674823597186
west_east,0,2,060190054031,train,0.0
west_east,0,2,060190054032,test,0.0
west_east,0,2,060190054033,train,0.0
west_east,0,2,060190054051,test,0.0
west_east,0,2,060190054052,train,0.0
west_east,0,2,060190054053,train,804.2199329206705
west_east,0,2,060190054061,test,0.0
west_east,0,2,060190054062,train,0.0
west_east,0,2,060190054063,train,229.9851958844138
west_east,0,2,060190054071,train,1031.7526424009648
west_east,0,2,060190054072,train,1830.7043570014944
west_east,0,2,060190054081,train,707.1823227982128
west_east,0,2,060190054091,train,0.0
west_east,0,2,060190054092,train,196.26274028792676
west_east,0,2,060190054101,test,0.0
west_east,0,2,060190054102,test,0.0
west_east,0,2,060190055092,train,1581.7487987690406
west_east,0,2,060190055093,train,1578.843586939988
west_east,0,2,060190055143,train,3194.974914149292
west_east,0,2,060190055261,train,787.3513120976843
west_east,0,2,060190055272,train,0.0
west_east,0,2,060190056023,train,4647.439207004757
west_east,0,2,060190056024,train,4621.160495766053
west_east,0,2,060190056051,train,2628.225149547447
west_east,0,2,060190056061,train,3209.961007274622
west_east,0,2,060190056062,train,3325.0008889165715
west_east,0,2,060190056071,train,3336.18616197644
west_east,0,2,060190056072,train,3795.0607046609116
west_east,0,2,060190056073,train,3202.1149269724056
west_east,0,2,060190056074,train,4476.084681805556
west_east,0,2,060190056081,train,3826.0891590643955
west_east,0,2,060190056082,train,2506.994720618334
west_east,0,2,060190086002,train,3762.422492621331
west_east,0,2,060190086004,train,1499.3813887395738
west_east,0,3,060190001001,train,1117.667915020842
west_east,0,3,060190002001,train,1803.6939131509043
west_east,0,3,060190002002,train,1874.2649954982398
west_east,0,3,060190003001,train,1757.1995682393726
west_east,0,3,060190003002,train,928.9643856831384
west_east,0,3,060190003003,train,1336.8763200696112
west_east,0,3,060190004001,test,0.0
west_east,0,3,060190004002,test,0.0
west_east,0,3,060190004003,train,0.0
west_east,0,3,060190004004,train,0.0
west_east,0,3,060190005011,train,0.0
west_east,0,3,060190005012,train,0.0
west_east,0,3,060190005021,train,427.7558174770749
west_east,0,3,060190005022,train,821.356464015427
west_east,0,3,060190006011,train,2165.6938818036906
west_east,0,3,060190006012,train,2197.227989322912
west_east,0,3,060190006013,train,1783.429306222881
west_east,0,3,060190006014,train,1735.0031050130701
west_east,0,3,060190006021,train,545.8369939405992
west_east,0,3,060190007011,train,2817.4317491524234
west_east,0,3,060190007021,train,2849.7893367455245
west_east,0,3,060190009011,train,2375.5039617195234
west_east,0,3,060190009012,train,1141.5844750302247
west_east,0,3,060190009021,train,838.3882917004585
west_east,0,3,060190009022,train,1214.431231606805
west_east,0,3,060190009023,train,1728.572055646142
west_east,0,3,060190010001,train,1294.1567634344053
west_east,0,3,060190010002,train,1504.5008552710076
west_east,0,3,060190011001,train,0.0
west_east,0,3,060190011002,train,0.0
west_east,0,3,060190012011,test,0.0
west_east,0,3,060190012012,test,0.0
west_east,0,3,060190012013,test,0.0
west_east,0,3,060190012014,test,0.0
west_east,0,3,060190012021,test,0.0
west_east,0,3,060190012022,train,0.0
west_east,0,3,060190013011,test,0.0
west_east,0,3,060190013012,test,0.0
west_east,0,3,060190013013,test,0.0
west_east,0,3,060190013014,train,0.0
west_east,0,3,060190013015,test,0.0
west_east,0,3,060190013031,test,0.0
west_east,0,3,060190013032,test,0.0
west_east,0,3,060190013041,test,0.0
west_east,0,3,060190013042,train,0.0
west_east,0,3,060190013043,test,0.0
west_east,0,3,060190014071,train,408.8429449945076
west_east,0,3,060190014072,train,806.9323683420733
west_east,0,3,060190014073,train,1159.334893117894
west_east,0,3,060190014074,train,361.84356240533253
west_east,0,3,060190014081,train,0.0
west_east,0,3,060190014082,train,806.7458256711815
west_east,0,3,060190014151,train,0.0
west_east,0,3,060190014152,train,802.9644014999722
west_east,0,3,060190014153,train,0.0
west_east,0,3,060190014161,train,1601.5795289715602
west_east,0,3,060190015001,test,0.0
west_east,0,3,060190017003,test,0.0
west_east,0,3,060190018001,train,0.0
west_east,0,3,060190018002,train,0.0
west_east,0,3,060190018003,train,0.0
west_east,0,3,060190018004,train,1448.9623730085175
west_east,0,3,060190020001,train,5121.714137188469
west_east,0,3,060190020002,train,3744.4257931667544
west_east,0,3,060190020003,train,3639.1334433916118
west_east,0,3,060190020004,train,5531.1817738306
west_east,0,3,060190020005,train,4760.52255297981
west_east,0,3,060190021001,train,3317.8947202859704
west_east,0,3,060190021002,train,3439.5536339325186
west_east,0,3,060190021003,train,3302.328723509982
west_east,0,3,060190021004,train,4306.3021292900285
west_east,0,3,060190021005,train,3909.7914753216655
west_east,0,3,060190022001,train,2399.3610327896754
west_east,0,3,060190022002,train,2807.0733806803487
west_east,0,3,060190022003,train,3085.889239074954
west_east,0,3,060190022004,train,2670.046478894449
west_east,0,3,060190023001,train,1538.252087182116
west_east,0,3,060190023002,train,2010.366174141644
west_east,0,3,060190023003,train,1802.4445147496538
west_east,0,3,060190024001,train,395.6329998282045
west_east,0,3,060190024002,train,399.6215485800737
west_east,0,3,060190024003,train,1137.8113943804792
west_east,0,3,060190024004,train,1069.7147336405244
west_east,0,3,060190025011,train,0.0
west_east,0,3,060190025012,test,0.0
west_east,0,3,060190025013,test,0.0
west_east,0,3,060190025014,test,0.0
west_east,0,3,060190025021,train,0.0
west_east,0,3,060190025022,test,0.0
west_east,0,3,060190025023,test,0.0
west_east,0,3,060190026011,train,0.0
west_east,0,3,060190026012,test,0.0
west_east,0,3,060190026013,test,0.0
west_east,0,3,060190026021,test,0.0
west_east,0,3,060190026022,test,0.0
west_east,0,3,060190026023,test,0.0
west_east,0,3,060190027011,test,0.0
west_east,0,3,060190027012,train,0.0
west_east,0,3,060190027013,test,0.0
west_east,0,3,060190027021,test,0.0
west_east,0,3,060190027022,train,0.0
west_east,0,3,060190027023,test,0.0
west_east,0,3,060190027024,train,0.0
west_east,0,3,060190028001,train,0.0
west_east,0,3,060190028002,test,0.0
west_east,0,3,060190028003,test,0.0
west_east,0,3,060190028004,test,0.0
west_east,0,3,060190029031,train,361.36046122521793
west_east,0,3,060190029032,train,695.7058042816724
west_east,0,3,060190029033,train,553.8730927380606
west_east,0,3,060190029041,train,405.15570449804136
west_east,0,3,060190029042,train,1211.5138788841107
west_east,0,3,060190029051,train,405.33533741820327
west_east,0,3,060190029061,train,1190.2248288014662
west_east,0,3,060190029062,train,387.5271504652964
west_east,0,3,060190030011,train,1996.3994927505037
west_east,0,3,060190030012,train,2015.5773540492403
west_east,0,3,060190030031,train,1964.4390389520038
west_east,0,3,060190030032,train,2772.039757313662
west_east,0,3,060190030041,train,2806.352563521974
west_east,0,3,060190030042,train,2014.0251443757807
west_east,0,3,060190031021,train,1032.3687066756022
west_east,0,3,060190031022,train,1924.0310449122
west_east,0,3,060190031023,train,107.96085041523786
west_east,0,3,060190031024,train,680.9022471931768
west_east,0,3,060190031025,train,1197.945199827481
west_east,0,3,060190031031,train,385.6955057200257
west_east,0,3,060190031032,train,803.6298688427562
west_east,0,3,060190031033,train,0.0
west_east,0,3,060190031034,train,1261.302957812247
west_east,0,3,060190031035,train,1205.7290257352897
west_east,0,3,060190031041,train,2007.9283359416768
west_east,0,3,060190031042,train,0.0
west_east,0,3,060190032011,test,0.0
west_east,0,3,060190032012,train,0.0
west_east,0,3,060190032021,test,0.0
west_east,0,3,060190032022,test,0.0
west_east,0,3,060190032023,train,403.0799261005805
west_east,0,3,060190032024,train,0.0
west_east,0,3,060190033011,test,0.0
west_east,0,3,060190033012,test,0.0
west_east,0,3,060190033021,train,0.0
west_east,0,3,060190033022,test,0.0
west_east,0,3,060190033023,train,0.0
west_east,0,3,060190033024,test,0.0
west_east,0,3,060190034011,train,0.0
west_east,0,3,060190034012,train,801.2585266749439
west_east,0,3,060190034013,train,395.6329998282045
west_east,0,3,060190034021,train,0.0
west_east,0,3,060190034022,train,397.15926024684273
west_east,0,3,060190035001,train,1203.80249481248
west_east,0,3,060190035002,train,1201.7186686827065
west_east,0,3,060190035003,train,1862.4110271225998
west_east,0,3,060190035004,train,2172.5526588669463
west_east,0,3,060190035005,train,1203.6537353720717
west_east,0,3,060190036001,train,2809.3345057608635
west_east,0,3,060190036002,train,2813.8195388724166
west_east,0,3,060190036003,train,3224.0079142542013
west_east,0,3,060190036004,train,3217.123857315578
west_east,0,3,060190036005,train,3215.8160932640662
west_east,0,3,060190037011,train,4077.5660310941544
west_east,0,3,060190037012,train,4019.5439173092905
west_east,0,3,060190037021,train,4610.833700446636
west_east,0,3,060190037022,train,4821.615074576251
west_east,0,3,060190037023,train,4017.2438332505967
west_east,0,3,060190037024,train,4013.891224613476
west_east,0,3,060190038041,train,7996.1893693757975
west_east,0,3,060190038042,train,8798.109251322592
west_east,0,3,060190038043,train,7996.1893693757975
west_east,0,3,060190038051,train,6304.204480997599
west_east,0,3,060190038052,train,7200.170534525205
west_east,0,3,060190038053,train,7202.147869363306
west_east,0,3,060190038071,train,6399.276826887002
west_east,0,3,060190038072,train,6219.909549809785
west_east,0,3,060190038081,train,7680.286605554799
west_east,0,3,060190038082,train,8799.015169079106
west_east,0,3,060190038083,train,8002.064964975215
west_east,0,3,060190038091,train,7336.367295567541
west_east,0,3,060190038092,train,7888.272669816105
west_east,0,3,060190038101,train,9631.834438940354
west_east,0,3,060190038102,train,10427.885766290174
west_east,0,3,060190038103,train,9631.387806964707
west_east,0,3,060190038111,train,9210.523613841115
west_east,0,3,060190038112,train,9604.231112945072
west_east,0,3,060190038113,train,9603.94218887292
west_east,0,3,060190042051,train,6420.012260852459
west_east,0,3,060190042052,train,6420.150241235339
west_east,0,3,060190042053,train,6413.984556326269
west_east,0,3,060190042054,train,5487.265846687707
west_east,0,3,060190042101,train,8032.956164145204
west_east,0,3,060190042102,train,8032.070060205787
west_east,0,3,060190042111,train,9141.28741754874
west_east,0,3,060190042112,train,9648.558800509149
west_east,0,3,060190042113,train,8119.853215614996
west_east,0,3,060190042121,train,8044.25801397338
west_east,0,3,060190042122,train,7130.048407372542
west_east,0,3,060190042123,train,8701.121807604612
west_east,0,3,060190042124,train,7235.037589174915
west_east,0,3,060190042125,train,6130.271018691739
west_east,0,3,060190042126,train,8401.302900885681
west_east,0,3,060190042131,train,7067.47336191573
west_east,0,3,060190042132,train,6422.37477807474
west_east,0,3,060190042141,train,7226.7180805431535
west_east,0,3,060190042142,train,6426.49957539978
west_east,0,3,060190042143,train,6425.927943348703
west_east,0,3,060190042144,train,7224.361069311106
west_east,0,3,060190042171,train,8617.927061535082
west_east,0,3,060190042172,train,10189.807324591942
west_east,0,3,060190043012,train,6697.1684336813505
west_east,0,3,060190043013,train,4820.131903395872
west_east,0,3,060190043021,train,5622.6619252958235
west_east,0,3,060190043022,train,4819.372383357098
west_east,0,3,060190043023,train,4016.6054042738665
west_east,0,3,060190043024,train,5621.173026897167
west_east,0,3,060190043025,train,4015.570461671876
west_east,0,3,060190043031,train,4820.367735205979
west_east,0,3,060190043032,train,5165.324642771163
west_east,0,3,060190043033,train,4015.570461671876
west_east,0,3,060190044042,train,801.9344306049028
west_east,0,3,060190044062,train,0.0
west_east,0,3,060190044063,train,795.0333594930324
west_east,0,3,060190044092,train,4009.929758878705
west_east,0,3,060190044093,train,3635.0305323405346
west_east,0,3,060190045031,train,2406.752269733235
west_east,0,3,060190045032,train,2411.0542233570422
west_east,0,3,060190045041,train,801.0702881723635
west_east,0,3,060190045042,train,1608.0333611025833
west_east,0,3,060190045043,train,1860.8407229973295
west_east,0,3,060190045044,train,1604.1724526497485
west_east,0,3,060190045051,train,1611.2286558407022
west_east,0,3,060190045052,train,808.2015514190188
west_east,0,3,060190045053,train,806.0503891934986
west_east,0,3,060190045061,train,3209.938360583861
west_east,0,3,060190045062,train,2411.0677053573004
west_east,0,3,060190046011,train,4026.383330500299
west_east,0,3,060190046012,train,4020.8530786249526
west_east,0,3,060190046021,train,2420.2237929453386
west_east,0,3,060190046022,train,2425.718384610066
west_east,0,3,060190046023,train,3219.8864496909628
west_east,0,3,060190047031,train,5618.907456012476
west_east,0,3,060190047032,train,5241.159804985815
west_east,0,3,060190047033,train,4822.527885692032
west_east,0,3,060190047041,train,4810.980446836194
west_east,0,3,060190047042,train,5608.097772985499
west_east,0,3,060190047043,train,5633.372985832883
west_east,0,3,060190047051,train,5557.024002104095
west_east,0,3,060190047052,train,5618.3307416249145
west_east,0,3,060190047061,train,4820.158711218386
west_east,0,3,060190047062,train,4822.134146891986
west_east,0,3,060190047063,train,5620.315436123562
west_east,0,3,060190048011,train,2668.2564970582835
west_east,0,3,060190048012,train,3238.767497904543
west_east,0,3,060190048013,train,3304.680809957459
west_east,0,3,060190048021,train,4031.27681520668
west_east,0,3,060190048022,train,4014.7382387159646
west_east,0,3,060190048023,train,4028.704426943048
west_east,0,3,060190049011,train,1602.8063832157602
west_east,0,3,060190049012,train,1623.5187628826636
west_east,0,3,060190049021,train,3235.1142206064856
west_east,0,3,060190049022,train,2642.319908365936
west_east,0,3,060190050001,train,809.6034582615014
west_east,0,3,060190050002,train,810.2714144870324
west_east,0,3,060190050003,train,1617.5608711229133
west_east,0,3,060190051001,train,0.0
west_east,0,3,060190051002,train,551.7198009743527
west_east,0,3,060190051003,train,1104.8287919758238
west_east,0,3,060190051004,train,1237.3352637877865
west_east,0,3,060190051005,train,512.7299063485627
west_east,0,3,060190052021,test,0.0
west_east,0,3,060190052022,test,0.0
west_east,0,3,060190052031,train,0.0
west_east,0,3,060190052032,test,0.0
west_east,0,3,060190052041,test,0.0
west_east,0,3,060190052042,train,0.0
west_east,0,3,060190052043,test,0.0
west_east,0,3,060190053011,test,0.0
west_east,0,3,060190053012,test,0.0
west_east,0,3,060190053013,train,0.0
west_east,0,3,060190053021,test,0.0
west_east,0,3,060190053022,train,0.0
west_east,0,3,060190053041,test,0.0
west_east,0,3,060190053042,train,0.0
west_east,0,3,060190053043,train,0.0
west_east,0,3,060190053051,test,0.0
west_east,0,3,060190053052,train,0.0
west_east,0,3,060190054031,test,0.0
west_east,0,3,060190054032,train,0.0
west_east,0,3,060190054033,test,0.0
west_east,0,3,060190054051,train,0.0
west_east,0,3,060190054052,test,0.0
west_east,0,3,060190054053,test,0.0
west_east,0,3,060190054061,train,0.0
west_east,0,3,060190054062,test,0.0
west_east,0,3,060190054063,test,0.0
west_east,0,3,060190054071,test,0.0
west_east,0,3,060190054072,train,0.0
west_east,0,3,060190054081,test,0.0
west_east,0,3,060190054091,test,0.0
west_east,0,3,060190054092,test,0.0
west_east,0,3,060190054101,train,0.0
west_east,0,3,060190054102,train,0.0
west_east,0,3,060190055092,test,0.0
west_east,0,3,060190055093,train,0.0
west_east,0,3,060190055143,train,998.1526628373555
west_east,0,3,060190055261,test,0.0
west_east,0,3,060190055272,test,0.0
west_east,0,3,060190056023,train,1629.4759318823833
west_east,0,3,060190056024,train,1273.4549542573266
west_east,0,3,060190056051,train,0.0
west_east,0,3,060190056061,train,588.4819290252061
west_east,0,3,060190056062,train,0.0
west_east,0,3,060190056071,train,0.0
west_east,0,3,060190056072,train,608.9424385532061
west_east,0,3,060190056073,train,0.0
west_east,0,3,060190056074,train,1222.848939259709
west_east,0,3,060190056081,train,751.5354346011796
west_east,0,3,060190056082,train,0.0
west_east,0,3,060190086002,train,5605.162041077801
west_east,0,3,060190086004,train,3219.1699641787454
west_east,0,4,060190001001,train,3560.8769633884613
west_east,0,4,060190002001,train,4392.77182270259
west_east,0,4,060190002002,train,4800.2714821314985
west_east,0,4,060190003001,train,4981.481370975948
west_east,0,4,060190003002,train,3771.14861390332
west_east,0,4,060190003003,train,4560.851625187522
west_east,0,4,060190004001,train,1614.480765454866
west_east,0,4,060190004002,train,1610.4711629122464
west_east,0,4,060190004003,train,2008.991707885218
west_east,0,4,060190004004,train,2116.522899742798
west_east,0,4,060190005011,train,2406.9962902154343
west_east,0,4,060190005012,train,2404.49905776381
west_east,0,4,060190005021,train,2754.7950034779424
west_east,0,4,060190005022,train,3216.4759639205345
west_east,0,4,060190006011,train,4572.3506986481525
west_east,0,4,060190006012,train,4583.940778553334
west_east,0,4,060190006013,train,4145.063924704212
west_east,0,4,060190006014,train,4141.954038893804
west_east,0,4,060190006021,train,2993.1738475299794
west_east,0,4,060190007011,train,6019.463743927469
west_east,0,4,060190007021,train,5256.586782246412
west_east,0,4,060190009011,train,5331.910232710489
west_east,0,4,060190009012,train,4003.0473159453036
west_east,0,4,060190009021,train,4024.401271959591
west_east,0,4,060190009022,train,4430.9277890825515
west_east,0,4,060190009023,train,4834.144705769818
west_east,0,4,060190010001,train,3747.8260616709363
west_east,0,4,060190010002,train,3666.345324413759
west_east,0,4,060190011001,train,1785.8038547818614
west_east,0,4,060190011002,train,2506.971790384096
west_east,0,4,060190012011,train,0.0
west_east,0,4,060190012012,train,481.4563356520929
west_east,0,4,060190012013,train,0.0
west_east,0,4,060190012014,train,0.0
west_east,0,4,060190012021,train,0.0
west_east,0,4,060190012022,test,0.0
west_east,0,4,060190013011,train,1113.1107060210343
west_east,0,4,060190013012,train,811.14930788231
west_east,0,4,060190013013,train,0.0
west_east,0,4,060190013014,test,0.0
west_east,0,4,060190013015,train,508.3158581426072
west_east,0,4,060190013031,train,1210.963171247099
west_east,0,4,060190013032,train,810.1987708114611
west_east,0,4,060190013041,train,0.0
west_east,0,4,060190013042,test,0.0
west_east,0,4,060190013043,train,503.07357317068437
west_east,0,4,060190014071,test,0.0
west_east,0,4,060190014072,test,0.0
west_east,0,4,060190014073,test,0.0
west_east,0,4,060190014074,test,0.0
west_east,0,4,060190014081,test,0.0
west_east,0,4,060190014082,test,0.0
west_east,0,4,060190014151,test,0.0
west_east,0,4,060190014152,test,0.0
west_east,0,4,060190014153,test,0.0
west_east,0,4,060190014161,test,0.0
west_east,0,4,060190015001,train,0.0
west_east,0,4,060190017003,train,5129.411096231732
west_east,0,4,060190018001,train,2055.4625339048366
west_east,0,4,060190018002,train,3679.4135878214497
west_east,0,4,060190018003,train,5400.417893802317
west_east,0,4,060190018004,train,4889.851465609718
west_east,0,4,060190020001,train,7576.412952117172
west_east,0,4,060190020002,train,6067.379877140138
west_east,0,4,060190020003,train,6028.896192909628
west_east,0,4,060190020004,train,8035.003151533256
west_east,0,4,060190020005,train,7104.198972587338
west_east,0,4,060190021001,train,5720.955101214376
west_east,0,4,060190021002,train,5645.390668688907
west_east,0,4,060190021003,train,5613.361911063181
west_east,0,4,060190021004,train,6687.269740722997
west_east,0,4,060190021005,train,6286.1024286349175
west_east,0,4,060190022001,train,4683.155706906999
west_east,0,4,060190022002,train,4920.319666927086
west_east,0,4,060190022003,train,5433.24098894158
west_east,0,4,060190022004,train,5022.323407219323
west_east,0,4,060190023001,train,3723.0191526103304
west_east,0,4,060190023002,train,4055.5314642302887
west_east,0,4,060190023003,train,4022.2397404510816
west_east,0,4,060190024001,train,2544.375994987147
west_east,0,4,060190024002,train,2413.6037704115556
west_east,0,4,060190024003,train,3216.570436191647
west_east,0,4,060190024004,train,3316.603750478254
west_east,0,4,060190025011,train,2168.237020152176
west_east,0,4,060190025012,train,1800.4124048005567
west_east,0,4,060190025013,train,1211.12165270787
west_east,0,4,060190025014,train,1141.3058678112982
west_east,0,4,060190025021,train,2013.3912851384418
west_east,0,4,060190025022,train,1606.8973940741819
west_east,0,4,060190025023,train,803.3602539480673
west_east,0,4,060190026011,train,1976.6558808619711
west_east,0,4,060190026012,train,1206.5543029596292
west_east,0,4,060190026013,train,798.7885850419051
west_east,0,4,060190026021,train,1388.7732248384082
west_east,0,4,060190026022,train,798.7885850419051
west_east,0,4,060190026023,train,1388.8067838245122
west_east,0,4,060190027011,train,401.41640569989124
west_east,0,4,060190027012,test,0.0
west_east,0,4,060190027013,train,0.0
west_east,0,4,060190027021,train,0.0
west_east,0,4,060190027022,test,0.0
west_east,0,4,060190027023,train,0.0
west_east,0,4,060190027024,test,0.0
west_east,0,4,060190028001,test,0.0
west_east,0,4,060190028002,train,0.0
west_east,0,4,060190028003,train,201.1591879573062
west_east,0,4,060190028004,train,402.07929210909634
west_east,0,4,060190029031,test,0.0
west_east,0,4,060190029032,test,0.0
west_east,0,4,060190029033,test,0.0
west_east,0,4,060190029041,test,0.0
west_east,0,4,060190029042,test,0.0
west_east,0,4,060190029051,test,0.0
west_east,0,4,060190029061,test,0.0
west_east,0,4,060190029062,test,0.0
west_east,0,4,060190030011,test,0.0
west_east,0,4,060190030012,test,0.0
west_east,0,4,060190030031,test,0.0
west_east,0,4,060190030032,test,0.0
west_east,0,4,060190030041,test,0.0
west_east,0,4,060190030042,test,0.0
west_east,0,4,060190031021,test,0.0
west_east,0,4,060190031022,test,0.0
west_east,0,4,060190031023,test,0.0
west_east,0,4,060190031024,test,0.0
west_east,0,4,060190031025,test,0.0
west_east,0,4,060190031031,test,0.0
west_east,0,4,060190031032,test,0.0
west_east,0,4,060190031033,test,0.0
west_east,0,4,060190031034,test,0.0
west_east,0,4,060190031035,test,0.0
west_east,0,4,060190031041,test,0.0
west_east,0,4,060190031042,test,0.0
west_east,0,4,060190032011,train,0.0
west_east,0,4,060190032012,test,0.0
west_east,0,4,060190032021,train,402.74059492550396
west_east,0,4,060190032022,train,0.0
west_east,0,4,060190032023,test,0.0
west_east,0,4,060190032024,test,0.0
west_east,0,4,060190033011,train,1567.9926242886606
west_east,0,4,060190033012,train,804.7716008627937
west_east,0,4,060190033021,train,1820.5884796427342
west_east,0,4,060190033022,train,1141.8284473931808
west_east,0,4,060190033023,train,1682.5274294758894
west_east,0,4,060190033024,train,902.4051484266954
west_east,0,4,060190034011,train,2454.6992104933242
west_east,0,4,060190034012,train,3079.7564801622507
west_east,0,4,060190034013,train,2553.4664567112904
west_east,0,4,060190034021,train,2421.6609997904357
west_east,0,4,060190034022,train,2822.3938772722504
west_east,0,4,060190035001,train,3647.7342991872274
west_east,0,4,060190035002,train,3625.910657460569
west_east,0,4,060190035003,train,4275.249146165733
west_east,0,4,060190035004,train,4612.032861013565
west_east,0,4,060190035005,train,3625.939843884097
west_east,0,4,060190036001,train,5232.120352019445
west_east,0,4,060190036002,train,5258.303716942383
west_east,0,4,060190036003,train,5671.967583863093
west_east,0,4,060190036004,train,5639.734362433581
west_east,0,4,060190036005,train,5639.439048413174
west_east,0,4,060190037011,train,6532.264621975362
west_east,0,4,060190037012,train,6454.9600704586555
west_east,0,4,060190037021,train,7036.071891110672
west_east,0,4,060190037022,train,7247.210214460195
west_east,0,4,060190037023,train,6440.760368914559
west_east,0,4,060190037024,train,6438.458114014326
west_east,0,4,060190038041,train,10421.44732548896
west_east,0,4,060190038042,train,11221.49736429024
west_east,0,4,060190038043,train,10421.108704829576
west_east,0,4,060190038051,train,8728.83860889112
west_east,0,4,060190038052,train,9622.934700347183
west_east,0,4,060190038053,train,9627.350730937282
west_east,0,4,060190038071,train,8831.966989814697
west_east,0,4,060190038072,train,8811.973079192065
west_east,0,4,060190038081,train,10399.364051950179
west_east,0,4,060190038082,train,11229.37616937896
west_east,0,4,060190038083,train,10435.858915479126
west_east,0,4,060190038091,train,9752.380742814865
west_east,0,4,060190038092,train,10293.575012747448
west_east,0,4,060190038101,train,12035.591532896276
west_east,0,4,060190038102,train,12837.41903147656
west_east,0,4,060190038103,train,12036.641457785023
west_east,0,4,060190038111,train,12019.857402391632
west_east,0,4,060190038112,train,12029.431947495756
west_east,0,4,060190038113,train,12027.652599043675
west_east,0,4,060190042051,train,8830.240840068142
west_east,0,4,060190042052,train,8829.548248234098
west_east,0,4,060190042053,train,8818.18861658379
west_east,0,4,060190042054,train,7920.829285296844
west_east,0,4,060190042101,train,10211.184337502027
west_east,0,4,060190042102,train,10221.518104028597
west_east,0,4,060190042111,train,11351.355636094011
west_east,0,4,060190042112,train,11858.01049265442
west_east,0,4,060190042113,train,10433.979915726752
west_east,0,4,060190042121,train,10458.020235398239
west_east,0,4,060190042122,train,9568.641356488988
west_east,0,4,060190042123,train,11035.13416740147
west_east,0,4,060190042124,train,9646.755866553649
west_east,0,4,060190042125,train,8540.289359136612
west_east,0,4,060190042126,train,10790.482540937755
west_east,0,4,060190042131,train,9443.198926999283
west_east,0,4,060190042132,train,8762.06110177444
west_east,0,4,060190042141,train,9404.901654815918
west_east,0,4,060190042142,train,8621.77052041081
west_east,0,4,060190042143,train,8646.910239796509
west_east,0,4,060190042144,train,9447.421228953457
west_east,0,4,060190042171,train,11028.164892132612
west_east,0,4,060190042172,train,12599.865989926562
west_east,0,4,060190043012,train,8875.346304604725
west_east,0,4,060190043013,train,6998.026904268042
west_east,0,4,060190043021,train,7801.228493124876
west_east,0,4,060190043022,train,6998.417259362902
west_east,0,4,060190043023,train,6196.37948030442
west_east,0,4,060190043024,train,7850.07839059712
west_east,0,4,060190043025,train,6252.427766413791
west_east,0,4,060190043031,train,7193.131343945239
west_east,0,4,060190043032,train,7575.411342124166
west_east,0,4,060190043033,train,6411.271000234289
west_east,0,4,060190044042,train,2979.1781656599064
west_east,0,4,060190044062,train,1578.843586939988
west_east,0,4,060190044063,train,2432.4338143678083
west_east,0,4,060190044092,train,6108.429771245183
west_east,0,4,060190044093,train,5802.672891994704
west_east,0,4,060190045031,train,4585.641775266754
west_east,0,4,060190045032,train,4664.159484237797
west_east,0,4,060190045041,train,2979.1983756441805
west_east,0,4,060190045042,train,3875.1551876380404
west_east,0,4,060190045043,train,4067.5706217463776
west_east,0,4,060190045044,train,3782.383514643562
west_east,0,4,060190045051,train,4026.990858761993
west_east,0,4,060190045052,train,3219.534916192699
west_east,0,4,060190045053,train,3314.5265461361837
west_east,0,4,060190045061,train,5630.0807484287425
west_east,0,4,060190045062,train,4829.942072063238
west_east,0,4,060190046011,train,6430.098561844221
west_east,0,4,060190046012,train,6430.841675024352
west_east,0,4,060190046021,train,4830.2117229737605
west_east,0,4,060190046022,train,4830.170711367103
west_east,0,4,060190046023,train,5629.862267680318
west_east,0,4,060190047031,train,8024.166060891596
west_east,0,4,060190047032,train,7642.498457851721
west_east,0,4,060190047033,train,7227.821932390264
west_east,0,4,060190047041,train,7235.9622196020155
west_east,0,4,060190047042,train,8033.269790314036
west_east,0,4,060190047043,train,8050.451943713681
west_east,0,4,060190047051,train,7963.482799461165
west_east,0,4,060190047052,train,8022.970400680457
west_east,0,4,060190047061,train,7223.911456256087
west_east,0,4,060190047062,train,7226.906340162854
west_east,0,4,060190047063,train,8030.536562152265
west_east,0,4,060190048011,train,5093.4646951513505
west_east,0,4,060190048012,train,5654.602652519841
west_east,0,4,060190048013,train,5693.166378446498
west_east,0,4,060190048021,train,6436.340827876633
west_east,0,4,060190048022,train,6439.639535834931
west_east,0,4,060190048023,train,6447.585168354299
west_east,0,4,060190049011,train,4028.011925485923
west_east,0,4,060190049012,train,4028.76922078612
west_east,0,4,060190049021,train,5640.417570265678
west_east,0,4,060190049022,train,5067.527956378815
west_east,0,4,060190050001,train,3219.519973068923
west_east,0,4,060190050002,train,3214.3175373967783
west_east,0,4,060190050003,train,4024.7016271906123
west_east,0,4,060190051001,train,2405.3456527969443
west_east,0,4,060190051002,train,2881.7239194128692
west_east,0,4,060190051003,train,3522.0218217195597
west_east,0,4,060190051004,train,3632.9091183645805
west_east,0,4,060190051005,train,2786.266738240236
west_east,0,4,060190052021,train,0.0
west_east,0,4,060190052022,train,0.0
west_east,0,4,060190052031,train,1619.2584059690314
west_east,0,4,060190052032,train,804.2941747494267
west_east,0,4,060190052041,train,1223.1661316276693
west_east,0,4,060190052042,train,1602.2236043547337
west_east,0,4,060190052043,train,798.9676194005967
west_east,0,4,060190053011,train,795.0201496083804
west_east,0,4,060190053012,train,1599.8826157582535
west_east,0,4,060190053013,train,2403.256877825294
west_east,0,4,060190053021,train,796.6083395843834
west_east,0,4,060190053022,train,1408.0077982397395
west_east,0,4,060190053041,train,0.0
west_east,0,4,060190053042,test,0.0
west_east,0,4,060190053043,test,0.0
west_east,0,4,060190053051,train,0.0
west_east,0,4,060190053052,test,0.0
west_east,0,4,060190054031,train,796.6083395843834
west_east,0,4,060190054032,train,1855.54732987541
west_east,0,4,060190054033,train,895.5216614546982
west_east,0,4,060190054051,train,2326.262038850975
west_east,0,4,060190054052,train,1595.950818483574
west_east,0,4,060190054053,train,805.4927986385039
west_east,0,4,060190054061,train,2177.2818821830147
west_east,0,4,060190054062,train,1371.4271064969055
west_east,0,4,060190054063,train,570.5640788748691
west_east,0,4,060190054071,train,0.0
west_east,0,4,060190054072,test,0.0
west_east,0,4,060190054081,train,0.0
west_east,0,4,060190054091,train,1665.7766450143538
west_east,0,4,060190054092,train,1131.9803387207148
west_east,0,4,060190054101,train,2409.840097022147
west_east,0,4,060190054102,train,2537.4556481608834
west_east,0,4,060190055092,train,0.0
west_east,0,4,060190055093,test,0.0
west_east,0,4,060190055143,test,0.0
west_east,0,4,060190055261,train,0.0
west_east,0,4,060190055272,train,571.0590438951438
west_east,0,4,060190056023,test,0.0
west_east,0,4,060190056024,test,0.0
west_east,0,4,060190056051,test,0.0
west_east,0,4,060190056061,test,0.0
west_east,0,4,060190056062,test,0.0
west_east,0,4,060190056071,test,0.0
west_east,0,4,060190056072,test,0.0
west_east,0,4,060190056073,test,0.0
west_east,0,4,060190056074,test,0.0
west_east,0,4,060190056081,test,0.0
west_east,0,4,060190056082,test,0.0
west_east,0,4,060190086002,train,8604.945040731425
west_east,0,4,060190086004,train,6083.1850090789085
west_east,1000,0,060190001001,train,2420.138072575082
west_east,1000,0,060190002001,train,1542.0775914310098
west_east,1000,0,060190002002,buffer_excluded,915.2528887866838
west_east,1000,0,060190003001,buffer_excluded,399.34258008344966
west_east,1000,0,060190003002,train,1499.3813887395738
west_east,1000,0,060190003003,train,1115.9412438101463
west_east,1000,0,060190004001,train,4406.299880535979
west_east,1000,0,060190004002,train,4330.931481209786
west_east,1000,0,060190004003,train,1885.6649773135014
west_east,1000,0,060190004004,train,3765.7437391587137
west_east,1000,0,060190005011,train,4324.295819540413
west_east,1000,0,060190005012,train,3928.448130917152
west_east,1000,0,060190005021,train,3458.5704533240946
west_east,1000,0,060190005022,train,3381.179973525363
west_east,1000,0,060190006011,train,1784.2812422756672
west_east,1000,0,060190006012,train,1490.8555411968612
west_east,1000,0,060190006013,train,2467.646173033765
west_east,1000,0,060190006014,train,2546.8642538616064
west_east,1000,0,060190006021,train,2634.932780303109
west_east,1000,0,060190007011,buffer_excluded,0.0
west_east,1000,0,060190007021,buffer_excluded,0.0
west_east,1000,0,060190009011,buffer_excluded,0.0
west_east,1000,0,060190009012,buffer_excluded,997.2914877774954
west_east,1000,0,060190009021,train,1605.1209407344797
west_east,1000,0,060190009022,train,1467.1677387574564
west_east,1000,0,060190009023,buffer_excluded,0.0
west_east,1000,0,060190010001,train,1611.893864817133
west_east,1000,0,060190010002,buffer_excluded,0.0
west_east,1000,0,060190011001,train,2421.838822884746
west_east,1000,0,060190011002,train,2335.8064784877483
west_east,1000,0,060190012011,train,3219.1699641787454
west_east,1000,0,060190012012,train,4662.49831140782
west_east,1000,0,060190012013,train,5868.309760352338
west_east,1000,0,060190012014,train,4663.8420007923205
west_east,1000,0,060190012021,train,6443.342837540075
west_east,1000,0,060190012022,train,6083.1850090789085
west_east,1000,0,060190013011,train,4900.077524429675
west_east,1000,0,060190013012,train,5394.181618605954
west_east,1000,0,060190013013,train,5993.5126490842495
west_east,1000,0,060190013014,train,6899.678476663428
west_east,1000,0,060190013015,train,5693.3428616006295
west_east,1000,0,060190013031,train,4832.150582152349
west_east,1000,0,060190013032,train,4830.217093235833
west_east,1000,0,060190013041,train,5939.339989058775
west_east,1000,0,060190013042,train,6443.370097116651
west_east,1000,0,060190013043,train,5632.222459395091
west_east,1000,0,060190014071,train,7307.450197687444
west_east,1000,0,060190014072,train,7702.077187147167
west_east,1000,0,060190014073,train,8155.949498097938
west_east,1000,0,060190014074,train,7367.154642445872
west_east,1000,0,060190014081,train,7253.756141808233
west_east,1000,0,060190014082,train,8059.3385387407025
west_east,1000,0,060190014151,train,7258.939132967336
west_east,1000,0,060190014152,train,8057.372968301834
west_east,1000,0,060190014153,train,7253.902557982972
west_east,1000,0,060190014161,train,8856.541120506046
west_east,1000,0,060190015001,train,3717.715861382019
west_east,1000,0,060190017003,train,7587.9873378756665
west_east,1000,0,060190018001,buffer_excluded,0.0
west_east,1000,0,060190018002,train,4018.426299401614
west_east,1000,0,060190018003,train,3221.1422746900557
west_east,1000,0,060190018004,train,3319.958899173312
west_east,1000,0,060190020001,test,0.0
west_east,1000,0,060190020002,buffer_excluded,0.0
west_east,1000,0,060190020003,buffer_excluded,0.0
west_east,1000,0,060190020004,test,0.0
west_east,1000,0,060190020005,test,0.0
west_east,1000,0,060190021001,train,1231.2004764260446
west_east,1000,0,060190021002,buffer_excluded,960.3655572149399
west_east,1000,0,060190021003,buffer_excluded,694.7494011632665
west_east,1000,0,060190021004,buffer_excluded,0.0
west_east,1000,0,060190021005,buffer_excluded,805.7370429781993
west_east,1000,0,060190022001,train,2281.35498830568
west_east,1000,0,060190022002,train,1669.8075508864426
west_east,1000,0,060190022003,train,1474.5856272874687
west_east,1000,0,060190022004,train,1908.6416993611813
west_east,1000,0,060190023001,train,2850.590213533747
west_east,1000,0,060190023002,train,2516.662300568298
west_east,1000,0,060190023003,train,1983.6663983925164
west_east,1000,0,060190024001,train,3972.5899777792506
west_east,1000,0,060190024002,train,3887.628317949358
west_east,1000,0,060190024003,train,3381.1508662550964
west_east,1000,0,060190024004,train,3103.5886242524084
west_east,1000,0,060190025011,train,4761.571919597125
west_east,1000,0,060190025012,train,5156.937904390006
west_east,1000,0,060190025013,train,5629.137046992309
west_east,1000,0,060190025014,train,5555.51429136918
west_east,1000,0,060190025021,train,4690.2012648907075
west_east,1000,0,060190025022,train,5090.624895602716
west_east,1000,0,060190025023,train,5495.645848203308
west_east,1000,0,060190026011,train,4690.12845415497
west_east,1000,0,060190026012,train,5090.989475536476
west_east,1000,0,060190026013,train,5633.243436625349
west_east,1000,0,060190026021,train,4517.44316029876
west_east,1000,0,060190026022,train,5313.904037259596
west_east,1000,0,060190026023,train,4349.430694248899
west_east,1000,0,060190027011,train,6154.204026174334
west_east,1000,0,060190027012,train,6896.710452087832
west_east,1000,0,060190027013,train,6519.881814474894
west_east,1000,0,060190027021,train,5870.969699677334
west_east,1000,0,060190027022,train,6760.881728617162
west_east,1000,0,060190027023,train,6651.364192589178
west_east,1000,0,060190027024,train,7092.225748634355
west_east,1000,0,060190028001,train,7506.372418088705
west_east,1000,0,060190028002,train,6838.84858061638
west_east,1000,0,060190028003,train,6416.548460901486
west_east,1000,0,060190028004,train,6300.838667914802
west_east,1000,0,060190029031,train,7445.32362689718
west_east,1000,0,060190029032,train,7867.8107724695965
west_east,1000,0,060190029033,train,7635.2083853847635
west_east,1000,0,060190029041,train,7659.689438421831
west_east,1000,0,060190029042,train,8425.466741453902
west_east,1000,0,060190029051,train,7912.187886127159
west_east,1000,0,060190029061,train,8755.151050412254
west_east,1000,0,060190029062,train,7957.248650867253
west_east,1000,0,060190030011,train,9559.050996922579
west_east,1000,0,060190030012,train,9450.245809644795
west_east,1000,0,060190030031,train,9016.009568603
west_east,1000,0,060190030032,train,9811.03221011417
west_east,1000,0,060190030041,train,9983.745631401127
west_east,1000,0,060190030042,train,9205.822724142485
west_east,1000,0,060190031021,train,9671.263781254975
west_east,1000,0,060190031022,train,10448.830042024696
west_east,1000,0,060190031023,train,8441.111281531557
west_east,1000,0,060190031024,train,8844.521020407126
west_east,1000,0,060190031025,train,9644.952447235353
west_east,1000,0,060190031031,train,8825.880640517333
west_east,1000,0,060190031032,train,9241.04912503483
west_east,1000,0,060190031033,train,8438.838395638382
west_east,1000,0,060190031034,train,9642.67016028409
west_east,1000,0,060190031035,train,9644.293833438494
west_east,1000,0,060190031041,train,10445.604957892581
west_east,1000,0,060190031042,train,8079.119216449025
west_east,1000,0,060190032011,train,6432.956878005519
west_east,1000,0,060190032012,train,7247.210214460195
west_east,1000,0,060190032021,train,6432.862922356478
west_east,1000,0,060190032022,train,6753.225850740607
west_east,1000,0,060190032023,train,8049.485193927519
west_east,1000,0,060190032024,train,7646.410839604908
west_east,1000,0,060190033011,train,4821.615074576251
west_east,1000,0,060190033012,train,5639.224951598676
west_east,1000,0,060190033021,train,4835.825247867159
west_east,1000,0,060190033022,train,5622.651311123774
west_east,1000,0,060190033023,train,4821.973951971973
west_east,1000,0,060190033024,train,5609.099048986253
west_east,1000,0,060190034011,train,4020.768094798814
west_east,1000,0,060190034012,train,3618.1022328504664
west_east,1000,0,060190034013,train,4025.41779904777
west_east,1000,0,060190034021,train,4418.905176134078
west_east,1000,0,060190034022,train,3617.7013889332097
west_east,1000,0,060190035001,train,2646.4677786788106
west_east,1000,0,060190035002,train,2241.586225560392
west_east,1000,0,060190035003,train,2009.6980058270096
west_east,1000,0,060190035004,train,2009.2296502266793
west_east,1000,0,060190035005,train,2412.303567686362
west_east,1000,0,060190036001,train,1603.792043045599
west_east,1000,0,060190036002,buffer_excluded,996.0865445142274
west_east,1000,0,060190036003,buffer_excluded,825.645027758737
west_east,1000,0,060190036004,buffer_excluded,802.5738256066951
west_east,1000,0,060190036005,buffer_excluded,831.6136676421611
west_east,1000,0,060190037011,buffer_excluded,0.0
west_east,1000,0,060190037012,buffer_excluded,0.0
west_east,1000,0,060190037021,buffer_excluded,0.0
west_east,1000,0,060190037022,test,0.0
west_east,1000,0,060190037023,buffer_excluded,0.0
west_east,1000,0,060190037024,buffer_excluded,228.17256285170205
west_east,1000,0,060190038041,test,0.0
west_east,1000,0,060190038042,test,0.0
west_east,1000,0,060190038043,test,0.0
west_east,1000,0,060190038051,test,0.0
west_east,1000,0,060190038052,test,0.0
west_east,1000,0,060190038053,test,0.0
west_east,1000,0,060190038071,test,0.0
west_east,1000,0,060190038072,test,0.0
west_east,1000,0,060190038081,test,0.0
west_east,1000,0,060190038082,test,0.0
west_east,1000,0,060190038083,test,0.0
west_east,1000,0,060190038091,test,0.0
west_east,1000,0,060190038092,test,0.0
west_east,1000,0,060190038101,test,0.0
west_east,1000,0,060190038102,test,0.0
west_east,1000,0,060190038103,test,0.0
west_east,1000,0,060190038111,test,0.0
west_east,1000,0,060190038112,test,0.0
west_east,1000,0,060190038113,test,0.0
west_east,1000,0,060190042051,test,0.0
west_east,1000,0,060190042052,test,0.0
west_east,1000,0,060190042053,test,0.0
west_east,1000,0,060190042054,test,0.0
west_east,1000,0,060190042101,test,0.0
west_east,1000,0,060190042102,test,0.0
west_east,1000,0,060190042111,test,0.0
west_east,1000,0,060190042112,test,0.0
west_east,1000,0,060190042113,test,0.0
west_east,1000,0,060190042121,test,0.0
west_east,1000,0,060190042122,test,0.0
west_east,1000,0,060190042123,test,0.0
west_east,1000,0,060190042124,test,0.0
west_east,1000,0,060190042125,test,0.0
west_east,1000,0,060190042126,test,0.0
west_east,1000,0,060190042131,test,0.0
west_east,1000,0,060190042132,test,0.0
west_east,1000,0,060190042141,test,0.0
west_east,1000,0,060190042142,test,0.0
west_east,1000,0,060190042143,test,0.0
west_east,1000,0,060190042144,test,0.0
west_east,1000,0,060190042171,test,0.0
west_east,1000,0,060190042172,test,0.0
west_east,1000,0,060190043012,test,0.0
west_east,1000,0,060190043013,test,0.0
west_east,1000,0,060190043021,test,0.0
west_east,1000,0,060190043022,test,0.0
west_east,1000,0,060190043023,buffer_excluded,0.0
west_east,1000,0,060190043024,test,0.0
west_east,1000,0,060190043025,buffer_excluded,0.0
west_east,1000,0,060190043031,test,0.0
west_east,1000,0,060190043032,test,0.0
west_east,1000,0,060190043033,buffer_excluded,0.0
west_east,1000,0,060190044042,train,2578.247701379998
west_east,1000,0,060190044062,train,3788.3437082149508
west_east,1000,0,060190044063,train,3789.9995179631705
west_east,1000,0,060190044092,buffer_excluded,0.0
west_east,1000,0,060190044093,buffer_excluded,370.53025263536995
west_east,1000,0,060190045031,buffer_excluded,802.4466747012706
west_east,1000,0,060190045032,buffer_excluded,801.1123055872562
west_east,1000,0,060190045041,train,3209.2583005420347
west_east,1000,0,060190045042,train,2407.6685471379515
west_east,1000,0,060190045043,train,2408.5034676862206
west_east,1000,0,060190045044,train,2410.0891227229117
west_east,1000,0,060190045051,train,2402.98976682631
west_east,1000,0,060190045052,train,3667.1510798861527
west_east,1000,0,060190045053,train,3206.6271416805566
west_east,1000,0,060190045061,buffer_excluded,800.6553279134328
west_east,1000,0,060190045062,train,1598.3435155951972
west_east,1000,0,060190046011,buffer_excluded,0.0
west_east,1000,0,060190046012,buffer_excluded,209.50666780767094
west_east,1000,0,060190046021,train,1589.8580637465502
west_east,1000,0,060190046022,buffer_excluded,792.7044077811744
west_east,1000,0,060190046023,buffer_excluded,838.5616536166735
west_east,1000,0,060190047031,test,0.0
west_east,1000,0,060190047032,test,0.0
west_east,1000,0,060190047033,buffer_excluded,0.0
west_east,1000,0,060190047041,buffer_excluded,0.0
west_east,1000,0,060190047042,test,0.0
west_east,1000,0,060190047043,test,0.0
west_east,1000,0,060190047051,test,0.0
west_east,1000,0,060190047052,test,0.0
west_east,1000,0,060190047061,test,0.0
west_east,1000,0,060190047062,test,0.0
west_east,1000,0,060190047063,test,0.0
west_east,1000,0,060190048011,train,1014.4838238938706
west_east,1000,0,060190048012,train,1123.3380051218471
west_east,1000,0,060190048013,buffer_excluded,799.3368144923066
west_east,1000,0,060190048021,buffer_excluded,0.0
west_east,1000,0,060190048022,buffer_excluded,457.20052357806753
west_east,1000,0,060190048023,buffer_excluded,398.29960832473535
west_east,1000,0,060190049011,train,2143.387010444622
west_east,1000,0,060190049012,train,2394.563007410333
west_east,1000,0,060190049021,buffer_excluded,794.5582079485124
west_east,1000,0,060190049022,train,1587.2497678713107
west_east,1000,0,060190050001,train,3212.4343026159977
west_east,1000,0,060190050002,train,3197.005793815234
west_east,1000,0,060190050003,train,2393.5718412382776
west_east,1000,0,060190051001,train,4212.315149389084
west_east,1000,0,060190051002,train,3769.869721043019
west_east,1000,0,060190051003,train,3249.6334023575946
west_east,1000,0,060190051004,train,3198.4435330180463
west_east,1000,0,060190051005,train,3683.837423557823
west_east,1000,0,060190052021,train,6428.1972685465225
west_east,1000,0,060190052022,train,6473.034119276836
west_east,1000,0,060190052031,train,4863.071674863499
west_east,1000,0,060190052032,train,5661.705648440371
west_east,1000,0,060190052041,train,5149.620785012608
west_east,1000,0,060190052042,train,4820.514772289504
west_east,1000,0,060190052043,train,5624.768770839613
west_east,1000,0,060190053011,train,5623.944248549599
west_east,1000,0,060190053012,train,4820.158711218386
west_east,1000,0,060190053013,train,4009.1610231179175
west_east,1000,0,060190053021,train,5634.407094762727
west_east,1000,0,060190053022,train,4020.536786321992
west_east,1000,0,060190053041,train,6436.627073654548
west_east,1000,0,060190053042,train,7446.094429467175
west_east,1000,0,060190053043,train,7237.179413082655
west_east,1000,0,060190053051,train,6427.84899775859
west_east,1000,0,060190053052,train,7223.911456256087
west_east,1000,0,060190054031,train,4833.767236357755
west_east,1000,0,060190054032,train,4821.737215276295
west_east,1000,0,060190054033,train,5430.490770999175
west_east,1000,0,060190054051,train,4011.6184989035364
west_east,1000,0,060190054052,train,4819.372383357098
west_east,1000,0,060190054053,train,5626.753184395452
west_east,1000,0,060190054061,train,4013.0426136939923
west_east,1000,0,060190054062,train,4820.131903395872
west_east,1000,0,060190054063,train,5622.197383748155
west_east,1000,0,060190054071,train,6427.976180636685
west_east,1000,0,060190054072,train,7229.909924441712
west_east,1000,0,060190054081,train,6429.577139591924
west_east,1000,0,060190054091,train,4820.367735205979
west_east,1000,0,060190054092,train,5627.075260381265
west_east,1000,0,060190054101,train,4029.1568153438684
west_east,1000,0,060190054102,train,4013.2131112993284
west_east,1000,0,060190055092,train,6998.290122492677
west_east,1000,0,060190055093,train,6998.026904268042
west_east,1000,0,060190055143,train,8612.191825930935
west_east,1000,0,060190055261,train,6198.517577093296
west_east,1000,0,060190055272,train,5391.739078229846
west_east,1000,0,060190056023,train,10457.113401195866
west_east,1000,0,060190056024,train,10034.760434620863
west_east,1000,0,060190056051,train,8030.154164156301
west_east,1000,0,060190056061,train,8619.506306940955
west_east,1000,0,060190056062,train,8632.000657388166
west_east,1000,0,060190056071,train,8670.201691404573
west_east,1000,0,060190056072,train,9436.7169246263
west_east,1000,0,060190056073,train,8827.458245198593
west_east,1000,0,060190056074,train,10058.635119806164
west_east,1000,0,060190056081,train,9579.606783228033
west_east,1000,0,060190056082,train,8327.182367896858
west_east,1000,0,060190086002,test,0.0
west_east,1000,0,060190086004,test,0.0
west_east,1000,1,060190001001,buffer_excluded,0.0
west_east,1000,1,060190002001,test,0.0
west_east,1000,1,060190002002,test,0.0
west_east,1000,1,060190003001,test,0.0
west_east,1000,1,060190003002,buffer_excluded,0.0
west_east,1000,1,060190003003,test,0.0
west_east,1000,1,060190004001,train,2233.169652038472
west_east,1000,1,060190004002,train,2138.81071445325
west_east,1000,1,060190004003,buffer_excluded,0.0
west_east,1000,1,060190004004,train,1365.1255269262977
west_east,1000,1,060190005011,train,1725.702770798723
west_east,1000,1,060190005012,train,1501.959205130002
west_east,1000,1,060190005021,buffer_excluded,835.5050878687869
west_east,1000,1,060190005022,buffer_excluded,858.9202811690513
west_east,1000,1,060190006011,test,0.0
west_east,1000,1,060190006012,test,0.0
west_east,1000,1,060190006013,buffer_excluded,0.0
west_east,1000,1,060190006014,buffer_excluded,0.0
west_east,1000,1,060190006021,buffer_excluded,0.0
west_east,1000,1,060190007011,test,0.0
west_east,1000,1,060190007021,test,0.0
west_east,1000,1,060190009011,test,0.0
west_east,1000,1,060190009012,test,0.0
west_east,1000,1,060190009021,buffer_excluded,0.0
west_east,1000,1,060190009022,test,0.0
west_east,1000,1,060190009023,test,0.0
west_east,1000,1,060190010001,buffer_excluded,0.0
west_east,1000,1,060190010002,test,0.0
west_east,1000,1,060190011001,buffer_excluded,0.0
west_east,1000,1,060190011002,buffer_excluded,0.0
west_east,1000,1,060190012011,train,1021.3182316935169
west_east,1000,1,060190012012,train,1072.177380508944
west_east,1000,1,060190012013,train,2004.5059062904966
west_east,1000,1,060190012014,train,1003.7211614756429
west_east,1000,1,060190012021,train,2903.406964558229
west_east,1000,1,060190012022,train,2055.4625339048366
west_east,1000,1,060190013011,train,2737.170018404697
west_east,1000,1,060190013012,train,3241.875184768575
west_east,1000,1,060190013013,train,3747.461775760858
west_east,1000,1,060190013014,train,4289.082283317683
west_east,1000,1,060190013015,train,3545.5920805520327
west_east,1000,1,060190013031,train,2581.9105339639445
west_east,1000,1,060190013032,train,2546.713225964412
west_east,1000,1,060190013041,train,3085.856280430984
west_east,1000,1,060190013042,train,3420.1329765137734
west_east,1000,1,060190013043,train,2905.426877584062
west_east,1000,1,060190014071,train,4570.606865941375
west_east,1000,1,060190014072,train,4859.730898826796
west_east,1000,1,060190014073,train,5429.395470505667
west_east,1000,1,060190014074,train,4868.261824198659
west_east,1000,1,060190014081,train,4034.5727904609644
west_east,1000,1,060190014082,train,4730.075046695945
west_east,1000,1,060190014151,train,3231.3822011573166
west_east,1000,1,060190014152,train,4044.6482359242605
west_east,1000,1,060190014153,train,3610.041929479412
west_east,1000,1,060190014161,train,4973.171002932352
west_east,1000,1,060190015001,buffer_excluded,0.0
west_east,1000,1,060190017003,buffer_excluded,0.0
west_east,1000,1,060190018001,test,0.0
west_east,1000,1,060190018002,buffer_excluded,0.0
west_east,1000,1,060190018003,test,0.0
west_east,1000,1,060190018004,test,0.0
west_east,1000,1,060190020001,buffer_excluded,0.0
west_east,1000,1,060190020002,test,0.0
west_east,1000,1,060190020003,test,0.0
west_east,1000,1,060190020004,buffer_excluded,0.0
west_east,1000,1,060190020005,buffer_excluded,0.0
west_east,1000,1,060190021001,test,0.0
west_east,1000,1,060190021002,test,0.0
west_east,1000,1,060190021003,test,0.0
west_east,1000,1,060190021004,test,0.0
west_east,1000,1,060190021005,test,0.0
west_east,1000,1,060190022001,test,0.0
west_east,1000,1,060190022002,test,0.0
west_east,1000,1,060190022003,test,0.0
west_east,1000,1,060190022004,test,0.0
west_east,1000,1,060190023001,buffer_excluded,0.0
west_east,1000,1,060190023002,buffer_excluded,0.0
west_east,1000,1,060190023003,buffer_excluded,0.0
west_east,1000,1,060190024001,buffer_excluded,878.3728455918365
west_east,1000,1,060190024002,train,1201.9048828950351
west_east,1000,1,060190024003,buffer_excluded,863.5870816296884
west_east,1000,1,060190024004,buffer_excluded,0.0
west_east,1000,1,060190025011,train,1681.9833318537626
west_east,1000,1,060190025012,train,2077.6447506541185
west_east,1000,1,060190025013,train,2485.4842873663533
west_east,1000,1,060190025014,train,2520.594182695894
west_east,1000,1,060190025021,train,1872.154417155057
west_east,1000,1,060190025022,train,2238.9959729515294
west_east,1000,1,060190025023,train,2618.242327201191
west_east,1000,1,060190026011,train,2163.7181809445606
west_east,1000,1,060190026012,train,2571.160337402971
west_east,1000,1,060190026013,train,3142.3567747424145
west_east,1000,1,060190026021,train,2028.4898266584325
west_east,1000,1,060190026022,train,2971.094041429495
west_east,1000,1,060190026023,train,1949.0957742226278
west_east,1000,1,060190027011,train,3671.529420127444
west_east,1000,1,060190027012,train,4407.211658679967
west_east,1000,1,060190027013,train,4035.9578995218653
west_east,1000,1,060190027021,train,3552.2696995280553
west_east,1000,1,060190027022,train,4392.77182270259
west_east,1000,1,060190027023,train,4358.47129245596
west_east,1000,1,060190027024,train,4811.295323965101
west_east,1000,1,060190028001,train,4503.21570592012
west_east,1000,1,060190028002,train,3968.0754625500995
west_east,1000,1,060190028003,train,3286.1936399204696
west_east,1000,1,060190028004,train,3314.750692269179
west_east,1000,1,060190029031,train,5173.104952386582
west_east,1000,1,060190029032,train,5536.282383771117
west_east,1000,1,060190029033,train,5298.688593755128
west_east,1000,1,060190029041,train,5167.589606253178
west_east,1000,1,060190029042,train,5938.604055984826
west_east,1000,1,060190029051,train,4976.009707775473
west_east,1000,1,060190029061,train,5717.7192169723
west_east,1000,1,060190029062,train,4907.762970154372
west_east,1000,1,060190030011,train,6515.144359077954
west_east,1000,1,060190030012,train,6573.7002579138825
west_east,1000,1,060190030031,train,6300.50946829415
west_east,1000,1,060190030032,train,6940.980601489386
west_east,1000,1,060190030041,train,7445.105299440416
west_east,1000,1,060190030042,train,6719.614727723701
west_east,1000,1,060190031021,train,6899.736630257391
west_east,1000,1,060190031022,train,7498.128563173939
west_east,1000,1,060190031023,train,5580.031979684605
west_east,1000,1,060190031024,train,5960.016715373839
west_east,1000,1,060190031025,train,6722.352648333326
west_east,1000,1,060190031031,train,5741.785702515128
west_east,1000,1,060190031032,train,6150.885721044012
west_east,1000,1,060190031033,train,5365.810638797148
west_east,1000,1,060190031034,train,6622.91243402559
west_east,1000,1,060190031035,train,6546.2835446134
west_east,1000,1,060190031041,train,7344.902016207116
west_east,1000,1,060190031042,train,4833.518279668891
west_east,1000,1,060190032011,train,3223.231352432803
west_east,1000,1,060190032012,train,4028.011925485923
west_east,1000,1,060190032021,train,3286.1936399204696
west_east,1000,1,060190032022,train,3570.831934018763
west_east,1000,1,060190032023,train,4900.695503716536
west_east,1000,1,060190032024,train,4502.674514342547
west_east,1000,1,060190033011,train,1602.8063832157602
west_east,1000,1,060190033012,train,2407.8228139955877
west_east,1000,1,060190033021,train,1682.0056426359831
west_east,1000,1,060190033022,train,2469.553623855692
west_east,1000,1,060190033023,train,1725.8757640693827
west_east,1000,1,060190033024,train,2500.860745057213
west_east,1000,1,060190034011,train,1037.5635643654216
west_east,1000,1,060190034012,buffer_excluded,485.8442982032287
west_east,1000,1,060190034013,buffer_excluded,931.1600797253784
west_east,1000,1,060190034021,train,1204.1661154560918
west_east,1000,1,060190034022,buffer_excluded,394.28821524650647
west_east,1000,1,060190035001,buffer_excluded,0.0
west_east,1000,1,060190035002,buffer_excluded,0.0
west_east,1000,1,060190035003,test,0.0
west_east,1000,1,060190035004,test,0.0
west_east,1000,1,060190035005,buffer_excluded,0.0
west_east,1000,1,060190036001,test,0.0
west_east,1000,1,060190036002,test,0.0
west_east,1000,1,060190036003,test,0.0
west_east,1000,1,060190036004,test,0.0
west_east,1000,1,060190036005,test,0.0
west_east,1000,1,060190037011,test,0.0
west_east,1000,1,060190037012,test,0.0
west_east,1000,1,060190037021,test,0.0
west_east,1000,1,060190037022,buffer_excluded,0.0
west_east,1000,1,060190037023,test,0.0
west_east,1000,1,060190037024,test,0.0
west_east,1000,1,060190038041,train,2266.737247432859
west_east,1000,1,060190038042,train,2529.9922098624706
west_east,1000,1,060190038043,train,1793.2766414499333
west_east,1000,1,060190038051,buffer_excluded,646.0166705059195
west_east,1000,1,060190038052,train,1134.7866862058975
west_east,1000,1,060190038053,train,1593.631804060691
west_east,1000,1,060190038071,buffer_excluded,0.0
west_east,1000,1,060190038072,buffer_excluded,0.0
west_east,1000,1,060190038081,train,1593.6294570273649
west_east,1000,1,060190038082,train,2406.268105828638
west_east,1000,1,060190038083,train,1599.6643994167869
west_east,1000,1,060190038091,train,1695.1199343437258
west_east,1000,1,060190038092,train,2392.1564473445546
west_east,1000,1,060190038101,train,3601.635804550721
west_east,1000,1,060190038102,train,4454.5404709933155
west_east,1000,1,060190038103,train,3861.529436518122
west_east,1000,1,060190038111,train,3204.143750832785
west_east,1000,1,060190038112,train,3586.0243288385286
west_east,1000,1,060190038113,train,3205.2217075394224
west_east,1000,1,060190042051,buffer_excluded,298.7081719383056
west_east,1000,1,060190042052,buffer_excluded,795.1438995558341
west_east,1000,1,060190042053,buffer_excluded,929.5199238962323
west_east,1000,1,060190042054,buffer_excluded,0.0
west_east,1000,1,060190042101,train,3210.484016204624
west_east,1000,1,060190042102,train,2499.461945763691
west_east,1000,1,060190042111,train,3862.493674994868
west_east,1000,1,060190042112,train,3837.400873525338
west_east,1000,1,060190042113,train,2555.470398111216
west_east,1000,1,060190042121,train,1918.4597117384317
west_east,1000,1,060190042122,train,1176.072313183011
west_east,1000,1,060190042123,train,2939.1472330695683
west_east,1000,1,060190042124,train,1106.8382057193733
west_east,1000,1,060190042125,buffer_excluded,0.0
west_east,1000,1,060190042126,train,2546.403993090072
west_east,1000,1,060190042131,train,1425.0230523798452
west_east,1000,1,060190042132,buffer_excluded,381.30615778233613
west_east,1000,1,060190042141,train,2404.057223691738
west_east,1000,1,060190042142,train,1603.782672423138
west_east,1000,1,060190042143,train,1460.7031191812466
west_east,1000,1,060190042144,train,1952.9632827440778
west_east,1000,1,060190042171,train,2615.0091529296
west_east,1000,1,060190042172,train,4059.5776076533552
west_east,1000,1,060190043012,train,1876.9451749897378
west_east,1000,1,060190043013,buffer_excluded,0.0
west_east,1000,1,060190043021,buffer_excluded,801.4116190083461
west_east,1000,1,060190043022,buffer_excluded,0.0
west_east,1000,1,060190043023,test,0.0
west_east,1000,1,060190043024,buffer_excluded,800.3681731757907
west_east,1000,1,060190043025,test,0.0
west_east,1000,1,060190043031,buffer_excluded,0.0
west_east,1000,1,060190043032,buffer_excluded,0.0
west_east,1000,1,060190043033,test,0.0
west_east,1000,1,060190044042,buffer_excluded,170.6136665184493
west_east,1000,1,060190044062,train,1533.0163765058985
west_east,1000,1,060190044063,train,1616.1758972501232
west_east,1000,1,060190044092,test,0.0
west_east,1000,1,060190044093,test,0.0
west_east,1000,1,060190045031,test,0.0
west_east,1000,1,060190045032,test,0.0
west_east,1000,1,060190045041,buffer_excluded,799.7056288182257
west_east,1000,1,060190045042,buffer_excluded,0.0
west_east,1000,1,060190045043,buffer_excluded,0.0
west_east,1000,1,060190045044,buffer_excluded,0.0
west_east,1000,1,060190045051,buffer_excluded,0.0
west_east,1000,1,060190045052,train,1263.6904447287734
west_east,1000,1,060190045053,buffer_excluded,799.7378207155905
west_east,1000,1,060190045061,test,0.0
west_east,1000,1,060190045062,test,0.0
west_east,1000,1,060190046011,test,0.0
west_east,1000,1,060190046012,test,0.0
west_east,1000,1,060190046021,test,0.0
west_east,1000,1,060190046022,test,0.0
west_east,1000,1,060190046023,test,0.0
west_east,1000,1,060190047031,buffer_excluded,0.0
west_east,1000,1,060190047032,buffer_excluded,0.0
west_east,1000,1,060190047033,test,0.0
west_east,1000,1,060190047041,test,0.0
west_east,1000,1,060190047042,buffer_excluded,0.0
west_east,1000,1,060190047043,buffer_excluded,0.0
west_east,1000,1,060190047051,buffer_excluded,235.5181844476642
west_east,1000,1,060190047052,buffer_excluded,202.28677761469257
west_east,1000,1,060190047061,buffer_excluded,0.0
west_east,1000,1,060190047062,buffer_excluded,0.0
west_east,1000,1,060190047063,buffer_excluded,0.0
west_east,1000,1,060190048011,test,0.0
west_east,1000,1,060190048012,test,0.0
west_east,1000,1,060190048013,test,0.0
west_east,1000,1,060190048021,test,0.0
west_east,1000,1,060190048022,test,0.0
west_east,1000,1,060190048023,test,0.0
west_east,1000,1,060190049011,test,0.0
west_east,1000,1,060190049012,buffer_excluded,0.0
west_east,1000,1,060190049021,test,0.0
west_east,1000,1,060190049022,test,0.0
west_east,1000,1,060190050001,buffer_excluded,801.7531299169854
west_east,1000,1,060190050002,buffer_excluded,802.325873584933
west_east,1000,1,060190050003,buffer_excluded,0.0
west_east,1000,1,060190051001,train,1051.0930604139178
west_east,1000,1,060190051002,buffer_excluded,495.7249034286412
west_east,1000,1,060190051003,buffer_excluded,0.0
west_east,1000,1,060190051004,buffer_excluded,505.4817827391713
west_east,1000,1,060190051005,buffer_excluded,618.7612139830477
west_east,1000,1,060190052021,train,3229.8119083210695
west_east,1000,1,060190052022,train,3222.5867227941335
west_east,1000,1,060190052031,train,1602.8063832157602
west_east,1000,1,060190052032,train,2407.8228139955877
west_east,1000,1,060190052041,train,1942.8323062063444
west_east,1000,1,060190052042,train,1641.2185154705753
west_east,1000,1,060190052043,train,2555.964188057513
west_east,1000,1,060190053011,train,2673.427040193922
west_east,1000,1,060190053012,train,1970.6370487966424
west_east,1000,1,060190053013,train,1378.2102045239544
west_east,1000,1,060190053021,train,3098.1842660391367
west_east,1000,1,060190053022,train,1610.5134745179312
west_east,1000,1,060190053041,train,3762.0202515221645
west_east,1000,1,060190053042,train,4862.573538324321
west_east,1000,1,060190053043,train,4470.004129759211
west_east,1000,1,060190053051,train,3419.8972179582215
west_east,1000,1,060190053052,train,4190.505039979945
west_east,1000,1,060190054031,train,2417.858187470194
west_east,1000,1,060190054032,train,2417.858187470194
west_east,1000,1,060190054033,train,3025.7802072192176
west_east,1000,1,060190054051,train,1602.6972806721415
west_east,1000,1,060190054052,train,2411.1227996151238
west_east,1000,1,060190054053,train,3215.9437914028354
west_east,1000,1,060190054061,train,1602.3564295724757
west_east,1000,1,060190054062,train,2406.752269733235
west_east,1000,1,060190054063,train,3208.735603542838
west_east,1000,1,060190054071,train,4014.6682014687535
west_east,1000,1,060190054072,train,4817.332690341891
west_east,1000,1,060190054081,train,4018.7271405052784
west_east,1000,1,060190054091,train,2411.0542233570422
west_east,1000,1,060190054092,train,3222.9857141284424
west_east,1000,1,060190054101,train,1608.945609254649
west_east,1000,1,060190054102,train,1603.9961569108866
west_east,1000,1,060190055092,train,4611.389293417932
west_east,1000,1,060190055093,train,4585.641775266754
west_east,1000,1,060190055143,train,6207.145599171893
west_east,1000,1,060190055261,train,3818.446293628815
west_east,1000,1,060190055272,train,2982.7141509598646
west_east,1000,1,060190056023,train,7748.13982047435
west_east,1000,1,060190056024,train,7622.351815667946
west_east,1000,1,060190056051,train,5616.654834708356
west_east,1000,1,060190056061,train,6207.105907288687
west_east,1000,1,060190056062,train,6221.1455121687895
west_east,1000,1,060190056071,train,6260.355154463135
west_east,1000,1,060190056072,train,7031.783816032549
west_east,1000,1,060190056073,train,6422.61526134012
west_east,1000,1,060190056074,train,7649.790393800391
west_east,1000,1,060190056081,train,6993.781535201112
west_east,1000,1,060190056082,train,5777.973930653549
west_east,1000,1,060190086002,buffer_excluded,0.0
west_east,1000,1,060190086004,buffer_excluded,0.0
west_east,1000,2,060190001001,test,0.0
west_east,1000,2,060190002001,buffer_excluded,0.0
west_east,1000,2,060190002002,buffer_excluded,0.0
west_east,1000,2,060190003001,buffer_excluded,168.08232337412633
west_east,1000,2,060190003002,test,0.0
west_east,1000,2,060190003003,buffer_excluded,0.0
west_east,1000,2,060190004001,buffer_excluded,0.0
west_east,1000,2,060190004002,buffer_excluded,0.0
west_east,1000,2,060190004003,test,0.0
west_east,1000,2,060190004004,test,0.0
west_east,1000,2,060190005011,test,0.0
west_east,1000,2,060190005012,test,0.0
west_east,1000,2,060190005021,test,0.0
west_east,1000,2,060190005022,test,0.0
west_east,1000,2,060190006011,buffer_excluded,0.0
west_east,1000,2,060190006012,buffer_excluded,0.0
west_east,1000,2,060190006013,test,0.0
west_east,1000,2,060190006014,test,0.0
west_east,1000,2,060190006021,test,0.0
west_east,1000,2,060190007011,buffer_excluded,872.9346045859813
west_east,1000,2,060190007021,buffer_excluded,474.6668224852071
west_east,1000,2,060190009011,buffer_excluded,608.6695470090158
west_east,1000,2,060190009012,buffer_excluded,0.0
west_east,1000,2,060190009021,test,0.0
west_east,1000,2,060190009022,buffer_excluded,0.0
west_east,1000,2,060190009023,buffer_excluded,133.97721784331085
west_east,1000,2,060190010001,test,0.0
west_east,1000,2,060190010002,buffer_excluded,0.0
west_east,1000,2,060190011001,test,0.0
west_east,1000,2,060190011002,test,0.0
west_east,1000,2,060190012011,buffer_excluded,0.0
west_east,1000,2,060190012012,buffer_excluded,61.57023498086862
west_east,1000,2,060190012013,train,1205.1160444995285
west_east,1000,2,060190012014,buffer_excluded,0.0
west_east,1000,2,060190012021,train,1960.1841770745832
west_east,1000,2,060190012022,train,1785.8038547818614
west_east,1000,2,060190013011,buffer_excluded,500.9578565544676
west_east,1000,2,060190013012,train,1002.7222993852688
west_east,1000,2,060190013013,train,1607.9952658329635
west_east,1000,2,060190013014,train,2503.1865260416325
west_east,1000,2,060190013015,train,1304.8791832175948
west_east,1000,2,060190013031,buffer_excluded,395.493279451485
west_east,1000,2,060190013032,buffer_excluded,395.66388445345615
west_east,1000,2,060190013041,train,1503.3481276686991
west_east,1000,2,060190013042,train,2008.991707885218
west_east,1000,2,060190013043,train,1197.829907886515
west_east,1000,2,060190014071,train,2901.421078326022
west_east,1000,2,060190014072,train,3289.297328792636
west_east,1000,2,060190014073,train,3678.168010126832
west_east,1000,2,060190014074,train,2904.6463843853903
west_east,1000,2,060190014081,train,2818.9495467547113
west_east,1000,2,060190014082,train,3624.2811358108033
west_east,1000,2,060190014151,train,2606.732640809323
west_east,1000,2,060190014152,train,3414.4349935318164
west_east,1000,2,060190014153,train,2723.1397959416863
west_east,1000,2,060190014161,train,4226.303654985122
west_east,1000,2,060190015001,buffer_excluded,0.0
west_east,1000,2,060190017003,buffer_excluded,804.6465973360017
west_east,1000,2,060190018001,buffer_excluded,0.0
west_east,1000,2,060190018002,test,0.0
west_east,1000,2,060190018003,buffer_excluded,0.0
west_east,1000,2,060190018004,buffer_excluded,0.0
west_east,1000,2,060190020001,train,2589.8626738395046
west_east,1000,2,060190020002,buffer_excluded,946.8274770239597
west_east,1000,2,060190020003,buffer_excluded,918.2284198245718
west_east,1000,2,060190020004,train,2914.185517753388
west_east,1000,2,060190020005,train,1983.6663983925164
west_east,1000,2,060190021001,buffer_excluded,720.1615033344823
west_east,1000,2,060190021002,buffer_excluded,509.83667272078344
west_east,1000,2,060190021003,buffer_excluded,492.8118994880681
west_east,1000,2,060190021004,train,1547.8781472705168
west_east,1000,2,060190021005,train,1154.2636813662639
west_east,1000,2,060190022001,buffer_excluded,0.0
west_east,1000,2,060190022002,buffer_excluded,0.0
west_east,1000,2,060190022003,buffer_excluded,309.55327523268244
west_east,1000,2,060190022004,buffer_excluded,267.3674599075496
west_east,1000,2,060190023001,test,0.0
west_east,1000,2,060190023002,test,0.0
west_east,1000,2,060190023003,test,0.0
west_east,1000,2,060190024001,test,0.0
west_east,1000,2,060190024002,test,0.0
west_east,1000,2,060190024003,test,0.0
west_east,1000,2,060190024004,test,0.0
west_east,1000,2,060190025011,test,0.0
west_east,1000,2,060190025012,buffer_excluded,0.0
west_east,1000,2,060190025013,buffer_excluded,15.780407213778687
west_east,1000,2,060190025014,buffer_excluded,400.56714032249016
west_east,1000,2,060190025021,test,0.0
west_east,1000,2,060190025022,buffer_excluded,0.0
west_east,1000,2,060190025023,buffer_excluded,369.66710619614184
west_east,1000,2,060190026011,test,0.0
west_east,1000,2,060190026012,buffer_excluded,0.0
west_east,1000,2,060190026013,buffer_excluded,606.5159685190636
west_east,1000,2,060190026021,buffer_excluded,0.0
west_east,1000,2,060190026022,buffer_excluded,589.1873346972604
west_east,1000,2,060190026023,buffer_excluded,0.0
west_east,1000,2,060190027011,train,1173.2990079192912
west_east,1000,2,060190027012,train,1976.6558808619711
west_east,1000,2,060190027013,train,1574.1990861800082
west_east,1000,2,060190027021,train,1179.4014248790902
west_east,1000,2,060190027022,train,1979.1650019483875
west_east,1000,2,060190027023,train,2017.9875568830619
west_east,1000,2,060190027024,train,2464.4601563238243
west_east,1000,2,060190028001,train,2033.5551515221646
west_east,1000,2,060190028002,train,1627.5509439266198
west_east,1000,2,060190028003,buffer_excluded,816.5365254823689
west_east,1000,2,060190028004,buffer_excluded,912.2513984111714
west_east,1000,2,060190029031,train,2788.441523312979
west_east,1000,2,060190029032,train,3143.398732855659
west_east,1000,2,060190029033,train,3012.424860998347
west_east,1000,2,060190029041,train,2782.3477363769343
west_east,1000,2,060190029042,train,3589.24953798394
west_east,1000,2,060190029051,train,2570.4236711250887
west_east,1000,2,060190029061,train,3253.65630001591
west_east,1000,2,060190029062,train,2438.104313224331
west_east,1000,2,060190030011,train,4045.450220967693
west_east,1000,2,060190030012,train,4135.4188820744175
west_east,1000,2,060190030031,train,4405.429427235673
west_east,1000,2,060190030032,train,5208.658802037192
west_east,1000,2,060190030041,train,5123.437042753396
west_east,1000,2,060190030042,train,4362.317058631049
west_east,1000,2,060190031021,train,3819.78213579012
west_east,1000,2,060190031022,train,4623.309457989441
west_east,1000,2,060190031023,train,2611.2233601649273
west_east,1000,2,060190031024,train,3014.070746743295
west_east,1000,2,060190031025,train,3816.816643869828
west_east,1000,2,060190031031,train,3038.1490360554994
west_east,1000,2,060190031032,train,3436.8741163129275
west_east,1000,2,060190031033,train,2637.457951558078
west_east,1000,2,060190031034,train,3834.870490249083
west_east,1000,2,060190031035,train,3897.5341264373583
west_east,1000,2,060190031041,train,4635.41137140606
west_east,1000,2,060190031042,train,2419.7343242742836
west_east,1000,2,060190032011,buffer_excluded,814.4781549594798
west_east,1000,2,060190032012,train,1619.2584059690314
west_east,1000,2,060190032021,buffer_excluded,815.5642094605424
west_east,1000,2,060190032022,train,1101.1639084003602
west_east,1000,2,060190032023,train,2437.554064859774
west_east,1000,2,060190032024,train,2031.78781330742
west_east,1000,2,060190033011,buffer_excluded,0.0
west_east,1000,2,060190033012,buffer_excluded,0.0
west_east,1000,2,060190033021,test,0.0
west_east,1000,2,060190033022,buffer_excluded,0.0
west_east,1000,2,060190033023,test,0.0
west_east,1000,2,060190033024,buffer_excluded,0.0
west_east,1000,2,060190034011,test,0.0
west_east,1000,2,060190034012,test,0.0
west_east,1000,2,060190034013,test,0.0
west_east,1000,2,060190034021,test,0.0
west_east,1000,2,060190034022,test,0.0
west_east,1000,2,060190035001,test,0.0
west_east,1000,2,060190035002,test,0.0
west_east,1000,2,060190035003,buffer_excluded,0.0
west_east,1000,2,060190035004,buffer_excluded,0.0
west_east,1000,2,060190035005,test,0.0
west_east,1000,2,060190036001,buffer_excluded,144.7502543607914
west_east,1000,2,060190036002,buffer_excluded,553.1206383525721
west_east,1000,2,060190036003,buffer_excluded,973.1697652971826
west_east,1000,2,060190036004,buffer_excluded,680.46010003775
west_east,1000,2,060190036005,buffer_excluded,550.0235764561556
west_east,1000,2,060190037011,train,1718.6397835970258
west_east,1000,2,060190037012,train,1579.080792549168
west_east,1000,2,060190037021,train,1942.6274391937736
west_east,1000,2,060190037022,train,2241.586225560392
west_east,1000,2,060190037023,train,1443.3156966778954
west_east,1000,2,060190037024,train,1346.6931379474106
west_east,1000,2,060190038041,train,5328.007699861603
west_east,1000,2,060190038042,train,6133.360277217413
west_east,1000,2,060190038043,train,5328.007699861603
west_east,1000,2,060190038051,train,3642.64517105951
west_east,1000,2,060190038052,train,4534.042569066286
west_east,1000,2,060190038053,train,4533.905718407977
west_east,1000,2,060190038071,train,3821.484094845575
west_east,1000,2,060190038072,train,3691.444372487885
west_east,1000,2,060190038081,train,5278.830855777842
west_east,1000,2,060190038082,train,6186.87420758284
west_east,1000,2,060190038083,train,5401.241613595305
west_east,1000,2,060190038091,train,4692.775119696783
west_east,1000,2,060190038092,train,5426.664576904191
west_east,1000,2,060190038101,train,7118.287111272488
west_east,1000,2,060190038102,train,7770.377830189712
west_east,1000,2,060190038103,train,6984.481104821898
west_east,1000,2,060190038111,train,6899.304814649787
west_east,1000,2,060190038112,train,6936.135313529735
west_east,1000,2,060190038113,train,6936.531932013337
west_east,1000,2,060190042051,train,3994.8755871802596
west_east,1000,2,060190042052,train,3992.92679904345
west_east,1000,2,060190042053,train,3986.2943302763492
west_east,1000,2,060190042054,train,2938.2301901074247
west_east,1000,2,060190042101,train,5621.929672782699
west_east,1000,2,060190042102,train,5620.668684642633
west_east,1000,2,060190042111,train,6730.266861935225
west_east,1000,2,060190042112,train,7237.347749517084
west_east,1000,2,060190042113,train,5706.883570570144
west_east,1000,2,060190042121,train,5624.596594177655
west_east,1000,2,060190042122,train,4710.276261691412
west_east,1000,2,060190042123,train,6286.306392598576
west_east,1000,2,060190042124,train,4814.669412137123
west_east,1000,2,060190042125,train,3709.805043422039
west_east,1000,2,060190042126,train,5986.293394209388
west_east,1000,2,060190042131,train,4652.9141554233365
west_east,1000,2,060190042132,train,4004.4474263349803
west_east,1000,2,060190042141,train,4815.5019168098
west_east,1000,2,060190042142,train,4015.5328442303507
west_east,1000,2,060190042143,train,4014.193379278856
west_east,1000,2,060190042144,train,4811.414386804084
west_east,1000,2,060190042171,train,6193.002813672789
west_east,1000,2,060190042172,train,7769.11596271088
west_east,1000,2,060190043012,train,4290.069778736425
west_east,1000,2,060190043013,train,2413.0771180759707
west_east,1000,2,060190043021,train,3212.947027979922
west_east,1000,2,060190043022,train,2407.430152021381
west_east,1000,2,060190043023,train,1605.6194368042368
west_east,1000,2,060190043024,train,3208.8675465369547
west_east,1000,2,060190043025,train,1602.6107302638234
west_east,1000,2,060190043031,train,2402.98976682631
west_east,1000,2,060190043032,train,2745.155073168615
west_east,1000,2,060190043033,train,1599.4835251769662
west_east,1000,2,060190044042,test,0.0
west_east,1000,2,060190044062,test,0.0
west_east,1000,2,060190044063,test,0.0
west_east,1000,2,060190044092,train,1673.526615426187
west_east,1000,2,060190044093,train,1227.99055248266
west_east,1000,2,060190045031,buffer_excluded,0.0
west_east,1000,2,060190045032,buffer_excluded,0.0
west_east,1000,2,060190045041,test,0.0
west_east,1000,2,060190045042,test,0.0
west_east,1000,2,060190045043,test,0.0
west_east,1000,2,060190045044,test,0.0
west_east,1000,2,060190045051,test,0.0
west_east,1000,2,060190045052,test,0.0
west_east,1000,2,060190045053,test,0.0
west_east,1000,2,060190045061,buffer_excluded,796.9840056172868
west_east,1000,2,060190045062,buffer_excluded,0.0
west_east,1000,2,060190046011,train,1599.4360371274818
west_east,1000,2,060190046012,train,1600.5169933346835
west_east,1000,2,060190046021,buffer_excluded,0.0
west_east,1000,2,060190046022,buffer_excluded,0.0
west_east,1000,2,060190046023,buffer_excluded,799.5864062752954
west_east,1000,2,060190047031,train,3037.515346860612
west_east,1000,2,060190047032,train,2655.041088065518
west_east,1000,2,060190047033,train,2277.339087300338
west_east,1000,2,060190047041,train,2143.658635440624
west_east,1000,2,060190047042,train,2940.041419845457
west_east,1000,2,060190047043,train,2993.5136679737416
west_east,1000,2,060190047051,train,3130.698485916406
west_east,1000,2,060190047052,train,3190.65494032113
west_east,1000,2,060190047061,train,2393.5718412382776
west_east,1000,2,060190047062,train,2394.553896842952
west_east,1000,2,060190047063,train,3195.4772676358007
west_east,1000,2,060190048011,buffer_excluded,0.0
west_east,1000,2,060190048012,buffer_excluded,677.7673171995893
west_east,1000,2,060190048013,buffer_excluded,811.9456412554692
west_east,1000,2,060190048021,train,1558.2241928028925
west_east,1000,2,060190048022,train,1346.590425805877
west_east,1000,2,060190048023,train,1399.1123143091777
west_east,1000,2,060190049011,buffer_excluded,0.0
west_east,1000,2,060190049012,test,0.0
west_east,1000,2,060190049021,buffer_excluded,805.0579311854711
west_east,1000,2,060190049022,buffer_excluded,0.0
west_east,1000,2,060190050001,test,0.0
west_east,1000,2,060190050002,test,0.0
west_east,1000,2,060190050003,test,0.0
west_east,1000,2,060190051001,test,0.0
west_east,1000,2,060190051002,test,0.0
west_east,1000,2,060190051003,test,0.0
west_east,1000,2,060190051004,test,0.0
west_east,1000,2,060190051005,test,0.0
west_east,1000,2,060190052021,buffer_excluded,802.6447977806373
west_east,1000,2,060190052022,buffer_excluded,811.6340477814962
west_east,1000,2,060190052031,test,0.0
west_east,1000,2,060190052032,buffer_excluded,0.0
west_east,1000,2,060190052041,buffer_excluded,0.0
west_east,1000,2,060190052042,test,0.0
west_east,1000,2,060190052043,buffer_excluded,0.0
west_east,1000,2,060190053011,buffer_excluded,0.0
west_east,1000,2,060190053012,buffer_excluded,0.0
west_east,1000,2,060190053013,test,0.0
west_east,1000,2,060190053021,buffer_excluded,0.0
west_east,1000,2,060190053022,test,0.0
west_east,1000,2,060190053041,buffer_excluded,608.6489527813294
west_east,1000,2,060190053042,train,1585.2327947604879
west_east,1000,2,060190053043,train,1408.0077982397395
west_east,1000,2,060190053051,buffer_excluded,694.4179042650982
west_east,1000,2,060190053052,train,1451.9674823597186
west_east,1000,2,060190054031,buffer_excluded,0.0
west_east,1000,2,060190054032,test,0.0
west_east,1000,2,060190054033,buffer_excluded,0.0
west_east,1000,2,060190054051,test,0.0
west_east,1000,2,060190054052,buffer_excluded,0.0
west_east,1000,2,060190054053,buffer_excluded,804.2199329206705
west_east,1000,2,060190054061,test,0.0
west_east,1000,2,060190054062,buffer_excluded,0.0
west_east,1000,2,060190054063,buffer_excluded,229.9851958844138
west_east,1000,2,060190054071,train,1031.7526424009648
west_east,1000,2,060190054072,train,1830.7043570014944
west_east,1000,2,060190054081,buffer_excluded,707.1823227982128
west_east,1000,2,060190054091,buffer_excluded,0.0
west_east,1000,2,060190054092,buffer_excluded,196.26274028792676
west_east,1000,2,060190054101,test,0.0
west_east,1000,2,060190054102,test,0.0
west_east,1000,2,060190055092,train,1581.7487987690406
west_east,1000,2,060190055093,train,1578.843586939988
west_east,1000,2,060190055143,train,3194.974914149292
west_east,1000,2,060190055261,buffer_excluded,787.3513120976843
west_east,1000,2,060190055272,buffer_excluded,0.0
west_east,1000,2,060190056023,train,4647.439207004757
west_east,1000,2,060190056024,train,4621.160495766053
west_east,1000,2,060190056051,train,2628.225149547447
west_east,1000,2,060190056061,train,3209.961007274622
west_east,1000,2,060190056062,train,3325.0008889165715
west_east,1000,2,060190056071,train,3336.18616197644
west_east,1000,2,060190056072,train,3795.0607046609116
west_east,1000,2,060190056073,train,3202.1149269724056
west_east,1000,2,060190056074,train,4476.084681805556
west_east,1000,2,060190056081,train,3826.0891590643955
west_east,1000,2,060190056082,train,2506.994720618334
west_east,1000,2,060190086002,train,3762.422492621331
west_east,1000,2,060190086004,train,1499.3813887395738
west_east,1000,3,060190001001,train,1117.667915020842
west_east,1000,3,060190002001,train,1803.6939131509043
west_east,1000,3,060190002002,train,1874.2649954982398
west_east,1000,3,060190003001,train,1757.1995682393726
west_east,1000,3,060190003002,buffer_excluded,928.9643856831384
west_east,1000,3,060190003003,train,1336.8763200696112
west_east,1000,3,060190004001,test,0.0
west_east,1000,3,060190004002,test,0.0
west_east,1000,3,060190004003,buffer_excluded,0.0
west_east,1000,3,060190004004,buffer_excluded,0.0
west_east,1000,3,060190005011,buffer_excluded,0.0
west_east,1000,3,060190005012,buffer_excluded,0.0
west_east,1000,3,060190005021,buffer_excluded,427.7558174770749
west_east,1000,3,060190005022,buffer_excluded,821.356464015427
west_east,1000,3,060190006011,train,2165.6938818036906
west_east,1000,3,060190006012,train,2197.227989322912
west_east,1000,3,060190006013,train,1783.429306222881
west_east,1000,3,060190006014,train,1735.0031050130701
west_east,1000,3,060190006021,buffer_excluded,545.8369939405992
west_east,1000,3,060190007011,train,2817.4317491524234
west_east,1000,3,060190007021,train,2849.7893367455245
west_east,1000,3,060190009011,train,2375.5039617195234
west_east,1000,3,060190009012,train,1141.5844750302247
west_east,1000,3,060190009021,buffer_excluded,838.3882917004585
west_east,1000,3,060190009022,train,1214.431231606805
west_east,1000,3,060190009023,train,1728.572055646142
west_east,1000,3,060190010001,train,1294.1567634344053
west_east,1000,3,060190010002,train,1504.5008552710076
west_east,1000,3,060190011001,buffer_excluded,0.0
west_east,1000,3,060190011002,buffer_excluded,0.0
west_east,1000,3,060190012011,test,0.0
west_east,1000,3,060190012012,test,0.0
west_east,1000,3,060190012013,test,0.0
west_east,1000,3,060190012014,test,0.0
west_east,1000,3,060190012021,test,0.0
west_east,1000,3,060190012022,buffer_excluded,0.0
west_east,1000,3,060190013011,test,0.0
west_east,1000,3,060190013012,test,0.0
west_east,1000,3,060190013013,test,0.0
west_east,1000,3,060190013014,buffer_excluded,0.0
west_east,1000,3,060190013015,test,0.0
west_east,1000,3,060190013031,test,0.0
west_east,1000,3,060190013032,test,0.0
west_east,1000,3,060190013041,test,0.0
west_east,1000,3,060190013042,buffer_excluded,0.0
west_east,1000,3,060190013043,test,0.0
west_east,1000,3,060190014071,buffer_excluded,408.8429449945076
west_east,1000,3,060190014072,buffer_excluded,806.9323683420733
west_east,1000,3,060190014073,train,1159.334893117894
west_east,1000,3,060190014074,buffer_excluded,361.84356240533253
west_east,1000,3,060190014081,buffer_excluded,0.0
west_east,1000,3,060190014082,buffer_excluded,806.7458256711815
west_east,1000,3,060190014151,buffer_excluded,0.0
west_east,1000,3,060190014152,buffer_excluded,802.9644014999722
west_east,1000,3,060190014153,buffer_excluded,0.0
west_east,1000,3,060190014161,train,1601.5795289715602
west_east,1000,3,060190015001,test,0.0
west_east,1000,3,060190017003,test,0.0
west_east,1000,3,060190018001,buffer_excluded,0.0
west_east,1000,3,060190018002,buffer_excluded,0.0
west_east,1000,3,060190018003,buffer_excluded,0.0
west_east,1000,3,060190018004,train,1448.9623730085175
west_east,1000,3,060190020001,train,5121.714137188469
west_east,1000,3,060190020002,train,3744.4257931667544
west_east,1000,3,060190020003,train,3639.1334433916118
west_east,1000,3,060190020004,train,5531.1817738306
west_east,1000,3,060190020005,train,4760.52255297981
west_east,1000,3,060190021001,train,3317.8947202859704
west_east,1000,3,060190021002,train,3439.5536339325186
west_east,1000,3,060190021003,train,3302.328723509982
west_east,1000,3,060190021004,train,4306.3021292900285
west_east,1000,3,060190021005,train,3909.7914753216655
west_east,1000,3,060190022001,train,2399.3610327896754
west_east,1000,3,060190022002,train,2807.0733806803487
west_east,1000,3,060190022003,train,3085.889239074954
west_east,1000,3,060190022004,train,2670.046478894449
west_east,1000,3,060190023001,train,1538.252087182116
west_east,1000,3,060190023002,train,2010.366174141644
west_east,1000,3,060190023003,train,1802.4445147496538
west_east,1000,3,060190024001,buffer_excluded,395.6329998282045
west_east,1000,3,060190024002,buffer_excluded,399.6215485800737
west_east,1000,3,060190024003,train,1137.8113943804792
west_east,1000,3,060190024004,train,1069.7147336405244
west_east,1000,3,060190025011,buffer_excluded,0.0
west_east,1000,3,060190025012,test,0.0
west_east,1000,3,060190025013,test,0.0
west_east,1000,3,060190025014,test,0.0
west_east,1000,3,060190025021,buffer_excluded,0.0
west_east,1000,3,060190025022,test,0.0
west_east,1000,3,060190025023,test,0.0
west_east,1000,3,060190026011,buffer_excluded,0.0
west_east,1000,3,060190026012,test,0.0
west_east,1000,3,060190026013,test,0.0
west_east,1000,3,060190026021,test,0.0
west_east,1000,3,060190026022,test,0.0
west_east,1000,3,060190026023,test,0.0
west_east,1000,3,060190027011,test,0.0
west_east,1000,3,060190027012,buffer_excluded,0.0
west_east,1000,3,060190027013,test,0.0
west_east,1000,3,060190027021,test,0.0
west_east,1000,3,060190027022,buffer_excluded,0.0
west_east,1000,3,060190027023,test,0.0
west_east,1000,3,060190027024,buffer_excluded,0.0
west_east,1000,3,060190028001,buffer_excluded,0.0
west_east,1000,3,060190028002,test,0.0
west_east,1000,3,060190028003,test,0.0
west_east,1000,3,060190028004,test,0.0
west_east,1000,3,060190029031,buffer_excluded,361.36046122521793
west_east,1000,3,060190029032,buffer_excluded,695.7058042816724
west_east,1000,3,060190029033,buffer_excluded,553.8730927380606
west_east,1000,3,060190029041,buffer_excluded,405.15570449804136
west_east,1000,3,060190029042,train,1211.5138788841107
west_east,1000,3,060190029051,buffer_excluded,405.33533741820327
west_east,1000,3,060190029061,train,1190.2248288014662
west_east,1000,3,060190029062,buffer_excluded,387.5271504652964
west_east,1000,3,060190030011,train,1996.3994927505037
west_east,1000,3,060190030012,train,2015.5773540492403
west_east,1000,3,060190030031,train,1964.4390389520038
west_east,1000,3,060190030032,train,2772.039757313662
west_east,1000,3,060190030041,train,2806.352563521974
west_east,1000,3,060190030042,train,2014.0251443757807
west_east,1000,3,060190031021,train,1032.3687066756022
west_east,1000,3,060190031022,train,1924.0310449122
west_east,1000,3,060190031023,buffer_excluded,107.96085041523786
west_east,1000,3,060190031024,buffer_excluded,680.9022471931768
west_east,1000,3,060190031025,train,1197.945199827481
west_east,1000,3,060190031031,buffer_excluded,385.6955057200257
west_east,1000,3,060190031032,buffer_excluded,803.6298688427562
west_east,1000,3,060190031033,buffer_excluded,0.0
west_east,1000,3,060190031034,train,1261.302957812247
west_east,1000,3,060190031035,train,1205.7290257352897
west_east,1000,3,060190031041,train,2007.9283359416768
west_east,1000,3,060190031042,buffer_excluded,0.0
west_east,1000,3,060190032011,test,0.0
west_east,1000,3,060190032012,buffer_excluded,0.0
west_east,1000,3,060190032021,test,0.0
west_east,1000,3,060190032022,test,0.0
west_east,1000,3,060190032023,buffer_excluded,403.0799261005805
west_east,1000,3,060190032024,buffer_excluded,0.0
west_east,1000,3,060190033011,test,0.0
west_east,1000,3,060190033012,test,0.0
west_east,1000,3,060190033021,buffer_excluded,0.0
west_east,1000,3,060190033022,test,0.0
west_east,1000,3,060190033023,buffer_excluded,0.0
west_east,1000,3,060190033024,test,0.0
west_east,1000,3,060190034011,buffer_excluded,0.0
west_east,1000,3,060190034012,buffer_excluded,801.2585266749439
west_east,1000,3,060190034013,buffer_excluded,395.6329998282045
west_east,1000,3,060190034021,buffer_excluded,0.0
west_east,1000,3,060190034022,buffer_excluded,397.15926024684273
west_east,1000,3,060190035001,train,1203.80249481248
west_east,1000,3,060190035002,train,1201.7186686827065
west_east,1000,3,060190035003,train,1862.4110271225998
west_east,1000,3,060190035004,train,2172.5526588669463
west_east,1000,3,060190035005,train,1203.6537353720717
west_east,1000,3,060190036001,train,2809.3345057608635
west_east,1000,3,060190036002,train,2813.8195388724166
west_east,1000,3,060190036003,train,3224.0079142542013
west_east,1000,3,060190036004,train,3217.123857315578
west_east,1000,3,060190036005,train,3215.8160932640662
west_east,1000,3,060190037011,train,4077.5660310941544
west_east,1000,3,060190037012,train,4019.5439173092905
west_east,1000,3,060190037021,train,4610.833700446636
west_east,1000,3,060190037022,train,4821.615074576251
west_east,1000,3,060190037023,train,4017.2438332505967
west_east,1000,3,060190037024,train,4013.891224613476
west_east,1000,3,060190038041,train,7996.1893693757975
west_east,1000,3,060190038042,train,8798.109251322592
west_east,1000,3,060190038043,train,7996.1893693757975
west_east,1000,3,060190038051,train,6304.204480997599
west_east,1000,3,060190038052,train,7200.170534525205
west_east,1000,3,060190038053,train,7202.147869363306
west_east,1000,3,060190038071,train,6399.276826887002
west_east,1000,3,060190038072,train,6219.909549809785
west_east,1000,3,060190038081,train,7680.286605554799
west_east,1000,3,060190038082,train,8799.015169079106
west_east,1000,3,060190038083,train,8002.064964975215
west_east,1000,3,060190038091,train,7336.367295567541
west_east,1000,3,060190038092,train,7888.272669816105
west_east,1000,3,060190038101,train,9631.834438940354
west_east,1000,3,060190038102,train,10427.885766290174
west_east,1000,3,060190038103,train,9631.387806964707
west_east,1000,3,060190038111,train,9210.523613841115
west_east,1000,3,060190038112,train,9604.231112945072
west_east,1000,3,060190038113,train,9603.94218887292
west_east,1000,3,060190042051,train,6420.012260852459
west_east,1000,3,060190042052,train,6420.150241235339
west_east,1000,3,060190042053,train,6413.984556326269
west_east,1000,3,060190042054,train,5487.265846687707
west_east,1000,3,060190042101,train,8032.956164145204
west_east,1000,3,060190042102,train,8032.070060205787
west_east,1000,3,060190042111,train,9141.28741754874
west_east,1000,3,060190042112,train,9648.558800509149
west_east,1000,3,060190042113,train,8119.853215614996
west_east,1000,3,060190042121,train,8044.25801397338
west_east,1000,3,060190042122,train,7130.048407372542
west_east,1000,3,060190042123,train,8701.121807604612
west_east,1000,3,060190042124,train,7235.037589174915
west_east,1000,3,060190042125,train,6130.271018691739
west_east,1000,3,060190042126,train,8401.302900885681
west_east,1000,3,060190042131,train,7067.47336191573
west_east,1000,3,060190042132,train,6422.37477807474
west_east,1000,3,060190042141,train,7226.7180805431535
west_east,1000,3,060190042142,train,6426.49957539978
west_east,1000,3,060190042143,train,6425.927943348703
west_east,1000,3,060190042144,train,7224.361069311106
west_east,1000,3,060190042171,train,8617.927061535082
west_east,1000,3,060190042172,train,10189.807324591942
west_east,1000,3,060190043012,train,6697.1684336813505
west_east,1000,3,060190043013,train,4820.131903395872
west_east,1000,3,060190043021,train,5622.6619252958235
west_east,1000,3,060190043022,train,4819.372383357098
west_east,1000,3,060190043023,train,4016.6054042738665
west_east,1000,3,060190043024,train,5621.173026897167
west_east,1000,3,060190043025,train,4015.570461671876
west_east,1000,3,060190043031,train,4820.367735205979
west_east,1000,3,060190043032,train,5165.324642771163
west_east,1000,3,060190043033,train,4015.570461671876
west_east,1000,3,060190044042,buffer_excluded,801.9344306049028
west_east,1000,3,060190044062,buffer_excluded,0.0
west_east,1000,3,060190044063,buffer_excluded,795.0333594930324
west_east,1000,3,060190044092,train,4009.929758878705
west_east,1000,3,060190044093,train,3635.0305323405346
west_east,1000,3,060190045031,train,2406.752269733235
west_east,1000,3,060190045032,train,2411.0542233570422
west_east,1000,3,060190045041,buffer_excluded,801.0702881723635
west_east,1000,3,060190045042,train,1608.0333611025833
west_east,1000,3,060190045043,train,1860.8407229973295
west_east,1000,3,060190045044,train,1604.1724526497485
west_east,1000,3,060190045051,train,1611.2286558407022
west_east,1000,3,060190045052,buffer_excluded,808.2015514190188
west_east,1000,3,060190045053,buffer_excluded,806.0503891934986
west_east,1000,3,060190045061,train,3209.938360583861
west_east,1000,3,060190045062,train,2411.0677053573004
west_east,1000,3,060190046011,train,4026.383330500299
west_east,1000,3,060190046012,train,4020.8530786249526
west_east,1000,3,060190046021,train,2420.2237929453386
west_east,1000,3,060190046022,train,2425.718384610066
west_east,1000,3,060190046023,train,3219.8864496909628
west_east,1000,3,060190047031,train,5618.907456012476
west_east,1000,3,060190047032,train,5241.159804985815
west_east,1000,3,060190047033,train,4822.527885692032
west_east,1000,3,060190047041,train,4810.980446836194
west_east,1000,3,060190047042,train,5608.097772985499
west_east,1000,3,060190047043,train,5633.372985832883
west_east,1000,3,060190047051,train,5557.024002104095
west_east,1000,3,060190047052,train,5618.3307416249145
west_east,1000,3,060190047061,train,4820.158711218386
west_east,1000,3,060190047062,train,4822.134146891986
west_east,1000,3,060190047063,train,5620.315436123562
west_east,1000,3,060190048011,train,2668.2564970582835
west_east,1000,3,060190048012,train,3238.767497904543
west_east,1000,3,060190048013,train,3304.680809957459
west_east,1000,3,060190048021,train,4031.27681520668
west_east,1000,3,060190048022,train,4014.7382387159646
west_east,1000,3,060190048023,train,4028.704426943048
west_east,1000,3,060190049011,train,1602.8063832157602
west_east,1000,3,060190049012,train,1623.5187628826636
west_east,1000,3,060190049021,train,3235.1142206064856
west_east,1000,3,060190049022,train,2642.319908365936
west_east,1000,3,060190050001,buffer_excluded,809.6034582615014
west_east,1000,3,060190050002,buffer_excluded,810.2714144870324
west_east,1000,3,060190050003,train,1617.5608711229133
west_east,1000,3,060190051001,buffer_excluded,0.0
west_east,1000,3,060190051002,buffer_excluded,551.7198009743527
west_east,1000,3,060190051003,train,1104.8287919758238
west_east,1000,3,060190051004,train,1237.3352637877865
west_east,1000,3,060190051005,buffer_excluded,512.7299063485627
west_east,1000,3,060190052021,test,0.0
west_east,1000,3,060190052022,test,0.0
west_east,1000,3,060190052031,buffer_excluded,0.0
west_east,1000,3,060190052032,test,0.0
west_east,1000,3,060190052041,test,0.0
west_east,1000,3,060190052042,buffer_excluded,0.0
west_east,1000,3,060190052043,test,0.0
west_east,1000,3,060190053011,test,0.0
west_east,1000,3,060190053012,test,0.0
west_east,1000,3,060190053013,buffer_excluded,0.0
west_east,1000,3,060190053021,test,0.0
west_east,1000,3,060190053022,buffer_excluded,0.0
west_east,1000,3,060190053041,test,0.0
west_east,1000,3,060190053042,buffer_excluded,0.0
west_east,1000,3,060190053043,buffer_excluded,0.0
west_east,1000,3,060190053051,test,0.0
west_east,1000,3,060190053052,buffer_excluded,0.0
west_east,1000,3,060190054031,test,0.0
west_east,1000,3,060190054032,buffer_excluded,0.0
west_east,1000,3,060190054033,test,0.0
west_east,1000,3,060190054051,buffer_excluded,0.0
west_east,1000,3,060190054052,test,0.0
west_east,1000,3,060190054053,test,0.0
west_east,1000,3,060190054061,buffer_excluded,0.0
west_east,1000,3,060190054062,test,0.0
west_east,1000,3,060190054063,test,0.0
west_east,1000,3,060190054071,test,0.0
west_east,1000,3,060190054072,buffer_excluded,0.0
west_east,1000,3,060190054081,test,0.0
west_east,1000,3,060190054091,test,0.0
west_east,1000,3,060190054092,test,0.0
west_east,1000,3,060190054101,buffer_excluded,0.0
west_east,1000,3,060190054102,buffer_excluded,0.0
west_east,1000,3,060190055092,test,0.0
west_east,1000,3,060190055093,buffer_excluded,0.0
west_east,1000,3,060190055143,buffer_excluded,998.1526628373555
west_east,1000,3,060190055261,test,0.0
west_east,1000,3,060190055272,test,0.0
west_east,1000,3,060190056023,train,1629.4759318823833
west_east,1000,3,060190056024,train,1273.4549542573266
west_east,1000,3,060190056051,buffer_excluded,0.0
west_east,1000,3,060190056061,buffer_excluded,588.4819290252061
west_east,1000,3,060190056062,buffer_excluded,0.0
west_east,1000,3,060190056071,buffer_excluded,0.0
west_east,1000,3,060190056072,buffer_excluded,608.9424385532061
west_east,1000,3,060190056073,buffer_excluded,0.0
west_east,1000,3,060190056074,train,1222.848939259709
west_east,1000,3,060190056081,buffer_excluded,751.5354346011796
west_east,1000,3,060190056082,buffer_excluded,0.0
west_east,1000,3,060190086002,train,5605.162041077801
west_east,1000,3,060190086004,train,3219.1699641787454
west_east,1000,4,060190001001,train,3560.8769633884613
west_east,1000,4,060190002001,train,4392.77182270259
west_east,1000,4,060190002002,train,4800.2714821314985
west_east,1000,4,060190003001,train,4981.481370975948
west_east,1000,4,060190003002,train,3771.14861390332
west_east,1000,4,060190003003,train,4560.851625187522
west_east,1000,4,060190004001,train,1614.480765454866
west_east,1000,4,060190004002,train,1610.4711629122464
west_east,1000,4,060190004003,train,2008.991707885218
west_east,1000,4,060190004004,train,2116.522899742798
west_east,1000,4,060190005011,train,2406.9962902154343
west_east,1000,4,060190005012,train,2404.49905776381
west_east,1000,4,060190005021,train,2754.7950034779424
west_east,1000,4,060190005022,train,3216.4759639205345
west_east,1000,4,060190006011,train,4572.3506986481525
west_east,1000,4,060190006012,train,4583.940778553334
west_east,1000,4,060190006013,train,4145.063924704212
west_east,1000,4,060190006014,train,4141.954038893804
west_east,1000,4,060190006021,train,2993.1738475299794
west_east,1000,4,060190007011,train,6019.463743927469
west_east,1000,4,060190007021,train,5256.586782246412
west_east,1000,4,060190009011,train,5331.910232710489
west_east,1000,4,060190009012,train,4003.0473159453036
west_east,1000,4,060190009021,train,4024.401271959591
west_east,1000,4,060190009022,train,4430.9277890825515
west_east,1000,4,060190009023,train,4834.144705769818
west_east,1000,4,060190010001,train,3747.8260616709363
west_east,1000,4,060190010002,train,3666.345324413759
west_east,1000,4,060190011001,train,1785.8038547818614
west_east,1000,4,060190011002,train,2506.971790384096
west_east,1000,4,060190012011,buffer_excluded,0.0
west_east,1000,4,060190012012,buffer_excluded,481.4563356520929
west_east,1000,4,060190012013,buffer_excluded,0.0
west_east,1000,4,060190012014,buffer_excluded,0.0
west_east,1000,4,060190012021,buffer_excluded,0.0
west_east,1000,4,060190012022,test,0.0
west_east,1000,4,060190013011,train,1113.1107060210343
west_east,1000,4,060190013012,buffer_excluded,811.14930788231
west_east,1000,4,060190013013,buffer_excluded,0.0
west_east,1000,4,060190013014,test,0.0
west_east,1000,4,060190013015,buffer_excluded,508.3158581426072
west_east,1000,4,060190013031,train,1210.963171247099
west_east,1000,4,060190013032,buffer_excluded,810.1987708114611
west_east,1000,4,060190013041,buffer_excluded,0.0
west_east,1000,4,060190013042,test,0.0
west_east,1000,4,060190013043,buffer_excluded,503.07357317068437
west_east,1000,4,060190014071,test,0.0
west_east,1000,4,060190014072,test,0.0
west_east,1000,4,060190014073,test,0.0
west_east,1000,4,060190014074,test,0.0
west_east,1000,4,060190014081,test,0.0
west_east,1000,4,060190014082,test,0.0
west_east,1000,4,060190014151,test,0.0
west_east,1000,4,060190014152,test,0.0
west_east,1000,4,060190014153,test,0.0
west_east,1000,4,060190014161,test,0.0
west_east,1000,4,060190015001,buffer_excluded,0.0
west_east,1000,4,060190017003,train,5129.411096231732
west_east,1000,4,060190018001,train,2055.4625339048366
west_east,1000,4,060190018002,train,3679.4135878214497
west_east,1000,4,060190018003,train,5400.417893802317
west_east,1000,4,060190018004,train,4889.851465609718
west_east,1000,4,060190020001,train,7576.412952117172
west_east,1000,4,060190020002,train,6067.379877140138
west_east,1000,4,060190020003,train,6028.896192909628
west_east,1000,4,060190020004,train,8035.003151533256
west_east,1000,4,060190020005,train,7104.198972587338
west_east,1000,4,060190021001,train,5720.955101214376
west_east,1000,4,060190021002,train,5645.390668688907
west_east,1000,4,060190021003,train,5613.361911063181
west_east,1000,4,060190021004,train,6687.269740722997
west_east,1000,4,060190021005,train,6286.1024286349175
west_east,1000,4,060190022001,train,4683.155706906999
west_east,1000,4,060190022002,train,4920.319666927086
west_east,1000,4,060190022003,train,5433.24098894158
west_east,1000,4,060190022004,train,5022.323407219323
west_east,1000,4,060190023001,train,3723.0191526103304
west_east,1000,4,060190023002,train,4055.5314642302887
west_east,1000,4,060190023003,train,4022.2397404510816
west_east,1000,4,060190024001,train,2544.375994987147
west_east,1000,4,060190024002,train,2413.6037704115556
west_east,1000,4,060190024003,train,3216.570436191647
west_east,1000,4,060190024004,train,3316.603750478254
west_east,1000,4,060190025011,train,2168.237020152176
west_east,1000,4,060190025012,train,1800.4124048005567
west_east,1000,4,060190025013,train,1211.12165270787
west_east,1000,4,060190025014,train,1141.3058678112982
west_east,1000,4,060190025021,train,2013.3912851384418
west_east,1000,4,060190025022,train,1606.8973940741819
west_east,1000,4,060190025023,buffer_excluded,803.3602539480673
west_east,1000,4,060190026011,train,1976.6558808619711
west_east,1000,4,060190026012,train,1206.5543029596292
west_east,1000,4,060190026013,buffer_excluded,798.7885850419051
west_east,1000,4,060190026021,train,1388.7732248384082
west_east,1000,4,060190026022,buffer_excluded,798.7885850419051
west_east,1000,4,060190026023,train,1388.8067838245122
west_east,1000,4,060190027011,buffer_excluded,401.41640569989124
west_east,1000,4,060190027012,test,0.0
west_east,1000,4,060190027013,buffer_excluded,0.0
west_east,1000,4,060190027021,buffer_excluded,0.0
west_east,1000,4,060190027022,test,0.0
west_east,1000,4,060190027023,buffer_excluded,0.0
west_east,1000,4,060190027024,test,0.0
west_east,1000,4,060190028001,test,0.0
west_east,1000,4,060190028002,buffer_excluded,0.0
west_east,1000,4,060190028003,buffer_excluded,201.1591879573062
west_east,1000,4,060190028004,buffer_excluded,402.07929210909634
west_east,1000,4,060190029031,test,0.0
west_east,1000,4,060190029032,test,0.0
west_east,1000,4,060190029033,test,0.0
west_east,1000,4,060190029041,test,0.0
west_east,1000,4,060190029042,test,0.0
west_east,1000,4,060190029051,test,0.0
west_east,1000,4,060190029061,test,0.0
west_east,1000,4,060190029062,test,0.0
west_east,1000,4,060190030011,test,0.0
west_east,1000,4,060190030012,test,0.0
west_east,1000,4,060190030031,test,0.0
west_east,1000,4,060190030032,test,0.0
west_east,1000,4,060190030041,test,0.0
west_east,1000,4,060190030042,test,0.0
west_east,1000,4,060190031021,test,0.0
west_east,1000,4,060190031022,test,0.0
west_east,1000,4,060190031023,test,0.0
west_east,1000,4,060190031024,test,0.0
west_east,1000,4,060190031025,test,0.0
west_east,1000,4,060190031031,test,0.0
west_east,1000,4,060190031032,test,0.0
west_east,1000,4,060190031033,test,0.0
west_east,1000,4,060190031034,test,0.0
west_east,1000,4,060190031035,test,0.0
west_east,1000,4,060190031041,test,0.0
west_east,1000,4,060190031042,test,0.0
west_east,1000,4,060190032011,buffer_excluded,0.0
west_east,1000,4,060190032012,test,0.0
west_east,1000,4,060190032021,buffer_excluded,402.74059492550396
west_east,1000,4,060190032022,buffer_excluded,0.0
west_east,1000,4,060190032023,test,0.0
west_east,1000,4,060190032024,test,0.0
west_east,1000,4,060190033011,train,1567.9926242886606
west_east,1000,4,060190033012,buffer_excluded,804.7716008627937
west_east,1000,4,060190033021,train,1820.5884796427342
west_east,1000,4,060190033022,train,1141.8284473931808
west_east,1000,4,060190033023,train,1682.5274294758894
west_east,1000,4,060190033024,buffer_excluded,902.4051484266954
west_east,1000,4,060190034011,train,2454.6992104933242
west_east,1000,4,060190034012,train,3079.7564801622507
west_east,1000,4,060190034013,train,2553.4664567112904
west_east,1000,4,060190034021,train,2421.6609997904357
west_east,1000,4,060190034022,train,2822.3938772722504
west_east,1000,4,060190035001,train,3647.7342991872274
west_east,1000,4,060190035002,train,3625.910657460569
west_east,1000,4,060190035003,train,4275.249146165733
west_east,1000,4,060190035004,train,4612.032861013565
west_east,1000,4,060190035005,train,3625.939843884097
west_east,1000,4,060190036001,train,5232.120352019445
west_east,1000,4,060190036002,train,5258.303716942383
west_east,1000,4,060190036003,train,5671.967583863093
west_east,1000,4,060190036004,train,5639.734362433581
west_east,1000,4,060190036005,train,5639.439048413174
west_east,1000,4,060190037011,train,6532.264621975362
west_east,1000,4,060190037012,train,6454.9600704586555
west_east,1000,4,060190037021,train,7036.071891110672
west_east,1000,4,060190037022,train,7247.210214460195
west_east,1000,4,060190037023,train,6440.760368914559
west_east,1000,4,060190037024,train,6438.458114014326
west_east,1000,4,060190038041,train,10421.44732548896
west_east,1000,4,060190038042,train,11221.49736429024
west_east,1000,4,060190038043,train,10421.108704829576
west_east,1000,4,060190038051,train,8728.83860889112
west_east,1000,4,060190038052,train,9622.934700347183
west_east,1000,4,060190038053,train,9627.350730937282
west_east,1000,4,060190038071,train,8831.966989814697
west_east,1000,4,060190038072,train,8811.973079192065
west_east,1000,4,060190038081,train,10399.364051950179
west_east,1000,4,060190038082,train,11229.37616937896
west_east,1000,4,060190038083,train,10435.858915479126
west_east,1000,4,060190038091,train,9752.380742814865
west_east,1000,4,060190038092,train,10293.575012747448
west_east,1000,4,060190038101,train,12035.591532896276
west_east,1000,4,060190038102,train,12837.41903147656
west_east,1000,4,060190038103,train,12036.641457785023
west_east,1000,4,060190038111,train,12019.857402391632
west_east,1000,4,060190038112,train,12029.431947495756
west_east,1000,4,060190038113,train,12027.652599043675
west_east,1000,4,060190042051,train,8830.240840068142
west_east,1000,4,060190042052,train,8829.548248234098
west_east,1000,4,060190042053,train,8818.18861658379
west_east,1000,4,060190042054,train,7920.829285296844
west_east,1000,4,060190042101,train,10211.184337502027
west_east,1000,4,060190042102,train,10221.518104028597
west_east,1000,4,060190042111,train,11351.355636094011
west_east,1000,4,060190042112,train,11858.01049265442
west_east,1000,4,060190042113,train,10433.979915726752
west_east,1000,4,060190042121,train,10458.020235398239
west_east,1000,4,060190042122,train,9568.641356488988
west_east,1000,4,060190042123,train,11035.13416740147
west_east,1000,4,060190042124,train,9646.755866553649
west_east,1000,4,060190042125,train,8540.289359136612
west_east,1000,4,060190042126,train,10790.482540937755
west_east,1000,4,060190042131,train,9443.198926999283
west_east,1000,4,060190042132,train,8762.06110177444
west_east,1000,4,060190042141,train,9404.901654815918
west_east,1000,4,060190042142,train,8621.77052041081
west_east,1000,4,060190042143,train,8646.910239796509
west_east,1000,4,060190042144,train,9447.421228953457
west_east,1000,4,060190042171,train,11028.164892132612
west_east,1000,4,060190042172,train,12599.865989926562
west_east,1000,4,060190043012,train,8875.346304604725
west_east,1000,4,060190043013,train,6998.026904268042
west_east,1000,4,060190043021,train,7801.228493124876
west_east,1000,4,060190043022,train,6998.417259362902
west_east,1000,4,060190043023,train,6196.37948030442
west_east,1000,4,060190043024,train,7850.07839059712
west_east,1000,4,060190043025,train,6252.427766413791
west_east,1000,4,060190043031,train,7193.131343945239
west_east,1000,4,060190043032,train,7575.411342124166
west_east,1000,4,060190043033,train,6411.271000234289
west_east,1000,4,060190044042,train,2979.1781656599064
west_east,1000,4,060190044062,train,1578.843586939988
west_east,1000,4,060190044063,train,2432.4338143678083
west_east,1000,4,060190044092,train,6108.429771245183
west_east,1000,4,060190044093,train,5802.672891994704
west_east,1000,4,060190045031,train,4585.641775266754
west_east,1000,4,060190045032,train,4664.159484237797
west_east,1000,4,060190045041,train,2979.1983756441805
west_east,1000,4,060190045042,train,3875.1551876380404
west_east,1000,4,060190045043,train,4067.5706217463776
west_east,1000,4,060190045044,train,3782.383514643562
west_east,1000,4,060190045051,train,4026.990858761993
west_east,1000,4,060190045052,train,3219.534916192699
west_east,1000,4,060190045053,train,3314.5265461361837
west_east,1000,4,060190045061,train,5630.0807484287425
west_east,1000,4,060190045062,train,4829.942072063238
west_east,1000,4,060190046011,train,6430.098561844221
west_east,1000,4,060190046012,train,6430.841675024352
west_east,1000,4,060190046021,train,4830.2117229737605
west_east,1000,4,060190046022,train,4830.170711367103
west_east,1000,4,060190046023,train,5629.862267680318
west_east,1000,4,060190047031,train,8024.166060891596
west_east,1000,4,060190047032,train,7642.498457851721
west_east,1000,4,060190047033,train,7227.821932390264
west_east,1000,4,060190047041,train,7235.9622196020155
west_east,1000,4,060190047042,train,8033.269790314036
west_east,1000,4,060190047043,train,8050.451943713681
west_east,1000,4,060190047051,train,7963.482799461165
west_east,1000,4,060190047052,train,8022.970400680457
west_east,1000,4,060190047061,train,7223.911456256087
west_east,1000,4,060190047062,train,7226.906340162854
west_east,1000,4,060190047063,train,8030.536562152265
west_east,1000,4,060190048011,train,5093.4646951513505
west_east,1000,4,060190048012,train,5654.602652519841
west_east,1000,4,060190048013,train,5693.166378446498
west_east,1000,4,060190048021,train,6436.340827876633
west_east,1000,4,060190048022,train,6439.639535834931
west_east,1000,4,060190048023,train,6447.585168354299
west_east,1000,4,060190049011,train,4028.011925485923
west_east,1000,4,060190049012,train,4028.76922078612
west_east,1000,4,060190049021,train,5640.417570265678
west_east,1000,4,060190049022,train,5067.527956378815
west_east,1000,4,060190050001,train,3219.519973068923
west_east,1000,4,060190050002,train,3214.3175373967783
west_east,1000,4,060190050003,train,4024.7016271906123
west_east,1000,4,060190051001,train,2405.3456527969443
west_east,1000,4,060190051002,train,2881.7239194128692
west_east,1000,4,060190051003,train,3522.0218217195597
west_east,1000,4,060190051004,train,3632.9091183645805
west_east,1000,4,060190051005,train,2786.266738240236
west_east,1000,4,060190052021,buffer_excluded,0.0
west_east,1000,4,060190052022,buffer_excluded,0.0
west_east,1000,4,060190052031,train,1619.2584059690314
west_east,1000,4,060190052032,buffer_excluded,804.2941747494267
west_east,1000,4,060190052041,train,1223.1661316276693
west_east,1000,4,060190052042,train,1602.2236043547337
west_east,1000,4,060190052043,buffer_excluded,798.9676194005967
west_east,1000,4,060190053011,buffer_excluded,795.0201496083804
west_east,1000,4,060190053012,train,1599.8826157582535
west_east,1000,4,060190053013,train,2403.256877825294
west_east,1000,4,060190053021,buffer_excluded,796.6083395843834
west_east,1000,4,060190053022,train,1408.0077982397395
west_east,1000,4,060190053041,buffer_excluded,0.0
west_east,1000,4,060190053042,test,0.0
west_east,1000,4,060190053043,test,0.0
west_east,1000,4,060190053051,buffer_excluded,0.0
west_east,1000,4,060190053052,test,0.0
west_east,1000,4,060190054031,buffer_excluded,796.6083395843834
west_east,1000,4,060190054032,train,1855.54732987541
west_east,1000,4,060190054033,buffer_excluded,895.5216614546982
west_east,1000,4,060190054051,train,2326.262038850975
west_east,1000,4,060190054052,train,1595.950818483574
west_east,1000,4,060190054053,buffer_excluded,805.4927986385039
west_east,1000,4,060190054061,train,2177.2818821830147
west_east,1000,4,060190054062,train,1371.4271064969055
west_east,1000,4,060190054063,buffer_excluded,570.5640788748691
west_east,1000,4,060190054071,buffer_excluded,0.0
west_east,1000,4,060190054072,test,0.0
west_east,1000,4,060190054081,buffer_excluded,0.0
west_east,1000,4,060190054091,train,1665.7766450143538
west_east,1000,4,060190054092,train,1131.9803387207148
west_east,1000,4,060190054101,train,2409.840097022147
west_east,1000,4,060190054102,train,2537.4556481608834
west_east,1000,4,060190055092,buffer_excluded,0.0
west_east,1000,4,060190055093,test,0.0
west_east,1000,4,060190055143,test,0.0
west_east,1000,4,060190055261,buffer_excluded,0.0
west_east,1000,4,060190055272,buffer_excluded,571.0590438951438
west_east,1000,4,060190056023,test,0.0
west_east,1000,4,060190056024,test,0.0
west_east,1000,4,060190056051,test,0.0
west_east,1000,4,060190056061,test,0.0
west_east,1000,4,060190056062,test,0.0
west_east,1000,4,060190056071,test,0.0
west_east,1000,4,060190056072,test,0.0
west_east,1000,4,060190056073,test,0.0
west_east,1000,4,060190056074,test,0.0
west_east,1000,4,060190056081,test,0.0
west_east,1000,4,060190056082,test,0.0
west_east,1000,4,060190086002,train,8604.945040731425
west_east,1000,4,060190086004,train,6083.1850090789085
west_east,3000,0,060190001001,buffer_excluded,2420.138072575082
west_east,3000,0,060190002001,buffer_excluded,1542.0775914310098
west_east,3000,0,060190002002,buffer_excluded,915.2528887866838
west_east,3000,0,060190003001,buffer_excluded,399.34258008344966
west_east,3000,0,060190003002,buffer_excluded,1499.3813887395738
west_east,3000,0,060190003003,buffer_excluded,1115.9412438101463
west_east,3000,0,060190004001,train,4406.299880535979
west_east,3000,0,060190004002,train,4330.931481209786
west_east,3000,0,060190004003,buffer_excluded,1885.6649773135014
west_east,3000,0,060190004004,train,3765.7437391587137
west_east,3000,0,060190005011,train,4324.295819540413
west_east,3000,0,060190005012,train,3928.448130917152
west_east,3000,0,060190005021,train,3458.5704533240946
west_east,3000,0,060190005022,train,3381.179973525363
west_east,3000,0,060190006011,buffer_excluded,1784.2812422756672
west_east,3000,0,060190006012,buffer_excluded,1490.8555411968612
west_east,3000,0,060190006013,buffer_excluded,2467.646173033765
west_east,3000,0,060190006014,buffer_excluded,2546.8642538616064
west_east,3000,0,060190006021,buffer_excluded,2634.932780303109
west_east,3000,0,060190007011,buffer_excluded,0.0
west_east,3000,0,060190007021,buffer_excluded,0.0
west_east,3000,0,060190009011,buffer_excluded,0.0
west_east,3000,0,060190009012,buffer_excluded,997.2914877774954
west_east,3000,0,060190009021,buffer_excluded,1605.1209407344797
west_east,3000,0,060190009022,buffer_excluded,1467.1677387574564
west_east,3000,0,060190009023,buffer_excluded,0.0
west_east,3000,0,060190010001,buffer_excluded,1611.893864817133
west_east,3000,0,060190010002,buffer_excluded,0.0
west_east,3000,0,060190011001,buffer_excluded,2421.838822884746
west_east,3000,0,060190011002,buffer_excluded,2335.8064784877483
west_east,3000,0,060190012011,train,3219.1699641787454
west_east,3000,0,060190012012,train,4662.49831140782
west_east,3000,0,060190012013,train,5868.309760352338
west_east,3000,0,060190012014,train,4663.8420007923205
west_east,3000,0,060190012021,train,6443.342837540075
west_east,3000,0,060190012022,train,6083.1850090789085
west_east,3000,0,060190013011,train,4900.077524429675
west_east,3000,0,060190013012,train,5394.181618605954
west_east,3000,0,060190013013,train,5993.5126490842495
west_east,3000,0,060190013014,train,6899.678476663428
west_east,3000,0,060190013015,train,5693.3428616006295
west_east,3000,0,060190013031,train,4832.150582152349
west_east,3000,0,060190013032,train,4830.217093235833
west_east,3000,0,060190013041,train,5939.339989058775
west_east,3000,0,060190013042,train,6443.370097116651
west_east,3000,0,060190013043,train,5632.222459395091
west_east,3000,0,060190014071,train,7307.450197687444
west_east,3000,0,060190014072,train,7702.077187147167
west_east,3000,0,060190014073,train,8155.949498097938
west_east,3000,0,060190014074,train,7367.154642445872
west_east,3000,0,060190014081,train,7253.756141808233
west_east,3000,0,060190014082,train,8059.3385387407025
west_east,3000,0,060190014151,train,7258.939132967336
west_east,3000,0,060190014152,train,8057.372968301834
west_east,3000,0,060190014153,train,7253.902557982972
west_east,3000,0,060190014161,train,8856.541120506046
west_east,3000,0,060190015001,train,3717.715861382019
west_east,3000,0,060190017003,train,7587.9873378756665
west_east,3000,0,060190018001,buffer_excluded,0.0
west_east,3000,0,060190018002,train,4018.426299401614
west_east,3000,0,060190018003,train,3221.1422746900557
west_east,3000,0,060190018004,train,3319.958899173312
west_east,3000,0,060190020001,test,0.0
west_east,3000,0,060190020002,buffer_excluded,0.0
west_east,3000,0,060190020003,buffer_excluded,0.0
west_east,3000,0,060190020004,test,0.0
west_east,3000,0,060190020005,test,0.0
west_east,3000,0,060190021001,buffer_excluded,1231.2004764260446
west_east,3000,0,060190021002,buffer_excluded,960.3655572149399
west_east,3000,0,060190021003,buffer_excluded,694.7494011632665
west_east,3000,0,060190021004,buffer_excluded,0.0
west_east,3000,0,060190021005,buffer_excluded,805.7370429781993
west_east,3000,0,060190022001,buffer_excluded,2281.35498830568
west_east,3000,0,060190022002,buffer_excluded,1669.8075508864426
west_east,3000,0,060190022003,buffer_excluded,1474.5856272874687
west_east,3000,0,060190022004,buffer_excluded,1908.6416993611813
west_east,3000,0,060190023001,buffer_excluded,2850.590213533747
west_east,3000,0,060190023002,buffer_excluded,2516.662300568298
west_east,3000,0,060190023003,buffer_excluded,1983.6663983925164
west_east,3000,0,060190024001,train,3972.5899777792506
west_east,3000,0,060190024002,train,3887.628317949358
west_east,3000,0,060190024003,train,3381.1508662550964
west_east,3000,0,060190024004,train,3103.5886242524084
west_east,3000,0,060190025011,train,4761.571919597125
west_east,3000,0,060190025012,train,5156.937904390006
west_east,3000,0,060190025013,train,5629.137046992309
west_east,3000,0,060190025014,train,5555.51429136918
west_east,3000,0,060190025021,train,4690.2012648907075
west_east,3000,0,060190025022,train,5090.624895602716
west_east,3000,0,060190025023,train,5495.645848203308
west_east,3000,0,060190026011,train,4690.12845415497
west_east,3000,0,060190026012,train,5090.989475536476
west_east,3000,0,060190026013,train,5633.243436625349
west_east,3000,0,060190026021,train,4517.44316029876
west_east,3000,0,060190026022,train,5313.904037259596
west_east,3000,0,060190026023,train,4349.430694248899
west_east,3000,0,060190027011,train,6154.204026174334
west_east,3000,0,060190027012,train,6896.710452087832
west_east,3000,0,060190027013,train,6519.881814474894
west_east,3000,0,060190027021,train,5870.969699677334
west_east,3000,0,060190027022,train,6760.881728617162
west_east,3000,0,060190027023,train,6651.364192589178
west_east,3000,0,060190027024,train,7092.225748634355
west_east,3000,0,060190028001,train,7506.372418088705
west_east,3000,0,060190028002,train,6838.84858061638
west_east,3000,0,060190028003,train,6416.548460901486
west_east,3000,0,060190028004,train,6300.838667914802
west_east,3000,0,060190029031,train,7445.32362689718
west_east,3000,0,060190029032,train,7867.8107724695965
west_east,3000,0,060190029033,train,7635.2083853847635
west_east,3000,0,060190029041,train,7659.689438421831
west_east,3000,0,060190029042,train,8425.466741453902
west_east,3000,0,060190029051,train,7912.187886127159
west_east,3000,0,060190029061,train,8755.151050412254
west_east,3000,0,060190029062,train,7957.248650867253
west_east,3000,0,060190030011,train,9559.050996922579
west_east,3000,0,060190030012,train,9450.245809644795
west_east,3000,0,060190030031,train,9016.009568603
west_east,3000,0,060190030032,train,9811.03221011417
west_east,3000,0,060190030041,train,9983.745631401127
west_east,3000,0,060190030042,train,9205.822724142485
west_east,3000,0,060190031021,train,9671.263781254975
west_east,3000,0,060190031022,train,10448.830042024696
west_east,3000,0,060190031023,train,8441.111281531557
west_east,3000,0,060190031024,train,8844.521020407126
west_east,3000,0,060190031025,train,9644.952447235353
west_east,3000,0,060190031031,train,8825.880640517333
west_east,3000,0,060190031032,train,9241.04912503483
west_east,3000,0,060190031033,train,8438.838395638382
west_east,3000,0,060190031034,train,9642.67016028409
west_east,3000,0,060190031035,train,9644.293833438494
west_east,3000,0,060190031041,train,10445.604957892581
west_east,3000,0,060190031042,train,8079.119216449025
west_east,3000,0,060190032011,train,6432.956878005519
west_east,3000,0,060190032012,train,7247.210214460195
west_east,3000,0,060190032021,train,6432.862922356478
west_east,3000,0,060190032022,train,6753.225850740607
west_east,3000,0,060190032023,train,8049.485193927519
west_east,3000,0,060190032024,train,7646.410839604908
west_east,3000,0,060190033011,train,4821.615074576251
west_east,3000,0,060190033012,train,5639.224951598676
west_east,3000,0,060190033021,train,4835.825247867159
west_east,3000,0,060190033022,train,5622.651311123774
west_east,3000,0,060190033023,train,4821.973951971973
west_east,3000,0,060190033024,train,5609.099048986253
west_east,3000,0,060190034011,train,4020.768094798814
west_east,3000,0,060190034012,train,3618.1022328504664
west_east,3000,0,060190034013,train,4025.41779904777
west_east,3000,0,060190034021,train,4418.905176134078
west_east,3000,0,060190034022,train,3617.7013889332097
west_east,3000,0,060190035001,buffer_excluded,2646.4677786788106
west_east,3000,0,060190035002,buffer_excluded,2241.586225560392
west_east,3000,0,060190035003,buffer_excluded,2009.6980058270096
west_east,3000,0,060190035004,buffer_excluded,2009.2296502266793
west_east,3000,0,060190035005,buffer_excluded,2412.303567686362
west_east,3000,0,060190036001,buffer_excluded,1603.792043045599
west_east,3000,0,060190036002,buffer_excluded,996.0865445142274
west_east,3000,0,060190036003,buffer_excluded,825.645027758737
west_east,3000,0,060190036004,buffer_excluded,802.5738256066951
west_east,3000,0,060190036005,buffer_excluded,831.6136676421611
west_east,3000,0,060190037011,buffer_excluded,0.0
west_east,3000,0,060190037012,buffer_excluded,0.0
west_east,3000,0,060190037021,buffer_excluded,0.0
west_east,3000,0,060190037022,test,0.0
west_east,3000,0,060190037023,buffer_excluded,0.0
west_east,3000,0,060190037024,buffer_excluded,228.17256285170205
west_east,3000,0,060190038041,test,0.0
west_east,3000,0,060190038042,test,0.0
west_east,3000,0,060190038043,test,0.0
west_east,3000,0,060190038051,test,0.0
west_east,3000,0,060190038052,test,0.0
west_east,3000,0,060190038053,test,0.0
west_east,3000,0,060190038071,test,0.0
west_east,3000,0,060190038072,test,0.0
west_east,3000,0,060190038081,test,0.0
west_east,3000,0,060190038082,test,0.0
west_east,3000,0,060190038083,test,0.0
west_east,3000,0,060190038091,test,0.0
west_east,3000,0,060190038092,test,0.0
west_east,3000,0,060190038101,test,0.0
west_east,3000,0,060190038102,test,0.0
west_east,3000,0,060190038103,test,0.0
west_east,3000,0,060190038111,test,0.0
west_east,3000,0,060190038112,test,0.0
west_east,3000,0,060190038113,test,0.0
west_east,3000,0,060190042051,test,0.0
west_east,3000,0,060190042052,test,0.0
west_east,3000,0,060190042053,test,0.0
west_east,3000,0,060190042054,test,0.0
west_east,3000,0,060190042101,test,0.0
west_east,3000,0,060190042102,test,0.0
west_east,3000,0,060190042111,test,0.0
west_east,3000,0,060190042112,test,0.0
west_east,3000,0,060190042113,test,0.0
west_east,3000,0,060190042121,test,0.0
west_east,3000,0,060190042122,test,0.0
west_east,3000,0,060190042123,test,0.0
west_east,3000,0,060190042124,test,0.0
west_east,3000,0,060190042125,test,0.0
west_east,3000,0,060190042126,test,0.0
west_east,3000,0,060190042131,test,0.0
west_east,3000,0,060190042132,test,0.0
west_east,3000,0,060190042141,test,0.0
west_east,3000,0,060190042142,test,0.0
west_east,3000,0,060190042143,test,0.0
west_east,3000,0,060190042144,test,0.0
west_east,3000,0,060190042171,test,0.0
west_east,3000,0,060190042172,test,0.0
west_east,3000,0,060190043012,test,0.0
west_east,3000,0,060190043013,test,0.0
west_east,3000,0,060190043021,test,0.0
west_east,3000,0,060190043022,test,0.0
west_east,3000,0,060190043023,buffer_excluded,0.0
west_east,3000,0,060190043024,test,0.0
west_east,3000,0,060190043025,buffer_excluded,0.0
west_east,3000,0,060190043031,test,0.0
west_east,3000,0,060190043032,test,0.0
west_east,3000,0,060190043033,buffer_excluded,0.0
west_east,3000,0,060190044042,buffer_excluded,2578.247701379998
west_east,3000,0,060190044062,train,3788.3437082149508
west_east,3000,0,060190044063,train,3789.9995179631705
west_east,3000,0,060190044092,buffer_excluded,0.0
west_east,3000,0,060190044093,buffer_excluded,370.53025263536995
west_east,3000,0,060190045031,buffer_excluded,802.4466747012706
west_east,3000,0,060190045032,buffer_excluded,801.1123055872562
west_east,3000,0,060190045041,train,3209.2583005420347
west_east,3000,0,060190045042,buffer_excluded,2407.6685471379515
west_east,3000,0,060190045043,buffer_excluded,2408.5034676862206
west_east,3000,0,060190045044,buffer_excluded,2410.0891227229117
west_east,3000,0,060190045051,buffer_excluded,2402.98976682631
west_east,3000,0,060190045052,train,3667.1510798861527
west_east,3000,0,060190045053,train,3206.6271416805566
west_east,3000,0,060190045061,buffer_excluded,800.6553279134328
west_east,3000,0,060190045062,buffer_excluded,1598.3435155951972
west_east,3000,0,060190046011,buffer_excluded,0.0
west_east,3000,0,060190046012,buffer_excluded,209.50666780767094
west_east,3000,0,060190046021,buffer_excluded,1589.8580637465502
west_east,3000,0,060190046022,buffer_excluded,792.7044077811744
west_east,3000,0,060190046023,buffer_excluded,838.5616536166735
west_east,3000,0,060190047031,test,0.0
west_east,3000,0,060190047032,test,0.0
west_east,3000,0,060190047033,buffer_excluded,0.0
west_east,3000,0,060190047041,buffer_excluded,0.0
west_east,3000,0,060190047042,test,0.0
west_east,3000,0,060190047043,test,0.0
west_east,3000,0,060190047051,test,0.0
west_east,3000,0,060190047052,test,0.0
west_east,3000,0,060190047061,test,0.0
west_east,3000,0,060190047062,test,0.0
west_east,3000,0,060190047063,test,0.0
west_east,3000,0,060190048011,buffer_excluded,1014.4838238938706
west_east,3000,0,060190048012,buffer_excluded,1123.3380051218471
west_east,3000,0,060190048013,buffer_excluded,799.3368144923066
west_east,3000,0,060190048021,buffer_excluded,0.0
west_east,3000,0,060190048022,buffer_excluded,457.20052357806753
west_east,3000,0,060190048023,buffer_excluded,398.29960832473535
west_east,3000,0,060190049011,buffer_excluded,2143.387010444622
west_east,3000,0,060190049012,buffer_excluded,2394.563007410333
west_east,3000,0,060190049021,buffer_excluded,794.5582079485124
west_east,3000,0,060190049022,buffer_excluded,1587.2497678713107
west_east,3000,0,060190050001,train,3212.4343026159977
west_east,3000,0,060190050002,train,3197.005793815234
west_east,3000,0,060190050003,buffer_excluded,2393.5718412382776
west_east,3000,0,060190051001,train,4212.315149389084
west_east,3000,0,060190051002,train,3769.869721043019
west_east,3000,0,060190051003,train,3249.6334023575946
west_east,3000,0,060190051004,train,3198.4435330180463
west_east,3000,0,060190051005,train,3683.837423557823
west_east,3000,0,060190052021,train,6428.1972685465225
west_east,3000,0,060190052022,train,6473.034119276836
west_east,3000,0,060190052031,train,4863.071674863499
west_east,3000,0,060190052032,train,5661.705648440371
west_east,3000,0,060190052041,train,5149.620785012608
west_east,3000,0,060190052042,train,4820.514772289504
west_east,3000,0,060190052043,train,5624.768770839613
west_east,3000,0,060190053011,train,5623.944248549599
west_east,3000,0,060190053012,train,4820.158711218386
west_east,3000,0,060190053013,train,4009.1610231179175
west_east,3000,0,060190053021,train,5634.407094762727
west_east,3000,0,060190053022,train,4020.536786321992
west_east,3000,0,060190053041,train,6436.627073654548
west_east,3000,0,060190053042,train,7446.094429467175
west_east,3000,0,060190053043,train,7237.179413082655
west_east,3000,0,060190053051,train,6427.84899775859
west_east,3000,0,060190053052,train,7223.911456256087
west_east,3000,0,060190054031,train,4833.767236357755
west_east,3000,0,060190054032,train,4821.737215276295
west_east,3000,0,060190054033,train,5430.490770999175
west_east,3000,0,060190054051,train,4011.6184989035364
west_east,3000,0,060190054052,train,4819.372383357098
west_east,3000,0,060190054053,train,5626.753184395452
west_east,3000,0,060190054061,train,4013.0426136939923
west_east,3000,0,060190054062,train,4820.131903395872
west_east,3000,0,060190054063,train,5622.197383748155
west_east,3000,0,060190054071,train,6427.976180636685
west_east,3000,0,060190054072,train,7229.909924441712
west_east,3000,0,060190054081,train,6429.577139591924
west_east,3000,0,060190054091,train,4820.367735205979
west_east,3000,0,060190054092,train,5627.075260381265
west_east,3000,0,060190054101,train,4029.1568153438684
west_east,3000,0,060190054102,train,4013.2131112993284
west_east,3000,0,060190055092,train,6998.290122492677
west_east,3000,0,060190055093,train,6998.026904268042
west_east,3000,0,060190055143,train,8612.191825930935
west_east,3000,0,060190055261,train,6198.517577093296
west_east,3000,0,060190055272,train,5391.739078229846
west_east,3000,0,060190056023,train,10457.113401195866
west_east,3000,0,060190056024,train,10034.760434620863
west_east,3000,0,060190056051,train,8030.154164156301
west_east,3000,0,060190056061,train,8619.506306940955
west_east,3000,0,060190056062,train,8632.000657388166
west_east,3000,0,060190056071,train,8670.201691404573
west_east,3000,0,060190056072,train,9436.7169246263
west_east,3000,0,060190056073,train,8827.458245198593
west_east,3000,0,060190056074,train,10058.635119806164
west_east,3000,0,060190056081,train,9579.606783228033
west_east,3000,0,060190056082,train,8327.182367896858
west_east,3000,0,060190086002,test,0.0
west_east,3000,0,060190086004,test,0.0
west_east,3000,1,060190001001,buffer_excluded,0.0
west_east,3000,1,060190002001,test,0.0
west_east,3000,1,060190002002,test,0.0
west_east,3000,1,060190003001,test,0.0
west_east,3000,1,060190003002,buffer_excluded,0.0
west_east,3000,1,060190003003,test,0.0
west_east,3000,1,060190004001,buffer_excluded,2233.169652038472
west_east,3000,1,060190004002,buffer_excluded,2138.81071445325
west_east,3000,1,060190004003,buffer_excluded,0.0
west_east,3000,1,060190004004,buffer_excluded,1365.1255269262977
west_east,3000,1,060190005011,buffer_excluded,1725.702770798723
west_east,3000,1,060190005012,buffer_excluded,1501.959205130002
west_east,3000,1,060190005021,buffer_excluded,835.5050878687869
west_east,3000,1,060190005022,buffer_excluded,858.9202811690513
west_east,3000,1,060190006011,test,0.0
west_east,3000,1,060190006012,test,0.0
west_east,3000,1,060190006013,buffer_excluded,0.0
west_east,3000,1,060190006014,buffer_excluded,0.0
west_east,3000,1,060190006021,buffer_excluded,0.0
west_east,3000,1,060190007011,test,0.0
west_east,3000,1,060190007021,test,0.0
west_east,3000,1,060190009011,test,0.0
west_east,3000,1,060190009012,test,0.0
west_east,3000,1,060190009021,buffer_excluded,0.0
west_east,3000,1,060190009022,test,0.0
west_east,3000,1,060190009023,test,0.0
west_east,3000,1,060190010001,buffer_excluded,0.0
west_east,3000,1,060190010002,test,0.0
west_east,3000,1,060190011001,buffer_excluded,0.0
west_east,3000,1,060190011002,buffer_excluded,0.0
west_east,3000,1,060190012011,buffer_excluded,1021.3182316935169
west_east,3000,1,060190012012,buffer_excluded,1072.177380508944
west_east,3000,1,060190012013,buffer_excluded,2004.5059062904966
west_east,3000,1,060190012014,buffer_excluded,1003.7211614756429
west_east,3000,1,060190012021,buffer_excluded,2903.406964558229
west_east,3000,1,060190012022,buffer_excluded,2055.4625339048366
west_east,3000,1,060190013011,buffer_excluded,2737.170018404697
west_east,3000,1,060190013012,train,3241.875184768575
west_east,3000,1,060190013013,train,3747.461775760858
west_east,3000,1,060190013014,train,4289.082283317683
west_east,3000,1,060190013015,train,3545.5920805520327
west_east,3000,1,060190013031,buffer_excluded,2581.9105339639445
west_east,3000,1,060190013032,buffer_excluded,2546.713225964412
west_east,3000,1,060190013041,train,3085.856280430984
west_east,3000,1,060190013042,train,3420.1329765137734
west_east,3000,1,060190013043,buffer_excluded,2905.426877584062
west_east,3000,1,060190014071,train,4570.606865941375
west_east,3000,1,060190014072,train,4859.730898826796
west_east,3000,1,060190014073,train,5429.395470505667
west_east,3000,1,060190014074,train,4868.261824198659
west_east,3000,1,060190014081,train,4034.5727904609644
west_east,3000,1,060190014082,train,4730.075046695945
west_east,3000,1,060190014151,train,3231.3822011573166
west_east,3000,1,060190014152,train,4044.6482359242605
west_east,3000,1,060190014153,train,3610.041929479412
west_east,3000,1,060190014161,train,4973.171002932352
west_east,3000,1,060190015001,buffer_excluded,0.0
west_east,3000,1,060190017003,buffer_excluded,0.0
west_east,3000,1,060190018001,test,0.0
west_east,3000,1,060190018002,buffer_excluded,0.0
west_east,3000,1,060190018003,test,0.0
west_east,3000,1,060190018004,test,0.0
west_east,3000,1,060190020001,buffer_excluded,0.0
west_east,3000,1,060190020002,test,0.0
west_east,3000,1,060190020003,test,0.0
west_east,3000,1,060190020004,buffer_excluded,0.0
west_east,3000,1,060190020005,buffer_excluded,0.0
west_east,3000,1,060190021001,test,0.0
west_east,3000,1,060190021002,test,0.0
west_east,3000,1,060190021003,test,0.0
west_east,3000,1,060190021004,test,0.0
west_east,3000,1,060190021005,test,0.0
west_east,3000,1,060190022001,test,0.0
west_east,3000,1,060190022002,test,0.0
west_east,3000,1,060190022003,test,0.0
west_east,3000,1,060190022004,test,0.0
west_east,3000,1,060190023001,buffer_excluded,0.0
west_east,3000,1,060190023002,buffer_excluded,0.0
west_east,3000,1,060190023003,buffer_excluded,0.0
west_east,3000,1,060190024001,buffer_excluded,878.3728455918365
west_east,3000,1,060190024002,buffer_excluded,1201.9048828950351
west_east,3000,1,060190024003,buffer_excluded,863.5870816296884
west_east,3000,1,060190024004,buffer_excluded,0.0
west_east,3000,1,060190025011,buffer_excluded,1681.9833318537626
west_east,3000,1,060190025012,buffer_excluded,2077.6447506541185
west_east,3000,1,060190025013,buffer_excluded,2485.4842873663533
west_east,3000,1,060190025014,buffer_excluded,2520.594182695894
west_east,3000,1,060190025021,buffer_excluded,1872.154417155057
west_east,3000,1,060190025022,buffer_excluded,2238.9959729515294
west_east,3000,1,060190025023,buffer_excluded,2618.242327201191
west_east,3000,1,060190026011,buffer_excluded,2163.7181809445606
west_east,3000,1,060190026012,buffer_excluded,2571.160337402971
west_east,3000,1,060190026013,train,3142.3567747424145
west_east,3000,1,060190026021,buffer_excluded,2028.4898266584325
west_east,3000,1,060190026022,buffer_excluded,2971.094041429495
west_east,3000,1,060190026023,buffer_excluded,1949.0957742226278
west_east,3000,1,060190027011,train,3671.529420127444
west_east,3000,1,060190027012,train,4407.211658679967
west_east,3000,1,060190027013,train,4035.9578995218653
west_east,3000,1,060190027021,train,3552.2696995280553
west_east,3000,1,060190027022,train,4392.77182270259
west_east,3000,1,060190027023,train,4358.47129245596
west_east,3000,1,060190027024,train,4811.295323965101
west_east,3000,1,060190028001,train,4503.21570592012
west_east,3000,1,060190028002,train,3968.0754625500995
west_east,3000,1,060190028003,train,3286.1936399204696
west_east,3000,1,060190028004,train,3314.750692269179
west_east,3000,1,060190029031,train,5173.104952386582
west_east,3000,1,060190029032,train,5536.282383771117
west_east,3000,1,060190029033,train,5298.688593755128
west_east,3000,1,060190029041,train,5167.589606253178
west_east,3000,1,060190029042,train,5938.604055984826
west_east,3000,1,060190029051,train,4976.009707775473
west_east,3000,1,060190029061,train,5717.7192169723
west_east,3000,1,060190029062,train,4907.762970154372
west_east,3000,1,060190030011,train,6515.144359077954
west_east,3000,1,060190030012,train,6573.7002579138825
west_east,3000,1,060190030031,train,6300.50946829415
west_east,3000,1,060190030032,train,6940.980601489386
west_east,3000,1,060190030041,train,7445.105299440416
west_east,3000,1,060190030042,train,6719.614727723701
west_east,3000,1,060190031021,train,6899.736630257391
west_east,3000,1,060190031022,train,7498.128563173939
west_east,3000,1,060190031023,train,5580.031979684605
west_east,3000,1,060190031024,train,5960.016715373839
west_east,3000,1,060190031025,train,6722.352648333326
west_east,3000,1,060190031031,train,5741.785702515128
west_east,3000,1,060190031032,train,6150.885721044012
west_east,3000,1,060190031033,train,5365.810638797148
west_east,3000,1,060190031034,train,6622.91243402559
west_east,3000,1,060190031035,train,6546.2835446134
west_east,3000,1,060190031041,train,7344.902016207116
west_east,3000,1,060190031042,train,4833.518279668891
west_east,3000,1,060190032011,train,3223.231352432803
west_east,3000,1,060190032012,train,4028.011925485923
west_east,3000,1,060190032021,train,3286.1936399204696
west_east,3000,1,060190032022,train,3570.831934018763
west_east,3000,1,060190032023,train,4900.695503716536
west_east,3000,1,060190032024,train,4502.674514342547
west_east,3000,1,060190033011,buffer_excluded,1602.8063832157602
west_east,3000,1,060190033012,buffer_excluded,2407.8228139955877
west_east,3000,1,060190033021,buffer_excluded,1682.0056426359831
west_east,3000,1,060190033022,buffer_excluded,2469.553623855692
west_east,3000,1,060190033023,buffer_excluded,1725.8757640693827
west_east,3000,1,060190033024,buffer_excluded,2500.860745057213
west_east,3000,1,060190034011,buffer_excluded,1037.5635643654216
west_east,3000,1,060190034012,buffer_excluded,485.8442982032287
west_east,3000,1,060190034013,buffer_excluded,931.1600797253784
west_east,3000,1,060190034021,buffer_excluded,1204.1661154560918
west_east,3000,1,060190034022,buffer_excluded,394.28821524650647
west_east,3000,1,060190035001,buffer_excluded,0.0
west_east,3000,1,060190035002,buffer_excluded,0.0
west_east,3000,1,060190035003,test,0.0
west_east,3000,1,060190035004,test,0.0
west_east,3000,1,060190035005,buffer_excluded,0.0
west_east,3000,1,060190036001,test,0.0
west_east,3000,1,060190036002,test,0.0
west_east,3000,1,060190036003,test,0.0
west_east,3000,1,060190036004,test,0.0
west_east,3000,1,060190036005,test,0.0
west_east,3000,1,060190037011,test,0.0
west_east,3000,1,060190037012,test,0.0
west_east,3000,1,060190037021,test,0.0
west_east,3000,1,060190037022,buffer_excluded,0.0
west_east,3000,1,060190037023,test,0.0
west_east,3000,1,060190037024,test,0.0
west_east,3000,1,060190038041,buffer_excluded,2266.737247432859
west_east,3000,1,060190038042,buffer_excluded,2529.9922098624706
west_east,3000,1,060190038043,buffer_excluded,1793.2766414499333
west_east,3000,1,060190038051,buffer_excluded,646.0166705059195
west_east,3000,1,060190038052,buffer_excluded,1134.7866862058975
west_east,3000,1,060190038053,buffer_excluded,1593.631804060691
west_east,3000,1,060190038071,buffer_excluded,0.0
west_east,3000,1,060190038072,buffer_excluded,0.0
west_east,3000,1,060190038081,buffer_excluded,1593.6294570273649
west_east,3000,1,060190038082,buffer_excluded,2406.268105828638
west_east,3000,1,060190038083,buffer_excluded,1599.6643994167869
west_east,3000,1,060190038091,buffer_excluded,1695.1199343437258
west_east,3000,1,060190038092,buffer_excluded,2392.1564473445546
west_east,3000,1,060190038101,train,3601.635804550721
west_east,3000,1,060190038102,train,4454.5404709933155
west_east,3000,1,060190038103,train,3861.529436518122
west_east,3000,1,060190038111,train,3204.143750832785
west_east,3000,1,060190038112,train,3586.0243288385286
west_east,3000,1,060190038113,train,3205.2217075394224
west_east,3000,1,060190042051,buffer_excluded,298.7081719383056
west_east,3000,1,060190042052,buffer_excluded,795.1438995558341
west_east,3000,1,060190042053,buffer_excluded,929.5199238962323
west_east,3000,1,060190042054,buffer_excluded,0.0
west_east,3000,1,060190042101,train,3210.484016204624
west_east,3000,1,060190042102,buffer_excluded,2499.461945763691
west_east,3000,1,060190042111,train,3862.493674994868
west_east,3000,1,060190042112,train,3837.400873525338
west_east,3000,1,060190042113,buffer_excluded,2555.470398111216
west_east,3000,1,060190042121,buffer_excluded,1918.4597117384317
west_east,3000,1,060190042122,buffer_excluded,1176.072313183011
west_east,3000,1,060190042123,buffer_excluded,2939.1472330695683
west_east,3000,1,060190042124,buffer_excluded,1106.8382057193733
west_east,3000,1,060190042125,buffer_excluded,0.0
west_east,3000,1,060190042126,buffer_excluded,2546.403993090072
west_east,3000,1,060190042131,buffer_excluded,1425.0230523798452
west_east,3000,1,060190042132,buffer_excluded,381.30615778233613
west_east,3000,1,060190042141,buffer_excluded,2404.057223691738
west_east,3000,1,060190042142,buffer_excluded,1603.782672423138
west_east,3000,1,060190042143,buffer_excluded,1460.7031191812466
west_east,3000,1,060190042144,buffer_excluded,1952.9632827440778
west_east,3000,1,060190042171,buffer_excluded,2615.0091529296
west_east,3000,1,060190042172,train,4059.5776076533552
west_east,3000,1,060190043012,buffer_excluded,1876.9451749897378
west_east,3000,1,060190043013,buffer_excluded,0.0
west_east,3000,1,060190043021,buffer_excluded,801.4116190083461
west_east,3000,1,060190043022,buffer_excluded,0.0
west_east,3000,1,060190043023,test,0.0
west_east,3000,1,060190043024,buffer_excluded,800.3681731757907
west_east,3000,1,060190043025,test,0.0
west_east,3000,1,060190043031,buffer_excluded,0.0
west_east,3000,1,060190043032,buffer_excluded,0.0
west_east,3000,1,060190043033,test,0.0
west_east,3000,1,060190044042,buffer_excluded,170.6136665184493
west_east,3000,1,060190044062,buffer_excluded,1533.0163765058985
west_east,3000,1,060190044063,buffer_excluded,1616.1758972501232
west_east,3000,1,060190044092,test,0.0
west_east,3000,1,060190044093,test,0.0
west_east,3000,1,060190045031,test,0.0
west_east,3000,1,060190045032,test,0.0
west_east,3000,1,060190045041,buffer_excluded,799.7056288182257
west_east,3000,1,060190045042,buffer_excluded,0.0
west_east,3000,1,060190045043,buffer_excluded,0.0
west_east,3000,1,060190045044,buffer_excluded,0.0
west_east,3000,1,060190045051,buffer_excluded,0.0
west_east,3000,1,060190045052,buffer_excluded,1263.6904447287734
west_east,3000,1,060190045053,buffer_excluded,799.7378207155905
west_east,3000,1,060190045061,test,0.0
west_east,3000,1,060190045062,test,0.0
west_east,3000,1,060190046011,test,0.0
west_east,3000,1,060190046012,test,0.0
west_east,3000,1,060190046021,test,0.0
west_east,3000,1,060190046022,test,0.0
west_east,3000,1,060190046023,test,0.0
west_east,3000,1,060190047031,buffer_excluded,0.0
west_east,3000,1,060190047032,buffer_excluded,0.0
west_east,3000,1,060190047033,test,0.0
west_east,3000,1,060190047041,test,0.0
west_east,3000,1,060190047042,buffer_excluded,0.0
west_east,3000,1,060190047043,buffer_excluded,0.0
west_east,3000,1,060190047051,buffer_excluded,235.5181844476642
west_east,3000,1,060190047052,buffer_excluded,202.28677761469257
west_east,3000,1,060190047061,buffer_excluded,0.0
west_east,3000,1,060190047062,buffer_excluded,0.0
west_east,3000,1,060190047063,buffer_excluded,0.0
west_east,3000,1,060190048011,test,0.0
west_east,3000,1,060190048012,test,0.0
west_east,3000,1,060190048013,test,0.0
west_east,3000,1,060190048021,test,0.0
west_east,3000,1,060190048022,test,0.0
west_east,3000,1,060190048023,test,0.0
west_east,3000,1,060190049011,test,0.0
west_east,3000,1,060190049012,buffer_excluded,0.0
west_east,3000,1,060190049021,test,0.0
west_east,3000,1,060190049022,test,0.0
west_east,3000,1,060190050001,buffer_excluded,801.7531299169854
west_east,3000,1,060190050002,buffer_excluded,802.325873584933
west_east,3000,1,060190050003,buffer_excluded,0.0
west_east,3000,1,060190051001,buffer_excluded,1051.0930604139178
west_east,3000,1,060190051002,buffer_excluded,495.7249034286412
west_east,3000,1,060190051003,buffer_excluded,0.0
west_east,3000,1,060190051004,buffer_excluded,505.4817827391713
west_east,3000,1,060190051005,buffer_excluded,618.7612139830477
west_east,3000,1,060190052021,train,3229.8119083210695
west_east,3000,1,060190052022,train,3222.5867227941335
west_east,3000,1,060190052031,buffer_excluded,1602.8063832157602
west_east,3000,1,060190052032,buffer_excluded,2407.8228139955877
west_east,3000,1,060190052041,buffer_excluded,1942.8323062063444
west_east,3000,1,060190052042,buffer_excluded,1641.2185154705753
west_east,3000,1,060190052043,buffer_excluded,2555.964188057513
west_east,3000,1,060190053011,buffer_excluded,2673.427040193922
west_east,3000,1,060190053012,buffer_excluded,1970.6370487966424
west_east,3000,1,060190053013,buffer_excluded,1378.2102045239544
west_east,3000,1,060190053021,train,3098.1842660391367
west_east,3000,1,060190053022,buffer_excluded,1610.5134745179312
west_east,3000,1,060190053041,train,3762.0202515221645
west_east,3000,1,060190053042,train,4862.573538324321
west_east,3000,1,060190053043,train,4470.004129759211
west_east,3000,1,060190053051,train,3419.8972179582215
west_east,3000,1,060190053052,train,4190.505039979945
west_east,3000,1,060190054031,buffer_excluded,2417.858187470194
west_east,3000,1,060190054032,buffer_excluded,2417.858187470194
west_east,3000,1,060190054033,train,3025.7802072192176
west_east,3000,1,060190054051,buffer_excluded,1602.6972806721415
west_east,3000,1,060190054052,buffer_excluded,2411.1227996151238
west_east,3000,1,060190054053,train,3215.9437914028354
west_east,3000,1,060190054061,buffer_excluded,1602.3564295724757
west_east,3000,1,060190054062,buffer_excluded,2406.752269733235
west_east,3000,1,060190054063,train,3208.735603542838
west_east,3000,1,060190054071,train,4014.6682014687535
west_east,3000,1,060190054072,train,4817.332690341891
west_east,3000,1,060190054081,train,4018.7271405052784
west_east,3000,1,060190054091,buffer_excluded,2411.0542233570422
west_east,3000,1,060190054092,train,3222.9857141284424
west_east,3000,1,060190054101,buffer_excluded,1608.945609254649
west_east,3000,1,060190054102,buffer_excluded,1603.9961569108866
west_east,3000,1,060190055092,train,4611.389293417932
west_east,3000,1,060190055093,train,4585.641775266754
west_east,3000,1,060190055143,train,6207.145599171893
west_east,3000,1,060190055261,train,3818.446293628815
west_east,3000,1,060190055272,buffer_excluded,2982.7141509598646
west_east,3000,1,060190056023,train,7748.13982047435
west_east,3000,1,060190056024,train,7622.351815667946
west_east,3000,1,060190056051,train,5616.654834708356
west_east,3000,1,060190056061,train,6207.105907288687
west_east,3000,1,060190056062,train,6221.1455121687895
west_east,3000,1,060190056071,train,6260.355154463135
west_east,3000,1,060190056072,train,7031.783816032549
west_east,3000,1,060190056073,train,6422.61526134012
west_east,3000,1,060190056074,train,7649.790393800391
west_east,3000,1,060190056081,train,6993.781535201112
west_east,3000,1,060190056082,train,5777.973930653549
west_east,3000,1,060190086002,buffer_excluded,0.0
west_east,3000,1,060190086004,buffer_excluded,0.0
west_east,3000,2,060190001001,test,0.0
west_east,3000,2,060190002001,buffer_excluded,0.0
west_east,3000,2,060190002002,buffer_excluded,0.0
west_east,3000,2,060190003001,buffer_excluded,168.08232337412633
west_east,3000,2,060190003002,test,0.0
west_east,3000,2,060190003003,buffer_excluded,0.0
west_east,3000,2,060190004001,buffer_excluded,0.0
west_east,3000,2,060190004002,buffer_excluded,0.0
west_east,3000,2,060190004003,test,0.0
west_east,3000,2,060190004004,test,0.0
west_east,3000,2,060190005011,test,0.0
west_east,3000,2,060190005012,test,0.0
west_east,3000,2,060190005021,test,0.0
west_east,3000,2,060190005022,test,0.0
west_east,3000,2,060190006011,buffer_excluded,0.0
west_east,3000,2,060190006012,buffer_excluded,0.0
west_east,3000,2,060190006013,test,0.0
west_east,3000,2,060190006014,test,0.0
west_east,3000,2,060190006021,test,0.0
west_east,3000,2,060190007011,buffer_excluded,872.9346045859813
west_east,3000,2,060190007021,buffer_excluded,474.6668224852071
west_east,3000,2,060190009011,buffer_excluded,608.6695470090158
west_east,3000,2,060190009012,buffer_excluded,0.0
west_east,3000,2,060190009021,test,0.0
west_east,3000,2,060190009022,buffer_excluded,0.0
west_east,3000,2,060190009023,buffer_excluded,133.97721784331085
west_east,3000,2,060190010001,test,0.0
west_east,3000,2,060190010002,buffer_excluded,0.0
west_east,3000,2,060190011001,test,0.0
west_east,3000,2,060190011002,test,0.0
west_east,3000,2,060190012011,buffer_excluded,0.0
west_east,3000,2,060190012012,buffer_excluded,61.57023498086862
west_east,3000,2,060190012013,buffer_excluded,1205.1160444995285
west_east,3000,2,060190012014,buffer_excluded,0.0
west_east,3000,2,060190012021,buffer_excluded,1960.1841770745832
west_east,3000,2,060190012022,buffer_excluded,1785.8038547818614
west_east,3000,2,060190013011,buffer_excluded,500.9578565544676
west_east,3000,2,060190013012,buffer_excluded,1002.7222993852688
west_east,3000,2,060190013013,buffer_excluded,1607.9952658329635
west_east,3000,2,060190013014,buffer_excluded,2503.1865260416325
west_east,3000,2,060190013015,buffer_excluded,1304.8791832175948
west_east,3000,2,060190013031,buffer_excluded,395.493279451485
west_east,3000,2,060190013032,buffer_excluded,395.66388445345615
west_east,3000,2,060190013041,buffer_excluded,1503.3481276686991
west_east,3000,2,060190013042,buffer_excluded,2008.991707885218
west_east,3000,2,060190013043,buffer_excluded,1197.829907886515
west_east,3000,2,060190014071,buffer_excluded,2901.421078326022
west_east,3000,2,060190014072,train,3289.297328792636
west_east,3000,2,060190014073,train,3678.168010126832
west_east,3000,2,060190014074,buffer_excluded,2904.6463843853903
west_east,3000,2,060190014081,buffer_excluded,2818.9495467547113
west_east,3000,2,060190014082,train,3624.2811358108033
west_east,3000,2,060190014151,buffer_excluded,2606.732640809323
west_east,3000,2,060190014152,train,3414.4349935318164
west_east,3000,2,060190014153,buffer_excluded,2723.1397959416863
west_east,3000,2,060190014161,train,4226.303654985122
west_east,3000,2,060190015001,buffer_excluded,0.0
west_east,3000,2,060190017003,buffer_excluded,804.6465973360017
west_east,3000,2,060190018001,buffer_excluded,0.0
west_east,3000,2,060190018002,test,0.0
west_east,3000,2,060190018003,buffer_excluded,0.0
west_east,3000,2,060190018004,buffer_excluded,0.0
west_east,3000,2,060190020001,buffer_excluded,2589.8626738395046
west_east,3000,2,060190020002,buffer_excluded,946.8274770239597
west_east,3000,2,060190020003,buffer_excluded,918.2284198245718
west_east,3000,2,060190020004,buffer_excluded,2914.185517753388
west_east,3000,2,060190020005,buffer_excluded,1983.6663983925164
west_east,3000,2,060190021001,buffer_excluded,720.1615033344823
west_east,3000,2,060190021002,buffer_excluded,509.83667272078344
west_east,3000,2,060190021003,buffer_excluded,492.8118994880681
west_east,3000,2,060190021004,buffer_excluded,1547.8781472705168
west_east,3000,2,060190021005,buffer_excluded,1154.2636813662639
west_east,3000,2,060190022001,buffer_excluded,0.0
west_east,3000,2,060190022002,buffer_excluded,0.0
west_east,3000,2,060190022003,buffer_excluded,309.55327523268244
west_east,3000,2,060190022004,buffer_excluded,267.3674599075496
west_east,3000,2,060190023001,test,0.0
west_east,3000,2,060190023002,test,0.0
west_east,3000,2,060190023003,test,0.0
west_east,3000,2,060190024001,test,0.0
west_east,3000,2,060190024002,test,0.0
west_east,3000,2,060190024003,test,0.0
west_east,3000,2,060190024004,test,0.0
west_east,3000,2,060190025011,test,0.0
west_east,3000,2,060190025012,buffer_excluded,0.0
west_east,3000,2,060190025013,buffer_excluded,15.780407213778687
west_east,3000,2,060190025014,buffer_excluded,400.56714032249016
west_east,3000,2,060190025021,test,0.0
west_east,3000,2,060190025022,buffer_excluded,0.0
west_east,3000,2,060190025023,buffer_excluded,369.66710619614184
west_east,3000,2,060190026011,test,0.0
west_east,3000,2,060190026012,buffer_excluded,0.0
west_east,3000,2,060190026013,buffer_excluded,606.5159685190636
west_east,3000,2,060190026021,buffer_excluded,0.0
west_east,3000,2,060190026022,buffer_excluded,589.1873346972604
west_east,3000,2,060190026023,buffer_excluded,0.0
west_east,3000,2,060190027011,buffer_excluded,1173.2990079192912
west_east,3000,2,060190027012,buffer_excluded,1976.6558808619711
west_east,3000,2,060190027013,buffer_excluded,1574.1990861800082
west_east,3000,2,060190027021,buffer_excluded,1179.4014248790902
west_east,3000,2,060190027022,buffer_excluded,1979.1650019483875
west_east,3000,2,060190027023,buffer_excluded,2017.9875568830619
west_east,3000,2,060190027024,buffer_excluded,2464.4601563238243
west_east,3000,2,060190028001,buffer_excluded,2033.5551515221646
west_east,3000,2,060190028002,buffer_excluded,1627.5509439266198
west_east,3000,2,060190028003,buffer_excluded,816.5365254823689
west_east,3000,2,060190028004,buffer_excluded,912.2513984111714
west_east,3000,2,060190029031,buffer_excluded,2788.441523312979
west_east,3000,2,060190029032,train,3143.398732855659
west_east,3000,2,060190029033,train,3012.424860998347
west_east,3000,2,060190029041,buffer_excluded,2782.3477363769343
west_east,3000,2,060190029042,train,3589.24953798394
west_east,3000,2,060190029051,buffer_excluded,2570.4236711250887
west_east,3000,2,060190029061,train,3253.65630001591
west_east,3000,2,060190029062,buffer_excluded,2438.104313224331
west_east,3000,2,060190030011,train,4045.450220967693
west_east,3000,2,060190030012,train,4135.4188820744175
west_east,3000,2,060190030031,train,4405.429427235673
west_east,3000,2,060190030032,train,5208.658802037192
west_east,3000,2,060190030041,train,5123.437042753396
west_east,3000,2,060190030042,train,4362.317058631049
west_east,3000,2,060190031021,train,3819.78213579012
west_east,3000,2,060190031022,train,4623.309457989441
west_east,3000,2,060190031023,buffer_excluded,2611.2233601649273
west_east,3000,2,060190031024,train,3014.070746743295
west_east,3000,2,060190031025,train,3816.816643869828
west_east,3000,2,060190031031,train,3038.1490360554994
west_east,3000,2,060190031032,train,3436.8741163129275
west_east,3000,2,060190031033,buffer_excluded,2637.457951558078
west_east,3000,2,060190031034,train,3834.870490249083
west_east,3000,2,060190031035,train,3897.5341264373583
west_east,3000,2,060190031041,train,4635.41137140606
west_east,3000,2,060190031042,buffer_excluded,2419.7343242742836
west_east,3000,2,060190032011,buffer_excluded,814.4781549594798
west_east,3000,2,060190032012,buffer_excluded,1619.2584059690314
west_east,3000,2,060190032021,buffer_excluded,815.5642094605424
west_east,3000,2,060190032022,buffer_excluded,1101.1639084003602
west_east,3000,2,060190032023,buffer_excluded,2437.554064859774
west_east,3000,2,060190032024,buffer_excluded,2031.78781330742
west_east,3000,2,060190033011,buffer_excluded,0.0
west_east,3000,2,060190033012,buffer_excluded,0.0
west_east,3000,2,060190033021,test,0.0
west_east,3000,2,060190033022,buffer_excluded,0.0
west_east,3000,2,060190033023,test,0.0
west_east,3000,2,060190033024,buffer_excluded,0.0
west_east,3000,2,060190034011,test,0.0
west_east,3000,2,060190034012,test,0.0
west_east,3000,2,060190034013,test,0.0
west_east,3000,2,060190034021,test,0.0
west_east,3000,2,060190034022,test,0.0
west_east,3000,2,060190035001,test,0.0
west_east,3000,2,060190035002,test,0.0
west_east,3000,2,060190035003,buffer_excluded,0.0
west_east,3000,2,060190035004,buffer_excluded,0.0
west_east,3000,2,060190035005,test,0.0
west_east,3000,2,060190036001,buffer_excluded,144.7502543607914
west_east,3000,2,060190036002,buffer_excluded,553.1206383525721
west_east,3000,2,060190036003,buffer_excluded,973.1697652971826
west_east,3000,2,060190036004,buffer_excluded,680.46010003775
west_east,3000,2,060190036005,buffer_excluded,550.0235764561556
west_east,3000,2,060190037011,buffer_excluded,1718.6397835970258
west_east,3000,2,060190037012,buffer_excluded,1579.080792549168
west_east,3000,2,060190037021,buffer_excluded,1942.6274391937736
west_east,3000,2,060190037022,buffer_excluded,2241.586225560392
west_east,3000,2,060190037023,buffer_excluded,1443.3156966778954
west_east,3000,2,060190037024,buffer_excluded,1346.6931379474106
west_east,3000,2,060190038041,train,5328.007699861603
west_east,3000,2,060190038042,train,6133.360277217413
west_east,3000,2,060190038043,train,5328.007699861603
west_east,3000,2,060190038051,train,3642.64517105951
west_east,3000,2,060190038052,train,4534.042569066286
west_east,3000,2,060190038053,train,4533.905718407977
west_east,3000,2,060190038071,train,3821.484094845575
west_east,3000,2,060190038072,train,3691.444372487885
west_east,3000,2,060190038081,train,5278.830855777842
west_east,3000,2,060190038082,train,6186.87420758284
west_east,3000,2,060190038083,train,5401.241613595305
west_east,3000,2,060190038091,train,4692.775119696783
west_east,3000,2,060190038092,train,5426.664576904191
west_east,3000,2,060190038101,train,7118.287111272488
west_east,3000,2,060190038102,train,7770.377830189712
west_east,3000,2,060190038103,train,6984.481104821898
west_east,3000,2,060190038111,train,6899.304814649787
west_east,3000,2,060190038112,train,6936.135313529735
west_east,3000,2,060190038113,train,6936.531932013337
west_east,3000,2,060190042051,train,3994.8755871802596
west_east,3000,2,060190042052,train,3992.92679904345
west_east,3000,2,060190042053,train,3986.2943302763492
west_east,3000,2,060190042054,buffer_excluded,2938.2301901074247
west_east,3000,2,060190042101,train,5621.929672782699
west_east,3000,2,060190042102,train,5620.668684642633
west_east,3000,2,060190042111,train,6730.266861935225
west_east,3000,2,060190042112,train,7237.347749517084
west_east,3000,2,060190042113,train,5706.883570570144
west_east,3000,2,060190042121,train,5624.596594177655
west_east,3000,2,060190042122,train,4710.276261691412
west_east,3000,2,060190042123,train,6286.306392598576
west_east,3000,2,060190042124,train,4814.669412137123
west_east,3000,2,060190042125,train,3709.805043422039
west_east,3000,2,060190042126,train,5986.293394209388
west_east,3000,2,060190042131,train,4652.9141554233365
west_east,3000,2,060190042132,train,4004.4474263349803
west_east,3000,2,060190042141,train,4815.5019168098
west_east,3000,2,060190042142,train,4015.5328442303507
west_east,3000,2,060190042143,train,4014.193379278856
west_east,3000,2,060190042144,train,4811.414386804084
west_east,3000,2,060190042171,train,6193.002813672789
west_east,3000,2,060190042172,train,7769.11596271088
west_east,3000,2,060190043012,train,4290.069778736425
west_east,3000,2,060190043013,buffer_excluded,2413.0771180759707
west_east,3000,2,060190043021,train,3212.947027979922
west_east,3000,2,060190043022,buffer_excluded,2407.430152021381
west_east,3000,2,060190043023,buffer_excluded,1605.6194368042368
west_east,3000,2,060190043024,train,3208.8675465369547
west_east,3000,2,060190043025,buffer_excluded,1602.6107302638234
west_east,3000,2,060190043031,buffer_excluded,2402.98976682631
west_east,3000,2,060190043032,buffer_excluded,2745.155073168615
west_east,3000,2,060190043033,buffer_excluded,1599.4835251769662
west_east,3000,2,060190044042,test,0.0
west_east,3000,2,060190044062,test,0.0
west_east,3000,2,060190044063,test,0.0
west_east,3000,2,060190044092,buffer_excluded,1673.526615426187
west_east,3000,2,060190044093,buffer_excluded,1227.99055248266
west_east,3000,2,060190045031,buffer_excluded,0.0
west_east,3000,2,060190045032,buffer_excluded,0.0
west_east,3000,2,060190045041,test,0.0
west_east,3000,2,060190045042,test,0.0
west_east,3000,2,060190045043,test,0.0
west_east,3000,2,060190045044,test,0.0
west_east,3000,2,060190045051,test,0.0
west_east,3000,2,060190045052,test,0.0
west_east,3000,2,060190045053,test,0.0
west_east,3000,2,060190045061,buffer_excluded,796.9840056172868
west_east,3000,2,060190045062,buffer_excluded,0.0
west_east,3000,2,060190046011,buffer_excluded,1599.4360371274818
west_east,3000,2,060190046012,buffer_excluded,1600.5169933346835
west_east,3000,2,060190046021,buffer_excluded,0.0
west_east,3000,2,060190046022,buffer_excluded,0.0
west_east,3000,2,060190046023,buffer_excluded,799.5864062752954
west_east,3000,2,060190047031,train,3037.515346860612
west_east,3000,2,060190047032,buffer_excluded,2655.041088065518
west_east,3000,2,060190047033,buffer_excluded,2277.339087300338
west_east,3000,2,060190047041,buffer_excluded,2143.658635440624
west_east,3000,2,060190047042,buffer_excluded,2940.041419845457
west_east,3000,2,060190047043,buffer_excluded,2993.5136679737416
west_east,3000,2,060190047051,train,3130.698485916406
west_east,3000,2,060190047052,train,3190.65494032113
west_east,3000,2,060190047061,buffer_excluded,2393.5718412382776
west_east,3000,2,060190047062,buffer_excluded,2394.553896842952
west_east,3000,2,060190047063,train,3195.4772676358007
west_east,3000,2,060190048011,buffer_excluded,0.0
west_east,3000,2,060190048012,buffer_excluded,677.7673171995893
west_east,3000,2,060190048013,buffer_excluded,811.9456412554692
west_east,3000,2,060190048021,buffer_excluded,1558.2241928028925
west_east,3000,2,060190048022,buffer_excluded,1346.590425805877
west_east,3000,2,060190048023,buffer_excluded,1399.1123143091777
west_east,3000,2,060190049011,buffer_excluded,0.0
west_east,3000,2,060190049012,test,0.0
west_east,3000,2,060190049021,buffer_excluded,805.0579311854711
west_east,3000,2,060190049022,buffer_excluded,0.0
west_east,3000,2,060190050001,test,0.0
west_east,3000,2,060190050002,test,0.0
west_east,3000,2,060190050003,test,0.0
west_east,3000,2,060190051001,test,0.0
west_east,3000,2,060190051002,test,0.0
west_east,3000,2,060190051003,test,0.0
west_east,3000,2,060190051004,test,0.0
west_east,3000,2,060190051005,test,0.0
west_east,3000,2,060190052021,buffer_excluded,802.6447977806373
west_east,3000,2,060190052022,buffer_excluded,811.6340477814962
west_east,3000,2,060190052031,test,0.0
west_east,3000,2,060190052032,buffer_excluded,0.0
west_east,3000,2,060190052041,buffer_excluded,0.0
west_east,3000,2,060190052042,test,0.0
west_east,3000,2,060190052043,buffer_excluded,0.0
west_east,3000,2,060190053011,buffer_excluded,0.0
west_east,3000,2,060190053012,buffer_excluded,0.0
west_east,3000,2,060190053013,test,0.0
west_east,3000,2,060190053021,buffer_excluded,0.0
west_east,3000,2,060190053022,test,0.0
west_east,3000,2,060190053041,buffer_excluded,608.6489527813294
west_east,3000,2,060190053042,buffer_excluded,1585.2327947604879
west_east,3000,2,060190053043,buffer_excluded,1408.0077982397395
west_east,3000,2,060190053051,buffer_excluded,694.4179042650982
west_east,3000,2,060190053052,buffer_excluded,1451.9674823597186
west_east,3000,2,060190054031,buffer_excluded,0.0
west_east,3000,2,060190054032,test,0.0
west_east,3000,2,060190054033,buffer_excluded,0.0
west_east,3000,2,060190054051,test,0.0
west_east,3000,2,060190054052,buffer_excluded,0.0
west_east,3000,2,060190054053,buffer_excluded,804.2199329206705
west_east,3000,2,060190054061,test,0.0
west_east,3000,2,060190054062,buffer_excluded,0.0
west_east,3000,2,060190054063,buffer_excluded,229.9851958844138
west_east,3000,2,060190054071,buffer_excluded,1031.7526424009648
west_east,3000,2,060190054072,buffer_excluded,1830.7043570014944
west_east,3000,2,060190054081,buffer_excluded,707.1823227982128
west_east,3000,2,060190054091,buffer_excluded,0.0
west_east,3000,2,060190054092,buffer_excluded,196.26274028792676
west_east,3000,2,060190054101,test,0.0
west_east,3000,2,060190054102,test,0.0
west_east,3000,2,060190055092,buffer_excluded,1581.7487987690406
west_east,3000,2,060190055093,buffer_excluded,1578.843586939988
west_east,3000,2,060190055143,train,3194.974914149292
west_east,3000,2,060190055261,buffer_excluded,787.3513120976843
west_east,3000,2,060190055272,buffer_excluded,0.0
west_east,3000,2,060190056023,train,4647.439207004757
west_east,3000,2,060190056024,train,4621.160495766053
west_east,3000,2,060190056051,buffer_excluded,2628.225149547447
west_east,3000,2,060190056061,train,3209.961007274622
west_east,3000,2,060190056062,train,3325.0008889165715
west_east,3000,2,060190056071,train,3336.18616197644
west_east,3000,2,060190056072,train,3795.0607046609116
west_east,3000,2,060190056073,train,3202.1149269724056
west_east,3000,2,060190056074,train,4476.084681805556
west_east,3000,2,060190056081,train,3826.0891590643955
west_east,3000,2,060190056082,buffer_excluded,2506.994720618334
west_east,3000,2,060190086002,train,3762.422492621331
west_east,3000,2,060190086004,buffer_excluded,1499.3813887395738
west_east,3000,3,060190001001,buffer_excluded,1117.667915020842
west_east,3000,3,060190002001,buffer_excluded,1803.6939131509043
west_east,3000,3,060190002002,buffer_excluded,1874.2649954982398
west_east,3000,3,060190003001,buffer_excluded,1757.1995682393726
west_east,3000,3,060190003002,buffer_excluded,928.9643856831384
west_east,3000,3,060190003003,buffer_excluded,1336.8763200696112
west_east,3000,3,060190004001,test,0.0
west_east,3000,3,060190004002,test,0.0
west_east,3000,3,060190004003,buffer_excluded,0.0
west_east,3000,3,060190004004,buffer_excluded,0.0
west_east,3000,3,060190005011,buffer_excluded,0.0
west_east,3000,3,060190005012,buffer_excluded,0.0
west_east,3000,3,060190005021,buffer_excluded,427.7558174770749
west_east,3000,3,060190005022,buffer_excluded,821.356464015427
west_east,3000,3,060190006011,buffer_excluded,2165.6938818036906
west_east,3000,3,060190006012,buffer_excluded,2197.227989322912
west_east,3000,3,060190006013,buffer_excluded,1783.429306222881
west_east,3000,3,060190006014,buffer_excluded,1735.0031050130701
west_east,3000,3,060190006021,buffer_excluded,545.8369939405992
west_east,3000,3,060190007011,buffer_excluded,2817.4317491524234
west_east,3000,3,060190007021,buffer_excluded,2849.7893367455245
west_east,3000,3,060190009011,buffer_excluded,2375.5039617195234
west_east,3000,3,060190009012,buffer_excluded,1141.5844750302247
west_east,3000,3,060190009021,buffer_excluded,838.3882917004585
west_east,3000,3,060190009022,buffer_excluded,1214.431231606805
west_east,3000,3,060190009023,buffer_excluded,1728.572055646142
west_east,3000,3,060190010001,buffer_excluded,1294.1567634344053
west_east,3000,3,060190010002,buffer_excluded,1504.5008552710076
west_east,3000,3,060190011001,buffer_excluded,0.0
west_east,3000,3,060190011002,buffer_excluded,0.0
west_east,3000,3,060190012011,test,0.0
west_east,3000,3,060190012012,test,0.0
west_east,3000,3,060190012013,test,0.0
west_east,3000,3,060190012014,test,0.0
west_east,3000,3,060190012021,test,0.0
west_east,3000,3,060190012022,buffer_excluded,0.0
west_east,3000,3,060190013011,test,0.0
west_east,3000,3,060190013012,test,0.0
west_east,3000,3,060190013013,test,0.0
west_east,3000,3,060190013014,buffer_excluded,0.0
west_east,3000,3,060190013015,test,0.0
west_east,3000,3,060190013031,test,0.0
west_east,3000,3,060190013032,test,0.0
west_east,3000,3,060190013041,test,0.0
west_east,3000,3,060190013042,buffer_excluded,0.0
west_east,3000,3,060190013043,test,0.0
west_east,3000,3,060190014071,buffer_excluded,408.8429449945076
west_east,3000,3,060190014072,buffer_excluded,806.9323683420733
west_east,3000,3,060190014073,buffer_excluded,1159.334893117894
west_east,3000,3,060190014074,buffer_excluded,361.84356240533253
west_east,3000,3,060190014081,buffer_excluded,0.0
west_east,3000,3,060190014082,buffer_excluded,806.7458256711815
west_east,3000,3,060190014151,buffer_excluded,0.0
west_east,3000,3,060190014152,buffer_excluded,802.9644014999722
west_east,3000,3,060190014153,buffer_excluded,0.0
west_east,3000,3,060190014161,buffer_excluded,1601.5795289715602
west_east,3000,3,060190015001,test,0.0
west_east,3000,3,060190017003,test,0.0
west_east,3000,3,060190018001,buffer_excluded,0.0
west_east,3000,3,060190018002,buffer_excluded,0.0
west_east,3000,3,060190018003,buffer_excluded,0.0
west_east,3000,3,060190018004,buffer_excluded,1448.9623730085175
west_east,3000,3,060190020001,train,5121.714137188469
west_east,3000,3,060190020002,train,3744.4257931667544
west_east,3000,3,060190020003,train,3639.1334433916118
west_east,3000,3,060190020004,train,5531.1817738306
west_east,3000,3,060190020005,train,4760.52255297981
west_east,3000,3,060190021001,train,3317.8947202859704
west_east,3000,3,060190021002,train,3439.5536339325186
west_east,3000,3,060190021003,train,3302.328723509982
west_east,3000,3,060190021004,train,4306.3021292900285
west_east,3000,3,060190021005,train,3909.7914753216655
west_east,3000,3,060190022001,buffer_excluded,2399.3610327896754
west_east,3000,3,060190022002,buffer_excluded,2807.0733806803487
west_east,3000,3,060190022003,train,3085.889239074954
west_east,3000,3,060190022004,buffer_excluded,2670.046478894449
west_east,3000,3,060190023001,buffer_excluded,1538.252087182116
west_east,3000,3,060190023002,buffer_excluded,2010.366174141644
west_east,3000,3,060190023003,buffer_excluded,1802.4445147496538
west_east,3000,3,060190024001,buffer_excluded,395.6329998282045
west_east,3000,3,060190024002,buffer_excluded,399.6215485800737
west_east,3000,3,060190024003,buffer_excluded,1137.8113943804792
west_east,3000,3,060190024004,buffer_excluded,1069.7147336405244
west_east,3000,3,060190025011,buffer_excluded,0.0
west_east,3000,3,060190025012,test,0.0
west_east,3000,3,060190025013,test,0.0
west_east,3000,3,060190025014,test,0.0
west_east,3000,3,060190025021,buffer_excluded,0.0
west_east,3000,3,060190025022,test,0.0
west_east,3000,3,060190025023,test,0.0
west_east,3000,3,060190026011,buffer_excluded,0.0
west_east,3000,3,060190026012,test,0.0
west_east,3000,3,060190026013,test,0.0
west_east,3000,3,060190026021,test,0.0
west_east,3000,3,060190026022,test,0.0
west_east,3000,3,060190026023,test,0.0
west_east,3000,3,060190027011,test,0.0
west_east,3000,3,060190027012,buffer_excluded,0.0
west_east,3000,3,060190027013,test,0.0
west_east,3000,3,060190027021,test,0.0
west_east,3000,3,060190027022,buffer_excluded,0.0
west_east,3000,3,060190027023,test,0.0
west_east,3000,3,060190027024,buffer_excluded,0.0
west_east,3000,3,060190028001,buffer_excluded,0.0
west_east,3000,3,060190028002,test,0.0
west_east,3000,3,060190028003,test,0.0
west_east,3000,3,060190028004,test,0.0
west_east,3000,3,060190029031,buffer_excluded,361.36046122521793
west_east,3000,3,060190029032,buffer_excluded,695.7058042816724
west_east,3000,3,060190029033,buffer_excluded,553.8730927380606
west_east,3000,3,060190029041,buffer_excluded,405.15570449804136
west_east,3000,3,060190029042,buffer_excluded,1211.5138788841107
west_east,3000,3,060190029051,buffer_excluded,405.33533741820327
west_east,3000,3,060190029061,buffer_excluded,1190.2248288014662
west_east,3000,3,060190029062,buffer_excluded,387.5271504652964
west_east,3000,3,060190030011,buffer_excluded,1996.3994927505037
west_east,3000,3,060190030012,buffer_excluded,2015.5773540492403
west_east,3000,3,060190030031,buffer_excluded,1964.4390389520038
west_east,3000,3,060190030032,buffer_excluded,2772.039757313662
west_east,3000,3,060190030041,buffer_excluded,2806.352563521974
west_east,3000,3,060190030042,buffer_excluded,2014.0251443757807
west_east,3000,3,060190031021,buffer_excluded,1032.3687066756022
west_east,3000,3,060190031022,buffer_excluded,1924.0310449122
west_east,3000,3,060190031023,buffer_excluded,107.96085041523786
west_east,3000,3,060190031024,buffer_excluded,680.9022471931768
west_east,3000,3,060190031025,buffer_excluded,1197.945199827481
west_east,3000,3,060190031031,buffer_excluded,385.6955057200257
west_east,3000,3,060190031032,buffer_excluded,803.6298688427562
west_east,3000,3,060190031033,buffer_excluded,0.0
west_east,3000,3,060190031034,buffer_excluded,1261.302957812247
west_east,3000,3,060190031035,buffer_excluded,1205.7290257352897
west_east,3000,3,060190031041,buffer_excluded,2007.9283359416768
west_east,3000,3,060190031042,buffer_excluded,0.0
west_east,3000,3,060190032011,test,0.0
west_east,3000,3,060190032012,buffer_excluded,0.0
west_east,3000,3,060190032021,test,0.0
west_east,3000,3,060190032022,test,0.0
west_east,3000,3,060190032023,buffer_excluded,403.0799261005805
west_east,3000,3,060190032024,buffer_excluded,0.0
west_east,3000,3,060190033011,test,0.0
west_east,3000,3,060190033012,test,0.0
west_east,3000,3,060190033021,buffer_excluded,0.0
west_east,3000,3,060190033022,test,0.0
west_east,3000,3,060190033023,buffer_excluded,0.0
west_east,3000,3,060190033024,test,0.0
west_east,3000,3,060190034011,buffer_excluded,0.0
west_east,3000,3,060190034012,buffer_excluded,801.2585266749439
west_east,3000,3,060190034013,buffer_excluded,395.6329998282045
west_east,3000,3,060190034021,buffer_excluded,0.0
west_east,3000,3,060190034022,buffer_excluded,397.15926024684273
west_east,3000,3,060190035001,buffer_excluded,1203.80249481248
west_east,3000,3,060190035002,buffer_excluded,1201.7186686827065
west_east,3000,3,060190035003,buffer_excluded,1862.4110271225998
west_east,3000,3,060190035004,buffer_excluded,2172.5526588669463
west_east,3000,3,060190035005,buffer_excluded,1203.6537353720717
west_east,3000,3,060190036001,buffer_excluded,2809.3345057608635
west_east,3000,3,060190036002,buffer_excluded,2813.8195388724166
west_east,3000,3,060190036003,train,3224.0079142542013
west_east,3000,3,060190036004,train,3217.123857315578
west_east,3000,3,060190036005,train,3215.8160932640662
west_east,3000,3,060190037011,train,4077.5660310941544
west_east,3000,3,060190037012,train,4019.5439173092905
west_east,3000,3,060190037021,train,4610.833700446636
west_east,3000,3,060190037022,train,4821.615074576251
west_east,3000,3,060190037023,train,4017.2438332505967
west_east,3000,3,060190037024,train,4013.891224613476
west_east,3000,3,060190038041,train,7996.1893693757975
west_east,3000,3,060190038042,train,8798.109251322592
west_east,3000,3,060190038043,train,7996.1893693757975
west_east,3000,3,060190038051,train,6304.204480997599
west_east,3000,3,060190038052,train,7200.170534525205
west_east,3000,3,060190038053,train,7202.147869363306
west_east,3000,3,060190038071,train,6399.276826887002
west_east,3000,3,060190038072,train,6219.909549809785
west_east,3000,3,060190038081,train,7680.286605554799
west_east,3000,3,060190038082,train,8799.015169079106
west_east,3000,3,060190038083,train,8002.064964975215
west_east,3000,3,060190038091,train,7336.367295567541
west_east,3000,3,060190038092,train,7888.272669816105
west_east,3000,3,060190038101,train,9631.834438940354
west_east,3000,3,060190038102,train,10427.885766290174
west_east,3000,3,060190038103,train,9631.387806964707
west_east,3000,3,060190038111,train,9210.523613841115
west_east,3000,3,060190038112,train,9604.231112945072
west_east,3000,3,060190038113,train,9603.94218887292
west_east,3000,3,060190042051,train,6420.012260852459
west_east,3000,3,060190042052,train,6420.150241235339
west_east,3000,3,060190042053,train,6413.984556326269
west_east,3000,3,060190042054,train,5487.265846687707
west_east,3000,3,060190042101,train,8032.956164145204
west_east,3000,3,060190042102,train,8032.070060205787
west_east,3000,3,060190042111,train,9141.28741754874
west_east,3000,3,060190042112,train,9648.558800509149
west_east,3000,3,060190042113,train,8119.853215614996
west_east,3000,3,060190042121,train,8044.25801397338
west_east,3000,3,060190042122,train,7130.048407372542
west_east,3000,3,060190042123,train,8701.121807604612
west_east,3000,3,060190042124,train,7235.037589174915
west_east,3000,3,060190042125,train,6130.271018691739
west_east,3000,3,060190042126,train,8401.302900885681
west_east,3000,3,060190042131,train,7067.47336191573
west_east,3000,3,060190042132,train,6422.37477807474
west_east,3000,3,060190042141,train,7226.7180805431535
west_east,3000,3,060190042142,train,6426.49957539978
west_east,3000,3,060190042143,train,6425.927943348703
west_east,3000,3,060190042144,train,7224.361069311106
west_east,3000,3,060190042171,train,8617.927061535082
west_east,3000,3,060190042172,train,10189.807324591942
west_east,3000,3,060190043012,train,6697.1684336813505
west_east,3000,3,060190043013,train,4820.131903395872
west_east,3000,3,060190043021,train,5622.6619252958235
west_east,3000,3,060190043022,train,4819.372383357098
west_east,3000,3,060190043023,train,4016.6054042738665
west_east,3000,3,060190043024,train,5621.173026897167
west_east,3000,3,060190043025,train,4015.570461671876
west_east,3000,3,060190043031,train,4820.367735205979
west_east,3000,3,060190043032,train,5165.324642771163
west_east,3000,3,060190043033,train,4015.570461671876
west_east,3000,3,060190044042,buffer_excluded,801.9344306049028
west_east,3000,3,060190044062,buffer_excluded,0.0
west_east,3000,3,060190044063,buffer_excluded,795.0333594930324
west_east,3000,3,060190044092,train,4009.929758878705
west_east,3000,3,060190044093,train,3635.0305323405346
west_east,3000,3,060190045031,buffer_excluded,2406.752269733235
west_east,3000,3,060190045032,buffer_excluded,2411.0542233570422
west_east,3000,3,060190045041,buffer_excluded,801.0702881723635
west_east,3000,3,060190045042,buffer_excluded,1608.0333611025833
west_east,3000,3,060190045043,buffer_excluded,1860.8407229973295
west_east,3000,3,060190045044,buffer_excluded,1604.1724526497485
west_east,3000,3,060190045051,buffer_excluded,1611.2286558407022
west_east,3000,3,060190045052,buffer_excluded,808.2015514190188
west_east,3000,3,060190045053,buffer_excluded,806.0503891934986
west_east,3000,3,060190045061,train,3209.938360583861
west_east,3000,3,060190045062,buffer_excluded,2411.0677053573004
west_east,3000,3,060190046011,train,4026.383330500299
west_east,3000,3,060190046012,train,4020.8530786249526
west_east,3000,3,060190046021,buffer_excluded,2420.2237929453386
west_east,3000,3,060190046022,buffer_excluded,2425.718384610066
west_east,3000,3,060190046023,train,3219.8864496909628
west_east,3000,3,060190047031,train,5618.907456012476
west_east,3000,3,060190047032,train,5241.159804985815
west_east,3000,3,060190047033,train,4822.527885692032
west_east,3000,3,060190047041,train,4810.980446836194
west_east,3000,3,060190047042,train,5608.097772985499
west_east,3000,3,060190047043,train,5633.372985832883
west_east,3000,3,060190047051,train,5557.024002104095
west_east,3000,3,060190047052,train,5618.3307416249145
west_east,3000,3,060190047061,train,4820.158711218386
west_east,3000,3,060190047062,train,4822.134146891986
west_east,3000,3,060190047063,train,5620.315436123562
west_east,3000,3,060190048011,buffer_excluded,2668.2564970582835
west_east,3000,3,060190048012,train,3238.767497904543
west_east,3000,3,060190048013,train,3304.680809957459
west_east,3000,3,060190048021,train,4031.27681520668
west_east,3000,3,060190048022,train,4014.7382387159646
west_east,3000,3,060190048023,train,4028.704426943048
west_east,3000,3,060190049011,buffer_excluded,1602.8063832157602
west_east,3000,3,060190049012,buffer_excluded,1623.5187628826636
west_east,3000,3,060190049021,train,3235.1142206064856
west_east,3000,3,060190049022,buffer_excluded,2642.319908365936
west_east,3000,3,060190050001,buffer_excluded,809.6034582615014
west_east,3000,3,060190050002,buffer_excluded,810.2714144870324
west_east,3000,3,060190050003,buffer_excluded,1617.5608711229133
west_east,3000,3,060190051001,buffer_excluded,0.0
west_east,3000,3,060190051002,buffer_excluded,551.7198009743527
west_east,3000,3,060190051003,buffer_excluded,1104.8287919758238
west_east,3000,3,060190051004,buffer_excluded,1237.3352637877865
west_east,3000,3,060190051005,buffer_excluded,512.7299063485627
west_east,3000,3,060190052021,test,0.0
west_east,3000,3,060190052022,test,0.0
west_east,3000,3,060190052031,buffer_excluded,0.0
west_east,3000,3,060190052032,test,0.0
west_east,3000,3,060190052041,test,0.0
west_east,3000,3,060190052042,buffer_excluded,0.0
west_east,3000,3,060190052043,test,0.0
west_east,3000,3,060190053011,test,0.0
west_east,3000,3,060190053012,test,0.0
west_east,3000,3,060190053013,buffer_excluded,0.0
west_east,3000,3,060190053021,test,0.0
west_east,3000,3,060190053022,buffer_excluded,0.0
west_east,3000,3,060190053041,test,0.0
west_east,3000,3,060190053042,buffer_excluded,0.0
west_east,3000,3,060190053043,buffer_excluded,0.0
west_east,3000,3,060190053051,test,0.0
west_east,3000,3,060190053052,buffer_excluded,0.0
west_east,3000,3,060190054031,test,0.0
west_east,3000,3,060190054032,buffer_excluded,0.0
west_east,3000,3,060190054033,test,0.0
west_east,3000,3,060190054051,buffer_excluded,0.0
west_east,3000,3,060190054052,test,0.0
west_east,3000,3,060190054053,test,0.0
west_east,3000,3,060190054061,buffer_excluded,0.0
west_east,3000,3,060190054062,test,0.0
west_east,3000,3,060190054063,test,0.0
west_east,3000,3,060190054071,test,0.0
west_east,3000,3,060190054072,buffer_excluded,0.0
west_east,3000,3,060190054081,test,0.0
west_east,3000,3,060190054091,test,0.0
west_east,3000,3,060190054092,test,0.0
west_east,3000,3,060190054101,buffer_excluded,0.0
west_east,3000,3,060190054102,buffer_excluded,0.0
west_east,3000,3,060190055092,test,0.0
west_east,3000,3,060190055093,buffer_excluded,0.0
west_east,3000,3,060190055143,buffer_excluded,998.1526628373555
west_east,3000,3,060190055261,test,0.0
west_east,3000,3,060190055272,test,0.0
west_east,3000,3,060190056023,buffer_excluded,1629.4759318823833
west_east,3000,3,060190056024,buffer_excluded,1273.4549542573266
west_east,3000,3,060190056051,buffer_excluded,0.0
west_east,3000,3,060190056061,buffer_excluded,588.4819290252061
west_east,3000,3,060190056062,buffer_excluded,0.0
west_east,3000,3,060190056071,buffer_excluded,0.0
west_east,3000,3,060190056072,buffer_excluded,608.9424385532061
west_east,3000,3,060190056073,buffer_excluded,0.0
west_east,3000,3,060190056074,buffer_excluded,1222.848939259709
west_east,3000,3,060190056081,buffer_excluded,751.5354346011796
west_east,3000,3,060190056082,buffer_excluded,0.0
west_east,3000,3,060190086002,train,5605.162041077801
west_east,3000,3,060190086004,train,3219.1699641787454
west_east,3000,4,060190001001,train,3560.8769633884613
west_east,3000,4,060190002001,train,4392.77182270259
west_east,3000,4,060190002002,train,4800.2714821314985
west_east,3000,4,060190003001,train,4981.481370975948
west_east,3000,4,060190003002,train,3771.14861390332
west_east,3000,4,060190003003,train,4560.851625187522
west_east,3000,4,060190004001,buffer_excluded,1614.480765454866
west_east,3000,4,060190004002,buffer_excluded,1610.4711629122464
west_east,3000,4,060190004003,buffer_excluded,2008.991707885218
west_east,3000,4,060190004004,buffer_excluded,2116.522899742798
west_east,3000,4,060190005011,buffer_excluded,2406.9962902154343
west_east,3000,4,060190005012,buffer_excluded,2404.49905776381
west_east,3000,4,060190005021,buffer_excluded,2754.7950034779424
west_east,3000,4,060190005022,train,3216.4759639205345
west_east,3000,4,060190006011,train,4572.3506986481525
west_east,3000,4,060190006012,train,4583.940778553334
west_east,3000,4,060190006013,train,4145.063924704212
west_east,3000,4,060190006014,train,4141.954038893804
west_east,3000,4,060190006021,buffer_excluded,2993.1738475299794
west_east,3000,4,060190007011,train,6019.463743927469
west_east,3000,4,060190007021,train,5256.586782246412
west_east,3000,4,060190009011,train,5331.910232710489
west_east,3000,4,060190009012,train,4003.0473159453036
west_east,3000,4,060190009021,train,4024.401271959591
west_east,3000,4,060190009022,train,4430.9277890825515
west_east,3000,4,060190009023,train,4834.144705769818
west_east,3000,4,060190010001,train,3747.8260616709363
west_east,3000,4,060190010002,train,3666.345324413759
west_east,3000,4,060190011001,buffer_excluded,1785.8038547818614
west_east,3000,4,060190011002,buffer_excluded,2506.971790384096
west_east,3000,4,060190012011,buffer_excluded,0.0
west_east,3000,4,060190012012,buffer_excluded,481.4563356520929
west_east,3000,4,060190012013,buffer_excluded,0.0
west_east,3000,4,060190012014,buffer_excluded,0.0
west_east,3000,4,060190012021,buffer_excluded,0.0
west_east,3000,4,060190012022,test,0.0
west_east,3000,4,060190013011,buffer_excluded,1113.1107060210343
west_east,3000,4,060190013012,buffer_excluded,811.14930788231
west_east,3000,4,060190013013,buffer_excluded,0.0
west_east,3000,4,060190013014,test,0.0
west_east,3000,4,060190013015,buffer_excluded,508.3158581426072
west_east,3000,4,060190013031,buffer_excluded,1210.963171247099
west_east,3000,4,060190013032,buffer_excluded,810.1987708114611
west_east,3000,4,060190013041,buffer_excluded,0.0
west_east,3000,4,060190013042,test,0.0
west_east,3000,4,060190013043,buffer_excluded,503.07357317068437
west_east,3000,4,060190014071,test,0.0
west_east,3000,4,060190014072,test,0.0
west_east,3000,4,060190014073,test,0.0
west_east,3000,4,060190014074,test,0.0
west_east,3000,4,060190014081,test,0.0
west_east,3000,4,060190014082,test,0.0
west_east,3000,4,060190014151,test,0.0
west_east,3000,4,060190014152,test,0.0
west_east,3000,4,060190014153,test,0.0
west_east,3000,4,060190014161,test,0.0
west_east,3000,4,060190015001,buffer_excluded,0.0
west_east,3000,4,060190017003,train,5129.411096231732
west_east,3000,4,060190018001,buffer_excluded,2055.4625339048366
west_east,3000,4,060190018002,train,3679.4135878214497
west_east,3000,4,060190018003,train,5400.417893802317
west_east,3000,4,060190018004,train,4889.851465609718
west_east,3000,4,060190020001,train,7576.412952117172
west_east,3000,4,060190020002,train,6067.379877140138
west_east,3000,4,060190020003,train,6028.896192909628
west_east,3000,4,060190020004,train,8035.003151533256
west_east,3000,4,060190020005,train,7104.198972587338
west_east,3000,4,060190021001,train,5720.955101214376
west_east,3000,4,060190021002,train,5645.390668688907
west_east,3000,4,060190021003,train,5613.361911063181
west_east,3000,4,060190021004,train,6687.269740722997
west_east,3000,4,060190021005,train,6286.1024286349175
west_east,3000,4,060190022001,train,4683.155706906999
west_east,3000,4,060190022002,train,4920.319666927086
west_east,3000,4,060190022003,train,5433.24098894158
west_east,3000,4,060190022004,train,5022.323407219323
west_east,3000,4,060190023001,train,3723.0191526103304
west_east,3000,4,060190023002,train,4055.5314642302887
west_east,3000,4,060190023003,train,4022.2397404510816
west_east,3000,4,060190024001,buffer_excluded,2544.375994987147
west_east,3000,4,060190024002,buffer_excluded,2413.6037704115556
west_east,3000,4,060190024003,train,3216.570436191647
west_east,3000,4,060190024004,train,3316.603750478254
west_east,3000,4,060190025011,buffer_excluded,2168.237020152176
west_east,3000,4,060190025012,buffer_excluded,1800.4124048005567
west_east,3000,4,060190025013,buffer_excluded,1211.12165270787
west_east,3000,4,060190025014,buffer_excluded,1141.3058678112982
west_east,3000,4,060190025021,buffer_excluded,2013.3912851384418
west_east,3000,4,060190025022,buffer_excluded,1606.8973940741819
west_east,3000,4,060190025023,buffer_excluded,803.3602539480673
west_east,3000,4,060190026011,buffer_excluded,1976.6558808619711
west_east,3000,4,060190026012,buffer_excluded,1206.5543029596292
west_east,3000,4,060190026013,buffer_excluded,798.7885850419051
west_east,3000,4,060190026021,buffer_excluded,1388.7732248384082
west_east,3000,4,060190026022,buffer_excluded,798.7885850419051
west_east,3000,4,060190026023,buffer_excluded,1388.8067838245122
west_east,3000,4,060190027011,buffer_excluded,401.41640569989124
west_east,3000,4,060190027012,test,0.0
west_east,3000,4,060190027013,buffer_excluded,0.0
west_east,3000,4,060190027021,buffer_excluded,0.0
west_east,3000,4,060190027022,test,0.0
west_east,3000,4,060190027023,buffer_excluded,0.0
west_east,3000,4,060190027024,test,0.0
west_east,3000,4,060190028001,test,0.0
west_east,3000,4,060190028002,buffer_excluded,0.0
west_east,3000,4,060190028003,buffer_excluded,201.1591879573062
west_east,3000,4,060190028004,buffer_excluded,402.07929210909634
west_east,3000,4,060190029031,test,0.0
west_east,3000,4,060190029032,test,0.0
west_east,3000,4,060190029033,test,0.0
west_east,3000,4,060190029041,test,0.0
west_east,3000,4,060190029042,test,0.0
west_east,3000,4,060190029051,test,0.0
west_east,3000,4,060190029061,test,0.0
west_east,3000,4,060190029062,test,0.0
west_east,3000,4,060190030011,test,0.0
west_east,3000,4,060190030012,test,0.0
west_east,3000,4,060190030031,test,0.0
west_east,3000,4,060190030032,test,0.0
west_east,3000,4,060190030041,test,0.0
west_east,3000,4,060190030042,test,0.0
west_east,3000,4,060190031021,test,0.0
west_east,3000,4,060190031022,test,0.0
west_east,3000,4,060190031023,test,0.0
west_east,3000,4,060190031024,test,0.0
west_east,3000,4,060190031025,test,0.0
west_east,3000,4,060190031031,test,0.0
west_east,3000,4,060190031032,test,0.0
west_east,3000,4,060190031033,test,0.0
west_east,3000,4,060190031034,test,0.0
west_east,3000,4,060190031035,test,0.0
west_east,3000,4,060190031041,test,0.0
west_east,3000,4,060190031042,test,0.0
west_east,3000,4,060190032011,buffer_excluded,0.0
west_east,3000,4,060190032012,test,0.0
west_east,3000,4,060190032021,buffer_excluded,402.74059492550396
west_east,3000,4,060190032022,buffer_excluded,0.0
west_east,3000,4,060190032023,test,0.0
west_east,3000,4,060190032024,test,0.0
west_east,3000,4,060190033011,buffer_excluded,1567.9926242886606
west_east,3000,4,060190033012,buffer_excluded,804.7716008627937
west_east,3000,4,060190033021,buffer_excluded,1820.5884796427342
west_east,3000,4,060190033022,buffer_excluded,1141.8284473931808
west_east,3000,4,060190033023,buffer_excluded,1682.5274294758894
west_east,3000,4,060190033024,buffer_excluded,902.4051484266954
west_east,3000,4,060190034011,buffer_excluded,2454.6992104933242
west_east,3000,4,060190034012,train,3079.7564801622507
west_east,3000,4,060190034013,buffer_excluded,2553.4664567112904
west_east,3000,4,060190034021,buffer_excluded,2421.6609997904357
west_east,3000,4,060190034022,buffer_excluded,2822.3938772722504
west_east,3000,4,060190035001,train,3647.7342991872274
west_east,3000,4,060190035002,train,3625.910657460569
west_east,3000,4,060190035003,train,4275.249146165733
west_east,3000,4,060190035004,train,4612.032861013565
west_east,3000,4,060190035005,train,3625.939843884097
west_east,3000,4,060190036001,train,5232.120352019445
west_east,3000,4,060190036002,train,5258.303716942383
west_east,3000,4,060190036003,train,5671.967583863093
west_east,3000,4,060190036004,train,5639.734362433581
west_east,3000,4,060190036005,train,5639.439048413174
west_east,3000,4,060190037011,train,6532.264621975362
west_east,3000,4,060190037012,train,6454.9600704586555
west_east,3000,4,060190037021,train,7036.071891110672
west_east,3000,4,060190037022,train,7247.210214460195
west_east,3000,4,060190037023,train,6440.760368914559
west_east,3000,4,060190037024,train,6438.458114014326
west_east,3000,4,060190038041,train,10421.44732548896
west_east,3000,4,060190038042,train,11221.49736429024
west_east,3000,4,060190038043,train,10421.108704829576
west_east,3000,4,060190038051,train,8728.83860889112
west_east,3000,4,060190038052,train,9622.934700347183
west_east,3000,4,060190038053,train,9627.350730937282
west_east,3000,4,060190038071,train,8831.966989814697
west_east,3000,4,060190038072,train,8811.973079192065
west_east,3000,4,060190038081,train,10399.364051950179
west_east,3000,4,060190038082,train,11229.37616937896
west_east,3000,4,060190038083,train,10435.858915479126
west_east,3000,4,060190038091,train,9752.380742814865
west_east,3000,4,060190038092,train,10293.575012747448
west_east,3000,4,060190038101,train,12035.591532896276
west_east,3000,4,060190038102,train,12837.41903147656
west_east,3000,4,060190038103,train,12036.641457785023
west_east,3000,4,060190038111,train,12019.857402391632
west_east,3000,4,060190038112,train,12029.431947495756
west_east,3000,4,060190038113,train,12027.652599043675
west_east,3000,4,060190042051,train,8830.240840068142
west_east,3000,4,060190042052,train,8829.548248234098
west_east,3000,4,060190042053,train,8818.18861658379
west_east,3000,4,060190042054,train,7920.829285296844
west_east,3000,4,060190042101,train,10211.184337502027
west_east,3000,4,060190042102,train,10221.518104028597
west_east,3000,4,060190042111,train,11351.355636094011
west_east,3000,4,060190042112,train,11858.01049265442
west_east,3000,4,060190042113,train,10433.979915726752
west_east,3000,4,060190042121,train,10458.020235398239
west_east,3000,4,060190042122,train,9568.641356488988
west_east,3000,4,060190042123,train,11035.13416740147
west_east,3000,4,060190042124,train,9646.755866553649
west_east,3000,4,060190042125,train,8540.289359136612
west_east,3000,4,060190042126,train,10790.482540937755
west_east,3000,4,060190042131,train,9443.198926999283
west_east,3000,4,060190042132,train,8762.06110177444
west_east,3000,4,060190042141,train,9404.901654815918
west_east,3000,4,060190042142,train,8621.77052041081
west_east,3000,4,060190042143,train,8646.910239796509
west_east,3000,4,060190042144,train,9447.421228953457
west_east,3000,4,060190042171,train,11028.164892132612
west_east,3000,4,060190042172,train,12599.865989926562
west_east,3000,4,060190043012,train,8875.346304604725
west_east,3000,4,060190043013,train,6998.026904268042
west_east,3000,4,060190043021,train,7801.228493124876
west_east,3000,4,060190043022,train,6998.417259362902
west_east,3000,4,060190043023,train,6196.37948030442
west_east,3000,4,060190043024,train,7850.07839059712
west_east,3000,4,060190043025,train,6252.427766413791
west_east,3000,4,060190043031,train,7193.131343945239
west_east,3000,4,060190043032,train,7575.411342124166
west_east,3000,4,060190043033,train,6411.271000234289
west_east,3000,4,060190044042,buffer_excluded,2979.1781656599064
west_east,3000,4,060190044062,buffer_excluded,1578.843586939988
west_east,3000,4,060190044063,buffer_excluded,2432.4338143678083
west_east,3000,4,060190044092,train,6108.429771245183
west_east,3000,4,060190044093,train,5802.672891994704
west_east,3000,4,060190045031,train,4585.641775266754
west_east,3000,4,060190045032,train,4664.159484237797
west_east,3000,4,060190045041,buffer_excluded,2979.1983756441805
west_east,3000,4,060190045042,train,3875.1551876380404
west_east,3000,4,060190045043,train,4067.5706217463776
west_east,3000,4,060190045044,train,3782.383514643562
west_east,3000,4,060190045051,train,4026.990858761993
west_east,3000,4,060190045052,train,3219.534916192699
west_east,3000,4,060190045053,train,3314.5265461361837
west_east,3000,4,060190045061,train,5630.0807484287425
west_east,3000,4,060190045062,train,4829.942072063238
west_east,3000,4,060190046011,train,6430.098561844221
west_east,3000,4,060190046012,train,6430.841675024352
west_east,3000,4,060190046021,train,4830.2117229737605
west_east,3000,4,060190046022,train,4830.170711367103
west_east,3000,4,060190046023,train,5629.862267680318
west_east,3000,4,060190047031,train,8024.166060891596
west_east,3000,4,060190047032,train,7642.498457851721
west_east,3000,4,060190047033,train,7227.821932390264
west_east,3000,4,060190047041,train,7235.9622196020155
west_east,3000,4,060190047042,train,8033.269790314036
west_east,3000,4,060190047043,train,8050.451943713681
west_east,3000,4,060190047051,train,7963.482799461165
west_east,3000,4,060190047052,train,8022.970400680457
west_east,3000,4,060190047061,train,7223.911456256087
west_east,3000,4,060190047062,train,7226.906340162854
west_east,3000,4,060190047063,train,8030.536562152265
west_east,3000,4,060190048011,train,5093.4646951513505
west_east,3000,4,060190048012,train,5654.602652519841
west_east,3000,4,060190048013,train,5693.166378446498
west_east,3000,4,060190048021,train,6436.340827876633
west_east,3000,4,060190048022,train,6439.639535834931
west_east,3000,4,060190048023,train,6447.585168354299
west_east,3000,4,060190049011,train,4028.011925485923
west_east,3000,4,060190049012,train,4028.76922078612
west_east,3000,4,060190049021,train,5640.417570265678
west_east,3000,4,060190049022,train,5067.527956378815
west_east,3000,4,060190050001,train,3219.519973068923
west_east,3000,4,060190050002,train,3214.3175373967783
west_east,3000,4,060190050003,train,4024.7016271906123
west_east,3000,4,060190051001,buffer_excluded,2405.3456527969443
west_east,3000,4,060190051002,buffer_excluded,2881.7239194128692
west_east,3000,4,060190051003,train,3522.0218217195597
west_east,3000,4,060190051004,train,3632.9091183645805
west_east,3000,4,060190051005,buffer_excluded,2786.266738240236
west_east,3000,4,060190052021,buffer_excluded,0.0
west_east,3000,4,060190052022,buffer_excluded,0.0
west_east,3000,4,060190052031,buffer_excluded,1619.2584059690314
west_east,3000,4,060190052032,buffer_excluded,804.2941747494267
west_east,3000,4,060190052041,buffer_excluded,1223.1661316276693
west_east,3000,4,060190052042,buffer_excluded,1602.2236043547337
west_east,3000,4,060190052043,buffer_excluded,798.9676194005967
west_east,3000,4,060190053011,buffer_excluded,795.0201496083804
west_east,3000,4,060190053012,buffer_excluded,1599.8826157582535
west_east,3000,4,060190053013,buffer_excluded,2403.256877825294
west_east,3000,4,060190053021,buffer_excluded,796.6083395843834
west_east,3000,4,060190053022,buffer_excluded,1408.0077982397395
west_east,3000,4,060190053041,buffer_excluded,0.0
west_east,3000,4,060190053042,test,0.0
west_east,3000,4,060190053043,test,0.0
west_east,3000,4,060190053051,buffer_excluded,0.0
west_east,3000,4,060190053052,test,0.0
west_east,3000,4,060190054031,buffer_excluded,796.6083395843834
west_east,3000,4,060190054032,buffer_excluded,1855.54732987541
west_east,3000,4,060190054033,buffer_excluded,895.5216614546982
west_east,3000,4,060190054051,buffer_excluded,2326.262038850975
west_east,3000,4,060190054052,buffer_excluded,1595.950818483574
west_east,3000,4,060190054053,buffer_excluded,805.4927986385039
west_east,3000,4,060190054061,buffer_excluded,2177.2818821830147
west_east,3000,4,060190054062,buffer_excluded,1371.4271064969055
west_east,3000,4,060190054063,buffer_excluded,570.5640788748691
west_east,3000,4,060190054071,buffer_excluded,0.0
west_east,3000,4,060190054072,test,0.0
west_east,3000,4,060190054081,buffer_excluded,0.0
west_east,3000,4,060190054091,buffer_excluded,1665.7766450143538
west_east,3000,4,060190054092,buffer_excluded,1131.9803387207148
west_east,3000,4,060190054101,buffer_excluded,2409.840097022147
west_east,3000,4,060190054102,buffer_excluded,2537.4556481608834
west_east,3000,4,060190055092,buffer_excluded,0.0
west_east,3000,4,060190055093,test,0.0
west_east,3000,4,060190055143,test,0.0
west_east,3000,4,060190055261,buffer_excluded,0.0
west_east,3000,4,060190055272,buffer_excluded,571.0590438951438
west_east,3000,4,060190056023,test,0.0
west_east,3000,4,060190056024,test,0.0
west_east,3000,4,060190056051,test,0.0
west_east,3000,4,060190056061,test,0.0
west_east,3000,4,060190056062,test,0.0
west_east,3000,4,060190056071,test,0.0
west_east,3000,4,060190056072,test,0.0
west_east,3000,4,060190056073,test,0.0
west_east,3000,4,060190056074,test,0.0
west_east,3000,4,060190056081,test,0.0
west_east,3000,4,060190056082,test,0.0
west_east,3000,4,060190086002,train,8604.945040731425
west_east,3000,4,060190086004,train,6083.1850090789085
south_north,0,0,060190001001,test,0.0
south_north,0,0,060190002001,test,0.0
south_north,0,0,060190002002,test,0.0
south_north,0,0,060190003001,test,0.0
south_north,0,0,060190003002,test,0.0
south_north,0,0,060190003003,test,0.0
south_north,0,0,060190004001,test,0.0
south_north,0,0,060190004002,test,0.0
south_north,0,0,060190004003,test,0.0
south_north,0,0,060190004004,test,0.0
south_north,0,0,060190005011,train,0.0
south_north,0,0,060190005012,test,0.0
south_north,0,0,060190005021,train,0.0
south_north,0,0,060190005022,train,384.66062162956445
south_north,0,0,060190006011,train,0.0
south_north,0,0,060190006012,train,0.0
south_north,0,0,060190006013,train,392.05115425945183
south_north,0,0,060190006014,train,38.835621695989374
south_north,0,0,060190006021,train,0.0
south_north,0,0,060190007011,test,0.0
south_north,0,0,060190007021,test,0.0
south_north,0,0,060190009011,test,0.0
south_north,0,0,060190009012,test,0.0
south_north,0,0,060190009021,test,0.0
south_north,0,0,060190009022,test,0.0
south_north,0,0,060190009023,test,0.0
south_north,0,0,060190010001,test,0.0
south_north,0,0,060190010002,test,0.0
south_north,0,0,060190011001,test,0.0
south_north,0,0,060190011002,test,0.0
south_north,0,0,060190012011,test,0.0
south_north,0,0,060190012012,test,0.0
south_north,0,0,060190012013,test,0.0
south_north,0,0,060190012014,test,0.0
south_north,0,0,060190012021,test,0.0
south_north,0,0,060190012022,test,0.0
south_north,0,0,060190013011,test,0.0
south_north,0,0,060190013012,test,0.0
south_north,0,0,060190013013,test,0.0
south_north,0,0,060190013014,test,0.0
south_north,0,0,060190013015,test,0.0
south_north,0,0,060190013031,test,0.0
south_north,0,0,060190013032,test,0.0
south_north,0,0,060190013041,test,0.0
south_north,0,0,060190013042,test,0.0
south_north,0,0,060190013043,test,0.0
south_north,0,0,060190014071,test,0.0
south_north,0,0,060190014072,test,0.0
south_north,0,0,060190014073,test,0.0
south_north,0,0,060190014074,test,0.0
south_north,0,0,060190014081,test,0.0
south_north,0,0,060190014082,test,0.0
south_north,0,0,060190014151,test,0.0
south_north,0,0,060190014152,test,0.0
south_north,0,0,060190014153,test,0.0
south_north,0,0,060190014161,test,0.0
south_north,0,0,060190015001,test,0.0
south_north,0,0,060190017003,test,0.0
south_north,0,0,060190018001,test,0.0
south_north,0,0,060190018002,test,0.0
south_north,0,0,060190018003,test,0.0
south_north,0,0,060190018004,test,0.0
south_north,0,0,060190020001,train,2024.4764495913128
south_north,0,0,060190020002,train,0.0
south_north,0,0,060190020003,train,0.0
south_north,0,0,060190020004,train,0.0
south_north,0,0,060190020005,train,417.8892511515883
south_north,0,0,060190021001,train,1001.6178301258636
south_north,0,0,060190021002,train,398.72095985121797
south_north,0,0,060190021003,train,0.0
south_north,0,0,060190021004,train,955.9758043664347
south_north,0,0,060190021005,train,810.6254030172443
south_north,0,0,060190022001,train,907.1890381428142
south_north,0,0,060190022002,train,173.89847247603083
south_north,0,0,060190022003,train,0.0
south_north,0,0,060190022004,train,840.2708048060255
south_north,0,0,060190023001,train,968.9265724627073
south_north,0,0,060190023002,train,1109.5176669755517
south_north,0,0,060190023003,train,486.5336697580914
south_north,0,0,060190024001,train,1596.108112169057
south_north,0,0,060190024002,train,783.2195577086956
south_north,0,0,060190024003,train,865.9850566023699
south_north,0,0,060190024004,train,1638.1004478482403
south_north,0,0,060190025011,train,1613.8404781102072
south_north,0,0,060190025012,train,1629.7533656303722
south_north,0,0,060190025013,train,2018.521004225402
south_north,0,0,060190025014,train,1614.2604888475423
south_north,0,0,060190025021,train,807.8219487785105
south_north,0,0,060190025022,train,836.1231627898503
south_north,0,0,060190025023,train,809.4720132823937
south_north,0,0,060190026011,train,0.0
south_north,0,0,060190026012,train,0.0
south_north,0,0,060190026013,train,0.0
south_north,0,0,060190026021,train,0.0
south_north,0,0,060190026022,test,0.0
south_north,0,0,060190026023,test,0.0
south_north,0,0,060190027011,train,0.0
south_north,0,0,060190027012,train,0.0
south_north,0,0,060190027013,train,0.0
south_north,0,0,060190027021,test,0.0
south_north,0,0,060190027022,train,0.0
south_north,0,0,060190027023,test,0.0
south_north,0,0,060190027024,test,0.0
south_north,0,0,060190028001,train,903.585648404866
south_north,0,0,060190028002,train,806.2521232572136
south_north,0,0,060190028003,train,806.2487952773942
south_north,0,0,060190028004,train,812.2618463618463
south_north,0,0,060190029031,train,0.0
south_north,0,0,060190029032,train,0.0
south_north,0,0,060190029033,test,0.0
south_north,0,0,060190029041,train,338.3391877808482
south_north,0,0,060190029042,train,0.0
south_north,0,0,060190029051,train,811.7686663332532
south_north,0,0,060190029061,train,1594.2988064017193
south_north,0,0,060190029062,train,1789.3414884994363
south_north,0,0,060190030011,train,805.291172277209
south_north,0,0,060190030012,train,806.8045304896486
south_north,0,0,060190030031,test,0.0
south_north,0,0,060190030032,test,0.0
south_north,0,0,060190030041,train,0.0
south_north,0,0,060190030042,train,0.0
south_north,0,0,060190031021,train,7001.463855285754
south_north,0,0,060190031022,train,6318.8165949332
south_north,0,0,060190031023,train,6509.4875366939805
south_north,0,0,060190031024,train,6454.953482011609
south_north,0,0,060190031025,train,6453.692427212151
south_north,0,0,060190031031,train,5676.799635029564
south_north,0,0,060190031032,train,5658.147771704563
south_north,0,0,060190031033,train,5728.165015150305
south_north,0,0,060190031034,train,6051.5324888378445
south_north,0,0,060190031035,train,5647.016832836731
south_north,0,0,060190031041,train,5557.133731034849
south_north,0,0,060190031042,train,2439.6709575989817
south_north,0,0,060190032011,train,3232.460721057228
south_north,0,0,060190032012,train,3256.270954391853
south_north,0,0,060190032021,train,2439.529053835883
south_north,0,0,060190032022,train,2431.360336580923
south_north,0,0,060190032023,train,2574.16643571281
south_north,0,0,060190032024,train,2478.4095810495455
south_north,0,0,060190033011,train,3235.393482795014
south_north,0,0,060190033012,train,3236.096873187844
south_north,0,0,060190033021,train,2427.642223851962
south_north,0,0,060190033022,train,2429.024861636857
south_north,0,0,060190033023,train,2829.993098044906
south_north,0,0,060190033024,train,2782.898041664258
south_north,0,0,060190034011,train,2811.9875453893505
south_north,0,0,060190034012,train,2410.1211331179247
south_north,0,0,060190034013,train,2410.108388504279
south_north,0,0,060190034021,train,3216.092598509027
south_north,0,0,060190034022,train,3144.4012645735315
south_north,0,0,060190035001,train,2226.44686151239
south_north,0,0,060190035002,train,2934.882926871301
south_north,0,0,060190035003,train,1666.2790258093278
south_north,0,0,060190035004,train,2454.146290464206
south_north,0,0,060190035005,train,2636.9129091965624
south_north,0,0,060190036001,train,2320.690742280332
south_north,0,0,060190036002,train,1606.171550138788
south_north,0,0,060190036003,train,1813.5744519271243
south_north,0,0,060190036004,train,2208.7510147306903
south_north,0,0,060190036005,train,2819.6553290826505
south_north,0,0,060190037011,train,1638.6066332945709
south_north,0,0,060190037012,train,1795.502535720257
south_north,0,0,060190037021,train,2841.517126301515
south_north,0,0,060190037022,train,2657.260512892793
south_north,0,0,060190037023,train,2436.8837620805557
south_north,0,0,060190037024,train,2738.9391297349653
south_north,0,0,060190038041,train,3973.1163662135477
south_north,0,0,060190038042,train,3709.080191902541
south_north,0,0,060190038043,train,3251.3257609926704
south_north,0,0,060190038051,train,2838.5392395227227
south_north,0,0,060190038052,train,2944.437883255026
south_north,0,0,060190038053,train,3727.257348954522
south_north,0,0,060190038071,train,2031.435399768724
south_north,0,0,060190038072,train,0.0
south_north,0,0,060190038081,train,1594.215691097117
south_north,0,0,060190038082,train,3142.387268427174
south_north,0,0,060190038083,train,2579.6167981860067
south_north,0,0,060190038091,train,4530.105979122215
south_north,0,0,060190038092,train,5432.644572317722
south_north,0,0,060190038101,train,6152.3779893405635
south_north,0,0,060190038102,train,5974.5788623455755
south_north,0,0,060190038103,train,5479.475179059218
south_north,0,0,060190038111,train,2003.327470989344
south_north,0,0,060190038112,train,4846.264370210533
south_north,0,0,060190038113,train,3785.6256253735833
south_north,0,0,060190042051,train,6039.141474500694
south_north,0,0,060190042052,train,5901.873804190038
south_north,0,0,060190042053,train,5257.703036578011
south_north,0,0,060190042054,train,2832.25210897963
south_north,0,0,060190042101,train,9592.670844724858
south_north,0,0,060190042102,train,8634.899497283282
south_north,0,0,060190042111,train,9683.177036527595
south_north,0,0,060190042112,train,8987.365150878468
south_north,0,0,060190042113,train,8643.420371729759
south_north,0,0,060190042121,train,7066.317553402492
south_north,0,0,060190042122,train,7317.953231658378
south_north,0,0,060190042123,train,8452.6582152142
south_north,0,0,060190042124,train,6923.522716830472
south_north,0,0,060190042125,train,6869.240716123816
south_north,0,0,060190042126,train,7467.254754563795
south_north,0,0,060190042131,train,7813.0077869353345
south_north,0,0,060190042132,train,7107.392651820137
south_north,0,0,060190042141,train,9279.071792404526
south_north,0,0,060190042142,train,9255.489999452382
south_north,0,0,060190042143,train,8473.209018108279
south_north,0,0,060190042144,train,8521.738632904639
south_north,0,0,060190042171,train,6450.81562533498
south_north,0,0,060190042172,train,7265.659897950525
south_north,0,0,060190043012,train,10102.463855340406
south_north,0,0,060190043013,train,9719.880307152562
south_north,0,0,060190043021,train,9056.151989572269
south_north,0,0,060190043022,train,8122.778498427716
south_north,0,0,060190043023,train,8859.512919174767
south_north,0,0,060190043024,train,8270.4454629548
south_north,0,0,060190043025,train,8056.43699162618
south_north,0,0,060190043031,train,7327.316956878236
south_north,0,0,060190043032,train,6598.935077068756
south_north,0,0,060190043033,train,6451.284072631845
south_north,0,0,060190044042,train,9688.932700348443
south_north,0,0,060190044062,train,9976.263692876193
south_north,0,0,060190044063,train,10705.547081026469
south_north,0,0,060190044092,train,9684.787097525308
south_north,0,0,060190044093,train,9628.038745588117
south_north,0,0,060190045031,train,8853.110144839053
south_north,0,0,060190045032,train,8050.964931507975
south_north,0,0,060190045041,train,8221.477965811533
south_north,0,0,060190045042,train,8099.358097459383
south_north,0,0,060190045043,train,8627.6866076685
south_north,0,0,060190045044,train,8954.02944783733
south_north,0,0,060190045051,train,6503.561117562787
south_north,0,0,060190045052,train,6788.004560270322
south_north,0,0,060190045053,train,6655.959684652925
south_north,0,0,060190045061,train,6442.500646322501
south_north,0,0,060190045062,train,6448.657178676154
south_north,0,0,060190046011,train,4739.332611977719
south_north,0,0,060190046012,train,5648.061520260616
south_north,0,0,060190046021,train,5440.723588436451
south_north,0,0,060190046022,train,4834.971777561658
south_north,0,0,060190046023,train,5638.343339024825
south_north,0,0,060190047031,train,4450.293003721969
south_north,0,0,060190047032,train,4298.848471086869
south_north,0,0,060190047033,train,4175.294679245607
south_north,0,0,060190047041,train,3408.9586638925593
south_north,0,0,060190047042,train,3646.4145752315876
south_north,0,0,060190047043,train,3832.7477582295282
south_north,0,0,060190047051,train,5455.067017316058
south_north,0,0,060190047052,train,5188.748942799947
south_north,0,0,060190047061,train,5003.730329408845
south_north,0,0,060190047062,train,4952.326155429829
south_north,0,0,060190047063,train,5944.994226615711
south_north,0,0,060190048011,train,3225.2173186380523
south_north,0,0,060190048012,train,3627.981078538316
south_north,0,0,060190048013,train,4007.0454341122177
south_north,0,0,060190048021,train,4043.0800544714275
south_north,0,0,060190048022,train,3240.7097791605706
south_north,0,0,060190048023,train,3641.8192351303296
south_north,0,0,060190049011,train,3279.546658844644
south_north,0,0,060190049012,train,3823.044370497738
south_north,0,0,060190049021,train,4058.285122050758
south_north,0,0,060190049022,train,3275.1824624445835
south_north,0,0,060190050001,train,5882.96969818382
south_north,0,0,060190050002,train,5113.467468755847
south_north,0,0,060190050003,train,4913.691489323342
south_north,0,0,060190051001,train,4035.1727141177475
south_north,0,0,060190051002,train,3867.4930263607343
south_north,0,0,060190051003,train,3619.493756787827
south_north,0,0,060190051004,train,4539.914973015116
south_north,0,0,060190051005,train,4575.790314706343
south_north,0,0,060190052021,train,4041.278103273823
south_north,0,0,060190052022,train,4041.278103273823
south_north,0,0,060190052031,train,4046.108030911811
south_north,0,0,060190052032,train,4047.542141093628
south_north,0,0,060190052041,train,4853.193942967988
south_north,0,0,060190052042,train,4845.4478858353
south_north,0,0,060190052043,train,4855.09670508989
south_north,0,0,060190053011,train,5661.749228355584
south_north,0,0,060190053012,train,5655.189119781439
south_north,0,0,060190053013,train,5420.421097882691
south_north,0,0,060190053021,train,6464.026300369462
south_north,0,0,060190053022,train,6152.4805301711685
south_north,0,0,060190053041,train,6461.735191016729
south_north,0,0,060190053042,train,6928.2087698469895
south_north,0,0,060190053043,train,6463.386003611289
south_north,0,0,060190053051,train,5664.659381335273
south_north,0,0,060190053052,train,5690.717130211782
south_north,0,0,060190054031,train,7222.713499182689
south_north,0,0,060190054032,train,7590.959284877025
south_north,0,0,060190054033,train,7674.726265618642
south_north,0,0,060190054051,train,8421.761259551997
south_north,0,0,060190054052,train,8694.820135434093
south_north,0,0,060190054053,train,8880.872333915295
south_north,0,0,060190054061,train,9192.368709183644
south_north,0,0,060190054062,train,9440.199183682516
south_north,0,0,060190054063,train,9676.780296920295
south_north,0,0,060190054071,train,9679.559677035742
south_north,0,0,060190054072,train,9682.975001337747
south_north,0,0,060190054081,train,7265.091817969189
south_north,0,0,060190054091,train,7948.943603766811
south_north,0,0,060190054092,train,8074.776953912684
south_north,0,0,060190054101,train,6898.828684256073
south_north,0,0,060190054102,train,7275.827038920609
south_north,0,0,060190055092,train,10885.967296533574
south_north,0,0,060190055093,train,10485.166322712956
south_north,0,0,060190055143,train,10483.450507446425
south_north,0,0,060190055261,train,10467.797479279394
south_north,0,0,060190055272,train,10380.988325173916
south_north,0,0,060190056023,train,7260.926194675624
south_north,0,0,060190056024,train,8876.538946910936
south_north,0,0,060190056051,train,8918.450045104391
south_north,0,0,060190056061,train,9683.937540159748
south_north,0,0,060190056062,train,8875.35741509321
south_north,0,0,060190056071,train,8155.981385806506
south_north,0,0,060190056072,train,8066.704181670191
south_north,0,0,060190056073,train,8075.569896240398
south_north,0,0,060190056074,train,8394.277766131272
south_north,0,0,060190056081,train,7261.120828506764
south_north,0,0,060190056082,train,7262.481629542736
south_north,0,0,060190086002,test,0.0
south_north,0,0,060190086004,test,0.0
south_north,0,1,060190001001,train,0.0
south_north,0,1,060190002001,train,0.0
south_north,0,1,060190002002,train,715.1414943465684
south_north,0,1,060190003001,train,1351.7387909753893
south_north,0,1,060190003002,train,0.0
south_north,0,1,060190003003,train,1060.767638312879
south_north,0,1,060190004001,train,389.4972206658239
south_north,0,1,060190004002,train,1071.5371175092014
south_north,0,1,060190004003,train,0.0
south_north,0,1,060190004004,train,0.0
south_north,0,1,060190005011,test,0.0
south_north,0,1,060190005012,train,0.0
south_north,0,1,060190005021,test,0.0
south_north,0,1,060190005022,test,0.0
south_north,0,1,060190006011,test,0.0
south_north,0,1,060190006012,test,0.0
south_north,0,1,060190006013,test,0.0
south_north,0,1,060190006014,test,0.0
south_north,0,1,060190006021,test,0.0
south_north,0,1,060190007011,train,1695.4623611891523
south_north,0,1,060190007021,train,0.0
south_north,0,1,060190009011,train,2321.9944883813437
south_north,0,1,060190009012,train,1612.8395338578594
south_north,0,1,060190009021,train,833.8856372329635
south_north,0,1,060190009022,train,1031.1631428520495
south_north,0,1,060190009023,train,1425.5589004070303
south_north,0,1,060190010001,train,2416.818576623864
south_north,0,1,060190010002,train,2632.697788715132
south_north,0,1,060190011001,train,1592.899009438531
south_north,0,1,060190011002,train,782.6035034719698
south_north,0,1,060190012011,train,931.1121615175804
south_north,0,1,060190012012,train,2751.7330317861056
south_north,0,1,060190012013,train,2558.4022309164698
south_north,0,1,060190012014,train,3110.5839494885477
south_north,0,1,060190012021,train,1615.6457762495652
south_north,0,1,060190012022,train,2415.995008859016
south_north,0,1,060190013011,train,391.24301311138436
south_north,0,1,060190013012,train,478.739596555262
south_north,0,1,060190013013,train,400.6124720554776
south_north,0,1,060190013014,train,0.0
south_north,0,1,060190013015,train,647.3611742431065
south_north,0,1,060190013031,train,1195.465879744916
south_north,0,1,060190013032,train,1208.284941321618
south_north,0,1,060190013041,train,1152.6581310120705
south_north,0,1,060190013042,train,806.3725104003743
south_north,0,1,060190013043,train,1314.220361884564
south_north,0,1,060190014071,train,400.1249484521416
south_north,0,1,060190014072,train,398.13106531387064
south_north,0,1,060190014073,train,0.0
south_north,0,1,060190014074,train,0.0
south_north,0,1,060190014081,train,803.0169446763463
south_north,0,1,060190014082,train,801.9270412064717
south_north,0,1,060190014151,train,2368.1519154587736
south_north,0,1,060190014152,train,1510.930940324184
south_north,0,1,060190014153,train,1561.5890653002282
south_north,0,1,060190014161,train,1510.0390840562277
south_north,0,1,060190015001,train,2608.9398073754533
south_north,0,1,060190017003,train,10551.91195817195
south_north,0,1,060190018001,train,3204.8125479433315
south_north,0,1,060190018002,train,7241.4296275788965
south_north,0,1,060190018003,train,7488.309083233214
south_north,0,1,060190018004,train,7248.380560104838
south_north,0,1,060190020001,train,0.0
south_north,0,1,060190020002,test,0.0
south_north,0,1,060190020003,test,0.0
south_north,0,1,060190020004,test,0.0
south_north,0,1,060190020005,test,0.0
south_north,0,1,060190021001,test,0.0
south_north,0,1,060190021002,test,0.0
south_north,0,1,060190021003,test,0.0
south_north,0,1,060190021004,test,0.0
south_north,0,1,060190021005,test,0.0
south_north,0,1,060190022001,test,0.0
south_north,0,1,060190022002,test,0.0
south_north,0,1,060190022003,test,0.0
south_north,0,1,060190022004,test,0.0
south_north,0,1,060190023001,test,0.0
south_north,0,1,060190023002,test,0.0
south_north,0,1,060190023003,test,0.0
south_north,0,1,060190024001,test,0.0
south_north,0,1,060190024002,test,0.0
south_north,0,1,060190024003,test,0.0
south_north,0,1,060190024004,test,0.0
south_north,0,1,060190025011,test,0.0
south_north,0,1,060190025012,test,0.0
south_north,0,1,060190025013,test,0.0
south_north,0,1,060190025014,test,0.0
south_north,0,1,060190025021,test,0.0
south_north,0,1,060190025022,test,0.0
south_north,0,1,060190025023,test,0.0
south_north,0,1,060190026011,test,0.0
south_north,0,1,060190026012,test,0.0
south_north,0,1,060190026013,test,0.0
south_north,0,1,060190026021,test,0.0
south_north,0,1,060190026022,train,0.0
south_north,0,1,060190026023,train,0.0
south_north,0,1,060190027011,test,0.0
south_north,0,1,060190027012,test,0.0
south_north,0,1,060190027013,test,0.0
south_north,0,1,060190027021,train,0.0
south_north,0,1,060190027022,test,0.0
south_north,0,1,060190027023,train,0.0
south_north,0,1,060190027024,train,0.0
south_north,0,1,060190028001,test,0.0
south_north,0,1,060190028002,test,0.0
south_north,0,1,060190028003,test,0.0
south_north,0,1,060190028004,test,0.0
south_north,0,1,060190029031,test,0.0
south_north,0,1,060190029032,test,0.0
south_north,0,1,060190029033,train,0.0
south_north,0,1,060190029041,test,0.0
south_north,0,1,060190029042,test,0.0
south_north,0,1,060190029051,test,0.0
south_north,0,1,060190029061,test,0.0
south_north,0,1,060190029062,test,0.0
south_north,0,1,060190030011,test,0.0
south_north,0,1,060190030012,test,0.0
south_north,0,1,060190030031,train,0.0
south_north,0,1,060190030032,train,0.0
south_north,0,1,060190030041,test,0.0
south_north,0,1,060190030042,test,0.0
south_north,0,1,060190031021,train,4555.651119172349
south_north,0,1,060190031022,train,3855.0875883087506
south_north,0,1,060190031023,train,4006.507299170478
south_north,0,1,060190031024,train,4004.5175636402228
south_north,0,1,060190031025,train,4004.5175636402228
south_north,0,1,060190031031,train,3211.149093719204
south_north,0,1,060190031032,train,3207.7218595149957
south_north,0,1,060190031033,train,3216.356083664112
south_north,0,1,060190031034,train,3603.1745340414545
south_north,0,1,060190031035,train,3201.9356501710104
south_north,0,1,060190031041,train,3093.242412567247
south_north,0,1,060190031042,train,0.0
south_north,0,1,060190032011,train,404.5098084599566
south_north,0,1,060190032012,train,785.3266281146114
south_north,0,1,060190032021,train,0.0
south_north,0,1,060190032022,train,0.0
south_north,0,1,060190032023,train,0.0
south_north,0,1,060190032024,train,0.0
south_north,0,1,060190033011,train,358.59989418759034
south_north,0,1,060190033012,train,344.4362697245459
south_north,0,1,060190033021,test,0.0
south_north,0,1,060190033022,test,0.0
south_north,0,1,060190033023,train,0.0
south_north,0,1,060190033024,train,0.0
south_north,0,1,060190034011,train,0.0
south_north,0,1,060190034012,train,0.0
south_north,0,1,060190034013,train,0.0
south_north,0,1,060190034021,train,405.4505178531129
south_north,0,1,060190034022,train,570.1027170142452
south_north,0,1,060190035001,train,0.0
south_north,0,1,060190035002,train,640.9247977625415
south_north,0,1,060190035003,train,0.0
south_north,0,1,060190035004,train,100.83659477013785
south_north,0,1,060190035005,train,598.2998936036945
south_north,0,1,060190036001,train,0.0
south_north,0,1,060190036002,test,0.0
south_north,0,1,060190036003,train,0.0
south_north,0,1,060190036004,train,0.0
south_north,0,1,060190036005,train,503.56245191685065
south_north,0,1,060190037011,train,0.0
south_north,0,1,060190037012,train,0.0
south_north,0,1,060190037021,train,1008.9070996791364
south_north,0,1,060190037022,train,805.156514490791
south_north,0,1,060190037023,train,603.0614593026643
south_north,0,1,060190037024,train,893.2494088229276
south_north,0,1,060190038041,train,1611.392971930107
south_north,0,1,060190038042,train,805.2541993149719
south_north,0,1,060190038043,train,802.2989853958505
south_north,0,1,060190038051,train,804.5700153771461
south_north,0,1,060190038052,train,801.2099280574548
south_north,0,1,060190038053,train,1611.2163295412222
south_north,0,1,060190038071,train,0.0
south_north,0,1,060190038072,test,0.0
south_north,0,1,060190038081,test,0.0
south_north,0,1,060190038082,train,0.0
south_north,0,1,060190038083,train,0.0
south_north,0,1,060190038091,train,2412.6505705103446
south_north,0,1,060190038092,train,3204.7334037919454
south_north,0,1,060190038101,train,3221.596069673442
south_north,0,1,060190038102,train,2417.984176182822
south_north,0,1,060190038103,train,2418.102763073268
south_north,0,1,060190038111,test,0.0
south_north,0,1,060190038112,train,1610.114602808357
south_north,0,1,060190038113,train,0.0
south_north,0,1,060190042051,train,4007.508563434298
south_north,0,1,060190042052,train,3870.2407698950537
south_north,0,1,060190042053,train,3224.6846643609306
south_north,0,1,060190042054,train,803.6033811592603
south_north,0,1,060190042101,train,7259.738157193155
south_north,0,1,060190042102,train,6451.198968279806
south_north,0,1,060190042111,train,7221.741773858281
south_north,0,1,060190042112,train,6341.527143808997
south_north,0,1,060190042113,train,6366.862182043139
south_north,0,1,060190042121,train,4851.864729498529
south_north,0,1,060190042122,train,5245.272042539619
south_north,0,1,060190042123,train,5618.318889917389
south_north,0,1,060190042124,train,4848.037190427661
south_north,0,1,060190042125,train,4840.335420615468
south_north,0,1,060190042126,train,4855.692187662875
south_north,0,1,060190042131,train,5742.025877886901
south_north,0,1,060190042132,train,5075.762984752942
south_north,0,1,060190042141,train,7192.864279756797
south_north,0,1,060190042142,train,7255.143185573404
south_north,0,1,060190042143,train,6441.586504629489
south_north,0,1,060190042144,train,6453.64719535053
south_north,0,1,060190042171,train,4034.5204493830493
south_north,0,1,060190042172,train,4033.6656932624314
south_north,0,1,060190043012,train,8068.688059345233
south_north,0,1,060190043013,train,7501.849364849553
south_north,0,1,060190043021,train,6951.252323523321
south_north,0,1,060190043022,train,5938.49305555552
south_north,0,1,060190043023,train,6577.681467103691
south_north,0,1,060190043024,train,6200.525056710198
south_north,0,1,060190043025,train,5780.437448328848
south_north,0,1,060190043031,train,5168.238818523303
south_north,0,1,060190043032,train,4543.167465682403
south_north,0,1,060190043033,train,4194.494814399224
south_north,0,1,060190044042,train,7340.218584048106
south_north,0,1,060190044062,train,7584.819735119211
south_north,0,1,060190044063,train,8353.654355942474
south_north,0,1,060190044092,train,7432.695020974959
south_north,0,1,060190044093,train,7319.045691572423
south_north,0,1,060190045031,train,6535.2444064885985
south_north,0,1,060190045032,train,5732.080681182417
south_north,0,1,060190045041,train,5868.639569818254
south_north,0,1,060190045042,train,5751.480621345496
south_north,0,1,060190045043,train,6280.917929776707
south_north,0,1,060190045044,train,6600.194818858088
south_north,0,1,060190045051,train,4151.98922356191
south_north,0,1,060190045052,train,4472.00706569092
south_north,0,1,060190045053,train,4312.688952662246
south_north,0,1,060190045061,train,4127.582357036685
south_north,0,1,060190045062,train,4124.554123624581
south_north,0,1,060190046011,train,2532.6148475510468
south_north,0,1,060190046012,train,3408.7086637393245
south_north,0,1,060190046021,train,3119.5141198567944
south_north,0,1,060190046022,train,2516.411713193217
south_north,0,1,060190046023,train,3320.8693240178627
south_north,0,1,060190047031,train,2418.660267340202
south_north,0,1,060190047032,train,2425.660843840706
south_north,0,1,060190047033,train,2327.45913078599
south_north,0,1,060190047041,train,1615.128918673568
south_north,0,1,060190047042,train,1617.5413508186607
south_north,0,1,060190047043,train,1801.579252415116
south_north,0,1,060190047051,train,3517.3900025088474
south_north,0,1,060190047052,train,3226.141643614625
south_north,0,1,060190047061,train,3007.49294041293
south_north,0,1,060190047062,train,2962.9013233062165
south_north,0,1,060190047063,train,4037.35492771393
south_north,0,1,060190048011,train,905.9549080383708
south_north,0,1,060190048012,train,1310.9687560299747
south_north,0,1,060190048013,train,1686.3163985581791
south_north,0,1,060190048021,train,1882.356830911438
south_north,0,1,060190048022,train,1204.5387116158622
south_north,0,1,060190048023,train,1527.899672546703
south_north,0,1,060190049011,train,925.0222412614214
south_north,0,1,060190049012,train,1474.8808760033896
south_north,0,1,060190049021,train,1737.5549727971852
south_north,0,1,060190049022,train,920.5696078317097
south_north,0,1,060190050001,train,3552.3763978897105
south_north,0,1,060190050002,train,2809.3102833273565
south_north,0,1,060190050003,train,2559.067113499828
south_north,0,1,060190051001,train,1219.0830776703615
south_north,0,1,060190051002,train,1342.7144838470176
south_north,0,1,060190051003,train,1522.6601726809295
south_north,0,1,060190051004,train,2275.728093286095
south_north,0,1,060190051005,train,2045.789834339759
south_north,0,1,060190052021,train,1457.0378620211343
south_north,0,1,060190052022,train,1188.5909631251648
south_north,0,1,060190052031,train,1167.1276050496258
south_north,0,1,060190052032,train,1153.4208593780882
south_north,0,1,060190052041,train,1963.276464100614
south_north,0,1,060190052042,train,1974.9486899762005
south_north,0,1,060190052043,train,1960.4034444893184
south_north,0,1,060190053011,train,2768.3665500985403
south_north,0,1,060190053012,train,2784.794676498306
south_north,0,1,060190053013,train,2805.1888924762156
south_north,0,1,060190053021,train,3570.4811199121364
south_north,0,1,060190053022,train,3585.7381597639537
south_north,0,1,060190053041,train,3582.4614741874725
south_north,0,1,060190053042,train,4230.559429177182
south_north,0,1,060190053043,train,3722.0439038012996
south_north,0,1,060190053051,train,2784.7650429557093
south_north,0,1,060190053052,train,2972.545773604456
south_north,0,1,060190054031,train,4377.00769185473
south_north,0,1,060190054032,train,4792.794781549661
south_north,0,1,060190054033,train,4780.877241291411
south_north,0,1,060190054051,train,6010.734475545648
south_north,0,1,060190054052,train,6002.708063061823
south_north,0,1,060190054053,train,5989.097075767223
south_north,0,1,060190054061,train,6805.8052572733
south_north,0,1,060190054062,train,6800.519457804637
south_north,0,1,060190054063,train,6785.728002544533
south_north,0,1,060190054071,train,6794.054900754156
south_north,0,1,060190054072,train,6880.106971314306
south_north,0,1,060190054081,train,4386.352851854518
south_north,0,1,060190054091,train,5194.084842306557
south_north,0,1,060190054092,train,5181.46158655567
south_north,0,1,060190054101,train,4403.949762555035
south_north,0,1,060190054102,train,4846.458019333426
south_north,0,1,060190055092,train,8042.593678008704
south_north,0,1,060190055093,train,7643.885623883353
south_north,0,1,060190055143,train,7974.695848170834
south_north,0,1,060190055261,train,7578.7221013103945
south_north,0,1,060190055272,train,7570.215475422427
south_north,0,1,060190056023,train,4796.619326240763
south_north,0,1,060190056024,train,6432.519575135505
south_north,0,1,060190056051,train,6265.0501566375715
south_north,0,1,060190056061,train,7200.994376092509
south_north,0,1,060190056062,train,6427.100471582836
south_north,0,1,060190056071,train,5705.624079676198
south_north,0,1,060190056072,train,5620.7337635324875
south_north,0,1,060190056073,train,5619.371264087582
south_north,0,1,060190056074,train,5950.3941461780705
south_north,0,1,060190056081,train,4812.113809517807
south_north,0,1,060190056082,train,4811.944891408134
south_north,0,1,060190086002,train,2003.327470989344
south_north,0,1,060190086004,train,2598.1297275709503
south_north,0,2,060190001001,train,2415.9179452989533
south_north,0,2,060190002001,train,2374.333717913481
south_north,0,2,060190002002,train,2897.46460451233
south_north,0,2,060190003001,train,4035.6289402625707
south_north,0,2,060190003002,train,3405.2299103554105
south_north,0,2,060190003003,train,4027.3039720925667
south_north,0,2,060190004001,train,3251.971658395232
south_north,0,2,060190004002,train,4049.2132048714707
south_north,0,2,060190004003,train,3370.334710605079
south_north,0,2,060190004004,train,3238.856975387772
south_north,0,2,060190005011,train,1619.5770892156097
south_north,0,2,060190005012,train,2410.108388504279
south_north,0,2,060190005021,train,1624.5109812901383
south_north,0,2,060190005022,train,1624.5109812901383
south_north,0,2,060190006011,train,2128.107283498635
south_north,0,2,060190006012,train,1618.110447312069
south_north,0,2,060190006013,train,1621.2695000158112
south_north,0,2,060190006014,train,2022.5397789612778
south_north,0,2,060190006021,train,1625.3875260362306
south_north,0,2,060190007011,train,4018.277551468841
south_north,0,2,060190007021,train,1638.6066332945709
south_north,0,2,060190009011,train,5642.330502532754
south_north,0,2,060190009012,train,5650.403121221135
south_north,0,2,060190009021,train,4718.562213111304
south_north,0,2,060190009022,train,4768.626989206603
south_north,0,2,060190009023,train,4828.633581134751
south_north,0,2,060190010001,train,6462.3581223936535
south_north,0,2,060190010002,train,6448.328200546115
south_north,0,2,060190011001,train,5645.590586761136
south_north,0,2,060190011002,train,4784.634588283349
south_north,0,2,060190012011,train,4814.955460983345
south_north,0,2,060190012012,train,5662.407694520705
south_north,0,2,060190012013,train,5660.288024002388
south_north,0,2,060190012014,train,6464.52883295321
south_north,0,2,060190012021,train,4858.736753207255
south_north,0,2,060190012022,train,5663.339177877702
south_north,0,2,060190013011,train,3266.2187171917058
south_north,0,2,060190013012,train,3251.025204462539
south_north,0,2,060190013013,train,3243.7721516109937
south_north,0,2,060190013014,train,3249.7481577776616
south_north,0,2,060190013015,train,3247.3899636166925
south_north,0,2,060190013031,train,4077.541232080094
south_north,0,2,060190013032,train,4057.470054152011
south_north,0,2,060190013041,train,4050.913294414493
south_north,0,2,060190013042,train,4053.2934109556377
south_north,0,2,060190013043,train,4053.336783125247
south_north,0,2,060190014071,train,3649.908036814687
south_north,0,2,060190014072,train,3652.80562431097
south_north,0,2,060190014073,train,3256.612445687696
south_north,0,2,060190014074,train,3248.5700208238436
south_north,0,2,060190014081,train,4055.365101911148
south_north,0,2,060190014082,train,4058.5967676925056
south_north,0,2,060190014151,train,5625.954492896175
south_north,0,2,060190014152,train,4767.578955875541
south_north,0,2,060190014153,train,4819.381648625853
south_north,0,2,060190014161,train,4763.677470884464
south_north,0,2,060190015001,train,6457.748243334116
south_north,0,2,060190017003,train,14524.64856405023
south_north,0,2,060190018001,train,7264.332217893953
south_north,0,2,060190018002,train,11298.270340160523
south_north,0,2,060190018003,train,11282.416210773918
south_north,0,2,060190018004,train,11302.893454901854
south_north,0,2,060190020001,test,0.0
south_north,0,2,060190020002,train,0.0
south_north,0,2,060190020003,train,1603.579987196263
south_north,0,2,060190020004,train,802.309427397417
south_north,0,2,060190020005,train,802.8571287175286
south_north,0,2,060190021001,train,201.02474133980655
south_north,0,2,060190021002,train,635.0847235740973
south_north,0,2,060190021003,train,804.1533880087068
south_north,0,2,060190021004,train,0.0
south_north,0,2,060190021005,train,0.0
south_north,0,2,060190022001,train,0.0
south_north,0,2,060190022002,train,810.5339619823266
south_north,0,2,060190022003,train,163.49399774901363
south_north,0,2,060190022004,train,0.0
south_north,0,2,060190023001,train,0.0
south_north,0,2,060190023002,train,0.0
south_north,0,2,060190023003,train,1071.4047998783901
south_north,0,2,060190024001,train,0.0
south_north,0,2,060190024002,train,812.2546351117929
south_north,0,2,060190024003,train,812.7015809837055
south_north,0,2,060190024004,train,0.0
south_north,0,2,060190025011,train,0.0
south_north,0,2,060190025012,train,395.6329998282045
south_north,0,2,060190025013,train,0.0
south_north,0,2,060190025014,train,417.7516112377351
south_north,0,2,060190025021,train,813.8124847809769
south_north,0,2,060190025022,train,906.8166768780886
south_north,0,2,060190025023,train,821.751068502155
south_north,0,2,060190026011,train,1619.8261237142212
south_north,0,2,060190026012,train,1675.0273381970976
south_north,0,2,060190026013,train,1625.5404553769379
south_north,0,2,060190026021,train,2427.764081382397
south_north,0,2,060190026022,train,2440.037870997384
south_north,0,2,060190026023,train,2847.6683180253567
south_north,0,2,060190027011,train,1625.9521877978827
south_north,0,2,060190027012,train,1628.0537605361587
south_north,0,2,060190027013,train,1624.7408676687337
south_north,0,2,060190027021,train,2431.360336580923
south_north,0,2,060190027022,train,2436.71814277425
south_north,0,2,060190027023,train,2842.6280224415423
south_north,0,2,060190027024,train,2845.770799382689
south_north,0,2,060190028001,train,0.0
south_north,0,2,060190028002,train,0.0
south_north,0,2,060190028003,train,0.0
south_north,0,2,060190028004,train,406.6694194010735
south_north,0,2,060190029031,train,2442.2069949323477
south_north,0,2,060190029032,train,2445.6396428884136
south_north,0,2,060190029033,train,2786.09948503315
south_north,0,2,060190029041,train,1635.1276181221858
south_north,0,2,060190029042,train,1637.8980281873817
south_north,0,2,060190029051,train,829.2394519442258
south_north,0,2,060190029061,train,318.32229595549904
south_north,0,2,060190029062,train,0.0
south_north,0,2,060190030011,train,0.0
south_north,0,2,060190030012,train,853.4560911553825
south_north,0,2,060190030031,train,2443.0324496372796
south_north,0,2,060190030032,train,2439.6709575989817
south_north,0,2,060190030041,train,1631.9650965882465
south_north,0,2,060190030042,train,1633.7614901063043
south_north,0,2,060190031021,train,1346.2724083084072
south_north,0,2,060190031022,train,753.9459125711347
south_north,0,2,060190031023,train,784.4759471634444
south_north,0,2,060190031024,train,790.2812135002049
south_north,0,2,060190031025,train,753.7644932011774
south_north,0,2,060190031031,train,0.0
south_north,0,2,060190031032,train,0.0
south_north,0,2,060190031033,train,0.0
south_north,0,2,060190031034,train,390.2960645353487
south_north,0,2,060190031035,train,0.0
south_north,0,2,060190031041,train,0.0
south_north,0,2,060190031042,test,0.0
south_north,0,2,060190032011,test,0.0
south_north,0,2,060190032012,test,0.0
south_north,0,2,060190032021,test,0.0
south_north,0,2,060190032022,test,0.0
south_north,0,2,060190032023,test,0.0
south_north,0,2,060190032024,test,0.0
south_north,0,2,060190033011,test,0.0
south_north,0,2,060190033012,test,0.0
south_north,0,2,060190033021,train,0.0
south_north,0,2,060190033022,train,0.0
south_north,0,2,060190033023,test,0.0
south_north,0,2,060190033024,test,0.0
south_north,0,2,060190034011,test,0.0
south_north,0,2,060190034012,test,0.0
south_north,0,2,060190034013,test,0.0
south_north,0,2,060190034021,test,0.0
south_north,0,2,060190034022,test,0.0
south_north,0,2,060190035001,test,0.0
south_north,0,2,060190035002,test,0.0
south_north,0,2,060190035003,test,0.0
south_north,0,2,060190035004,test,0.0
south_north,0,2,060190035005,test,0.0
south_north,0,2,060190036001,test,0.0
south_north,0,2,060190036002,train,0.0
south_north,0,2,060190036003,test,0.0
south_north,0,2,060190036004,test,0.0
south_north,0,2,060190036005,test,0.0
south_north,0,2,060190037011,test,0.0
south_north,0,2,060190037012,test,0.0
south_north,0,2,060190037021,test,0.0
south_north,0,2,060190037022,test,0.0
south_north,0,2,060190037023,test,0.0
south_north,0,2,060190037024,test,0.0
south_north,0,2,060190038041,test,0.0
south_north,0,2,060190038042,test,0.0
south_north,0,2,060190038043,test,0.0
south_north,0,2,060190038051,test,0.0
south_north,0,2,060190038052,test,0.0
south_north,0,2,060190038053,test,0.0
south_north,0,2,060190038071,test,0.0
south_north,0,2,060190038072,train,0.0
south_north,0,2,060190038081,train,0.0
south_north,0,2,060190038082,test,0.0
south_north,0,2,060190038083,test,0.0
south_north,0,2,060190038091,train,0.0
south_north,0,2,060190038092,train,362.198079218502
south_north,0,2,060190038101,train,0.0
south_north,0,2,060190038102,train,0.0
south_north,0,2,060190038103,test,0.0
south_north,0,2,060190038111,train,0.0
south_north,0,2,060190038112,test,0.0
south_north,0,2,060190038113,test,0.0
south_north,0,2,060190042051,train,1114.6375090138722
south_north,0,2,060190042052,train,1022.9772194039267
south_north,0,2,060190042053,train,618.219345027135
south_north,0,2,060190042054,train,0.0
south_north,0,2,060190042101,train,4072.563625648221
south_north,0,2,060190042102,train,3566.0469668429573
south_north,0,2,060190042111,train,3994.6763205094676
south_north,0,2,060190042112,train,3114.500739716871
south_north,0,2,060190042113,train,3138.249846844131
south_north,0,2,060190042121,train,1653.2529354439448
south_north,0,2,060190042122,train,2573.196488502752
south_north,0,2,060190042123,train,2391.25438888174
south_north,0,2,060190042124,train,2218.4846424743455
south_north,0,2,060190042125,train,1686.5783801026141
south_north,0,2,060190042126,train,1653.2529354439448
south_north,0,2,060190042131,train,2987.3146707317437
south_north,0,2,060190042132,train,2014.1700478696007
south_north,0,2,060190042141,train,4332.157167656344
south_north,0,2,060190042142,train,4103.477436996969
south_north,0,2,060190042143,train,3313.912744162734
south_north,0,2,060190042144,train,3600.98006054042
south_north,0,2,060190042171,train,807.3909100385255
south_north,0,2,060190042172,train,809.1188935883463
south_north,0,2,060190043012,train,4953.596294921924
south_north,0,2,060190043013,train,4825.050860705112
south_north,0,2,060190043021,train,4025.989381452664
south_north,0,2,060190043022,train,3216.3300151709145
south_north,0,2,060190043023,train,4068.073179054238
south_north,0,2,060190043024,train,3221.2979657611486
south_north,0,2,060190043025,train,3273.796997891654
south_north,0,2,060190043031,train,2411.935578546185
south_north,0,2,060190043032,train,1610.7199324165613
south_north,0,2,060190043033,train,1628.4860769924105
south_north,0,2,060190044042,train,4787.322054170863
south_north,0,2,060190044062,train,4799.888840943939
south_north,0,2,060190044063,train,5615.003770700346
south_north,0,2,060190044092,train,4866.23056895601
south_north,0,2,060190044093,train,4807.944986141265
south_north,0,2,060190045031,train,4011.994363993452
south_north,0,2,060190045032,train,3208.782961332536
south_north,0,2,060190045041,train,3199.68517471215
south_north,0,2,060190045042,train,3203.642046927533
south_north,0,2,060190045043,train,3735.268605935462
south_north,0,2,060190045044,train,4006.114136732403
south_north,0,2,060190045051,train,1601.5410865322992
south_north,0,2,060190045052,train,1598.030719888342
south_north,0,2,060190045053,train,1596.6327199040513
south_north,0,2,060190045061,train,1610.4761988002913
south_north,0,2,060190045062,train,1603.8181545279353
south_north,0,2,060190046011,train,0.0
south_north,0,2,060190046012,train,910.5959421793619
south_north,0,2,060190046021,train,600.6891495474013
south_north,0,2,060190046022,train,0.0
south_north,0,2,060190046023,train,803.7067823379716
south_north,0,2,060190047031,train,0.0
south_north,0,2,060190047032,test,0.0
south_north,0,2,060190047033,train,0.0
south_north,0,2,060190047041,test,0.0
south_north,0,2,060190047042,test,0.0
south_north,0,2,060190047043,test,0.0
south_north,0,2,060190047051,train,285.0781228415768
south_north,0,2,060190047052,train,0.0
south_north,0,2,060190047061,train,248.34535441897748
south_north,0,2,060190047062,train,0.0
south_north,0,2,060190047063,train,805.0961648998989
south_north,0,2,060190048011,test,0.0
south_north,0,2,060190048012,test,0.0
south_north,0,2,060190048013,test,0.0
south_north,0,2,060190048021,train,0.0
south_north,0,2,060190048022,test,0.0
south_north,0,2,060190048023,test,0.0
south_north,0,2,060190049011,test,0.0
south_north,0,2,060190049012,test,0.0
south_north,0,2,060190049021,train,0.0
south_north,0,2,060190049022,test,0.0
south_north,0,2,060190050001,train,794.5919896750191
south_north,0,2,060190050002,train,0.0
south_north,0,2,060190050003,train,0.0
south_north,0,2,060190051001,test,0.0
south_north,0,2,060190051002,test,0.0
south_north,0,2,060190051003,test,0.0
south_north,0,2,060190051004,train,0.0
south_north,0,2,060190051005,train,0.0
south_north,0,2,060190052021,test,0.0
south_north,0,2,060190052022,test,0.0
south_north,0,2,060190052031,test,0.0
south_north,0,2,060190052032,test,0.0
south_north,0,2,060190052041,test,0.0
south_north,0,2,060190052042,train,0.0
south_north,0,2,060190052043,train,0.0
south_north,0,2,060190053011,train,0.0
south_north,0,2,060190053012,train,0.0
south_north,0,2,060190053013,train,0.0
south_north,0,2,060190053021,train,800.8262766406697
south_north,0,2,060190053022,train,802.3733133107735
south_north,0,2,060190053041,train,765.2493993696536
south_north,0,2,060190053042,train,1230.525987310382
south_north,0,2,060190053043,train,771.64234368385
south_north,0,2,060190053051,train,0.0
south_north,0,2,060190053052,train,0.0
south_north,0,2,060190054031,train,1606.1926926248345
south_north,0,2,060190054032,train,2009.844502158223
south_north,0,2,060190054033,train,2012.516903888532
south_north,0,2,060190054051,train,3211.671974336739
south_north,0,2,060190054052,train,3216.7271037039036
south_north,0,2,060190054053,train,3221.5289289444113
south_north,0,2,060190054061,train,4012.044553059479
south_north,0,2,060190054062,train,4013.1081797762636
south_north,0,2,060190054063,train,4013.9993056932526
south_north,0,2,060190054071,train,3982.9820117763757
south_north,0,2,060190054072,train,3991.2506042764608
south_north,0,2,060190054081,train,1568.9316477635825
south_north,0,2,060190054091,train,2407.459589961497
south_north,0,2,060190054092,train,2414.6970271532527
south_north,0,2,060190054101,train,1606.192367551315
south_north,0,2,060190054102,train,2007.101367541796
south_north,0,2,060190055092,train,5189.39174934693
south_north,0,2,060190055093,train,4788.587078824899
south_north,0,2,060190055143,train,4780.174818493144
south_north,0,2,060190055261,train,4777.236114485635
south_north,0,2,060190055272,train,4806.181941930723
south_north,0,2,060190056023,train,1558.7497736650207
south_north,0,2,060190056024,train,3174.0201142415017
south_north,0,2,060190056051,train,3203.788394282684
south_north,0,2,060190056061,train,3998.839186415435
south_north,0,2,060190056062,train,3194.6901946110256
south_north,0,2,060190056071,train,2497.3952449197454
south_north,0,2,060190056072,train,2366.10921662501
south_north,0,2,060190056073,train,2403.160332434651
south_north,0,2,060190056074,train,2692.2606991591038
south_north,0,2,060190056081,train,1559.1830615578592
south_north,0,2,060190056082,train,1591.1172706384593
south_north,0,2,060190086002,train,4037.0175765000167
south_north,0,2,060190086004,train,4821.194609487894
south_north,0,3,060190001001,train,4587.062021543495
south_north,0,3,060190002001,train,3870.903482266874
south_north,0,3,060190002002,train,4118.625938386342
south_north,0,3,060190003001,train,5167.84075138975
south_north,0,3,060190003002,train,5469.691582876591
south_north,0,3,060190003003,train,5464.579877212518
south_north,0,3,060190004001,train,5661.803807060061
south_north,0,3,060190004002,train,6462.110456722484
south_north,0,3,060190004003,train,5792.747870474491
south_north,0,3,060190004004,train,5659.782715873208
south_north,0,3,060190005011,train,4042.117118965201
south_north,0,3,060190005012,train,4829.63251112703
south_north,0,3,060190005021,train,4046.0906953954286
south_north,0,3,060190005022,train,4049.685565277116
south_north,0,3,060190006011,train,3844.784429469975
south_north,0,3,060190006012,train,3317.494700782867
south_north,0,3,060190006013,train,4051.669946264691
south_north,0,3,060190006014,train,4338.248534392958
south_north,0,3,060190006021,train,4057.3984453340786
south_north,0,3,060190007011,train,4835.239634362165
south_north,0,3,060190007021,train,2832.25210897963
south_north,0,3,060190009011,train,6598.011145894654
south_north,0,3,060190009012,train,6876.407950162011
south_north,0,3,060190009021,train,6565.609654096715
south_north,0,3,060190009022,train,6330.493009537676
south_north,0,3,060190009023,train,5808.273626414563
south_north,0,3,060190010001,train,7855.010844767988
south_north,0,3,060190010002,train,7386.38072888682
south_north,0,3,060190011001,train,7495.931545715726
south_north,0,3,060190011002,train,6823.0823035160865
south_north,0,3,060190012011,train,7240.164460820126
south_north,0,3,060190012012,train,8079.504444293237
south_north,0,3,060190012013,train,8088.126184703653
south_north,0,3,060190012014,train,8884.770543645438
south_north,0,3,060190012021,train,7320.191289739317
south_north,0,3,060190012022,train,8120.62179545907
south_north,0,3,060190013011,train,5667.999096702266
south_north,0,3,060190013012,train,5667.339344871986
south_north,0,3,060190013013,train,5675.794806975567
south_north,0,3,060190013014,train,5786.819791182007
south_north,0,3,060190013015,train,5669.961647152406
south_north,0,3,060190013031,train,6473.059449878616
south_north,0,3,060190013032,train,6473.059449878616
south_north,0,3,060190013041,train,6479.689756871178
south_north,0,3,060190013042,train,6519.841187477341
south_north,0,3,060190013043,train,6475.64244159136
south_north,0,3,060190014071,train,6270.445521873187
south_north,0,3,060190014072,train,6386.019436872052
south_north,0,3,060190014073,train,6153.296334512408
south_north,0,3,060190014074,train,5884.879527404617
south_north,0,3,060190014081,train,6663.193635447189
south_north,0,3,060190014082,train,6899.78533923462
south_north,0,3,060190014151,train,8233.110973661323
south_north,0,3,060190014152,train,7614.358764093706
south_north,0,3,060190014153,train,7449.9016758438365
south_north,0,3,060190014161,train,7857.770204432992
south_north,0,3,060190015001,train,8878.34751892442
south_north,0,3,060190017003,train,16245.259538298253
south_north,0,3,060190018001,train,8863.912088389547
south_north,0,3,060190018002,train,12677.129475989781
south_north,0,3,060190018003,train,12087.470430222987
south_north,0,3,060190018004,train,12291.495908964818
south_north,0,3,060190020001,train,0.0
south_north,0,3,060190020002,train,803.6033811592603
south_north,0,3,060190020003,train,2407.9936356148964
south_north,0,3,060190020004,train,1606.039336882974
south_north,0,3,060190020005,train,1607.3944395924234
south_north,0,3,060190021001,train,1845.6266479970311
south_north,0,3,060190021002,train,2175.104558691379
south_north,0,3,060190021003,train,1968.5163760852959
south_north,0,3,060190021004,train,916.1271879985154
south_north,0,3,060190021005,train,1494.278098455723
south_north,0,3,060190022001,train,2527.4916269058326
south_north,0,3,060190022002,train,2941.244408546962
south_north,0,3,060190022003,train,2403.2783986425807
south_north,0,3,060190022004,train,2448.095350140168
south_north,0,3,060190023001,train,2515.1326749980235
south_north,0,3,060190023002,train,2578.6325586475286
south_north,0,3,060190023003,train,3369.0401576993218
south_north,0,3,060190024001,train,2419.215302080387
south_north,0,3,060190024002,train,3233.474426008344
south_north,0,3,060190024003,train,3237.8930377833676
south_north,0,3,060190024004,train,2321.9488266144326
south_north,0,3,060190025011,train,2422.5574825395815
south_north,0,3,060190025012,train,2426.308643594141
south_north,0,3,060190025013,train,2417.156268475621
south_north,0,3,060190025014,train,2834.7723017010308
south_north,0,3,060190025021,train,3236.007026403498
south_north,0,3,060190025022,train,3237.167220399662
south_north,0,3,060190025023,train,3238.026898249616
south_north,0,3,060190026011,train,4040.9921069014085
south_north,0,3,060190026012,train,4043.1614861462363
south_north,0,3,060190026013,train,4042.7759776467938
south_north,0,3,060190026021,train,4850.304101650645
south_north,0,3,060190026022,train,4855.09670508989
south_north,0,3,060190026023,train,5270.210661399134
south_north,0,3,060190027011,train,4044.9566698469166
south_north,0,3,060190027012,train,4123.414619654939
south_north,0,3,060190027013,train,4065.4640843959437
south_north,0,3,060190027021,train,4858.424578193899
south_north,0,3,060190027022,train,4919.33896308069
south_north,0,3,060190027023,train,5323.011054308113
south_north,0,3,060190027024,train,5404.5845212324075
south_north,0,3,060190028001,train,2692.3803770642176
south_north,0,3,060190028002,train,2544.418007317601
south_north,0,3,060190028003,train,2417.813519116042
south_north,0,3,060190028004,train,2828.7992503009236
south_north,0,3,060190029031,train,5111.894182181675
south_north,0,3,060190029032,train,5327.663804541031
south_north,0,3,060190029033,train,5559.407824773089
south_north,0,3,060190029041,train,4353.286257636247
south_north,0,3,060190029042,train,4710.611701517191
south_north,0,3,060190029051,train,3617.6933726548264
south_north,0,3,060190029061,train,3534.0672677671837
south_north,0,3,060190029062,train,2896.9500986748276
south_north,0,3,060190030011,train,3093.242412567247
south_north,0,3,060190030012,train,4010.0382361022184
south_north,0,3,060190030031,train,5590.225302853761
south_north,0,3,060190030032,train,5557.133731034849
south_north,0,3,060190030041,train,4751.506059626332
south_north,0,3,060190030042,train,4784.560590528125
south_north,0,3,060190031021,test,0.0
south_north,0,3,060190031022,test,0.0
south_north,0,3,060190031023,test,0.0
south_north,0,3,060190031024,test,0.0
south_north,0,3,060190031025,test,0.0
south_north,0,3,060190031031,test,0.0
south_north,0,3,060190031032,test,0.0
south_north,0,3,060190031033,test,0.0
south_north,0,3,060190031034,test,0.0
south_north,0,3,060190031035,test,0.0
south_north,0,3,060190031041,test,0.0
south_north,0,3,060190031042,train,0.0
south_north,0,3,060190032011,train,806.380814835039
south_north,0,3,060190032012,train,1141.2834031599916
south_north,0,3,060190032021,train,1616.7702566685596
south_north,0,3,060190032022,train,1808.0938947236843
south_north,0,3,060190032023,train,2282.6486783150726
south_north,0,3,060190032024,train,2020.2937492539777
south_north,0,3,060190033011,train,800.981409460872
south_north,0,3,060190033012,train,805.8777477075322
south_north,0,3,060190033021,train,1974.9486899762005
south_north,0,3,060190033022,train,1960.4034444893184
south_north,0,3,060190033023,train,1614.7382072639675
south_north,0,3,060190033024,train,1614.9608186390585
south_north,0,3,060190034011,train,1612.9801835920139
south_north,0,3,060190034012,train,1616.9111855830624
south_north,0,3,060190034013,train,1837.7806698305624
south_north,0,3,060190034021,train,794.3659169919702
south_north,0,3,060190034022,train,793.7582285759568
south_north,0,3,060190035001,train,1622.791493461148
south_north,0,3,060190035002,train,805.8761191938406
south_north,0,3,060190035003,train,1683.7777750616724
south_north,0,3,060190035004,train,919.21991351755
south_north,0,3,060190035005,train,1219.5606974581647
south_north,0,3,060190036001,train,829.4764056123095
south_north,0,3,060190036002,train,1578.5304138113381
south_north,0,3,060190036003,train,1479.09377165485
south_north,0,3,060190036004,train,1212.1291478888002
south_north,0,3,060190036005,train,806.0212619153435
south_north,0,3,060190037011,train,0.0
south_north,0,3,060190037012,train,664.8403311147118
south_north,0,3,060190037021,train,86.44389997428185
south_north,0,3,060190037022,train,0.0
south_north,0,3,060190037023,train,664.9914900824734
south_north,0,3,060190037024,train,805.1300443849843
south_north,0,3,060190038041,train,0.0
south_north,0,3,060190038042,train,805.6193314875759
south_north,0,3,060190038043,train,805.3088155589058
south_north,0,3,060190038051,train,0.0
south_north,0,3,060190038052,train,554.3341643342548
south_north,0,3,060190038053,train,0.0
south_north,0,3,060190038071,train,480.66685708409324
south_north,0,3,060190038072,train,1026.7358253727984
south_north,0,3,060190038081,train,2215.5840575754005
south_north,0,3,060190038082,train,1611.6178264705206
south_north,0,3,060190038083,train,1612.92657828388
south_north,0,3,060190038091,test,0.0
south_north,0,3,060190038092,test,0.0
south_north,0,3,060190038101,test,0.0
south_north,0,3,060190038102,test,0.0
south_north,0,3,060190038103,train,0.0
south_north,0,3,060190038111,train,2417.984176182822
south_north,0,3,060190038112,train,0.0
south_north,0,3,060190038113,train,802.0868537137516
south_north,0,3,060190042051,test,0.0
south_north,0,3,060190042052,test,0.0
south_north,0,3,060190042053,test,0.0
south_north,0,3,060190042054,test,0.0
south_north,0,3,060190042101,train,1333.506800628568
south_north,0,3,060190042102,train,531.4844296182702
south_north,0,3,060190042111,train,1468.679421161931
south_north,0,3,060190042112,train,725.2688979212782
south_north,0,3,060190042113,train,433.7911604083079
south_north,0,3,060190042121,test,0.0
south_north,0,3,060190042122,train,0.0
south_north,0,3,060190042123,train,0.0
south_north,0,3,060190042124,test,0.0
south_north,0,3,060190042125,test,0.0
south_north,0,3,060190042126,train,0.0
south_north,0,3,060190042131,train,98.31771333406164
south_north,0,3,060190042132,train,0.0
south_north,0,3,060190042141,train,1314.9557657298365
south_north,0,3,060190042142,train,1610.5376198764275
south_north,0,3,060190042143,train,797.1056489480669
south_north,0,3,060190042144,train,581.764515158324
south_north,0,3,060190042171,test,0.0
south_north,0,3,060190042172,test,0.0
south_north,0,3,060190043012,train,2264.086374201465
south_north,0,3,060190043013,train,2411.0338218221914
south_north,0,3,060190043021,train,1609.3925684886926
south_north,0,3,060190043022,train,804.3382568947409
south_north,0,3,060190043023,train,1659.1179147328626
south_north,0,3,060190043024,train,797.1056489480669
south_north,0,3,060190043025,train,897.9556272640241
south_north,0,3,060190043031,train,0.0
south_north,0,3,060190043032,test,0.0
south_north,0,3,060190043033,train,0.0
south_north,0,3,060190044042,train,2412.0728138676045
south_north,0,3,060190044062,train,2388.7501127475466
south_north,0,3,060190044063,train,3213.8154525965565
south_north,0,3,060190044092,train,2448.866188040168
south_north,0,3,060190044093,train,2535.8601217992655
south_north,0,3,060190045031,train,2012.4284011027498
south_north,0,3,060190045032,train,1448.507831326201
south_north,0,3,060190045041,train,803.6845700315669
south_north,0,3,060190045042,train,920.190397263912
south_north,0,3,060190045043,train,1601.6047998581262
south_north,0,3,060190045044,train,1663.3597055751395
south_north,0,3,060190045051,train,0.0
south_north,0,3,060190045052,test,0.0
south_north,0,3,060190045053,train,0.0
south_north,0,3,060190045061,train,0.0
south_north,0,3,060190045062,train,0.0
south_north,0,3,060190046011,test,0.0
south_north,0,3,060190046012,test,0.0
south_north,0,3,060190046021,test,0.0
south_north,0,3,060190046022,test,0.0
south_north,0,3,060190046023,test,0.0
south_north,0,3,060190047031,test,0.0
south_north,0,3,060190047032,train,0.0
south_north,0,3,060190047033,test,0.0
south_north,0,3,060190047041,train,0.0
south_north,0,3,060190047042,train,0.0
south_north,0,3,060190047043,train,0.0
south_north,0,3,060190047051,test,0.0
south_north,0,3,060190047052,test,0.0
south_north,0,3,060190047061,test,0.0
south_north,0,3,060190047062,test,0.0
south_north,0,3,060190047063,test,0.0
south_north,0,3,060190048011,train,0.0
south_north,0,3,060190048012,train,0.0
south_north,0,3,060190048013,train,0.0
south_north,0,3,060190048021,test,0.0
south_north,0,3,060190048022,train,401.43858899681663
south_north,0,3,060190048023,train,0.0
south_north,0,3,060190049011,train,0.0
south_north,0,3,060190049012,train,0.0
south_north,0,3,060190049021,test,0.0
south_north,0,3,060190049022,train,0.0
south_north,0,3,060190050001,test,0.0
south_north,0,3,060190050002,test,0.0
south_north,0,3,060190050003,test,0.0
south_north,0,3,060190051001,train,0.0
south_north,0,3,060190051002,train,0.0
south_north,0,3,060190051003,train,0.0
south_north,0,3,060190051004,test,0.0
south_north,0,3,060190051005,test,0.0
south_north,0,3,060190052021,train,0.0
south_north,0,3,060190052022,train,203.84383459365674
south_north,0,3,060190052031,train,0.0
south_north,0,3,060190052032,train,0.0
south_north,0,3,060190052041,train,0.0
south_north,0,3,060190052042,test,0.0
south_north,0,3,060190052043,test,0.0
south_north,0,3,060190053011,test,0.0
south_north,0,3,060190053012,test,0.0
south_north,0,3,060190053013,test,0.0
south_north,0,3,060190053021,test,0.0
south_north,0,3,060190053022,test,0.0
south_north,0,3,060190053041,test,0.0
south_north,0,3,060190053042,test,0.0
south_north,0,3,060190053043,test,0.0
south_north,0,3,060190053051,test,0.0
south_north,0,3,060190053052,test,0.0
south_north,0,3,060190054031,test,0.0
south_north,0,3,060190054032,test,0.0
south_north,0,3,060190054033,test,0.0
south_north,0,3,060190054051,train,803.9343624956462
south_north,0,3,060190054052,train,806.6230485243414
south_north,0,3,060190054053,train,805.7829272312854
south_north,0,3,060190054061,train,1604.7486456179163
south_north,0,3,060190054062,train,1603.6831247389875
south_north,0,3,060190054063,train,1598.0488219446588
south_north,0,3,060190054071,train,1602.0804384962223
south_north,0,3,060190054072,train,1792.6525903900256
south_north,0,3,060190054081,train,0.0
south_north,0,3,060190054091,train,0.0
south_north,0,3,060190054092,train,0.0
south_north,0,3,060190054101,test,0.0
south_north,0,3,060190054102,train,0.0
south_north,0,3,060190055092,train,2868.799098077715
south_north,0,3,060190055093,train,2434.5789285910837
south_north,0,3,060190055143,train,2413.58585069794
south_north,0,3,060190055261,train,2387.353075708288
south_north,0,3,060190055272,train,2386.700741954996
south_north,0,3,060190056023,test,0.0
south_north,0,3,060190056024,train,807.2683851880959
south_north,0,3,060190056051,train,822.4690786613761
south_north,0,3,060190056061,train,1608.2522834581457
south_north,0,3,060190056062,train,805.5159508442617
south_north,0,3,060190056071,train,83.92542288132297
south_north,0,3,060190056072,train,0.0
south_north,0,3,060190056073,train,0.0
south_north,0,3,060190056074,train,326.02148281247514
south_north,0,3,060190056081,test,0.0
south_north,0,3,060190056082,test,0.0
south_north,0,3,060190086002,train,5350.784330882511
south_north,0,3,060190086004,train,5631.388732108043
south_north,0,4,060190001001,train,7244.483366425413
south_north,0,4,060190002001,train,7200.239958282558
south_north,0,4,060190002002,train,7707.259644134113
south_north,0,4,060190003001,train,8860.874960961362
south_north,0,4,060190003002,train,8233.208771081685
south_north,0,4,060190003003,train,8858.088240977524
south_north,0,4,060190004001,train,8126.467624168076
south_north,0,4,060190004002,train,8925.960004737402
south_north,0,4,060190004003,train,8223.980513900175
south_north,0,4,060190004004,train,8108.361487762416
south_north,0,4,060190005011,train,6508.84947988118
south_north,0,4,060190005012,train,7278.979520290886
south_north,0,4,060190005021,train,6470.01663033339
south_north,0,4,060190005022,train,6461.954796530173
south_north,0,4,060190006011,train,6958.3681437240875
south_north,0,4,060190006012,train,6445.615893614321
south_north,0,4,060190006013,train,6448.991176622188
south_north,0,4,060190006014,train,6850.410388874852
south_north,0,4,060190006021,train,6455.22952630327
south_north,0,4,060190007011,train,8859.477875628045
south_north,0,4,060190007021,train,6442.500646322501
south_north,0,4,060190009011,train,10478.96550404919
south_north,0,4,060190009012,train,10478.48735550555
south_north,0,4,060190009021,train,9547.42291478001
south_north,0,4,060190009022,train,9597.13841304035
south_north,0,4,060190009023,train,9665.513561768095
south_north,0,4,060190010001,train,11292.123036140372
south_north,0,4,060190010002,train,11282.7109783991
south_north,0,4,060190011001,train,10486.253237328541
south_north,0,4,060190011002,train,9618.520040325244
south_north,0,4,060190012011,train,9657.100173539164
south_north,0,4,060190012012,train,10496.77740085432
south_north,0,4,060190012013,train,10492.332376840195
south_north,0,4,060190012014,train,11298.88907531781
south_north,0,4,060190012021,train,9686.50845170997
south_north,0,4,060190012022,train,10486.861993935938
south_north,0,4,060190013011,train,8090.493351018995
south_north,0,4,060190013012,train,8082.783971521838
south_north,0,4,060190013013,train,8072.4273744283
south_north,0,4,060190013014,train,8070.824582391525
south_north,0,4,060190013015,train,8082.2220651569305
south_north,0,4,060190013031,train,8899.370776205462
south_north,0,4,060190013032,train,8889.235183555109
south_north,0,4,060190013041,train,8882.50169780714
south_north,0,4,060190013042,train,8877.25488858801
south_north,0,4,060190013043,train,8888.01627299304
south_north,0,4,060190014071,train,8471.017189513212
south_north,0,4,060190014072,train,8475.37835603681
south_north,0,4,060190014073,train,8092.105945717201
south_north,0,4,060190014074,train,8070.75925127084
south_north,0,4,060190014081,train,8877.25488858801
south_north,0,4,060190014082,train,8893.548559788042
south_north,0,4,060190014151,train,10456.203840389007
south_north,0,4,060190014152,train,9650.659813175993
south_north,0,4,060190014153,train,9650.659813175993
south_north,0,4,060190014161,train,9678.940180905167
south_north,0,4,060190015001,train,11320.75846765367
south_north,0,4,060190017003,train,19352.01915774708
south_north,0,4,060190018001,train,12098.688763627211
south_north,0,4,060190018002,train,16136.464867844456
south_north,0,4,060190018003,train,16125.651382814298
south_north,0,4,060190018004,train,16130.777491755925
south_north,0,4,060190020001,train,3576.705744329458
south_north,0,4,060190020002,train,4842.039702025954
south_north,0,4,060190020003,train,6445.303393472436
south_north,0,4,060190020004,train,5667.115543484948
south_north,0,4,060190020005,train,5646.588615964523
south_north,0,4,060190021001,train,4833.579123631623
south_north,0,4,060190021002,train,5440.113939098833
south_north,0,4,060190021003,train,5643.854905391271
south_north,0,4,060190021004,train,4841.618890673644
south_north,0,4,060190021005,train,4837.711011724072
south_north,0,4,060190022001,train,4828.086605755636
south_north,0,4,060190022002,train,5639.708245413501
south_north,0,4,060190022003,train,4825.864325895153
south_north,0,4,060190022004,train,4825.820761330233
south_north,0,4,060190023001,train,4828.24035692436
south_north,0,4,060190023002,train,4827.620402430565
south_north,0,4,060190023003,train,5900.938322665344
south_north,0,4,060190024001,train,4847.979604664205
south_north,0,4,060190024002,train,5659.278208354757
south_north,0,4,060190024003,train,5650.812201445801
south_north,0,4,060190024004,train,4735.407613580857
south_north,0,4,060190025011,train,4964.965022399457
south_north,0,4,060190025012,train,4915.039396307278
south_north,0,4,060190025013,train,4831.3677423958325
south_north,0,4,060190025014,train,5249.532611383067
south_north,0,4,060190025021,train,5760.990771189177
south_north,0,4,060190025022,train,5715.494961699252
south_north,0,4,060190025023,train,5653.541370987541
south_north,0,4,060190026011,train,6553.485783208424
south_north,0,4,060190026012,train,6473.507491588725
south_north,0,4,060190026013,train,6457.307255503287
south_north,0,4,060190026021,train,7295.892916861099
south_north,0,4,060190026022,train,7271.804158167558
south_north,0,4,060190026023,train,7716.627850602257
south_north,0,4,060190027011,train,6458.880486992703
south_north,0,4,060190027012,train,6456.0652441223965
south_north,0,4,060190027013,train,6456.065854053574
south_north,0,4,060190027021,train,7265.091817969189
south_north,0,4,060190027022,train,7262.757497703456
south_north,0,4,060190027023,train,7668.401522420078
south_north,0,4,060190027024,train,7666.829245961795
south_north,0,4,060190028001,train,4820.06213799811
south_north,0,4,060190028002,train,4820.31162572333
south_north,0,4,060190028003,train,4827.488238312157
south_north,0,4,060190028004,train,5241.442553140902
south_north,0,4,060190029031,train,7263.315731152959
south_north,0,4,060190029032,train,7271.189269367494
south_north,0,4,060190029033,train,7612.720345655237
south_north,0,4,060190029041,train,6456.287737192764
south_north,0,4,060190029042,train,6479.731069648991
south_north,0,4,060190029051,train,5650.408465340799
south_north,0,4,060190029061,train,5165.109528247432
south_north,0,4,060190029062,train,4821.109178727104
south_north,0,4,060190030011,train,5002.78705607398
south_north,0,4,060190030012,train,5833.497745188556
south_north,0,4,060190030031,train,7394.447985715755
south_north,0,4,060190030032,train,7579.36975705562
south_north,0,4,060190030041,train,6808.986181887386
south_north,0,4,060190030042,train,6597.569903408828
south_north,0,4,060190031021,train,805.1869539988619
south_north,0,4,060190031022,train,1209.5097225568163
south_north,0,4,060190031023,train,107.96085041523786
south_north,0,4,060190031024,train,680.9022471931768
south_north,0,4,060190031025,train,805.1869539988619
south_north,0,4,060190031031,train,978.283446344172
south_north,0,4,060190031032,train,1249.2292447270142
south_north,0,4,060190031033,train,820.3329705680588
south_north,0,4,060190031034,train,1564.1579353589107
south_north,0,4,060190031035,train,1818.719846995939
south_north,0,4,060190031041,train,1612.1402995965257
south_north,0,4,060190031042,train,1598.89062646258
south_north,0,4,060190032011,train,3220.3140055510526
south_north,0,4,060190032012,train,3223.7120972589755
south_north,0,4,060190032021,train,4030.34692413552
south_north,0,4,060190032022,train,4032.1917270151357
south_north,0,4,060190032023,train,4032.8601044586053
south_north,0,4,060190032024,train,4032.8601044586053
south_north,0,4,060190033011,train,3330.5021555433054
south_north,0,4,060190033012,train,3219.902334609167
south_north,0,4,060190033021,train,4518.211165347116
south_north,0,4,060190033022,train,4386.352851854518
south_north,0,4,060190033023,train,4121.7296675079215
south_north,0,4,060190033024,train,4029.0304358133208
south_north,0,4,060190034011,train,4042.876527083936
south_north,0,4,060190034012,train,4029.3019068505278
south_north,0,4,060190034013,train,4289.894193203711
south_north,0,4,060190034021,train,3289.4639112265936
south_north,0,4,060190034022,train,3206.0398035207263
south_north,0,4,060190035001,train,4025.576483410379
south_north,0,4,060190035002,train,3205.5527637942196
south_north,0,4,060190035003,train,4025.4269768317813
south_north,0,4,060190035004,train,3218.8874854894475
south_north,0,4,060190035005,train,3622.642211432357
south_north,0,4,060190036001,train,3217.778012855853
south_north,0,4,060190036002,train,4124.554123624581
south_north,0,4,060190036003,train,4227.290157514567
south_north,0,4,060190036004,train,3622.6169033158953
south_north,0,4,060190036005,train,3216.3924982214057
south_north,0,4,060190037011,train,4032.5844080849706
south_north,0,4,060190037012,train,4029.121612619165
south_north,0,4,060190037021,train,3218.48796036411
south_north,0,4,060190037022,train,3257.987931287465
south_north,0,4,060190037023,train,3724.466823140667
south_north,0,4,060190037024,train,3219.526193528602
south_north,0,4,060190038041,train,2433.7134362914244
south_north,0,4,060190038042,train,3241.499431590934
south_north,0,4,060190038043,train,3280.3147720985794
south_north,0,4,060190038051,train,2615.1868193974065
south_north,0,4,060190038052,train,3494.8368141879387
south_north,0,4,060190038053,train,2760.818580769177
south_north,0,4,060190038071,train,4225.779778966266
south_north,0,4,060190038072,train,5001.593534031732
south_north,0,4,060190038081,train,4855.692187662875
south_north,0,4,060190038082,train,4048.8610469272294
south_north,0,4,060190038083,train,4079.0728518992905
south_north,0,4,060190038091,train,1202.2490293177755
south_north,0,4,060190038092,train,815.758227981823
south_north,0,4,060190038101,train,872.2744049131373
south_north,0,4,060190038102,train,1580.729024453021
south_north,0,4,060190038103,train,1653.2529354439448
south_north,0,4,060190038111,train,4866.091690864969
south_north,0,4,060190038112,train,2453.1972576004478
south_north,0,4,060190038113,train,3253.8630279809113
south_north,0,4,060190042051,train,230.5203653327442
south_north,0,4,060190042052,train,860.6143342435947
south_north,0,4,060190042053,train,1103.3278351165409
south_north,0,4,060190042054,train,0.0
south_north,0,4,060190042101,test,0.0
south_north,0,4,060190042102,test,0.0
south_north,0,4,060190042111,test,0.0
south_north,0,4,060190042112,test,0.0
south_north,0,4,060190042113,test,0.0
south_north,0,4,060190042121,train,0.0
south_north,0,4,060190042122,test,0.0
south_north,0,4,060190042123,test,0.0
south_north,0,4,060190042124,train,0.0
south_north,0,4,060190042125,train,0.0
south_north,0,4,060190042126,test,0.0
south_north,0,4,060190042131,test,0.0
south_north,0,4,060190042132,test,0.0
south_north,0,4,060190042141,test,0.0
south_north,0,4,060190042142,test,0.0
south_north,0,4,060190042143,test,0.0
south_north,0,4,060190042144,test,0.0
south_north,0,4,060190042171,train,0.0
south_north,0,4,060190042172,train,567.0222834109053
south_north,0,4,060190043012,test,0.0
south_north,0,4,060190043013,test,0.0
south_north,0,4,060190043021,test,0.0
south_north,0,4,060190043022,test,0.0
south_north,0,4,060190043023,test,0.0
south_north,0,4,060190043024,test,0.0
south_north,0,4,060190043025,test,0.0
south_north,0,4,060190043031,test,0.0
south_north,0,4,060190043032,train,0.0
south_north,0,4,060190043033,test,0.0
south_north,0,4,060190044042,test,0.0
south_north,0,4,060190044062,test,0.0
south_north,0,4,060190044063,test,0.0
south_north,0,4,060190044092,test,0.0
south_north,0,4,060190044093,test,0.0
south_north,0,4,060190045031,test,0.0
south_north,0,4,060190045032,test,0.0
south_north,0,4,060190045041,test,0.0
south_north,0,4,060190045042,test,0.0
south_north,0,4,060190045043,test,0.0
south_north,0,4,060190045044,test,0.0
south_north,0,4,060190045051,test,0.0
south_north,0,4,060190045052,train,0.0
south_north,0,4,060190045053,test,0.0
south_north,0,4,060190045061,test,0.0
south_north,0,4,060190045062,test,0.0
south_north,0,4,060190046011,train,0.0
south_north,0,4,060190046012,train,0.0
south_north,0,4,060190046021,train,0.0
south_north,0,4,060190046022,train,803.9937924524972
south_north,0,4,060190046023,train,0.0
south_north,0,4,060190047031,train,1674.0721038619808
south_north,0,4,060190047032,train,1628.4860769924105
south_north,0,4,060190047033,train,1605.4132020093073
south_north,0,4,060190047041,train,2413.0474983637046
south_north,0,4,060190047042,train,2663.5507906938356
south_north,0,4,060190047043,train,2459.7941879278446
south_north,0,4,060190047051,train,680.4822324840304
south_north,0,4,060190047052,train,1068.2810787716376
south_north,0,4,060190047061,train,616.4882821093016
south_north,0,4,060190047062,train,1372.1029447046417
south_north,0,4,060190047063,train,230.52034797824592
south_north,0,4,060190048011,train,2390.404050225778
south_north,0,4,060190048012,train,2411.0824612150573
south_north,0,4,060190048013,train,1715.2487667171163
south_north,0,4,060190048021,train,1068.5720649424309
south_north,0,4,060190048022,train,2815.1373178781923
south_north,0,4,060190048023,train,2211.14112824151
south_north,0,4,060190049011,train,1603.8181545279353
south_north,0,4,060190049012,train,1601.5410865322992
south_north,0,4,060190049021,train,1607.078264213307
south_north,0,4,060190049022,train,1606.8166642046192
south_north,0,4,060190050001,train,0.0
south_north,0,4,060190050002,train,798.2746410027535
south_north,0,4,060190050003,train,0.0
south_north,0,4,060190051001,train,1690.4040852315834
south_north,0,4,060190051002,train,2412.99229996842
south_north,0,4,060190051003,train,1596.6327199040513
south_north,0,4,060190051004,train,1601.5378969161086
south_north,0,4,060190051005,train,1603.0844452760527
south_north,0,4,060190052021,train,1568.9316477635825
south_north,0,4,060190052022,train,2617.772542623304
south_north,0,4,060190052031,train,2552.356200339611
south_north,0,4,060190052032,train,2413.929564131346
south_north,0,4,060190052041,train,1856.178950417619
south_north,0,4,060190052042,train,1800.333479166408
south_north,0,4,060190052043,train,1605.7145228802372
south_north,0,4,060190053011,train,805.8205617414816
south_north,0,4,060190053012,train,1141.3293988840448
south_north,0,4,060190053013,train,866.8700090467594
south_north,0,4,060190053021,train,0.0
south_north,0,4,060190053022,train,333.6519662463076
south_north,0,4,060190053041,train,0.0
south_north,0,4,060190053042,train,0.0
south_north,0,4,060190053043,train,0.0
south_north,0,4,060190053051,train,801.7805619483387
south_north,0,4,060190053052,train,801.7101988976724
south_north,0,4,060190054031,train,0.0
south_north,0,4,060190054032,train,0.0
south_north,0,4,060190054033,train,0.0
south_north,0,4,060190054051,test,0.0
south_north,0,4,060190054052,test,0.0
south_north,0,4,060190054053,test,0.0
south_north,0,4,060190054061,test,0.0
south_north,0,4,060190054062,test,0.0
south_north,0,4,060190054063,test,0.0
south_north,0,4,060190054071,test,0.0
south_north,0,4,060190054072,test,0.0
south_north,0,4,060190054081,test,0.0
south_north,0,4,060190054091,test,0.0
south_north,0,4,060190054092,test,0.0
south_north,0,4,060190054101,train,0.0
south_north,0,4,060190054102,test,0.0
south_north,0,4,060190055092,test,0.0
south_north,0,4,060190055093,test,0.0
south_north,0,4,060190055143,test,0.0
south_north,0,4,060190055261,test,0.0
south_north,0,4,060190055272,test,0.0
south_north,0,4,060190056023,train,0.0
south_north,0,4,060190056024,test,0.0
south_north,0,4,060190056051,test,0.0
south_north,0,4,060190056061,test,0.0
south_north,0,4,060190056062,test,0.0
south_north,0,4,060190056071,test,0.0
south_north,0,4,060190056072,test,0.0
south_north,0,4,060190056073,test,0.0
south_north,0,4,060190056074,test,0.0
south_north,0,4,060190056081,train,0.0
south_north,0,4,060190056082,train,0.0
south_north,0,4,060190086002,train,8895.442137819377
south_north,0,4,060190086004,train,9664.459898763122
south_north,1000,0,060190001001,test,0.0
south_north,1000,0,060190002001,test,0.0
south_north,1000,0,060190002002,test,0.0
south_north,1000,0,060190003001,test,0.0
south_north,1000,0,060190003002,test,0.0
south_north,1000,0,060190003003,test,0.0
south_north,1000,0,060190004001,test,0.0
south_north,1000,0,060190004002,test,0.0
south_north,1000,0,060190004003,test,0.0
south_north,1000,0,060190004004,test,0.0
south_north,1000,0,060190005011,buffer_excluded,0.0
south_north,1000,0,060190005012,test,0.0
south_north,1000,0,060190005021,buffer_excluded,0.0
south_north,1000,0,060190005022,buffer_excluded,384.66062162956445
south_north,1000,0,060190006011,buffer_excluded,0.0
south_north,1000,0,060190006012,buffer_excluded,0.0
south_north,1000,0,060190006013,buffer_excluded,392.05115425945183
south_north,1000,0,060190006014,buffer_excluded,38.835621695989374
south_north,1000,0,060190006021,buffer_excluded,0.0
south_north,1000,0,060190007011,test,0.0
south_north,1000,0,060190007021,test,0.0
south_north,1000,0,060190009011,test,0.0
south_north,1000,0,060190009012,test,0.0
south_north,1000,0,060190009021,test,0.0
south_north,1000,0,060190009022,test,0.0
south_north,1000,0,060190009023,test,0.0
south_north,1000,0,060190010001,test,0.0
south_north,1000,0,060190010002,test,0.0
south_north,1000,0,060190011001,test,0.0
south_north,1000,0,060190011002,test,0.0
south_north,1000,0,060190012011,test,0.0
south_north,1000,0,060190012012,test,0.0
south_north,1000,0,060190012013,test,0.0
south_north,1000,0,060190012014,test,0.0
south_north,1000,0,060190012021,test,0.0
south_north,1000,0,060190012022,test,0.0
south_north,1000,0,060190013011,test,0.0
south_north,1000,0,060190013012,test,0.0
south_north,1000,0,060190013013,test,0.0
south_north,1000,0,060190013014,test,0.0
south_north,1000,0,060190013015,test,0.0
south_north,1000,0,060190013031,test,0.0
south_north,1000,0,060190013032,test,0.0
south_north,1000,0,060190013041,test,0.0
south_north,1000,0,060190013042,test,0.0
south_north,1000,0,060190013043,test,0.0
south_north,1000,0,060190014071,test,0.0
south_north,1000,0,060190014072,test,0.0
south_north,1000,0,060190014073,test,0.0
south_north,1000,0,060190014074,test,0.0
south_north,1000,0,060190014081,test,0.0
south_north,1000,0,060190014082,test,0.0
south_north,1000,0,060190014151,test,0.0
south_north,1000,0,060190014152,test,0.0
south_north,1000,0,060190014153,test,0.0
south_north,1000,0,060190014161,test,0.0
south_north,1000,0,060190015001,test,0.0
south_north,1000,0,060190017003,test,0.0
south_north,1000,0,060190018001,test,0.0
south_north,1000,0,060190018002,test,0.0
south_north,1000,0,060190018003,test,0.0
south_north,1000,0,060190018004,test,0.0
south_north,1000,0,060190020001,train,2024.4764495913128
south_north,1000,0,060190020002,buffer_excluded,0.0
south_north,1000,0,060190020003,buffer_excluded,0.0
south_north,1000,0,060190020004,buffer_excluded,0.0
south_north,1000,0,060190020005,buffer_excluded,417.8892511515883
south_north,1000,0,060190021001,train,1001.6178301258636
south_north,1000,0,060190021002,buffer_excluded,398.72095985121797
south_north,1000,0,060190021003,buffer_excluded,0.0
south_north,1000,0,060190021004,buffer_excluded,955.9758043664347
south_north,1000,0,060190021005,buffer_excluded,810.6254030172443
south_north,1000,0,060190022001,buffer_excluded,907.1890381428142
south_north,1000,0,060190022002,buffer_excluded,173.89847247603083
south_north,1000,0,060190022003,buffer_excluded,0.0
south_north,1000,0,060190022004,buffer_excluded,840.2708048060255
south_north,1000,0,060190023001,buffer_excluded,968.9265724627073
south_north,1000,0,060190023002,train,1109.5176669755517
south_north,1000,0,060190023003,buffer_excluded,486.5336697580914
south_north,1000,0,060190024001,train,1596.108112169057
south_north,1000,0,060190024002,buffer_excluded,783.2195577086956
south_north,1000,0,060190024003,buffer_excluded,865.9850566023699
south_north,1000,0,060190024004,train,1638.1004478482403
south_north,1000,0,060190025011,train,1613.8404781102072
south_north,1000,0,060190025012,train,1629.7533656303722
south_north,1000,0,060190025013,train,2018.521004225402
south_north,1000,0,060190025014,train,1614.2604888475423
south_north,1000,0,060190025021,buffer_excluded,807.8219487785105
south_north,1000,0,060190025022,buffer_excluded,836.1231627898503
south_north,1000,0,060190025023,buffer_excluded,809.4720132823937
south_north,1000,0,060190026011,buffer_excluded,0.0
south_north,1000,0,060190026012,buffer_excluded,0.0
south_north,1000,0,060190026013,buffer_excluded,0.0
south_north,1000,0,060190026021,buffer_excluded,0.0
south_north,1000,0,060190026022,test,0.0
south_north,1000,0,060190026023,test,0.0
south_north,1000,0,060190027011,buffer_excluded,0.0
south_north,1000,0,060190027012,buffer_excluded,0.0
south_north,1000,0,060190027013,buffer_excluded,0.0
south_north,1000,0,060190027021,test,0.0
south_north,1000,0,060190027022,buffer_excluded,0.0
south_north,1000,0,060190027023,test,0.0
south_north,1000,0,060190027024,test,0.0
south_north,1000,0,060190028001,buffer_excluded,903.585648404866
south_north,1000,0,060190028002,buffer_excluded,806.2521232572136
south_north,1000,0,060190028003,buffer_excluded,806.2487952773942
south_north,1000,0,060190028004,buffer_excluded,812.2618463618463
south_north,1000,0,060190029031,buffer_excluded,0.0
south_north,1000,0,060190029032,buffer_excluded,0.0
south_north,1000,0,060190029033,test,0.0
south_north,1000,0,060190029041,buffer_excluded,338.3391877808482
south_north,1000,0,060190029042,buffer_excluded,0.0
south_north,1000,0,060190029051,buffer_excluded,811.7686663332532
south_north,1000,0,060190029061,train,1594.2988064017193
south_north,1000,0,060190029062,train,1789.3414884994363
south_north,1000,0,060190030011,buffer_excluded,805.291172277209
south_north,1000,0,060190030012,buffer_excluded,806.8045304896486
south_north,1000,0,060190030031,test,0.0
south_north,1000,0,060190030032,test,0.0
south_north,1000,0,060190030041,buffer_excluded,0.0
south_north,1000,0,060190030042,buffer_excluded,0.0
south_north,1000,0,060190031021,train,7001.463855285754
south_north,1000,0,060190031022,train,6318.8165949332
south_north,1000,0,060190031023,train,6509.4875366939805
south_north,1000,0,060190031024,train,6454.953482011609
south_north,1000,0,060190031025,train,6453.692427212151
south_north,1000,0,060190031031,train,5676.799635029564
south_north,1000,0,060190031032,train,5658.147771704563
south_north,1000,0,060190031033,train,5728.165015150305
south_north,1000,0,060190031034,train,6051.5324888378445
south_north,1000,0,060190031035,train,5647.016832836731
south_north,1000,0,060190031041,train,5557.133731034849
south_north,1000,0,060190031042,train,2439.6709575989817
south_north,1000,0,060190032011,train,3232.460721057228
south_north,1000,0,060190032012,train,3256.270954391853
south_north,1000,0,060190032021,train,2439.529053835883
south_north,1000,0,060190032022,train,2431.360336580923
south_north,1000,0,060190032023,train,2574.16643571281
south_north,1000,0,060190032024,train,2478.4095810495455
south_north,1000,0,060190033011,train,3235.393482795014
south_north,1000,0,060190033012,train,3236.096873187844
south_north,1000,0,060190033021,train,2427.642223851962
south_north,1000,0,060190033022,train,2429.024861636857
south_north,1000,0,060190033023,train,2829.993098044906
south_north,1000,0,060190033024,train,2782.898041664258
south_north,1000,0,060190034011,train,2811.9875453893505
south_north,1000,0,060190034012,train,2410.1211331179247
south_north,1000,0,060190034013,train,2410.108388504279
south_north,1000,0,060190034021,train,3216.092598509027
south_north,1000,0,060190034022,train,3144.4012645735315
south_north,1000,0,060190035001,train,2226.44686151239
south_north,1000,0,060190035002,train,2934.882926871301
south_north,1000,0,060190035003,train,1666.2790258093278
south_north,1000,0,060190035004,train,2454.146290464206
south_north,1000,0,060190035005,train,2636.9129091965624
south_north,1000,0,060190036001,train,2320.690742280332
south_north,1000,0,060190036002,train,1606.171550138788
south_north,1000,0,060190036003,train,1813.5744519271243
south_north,1000,0,060190036004,train,2208.7510147306903
south_north,1000,0,060190036005,train,2819.6553290826505
south_north,1000,0,060190037011,train,1638.6066332945709
south_north,1000,0,060190037012,train,1795.502535720257
south_north,1000,0,060190037021,train,2841.517126301515
south_north,1000,0,060190037022,train,2657.260512892793
south_north,1000,0,060190037023,train,2436.8837620805557
south_north,1000,0,060190037024,train,2738.9391297349653
south_north,1000,0,060190038041,train,3973.1163662135477
south_north,1000,0,060190038042,train,3709.080191902541
south_north,1000,0,060190038043,train,3251.3257609926704
south_north,1000,0,060190038051,train,2838.5392395227227
south_north,1000,0,060190038052,train,2944.437883255026
south_north,1000,0,060190038053,train,3727.257348954522
south_north,1000,0,060190038071,train,2031.435399768724
south_north,1000,0,060190038072,buffer_excluded,0.0
south_north,1000,0,060190038081,train,1594.215691097117
south_north,1000,0,060190038082,train,3142.387268427174
south_north,1000,0,060190038083,train,2579.6167981860067
south_north,1000,0,060190038091,train,4530.105979122215
south_north,1000,0,060190038092,train,5432.644572317722
south_north,1000,0,060190038101,train,6152.3779893405635
south_north,1000,0,060190038102,train,5974.5788623455755
south_north,1000,0,060190038103,train,5479.475179059218
south_north,1000,0,060190038111,train,2003.327470989344
south_north,1000,0,060190038112,train,4846.264370210533
south_north,1000,0,060190038113,train,3785.6256253735833
south_north,1000,0,060190042051,train,6039.141474500694
south_north,1000,0,060190042052,train,5901.873804190038
south_north,1000,0,060190042053,train,5257.703036578011
south_north,1000,0,060190042054,train,2832.25210897963
south_north,1000,0,060190042101,train,9592.670844724858
south_north,1000,0,060190042102,train,8634.899497283282
south_north,1000,0,060190042111,train,9683.177036527595
south_north,1000,0,060190042112,train,8987.365150878468
south_north,1000,0,060190042113,train,8643.420371729759
south_north,1000,0,060190042121,train,7066.317553402492
south_north,1000,0,060190042122,train,7317.953231658378
south_north,1000,0,060190042123,train,8452.6582152142
south_north,1000,0,060190042124,train,6923.522716830472
south_north,1000,0,060190042125,train,6869.240716123816
south_north,1000,0,060190042126,train,7467.254754563795
south_north,1000,0,060190042131,train,7813.0077869353345
south_north,1000,0,060190042132,train,7107.392651820137
south_north,1000,0,060190042141,train,9279.071792404526
south_north,1000,0,060190042142,train,9255.489999452382
south_north,1000,0,060190042143,train,8473.209018108279
south_north,1000,0,060190042144,train,8521.738632904639
south_north,1000,0,060190042171,train,6450.81562533498
south_north,1000,0,060190042172,train,7265.659897950525
south_north,1000,0,060190043012,train,10102.463855340406
south_north,1000,0,060190043013,train,9719.880307152562
south_north,1000,0,060190043021,train,9056.151989572269
south_north,1000,0,060190043022,train,8122.778498427716
south_north,1000,0,060190043023,train,8859.512919174767
south_north,1000,0,060190043024,train,8270.4454629548
south_north,1000,0,060190043025,train,8056.43699162618
south_north,1000,0,060190043031,train,7327.316956878236
south_north,1000,0,060190043032,train,6598.935077068756
south_north,1000,0,060190043033,train,6451.284072631845
south_north,1000,0,060190044042,train,9688.932700348443
south_north,1000,0,060190044062,train,9976.263692876193
south_north,1000,0,060190044063,train,10705.547081026469
south_north,1000,0,060190044092,train,9684.787097525308
south_north,1000,0,060190044093,train,9628.038745588117
south_north,1000,0,060190045031,train,8853.110144839053
south_north,1000,0,060190045032,train,8050.964931507975
south_north,1000,0,060190045041,train,8221.477965811533
south_north,1000,0,060190045042,train,8099.358097459383
south_north,1000,0,060190045043,train,8627.6866076685
south_north,1000,0,060190045044,train,8954.02944783733
south_north,1000,0,060190045051,train,6503.561117562787
south_north,1000,0,060190045052,train,6788.004560270322
south_north,1000,0,060190045053,train,6655.959684652925
south_north,1000,0,060190045061,train,6442.500646322501
south_north,1000,0,060190045062,train,6448.657178676154
south_north,1000,0,060190046011,train,4739.332611977719
south_north,1000,0,060190046012,train,5648.061520260616
south_north,1000,0,060190046021,train,5440.723588436451
south_north,1000,0,060190046022,train,4834.971777561658
south_north,1000,0,060190046023,train,5638.343339024825
south_north,1000,0,060190047031,train,4450.293003721969
south_north,1000,0,060190047032,train,4298.848471086869
south_north,1000,0,060190047033,train,4175.294679245607
south_north,1000,0,060190047041,train,3408.9586638925593
south_north,1000,0,060190047042,train,3646.4145752315876
south_north,1000,0,060190047043,train,3832.7477582295282
south_north,1000,0,060190047051,train,5455.067017316058
south_north,1000,0,060190047052,train,5188.748942799947
south_north,1000,0,060190047061,train,5003.730329408845
south_north,1000,0,060190047062,train,4952.326155429829
south_north,1000,0,060190047063,train,5944.994226615711
south_north,1000,0,060190048011,train,3225.2173186380523
south_north,1000,0,060190048012,train,3627.981078538316
south_north,1000,0,060190048013,train,4007.0454341122177
south_north,1000,0,060190048021,train,4043.0800544714275
south_north,1000,0,060190048022,train,3240.7097791605706
south_north,1000,0,060190048023,train,3641.8192351303296
south_north,1000,0,060190049011,train,3279.546658844644
south_north,1000,0,060190049012,train,3823.044370497738
south_north,1000,0,060190049021,train,4058.285122050758
south_north,1000,0,060190049022,train,3275.1824624445835
south_north,1000,0,060190050001,train,5882.96969818382
south_north,1000,0,060190050002,train,5113.467468755847
south_north,1000,0,060190050003,train,4913.691489323342
south_north,1000,0,060190051001,train,4035.1727141177475
south_north,1000,0,060190051002,train,3867.4930263607343
south_north,1000,0,060190051003,train,3619.493756787827
south_north,1000,0,060190051004,train,4539.914973015116
south_north,1000,0,060190051005,train,4575.790314706343
south_north,1000,0,060190052021,train,4041.278103273823
south_north,1000,0,060190052022,train,4041.278103273823
south_north,1000,0,060190052031,train,4046.108030911811
south_north,1000,0,060190052032,train,4047.542141093628
south_north,1000,0,060190052041,train,4853.193942967988
south_north,1000,0,060190052042,train,4845.4478858353
south_north,1000,0,060190052043,train,4855.09670508989
south_north,1000,0,060190053011,train,5661.749228355584
south_north,1000,0,060190053012,train,5655.189119781439
south_north,1000,0,060190053013,train,5420.421097882691
south_north,1000,0,060190053021,train,6464.026300369462
south_north,1000,0,060190053022,train,6152.4805301711685
south_north,1000,0,060190053041,train,6461.735191016729
south_north,1000,0,060190053042,train,6928.2087698469895
south_north,1000,0,060190053043,train,6463.386003611289
south_north,1000,0,060190053051,train,5664.659381335273
south_north,1000,0,060190053052,train,5690.717130211782
south_north,1000,0,060190054031,train,7222.713499182689
south_north,1000,0,060190054032,train,7590.959284877025
south_north,1000,0,060190054033,train,7674.726265618642
south_north,1000,0,060190054051,train,8421.761259551997
south_north,1000,0,060190054052,train,8694.820135434093
south_north,1000,0,060190054053,train,8880.872333915295
south_north,1000,0,060190054061,train,9192.368709183644
south_north,1000,0,060190054062,train,9440.199183682516
south_north,1000,0,060190054063,train,9676.780296920295
south_north,1000,0,060190054071,train,9679.559677035742
south_north,1000,0,060190054072,train,9682.975001337747
south_north,1000,0,060190054081,train,7265.091817969189
south_north,1000,0,060190054091,train,7948.943603766811
south_north,1000,0,060190054092,train,8074.776953912684
south_north,1000,0,060190054101,train,6898.828684256073
south_north,1000,0,060190054102,train,7275.827038920609
south_north,1000,0,060190055092,train,10885.967296533574
south_north,1000,0,060190055093,train,10485.166322712956
south_north,1000,0,060190055143,train,10483.450507446425
south_north,1000,0,060190055261,train,10467.797479279394
south_north,1000,0,060190055272,train,10380.988325173916
south_north,1000,0,060190056023,train,7260.926194675624
south_north,1000,0,060190056024,train,8876.538946910936
south_north,1000,0,060190056051,train,8918.450045104391
south_north,1000,0,060190056061,train,9683.937540159748
south_north,1000,0,060190056062,train,8875.35741509321
south_north,1000,0,060190056071,train,8155.981385806506
south_north,1000,0,060190056072,train,8066.704181670191
south_north,1000,0,060190056073,train,8075.569896240398
south_north,1000,0,060190056074,train,8394.277766131272
south_north,1000,0,060190056081,train,7261.120828506764
south_north,1000,0,060190056082,train,7262.481629542736
south_north,1000,0,060190086002,test,0.0
south_north,1000,0,060190086004,test,0.0
south_north,1000,1,060190001001,buffer_excluded,0.0
south_north,1000,1,060190002001,buffer_excluded,0.0
south_north,1000,1,060190002002,buffer_excluded,715.1414943465684
south_north,1000,1,060190003001,train,1351.7387909753893
south_north,1000,1,060190003002,buffer_excluded,0.0
south_north,1000,1,060190003003,train,1060.767638312879
south_north,1000,1,060190004001,buffer_excluded,389.4972206658239
south_north,1000,1,060190004002,train,1071.5371175092014
south_north,1000,1,060190004003,buffer_excluded,0.0
south_north,1000,1,060190004004,buffer_excluded,0.0
south_north,1000,1,060190005011,test,0.0
south_north,1000,1,060190005012,buffer_excluded,0.0
south_north,1000,1,060190005021,test,0.0
south_north,1000,1,060190005022,test,0.0
south_north,1000,1,060190006011,test,0.0
south_north,1000,1,060190006012,test,0.0
south_north,1000,1,060190006013,test,0.0
south_north,1000,1,060190006014,test,0.0
south_north,1000,1,060190006021,test,0.0
south_north,1000,1,060190007011,train,1695.4623611891523
south_north,1000,1,060190007021,buffer_excluded,0.0
south_north,1000,1,060190009011,train,2321.9944883813437
south_north,1000,1,060190009012,train,1612.8395338578594
south_north,1000,1,060190009021,buffer_excluded,833.8856372329635
south_north,1000,1,060190009022,train,1031.1631428520495
south_north,1000,1,060190009023,train,1425.5589004070303
south_north,1000,1,060190010001,train,2416.818576623864
south_north,1000,1,060190010002,train,2632.697788715132
south_north,1000,1,060190011001,train,1592.899009438531
south_north,1000,1,060190011002,buffer_excluded,782.6035034719698
south_north,1000,1,060190012011,buffer_excluded,931.1121615175804
south_north,1000,1,060190012012,train,2751.7330317861056
south_north,1000,1,060190012013,train,2558.4022309164698
south_north,1000,1,060190012014,train,3110.5839494885477
south_north,1000,1,060190012021,train,1615.6457762495652
south_north,1000,1,060190012022,train,2415.995008859016
south_north,1000,1,060190013011,buffer_excluded,391.24301311138436
south_north,1000,1,060190013012,buffer_excluded,478.739596555262
south_north,1000,1,060190013013,buffer_excluded,400.6124720554776
south_north,1000,1,060190013014,buffer_excluded,0.0
south_north,1000,1,060190013015,buffer_excluded,647.3611742431065
south_north,1000,1,060190013031,train,1195.465879744916
south_north,1000,1,060190013032,train,1208.284941321618
south_north,1000,1,060190013041,train,1152.6581310120705
south_north,1000,1,060190013042,buffer_excluded,806.3725104003743
south_north,1000,1,060190013043,train,1314.220361884564
south_north,1000,1,060190014071,buffer_excluded,400.1249484521416
south_north,1000,1,060190014072,buffer_excluded,398.13106531387064
south_north,1000,1,060190014073,buffer_excluded,0.0
south_north,1000,1,060190014074,buffer_excluded,0.0
south_north,1000,1,060190014081,buffer_excluded,803.0169446763463
south_north,1000,1,060190014082,buffer_excluded,801.9270412064717
south_north,1000,1,060190014151,train,2368.1519154587736
south_north,1000,1,060190014152,train,1510.930940324184
south_north,1000,1,060190014153,train,1561.5890653002282
south_north,1000,1,060190014161,train,1510.0390840562277
south_north,1000,1,060190015001,train,2608.9398073754533
south_north,1000,1,060190017003,train,10551.91195817195
south_north,1000,1,060190018001,train,3204.8125479433315
south_north,1000,1,060190018002,train,7241.4296275788965
south_north,1000,1,060190018003,train,7488.309083233214
south_north,1000,1,060190018004,train,7248.380560104838
south_north,1000,1,060190020001,buffer_excluded,0.0
south_north,1000,1,060190020002,test,0.0
south_north,1000,1,060190020003,test,0.0
south_north,1000,1,060190020004,test,0.0
south_north,1000,1,060190020005,test,0.0
south_north,1000,1,060190021001,test,0.0
south_north,1000,1,060190021002,test,0.0
south_north,1000,1,060190021003,test,0.0
south_north,1000,1,060190021004,test,0.0
south_north,1000,1,060190021005,test,0.0
south_north,1000,1,060190022001,test,0.0
south_north,1000,1,060190022002,test,0.0
south_north,1000,1,060190022003,test,0.0
south_north,1000,1,060190022004,test,0.0
south_north,1000,1,060190023001,test,0.0
south_north,1000,1,060190023002,test,0.0
south_north,1000,1,060190023003,test,0.0
south_north,1000,1,060190024001,test,0.0
south_north,1000,1,060190024002,test,0.0
south_north,1000,1,060190024003,test,0.0
south_north,1000,1,060190024004,test,0.0
south_north,1000,1,060190025011,test,0.0
south_north,1000,1,060190025012,test,0.0
south_north,1000,1,060190025013,test,0.0
south_north,1000,1,060190025014,test,0.0
south_north,1000,1,060190025021,test,0.0
south_north,1000,1,060190025022,test,0.0
south_north,1000,1,060190025023,test,0.0
south_north,1000,1,060190026011,test,0.0
south_north,1000,1,060190026012,test,0.0
south_north,1000,1,060190026013,test,0.0
south_north,1000,1,060190026021,test,0.0
south_north,1000,1,060190026022,buffer_excluded,0.0
south_north,1000,1,060190026023,buffer_excluded,0.0
south_north,1000,1,060190027011,test,0.0
south_north,1000,1,060190027012,test,0.0
south_north,1000,1,060190027013,test,0.0
south_north,1000,1,060190027021,buffer_excluded,0.0
south_north,1000,1,060190027022,test,0.0
south_north,1000,1,060190027023,buffer_excluded,0.0
south_north,1000,1,060190027024,buffer_excluded,0.0
south_north,1000,1,060190028001,test,0.0
south_north,1000,1,060190028002,test,0.0
south_north,1000,1,060190028003,test,0.0
south_north,1000,1,060190028004,test,0.0
south_north,1000,1,060190029031,test,0.0
south_north,1000,1,060190029032,test,0.0
south_north,1000,1,060190029033,buffer_excluded,0.0
south_north,1000,1,060190029041,test,0.0
south_north,1000,1,060190029042,test,0.0
south_north,1000,1,060190029051,test,0.0
south_north,1000,1,060190029061,test,0.0
south_north,1000,1,060190029062,test,0.0
south_north,1000,1,060190030011,test,0.0
south_north,1000,1,060190030012,test,0.0
south_north,1000,1,060190030031,buffer_excluded,0.0
south_north,1000,1,060190030032,buffer_excluded,0.0
south_north,1000,1,060190030041,test,0.0
south_north,1000,1,060190030042,test,0.0
south_north,1000,1,060190031021,train,4555.651119172349
south_north,1000,1,060190031022,train,3855.0875883087506
south_north,1000,1,060190031023,train,4006.507299170478
south_north,1000,1,060190031024,train,4004.5175636402228
south_north,1000,1,060190031025,train,4004.5175636402228
south_north,1000,1,060190031031,train,3211.149093719204
south_north,1000,1,060190031032,train,3207.7218595149957
south_north,1000,1,060190031033,train,3216.356083664112
south_north,1000,1,060190031034,train,3603.1745340414545
south_north,1000,1,060190031035,train,3201.9356501710104
south_north,1000,1,060190031041,train,3093.242412567247
south_north,1000,1,060190031042,buffer_excluded,0.0
south_north,1000,1,060190032011,buffer_excluded,404.5098084599566
south_north,1000,1,060190032012,buffer_excluded,785.3266281146114
south_north,1000,1,060190032021,buffer_excluded,0.0
south_north,1000,1,060190032022,buffer_excluded,0.0
south_north,1000,1,060190032023,buffer_excluded,0.0
south_north,1000,1,060190032024,buffer_excluded,0.0
south_north,1000,1,060190033011,buffer_excluded,358.59989418759034
south_north,1000,1,060190033012,buffer_excluded,344.4362697245459
south_north,1000,1,060190033021,test,0.0
south_north,1000,1,060190033022,test,0.0
south_north,1000,1,060190033023,buffer_excluded,0.0
south_north,1000,1,060190033024,buffer_excluded,0.0
south_north,1000,1,060190034011,buffer_excluded,0.0
south_north,1000,1,060190034012,buffer_excluded,0.0
south_north,1000,1,060190034013,buffer_excluded,0.0
south_north,1000,1,060190034021,buffer_excluded,405.4505178531129
south_north,1000,1,060190034022,buffer_excluded,570.1027170142452
south_north,1000,1,060190035001,buffer_excluded,0.0
south_north,1000,1,060190035002,buffer_excluded,640.9247977625415
south_north,1000,1,060190035003,buffer_excluded,0.0
south_north,1000,1,060190035004,buffer_excluded,100.83659477013785
south_north,1000,1,060190035005,buffer_excluded,598.2998936036945
south_north,1000,1,060190036001,buffer_excluded,0.0
south_north,1000,1,060190036002,test,0.0
south_north,1000,1,060190036003,buffer_excluded,0.0
south_north,1000,1,060190036004,buffer_excluded,0.0
south_north,1000,1,060190036005,buffer_excluded,503.56245191685065
south_north,1000,1,060190037011,buffer_excluded,0.0
south_north,1000,1,060190037012,buffer_excluded,0.0
south_north,1000,1,060190037021,train,1008.9070996791364
south_north,1000,1,060190037022,buffer_excluded,805.156514490791
south_north,1000,1,060190037023,buffer_excluded,603.0614593026643
south_north,1000,1,060190037024,buffer_excluded,893.2494088229276
south_north,1000,1,060190038041,train,1611.392971930107
south_north,1000,1,060190038042,buffer_excluded,805.2541993149719
south_north,1000,1,060190038043,buffer_excluded,802.2989853958505
south_north,1000,1,060190038051,buffer_excluded,804.5700153771461
south_north,1000,1,060190038052,buffer_excluded,801.2099280574548
south_north,1000,1,060190038053,train,1611.2163295412222
south_north,1000,1,060190038071,buffer_excluded,0.0
south_north,1000,1,060190038072,test,0.0
south_north,1000,1,060190038081,test,0.0
south_north,1000,1,060190038082,buffer_excluded,0.0
south_north,1000,1,060190038083,buffer_excluded,0.0
south_north,1000,1,060190038091,train,2412.6505705103446
south_north,1000,1,060190038092,train,3204.7334037919454
south_north,1000,1,060190038101,train,3221.596069673442
south_north,1000,1,060190038102,train,2417.984176182822
south_north,1000,1,060190038103,train,2418.102763073268
south_north,1000,1,060190038111,test,0.0
south_north,1000,1,060190038112,train,1610.114602808357
south_north,1000,1,060190038113,buffer_excluded,0.0
south_north,1000,1,060190042051,train,4007.508563434298
south_north,1000,1,060190042052,train,3870.2407698950537
south_north,1000,1,060190042053,train,3224.6846643609306
south_north,1000,1,060190042054,buffer_excluded,803.6033811592603
south_north,1000,1,060190042101,train,7259.738157193155
south_north,1000,1,060190042102,train,6451.198968279806
south_north,1000,1,060190042111,train,7221.741773858281
south_north,1000,1,060190042112,train,6341.527143808997
south_north,1000,1,060190042113,train,6366.862182043139
south_north,1000,1,060190042121,train,4851.864729498529
south_north,1000,1,060190042122,train,5245.272042539619
south_north,1000,1,060190042123,train,5618.318889917389
south_north,1000,1,060190042124,train,4848.037190427661
south_north,1000,1,060190042125,train,4840.335420615468
south_north,1000,1,060190042126,train,4855.692187662875
south_north,1000,1,060190042131,train,5742.025877886901
south_north,1000,1,060190042132,train,5075.762984752942
south_north,1000,1,060190042141,train,7192.864279756797
south_north,1000,1,060190042142,train,7255.143185573404
south_north,1000,1,060190042143,train,6441.586504629489
south_north,1000,1,060190042144,train,6453.64719535053
south_north,1000,1,060190042171,train,4034.5204493830493
south_north,1000,1,060190042172,train,4033.6656932624314
south_north,1000,1,060190043012,train,8068.688059345233
south_north,1000,1,060190043013,train,7501.849364849553
south_north,1000,1,060190043021,train,6951.252323523321
south_north,1000,1,060190043022,train,5938.49305555552
south_north,1000,1,060190043023,train,6577.681467103691
south_north,1000,1,060190043024,train,6200.525056710198
south_north,1000,1,060190043025,train,5780.437448328848
south_north,1000,1,060190043031,train,5168.238818523303
south_north,1000,1,060190043032,train,4543.167465682403
south_north,1000,1,060190043033,train,4194.494814399224
south_north,1000,1,060190044042,train,7340.218584048106
south_north,1000,1,060190044062,train,7584.819735119211
south_north,1000,1,060190044063,train,8353.654355942474
south_north,1000,1,060190044092,train,7432.695020974959
south_north,1000,1,060190044093,train,7319.045691572423
south_north,1000,1,060190045031,train,6535.2444064885985
south_north,1000,1,060190045032,train,5732.080681182417
south_north,1000,1,060190045041,train,5868.639569818254
south_north,1000,1,060190045042,train,5751.480621345496
south_north,1000,1,060190045043,train,6280.917929776707
south_north,1000,1,060190045044,train,6600.194818858088
south_north,1000,1,060190045051,train,4151.98922356191
south_north,1000,1,060190045052,train,4472.00706569092
south_north,1000,1,060190045053,train,4312.688952662246
south_north,1000,1,060190045061,train,4127.582357036685
south_north,1000,1,060190045062,train,4124.554123624581
south_north,1000,1,060190046011,train,2532.6148475510468
south_north,1000,1,060190046012,train,3408.7086637393245
south_north,1000,1,060190046021,train,3119.5141198567944
south_north,1000,1,060190046022,train,2516.411713193217
south_north,1000,1,060190046023,train,3320.8693240178627
south_north,1000,1,060190047031,train,2418.660267340202
south_north,1000,1,060190047032,train,2425.660843840706
south_north,1000,1,060190047033,train,2327.45913078599
south_north,1000,1,060190047041,train,1615.128918673568
south_north,1000,1,060190047042,train,1617.5413508186607
south_north,1000,1,060190047043,train,1801.579252415116
south_north,1000,1,060190047051,train,3517.3900025088474
south_north,1000,1,060190047052,train,3226.141643614625
south_north,1000,1,060190047061,train,3007.49294041293
south_north,1000,1,060190047062,train,2962.9013233062165
south_north,1000,1,060190047063,train,4037.35492771393
south_north,1000,1,060190048011,buffer_excluded,905.9549080383708
south_north,1000,1,060190048012,train,1310.9687560299747
south_north,1000,1,060190048013,train,1686.3163985581791
south_north,1000,1,060190048021,train,1882.356830911438
south_north,1000,1,060190048022,train,1204.5387116158622
south_north,1000,1,060190048023,train,1527.899672546703
south_north,1000,1,060190049011,buffer_excluded,925.0222412614214
south_north,1000,1,060190049012,train,1474.8808760033896
south_north,1000,1,060190049021,train,1737.5549727971852
south_north,1000,1,060190049022,buffer_excluded,920.5696078317097
south_north,1000,1,060190050001,train,3552.3763978897105
south_north,1000,1,060190050002,train,2809.3102833273565
south_north,1000,1,060190050003,train,2559.067113499828
south_north,1000,1,060190051001,train,1219.0830776703615
south_north,1000,1,060190051002,train,1342.7144838470176
south_north,1000,1,060190051003,train,1522.6601726809295
south_north,1000,1,060190051004,train,2275.728093286095
south_north,1000,1,060190051005,train,2045.789834339759
south_north,1000,1,060190052021,train,1457.0378620211343
south_north,1000,1,060190052022,train,1188.5909631251648
south_north,1000,1,060190052031,train,1167.1276050496258
south_north,1000,1,060190052032,train,1153.4208593780882
south_north,1000,1,060190052041,train,1963.276464100614
south_north,1000,1,060190052042,train,1974.9486899762005
south_north,1000,1,060190052043,train,1960.4034444893184
south_north,1000,1,060190053011,train,2768.3665500985403
south_north,1000,1,060190053012,train,2784.794676498306
south_north,1000,1,060190053013,train,2805.1888924762156
south_north,1000,1,060190053021,train,3570.4811199121364
south_north,1000,1,060190053022,train,3585.7381597639537
south_north,1000,1,060190053041,train,3582.4614741874725
south_north,1000,1,060190053042,train,4230.559429177182
south_north,1000,1,060190053043,train,3722.0439038012996
south_north,1000,1,060190053051,train,2784.7650429557093
south_north,1000,1,060190053052,train,2972.545773604456
south_north,1000,1,060190054031,train,4377.00769185473
south_north,1000,1,060190054032,train,4792.794781549661
south_north,1000,1,060190054033,train,4780.877241291411
south_north,1000,1,060190054051,train,6010.734475545648
south_north,1000,1,060190054052,train,6002.708063061823
south_north,1000,1,060190054053,train,5989.097075767223
south_north,1000,1,060190054061,train,6805.8052572733
south_north,1000,1,060190054062,train,6800.519457804637
south_north,1000,1,060190054063,train,6785.728002544533
south_north,1000,1,060190054071,train,6794.054900754156
south_north,1000,1,060190054072,train,6880.106971314306
south_north,1000,1,060190054081,train,4386.352851854518
south_north,1000,1,060190054091,train,5194.084842306557
south_north,1000,1,060190054092,train,5181.46158655567
south_north,1000,1,060190054101,train,4403.949762555035
south_north,1000,1,060190054102,train,4846.458019333426
south_north,1000,1,060190055092,train,8042.593678008704
south_north,1000,1,060190055093,train,7643.885623883353
south_north,1000,1,060190055143,train,7974.695848170834
south_north,1000,1,060190055261,train,7578.7221013103945
south_north,1000,1,060190055272,train,7570.215475422427
south_north,1000,1,060190056023,train,4796.619326240763
south_north,1000,1,060190056024,train,6432.519575135505
south_north,1000,1,060190056051,train,6265.0501566375715
south_north,1000,1,060190056061,train,7200.994376092509
south_north,1000,1,060190056062,train,6427.100471582836
south_north,1000,1,060190056071,train,5705.624079676198
south_north,1000,1,060190056072,train,5620.7337635324875
south_north,1000,1,060190056073,train,5619.371264087582
south_north,1000,1,060190056074,train,5950.3941461780705
south_north,1000,1,060190056081,train,4812.113809517807
south_north,1000,1,060190056082,train,4811.944891408134
south_north,1000,1,060190086002,train,2003.327470989344
south_north,1000,1,060190086004,train,2598.1297275709503
south_north,1000,2,060190001001,train,2415.9179452989533
south_north,1000,2,060190002001,train,2374.333717913481
south_north,1000,2,060190002002,train,2897.46460451233
south_north,1000,2,060190003001,train,4035.6289402625707
south_north,1000,2,060190003002,train,3405.2299103554105
south_north,1000,2,060190003003,train,4027.3039720925667
south_north,1000,2,060190004001,train,3251.971658395232
south_north,1000,2,060190004002,train,4049.2132048714707
south_north,1000,2,060190004003,train,3370.334710605079
south_north,1000,2,060190004004,train,3238.856975387772
south_north,1000,2,060190005011,train,1619.5770892156097
south_north,1000,2,060190005012,train,2410.108388504279
south_north,1000,2,060190005021,train,1624.5109812901383
south_north,1000,2,060190005022,train,1624.5109812901383
south_north,1000,2,060190006011,train,2128.107283498635
south_north,1000,2,060190006012,train,1618.110447312069
south_north,1000,2,060190006013,train,1621.2695000158112
south_north,1000,2,060190006014,train,2022.5397789612778
south_north,1000,2,060190006021,train,1625.3875260362306
south_north,1000,2,060190007011,train,4018.277551468841
south_north,1000,2,060190007021,train,1638.6066332945709
south_north,1000,2,060190009011,train,5642.330502532754
south_north,1000,2,060190009012,train,5650.403121221135
south_north,1000,2,060190009021,train,4718.562213111304
south_north,1000,2,060190009022,train,4768.626989206603
south_north,1000,2,060190009023,train,4828.633581134751
south_north,1000,2,060190010001,train,6462.3581223936535
south_north,1000,2,060190010002,train,6448.328200546115
south_north,1000,2,060190011001,train,5645.590586761136
south_north,1000,2,060190011002,train,4784.634588283349
south_north,1000,2,060190012011,train,4814.955460983345
south_north,1000,2,060190012012,train,5662.407694520705
south_north,1000,2,060190012013,train,5660.288024002388
south_north,1000,2,060190012014,train,6464.52883295321
south_north,1000,2,060190012021,train,4858.736753207255
south_north,1000,2,060190012022,train,5663.339177877702
south_north,1000,2,060190013011,train,3266.2187171917058
south_north,1000,2,060190013012,train,3251.025204462539
south_north,1000,2,060190013013,train,3243.7721516109937
south_north,1000,2,060190013014,train,3249.7481577776616
south_north,1000,2,060190013015,train,3247.3899636166925
south_north,1000,2,060190013031,train,4077.541232080094
south_north,1000,2,060190013032,train,4057.470054152011
south_north,1000,2,060190013041,train,4050.913294414493
south_north,1000,2,060190013042,train,4053.2934109556377
south_north,1000,2,060190013043,train,4053.336783125247
south_north,1000,2,060190014071,train,3649.908036814687
south_north,1000,2,060190014072,train,3652.80562431097
south_north,1000,2,060190014073,train,3256.612445687696
south_north,1000,2,060190014074,train,3248.5700208238436
south_north,1000,2,060190014081,train,4055.365101911148
south_north,1000,2,060190014082,train,4058.5967676925056
south_north,1000,2,060190014151,train,5625.954492896175
south_north,1000,2,060190014152,train,4767.578955875541
south_north,1000,2,060190014153,train,4819.381648625853
south_north,1000,2,060190014161,train,4763.677470884464
south_north,1000,2,060190015001,train,6457.748243334116
south_north,1000,2,060190017003,train,14524.64856405023
south_north,1000,2,060190018001,train,7264.332217893953
south_north,1000,2,060190018002,train,11298.270340160523
south_north,1000,2,060190018003,train,11282.416210773918
south_north,1000,2,060190018004,train,11302.893454901854
south_north,1000,2,060190020001,test,0.0
south_north,1000,2,060190020002,buffer_excluded,0.0
south_north,1000,2,060190020003,train,1603.579987196263
south_north,1000,2,060190020004,buffer_excluded,802.309427397417
south_north,1000,2,060190020005,buffer_excluded,802.8571287175286
south_north,1000,2,060190021001,buffer_excluded,201.02474133980655
south_north,1000,2,060190021002,buffer_excluded,635.0847235740973
south_north,1000,2,060190021003,buffer_excluded,804.1533880087068
south_north,1000,2,060190021004,buffer_excluded,0.0
south_north,1000,2,060190021005,buffer_excluded,0.0
south_north,1000,2,060190022001,buffer_excluded,0.0
south_north,1000,2,060190022002,buffer_excluded,810.5339619823266
south_north,1000,2,060190022003,buffer_excluded,163.49399774901363
south_north,1000,2,060190022004,buffer_excluded,0.0
south_north,1000,2,060190023001,buffer_excluded,0.0
south_north,1000,2,060190023002,buffer_excluded,0.0
south_north,1000,2,060190023003,train,1071.4047998783901
south_north,1000,2,060190024001,buffer_excluded,0.0
south_north,1000,2,060190024002,buffer_excluded,812.2546351117929
south_north,1000,2,060190024003,buffer_excluded,812.7015809837055
south_north,1000,2,060190024004,buffer_excluded,0.0
south_north,1000,2,060190025011,buffer_excluded,0.0
south_north,1000,2,060190025012,buffer_excluded,395.6329998282045
south_north,1000,2,060190025013,buffer_excluded,0.0
south_north,1000,2,060190025014,buffer_excluded,417.7516112377351
south_north,1000,2,060190025021,buffer_excluded,813.8124847809769
south_north,1000,2,060190025022,buffer_excluded,906.8166768780886
south_north,1000,2,060190025023,buffer_excluded,821.751068502155
south_north,1000,2,060190026011,train,1619.8261237142212
south_north,1000,2,060190026012,train,1675.0273381970976
south_north,1000,2,060190026013,train,1625.5404553769379
south_north,1000,2,060190026021,train,2427.764081382397
south_north,1000,2,060190026022,train,2440.037870997384
south_north,1000,2,060190026023,train,2847.6683180253567
south_north,1000,2,060190027011,train,1625.9521877978827
south_north,1000,2,060190027012,train,1628.0537605361587
south_north,1000,2,060190027013,train,1624.7408676687337
south_north,1000,2,060190027021,train,2431.360336580923
south_north,1000,2,060190027022,train,2436.71814277425
south_north,1000,2,060190027023,train,2842.6280224415423
south_north,1000,2,060190027024,train,2845.770799382689
south_north,1000,2,060190028001,buffer_excluded,0.0
south_north,1000,2,060190028002,buffer_excluded,0.0
south_north,1000,2,060190028003,buffer_excluded,0.0
south_north,1000,2,060190028004,buffer_excluded,406.6694194010735
south_north,1000,2,060190029031,train,2442.2069949323477
south_north,1000,2,060190029032,train,2445.6396428884136
south_north,1000,2,060190029033,train,2786.09948503315
south_north,1000,2,060190029041,train,1635.1276181221858
south_north,1000,2,060190029042,train,1637.8980281873817
south_north,1000,2,060190029051,buffer_excluded,829.2394519442258
south_north,1000,2,060190029061,buffer_excluded,318.32229595549904
south_north,1000,2,060190029062,buffer_excluded,0.0
south_north,1000,2,060190030011,buffer_excluded,0.0
south_north,1000,2,060190030012,buffer_excluded,853.4560911553825
south_north,1000,2,060190030031,train,2443.0324496372796
south_north,1000,2,060190030032,train,2439.6709575989817
south_north,1000,2,060190030041,train,1631.9650965882465
south_north,1000,2,060190030042,train,1633.7614901063043
south_north,1000,2,060190031021,train,1346.2724083084072
south_north,1000,2,060190031022,buffer_excluded,753.9459125711347
south_north,1000,2,060190031023,buffer_excluded,784.4759471634444
south_north,1000,2,060190031024,buffer_excluded,790.2812135002049
south_north,1000,2,060190031025,buffer_excluded,753.7644932011774
south_north,1000,2,060190031031,buffer_excluded,0.0
south_north,1000,2,060190031032,buffer_excluded,0.0
south_north,1000,2,060190031033,buffer_excluded,0.0
south_north,1000,2,060190031034,buffer_excluded,390.2960645353487
south_north,1000,2,060190031035,buffer_excluded,0.0
south_north,1000,2,060190031041,buffer_excluded,0.0
south_north,1000,2,060190031042,test,0.0
south_north,1000,2,060190032011,test,0.0
south_north,1000,2,060190032012,test,0.0
south_north,1000,2,060190032021,test,0.0
south_north,1000,2,060190032022,test,0.0
south_north,1000,2,060190032023,test,0.0
south_north,1000,2,060190032024,test,0.0
south_north,1000,2,060190033011,test,0.0
south_north,1000,2,060190033012,test,0.0
south_north,1000,2,060190033021,buffer_excluded,0.0
south_north,1000,2,060190033022,buffer_excluded,0.0
south_north,1000,2,060190033023,test,0.0
south_north,1000,2,060190033024,test,0.0
south_north,1000,2,060190034011,test,0.0
south_north,1000,2,060190034012,test,0.0
south_north,1000,2,060190034013,test,0.0
south_north,1000,2,060190034021,test,0.0
south_north,1000,2,060190034022,test,0.0
south_north,1000,2,060190035001,test,0.0
south_north,1000,2,060190035002,test,0.0
south_north,1000,2,060190035003,test,0.0
south_north,1000,2,060190035004,test,0.0
south_north,1000,2,060190035005,test,0.0
south_north,1000,2,060190036001,test,0.0
south_north,1000,2,060190036002,buffer_excluded,0.0
south_north,1000,2,060190036003,test,0.0
south_north,1000,2,060190036004,test,0.0
south_north,1000,2,060190036005,test,0.0
south_north,1000,2,060190037011,test,0.0
south_north,1000,2,060190037012,test,0.0
south_north,1000,2,060190037021,test,0.0
south_north,1000,2,060190037022,test,0.0
south_north,1000,2,060190037023,test,0.0
south_north,1000,2,060190037024,test,0.0
south_north,1000,2,060190038041,test,0.0
south_north,1000,2,060190038042,test,0.0
south_north,1000,2,060190038043,test,0.0
south_north,1000,2,060190038051,test,0.0
south_north,1000,2,060190038052,test,0.0
south_north,1000,2,060190038053,test,0.0
south_north,1000,2,060190038071,test,0.0
south_north,1000,2,060190038072,buffer_excluded,0.0
south_north,1000,2,060190038081,buffer_excluded,0.0
south_north,1000,2,060190038082,test,0.0
south_north,1000,2,060190038083,test,0.0
south_north,1000,2,060190038091,buffer_excluded,0.0
south_north,1000,2,060190038092,buffer_excluded,362.198079218502
south_north,1000,2,060190038101,buffer_excluded,0.0
south_north,1000,2,060190038102,buffer_excluded,0.0
south_north,1000,2,060190038103,test,0.0
south_north,1000,2,060190038111,buffer_excluded,0.0
south_north,1000,2,060190038112,test,0.0
south_north,1000,2,060190038113,test,0.0
south_north,1000,2,060190042051,train,1114.6375090138722
south_north,1000,2,060190042052,train,1022.9772194039267
south_north,1000,2,060190042053,buffer_excluded,618.219345027135
south_north,1000,2,060190042054,buffer_excluded,0.0
south_north,1000,2,060190042101,train,4072.563625648221
south_north,1000,2,060190042102,train,3566.0469668429573
south_north,1000,2,060190042111,train,3994.6763205094676
south_north,1000,2,060190042112,train,3114.500739716871
south_north,1000,2,060190042113,train,3138.249846844131
south_north,1000,2,060190042121,train,1653.2529354439448
south_north,1000,2,060190042122,train,2573.196488502752
south_north,1000,2,060190042123,train,2391.25438888174
south_north,1000,2,060190042124,train,2218.4846424743455
south_north,1000,2,060190042125,train,1686.5783801026141
south_north,1000,2,060190042126,train,1653.2529354439448
south_north,1000,2,060190042131,train,2987.3146707317437
south_north,1000,2,060190042132,train,2014.1700478696007
south_north,1000,2,060190042141,train,4332.157167656344
south_north,1000,2,060190042142,train,4103.477436996969
south_north,1000,2,060190042143,train,3313.912744162734
south_north,1000,2,060190042144,train,3600.98006054042
south_north,1000,2,060190042171,buffer_excluded,807.3909100385255
south_north,1000,2,060190042172,buffer_excluded,809.1188935883463
south_north,1000,2,060190043012,train,4953.596294921924
south_north,1000,2,060190043013,train,4825.050860705112
south_north,1000,2,060190043021,train,4025.989381452664
south_north,1000,2,060190043022,train,3216.3300151709145
south_north,1000,2,060190043023,train,4068.073179054238
south_north,1000,2,060190043024,train,3221.2979657611486
south_north,1000,2,060190043025,train,3273.796997891654
south_north,1000,2,060190043031,train,2411.935578546185
south_north,1000,2,060190043032,train,1610.7199324165613
south_north,1000,2,060190043033,train,1628.4860769924105
south_north,1000,2,060190044042,train,4787.322054170863
south_north,1000,2,060190044062,train,4799.888840943939
south_north,1000,2,060190044063,train,5615.003770700346
south_north,1000,2,060190044092,train,4866.23056895601
south_north,1000,2,060190044093,train,4807.944986141265
south_north,1000,2,060190045031,train,4011.994363993452
south_north,1000,2,060190045032,train,3208.782961332536
south_north,1000,2,060190045041,train,3199.68517471215
south_north,1000,2,060190045042,train,3203.642046927533
south_north,1000,2,060190045043,train,3735.268605935462
south_north,1000,2,060190045044,train,4006.114136732403
south_north,1000,2,060190045051,train,1601.5410865322992
south_north,1000,2,060190045052,train,1598.030719888342
south_north,1000,2,060190045053,train,1596.6327199040513
south_north,1000,2,060190045061,train,1610.4761988002913
south_north,1000,2,060190045062,train,1603.8181545279353
south_north,1000,2,060190046011,buffer_excluded,0.0
south_north,1000,2,060190046012,buffer_excluded,910.5959421793619
south_north,1000,2,060190046021,buffer_excluded,600.6891495474013
south_north,1000,2,060190046022,buffer_excluded,0.0
south_north,1000,2,060190046023,buffer_excluded,803.7067823379716
south_north,1000,2,060190047031,buffer_excluded,0.0
south_north,1000,2,060190047032,test,0.0
south_north,1000,2,060190047033,buffer_excluded,0.0
south_north,1000,2,060190047041,test,0.0
south_north,1000,2,060190047042,test,0.0
south_north,1000,2,060190047043,test,0.0
south_north,1000,2,060190047051,buffer_excluded,285.0781228415768
south_north,1000,2,060190047052,buffer_excluded,0.0
south_north,1000,2,060190047061,buffer_excluded,248.34535441897748
south_north,1000,2,060190047062,buffer_excluded,0.0
south_north,1000,2,060190047063,buffer_excluded,805.0961648998989
south_north,1000,2,060190048011,test,0.0
south_north,1000,2,060190048012,test,0.0
south_north,1000,2,060190048013,test,0.0
south_north,1000,2,060190048021,buffer_excluded,0.0
south_north,1000,2,060190048022,test,0.0
south_north,1000,2,060190048023,test,0.0
south_north,1000,2,060190049011,test,0.0
south_north,1000,2,060190049012,test,0.0
south_north,1000,2,060190049021,buffer_excluded,0.0
south_north,1000,2,060190049022,test,0.0
south_north,1000,2,060190050001,buffer_excluded,794.5919896750191
south_north,1000,2,060190050002,buffer_excluded,0.0
south_north,1000,2,060190050003,buffer_excluded,0.0
south_north,1000,2,060190051001,test,0.0
south_north,1000,2,060190051002,test,0.0
south_north,1000,2,060190051003,test,0.0
south_north,1000,2,060190051004,buffer_excluded,0.0
south_north,1000,2,060190051005,buffer_excluded,0.0
south_north,1000,2,060190052021,test,0.0
south_north,1000,2,060190052022,test,0.0
south_north,1000,2,060190052031,test,0.0
south_north,1000,2,060190052032,test,0.0
south_north,1000,2,060190052041,test,0.0
south_north,1000,2,060190052042,buffer_excluded,0.0
south_north,1000,2,060190052043,buffer_excluded,0.0
south_north,1000,2,060190053011,buffer_excluded,0.0
south_north,1000,2,060190053012,buffer_excluded,0.0
south_north,1000,2,060190053013,buffer_excluded,0.0
south_north,1000,2,060190053021,buffer_excluded,800.8262766406697
south_north,1000,2,060190053022,buffer_excluded,802.3733133107735
south_north,1000,2,060190053041,buffer_excluded,765.2493993696536
south_north,1000,2,060190053042,train,1230.525987310382
south_north,1000,2,060190053043,buffer_excluded,771.64234368385
south_north,1000,2,060190053051,buffer_excluded,0.0
south_north,1000,2,060190053052,buffer_excluded,0.0
south_north,1000,2,060190054031,train,1606.1926926248345
south_north,1000,2,060190054032,train,2009.844502158223
south_north,1000,2,060190054033,train,2012.516903888532
south_north,1000,2,060190054051,train,3211.671974336739
south_north,1000,2,060190054052,train,3216.7271037039036
south_north,1000,2,060190054053,train,3221.5289289444113
south_north,1000,2,060190054061,train,4012.044553059479
south_north,1000,2,060190054062,train,4013.1081797762636
south_north,1000,2,060190054063,train,4013.9993056932526
south_north,1000,2,060190054071,train,3982.9820117763757
south_north,1000,2,060190054072,train,3991.2506042764608
south_north,1000,2,060190054081,train,1568.9316477635825
south_north,1000,2,060190054091,train,2407.459589961497
south_north,1000,2,060190054092,train,2414.6970271532527
south_north,1000,2,060190054101,train,1606.192367551315
south_north,1000,2,060190054102,train,2007.101367541796
south_north,1000,2,060190055092,train,5189.39174934693
south_north,1000,2,060190055093,train,4788.587078824899
south_north,1000,2,060190055143,train,4780.174818493144
south_north,1000,2,060190055261,train,4777.236114485635
south_north,1000,2,060190055272,train,4806.181941930723
south_north,1000,2,060190056023,train,1558.7497736650207
south_north,1000,2,060190056024,train,3174.0201142415017
south_north,1000,2,060190056051,train,3203.788394282684
south_north,1000,2,060190056061,train,3998.839186415435
south_north,1000,2,060190056062,train,3194.6901946110256
south_north,1000,2,060190056071,train,2497.3952449197454
south_north,1000,2,060190056072,train,2366.10921662501
south_north,1000,2,060190056073,train,2403.160332434651
south_north,1000,2,060190056074,train,2692.2606991591038
south_north,1000,2,060190056081,train,1559.1830615578592
south_north,1000,2,060190056082,train,1591.1172706384593
south_north,1000,2,060190086002,train,4037.0175765000167
south_north,1000,2,060190086004,train,4821.194609487894
south_north,1000,3,060190001001,train,4587.062021543495
south_north,1000,3,060190002001,train,3870.903482266874
south_north,1000,3,060190002002,train,4118.625938386342
south_north,1000,3,060190003001,train,5167.84075138975
south_north,1000,3,060190003002,train,5469.691582876591
south_north,1000,3,060190003003,train,5464.579877212518
south_north,1000,3,060190004001,train,5661.803807060061
south_north,1000,3,060190004002,train,6462.110456722484
south_north,1000,3,060190004003,train,5792.747870474491
south_north,1000,3,060190004004,train,5659.782715873208
south_north,1000,3,060190005011,train,4042.117118965201
south_north,1000,3,060190005012,train,4829.63251112703
south_north,1000,3,060190005021,train,4046.0906953954286
south_north,1000,3,060190005022,train,4049.685565277116
south_north,1000,3,060190006011,train,3844.784429469975
south_north,1000,3,060190006012,train,3317.494700782867
south_north,1000,3,060190006013,train,4051.669946264691
south_north,1000,3,060190006014,train,4338.248534392958
south_north,1000,3,060190006021,train,4057.3984453340786
south_north,1000,3,060190007011,train,4835.239634362165
south_north,1000,3,060190007021,train,2832.25210897963
south_north,1000,3,060190009011,train,6598.011145894654
south_north,1000,3,060190009012,train,6876.407950162011
south_north,1000,3,060190009021,train,6565.609654096715
south_north,1000,3,060190009022,train,6330.493009537676
south_north,1000,3,060190009023,train,5808.273626414563
south_north,1000,3,060190010001,train,7855.010844767988
south_north,1000,3,060190010002,train,7386.38072888682
south_north,1000,3,060190011001,train,7495.931545715726
south_north,1000,3,060190011002,train,6823.0823035160865
south_north,1000,3,060190012011,train,7240.164460820126
south_north,1000,3,060190012012,train,8079.504444293237
south_north,1000,3,060190012013,train,8088.126184703653
south_north,1000,3,060190012014,train,8884.770543645438
south_north,1000,3,060190012021,train,7320.191289739317
south_north,1000,3,060190012022,train,8120.62179545907
south_north,1000,3,060190013011,train,5667.999096702266
south_north,1000,3,060190013012,train,5667.339344871986
south_north,1000,3,060190013013,train,5675.794806975567
south_north,1000,3,060190013014,train,5786.819791182007
south_north,1000,3,060190013015,train,5669.961647152406
south_north,1000,3,060190013031,train,6473.059449878616
south_north,1000,3,060190013032,train,6473.059449878616
south_north,1000,3,060190013041,train,6479.689756871178
south_north,1000,3,060190013042,train,6519.841187477341
south_north,1000,3,060190013043,train,6475.64244159136
south_north,1000,3,060190014071,train,6270.445521873187
south_north,1000,3,060190014072,train,6386.019436872052
south_north,1000,3,060190014073,train,6153.296334512408
south_north,1000,3,060190014074,train,5884.879527404617
south_north,1000,3,060190014081,train,6663.193635447189
south_north,1000,3,060190014082,train,6899.78533923462
south_north,1000,3,060190014151,train,8233.110973661323
south_north,1000,3,060190014152,train,7614.358764093706
south_north,1000,3,060190014153,train,7449.9016758438365
south_north,1000,3,060190014161,train,7857.770204432992
south_north,1000,3,060190015001,train,8878.34751892442
south_north,1000,3,060190017003,train,16245.259538298253
south_north,1000,3,060190018001,train,8863.912088389547
south_north,1000,3,060190018002,train,12677.129475989781
south_north,1000,3,060190018003,train,12087.470430222987
south_north,1000,3,060190018004,train,12291.495908964818
south_north,1000,3,060190020001,buffer_excluded,0.0
south_north,1000,3,060190020002,buffer_excluded,803.6033811592603
south_north,1000,3,060190020003,train,2407.9936356148964
south_north,1000,3,060190020004,train,1606.039336882974
south_north,1000,3,060190020005,train,1607.3944395924234
south_north,1000,3,060190021001,train,1845.6266479970311
south_north,1000,3,060190021002,train,2175.104558691379
south_north,1000,3,060190021003,train,1968.5163760852959
south_north,1000,3,060190021004,buffer_excluded,916.1271879985154
south_north,1000,3,060190021005,train,1494.278098455723
south_north,1000,3,060190022001,train,2527.4916269058326
south_north,1000,3,060190022002,train,2941.244408546962
south_north,1000,3,060190022003,train,2403.2783986425807
south_north,1000,3,060190022004,train,2448.095350140168
south_north,1000,3,060190023001,train,2515.1326749980235
south_north,1000,3,060190023002,train,2578.6325586475286
south_north,1000,3,060190023003,train,3369.0401576993218
south_north,1000,3,060190024001,train,2419.215302080387
south_north,1000,3,060190024002,train,3233.474426008344
south_north,1000,3,060190024003,train,3237.8930377833676
south_north,1000,3,060190024004,train,2321.9488266144326
south_north,1000,3,060190025011,train,2422.5574825395815
south_north,1000,3,060190025012,train,2426.308643594141
south_north,1000,3,060190025013,train,2417.156268475621
south_north,1000,3,060190025014,train,2834.7723017010308
south_north,1000,3,060190025021,train,3236.007026403498
south_north,1000,3,060190025022,train,3237.167220399662
south_north,1000,3,060190025023,train,3238.026898249616
south_north,1000,3,060190026011,train,4040.9921069014085
south_north,1000,3,060190026012,train,4043.1614861462363
south_north,1000,3,060190026013,train,4042.7759776467938
south_north,1000,3,060190026021,train,4850.304101650645
south_north,1000,3,060190026022,train,4855.09670508989
south_north,1000,3,060190026023,train,5270.210661399134
south_north,1000,3,060190027011,train,4044.9566698469166
south_north,1000,3,060190027012,train,4123.414619654939
south_north,1000,3,060190027013,train,4065.4640843959437
south_north,1000,3,060190027021,train,4858.424578193899
south_north,1000,3,060190027022,train,4919.33896308069
south_north,1000,3,060190027023,train,5323.011054308113
south_north,1000,3,060190027024,train,5404.5845212324075
south_north,1000,3,060190028001,train,2692.3803770642176
south_north,1000,3,060190028002,train,2544.418007317601
south_north,1000,3,060190028003,train,2417.813519116042
south_north,1000,3,060190028004,train,2828.7992503009236
south_north,1000,3,060190029031,train,5111.894182181675
south_north,1000,3,060190029032,train,5327.663804541031
south_north,1000,3,060190029033,train,5559.407824773089
south_north,1000,3,060190029041,train,4353.286257636247
south_north,1000,3,060190029042,train,4710.611701517191
south_north,1000,3,060190029051,train,3617.6933726548264
south_north,1000,3,060190029061,train,3534.0672677671837
south_north,1000,3,060190029062,train,2896.9500986748276
south_north,1000,3,060190030011,train,3093.242412567247
south_north,1000,3,060190030012,train,4010.0382361022184
south_north,1000,3,060190030031,train,5590.225302853761
south_north,1000,3,060190030032,train,5557.133731034849
south_north,1000,3,060190030041,train,4751.506059626332
south_north,1000,3,060190030042,train,4784.560590528125
south_north,1000,3,060190031021,test,0.0
south_north,1000,3,060190031022,test,0.0
south_north,1000,3,060190031023,test,0.0
south_north,1000,3,060190031024,test,0.0
south_north,1000,3,060190031025,test,0.0
south_north,1000,3,060190031031,test,0.0
south_north,1000,3,060190031032,test,0.0
south_north,1000,3,060190031033,test,0.0
south_north,1000,3,060190031034,test,0.0
south_north,1000,3,060190031035,test,0.0
south_north,1000,3,060190031041,test,0.0
south_north,1000,3,060190031042,buffer_excluded,0.0
south_north,1000,3,060190032011,buffer_excluded,806.380814835039
south_north,1000,3,060190032012,train,1141.2834031599916
south_north,1000,3,060190032021,train,1616.7702566685596
south_north,1000,3,060190032022,train,1808.0938947236843
south_north,1000,3,060190032023,train,2282.6486783150726
south_north,1000,3,060190032024,train,2020.2937492539777
south_north,1000,3,060190033011,buffer_excluded,800.981409460872
south_north,1000,3,060190033012,buffer_excluded,805.8777477075322
south_north,1000,3,060190033021,train,1974.9486899762005
south_north,1000,3,060190033022,train,1960.4034444893184
south_north,1000,3,060190033023,train,1614.7382072639675
south_north,1000,3,060190033024,train,1614.9608186390585
south_north,1000,3,060190034011,train,1612.9801835920139
south_north,1000,3,060190034012,train,1616.9111855830624
south_north,1000,3,060190034013,train,1837.7806698305624
south_north,1000,3,060190034021,buffer_excluded,794.3659169919702
south_north,1000,3,060190034022,buffer_excluded,793.7582285759568
south_north,1000,3,060190035001,train,1622.791493461148
south_north,1000,3,060190035002,buffer_excluded,805.8761191938406
south_north,1000,3,060190035003,train,1683.7777750616724
south_north,1000,3,060190035004,buffer_excluded,919.21991351755
south_north,1000,3,060190035005,train,1219.5606974581647
south_north,1000,3,060190036001,buffer_excluded,829.4764056123095
south_north,1000,3,060190036002,train,1578.5304138113381
south_north,1000,3,060190036003,train,1479.09377165485
south_north,1000,3,060190036004,train,1212.1291478888002
south_north,1000,3,060190036005,buffer_excluded,806.0212619153435
south_north,1000,3,060190037011,buffer_excluded,0.0
south_north,1000,3,060190037012,buffer_excluded,664.8403311147118
south_north,1000,3,060190037021,buffer_excluded,86.44389997428185
south_north,1000,3,060190037022,buffer_excluded,0.0
south_north,1000,3,060190037023,buffer_excluded,664.9914900824734
south_north,1000,3,060190037024,buffer_excluded,805.1300443849843
south_north,1000,3,060190038041,buffer_excluded,0.0
south_north,1000,3,060190038042,buffer_excluded,805.6193314875759
south_north,1000,3,060190038043,buffer_excluded,805.3088155589058
south_north,1000,3,060190038051,buffer_excluded,0.0
south_north,1000,3,060190038052,buffer_excluded,554.3341643342548
south_north,1000,3,060190038053,buffer_excluded,0.0
south_north,1000,3,060190038071,buffer_excluded,480.66685708409324
south_north,1000,3,060190038072,train,1026.7358253727984
south_north,1000,3,060190038081,train,2215.5840575754005
south_north,1000,3,060190038082,train,1611.6178264705206
south_north,1000,3,060190038083,train,1612.92657828388
south_north,1000,3,060190038091,test,0.0
south_north,1000,3,060190038092,test,0.0
south_north,1000,3,060190038101,test,0.0
south_north,1000,3,060190038102,test,0.0
south_north,1000,3,060190038103,buffer_excluded,0.0
south_north,1000,3,060190038111,train,2417.984176182822
south_north,1000,3,060190038112,buffer_excluded,0.0
south_north,1000,3,060190038113,buffer_excluded,802.0868537137516
south_north,1000,3,060190042051,test,0.0
south_north,1000,3,060190042052,test,0.0
south_north,1000,3,060190042053,test,0.0
south_north,1000,3,060190042054,test,0.0
south_north,1000,3,060190042101,train,1333.506800628568
south_north,1000,3,060190042102,buffer_excluded,531.4844296182702
south_north,1000,3,060190042111,train,1468.679421161931
south_north,1000,3,060190042112,buffer_excluded,725.2688979212782
south_north,1000,3,060190042113,buffer_excluded,433.7911604083079
south_north,1000,3,060190042121,test,0.0
south_north,1000,3,060190042122,buffer_excluded,0.0
south_north,1000,3,060190042123,buffer_excluded,0.0
south_north,1000,3,060190042124,test,0.0
south_north,1000,3,060190042125,test,0.0
south_north,1000,3,060190042126,buffer_excluded,0.0
south_north,1000,3,060190042131,buffer_excluded,98.31771333406164
south_north,1000,3,060190042132,buffer_excluded,0.0
south_north,1000,3,060190042141,train,1314.9557657298365
south_north,1000,3,060190042142,train,1610.5376198764275
south_north,1000,3,060190042143,buffer_excluded,797.1056489480669
south_north,1000,3,060190042144,buffer_excluded,581.764515158324
south_north,1000,3,060190042171,test,0.0
south_north,1000,3,060190042172,test,0.0
south_north,1000,3,060190043012,train,2264.086374201465
south_north,1000,3,060190043013,train,2411.0338218221914
south_north,1000,3,060190043021,train,1609.3925684886926
south_north,1000,3,060190043022,buffer_excluded,804.3382568947409
south_north,1000,3,060190043023,train,1659.1179147328626
south_north,1000,3,060190043024,buffer_excluded,797.1056489480669
south_north,1000,3,060190043025,buffer_excluded,897.9556272640241
south_north,1000,3,060190043031,buffer_excluded,0.0
south_north,1000,3,060190043032,test,0.0
south_north,1000,3,060190043033,buffer_excluded,0.0
south_north,1000,3,060190044042,train,2412.0728138676045
south_north,1000,3,060190044062,train,2388.7501127475466
south_north,1000,3,060190044063,train,3213.8154525965565
south_north,1000,3,060190044092,train,2448.866188040168
south_north,1000,3,060190044093,train,2535.8601217992655
south_north,1000,3,060190045031,train,2012.4284011027498
south_north,1000,3,060190045032,train,1448.507831326201
south_north,1000,3,060190045041,buffer_excluded,803.6845700315669
south_north,1000,3,060190045042,buffer_excluded,920.190397263912
south_north,1000,3,060190045043,train,1601.6047998581262
south_north,1000,3,060190045044,train,1663.3597055751395
south_north,1000,3,060190045051,buffer_excluded,0.0
south_north,1000,3,060190045052,test,0.0
south_north,1000,3,060190045053,buffer_excluded,0.0
south_north,1000,3,060190045061,buffer_excluded,0.0
south_north,1000,3,060190045062,buffer_excluded,0.0
south_north,1000,3,060190046011,test,0.0
south_north,1000,3,060190046012,test,0.0
south_north,1000,3,060190046021,test,0.0
south_north,1000,3,060190046022,test,0.0
south_north,1000,3,060190046023,test,0.0
south_north,1000,3,060190047031,test,0.0
south_north,1000,3,060190047032,buffer_excluded,0.0
south_north,1000,3,060190047033,test,0.0
south_north,1000,3,060190047041,buffer_excluded,0.0
south_north,1000,3,060190047042,buffer_excluded,0.0
south_north,1000,3,060190047043,buffer_excluded,0.0
south_north,1000,3,060190047051,test,0.0
south_north,1000,3,060190047052,test,0.0
south_north,1000,3,060190047061,test,0.0
south_north,1000,3,060190047062,test,0.0
south_north,1000,3,060190047063,test,0.0
south_north,1000,3,060190048011,buffer_excluded,0.0
south_north,1000,3,060190048012,buffer_excluded,0.0
south_north,1000,3,060190048013,buffer_excluded,0.0
south_north,1000,3,060190048021,test,0.0
south_north,1000,3,060190048022,buffer_excluded,401.43858899681663
south_north,1000,3,060190048023,buffer_excluded,0.0
south_north,1000,3,060190049011,buffer_excluded,0.0
south_north,1000,3,060190049012,buffer_excluded,0.0
south_north,1000,3,060190049021,test,0.0
south_north,1000,3,060190049022,buffer_excluded,0.0
south_north,1000,3,060190050001,test,0.0
south_north,1000,3,060190050002,test,0.0
south_north,1000,3,060190050003,test,0.0
south_north,1000,3,060190051001,buffer_excluded,0.0
south_north,1000,3,060190051002,buffer_excluded,0.0
south_north,1000,3,060190051003,buffer_excluded,0.0
south_north,1000,3,060190051004,test,0.0
south_north,1000,3,060190051005,test,0.0
south_north,1000,3,060190052021,buffer_excluded,0.0
south_north,1000,3,060190052022,buffer_excluded,203.84383459365674
south_north,1000,3,060190052031,buffer_excluded,0.0
south_north,1000,3,060190052032,buffer_excluded,0.0
south_north,1000,3,060190052041,buffer_excluded,0.0
south_north,1000,3,060190052042,test,0.0
south_north,1000,3,060190052043,test,0.0
south_north,1000,3,060190053011,test,0.0
south_north,1000,3,060190053012,test,0.0
south_north,1000,3,060190053013,test,0.0
south_north,1000,3,060190053021,test,0.0
south_north,1000,3,060190053022,test,0.0
south_north,1000,3,060190053041,test,0.0
south_north,1000,3,060190053042,test,0.0
south_north,1000,3,060190053043,test,0.0
south_north,1000,3,060190053051,test,0.0
south_north,1000,3,060190053052,test,0.0
south_north,1000,3,060190054031,test,0.0
south_north,1000,3,060190054032,test,0.0
south_north,1000,3,060190054033,test,0.0
south_north,1000,3,060190054051,buffer_excluded,803.9343624956462
south_north,1000,3,060190054052,buffer_excluded,806.6230485243414
south_north,1000,3,060190054053,buffer_excluded,805.7829272312854
south_north,1000,3,060190054061,train,1604.7486456179163
south_north,1000,3,060190054062,train,1603.6831247389875
south_north,1000,3,060190054063,train,1598.0488219446588
south_north,1000,3,060190054071,train,1602.0804384962223
south_north,1000,3,060190054072,train,1792.6525903900256
south_north,1000,3,060190054081,buffer_excluded,0.0
south_north,1000,3,060190054091,buffer_excluded,0.0
south_north,1000,3,060190054092,buffer_excluded,0.0
south_north,1000,3,060190054101,test,0.0
south_north,1000,3,060190054102,buffer_excluded,0.0
south_north,1000,3,060190055092,train,2868.799098077715
south_north,1000,3,060190055093,train,2434.5789285910837
south_north,1000,3,060190055143,train,2413.58585069794
south_north,1000,3,060190055261,train,2387.353075708288
south_north,1000,3,060190055272,train,2386.700741954996
south_north,1000,3,060190056023,test,0.0
south_north,1000,3,060190056024,buffer_excluded,807.2683851880959
south_north,1000,3,060190056051,buffer_excluded,822.4690786613761
south_north,1000,3,060190056061,train,1608.2522834581457
south_north,1000,3,060190056062,buffer_excluded,805.5159508442617
south_north,1000,3,060190056071,buffer_excluded,83.92542288132297
south_north,1000,3,060190056072,buffer_excluded,0.0
south_north,1000,3,060190056073,buffer_excluded,0.0
south_north,1000,3,060190056074,buffer_excluded,326.02148281247514
south_north,1000,3,060190056081,test,0.0
south_north,1000,3,060190056082,test,0.0
south_north,1000,3,060190086002,train,5350.784330882511
south_north,1000,3,060190086004,train,5631.388732108043
south_north,1000,4,060190001001,train,7244.483366425413
south_north,1000,4,060190002001,train,7200.239958282558
south_north,1000,4,060190002002,train,7707.259644134113
south_north,1000,4,060190003001,train,8860.874960961362
south_north,1000,4,060190003002,train,8233.208771081685
south_north,1000,4,060190003003,train,8858.088240977524
south_north,1000,4,060190004001,train,8126.467624168076
south_north,1000,4,060190004002,train,8925.960004737402
south_north,1000,4,060190004003,train,8223.980513900175
south_north,1000,4,060190004004,train,8108.361487762416
south_north,1000,4,060190005011,train,6508.84947988118
south_north,1000,4,060190005012,train,7278.979520290886
south_north,1000,4,060190005021,train,6470.01663033339
south_north,1000,4,060190005022,train,6461.954796530173
south_north,1000,4,060190006011,train,6958.3681437240875
south_north,1000,4,060190006012,train,6445.615893614321
south_north,1000,4,060190006013,train,6448.991176622188
south_north,1000,4,060190006014,train,6850.410388874852
south_north,1000,4,060190006021,train,6455.22952630327
south_north,1000,4,060190007011,train,8859.477875628045
south_north,1000,4,060190007021,train,6442.500646322501
south_north,1000,4,060190009011,train,10478.96550404919
south_north,1000,4,060190009012,train,10478.48735550555
south_north,1000,4,060190009021,train,9547.42291478001
south_north,1000,4,060190009022,train,9597.13841304035
south_north,1000,4,060190009023,train,9665.513561768095
south_north,1000,4,060190010001,train,11292.123036140372
south_north,1000,4,060190010002,train,11282.7109783991
south_north,1000,4,060190011001,train,10486.253237328541
south_north,1000,4,060190011002,train,9618.520040325244
south_north,1000,4,060190012011,train,9657.100173539164
south_north,1000,4,060190012012,train,10496.77740085432
south_north,1000,4,060190012013,train,10492.332376840195
south_north,1000,4,060190012014,train,11298.88907531781
south_north,1000,4,060190012021,train,9686.50845170997
south_north,1000,4,060190012022,train,10486.861993935938
south_north,1000,4,060190013011,train,8090.493351018995
south_north,1000,4,060190013012,train,8082.783971521838
south_north,1000,4,060190013013,train,8072.4273744283
south_north,1000,4,060190013014,train,8070.824582391525
south_north,1000,4,060190013015,train,8082.2220651569305
south_north,1000,4,060190013031,train,8899.370776205462
south_north,1000,4,060190013032,train,8889.235183555109
south_north,1000,4,060190013041,train,8882.50169780714
south_north,1000,4,060190013042,train,8877.25488858801
south_north,1000,4,060190013043,train,8888.01627299304
south_north,1000,4,060190014071,train,8471.017189513212
south_north,1000,4,060190014072,train,8475.37835603681
south_north,1000,4,060190014073,train,8092.105945717201
south_north,1000,4,060190014074,train,8070.75925127084
south_north,1000,4,060190014081,train,8877.25488858801
south_north,1000,4,060190014082,train,8893.548559788042
south_north,1000,4,060190014151,train,10456.203840389007
south_north,1000,4,060190014152,train,9650.659813175993
south_north,1000,4,060190014153,train,9650.659813175993
south_north,1000,4,060190014161,train,9678.940180905167
south_north,1000,4,060190015001,train,11320.75846765367
south_north,1000,4,060190017003,train,19352.01915774708
south_north,1000,4,060190018001,train,12098.688763627211
south_north,1000,4,060190018002,train,16136.464867844456
south_north,1000,4,060190018003,train,16125.651382814298
south_north,1000,4,060190018004,train,16130.777491755925
south_north,1000,4,060190020001,train,3576.705744329458
south_north,1000,4,060190020002,train,4842.039702025954
south_north,1000,4,060190020003,train,6445.303393472436
south_north,1000,4,060190020004,train,5667.115543484948
south_north,1000,4,060190020005,train,5646.588615964523
south_north,1000,4,060190021001,train,4833.579123631623
south_north,1000,4,060190021002,train,5440.113939098833
south_north,1000,4,060190021003,train,5643.854905391271
south_north,1000,4,060190021004,train,4841.618890673644
south_north,1000,4,060190021005,train,4837.711011724072
south_north,1000,4,060190022001,train,4828.086605755636
south_north,1000,4,060190022002,train,5639.708245413501
south_north,1000,4,060190022003,train,4825.864325895153
south_north,1000,4,060190022004,train,4825.820761330233
south_north,1000,4,060190023001,train,4828.24035692436
south_north,1000,4,060190023002,train,4827.620402430565
south_north,1000,4,060190023003,train,5900.938322665344
south_north,1000,4,060190024001,train,4847.979604664205
south_north,1000,4,060190024002,train,5659.278208354757
south_north,1000,4,060190024003,train,5650.812201445801
south_north,1000,4,060190024004,train,4735.407613580857
south_north,1000,4,060190025011,train,4964.965022399457
south_north,1000,4,060190025012,train,4915.039396307278
south_north,1000,4,060190025013,train,4831.3677423958325
south_north,1000,4,060190025014,train,5249.532611383067
south_north,1000,4,060190025021,train,5760.990771189177
south_north,1000,4,060190025022,train,5715.494961699252
south_north,1000,4,060190025023,train,5653.541370987541
south_north,1000,4,060190026011,train,6553.485783208424
south_north,1000,4,060190026012,train,6473.507491588725
south_north,1000,4,060190026013,train,6457.307255503287
south_north,1000,4,060190026021,train,7295.892916861099
south_north,1000,4,060190026022,train,7271.804158167558
south_north,1000,4,060190026023,train,7716.627850602257
south_north,1000,4,060190027011,train,6458.880486992703
south_north,1000,4,060190027012,train,6456.0652441223965
south_north,1000,4,060190027013,train,6456.065854053574
south_north,1000,4,060190027021,train,7265.091817969189
south_north,1000,4,060190027022,train,7262.757497703456
south_north,1000,4,060190027023,train,7668.401522420078
south_north,1000,4,060190027024,train,7666.829245961795
south_north,1000,4,060190028001,train,4820.06213799811
south_north,1000,4,060190028002,train,4820.31162572333
south_north,1000,4,060190028003,train,4827.488238312157
south_north,1000,4,060190028004,train,5241.442553140902
south_north,1000,4,060190029031,train,7263.315731152959
south_north,1000,4,060190029032,train,7271.189269367494
south_north,1000,4,060190029033,train,7612.720345655237
south_north,1000,4,060190029041,train,6456.287737192764
south_north,1000,4,060190029042,train,6479.731069648991
south_north,1000,4,060190029051,train,5650.408465340799
south_north,1000,4,060190029061,train,5165.109528247432
south_north,1000,4,060190029062,train,4821.109178727104
south_north,1000,4,060190030011,train,5002.78705607398
south_north,1000,4,060190030012,train,5833.497745188556
south_north,1000,4,060190030031,train,7394.447985715755
south_north,1000,4,060190030032,train,7579.36975705562
south_north,1000,4,060190030041,train,6808.986181887386
south_north,1000,4,060190030042,train,6597.569903408828
south_north,1000,4,060190031021,buffer_excluded,805.1869539988619
south_north,1000,4,060190031022,train,1209.5097225568163
south_north,1000,4,060190031023,buffer_excluded,107.96085041523786
south_north,1000,4,060190031024,buffer_excluded,680.9022471931768
south_north,1000,4,060190031025,buffer_excluded,805.1869539988619
south_north,1000,4,060190031031,buffer_excluded,978.283446344172
south_north,1000,4,060190031032,train,1249.2292447270142
south_north,1000,4,060190031033,buffer_excluded,820.3329705680588
south_north,1000,4,060190031034,train,1564.1579353589107
south_north,1000,4,060190031035,train,1818.719846995939
south_north,1000,4,060190031041,train,1612.1402995965257
south_north,1000,4,060190031042,train,1598.89062646258
south_north,1000,4,060190032011,train,3220.3140055510526
south_north,1000,4,060190032012,train,3223.7120972589755
south_north,1000,4,060190032021,train,4030.34692413552
south_north,1000,4,060190032022,train,4032.1917270151357
south_north,1000,4,060190032023,train,4032.8601044586053
south_north,1000,4,060190032024,train,4032.8601044586053
south_north,1000,4,060190033011,train,3330.5021555433054
south_north,1000,4,060190033012,train,3219.902334609167
south_north,1000,4,060190033021,train,4518.211165347116
south_north,1000,4,060190033022,train,4386.352851854518
south_north,1000,4,060190033023,train,4121.7296675079215
south_north,1000,4,060190033024,train,4029.0304358133208
south_north,1000,4,060190034011,train,4042.876527083936
south_north,1000,4,060190034012,train,4029.3019068505278
south_north,1000,4,060190034013,train,4289.894193203711
south_north,1000,4,060190034021,train,3289.4639112265936
south_north,1000,4,060190034022,train,3206.0398035207263
south_north,1000,4,060190035001,train,4025.576483410379
south_north,1000,4,060190035002,train,3205.5527637942196
south_north,1000,4,060190035003,train,4025.4269768317813
south_north,1000,4,060190035004,train,3218.8874854894475
south_north,1000,4,060190035005,train,3622.642211432357
south_north,1000,4,060190036001,train,3217.778012855853
south_north,1000,4,060190036002,train,4124.554123624581
south_north,1000,4,060190036003,train,4227.290157514567
south_north,1000,4,060190036004,train,3622.6169033158953
south_north,1000,4,060190036005,train,3216.3924982214057
south_north,1000,4,060190037011,train,4032.5844080849706
south_north,1000,4,060190037012,train,4029.121612619165
south_north,1000,4,060190037021,train,3218.48796036411
south_north,1000,4,060190037022,train,3257.987931287465
south_north,1000,4,060190037023,train,3724.466823140667
south_north,1000,4,060190037024,train,3219.526193528602
south_north,1000,4,060190038041,train,2433.7134362914244
south_north,1000,4,060190038042,train,3241.499431590934
south_north,1000,4,060190038043,train,3280.3147720985794
south_north,1000,4,060190038051,train,2615.1868193974065
south_north,1000,4,060190038052,train,3494.8368141879387
south_north,1000,4,060190038053,train,2760.818580769177
south_north,1000,4,060190038071,train,4225.779778966266
south_north,1000,4,060190038072,train,5001.593534031732
south_north,1000,4,060190038081,train,4855.692187662875
south_north,1000,4,060190038082,train,4048.8610469272294
south_north,1000,4,060190038083,train,4079.0728518992905
south_north,1000,4,060190038091,train,1202.2490293177755
south_north,1000,4,060190038092,buffer_excluded,815.758227981823
south_north,1000,4,060190038101,buffer_excluded,872.2744049131373
south_north,1000,4,060190038102,train,1580.729024453021
south_north,1000,4,060190038103,train,1653.2529354439448
south_north,1000,4,060190038111,train,4866.091690864969
south_north,1000,4,060190038112,train,2453.1972576004478
south_north,1000,4,060190038113,train,3253.8630279809113
south_north,1000,4,060190042051,buffer_excluded,230.5203653327442
south_north,1000,4,060190042052,buffer_excluded,860.6143342435947
south_north,1000,4,060190042053,train,1103.3278351165409
south_north,1000,4,060190042054,buffer_excluded,0.0
south_north,1000,4,060190042101,test,0.0
south_north,1000,4,060190042102,test,0.0
south_north,1000,4,060190042111,test,0.0
south_north,1000,4,060190042112,test,0.0
south_north,1000,4,060190042113,test,0.0
south_north,1000,4,060190042121,buffer_excluded,0.0
south_north,1000,4,060190042122,test,0.0
south_north,1000,4,060190042123,test,0.0
south_north,1000,4,060190042124,buffer_excluded,0.0
south_north,1000,4,060190042125,buffer_excluded,0.0
south_north,1000,4,060190042126,test,0.0
south_north,1000,4,060190042131,test,0.0
south_north,1000,4,060190042132,test,0.0
south_north,1000,4,060190042141,test,0.0
south_north,1000,4,060190042142,test,0.0
south_north,1000,4,060190042143,test,0.0
south_north,1000,4,060190042144,test,0.0
south_north,1000,4,060190042171,buffer_excluded,0.0
south_north,1000,4,060190042172,buffer_excluded,567.0222834109053
south_north,1000,4,060190043012,test,0.0
south_north,1000,4,060190043013,test,0.0
south_north,1000,4,060190043021,test,0.0
south_north,1000,4,060190043022,test,0.0
south_north,1000,4,060190043023,test,0.0
south_north,1000,4,060190043024,test,0.0
south_north,1000,4,060190043025,test,0.0
south_north,1000,4,060190043031,test,0.0
south_north,1000,4,060190043032,buffer_excluded,0.0
south_north,1000,4,060190043033,test,0.0
south_north,1000,4,060190044042,test,0.0
south_north,1000,4,060190044062,test,0.0
south_north,1000,4,060190044063,test,0.0
south_north,1000,4,060190044092,test,0.0
south_north,1000,4,060190044093,test,0.0
south_north,1000,4,060190045031,test,0.0
south_north,1000,4,060190045032,test,0.0
south_north,1000,4,060190045041,test,0.0
south_north,1000,4,060190045042,test,0.0
south_north,1000,4,060190045043,test,0.0
south_north,1000,4,060190045044,test,0.0
south_north,1000,4,060190045051,test,0.0
south_north,1000,4,060190045052,buffer_excluded,0.0
south_north,1000,4,060190045053,test,0.0
south_north,1000,4,060190045061,test,0.0
south_north,1000,4,060190045062,test,0.0
south_north,1000,4,060190046011,buffer_excluded,0.0
south_north,1000,4,060190046012,buffer_excluded,0.0
south_north,1000,4,060190046021,buffer_excluded,0.0
south_north,1000,4,060190046022,buffer_excluded,803.9937924524972
south_north,1000,4,060190046023,buffer_excluded,0.0
south_north,1000,4,060190047031,train,1674.0721038619808
south_north,1000,4,060190047032,train,1628.4860769924105
south_north,1000,4,060190047033,train,1605.4132020093073
south_north,1000,4,060190047041,train,2413.0474983637046
south_north,1000,4,060190047042,train,2663.5507906938356
south_north,1000,4,060190047043,train,2459.7941879278446
south_north,1000,4,060190047051,buffer_excluded,680.4822324840304
south_north,1000,4,060190047052,train,1068.2810787716376
south_north,1000,4,060190047061,buffer_excluded,616.4882821093016
south_north,1000,4,060190047062,train,1372.1029447046417
south_north,1000,4,060190047063,buffer_excluded,230.52034797824592
south_north,1000,4,060190048011,train,2390.404050225778
south_north,1000,4,060190048012,train,2411.0824612150573
south_north,1000,4,060190048013,train,1715.2487667171163
south_north,1000,4,060190048021,train,1068.5720649424309
south_north,1000,4,060190048022,train,2815.1373178781923
south_north,1000,4,060190048023,train,2211.14112824151
south_north,1000,4,060190049011,train,1603.8181545279353
south_north,1000,4,060190049012,train,1601.5410865322992
south_north,1000,4,060190049021,train,1607.078264213307
south_north,1000,4,060190049022,train,1606.8166642046192
south_north,1000,4,060190050001,buffer_excluded,0.0
south_north,1000,4,060190050002,buffer_excluded,798.2746410027535
south_north,1000,4,060190050003,buffer_excluded,0.0
south_north,1000,4,060190051001,train,1690.4040852315834
south_north,1000,4,060190051002,train,2412.99229996842
south_north,1000,4,060190051003,train,1596.6327199040513
south_north,1000,4,060190051004,train,1601.5378969161086
south_north,1000,4,060190051005,train,1603.0844452760527
south_north,1000,4,060190052021,train,1568.9316477635825
south_north,1000,4,060190052022,train,2617.772542623304
south_north,1000,4,060190052031,train,2552.356200339611
south_north,1000,4,060190052032,train,2413.929564131346
south_north,1000,4,060190052041,train,1856.178950417619
south_north,1000,4,060190052042,train,1800.333479166408
south_north,1000,4,060190052043,train,1605.7145228802372
south_north,1000,4,060190053011,buffer_excluded,805.8205617414816
south_north,1000,4,060190053012,train,1141.3293988840448
south_north,1000,4,060190053013,buffer_excluded,866.8700090467594
south_north,1000,4,060190053021,buffer_excluded,0.0
south_north,1000,4,060190053022,buffer_excluded,333.6519662463076
south_north,1000,4,060190053041,buffer_excluded,0.0
south_north,1000,4,060190053042,buffer_excluded,0.0
south_north,1000,4,060190053043,buffer_excluded,0.0
south_north,1000,4,060190053051,buffer_excluded,801.7805619483387
south_north,1000,4,060190053052,buffer_excluded,801.7101988976724
south_north,1000,4,060190054031,buffer_excluded,0.0
south_north,1000,4,060190054032,buffer_excluded,0.0
south_north,1000,4,060190054033,buffer_excluded,0.0
south_north,1000,4,060190054051,test,0.0
south_north,1000,4,060190054052,test,0.0
south_north,1000,4,060190054053,test,0.0
south_north,1000,4,060190054061,test,0.0
south_north,1000,4,060190054062,test,0.0
south_north,1000,4,060190054063,test,0.0
south_north,1000,4,060190054071,test,0.0
south_north,1000,4,060190054072,test,0.0
south_north,1000,4,060190054081,test,0.0
south_north,1000,4,060190054091,test,0.0
south_north,1000,4,060190054092,test,0.0
south_north,1000,4,060190054101,buffer_excluded,0.0
south_north,1000,4,060190054102,test,0.0
south_north,1000,4,060190055092,test,0.0
south_north,1000,4,060190055093,test,0.0
south_north,1000,4,060190055143,test,0.0
south_north,1000,4,060190055261,test,0.0
south_north,1000,4,060190055272,test,0.0
south_north,1000,4,060190056023,buffer_excluded,0.0
south_north,1000,4,060190056024,test,0.0
south_north,1000,4,060190056051,test,0.0
south_north,1000,4,060190056061,test,0.0
south_north,1000,4,060190056062,test,0.0
south_north,1000,4,060190056071,test,0.0
south_north,1000,4,060190056072,test,0.0
south_north,1000,4,060190056073,test,0.0
south_north,1000,4,060190056074,test,0.0
south_north,1000,4,060190056081,buffer_excluded,0.0
south_north,1000,4,060190056082,buffer_excluded,0.0
south_north,1000,4,060190086002,train,8895.442137819377
south_north,1000,4,060190086004,train,9664.459898763122
south_north,3000,0,060190001001,test,0.0
south_north,3000,0,060190002001,test,0.0
south_north,3000,0,060190002002,test,0.0
south_north,3000,0,060190003001,test,0.0
south_north,3000,0,060190003002,test,0.0
south_north,3000,0,060190003003,test,0.0
south_north,3000,0,060190004001,test,0.0
south_north,3000,0,060190004002,test,0.0
south_north,3000,0,060190004003,test,0.0
south_north,3000,0,060190004004,test,0.0
south_north,3000,0,060190005011,buffer_excluded,0.0
south_north,3000,0,060190005012,test,0.0
south_north,3000,0,060190005021,buffer_excluded,0.0
south_north,3000,0,060190005022,buffer_excluded,384.66062162956445
south_north,3000,0,060190006011,buffer_excluded,0.0
south_north,3000,0,060190006012,buffer_excluded,0.0
south_north,3000,0,060190006013,buffer_excluded,392.05115425945183
south_north,3000,0,060190006014,buffer_excluded,38.835621695989374
south_north,3000,0,060190006021,buffer_excluded,0.0
south_north,3000,0,060190007011,test,0.0
south_north,3000,0,060190007021,test,0.0
south_north,3000,0,060190009011,test,0.0
south_north,3000,0,060190009012,test,0.0
south_north,3000,0,060190009021,test,0.0
south_north,3000,0,060190009022,test,0.0
south_north,3000,0,060190009023,test,0.0
south_north,3000,0,060190010001,test,0.0
south_north,3000,0,060190010002,test,0.0
south_north,3000,0,060190011001,test,0.0
south_north,3000,0,060190011002,test,0.0
south_north,3000,0,060190012011,test,0.0
south_north,3000,0,060190012012,test,0.0
south_north,3000,0,060190012013,test,0.0
south_north,3000,0,060190012014,test,0.0
south_north,3000,0,060190012021,test,0.0
south_north,3000,0,060190012022,test,0.0
south_north,3000,0,060190013011,test,0.0
south_north,3000,0,060190013012,test,0.0
south_north,3000,0,060190013013,test,0.0
south_north,3000,0,060190013014,test,0.0
south_north,3000,0,060190013015,test,0.0
south_north,3000,0,060190013031,test,0.0
south_north,3000,0,060190013032,test,0.0
south_north,3000,0,060190013041,test,0.0
south_north,3000,0,060190013042,test,0.0
south_north,3000,0,060190013043,test,0.0
south_north,3000,0,060190014071,test,0.0
south_north,3000,0,060190014072,test,0.0
south_north,3000,0,060190014073,test,0.0
south_north,3000,0,060190014074,test,0.0
south_north,3000,0,060190014081,test,0.0
south_north,3000,0,060190014082,test,0.0
south_north,3000,0,060190014151,test,0.0
south_north,3000,0,060190014152,test,0.0
south_north,3000,0,060190014153,test,0.0
south_north,3000,0,060190014161,test,0.0
south_north,3000,0,060190015001,test,0.0
south_north,3000,0,060190017003,test,0.0
south_north,3000,0,060190018001,test,0.0
south_north,3000,0,060190018002,test,0.0
south_north,3000,0,060190018003,test,0.0
south_north,3000,0,060190018004,test,0.0
south_north,3000,0,060190020001,buffer_excluded,2024.4764495913128
south_north,3000,0,060190020002,buffer_excluded,0.0
south_north,3000,0,060190020003,buffer_excluded,0.0
south_north,3000,0,060190020004,buffer_excluded,0.0
south_north,3000,0,060190020005,buffer_excluded,417.8892511515883
south_north,3000,0,060190021001,buffer_excluded,1001.6178301258636
south_north,3000,0,060190021002,buffer_excluded,398.72095985121797
south_north,3000,0,060190021003,buffer_excluded,0.0
south_north,3000,0,060190021004,buffer_excluded,955.9758043664347
south_north,3000,0,060190021005,buffer_excluded,810.6254030172443
south_north,3000,0,060190022001,buffer_excluded,907.1890381428142
south_north,3000,0,060190022002,buffer_excluded,173.89847247603083
south_north,3000,0,060190022003,buffer_excluded,0.0
south_north,3000,0,060190022004,buffer_excluded,840.2708048060255
south_north,3000,0,060190023001,buffer_excluded,968.9265724627073
south_north,3000,0,060190023002,buffer_excluded,1109.5176669755517
south_north,3000,0,060190023003,buffer_excluded,486.5336697580914
south_north,3000,0,060190024001,buffer_excluded,1596.108112169057
south_north,3000,0,060190024002,buffer_excluded,783.2195577086956
south_north,3000,0,060190024003,buffer_excluded,865.9850566023699
south_north,3000,0,060190024004,buffer_excluded,1638.1004478482403
south_north,3000,0,060190025011,buffer_excluded,1613.8404781102072
south_north,3000,0,060190025012,buffer_excluded,1629.7533656303722
south_north,3000,0,060190025013,buffer_excluded,2018.521004225402
south_north,3000,0,060190025014,buffer_excluded,1614.2604888475423
south_north,3000,0,060190025021,buffer_excluded,807.8219487785105
south_north,3000,0,060190025022,buffer_excluded,836.1231627898503
south_north,3000,0,060190025023,buffer_excluded,809.4720132823937
south_north,3000,0,060190026011,buffer_excluded,0.0
south_north,3000,0,060190026012,buffer_excluded,0.0
south_north,3000,0,060190026013,buffer_excluded,0.0
south_north,3000,0,060190026021,buffer_excluded,0.0
south_north,3000,0,060190026022,test,0.0
south_north,3000,0,060190026023,test,0.0
south_north,3000,0,060190027011,buffer_excluded,0.0
south_north,3000,0,060190027012,buffer_excluded,0.0
south_north,3000,0,060190027013,buffer_excluded,0.0
south_north,3000,0,060190027021,test,0.0
south_north,3000,0,060190027022,buffer_excluded,0.0
south_north,3000,0,060190027023,test,0.0
south_north,3000,0,060190027024,test,0.0
south_north,3000,0,060190028001,buffer_excluded,903.585648404866
south_north,3000,0,060190028002,buffer_excluded,806.2521232572136
south_north,3000,0,060190028003,buffer_excluded,806.2487952773942
south_north,3000,0,060190028004,buffer_excluded,812.2618463618463
south_north,3000,0,060190029031,buffer_excluded,0.0
south_north,3000,0,060190029032,buffer_excluded,0.0
south_north,3000,0,060190029033,test,0.0
south_north,3000,0,060190029041,buffer_excluded,338.3391877808482
south_north,3000,0,060190029042,buffer_excluded,0.0
south_north,3000,0,060190029051,buffer_excluded,811.7686663332532
south_north,3000,0,060190029061,buffer_excluded,1594.2988064017193
south_north,3000,0,060190029062,buffer_excluded,1789.3414884994363
south_north,3000,0,060190030011,buffer_excluded,805.291172277209
south_north,3000,0,060190030012,buffer_excluded,806.8045304896486
south_north,3000,0,060190030031,test,0.0
south_north,3000,0,060190030032,test,0.0
south_north,3000,0,060190030041,buffer_excluded,0.0
south_north,3000,0,060190030042,buffer_excluded,0.0
south_north,3000,0,060190031021,train,7001.463855285754
south_north,3000,0,060190031022,train,6318.8165949332
south_north,3000,0,060190031023,train,6509.4875366939805
south_north,3000,0,060190031024,train,6454.953482011609
south_north,3000,0,060190031025,train,6453.692427212151
south_north,3000,0,060190031031,train,5676.799635029564
south_north,3000,0,060190031032,train,5658.147771704563
south_north,3000,0,060190031033,train,5728.165015150305
south_north,3000,0,060190031034,train,6051.5324888378445
south_north,3000,0,060190031035,train,5647.016832836731
south_north,3000,0,060190031041,train,5557.133731034849
south_north,3000,0,060190031042,buffer_excluded,2439.6709575989817
south_north,3000,0,060190032011,train,3232.460721057228
south_north,3000,0,060190032012,train,3256.270954391853
south_north,3000,0,060190032021,buffer_excluded,2439.529053835883
south_north,3000,0,060190032022,buffer_excluded,2431.360336580923
south_north,3000,0,060190032023,buffer_excluded,2574.16643571281
south_north,3000,0,060190032024,buffer_excluded,2478.4095810495455
south_north,3000,0,060190033011,train,3235.393482795014
south_north,3000,0,060190033012,train,3236.096873187844
south_north,3000,0,060190033021,buffer_excluded,2427.642223851962
south_north,3000,0,060190033022,buffer_excluded,2429.024861636857
south_north,3000,0,060190033023,buffer_excluded,2829.993098044906
south_north,3000,0,060190033024,buffer_excluded,2782.898041664258
south_north,3000,0,060190034011,buffer_excluded,2811.9875453893505
south_north,3000,0,060190034012,buffer_excluded,2410.1211331179247
south_north,3000,0,060190034013,buffer_excluded,2410.108388504279
south_north,3000,0,060190034021,train,3216.092598509027
south_north,3000,0,060190034022,train,3144.4012645735315
south_north,3000,0,060190035001,buffer_excluded,2226.44686151239
south_north,3000,0,060190035002,buffer_excluded,2934.882926871301
south_north,3000,0,060190035003,buffer_excluded,1666.2790258093278
south_north,3000,0,060190035004,buffer_excluded,2454.146290464206
south_north,3000,0,060190035005,buffer_excluded,2636.9129091965624
south_north,3000,0,060190036001,buffer_excluded,2320.690742280332
south_north,3000,0,060190036002,buffer_excluded,1606.171550138788
south_north,3000,0,060190036003,buffer_excluded,1813.5744519271243
south_north,3000,0,060190036004,buffer_excluded,2208.7510147306903
south_north,3000,0,060190036005,buffer_excluded,2819.6553290826505
south_north,3000,0,060190037011,buffer_excluded,1638.6066332945709
south_north,3000,0,060190037012,buffer_excluded,1795.502535720257
south_north,3000,0,060190037021,buffer_excluded,2841.517126301515
south_north,3000,0,060190037022,buffer_excluded,2657.260512892793
south_north,3000,0,060190037023,buffer_excluded,2436.8837620805557
south_north,3000,0,060190037024,buffer_excluded,2738.9391297349653
south_north,3000,0,060190038041,train,3973.1163662135477
south_north,3000,0,060190038042,train,3709.080191902541
south_north,3000,0,060190038043,train,3251.3257609926704
south_north,3000,0,060190038051,buffer_excluded,2838.5392395227227
south_north,3000,0,060190038052,buffer_excluded,2944.437883255026
south_north,3000,0,060190038053,train,3727.257348954522
south_north,3000,0,060190038071,buffer_excluded,2031.435399768724
south_north,3000,0,060190038072,buffer_excluded,0.0
south_north,3000,0,060190038081,buffer_excluded,1594.215691097117
south_north,3000,0,060190038082,train,3142.387268427174
south_north,3000,0,060190038083,buffer_excluded,2579.6167981860067
south_north,3000,0,060190038091,train,4530.105979122215
south_north,3000,0,060190038092,train,5432.644572317722
south_north,3000,0,060190038101,train,6152.3779893405635
south_north,3000,0,060190038102,train,5974.5788623455755
south_north,3000,0,060190038103,train,5479.475179059218
south_north,3000,0,060190038111,buffer_excluded,2003.327470989344
south_north,3000,0,060190038112,train,4846.264370210533
south_north,3000,0,060190038113,train,3785.6256253735833
south_north,3000,0,060190042051,train,6039.141474500694
south_north,3000,0,060190042052,train,5901.873804190038
south_north,3000,0,060190042053,train,5257.703036578011
south_north,3000,0,060190042054,buffer_excluded,2832.25210897963
south_north,3000,0,060190042101,train,9592.670844724858
south_north,3000,0,060190042102,train,8634.899497283282
south_north,3000,0,060190042111,train,9683.177036527595
south_north,3000,0,060190042112,train,8987.365150878468
south_north,3000,0,060190042113,train,8643.420371729759
south_north,3000,0,060190042121,train,7066.317553402492
south_north,3000,0,060190042122,train,7317.953231658378
south_north,3000,0,060190042123,train,8452.6582152142
south_north,3000,0,060190042124,train,6923.522716830472
south_north,3000,0,060190042125,train,6869.240716123816
south_north,3000,0,060190042126,train,7467.254754563795
south_north,3000,0,060190042131,train,7813.0077869353345
south_north,3000,0,060190042132,train,7107.392651820137
south_north,3000,0,060190042141,train,9279.071792404526
south_north,3000,0,060190042142,train,9255.489999452382
south_north,3000,0,060190042143,train,8473.209018108279
south_north,3000,0,060190042144,train,8521.738632904639
south_north,3000,0,060190042171,train,6450.81562533498
south_north,3000,0,060190042172,train,7265.659897950525
south_north,3000,0,060190043012,train,10102.463855340406
south_north,3000,0,060190043013,train,9719.880307152562
south_north,3000,0,060190043021,train,9056.151989572269
south_north,3000,0,060190043022,train,8122.778498427716
south_north,3000,0,060190043023,train,8859.512919174767
south_north,3000,0,060190043024,train,8270.4454629548
south_north,3000,0,060190043025,train,8056.43699162618
south_north,3000,0,060190043031,train,7327.316956878236
south_north,3000,0,060190043032,train,6598.935077068756
south_north,3000,0,060190043033,train,6451.284072631845
south_north,3000,0,060190044042,train,9688.932700348443
south_north,3000,0,060190044062,train,9976.263692876193
south_north,3000,0,060190044063,train,10705.547081026469
south_north,3000,0,060190044092,train,9684.787097525308
south_north,3000,0,060190044093,train,9628.038745588117
south_north,3000,0,060190045031,train,8853.110144839053
south_north,3000,0,060190045032,train,8050.964931507975
south_north,3000,0,060190045041,train,8221.477965811533
south_north,3000,0,060190045042,train,8099.358097459383
south_north,3000,0,060190045043,train,8627.6866076685
south_north,3000,0,060190045044,train,8954.02944783733
south_north,3000,0,060190045051,train,6503.561117562787
south_north,3000,0,060190045052,train,6788.004560270322
south_north,3000,0,060190045053,train,6655.959684652925
south_north,3000,0,060190045061,train,6442.500646322501
south_north,3000,0,060190045062,train,6448.657178676154
south_north,3000,0,060190046011,train,4739.332611977719
south_north,3000,0,060190046012,train,5648.061520260616
south_north,3000,0,060190046021,train,5440.723588436451
south_north,3000,0,060190046022,train,4834.971777561658
south_north,3000,0,060190046023,train,5638.343339024825
south_north,3000,0,060190047031,train,4450.293003721969
south_north,3000,0,060190047032,train,4298.848471086869
south_north,3000,0,060190047033,train,4175.294679245607
south_north,3000,0,060190047041,train,3408.9586638925593
south_north,3000,0,060190047042,train,3646.4145752315876
south_north,3000,0,060190047043,train,3832.7477582295282
south_north,3000,0,060190047051,train,5455.067017316058
south_north,3000,0,060190047052,train,5188.748942799947
south_north,3000,0,060190047061,train,5003.730329408845
south_north,3000,0,060190047062,train,4952.326155429829
south_north,3000,0,060190047063,train,5944.994226615711
south_north,3000,0,060190048011,train,3225.2173186380523
south_north,3000,0,060190048012,train,3627.981078538316
south_north,3000,0,060190048013,train,4007.0454341122177
south_north,3000,0,060190048021,train,4043.0800544714275
south_north,3000,0,060190048022,train,3240.7097791605706
south_north,3000,0,060190048023,train,3641.8192351303296
south_north,3000,0,060190049011,train,3279.546658844644
south_north,3000,0,060190049012,train,3823.044370497738
south_north,3000,0,060190049021,train,4058.285122050758
south_north,3000,0,060190049022,train,3275.1824624445835
south_north,3000,0,060190050001,train,5882.96969818382
south_north,3000,0,060190050002,train,5113.467468755847
south_north,3000,0,060190050003,train,4913.691489323342
south_north,3000,0,060190051001,train,4035.1727141177475
south_north,3000,0,060190051002,train,3867.4930263607343
south_north,3000,0,060190051003,train,3619.493756787827
south_north,3000,0,060190051004,train,4539.914973015116
south_north,3000,0,060190051005,train,4575.790314706343
south_north,3000,0,060190052021,train,4041.278103273823
south_north,3000,0,060190052022,train,4041.278103273823
south_north,3000,0,060190052031,train,4046.108030911811
south_north,3000,0,060190052032,train,4047.542141093628
south_north,3000,0,060190052041,train,4853.193942967988
south_north,3000,0,060190052042,train,4845.4478858353
south_north,3000,0,060190052043,train,4855.09670508989
south_north,3000,0,060190053011,train,5661.749228355584
south_north,3000,0,060190053012,train,5655.189119781439
south_north,3000,0,060190053013,train,5420.421097882691
south_north,3000,0,060190053021,train,6464.026300369462
south_north,3000,0,060190053022,train,6152.4805301711685
south_north,3000,0,060190053041,train,6461.735191016729
south_north,3000,0,060190053042,train,6928.2087698469895
south_north,3000,0,060190053043,train,6463.386003611289
south_north,3000,0,060190053051,train,5664.659381335273
south_north,3000,0,060190053052,train,5690.717130211782
south_north,3000,0,060190054031,train,7222.713499182689
south_north,3000,0,060190054032,train,7590.959284877025
south_north,3000,0,060190054033,train,7674.726265618642
south_north,3000,0,060190054051,train,8421.761259551997
south_north,3000,0,060190054052,train,8694.820135434093
south_north,3000,0,060190054053,train,8880.872333915295
south_north,3000,0,060190054061,train,9192.368709183644
south_north,3000,0,060190054062,train,9440.199183682516
south_north,3000,0,060190054063,train,9676.780296920295
south_north,3000,0,060190054071,train,9679.559677035742
south_north,3000,0,060190054072,train,9682.975001337747
south_north,3000,0,060190054081,train,7265.091817969189
south_north,3000,0,060190054091,train,7948.943603766811
south_north,3000,0,060190054092,train,8074.776953912684
south_north,3000,0,060190054101,train,6898.828684256073
south_north,3000,0,060190054102,train,7275.827038920609
south_north,3000,0,060190055092,train,10885.967296533574
south_north,3000,0,060190055093,train,10485.166322712956
south_north,3000,0,060190055143,train,10483.450507446425
south_north,3000,0,060190055261,train,10467.797479279394
south_north,3000,0,060190055272,train,10380.988325173916
south_north,3000,0,060190056023,train,7260.926194675624
south_north,3000,0,060190056024,train,8876.538946910936
south_north,3000,0,060190056051,train,8918.450045104391
south_north,3000,0,060190056061,train,9683.937540159748
south_north,3000,0,060190056062,train,8875.35741509321
south_north,3000,0,060190056071,train,8155.981385806506
south_north,3000,0,060190056072,train,8066.704181670191
south_north,3000,0,060190056073,train,8075.569896240398
south_north,3000,0,060190056074,train,8394.277766131272
south_north,3000,0,060190056081,train,7261.120828506764
south_north,3000,0,060190056082,train,7262.481629542736
south_north,3000,0,060190086002,test,0.0
south_north,3000,0,060190086004,test,0.0
south_north,3000,1,060190001001,buffer_excluded,0.0
south_north,3000,1,060190002001,buffer_excluded,0.0
south_north,3000,1,060190002002,buffer_excluded,715.1414943465684
south_north,3000,1,060190003001,buffer_excluded,1351.7387909753893
south_north,3000,1,060190003002,buffer_excluded,0.0
south_north,3000,1,060190003003,buffer_excluded,1060.767638312879
south_north,3000,1,060190004001,buffer_excluded,389.4972206658239
south_north,3000,1,060190004002,buffer_excluded,1071.5371175092014
south_north,3000,1,060190004003,buffer_excluded,0.0
south_north,3000,1,060190004004,buffer_excluded,0.0
south_north,3000,1,060190005011,test,0.0
south_north,3000,1,060190005012,buffer_excluded,0.0
south_north,3000,1,060190005021,test,0.0
south_north,3000,1,060190005022,test,0.0
south_north,3000,1,060190006011,test,0.0
south_north,3000,1,060190006012,test,0.0
south_north,3000,1,060190006013,test,0.0
south_north,3000,1,060190006014,test,0.0
south_north,3000,1,060190006021,test,0.0
south_north,3000,1,060190007011,buffer_excluded,1695.4623611891523
south_north,3000,1,060190007021,buffer_excluded,0.0
south_north,3000,1,060190009011,buffer_excluded,2321.9944883813437
south_north,3000,1,060190009012,buffer_excluded,1612.8395338578594
south_north,3000,1,060190009021,buffer_excluded,833.8856372329635
south_north,3000,1,060190009022,buffer_excluded,1031.1631428520495
south_north,3000,1,060190009023,buffer_excluded,1425.5589004070303
south_north,3000,1,060190010001,buffer_excluded,2416.818576623864
south_north,3000,1,060190010002,buffer_excluded,2632.697788715132
south_north,3000,1,060190011001,buffer_excluded,1592.899009438531
south_north,3000,1,060190011002,buffer_excluded,782.6035034719698
south_north,3000,1,060190012011,buffer_excluded,931.1121615175804
south_north,3000,1,060190012012,buffer_excluded,2751.7330317861056
south_north,3000,1,060190012013,buffer_excluded,2558.4022309164698
south_north,3000,1,060190012014,train,3110.5839494885477
south_north,3000,1,060190012021,buffer_excluded,1615.6457762495652
south_north,3000,1,060190012022,buffer_excluded,2415.995008859016
south_north,3000,1,060190013011,buffer_excluded,391.24301311138436
south_north,3000,1,060190013012,buffer_excluded,478.739596555262
south_north,3000,1,060190013013,buffer_excluded,400.6124720554776
south_north,3000,1,060190013014,buffer_excluded,0.0
south_north,3000,1,060190013015,buffer_excluded,647.3611742431065
south_north,3000,1,060190013031,buffer_excluded,1195.465879744916
south_north,3000,1,060190013032,buffer_excluded,1208.284941321618
south_north,3000,1,060190013041,buffer_excluded,1152.6581310120705
south_north,3000,1,060190013042,buffer_excluded,806.3725104003743
south_north,3000,1,060190013043,buffer_excluded,1314.220361884564
south_north,3000,1,060190014071,buffer_excluded,400.1249484521416
south_north,3000,1,060190014072,buffer_excluded,398.13106531387064
south_north,3000,1,060190014073,buffer_excluded,0.0
south_north,3000,1,060190014074,buffer_excluded,0.0
south_north,3000,1,060190014081,buffer_excluded,803.0169446763463
south_north,3000,1,060190014082,buffer_excluded,801.9270412064717
south_north,3000,1,060190014151,buffer_excluded,2368.1519154587736
south_north,3000,1,060190014152,buffer_excluded,1510.930940324184
south_north,3000,1,060190014153,buffer_excluded,1561.5890653002282
south_north,3000,1,060190014161,buffer_excluded,1510.0390840562277
south_north,3000,1,060190015001,buffer_excluded,2608.9398073754533
south_north,3000,1,060190017003,train,10551.91195817195
south_north,3000,1,060190018001,train,3204.8125479433315
south_north,3000,1,060190018002,train,7241.4296275788965
south_north,3000,1,060190018003,train,7488.309083233214
south_north,3000,1,060190018004,train,7248.380560104838
south_north,3000,1,060190020001,buffer_excluded,0.0
south_north,3000,1,060190020002,test,0.0
south_north,3000,1,060190020003,test,0.0
south_north,3000,1,060190020004,test,0.0
south_north,3000,1,060190020005,test,0.0
south_north,3000,1,060190021001,test,0.0
south_north,3000,1,060190021002,test,0.0
south_north,3000,1,060190021003,test,0.0
south_north,3000,1,060190021004,test,0.0
south_north,3000,1,060190021005,test,0.0
south_north,3000,1,060190022001,test,0.0
south_north,3000,1,060190022002,test,0.0
south_north,3000,1,060190022003,test,0.0
south_north,3000,1,060190022004,test,0.0
south_north,3000,1,060190023001,test,0.0
south_north,3000,1,060190023002,test,0.0
south_north,3000,1,060190023003,test,0.0
south_north,3000,1,060190024001,test,0.0
south_north,3000,1,060190024002,test,0.0
south_north,3000,1,060190024003,test,0.0
south_north,3000,1,060190024004,test,0.0
south_north,3000,1,060190025011,test,0.0
south_north,3000,1,060190025012,test,0.0
south_north,3000,1,060190025013,test,0.0
south_north,3000,1,060190025014,test,0.0
south_north,3000,1,060190025021,test,0.0
south_north,3000,1,060190025022,test,0.0
south_north,3000,1,060190025023,test,0.0
south_north,3000,1,060190026011,test,0.0
south_north,3000,1,060190026012,test,0.0
south_north,3000,1,060190026013,test,0.0
south_north,3000,1,060190026021,test,0.0
south_north,3000,1,060190026022,buffer_excluded,0.0
south_north,3000,1,060190026023,buffer_excluded,0.0
south_north,3000,1,060190027011,test,0.0
south_north,3000,1,060190027012,test,0.0
south_north,3000,1,060190027013,test,0.0
south_north,3000,1,060190027021,buffer_excluded,0.0
south_north,3000,1,060190027022,test,0.0
south_north,3000,1,060190027023,buffer_excluded,0.0
south_north,3000,1,060190027024,buffer_excluded,0.0
south_north,3000,1,060190028001,test,0.0
south_north,3000,1,060190028002,test,0.0
south_north,3000,1,060190028003,test,0.0
south_north,3000,1,060190028004,test,0.0
south_north,3000,1,060190029031,test,0.0
south_north,3000,1,060190029032,test,0.0
south_north,3000,1,060190029033,buffer_excluded,0.0
south_north,3000,1,060190029041,test,0.0
south_north,3000,1,060190029042,test,0.0
south_north,3000,1,060190029051,test,0.0
south_north,3000,1,060190029061,test,0.0
south_north,3000,1,060190029062,test,0.0
south_north,3000,1,060190030011,test,0.0
south_north,3000,1,060190030012,test,0.0
south_north,3000,1,060190030031,buffer_excluded,0.0
south_north,3000,1,060190030032,buffer_excluded,0.0
south_north,3000,1,060190030041,test,0.0
south_north,3000,1,060190030042,test,0.0
south_north,3000,1,060190031021,train,4555.651119172349
south_north,3000,1,060190031022,train,3855.0875883087506
south_north,3000,1,060190031023,train,4006.507299170478
south_north,3000,1,060190031024,train,4004.5175636402228
south_north,3000,1,060190031025,train,4004.5175636402228
south_north,3000,1,060190031031,train,3211.149093719204
south_north,3000,1,060190031032,train,3207.7218595149957
south_north,3000,1,060190031033,train,3216.356083664112
south_north,3000,1,060190031034,train,3603.1745340414545
south_north,3000,1,060190031035,train,3201.9356501710104
south_north,3000,1,060190031041,train,3093.242412567247
south_north,3000,1,060190031042,buffer_excluded,0.0
south_north,3000,1,060190032011,buffer_excluded,404.5098084599566
south_north,3000,1,060190032012,buffer_excluded,785.3266281146114
south_north,3000,1,060190032021,buffer_excluded,0.0
south_north,3000,1,060190032022,buffer_excluded,0.0
south_north,3000,1,060190032023,buffer_excluded,0.0
south_north,3000,1,060190032024,buffer_excluded,0.0
south_north,3000,1,060190033011,buffer_excluded,358.59989418759034
south_north,3000,1,060190033012,buffer_excluded,344.4362697245459
south_north,3000,1,060190033021,test,0.0
south_north,3000,1,060190033022,test,0.0
south_north,3000,1,060190033023,buffer_excluded,0.0
south_north,3000,1,060190033024,buffer_excluded,0.0
south_north,3000,1,060190034011,buffer_excluded,0.0
south_north,3000,1,060190034012,buffer_excluded,0.0
south_north,3000,1,060190034013,buffer_excluded,0.0
south_north,3000,1,060190034021,buffer_excluded,405.4505178531129
south_north,3000,1,060190034022,buffer_excluded,570.1027170142452
south_north,3000,1,060190035001,buffer_excluded,0.0
south_north,3000,1,060190035002,buffer_excluded,640.9247977625415
south_north,3000,1,060190035003,buffer_excluded,0.0
south_north,3000,1,060190035004,buffer_excluded,100.83659477013785
south_north,3000,1,060190035005,buffer_excluded,598.2998936036945
south_north,3000,1,060190036001,buffer_excluded,0.0
south_north,3000,1,060190036002,test,0.0
south_north,3000,1,060190036003,buffer_excluded,0.0
south_north,3000,1,060190036004,buffer_excluded,0.0
south_north,3000,1,060190036005,buffer_excluded,503.56245191685065
south_north,3000,1,060190037011,buffer_excluded,0.0
south_north,3000,1,060190037012,buffer_excluded,0.0
south_north,3000,1,060190037021,buffer_excluded,1008.9070996791364
south_north,3000,1,060190037022,buffer_excluded,805.156514490791
south_north,3000,1,060190037023,buffer_excluded,603.0614593026643
south_north,3000,1,060190037024,buffer_excluded,893.2494088229276
south_north,3000,1,060190038041,buffer_excluded,1611.392971930107
south_north,3000,1,060190038042,buffer_excluded,805.2541993149719
south_north,3000,1,060190038043,buffer_excluded,802.2989853958505
south_north,3000,1,060190038051,buffer_excluded,804.5700153771461
south_north,3000,1,060190038052,buffer_excluded,801.2099280574548
south_north,3000,1,060190038053,buffer_excluded,1611.2163295412222
south_north,3000,1,060190038071,buffer_excluded,0.0
south_north,3000,1,060190038072,test,0.0
south_north,3000,1,060190038081,test,0.0
south_north,3000,1,060190038082,buffer_excluded,0.0
south_north,3000,1,060190038083,buffer_excluded,0.0
south_north,3000,1,060190038091,buffer_excluded,2412.6505705103446
south_north,3000,1,060190038092,train,3204.7334037919454
south_north,3000,1,060190038101,train,3221.596069673442
south_north,3000,1,060190038102,buffer_excluded,2417.984176182822
south_north,3000,1,060190038103,buffer_excluded,2418.102763073268
south_north,3000,1,060190038111,test,0.0
south_north,3000,1,060190038112,buffer_excluded,1610.114602808357
south_north,3000,1,060190038113,buffer_excluded,0.0
south_north,3000,1,060190042051,train,4007.508563434298
south_north,3000,1,060190042052,train,3870.2407698950537
south_north,3000,1,060190042053,train,3224.6846643609306
south_north,3000,1,060190042054,buffer_excluded,803.6033811592603
south_north,3000,1,060190042101,train,7259.738157193155
south_north,3000,1,060190042102,train,6451.198968279806
south_north,3000,1,060190042111,train,7221.741773858281
south_north,3000,1,060190042112,train,6341.527143808997
south_north,3000,1,060190042113,train,6366.862182043139
south_north,3000,1,060190042121,train,4851.864729498529
south_north,3000,1,060190042122,train,5245.272042539619
south_north,3000,1,060190042123,train,5618.318889917389
south_north,3000,1,060190042124,train,4848.037190427661
south_north,3000,1,060190042125,train,4840.335420615468
south_north,3000,1,060190042126,train,4855.692187662875
south_north,3000,1,060190042131,train,5742.025877886901
south_north,3000,1,060190042132,train,5075.762984752942
south_north,3000,1,060190042141,train,7192.864279756797
south_north,3000,1,060190042142,train,7255.143185573404
south_north,3000,1,060190042143,train,6441.586504629489
south_north,3000,1,060190042144,train,6453.64719535053
south_north,3000,1,060190042171,train,4034.5204493830493
south_north,3000,1,060190042172,train,4033.6656932624314
south_north,3000,1,060190043012,train,8068.688059345233
south_north,3000,1,060190043013,train,7501.849364849553
south_north,3000,1,060190043021,train,6951.252323523321
south_north,3000,1,060190043022,train,5938.49305555552
south_north,3000,1,060190043023,train,6577.681467103691
south_north,3000,1,060190043024,train,6200.525056710198
south_north,3000,1,060190043025,train,5780.437448328848
south_north,3000,1,060190043031,train,5168.238818523303
south_north,3000,1,060190043032,train,4543.167465682403
south_north,3000,1,060190043033,train,4194.494814399224
south_north,3000,1,060190044042,train,7340.218584048106
south_north,3000,1,060190044062,train,7584.819735119211
south_north,3000,1,060190044063,train,8353.654355942474
south_north,3000,1,060190044092,train,7432.695020974959
south_north,3000,1,060190044093,train,7319.045691572423
south_north,3000,1,060190045031,train,6535.2444064885985
south_north,3000,1,060190045032,train,5732.080681182417
south_north,3000,1,060190045041,train,5868.639569818254
south_north,3000,1,060190045042,train,5751.480621345496
south_north,3000,1,060190045043,train,6280.917929776707
south_north,3000,1,060190045044,train,6600.194818858088
south_north,3000,1,060190045051,train,4151.98922356191
south_north,3000,1,060190045052,train,4472.00706569092
south_north,3000,1,060190045053,train,4312.688952662246
south_north,3000,1,060190045061,train,4127.582357036685
south_north,3000,1,060190045062,train,4124.554123624581
south_north,3000,1,060190046011,buffer_excluded,2532.6148475510468
south_north,3000,1,060190046012,train,3408.7086637393245
south_north,3000,1,060190046021,train,3119.5141198567944
south_north,3000,1,060190046022,buffer_excluded,2516.411713193217
south_north,3000,1,060190046023,train,3320.8693240178627
south_north,3000,1,060190047031,buffer_excluded,2418.660267340202
south_north,3000,1,060190047032,buffer_excluded,2425.660843840706
south_north,3000,1,060190047033,buffer_excluded,2327.45913078599
south_north,3000,1,060190047041,buffer_excluded,1615.128918673568
south_north,3000,1,060190047042,buffer_excluded,1617.5413508186607
south_north,3000,1,060190047043,buffer_excluded,1801.579252415116
south_north,3000,1,060190047051,train,3517.3900025088474
south_north,3000,1,060190047052,train,3226.141643614625
south_north,3000,1,060190047061,train,3007.49294041293
south_north,3000,1,060190047062,buffer_excluded,2962.9013233062165
south_north,3000,1,060190047063,train,4037.35492771393
south_north,3000,1,060190048011,buffer_excluded,905.9549080383708
south_north,3000,1,060190048012,buffer_excluded,1310.9687560299747
south_north,3000,1,060190048013,buffer_excluded,1686.3163985581791
south_north,3000,1,060190048021,buffer_excluded,1882.356830911438
south_north,3000,1,060190048022,buffer_excluded,1204.5387116158622
south_north,3000,1,060190048023,buffer_excluded,1527.899672546703
south_north,3000,1,060190049011,buffer_excluded,925.0222412614214
south_north,3000,1,060190049012,buffer_excluded,1474.8808760033896
south_north,3000,1,060190049021,buffer_excluded,1737.5549727971852
south_north,3000,1,060190049022,buffer_excluded,920.5696078317097
south_north,3000,1,060190050001,train,3552.3763978897105
south_north,3000,1,060190050002,buffer_excluded,2809.3102833273565
south_north,3000,1,060190050003,buffer_excluded,2559.067113499828
south_north,3000,1,060190051001,buffer_excluded,1219.0830776703615
south_north,3000,1,060190051002,buffer_excluded,1342.7144838470176
south_north,3000,1,060190051003,buffer_excluded,1522.6601726809295
south_north,3000,1,060190051004,buffer_excluded,2275.728093286095
south_north,3000,1,060190051005,buffer_excluded,2045.789834339759
south_north,3000,1,060190052021,buffer_excluded,1457.0378620211343
south_north,3000,1,060190052022,buffer_excluded,1188.5909631251648
south_north,3000,1,060190052031,buffer_excluded,1167.1276050496258
south_north,3000,1,060190052032,buffer_excluded,1153.4208593780882
south_north,3000,1,060190052041,buffer_excluded,1963.276464100614
south_north,3000,1,060190052042,buffer_excluded,1974.9486899762005
south_north,3000,1,060190052043,buffer_excluded,1960.4034444893184
south_north,3000,1,060190053011,buffer_excluded,2768.3665500985403
south_north,3000,1,060190053012,buffer_excluded,2784.794676498306
south_north,3000,1,060190053013,buffer_excluded,2805.1888924762156
south_north,3000,1,060190053021,train,3570.4811199121364
south_north,3000,1,060190053022,train,3585.7381597639537
south_north,3000,1,060190053041,train,3582.4614741874725
south_north,3000,1,060190053042,train,4230.559429177182
south_north,3000,1,060190053043,train,3722.0439038012996
south_north,3000,1,060190053051,buffer_excluded,2784.7650429557093
south_north,3000,1,060190053052,buffer_excluded,2972.545773604456
south_north,3000,1,060190054031,train,4377.00769185473
south_north,3000,1,060190054032,train,4792.794781549661
south_north,3000,1,060190054033,train,4780.877241291411
south_north,3000,1,060190054051,train,6010.734475545648
south_north,3000,1,060190054052,train,6002.708063061823
south_north,3000,1,060190054053,train,5989.097075767223
south_north,3000,1,060190054061,train,6805.8052572733
south_north,3000,1,060190054062,train,6800.519457804637
south_north,3000,1,060190054063,train,6785.728002544533
south_north,3000,1,060190054071,train,6794.054900754156
south_north,3000,1,060190054072,train,6880.106971314306
south_north,3000,1,060190054081,train,4386.352851854518
south_north,3000,1,060190054091,train,5194.084842306557
south_north,3000,1,060190054092,train,5181.46158655567
south_north,3000,1,060190054101,train,4403.949762555035
south_north,3000,1,060190054102,train,4846.458019333426
south_north,3000,1,060190055092,train,8042.593678008704
south_north,3000,1,060190055093,train,7643.885623883353
south_north,3000,1,060190055143,train,7974.695848170834
south_north,3000,1,060190055261,train,7578.7221013103945
south_north,3000,1,060190055272,train,7570.215475422427
south_north,3000,1,060190056023,train,4796.619326240763
south_north,3000,1,060190056024,train,6432.519575135505
south_north,3000,1,060190056051,train,6265.0501566375715
south_north,3000,1,060190056061,train,7200.994376092509
south_north,3000,1,060190056062,train,6427.100471582836
south_north,3000,1,060190056071,train,5705.624079676198
south_north,3000,1,060190056072,train,5620.7337635324875
south_north,3000,1,060190056073,train,5619.371264087582
south_north,3000,1,060190056074,train,5950.3941461780705
south_north,3000,1,060190056081,train,4812.113809517807
south_north,3000,1,060190056082,train,4811.944891408134
south_north,3000,1,060190086002,buffer_excluded,2003.327470989344
south_north,3000,1,060190086004,buffer_excluded,2598.1297275709503
south_north,3000,2,060190001001,buffer_excluded,2415.9179452989533
south_north,3000,2,060190002001,buffer_excluded,2374.333717913481
south_north,3000,2,060190002002,buffer_excluded,2897.46460451233
south_north,3000,2,060190003001,train,4035.6289402625707
south_north,3000,2,060190003002,train,3405.2299103554105
south_north,3000,2,060190003003,train,4027.3039720925667
south_north,3000,2,060190004001,train,3251.971658395232
south_north,3000,2,060190004002,train,4049.2132048714707
south_north,3000,2,060190004003,train,3370.334710605079
south_north,3000,2,060190004004,train,3238.856975387772
south_north,3000,2,060190005011,buffer_excluded,1619.5770892156097
south_north,3000,2,060190005012,buffer_excluded,2410.108388504279
south_north,3000,2,060190005021,buffer_excluded,1624.5109812901383
south_north,3000,2,060190005022,buffer_excluded,1624.5109812901383
south_north,3000,2,060190006011,buffer_excluded,2128.107283498635
south_north,3000,2,060190006012,buffer_excluded,1618.110447312069
south_north,3000,2,060190006013,buffer_excluded,1621.2695000158112
south_north,3000,2,060190006014,buffer_excluded,2022.5397789612778
south_north,3000,2,060190006021,buffer_excluded,1625.3875260362306
south_north,3000,2,060190007011,train,4018.277551468841
south_north,3000,2,060190007021,buffer_excluded,1638.6066332945709
south_north,3000,2,060190009011,train,5642.330502532754
south_north,3000,2,060190009012,train,5650.403121221135
south_north,3000,2,060190009021,train,4718.562213111304
south_north,3000,2,060190009022,train,4768.626989206603
south_north,3000,2,060190009023,train,4828.633581134751
south_north,3000,2,060190010001,train,6462.3581223936535
south_north,3000,2,060190010002,train,6448.328200546115
south_north,3000,2,060190011001,train,5645.590586761136
south_north,3000,2,060190011002,train,4784.634588283349
south_north,3000,2,060190012011,train,4814.955460983345
south_north,3000,2,060190012012,train,5662.407694520705
south_north,3000,2,060190012013,train,5660.288024002388
south_north,3000,2,060190012014,train,6464.52883295321
south_north,3000,2,060190012021,train,4858.736753207255
south_north,3000,2,060190012022,train,5663.339177877702
south_north,3000,2,060190013011,train,3266.2187171917058
south_north,3000,2,060190013012,train,3251.025204462539
south_north,3000,2,060190013013,train,3243.7721516109937
south_north,3000,2,060190013014,train,3249.7481577776616
south_north,3000,2,060190013015,train,3247.3899636166925
south_north,3000,2,060190013031,train,4077.541232080094
south_north,3000,2,060190013032,train,4057.470054152011
south_north,3000,2,060190013041,train,4050.913294414493
south_north,3000,2,060190013042,train,4053.2934109556377
south_north,3000,2,060190013043,train,4053.336783125247
south_north,3000,2,060190014071,train,3649.908036814687
south_north,3000,2,060190014072,train,3652.80562431097
south_north,3000,2,060190014073,train,3256.612445687696
south_north,3000,2,060190014074,train,3248.5700208238436
south_north,3000,2,060190014081,train,4055.365101911148
south_north,3000,2,060190014082,train,4058.5967676925056
south_north,3000,2,060190014151,train,5625.954492896175
south_north,3000,2,060190014152,train,4767.578955875541
south_north,3000,2,060190014153,train,4819.381648625853
south_north,3000,2,060190014161,train,4763.677470884464
south_north,3000,2,060190015001,train,6457.748243334116
south_north,3000,2,060190017003,train,14524.64856405023
south_north,3000,2,060190018001,train,7264.332217893953
south_north,3000,2,060190018002,train,11298.270340160523
south_north,3000,2,060190018003,train,11282.416210773918
south_north,3000,2,060190018004,train,11302.893454901854
south_north,3000,2,060190020001,test,0.0
south_north,3000,2,060190020002,buffer_excluded,0.0
south_north,3000,2,060190020003,buffer_excluded,1603.579987196263
south_north,3000,2,060190020004,buffer_excluded,802.309427397417
south_north,3000,2,060190020005,buffer_excluded,802.8571287175286
south_north,3000,2,060190021001,buffer_excluded,201.02474133980655
south_north,3000,2,060190021002,buffer_excluded,635.0847235740973
south_north,3000,2,060190021003,buffer_excluded,804.1533880087068
south_north,3000,2,060190021004,buffer_excluded,0.0
south_north,3000,2,060190021005,buffer_excluded,0.0
south_north,3000,2,060190022001,buffer_excluded,0.0
south_north,3000,2,060190022002,buffer_excluded,810.5339619823266
south_north,3000,2,060190022003,buffer_excluded,163.49399774901363
south_north,3000,2,060190022004,buffer_excluded,0.0
south_north,3000,2,060190023001,buffer_excluded,0.0
south_north,3000,2,060190023002,buffer_excluded,0.0
south_north,3000,2,060190023003,buffer_excluded,1071.4047998783901
south_north,3000,2,060190024001,buffer_excluded,0.0
south_north,3000,2,060190024002,buffer_excluded,812.2546351117929
south_north,3000,2,060190024003,buffer_excluded,812.7015809837055
south_north,3000,2,060190024004,buffer_excluded,0.0
south_north,3000,2,060190025011,buffer_excluded,0.0
south_north,3000,2,060190025012,buffer_excluded,395.6329998282045
south_north,3000,2,060190025013,buffer_excluded,0.0
south_north,3000,2,060190025014,buffer_excluded,417.7516112377351
south_north,3000,2,060190025021,buffer_excluded,813.8124847809769
south_north,3000,2,060190025022,buffer_excluded,906.8166768780886
south_north,3000,2,060190025023,buffer_excluded,821.751068502155
south_north,3000,2,060190026011,buffer_excluded,1619.8261237142212
south_north,3000,2,060190026012,buffer_excluded,1675.0273381970976
south_north,3000,2,060190026013,buffer_excluded,1625.5404553769379
south_north,3000,2,060190026021,buffer_excluded,2427.764081382397
south_north,3000,2,060190026022,buffer_excluded,2440.037870997384
south_north,3000,2,060190026023,buffer_excluded,2847.6683180253567
south_north,3000,2,060190027011,buffer_excluded,1625.9521877978827
south_north,3000,2,060190027012,buffer_excluded,1628.0537605361587
south_north,3000,2,060190027013,buffer_excluded,1624.7408676687337
south_north,3000,2,060190027021,buffer_excluded,2431.360336580923
south_north,3000,2,060190027022,buffer_excluded,2436.71814277425
south_north,3000,2,060190027023,buffer_excluded,2842.6280224415423
south_north,3000,2,060190027024,buffer_excluded,2845.770799382689
south_north,3000,2,060190028001,buffer_excluded,0.0
south_north,3000,2,060190028002,buffer_excluded,0.0
south_north,3000,2,060190028003,buffer_excluded,0.0
south_north,3000,2,060190028004,buffer_excluded,406.6694194010735
south_north,3000,2,060190029031,buffer_excluded,2442.2069949323477
south_north,3000,2,060190029032,buffer_excluded,2445.6396428884136
south_north,3000,2,060190029033,buffer_excluded,2786.09948503315
south_north,3000,2,060190029041,buffer_excluded,1635.1276181221858
south_north,3000,2,060190029042,buffer_excluded,1637.8980281873817
south_north,3000,2,060190029051,buffer_excluded,829.2394519442258
south_north,3000,2,060190029061,buffer_excluded,318.32229595549904
south_north,3000,2,060190029062,buffer_excluded,0.0
south_north,3000,2,060190030011,buffer_excluded,0.0
south_north,3000,2,060190030012,buffer_excluded,853.4560911553825
south_north,3000,2,060190030031,buffer_excluded,2443.0324496372796
south_north,3000,2,060190030032,buffer_excluded,2439.6709575989817
south_north,3000,2,060190030041,buffer_excluded,1631.9650965882465
south_north,3000,2,060190030042,buffer_excluded,1633.7614901063043
south_north,3000,2,060190031021,buffer_excluded,1346.2724083084072
south_north,3000,2,060190031022,buffer_excluded,753.9459125711347
south_north,3000,2,060190031023,buffer_excluded,784.4759471634444
south_north,3000,2,060190031024,buffer_excluded,790.2812135002049
south_north,3000,2,060190031025,buffer_excluded,753.7644932011774
south_north,3000,2,060190031031,buffer_excluded,0.0
south_north,3000,2,060190031032,buffer_excluded,0.0
south_north,3000,2,060190031033,buffer_excluded,0.0
south_north,3000,2,060190031034,buffer_excluded,390.2960645353487
south_north,3000,2,060190031035,buffer_excluded,0.0
south_north,3000,2,060190031041,buffer_excluded,0.0
south_north,3000,2,060190031042,test,0.0
south_north,3000,2,060190032011,test,0.0
south_north,3000,2,060190032012,test,0.0
south_north,3000,2,060190032021,test,0.0
south_north,3000,2,060190032022,test,0.0
south_north,3000,2,060190032023,test,0.0
south_north,3000,2,060190032024,test,0.0
south_north,3000,2,060190033011,test,0.0
south_north,3000,2,060190033012,test,0.0
south_north,3000,2,060190033021,buffer_excluded,0.0
south_north,3000,2,060190033022,buffer_excluded,0.0
south_north,3000,2,060190033023,test,0.0
south_north,3000,2,060190033024,test,0.0
south_north,3000,2,060190034011,test,0.0
south_north,3000,2,060190034012,test,0.0
south_north,3000,2,060190034013,test,0.0
south_north,3000,2,060190034021,test,0.0
south_north,3000,2,060190034022,test,0.0
south_north,3000,2,060190035001,test,0.0
south_north,3000,2,060190035002,test,0.0
south_north,3000,2,060190035003,test,0.0
south_north,3000,2,060190035004,test,0.0
south_north,3000,2,060190035005,test,0.0
south_north,3000,2,060190036001,test,0.0
south_north,3000,2,060190036002,buffer_excluded,0.0
south_north,3000,2,060190036003,test,0.0
south_north,3000,2,060190036004,test,0.0
south_north,3000,2,060190036005,test,0.0
south_north,3000,2,060190037011,test,0.0
south_north,3000,2,060190037012,test,0.0
south_north,3000,2,060190037021,test,0.0
south_north,3000,2,060190037022,test,0.0
south_north,3000,2,060190037023,test,0.0
south_north,3000,2,060190037024,test,0.0
south_north,3000,2,060190038041,test,0.0
south_north,3000,2,060190038042,test,0.0
south_north,3000,2,060190038043,test,0.0
south_north,3000,2,060190038051,test,0.0
south_north,3000,2,060190038052,test,0.0
south_north,3000,2,060190038053,test,0.0
south_north,3000,2,060190038071,test,0.0
south_north,3000,2,060190038072,buffer_excluded,0.0
south_north,3000,2,060190038081,buffer_excluded,0.0
south_north,3000,2,060190038082,test,0.0
south_north,3000,2,060190038083,test,0.0
south_north,3000,2,060190038091,buffer_excluded,0.0
south_north,3000,2,060190038092,buffer_excluded,362.198079218502
south_north,3000,2,060190038101,buffer_excluded,0.0
south_north,3000,2,060190038102,buffer_excluded,0.0
south_north,3000,2,060190038103,test,0.0
south_north,3000,2,060190038111,buffer_excluded,0.0
south_north,3000,2,060190038112,test,0.0
south_north,3000,2,060190038113,test,0.0
south_north,3000,2,060190042051,buffer_excluded,1114.6375090138722
south_north,3000,2,060190042052,buffer_excluded,1022.9772194039267
south_north,3000,2,060190042053,buffer_excluded,618.219345027135
south_north,3000,2,060190042054,buffer_excluded,0.0
south_north,3000,2,060190042101,train,4072.563625648221
south_north,3000,2,060190042102,train,3566.0469668429573
south_north,3000,2,060190042111,train,3994.6763205094676
south_north,3000,2,060190042112,train,3114.500739716871
south_north,3000,2,060190042113,train,3138.249846844131
south_north,3000,2,060190042121,buffer_excluded,1653.2529354439448
south_north,3000,2,060190042122,buffer_excluded,2573.196488502752
south_north,3000,2,060190042123,buffer_excluded,2391.25438888174
south_north,3000,2,060190042124,buffer_excluded,2218.4846424743455
south_north,3000,2,060190042125,buffer_excluded,1686.5783801026141
south_north,3000,2,060190042126,buffer_excluded,1653.2529354439448
south_north,3000,2,060190042131,buffer_excluded,2987.3146707317437
south_north,3000,2,060190042132,buffer_excluded,2014.1700478696007
south_north,3000,2,060190042141,train,4332.157167656344
south_north,3000,2,060190042142,train,4103.477436996969
south_north,3000,2,060190042143,train,3313.912744162734
south_north,3000,2,060190042144,train,3600.98006054042
south_north,3000,2,060190042171,buffer_excluded,807.3909100385255
south_north,3000,2,060190042172,buffer_excluded,809.1188935883463
south_north,3000,2,060190043012,train,4953.596294921924
south_north,3000,2,060190043013,train,4825.050860705112
south_north,3000,2,060190043021,train,4025.989381452664
south_north,3000,2,060190043022,train,3216.3300151709145
south_north,3000,2,060190043023,train,4068.073179054238
south_north,3000,2,060190043024,train,3221.2979657611486
south_north,3000,2,060190043025,train,3273.796997891654
south_north,3000,2,060190043031,buffer_excluded,2411.935578546185
south_north,3000,2,060190043032,buffer_excluded,1610.7199324165613
south_north,3000,2,060190043033,buffer_excluded,1628.4860769924105
south_north,3000,2,060190044042,train,4787.322054170863
south_north,3000,2,060190044062,train,4799.888840943939
south_north,3000,2,060190044063,train,5615.003770700346
south_north,3000,2,060190044092,train,4866.23056895601
south_north,3000,2,060190044093,train,4807.944986141265
south_north,3000,2,060190045031,train,4011.994363993452
south_north,3000,2,060190045032,train,3208.782961332536
south_north,3000,2,060190045041,train,3199.68517471215
south_north,3000,2,060190045042,train,3203.642046927533
south_north,3000,2,060190045043,train,3735.268605935462
south_north,3000,2,060190045044,train,4006.114136732403
south_north,3000,2,060190045051,buffer_excluded,1601.5410865322992
south_north,3000,2,060190045052,buffer_excluded,1598.030719888342
south_north,3000,2,060190045053,buffer_excluded,1596.6327199040513
south_north,3000,2,060190045061,buffer_excluded,1610.4761988002913
south_north,3000,2,060190045062,buffer_excluded,1603.8181545279353
south_north,3000,2,060190046011,buffer_excluded,0.0
south_north,3000,2,060190046012,buffer_excluded,910.5959421793619
south_north,3000,2,060190046021,buffer_excluded,600.6891495474013
south_north,3000,2,060190046022,buffer_excluded,0.0
south_north,3000,2,060190046023,buffer_excluded,803.7067823379716
south_north,3000,2,060190047031,buffer_excluded,0.0
south_north,3000,2,060190047032,test,0.0
south_north,3000,2,060190047033,buffer_excluded,0.0
south_north,3000,2,060190047041,test,0.0
south_north,3000,2,060190047042,test,0.0
south_north,3000,2,060190047043,test,0.0
south_north,3000,2,060190047051,buffer_excluded,285.0781228415768
south_north,3000,2,060190047052,buffer_excluded,0.0
south_north,3000,2,060190047061,buffer_excluded,248.34535441897748
south_north,3000,2,060190047062,buffer_excluded,0.0
south_north,3000,2,060190047063,buffer_excluded,805.0961648998989
south_north,3000,2,060190048011,test,0.0
south_north,3000,2,060190048012,test,0.0
south_north,3000,2,060190048013,test,0.0
south_north,3000,2,060190048021,buffer_excluded,0.0
south_north,3000,2,060190048022,test,0.0
south_north,3000,2,060190048023,test,0.0
south_north,3000,2,060190049011,test,0.0
south_north,3000,2,060190049012,test,0.0
south_north,3000,2,060190049021,buffer_excluded,0.0
south_north,3000,2,060190049022,test,0.0
south_north,3000,2,060190050001,buffer_excluded,794.5919896750191
south_north,3000,2,060190050002,buffer_excluded,0.0
south_north,3000,2,060190050003,buffer_excluded,0.0
south_north,3000,2,060190051001,test,0.0
south_north,3000,2,060190051002,test,0.0
south_north,3000,2,060190051003,test,0.0
south_north,3000,2,060190051004,buffer_excluded,0.0
south_north,3000,2,060190051005,buffer_excluded,0.0
south_north,3000,2,060190052021,test,0.0
south_north,3000,2,060190052022,test,0.0
south_north,3000,2,060190052031,test,0.0
south_north,3000,2,060190052032,test,0.0
south_north,3000,2,060190052041,test,0.0
south_north,3000,2,060190052042,buffer_excluded,0.0
south_north,3000,2,060190052043,buffer_excluded,0.0
south_north,3000,2,060190053011,buffer_excluded,0.0
south_north,3000,2,060190053012,buffer_excluded,0.0
south_north,3000,2,060190053013,buffer_excluded,0.0
south_north,3000,2,060190053021,buffer_excluded,800.8262766406697
south_north,3000,2,060190053022,buffer_excluded,802.3733133107735
south_north,3000,2,060190053041,buffer_excluded,765.2493993696536
south_north,3000,2,060190053042,buffer_excluded,1230.525987310382
south_north,3000,2,060190053043,buffer_excluded,771.64234368385
south_north,3000,2,060190053051,buffer_excluded,0.0
south_north,3000,2,060190053052,buffer_excluded,0.0
south_north,3000,2,060190054031,buffer_excluded,1606.1926926248345
south_north,3000,2,060190054032,buffer_excluded,2009.844502158223
south_north,3000,2,060190054033,buffer_excluded,2012.516903888532
south_north,3000,2,060190054051,train,3211.671974336739
south_north,3000,2,060190054052,train,3216.7271037039036
south_north,3000,2,060190054053,train,3221.5289289444113
south_north,3000,2,060190054061,train,4012.044553059479
south_north,3000,2,060190054062,train,4013.1081797762636
south_north,3000,2,060190054063,train,4013.9993056932526
south_north,3000,2,060190054071,train,3982.9820117763757
south_north,3000,2,060190054072,train,3991.2506042764608
south_north,3000,2,060190054081,buffer_excluded,1568.9316477635825
south_north,3000,2,060190054091,buffer_excluded,2407.459589961497
south_north,3000,2,060190054092,buffer_excluded,2414.6970271532527
south_north,3000,2,060190054101,buffer_excluded,1606.192367551315
south_north,3000,2,060190054102,buffer_excluded,2007.101367541796
south_north,3000,2,060190055092,train,5189.39174934693
south_north,3000,2,060190055093,train,4788.587078824899
south_north,3000,2,060190055143,train,4780.174818493144
south_north,3000,2,060190055261,train,4777.236114485635
south_north,3000,2,060190055272,train,4806.181941930723
south_north,3000,2,060190056023,buffer_excluded,1558.7497736650207
south_north,3000,2,060190056024,train,3174.0201142415017
south_north,3000,2,060190056051,train,3203.788394282684
south_north,3000,2,060190056061,train,3998.839186415435
south_north,3000,2,060190056062,train,3194.6901946110256
south_north,3000,2,060190056071,buffer_excluded,2497.3952449197454
south_north,3000,2,060190056072,buffer_excluded,2366.10921662501
south_north,3000,2,060190056073,buffer_excluded,2403.160332434651
south_north,3000,2,060190056074,buffer_excluded,2692.2606991591038
south_north,3000,2,060190056081,buffer_excluded,1559.1830615578592
south_north,3000,2,060190056082,buffer_excluded,1591.1172706384593
south_north,3000,2,060190086002,train,4037.0175765000167
south_north,3000,2,060190086004,train,4821.194609487894
south_north,3000,3,060190001001,train,4587.062021543495
south_north,3000,3,060190002001,train,3870.903482266874
south_north,3000,3,060190002002,train,4118.625938386342
south_north,3000,3,060190003001,train,5167.84075138975
south_north,3000,3,060190003002,train,5469.691582876591
south_north,3000,3,060190003003,train,5464.579877212518
south_north,3000,3,060190004001,train,5661.803807060061
south_north,3000,3,060190004002,train,6462.110456722484
south_north,3000,3,060190004003,train,5792.747870474491
south_north,3000,3,060190004004,train,5659.782715873208
south_north,3000,3,060190005011,train,4042.117118965201
south_north,3000,3,060190005012,train,4829.63251112703
south_north,3000,3,060190005021,train,4046.0906953954286
south_north,3000,3,060190005022,train,4049.685565277116
south_north,3000,3,060190006011,train,3844.784429469975
south_north,3000,3,060190006012,train,3317.494700782867
south_north,3000,3,060190006013,train,4051.669946264691
south_north,3000,3,060190006014,train,4338.248534392958
south_north,3000,3,060190006021,train,4057.3984453340786
south_north,3000,3,060190007011,train,4835.239634362165
south_north,3000,3,060190007021,buffer_excluded,2832.25210897963
south_north,3000,3,060190009011,train,6598.011145894654
south_north,3000,3,060190009012,train,6876.407950162011
south_north,3000,3,060190009021,train,6565.609654096715
south_north,3000,3,060190009022,train,6330.493009537676
south_north,3000,3,060190009023,train,5808.273626414563
south_north,3000,3,060190010001,train,7855.010844767988
south_north,3000,3,060190010002,train,7386.38072888682
south_north,3000,3,060190011001,train,7495.931545715726
south_north,3000,3,060190011002,train,6823.0823035160865
south_north,3000,3,060190012011,train,7240.164460820126
south_north,3000,3,060190012012,train,8079.504444293237
south_north,3000,3,060190012013,train,8088.126184703653
south_north,3000,3,060190012014,train,8884.770543645438
south_north,3000,3,060190012021,train,7320.191289739317
south_north,3000,3,060190012022,train,8120.62179545907
south_north,3000,3,060190013011,train,5667.999096702266
south_north,3000,3,060190013012,train,5667.339344871986
south_north,3000,3,060190013013,train,5675.794806975567
south_north,3000,3,060190013014,train,5786.819791182007
south_north,3000,3,060190013015,train,5669.961647152406
south_north,3000,3,060190013031,train,6473.059449878616
south_north,3000,3,060190013032,train,6473.059449878616
south_north,3000,3,060190013041,train,6479.689756871178
south_north,3000,3,060190013042,train,6519.841187477341
south_north,3000,3,060190013043,train,6475.64244159136
south_north,3000,3,060190014071,train,6270.445521873187
south_north,3000,3,060190014072,train,6386.019436872052
south_north,3000,3,060190014073,train,6153.296334512408
south_north,3000,3,060190014074,train,5884.879527404617
south_north,3000,3,060190014081,train,6663.193635447189
south_north,3000,3,060190014082,train,6899.78533923462
south_north,3000,3,060190014151,train,8233.110973661323
south_north,3000,3,060190014152,train,7614.358764093706
south_north,3000,3,060190014153,train,7449.9016758438365
south_north,3000,3,060190014161,train,7857.770204432992
south_north,3000,3,060190015001,train,8878.34751892442
south_north,3000,3,060190017003,train,16245.259538298253
south_north,3000,3,060190018001,train,8863.912088389547
south_north,3000,3,060190018002,train,12677.129475989781
south_north,3000,3,060190018003,train,12087.470430222987
south_north,3000,3,060190018004,train,12291.495908964818
south_north,3000,3,060190020001,buffer_excluded,0.0
south_north,3000,3,060190020002,buffer_excluded,803.6033811592603
south_north,3000,3,060190020003,buffer_excluded,2407.9936356148964
south_north,3000,3,060190020004,buffer_excluded,1606.039336882974
south_north,3000,3,060190020005,buffer_excluded,1607.3944395924234
south_north,3000,3,060190021001,buffer_excluded,1845.6266479970311
south_north,3000,3,060190021002,buffer_excluded,2175.104558691379
south_north,3000,3,060190021003,buffer_excluded,1968.5163760852959
south_north,3000,3,060190021004,buffer_excluded,916.1271879985154
south_north,3000,3,060190021005,buffer_excluded,1494.278098455723
south_north,3000,3,060190022001,buffer_excluded,2527.4916269058326
south_north,3000,3,060190022002,buffer_excluded,2941.244408546962
south_north,3000,3,060190022003,buffer_excluded,2403.2783986425807
south_north,3000,3,060190022004,buffer_excluded,2448.095350140168
south_north,3000,3,060190023001,buffer_excluded,2515.1326749980235
south_north,3000,3,060190023002,buffer_excluded,2578.6325586475286
south_north,3000,3,060190023003,train,3369.0401576993218
south_north,3000,3,060190024001,buffer_excluded,2419.215302080387
south_north,3000,3,060190024002,train,3233.474426008344
south_north,3000,3,060190024003,train,3237.8930377833676
south_north,3000,3,060190024004,buffer_excluded,2321.9488266144326
south_north,3000,3,060190025011,buffer_excluded,2422.5574825395815
south_north,3000,3,060190025012,buffer_excluded,2426.308643594141
south_north,3000,3,060190025013,buffer_excluded,2417.156268475621
south_north,3000,3,060190025014,buffer_excluded,2834.7723017010308
south_north,3000,3,060190025021,train,3236.007026403498
south_north,3000,3,060190025022,train,3237.167220399662
south_north,3000,3,060190025023,train,3238.026898249616
south_north,3000,3,060190026011,train,4040.9921069014085
south_north,3000,3,060190026012,train,4043.1614861462363
south_north,3000,3,060190026013,train,4042.7759776467938
south_north,3000,3,060190026021,train,4850.304101650645
south_north,3000,3,060190026022,train,4855.09670508989
south_north,3000,3,060190026023,train,5270.210661399134
south_north,3000,3,060190027011,train,4044.9566698469166
south_north,3000,3,060190027012,train,4123.414619654939
south_north,3000,3,060190027013,train,4065.4640843959437
south_north,3000,3,060190027021,train,4858.424578193899
south_north,3000,3,060190027022,train,4919.33896308069
south_north,3000,3,060190027023,train,5323.011054308113
south_north,3000,3,060190027024,train,5404.5845212324075
south_north,3000,3,060190028001,buffer_excluded,2692.3803770642176
south_north,3000,3,060190028002,buffer_excluded,2544.418007317601
south_north,3000,3,060190028003,buffer_excluded,2417.813519116042
south_north,3000,3,060190028004,buffer_excluded,2828.7992503009236
south_north,3000,3,060190029031,train,5111.894182181675
south_north,3000,3,060190029032,train,5327.663804541031
south_north,3000,3,060190029033,train,5559.407824773089
south_north,3000,3,060190029041,train,4353.286257636247
south_north,3000,3,060190029042,train,4710.611701517191
south_north,3000,3,060190029051,train,3617.6933726548264
south_north,3000,3,060190029061,train,3534.0672677671837
south_north,3000,3,060190029062,buffer_excluded,2896.9500986748276
south_north,3000,3,060190030011,train,3093.242412567247
south_north,3000,3,060190030012,train,4010.0382361022184
south_north,3000,3,060190030031,train,5590.225302853761
south_north,3000,3,060190030032,train,5557.133731034849
south_north,3000,3,060190030041,train,4751.506059626332
south_north,3000,3,060190030042,train,4784.560590528125
south_north,3000,3,060190031021,test,0.0
south_north,3000,3,060190031022,test,0.0
south_north,3000,3,060190031023,test,0.0
south_north,3000,3,060190031024,test,0.0
south_north,3000,3,060190031025,test,0.0
south_north,3000,3,060190031031,test,0.0
south_north,3000,3,060190031032,test,0.0
south_north,3000,3,060190031033,test,0.0
south_north,3000,3,060190031034,test,0.0
south_north,3000,3,060190031035,test,0.0
south_north,3000,3,060190031041,test,0.0
south_north,3000,3,060190031042,buffer_excluded,0.0
south_north,3000,3,060190032011,buffer_excluded,806.380814835039
south_north,3000,3,060190032012,buffer_excluded,1141.2834031599916
south_north,3000,3,060190032021,buffer_excluded,1616.7702566685596
south_north,3000,3,060190032022,buffer_excluded,1808.0938947236843
south_north,3000,3,060190032023,buffer_excluded,2282.6486783150726
south_north,3000,3,060190032024,buffer_excluded,2020.2937492539777
south_north,3000,3,060190033011,buffer_excluded,800.981409460872
south_north,3000,3,060190033012,buffer_excluded,805.8777477075322
south_north,3000,3,060190033021,buffer_excluded,1974.9486899762005
south_north,3000,3,060190033022,buffer_excluded,1960.4034444893184
south_north,3000,3,060190033023,buffer_excluded,1614.7382072639675
south_north,3000,3,060190033024,buffer_excluded,1614.9608186390585
south_north,3000,3,060190034011,buffer_excluded,1612.9801835920139
south_north,3000,3,060190034012,buffer_excluded,1616.9111855830624
south_north,3000,3,060190034013,buffer_excluded,1837.7806698305624
south_north,3000,3,060190034021,buffer_excluded,794.3659169919702
south_north,3000,3,060190034022,buffer_excluded,793.7582285759568
south_north,3000,3,060190035001,buffer_excluded,1622.791493461148
south_north,3000,3,060190035002,buffer_excluded,805.8761191938406
south_north,3000,3,060190035003,buffer_excluded,1683.7777750616724
south_north,3000,3,060190035004,buffer_excluded,919.21991351755
south_north,3000,3,060190035005,buffer_excluded,1219.5606974581647
south_north,3000,3,060190036001,buffer_excluded,829.4764056123095
south_north,3000,3,060190036002,buffer_excluded,1578.5304138113381
south_north,3000,3,060190036003,buffer_excluded,1479.09377165485
south_north,3000,3,060190036004,buffer_excluded,1212.1291478888002
south_north,3000,3,060190036005,buffer_excluded,806.0212619153435
south_north,3000,3,060190037011,buffer_excluded,0.0
south_north,3000,3,060190037012,buffer_excluded,664.8403311147118
south_north,3000,3,060190037021,buffer_excluded,86.44389997428185
south_north,3000,3,060190037022,buffer_excluded,0.0
south_north,3000,3,060190037023,buffer_excluded,664.9914900824734
south_north,3000,3,060190037024,buffer_excluded,805.1300443849843
south_north,3000,3,060190038041,buffer_excluded,0.0
south_north,3000,3,060190038042,buffer_excluded,805.6193314875759
south_north,3000,3,060190038043,buffer_excluded,805.3088155589058
south_north,3000,3,060190038051,buffer_excluded,0.0
south_north,3000,3,060190038052,buffer_excluded,554.3341643342548
south_north,3000,3,060190038053,buffer_excluded,0.0
south_north,3000,3,060190038071,buffer_excluded,480.66685708409324
south_north,3000,3,060190038072,buffer_excluded,1026.7358253727984
south_north,3000,3,060190038081,buffer_excluded,2215.5840575754005
south_north,3000,3,060190038082,buffer_excluded,1611.6178264705206
south_north,3000,3,060190038083,buffer_excluded,1612.92657828388
south_north,3000,3,060190038091,test,0.0
south_north,3000,3,060190038092,test,0.0
south_north,3000,3,060190038101,test,0.0
south_north,3000,3,060190038102,test,0.0
south_north,3000,3,060190038103,buffer_excluded,0.0
south_north,3000,3,060190038111,buffer_excluded,2417.984176182822
south_north,3000,3,060190038112,buffer_excluded,0.0
south_north,3000,3,060190038113,buffer_excluded,802.0868537137516
south_north,3000,3,060190042051,test,0.0
south_north,3000,3,060190042052,test,0.0
south_north,3000,3,060190042053,test,0.0
south_north,3000,3,060190042054,test,0.0
south_north,3000,3,060190042101,buffer_excluded,1333.506800628568
south_north,3000,3,060190042102,buffer_excluded,531.4844296182702
south_north,3000,3,060190042111,buffer_excluded,1468.679421161931
south_north,3000,3,060190042112,buffer_excluded,725.2688979212782
south_north,3000,3,060190042113,buffer_excluded,433.7911604083079
south_north,3000,3,060190042121,test,0.0
south_north,3000,3,060190042122,buffer_excluded,0.0
south_north,3000,3,060190042123,buffer_excluded,0.0
south_north,3000,3,060190042124,test,0.0
south_north,3000,3,060190042125,test,0.0
south_north,3000,3,060190042126,buffer_excluded,0.0
south_north,3000,3,060190042131,buffer_excluded,98.31771333406164
south_north,3000,3,060190042132,buffer_excluded,0.0
south_north,3000,3,060190042141,buffer_excluded,1314.9557657298365
south_north,3000,3,060190042142,buffer_excluded,1610.5376198764275
south_north,3000,3,060190042143,buffer_excluded,797.1056489480669
south_north,3000,3,060190042144,buffer_excluded,581.764515158324
south_north,3000,3,060190042171,test,0.0
south_north,3000,3,060190042172,test,0.0
south_north,3000,3,060190043012,buffer_excluded,2264.086374201465
south_north,3000,3,060190043013,buffer_excluded,2411.0338218221914
south_north,3000,3,060190043021,buffer_excluded,1609.3925684886926
south_north,3000,3,060190043022,buffer_excluded,804.3382568947409
south_north,3000,3,060190043023,buffer_excluded,1659.1179147328626
south_north,3000,3,060190043024,buffer_excluded,797.1056489480669
south_north,3000,3,060190043025,buffer_excluded,897.9556272640241
south_north,3000,3,060190043031,buffer_excluded,0.0
south_north,3000,3,060190043032,test,0.0
south_north,3000,3,060190043033,buffer_excluded,0.0
south_north,3000,3,060190044042,buffer_excluded,2412.0728138676045
south_north,3000,3,060190044062,buffer_excluded,2388.7501127475466
south_north,3000,3,060190044063,train,3213.8154525965565
south_north,3000,3,060190044092,buffer_excluded,2448.866188040168
south_north,3000,3,060190044093,buffer_excluded,2535.8601217992655
south_north,3000,3,060190045031,buffer_excluded,2012.4284011027498
south_north,3000,3,060190045032,buffer_excluded,1448.507831326201
south_north,3000,3,060190045041,buffer_excluded,803.6845700315669
south_north,3000,3,060190045042,buffer_excluded,920.190397263912
south_north,3000,3,060190045043,buffer_excluded,1601.6047998581262
south_north,3000,3,060190045044,buffer_excluded,1663.3597055751395
south_north,3000,3,060190045051,buffer_excluded,0.0
south_north,3000,3,060190045052,test,0.0
south_north,3000,3,060190045053,buffer_excluded,0.0
south_north,3000,3,060190045061,buffer_excluded,0.0
south_north,3000,3,060190045062,buffer_excluded,0.0
south_north,3000,3,060190046011,test,0.0
south_north,3000,3,060190046012,test,0.0
south_north,3000,3,060190046021,test,0.0
south_north,3000,3,060190046022,test,0.0
south_north,3000,3,060190046023,test,0.0
south_north,3000,3,060190047031,test,0.0
south_north,3000,3,060190047032,buffer_excluded,0.0
south_north,3000,3,060190047033,test,0.0
south_north,3000,3,060190047041,buffer_excluded,0.0
south_north,3000,3,060190047042,buffer_excluded,0.0
south_north,3000,3,060190047043,buffer_excluded,0.0
south_north,3000,3,060190047051,test,0.0
south_north,3000,3,060190047052,test,0.0
south_north,3000,3,060190047061,test,0.0
south_north,3000,3,060190047062,test,0.0
south_north,3000,3,060190047063,test,0.0
south_north,3000,3,060190048011,buffer_excluded,0.0
south_north,3000,3,060190048012,buffer_excluded,0.0
south_north,3000,3,060190048013,buffer_excluded,0.0
south_north,3000,3,060190048021,test,0.0
south_north,3000,3,060190048022,buffer_excluded,401.43858899681663
south_north,3000,3,060190048023,buffer_excluded,0.0
south_north,3000,3,060190049011,buffer_excluded,0.0
south_north,3000,3,060190049012,buffer_excluded,0.0
south_north,3000,3,060190049021,test,0.0
south_north,3000,3,060190049022,buffer_excluded,0.0
south_north,3000,3,060190050001,test,0.0
south_north,3000,3,060190050002,test,0.0
south_north,3000,3,060190050003,test,0.0
south_north,3000,3,060190051001,buffer_excluded,0.0
south_north,3000,3,060190051002,buffer_excluded,0.0
south_north,3000,3,060190051003,buffer_excluded,0.0
south_north,3000,3,060190051004,test,0.0
south_north,3000,3,060190051005,test,0.0
south_north,3000,3,060190052021,buffer_excluded,0.0
south_north,3000,3,060190052022,buffer_excluded,203.84383459365674
south_north,3000,3,060190052031,buffer_excluded,0.0
south_north,3000,3,060190052032,buffer_excluded,0.0
south_north,3000,3,060190052041,buffer_excluded,0.0
south_north,3000,3,060190052042,test,0.0
south_north,3000,3,060190052043,test,0.0
south_north,3000,3,060190053011,test,0.0
south_north,3000,3,060190053012,test,0.0
south_north,3000,3,060190053013,test,0.0
south_north,3000,3,060190053021,test,0.0
south_north,3000,3,060190053022,test,0.0
south_north,3000,3,060190053041,test,0.0
south_north,3000,3,060190053042,test,0.0
south_north,3000,3,060190053043,test,0.0
south_north,3000,3,060190053051,test,0.0
south_north,3000,3,060190053052,test,0.0
south_north,3000,3,060190054031,test,0.0
south_north,3000,3,060190054032,test,0.0
south_north,3000,3,060190054033,test,0.0
south_north,3000,3,060190054051,buffer_excluded,803.9343624956462
south_north,3000,3,060190054052,buffer_excluded,806.6230485243414
south_north,3000,3,060190054053,buffer_excluded,805.7829272312854
south_north,3000,3,060190054061,buffer_excluded,1604.7486456179163
south_north,3000,3,060190054062,buffer_excluded,1603.6831247389875
south_north,3000,3,060190054063,buffer_excluded,1598.0488219446588
south_north,3000,3,060190054071,buffer_excluded,1602.0804384962223
south_north,3000,3,060190054072,buffer_excluded,1792.6525903900256
south_north,3000,3,060190054081,buffer_excluded,0.0
south_north,3000,3,060190054091,buffer_excluded,0.0
south_north,3000,3,060190054092,buffer_excluded,0.0
south_north,3000,3,060190054101,test,0.0
south_north,3000,3,060190054102,buffer_excluded,0.0
south_north,3000,3,060190055092,buffer_excluded,2868.799098077715
south_north,3000,3,060190055093,buffer_excluded,2434.5789285910837
south_north,3000,3,060190055143,buffer_excluded,2413.58585069794
south_north,3000,3,060190055261,buffer_excluded,2387.353075708288
south_north,3000,3,060190055272,buffer_excluded,2386.700741954996
south_north,3000,3,060190056023,test,0.0
south_north,3000,3,060190056024,buffer_excluded,807.2683851880959
south_north,3000,3,060190056051,buffer_excluded,822.4690786613761
south_north,3000,3,060190056061,buffer_excluded,1608.2522834581457
south_north,3000,3,060190056062,buffer_excluded,805.5159508442617
south_north,3000,3,060190056071,buffer_excluded,83.92542288132297
south_north,3000,3,060190056072,buffer_excluded,0.0
south_north,3000,3,060190056073,buffer_excluded,0.0
south_north,3000,3,060190056074,buffer_excluded,326.02148281247514
south_north,3000,3,060190056081,test,0.0
south_north,3000,3,060190056082,test,0.0
south_north,3000,3,060190086002,train,5350.784330882511
south_north,3000,3,060190086004,train,5631.388732108043
south_north,3000,4,060190001001,train,7244.483366425413
south_north,3000,4,060190002001,train,7200.239958282558
south_north,3000,4,060190002002,train,7707.259644134113
south_north,3000,4,060190003001,train,8860.874960961362
south_north,3000,4,060190003002,train,8233.208771081685
south_north,3000,4,060190003003,train,8858.088240977524
south_north,3000,4,060190004001,train,8126.467624168076
south_north,3000,4,060190004002,train,8925.960004737402
south_north,3000,4,060190004003,train,8223.980513900175
south_north,3000,4,060190004004,train,8108.361487762416
south_north,3000,4,060190005011,train,6508.84947988118
south_north,3000,4,060190005012,train,7278.979520290886
south_north,3000,4,060190005021,train,6470.01663033339
south_north,3000,4,060190005022,train,6461.954796530173
south_north,3000,4,060190006011,train,6958.3681437240875
south_north,3000,4,060190006012,train,6445.615893614321
south_north,3000,4,060190006013,train,6448.991176622188
south_north,3000,4,060190006014,train,6850.410388874852
south_north,3000,4,060190006021,train,6455.22952630327
south_north,3000,4,060190007011,train,8859.477875628045
south_north,3000,4,060190007021,train,6442.500646322501
south_north,3000,4,060190009011,train,10478.96550404919
south_north,3000,4,060190009012,train,10478.48735550555
south_north,3000,4,060190009021,train,9547.42291478001
south_north,3000,4,060190009022,train,9597.13841304035
south_north,3000,4,060190009023,train,9665.513561768095
south_north,3000,4,060190010001,train,11292.123036140372
south_north,3000,4,060190010002,train,11282.7109783991
south_north,3000,4,060190011001,train,10486.253237328541
south_north,3000,4,060190011002,train,9618.520040325244
south_north,3000,4,060190012011,train,9657.100173539164
south_north,3000,4,060190012012,train,10496.77740085432
south_north,3000,4,060190012013,train,10492.332376840195
south_north,3000,4,060190012014,train,11298.88907531781
south_north,3000,4,060190012021,train,9686.50845170997
south_north,3000,4,060190012022,train,10486.861993935938
south_north,3000,4,060190013011,train,8090.493351018995
south_north,3000,4,060190013012,train,8082.783971521838
south_north,3000,4,060190013013,train,8072.4273744283
south_north,3000,4,060190013014,train,8070.824582391525
south_north,3000,4,060190013015,train,8082.2220651569305
south_north,3000,4,060190013031,train,8899.370776205462
south_north,3000,4,060190013032,train,8889.235183555109
south_north,3000,4,060190013041,train,8882.50169780714
south_north,3000,4,060190013042,train,8877.25488858801
south_north,3000,4,060190013043,train,8888.01627299304
south_north,3000,4,060190014071,train,8471.017189513212
south_north,3000,4,060190014072,train,8475.37835603681
south_north,3000,4,060190014073,train,8092.105945717201
south_north,3000,4,060190014074,train,8070.75925127084
south_north,3000,4,060190014081,train,8877.25488858801
south_north,3000,4,060190014082,train,8893.548559788042
south_north,3000,4,060190014151,train,10456.203840389007
south_north,3000,4,060190014152,train,9650.659813175993
south_north,3000,4,060190014153,train,9650.659813175993
south_north,3000,4,060190014161,train,9678.940180905167
south_north,3000,4,060190015001,train,11320.75846765367
south_north,3000,4,060190017003,train,19352.01915774708
south_north,3000,4,060190018001,train,12098.688763627211
south_north,3000,4,060190018002,train,16136.464867844456
south_north,3000,4,060190018003,train,16125.651382814298
south_north,3000,4,060190018004,train,16130.777491755925
south_north,3000,4,060190020001,train,3576.705744329458
south_north,3000,4,060190020002,train,4842.039702025954
south_north,3000,4,060190020003,train,6445.303393472436
south_north,3000,4,060190020004,train,5667.115543484948
south_north,3000,4,060190020005,train,5646.588615964523
south_north,3000,4,060190021001,train,4833.579123631623
south_north,3000,4,060190021002,train,5440.113939098833
south_north,3000,4,060190021003,train,5643.854905391271
south_north,3000,4,060190021004,train,4841.618890673644
south_north,3000,4,060190021005,train,4837.711011724072
south_north,3000,4,060190022001,train,4828.086605755636
south_north,3000,4,060190022002,train,5639.708245413501
south_north,3000,4,060190022003,train,4825.864325895153
south_north,3000,4,060190022004,train,4825.820761330233
south_north,3000,4,060190023001,train,4828.24035692436
south_north,3000,4,060190023002,train,4827.620402430565
south_north,3000,4,060190023003,train,5900.938322665344
south_north,3000,4,060190024001,train,4847.979604664205
south_north,3000,4,060190024002,train,5659.278208354757
south_north,3000,4,060190024003,train,5650.812201445801
south_north,3000,4,060190024004,train,4735.407613580857
south_north,3000,4,060190025011,train,4964.965022399457
south_north,3000,4,060190025012,train,4915.039396307278
south_north,3000,4,060190025013,train,4831.3677423958325
south_north,3000,4,060190025014,train,5249.532611383067
south_north,3000,4,060190025021,train,5760.990771189177
south_north,3000,4,060190025022,train,5715.494961699252
south_north,3000,4,060190025023,train,5653.541370987541
south_north,3000,4,060190026011,train,6553.485783208424
south_north,3000,4,060190026012,train,6473.507491588725
south_north,3000,4,060190026013,train,6457.307255503287
south_north,3000,4,060190026021,train,7295.892916861099
south_north,3000,4,060190026022,train,7271.804158167558
south_north,3000,4,060190026023,train,7716.627850602257
south_north,3000,4,060190027011,train,6458.880486992703
south_north,3000,4,060190027012,train,6456.0652441223965
south_north,3000,4,060190027013,train,6456.065854053574
south_north,3000,4,060190027021,train,7265.091817969189
south_north,3000,4,060190027022,train,7262.757497703456
south_north,3000,4,060190027023,train,7668.401522420078
south_north,3000,4,060190027024,train,7666.829245961795
south_north,3000,4,060190028001,train,4820.06213799811
south_north,3000,4,060190028002,train,4820.31162572333
south_north,3000,4,060190028003,train,4827.488238312157
south_north,3000,4,060190028004,train,5241.442553140902
south_north,3000,4,060190029031,train,7263.315731152959
south_north,3000,4,060190029032,train,7271.189269367494
south_north,3000,4,060190029033,train,7612.720345655237
south_north,3000,4,060190029041,train,6456.287737192764
south_north,3000,4,060190029042,train,6479.731069648991
south_north,3000,4,060190029051,train,5650.408465340799
south_north,3000,4,060190029061,train,5165.109528247432
south_north,3000,4,060190029062,train,4821.109178727104
south_north,3000,4,060190030011,train,5002.78705607398
south_north,3000,4,060190030012,train,5833.497745188556
south_north,3000,4,060190030031,train,7394.447985715755
south_north,3000,4,060190030032,train,7579.36975705562
south_north,3000,4,060190030041,train,6808.986181887386
south_north,3000,4,060190030042,train,6597.569903408828
south_north,3000,4,060190031021,buffer_excluded,805.1869539988619
south_north,3000,4,060190031022,buffer_excluded,1209.5097225568163
south_north,3000,4,060190031023,buffer_excluded,107.96085041523786
south_north,3000,4,060190031024,buffer_excluded,680.9022471931768
south_north,3000,4,060190031025,buffer_excluded,805.1869539988619
south_north,3000,4,060190031031,buffer_excluded,978.283446344172
south_north,3000,4,060190031032,buffer_excluded,1249.2292447270142
south_north,3000,4,060190031033,buffer_excluded,820.3329705680588
south_north,3000,4,060190031034,buffer_excluded,1564.1579353589107
south_north,3000,4,060190031035,buffer_excluded,1818.719846995939
south_north,3000,4,060190031041,buffer_excluded,1612.1402995965257
south_north,3000,4,060190031042,buffer_excluded,1598.89062646258
south_north,3000,4,060190032011,train,3220.3140055510526
south_north,3000,4,060190032012,train,3223.7120972589755
south_north,3000,4,060190032021,train,4030.34692413552
south_north,3000,4,060190032022,train,4032.1917270151357
south_north,3000,4,060190032023,train,4032.8601044586053
south_north,3000,4,060190032024,train,4032.8601044586053
south_north,3000,4,060190033011,train,3330.5021555433054
south_north,3000,4,060190033012,train,3219.902334609167
south_north,3000,4,060190033021,train,4518.211165347116
south_north,3000,4,060190033022,train,4386.352851854518
south_north,3000,4,060190033023,train,4121.7296675079215
south_north,3000,4,060190033024,train,4029.0304358133208
south_north,3000,4,060190034011,train,4042.876527083936
south_north,3000,4,060190034012,train,4029.3019068505278
south_north,3000,4,060190034013,train,4289.894193203711
south_north,3000,4,060190034021,train,3289.4639112265936
south_north,3000,4,060190034022,train,3206.0398035207263
south_north,3000,4,060190035001,train,4025.576483410379
south_north,3000,4,060190035002,train,3205.5527637942196
south_north,3000,4,060190035003,train,4025.4269768317813
south_north,3000,4,060190035004,train,3218.8874854894475
south_north,3000,4,060190035005,train,3622.642211432357
south_north,3000,4,060190036001,train,3217.778012855853
south_north,3000,4,060190036002,train,4124.554123624581
south_north,3000,4,060190036003,train,4227.290157514567
south_north,3000,4,060190036004,train,3622.6169033158953
south_north,3000,4,060190036005,train,3216.3924982214057
south_north,3000,4,060190037011,train,4032.5844080849706
south_north,3000,4,060190037012,train,4029.121612619165
south_north,3000,4,060190037021,train,3218.48796036411
south_north,3000,4,060190037022,train,3257.987931287465
south_north,3000,4,060190037023,train,3724.466823140667
south_north,3000,4,060190037024,train,3219.526193528602
south_north,3000,4,060190038041,buffer_excluded,2433.7134362914244
south_north,3000,4,060190038042,train,3241.499431590934
south_north,3000,4,060190038043,train,3280.3147720985794
south_north,3000,4,060190038051,buffer_excluded,2615.1868193974065
south_north,3000,4,060190038052,train,3494.8368141879387
south_north,3000,4,060190038053,buffer_excluded,2760.818580769177
south_north,3000,4,060190038071,train,4225.779778966266
south_north,3000,4,060190038072,train,5001.593534031732
south_north,3000,4,060190038081,train,4855.692187662875
south_north,3000,4,060190038082,train,4048.8610469272294
south_north,3000,4,060190038083,train,4079.0728518992905
south_north,3000,4,060190038091,buffer_excluded,1202.2490293177755
south_north,3000,4,060190038092,buffer_excluded,815.758227981823
south_north,3000,4,060190038101,buffer_excluded,872.2744049131373
south_north,3000,4,060190038102,buffer_excluded,1580.729024453021
south_north,3000,4,060190038103,buffer_excluded,1653.2529354439448
south_north,3000,4,060190038111,train,4866.091690864969
south_north,3000,4,060190038112,buffer_excluded,2453.1972576004478
south_north,3000,4,060190038113,train,3253.8630279809113
south_north,3000,4,060190042051,buffer_excluded,230.5203653327442
south_north,3000,4,060190042052,buffer_excluded,860.6143342435947
south_north,3000,4,060190042053,buffer_excluded,1103.3278351165409
south_north,3000,4,060190042054,buffer_excluded,0.0
south_north,3000,4,060190042101,test,0.0
south_north,3000,4,060190042102,test,0.0
south_north,3000,4,060190042111,test,0.0
south_north,3000,4,060190042112,test,0.0
south_north,3000,4,060190042113,test,0.0
south_north,3000,4,060190042121,buffer_excluded,0.0
south_north,3000,4,060190042122,test,0.0
south_north,3000,4,060190042123,test,0.0
south_north,3000,4,060190042124,buffer_excluded,0.0
south_north,3000,4,060190042125,buffer_excluded,0.0
south_north,3000,4,060190042126,test,0.0
south_north,3000,4,060190042131,test,0.0
south_north,3000,4,060190042132,test,0.0
south_north,3000,4,060190042141,test,0.0
south_north,3000,4,060190042142,test,0.0
south_north,3000,4,060190042143,test,0.0
south_north,3000,4,060190042144,test,0.0
south_north,3000,4,060190042171,buffer_excluded,0.0
south_north,3000,4,060190042172,buffer_excluded,567.0222834109053
south_north,3000,4,060190043012,test,0.0
south_north,3000,4,060190043013,test,0.0
south_north,3000,4,060190043021,test,0.0
south_north,3000,4,060190043022,test,0.0
south_north,3000,4,060190043023,test,0.0
south_north,3000,4,060190043024,test,0.0
south_north,3000,4,060190043025,test,0.0
south_north,3000,4,060190043031,test,0.0
south_north,3000,4,060190043032,buffer_excluded,0.0
south_north,3000,4,060190043033,test,0.0
south_north,3000,4,060190044042,test,0.0
south_north,3000,4,060190044062,test,0.0
south_north,3000,4,060190044063,test,0.0
south_north,3000,4,060190044092,test,0.0
south_north,3000,4,060190044093,test,0.0
south_north,3000,4,060190045031,test,0.0
south_north,3000,4,060190045032,test,0.0
south_north,3000,4,060190045041,test,0.0
south_north,3000,4,060190045042,test,0.0
south_north,3000,4,060190045043,test,0.0
south_north,3000,4,060190045044,test,0.0
south_north,3000,4,060190045051,test,0.0
south_north,3000,4,060190045052,buffer_excluded,0.0
south_north,3000,4,060190045053,test,0.0
south_north,3000,4,060190045061,test,0.0
south_north,3000,4,060190045062,test,0.0
south_north,3000,4,060190046011,buffer_excluded,0.0
south_north,3000,4,060190046012,buffer_excluded,0.0
south_north,3000,4,060190046021,buffer_excluded,0.0
south_north,3000,4,060190046022,buffer_excluded,803.9937924524972
south_north,3000,4,060190046023,buffer_excluded,0.0
south_north,3000,4,060190047031,buffer_excluded,1674.0721038619808
south_north,3000,4,060190047032,buffer_excluded,1628.4860769924105
south_north,3000,4,060190047033,buffer_excluded,1605.4132020093073
south_north,3000,4,060190047041,buffer_excluded,2413.0474983637046
south_north,3000,4,060190047042,buffer_excluded,2663.5507906938356
south_north,3000,4,060190047043,buffer_excluded,2459.7941879278446
south_north,3000,4,060190047051,buffer_excluded,680.4822324840304
south_north,3000,4,060190047052,buffer_excluded,1068.2810787716376
south_north,3000,4,060190047061,buffer_excluded,616.4882821093016
south_north,3000,4,060190047062,buffer_excluded,1372.1029447046417
south_north,3000,4,060190047063,buffer_excluded,230.52034797824592
south_north,3000,4,060190048011,buffer_excluded,2390.404050225778
south_north,3000,4,060190048012,buffer_excluded,2411.0824612150573
south_north,3000,4,060190048013,buffer_excluded,1715.2487667171163
south_north,3000,4,060190048021,buffer_excluded,1068.5720649424309
south_north,3000,4,060190048022,buffer_excluded,2815.1373178781923
south_north,3000,4,060190048023,buffer_excluded,2211.14112824151
south_north,3000,4,060190049011,buffer_excluded,1603.8181545279353
south_north,3000,4,060190049012,buffer_excluded,1601.5410865322992
south_north,3000,4,060190049021,buffer_excluded,1607.078264213307
south_north,3000,4,060190049022,buffer_excluded,1606.8166642046192
south_north,3000,4,060190050001,buffer_excluded,0.0
south_north,3000,4,060190050002,buffer_excluded,798.2746410027535
south_north,3000,4,060190050003,buffer_excluded,0.0
south_north,3000,4,060190051001,buffer_excluded,1690.4040852315834
south_north,3000,4,060190051002,buffer_excluded,2412.99229996842
south_north,3000,4,060190051003,buffer_excluded,1596.6327199040513
south_north,3000,4,060190051004,buffer_excluded,1601.5378969161086
south_north,3000,4,060190051005,buffer_excluded,1603.0844452760527
south_north,3000,4,060190052021,buffer_excluded,1568.9316477635825
south_north,3000,4,060190052022,buffer_excluded,2617.772542623304
south_north,3000,4,060190052031,buffer_excluded,2552.356200339611
south_north,3000,4,060190052032,buffer_excluded,2413.929564131346
south_north,3000,4,060190052041,buffer_excluded,1856.178950417619
south_north,3000,4,060190052042,buffer_excluded,1800.333479166408
south_north,3000,4,060190052043,buffer_excluded,1605.7145228802372
south_north,3000,4,060190053011,buffer_excluded,805.8205617414816
south_north,3000,4,060190053012,buffer_excluded,1141.3293988840448
south_north,3000,4,060190053013,buffer_excluded,866.8700090467594
south_north,3000,4,060190053021,buffer_excluded,0.0
south_north,3000,4,060190053022,buffer_excluded,333.6519662463076
south_north,3000,4,060190053041,buffer_excluded,0.0
south_north,3000,4,060190053042,buffer_excluded,0.0
south_north,3000,4,060190053043,buffer_excluded,0.0
south_north,3000,4,060190053051,buffer_excluded,801.7805619483387
south_north,3000,4,060190053052,buffer_excluded,801.7101988976724
south_north,3000,4,060190054031,buffer_excluded,0.0
south_north,3000,4,060190054032,buffer_excluded,0.0
south_north,3000,4,060190054033,buffer_excluded,0.0
south_north,3000,4,060190054051,test,0.0
south_north,3000,4,060190054052,test,0.0
south_north,3000,4,060190054053,test,0.0
south_north,3000,4,060190054061,test,0.0
south_north,3000,4,060190054062,test,0.0
south_north,3000,4,060190054063,test,0.0
south_north,3000,4,060190054071,test,0.0
south_north,3000,4,060190054072,test,0.0
south_north,3000,4,060190054081,test,0.0
south_north,3000,4,060190054091,test,0.0
south_north,3000,4,060190054092,test,0.0
south_north,3000,4,060190054101,buffer_excluded,0.0
south_north,3000,4,060190054102,test,0.0
south_north,3000,4,060190055092,test,0.0
south_north,3000,4,060190055093,test,0.0
south_north,3000,4,060190055143,test,0.0
south_north,3000,4,060190055261,test,0.0
south_north,3000,4,060190055272,test,0.0
south_north,3000,4,060190056023,buffer_excluded,0.0
south_north,3000,4,060190056024,test,0.0
south_north,3000,4,060190056051,test,0.0
south_north,3000,4,060190056061,test,0.0
south_north,3000,4,060190056062,test,0.0
south_north,3000,4,060190056071,test,0.0
south_north,3000,4,060190056072,test,0.0
south_north,3000,4,060190056073,test,0.0
south_north,3000,4,060190056074,test,0.0
south_north,3000,4,060190056081,buffer_excluded,0.0
south_north,3000,4,060190056082,buffer_excluded,0.0
south_north,3000,4,060190086002,train,8895.442137819377
south_north,3000,4,060190086004,train,9664.459898763122
