mechanism,block_pixels,origin_x_fraction,origin_y_fraction,population_model,los_threshold_mm_yr,method,replicates,true_hidden_population,estimated_hidden_population,mean_signed_bias,sd_signed_bias,q025_signed_bias,q975_signed_bias,mean_absolute_block_error_share_pct,max_blocks_without_training
high_velocity_spread,5,0.0,0.0,GHSL,-10.0,unweighted_within_block_median_velocity,30,1585.3599695441562,269.50991358784853,-1315.8500559563076,80.5350386110377,-1428.5764540414336,-1143.686887331621,0.015684101200651016,1370
high_velocity_spread,5,0.0,0.0,GHSL,-10.0,within_block_population_prevalence,30,1585.3599695441562,289.6486954329963,-1295.7112741111598,85.95015215313393,-1422.060713985521,-1101.8062722577497,0.015487449537525533,1370
high_velocity_spread,5,0.0,0.0,GHSL,-5.0,unweighted_within_block_median_velocity,30,16659.137562078646,4826.0249302379525,-11833.112631840693,660.8061231765136,-12699.701228225706,-10526.034889564855,0.16407827813509057,1370
high_velocity_spread,5,0.0,0.0,GHSL,-5.0,within_block_population_prevalence,30,16659.137562078646,4452.903031241635,-12206.23453083701,539.0036036133139,-13131.050894203045,-11281.604391094377,0.15991166877784846,1370
high_velocity_spread,5,0.0,0.0,GHSL,-2.0,unweighted_within_block_median_velocity,30,113747.11339642174,19980.176157424357,-93766.93723899739,2033.7315572515934,-97122.5690353826,-89466.92619297825,0.9964428728367664,1370
high_velocity_spread,5,0.0,0.0,GHSL,-2.0,within_block_population_prevalence,30,113747.11339642174,19341.58737954362,-94405.52601687814,1727.5364833964848,-97094.05923029015,-90990.16173393946,0.9776261365667989,1370
high_velocity_spread,5,0.0,0.0,WorldPop_normalized,-10.0,unweighted_within_block_median_velocity,30,10890.578379281102,2148.8333944572923,-8741.74498482381,593.248565422856,-10263.67154867627,-7930.959572544761,0.10522943405790484,1371
high_velocity_spread,5,0.0,0.0,WorldPop_normalized,-10.0,within_block_population_prevalence,30,10890.578379281102,3029.5423443461837,-7861.0360349349185,389.76830111944406,-8726.623083605744,-7182.9177629417,0.1004871132326924,1371
high_velocity_spread,5,0.0,0.0,WorldPop_normalized,-5.0,unweighted_within_block_median_velocity,30,61767.97464172141,16089.251978061067,-45678.722663660345,1382.1692412824,-47708.448948838704,-43193.75894685025,0.516448174558414,1371
high_velocity_spread,5,0.0,0.0,WorldPop_normalized,-5.0,within_block_population_prevalence,30,61767.97464172141,15892.851520251763,-45875.123121469645,1325.6234263583283,-47889.55501611013,-43645.378053156106,0.497932806186226,1371
high_velocity_spread,5,0.0,0.0,WorldPop_normalized,-2.0,unweighted_within_block_median_velocity,30,215870.8512789322,38102.34554058025,-177768.50573835193,2960.8761775344856,-183183.22883091675,-172661.10153949106,1.7585171319438058,1371
high_velocity_spread,5,0.0,0.0,WorldPop_normalized,-2.0,within_block_population_prevalence,30,215870.8512789322,38261.97429568231,-177608.87698324988,2863.4055885727257,-182957.44795282278,-172950.8897384474,1.742843931425565,1371
high_velocity_spread,5,0.0,0.5,GHSL,-10.0,unweighted_within_block_median_velocity,30,1585.3599695441562,774.768592305151,-810.5913772390052,150.20242829176655,-1197.0086965691742,-614.1258455625982,0.02000214619164118,1379
high_velocity_spread,5,0.0,0.5,GHSL,-10.0,within_block_population_prevalence,30,1585.3599695441562,644.9329774102597,-940.4269921338964,157.90945983114858,-1239.786602516074,-676.9058677850694,0.01854931843004406,1379
high_velocity_spread,5,0.0,0.5,GHSL,-5.0,unweighted_within_block_median_velocity,30,16659.137562078646,4474.61765695831,-12184.519905120336,531.2541836949338,-13075.347674162831,-11370.775312140231,0.159819340412769,1379
high_velocity_spread,5,0.0,0.5,GHSL,-5.0,within_block_population_prevalence,30,16659.137562078646,4149.416794322458,-12509.720767756187,458.6198357570691,-13203.46962167339,-11818.330108027758,0.1572594978169931,1379
high_velocity_spread,5,0.0,0.5,GHSL,-2.0,unweighted_within_block_median_velocity,30,113747.11339642174,22034.937250925475,-91712.17614549628,3194.2846044449984,-98375.53364446068,-86108.59370749192,1.008939523808928,1379
high_velocity_spread,5,0.0,0.5,GHSL,-2.0,within_block_population_prevalence,30,113747.11339642174,20612.12921559099,-93134.98418083075,2695.1726099214675,-98671.83117723245,-88131.75195508494,0.9863328833289099,1379
high_velocity_spread,5,0.0,0.5,WorldPop_normalized,-10.0,unweighted_within_block_median_velocity,30,10890.578379281102,3065.9340328663393,-7824.644346414762,714.1810093716526,-9169.73250298139,-6682.161917709323,0.11043162328238115,1376
high_velocity_spread,5,0.0,0.5,WorldPop_normalized,-10.0,within_block_population_prevalence,30,10890.578379281102,3541.0292559030736,-7349.5491233780285,430.0126373385621,-8064.682562415031,-6551.534283726437,0.1043368341151809,1376
high_velocity_spread,5,0.0,0.5,WorldPop_normalized,-5.0,unweighted_within_block_median_velocity,30,61767.97464172141,15160.25758865214,-46607.71705306927,1766.51303724974,-49807.741979356244,-43754.968370681054,0.49550023373733365,1376
high_velocity_spread,5,0.0,0.5,WorldPop_normalized,-5.0,within_block_population_prevalence,30,61767.97464172141,15249.870059687308,-46518.1045820341,1450.411511070339,-49200.32407350428,-44417.6725755057,0.4889773377668647,1376
high_velocity_spread,5,0.0,0.5,WorldPop_normalized,-2.0,unweighted_within_block_median_velocity,30,215870.8512789322,39710.424879602244,-176160.42639932997,3741.500311875988,-183686.63770901054,-168955.6316372315,1.7800424327382314,1376
high_velocity_spread,5,0.0,0.5,WorldPop_normalized,-2.0,within_block_population_prevalence,30,215870.8512789322,39207.347874247884,-176663.5034046843,3483.701817935013,-183014.28043260326,-170087.18253207364,1.7581394986720609,1376
high_velocity_spread,5,0.5,0.0,GHSL,-10.0,unweighted_within_block_median_velocity,30,1585.3599695441562,317.91573482735,-1267.4442347168062,86.35767977424909,-1429.2029886922676,-1138.5971451018945,0.015498162279407968,1374
high_velocity_spread,5,0.5,0.0,GHSL,-10.0,within_block_population_prevalence,30,1585.3599695441562,333.9206642362226,-1251.4393053079336,70.40229232431001,-1377.9994004118066,-1131.9012667343786,0.015278795369411959,1374
high_velocity_spread,5,0.5,0.0,GHSL,-5.0,unweighted_within_block_median_velocity,30,16659.137562078646,5239.543028814186,-11419.594533264459,564.8733623146005,-12656.946230281952,-10470.736288987962,0.16422418237617806,1374
high_velocity_spread,5,0.5,0.0,GHSL,-5.0,within_block_population_prevalence,30,16659.137562078646,4530.009112388212,-12129.128449690434,609.3556518174639,-13414.136622297774,-11097.32697930996,0.1590378594456,1374
high_velocity_spread,5,0.5,0.0,GHSL,-2.0,unweighted_within_block_median_velocity,30,113747.11339642174,23140.67034807369,-90606.44304834805,2986.8657248357836,-95173.32727725002,-83480.89274300363,0.9967402898579855,1374
high_velocity_spread,5,0.5,0.0,GHSL,-2.0,within_block_population_prevalence,30,113747.11339642174,21517.933971942253,-92229.1794244795,2821.8532242513397,-96374.09572888268,-85208.10593216472,0.9717295880837307,1374
high_velocity_spread,5,0.5,0.0,WorldPop_normalized,-10.0,unweighted_within_block_median_velocity,30,10890.578379281102,2117.6394092900982,-8772.938969991003,495.1480081508351,-9825.663679687987,-8030.29584426452,0.10124404810739783,1378
high_velocity_spread,5,0.5,0.0,WorldPop_normalized,-10.0,within_block_population_prevalence,30,10890.578379281102,3038.4613093789067,-7852.117069902195,391.6926905401673,-8582.656841351964,-7338.759587249282,0.09817672236717198,1378
high_velocity_spread,5,0.5,0.0,WorldPop_normalized,-5.0,unweighted_within_block_median_velocity,30,61767.97464172141,15445.500730289818,-46322.473911431596,1396.4734422274137,-49291.202594752955,-44483.72406821408,0.5072598866868308,1378
high_velocity_spread,5,0.5,0.0,WorldPop_normalized,-5.0,within_block_population_prevalence,30,61767.97464172141,15075.333444474662,-46692.64119724675,1333.2937788505612,-48827.99310382512,-44851.23651065419,0.4919699205821584,1378
high_velocity_spread,5,0.5,0.0,WorldPop_normalized,-2.0,unweighted_within_block_median_velocity,30,215870.8512789322,40907.36721632907,-174963.48406260312,4107.878898957536,-180568.24337422213,-166844.3331110767,1.772579876139028,1378
high_velocity_spread,5,0.5,0.0,WorldPop_normalized,-2.0,within_block_population_prevalence,30,215870.8512789322,40067.959872293824,-175802.89140663837,4058.617406503742,-181212.49648046438,-168335.2468069274,1.753054690222507,1378
high_velocity_spread,5,0.5,0.5,GHSL,-10.0,unweighted_within_block_median_velocity,30,1585.3599695441562,934.0533015051543,-651.3066680390019,299.69800868295107,-1041.4509263246266,-64.98530448822582,0.021441162889018293,1377
high_velocity_spread,5,0.5,0.5,GHSL,-10.0,within_block_population_prevalence,30,1585.3599695441562,907.1995063825597,-678.1604631615966,355.25838428050446,-1190.2620967717444,86.83586986348602,0.020356494153138904,1377
high_velocity_spread,5,0.5,0.5,GHSL,-5.0,unweighted_within_block_median_velocity,30,16659.137562078646,4601.638905606814,-12057.498656471833,894.5286289703533,-13156.358160397407,-10183.670430223205,0.15734517479641705,1377
high_velocity_spread,5,0.5,0.5,GHSL,-5.0,within_block_population_prevalence,30,16659.137562078646,4189.557082023886,-12469.58048005476,662.9386095611334,-13255.114495409189,-10780.667826069503,0.15331759337648945,1377
high_velocity_spread,5,0.5,0.5,GHSL,-2.0,unweighted_within_block_median_velocity,30,113747.11339642174,20859.534248898668,-92887.57914752308,2424.891872091471,-97447.01188748976,-88607.09781047018,0.9899543042112248,1377
high_velocity_spread,5,0.5,0.5,GHSL,-2.0,within_block_population_prevalence,30,113747.11339642174,20582.005723151964,-93165.10767326978,2159.7386384904016,-97112.82493000406,-89310.8502277269,0.9724693324431744,1377
high_velocity_spread,5,0.5,0.5,WorldPop_normalized,-10.0,unweighted_within_block_median_velocity,30,10890.578379281102,3063.034860845713,-7827.543518435389,551.9390828003859,-8726.393942205828,-6867.360740979967,0.11278118507057736,1376
high_velocity_spread,5,0.5,0.5,WorldPop_normalized,-10.0,within_block_population_prevalence,30,10890.578379281102,3784.573836826961,-7106.004542454141,683.0462331582763,-8214.510121746585,-5834.628671303952,0.10775953985856424,1376
high_velocity_spread,5,0.5,0.5,WorldPop_normalized,-5.0,unweighted_within_block_median_velocity,30,61767.97464172141,14968.211454942759,-46799.763186778655,2084.913341010798,-50212.396417914766,-43384.920834952565,0.49171657142826475,1376
high_velocity_spread,5,0.5,0.5,WorldPop_normalized,-5.0,within_block_population_prevalence,30,61767.97464172141,14671.102963504529,-47096.871678216885,1756.5892557953905,-50220.669148172965,-44013.692549870946,0.4831277561900359,1376
high_velocity_spread,5,0.5,0.5,WorldPop_normalized,-2.0,unweighted_within_block_median_velocity,30,215870.8512789322,38916.51485305202,-176954.33642588017,4247.743586825362,-183857.22023012742,-169822.27651265275,1.7723546629249571,1376
high_velocity_spread,5,0.5,0.5,WorldPop_normalized,-2.0,within_block_population_prevalence,30,215870.8512789322,39293.64382446485,-176577.20745446734,3950.5636999609583,-182651.77755596698,-169889.96928412444,1.7582454782869634,1376
high_velocity_spread,10,0.0,0.0,GHSL,-10.0,unweighted_within_block_median_velocity,30,1585.3599695441562,436.94627743523955,-1148.4136921089166,641.3005894873236,-1579.6941400507571,619.9177813243184,0.0173696380459366,338
high_velocity_spread,10,0.0,0.0,GHSL,-10.0,within_block_population_prevalence,30,1585.3599695441562,660.1601916568919,-925.1997778872643,599.545863281864,-1319.2716628919693,732.4931003465581,0.017730843118665688,338
high_velocity_spread,10,0.0,0.0,GHSL,-5.0,unweighted_within_block_median_velocity,30,16659.137562078646,10685.964689138025,-5973.1728729406195,1627.0745617345108,-8454.548757737823,-2527.6416628652896,0.20258127404172602,338
high_velocity_spread,10,0.0,0.0,GHSL,-5.0,within_block_population_prevalence,30,16659.137562078646,9259.829675246236,-7399.30788683241,1346.2424578595412,-9487.719475802667,-5118.963844794304,0.18178544185209203,338
high_velocity_spread,10,0.0,0.0,GHSL,-2.0,unweighted_within_block_median_velocity,30,113747.11339642174,41232.14232953924,-72514.97106688251,6823.0704887136635,-83999.56202358473,-61383.682480423566,1.0579352723658,338
high_velocity_spread,10,0.0,0.0,GHSL,-2.0,within_block_population_prevalence,30,113747.11339642174,40615.23654099648,-73131.87685542527,4489.144137178316,-80807.22807200112,-65751.0142608201,0.9994891876726538,338
high_velocity_spread,10,0.0,0.0,WorldPop_normalized,-10.0,unweighted_within_block_median_velocity,30,10890.578379281102,1734.554941795193,-9156.02343748591,2380.455815744722,-10945.207320994261,-2373.950159482686,0.10601194941699761,338
high_velocity_spread,10,0.0,0.0,WorldPop_normalized,-10.0,within_block_population_prevalence,30,10890.578379281102,4389.375864049911,-6501.202515231192,2128.12899825155,-8240.75738374938,-570.5783587672621,0.09779559284207355,338
high_velocity_spread,10,0.0,0.0,WorldPop_normalized,-5.0,unweighted_within_block_median_velocity,30,61767.97464172141,26072.855332654588,-35695.119309066824,3671.3965796020384,-40966.53257975255,-28241.973385611207,0.5459265817699813,338
high_velocity_spread,10,0.0,0.0,WorldPop_normalized,-5.0,within_block_population_prevalence,30,61767.97464172141,25675.710099234526,-36092.26454248688,2467.8282111100693,-40100.352221675545,-32176.292371672087,0.4909951357304081,338
high_velocity_spread,10,0.0,0.0,WorldPop_normalized,-2.0,unweighted_within_block_median_velocity,30,215870.8512789322,69304.46210259954,-146566.38917633265,9739.5878772539,-161443.06297865647,-127221.57616302074,1.7929857046747273,338
high_velocity_spread,10,0.0,0.0,WorldPop_normalized,-2.0,within_block_population_prevalence,30,215870.8512789322,69117.12239378701,-146753.7288851452,6329.6961668625445,-156772.35423424418,-134545.13461322914,1.707026456958478,338
high_velocity_spread,10,0.0,0.5,GHSL,-10.0,unweighted_within_block_median_velocity,30,1585.3599695441562,3750.4648770891317,2165.104907544976,1552.5600434093576,-276.30769516265093,3286.1973869137123,0.04675544839218441,331
high_velocity_spread,10,0.0,0.5,GHSL,-10.0,within_block_population_prevalence,30,1585.3599695441562,3800.5149092687566,2215.1549397246004,920.724948999611,349.4847636758542,3381.907032756283,0.045472867770389856,331
high_velocity_spread,10,0.0,0.5,GHSL,-5.0,unweighted_within_block_median_velocity,30,16659.137562078646,15086.940764287561,-1572.1967977910851,3734.823403341943,-5818.739436173222,7327.780730080001,0.23861975801203533,331
high_velocity_spread,10,0.0,0.5,GHSL,-5.0,within_block_population_prevalence,30,16659.137562078646,14716.288432890668,-1942.8491291879773,1670.6241991947186,-4750.772381042716,1345.280243625556,0.232895427934146,331
high_velocity_spread,10,0.0,0.5,GHSL,-2.0,unweighted_within_block_median_velocity,30,113747.11339642174,60004.321071270344,-53742.79232515141,5812.723951291935,-66174.62723698498,-44982.33800872745,1.2035628548394546,331
high_velocity_spread,10,0.0,0.5,GHSL,-2.0,within_block_population_prevalence,30,113747.11339642174,52679.84167474836,-61067.271721673394,3524.1179536225995,-67946.99688489316,-55333.22555497325,1.0832016436985579,331
high_velocity_spread,10,0.0,0.5,WorldPop_normalized,-10.0,unweighted_within_block_median_velocity,30,10890.578379281102,8807.687707584397,-2082.8906716967067,4033.638902528682,-8677.0538239388,928.0960398218795,0.1682136347310087,331
high_velocity_spread,10,0.0,0.5,WorldPop_normalized,-10.0,within_block_population_prevalence,30,10890.578379281102,10542.327711593358,-348.25066768774394,2878.7299208751215,-5681.008761768849,2614.8642139205053,0.15676150035043737,331
high_velocity_spread,10,0.0,0.5,WorldPop_normalized,-5.0,unweighted_within_block_median_velocity,30,61767.97464172141,32754.83556984191,-29013.1390718795,4159.877373223788,-35338.374325800236,-21050.001057935497,0.6272543231059522,331
high_velocity_spread,10,0.0,0.5,WorldPop_normalized,-5.0,within_block_population_prevalence,30,61767.97464172141,35174.184730208646,-26593.78991151276,2879.78897255798,-31074.11107980869,-21831.738612205234,0.6080579869297402,331
high_velocity_spread,10,0.0,0.5,WorldPop_normalized,-2.0,unweighted_within_block_median_velocity,30,215870.8512789322,83326.37643773804,-132544.47484119414,5989.395753799846,-146986.56532396592,-124543.55813230929,1.9345794310690654,331
high_velocity_spread,10,0.0,0.5,WorldPop_normalized,-2.0,within_block_population_prevalence,30,215870.8512789322,83329.92672718121,-132540.92455175097,4330.536122924401,-141288.35310666147,-127670.9251246023,1.8446977904151327,331
high_velocity_spread,10,0.5,0.0,GHSL,-10.0,unweighted_within_block_median_velocity,30,1585.3599695441562,432.6984453068659,-1152.6615242372905,497.3532660208173,-1598.4280834619897,-68.90398475905718,0.01769519361620475,339
high_velocity_spread,10,0.5,0.0,GHSL,-10.0,within_block_population_prevalence,30,1585.3599695441562,614.3549246363466,-971.0050449078096,400.4948374536621,-1366.3344426885358,-80.52672451950355,0.017696701183328962,339
high_velocity_spread,10,0.5,0.0,GHSL,-5.0,unweighted_within_block_median_velocity,30,16659.137562078646,11186.988795138177,-5472.148766940469,1818.4758995755399,-8157.878944927897,-829.6625561849842,0.20476527976183398,339
high_velocity_spread,10,0.5,0.0,GHSL,-5.0,within_block_population_prevalence,30,16659.137562078646,7828.236622507694,-8830.90093957095,782.1923982720639,-10345.709262015882,-7445.507371868149,0.1755149253408956,339
high_velocity_spread,10,0.5,0.0,GHSL,-2.0,unweighted_within_block_median_velocity,30,113747.11339642174,47566.62941046861,-66180.48398595313,4054.7695822337387,-72325.45931647954,-59083.74741873196,1.0694186963857928,339
high_velocity_spread,10,0.5,0.0,GHSL,-2.0,within_block_population_prevalence,30,113747.11339642174,42814.45779590433,-70932.65560051742,4195.01767728002,-78152.01449954018,-64417.333955869755,0.9960702016542976,339
high_velocity_spread,10,0.5,0.0,WorldPop_normalized,-10.0,unweighted_within_block_median_velocity,30,10890.578379281102,1048.2090324761245,-9842.369346804977,1183.1308002518706,-11062.045200385426,-7322.283033577781,0.10323480404439397,337
high_velocity_spread,10,0.5,0.0,WorldPop_normalized,-10.0,within_block_population_prevalence,30,10890.578379281102,3497.426902644725,-7393.151476636377,924.7501838384824,-8586.030470339872,-5398.592239401553,0.09090277915136499,337
high_velocity_spread,10,0.5,0.0,WorldPop_normalized,-5.0,unweighted_within_block_median_velocity,30,61767.97464172141,25430.60268237496,-36337.37195934645,3899.8561129538,-43022.7522552081,-26793.064436935492,0.5525957466750613,337
high_velocity_spread,10,0.5,0.0,WorldPop_normalized,-5.0,within_block_population_prevalence,30,61767.97464172141,23749.349541534768,-38018.62510018665,2520.809654755284,-41655.37650269301,-33172.81012768385,0.49787926932725096,337
high_velocity_spread,10,0.5,0.0,WorldPop_normalized,-2.0,unweighted_within_block_median_velocity,30,215870.8512789322,78674.55076234441,-137196.30051658777,5110.592558286514,-145461.14526901074,-128281.10055108552,1.7899814268687775,337
high_velocity_spread,10,0.5,0.0,WorldPop_normalized,-2.0,within_block_population_prevalence,30,215870.8512789322,74666.07085539716,-141204.78042353503,5039.481124541791,-150841.38695835116,-134000.85432633813,1.7259928493295815,337
high_velocity_spread,10,0.5,0.5,GHSL,-10.0,unweighted_within_block_median_velocity,30,1585.3599695441562,894.471036972059,-690.8889325720972,424.4044058773557,-1522.625507345483,-377.2573730789318,0.021152079319417507,336
high_velocity_spread,10,0.5,0.5,GHSL,-10.0,within_block_population_prevalence,30,1585.3599695441562,2290.809195564179,705.4492260200226,1001.3453327530231,-992.8313853395252,2280.752924082319,0.03233487516571169,336
high_velocity_spread,10,0.5,0.5,GHSL,-5.0,unweighted_within_block_median_velocity,30,16659.137562078646,16606.5756157857,-52.561946292947326,3166.511120793055,-4085.5991286275007,6860.68924793097,0.2475362272527655,336
high_velocity_spread,10,0.5,0.5,GHSL,-5.0,within_block_population_prevalence,30,16659.137562078646,14697.09010092233,-1962.0474611563156,2800.8219916527237,-6880.608127418525,3650.094181302722,0.2287710455711642,336
high_velocity_spread,10,0.5,0.5,GHSL,-2.0,unweighted_within_block_median_velocity,30,113747.11339642174,54823.62539057682,-58923.48800584493,5061.296712573778,-68965.9291670662,-51104.47551573831,1.2055386763683786,336
high_velocity_spread,10,0.5,0.5,GHSL,-2.0,within_block_population_prevalence,30,113747.11339642174,46566.908820140394,-67180.20457628135,3894.7172314834957,-75501.15026531518,-61001.20269622175,1.09639046940676,336
high_velocity_spread,10,0.5,0.5,WorldPop_normalized,-10.0,unweighted_within_block_median_velocity,30,10890.578379281102,1535.1112216320655,-9355.467157649038,642.0263098881446,-10682.334353058595,-8643.823946864994,0.10427620225838156,336
high_velocity_spread,10,0.5,0.5,WorldPop_normalized,-10.0,within_block_population_prevalence,30,10890.578379281102,4663.991220874691,-6226.587158406412,721.6439288382485,-7409.574237459712,-4959.578742731395,0.1034331927114406,336
high_velocity_spread,10,0.5,0.5,WorldPop_normalized,-5.0,unweighted_within_block_median_velocity,30,61767.97464172141,33734.85922536261,-28033.1154163588,3263.0565955016996,-33240.67684232439,-21034.1803087589,0.6252050205557775,336
high_velocity_spread,10,0.5,0.5,WorldPop_normalized,-5.0,within_block_population_prevalence,30,61767.97464172141,32013.384805282105,-29754.589836439307,2449.049817646912,-33868.677205478656,-25465.243370297358,0.5744558278969595,336
high_velocity_spread,10,0.5,0.5,WorldPop_normalized,-2.0,unweighted_within_block_median_velocity,30,215870.8512789322,84690.77886053314,-131180.07241839904,7182.880017171167,-141476.4443135806,-118614.5875204991,1.9307601499081137,336
high_velocity_spread,10,0.5,0.5,WorldPop_normalized,-2.0,within_block_population_prevalence,30,215870.8512789322,79976.15644982754,-135894.69482910464,5791.978662312933,-144772.48139760934,-126357.69260242252,1.8371182446209693,336
high_velocity_spread,20,0.0,0.0,GHSL,-10.0,unweighted_within_block_median_velocity,30,1585.3599695441562,3941.2925152552566,2355.9325457111004,3612.36389950538,-1602.2408394118108,11206.913369321175,0.048467748666191364,81
high_velocity_spread,20,0.0,0.0,GHSL,-10.0,within_block_population_prevalence,30,1585.3599695441562,2599.8605661134548,1014.5005965692981,2783.6980070601235,-1017.1667872002412,7666.451318585139,0.031846470882130176,81
high_velocity_spread,20,0.0,0.0,GHSL,-5.0,unweighted_within_block_median_velocity,30,16659.137562078646,25181.590423701924,8522.452861623278,3376.5595991171763,4938.39928542584,18020.293566501863,0.30928208341035235,81
high_velocity_spread,20,0.0,0.0,GHSL,-5.0,within_block_population_prevalence,30,16659.137562078646,19278.80659463023,2619.669032551583,3023.3306471159976,-4.925560616199512,10966.522029955708,0.241060148686675,81
high_velocity_spread,20,0.0,0.0,GHSL,-2.0,unweighted_within_block_median_velocity,30,113747.11339642174,102892.87083935199,-10854.242557069765,10140.034719834457,-32623.327310356355,3674.5526492470804,1.4143530422163877,81
high_velocity_spread,20,0.0,0.0,GHSL,-2.0,within_block_population_prevalence,30,113747.11339642174,74477.60210828236,-39269.51128813939,4642.716653378813,-46967.46919215805,-31620.083779631965,1.0886257541032822,81
high_velocity_spread,20,0.0,0.0,WorldPop_normalized,-10.0,unweighted_within_block_median_velocity,30,10890.578379281102,7741.71730949649,-3148.861069784613,8247.382613043837,-10987.867371177437,18733.034064771997,0.1600213035793794,81
high_velocity_spread,20,0.0,0.0,WorldPop_normalized,-10.0,within_block_population_prevalence,30,10890.578379281102,9950.23120690816,-940.3471723729424,6679.716175469204,-6481.813403357974,17114.777028201606,0.14205368421550138,81
high_velocity_spread,20,0.0,0.0,WorldPop_normalized,-5.0,unweighted_within_block_median_velocity,30,61767.97464172141,42729.23617510546,-19038.738466615945,8075.148489032415,-26621.03627724519,4393.768722114884,0.7081923481929663,81
high_velocity_spread,20,0.0,0.0,WorldPop_normalized,-5.0,within_block_population_prevalence,30,61767.97464172141,41864.83126752873,-19903.14337419268,6618.825639698258,-27101.14638324387,-833.3277655837358,0.5632928353842481,81
high_velocity_spread,20,0.0,0.0,WorldPop_normalized,-2.0,unweighted_within_block_median_velocity,30,215870.8512789322,130689.00187423846,-85181.84940469374,11564.481807736329,-105701.87301971528,-65254.32870217435,2.0245117200793756,81
high_velocity_spread,20,0.0,0.0,WorldPop_normalized,-2.0,within_block_population_prevalence,30,215870.8512789322,121023.78194696238,-94847.06933196982,8536.183987835167,-107983.65124584726,-80427.2349196303,1.7544172752606602,81
high_velocity_spread,20,0.0,0.5,GHSL,-10.0,unweighted_within_block_median_velocity,30,1585.3599695441562,1143.1151899060544,-442.24477963810153,3028.2027939889085,-1608.708907179756,8333.544425490443,0.024031521107196908,85
high_velocity_spread,20,0.0,0.5,GHSL,-10.0,within_block_population_prevalence,30,1585.3599695441562,1943.7766877779607,358.4167182338046,2925.2560288653967,-1053.3365615258306,8817.479889844759,0.027584625925849357,85
high_velocity_spread,20,0.0,0.5,GHSL,-5.0,unweighted_within_block_median_velocity,30,16659.137562078646,18580.82456510391,1921.6870030252626,4822.997145494649,-3581.6295282780375,10847.114678937829,0.2702150095155837,85
high_velocity_spread,20,0.0,0.5,GHSL,-5.0,within_block_population_prevalence,30,16659.137562078646,11257.440608963203,-5401.696953115442,3152.874726342397,-7948.656623280611,3189.81501457649,0.18239814533248389,85
high_velocity_spread,20,0.0,0.5,GHSL,-2.0,unweighted_within_block_median_velocity,30,113747.11339642174,61603.60447601255,-52143.5089204092,10120.581379408071,-71798.71490686557,-41037.85366032526,1.2090471510612997,85
high_velocity_spread,20,0.0,0.5,GHSL,-2.0,within_block_population_prevalence,30,113747.11339642174,51322.481205041855,-62424.6321913799,3665.8651057180123,-69616.94763550181,-56227.303738917675,0.9912632153416879,85
high_velocity_spread,20,0.0,0.5,WorldPop_normalized,-10.0,unweighted_within_block_median_velocity,30,10890.578379281102,2835.586536255509,-8054.991843025594,7809.373590685099,-11174.820158882369,14800.171495837567,0.12157309373561738,85
high_velocity_spread,20,0.0,0.5,WorldPop_normalized,-10.0,within_block_population_prevalence,30,10890.578379281102,8604.417941019026,-2286.160438262076,7211.336532839969,-6693.735776669928,18215.822181561238,0.12232437012362699,85
high_velocity_spread,20,0.0,0.5,WorldPop_normalized,-5.0,unweighted_within_block_median_velocity,30,61767.97464172141,33185.92137082052,-28582.053270900895,11979.914149131415,-40334.25506491839,-7429.640629434927,0.6735534554586271,85
high_velocity_spread,20,0.0,0.5,WorldPop_normalized,-5.0,within_block_population_prevalence,30,61767.97464172141,36349.0180820077,-25418.956559713708,6925.493279929888,-33953.43763654636,-6763.904784770426,0.509895720954227,85
high_velocity_spread,20,0.0,0.5,WorldPop_normalized,-2.0,unweighted_within_block_median_velocity,30,215870.8512789322,99649.10560990867,-116221.74566902354,16669.605479567388,-149899.72281008412,-98871.10719465691,1.8833403353723575,85
high_velocity_spread,20,0.0,0.5,WorldPop_normalized,-2.0,within_block_population_prevalence,30,215870.8512789322,97619.80699002725,-118251.04428890493,6466.670628166196,-130881.79512808924,-106016.36456444638,1.6477464691595192,85
high_velocity_spread,20,0.5,0.0,GHSL,-10.0,unweighted_within_block_median_velocity,30,1585.3599695441562,0.0,-1585.3599695441562,13.950138045283873,-1608.708907179756,-1562.438766535677,0.01405693606927034,84
high_velocity_spread,20,0.5,0.0,GHSL,-10.0,within_block_population_prevalence,30,1585.3599695441562,368.6131220716334,-1216.7468474725226,58.09310325604416,-1313.6115889282257,-1128.9904558829346,0.014708523860346009,84
high_velocity_spread,20,0.5,0.0,GHSL,-5.0,unweighted_within_block_median_velocity,30,16659.137562078646,23016.24938316477,6357.111821086126,5864.268633597813,-2954.8070802718844,15126.905904614361,0.29904335640188057,84
high_velocity_spread,20,0.5,0.0,GHSL,-5.0,within_block_population_prevalence,30,16659.137562078646,21831.774826069355,5172.637263990709,6294.947587510938,-4742.187947219434,16387.328707542474,0.27685194702997157,84
high_velocity_spread,20,0.5,0.0,GHSL,-2.0,unweighted_within_block_median_velocity,30,113747.11339642174,109236.34507335993,-4510.768323061821,9120.052289774603,-19456.023209709892,9851.939358673691,1.4927266538263377,84
high_velocity_spread,20,0.5,0.0,GHSL,-2.0,within_block_population_prevalence,30,113747.11339642174,90049.82818270932,-23697.28521371244,9432.21650309888,-42619.01083201488,-10745.678831899628,1.2370327977921391,84
high_velocity_spread,20,0.5,0.0,WorldPop_normalized,-10.0,unweighted_within_block_median_velocity,30,10890.578379281102,0.0,-10890.578379281102,205.4988508053712,-11174.820158882369,-10491.149971469504,0.09677903148225166,84
high_velocity_spread,20,0.5,0.0,WorldPop_normalized,-10.0,within_block_population_prevalence,30,10890.578379281102,4292.529685588196,-6598.0486936929055,816.365571172284,-7772.240322682603,-4691.537756129728,0.08639311276763816,84
high_velocity_spread,20,0.5,0.0,WorldPop_normalized,-5.0,unweighted_within_block_median_velocity,30,61767.97464172141,37763.580137534074,-24004.394504187338,8271.065678225288,-36715.495636927546,-9745.551978301546,0.6788491545589584,84
high_velocity_spread,20,0.5,0.0,WorldPop_normalized,-5.0,within_block_population_prevalence,30,61767.97464172141,50218.06268088067,-11549.911960840744,9121.436669053806,-26588.925088240532,5010.851572177888,0.6678202200820799,84
high_velocity_spread,20,0.5,0.0,WorldPop_normalized,-2.0,unweighted_within_block_median_velocity,30,215870.8512789322,150851.75125368606,-65019.10002524613,12901.244599288155,-86490.78321214508,-43947.28890123244,2.295617245826935,84
high_velocity_spread,20,0.5,0.0,WorldPop_normalized,-2.0,within_block_population_prevalence,30,215870.8512789322,146253.56363947928,-69617.2876394529,13555.80548377484,-94618.32409212111,-46543.86012202508,2.021721094832724,84
high_velocity_spread,20,0.5,0.5,GHSL,-10.0,unweighted_within_block_median_velocity,30,1585.3599695441562,328.3191382498458,-1257.0408312943105,333.361843013822,-1604.601341065715,-907.1127491671782,0.016805270144174506,80
high_velocity_spread,20,0.5,0.5,GHSL,-10.0,within_block_population_prevalence,30,1585.3599695441562,687.0334201733341,-898.3265493708221,293.2695769139871,-1286.0565756243277,-271.3090593316233,0.018059725813138746,80
high_velocity_spread,20,0.5,0.5,GHSL,-5.0,unweighted_within_block_median_velocity,30,16659.137562078646,29142.252564485076,12483.115002406432,7599.7314814023575,-161.64470031169594,25793.35991605235,0.3576404580632888,80
high_velocity_spread,20,0.5,0.5,GHSL,-5.0,within_block_population_prevalence,30,16659.137562078646,16702.807373390744,43.66981131209686,2787.5317313192772,-4067.0552875337853,5912.884429121875,0.2295838867933517,80
high_velocity_spread,20,0.5,0.5,GHSL,-2.0,unweighted_within_block_median_velocity,30,113747.11339642174,84020.17888334859,-29726.934513073167,10171.27941474671,-43875.99632616087,-5867.710785313769,1.389261685387698,80
high_velocity_spread,20,0.5,0.5,GHSL,-2.0,within_block_population_prevalence,30,113747.11339642174,66714.87496503427,-47032.23843138748,6135.794745473632,-55338.37904578033,-35112.64066732069,1.1175904526716045,80
high_velocity_spread,20,0.5,0.5,WorldPop_normalized,-10.0,unweighted_within_block_median_velocity,30,10890.578379281102,558.0546952824164,-10332.523683998685,574.4829113794876,-11108.385638964948,-9487.888833135925,0.10063538512524972,80
high_velocity_spread,20,0.5,0.5,WorldPop_normalized,-10.0,within_block_population_prevalence,30,10890.578379281102,5164.966582672333,-5725.611796608769,455.42273522076243,-6390.197630021327,-4798.3920764059685,0.0934536047849507,80
high_velocity_spread,20,0.5,0.5,WorldPop_normalized,-5.0,unweighted_within_block_median_velocity,30,61767.97464172141,51276.84847943011,-10491.126162291297,11372.441849056411,-34222.52641995366,9300.185876518091,0.7824151787992804,80
high_velocity_spread,20,0.5,0.5,WorldPop_normalized,-5.0,within_block_population_prevalence,30,61767.97464172141,46265.64371256516,-15502.330929156255,3781.578175118807,-21288.545572488594,-7972.678732129687,0.6137674768219171,80
high_velocity_spread,20,0.5,0.5,WorldPop_normalized,-2.0,unweighted_within_block_median_velocity,30,215870.8512789322,118274.65031014426,-97596.20096878793,9286.564663638666,-111789.39593204281,-79019.01296271603,2.0482218513433432,80
high_velocity_spread,20,0.5,0.5,WorldPop_normalized,-2.0,within_block_population_prevalence,30,215870.8512789322,115248.36772049662,-100622.48355843556,5704.643808888695,-109111.06820544499,-92208.80895046501,1.809067440078151,80
low_velocity_spread,5,0.0,0.0,GHSL,-10.0,unweighted_within_block_median_velocity,30,49.15909239038668,198.4157050256559,149.25661263526928,225.95660946117252,-8.132215699001792,602.5608875909638,0.0018756429986560297,1288
low_velocity_spread,5,0.0,0.0,GHSL,-10.0,within_block_population_prevalence,30,49.15909239038668,35.975605462601855,-13.183486927784827,16.80474427735643,-42.83620469594837,16.477124052384998,0.0004877418078818899,1288
low_velocity_spread,5,0.0,0.0,GHSL,-5.0,unweighted_within_block_median_velocity,30,1369.8054096214341,988.4039566321387,-381.40145298929554,441.47186590970784,-1032.8928237809287,134.32878214299112,0.01718102711148773,1288
low_velocity_spread,5,0.0,0.0,GHSL,-5.0,within_block_population_prevalence,30,1369.8054096214341,677.3460292734312,-692.459380348003,249.4036289588606,-954.8571939349418,-325.4131493608933,0.014558448261577216,1288
low_velocity_spread,5,0.0,0.0,GHSL,-2.0,unweighted_within_block_median_velocity,30,25397.757337295185,7315.675707986758,-18082.081629308428,1600.3529114613798,-21287.911302038232,-15774.658693087074,0.2465453132449157,1288
low_velocity_spread,5,0.0,0.0,GHSL,-2.0,within_block_population_prevalence,30,25397.757337295185,6353.6371561733795,-19044.12018112181,1440.2595831667816,-21864.35554040953,-17095.5517317601,0.23560088135881962,1288
low_velocity_spread,5,0.0,0.0,WorldPop_normalized,-10.0,unweighted_within_block_median_velocity,30,389.06093879503595,666.2710049445402,277.2100661495043,427.46540723171967,-137.18769347707988,1215.8327371232422,0.006099693314465987,1288
low_velocity_spread,5,0.0,0.0,WorldPop_normalized,-10.0,within_block_population_prevalence,30,389.06093879503595,792.7500376193464,403.68909882431046,347.37148050310407,71.61214429172391,1144.2551900586902,0.005613481460294089,1288
low_velocity_spread,5,0.0,0.0,WorldPop_normalized,-5.0,unweighted_within_block_median_velocity,30,4570.953157680326,2826.1477086202954,-1744.80544906003,577.5856411578934,-2685.259890050045,-1000.6097043593078,0.04232207150692437,1288
low_velocity_spread,5,0.0,0.0,WorldPop_normalized,-5.0,within_block_population_prevalence,30,4570.953157680326,3873.877924982525,-697.0752326978001,491.64085859377775,-1462.5777206749988,151.35499616543794,0.045268531855589135,1288
low_velocity_spread,5,0.0,0.0,WorldPop_normalized,-2.0,unweighted_within_block_median_velocity,30,44124.77838514875,14914.211362164317,-29210.567022984436,2025.1745387871583,-33162.94170663777,-26404.58980291316,0.3948596966710485,1288
low_velocity_spread,5,0.0,0.0,WorldPop_normalized,-2.0,within_block_population_prevalence,30,44124.77838514875,15822.656094096968,-28302.122291051783,1918.8169912009612,-32286.10488882201,-25636.603216839856,0.394875013768531,1288
low_velocity_spread,5,0.0,0.5,GHSL,-10.0,unweighted_within_block_median_velocity,30,49.15909239038668,310.6813623978606,261.52227000747394,118.78536589749923,17.048816453463118,463.3522089755969,0.0030033864248197616,1281
low_velocity_spread,5,0.0,0.5,GHSL,-10.0,within_block_population_prevalence,30,49.15909239038668,70.81879970499553,21.659707314608834,56.79740878628368,-52.30097407839822,124.65419862218869,0.0008295317688365043,1281
low_velocity_spread,5,0.0,0.5,GHSL,-5.0,unweighted_within_block_median_velocity,30,1369.8054096214341,850.0830834826502,-519.722326138784,243.19248633705516,-947.2821743502064,-113.68922821048476,0.016573896893357976,1281
low_velocity_spread,5,0.0,0.5,GHSL,-5.0,within_block_population_prevalence,30,1369.8054096214341,643.0885462964494,-726.7168633249847,260.49091777939975,-1135.1237819822827,-267.1532565540469,0.014527698325019581,1281
low_velocity_spread,5,0.0,0.5,GHSL,-2.0,unweighted_within_block_median_velocity,30,25397.757337295185,6467.561211644138,-18930.19612565105,1377.8757974299467,-20537.193116217575,-15109.719501325168,0.24119331170891006,1281
low_velocity_spread,5,0.0,0.5,GHSL,-2.0,within_block_population_prevalence,30,25397.757337295185,5731.376835191914,-19666.38050210327,1349.184417145057,-21361.00878033647,-15825.582698149641,0.23328062279735023,1281
low_velocity_spread,5,0.0,0.5,WorldPop_normalized,-10.0,unweighted_within_block_median_velocity,30,389.06093879503595,1081.2699489127951,692.2090101177592,353.74207599143284,22.618865156916698,1327.564080818555,0.009982277838272362,1279
low_velocity_spread,5,0.0,0.5,WorldPop_normalized,-10.0,within_block_population_prevalence,30,389.06093879503595,1276.1531714790644,887.0922326840283,271.3091209349949,282.8894029610281,1319.6491807362977,0.010012694608534501,1279
low_velocity_spread,5,0.0,0.5,WorldPop_normalized,-5.0,unweighted_within_block_median_velocity,30,4570.953157680326,2551.886742046534,-2019.0664156337916,415.25539922018595,-2766.8149581180933,-1319.3579347212572,0.03924286844228611,1279
low_velocity_spread,5,0.0,0.5,WorldPop_normalized,-5.0,within_block_population_prevalence,30,4570.953157680326,4201.641118706728,-369.31203897359796,470.5768390384387,-1160.4070241057748,455.6912666069777,0.044547899590368194,1279
low_velocity_spread,5,0.0,0.5,WorldPop_normalized,-2.0,unweighted_within_block_median_velocity,30,44124.77838514875,15223.771661274443,-28901.00672387431,1895.2032439432123,-31901.971523589993,-25664.80836308232,0.39347908365193085,1279
low_velocity_spread,5,0.0,0.5,WorldPop_normalized,-2.0,within_block_population_prevalence,30,44124.77838514875,15646.53938324077,-28478.239001907983,1792.9777674187358,-31482.068232611367,-25718.700116988664,0.38943099784762286,1279
low_velocity_spread,5,0.5,0.0,GHSL,-10.0,unweighted_within_block_median_velocity,30,49.15909239038668,449.7976810887844,400.63858869839777,373.71852132098945,-7.656843005298398,774.9781133382874,0.0041744921183819094,1285
low_velocity_spread,5,0.5,0.0,GHSL,-10.0,within_block_population_prevalence,30,49.15909239038668,48.51637489202496,-0.642717498361714,14.58612081508918,-36.899397336543494,22.334853807292728,0.00046007507585869167,1285
low_velocity_spread,5,0.5,0.0,GHSL,-5.0,unweighted_within_block_median_velocity,30,1369.8054096214341,1583.7388812468953,213.93347162546107,619.4863191585962,-833.1195432547473,1468.6040666790025,0.022080425862118565,1285
low_velocity_spread,5,0.5,0.0,GHSL,-5.0,within_block_population_prevalence,30,1369.8054096214341,956.2719979384159,-413.53341168301836,543.0051526170874,-975.7716567318251,826.6392795661828,0.016250367541856773,1285
low_velocity_spread,5,0.5,0.0,GHSL,-2.0,unweighted_within_block_median_velocity,30,25397.757337295185,6440.435915349629,-18957.32142194556,1971.9190284658675,-22190.36799693256,-15497.889044196167,0.25661720303246305,1285
low_velocity_spread,5,0.5,0.0,GHSL,-2.0,within_block_population_prevalence,30,25397.757337295185,5604.025214248842,-19793.732123046346,1759.0836078448535,-22784.228384540347,-16575.539932780863,0.23963283680682732,1285
low_velocity_spread,5,0.5,0.0,WorldPop_normalized,-10.0,unweighted_within_block_median_velocity,30,389.06093879503595,722.4565304152959,333.39559162025995,331.97692667955334,-92.03436567267467,888.8915498751917,0.006077344479605843,1284
low_velocity_spread,5,0.5,0.0,WorldPop_normalized,-10.0,within_block_population_prevalence,30,389.06093879503595,834.2325432332871,445.17160443825117,173.98098920050157,166.3862336398018,689.6047048547192,0.0055241357284522416,1284
low_velocity_spread,5,0.5,0.0,WorldPop_normalized,-5.0,unweighted_within_block_median_velocity,30,4570.953157680326,3456.482149777043,-1114.4710079032825,742.274717142843,-2131.1934284499134,174.74693704313435,0.04603860442983122,1284
low_velocity_spread,5,0.5,0.0,WorldPop_normalized,-5.0,within_block_population_prevalence,30,4570.953157680326,3815.7159480895175,-755.2372095908083,700.1450699604982,-1732.839009143926,581.3668378472589,0.04466325188692401,1284
low_velocity_spread,5,0.5,0.0,WorldPop_normalized,-2.0,unweighted_within_block_median_velocity,30,44124.77838514875,13171.35678689095,-30953.4215982578,2696.7297446241496,-35735.76318431275,-26634.669464383074,0.4093949698054156,1284
low_velocity_spread,5,0.5,0.0,WorldPop_normalized,-2.0,within_block_population_prevalence,30,44124.77838514875,14587.422635552792,-29537.35574959596,2655.154342773387,-33956.34761323658,-24204.74360577449,0.40112184996013317,1284
low_velocity_spread,5,0.5,0.5,GHSL,-10.0,unweighted_within_block_median_velocity,30,49.15909239038668,65.37645938191048,16.21736699152379,11.593220233903322,-13.539661606943595,39.19932202825085,0.0007206585608376888,1279
low_velocity_spread,5,0.5,0.5,GHSL,-10.0,within_block_population_prevalence,30,49.15909239038668,50.21968627826879,1.0605938878821102,17.41570585114867,-36.02469146145998,29.752602144390423,0.00047655615888264337,1279
low_velocity_spread,5,0.5,0.5,GHSL,-5.0,unweighted_within_block_median_velocity,30,1369.8054096214341,961.9008133006381,-407.90459632079614,580.7035856796062,-1172.2733984947981,513.3918114198425,0.017204396011370075,1279
low_velocity_spread,5,0.5,0.5,GHSL,-5.0,within_block_population_prevalence,30,1369.8054096214341,1108.3566568617634,-261.4487527596708,581.9611557161677,-939.8249786060039,664.2745776278832,0.018078009353074014,1279
low_velocity_spread,5,0.5,0.5,GHSL,-2.0,unweighted_within_block_median_velocity,30,25397.757337295185,5801.565631642466,-19596.191705652724,1143.593284840327,-21772.2570272184,-17898.54116808467,0.24201597893553803,1279
low_velocity_spread,5,0.5,0.5,GHSL,-2.0,within_block_population_prevalence,30,25397.757337295185,5453.955255793316,-19943.80208150187,1247.1408329704586,-22142.29159399714,-17697.041322477202,0.2342375089205115,1279
low_velocity_spread,5,0.5,0.5,WorldPop_normalized,-10.0,unweighted_within_block_median_velocity,30,389.06093879503595,567.3307253630696,178.2697865680337,76.68311948509731,-25.59782850122086,289.0952447591034,0.005948640751857173,1278
low_velocity_spread,5,0.5,0.5,WorldPop_normalized,-10.0,within_block_population_prevalence,30,389.06093879503595,726.445049664903,337.38411086986713,71.01426523289187,215.01247214866277,456.31115016458466,0.005110311941327162,1278
low_velocity_spread,5,0.5,0.5,WorldPop_normalized,-5.0,unweighted_within_block_median_velocity,30,4570.953157680326,2302.512026689375,-2268.44113099095,665.3309973071558,-3120.734960759843,-1156.792542211434,0.04096300833898445,1278
low_velocity_spread,5,0.5,0.5,WorldPop_normalized,-5.0,within_block_population_prevalence,30,4570.953157680326,3184.6688637200573,-1386.2842939602683,670.7836298690131,-2244.661762755005,-42.17520628759622,0.0425958018594993,1278
low_velocity_spread,5,0.5,0.5,WorldPop_normalized,-2.0,unweighted_within_block_median_velocity,30,44124.77838514875,12053.574320949896,-32071.204064198853,1751.6751566721668,-35326.770329198895,-28568.782919002686,0.39978326220798766,1278
low_velocity_spread,5,0.5,0.5,WorldPop_normalized,-2.0,within_block_population_prevalence,30,44124.77838514875,13312.090731226544,-30812.687653922207,1730.6165979138927,-33222.17219355852,-27397.434505940913,0.3935306251392736,1278
low_velocity_spread,10,0.0,0.0,GHSL,-10.0,unweighted_within_block_median_velocity,30,49.15909239038668,56.20141437838628,7.0423219879996015,13.617869383344837,-23.537117434660857,33.19253660452129,0.0006301006675145995,293
low_velocity_spread,10,0.0,0.0,GHSL,-10.0,within_block_population_prevalence,30,49.15909239038668,38.204273267777225,-10.954819122609456,14.148023845919349,-36.81377951373161,11.482274058377392,0.0004007332329632344,293
low_velocity_spread,10,0.0,0.0,GHSL,-5.0,unweighted_within_block_median_velocity,30,1369.8054096214341,1949.7123849628072,579.906975341373,191.27066254204644,193.12892253928234,820.0211384915948,0.027106686263595643,293
low_velocity_spread,10,0.0,0.0,GHSL,-5.0,within_block_population_prevalence,30,1369.8054096214341,3989.4975223499196,2619.6921127284854,767.8120194646483,1250.3972286321746,3884.454817265673,0.04328545401532014,293
low_velocity_spread,10,0.0,0.0,GHSL,-2.0,unweighted_within_block_median_velocity,30,25397.757337295185,25310.91342174175,-86.84391555343791,1762.4971701380985,-2491.2475074494273,4005.2371265939696,0.3985023637210921,293
low_velocity_spread,10,0.0,0.0,GHSL,-2.0,within_block_population_prevalence,30,25397.757337295185,18858.130380784198,-6539.626956510993,1789.9803350045117,-9570.619170396392,-3744.209934408023,0.3312012037742115,293
low_velocity_spread,10,0.0,0.0,WorldPop_normalized,-10.0,unweighted_within_block_median_velocity,30,389.06093879503595,150.59920991188304,-238.46172888315286,58.57633966515284,-334.75202586374616,-141.00403159185987,0.003693327001414522,293
low_velocity_spread,10,0.0,0.0,WorldPop_normalized,-10.0,within_block_population_prevalence,30,389.06093879503595,740.7356271380696,351.67468834303367,175.18453436168102,30.770929346299148,634.6243583194946,0.006249895131985632,293
low_velocity_spread,10,0.0,0.0,WorldPop_normalized,-5.0,unweighted_within_block_median_velocity,30,4570.953157680326,3314.6196562168902,-1256.3335014634356,325.94245987768056,-1856.1928890156482,-785.9962659181613,0.05532593827246546,293
low_velocity_spread,10,0.0,0.0,WorldPop_normalized,-5.0,within_block_population_prevalence,30,4570.953157680326,9142.60633995999,4571.653182279665,1296.086949847796,2286.0642946129597,6788.951696114332,0.09167742086475615,293
low_velocity_spread,10,0.0,0.0,WorldPop_normalized,-2.0,unweighted_within_block_median_velocity,30,44124.77838514875,39730.0232476983,-4394.75513745045,2192.531198395161,-7401.256135758659,815.1189408169364,0.6026619947208531,293
low_velocity_spread,10,0.0,0.0,WorldPop_normalized,-2.0,within_block_population_prevalence,30,44124.77838514875,38470.970809516606,-5653.807575632148,2594.388549352506,-10591.31290548942,-1671.8643957389477,0.5634079396652277,293
low_velocity_spread,10,0.0,0.5,GHSL,-10.0,unweighted_within_block_median_velocity,30,49.15909239038668,32.09634989559074,-17.06274249479594,68.3812810774798,-74.75354356759135,129.09423248090502,0.0006808365912813797,288
low_velocity_spread,10,0.0,0.5,GHSL,-10.0,within_block_population_prevalence,30,49.15909239038668,36.80505530360013,-12.354037086786558,27.56853305318565,-50.90337835110705,41.84621776850716,0.00039462321948522116,288
low_velocity_spread,10,0.0,0.5,GHSL,-5.0,unweighted_within_block_median_velocity,30,1369.8054096214341,1238.0657355098642,-131.73967411157,958.9242751136405,-979.5539187753482,1669.332870609479,0.020416441839969872,288
low_velocity_spread,10,0.0,0.5,GHSL,-5.0,within_block_population_prevalence,30,1369.8054096214341,1743.0955006356626,373.2900910142283,318.6685464146317,14.636872922171046,1058.3284883272959,0.023714430722994416,288
low_velocity_spread,10,0.0,0.5,GHSL,-2.0,unweighted_within_block_median_velocity,30,25397.757337295185,25768.729655860658,370.9723185654733,6839.963930000676,-11061.968198600456,9351.66812170493,0.4031027474149961,288
low_velocity_spread,10,0.0,0.5,GHSL,-2.0,within_block_population_prevalence,30,25397.757337295185,20934.42552651214,-4463.331810783046,6575.06279852147,-14842.39384511527,3859.648089183671,0.3442675779301332,288
low_velocity_spread,10,0.0,0.5,WorldPop_normalized,-10.0,unweighted_within_block_median_velocity,30,389.06093879503595,90.8076747029049,-298.253264092131,189.0453425367904,-447.942248908047,89.92318055027914,0.0038519016012597035,288
low_velocity_spread,10,0.0,0.5,WorldPop_normalized,-10.0,within_block_population_prevalence,30,389.06093879503595,651.3693646136537,262.3084258186178,201.45653958301045,14.06382648252728,673.8583493360055,0.005161100845259345,288
low_velocity_spread,10,0.0,0.5,WorldPop_normalized,-5.0,unweighted_within_block_median_velocity,30,4570.953157680326,3222.3918690799446,-1348.561288600381,1076.7147508442758,-2731.027766911035,848.6383102404931,0.053606429578338166,288
low_velocity_spread,10,0.0,0.5,WorldPop_normalized,-5.0,within_block_population_prevalence,30,4570.953157680326,6749.729068884698,2178.7759112043727,810.1507735654037,1157.3011956314315,4401.899178482425,0.07048545191782526,288
low_velocity_spread,10,0.0,0.5,WorldPop_normalized,-2.0,unweighted_within_block_median_velocity,30,44124.77838514875,33535.843313969686,-10588.935071179067,5060.069520662876,-19672.92550252376,-1590.6701192412347,0.5440560666278335,288
low_velocity_spread,10,0.0,0.5,WorldPop_normalized,-2.0,within_block_population_prevalence,30,44124.77838514875,35695.35613841231,-8429.422246736436,4805.988839653991,-16525.71514553128,-1646.2046046855291,0.5245669783309135,288
low_velocity_spread,10,0.5,0.0,GHSL,-10.0,unweighted_within_block_median_velocity,30,49.15909239038668,21.788403905100537,-27.370688485286145,24.672953919804453,-67.87234053521486,13.211692036636334,0.0005391407098540911,292
low_velocity_spread,10,0.5,0.0,GHSL,-10.0,within_block_population_prevalence,30,49.15909239038668,12.8748484849241,-36.28424390546258,13.333201047229648,-63.66158628047256,-12.758724816298733,0.0003750743082654061,292
low_velocity_spread,10,0.5,0.0,GHSL,-5.0,unweighted_within_block_median_velocity,30,1369.8054096214341,694.7301042025066,-675.0753054189277,180.59200562143909,-966.7906408457383,-312.591411349672,0.01599818747339777,292
low_velocity_spread,10,0.5,0.0,GHSL,-5.0,within_block_population_prevalence,30,1369.8054096214341,1050.9592582339003,-318.8461513875338,153.39304599749107,-539.997416114427,2.1320375128235938,0.017365634279619728,292
low_velocity_spread,10,0.5,0.0,GHSL,-2.0,unweighted_within_block_median_velocity,30,25397.757337295185,15804.009188755215,-9593.748148539971,3053.0048074132515,-13862.636711118945,-3629.3749769491546,0.31650599362093623,292
low_velocity_spread,10,0.5,0.0,GHSL,-2.0,within_block_population_prevalence,30,25397.757337295185,11048.293656772263,-14349.463680522926,960.249129509942,-16008.443305695517,-12632.921440807917,0.2561244362231729,292
low_velocity_spread,10,0.5,0.0,WorldPop_normalized,-10.0,unweighted_within_block_median_velocity,30,389.06093879503595,74.5073759964859,-314.55356279855,105.13320843167818,-448.91941063890823,-132.47824344998702,0.003646626154467791,292
low_velocity_spread,10,0.5,0.0,WorldPop_normalized,-10.0,within_block_population_prevalence,30,389.06093879503595,412.98972246441804,23.92878366938211,98.93598713669078,-121.16114461314119,219.27078431622715,0.0028647185121158086,292
low_velocity_spread,10,0.5,0.0,WorldPop_normalized,-5.0,unweighted_within_block_median_velocity,30,4570.953157680326,1582.4287818903551,-2988.5243757899707,429.2155577809933,-3534.163933899654,-2198.0307061031554,0.03994465687179093,292
low_velocity_spread,10,0.5,0.0,WorldPop_normalized,-5.0,within_block_population_prevalence,30,4570.953157680326,5679.288523082854,1108.3353654025282,553.746086339129,306.93366011493464,2194.9132747906306,0.06191893328582035,292
low_velocity_spread,10,0.5,0.0,WorldPop_normalized,-2.0,unweighted_within_block_median_velocity,30,44124.77838514875,26840.685204252964,-17284.093180895787,3576.2058171951685,-21789.66043376877,-9005.974585560443,0.5080318774489517,292
low_velocity_spread,10,0.5,0.0,WorldPop_normalized,-2.0,within_block_population_prevalence,30,44124.77838514875,28869.883333254777,-15254.895051893975,2264.7711579754896,-19295.216345045108,-10794.721970921033,0.4681671571580093,292
low_velocity_spread,10,0.5,0.5,GHSL,-10.0,unweighted_within_block_median_velocity,30,49.15909239038668,26.584762148687613,-22.574330241699066,37.33282250731745,-74.75354356759135,46.59024992205177,0.0006251669036190959,289
low_velocity_spread,10,0.5,0.5,GHSL,-10.0,within_block_population_prevalence,30,49.15909239038668,14.746412908123462,-34.41267948226322,14.320047980894525,-60.198713213806535,-3.010015928434158,0.00040248335410887805,289
low_velocity_spread,10,0.5,0.5,GHSL,-5.0,unweighted_within_block_median_velocity,30,1369.8054096214341,1787.8263375892784,418.0209279678442,349.4576163058585,-100.81951198567646,927.533294559203,0.02547091402488452,289
low_velocity_spread,10,0.5,0.5,GHSL,-5.0,within_block_population_prevalence,30,1369.8054096214341,2983.057448848571,1613.2520392271365,376.70998426558515,889.4669605362384,2155.887926517049,0.03428322904849012,289
low_velocity_spread,10,0.5,0.5,GHSL,-2.0,unweighted_within_block_median_velocity,30,25397.757337295185,15610.54518230564,-9787.21215498955,4828.148829374556,-15295.367054966762,994.9032491281766,0.3287354392532772,289
low_velocity_spread,10,0.5,0.5,GHSL,-2.0,within_block_population_prevalence,30,25397.757337295185,11753.11158480829,-13644.645752486898,2314.662774279264,-17348.312833682237,-9768.539535998312,0.25064944903199904,289
low_velocity_spread,10,0.5,0.5,WorldPop_normalized,-10.0,unweighted_within_block_median_velocity,30,389.06093879503595,182.67205129310068,-206.38888750193522,223.61246806206375,-440.57536650917604,168.8155041511413,0.003606481309893293,289
low_velocity_spread,10,0.5,0.5,WorldPop_normalized,-10.0,within_block_population_prevalence,30,389.06093879503595,465.78204188100216,76.7211030859662,82.87322772544523,-50.626501954268626,267.0920218264615,0.002871315571580658,289
low_velocity_spread,10,0.5,0.5,WorldPop_normalized,-5.0,unweighted_within_block_median_velocity,30,4570.953157680326,3562.4494718899045,-1008.5036857904215,734.6810678457535,-2175.1674644644327,124.82066186843433,0.055092921528518315,289
low_velocity_spread,10,0.5,0.5,WorldPop_normalized,-5.0,within_block_population_prevalence,30,4570.953157680326,8143.855906923778,3572.902749243452,726.869142701766,2285.228179569152,4871.851419063918,0.08046654104829076,289
low_velocity_spread,10,0.5,0.5,WorldPop_normalized,-2.0,unweighted_within_block_median_velocity,30,44124.77838514875,27288.82345151794,-16835.954933630816,4601.10607356912,-22665.207870722817,-6955.188920270276,0.510668505110749,289
low_velocity_spread,10,0.5,0.5,WorldPop_normalized,-2.0,within_block_population_prevalence,30,44124.77838514875,30042.630237950223,-14082.14814719853,3505.938268027763,-20362.133665506357,-8381.345324382866,0.4575558737274358,289
low_velocity_spread,20,0.0,0.0,GHSL,-10.0,unweighted_within_block_median_velocity,30,49.15909239038668,57.20545495845691,8.04636256807023,14.075858241362559,-23.53711743466085,33.19253660452129,0.0006388155458029774,61
low_velocity_spread,20,0.0,0.0,GHSL,-10.0,within_block_population_prevalence,30,49.15909239038668,16.08304567359462,-33.076046716792064,13.188335447101945,-64.42815526964317,-10.74668711746531,0.0003475899782295033,61
low_velocity_spread,20,0.0,0.0,GHSL,-5.0,unweighted_within_block_median_velocity,30,1369.8054096214341,57.53679959929416,-1312.2686100221401,98.10359060872979,-1530.5848256571724,-1198.9807339988952,0.011803968799200593,61
low_velocity_spread,20,0.0,0.0,GHSL,-5.0,within_block_population_prevalence,30,1369.8054096214341,853.3162335536,-516.4891760678343,185.84475743185567,-839.4498109896837,-173.11974626226583,0.015336622518029903,61
low_velocity_spread,20,0.0,0.0,GHSL,-2.0,unweighted_within_block_median_velocity,30,25397.757337295185,34890.374629431855,9492.617292136672,24846.826511190502,-19696.881605098777,42005.15324099742,0.5090911980898284,61
low_velocity_spread,20,0.0,0.0,GHSL,-2.0,within_block_population_prevalence,30,25397.757337295185,22016.774151360816,-3380.9831859343694,4744.077732311763,-9670.762504429547,6599.138917033887,0.2903713180329258,61
low_velocity_spread,20,0.0,0.0,WorldPop_normalized,-10.0,unweighted_within_block_median_velocity,30,389.06093879503595,153.16214386675296,-235.89879492828294,58.78811764514046,-327.20407344000773,-133.68398163922566,0.0037072244450629993,61
low_velocity_spread,20,0.0,0.0,WorldPop_normalized,-10.0,within_block_population_prevalence,30,389.06093879503595,499.16881409088273,110.1078752958468,111.98782528147102,-30.169675155327155,333.8137061159612,0.003980898979814038,61
low_velocity_spread,20,0.0,0.0,WorldPop_normalized,-5.0,unweighted_within_block_median_velocity,30,4570.953157680326,159.25816726711616,-4411.694990413209,282.1174272714029,-4933.992357784169,-4006.293517903933,0.03942057727192875,61
low_velocity_spread,20,0.0,0.0,WorldPop_normalized,-5.0,within_block_population_prevalence,30,4570.953157680326,9614.91177915,5043.958621469675,972.1337293411173,3141.5647429955757,6555.582617458833,0.09064055949135687,61
low_velocity_spread,20,0.0,0.0,WorldPop_normalized,-2.0,unweighted_within_block_median_velocity,30,44124.77838514875,36223.40911940415,-7901.369265744608,22040.37945579285,-34808.70779133974,23452.697682242622,0.6212640563532713,61
low_velocity_spread,20,0.0,0.0,WorldPop_normalized,-2.0,within_block_population_prevalence,30,44124.77838514875,54507.829427220495,10383.051042071746,4810.812980886688,1700.4819131889296,17008.526404997087,0.5843871678289579,61
low_velocity_spread,20,0.0,0.5,GHSL,-10.0,unweighted_within_block_median_velocity,30,49.15909239038668,0.0,-49.15909239038668,11.917406011819232,-74.75354356759135,-25.103828312950938,0.0004358796943470906,60
low_velocity_spread,20,0.0,0.5,GHSL,-10.0,within_block_population_prevalence,30,49.15909239038668,24.888417056319714,-24.270675334066972,15.873591339331329,-61.823722832673845,5.501386954360979,0.00028910011287646315,60
low_velocity_spread,20,0.0,0.5,GHSL,-5.0,unweighted_within_block_median_velocity,30,1369.8054096214341,3922.951380978134,2553.145971356699,5180.458046961723,-1506.855505689904,9393.110660830976,0.04638118825514551,60
low_velocity_spread,20,0.0,0.5,GHSL,-5.0,within_block_population_prevalence,30,1369.8054096214341,2793.047237798465,1423.241828177031,2176.320255164164,-506.282813574418,5917.713090702116,0.03245975681487516,60
low_velocity_spread,20,0.0,0.5,GHSL,-2.0,unweighted_within_block_median_velocity,30,25397.757337295185,50199.37961292883,24801.622275633643,4835.910153092585,13842.797481509377,29953.38525229198,0.6140623126409452,60
low_velocity_spread,20,0.0,0.5,GHSL,-2.0,within_block_population_prevalence,30,25397.757337295185,19870.096944057543,-5527.6603932376465,4174.780767747384,-10317.46649457414,2076.5903967992963,0.3051397407949294,60
low_velocity_spread,20,0.0,0.5,WorldPop_normalized,-10.0,unweighted_within_block_median_velocity,30,389.06093879503595,0.0,-389.06093879503595,62.546052573974904,-501.05815286811963,-283.9006797434749,0.0034573867000298533,60
low_velocity_spread,20,0.0,0.5,WorldPop_normalized,-10.0,within_block_population_prevalence,30,389.06093879503595,1146.7576789941463,757.6967401991106,412.9980490926131,177.60460208478085,1654.809954878183,0.01048595720670257,60
low_velocity_spread,20,0.0,0.5,WorldPop_normalized,-5.0,unweighted_within_block_median_velocity,30,4570.953157680326,5144.7699281098,573.8167704294741,6716.790735834063,-4900.431775696049,9687.987454731323,0.08377720796072831,60
low_velocity_spread,20,0.0,0.5,WorldPop_normalized,-5.0,within_block_population_prevalence,30,4570.953157680326,13334.007087725784,8763.053930045457,2528.2099257538907,5009.348484285236,12931.861240953878,0.13103391171130502,60
low_velocity_spread,20,0.0,0.5,WorldPop_normalized,-2.0,unweighted_within_block_median_velocity,30,44124.77838514875,64723.611403383635,20598.83301823488,6711.893866449416,8073.348268384081,29783.70679917197,0.8254059087632156,60
low_velocity_spread,20,0.0,0.5,WorldPop_normalized,-2.0,within_block_population_prevalence,30,44124.77838514875,52794.693612898205,8669.915227749449,5178.558848027997,3232.6883209695447,18670.823350305043,0.6383347157550708,60
low_velocity_spread,20,0.5,0.0,GHSL,-10.0,unweighted_within_block_median_velocity,30,49.15909239038668,0.0,-49.15909239038668,11.917406011819232,-74.75354356759135,-25.103828312950938,0.0004358796943470906,62
low_velocity_spread,20,0.5,0.0,GHSL,-10.0,within_block_population_prevalence,30,49.15909239038668,27.258495903962547,-21.900596486424135,12.714590437363208,-47.34584370935905,1.4708575514785969,0.00024522181077444986,62
low_velocity_spread,20,0.5,0.0,GHSL,-5.0,unweighted_within_block_median_velocity,30,1369.8054096214341,380.85824103647525,-988.947168584959,47.99173302763718,-1067.3135765759178,-912.7429182745159,0.01197988530848936,62
low_velocity_spread,20,0.5,0.0,GHSL,-5.0,within_block_population_prevalence,30,1369.8054096214341,6911.135210918064,5541.329801296631,3850.611697532563,618.5980443498983,12013.81066326282,0.06882228256570973,62
low_velocity_spread,20,0.5,0.0,GHSL,-2.0,unweighted_within_block_median_velocity,30,25397.757337295185,53892.087476573615,28494.33013927843,9548.163597985742,15325.280443853353,44705.320112027905,0.6814924970646907,62
low_velocity_spread,20,0.5,0.0,GHSL,-2.0,within_block_population_prevalence,30,25397.757337295185,44022.45893180985,18624.701594514663,12305.799209429613,-1492.8913294437975,29407.7256963552,0.49584757846918764,62
low_velocity_spread,20,0.5,0.0,WorldPop_normalized,-10.0,unweighted_within_block_median_velocity,30,389.06093879503595,0.0,-389.06093879503595,62.546052573974904,-501.05815286811963,-283.9006797434749,0.0034573867000298538,62
low_velocity_spread,20,0.5,0.0,WorldPop_normalized,-10.0,within_block_population_prevalence,30,389.06093879503595,457.41669322734003,68.35575443230411,108.44038553156312,-91.81781769115138,290.1254644766515,0.002836357043728275,62
low_velocity_spread,20,0.5,0.0,WorldPop_normalized,-5.0,unweighted_within_block_median_velocity,30,4570.953157680326,1123.211430179394,-3447.7417275009316,151.5905479022895,-3644.069053079532,-3087.931856874704,0.03848987739598766,62
low_velocity_spread,20,0.5,0.0,WorldPop_normalized,-5.0,within_block_population_prevalence,30,4570.953157680326,15100.514108595939,10529.560950915613,2998.813226139701,6422.124626453242,15483.333370758799,0.14189459656934997,62
low_velocity_spread,20,0.5,0.0,WorldPop_normalized,-2.0,unweighted_within_block_median_velocity,30,44124.77838514875,63404.50081412163,19279.72242897288,10552.902754418563,5053.547266968407,36487.735146366846,0.8610461436175357,62
low_velocity_spread,20,0.5,0.0,WorldPop_normalized,-2.0,within_block_population_prevalence,30,44124.77838514875,77828.29720555418,33703.518820405436,7379.705726627962,19960.705957097372,41470.469316212184,0.7923551685019045,62
low_velocity_spread,20,0.5,0.5,GHSL,-10.0,unweighted_within_block_median_velocity,30,49.15909239038668,0.0,-49.15909239038668,11.917406011819232,-74.75354356759135,-25.103828312950938,0.0004358796943470906,59
low_velocity_spread,20,0.5,0.5,GHSL,-10.0,within_block_population_prevalence,30,49.15909239038668,7.927148353693107,-41.23194403669358,11.538439884692815,-66.97513323363232,-18.775857392279875,0.0004007578319475388,59
low_velocity_spread,20,0.5,0.5,GHSL,-5.0,unweighted_within_block_median_velocity,30,1369.8054096214341,5967.3259313495855,4597.520521728152,2359.4175484047987,-1338.1792620679134,5670.871713201754,0.0633351510491641,59
low_velocity_spread,20,0.5,0.5,GHSL,-5.0,within_block_population_prevalence,30,1369.8054096214341,17011.908055930584,15642.10264630915,2771.5726331598757,11438.621466344168,20543.028928375636,0.1598792309428769,59
low_velocity_spread,20,0.5,0.5,GHSL,-2.0,unweighted_within_block_median_velocity,30,25397.757337295185,76249.26023101728,50851.50289372208,2209.53407915869,43185.22244209469,52249.73624551766,0.8530757068542721,59
low_velocity_spread,20,0.5,0.5,GHSL,-2.0,within_block_population_prevalence,30,25397.757337295185,73835.79835690289,48438.04101960771,2131.5140260306543,45350.63510007619,52983.37425993212,0.7853584310792454,59
low_velocity_spread,20,0.5,0.5,WorldPop_normalized,-10.0,unweighted_within_block_median_velocity,30,389.06093879503595,0.0,-389.06093879503595,62.546052573974904,-501.05815286811963,-283.9006797434749,0.0034573867000298538,59
low_velocity_spread,20,0.5,0.5,WorldPop_normalized,-10.0,within_block_population_prevalence,30,389.06093879503595,858.4354057451621,469.3744669501263,267.04584500589965,53.314372194223054,934.414900938127,0.008281071237883388,59
low_velocity_spread,20,0.5,0.5,WorldPop_normalized,-5.0,unweighted_within_block_median_velocity,30,4570.953157680326,9354.154835027477,4783.201677347153,3610.962678516158,-4335.5750778989495,6679.668245218484,0.11069179081131791,59
low_velocity_spread,20,0.5,0.5,WorldPop_normalized,-5.0,within_block_population_prevalence,30,4570.953157680326,24032.948468124006,19461.99531044368,2985.1098441277895,14861.42703692883,24636.969854238618,0.2262339571845666,59
low_velocity_spread,20,0.5,0.5,WorldPop_normalized,-2.0,unweighted_within_block_median_velocity,30,44124.77838514875,74621.92838159953,30497.149996450775,2829.5545309334943,20671.478668499567,32124.400281806324,0.9442865672986872,59
low_velocity_spread,20,0.5,0.5,WorldPop_normalized,-2.0,within_block_population_prevalence,30,44124.77838514875,97056.16858902511,52931.39020387637,3088.337697650291,48258.634066015045,59227.318355460644,0.9998487296072078,59
random,5,0.0,0.0,GHSL,-10.0,unweighted_within_block_median_velocity,30,769.3530587449113,634.9511143287683,-134.40194441614312,105.485381217184,-312.19098520387524,63.07697170369811,0.00787628123814706,8
random,5,0.0,0.0,GHSL,-10.0,within_block_population_prevalence,30,769.3530587449113,800.3373287510484,30.984270006137102,99.60871242682963,-137.18909691502466,273.9638884145942,0.007219557179195093,8
random,5,0.0,0.0,GHSL,-5.0,unweighted_within_block_median_velocity,30,9508.473910170462,11218.362850659558,1709.888940489097,503.34357495290794,841.8143371727023,2601.0940079956936,0.08579776992229778,8
random,5,0.0,0.0,GHSL,-5.0,within_block_population_prevalence,30,9508.473910170462,9822.893384168809,314.41947399834754,462.82909019294715,-521.0099837223138,1295.6791817551798,0.05169439037543086,8
random,5,0.0,0.0,GHSL,-2.0,unweighted_within_block_median_velocity,30,83106.9124439504,85398.06571889468,2291.153274944292,2098.18505012415,-1377.3194472768864,5410.026155940665,0.44564424174366774,8
random,5,0.0,0.0,GHSL,-2.0,within_block_population_prevalence,30,83106.9124439504,84328.92301249102,1222.0105685406165,1711.7477112929307,-2109.2572570412017,4592.311581817438,0.29365470715173553,8
random,5,0.0,0.0,WorldPop_normalized,-10.0,unweighted_within_block_median_velocity,30,5808.847047939707,3093.5081964146634,-2715.3388515250435,334.9430888251446,-3433.8378966943465,-2218.657794931062,0.04702000871971806,9
random,5,0.0,0.0,WorldPop_normalized,-10.0,within_block_population_prevalence,30,5808.847047939707,5853.101606235073,44.254558295365555,309.48039300306436,-524.7194264152225,671.6554445639429,0.03546932474190075,9
random,5,0.0,0.0,WorldPop_normalized,-5.0,unweighted_within_block_median_velocity,30,38560.92213409653,33966.555928211215,-4594.366205885321,1247.7536593305347,-7429.631435338835,-2542.2444133969943,0.2262892150105939,9
random,5,0.0,0.0,WorldPop_normalized,-5.0,within_block_population_prevalence,30,38560.92213409653,38949.67339797038,388.7512638738454,1032.9503634626744,-1344.4638153965702,2329.129898560179,0.1351177663206438,9
random,5,0.0,0.0,WorldPop_normalized,-2.0,unweighted_within_block_median_velocity,30,163843.18118723502,155945.05673616158,-7898.124451073443,2795.1253489933056,-13285.9595898676,-4290.458510964005,0.6606142604642788,9
random,5,0.0,0.0,WorldPop_normalized,-2.0,within_block_population_prevalence,30,163843.18118723502,164753.17076521929,909.9895779842414,2018.3266624735268,-2474.3513344798034,5360.068390844748,0.41168376609797913,9
random,5,0.0,0.5,GHSL,-10.0,unweighted_within_block_median_velocity,30,769.3530587449113,614.520778712321,-154.83228003259043,121.16243040144052,-344.36297465060284,78.70585802051923,0.008547382993929981,12
random,5,0.0,0.5,GHSL,-10.0,within_block_population_prevalence,30,769.3530587449113,779.8570686601456,10.504009915234311,96.12413376295547,-131.10277172841333,258.3024939521443,0.00725487251866966,12
random,5,0.0,0.5,GHSL,-5.0,unweighted_within_block_median_velocity,30,9508.473910170462,11513.329871373815,2004.855961203353,588.6034404185721,906.4335954220791,2846.2721588103927,0.08545351157841814,12
random,5,0.0,0.5,GHSL,-5.0,within_block_population_prevalence,30,9508.473910170462,9809.595911533166,301.12200136270457,409.5978842162203,-398.3863718275106,1105.4424022547923,0.05292362267773184,12
random,5,0.0,0.5,GHSL,-2.0,unweighted_within_block_median_velocity,30,83106.9124439504,87771.56883746853,4664.656393518132,1822.0301901974728,1625.6524949968725,7462.021020361951,0.4591314078924515,12
random,5,0.0,0.5,GHSL,-2.0,within_block_population_prevalence,30,83106.9124439504,84342.3394992018,1235.427055251398,1487.8858857822725,-1192.5099684314623,3655.0835175713596,0.2996650241683635,12
random,5,0.0,0.5,WorldPop_normalized,-10.0,unweighted_within_block_median_velocity,30,5808.847047939707,2804.3779240783247,-3004.4691238613823,306.29072741998766,-3590.1700539610097,-2560.207751725454,0.04771991083187815,9
random,5,0.0,0.5,WorldPop_normalized,-10.0,within_block_population_prevalence,30,5808.847047939707,5806.022889347662,-2.8241585920448413,305.7766651488024,-495.02351861524807,601.9253813362108,0.03668198010900712,9
random,5,0.0,0.5,WorldPop_normalized,-5.0,unweighted_within_block_median_velocity,30,38560.92213409653,33468.719352539854,-5092.202781556677,1071.0956962134637,-6909.314054601487,-3107.1325655962983,0.22235189054028295,9
random,5,0.0,0.5,WorldPop_normalized,-5.0,within_block_population_prevalence,30,38560.92213409653,38879.842917947426,318.9207838508924,773.2512003587187,-1071.3304381406726,1674.5140414225395,0.13784679122468482,9
random,5,0.0,0.5,WorldPop_normalized,-2.0,unweighted_within_block_median_velocity,30,163843.18118723502,158870.7795485642,-4972.401638670834,2336.858831144985,-9437.815687096117,-443.6382357294418,0.659734131471819,9
random,5,0.0,0.5,WorldPop_normalized,-2.0,within_block_population_prevalence,30,163843.18118723502,164796.50142339902,953.3202361639802,1574.8393543166515,-1628.2401834130492,4108.730243431392,0.4155225604478223,9
random,5,0.5,0.0,GHSL,-10.0,unweighted_within_block_median_velocity,30,769.3530587449113,575.4668341549929,-193.8862245899185,120.071741275384,-388.22545981147226,41.6062876133547,0.007983254044353518,9
random,5,0.5,0.0,GHSL,-10.0,within_block_population_prevalence,30,769.3530587449113,792.3720365965381,23.018977851626776,100.20725895278619,-102.32662119351286,253.85025034301785,0.007095858834193606,9
random,5,0.5,0.0,GHSL,-5.0,unweighted_within_block_median_velocity,30,9508.473910170462,11226.943172761019,1718.4692625905582,488.60014471907266,926.6354340996437,2526.672611734628,0.079610887473879,9
random,5,0.5,0.0,GHSL,-5.0,within_block_population_prevalence,30,9508.473910170462,9706.668737041677,198.19482687121453,475.22709781949544,-629.7445147568695,1163.4848772021771,0.052801763864674126,9
random,5,0.5,0.0,GHSL,-2.0,unweighted_within_block_median_velocity,30,83106.9124439504,86227.59504703365,3120.682603083265,2861.2454017012346,-2592.168607341858,7882.647576081635,0.4809045356948591,9
random,5,0.5,0.0,GHSL,-2.0,within_block_population_prevalence,30,83106.9124439504,84507.92461449628,1401.0121705458898,1884.2860743260828,-2145.278844819644,4106.057768198071,0.30319516663100843,9
random,5,0.5,0.0,WorldPop_normalized,-10.0,unweighted_within_block_median_velocity,30,5808.847047939707,2924.458456283271,-2884.3885916564354,395.25092928127594,-3678.3116804541523,-2120.588408658085,0.046116915275681424,9
random,5,0.5,0.0,WorldPop_normalized,-10.0,within_block_population_prevalence,30,5808.847047939707,5806.334815651999,-2.512232287707805,288.2974250256435,-553.588980443931,510.0352333051915,0.03479383317728314,9
random,5,0.5,0.0,WorldPop_normalized,-5.0,unweighted_within_block_median_velocity,30,38560.92213409653,34981.16300506501,-3579.7591290315195,1092.4588776672972,-5703.196661400372,-2061.0666281373315,0.21640505862026774,9
random,5,0.5,0.0,WorldPop_normalized,-5.0,within_block_population_prevalence,30,38560.92213409653,38677.00891094782,116.08677685128545,904.1665661095797,-1744.556008885637,1821.0012790536775,0.13520240906762362,9
random,5,0.5,0.0,WorldPop_normalized,-2.0,unweighted_within_block_median_velocity,30,163843.18118723502,156254.2149091091,-7588.9662781259485,3016.8653498600165,-13792.3135558756,-1707.7062897515364,0.6895138732164092,9
random,5,0.5,0.0,WorldPop_normalized,-2.0,within_block_population_prevalence,30,163843.18118723502,164893.17205557684,1049.9908683417802,1939.407570788646,-1845.4207659162544,4480.100095622071,0.4217442023018513,9
random,5,0.5,0.5,GHSL,-10.0,unweighted_within_block_median_velocity,30,769.3530587449113,516.7754994286375,-252.57755931627383,91.07096542180555,-407.47980909974893,-76.1283615513603,0.007986429083929323,7
random,5,0.5,0.5,GHSL,-10.0,within_block_population_prevalence,30,769.3530587449113,783.942344533872,14.589285788960531,96.8930389899304,-131.87075845248273,219.18981968544338,0.006922010035778909,7
random,5,0.5,0.5,GHSL,-5.0,unweighted_within_block_median_velocity,30,9508.473910170462,11294.201060596886,1785.7271504264238,402.78823633615076,1161.4002261334604,2563.4611900612113,0.07896205185374053,7
random,5,0.5,0.5,GHSL,-5.0,within_block_population_prevalence,30,9508.473910170462,9760.51639029846,252.04248012799738,394.31431581085917,-540.5949097166749,886.810547882965,0.05456843807076975,7
random,5,0.5,0.5,GHSL,-2.0,unweighted_within_block_median_velocity,30,83106.9124439504,86327.45156552173,3220.5391215713216,2216.9489679117623,-378.02290600210495,6667.896407365936,0.47295052291245393,7
random,5,0.5,0.5,GHSL,-2.0,within_block_population_prevalence,30,83106.9124439504,84303.3233887176,1196.410944767212,1531.008165381201,-1818.5842842225247,3410.7746455371826,0.3001257735433009,7
random,5,0.5,0.5,WorldPop_normalized,-10.0,unweighted_within_block_median_velocity,30,5808.847047939707,2654.080315429676,-3154.766732510031,368.7678686315623,-3864.8313335285657,-2572.2527998312844,0.045660627935652044,8
random,5,0.5,0.5,WorldPop_normalized,-10.0,within_block_population_prevalence,30,5808.847047939707,5776.351501554338,-32.4955463853689,307.0539267859849,-592.4798952000227,497.1840800640913,0.035762002327482854,8
random,5,0.5,0.5,WorldPop_normalized,-5.0,unweighted_within_block_median_velocity,30,38560.92213409653,34627.90143945175,-3933.020694644786,1136.9380869103695,-5759.636169826744,-1476.7969056029087,0.21720882241859452,8
random,5,0.5,0.5,WorldPop_normalized,-5.0,within_block_population_prevalence,30,38560.92213409653,38665.476923200054,104.5547891035225,880.3451960760342,-1572.5677281259254,1508.2310951684722,0.13935206254554264,8
random,5,0.5,0.5,WorldPop_normalized,-2.0,unweighted_within_block_median_velocity,30,163843.18118723502,154803.13500678295,-9040.046180452111,2504.0254092151836,-13619.01045192944,-4755.729684505115,0.6784297989299092,8
random,5,0.5,0.5,WorldPop_normalized,-2.0,within_block_population_prevalence,30,163843.18118723502,164815.5540486421,972.3728614070637,1452.8731675791162,-1632.6444875780871,3746.0279970472757,0.4197197440910017,8
random,10,0.0,0.0,GHSL,-10.0,unweighted_within_block_median_velocity,30,769.3530587449113,211.47757332742768,-557.8754854174837,89.59675259659502,-694.2259021569408,-346.2063555820689,0.007412405023709315,2
random,10,0.0,0.0,GHSL,-10.0,within_block_population_prevalence,30,769.3530587449113,770.1969442576925,0.8438855127811811,114.35297014827479,-160.3575303434194,276.4742462805237,0.005498122760317282,2
random,10,0.0,0.0,GHSL,-5.0,unweighted_within_block_median_velocity,30,9508.473910170462,10495.459504825909,986.985594655447,584.8086360459771,141.59193972785138,1989.7772953707538,0.09555891536287446,2
random,10,0.0,0.0,GHSL,-5.0,within_block_population_prevalence,30,9508.473910170462,9600.01306926224,91.53915909177977,512.8800930700486,-836.3364086799377,1267.8685726139051,0.039206767892897454,2
random,10,0.0,0.0,GHSL,-2.0,unweighted_within_block_median_velocity,30,83106.9124439504,88546.59137741085,5439.678933460459,3657.304687984231,-1232.9570626662523,12024.092040773485,0.6401561277998185,2
random,10,0.0,0.0,GHSL,-2.0,within_block_population_prevalence,30,83106.9124439504,84053.6086732571,946.6962293067021,2014.7200655969807,-2500.0948026316555,4661.650151365543,0.22627813938797312,2
random,10,0.0,0.0,WorldPop_normalized,-10.0,unweighted_within_block_median_velocity,30,5808.847047939707,671.7815285702917,-5137.065519369415,298.99798434586586,-5606.917898644403,-4561.767816273439,0.05110056953375169,2
random,10,0.0,0.0,WorldPop_normalized,-10.0,within_block_population_prevalence,30,5808.847047939707,5829.162547531884,20.315499592176728,327.23247421441624,-526.7557322980898,632.2624650904605,0.02537637558769595,2
random,10,0.0,0.0,WorldPop_normalized,-5.0,unweighted_within_block_median_velocity,30,38560.92213409653,27841.68460528921,-10719.23752880732,1044.0734053711162,-12602.898715751571,-9162.524294739816,0.26144405139568766,2
random,10,0.0,0.0,WorldPop_normalized,-5.0,within_block_population_prevalence,30,38560.92213409653,38726.75180434711,165.82967025057053,924.2289565577877,-1577.0746039071746,2071.5278463431046,0.09718029241498713,2
random,10,0.0,0.0,WorldPop_normalized,-2.0,unweighted_within_block_median_velocity,30,163843.18118723502,150381.0420697116,-13462.139117523438,3993.7097893142245,-20873.19079451961,-6268.303706398215,0.9092748128229874,2
random,10,0.0,0.0,WorldPop_normalized,-2.0,within_block_population_prevalence,30,163843.18118723502,164882.55498034257,1039.373793107508,2027.5629768686097,-2133.290799488082,4474.133691343109,0.3078336728563563,2
random,10,0.0,0.5,GHSL,-10.0,unweighted_within_block_median_velocity,30,769.3530587449113,405.5516808139434,-363.801377930968,112.25521898346466,-512.4802918912005,-120.05899056897597,0.00823964205817252,0
random,10,0.0,0.5,GHSL,-10.0,within_block_population_prevalence,30,769.3530587449113,763.9372802844299,-5.415778460481518,111.43880903469928,-146.0850215505732,276.3192645429445,0.005539025987105452,0
random,10,0.0,0.5,GHSL,-5.0,unweighted_within_block_median_velocity,30,9508.473910170462,10724.411362286006,1215.937452115544,603.456014824796,167.3039758426326,2326.0372157816864,0.1006285709218164,0
random,10,0.0,0.5,GHSL,-5.0,within_block_population_prevalence,30,9508.473910170462,9635.649414678232,127.1755045077709,454.85158651577666,-609.4441408991165,1206.1686104849812,0.03988903851010334,0
random,10,0.0,0.5,GHSL,-2.0,unweighted_within_block_median_velocity,30,83106.9124439504,96080.18903328382,12973.27658933343,4682.28322687147,2504.7578524179494,19421.851987556813,0.6702394909759306,0
random,10,0.0,0.5,GHSL,-2.0,within_block_population_prevalence,30,83106.9124439504,83977.89205985446,870.9796159040629,2192.716557341577,-2708.2597738154072,4468.454280412895,0.22125777929303547,0
random,10,0.0,0.5,WorldPop_normalized,-10.0,unweighted_within_block_median_velocity,30,5808.847047939707,1432.14055363027,-4376.7064943094365,360.05292818391774,-4991.389956243233,-3729.4195700624364,0.05151923898067829,0
random,10,0.0,0.5,WorldPop_normalized,-10.0,within_block_population_prevalence,30,5808.847047939707,5840.366743161294,31.519695221586243,347.1366778465762,-458.4979180272169,788.6544327986938,0.025663583756146892,0
random,10,0.0,0.5,WorldPop_normalized,-5.0,unweighted_within_block_median_velocity,30,38560.92213409653,27996.37780578147,-10564.544328315063,1228.44814223527,-12217.858296553277,-8594.133922976464,0.2681354343771642,0
random,10,0.0,0.5,WorldPop_normalized,-5.0,within_block_population_prevalence,30,38560.92213409653,38843.15925937713,282.2371252805914,901.1237246825841,-1134.1786857857871,1940.546057473396,0.09871499356945847,0
random,10,0.0,0.5,WorldPop_normalized,-2.0,unweighted_within_block_median_velocity,30,163843.18118723502,158746.05045783936,-5097.1307293956825,5169.496877756992,-17416.615210347078,1775.9326748682438,0.9539096093498712,0
random,10,0.0,0.5,WorldPop_normalized,-2.0,within_block_population_prevalence,30,163843.18118723502,165094.4117135957,1251.230526360681,2325.823517643022,-2117.756412861596,5499.23733051512,0.3018781400229563,0
random,10,0.5,0.0,GHSL,-10.0,unweighted_within_block_median_velocity,30,769.3530587449113,347.15227081243484,-422.20078793247654,115.08153755054958,-611.0005030620815,-190.3645219309833,0.008499864293346095,1
random,10,0.5,0.0,GHSL,-10.0,within_block_population_prevalence,30,769.3530587449113,779.0742796255201,9.721220880608826,117.69012004651309,-161.98999294502948,302.13754312850983,0.005846493588327623,1
random,10,0.5,0.0,GHSL,-5.0,unweighted_within_block_median_velocity,30,9508.473910170462,13012.300963163292,3503.827052992831,691.6212357023554,2052.4352337316723,4549.491480425614,0.11202850964778215,1
random,10,0.5,0.0,GHSL,-5.0,within_block_population_prevalence,30,9508.473910170462,9647.083843877514,138.60993370705103,547.369379991368,-686.2785361620602,1458.915805202617,0.03951825349610974,1
random,10,0.5,0.0,GHSL,-2.0,unweighted_within_block_median_velocity,30,83106.9124439504,80736.96629209342,-2369.94615185698,2991.372845383502,-7230.184675279493,2743.3721025641853,0.6348887735286192,1
random,10,0.5,0.0,GHSL,-2.0,within_block_population_prevalence,30,83106.9124439504,84324.09594653694,1217.183502586538,1917.3339819334617,-2713.049660052052,4732.544803909513,0.23020027863019027,1
random,10,0.5,0.0,WorldPop_normalized,-10.0,unweighted_within_block_median_velocity,30,5808.847047939707,865.5126717263229,-4943.3343762133845,352.4647931548166,-5426.155217065134,-4215.592725313382,0.051846629414958365,1
random,10,0.5,0.0,WorldPop_normalized,-10.0,within_block_population_prevalence,30,5808.847047939707,5864.039697295728,55.19264935602093,349.03667235046345,-613.4165895681691,741.2008415617197,0.02660926902222507,1
random,10,0.5,0.0,WorldPop_normalized,-5.0,unweighted_within_block_median_velocity,30,38560.92213409653,33489.04702056151,-5071.875113535019,1421.346560630098,-7705.683369570772,-2665.638490470639,0.2796725023073818,1
random,10,0.5,0.0,WorldPop_normalized,-5.0,within_block_population_prevalence,30,38560.92213409653,38817.867271035095,256.9451369385601,1121.4410621965515,-1779.9876203970662,2302.153885747761,0.09831293805913968,1
random,10,0.5,0.0,WorldPop_normalized,-2.0,unweighted_within_block_median_velocity,30,163843.18118723502,141237.1014847337,-22606.079702501356,3263.9625960348344,-28938.12143343306,-17502.59334285976,0.9097842792331201,1
random,10,0.5,0.0,WorldPop_normalized,-2.0,within_block_population_prevalence,30,163843.18118723502,165154.73968294132,1311.5584957062829,1926.5056700975374,-1582.938736672805,4537.885676552535,0.30890222963382874,1
random,10,0.5,0.5,GHSL,-10.0,unweighted_within_block_median_velocity,30,769.3530587449113,313.45509593379563,-455.89796281111575,102.7622259260412,-620.2746265857378,-252.87045703645543,0.007864966113894088,1
random,10,0.5,0.5,GHSL,-10.0,within_block_population_prevalence,30,769.3530587449113,771.6508727158126,2.2978139709012413,105.69993322404491,-151.31478368403663,262.2122016480849,0.00599442478467336,1
random,10,0.5,0.5,GHSL,-5.0,unweighted_within_block_median_velocity,30,9508.473910170462,12751.241481359,3242.7675711885377,833.840569852277,1885.1535837550466,4668.150808250262,0.11133463812204807,1
random,10,0.5,0.5,GHSL,-5.0,within_block_population_prevalence,30,9508.473910170462,9659.39122827915,150.91731810868745,496.7534221660337,-631.2435215536514,1130.039051326178,0.040081055178105895,1
random,10,0.5,0.5,GHSL,-2.0,unweighted_within_block_median_velocity,30,83106.9124439504,85551.12212241738,2444.2096784669816,4024.46520332473,-4603.140386613334,9640.542705520467,0.6380052288268916,1
random,10,0.5,0.5,GHSL,-2.0,within_block_population_prevalence,30,83106.9124439504,84106.30527594766,999.3928319972688,2308.216051488816,-3268.8948578054706,5677.005775279722,0.22229331479459563,1
random,10,0.5,0.5,WorldPop_normalized,-10.0,unweighted_within_block_median_velocity,30,5808.847047939707,1114.502312022246,-4694.344735917461,349.55461502297794,-5416.860806845308,-4085.3896479457385,0.051778780182740285,1
random,10,0.5,0.5,WorldPop_normalized,-10.0,within_block_population_prevalence,30,5808.847047939707,5885.984608489589,77.13756054988177,331.5725513707872,-467.52717016944473,817.729020759019,0.02664168884357599,1
random,10,0.5,0.5,WorldPop_normalized,-5.0,unweighted_within_block_median_velocity,30,38560.92213409653,30179.681551920174,-8381.240582176359,1813.804396427703,-11348.051181197792,-5487.102375641598,0.28524237339152,1
random,10,0.5,0.5,WorldPop_normalized,-5.0,within_block_population_prevalence,30,38560.92213409653,38879.07146586152,318.1493317649823,1097.9803215693269,-1789.6591059245386,2561.2272291522295,0.09982100781878808,1
random,10,0.5,0.5,WorldPop_normalized,-2.0,unweighted_within_block_median_velocity,30,163843.18118723502,149053.90935771712,-14789.271829517927,4233.954334933451,-22306.299113984205,-6798.430234593011,0.9253201672382336,1
random,10,0.5,0.5,WorldPop_normalized,-2.0,within_block_population_prevalence,30,163843.18118723502,165138.39640952888,1295.215222293832,2263.285736286136,-2455.1308098269387,5504.560488411841,0.3016125188609635,1
random,20,0.0,0.0,GHSL,-10.0,unweighted_within_block_median_velocity,30,769.3530587449113,222.61486228612608,-546.7381964587853,163.49986274997985,-808.9859347101539,-255.04476360258607,0.008398118245941772,1
random,20,0.0,0.0,GHSL,-10.0,within_block_population_prevalence,30,769.3530587449113,759.3981268656308,-9.954931879280563,117.56420655585615,-192.17989510047494,297.0721546346311,0.004130076775531449,1
random,20,0.0,0.0,GHSL,-5.0,unweighted_within_block_median_velocity,30,9508.473910170462,8910.494185519048,-597.9797246514142,1134.0306663111908,-2273.3895832999747,2055.014322820397,0.10758658711386802,1
random,20,0.0,0.0,GHSL,-5.0,within_block_population_prevalence,30,9508.473910170462,9546.28004486376,37.80613469329965,587.1092112010537,-873.8994427310012,1294.6787360093638,0.027319432602433857,1
random,20,0.0,0.0,GHSL,-2.0,unweighted_within_block_median_velocity,30,83106.9124439504,75829.62787388124,-7277.284570069159,5719.9778133070295,-15593.902631884483,3127.252829473926,0.8165883517079195,1
random,20,0.0,0.0,GHSL,-2.0,within_block_population_prevalence,30,83106.9124439504,83998.28997007674,891.3775261263562,2662.7853573454754,-3712.3695650424656,5327.931172947809,0.15965784609677763,1
random,20,0.0,0.0,WorldPop_normalized,-10.0,unweighted_within_block_median_velocity,30,5808.847047939707,457.074977073934,-5351.7720708657735,352.59500746705646,-5929.972436350262,-4747.378734578238,0.052152109515257915,1
random,20,0.0,0.0,WorldPop_normalized,-10.0,within_block_population_prevalence,30,5808.847047939707,5836.320514054932,27.473466115224923,360.19245838385194,-464.1975957769675,824.956668445893,0.0171523888633739,1
random,20,0.0,0.0,WorldPop_normalized,-5.0,unweighted_within_block_median_velocity,30,38560.92213409653,19644.64478877432,-18916.277345322214,1720.5593167847958,-21990.861393903495,-15222.397049030222,0.3263567752917769,1
random,20,0.0,0.0,WorldPop_normalized,-5.0,within_block_population_prevalence,30,38560.92213409653,38690.15046791939,129.22833382285438,1067.6644907487857,-1668.1051499529985,2060.543472005562,0.06572856437156628,1
random,20,0.0,0.0,WorldPop_normalized,-2.0,unweighted_within_block_median_velocity,30,163843.18118723502,127337.89448258972,-36505.28670464533,8390.243040531132,-47511.05212981885,-22772.866840589708,1.2161604826759564,1
random,20,0.0,0.0,WorldPop_normalized,-2.0,within_block_population_prevalence,30,163843.18118723502,165067.69637681806,1224.515189583002,2419.589440833886,-2320.3303194232094,5557.853014990755,0.21132556566128097,1
random,20,0.0,0.5,GHSL,-10.0,unweighted_within_block_median_velocity,30,769.3530587449113,0.0,-769.3530587449113,80.3598093105011,-889.3401802576387,-555.9876131341545,0.006821634814321953,0
random,20,0.0,0.5,GHSL,-10.0,within_block_population_prevalence,30,769.3530587449113,756.1237393223091,-13.229319422602256,111.70100146541749,-168.30466321951675,270.962181862685,0.0040150494304384485,0
random,20,0.0,0.5,GHSL,-5.0,unweighted_within_block_median_velocity,30,9508.473910170462,13391.999658271483,3883.525748101021,1711.34608228011,942.6247398239071,7218.116413808254,0.13282716623983756,0
random,20,0.0,0.5,GHSL,-5.0,within_block_population_prevalence,30,9508.473910170462,9553.31421660723,44.84030643676924,556.7622142163932,-797.2356685390436,1173.814864528363,0.027673555510681725,0
random,20,0.0,0.5,GHSL,-2.0,unweighted_within_block_median_velocity,30,83106.9124439504,68197.88878907557,-14909.023654874827,3987.728427998625,-21122.871475316006,-8120.254357502369,0.7710729476207512,0
random,20,0.0,0.5,GHSL,-2.0,within_block_population_prevalence,30,83106.9124439504,84295.54277249845,1188.63032854805,2817.762883131949,-3336.1492444169626,6527.948668417567,0.1609697376015738,0
random,20,0.0,0.5,WorldPop_normalized,-10.0,unweighted_within_block_median_velocity,30,5808.847047939707,0.0,-5808.847047939707,241.42716962570913,-6238.771509988375,-5333.114197960408,0.051620269534780314,0
random,20,0.0,0.5,WorldPop_normalized,-10.0,within_block_population_prevalence,30,5808.847047939707,5834.160982393467,25.31393445375973,366.8247058398582,-507.7747306700455,778.826506015386,0.017907044504177464,0
random,20,0.0,0.5,WorldPop_normalized,-5.0,unweighted_within_block_median_velocity,30,38560.92213409653,28032.33877968635,-10528.583354410184,2840.7879318007167,-14968.188016128279,-4285.589568825523,0.3390494053883389,0
random,20,0.0,0.5,WorldPop_normalized,-5.0,within_block_population_prevalence,30,38560.92213409653,38685.06683345175,124.14469935521265,1079.2853961304097,-1760.924543105771,2182.5217830148717,0.06854116055016432,0
random,20,0.0,0.5,WorldPop_normalized,-2.0,unweighted_within_block_median_velocity,30,163843.18118723502,123361.74890555705,-40481.43228167798,4524.072462097885,-47279.141623037205,-31503.537785920613,1.1744669002191068,0
random,20,0.0,0.5,WorldPop_normalized,-2.0,within_block_population_prevalence,30,163843.18118723502,165294.79658364595,1451.6153964108953,2656.0921309647506,-3068.692502285209,7347.210798030737,0.21623027970905084,0
random,20,0.5,0.0,GHSL,-10.0,unweighted_within_block_median_velocity,30,769.3530587449113,0.0,-769.3530587449113,80.3598093105011,-889.3401802576387,-555.9876131341545,0.006821634814321953,0
random,20,0.5,0.0,GHSL,-10.0,within_block_population_prevalence,30,769.3530587449113,756.1033109710315,-13.249747773879836,109.90034253088083,-181.86482414567743,266.866086536431,0.004113959570261846,0
random,20,0.5,0.0,GHSL,-5.0,unweighted_within_block_median_velocity,30,9508.473910170462,14542.555573354499,5034.081663184037,829.6140347628914,3653.31877499749,6491.123924206342,0.13258221797947833,0
random,20,0.5,0.0,GHSL,-5.0,within_block_population_prevalence,30,9508.473910170462,9526.529992810345,18.056082639883606,516.8055157652044,-824.1184902181436,1161.657352058052,0.02926006329462544,0
random,20,0.5,0.0,GHSL,-2.0,unweighted_within_block_median_velocity,30,83106.9124439504,49166.75091936191,-33940.16152458849,2694.9855837249042,-38153.99803060497,-29496.015693052108,0.7292981568742954,0
random,20,0.5,0.0,GHSL,-2.0,within_block_population_prevalence,30,83106.9124439504,83931.74680991693,824.8343659665348,2323.2024146080544,-3817.0675857757697,4244.150416514007,0.1594862815473519,0
random,20,0.5,0.0,WorldPop_normalized,-10.0,unweighted_within_block_median_velocity,30,5808.847047939707,0.0,-5808.847047939707,241.42716962570913,-6238.771509988375,-5333.114197960408,0.051620269534780314,0
random,20,0.5,0.0,WorldPop_normalized,-10.0,within_block_population_prevalence,30,5808.847047939707,5828.953764334115,20.106716394406856,341.022568593106,-489.9010396110196,673.6413781833003,0.017706886446292928,0
random,20,0.5,0.0,WorldPop_normalized,-5.0,unweighted_within_block_median_velocity,30,38560.92213409653,31856.196381458405,-6704.725752638129,1744.2170717697309,-10332.423196513859,-4338.532517102519,0.33500163547084655,0
random,20,0.5,0.0,WorldPop_normalized,-5.0,within_block_population_prevalence,30,38560.92213409653,38676.21245242074,115.29031832420466,1031.340581233174,-1804.9810015947742,2230.9713510353345,0.06975528666246737,0
random,20,0.5,0.0,WorldPop_normalized,-2.0,unweighted_within_block_median_velocity,30,163843.18118723502,91051.6298151735,-72791.55137206156,3757.8917342468,-78682.41759516211,-66412.32564471256,1.1514794730197606,0
random,20,0.5,0.0,WorldPop_normalized,-2.0,within_block_population_prevalence,30,163843.18118723502,165016.2559714484,1173.0747842133694,2474.9007701997257,-3131.5446272354047,5573.115240931736,0.21093852874425859,0
random,20,0.5,0.5,GHSL,-10.0,unweighted_within_block_median_velocity,30,769.3530587449113,0.0,-769.3530587449113,80.3598093105011,-889.3401802576387,-555.9876131341545,0.006821634814321953,0
random,20,0.5,0.5,GHSL,-10.0,within_block_population_prevalence,30,769.3530587449113,752.0295572677853,-17.323501477126072,109.33492730353143,-183.66439220550868,254.6638804867447,0.0041774990058074425,0
random,20,0.5,0.5,GHSL,-5.0,unweighted_within_block_median_velocity,30,9508.473910170462,10432.02555735584,923.551647185379,726.281720941226,-521.7063929373364,2073.3236916365054,0.11589467931700906,0
random,20,0.5,0.5,GHSL,-5.0,within_block_population_prevalence,30,9508.473910170462,9511.413307910323,2.9393977398610027,491.01274406383016,-810.3463549491402,1089.5325985695804,0.02949015259105468,0
random,20,0.5,0.5,GHSL,-2.0,unweighted_within_block_median_velocity,30,83106.9124439504,70041.83782563102,-13065.07461831937,2150.001897811711,-16434.23522340715,-9753.671166379725,0.727470031463174,0
random,20,0.5,0.5,GHSL,-2.0,within_block_population_prevalence,30,83106.9124439504,83937.3978771326,830.4854331822066,2318.4736154016528,-3380.7834393360017,4970.156093629766,0.16379539428942402,0
random,20,0.5,0.5,WorldPop_normalized,-10.0,unweighted_within_block_median_velocity,30,5808.847047939707,0.0,-5808.847047939707,241.42716962570913,-6238.771509988375,-5333.114197960408,0.051620269534780314,0
random,20,0.5,0.5,WorldPop_normalized,-10.0,within_block_population_prevalence,30,5808.847047939707,5802.294759344339,-6.552288595368615,321.6626210424899,-496.94794140880174,615.0521534729812,0.018166929171335482,0
random,20,0.5,0.5,WorldPop_normalized,-5.0,unweighted_within_block_median_velocity,30,38560.92213409653,22385.85246311545,-16175.069670981085,1337.313637925818,-18493.302308312832,-13365.712215299904,0.32644521908375906,0
random,20,0.5,0.5,WorldPop_normalized,-5.0,within_block_population_prevalence,30,38560.92213409653,38575.38030634377,14.458172247242327,1031.058029603282,-1889.3624099636454,1764.673771543585,0.07230816214314778,0
random,20,0.5,0.5,WorldPop_normalized,-2.0,unweighted_within_block_median_velocity,30,163843.18118723502,125090.77814976346,-38752.40303747159,2883.8834627650085,-43997.59529859369,-34357.723693606764,1.1142977973981527,0
random,20,0.5,0.5,WorldPop_normalized,-2.0,within_block_population_prevalence,30,163843.18118723502,164845.5854714551,1002.4042842200433,2552.2286818184334,-3410.469202648903,5259.075701572561,0.21992909167916058,0
spatial_cluster,5,0.0,0.0,GHSL,-10.0,unweighted_within_block_median_velocity,30,765.0431519107227,348.8267310154737,-416.216420895249,309.22615643365026,-864.259096368997,364.0969488219172,0.008786170921041447,1076
spatial_cluster,5,0.0,0.0,GHSL,-10.0,within_block_population_prevalence,30,765.0431519107227,331.336477395132,-433.70667451559063,273.5103428689557,-811.1213177487842,43.54138497609701,0.008289554503351212,1076
spatial_cluster,5,0.0,0.0,GHSL,-5.0,unweighted_within_block_median_velocity,30,9373.272975853943,4685.102802103685,-4688.170173750259,2236.81394134315,-9895.448198825386,-835.294543251626,0.09764084931288718,1076
spatial_cluster,5,0.0,0.0,GHSL,-5.0,within_block_population_prevalence,30,9373.272975853943,4120.884023901709,-5252.388951952235,2128.353859392011,-10873.914179217476,-2642.1526326960998,0.0898596001343323,1076
spatial_cluster,5,0.0,0.0,GHSL,-2.0,unweighted_within_block_median_velocity,30,82101.96358719241,29663.169443456358,-52438.79414373605,13000.607596933314,-74010.60647537021,-33130.211060979884,0.6903624397678475,1076
spatial_cluster,5,0.0,0.0,GHSL,-2.0,within_block_population_prevalence,30,82101.96358719241,29449.430881320914,-52652.5327058715,12610.641726440635,-75060.65802226009,-34337.200625952464,0.6656064736818652,1076
spatial_cluster,5,0.0,0.0,WorldPop_normalized,-10.0,unweighted_within_block_median_velocity,30,5930.434893764638,1189.696720676203,-4740.738173088434,1753.2917797453692,-7879.877757204702,-1995.0231333787185,0.055436482818318804,1074
spatial_cluster,5,0.0,0.0,WorldPop_normalized,-10.0,within_block_population_prevalence,30,5930.434893764638,1702.7104463295047,-4227.724447435133,1728.6685462161226,-7357.6468546212145,-1675.476057557293,0.05437089971441529,1074
spatial_cluster,5,0.0,0.0,WorldPop_normalized,-5.0,unweighted_within_block_median_velocity,30,38129.93153650349,12156.92082152012,-25973.010714983375,8169.108915793468,-42001.67701793115,-13891.834505059658,0.3325669506018711,1074
spatial_cluster,5,0.0,0.0,WorldPop_normalized,-5.0,within_block_population_prevalence,30,38129.93153650349,12948.64377913745,-25181.28775736604,8006.554086394225,-40676.49565705854,-12082.926677286663,0.3189777004774709,1074
spatial_cluster,5,0.0,0.0,WorldPop_normalized,-2.0,unweighted_within_block_median_velocity,30,158907.0745675586,49107.64779903146,-109799.42676852712,23723.169605217725,-154983.00512504118,-67078.63032281172,1.2373429650081085,1074
spatial_cluster,5,0.0,0.0,WorldPop_normalized,-2.0,within_block_population_prevalence,30,158907.0745675586,51258.98718534539,-107648.08738221318,23476.695143764282,-153023.32851538897,-64886.37284229512,1.2069059456632254,1074
spatial_cluster,5,0.0,0.5,GHSL,-10.0,unweighted_within_block_median_velocity,30,765.0431519107227,394.1609511825354,-370.8822007281873,301.0722440260948,-976.8699460970345,245.9406431814421,0.009279075651283641,1078
spatial_cluster,5,0.0,0.5,GHSL,-10.0,within_block_population_prevalence,30,765.0431519107227,355.90238243423215,-409.1407694764905,263.3545695145496,-817.1371667626146,118.82774402115285,0.008585543833568141,1078
spatial_cluster,5,0.0,0.5,GHSL,-5.0,unweighted_within_block_median_velocity,30,9373.272975853943,4235.561675083416,-5137.711300770528,2090.2410911367824,-9886.187467037178,-1470.8855202750067,0.09555617344876098,1078
spatial_cluster,5,0.0,0.5,GHSL,-5.0,within_block_population_prevalence,30,9373.272975853943,3771.277213084818,-5601.9957627691265,1853.9523344276404,-9879.144985031011,-2230.431936209409,0.08868518623189099,1078
spatial_cluster,5,0.0,0.5,GHSL,-2.0,unweighted_within_block_median_velocity,30,82101.96358719241,29463.476287735695,-52638.48729945672,12835.362743969541,-73253.36330979162,-33335.53489649046,0.6929632397173565,1078
spatial_cluster,5,0.0,0.5,GHSL,-2.0,within_block_population_prevalence,30,82101.96358719241,29012.315972924058,-53089.64761426835,12678.780710370633,-76756.13884426987,-33792.50941875039,0.6700463540938747,1078
spatial_cluster,5,0.0,0.5,WorldPop_normalized,-10.0,unweighted_within_block_median_velocity,30,5930.434893764638,1391.681072133876,-4538.753821630761,1834.58300849856,-8045.645314689783,-1968.3823769423325,0.05724892791629857,1080
spatial_cluster,5,0.0,0.5,WorldPop_normalized,-10.0,within_block_population_prevalence,30,5930.434893764638,1903.4786513441593,-4026.9562424204782,1774.5536459840062,-7338.339375745732,-1231.323040218887,0.05608477416433786,1080
spatial_cluster,5,0.0,0.5,WorldPop_normalized,-5.0,unweighted_within_block_median_velocity,30,38129.93153650349,11071.755229785764,-27058.17630671773,7559.623106003144,-42414.65796408623,-14817.791130451451,0.32725492699184605,1080
spatial_cluster,5,0.0,0.5,WorldPop_normalized,-5.0,within_block_population_prevalence,30,38129.93153650349,11710.852315470986,-26419.079221032505,7459.725533467511,-41351.25569826284,-13689.59813136027,0.3143056182582103,1080
spatial_cluster,5,0.0,0.5,WorldPop_normalized,-2.0,unweighted_within_block_median_velocity,30,158907.0745675586,49062.3387931393,-109844.73577441927,23042.665411461512,-151757.09094171983,-65038.26536867134,1.2423526338234507,1080
spatial_cluster,5,0.0,0.5,WorldPop_normalized,-2.0,within_block_population_prevalence,30,158907.0745675586,50353.54421687037,-108553.5303506882,23288.00081254878,-153578.0248020233,-65423.68991373752,1.2121183731669123,1080
spatial_cluster,5,0.5,0.0,GHSL,-10.0,unweighted_within_block_median_velocity,30,765.0431519107227,297.72197407417315,-467.32117783654957,237.1215009923854,-868.104978306795,-20.47908367244537,0.00845843256955814,1081
spatial_cluster,5,0.5,0.0,GHSL,-10.0,within_block_population_prevalence,30,765.0431519107227,357.61067755774116,-407.43247435298156,277.11315793090637,-812.9847244801128,103.3663015356308,0.008527691878122768,1081
spatial_cluster,5,0.5,0.0,GHSL,-5.0,unweighted_within_block_median_velocity,30,9373.272975853943,4535.673709941576,-4837.5992659123685,2251.3331874970218,-9506.056523585044,-1056.7581470109014,0.09496250303102581,1081
spatial_cluster,5,0.5,0.0,GHSL,-5.0,within_block_population_prevalence,30,9373.272975853943,4296.2039729398475,-5077.069002914096,2213.822382321475,-9909.343726842093,-1532.0651950810152,0.09044894279823223,1081
spatial_cluster,5,0.5,0.0,GHSL,-2.0,unweighted_within_block_median_velocity,30,82101.96358719241,30260.6358257902,-51841.327761402215,13180.28160904373,-73742.36080189013,-34324.600587492125,0.70197610893566,1081
spatial_cluster,5,0.5,0.0,GHSL,-2.0,within_block_population_prevalence,30,82101.96358719241,29709.972891870373,-52391.99069532204,12997.28173082011,-74355.8963664195,-34587.62088949636,0.6744064982396422,1081
spatial_cluster,5,0.5,0.0,WorldPop_normalized,-10.0,unweighted_within_block_median_velocity,30,5930.434893764638,1299.3289672306382,-4631.105926534,1734.9445238662208,-7588.213714845088,-2201.8421336676734,0.05559917234078763,1077
spatial_cluster,5,0.5,0.0,WorldPop_normalized,-10.0,within_block_population_prevalence,30,5930.434893764638,1894.0192447646186,-4036.415649000019,1674.9346107508034,-6785.02762637843,-1371.6168253794992,0.054881635354875134,1077
spatial_cluster,5,0.5,0.0,WorldPop_normalized,-5.0,unweighted_within_block_median_velocity,30,38129.93153650349,12016.94923379555,-26112.982302707944,7654.471483024849,-41645.30877998409,-14120.355192723307,0.32485412358047405,1077
spatial_cluster,5,0.5,0.0,WorldPop_normalized,-5.0,within_block_population_prevalence,30,38129.93153650349,12820.977813405685,-25308.953723097806,7709.476723755329,-40265.99983327559,-12283.084946992394,0.31413348102283556,1077
spatial_cluster,5,0.5,0.0,WorldPop_normalized,-2.0,unweighted_within_block_median_velocity,30,158907.0745675586,50119.30340729501,-108787.77116026357,23097.99817014877,-154692.77072106858,-67576.19488271842,1.2492563796556653,1077
spatial_cluster,5,0.5,0.0,WorldPop_normalized,-2.0,within_block_population_prevalence,30,158907.0745675586,51774.45671866916,-107132.61784888942,22934.744750287264,-153552.45007843955,-66474.7061114253,1.2146995880164129,1077
spatial_cluster,5,0.5,0.5,GHSL,-10.0,unweighted_within_block_median_velocity,30,765.0431519107227,413.3570975764081,-351.68605433431463,281.27368016030795,-795.6764309139668,264.13331296147607,0.009428524918057669,1059
spatial_cluster,5,0.5,0.5,GHSL,-10.0,within_block_population_prevalence,30,765.0431519107227,402.84471071966334,-362.19844119105943,284.4028740409152,-768.1694182737886,430.37309277570813,0.008838076953838085,1059
spatial_cluster,5,0.5,0.5,GHSL,-5.0,unweighted_within_block_median_velocity,30,9373.272975853943,4304.934793455973,-5068.338182397972,2212.9336853737714,-8915.487326823195,-1819.9120808373748,0.09405692966421685,1059
spatial_cluster,5,0.5,0.5,GHSL,-5.0,within_block_population_prevalence,30,9373.272975853943,3862.723766089325,-5510.549209764618,2064.1562494556706,-9053.044305141986,-2441.019632976814,0.08873078765828185,1059
spatial_cluster,5,0.5,0.5,GHSL,-2.0,unweighted_within_block_median_velocity,30,82101.96358719241,30615.469000067034,-51486.49458712538,13087.994416853837,-76514.79633303071,-32575.264148447295,0.7094561523861658,1059
spatial_cluster,5,0.5,0.5,GHSL,-2.0,within_block_population_prevalence,30,82101.96358719241,29874.621103829322,-52227.34248336309,12926.665521770792,-76927.26754300151,-33055.715662788774,0.6803102233840211,1059
spatial_cluster,5,0.5,0.5,WorldPop_normalized,-10.0,unweighted_within_block_median_velocity,30,5930.434893764638,1490.2419941304975,-4440.19289963414,1724.3378085597092,-7245.600467533727,-1529.4395987771143,0.05671477744326745,1062
spatial_cluster,5,0.5,0.5,WorldPop_normalized,-10.0,within_block_population_prevalence,30,5930.434893764638,1996.529582221838,-3933.9053115428,1726.5613895948284,-6845.540052195449,-1010.875763137281,0.05573823285154984,1062
spatial_cluster,5,0.5,0.5,WorldPop_normalized,-5.0,unweighted_within_block_median_velocity,30,38129.93153650349,11492.454792896066,-26637.476743607425,7917.655363609952,-41820.119753145875,-14073.299113846006,0.32406208540589343,1062
spatial_cluster,5,0.5,0.5,WorldPop_normalized,-5.0,within_block_population_prevalence,30,38129.93153650349,11950.971580792406,-26178.959955711085,7777.078431493348,-41063.530482315895,-13591.671516693203,0.3132536030679286,1062
spatial_cluster,5,0.5,0.5,WorldPop_normalized,-2.0,unweighted_within_block_median_velocity,30,158907.0745675586,50526.890303701555,-108380.18426385702,22635.319422133056,-155090.757233117,-71947.72871062713,1.2604082228173537,1062
spatial_cluster,5,0.5,0.5,WorldPop_normalized,-2.0,within_block_population_prevalence,30,158907.0745675586,51909.69668021989,-106997.37788733868,22577.24317739527,-153107.6781152368,-68638.8067122775,1.2228865206064206,1062
spatial_cluster,10,0.0,0.0,GHSL,-10.0,unweighted_within_block_median_velocity,30,765.0431519107227,866.9660257991843,101.92287388846171,746.6803086474893,-835.5826915490235,2037.4360965573294,0.013315584692639574,170
spatial_cluster,10,0.0,0.0,GHSL,-10.0,within_block_population_prevalence,30,765.0431519107227,901.3593407371852,136.31618882646254,589.9356350790728,-594.2051113349621,1381.562080907479,0.012077213976717968,170
spatial_cluster,10,0.0,0.0,GHSL,-5.0,unweighted_within_block_median_velocity,30,9373.272975853943,12656.304513433564,3283.031537579619,5509.493743206759,-3253.046816871935,14234.365881451466,0.14906720060860035,170
spatial_cluster,10,0.0,0.0,GHSL,-5.0,within_block_population_prevalence,30,9373.272975853943,9971.086139522617,597.813163668674,3606.3020383224493,-4024.623489128921,7300.890251855058,0.11794413187358661,170
spatial_cluster,10,0.0,0.0,GHSL,-2.0,unweighted_within_block_median_velocity,30,82101.96358719241,66820.44677741056,-15281.51680978186,17357.607850715136,-48771.47691709318,15408.178396238854,0.8528624644055529,170
spatial_cluster,10,0.0,0.0,GHSL,-2.0,within_block_population_prevalence,30,82101.96358719241,62076.57785520772,-20025.385731984697,14435.658002322185,-47616.694630534854,7869.859745049267,0.721933683145796,170
spatial_cluster,10,0.0,0.0,WorldPop_normalized,-10.0,unweighted_within_block_median_velocity,30,5930.434893764638,2184.9767415877723,-3745.4581521768655,2053.35741057079,-6797.243788983983,417.46360115463835,0.06475736731428104,169
spatial_cluster,10,0.0,0.0,WorldPop_normalized,-10.0,within_block_population_prevalence,30,5930.434893764638,4141.929930366116,-1788.5049633985216,1916.1344816391745,-4562.071888794395,1268.8571212059928,0.06296708816256932,169
spatial_cluster,10,0.0,0.0,WorldPop_normalized,-5.0,unweighted_within_block_median_velocity,30,38129.93153650349,25782.29857598234,-12347.632960521154,9946.511957859031,-29148.750542844034,5129.295336455262,0.3747479921395559,169
spatial_cluster,10,0.0,0.0,WorldPop_normalized,-5.0,within_block_population_prevalence,30,38129.93153650349,28327.608425308787,-9802.323111194704,9057.41100143282,-26233.541577917567,6587.9811423622,0.33689284557762206,169
spatial_cluster,10,0.0,0.0,WorldPop_normalized,-2.0,unweighted_within_block_median_velocity,30,158907.0745675586,101622.92086983981,-57284.15369771876,24050.87646911675,-105395.30743163597,-19839.304089645488,1.3124779780366544,169
spatial_cluster,10,0.0,0.0,WorldPop_normalized,-2.0,within_block_population_prevalence,30,158907.0745675586,106915.89274643218,-51991.18182112641,21397.879871617355,-95006.58665708678,-17129.695225492116,1.167752024775124,169
spatial_cluster,10,0.0,0.5,GHSL,-10.0,unweighted_within_block_median_velocity,30,765.0431519107227,940.8439474657613,175.80079555503872,817.0616281811665,-739.490833255454,1992.3736660553882,0.013925080772940706,173
spatial_cluster,10,0.0,0.5,GHSL,-10.0,within_block_population_prevalence,30,765.0431519107227,986.2902543218842,221.2471024111615,543.8996222107218,-466.94684766607634,1325.878126168576,0.012611767961000747,173
spatial_cluster,10,0.0,0.5,GHSL,-5.0,unweighted_within_block_median_velocity,30,9373.272975853943,11844.132804457564,2470.8598286036213,4668.620643943508,-3531.412934925518,12652.437898644148,0.1406718051292256,173
spatial_cluster,10,0.0,0.5,GHSL,-5.0,within_block_population_prevalence,30,9373.272975853943,10146.140729914048,772.8677540601045,3584.484662988059,-5303.270196430961,7337.732363985867,0.11570549370489869,173
spatial_cluster,10,0.0,0.5,GHSL,-2.0,unweighted_within_block_median_velocity,30,82101.96358719241,66314.714928227,-15787.248658965416,18192.37047579171,-49357.059993731404,15259.614672325926,0.8399326885445824,173
spatial_cluster,10,0.0,0.5,GHSL,-2.0,within_block_population_prevalence,30,82101.96358719241,60263.002435644834,-21838.961151547574,15303.192571305173,-47503.5219912997,3612.2881705104246,0.701735258911677,173
spatial_cluster,10,0.0,0.5,WorldPop_normalized,-10.0,unweighted_within_block_median_velocity,30,5930.434893764638,2107.9226143982737,-3822.512279366364,2350.3491200619505,-7084.316054593599,913.1068331344215,0.0642560109550663,173
spatial_cluster,10,0.0,0.5,WorldPop_normalized,-10.0,within_block_population_prevalence,30,5930.434893764638,4282.520107317748,-1647.91478644689,2121.7694060065674,-4496.989707022166,1894.9136759594967,0.0631923396934088,173
spatial_cluster,10,0.0,0.5,WorldPop_normalized,-5.0,unweighted_within_block_median_velocity,30,38129.93153650349,24312.062156583408,-13817.869379920086,9318.072227520048,-30884.86823698807,4826.570949540755,0.3640054517917158,173
spatial_cluster,10,0.0,0.5,WorldPop_normalized,-5.0,within_block_population_prevalence,30,38129.93153650349,28633.745317520457,-9496.186218983035,8378.484642849053,-25914.501371092687,5612.530744169596,0.33343917172448256,173
spatial_cluster,10,0.0,0.5,WorldPop_normalized,-2.0,unweighted_within_block_median_velocity,30,158907.0745675586,101209.40797919012,-57697.666588368455,24917.20784463025,-104634.50494749151,-15226.000277180083,1.2937368084143952,173
spatial_cluster,10,0.0,0.5,WorldPop_normalized,-2.0,within_block_population_prevalence,30,158907.0745675586,105028.89534117613,-53878.17922638244,22533.847360485743,-96758.75711437264,-15845.203776111934,1.1320047525777364,173
spatial_cluster,10,0.5,0.0,GHSL,-10.0,unweighted_within_block_median_velocity,30,765.0431519107227,954.194413503604,189.15126159288127,752.7963583290721,-667.5474650675417,1839.7414975866145,0.01413536805293737,172
spatial_cluster,10,0.5,0.0,GHSL,-10.0,within_block_population_prevalence,30,765.0431519107227,981.3243385481445,216.28118663742188,654.2127788937674,-330.05454275000073,1732.8685423296947,0.012763723334454254,172
spatial_cluster,10,0.5,0.0,GHSL,-5.0,unweighted_within_block_median_velocity,30,9373.272975853943,11444.110331892905,2070.8373560389614,4020.326842048742,-3903.1224139389587,11223.9731291233,0.13816289729087208,172
spatial_cluster,10,0.5,0.0,GHSL,-5.0,within_block_population_prevalence,30,9373.272975853943,8967.54869941744,-405.72427643650263,2980.900439138809,-5242.582486619191,4754.677206291828,0.10562289196127554,172
spatial_cluster,10,0.5,0.0,GHSL,-2.0,unweighted_within_block_median_velocity,30,82101.96358719241,70484.17637586099,-11617.787211331428,17459.559895278053,-38945.27190786218,22498.75239989682,0.8987153911989927,172
spatial_cluster,10,0.5,0.0,GHSL,-2.0,within_block_population_prevalence,30,82101.96358719241,67068.78895252747,-15033.174634664956,14943.37870283382,-38604.533501596416,11899.142489190275,0.762350531748058,172
spatial_cluster,10,0.5,0.0,WorldPop_normalized,-10.0,unweighted_within_block_median_velocity,30,5930.434893764638,2319.6591036390605,-3610.775790125577,2772.0314828321734,-7521.164990898326,3464.66544445794,0.06583479286756734,172
spatial_cluster,10,0.5,0.0,WorldPop_normalized,-10.0,within_block_population_prevalence,30,5930.434893764638,4453.554708126435,-1476.8801856382036,2528.164318063493,-4704.174758106146,4482.248712745076,0.06712317551848103,172
spatial_cluster,10,0.5,0.0,WorldPop_normalized,-5.0,unweighted_within_block_median_velocity,30,38129.93153650349,24749.385630607423,-13380.545905896071,9806.97083608926,-30114.958905876665,2509.9364314241625,0.37314556314242414,172
spatial_cluster,10,0.5,0.0,WorldPop_normalized,-5.0,within_block_population_prevalence,30,38129.93153650349,27317.98318889166,-10811.948347611831,10392.42828770403,-27777.225873572304,9023.054865847333,0.3325660668429411,172
spatial_cluster,10,0.5,0.0,WorldPop_normalized,-2.0,unweighted_within_block_median_velocity,30,158907.0745675586,105339.15760081953,-53567.916966739045,24751.429670190348,-95115.98430252472,-5681.836260690683,1.3563814579627227,172
spatial_cluster,10,0.5,0.0,WorldPop_normalized,-2.0,within_block_population_prevalence,30,158907.0745675586,111933.41328168102,-46973.66128587756,23455.85442610178,-90700.86059921388,-5742.576692882038,1.2126441222051045,172
spatial_cluster,10,0.5,0.5,GHSL,-10.0,unweighted_within_block_median_velocity,30,765.0431519107227,1149.6120347249193,384.56888281419657,672.5438924607514,-564.9660740703322,1839.986859942213,0.015626684925849694,169
spatial_cluster,10,0.5,0.5,GHSL,-10.0,within_block_population_prevalence,30,765.0431519107227,959.6233659253787,194.58021401465604,390.003146668315,-382.425304133557,1012.7550152856851,0.012348822782231872,169
spatial_cluster,10,0.5,0.5,GHSL,-5.0,unweighted_within_block_median_velocity,30,9373.272975853943,12202.536945561991,2829.263969708047,3723.1488448776595,-2662.5783233862567,10500.505498789444,0.14373159554126583,169
spatial_cluster,10,0.5,0.5,GHSL,-5.0,within_block_population_prevalence,30,9373.272975853943,9432.284824121542,59.01184826759824,2645.052072630015,-5564.273058290419,4693.703704328113,0.1114015597639431,169
spatial_cluster,10,0.5,0.5,GHSL,-2.0,unweighted_within_block_median_velocity,30,82101.96358719241,66224.44249308237,-15877.521094110038,20398.80251158168,-47052.8596474619,25088.99079887694,0.8454330462375341,169
spatial_cluster,10,0.5,0.5,GHSL,-2.0,within_block_population_prevalence,30,82101.96358719241,63414.00956694925,-18687.95402024316,16925.44162506528,-45090.451652090735,9150.815839480867,0.7241242593903702,169
spatial_cluster,10,0.5,0.5,WorldPop_normalized,-10.0,unweighted_within_block_median_velocity,30,5930.434893764638,2489.676557506697,-3440.7583362579403,2077.4993341920895,-7426.081682048296,198.88060823790144,0.06627168154195529,168
spatial_cluster,10,0.5,0.5,WorldPop_normalized,-10.0,within_block_population_prevalence,30,5930.434893764638,4524.249633851789,-1406.1852599128483,2016.9145685992553,-4571.942082912324,1746.394745439779,0.0663596818635061,168
spatial_cluster,10,0.5,0.5,WorldPop_normalized,-5.0,unweighted_within_block_median_velocity,30,38129.93153650349,24483.300939657787,-13646.630596845705,8012.491472283487,-30983.999982195357,-2234.142692006347,0.3790411033970393,168
spatial_cluster,10,0.5,0.5,WorldPop_normalized,-5.0,within_block_population_prevalence,30,38129.93153650349,27228.09916353106,-10901.832372972429,7324.936565595167,-27236.72910283082,-1569.9313940005038,0.33583915317423574,168
spatial_cluster,10,0.5,0.5,WorldPop_normalized,-2.0,unweighted_within_block_median_velocity,30,158907.0745675586,101565.81358295905,-57341.260984599525,26387.656498143686,-103608.48646370442,-14997.164501713933,1.3031790720184107,168
spatial_cluster,10,0.5,0.5,WorldPop_normalized,-2.0,within_block_population_prevalence,30,158907.0745675586,108006.84670875453,-50900.22785880405,23733.24031403351,-98989.51346446355,-16933.031359185065,1.1641636043490584,168
spatial_cluster,20,0.0,0.0,GHSL,-10.0,unweighted_within_block_median_velocity,30,765.0431519107227,604.3034961184125,-160.7396557923103,858.2438746292594,-944.8703275264586,1770.6206449149518,0.011714103272273128,17
spatial_cluster,20,0.0,0.0,GHSL,-10.0,within_block_population_prevalence,30,765.0431519107227,1432.362480327438,667.3193284167154,839.1080582883479,-313.5813819364672,2693.53046122044,0.014756170543868618,17
spatial_cluster,20,0.0,0.0,GHSL,-5.0,unweighted_within_block_median_velocity,30,9373.272975853943,19499.453184839454,10126.180208985512,8089.292448057509,-264.918024109998,30033.61643374437,0.202058776209278,17
spatial_cluster,20,0.0,0.0,GHSL,-5.0,within_block_population_prevalence,30,9373.272975853943,15116.103220394358,5742.830244540414,6780.053627190501,-1373.357607022777,22687.462145773752,0.13397673630413956,17
spatial_cluster,20,0.0,0.0,GHSL,-2.0,unweighted_within_block_median_velocity,30,82101.96358719241,102087.1820562924,19985.21846909999,27527.517918923328,-33815.88608007438,73129.14415747808,1.1150940775247824,17
spatial_cluster,20,0.0,0.0,GHSL,-2.0,within_block_population_prevalence,30,82101.96358719241,96613.48165186036,14511.51806466795,21025.716260957026,-13491.196799691705,54599.634051134155,0.7745976973300319,17
spatial_cluster,20,0.0,0.0,WorldPop_normalized,-10.0,unweighted_within_block_median_velocity,30,5930.434893764638,1219.8892676069433,-4710.545626157695,2459.811047445391,-8888.477845514488,54.36212387127644,0.06053233638463195,17
spatial_cluster,20,0.0,0.0,WorldPop_normalized,-10.0,within_block_population_prevalence,30,5930.434893764638,6985.476793989635,1055.0419002249967,2702.5361653947707,-3551.811018688038,6454.097348586643,0.07233508376951159,17
spatial_cluster,20,0.0,0.0,WorldPop_normalized,-5.0,unweighted_within_block_median_velocity,30,38129.93153650349,34197.84845473893,-3932.0830817645633,12319.86290559795,-28339.513524518683,19441.62703250397,0.44936018506136677,17
spatial_cluster,20,0.0,0.0,WorldPop_normalized,-5.0,within_block_population_prevalence,30,38129.93153650349,44326.20258493607,6196.271048432584,11014.189044953775,-10171.847009380801,26650.01282145285,0.36026129091485404,17
spatial_cluster,20,0.0,0.0,WorldPop_normalized,-2.0,unweighted_within_block_median_velocity,30,158907.0745675586,146782.09462868038,-12124.979938878192,33926.304646902165,-80441.07637208277,53752.5527191979,1.5236962008172483,17
spatial_cluster,20,0.0,0.0,WorldPop_normalized,-2.0,within_block_population_prevalence,30,158907.0745675586,167418.58658449084,8511.512016932284,25068.732644755728,-33421.26801792343,55337.14605348124,1.1421813790052295,17
spatial_cluster,20,0.0,0.5,GHSL,-10.0,unweighted_within_block_median_velocity,30,765.0431519107227,533.6291168812072,-231.41403502951545,1004.779183887153,-959.0186620230294,2604.130153680221,0.010936327142377815,19
spatial_cluster,20,0.0,0.5,GHSL,-10.0,within_block_population_prevalence,30,765.0431519107227,1384.0283027042638,618.9851507935412,853.1985735019224,-278.2945330567799,2802.7060948877916,0.014300903001566502,19
spatial_cluster,20,0.0,0.5,GHSL,-5.0,unweighted_within_block_median_velocity,30,9373.272975853943,19049.57676273787,9676.303786883924,6875.306267039803,-1786.157262784459,23145.101603827632,0.1963835881678558,19
spatial_cluster,20,0.0,0.5,GHSL,-5.0,within_block_population_prevalence,30,9373.272975853943,13556.105052501893,4182.832076647949,5050.123078215076,-1998.597783580191,16152.770885306441,0.12360177233332316,19
spatial_cluster,20,0.0,0.5,GHSL,-2.0,unweighted_within_block_median_velocity,30,82101.96358719241,95905.06514561895,13803.101558426533,38589.613871955335,-44662.08262888509,95792.6381101497,1.081939938712636,19
spatial_cluster,20,0.0,0.5,GHSL,-2.0,within_block_population_prevalence,30,82101.96358719241,92436.43273649509,10334.469149302682,22405.676581336425,-13298.543686206682,66078.06164070447,0.7596544071393605,19
spatial_cluster,20,0.0,0.5,WorldPop_normalized,-10.0,unweighted_within_block_median_velocity,30,5930.434893764638,1080.0501354134474,-4850.384758351191,2473.1576020765424,-8365.680930844008,590.1378143420137,0.05981356602607615,19
spatial_cluster,20,0.0,0.5,WorldPop_normalized,-10.0,within_block_population_prevalence,30,5930.434893764638,7073.0117053825725,1142.576811617935,2491.201075486726,-2715.7986557031945,6008.502612848816,0.07405424957596077,19
spatial_cluster,20,0.0,0.5,WorldPop_normalized,-5.0,unweighted_within_block_median_velocity,30,38129.93153650349,34043.6967433858,-4086.234793117693,12939.556925173247,-23419.284270731914,18220.587022158983,0.4365690992736589,19
spatial_cluster,20,0.0,0.5,WorldPop_normalized,-5.0,within_block_population_prevalence,30,38129.93153650349,42308.588484278014,4178.65694777452,12256.160553583079,-11839.790075517345,30624.337656399235,0.3556468350423517,19
spatial_cluster,20,0.0,0.5,WorldPop_normalized,-2.0,unweighted_within_block_median_velocity,30,158907.0745675586,140998.3626792449,-17908.711888313668,44138.00764086847,-85042.48443564624,80982.01727884138,1.5086105374938896,19
spatial_cluster,20,0.0,0.5,WorldPop_normalized,-2.0,within_block_population_prevalence,30,158907.0745675586,162943.9500445042,4036.875476945599,30263.192128313756,-37184.021382527615,71976.64546237866,1.1514326588861885,19
spatial_cluster,20,0.5,0.0,GHSL,-10.0,unweighted_within_block_median_velocity,30,765.0431519107227,649.3217697021062,-115.72138220861646,1029.0257564221642,-1073.004636675283,2243.2063701096795,0.012282574619885238,16
spatial_cluster,20,0.5,0.0,GHSL,-10.0,within_block_population_prevalence,30,765.0431519107227,1394.887826290622,629.8446743798993,918.2379805118354,-349.68761912522365,2891.1336487409258,0.014962833276081871,16
spatial_cluster,20,0.5,0.0,GHSL,-5.0,unweighted_within_block_median_velocity,30,9373.272975853943,19878.810422014903,10505.537446160959,10408.42424552041,733.1272104947903,28454.495794674855,0.20209408538677087,16
spatial_cluster,20,0.5,0.0,GHSL,-5.0,within_block_population_prevalence,30,9373.272975853943,13697.425870033327,4324.152894179382,4008.4226840864276,-1596.5510960701145,11436.24196591834,0.12518592528363812,16
spatial_cluster,20,0.5,0.0,GHSL,-2.0,unweighted_within_block_median_velocity,30,82101.96358719241,91870.28086111674,9768.31727392433,26827.184281105965,-38778.50407853252,54958.62112917492,1.0976363937759994,16
spatial_cluster,20,0.5,0.0,GHSL,-2.0,within_block_population_prevalence,30,82101.96358719241,91526.09753570025,9424.133948507835,19732.5543817576,-31429.488193699333,45782.573592715475,0.7586275003453312,16
spatial_cluster,20,0.5,0.0,WorldPop_normalized,-10.0,unweighted_within_block_median_velocity,30,5930.434893764638,1345.1304982470383,-4585.304395517599,2398.146588339463,-8018.3728870530695,-203.73091380890514,0.06207821302978986,16
spatial_cluster,20,0.5,0.0,WorldPop_normalized,-10.0,within_block_population_prevalence,30,5930.434893764638,7101.017353722516,1170.5824599578787,3144.939332106949,-3417.9208900578706,7724.5320637689465,0.07309102678006028,16
spatial_cluster,20,0.5,0.0,WorldPop_normalized,-5.0,unweighted_within_block_median_velocity,30,38129.93153650349,36946.36365198347,-1183.567884520019,16160.234596398133,-23160.650137560122,34864.92377818902,0.44983029121621476,16
spatial_cluster,20,0.5,0.0,WorldPop_normalized,-5.0,within_block_population_prevalence,30,38129.93153650349,44220.84932917583,6090.917792672334,15552.321556382212,-13880.050935806818,32070.68840368765,0.36347769257682583,16
spatial_cluster,20,0.5,0.0,WorldPop_normalized,-2.0,unweighted_within_block_median_velocity,30,158907.0745675586,132873.2175551144,-26033.857012444176,32520.81362253422,-93570.2559507292,26256.667585114268,1.5038908564730096,16
spatial_cluster,20,0.5,0.0,WorldPop_normalized,-2.0,within_block_population_prevalence,30,158907.0745675586,164222.13945082115,5315.064883262582,30809.212356110405,-59982.69099418573,58554.461851316286,1.1715559138787273,16
spatial_cluster,20,0.5,0.5,GHSL,-10.0,unweighted_within_block_median_velocity,30,765.0431519107227,832.8654065163117,67.822254605589,1696.3320481348471,-959.0186620230294,3180.1016414829646,0.013751647126299171,16
spatial_cluster,20,0.5,0.5,GHSL,-10.0,within_block_population_prevalence,30,765.0431519107227,1472.5208806615292,707.4777287508065,991.1941025693466,-300.21018855720087,2946.6939166774296,0.015854802229807927,16
spatial_cluster,20,0.5,0.5,GHSL,-5.0,unweighted_within_block_median_velocity,30,9373.272975853943,19442.136404430377,10068.863428576433,8165.996971575979,-198.29974314720172,31222.49368561342,0.20099103697769027,16
spatial_cluster,20,0.5,0.5,GHSL,-5.0,within_block_population_prevalence,30,9373.272975853943,14498.624614478795,5125.351638624852,4771.771235220641,-2554.3870922412852,14464.065967638091,0.13497957985098502,16
spatial_cluster,20,0.5,0.5,GHSL,-2.0,unweighted_within_block_median_velocity,30,82101.96358719241,85837.33872999033,3735.3751427979046,23865.6979944245,-39127.74437174833,43251.526603527716,0.9769301706920169,16
spatial_cluster,20,0.5,0.5,GHSL,-2.0,within_block_population_prevalence,30,82101.96358719241,90378.98181851294,8277.018231320519,19893.184843059564,-26481.167553850573,46862.8487288144,0.7529606625127327,16
spatial_cluster,20,0.5,0.5,WorldPop_normalized,-10.0,unweighted_within_block_median_velocity,30,5930.434893764638,1427.2679426600032,-4503.166951104635,3127.2486814305953,-8226.053160593276,2260.1523376618607,0.06286768046852556,16
spatial_cluster,20,0.5,0.5,WorldPop_normalized,-10.0,within_block_population_prevalence,30,5930.434893764638,7126.435482803158,1196.0005890385203,2966.0874475047453,-2437.075630682728,7549.119107459018,0.07641177222689348,16
spatial_cluster,20,0.5,0.5,WorldPop_normalized,-5.0,unweighted_within_block_median_velocity,30,38129.93153650349,35005.835255056554,-3124.0962814469312,13768.222032533926,-19779.04140515749,29124.671859754428,0.44639708531680394,16
spatial_cluster,20,0.5,0.5,WorldPop_normalized,-5.0,within_block_population_prevalence,30,38129.93153650349,43653.748094071976,5523.816557568484,11451.489988165295,-13793.628572271355,27684.860537437395,0.3714976019495453,16
spatial_cluster,20,0.5,0.5,WorldPop_normalized,-2.0,unweighted_within_block_median_velocity,30,158907.0745675586,132481.40909967312,-26425.665467885454,28502.786821268368,-80559.33626932028,20994.587535315073,1.3984142032762272,16
spatial_cluster,20,0.5,0.5,WorldPop_normalized,-2.0,within_block_population_prevalence,30,158907.0745675586,162789.14596446292,3882.071396904363,26418.24042485601,-43232.74502247309,58392.336029229344,1.1564164579121439,16
