support,scale_m,grid_easting_index,grid_northing_index,origin_easting_m,origin_northing_m,population_units,native_support_fraction,area_support_fraction,native_missing_support_population,uniform_missing_support_population,uniform_minus_native_missing_population,contribution_pp_of_domain_population,native_low_support,area_low_support
437_pair_mean_input,1000,645,1509,645000,1509000,7.467380974263583,0.6323849431562418,0.15331653044626786,2.7451216813279053,6.322508031769019,3.5773863504411136,3.161699778979596e-05,False,True
437_pair_mean_input,1000,645,1510,645000,1510000,36.960063409148475,0.793555464925134,0.46757888430186706,7.630203106839225,19.67831819657257,12.048115089733344,0.0001064814338871551,False,True
437_pair_mean_input,1000,645,1511,645000,1511000,205.7846636038489,0.6234270930895616,0.5397920839980355,77.49292897088807,94.70373118229263,17.210802211404555,0.00015210934525187523,False,False
437_pair_mean_input,1000,645,1512,645000,1512000,106.164277459157,0.47057972535544257,0.34452020803095407,56.2055209298679,69.58853850347231,13.383017573604405,0.00011827932339297834,True,True
437_pair_mean_input,1000,645,1513,645000,1513000,38.63836133189035,0.05226429618497681,0.027968262718191875,36.61895457113828,37.55771349115962,0.9387589200213371,8.296766351726601e-06,True,True
437_pair_mean_input,1000,645,1514,645000,1514000,3.0912264634407567,0.007156474246744686,0.010170365444921376,3.0691041808642874,3.0597875606345526,-0.009316620229734958,-8.234043862094376e-08,True,True
437_pair_mean_input,1000,645,1515,645000,1515000,67.7851361203952,0.5471364903203613,0.38240817260803556,30.697414647594215,41.863546086607926,11.166131439013707,9.868644827370564e-05,False,True
437_pair_mean_input,1000,645,1516,645000,1516000,7.512002677012887,0.007161926482227028,0.021357744676015547,7.458202266105828,7.351563241831701,-0.10663902427412761,-9.424774023541939e-07,True,True
437_pair_mean_input,1000,645,1517,645000,1517000,59.605296486922946,0.8201079890547214,0.6008148222072069,10.722516648022122,23.79355087552448,13.07103422750236,0.00011552200958957959,False,False
437_pair_mean_input,1000,645,1518,645000,1518000,226.60133896039991,0.8122359313555463,0.746449730175773,42.547589363485656,57.454830635940525,14.907241272454854,0.0001317504368252099,False,False
437_pair_mean_input,1000,645,1519,645000,1519000,117.9426348891888,0.8317280967235193,0.5514839001693999,19.846431650246856,52.89917060424342,33.05273895399657,0.0002921206355937356,False,False
437_pair_mean_input,1000,645,1520,645000,1520000,159.273232662725,0.9754190548523506,0.7752384157414001,3.915086595571239,35.79850410326266,31.88341750769142,0.00028178615394658775,False,False
437_pair_mean_input,1000,645,1521,645000,1521000,74.23077257101767,0.6267151055177934,0.30002179349953917,27.709226106505007,51.95992305140455,24.25069694489954,0.00021432804751808746,False,True
437_pair_mean_input,1000,645,1522,645000,1522000,422.2954032389489,0.9925228624536354,0.7704076469831509,3.1575608152151062,96.9557952978294,93.7982344826143,0.0008289902967729221,False,False
437_pair_mean_input,1000,645,1523,645000,1523000,484.9242838631509,0.9931350350379944,0.9931350350379944,3.3289882179461756,3.328988217946196,0.0,0.0,False,False
437_pair_mean_input,1000,645,1524,645000,1524000,187.49471163154345,0.9881055802458714,0.98276118724249,2.230140801824888,3.2321862268395187,1.0020454250146429,8.856093495201203e-06,False,False
437_pair_mean_input,1000,645,1525,645000,1525000,86.06169759307103,0.4327766247962609,0.35227604708711374,48.81620658450526,55.744222959377396,6.928016374872136,6.122991954307457e-05,True,True
437_pair_mean_input,1000,645,1526,645000,1526000,39.132737929508025,0.12879743685874978,0.25616624239091296,34.09254158692221,29.108251499637596,-4.984290087284615,-4.405123552113626e-05,True,True
437_pair_mean_input,1000,645,1527,645000,1527000,140.90758350108908,0.8273175233107668,0.6270014350427775,24.33227050326299,52.55832643749623,28.226055934233244,0.00024946233385646715,False,False
437_pair_mean_input,1000,645,1528,645000,1528000,60.30420214809049,0.6112664787767003,0.3446520693457452,23.442264845588895,39.52023408750697,16.077969241918073,0.00014209734934652783,False,True
437_pair_mean_input,1000,645,1529,645000,1529000,36.65561897092626,0.49691938994631935,0.27955780770377725,18.440731153788853,26.40825449138913,7.9675233376002765,7.041709870783002e-05,True,True
437_pair_mean_input,1000,645,1530,645000,1530000,12.451415280206067,0.004494342111068672,0.007246377960017072,12.395454360169833,12.361187618948563,-0.03426674122127099,-3.028500070513334e-07,True,True
437_pair_mean_input,1000,645,1531,645000,1531000,16.445205958741166,0.01556541187819702,0.023518872801870018,16.18922955457158,16.058433251596977,-0.1307963029746022,-1.1559798179337164e-06,True,True
437_pair_mean_input,1000,645,1532,645000,1532000,324.75066100154106,0.8586197582585408,0.543864341469234,45.91332695809655,148.13035661423947,102.21702965614293,0.0009033957431853227,False,False
437_pair_mean_input,1000,645,1533,645000,1533000,185.3771117075656,0.9664843135264247,0.7120481466900329,6.213041155367705,53.37968287744231,47.166641722074615,0.0004168595340268598,False,False
437_pair_mean_input,1000,645,1534,645000,1534000,48.234461232687146,0.1080109384183242,0.06623481524448371,43.02461181084233,45.0396606045229,2.0150487936805717,1.780903347167796e-05,True,True
437_pair_mean_input,1000,645,1535,645000,1535000,134.97965304577446,0.7524467795337182,0.6458182806280596,33.41464780890283,47.80732559598037,14.392677787077545,0.00012720271651038345,False,False
437_pair_mean_input,1000,645,1536,645000,1536000,197.01980560154246,0.8157678066761502,0.6408628643587976,36.297390914210666,70.75712864832448,34.459737734113816,0.0003045557133190496,False,False
437_pair_mean_input,1000,645,1537,645000,1537000,376.182445790026,0.6391122017831012,0.45919112738812307,135.75965458901035,203.44280440408247,67.68314981507211,0.0005981847607389949,False,True
437_pair_mean_input,1000,645,1538,645000,1538000,1056.2964491806142,0.954995849910244,0.8394377309134008,47.53772393820066,169.60135470855704,122.06363077035644,0.001078800321302997,False,False
437_pair_mean_input,1000,645,1539,645000,1539000,425.8192149299951,0.9049529629033696,0.5742403064289263,40.472854717909286,181.29665846526987,140.82380374736059,0.0012446030301652903,False,False
437_pair_mean_input,1000,645,1540,645000,1540000,570.8302275625666,0.9655020041780559,0.937325053326741,19.692498805492846,35.77675407196817,16.08425526647534,0.00014215290533211745,False,False
437_pair_mean_input,1000,645,1541,645000,1541000,508.42334651902814,0.7168830641786352,0.6681913315098831,143.94325996651116,168.69927363776804,24.75601367125688,0.00021879404482878242,False,False
437_pair_mean_input,1000,645,1542,645000,1542000,268.76113081420846,0.6201016975484633,0.5354728426409461,102.10189736127316,124.84684410572909,22.744946744455916,0.00020102020316028118,False,False
437_pair_mean_input,1000,645,1543,645000,1543000,681.8183267994982,0.9778916330007624,0.9359260849366945,15.07388979568941,43.686769559956126,28.612879764266722,0.00025288108905401546,False,False
437_pair_mean_input,1000,645,1544,645000,1544000,59.2823568384932,0.19556203082299056,0.0672294586644269,47.688978743184265,55.29683607988992,7.607857336705648,6.723836483863301e-05,True,True
437_pair_mean_input,1000,645,1545,645000,1545000,1226.331094127827,0.8713553019413465,0.5936127624916059,157.7609933240126,498.36530561325407,340.60431228924153,0.0030102663603879553,False,False
437_pair_mean_input,1000,645,1546,645000,1546000,3388.511043337564,0.9914204610745363,0.9917789663638957,29.07186239567818,27.857063263588884,-1.2147991320894107,-1.0736414161579437e-05,False,False
437_pair_mean_input,1000,645,1547,645000,1547000,4390.163618681177,0.9912843655515335,0.9912704573030553,38.26306126938198,38.32412075585059,0.06105948646836623,5.396447181273465e-07,False,False
437_pair_mean_input,1000,645,1548,645000,1548000,3218.9509107648937,0.9702429454506648,0.9528767124957195,95.78649784326308,151.68754923013972,55.90105138687659,0.0004940543863617675,False,False
437_pair_mean_input,1000,645,1549,645000,1549000,2755.8068856063123,0.9682371874257981,0.940588796254043,87.53217759820836,163.7258043652678,76.19362676705941,0.0006734004921759736,False,False
437_pair_mean_input,1000,645,1550,645000,1550000,1574.5088962722086,0.8870653334046573,0.846936686602341,177.81663725190288,240.99954863751523,63.18291138561244,0.000558411581512704,False,False
437_pair_mean_input,1000,645,1551,645000,1551000,1453.5510115731108,0.9700523116904174,0.8822791607615994,43.53049263667003,171.11324495821276,127.58275232154278,0.0011275784058573696,False,False
437_pair_mean_input,1000,645,1552,645000,1552000,1432.4571719865403,0.9543358926469914,0.890921331283139,65.41187808018049,156.25052131421143,90.838643234031,0.0008028333819757213,False,False
437_pair_mean_input,1000,645,1553,645000,1553000,687.3848359545696,0.8250228928696045,0.8217659055389188,120.27661008063205,122.51541378264155,2.238803702009477,1.9786582930717707e-05,False,False
437_pair_mean_input,1000,646,1509,646000,1509000,208.69947193993278,0.15132138612591353,0.12051967203054419,177.11877856223595,183.54708002878434,6.4283014665483655,5.681343118976809e-05,True,True
437_pair_mean_input,1000,646,1510,646000,1510000,296.75572763800443,0.5585969449300306,0.3165493247017333,130.9888847889269,202.81790245282264,71.82901766389574,0.0006348260071050408,False,True
437_pair_mean_input,1000,646,1511,646000,1511000,1530.0866071617859,0.7216923791838477,0.4375254627001928,425.83476328185543,860.6347563919575,434.7999931101019,0.003842769294255929,False,True
437_pair_mean_input,1000,646,1512,646000,1512000,533.3629472642025,0.2092943102329827,0.10712751419046876,421.7331171127105,476.22510056248643,54.491983449775894,0.00048160102139393525,True,True
437_pair_mean_input,1000,646,1513,646000,1513000,76.68248031150655,0.00325373197923267,0.008899145120117443,76.43297607307012,76.00007179104391,-0.432904282026217,-3.826014969372375e-06,True,True
437_pair_mean_input,1000,646,1514,646000,1514000,350.499669810462,0.38602071587408415,0.17645522699298713,215.19953635659735,288.6521710130899,73.45263465649256,0.0006491755600573182,True,True
437_pair_mean_input,1000,646,1515,646000,1515000,242.07907522260282,0.18696630670632172,0.07526150715352152,196.81844459735095,223.85983917101902,27.04139457366809,0.00023899227780170898,True,True
437_pair_mean_input,1000,646,1516,646000,1516000,430.27166625422217,0.7665076578882895,0.42447114908938594,100.4651390980066,247.6337576586877,147.16861856068113,0.0013006786049783617,False,True
437_pair_mean_input,1000,646,1517,646000,1517000,678.5704794053016,0.9144184663136694,0.5604161591783264,58.0731023417743,298.28861760518686,240.21551526341256,0.0021230285664341274,False,False
437_pair_mean_input,1000,646,1518,646000,1518000,1597.6175831056746,0.8872236427066601,0.7321534895658813,180.17349137044766,427.91629464304555,247.74280327259794,0.0021895548582673333,False,False
437_pair_mean_input,1000,646,1519,646000,1519000,1744.6959932919422,0.8845274811478949,0.6878819770433734,201.46444097659605,544.5510640866289,343.08662311003286,0.003032205063129657,False,False
437_pair_mean_input,1000,646,1520,646000,1520000,1554.4981542749229,0.8578586302418725,0.5920542317448253,220.95849693511855,634.1509437969345,413.19244686181594,0.003651801454874886,False,False
437_pair_mean_input,1000,646,1521,646000,1521000,584.0452670682373,0.7736772860494515,0.4233670468973245,132.18270991285635,336.77974709519845,204.59703718234212,0.0018082318873932298,False,True
437_pair_mean_input,1000,646,1522,646000,1522000,3276.1212544357154,0.9849984738726333,0.8500133074334549,49.146818594838805,491.37459139977364,442.22777280493483,0.003908416130015132,False,False
437_pair_mean_input,1000,646,1523,646000,1523000,1745.2650226700175,0.969099352871552,0.8501915463505612,53.9298186111489,261.45545425464815,207.5256356434993,0.0018341148874393917,False,False
437_pair_mean_input,1000,646,1524,646000,1524000,1942.8683754927417,0.9780629349056249,0.9648303402248823,42.62083002298709,68.33001975391527,25.709189730928074,0.00022721823009135393,False,False
437_pair_mean_input,1000,646,1525,646000,1525000,774.3939309596809,0.709754397508684,0.581886620223397,224.76443305701116,323.7844637520416,99.02003069503041,0.0008751406152271668,False,False
437_pair_mean_input,1000,646,1526,646000,1526000,306.78192742511254,0.5210861884287094,0.3676307903217751,146.92210218434772,193.99944498938098,47.077342805033254,0.00041607030876960466,False,True
437_pair_mean_input,1000,646,1527,646000,1527000,503.7573525108371,0.7413915948508119,0.570019845426784,130.27588551500497,216.6056643000038,86.32977878499884,0.000762983965850465,False,False
437_pair_mean_input,1000,646,1528,646000,1528000,300.8057944829691,0.4086763461313461,0.20747598220547545,177.87358149853264,238.39581681951668,60.52223532098404,0.0005348964838928044,True,True
437_pair_mean_input,1000,646,1529,646000,1529000,129.09077953394618,0.5346223856223798,0.24812825198795171,60.07595901765518,97.05971006042606,36.983751042770876,0.00032686298331558936,False,True
437_pair_mean_input,1000,646,1530,646000,1530000,78.88599043974935,0.016835296418406517,0.011865477145505862,77.55792140743658,77.94997052308591,0.3920491156493232,3.464936355405863e-06,True,True
437_pair_mean_input,1000,646,1531,646000,1531000,120.92809746928174,0.570520446329856,0.159646916814535,51.936145327286795,101.62229955206334,49.686154224776544,0.00043912702582837225,False,True
437_pair_mean_input,1000,646,1532,646000,1532000,1269.9641394482653,0.8941859701012668,0.6965592076631776,134.3800234218977,385.3589247135325,250.97890129163477,0.0022181555443248607,False,False
437_pair_mean_input,1000,646,1533,646000,1533000,372.16298965825007,0.8818078544978656,0.33643849041079676,43.98674222419726,246.95303523085946,202.96629300666217,0.0017938193442828558,False,True
437_pair_mean_input,1000,646,1534,646000,1534000,151.43973481876762,0.24459373958539538,0.11506595764916869,114.39852375762464,134.01417670570996,19.61565294808533,0.0001733634545311399,True,True
437_pair_mean_input,1000,646,1535,646000,1535000,320.70548058854365,0.4286655058133493,0.3456524349278244,183.23010353494232,209.85285032841543,26.622746793473112,0.00023529226202357098,True,True
437_pair_mean_input,1000,646,1536,646000,1536000,1016.4383794668281,0.7733970630833715,0.5883261789831186,230.3279219819617,418.441071503316,188.11314952135433,0.0016625470245658102,False,False
437_pair_mean_input,1000,646,1537,646000,1537000,2518.5663918215673,0.8877259206403519,0.7671554070108617,282.7697229479172,586.4345664198154,303.66484347189817,0.002683794744089042,False,False
437_pair_mean_input,1000,646,1538,646000,1538000,3522.588846028597,0.9475385793316288,0.886100392530996,184.80001529321862,401.22148683734883,216.42147154413033,0.0019127364274287633,False,False
437_pair_mean_input,1000,646,1539,646000,1539000,1583.6831885641432,0.7274968948106195,0.4542841713346425,431.5585865199482,864.240983590677,432.6823970707288,0.003824053946586454,False,True
437_pair_mean_input,1000,646,1540,646000,1540000,2167.013984859054,0.9470648230536574,0.8804722426854302,114.71126873371304,259.01832167951176,144.30705294579866,0.0012753880422998467,False,False
437_pair_mean_input,1000,646,1541,646000,1541000,2894.56108272594,0.7625286038921767,0.7054924102115128,687.3754614343015,852.4702079691707,165.09474653486905,0.0014591100107642122,False,False
437_pair_mean_input,1000,646,1542,646000,1542000,4674.091494066895,0.9183516037257167,0.8116470266323519,381.6320745298308,880.3790306999325,498.74695617010184,0.004407933576688795,False,False
437_pair_mean_input,1000,646,1543,646000,1543000,3798.141821121889,0.9197596419288436,0.8058920042211758,304.7642597318545,737.2496965817032,432.4854368498486,0.0038223132090036993,False,False
437_pair_mean_input,1000,646,1544,646000,1544000,5285.6874176221445,0.8998675408236501,0.6086151053196052,529.268879563996,2068.738213259531,1539.4693336955352,0.01360585459686474,False,False
437_pair_mean_input,1000,646,1545,646000,1545000,4390.833425703958,0.6458673450315207,0.40732387717784924,1554.937498568886,2602.342130704124,1047.404632135238,0.009256978893308097,False,True
437_pair_mean_input,1000,646,1546,646000,1546000,8937.104183207355,0.9840633079037672,0.9220553047120886,142.42787759972998,696.5998623164153,554.171984716686,0.0048977808655735,False,False
437_pair_mean_input,1000,646,1547,646000,1547000,12516.353512861358,0.9930956640756413,0.9927395274250506,86.41710920082187,90.87464141850197,4.457532217680637,3.9395741043450613e-05,False,False
437_pair_mean_input,1000,646,1548,646000,1548000,9820.319537854724,0.9850402391165552,0.9649401081199903,146.90963208532776,344.2993412243333,197.3897091390063,0.001744533406856347,False,False
437_pair_mean_input,1000,646,1549,646000,1549000,9129.311217951683,0.9686698266270096,0.9229597751481857,286.0229032344123,703.3241889731881,417.30128573877664,0.003688115438595285,False,False
437_pair_mean_input,1000,646,1550,646000,1550000,3939.8667170489166,0.9407123422356924,0.5957242532601815,233.5854695573821,1592.7925590903078,1359.2070895329257,0.01201269399944419,False,False
437_pair_mean_input,1000,646,1551,646000,1551000,1761.654011713849,0.9162503339048539,0.4341933043213323,147.5379352562095,996.7556352968819,849.2177000406724,0.007505399617217976,False,True
437_pair_mean_input,1000,646,1552,646000,1552000,2371.5230266118087,0.8873654278011173,0.6399418174499008,267.1154815622208,853.8862708375585,586.7707892753376,0.005185889621719951,False,False
437_pair_mean_input,1000,646,1553,646000,1553000,2673.520022991239,0.9629813488377095,0.8812183175752734,98.97010510651171,317.5652063270932,218.59510122058145,0.0019319470012790596,False,False
437_pair_mean_input,1000,647,1509,647000,1509000,169.96611384752498,0.4706810264938248,0.2505279891033686,89.96628891260563,127.38484512959033,37.4185562169847,0.00033070579840052287,True,True
437_pair_mean_input,1000,647,1510,647000,1510000,137.9373478167116,0.022675071904416998,0.027855303077593287,134.8096085366631,134.0950611875577,-0.7145473491053895,-6.315180901437707e-06,True,True
437_pair_mean_input,1000,647,1511,647000,1511000,728.1309389978297,0.549268171284682,0.3258462258734967,328.19178967869345,490.8722205836617,162.6804309049682,0.0014377722506072662,False,True
437_pair_mean_input,1000,647,1512,647000,1512000,88.2676893037689,0.39521337757603586,0.16207594786857582,53.383117683194264,73.9616198936916,20.578502210497344,0.0001818731317142693,True,True
437_pair_mean_input,1000,647,1513,647000,1513000,268.3920593084132,0.3937506298085275,0.2820883720931265,162.71251692011782,192.68178021538108,29.969263295263232,0.00026486882839794857,True,True
437_pair_mean_input,1000,647,1514,647000,1514000,468.54859771803234,0.4833961155239298,0.23525065367378575,242.05402564695106,358.32223382692956,116.26820817997849,0.001027580283744482,True,True
437_pair_mean_input,1000,647,1515,647000,1515000,648.7259340084875,0.7002697012841536,0.6092539812811931,194.44281798508047,253.4870759534559,59.04425796837546,0.0005218340964084243,False,False
437_pair_mean_input,1000,647,1516,647000,1516000,287.5321583490187,0.706210426914988,0.39971763572580066,84.47395004957025,172.6004838186124,88.12653376904215,0.000778863715140697,False,True
437_pair_mean_input,1000,647,1517,647000,1517000,410.65797486179565,0.5563900892535117,0.28878745043385085,182.17194757577477,292.0651053011293,109.89315772535451,0.0009712374858499155,False,True
437_pair_mean_input,1000,647,1518,647000,1518000,192.2959195599438,0.5318343579279292,0.17167470269260668,90.02634264862036,159.28357474048903,69.25723209186867,0.0006120965250806622,False,True
437_pair_mean_input,1000,647,1519,647000,1519000,1798.6783737031335,0.9714045781155142,0.8829265462314766,51.433966930542056,210.57748942817668,159.14352249763465,0.0014065129975261482,False,False
437_pair_mean_input,1000,647,1520,647000,1520000,903.7783552158164,0.6981650191710193,0.4058839085518993,272.7919225202137,536.949263936214,264.1573414160003,0.0023346268089490035,False,True
437_pair_mean_input,1000,647,1521,647000,1521000,2275.3114803841686,0.9478078166977194,0.8075920785906668,118.75347385399391,437.7879524995106,319.03447864551663,0.0028196318256092827,False,False
437_pair_mean_input,1000,647,1522,647000,1522000,1684.3817386852845,0.966413255106846,0.6979105962726451,56.57289975990989,508.833875088683,452.26097532877316,0.003997089734413957,False,False
437_pair_mean_input,1000,647,1523,647000,1523000,1447.8289250824118,0.967474372436675,0.7144987475488547,47.09154439263966,413.35697144602403,366.2654270533844,0.003237059703153845,False,False
437_pair_mean_input,1000,647,1524,647000,1524000,3620.978657935371,0.9894193604861697,0.9852811589200267,38.31226986688716,53.29660942012588,14.984339553238897,0.00013243183266405903,False,False
437_pair_mean_input,1000,647,1525,647000,1525000,2657.879108997022,0.981570086700806,0.9628778770711428,48.984481538554064,98.66611501422886,49.68163347567497,0.00043908707137549775,False,False
437_pair_mean_input,1000,647,1526,647000,1526000,547.7082962099519,0.8404101808132413,0.5898517930679402,87.40866795923392,224.64157561232523,137.23290765309133,0.0012128666330434368,False,False
437_pair_mean_input,1000,647,1527,647000,1527000,1327.229575802976,0.934270970424049,0.7519570689361206,87.23751204203063,329.2099141768395,241.97240213480882,0.002138555960707046,False,False
437_pair_mean_input,1000,647,1528,647000,1528000,1258.39521225501,0.8268673189309812,0.7242979526050524,217.8693369421269,346.94213645070596,129.072799508579,0.0011407474667314925,False,False
437_pair_mean_input,1000,647,1529,647000,1529000,100.05107828949357,0.17630154288569003,0.1089638343540241,82.41191881967889,89.1491291678157,6.7372103481368075,5.954357282661584e-05,True,True
437_pair_mean_input,1000,647,1530,647000,1530000,51.74146762400029,0.2796845789069443,0.19869013720856343,37.270177039554476,41.460948322415234,4.190771282860755,3.70381036343505e-05,True,True
437_pair_mean_input,1000,647,1531,647000,1531000,382.87590458012414,0.6629604743024393,0.4243323828452938,129.04431328070953,220.4092596555927,91.3649463748832,0.0008074848575534248,False,True
437_pair_mean_input,1000,647,1532,647000,1532000,761.4396217184643,0.8071315231049454,0.5597914348888645,146.85770008838676,335.19224329545096,188.3345432070642,0.0016645037055015724,False,False
437_pair_mean_input,1000,647,1533,647000,1533000,430.38533101858866,0.8303661707998231,0.5480247879905998,73.00791173226884,194.5235012328625,121.51558950059365,0.0010739567237942544,False,False
437_pair_mean_input,1000,647,1534,647000,1534000,213.23941253051404,0.1499345871348452,0.07803128671908609,181.2674492518745,196.60006679153602,15.332617539661541,0.00013550991907918764,True,True
437_pair_mean_input,1000,647,1535,647000,1535000,430.638471267024,0.6004490802161767,0.2989848326211419,172.06199728903897,301.88410001502837,129.82210272598942,0.001147369820552972,False,True
437_pair_mean_input,1000,647,1536,647000,1536000,709.3999287607695,0.6867420452519779,0.3663877233322299,222.22517078199127,449.4845039300651,227.25933314807384,0.002008521621649048,False,True
437_pair_mean_input,1000,647,1537,647000,1537000,3715.166707183585,0.962390326099453,0.8689300018405874,139.72620834334384,486.94689347246333,347.2206851291194,0.0030687419693836374,False,False
437_pair_mean_input,1000,647,1538,647000,1538000,3821.4075592744316,0.9668782609183568,0.9016271203969409,126.57166410290665,375.9228657427235,249.35120163981674,0.002203769908765079,False,False
437_pair_mean_input,1000,647,1539,647000,1539000,3356.8808234701683,0.9807821076212794,0.9235244193029217,64.51217439364063,256.71941030576744,192.20723591212663,0.001698730625577292,False,False
437_pair_mean_input,1000,647,1540,647000,1540000,1770.959786222353,0.9760950129997511,0.9566064568778676,42.33477066760884,76.84821985100204,34.51344918339328,0.0003050304159669607,False,False
437_pair_mean_input,1000,647,1541,647000,1541000,1799.5928812377545,0.9137977273449156,0.8655255136331556,155.12899621660586,241.99932837387672,86.87033215727092,0.0007677613852014072,False,False
437_pair_mean_input,1000,647,1542,647000,1542000,2316.8202876680793,0.9834681159021401,0.8796237986324511,38.301404471299065,278.8900254807553,240.58862100945612,0.0021263260809859354,False,False
437_pair_mean_input,1000,647,1543,647000,1543000,4763.617293280823,0.9781919875538778,0.9138343465826236,103.88502522043109,410.4601967058559,306.575171485425,0.002709516269626789,False,False
437_pair_mean_input,1000,647,1544,647000,1544000,8877.098121274175,0.9802359803680382,0.9364063908936283,175.44714154371468,564.5267079232163,389.07956637950156,0.0034386914314576667,False,False
437_pair_mean_input,1000,647,1545,647000,1545000,5314.069569103972,0.803236402943078,0.72036082723042,1045.615443427625,1486.022018344233,440.40657491660795,0.0038923203539458482,False,False
437_pair_mean_input,1000,647,1546,647000,1546000,9229.37935351449,0.9422824513008076,0.934296508175607,532.6971522997937,606.4024508978604,73.70529859806629,0.0006514086080146105,False,False
437_pair_mean_input,1000,647,1547,647000,1547000,11507.155003196545,0.9918887924050235,0.9912139441465565,93.33692305849945,101.10250657231663,7.765583513817546,6.863235131496788e-05,False,False
437_pair_mean_input,1000,647,1548,647000,1548000,9103.874612929787,0.9926467726956903,0.992739523093946,66.94285937880704,66.09847138278825,-0.8443879960195773,-7.462714615822613e-06,False,False
437_pair_mean_input,1000,647,1549,647000,1549000,10663.47347944793,0.9259301793417118,0.8943408122461555,789.8415682171199,1126.6939464731306,336.85237825601143,0.0029771067073855705,False,False
437_pair_mean_input,1000,647,1550,647000,1550000,3152.2177347085226,0.8587049770770092,0.7184771651626896,445.3926770838989,887.4212726995883,442.0285956156895,0.003906655798830503,False,False
437_pair_mean_input,1000,647,1551,647000,1551000,493.3583938805085,0.35507800075468066,0.12097080257944877,318.1776817258773,433.67643301347556,115.49875128759831,0.0010207798114212376,True,True
437_pair_mean_input,1000,647,1552,647000,1552000,1490.1062748221996,0.8638004937930911,0.5826115992494654,202.95173882660015,621.9530749963745,419.0013361697744,0.0037031405114987944,False,False
437_pair_mean_input,1000,647,1553,647000,1553000,1916.686133683916,0.9345225640755079,0.7405399678690299,125.49969350565107,497.3034458306138,371.8037523249627,0.003286007510496228,False,False
437_pair_mean_input,1000,648,1509,648000,1509000,286.72664518437847,0.8260959245478069,0.5890749497730526,49.86293213829836,117.82316107379484,67.96022893549647,0.0006006335904375192,False,False
437_pair_mean_input,1000,648,1510,648000,1510000,265.51804716116675,0.49560306137495524,0.17643629150999035,133.92649013779277,218.67102759107576,84.74453745328299,0.0007489735776029186,True,True
437_pair_mean_input,1000,648,1511,648000,1511000,725.6384220266037,0.8709728296683692,0.6034607398022833,93.6270722780024,287.74412304146796,194.11705076346556,0.001715609599783211,False,False
437_pair_mean_input,1000,648,1512,648000,1512000,243.68417201402025,0.5701219108566701,0.14950231332095004,104.75448621986155,207.25282457822388,102.49833835836236,0.0009058819539954091,False,True
437_pair_mean_input,1000,648,1513,648000,1513000,238.156656539912,0.8134038361680402,0.43168300686439587,44.43911850139318,135.3484749399916,90.90935643859842,0.0008034583464088309,False,True
437_pair_mean_input,1000,648,1514,648000,1514000,1551.6229261732065,0.9479031301892937,0.769313800633838,80.83469758015258,357.9379956882999,277.1032981081473,0.002449043381280347,False,False
437_pair_mean_input,1000,648,1515,648000,1515000,227.4479160299435,0.5101574261659265,0.26979843463981623,111.41367260130374,166.0828243229764,54.66915172167264,0.0004831668374149783,False,True
437_pair_mean_input,1000,648,1516,648000,1516000,93.97127680939609,0.7849956185977821,0.17272457459678145,20.204236239980787,77.74012799817675,57.535891758195966,0.0005085031317147263,False,True
437_pair_mean_input,1000,648,1517,648000,1517000,162.68260201038532,0.1698143439747337,0.07319917333910371,135.05676267388904,150.7743700265707,15.71760735268166,0.00013891246520503458,True,True
437_pair_mean_input,1000,648,1518,648000,1518000,112.49986530745042,0.2879222899378101,0.22589681012570703,80.1086464704341,87.08650459492567,6.977858124491583,6.167042172348996e-05,True,True
437_pair_mean_input,1000,648,1519,648000,1519000,1351.3885669334102,0.8480539510744828,0.6397143995454121,205.33815330864854,486.88584128506875,281.5476879764202,0.002488322970029504,False,False
437_pair_mean_input,1000,648,1520,648000,1520000,1117.8547165075015,0.8448894951443657,0.6209849266884478,173.39100943273047,423.68378732875505,250.29277789602452,0.0022120915747790883,False,False
437_pair_mean_input,1000,648,1521,648000,1521000,664.7231110694256,0.39366021558467695,0.2762075019066174,403.0480678617184,481.12160110134454,78.07353323962619,0.0006900151356518838,True,True
437_pair_mean_input,1000,648,1522,648000,1522000,1330.3951537141133,0.8444603772981432,0.7224810490205053,206.92916025307204,369.20986744694443,162.28070719387233,0.0014342394860545394,False,False
437_pair_mean_input,1000,648,1523,648000,1523000,2741.113051065678,0.94436083931722,0.9069421613240035,152.51322949790847,255.08205609873838,102.5688266008301,0.0009065049302098832,False,False
437_pair_mean_input,1000,648,1524,648000,1524000,2423.081879612165,0.9740145199303929,0.9340055624490737,62.9649458896879,159.90992578484605,96.94497989515821,0.0008568012830649629,False,False
437_pair_mean_input,1000,648,1525,648000,1525000,1177.6847000412592,0.9642428591291069,0.730118109578162,42.11063772087073,317.83577316801023,275.72513544713956,0.0024368631576369908,False,False
437_pair_mean_input,1000,648,1526,648000,1526000,1755.7591889353666,0.9591365509836156,0.9364921169800227,71.7463761021088,111.50454918215756,39.758173080048664,0.0003513833696612679,False,False
437_pair_mean_input,1000,648,1527,648000,1527000,2772.1975485080607,0.9890038886706998,0.9599685871472937,30.48339287020781,110.97498457358643,80.49159170337862,0.0007113859750342812,False,False
437_pair_mean_input,1000,648,1528,648000,1528000,1462.2747176603928,0.9448558211132486,0.8376968581811961,80.63593861223853,237.33178087848614,156.6958422662476,0.0013848803604875602,False,False
437_pair_mean_input,1000,648,1529,648000,1529000,321.31621361266997,0.8068666159677164,0.3013623208504724,62.05688767945509,224.48361375146962,162.4267260720145,0.0014355300032353074,False,True
437_pair_mean_input,1000,648,1530,648000,1530000,97.90298408873639,0.29755124866935484,0.09514447194966649,68.7718289246769,88.58805636531697,19.816227440640063,0.0001751361351047689,True,True
437_pair_mean_input,1000,648,1531,648000,1531000,792.7978237346854,0.7136502829932003,0.47419426175092855,227.01743247003378,416.8576449910735,189.8402125210397,0.0016778108349834796,False,True
437_pair_mean_input,1000,648,1532,648000,1532000,2329.8959986419113,0.9707723764378255,0.9259343320568947,68.09732318732222,172.56530337738155,104.46798019005928,0.0009232896800107365,False,False
437_pair_mean_input,1000,648,1533,648000,1533000,720.4606695229458,0.5454839689657215,0.35705443323690694,327.46092402786826,463.2169934969478,135.7560694690796,0.001199814313549338,False,True
437_pair_mean_input,1000,648,1534,648000,1534000,903.8777577454167,0.43218980812872915,0.18253166546608093,513.2310030535991,738.891445246399,225.66044219279985,0.0019943905978101525,True,True
437_pair_mean_input,1000,648,1535,648000,1535000,1991.0939245558611,0.788695386101722,0.4936855490155917,420.7273329634834,1008.1196272698917,587.3922943064083,0.005191382493126274,False,True
437_pair_mean_input,1000,648,1536,648000,1536000,1792.4370030134364,0.947395707074793,0.8493089498545414,94.28988115649895,270.10421430367325,175.81433314717424,0.0015538498887164465,False,False
437_pair_mean_input,1000,648,1537,648000,1537000,4155.7289183970415,0.9896897796188852,0.9829647940407452,42.8464809928455,70.79369803572472,27.9472170428794,0.0002469979512743184,False,False
437_pair_mean_input,1000,648,1538,648000,1538000,4060.426818943388,0.986887079286421,0.953950370532033,53.24405494009443,186.98115049413886,133.73709555404457,0.0011819705897923424,False,False
437_pair_mean_input,1000,648,1539,648000,1539000,2041.2875658734986,0.8963148344244994,0.5839445522111223,211.6512392548043,849.2888122853667,637.6375730305624,0.005635451070224014,False,False
437_pair_mean_input,1000,648,1540,648000,1540000,500.87443452867853,0.703346625709212,0.4347832073473618,148.58609109892285,283.10264140600344,134.51655030708065,0.0011888594233679915,False,True
437_pair_mean_input,1000,648,1541,648000,1541000,1658.4384685374598,0.87874412378584,0.8372740622947636,201.0954096497794,269.8709549191943,68.7755452694148,0.0006078393692386548,False,False
437_pair_mean_input,1000,648,1542,648000,1542000,535.6331182104782,0.6261958186242593,0.3292097201674369,200.22189927040313,359.29748925199505,159.0755899815919,0.0014059126088627,False,True
437_pair_mean_input,1000,648,1543,648000,1543000,7196.484228810727,0.9793793362234092,0.9588668134600751,148.39628165584418,296.0143282152994,147.61804655945525,0.0013046506568206687,False,False
437_pair_mean_input,1000,648,1544,648000,1544000,7827.993084342666,0.9836196954540901,0.9378201800336952,128.2249107048092,486.74320068190633,358.5182899770971,0.0031685903817488424,False,False
437_pair_mean_input,1000,648,1545,648000,1545000,9611.500683730932,0.9928907485352063,0.9923722624106348,68.33057531467966,73.31400505550367,4.98342974082334,4.404363176534923e-05,False,False
437_pair_mean_input,1000,648,1546,648000,1546000,12106.423777493956,0.9895203608260702,0.9880001986556026,126.87095287482043,145.27468032101632,18.403727446195262,0.0001626524375592294,False,False
437_pair_mean_input,1000,648,1547,648000,1547000,11751.378617522809,0.9855937958024229,0.9796108941707061,169.29275996707474,239.60010227277368,70.30734230569942,0.0006213774159482743,False,False
437_pair_mean_input,1000,648,1548,648000,1548000,10746.721103614136,0.9725400561562916,0.9352549616442408,295.10435800924097,695.7968700521438,400.6925120429023,0.0035413268309938363,False,False
437_pair_mean_input,1000,648,1549,648000,1549000,7974.236242039471,0.8352033799410927,0.7097361825362899,1314.1271802393476,2314.632252971847,1000.5050727324988,0.008842479837091827,False,False
437_pair_mean_input,1000,648,1550,648000,1550000,5039.673515829419,0.624908982845772,0.41690947495826836,1890.336265177681,2938.5858763838855,1048.2496112062045,0.009264446831853755,False,True
437_pair_mean_input,1000,648,1551,648000,1551000,2194.183416541623,0.7415545120176416,0.5421053361100447,567.0768038108984,1004.7048780302401,437.6280742193419,0.0038677639203379506,False,False
437_pair_mean_input,1000,648,1552,648000,1552000,3448.7342178803456,0.8103492660464574,0.6965821755915621,654.0549756317041,1046.40743335219,392.3524577204862,0.0034676172974831224,False,False
437_pair_mean_input,1000,648,1553,648000,1553000,3037.477408985759,0.9608196308962428,0.9249932760565223,119.00948602838616,227.83122950034488,108.8217434719586,0.000961768309539843,False,False
437_pair_mean_input,1000,649,1509,649000,1509000,281.07229276887597,0.8117473601291204,0.4833728776216635,52.91260110830163,145.2095697934657,92.29696868516407,0.0008157220856405048,False,True
437_pair_mean_input,1000,649,1510,649000,1510000,902.0577027269657,0.9572654168631913,0.5306749021723621,38.549059891384104,423.35831957850746,384.80925968712336,0.0034009503926017365,False,False
437_pair_mean_input,1000,649,1511,649000,1511000,1261.1536484008948,0.9215185104076469,0.8605246901411758,98.97721693133303,175.8997958903014,76.92257895896842,0.0006798429833085324,False,False
437_pair_mean_input,1000,649,1512,649000,1512000,419.52278994423875,0.5834427317709525,0.40280146914013215,174.7552673390006,250.5383938169323,75.78312647793172,0.0006697724840542172,False,True
437_pair_mean_input,1000,649,1513,649000,1513000,223.635252518356,0.8876897263431138,0.5363168322890571,25.11653640966341,103.69590229954792,78.57936588988451,0.0006944856927062685,False,False
437_pair_mean_input,1000,649,1514,649000,1514000,272.4543536529063,0.9039663212808926,0.5903889311993846,26.164793864325276,111.6003189991478,85.43552513482254,0.0007550805377855443,False,False
437_pair_mean_input,1000,649,1515,649000,1515000,600.0601744695759,0.8070654592750158,0.6375971122581295,115.77233416864152,217.46354004666495,101.69120587802342,0.0008987485042231188,False,False
437_pair_mean_input,1000,649,1516,649000,1516000,1651.4830132026389,0.9455258133365799,0.8430660517852621,89.96319393266799,259.1737496714623,169.21055573879426,0.0014954855983458216,False,False
437_pair_mean_input,1000,649,1517,649000,1517000,1774.7872053832607,0.8547713635936939,0.5817729886021369,257.74992574916973,742.2639487746065,484.5140230254369,0.0042821426858833615,False,False
437_pair_mean_input,1000,649,1518,649000,1518000,1227.3105761871775,0.8304156487813699,0.6466644321845316,208.13266780646563,433.652479323026,225.51981151656037,0.001993147701643991,False,False
437_pair_mean_input,1000,649,1519,649000,1519000,105.78685483230431,0.4631040097587956,0.05364828149410292,56.79653817969256,100.11157186588505,43.31503368619249,0.00038281896059463047,True,True
437_pair_mean_input,1000,649,1520,649000,1520000,732.3995594354423,0.6132918390291372,0.3245220576941754,283.22488672515004,494.719747353145,211.49486062799497,0.001869194961344892,False,True
437_pair_mean_input,1000,649,1521,649000,1521000,1473.664945957887,0.780498146263619,0.5749064148280809,323.47218742407995,626.4455152194206,302.97332779534065,0.002677683117478002,False,False
437_pair_mean_input,1000,649,1522,649000,1522000,2334.220433211533,0.8244486568847355,0.798296084344771,409.7755321773793,470.8214013812113,61.0458692038319,0.0005395243685255675,False,False
437_pair_mean_input,1000,649,1523,649000,1523000,3387.006751716033,0.9390540840332466,0.8761193212144786,206.42422886891154,419.5846954537262,213.1604665848149,0.0018839156134346374,False,False
437_pair_mean_input,1000,649,1524,649000,1524000,3223.3773081371833,0.9897782926755877,0.9749082711388396,32.94841943993015,80.88010943299528,47.93168999306499,0.00042362104288373996,False,False
437_pair_mean_input,1000,649,1525,649000,1525000,744.1711248469366,0.8722877232303329,0.5439349477496614,95.03978866044645,339.3904429365113,244.35065427606486,0.0021595749911744707,False,False
437_pair_mean_input,1000,649,1526,649000,1526000,2475.7003301056016,0.971512412603996,0.9077305207324557,70.5267295201993,228.43158028133126,157.9048507611319,0.0013955655969048928,False,False
437_pair_mean_input,1000,649,1527,649000,1527000,1308.749981157156,0.9366655968001035,0.5665622489211556,82.88889899446417,567.2616485572378,484.3727495627736,0.0042808941087605044,False,False
437_pair_mean_input,1000,649,1528,649000,1528000,2125.1838279521344,0.9796641638240403,0.8907209259260358,43.21739016903348,232.23812095557207,189.0207307865387,0.0016705682423053638,False,False
437_pair_mean_input,1000,649,1529,649000,1529000,864.2076644198271,0.9006694917942144,0.7132880859032021,85.84218650215644,247.77863364293177,161.93644714077539,0.001431196910198415,False,False
437_pair_mean_input,1000,649,1530,649000,1530000,1210.0879450063358,0.8313631518043453,0.6455346452869394,204.06541708542522,428.9342526606694,224.86883557524413,0.0019873943658614947,False,False
437_pair_mean_input,1000,649,1531,649000,1531000,1531.9796271748637,0.8417629405796873,0.6152212049887322,242.4159512959775,589.4732749261553,347.05732363017785,0.0030672981778428286,False,False
437_pair_mean_input,1000,649,1532,649000,1532000,1228.618002588657,0.9300074697385582,0.787326276651388,85.99408272593882,261.2947651836643,175.30068245772543,0.001549310235706637,False,False
437_pair_mean_input,1000,649,1533,649000,1533000,440.31187133977414,0.4128289715525641,0.1381770299871393,258.5383743321903,379.47088468996475,120.93251035777448,0.0010688034610029664,True,True
437_pair_mean_input,1000,649,1534,649000,1534000,1333.4899573208372,0.5584951294040887,0.33923805882935715,588.7423110478834,881.1194127308742,292.3771016829907,0.0025840335015976717,False,True
437_pair_mean_input,1000,649,1535,649000,1535000,2833.506069232366,0.9135194795335412,0.7747839027466636,245.04307961208497,638.1511784561553,393.10809884407035,0.003474295665820748,False,False
437_pair_mean_input,1000,649,1536,649000,1536000,1083.6604226398701,0.7173765726171099,0.5844875564976207,306.26782276567144,450.2743901379135,144.006567372242,0.0012727323459941246,False,False
437_pair_mean_input,1000,649,1537,649000,1537000,3386.285054686581,0.8975829840436973,0.8407211971786579,346.81321047842493,539.3634295222816,192.5502190438565,0.0017017619159819483,False,False
437_pair_mean_input,1000,649,1538,649000,1538000,3117.360110208524,0.9773269933603512,0.9540921114798763,70.67992647693427,143.11142041653355,72.43149393959948,0.0006401507020670432,False,False
437_pair_mean_input,1000,649,1539,649000,1539000,3031.751312095631,0.9658597675030843,0.9320842071679944,103.50469466777395,205.90379403044787,102.39909936267395,0.0009050048781640678,False,False
437_pair_mean_input,1000,649,1540,649000,1540000,678.9201352004637,0.7941195756728684,0.5338295996392611,139.77636551930505,316.49247123936715,176.7161057200621,0.0015618197691405662,False,False
437_pair_mean_input,1000,649,1541,649000,1541000,1107.8791468626516,0.803367945682145,0.6402825804483308,217.8445525835158,398.52342788453785,180.678875301022,0.0015968427900863557,False,False
437_pair_mean_input,1000,649,1542,649000,1542000,1607.688466542692,0.943407113316616,0.83549654641165,90.98373120923407,264.47030504043124,173.48657383119712,0.0015332771146465308,False,False
437_pair_mean_input,1000,649,1543,649000,1543000,3173.8970993224175,0.9122491307910372,0.7964666341119676,278.51222924534795,645.9939596073543,367.48173036200615,0.003247809411251678,False,False
437_pair_mean_input,1000,649,1544,649000,1544000,5046.639791177515,0.9677531493551874,0.8996946828269862,162.73823960426944,506.2048049120129,343.4665653077436,0.0030355629983506564,False,False
437_pair_mean_input,1000,649,1545,649000,1545000,7325.178903386313,0.9843290884567338,0.9597765434985294,114.79223063356676,294.6440149858497,179.85178435228318,0.0015895329470510873,False,False
437_pair_mean_input,1000,649,1546,649000,1546000,10883.68941260127,0.9896549140096147,0.965624193750749,112.59270286600622,374.13559852460526,261.54289565859835,0.0023115202955238806,False,False
437_pair_mean_input,1000,649,1547,649000,1547000,14639.85351902534,0.9927626262516803,0.9927493557324601,105.95409153784021,106.14836999534421,0.19427845750396955,1.7170361151376802e-06,False,False
437_pair_mean_input,1000,649,1548,649000,1548000,10731.848091343085,0.9570700523419453,0.9137346097641266,460.717676835553,925.7870635518246,465.06938671627177,0.004110290679142615,False,False
437_pair_mean_input,1000,649,1549,649000,1549000,6595.0883883275965,0.9155992190583495,0.8261947337275388,556.6306103540601,1146.2610934236948,589.6304830696345,0.005211163641218188,False,False
437_pair_mean_input,1000,649,1550,649000,1550000,9720.344225342997,0.9509569761226786,0.8856969126580043,476.71507393928005,1111.0653549836438,634.3502810443642,0.005606397931065805,False,False
437_pair_mean_input,1000,649,1551,649000,1551000,4184.313194373409,0.9860237809653172,0.9674832410369765,58.480877714276176,136.06030356723915,77.57942585296314,0.0006856482066647138,False,False
437_pair_mean_input,1000,649,1552,649000,1552000,5651.449751383997,0.9883251066634339,0.9785291549931326,65.98007304437124,121.34140167606485,55.36132863169405,0.0004892843080179497,False,False
437_pair_mean_input,1000,649,1553,649000,1553000,4083.1787885874196,0.9858218414533249,0.9852529962865543,57.891956239013325,60.2146527579615,2.3226965189483053,2.052802898878958e-05,False,False
437_pair_mean_input,1000,650,1509,650000,1509000,29.402040309611035,0.7889605470814771,0.20607833645549387,6.2049905016286715,23.342916754209018,17.13792625258035,0.0001514652663620483,False,True
437_pair_mean_input,1000,650,1510,650000,1510000,121.65658564507952,0.5577681252682642,0.2466588315665573,53.80041994328549,91.64891437748739,37.84849443420191,0.0003345055992416675,False,True
437_pair_mean_input,1000,650,1511,650000,1511000,630.1121692651009,0.8361557021965549,0.6110688109985465,103.24028591064598,245.07027519656083,141.82998928591485,0.001253495714050181,False,False
437_pair_mean_input,1000,650,1512,650000,1512000,367.4950297007398,0.6970381154666722,0.39057334928626336,111.3369867547674,223.96126510446703,112.62427834969964,0.000995375173615437,False,True
437_pair_mean_input,1000,650,1513,650000,1513000,113.00989594996463,0.4495636393526763,0.17046623879228917,62.20475584383126,93.7455240410662,31.54076819723495,0.0002787578138596857,True,True
437_pair_mean_input,1000,650,1514,650000,1514000,147.93243564834216,0.17413307929266214,0.1299528626401874,122.17250510163277,128.7081921585048,6.535687056872035,5.776250675481036e-05,True,True
437_pair_mean_input,1000,650,1515,650000,1515000,147.53855644470843,0.6720995977271689,0.23753583518792745,48.3779520089727,112.49286221719345,64.11491020822075,0.0005666486020153584,False,True
437_pair_mean_input,1000,650,1516,650000,1516000,1527.8935362138482,0.9302172244351739,0.6740722873058164,106.6206517245596,497.98284549840736,391.3621937738478,0.0034588653288822697,False,False
437_pair_mean_input,1000,650,1517,650000,1517000,3237.612064066601,0.9523535135345139,0.9208968603581396,154.26083939104365,256.10527921003234,101.84443981898858,0.0009001027882445299,False,False
437_pair_mean_input,1000,650,1518,650000,1518000,1920.2906081016474,0.5663278444490493,0.39076768611365575,832.7765672996875,1169.9030905079817,337.1265232082942,0.002979529604859124,False,True
437_pair_mean_input,1000,650,1519,650000,1519000,2263.358160188225,0.789373487474309,0.6498009691322498,476.7232358770102,792.6258342045305,315.9025983275203,0.0027919522172606386,False,False
437_pair_mean_input,1000,650,1520,650000,1520000,2000.6552830025937,0.7520879857096086,0.5315270511960452,495.9864811098862,937.2528799684359,441.2663988585498,0.0038999194916986488,False,False
437_pair_mean_input,1000,650,1521,650000,1521000,3555.6972036884076,0.9233474652329691,0.7380642771985243,272.55320352676017,931.364117111309,658.8109135845489,0.005822581392733194,False,False
437_pair_mean_input,1000,650,1522,650000,1522000,2571.4556526262695,0.6818944611167501,0.5446469320033012,817.9942860930585,1170.9202206408254,352.92593454776693,0.0031191650550079714,False,False
437_pair_mean_input,1000,650,1523,650000,1523000,3994.5098386446643,0.9535293447519992,0.9197316519399236,185.6274895964034,320.63270605772965,135.0052164613262,0.0011931782626560165,False,False
437_pair_mean_input,1000,650,1524,650000,1524000,3380.583770701968,0.9137194856780259,0.7613178920667383,291.67850644468444,806.8848604361201,515.2063539914357,0.0045534019979216085,False,False
437_pair_mean_input,1000,650,1525,650000,1525000,2369.5045075928024,0.9585598588317864,0.741497713198861,98.19260129336408,612.5223337983462,514.3297325049821,0.0045456544032017165,False,False
437_pair_mean_input,1000,650,1526,650000,1526000,3441.532594981679,0.9844647791082461,0.7975840363528884,53.46496906921129,696.621136636161,643.1561675669495,0.00568422449701316,False,False
437_pair_mean_input,1000,650,1527,650000,1527000,3082.4102769789147,0.970532947734011,0.8310290589971736,90.82954473695918,520.8377650579099,430.00822032095084,0.0038004195296952427,False,False
437_pair_mean_input,1000,650,1528,650000,1528000,2479.8979407403076,0.9550935731545147,0.873379390317512,111.36335546012424,314.00618920688424,202.64283374676006,0.0017909606061697213,False,False
437_pair_mean_input,1000,650,1529,650000,1529000,1657.0742966864843,0.9301155056164987,0.8658077376999301,115.80379937983093,222.3665486716565,106.56274929182564,0.0009418032828404989,False,False
437_pair_mean_input,1000,650,1530,650000,1530000,3070.9347047642323,0.9832342133145768,0.971297205067053,51.486636184939925,88.14440908331798,36.65777289837797,0.00032398198326103237,False,False
437_pair_mean_input,1000,650,1531,650000,1531000,2341.922431283431,0.8362009889895771,0.7253996718465734,383.604578107351,643.0926681403008,259.4880900329497,0.0022933598905353104,False,False
437_pair_mean_input,1000,650,1532,650000,1532000,1747.6529987466295,0.7277366412370195,0.6093426156488289,475.8218753909523,682.7335492438389,206.91167385288645,0.001828688683312898,False,False
437_pair_mean_input,1000,650,1533,650000,1533000,2189.106659535645,0.8259879342840385,0.4949596539865328,380.93097189836567,1105.5871847922674,724.656212893902,0.006404523201304016,False,True
437_pair_mean_input,1000,650,1534,650000,1534000,1902.223270338113,0.8564439199302483,0.48721440921403425,273.0757161072031,975.4326834871412,702.356967379938,0.006207442112748349,False,True
437_pair_mean_input,1000,650,1535,650000,1535000,3022.6490032137062,0.9108594976061336,0.8238280429248493,269.4404507067893,532.5059904474119,263.0655397406226,0.0023249774482773347,False,False
437_pair_mean_input,1000,650,1536,650000,1536000,2353.391397628745,0.7640654388101347,0.6848041792156365,555.2463667075419,741.7791332024526,186.53276649491067,0.001648579574097974,False,False
437_pair_mean_input,1000,650,1537,650000,1537000,3543.350398692288,0.9482709566107135,0.8830988134634713,183.29412651739904,414.2218659218105,230.92773940441157,0.0020409430548231308,False,False
437_pair_mean_input,1000,650,1538,650000,1538000,2341.3109322535643,0.8897917428481502,0.7553317058728811,258.031797294238,572.844551815654,314.81275452141585,0.002782320160268925,False,False
437_pair_mean_input,1000,650,1539,650000,1539000,4518.710317930392,0.9541963067324334,0.8769146229008279,206.97362136747233,556.1871634843823,349.21354211691005,0.0030863548713198755,False,False
437_pair_mean_input,1000,650,1540,650000,1540000,3810.9881551499134,0.9866536947542688,0.9703532586697811,50.862611206496695,112.98338004825777,62.12076884176122,0.0005490243487198994,False,False
437_pair_mean_input,1000,650,1541,650000,1541000,1471.9574953532901,0.9149604690257399,0.8339698279714315,125.17457501889044,244.3893561722476,119.21478115335708,0.0010536221428171805,False,False
437_pair_mean_input,1000,650,1542,650000,1542000,5533.0358738710665,0.9691739804141031,0.8993652852398032,170.56147221741958,556.8154869249511,386.2540147075315,0.0034137191605826977,False,False
437_pair_mean_input,1000,650,1543,650000,1543000,7878.609633535047,0.984232778226446,0.9697492476323046,124.22378535920689,238.33386902580784,114.11008366660099,0.0010085067447734544,False,False
437_pair_mean_input,1000,650,1544,650000,1544000,5952.409590908087,0.9282735478163221,0.8933242838953235,426.94522189993495,634.9775556584648,208.0323337585296,0.0018385930934852752,False,False
437_pair_mean_input,1000,650,1545,650000,1545000,6905.807524544314,0.9610039358942319,0.9660141387127944,269.2993129292254,234.69981660530374,-34.59949632392181,-0.00030579090197137943,False,False
437_pair_mean_input,1000,650,1546,650000,1546000,12256.365377005986,0.9930654527776834,0.9930220317216903,84.9923444808137,85.52452880812052,0.5321843273068225,4.703453597666101e-06,False,False
437_pair_mean_input,1000,650,1547,650000,1547000,12543.494433010865,0.9930762688597801,0.9930785332591613,86.8477830130123,86.81937953198022,-0.028403481032000855,-2.510304197086651e-07,False,False
437_pair_mean_input,1000,650,1548,650000,1548000,7714.551904840609,0.9716143955111775,0.8233732107205557,218.98221917929823,1362.5965336816178,1143.6143145023198,0.010107281605057951,False,False
437_pair_mean_input,1000,650,1549,650000,1549000,5800.882434257696,0.8132939340693809,0.6827094981658622,1083.059938226288,1840.5648986464591,757.5049604201708,0.006694840957396406,False,False
437_pair_mean_input,1000,650,1550,650000,1550000,3664.8530191362142,0.7632844395573455,0.5036952679664081,867.5277363647833,1818.8838956048992,951.3561592401159,0.00840810095345016,False,False
437_pair_mean_input,1000,650,1551,650000,1551000,2899.962240313928,0.7947194736913763,0.5374439140965648,595.3057749667787,1341.3951831473676,746.0894081805889,0.006593950124097491,False,False
437_pair_mean_input,1000,650,1552,650000,1552000,3190.2752542158173,0.7907850513143702,0.65570732058765,667.4532736037968,1098.3884153368797,430.9351417330831,0.0038086116759628906,False,False
437_pair_mean_input,1000,650,1553,650000,1553000,2480.889243955549,0.9044824509632965,0.8135003248023066,236.96846001415452,462.685038199161,225.71657818500648,0.0019948867286072374,False,False
437_pair_mean_input,1000,651,1509,651000,1509000,18.149870346403883,0.026580577694704864,0.019662609157482296,17.667436307512475,17.792996539523564,0.12556023201109096,1.109703339000951e-06,True,True
437_pair_mean_input,1000,651,1510,651000,1510000,683.1774631058454,0.7675146421621083,0.5508949321741259,158.82875697694556,306.8184609052593,147.98970392831376,0.0013079353705917468,False,False
437_pair_mean_input,1000,651,1511,651000,1511000,705.4660675601192,0.918529412751906,0.8512034573743501,57.47473480772646,104.97091179265888,47.49617698493239,0.00041977197195130963,False,False
437_pair_mean_input,1000,651,1512,651000,1512000,104.11772504617127,0.6986364935054644,0.1685461398390724,31.3772827081481,86.5690844008132,55.191801692665095,0.00048778602621902444,False,True
437_pair_mean_input,1000,651,1513,651000,1513000,128.7328649530806,0.8842132959802029,0.32581526385580695,14.90555413194285,86.78973259147868,71.88417845953583,0.0006353135190992713,False,True
437_pair_mean_input,1000,651,1514,651000,1514000,74.38385935717336,0.15205847874071515,0.05048472590185651,63.07316286045827,70.62861060600423,7.555447745545951,6.677516803360917e-05,True,True
437_pair_mean_input,1000,651,1515,651000,1515000,238.99774279986005,0.7682395015035787,0.32052413218134135,55.390236010815045,162.39319869563548,107.00296268482045,0.0009456938958495297,False,True
437_pair_mean_input,1000,651,1516,651000,1516000,998.9563190226654,0.7789628120586826,0.5142140898724241,220.8064956329796,485.2789046141186,264.472408981139,0.002337411381129584,False,False
437_pair_mean_input,1000,651,1517,651000,1517000,1491.0654992253887,0.6148665987287282,0.39133142046568326,574.2591272349209,907.5647194061443,333.30559217122334,0.0029457601552331037,False,True
437_pair_mean_input,1000,651,1518,651000,1518000,2913.49029699446,0.7927330930409775,0.7531139364193192,603.8701223131657,719.3001507054707,115.4300283923053,0.0010201724373733326,False,False
437_pair_mean_input,1000,651,1519,651000,1519000,4685.1477436157065,0.9205538621879094,0.879979266197593,372.21689330929894,562.3148701614483,190.09797685214926,0.0016800889602650764,False,False
437_pair_mean_input,1000,651,1520,651000,1520000,4483.92837290067,0.9633452418941669,0.9350791660511222,164.35730987255556,291.10036933574634,126.74305946319055,0.0011201571869433552,False,False
437_pair_mean_input,1000,651,1521,651000,1521000,4454.132567955652,0.9652227694519513,0.8863758035581959,154.90239520736577,506.0972338792304,351.19483867186455,0.0031038656019657853,False,False
437_pair_mean_input,1000,651,1522,651000,1522000,3778.1349896068095,0.9881010521317182,0.957934113610725,44.955831280663006,158.93059723614473,113.97476595548187,0.001007310804678014,False,False
437_pair_mean_input,1000,651,1523,651000,1523000,3056.908986132763,0.9875395236057066,0.9772017158504781,38.09054226121043,69.69227968508162,31.601737423871327,0.00027929666085997406,False,False
437_pair_mean_input,1000,651,1524,651000,1524000,3943.2267042431213,0.9726273358744426,0.9337224549172823,107.93662014617576,261.34738566184967,153.41076551567403,0.0013558467996172372,False,False
437_pair_mean_input,1000,651,1525,651000,1525000,4093.4322994505233,0.9738978269474058,0.9000940926848592,106.84747825933619,408.9580679097077,302.11058965037137,0.002670058223952229,False,False
437_pair_mean_input,1000,651,1526,651000,1526000,7208.615367215795,0.9853485509221448,0.9464638766612007,105.61666097460693,385.9213214012289,280.3046604266219,0.002477337072660666,False,False
437_pair_mean_input,1000,651,1527,651000,1527000,5317.96042499975,0.9920221722501532,0.9911292148491653,42.42577225115019,47.17448437081451,4.74871211966456,4.196919367495728e-05,False,False
437_pair_mean_input,1000,651,1528,651000,1528000,6914.888238138865,0.9916298346734557,0.9903663923446397,57.87875776779947,66.61532026689515,8.736562499095271,7.721387911882913e-05,False,False
437_pair_mean_input,1000,651,1529,651000,1529000,3515.122281267162,0.9806477253833238,0.9598274683065129,68.02561169827959,141.2113612506878,73.1857495524082,0.0006468168252382723,False,False
437_pair_mean_input,1000,651,1530,651000,1530000,4329.073129564722,0.992854220019507,0.9925700100189383,30.934604103334095,32.16496997994931,1.2303658766149965,1.0873993298705366e-05,False,False
437_pair_mean_input,1000,651,1531,651000,1531000,3405.615983550121,0.8788788480067316,0.8280081092721673,412.4921311742787,585.738332103713,173.2462009294345,0.0015311526950956987,False,False
437_pair_mean_input,1000,651,1532,651000,1532000,1884.8656281124152,0.8957653404508908,0.6394868385554471,196.46832704211533,679.5188664889798,483.0505394468644,0.004269208394605758,False,False
437_pair_mean_input,1000,651,1533,651000,1533000,3316.644030872076,0.8854432004801953,0.6505964633565513,379.9441253231694,1158.8471541740869,778.9030288509175,0.0068839574284751855,False,False
437_pair_mean_input,1000,651,1534,651000,1534000,4503.045241301441,0.6918584681425821,0.5944566309785643,1387.5752586778822,1826.1801380133304,438.604879335448,0.003876396939579269,False,False
437_pair_mean_input,1000,651,1535,651000,1535000,4430.661195637579,0.9330569120436549,0.7789193246146549,296.6021421243313,979.5335695351969,682.9314274108656,0.006035758879766811,False,False
437_pair_mean_input,1000,651,1536,651000,1536000,2030.3109993436533,0.8444442719925944,0.5519478514128469,315.8265055843451,909.6852055560539,593.8586999717088,0.005248532689834135,False,False
437_pair_mean_input,1000,651,1537,651000,1537000,5933.2170619895105,0.9843204884856223,0.9715232693836245,93.02994524076712,168.95862396275794,75.92867872199076,0.0006710588771154942,False,False
437_pair_mean_input,1000,651,1538,651000,1538000,4192.430271890498,0.9550113767043507,0.9278361216866616,188.61166619535834,302.542027977862,113.9303617825035,0.001006918359886933,False,False
437_pair_mean_input,1000,651,1539,651000,1539000,4985.044735544997,0.9680083848751452,0.9576515043889542,159.479632559739,211.10914510409432,51.62951254435575,0.00045630245774316695,False,False
437_pair_mean_input,1000,651,1540,651000,1540000,3802.0742370749385,0.9846695279065762,0.9814390842643541,58.28759298860268,70.56997953501806,12.282386546415182,0.0001085519287687629,False,False
437_pair_mean_input,1000,651,1541,651000,1541000,2957.7435851884957,0.9702562780933622,0.9519170333571599,87.97430266898846,142.21708614469262,54.24278347570407,0.0004793985880368351,False,False
437_pair_mean_input,1000,651,1542,651000,1542000,4257.3138470898275,0.9551799951317642,0.9100778495458491,190.81282735217383,382.8268162885513,192.01398893637725,0.001697022705714401,False,False
437_pair_mean_input,1000,651,1543,651000,1543000,7264.287899263958,0.9394413224467848,0.937113613260419,439.915668545249,456.8248182207719,16.909149675522713,0.00014944333531445638,False,False
437_pair_mean_input,1000,651,1544,651000,1544000,8109.240105154759,0.9529402449218435,0.9401639156617977,381.618853218547,485.2251748507727,103.60632163222544,0.0009156743278933361,False,False
437_pair_mean_input,1000,651,1545,651000,1545000,7674.945760781421,0.9872388499521378,0.9856203316339056,97.94113446253505,110.36317476779884,12.42204030526409,0.0001097861909233994,False,False
437_pair_mean_input,1000,651,1546,651000,1546000,11513.37860853137,0.9850077355097928,0.9763258121911197,172.6116172749953,272.5698874931167,99.95827021812147,0.0008834327911405152,False,False
437_pair_mean_input,1000,651,1547,651000,1547000,9626.064725772749,0.9871307462167453,0.9820040418481544,123.88026989000537,173.23025797196374,49.349988081958145,0.00043615598408076146,False,False
437_pair_mean_input,1000,651,1548,651000,1548000,8842.352984740946,0.9781750798331833,0.9518036015418161,192.98364797878457,426.1695677604864,233.18591978170116,0.0020609008891199275,False,False
437_pair_mean_input,1000,651,1549,651000,1549000,8290.950965119653,0.971753230445088,0.9063476603360735,234.19258130281014,776.4669559223449,542.2743746195347,0.004792629597218293,False,False
437_pair_mean_input,1000,651,1550,651000,1550000,5868.967473913064,0.8494293095669881,0.7083789938739148,883.6944846759798,1711.5141996637965,827.819714987817,0.007316283883034333,False,False
437_pair_mean_input,1000,651,1551,651000,1551000,8183.131451166264,0.9274382502145849,0.8552636205775598,593.7823368206873,1184.3968185797041,590.6144817590166,0.00521986023737519,False,False
437_pair_mean_input,1000,651,1552,651000,1552000,5190.687208190313,0.8747507996101603,0.8087746860856023,650.1294222996057,992.590790817641,342.46136851803567,0.003026679053043886,False,False
437_pair_mean_input,1000,651,1553,651000,1553000,4444.177842016201,0.9628526688906752,0.8962248814797332,165.08934580610003,461.19508228037466,296.10573647427464,0.002616987235527037,False,False
437_pair_mean_input,1000,652,1509,652000,1509000,265.81269688283703,0.05416520228751171,0.05623311680205972,251.41489838558914,250.86522045155397,-0.5496779340351683,-4.858062373762501e-06,True,True
437_pair_mean_input,1000,652,1510,652000,1510000,1074.5894723453257,0.6113896520175209,0.48790848690534594,417.5965887864256,550.2881488489038,132.69156006247817,0.0011727301303932809,False,True
437_pair_mean_input,1000,652,1511,652000,1511000,526.9079747539055,0.8504863416266426,0.6994146940892179,78.77993893155303,158.38079477823337,79.6008558466803,0.0007035136372843902,False,False
437_pair_mean_input,1000,652,1512,652000,1512000,554.065006321355,0.846766524610382,0.4032004357840762,84.90130651039186,330.66575431987775,245.76444780948586,0.0021720701210381733,False,True
437_pair_mean_input,1000,652,1513,652000,1513000,254.8617102926074,0.7612902430181635,0.4033055946319657,60.837976927923535,152.0745566741276,91.23657974620407,0.00080635035123578,False,True
437_pair_mean_input,1000,652,1514,652000,1514000,224.734904729472,0.8543868984976358,0.2584814022108081,32.72434649349674,166.6451114292857,133.92076493578895,0.001183593862726212,False,True
437_pair_mean_input,1000,652,1515,652000,1515000,65.85536787947507,0.8343079293869553,0.30117623147042943,10.911712264934017,46.02129635943601,35.10958409450198,0.0003102990658472344,False,True
437_pair_mean_input,1000,652,1516,652000,1516000,1630.4213618675003,0.8989288093166948,0.7493871693677093,164.78862835944415,408.60451262096853,243.8158842615244,0.0021548486852316726,False,False
437_pair_mean_input,1000,652,1517,652000,1517000,2731.1949509007063,0.8974209443183849,0.7180540513290771,280.1633989457896,770.0493514369344,489.88595249114474,0.00432961988443176,False,False
437_pair_mean_input,1000,652,1518,652000,1518000,1306.7494418327508,0.46063749944281546,0.3044617700564502,704.8116465486177,908.8941937520731,204.08254720345553,0.0018036848167299442,True,True
437_pair_mean_input,1000,652,1519,652000,1519000,2442.124826004454,0.6819299961577021,0.47654006221601236,776.7666527906078,1278.3545094810233,501.58785669041526,0.004433041500930946,False,True
437_pair_mean_input,1000,652,1520,652000,1520000,3146.4286425683636,0.9298138535234124,0.6395138534350135,220.83570158543398,1134.2439368011705,913.4082352157366,0.008072716593900008,False,False
437_pair_mean_input,1000,652,1521,652000,1521000,1781.1823166612046,0.913850698949591,0.544680459997339,153.44761162371105,811.0071130830537,657.5595014593426,0.005811521392352779,False,False
437_pair_mean_input,1000,652,1522,652000,1522000,4287.412658737058,0.982632064099657,0.9609575065949488,74.46350823526427,167.3912804534745,92.92777221821052,0.0008212971373560307,False,False
437_pair_mean_input,1000,652,1523,652000,1523000,1438.417049825416,0.947916139904865,0.8542523985400773,74.91831238156374,209.6458349111125,134.72752252954888,0.0011907239992449202,False,False
437_pair_mean_input,1000,652,1524,652000,1524000,2114.0828922376154,0.918995524837165,0.7133084948950069,171.25017513643638,606.0896062923189,434.8394311558825,0.0038431178483353963,False,False
437_pair_mean_input,1000,652,1525,652000,1525000,3853.256750131961,0.9675043873941467,0.806086256104844,125.21393862317746,747.1994426073703,621.9855039841927,0.0054971178336185285,False,False
437_pair_mean_input,1000,652,1526,652000,1526000,3513.5067715825408,0.9399459171868543,0.8940486128667157,211.00042662516626,372.2609161513578,161.26048952619158,0.0014252227859879681,False,False
437_pair_mean_input,1000,652,1527,652000,1527000,6272.599063372344,0.9742823449601538,0.9631789350059683,161.31653891507267,230.96377779393546,69.64723887886248,0.0006155434113027411,False,False
437_pair_mean_input,1000,652,1528,652000,1528000,4551.348119314501,0.9685373698180645,0.9090589536744313,143.19738270723974,413.90436016236976,270.7069774551301,0.0023925125970321384,False,False
437_pair_mean_input,1000,652,1529,652000,1529000,4272.036650025336,0.9855136790097608,0.9372736450807626,61.886094194333054,267.96928713747917,206.08319294314606,0.0018213665557800637,False,False
437_pair_mean_input,1000,652,1530,652000,1530000,4627.0548759760695,0.9590611863308435,0.8859145796718104,189.42613740454635,527.879500407329,338.4533630027827,0.0029912562361872116,False,False
437_pair_mean_input,1000,652,1531,652000,1531000,4503.991216975019,0.9644821783165896,0.9531397776156639,159.97195690816534,211.05803004454583,51.08607313638004,0.00045149953156251065,False,False
437_pair_mean_input,1000,652,1532,652000,1532000,3699.920535102394,0.9531199720776123,0.8981436405651517,173.45237799621555,376.8604359037656,203.40805790754985,0.0017977236695434621,False,False
437_pair_mean_input,1000,652,1533,652000,1533000,4340.131163427764,0.8882563543602668,0.815749186536926,484.98207875603475,799.6726973980034,314.69061864196874,0.0027812407214126613,False,False
437_pair_mean_input,1000,652,1534,652000,1534000,3578.02060156274,0.9116922026472427,0.8488006500259794,315.9671182067932,540.9943891499405,225.0272709431474,0.0019887946201773885,False,False
437_pair_mean_input,1000,652,1535,652000,1535000,4792.895446072592,0.9549293422229962,0.919993858459634,216.01895041089756,383.46107144665945,167.44212103576228,0.001479856144152185,False,False
437_pair_mean_input,1000,652,1536,652000,1536000,4520.5809381264935,0.9501949254155998,0.9191169704281573,225.1478707882079,365.6382817003935,140.49041091218533,0.0012416564989549922,False,False
437_pair_mean_input,1000,652,1537,652000,1537000,5398.982491400037,0.9664225117810534,0.8857262804573061,181.28427099928376,616.9618110381629,435.67754003887876,0.0038505250680498774,False,False
437_pair_mean_input,1000,652,1538,652000,1538000,5202.646526208527,0.9763570554889924,0.9438931032316078,123.0058831295346,291.9043515684161,168.89846843888154,0.0014927273657969814,False,False
437_pair_mean_input,1000,652,1539,652000,1539000,4362.572698749594,0.952102776180937,0.9313222056509451,208.95512097894334,299.61187063752584,90.65674965858261,0.0008012258036463019,False,False
437_pair_mean_input,1000,652,1540,652000,1540000,4610.784663547806,0.982594256457463,0.9285258500795162,80.25413538357589,329.55191429348355,249.29777890990772,0.0022032977578235824,False,False
437_pair_mean_input,1000,652,1541,652000,1541000,2697.5333922415534,0.9574272563491812,0.8801579169024037,114.84139759742311,323.27802095155295,208.43662335413,0.0018421662113982898,False,False
437_pair_mean_input,1000,652,1542,652000,1542000,4174.628331529666,0.9247646336379743,0.8958673630822857,314.0796919479262,434.71505631358235,120.63536436565619,0.0010661772799714173,False,False
437_pair_mean_input,1000,652,1543,652000,1543000,9005.1845812677,0.9792345805502473,0.9597702490123359,186.99643505246968,362.27633330235204,175.27989824988254,0.0015491265445452534,False,False
437_pair_mean_input,1000,652,1544,652000,1544000,8016.0694920339965,0.9673705960111922,0.9056976042704831,261.55956985793455,755.9345574330977,494.3749875751628,0.004369294048311828,False,False
437_pair_mean_input,1000,652,1545,652000,1545000,8630.618898423438,0.9807283344040039,0.9640084537508153,166.32640129690117,310.6293192416943,144.30291794479308,0.001275351497094815,False,False
437_pair_mean_input,1000,652,1546,652000,1546000,14134.258163112492,0.9908308386135225,0.9903946804162518,129.59929417571584,135.76406673589753,6.164772560181518,5.4484358499836075e-05,False,False
437_pair_mean_input,1000,652,1547,652000,1547000,13011.811697068953,0.9728233222043992,0.9734078110700712,353.61781402827364,346.0125549691146,-7.605259059158925,-6.72154012201125e-05,False,False
437_pair_mean_input,1000,652,1548,652000,1548000,15095.267616452444,0.9795483120365379,0.9714977733141722,308.7237030166398,430.2487394873631,121.52503647072263,0.00107404021626737,False,False
437_pair_mean_input,1000,652,1549,652000,1549000,8275.837120596421,0.9634904669682536,0.8944825142617318,302.14694871976826,873.2455253447638,571.098576624996,0.0050473783556203395,False,False
437_pair_mean_input,1000,652,1550,652000,1550000,10258.593993125996,0.9757166950125189,0.9393596789368727,249.11256667782072,622.0844333994299,372.97186672160933,0.003296331324219186,False,False
437_pair_mean_input,1000,652,1551,652000,1551000,9407.550937844038,0.9755959083920939,0.9377314760625476,229.5827348931889,585.7943107659444,356.21157587275593,0.0031482036055960087,False,False
437_pair_mean_input,1000,652,1552,652000,1552000,9257.822040785026,0.9241272650199011,0.850381976472988,702.416278193401,1385.1370359070645,682.7207577136633,0.006033896977613023,False,False
437_pair_mean_input,1000,652,1553,652000,1553000,6827.384689220016,0.9808402686917052,0.970093723081658,130.81085618382167,204.1816571438623,73.37080096004047,0.0006484523125390462,False,False
437_pair_mean_input,1000,653,1509,653000,1509000,628.306842135746,0.886176201281211,0.6286049270791443,71.51627153289712,233.35006545167798,161.83379391878083,0.0014302896593803654,False,False
437_pair_mean_input,1000,653,1510,653000,1510000,1729.2364031170812,0.7679942255138763,0.4833873502740743,401.1928309747773,893.3454002168443,492.152569242067,0.004349652279533672,False,True
437_pair_mean_input,1000,653,1511,653000,1511000,48.51656344545217,0.23477879476931168,0.08503569375341122,37.125903153380065,44.39092381433675,7.265020660956687,6.420836881427872e-05,True,True
437_pair_mean_input,1000,653,1512,653000,1512000,269.76125220482686,0.8961196180471772,0.467213934802759,28.022901915109173,143.72503610489022,115.70213418978108,0.001022577312764083,False,True
437_pair_mean_input,1000,653,1513,653000,1513000,172.87103633278136,0.5281544166388937,0.2861570506121465,81.56843498468021,123.40277043952743,41.83433545484721,0.0003697325259404518,False,True
437_pair_mean_input,1000,653,1514,653000,1514000,305.509070824833,0.9116706528691091,0.49571999604263384,26.98541676852261,154.06211544455803,127.07669867603542,0.0011231058956434386,False,True
437_pair_mean_input,1000,653,1515,653000,1515000,257.0435297644051,0.7378191504768439,0.45331472846256965,67.3918909980624,140.52191186619336,73.13002086813097,0.0006463242942351829,False,True
437_pair_mean_input,1000,653,1516,653000,1516000,1109.622989887158,0.7198126273914005,0.5279828479638318,310.9023501225813,523.7610835203942,212.8587333978129,0.0018812488907013283,False,False
437_pair_mean_input,1000,653,1517,653000,1517000,2193.672972984574,0.7433094610664448,0.5306406306962145,563.0950976793845,1029.6209630587996,466.5258653794151,0.004123163060865604,False,False
437_pair_mean_input,1000,653,1518,653000,1518000,2203.9447676514988,0.9482337915386682,0.7870710238842131,114.08986427950913,469.28370279177943,355.1938385122703,0.0031392088265241036,False,False
437_pair_mean_input,1000,653,1519,653000,1519000,2268.0959802220677,0.6909711875056438,0.6847168841948865,700.9070073912485,715.0923675894666,14.18536019821795,0.00012537044034374815,False,False
437_pair_mean_input,1000,653,1520,653000,1520000,789.9023239057242,0.8963338075347134,0.7025462785289198,81.88616633878803,234.95938584441225,153.07321950562425,0.0013528635625809629,False,False
437_pair_mean_input,1000,653,1521,653000,1521000,542.695512177165,0.8252954759255001,0.556373905398796,94.81136117227857,240.75389062475585,145.9425294524773,0.001289842409827286,False,False
437_pair_mean_input,1000,653,1522,653000,1522000,3884.819083634678,0.9668415971945387,0.9147959776582196,128.8143960015018,331.00221199578385,202.18781599428212,0.001786939151994765,False,False
437_pair_mean_input,1000,653,1523,653000,1523000,3031.3265683583413,0.9864099808017642,0.9629913026615473,41.19578626011207,112.18544750238428,70.98966124227218,0.0006274077616242164,False,False
437_pair_mean_input,1000,653,1524,653000,1524000,6062.376553269054,0.9300514546126032,0.8112252872957546,424.0544214918309,1144.4233921483192,720.3689706564883,0.006366632485830157,False,False
437_pair_mean_input,1000,653,1525,653000,1525000,4645.859256856565,0.9455664748776834,0.8648626723320636,252.89049657284886,627.8290046929411,374.93850812009214,0.0033137125323577715,False,False
437_pair_mean_input,1000,653,1526,653000,1526000,3321.5538109311005,0.8876391890380433,0.6979663169496338,373.21247984999627,1003.2211309654998,630.0086511155037,0.0055680265363049425,False,False
437_pair_mean_input,1000,653,1527,653000,1527000,4518.253273946306,0.934413351304457,0.9264691364682099,296.3370901958033,332.23106488860947,35.893974692806296,0.00031723152250231893,False,False
437_pair_mean_input,1000,653,1528,653000,1528000,5681.970802786775,0.9613556609948125,0.9503722633629298,219.57600592046947,281.98335058022445,62.407344659754926,0.0005515571103834526,False,False
437_pair_mean_input,1000,653,1529,653000,1529000,3748.6086096949284,0.9672530861887915,0.9235959726853235,122.75536305363403,286.408794607163,163.65343155352912,0.0014463716459035632,False,False
437_pair_mean_input,1000,653,1530,653000,1530000,2871.156704331612,0.9856193751761588,0.9374242638432676,41.28902737544922,179.6647443948883,138.37571701943898,0.0012229668005038277,False,False
437_pair_mean_input,1000,653,1531,653000,1531000,3567.664615058713,0.9873919883527799,0.9851118156167185,44.981157020035425,53.116048606703295,8.13489158666789,7.189630197034604e-05,False,False
437_pair_mean_input,1000,653,1532,653000,1532000,3178.922743376717,0.930683961520779,0.8448465302670415,220.3503312023713,493.2208936479129,272.8705624455415,0.0024116343957865387,False,False
437_pair_mean_input,1000,653,1533,653000,1533000,4153.331106966921,0.9635732584223784,0.9205291824200923,151.29231891978088,330.0686187507243,178.77629983094357,0.0015800277976478194,False,False
437_pair_mean_input,1000,653,1534,653000,1534000,5202.340457868743,0.9579699659617287,0.9454755009596029,218.65454652289918,283.65500730288346,65.00046077998468,0.0005744751121340545,False,False
437_pair_mean_input,1000,653,1535,653000,1535000,4706.0909310976385,0.9537442736048651,0.9119129832748847,217.6836544994776,414.5455105575112,196.86185605803348,0.0017398682328830643,False,False
437_pair_mean_input,1000,653,1536,653000,1536000,4805.328896395547,0.976108305919308,0.9646581113086832,114.80744794979182,169.82939898157974,55.021951031788376,0.00048628488336123043,False,False
437_pair_mean_input,1000,653,1537,653000,1537000,4952.782598451973,0.9638763085160078,0.9338933015732436,178.91279057376414,327.41210560915164,148.49931503538755,0.0013124393217079076,False,False
437_pair_mean_input,1000,653,1538,653000,1538000,6148.020472582246,0.9570157887996504,0.9452499431221242,264.26781045754797,336.6044705602229,72.33666010267461,0.00063931255909932,False,False
437_pair_mean_input,1000,653,1539,653000,1539000,3885.9743990033685,0.984093791028314,0.891486948972332,61.81112084916958,421.67893825126384,359.86781740209426,0.0031805175267182813,False,False
437_pair_mean_input,1000,653,1540,653000,1540000,5421.2551437051025,0.9878617475131164,0.9817217858947983,65.8045637301093,99.09086223556785,33.286298505458944,0.00029418483864562605,False,False
437_pair_mean_input,1000,653,1541,653000,1541000,3309.0354400225415,0.9662091796243094,0.9347683401020452,111.81502217059597,215.85387441382952,104.03885224323358,0.0009194970403522733,False,False
437_pair_mean_input,1000,653,1542,653000,1542000,3251.0676193962,0.8873536044960201,0.7491026109221945,366.22104886468696,815.6843774219032,449.4633285572163,0.003972364087495212,False,False
437_pair_mean_input,1000,653,1543,653000,1543000,10489.000128189495,0.9795101866785781,0.9234432863162588,214.91765455497261,803.0033796425276,588.0857250875542,0.005197511045462301,False,False
437_pair_mean_input,1000,653,1544,653000,1544000,8297.656339475927,0.9443176586039648,0.8825063125233658,462.03293308167486,974.9222407388975,512.8893076572222,0.004532923905355886,False,False
437_pair_mean_input,1000,653,1545,653000,1545000,6467.203641345803,0.9300191573434281,0.8549445734002927,452.58036045302924,938.1029831025957,485.5226226495661,0.004291056705495179,False,False
437_pair_mean_input,1000,653,1546,653000,1546000,16174.367801520442,0.9894618940670081,0.9766084331602584,170.44720129159577,378.3438055198305,207.89660422823545,0.0018373935137253783,False,False
437_pair_mean_input,1000,653,1547,653000,1547000,14545.349365271863,0.9638668928350616,0.9569026931236315,525.568667366837,626.8653852191129,101.29671785227583,0.0008952620127412511,False,False
437_pair_mean_input,1000,653,1548,653000,1548000,12379.580697727497,0.971210581866896,0.9068855412538891,356.40092501937943,1152.717956172698,796.3170311533177,0.00703786265938171,False,False
437_pair_mean_input,1000,653,1549,653000,1549000,9383.985850697052,0.9685431661234859,0.911941213697139,295.19048400493557,826.3424046956031,531.1519206906669,0.004694329171477931,False,False
437_pair_mean_input,1000,653,1550,653000,1550000,9092.597394510974,0.9828146782617366,0.9787553226223474,156.25921166116677,193.16929817126996,36.9100865101027,0.00032621193499751525,False,False
437_pair_mean_input,1000,653,1551,653000,1551000,10383.321928120897,0.9241022915212257,0.9173653801818197,788.0703407417841,858.0218599800454,69.95151923826052,0.0006182326459864313,False,False
437_pair_mean_input,1000,653,1552,653000,1552000,9971.973354515683,0.9563771578198261,0.949487593544901,435.00581986893667,503.70837124271344,68.70255137377717,0.0006071942480213843,False,False
437_pair_mean_input,1000,653,1553,653000,1553000,7121.883629435896,0.9768949993206144,0.9642581847866931,164.55112609662137,254.54904865397316,89.99792255735156,0.0007954030791868899,False,False
437_pair_mean_input,1000,654,1509,654000,1509000,886.2467418113024,0.9231507808135323,0.6831953184192212,68.10737011474964,280.76711684153236,212.6597467267827,0.0018794902433197324,False,False
437_pair_mean_input,1000,654,1510,654000,1510000,723.0225542665675,0.7201809353207846,0.3102772415771858,202.3154948768481,498.68511053064583,296.3696156537977,0.002619319403936727,False,True
437_pair_mean_input,1000,654,1511,654000,1511000,277.92820350945846,0.5190212651529416,0.34717724518931803,133.6775557022951,181.4378554546285,47.76029975233341,0.00042210629319456124,False,True
437_pair_mean_input,1000,654,1512,654000,1512000,196.77120393930417,0.6003439545618738,0.2966646553962068,78.64080122248134,138.39614253075376,59.75534130827243,0.000528118662341067,False,True
437_pair_mean_input,1000,654,1513,654000,1513000,259.48027351673244,0.6351755824364806,0.2311791575934765,94.66473965496462,199.49384247300935,104.82910281804475,0.0009264812875734628,False,True
437_pair_mean_input,1000,654,1514,654000,1514000,297.9662452778596,0.8664406560753326,0.4575776050885365,39.79617623100745,161.62356436639317,121.82738813538572,0.0010767124051161408,False,True
437_pair_mean_input,1000,654,1515,654000,1515000,30.46031554210024,0.09899170479743175,0.217505666040204,27.44499697792003,23.83502432232095,-3.6099726555990808,-3.190499607603922e-05,True,True
437_pair_mean_input,1000,654,1516,654000,1516000,954.6319643700798,0.9082868258092612,0.7683131525000026,87.55232763632023,221.17567034763357,133.6233427113134,0.0011809652403486708,False,False
437_pair_mean_input,1000,654,1517,654000,1517000,2839.510916908366,0.8914811681398946,0.7649233964480547,308.14040775691274,667.5025820954886,359.36217433857564,0.003176048645234535,False,False
437_pair_mean_input,1000,654,1518,654000,1518000,4455.184676188862,0.8871017537215276,0.8196186296518799,502.98253678844685,803.6323170448925,300.64978025644587,0.002657147567161312,False,False
437_pair_mean_input,1000,654,1519,654000,1519000,1913.0908684619883,0.8570615626426379,0.7184508039485009,273.45421926059544,538.629195988937,265.17497672834156,0.0023436206861177766,False,False
437_pair_mean_input,1000,654,1520,654000,1520000,1831.5981446151084,0.9317449814607642,0.6745717148810844,125.01576531713408,596.0538432290824,471.0380779119482,0.004163042067406399,False,False
437_pair_mean_input,1000,654,1521,654000,1521000,1470.1675367041091,0.8857610053063469,0.6347049426634611,167.9504614243217,537.0449346146456,369.0944731903239,0.003262062858166112,False,False
437_pair_mean_input,1000,654,1522,654000,1522000,2966.156330092444,0.8445157235629925,0.5917915672638743,461.19067078347325,1210.810026757375,749.6193559739017,0.006625147859160551,False,False
437_pair_mean_input,1000,654,1523,654000,1523000,2166.6393395952864,0.9431799448238182,0.7386734576663075,123.10856682269036,566.200367100591,443.0918002779008,0.0039160524186423636,False,False
437_pair_mean_input,1000,654,1524,654000,1524000,5188.671697978827,0.9711951723947218,0.9393589603816106,149.4587937606666,314.64644600394985,165.18765224328308,0.001459931112901314,False,False
437_pair_mean_input,1000,654,1525,654000,1525000,4308.403425255381,0.9644081671979183,0.9012340100967223,153.3439743556055,425.5237291980199,272.17975484241424,0.0024055290271398017,False,False
437_pair_mean_input,1000,654,1526,654000,1526000,5050.581030414583,0.9695753705397465,0.8856130068847413,153.66205640934913,577.7207775540891,424.05872114474005,0.0037478377608064963,False,False
437_pair_mean_input,1000,654,1527,654000,1527000,4512.899619247343,0.9418858709671398,0.9297961507379849,262.2632307852855,316.82292460424566,54.55969381896011,0.0004821994467198941,False,False
437_pair_mean_input,1000,654,1528,654000,1528000,5117.7135648799485,0.9835647565097287,0.9732462445473309,84.11086855226586,136.9180571916056,52.807188639339984,0.0004667107779089832,False,False
437_pair_mean_input,1000,654,1529,654000,1529000,2823.993894526047,0.8147716243596439,0.6189911086106432,523.0838019013427,1075.9667830436813,552.8829811423386,0.004886388631364255,False,False
437_pair_mean_input,1000,654,1530,654000,1530000,2367.737531386727,0.9283928682328834,0.7942882289513942,169.54689339995684,487.0714809598175,317.5245875598607,0.0028062873840417318,False,False
437_pair_mean_input,1000,654,1531,654000,1531000,2698.634303867937,0.9626285689801777,0.7370649382232907,100.85182573472684,709.565577400263,608.7137516655362,0.005379821874328601,False,False
437_pair_mean_input,1000,654,1532,654000,1532000,1215.6675924698545,0.7280614902318605,0.5694262040974221,330.58683346967416,523.4346098454935,192.8477763758193,0.001704391732441623,False,False
437_pair_mean_input,1000,654,1533,654000,1533000,1514.1186582063674,0.6489597874723267,0.5059463860803594,531.5165355688787,748.0557949900129,216.53925942113426,0.001913777438569883,False,False
437_pair_mean_input,1000,654,1534,654000,1534000,4470.355777352271,0.9586587942925707,0.897534657209737,184.80989777691502,458.05653712083296,273.2466393439181,0.0024149581694301934,False,False
437_pair_mean_input,1000,654,1535,654000,1535000,5192.145651549079,0.972315580041569,0.9591492070476947,143.74154070282566,212.1032669896438,68.36172628681834,0.0006041820304509349,False,False
437_pair_mean_input,1000,654,1536,654000,1536000,4941.765175466194,0.975718718248655,0.8940856016437198,119.99239257447971,523.4040853775197,403.41169280303984,0.0035653589940484983,False,False
437_pair_mean_input,1000,654,1537,654000,1537000,6218.921292769899,0.9766730574975834,0.9344303653280421,145.0684194234982,407.7723972205822,262.703977797084,0.002321781958036722,False,False
437_pair_mean_input,1000,654,1538,654000,1538000,7464.291978774293,0.9650529207138226,0.9576526988349235,260.8552035974026,316.0926204092195,55.23741681181673,0.0004881891733717553,False,False
437_pair_mean_input,1000,654,1539,654000,1539000,5820.644508808124,0.9723706563036122,0.9709129078305893,160.82058766835235,169.3056233130764,8.485035644724121,7.499088075642234e-05,False,False
437_pair_mean_input,1000,654,1540,654000,1540000,6227.080496160352,0.9728113292283918,0.9043215271056602,169.30604147840677,595.7975524627504,426.49151098434413,0.003769338796324317,False,False
437_pair_mean_input,1000,654,1541,654000,1541000,6577.275985380994,0.9894577175003522,0.9842105311749113,69.33950151603585,103.85169412517772,34.51219260914149,0.00030501931034362305,False,False
437_pair_mean_input,1000,654,1542,654000,1542000,2353.0539308537896,0.9031481416603172,0.8482070723582584,227.897645976685,357.17694506320487,129.2792990865198,0.0011425725133045424,False,False
437_pair_mean_input,1000,654,1543,654000,1543000,7474.7720768382105,0.9778403172555294,0.9400520634030382,165.63857780996204,448.09716253903787,282.4585847290755,0.0024963734901003606,False,False
437_pair_mean_input,1000,654,1544,654000,1544000,10090.906317702947,0.9433453973205067,0.8383482444743535,571.6962881054496,1631.2127211015184,1059.516432996068,0.009364023183058935,False,False
437_pair_mean_input,1000,654,1545,654000,1545000,11553.85750563476,0.9707662121233501,0.9574822539872475,337.7630194767662,491.24397889211275,153.48095941534666,0.0013564671744253798,False,False
437_pair_mean_input,1000,654,1546,654000,1546000,19545.77135622293,0.9810588569425462,0.978981334055886,370.2192514265007,410.8260387564807,40.60678732997985,0.0003588834359767653,False,False
437_pair_mean_input,1000,654,1547,654000,1547000,12944.505107374833,0.9725490403234901,0.9759302186076653,355.33908773492294,311.5714081664727,-43.76767956845106,-0.000386819452142647,False,False
437_pair_mean_input,1000,654,1548,654000,1548000,11214.10831774501,0.9502724763074342,0.886176753286241,557.6498370616646,1276.4262177255068,718.7763806638432,0.006352557149999767,False,False
437_pair_mean_input,1000,654,1549,654000,1549000,6210.972752480479,0.9032551730598237,0.8320180527027832,600.8794840688743,1043.3312975716256,442.45181350275107,0.0039103962052862325,False,False
437_pair_mean_input,1000,654,1550,654000,1550000,10647.382915067923,0.9746662774889886,0.9549119257580827,269.73784423881443,480.06999135670435,210.3321471178897,0.0018589188807435805,False,False
437_pair_mean_input,1000,654,1551,654000,1551000,10384.081091877555,0.9786136746613401,0.9692911535141788,222.07733657392055,318.88315214678613,96.80581557286496,0.0008555713465584344,False,False
437_pair_mean_input,1000,654,1552,654000,1552000,11870.272681671286,0.960075046132859,0.9549400138029123,473.9200892061108,534.8743231917757,60.95423398566527,0.0005387144950015953,False,False
437_pair_mean_input,1000,654,1553,654000,1553000,6634.806278467573,0.9570846664737357,0.9249937110968389,284.7349243225881,497.6521965392458,212.9172722166577,0.0018817662577186773,False,False
437_pair_mean_input,1000,655,1509,655000,1509000,1268.53335024085,0.867963385057345,0.6282725080676625,167.4928495076672,471.5487207175566,304.05587120988935,0.002687250653492367,False,False
437_pair_mean_input,1000,655,1510,655000,1510000,508.45775862980753,0.8982071890737251,0.4471264781764732,51.75734448820151,281.1128317121584,229.35548722395689,0.0020270474649022076,False,True
437_pair_mean_input,1000,655,1511,655000,1511000,152.9484572919911,0.2968964337867317,0.15724608878098595,107.53860576881671,128.89791059773984,21.359304828923126,0.00018877387774579338,True,True
437_pair_mean_input,1000,655,1512,655000,1512000,300.808791284433,0.8148624769074579,0.38464056392414564,55.690994542861375,185.10552817144807,129.4145336285867,0.0011437677183505687,False,True
437_pair_mean_input,1000,655,1513,655000,1513000,132.11112778451024,0.5229333401716959,0.16775347706451263,63.025814458306556,109.94902673974451,46.923212281437955,0.00041470810073656624,False,True
437_pair_mean_input,1000,655,1514,655000,1514000,391.7763161496553,0.7540813553670472,0.430687876804738,96.34510066681446,223.0430063647785,126.69790569796402,0.0011197581172439942,False,True
437_pair_mean_input,1000,655,1515,655000,1515000,688.944365951695,0.8729017435752877,0.6776433491783482,87.56362768608938,222.08579841063482,134.52217072454545,0.0011889090967074508,False,False
437_pair_mean_input,1000,655,1516,655000,1516000,1793.6862474269087,0.9696005418734727,0.9281214217149851,54.5270899707823,128.9276173544296,74.40052738364739,0.0006575530511425967,False,False
437_pair_mean_input,1000,655,1517,655000,1517000,2281.7439248334044,0.5792711037719284,0.5052106194813226,959.9956029702664,1128.9826630705757,168.98706010030924,0.0014935103403178097,False,False
437_pair_mean_input,1000,655,1518,655000,1518000,2039.2874527447236,0.6645537887516529,0.42491912660915665,684.07124966951,1172.7552094194239,488.6839597499138,0.004318996653357441,False,True
437_pair_mean_input,1000,655,1519,655000,1519000,2353.133029101951,0.7458463079162537,0.5675070961334618,598.0574473104703,1017.7133369405658,419.65588963009554,0.003708925465451483,False,False
437_pair_mean_input,1000,655,1520,655000,1520000,2659.14971057622,0.8502932458331472,0.7882309782929419,398.09267201409193,563.1255327813329,165.0328607672409,0.0014585630633599772,False,False
437_pair_mean_input,1000,655,1521,655000,1521000,1905.1620456113333,0.8100238853260718,0.659238429671711,361.9352832494742,649.2060103923733,287.2707271428992,0.00253890328172974,False,False
437_pair_mean_input,1000,655,1522,655000,1522000,701.4270209610856,0.5928177357361661,0.39788862037099104,285.6086426107705,422.33719129994506,136.72854868917454,0.0012084091004525121,False,True
437_pair_mean_input,1000,655,1523,655000,1523000,2459.0272585376947,0.9776174720935636,0.8932673317641084,55.03924623690773,262.4585405685177,207.41929433160976,0.0018331750412238549,False,False
437_pair_mean_input,1000,655,1524,655000,1524000,5455.20415932078,0.9931350350379942,0.9931350350379943,37.44978541432556,37.449785414325056,-9.094947017729282e-13,-8.038128722730795e-18,False,False
437_pair_mean_input,1000,655,1525,655000,1525000,3256.119679012742,0.9657262398128146,0.7145203594387568,111.59946501925788,929.5558755889482,817.9564105696904,0.007229111840811514,False,False
437_pair_mean_input,1000,655,1526,655000,1526000,3664.8748125994202,0.9778533914710636,0.9439783767841807,81.1645477821985,205.312235884591,124.1476881023923,0.0010972192533405336,False,False
437_pair_mean_input,1000,655,1527,655000,1527000,3823.180062984895,0.985367342545615,0.8289957198876157,55.94328424809191,653.7801544107522,597.83687016266,0.00528369182161738,False,False
437_pair_mean_input,1000,655,1528,655000,1528000,3273.0012310728303,0.9116503217594745,0.8393062468384535,289.1686056461285,525.9508519234554,236.78224627732698,0.0020926852802158366,False,False
437_pair_mean_input,1000,655,1529,655000,1529000,2152.917629504271,0.8011841512352982,0.5401011018637314,428.0341458303815,990.1244455871617,562.0902997567803,0.004967763060560826,False,False
437_pair_mean_input,1000,655,1530,655000,1530000,4176.609156105682,0.9610136471827669,0.9162818622875295,162.83075813962205,349.65794050202067,186.82718236239862,0.0016511816262443683,False,False
437_pair_mean_input,1000,655,1531,655000,1531000,5723.893926587478,0.9889010219230642,0.9820314689355898,63.52937320590081,102.84996582927603,39.32059262337498,0.00034751602658556017,False,False
437_pair_mean_input,1000,655,1532,655000,1532000,6403.429053166034,0.9637543522093591,0.8569775605572406,232.09643411341312,915.8340439824451,683.737609869032,0.006042883933227944,False,False
437_pair_mean_input,1000,655,1533,655000,1533000,2094.654135583753,0.8489491566341599,0.6252281114072095,316.39927373967066,785.0174863414222,468.61821260175157,0.004141655259086225,False,False
437_pair_mean_input,1000,655,1534,655000,1534000,4796.678585728503,0.9835804861005532,0.9711925810443619,78.75913070954812,138.17992961461863,59.420798905070114,0.0005251619712301569,False,False
437_pair_mean_input,1000,655,1535,655000,1535000,6100.722342220337,0.9782900905130895,0.9690059125847683,132.44612985437652,189.08632157083412,56.64019171645759,0.000500586920418043,False,False
437_pair_mean_input,1000,655,1536,655000,1536000,5507.309795616756,0.9878271812844422,0.9779812728225041,67.03948375245818,121.26395187163587,54.2244681191778,0.00047923671662287976,False,False
437_pair_mean_input,1000,655,1537,655000,1537000,6449.002687236608,0.9650636663201856,0.9218652680699174,225.30450978331828,503.89109618361454,278.58658640029626,0.0024621527069333396,False,False
437_pair_mean_input,1000,655,1538,655000,1538000,6252.331842446386,0.9579183155565169,0.9115653836598172,263.1086556297705,552.9225677182543,289.81391208848345,0.002561379990960116,False,False
437_pair_mean_input,1000,655,1539,655000,1539000,7173.892422952774,0.9929838522741493,0.9928807749999629,50.33308900879729,51.072554285062424,0.7394652762650367,6.535405940266884e-06,False,False
437_pair_mean_input,1000,655,1540,655000,1540000,4405.313013286825,0.9865674933470077,0.9829363214188459,59.17439635948904,75.1708453081018,15.996448948612851,0.00014137687169028115,False,False
437_pair_mean_input,1000,655,1541,655000,1541000,6191.624621366908,0.9914671801204755,0.9911857263635803,52.83201765575268,54.57467366672166,1.742656010968858,1.5401621700821653e-05,False,False
437_pair_mean_input,1000,655,1542,655000,1542000,3196.404074584568,0.9300122087385675,0.7709400685877899,223.70926115921702,732.1680980900502,508.45883693083306,0.004493767334205351,False,False
437_pair_mean_input,1000,655,1543,655000,1543000,8229.375097145543,0.9859692818018688,0.9686982063627988,115.46404293476735,257.59420105397237,142.13015811920468,0.001256148611000358,False,False
437_pair_mean_input,1000,655,1544,655000,1544000,14084.228712389564,0.9864054278355975,0.9844054209607261,191.4690636105297,219.63761786256936,28.16855425203903,0.0002489541330694261,False,False
437_pair_mean_input,1000,655,1545,655000,1545000,14044.287315256424,0.9883041262055139,0.9858179824424842,164.26021197274167,199.17632928776308,34.91611731502053,0.00030858920335544344,False,False
437_pair_mean_input,1000,655,1546,655000,1546000,19749.943872258627,0.991497237163852,0.9909597384081185,167.92908877304944,178.5446590301958,10.61557025714501,9.382057974146179e-05,False,False
437_pair_mean_input,1000,655,1547,655000,1547000,7937.693164496826,0.9809757380105987,0.959431782682916,151.00875435286798,322.0180612936398,171.00930694077215,0.0015113829902420912,False,False
437_pair_mean_input,1000,655,1548,655000,1548000,9572.880704355728,0.9733935738371011,0.9469451690955947,254.70014362668007,507.8875670376377,253.18742341095822,0.0022376744981434087,False,False
437_pair_mean_input,1000,655,1549,655000,1549000,10775.73133200205,0.9815170946128997,0.9740936474525965,199.1668226862057,279.15989484294676,79.99307215674162,0.0007069800513066837,False,False
437_pair_mean_input,1000,655,1550,655000,1550000,9435.54214936041,0.9670455750272084,0.9335250259892052,310.9428658387096,627.2274191564925,316.2845533177824,0.0027953279415744046,False,False
437_pair_mean_input,1000,655,1551,655000,1551000,12167.903879198302,0.9795875595713075,0.9332433576361862,248.37661307619237,812.2884075809042,563.911794504711,0.004983861460280037,False,False
437_pair_mean_input,1000,655,1552,655000,1552000,7893.848285062015,0.9583329487848757,0.9394350251455602,328.91338077809996,478.0907228895436,149.17734211144398,0.0013184317358519528,False,False
437_pair_mean_input,1000,655,1553,655000,1553000,8247.168887248017,0.9757524591974729,0.9693365956503779,199.97356409887834,252.88627432930903,52.912710230431,0.00046764337941899043,False,False
437_pair_mean_input,1000,656,1509,656000,1509000,463.6584488715654,0.419192822285961,0.3478267627190478,269.29615511236295,302.38563159323365,33.0894764808707,0.0002924453224439101,True,True
437_pair_mean_input,1000,656,1510,656000,1510000,293.2883954258022,0.33995613266432423,0.19521439844260022,193.5832067615214,236.03427774255877,42.45107098103736,0.00037518324438634684,True,True
437_pair_mean_input,1000,656,1511,656000,1511000,513.5444540044242,0.7807227868747001,0.5444706685623868,112.6085966900439,233.93456179612946,121.32596510608556,0.0010722808203623216,False,False
437_pair_mean_input,1000,656,1512,656000,1512000,546.179424958987,0.7745135615220344,0.6375026898694491,123.15605330394527,197.98857239628387,74.8325190923386,0.0006613710007742367,False,False
437_pair_mean_input,1000,656,1513,656000,1513000,277.19860424869205,0.6428889941112259,0.3400442255258992,98.99067239421461,182.93881955008533,83.94814715587071,0.0007419350674151683,False,True
437_pair_mean_input,1000,656,1514,656000,1514000,316.20531542288086,0.8282197919635463,0.681972388749222,54.31781486557492,100.56202112873761,46.24420626316268,0.0004087070346855314,False,False
437_pair_mean_input,1000,656,1515,656000,1515000,583.1739861071521,0.8351216290450033,0.5335006196425319,96.15277681267912,272.0503031595812,175.89752634690205,0.001554585151546416,False,False
437_pair_mean_input,1000,656,1516,656000,1516000,456.24335188855235,0.8693756460010613,0.6102495038484194,59.59649310675263,177.82107276442346,118.22457965767086,0.001044870726158842,False,False
437_pair_mean_input,1000,656,1517,656000,1517000,608.736203032457,0.47896850686273224,0.42571296901596345,317.17073279271204,349.5893066920054,32.418573899293335,0.00028651587469603564,True,True
437_pair_mean_input,1000,656,1518,656000,1518000,888.5650873254729,0.5561507198550303,0.41590988771782994,394.3889743713633,519.0020816259516,124.61310725458839,0.0011013326352525819,False,True
437_pair_mean_input,1000,656,1519,656000,1519000,380.92522812237354,0.07821944901638571,0.03395738922248857,351.12946666220046,367.9900018863568,16.860535224156408,0.00014901368001563436,True,True
437_pair_mean_input,1000,656,1520,656000,1520000,1420.1382123462213,0.7682529084200813,0.5276446993412698,329.1129003527417,670.809812269751,341.6969119170093,0.0030199227733756122,False,False
437_pair_mean_input,1000,656,1521,656000,1521000,2333.9567416234777,0.8454874549156071,0.7067282766558346,360.6255962651205,684.4835158266503,323.8579195615298,0.0028622614735817455,False,False
437_pair_mean_input,1000,656,1522,656000,1522000,1011.0109079304893,0.8729071577287173,0.6462390521316963,128.49224985615604,357.6561770946842,229.16392723852823,0.002025354454686757,False,False
437_pair_mean_input,1000,656,1523,656000,1523000,2739.954388892666,0.9807948107213248,0.8622478490977211,52.62134265362056,377.43461044410384,324.8132677904832,0.00287070485651118,False,False
437_pair_mean_input,1000,656,1524,656000,1524000,3758.6906619612146,0.9865335882924753,0.9725404148307364,50.616075935198296,103.2120863570398,52.596010421841584,0.00046484438144468276,False,False
437_pair_mean_input,1000,656,1525,656000,1525000,3168.733154012434,0.9643996544516215,0.9417458312260066,112.80799523344604,184.59191595358865,71.78392072014276,0.0006344274395947722,False,False
437_pair_mean_input,1000,656,1526,656000,1526000,2948.281821229986,0.9133660515816504,0.7967338216286095,255.42129522319647,599.2859785632623,343.86468334006577,0.0030390815718886965,False,False
437_pair_mean_input,1000,656,1527,656000,1527000,3958.1205245025258,0.8988826168505178,0.6913295755946585,400.23478962795116,1221.7547421456877,821.5199525177363,0.007260606481551483,False,False
437_pair_mean_input,1000,656,1528,656000,1528000,4603.0086770791195,0.9761130380639028,0.9633865269358808,109.95189306091379,168.53213421214338,58.58024115122953,0.0005177331083559816,False,False
437_pair_mean_input,1000,656,1529,656000,1529000,4125.268954019998,0.9005119879295138,0.7358385012899257,410.41480749154334,1089.7372294760635,679.3224219845201,0.006003862432078388,False,False
437_pair_mean_input,1000,656,1530,656000,1530000,5224.743605205882,0.9641385939964625,0.9432239071674147,187.3666516906742,296.6405279556257,109.27387626495147,0.0009657642663967218,False,False
437_pair_mean_input,1000,656,1531,656000,1531000,7702.488952079865,0.9922153425852983,0.9909483937219092,59.96123773246654,69.71989735557085,9.758659623103995,8.624718985049107e-05,False,False
437_pair_mean_input,1000,656,1532,656000,1532000,10803.636237087132,0.9927282806309782,0.992316053813457,78.56101088109244,83.01455946476344,4.453548583671363,3.936053362235364e-05,False,False
437_pair_mean_input,1000,656,1533,656000,1533000,6301.939047967131,0.9543594284390642,0.9191287885865619,287.62410009139967,509.64544506275075,222.02134497135103,0.0019622281983552505,False,False
437_pair_mean_input,1000,656,1534,656000,1534000,4550.7496835332295,0.9895285126582632,0.979716044861179,47.65311770653079,92.30720242879177,44.65408472226136,0.00039465351507113897,False,False
437_pair_mean_input,1000,656,1535,656000,1535000,5932.433667415068,0.973363948332044,0.9650537968463035,158.0166096819894,207.31603213731546,49.29942245532584,0.0004357090842637271,False,False
437_pair_mean_input,1000,656,1536,656000,1536000,5866.662148280614,0.9859708164873349,0.9819757432009178,82.30447988503511,105.74222511406475,23.437745229030043,0.00020714316724909233,False,False
437_pair_mean_input,1000,656,1537,656000,1537000,6848.181874171179,0.9880145613348843,0.9847727868193323,82.0784638204359,104.27872529798876,22.200261477552885,0.00019620626605849624,False,False
437_pair_mean_input,1000,656,1538,656000,1538000,6777.269396393572,0.9815720975230056,0.9804219681010192,124.89085949705986,132.68559643057952,7.794736933519744,6.889000970463991e-05,False,False
437_pair_mean_input,1000,656,1539,656000,1539000,7997.446969591637,0.992616705508417,0.9924005077469549,59.047506157313364,60.77653628955086,1.7290301322373125,1.5281195966629935e-05,False,False
437_pair_mean_input,1000,656,1540,656000,1540000,6922.870880939596,0.9799023930315478,0.9816652389418002,139.1331380584661,126.92918343879633,-12.203954619670185,-0.00010785874614557761,False,False
437_pair_mean_input,1000,656,1541,656000,1541000,6911.166887328151,0.9794830444166571,0.9748283992149166,141.7961040563814,173.9651338469117,32.16902979053066,0.00028431039987103295,False,False
437_pair_mean_input,1000,656,1542,656000,1542000,5208.179114381119,0.986771069181144,0.9864677408896917,68.89864119635877,70.47842926870136,1.5797880723430353,1.3962192253978064e-05,False,False
437_pair_mean_input,1000,656,1543,656000,1543000,12444.036783259413,0.9921624772761879,0.9912704955330387,97.53042106475004,108.63027468649379,11.099853621743023,9.810068386447393e-05,False,False
437_pair_mean_input,1000,656,1544,656000,1544000,9711.072531566131,0.9816544181579826,0.9767210805962876,178.155275901614,226.06327478593337,47.90799888431866,0.00042341166048567207,False,False
437_pair_mean_input,1000,656,1545,656000,1545000,15235.305417629894,0.9655131010481232,0.9499960292190125,525.4184384387845,761.8257669425858,236.40732850380118,0.0020893717509361544,False,False
437_pair_mean_input,1000,656,1546,656000,1546000,17216.00989608955,0.98882993784436,0.9816932523441227,192.30390061143407,315.16914880879693,122.86524819736223,0.0010858850289457093,False,False
437_pair_mean_input,1000,656,1547,656000,1547000,7583.288830495757,0.9621467188327074,0.914237847942877,287.0523642735452,650.3591697740596,363.3068055005142,0.0032109113585428676,False,False
437_pair_mean_input,1000,656,1548,656000,1548000,5686.1724195359075,0.9045100574402242,0.5547710512603221,542.9722777264651,2531.648568702523,1988.6762909760578,0.017575952870915564,False,False
437_pair_mean_input,1000,656,1549,656000,1549000,15323.203033155765,0.9716558508930727,0.9351887814996235,434.323151567487,993.1154599074906,558.7923083400037,0.004938615359664016,False,False
437_pair_mean_input,1000,656,1550,656000,1550000,11594.279728448597,0.9644813678136074,0.9461484384527273,411.81295714091357,624.3700683928454,212.55711125193193,0.0018785831493512233,False,False
437_pair_mean_input,1000,656,1551,656000,1551000,11463.460285569632,0.9903306841914724,0.9900022199750571,110.84381775968723,114.60915425979422,3.7653365001078782,3.327810421903953e-05,False,False
437_pair_mean_input,1000,656,1552,656000,1552000,8418.948665693495,0.986753588860179,0.9783878599326716,111.52085539082327,181.95149778261506,70.43064239179148,0.0006224671440814891,False,False
437_pair_mean_input,1000,656,1553,656000,1553000,5076.226744539073,0.9861437769420214,0.9664017707685906,70.33733006521015,170.55222979363498,100.21489972842483,0.0008857008868576738,False,False
437_pair_mean_input,1000,657,1509,657000,1509000,1126.2399062066966,0.8408772613490804,0.6634633719722054,179.2103782535644,379.02098038514134,199.81060213157696,0.0017659292978497816,False,False
437_pair_mean_input,1000,657,1510,657000,1510000,1102.5999552554424,0.6592674010301004,0.47157248138168834,375.6917483782819,582.6441583842949,206.952410006013,0.0018290487100858543,False,True
437_pair_mean_input,1000,657,1511,657000,1511000,130.87975615918455,0.13243718397933676,0.11084403602479942,113.54640981355989,116.37251575255894,2.826105938999042,2.4977169495837143e-05,True,True
437_pair_mean_input,1000,657,1512,657000,1512000,154.122077580681,0.6357781780893486,0.23343783785474878,56.13462389309041,118.14415302456497,62.00952913147458,0.0005480412103809731,False,True
437_pair_mean_input,1000,657,1513,657000,1513000,308.06099021177164,0.6656008706804399,0.5070210449643069,103.01532690413796,151.86758504186005,48.85225813772209,0.0004317570388718141,False,False
437_pair_mean_input,1000,657,1514,657000,1514000,574.8710866580082,0.9010483778247826,0.7897556303416575,56.884426566439856,120.8634092492193,63.97898268277942,0.0005654472723711836,False,False
437_pair_mean_input,1000,657,1515,657000,1515000,258.5159016425176,0.7021153929250608,0.41709730963834896,77.00790778340499,150.68961456869144,73.68170678528647,0.0006512001031958829,False,True
437_pair_mean_input,1000,657,1516,657000,1516000,140.86214346853103,0.3565801496710206,0.24891888516819147,90.63349926754145,105.79889575394245,15.165396486400986,0.000134032016735569,True,True
437_pair_mean_input,1000,657,1517,657000,1517000,147.7949666963621,0.2295258339450579,0.09057192729230643,113.87220371249754,134.40889171857035,20.536688006072815,0.0001815035771066968,True,True
437_pair_mean_input,1000,657,1518,657000,1518000,487.82296434657036,0.5721178469596796,0.3351716195587178,208.730740287122,324.31855132859573,115.58781104147371,0.0010215669229506061,False,True
437_pair_mean_input,1000,657,1519,657000,1519000,822.0948305660178,0.33640167084944783,0.30118541006656674,545.5407559669156,574.491861908387,28.951105941471326,0.0002558703374184842,True,True
437_pair_mean_input,1000,657,1520,657000,1520000,846.9063012496794,0.8514641372278836,0.7100622006495295,125.79595814326308,245.55014924037863,119.75419109711561,0.0010583894565286294,False,False
437_pair_mean_input,1000,657,1521,657000,1521000,1605.0358562382655,0.6856053172020117,0.6212946631323357,504.614738901427,607.8356446213924,103.22090571996534,0.0009122680158955902,False,False
437_pair_mean_input,1000,657,1522,657000,1522000,1477.8291618334483,0.9581950775710388,0.7695865988069659,61.780533473704054,340.5116435602957,278.73111008659157,0.0024634300095846477,False,False
437_pair_mean_input,1000,657,1523,657000,1523000,1821.299811211451,0.8782499488910889,0.8272160292360669,221.74334509964433,314.6914133327163,92.94806823307204,0.0008214765138600359,False,False
437_pair_mean_input,1000,657,1524,657000,1524000,2733.103867248096,0.8815613785904334,0.7622298537183917,323.70505420601967,649.8505063184091,326.14545211238965,0.0028824787228580798,False,False
437_pair_mean_input,1000,657,1525,657000,1525000,3308.665924475605,0.7816939369446416,0.5411609886822458,722.301831937687,1518.1450015671298,795.8431696294429,0.007033674663653719,False,False
437_pair_mean_input,1000,657,1526,657000,1526000,5206.158800378657,0.9535867033013278,0.884745923747577,241.63499306237827,600.0310233610649,358.39603029868704,0.0031675098487553635,False,False
437_pair_mean_input,1000,657,1527,657000,1527000,10154.119100625787,0.9930908172359836,0.9930841836624507,70.1566646738138,70.22402276952964,0.0673580957154627,5.953119274070156e-07,False,False
437_pair_mean_input,1000,657,1528,657000,1528000,9422.061936271106,0.9820648653254714,0.9463766968469712,168.98594973877152,505.2420835352787,336.25613379650713,0.0029718370893148244,False,False
437_pair_mean_input,1000,657,1529,657000,1529000,8659.52398862364,0.9841580787091929,0.9823631626548466,137.1834974436315,152.7266160738093,15.54311863017756,0.00013737033108438636,False,False
437_pair_mean_input,1000,657,1530,657000,1530000,6362.8021292688245,0.9326660515655869,0.8228646965741673,428.4325904705611,1127.0768858065678,698.6442953360065,0.006174629457835428,False,False
437_pair_mean_input,1000,657,1531,657000,1531000,3814.9692367665066,0.82122993603165,0.6217201874612305,682.002294494036,1443.1258477252068,761.1235532311707,0.006726822138543766,False,False
437_pair_mean_input,1000,657,1532,657000,1532000,6952.13033783552,0.9844066928338482,0.9555325361564436,108.40670381699238,309.14360443339234,200.7369006163999,0.0017741159386759052,False,False
437_pair_mean_input,1000,657,1533,657000,1533000,3175.5346926742823,0.8262485435240036,0.7440111922117784,551.7537779422123,812.9013400678264,261.14756212561406,0.00230802633143553,False,False
437_pair_mean_input,1000,657,1534,657000,1534000,3896.405275778207,0.9287329215505156,0.8055688449114083,277.68542045987033,757.5825784628393,479.8971580029688,0.0042413387589624795,False,False
437_pair_mean_input,1000,657,1535,657000,1535000,3396.851401123133,0.6596152289361031,0.5482663991769393,1156.236486509375,1534.4719148902118,378.23542838083677,0.003342850766360437,False,False
437_pair_mean_input,1000,657,1536,657000,1536000,4411.905684564946,0.880199950212993,0.8226140751573067,528.5465206664594,782.6099701752889,254.0634495088293,0.0022454168308094847,False,False
437_pair_mean_input,1000,657,1537,657000,1537000,7525.788791203318,0.9521983476650702,0.9114056637557547,359.74513934321294,666.742262671039,306.99712332782656,0.0027132454867595615,False,False
437_pair_mean_input,1000,657,1538,657000,1538000,8317.736461188648,0.947808410744773,0.8997384343688956,434.1158849155836,833.9492801056961,399.83339519011224,0.00353373394250627,False,False
437_pair_mean_input,1000,657,1539,657000,1539000,12442.898615621436,0.9491408098634013,0.9073075875650862,632.8357465423105,1153.3622903649998,520.5265438226888,0.004600421920753059,False,False
437_pair_mean_input,1000,657,1540,657000,1540000,5642.724902755196,0.9256941938038022,0.7789644495153273,419.28722304258645,1247.2428051140662,827.9555820714795,0.0073174846784931,False,False
437_pair_mean_input,1000,657,1541,657000,1541000,7972.693152902358,0.9236769401956271,0.7667333344876174,608.5003363108808,1859.7635469309375,1251.2632106200563,0.011058684270920075,False,False
437_pair_mean_input,1000,657,1542,657000,1542000,7688.762755958945,0.9198278537282135,0.7910262192707523,616.4246123198045,1606.7498222429704,990.3252099231659,0.008752510046743793,False,False
437_pair_mean_input,1000,657,1543,657000,1543000,19455.82949035066,0.9851078008221394,0.9831935685768648,289.7400879407942,326.98306410978995,37.24297616899639,0.0003291540191277882,False,False
437_pair_mean_input,1000,657,1544,657000,1544000,13554.905577460097,0.9751294393919092,0.9632091764183851,337.11810070116917,498.69613976578216,161.5780390646123,0.0014280292938881173,False,False
437_pair_mean_input,1000,657,1545,657000,1545000,19729.844882654506,0.9669136005374414,0.9579963960406492,652.7895291218265,828.7245906304432,175.93506150861504,0.0015549168879060555,False,False
437_pair_mean_input,1000,657,1546,657000,1546000,8961.027643646157,0.8990322843105257,0.7828160017624511,904.7744914091845,1946.1918119642737,1041.4173205550887,0.009204062937788488,False,False
437_pair_mean_input,1000,657,1547,657000,1547000,7838.447442021777,0.9445710538942855,0.9122804422161294,434.47688081630076,687.5851433262623,253.1082625099616,0.002236974872834127,False,False
437_pair_mean_input,1000,657,1548,657000,1548000,14089.156336678068,0.9920888217213366,0.9914682397792365,111.4618275754201,120.2053035773882,8.743476001967792,7.727498076780626e-05,False,False
437_pair_mean_input,1000,657,1549,657000,1549000,8076.604357690377,0.8865181790475969,0.778143779898499,916.5477696228181,1791.844914052498,875.29714442968,0.007735890163900105,False,False
437_pair_mean_input,1000,657,1550,657000,1550000,10675.047313471427,0.9418315966448927,0.878182718544811,620.9504579648601,1300.405243132608,679.4547851677471,0.006005032260009056,False,False
437_pair_mean_input,1000,657,1551,657000,1551000,11597.051622285755,0.985022408163925,0.9842359972974631,173.69590570048786,182.81595311517214,9.12004741468445,8.060312493710875e-05,False,False
437_pair_mean_input,1000,657,1552,657000,1552000,9565.195084217745,0.9865244523754227,0.9850834443282847,128.89624189574897,142.67976498455198,13.783523088803122,0.00012181899754287201,False,False
437_pair_mean_input,1000,657,1553,657000,1553000,3403.347418042206,0.8866291484321872,0.7599795331679481,385.8403949645617,816.8730360701488,431.0326411055871,0.0038094733769767006,False,False
437_pair_mean_input,1000,658,1509,658000,1509000,401.7537377740606,0.7426575188717245,0.5556362093806578,103.38830368133534,178.52481381277076,75.13651013143541,0.0006640576784404767,False,False
437_pair_mean_input,1000,658,1510,658000,1510000,1414.561106361458,0.7508949667327545,0.6100875968358801,352.3742914587226,551.5549204038923,199.1806289451697,0.0017603615847511355,False,False
437_pair_mean_input,1000,658,1511,658000,1511000,58.38207311527255,0.022120449988952132,0.009803089480717205,57.09063538667481,57.80974842845376,0.7191130417789422,6.3555325663203124e-06,True,True
437_pair_mean_input,1000,658,1512,658000,1512000,54.06911729825381,0.10867967448862169,0.15430743483546552,48.19290323039248,45.725850504142365,-2.467052726250113,-2.180385145807412e-05,True,True
437_pair_mean_input,1000,658,1513,658000,1513000,361.54297891298313,0.6697952022267891,0.32166766122638846,119.38322623828583,245.24629445322236,125.86306821493653,0.0011123798102147678,False,True
437_pair_mean_input,1000,658,1514,658000,1514000,487.554397231132,0.7351662953762734,0.4532611392930503,129.12083722430867,266.56493567481266,137.44409845050401,0.0012147331406892209,False,True
437_pair_mean_input,1000,658,1515,658000,1515000,591.4163064634207,0.8309459135326611,0.7165856136068013,99.98134341106135,167.61588959926235,67.634546188201,0.0005977552011072347,False,False
437_pair_mean_input,1000,658,1516,658000,1516000,462.22262662248465,0.6228109515315893,0.4444437323336664,174.34531271630448,256.79067727731683,82.44536456101238,0.0007286534508029952,False,True
437_pair_mean_input,1000,658,1517,658000,1517000,380.88593524014476,0.8522476866764177,0.37138342740181607,56.276778044147534,239.43121116151363,183.1544331173661,0.0016187218096667293,False,True
437_pair_mean_input,1000,658,1518,658000,1518000,200.959175810074,0.09125730961607191,0.07130551307975504,182.62018208298343,186.62967867085194,4.009496587868528,3.5435994980302415e-05,True,True
437_pair_mean_input,1000,658,1519,658000,1519000,319.90704936707317,0.11412504455366303,0.05805605867678994,283.39764310502505,301.3345069378996,17.936863832874568,0.0001585262894766561,True,True
437_pair_mean_input,1000,658,1520,658000,1520000,628.6238232752016,0.7753127210270114,0.45249021409064977,141.24377634930192,344.1776948989229,202.93391854962096,0.001793533218313657,False,True
437_pair_mean_input,1000,658,1521,658000,1521000,1045.179984524218,0.817541747085348,0.5323677323828697,190.7017139576518,488.75988623109725,298.0581722734454,0.002634242894351667,False,False
437_pair_mean_input,1000,658,1522,658000,1522000,2971.271319964508,0.9003391189941348,0.6606416356973975,296.11951745512306,1008.3257750423901,712.2062575872669,0.006294490297151965,False,False
437_pair_mean_input,1000,658,1523,658000,1523000,2860.1771604030782,0.753437478531698,0.6416199412530673,705.212492515031,1025.0304587718904,319.81796625685934,0.002826556301651156,False,False
437_pair_mean_input,1000,658,1524,658000,1524000,804.8448593495319,0.5502637313702323,0.31005457512491386,361.96792386970867,555.2990284424418,193.3311045727331,0.001708663394777363,False,True
437_pair_mean_input,1000,658,1525,658000,1525000,1846.0284033448606,0.80753470482942,0.5289440933753757,355.296401543043,869.5825831924209,514.2861816493779,0.004545269500043238,False,False
437_pair_mean_input,1000,658,1526,658000,1526000,4855.463909348568,0.9563358578963556,0.8983824736026278,212.00966611691274,493.4002319797162,281.39056586280367,0.002486934322276004,False,False
437_pair_mean_input,1000,658,1527,658000,1527000,9171.316934514532,0.9887074744651612,0.9863264704745495,103.56733067110508,125.40427289134894,21.836942220243145,0.00019299524465066423,False,False
437_pair_mean_input,1000,658,1528,658000,1528000,9872.978543254958,0.9930691284176404,0.9930220286912274,68.42834641869194,68.89336100696104,0.4650145882696961,4.109806369595212e-06,False,False
437_pair_mean_input,1000,658,1529,658000,1529000,11529.409383706266,0.9823005316038168,0.9688960288741932,204.06441701356744,358.61041656840524,154.54599955483718,0.001365880016214795,False,False
437_pair_mean_input,1000,658,1530,658000,1530000,4829.73418431859,0.9165120903065566,0.6689805528778988,403.22441142372736,1598.7359394398522,1195.5115280161249,0.010565950008251312,False,False
437_pair_mean_input,1000,658,1531,658000,1531000,2845.804212738518,0.8580692220850434,0.5309233253384255,403.90720570763824,1334.900376849284,930.9931711416457,0.008228132538905395,False,False
437_pair_mean_input,1000,658,1532,658000,1532000,7309.769664106981,0.9501325358169953,0.856456593349839,364.51967691086884,1049.2692394139187,684.7495625030497,0.006051827586794792,False,False
437_pair_mean_input,1000,658,1533,658000,1533000,7455.297661656806,0.9603617942196722,0.8574436232594778,295.5146228663498,1062.800222167882,767.2855993015319,0.006781282400282957,False,False
437_pair_mean_input,1000,658,1534,658000,1534000,2352.357528661747,0.7885716342542398,0.7238195555666095,497.3551079346885,649.6751477320335,152.32003979734486,0.0013462069482711744,False,False
437_pair_mean_input,1000,658,1535,658000,1535000,2275.3598656704776,0.5556681893978819,0.4241561884461028,1011.0147688847555,1310.2518977044513,299.2371288196957,0.0026446625311662554,False,True
437_pair_mean_input,1000,658,1536,658000,1536000,2406.3933646077858,0.8616653081603529,0.7597524264288747,332.88768453798957,578.1301669046767,245.242482366687,0.002167456982105252,False,False
437_pair_mean_input,1000,658,1537,658000,1537000,8855.117993985363,0.9885188199436539,0.9083853633128262,101.66720410913695,811.2584178410247,709.5912137318874,0.00627137849772735,False,False
437_pair_mean_input,1000,658,1538,658000,1538000,17972.84664684708,0.9914905942009586,0.9887109803418747,152.93824548196062,202.89581910872883,49.95757362676886,0.00044152583484486014,False,False
437_pair_mean_input,1000,658,1539,658000,1539000,20625.415706474643,0.977276876063119,0.9744468412906772,468.67387734791555,527.0445209933067,58.37064364539037,0.0005158806822466109,False,False
437_pair_mean_input,1000,658,1540,658000,1540000,16119.820882427304,0.9776830117124863,0.9185869423659873,359.7458538299488,1312.3639065510163,952.6180527210672,0.008419253588220313,False,False
437_pair_mean_input,1000,658,1541,658000,1541000,20489.644228009816,0.9900620549459873,0.9894991514665284,203.62495851422864,215.15865054305073,11.533692028820951,0.00010193495464599579,False,False
437_pair_mean_input,1000,658,1542,658000,1542000,18552.083979594234,0.9897986704932553,0.9895118394193776,189.25592171263997,194.5772358831767,5.321314170538244,4.70298597600374e-05,False,False
437_pair_mean_input,1000,658,1543,658000,1543000,19947.35775689953,0.9819796601346578,0.982823376219373,359.4581661949014,342.62825960783516,-16.829906587066944,-0.00014874298363109578,False,False
437_pair_mean_input,1000,658,1544,658000,1544000,15626.061485445327,0.976221888917025,0.96516655714666,371.558225790317,544.309519776037,172.75129398572062,0.001526778699610524,False,False
437_pair_mean_input,1000,658,1545,658000,1545000,21071.2421173564,0.9926784908555721,0.9927112665377219,154.27329184667906,153.58266751253916,-0.6906243341400113,-6.103748912496297e-06,False,False
437_pair_mean_input,1000,658,1546,658000,1546000,15928.522330021573,0.9587300175279927,0.9546287474792576,657.3698373649677,722.6970089176924,65.3271715527244,0.0005773625871696598,False,False
437_pair_mean_input,1000,658,1547,658000,1547000,14333.702567223698,0.9930671914299722,0.9930220320816989,99.37281599827656,100.02011666455672,0.647300666279989,5.7208536429352446e-06,False,False
437_pair_mean_input,1000,658,1548,658000,1548000,14177.582030199721,0.992477833748377,0.9918637184509932,106.64612907718583,115.35279908184447,8.706670004658008,7.69496887748262e-05,False,False
437_pair_mean_input,1000,658,1549,658000,1549000,10417.447785345896,0.9895216717810962,0.9890951653029542,109.15743709814706,113.60054606430326,4.443108966155705,3.9268268115756014e-05,False,False
437_pair_mean_input,1000,658,1550,658000,1550000,13765.518781105238,0.9601085786478875,0.9577363098532439,549.1261098274881,581.7816204739839,32.65551064649662,0.00028860992545790654,False,False
437_pair_mean_input,1000,658,1551,658000,1551000,11363.008913723166,0.9750960368709625,0.9739809521111109,282.98395502228595,295.65467308803665,12.670718065750407,0.00011198400894847734,False,False
437_pair_mean_input,1000,658,1552,658000,1552000,9858.248440480222,0.9610018405648869,0.9462943864943437,384.453544432803,529.4432805871695,144.98973615436626,0.001281421607417506,False,False
437_pair_mean_input,1000,658,1553,658000,1553000,3106.8500154822705,0.7300404760459975,0.6147597709791631,838.7237511760791,1196.8836114977805,358.15986032170144,0.003165422574720942,False,False
437_pair_mean_input,1000,659,1509,659000,1509000,366.45169776480606,0.23480545661399813,0.11050130895858351,280.4068395441659,325.9583054916997,45.55146594753382,0.00040258458469478905,True,True
437_pair_mean_input,1000,659,1510,659000,1510000,1534.0770837356247,0.879395154737855,0.7737659843861961,185.0171293041376,347.060418914624,162.04328961048645,0.0014321411856547952,False,False
437_pair_mean_input,1000,659,1511,659000,1511000,688.6747866068233,0.7394470558645204,0.1953902798960098,179.43624320228093,554.1144272943914,374.67818409211037,0.0033114117844342725,False,True
437_pair_mean_input,1000,659,1512,659000,1512000,84.06751926688696,0.014517084214086897,0.016624833832776967,82.84710401002019,82.66991072834118,-0.17719328167900117,-1.566037057898673e-06,True,True
437_pair_mean_input,1000,659,1513,659000,1513000,234.53466488827345,0.568353380424107,0.3003934215860901,101.23609527238813,164.08199442193794,62.84589914954984,0.0005554330619794667,False,True
437_pair_mean_input,1000,659,1514,659000,1514000,191.122667096047,0.030354277756525452,0.037969391574011836,185.32127657344563,183.8658557104077,-1.4554208630379577,-1.286303286873669e-05,True,True
437_pair_mean_input,1000,659,1515,659000,1515000,162.6326605674711,0.4144067929337709,0.19076748111342656,95.23658127541886,131.60763756423975,36.371056288820895,0.00032144797727938994,True,True
437_pair_mean_input,1000,659,1516,659000,1516000,52.83739587400366,0.03111716159535782,0.11304407733667257,51.193246088314396,46.86444120855441,-4.32880487975999,-3.825804677175934e-05,True,True
437_pair_mean_input,1000,659,1517,659000,1517000,515.0023020442113,0.569668529739405,0.25558132749378015,221.6216978262765,383.3773300253991,161.75563219912257,0.001429598864851735,False,True
437_pair_mean_input,1000,659,1518,659000,1518000,390.0317840400995,0.6837736362267016,0.26747939354292316,123.33833282301305,285.7063189825893,162.36798615957628,0.001435010858949563,False,True
437_pair_mean_input,1000,659,1519,659000,1519000,1872.3908821394614,0.8586025929903036,0.6540303170653127,264.7512156431178,647.790479823589,383.03926418047126,0.0033853071440007386,False,False
437_pair_mean_input,1000,659,1520,659000,1520000,1156.0499821078,0.8645557091094836,0.707286406513101,156.5803700605851,338.39154451323935,181.8111744526543,0.0016068500681009686,False,False
437_pair_mean_input,1000,659,1521,659000,1521000,412.7656605602467,0.566555573526906,0.3593820809801073,178.91097500932392,264.4250785109766,85.51410350165273,0.0007557750146485449,False,True
437_pair_mean_input,1000,659,1522,659000,1522000,1634.8614086695595,0.43464405426019265,0.25044491782310996,924.2786178518925,1225.4186775231378,301.1400596712454,0.0026614806644719192,True,True
437_pair_mean_input,1000,659,1523,659000,1523000,1659.615004385105,0.8422820672395301,0.719777436346578,261.7510476698769,465.06157120647936,203.31052353660243,0.001796861659212849,False,False
437_pair_mean_input,1000,659,1524,659000,1524000,249.20535770192657,0.432648053732627,0.2184640092235209,141.38714471244492,194.76295613838204,53.37581142593714,0.00047173627519273427,True,True
437_pair_mean_input,1000,659,1525,659000,1525000,870.5072792061559,0.8390644797471686,0.35715139334106527,140.0955418629195,559.6043915241376,419.50884966121805,0.003707625923854462,False,True
437_pair_mean_input,1000,659,1526,659000,1526000,5424.626332949757,0.9426150129849932,0.8990589239260108,311.29211167758604,547.5676193472463,236.27550766966033,0.002088206716295385,False,False
437_pair_mean_input,1000,659,1527,659000,1527000,4882.513876912243,0.9186324984379024,0.8086548250233676,397.27795550661995,934.245472103609,536.9675165969888,0.004745727501125456,False,False
437_pair_mean_input,1000,659,1528,659000,1528000,4108.512657186787,0.9788117447975719,0.9095119374941927,87.05221468287937,371.77135012941847,284.719135446539,0.002516352273501531,False,False
437_pair_mean_input,1000,659,1529,659000,1529000,6700.107071553253,0.9818244159825932,0.9432720436887156,121.77835900463742,380.0833812360003,258.3050222313632,0.0022829039183802965,False,False
437_pair_mean_input,1000,659,1530,659000,1530000,2976.333656326242,0.9310778065460218,0.7685389617502393,205.13544404490358,688.9052782709784,483.7698342260751,0.004275565533370407,False,False
437_pair_mean_input,1000,659,1531,659000,1531000,2288.289746043512,0.7137485096482556,0.5396234281033883,655.0263501615698,1053.4749887896803,398.44863862811053,0.003521495441860452,False,False
437_pair_mean_input,1000,659,1532,659000,1532000,9138.530603704254,0.9878291848415408,0.9792922241608635,111.22336679760701,189.23864324059664,78.01527644298949,0.0006895002611513212,False,False
437_pair_mean_input,1000,659,1533,659000,1533000,11744.146243050436,0.9926844101356695,0.992709296963672,85.91535722087428,85.6230826732873,-0.29227454758620297,-2.5831271268497856e-06,False,False
437_pair_mean_input,1000,659,1534,659000,1534000,6040.006093028149,0.9556680499109522,0.8221441284244098,267.7652486536681,1074.250547997397,806.4852993437289,0.007127729976302245,False,False
437_pair_mean_input,1000,659,1535,659000,1535000,4049.9472594860636,0.8360137105687755,0.6966698746093052,664.1358234752761,1228.4710100456084,564.3351865703326,0.0049876034061286665,False,False
437_pair_mean_input,1000,659,1536,659000,1536000,5853.910420810113,0.9688927566596632,0.9509471862156629,182.09901595267365,287.15077778218904,105.05176182951527,0.0009284491514785381,False,False
437_pair_mean_input,1000,659,1537,659000,1537000,5563.437863669852,0.9914747448617404,0.9827401553605188,47.429727233639824,96.02407318834861,48.59434595470884,0.0004294776068727274,False,False
437_pair_mean_input,1000,659,1538,659000,1538000,24599.319662601098,0.9927156961209797,0.9927960245136284,179.18891963954593,177.21289583079815,-1.9760238087474136,-1.7464130030587135e-05,False,False
437_pair_mean_input,1000,659,1539,659000,1539000,26294.758896614905,0.9915971183307127,0.9911291970403004,220.95174753069296,233.25562504467766,12.303877513983025,0.00010874186628390138,False,False
437_pair_mean_input,1000,659,1540,659000,1540000,17685.299287004866,0.9839458487037475,0.9766927463475836,283.9224704730841,412.1957564011208,128.27328592803678,0.001133681352917479,False,False
437_pair_mean_input,1000,659,1541,659000,1541000,21765.4373549427,0.9880417225205773,0.9874283304320415,260.27713935139764,273.6278864284408,13.350747077041888,0.00011799411622815339,False,False
437_pair_mean_input,1000,659,1542,659000,1542000,22175.067746338034,0.9909542903268922,0.9909597179301264,200.58922481487025,200.4688673454525,-0.12035746941910475,-1.0637212399885319e-06,False,False
437_pair_mean_input,1000,659,1543,659000,1543000,18715.686102863674,0.9907191354171787,0.9910161974175683,173.69774829526796,168.13802914288775,-5.559719152381149,-4.9136886803139424e-05,False,False
437_pair_mean_input,1000,659,1544,659000,1544000,18715.35148476337,0.9818107467428322,0.9799701265738671,340.4182679532714,374.86612136539947,34.44785341212628,0.00030445067949121975,False,False
437_pair_mean_input,1000,659,1545,659000,1545000,21753.446545371306,0.9894997893128433,0.9891799141232804,228.41577189819873,235.37415973554607,6.95838783734871,6.149834301427059e-05,False,False
437_pair_mean_input,1000,659,1546,659000,1546000,27861.179973664843,0.9480705589734029,0.9578777927847714,1446.8155023738364,1173.5743961114888,-273.2411062623469,-0.002414909267966759,False,False
437_pair_mean_input,1000,659,1547,659000,1547000,19200.18151894928,0.9826898375348623,0.9734722912661211,332.35826145314786,509.3368229722908,176.9785615191431,0.0015641393576911404,False,False
437_pair_mean_input,1000,659,1548,659000,1548000,13269.10475758985,0.9895500720476759,0.9890104427862326,138.66118870865466,145.82158590900656,7.160397200352236,6.328370499587849e-05,False,False
437_pair_mean_input,1000,659,1549,659000,1549000,15552.587625587663,0.9874489465375424,0.9868068202722328,195.20135876830682,205.1880837762267,9.98672500792054,8.826283536967983e-05,False,False
437_pair_mean_input,1000,659,1550,659000,1550000,14034.210183105115,0.9726329960687183,0.970665011395173,384.0742852534713,411.6933957991352,27.619110545663716,0.00024409814080346816,False,False
437_pair_mean_input,1000,659,1551,659000,1551000,11061.053448968858,0.9293509887895137,0.9140355798189973,781.452489115989,950.857046331688,169.40455721569924,0.001497200186501995,False,False
437_pair_mean_input,1000,659,1552,659000,1552000,6750.780909702291,0.9793008535486561,0.9769387132817018,139.73540271086404,155.68169413105858,15.946291420194939,0.00014093357865179362,False,False
437_pair_mean_input,1000,659,1553,659000,1553000,6844.977807508339,0.9841255004974266,0.9727362707213748,108.6605968004169,186.61962186210476,77.9590250616875,0.0006890031105435656,False,False
437_pair_mean_input,1000,660,1509,660000,1509000,10.291609560169999,0.017036723418414074,0.010272074302799538,10.116274254563077,10.18589338207253,0.06961912750945409,6.152949625702345e-07,True,True
437_pair_mean_input,1000,660,1510,660000,1510000,1698.8168612994018,0.9644243303793684,0.5991228237435726,60.436547403546,681.0169063345111,620.5803589309651,0.0054846991391611175,False,False
437_pair_mean_input,1000,660,1511,660000,1511000,5612.438117055776,0.9608391936849956,0.8033106706546109,219.78760205696926,1103.9066892361989,884.1190871792296,0.00781385863503821,False,False
437_pair_mean_input,1000,660,1512,660000,1512000,356.33911335735036,0.766553089801678,0.28830457671793813,83.18626499608303,253.60491611281407,170.41865111673104,0.0015061627646209656,False,True
437_pair_mean_input,1000,660,1513,660000,1513000,219.61843421241647,0.5987232518458522,0.281176828812469,88.12777111546413,157.86681933180938,69.73904821634522,0.0006163548236960144,False,True
437_pair_mean_input,1000,660,1514,660000,1514000,365.3975502416518,0.5014874607435754,0.32214635224724303,182.1552606090428,247.686062311225,65.53080170218215,0.0005791622736878765,False,True
437_pair_mean_input,1000,660,1515,660000,1515000,362.8374080208502,0.6778632502902735,0.48422561963065786,116.88326329293852,187.1422392967722,70.25897600383365,0.0006209499537987074,False,True
437_pair_mean_input,1000,660,1516,660000,1516000,157.15108028317815,0.1867639561530013,0.17057936446356312,127.80092281577387,130.34434888371123,2.5434260679373573,2.247884027358944e-05,True,True
437_pair_mean_input,1000,660,1517,660000,1517000,98.39003033936066,0.10608241990087902,0.06181347822318968,87.95257782684038,92.30820034159962,4.355622514759242,3.8495061458863054e-05,True,True
437_pair_mean_input,1000,660,1518,660000,1518000,757.6617397249479,0.8785271701105057,0.3967880850646265,92.03531562338685,457.0305888927524,364.99527326936555,0.003225834063693049,False,True
437_pair_mean_input,1000,660,1519,660000,1519000,2847.5307582627,0.9636319725265505,0.753169267436794,103.55907684799013,702.8581030582437,599.2990262102535,0.005296614380154955,False,False
437_pair_mean_input,1000,660,1520,660000,1520000,2305.4699004798745,0.9403009450774693,0.7247216809539451,137.63437421098934,634.6458788153753,497.0115046043861,0.004392595627990365,False,False
437_pair_mean_input,1000,660,1521,660000,1521000,148.1010995031884,0.7520758034287373,0.44820426767872196,36.71784610564863,81.72155465794832,45.003708552299685,0.0003977434960736714,False,True
437_pair_mean_input,1000,660,1522,660000,1522000,1673.6831324352956,0.8251239109654324,0.5693144001509308,292.6871604834089,720.8312238501644,428.1440633667555,0.0037839440807146316,False,False
437_pair_mean_input,1000,660,1523,660000,1523000,2196.6480128589287,0.8871873587587342,0.7908866191472214,247.80966420799382,459.34849251246857,211.5388283044747,0.0018695835483729358,False,False
437_pair_mean_input,1000,660,1524,660000,1524000,1030.2570155210194,0.8831784644386,0.5904420241902917,120.35620657607058,421.94997784053993,301.5937712644694,0.0026654905747904955,False,False
437_pair_mean_input,1000,660,1525,660000,1525000,556.9289025442692,0.5414379973233018,0.27903689403093157,255.38643289923579,401.52519138226097,146.13875848302519,0.001291576685138188,False,True
437_pair_mean_input,1000,660,1526,660000,1526000,1471.734306552928,0.6210293074889587,0.48049163120462135,557.7441693466203,764.5782888975094,206.8341195508891,0.0018280032571512713,False,True
437_pair_mean_input,1000,660,1527,660000,1527000,3514.0492606293305,0.9397542377993948,0.4807201658510858,211.70657611708702,1824.7749172507133,1613.0683411336263,0.014256323801907233,False,True
437_pair_mean_input,1000,660,1528,660000,1528000,9396.365731165615,0.9871275246426209,0.9771732692282876,120.95448632335138,214.4883107778618,93.53382445451098,0.0008266534367149885,False,False
437_pair_mean_input,1000,660,1529,660000,1529000,13227.97461739716,0.9915061552460024,0.9874014400322428,112.35636280999279,166.65343146924772,54.297068659254364,0.0004798783613574094,False,False
437_pair_mean_input,1000,660,1530,660000,1530000,11150.629559952107,0.9920578862655269,0.9913806286203984,88.55956817611695,96.11141729359032,7.551849117473466,6.674336330114016e-05,False,False
437_pair_mean_input,1000,660,1531,660000,1531000,4503.744855795482,0.9694184904221939,0.8410878673288038,137.7313164435045,715.6997000413891,577.9683835978844,0.0051080938195375535,False,False
437_pair_mean_input,1000,660,1532,660000,1532000,9094.571701650935,0.9745687170017524,0.9280951517383141,231.28662669253936,653.9437982122327,422.6571715196933,0.003735450842800861,False,False
437_pair_mean_input,1000,660,1533,660000,1533000,7591.920721313512,0.9730526377845607,0.9551221044527911,204.58223758813438,340.70942513379856,136.12718754566413,0.0012030942610466722,False,False
437_pair_mean_input,1000,660,1534,660000,1534000,7792.376994813962,0.9550658017908638,0.9462662539528234,350.1442124052837,418.71360654319477,68.56939413791133,0.0006060174022407918,False,False
437_pair_mean_input,1000,660,1535,660000,1535000,4331.700737641403,0.973592294422312,0.9635562336857905,114.39027773028829,157.86348942569236,43.473211695403734,0.00038421694037028695,False,False
437_pair_mean_input,1000,660,1536,660000,1536000,5444.868172663074,0.992085175423296,0.991609504386563,43.09517642990704,45.68514251847207,2.589966088565234,2.289016172036222e-05,False,False
437_pair_mean_input,1000,660,1537,660000,1537000,5889.656867635938,0.9819185924766267,0.9642624363147037,106.49328599655928,210.48198739168234,103.98870139512292,0.0009190538063544481,False,False
437_pair_mean_input,1000,660,1538,660000,1538000,31398.24922883303,0.9930027814167066,0.9930570238621117,219.7004129868692,217.99729516725748,-1.703117819612089,-1.5052182533149604e-05,False,False
437_pair_mean_input,1000,660,1539,660000,1539000,37271.42196772536,0.9929301234907436,0.9928041866728682,263.50435063620534,268.1981949165117,4.69384428030753,4.1484270833042765e-05,False,False
437_pair_mean_input,1000,660,1540,660000,1540000,24598.00702995034,0.9927070095670304,0.9926265153252006,179.39302993954698,181.37302786594597,1.9799979263989371,1.7499253345962095e-05,False,False
437_pair_mean_input,1000,660,1541,660000,1541000,23466.030146650275,0.9771403110686938,0.969799650353052,536.4261496050785,708.6823152546597,172.25616564958182,0.0015224027474555557,False,False
437_pair_mean_input,1000,660,1542,660000,1542000,15557.351782115598,0.9761073221388193,0.946775011738575,371.7067945031522,828.0398659819615,456.33307147880987,0.0040330789853260576,False,False
437_pair_mean_input,1000,660,1543,660000,1543000,20630.167515825953,0.97525862508444,0.9733876659195325,510.4187090798587,549.0169100671682,38.59820098730779,0.00034113151775047525,False,False
437_pair_mean_input,1000,660,1544,660000,1544000,24939.58878946269,0.9872218208076589,0.9874565862830106,318.6825345350553,312.82758011782175,-5.854954417234694,-5.1746180796558215e-05,False,False
437_pair_mean_input,1000,660,1545,660000,1545000,20254.04839507036,0.9925053644962625,0.9922592617312483,151.79671019611123,156.7812875088692,4.984577312756301,4.4053774024449535e-05,False,False
437_pair_mean_input,1000,660,1546,660000,1546000,32640.979805455463,0.9826864194451281,0.9783793946694613,565.1322332516975,705.7177419758353,140.58550872413616,0.0012424969749382174,False,False
437_pair_mean_input,1000,660,1547,660000,1547000,29104.734001867502,0.9863174935010155,0.9856852285742348,398.22571213176707,416.6276146444299,18.401902512661763,0.00016263630876746835,False,False
437_pair_mean_input,1000,660,1548,660000,1548000,16585.39208477029,0.9541269568422436,0.8322391728598277,760.8224068929794,2782.37909458513,2021.5566876921512,0.017866550343053893,False,False
437_pair_mean_input,1000,660,1549,660000,1549000,16140.838894227798,0.9791781583236275,0.9706586974019443,336.0819919794467,473.59323818200414,137.51124620255723,0.0012153265935959763,False,False
437_pair_mean_input,1000,660,1550,660000,1550000,14280.710236248182,0.9692015566718842,0.9609944627289432,439.82364489633255,557.0267753771411,117.20313048080789,0.0010358431419944189,False,False
437_pair_mean_input,1000,660,1551,660000,1551000,10274.322105875353,0.9490354476336363,0.8910072628761915,523.6262269937724,1119.8264884110072,596.2002614172343,0.0052692274473457815,False,False
437_pair_mean_input,1000,660,1552,660000,1552000,2596.785791293382,0.8735238526802006,0.6755663029477418,328.4314622975835,842.4848147220857,514.0533524245022,0.004543211751629404,False,False
437_pair_mean_input,1000,660,1553,660000,1553000,7294.887383106131,0.9857773670178345,0.9372349997437209,103.75250589614825,457.86360847018324,354.1111025740347,0.003129639588982314,False,False
437_pair_mean_input,1000,661,1509,661000,1509000,219.86530781278688,0.4730467943037386,0.24201325425286463,115.85872877334332,166.65498917170655,50.79626039836323,0.0004489381619480148,True,True
437_pair_mean_input,1000,661,1510,661000,1510000,1622.0013119495356,0.9133137195073211,0.4845441395090701,140.60526068715058,836.070081968365,695.4648212812145,0.006146529215279665,False,True
437_pair_mean_input,1000,661,1511,661000,1511000,2833.364992347288,0.9445916623775852,0.8495212522879021,156.99204410350922,426.3612158597178,269.36917175620874,0.0023806890488652604,False,False
437_pair_mean_input,1000,661,1512,661000,1512000,326.646308882244,0.40800931488545505,0.1517060878447732,193.3715721853369,277.09207525278333,83.72050306744646,0.0007399231453202337,True,True
437_pair_mean_input,1000,661,1513,661000,1513000,10.472922430229907,0.04458231107614024,0.015599758212975896,10.00601534456911,10.30954737253507,0.3035320279659579,2.682620918522998e-06,True,True
437_pair_mean_input,1000,661,1514,661000,1514000,364.27915744353777,0.6211987683887024,0.4434435684824694,137.98939348993792,202.7419079429881,64.75251445305014,0.0005722837585304073,False,True
437_pair_mean_input,1000,661,1515,661000,1515000,666.5141209865213,0.7094709547894805,0.5481936757391751,193.64171118954272,301.1352950708549,107.49358388131219,0.0009500300138321999,False,False
437_pair_mean_input,1000,661,1516,661000,1516000,301.7394462058815,0.704814411015581,0.2584092090988435,89.06913614811558,223.76719455789663,134.69805840978105,0.0011904635948830982,False,True
437_pair_mean_input,1000,661,1517,661000,1517000,209.64763764092038,0.36429508264597665,0.1391639461897686,133.27403415998754,180.47224507744724,47.198210917459704,0.0004171385430806604,True,True
437_pair_mean_input,1000,661,1518,661000,1518000,1014.2086731020073,0.8907369756034409,0.3977772218681303,110.81550699234651,610.7795647209281,499.9640577285816,0.004418690339731642,False,True
437_pair_mean_input,1000,661,1519,661000,1519000,3302.4244626412533,0.8929176521240191,0.7615322489352736,353.6313651426999,787.5217346671973,433.89036952449715,0.0038347300264558308,False,False
437_pair_mean_input,1000,661,1520,661000,1520000,3262.8611324081285,0.9523138222176721,0.919371860352812,155.5933760390617,263.07842303318444,107.48504699412251,0.0009499545646866598,False,False
437_pair_mean_input,1000,661,1521,661000,1521000,1637.674341481807,0.8612459497464617,0.7352596995830154,227.23394787689676,433.55839714908103,206.3244492721842,0.0018234987830752882,False,False
437_pair_mean_input,1000,661,1522,661000,1522000,341.25038743725383,0.42558636112417975,0.18656999252185713,196.01887681561647,277.58330520500454,81.56442838938807,0.0007208677228265459,True,True
437_pair_mean_input,1000,661,1523,661000,1523000,2509.6641117914423,0.7885401861480541,0.5489483533981192,530.6931059103276,1131.9881300411766,601.295024130849,0.0053142550417055665,False,False
437_pair_mean_input,1000,661,1524,661000,1524000,6255.200353805679,0.9806909855496477,0.956549473781665,120.78175402148281,271.79174697397207,151.00999295248948,0.0013346287333005674,False,False
437_pair_mean_input,1000,661,1525,661000,1525000,6328.876406231653,0.9798860139768072,0.9481567581589747,127.29893157745846,328.1094701102266,200.81053853276808,0.0017747667517586942,False,False
437_pair_mean_input,1000,661,1526,661000,1526000,4761.713596908869,0.9864389670924508,0.9168319268127136,64.57375478400536,396.0225449246134,331.44879014060825,0.002929349709184746,False,False
437_pair_mean_input,1000,661,1527,661000,1527000,11113.133910026376,0.9872241146249285,0.980829038707642,141.98012499231663,213.04946002590628,71.0693350335896,0.0006281119198663578,False,False
437_pair_mean_input,1000,661,1528,661000,1528000,11334.192178978497,0.991081787901531,0.9891939767694107,101.0807298169384,122.47754398600546,21.39681416906751,0.00018910538589399646,False,False
437_pair_mean_input,1000,661,1529,661000,1529000,7646.733816239546,0.9884805467697615,0.9821399772544616,88.08619256025486,136.57083988711625,48.484647326861705,0.00042850808864505297,False,False
437_pair_mean_input,1000,661,1530,661000,1530000,9980.020989207416,0.970991391872948,0.9737268934184681,289.50651797567116,262.2061551353721,-27.300362840298476,-0.00024128104348469724,False,False
437_pair_mean_input,1000,661,1531,661000,1531000,8926.2147609153,0.9918234519659742,0.9896036133021952,72.98562375465372,92.80038040212912,19.814756647474496,0.0001751231362112445,False,False
437_pair_mean_input,1000,661,1532,661000,1532000,13226.698520643358,0.9794147944023787,0.9402487749859677,272.2743084251979,790.3114394997293,518.0371310745322,0.0045784204510637,False,False
437_pair_mean_input,1000,661,1533,661000,1533000,5964.268372667106,0.9256707774228597,0.733396054366783,443.3194313817712,1590.0974809684567,1146.7780495866855,0.010135242746341325,False,False
437_pair_mean_input,1000,661,1534,661000,1534000,6588.875769258936,0.8578002999103248,0.7769572348773408,936.9361583167483,1469.6010706252014,532.6649123084526,0.004707701015598043,False,False
437_pair_mean_input,1000,661,1535,661000,1535000,6598.770913487407,0.9029059465182939,0.8727867982871343,640.7014159876726,839.4507752744643,198.74935928679133,0.0017565500166117107,False,False
437_pair_mean_input,1000,661,1536,661000,1536000,6140.461232820803,0.9862916645411645,0.983501389427261,84.17550245148232,101.30907861731156,17.133576165829254,0.00015142682022575724,False,False
437_pair_mean_input,1000,661,1537,661000,1537000,9300.994235164811,0.9596123583456729,0.9317739580800573,375.64522219879836,634.5700225855003,258.92480038670146,0.0022883815276312732,False,False
437_pair_mean_input,1000,661,1538,661000,1538000,18994.948592394674,0.9873696541129664,0.9875130164530127,239.91277082836677,237.1896105491018,-2.7231602792635385,-2.4067334108355116e-05,False,False
437_pair_mean_input,1000,661,1539,661000,1539000,25714.288389891623,0.9909885928341794,0.988827591213492,231.72192266064667,287.29054154602704,55.56861888537969,0.0004911163425958803,False,False
437_pair_mean_input,1000,661,1540,661000,1540000,14825.888362512696,0.9875305018474182,0.9479807629832538,184.8713875467365,771.2314007133665,586.3600131666299,0.005182259175900333,False,False
437_pair_mean_input,1000,661,1541,661000,1541000,15142.424565159388,0.9890163780624653,0.9842887803823057,166.3186666413476,237.90595788758802,71.58729124624006,0.0006326896251590951,False,False
437_pair_mean_input,1000,661,1542,661000,1542000,17543.38673009028,0.9910453709086114,0.9903636069768653,157.09452117474575,169.05496948799552,11.960448313249799,0.000105706633514258,False,False
437_pair_mean_input,1000,661,1543,661000,1543000,14807.03938578614,0.9620712964967432,0.9185351638379208,561.611806624529,1206.2530376085222,644.6412309839925,0.005697349511248361,False,False
437_pair_mean_input,1000,661,1544,661000,1544000,24689.376079809957,0.991804241022843,0.9919654511029933,202.34817564650803,198.36799934982122,-3.9801762966853858,-3.5176861777812485e-05,False,False
437_pair_mean_input,1000,661,1545,661000,1545000,28607.773488367384,0.9872325690182538,0.9863462240708578,365.2477735541579,390.6041290418226,25.356355487663677,0.00022409987540537513,False,False
437_pair_mean_input,1000,661,1546,661000,1546000,25278.070202663555,0.9801867640296711,0.9836003788374671,500.8403697999129,414.5507750435937,-86.28959475631927,-0.0007626288187622032,False,False
437_pair_mean_input,1000,661,1547,661000,1547000,13070.354475040998,0.9599817928563739,0.7606282441204194,523.052152822811,3128.6737006590974,2605.6215478362865,0.023028524919827684,False,False
437_pair_mean_input,1000,661,1548,661000,1548000,25522.711345031254,0.9559947299303388,0.8766846870274762,1123.1338056481036,3147.341137419914,2024.2073317718095,0.017889976777830153,False,False
437_pair_mean_input,1000,661,1549,661000,1549000,10544.149042060077,0.9487866208547886,0.8434903555996722,540.0015026546407,1650.2610170768794,1110.2595144222378,0.009812491348400041,False,False
437_pair_mean_input,1000,661,1550,661000,1550000,17261.82844097178,0.9903965167974478,0.9903664557298666,165.7736794782104,166.29258846954963,0.5189089913401403,4.586125966037598e-06,False,False
437_pair_mean_input,1000,661,1551,661000,1551000,8916.989059091953,0.9839409579407891,0.9687258435298987,143.1983023414814,278.8713110762235,135.67300873474233,0.0011990802214506089,False,False
437_pair_mean_input,1000,661,1552,661000,1552000,4503.323231738297,0.9284630150203532,0.7357405709037177,322.1541663873568,1190.0456262551875,867.8914598678307,0.00767043860527965,False,False
437_pair_mean_input,1000,661,1553,661000,1553000,13376.155486022955,0.9908740989771265,0.975373252108191,122.06947103201128,329.4112089159247,207.34173788391308,0.0018324895960985029,False,False
437_pair_mean_input,1000,662,1509,662000,1509000,368.2616407466434,0.6219542344009986,0.34980882836093913,139.2197539168092,239.44046766678304,100.22071374997381,0.000885752271273126,False,True
437_pair_mean_input,1000,662,1510,662000,1510000,355.00346691364314,0.64000119132306,0.3484177110526354,127.800825165095,231.31397155584162,103.5131463907466,0.0009148508436186961,False,True
437_pair_mean_input,1000,662,1511,662000,1511000,551.4005812454627,0.5958166872904184,0.45405032964602837,222.86691355777992,301.03696556394874,78.17005200616879,0.0006908681700545211,False,True
437_pair_mean_input,1000,662,1512,662000,1512000,197.00507574679602,0.4548888132116428,0.22281387323465154,107.38967064366618,153.1096117727665,45.71994112910031,0.0004040735710444369,True,True
437_pair_mean_input,1000,662,1513,662000,1513000,137.56061513588776,0.2758664799470992,0.17733168127373813,99.61225245899274,113.16675997679116,13.554507517798402,0.00011979495426295278,True,True
437_pair_mean_input,1000,662,1514,662000,1514000,178.85829258170548,0.4414703969625426,0.2888388447410465,99.89765115561738,127.19706998004959,27.29941882443221,0.0002412727002573705,True,True
437_pair_mean_input,1000,662,1515,662000,1515000,803.0435099383479,0.8977816654433296,0.7658454673469182,82.0857701624409,188.03627776970433,105.95050760726349,0.0009363922810387966,False,False
437_pair_mean_input,1000,662,1516,662000,1516000,792.8801520889936,0.9492982131681527,0.6598709578566024,40.20044045441887,269.68156666454075,229.48112621012194,0.002028157864271681,False,False
437_pair_mean_input,1000,662,1517,662000,1517000,544.2151765243874,0.9484442876556155,0.48865851348932754,28.057401094339752,278.27979734564826,250.2223962513085,0.0022114695406772493,False,True
437_pair_mean_input,1000,662,1518,662000,1518000,2536.625966334833,0.8457310092909444,0.6908780831462434,391.32272763285755,784.1266810544361,392.8039534215786,0.0034716076237115943,False,False
437_pair_mean_input,1000,662,1519,662000,1519000,3125.9590864323864,0.8590550463008482,0.7651769029170816,440.5881587026556,734.047394030543,293.45923532788765,0.0025935974160613,False,False
437_pair_mean_input,1000,662,1520,662000,1520000,2833.3020216599643,0.8398873517375068,0.7695988309919563,453.6474900154526,652.7960979433095,199.14860792785703,0.0017600785824879112,False,False
437_pair_mean_input,1000,662,1521,662000,1521000,1802.9594926434002,0.7585139389882881,0.5420279130674026,435.38958604212917,825.7051215008349,390.31553545870577,0.0034496149459504856,False,False
437_pair_mean_input,1000,662,1522,662000,1522000,3096.200795609161,0.962333737186999,0.6955011484950498,116.62231288923749,942.7895862917024,826.1672734024651,0.007301679577870202,False,False
437_pair_mean_input,1000,662,1523,662000,1523000,4809.419344581315,0.9842822909135461,0.9233667777435484,75.59305413289258,368.5613015577779,292.9682474248857,0.002589258057120627,False,False
437_pair_mean_input,1000,662,1524,662000,1524000,8359.98164924037,0.9858763260243236,0.9526468906118618,118.07365525650857,395.87112551930716,277.7974702627989,0.0024551784858872763,False,False
437_pair_mean_input,1000,662,1525,662000,1525000,7921.992209030759,0.9930655163948005,0.9930502809159599,54.93492509404223,55.055620438717845,0.12069534467536869,1.0667073869081135e-06,False,False
437_pair_mean_input,1000,662,1526,662000,1526000,6449.070456808826,0.9832682581992362,0.9726531291191884,107.90418173825856,176.36189708360737,68.45771534534924,0.0006050303832856915,False,False
437_pair_mean_input,1000,662,1527,662000,1527000,9107.494666614708,0.9888390524763734,0.9876260836394237,101.64827004579638,112.6953772590849,11.047107213287745,9.763451026280394e-05,False,False
437_pair_mean_input,1000,662,1528,662000,1528000,11199.217556311003,0.9914589329770837,0.9912987006798863,95.65326775267386,97.44774410853383,1.794476355860752,1.5859610737904956e-05,False,False
437_pair_mean_input,1000,662,1529,662000,1529000,8944.223420537659,0.9920185508209105,0.9914964809740615,71.38786467744285,76.05737402878661,4.669509351344459,4.1269198341600685e-05,False,False
437_pair_mean_input,1000,662,1530,662000,1530000,13917.900297089669,0.9928349492006613,0.99268302293254,99.72246264877867,101.83695730100038,2.114494652221765,1.8687937560221143e-05,False,False
437_pair_mean_input,1000,662,1531,662000,1531000,10050.902097085456,0.9912208564721466,0.9906206731125081,88.2383120947161,94.27069628274214,6.0323841880253894,5.331430794900896e-05,False,False
437_pair_mean_input,1000,662,1532,662000,1532000,11195.483554263252,0.9927296510924755,0.9925700120755886,81.39507162794689,83.18230761612247,1.7872359881748707,1.5795620252478746e-05,False,False
437_pair_mean_input,1000,662,1533,662000,1533000,15005.369408461986,0.9907440615550583,0.9906206827455732,138.8887755883352,140.7401202018349,1.8513446135002596,1.6362213308599103e-05,False,False
437_pair_mean_input,1000,662,1534,662000,1534000,9618.721001759344,0.9720132772528727,0.9467182298885012,269.1964778582096,512.502481182387,243.30600332417816,0.0021503423493512475,False,False
437_pair_mean_input,1000,662,1535,662000,1535000,5860.549223200904,0.9279642447045944,0.8714593861471617,422.16908973918,753.318594665019,331.1495049258392,0.00292670462166919,False,False
437_pair_mean_input,1000,662,1536,662000,1536000,6780.5797636182715,0.9927098518556279,0.9926265215027729,49.43143098150904,49.99645908577279,0.565028104263547,4.993727423785347e-06,False,False
437_pair_mean_input,1000,662,1537,662000,1537000,19068.196627662892,0.9889772865498816,0.9864334271047263,210.18326743724174,258.69007953060157,48.50681209336108,0.0004287039812059265,False,False
437_pair_mean_input,1000,662,1538,662000,1538000,15648.076300679566,0.971361855650719,0.9407068924377202,448.13186788742496,927.8230712389548,479.6912033515291,0.004239518528458564,False,False
437_pair_mean_input,1000,662,1539,662000,1539000,14833.88868760971,0.9802897384610542,0.925196487639432,292.3798256723967,1109.6269757989032,817.2471501265063,0.007222843385669178,False,False
437_pair_mean_input,1000,662,1540,662000,1540000,16920.280494171595,0.9872446018355409,0.9809970686980215,215.82491475748975,321.5349278409496,105.71001308345876,0.0009342667865904112,False,False
437_pair_mean_input,1000,662,1541,662000,1541000,22691.410058900583,0.9880102136875659,0.9888233409722152,272.0651577340359,253.61415308797694,-18.451004646060028,-0.0001630702742078899,False,False
437_pair_mean_input,1000,662,1542,662000,1542000,19531.227210249355,0.9915972478458536,0.9915635207682253,164.11606151404703,164.77479273034174,0.6587312162955641,5.821877026818293e-06,False,False
437_pair_mean_input,1000,662,1543,662000,1543000,15117.775164150064,0.9867279594804201,0.9670872745724096,200.64372454449767,497.5671830537162,296.9234585092181,0.002624214275952315,False,False
437_pair_mean_input,1000,662,1544,662000,1544000,22114.351519512264,0.9829171963121031,0.9796876276862075,377.77512569297323,449.1949415424151,71.4198158494437,0.0006312094749232385,False,False
437_pair_mean_input,1000,662,1545,662000,1545000,22544.342797840935,0.9835629666323027,0.9831906356407792,370.5621148209175,378.9560723280826,8.393957507163577,7.41859307197579e-05,False,False
437_pair_mean_input,1000,662,1546,662000,1546000,18714.02552138491,0.9634675416742228,0.9512666699286066,683.6693574675264,911.9967826981299,228.3274252306037,0.002017961436559864,False,False
437_pair_mean_input,1000,662,1547,662000,1547000,15596.80808875278,0.9652409200486832,0.9030719186446527,542.1306993423023,1511.7686833103676,969.6379839680649,0.00856967601283555,False,False
437_pair_mean_input,1000,662,1548,662000,1548000,23602.757413668787,0.9920869535262821,0.9923157501670331,186.76971632225104,181.3694847135425,-5.400231608709873,-4.77273333409776e-05,False,False
437_pair_mean_input,1000,662,1549,662000,1549000,9563.33919078029,0.930451242036375,0.6861860029134689,665.118362703628,3001.109696953035,2335.9913342494074,0.020645528779087284,False,False
437_pair_mean_input,1000,662,1550,662000,1550000,14452.65706748148,0.9861149579784618,0.9854507597965954,200.67575070486055,210.27517925222182,9.59942854736073,8.483990305597953e-05,False,False
437_pair_mean_input,1000,662,1551,662000,1551000,14606.206000159993,0.9930948220091238,0.9930785322984791,100.85845220250849,101.09638307186833,0.2379308693598432,2.1028368293927223e-06,False,False
437_pair_mean_input,1000,662,1552,662000,1552000,12175.605381528412,0.9927955850353192,0.9927677732419579,87.71811361473192,88.05673903565163,0.3386254209199251,2.9927768868111892e-06,False,False
437_pair_mean_input,1000,662,1553,662000,1553000,10715.35481561068,0.9886389617844613,0.9888852876906742,121.73755555320895,119.09808606786167,-2.639469485347945,-2.3327673532994194e-05,False,False
437_pair_mean_input,1000,663,1509,663000,1509000,130.5326000166112,0.6104263469749782,0.2881273704578673,50.852061827325244,92.92258521479646,42.07052338747121,0.0003718199586670927,False,True
437_pair_mean_input,1000,663,1510,663000,1510000,245.13107952464617,0.20198000605402994,0.1789411071512202,195.61950259822726,201.26705275733218,5.647550159104938,4.991313864552686e-05,True,True
437_pair_mean_input,1000,663,1511,663000,1511000,147.73607757974085,0.5054688131816506,0.11077341165719135,73.06009778139699,131.37084824138145,58.31075045998447,0.0005153513453159299,False,True
437_pair_mean_input,1000,663,1512,663000,1512000,1631.538574125828,0.855852928002896,0.7711934912347538,235.181508310568,373.3066450615586,138.12513675099058,0.0012207521680829478,False,False
437_pair_mean_input,1000,663,1513,663000,1513000,574.1196165117077,0.34761101201237804,0.10464024413191776,374.5493155999146,514.0435996789996,139.49428407908502,0.001232852714069805,True,True
437_pair_mean_input,1000,663,1514,663000,1514000,1134.0855456643396,0.8735852566529065,0.37398819434809133,143.36513318880588,709.9509402050633,566.5858070162575,0.005007494425631131,False,True
437_pair_mean_input,1000,663,1515,663000,1515000,1702.1198824848295,0.9394582068320904,0.7759158827589072,103.04938987238324,381.4180313051256,278.3686414327424,0.0024602265058238063,False,False
437_pair_mean_input,1000,663,1516,663000,1516000,2952.961388156075,0.9765921463930118,0.9160615351554726,69.1224878810458,247.86704566698546,178.74455778593983,0.001579747260946324,False,False
437_pair_mean_input,1000,663,1517,663000,1517000,2647.433330415861,0.9384142047241895,0.6674993180060891,163.04428709334843,880.2733878966847,717.2291008033362,0.006338882265842004,False,False
437_pair_mean_input,1000,663,1518,663000,1518000,2737.8338357524435,0.937925165568903,0.8589789291184925,169.9505820541881,386.09225941343493,216.14167735924684,0.0019102636019471184,False,False
437_pair_mean_input,1000,663,1519,663000,1519000,2940.7470384804114,0.952537708331802,0.8611476863575662,139.5745936627468,408.32953013014037,268.7549364673937,0.002375260427557281,False,False
437_pair_mean_input,1000,663,1520,663000,1520000,3383.471370630594,0.8391124138830188,0.7503826380563875,544.3585415166699,844.5731977485476,300.2146562318776,0.0026533019340718457,False,False
437_pair_mean_input,1000,663,1521,663000,1521000,3023.5489777039675,0.8628590399315593,0.5817187068907618,414.6524096162743,1264.6939761731307,850.0415665568564,0.0075126809626667465,False,False
437_pair_mean_input,1000,663,1522,663000,1522000,6997.565455041487,0.9724607144599704,0.9590358144420568,192.7079531514346,286.64956975417294,93.94161660273858,0.0008302575102441499,False,False
437_pair_mean_input,1000,663,1523,663000,1523000,6043.347457231826,0.9862809393251853,0.9816370781489174,82.90905044475039,110.9735170760866,28.064466631336472,0.0002480342050126502,False,False
437_pair_mean_input,1000,663,1524,663000,1524000,6422.397994938873,0.970385518630993,0.955533289970567,190.1959857654656,285.58290933455896,95.3869235690936,0.0008430311563322189,False,False
437_pair_mean_input,1000,663,1525,663000,1525000,6624.732662073264,0.9919275570169824,0.9918354825848615,53.47777669232073,54.087745190133745,0.6099684978125879,5.390911340847418e-06,False,False
437_pair_mean_input,1000,663,1526,663000,1526000,4828.186954228149,0.9775913473713991,0.8940304185491468,108.19316428324146,511.6409507060268,403.4477864227856,0.003565677990037172,False,False
437_pair_mean_input,1000,663,1527,663000,1527000,10440.746480201122,0.9925080377297543,0.9917507428619663,78.2216787028683,86.1284024281994,7.906723725331176,6.987975076203278e-05,False,False
437_pair_mean_input,1000,663,1528,663000,1528000,11095.712882273709,0.9917255208809581,0.991185719666557,91.81124455525787,97.80072384375534,5.989479288497023,5.2935113760661793e-05,False,False
437_pair_mean_input,1000,663,1529,663000,1529000,10393.2788798167,0.9888002167706728,0.9850834512483648,116.40247049589198,155.031851100126,38.62938060423403,0.0003414070837036248,False,False
437_pair_mean_input,1000,663,1530,663000,1530000,13682.874155645035,0.9883341345685184,0.9835014192065787,159.6225686156522,225.74800474312528,66.12543612747322,0.0005844176622504919,False,False
437_pair_mean_input,1000,663,1531,663000,1531000,14511.022267852766,0.9926711092062384,0.9925135110436559,106.34969750693563,108.63660795354265,2.286910446606271,2.021175110898941e-05,False,False
437_pair_mean_input,1000,663,1532,663000,1532000,11715.898409306255,0.9920619321053334,0.9917789822871359,93.00159702008932,96.31660834502304,3.3150113249339483,2.9298123117359528e-05,False,False
437_pair_mean_input,1000,663,1533,663000,1533000,9399.23162998646,0.96255615808562,0.8829257929257606,351.94334326985336,1100.407590187776,748.4642469179216,0.006614938986846441,False,False
437_pair_mean_input,1000,663,1534,663000,1534000,17551.671055475956,0.967977171367989,0.9568016722176709,562.0541544149346,758.202839382069,196.1486849671346,0.0017335652153736708,False,False
437_pair_mean_input,1000,663,1535,663000,1535000,6804.992418394242,0.9281905856121256,0.8472163672282387,488.66252047881517,1039.691462666566,551.0289421877505,0.004870002605426023,False,False
437_pair_mean_input,1000,663,1536,663000,1536000,15994.343861601774,0.9830845933866528,0.960106485936007,270.55082993268843,638.0705817871504,367.5197518544628,0.00324814544581021,False,False
437_pair_mean_input,1000,663,1537,663000,1537000,14305.058313749307,0.9549173722295448,0.91007147152025,644.9096191934168,1286.4328439724886,641.5232247790718,0.005669792522533013,False,False
437_pair_mean_input,1000,663,1538,663000,1538000,14718.555578102112,0.9911538330571356,0.9745744080444717,130.20279980172018,374.22798830358914,244.0251885018697,0.0021566985194559174,False,False
437_pair_mean_input,1000,663,1539,663000,1539000,16190.615595620022,0.9737907740285745,0.9731331466207879,424.3435027620908,434.99089532670837,10.647392564616894,9.410182580393439e-05,False,False
437_pair_mean_input,1000,663,1540,663000,1540000,8903.068111446659,0.9644035719412296,0.9315195359263949,316.917423531444,609.686235950782,292.76881241933734,0.0025874954473513877,False,False
437_pair_mean_input,1000,663,1541,663000,1541000,16690.759954663332,0.9892348018492041,0.9276219383845736,179.67933819931932,1208.0448524069136,1028.365514207595,0.009088710864509996,False,False
437_pair_mean_input,1000,663,1542,663000,1542000,26348.707261816497,0.9931350350379949,0.9931350350379947,180.8829521464977,180.88295214650438,7.275957614183426e-12,6.430502978184636e-17,False,False
437_pair_mean_input,1000,663,1543,663000,1543000,15749.089250503637,0.9867333607015669,0.9866424867263718,208.93748636526107,210.36866871115782,1.4311823458974686,1.2648812466524813e-05,False,False
437_pair_mean_input,1000,663,1544,663000,1544000,13898.274912028242,0.9377676197496151,0.9430740170864141,864.9227291497264,791.1729601704387,-73.74976897928718,-0.0006518016379551979,False,False
437_pair_mean_input,1000,663,1545,663000,1545000,19557.029415464895,0.9572634372162084,0.9212644492019334,835.8002154784735,1539.833483000619,704.0332675221471,0.00622225728021963,False,False
437_pair_mean_input,1000,663,1546,663000,1546000,24110.608017254315,0.9656753288207667,0.9575388565928423,827.5886921236415,1023.763984654401,196.17529253075918,0.0017338003734466048,False,False
437_pair_mean_input,1000,663,1547,663000,1547000,20775.93036262924,0.9925777963829021,0.9924852529469124,154.20318548607975,156.12586146772196,1.9226759816410777,1.6992641081258682e-05,False,False
437_pair_mean_input,1000,663,1548,663000,1548000,24032.75789983647,0.9922304118804727,0.9920615022558545,186.7246302580461,190.78399437344572,4.059364115400967,3.58767249863252e-05,False,False
437_pair_mean_input,1000,663,1549,663000,1549000,12471.772828723055,0.9731985702435892,0.686014868629046,334.2613434069335,3915.9512300553024,3581.68988664837,0.03165503251163593,False,False
437_pair_mean_input,1000,663,1550,663000,1550000,12507.788185511572,0.9732467085441006,0.9029810610803239,334.62450279564655,1213.492337990393,878.8678351947456,0.007767447985999249,False,False
437_pair_mean_input,1000,663,1551,663000,1551000,16134.047017160032,0.9928359886765781,0.9928553523203292,115.58449552355705,115.27208158485239,-0.3124139387055038,-2.76111938771595e-06,False,False
437_pair_mean_input,1000,663,1552,663000,1552000,11250.38958514181,0.992269479013674,0.9923976888825122,86.97137279228264,85.52896181919219,-1.4424109730898635,-1.2748051253266597e-05,False,False
437_pair_mean_input,1000,663,1553,663000,1553000,9045.098454570554,0.9906924373008817,0.9874796164911633,84.18782098561314,113.24810152640916,29.060280540796157,0.0002568352242736961,False,False
437_pair_mean_input,1000,664,1509,664000,1509000,626.3379404763227,0.73840321446494,0.16491254872019712,163.84799188725583,523.0469543522132,359.1989624649574,0.0031746061760847266,False,True
437_pair_mean_input,1000,664,1510,664000,1510000,947.2441355710487,0.76355507638428,0.4372964347026158,223.9710672805353,533.0176522928679,309.0465850123325,0.0027313586619108297,False,True
437_pair_mean_input,1000,664,1511,664000,1511000,1030.48636823635,0.8065431501904717,0.581858611192105,199.35464657066575,430.8890011619513,231.53435459128548,0.002046304329548262,False,False
437_pair_mean_input,1000,664,1512,664000,1512000,3348.059870340789,0.9665024569141288,0.8524544521658328,112.15177976081668,493.9913277510225,381.8395479902056,0.003374704033120267,False,False
437_pair_mean_input,1000,664,1513,664000,1513000,2784.884632054658,0.8602996141791113,0.7285285512035486,389.0494575646994,756.0166657948504,366.9672082301511,0.0032432620564199427,False,False
437_pair_mean_input,1000,664,1514,664000,1514000,2289.7575885012875,0.879325121789819,0.6445452323437938,276.31621812323056,813.9052516097602,537.5890334865296,0.004751220477337128,False,False
437_pair_mean_input,1000,664,1515,664000,1515000,2497.6770649133864,0.8617798268960335,0.7024657388110747,345.2293562701352,743.1445001975279,397.9151439273928,0.0035167804071616193,False,False
437_pair_mean_input,1000,664,1516,664000,1516000,1283.8816463922833,0.7874793452106776,0.5388340011885244,272.85136816328134,592.082561814219,319.2311936509377,0.002821370395973887,False,False
437_pair_mean_input,1000,664,1517,664000,1517000,3377.9336576285914,0.9364619525574065,0.8188834229087495,214.6273089963388,611.7997817110186,397.17247271467977,0.0035102166671037425,False,False
437_pair_mean_input,1000,664,1518,664000,1518000,2612.7806888923396,0.950722684059438,0.839185431804098,128.75081948994693,420.173198274813,291.42237878486594,0.0025755956453521038,False,False
437_pair_mean_input,1000,664,1519,664000,1519000,3154.072519647111,0.9712045475536106,0.9187649463346232,90.82294525196176,256.2212503980232,165.39830514606138,0.0014617928666257152,False,False
437_pair_mean_input,1000,664,1520,664000,1520000,3634.379685813341,0.9594407027340807,0.8937468017901272,147.40788605412172,386.16446512666005,238.75657907253844,0.002110134465041743,False,False
437_pair_mean_input,1000,664,1521,664000,1521000,2976.0647259157195,0.8445258099348738,0.6053641568862586,462.70125284313826,1174.461812272816,711.7605594296776,0.006290551209705714,False,False
437_pair_mean_input,1000,664,1522,664000,1522000,6196.581824133164,0.9776517717659007,0.9753652214477933,138.48262487699958,152.65142101814985,14.168796141149869,0.00012522404694241844,False,False
437_pair_mean_input,1000,664,1523,664000,1523000,5144.549276990417,0.9365290190460966,0.8706674560727083,326.5295891762762,665.3576453524796,338.82805617620306,0.002994567780447569,False,False
437_pair_mean_input,1000,664,1524,664000,1524000,6421.603695909298,0.9928762068230084,0.9927395140924499,45.74617659426258,46.62396313802128,0.8777865437587025,7.757891514990942e-06,False,False
437_pair_mean_input,1000,664,1525,664000,1525000,7297.74096521913,0.992640745280873,0.9924852663843359,53.70593463725527,54.84057934974136,1.1346447124860788,1.0028008118958842e-05,False,False
437_pair_mean_input,1000,664,1526,664000,1526000,5408.977722131397,0.9843478567127159,0.9809870266694712,84.66209434452867,102.84074917630845,18.178654831779568,0.00016066324219271634,False,False
437_pair_mean_input,1000,664,1527,664000,1527000,8620.941361401992,0.9916896284343482,0.9911857333244659,71.64322595894737,75.98727615353906,4.344050194591546,3.839278510810778e-05,False,False
437_pair_mean_input,1000,664,1528,664000,1528000,9604.868799941109,0.9928473776418648,0.9925982697923114,68.69999932541396,71.09264753741023,2.392648211996857,2.1146263170914145e-05,False,False
437_pair_mean_input,1000,664,1529,664000,1529000,12059.721988267007,0.9928769712685902,0.9919780196618858,85.90174621524056,96.74285267300127,10.84110645776127,9.581387229023111e-05,False,False
437_pair_mean_input,1000,664,1530,664000,1530000,16369.093152232215,0.9915143813340336,0.9915840369906366,138.9018823975257,137.76168246601048,-1.1401999315148714,-1.007710523359772e-05,False,False
437_pair_mean_input,1000,664,1531,664000,1531000,10116.957652502157,0.9640374028747578,0.8600295621743301,363.8320721900709,1416.074992084488,1052.2429198944174,0.009299739757917955,False,False
437_pair_mean_input,1000,664,1532,664000,1532000,11091.904341336503,0.9403892857879368,0.934096726686566,661.1963397589534,730.9928033735652,69.79646361461164,0.0006168622619043213,False,False
437_pair_mean_input,1000,664,1533,664000,1533000,11437.848312562155,0.9460400868535637,0.9295788439406493,617.1853015279667,805.4665010021209,188.28119947415507,0.0016640322527368245,False,False
437_pair_mean_input,1000,664,1534,664000,1534000,14022.21086474851,0.9686420057334886,0.9512959939660933,439.7084079005981,682.9378425654231,243.22943466482502,0.002149665634315077,False,False
437_pair_mean_input,1000,664,1535,664000,1535000,18814.821044314187,0.9586385808723445,0.9719184144797786,778.2076990257119,528.350006203571,-249.85769282214096,-0.002208246285936396,False,False
437_pair_mean_input,1000,664,1536,664000,1536000,17338.509195191564,0.9899000694746758,0.9885583530786332,175.1177382841306,198.38110035425427,23.26336207012355,0.0002056019661012084,False,False
437_pair_mean_input,1000,664,1537,664000,1537000,13887.484248249866,0.9542104135838654,0.9522274400854338,635.902160087946,663.440673312111,27.53851322416449,0.0002433858203868069,False,False
437_pair_mean_input,1000,664,1538,664000,1538000,13514.459505122619,0.9901571691943051,0.9898014339124798,133.02053833933678,137.82810840010902,4.807570060771468,4.248938109996369e-05,False,False
437_pair_mean_input,1000,664,1539,664000,1539000,14674.762641391022,0.9921132588796461,0.9916094723923421,115.73605395529194,123.12900107841821,7.39294712312585,6.533898493326741e-05,False,False
437_pair_mean_input,1000,664,1540,664000,1540000,8873.193871655065,0.9670583859019019,0.8955554852539322,292.2973283376705,926.7564281727954,634.459099835125,0.005607359673279236,False,False
437_pair_mean_input,1000,664,1541,664000,1541000,11027.708827037966,0.9643686356522825,0.9013200294148194,392.9323111367303,1088.2139826740433,695.2816715373137,0.006144910534913369,False,False
437_pair_mean_input,1000,664,1542,664000,1542000,14474.144944359465,0.9866185371685436,0.9877107740844672,193.68523259005815,177.87603715540084,-15.80919543465643,-0.0001397219221385891,False,False
437_pair_mean_input,1000,664,1543,664000,1543000,14247.471004977147,0.9896006780674248,0.9899093274398452,148.16403770578836,143.76656472152453,-4.397472984263004,-3.88649365777859e-05,False,False
437_pair_mean_input,1000,664,1544,664000,1544000,18666.908976895636,0.9891930792602913,0.9898735058584341,201.73180576866798,189.03034439567676,-12.701461372991616,-0.00011225571878965132,False,False
437_pair_mean_input,1000,664,1545,664000,1545000,27650.595879870307,0.9854611301560016,0.9853325842984076,402.0084146064328,405.56278416679464,3.5543695603628294,3.1413575030902844e-05,False,False
437_pair_mean_input,1000,664,1546,664000,1546000,21568.49042375528,0.9288315797135084,0.9406310795504057,1534.9953914229845,1280.4979921857637,-254.49739923722154,-0.002249252085450563,False,False
437_pair_mean_input,1000,664,1547,664000,1547000,23726.57159889773,0.9928710695662887,0.9927790660657105,169.14507835901168,171.32800600282926,2.1829276438184024,1.9292749434620232e-05,False,False
437_pair_mean_input,1000,664,1548,664000,1548000,20837.523606194918,0.9885409411405826,0.9780064378472291,238.77840948788798,458.2913705426794,219.51296105479196,0.001940059061176084,False,False
437_pair_mean_input,1000,664,1549,664000,1549000,15156.396771130861,0.9820699982854262,0.9175684272554469,271.7542200931366,1249.365622984784,977.6114028916472,0.008640145216826597,False,False
437_pair_mean_input,1000,664,1550,664000,1550000,6282.8421630605935,0.8994522697851215,0.5338689750720264,631.72551879408,2928.6276569281213,2296.9021381340413,0.02030005783854097,False,False
437_pair_mean_input,1000,664,1551,664000,1551000,15288.589555523366,0.9808238168563237,0.8754428249655708,293.1767933252122,1904.30352529687,1611.1267319716571,0.014239163829075377,False,False
437_pair_mean_input,1000,664,1552,664000,1552000,16866.990538728805,0.9851693764028194,0.9799984747176848,250.14798789709312,337.36553769695627,87.21754979986144,0.000770830100280786,False,False
437_pair_mean_input,1000,664,1553,664000,1553000,12426.78819379198,0.990721668573053,0.9887399407128047,115.29985943447355,139.92637181151642,24.626512377042673,0.0002176495103189883,False,False
437_pair_mean_input,1000,665,1509,665000,1509000,1854.0740203748587,0.729980759146908,0.5427921902681574,500.63565946705967,847.6971219363008,347.0614624692412,0.003067334756968676,False,False
437_pair_mean_input,1000,665,1510,665000,1510000,3638.401032196682,0.935364839818266,0.7080353334680044,235.168633521419,1062.284544074973,827.1159105535539,0.007310063648186118,False,False
437_pair_mean_input,1000,665,1511,665000,1511000,1982.5854355795157,0.9551511575755313,0.6399214304055348,88.91666179335243,713.8865277422916,624.9698659489393,0.0055234936724014175,False,False
437_pair_mean_input,1000,665,1512,665000,1512000,4699.743011819094,0.9848313702389074,0.9568330334343037,71.28866171856589,202.87364945855964,131.58498773999418,0.001162950226506212,False,False
437_pair_mean_input,1000,665,1513,665000,1513000,3495.7635370364856,0.8786949780507367,0.7464468324851535,424.053672589645,886.3619176985042,462.3082451088594,0.004085887665448524,False,False
437_pair_mean_input,1000,665,1514,665000,1514000,2187.433150460436,0.762733632929293,0.5848513795592186,519.004316819779,908.1098547200822,389.10553790030326,0.003438920968173958,False,False
437_pair_mean_input,1000,665,1515,665000,1515000,3137.380805997493,0.9542329906780347,0.767634785681599,143.5885365946424,729.018163384045,585.4296267894028,0.005174036406215752,False,False
437_pair_mean_input,1000,665,1516,665000,1516000,1783.6180713015099,0.9135102562429316,0.7620979897794181,154.26466994734415,424.3263246283864,270.0616546810422,0.002386809224032036,False,False
437_pair_mean_input,1000,665,1517,665000,1517000,2018.6669628790116,0.8881863306355863,0.7971567210641357,225.71456034421908,409.47302582988135,183.75846548566233,0.0016240602573999556,False,False
437_pair_mean_input,1000,665,1518,665000,1518000,2058.750815240944,0.8161697555792711,0.6844379683155664,378.46066556711776,649.6635899894164,271.20292442229857,0.002396895784261242,False,False
437_pair_mean_input,1000,665,1519,665000,1519000,3790.2350914473755,0.983965306395697,0.980140558594423,60.77525837963594,75.27195171196112,14.496693332325322,0.00012812200756313704,False,False
437_pair_mean_input,1000,665,1520,665000,1520000,3831.197623778559,0.8833906724239756,0.8224300108425878,446.7533787196803,680.305720514262,233.55234179458148,0.0020641393327311248,False,False
437_pair_mean_input,1000,665,1521,665000,1521000,2987.611617554697,0.7015030128276899,0.4999306746617408,891.7930666810689,1494.0129259633227,602.2198592822538,0.005322428749567531,False,True
437_pair_mean_input,1000,665,1522,665000,1522000,6246.810536096539,0.9503973892902589,0.8794256258535451,309.8581111995063,753.2052708013206,443.3471596018144,0.003918309288431891,False,False
437_pair_mean_input,1000,665,1523,665000,1523000,7458.167305359137,0.9360388787553892,0.7860838307167831,477.032743280668,1595.4225798357586,1118.3898365550904,0.009884347265464475,False,False
437_pair_mean_input,1000,665,1524,665000,1524000,7512.128026494045,0.9929406270013977,0.9929144700536309,53.03091375227541,53.22740809268238,0.1964943404072983,1.7366201236830119e-06,False,False
437_pair_mean_input,1000,665,1525,665000,1525000,10924.700589167413,0.9835338358817131,0.9847953258239182,179.88791284437684,166.10651292953986,-13.781399914836584,-0.00012180023289739303,False,False
437_pair_mean_input,1000,665,1526,665000,1526000,7577.755139330827,0.9924340864218419,0.9877192744770765,57.33264050062007,93.06033094604462,35.72769044542474,0.00031576189966404423,False,False
437_pair_mean_input,1000,665,1527,665000,1527000,9311.3888925719,0.9882754858767343,0.9860412146654285,109.17151057817864,129.9756787181247,20.80416813994634,0.0001838675708085375,False,False
437_pair_mean_input,1000,665,1528,665000,1528000,14535.867293274134,0.9930593294417482,0.993058757754715,100.88866616108317,100.89697612793137,0.008309966848173644,7.344361993207327e-08,False,False
437_pair_mean_input,1000,665,1529,665000,1529000,13070.676827961608,0.9929602551004175,0.9926048139168482,92.01423053373401,96.66008737551661,4.645856841782006,4.1060157083737385e-05,False,False
437_pair_mean_input,1000,665,1530,665000,1530000,16002.005613544077,0.9918668184270165,0.9911009380633935,130.1472171868554,142.40283906485365,12.255621877997328,0.00010831538220115284,False,False
437_pair_mean_input,1000,665,1531,665000,1531000,15856.57968619384,0.9872398115812973,0.9879933412459898,202.3329444720075,190.38454129789943,-11.948403174108535,-0.00010560017838185102,False,False
437_pair_mean_input,1000,665,1532,665000,1532000,8393.882680468492,0.9687497592394086,0.9291184528005396,262.310854680798,594.9713914023605,332.6605367215625,0.002940059144850564,False,False
437_pair_mean_input,1000,665,1533,665000,1533000,13535.764940120938,0.98307483949475,0.9816086684016472,229.09499417288134,248.9407414511225,19.845747278241106,0.0001753970319016922,False,False
437_pair_mean_input,1000,665,1534,665000,1534000,15469.700392549848,0.9924043156421075,0.9922027407388919,117.50296129297385,120.62126465237661,3.118303359402489,2.755961497141199e-05,False,False
437_pair_mean_input,1000,665,1535,665000,1535000,18730.099122643343,0.9908917056633765,0.9904794665304367,170.5992557631689,178.32053558536367,7.721279822195356,6.824079457972013e-05,False,False
437_pair_mean_input,1000,665,1536,665000,1536000,18406.9844817772,0.9906402303679047,0.9902816659258735,172.2851343709881,178.88522449117266,6.600090120184177,5.8331702058567525e-05,False,False
437_pair_mean_input,1000,665,1537,665000,1537000,12719.68025324135,0.9777352296979186,0.9762973567911349,283.2007591543388,301.49004277342607,18.289283619087655,0.00016164098118458573,False,False
437_pair_mean_input,1000,665,1538,665000,1538000,15227.832590179767,0.9867259624528814,0.9859876010454823,202.13482156328246,213.37846546620506,11.243643902922486,9.937150466963652e-05,False,False
437_pair_mean_input,1000,665,1539,665000,1539000,20376.363465587703,0.9878413074271963,0.9872870774297823,247.7499391297897,259.0431310006297,11.2931918708382,9.980941040265494e-05,False,False
437_pair_mean_input,1000,665,1540,665000,1540000,22383.41369897303,0.9915806150436537,0.9918354832275075,188.454576568809,182.74975657090425,-5.704819997903542,-5.0419290396928875e-05,False,False
437_pair_mean_input,1000,665,1541,665000,1541000,27716.71515892614,0.9899781578675133,0.9906287427208277,277.77254375385746,259.74046868783233,-18.032075066024845,-0.00015936776787825644,False,False
437_pair_mean_input,1000,665,1542,665000,1542000,23457.550015549914,0.9796985232154372,0.9748282489195593,476.22290706340937,590.4676099484097,114.24470288500015,0.0010096965115790626,False,False
437_pair_mean_input,1000,665,1543,665000,1543000,10207.576093335907,0.9736097118137241,0.9745486909327719,269.38087478647503,259.7961739787414,-9.584700807734407,-8.470973905757416e-05,False,False
437_pair_mean_input,1000,665,1544,665000,1544000,15661.427009508237,0.9753615298507693,0.9720568890064712,385.87360186812475,437.62899324373774,51.75539137561282,0.00045741497686740024,False,False
437_pair_mean_input,1000,665,1545,665000,1545000,35309.961472024544,0.8983227889726885,0.9126535225134199,3590.2184039572785,3084.2007547682024,-506.01764918907793,-0.004472192077893985,False,False
437_pair_mean_input,1000,665,1546,665000,1546000,25115.436195511393,0.9748040443241569,0.9729660289029275,632.8074171615699,678.9699761998237,46.162559038253676,0.0004079854352057401,False,False
437_pair_mean_input,1000,665,1547,665000,1547000,20989.0410335429,0.9909401229262254,0.9918072166282503,190.15813166031148,171.95866636858173,-18.19946529173103,-0.00016084716537065571,False,False
437_pair_mean_input,1000,665,1548,665000,1548000,22697.78212923514,0.992916972249122,0.9928525215912145,160.76902070475626,162.23190769602533,1.4628869912703522,1.2929018629484294e-05,False,False
437_pair_mean_input,1000,665,1549,665000,1549000,18325.16422328723,0.99219492611103,0.9920897630187953,143.02926079026656,144.95639172569673,1.9271309354298864,1.7032014034106517e-05,False,False
437_pair_mean_input,1000,665,1550,665000,1550000,16064.797436098688,0.9717690234302554,0.8951876292450116,453.5249200161961,1683.7895049761626,1230.2645849599667,0.010873098081437929,False,False
437_pair_mean_input,1000,665,1551,665000,1551000,9442.61741321205,0.918817530438216,0.7105981750972424,766.5750007316583,2732.7107112421236,1966.1357105104653,0.017376738860196965,False,False
437_pair_mean_input,1000,665,1552,665000,1552000,17916.389447306374,0.9926864439538667,0.9754779294455107,131.03251836722484,439.34696610855434,308.3144477413298,0.002724888020998291,False,False
437_pair_mean_input,1000,665,1553,665000,1553000,6131.811696598109,0.9789135048466809,0.8202019565153156,129.2984176213813,1102.4877460648433,973.1893284434618,0.008601062852117133,False,False
437_pair_mean_input,1000,666,1509,666000,1509000,1395.7401713953564,0.7650031181704592,0.44714088307919553,327.99458812213766,771.647678608529,443.6530904863913,0.003921013110483515,False,True
437_pair_mean_input,1000,666,1510,666000,1510000,1395.907039039661,0.7947974537233646,0.47568711400205294,286.4436787764171,731.8920482237337,445.4483694473165,0.0039368798146578185,False,True
437_pair_mean_input,1000,666,1511,666000,1511000,1286.7893517003542,0.7370991049553325,0.4992537384323656,338.29807229597066,644.3549572889922,306.05688499302164,0.0027049356453163124,False,True
437_pair_mean_input,1000,666,1512,666000,1512000,2662.4911717400837,0.9630899177237413,0.9153316705559738,98.27276820873885,225.42867967070086,127.1559114619622,0.0011238059795125634,False,False
437_pair_mean_input,1000,666,1513,666000,1513000,1503.6373222947461,0.8373242154336089,0.7214151331976528,244.60538110760535,418.89060315051984,174.28522204291448,0.0015403355803170272,False,False
437_pair_mean_input,1000,666,1514,666000,1514000,1238.252418668746,0.7451402661153828,0.6044034235506278,315.5806819039003,489.8484176055106,174.26773570161026,0.0015401810357528656,False,False
437_pair_mean_input,1000,666,1515,666000,1515000,834.3433764351419,0.468384092506053,0.3117787588172632,443.55021122513176,574.2128341027887,130.662622877657,0.0011547983510985405,True,True
437_pair_mean_input,1000,666,1516,666000,1516000,2133.839852870793,0.8775292318564415,0.6948313718079127,261.33300587642384,651.1809806821853,389.8479748057616,0.0034454826374205705,False,False
437_pair_mean_input,1000,666,1517,666000,1517000,421.60494667387877,0.7916228252883086,0.4617042735230962,87.85284763237615,226.94814105607188,139.09529342369572,0.0012293264282751389,False,True
437_pair_mean_input,1000,666,1518,666000,1518000,1376.8675157420105,0.7065136972171707,0.3868146072048227,404.09175661690165,844.2750484671848,440.183291850283,0.0038903469746339875,False,True
437_pair_mean_input,1000,666,1519,666000,1519000,1557.7940582575043,0.960173036151348,0.6643230816707361,62.042207641866526,522.9155088675169,460.87330122565027,0.004073205608455068,False,False
437_pair_mean_input,1000,666,1520,666000,1520000,3828.31886314178,0.967324758621191,0.8467654166683913,125.09124292820525,586.6308458540684,461.53960292586316,0.004079094393539847,False,False
437_pair_mean_input,1000,666,1521,666000,1521000,6107.892788013436,0.9628416959024455,0.9080376437830161,226.95893761226307,561.6962123064385,334.73727469417554,0.00295841338827244,False,False
437_pair_mean_input,1000,666,1522,666000,1522000,6126.873176574616,0.9775001890222893,0.9303513376903108,137.85348835733475,426.7285208895385,288.8750325322035,0.002553082158423206,False,False
437_pair_mean_input,1000,666,1523,666000,1523000,12671.5026429975,0.982326287825482,0.7552266517924912,223.95249053098087,3101.646128746796,2877.6936382158146,0.025433102406722276,False,False
437_pair_mean_input,1000,666,1524,666000,1524000,9103.978833515645,0.988455239790614,0.9871022350186442,105.10325258426383,117.42097938992207,12.317726805658822,0.00010886426654526815,False,False
437_pair_mean_input,1000,666,1525,666000,1525000,5979.18944468557,0.9923989549239962,0.9673987586353439,45.44808848702087,194.9289982511986,149.48090976417734,0.00132111467162274,False,False
437_pair_mean_input,1000,666,1526,666000,1526000,5428.885713612363,0.9807018505944404,0.9720596196002691,104.76744760699967,151.685131984994,46.91768437799419,0.00041465924503750483,False,False
437_pair_mean_input,1000,666,1527,666000,1527000,6069.209610833255,0.9925818962487639,0.9910727353960258,45.02202658116039,54.181440132891716,9.159413551731632,8.095104348604046e-05,False,False
437_pair_mean_input,1000,666,1528,666000,1528000,10913.619691120593,0.9925517314974076,0.9868914631809292,81.2875697946456,143.06158555038996,61.774015755743676,0.0005459597393989437,False,False
437_pair_mean_input,1000,666,1529,666000,1529000,11007.729510829035,0.9865817494825645,0.9821171928736943,147.70447220447204,196.8491037406995,49.14463153622819,0.00043434103964467516,False,False
437_pair_mean_input,1000,666,1530,666000,1530000,18422.415491535146,0.9821213718466637,0.9829363432441406,329.36751625941906,314.3537745613828,-15.013741698036029,-0.00013269168929009876,False,False
437_pair_mean_input,1000,666,1531,666000,1531000,14731.360703186128,0.9595907931934278,0.935248408079158,595.2826011972593,953.8790566914364,358.59645549417655,0.003169281209839142,False,False
437_pair_mean_input,1000,666,1532,666000,1532000,14898.383883016893,0.985197428940044,0.983614581095198,220.53438610685953,244.1162609277832,23.581874820923986,0.00020841698688777718,False,False
437_pair_mean_input,1000,666,1533,666000,1533000,11807.86848425234,0.9889263317970616,0.9866372811362825,130.75641777854435,157.78522693481455,27.028809156270654,0.00023888104768143156,False,False
437_pair_mean_input,1000,666,1534,666000,1534000,11878.59748886454,0.9854892514802266,0.9815237900033487,172.36734092852566,219.47146166995648,47.10412074143096,0.00041630697259983283,False,False
437_pair_mean_input,1000,666,1535,666000,1535000,16296.899615687,0.9867030811564379,0.9773709156917841,216.69855159146755,368.7839153659118,152.08536377444398,0.001344132877826851,False,False
437_pair_mean_input,1000,666,1536,666000,1536000,10398.059485895326,0.9682002160052785,0.9146540044315806,330.65604561573673,887.4327388033836,556.7766931876467,0.004920801320705296,False,False
437_pair_mean_input,1000,666,1537,666000,1537000,10560.0514243858,0.9772165607169158,0.9669526674643009,240.59429045374054,348.9815310157608,108.38724056202045,0.000957928165871413,False,False
437_pair_mean_input,1000,666,1538,666000,1538000,24162.853913151303,0.9891649408770168,0.989524549978839,261.8059507290018,253.1167685358313,-8.689182193171291,-7.679513121716802e-05,False,False
437_pair_mean_input,1000,666,1539,666000,1539000,26547.326077016918,0.9473989830501838,0.9509028512525898,1396.416348949464,1303.398017249302,-93.01833170016107,-0.0008220975035061175,False,False
437_pair_mean_input,1000,666,1540,666000,1540000,21960.250908969992,0.9877514864759637,0.9840580909419216,268.9804302497505,350.0883228833821,81.1078926336304,0.0007168328525143211,False,False
437_pair_mean_input,1000,666,1541,666000,1541000,27568.24354884353,0.9903881663867751,0.9902154350962252,264.98137000034694,269.7432682867297,4.761898286382348,4.208573322733768e-05,False,False
437_pair_mean_input,1000,666,1542,666000,1542000,23902.483476153335,0.9777854478824463,0.9758452042955236,530.9829649199746,577.3596051961074,46.37664027613209,0.00040987748861059643,False,False
437_pair_mean_input,1000,666,1543,666000,1543000,17627.360450852575,0.9473711524882328,0.9532726281661715,927.7076652028773,823.6802262359105,-104.02743896696848,-0.0009193961696340733,False,False
437_pair_mean_input,1000,666,1544,666000,1544000,7878.786069544251,0.9406715981209834,0.8135985062289849,467.4357862527186,1468.6174924653135,1001.1817062125947,0.00884845993461248,False,False
437_pair_mean_input,1000,666,1545,666000,1545000,27597.58455407893,0.8823217965710426,0.8682091827872244,3247.6341693027534,3637.1082214807366,389.47405217798223,0.003442177903254914,False,False
437_pair_mean_input,1000,666,1546,666000,1546000,28010.55585235709,0.9817627834515742,0.970251593455816,510.83457272121086,833.2694030244905,322.43483030327843,0.002849684187953296,False,False
437_pair_mean_input,1000,666,1547,666000,1547000,29347.174757120425,0.9847621207838173,0.9834818182100757,447.18870428520677,484.76196765879143,37.57326337358609,0.00033207310272529296,False,False
437_pair_mean_input,1000,666,1548,666000,1548000,26389.974122006894,0.9859163241661305,0.9873177226773631,371.66784079854915,334.6849703525036,-36.982870446045126,-0.000326855200587641,False,False
437_pair_mean_input,1000,666,1549,666000,1549000,17166.587266362083,0.99188946912643,0.9914682188262488,139.23013601766434,146.46156605670504,7.231430039038969,6.391149436044752e-05,False,False
437_pair_mean_input,1000,666,1550,666000,1550000,17869.397747273255,0.9840639064978604,0.9825125951177359,284.76839332747113,312.4893934087851,27.721000081313832,0.00024499864214938956,False,False
437_pair_mean_input,1000,666,1551,666000,1551000,5835.037194486943,0.9028330754693955,0.7900390226191223,566.9726187099832,1225.1301124082531,658.1574936982697,0.005816806457326022,False,False
437_pair_mean_input,1000,666,1552,666000,1552000,8147.137653821093,0.7296029425257478,0.5349591998542661,2202.962048430907,3788.7514134303983,1585.7893649994912,0.014015231774473716,False,False
437_pair_mean_input,1000,666,1553,666000,1553000,11307.017131292727,0.9171570786870726,0.9174028602560054,936.7063304916046,933.9272740811266,-2.779056410478006,-2.456134501015443e-05,False,False
437_pair_mean_input,1000,667,1509,667000,1509000,1410.1823161125446,0.8285052812385438,0.5774224973938682,241.8388197040997,595.9113213621698,354.0725016580701,0.0031292984334695506,False,False
437_pair_mean_input,1000,667,1510,667000,1510000,1981.7645887949686,0.6395399377509045,0.5550760418492754,714.3469870400877,881.7345449696006,167.38755792951292,0.0014793739145463505,False,False
437_pair_mean_input,1000,667,1511,667000,1511000,1470.9016963568843,0.8783161736062887,0.6473684472052745,178.98494666170654,518.6863491947239,339.70140253301736,0.0030022864295193193,False,False
437_pair_mean_input,1000,667,1512,667000,1512000,303.2215980052069,0.420832922990012,0.200441042163846,175.6159666029733,242.44354489445644,66.82757829148318,0.0005906232059276204,True,True
437_pair_mean_input,1000,667,1513,667000,1513000,850.5235229378056,0.8784352059788357,0.5736044751462214,103.39371687608934,362.65942396355047,259.2657070874611,0.0022913944665057997,False,False
437_pair_mean_input,1000,667,1514,667000,1514000,1690.0461041270282,0.8794632009114413,0.6264944580878834,203.71274770356104,631.2415859784271,427.5288382748661,0.0037785067115112475,False,False
437_pair_mean_input,1000,667,1515,667000,1515000,2326.5050353028464,0.9293541437903103,0.8486319209935899,164.35794019512377,352.15859799253224,187.80065779740858,0.0016597852177108968,False,False
437_pair_mean_input,1000,667,1516,667000,1516000,3932.152142215179,0.9854749612750953,0.9771973876869681,57.11466213789254,89.66334085479073,32.548678716898394,0.0002876657431552122,False,False
437_pair_mean_input,1000,667,1517,667000,1517000,788.4078238118076,0.8838665042245379,0.6173412110007125,91.5605566759898,301.6911830973899,210.1306264214001,0.0018571378376044398,False,False
437_pair_mean_input,1000,667,1518,667000,1518000,2790.9388615017715,0.91220663339217,0.8545133560605459,245.02591864786473,406.0443284000936,161.01840975222876,0.0014230832810733277,False,False
437_pair_mean_input,1000,667,1519,667000,1519000,2726.378325434962,0.9661026387721545,0.8947364727776626,92.41703094103741,286.9881990778139,194.57116813677658,0.0017196230963926874,False,False
437_pair_mean_input,1000,667,1520,667000,1520000,5799.323876809396,0.9855453181039193,0.9676773303567398,83.82738185162543,187.44962982438142,103.62224797275576,0.000915815085145704,False,False
437_pair_mean_input,1000,667,1521,667000,1521000,6698.029978831685,0.9861696604627558,0.9812979403595683,92.6360288378828,125.26695613750965,32.63092729962682,0.00028839265744503103,False,False
437_pair_mean_input,1000,667,1522,667000,1522000,5786.711833665413,0.978397107397732,0.9219507781209384,125.00971426294745,451.64835585594324,326.63864159299555,0.0028868375393768337,False,False
437_pair_mean_input,1000,667,1523,667000,1523000,4211.791769448075,0.8571034404522176,0.6896040164709165,601.8505533857965,1307.323248697534,705.4726953117374,0.006234978966049409,False,False
437_pair_mean_input,1000,667,1524,667000,1524000,8616.40003790171,0.9831155082585478,0.975252186576386,145.4835352810005,213.23706052121202,67.75352524021218,0.0005988067398721225,False,False
437_pair_mean_input,1000,667,1525,667000,1525000,9297.283498506165,0.9900602789684524,0.9703647318611855,92.41240432636187,275.52748944080514,183.115085114443,0.0016183740513874764,False,False
437_pair_mean_input,1000,667,1526,667000,1526000,7840.851548562617,0.9743291440027242,0.976297392281156,201.28137099916785,185.8486284372704,-15.432742561897612,-0.0001363948256273302,False,False
437_pair_mean_input,1000,667,1527,667000,1527000,6171.853414336486,0.9831674742003629,0.9798006148458629,103.88788182839744,124.66764423105883,20.779762402661618,0.00018365187251201599,False,False
437_pair_mean_input,1000,667,1528,667000,1528000,11260.021767197999,0.9761765331168778,0.9659010199472899,268.252755674077,383.95525763276567,115.70250195868903,0.0010225805631115742,False,False
437_pair_mean_input,1000,667,1529,667000,1529000,14592.549384138847,0.9890893806662,0.9880216359458075,159.2137514400165,174.7948690019977,15.581117561981955,0.0001377061662515122,False,False
437_pair_mean_input,1000,667,1530,667000,1530000,15502.176774985759,0.9792264602234149,0.9793767254583344,322.0350858588208,319.7056476239631,-2.329438234857662,-2.0587612381838328e-05,False,False
437_pair_mean_input,1000,667,1531,667000,1531000,13247.229067313834,0.9872270191387611,0.9849422293336452,169.2066033412466,199.47373726028133,30.267133919034677,0.0002675014137356395,False,False
437_pair_mean_input,1000,667,1532,667000,1532000,18717.644668315985,0.992884148476387,0.9928807753546476,133.19198033148496,133.25511722562445,0.06313689413946122,5.580048803551183e-07,False,False
437_pair_mean_input,1000,667,1533,667000,1533000,10989.77610574087,0.9835405376960225,0.9798730446035617,180.8858055415949,221.19073349708958,40.30492795549435,0.0003562155979964587,False,False
437_pair_mean_input,1000,667,1534,667000,1534000,10027.451194918469,0.9806265587365388,0.95903843269394,194.26623674697657,410.74011702888504,216.47388028190835,0.0019131996166915864,False,False
437_pair_mean_input,1000,667,1535,667000,1535000,5424.510258153384,0.8460046319911909,0.6784636961301371,835.3494534718902,1744.1769787107946,908.8275252389044,0.0080322322058508,False,False
437_pair_mean_input,1000,667,1536,667000,1536000,4575.542677510751,0.9378262784977108,0.6463793868621822,284.47851615339187,1618.006207059604,1333.5276909062122,0.011785739063608427,False,False
437_pair_mean_input,1000,667,1537,667000,1537000,14442.715501983508,0.9899321587295994,0.9858663288290039,145.40696718752406,204.12859172128228,58.721624533758586,0.0005189826569523706,False,False
437_pair_mean_input,1000,667,1538,667000,1538000,21964.31260378056,0.9904518249697164,0.9911009720626567,209.71910116076106,195.46103148558515,-14.258069675175648,-0.0001260130478641758,False,False
437_pair_mean_input,1000,667,1539,667000,1539000,14937.601707747734,0.9572485603422962,0.9222810177061277,638.6039780395895,1160.9352026373629,522.331224597774,0.004616371718311301,False,False
437_pair_mean_input,1000,667,1540,667000,1540000,20306.52282324142,0.9720201972858088,0.9686134001910188,568.1725024055158,637.352705365021,69.18020295950555,0.0006114157403766633,False,False
437_pair_mean_input,1000,667,1541,667000,1541000,20344.20533191005,0.9891209227125984,0.990479468219893,221.3261821566157,193.68765340347258,-27.638528753144783,-0.00024426975923180343,False,False
437_pair_mean_input,1000,667,1542,667000,1542000,15960.33576013999,0.9685410811409632,0.9548548589106121,502.09490764122893,720.5316097255236,218.43670208429467,0.0019305470671787722,False,False
437_pair_mean_input,1000,667,1543,667000,1543000,28925.3154871582,0.9540894583335171,0.9500803953035758,1327.9769018893385,1443.9403148382942,115.96341294895683,0.0010248864986171463,False,False
437_pair_mean_input,1000,667,1544,667000,1544000,16481.49809493336,0.9609989590892336,0.9616350413799931,642.795581471215,632.3119924078405,-10.483589063374893,-9.265412783972357e-05,False,False
437_pair_mean_input,1000,667,1545,667000,1545000,18959.68080506418,0.9358661652878325,0.9097672028417428,1215.9570349474416,1710.7850322686581,494.82799732121566,0.004373297755693879,False,False
437_pair_mean_input,1000,667,1546,667000,1546000,23530.072314537,0.9924949813146835,0.9925135101936804,176.59363238744845,176.15764652474445,-0.4359858627030917,-3.853250028688183e-06,False,False
437_pair_mean_input,1000,667,1547,667000,1547000,8810.496604923097,0.8827982408066134,0.6285537581709686,1032.6057014643475,3272.625852546125,2240.020151081778,0.019797333927077266,False,False
437_pair_mean_input,1000,667,1548,667000,1548000,6846.209953069344,0.9735751067710567,0.5614658146091884,180.91036703278587,3002.297104783731,2821.386737750945,0.024935461119717162,False,False
437_pair_mean_input,1000,667,1549,667000,1549000,10824.777019831614,0.9631174857121602,0.7224563693643191,399.2449930966195,3004.347914905752,2605.1029218091326,0.023023941294703653,False,False
437_pair_mean_input,1000,667,1550,667000,1550000,7470.627186961035,0.8554984334192264,0.6112630210825101,1079.5173318567877,2904.109043278099,1824.5917114213107,0.016125770732080505,False,False
437_pair_mean_input,1000,667,1551,667000,1551000,8100.947487306251,0.9321263475680789,0.7539810276731512,549.8408941226689,1992.9867757008517,1443.1458815781825,0.012754546386242105,False,False
437_pair_mean_input,1000,667,1552,667000,1552000,2191.7182645467715,0.5684511351700129,0.14034925680982918,945.8335290923087,1884.1122349811035,938.2787058887948,0.00829252221154159,False,True
437_pair_mean_input,1000,667,1553,667000,1553000,12268.622323098156,0.9022504652197524,0.789899692087161,1199.2521244774052,2577.641327749252,1378.3892032718468,0.012182225827509753,False,False
437_pair_mean_input,1000,668,1509,668000,1509000,487.1267795178776,0.5692754936671107,0.38001514894516636,209.81744162936803,302.0112238442121,92.1937822148441,0.0008148101219652254,False,True
437_pair_mean_input,1000,668,1510,668000,1510000,911.3166089762925,0.772386443694297,0.6154183546095129,207.42801428954772,350.4756409517817,143.04762666223405,0.0012642572126596644,False,False
437_pair_mean_input,1000,668,1511,668000,1511000,751.3605683481288,0.8007302266305477,0.5706975613918444,149.72345017347448,322.5609242658615,172.83747409238703,0.0015275403607717959,False,False
437_pair_mean_input,1000,668,1512,668000,1512000,198.72268489155286,0.4090189904982759,0.17625521623091367,117.44133292810292,163.6967750960045,46.25544216790156,0.0004088063377913455,True,True
437_pair_mean_input,1000,668,1513,668000,1513000,2192.6991169524204,0.7931195211452453,0.715129515968923,453.6266432995144,624.635258780751,171.00861548123657,0.001511376879111655,False,False
437_pair_mean_input,1000,668,1514,668000,1514000,3488.0923185835545,0.9925189030464755,0.9923976814270459,26.094756818167752,26.517589017746374,0.42283219957880647,3.7369977435870878e-06,False,False
437_pair_mean_input,1000,668,1515,668000,1515000,3475.116053667769,0.9723724281527248,0.9138819980940498,96.00901845032558,299.2700509331591,203.26103248283334,0.001796424256487969,False,False
437_pair_mean_input,1000,668,1516,668000,1516000,2773.0152064157273,0.9609606990306833,0.9442553438673933,108.25657523575546,154.58077913213413,46.32420389637855,0.0004094140550475517,False,False
437_pair_mean_input,1000,668,1517,668000,1517000,2399.9178319873677,0.9839955968981866,0.8663998155106867,38.40925239435592,320.6294651127052,282.2202127183491,0.002494266754456514,False,False
437_pair_mean_input,1000,668,1518,668000,1518000,2237.8029744036608,0.9243208934071568,0.7621528832243949,169.35492983367612,532.2549853737839,362.9000555401078,0.003207316495886341,False,False
437_pair_mean_input,1000,668,1519,668000,1519000,3091.0849438723294,0.9597403442127869,0.8599051193757218,124.44601584933707,433.0451762112977,308.59916036196046,0.002727404315693746,False,False
437_pair_mean_input,1000,668,1520,668000,1520000,3848.0335574309106,0.9784930730011796,0.9609288792905701,82.75937680867764,150.34698361631993,67.58760680764226,0.0005973403501110046,False,False
437_pair_mean_input,1000,668,1521,668000,1521000,3972.794167876707,0.9533160634892502,0.8930411398012879,185.46567070343326,424.9255360001837,239.4598652967502,0.0021163501199412357,False,False
437_pair_mean_input,1000,668,1522,668000,1522000,4096.429080877678,0.9856267996951135,0.968189578664032,58.878795714217176,130.3091350356311,71.43033932141407,0.0006313024815368482,False,False
437_pair_mean_input,1000,668,1523,668000,1523000,2490.606246801071,0.8386979238313134,0.7161048476113412,401.73995852771304,707.0710399757356,305.3310814480226,0.0026985209819755103,False,False
437_pair_mean_input,1000,668,1524,668000,1524000,10358.931824439594,0.9370183670912977,0.8556513649786731,652.4224414931286,1495.297669136839,842.8752276437099,0.007449344744718147,False,False
437_pair_mean_input,1000,668,1525,668000,1525000,7692.398315197958,0.9792785239214526,0.9145414792754697,159.3978476750326,657.3809808406867,497.9831331656542,0.004401182896757219,False,False
437_pair_mean_input,1000,668,1526,668000,1526000,12364.167113693295,0.9826937637124963,0.9687542351828816,213.9771975677595,386.3278577940101,172.35066022625142,0.0015232378920357161,False,False
437_pair_mean_input,1000,668,1527,668000,1527000,9195.369967525115,0.9768722963461031,0.9077596765265247,212.66779159686484,848.183900262797,635.5161086659318,0.005616701534234035,False,False
437_pair_mean_input,1000,668,1528,668000,1528000,5862.987046717586,0.9791954198337866,0.7835143334734883,121.9769840269073,1269.252658644961,1147.275674618054,0.010139640764328668,False,False
437_pair_mean_input,1000,668,1529,668000,1529000,12213.97605142155,0.9910243153846475,0.9112696392827011,109.6287969370278,1083.7505008350843,974.1217038980558,0.0086093032012993,False,False
437_pair_mean_input,1000,668,1530,668000,1530000,13769.351487175449,0.9811282419991332,0.9743195966250152,259.8518690948513,353.6025004026121,93.75063130776107,0.0008285695791520992,False,False
437_pair_mean_input,1000,668,1531,668000,1531000,15200.832975327245,0.9904120863339929,0.9898805211673597,145.74427421883047,153.8245075323248,8.080233313494318,7.141323127771318e-05,False,False
437_pair_mean_input,1000,668,1532,668000,1532000,15182.210497482663,0.9764344984816746,0.9732517411373913,357.77640452996275,406.09769649328115,48.3212919633188,0.00042706435132899525,False,False
437_pair_mean_input,1000,668,1533,668000,1533000,12900.47289546116,0.9688319113127283,0.9664198029394373,402.0830833134787,433.2004220040336,31.117338690555698,0.00027501553710639016,False,False
437_pair_mean_input,1000,668,1534,668000,1534000,21106.412051201307,0.9911182376141645,0.9909596799012091,187.4621366563042,190.8087210798367,3.3465844235324766,2.9577166667823008e-05,False,False
437_pair_mean_input,1000,668,1535,668000,1535000,12913.835801841891,0.9654983278722797,0.8455225937921088,445.54892874636425,1994.895858863138,1549.3469301167734,0.013693152952039676,False,False
437_pair_mean_input,1000,668,1536,668000,1536000,18732.61579130203,0.9709396298362134,0.9460692328102347,544.3767490312312,1010.2643410960309,465.8875920647988,0.004117521991101076,False,False
437_pair_mean_input,1000,668,1537,668000,1537000,24650.843017944822,0.9727972204602169,0.9707319941689373,670.5714480869538,721.4810171898204,50.90956910286695,0.00044993958609092775,False,False
437_pair_mean_input,1000,668,1538,668000,1538000,22840.098523529552,0.9927845522323685,0.9928242683743507,164.8015379040844,163.89441730823754,-0.9071205958462087,-8.017146336573768e-06,False,False
437_pair_mean_input,1000,668,1539,668000,1539000,25403.50536563951,0.9923006870633069,0.9911292292321623,195.5895374990214,225.34867279812337,29.759135299100308,0.0002630117138066106,False,False
437_pair_mean_input,1000,668,1540,668000,1540000,27529.609973167328,0.9861360766456371,0.9846880188694003,381.66840264349594,421.5328684419082,39.8644657984114,0.00035232278640643766,False,False
437_pair_mean_input,1000,668,1541,668000,1541000,28126.49777718455,0.9830117885655624,0.983670822124331,477.8188911490506,459.2825852232556,-18.536305925794295,-0.0001638241682826779,False,False
437_pair_mean_input,1000,668,1542,668000,1542000,10984.822567984495,0.9566482552293043,0.9518603347924033,476.21122431864205,528.8056807876263,52.59445646898348,0.0004648306475844655,False,False
437_pair_mean_input,1000,668,1543,668000,1543000,37719.35682474525,0.962902179001031,0.9626805964310311,1399.3059476806375,1407.6638997046093,8.357952023972757,7.386771368336642e-05,False,False
437_pair_mean_input,1000,668,1544,668000,1544000,22978.17424020439,0.9625888105415458,0.8958094223317113,859.6408299096584,2394.109247849485,1534.4684179398282,0.01356165642342014,False,False
437_pair_mean_input,1000,668,1545,668000,1545000,15696.930290903596,0.9493334579105035,0.9069328735530057,795.3091792599589,1460.8681962131805,665.5590169532225,0.0058822212382495615,False,False
437_pair_mean_input,1000,668,1546,668000,1546000,13821.078618465302,0.9885244591022672,0.987566745575968,158.60435293697992,171.84098687792755,13.236633940947286,0.00011698558250597243,False,False
437_pair_mean_input,1000,668,1547,668000,1547000,4293.275445830116,0.8885889971776862,0.6803937237806447,478.31812281234943,1372.157778025756,893.8396552134063,0.007899769170816442,False,False
437_pair_mean_input,1000,668,1548,668000,1548000,1051.114804926272,0.33393160180545073,0.2381645012167109,700.1143544358181,800.7765716895061,100.66221725368794,0.0008896542863013311,True,True
437_pair_mean_input,1000,668,1549,668000,1549000,4621.485119674727,0.7917407978721498,0.5206987019104284,962.466803669191,2215.0838169617355,1252.6170132925445,0.011070649200595228,False,False
437_pair_mean_input,1000,668,1550,668000,1550000,8145.364546936337,0.8544503265684937,0.7173008439250114,1185.555149787153,2302.6876833420347,1117.1325335548818,0.009873235201436558,False,False
437_pair_mean_input,1000,668,1551,668000,1551000,2617.5466058152565,0.40293037404550186,0.22960510720940894,1562.8575728525814,2016.54453676142,453.6869639088387,0.004009692644294979,True,True
437_pair_mean_input,1000,668,1552,668000,1552000,640.9204948281932,0.14702753096836452,0.062321257436177536,546.6875369265815,600.9775236738831,54.28998674730156,0.0004798157713062869,True,True
437_pair_mean_input,1000,668,1553,668000,1553000,5753.043185000149,0.8261957522574883,0.6487614296020278,999.9033429991341,2020.6906637372492,1020.7873207381149,0.009021734669404414,False,False
437_pair_mean_input,1000,669,1509,669000,1509000,377.80559520450294,0.6049135405392427,0.3678259293673482,149.26587497381112,238.83890102822247,89.57302605441137,0.0007916478370971739,False,True
437_pair_mean_input,1000,669,1510,669000,1510000,1067.62241378232,0.481628904343263,0.305389610705573,553.4246003800315,741.5816204567932,188.15702007676168,0.0016629347532362629,True,True
437_pair_mean_input,1000,669,1511,669000,1511000,779.5889927372311,0.6793401349349794,0.3649882636654387,249.98290121729588,495.0481599053808,245.06525868808495,0.002165890676398861,False,True
437_pair_mean_input,1000,669,1512,669000,1512000,1345.1234016920635,0.8282922288258148,0.4262220078342461,230.96814125878245,771.8022046380411,540.8340633792586,0.0047799001034372225,False,True
437_pair_mean_input,1000,669,1513,669000,1513000,828.5377441151805,0.6918275016725149,0.5302156575670164,255.33254656259373,389.2340593000577,133.90151273746397,0.0011834237114894538,False,False
437_pair_mean_input,1000,669,1514,669000,1514000,1667.444378696204,0.9353176018821701,0.8706102518833071,107.85430114216547,215.75020815809734,107.89590701593193,0.0009535857521316114,False,False
437_pair_mean_input,1000,669,1515,669000,1515000,2613.189641526174,0.8606796899431092,0.6688996900821623,364.07039109488187,865.2279001833994,501.1575090885174,0.004429238081941445,False,False
437_pair_mean_input,1000,669,1516,669000,1516000,2517.908173553866,0.9566203368515609,0.8919694910523682,109.22600840746827,272.0109014724261,162.78489306495794,0.0014386954888482534,False,False
437_pair_mean_input,1000,669,1517,669000,1517000,2493.8093309259407,0.98147916411598,0.9502219666758995,46.187433344116926,124.13692397878417,77.9494906346672,0.0006889188451250456,False,False
437_pair_mean_input,1000,669,1518,669000,1518000,1660.4133999955802,0.8228407211083933,0.7341016499026706,294.1576406051779,441.50118353832187,147.3435429331439,0.0013022245893803135,False,False
437_pair_mean_input,1000,669,1519,669000,1519000,2617.2552182240593,0.9606600910445667,0.8492824939361847,102.96258199806698,394.46617922323685,291.50359722516987,0.002576313455226697,False,False
437_pair_mean_input,1000,669,1520,669000,1520000,5680.6757425972955,0.976337519032878,0.946520718015882,134.41888163959993,303.79845989869966,169.37957825909962,0.0014969794220839989,False,False
437_pair_mean_input,1000,669,1521,669000,1521000,8448.390820957364,0.9840831407657695,0.865723005957514,134.47184745294362,1134.4245239342858,999.9526764813418,0.008837597750187857,False,False
437_pair_mean_input,1000,669,1522,669000,1522000,6729.845281844165,0.9812826979149808,0.9486961209562457,125.96454712571813,345.2671683229138,219.30262119719555,0.001938200074150008,False,False
437_pair_mean_input,1000,669,1523,669000,1523000,9751.158831614905,0.9794004811793214,0.9223940990801284,200.86917987527704,756.7474661402375,555.8782862649605,0.004912861185951496,False,False
437_pair_mean_input,1000,669,1524,669000,1524000,11009.580424884696,0.9854782082163819,0.9812414550530885,159.87883455517294,206.523709246837,46.64487469166488,0.0004122481486658073,False,False
437_pair_mean_input,1000,669,1525,669000,1525000,10871.63658461066,0.9888436484572729,0.9882877045684638,121.28779958268933,127.33181950325702,6.0440199205677345,5.3417144739345746e-05,False,False
437_pair_mean_input,1000,669,1526,669000,1526000,12085.381669599414,0.9865572622343262,0.9844346203782668,162.4606165825062,188.1135535608508,25.65293697834386,0.00022672106736418423,False,False
437_pair_mean_input,1000,669,1527,669000,1527000,21256.44221458922,0.9763685326690626,0.9682149937562736,502.3209197660217,675.6361485101273,173.3152287441044,0.0015317627640259342,False,False
437_pair_mean_input,1000,669,1528,669000,1528000,8083.380073096706,0.9415353646728962,0.7930072514931025,472.59186818397666,1673.2010585561734,1200.6091903721972,0.010611003229697519,False,False
437_pair_mean_input,1000,669,1529,669000,1529000,4368.363927842969,0.9505931250986995,0.7645818853903217,215.8272101062912,1028.3919998217207,812.5647897154295,0.007181460609456095,False,False
437_pair_mean_input,1000,669,1530,669000,1530000,10476.327992923469,0.9921903473740509,0.9911291936713627,81.81648242023948,92.93347666050612,11.11699424026665,9.825217292517056e-05,False,False
437_pair_mean_input,1000,669,1531,669000,1531000,13748.185482045987,0.9623736895721244,0.9710145017939165,517.2934947674748,398.49800562674767,-118.79548914072802,-0.0010499164333024852,False,False
437_pair_mean_input,1000,669,1532,669000,1532000,17436.33047165652,0.9916094926035509,0.9914682114912005,146.29965978936525,148.76308395371044,2.4634241643434507,2.1771782169899825e-05,False,False
437_pair_mean_input,1000,669,1533,669000,1533000,16210.013896278297,0.9822934143394774,0.983303661635114,287.02399961271476,270.6478769117672,-16.376122700947235,-0.00014473243438675075,False,False
437_pair_mean_input,1000,669,1534,669000,1534000,21171.923768088196,0.9878106849890517,0.9885583565721269,258.0712481970113,242.24160243657715,-15.829645760433777,-0.00013990266244493687,False,False
437_pair_mean_input,1000,669,1535,669000,1535000,17004.98534161184,0.9642830836251364,0.9701107028798969,607.3656394021309,508.2670593984347,-99.09858000369786,-0.0008758348352736603,False,False
437_pair_mean_input,1000,669,1536,669000,1536000,19442.674534342714,0.9888762159420529,0.9888408419659005,216.2761130289764,216.9638777342923,0.6877647053152032,6.07847546719944e-06,False,False
437_pair_mean_input,1000,669,1537,669000,1537000,21530.7462954533,0.9924753009568466,0.9924852667064549,162.0123860477761,161.79781602131635,-0.21457002645911416,-1.8963733261512995e-06,False,False
437_pair_mean_input,1000,669,1538,669000,1538000,30755.1868572733,0.9931093747582377,0.9931067840290636,211.9224668738425,212.00214523368942,0.07967835984527483,7.041986188637383e-07,False,False
437_pair_mean_input,1000,669,1539,669000,1539000,28382.235084539545,0.9913254243651921,0.9915812169097702,246.20384492573794,238.94388079264874,-7.259964133088943,-6.416367914009835e-05,False,False
437_pair_mean_input,1000,669,1540,669000,1540000,19862.94183792377,0.9904120310732392,0.9888690791521477,190.44526913607115,221.0928334034229,30.64756426735039,0.0002708636632394947,False,False
437_pair_mean_input,1000,669,1541,669000,1541000,24881.93968928936,0.9661838581163122,0.9605660388326234,841.4112028743693,981.1934434764439,139.78224060207503,0.0012353976784262016,False,False
437_pair_mean_input,1000,669,1542,669000,1542000,17683.3435641196,0.9582945541118535,0.9639459912623806,737.4917281348935,637.5554233710945,-99.93630476379985,-0.0008832386601038568,False,False
437_pair_mean_input,1000,669,1543,669000,1543000,25551.844212225777,0.9631537628657562,0.9717265454778692,941.4893110609264,722.438905290937,-219.0504057699909,-0.001935970990169884,False,False
437_pair_mean_input,1000,669,1544,669000,1544000,33490.641099934575,0.9621746606079409,0.9625221227373133,1266.794866062668,1255.1581365920388,-11.63672947062878,-0.00010284560120490118,False,False
437_pair_mean_input,1000,669,1545,669000,1545000,28403.6502378943,0.961887573797255,0.9668990585098272,1082.5320235803265,940.1875646318731,-142.3444589484534,-0.0012580426051572577,False,False
437_pair_mean_input,1000,669,1546,669000,1546000,19835.974320909714,0.9643133786772333,0.974800021757096,707.8789041584278,499.866121313727,-208.01278284470027,-0.0018384203021961111,False,False
437_pair_mean_input,1000,669,1547,669000,1547000,3781.820910955876,0.7119336554560339,0.4446099573425713,1089.415325538991,2100.3856770585403,1010.9703515195488,0.008934972138416496,False,True
437_pair_mean_input,1000,669,1548,669000,1548000,1733.7891875548532,0.6968814313936251,0.46238487671643985,525.5436967968367,932.1112878150061,406.5675910181693,0.0035932508729562005,False,True
437_pair_mean_input,1000,669,1549,669000,1549000,2384.5712599459125,0.5079494923071908,0.37167100991942886,1173.329499086068,1498.2952515369702,324.9657524509023,0.0028720525183791395,False,True
437_pair_mean_input,1000,669,1550,669000,1550000,4998.571806292787,0.7055026046451611,0.591262750669175,1472.0663774473583,2043.1024906867272,571.0361132393691,0.005046826303218993,False,False
437_pair_mean_input,1000,669,1551,669000,1551000,1130.0599007723083,0.22530163471309803,0.11506207240772641,875.4555578045859,1000.0328666445769,124.57730883999093,0.0011010162482917307,True,True
437_pair_mean_input,1000,669,1552,669000,1552000,2631.6374773658385,0.7551745364085101,0.20752179079703748,644.2918654008304,2085.5153553342816,1441.2234899334512,0.012737556258135005,False,True
437_pair_mean_input,1000,669,1553,669000,1553000,11071.633071970215,0.8928494936261483,0.8862367640091194,1186.3310900470915,1259.5448059709854,73.21371592389369,0.0006470639924768169,False,False
437_pair_mean_input,1000,670,1509,670000,1509000,646.8339683260037,0.6346802435645411,0.26214180618523947,236.30122776303705,477.27174356705916,240.97051580402209,0.002129701273289176,False,True
437_pair_mean_input,1000,670,1510,670000,1510000,1105.8157729016468,0.47239246084318337,0.24454261989589376,583.4367387014311,835.3966866740755,251.95994797264433,0.002226826050584645,True,True
437_pair_mean_input,1000,670,1511,670000,1511000,537.7364655109704,0.6338988961467615,0.3811050560712326,196.8659136057052,332.80237967086566,135.93646606516043,0.001201408661551161,False,True
437_pair_mean_input,1000,670,1512,670000,1512000,301.3509545691557,0.5160803855668366,0.24095325085269653,145.82963774417158,228.73946241815435,82.9098246739828,0.000732758356711026,False,True
437_pair_mean_input,1000,670,1513,670000,1513000,245.77972630425137,0.3626340203786404,0.19351806518384226,156.65163602697882,198.21690920843832,41.565273181459524,0.0003673545492642767,True,True
437_pair_mean_input,1000,670,1514,670000,1514000,1030.5672366002875,0.8422091982058248,0.5839772737751292,162.6140305659668,428.73939132848307,266.12536076251627,0.002352020195414348,False,False
437_pair_mean_input,1000,670,1515,670000,1515000,3407.205192209177,0.9659613296835893,0.9021681352071145,115.97673423797096,333.33323768582574,217.35650344785472,0.0019210002543508394,False,False
437_pair_mean_input,1000,670,1516,670000,1516000,3968.7443342349848,0.935459574015328,0.8906118822103863,256.1444499557797,434.13347271015834,177.98902275437877,0.0015730698302516958,False,False
437_pair_mean_input,1000,670,1517,670000,1517000,2645.451033987617,0.8755311804109497,0.6280777397585419,329.2761674810713,983.902127918777,654.6259604377058,0.005785594709878036,False,False
437_pair_mean_input,1000,670,1518,670000,1518000,1554.7879415584923,0.9179540031367572,0.7331967779376992,127.56412657611577,414.82243243141795,287.2583058553023,0.0025387935021912657,False,False
437_pair_mean_input,1000,670,1519,670000,1519000,3936.8238226484923,0.9840325310484103,0.9402214759345301,62.86111215601841,235.33751762370812,172.4764054676898,0.001524349230490995,False,False
437_pair_mean_input,1000,670,1520,670000,1520000,7440.4525482910585,0.9715132020816798,0.9615444656715396,211.95466816401768,286.12657839008733,74.17191022606949,0.0006555325290469169,False,False
437_pair_mean_input,1000,670,1521,670000,1521000,7578.925787020779,0.943443003282455,0.8515909297866775,428.6412808590512,1124.7813292675273,696.1400484084761,0.006152496883431473,False,False
437_pair_mean_input,1000,670,1522,670000,1522000,10243.644811985625,0.9801297447406038,0.96931094004743,203.54383720074475,314.36782976785935,110.82399256711506,0.0009794642190712182,False,False
437_pair_mean_input,1000,670,1523,670000,1523000,10393.375347569137,0.9914337936257241,0.9906941535036647,89.03179815258773,96.71915556327349,7.687357410686673,6.794098776417661e-05,False,False
437_pair_mean_input,1000,670,1524,670000,1524000,13649.098474986722,0.991521992130101,0.9888126675378804,115.7171642879639,152.69700244788552,36.9798381599212,0.0003268284011943727,False,False
437_pair_mean_input,1000,670,1525,670000,1525000,9474.168844337864,0.9916082792556802,0.9873718564187026,79.504579226219,119.64116447975282,40.13658525353458,0.0003547277825036942,False,False
437_pair_mean_input,1000,670,1526,670000,1526000,9025.238620055728,0.9852839495340647,0.9823714573903536,132.81586699984837,159.10180357587882,26.285936576030508,0.00023231552793412873,False,False
437_pair_mean_input,1000,670,1527,670000,1527000,17450.971941932734,0.987547604763457,0.9825088814760877,217.30639988276744,305.237018593813,87.9306187110451,0.000777132214724222,False,False
437_pair_mean_input,1000,670,1528,670000,1528000,15060.039848303391,0.9899126027774269,0.9906015188874514,151.91660413761565,141.54150006850864,-10.375104069107692,-9.16953357250421e-05,False,False
437_pair_mean_input,1000,670,1529,670000,1529000,11960.476471096,0.9859723622245506,0.9825125763345408,167.77723155831882,209.15791929081203,41.38068773249324,0.0003657231801136464,False,False
437_pair_mean_input,1000,670,1530,670000,1530000,10604.6079259382,0.9900566158497547,0.9899144128899919,105.44569037033943,106.95369700453168,1.5080066341924976,1.3327786755373172e-05,False,False
437_pair_mean_input,1000,670,1531,670000,1531000,12744.412601597935,0.9841077331106519,0.9827950870992951,202.53760641256486,219.2665087811386,16.728902368573472,0.00014785030673236652,False,False
437_pair_mean_input,1000,670,1532,670000,1532000,15259.675756404056,0.9910890188689992,0.9906206838304099,135.978682730507,143.12532356474247,7.146640834234859,6.316212601208349e-05,False,False
437_pair_mean_input,1000,670,1533,670000,1533000,14900.407942643662,0.9915540578427405,0.9913552386738566,125.84798360313835,128.81047032632657,2.9624867231887038,2.618250504808005e-05,False,False
437_pair_mean_input,1000,670,1534,670000,1534000,15152.410882296937,0.9931034208037778,0.9931067836654267,104.49980166345995,104.44884620201537,-0.05095546144366381,-4.5034518333299354e-07,False,False
437_pair_mean_input,1000,670,1535,670000,1535000,18497.15643807388,0.9880017254696368,0.9887279037038381,221.93396097508594,208.50172857513948,-13.43223239994768,-0.00011871428481545052,False,False
437_pair_mean_input,1000,670,1536,670000,1536000,17692.309971265266,0.9930149040361863,0.9929655292278797,123.58248297082537,124.45603738415755,0.8735544133305666,7.720487878569062e-06,False,False
437_pair_mean_input,1000,670,1537,670000,1537000,16279.29563380772,0.9926521182714813,0.9927189757681254,119.61833894081064,118.52994598760438,-1.088392953206494,-9.619234330593352e-06,False,False
437_pair_mean_input,1000,670,1538,670000,1538000,21195.462427557977,0.987891718673541,0.9889397189566973,256.64062191726407,234.4277712915541,-22.212850625710416,-0.00019631752915129106,False,False
437_pair_mean_input,1000,670,1539,670000,1539000,22350.33195868449,0.9917817030134864,0.99160947984788,183.68166578363525,187.530910705915,3.8492449222794676,3.4019688196408166e-05,False,False
437_pair_mean_input,1000,670,1540,670000,1540000,19616.086111516855,0.9687452792691554,0.9725908779672476,613.0952932476575,537.6596980355444,-75.435595212115,-0.0006667009971677484,False,False
437_pair_mean_input,1000,670,1541,670000,1541000,4445.098473204487,0.9003857488523571,0.8812215135331134,442.79515568579563,527.9820688434975,85.18691315770184,0.0007528833011549038,False,False
437_pair_mean_input,1000,670,1542,670000,1542000,10011.960942772028,0.9858556185959185,0.9821455570343821,141.61299417733426,178.75798562671707,37.14499144938236,0.00032828802860845587,False,False
437_pair_mean_input,1000,670,1543,670000,1543000,14567.680646166777,0.9923743151958674,0.9924570143479792,111.08854093493028,109.8838060972575,-1.2047348376727314,-1.0647465766534331e-05,False,False
437_pair_mean_input,1000,670,1544,670000,1544000,22262.658052568964,0.9887660883896828,0.9881910423968004,250.09673277327602,262.89878507731606,12.802052304039535,0.00011314474304732576,False,False
437_pair_mean_input,1000,670,1545,670000,1545000,19286.731136237846,0.9735774132261266,0.9765800026452047,509.6053270316115,451.695192193338,-57.910134838271915,-0.0005118106980429057,False,False
437_pair_mean_input,1000,670,1546,670000,1546000,15425.12931776067,0.9898780534169431,0.9894907026177749,156.1323349911181,162.10727115962518,5.974936168506247,5.2806581433548615e-05,False,False
437_pair_mean_input,1000,670,1547,670000,1547000,5268.748062569223,0.516838209368402,0.40359090393122476,2545.6577482977086,3142.3292694110214,596.6715211133128,0.0052733924480780885,False,True
437_pair_mean_input,1000,670,1548,670000,1548000,4204.81660130893,0.6918507126732729,0.3748642888738638,1295.7112390329376,2628.581016214241,1332.8697771813038,0.011779924411583565,False,True
437_pair_mean_input,1000,670,1549,670000,1549000,2781.732459939135,0.5008627952389954,0.2845980221331139,1388.4661644469732,1990.0569037369755,601.5907392900025,0.005316868577012484,False,True
437_pair_mean_input,1000,670,1550,670000,1550000,3367.8783585385063,0.6631117547078198,0.40491997809414443,1134.5986305655456,2004.1571273753514,869.5584968098055,0.007685171904439085,False,True
437_pair_mean_input,1000,670,1551,670000,1551000,1367.3259056515626,0.7800086855696361,0.32824857937477214,300.799823238975,918.5031195791134,617.7032963401384,0.005459271613961315,False,True
437_pair_mean_input,1000,670,1552,670000,1552000,8829.480173069369,0.9470127697117919,0.7533370935744479,467.8496992555938,2177.9052417160774,1710.0555424604836,0.015113498238660934,False,False
437_pair_mean_input,1000,670,1553,670000,1553000,12251.3457731805,0.9864733247988655,0.9863936994203919,165.71997505060426,166.69549309460507,0.975518044000637,8.621644077462053e-06,False,False
437_pair_mean_input,1000,671,1509,671000,1509000,860.348228364054,0.6325166754850707,0.577167685726108,316.1636271997521,363.7830324806159,47.61940528086376,0.0004208610656019359,False,False
437_pair_mean_input,1000,671,1510,671000,1510000,1149.103998738296,0.5137856500856637,0.2999395442436306,558.7108537305049,804.4422690681981,245.73141533769308,0.0021717781795240745,False,True
437_pair_mean_input,1000,671,1511,671000,1511000,78.35949536401392,0.19013622059945356,0.12215836291932508,63.460517067419914,68.78722769116155,5.3267106237416275,4.7077553699771664e-05,True,True
437_pair_mean_input,1000,671,1512,671000,1512000,216.2354755139052,0.6856928728266214,0.27120772352472433,67.964351101745,157.5907444544927,89.6263933527477,0.0007921194981335445,False,True
437_pair_mean_input,1000,671,1513,671000,1513000,271.13903843879666,0.6549846531006056,0.18340655821945687,93.54712940492965,221.41036059980397,127.86323119487429,0.00113005728262647,False,True
437_pair_mean_input,1000,671,1514,671000,1514000,1399.1146872408362,0.9033206180449473,0.5799631373209967,135.26554324668086,587.6797437567558,452.4142005100749,0.003998443941017324,False,False
437_pair_mean_input,1000,671,1515,671000,1515000,3517.4229176660324,0.9838155622173181,0.9172519617693556,56.92751236634513,291.05984606437346,234.13233369802856,0.002069265310451458,False,False
437_pair_mean_input,1000,671,1516,671000,1516000,3648.5172584863913,0.9819561011790506,0.9281692452487054,65.83347625861597,262.0757484002018,196.242272141586,0.0017343923403185116,False,False
437_pair_mean_input,1000,671,1517,671000,1517000,4066.851891696209,0.9401022700991747,0.8419021612780361,243.59519615548015,642.9604944795011,399.36529832402084,0.003529596894915982,False,False
437_pair_mean_input,1000,671,1518,671000,1518000,6024.449017838888,0.9460836166036017,0.7947890795017986,324.81650299785633,1236.2827284452037,911.4662254473478,0.008055553080502207,False,False
437_pair_mean_input,1000,671,1519,671000,1519000,5724.136549773916,0.9860520245568043,0.97592165383743,79.84011602974533,137.82774132727536,57.98762529753003,0.000512495559961382,False,False
437_pair_mean_input,1000,671,1520,671000,1520000,5859.404483650464,0.9497310868202007,0.8759427363954178,294.5458952739518,726.9016865940966,432.3557913201448,0.0038211673997383404,False,False
437_pair_mean_input,1000,671,1521,671000,1521000,4551.300642382077,0.9443278064200388,0.8123006017545663,253.3808904032967,854.2763918091716,600.8955014058752,0.0053107240534714,False,False
437_pair_mean_input,1000,671,1522,671000,1522000,11976.272592420817,0.990098024267556,0.9876261434207256,118.58876057528505,148.1926794129096,29.603918837625315,0.00026163990823722065,False,False
437_pair_mean_input,1000,671,1523,671000,1523000,12423.512537564522,0.9906781025017948,0.9664374001374003,115.81071044284363,416.9653801862685,301.15466974342417,0.002661609788523541,False,False
437_pair_mean_input,1000,671,1524,671000,1524000,15340.3196523052,0.992906995188947,0.9926547708413935,108.80896109689274,112.67816321245601,3.869202115563894,3.419607018989524e-05,False,False
437_pair_mean_input,1000,671,1525,671000,1525000,9268.354827629279,0.9928140610544857,0.9909879499406257,66.60183191670694,83.52687767463883,16.925045757931002,0.00014958382514505778,False,False
437_pair_mean_input,1000,671,1526,671000,1526000,11715.00672118767,0.9850356835388037,0.9625386945547042,175.30706792089404,438.8594450761046,263.5523771552107,0.002329280125135014,False,False
437_pair_mean_input,1000,671,1527,671000,1527000,11551.898959543112,0.9864361922841489,0.9692349414315389,156.68773624018286,355.39484806728893,198.70711182710693,0.0017561766328872208,False,False
437_pair_mean_input,1000,671,1528,671000,1528000,14676.796298505938,0.9872584987452163,0.9874687284472125,187.0044184536182,183.91891994152505,-3.0854985120931815,-2.7269685206139342e-05,False,False
437_pair_mean_input,1000,671,1529,671000,1529000,11288.16580754121,0.9765866801392518,0.971303820187927,264.293436693124,323.9272357616963,59.633799068571534,0.0005270444700823762,False,False
437_pair_mean_input,1000,671,1530,671000,1530000,10533.604145239917,0.9758959586198158,0.9195123200321779,253.90243019934314,847.825359349795,593.9229291504525,0.005249100348343296,False,False
437_pair_mean_input,1000,671,1531,671000,1531000,7694.346351731935,0.9156975812547926,0.8219049160435931,648.6520081143644,1370.3252595013723,721.6732513870083,0.006378159739790033,False,False
437_pair_mean_input,1000,671,1532,671000,1532000,9927.150753657912,0.9478188618176053,0.9215475125343796,518.0100252340872,778.8096700706714,260.7996448365848,0.002304951432869734,False,False
437_pair_mean_input,1000,671,1533,671000,1533000,13659.342850005769,0.9922080755669522,0.9922094122892876,106.4325672923369,106.41430854366214,-0.018258748674270464,-1.6137111285384823e-07,False,False
437_pair_mean_input,1000,671,1534,671000,1534000,16093.72532296923,0.992640147487321,0.9923214165097493,118.44744475662083,123.57701356158188,5.129568804961309,4.5335211151870706e-05,False,False
437_pair_mean_input,1000,671,1535,671000,1535000,14664.878260839587,0.9808912024779931,0.9782352628383977,280.2281893712643,319.1772208540694,38.94903148280537,0.00034423216328163857,False,False
437_pair_mean_input,1000,671,1536,671000,1536000,15349.206378005696,0.9880245454053072,0.9883041920963417,183.81372404437752,179.52136927076168,-4.292354773615443,-3.793590015059055e-05,False,False
437_pair_mean_input,1000,671,1537,671000,1537000,16750.33387047408,0.992919280834841,0.9929971815531644,118.60441005947723,117.29954701881088,-1.3048630406665325,-1.1532400426264582e-05,False,False
437_pair_mean_input,1000,671,1538,671000,1538000,13607.245593610318,0.9930959043288113,0.9931067843921197,93.94572539964611,93.79767770613446,-0.148047693512126,-1.3084478834610925e-06,False,False
437_pair_mean_input,1000,671,1539,671000,1539000,11160.550354900224,0.9915816712932194,0.9899144087413626,93.95318143612712,112.56074910096417,18.607567664837916,0.00016445398067226267,False,False
437_pair_mean_input,1000,671,1540,671000,1540000,10542.73506713211,0.9840279284088405,0.9673980902591809,168.3893192588621,343.71329708000957,175.32397782114822,0.0015495161205012053,False,False
437_pair_mean_input,1000,671,1541,671000,1541000,7585.229736521107,0.9576585766701389,0.9152470701416169,321.1694233282915,642.8704438190953,321.7010204908038,0.0028431987650924745,False,False
437_pair_mean_input,1000,671,1542,671000,1542000,15137.550358410275,0.9835232792952018,0.9782186891678448,249.41718941034378,329.7156895939362,80.2985001835932,0.0007096794290936866,False,False
437_pair_mean_input,1000,671,1543,671000,1543000,14069.877865032828,0.9909287299264451,0.991242209323506,127.6316620156449,123.22104518579323,-4.4106168298512785,-3.898110209534669e-05,False,False
437_pair_mean_input,1000,671,1544,671000,1544000,19473.510670618143,0.9859389981986433,0.983727398951756,273.81706861830025,316.88467015169186,43.06760153339201,0.0003806321512702049,False,False
437_pair_mean_input,1000,671,1545,671000,1545000,16677.84365978865,0.9878811720487454,0.9875414019708293,202.11591791090177,207.7825501506601,5.666632239757746,5.008178637957721e-05,False,False
437_pair_mean_input,1000,671,1546,671000,1546000,17217.676954463088,0.9930612971115106,0.9930502827313779,119.4683448170108,119.65798685598969,0.18964203897849075,1.6760593740444078e-06,False,False
437_pair_mean_input,1000,671,1547,671000,1547000,12954.569409484033,0.9470499512360157,0.9421416479446734,685.9450819485992,749.530037619092,63.58495567049249,0.0005619648553336558,False,False
437_pair_mean_input,1000,671,1548,671000,1548000,11683.916852744658,0.4715638295955638,0.4075177257757956,6174.20427698824,6922.513628760664,748.3093517724237,0.0066135700210727955,True,True
437_pair_mean_input,1000,671,1549,671000,1549000,3409.2886791380242,0.640766400900338,0.396223878466985,1224.7310425764854,2058.4470958763723,833.7160532998867,0.007368395815355428,False,True
437_pair_mean_input,1000,671,1550,671000,1550000,4517.777828401777,0.8025381519239977,0.48927163729156375,892.0887591930032,2307.3572733801143,1415.2685141871111,0.012508165767307794,False,True
437_pair_mean_input,1000,671,1551,671000,1551000,8148.4824550387,0.9826806441760151,0.9174936311733142,141.12646706431315,672.3016988132014,531.1752317488881,0.004694535194983379,False,False
437_pair_mean_input,1000,671,1552,671000,1552000,17880.739440922967,0.9928913718585434,0.9901347961280718,127.10752757979935,176.39713996553326,49.28961238573538,0.00043562238271176276,False,False
437_pair_mean_input,1000,671,1553,671000,1553000,14003.143897612785,0.9676206336161027,0.9501618066817039,453.4129267872395,697.8913926331442,244.4784658459048,0.0021607045918732156,False,False
437_pair_mean_input,1000,672,1509,672000,1509000,361.2444973030959,0.8206316542885679,0.7001275707265942,64.7958278786142,108.32726496792968,43.53143708931546,0.000384731537333064,False,False
437_pair_mean_input,1000,672,1510,672000,1510000,327.42376123168145,0.3987006311371403,0.14187497901495374,196.87970097931372,280.9705219779394,84.0908209986257,0.0007431960211196765,True,True
437_pair_mean_input,1000,672,1511,672000,1511000,261.3580250649547,0.49916465298314594,0.22979257015015112,130.89733717904622,201.29989275591115,70.40255557686493,0.0006222189123618857,True,True
437_pair_mean_input,1000,672,1512,672000,1512000,465.41887449460603,0.7089531274817201,0.4633473376461402,135.4587078326329,249.76827810726724,114.30957027463432,0.0010102698106062812,False,True
437_pair_mean_input,1000,672,1513,672000,1513000,1297.4088724206258,0.8752149806362582,0.7064862160549178,161.8971912676982,380.8073874681003,218.91019620040208,0.0019347318157510375,False,False
437_pair_mean_input,1000,672,1514,672000,1514000,1733.4027119610314,0.8659626418064241,0.7075236244995989,232.34072019683663,506.9793424769282,274.63862228009157,0.002427260536886536,False,False
437_pair_mean_input,1000,672,1515,672000,1515000,2293.028146974115,0.8964062475159162,0.5477786686857143,237.5433902966738,1036.9562413657636,799.4128510690898,0.0070652235653186676,False,False
437_pair_mean_input,1000,672,1516,672000,1516000,2550.1499515022224,0.8987337976316572,0.7443762027477694,258.2440010584437,651.8790141655899,393.63501310714605,0.0034789525425064386,False,False
437_pair_mean_input,1000,672,1517,672000,1517000,2207.6918858845656,0.855734587830429,0.6827696412138106,318.4935798605543,700.34688904852,381.8533091879656,0.0033748256548061964,False,False
437_pair_mean_input,1000,672,1518,672000,1518000,2060.6050745675125,0.9392516159894909,0.5417155248027222,125.17842836383102,944.3433151870199,819.1648868231889,0.007239792373270964,False,False
437_pair_mean_input,1000,672,1519,672000,1519000,3950.3405946953344,0.9875133625858465,0.9828516252536066,49.32647066837217,67.74192089372622,18.415450225354107,0.00016275604366895524,False,False
437_pair_mean_input,1000,672,1520,672000,1520000,3324.5161390321973,0.9583681566694517,0.7937401479791955,138.4057350500675,685.7142068775574,547.3084718274899,0.004837121028868642,False,False
437_pair_mean_input,1000,672,1521,672000,1521000,5976.141621401537,0.9220134604030019,0.7809677182375496,466.05860519469934,1308.9679354711286,842.9093302764295,0.007449646144331636,False,False
437_pair_mean_input,1000,672,1522,672000,1522000,10866.754194532645,0.99184764576817,0.982315073835749,88.58962954405433,192.1777455753746,103.58811603132017,0.0009155134265013148,False,False
437_pair_mean_input,1000,672,1523,672000,1523000,15435.546773957676,0.9928489834764515,0.9895753492165714,110.37985003057838,160.91018476978638,50.53033473920732,0.0004465879067185941,False,False
437_pair_mean_input,1000,672,1524,672000,1524000,10679.753553328368,0.9884487822314152,0.9364927006988499,123.36415900931388,678.2423053737456,554.8781463644318,0.004904021933512182,False,False
437_pair_mean_input,1000,672,1525,672000,1525000,4285.693903093081,0.9815539800949998,0.788653134098272,79.05399504319303,905.7679746328666,826.7139795896737,0.007306511375897975,False,False
437_pair_mean_input,1000,672,1526,672000,1526000,2258.78498752745,0.8915029868959948,0.521060948825524,245.0714243908958,1081.8203387335475,836.7489143426517,0.007395200289765646,False,False
437_pair_mean_input,1000,672,1527,672000,1527000,8088.5554980695715,0.978983874671778,0.8532382329341635,169.99009607170865,1187.090697906778,1017.100601835069,0.00898915138876579,False,False
437_pair_mean_input,1000,672,1528,672000,1528000,11101.983084760932,0.9874118926967985,0.9875130667916846,139.7529543492983,138.6297212592571,-1.1232330900420493,-9.927152017255883e-06,False,False
437_pair_mean_input,1000,672,1529,672000,1529000,7423.315826955805,0.9244108600778596,0.8583820799359847,561.1220587300022,1051.2745473917669,490.15248866176444,0.004331975535371264,False,False
437_pair_mean_input,1000,672,1530,672000,1530000,2511.6673596514343,0.428788525353608,0.33388297107480946,1434.6932163277056,1673.0643992593914,238.37118293168578,0.002106728327784012,True,True
437_pair_mean_input,1000,672,1531,672000,1531000,5772.457193405246,0.8738419906482745,0.6632043593190508,728.2417085880543,1944.138418756274,1215.8967101682197,0.010746114574197033,False,False
437_pair_mean_input,1000,672,1532,672000,1532000,13315.613103218775,0.9837010269684001,0.972108053519999,217.03081886858126,371.3983680233786,154.3675491547965,0.0013643028687247067,False,False
437_pair_mean_input,1000,672,1533,672000,1533000,12735.072428833439,0.9895186135496702,0.9882235556549076,133.48121559954416,149.97387168887764,16.49265608933274,0.00014576235833739355,False,False
437_pair_mean_input,1000,672,1534,672000,1534000,11995.99478377771,0.9888282059683821,0.9881628596059464,134.01678292872748,141.9982744219113,7.981491493183057,7.054054949030809e-05,False,False
437_pair_mean_input,1000,672,1535,672000,1535000,12871.088101457502,0.9931139085991532,0.9931067842718315,88.63148909498886,88.72318693960901,0.09169784462028474,8.104270175713913e-07,False,False
437_pair_mean_input,1000,672,1536,672000,1536000,15978.343569433426,0.9931350350379943,0.9931350350379939,109.69076875505016,109.6907687550553,5.4569682106375694e-12,4.822877233638477e-17,False,False
437_pair_mean_input,1000,672,1537,672000,1537000,17511.997956647952,0.9928681067521995,0.992767773869894,124.89369998251277,126.65072921243203,1.7570292299205903,1.552865243983399e-05,False,False
437_pair_mean_input,1000,672,1538,672000,1538000,18124.849633903017,0.9930637328735565,0.9930785325361434,125.71879868737233,125.45055702835255,-0.2682416590214416,-2.3707240732794662e-06,False,False
437_pair_mean_input,1000,672,1539,672000,1539000,14550.106809286382,0.9906537783032562,0.9899426470147455,135.98852395089307,146.33556015414754,10.347036203254902,9.144727147765586e-05,False,False
437_pair_mean_input,1000,672,1540,672000,1540000,12869.381997732726,0.9899306462215625,0.9854789359642542,129.5863602450263,186.87712008955143,57.29075984452538,0.0005063366519405259,False,False
437_pair_mean_input,1000,672,1541,672000,1541000,7891.005729891356,0.9072847455837617,0.8284309148812365,731.6166038468709,1353.8526337443802,622.2360298975091,0.0054993319856478816,False,False
437_pair_mean_input,1000,672,1542,672000,1542000,9119.152122556854,0.9752795012871688,0.9587539882158822,225.42998830777833,376.12865590814283,150.6986676003653,0.0013318772348584705,False,False
437_pair_mean_input,1000,672,1543,672000,1543000,15512.254504927423,0.9894723253821206,0.9892081836024872,163.30796801761062,167.40540252866774,4.097434511057145,3.621319175211627e-05,False,False
437_pair_mean_input,1000,672,1544,672000,1544000,15444.745113907775,0.9900288403425532,0.9902816673350958,154.00201939934595,150.09717094160922,-3.9048484577360796,-3.451111313221913e-05,False,False
437_pair_mean_input,1000,672,1545,672000,1545000,14269.928580966938,0.9930235401428327,0.9928489925798423,99.55358390976107,102.04436516761542,2.4907812578549056,2.2013564599963676e-05,False,False
437_pair_mean_input,1000,672,1546,672000,1546000,14042.725646660283,0.9823879854409125,0.9803457033948048,247.3206885382515,275.9998950048434,28.679206466591495,0.00025346728551013713,False,False
437_pair_mean_input,1000,672,1547,672000,1547000,20070.03584236608,0.9859896895678906,0.985659816039326,281.18743253511275,287.8080060768513,6.62057354173885,5.851273486592469e-05,False,False
437_pair_mean_input,1000,672,1548,672000,1548000,19569.552055128683,0.9849604424282828,0.9851767308229098,294.3174047858229,290.08473778825123,-4.23266699757005,-3.740837863112359e-05,False,False
437_pair_mean_input,1000,672,1549,672000,1549000,12604.379594781458,0.9297535590977067,0.9172658460550694,885.4128063148873,1042.8126817749906,157.39987546010343,0.0013911026171167158,False,False
437_pair_mean_input,1000,672,1550,672000,1550000,10821.857842552014,0.9588281218848426,0.9373676138287226,445.55621207311196,677.7987794853849,232.24256741227327,0.002052563525788868,False,False
437_pair_mean_input,1000,672,1551,672000,1551000,12740.46797510588,0.9819229453216642,0.983614544954951,230.31013621357488,208.7583652589833,-21.55177095459112,-0.00019047489644317427,False,False
437_pair_mean_input,1000,672,1552,672000,1552000,12316.862280100935,0.9929457107305254,0.9928242754853932,86.88670941611235,88.38241060635603,1.49570119024429,1.3219031044918536e-05,False,False
437_pair_mean_input,1000,672,1553,672000,1553000,17942.324109976562,0.9908756029158005,0.989956805637834,163.71288979283418,180.19824834547265,16.48535855263981,0.00014569786259136856,False,False
437_pair_mean_input,1000,673,1509,673000,1509000,800.2708384158497,0.9363252180752586,0.8983981282371107,50.9570711168592,81.30901510030704,30.35194398344788,0.0002682509664415624,False,False
437_pair_mean_input,1000,673,1510,673000,1510000,1625.972651190358,0.9151412261100741,0.6784141910486692,137.978045558566,522.8897303657914,384.91168480722536,0.0034018556274516116,False,False
437_pair_mean_input,1000,673,1511,673000,1511000,773.2410640753692,0.8318122577860223,0.5670491455318019,130.04966875396997,334.7753794013299,204.7257106473599,0.0018093691055353438,False,False
437_pair_mean_input,1000,673,1512,673000,1512000,2725.4475467092093,0.9833469423520451,0.9482003076421391,45.38703511182575,141.17734445702365,95.79030934519778,0.0008465962862740684,False,False
437_pair_mean_input,1000,673,1513,673000,1513000,121.65648705833625,0.14792201472265454,0.12351446406571821,103.6608143885866,106.63015125920786,2.969336870621259,2.624304676066532e-05,True,True
437_pair_mean_input,1000,673,1514,673000,1514000,2490.702847061912,0.955583733469271,0.8574169282795863,110.62772150394767,355.1320626768673,244.5043411729198,0.0021609332784272815,False,False
437_pair_mean_input,1000,673,1515,673000,1515000,6915.1244393243405,0.9866468576442975,0.9682744509603968,92.33864104569511,219.38611951474314,127.04747846904775,0.0011228476469866693,False,False
437_pair_mean_input,1000,673,1516,673000,1516000,14970.44531596798,0.9875196446173787,0.93637792303103,186.83647777937767,952.4508241522718,765.6143463728949,0.006766511840165963,False,False
437_pair_mean_input,1000,673,1517,673000,1517000,3908.071507006208,0.8736702631942087,0.7618458435538418,493.7056448983062,930.7234730823297,437.01782818402353,0.0038623705561161878,False,False
437_pair_mean_input,1000,673,1518,673000,1518000,4861.156304601008,0.9159708123444142,0.9045967172133587,408.47901534245193,463.77026959791436,55.29125425546226,0.0004886649895598892,False,False
437_pair_mean_input,1000,673,1519,673000,1519000,3104.537523899448,0.9426975794334884,0.8716552774194193,177.8975148590025,398.45100724587763,220.55349238687495,0.0019492552937335835,False,False
437_pair_mean_input,1000,673,1520,673000,1520000,4558.12851120796,0.9660965926813924,0.8512863351296788,154.53608752604214,677.8559958516369,523.3199083255945,0.004625109720912964,False,False
437_pair_mean_input,1000,673,1521,673000,1521000,6571.682593136776,0.8810961837727032,0.773848956533604,781.3981393584609,1486.1928757678331,704.7947364093725,0.006228987154425538,False,False
437_pair_mean_input,1000,673,1522,673000,1522000,14342.054908059,0.9836485772948961,0.971297320251983,234.51300226148305,411.65540895449277,177.14240669301034,0.0015655874239586796,False,False
437_pair_mean_input,1000,673,1523,673000,1523000,7872.901778788738,0.9663033566575769,0.8995675413515075,265.29036330977215,790.6948823418428,525.4045190320703,0.004643533543682653,False,False
437_pair_mean_input,1000,673,1524,673000,1524000,2184.960743735006,0.9472872937487634,0.5579836065550737,115.1751938549869,965.7884677644911,850.6132739095042,0.007517733721394595,False,False
437_pair_mean_input,1000,673,1525,673000,1525000,4385.4196879063475,0.9639734796258803,0.49716017182154093,157.99141173542375,2205.1636823572594,2047.1722706218357,0.0180929412747385,False,True
437_pair_mean_input,1000,673,1526,673000,1526000,9646.168421875,0.97787090121661,0.8792788409945652,213.46101388888928,1164.4966318503757,951.0356179614864,0.00840526800450219,False,False
437_pair_mean_input,1000,673,1527,673000,1527000,16052.258465904668,0.9920937757374031,0.9919145783587223,126.9127553526123,129.78927799160843,2.876522638996903,2.5422753096893994e-05,False,False
437_pair_mean_input,1000,673,1528,673000,1528000,11778.854935161718,0.9908958128790248,0.991050133278221,107.23689940053373,105.41918180486618,-1.8177175956680003,-1.6065017187093e-05,False,False
437_pair_mean_input,1000,673,1529,673000,1529000,8622.531080805948,0.9885246255986768,0.9091272205750027,98.94677243929436,783.5533649912622,684.6065925519679,0.006050564016080155,False,False
437_pair_mean_input,1000,673,1530,673000,1530000,3447.1991595857517,0.9748022783961653,0.7217272472501046,86.86156473621486,959.2615994150531,872.400034678838,0.007710285461579409,False,False
437_pair_mean_input,1000,673,1531,673000,1531000,11604.715029420468,0.9907638597195294,0.9674124289778998,107.18277592661252,378.169475212473,270.9866992858606,0.002394984783046622,False,False
437_pair_mean_input,1000,673,1532,673000,1532000,9332.821299671028,0.9645002192232678,0.9075462831881095,331.3131101667386,862.8540174957652,531.5409073290266,0.004697767041610064,False,False
437_pair_mean_input,1000,673,1533,673000,1533000,6245.77988338763,0.9524684955014799,0.8102653299980317,296.8713146240052,1185.0409850794842,888.1696704554788,0.007849657754827651,False,False
437_pair_mean_input,1000,673,1534,673000,1534000,11468.246544832828,0.9823036565778769,0.9809587327041722,202.94602930693873,218.36994787461526,15.423918567676083,0.00013631683902524993,False,False
437_pair_mean_input,1000,673,1535,673000,1535000,11829.884736878808,0.9682493791311885,0.963726193741731,375.6061852023795,429.1149470031959,53.5087618008165,0.00047291129273261924,False,False
437_pair_mean_input,1000,673,1536,673000,1536000,14129.33977882808,0.9931350350379943,0.9931350350379942,96.9974225179285,96.99742251793008,1.8189894035458565e-12,1.607625744546159e-17,False,False
437_pair_mean_input,1000,673,1537,673000,1537000,15695.585791381553,0.9924628365671772,0.9924005086971969,118.30019528353478,119.27846771400449,0.9782724304695876,8.645987389134364e-06,False,False
437_pair_mean_input,1000,673,1538,673000,1538000,17278.987081001407,0.993108610643937,0.9931067834241417,119.07622765356427,119.10780016080007,0.031572507235978264,2.7903832399180315e-07,False,False
437_pair_mean_input,1000,673,1539,673000,1539000,15877.853414245565,0.9915647925397868,0.9911292106920444,133.93298757201592,140.84909230037582,6.916104728359642,6.112464422065603e-05,False,False
437_pair_mean_input,1000,673,1540,673000,1540000,14445.000263312624,0.9797438271134937,0.980308965935342,292.6004226792884,284.43699224888263,-8.163430430406152,-7.214852872781792e-05,False,False
437_pair_mean_input,1000,673,1541,673000,1541000,18114.202466378345,0.9809486662944039,0.9767052987659607,345.09971599770506,421.96493454718166,76.86521854947568,0.0006793360310918869,False,False
437_pair_mean_input,1000,673,1542,673000,1542000,22117.235267528617,0.964449426096221,0.9462497986611812,786.2804069255435,1188.805848687687,402.5254417621436,0.003557526293172406,False,False
437_pair_mean_input,1000,673,1543,673000,1543000,19091.04258368216,0.9844656029926858,0.9804982288791093,296.56783477845966,372.30914292614705,75.74130814768796,0.0006694028929825883,False,False
437_pair_mean_input,1000,673,1544,673000,1544000,17115.19220549326,0.9718565019037096,0.9650396892327605,481.68137925294286,598.3524383450793,116.67105909213569,0.0010311406865502123,False,False
437_pair_mean_input,1000,673,1545,673000,1545000,9721.537442641742,0.9781269704745509,0.9623937563542636,212.63947551566162,365.5905056791344,152.95103016347275,0.0013517836512204624,False,False
437_pair_mean_input,1000,673,1546,673000,1546000,12839.125352513303,0.9611949874938502,0.8720241967529027,498.22241987230336,1643.0973799780618,1144.8749601057589,0.010118423211066688,False,False
437_pair_mean_input,1000,673,1547,673000,1547000,19292.94690395757,0.9849718007297542,0.9842641783212159,289.93825058294533,303.5903721389255,13.652121555980557,0.00012065766869386063,False,False
437_pair_mean_input,1000,673,1548,673000,1548000,17970.81969561452,0.9790473647547914,0.9496281032524413,376.5360301396213,905.224274176489,528.6882440368681,0.004672555157802187,False,False
437_pair_mean_input,1000,673,1549,673000,1549000,19083.4062939459,0.9590279039190653,0.9599118455726089,781.8871562270651,765.0185385123507,-16.868617714713764,-0.00014908511319646942,False,False
437_pair_mean_input,1000,673,1550,673000,1550000,15086.719664508682,0.9637961531942525,0.9585278691251575,546.1972875351312,625.6784123985636,79.48112486343234,0.0007024554529392037,False,False
437_pair_mean_input,1000,673,1551,673000,1551000,8597.223494443488,0.9575686486468823,0.9301070652312554,364.79181075400993,600.885180889457,236.093370135447,0.0020865969818544988,False,False
437_pair_mean_input,1000,673,1552,673000,1552000,12328.377217956426,0.9902419271081466,0.9801397867413958,120.30120353108396,244.8442006811323,124.5429971500489,0.0011007130010271665,False,False
437_pair_mean_input,1000,673,1553,673000,1553000,12498.151182919362,0.9901214474599171,0.9866514423992797,123.4636431143681,166.83229096770953,43.36864785334183,0.0003832928034615194,False,False
437_pair_mean_input,1000,674,1509,674000,1509000,2236.9917037151504,0.9919338594636865,0.9912026490452374,18.04388946073368,19.67960110047458,1.635711639740748,1.4456445637203771e-05,False,False
437_pair_mean_input,1000,674,1510,674000,1510000,4051.167397682034,0.9848757020467475,0.9636695827003713,61.27106278104566,147.18060210843922,85.90953932739376,0.0007592698828019158,False,False
437_pair_mean_input,1000,674,1511,674000,1511000,3773.6459283182894,0.9908310573484927,0.9740657672353067,34.60034310384435,97.86661187654369,63.26626877269928,0.0005591482954331791,False,False
437_pair_mean_input,1000,674,1512,674000,1512000,2153.484719284218,0.9739818707500557,0.9206432218905717,56.02964376411683,170.89360903028222,114.86396526616545,0.001015169562409648,False,False
437_pair_mean_input,1000,674,1513,674000,1513000,1096.5110038022297,0.818431220337092,0.4626094794448396,199.0921648473211,589.2546191277416,390.16245428042055,0.0034482620120480836,False,True
437_pair_mean_input,1000,674,1514,674000,1514000,4754.173015493602,0.9923240312528888,0.9916659730685566,36.492883485288075,39.62140594786498,3.128522462577166,2.7649931568736633e-05,False,False
437_pair_mean_input,1000,674,1515,674000,1515000,5636.672298102592,0.9774771327533646,0.9456452653793246,126.95402188295247,306.379826907079,179.42580502412693,0.0015857681349347905,False,False
437_pair_mean_input,1000,674,1516,674000,1516000,15610.732424337652,0.9867372582870272,0.9795461449455383,207.04111209432085,319.2996583013883,112.25854620706741,0.000992142827088528,False,False
437_pair_mean_input,1000,674,1517,674000,1517000,7191.544147534655,0.9607565061595275,0.780999111938396,282.2213184572629,1574.9545548443205,1292.7332363870573,0.011425197022011772,False,False
437_pair_mean_input,1000,674,1518,674000,1518000,9661.51207250191,0.959929290129668,0.9074500519030716,387.14364716593445,894.1724408478989,507.0287936819641,0.004481128589096586,False,False
437_pair_mean_input,1000,674,1519,674000,1519000,13132.116037107613,0.9367608497934485,0.9346835788132279,830.4638586005112,857.7428221532848,27.278963552773348,0.00024109191623924281,False,False
437_pair_mean_input,1000,674,1520,674000,1520000,11137.980940593012,0.9922692374792367,0.9919485087799266,86.105085612513,89.67735575252979,3.572270140017281,3.1571780640230185e-05,False,False
437_pair_mean_input,1000,674,1521,674000,1521000,11951.743233399857,0.9813482972473881,0.9467766810821261,222.92036216491397,636.111441735782,413.19107957086817,0.0036517893707356188,False,False
437_pair_mean_input,1000,674,1522,674000,1522000,3713.441926932225,0.9702811113486436,0.5804191834532371,110.35936713977708,1558.088995901208,1447.7296287614308,0.012795057617170202,False,False
437_pair_mean_input,1000,674,1523,674000,1523000,1437.4190488033898,0.905715107650678,0.43488577826493563,135.5269002772925,812.3059470716843,676.7790467943917,0.005981384041463687,False,True
437_pair_mean_input,1000,674,1524,674000,1524000,9679.136357505688,0.980946055096994,0.8219183115454015,184.4257308645956,1723.676945326905,1539.2512144623097,0.013603926855592412,False,False
437_pair_mean_input,1000,674,1525,674000,1525000,10471.992478451442,0.9843934138823277,0.9795446631151876,163.43205243856937,214.2081340019456,50.776081563375556,0.000448759821081609,False,False
437_pair_mean_input,1000,674,1526,674000,1526000,13158.899615234246,0.9821295373988111,0.9758169954033109,235.15562344684258,318.2217298825801,83.06610643573731,0.0007341395774213271,False,False
437_pair_mean_input,1000,674,1527,674000,1527000,8116.971916794975,0.9906939560099652,0.9570296691574534,75.5368977235712,348.7889687043401,273.2520709807686,0.002415006174323564,False,False
437_pair_mean_input,1000,674,1528,674000,1528000,9216.76373151876,0.9901925560805453,0.953725530846098,90.39289341573385,426.50084899296746,336.10795557723395,0.002970527487842599,False,False
437_pair_mean_input,1000,674,1529,674000,1529000,11058.7003885524,0.9921128822299639,0.9920332552380012,87.22127234805703,88.10184339501357,0.8805710469569021,7.78250099879811e-06,False,False
437_pair_mean_input,1000,674,1530,674000,1530000,9052.722034987473,0.9921523156681745,0.9889820934303561,71.04290487434264,99.74204558244816,28.699140708105915,0.0002536434646555138,False,False
437_pair_mean_input,1000,674,1531,674000,1531000,10536.570473412306,0.9919582187140634,0.9893777015356947,84.73279525103862,111.92259635877201,27.18980110773373,0.0002403038971237221,False,False
437_pair_mean_input,1000,674,1532,674000,1532000,5757.824263727753,0.9890743803830175,0.8122722676490826,62.90779772692167,1080.9032923047018,1017.9954945777799,0.008997060465140755,False,False
437_pair_mean_input,1000,674,1533,674000,1533000,7942.9213576418115,0.9841379670493846,0.9689326619447635,125.99088029906125,246.76542296401652,120.77454266495533,0.0010674073400069475,False,False
437_pair_mean_input,1000,674,1534,674000,1534000,12672.741832949923,0.9914151760669868,0.9873076990935775,108.79325738440639,160.8462526532084,52.05299526880117,0.0004600452048359311,False,False
437_pair_mean_input,1000,674,1535,674000,1535000,9768.8832069017,0.9922894090991736,0.9912139912843277,75.32386196637162,85.82949299822268,10.505631031850498,9.284893510969877e-05,False,False
437_pair_mean_input,1000,674,1536,674000,1536000,12093.434674966999,0.9927030669075695,0.992626515911011,88.24498368091372,89.17074815709664,0.9257644761837582,8.181921249228321e-06,False,False
437_pair_mean_input,1000,674,1537,674000,1537000,16113.43653155584,0.9931350350379943,0.9931350350379953,110.61817720663385,110.61817720661783,-1.6370904631912708e-11,-1.4468631700915431e-16,False,False
437_pair_mean_input,1000,674,1538,674000,1538000,24022.593222011496,0.9917452485269033,0.9918637365515977,198.30053678700278,195.45414716809012,-2.8463896189132356,-2.5156436983380644e-05,False,False
437_pair_mean_input,1000,674,1539,674000,1539000,21608.426794428116,0.988471601514505,0.9877447141108084,249.11055473081433,264.8174479813837,15.7068932505681,0.00013881777379916999,False,False
437_pair_mean_input,1000,674,1540,674000,1540000,27730.95119655369,0.9917610476664291,0.9919400256687897,228.47398507298567,223.5107548242685,-4.963230248718901,-4.386510833101503e-05,False,False
437_pair_mean_input,1000,674,1541,674000,1541000,27254.76276581861,0.982698582804656,0.9808281607880324,471.54602117155446,522.5239295065967,50.97790833504041,0.00045054356931804494,False,False
437_pair_mean_input,1000,674,1542,674000,1542000,24247.4301533083,0.9925738898659588,0.9924852613781383,180.06408678593652,182.2130998539597,2.149013068024942,1.89930118712532e-05,False,False
437_pair_mean_input,1000,674,1543,674000,1543000,15071.510317303113,0.9929989323506047,0.9929937772180533,105.51666330999979,105.59435894343434,0.07769563343390473,6.866752511239557e-07,False,False
437_pair_mean_input,1000,674,1544,674000,1544000,14636.314772528052,0.9930877223252809,0.9931067843901495,101.17027184230756,100.8912734606752,-0.27899838163284585,-2.4657921597857728e-06,False,False
437_pair_mean_input,1000,674,1545,674000,1545000,13032.177006909274,0.9928397014923851,0.992767770228487,93.31427757354504,94.25169853699714,0.9374209634515864,8.28494147016092e-06,False,False
437_pair_mean_input,1000,674,1546,674000,1546000,11684.029932559568,0.986316127457303,0.9871457859816735,159.88277638220097,150.18902134965407,-9.693755032547415,-8.567356204092502e-05,False,False
437_pair_mean_input,1000,674,1547,674000,1547000,16557.256708157078,0.988165452401894,0.988417192142988,195.94764260674492,191.77952308980718,-4.168119516938532,-3.683790696478765e-05,False,False
437_pair_mean_input,1000,674,1548,674000,1548000,12327.289318952231,0.980894955632332,0.9722857836934224,235.51340937166242,341.64116265920524,106.12775328754287,0.0009379587811963636,False,False
437_pair_mean_input,1000,674,1549,674000,1549000,14105.80770532403,0.967871068883734,0.9664376009863433,453.20452410365033,473.42474661599766,20.22022251234739,0.0001787066500109053,False,False
437_pair_mean_input,1000,674,1550,674000,1550000,17121.516347006323,0.9777745239602157,0.9741785442260963,380.5338513351635,442.10247713639325,61.568625801228336,0.0005441444996954778,False,False
437_pair_mean_input,1000,674,1551,674000,1551000,12276.319004296263,0.9755355740777026,0.9665794244682412,300.33309687909787,410.2816465350494,109.94854965595187,0.0009717270406185956,False,False
437_pair_mean_input,1000,674,1552,674000,1552000,12033.651771986786,0.9929466209705512,0.9924570223700816,84.87790705622137,90.76956612232426,5.891659066102875,5.20705770703902e-05,False,False
437_pair_mean_input,1000,674,1553,674000,1553000,12934.984660701366,0.9925055986446852,0.9923913189854705,96.93996657213575,98.41817221110873,1.478205638972213,1.3064405082913535e-05,False,False
437_pair_mean_input,1000,675,1509,675000,1509000,820.1819203168362,0.9565400066245979,0.6797419598466858,35.64510082359425,262.66985436985163,227.02475354625744,0.0020064484033758116,False,False
437_pair_mean_input,1000,675,1510,675000,1510000,1752.137941470468,0.9665836645654636,0.7325920116821164,58.550029179755256,468.5356821840555,409.9856530043003,0.0036234597594656383,False,False
437_pair_mean_input,1000,675,1511,675000,1511000,2155.4853263181376,0.960215027121806,0.7392719454469897,85.75592524691228,561.9954957484886,476.2395705015763,0.0042090129421176615,False,False
437_pair_mean_input,1000,675,1512,675000,1512000,1876.9652480738753,0.937641227058898,0.8675591406713076,117.04524972297804,248.5868903849964,131.54164066201838,0.0011625671243376734,False,False
437_pair_mean_input,1000,675,1513,675000,1513000,1116.7838835423688,0.8769380263771941,0.6631643675055797,137.4336288188657,376.1726057725688,238.73897695370306,0.002109978897233909,False,False
437_pair_mean_input,1000,675,1514,675000,1514000,1443.3896806050868,0.8577037133486193,0.7129402709024383,205.3889917410263,414.3390506967124,208.95005895568602,0.0018467039634578622,False,False
437_pair_mean_input,1000,675,1515,675000,1515000,4064.185984269995,0.9548294528796357,0.6072852875068423,183.58150450839184,1596.0656303313124,1412.4841258229203,0.012483557298405435,False,False
437_pair_mean_input,1000,675,1516,675000,1516000,8727.415998822307,0.9811526946425712,0.9201351299600068,164.48827431111386,697.0139445309011,532.5256702197876,0.004706470391791076,False,False
437_pair_mean_input,1000,675,1517,675000,1517000,15813.147601785,0.9919920566174554,0.9909495463300317,126.63079069491505,143.11615974632485,16.48536905141009,0.00014569795537966822,False,False
437_pair_mean_input,1000,675,1518,675000,1518000,12082.461863719898,0.9892428237687846,0.9886855207114786,129.9731715749749,136.706764511408,6.733592936432615,5.9511602084109335e-05,False,False
437_pair_mean_input,1000,675,1519,675000,1519000,14551.122138374601,0.989104747700326,0.910855908761952,158.538146940964,1297.1465595192458,1138.6084125782818,0.01006303936377788,False,False
437_pair_mean_input,1000,675,1520,675000,1520000,8807.721567760731,0.9712311705514484,0.890059647638563,253.3878396132386,968.3240126610427,714.936173047804,0.006318617333660474,False,False
437_pair_mean_input,1000,675,1521,675000,1521000,9908.611505971783,0.9815588177235733,0.9406426940641416,182.72651088792372,588.1484845595339,405.4219736716095,0.0035831258885217774,False,False
437_pair_mean_input,1000,675,1522,675000,1522000,5150.419505709316,0.9845252458178032,0.8345605223405957,79.70147578604337,852.0827127513562,772.3812369653133,0.00682631772746631,False,False
437_pair_mean_input,1000,675,1523,675000,1523000,6127.41460836996,0.9534220078228206,0.8032905103754624,285.40266969499044,1205.3206003303908,919.9179306353999,0.008130249386149401,False,False
437_pair_mean_input,1000,675,1524,675000,1524000,9591.846545418182,0.9816983553303886,0.9786423731293115,175.5465671996826,204.85907951794442,29.312512318261724,0.00025906445275768745,False,False
437_pair_mean_input,1000,675,1525,675000,1525000,7125.584641307832,0.9536559845293641,0.867191496522511,330.22820485409557,946.3382326142731,616.1100277601772,0.00544519028076537,False,False
437_pair_mean_input,1000,675,1526,675000,1526000,8781.731199253636,0.9873700626544778,0.9748851984443956,110.91271483179116,220.55143638391505,109.63872155212448,0.000968988774880896,False,False
437_pair_mean_input,1000,675,1527,675000,1527000,9202.798511375988,0.992737846364674,0.9787836601171876,66.8321366645614,195.2497010903925,128.41756442583028,0.001134956488588886,False,False
437_pair_mean_input,1000,675,1528,675000,1528000,5313.57909933019,0.968316414759496,0.862786476071658,168.3532363257882,729.0949128910808,560.7416765652924,0.004955843907221607,False,False
437_pair_mean_input,1000,675,1529,675000,1529000,10587.462613265492,0.9930414609379046,0.9930502829875747,73.67327216288322,73.57986904182806,-0.09340312105450721,-8.254982779749971e-07,False,False
437_pair_mean_input,1000,675,1530,675000,1530000,12295.051902907488,0.9886071283804305,0.9874283448248227,140.07594788576898,154.56915288426083,14.493204998492729,0.00012809117761292447,False,False
437_pair_mean_input,1000,675,1531,675000,1531000,9969.724922540388,0.9914972677427102,0.9912986999809528,84.76990169519013,86.74956765839633,1.9796659632065712,1.7496319449957812e-05,False,False
437_pair_mean_input,1000,675,1532,675000,1532000,9311.544086017711,0.9813139327784711,0.9771167084938982,173.99613872755617,213.07877769226153,39.08263896470453,0.00034541298834387573,False,False
437_pair_mean_input,1000,675,1533,675000,1533000,9487.682509654021,0.988537069445274,0.9516884124097588,108.75664573345239,458.36500459355005,349.6083588600977,0.0030898442680117374,False,False
437_pair_mean_input,1000,675,1534,675000,1534000,7646.34536689569,0.9877106893423805,0.9527746101776282,93.96831360923079,361.1016406681354,267.1333270589048,0.002360928617665463,False,False
437_pair_mean_input,1000,675,1535,675000,1535000,10733.57642411027,0.9584122865395139,0.9596445613918182,446.38490073212597,433.1581844294096,-13.22671630271725,-0.00011689793026065083,False,False
437_pair_mean_input,1000,675,1536,675000,1536000,14650.276707961737,0.9851167868928264,0.9838832592777423,218.04319032365493,236.11471121154983,18.07152088789553,0.00015971639068293293,False,False
437_pair_mean_input,1000,675,1537,675000,1537000,15223.66161789421,0.9925139631138274,0.9922699451234439,113.96489241416566,117.67973972844294,3.7148473142769944,3.283187998703092e-05,False,False
437_pair_mean_input,1000,675,1538,675000,1538000,17725.786131239354,0.9926958456388401,0.9924287545306,129.47187807548107,134.20627793769972,4.734399862220016,4.184270171472063e-05,False,False
437_pair_mean_input,1000,675,1539,675000,1539000,19503.811169628643,0.9909888346491234,0.9914682134877583,175.75206742179944,166.40235307434736,-9.349714347452391,-8.263292496271065e-05,False,False
437_pair_mean_input,1000,675,1540,675000,1540000,23986.813268350554,0.9925923828574144,0.9924287588658138,177.68512916263353,181.60994729537828,3.9248181327457132,3.468760543939324e-05,False,False
437_pair_mean_input,1000,675,1541,675000,1541000,22887.98138230379,0.9692941812066925,0.962510664384523,702.7942088696145,858.0552156019751,155.26100673236215,0.0013721992610871605,False,False
437_pair_mean_input,1000,675,1542,675000,1542000,25007.672255805457,0.9872380346190865,0.9898297050846775,319.14704758581865,254.33540198727002,-64.81164559854733,-0.0005728063605401852,False,False
437_pair_mean_input,1000,675,1543,675000,1543000,14778.034585096073,0.9904414769709273,0.989038571256543,141.2561839060727,161.98837307287312,20.7321891667998,0.00018323141949247812,False,False
437_pair_mean_input,1000,675,1544,675000,1544000,15330.950267580163,0.9841372543190983,0.9821453345141136,243.190965141177,273.7289886084049,30.538023467228413,0.00026989553989577986,False,False
437_pair_mean_input,1000,675,1545,675000,1545000,15208.37118077786,0.9782153791685922,0.977116776512199,331.3085996365553,348.0165566151722,16.707956978616494,0.00014766519104088003,False,False
437_pair_mean_input,1000,675,1546,675000,1546000,11853.137138405273,0.9924249192096354,0.9922309958070085,89.78847144269093,92.08707212837426,2.298600685682686,2.0315069628946205e-05,False,False
437_pair_mean_input,1000,675,1547,675000,1547000,17193.283174806093,0.9925692341319293,0.9924287545052566,127.75926177542351,130.17456777709842,2.415306001676072,2.1346513078537646e-05,False,False
437_pair_mean_input,1000,675,1548,675000,1548000,11418.518257008845,0.9809363354134327,0.9726237744880988,217.67880212721138,312.5959308156354,94.91712868842478,0.0008388791016619337,False,False
437_pair_mean_input,1000,675,1549,675000,1549000,12573.623585977932,0.9910690062810447,0.9901093634691133,112.29495327087716,124.36114076509236,12.066187494214319,0.0001066411580870478,False,False
437_pair_mean_input,1000,675,1550,675000,1550000,15338.7373630099,0.9916277026316571,0.9917620432784294,128.42047045802974,126.35985456001306,-2.060615898017204,-1.8211756268705756e-05,False,False
437_pair_mean_input,1000,675,1551,675000,1551000,13883.771334157986,0.9912470475609103,0.9916857406716838,121.52399016308118,115.43327532723205,-6.090714835849212,-5.3829835147544784e-05,False,False
437_pair_mean_input,1000,675,1552,675000,1552000,11597.665561989868,0.9929400071099743,0.9925248074573731,81.87943640854428,86.69478312086692,4.815346712322935,4.255811127077245e-05,False,False
437_pair_mean_input,1000,675,1553,675000,1553000,8138.599289721173,0.9889593827402151,0.987732051664352,89.85515978856893,99.84391561084117,9.988755822272651,8.828078373940911e-05,False,False
437_pair_mean_input,1000,676,1509,676000,1509000,201.02712478683574,0.8863845586235463,0.5771660133095536,22.839785511295787,85.0011006065356,62.161315095239814,0.0005493826971567293,False,False
437_pair_mean_input,1000,676,1510,676000,1510000,161.98941940160034,0.7999448829748648,0.385230714336828,32.40681225522087,99.58611965051382,67.17930739529295,0.0005937317933734212,False,True
437_pair_mean_input,1000,676,1511,676000,1511000,139.9003048512326,0.6055400885555039,0.23198727954469947,55.18506186267521,107.44521372132102,52.260151858645806,0.0004618760580906968,False,True
437_pair_mean_input,1000,676,1512,676000,1512000,526.4407022534069,0.6811380689295049,0.33531044366671364,167.86189891462885,349.91963681660076,182.0577379019719,0.0016090291998101167,False,True
437_pair_mean_input,1000,676,1513,676000,1513000,715.3635068983147,0.894500526937726,0.7271950214360723,75.47047302575265,195.15472616481088,119.68425313905823,0.0010577713437365766,False,False
437_pair_mean_input,1000,676,1514,676000,1514000,806.4490359768397,0.830299835661013,0.5827862939648419,136.85453393628734,336.4615910283778,199.60705709209049,0.0017641303635348524,False,False
437_pair_mean_input,1000,676,1515,676000,1515000,3675.7301497357494,0.9615061534869724,0.637352539433262,141.4929922072356,1332.9942045302653,1191.5012123230294,0.010530506774005912,False,False
437_pair_mean_input,1000,676,1516,676000,1516000,9534.533130184676,0.959948442237027,0.9060263928689145,381.87290440657125,895.9944705542936,514.1215661477218,0.0045438146256063785,False,False
437_pair_mean_input,1000,676,1517,676000,1517000,8145.071685981443,0.9722773437100539,0.9555171179611578,225.8030228074349,362.31626300542615,136.51324019799085,0.0012065062005633123,False,False
437_pair_mean_input,1000,676,1518,676000,1518000,9844.003792340118,0.9896672705089626,0.9892928921636934,101.71542829499595,105.4008101455965,3.6853818506006064,3.2571463747723474e-05,False,False
437_pair_mean_input,1000,676,1519,676000,1519000,3722.1093185831032,0.9721870668743317,0.6695173443316115,103.5227775641788,1230.0925722934,1126.569794729221,0.009956641866655711,False,False
437_pair_mean_input,1000,676,1520,676000,1520000,9765.352142444926,0.9922347934343527,0.9340913205844369,75.82997657237138,643.621463736485,567.7914871641133,0.005018150246064185,False,False
437_pair_mean_input,1000,676,1521,676000,1521000,11400.165300496277,0.9931350350379943,0.9931350350379944,78.26173534898044,78.26173534897916,-1.8189894035458565e-12,-1.607625744546159e-17,False,False
437_pair_mean_input,1000,676,1522,676000,1522000,10049.121888558268,0.9930108651226695,0.9929090234321338,70.23466827786797,71.2580878393977,1.0234195615303179,9.04499845563176e-06,False,False
437_pair_mean_input,1000,676,1523,676000,1523000,8180.781753129504,0.9746804993127937,0.9739242376664435,207.1333092202476,213.32012069730033,6.186811477052288,5.467913879967892e-05,False,False
437_pair_mean_input,1000,676,1524,676000,1524000,5921.3107195122875,0.9573745595176429,0.9043706229344006,252.3984776521138,566.251255518816,313.8527778667021,0.0027738358712385836,False,False
437_pair_mean_input,1000,676,1525,676000,1525000,9198.64750463262,0.9807920459958658,0.9625955113329705,176.68719816922749,344.07070633903004,167.38350816980164,0.0014793381227052415,False,False
437_pair_mean_input,1000,676,1526,676000,1526000,9076.895173334617,0.977491544748626,0.9696298623556536,204.30688883041512,275.66655579747555,71.35966696706055,0.0006306778781385825,False,False
437_pair_mean_input,1000,676,1527,676000,1527000,5446.123572412193,0.9560061376809246,0.7792194409239146,239.5960106173734,1202.3982071146115,962.8021964972386,0.008509261213821744,False,False
437_pair_mean_input,1000,676,1528,676000,1528000,5981.04213852067,0.9806262568896926,0.956069470748562,115.87517392362315,262.7503466203658,146.875172696743,0.0012980851257388569,False,False
437_pair_mean_input,1000,676,1529,676000,1529000,9129.921028871782,0.9916886818231959,0.9908207271334094,75.88167860004796,83.80603637443762,7.9243577743891365,7.003560076968486e-05,False,False
437_pair_mean_input,1000,676,1530,676000,1530000,9834.617982026462,0.9887911452352475,0.9859140740822715,110.23480462735824,138.52970032398534,28.294895696626554,0.00025007074077767403,False,False
437_pair_mean_input,1000,676,1531,676000,1531000,13155.308011307501,0.9925580758242537,0.9922959875552706,97.90080472873888,101.34865663336139,3.447851904622439,3.0472170285591257e-05,False,False
437_pair_mean_input,1000,676,1532,676000,1532000,9954.71916243792,0.9925064530555968,0.9923722560801942,74.5961553620782,75.93204856466019,1.335893202582156,1.1806645493639624e-05,False,False
437_pair_mean_input,1000,676,1533,676000,1533000,8038.025550970936,0.9869009495361958,0.9841211353574948,105.29050232151621,127.63471971686585,22.344217395349915,0.00019747855076273442,False,False
437_pair_mean_input,1000,676,1534,676000,1534000,7343.67994353242,0.9767915172710788,0.9727097132925839,170.43566913619725,200.4111311465008,29.97546201030309,0.0002649236127406267,False,False
437_pair_mean_input,1000,676,1535,676000,1535000,8022.651917069351,0.9510989163962088,0.9371409017088005,392.3163721207238,504.2966654111425,111.98029329041856,0.0009896836233601954,False,False
437_pair_mean_input,1000,676,1536,676000,1536000,14687.39610319839,0.9121650524862628,0.8919314033205201,1290.0666658378996,1587.2462857483113,297.17961991041193,0.0026264782345136756,False,False
437_pair_mean_input,1000,676,1537,676000,1537000,15313.089901086085,0.9859608767411052,0.9793788705918729,214.982356595885,315.77320848858045,100.79085189269608,0.0008907911612985508,False,False
437_pair_mean_input,1000,676,1538,676000,1538000,17306.47227996347,0.9923076395812888,0.9920332557638725,133.12762235391347,137.87623828409988,4.7486159301879525,4.1968343550824354e-05,False,False
437_pair_mean_input,1000,676,1539,676000,1539000,18991.017951298043,0.992953264438902,0.9929937814441513,133.82468153886293,133.0552223648403,-0.7694591740219039,-6.800492488430547e-06,False,False
437_pair_mean_input,1000,676,1540,676000,1540000,25627.83952693822,0.9929188579135865,0.9929090270860887,181.4743730580558,181.7263159275831,0.25194286952682887,2.2266751110073377e-06,False,False
437_pair_mean_input,1000,676,1541,676000,1541000,27406.028360415574,0.9606770956552875,0.9605616045065523,1077.6846316851006,1080.8497853827146,3.1651536976132775,2.7973679009946446e-05,False,False
437_pair_mean_input,1000,676,1542,676000,1542000,13944.036318696131,0.9911800258251207,0.9914117345508922,122.98604022447944,119.75508533696295,-3.2309548875164182,-2.855523097887958e-05,False,False
437_pair_mean_input,1000,676,1543,676000,1543000,15577.552574730387,0.9925625994213739,0.9923722618025528,115.8564985328776,118.82149279701326,2.9649942641353846,2.620466673507795e-05,False,False
437_pair_mean_input,1000,676,1544,676000,1544000,15978.835263779061,0.9913751624256881,0.990846686776529,137.81485877678097,146.25928411561387,8.444425338833753,7.463196622335259e-05,False,False
437_pair_mean_input,1000,676,1545,676000,1545000,9878.068827819556,0.9815624082166193,0.9348077940470108,182.12780065547486,643.9730974410155,461.845296785541,0.004081796120761621,False,False
437_pair_mean_input,1000,676,1546,676000,1546000,12666.511781806506,0.993117928740224,0.993109609021055,87.17183669518454,87.27721851605946,0.10538182087475434,9.313662186000524e-07,False,False
437_pair_mean_input,1000,676,1547,676000,1547000,12852.57834020886,0.9901025409326399,0.9898042410291308,127.20786803225565,131.04179091098388,3.833922878728117,3.388427173040682e-05,False,False
437_pair_mean_input,1000,676,1548,676000,1548000,10527.562374684907,0.9720866637992709,0.969660434906124,293.8593879387263,319.40166394659286,25.542276007867258,0.0002257430439369567,False,False
437_pair_mean_input,1000,676,1549,676000,1549000,13237.625016614431,0.9929978187930167,0.9930220295575771,92.6922491164296,92.37175609381313,-0.3204930226165743,-2.8325224605566554e-06,False,False
437_pair_mean_input,1000,676,1550,676000,1550000,12851.006118515226,0.9881802278041815,0.9870328207058464,151.89596480791988,166.64130044905167,14.745335641131533,0.0001303195122656991,False,False
437_pair_mean_input,1000,676,1551,676000,1551000,15593.743606360384,0.9786175609215556,0.9764386223200783,333.432272667882,367.4100825533216,33.977809885440365,0.0003002964272834581,False,False
437_pair_mean_input,1000,676,1552,676000,1552000,11987.241391882817,0.9537683181365271,0.9327633765694563,554.1903304501811,805.9816354370515,251.79130498687118,0.002225335581178734,False,False
437_pair_mean_input,1000,676,1553,676000,1553000,8279.717451337403,0.961223098550287,0.9313187215997661,321.0617876419792,568.6615793505789,247.5997917085997,0.0021882909197770747,False,False
437_pair_mean_input,1000,677,1509,677000,1509000,734.4927753521583,0.9675007380957862,0.8615563276994289,23.870473072922664,101.68587709799118,77.81540402506857,0.0006877337855245364,False,False
437_pair_mean_input,1000,677,1510,677000,1510000,1145.186860403691,0.9734233257886378,0.7693633506166304,30.435258100081683,264.1220604013679,233.6868023012862,0.0020653276968402388,False,False
437_pair_mean_input,1000,677,1511,677000,1511000,955.755224722856,0.9280877680790879,0.7676047734527497,68.73049137989346,222.11295197318626,153.38246059329276,0.0013555966402604602,False,False
437_pair_mean_input,1000,677,1512,677000,1512000,1195.9247268154547,0.9652802016706906,0.849685312797846,41.522265332067036,179.76505122858657,138.24278589651954,0.0012217919531130723,False,False
437_pair_mean_input,1000,677,1513,677000,1513000,435.99336214282056,0.8898889534906114,0.6875510343518353,48.00768537669285,136.22567503098998,88.21798965429713,0.0007796720037175273,False,False
437_pair_mean_input,1000,677,1514,677000,1514000,2903.578883789419,0.9487369472256753,0.8792274115852118,148.84631755411192,350.67273746176966,201.82641990765796,0.0017837451276002155,False,False
437_pair_mean_input,1000,677,1515,677000,1515000,9568.056709808248,0.9161503084907728,0.8098158530836035,802.2786034602123,1819.6927030025854,1017.4140995423732,0.008991922086517718,False,False
437_pair_mean_input,1000,677,1516,677000,1516000,8255.686260484355,0.992792104281806,0.9928807764653054,59.506125647698354,58.774075920695324,-0.7320497270029591,-6.469867197268013e-06,False,False
437_pair_mean_input,1000,677,1517,677000,1517000,6542.678318660496,0.9924359273878537,0.9848010790812441,49.489293880263176,99.44165036217939,49.95235648191647,0.0004414797256352002,False,False
437_pair_mean_input,1000,677,1518,677000,1518000,7350.211575324963,0.9911250699354646,0.9894341273316432,65.23261369054762,77.66139959036614,12.42878589981865,0.00010984580859597649,False,False
437_pair_mean_input,1000,677,1519,677000,1519000,6979.309287102502,0.982811001443565,0.9767212823029738,119.9673372609177,162.46937061469205,42.502033353774095,0.0003756336506517985,False,False
437_pair_mean_input,1000,677,1520,677000,1520000,8772.463254369553,0.9926309745597244,0.9924852679948726,64.64450489533192,65.92271038141514,1.278205486083607,1.1296800532441038e-05,False,False
437_pair_mean_input,1000,677,1521,677000,1521000,8116.444978010374,0.992923250120452,0.9925700074231162,57.43805102049282,60.305125937302996,2.867074916810452,2.533925397708246e-05,False,False
437_pair_mean_input,1000,677,1522,677000,1522000,7227.387777990297,0.9905797932724408,0.9868067930132719,68.08348696890334,95.35242292837486,27.26893595947149,0.0002410032922092376,False,False
437_pair_mean_input,1000,677,1523,677000,1523000,8284.63780574322,0.9909147432745057,0.990309925627971,75.26806134291292,80.27875648297457,5.010695140061216,4.4284603799956436e-05,False,False
437_pair_mean_input,1000,677,1524,677000,1524000,5349.048075413643,0.9628163553738125,0.9058390586173277,198.89710272457341,503.67140228212,304.7742995575463,0.002693600134721085,False,False
437_pair_mean_input,1000,677,1525,677000,1525000,8642.515056219032,0.9788841536302114,0.9755566551624905,182.49402017570537,211.25197578252994,28.757955606824908,0.00025416327167120724,False,False
437_pair_mean_input,1000,677,1526,677000,1526000,9358.283905432418,0.9926745690551484,0.9926265153686621,68.55346251156152,69.00316255240287,0.44970004084098036,3.974456154445617e-06,False,False
437_pair_mean_input,1000,677,1527,677000,1527000,5426.2563855751705,0.9272406803004046,0.7483848341000308,394.8107231300346,1365.328400672264,970.5176775422292,0.00857745075871577,False,False
437_pair_mean_input,1000,677,1528,677000,1528000,6133.023421339885,0.9527449752774402,0.9286045817861225,289.8161733994548,437.869772082067,148.05359868261257,0.0013085000734523132,False,False
437_pair_mean_input,1000,677,1529,677000,1529000,9228.317195535159,0.9811638560106751,0.9800390793152436,173.8259114742632,184.20570759385103,10.379796119588718,9.173680414224839e-05,False,False
437_pair_mean_input,1000,677,1530,677000,1530000,11326.816534666707,0.9929000753921661,0.9928807735304611,80.41954344290025,80.63817208920995,0.21862864630929835,1.9322434733097336e-06,False,False
437_pair_mean_input,1000,677,1531,677000,1531000,10498.543721673543,0.9893676559584779,0.9875977753431952,111.62412878379473,130.20529780548335,18.581169021688765,0.00016422066904183243,False,False
437_pair_mean_input,1000,677,1532,677000,1532000,8001.176399205953,0.9788238634483184,0.9685568353426798,169.43400400367773,251.5823069724973,82.14830296881973,0.0007260280156993392,False,False
437_pair_mean_input,1000,677,1533,677000,1533000,7324.014077112943,0.9641903954660556,0.9169412199507699,262.2700477024564,608.3236743083886,346.05362660593255,0.003058427487487207,False,False
437_pair_mean_input,1000,677,1534,677000,1534000,8442.483066842806,0.9885357625670954,0.9880780855502738,96.78663040156243,100.6505608661623,3.863930464600344,3.414947925435299e-05,False,False
437_pair_mean_input,1000,677,1535,677000,1535000,7361.346222809596,0.9907922091161264,0.9903381993390463,67.78173664342376,71.12385980105063,3.342123157626702,2.9537737928384456e-05,False,False
437_pair_mean_input,1000,677,1536,677000,1536000,9264.976697569762,0.9757185771766922,0.9791789634791316,224.96681664178504,192.9064181850949,-32.060398456689654,-0.0002833503144048573,False,False
437_pair_mean_input,1000,677,1537,677000,1537000,8271.147657415055,0.9870486346980238,0.9832189195310038,107.12265477776691,138.79879441003126,31.676139632264494,0.00027995422876790567,False,False
437_pair_mean_input,1000,677,1538,677000,1538000,13491.00549616187,0.9912754251609357,0.990557376618704,117.70328710549256,127.39048393525061,9.68719682975825,8.561560053976803e-05,False,False
437_pair_mean_input,1000,677,1539,677000,1539000,22013.608224960855,0.9873663601212697,0.9846354927026034,278.11199874561134,338.2282442144404,60.1162454688274,0.0005313083390851481,False,False
437_pair_mean_input,1000,677,1540,677000,1540000,18768.419757926597,0.9917009556937815,0.9914606530819705,155.75994712873944,160.27004741613425,4.510100287396199,3.986033848448625e-05,False,False
437_pair_mean_input,1000,677,1541,677000,1541000,28366.935415486834,0.99059669853525,0.9904144398818074,266.74284534291655,271.9129647940347,5.170119451118808,4.5693598411267036e-05,False,False
437_pair_mean_input,1000,677,1542,677000,1542000,17826.113085776076,0.9901367764323386,0.9900585105112665,175.82293870742433,177.218115867218,1.3951771597930929,1.2330598055788083e-05,False,False
437_pair_mean_input,1000,677,1543,677000,1543000,7953.64612083583,0.9794195393188145,0.9456399960602022,163.6897012619247,432.36023446439305,268.6705332024685,0.0023745144701517403,False,False
437_pair_mean_input,1000,677,1544,677000,1544000,15347.14174736418,0.9884720119508994,0.9876327223659498,176.9216666514676,189.80236287877528,12.880696227308363,0.0001138397992991798,False,False
437_pair_mean_input,1000,677,1545,677000,1545000,8740.885840188777,0.9756165878092821,0.9579905528196908,213.1326223533324,367.199782012523,154.06715965919102,0.0013616480215574542,False,False
437_pair_mean_input,1000,677,1546,677000,1546000,10013.893786561704,0.9573192975036978,0.9450805705842173,427.4000215338092,549.95733298822,122.55731145441132,0.0010831634790856904,False,False
437_pair_mean_input,1000,677,1547,677000,1547000,9376.542626465165,0.9926249042005709,0.9921744950229741,69.15290013761114,73.37618099069905,4.223280853087999,3.732542373604856e-05,False,False
437_pair_mean_input,1000,677,1548,677000,1548000,10041.66081105854,0.9881694496707308,0.9864677818559017,118.79837361467798,135.88594462428753,17.087571009609746,0.00015102022591918142,False,False
437_pair_mean_input,1000,677,1549,677000,1549000,8854.583491044801,0.9930694378080757,0.9930502820084941,61.36724156827222,61.536858195005166,0.16961662673384126,1.499074460295641e-06,False,False
437_pair_mean_input,1000,677,1550,677000,1550000,8954.92937163189,0.9796619978632799,0.9778793355636176,182.12537269442691,198.08898768137362,15.963614986947505,0.0001410866846118641,False,False
437_pair_mean_input,1000,677,1551,677000,1551000,9165.303525209718,0.9685425758512604,0.9610417944769997,288.31684044446047,357.0637784157997,68.74693797133841,0.0006075865374806476,False,False
437_pair_mean_input,1000,677,1552,677000,1552000,7222.713491809661,0.935476009116129,0.9275365898974188,466.0382995023383,523.3824498104495,57.34415030811124,0.0005068085177117424,False,False
437_pair_mean_input,1000,677,1553,677000,1553000,10541.049929857909,0.9608016051857355,0.96510301269493,413.1922369074455,367.85088558436,-45.3413513230862,-0.00040072758828288484,False,False
437_pair_mean_input,1000,678,1509,678000,1509000,173.83038144606536,0.9425049300007393,0.9306346932128193,9.994389949239718,12.057797737938962,2.0634077886992372,1.8236431043213214e-05,False,False
437_pair_mean_input,1000,678,1510,678000,1510000,504.37134744028333,0.9480615347200136,0.8397518228725942,26.196273717247095,80.82458902259886,54.62831530535175,0.00048280592451430663,False,False
437_pair_mean_input,1000,678,1511,678000,1511000,153.26837104913128,0.9778006858559286,0.5636265461918376,3.4024527172697674,66.88224843426038,63.47979571699061,0.0005610354499824463,False,False
437_pair_mean_input,1000,678,1512,678000,1512000,478.5721309846938,0.9002492709692008,0.8242426886444416,47.737918959546334,84.1125510315699,36.37463207202359,0.00032147958010853424,False,False
437_pair_mean_input,1000,678,1513,678000,1513000,64.49911523929063,0.620489235317209,0.2985689747427977,24.478108545826643,45.241680530478064,20.763571984651424,0.0001835087813386567,False,True
437_pair_mean_input,1000,678,1514,678000,1514000,2579.0187420369803,0.9881054121788119,0.9478506067852581,30.67636491964913,134.49426248667544,103.8178975670262,0.0009175442393895167,False,False
437_pair_mean_input,1000,678,1515,678000,1515000,5402.9393367902285,0.9888774182855181,0.9880498838664528,60.094634271838004,64.56575253715393,4.471118265316363,3.9515814749780335e-05,False,False
437_pair_mean_input,1000,678,1516,678000,1516000,4492.245776485648,0.9931350350379946,0.9931350350379944,30.839109856290634,30.83910985629168,9.094947017729282e-13,8.038128722730795e-18,False,False
437_pair_mean_input,1000,678,1517,678000,1517000,3412.867445819994,0.9928885735566703,0.9924358107355565,24.270355801783353,25.81557529464019,1.5452194928566314,1.365667459551122e-05,False,False
437_pair_mean_input,1000,678,1518,678000,1518000,4843.405778414887,0.9928621644274889,0.9928807748686588,34.57143405727584,34.481296138974564,-0.09013791830147966,-7.966403638128944e-07,False,False
437_pair_mean_input,1000,678,1519,678000,1519000,2472.4463166966893,0.9855440053616038,0.9474958893825423,35.74167069788973,129.81359490756893,94.07192420967931,0.000831409170958719,False,False
437_pair_mean_input,1000,678,1520,678000,1520000,2389.790956468278,0.9876852936045546,0.9231491815471171,29.42957397539749,183.657390935885,154.22781696048742,0.0013630679133562185,False,False
437_pair_mean_input,1000,678,1521,678000,1521000,1293.8590392158835,0.9064365950340348,0.6591693814992617,121.05785725503029,440.98677658872055,319.92891933369026,0.0028275369067190157,False,False
437_pair_mean_input,1000,678,1522,678000,1522000,3005.65278861703,0.991213257501657,0.9868421050079871,26.409897093004474,39.548063775073686,13.138166682069368,0.00011611532729690717,False,False
437_pair_mean_input,1000,678,1523,678000,1523000,4161.823618150656,0.9832403532417369,0.9799769183255733,69.75069371040172,83.33253422078855,13.581840510386883,0.00012003652368867387,False,False
437_pair_mean_input,1000,678,1524,678000,1524000,2451.463323336665,0.984302061178324,0.9833461280733055,38.48292127332161,40.826356219837784,2.3434349465160267,2.0711315543369193e-05,False,False
437_pair_mean_input,1000,678,1525,678000,1525000,2875.568301515734,0.9905567450434154,0.9899786669433672,27.154724616285876,28.817027676584992,1.6623030602991093,1.4691461037460323e-05,False,False
437_pair_mean_input,1000,678,1526,678000,1526000,1378.5122389074036,0.9505429046711774,0.9281293902637396,68.17721121159207,99.0745151391725,30.897303927580424,0.000273070866351494,False,False
437_pair_mean_input,1000,678,1527,678000,1527000,1563.665890519036,0.9852884614405715,0.9814392705756584,23.003931042434033,29.02277950399601,6.018848461561902,5.3194678982004436e-05,False,False
437_pair_mean_input,1000,678,1528,678000,1528000,1324.4484723330004,0.9673342060011403,0.8938882735661273,43.264160959334276,140.53951397195993,97.2753530126256,0.000859721125961855,False,False
437_pair_mean_input,1000,678,1529,678000,1529000,2615.7561412634022,0.9913966077872763,0.9893212159093447,22.504376016129754,27.933095066357406,5.428719050227755,4.797910580480353e-05,False,False
437_pair_mean_input,1000,678,1530,678000,1530000,3956.8703792907113,0.9925379196755805,0.9923722611184771,29.526484603583867,30.181974041262045,0.6554894376781704,5.7932261355416195e-06,False,False
437_pair_mean_input,1000,678,1531,678000,1531000,4772.297341892978,0.9931350350379942,0.9931350350379943,32.76165404036874,32.761654040368356,0.0,0.0,False,False
437_pair_mean_input,1000,678,1532,678000,1532000,3534.2353402369117,0.9696673890768959,0.9655900376915423,107.20258548609081,121.61290484677137,14.41031936068066,0.00012735863302008594,False,False
437_pair_mean_input,1000,678,1533,678000,1533000,2811.825270217682,0.9710324021362292,0.9713532771988774,81.45182369085433,80.5495790811175,-0.9022446097369539,-7.974052293342911e-06,False,False
437_pair_mean_input,1000,678,1534,678000,1534000,3589.0559366704724,0.9918648727041368,0.9910162273043881,29.197426916787663,32.24326272688399,3.045835810096378,2.6919145611438967e-05,False,False
437_pair_mean_input,1000,678,1535,678000,1535000,2862.5039541124197,0.9918963640763598,0.9919484974297222,23.196689874107506,23.047457943966393,-0.14923193014101344,-1.318914185730489e-06,False,False
437_pair_mean_input,1000,678,1536,678000,1536000,3454.9740152782806,0.9931350350379945,0.9931350350379944,23.718275559524955,23.71827555952525,4.547473508864641e-13,4.019064361365397e-18,False,False
437_pair_mean_input,1000,678,1537,678000,1537000,3620.663640118135,0.9931350350379943,0.9931350350379945,24.855729028618953,24.855729028618303,-4.547473508864641e-13,-4.019064361365397e-18,False,False
437_pair_mean_input,1000,678,1538,678000,1538000,3069.3357108790788,0.9929252887799868,0.9927960156713247,21.714663791743533,22.111446360616362,0.3967825688728226,3.5067706907124278e-06,False,False
437_pair_mean_input,1000,678,1539,678000,1539000,4357.319490532326,0.985127011737784,0.9737238418738897,64.80636163741201,114.4936159392097,49.68725430179802,0.0004391367483266851,False,False
437_pair_mean_input,1000,678,1540,678000,1540000,3968.530404822682,0.9455334712832311,0.9469448967777058,216.15207525764527,210.55079026868052,-5.601284988964835,-4.950424633176159e-05,False,False
437_pair_mean_input,1000,678,1541,678000,1541000,5191.924252232448,0.992173798402045,0.9922451320533897,40.63304587928269,40.262686964866006,-0.37035891441701096,-3.2732380099538302e-06,False,False
437_pair_mean_input,1000,678,1542,678000,1542000,3334.1306132673276,0.9416597567578369,0.9472416705471004,194.51399097915828,175.90316133375586,-18.610829645402646,-0.00016448281010867304,False,False
437_pair_mean_input,1000,678,1543,678000,1543000,2308.8777034193195,0.9509252239180179,0.9520722624544706,113.30765629598409,110.65928459420574,-2.64837170177816,-2.3406351464206093e-05,False,False
437_pair_mean_input,1000,678,1544,678000,1544000,3036.0215532630664,0.9814129917533361,0.9464778291424442,56.430557647549904,162.4944643009679,106.06390665341814,0.0009373945036226655,False,False
437_pair_mean_input,1000,678,1545,678000,1545000,1073.2448541943288,0.9476314279409201,0.9471148335814807,56.204300483912334,56.75873272188652,0.554432237974197,4.900080988026447e-06,False,False
437_pair_mean_input,1000,678,1546,678000,1546000,1360.7948793415949,0.9648942396391519,0.947114626286651,47.771738934435234,71.96614574119191,24.19440680675666,0.00021383055437675222,False,False
437_pair_mean_input,1000,678,1547,678000,1547000,1222.7363345324861,0.9846561414863401,0.9739384838300392,18.76149331657757,31.866362754016954,13.104869437439447,0.00011582104571623845,False,False
437_pair_mean_input,1000,678,1548,678000,1548000,1266.7084091047986,0.9845113861271856,0.9721588597618757,19.619557438071297,35.26660645869808,15.64704902062681,0.0001382888695376684,False,False
437_pair_mean_input,1000,678,1549,678000,1549000,2043.1036724595078,0.9926798404266022,0.9927536496482463,14.955844907398614,14.80504501559622,-0.15079989180230768,-1.33277185597444e-06,False,False
437_pair_mean_input,1000,678,1550,678000,1550000,1678.791722526614,0.9791481166512428,0.9702515411519778,35.00596916498421,49.94146647198335,14.935497306999196,0.00013200016411050208,False,False
437_pair_mean_input,1000,678,1551,678000,1551000,1419.4334075736967,0.9381153708493417,0.8700739747445418,87.84111003175349,184.42134076086114,96.5802307291076,0.000853577624100806,False,False
437_pair_mean_input,1000,678,1552,678000,1552000,1896.3239536246042,0.976874861311094,0.9726670229833615,43.85275442666352,51.83217904052237,7.979424613858782,7.052228237777791e-05,False,False
437_pair_mean_input,1000,678,1553,678000,1553000,1616.7392356341338,0.9747404366466272,0.9729693808472487,40.83812714838382,43.7014625477365,2.8633353993527635,2.530620406197333e-05,False,False
final_quality_mask,1000,645,1509,645000,1509000,7.467380974263583,0.17667898945265162,0.6666688500927584,6.148051649872736,2.489110686946738,-3.658940962925998,-3.2337778759501485e-05,True,False
final_quality_mask,1000,645,1510,645000,1510000,36.960063409148475,1.0,1.0,0.0,0.0,0.0,0.0,False,False
final_quality_mask,1000,645,1511,645000,1511000,205.7846636038489,1.0,1.0,0.0,0.0,0.0,0.0,False,False
final_quality_mask,1000,645,1512,645000,1512000,106.164277459157,0.9988904462326386,0.7777743879790531,0.11779497401401784,23.592421533122785,23.47462655910877,0.00020746912503428937,False,False
final_quality_mask,1000,645,1513,645000,1513000,38.63836133189035,0.12917967135057917,0.2222188342941014,33.64707051351183,30.052189717683394,-3.594880795828435,-3.17716139779738e-05,True,True
final_quality_mask,1000,645,1514,645000,1514000,3.0912264634407567,0.0,0.0,3.0912264634407567,3.0912264634407567,0.0,0.0,True,True
final_quality_mask,1000,645,1515,645000,1515000,67.7851361203952,0.9285792091315862,0.7777806777770986,4.841268030841704,15.063167005461333,10.221898974619627,9.034130664925682e-05,False,False
final_quality_mask,1000,645,1516,645000,1516000,7.512002677012887,0.9576898264281395,0.8888893717838988,0.31783413713669617,0.8346633366039358,0.5168291994672396,4.567744732196128e-06,False,False
final_quality_mask,1000,645,1517,645000,1517000,59.605296486922946,1.0,1.0,0.0,0.0,0.0,0.0,False,False
final_quality_mask,1000,645,1518,645000,1518000,226.60133896039991,1.0,1.0,0.0,0.0,0.0,0.0,False,False
final_quality_mask,1000,645,1519,645000,1519000,117.9426348891888,1.0,1.0,0.0,0.0,0.0,0.0,False,False
final_quality_mask,1000,645,1520,645000,1520000,159.273232662725,1.0,1.0,0.0,0.0,0.0,0.0,False,False
final_quality_mask,1000,645,1521,645000,1521000,74.23077257101767,1.0,1.0,0.0,0.0,0.0,0.0,False,False
final_quality_mask,1000,645,1522,645000,1522000,422.2954032389489,1.0,1.0,0.0,0.0,0.0,0.0,False,False
final_quality_mask,1000,645,1523,645000,1523000,484.9242838631509,1.0,1.0,0.0,0.0,0.0,0.0,False,False
final_quality_mask,1000,645,1524,645000,1524000,187.49471163154345,1.0,1.0,0.0,0.0,0.0,0.0,False,False
final_quality_mask,1000,645,1525,645000,1525000,86.06169759307103,1.0,1.0,0.0,0.0,0.0,0.0,False,False
final_quality_mask,1000,645,1526,645000,1526000,39.132737929508025,1.0,1.0,0.0,0.0,0.0,0.0,False,False
final_quality_mask,1000,645,1527,645000,1527000,140.90758350108908,1.0,1.0,0.0,0.0,0.0,0.0,False,False
final_quality_mask,1000,645,1528,645000,1528000,60.30420214809049,1.0,1.0,0.0,0.0,0.0,0.0,False,False
final_quality_mask,1000,645,1529,645000,1529000,36.65561897092626,0.9310978947713467,0.7777753841487056,2.52564931555618,8.145780844605508,5.620131529049328,4.967081235450141e-05,False,False
final_quality_mask,1000,645,1530,645000,1530000,12.451415280206067,0.0,0.0,12.451415280206067,12.451415280206067,0.0,0.0,True,True
final_quality_mask,1000,645,1531,645000,1531000,16.445205958741166,0.7765681141524556,0.38889343078412464,3.674383380512813,10.049773393494783,6.375390012981971,5.634579891676596e-05,False,True
final_quality_mask,1000,645,1532,645000,1532000,324.75066100154106,1.0,1.0,0.0,0.0,0.0,0.0,False,False
final_quality_mask,1000,645,1533,645000,1533000,185.3771117075656,0.9999240263681919,0.9444434896049106,0.014083772430524277,10.298905433593008,10.284821661162482,9.089741835944662e-05,False,False
final_quality_mask,1000,645,1534,645000,1534000,48.234461232687146,1.0,1.0,0.0,0.0,0.0,0.0,False,False
final_quality_mask,1000,645,1535,645000,1535000,134.97965304577446,1.0,1.0,0.0,0.0,0.0,0.0,False,False
final_quality_mask,1000,645,1536,645000,1536000,197.01980560154246,1.0,1.0,0.0,0.0,0.0,0.0,False,False
final_quality_mask,1000,645,1537,645000,1537000,376.182445790026,1.0,1.0,0.0,0.0,0.0,0.0,False,False
final_quality_mask,1000,645,1538,645000,1538000,1056.2964491806142,1.0,1.0,0.0,0.0,0.0,0.0,False,False
final_quality_mask,1000,645,1539,645000,1539000,425.8192149299951,0.9756552618796983,0.9444434934808783,10.36645727406318,23.657027990225554,13.290570716162392,0.00011746227658810715,False,False
final_quality_mask,1000,645,1540,645000,1540000,570.8302275625666,0.9620274004809233,0.9444453949186049,21.675907624616798,31.71224786076128,10.036340236144497,8.870133555037841e-05,False,False
final_quality_mask,1000,645,1541,645000,1541000,508.42334651902814,1.0,1.0,0.0,0.0,0.0,0.0,False,False
final_quality_mask,1000,645,1542,645000,1542000,268.76113081420846,1.0,1.0,0.0,0.0,0.0,0.0,False,False
final_quality_mask,1000,645,1543,645000,1543000,681.8183267994982,1.0,1.0,0.0,0.0,0.0,0.0,False,False
final_quality_mask,1000,645,1544,645000,1544000,59.2823568384932,0.9923918164197326,0.8965531897921957,0.451031053898177,6.132570716542937,5.681539662644759,5.021353842151479e-05,False,False
final_quality_mask,1000,645,1545,645000,1545000,1226.331094127827,1.0,1.0,0.0,0.0,0.0,0.0,False,False
final_quality_mask,1000,645,1546,645000,1546000,3388.511043337564,1.0,1.0,0.0,0.0,0.0,0.0,False,False
final_quality_mask,1000,645,1547,645000,1547000,4390.163618681177,1.0,1.0,0.0,0.0,0.0,0.0,False,False
final_quality_mask,1000,645,1548,645000,1548000,3218.9509107648937,1.0,1.0,0.0,0.0,0.0,0.0,False,False
final_quality_mask,1000,645,1549,645000,1549000,2755.8068856063123,1.0,1.0,0.0,0.0,0.0,0.0,False,False
final_quality_mask,1000,645,1550,645000,1550000,1574.5088962722086,1.0,1.0,0.0,0.0,0.0,0.0,False,False
final_quality_mask,1000,645,1551,645000,1551000,1453.5510115731108,1.0,1.0,0.0,0.0,0.0,0.0,False,False
final_quality_mask,1000,645,1552,645000,1552000,1432.4571719865403,0.9828645092512069,0.9259248263174313,24.545856618617563,106.10951380774411,81.56365718912662,0.0007208609069462989,False,False
final_quality_mask,1000,645,1553,645000,1553000,687.3848359545696,1.0,1.0,0.0,0.0,0.0,0.0,False,False
final_quality_mask,1000,646,1509,646000,1509000,208.69947193993278,0.9636037945900575,0.8888884845256866,7.595868849672314,23.18891460593488,15.593045756262569,0.00013781158782337008,False,False
final_quality_mask,1000,646,1510,646000,1510000,296.75572763800443,0.81272865757583,0.6790122376923956,55.57384348683044,95.25495696648795,39.68111347965751,0.0003507023156803499,False,False
final_quality_mask,1000,646,1511,646000,1511000,1530.0866071617859,0.9992330274170017,0.9876545363869206,1.1735344773060206,18.889628533575973,17.716094056269867,0.00015657512265954566,False,False
final_quality_mask,1000,646,1512,646000,1512000,533.3629472642025,0.9041853589750235,0.6543169520320831,51.103979328143055,184.37452928344086,133.27054995529778,0.0011778472523276602,False,False
final_quality_mask,1000,646,1513,646000,1513000,76.68248031150655,0.09754882961758622,0.061728610094334564,69.20219410494549,71.94897738329108,2.746783278345588,2.4276114552120552e-05,True,True
final_quality_mask,1000,646,1514,646000,1514000,350.499669810462,0.7212104967717478,0.5185187334982921,97.71562882812515,168.75902492877168,71.04339610064653,0.0006278826711620826,False,False
final_quality_mask,1000,646,1515,646000,1515000,242.07907522260282,0.935254669147559,0.7530872789531036,15.673489817740375,59.77240317172919,44.09891335398882,0.0003897469016377125,False,False
final_quality_mask,1000,646,1516,646000,1516000,430.27166625422217,0.9765679705408337,0.8765438001278631,10.082138359113515,53.11970482839861,43.03756646928508,0.00038036670089318093,False,False
final_quality_mask,1000,646,1517,646000,1517000,678.5704794053016,1.0,1.0,0.0,0.0,0.0,0.0,False,False
final_quality_mask,1000,646,1518,646000,1518000,1597.6175831056746,0.9997052357323994,0.9878050401013001,0.47092057678992205,19.482882359431553,19.01196178264172,0.00016802802235418298,False,False
final_quality_mask,1000,646,1519,646000,1519000,1744.6959932919422,1.0,1.0,0.0,0.0,0.0,0.0,False,False
final_quality_mask,1000,646,1520,646000,1520000,1554.4981542749229,1.0,1.0,0.0,0.0,0.0,0.0,False,False
final_quality_mask,1000,646,1521,646000,1521000,584.0452670682373,1.0,1.0,0.0,0.0,0.0,0.0,False,False
final_quality_mask,1000,646,1522,646000,1522000,3276.1212544357154,0.999979469954204,0.9888890813103255,0.0672589193868589,36.40071687554969,36.333457956162874,0.0003211156826139278,False,False
final_quality_mask,1000,646,1523,646000,1523000,1745.2650226700175,1.0,1.0,0.0,0.0,0.0,0.0,False,False
final_quality_mask,1000,646,1524,646000,1524000,1942.8683754927417,1.0,1.0,0.0,0.0,0.0,0.0,False,False
final_quality_mask,1000,646,1525,646000,1525000,774.3939309596809,1.0,1.0,0.0,0.0,0.0,0.0,False,False
final_quality_mask,1000,646,1526,646000,1526000,306.78192742511254,1.0,1.0,0.0,0.0,0.0,0.0,False,False
final_quality_mask,1000,646,1527,646000,1527000,503.7573525108371,1.0,1.0,0.0,0.0,0.0,0.0,False,False
final_quality_mask,1000,646,1528,646000,1528000,300.8057944829691,1.0,0.9876545339271431,0.0,3.7135877303082645,3.7135877303082907,3.2820747763766957e-05,False,False
final_quality_mask,1000,646,1529,646000,1529000,129.09077953394618,0.9672156227383415,0.8148123680506871,4.232160817242473,23.906015768382314,19.673854951139845,0.00017387784476514674,False,False
final_quality_mask,1000,646,1530,646000,1530000,78.88599043974935,0.2459930450841522,0.08642044409597759,59.48058543699609,72.06862811299517,12.58804267599908,0.00011125332253136282,True,True
final_quality_mask,1000,646,1531,646000,1531000,120.92809746928174,0.9381382510859825,0.6666700665706193,7.480823602294549,40.30895467917734,32.828131076882784,0.00029013554758293083,False,False
final_quality_mask,1000,646,1532,646000,1532000,1269.9641394482653,1.0,1.0,0.0,0.0,0.0,0.0,False,False
final_quality_mask,1000,646,1533,646000,1533000,372.16298965825007,1.0,0.9876541088012657,0.0,4.594683778516435,4.594683778516412,4.060788873202137e-05,False,False
final_quality_mask,1000,646,1534,646000,1534000,151.43973481876762,0.8235135714934518,0.629630477814629,26.72705793214304,56.088662224706255,29.361604292563214,0.0002594983284118492,False,False
final_quality_mask,1000,646,1535,646000,1535000,320.70548058854365,0.9921718901099154,0.9876545329220342,2.5105177443995217,3.9592589523290656,1.4487412079295154,1.280399797003916e-05,False,False
final_quality_mask,1000,646,1536,646000,1536000,1016.4383794668281,1.0,1.0,0.0,0.0,0.0,0.0,False,False
final_quality_mask,1000,646,1537,646000,1537000,2518.5663918215673,0.9992906077595587,0.987654373884299,1.7866514553943489,31.093279020999187,29.306627565604686,0.00025901244321957083,False,False
final_quality_mask,1000,646,1538,646000,1538000,3522.588846028597,1.0,1.0,0.0,0.0,0.0,0.0,False,False
final_quality_mask,1000,646,1539,646000,1539000,1583.6831885641432,1.0,1.0,0.0,0.0,0.0,0.0,False,False
final_quality_mask,1000,646,1540,646000,1540000,2167.013984859054,1.0,1.0,0.0,0.0,0.0,0.0,False,False
final_quality_mask,1000,646,1541,646000,1541000,2894.56108272594,1.0,1.0,0.0,0.0,0.0,0.0,False,False
final_quality_mask,1000,646,1542,646000,1542000,4674.091494066895,1.0,1.0,0.0,0.0,0.0,0.0,False,False
final_quality_mask,1000,646,1543,646000,1543000,3798.141821121889,1.0,1.0,0.0,0.0,0.0,0.0,False,False
final_quality_mask,1000,646,1544,646000,1544000,5285.6874176221445,1.0,1.0,0.0,0.0,0.0,0.0,False,False
final_quality_mask,1000,646,1545,646000,1545000,4390.833425703958,0.9987661826506063,0.9882353324486213,5.417486458931307,51.65669552688845,46.239209067956835,0.000408662869394366,False,False
final_quality_mask,1000,646,1546,646000,1546000,8937.104183207355,1.0,1.0,0.0,0.0,0.0,0.0,False,False
final_quality_mask,1000,646,1547,646000,1547000,12516.353512861358,1.0,1.0,0.0,0.0,0.0,0.0,False,False
final_quality_mask,1000,646,1548,646000,1548000,9820.319537854724,1.0,1.0,0.0,0.0,0.0,0.0,False,False
final_quality_mask,1000,646,1549,646000,1549000,9129.311217951683,1.0,1.0,0.0,0.0,0.0,0.0,False,False
final_quality_mask,1000,646,1550,646000,1550000,3939.8667170489166,0.9999970167077051,0.9629623337699525,0.011753774019780394,145.92346845693058,145.91171468291077,0.001289570068400938,False,False
final_quality_mask,1000,646,1551,646000,1551000,1761.654011713849,0.999624530070733,0.9259269740085969,0.6614481071710543,130.49104339753944,129.8295952903684,0.0011474360399568058,False,False
final_quality_mask,1000,646,1552,646000,1552000,2371.5230266118087,1.0,1.0,0.0,0.0,0.0,0.0,False,False
final_quality_mask,1000,646,1553,646000,1553000,2673.520022991239,1.0,1.0,0.0,0.0,0.0,0.0,False,False
final_quality_mask,1000,647,1509,647000,1509000,169.96611384752498,0.9160106214092751,0.7777764839170415,14.275348283534015,37.77046743415343,23.495119150619416,0.0002076502388858641,False,False
final_quality_mask,1000,647,1510,647000,1510000,137.9373478167116,0.13894937911871966,0.0987659169829498,118.77103898029664,124.31383917339798,5.542800193101346,4.898735677038543e-05,True,True
final_quality_mask,1000,647,1511,647000,1511000,728.1309389978297,0.9895053022429549,0.9629635553019827,7.641514132335715,26.9673812551085,19.32586712277282,0.00017080232277155513,False,False
final_quality_mask,1000,647,1512,647000,1512000,88.2676893037689,0.48408460461935343,0.45678635676228274,45.538659826490004,47.94821308687519,2.409553260385188,2.1295670258986796e-05,True,True
final_quality_mask,1000,647,1513,647000,1513000,268.3920593084132,0.7268543131326072,0.6543249132300099,73.31013338955054,92.77644838981207,19.466315000261517,0.00017204360335943292,False,False
final_quality_mask,1000,647,1514,647000,1514000,468.54859771803234,1.0,1.0,0.0,0.0,0.0,0.0,False,False
final_quality_mask,1000,647,1515,647000,1515000,648.7259340084875,1.0,1.0,0.0,0.0,0.0,0.0,False,False
final_quality_mask,1000,647,1516,647000,1516000,287.5321583490187,0.9178004165258234,0.6888859909323095,23.635023651720303,89.45528251984922,65.82025886812892,0.0005817205007507296,False,False
final_quality_mask,1000,647,1517,647000,1517000,410.65797486179565,0.9302586179505563,0.8555555556121263,28.63985471648732,59.317263012361494,30.67740829587416,0.0002711274252409789,False,False
final_quality_mask,1000,647,1518,647000,1518000,192.2959195599438,0.9394174368838825,0.866668065485857,11.649779683712154,25.639186954103344,13.989407270391183,0.00012363860523311243,False,False
final_quality_mask,1000,647,1519,647000,1519000,1798.6783737031335,1.0,1.0,0.0,0.0,0.0,0.0,False,False
final_quality_mask,1000,647,1520,647000,1520000,903.7783552158164,1.0,1.0,0.0,0.0,0.0,0.0,False,False
final_quality_mask,1000,647,1521,647000,1521000,2275.3114803841686,1.0,1.0,0.0,0.0,0.0,0.0,False,False
final_quality_mask,1000,647,1522,647000,1522000,1684.3817386852845,1.0,1.0,0.0,0.0,0.0,0.0,False,False
final_quality_mask,1000,647,1523,647000,1523000,1447.8289250824118,1.0,1.0,0.0,0.0,0.0,0.0,False,False
final_quality_mask,1000,647,1524,647000,1524000,3620.978657935371,1.0,1.0,0.0,0.0,0.0,0.0,False,False
final_quality_mask,1000,647,1525,647000,1525000,2657.879108997022,1.0,1.0,0.0,0.0,0.0,0.0,False,False
final_quality_mask,1000,647,1526,647000,1526000,547.7082962099519,1.0,1.0,0.0,0.0,0.0,0.0,False,False
final_quality_mask,1000,647,1527,647000,1527000,1327.229575802976,1.0,1.0,0.0,0.0,0.0,0.0,False,False
final_quality_mask,1000,647,1528,647000,1528000,1258.39521225501,1.0,1.0,0.0,0.0,0.0,0.0,False,False
final_quality_mask,1000,647,1529,647000,1529000,100.05107828949357,0.907002767494954,0.7530835473690253,9.304473390068594,24.704257333145684,15.399783943077097,0.00013610353682698173,False,False
final_quality_mask,1000,647,1530,647000,1530000,51.74146762400029,0.4380097768610384,0.246914802882984,29.07819893554928,38.96573334474397,9.88753440919468,8.738618727146775e-05,True,True
final_quality_mask,1000,647,1531,647000,1531000,382.87590458012414,0.9988297190751795,0.9629634942172651,0.448072367703503,14.180385654051614,13.73231328634813,0.00012136640448961242,False,False
final_quality_mask,1000,647,1532,647000,1532000,761.4396217184643,1.0,1.0,0.0,0.0,0.0,0.0,False,False
final_quality_mask,1000,647,1533,647000,1533000,430.38533101858866,0.9998539239439728,0.9878047757918788,0.06286899172715721,5.248645607658169,5.18577661593099,4.583197668433229e-05,False,False
final_quality_mask,1000,647,1534,647000,1534000,213.23941253051404,0.9963515291222369,0.8999992842711245,0.7779977866088927,21.32409387465634,20.54609608804745,0.0001815867258856822,False,False
final_quality_mask,1000,647,1535,647000,1535000,430.638471267024,0.9973052240251945,0.9777778254789723,1.1604742061973639,9.56972326396438,8.409249057767,7.43210776885977e-05,False,False
final_quality_mask,1000,647,1536,647000,1536000,709.3999287607695,0.9999963058856227,0.96666680958486,0.0026206044760783698,23.646562905869512,23.643942301393395,0.00020896554027300982,False,False
final_quality_mask,1000,647,1537,647000,1537000,3715.166707183585,1.0,1.0,0.0,0.0,0.0,0.0,False,False
final_quality_mask,1000,647,1538,647000,1538000,3821.4075592744316,1.0,1.0,0.0,0.0,0.0,0.0,False,False
final_quality_mask,1000,647,1539,647000,1539000,3356.8808234701683,1.0,1.0,0.0,0.0,0.0,0.0,False,False
final_quality_mask,1000,647,1540,647000,1540000,1770.959786222353,1.0,1.0,0.0,0.0,0.0,0.0,False,False
final_quality_mask,1000,647,1541,647000,1541000,1799.5928812377545,1.0,1.0,0.0,0.0,0.0,0.0,False,False
final_quality_mask,1000,647,1542,647000,1542000,2316.8202876680793,1.0,1.0,0.0,0.0,0.0,0.0,False,False
final_quality_mask,1000,647,1543,647000,1543000,4763.617293280823,1.0,1.0,0.0,0.0,0.0,0.0,False,False
final_quality_mask,1000,647,1544,647000,1544000,8877.098121274175,1.0,1.0,0.0,0.0,0.0,0.0,False,False
final_quality_mask,1000,647,1545,647000,1545000,5314.069569103972,1.0,1.0,0.0,0.0,0.0,0.0,False,False
final_quality_mask,1000,647,1546,647000,1546000,9229.37935351449,1.0,1.0,0.0,0.0,0.0,0.0,False,False
final_quality_mask,1000,647,1547,647000,1547000,11507.155003196545,1.0,1.0,0.0,0.0,0.0,0.0,False,False
final_quality_mask,1000,647,1548,647000,1548000,9103.874612929787,1.0,1.0,0.0,0.0,0.0,0.0,False,False
final_quality_mask,1000,647,1549,647000,1549000,10663.47347944793,1.0,1.0,0.0,0.0,0.0,0.0,False,False
final_quality_mask,1000,647,1550,647000,1550000,3152.2177347085226,1.0,1.0,0.0,0.0,0.0,0.0,False,False
final_quality_mask,1000,647,1551,647000,1551000,493.3583938805085,1.0,1.0,0.0,0.0,0.0,0.0,False,False
final_quality_mask,1000,647,1552,647000,1552000,1490.1062748221996,0.9997385703603321,0.9764706498554009,0.3895579464935963,35.06123229295577,34.67167434646217,0.0003064288124891654,False,False
final_quality_mask,1000,647,1553,647000,1553000,1916.686133683916,1.0,1.0,0.0,0.0,0.0,0.0,False,False
final_quality_mask,1000,648,1509,648000,1509000,286.72664518437847,0.9714369925071893,0.8703708151540226,8.18977531478987,37.168141288872775,28.97836597408289,0.00025611126202276227,False,False
final_quality_mask,1000,648,1510,648000,1510000,265.51804716116675,0.9523134584151098,0.659091870569955,12.661637397489812,90.51726078763183,77.85562339014203,0.0006880892449164127,False,False
final_quality_mask,1000,648,1511,648000,1511000,725.6384220266037,0.9928010026189856,0.9333342056632588,5.223869099732951,48.375261805663015,43.15139270593011,0.0003813726989934372,False,False
final_quality_mask,1000,648,1512,648000,1512000,243.68417201402025,0.8371573563792087,0.5999961742064563,39.682174779306706,97.47460109094008,57.79242631163336,0.0005107703882015847,False,False
final_quality_mask,1000,648,1513,648000,1513000,238.156656539912,0.840782350847099,0.6888921315640355,37.91874298439967,74.09240976996813,36.17366678556846,0.00031970344569216233,False,False
final_quality_mask,1000,648,1514,648000,1514000,1551.6229261732065,1.0,1.0,0.0,0.0,0.0,0.0,False,False
final_quality_mask,1000,648,1515,648000,1515000,227.4479160299435,1.0,1.0,0.0,0.0,0.0,0.0,False,False
final_quality_mask,1000,648,1516,648000,1516000,93.97127680939609,0.9665281400487766,0.7777750409362708,3.1453934168017526,20.882763142134408,17.737369725332655,0.0001567631573630525,False,False
final_quality_mask,1000,648,1517,648000,1517000,162.68260201038532,0.7827884225302846,0.4444459459860729,35.3365446095537,90.37897906440381,55.04243445485011,0.000486465916181907,False,True
final_quality_mask,1000,648,1518,648000,1518000,112.49986530745042,0.8812641445672454,0.8888902287839662,13.357767743349797,12.499834296145437,-0.8579334472043598,-7.582429530069505e-06,False,False
final_quality_mask,1000,648,1519,648000,1519000,1351.3885669334102,1.0,1.0,0.0,0.0,0.0,0.0,False,False
final_quality_mask,1000,648,1520,648000,1520000,1117.8547165075015,1.0,1.0,0.0,0.0,0.0,0.0,False,False
final_quality_mask,1000,648,1521,648000,1521000,664.7231110694256,1.0,1.0,0.0,0.0,0.0,0.0,False,False
final_quality_mask,1000,648,1522,648000,1522000,1330.3951537141133,1.0,1.0,0.0,0.0,0.0,0.0,False,False
final_quality_mask,1000,648,1523,648000,1523000,2741.113051065678,1.0,1.0,0.0,0.0,0.0,0.0,False,False
final_quality_mask,1000,648,1524,648000,1524000,2423.081879612165,1.0,1.0,0.0,0.0,0.0,0.0,False,False
final_quality_mask,1000,648,1525,648000,1525000,1177.6847000412592,1.0,1.0,0.0,0.0,0.0,0.0,False,False
final_quality_mask,1000,648,1526,648000,1526000,1755.7591889353666,1.0,1.0,0.0,0.0,0.0,0.0,False,False
final_quality_mask,1000,648,1527,648000,1527000,2772.1975485080607,1.0,1.0,0.0,0.0,0.0,0.0,False,False
final_quality_mask,1000,648,1528,648000,1528000,1462.2747176603928,1.0,1.0,0.0,0.0,0.0,0.0,False,False
final_quality_mask,1000,648,1529,648000,1529000,321.31621361266997,0.9999917073415887,0.9775277553683346,0.002664565601492086,7.2206965564243815,7.218031990822908,6.379308219599608e-05,False,False
final_quality_mask,1000,648,1530,648000,1530000,97.90298408873639,0.917405667452663,0.7444457839609112,8.086231625201734,25.019520346684413,16.933288721482683,0.00014965667658878366,False,False
final_quality_mask,1000,648,1531,648000,1531000,792.7978237346854,1.0,1.0,0.0,0.0,0.0,0.0,False,False
final_quality_mask,1000,648,1532,648000,1532000,2329.8959986419113,1.0,1.0,0.0,0.0,0.0,0.0,False,False
final_quality_mask,1000,648,1533,648000,1533000,720.4606695229458,1.0,1.0,0.0,0.0,0.0,0.0,False,False
final_quality_mask,1000,648,1534,648000,1534000,903.8777577454167,0.9976237809515365,0.9012353100800984,2.1478115454372073,89.27120646922204,87.12339492378487,0.0007699979579799007,False,False
final_quality_mask,1000,648,1535,648000,1535000,1991.0939245558611,1.0,1.0,0.0,0.0,0.0,0.0,False,False
final_quality_mask,1000,648,1536,648000,1536000,1792.4370030134364,1.0,1.0,0.0,0.0,0.0,0.0,False,False
final_quality_mask,1000,648,1537,648000,1537000,4155.7289183970415,1.0,1.0,0.0,0.0,0.0,0.0,False,False
final_quality_mask,1000,648,1538,648000,1538000,4060.426818943388,1.0,1.0,0.0,0.0,0.0,0.0,False,False
final_quality_mask,1000,648,1539,648000,1539000,2041.2875658734986,0.9999565643577444,0.9876542681413795,0.08866463645222211,25.201188934610414,25.112524298158178,0.00022194489145215237,False,False
final_quality_mask,1000,648,1540,648000,1540000,500.87443452867853,1.0,1.0,0.0,0.0,0.0,0.0,False,False
final_quality_mask,1000,648,1541,648000,1541000,1658.4384685374598,1.0,1.0,0.0,0.0,0.0,0.0,False,False
final_quality_mask,1000,648,1542,648000,1542000,535.6331182104782,1.0,1.0,0.0,0.0,0.0,0.0,False,False
final_quality_mask,1000,648,1543,648000,1543000,7196.484228810727,1.0,1.0,0.0,0.0,0.0,0.0,False,False
final_quality_mask,1000,648,1544,648000,1544000,7827.993084342666,1.0,1.0,0.0,0.0,0.0,0.0,False,False
final_quality_mask,1000,648,1545,648000,1545000,9611.500683730932,1.0,1.0,0.0,0.0,0.0,0.0,False,False
final_quality_mask,1000,648,1546,648000,1546000,12106.423777493956,1.0,1.0,0.0,0.0,0.0,0.0,False,False
final_quality_mask,1000,648,1547,648000,1547000,11751.378617522809,1.0,1.0,0.0,0.0,0.0,0.0,False,False
final_quality_mask,1000,648,1548,648000,1548000,10746.721103614136,1.0,1.0,0.0,0.0,0.0,0.0,False,False
final_quality_mask,1000,648,1549,648000,1549000,7974.236242039471,1.0,1.0,0.0,0.0,0.0,0.0,False,False
final_quality_mask,1000,648,1550,648000,1550000,5039.673515829419,1.0,1.0,0.0,0.0,0.0,0.0,False,False
final_quality_mask,1000,648,1551,648000,1551000,2194.183416541623,0.9990794510146832,0.9777776362802012,2.0198533176962883,48.75994195033874,46.740088632642255,0.00041308965099922686,False,False
final_quality_mask,1000,648,1552,648000,1552000,3448.7342178803456,1.0,1.0,0.0,0.0,0.0,0.0,False,False
final_quality_mask,1000,648,1553,648000,1553000,3037.477408985759,1.0,1.0,0.0,0.0,0.0,0.0,False,False
final_quality_mask,1000,649,1509,649000,1509000,281.07229276887597,0.9206141589506105,0.7500017831682005,22.313160357137463,70.26757199304447,47.95441163590701,0.00042382185712663774,False,False
final_quality_mask,1000,649,1510,649000,1510000,902.0577027269657,1.0,1.0,0.0,0.0,0.0,0.0,False,False
final_quality_mask,1000,649,1511,649000,1511000,1261.1536484008948,1.0,1.0,0.0,0.0,0.0,0.0,False,False
final_quality_mask,1000,649,1512,649000,1512000,419.52278994423875,0.9407325078655853,0.9382707440331192,24.864063653227902,25.896829684407894,1.0327660311800173,9.127602703903828e-06,False,False
final_quality_mask,1000,649,1513,649000,1513000,223.635252518356,0.9447726140301551,0.8024696735695668,12.350790407294966,44.174744431303225,31.82395402400826,0.00028126061472660607,False,False
final_quality_mask,1000,649,1514,649000,1514000,272.4543536529063,0.9340556025777009,0.7654312389774508,17.966838176722888,63.90928017156169,45.94244199483879,0.0004060400372550025,False,False
final_quality_mask,1000,649,1515,649000,1515000,600.0601744695759,0.9836135715430057,0.9629633925868668,9.832843118837218,22.224193106085895,12.391349987248645,0.00010951494940185034,False,False
final_quality_mask,1000,649,1516,649000,1516000,1651.4830132026389,1.0,1.0,0.0,0.0,0.0,0.0,False,False
final_quality_mask,1000,649,1517,649000,1517000,1774.7872053832607,1.0,1.0,0.0,0.0,0.0,0.0,False,False
final_quality_mask,1000,649,1518,649000,1518000,1227.3105761871775,1.0,1.0,0.0,0.0,0.0,0.0,False,False
final_quality_mask,1000,649,1519,649000,1519000,105.78685483230431,1.0,1.0,0.0,0.0,0.0,0.0,False,False
final_quality_mask,1000,649,1520,649000,1520000,732.3995594354423,1.0,1.0,0.0,0.0,0.0,0.0,False,False
final_quality_mask,1000,649,1521,649000,1521000,1473.664945957887,1.0,1.0,0.0,0.0,0.0,0.0,False,False
final_quality_mask,1000,649,1522,649000,1522000,2334.220433211533,1.0,1.0,0.0,0.0,0.0,0.0,False,False
final_quality_mask,1000,649,1523,649000,1523000,3387.006751716033,1.0,1.0,0.0,0.0,0.0,0.0,False,False
final_quality_mask,1000,649,1524,649000,1524000,3223.3773081371833,1.0,1.0,0.0,0.0,0.0,0.0,False,False
final_quality_mask,1000,649,1525,649000,1525000,744.1711248469366,1.0,1.0,0.0,0.0,0.0,0.0,False,False
final_quality_mask,1000,649,1526,649000,1526000,2475.7003301056016,1.0,1.0,0.0,0.0,0.0,0.0,False,False
final_quality_mask,1000,649,1527,649000,1527000,1308.749981157156,1.0,1.0,0.0,0.0,0.0,0.0,False,False
final_quality_mask,1000,649,1528,649000,1528000,2125.1838279521344,1.0,1.0,0.0,0.0,0.0,0.0,False,False
final_quality_mask,1000,649,1529,649000,1529000,864.2076644198271,1.0,1.0,0.0,0.0,0.0,0.0,False,False
final_quality_mask,1000,649,1530,649000,1530000,1210.0879450063358,1.0,1.0,0.0,0.0,0.0,0.0,False,False
final_quality_mask,1000,649,1531,649000,1531000,1531.9796271748637,1.0,1.0,0.0,0.0,0.0,0.0,False,False
final_quality_mask,1000,649,1532,649000,1532000,1228.618002588657,1.0,1.0,0.0,0.0,0.0,0.0,False,False
final_quality_mask,1000,649,1533,649000,1533000,440.31187133977414,0.9983314362553573,0.9753089072297991,0.7346884248533456,10.871781263071114,10.137092838217768,8.959178865916102e-05,False,False
final_quality_mask,1000,649,1534,649000,1534000,1333.4899573208372,1.0,1.0,0.0,0.0,0.0,0.0,False,False
final_quality_mask,1000,649,1535,649000,1535000,2833.506069232366,1.0,1.0,0.0,0.0,0.0,0.0,False,False
final_quality_mask,1000,649,1536,649000,1536000,1083.6604226398701,0.9996729826918048,0.9876544798219677,0.35437571440934335,13.378351613835477,13.023975899426205,0.00011510610733328797,False,False
final_quality_mask,1000,649,1537,649000,1537000,3386.285054686581,1.0,1.0,0.0,0.0,0.0,0.0,False,False
final_quality_mask,1000,649,1538,649000,1538000,3117.360110208524,1.0,1.0,0.0,0.0,0.0,0.0,False,False
final_quality_mask,1000,649,1539,649000,1539000,3031.751312095631,1.0,1.0,0.0,0.0,0.0,0.0,False,False
final_quality_mask,1000,649,1540,649000,1540000,678.9201352004637,1.0,1.0,0.0,0.0,0.0,0.0,False,False
final_quality_mask,1000,649,1541,649000,1541000,1107.8791468626516,1.0,1.0,0.0,0.0,0.0,0.0,False,False
final_quality_mask,1000,649,1542,649000,1542000,1607.688466542692,1.0,1.0,0.0,0.0,0.0,0.0,False,False
final_quality_mask,1000,649,1543,649000,1543000,3173.8970993224175,1.0,1.0,0.0,0.0,0.0,0.0,False,False
final_quality_mask,1000,649,1544,649000,1544000,5046.639791177515,1.0,1.0,0.0,0.0,0.0,0.0,False,False
final_quality_mask,1000,649,1545,649000,1545000,7325.178903386313,1.0,1.0,0.0,0.0,0.0,0.0,False,False
final_quality_mask,1000,649,1546,649000,1546000,10883.68941260127,1.0,1.0,0.0,0.0,0.0,0.0,False,False
final_quality_mask,1000,649,1547,649000,1547000,14639.85351902534,1.0,1.0,0.0,0.0,0.0,0.0,False,False
final_quality_mask,1000,649,1548,649000,1548000,10731.848091343085,1.0,1.0,0.0,0.0,0.0,0.0,False,False
final_quality_mask,1000,649,1549,649000,1549000,6595.0883883275965,1.0,1.0,0.0,0.0,0.0,0.0,False,False
final_quality_mask,1000,649,1550,649000,1550000,9720.344225342997,1.0,1.0,0.0,0.0,0.0,0.0,False,False
final_quality_mask,1000,649,1551,649000,1551000,4184.313194373409,1.0,1.0,0.0,0.0,0.0,0.0,False,False
final_quality_mask,1000,649,1552,649000,1552000,5651.449751383997,1.0,1.0,0.0,0.0,0.0,0.0,False,False
final_quality_mask,1000,649,1553,649000,1553000,4083.1787885874196,1.0,1.0,0.0,0.0,0.0,0.0,False,False
final_quality_mask,1000,650,1509,650000,1509000,29.402040309611035,0.8928798215434899,0.22222416298529662,3.149551804951038,22.868196511747772,19.718644706796734,0.00017427369734210834,False,True
final_quality_mask,1000,650,1510,650000,1510000,121.65658564507952,0.9635702800227975,0.9259266802765004,4.4319153484327956,9.011507164957289,4.579591816524498,4.047450573052275e-05,False,False
final_quality_mask,1000,650,1511,650000,1511000,630.1121692651009,1.0,1.0,0.0,0.0,0.0,0.0,False,False
final_quality_mask,1000,650,1512,650000,1512000,367.4950297007398,0.9984026030257894,0.9876543747863392,0.5870354484814015,4.5369559045684715,3.9499204560870567,3.490946017462589e-05,False,False
final_quality_mask,1000,650,1513,650000,1513000,113.00989594996463,0.8256820190241928,0.5061686451556843,19.699656892283883,55.80783002778618,36.1081731355023,0.00031912461176522794,False,False
final_quality_mask,1000,650,1514,650000,1514000,147.93243564834216,0.04627244383651392,0.02469141178508542,141.08724032820555,144.27977496337832,3.1925346351727555,2.8215672174088146e-05,True,True
final_quality_mask,1000,650,1515,650000,1515000,147.53855644470843,0.9191988241242043,0.4691402596723247,11.921288847749906,78.322279762558,66.40099091480808,0.0005868530198687877,False,True
final_quality_mask,1000,650,1516,650000,1516000,1527.8935362138482,1.0,1.0,0.0,0.0,0.0,0.0,False,False
final_quality_mask,1000,650,1517,650000,1517000,3237.612064066601,1.0,1.0,0.0,0.0,0.0,0.0,False,False
final_quality_mask,1000,650,1518,650000,1518000,1920.2906081016474,1.0,1.0,0.0,0.0,0.0,0.0,False,False
final_quality_mask,1000,650,1519,650000,1519000,2263.358160188225,1.0,1.0,0.0,0.0,0.0,0.0,False,False
final_quality_mask,1000,650,1520,650000,1520000,2000.6552830025937,1.0,1.0,0.0,0.0,0.0,0.0,False,False
final_quality_mask,1000,650,1521,650000,1521000,3555.6972036884076,1.0,1.0,0.0,0.0,0.0,0.0,False,False
final_quality_mask,1000,650,1522,650000,1522000,2571.4556526262695,1.0,1.0,0.0,0.0,0.0,0.0,False,False
final_quality_mask,1000,650,1523,650000,1523000,3994.5098386446643,1.0,1.0,0.0,0.0,0.0,0.0,False,False
final_quality_mask,1000,650,1524,650000,1524000,3380.583770701968,1.0,1.0,0.0,0.0,0.0,0.0,False,False
final_quality_mask,1000,650,1525,650000,1525000,2369.5045075928024,1.0,1.0,0.0,0.0,0.0,0.0,False,False
final_quality_mask,1000,650,1526,650000,1526000,3441.532594981679,1.0,1.0,0.0,0.0,0.0,0.0,False,False
final_quality_mask,1000,650,1527,650000,1527000,3082.4102769789147,1.0,1.0,0.0,0.0,0.0,0.0,False,False
final_quality_mask,1000,650,1528,650000,1528000,2479.8979407403076,1.0,1.0,0.0,0.0,0.0,0.0,False,False
final_quality_mask,1000,650,1529,650000,1529000,1657.0742966864843,1.0,1.0,0.0,0.0,0.0,0.0,False,False
final_quality_mask,1000,650,1530,650000,1530000,3070.9347047642323,1.0,1.0,0.0,0.0,0.0,0.0,False,False
final_quality_mask,1000,650,1531,650000,1531000,2341.922431283431,0.9838740982333224,0.9876542147372417,37.765611072055435,28.912871438662098,-8.852739633393412,-7.82406544901491e-05,False,False
final_quality_mask,1000,650,1532,650000,1532000,1747.6529987466295,1.0,1.0,0.0,0.0,0.0,0.0,False,False
final_quality_mask,1000,650,1533,650000,1533000,2189.106659535645,0.9999342044782508,0.975308907229677,0.14403341482875476,54.05143561472649,53.90740219989766,0.00047643448295643117,False,False
final_quality_mask,1000,650,1534,650000,1534000,1902.223270338113,0.9998523242462698,0.9629626978665511,0.2809122552102963,70.45321798878996,70.1723057335796,0.0006201839605638069,False,False
final_quality_mask,1000,650,1535,650000,1535000,3022.6490032137062,1.0,1.0,0.0,0.0,0.0,0.0,False,False
final_quality_mask,1000,650,1536,650000,1536000,2353.391397628745,1.0,1.0,0.0,0.0,0.0,0.0,False,False
final_quality_mask,1000,650,1537,650000,1537000,3543.350398692288,1.0,1.0,0.0,0.0,0.0,0.0,False,False
final_quality_mask,1000,650,1538,650000,1538000,2341.3109322535643,1.0,1.0,0.0,0.0,0.0,0.0,False,False
final_quality_mask,1000,650,1539,650000,1539000,4518.710317930392,1.0,1.0,0.0,0.0,0.0,0.0,False,False
final_quality_mask,1000,650,1540,650000,1540000,3810.9881551499134,1.0,1.0,0.0,0.0,0.0,0.0,False,False
final_quality_mask,1000,650,1541,650000,1541000,1471.9574953532901,1.0,1.0,0.0,0.0,0.0,0.0,False,False
final_quality_mask,1000,650,1542,650000,1542000,5533.0358738710665,1.0,1.0,0.0,0.0,0.0,0.0,False,False
final_quality_mask,1000,650,1543,650000,1543000,7878.609633535047,1.0,1.0,0.0,0.0,0.0,0.0,False,False
final_quality_mask,1000,650,1544,650000,1544000,5952.409590908087,1.0,1.0,0.0,0.0,0.0,0.0,False,False
final_quality_mask,1000,650,1545,650000,1545000,6905.807524544314,1.0,1.0,0.0,0.0,0.0,0.0,False,False
final_quality_mask,1000,650,1546,650000,1546000,12256.365377005986,1.0,1.0,0.0,0.0,0.0,0.0,False,False
final_quality_mask,1000,650,1547,650000,1547000,12543.494433010865,1.0,1.0,0.0,0.0,0.0,0.0,False,False
final_quality_mask,1000,650,1548,650000,1548000,7714.551904840609,1.0,1.0,0.0,0.0,0.0,0.0,False,False
final_quality_mask,1000,650,1549,650000,1549000,5800.882434257696,1.0,1.0,0.0,0.0,0.0,0.0,False,False
final_quality_mask,1000,650,1550,650000,1550000,3664.8530191362142,1.0,1.0,0.0,0.0,0.0,0.0,False,False
final_quality_mask,1000,650,1551,650000,1551000,2899.962240313928,1.0,1.0,0.0,0.0,0.0,0.0,False,False
final_quality_mask,1000,650,1552,650000,1552000,3190.2752542158173,1.0,1.0,0.0,0.0,0.0,0.0,False,False
final_quality_mask,1000,650,1553,650000,1553000,2480.889243955549,1.0,1.0,0.0,0.0,0.0,0.0,False,False
final_quality_mask,1000,651,1509,651000,1509000,18.149870346403883,0.5347383539123369,0.24074158976798204,8.444438553645535,13.780441705127856,5.3360031514823225,4.7159681208589076e-05,False,True
final_quality_mask,1000,651,1510,651000,1510000,683.1774631058454,1.0,1.0,0.0,0.0,0.0,0.0,False,False
final_quality_mask,1000,651,1511,651000,1511000,705.4660675601192,1.0,1.0,0.0,0.0,0.0,0.0,False,False
final_quality_mask,1000,651,1512,651000,1512000,104.11772504617127,0.9989602735624745,0.876542671720427,0.10825395134551741,12.854096160747488,12.745842209401971,0.0001126479573317709,False,False
final_quality_mask,1000,651,1513,651000,1513000,128.7328649530806,0.986580230411747,0.4444398198706063,1.727565386106022,71.51885364190636,69.79128825580034,0.000616816522000361,False,True
final_quality_mask,1000,651,1514,651000,1514000,74.38385935717336,0.08274874249565838,0.024691572969884303,68.22868853339335,72.54720486607411,4.31851633268075,3.816711642809534e-05,True,True
final_quality_mask,1000,651,1515,651000,1515000,238.99774279986005,0.9956723616508504,0.5795486646407702,1.0342957971008673,100.48692010804292,99.45262431094204,0.0008789638845244489,False,False
final_quality_mask,1000,651,1516,651000,1516000,998.9563190226654,1.0,1.0,0.0,0.0,0.0,0.0,False,False
final_quality_mask,1000,651,1517,651000,1517000,1491.0654992253887,1.0,1.0,0.0,0.0,0.0,0.0,False,False
final_quality_mask,1000,651,1518,651000,1518000,2913.49029699446,1.0,1.0,0.0,0.0,0.0,0.0,False,False
final_quality_mask,1000,651,1519,651000,1519000,4685.1477436157065,1.0,1.0,0.0,0.0,0.0,0.0,False,False
final_quality_mask,1000,651,1520,651000,1520000,4483.92837290067,1.0,1.0,0.0,0.0,0.0,0.0,False,False
final_quality_mask,1000,651,1521,651000,1521000,4454.132567955652,1.0,1.0,0.0,0.0,0.0,0.0,False,False
final_quality_mask,1000,651,1522,651000,1522000,3778.1349896068095,1.0,1.0,0.0,0.0,0.0,0.0,False,False
final_quality_mask,1000,651,1523,651000,1523000,3056.908986132763,1.0,1.0,0.0,0.0,0.0,0.0,False,False
final_quality_mask,1000,651,1524,651000,1524000,3943.2267042431213,1.0,1.0,0.0,0.0,0.0,0.0,False,False
final_quality_mask,1000,651,1525,651000,1525000,4093.4322994505233,1.0,1.0,0.0,0.0,0.0,0.0,False,False
final_quality_mask,1000,651,1526,651000,1526000,7208.615367215795,1.0,1.0,0.0,0.0,0.0,0.0,False,False
final_quality_mask,1000,651,1527,651000,1527000,5317.96042499975,1.0,1.0,0.0,0.0,0.0,0.0,False,False
final_quality_mask,1000,651,1528,651000,1528000,6914.888238138865,1.0,1.0,0.0,0.0,0.0,0.0,False,False
final_quality_mask,1000,651,1529,651000,1529000,3515.122281267162,1.0,1.0,0.0,0.0,0.0,0.0,False,False
final_quality_mask,1000,651,1530,651000,1530000,4329.073129564722,1.0,1.0,0.0,0.0,0.0,0.0,False,False
final_quality_mask,1000,651,1531,651000,1531000,3405.615983550121,0.9552700482005184,0.9629626973282313,152.33303879174082,126.13482996655925,-26.19820882518161,-0.00023154018866881527,False,False
final_quality_mask,1000,651,1532,651000,1532000,1884.8656281124152,0.9998884032774075,0.9753083234665036,0.21034482662457776,46.54049239845719,46.33014757183264,0.00040946658534629117,False,False
final_quality_mask,1000,651,1533,651000,1533000,3316.644030872076,0.9998997406821458,0.9642862423166114,0.3325244681004733,118.44982124062248,118.11729677252197,0.0010439225583037774,False,False
final_quality_mask,1000,651,1534,651000,1534000,4503.045241301441,1.0,1.0,0.0,0.0,0.0,0.0,False,False
final_quality_mask,1000,651,1535,651000,1535000,4430.661195637579,1.0,1.0,0.0,0.0,0.0,0.0,False,False
final_quality_mask,1000,651,1536,651000,1536000,2030.3109993436533,0.9998502270942565,0.9555561750199181,0.3040855779345293,90.23478670996455,89.93070113202998,0.0007948089751546102,False,False
final_quality_mask,1000,651,1537,651000,1537000,5933.2170619895105,1.0,1.0,0.0,0.0,0.0,0.0,False,False
final_quality_mask,1000,651,1538,651000,1538000,4192.430271890498,1.0,1.0,0.0,0.0,0.0,0.0,False,False
final_quality_mask,1000,651,1539,651000,1539000,4985.044735544997,1.0,1.0,0.0,0.0,0.0,0.0,False,False
final_quality_mask,1000,651,1540,651000,1540000,3802.0742370749385,1.0,1.0,0.0,0.0,0.0,0.0,False,False
final_quality_mask,1000,651,1541,651000,1541000,2957.7435851884957,1.0,1.0,0.0,0.0,0.0,0.0,False,False
final_quality_mask,1000,651,1542,651000,1542000,4257.3138470898275,1.0,1.0,0.0,0.0,0.0,0.0,False,False
final_quality_mask,1000,651,1543,651000,1543000,7264.287899263958,1.0,1.0,0.0,0.0,0.0,0.0,False,False
final_quality_mask,1000,651,1544,651000,1544000,8109.240105154759,1.0,1.0,0.0,0.0,0.0,0.0,False,False
final_quality_mask,1000,651,1545,651000,1545000,7674.945760781421,1.0,1.0,0.0,0.0,0.0,0.0,False,False
final_quality_mask,1000,651,1546,651000,1546000,11513.37860853137,1.0,1.0,0.0,0.0,0.0,0.0,False,False
final_quality_mask,1000,651,1547,651000,1547000,9626.064725772749,1.0,1.0,0.0,0.0,0.0,0.0,False,False
final_quality_mask,1000,651,1548,651000,1548000,8842.352984740946,1.0,1.0,0.0,0.0,0.0,0.0,False,False
final_quality_mask,1000,651,1549,651000,1549000,8290.950965119653,1.0,1.0,0.0,0.0,0.0,0.0,False,False
final_quality_mask,1000,651,1550,651000,1550000,5868.967473913064,1.0,1.0,0.0,0.0,0.0,0.0,False,False
final_quality_mask,1000,651,1551,651000,1551000,8183.131451166264,1.0,1.0,0.0,0.0,0.0,0.0,False,False
final_quality_mask,1000,651,1552,651000,1552000,5190.687208190313,1.0,1.0,0.0,0.0,0.0,0.0,False,False
final_quality_mask,1000,651,1553,651000,1553000,4444.177842016201,1.0,1.0,0.0,0.0,0.0,0.0,False,False
final_quality_mask,1000,652,1509,652000,1509000,265.81269688283703,0.9894761543388686,0.870370168178546,2.7973717967640823,34.4572551929293,31.659883396165213,0.0002798105558932222,False,False
final_quality_mask,1000,652,1510,652000,1510000,1074.5894723453257,1.0,1.0,0.0,0.0,0.0,0.0,False,False
final_quality_mask,1000,652,1511,652000,1511000,526.9079747539055,0.9949641983463458,0.9888887435102304,2.6534040505893017,5.854609653995703,3.201205603406379,2.8292306330039473e-05,False,False
final_quality_mask,1000,652,1512,652000,1512000,554.065006321355,0.9592918422120693,0.7333298950356313,22.554965702100503,147.75257339279935,125.19760769069887,0.0011064984594567138,False,False
final_quality_mask,1000,652,1513,652000,1513000,254.8617102926074,0.8995404797661422,0.6666662796734373,25.603285141975817,84.95400206062544,59.350716918649624,0.0005245425855131269,False,False
final_quality_mask,1000,652,1514,652000,1514000,224.734904729472,0.9311843635412201,0.38888975945974363,15.465275503461868,137.33780168701924,121.87252618355735,0.001077111335907919,False,True
final_quality_mask,1000,652,1515,652000,1515000,65.85536787947507,0.9747564216882081,0.759038414553569,1.6624251363173954,15.868613854396278,14.206188718078884,0.0001255545231354563,False,False
final_quality_mask,1000,652,1516,652000,1516000,1630.4213618675003,1.0,1.0,0.0,0.0,0.0,0.0,False,False
final_quality_mask,1000,652,1517,652000,1517000,2731.1949509007063,1.0,1.0,0.0,0.0,0.0,0.0,False,False
final_quality_mask,1000,652,1518,652000,1518000,1306.7494418327508,1.0,1.0,0.0,0.0,0.0,0.0,False,False
final_quality_mask,1000,652,1519,652000,1519000,2442.124826004454,1.0,1.0,0.0,0.0,0.0,0.0,False,False
final_quality_mask,1000,652,1520,652000,1520000,3146.4286425683636,1.0,1.0,0.0,0.0,0.0,0.0,False,False
final_quality_mask,1000,652,1521,652000,1521000,1781.1823166612046,1.0,1.0,0.0,0.0,0.0,0.0,False,False
final_quality_mask,1000,652,1522,652000,1522000,4287.412658737058,1.0,1.0,0.0,0.0,0.0,0.0,False,False
final_quality_mask,1000,652,1523,652000,1523000,1438.417049825416,1.0,1.0,0.0,0.0,0.0,0.0,False,False
final_quality_mask,1000,652,1524,652000,1524000,2114.0828922376154,1.0,1.0,0.0,0.0,0.0,0.0,False,False
final_quality_mask,1000,652,1525,652000,1525000,3853.256750131961,1.0,1.0,0.0,0.0,0.0,0.0,False,False
final_quality_mask,1000,652,1526,652000,1526000,3513.5067715825408,1.0,1.0,0.0,0.0,0.0,0.0,False,False
final_quality_mask,1000,652,1527,652000,1527000,6272.599063372344,1.0,1.0,0.0,0.0,0.0,0.0,False,False
final_quality_mask,1000,652,1528,652000,1528000,4551.348119314501,1.0,1.0,0.0,0.0,0.0,0.0,False,False
final_quality_mask,1000,652,1529,652000,1529000,4272.036650025336,1.0,1.0,0.0,0.0,0.0,0.0,False,False
final_quality_mask,1000,652,1530,652000,1530000,4627.0548759760695,1.0,1.0,0.0,0.0,0.0,0.0,False,False
final_quality_mask,1000,652,1531,652000,1531000,4503.991216975019,1.0,1.0,0.0,0.0,0.0,0.0,False,False
final_quality_mask,1000,652,1532,652000,1532000,3699.920535102394,1.0,1.0,0.0,0.0,0.0,0.0,False,False
final_quality_mask,1000,652,1533,652000,1533000,4340.131163427764,1.0,1.0,0.0,0.0,0.0,0.0,False,False
final_quality_mask,1000,652,1534,652000,1534000,3578.02060156274,1.0,1.0,0.0,0.0,0.0,0.0,False,False
final_quality_mask,1000,652,1535,652000,1535000,4792.895446072592,1.0,1.0,0.0,0.0,0.0,0.0,False,False
final_quality_mask,1000,652,1536,652000,1536000,4520.5809381264935,1.0,1.0,0.0,0.0,0.0,0.0,False,False
final_quality_mask,1000,652,1537,652000,1537000,5398.982491400037,1.0,1.0,0.0,0.0,0.0,0.0,False,False
final_quality_mask,1000,652,1538,652000,1538000,5202.646526208527,1.0,1.0,0.0,0.0,0.0,0.0,False,False
final_quality_mask,1000,652,1539,652000,1539000,4362.572698749594,1.0,1.0,0.0,0.0,0.0,0.0,False,False
final_quality_mask,1000,652,1540,652000,1540000,4610.784663547806,1.0,1.0,0.0,0.0,0.0,0.0,False,False
final_quality_mask,1000,652,1541,652000,1541000,2697.5333922415534,1.0,1.0,0.0,0.0,0.0,0.0,False,False
final_quality_mask,1000,652,1542,652000,1542000,4174.628331529666,1.0,1.0,0.0,0.0,0.0,0.0,False,False
final_quality_mask,1000,652,1543,652000,1543000,9005.1845812677,1.0,1.0,0.0,0.0,0.0,0.0,False,False
final_quality_mask,1000,652,1544,652000,1544000,8016.0694920339965,1.0,1.0,0.0,0.0,0.0,0.0,False,False
final_quality_mask,1000,652,1545,652000,1545000,8630.618898423438,1.0,1.0,0.0,0.0,0.0,0.0,False,False
final_quality_mask,1000,652,1546,652000,1546000,14134.258163112492,1.0,1.0,0.0,0.0,0.0,0.0,False,False
final_quality_mask,1000,652,1547,652000,1547000,13011.811697068953,1.0,1.0,0.0,0.0,0.0,0.0,False,False
final_quality_mask,1000,652,1548,652000,1548000,15095.267616452444,1.0,1.0,0.0,0.0,0.0,0.0,False,False
final_quality_mask,1000,652,1549,652000,1549000,8275.837120596421,1.0,1.0,0.0,0.0,0.0,0.0,False,False
final_quality_mask,1000,652,1550,652000,1550000,10258.593993125996,1.0,1.0,0.0,0.0,0.0,0.0,False,False
final_quality_mask,1000,652,1551,652000,1551000,9407.550937844038,1.0,1.0,0.0,0.0,0.0,0.0,False,False
final_quality_mask,1000,652,1552,652000,1552000,9257.822040785026,1.0,1.0,0.0,0.0,0.0,0.0,False,False
final_quality_mask,1000,652,1553,652000,1553000,6827.384689220016,0.9796124139504092,0.9827584934098343,139.1938928451318,117.71439811278302,-21.47949473234894,-0.00018983611803485276,False,False
final_quality_mask,1000,653,1509,653000,1509000,628.306842135746,1.0,1.0,0.0,0.0,0.0,0.0,False,False
final_quality_mask,1000,653,1510,653000,1510000,1729.2364031170812,0.9969974244681261,0.9770110825831781,5.19216291282487,39.75327286542064,34.56110995259587,0.0003054516426075646,False,False
final_quality_mask,1000,653,1511,653000,1511000,48.51656344545217,0.7900884251876409,0.37037150107684275,10.184188237318601,30.547411015070175,20.36322277775157,0.0001799704886440087,False,True
final_quality_mask,1000,653,1512,653000,1512000,269.76125220482686,0.9950144635560364,0.9629635549067046,1.3449045540364182,9.990997805582683,8.64609325154629,7.641431046182681e-05,False,False
final_quality_mask,1000,653,1513,653000,1513000,172.87103633278136,0.9979618795774128,0.9876543209752875,0.3523319896236501,2.134210327233933,1.7818783376102942,1.5748269251086954e-05,False,False
final_quality_mask,1000,653,1514,653000,1514000,305.509070824833,0.9971242178626671,0.9012339230297189,0.878577528671201,30.1739324042045,29.29535487553329,0.00025891281500439967,False,False
final_quality_mask,1000,653,1515,653000,1515000,257.0435297644051,0.9800889699700897,0.9135806227872992,5.118001440133213,22.2135417587942,17.095540318660994,0.00015109065880005503,False,False
final_quality_mask,1000,653,1516,653000,1516000,1109.622989887158,1.0,1.0,0.0,0.0,0.0,0.0,False,False
final_quality_mask,1000,653,1517,653000,1517000,2193.672972984574,1.0,1.0,0.0,0.0,0.0,0.0,False,False
final_quality_mask,1000,653,1518,653000,1518000,2203.9447676514988,1.0,1.0,0.0,0.0,0.0,0.0,False,False
final_quality_mask,1000,653,1519,653000,1519000,2268.0959802220677,1.0,1.0,0.0,0.0,0.0,0.0,False,False
final_quality_mask,1000,653,1520,653000,1520000,789.9023239057242,1.0,1.0,0.0,0.0,0.0,0.0,False,False
final_quality_mask,1000,653,1521,653000,1521000,542.695512177165,1.0,1.0,0.0,0.0,0.0,0.0,False,False
final_quality_mask,1000,653,1522,653000,1522000,3884.819083634678,1.0,1.0,0.0,0.0,0.0,0.0,False,False
final_quality_mask,1000,653,1523,653000,1523000,3031.3265683583413,1.0,1.0,0.0,0.0,0.0,0.0,False,False
final_quality_mask,1000,653,1524,653000,1524000,6062.376553269054,1.0,1.0,0.0,0.0,0.0,0.0,False,False
final_quality_mask,1000,653,1525,653000,1525000,4645.859256856565,1.0,1.0,0.0,0.0,0.0,0.0,False,False
final_quality_mask,1000,653,1526,653000,1526000,3321.5538109311005,1.0,1.0,0.0,0.0,0.0,0.0,False,False
final_quality_mask,1000,653,1527,653000,1527000,4518.253273946306,1.0,1.0,0.0,0.0,0.0,0.0,False,False
final_quality_mask,1000,653,1528,653000,1528000,5681.970802786775,1.0,1.0,0.0,0.0,0.0,0.0,False,False
final_quality_mask,1000,653,1529,653000,1529000,3748.6086096949284,1.0,1.0,0.0,0.0,0.0,0.0,False,False
final_quality_mask,1000,653,1530,653000,1530000,2871.156704331612,1.0,1.0,0.0,0.0,0.0,0.0,False,False
final_quality_mask,1000,653,1531,653000,1531000,3567.664615058713,1.0,1.0,0.0,0.0,0.0,0.0,False,False
final_quality_mask,1000,653,1532,653000,1532000,3178.922743376717,1.0,1.0,0.0,0.0,0.0,0.0,False,False
final_quality_mask,1000,653,1533,653000,1533000,4153.331106966921,1.0,1.0,0.0,0.0,0.0,0.0,False,False
final_quality_mask,1000,653,1534,653000,1534000,5202.340457868743,1.0,1.0,0.0,0.0,0.0,0.0,False,False
final_quality_mask,1000,653,1535,653000,1535000,4706.0909310976385,1.0,1.0,0.0,0.0,0.0,0.0,False,False
final_quality_mask,1000,653,1536,653000,1536000,4805.328896395547,1.0,1.0,0.0,0.0,0.0,0.0,False,False
final_quality_mask,1000,653,1537,653000,1537000,4952.782598451973,1.0,1.0,0.0,0.0,0.0,0.0,False,False
final_quality_mask,1000,653,1538,653000,1538000,6148.020472582246,1.0,1.0,0.0,0.0,0.0,0.0,False,False
final_quality_mask,1000,653,1539,653000,1539000,3885.9743990033685,1.0,1.0,0.0,0.0,0.0,0.0,False,False
final_quality_mask,1000,653,1540,653000,1540000,5421.2551437051025,1.0,1.0,0.0,0.0,0.0,0.0,False,False
final_quality_mask,1000,653,1541,653000,1541000,3309.0354400225415,1.0,1.0,0.0,0.0,0.0,0.0,False,False
final_quality_mask,1000,653,1542,653000,1542000,3251.0676193962,1.0,1.0,0.0,0.0,0.0,0.0,False,False
final_quality_mask,1000,653,1543,653000,1543000,10489.000128189495,1.0,1.0,0.0,0.0,0.0,0.0,False,False
final_quality_mask,1000,653,1544,653000,1544000,8297.656339475927,1.0,1.0,0.0,0.0,0.0,0.0,False,False
final_quality_mask,1000,653,1545,653000,1545000,6467.203641345803,1.0,1.0,0.0,0.0,0.0,0.0,False,False
final_quality_mask,1000,653,1546,653000,1546000,16174.367801520442,1.0,1.0,0.0,0.0,0.0,0.0,False,False
final_quality_mask,1000,653,1547,653000,1547000,14545.349365271863,1.0,1.0,0.0,0.0,0.0,0.0,False,False
final_quality_mask,1000,653,1548,653000,1548000,12379.580697727497,1.0,1.0,0.0,0.0,0.0,0.0,False,False
final_quality_mask,1000,653,1549,653000,1549000,9383.985850697052,1.0,1.0,0.0,0.0,0.0,0.0,False,False
final_quality_mask,1000,653,1550,653000,1550000,9092.597394510974,1.0,1.0,0.0,0.0,0.0,0.0,False,False
final_quality_mask,1000,653,1551,653000,1551000,10383.321928120897,1.0,1.0,0.0,0.0,0.0,0.0,False,False
final_quality_mask,1000,653,1552,653000,1552000,9971.973354515683,1.0,1.0,0.0,0.0,0.0,0.0,False,False
final_quality_mask,1000,653,1553,653000,1553000,7121.883629435896,1.0,1.0,0.0,0.0,0.0,0.0,False,False
final_quality_mask,1000,654,1509,654000,1509000,886.2467418113024,1.0,1.0,0.0,0.0,0.0,0.0,False,False
final_quality_mask,1000,654,1510,654000,1510000,723.0225542665675,1.0,1.0,0.0,0.0,0.0,0.0,False,False
final_quality_mask,1000,654,1511,654000,1511000,277.92820350945846,0.12432366690581592,0.1358005843661395,243.37515011261672,240.18539106104265,-3.1897590515740717,-2.819114152184418e-05,True,True
final_quality_mask,1000,654,1512,654000,1512000,196.77120393930417,0.9504044021250814,0.7654350584023267,9.758985503937339,46.15562596012674,36.3966404561894,0.0003216740905598423,False,False
final_quality_mask,1000,654,1513,654000,1513000,259.48027351673244,0.9914744997628463,0.8271617843925047,2.212199133403601,44.848107459976866,42.63590832657326,0.0003768168398028888,False,False
final_quality_mask,1000,654,1514,654000,1514000,297.9662452778596,0.9975340520928475,0.9382706914518278,0.7347692389450344,18.393250291697342,17.658481052752336,0.00015606593801286843,False,False
final_quality_mask,1000,654,1515,654000,1515000,30.46031554210024,0.796378982669643,0.8024705320431422,6.202360438886135,6.016809922829066,-0.18555051605707007,-1.6398984290160615e-06,False,False
final_quality_mask,1000,654,1516,654000,1516000,954.6319643700798,1.0,1.0,0.0,0.0,0.0,0.0,False,False
final_quality_mask,1000,654,1517,654000,1517000,2839.510916908366,1.0,1.0,0.0,0.0,0.0,0.0,False,False
final_quality_mask,1000,654,1518,654000,1518000,4455.184676188862,1.0,1.0,0.0,0.0,0.0,0.0,False,False
final_quality_mask,1000,654,1519,654000,1519000,1913.0908684619883,1.0,1.0,0.0,0.0,0.0,0.0,False,False
final_quality_mask,1000,654,1520,654000,1520000,1831.5981446151084,1.0,1.0,0.0,0.0,0.0,0.0,False,False
final_quality_mask,1000,654,1521,654000,1521000,1470.1675367041091,1.0,1.0,0.0,0.0,0.0,0.0,False,False
final_quality_mask,1000,654,1522,654000,1522000,2966.156330092444,1.0,1.0,0.0,0.0,0.0,0.0,False,False
final_quality_mask,1000,654,1523,654000,1523000,2166.6393395952864,1.0,1.0,0.0,0.0,0.0,0.0,False,False
final_quality_mask,1000,654,1524,654000,1524000,5188.671697978827,1.0,1.0,0.0,0.0,0.0,0.0,False,False
final_quality_mask,1000,654,1525,654000,1525000,4308.403425255381,1.0,1.0,0.0,0.0,0.0,0.0,False,False
final_quality_mask,1000,654,1526,654000,1526000,5050.581030414583,1.0,1.0,0.0,0.0,0.0,0.0,False,False
final_quality_mask,1000,654,1527,654000,1527000,4512.899619247343,1.0,1.0,0.0,0.0,0.0,0.0,False,False
final_quality_mask,1000,654,1528,654000,1528000,5117.7135648799485,1.0,1.0,0.0,0.0,0.0,0.0,False,False
final_quality_mask,1000,654,1529,654000,1529000,2823.993894526047,1.0,1.0,0.0,0.0,0.0,0.0,False,False
final_quality_mask,1000,654,1530,654000,1530000,2367.737531386727,1.0,1.0,0.0,0.0,0.0,0.0,False,False
final_quality_mask,1000,654,1531,654000,1531000,2698.634303867937,1.0,1.0,0.0,0.0,0.0,0.0,False,False
final_quality_mask,1000,654,1532,654000,1532000,1215.6675924698545,1.0,1.0,0.0,0.0,0.0,0.0,False,False
final_quality_mask,1000,654,1533,654000,1533000,1514.1186582063674,1.0,1.0,0.0,0.0,0.0,0.0,False,False
final_quality_mask,1000,654,1534,654000,1534000,4470.355777352271,1.0,1.0,0.0,0.0,0.0,0.0,False,False
final_quality_mask,1000,654,1535,654000,1535000,5192.145651549079,1.0,1.0,0.0,0.0,0.0,0.0,False,False
final_quality_mask,1000,654,1536,654000,1536000,4941.765175466194,1.0,1.0,0.0,0.0,0.0,0.0,False,False
final_quality_mask,1000,654,1537,654000,1537000,6218.921292769899,1.0,1.0,0.0,0.0,0.0,0.0,False,False
final_quality_mask,1000,654,1538,654000,1538000,7464.291978774293,1.0,1.0,0.0,0.0,0.0,0.0,False,False
final_quality_mask,1000,654,1539,654000,1539000,5820.644508808124,1.0,1.0,0.0,0.0,0.0,0.0,False,False
final_quality_mask,1000,654,1540,654000,1540000,6227.080496160352,1.0,1.0,0.0,0.0,0.0,0.0,False,False
final_quality_mask,1000,654,1541,654000,1541000,6577.275985380994,1.0,1.0,0.0,0.0,0.0,0.0,False,False
final_quality_mask,1000,654,1542,654000,1542000,2353.0539308537896,1.0,1.0,0.0,0.0,0.0,0.0,False,False
final_quality_mask,1000,654,1543,654000,1543000,7474.7720768382105,1.0,1.0,0.0,0.0,0.0,0.0,False,False
final_quality_mask,1000,654,1544,654000,1544000,10090.906317702947,1.0,1.0,0.0,0.0,0.0,0.0,False,False
final_quality_mask,1000,654,1545,654000,1545000,11553.85750563476,1.0,1.0,0.0,0.0,0.0,0.0,False,False
final_quality_mask,1000,654,1546,654000,1546000,19545.77135622293,1.0,1.0,0.0,0.0,0.0,0.0,False,False
final_quality_mask,1000,654,1547,654000,1547000,12944.505107374833,1.0,1.0,0.0,0.0,0.0,0.0,False,False
final_quality_mask,1000,654,1548,654000,1548000,11214.10831774501,1.0,1.0,0.0,0.0,0.0,0.0,False,False
final_quality_mask,1000,654,1549,654000,1549000,6210.972752480479,0.9842176784430907,0.9876543209751519,98.02356916084864,76.67867603420112,-21.34489312664755,-0.00018864650689054928,False,False
final_quality_mask,1000,654,1550,654000,1550000,10647.382915067923,0.9956703545094049,0.9876545307695912,46.09939342486359,131.44693816235142,85.34754473748762,0.0007543029656265459,False,False
final_quality_mask,1000,654,1551,654000,1551000,10384.081091877555,1.0,1.0,0.0,0.0,0.0,0.0,False,False
final_quality_mask,1000,654,1552,654000,1552000,11870.272681671286,1.0,1.0,0.0,0.0,0.0,0.0,False,False
final_quality_mask,1000,654,1553,654000,1553000,6634.806278467573,1.0,1.0,0.0,0.0,0.0,0.0,False,False
final_quality_mask,1000,655,1509,655000,1509000,1268.53335024085,1.0,1.0,0.0,0.0,0.0,0.0,False,False
final_quality_mask,1000,655,1510,655000,1510000,508.45775862980753,0.9999494298123743,0.9753084264437052,0.02571280425365785,12.554622147476685,12.528909343223006,0.0001107307011903791,False,False
final_quality_mask,1000,655,1511,655000,1511000,152.9484572919911,0.9523478284413766,0.8148163763194531,7.2883261265047565,28.323549557680273,21.035223431175524,0.0001859096411684283,False,False
final_quality_mask,1000,655,1512,655000,1512000,300.808791284433,1.0,0.9876545362432069,0.0,3.713624030526717,3.7136240305267165,3.2821068585678074e-05,False,False
final_quality_mask,1000,655,1513,655000,1513000,132.11112778451024,0.9765901881382879,0.7654308080988156,3.0926966462739927,30.98920048556668,27.89650383929269,0.0002465497471698004,False,False
final_quality_mask,1000,655,1514,655000,1514000,391.7763161496553,0.9962420593784674,0.913581429191289,1.4722721330131776,33.85674931835492,32.38447718534172,0.00028621452739271334,False,False
final_quality_mask,1000,655,1515,655000,1515000,688.944365951695,0.9991383797814462,0.9882354536657715,0.5936083951627324,8.105117914944406,7.511509519781725,6.638684129146017e-05,False,False
final_quality_mask,1000,655,1516,655000,1516000,1793.6862474269087,1.0,1.0,0.0,0.0,0.0,0.0,False,False
final_quality_mask,1000,655,1517,655000,1517000,2281.7439248334044,1.0,1.0,0.0,0.0,0.0,0.0,False,False
final_quality_mask,1000,655,1518,655000,1518000,2039.2874527447236,0.9997408971269595,0.9888889371138313,0.5283852379616292,22.658651130421404,22.130265892459875,0.00019558764395778062,False,False
final_quality_mask,1000,655,1519,655000,1519000,2353.133029101951,1.0,1.0,0.0,0.0,0.0,0.0,False,False
final_quality_mask,1000,655,1520,655000,1520000,2659.14971057622,1.0,1.0,0.0,0.0,0.0,0.0,False,False
final_quality_mask,1000,655,1521,655000,1521000,1905.1620456113333,1.0,1.0,0.0,0.0,0.0,0.0,False,False
final_quality_mask,1000,655,1522,655000,1522000,701.4270209610856,1.0,1.0,0.0,0.0,0.0,0.0,False,False
final_quality_mask,1000,655,1523,655000,1523000,2459.0272585376947,1.0,1.0,0.0,0.0,0.0,0.0,False,False
final_quality_mask,1000,655,1524,655000,1524000,5455.20415932078,1.0,1.0,0.0,0.0,0.0,0.0,False,False
final_quality_mask,1000,655,1525,655000,1525000,3256.119679012742,1.0,1.0,0.0,0.0,0.0,0.0,False,False
final_quality_mask,1000,655,1526,655000,1526000,3664.8748125994202,1.0,1.0,0.0,0.0,0.0,0.0,False,False
final_quality_mask,1000,655,1527,655000,1527000,3823.180062984895,0.9998230356632433,0.9629628031198152,0.6765665241478018,141.59987270116892,140.923306177021,0.0012454824342302902,False,False
final_quality_mask,1000,655,1528,655000,1528000,3273.0012310728303,1.0,1.0,0.0,0.0,0.0,0.0,False,False
final_quality_mask,1000,655,1529,655000,1529000,2152.917629504271,1.0,1.0,0.0,0.0,0.0,0.0,False,False
final_quality_mask,1000,655,1530,655000,1530000,4176.609156105682,1.0,1.0,0.0,0.0,0.0,0.0,False,False
final_quality_mask,1000,655,1531,655000,1531000,5723.893926587478,1.0,1.0,0.0,0.0,0.0,0.0,False,False
final_quality_mask,1000,655,1532,655000,1532000,6403.429053166034,1.0,1.0,0.0,0.0,0.0,0.0,False,False
final_quality_mask,1000,655,1533,655000,1533000,2094.654135583753,1.0,1.0,0.0,0.0,0.0,0.0,False,False
final_quality_mask,1000,655,1534,655000,1534000,4796.678585728503,1.0,1.0,0.0,0.0,0.0,0.0,False,False
final_quality_mask,1000,655,1535,655000,1535000,6100.722342220337,1.0,1.0,0.0,0.0,0.0,0.0,False,False
final_quality_mask,1000,655,1536,655000,1536000,5507.309795616756,1.0,1.0,0.0,0.0,0.0,0.0,False,False
final_quality_mask,1000,655,1537,655000,1537000,6449.002687236608,1.0,1.0,0.0,0.0,0.0,0.0,False,False
final_quality_mask,1000,655,1538,655000,1538000,6252.331842446386,1.0,1.0,0.0,0.0,0.0,0.0,False,False
final_quality_mask,1000,655,1539,655000,1539000,7173.892422952774,1.0,1.0,0.0,0.0,0.0,0.0,False,False
final_quality_mask,1000,655,1540,655000,1540000,4405.313013286825,1.0,1.0,0.0,0.0,0.0,0.0,False,False
final_quality_mask,1000,655,1541,655000,1541000,6191.624621366908,1.0,1.0,0.0,0.0,0.0,0.0,False,False
final_quality_mask,1000,655,1542,655000,1542000,3196.404074584568,1.0,1.0,0.0,0.0,0.0,0.0,False,False
final_quality_mask,1000,655,1543,655000,1543000,8229.375097145543,1.0,1.0,0.0,0.0,0.0,0.0,False,False
final_quality_mask,1000,655,1544,655000,1544000,14084.228712389564,0.9721645681772874,0.975309063260687,392.04058809921116,347.7528001596265,-44.28778793958554,-0.0003914161782464925,False,False
final_quality_mask,1000,655,1545,655000,1545000,14044.287315256424,0.9883010905270327,0.987654478853308,164.30284591352756,173.38404604071587,9.081200127187913,8.025979198880527e-05,False,False
final_quality_mask,1000,655,1546,655000,1546000,19749.943872258627,0.9908662994873692,0.9876544787455572,180.39007247047994,243.82335184902064,63.43327937853974,0.0005606243378391327,False,False
final_quality_mask,1000,655,1547,655000,1547000,7937.693164496826,1.0,1.0,0.0,0.0,0.0,0.0,False,False
final_quality_mask,1000,655,1548,655000,1548000,9572.880704355728,0.9849151824816981,0.9876543209749881,144.40515854967998,118.183712520706,-26.221446028974242,-0.00023174555944764159,False,False
final_quality_mask,1000,655,1549,655000,1549000,10775.73133200205,1.0,1.0,0.0,0.0,0.0,0.0,False,False
final_quality_mask,1000,655,1550,655000,1550000,9435.54214936041,1.0,1.0,0.0,0.0,0.0,0.0,False,False
final_quality_mask,1000,655,1551,655000,1551000,12167.903879198302,1.0,1.0,0.0,0.0,0.0,0.0,False,False
final_quality_mask,1000,655,1552,655000,1552000,7893.848285062015,1.0,1.0,0.0,0.0,0.0,0.0,False,False
final_quality_mask,1000,655,1553,655000,1553000,8247.168887248017,1.0,1.0,0.0,0.0,0.0,0.0,False,False
final_quality_mask,1000,656,1509,656000,1509000,463.6584488715654,1.0,1.0,0.0,0.0,0.0,0.0,False,False
final_quality_mask,1000,656,1510,656000,1510000,293.2883954258022,0.9766205231641661,0.9876541593477299,6.856929247076437,3.6208917950869277,-3.236037451989489,-2.860015076499431e-05,False,False
final_quality_mask,1000,656,1511,656000,1511000,513.5444540044242,0.9790404544507276,0.9662924844789664,10.76365837528192,17.31030765409484,6.546649278812936,5.7859391047677966e-05,False,False
final_quality_mask,1000,656,1512,656000,1512000,546.179424958987,1.0,1.0,0.0,0.0,0.0,0.0,False,False
final_quality_mask,1000,656,1513,656000,1513000,277.19860424869205,0.9999834232626025,0.9888889372755002,0.0045950484695822524,3.0799710789510137,3.0753760304814364,2.7180222551733468e-05,False,False
final_quality_mask,1000,656,1514,656000,1514000,316.20531542288086,1.0,1.0,0.0,0.0,0.0,0.0,False,False
final_quality_mask,1000,656,1515,656000,1515000,583.1739861071521,0.999358823209514,0.9767441742744325,0.37391762470713275,13.562192588592454,13.188274963885306,0.00011655818509313866,False,False
final_quality_mask,1000,656,1516,656000,1516000,456.24335188855235,0.9972902393812467,0.9876541063424413,1.2363102675155915,5.632731904384188,4.396421636868581,3.885564475269642e-05,False,False
final_quality_mask,1000,656,1517,656000,1517000,608.736203032457,1.0,1.0,0.0,0.0,0.0,0.0,False,False
final_quality_mask,1000,656,1518,656000,1518000,888.5650873254729,0.9853057093022609,0.9259252292424522,13.056833697022398,65.8202551467948,52.76342144977241,0.0004663239627874762,False,False
final_quality_mask,1000,656,1519,656000,1519000,380.92522812237354,0.9991715347251825,0.9629629629290517,0.31558332380132015,14.108341795227785,13.792758471426453,0.00012190062000222806,False,False
final_quality_mask,1000,656,1520,656000,1520000,1420.1382123462213,1.0,1.0,0.0,0.0,0.0,0.0,False,False
final_quality_mask,1000,656,1521,656000,1521000,2333.9567416234777,1.0,1.0,0.0,0.0,0.0,0.0,False,False
final_quality_mask,1000,656,1522,656000,1522000,1011.0109079304893,1.0,1.0,0.0,0.0,0.0,0.0,False,False
final_quality_mask,1000,656,1523,656000,1523000,2739.954388892666,1.0,1.0,0.0,0.0,0.0,0.0,False,False
final_quality_mask,1000,656,1524,656000,1524000,3758.6906619612146,1.0,1.0,0.0,0.0,0.0,0.0,False,False
final_quality_mask,1000,656,1525,656000,1525000,3168.733154012434,1.0,1.0,0.0,0.0,0.0,0.0,False,False
final_quality_mask,1000,656,1526,656000,1526000,2948.281821229986,1.0,1.0,0.0,0.0,0.0,0.0,False,False
final_quality_mask,1000,656,1527,656000,1527000,3958.1205245025258,1.0,1.0,0.0,0.0,0.0,0.0,False,False
final_quality_mask,1000,656,1528,656000,1528000,4603.0086770791195,1.0,1.0,0.0,0.0,0.0,0.0,False,False
final_quality_mask,1000,656,1529,656000,1529000,4125.268954019998,1.0,1.0,0.0,0.0,0.0,0.0,False,False
final_quality_mask,1000,656,1530,656000,1530000,5224.743605205882,1.0,1.0,0.0,0.0,0.0,0.0,False,False
final_quality_mask,1000,656,1531,656000,1531000,7702.488952079865,1.0,1.0,0.0,0.0,0.0,0.0,False,False
final_quality_mask,1000,656,1532,656000,1532000,10803.636237087132,1.0,1.0,0.0,0.0,0.0,0.0,False,False
final_quality_mask,1000,656,1533,656000,1533000,6301.939047967131,1.0,1.0,0.0,0.0,0.0,0.0,False,False
final_quality_mask,1000,656,1534,656000,1534000,4550.7496835332295,1.0,1.0,0.0,0.0,0.0,0.0,False,False
final_quality_mask,1000,656,1535,656000,1535000,5932.433667415068,1.0,1.0,0.0,0.0,0.0,0.0,False,False
final_quality_mask,1000,656,1536,656000,1536000,5866.662148280614,1.0,1.0,0.0,0.0,0.0,0.0,False,False
final_quality_mask,1000,656,1537,656000,1537000,6848.181874171179,1.0,1.0,0.0,0.0,0.0,0.0,False,False
final_quality_mask,1000,656,1538,656000,1538000,6777.269396393572,1.0,1.0,0.0,0.0,0.0,0.0,False,False
final_quality_mask,1000,656,1539,656000,1539000,7997.446969591637,1.0,1.0,0.0,0.0,0.0,0.0,False,False
final_quality_mask,1000,656,1540,656000,1540000,6922.870880939596,1.0,1.0,0.0,0.0,0.0,0.0,False,False
final_quality_mask,1000,656,1541,656000,1541000,6911.166887328151,1.0,1.0,0.0,0.0,0.0,0.0,False,False
final_quality_mask,1000,656,1542,656000,1542000,5208.179114381119,0.9846412323730629,0.987654162807989,79.9912127772468,64.29933141298127,-15.6918813642651,-0.00013868509850789088,False,False
final_quality_mask,1000,656,1543,656000,1543000,12444.036783259413,1.0,1.0,0.0,0.0,0.0,0.0,False,False
final_quality_mask,1000,656,1544,656000,1544000,9711.072531566131,1.0,1.0,0.0,0.0,0.0,0.0,False,False
final_quality_mask,1000,656,1545,656000,1545000,15235.305417629894,1.0,1.0,0.0,0.0,0.0,0.0,False,False
final_quality_mask,1000,656,1546,656000,1546000,17216.00989608955,1.0,1.0,0.0,0.0,0.0,0.0,False,False
final_quality_mask,1000,656,1547,656000,1547000,7583.288830495757,1.0,1.0,0.0,0.0,0.0,0.0,False,False
final_quality_mask,1000,656,1548,656000,1548000,5686.1724195359075,0.9994157735699923,0.9777779668150924,3.3220122130733216,126.35831220203306,123.0362999889594,0.0010873967874160241,False,False
final_quality_mask,1000,656,1549,656000,1549000,15323.203033155765,1.0,1.0,0.0,0.0,0.0,0.0,False,False
final_quality_mask,1000,656,1550,656000,1550000,11594.279728448597,1.0,1.0,0.0,0.0,0.0,0.0,False,False
final_quality_mask,1000,656,1551,656000,1551000,11463.460285569632,1.0,1.0,0.0,0.0,0.0,0.0,False,False
final_quality_mask,1000,656,1552,656000,1552000,8418.948665693495,0.9749542007371532,0.9629625440111316,210.85929828517146,311.8164406781654,100.95714239299377,0.0008922608394001984,False,False
final_quality_mask,1000,656,1553,656000,1553000,5076.226744539073,1.0,1.0,0.0,0.0,0.0,0.0,False,False
final_quality_mask,1000,657,1509,657000,1509000,1126.2399062066966,1.0,1.0,0.0,0.0,0.0,0.0,False,False
final_quality_mask,1000,657,1510,657000,1510000,1102.5999552554424,0.9989559335303194,0.9111099958035036,1.1511876427534844,98.01011464971302,96.85892700695956,0.0008560407462625438,False,False
final_quality_mask,1000,657,1511,657000,1511000,130.87975615918455,0.8691566972092527,0.5975604111841455,17.124739564315362,52.67119525302153,35.546455688706175,0.0003141601439850976,False,False
final_quality_mask,1000,657,1512,657000,1512000,154.122077580681,0.8929517314932727,0.6790130990121945,16.49850154367141,49.47116805642493,32.97266651275352,0.0002914129540771746,False,False
final_quality_mask,1000,657,1513,657000,1513000,308.06099021177164,0.9944375950185217,0.9876545360991028,1.7135599865530935,3.8031558339340696,2.089595847380963,1.8467881524751803e-05,False,False
final_quality_mask,1000,657,1514,657000,1514000,574.8710866580082,0.9996843663193948,0.9876542672396154,0.1814486769553696,7.09720480755169,6.9157561305962645,6.112156330804706e-05,False,False
final_quality_mask,1000,657,1515,657000,1515000,258.5159016425176,0.9999587621314558,0.9629625870461578,0.0106606447685067,9.574760204268781,9.564099559500278,8.452766489613919e-05,False,False
final_quality_mask,1000,657,1516,657000,1516000,140.86214346853103,1.0,1.0,0.0,0.0,0.0,0.0,False,False
final_quality_mask,1000,657,1517,657000,1517000,147.7949666963621,0.9532187086415631,0.7283925947525564,6.914039398332989,40.14220741303126,33.22816801469827,0.00029367108043841603,False,False
final_quality_mask,1000,657,1518,657000,1518000,487.82296434657036,0.9482682623016665,0.8148165834450464,25.2359296348003,90.33672321166323,65.10079357686294,0.0005753618549978084,False,False
final_quality_mask,1000,657,1519,657000,1519000,822.0948305660178,1.0,1.0,0.0,0.0,0.0,0.0,False,False
final_quality_mask,1000,657,1520,657000,1520000,846.9063012496794,1.0,1.0,0.0,0.0,0.0,0.0,False,False
final_quality_mask,1000,657,1521,657000,1521000,1605.0358562382655,1.0,1.0,0.0,0.0,0.0,0.0,False,False
final_quality_mask,1000,657,1522,657000,1522000,1477.8291618334483,1.0,1.0,0.0,0.0,0.0,0.0,False,False
final_quality_mask,1000,657,1523,657000,1523000,1821.299811211451,1.0,1.0,0.0,0.0,0.0,0.0,False,False
final_quality_mask,1000,657,1524,657000,1524000,2733.103867248096,1.0,1.0,0.0,0.0,0.0,0.0,False,False
final_quality_mask,1000,657,1525,657000,1525000,3308.665924475605,1.0,1.0,0.0,0.0,0.0,0.0,False,False
final_quality_mask,1000,657,1526,657000,1526000,5206.158800378657,1.0,1.0,0.0,0.0,0.0,0.0,False,False
final_quality_mask,1000,657,1527,657000,1527000,10154.119100625787,1.0,1.0,0.0,0.0,0.0,0.0,False,False
final_quality_mask,1000,657,1528,657000,1528000,9422.061936271106,1.0,1.0,0.0,0.0,0.0,0.0,False,False
final_quality_mask,1000,657,1529,657000,1529000,8659.52398862364,1.0,1.0,0.0,0.0,0.0,0.0,False,False
final_quality_mask,1000,657,1530,657000,1530000,6362.8021292688245,1.0,1.0,0.0,0.0,0.0,0.0,False,False
final_quality_mask,1000,657,1531,657000,1531000,3814.9692367665066,1.0,1.0,0.0,0.0,0.0,0.0,False,False
final_quality_mask,1000,657,1532,657000,1532000,6952.13033783552,1.0,1.0,0.0,0.0,0.0,0.0,False,False
final_quality_mask,1000,657,1533,657000,1533000,3175.5346926742823,1.0,1.0,0.0,0.0,0.0,0.0,False,False
final_quality_mask,1000,657,1534,657000,1534000,3896.405275778207,1.0,1.0,0.0,0.0,0.0,0.0,False,False
final_quality_mask,1000,657,1535,657000,1535000,3396.851401123133,1.0,1.0,0.0,0.0,0.0,0.0,False,False
final_quality_mask,1000,657,1536,657000,1536000,4411.905684564946,1.0,1.0,0.0,0.0,0.0,0.0,False,False
final_quality_mask,1000,657,1537,657000,1537000,7525.788791203318,1.0,1.0,0.0,0.0,0.0,0.0,False,False
final_quality_mask,1000,657,1538,657000,1538000,8317.736461188648,1.0,1.0,0.0,0.0,0.0,0.0,False,False
final_quality_mask,1000,657,1539,657000,1539000,12442.898615621436,1.0,1.0,0.0,0.0,0.0,0.0,False,False
final_quality_mask,1000,657,1540,657000,1540000,5642.724902755196,1.0,1.0,0.0,0.0,0.0,0.0,False,False
final_quality_mask,1000,657,1541,657000,1541000,7972.693152902358,1.0,1.0,0.0,0.0,0.0,0.0,False,False
final_quality_mask,1000,657,1542,657000,1542000,7688.762755958945,0.8199081457332841,0.8275855465812618,1384.6835417375114,1325.6538280350123,-59.029713702499066,-0.0005217055539539558,False,False
final_quality_mask,1000,657,1543,657000,1543000,19455.82949035066,0.9892779659434694,0.9888888414562579,208.6060663935932,216.1768060672996,7.570739673705248,6.691031833929382e-05,False,False
final_quality_mask,1000,657,1544,657000,1544000,13554.905577460097,1.0,1.0,0.0,0.0,0.0,0.0,False,False
final_quality_mask,1000,657,1545,657000,1545000,19729.844882654506,0.950767423437793,0.9555549399276592,971.3510987457557,876.894141027546,-94.45695771820829,-0.0008348121032661722,False,False
final_quality_mask,1000,657,1546,657000,1546000,8961.027643646157,0.863337088408245,0.8636377211027724,1224.6401286348873,1221.9461507486437,-2.693977886243374,-2.3809419652035427e-05,False,False
final_quality_mask,1000,657,1547,657000,1547000,7838.447442021777,1.0,1.0,0.0,0.0,0.0,0.0,False,False
final_quality_mask,1000,657,1548,657000,1548000,14089.156336678068,1.0,1.0,0.0,0.0,0.0,0.0,False,False
final_quality_mask,1000,657,1549,657000,1549000,8076.604357690377,1.0,1.0,0.0,0.0,0.0,0.0,False,False
final_quality_mask,1000,657,1550,657000,1550000,10675.047313471427,1.0,1.0,0.0,0.0,0.0,0.0,False,False
final_quality_mask,1000,657,1551,657000,1551000,11597.051622285755,1.0,1.0,0.0,0.0,0.0,0.0,False,False
final_quality_mask,1000,657,1552,657000,1552000,9565.195084217745,0.9956211888218351,0.9753082754112873,41.884183156100335,236.18116265681329,194.29697950071204,0.001717199812841172,False,False
final_quality_mask,1000,657,1553,657000,1553000,3403.347418042206,1.0,1.0,0.0,0.0,0.0,0.0,False,False
final_quality_mask,1000,658,1509,658000,1509000,401.7537377740606,1.0,1.0,0.0,0.0,0.0,0.0,False,False
final_quality_mask,1000,658,1510,658000,1510000,1414.561106361458,0.9997237480742918,0.9885058803262358,0.3907752296643139,16.259134642370938,15.868359412706695,0.00014024481432299636,False,False
final_quality_mask,1000,658,1511,658000,1511000,58.38207311527255,0.8002382966784803,0.1234552823248715,11.662502368948346,51.17449779611529,39.51199542716694,0.00034920764762719155,False,True
final_quality_mask,1000,658,1512,658000,1512000,54.06911729825381,0.08977287450484785,0.0370376289019104,49.215177216449774,52.06652539670722,2.8513481802574483,2.5200260827858948e-05,True,True
final_quality_mask,1000,658,1513,658000,1513000,361.54297891298313,0.9659505991664843,0.7901264144716124,12.310321807551475,75.87832130708202,63.567999499530515,0.0005618149964234595,False,False
final_quality_mask,1000,658,1514,658000,1514000,487.554397231132,0.9921487255240381,0.9876543209752993,3.827923394623781,6.019190095296999,2.191266700673225,1.9366450152496398e-05,False,False
final_quality_mask,1000,658,1515,658000,1515000,591.4163064634207,1.0,1.0,0.0,0.0,0.0,0.0,False,False
final_quality_mask,1000,658,1516,658000,1516000,462.22262662248465,1.0,1.0,0.0,0.0,0.0,0.0,False,False
final_quality_mask,1000,658,1517,658000,1517000,380.88593524014476,0.9917018666618177,0.8395042958526961,3.1606422772609903,61.130556376171405,57.96991409891041,0.0005123390281046699,False,False
final_quality_mask,1000,658,1518,658000,1518000,200.959175810074,0.9007455775810318,0.7037049899769005,19.946086924820776,59.5432010108797,39.59711408605892,0.00034995992769605425,False,False
final_quality_mask,1000,658,1519,658000,1519000,319.90704936707317,0.9830634959532726,0.9506174446023885,5.41810703618205,15.797827587455926,10.379720551273863,9.173613626827289e-05,False,False
final_quality_mask,1000,658,1520,658000,1520000,628.6238232752016,0.9985654861359111,0.9772729814395223,0.9017695897848625,14.286745299133932,13.384975709349078,0.00011829662942801248,False,False
final_quality_mask,1000,658,1521,658000,1521000,1045.179984524218,1.0,1.0,0.0,0.0,0.0,0.0,False,False
final_quality_mask,1000,658,1522,658000,1522000,2971.271319964508,1.0,1.0,0.0,0.0,0.0,0.0,False,False
final_quality_mask,1000,658,1523,658000,1523000,2860.1771604030782,1.0,1.0,0.0,0.0,0.0,0.0,False,False
final_quality_mask,1000,658,1524,658000,1524000,804.8448593495319,0.9991304565095408,0.9425280638737566,0.6998476082769685,46.255992348071615,45.556144739794604,0.0004026259359356327,False,False
final_quality_mask,1000,658,1525,658000,1525000,1846.0284033448606,0.9986458078493974,0.9753090687486582,2.4998771735990886,45.58016039501224,43.08028322141308,0.00038074423223179404,False,False
final_quality_mask,1000,658,1526,658000,1526000,4855.463909348568,1.0,1.0,0.0,0.0,0.0,0.0,False,False
final_quality_mask,1000,658,1527,658000,1527000,9171.316934514532,1.0,1.0,0.0,0.0,0.0,0.0,False,False
final_quality_mask,1000,658,1528,658000,1528000,9872.978543254958,1.0,1.0,0.0,0.0,0.0,0.0,False,False
final_quality_mask,1000,658,1529,658000,1529000,11529.409383706266,1.0,1.0,0.0,0.0,0.0,0.0,False,False
final_quality_mask,1000,658,1530,658000,1530000,4829.73418431859,1.0,1.0,0.0,0.0,0.0,0.0,False,False
final_quality_mask,1000,658,1531,658000,1531000,2845.804212738518,1.0,1.0,0.0,0.0,0.0,0.0,False,False
final_quality_mask,1000,658,1532,658000,1532000,7309.769664106981,1.0,1.0,0.0,0.0,0.0,0.0,False,False
final_quality_mask,1000,658,1533,658000,1533000,7455.297661656806,1.0,1.0,0.0,0.0,0.0,0.0,False,False
final_quality_mask,1000,658,1534,658000,1534000,2352.357528661747,1.0,1.0,0.0,0.0,0.0,0.0,False,False
final_quality_mask,1000,658,1535,658000,1535000,2275.3598656704776,1.0,1.0,0.0,0.0,0.0,0.0,False,False
final_quality_mask,1000,658,1536,658000,1536000,2406.3933646077858,1.0,1.0,0.0,0.0,0.0,0.0,False,False
final_quality_mask,1000,658,1537,658000,1537000,8855.117993985363,1.0,1.0,0.0,0.0,0.0,0.0,False,False
final_quality_mask,1000,658,1538,658000,1538000,17972.84664684708,1.0,1.0,0.0,0.0,0.0,0.0,False,False
final_quality_mask,1000,658,1539,658000,1539000,20625.415706474643,1.0,1.0,0.0,0.0,0.0,0.0,False,False
final_quality_mask,1000,658,1540,658000,1540000,16119.820882427304,1.0,1.0,0.0,0.0,0.0,0.0,False,False
final_quality_mask,1000,658,1541,658000,1541000,20489.644228009816,1.0,1.0,0.0,0.0,0.0,0.0,False,False
final_quality_mask,1000,658,1542,658000,1542000,18552.083979594234,0.9831154017535159,0.9761906686646811,313.2444846304825,441.7127144308213,128.46822980033903,0.001135404269979248,False,False
final_quality_mask,1000,658,1543,658000,1543000,19947.35775689953,1.0,1.0,0.0,0.0,0.0,0.0,False,False
final_quality_mask,1000,658,1544,658000,1544000,15626.061485445327,1.0,1.0,0.0,0.0,0.0,0.0,False,False
final_quality_mask,1000,658,1545,658000,1545000,21071.2421173564,1.0,1.0,0.0,0.0,0.0,0.0,False,False
final_quality_mask,1000,658,1546,658000,1546000,15928.522330021573,1.0,1.0,0.0,0.0,0.0,0.0,False,False
final_quality_mask,1000,658,1547,658000,1547000,14333.702567223698,1.0,1.0,0.0,0.0,0.0,0.0,False,False
final_quality_mask,1000,658,1548,658000,1548000,14177.582030199721,1.0,1.0,0.0,0.0,0.0,0.0,False,False
final_quality_mask,1000,658,1549,658000,1549000,10417.447785345896,1.0,1.0,0.0,0.0,0.0,0.0,False,False
final_quality_mask,1000,658,1550,658000,1550000,13765.518781105238,1.0,1.0,0.0,0.0,0.0,0.0,False,False
final_quality_mask,1000,658,1551,658000,1551000,11363.008913723166,1.0,1.0,0.0,0.0,0.0,0.0,False,False
final_quality_mask,1000,658,1552,658000,1552000,9858.248440480222,0.9852808582048533,0.9753083801275133,145.10495664721202,243.41612310087237,98.31116645366092,0.0008688756617228069,False,False
final_quality_mask,1000,658,1553,658000,1553000,3106.8500154822705,1.0,1.0,0.0,0.0,0.0,0.0,False,False
final_quality_mask,1000,659,1509,659000,1509000,366.45169776480606,0.9895475850122558,0.9777779718726151,3.830305218001172,8.143299935057485,4.312994717056313,3.811831630088167e-05,False,False
final_quality_mask,1000,659,1510,659000,1510000,1534.0770837356247,1.0,1.0,0.0,0.0,0.0,0.0,False,False
final_quality_mask,1000,659,1511,659000,1511000,688.6747866068233,0.9986389686799023,0.49999556396946776,0.9373079539334412,344.3404482857918,343.40314033185837,0.003035002447399224,False,True
final_quality_mask,1000,659,1512,659000,1512000,84.06751926688696,0.05687298446827873,0.024096765766192237,79.28634854933458,82.04176394656794,2.755415397233357,2.435240535693178e-05,True,True
final_quality_mask,1000,659,1513,659000,1513000,234.53466488827345,0.9533401339346798,0.7654351640062063,10.943356051361604,55.013585204377236,44.070229153015646,0.00038949339021067327,False,False
final_quality_mask,1000,659,1514,659000,1514000,191.122667096047,0.9992490200809795,0.9876543209751422,0.1435292850587757,2.3595391023425543,2.2160098172837763,1.9585130212896363e-05,False,False
final_quality_mask,1000,659,1515,659000,1515000,162.6326605674711,0.9675392620545321,0.951218726900867,5.279176176054904,7.933428229980414,2.654252053925518,2.3458322110547746e-05,False,False
final_quality_mask,1000,659,1516,659000,1516000,52.83739587400366,0.8496004485759532,0.4666662319426055,7.946720637864935,28.179967435822604,20.23324679795767,0.0001788217588554681,False,True
final_quality_mask,1000,659,1517,659000,1517000,515.0023020442113,0.9218217801665789,0.6000010618408497,40.26196318393028,206.00037396720253,165.7384107832723,0.001464798725687784,False,False
final_quality_mask,1000,659,1518,659000,1518000,390.0317840400995,0.9969872565485738,0.9777777777688108,1.175065703214898,8.667372982166281,7.492307278951387,6.62171315798387e-05,False,False
final_quality_mask,1000,659,1519,659000,1519000,1872.3908821394614,1.0,1.0,0.0,0.0,0.0,0.0,False,False
final_quality_mask,1000,659,1520,659000,1520000,1156.0499821078,1.0,1.0,0.0,0.0,0.0,0.0,False,False
final_quality_mask,1000,659,1521,659000,1521000,412.7656605602467,1.0,1.0,0.0,0.0,0.0,0.0,False,False
final_quality_mask,1000,659,1522,659000,1522000,1634.8614086695595,1.0,1.0,0.0,0.0,0.0,0.0,False,False
final_quality_mask,1000,659,1523,659000,1523000,1659.615004385105,1.0,1.0,0.0,0.0,0.0,0.0,False,False
final_quality_mask,1000,659,1524,659000,1524000,249.20535770192657,0.9876568348250039,0.8641959829187381,3.075982892608863,33.843088654094416,30.76710576148554,0.00027192017287687117,False,False
final_quality_mask,1000,659,1525,659000,1525000,870.5072792061559,0.9954717530981059,0.9506178173908566,3.941871890141556,42.987549424346966,39.045677534205424,0.0003450863226298821,False,False
final_quality_mask,1000,659,1526,659000,1526000,5424.626332949757,1.0,1.0,0.0,0.0,0.0,0.0,False,False
final_quality_mask,1000,659,1527,659000,1527000,4882.513876912243,1.0,1.0,0.0,0.0,0.0,0.0,False,False
final_quality_mask,1000,659,1528,659000,1528000,4108.512657186787,1.0,1.0,0.0,0.0,0.0,0.0,False,False
final_quality_mask,1000,659,1529,659000,1529000,6700.107071553253,1.0,1.0,0.0,0.0,0.0,0.0,False,False
final_quality_mask,1000,659,1530,659000,1530000,2976.333656326242,1.0,1.0,0.0,0.0,0.0,0.0,False,False
final_quality_mask,1000,659,1531,659000,1531000,2288.289746043512,1.0,1.0,0.0,0.0,0.0,0.0,False,False
final_quality_mask,1000,659,1532,659000,1532000,9138.530603704254,1.0,1.0,0.0,0.0,0.0,0.0,False,False
final_quality_mask,1000,659,1533,659000,1533000,11744.146243050436,1.0,1.0,0.0,0.0,0.0,0.0,False,False
final_quality_mask,1000,659,1534,659000,1534000,6040.006093028149,1.0,1.0,0.0,0.0,0.0,0.0,False,False
final_quality_mask,1000,659,1535,659000,1535000,4049.9472594860636,1.0,1.0,0.0,0.0,0.0,0.0,False,False
final_quality_mask,1000,659,1536,659000,1536000,5853.910420810113,1.0,1.0,0.0,0.0,0.0,0.0,False,False
final_quality_mask,1000,659,1537,659000,1537000,5563.437863669852,1.0,1.0,0.0,0.0,0.0,0.0,False,False
final_quality_mask,1000,659,1538,659000,1538000,24599.319662601098,1.0,1.0,0.0,0.0,0.0,0.0,False,False
final_quality_mask,1000,659,1539,659000,1539000,26294.758896614905,1.0,1.0,0.0,0.0,0.0,0.0,False,False
final_quality_mask,1000,659,1540,659000,1540000,17685.299287004866,1.0,1.0,0.0,0.0,0.0,0.0,False,False
final_quality_mask,1000,659,1541,659000,1541000,21765.4373549427,0.9720920519139683,0.9753084309136503,607.4286957715158,537.4228001441847,-70.00589562733148,-0.0006187132253828563,False,False
final_quality_mask,1000,659,1542,659000,1542000,22175.067746338034,1.0,1.0,0.0,0.0,0.0,0.0,False,False
final_quality_mask,1000,659,1543,659000,1543000,18715.686102863674,1.0,1.0,0.0,0.0,0.0,0.0,False,False
final_quality_mask,1000,659,1544,659000,1544000,18715.35148476337,0.9768133728760641,0.9753084313403608,433.94587637060977,462.1113861753147,28.165509804704925,0.0002489272261951877,False,False
final_quality_mask,1000,659,1545,659000,1545000,21753.446545371306,1.0,1.0,0.0,0.0,0.0,0.0,False,False
final_quality_mask,1000,659,1546,659000,1546000,27861.179973664843,1.0,1.0,0.0,0.0,0.0,0.0,False,False
final_quality_mask,1000,659,1547,659000,1547000,19200.18151894928,1.0,1.0,0.0,0.0,0.0,0.0,False,False
final_quality_mask,1000,659,1548,659000,1548000,13269.10475758985,1.0,1.0,0.0,0.0,0.0,0.0,False,False
final_quality_mask,1000,659,1549,659000,1549000,15552.587625587663,1.0,1.0,0.0,0.0,0.0,0.0,False,False
final_quality_mask,1000,659,1550,659000,1550000,14034.210183105115,1.0,1.0,0.0,0.0,0.0,0.0,False,False
final_quality_mask,1000,659,1551,659000,1551000,11061.053448968858,1.0,1.0,0.0,0.0,0.0,0.0,False,False
final_quality_mask,1000,659,1552,659000,1552000,6750.780909702291,0.9913953149564441,0.9666664309856827,58.08834352603844,225.02762135409688,166.93927782805804,0.001475412007838913,False,False
final_quality_mask,1000,659,1553,659000,1553000,6844.977807508339,1.0,1.0,0.0,0.0,0.0,0.0,False,False
final_quality_mask,1000,660,1509,660000,1509000,10.291609560169999,0.6946685522041658,0.20000067929174936,3.1423520471561543,8.233280657130537,5.090928609974382,4.4993708490479854e-05,False,True
final_quality_mask,1000,660,1510,660000,1510000,1698.8168612994018,1.0,1.0,0.0,0.0,0.0,0.0,False,False
final_quality_mask,1000,660,1511,660000,1511000,5612.438117055776,1.0,1.0,0.0,0.0,0.0,0.0,False,False
final_quality_mask,1000,660,1512,660000,1512000,356.33911335735036,0.9328919327109663,0.5157864961999165,23.913229196899692,172.54421061977777,148.63098142287808,0.0013136029913467112,False,False
final_quality_mask,1000,660,1513,660000,1513000,219.61843421241647,0.8839673558253309,0.5473706532828573,25.48290763116728,99.40574840460785,73.92284077344057,0.0006533312492404171,False,False
final_quality_mask,1000,660,1514,660000,1514000,365.3975502416518,1.0,1.0,0.0,0.0,0.0,0.0,False,False
final_quality_mask,1000,660,1515,660000,1515000,362.8374080208502,1.0,1.0,0.0,0.0,0.0,0.0,False,False
final_quality_mask,1000,660,1516,660000,1516000,157.15108028317815,0.5953285554742177,0.3580217933549875,63.59455466698088,100.88756869252109,37.2930140255402,0.00032959625450433805,False,True
final_quality_mask,1000,660,1517,660000,1517000,98.39003033936066,0.1980801376146838,0.07407493212346329,78.9009195898272,91.10179552034703,12.200875930519839,0.00010783153664161953,True,True
final_quality_mask,1000,660,1518,660000,1518000,757.6617397249479,0.9865031867573834,0.8271629592618535,10.22601900214363,130.9520129745758,120.7259939724322,0.0010669782658858334,False,False
final_quality_mask,1000,660,1519,660000,1519000,2847.5307582627,1.0,1.0,0.0,0.0,0.0,0.0,False,False
final_quality_mask,1000,660,1520,660000,1520000,2305.4699004798745,1.0,1.0,0.0,0.0,0.0,0.0,False,False
final_quality_mask,1000,660,1521,660000,1521000,148.1010995031884,0.9990644672486668,0.9135809956852822,0.13855342909369028,12.798749556980493,12.660196127886792,0.00011189101589332767,False,False
final_quality_mask,1000,660,1522,660000,1522000,1673.6831324352956,1.0,1.0,0.0,0.0,0.0,0.0,False,False
final_quality_mask,1000,660,1523,660000,1523000,2196.6480128589287,1.0,1.0,0.0,0.0,0.0,0.0,False,False
final_quality_mask,1000,660,1524,660000,1524000,1030.2570155210194,0.9990280799562837,0.8271580385556971,1.0013274435641506,178.07164335440658,177.0703159108424,0.0015649502844727005,False,False
final_quality_mask,1000,660,1525,660000,1525000,556.9289025442692,1.0,0.9629636031226995,0.0,20.626639867068988,20.626639867069002,0.00018229857309306932,False,False
final_quality_mask,1000,660,1526,660000,1526000,1471.734306552928,1.0,1.0,0.0,0.0,0.0,0.0,False,False
final_quality_mask,1000,660,1527,660000,1527000,3514.0492606293305,1.0,1.0,0.0,0.0,0.0,0.0,False,False
final_quality_mask,1000,660,1528,660000,1528000,9396.365731165615,1.0,1.0,0.0,0.0,0.0,0.0,False,False
final_quality_mask,1000,660,1529,660000,1529000,13227.97461739716,1.0,1.0,0.0,0.0,0.0,0.0,False,False
final_quality_mask,1000,660,1530,660000,1530000,11150.629559952107,1.0,1.0,0.0,0.0,0.0,0.0,False,False
final_quality_mask,1000,660,1531,660000,1531000,4503.744855795482,1.0,1.0,0.0,0.0,0.0,0.0,False,False
final_quality_mask,1000,660,1532,660000,1532000,9094.571701650935,1.0,1.0,0.0,0.0,0.0,0.0,False,False
final_quality_mask,1000,660,1533,660000,1533000,7591.920721313512,1.0,1.0,0.0,0.0,0.0,0.0,False,False
final_quality_mask,1000,660,1534,660000,1534000,7792.376994813962,1.0,1.0,0.0,0.0,0.0,0.0,False,False
final_quality_mask,1000,660,1535,660000,1535000,4331.700737641403,1.0,1.0,0.0,0.0,0.0,0.0,False,False
final_quality_mask,1000,660,1536,660000,1536000,5444.868172663074,1.0,1.0,0.0,0.0,0.0,0.0,False,False
final_quality_mask,1000,660,1537,660000,1537000,5889.656867635938,1.0,1.0,0.0,0.0,0.0,0.0,False,False
final_quality_mask,1000,660,1538,660000,1538000,31398.24922883303,1.0,1.0,0.0,0.0,0.0,0.0,False,False
final_quality_mask,1000,660,1539,660000,1539000,37271.42196772536,1.0,1.0,0.0,0.0,0.0,0.0,False,False
final_quality_mask,1000,660,1540,660000,1540000,24598.00702995034,1.0,1.0,0.0,0.0,0.0,0.0,False,False
final_quality_mask,1000,660,1541,660000,1541000,23466.030146650275,0.930135404838248,0.9629629101673132,1639.4446962491893,869.1134665580236,-770.3312296911645,-0.006808199730385051,False,False
final_quality_mask,1000,660,1542,660000,1542000,15557.351782115598,1.0,1.0,0.0,0.0,0.0,0.0,False,False
final_quality_mask,1000,660,1543,660000,1543000,20630.167515825953,0.9776930543998247,0.9753084311965406,460.1960244980328,509.39120064390863,49.19517614587676,0.00043478775371327106,False,False
final_quality_mask,1000,660,1544,660000,1544000,24939.58878946269,1.0,1.0,0.0,0.0,0.0,0.0,False,False
final_quality_mask,1000,660,1545,660000,1545000,20254.04839507036,1.0,1.0,0.0,0.0,0.0,0.0,False,False
final_quality_mask,1000,660,1546,660000,1546000,32640.979805455463,1.0,1.0,0.0,0.0,0.0,0.0,False,False
final_quality_mask,1000,660,1547,660000,1547000,29104.734001867502,1.0,1.0,0.0,0.0,0.0,0.0,False,False
final_quality_mask,1000,660,1548,660000,1548000,16585.39208477029,0.9753455466288222,0.9444435465422389,408.90377579667074,921.4255634362593,512.5217876395891,0.00452967575756112,False,False
final_quality_mask,1000,660,1549,660000,1549000,16140.838894227798,1.0,1.0,0.0,0.0,0.0,0.0,False,False
final_quality_mask,1000,660,1550,660000,1550000,14280.710236248182,1.0,1.0,0.0,0.0,0.0,0.0,False,False
final_quality_mask,1000,660,1551,660000,1551000,10274.322105875353,1.0,1.0,0.0,0.0,0.0,0.0,False,False
final_quality_mask,1000,660,1552,660000,1552000,2596.785791293382,1.0,1.0,0.0,0.0,0.0,0.0,False,False
final_quality_mask,1000,660,1553,660000,1553000,7294.887383106131,1.0,1.0,0.0,0.0,0.0,0.0,False,False
final_quality_mask,1000,661,1509,661000,1509000,219.86530781278688,0.9951126452255858,0.8999997379727982,1.0745597618668512,21.986588391970066,20.912028630103208,0.00018482084354590217,False,False
final_quality_mask,1000,661,1510,661000,1510000,1622.0013119495356,1.0,1.0,0.0,0.0,0.0,0.0,False,False
final_quality_mask,1000,661,1511,661000,1511000,2833.364992347288,1.0,1.0,0.0,0.0,0.0,0.0,False,False
final_quality_mask,1000,661,1512,661000,1512000,326.646308882244,0.9848447049762505,0.7283922096871878,4.950421179529201,88.71968216934262,83.76926098981343,0.0007403540686180546,False,False
final_quality_mask,1000,661,1513,661000,1513000,10.472922430229907,0.029910079579002404,0.060976071606376414,10.15967648691701,9.834324762196182,-0.32535172472082874,-2.8754637474748405e-06,True,True
final_quality_mask,1000,661,1514,661000,1514000,364.27915744353777,0.9977765429359216,0.9431828322889536,0.8099590659143701,20.69730998210816,19.887350916193782,0.0001757647255194182,False,False
final_quality_mask,1000,661,1515,661000,1515000,666.5141209865213,1.0,1.0,0.0,0.0,0.0,0.0,False,False
final_quality_mask,1000,661,1516,661000,1516000,301.7394462058815,0.9736727740311959,0.8148126145849691,7.943962583964037,55.87833911944656,47.93437653548253,0.0004236447865886006,False,False
final_quality_mask,1000,661,1517,661000,1517000,209.64763764092038,0.8647861279483576,0.4938260879642543,28.347268851908495,106.11816489375713,77.77089604184863,0.0006873404232568798,False,True
final_quality_mask,1000,661,1518,661000,1518000,1014.2086731020073,0.9996640328764205,0.8641996211483473,0.3407407706115464,137.72992204188463,137.38918127127306,0.0012142477817807115,False,False
final_quality_mask,1000,661,1519,661000,1519000,3302.4244626412533,1.0,1.0,0.0,0.0,0.0,0.0,False,False
final_quality_mask,1000,661,1520,661000,1520000,3262.8611324081285,1.0,1.0,0.0,0.0,0.0,0.0,False,False
final_quality_mask,1000,661,1521,661000,1521000,1637.674341481807,1.0,1.0,0.0,0.0,0.0,0.0,False,False
final_quality_mask,1000,661,1522,661000,1522000,341.25038743725383,0.9984290690815063,0.8888876061182472,0.5360807845731301,37.91714746122888,37.381066676655735,0.0003303744652434052,False,False
final_quality_mask,1000,661,1523,661000,1523000,2509.6641117914423,0.99939252955603,0.9259270476877046,1.5245467722056674,185.89823007260665,184.3736833004009,0.001629497562287764,False,False
final_quality_mask,1000,661,1524,661000,1524000,6255.200353805679,1.0,1.0,0.0,0.0,0.0,0.0,False,False
final_quality_mask,1000,661,1525,661000,1525000,6328.876406231653,1.0,1.0,0.0,0.0,0.0,0.0,False,False
final_quality_mask,1000,661,1526,661000,1526000,4761.713596908869,1.0,1.0,0.0,0.0,0.0,0.0,False,False
final_quality_mask,1000,661,1527,661000,1527000,11113.133910026376,1.0,1.0,0.0,0.0,0.0,0.0,False,False
final_quality_mask,1000,661,1528,661000,1528000,11334.192178978497,1.0,1.0,0.0,0.0,0.0,0.0,False,False
final_quality_mask,1000,661,1529,661000,1529000,7646.733816239546,1.0,1.0,0.0,0.0,0.0,0.0,False,False
final_quality_mask,1000,661,1530,661000,1530000,9980.020989207416,1.0,1.0,0.0,0.0,0.0,0.0,False,False
final_quality_mask,1000,661,1531,661000,1531000,8926.2147609153,1.0,1.0,0.0,0.0,0.0,0.0,False,False
final_quality_mask,1000,661,1532,661000,1532000,13226.698520643358,1.0,1.0,0.0,0.0,0.0,0.0,False,False
final_quality_mask,1000,661,1533,661000,1533000,5964.268372667106,1.0,1.0,0.0,0.0,0.0,0.0,False,False
final_quality_mask,1000,661,1534,661000,1534000,6588.875769258936,1.0,1.0,0.0,0.0,0.0,0.0,False,False
final_quality_mask,1000,661,1535,661000,1535000,6598.770913487407,1.0,1.0,0.0,0.0,0.0,0.0,False,False
final_quality_mask,1000,661,1536,661000,1536000,6140.461232820803,1.0,1.0,0.0,0.0,0.0,0.0,False,False
final_quality_mask,1000,661,1537,661000,1537000,9300.994235164811,1.0,1.0,0.0,0.0,0.0,0.0,False,False
final_quality_mask,1000,661,1538,661000,1538000,18994.948592394674,1.0,1.0,0.0,0.0,0.0,0.0,False,False
final_quality_mask,1000,661,1539,661000,1539000,25714.288389891623,1.0,1.0,0.0,0.0,0.0,0.0,False,False
final_quality_mask,1000,661,1540,661000,1540000,14825.888362512696,0.9952628131332875,0.9651163848585966,70.23300363824092,517.1805837673039,446.94758012906277,0.00395012986264477,False,False
final_quality_mask,1000,661,1541,661000,1541000,15142.424565159388,1.0,1.0,0.0,0.0,0.0,0.0,False,False
final_quality_mask,1000,661,1542,661000,1542000,17543.38673009028,1.0,1.0,0.0,0.0,0.0,0.0,False,False
final_quality_mask,1000,661,1543,661000,1543000,14807.03938578614,1.0,1.0,0.0,0.0,0.0,0.0,False,False
final_quality_mask,1000,661,1544,661000,1544000,24689.376079809957,1.0,1.0,0.0,0.0,0.0,0.0,False,False
final_quality_mask,1000,661,1545,661000,1545000,28607.773488367384,1.0,1.0,0.0,0.0,0.0,0.0,False,False
final_quality_mask,1000,661,1546,661000,1546000,25278.070202663555,1.0,1.0,0.0,0.0,0.0,0.0,False,False
final_quality_mask,1000,661,1547,661000,1547000,13070.354475040998,1.0,1.0,0.0,0.0,0.0,0.0,False,False
final_quality_mask,1000,661,1548,661000,1548000,25522.711345031254,1.0,1.0,0.0,0.0,0.0,0.0,False,False
final_quality_mask,1000,661,1549,661000,1549000,10544.149042060077,1.0,1.0,0.0,0.0,0.0,0.0,False,False
final_quality_mask,1000,661,1550,661000,1550000,17261.82844097178,1.0,1.0,0.0,0.0,0.0,0.0,False,False
final_quality_mask,1000,661,1551,661000,1551000,8916.989059091953,1.0,1.0,0.0,0.0,0.0,0.0,False,False
final_quality_mask,1000,661,1552,661000,1552000,4503.323231738297,1.0,1.0,0.0,0.0,0.0,0.0,False,False
final_quality_mask,1000,661,1553,661000,1553000,13376.155486022955,1.0,1.0,0.0,0.0,0.0,0.0,False,False
final_quality_mask,1000,662,1509,662000,1509000,368.2616407466434,1.0,1.0,0.0,0.0,0.0,0.0,False,False
final_quality_mask,1000,662,1510,662000,1510000,355.00346691364314,0.9967352383986242,0.9506165834828899,1.1590016871349462,17.53128407161455,16.372282384479604,0.00014469849360837934,False,False
final_quality_mask,1000,662,1511,662000,1511000,551.4005812454627,0.9968456846576051,0.9753090728057573,1.7392913132280228,13.61459160639483,11.875300293166788,0.00010495409395071935,False,False
final_quality_mask,1000,662,1512,662000,1512000,197.00507574679602,1.0,1.0,0.0,0.0,0.0,0.0,False,False
final_quality_mask,1000,662,1513,662000,1513000,137.56061513588776,0.5253939887641511,0.29629489800657577,65.28709485279343,96.80210670447806,31.51501185168464,0.0002785301788657083,False,True
final_quality_mask,1000,662,1514,662000,1514000,178.85829258170548,0.9594398208660092,0.8888905549724813,7.254524386713712,19.872845627322867,12.618321240609163,0.00011152092496972877,False,False
final_quality_mask,1000,662,1515,662000,1515000,803.0435099383479,1.0,1.0,0.0,0.0,0.0,0.0,False,False
final_quality_mask,1000,662,1516,662000,1516000,792.8801520889936,1.0,1.0,0.0,0.0,0.0,0.0,False,False
final_quality_mask,1000,662,1517,662000,1517000,544.2151765243874,1.0,1.0,0.0,0.0,0.0,0.0,False,False
final_quality_mask,1000,662,1518,662000,1518000,2536.625966334833,1.0,1.0,0.0,0.0,0.0,0.0,False,False
final_quality_mask,1000,662,1519,662000,1519000,3125.9590864323864,1.0,1.0,0.0,0.0,0.0,0.0,False,False
final_quality_mask,1000,662,1520,662000,1520000,2833.3020216599643,1.0,1.0,0.0,0.0,0.0,0.0,False,False
final_quality_mask,1000,662,1521,662000,1521000,1802.9594926434002,1.0,1.0,0.0,0.0,0.0,0.0,False,False
final_quality_mask,1000,662,1522,662000,1522000,3096.200795609161,1.0,1.0,0.0,0.0,0.0,0.0,False,False
final_quality_mask,1000,662,1523,662000,1523000,4809.419344581315,1.0,1.0,0.0,0.0,0.0,0.0,False,False
final_quality_mask,1000,662,1524,662000,1524000,8359.98164924037,1.0,1.0,0.0,0.0,0.0,0.0,False,False
final_quality_mask,1000,662,1525,662000,1525000,7921.992209030759,1.0,1.0,0.0,0.0,0.0,0.0,False,False
final_quality_mask,1000,662,1526,662000,1526000,6449.070456808826,1.0,1.0,0.0,0.0,0.0,0.0,False,False
final_quality_mask,1000,662,1527,662000,1527000,9107.494666614708,1.0,1.0,0.0,0.0,0.0,0.0,False,False
final_quality_mask,1000,662,1528,662000,1528000,11199.217556311003,1.0,1.0,0.0,0.0,0.0,0.0,False,False
final_quality_mask,1000,662,1529,662000,1529000,8944.223420537659,1.0,1.0,0.0,0.0,0.0,0.0,False,False
final_quality_mask,1000,662,1530,662000,1530000,13917.900297089669,1.0,1.0,0.0,0.0,0.0,0.0,False,False
final_quality_mask,1000,662,1531,662000,1531000,10050.902097085456,0.989171680939647,0.9876541616115824,108.8343747516119,124.08681294842488,15.252438196812363,0.0001348012927645216,False,False
final_quality_mask,1000,662,1532,662000,1532000,11195.483554263252,1.0,1.0,0.0,0.0,0.0,0.0,False,False
final_quality_mask,1000,662,1533,662000,1533000,15005.369408461986,1.0,1.0,0.0,0.0,0.0,0.0,False,False
final_quality_mask,1000,662,1534,662000,1534000,9618.721001759344,1.0,1.0,0.0,0.0,0.0,0.0,False,False
final_quality_mask,1000,662,1535,662000,1535000,5860.549223200904,0.9992773051584588,0.9629634398282415,4.235388692205561,217.05458394463275,212.81919525242756,0.0018808994519399524,False,False
final_quality_mask,1000,662,1536,662000,1536000,6780.5797636182715,1.0,1.0,0.0,0.0,0.0,0.0,False,False
final_quality_mask,1000,662,1537,662000,1537000,19068.196627662892,1.0,1.0,0.0,0.0,0.0,0.0,False,False
final_quality_mask,1000,662,1538,662000,1538000,15648.076300679566,1.0,1.0,0.0,0.0,0.0,0.0,False,False
final_quality_mask,1000,662,1539,662000,1539000,14833.88868760971,0.9783279233912375,0.9888890315599065,321.48117204373193,164.8188690518917,-156.662302991841,-0.0013845839398438536,False,False
final_quality_mask,1000,662,1540,662000,1540000,16920.280494171595,0.9667744794166834,0.9782605077793123,562.1851278345894,367.8383061748975,-194.34682165969207,-0.0017176403186395228,False,False
final_quality_mask,1000,662,1541,662000,1541000,22691.410058900583,0.6024104082209483,0.663158726211188,9021.868462209351,7643.403468304334,-1378.4649939050178,-0.012182895666338081,False,False
final_quality_mask,1000,662,1542,662000,1542000,19531.227210249355,1.0,1.0,0.0,0.0,0.0,0.0,False,False
final_quality_mask,1000,662,1543,662000,1543000,15117.775164150064,1.0,1.0,0.0,0.0,0.0,0.0,False,False
final_quality_mask,1000,662,1544,662000,1544000,22114.351519512264,1.0,1.0,0.0,0.0,0.0,0.0,False,False
final_quality_mask,1000,662,1545,662000,1545000,22544.342797840935,0.9841406130428244,0.9876543209752829,357.5394561261746,278.32522000533595,-79.2142361208389,-0.0007000966859629563,False,False
final_quality_mask,1000,662,1546,662000,1546000,18714.02552138491,1.0,1.0,0.0,0.0,0.0,0.0,False,False
final_quality_mask,1000,662,1547,662000,1547000,15596.80808875278,0.9994083019714456,0.9876544786381504,9.228600597856712,192.55072743636657,183.32212683850958,0.0016202038894566582,False,False
final_quality_mask,1000,662,1548,662000,1548000,23602.757413668787,1.0,1.0,0.0,0.0,0.0,0.0,False,False
final_quality_mask,1000,662,1549,662000,1549000,9563.33919078029,0.9999782106346018,0.9753084845287254,0.20837909205511096,236.133337586198,235.92495849414263,0.0020851085570747037,False,False
final_quality_mask,1000,662,1550,662000,1550000,14452.65706748148,1.0,1.0,0.0,0.0,0.0,0.0,False,False
final_quality_mask,1000,662,1551,662000,1551000,14606.206000159993,1.0,1.0,0.0,0.0,0.0,0.0,False,False
final_quality_mask,1000,662,1552,662000,1552000,12175.605381528412,1.0,1.0,0.0,0.0,0.0,0.0,False,False
final_quality_mask,1000,662,1553,662000,1553000,10715.35481561068,1.0,1.0,0.0,0.0,0.0,0.0,False,False
final_quality_mask,1000,663,1509,663000,1509000,130.5326000166112,0.863643509600317,0.466666666667601,17.798967221010713,69.61738667540403,51.81841945439331,0.0004579720200358721,False,True
final_quality_mask,1000,663,1510,663000,1510000,245.13107952464617,0.9081198034161672,0.703706182551395,22.522691775531655,72.63082332765498,50.108131552123325,0.00044285646819749796,False,False
final_quality_mask,1000,663,1511,663000,1511000,147.73607757974085,0.9989871231413024,0.9506178763024349,0.14963845417526045,7.295521257635839,7.14588280346058,6.31554265239748e-05,False,False
final_quality_mask,1000,663,1512,663000,1512000,1631.538574125828,1.0,1.0,0.0,0.0,0.0,0.0,False,False
final_quality_mask,1000,663,1513,663000,1513000,574.1196165117077,0.9983044890627938,0.9753083730945656,0.97342608906024,14.17594736999814,13.202521280937844,0.00011668409427113596,False,False
final_quality_mask,1000,663,1514,663000,1514000,1134.0855456643396,0.9980982459066403,0.9876545359712592,2.15675182868722,14.000812309514005,11.844060480826784,0.00010467799598954002,False,False
final_quality_mask,1000,663,1515,663000,1515000,1702.1198824848295,1.0,1.0,0.0,0.0,0.0,0.0,False,False
final_quality_mask,1000,663,1516,663000,1516000,2952.961388156075,1.0,1.0,0.0,0.0,0.0,0.0,False,False
final_quality_mask,1000,663,1517,663000,1517000,2647.433330415861,0.9997823542159268,0.9479163484565731,0.5762027029800265,137.8879950658338,137.3117923628538,0.0012135638173701732,False,False
final_quality_mask,1000,663,1518,663000,1518000,2737.8338357524435,1.0,1.0,0.0,0.0,0.0,0.0,False,False
final_quality_mask,1000,663,1519,663000,1519000,2940.7470384804114,1.0,1.0,0.0,0.0,0.0,0.0,False,False
final_quality_mask,1000,663,1520,663000,1520000,3383.471370630594,1.0,1.0,0.0,0.0,0.0,0.0,False,False
final_quality_mask,1000,663,1521,663000,1521000,3023.5489777039675,1.0,1.0,0.0,0.0,0.0,0.0,False,False
final_quality_mask,1000,663,1522,663000,1522000,6997.565455041487,1.0,1.0,0.0,0.0,0.0,0.0,False,False
final_quality_mask,1000,663,1523,663000,1523000,6043.347457231826,1.0,1.0,0.0,0.0,0.0,0.0,False,False
final_quality_mask,1000,663,1524,663000,1524000,6422.397994938873,1.0,1.0,0.0,0.0,0.0,0.0,False,False
final_quality_mask,1000,663,1525,663000,1525000,6624.732662073264,1.0,1.0,0.0,0.0,0.0,0.0,False,False
final_quality_mask,1000,663,1526,663000,1526000,4828.186954228149,1.0,1.0,0.0,0.0,0.0,0.0,False,False
final_quality_mask,1000,663,1527,663000,1527000,10440.746480201122,1.0,1.0,0.0,0.0,0.0,0.0,False,False
final_quality_mask,1000,663,1528,663000,1528000,11095.712882273709,1.0,1.0,0.0,0.0,0.0,0.0,False,False
final_quality_mask,1000,663,1529,663000,1529000,10393.2788798167,1.0,1.0,0.0,0.0,0.0,0.0,False,False
final_quality_mask,1000,663,1530,663000,1530000,13682.874155645035,1.0,1.0,0.0,0.0,0.0,0.0,False,False
final_quality_mask,1000,663,1531,663000,1531000,14511.022267852766,1.0,1.0,0.0,0.0,0.0,0.0,False,False
final_quality_mask,1000,663,1532,663000,1532000,11715.898409306255,1.0,1.0,0.0,0.0,0.0,0.0,False,False
final_quality_mask,1000,663,1533,663000,1533000,9399.23162998646,1.0,1.0,0.0,0.0,0.0,0.0,False,False
final_quality_mask,1000,663,1534,663000,1534000,17551.671055475956,1.0,1.0,0.0,0.0,0.0,0.0,False,False
final_quality_mask,1000,663,1535,663000,1535000,6804.992418394242,0.9921552462851903,0.9666668573824051,53.38348955345009,226.83178279398732,173.44829324053717,0.0015329387901739338,False,False
final_quality_mask,1000,663,1536,663000,1536000,15994.343861601774,1.0,1.0,0.0,0.0,0.0,0.0,False,False
final_quality_mask,1000,663,1537,663000,1537000,14305.058313749307,1.0,1.0,0.0,0.0,0.0,0.0,False,False
final_quality_mask,1000,663,1538,663000,1538000,14718.555578102112,1.0,1.0,0.0,0.0,0.0,0.0,False,False
final_quality_mask,1000,663,1539,663000,1539000,16190.615595620022,1.0,1.0,0.0,0.0,0.0,0.0,False,False
final_quality_mask,1000,663,1540,663000,1540000,8903.068111446659,1.0,1.0,0.0,0.0,0.0,0.0,False,False
final_quality_mask,1000,663,1541,663000,1541000,16690.759954663332,1.0,1.0,0.0,0.0,0.0,0.0,False,False
final_quality_mask,1000,663,1542,663000,1542000,26348.707261816497,1.0,1.0,0.0,0.0,0.0,0.0,False,False
final_quality_mask,1000,663,1543,663000,1543000,15749.089250503637,1.0,1.0,0.0,0.0,0.0,0.0,False,False
final_quality_mask,1000,663,1544,663000,1544000,13898.274912028242,1.0,1.0,0.0,0.0,0.0,0.0,False,False
final_quality_mask,1000,663,1545,663000,1545000,19557.029415464895,1.0,1.0,0.0,0.0,0.0,0.0,False,False
final_quality_mask,1000,663,1546,663000,1546000,24110.608017254315,1.0,1.0,0.0,0.0,0.0,0.0,False,False
final_quality_mask,1000,663,1547,663000,1547000,20775.93036262924,1.0,1.0,0.0,0.0,0.0,0.0,False,False
final_quality_mask,1000,663,1548,663000,1548000,24032.75789983647,1.0,1.0,0.0,0.0,0.0,0.0,False,False
final_quality_mask,1000,663,1549,663000,1549000,12471.772828723055,0.9999958102408755,0.975308327126137,0.05225372400855122,307.94893484396243,307.8966811199534,0.0027211957929158875,False,False
final_quality_mask,1000,663,1550,663000,1550000,12507.788185511572,1.0,1.0,0.0,0.0,0.0,0.0,False,False
final_quality_mask,1000,663,1551,663000,1551000,16134.047017160032,1.0,1.0,0.0,0.0,0.0,0.0,False,False
final_quality_mask,1000,663,1552,663000,1552000,11250.38958514181,1.0,1.0,0.0,0.0,0.0,0.0,False,False
final_quality_mask,1000,663,1553,663000,1553000,9045.098454570554,1.0,1.0,0.0,0.0,0.0,0.0,False,False
final_quality_mask,1000,664,1509,664000,1509000,626.3379404763227,0.9984209251498912,0.7555559437171389,0.9890344894751024,153.10458677388556,152.11555228441046,0.0013443996843608363,False,False
final_quality_mask,1000,664,1510,664000,1510000,947.2441355710487,0.992561027385553,0.9259264109073859,7.046523183708587,70.16577286867829,63.119249684969645,0.0005578489383840775,False,False
final_quality_mask,1000,664,1511,664000,1511000,1030.48636823635,1.0,1.0,0.0,0.0,0.0,0.0,False,False
final_quality_mask,1000,664,1512,664000,1512000,3348.059870340789,1.0,1.0,0.0,0.0,0.0,0.0,False,False
final_quality_mask,1000,664,1513,664000,1513000,2784.884632054658,1.0,1.0,0.0,0.0,0.0,0.0,False,False
final_quality_mask,1000,664,1514,664000,1514000,2289.7575885012875,1.0,1.0,0.0,0.0,0.0,0.0,False,False
final_quality_mask,1000,664,1515,664000,1515000,2497.6770649133864,1.0,1.0,0.0,0.0,0.0,0.0,False,False
final_quality_mask,1000,664,1516,664000,1516000,1283.8816463922833,1.0,1.0,0.0,0.0,0.0,0.0,False,False
final_quality_mask,1000,664,1517,664000,1517000,3377.9336576285914,1.0,1.0,0.0,0.0,0.0,0.0,False,False
final_quality_mask,1000,664,1518,664000,1518000,2612.7806888923396,1.0,1.0,0.0,0.0,0.0,0.0,False,False
final_quality_mask,1000,664,1519,664000,1519000,3154.072519647111,1.0,1.0,0.0,0.0,0.0,0.0,False,False
final_quality_mask,1000,664,1520,664000,1520000,3634.379685813341,1.0,1.0,0.0,0.0,0.0,0.0,False,False
final_quality_mask,1000,664,1521,664000,1521000,2976.0647259157195,1.0,1.0,0.0,0.0,0.0,0.0,False,False
final_quality_mask,1000,664,1522,664000,1522000,6196.581824133164,1.0,1.0,0.0,0.0,0.0,0.0,False,False
final_quality_mask,1000,664,1523,664000,1523000,5144.549276990417,1.0,1.0,0.0,0.0,0.0,0.0,False,False
final_quality_mask,1000,664,1524,664000,1524000,6421.603695909298,1.0,1.0,0.0,0.0,0.0,0.0,False,False
final_quality_mask,1000,664,1525,664000,1525000,7297.74096521913,1.0,1.0,0.0,0.0,0.0,0.0,False,False
final_quality_mask,1000,664,1526,664000,1526000,5408.977722131397,1.0,1.0,0.0,0.0,0.0,0.0,False,False
final_quality_mask,1000,664,1527,664000,1527000,8620.941361401992,1.0,1.0,0.0,0.0,0.0,0.0,False,False
final_quality_mask,1000,664,1528,664000,1528000,9604.868799941109,1.0,1.0,0.0,0.0,0.0,0.0,False,False
final_quality_mask,1000,664,1529,664000,1529000,12059.721988267007,1.0,1.0,0.0,0.0,0.0,0.0,False,False
final_quality_mask,1000,664,1530,664000,1530000,16369.093152232215,1.0,1.0,0.0,0.0,0.0,0.0,False,False
final_quality_mask,1000,664,1531,664000,1531000,10116.957652502157,1.0,1.0,0.0,0.0,0.0,0.0,False,False
final_quality_mask,1000,664,1532,664000,1532000,11091.904341336503,1.0,1.0,0.0,0.0,0.0,0.0,False,False
final_quality_mask,1000,664,1533,664000,1533000,11437.848312562155,1.0,1.0,0.0,0.0,0.0,0.0,False,False
final_quality_mask,1000,664,1534,664000,1534000,14022.21086474851,1.0,1.0,0.0,0.0,0.0,0.0,False,False
final_quality_mask,1000,664,1535,664000,1535000,18814.821044314187,1.0,1.0,0.0,0.0,0.0,0.0,False,False
final_quality_mask,1000,664,1536,664000,1536000,17338.509195191564,1.0,1.0,0.0,0.0,0.0,0.0,False,False
final_quality_mask,1000,664,1537,664000,1537000,13887.484248249866,0.8450706401145559,0.839504109366946,2151.579045000539,2228.884153075371,77.30510807483188,0.0006832237817535469,False,False
final_quality_mask,1000,664,1538,664000,1538000,13514.459505122619,0.9512190975889843,0.9629635975217753,659.247530257011,500.5269615073908,-158.72056874962072,-0.0014027749255355472,False,False
final_quality_mask,1000,664,1539,664000,1539000,14674.762641391022,1.0,1.0,0.0,0.0,0.0,0.0,False,False
final_quality_mask,1000,664,1540,664000,1540000,8873.193871655065,1.0,1.0,0.0,0.0,0.0,0.0,False,False
final_quality_mask,1000,664,1541,664000,1541000,11027.708827037966,1.0,1.0,0.0,0.0,0.0,0.0,False,False
final_quality_mask,1000,664,1542,664000,1542000,14474.144944359465,1.0,1.0,0.0,0.0,0.0,0.0,False,False
final_quality_mask,1000,664,1543,664000,1543000,14247.471004977147,1.0,1.0,0.0,0.0,0.0,0.0,False,False
final_quality_mask,1000,664,1544,664000,1544000,18666.908976895636,1.0,1.0,0.0,0.0,0.0,0.0,False,False
final_quality_mask,1000,664,1545,664000,1545000,27650.595879870307,1.0,1.0,0.0,0.0,0.0,0.0,False,False
final_quality_mask,1000,664,1546,664000,1546000,21568.49042375528,1.0,1.0,0.0,0.0,0.0,0.0,False,False
final_quality_mask,1000,664,1547,664000,1547000,23726.57159889773,1.0,1.0,0.0,0.0,0.0,0.0,False,False
final_quality_mask,1000,664,1548,664000,1548000,20837.523606194918,1.0,1.0,0.0,0.0,0.0,0.0,False,False
final_quality_mask,1000,664,1549,664000,1549000,15156.396771130861,1.0,1.0,0.0,0.0,0.0,0.0,False,False
final_quality_mask,1000,664,1550,664000,1550000,6282.8421630605935,0.9999993425627285,0.9759037593420486,0.0041305746090074535,151.3928767770317,151.38874620242223,0.001337976160582087,False,False
final_quality_mask,1000,664,1551,664000,1551000,15288.589555523366,1.0,1.0,0.0,0.0,0.0,0.0,False,False
final_quality_mask,1000,664,1552,664000,1552000,16866.990538728805,1.0,1.0,0.0,0.0,0.0,0.0,False,False
final_quality_mask,1000,664,1553,664000,1553000,12426.78819379198,1.0,1.0,0.0,0.0,0.0,0.0,False,False
final_quality_mask,1000,665,1509,665000,1509000,1854.0740203748587,1.0,1.0,0.0,0.0,0.0,0.0,False,False
final_quality_mask,1000,665,1510,665000,1510000,3638.401032196682,1.0,1.0,0.0,0.0,0.0,0.0,False,False
final_quality_mask,1000,665,1511,665000,1511000,1982.5854355795157,1.0,1.0,0.0,0.0,0.0,0.0,False,False
final_quality_mask,1000,665,1512,665000,1512000,4699.743011819094,1.0,1.0,0.0,0.0,0.0,0.0,False,False
final_quality_mask,1000,665,1513,665000,1513000,3495.7635370364856,1.0,1.0,0.0,0.0,0.0,0.0,False,False
final_quality_mask,1000,665,1514,665000,1514000,2187.433150460436,1.0,1.0,0.0,0.0,0.0,0.0,False,False
final_quality_mask,1000,665,1515,665000,1515000,3137.380805997493,1.0,1.0,0.0,0.0,0.0,0.0,False,False
final_quality_mask,1000,665,1516,665000,1516000,1783.6180713015099,1.0,1.0,0.0,0.0,0.0,0.0,False,False
final_quality_mask,1000,665,1517,665000,1517000,2018.6669628790116,1.0,1.0,0.0,0.0,0.0,0.0,False,False
final_quality_mask,1000,665,1518,665000,1518000,2058.750815240944,1.0,1.0,0.0,0.0,0.0,0.0,False,False
final_quality_mask,1000,665,1519,665000,1519000,3790.2350914473755,1.0,1.0,0.0,0.0,0.0,0.0,False,False
final_quality_mask,1000,665,1520,665000,1520000,3831.197623778559,1.0,1.0,0.0,0.0,0.0,0.0,False,False
final_quality_mask,1000,665,1521,665000,1521000,2987.611617554697,1.0,1.0,0.0,0.0,0.0,0.0,False,False
final_quality_mask,1000,665,1522,665000,1522000,6246.810536096539,1.0,1.0,0.0,0.0,0.0,0.0,False,False
final_quality_mask,1000,665,1523,665000,1523000,7458.167305359137,1.0,1.0,0.0,0.0,0.0,0.0,False,False
final_quality_mask,1000,665,1524,665000,1524000,7512.128026494045,1.0,1.0,0.0,0.0,0.0,0.0,False,False
final_quality_mask,1000,665,1525,665000,1525000,10924.700589167413,1.0,1.0,0.0,0.0,0.0,0.0,False,False
final_quality_mask,1000,665,1526,665000,1526000,7577.755139330827,1.0,1.0,0.0,0.0,0.0,0.0,False,False
final_quality_mask,1000,665,1527,665000,1527000,9311.3888925719,1.0,1.0,0.0,0.0,0.0,0.0,False,False
final_quality_mask,1000,665,1528,665000,1528000,14535.867293274134,1.0,1.0,0.0,0.0,0.0,0.0,False,False
final_quality_mask,1000,665,1529,665000,1529000,13070.676827961608,1.0,1.0,0.0,0.0,0.0,0.0,False,False
final_quality_mask,1000,665,1530,665000,1530000,16002.005613544077,1.0,1.0,0.0,0.0,0.0,0.0,False,False
final_quality_mask,1000,665,1531,665000,1531000,15856.57968619384,1.0,1.0,0.0,0.0,0.0,0.0,False,False
final_quality_mask,1000,665,1532,665000,1532000,8393.882680468492,1.0,1.0,0.0,0.0,0.0,0.0,False,False
final_quality_mask,1000,665,1533,665000,1533000,13535.764940120938,1.0,1.0,0.0,0.0,0.0,0.0,False,False
final_quality_mask,1000,665,1534,665000,1534000,15469.700392549848,1.0,1.0,0.0,0.0,0.0,0.0,False,False
final_quality_mask,1000,665,1535,665000,1535000,18730.099122643343,1.0,1.0,0.0,0.0,0.0,0.0,False,False
final_quality_mask,1000,665,1536,665000,1536000,18406.9844817772,0.9811007784646412,0.975308694899318,347.8776775190199,454.49246982307903,106.61479230405894,0.0009422632398151074,False,False
final_quality_mask,1000,665,1537,665000,1537000,12719.68025324135,0.8836716334530158,0.901233033571178,1479.6596268594967,1256.2842325572383,-223.37539430225843,-0.001974195308001458,False,False
final_quality_mask,1000,665,1538,665000,1538000,15227.832590179767,0.9489327559509463,0.938272609647968,777.6434432208443,939.9743665094211,162.33092328857674,0.0014346832967028038,False,False
final_quality_mask,1000,665,1539,665000,1539000,20376.363465587703,1.0,1.0,0.0,0.0,0.0,0.0,False,False
final_quality_mask,1000,665,1540,665000,1540000,22383.41369897303,1.0,1.0,0.0,0.0,0.0,0.0,False,False
final_quality_mask,1000,665,1541,665000,1541000,27716.71515892614,1.0,1.0,0.0,0.0,0.0,0.0,False,False
final_quality_mask,1000,665,1542,665000,1542000,23457.550015549914,1.0,1.0,0.0,0.0,0.0,0.0,False,False
final_quality_mask,1000,665,1543,665000,1543000,10207.576093335907,1.0,1.0,0.0,0.0,0.0,0.0,False,False
final_quality_mask,1000,665,1544,665000,1544000,15661.427009508237,1.0,1.0,0.0,0.0,0.0,0.0,False,False
final_quality_mask,1000,665,1545,665000,1545000,35309.961472024544,1.0,1.0,0.0,0.0,0.0,0.0,False,False
final_quality_mask,1000,665,1546,665000,1546000,25115.436195511393,1.0,1.0,0.0,0.0,0.0,0.0,False,False
final_quality_mask,1000,665,1547,665000,1547000,20989.0410335429,1.0,1.0,0.0,0.0,0.0,0.0,False,False
final_quality_mask,1000,665,1548,665000,1548000,22697.78212923514,1.0,1.0,0.0,0.0,0.0,0.0,False,False
final_quality_mask,1000,665,1549,665000,1549000,18325.16422328723,1.0,1.0,0.0,0.0,0.0,0.0,False,False
final_quality_mask,1000,665,1550,665000,1550000,16064.797436098688,1.0,1.0,0.0,0.0,0.0,0.0,False,False
final_quality_mask,1000,665,1551,665000,1551000,9442.61741321205,1.0,1.0,0.0,0.0,0.0,0.0,False,False
final_quality_mask,1000,665,1552,665000,1552000,17916.389447306374,1.0,1.0,0.0,0.0,0.0,0.0,False,False
final_quality_mask,1000,665,1553,665000,1553000,6131.811696598109,1.0,1.0,0.0,0.0,0.0,0.0,False,False
final_quality_mask,1000,666,1509,666000,1509000,1395.7401713953564,1.0,1.0,0.0,0.0,0.0,0.0,False,False
final_quality_mask,1000,666,1510,666000,1510000,1395.907039039661,1.0,1.0,0.0,0.0,0.0,0.0,False,False
final_quality_mask,1000,666,1511,666000,1511000,1286.7893517003542,1.0,1.0,0.0,0.0,0.0,0.0,False,False
final_quality_mask,1000,666,1512,666000,1512000,2662.4911717400837,1.0,1.0,0.0,0.0,0.0,0.0,False,False
final_quality_mask,1000,666,1513,666000,1513000,1503.6373222947461,1.0,1.0,0.0,0.0,0.0,0.0,False,False
final_quality_mask,1000,666,1514,666000,1514000,1238.252418668746,1.0,1.0,0.0,0.0,0.0,0.0,False,False
final_quality_mask,1000,666,1515,666000,1515000,834.3433764351419,0.9999692134493083,0.9753087493652097,0.025686554652907034,20.600981423037258,20.57529486838439,0.00018184478517336972,False,False
final_quality_mask,1000,666,1516,666000,1516000,2133.839852870793,1.0,1.0,0.0,0.0,0.0,0.0,False,False
final_quality_mask,1000,666,1517,666000,1517000,421.60494667387877,1.0,1.0,0.0,0.0,0.0,0.0,False,False
final_quality_mask,1000,666,1518,666000,1518000,1376.8675157420105,1.0,1.0,0.0,0.0,0.0,0.0,False,False
final_quality_mask,1000,666,1519,666000,1519000,1557.7940582575043,1.0,1.0,0.0,0.0,0.0,0.0,False,False
final_quality_mask,1000,666,1520,666000,1520000,3828.31886314178,1.0,1.0,0.0,0.0,0.0,0.0,False,False
final_quality_mask,1000,666,1521,666000,1521000,6107.892788013436,1.0,1.0,0.0,0.0,0.0,0.0,False,False
final_quality_mask,1000,666,1522,666000,1522000,6126.873176574616,1.0,1.0,0.0,0.0,0.0,0.0,False,False
final_quality_mask,1000,666,1523,666000,1523000,12671.5026429975,1.0,1.0,0.0,0.0,0.0,0.0,False,False
final_quality_mask,1000,666,1524,666000,1524000,9103.978833515645,1.0,1.0,0.0,0.0,0.0,0.0,False,False
final_quality_mask,1000,666,1525,666000,1525000,5979.18944468557,1.0,1.0,0.0,0.0,0.0,0.0,False,False
final_quality_mask,1000,666,1526,666000,1526000,5428.885713612363,1.0,1.0,0.0,0.0,0.0,0.0,False,False
final_quality_mask,1000,666,1527,666000,1527000,6069.209610833255,1.0,1.0,0.0,0.0,0.0,0.0,False,False
final_quality_mask,1000,666,1528,666000,1528000,10913.619691120593,1.0,1.0,0.0,0.0,0.0,0.0,False,False
final_quality_mask,1000,666,1529,666000,1529000,11007.729510829035,1.0,1.0,0.0,0.0,0.0,0.0,False,False
final_quality_mask,1000,666,1530,666000,1530000,18422.415491535146,1.0,1.0,0.0,0.0,0.0,0.0,False,False
final_quality_mask,1000,666,1531,666000,1531000,14731.360703186128,1.0,1.0,0.0,0.0,0.0,0.0,False,False
final_quality_mask,1000,666,1532,666000,1532000,14898.383883016893,1.0,1.0,0.0,0.0,0.0,0.0,False,False
final_quality_mask,1000,666,1533,666000,1533000,11807.86848425234,1.0,1.0,0.0,0.0,0.0,0.0,False,False
final_quality_mask,1000,666,1534,666000,1534000,11878.59748886454,1.0,1.0,0.0,0.0,0.0,0.0,False,False
final_quality_mask,1000,666,1535,666000,1535000,16296.899615687,1.0,1.0,0.0,0.0,0.0,0.0,False,False
final_quality_mask,1000,666,1536,666000,1536000,10398.059485895326,0.9957549915655912,0.9876544268772495,44.139850219109576,128.37000371783054,84.23015349872185,0.0007444274439843172,False,False
final_quality_mask,1000,666,1537,666000,1537000,10560.0514243858,1.0,1.0,0.0,0.0,0.0,0.0,False,False
final_quality_mask,1000,666,1538,666000,1538000,24162.853913151303,1.0,1.0,0.0,0.0,0.0,0.0,False,False
final_quality_mask,1000,666,1539,666000,1539000,26547.326077016918,1.0,1.0,0.0,0.0,0.0,0.0,False,False
final_quality_mask,1000,666,1540,666000,1540000,21960.250908969992,1.0,1.0,0.0,0.0,0.0,0.0,False,False
final_quality_mask,1000,666,1541,666000,1541000,27568.24354884353,1.0,1.0,0.0,0.0,0.0,0.0,False,False
final_quality_mask,1000,666,1542,666000,1542000,23902.483476153335,1.0,1.0,0.0,0.0,0.0,0.0,False,False
final_quality_mask,1000,666,1543,666000,1543000,17627.360450852575,1.0,1.0,0.0,0.0,0.0,0.0,False,False
final_quality_mask,1000,666,1544,666000,1544000,7878.786069544251,1.0,1.0,0.0,0.0,0.0,0.0,False,False
final_quality_mask,1000,666,1545,666000,1545000,27597.58455407893,1.0,1.0,0.0,0.0,0.0,0.0,False,False
final_quality_mask,1000,666,1546,666000,1546000,28010.55585235709,1.0,1.0,0.0,0.0,0.0,0.0,False,False
final_quality_mask,1000,666,1547,666000,1547000,29347.174757120425,1.0,1.0,0.0,0.0,0.0,0.0,False,False
final_quality_mask,1000,666,1548,666000,1548000,26389.974122006894,1.0,1.0,0.0,0.0,0.0,0.0,False,False
final_quality_mask,1000,666,1549,666000,1549000,17166.587266362083,1.0,1.0,0.0,0.0,0.0,0.0,False,False
final_quality_mask,1000,666,1550,666000,1550000,17869.397747273255,1.0,1.0,0.0,0.0,0.0,0.0,False,False
final_quality_mask,1000,666,1551,666000,1551000,5835.037194486943,0.9249095600697455,0.9012345154495891,438.15550994342266,576.3002758831731,138.14476593975087,0.0012209256511672038,False,False
final_quality_mask,1000,666,1552,666000,1552000,8147.137653821093,1.0,1.0,0.0,0.0,0.0,0.0,False,False
final_quality_mask,1000,666,1553,666000,1553000,11307.017131292727,1.0,1.0,0.0,0.0,0.0,0.0,False,False
final_quality_mask,1000,667,1509,667000,1509000,1410.1823161125446,1.0,1.0,0.0,0.0,0.0,0.0,False,False
final_quality_mask,1000,667,1510,667000,1510000,1981.7645887949686,1.0,1.0,0.0,0.0,0.0,0.0,False,False
final_quality_mask,1000,667,1511,667000,1511000,1470.9016963568843,1.0,1.0,0.0,0.0,0.0,0.0,False,False
final_quality_mask,1000,667,1512,667000,1512000,303.2215980052069,1.0,1.0,0.0,0.0,0.0,0.0,False,False
final_quality_mask,1000,667,1513,667000,1513000,850.5235229378056,0.9998391388327175,0.8765413815421279,0.13681620670104166,105.00445910782376,104.86764290112274,0.0009268219054442013,False,False
final_quality_mask,1000,667,1514,667000,1514000,1690.0461041270282,0.999709087332344,0.9135816980448495,0.4916558206132322,146.05091454457533,145.5592587239621,0.0012864550569977927,False,False
final_quality_mask,1000,667,1515,667000,1515000,2326.5050353028464,1.0,1.0,0.0,0.0,0.0,0.0,False,False
final_quality_mask,1000,667,1516,667000,1516000,3932.152142215179,1.0,1.0,0.0,0.0,0.0,0.0,False,False
final_quality_mask,1000,667,1517,667000,1517000,788.4078238118076,1.0,1.0,0.0,0.0,0.0,0.0,False,False
final_quality_mask,1000,667,1518,667000,1518000,2790.9388615017715,1.0,1.0,0.0,0.0,0.0,0.0,False,False
final_quality_mask,1000,667,1519,667000,1519000,2726.378325434962,1.0,1.0,0.0,0.0,0.0,0.0,False,False
final_quality_mask,1000,667,1520,667000,1520000,5799.323876809396,1.0,1.0,0.0,0.0,0.0,0.0,False,False
final_quality_mask,1000,667,1521,667000,1521000,6698.029978831685,1.0,1.0,0.0,0.0,0.0,0.0,False,False
final_quality_mask,1000,667,1522,667000,1522000,5786.711833665413,1.0,1.0,0.0,0.0,0.0,0.0,False,False
final_quality_mask,1000,667,1523,667000,1523000,4211.791769448075,1.0,1.0,0.0,0.0,0.0,0.0,False,False
final_quality_mask,1000,667,1524,667000,1524000,8616.40003790171,1.0,1.0,0.0,0.0,0.0,0.0,False,False
final_quality_mask,1000,667,1525,667000,1525000,9297.283498506165,1.0,1.0,0.0,0.0,0.0,0.0,False,False
final_quality_mask,1000,667,1526,667000,1526000,7840.851548562617,1.0,1.0,0.0,0.0,0.0,0.0,False,False
final_quality_mask,1000,667,1527,667000,1527000,6171.853414336486,1.0,1.0,0.0,0.0,0.0,0.0,False,False
final_quality_mask,1000,667,1528,667000,1528000,11260.021767197999,1.0,1.0,0.0,0.0,0.0,0.0,False,False
final_quality_mask,1000,667,1529,667000,1529000,14592.549384138847,1.0,1.0,0.0,0.0,0.0,0.0,False,False
final_quality_mask,1000,667,1530,667000,1530000,15502.176774985759,1.0,1.0,0.0,0.0,0.0,0.0,False,False
final_quality_mask,1000,667,1531,667000,1531000,13247.229067313834,1.0,1.0,0.0,0.0,0.0,0.0,False,False
final_quality_mask,1000,667,1532,667000,1532000,18717.644668315985,1.0,1.0,0.0,0.0,0.0,0.0,False,False
final_quality_mask,1000,667,1533,667000,1533000,10989.77610574087,1.0,1.0,0.0,0.0,0.0,0.0,False,False
final_quality_mask,1000,667,1534,667000,1534000,10027.451194918469,1.0,1.0,0.0,0.0,0.0,0.0,False,False
final_quality_mask,1000,667,1535,667000,1535000,5424.510258153384,1.0,1.0,0.0,0.0,0.0,0.0,False,False
final_quality_mask,1000,667,1536,667000,1536000,4575.542677510751,1.0,1.0,0.0,0.0,0.0,0.0,False,False
final_quality_mask,1000,667,1537,667000,1537000,14442.715501983508,1.0,1.0,0.0,0.0,0.0,0.0,False,False
final_quality_mask,1000,667,1538,667000,1538000,21964.31260378056,1.0,1.0,0.0,0.0,0.0,0.0,False,False
final_quality_mask,1000,667,1539,667000,1539000,14937.601707747734,1.0,1.0,0.0,0.0,0.0,0.0,False,False
final_quality_mask,1000,667,1540,667000,1540000,20306.52282324142,1.0,1.0,0.0,0.0,0.0,0.0,False,False
final_quality_mask,1000,667,1541,667000,1541000,20344.20533191005,1.0,1.0,0.0,0.0,0.0,0.0,False,False
final_quality_mask,1000,667,1542,667000,1542000,15960.33576013999,1.0,1.0,0.0,0.0,0.0,0.0,False,False
final_quality_mask,1000,667,1543,667000,1543000,28925.3154871582,1.0,1.0,0.0,0.0,0.0,0.0,False,False
final_quality_mask,1000,667,1544,667000,1544000,16481.49809493336,1.0,1.0,0.0,0.0,0.0,0.0,False,False
final_quality_mask,1000,667,1545,667000,1545000,18959.68080506418,1.0,1.0,0.0,0.0,0.0,0.0,False,False
final_quality_mask,1000,667,1546,667000,1546000,23530.072314537,1.0,1.0,0.0,0.0,0.0,0.0,False,False
final_quality_mask,1000,667,1547,667000,1547000,8810.496604923097,0.9999806668038362,0.9753082741285475,0.17033505916333525,217.54636696012423,217.3760319009616,0.0019211728471317793,False,False
final_quality_mask,1000,667,1548,667000,1548000,6846.209953069344,0.9992176717894431,0.9302328916816763,5.35598318168195,477.64027136577454,472.2842881840925,0.004174056093726241,False,False
final_quality_mask,1000,667,1549,667000,1549000,10824.777019831614,1.0,1.0,0.0,0.0,0.0,0.0,False,False
final_quality_mask,1000,667,1550,667000,1550000,7470.627186961035,0.9920314149435309,0.9222215614388842,59.53032816447012,581.05371767405,521.5233895095798,0.0046092320588795475,False,False
final_quality_mask,1000,667,1551,667000,1551000,8100.947487306251,0.9823764268302412,0.9333341823293295,142.76764078691576,540.0562881484346,397.288647361519,0.0035112434204908603,False,False
final_quality_mask,1000,667,1552,667000,1552000,2191.7182645467715,0.9992226982274611,0.8666654883256009,1.7036264919379391,292.2316845312053,290.5280580392673,0.002567691624296767,False,False
final_quality_mask,1000,667,1553,667000,1553000,12268.622323098156,1.0,1.0,0.0,0.0,0.0,0.0,False,False
final_quality_mask,1000,668,1509,668000,1509000,487.1267795178776,1.0,1.0,0.0,0.0,0.0,0.0,False,False
final_quality_mask,1000,668,1510,668000,1510000,911.3166089762925,1.0,1.0,0.0,0.0,0.0,0.0,False,False
final_quality_mask,1000,668,1511,668000,1511000,751.3605683481288,1.0,1.0,0.0,0.0,0.0,0.0,False,False
final_quality_mask,1000,668,1512,668000,1512000,198.72268489155286,0.9896829760507058,0.9302319346014651,2.0502266992941998,13.864497275686295,11.81427057639209,0.00010441471233762086,False,False
final_quality_mask,1000,668,1513,668000,1513000,2192.6991169524204,1.0,1.0,0.0,0.0,0.0,0.0,False,False
final_quality_mask,1000,668,1514,668000,1514000,3488.0923185835545,1.0,1.0,0.0,0.0,0.0,0.0,False,False
final_quality_mask,1000,668,1515,668000,1515000,3475.116053667769,1.0,1.0,0.0,0.0,0.0,0.0,False,False
final_quality_mask,1000,668,1516,668000,1516000,2773.0152064157273,1.0,1.0,0.0,0.0,0.0,0.0,False,False
final_quality_mask,1000,668,1517,668000,1517000,2399.9178319873677,0.9999703325180429,0.987654160090912,0.07119951897902865,29.629001348681584,29.557801829702385,0.00026123232538350076,False,False
final_quality_mask,1000,668,1518,668000,1518000,2237.8029744036608,1.0,1.0,0.0,0.0,0.0,0.0,False,False
final_quality_mask,1000,668,1519,668000,1519000,3091.0849438723294,1.0,1.0,0.0,0.0,0.0,0.0,False,False
final_quality_mask,1000,668,1520,668000,1520000,3848.0335574309106,1.0,1.0,0.0,0.0,0.0,0.0,False,False
final_quality_mask,1000,668,1521,668000,1521000,3972.794167876707,1.0,1.0,0.0,0.0,0.0,0.0,False,False
final_quality_mask,1000,668,1522,668000,1522000,4096.429080877678,1.0,1.0,0.0,0.0,0.0,0.0,False,False
final_quality_mask,1000,668,1523,668000,1523000,2490.606246801071,1.0,1.0,0.0,0.0,0.0,0.0,False,False
final_quality_mask,1000,668,1524,668000,1524000,10358.931824439594,1.0,1.0,0.0,0.0,0.0,0.0,False,False
final_quality_mask,1000,668,1525,668000,1525000,7692.398315197958,1.0,1.0,0.0,0.0,0.0,0.0,False,False
final_quality_mask,1000,668,1526,668000,1526000,12364.167113693295,1.0,1.0,0.0,0.0,0.0,0.0,False,False
final_quality_mask,1000,668,1527,668000,1527000,9195.369967525115,1.0,1.0,0.0,0.0,0.0,0.0,False,False
final_quality_mask,1000,668,1528,668000,1528000,5862.987046717586,1.0,1.0,0.0,0.0,0.0,0.0,False,False
final_quality_mask,1000,668,1529,668000,1529000,12213.97605142155,1.0,1.0,0.0,0.0,0.0,0.0,False,False
final_quality_mask,1000,668,1530,668000,1530000,13769.351487175449,1.0,1.0,0.0,0.0,0.0,0.0,False,False
final_quality_mask,1000,668,1531,668000,1531000,15200.832975327245,1.0,1.0,0.0,0.0,0.0,0.0,False,False
final_quality_mask,1000,668,1532,668000,1532000,15182.210497482663,1.0,1.0,0.0,0.0,0.0,0.0,False,False
final_quality_mask,1000,668,1533,668000,1533000,12900.47289546116,1.0,1.0,0.0,0.0,0.0,0.0,False,False
final_quality_mask,1000,668,1534,668000,1534000,21106.412051201307,1.0,1.0,0.0,0.0,0.0,0.0,False,False
final_quality_mask,1000,668,1535,668000,1535000,12913.835801841891,1.0,1.0,0.0,0.0,0.0,0.0,False,False
final_quality_mask,1000,668,1536,668000,1536000,18732.61579130203,1.0,1.0,0.0,0.0,0.0,0.0,False,False
final_quality_mask,1000,668,1537,668000,1537000,24650.843017944822,1.0,1.0,0.0,0.0,0.0,0.0,False,False
final_quality_mask,1000,668,1538,668000,1538000,22840.098523529552,1.0,1.0,0.0,0.0,0.0,0.0,False,False
final_quality_mask,1000,668,1539,668000,1539000,25403.50536563951,1.0,1.0,0.0,0.0,0.0,0.0,False,False
final_quality_mask,1000,668,1540,668000,1540000,27529.609973167328,1.0,1.0,0.0,0.0,0.0,0.0,False,False
final_quality_mask,1000,668,1541,668000,1541000,28126.49777718455,1.0,1.0,0.0,0.0,0.0,0.0,False,False
final_quality_mask,1000,668,1542,668000,1542000,10984.822567984495,1.0,1.0,0.0,0.0,0.0,0.0,False,False
final_quality_mask,1000,668,1543,668000,1543000,37719.35682474525,1.0,1.0,0.0,0.0,0.0,0.0,False,False
final_quality_mask,1000,668,1544,668000,1544000,22978.17424020439,1.0,1.0,0.0,0.0,0.0,0.0,False,False
final_quality_mask,1000,668,1545,668000,1545000,15696.930290903596,1.0,1.0,0.0,0.0,0.0,0.0,False,False
final_quality_mask,1000,668,1546,668000,1546000,13821.078618465302,1.0,1.0,0.0,0.0,0.0,0.0,False,False
final_quality_mask,1000,668,1547,668000,1547000,4293.275445830116,0.9998170339810651,0.9888886997150562,0.7855235165143313,47.70387268459431,46.91834916807966,0.00041466512046291426,False,False
final_quality_mask,1000,668,1548,668000,1548000,1051.114804926272,0.9934633096367086,0.977777777758758,6.870812016074524,23.358106796131388,16.4872947800568,0.0001457149750002522,False,False
final_quality_mask,1000,668,1549,668000,1549000,4621.485119674727,1.0,1.0,0.0,0.0,0.0,0.0,False,False
final_quality_mask,1000,668,1550,668000,1550000,8145.364546936337,1.0,1.0,0.0,0.0,0.0,0.0,False,False
final_quality_mask,1000,668,1551,668000,1551000,2617.5466058152565,1.0,1.0,0.0,0.0,0.0,0.0,False,False
final_quality_mask,1000,668,1552,668000,1552000,640.9204948281932,1.0,1.0,0.0,0.0,0.0,0.0,False,False
final_quality_mask,1000,668,1553,668000,1553000,5753.043185000149,1.0,1.0,0.0,0.0,0.0,0.0,False,False
final_quality_mask,1000,669,1509,669000,1509000,377.80559520450294,0.9912539596467733,0.9600002620219698,3.3043029813334215,15.112124814813878,11.807821833480432,0.00010435771824461221,False,False
final_quality_mask,1000,669,1510,669000,1510000,1067.62241378232,0.9990267431095147,0.9666668121318766,1.039070870650221,35.587258490825505,34.54818762017521,0.00030533743482692255,False,False
final_quality_mask,1000,669,1511,669000,1511000,779.5889927372311,0.9968149430271442,0.9444436690474605,2.4830353572792774,43.31110408746655,40.82806873018728,0.0003608391245314608,False,False
final_quality_mask,1000,669,1512,669000,1512000,1345.1234016920635,0.9936550812901338,0.729412343808445,8.534698638474765,363.973788552267,355.43908991379226,0.0031413763623338456,False,False
final_quality_mask,1000,669,1513,669000,1513000,828.5377441151805,1.0,1.0,0.0,0.0,0.0,0.0,False,False
final_quality_mask,1000,669,1514,669000,1514000,1667.444378696204,1.0,1.0,0.0,0.0,0.0,0.0,False,False
final_quality_mask,1000,669,1515,669000,1515000,2613.189641526174,1.0,1.0,0.0,0.0,0.0,0.0,False,False
final_quality_mask,1000,669,1516,669000,1516000,2517.908173553866,1.0,1.0,0.0,0.0,0.0,0.0,False,False
final_quality_mask,1000,669,1517,669000,1517000,2493.8093309259407,1.0,1.0,0.0,0.0,0.0,0.0,False,False
final_quality_mask,1000,669,1518,669000,1518000,1660.4133999955802,1.0,1.0,0.0,0.0,0.0,0.0,False,False
final_quality_mask,1000,669,1519,669000,1519000,2617.2552182240593,1.0,1.0,0.0,0.0,0.0,0.0,False,False
final_quality_mask,1000,669,1520,669000,1520000,5680.6757425972955,1.0,1.0,0.0,0.0,0.0,0.0,False,False
final_quality_mask,1000,669,1521,669000,1521000,8448.390820957364,1.0,1.0,0.0,0.0,0.0,0.0,False,False
final_quality_mask,1000,669,1522,669000,1522000,6729.845281844165,1.0,1.0,0.0,0.0,0.0,0.0,False,False
final_quality_mask,1000,669,1523,669000,1523000,9751.158831614905,1.0,1.0,0.0,0.0,0.0,0.0,False,False
final_quality_mask,1000,669,1524,669000,1524000,11009.580424884696,1.0,1.0,0.0,0.0,0.0,0.0,False,False
final_quality_mask,1000,669,1525,669000,1525000,10871.63658461066,1.0,1.0,0.0,0.0,0.0,0.0,False,False
final_quality_mask,1000,669,1526,669000,1526000,12085.381669599414,1.0,1.0,0.0,0.0,0.0,0.0,False,False
final_quality_mask,1000,669,1527,669000,1527000,21256.44221458922,1.0,1.0,0.0,0.0,0.0,0.0,False,False
final_quality_mask,1000,669,1528,669000,1528000,8083.380073096706,1.0,1.0,0.0,0.0,0.0,0.0,False,False
final_quality_mask,1000,669,1529,669000,1529000,4368.363927842969,1.0,1.0,0.0,0.0,0.0,0.0,False,False
final_quality_mask,1000,669,1530,669000,1530000,10476.327992923469,1.0,1.0,0.0,0.0,0.0,0.0,False,False
final_quality_mask,1000,669,1531,669000,1531000,13748.185482045987,0.9230919754838876,0.9012332929047985,1057.3457861052539,1357.863008595738,300.5172224904836,0.002655976019505317,False,False
final_quality_mask,1000,669,1532,669000,1532000,17436.33047165652,0.9884302059511463,0.9876545333687207,201.73475252481876,215.25963600979463,13.524883484977181,0.00011953313658700681,False,False
final_quality_mask,1000,669,1533,669000,1533000,16210.013896278297,0.8219484832891222,0.8518508967832119,2886.217560136756,2401.499021865303,-484.71853827145424,-0.004283950194899131,False,False
final_quality_mask,1000,669,1534,669000,1534000,21171.923768088196,1.0,1.0,0.0,0.0,0.0,0.0,False,False
final_quality_mask,1000,669,1535,669000,1535000,17004.98534161184,1.0,1.0,0.0,0.0,0.0,0.0,False,False
final_quality_mask,1000,669,1536,669000,1536000,19442.674534342714,1.0,1.0,0.0,0.0,0.0,0.0,False,False
final_quality_mask,1000,669,1537,669000,1537000,21530.7462954533,1.0,1.0,0.0,0.0,0.0,0.0,False,False
final_quality_mask,1000,669,1538,669000,1538000,30755.1868572733,1.0,1.0,0.0,0.0,0.0,0.0,False,False
final_quality_mask,1000,669,1539,669000,1539000,28382.235084539545,1.0,1.0,0.0,0.0,0.0,0.0,False,False
final_quality_mask,1000,669,1540,669000,1540000,19862.94183792377,1.0,1.0,0.0,0.0,0.0,0.0,False,False
final_quality_mask,1000,669,1541,669000,1541000,24881.93968928936,1.0,1.0,0.0,0.0,0.0,0.0,False,False
final_quality_mask,1000,669,1542,669000,1542000,17683.3435641196,1.0,1.0,0.0,0.0,0.0,0.0,False,False
final_quality_mask,1000,669,1543,669000,1543000,25551.844212225777,1.0,1.0,0.0,0.0,0.0,0.0,False,False
final_quality_mask,1000,669,1544,669000,1544000,33490.641099934575,1.0,1.0,0.0,0.0,0.0,0.0,False,False
final_quality_mask,1000,669,1545,669000,1545000,28403.6502378943,1.0,1.0,0.0,0.0,0.0,0.0,False,False
final_quality_mask,1000,669,1546,669000,1546000,19835.974320909714,1.0,1.0,0.0,0.0,0.0,0.0,False,False
final_quality_mask,1000,669,1547,669000,1547000,3781.820910955876,1.0,1.0,0.0,0.0,0.0,0.0,False,False
final_quality_mask,1000,669,1548,669000,1548000,1733.7891875548532,0.9998234083477188,0.987654110937942,0.3061726973376153,21.40516896654793,21.098996269210375,0.00018647326653110357,False,False
final_quality_mask,1000,669,1549,669000,1549000,2384.5712599459125,1.0,1.0,0.0,0.0,0.0,0.0,False,False
final_quality_mask,1000,669,1550,669000,1550000,4998.571806292787,1.0,1.0,0.0,0.0,0.0,0.0,False,False
final_quality_mask,1000,669,1551,669000,1551000,1130.0599007723083,0.996227363072563,0.9882351061125573,4.263305711869407,13.295034819040266,9.031729107170804,7.98225663225456e-05,False,False
final_quality_mask,1000,669,1552,669000,1552000,2631.6374773658385,0.9946908936551108,0.9302332613389224,13.97164322853132,183.60076413408007,169.62912090554892,0.0014991848839850527,False,False
final_quality_mask,1000,669,1553,669000,1553000,11071.633071970215,1.0,1.0,0.0,0.0,0.0,0.0,False,False
final_quality_mask,1000,670,1509,670000,1509000,646.8339683260037,0.9999386500822077,0.9777779718726151,0.03968321078207282,14.373962637888475,14.334279427106367,0.00012668659087080615,False,False
final_quality_mask,1000,670,1510,670000,1510000,1105.8157729016468,0.9997301591950877,0.9629630706999657,0.29839421824453893,40.95602059982111,40.65762638157662,0.0003593327523280093,False,False
final_quality_mask,1000,670,1511,670000,1511000,537.7364655109704,0.9987912546131757,0.9629623706589211,0.649986472013552,19.916483892777183,19.266497420763585,0.0001702776123955077,False,False
final_quality_mask,1000,670,1512,670000,1512000,301.3509545691557,0.9698010340101876,0.5555544792636997,9.100487228031454,133.93408192786958,124.83359469983813,0.001103281306820661,False,False
final_quality_mask,1000,670,1513,670000,1513000,245.77972630425137,0.688363257112426,0.6543230311274577,76.5939933732563,84.96039079917666,8.366397425920354,7.394235428087366e-05,False,False
final_quality_mask,1000,670,1514,670000,1514000,1030.5672366002875,1.0,1.0,0.0,0.0,0.0,0.0,False,False
final_quality_mask,1000,670,1515,670000,1515000,3407.205192209177,1.0,1.0,0.0,0.0,0.0,0.0,False,False
final_quality_mask,1000,670,1516,670000,1516000,3968.7443342349848,1.0,1.0,0.0,0.0,0.0,0.0,False,False
final_quality_mask,1000,670,1517,670000,1517000,2645.451033987617,1.0,1.0,0.0,0.0,0.0,0.0,False,False
final_quality_mask,1000,670,1518,670000,1518000,1554.7879415584923,1.0,1.0,0.0,0.0,0.0,0.0,False,False
final_quality_mask,1000,670,1519,670000,1519000,3936.8238226484923,1.0,1.0,0.0,0.0,0.0,0.0,False,False
final_quality_mask,1000,670,1520,670000,1520000,7440.4525482910585,1.0,1.0,0.0,0.0,0.0,0.0,False,False
final_quality_mask,1000,670,1521,670000,1521000,7578.925787020779,1.0,1.0,0.0,0.0,0.0,0.0,False,False
final_quality_mask,1000,670,1522,670000,1522000,10243.644811985625,1.0,1.0,0.0,0.0,0.0,0.0,False,False
final_quality_mask,1000,670,1523,670000,1523000,10393.375347569137,1.0,1.0,0.0,0.0,0.0,0.0,False,False
final_quality_mask,1000,670,1524,670000,1524000,13649.098474986722,1.0,1.0,0.0,0.0,0.0,0.0,False,False
final_quality_mask,1000,670,1525,670000,1525000,9474.168844337864,1.0,1.0,0.0,0.0,0.0,0.0,False,False
final_quality_mask,1000,670,1526,670000,1526000,9025.238620055728,1.0,1.0,0.0,0.0,0.0,0.0,False,False
final_quality_mask,1000,670,1527,670000,1527000,17450.971941932734,1.0,1.0,0.0,0.0,0.0,0.0,False,False
final_quality_mask,1000,670,1528,670000,1528000,15060.039848303391,1.0,1.0,0.0,0.0,0.0,0.0,False,False
final_quality_mask,1000,670,1529,670000,1529000,11960.476471096,1.0,1.0,0.0,0.0,0.0,0.0,False,False
final_quality_mask,1000,670,1530,670000,1530000,10604.6079259382,1.0,1.0,0.0,0.0,0.0,0.0,False,False
final_quality_mask,1000,670,1531,670000,1531000,12744.412601597935,1.0,1.0,0.0,0.0,0.0,0.0,False,False
final_quality_mask,1000,670,1532,670000,1532000,15259.675756404056,1.0,1.0,0.0,0.0,0.0,0.0,False,False
final_quality_mask,1000,670,1533,670000,1533000,14900.407942643662,1.0,1.0,0.0,0.0,0.0,0.0,False,False
final_quality_mask,1000,670,1534,670000,1534000,15152.410882296937,1.0,1.0,0.0,0.0,0.0,0.0,False,False
final_quality_mask,1000,670,1535,670000,1535000,18497.15643807388,1.0,1.0,0.0,0.0,0.0,0.0,False,False
final_quality_mask,1000,670,1536,670000,1536000,17692.309971265266,1.0,1.0,0.0,0.0,0.0,0.0,False,False
final_quality_mask,1000,670,1537,670000,1537000,16279.29563380772,1.0,1.0,0.0,0.0,0.0,0.0,False,False
final_quality_mask,1000,670,1538,670000,1538000,21195.462427557977,1.0,1.0,0.0,0.0,0.0,0.0,False,False
final_quality_mask,1000,670,1539,670000,1539000,22350.33195868449,1.0,1.0,0.0,0.0,0.0,0.0,False,False
final_quality_mask,1000,670,1540,670000,1540000,19616.086111516855,1.0,1.0,0.0,0.0,0.0,0.0,False,False
final_quality_mask,1000,670,1541,670000,1541000,4445.098473204487,1.0,1.0,0.0,0.0,0.0,0.0,False,False
final_quality_mask,1000,670,1542,670000,1542000,10011.960942772028,1.0,1.0,0.0,0.0,0.0,0.0,False,False
final_quality_mask,1000,670,1543,670000,1543000,14567.680646166777,1.0,1.0,0.0,0.0,0.0,0.0,False,False
final_quality_mask,1000,670,1544,670000,1544000,22262.658052568964,1.0,1.0,0.0,0.0,0.0,0.0,False,False
final_quality_mask,1000,670,1545,670000,1545000,19286.731136237846,1.0,1.0,0.0,0.0,0.0,0.0,False,False
final_quality_mask,1000,670,1546,670000,1546000,15425.12931776067,1.0,1.0,0.0,0.0,0.0,0.0,False,False
final_quality_mask,1000,670,1547,670000,1547000,5268.748062569223,1.0,1.0,0.0,0.0,0.0,0.0,False,False
final_quality_mask,1000,670,1548,670000,1548000,4204.81660130893,1.0,1.0,0.0,0.0,0.0,0.0,False,False
final_quality_mask,1000,670,1549,670000,1549000,2781.732459939135,1.0,1.0,0.0,0.0,0.0,0.0,False,False
final_quality_mask,1000,670,1550,670000,1550000,3367.8783585385063,1.0,1.0,0.0,0.0,0.0,0.0,False,False
final_quality_mask,1000,670,1551,670000,1551000,1367.3259056515626,0.999997056835266,0.9753084323318455,0.004024265385396575,33.761420123816194,33.757395858430755,0.0002983484045869597,False,False
final_quality_mask,1000,670,1552,670000,1552000,8829.480173069369,1.0,1.0,0.0,0.0,0.0,0.0,False,False
final_quality_mask,1000,670,1553,670000,1553000,12251.3457731805,1.0,1.0,0.0,0.0,0.0,0.0,False,False
final_quality_mask,1000,671,1509,671000,1509000,860.348228364054,1.0,1.0,0.0,0.0,0.0,0.0,False,False
final_quality_mask,1000,671,1510,671000,1510000,1149.103998738296,0.9997956369409425,0.9753082109274015,0.23483440835730107,28.373433559325502,28.138599150968275,0.0002486893894069949,False,False
final_quality_mask,1000,671,1511,671000,1511000,78.35949536401392,0.7705307285227565,0.6296315143602078,17.98109631450472,29.021887633468154,11.040791318963436,9.757869028773537e-05,False,False
final_quality_mask,1000,671,1512,671000,1512000,216.2354755139052,0.8463539166051443,0.5308626907019134,33.22373390373576,101.44412915738577,68.22039525365001,0.0006029329445190334,False,False
final_quality_mask,1000,671,1513,671000,1513000,271.13903843879666,0.830424811614098,0.7654340885604267,45.97845352203129,63.59997567824583,17.621522156214553,0.0001557392946940655,False,False
final_quality_mask,1000,671,1514,671000,1514000,1399.1146872408362,0.9999251409991902,0.9753085882105894,0.10473632750517936,34.54611688327589,34.44138055577082,0.0003043934722832091,False,False
final_quality_mask,1000,671,1515,671000,1515000,3517.4229176660324,1.0,1.0,0.0,0.0,0.0,0.0,False,False
final_quality_mask,1000,671,1516,671000,1516000,3648.5172584863913,1.0,1.0,0.0,0.0,0.0,0.0,False,False
final_quality_mask,1000,671,1517,671000,1517000,4066.851891696209,1.0,1.0,0.0,0.0,0.0,0.0,False,False
final_quality_mask,1000,671,1518,671000,1518000,6024.449017838888,1.0,1.0,0.0,0.0,0.0,0.0,False,False
final_quality_mask,1000,671,1519,671000,1519000,5724.136549773916,1.0,1.0,0.0,0.0,0.0,0.0,False,False
final_quality_mask,1000,671,1520,671000,1520000,5859.404483650464,1.0,1.0,0.0,0.0,0.0,0.0,False,False
final_quality_mask,1000,671,1521,671000,1521000,4551.300642382077,1.0,1.0,0.0,0.0,0.0,0.0,False,False
final_quality_mask,1000,671,1522,671000,1522000,11976.272592420817,1.0,1.0,0.0,0.0,0.0,0.0,False,False
final_quality_mask,1000,671,1523,671000,1523000,12423.512537564522,1.0,1.0,0.0,0.0,0.0,0.0,False,False
final_quality_mask,1000,671,1524,671000,1524000,15340.3196523052,1.0,1.0,0.0,0.0,0.0,0.0,False,False
final_quality_mask,1000,671,1525,671000,1525000,9268.354827629279,1.0,1.0,0.0,0.0,0.0,0.0,False,False
final_quality_mask,1000,671,1526,671000,1526000,11715.00672118767,1.0,1.0,0.0,0.0,0.0,0.0,False,False
final_quality_mask,1000,671,1527,671000,1527000,11551.898959543112,1.0,1.0,0.0,0.0,0.0,0.0,False,False
final_quality_mask,1000,671,1528,671000,1528000,14676.796298505938,1.0,1.0,0.0,0.0,0.0,0.0,False,False
final_quality_mask,1000,671,1529,671000,1529000,11288.16580754121,1.0,1.0,0.0,0.0,0.0,0.0,False,False
final_quality_mask,1000,671,1530,671000,1530000,10533.604145239917,1.0,1.0,0.0,0.0,0.0,0.0,False,False
final_quality_mask,1000,671,1531,671000,1531000,7694.346351731935,0.9851807048841973,0.9876542678500723,114.02478930951565,94.99233912725613,-19.03245018225971,-0.00016820909915774335,False,False
final_quality_mask,1000,671,1532,671000,1532000,9927.150753657912,0.9931915078273628,0.9876544802646942,67.58892820286928,122.55583554464003,54.96690734176991,0.0004857984063483572,False,False
final_quality_mask,1000,671,1533,671000,1533000,13659.342850005769,1.0,1.0,0.0,0.0,0.0,0.0,False,False
final_quality_mask,1000,671,1534,671000,1534000,16093.72532296923,1.0,1.0,0.0,0.0,0.0,0.0,False,False
final_quality_mask,1000,671,1535,671000,1535000,14664.878260839587,1.0,1.0,0.0,0.0,0.0,0.0,False,False
final_quality_mask,1000,671,1536,671000,1536000,15349.206378005696,1.0,1.0,0.0,0.0,0.0,0.0,False,False
final_quality_mask,1000,671,1537,671000,1537000,16750.33387047408,1.0,1.0,0.0,0.0,0.0,0.0,False,False
final_quality_mask,1000,671,1538,671000,1538000,13607.245593610318,1.0,1.0,0.0,0.0,0.0,0.0,False,False
final_quality_mask,1000,671,1539,671000,1539000,11160.550354900224,1.0,1.0,0.0,0.0,0.0,0.0,False,False
final_quality_mask,1000,671,1540,671000,1540000,10542.73506713211,1.0,1.0,0.0,0.0,0.0,0.0,False,False
final_quality_mask,1000,671,1541,671000,1541000,7585.229736521107,1.0,1.0,0.0,0.0,0.0,0.0,False,False
final_quality_mask,1000,671,1542,671000,1542000,15137.550358410275,1.0,1.0,0.0,0.0,0.0,0.0,False,False
final_quality_mask,1000,671,1543,671000,1543000,14069.877865032828,1.0,1.0,0.0,0.0,0.0,0.0,False,False
final_quality_mask,1000,671,1544,671000,1544000,19473.510670618143,1.0,1.0,0.0,0.0,0.0,0.0,False,False
final_quality_mask,1000,671,1545,671000,1545000,16677.84365978865,1.0,1.0,0.0,0.0,0.0,0.0,False,False
final_quality_mask,1000,671,1546,671000,1546000,17217.676954463088,1.0,1.0,0.0,0.0,0.0,0.0,False,False
final_quality_mask,1000,671,1547,671000,1547000,12954.569409484033,1.0,1.0,0.0,0.0,0.0,0.0,False,False
final_quality_mask,1000,671,1548,671000,1548000,11683.916852744658,1.0,1.0,0.0,0.0,0.0,0.0,False,False
final_quality_mask,1000,671,1549,671000,1549000,3409.2886791380242,1.0,1.0,0.0,0.0,0.0,0.0,False,False
final_quality_mask,1000,671,1550,671000,1550000,4517.777828401777,1.0,1.0,0.0,0.0,0.0,0.0,False,False
final_quality_mask,1000,671,1551,671000,1551000,8148.4824550387,1.0,1.0,0.0,0.0,0.0,0.0,False,False
final_quality_mask,1000,671,1552,671000,1552000,17880.739440922967,1.0,1.0,0.0,0.0,0.0,0.0,False,False
final_quality_mask,1000,671,1553,671000,1553000,14003.143897612785,1.0,1.0,0.0,0.0,0.0,0.0,False,False
final_quality_mask,1000,672,1509,672000,1509000,361.2444973030959,1.0,1.0,0.0,0.0,0.0,0.0,False,False
final_quality_mask,1000,672,1510,672000,1510000,327.42376123168145,0.9999531107986669,0.9876541054637007,0.015352638661624951,4.042339224844785,4.02698658618317,3.559057186518079e-05,False,False
final_quality_mask,1000,672,1511,672000,1511000,261.3580250649547,0.9919602151311752,0.9506179840275724,2.1012622952631546,12.906386168279736,10.805123873016584,9.549585763067283e-05,False,False
final_quality_mask,1000,672,1512,672000,1512000,465.41887449460603,0.9870807003336246,0.9638556450219262,6.01288590998297,16.82226501322861,10.809379103245647,9.553346542350483e-05,False,False
final_quality_mask,1000,672,1513,672000,1513000,1297.4088724206258,1.0,1.0,0.0,0.0,0.0,0.0,False,False
final_quality_mask,1000,672,1514,672000,1514000,1733.4027119610314,1.0,1.0,0.0,0.0,0.0,0.0,False,False
final_quality_mask,1000,672,1515,672000,1515000,2293.028146974115,1.0,1.0,0.0,0.0,0.0,0.0,False,False
final_quality_mask,1000,672,1516,672000,1516000,2550.1499515022224,1.0,1.0,0.0,0.0,0.0,0.0,False,False
final_quality_mask,1000,672,1517,672000,1517000,2207.6918858845656,1.0,1.0,0.0,0.0,0.0,0.0,False,False
final_quality_mask,1000,672,1518,672000,1518000,2060.6050745675125,1.0,1.0,0.0,0.0,0.0,0.0,False,False
final_quality_mask,1000,672,1519,672000,1519000,3950.3405946953344,1.0,1.0,0.0,0.0,0.0,0.0,False,False
final_quality_mask,1000,672,1520,672000,1520000,3324.5161390321973,1.0,1.0,0.0,0.0,0.0,0.0,False,False
final_quality_mask,1000,672,1521,672000,1521000,5976.141621401537,0.9984414985547817,0.9876541070452538,9.313825353783614,73.78080474022674,64.4669793864432,0.0005697601950442583,False,False
final_quality_mask,1000,672,1522,672000,1522000,10866.754194532645,1.0,1.0,0.0,0.0,0.0,0.0,False,False
final_quality_mask,1000,672,1523,672000,1523000,15435.546773957676,1.0,1.0,0.0,0.0,0.0,0.0,False,False
final_quality_mask,1000,672,1524,672000,1524000,10679.753553328368,1.0,1.0,0.0,0.0,0.0,0.0,False,False
final_quality_mask,1000,672,1525,672000,1525000,4285.693903093081,1.0,1.0,0.0,0.0,0.0,0.0,False,False
final_quality_mask,1000,672,1526,672000,1526000,2258.78498752745,1.0,1.0,0.0,0.0,0.0,0.0,False,False
final_quality_mask,1000,672,1527,672000,1527000,8088.5554980695715,1.0,1.0,0.0,0.0,0.0,0.0,False,False
final_quality_mask,1000,672,1528,672000,1528000,11101.983084760932,1.0,1.0,0.0,0.0,0.0,0.0,False,False
final_quality_mask,1000,672,1529,672000,1529000,7423.315826955805,1.0,1.0,0.0,0.0,0.0,0.0,False,False
final_quality_mask,1000,672,1530,672000,1530000,2511.6673596514343,0.9999986931516003,0.9895833922002965,0.0032823684696268174,26.163053808805945,26.1597714403365,0.000231200478446702,False,False
final_quality_mask,1000,672,1531,672000,1531000,5772.457193405246,1.0,1.0,0.0,0.0,0.0,0.0,False,False
final_quality_mask,1000,672,1532,672000,1532000,13315.613103218775,1.0,1.0,0.0,0.0,0.0,0.0,False,False
final_quality_mask,1000,672,1533,672000,1533000,12735.072428833439,1.0,1.0,0.0,0.0,0.0,0.0,False,False
final_quality_mask,1000,672,1534,672000,1534000,11995.99478377771,1.0,1.0,0.0,0.0,0.0,0.0,False,False
final_quality_mask,1000,672,1535,672000,1535000,12871.088101457502,1.0,1.0,0.0,0.0,0.0,0.0,False,False
final_quality_mask,1000,672,1536,672000,1536000,15978.343569433426,1.0,1.0,0.0,0.0,0.0,0.0,False,False
final_quality_mask,1000,672,1537,672000,1537000,17511.997956647952,1.0,1.0,0.0,0.0,0.0,0.0,False,False
final_quality_mask,1000,672,1538,672000,1538000,18124.849633903017,1.0,1.0,0.0,0.0,0.0,0.0,False,False
final_quality_mask,1000,672,1539,672000,1539000,14550.106809286382,1.0,1.0,0.0,0.0,0.0,0.0,False,False
final_quality_mask,1000,672,1540,672000,1540000,12869.381997732726,1.0,1.0,0.0,0.0,0.0,0.0,False,False
final_quality_mask,1000,672,1541,672000,1541000,7891.005729891356,1.0,1.0,0.0,0.0,0.0,0.0,False,False
final_quality_mask,1000,672,1542,672000,1542000,9119.152122556854,1.0,1.0,0.0,0.0,0.0,0.0,False,False
final_quality_mask,1000,672,1543,672000,1543000,15512.254504927423,1.0,1.0,0.0,0.0,0.0,0.0,False,False
final_quality_mask,1000,672,1544,672000,1544000,15444.745113907775,1.0,1.0,0.0,0.0,0.0,0.0,False,False
final_quality_mask,1000,672,1545,672000,1545000,14269.928580966938,1.0,1.0,0.0,0.0,0.0,0.0,False,False
final_quality_mask,1000,672,1546,672000,1546000,14042.725646660283,1.0,1.0,0.0,0.0,0.0,0.0,False,False
final_quality_mask,1000,672,1547,672000,1547000,20070.03584236608,1.0,1.0,0.0,0.0,0.0,0.0,False,False
final_quality_mask,1000,672,1548,672000,1548000,19569.552055128683,1.0,1.0,0.0,0.0,0.0,0.0,False,False
final_quality_mask,1000,672,1549,672000,1549000,12604.379594781458,1.0,1.0,0.0,0.0,0.0,0.0,False,False
final_quality_mask,1000,672,1550,672000,1550000,10821.857842552014,1.0,1.0,0.0,0.0,0.0,0.0,False,False
final_quality_mask,1000,672,1551,672000,1551000,12740.46797510588,1.0,1.0,0.0,0.0,0.0,0.0,False,False
final_quality_mask,1000,672,1552,672000,1552000,12316.862280100935,1.0,1.0,0.0,0.0,0.0,0.0,False,False
final_quality_mask,1000,672,1553,672000,1553000,17942.324109976562,1.0,1.0,0.0,0.0,0.0,0.0,False,False
final_quality_mask,1000,673,1509,673000,1509000,800.2708384158497,1.0,1.0,0.0,0.0,0.0,0.0,False,False
final_quality_mask,1000,673,1510,673000,1510000,1625.972651190358,0.9991176415753378,0.9888890343832291,1.434690667048244,18.066126221185957,16.631435554137624,0.00014698889346728358,False,False
final_quality_mask,1000,673,1511,673000,1511000,773.2410640753692,1.0,0.9666671513350449,0.0,25.774327370353145,25.77432737035315,0.00022779391759054763,False,False
final_quality_mask,1000,673,1512,673000,1512000,2725.4475467092093,1.0,1.0,0.0,0.0,0.0,0.0,False,False
final_quality_mask,1000,673,1513,673000,1513000,121.65648705833625,0.9938045888034747,0.9753084806270439,0.7537119620511561,3.003883507046693,2.2501715449955384,1.988705210887084e-05,False,False
final_quality_mask,1000,673,1514,673000,1514000,2490.702847061912,1.0,1.0,0.0,0.0,0.0,0.0,False,False
final_quality_mask,1000,673,1515,673000,1515000,6915.1244393243405,1.0,1.0,0.0,0.0,0.0,0.0,False,False
final_quality_mask,1000,673,1516,673000,1516000,14970.44531596798,1.0,1.0,0.0,0.0,0.0,0.0,False,False
final_quality_mask,1000,673,1517,673000,1517000,3908.071507006208,1.0,1.0,0.0,0.0,0.0,0.0,False,False
final_quality_mask,1000,673,1518,673000,1518000,4861.156304601008,1.0,1.0,0.0,0.0,0.0,0.0,False,False
final_quality_mask,1000,673,1519,673000,1519000,3104.537523899448,0.9993994826295359,0.9876543745387169,1.864328710359132,38.32745750056197,36.46312879020297,0.0003222617155194151,False,False
final_quality_mask,1000,673,1520,673000,1520000,4558.12851120796,1.0,1.0,0.0,0.0,0.0,0.0,False,False
final_quality_mask,1000,673,1521,673000,1521000,6571.682593136776,1.0,1.0,0.0,0.0,0.0,0.0,False,False
final_quality_mask,1000,673,1522,673000,1522000,14342.054908059,1.0,1.0,0.0,0.0,0.0,0.0,False,False
final_quality_mask,1000,673,1523,673000,1523000,7872.901778788738,1.0,1.0,0.0,0.0,0.0,0.0,False,False
final_quality_mask,1000,673,1524,673000,1524000,2184.960743735006,1.0,1.0,0.0,0.0,0.0,0.0,False,False
final_quality_mask,1000,673,1525,673000,1525000,4385.4196879063475,1.0,1.0,0.0,0.0,0.0,0.0,False,False
final_quality_mask,1000,673,1526,673000,1526000,9646.168421875,1.0,1.0,0.0,0.0,0.0,0.0,False,False
final_quality_mask,1000,673,1527,673000,1527000,16052.258465904668,1.0,1.0,0.0,0.0,0.0,0.0,False,False
final_quality_mask,1000,673,1528,673000,1528000,11778.854935161718,1.0,1.0,0.0,0.0,0.0,0.0,False,False
final_quality_mask,1000,673,1529,673000,1529000,8622.531080805948,1.0,1.0,0.0,0.0,0.0,0.0,False,False
final_quality_mask,1000,673,1530,673000,1530000,3447.1991595857517,1.0,1.0,0.0,0.0,0.0,0.0,False,False
final_quality_mask,1000,673,1531,673000,1531000,11604.715029420468,1.0,1.0,0.0,0.0,0.0,0.0,False,False
final_quality_mask,1000,673,1532,673000,1532000,9332.821299671028,1.0,1.0,0.0,0.0,0.0,0.0,False,False
final_quality_mask,1000,673,1533,673000,1533000,6245.77988338763,1.0,1.0,0.0,0.0,0.0,0.0,False,False
final_quality_mask,1000,673,1534,673000,1534000,11468.246544832828,1.0,1.0,0.0,0.0,0.0,0.0,False,False
final_quality_mask,1000,673,1535,673000,1535000,11829.884736878808,1.0,1.0,0.0,0.0,0.0,0.0,False,False
final_quality_mask,1000,673,1536,673000,1536000,14129.33977882808,1.0,1.0,0.0,0.0,0.0,0.0,False,False
final_quality_mask,1000,673,1537,673000,1537000,15695.585791381553,1.0,1.0,0.0,0.0,0.0,0.0,False,False
final_quality_mask,1000,673,1538,673000,1538000,17278.987081001407,1.0,1.0,0.0,0.0,0.0,0.0,False,False
final_quality_mask,1000,673,1539,673000,1539000,15877.853414245565,1.0,1.0,0.0,0.0,0.0,0.0,False,False
final_quality_mask,1000,673,1540,673000,1540000,14445.000263312624,1.0,1.0,0.0,0.0,0.0,0.0,False,False
final_quality_mask,1000,673,1541,673000,1541000,18114.202466378345,1.0,1.0,0.0,0.0,0.0,0.0,False,False
final_quality_mask,1000,673,1542,673000,1542000,22117.235267528617,1.0,1.0,0.0,0.0,0.0,0.0,False,False
final_quality_mask,1000,673,1543,673000,1543000,19091.04258368216,1.0,1.0,0.0,0.0,0.0,0.0,False,False
final_quality_mask,1000,673,1544,673000,1544000,17115.19220549326,1.0,1.0,0.0,0.0,0.0,0.0,False,False
final_quality_mask,1000,673,1545,673000,1545000,9721.537442641742,1.0,1.0,0.0,0.0,0.0,0.0,False,False
final_quality_mask,1000,673,1546,673000,1546000,12839.125352513303,1.0,1.0,0.0,0.0,0.0,0.0,False,False
final_quality_mask,1000,673,1547,673000,1547000,19292.94690395757,1.0,1.0,0.0,0.0,0.0,0.0,False,False
final_quality_mask,1000,673,1548,673000,1548000,17970.81969561452,1.0,1.0,0.0,0.0,0.0,0.0,False,False
final_quality_mask,1000,673,1549,673000,1549000,19083.4062939459,1.0,1.0,0.0,0.0,0.0,0.0,False,False
final_quality_mask,1000,673,1550,673000,1550000,15086.719664508682,1.0,1.0,0.0,0.0,0.0,0.0,False,False
final_quality_mask,1000,673,1551,673000,1551000,8597.223494443488,1.0,1.0,0.0,0.0,0.0,0.0,False,False
final_quality_mask,1000,673,1552,673000,1552000,12328.377217956426,1.0,1.0,0.0,0.0,0.0,0.0,False,False
final_quality_mask,1000,673,1553,673000,1553000,12498.151182919362,1.0,1.0,0.0,0.0,0.0,0.0,False,False
final_quality_mask,1000,674,1509,674000,1509000,2236.9917037151504,1.0,1.0,0.0,0.0,0.0,0.0,False,False
final_quality_mask,1000,674,1510,674000,1510000,4051.167397682034,1.0,1.0,0.0,0.0,0.0,0.0,False,False
final_quality_mask,1000,674,1511,674000,1511000,3773.6459283182894,1.0,1.0,0.0,0.0,0.0,0.0,False,False
final_quality_mask,1000,674,1512,674000,1512000,2153.484719284218,1.0,1.0,0.0,0.0,0.0,0.0,False,False
final_quality_mask,1000,674,1513,674000,1513000,1096.5110038022297,0.9952431009854585,0.9629629091500148,5.215992113420725,40.61157766583163,35.39558555241092,0.00031282675130717087,False,False
final_quality_mask,1000,674,1514,674000,1514000,4754.173015493602,1.0,1.0,0.0,0.0,0.0,0.0,False,False
final_quality_mask,1000,674,1515,674000,1515000,5636.672298102592,1.0,1.0,0.0,0.0,0.0,0.0,False,False
final_quality_mask,1000,674,1516,674000,1516000,15610.732424337652,1.0,1.0,0.0,0.0,0.0,0.0,False,False
final_quality_mask,1000,674,1517,674000,1517000,7191.544147534655,1.0,1.0,0.0,0.0,0.0,0.0,False,False
final_quality_mask,1000,674,1518,674000,1518000,9661.51207250191,1.0,1.0,0.0,0.0,0.0,0.0,False,False
final_quality_mask,1000,674,1519,674000,1519000,13132.116037107613,1.0,1.0,0.0,0.0,0.0,0.0,False,False
final_quality_mask,1000,674,1520,674000,1520000,11137.980940593012,1.0,1.0,0.0,0.0,0.0,0.0,False,False
final_quality_mask,1000,674,1521,674000,1521000,11951.743233399857,1.0,1.0,0.0,0.0,0.0,0.0,False,False
final_quality_mask,1000,674,1522,674000,1522000,3713.441926932225,1.0,1.0,0.0,0.0,0.0,0.0,False,False
final_quality_mask,1000,674,1523,674000,1523000,1437.4190488033898,0.994244721795495,0.9555561324969527,8.272746522318585,63.88446175137413,55.61171522905556,0.0004914972287706655,False,False
final_quality_mask,1000,674,1524,674000,1524000,9679.136357505688,1.0,1.0,0.0,0.0,0.0,0.0,False,False
final_quality_mask,1000,674,1525,674000,1525000,10471.992478451442,1.0,1.0,0.0,0.0,0.0,0.0,False,False
final_quality_mask,1000,674,1526,674000,1526000,13158.899615234246,1.0,1.0,0.0,0.0,0.0,0.0,False,False
final_quality_mask,1000,674,1527,674000,1527000,8116.971916794975,1.0,1.0,0.0,0.0,0.0,0.0,False,False
final_quality_mask,1000,674,1528,674000,1528000,9216.76373151876,0.999985813800399,0.9876545339593663,0.13075084997035447,113.7852436520091,113.65449280203939,0.0010044802254247352,False,False
final_quality_mask,1000,674,1529,674000,1529000,11058.7003885524,1.0,1.0,0.0,0.0,0.0,0.0,False,False
final_quality_mask,1000,674,1530,674000,1530000,9052.722034987473,1.0,1.0,0.0,0.0,0.0,0.0,False,False
final_quality_mask,1000,674,1531,674000,1531000,10536.570473412306,1.0,1.0,0.0,0.0,0.0,0.0,False,False
final_quality_mask,1000,674,1532,674000,1532000,5757.824263727753,0.9999635819494113,0.9259260851408204,0.20968873531728605,426.5045842854879,426.2948955501706,0.003767601105971991,False,False
final_quality_mask,1000,674,1533,674000,1533000,7942.9213576418115,1.0,1.0,0.0,0.0,0.0,0.0,False,False
final_quality_mask,1000,674,1534,674000,1534000,12672.741832949923,1.0,1.0,0.0,0.0,0.0,0.0,False,False
final_quality_mask,1000,674,1535,674000,1535000,9768.8832069017,1.0,1.0,0.0,0.0,0.0,0.0,False,False
final_quality_mask,1000,674,1536,674000,1536000,12093.434674966999,1.0,1.0,0.0,0.0,0.0,0.0,False,False
final_quality_mask,1000,674,1537,674000,1537000,16113.43653155584,1.0,1.0,0.0,0.0,0.0,0.0,False,False
final_quality_mask,1000,674,1538,674000,1538000,24022.593222011496,1.0,1.0,0.0,0.0,0.0,0.0,False,False
final_quality_mask,1000,674,1539,674000,1539000,21608.426794428116,1.0,1.0,0.0,0.0,0.0,0.0,False,False
final_quality_mask,1000,674,1540,674000,1540000,27730.95119655369,1.0,1.0,0.0,0.0,0.0,0.0,False,False
final_quality_mask,1000,674,1541,674000,1541000,27254.76276581861,1.0,1.0,0.0,0.0,0.0,0.0,False,False
final_quality_mask,1000,674,1542,674000,1542000,24247.4301533083,1.0,1.0,0.0,0.0,0.0,0.0,False,False
final_quality_mask,1000,674,1543,674000,1543000,15071.510317303113,1.0,1.0,0.0,0.0,0.0,0.0,False,False
final_quality_mask,1000,674,1544,674000,1544000,14636.314772528052,1.0,1.0,0.0,0.0,0.0,0.0,False,False
final_quality_mask,1000,674,1545,674000,1545000,13032.177006909274,1.0,1.0,0.0,0.0,0.0,0.0,False,False
final_quality_mask,1000,674,1546,674000,1546000,11684.029932559568,1.0,1.0,0.0,0.0,0.0,0.0,False,False
final_quality_mask,1000,674,1547,674000,1547000,16557.256708157078,1.0,1.0,0.0,0.0,0.0,0.0,False,False
final_quality_mask,1000,674,1548,674000,1548000,12327.289318952231,1.0,1.0,0.0,0.0,0.0,0.0,False,False
final_quality_mask,1000,674,1549,674000,1549000,14105.80770532403,1.0,1.0,0.0,0.0,0.0,0.0,False,False
final_quality_mask,1000,674,1550,674000,1550000,17121.516347006323,1.0,1.0,0.0,0.0,0.0,0.0,False,False
final_quality_mask,1000,674,1551,674000,1551000,12276.319004296263,1.0,1.0,0.0,0.0,0.0,0.0,False,False
final_quality_mask,1000,674,1552,674000,1552000,12033.651771986786,1.0,1.0,0.0,0.0,0.0,0.0,False,False
final_quality_mask,1000,674,1553,674000,1553000,12934.984660701366,1.0,1.0,0.0,0.0,0.0,0.0,False,False
final_quality_mask,1000,675,1509,675000,1509000,820.1819203168362,0.9999989303704333,0.9761904613303048,0.0008772908320224815,19.52815314796854,19.527275857136488,0.00017258237638763616,False,False
final_quality_mask,1000,675,1510,675000,1510000,1752.137941470468,1.0,1.0,0.0,0.0,0.0,0.0,False,False
final_quality_mask,1000,675,1511,675000,1511000,2155.4853263181376,1.0,1.0,0.0,0.0,0.0,0.0,False,False
final_quality_mask,1000,675,1512,675000,1512000,1876.9652480738753,1.0,1.0,0.0,0.0,0.0,0.0,False,False
final_quality_mask,1000,675,1513,675000,1513000,1116.7838835423688,1.0,1.0,0.0,0.0,0.0,0.0,False,False
final_quality_mask,1000,675,1514,675000,1514000,1443.3896806050868,0.999401185667835,0.9506164778846456,0.8643224276454475,71.27966621323556,70.41534378559004,0.0006223319347551611,False,False
final_quality_mask,1000,675,1515,675000,1515000,4064.185984269995,0.9997537015061594,0.9259266778082234,1.0010028866136054,301.04775786013425,300.0467549735208,0.0026518180200647058,False,False
final_quality_mask,1000,675,1516,675000,1516000,8727.415998822307,1.0,1.0,0.0,0.0,0.0,0.0,False,False
final_quality_mask,1000,675,1517,675000,1517000,15813.147601785,1.0,1.0,0.0,0.0,0.0,0.0,False,False
final_quality_mask,1000,675,1518,675000,1518000,12082.461863719898,1.0,1.0,0.0,0.0,0.0,0.0,False,False
final_quality_mask,1000,675,1519,675000,1519000,14551.122138374601,1.0,1.0,0.0,0.0,0.0,0.0,False,False
final_quality_mask,1000,675,1520,675000,1520000,8807.721567760731,1.0,1.0,0.0,0.0,0.0,0.0,False,False
final_quality_mask,1000,675,1521,675000,1521000,9908.611505971783,1.0,1.0,0.0,0.0,0.0,0.0,False,False
final_quality_mask,1000,675,1522,675000,1522000,5150.419505709316,1.0,1.0,0.0,0.0,0.0,0.0,False,False
final_quality_mask,1000,675,1523,675000,1523000,6127.41460836996,1.0,1.0,0.0,0.0,0.0,0.0,False,False
final_quality_mask,1000,675,1524,675000,1524000,9591.846545418182,1.0,1.0,0.0,0.0,0.0,0.0,False,False
final_quality_mask,1000,675,1525,675000,1525000,7125.584641307832,1.0,1.0,0.0,0.0,0.0,0.0,False,False
final_quality_mask,1000,675,1526,675000,1526000,8781.731199253636,1.0,1.0,0.0,0.0,0.0,0.0,False,False
final_quality_mask,1000,675,1527,675000,1527000,9202.798511375988,1.0,1.0,0.0,0.0,0.0,0.0,False,False
final_quality_mask,1000,675,1528,675000,1528000,5313.57909933019,1.0,1.0,0.0,0.0,0.0,0.0,False,False
final_quality_mask,1000,675,1529,675000,1529000,10587.462613265492,1.0,1.0,0.0,0.0,0.0,0.0,False,False
final_quality_mask,1000,675,1530,675000,1530000,12295.051902907488,1.0,1.0,0.0,0.0,0.0,0.0,False,False
final_quality_mask,1000,675,1531,675000,1531000,9969.724922540388,1.0,1.0,0.0,0.0,0.0,0.0,False,False
final_quality_mask,1000,675,1532,675000,1532000,9311.544086017711,1.0,1.0,0.0,0.0,0.0,0.0,False,False
final_quality_mask,1000,675,1533,675000,1533000,9487.682509654021,1.0,1.0,0.0,0.0,0.0,0.0,False,False
final_quality_mask,1000,675,1534,675000,1534000,7646.34536689569,1.0,1.0,0.0,0.0,0.0,0.0,False,False
final_quality_mask,1000,675,1535,675000,1535000,10733.57642411027,1.0,1.0,0.0,0.0,0.0,0.0,False,False
final_quality_mask,1000,675,1536,675000,1536000,14650.276707961737,1.0,1.0,0.0,0.0,0.0,0.0,False,False
final_quality_mask,1000,675,1537,675000,1537000,15223.66161789421,1.0,1.0,0.0,0.0,0.0,0.0,False,False
final_quality_mask,1000,675,1538,675000,1538000,17725.786131239354,1.0,1.0,0.0,0.0,0.0,0.0,False,False
final_quality_mask,1000,675,1539,675000,1539000,19503.811169628643,1.0,1.0,0.0,0.0,0.0,0.0,False,False
final_quality_mask,1000,675,1540,675000,1540000,23986.813268350554,1.0,1.0,0.0,0.0,0.0,0.0,False,False
final_quality_mask,1000,675,1541,675000,1541000,22887.98138230379,1.0,1.0,0.0,0.0,0.0,0.0,False,False
final_quality_mask,1000,675,1542,675000,1542000,25007.672255805457,1.0,1.0,0.0,0.0,0.0,0.0,False,False
final_quality_mask,1000,675,1543,675000,1543000,14778.034585096073,1.0,1.0,0.0,0.0,0.0,0.0,False,False
final_quality_mask,1000,675,1544,675000,1544000,15330.950267580163,1.0,1.0,0.0,0.0,0.0,0.0,False,False
final_quality_mask,1000,675,1545,675000,1545000,15208.37118077786,1.0,1.0,0.0,0.0,0.0,0.0,False,False
final_quality_mask,1000,675,1546,675000,1546000,11853.137138405273,1.0,1.0,0.0,0.0,0.0,0.0,False,False
final_quality_mask,1000,675,1547,675000,1547000,17193.283174806093,1.0,1.0,0.0,0.0,0.0,0.0,False,False
final_quality_mask,1000,675,1548,675000,1548000,11418.518257008845,1.0,1.0,0.0,0.0,0.0,0.0,False,False
final_quality_mask,1000,675,1549,675000,1549000,12573.623585977932,1.0,1.0,0.0,0.0,0.0,0.0,False,False
final_quality_mask,1000,675,1550,675000,1550000,15338.7373630099,1.0,1.0,0.0,0.0,0.0,0.0,False,False
final_quality_mask,1000,675,1551,675000,1551000,13883.771334157986,1.0,1.0,0.0,0.0,0.0,0.0,False,False
final_quality_mask,1000,675,1552,675000,1552000,11597.665561989868,1.0,1.0,0.0,0.0,0.0,0.0,False,False
final_quality_mask,1000,675,1553,675000,1553000,8138.599289721173,1.0,1.0,0.0,0.0,0.0,0.0,False,False
final_quality_mask,1000,676,1509,676000,1509000,201.02712478683574,0.9992035884283373,0.9722220402618924,0.16010032839830046,5.584123378596255,5.424023050197945,4.793760248142191e-05,False,False
final_quality_mask,1000,676,1510,676000,1510000,161.98941940160034,0.9973762221181867,0.9285711725068774,0.4250242557137085,11.570714294148003,11.145690038434282,9.850578684839989e-05,False,False
final_quality_mask,1000,676,1511,676000,1511000,139.9003048512326,0.9998700902412349,0.8850581506964025,0.018174414854399856,16.08039975773773,16.062225342883323,0.0001419582045150161,False,False
final_quality_mask,1000,676,1512,676000,1512000,526.4407022534069,1.0,1.0,0.0,0.0,0.0,0.0,False,False
final_quality_mask,1000,676,1513,676000,1513000,715.3635068983147,1.0,1.0,0.0,0.0,0.0,0.0,False,False
final_quality_mask,1000,676,1514,676000,1514000,806.4490359768397,1.0,0.9555549268071831,0.0,35.84268643026725,35.842686430267236,0.0003167782360175813,False,False
final_quality_mask,1000,676,1515,676000,1515000,3675.7301497357494,1.0,1.0,0.0,0.0,0.0,0.0,False,False
final_quality_mask,1000,676,1516,676000,1516000,9534.533130184676,1.0,1.0,0.0,0.0,0.0,0.0,False,False
final_quality_mask,1000,676,1517,676000,1517000,8145.071685981443,1.0,1.0,0.0,0.0,0.0,0.0,False,False
final_quality_mask,1000,676,1518,676000,1518000,9844.003792340118,1.0,1.0,0.0,0.0,0.0,0.0,False,False
final_quality_mask,1000,676,1519,676000,1519000,3722.1093185831032,1.0,1.0,0.0,0.0,0.0,0.0,False,False
final_quality_mask,1000,676,1520,676000,1520000,9765.352142444926,1.0,1.0,0.0,0.0,0.0,0.0,False,False
final_quality_mask,1000,676,1521,676000,1521000,11400.165300496277,1.0,1.0,0.0,0.0,0.0,0.0,False,False
final_quality_mask,1000,676,1522,676000,1522000,10049.121888558268,1.0,1.0,0.0,0.0,0.0,0.0,False,False
final_quality_mask,1000,676,1523,676000,1523000,8180.781753129504,1.0,1.0,0.0,0.0,0.0,0.0,False,False
final_quality_mask,1000,676,1524,676000,1524000,5921.3107195122875,1.0,1.0,0.0,0.0,0.0,0.0,False,False
final_quality_mask,1000,676,1525,676000,1525000,9198.64750463262,1.0,1.0,0.0,0.0,0.0,0.0,False,False
final_quality_mask,1000,676,1526,676000,1526000,9076.895173334617,1.0,1.0,0.0,0.0,0.0,0.0,False,False
final_quality_mask,1000,676,1527,676000,1527000,5446.123572412193,1.0,1.0,0.0,0.0,0.0,0.0,False,False
final_quality_mask,1000,676,1528,676000,1528000,5981.04213852067,1.0,1.0,0.0,0.0,0.0,0.0,False,False
final_quality_mask,1000,676,1529,676000,1529000,9129.921028871782,1.0,1.0,0.0,0.0,0.0,0.0,False,False
final_quality_mask,1000,676,1530,676000,1530000,9834.617982026462,1.0,1.0,0.0,0.0,0.0,0.0,False,False
final_quality_mask,1000,676,1531,676000,1531000,13155.308011307501,1.0,1.0,0.0,0.0,0.0,0.0,False,False
final_quality_mask,1000,676,1532,676000,1532000,9954.71916243792,1.0,1.0,0.0,0.0,0.0,0.0,False,False
final_quality_mask,1000,676,1533,676000,1533000,8038.025550970936,1.0,1.0,0.0,0.0,0.0,0.0,False,False
final_quality_mask,1000,676,1534,676000,1534000,7343.67994353242,1.0,1.0,0.0,0.0,0.0,0.0,False,False
final_quality_mask,1000,676,1535,676000,1535000,8022.651917069351,1.0,1.0,0.0,0.0,0.0,0.0,False,False
final_quality_mask,1000,676,1536,676000,1536000,14687.39610319839,1.0,1.0,0.0,0.0,0.0,0.0,False,False
final_quality_mask,1000,676,1537,676000,1537000,15313.089901086085,1.0,1.0,0.0,0.0,0.0,0.0,False,False
final_quality_mask,1000,676,1538,676000,1538000,17306.47227996347,1.0,1.0,0.0,0.0,0.0,0.0,False,False
final_quality_mask,1000,676,1539,676000,1539000,18991.017951298043,1.0,1.0,0.0,0.0,0.0,0.0,False,False
final_quality_mask,1000,676,1540,676000,1540000,25627.83952693822,1.0,1.0,0.0,0.0,0.0,0.0,False,False
final_quality_mask,1000,676,1541,676000,1541000,27406.028360415574,1.0,1.0,0.0,0.0,0.0,0.0,False,False
final_quality_mask,1000,676,1542,676000,1542000,13944.036318696131,1.0,1.0,0.0,0.0,0.0,0.0,False,False
final_quality_mask,1000,676,1543,676000,1543000,15577.552574730387,1.0,1.0,0.0,0.0,0.0,0.0,False,False
final_quality_mask,1000,676,1544,676000,1544000,15978.835263779061,1.0,1.0,0.0,0.0,0.0,0.0,False,False
final_quality_mask,1000,676,1545,676000,1545000,9878.068827819556,1.0,1.0,0.0,0.0,0.0,0.0,False,False
final_quality_mask,1000,676,1546,676000,1546000,12666.511781806506,1.0,1.0,0.0,0.0,0.0,0.0,False,False
final_quality_mask,1000,676,1547,676000,1547000,12852.57834020886,1.0,1.0,0.0,0.0,0.0,0.0,False,False
final_quality_mask,1000,676,1548,676000,1548000,10527.562374684907,1.0,1.0,0.0,0.0,0.0,0.0,False,False
final_quality_mask,1000,676,1549,676000,1549000,13237.625016614431,1.0,1.0,0.0,0.0,0.0,0.0,False,False
final_quality_mask,1000,676,1550,676000,1550000,12851.006118515226,1.0,1.0,0.0,0.0,0.0,0.0,False,False
final_quality_mask,1000,676,1551,676000,1551000,15593.743606360384,1.0,1.0,0.0,0.0,0.0,0.0,False,False
final_quality_mask,1000,676,1552,676000,1552000,11987.241391882817,1.0,1.0,0.0,0.0,0.0,0.0,False,False
final_quality_mask,1000,676,1553,676000,1553000,8279.717451337403,1.0,1.0,0.0,0.0,0.0,0.0,False,False
final_quality_mask,1000,677,1509,677000,1509000,734.4927753521583,1.0,1.0,0.0,0.0,0.0,0.0,False,False
final_quality_mask,1000,677,1510,677000,1510000,1145.186860403691,0.9999996562237373,0.9888890343941769,0.0003936880589208158,12.724131818185999,12.723738130127003,0.0001124526011255574,False,False
final_quality_mask,1000,677,1511,677000,1511000,955.755224722856,1.0,1.0,0.0,0.0,0.0,0.0,False,False
final_quality_mask,1000,677,1512,677000,1512000,1195.9247268154547,1.0,1.0,0.0,0.0,0.0,0.0,False,False
final_quality_mask,1000,677,1513,677000,1513000,435.99336214282056,0.9995316684090374,0.9770118136738861,0.2041894649414644,10.022696645888004,9.81850718094654,8.677612352403715e-05,False,False
final_quality_mask,1000,677,1514,677000,1514000,2903.578883789419,1.0,1.0,0.0,0.0,0.0,0.0,False,False
final_quality_mask,1000,677,1515,677000,1515000,9568.056709808248,1.0,1.0,0.0,0.0,0.0,0.0,False,False
final_quality_mask,1000,677,1516,677000,1516000,8255.686260484355,1.0,1.0,0.0,0.0,0.0,0.0,False,False
final_quality_mask,1000,677,1517,677000,1517000,6542.678318660496,1.0,1.0,0.0,0.0,0.0,0.0,False,False
final_quality_mask,1000,677,1518,677000,1518000,7350.211575324963,1.0,1.0,0.0,0.0,0.0,0.0,False,False
final_quality_mask,1000,677,1519,677000,1519000,6979.309287102502,1.0,1.0,0.0,0.0,0.0,0.0,False,False
final_quality_mask,1000,677,1520,677000,1520000,8772.463254369553,1.0,1.0,0.0,0.0,0.0,0.0,False,False
final_quality_mask,1000,677,1521,677000,1521000,8116.444978010374,1.0,1.0,0.0,0.0,0.0,0.0,False,False
final_quality_mask,1000,677,1522,677000,1522000,7227.387777990297,1.0,1.0,0.0,0.0,0.0,0.0,False,False
final_quality_mask,1000,677,1523,677000,1523000,8284.63780574322,1.0,1.0,0.0,0.0,0.0,0.0,False,False
final_quality_mask,1000,677,1524,677000,1524000,5349.048075413643,1.0,1.0,0.0,0.0,0.0,0.0,False,False
final_quality_mask,1000,677,1525,677000,1525000,8642.515056219032,1.0,1.0,0.0,0.0,0.0,0.0,False,False
final_quality_mask,1000,677,1526,677000,1526000,9358.283905432418,1.0,1.0,0.0,0.0,0.0,0.0,False,False
final_quality_mask,1000,677,1527,677000,1527000,5426.2563855751705,1.0,1.0,0.0,0.0,0.0,0.0,False,False
final_quality_mask,1000,677,1528,677000,1528000,6133.023421339885,1.0,1.0,0.0,0.0,0.0,0.0,False,False
final_quality_mask,1000,677,1529,677000,1529000,9228.317195535159,1.0,1.0,0.0,0.0,0.0,0.0,False,False
final_quality_mask,1000,677,1530,677000,1530000,11326.816534666707,1.0,1.0,0.0,0.0,0.0,0.0,False,False
final_quality_mask,1000,677,1531,677000,1531000,10498.543721673543,1.0,1.0,0.0,0.0,0.0,0.0,False,False
final_quality_mask,1000,677,1532,677000,1532000,8001.176399205953,1.0,1.0,0.0,0.0,0.0,0.0,False,False
final_quality_mask,1000,677,1533,677000,1533000,7324.014077112943,1.0,1.0,0.0,0.0,0.0,0.0,False,False
final_quality_mask,1000,677,1534,677000,1534000,8442.483066842806,1.0,1.0,0.0,0.0,0.0,0.0,False,False
final_quality_mask,1000,677,1535,677000,1535000,7361.346222809596,1.0,1.0,0.0,0.0,0.0,0.0,False,False
final_quality_mask,1000,677,1536,677000,1536000,9264.976697569762,1.0,1.0,0.0,0.0,0.0,0.0,False,False
final_quality_mask,1000,677,1537,677000,1537000,8271.147657415055,1.0,1.0,0.0,0.0,0.0,0.0,False,False
final_quality_mask,1000,677,1538,677000,1538000,13491.00549616187,1.0,1.0,0.0,0.0,0.0,0.0,False,False
final_quality_mask,1000,677,1539,677000,1539000,22013.608224960855,1.0,1.0,0.0,0.0,0.0,0.0,False,False
final_quality_mask,1000,677,1540,677000,1540000,18768.419757926597,1.0,1.0,0.0,0.0,0.0,0.0,False,False
final_quality_mask,1000,677,1541,677000,1541000,28366.935415486834,1.0,1.0,0.0,0.0,0.0,0.0,False,False
final_quality_mask,1000,677,1542,677000,1542000,17826.113085776076,1.0,1.0,0.0,0.0,0.0,0.0,False,False
final_quality_mask,1000,677,1543,677000,1543000,7953.64612083583,1.0,1.0,0.0,0.0,0.0,0.0,False,False
final_quality_mask,1000,677,1544,677000,1544000,15347.14174736418,1.0,1.0,0.0,0.0,0.0,0.0,False,False
final_quality_mask,1000,677,1545,677000,1545000,8740.885840188777,1.0,1.0,0.0,0.0,0.0,0.0,False,False
final_quality_mask,1000,677,1546,677000,1546000,10013.893786561704,1.0,1.0,0.0,0.0,0.0,0.0,False,False
final_quality_mask,1000,677,1547,677000,1547000,9376.542626465165,1.0,1.0,0.0,0.0,0.0,0.0,False,False
final_quality_mask,1000,677,1548,677000,1548000,10041.66081105854,1.0,1.0,0.0,0.0,0.0,0.0,False,False
final_quality_mask,1000,677,1549,677000,1549000,8854.583491044801,1.0,1.0,0.0,0.0,0.0,0.0,False,False
final_quality_mask,1000,677,1550,677000,1550000,8954.92937163189,1.0,1.0,0.0,0.0,0.0,0.0,False,False
final_quality_mask,1000,677,1551,677000,1551000,9165.303525209718,1.0,1.0,0.0,0.0,0.0,0.0,False,False
final_quality_mask,1000,677,1552,677000,1552000,7222.713491809661,1.0,1.0,0.0,0.0,0.0,0.0,False,False
final_quality_mask,1000,677,1553,677000,1553000,10541.049929857909,1.0,1.0,0.0,0.0,0.0,0.0,False,False
final_quality_mask,1000,678,1509,678000,1509000,173.83038144606536,1.0,1.0,0.0,0.0,0.0,0.0,False,False
final_quality_mask,1000,678,1510,678000,1510000,504.37134744028333,1.0,1.0,0.0,0.0,0.0,0.0,False,False
final_quality_mask,1000,678,1511,678000,1511000,153.26837104913128,1.0,1.0,0.0,0.0,0.0,0.0,False,False
final_quality_mask,1000,678,1512,678000,1512000,478.5721309846938,1.0,1.0,0.0,0.0,0.0,0.0,False,False
final_quality_mask,1000,678,1513,678000,1513000,64.49911523929063,0.9164423867167428,0.736844011839888,5.389392128276889,16.973328406248463,11.583936277971574,0.0001023790141237062,False,False
final_quality_mask,1000,678,1514,678000,1514000,2579.0187420369803,1.0,1.0,0.0,0.0,0.0,0.0,False,False
final_quality_mask,1000,678,1515,678000,1515000,5402.9393367902285,1.0,1.0,0.0,0.0,0.0,0.0,False,False
final_quality_mask,1000,678,1516,678000,1516000,4492.245776485648,1.0,1.0,0.0,0.0,0.0,0.0,False,False
final_quality_mask,1000,678,1517,678000,1517000,3412.867445819994,1.0,1.0,0.0,0.0,0.0,0.0,False,False
final_quality_mask,1000,678,1518,678000,1518000,4843.405778414887,1.0,1.0,0.0,0.0,0.0,0.0,False,False
final_quality_mask,1000,678,1519,678000,1519000,2472.4463166966893,1.0,1.0,0.0,0.0,0.0,0.0,False,False
final_quality_mask,1000,678,1520,678000,1520000,2389.790956468278,1.0,1.0,0.0,0.0,0.0,0.0,False,False
final_quality_mask,1000,678,1521,678000,1521000,1293.8590392158835,1.0,1.0,0.0,0.0,0.0,0.0,False,False
final_quality_mask,1000,678,1522,678000,1522000,3005.65278861703,1.0,1.0,0.0,0.0,0.0,0.0,False,False
final_quality_mask,1000,678,1523,678000,1523000,4161.823618150656,1.0,1.0,0.0,0.0,0.0,0.0,False,False
final_quality_mask,1000,678,1524,678000,1524000,2451.463323336665,1.0,1.0,0.0,0.0,0.0,0.0,False,False
final_quality_mask,1000,678,1525,678000,1525000,2875.568301515734,1.0,1.0,0.0,0.0,0.0,0.0,False,False
final_quality_mask,1000,678,1526,678000,1526000,1378.5122389074036,1.0,1.0,0.0,0.0,0.0,0.0,False,False
final_quality_mask,1000,678,1527,678000,1527000,1563.665890519036,1.0,1.0,0.0,0.0,0.0,0.0,False,False
final_quality_mask,1000,678,1528,678000,1528000,1324.4484723330004,1.0,1.0,0.0,0.0,0.0,0.0,False,False
final_quality_mask,1000,678,1529,678000,1529000,2615.7561412634022,1.0,1.0,0.0,0.0,0.0,0.0,False,False
final_quality_mask,1000,678,1530,678000,1530000,3956.8703792907113,1.0,1.0,0.0,0.0,0.0,0.0,False,False
final_quality_mask,1000,678,1531,678000,1531000,4772.297341892978,1.0,1.0,0.0,0.0,0.0,0.0,False,False
final_quality_mask,1000,678,1532,678000,1532000,3534.2353402369117,1.0,1.0,0.0,0.0,0.0,0.0,False,False
final_quality_mask,1000,678,1533,678000,1533000,2811.825270217682,1.0,1.0,0.0,0.0,0.0,0.0,False,False
final_quality_mask,1000,678,1534,678000,1534000,3589.0559366704724,1.0,1.0,0.0,0.0,0.0,0.0,False,False
final_quality_mask,1000,678,1535,678000,1535000,2862.5039541124197,1.0,1.0,0.0,0.0,0.0,0.0,False,False
final_quality_mask,1000,678,1536,678000,1536000,3454.9740152782806,1.0,1.0,0.0,0.0,0.0,0.0,False,False
final_quality_mask,1000,678,1537,678000,1537000,3620.663640118135,1.0,1.0,0.0,0.0,0.0,0.0,False,False
final_quality_mask,1000,678,1538,678000,1538000,3069.3357108790788,1.0,1.0,0.0,0.0,0.0,0.0,False,False
final_quality_mask,1000,678,1539,678000,1539000,4357.319490532326,1.0,1.0,0.0,0.0,0.0,0.0,False,False
final_quality_mask,1000,678,1540,678000,1540000,3968.530404822682,1.0,1.0,0.0,0.0,0.0,0.0,False,False
final_quality_mask,1000,678,1541,678000,1541000,5191.924252232448,1.0,1.0,0.0,0.0,0.0,0.0,False,False
final_quality_mask,1000,678,1542,678000,1542000,3334.1306132673276,1.0,1.0,0.0,0.0,0.0,0.0,False,False
final_quality_mask,1000,678,1543,678000,1543000,2308.8777034193195,1.0,1.0,0.0,0.0,0.0,0.0,False,False
final_quality_mask,1000,678,1544,678000,1544000,3036.0215532630664,1.0,1.0,0.0,0.0,0.0,0.0,False,False
final_quality_mask,1000,678,1545,678000,1545000,1073.2448541943288,1.0,1.0,0.0,0.0,0.0,0.0,False,False
final_quality_mask,1000,678,1546,678000,1546000,1360.7948793415949,1.0,1.0,0.0,0.0,0.0,0.0,False,False
final_quality_mask,1000,678,1547,678000,1547000,1222.7363345324861,1.0,1.0,0.0,0.0,0.0,0.0,False,False
final_quality_mask,1000,678,1548,678000,1548000,1266.7084091047986,1.0,1.0,0.0,0.0,0.0,0.0,False,False
final_quality_mask,1000,678,1549,678000,1549000,2043.1036724595078,1.0,1.0,0.0,0.0,0.0,0.0,False,False
final_quality_mask,1000,678,1550,678000,1550000,1678.791722526614,1.0,1.0,0.0,0.0,0.0,0.0,False,False
final_quality_mask,1000,678,1551,678000,1551000,1419.4334075736967,1.0,1.0,0.0,0.0,0.0,0.0,False,False
final_quality_mask,1000,678,1552,678000,1552000,1896.3239536246042,1.0,1.0,0.0,0.0,0.0,0.0,False,False
final_quality_mask,1000,678,1553,678000,1553000,1616.7392356341338,1.0,1.0,0.0,0.0,0.0,0.0,False,False
