replicate,mechanism,missing_pixel_fraction,hazard,truth,observed,hidden,unsupported_exposure,hidden_share_of_unsupported,bound_lower,bound_upper
0,random,0.1,density_positive,14164961.678728703,12761276.991150513,1403684.6875781901,1437468.129036333,0.9764979544410554,12761276.991150513,14198745.120186847
0,random,0.1,density_negative,338405.4862816685,304622.04482352413,33783.44145814434,1437468.129036333,0.023502045558945705,304622.04482352413,1742090.173859857
0,random,0.1,independent,7862363.248453485,7089707.467101043,772655.7813524418,1437468.129036333,0.5375115912103205,7089707.467101043,8527175.596137377
0,random,0.3,density_positive,14164961.678728703,9910185.072293172,4254776.606435532,4356434.301650374,0.9766649309559584,9910185.072293172,14266619.373943545
0,random,0.3,density_negative,338405.4862816685,236747.791066823,101657.69521484547,4356434.301650374,0.023335069044042252,236747.791066823,4593182.092717197
0,random,0.3,independent,7862363.248453485,5508246.946293673,2354116.3021598123,4356434.301650374,0.5403768630845617,5508246.946293673,9864681.247944046
0,random,0.5,density_positive,14164961.678728703,7087997.513100481,7076964.165628223,7247369.816610313,0.9764872422279961,7087997.513100481,14335367.329710793
0,random,0.5,density_negative,338405.4862816685,167999.83529957576,170405.65098209272,7247369.816610313,0.02351275777200419,167999.83529957576,7415369.651909889
0,random,0.5,independent,7862363.248453485,3941550.350151678,3920812.8983018068,7247369.816610313,0.5409980444651327,3941550.350151678,11188920.16676199
0,spatial,0.1,density_positive,14164961.678728703,12521372.61195072,1643589.0667779837,1672804.330945218,0.9825351575036118,12521372.61195072,14194176.942895938
0,spatial,0.1,density_negative,338405.4862816685,309190.22211443505,29215.26416723343,1672804.330945218,0.017464842496387696,309190.22211443505,1981994.553059653
0,spatial,0.1,independent,7862363.248453485,6775357.73224491,1087005.516208575,1672804.330945218,0.649810319174845,6775357.73224491,8448162.063190129
0,spatial,0.3,density_positive,14164961.678728703,9736609.639718603,4428352.0390101,4524198.928492306,0.9788146164664455,9736609.639718603,14260808.56821091
0,spatial,0.3,density_negative,338405.4862816685,242558.59679946327,95846.88948220521,4524198.928492306,0.02118538353355437,242558.59679946327,4766757.525291769
0,spatial,0.3,independent,7862363.248453485,5234152.7415666655,2628210.5068868194,4524198.928492306,0.5809228436740453,5234152.7415666655,9758351.670058971
0,spatial,0.5,density_positive,14164961.678728703,7026428.671064795,7138533.007663908,7307132.257784273,0.976926755370993,7026428.671064795,14333560.928849068
0,spatial,0.5,density_negative,338405.4862816685,169806.23616130353,168599.25012036494,7307132.257784273,0.023073244629007027,169806.23616130353,7476938.493945576
0,spatial,0.5,independent,7862363.248453485,3814605.7258024914,4047757.5226509934,7307132.257784273,0.5539461145429421,3814605.7258024914,11121737.983586764
0,density_positive,0.1,density_positive,14164961.678728703,10893338.113938536,3271623.564790167,3273084.5329553927,0.9995536417863591,10893338.113938536,14166422.64689393
0,density_positive,0.1,density_negative,338405.4862816685,336944.5181164408,1460.9681652276777,3273084.5329553927,0.000446358213641526,336944.5181164408,3610029.0510718334
0,density_positive,0.1,independent,7862363.248453485,5798278.229658813,2064085.0187946716,3273084.5329553927,0.6306238039415776,5798278.229658813,9071362.762614205
0,density_positive,0.3,density_positive,14164961.678728703,6226862.458423596,7938099.2203051075,7953020.144277065,0.998123866945981,6226862.458423596,14179882.602700662
0,density_positive,0.3,density_negative,338405.4862816685,323484.5623097069,14920.923971961602,7953020.144277065,0.0018761330540195587,323484.5623097069,8276504.706586772
0,density_positive,0.3,independent,7862363.248453485,3287424.008215533,4574939.240237951,7953020.144277065,0.5752455239950629,3287424.008215533,11240444.152492598
0,density_positive,0.5,density_positive,14164961.678728703,2801664.218442394,11363297.46028631,11421269.927369462,0.9949241662746952,2801664.218442394,14222934.145811856
0,density_positive,0.5,density_negative,338405.4862816685,280433.0191985147,57972.46708315378,11421269.927369462,0.005075833725305006,280433.0191985147,11701702.946567977
0,density_positive,0.5,independent,7862363.248453485,1429762.4414317417,6432600.807021743,11421269.927369462,0.5632123965135367,1429762.4414317417,12851032.368801204
0,density_negative,0.1,density_positive,14164961.678728703,14164518.24530572,443.4334229826927,4941.98814428065,0.08972773912779962,14164518.24530572,14169460.233450001
0,density_negative,0.1,density_negative,338405.4862816685,333906.9315603693,4498.554721299151,4941.98814428065,0.9102722608724421,333906.9315603693,338848.91970464995
0,density_negative,0.1,independent,7862363.248453485,7860050.125610963,2313.1228425214067,4941.98814428065,0.4680551176955731,7860050.125610963,7864992.113755244
0,density_negative,0.3,density_positive,14164961.678728703,13575233.971143551,589727.7075851522,765460.6510874724,0.7704219762927585,13575233.971143551,14340694.622231023
0,density_negative,0.3,density_negative,338405.4862816685,162672.54277934937,175732.9435023191,765460.6510874724,0.22957802370723998,162672.54277934937,928133.1938668218
0,density_negative,0.3,independent,7862363.248453485,7439988.104869837,422375.1435836479,765460.6510874724,0.5517921045106489,7439988.104869837,8205448.755957309
0,density_negative,0.5,density_positive,14164961.678728703,11140721.502195176,3024240.1765335277,3300279.705869958,0.9163587471554427,11140721.502195176,14441001.208065134
0,density_negative,0.5,density_negative,338405.4862816685,62365.95694523678,276039.5293364317,3300279.705869958,0.08364125284455771,62365.95694523678,3362645.6628151946
0,density_negative,0.5,independent,7862363.248453485,6108716.413968078,1753646.834485407,3300279.705869958,0.5313630936694026,6108716.413968078,9408996.119838037
1,random,0.1,density_positive,14164961.678728703,12746596.619449448,1418365.0592792556,1452023.8094026858,0.9768194227219481,12746596.619449448,14198620.428852133
1,random,0.1,density_negative,338405.4862816685,304746.73615823186,33658.75012343662,1452023.8094026858,0.02318057727805628,304746.73615823186,1756770.5455609178
1,random,0.1,independent,7862363.248453485,7084364.984048996,777998.2644044887,1452023.8094026858,0.5358026909521072,7084364.984048996,8536388.793451682
1,random,0.3,density_positive,14164961.678728703,9890815.284873728,4274146.393854976,4374483.2927132705,0.9770631427429545,9890815.284873728,14265298.577586997
1,random,0.3,density_negative,338405.4862816685,238068.5874233726,100336.89885829587,4374483.2927132705,0.022936857257045775,238068.5874233726,4612551.880136644
1,random,0.3,independent,7862363.248453485,5501472.032009444,2360891.2164440406,4374483.2927132705,0.53969601858502,5501472.032009444,9875955.324722715
1,random,0.5,density_positive,14164961.678728703,7056938.625646274,7108023.05308243,7275724.287620694,0.9769505786765998,7056938.625646274,14332662.913266968
1,random,0.5,density_negative,338405.4862816685,170704.2517434023,167701.23453826617,7275724.287620694,0.023049421323400338,170704.2517434023,7446428.539364097
1,random,0.5,independent,7862363.248453485,3925310.3150969106,3937052.9333565743,7275724.287620694,0.5411217877037048,3925310.3150969106,11201034.602717604
1,spatial,0.1,density_positive,14164961.678728703,12809628.075796086,1355333.602932617,1387753.767765155,0.9766383881740436,12809628.075796086,14197381.843561241
1,spatial,0.1,density_negative,338405.4862816685,305985.32144912716,32420.16483254131,1387753.767765155,0.02336161182595879,305985.32144912716,1693739.089214282
1,spatial,0.1,independent,7862363.248453485,7142565.64489458,719797.6035589045,1387753.767765155,0.5186781836075068,7142565.64489458,8530319.412659734
1,spatial,0.3,density_positive,14164961.678728703,9863360.562278446,4301601.116450258,4399101.3339843815,0.977836332893515,9863360.562278446,14262461.896262828
1,spatial,0.3,density_negative,338405.4862816685,240905.268747542,97500.21753412648,4399101.3339843815,0.022163667106485582,240905.268747542,4640006.602731924
1,spatial,0.3,independent,7862363.248453485,5606651.60342306,2255711.645030425,4399101.3339843815,0.5127664660971489,5606651.60342306,10005752.937407441
1,spatial,0.5,density_positive,14164961.678728703,7058673.617688803,7106288.0610399,7269417.228922258,0.9775595260603108,7058673.617688803,14328090.84661106
1,spatial,0.5,density_negative,338405.4862816685,175276.3183993078,163129.16788236066,7269417.228922258,0.02244047393968962,175276.3183993078,7444693.547321566
1,spatial,0.5,independent,7862363.248453485,3955524.089159469,3906839.1592940157,7269417.228922258,0.5374349877387946,3955524.089159469,11224941.318081727
1,density_positive,0.1,density_positive,14164961.678728703,11099435.032094583,3065526.6466341205,3066841.6783445682,0.9995712097824503,11099435.032094583,14166276.710439151
1,density_positive,0.1,density_negative,338405.4862816685,337090.4545712206,1315.03171044786,3066841.6783445682,0.0004287902175497018,337090.4545712206,3403932.132915789
1,density_positive,0.1,independent,7862363.248453485,6143224.88742092,1719138.3610325651,3066841.6783445682,0.560556605569717,6143224.88742092,9210066.565765489
1,density_positive,0.3,density_positive,14164961.678728703,6314134.562482822,7850827.116245882,7868382.504192109,0.997768869531079,6314134.562482822,14182517.066674931
1,density_positive,0.3,density_negative,338405.4862816685,320850.09833544097,17555.387946227507,7868382.504192109,0.002231130468920946,320850.09833544097,8189232.60252755
1,density_positive,0.3,independent,7862363.248453485,3448650.0590686714,4413713.189384813,7868382.504192109,0.5609428859150251,3448650.0590686714,11317032.56326078
1,density_positive,0.5,density_positive,14164961.678728703,2754867.7017107853,11410093.977017919,11472137.750340527,0.9945917862326255,2754867.7017107853,14227005.452051312
1,density_positive,0.5,density_negative,338405.4862816685,276361.71295905794,62043.773322610534,11472137.750340527,0.005408213767374689,276361.71295905794,11748499.463299586
1,density_positive,0.5,independent,7862363.248453485,1455458.676352602,6406904.572100883,11472137.750340527,0.5584752128617622,1455458.676352602,12927596.426693128
1,density_negative,0.1,density_positive,14164961.678728703,14164735.06346272,226.61526598408818,5075.2494866496145,0.044651059338106834,14164735.06346272,14169810.312949369
1,density_negative,0.1,density_negative,338405.4862816685,333556.8520610033,4848.634220665204,5075.2494866496145,0.9553489406618297,333556.8520610033,338632.1015476529
1,density_negative,0.1,independent,7862363.248453485,7859802.252814917,2560.9956385679543,5075.2494866496145,0.504604876135572,7859802.252814917,7864877.502301566
1,density_negative,0.3,density_positive,14164961.678728703,13520341.180781279,644620.4979474247,811237.8500842014,0.7946134390555335,13520341.180781279,14331579.03086548
1,density_negative,0.3,density_negative,338405.4862816685,171788.13414489102,166617.35213677745,811237.8500842014,0.20538656094446728,171788.13414489102,983025.9842290925
1,density_negative,0.3,independent,7862363.248453485,7462516.78974382,399846.45870966464,811237.8500842014,0.4928843725279375,7462516.78974382,8273754.639828022
1,density_negative,0.5,density_positive,14164961.678728703,11197488.63306251,2967473.0456661936,3240555.3990042317,0.9157297686001752,11197488.63306251,14438044.032066742
1,density_negative,0.5,density_negative,338405.4862816685,65323.13294362732,273082.35333804117,3240555.3990042317,0.08427023139982572,65323.13294362732,3305878.531947859
1,density_negative,0.5,independent,7862363.248453485,6282758.816126365,1579604.4323271196,3240555.3990042317,0.48744867401819625,6282758.816126365,9523314.215130597
2,random,0.1,density_positive,14164961.678728703,12741653.805915998,1423307.872812705,1456499.1077311968,0.977211633881332,12741653.805915998,14198152.913647195
2,random,0.1,density_negative,338405.4862816685,305214.2513631765,33191.23491849197,1456499.1077311968,0.022788366118668135,305214.2513631765,1761713.3590943734
2,random,0.1,independent,7862363.248453485,7071306.9122095965,791056.3362438884,1456499.1077311968,0.5431217444932903,7071306.9122095965,8527806.019940794
2,random,0.3,density_positive,14164961.678728703,9894434.412718417,4270527.266010286,4371082.081719522,0.9769954409847917,9894434.412718417,14265516.49443794
2,random,0.3,density_negative,338405.4862816685,237850.67057243077,100554.81570923771,4371082.081719522,0.023004559015208623,237850.67057243077,4608932.752291953
2,random,0.3,independent,7862363.248453485,5493431.817882496,2368931.430570989,4371082.081719522,0.5419553754156647,5493431.817882496,9864513.899602018
2,random,0.5,density_positive,14164961.678728703,7066859.375737378,7098102.302991325,7266146.910448085,0.9768729411161332,7066859.375737378,14333006.286185462
2,random,0.5,density_negative,338405.4862816685,170360.87882490785,168044.60745676063,7266146.910448085,0.02312705888386693,170360.87882490785,7436507.789272993
2,random,0.5,independent,7862363.248453485,3917974.6842003865,3944388.5642530983,7266146.910448085,0.5428445932714919,3917974.6842003865,11184121.594648471
2,spatial,0.1,density_positive,14164961.678728703,12695090.591477431,1469871.087251272,1501448.743376202,0.9789685420403207,12695090.591477431,14196539.334853634
2,spatial,0.1,density_negative,338405.4862816685,306827.8301567375,31577.656124931003,1501448.743376202,0.02103145795968003,306827.8301567375,1808276.5735329394
2,spatial,0.1,independent,7862363.248453485,7253833.114112578,608530.1343409065,1501448.743376202,0.40529531029647253,7253833.114112578,8755281.857488781
2,spatial,0.3,density_positive,14164961.678728703,9727786.649812927,4437175.028915776,4531861.117733455,0.979106577549968,9727786.649812927,14259647.767546382
2,spatial,0.3,density_negative,338405.4862816685,243719.39746399023,94686.08881767825,4531861.117733455,0.02089342245003177,243719.39746399023,4775580.515197446
2,spatial,0.3,independent,7862363.248453485,5648818.206575222,2213545.0418782625,4531861.117733455,0.4884406173032361,5648818.206575222,10180679.324308679
2,spatial,0.5,density_positive,14164961.678728703,7045973.495993288,7118988.182735415,7285586.163488225,0.977133208363149,7045973.495993288,14331559.659481514
2,spatial,0.5,density_negative,338405.4862816685,171807.50552885968,166597.9807528088,7285586.163488225,0.022866791636850847,171807.50552885968,7457393.669017085
2,spatial,0.5,independent,7862363.248453485,4127222.2312305197,3735141.017222965,7285586.163488225,0.5126754297329781,4127222.2312305197,11412808.394718744
2,density_positive,0.1,density_positive,14164961.678728703,11006702.457361305,3158259.2213673983,3159940.5606638934,0.9994679205940058,11006702.457361305,14166643.018025199
2,density_positive,0.1,density_negative,338405.4862816685,336724.1469851741,1681.3392964943778,3159940.5606638934,0.0005320794059939956,336724.1469851741,3496664.7076490675
2,density_positive,0.1,independent,7862363.248453485,6116333.249376949,1746029.999076536,3159940.5606638934,0.5525515323964514,6116333.249376949,9276273.810040843
2,density_positive,0.3,density_positive,14164961.678728703,6465853.6859704945,7699107.992758209,7714933.661604547,0.9979486967042764,6465853.6859704945,14180787.347575042
2,density_positive,0.3,density_negative,338405.4862816685,322579.8174353285,15825.668846339977,7714933.661604547,0.0020513032957238113,322579.8174353285,8037513.479039876
2,density_positive,0.3,independent,7862363.248453485,3730870.8071926367,4131492.441260848,7714933.661604547,0.5355188550515135,3730870.8071926367,11445804.468797185
2,density_positive,0.5,density_positive,14164961.678728703,2972526.467043373,11192435.21168533,11249632.288474442,0.9949156492121336,2972526.467043373,14222158.755517814
2,density_positive,0.5,density_negative,338405.4862816685,281208.40949255705,57197.07678911142,11249632.288474442,0.0050843507878663196,281208.40949255705,11530840.697967
2,density_positive,0.5,independent,7862363.248453485,1844032.0595887124,6018331.188864772,11249632.288474442,0.5349802584241548,1844032.0595887124,13093664.348063154
2,density_negative,0.1,density_positive,14164961.678728703,14163669.705506317,1291.973222386092,6217.352823762148,0.20780117503518375,14163669.705506317,14169887.05833008
2,density_negative,0.1,density_negative,338405.4862816685,333480.10668029316,4925.379601375316,6217.352823762148,0.7921988249646973,333480.10668029316,339697.4595040553
2,density_negative,0.1,independent,7862363.248453485,7860627.7894171225,1735.4590363623574,6217.352823762148,0.2791315026758001,7860627.7894171225,7866845.142240885
2,density_negative,0.3,density_positive,14164961.678728703,13499688.726210056,665272.9525186475,830833.4762723948,0.8007295944591103,13499688.726210056,14330522.20248245
2,density_negative,0.3,density_negative,338405.4862816685,172844.96252792058,165560.5237537479,830833.4762723948,0.19927040554089046,172844.96252792058,1003678.4388003154
2,density_negative,0.3,independent,7862363.248453485,7631743.261589425,230619.98686406016,830833.4762723948,0.277576666624889,7631743.261589425,8462576.73786182
2,density_negative,0.5,density_positive,14164961.678728703,11357883.555879889,2807078.1228488144,3084245.466206862,0.910134473278834,11357883.555879889,14442129.02208675
2,density_negative,0.5,density_negative,338405.4862816685,61238.14292362202,277167.34335804643,3084245.466206862,0.08986552672116555,61238.14292362202,3145483.609130484
2,density_negative,0.5,independent,7862363.248453485,6632350.5088791,1230012.7395743849,3084245.466206862,0.3988050734130145,6632350.5088791,9716595.975085963
3,random,0.1,density_positive,14164961.678728703,12753275.121849565,1411686.5568791386,1445690.2995737912,0.976479234380505,12753275.121849565,14198965.421423357
3,random,0.1,density_negative,338405.4862816685,304401.7435870132,34003.74269465526,1445690.2995737912,0.0235207656194968,304401.7435870132,1750092.0431608045
3,random,0.1,independent,7862363.248453485,7071424.960227147,790938.2882263381,1445690.2995737912,0.5471007784028967,7071424.960227147,8517115.259800937
3,random,0.3,density_positive,14164961.678728703,9919515.88450052,4245445.794228183,4347633.200842563,0.976495853745303,9919515.88450052,14267149.085343083
3,random,0.3,density_negative,338405.4862816685,236218.07966728506,102187.40661438342,4347633.200842563,0.023504146254697773,236218.07966728506,4583851.280509848
3,random,0.3,independent,7862363.248453485,5497604.639310928,2364758.609142557,4347633.200842563,0.5439186104026142,5497604.639310928,9845237.840153491
3,random,0.5,density_positive,14164961.678728703,7077687.873580317,7087273.805148386,7257266.244411673,0.9765762432383975,7077687.873580317,14334954.117991991
3,random,0.5,density_negative,338405.4862816685,168413.0470183818,169992.43926328668,7257266.244411673,0.023423756761602386,168413.0470183818,7425679.291430055
3,random,0.5,independent,7862363.248453485,3920712.921993236,3941650.326460249,7257266.244411673,0.5431315585941807,3920712.921993236,11177979.16640491
3,spatial,0.1,density_positive,14164961.678728703,12899582.454055406,1265379.2246732973,1299406.589582784,0.9738131504162894,12899582.454055406,14198989.04363819
3,spatial,0.1,density_negative,338405.4862816685,304378.1213721822,34027.36490948626,1299406.589582784,0.02618684958371023,304378.1213721822,1603784.7109549663
3,spatial,0.1,independent,7862363.248453485,7132043.327557131,730319.9208963541,1299406.589582784,0.562041109188808,7132043.327557131,8431449.917139914
3,spatial,0.3,density_positive,14164961.678728703,10017939.2628441,4147022.415884603,4247680.60239362,0.9763027882905568,10017939.2628441,14265619.86523772
3,spatial,0.3,density_negative,338405.4862816685,237747.29977264974,100658.18650901873,4247680.60239362,0.02369721170944365,237747.29977264974,4485427.90216627
3,spatial,0.3,independent,7862363.248453485,5575826.030204472,2286537.2182490127,4247680.60239362,0.5383025307883369,5575826.030204472,9823506.63259809
3,spatial,0.5,density_positive,14164961.678728703,7217996.431473653,6946965.247255051,7117903.396424193,0.9759847612915039,7217996.431473653,14335899.827897847
3,spatial,0.5,density_negative,338405.4862816685,167467.33711252606,170938.14916914242,7117903.396424193,0.024015238708496138,167467.33711252606,7285370.733536719
3,spatial,0.5,independent,7862363.248453485,3960794.9977719267,3901568.250681558,7117903.396424193,0.548134476318066,3960794.9977719267,11078698.39419612
3,density_positive,0.1,density_positive,14164961.678728703,10962941.451180167,3202020.227548536,3203333.7445582896,0.9995899531193135,10962941.451180167,14166275.195738457
3,density_positive,0.1,density_negative,338405.4862816685,337091.9692719165,1313.5170097519876,3203333.7445582896,0.00041004688068589293,337091.9692719165,3540425.713830206
3,density_positive,0.1,independent,7862363.248453485,5969082.079511528,1893281.168941957,3203333.7445582896,0.5910346282706871,5969082.079511528,9172415.824069817
3,density_positive,0.3,density_positive,14164961.678728703,6450282.601492743,7714679.07723596,7731938.15329635,0.9977678202129655,6450282.601492743,14182220.754789092
3,density_positive,0.3,density_negative,338405.4862816685,321146.41022127774,17259.07606039074,7731938.15329635,0.002232179787034729,321146.41022127774,8053084.563517627
3,density_positive,0.3,independent,7862363.248453485,3512396.226352833,4349967.022100652,7731938.15329635,0.5625972344652207,3512396.226352833,11244334.379649183
3,density_positive,0.5,density_positive,14164961.678728703,3108297.876405673,11056663.80232303,11122459.722641615,0.9940844092080957,3108297.876405673,14230757.599047288
3,density_positive,0.5,density_negative,338405.4862816685,272609.56596308225,65795.92031858623,11122459.722641615,0.005915590791904393,272609.56596308225,11395069.288604697
3,density_positive,0.5,independent,7862363.248453485,1714413.576806917,6147949.671646568,11122459.722641615,0.5527509044722719,1714413.576806917,12836873.299448533
3,density_negative,0.1,density_positive,14164961.678728703,14164236.155961793,725.5227669104934,4924.053017149027,0.14734259854305207,14164236.155961793,14169160.208978942
3,density_negative,0.1,density_negative,338405.4862816685,334206.9560314295,4198.530250238953,4924.053017149027,0.8526574014570331,334206.9560314295,339131.00904857856
3,density_negative,0.1,independent,7862363.248453485,7860498.695065873,1864.5533876121044,4924.053017149027,0.37866232981619286,7860498.695065873,7865422.7480830215
3,density_negative,0.3,density_positive,14164961.678728703,13555783.62400729,609178.0547214132,781253.7308911713,0.779744186343312,13555783.62400729,14337037.354898462
3,density_negative,0.3,density_negative,338405.4862816685,166329.81011190914,172075.67616975933,781253.7308911713,0.2202558136566896,166329.81011190914,947583.5410030804
3,density_negative,0.3,independent,7862363.248453485,7473784.027346171,388579.2211073134,781253.7308911713,0.4973790277635711,7473784.027346171,8255037.758237342
3,density_negative,0.5,density_positive,14164961.678728703,11393786.676046714,2771175.002681989,3049208.3724528095,0.9088178517799465,11393786.676046714,14442995.048499525
3,density_negative,0.5,density_negative,338405.4862816685,60372.11651084525,278033.3697708232,3049208.3724528095,0.0911821482200545,60372.11651084525,3109580.4889636547
3,density_negative,0.5,independent,7862363.248453485,6360255.905264236,1502107.3431892488,3049208.3724528095,0.4926220709478574,6360255.905264236,9409464.277717046
4,random,0.1,density_positive,14164961.678728703,12753727.915121384,1411233.7636073194,1444717.7095042574,0.9768231913565816,12753727.915121384,14198445.624625642
4,random,0.1,density_negative,338405.4862816685,304921.54038472835,33483.94589694013,1444717.7095042574,0.02317680864341994,304921.54038472835,1749639.2498889859
4,random,0.1,independent,7862363.248453485,7077817.149439502,784546.0990139833,1444717.7095042574,0.5430445642444527,7077817.149439502,8522534.858943759
4,random,0.3,density_positive,14164961.678728703,9902852.80133155,4262108.8773971535,4363817.648093868,0.9766927083350649,9902852.80133155,14266670.449425418
4,random,0.3,density_negative,338405.4862816685,236696.71558495183,101708.77069671665,4363817.648093868,0.0233072916649355,236696.71558495183,4600514.3636788195
4,random,0.3,independent,7862363.248453485,5499450.0462599,2362913.202193585,4363817.648093868,0.5414784467966288,5499450.0462599,9863267.694353767
4,random,0.5,density_positive,14164961.678728703,7084552.5865268195,7080409.092201884,7250251.64270185,0.9765742544024757,7084552.5865268195,14334804.22922867
4,random,0.5,density_negative,338405.4862816685,168562.935781704,169842.55049996448,7250251.64270185,0.023425745597524063,168562.935781704,7418814.578483555
4,random,0.5,independent,7862363.248453485,3936165.4023203966,3926197.846133088,7250251.64270185,0.5415257345012603,3936165.4023203966,11186417.045022247
4,spatial,0.1,density_positive,14164961.678728703,12755455.788429026,1409505.8902996778,1448582.787896597,0.9730240494893215,12755455.788429026,14204038.576325623
4,spatial,0.1,density_negative,338405.4862816685,299328.58868475276,39076.89759691572,1448582.787896597,0.02697595051067603,299328.58868475276,1747911.3765813499
4,spatial,0.1,independent,7862363.248453485,7135901.642318175,726461.6061353097,1448582.787896597,0.501498162345393,7135901.642318175,8584484.430214772
4,spatial,0.3,density_positive,14164961.678728703,9841587.51223172,4323374.166496983,4426452.048593186,0.9767132048501546,9841587.51223172,14268039.560824906
4,spatial,0.3,density_negative,338405.4862816685,235327.6041854693,103077.88209619917,4426452.048593186,0.023286795149844528,235327.6041854693,4661779.652778655
4,spatial,0.3,independent,7862363.248453485,5799391.133311169,2062972.1151423156,4426452.048593186,0.46605545310221286,5799391.133311169,10225843.181904355
4,spatial,0.5,density_positive,14164961.678728703,6911285.482624677,7253676.196104026,7422577.643028309,0.9772449066823944,6911285.482624677,14333863.125652986
4,spatial,0.5,density_negative,338405.4862816685,169504.0393573839,168901.44692428457,7422577.643028309,0.02275509331760592,169504.0393573839,7592081.682385692
4,spatial,0.5,independent,7862363.248453485,4114887.691988437,3747475.556465048,7422577.643028309,0.504875224846571,4114887.691988437,11537465.335016746
4,density_positive,0.1,density_positive,14164961.678728703,10848995.33696094,3315966.3417677637,3318763.985928696,0.9991570222610604,10848995.33696094,14167759.322889635
4,density_positive,0.1,density_negative,338405.4862816685,335607.8421207359,2797.6441609325702,3318763.985928696,0.0008429777389396673,335607.8421207359,3654371.828049432
4,density_positive,0.1,independent,7862363.248453485,6116088.378358414,1746274.8700950705,3318763.985928696,0.5261823008502989,6116088.378358414,9434852.36428711
4,density_positive,0.3,density_positive,14164961.678728703,6338803.614798187,7826158.063930516,7846464.138792231,0.9974120731959606,6338803.614798187,14185267.753590418
4,density_positive,0.3,density_negative,338405.4862816685,318099.41141995386,20306.074861714616,7846464.138792231,0.0025879268040394352,318099.41141995386,8164563.550212185
4,density_positive,0.3,independent,7862363.248453485,3602501.6364609813,4259861.6119925035,7846464.138792231,0.542902068580435,3602501.6364609813,11448965.775253212
4,density_positive,0.5,density_positive,14164961.678728703,2901453.227009685,11263508.45171902,11326158.500772066,0.9944685526828204,2901453.227009685,14227611.72778175
4,density_positive,0.5,density_negative,338405.4862816685,275755.43722862145,62650.04905304703,11326158.500772066,0.00553144731717964,275755.43722862145,11601913.938000688
4,density_positive,0.5,independent,7862363.248453485,1731330.7085464327,6131032.539907052,11326158.500772066,0.5413161522937473,1731330.7085464327,13057489.2093185
4,density_negative,0.1,density_positive,14164961.678728703,14164961.678728703,0.0,5358.807468067129,0.0,14164961.678728703,14170320.486196771
4,density_negative,0.1,density_negative,338405.4862816685,333046.6788136013,5358.807468067156,5358.807468067129,1.000000000000005,333046.6788136013,338405.4862816685
4,density_negative,0.1,independent,7862363.248453485,7859930.7974453475,2432.4510081373155,5358.807468067129,0.45391647724464296,7859930.7974453475,7865289.604913414
4,density_negative,0.3,density_positive,14164961.678728703,13534434.900331186,630526.7783975173,801837.0029898087,0.7863528074240436,13534434.900331186,14336271.903320994
4,density_negative,0.3,density_negative,338405.4862816685,167095.26168937865,171310.22459228983,801837.0029898087,0.21364719257595446,167095.26168937865,968932.2646791873
4,density_negative,0.3,independent,7862363.248453485,7493811.436261035,368551.8121924503,801837.0029898087,0.4596343281966679,7493811.436261035,8295648.439250844
4,density_negative,0.5,density_positive,14164961.678728703,11213975.877295915,2950985.8014327884,3223965.688451948,0.9153279180367964,11213975.877295915,14437941.565747863
4,density_negative,0.5,density_negative,338405.4862816685,65425.59926250945,272979.88701915904,3223965.688451948,0.08467208196320347,65425.59926250945,3289391.2877144576
4,density_negative,0.5,independent,7862363.248453485,6379536.25582422,1482826.9926292645,3223965.688451948,0.4599388256334929,6379536.25582422,9603501.944276169
5,random,0.1,density_positive,14164961.678728703,12738744.253282167,1426217.4254465364,1459603.4367065036,0.9771266561722405,12738744.253282167,14198347.68998867
5,random,0.1,density_negative,338405.4862816685,305019.4750217019,33386.01125996659,1459603.4367065036,0.02287334382775904,305019.4750217019,1764622.9117282056
5,random,0.1,independent,7862363.248453485,7065573.154201776,796790.0942517091,1459603.4367065036,0.5458949151624444,7065573.154201776,8525176.59090828
5,random,0.3,density_positive,14164961.678728703,9910603.971025387,4254357.707703317,4356608.260334661,0.9765297803884965,9910603.971025387,14267212.231360048
5,random,0.3,density_negative,338405.4862816685,236154.93365032473,102250.55263134374,4356608.260334661,0.02347021961150328,236154.93365032473,4592763.193984986
5,random,0.3,independent,7862363.248453485,5492431.037435203,2369932.211018282,4356608.260334661,0.5439856120633235,5492431.037435203,9849039.297769863
5,random,0.5,density_positive,14164961.678728703,7090762.495327705,7074199.183400999,7244133.894104647,0.9765417490637572,7090762.495327705,14334896.389432352
5,random,0.5,density_negative,338405.4862816685,168470.77557801962,169934.71070364886,7244133.894104647,0.023458250936242844,168470.77557801962,7412604.669682667
5,random,0.5,independent,7862363.248453485,3917534.9381114,3944828.3103420846,7244133.894104647,0.5445548588703513,3917534.9381114,11161668.832216047
5,spatial,0.1,density_positive,14164961.678728703,12760808.725469515,1404152.9532591887,1434806.7066043753,0.9786356216456975,12760808.725469515,14195615.43207389
5,spatial,0.1,density_negative,338405.4862816685,307751.7329364821,30653.753345186356,1434806.7066043753,0.021364378354302348,307751.7329364821,1742558.4395408574
5,spatial,0.1,independent,7862363.248453485,7218939.417040095,643423.8314133901,1434806.7066043753,0.44843938103420355,7218939.417040095,8653746.12364447
5,spatial,0.3,density_positive,14164961.678728703,10073053.16212692,4091908.516601784,4190385.260020512,0.9764993581000125,10073053.16212692,14263438.42214743
5,spatial,0.3,density_negative,338405.4862816685,239928.74286293937,98476.74341872911,4190385.260020512,0.02350064189998775,239928.74286293937,4430314.002883451
5,spatial,0.3,independent,7862363.248453485,5748591.124855583,2113772.1235979022,4190385.260020512,0.5044338389992226,5748591.124855583,9938976.384876095
5,spatial,0.5,density_positive,14164961.678728703,7354322.023381359,6810639.655347344,6980356.539748781,0.9756865020525807,7354322.023381359,14334678.56313014
5,spatial,0.5,density_negative,338405.4862816685,168688.6018802308,169716.88440143768,6980356.539748781,0.024313497947419414,168688.6018802308,7149045.141629012
5,spatial,0.5,independent,7862363.248453485,4302073.802468367,3560289.445985118,6980356.539748781,0.5100440680517517,4302073.802468367,11282430.342217147
5,density_positive,0.1,density_positive,14164961.678728703,11145794.189454325,3019167.489274379,3021369.730341179,0.9992711116932547,11145794.189454325,14167163.919795504
5,density_positive,0.1,density_negative,338405.4862816685,336203.24521486403,2202.2410668044467,3021369.730341179,0.0007288883067468096,336203.24521486403,3357572.975556043
5,density_positive,0.1,independent,7862363.248453485,6258049.247733415,1604314.0007200697,3021369.730341179,0.5309889698732461,6258049.247733415,9279418.978074593
5,density_positive,0.3,density_positive,14164961.678728703,6513511.6729673855,7651450.005761318,7667461.818034924,0.997911719333777,6513511.6729673855,14180973.49100231
5,density_positive,0.3,density_negative,338405.4862816685,322393.6740080628,16011.812273605668,7667461.818034924,0.002088280666223037,322393.6740080628,7989855.492042987
5,density_positive,0.3,independent,7862363.248453485,3741300.292224147,4121062.956229338,7667461.818034924,0.5374742064624347,3741300.292224147,11408762.110259071
5,density_positive,0.5,density_positive,14164961.678728703,2937564.815494566,11227396.863234136,11285997.311697343,0.9948076854136346,2937564.815494566,14223562.127191909
5,density_positive,0.5,density_negative,338405.4862816685,279805.0378184645,58600.44846320397,11285997.311697343,0.005192314586365148,279805.0378184645,11565802.349515809
5,density_positive,0.5,independent,7862363.248453485,1739894.5002535768,6122468.748199908,11285997.311697343,0.5424836263122526,1739894.5002535768,13025891.81195092
5,density_negative,0.1,density_positive,14164961.678728703,14164654.40533347,307.2733952328563,5173.79371268453,0.05939034532426712,14164654.40533347,14169828.199046155
5,density_negative,0.1,density_negative,338405.4862816685,333538.9659642171,4866.520317451388,5173.79371268453,0.9406096546756777,333538.9659642171,338712.7596769016
5,density_negative,0.1,independent,7862363.248453485,7859481.439178574,2881.809274910949,5173.79371268453,0.5570011938909839,7859481.439178574,7864655.232891259
5,density_negative,0.3,density_positive,14164961.678728703,13528724.614718799,636237.0640099049,807655.5555617189,0.7877579243139191,13528724.614718799,14336380.170280518
5,density_negative,0.3,density_negative,338405.4862816685,166986.9947298504,171418.49155181806,807655.5555617189,0.21224207568608586,166986.9947298504,974642.5502915693
5,density_negative,0.3,independent,7862363.248453485,7527704.126423278,334659.12203020696,807655.5555617189,0.41435871978550787,7527704.126423278,8335359.681984996
5,density_negative,0.5,density_positive,14164961.678728703,11286992.43045976,2877969.2482689433,3152305.603720326,0.9129727920009998,11286992.43045976,14439298.034180086
5,density_negative,0.5,density_negative,338405.4862816685,64069.130830283815,274336.3554513847,3152305.603720326,0.08702720799900082,64069.130830283815,3216374.7345506097
5,density_negative,0.5,independent,7862363.248453485,6385418.712276947,1476944.536176538,3152305.603720326,0.4685283477697911,6385418.712276947,9537724.315997273
6,random,0.1,density_positive,14164961.678728703,12756402.551470162,1408559.127258541,1441813.1973300434,0.9769359372399403,12756402.551470162,14198215.748800205
6,random,0.1,density_negative,338405.4862816685,305151.4162101652,33254.07007150329,1441813.1973300434,0.02306406276006027,305151.4162101652,1746964.6135402087
6,random,0.1,independent,7862363.248453485,7084197.873691948,778165.3747615367,1441813.1973300434,0.5397130337012778,7084197.873691948,8526011.07102199
6,random,0.3,density_positive,14164961.678728703,9905730.198705984,4259231.480022719,4359942.059422563,0.9769009362906116,9905730.198705984,14265672.258128546
6,random,0.3,density_negative,338405.4862816685,237694.90688182414,100710.57939984434,4359942.059422563,0.023099063709388513,237694.90688182414,4597636.966304387
6,random,0.3,independent,7862363.248453485,5485082.085255205,2377281.16319828,4359942.059422563,0.5452552191744334,5485082.085255205,9845024.144677768
6,random,0.5,density_positive,14164961.678728703,7063864.954811348,7101096.723917356,7269853.078797029,0.9767868273195421,7063864.954811348,14333718.033608377
6,random,0.5,density_negative,338405.4862816685,169649.13140199488,168756.3548796736,7269853.078797029,0.02321317268045785,169649.13140199488,7439502.2101990245
6,random,0.5,independent,7862363.248453485,3911014.312541912,3951348.935911573,7269853.078797029,0.5435252807839988,3911014.312541912,11180867.39133894
6,spatial,0.1,density_positive,14164961.678728703,12973249.91140109,1191711.7673276141,1226670.4921027243,0.971501128461006,12973249.91140109,14199920.403503813
6,spatial,0.1,density_negative,338405.4862816685,303446.7615065584,34958.72477511008,1226670.4921027243,0.02849887153899399,303446.7615065584,1530117.2536092827
6,spatial,0.1,independent,7862363.248453485,7215894.110432115,646469.1380213695,1226670.4921027243,0.5270112407393204,7215894.110432115,8442564.60253484
6,spatial,0.3,density_positive,14164961.678728703,10240409.920758251,3924551.7579704523,4028148.2806834937,0.974281849749716,10240409.920758251,14268558.201441744
6,spatial,0.3,density_negative,338405.4862816685,234808.96356862682,103596.52271304166,4028148.2806834937,0.0257181502502841,234808.96356862682,4262957.24425212
6,spatial,0.3,independent,7862363.248453485,5771259.704839246,2091103.5436142385,4028148.2806834937,0.5191227824561169,5771259.704839246,9799407.98552274
6,spatial,0.5,density_positive,14164961.678728703,7312971.891165212,6851989.787563492,7020490.106848243,0.975998781179054,7312971.891165212,14333461.998013455
6,spatial,0.5,density_negative,338405.4862816685,169905.166996916,168500.31928475248,7020490.106848243,0.024001218820946177,169905.166996916,7190395.2738451585
6,spatial,0.5,independent,7862363.248453485,4237098.617184155,3625264.63126933,7020490.106848243,0.5163834114277878,4237098.617184155,11257588.724032398
6,density_positive,0.1,density_positive,14164961.678728703,11251587.208094332,2913374.470634371,2914890.826853231,0.9994797897043379,11251587.208094332,14166478.034947563
6,density_positive,0.1,density_negative,338405.4862816685,336889.1300628074,1516.3562188610667,2914890.826853231,0.0005202102956624445,336889.1300628074,3251779.9569160384
6,density_positive,0.1,independent,7862363.248453485,6230355.072027124,1632008.1764263604,2914890.826853231,0.559886552659742,6230355.072027124,9145245.898880355
6,density_positive,0.3,density_positive,14164961.678728703,6585439.798747575,7579521.8799811285,7595762.708422021,0.9978618567924871,6585439.798747575,14181202.507169597
6,density_positive,0.3,density_negative,338405.4862816685,322164.6578407752,16240.828440893267,7595762.708422021,0.002138143207513023,322164.6578407752,7917927.366262796
6,density_positive,0.3,independent,7862363.248453485,3802612.780889353,4059750.467564132,7595762.708422021,0.5344756837997015,3802612.780889353,11398375.489311375
6,density_positive,0.5,density_positive,14164961.678728703,3047235.785208246,11117725.893520458,11176639.955943774,0.994728821662365,3047235.785208246,14223875.74115202
6,density_positive,0.5,density_negative,338405.4862816685,279491.4238583466,58914.062423321884,11176639.955943774,0.00527117833763547,279491.4238583466,11456131.37980212
6,density_positive,0.5,independent,7862363.248453485,1832405.6393639105,6029957.609089574,11176639.955943774,0.5395143471435547,1832405.6393639105,13009045.595307685
6,density_negative,0.1,density_positive,14164961.678728703,14163797.110489886,1164.5682388171554,5442.407561827935,0.21398034336590793,14163797.110489886,14169239.518051714
6,density_negative,0.1,density_negative,338405.4862816685,334127.64695865667,4277.839323011809,5442.407561827935,0.7860196566342812,334127.64695865667,339570.0545204846
6,density_negative,0.1,independent,7862363.248453485,7859091.8214530265,3271.4270004583523,5442.407561827935,0.6010992310468535,7859091.8214530265,7864534.229014855
6,density_negative,0.3,density_positive,14164961.678728703,13560222.030636884,604739.6480918191,774102.5804326686,0.781213838292352,13560222.030636884,14334324.611069553
6,density_negative,0.3,density_negative,338405.4862816685,169042.55394081687,169362.9323408516,774102.5804326686,0.21878616170765083,169042.55394081687,943145.1343734855
6,density_negative,0.3,independent,7862363.248453485,7485643.019327695,376720.2291257903,774102.5804326686,0.48665414461637674,7485643.019327695,8259745.599760363
6,density_negative,0.5,density_positive,14164961.678728703,11422902.758855736,2742058.9198729675,3017343.5001352066,0.908765912714312,11422902.758855736,14440246.258990943
6,density_negative,0.5,density_negative,338405.4862816685,63120.90601943222,275284.58026223624,3017343.5001352066,0.09123408728568716,63120.90601943222,3080464.4061546386
6,density_negative,0.5,independent,7862363.248453485,6337639.501556085,1524723.7468973994,3017343.5001352066,0.5053199103214722,6337639.501556085,9354983.001691293
7,random,0.1,density_positive,14164961.678728703,12762262.95639271,1402698.7223359942,1436629.0674738728,0.9763819722807497,12762262.95639271,14198892.023866583
7,random,0.1,density_negative,338405.4862816685,304475.1411437899,33930.345137878554,1436629.0674738728,0.023618027719250242,304475.1411437899,1741104.2086176628
7,random,0.1,independent,7862363.248453485,7093031.788089833,769331.4603636516,1436629.0674738728,0.5355115511594248,7093031.788089833,8529660.855563706
7,random,0.3,density_positive,14164961.678728703,9934022.589383654,4230939.089345049,4331637.247484609,0.9767528644745044,9934022.589383654,14265659.836868264
7,random,0.3,density_negative,338405.4862816685,237707.32814210805,100698.15813956043,4331637.247484609,0.023247135525495833,237707.32814210805,4569344.575626717
7,random,0.3,independent,7862363.248453485,5530855.16551208,2331508.0829414045,4331637.247484609,0.5382510006569263,5530855.16551208,9862492.412996689
7,random,0.5,density_positive,14164961.678728703,7113983.311336243,7050978.367392461,7218329.611558015,0.976815793518546,7113983.311336243,14332312.922894258
7,random,0.5,density_negative,338405.4862816685,171054.24211611197,167351.2441655565,7218329.611558015,0.023184206481454254,171054.24211611197,7389383.853674128
7,random,0.5,independent,7862363.248453485,3956612.6291599427,3905750.619293542,7218329.611558015,0.5410878734381483,3956612.6291599427,11174942.240717959
7,spatial,0.1,density_positive,14164961.678728703,12731452.142853161,1433509.535875542,1467109.09225981,0.9770981199956207,12731452.142853161,14198561.23511297
7,spatial,0.1,density_negative,338405.4862816685,304805.92989739846,33599.55638427002,1467109.09225981,0.022901880004380672,304805.92989739846,1771915.0221572085
7,spatial,0.1,independent,7862363.248453485,7022142.082385145,840221.1660683397,1467109.09225981,0.5727053090333825,7022142.082385145,8489251.174644955
7,spatial,0.3,density_positive,14164961.678728703,9794082.884715036,4370878.794013668,4472484.317598163,0.977282083877924,9794082.884715036,14266567.2023132
7,spatial,0.3,density_negative,338405.4862816685,236799.96269717164,101605.52358449684,4472484.317598163,0.022717916122076326,236799.96269717164,4709284.280295335
7,spatial,0.3,independent,7862363.248453485,5334477.55820872,2527885.690244765,4472484.317598163,0.565208396661814,5334477.55820872,9806961.875806883
7,spatial,0.5,density_positive,14164961.678728703,6927930.862930111,7237030.815798593,7406507.68059668,0.9771178439142003,6927930.862930111,14334438.543526791
7,spatial,0.5,density_negative,338405.4862816685,168928.62148357977,169476.8647980887,7406507.68059668,0.022882156085799854,168928.62148357977,7575436.302080261
7,spatial,0.5,independent,7862363.248453485,3729000.3148104,4133362.933643085,7406507.68059668,0.5580717811812347,3729000.3148104,11135507.99540708
7,density_positive,0.1,density_positive,14164961.678728703,10962016.261383101,3202945.417345602,3205347.043457315,0.999250743810529,10962016.261383101,14167363.304840416
7,density_positive,0.1,density_negative,338405.4862816685,336003.8601699554,2401.6261117130634,3205347.043457315,0.0007492561894710312,336003.8601699554,3541350.9036272704
7,density_positive,0.1,independent,7862363.248453485,5912218.996947048,1950144.2515064366,3205347.043457315,0.6084034661666445,5912218.996947048,9117566.040404363
7,density_positive,0.3,density_positive,14164961.678728703,6192114.307207079,7972847.371521625,7991629.931924566,0.997649720950177,6192114.307207079,14183744.239131644
7,density_positive,0.3,density_negative,338405.4862816685,319622.92587872694,18782.56040294154,7991629.931924566,0.0023502790498231034,319622.92587872694,8311252.857803293
7,density_positive,0.3,independent,7862363.248453485,3281190.4851733786,4581172.763280107,7991629.931924566,0.5732463592914213,3281190.4851733786,11272820.417097945
7,density_positive,0.5,density_positive,14164961.678728703,2752238.855402394,11412722.823326308,11474286.180195456,0.994634667821393,2752238.855402394,14226525.03559785
7,density_positive,0.5,density_negative,338405.4862816685,276842.12941252143,61563.35686914704,11474286.180195456,0.005365332178606892,276842.12941252143,11751128.309607977
7,density_positive,0.5,independent,7862363.248453485,1497118.4391581248,6365244.80929536,11474286.180195456,0.5547399384444264,1497118.4391581248,12971404.619353581
7,density_negative,0.1,density_positive,14164961.678728703,14164457.759407487,503.91932121664286,5989.606480963547,0.08413229196579496,14164457.759407487,14170447.36588845
7,density_negative,0.1,density_negative,338405.4862816685,332919.7991219224,5485.68715974607,5989.606480963547,0.9158677080340658,332919.7991219224,338909.40560288593
7,density_negative,0.1,independent,7862363.248453485,7858702.378875758,3660.8695777272806,5989.606480963547,0.6112036891509368,7858702.378875758,7864691.985356721
7,density_negative,0.3,density_positive,14164961.678728703,13444557.49763659,720404.1810921133,887196.3482978973,0.8120008411601581,13444557.49763659,14331753.845934488
7,density_negative,0.3,density_negative,338405.4862816685,171613.31907588273,166792.16720578575,887196.3482978973,0.18799915883984378,171613.31907588273,1058809.66737378
7,density_negative,0.3,independent,7862363.248453485,7389321.815301393,473041.4331520917,887196.3482978973,0.533186857745335,7389321.815301393,8276518.16359929
7,density_negative,0.5,density_positive,14164961.678728703,11221948.757392893,2943012.921335811,3221294.6879122755,0.9136118258224865,11221948.757392893,14443243.445305169
7,density_negative,0.5,density_negative,338405.4862816685,60123.71970520578,278281.7665764627,3221294.6879122755,0.0863881741775129,60123.71970520578,3281418.4076174814
7,density_negative,0.5,independent,7862363.248453485,6187663.454404917,1674699.7940485682,3221294.6879122755,0.519884070318926,6187663.454404917,9408958.142317193
8,random,0.1,density_positive,14164961.678728703,12749449.466915824,1415512.21181288,1449730.7002679794,0.9763966587389131,12749449.466915824,14199180.167183803
8,random,0.1,density_negative,338405.4862816685,304186.99782656884,34218.488455099636,1449730.7002679794,0.023603341261086923,304186.99782656884,1753917.6980945482
8,random,0.1,independent,7862363.248453485,7072476.90779642,789886.3406570647,1449730.7002679794,0.5448503922218492,7072476.90779642,8522207.6080644
8,random,0.3,density_positive,14164961.678728703,9923622.38777719,4241339.290951513,4344682.155283943,0.9762139414026534,9923622.38777719,14268304.543061133
8,random,0.3,density_negative,338405.4862816685,235062.6219492332,103342.86433243527,4344682.155283943,0.02378605859734782,235062.6219492332,4579744.777233176
8,random,0.3,independent,7862363.248453485,5516297.134822266,2346066.1136312187,4344682.155283943,0.5399856720883403,5516297.134822266,9860979.290106209
8,random,0.5,density_positive,14164961.678728703,7106403.081025267,7058558.597703436,7229751.059152044,0.9763211125738697,7106403.081025267,14336154.140177311
8,random,0.5,density_negative,338405.4862816685,167213.02483305958,171192.4614486089,7229751.059152044,0.023678887426130484,167213.02483305958,7396964.083985104
8,random,0.5,independent,7862363.248453485,3952345.27082121,3910017.977632275,7229751.059152044,0.5408233209748814,3952345.27082121,11182096.329973254
8,spatial,0.1,density_positive,14164961.678728703,12857051.426158983,1307910.2525697201,1345896.497105304,0.9717762512813705,12857051.426158983,14202947.923264287
8,spatial,0.1,density_negative,338405.4862816685,300419.24174608395,37986.24453558453,1345896.497105304,0.028223748718630075,300419.24174608395,1646315.738851388
8,spatial,0.1,independent,7862363.248453485,7151263.424932041,711099.8235214436,1345896.497105304,0.5283465890957042,7151263.424932041,8497159.922037344
8,spatial,0.3,density_positive,14164961.678728703,10016458.478201572,4148503.2005271316,4256110.501183526,0.9747169861716535,10016458.478201572,14272568.979385097
8,spatial,0.3,density_negative,338405.4862816685,230798.18562527618,107607.3006563923,4256110.501183526,0.025283013828346138,230798.18562527618,4486908.686808802
8,spatial,0.3,independent,7862363.248453485,5360209.045774535,2502154.2026789496,4256110.501183526,0.5878969077478506,5360209.045774535,9616319.546958061
8,spatial,0.5,density_positive,14164961.678728703,7236568.387741455,6928393.2909872485,7107262.529932092,0.9748328926655602,7236568.387741455,14343830.917673547
8,spatial,0.5,density_negative,338405.4862816685,159536.24733682573,178869.23894484274,7107262.529932092,0.025167107334439748,159536.24733682573,7266798.777268917
8,spatial,0.5,independent,7862363.248453485,3784689.44716036,4077673.801293125,7107262.529932092,0.5737333866759649,3784689.44716036,10891951.977092452
8,density_positive,0.1,density_positive,14164961.678728703,10977459.020378824,3187502.658349879,3189933.7238403386,0.9992378946708859,10977459.020378824,14167392.744219163
8,density_positive,0.1,density_negative,338405.4862816685,335974.42079120706,2431.0654904614203,3189933.7238403386,0.0007621053291146995,335974.42079120706,3525908.1446315455
8,density_positive,0.1,independent,7862363.248453485,5814102.0010719085,2048261.2473815763,3189933.7238403386,0.6421015057691196,5814102.0010719085,9004035.724912247
8,density_positive,0.3,density_positive,14164961.678728703,6454913.525836826,7710048.152891877,7729161.2291488,0.9975271474238574,6454913.525836826,14184074.754985627
8,density_positive,0.3,density_negative,338405.4862816685,319292.41002474516,19113.07625692332,7729161.2291488,0.002472852576142756,319292.41002474516,8048453.639173545
8,density_positive,0.3,independent,7862363.248453485,3371433.039067754,4490930.20938573,7729161.2291488,0.5810372013523529,3371433.039067754,11100594.268216554
8,density_positive,0.5,density_positive,14164961.678728703,3077716.8267063056,11087244.852022398,11156492.797209175,0.9937930363560044,3077716.8267063056,14234209.62391548
8,density_positive,0.5,density_negative,338405.4862816685,269157.54109488777,69247.94518678071,11156492.797209175,0.00620696364399601,269157.54109488777,11425650.338304063
8,density_positive,0.5,independent,7862363.248453485,1599655.9686264852,6262707.279827,11156492.797209175,0.5613509006516485,1599655.9686264852,12756148.765835661
8,density_negative,0.1,density_positive,14164961.678728703,14164834.041065454,127.6376632489264,5259.497237275504,0.0242680350403691,14164834.041065454,14170093.53830273
8,density_negative,0.1,density_negative,338405.4862816685,333273.6267076405,5131.859574028,5259.497237275504,0.9757319649599013,333273.6267076405,338533.123944916
8,density_negative,0.1,independent,7862363.248453485,7860955.764767544,1407.483685940504,5259.497237275504,0.26760802838059883,7860955.764767544,7866215.26200482
8,density_negative,0.3,density_positive,14164961.678728703,13636042.574225966,528919.1045027375,706071.3933483303,0.7491014499178312,13636042.574225966,14342113.967574297
8,density_negative,0.3,density_negative,338405.4862816685,161253.19743607586,177152.28884559261,706071.3933483303,0.2508985500821686,161253.19743607586,867324.5907844062
8,density_negative,0.3,independent,7862363.248453485,7559444.357666766,302918.8907867186,706071.3933483303,0.4290202005638796,7559444.357666766,8265515.751015097
8,density_negative,0.5,density_positive,14164961.678728703,11467076.399203127,2697885.279525576,2984520.791949535,0.9039592844529242,11467076.399203127,14451597.191152662
8,density_negative,0.5,density_negative,338405.4862816685,51769.97385770825,286635.5124239602,2984520.791949535,0.09604071554707631,51769.97385770825,3036290.765807243
8,density_negative,0.5,independent,7862363.248453485,6344318.100086684,1518045.1483668005,2984520.791949535,0.5086394949774131,6344318.100086684,9328838.892036218
9,random,0.1,density_positive,14164961.678728703,12743435.745919466,1421525.9328092374,1455544.6229473166,0.9766282052767333,12743435.745919466,14198980.368866783
9,random,0.1,density_negative,338405.4862816685,304386.79614358634,34018.69013808214,1455544.6229473166,0.02337179472326864,304386.79614358634,1759931.419090903
9,random,0.1,independent,7862363.248453485,7065763.588182674,796599.6602708111,1455544.6229473166,0.5472863199877617,7065763.588182674,8521308.21112999
9,random,0.3,density_positive,14164961.678728703,9921430.497478725,4243531.181249978,4345115.516640704,0.9766210276800045,9921430.497478725,14266546.01411943
9,random,0.3,density_negative,338405.4862816685,236821.1508909385,101584.33539072998,4345115.516640704,0.023378972319996423,236821.1508909385,4581936.667531643
9,random,0.3,independent,7862363.248453485,5479838.224727803,2382525.023725682,4345115.516640704,0.548322596856449,5479838.224727803,9824953.741368506
9,random,0.5,density_positive,14164961.678728703,7074892.114433398,7090069.564295306,7259025.902787726,0.976724654140229,7074892.114433398,14333918.017221123
9,random,0.5,density_negative,338405.4862816685,169449.1477892452,168956.33849242327,7259025.902787726,0.023275345859771347,169449.1477892452,7428475.050576972
9,random,0.5,independent,7862363.248453485,3906728.422025577,3955634.8264279077,7259025.902787726,0.5449263963789965,3906728.422025577,11165754.324813303
9,spatial,0.1,density_positive,14164961.678728703,12292141.39993913,1872820.2787895743,1898450.8027952523,0.9864992424518244,12292141.39993913,14190592.202734381
9,spatial,0.1,density_negative,338405.4862816685,312774.962275992,25630.524005676503,1898450.8027952523,0.013500757548174796,312774.962275992,2211225.7650712444
9,spatial,0.1,independent,7862363.248453485,6752541.984989116,1109821.2634643689,1898450.8027952523,0.5845931123578676,6752541.984989116,8650992.787784368
9,spatial,0.3,density_positive,14164961.678728703,9489345.280882651,4675616.397846052,4771849.419165445,0.9798331814635881,9489345.280882651,14261194.700048096
9,spatial,0.3,density_negative,338405.4862816685,242172.4649622741,96233.02131939438,4771849.419165445,0.02016681853641239,242172.4649622741,5014021.884127718
9,spatial,0.3,independent,7862363.248453485,5287579.555234287,2574783.693219198,4771849.419165445,0.5395777332951771,5287579.555234287,10059428.97439973
9,spatial,0.5,density_positive,14164961.678728703,6714192.7055167155,7450768.973211988,7614097.298143817,0.9785492201456835,6714192.7055167155,14328290.003660534
9,spatial,0.5,density_negative,338405.4862816685,175077.16134983973,163328.32493182874,7614097.298143817,0.021450779854316454,175077.16134983973,7789174.459493657
9,spatial,0.5,independent,7862363.248453485,3871622.7412604033,3990740.5071930815,7614097.298143817,0.524125231255707,3871622.7412604033,11485720.03940422
9,density_positive,0.1,density_positive,14164961.678728703,10926614.270388847,3238347.408339856,3239617.512853286,0.9996079461515469,10926614.270388847,14166231.783242133
9,density_positive,0.1,density_negative,338405.4862816685,337135.38176823576,1270.1045134327142,3239617.512853286,0.00039205384845387883,337135.38176823576,3576752.894621522
9,density_positive,0.1,independent,7862363.248453485,5983817.229841322,1878546.0186121631,3239617.512853286,0.5798666080668387,5983817.229841322,9223434.742694609
9,density_positive,0.3,density_positive,14164961.678728703,6208669.941076265,7956291.737652439,7969044.481027431,0.9983997148710421,6208669.941076265,14177714.422103696
9,density_positive,0.3,density_negative,338405.4862816685,325652.742906674,12752.74337499449,7969044.481027431,0.0016002851289581845,325652.742906674,8294697.223934105
9,density_positive,0.3,independent,7862363.248453485,3480461.9021184645,4381901.34633502,7969044.481027431,0.5498653391592151,3480461.9021184645,11449506.383145895
9,density_positive,0.5,density_positive,14164961.678728703,2776262.6086301766,11388699.070098527,11446562.104687413,0.9949449420656014,2776262.6086301766,14222824.71331759
9,density_positive,0.5,density_negative,338405.4862816685,280542.4516927822,57863.03458888625,11446562.104687413,0.005055057934398583,280542.4516927822,11727104.556380196
9,density_positive,0.5,independent,7862363.248453485,1684550.9124257888,6177812.336027696,11446562.104687413,0.5397089780780429,1684550.9124257888,13131113.017113201
9,density_negative,0.1,density_positive,14164961.678728703,14164856.07115202,105.60757668316364,5028.341924912164,0.02100246527785765,14164856.07115202,14169884.413076932
9,density_negative,0.1,density_negative,338405.4862816685,333482.7519334412,4922.73434822727,5028.341924912164,0.9789975347217982,333482.7519334412,338511.0938583534
9,density_negative,0.1,independent,7862363.248453485,7860071.598729607,2291.6497238781303,5028.341924912164,0.45574659760596153,7860071.598729607,7865099.940654519
9,density_negative,0.3,density_positive,14164961.678728703,13366065.541172741,798896.1375559624,962024.591402342,0.8304321372818678,13366065.541172741,14328090.132575084
9,density_negative,0.3,density_negative,338405.4862816685,175277.03243528944,163128.45384637904,962024.591402342,0.16956786271813168,175277.03243528944,1137301.6238376314
9,density_negative,0.3,independent,7862363.248453485,7327977.494191348,534385.7542621372,962024.591402342,0.5554803474235143,7327977.494191348,8290002.085593689
9,density_negative,0.5,density_positive,14164961.678728703,10910743.050030703,3254218.6286980007,3522566.697222401,0.9238203016181363,10910743.050030703,14433309.747253103
9,density_negative,0.5,density_negative,338405.4862816685,70057.41775726626,268348.0685244022,3522566.697222401,0.07617969838186425,70057.41775726626,3592624.114979667
9,density_negative,0.5,independent,7862363.248453485,6029043.525027444,1833319.7234260412,3522566.697222401,0.5204499675965376,6029043.525027444,9551610.222249845
10,random,0.1,density_positive,14164961.678728703,12745866.783912996,1419094.8948157076,1452554.5219928224,0.976964976756115,12745866.783912996,14198421.305905819
10,random,0.1,density_negative,338405.4862816685,304945.859104552,33459.62717711646,1452554.5219928224,0.023035023243886055,304945.859104552,1757500.3810973745
10,random,0.1,independent,7862363.248453485,7077069.210513171,785294.037940314,1452554.5219928224,0.5406296466331159,7077069.210513171,8529623.732505994
10,random,0.3,density_positive,14164961.678728703,9930782.411199734,4234179.26752897,4335262.809607675,0.9766834107831508,9930782.411199734,14266045.220807409
10,random,0.3,density_negative,338405.4862816685,237321.94420296536,101083.54207870312,4335262.809607675,0.023316589216848607,237321.94420296536,4572584.75381064
10,random,0.3,independent,7862363.248453485,5506467.345795371,2355895.902658114,4335262.809607675,0.5434263171859041,5506467.345795371,9841730.155403046
10,random,0.5,density_positive,14164961.678728703,7083195.678519366,7081766.000209337,7250401.319325089,0.9767412434583069,7083195.678519366,14333596.997844456
10,random,0.5,density_negative,338405.4862816685,169770.16716591586,168635.31911575262,7250401.319325089,0.023258756541693088,169770.16716591586,7420171.486491005
10,random,0.5,independent,7862363.248453485,3916627.7779862625,3945735.4704672224,7250401.319325089,0.5442092508659252,3916627.7779862625,11167029.097311351
10,spatial,0.1,density_positive,14164961.678728703,12667051.59928766,1497910.0794410426,1532583.7220454337,0.9773756943221904,12667051.59928766,14199635.321333095
10,spatial,0.1,density_negative,338405.4862816685,303731.8436772811,34673.642604387365,1532583.7220454337,0.02262430567780718,303731.8436772811,1836315.5657227149
10,spatial,0.1,independent,7862363.248453485,7070719.884253461,791643.3642000239,1532583.7220454337,0.5165416758723447,7070719.884253461,8603303.606298894
10,spatial,0.3,density_positive,14164961.678728703,9767408.94395249,4397552.734776214,4499639.596597262,0.9773122136496779,9767408.94395249,14267048.540549751
10,spatial,0.3,density_negative,338405.4862816685,236318.6244606168,102086.86182105169,4499639.596597262,0.022687786350322876,236318.6244606168,4735958.221057879
10,spatial,0.3,independent,7862363.248453485,5430255.636689346,2432107.6117641386,4499639.596597262,0.5405116475558083,5430255.636689346,9929895.233286608
10,spatial,0.5,density_positive,14164961.678728703,6778483.52988941,7386478.148839293,7552677.135280753,0.977994692019192,6778483.52988941,14331160.665170163
10,spatial,0.5,density_negative,338405.4862816685,172206.49984020865,166198.98644145983,7552677.135280753,0.022005307980808023,172206.49984020865,7724883.635120961
10,spatial,0.5,independent,7862363.248453485,3726459.2378143505,4135904.0106391343,7552677.135280753,0.54760768090021,3726459.2378143505,11279136.373095103
10,density_positive,0.1,density_positive,14164961.678728703,10944962.085020939,3219999.5937077645,3221041.40931065,0.9996765593885648,10944962.085020939,14166003.494331589
10,density_positive,0.1,density_negative,338405.4862816685,337363.67067878204,1041.8156028864323,3221041.40931065,0.00032344061143547856,337363.67067878204,3558405.0799894324
10,density_positive,0.1,independent,7862363.248453485,5989404.551205305,1872958.6972481795,3221041.40931065,0.5814761312394987,5989404.551205305,9210445.960515955
10,density_positive,0.3,density_positive,14164961.678728703,6277065.740148371,7887895.938580332,7903896.02729639,0.9979756706489051,6277065.740148371,14180961.767444761
10,density_positive,0.3,density_negative,338405.4862816685,322405.3975656074,16000.088716061087,7903896.02729639,0.0020243293510952324,322405.3975656074,8226301.424861997
10,density_positive,0.3,independent,7862363.248453485,3438938.355180577,4423424.893272908,7903896.02729639,0.559651199610477,3438938.355180577,11342834.382476967
10,density_positive,0.5,density_positive,14164961.678728703,2819806.1163564976,11345155.562372206,11406250.573424261,0.9946437253277249,2819806.1163564976,14226056.689780759
10,density_positive,0.5,density_negative,338405.4862816685,277310.47522961197,61095.01105205651,11406250.573424261,0.00535627467227517,277310.47522961197,11683561.048653873
10,density_positive,0.5,independent,7862363.248453485,1607099.9624169797,6255263.286036505,11406250.573424261,0.5484066166853125,1607099.9624169797,13013350.535841241
10,density_negative,0.1,density_positive,14164961.678728703,14164961.678728703,0.0,4993.2025182484085,0.0,14164961.678728703,14169954.881246952
10,density_negative,0.1,density_negative,338405.4862816685,333412.28376342007,4993.202518248407,4993.2025182484085,0.9999999999999997,333412.28376342007,338405.4862816685
10,density_negative,0.1,independent,7862363.248453485,7860242.11714429,2121.1313091944903,4993.2025182484085,0.4248037810288081,7860242.11714429,7865235.319662538
10,density_negative,0.3,density_positive,14164961.678728703,13522601.258969175,642360.4197595287,812769.8082913131,0.790334991785637,13522601.258969175,14335371.067260487
10,density_negative,0.3,density_negative,338405.4862816685,167996.09774988308,170409.3885317854,812769.8082913131,0.20966500821436423,167996.09774988308,980765.9060411962
10,density_negative,0.3,independent,7862363.248453485,7456958.366157983,405404.8822955014,812769.8082913131,0.4987942196669246,7456958.366157983,8269728.174449297
10,density_negative,0.5,density_positive,14164961.678728703,11140604.66905955,3024357.009669153,3295367.474018651,0.9177601689383051,11140604.66905955,14435972.1430782
10,density_negative,0.5,density_negative,338405.4862816685,67395.02193216942,271010.4643494991,3295367.474018651,0.08223983106169519,67395.02193216942,3362762.4959508204
10,density_negative,0.5,independent,7862363.248453485,6208407.329781134,1653955.9186723512,3295367.474018651,0.5019033330007888,6208407.329781134,9503774.803799786
11,random,0.1,density_positive,14164961.678728703,12746038.472695425,1418923.2060332783,1453277.0607243,0.9763611112984194,12746038.472695425,14199315.533419725
11,random,0.1,density_negative,338405.4862816685,304051.6315906429,34353.85469102557,1453277.0607243,0.023638888701583108,304051.6315906429,1757328.692314943
11,random,0.1,independent,7862363.248453485,7066540.708197492,795822.5402559927,1453277.0607243,0.547605519803197,7066540.708197492,8519817.768921793
11,random,0.3,density_positive,14164961.678728703,9912945.84902324,4252015.829705464,4354048.093374081,0.9765661146867237,9912945.84902324,14266993.94239732
11,random,0.3,density_negative,338405.4862816685,236373.22261304976,102032.26366861872,4354048.093374081,0.02343388531327657,236373.22261304976,4590421.315987131
11,random,0.3,independent,7862363.248453485,5496385.598907941,2365977.649545544,4354048.093374081,0.5433972245612192,5496385.598907941,9850433.692282021
11,random,0.5,density_positive,14164961.678728703,7080349.859627973,7084611.81910073,7254499.601694618,0.9765817365881165,7080349.859627973,14334849.46132259
11,random,0.5,density_negative,338405.4862816685,168517.70368777978,169887.7825938887,7254499.601694618,0.023418263411883525,168517.70368777978,7423017.305382398
11,random,0.5,independent,7862363.248453485,3931635.0149479257,3930728.233505559,7254499.601694618,0.541833131066319,3931635.0149479257,11186134.616642544
11,spatial,0.1,density_positive,14164961.678728703,12599354.593252447,1565607.085476257,1600443.167789603,0.9782334774427144,12599354.593252447,14199797.76104205
11,spatial,0.1,density_negative,338405.4862816685,303569.4039683187,34836.08231334976,1600443.167789603,0.02176652255728794,303569.4039683187,1904012.5717579215
11,spatial,0.1,independent,7862363.248453485,6997392.908701894,864970.339751591,1600443.167789603,0.5404567667005727,6997392.908701894,8597836.076491497
11,spatial,0.3,density_positive,14164961.678728703,9554263.719325857,4610697.959402846,4710835.321891742,0.9787431833960429,9554263.719325857,14265099.041217599
11,spatial,0.3,density_negative,338405.4862816685,238268.12379277166,100137.36248889682,4710835.321891742,0.02125681660395728,238268.12379277166,4949103.445684513
11,spatial,0.3,independent,7862363.248453485,5275627.4798446195,2586735.7686088653,4710835.321891742,0.5491034162429824,5275627.4798446195,9986462.801736362
11,spatial,0.5,density_positive,14164961.678728703,6663304.961869398,7501656.716859305,7671137.434782988,0.977906702967514,6663304.961869398,14334442.396652386
11,spatial,0.5,density_negative,338405.4862816685,168924.76835798385,169480.71792368463,7671137.434782988,0.02209329703248618,168924.76835798385,7840062.203140972
11,spatial,0.5,independent,7862363.248453485,3676489.6318772007,4185873.616576284,7671137.434782988,0.5456653139332915,3676489.6318772007,11347627.066660188
11,density_positive,0.1,density_positive,14164961.678728703,10841486.99328367,3323474.685445033,3325594.600121867,0.9993625456702521,10841486.99328367,14167081.593405537
11,density_positive,0.1,density_negative,338405.4862816685,336285.57160483283,2119.914676835644,3325594.600121867,0.0006374543297484183,336285.57160483283,3661880.1717267
11,density_positive,0.1,independent,7862363.248453485,5910122.77749884,1952240.4709546445,3325594.600121867,0.5870350134929568,5910122.77749884,9235717.377620708
11,density_positive,0.3,density_positive,14164961.678728703,6215944.440288655,7949017.238440048,7966699.5790806115,0.997780468503294,6215944.440288655,14182644.019369267
11,density_positive,0.3,density_negative,338405.4862816685,320723.1456411042,17682.340640564275,7966699.5790806115,0.0022195314967060533,320723.1456411042,8287422.724721716
11,density_positive,0.3,independent,7862363.248453485,3295421.075081409,4566942.173372076,7966699.5790806115,0.5732539714895486,3295421.075081409,11262120.65416202
11,density_positive,0.5,density_positive,14164961.678728703,2813329.2987578395,11351632.379970863,11411065.92041708,0.9947915873187732,2813329.2987578395,14224395.21917492
11,density_positive,0.5,density_negative,338405.4862816685,278971.9458354548,59433.54044621368,11411065.92041708,0.005208412681226659,278971.9458354548,11690037.866252534
11,density_positive,0.5,independent,7862363.248453485,1427751.396469698,6434611.851983787,11411065.92041708,0.563892268860769,1427751.396469698,12838817.316886777
11,density_negative,0.1,density_positive,14164961.678728703,14164733.845101824,227.83362687937915,6152.802267945296,0.037029245692867564,14164733.845101824,14170886.647369768
11,density_negative,0.1,density_negative,338405.4862816685,332480.5176406013,5924.968641067157,6152.802267945296,0.9629707543073339,332480.5176406013,338633.31990854663
11,density_negative,0.1,independent,7862363.248453485,7859988.971263833,2374.277189651504,6152.802267945296,0.3858855016389767,7859988.971263833,7866141.773531779
11,density_negative,0.3,density_positive,14164961.678728703,13523516.97816415,641444.700564554,813030.3179936634,0.7889554502069052,13523516.97816415,14336547.296157813
11,density_negative,0.3,density_negative,338405.4862816685,166819.86885255715,171585.61742911133,813030.3179936634,0.2110445497930972,166819.86885255715,979850.1868462205
11,density_negative,0.3,independent,7862363.248453485,7480435.724773676,381927.5236798087,813030.3179936634,0.4697580338975568,7480435.724773676,8293466.042767339
11,density_negative,0.5,density_positive,14164961.678728703,11190236.411732746,2974725.266995957,3251559.49789641,0.9148610901693325,11190236.411732746,14441795.909629157
11,density_negative,0.5,density_negative,338405.4862816685,61571.25538121514,276834.23090045335,3251559.49789641,0.08513890983066762,61571.25538121514,3313130.7532776254
11,density_negative,0.5,independent,7862363.248453485,6232571.365953427,1629791.882500058,3251559.49789641,0.5012339105449088,6232571.365953427,9484130.863849837
12,random,0.1,density_positive,14164961.678728703,12757357.079493511,1407604.599235192,1441299.2673369406,0.9766220181572661,12757357.079493511,14198656.346830452
12,random,0.1,density_negative,338405.4862816685,304710.8181799217,33694.66810174676,1441299.2673369406,0.023377981842732577,304710.8181799217,1746010.0855168623
12,random,0.1,independent,7862363.248453485,7089326.696031545,773036.5524219396,1441299.2673369406,0.5363470099102066,7089326.696031545,8530625.963368487
12,random,0.3,density_positive,14164961.678728703,9924356.705637826,4240604.973090878,4343000.218204318,0.9764229242530923,9924356.705637826,14267356.923842143
12,random,0.3,density_negative,338405.4862816685,236010.241168225,102395.24511344347,4343000.218204318,0.023577075746908528,236010.241168225,4579010.459372543
12,random,0.3,independent,7862363.248453485,5519824.104844683,2342539.143608802,4343000.218204318,0.539382690746758,5519824.104844683,9862824.323049001
12,random,0.5,density_positive,14164961.678728703,7079245.79817777,7085715.880550933,7256074.8973538205,0.9765218772941532,7079245.79817777,14335320.695531592
12,random,0.5,density_negative,338405.4862816685,168046.46947878212,170359.01680288636,7256074.8973538205,0.02347812270584661,168046.46947878212,7424121.366832603
12,random,0.5,independent,7862363.248453485,3920356.97889527,3942006.269558215,7256074.8973538205,0.5432697877740766,3920356.97889527,11176431.87624909
12,spatial,0.1,density_positive,14164961.678728703,12667253.196831416,1497708.481897287,1531658.258309365,0.9778346271252757,12667253.196831416,14198911.45514078
12,spatial,0.1,density_negative,338405.4862816685,304455.70986958814,33949.77641208033,1531658.258309365,0.022165372874725912,304455.70986958814,1836113.968178953
12,spatial,0.1,independent,7862363.248453485,7055644.688468365,806718.5599851198,1531658.258309365,0.5266961840923776,7055644.688468365,8587302.94677773
12,spatial,0.3,density_positive,14164961.678728703,9806699.53064996,4358262.148078743,4462574.414234344,0.9766250920493619,9806699.53064996,14269273.944884304
12,spatial,0.3,density_negative,338405.4862816685,234093.22012607157,104312.26615559691,4462574.414234344,0.023374907950637288,234093.22012607157,4696667.634360416
12,spatial,0.3,independent,7862363.248453485,5389343.95290284,2473019.2955506444,4462574.414234344,0.5541687523825745,5389343.95290284,9851918.367137184
12,spatial,0.5,density_positive,14164961.678728703,7113745.6703531025,7051216.008375601,7223912.293760855,0.9760938009263473,7113745.6703531025,14337657.964113958
12,spatial,0.5,density_negative,338405.4862816685,165709.20089641277,172696.2853852557,7223912.293760855,0.023906199073652924,165709.20089641277,7389621.494657268
12,spatial,0.5,independent,7862363.248453485,3880584.582918373,3981778.665535112,7223912.293760855,0.5511942149372567,3880584.582918373,11104496.876679227
12,density_positive,0.1,density_positive,14164961.678728703,10966465.208576877,3198496.4701518267,3199851.914062595,0.9995764041752022,10966465.208576877,14166317.122639472
12,density_positive,0.1,density_negative,338405.4862816685,337050.04237089877,1355.4439107697108,3199851.914062595,0.0004235958247982834,337050.04237089877,3536901.9564334936
12,density_positive,0.1,independent,7862363.248453485,5917035.667121224,1945327.5813322607,3199851.914062595,0.6079430028567899,5917035.667121224,9116887.58118382
12,density_positive,0.3,density_positive,14164961.678728703,6506047.559660418,7658914.119068285,7676604.657943991,0.9976955256048781,6506047.559660418,14182652.21760441
12,density_positive,0.3,density_negative,338405.4862816685,320714.94740596035,17690.538875708124,7676604.657943991,0.00230447439512225,320714.94740596035,7997319.605349951
12,density_positive,0.3,independent,7862363.248453485,3453764.903324278,4408598.345129207,7676604.657943991,0.5742901375762592,3453764.903324278,11130369.56126827
12,density_positive,0.5,density_positive,14164961.678728703,3069394.687445946,11095566.991282757,11162877.505311433,0.9939701466761909,3069394.687445946,14232272.19275738
12,density_positive,0.5,density_negative,338405.4862816685,271094.9722529874,67310.5140286811,11162877.505311433,0.006029853323809558,271094.9722529874,11433972.47756442
12,density_positive,0.5,independent,7862363.248453485,1678171.4969239016,6184191.751529584,11162877.505311433,0.5539962029133679,1678171.4969239016,12841049.002235334
12,density_negative,0.1,density_positive,14164961.678728703,14164923.788788937,37.88993976637721,4532.27372527687,0.008360028997159161,14164923.788788937,14169456.062514214
12,density_negative,0.1,density_negative,338405.4862816685,333911.1024961575,4494.38378551096,4532.27372527687,0.9916399710029438,333911.1024961575,338443.3762214344
12,density_negative,0.1,independent,7862363.248453485,7859887.348000799,2475.9004526855424,4532.27372527687,0.5462821980228684,7859887.348000799,7864419.621726076
12,density_negative,0.3,density_positive,14164961.678728703,13541224.299624698,623737.3791040052,794703.9702162441,0.784867576456529,13541224.299624698,14335928.269840943
12,density_negative,0.3,density_negative,338405.4862816685,167438.89516942704,170966.59111224144,794703.9702162441,0.2151324235434741,167438.89516942704,962142.8653856711
12,density_negative,0.3,independent,7862363.248453485,7496327.836778431,366035.41167505365,794703.9702162441,0.46059341011654065,7496327.836778431,8291031.806994676
12,density_negative,0.5,density_positive,14164961.678728703,11264902.982656086,2900058.6960726175,3177413.287372199,0.9127105710793573,11264902.982656086,14442316.270028286
12,density_negative,0.5,density_negative,338405.4862816685,61050.89498208931,277354.5912995792,3177413.287372199,0.08728942892064206,61050.89498208931,3238464.182354288
12,density_negative,0.5,independent,7862363.248453485,6373959.48958626,1488403.7588672247,3177413.287372199,0.4684325343456256,6373959.48958626,9551372.776958458
13,random,0.1,density_positive,14164961.678728703,12753077.05106321,1411884.6276654936,1445863.586149209,0.9764991948001042,12753077.05106321,14198940.637212418
13,random,0.1,density_negative,338405.4862816685,304426.527797953,33978.95848371548,1445863.586149209,0.023500805199895915,304426.527797953,1750290.113947162
13,random,0.1,independent,7862363.248453485,7066965.298132413,795397.9503210718,1445863.586149209,0.5501196364170617,7066965.298132413,8512828.884281622
13,random,0.3,density_positive,14164961.678728703,9929502.309970016,4235459.368758688,4336518.742415719,0.976695736912523,9929502.309970016,14266021.052385734
13,random,0.3,density_negative,338405.4862816685,237346.11262463816,101059.37365703032,4336518.742415719,0.023304263087476886,237346.11262463816,4573864.8550403565
13,random,0.3,independent,7862363.248453485,5516722.2582974695,2345640.9901560154,4336518.742415719,0.5409041513445283,5516722.2582974695,9853241.000713188
13,random,0.5,density_positive,14164961.678728703,7083866.66390871,7081095.014819994,7249786.330233998,0.9767315465960003,7083866.66390871,14333652.994142707
13,random,0.5,density_negative,338405.4862816685,169714.17086766343,168691.31541400505,7249786.330233998,0.023268453403999877,169714.17086766343,7419500.5011016615
13,random,0.5,independent,7862363.248453485,3921384.423660446,3940978.824793039,7249786.330233998,0.5435993069696218,3921384.423660446,11171170.753894445
13,spatial,0.1,density_positive,14164961.678728703,12753117.226762062,1411844.4519666415,1446700.0300363628,0.9759068380824978,12753117.226762062,14199817.256798424
13,spatial,0.1,density_negative,338405.4862816685,303549.9082119469,34855.57806972158,1446700.0300363628,0.024093161917502336,303549.9082119469,1750249.9382483098
13,spatial,0.1,independent,7862363.248453485,6979353.077649259,883010.1708042258,1446700.0300363628,0.6103616177999467,6979353.077649259,8426053.107685622
13,spatial,0.3,density_positive,14164961.678728703,9781022.224805562,4383939.453923142,4486828.576973281,0.9770686307076286,9781022.224805562,14267850.801778842
13,spatial,0.3,density_negative,338405.4862816685,235516.36323152905,102889.12305013943,4486828.576973281,0.02293136929237137,235516.36323152905,4722344.94020481
13,spatial,0.3,independent,7862363.248453485,5239221.794146794,2623141.454306691,4486828.576973281,0.5846315296663743,5239221.794146794,9726050.371120075
13,spatial,0.5,density_positive,14164961.678728703,6843877.722626994,7321083.956101709,7490248.906448222,0.977415309896994,6843877.722626994,14334126.629075216
13,spatial,0.5,density_negative,338405.4862816685,169240.53593515427,169164.9503465142,7490248.906448222,0.022584690103006205,169240.53593515427,7659489.442383376
13,spatial,0.5,independent,7862363.248453485,3698013.6203092486,4164349.6281442363,7490248.906448222,0.5559694584460634,3698013.6203092486,11188262.526757471
13,density_positive,0.1,density_positive,14164961.678728703,10929921.144382162,3235040.5343465414,3236842.880760871,0.9994431776639384,10929921.144382162,14166764.025143033
13,density_positive,0.1,density_negative,338405.4862816685,336603.13986733777,1802.3464143307065,3236842.880760871,0.0005568223360619335,336603.13986733777,3573446.0206282088
13,density_positive,0.1,independent,7862363.248453485,5782067.447791532,2080295.8006619532,3236842.880760871,0.6426928576072704,5782067.447791532,9018910.328552403
13,density_positive,0.3,density_positive,14164961.678728703,6335788.299492695,7829173.379236008,7847861.749728843,0.9976186672129539,6335788.299492695,14183650.049221538
13,density_positive,0.3,density_negative,338405.4862816685,319717.1157888341,18688.370492834365,7847861.749728843,0.002381332787046112,319717.1157888341,8167578.865517677
13,density_positive,0.3,independent,7862363.248453485,3383595.4542901614,4478767.794163324,7847861.749728843,0.5706991199632273,3383595.4542901614,11231457.204019004
13,density_positive,0.5,density_positive,14164961.678728703,2900539.972240753,11264421.70648795,11326804.893541653,0.9944924285674531,2900539.972240753,14227344.865782406
13,density_positive,0.5,density_negative,338405.4862816685,276022.29922796675,62383.187053701724,11326804.893541653,0.005507571432546837,276022.29922796675,11602827.192769619
13,density_positive,0.5,independent,7862363.248453485,1650827.000803216,6211536.247650269,11326804.893541653,0.5483926231652475,1650827.000803216,12977631.894344868
13,density_negative,0.1,density_positive,14164961.678728703,14164943.97214835,17.70658035390079,4783.897716195901,0.0037012874029382164,14164943.97214835,14169727.869864546
13,density_negative,0.1,density_negative,338405.4862816685,333639.2951458253,4766.191135843168,4783.897716195901,0.9962987125973058,333639.2951458253,338423.1928620212
13,density_negative,0.1,independent,7862363.248453485,7859776.324201171,2586.9242523135617,4783.897716195901,0.540756597607746,7859776.324201171,7864560.221917368
13,density_negative,0.3,density_positive,14164961.678728703,13560379.523119183,604582.1556095202,773542.6825169229,0.7815756897115934,13560379.523119183,14333922.205636106
13,density_negative,0.3,density_negative,338405.4862816685,169444.95937426368,168960.5269074048,773542.6825169229,0.21842431028840922,169444.95937426368,942987.6418911866
13,density_negative,0.3,independent,7862363.248453485,7427346.967849474,435016.28060401045,773542.6825169229,0.562368813558641,7427346.967849474,8200889.650366398
13,density_negative,0.5,density_positive,14164961.678728703,11268606.688621286,2896354.990107417,3174592.330973149,0.9123549382542482,11268606.688621286,14443199.019594435
13,density_negative,0.5,density_negative,338405.4862816685,60168.14541593797,278237.3408657305,3174592.330973149,0.0876450617457514,60168.14541593797,3234760.476389087
13,density_negative,0.5,independent,7862363.248453485,6196927.176145808,1665436.072307677,3174592.330973149,0.5246141547242853,6196927.176145808,9371519.507118957
14,random,0.1,density_positive,14164961.678728703,12752143.80943962,1412817.8692890834,1447134.1336335302,0.9762867425023802,12752143.80943962,14199277.94307315
14,random,0.1,density_negative,338405.4862816685,304089.2219372218,34316.26434444665,1447134.1336335302,0.023713257497619666,304089.2219372218,1751223.3555707522
14,random,0.1,independent,7862363.248453485,7072987.651348821,789375.597104664,1447134.1336335302,0.5454750729448028,7072987.651348821,8520121.784982352
14,random,0.3,density_positive,14164961.678728703,9912011.451595195,4252950.227133509,4355416.250651333,0.9764738850155825,9912011.451595195,14267427.702246528
14,random,0.3,density_negative,338405.4862816685,235939.4627638456,102466.02351782288,4355416.250651333,0.023526114984417288,235939.4627638456,4591355.7134151785
14,random,0.3,independent,7862363.248453485,5499013.473504155,2363349.77494933,4355416.250651333,0.5426231705398771,5499013.473504155,9854429.724155487
14,random,0.5,density_positive,14164961.678728703,7080414.000226436,7084547.678502267,7253901.029298708,0.9766534792641342,7080414.000226436,14334315.029525144
14,random,0.5,density_negative,338405.4862816685,169052.13548522696,169353.35079644152,7253901.029298708,0.023346520735865933,169052.13548522696,7422953.164783935
14,random,0.5,independent,7862363.248453485,3923145.2297405647,3939218.01871292,7253901.029298708,0.543048216787396,3923145.2297405647,11177046.259039272
14,spatial,0.1,density_positive,14164961.678728703,12798429.218676811,1366532.4600518923,1399580.8315481553,0.9763869504702303,12798429.218676811,14198010.050224967
14,spatial,0.1,density_negative,338405.4862816685,305357.1147854038,33048.37149626465,1399580.8315481553,0.02361304952977098,305357.1147854038,1704937.9463335592
14,spatial,0.1,independent,7862363.248453485,7234053.7379210675,628309.5105324173,1399580.8315481553,0.4489269189528759,7234053.7379210675,8633634.569469223
14,spatial,0.3,density_positive,14164961.678728703,9981866.2398897,4183095.4388390034,4282090.746278673,0.97688154845254,9981866.2398897,14263956.986168373
14,spatial,0.3,density_negative,338405.4862816685,239410.1788419987,98995.30743966976,4282090.746278673,0.023118451547459864,239410.1788419987,4521500.925120672
14,spatial,0.3,independent,7862363.248453485,5820232.395877324,2042130.8525761608,4282090.746278673,0.47690041467497224,5820232.395877324,10102323.142155997
14,spatial,0.5,density_positive,14164961.678728703,7152790.341656696,7012171.337072007,7179439.430351996,0.9767017891991899,7152790.341656696,14332229.772008691
14,spatial,0.5,density_negative,338405.4862816685,171137.39300167985,167268.09327998862,7179439.430351996,0.023298210800810078,171137.39300167985,7350576.823353676
14,spatial,0.5,independent,7862363.248453485,4249427.992543268,3612935.255910217,7179439.430351996,0.50323361467973,4249427.992543268,11428867.422895264
14,density_positive,0.1,density_positive,14164961.678728703,11074731.870336687,3090229.808392016,3092936.633650193,0.9991248364972216,11074731.870336687,14167668.50398688
14,density_positive,0.1,density_negative,338405.4862816685,335698.6610234893,2706.8252581791603,3092936.633650193,0.0008751635027791192,335698.6610234893,3428635.294673682
14,density_positive,0.1,independent,7862363.248453485,6290041.408817115,1572321.8396363696,3092936.633650193,0.5083588918473126,6290041.408817115,9382978.042467307
14,density_positive,0.3,density_positive,14164961.678728703,6434827.742275811,7730133.936452893,7747825.331904935,0.9977165985687377,6434827.742275811,14182653.074180745
14,density_positive,0.3,density_negative,338405.4862816685,320714.0908296276,17691.395452040888,7747825.331904935,0.0022834014312621523,320714.0908296276,8068539.422734562
14,density_positive,0.3,independent,7862363.248453485,3676253.6485899496,4186109.5998635353,7747825.331904935,0.5402947821533179,3676253.6485899496,11424078.980494885
14,density_positive,0.5,density_positive,14164961.678728703,2961770.9738636944,11203190.704865009,11264074.275396211,0.9945948891100453,2961770.9738636944,14225845.249259906
14,density_positive,0.5,density_negative,338405.4862816685,277521.91575046384,60883.570531204634,11264074.275396211,0.005405110889954876,277521.91575046384,11541596.191146675
14,density_positive,0.5,independent,7862363.248453485,1708010.6505753943,6154352.597878091,11264074.275396211,0.5463700298319999,1708010.6505753943,12972084.925971605
14,density_negative,0.1,density_positive,14164961.678728703,14162482.276761848,2479.40196685493,7743.189088001753,0.32020423867690634,14162482.276761848,14170225.46584985
14,density_negative,0.1,density_negative,338405.4862816685,333141.69916051964,5263.787121148838,7743.189088001753,0.679795761323354,333141.69916051964,340884.88824852137
14,density_negative,0.1,independent,7862363.248453485,7857964.169511584,4399.078941901214,7743.189088001753,0.5681223707577653,7857964.169511584,7865707.3585995855
14,density_negative,0.3,density_positive,14164961.678728703,13535371.109861033,629590.5688676704,799022.6100058109,0.7879508802173842,13535371.109861033,14334393.719866844
14,density_negative,0.3,density_negative,338405.4862816685,168973.44514352575,169432.04113814273,799022.6100058109,0.2120491197826186,168973.44514352575,967996.0551493366
14,density_negative,0.3,independent,7862363.248453485,7492638.495557381,369724.752896104,799022.6100058109,0.46272126503831373,7492638.495557381,8291661.105563192
14,density_negative,0.5,density_positive,14164961.678728703,11308601.284120405,2856360.3946082983,3132214.009527453,0.9119301509794434,11308601.284120405,14440815.29364786
14,density_negative,0.5,density_negative,338405.4862816685,62551.871362512706,275853.6149191558,3132214.009527453,0.08806984902055684,62551.871362512706,3194765.880889966
14,density_negative,0.5,independent,7862363.248453485,6472982.201249134,1389381.047204351,3132214.009527453,0.44357794294329284,6472982.201249134,9605196.210776586
15,random,0.1,density_positive,14164961.678728703,12742534.175347442,1422427.5033812616,1454886.3246291787,0.9776897887495161,12742534.175347442,14197420.49997662
15,random,0.1,density_negative,338405.4862816685,305946.665033753,32458.821247915505,1454886.3246291787,0.022310211250482822,305946.665033753,1760832.9896629318
15,random,0.1,independent,7862363.248453485,7075807.034280299,786556.2141731856,1454886.3246291787,0.5406307014217506,7075807.034280299,8530693.358909478
15,random,0.3,density_positive,14164961.678728703,9907247.560878012,4257714.117850691,4359100.444937444,0.9767414565533811,9907247.560878012,14266348.005815458
15,random,0.3,density_negative,338405.4862816685,237019.15919491445,101386.32708675403,4359100.444937444,0.02325854344661906,237019.15919491445,4596119.604132359
15,random,0.3,independent,7862363.248453485,5502053.644328607,2360309.6041248776,4359100.444937444,0.5414671292711516,5502053.644328607,9861154.08926605
15,random,0.5,density_positive,14164961.678728703,7075721.1914391965,7089240.487289507,7258985.157280441,0.9766159227064009,7075721.1914391965,14334706.348719638
15,random,0.5,density_negative,338405.4862816685,168660.81629073498,169744.6699909335,7258985.157280441,0.023384077293598968,168660.81629073498,7427645.973571177
15,random,0.5,independent,7862363.248453485,3917573.9095687293,3944789.3388847555,7258985.157280441,0.5434353774546992,3917573.9095687293,11176559.06684917
15,spatial,0.1,density_positive,14164961.678728703,12756029.224107517,1408932.4546211865,1442714.784987171,0.9765841934126399,12756029.224107517,14198744.009094687
15,spatial,0.1,density_negative,338405.4862816685,304623.15591568407,33782.33036598441,1442714.784987171,0.023415806587360102,304623.15591568407,1747337.940902855
15,spatial,0.1,independent,7862363.248453485,7135932.068688367,726431.1797651183,1442714.784987171,0.5035168332121709,7135932.068688367,8578646.853675537
15,spatial,0.3,density_positive,14164961.678728703,9978870.396119088,4186091.2826096155,4290859.869355229,0.9755833119851205,9978870.396119088,14269730.265474316
15,spatial,0.3,density_negative,338405.4862816685,233636.89953605176,104768.58674561672,4290859.869355229,0.02441668801488031,233636.89953605176,4524496.7688912805
15,spatial,0.3,independent,7862363.248453485,5555815.819332932,2306547.4291205527,4290859.869355229,0.5375489993494355,5555815.819332932,9846675.68868816
15,spatial,0.5,density_positive,14164961.678728703,7101624.9647107115,7063336.714017992,7236805.916117375,0.976029590386963,7101624.9647107115,14338430.880828086
15,spatial,0.5,density_negative,338405.4862816685,164936.28418228624,173469.20209938224,7236805.916117375,0.0239704096130369,164936.28418228624,7401742.200299661
15,spatial,0.5,independent,7862363.248453485,3953882.5478436444,3908480.7006098405,7236805.916117375,0.5400836703254829,3953882.5478436444,11190688.46396102
15,density_positive,0.1,density_positive,14164961.678728703,10966081.216588026,3198880.4621406775,3199504.394564077,0.9998049909153245,10966081.216588026,14165585.611152103
15,density_positive,0.1,density_negative,338405.4862816685,337781.5538582708,623.9324233976658,3199504.394564077,0.00019500908467502662,337781.5538582708,3537285.9484223477
15,density_positive,0.1,independent,7862363.248453485,6089064.0981841795,1773299.1502693053,3199504.394564077,0.5542418236030935,6089064.0981841795,9288568.492748257
15,density_positive,0.3,density_positive,14164961.678728703,6264566.549643391,7900395.129085313,7918162.417865131,0.9977561348401074,6264566.549643391,14182728.96750852
15,density_positive,0.3,density_negative,338405.4862816685,320638.19750185154,17767.28877981694,7918162.417865131,0.0022438651598924004,320638.19750185154,8238800.615366982
15,density_positive,0.3,independent,7862363.248453485,3377166.5099303257,4485196.738523159,7918162.417865131,0.5664441447176634,3377166.5099303257,11295328.927795457
15,density_positive,0.5,density_positive,14164961.678728703,2831025.060432632,11333936.618296072,11401830.224873679,0.9940453764668857,2831025.060432632,14232855.28530631
15,density_positive,0.5,density_negative,338405.4862816685,270511.87970405887,67893.60657760961,11401830.224873679,0.005954623533114553,270511.87970405887,11672342.104577737
15,density_positive,0.5,independent,7862363.248453485,1579051.6450622014,6283311.603391283,11401830.224873679,0.5510792109221129,1579051.6450622014,12980881.86993588
15,density_negative,0.1,density_positive,14164961.678728703,14164961.678728703,0.0,3806.341584926713,0.0,14164961.678728703,14168768.02031363
15,density_negative,0.1,density_negative,338405.4862816685,334599.14469674166,3806.3415849268204,3806.341584926713,1.0000000000000282,334599.14469674166,338405.48628166836
15,density_negative,0.1,independent,7862363.248453485,7860793.068470668,1570.1799828168005,3806.341584926713,0.4125168348092523,7860793.068470668,7864599.4100555945
15,density_negative,0.3,density_positive,14164961.678728703,13521482.013475355,643479.6652533486,812141.4580594373,0.7923246115164521,13521482.013475355,14333623.471534792
15,density_negative,0.3,density_negative,338405.4862816685,169743.6934755804,168661.79280608808,812141.4580594373,0.20767538848354716,169743.6934755804,981885.1515350178
15,density_negative,0.3,independent,7862363.248453485,7490268.459374824,372094.78907866124,812141.4580594373,0.4581649974719418,7490268.459374824,8302409.917434261
15,density_negative,0.5,density_positive,14164961.678728703,11218377.230545085,2946584.4481836185,3224597.5343425083,0.9137836324694777,11218377.230545085,14442974.764887594
15,density_negative,0.5,density_negative,338405.4862816685,60392.40012277924,278013.08615888923,3224597.5343425083,0.08621636753052216,60392.40012277924,3284989.9344652877
15,density_negative,0.5,independent,7862363.248453485,6263703.816314632,1598659.4321388528,3224597.5343425083,0.4957702209695504,6263703.816314632,9488301.35065714
16,random,0.1,density_positive,14164961.678728703,12753335.421084063,1411626.2576446403,1445498.1224219156,0.976567340868957,12753335.421084063,14198833.543505978
16,random,0.1,density_negative,338405.4862816685,304533.62150439335,33871.86477727513,1445498.1224219156,0.023432659131042803,304533.62150439335,1750031.743926309
16,random,0.1,independent,7862363.248453485,7083268.872367484,779094.3760860013,1445498.1224219156,0.5389798602993946,7083268.872367484,8528766.9947894
16,random,0.3,density_positive,14164961.678728703,9919240.480948193,4245721.19778051,4346778.338320311,0.9767512551424806,9919240.480948193,14266018.819268504
16,random,0.3,density_negative,338405.4862816685,237348.34574186945,101057.14053979903,4346778.338320311,0.023248744857518933,237348.34574186945,4584126.684062181
16,random,0.3,independent,7862363.248453485,5504578.513329409,2357784.735124076,4346778.338320311,0.5424212029259294,5504578.513329409,9851356.85164972
16,random,0.5,density_positive,14164961.678728703,7084954.062692265,7080007.616036438,7248960.5324704265,0.9766928077926216,7084954.062692265,14333914.595162692
16,random,0.5,density_negative,338405.4862816685,169452.56984767897,168952.9164339895,7248960.5324704265,0.023307192207378567,169452.56984767897,7418413.102318105
16,random,0.5,independent,7862363.248453485,3930321.740584806,3932041.507868679,7248960.5324704265,0.5424283233790279,3930321.740584806,11179282.273055233
16,spatial,0.1,density_positive,14164961.678728703,12973164.885601895,1191796.7931268085,1230746.6516119663,0.9683526593924563,12973164.885601895,14203911.537213862
16,spatial,0.1,density_negative,338405.4862816685,299455.6277965099,38949.85848515859,1230746.6516119663,0.03164734060754432,299455.6277965099,1530202.2794084763
16,spatial,0.1,independent,7862363.248453485,7140283.309743914,722079.938709571,1230746.6516119663,0.5867007135577653,7140283.309743914,8371029.96135588
16,spatial,0.3,density_positive,14164961.678728703,10089788.47658408,4075173.202144623,4179875.110487242,0.9749509481563399,10089788.47658408,14269663.587071322
16,spatial,0.3,density_negative,338405.4862816685,233703.57793905173,104701.90834261675,4179875.110487242,0.02504905184365946,233703.57793905173,4413578.688426294
16,spatial,0.3,independent,7862363.248453485,5425478.346955312,2436884.9014981724,4179875.110487242,0.5830042374673028,5425478.346955312,9605353.457442556
16,spatial,0.5,density_positive,14164961.678728703,7245183.137473936,6919778.541254767,7090090.022494176,0.9759789395199391,7245183.137473936,14335273.159968112
16,spatial,0.5,density_negative,338405.4862816685,168094.0050422584,170311.4812394101,7090090.022494176,0.02402106048006106,168094.0050422584,7258184.027536435
16,spatial,0.5,independent,7862363.248453485,3880755.414865164,3981607.8335883208,7090090.022494176,0.5615736642209315,3880755.414865164,10970845.43735934
16,density_positive,0.1,density_positive,14164961.678728703,11171451.425947199,2993510.2527815048,2997413.357076143,0.9986978424962897,11171451.425947199,14168864.783023342
16,density_positive,0.1,density_negative,338405.4862816685,334502.38198703114,3903.1042946373345,2997413.357076143,0.0013021575037100179,334502.38198703114,3331915.739063174
16,density_positive,0.1,independent,7862363.248453485,5941247.404650126,1921115.8438033592,2997413.357076143,0.6409245622623537,5941247.404650126,8938660.761726268
16,density_positive,0.3,density_positive,14164961.678728703,6551551.352427074,7613410.32630163,7633271.545088263,0.9973980725473583,6551551.352427074,14184822.897515338
16,density_positive,0.3,density_negative,338405.4862816685,318544.2674950334,19861.218786635087,7633271.545088263,0.0026019274526418584,318544.2674950334,7951815.812583297
16,density_positive,0.3,independent,7862363.248453485,3374220.5594140007,4488142.689039484,7633271.545088263,0.5879710504898051,3374220.5594140007,11007492.104502264
16,density_positive,0.5,density_positive,14164961.678728703,2987069.6182115106,11177892.060517192,11239409.497768892,0.994526630846228,2987069.6182115106,14226479.115980402
16,density_positive,0.5,density_negative,338405.4862816685,276888.0490299678,61517.43725170067,11239409.497768892,0.005473369153772033,276888.0490299678,11516297.54679886
16,density_positive,0.5,independent,7862363.248453485,1481132.3963526585,6381230.852100827,11239409.497768892,0.5677549922322476,1481132.3963526585,12720541.89412155
16,density_negative,0.1,density_positive,14164961.678728703,14164502.383819385,459.29490931890905,6707.418787918407,0.0684756571553582,14164502.383819385,14171209.802607303
16,density_negative,0.1,density_negative,338405.4862816685,332157.36240306863,6248.123878599843,6707.418787918407,0.9315243428446932,332157.36240306863,338864.78119098704
16,density_negative,0.1,independent,7862363.248453485,7858911.053816474,3452.1946370108053,6707.418787918407,0.5146830317541818,7858911.053816474,7865618.472604392
16,density_negative,0.3,density_positive,14164961.678728703,13612201.093816286,552760.5849124175,726933.5109583527,0.7604004720922628,13612201.093816286,14339134.604774639
16,density_negative,0.3,density_negative,338405.4862816685,164232.56023573177,174172.9260459367,726933.5109583527,0.23959952790773925,164232.56023573177,891166.0711940845
16,density_negative,0.3,independent,7862363.248453485,7483871.155065013,378492.09338847175,726933.5109583527,0.5206694803345725,7483871.155065013,8210804.666023366
16,density_negative,0.5,density_positive,14164961.678728703,11405936.644256555,2759025.034472149,3030537.9449725584,0.9104076848960662,11405936.644256555,14436474.589229112
16,density_negative,0.5,density_negative,338405.4862816685,66892.57578125766,271512.9105004108,3030537.9449725584,0.08959231510393426,66892.57578125766,3097430.5207538162
16,density_negative,0.5,independent,7862363.248453485,6254332.592534485,1608030.6559189996,3030537.9449725584,0.5306089826681119,6254332.592534485,9284870.537507044
17,random,0.1,density_positive,14164961.678728703,12747433.991121005,1417527.6876076981,1450418.8753528628,0.9773229731741028,12747433.991121005,14197852.866473868
17,random,0.1,density_negative,338405.4862816685,305514.2985365023,32891.187745166186,1450418.8753528628,0.022677026825898353,305514.2985365023,1755933.173889365
17,random,0.1,independent,7862363.248453485,7079415.173138977,782948.0753145078,1450418.8753528628,0.5398082503056433,7079415.173138977,8529834.04849184
17,random,0.3,density_positive,14164961.678728703,9922698.474911127,4242263.203817576,4342952.336352061,0.9768155105706133,9922698.474911127,14265650.811263189
17,random,0.3,density_negative,338405.4862816685,237716.35374718343,100689.13253448505,4342952.336352061,0.0231844894293868,237716.35374718343,4580668.690099244
17,random,0.3,independent,7862363.248453485,5520045.05836221,2342318.1900912747,4342952.336352061,0.5393377612011155,5520045.05836221,9862997.39471427
17,random,0.5,density_positive,14164961.678728703,7088972.448211555,7075989.230517148,7244912.508707226,0.976683876032035,7088972.448211555,14333884.956918782
17,random,0.5,density_negative,338405.4862816685,169482.20809159093,168923.27819007754,7244912.508707226,0.02331612396796494,169482.20809159093,7414394.716798817
17,random,0.5,independent,7862363.248453485,3947471.4217913644,3914891.8266621204,7244912.508707226,0.5403642655390312,3947471.4217913644,11192383.93049859
17,spatial,0.1,density_positive,14164961.678728703,12737550.99779436,1427410.6809343435,1462775.1772334978,0.9758236967310054,12737550.99779436,14200326.175027858
17,spatial,0.1,density_negative,338405.4862816685,303040.98998251435,35364.496299154125,1462775.1772334978,0.024176303268994434,303040.98998251435,1765816.1672160123
17,spatial,0.1,independent,7862363.248453485,7107395.31379731,754967.9346561749,1462775.1772334978,0.5161202804138519,7107395.31379731,8570170.491030809
17,spatial,0.3,density_positive,14164961.678728703,9912797.827342892,4252163.851385811,4358073.343638615,0.9756980931935445,9912797.827342892,14270871.170981508
17,spatial,0.3,density_negative,338405.4862816685,232495.99402886542,105909.49225280306,4358073.343638615,0.02430190680645539,232495.99402886542,4590569.33766748
17,spatial,0.3,independent,7862363.248453485,5562960.491557528,2299402.7568959566,4358073.343638615,0.5276191049543361,5562960.491557528,9921033.835196143
17,spatial,0.5,density_positive,14164961.678728703,7079727.032771997,7085234.645956706,7258709.177857113,0.9761011871877171,7079727.032771997,14338436.21062911
17,spatial,0.5,density_negative,338405.4862816685,164930.95438125884,173474.53190040964,7258709.177857113,0.023898812812283256,164930.95438125884,7423640.132238372
17,spatial,0.5,independent,7862363.248453485,4024605.821587464,3837757.426866021,7258709.177857113,0.5287107298048533,4024605.821587464,11283314.999444578
17,density_positive,0.1,density_positive,14164961.678728703,10972233.387047904,3192728.2916808,3193616.435790111,0.9997219001946014,10972233.387047904,14165849.822838014
17,density_positive,0.1,density_negative,338405.4862816685,337517.34217235784,888.1441093106405,3193616.435790111,0.0002780998053984873,337517.34217235784,3531133.7779624686
17,density_positive,0.1,independent,7862363.248453485,6055707.829869344,1806655.418584141,3193616.435790111,0.5657083293840103,6055707.829869344,9249324.265659455
17,density_positive,0.3,density_positive,14164961.678728703,6428101.677433946,7736860.001294757,7752388.980665653,0.9979968781997879,6428101.677433946,14180490.6580996
17,density_positive,0.3,density_negative,338405.4862816685,322876.5069107705,15528.979370897985,7752388.980665653,0.00200312180021243,322876.5069107705,8075265.487576423
17,density_positive,0.3,independent,7862363.248453485,3499160.888288008,4363202.360165477,7752388.980665653,0.5628203604137049,3499160.888288008,11251549.86895366
17,density_positive,0.5,density_positive,14164961.678728703,2883915.2183142705,11281046.460414432,11343339.71637869,0.9945083848741378,2883915.2183142705,14227254.93469296
17,density_positive,0.5,density_negative,338405.4862816685,276112.2303174096,62293.25596425886,11343339.71637869,0.005491615125862218,276112.2303174096,11619451.9466961
17,density_positive,0.5,independent,7862363.248453485,1536644.6779262421,6325718.5705272425,11343339.71637869,0.5576592721977209,1536644.6779262421,12879984.394304933
17,density_negative,0.1,density_positive,14164961.678728703,14164301.913452677,659.7652760259807,5277.925879865809,0.12500464975130632,14164301.913452677,14169579.839332543
17,density_negative,0.1,density_negative,338405.4862816685,333787.32567782904,4618.160603839438,5277.925879865809,0.8749953502486197,333787.32567782904,339065.25155769486
17,density_negative,0.1,independent,7862363.248453485,7858870.962050938,3492.2864025468007,5277.925879865809,0.6616778033714243,7858870.962050938,7864148.887930804
17,density_negative,0.3,density_positive,14164961.678728703,13549363.163129088,615598.5155996159,789993.8129719544,0.7792447301374882,13549363.163129088,14339356.976101043
17,density_negative,0.3,density_negative,338405.4862816685,164010.18890932854,174395.29737233993,789993.8129719544,0.22075526986251368,164010.18890932854,954004.0018812829
17,density_negative,0.3,independent,7862363.248453485,7444319.232093222,418044.0163602624,789993.8129719544,0.5291737852826747,7444319.232093222,8234313.045065177
17,density_negative,0.5,density_positive,14164961.678728703,11246746.932888087,2918214.7458406165,3189664.528412071,0.9148970745501591,11246746.932888087,14436411.461300157
17,density_negative,0.5,density_negative,338405.4862816685,66955.70371021387,271449.7825714546,3189664.528412071,0.08510292544984095,66955.70371021387,3256620.232122285
17,density_negative,0.5,independent,7862363.248453485,6292354.447792727,1570008.8006607583,3189664.528412071,0.49221753155413017,6292354.447792727,9482018.976204798
18,random,0.1,density_positive,14164961.678728703,12753216.527825661,1411745.1509030424,1446000.5316809774,0.9763102571351664,12753216.527825661,14199217.059506638
18,random,0.1,density_negative,338405.4862816685,304150.1055037325,34255.38077793596,1446000.5316809774,0.023689742864834246,304150.1055037325,1750150.63718471
18,random,0.1,independent,7862363.248453485,7072700.998876898,789662.2495765872,1446000.5316809774,0.5461009399896997,7072700.998876898,8518701.530557875
18,random,0.3,density_positive,14164961.678728703,9909888.200980417,4255073.477748286,4356762.87021881,0.9766594153733649,9909888.200980417,14266651.071199227
18,random,0.3,density_negative,338405.4862816685,236716.09381114345,101689.39247052502,4356762.87021881,0.02334058462663539,236716.09381114345,4593478.964029953
18,random,0.3,independent,7862363.248453485,5481831.0003069155,2380532.2481465694,4356762.87021881,0.5463993150554489,5481831.0003069155,9838593.870525725
18,random,0.5,density_positive,14164961.678728703,7089269.742476701,7075691.936252003,7244489.739149116,0.9766998354646108,7089269.742476701,14333759.481625818
18,random,0.5,density_negative,338405.4862816685,169607.6833845568,168797.8028971117,7244489.739149116,0.023300164535388992,169607.6833845568,7414097.422533672
18,random,0.5,independent,7862363.248453485,3939791.5194881116,3922571.7289653732,7244489.739149116,0.5414559023760988,3939791.5194881116,11184281.258637227
18,spatial,0.1,density_positive,14164961.678728703,12810912.401491031,1354049.2772376724,1389103.122561206,0.9747651238023984,12810912.401491031,14200015.524052236
18,spatial,0.1,density_negative,338405.4862816685,303351.6409581326,35053.845323535905,1389103.122561206,0.025234876197603087,303351.6409581326,1692454.7635193388
18,spatial,0.1,independent,7862363.248453485,7044906.7289704885,817456.5194829963,1389103.122561206,0.5884779223415632,7044906.7289704885,8434009.851531696
18,spatial,0.3,density_positive,14164961.678728703,9920226.119796207,4244735.558932496,4347172.603524582,0.9764359380372813,9920226.119796207,14267398.72332079
18,spatial,0.3,density_negative,338405.4862816685,235968.44168957858,102437.0445920899,4347172.603524582,0.023564061962719495,235968.44168957858,4583141.045214161
18,spatial,0.3,independent,7862363.248453485,5470316.584336877,2392046.664116608,4347172.603524582,0.5502534364927665,5470316.584336877,9817489.18786146
18,spatial,0.5,density_positive,14164961.678728703,6976327.109598098,7188634.569130605,7356334.525956596,0.9772033264346167,6976327.109598098,14332661.635554694
18,spatial,0.5,density_negative,338405.4862816685,170705.5294556752,167699.9568259933,7356334.525956596,0.02279667356538358,170705.5294556752,7527040.055412271
18,spatial,0.5,independent,7862363.248453485,3852963.094451321,4009400.154002164,7356334.525956596,0.5450268934691755,3852963.094451321,11209297.620407917
18,density_positive,0.1,density_positive,14164961.678728703,11001350.890332483,3163610.7883962207,3166132.0479999706,0.9992036783161515,11001350.890332483,14167482.938332453
18,density_positive,0.1,density_negative,338405.4862816685,335884.22667791863,2521.2596037498442,3166132.0479999706,0.0007963216838484393,335884.22667791863,3502016.2746778894
18,density_positive,0.1,independent,7862363.248453485,5992929.228544464,1869434.0199090205,3166132.0479999706,0.5904472686443802,5992929.228544464,9159061.276544435
18,density_positive,0.3,density_positive,14164961.678728703,6210849.921677177,7954111.757051527,7970602.689821662,0.9979310306369688,6210849.921677177,14181452.61149884
18,density_positive,0.3,density_negative,338405.4862816685,321914.55351153214,16490.932770136336,7970602.689821662,0.0020689693630313558,321914.55351153214,8292517.243333194
18,density_positive,0.3,independent,7862363.248453485,3362351.053019547,4500012.195433938,7970602.689821662,0.5645761519615555,3362351.053019547,11332953.74284121
18,density_positive,0.5,density_positive,14164961.678728703,2790041.401913164,11374920.27681554,11438849.25459368,0.9944112404704986,2790041.401913164,14228890.656506844
18,density_positive,0.5,density_negative,338405.4862816685,274476.5085035258,63928.97777814267,11438849.25459368,0.005588759529501597,274476.5085035258,11713325.763097206
18,density_positive,0.5,independent,7862363.248453485,1452237.5960634092,6410125.652390076,11438849.25459368,0.5603820375389474,1452237.5960634092,12891086.850657089
18,density_negative,0.1,density_positive,14164961.678728703,14164307.314028468,654.3647002354264,5808.684992117587,0.11265281231869216,14164307.314028468,14170115.999020586
18,density_negative,0.1,density_negative,338405.4862816685,333251.16598978714,5154.320291881333,5808.684992117587,0.8873471876811654,333251.16598978714,339059.8509819047
18,density_negative,0.1,independent,7862363.248453485,7860745.122808181,1618.1256453040987,5808.684992117587,0.27857004597424423,7860745.122808181,7866553.807800299
18,density_negative,0.3,density_positive,14164961.678728703,13568013.337041663,596948.3416870404,770017.4377973736,0.7752400301408817,13568013.337041663,14338030.774839036
18,density_negative,0.3,density_negative,338405.4862816685,165336.3901713337,173069.09611033477,770017.4377973736,0.22475996985912033,165336.3901713337,935353.8279687073
18,density_negative,0.3,independent,7862363.248453485,7460698.875417997,401664.3730354877,770017.4377973736,0.5216302298093979,7460698.875417997,8230716.313215371
18,density_negative,0.5,density_positive,14164961.678728703,11284345.517990932,2880616.1607377715,3161302.015913008,0.9112119456596203,11284345.517990932,14445647.53390394
18,density_negative,0.5,density_negative,338405.4862816685,57719.63110643278,280685.8551752357,3161302.015913008,0.0887880543403796,57719.63110643278,3219021.647019441
18,density_negative,0.5,independent,7862363.248453485,6248267.906661924,1614095.3417915609,3161302.015913008,0.5105792909588228,6248267.906661924,9409569.922574932
19,random,0.1,density_positive,14164961.678728703,12745215.297563463,1419746.38116524,1452749.8553820674,0.9772820667683717,12745215.297563463,14197965.152945532
19,random,0.1,density_negative,338405.4862816685,305402.0120648424,33003.474216826085,1452749.8553820674,0.02271793323162734,305402.0120648424,1758151.8674469097
19,random,0.1,independent,7862363.248453485,7072616.8516587,789746.3967947848,1452749.8553820674,0.5436217349249605,7072616.8516587,8525366.707040768
19,random,0.3,density_positive,14164961.678728703,9915508.713601962,4249452.965126742,4349661.069075201,0.9769618592444113,9915508.713601962,14265169.782677162
19,random,0.3,density_negative,338405.4862816685,238197.3823332059,100208.10394846258,4349661.069075201,0.023038140755589548,238197.3823332059,4587858.451408407
19,random,0.3,independent,7862363.248453485,5502521.173967759,2359842.0744857257,4349661.069075201,0.5425347025917726,5502521.173967759,9852182.24304296
19,random,0.5,density_positive,14164961.678728703,7079555.380207682,7085406.298521021,7253630.918804402,0.9768082189228469,7079555.380207682,14333186.299012084
19,random,0.5,density_negative,338405.4862816685,170180.8659982857,168224.62028338277,7253630.918804402,0.0231917810771534,170180.8659982857,7423811.784802688
19,random,0.5,independent,7862363.248453485,3941810.7117784345,3920552.5366750504,7253630.918804402,0.5404951782853138,3941810.7117784345,11195441.630582837
19,spatial,0.1,density_positive,14164961.678728703,12902478.497972982,1262483.1807557214,1296463.3664778746,0.9737900918755091,12902478.497972982,14198941.864450857
19,spatial,0.1,density_negative,338405.4862816685,304425.30055951234,33980.18572215614,1296463.3664778746,0.026209908124493114,304425.30055951234,1600888.667037387
19,spatial,0.1,independent,7862363.248453485,7368093.7984390585,494269.4500144264,1296463.3664778746,0.38124443990825374,7368093.7984390585,8664557.164916933
19,spatial,0.3,density_positive,14164961.678728703,10203262.35449953,3961699.3242291734,4064449.668279057,0.9747197400790082,10203262.35449953,14267712.022778587
19,spatial,0.3,density_negative,338405.4862816685,235655.14223178412,102750.34404988436,4064449.668279057,0.02528025992099202,235655.14223178412,4300104.810510841
19,spatial,0.3,independent,7862363.248453485,5938471.474280596,1923891.774172889,4064449.668279057,0.4733461922749042,5938471.474280596,10002921.142559653
19,spatial,0.5,density_positive,14164961.678728703,7276268.117920051,6888693.560808652,7058624.692498615,0.9759257448734237,7276268.117920051,14334892.810418665
19,spatial,0.5,density_negative,338405.4862816685,168474.35459170392,169931.13168996456,7058624.692498615,0.024074255126576544,168474.35459170392,7227099.047090319
19,spatial,0.5,independent,7862363.248453485,4262252.081429825,3600111.1670236597,7058624.692498615,0.5100301154769699,4262252.081429825,11320876.773928441
19,density_positive,0.1,density_positive,14164961.678728703,11066445.583878446,3098516.094850257,3101201.6883251,0.9991340152157941,11066445.583878446,14167647.272203546
19,density_positive,0.1,density_negative,338405.4862816685,335719.89280682657,2685.5934748419095,3101201.6883251,0.0008659847842054888,335719.89280682657,3436921.5811319267
19,density_positive,0.1,independent,7862363.248453485,6280181.355033306,1582181.8934201784,3101201.6883251,0.5101834877030151,6280181.355033306,9381383.043358406
19,density_positive,0.3,density_positive,14164961.678728703,6305172.115286906,7859789.563441797,7878685.733204671,0.9976016088973778,6305172.115286906,14183857.848491577
19,density_positive,0.3,density_negative,338405.4862816685,319509.31651879335,18896.169762875128,7878685.733204671,0.0023983911026222737,319509.31651879335,8198195.049723465
19,density_positive,0.3,independent,7862363.248453485,3654327.1564233694,4208036.092030115,7878685.733204671,0.5341038130630562,3654327.1564233694,11533012.889628042
19,density_positive,0.5,density_positive,14164961.678728703,2871128.342603036,11293833.336125668,11356593.91788384,0.9944736439277503,2871128.342603036,14227722.260486875
19,density_positive,0.5,density_negative,338405.4862816685,275644.90452349297,62760.58175817551,11356593.91788384,0.005526356072250065,275644.90452349297,11632238.822407333
19,density_positive,0.5,independent,7862363.248453485,1671218.1599856701,6191145.088467815,11356593.91788384,0.5451586217869678,1671218.1599856701,13027812.07786951
19,density_negative,0.1,density_positive,14164961.678728703,14164127.471780937,834.2069477662444,6158.77522205146,0.13545013703039058,14164127.471780937,14170286.247002989
19,density_negative,0.1,density_negative,338405.4862816685,333080.9180073818,5324.568274286692,6158.77522205146,0.8645498629698491,333080.9180073818,339239.69322943327
19,density_negative,0.1,independent,7862363.248453485,7860790.947461841,1572.3009916441515,6158.77522205146,0.25529442705012784,7860790.947461841,7866949.722683893
19,density_negative,0.3,density_positive,14164961.678728703,13584628.881613486,580332.7971152179,752354.684818035,0.771355331236593,13584628.881613486,14336983.56643152
19,density_negative,0.3,density_negative,338405.4862816685,166383.59857884838,172021.8877028201,752354.684818035,0.228644668763411,166383.59857884838,918738.2833968834
19,density_negative,0.3,independent,7862363.248453485,7592835.400859759,269527.84759372566,752354.684818035,0.3582457224399604,7592835.400859759,8345190.085677794
19,density_negative,0.5,density_positive,14164961.678728703,11290155.659297206,2874806.019431498,3152594.391337239,0.9118857875694211,11290155.659297206,14442750.050634444
19,density_negative,0.5,density_negative,338405.4862816685,60617.11437592638,277788.3719057421,3152594.391337239,0.08811421243057922,60617.11437592638,3213211.5057131657
19,density_negative,0.5,independent,7862363.248453485,6486406.020381404,1375957.2280720808,3152594.391337239,0.4364523491677087,6486406.020381404,9639000.411718644
20,random,0.1,density_positive,14164961.678728703,12766609.05911868,1398352.6196100228,1432875.9975112493,0.9759062347605865,12766609.05911868,14199485.05662993
20,random,0.1,density_negative,338405.4862816685,303882.1083804402,34523.37790122826,1432875.9975112493,0.02409376523941474,303882.1083804402,1736758.1058916894
20,random,0.1,independent,7862363.248453485,7088304.675361718,774058.5730917668,1432875.9975112493,0.5402132315959112,7088304.675361718,8521180.672872968
20,random,0.3,density_positive,14164961.678728703,9903149.721857205,4261811.956871498,4363297.653787708,0.9767410557406939,9903149.721857205,14266447.375644913
20,random,0.3,density_negative,338405.4862816685,236919.7893654578,101485.69691621067,4363297.653787708,0.023258944259306396,236919.7893654578,4600217.443153165
20,random,0.3,independent,7862363.248453485,5492112.7623265525,2370250.4861269323,4363297.653787708,0.5432245687087968,5492112.7623265525,9855410.41611426
20,random,0.5,density_positive,14164961.678728703,7082105.851618046,7082855.8271106575,7252241.868336679,0.9766436304385321,7082105.851618046,14334347.719954725
20,random,0.5,density_negative,338405.4862816685,169019.4450556453,169386.04122602317,7252241.868336679,0.023356369561468072,169019.4450556453,7421261.313392324
20,random,0.5,independent,7862363.248453485,3918962.0948486323,3943401.1536048525,7252241.868336679,0.5437492606006096,3918962.0948486323,11171203.963185312
20,spatial,0.1,density_positive,14164961.678728703,12786624.49662289,1378337.1821058132,1412853.8681631605,0.9755695285725323,12786624.49662289,14199478.364786051
20,spatial,0.1,density_negative,338405.4862816685,303888.80022431904,34516.686057349434,1412853.8681631605,0.024430471427469205,303888.80022431904,1716742.6683874796
20,spatial,0.1,independent,7862363.248453485,7024883.82016915,837479.428284335,1412853.8681631605,0.5927572887443306,7024883.82016915,8437737.68833231
20,spatial,0.3,density_positive,14164961.678728703,9773144.118039325,4391817.5606893785,4489126.021896794,0.978323517599468,9773144.118039325,14262270.13993612
20,spatial,0.3,density_negative,338405.4862816685,241097.025074253,97308.46120741547,4489126.021896794,0.02167648240053186,241097.025074253,4730223.046971047
20,spatial,0.3,independent,7862363.248453485,5205028.676671672,2657334.571781813,4489126.021896794,0.59194920321239,5205028.676671672,9694154.698568467
20,spatial,0.5,density_positive,14164961.678728703,6793200.204602908,7371761.474125795,7530779.367793604,0.9788842713480799,6793200.204602908,14323979.572396513
20,spatial,0.5,density_negative,338405.4862816685,179387.59261385712,159017.89366781135,7530779.367793604,0.021115728651920528,179387.59261385712,7710166.960407461
20,spatial,0.5,independent,7862363.248453485,3569327.892635173,4293035.355818312,7530779.367793604,0.5700652145218937,3569327.892635173,11100107.260428777
20,density_positive,0.1,density_positive,14164961.678728703,10944928.881211828,3220032.797516875,3221136.0475506787,0.9996574966044534,10944928.881211828,14166064.928762507
20,density_positive,0.1,density_negative,338405.4862816685,337302.23624786764,1103.2500338008394,3221136.0475506787,0.0003425033955457238,337302.23624786764,3558438.2837985465
20,density_positive,0.1,independent,7862363.248453485,5782728.607976639,2079634.6404768461,3221136.0475506787,0.6456214856426759,5782728.607976639,9003864.655527318
20,density_positive,0.3,density_positive,14164961.678728703,6143631.67314959,8021330.005579113,8038109.1070315875,0.9979125561460971,6143631.67314959,14181740.780181177
20,density_positive,0.3,density_negative,338405.4862816685,321626.3848291937,16779.101452474773,8038109.1070315875,0.0020874438539029943,321626.3848291937,8359735.491860781
20,density_positive,0.3,independent,7862363.248453485,3182146.426175395,4680216.82227809,8038109.1070315875,0.5822534578665924,3182146.426175395,11220255.533206983
20,density_positive,0.5,density_positive,14164961.678728703,2759940.780933256,11405020.897795448,11464807.862977976,0.9947851751292238,2759940.780933256,14224748.643911231
20,density_positive,0.5,density_negative,338405.4862816685,278618.5210991373,59786.96518253116,11464807.862977976,0.005214824870776468,278618.5210991373,11743426.384077113
20,density_positive,0.5,independent,7862363.248453485,1441980.681746276,6420382.566707209,11464807.862977976,0.5600078643655105,1441980.681746276,12906788.544724252
20,density_negative,0.1,density_positive,14164961.678728703,14164961.678728703,0.0,4711.821522183251,0.0,14164961.678728703,14169673.500250887
20,density_negative,0.1,density_negative,338405.4862816685,333693.66475948517,4711.821522183309,4711.821522183251,1.0000000000000124,333693.66475948517,338405.4862816684
20,density_negative,0.1,independent,7862363.248453485,7859949.752619759,2413.4958337256685,4711.821522183251,0.5122214036255263,7859949.752619759,7864661.574141942
20,density_negative,0.3,density_positive,14164961.678728703,13533547.251696825,631414.4270318784,798517.5966921917,0.7907332658008696,13533547.251696825,14332064.848389016
20,density_negative,0.3,density_negative,338405.4862816685,171302.3166213544,167103.16966031407,798517.5966921917,0.2092667341991314,171302.3166213544,969819.9133135461
20,density_negative,0.3,independent,7862363.248453485,7454504.924333785,407858.3241197001,798517.5966921917,0.5107693628909711,7454504.924333785,8253022.521025976
20,density_negative,0.5,density_positive,14164961.678728703,11209294.466339717,2955667.2123889867,3228233.9346771836,0.9155678529488437,11209294.466339717,14437528.4010169
20,density_negative,0.5,density_negative,338405.4862816685,65838.76399347077,272566.7222881977,3228233.9346771836,0.08443214705115656,65838.76399347077,3294072.6986706546
20,density_negative,0.5,independent,7862363.248453485,6104552.8346053595,1757810.4138481254,3228233.9346771836,0.5445114726556837,6104552.8346053595,9332786.769282542
21,random,0.1,density_positive,14164961.678728703,12731972.528867042,1432989.1498616617,1466652.230587113,0.97704767359064,12731972.528867042,14198624.759454155
21,random,0.1,density_negative,338405.4862816685,304742.4055562157,33663.080725452804,1466652.230587113,0.022952326409360995,304742.4055562157,1771394.6361433286
21,random,0.1,independent,7862363.248453485,7063966.6415210245,798396.6069324603,1466652.230587113,0.5443666809908001,7063966.6415210245,8530618.872108137
21,random,0.3,density_positive,14164961.678728703,9906785.709368628,4258175.969360076,4358879.495185884,0.9768969236389698,9906785.709368628,14265665.204554511
21,random,0.3,density_negative,338405.4862816685,237701.96045586184,100703.52582580663,4358879.495185884,0.02310307636102983,237701.96045586184,4596581.455641746
21,random,0.3,independent,7862363.248453485,5482757.836671334,2379605.411782151,4358879.495185884,0.5459213576356676,5482757.836671334,9841637.331857217
21,random,0.5,density_positive,14164961.678728703,7084348.205755186,7080613.472973517,7249362.5356820645,0.9767222204879467,7084348.205755186,14333710.74143725
21,random,0.5,density_negative,338405.4862816685,169656.42357312163,168749.06270854684,7249362.5356820645,0.02327777951205332,169656.42357312163,7419018.959255186
21,random,0.5,independent,7862363.248453485,3925397.304740152,3936965.943713333,7249362.5356820645,0.5430775360364729,3925397.304740152,11174759.840422217
21,spatial,0.1,density_positive,14164961.678728703,12902998.949532954,1261962.7291957494,1301502.1803494636,0.9696201422089838,12902998.949532954,14204501.129882418
21,spatial,0.1,density_negative,338405.4862816685,298866.0351279484,39539.45115372009,1301502.1803494636,0.030379857791020707,298866.0351279484,1600368.215477412
21,spatial,0.1,independent,7862363.248453485,7177673.752190374,684689.496263111,1301502.1803494636,0.5260763344086496,7177673.752190374,8479175.932539837
21,spatial,0.3,density_positive,14164961.678728703,10466775.194861641,3698186.4838670623,3812133.216106964,0.9701094568892672,10466775.194861641,14278908.410968605
21,spatial,0.3,density_negative,338405.4862816685,224458.75404176826,113946.73223990022,3812133.216106964,0.029890543110732415,224458.75404176826,4036591.970148732
21,spatial,0.3,independent,7862363.248453485,5912913.797756021,1949449.450697464,3812133.216106964,0.511380201106478,5912913.797756021,9725047.013862984
21,spatial,0.5,density_positive,14164961.678728703,7578528.090839694,6586433.587889009,6764053.2783627,0.9737406429009257,7578528.090839694,14342581.369202394
21,spatial,0.5,density_negative,338405.4862816685,160785.79580797695,177619.69047369153,6764053.2783627,0.026259357099074475,160785.79580797695,6924839.074170677
21,spatial,0.5,independent,7862363.248453485,4309145.230072279,3553218.0183812054,6764053.2783627,0.5253089933143303,4309145.230072279,11073198.50843498
21,density_positive,0.1,density_positive,14164961.678728703,11227017.88481851,2937943.793910194,2940445.44471529,0.9991492272677285,11227017.88481851,14167463.329533799
21,density_positive,0.1,density_negative,338405.4862816685,335903.8354765735,2501.650805094978,2940445.44471529,0.00085077273227125,335903.8354765735,3276349.2801918634
21,density_positive,0.1,independent,7862363.248453485,6216155.96855575,1646207.2798977345,2940445.44471529,0.559849625115942,6216155.96855575,9156601.41327104
21,density_positive,0.3,density_positive,14164961.678728703,6604854.501299164,7560107.177429539,7582319.01287231,0.9970705749250246,6604854.501299164,14187173.514171474
21,density_positive,0.3,density_negative,338405.4862816685,316193.6508388942,22211.83544277429,7582319.01287231,0.002929425074975851,316193.6508388942,7898512.663711204
21,density_positive,0.3,independent,7862363.248453485,3699603.7798952824,4162759.4685582025,7582319.01287231,0.5490087480480829,3699603.7798952824,11281922.792767592
21,density_positive,0.5,density_positive,14164961.678728703,3065069.571490419,11099892.107238285,11168501.900988257,0.9938568489885021,3065069.571490419,14233571.472478677
21,density_positive,0.5,density_negative,338405.4862816685,269795.6925316945,68609.793749974,11168501.900988257,0.006143151011498058,269795.6925316945,11438297.59351995
21,density_positive,0.5,independent,7862363.248453485,1761157.0261860553,6101206.222267429,11168501.900988257,0.5462868947291452,1761157.0261860553,12929658.927174311
21,density_negative,0.1,density_positive,14164961.678728703,14164903.286306169,58.392422534525394,4795.322170933243,0.012176955051835723,14164903.286306169,14169698.608477103
21,density_negative,0.1,density_negative,338405.4862816685,333668.5565332681,4736.929748400347,4795.322170933243,0.9878230449485041,333668.5565332681,338463.8787042014
21,density_negative,0.1,independent,7862363.248453485,7860316.196397555,2047.0520559297875,4795.322170933243,0.4268851983163834,7860316.196397555,7865111.518568488
21,density_negative,0.3,density_positive,14164961.678728703,13561850.318449862,603111.3602788411,772061.1717614449,0.7811704335588493,13561850.318449862,14333911.490211308
21,density_negative,0.3,density_negative,338405.4862816685,169455.67479906575,168949.81148260273,772061.1717614449,0.21882956644114937,169455.67479906575,941516.8465605106
21,density_negative,0.3,independent,7862363.248453485,7488517.436864689,373845.81158879586,772061.1717614449,0.48421786415689416,7488517.436864689,8260578.608626134
21,density_negative,0.5,density_positive,14164961.678728703,11453454.319368897,2711507.3593598064,2993741.021230599,0.9057254251889904,11453454.319368897,14447195.340599496
21,density_negative,0.5,density_negative,338405.4862816685,56171.82441087157,282233.66187079693,2993741.021230599,0.09427457481101112,56171.82441087157,3049912.8456414705
21,density_negative,0.5,independent,7862363.248453485,6356987.864274796,1505375.3841786887,2993741.021230599,0.5028408848671531,6356987.864274796,9350728.885505395
22,random,0.1,density_positive,14164961.678728703,12771067.584038252,1393894.0946904514,1428217.6631334869,0.9759675507949327,12771067.584038252,14199285.24717174
22,random,0.1,density_negative,338405.4862816685,304081.91783863306,34323.568443035416,1428217.6631334869,0.02403244920506728,304081.91783863306,1732299.58097212
22,random,0.1,independent,7862363.248453485,7080257.178864164,782106.0695893206,1428217.6631334869,0.5476098565210238,7080257.178864164,8508474.841997651
22,random,0.3,density_positive,14164961.678728703,9937136.07192126,4227825.606807444,4329023.661979868,0.9766233536533406,9937136.07192126,14266159.733901128
22,random,0.3,density_negative,338405.4862816685,237207.4311092403,101198.05517242817,4329023.661979868,0.023376646346660413,237207.4311092403,4566231.093089108
22,random,0.3,independent,7862363.248453485,5530024.60124326,2332338.6472102245,4329023.661979868,0.5387678214130008,5530024.60124326,9859048.263223128
22,random,0.5,density_positive,14164961.678728703,7099813.043147234,7065148.635581469,7233839.7650900455,0.976680278387881,7099813.043147234,14333652.80823728
22,random,0.5,density_negative,338405.4862816685,169714.35677308793,168691.12950858055,7233839.7650900455,0.023319721612119607,169714.35677308793,7403554.121863133
22,random,0.5,independent,7862363.248453485,3957345.7636681576,3905017.484785327,7233839.7650900455,0.539826373212003,3957345.7636681576,11191185.528758204
22,spatial,0.1,density_positive,14164961.678728703,12686256.075820398,1478705.6029083058,1509675.4878545692,0.979485733725282,12686256.075820398,14195931.563674968
22,spatial,0.1,density_negative,338405.4862816685,307435.6013354062,30969.88494626229,1509675.4878545692,0.020514266274717242,307435.6013354062,1817111.0891899755
22,spatial,0.1,independent,7862363.248453485,7221145.902656728,641217.3457967564,1509675.4878545692,0.424738528879477,7221145.902656728,8730821.390511297
22,spatial,0.3,density_positive,14164961.678728703,9822968.094275076,4341993.5844536275,4443402.346262474,0.9771776773953084,9822968.094275076,14266370.44053755
22,spatial,0.3,density_negative,338405.4862816685,236996.7244728213,101408.76180884716,4443402.346262474,0.02282232260469192,236996.7244728213,4680399.070735295
22,spatial,0.3,independent,7862363.248453485,5690611.948580842,2171751.2998726424,4443402.346262474,0.48875864273227265,5690611.948580842,10134014.294843316
22,spatial,0.5,density_positive,14164961.678728703,7043120.248434599,7121841.430294105,7291171.017225868,0.9767760780083595,7043120.248434599,14334291.265660467
22,spatial,0.5,density_negative,338405.4862816685,169075.89934990506,169329.58693176342,7291171.017225868,0.023223921991640466,169075.89934990506,7460246.916575773
22,spatial,0.5,independent,7862363.248453485,4179212.0045475997,3683151.243905885,7291171.017225868,0.5051522224899402,4179212.0045475997,11470383.021773469
22,density_positive,0.1,density_positive,14164961.678728703,11041227.456660712,3123734.2220679913,3124698.1626624702,0.9996915092132747,11041227.456660712,14165925.619323183
22,density_positive,0.1,density_negative,338405.4862816685,337441.5456871884,963.9405944800819,3124698.1626624702,0.0003084907867256959,337441.5456871884,3462139.7083496586
22,density_positive,0.1,independent,7862363.248453485,6266138.304515871,1596224.9439376136,3124698.1626624702,0.5108413231752004,6266138.304515871,9390836.467178341
22,density_positive,0.3,density_positive,14164961.678728703,6385412.706397111,7779548.972331593,7794230.923413473,0.9981163053512083,6385412.706397111,14179643.629810583
22,density_positive,0.3,density_negative,338405.4862816685,323723.53519978543,14681.951081883046,7794230.923413473,0.0018836946487919945,323723.53519978543,8117954.458613259
22,density_positive,0.3,independent,7862363.248453485,3683947.910660962,4178415.3377925227,7794230.923413473,0.5360907803284062,3683947.910660962,11478178.834074436
22,density_positive,0.5,density_positive,14164961.678728703,2841617.280814252,11323344.39791445,11382377.869605513,0.994813608161024,2841617.280814252,14223995.150419764
22,density_positive,0.5,density_negative,338405.4862816685,279372.0145906048,59033.47169106366,11382377.869605513,0.005186391838976053,279372.0145906048,11661749.884196118
22,density_positive,0.5,independent,7862363.248453485,1578680.9164239853,6283682.332029499,11382377.869605513,0.5520535694750465,1578680.9164239853,12961058.786029499
22,density_negative,0.1,density_positive,14164961.678728703,14164961.678728703,0.0,5015.499918979704,0.0,14164961.678728703,14169977.178647684
22,density_negative,0.1,density_negative,338405.4862816685,333389.9863626887,5015.499918979767,5015.499918979704,1.0000000000000127,333389.9863626887,338405.4862816684
22,density_negative,0.1,independent,7862363.248453485,7859918.470226539,2444.7782269455492,5015.499918979704,0.48744457510486555,7859918.470226539,7864933.970145519
22,density_negative,0.3,density_positive,14164961.678728703,13538749.802962279,626211.8757664245,797885.6537338818,0.7848391217913594,13538749.802962279,14336635.45669616
22,density_negative,0.3,density_negative,338405.4862816685,166731.70831420913,171673.77796745935,797885.6537338818,0.21516087820864313,166731.70831420913,964617.3620480909
22,density_negative,0.3,independent,7862363.248453485,7489013.094241513,373350.1542119719,797885.6537338818,0.46792438548656384,7489013.094241513,8286898.747975395
22,density_negative,0.5,density_positive,14164961.678728703,11228785.346604621,2936176.3321240824,3208722.391800324,0.9150608789427485,11228785.346604621,14437507.738404945
22,density_negative,0.5,density_negative,338405.4862816685,65859.42660542659,272546.0596762419,3208722.391800324,0.08493912105725168,65859.42660542659,3274581.8184057507
22,density_negative,0.5,independent,7862363.248453485,6385602.463562474,1476760.7848910112,3208722.391800324,0.46023326563394046,6385602.463562474,9594324.855362797
23,random,0.1,density_positive,14164961.678728703,12765306.8348335,1399654.8438952025,1434060.8717498593,0.9760079725118822,12765306.8348335,14199367.70658336
23,random,0.1,density_negative,338405.4862816685,303999.45842701424,34406.02785465424,1434060.8717498593,0.023992027488116015,303999.45842701424,1738060.3301768736
23,random,0.1,independent,7862363.248453485,7088906.204655041,773457.0437984439,1434060.8717498593,0.5393474287145578,7088906.204655041,8522967.0764049
23,random,0.3,density_positive,14164961.678728703,9918792.02252795,4246169.6562007535,4348699.789696542,0.9764228071713034,9918792.02252795,14267491.812224492
23,random,0.3,density_negative,338405.4862816685,235875.35278587815,102530.13349579033,4348699.789696542,0.0235771928286972,235875.35278587815,4584575.1424824195
23,random,0.3,independent,7862363.248453485,5507063.136438164,2355300.112015321,4348699.789696542,0.5416101883132468,5507063.136438164,9855762.926134706
23,random,0.5,density_positive,14164961.678728703,7082527.602775669,7082434.075953035,7253039.122441336,0.9764781295663443,7082527.602775669,14335566.725217003
23,random,0.5,density_negative,338405.4862816685,167800.43979336627,170605.0464883022,7253039.122441336,0.023521870433655875,167800.43979336627,7420839.562234702
23,random,0.5,independent,7862363.248453485,3932464.16117662,3929899.087276865,7253039.122441336,0.5418279180540365,3932464.16117662,11185503.283617955
23,spatial,0.1,density_positive,14164961.678728703,12722840.999156512,1442120.679572191,1478031.5831273792,0.9757035614359445,12722840.999156512,14200872.582283892
23,spatial,0.1,density_negative,338405.4862816685,302494.5827264807,35910.903555187804,1478031.5831273792,0.024296438564055327,302494.5827264807,1780526.1658538599
23,spatial,0.1,independent,7862363.248453485,7070398.385545209,791964.8629082758,1478031.5831273792,0.5358240459466711,7070398.385545209,8548429.968672588
23,spatial,0.3,density_positive,14164961.678728703,9787683.145545656,4377278.533183048,4479806.898257446,0.9771132177339431,9787683.145545656,14267490.043803101
23,spatial,0.3,density_negative,338405.4862816685,235877.1212072688,102528.36507439968,4479806.898257446,0.022886782266057306,235877.1212072688,4715684.019464714
23,spatial,0.3,independent,7862363.248453485,5501577.107191771,2360786.1412617136,4479806.898257446,0.5269839068688456,5501577.107191771,9981384.005449217
23,spatial,0.5,density_positive,14164961.678728703,6803627.856641201,7361333.822087502,7528292.976377215,0.9778224419780674,6803627.856641201,14331920.833018417
23,spatial,0.5,density_negative,338405.4862816685,171446.33199195287,166959.1542897156,7528292.976377215,0.022177558021932896,171446.33199195287,7699739.308369168
23,spatial,0.5,independent,7862363.248453485,3924024.9682235713,3938338.2802299135,7528292.976377215,0.5231382854769198,3924024.9682235713,11452317.944600787
23,density_positive,0.1,density_positive,14164961.678728703,10932723.25295139,3232238.425777314,3234307.228180199,0.9993603568687417,10932723.25295139,14167030.481131587
23,density_positive,0.1,density_negative,338405.4862816685,336336.6838787826,2068.8024028858636,3234307.228180199,0.0006396431312587107,336336.6838787826,3570643.9120589816
23,density_positive,0.1,independent,7862363.248453485,5978393.6844464345,1883969.5640070504,3234307.228180199,0.5824955488434154,5978393.6844464345,9212700.912626633
23,density_positive,0.3,density_positive,14164961.678728703,6217199.80170069,7947761.877028014,7966064.11893796,0.9977024736888025,6217199.80170069,14183263.92063865
23,density_positive,0.3,density_negative,338405.4862816685,320103.2443717226,18302.24190994585,7966064.11893796,0.0022975263111974444,320103.2443717226,8286167.363309682
23,density_positive,0.3,independent,7862363.248453485,3421279.849177685,4441083.3992758,7966064.11893796,0.5575003330337099,3421279.849177685,11387343.968115645
23,density_positive,0.5,density_positive,14164961.678728703,2837844.006788946,11327117.671939757,11388693.667125706,0.9945932345723116,2837844.006788946,14226537.673914652
23,density_positive,0.5,density_negative,338405.4862816685,276829.49109571974,61575.995185948734,11388693.667125706,0.005406765427688369,276829.49109571974,11665523.158221425
23,density_positive,0.5,independent,7862363.248453485,1723005.8785383254,6139357.369915159,11388693.667125706,0.5390747656719279,1723005.8785383254,13111699.545664031
23,density_negative,0.1,density_positive,14164961.678728703,14164735.221534234,226.45719446986914,5059.694186444134,0.04475709126385351,14164735.221534234,14169794.915720677
23,density_negative,0.1,density_negative,338405.4862816685,333572.2492896951,4833.236991973361,5059.694186444134,0.9552429087359678,333572.2492896951,338631.9434761393
23,density_negative,0.1,independent,7862363.248453485,7860289.646653485,2073.601800000295,5059.694186444134,0.40982749620636394,7860289.646653485,7865349.340839929
23,density_negative,0.3,density_positive,14164961.678728703,13522737.564577453,642224.1141512506,810522.4770927881,0.7923581792016474,13522737.564577453,14333260.04167024
23,density_negative,0.3,density_negative,338405.4862816685,170107.12334013238,168298.3629415361,810522.4770927881,0.2076418207983508,170107.12334013238,980629.6004329205
23,density_negative,0.3,independent,7862363.248453485,7471605.169179583,390758.0792739019,810522.4770927881,0.4821064070616368,7471605.169179583,8282127.646272371
23,density_negative,0.5,density_positive,14164961.678728703,11252746.384524204,2912215.2942044996,3188781.510413034,0.9132689977957407,11252746.384524204,14441527.894937238
23,density_negative,0.5,density_negative,338405.4862816685,61839.270073133,276566.2162085355,3188781.510413034,0.08673100220425972,61839.270073133,3250620.780486167
23,density_negative,0.5,independent,7862363.248453485,6281147.471800258,1581215.7766532265,3188781.510413034,0.49586833450010065,6281147.471800258,9469928.982213292
24,random,0.1,density_positive,14164961.678728703,12752252.65188658,1412709.026842123,1447254.9459545896,0.9761300390031276,12752252.65188658,14199507.59784117
24,random,0.1,density_negative,338405.4862816685,303859.56716919894,34545.919112469535,1447254.9459545896,0.02386996099687434,303859.56716919894,1751114.5131237886
24,random,0.1,independent,7862363.248453485,7071987.29651101,790375.9519424746,1447254.9459545896,0.5461207468330007,7071987.29651101,8519242.2424656
24,random,0.3,density_positive,14164961.678728703,9925196.128357314,4239765.55037139,4341703.8381966865,0.9765211328030987,9925196.128357314,14266899.966554001
24,random,0.3,density_negative,338405.4862816685,236467.19845637417,101938.2878252943,4341703.8381966865,0.02347886719690076,236467.19845637417,4578171.0366530605
24,random,0.3,independent,7862363.248453485,5500225.354661894,2362137.893791591,4341703.8381966865,0.5440578127440165,5500225.354661894,9841929.19285858
24,random,0.5,density_positive,14164961.678728703,7075051.776649909,7089909.902078794,7258830.671461579,0.9767289282491594,7075051.776649909,14333882.44811149
24,random,0.5,density_negative,338405.4862816685,169484.71689888122,168920.76938278726,7258830.671461579,0.02327107175084093,169484.71689888122,7428315.38836046
24,random,0.5,independent,7862363.248453485,3923688.425161506,3938674.823291979,7258830.671461579,0.5426045876475748,3923688.425161506,11182519.096623085
24,spatial,0.1,density_positive,14164961.678728703,12937534.867380705,1227426.8113479987,1264255.6157371781,0.9708691787240313,12937534.867380705,14201790.483117882
24,spatial,0.1,density_negative,338405.4862816685,301576.68189248943,36828.804389179044,1264255.6157371781,0.02913082127596834,301576.68189248943,1565832.2976296674
24,spatial,0.1,independent,7862363.248453485,7305461.227872749,556902.020580736,1264255.6157371781,0.44049796073558317,7305461.227872749,8569716.843609927
24,spatial,0.3,density_positive,14164961.678728703,10169990.631982857,3994971.046745846,4099713.1955381245,0.9744513472536875,10169990.631982857,14269703.827520981
24,spatial,0.3,density_negative,338405.4862816685,233663.3374893887,104742.14879227977,4099713.1955381245,0.02554865274631276,233663.3374893887,4333376.533027513
24,spatial,0.3,independent,7862363.248453485,5810551.556205751,2051811.6922477335,4099713.1955381245,0.5004768856711242,5810551.556205751,9910264.751743875
24,spatial,0.5,density_positive,14164961.678728703,7424006.549431843,6740955.129296861,6916208.282885735,0.9746605153545562,7424006.549431843,14340214.832317578
24,spatial,0.5,density_negative,338405.4862816685,163152.33269279439,175253.1535888741,6916208.282885735,0.025339484645443767,163152.33269279439,7079360.615578529
24,spatial,0.5,independent,7862363.248453485,4320324.828167452,3542038.4202860333,6916208.282885735,0.5121358807326353,4320324.828167452,11236533.111053187
24,density_positive,0.1,density_positive,14164961.678728703,10963635.648176013,3201326.030552691,3203641.663597885,0.9992771872486532,10963635.648176013,14167277.311773898
24,density_positive,0.1,density_negative,338405.4862816685,336089.85323647375,2315.6330451947288,3203641.663597885,0.0007228127513468943,336089.85323647375,3539731.5168343587
24,density_positive,0.1,independent,7862363.248453485,6148937.4959137505,1713425.7525397344,3203641.663597885,0.5348368926552955,6148937.4959137505,9352579.159511635
24,density_positive,0.3,density_positive,14164961.678728703,6289812.04603861,7875149.6326900935,7893878.610736663,0.9976274048575948,6289812.04603861,14183690.656775273
24,density_positive,0.3,density_negative,338405.4862816685,319676.50823509914,18728.978046569333,7893878.610736663,0.0023725951424051006,319676.50823509914,8213555.118971762
24,density_positive,0.3,independent,7862363.248453485,3568796.5151012857,4293566.733352199,7893878.610736663,0.5439109144030174,3568796.5151012857,11462675.125837948
24,density_positive,0.5,density_positive,14164961.678728703,2967403.2033467256,11197558.475381978,11262296.978061924,0.9942517496381021,2967403.2033467256,14229700.18140865
24,density_positive,0.5,density_negative,338405.4862816685,273666.9836017199,64738.50267994858,11262296.978061924,0.005748250361898122,273666.9836017199,11535963.961663643
24,density_positive,0.5,independent,7862363.248453485,1806336.2116388637,6056027.036814621,11262296.978061924,0.5377257453440705,1806336.2116388637,13068633.189700788
24,density_negative,0.1,density_positive,14164961.678728703,14164916.908185232,44.77054347097874,4413.65181914268,0.01014365095062598,14164916.908185232,14169330.560004376
24,density_negative,0.1,density_negative,338405.4862816685,334036.6050059962,4368.881275672291,4413.65181914268,0.9898563490495076,334036.6050059962,338450.2568251389
24,density_negative,0.1,independent,7862363.248453485,7860298.459009821,2064.7894436642528,4413.65181914268,0.46781883308260663,7860298.459009821,7864712.110828963
24,density_negative,0.3,density_positive,14164961.678728703,13645255.654928371,519706.0238003321,701161.6580107656,0.7412071351345235,13645255.654928371,14346417.312939137
24,density_negative,0.3,density_negative,338405.4862816685,156949.85207123193,181455.63421043655,701161.6580107656,0.25879286486548086,156949.85207123193,858111.5100819975
24,density_negative,0.3,independent,7862363.248453485,7573438.706038542,288924.54241494276,701161.6580107656,0.41206551886285064,7573438.706038542,8274600.364049308
24,density_negative,0.5,density_positive,14164961.678728703,11350017.302239338,2814944.3764893655,3093070.1162426327,0.9100810103551336,11350017.302239338,14443087.41848197
24,density_negative,0.5,density_negative,338405.4862816685,60279.74652839976,278125.7397532687,3093070.1162426327,0.08991898964486696,60279.74652839976,3153349.8627710324
24,density_negative,0.5,independent,7862363.248453485,6519614.164606796,1342749.0838466892,3093070.1162426327,0.43411530724619324,6519614.164606796,9612684.280849429
25,random,0.1,density_positive,14164961.678728703,12760192.736159496,1404768.9425692074,1438585.764213475,0.9764930096727626,12760192.736159496,14198778.50037297
25,random,0.1,density_negative,338405.4862816685,304588.66463739856,33816.82164426992,1438585.764213475,0.023506990327239026,304588.66463739856,1743174.4288508734
25,random,0.1,independent,7862363.248453485,7072485.02893813,789878.2195153553,1438585.764213475,0.5490657833300674,7072485.02893813,8511070.793151604
25,random,0.3,density_positive,14164961.678728703,9930957.8654922,4234003.813236503,4335999.675887103,0.9764769671875649,9930957.8654922,14266957.541379303
25,random,0.3,density_negative,338405.4862816685,236409.62363107046,101995.86265059802,4335999.675887103,0.023523032812434577,236409.62363107046,4572409.299518174
25,random,0.3,independent,7862363.248453485,5503687.51812116,2358675.730332325,4335999.675887103,0.5439750707199403,5503687.51812116,9839687.194008263
25,random,0.5,density_positive,14164961.678728703,7106708.335596975,7058253.3431317285,7228464.561278181,0.976452645412658,7106708.335596975,14335172.896875156
25,random,0.5,density_negative,338405.4862816685,168194.26813521562,170211.21814645285,7228464.561278181,0.023547354587342,168194.26813521562,7396658.829413397
25,random,0.5,independent,7862363.248453485,3935365.986983796,3926997.2614696887,7228464.561278181,0.543268522405994,3935365.986983796,11163830.548261978
25,spatial,0.1,density_positive,14164961.678728703,12812495.672121285,1352466.0066074189,1382708.6102561953,0.9781279993308403,12812495.672121285,14195204.28237748
25,spatial,0.1,density_negative,338405.4862816685,308162.88263289176,30242.603648776712,1382708.6102561953,0.02187200066915994,308162.88263289176,1690871.4928890872
25,spatial,0.1,independent,7862363.248453485,7151474.17389386,710889.0745596252,1382708.6102561953,0.5141279003302859,7151474.17389386,8534182.784150055
25,spatial,0.3,density_positive,14164961.678728703,9807584.341033805,4357377.337694898,4448456.230397602,0.9795257302791169,9807584.341033805,14256040.571431406
25,spatial,0.3,density_negative,338405.4862816685,247326.5935789663,91078.89270270217,4448456.230397602,0.020474269720882825,247326.5935789663,4695782.823976568
25,spatial,0.3,independent,7862363.248453485,5647218.988935187,2215144.2595182974,4448456.230397602,0.49795797570886935,5647218.988935187,10095675.219332788
25,spatial,0.5,density_positive,14164961.678728703,6834360.9946242925,7330600.684104411,7488130.192761836,0.9789627711321451,6834360.9946242925,14322491.187386129
25,spatial,0.5,density_negative,338405.4862816685,180875.97762424257,157529.5086574259,7488130.192761836,0.021037228867854998,180875.97762424257,7669006.170386078
25,spatial,0.5,independent,7862363.248453485,4107681.1221093456,3754682.126344139,7488130.192761836,0.5014178479393272,4107681.1221093456,11595811.31487118
25,density_positive,0.1,density_positive,14164961.678728703,10992847.242622782,3172114.436105922,3173741.153922541,0.9994874447102882,10992847.242622782,14166588.396545323
25,density_positive,0.1,density_negative,338405.4862816685,336778.7684650489,1626.7178166195517,3173741.153922541,0.0005125552897119642,336778.7684650489,3510519.92238759
25,density_positive,0.1,independent,7862363.248453485,6177087.839900719,1685275.4085527658,3173741.153922541,0.5310059411965192,6177087.839900719,9350828.99382326
25,density_positive,0.3,density_positive,14164961.678728703,6228868.116069383,7936093.56265932,7950721.624135292,0.9981601592701262,6228868.116069383,14179589.740204675
25,density_positive,0.3,density_negative,338405.4862816685,323777.4248056963,14628.06147597218,7950721.624135292,0.001839840729873762,323777.4248056963,8274499.048940988
25,density_positive,0.3,independent,7862363.248453485,3586426.2632690244,4275936.985184461,7950721.624135292,0.5378048920999048,3586426.2632690244,11537147.887404317
25,density_positive,0.5,density_positive,14164961.678728703,2841042.9877464226,11323918.69098228,11378966.890173925,0.9951622849663813,2841042.9877464226,14220009.877920348
25,density_positive,0.5,density_negative,338405.4862816685,283357.28709002415,55048.19919164432,11378966.890173925,0.0048377150336187435,283357.28709002415,11662324.177263949
25,density_positive,0.5,independent,7862363.248453485,1705841.1849773184,6156522.063476167,11378966.890173925,0.5410440264829759,1705841.1849773184,13084808.075151244
25,density_negative,0.1,density_positive,14164961.678728703,14164152.672622561,809.0061061419547,6326.179687984474,0.12788225217164273,14164152.672622561,14170478.852310546
25,density_negative,0.1,density_negative,338405.4862816685,332888.31269982696,5517.173581841518,6326.179687984474,0.872117747828199,332888.31269982696,339214.4923878114
25,density_negative,0.1,independent,7862363.248453485,7858482.092685211,3881.1557682733983,6326.179687984474,0.6135070389551229,7858482.092685211,7864808.272373196
25,density_negative,0.3,density_positive,14164961.678728703,13484016.658985315,680945.0197433885,848097.4999206912,0.8029088870171958,13484016.658985315,14332114.158906005
25,density_negative,0.3,density_negative,338405.4862816685,171253.0061043616,167152.4801773069,848097.4999206912,0.1970911129828091,171253.0061043616,1019350.5060250529
25,density_negative,0.3,independent,7862363.248453485,7429692.825886486,432670.42256699875,848097.4999206912,0.5101658979155809,7429692.825886486,8277790.325807177
25,density_negative,0.5,density_positive,14164961.678728703,11252727.882172618,2912233.7965560853,3185732.714280924,0.9141488184181917,11252727.882172618,14438460.596453542
25,density_negative,0.5,density_negative,338405.4862816685,64906.56855682869,273498.91772483976,3185732.714280924,0.08585118158180866,64906.56855682869,3250639.2828377527
25,density_negative,0.5,independent,7862363.248453485,6352799.717054022,1509563.5313994633,3185732.714280924,0.47385128219716277,6352799.717054022,9538532.431334946
26,random,0.1,density_positive,14164961.678728703,12740421.656577282,1424540.0221514218,1457703.2180327752,0.9772496928928315,12740421.656577282,14198124.874610057
26,random,0.1,density_negative,338405.4862816685,305242.290400313,33163.195881355496,1457703.2180327752,0.02275030710716991,305242.290400313,1762945.5084330882
26,random,0.1,independent,7862363.248453485,7071529.805725002,790833.4427284831,1457703.2180327752,0.5425202009197334,7071529.805725002,8529233.023757776
26,random,0.3,density_positive,14164961.678728703,9898908.205467677,4266053.473261027,4367222.446713736,0.9768344812550509,9898908.205467677,14266130.652181413
26,random,0.3,density_negative,338405.4862816685,237236.5128289582,101168.97345271028,4367222.446713736,0.023165518744949272,237236.5128289582,4604458.9595426945
26,random,0.3,independent,7862363.248453485,5496868.870762706,2365494.377690779,4367222.446713736,0.5416473299798995,5496868.870762706,9864091.317476442
26,random,0.5,density_positive,14164961.678728703,7094062.493727431,7070899.185001273,7240091.409296504,0.9766312032914414,7094062.493727431,14334153.903023936
26,random,0.5,density_negative,338405.4862816685,169213.2619864369,169192.22429523157,7240091.409296504,0.023368796708558605,169213.2619864369,7409304.6712829415
26,random,0.5,independent,7862363.248453485,3936247.968497633,3926115.279955852,7240091.409296504,0.5422742694815423,3936247.968497633,11176339.377794137
26,spatial,0.1,density_positive,14164961.678728703,12849150.313531362,1315811.365197342,1349566.6789222874,0.9749880356027305,12849150.313531362,14198716.99245365
26,spatial,0.1,density_negative,338405.4862816685,304650.17255672475,33755.31372494373,1349566.6789222874,0.02501196439726819,304650.17255672475,1654216.851479012
26,spatial,0.1,independent,7862363.248453485,7256996.642462851,605366.6059906343,1349566.6789222874,0.448563687474899,7256996.642462851,8606563.321385138
26,spatial,0.3,density_positive,14164961.678728703,10088659.117755923,4076302.56097278,4180085.029097081,0.9751721633885714,10088659.117755923,14268744.146853004
26,spatial,0.3,density_negative,338405.4862816685,234623.01815736713,103782.46812430135,4180085.029097081,0.02482783661142866,234623.01815736713,4414708.047254449
26,spatial,0.3,independent,7862363.248453485,5777317.67634941,2085045.572104075,4180085.029097081,0.4988045835408413,5777317.67634941,9957402.705446491
26,spatial,0.5,density_positive,14164961.678728703,7472131.19016995,6692830.488558753,6869898.960305531,0.9742254620089926,7472131.19016995,14342030.15047548
26,spatial,0.5,density_negative,338405.4862816685,161337.0145348911,177068.4717467774,6869898.960305531,0.025774537991007436,161337.0145348911,7031235.974840421
26,spatial,0.5,independent,7862363.248453485,4335106.5272454,3527256.7212080853,6869898.960305531,0.5134364772449601,4335106.5272454,11205005.48755093
26,density_positive,0.1,density_positive,14164961.678728703,11202338.66603793,2962623.0126907732,2964289.5947598103,0.9994377802789636,11202338.66603793,14166628.26079774
26,density_positive,0.1,density_negative,338405.4862816685,336738.90421263117,1666.5820690373075,2964289.5947598103,0.000562219721036516,336738.90421263117,3301028.4989724415
26,density_positive,0.1,independent,7862363.248453485,6263738.657329853,1598624.5911236322,2964289.5947598103,0.5392943368116384,6263738.657329853,9228028.252089662
26,density_positive,0.3,density_positive,14164961.678728703,6585642.723768268,7579318.954960436,7599742.54924971,0.9973125939257915,6585642.723768268,14185385.273017976
26,density_positive,0.3,density_negative,338405.4862816685,317981.8919923916,20423.594289276865,7599742.54924971,0.0026874060742088164,317981.8919923916,7917724.441242102
26,density_positive,0.3,independent,7862363.248453485,3756565.932252888,4105797.3162005967,7599742.54924971,0.5402547901581146,3756565.932252888,11356308.481502598
26,density_positive,0.5,density_positive,14164961.678728703,3036874.5907958774,11128087.087932825,11192056.301764265,0.9942844092178704,3036874.5907958774,14228930.892560143
26,density_positive,0.5,density_negative,338405.4862816685,274436.2724502317,63969.21383143676,11192056.301764265,0.00571559078212937,274436.2724502317,11466492.574214496
26,density_positive,0.5,independent,7862363.248453485,1762808.832254993,6099554.416198492,11192056.301764265,0.5449896115369779,1762808.832254993,12954865.134019258
26,density_negative,0.1,density_positive,14164961.678728703,14164904.700667359,56.978061344474554,4819.95371659305,0.011821288065137086,14164904.700667359,14169724.654383952
26,density_negative,0.1,density_negative,338405.4862816685,333642.5106264176,4762.975655250892,4819.95371659305,0.9881787119353436,333642.5106264176,338462.4643430106
26,density_negative,0.1,independent,7862363.248453485,7860819.910196537,1543.3382569476962,4819.95371659305,0.3201977337737994,7860819.910196537,7865639.86391313
26,density_negative,0.3,density_positive,14164961.678728703,13543527.454320882,621434.2244078219,788456.2675251862,0.7881657486957208,13543527.454320882,14331983.721846068
26,density_negative,0.3,density_negative,338405.4862816685,171383.44316430367,167022.0431173648,788456.2675251862,0.21183425130427988,171383.44316430367,959839.7106894898
26,density_negative,0.3,independent,7862363.248453485,7517286.041521146,345077.2069323389,788456.2675251862,0.4376618224057885,7517286.041521146,8305742.309046332
26,density_negative,0.5,density_positive,14164961.678728703,11362120.852045842,2802840.826682862,3084742.124447884,0.9086143066771011,11362120.852045842,14446862.976493726
26,density_negative,0.5,density_negative,338405.4862816685,56504.18851664342,281901.29776502505,3084742.124447884,0.0913856933228999,56504.18851664342,3141246.3129645274
26,density_negative,0.5,independent,7862363.248453485,6472471.388845087,1389891.8596083978,3084742.124447884,0.45056987052269876,6472471.388845087,9557213.513292972
27,random,0.1,density_positive,14164961.678728703,12756828.10406443,1408133.5746642742,1441916.5009837346,0.9765708164818058,12756828.10406443,14198744.605048165
27,random,0.1,density_negative,338405.4862816685,304622.55996220734,33782.92631946114,1441916.5009837346,0.023429183518194736,304622.55996220734,1746539.060945942
27,random,0.1,independent,7862363.248453485,7083514.551340936,778848.6971125491,1441916.5009837346,0.5401482655765341,7083514.551340936,8525431.052324671
27,random,0.3,density_positive,14164961.678728703,9929794.982869491,4235166.695859212,4337777.806182703,0.976344774926637,9929794.982869491,14267572.789052194
27,random,0.3,density_negative,338405.4862816685,235794.3759581765,102611.11032349197,4337777.806182703,0.02365522507336331,235794.3759581765,4573572.182140879
27,random,0.3,independent,7862363.248453485,5516800.492706456,2345562.7557470286,4337777.806182703,0.5407291153557614,5516800.492706456,9854578.29888916
27,random,0.5,density_positive,14164961.678728703,7086306.214530681,7078655.464198022,7248955.881510612,0.9765069038774312,7086306.214530681,14335262.096041292
27,random,0.5,density_negative,338405.4862816685,168105.06896907676,170300.41731259172,7248955.881510612,0.02349309612256914,168105.06896907676,7417060.950479688
27,random,0.5,independent,7862363.248453485,3937115.007813609,3925248.2406398756,7248955.881510612,0.5414915340637847,3937115.007813609,11186070.889324222
27,spatial,0.1,density_positive,14164961.678728703,12685618.34819891,1479343.330529794,1518715.9982874931,0.9740750292996876,12685618.34819891,14204334.346486403
27,spatial,0.1,density_negative,338405.4862816685,299032.8185239654,39372.66775770305,1518715.9982874931,0.025924970700315096,299032.8185239654,1817748.8168114587
27,spatial,0.1,independent,7862363.248453485,7038631.75036146,823731.4980920246,1518715.9982874931,0.5423867918826599,7038631.75036146,8557347.748648953
27,spatial,0.3,density_positive,14164961.678728703,9886771.070859477,4278190.6078692265,4388869.3808639785,0.9747819396318046,9886771.070859477,14275640.451723456
27,spatial,0.3,density_negative,338405.4862816685,227726.71328691655,110678.77299475193,4388869.3808639785,0.025218060368195343,227726.71328691655,4616596.094150895
27,spatial,0.3,independent,7862363.248453485,5396365.20781038,2465998.0406431053,4388869.3808639785,0.5618754687471826,5396365.20781038,9785234.588674359
27,spatial,0.5,density_positive,14164961.678728703,7113825.4593325155,7051136.219396188,7228439.681137122,0.9754714060624157,7113825.4593325155,14342265.140469637
27,spatial,0.5,density_negative,338405.4862816685,161102.02454073378,177303.4617409347,7228439.681137122,0.024528593937584425,161102.02454073378,7389541.705677856
27,spatial,0.5,independent,7862363.248453485,3887136.590375039,3975226.658078446,7228439.681137122,0.5499425648459024,3887136.590375039,11115576.271512162
27,density_positive,0.1,density_positive,14164961.678728703,10894156.823685717,3270804.8550429866,3273220.2092934786,0.9992620862343345,10894156.823685717,14167377.032979196
27,density_positive,0.1,density_negative,338405.4862816685,335990.1320311772,2415.3542504912475,3273220.2092934786,0.0007379137656652191,335990.1320311772,3609210.341324656
27,density_positive,0.1,independent,7862363.248453485,5916920.98804641,1945442.2604070753,3273220.2092934786,0.5943511698001513,5916920.98804641,9190141.197339889
27,density_positive,0.3,density_positive,14164961.678728703,6327282.1389869,7837679.539741803,7859171.499306134,0.9972653657492742,6327282.1389869,14186453.638293035
27,density_positive,0.3,density_negative,338405.4862816685,316913.52671733696,21491.95956433151,7859171.499306134,0.002734634250725917,316913.52671733696,8176085.026023471
27,density_positive,0.3,independent,7862363.248453485,3372879.494778761,4489483.753674723,7859171.499306134,0.5712413521032196,3372879.494778761,11232050.994084895
27,density_positive,0.5,density_positive,14164961.678728703,2856408.304885429,11308553.373843275,11376779.16868985,0.9940030659086413,2856408.304885429,14233187.47357528
27,density_positive,0.5,density_negative,338405.4862816685,270179.6914350898,68225.79484657868,11376779.16868985,0.005996934091358965,270179.6914350898,11646958.86012494
27,density_positive,0.5,independent,7862363.248453485,1498261.3772801715,6364101.871173313,11376779.16868985,0.5593939881234596,1498261.3772801715,12875040.545970023
27,density_negative,0.1,density_positive,14164961.678728703,14164943.934499882,17.744228821247816,4996.89733580908,0.003551049306954539,14164943.934499882,14169940.83183569
27,density_negative,0.1,density_negative,338405.4862816685,333426.3331746802,4979.153106988291,4996.89733580908,0.9964489506931373,333426.3331746802,338423.23051048926
27,density_negative,0.1,independent,7862363.248453485,7859556.639975672,2806.6084778131917,4996.89733580908,0.5616702303848226,7859556.639975672,7864553.53731148
27,density_negative,0.3,density_positive,14164961.678728703,13603924.660190767,561037.0185379367,738120.0731960454,0.7600890951368624,13603924.660190767,14342044.733386813
27,density_negative,0.3,density_negative,338405.4862816685,161322.43162356026,177083.05465810822,738120.0731960454,0.23991090486313707,161322.43162356026,899442.5048196056
27,density_negative,0.3,independent,7862363.248453485,7486545.755646692,375817.4928067932,738120.0731960454,0.5091549552087249,7486545.755646692,8224665.828842737
27,density_negative,0.5,density_positive,14164961.678728703,11260195.427878283,2904766.2508504204,3186107.1196877956,0.9116976114522655,11260195.427878283,14446302.547566079
27,density_negative,0.5,density_negative,338405.4862816685,57064.617444294076,281340.8688373744,3186107.1196877956,0.08830238854773431,57064.617444294076,3243171.7371320897
27,density_negative,0.5,independent,7862363.248453485,6263673.001168515,1598690.2472849702,3186107.1196877956,0.5017691456154257,6263673.001168515,9449780.120856311
28,random,0.1,density_positive,14164961.678728703,12761132.621010005,1403829.057718698,1438410.243813521,0.9759587459533511,12761132.621010005,14199542.864823526
28,random,0.1,density_negative,338405.4862816685,303824.3001868424,34581.18609482609,1438410.243813521,0.024041254046651018,303824.3001868424,1742234.5440003634
28,random,0.1,independent,7862363.248453485,7092764.538521038,769598.7099324465,1438410.243813521,0.5350342249316038,7092764.538521038,8531174.782334559
28,random,0.3,density_positive,14164961.678728703,9934775.94947642,4230185.7292522825,4332220.2000965085,0.9764475335667487,9934775.94947642,14266996.14957293
28,random,0.3,density_negative,338405.4862816685,236371.01543744165,102034.47084422683,4332220.2000965085,0.023552466433251436,236371.01543744165,4568591.21553395
28,random,0.3,independent,7862363.248453485,5520068.827463452,2342294.420990033,4332220.2000965085,0.5406683669814046,5520068.827463452,9852289.02755996
28,random,0.5,density_positive,14164961.678728703,7117672.386059517,7047289.292669186,7217648.77151872,0.9763968178221996,7117672.386059517,14335321.157578237
28,random,0.5,density_negative,338405.4862816685,168046.00743213415,170359.47884953432,7217648.77151872,0.0236031821778005,168046.00743213415,7385694.778950854
28,random,0.5,independent,7862363.248453485,3935844.38396205,3926518.864491435,7217648.77151872,0.5440163395018217,3935844.38396205,11153493.15548077
28,spatial,0.1,density_positive,14164961.678728703,12906436.143253969,1258525.5354747344,1296292.1272035653,0.9708656783943422,12906436.143253969,14202728.270457534
28,spatial,0.1,density_negative,338405.4862816685,300638.8945528379,37766.591728830594,1296292.1272035653,0.029134321605657532,300638.8945528379,1596931.0217564031
28,spatial,0.1,independent,7862363.248453485,7191587.986332797,670775.2621206874,1296292.1272035653,0.5174568664300397,7191587.986332797,8487880.113536363
28,spatial,0.3,density_positive,14164961.678728703,10083161.129012233,4081800.5497164708,4191956.0098035103,0.9737221812849599,10083161.129012233,14275117.138815742
28,spatial,0.3,density_negative,338405.4862816685,228250.0261946295,110155.46008703898,4191956.0098035103,0.026277818715039977,228250.0261946295,4420206.0359981395
28,spatial,0.3,independent,7862363.248453485,5458647.301457443,2403715.9469960416,4191956.0098035103,0.5734115389986431,5458647.301457443,9650603.311260954
28,spatial,0.5,density_positive,14164961.678728703,7174482.383721445,6990479.295007259,7165005.088702906,0.9756419162952413,7174482.383721445,14339487.47242435
28,spatial,0.5,density_negative,338405.4862816685,163879.69258602086,174525.79369564762,7165005.088702906,0.02435808370475873,163879.69258602086,7328884.7812889265
28,spatial,0.5,independent,7862363.248453485,3868405.9062646716,3993957.3421888133,7165005.088702906,0.5574256113908562,3868405.9062646716,11033410.994967578
28,density_positive,0.1,density_positive,14164961.678728703,10961990.400099983,3202971.27862872,3204297.7786600594,0.999586024732104,10961990.400099983,14166288.178760042
28,density_positive,0.1,density_negative,338405.4862816685,337078.98625033343,1326.5000313350465,3204297.7786600594,0.00041397526789465516,337078.98625033343,3541376.764910393
28,density_positive,0.1,independent,7862363.248453485,5893476.501354754,1968886.7470987309,3204297.7786600594,0.6144518653076182,5893476.501354754,9097774.280014813
28,density_positive,0.3,density_positive,14164961.678728703,6172510.719448839,7992450.959279864,8009703.839952415,0.9978460026715977,6172510.719448839,14182214.559401255
28,density_positive,0.3,density_negative,338405.4862816685,321152.60560911626,17252.880672552215,8009703.839952415,0.0021539973284024337,321152.60560911626,8330856.445561531
28,density_positive,0.3,independent,7862363.248453485,3251426.074231713,4610937.174221772,8009703.839952415,0.5756688719528442,3251426.074231713,11261129.914184127
28,density_positive,0.5,density_positive,14164961.678728703,2803868.4107364616,11361093.267992241,11426678.9049601,0.99426030629605,2803868.4107364616,14230547.315696562
28,density_positive,0.5,density_negative,338405.4862816685,272819.84931380785,65585.63696786063,11426678.9049601,0.00573969370395025,272819.84931380785,11699498.754273908
28,density_positive,0.5,independent,7862363.248453485,1504471.0040693048,6357892.24438418,11426678.9049601,0.5564077101724055,1504471.0040693048,12931149.909029404
28,density_negative,0.1,density_positive,14164961.678728703,14164961.678728703,0.0,4364.367439429276,0.0,14164961.678728703,14169326.046168134
28,density_negative,0.1,density_negative,338405.4862816685,334041.1188422391,4364.367439429392,4364.367439429276,1.0000000000000266,334041.1188422391,338405.48628166836
28,density_negative,0.1,independent,7862363.248453485,7860261.395501875,2101.8529516095296,4364.367439429276,0.4815939493592196,7860261.395501875,7864625.762941305
28,density_negative,0.3,density_positive,14164961.678728703,13596846.434514062,568115.2442146409,746178.6669671094,0.7613662375577975,13596846.434514062,14343025.101481171
28,density_negative,0.3,density_negative,338405.4862816685,160342.06352920004,178063.42275246844,746178.6669671094,0.23863376244220239,160342.06352920004,906520.7304963095
28,density_negative,0.3,independent,7862363.248453485,7548148.44342902,314214.8050244646,746178.6669671094,0.4210986174418664,7548148.44342902,8294327.11039613
28,density_negative,0.5,density_positive,14164961.678728703,11326461.461279403,2838500.2174493,3117877.843285298,0.9103949417268963,11326461.461279403,14444339.304564701
28,density_negative,0.5,density_negative,338405.4862816685,59027.86044566857,279377.6258359999,3117877.843285298,0.0896050582731043,59027.86044566857,3176905.7037309664
28,density_negative,0.5,independent,7862363.248453485,6316619.097953937,1545744.1504995478,3117877.843285298,0.49576802818894344,6316619.097953937,9434496.941239234
29,random,0.1,density_positive,14164961.678728703,12758135.869256377,1406825.8094723262,1440457.8964989246,0.9766518083532034,12758135.869256377,14198593.765755301
29,random,0.1,density_negative,338405.4862816685,304773.39925506717,33632.08702660131,1440457.8964989246,0.023348191646798622,304773.39925506717,1745231.2957539917
29,random,0.1,independent,7862363.248453485,7079096.688101065,783266.5603524195,1440457.8964989246,0.5437622038493259,7079096.688101065,8519554.58459999
29,random,0.3,density_positive,14164961.678728703,9933843.079873959,4231118.598854745,4332901.217859721,0.9765093608445445,9933843.079873959,14266744.29773368
29,random,0.3,density_negative,338405.4862816685,236622.86727669474,101782.61900497373,4332901.217859721,0.02349063915545489,236622.86727669474,4569524.085136415
29,random,0.3,independent,7862363.248453485,5515418.456090062,2346944.792363423,4332901.217859721,0.5416566578276897,5515418.456090062,9848319.673949782
29,random,0.5,density_positive,14164961.678728703,7093920.14650371,7071041.532224993,7240510.401549468,0.9765943476459604,7093920.14650371,14334430.548053179
29,random,0.5,density_negative,338405.4862816685,168936.6169571902,169468.86932447826,7240510.401549468,0.02340565235404012,168936.6169571902,7409447.018506658
29,random,0.5,independent,7862363.248453485,3933890.144558735,3928473.1038947497,7240510.401549468,0.5425685326070462,3933890.144558735,11174400.546108203
29,spatial,0.1,density_positive,14164961.678728703,12775027.051724026,1389934.6270046774,1424673.9741860086,0.9756159319179115,12775027.051724026,14199701.025910035
29,spatial,0.1,density_negative,338405.4862816685,303666.1391003359,34739.34718133259,1424673.9741860086,0.024384068082089455,303666.1391003359,1728340.1132863443
29,spatial,0.1,independent,7862363.248453485,7086786.842092257,775576.4063612279,1424673.9741860086,0.5443886955289933,7086786.842092257,8511460.816278266
29,spatial,0.3,density_positive,14164961.678728703,9733727.235460533,4431234.443268171,4526602.26416223,0.9789316985834826,9733727.235460533,14260329.499622762
29,spatial,0.3,density_negative,338405.4862816685,243037.66538761026,95367.82089405821,4526602.26416223,0.02106830141651701,243037.66538761026,4769639.92954984
29,spatial,0.3,independent,7862363.248453485,5419116.860450171,2443246.388003314,4526602.26416223,0.5397528312453805,5419116.860450171,9945719.124612402
29,spatial,0.5,density_positive,14164961.678728703,6809837.759253109,7355123.919475595,7512411.8471075045,0.9790629253516672,6809837.759253109,14322249.606360614
29,spatial,0.5,density_negative,338405.4862816685,181117.5586497568,157287.92763191168,7512411.8471075045,0.02093707464833309,181117.5586497568,7693529.405757261
29,spatial,0.5,independent,7862363.248453485,3865879.2378674606,3996484.0105860243,7512411.8471075045,0.5319841472914968,3865879.2378674606,11378291.084974965
29,density_positive,0.1,density_positive,14164961.678728703,11002051.71464701,3162909.9640816934,3165745.9063955047,0.9991041787946146,11002051.71464701,14167797.621042514
29,density_positive,0.1,density_negative,338405.4862816685,335569.5439678568,2835.9423138116836,3165745.9063955047,0.0008958212053855791,335569.5439678568,3501315.4503633613
29,density_positive,0.1,independent,7862363.248453485,6037808.953383712,1824554.2950697728,3165745.9063955047,0.576342621618422,6037808.953383712,9203554.859779216
29,density_positive,0.3,density_positive,14164961.678728703,6281724.564587341,7883237.114141363,7900022.4066705955,0.9978752854529805,6281724.564587341,14181746.971257936
29,density_positive,0.3,density_negative,338405.4862816685,321620.19375243294,16785.292529235536,7900022.4066705955,0.002124714547019819,321620.19375243294,8221642.600423029
29,density_positive,0.3,independent,7862363.248453485,3530537.405180562,4331825.843272923,7900022.4066705955,0.548330830000587,3530537.405180562,11430559.811851157
29,density_positive,0.5,density_positive,14164961.678728703,2789501.966628391,11375459.712100312,11431713.86534522,0.9950791146535395,2789501.966628391,14221215.83197361
29,density_positive,0.5,density_negative,338405.4862816685,282151.3330367646,56254.15324490389,11431713.86534522,0.004920885346460262,282151.3330367646,11713865.198381985
29,density_positive,0.5,independent,7862363.248453485,1599459.9690319858,6262903.279421499,11431713.86534522,0.547853397416396,1599459.9690319858,13031173.834377205
29,density_negative,0.1,density_positive,14164961.678728703,14164573.227403194,388.4513255096972,6192.826817674619,0.0627260113912824,14164573.227403194,14170766.054220868
29,density_negative,0.1,density_negative,338405.4862816685,332601.1107895004,5804.375492168067,6192.826817674619,0.9372739886092255,332601.1107895004,338793.93760717503
29,density_negative,0.1,independent,7862363.248453485,7860858.821915841,1504.426537644118,6192.826817674619,0.24293050361918955,7860858.821915841,7867051.648733515
29,density_negative,0.3,density_positive,14164961.678728703,13503320.010203414,661641.6685252897,826793.2182122584,0.8002504785367384,13503320.010203414,14330113.228415672
29,density_negative,0.3,density_negative,338405.4862816685,173253.93659470062,165151.54968696786,826793.2182122584,0.19974952146326067,173253.93659470062,1000047.154806959
29,density_negative,0.3,independent,7862363.248453485,7476072.965089065,386290.2833644198,826793.2182122584,0.4672151087543748,7476072.965089065,8302866.183301323
29,density_negative,0.5,density_positive,14164961.678728703,11268264.28518702,2896697.3935416825,3165573.945319249,0.9150623057865578,11268264.28518702,14433838.23050627
29,density_negative,0.5,density_negative,338405.4862816685,69528.93450410418,268876.5517775643,3165573.945319249,0.0849376942134416,69528.93450410418,3235102.879823353
29,density_negative,0.5,independent,7862363.248453485,6290449.032426547,1571914.2160269376,3165573.945319249,0.49656531269826637,6290449.032426547,9456022.977745796
30,random,0.1,density_positive,14164961.678728703,12759175.94127398,1405785.7374547236,1439771.275538326,0.9763951825814171,12759175.94127398,14198947.216812305
30,random,0.1,density_negative,338405.4862816685,304419.94819806324,33985.538083605235,1439771.275538326,0.023604817418584872,304419.94819806324,1744191.2237363893
30,random,0.1,independent,7862363.248453485,7083665.735561283,778697.5128922015,1439771.275538326,0.5408480681079354,7083665.735561283,8523437.011099609
30,random,0.3,density_positive,14164961.678728703,9935304.451885046,4229657.226843657,4331116.416516362,0.9765743563747679,9935304.451885046,14266420.868401408
30,random,0.3,density_negative,338405.4862816685,236946.29660896264,101459.18967270583,4331116.416516362,0.023425643625232383,236946.29660896264,4568062.713125325
30,random,0.3,independent,7862363.248453485,5518311.977242726,2344051.271210759,4331116.416516362,0.5412117906302193,5518311.977242726,9849428.393759087
30,random,0.5,density_positive,14164961.678728703,7094008.0551065365,7070953.623622167,7240316.134199014,0.9766084094343784,7094008.0551065365,14334324.189305551
30,random,0.5,density_negative,338405.4862816685,169042.97570482286,169362.5105768456,7240316.134199014,0.023391590565621338,169042.97570482286,7409359.109903837
30,random,0.5,independent,7862363.248453485,3947724.9284109804,3914638.3200425045,7240316.134199014,0.540672292132666,3947724.9284109804,11188041.062609995
30,spatial,0.1,density_positive,14164961.678728703,12824746.682724083,1340214.9960046206,1371708.46951595,0.9770406947166822,12824746.682724083,14196455.152240032
30,spatial,0.1,density_negative,338405.4862816685,306912.01277033944,31493.473511329037,1371708.46951595,0.02295930528331759,306912.01277033944,1678620.4822862893
30,spatial,0.1,independent,7862363.248453485,7403757.36608205,458605.88237143494,1371708.46951595,0.3343318879800081,7403757.36608205,8775465.835598
30,spatial,0.3,density_positive,14164961.678728703,9765583.142360078,4399378.536368625,4497112.053738231,0.9782674934042694,9765583.142360078,14262695.196098309
30,spatial,0.3,density_negative,338405.4862816685,240671.96891206142,97733.51736960706,4497112.053738231,0.021732506595730904,240671.96891206142,4737784.022650292
30,spatial,0.3,independent,7862363.248453485,5953599.157117875,1908764.0913356096,4497112.053738231,0.42444219057182414,5953599.157117875,10450711.210856106
30,spatial,0.5,density_positive,14164961.678728703,6821128.319853749,7343833.358874954,7507676.495448061,0.9781765854359273,6821128.319853749,14328804.81530181
30,spatial,0.5,density_negative,338405.4862816685,174562.34970856117,163843.1365731073,7507676.495448061,0.021823414564072673,174562.34970856117,7682238.845156622
30,spatial,0.5,independent,7862363.248453485,4335584.294038646,3526778.954414839,7507676.495448061,0.4697563828906508,4335584.294038646,11843260.789486706
30,density_positive,0.1,density_positive,14164961.678728703,10934773.40440837,3230188.274320334,3231452.2800556743,0.9996088428279937,10934773.40440837,14166225.684464043
30,density_positive,0.1,density_negative,338405.4862816685,337141.48054632806,1264.0057353404118,3231452.2800556743,0.0003911571720064622,337141.48054632806,3568593.7606020025
30,density_positive,0.1,independent,7862363.248453485,6372459.140608396,1489904.1078450885,3231452.2800556743,0.46106331727090183,6372459.140608396,9603911.42066407
30,density_positive,0.3,density_positive,14164961.678728703,6212418.166919462,7952543.511809241,7967201.191362457,0.9981602473439346,6212418.166919462,14179619.35828192
30,density_positive,0.3,density_negative,338405.4862816685,323747.8067284506,14657.679553217895,7967201.191362457,0.001839752656065575,323747.8067284506,8290948.998090908
30,density_positive,0.3,independent,7862363.248453485,3809366.433055992,4052996.815397493,7967201.191362457,0.5087102381437912,3809366.433055992,11776567.624418449
30,density_positive,0.5,density_positive,14164961.678728703,2782661.2543779737,11382300.42435073,11441106.533179272,0.9948601030277968,2782661.2543779737,14223767.787557246
30,density_positive,0.5,density_negative,338405.4862816685,279599.3774531235,58806.108828544966,11441106.533179272,0.005139896972203425,279599.3774531235,11720705.910632396
30,density_positive,0.5,independent,7862363.248453485,1832836.0572641317,6029527.191189353,11441106.533179272,0.5270055980777464,1832836.0572641317,13273942.590443404
30,density_negative,0.1,density_positive,14164961.678728703,14164711.757345118,249.92138358578086,4710.3685398232565,0.05305771331326836,14164711.757345118,14169422.12588494
30,density_negative,0.1,density_negative,338405.4862816685,333945.03912543115,4460.447156237322,4710.3685398232565,0.946942286686699,333945.03912543115,338655.40766525443
30,density_negative,0.1,independent,7862363.248453485,7859922.590485399,2440.6579680861905,4710.3685398232565,0.518145862144742,7859922.590485399,7864632.959025222
30,density_negative,0.3,density_positive,14164961.678728703,13499443.074705372,665518.6040233318,831734.7966551756,0.8001572216284772,13499443.074705372,14331177.871360548
30,density_negative,0.3,density_negative,338405.4862816685,172189.29364982073,166216.19263184775,831734.7966551756,0.1998427783715275,172189.29364982073,1003924.0903049964
30,density_negative,0.3,independent,7862363.248453485,7598673.337981173,263689.910472312,831734.7966551756,0.3170360450623707,7598673.337981173,8430408.134636348
30,density_negative,0.5,density_positive,14164961.678728703,11283967.721717803,2880993.9570109006,3158158.2547083204,0.9122386291807223,11283967.721717803,14442125.976426123
30,density_negative,0.5,density_negative,338405.4862816685,61241.18858425401,277164.29769741447,3158158.2547083204,0.08776137081927601,61241.18858425401,3219399.4432925745
30,density_negative,0.5,independent,7862363.248453485,6695284.007440139,1167079.2410133462,3158158.2547083204,0.3695442555082265,6695284.007440139,9853442.262148459
31,random,0.1,density_positive,14164961.678728703,12768615.302095631,1396346.3766330723,1429790.3286180135,0.9766091913509675,12768615.302095631,14198405.630713645
31,random,0.1,density_negative,338405.4862816685,304961.53429673024,33443.951984938234,1429790.3286180135,0.02339080864903039,304961.53429673024,1734751.8629147438
31,random,0.1,independent,7862363.248453485,7089426.654983525,772936.5934699597,1429790.3286180135,0.5405943640820775,7089426.654983525,8519216.983601538
31,random,0.3,density_positive,14164961.678728703,9946357.773779716,4218603.904948987,4321231.672852032,0.9762503434963231,9946357.773779716,14267589.446631748
31,random,0.3,density_negative,338405.4862816685,235777.71837862465,102627.76790304383,4321231.672852032,0.02374965650367666,235777.71837862465,4557009.391230657
31,random,0.3,independent,7862363.248453485,5517317.95834759,2345045.290105895,4321231.672852032,0.5426798347421523,5517317.95834759,9838549.63119962
31,random,0.5,density_positive,14164961.678728703,7100256.588325749,7064705.090402954,7235165.845161559,0.9764399657994572,7100256.588325749,14335422.433487307
31,random,0.5,density_negative,338405.4862816685,167944.73152306135,170460.75475860713,7235165.845161559,0.023560034200543027,167944.73152306135,7403110.57668462
31,random,0.5,independent,7862363.248453485,3951851.3016899754,3910511.9467635094,7235165.845161559,0.5404868430733517,3951851.3016899754,11187017.146851534
31,spatial,0.1,density_positive,14164961.678728703,12712171.464053273,1452790.2146754302,1485319.935577397,0.9780991824570635,12712171.464053273,14197491.39963067
31,spatial,0.1,density_negative,338405.4862816685,305875.7653796988,32529.720901969704,1485319.935577397,0.021900817542938475,305875.7653796988,1791195.7009570957
31,spatial,0.1,independent,7862363.248453485,7099724.512865777,762638.7355877077,1485319.935577397,0.5134508177803745,7099724.512865777,8585044.448443174
31,spatial,0.3,density_positive,14164961.678728703,10000281.674620623,4164680.0041080806,4268972.05299317,0.9755697513147303,10000281.674620623,14269253.727613792
31,spatial,0.3,density_negative,338405.4862816685,234113.43739657867,104292.04888508981,4268972.05299317,0.024430248685269777,234113.43739657867,4503085.4903897485
31,spatial,0.3,independent,7862363.248453485,5711182.597105232,2151180.651348253,4268972.05299317,0.5039106896565327,5711182.597105232,9980154.650098402
31,spatial,0.5,density_positive,14164961.678728703,7138669.784980498,7026291.893748205,7198732.168929034,0.9760457437317768,7138669.784980498,14337401.953909531
31,spatial,0.5,density_negative,338405.4862816685,165965.21110083893,172440.27518082954,7198732.168929034,0.02395425626822337,165965.21110083893,7364697.380029873
31,spatial,0.5,independent,7862363.248453485,4087075.0628433884,3775288.1856100964,7198732.168929034,0.5244379283764563,4087075.0628433884,11285807.231772423
31,density_positive,0.1,density_positive,14164961.678728703,11153734.137802534,3011227.5409261696,3012585.419960443,0.9995492645535372,11153734.137802534,14166319.557762977
31,density_positive,0.1,density_negative,338405.4862816685,337047.60724739626,1357.8790342722205,3012585.419960443,0.00045073544646247746,337047.60724739626,3349633.0272078393
31,density_positive,0.1,independent,7862363.248453485,6253621.702057276,1608741.546396209,3012585.419960443,0.534006948230312,6253621.702057276,9266207.122017719
31,density_positive,0.3,density_positive,14164961.678728703,6390646.852404331,7774314.826324373,7791118.404175088,0.9978432393170009,6390646.852404331,14181765.256579418
31,density_positive,0.3,density_negative,338405.4862816685,321601.9084309511,16803.577850717353,7791118.404175088,0.0021567606829993352,321601.9084309511,8112720.3126060385
31,density_positive,0.3,independent,7862363.248453485,3455253.1582475565,4407110.090205928,7791118.404175088,0.565658209974611,3455253.1582475565,11246371.562422644
31,density_positive,0.5,density_positive,14164961.678728703,2867662.8335563024,11297298.845172402,11358649.494093088,0.994598772595933,2867662.8335563024,14226312.32764939
31,density_positive,0.5,density_negative,338405.4862816685,277054.83736097714,61350.64892069134,11358649.494093088,0.0054012274040673505,277054.83736097714,11635704.331454065
31,density_positive,0.5,independent,7862363.248453485,1538532.5888703363,6323830.659583149,11358649.494093088,0.5567414209648578,1538532.5888703363,12897182.082963426
31,density_negative,0.1,density_positive,14164961.678728703,14164527.884034581,433.794694121927,4931.749809703733,0.08795959058352688,14164527.884034581,14169459.633844284
31,density_negative,0.1,density_negative,338405.4862816685,333907.5311660868,4497.955115581688,4931.749809703733,0.9120404094164491,333907.5311660868,338839.2809757905
31,density_negative,0.1,independent,7862363.248453485,7859687.83700053,2675.411452954635,4931.749809703733,0.542487262368923,7859687.83700053,7864619.586810234
31,density_negative,0.3,density_positive,14164961.678728703,13531374.451626625,633587.2271020785,802294.6838614893,0.7897188400309318,13531374.451626625,14333669.135488113
31,density_negative,0.3,density_negative,338405.4862816685,169698.0295222568,168707.45675941167,802294.6838614893,0.21028115996906924,169698.0295222568,971992.7133837461
31,density_negative,0.3,independent,7862363.248453485,7474603.603951404,387759.644502081,802294.6838614893,0.48331324175771934,7474603.603951404,8276898.287812893
31,density_negative,0.5,density_positive,14164961.678728703,11256037.193580305,2908924.485148398,3182220.028591813,0.9141179613641132,11256037.193580305,14438257.222172119
31,density_negative,0.5,density_negative,338405.4862816685,65109.9428382535,273295.54344341496,3182220.028591813,0.08588203863588682,65109.9428382535,3247329.9714300665
31,density_negative,0.5,independent,7862363.248453485,6346093.60182625,1516269.6466272352,3182220.028591813,0.47648171182500243,6346093.60182625,9528313.630418062
32,random,0.1,density_positive,14164961.678728703,12727526.318308737,1437435.3604199663,1471196.966233114,0.9770516072367986,12727526.318308737,14198723.28454185
32,random,0.1,density_negative,338405.4862816685,304643.88046851667,33761.60581315181,1471196.966233114,0.02294839276320409,304643.88046851667,1775840.8467016306
32,random,0.1,independent,7862363.248453485,7061937.000030853,800426.248422632,1471196.966233114,0.5440646404213716,7061937.000030853,8533133.966263967
32,random,0.3,density_positive,14164961.678728703,9899548.37386977,4265413.304858934,4366235.021233877,0.9769087747488107,9899548.37386977,14265783.395103646
32,random,0.3,density_negative,338405.4862816685,237583.7699067273,100821.71637494117,4366235.021233877,0.023091225251188938,237583.7699067273,4603818.791140605
32,random,0.3,independent,7862363.248453485,5485641.806119799,2376721.442333686,4366235.021233877,0.5443411613839413,5485641.806119799,9851876.827353675
32,random,0.5,density_positive,14164961.678728703,7058922.399675552,7106039.279053152,7274265.43659774,0.9768737944730169,7058922.399675552,14333187.836273292
32,random,0.5,density_negative,338405.4862816685,170179.32873708117,168226.1575445873,7274265.43659774,0.023126205526982895,170179.32873708117,7444444.765334821
32,random,0.5,independent,7862363.248453485,3919439.148103084,3942924.100350401,7274265.43659774,0.5420374242206032,3919439.148103084,11193704.584700825
32,spatial,0.1,density_positive,14164961.678728703,12823221.288315067,1341740.3904136363,1378841.383234277,0.973092631776387,12823221.288315067,14202062.671549344
32,spatial,0.1,density_negative,338405.4862816685,301304.49346102873,37100.992820639745,1378841.383234277,0.026907368223612397,301304.49346102873,1680145.8766953056
32,spatial,0.1,independent,7862363.248453485,7046611.143946611,815752.1045068735,1378841.383234277,0.5916214253690342,7046611.143946611,8425452.527180888
32,spatial,0.3,density_positive,14164961.678728703,9908863.935592981,4256097.743135722,4354562.271842628,0.9773881913818079,9908863.935592981,14263426.207435608
32,spatial,0.3,density_negative,338405.4862816685,239940.9575747599,98464.52870690858,4354562.271842628,0.02261180861819285,239940.9575747599,4594503.229417387
32,spatial,0.3,independent,7862363.248453485,5343516.855640341,2518846.3928131443,4354562.271842628,0.5784384825773309,5343516.855640341,9698079.12748297
32,spatial,0.5,density_positive,14164961.678728703,7130445.263198967,7034516.415529736,7199834.633049777,0.9770386090867738,7130445.263198967,14330279.896248743
32,spatial,0.5,density_negative,338405.4862816685,173087.26876162746,165318.217520041,7199834.633049777,0.02296139091322628,173087.26876162746,7372921.901811404
32,spatial,0.5,independent,7862363.248453485,3827653.4530243976,4034709.7954290872,7199834.633049777,0.5603892312898894,3827653.4530243976,11027488.086074173
32,density_positive,0.1,density_positive,14164961.678728703,11076265.627129776,3088696.051598927,3091577.618014007,0.9990679301084697,11076265.627129776,14167843.245143782
32,density_positive,0.1,density_negative,338405.4862816685,335523.91986658605,2881.5664150824305,3091577.618014007,0.0009320698915311448,335523.91986658605,3427101.537880593
32,density_positive,0.1,independent,7862363.248453485,5959718.178593025,1902645.0698604602,3091577.618014007,0.6154285303316102,5959718.178593025,9051295.796607032
32,density_positive,0.3,density_positive,14164961.678728703,6360854.603268796,7804107.075459908,7824177.286705204,0.9974348470759475,6360854.603268796,14185031.889974
32,density_positive,0.3,density_negative,338405.4862816685,318335.2750363684,20070.211245300074,7824177.286705204,0.0025651529240528913,318335.2750363684,8142512.561741573
32,density_positive,0.3,independent,7862363.248453485,3314801.178493788,4547562.069959696,7824177.286705204,0.5812192008592247,3314801.178493788,11138978.465198992
32,density_positive,0.5,density_positive,14164961.678728703,2825285.257952034,11339676.420776669,11399358.421739958,0.9947644421067182,2825285.257952034,14224643.679691993
32,density_positive,0.5,density_negative,338405.4862816685,278723.48531837866,59682.000963289815,11399358.421739958,0.005235557893281871,278723.48531837866,11678081.907058338
32,density_positive,0.5,independent,7862363.248453485,1447068.6820583676,6415294.566395117,11399358.421739958,0.5627768098036441,1447068.6820583676,12846427.103798326
32,density_negative,0.1,density_positive,14164961.678728703,14164920.420344952,41.25838375091553,5362.5963304383495,0.007693732887693037,14164920.420344952,14170283.01667539
32,density_negative,0.1,density_negative,338405.4862816685,333084.1483349809,5321.337946687592,5362.5963304383495,0.9923062671123365,333084.1483349809,338446.7446654192
32,density_negative,0.1,independent,7862363.248453485,7859138.523740545,3224.724712939933,5362.5963304383495,0.6013364635775853,7859138.523740545,7864501.120070984
32,density_negative,0.3,density_positive,14164961.678728703,13545061.77578345,619899.902945254,790977.3545578227,0.7837138438581399,13545061.77578345,14336039.130341273
32,density_negative,0.3,density_negative,338405.4862816685,167328.03466909588,171077.4516125726,790977.3545578227,0.21628615614186505,167328.03466909588,958305.3892269186
32,density_negative,0.3,independent,7862363.248453485,7453246.7082198765,409116.54023360834,790977.3545578227,0.5172291442683784,7453246.7082198765,8244224.062777699
32,density_negative,0.5,density_positive,14164961.678728703,11245600.359132573,2919361.3195961304,3195129.878601778,0.9136909704821369,11245600.359132573,14440730.237734351
32,density_negative,0.5,density_negative,338405.4862816685,62636.92727602048,275768.559005648,3195129.878601778,0.08630902951786336,62636.92727602048,3257766.8058777982
32,density_negative,0.5,independent,7862363.248453485,6140789.371128526,1721573.8773249593,3195129.878601778,0.5388118614065034,6140789.371128526,9335919.249730304
33,random,0.1,density_positive,14164961.678728703,12731276.43268736,1433685.2460413426,1467387.540016609,0.9770324518532542,12731276.43268736,14198663.97270397
33,random,0.1,density_negative,338405.4862816685,304703.19230640103,33702.29397526744,1467387.540016609,0.022967548146746546,304703.19230640103,1772090.73232301
33,random,0.1,independent,7862363.248453485,7057168.9360052785,805194.3124482064,1467387.540016609,0.5487264205876333,7057168.9360052785,8524556.476021888
33,random,0.3,density_positive,14164961.678728703,9907449.245656885,4257512.433071818,4359116.296584168,0.9766916373412731,9907449.245656885,14266565.542241054
33,random,0.3,density_negative,338405.4862816685,236801.62276931654,101603.86351235193,4359116.296584168,0.02330836265872727,236801.62276931654,4595917.919353485
33,random,0.3,independent,7862363.248453485,5480184.123184453,2382179.125269032,4359116.296584168,0.546482122336521,5480184.123184453,9839300.41976862
33,random,0.5,density_positive,14164961.678728703,7078614.349466235,7086347.329262468,7256069.814759631,0.9766095848262197,7078614.349466235,14334684.164225865
33,random,0.5,density_negative,338405.4862816685,168683.00078450417,169722.4854971643,7256069.814759631,0.023390415173780498,168683.00078450417,7424752.815544135
33,random,0.5,independent,7862363.248453485,3910985.0566894473,3951378.1917640376,7256069.814759631,0.5445617658923991,3910985.0566894473,11167054.871449078
33,spatial,0.1,density_positive,14164961.678728703,12733764.594826298,1431197.0839024056,1463112.981375624,0.9781863069499862,12733764.594826298,14196877.576201921
33,spatial,0.1,density_negative,338405.4862816685,306489.5888084437,31915.897473224788,1463112.981375624,0.021813693050018155,306489.5888084437,1769602.5701840676
33,spatial,0.1,independent,7862363.248453485,6975657.826003431,886705.4224500535,1463112.981375624,0.6060402947258181,6975657.826003431,8438770.807379056
33,spatial,0.3,density_positive,14164961.678728703,9906774.569787921,4258187.108940782,4360012.8107379405,0.9766455498602252,9906774.569787921,14266787.380525861
33,spatial,0.3,density_negative,338405.4862816685,236579.78448450912,101825.70179715936,4360012.8107379405,0.02335445013977497,236579.78448450912,4596592.59522245
33,spatial,0.3,independent,7862363.248453485,5379187.5811032355,2483175.6673502494,4360012.8107379405,0.5695340300915234,5379187.5811032355,9739200.391841177
33,spatial,0.5,density_positive,14164961.678728703,6930906.674194598,7234055.004534106,7400435.000116314,0.977517538417729,6930906.674194598,14331341.674310911
33,spatial,0.5,density_negative,338405.4862816685,172025.49069945875,166379.99558220973,7400435.000116314,0.022482461582271136,172025.49069945875,7572460.490815773
33,spatial,0.5,independent,7862363.248453485,3682434.384317672,4179928.864135813,7400435.000116314,0.5648220495241315,3682434.384317672,11082869.384433985
33,density_positive,0.1,density_positive,14164961.678728703,10946885.65156297,3218076.0271657333,3220664.1622092286,0.9991963971053349,10946885.65156297,14167549.813772198
33,density_positive,0.1,density_negative,338405.4862816685,335817.35123817343,2588.1350434950436,3220664.1622092286,0.0008036028946649628,335817.35123817343,3556481.513447402
33,density_positive,0.1,independent,7862363.248453485,5842608.300470529,2019754.9479829557,3220664.1622092286,0.6271237379179256,5842608.300470529,9063272.462679759
33,density_positive,0.3,density_positive,14164961.678728703,6305255.7813366465,7859705.897392057,7876007.526693681,0.9979302166425852,6305255.7813366465,14181263.308030328
33,density_positive,0.3,density_negative,338405.4862816685,322103.8569800418,16301.6293016267,7876007.526693681,0.002069783357415107,322103.8569800418,8198111.383673723
33,density_positive,0.3,independent,7862363.248453485,3294164.810427405,4568198.43802608,7876007.526693681,0.5800144835493565,3294164.810427405,11170172.337121086
33,density_positive,0.5,density_positive,14164961.678728703,2944022.4913614173,11220939.187367287,11284453.176361462,0.9943715492455386,2944022.4913614173,14228475.667722879
33,density_positive,0.5,density_negative,338405.4862816685,274891.4972874939,63513.98899417458,11284453.176361462,0.005628450754461273,274891.4972874939,11559344.673648955
33,density_positive,0.5,independent,7862363.248453485,1611942.580762456,6250420.667691029,11284453.176361462,0.5538966372588027,1611942.580762456,12896395.757123917
33,density_negative,0.1,density_positive,14164961.678728703,14164025.714951552,935.9637771509588,6549.396456709055,0.14290840130653237,14164025.714951552,14170575.111408262
33,density_negative,0.1,density_negative,338405.4862816685,332792.05360210926,5613.432679559221,6549.396456709055,0.8570915986936393,332792.05360210926,339341.45005881833
33,density_negative,0.1,independent,7862363.248453485,7858365.472804624,3997.775648861192,6549.396456709055,0.6104036723515127,7858365.472804624,7864914.869261333
33,density_negative,0.3,density_positive,14164961.678728703,13514425.96957437,650535.7091543339,818032.6093634084,0.7952442258513138,13514425.96957437,14332458.578937778
33,density_negative,0.3,density_negative,338405.4862816685,170908.58607259564,167496.90020907283,818032.6093634084,0.20475577414868418,170908.58607259564,988941.1954360041
33,density_negative,0.3,independent,7862363.248453485,7404513.356621887,457849.89183159824,818032.6093634084,0.5596963820157441,7404513.356621887,8222545.965985295
33,density_negative,0.5,density_positive,14164961.678728703,11249991.476531059,2914970.202197645,3188257.5045039537,0.9142831775914447,11249991.476531059,14438248.981035013
33,density_negative,0.5,density_negative,338405.4862816685,65118.183975357024,273287.30230631144,3188257.5045039537,0.08571682240855603,65118.183975357024,3253375.688479311
33,density_negative,0.5,independent,7862363.248453485,6156838.837718751,1705524.4107347336,3188257.5045039537,0.5349393542790667,6156838.837718751,9345096.342222705
34,random,0.1,density_positive,14164961.678728703,12753038.529827632,1411923.1489010714,1445724.7623510119,0.9766196067673539,12753038.529827632,14198763.292178644
34,random,0.1,density_negative,338405.4862816685,304603.8728317277,33801.61344994075,1445724.7623510119,0.02338039323264628,304603.8728317277,1750328.6351827397
34,random,0.1,independent,7862363.248453485,7082502.032672524,779861.2157809604,1445724.7623510119,0.5394257856611406,7082502.032672524,8528226.795023536
34,random,0.3,density_positive,14164961.678728703,9921014.810282063,4243946.868446641,4345376.449776041,0.9766580450504747,9921014.810282063,14266391.260058105
34,random,0.3,density_negative,338405.4862816685,236975.90495226654,101429.58132940193,4345376.449776041,0.02334195494952562,236975.90495226654,4582352.354728308
34,random,0.3,independent,7862363.248453485,5513597.450878855,2348765.79757463,4345376.449776041,0.540520671735054,5513597.450878855,9858973.900654897
34,random,0.5,density_positive,14164961.678728703,7104593.6650812505,7060368.013647453,7231954.095463444,0.976273897821942,7104593.6650812505,14336547.760544695
34,random,0.5,density_negative,338405.4862816685,166819.40446567506,171586.0818159934,7231954.095463444,0.02372610217805838,166819.40446567506,7398773.499929119
34,random,0.5,independent,7862363.248453485,3951588.9756701714,3910774.2727833134,7231954.095463444,0.5407631493729359,3951588.9756701714,11183543.071133615
34,spatial,0.1,density_positive,14164961.678728703,12852119.530404648,1312842.1483240556,1346247.1512344347,0.9751865748575598,12852119.530404648,14198366.681639083
34,spatial,0.1,density_negative,338405.4862816685,305000.4833712903,33405.002910378156,1346247.1512344347,0.02481342514243956,305000.4833712903,1651247.634605725
34,spatial,0.1,independent,7862363.248453485,7116492.081780171,745871.1666733138,1346247.1512344347,0.554037322188122,7116492.081780171,8462739.233014606
34,spatial,0.3,density_positive,14164961.678728703,10224059.843240969,3940901.8354877345,4043794.9994033105,0.9745552967124301,10224059.843240969,14267854.84264428
34,spatial,0.3,density_negative,338405.4862816685,235512.3223660919,102893.16391557659,4043794.9994033105,0.025444703287570012,235512.3223660919,4279307.321769402
34,spatial,0.3,independent,7862363.248453485,5674515.690334916,2187847.5581185687,4043794.9994033105,0.5410381976438965,5674515.690334916,9718310.689738227
34,spatial,0.5,density_positive,14164961.678728703,7508540.103941572,6656421.5747871315,6828782.3783833645,0.9747596578649447,7508540.103941572,14337322.482324935
34,spatial,0.5,density_negative,338405.4862816685,166044.6826854363,172360.80359623217,6828782.3783833645,0.025240342135055212,166044.6826854363,6994827.061068801
34,spatial,0.5,independent,7862363.248453485,4155321.5001532165,3707041.7483002683,6828782.3783833645,0.542855452537919,4155321.5001532165,10984103.878536582
34,density_positive,0.1,density_positive,14164961.678728703,11175751.625966439,2989210.0527622644,2989932.3011575076,0.999758439883417,11175751.625966439,14165683.927123947
34,density_positive,0.1,density_negative,338405.4862816685,337683.23788642464,722.2483952438342,2989932.3011575076,0.00024156011658331747,337683.23788642464,3327615.539043932
34,density_positive,0.1,independent,7862363.248453485,6120826.684529373,1741536.5639241114,2989932.3011575076,0.582466888380684,6120826.684529373,9110758.985686881
34,density_positive,0.3,density_positive,14164961.678728703,6609301.524298591,7555660.154430113,7570968.021627602,0.9979780832313966,6609301.524298591,14180269.545926193
34,density_positive,0.3,density_negative,338405.4862816685,323097.6190841786,15307.86719748989,7570968.021627602,0.002021916768603523,323097.6190841786,7894065.640711781
34,density_positive,0.3,independent,7862363.248453485,3652114.6489619603,4210248.5994915245,7570968.021627602,0.5561043960910045,3652114.6489619603,11223082.670589563
34,density_positive,0.5,density_positive,14164961.678728703,3115409.4003211576,11049552.278407546,11113508.228433866,0.9942452060400973,3115409.4003211576,14228917.628755024
34,density_positive,0.5,density_negative,338405.4862816685,274449.53625535057,63955.95002631791,11113508.228433866,0.005754793959902496,274449.53625535057,11387957.764689216
34,density_positive,0.5,independent,7862363.248453485,1855176.251403983,6007186.997049502,11113508.228433866,0.540530215443593,1855176.251403983,12968684.47983785
34,density_negative,0.1,density_positive,14164961.678728703,14164961.678728703,0.0,3741.6316609922615,0.0,14164961.678728703,14168703.310389696
34,density_negative,0.1,density_negative,338405.4862816685,334663.85462067625,3741.6316609922214,3741.6316609922615,0.9999999999999893,334663.85462067625,338405.48628166853
34,density_negative,0.1,independent,7862363.248453485,7860533.122536866,1830.1259166188538,3741.6316609922615,0.48912508831334667,7860533.122536866,7864274.754197858
34,density_negative,0.3,density_positive,14164961.678728703,13586703.145736886,578258.5329918172,750873.8677727128,0.7701140734955692,13586703.145736886,14337577.0135096
34,density_negative,0.3,density_negative,338405.4862816685,165790.15150077303,172615.33478089544,750873.8677727128,0.22988592650443065,165790.15150077303,916664.0192734859
34,density_negative,0.3,independent,7862363.248453485,7519836.966361366,342526.28209211864,750873.8677727128,0.45617019954115684,7519836.966361366,8270710.8341340795
34,density_negative,0.5,density_positive,14164961.678728703,11332510.475901933,2832451.20282677,3107993.834702635,0.9113438936720966,11332510.475901933,14440504.310604569
34,density_negative,0.5,density_negative,338405.4862816685,62862.85440580504,275542.6318758634,3107993.834702635,0.08865610632790287,62862.85440580504,3170856.68910844
34,density_negative,0.5,independent,7862363.248453485,6302032.254784706,1560330.9936687788,3107993.834702635,0.5020379951358775,6302032.254784706,9410026.08948734
35,random,0.1,density_positive,14164961.678728703,12750363.268137503,1414598.4105912,1449073.8702561622,0.9762086251276701,12750363.268137503,14199437.138393667
35,random,0.1,density_negative,338405.4862816685,303930.02661670564,34475.45966496284,1449073.8702561622,0.023791374872330275,303930.02661670564,1753003.8968728678
35,random,0.1,independent,7862363.248453485,7072026.549961079,790336.6984924059,1449073.8702561622,0.5454081497948017,7072026.549961079,8521100.420217242
35,random,0.3,density_positive,14164961.678728703,9909050.66289508,4255911.015833624,4356601.501311035,0.9768878366664681,9909050.66289508,14265652.164206114
35,random,0.3,density_negative,338405.4862816685,237715.00080425598,100690.4854774125,4356601.501311035,0.02311216333353226,237715.00080425598,4594316.502115291
35,random,0.3,independent,7862363.248453485,5494268.213239828,2368095.0352136567,4356601.501311035,0.5435647567263208,5494268.213239828,9850869.714550864
35,random,0.5,density_positive,14164961.678728703,7093155.826818125,7071805.851910578,7240946.123431886,0.976641136581038,7093155.826818125,14334101.950250011
35,random,0.5,density_negative,338405.4862816685,169265.21476036083,169140.27152130764,7240946.123431886,0.02335886341896198,169265.21476036083,7410211.338192247
35,random,0.5,independent,7862363.248453485,3925721.723892036,3936641.524561449,7240946.123431886,0.5436639711794536,3925721.723892036,11166667.84732392
35,spatial,0.1,density_positive,14164961.678728703,12741240.82276242,1423720.855966283,1452918.5201613999,0.9799041282838948,12741240.82276242,14194159.34292382
35,spatial,0.1,density_negative,338405.4862816685,309207.82208654936,29197.664195119112,1452918.5201613999,0.020095871716106724,309207.82208654936,1762126.3422479492
35,spatial,0.1,independent,7862363.248453485,7050391.853294467,811971.3951590182,1452918.5201613999,0.5588554236811704,7050391.853294467,8503310.373455867
35,spatial,0.3,density_positive,14164961.678728703,10068016.966701388,4096944.712027315,4201364.252925614,0.975146277586956,10068016.966701388,14269381.219627002
35,spatial,0.3,density_negative,338405.4862816685,233985.94538336835,104419.54089830013,4201364.252925614,0.024853722413044222,233985.94538336835,4435350.198308982
35,spatial,0.3,independent,7862363.248453485,5783349.223652381,2079014.0248011034,4201364.252925614,0.4948426034123047,5783349.223652381,9984713.476577995
35,spatial,0.5,density_positive,14164961.678728703,7351087.321185865,6813874.357542838,6986519.025331776,0.9752888860442573,7351087.321185865,14337606.346517641
35,spatial,0.5,density_negative,338405.4862816685,165760.8184927288,172644.66778893967,6986519.025331776,0.02471111395574295,165760.8184927288,7152279.843824505
35,spatial,0.5,independent,7862363.248453485,4361121.239234635,3501242.00921885,6986519.025331776,0.5011425570479404,4361121.239234635,11347640.26456641
35,density_positive,0.1,density_positive,14164961.678728703,11202176.724043941,2962784.9546847623,2963979.1188000413,0.9995971077840243,11202176.724043941,14166155.842843983
35,density_positive,0.1,density_negative,338405.4862816685,337211.32216638717,1194.16411528131,2963979.1188000413,0.00040289221597646205,337211.32216638717,3301190.4409664283
35,density_positive,0.1,independent,7862363.248453485,6241358.060549341,1621005.1879041437,2963979.1188000413,0.546901689563995,6241358.060549341,9205337.179349381
35,density_positive,0.3,density_positive,14164961.678728703,6562124.524095469,7602837.154633234,7618379.751028126,0.9979598553888319,6562124.524095469,14180504.275123596
35,density_positive,0.3,density_negative,338405.4862816685,322862.88988677604,15542.596394892433,7618379.751028126,0.0020401446111681302,322862.88988677604,7941242.640914902
35,density_positive,0.3,independent,7862363.248453485,3762757.588220835,4099605.6602326497,7618379.751028126,0.5381204132912112,3762757.588220835,11381137.33924896
35,density_positive,0.5,density_positive,14164961.678728703,3122517.944564376,11042443.734164327,11106639.55782358,0.9942200497886841,3122517.944564376,14229157.502387956
35,density_positive,0.5,density_negative,338405.4862816685,274209.6626224156,64195.8236592529,11106639.55782358,0.005779950211315987,274209.6626224156,11380849.220445996
35,density_positive,0.5,independent,7862363.248453485,1837561.5856965461,6024801.6627569385,11106639.55782358,0.5424504532978235,1837561.5856965461,12944201.143520126
35,density_negative,0.1,density_positive,14164961.678728703,14164961.678728703,0.0,4366.414096473101,0.0,14164961.678728703,14169328.092825176
35,density_negative,0.1,density_negative,338405.4862816685,334039.0721851952,4366.4140964732505,4366.414096473101,1.0000000000000342,334039.0721851952,338405.4862816683
35,density_negative,0.1,independent,7862363.248453485,7859800.206139647,2563.0423138374463,4366.414096473101,0.5869902068857146,7859800.206139647,7864166.62023612
35,density_negative,0.3,density_positive,14164961.678728703,13488779.82928845,676181.8494402543,843250.3584729912,0.8018755552796032,13488779.82928845,14332030.18776144
35,density_negative,0.3,density_negative,338405.4862816685,171336.9772489335,167068.509032735,843250.3584729912,0.1981244447203945,171336.9772489335,1014587.3357219247
35,density_negative,0.3,independent,7862363.248453485,7397507.743594349,464855.5048591355,843250.3584729912,0.5512662997273123,7397507.743594349,8240758.10206734
35,density_negative,0.5,density_positive,14164961.678728703,11325891.302278996,2839070.376449708,3118000.6700409525,0.9105419391755355,11325891.302278996,14443891.972319948
35,density_negative,0.5,density_negative,338405.4862816685,59475.19269042473,278930.29359124374,3118000.6700409525,0.08945806082446423,59475.19269042473,3177475.862731377
35,density_negative,0.5,independent,7862363.248453485,6321962.522212168,1540400.7262413166,3118000.6700409525,0.4940347643418193,6321962.522212168,9439963.19225312
36,random,0.1,density_positive,14164961.678728703,12732995.24667517,1431966.4320535343,1465919.9982088413,0.9768380496911198,12732995.24667517,14198915.24488401
36,random,0.1,density_negative,338405.4862816685,304451.92012636154,33953.56615530694,1465919.9982088413,0.023161950308880203,304451.92012636154,1770371.9183352028
36,random,0.1,independent,7862363.248453485,7074856.794223477,787506.4542300077,1465919.9982088413,0.5372097080278839,7074856.794223477,8540776.79243232
36,random,0.3,density_positive,14164961.678728703,9909323.172725076,4255638.506003628,4357312.362080645,0.9766659243982987,9909323.172725076,14266635.53480572
36,random,0.3,density_negative,338405.4862816685,236731.6302046538,101673.85607701467,4357312.362080645,0.023334075601700664,236731.6302046538,4594043.992285298
36,random,0.3,independent,7862363.248453485,5500512.706923703,2361850.541529782,4357312.362080645,0.5420429717372806,5500512.706923703,9857825.069004348
36,random,0.5,density_positive,14164961.678728703,7075812.918519385,7089148.760209318,7258830.273746286,0.9766241243922357,7075812.918519385,14334643.19226567
36,random,0.5,density_negative,338405.4862816685,168723.97274469875,169681.51353696972,7258830.273746286,0.023375875607764697,168723.97274469875,7427554.246490984
36,random,0.5,independent,7862363.248453485,3924064.478832237,3938298.769621248,7258830.273746286,0.5425528110038988,3924064.478832237,11182894.752578523
36,spatial,0.1,density_positive,14164961.678728703,13013827.442404427,1151134.2363242768,1189751.3844573412,0.9675418338338996,13013827.442404427,14203578.826861767
36,spatial,0.1,density_negative,338405.4862816685,299788.3381485994,38617.1481330691,1189751.3844573412,0.03245816616610437,299788.3381485994,1489539.7226059404
36,spatial,0.1,independent,7862363.248453485,7283043.483457253,579319.7649962315,1189751.3844573412,0.48692506061715213,7283043.483457253,8472794.867914595
36,spatial,0.3,density_positive,14164961.678728703,10482196.219380438,3682765.459348265,3796647.49105193,0.9700045811542772,10482196.219380438,14278843.71043237
36,spatial,0.3,density_negative,338405.4862816685,224523.45457800478,113882.0317036637,3796647.49105193,0.02999541884572239,224523.45457800478,4021170.945629935
36,spatial,0.3,independent,7862363.248453485,5782714.32836386,2079648.9200896248,3796647.49105193,0.5477592863153646,5782714.32836386,9579361.81941579
36,spatial,0.5,density_positive,14164961.678728703,7819017.988548848,6345943.690179856,6530530.056838855,0.9717348568871989,7819017.988548848,14349548.045387704
36,spatial,0.5,density_negative,338405.4862816685,153819.11962266773,184586.36665900075,6530530.056838855,0.028265143112801316,153819.11962266773,6684349.1764615225
36,spatial,0.5,independent,7862363.248453485,4166195.0604039766,3696168.1880495083,6530530.056838855,0.5659828767159311,4166195.0604039766,10696725.117242832
36,density_positive,0.1,density_positive,14164961.678728703,11209477.358137727,2955484.3205909766,2959263.9305418367,0.9987227871391086,11209477.358137727,14168741.288679563
36,density_positive,0.1,density_negative,338405.4862816685,334625.87633080967,3779.6099508588086,2959263.9305418367,0.0012772128608909742,334625.87633080967,3293889.8068726463
36,density_positive,0.1,independent,7862363.248453485,6108263.751034636,1754099.4974188488,2959263.9305418367,0.5927485816034246,6108263.751034636,9067527.681576472
36,density_positive,0.3,density_positive,14164961.678728703,6702208.133155359,7462753.545573344,7485492.146855325,0.9969623104485477,6702208.133155359,14187700.280010685
36,density_positive,0.3,density_negative,338405.4862816685,315666.88499968697,22738.601281981508,7485492.146855325,0.003037689551452412,315666.88499968697,7801159.031855012
36,density_positive,0.3,independent,7862363.248453485,3429906.744834776,4432456.503618709,7485492.146855325,0.5921396237762129,3429906.744834776,10915398.891690101
36,density_positive,0.5,density_positive,14164961.678728703,3195860.9127785754,10969100.765950128,11044290.388251336,0.993191991548756,3195860.9127785754,14240151.301029911
36,density_positive,0.5,density_negative,338405.4862816685,263215.8639804615,75189.62230120698,11044290.388251336,0.00680800845124391,263215.8639804615,11307506.252231797
36,density_positive,0.5,independent,7862363.248453485,1596808.8192377111,6265554.429215774,11044290.388251336,0.56731163424324,1596808.8192377111,12641099.207489047
36,density_negative,0.1,density_positive,14164961.678728703,14164530.864898663,430.81383004039526,5617.307484158687,0.07669400887441698,14164530.864898663,14170148.172382822
36,density_negative,0.1,density_negative,338405.4862816685,333218.9926275526,5186.493654115882,5617.307484158687,0.9233059911251541,333218.9926275526,338836.30011171126
36,density_negative,0.1,independent,7862363.248453485,7858868.05948974,3495.1889637447894,5617.307484158687,0.6222178461124902,7858868.05948974,7864485.366973898
36,density_negative,0.3,density_positive,14164961.678728703,13638670.26619267,526291.4125360325,703663.6081826783,0.7479304122253283,13638670.26619267,14342333.874375349
36,density_negative,0.3,density_negative,338405.4862816685,161033.29063502132,177372.19564664716,703663.6081826783,0.2520695877746736,161033.29063502132,864696.8988176996
36,density_negative,0.3,independent,7862363.248453485,7542048.474989332,320314.7734641526,703663.6081826783,0.45521008865502616,7542048.474989332,8245712.08317201
36,density_negative,0.5,density_positive,14164961.678728703,11473914.355172986,2691047.3235557172,2974262.048546111,0.9047781532468412,11473914.355172986,14448176.403719097
36,density_negative,0.5,density_negative,338405.4862816685,55190.76129127155,283214.72499039694,2974262.048546111,0.0952218467531598,55190.76129127155,3029452.8098373828
36,density_negative,0.5,independent,7862363.248453485,6368118.715105856,1494244.533347629,2974262.048546111,0.5023916887478191,6368118.715105856,9342380.763651967
37,random,0.1,density_positive,14164961.678728703,12767293.013156679,1397668.6655720249,1431493.8836915216,0.9763706862426345,12767293.013156679,14198786.8968482
37,random,0.1,density_negative,338405.4862816685,304580.26816216804,33825.21811950044,1431493.8836915216,0.023629313757368153,304580.26816216804,1736074.1518536897
37,random,0.1,independent,7862363.248453485,7095049.595324307,767313.6531291781,1431493.8836915216,0.5360230049676759,7095049.595324307,8526543.479015829
37,random,0.3,density_positive,14164961.678728703,9935252.223343963,4229709.455384741,4331533.894935965,0.9764922907170903,9935252.223343963,14266786.118279926
37,random,0.3,density_negative,338405.4862816685,236581.0467304417,101824.43955122677,4331533.894935965,0.023507709282910298,236581.0467304417,4568114.941666407
37,random,0.3,independent,7862363.248453485,5497846.673814824,2364516.574638661,4331533.894935965,0.5458843522852352,5497846.673814824,9829380.568750788
37,random,0.5,density_positive,14164961.678728703,7101956.184533465,7063005.494195239,7233177.920529133,0.976473352625419,7101956.184533465,14335134.105062596
37,random,0.5,density_negative,338405.4862816685,168233.05994777326,170172.42633389522,7233177.920529133,0.023526647374581173,168233.05994777326,7401410.980476906
37,random,0.5,independent,7862363.248453485,3926579.833721029,3935783.4147324557,7233177.920529133,0.544129213739089,3926579.833721029,11159757.754250161
37,spatial,0.1,density_positive,14164961.678728703,12869705.14567811,1295256.533050593,1334062.4586827448,0.9709114626683455,12869705.14567811,14203767.604360856
37,spatial,0.1,density_negative,338405.4862816685,299599.56064951327,38805.92563215521,1334062.4586827448,0.029088537331657047,299599.56064951327,1633662.019332258
37,spatial,0.1,independent,7862363.248453485,7196811.124254495,665552.12419899,1334062.4586827448,0.4988912774415053,7196811.124254495,8530873.58293724
37,spatial,0.3,density_positive,14164961.678728703,10228060.307519773,3936901.3712089304,4050801.8171044188,0.9718819999007242,10228060.307519773,14278862.124624193
37,spatial,0.3,density_negative,338405.4862816685,224505.04038618112,113900.44589548736,4050801.8171044188,0.028118000099275484,224505.04038618112,4275306.8574906
37,spatial,0.3,independent,7862363.248453485,5869763.4133042,1992599.8351492845,4050801.8171044188,0.4919025726550178,5869763.4133042,9920565.23040862
37,spatial,0.5,density_positive,14164961.678728703,7397869.711366918,6767091.9673617855,6951001.911606287,0.9735419517095195,7397869.711366918,14348871.622973204
37,spatial,0.5,density_negative,338405.4862816685,154495.5420371674,183909.94424450106,6951001.911606287,0.02645804829048045,154495.5420371674,7105497.453643454
37,spatial,0.5,independent,7862363.248453485,4320740.336606894,3541622.911846591,6951001.911606287,0.5095125791769733,4320740.336606894,11271742.24821318
37,density_positive,0.1,density_positive,14164961.678728703,11093275.187671818,3071686.4910568856,3075518.4269442577,0.9987540520473553,11093275.187671818,14168793.614616076
37,density_positive,0.1,density_negative,338405.4862816685,334573.5503942933,3831.935887375148,3075518.4269442577,0.0012459479526456434,334573.5503942933,3410091.977338551
37,density_positive,0.1,independent,7862363.248453485,6208648.740371877,1653714.5080816075,3075518.4269442577,0.5377026824465131,6208648.740371877,9284167.167316135
37,density_positive,0.3,density_positive,14164961.678728703,6404570.69965677,7760390.979071934,7782763.335627857,0.9971253967786086,6404570.69965677,14187334.035284627
37,density_positive,0.3,density_negative,338405.4862816685,316033.12972574297,22372.356555925508,7782763.335627857,0.002874603221391759,316033.12972574297,8098796.4653536
37,density_positive,0.3,independent,7862363.248453485,3635098.3941515214,4227264.854301963,7782763.335627857,0.5431573172667903,3635098.3941515214,11417861.729779378
37,density_positive,0.5,density_positive,14164961.678728703,3004299.7103844318,11160661.968344271,11228655.701966127,0.9939446238778209,3004299.7103844318,14232955.41235056
37,density_positive,0.5,density_negative,338405.4862816685,270411.7526598063,67993.7336218622,11228655.701966127,0.006055376122179662,270411.7526598063,11499067.454625934
37,density_positive,0.5,independent,7862363.248453485,1743982.7267482367,6118380.521705248,11228655.701966127,0.5448898500498083,1743982.7267482367,12972638.428714365
37,density_negative,0.1,density_positive,14164961.678728703,14164361.940371606,599.7383570969105,6206.486237131731,0.09663090099335721,14164361.940371606,14170568.426608738
37,density_negative,0.1,density_negative,338405.4862816685,332798.7384016342,5606.747880034265,6206.486237131731,0.9033690990065533,332798.7384016342,339005.22463876597
37,density_negative,0.1,independent,7862363.248453485,7859305.659864194,3057.5885892910883,6206.486237131731,0.49264406178786985,7859305.659864194,7865512.146101326
37,density_negative,0.3,density_positive,14164961.678728703,13565016.200879252,599945.4778494518,775197.6145476885,0.7739258565694985,13565016.200879252,14340213.81542694
37,density_negative,0.3,density_negative,338405.4862816685,163153.3495834302,175252.1366982383,775197.6145476885,0.2260741434305035,163153.3495834302,938350.9641311187
37,density_negative,0.3,independent,7862363.248453485,7496160.19525906,366203.05319442507,775197.6145476885,0.4723996131078097,7496160.19525906,8271357.809806748
37,density_negative,0.5,density_positive,14164961.678728703,11466514.122922618,2698447.5558060855,2986566.0316023454,0.9035285097508193,11466514.122922618,14453080.154524963
37,density_negative,0.5,density_negative,338405.4862816685,50287.01048540823,288118.47579626023,2986566.0316023454,0.0964714902491808,50287.01048540823,3036853.042087754
37,density_negative,0.5,independent,7862363.248453485,6458884.997183518,1403478.2512699673,2986566.0316023454,0.46993042725962314,6458884.997183518,9445451.028785862
38,random,0.1,density_positive,14164961.678728703,12746714.140005609,1418247.5387230944,1452404.5188688005,0.9764824608420324,12746714.140005609,14199118.65887441
38,random,0.1,density_negative,338405.4862816685,304248.50613596075,34156.98014570773,1452404.5188688005,0.023517539157968715,304248.50613596075,1756653.0250047613
38,random,0.1,independent,7862363.248453485,7076509.174440272,785854.0740132127,1452404.5188688005,0.5410710747617833,7076509.174440272,8528913.693309072
38,random,0.3,density_positive,14164961.678728703,9914173.829442592,4250787.849286111,4352606.026825972,0.9766075365166672,9914173.829442592,14266779.856268564
38,random,0.3,density_negative,338405.4862816685,236587.3087418083,101818.17753986019,4352606.026825972,0.023392463483332657,236587.3087418083,4589193.33556778
38,random,0.3,independent,7862363.248453485,5503282.017223792,2359081.2312296927,4352606.026825972,0.5419928237681537,5503282.017223792,9855888.044049764
38,random,0.5,density_positive,14164961.678728703,7094445.830649325,7070515.848079379,7240354.037592454,0.97654283359194,7094445.830649325,14334799.86824178
38,random,0.5,density_negative,338405.4862816685,168567.2967685905,169838.189513078,7240354.037592454,0.02345716640806037,168567.2967685905,7408921.334361045
38,random,0.5,independent,7862363.248453485,3937349.353714013,3925013.894739472,7240354.037592454,0.5421024820555057,3937349.353714013,11177703.391306467
38,spatial,0.1,density_positive,14164961.678728703,12963688.599015327,1201273.0797133762,1238417.7588433372,0.9700063416688618,12963688.599015327,14202106.357858665
38,spatial,0.1,density_negative,338405.4862816685,301260.807151705,37144.67912996345,1238417.7588433372,0.029993658331140212,301260.807151705,1539678.5659950422
38,spatial,0.1,independent,7862363.248453485,7218268.438723038,644094.8097304469,1238417.7588433372,0.5200949397980382,7218268.438723038,8456686.197566375
38,spatial,0.3,density_positive,14164961.678728703,10223372.527501564,3941589.151227139,4046499.093574666,0.974073899456913,10223372.527501564,14269871.62107623
38,spatial,0.3,density_negative,338405.4862816685,233495.54393413942,104909.94234752905,4046499.093574666,0.025926100543087457,233495.54393413942,4279994.637508806
38,spatial,0.3,independent,7862363.248453485,5594866.160717163,2267497.0877363216,4046499.093574666,0.5603602114570649,5594866.160717163,9641365.254291829
38,spatial,0.5,density_positive,14164961.678728703,7333196.8375198245,6831764.841208879,7004289.31316574,0.9753687398902023,7333196.8375198245,14337486.150685564
38,spatial,0.5,density_negative,338405.4862816685,165881.0143248064,172524.47195686208,7004289.31316574,0.024631260109797763,165881.0143248064,7170170.327490547
38,spatial,0.5,independent,7862363.248453485,3907078.7240888113,3955284.5243646735,7004289.31316574,0.5646946246109582,3907078.7240888113,10911368.037254551
38,density_positive,0.1,density_positive,14164961.678728703,11128469.603652066,3036492.075076638,3038564.1690847566,0.9993180680437158,11128469.603652066,14167033.772736821
38,density_positive,0.1,density_negative,338405.4862816685,336333.3922735497,2072.0940081187873,3038564.1690847566,0.0006819319562841159,336333.3922735497,3374897.5613583066
38,density_positive,0.1,independent,7862363.248453485,5997169.523727334,1865193.7247261507,3038564.1690847566,0.6138404920663447,5997169.523727334,9035733.69281209
38,density_positive,0.3,density_positive,14164961.678728703,6486281.056597501,7678680.622131202,7700202.841105588,0.9972049802559103,6486281.056597501,14186483.897703089
38,density_positive,0.3,density_negative,338405.4862816685,316883.26730727963,21522.218974388845,7700202.841105588,0.0027950197440901057,316883.26730727963,8017086.108412867
38,density_positive,0.3,independent,7862363.248453485,3449744.2392522222,4412619.009201262,7700202.841105588,0.5730523078750095,3449744.2392522222,11149947.08035781
38,density_positive,0.5,density_positive,14164961.678728703,2940190.5720104286,11224771.106718276,11289395.830434887,0.994275626022219,2940190.5720104286,14229586.402445316
38,density_positive,0.5,density_negative,338405.4862816685,273780.76256505394,64624.723716614535,11289395.830434887,0.005724373977781332,273780.76256505394,11563176.59299994
38,density_positive,0.5,independent,7862363.248453485,1670308.578501133,6192054.669952352,11289395.830434887,0.5484841494581401,1670308.578501133,12959704.40893602
38,density_negative,0.1,density_positive,14164961.678728703,14164942.959134549,18.71959415450692,4522.872047530748,0.004138873255264173,14164942.959134549,14169465.83118208
38,density_negative,0.1,density_negative,338405.4862816685,333901.333828292,4504.152453376504,4522.872047530748,0.995861126744794,333901.333828292,338424.2058758227
38,density_negative,0.1,independent,7862363.248453485,7860282.79693332,2080.451520164497,4522.872047530748,0.45998460675011027,7860282.79693332,7864805.668980851
38,density_negative,0.3,density_positive,14164961.678728703,13573289.463330958,591672.2153977454,762248.4486092172,0.7762196387244845,13573289.463330958,14335537.911940176
38,density_negative,0.3,density_negative,338405.4862816685,167829.25307019858,170576.2332114699,762248.4486092172,0.22378036127551296,167829.25307019858,930077.7016794158
38,density_negative,0.3,independent,7862363.248453485,7508103.753252056,354259.4952014284,762248.4486092172,0.4647559412522295,7508103.753252056,8270352.2018612735
38,density_negative,0.5,density_positive,14164961.678728703,11375296.011465995,2789665.667262709,3068722.5107200644,0.9090641651428183,11375296.011465995,14444018.52218606
38,density_negative,0.5,density_negative,338405.4862816685,59348.642824315415,279056.84345735307,3068722.5107200644,0.09093583485718082,59348.642824315415,3128071.15354438
38,density_negative,0.5,independent,7862363.248453485,6298502.5036072,1563860.7448462844,3068722.5107200644,0.5096129543753796,6298502.5036072,9367225.014327265
39,random,0.1,density_positive,14164961.678728703,12756077.52543503,1408884.153293673,1442730.717913853,0.9765399293160395,12756077.52543503,14198808.243348883
39,random,0.1,density_negative,338405.4862816685,304558.9216614882,33846.56462018029,1442730.717913853,0.02346007068396065,304558.9216614882,1747289.6395753413
39,random,0.1,independent,7862363.248453485,7087037.640423259,775325.6080302261,1442730.717913853,0.5374014695904753,7087037.640423259,8529768.358337112
39,random,0.3,density_positive,14164961.678728703,9911821.04503696,4253140.633691743,4353947.569330803,0.9768470028557202,9911821.04503696,14265768.614367764
39,random,0.3,density_negative,338405.4862816685,237598.55064260526,100806.93563906322,4353947.569330803,0.023152997144280523,237598.55064260526,4591546.119973408
39,random,0.3,independent,7862363.248453485,5502321.0438769,2360042.2045765845,4353947.569330803,0.5420465375377316,5502321.0438769,9856268.613207703
39,random,0.5,density_positive,14164961.678728703,7081060.462173361,7083901.216555342,7252554.716179602,0.9767456425736418,7081060.462173361,14333615.178352963
39,random,0.5,density_negative,338405.4862816685,169751.98665740958,168653.4996242589,7252554.716179602,0.023254357426358004,169751.98665740958,7422306.702837012
39,random,0.5,independent,7862363.248453485,3933732.5405858355,3928630.7078676494,7252554.716179602,0.5416892200900372,3933732.5405858355,11186287.256765436
39,spatial,0.1,density_positive,14164961.678728703,12861035.140007792,1303926.5387209114,1337030.7161638485,0.975240525858734,12861035.140007792,14198065.856171641
39,spatial,0.1,density_negative,338405.4862816685,305301.3088387306,33104.17744293786,1337030.7161638485,0.024759474141266516,305301.3088387306,1642332.0250025792
39,spatial,0.1,independent,7862363.248453485,7123690.028543567,738673.2199099176,1337030.7161638485,0.552472887107102,7123690.028543567,8460720.744707417
39,spatial,0.3,density_positive,14164961.678728703,9956204.098567037,4208757.5801616665,4309558.960249969,0.976609815292455,9956204.098567037,14265763.058817007
39,spatial,0.3,density_negative,338405.4862816685,237604.1061933674,100801.38008830108,4309558.960249969,0.023390184707544705,237604.1061933674,4547163.066443336
39,spatial,0.3,independent,7862363.248453485,5356320.577358111,2506042.671095374,4309558.960249969,0.5815079209288774,5356320.577358111,9665879.53760808
39,spatial,0.5,density_positive,14164961.678728703,7012453.779580311,7152507.8991483925,7316525.350816817,0.9775826032434762,7012453.779580311,14328979.130397128
39,spatial,0.5,density_negative,338405.4862816685,174388.03461324197,164017.4516684265,7316525.350816817,0.022417396756523995,174388.03461324197,7490913.385430059
39,spatial,0.5,independent,7862363.248453485,3671832.6441936567,4190530.604259828,7316525.350816817,0.5727487302141305,3671832.6441936567,10988357.995010473
39,density_positive,0.1,density_positive,14164961.678728703,11009614.649293253,3155347.02943545,3155772.897075724,0.999865051239692,11009614.649293253,14165387.546368977
39,density_positive,0.1,density_negative,338405.4862816685,337979.61864139454,425.86764027393656,3155772.897075724,0.00013494876030799427,337979.61864139454,3493752.5157171185
39,density_positive,0.1,independent,7862363.248453485,5861097.952800789,2001265.295652696,3155772.897075724,0.6341601125693028,5861097.952800789,9016870.849876512
39,density_positive,0.3,density_positive,14164961.678728703,6458114.2912483,7706847.387480403,7721001.662762168,0.9981667825108717,6458114.2912483,14179115.954010468
39,density_positive,0.3,density_negative,338405.4862816685,324251.2109999025,14154.275281765964,7721001.662762168,0.0018332174891285166,324251.2109999025,8045252.87376207
39,density_positive,0.3,independent,7862363.248453485,3322824.40550762,4539538.842945864,7721001.662762168,0.5879468806281615,3322824.40550762,11043826.068269787
39,density_positive,0.5,density_positive,14164961.678728703,2905607.896396086,11259353.782332618,11322645.357117614,0.9944101777642262,2905607.896396086,14228253.2535137
39,density_positive,0.5,density_negative,338405.4862816685,275113.9114966711,63291.574784997385,11322645.357117614,0.005589822235773832,275113.9114966711,11597759.268614285
39,density_positive,0.5,independent,7862363.248453485,1526384.9104238434,6335978.338029642,11322645.357117614,0.5595846322296701,1526384.9104238434,12849030.267541457
39,density_negative,0.1,density_positive,14164961.678728703,14164961.678728703,0.0,4233.668667422812,0.0,14164961.678728703,14169195.347396126
39,density_negative,0.1,density_negative,338405.4862816685,334171.8176142456,4233.668667422899,4233.668667422812,1.0000000000000204,334171.8176142456,338405.4862816684
39,density_negative,0.1,independent,7862363.248453485,7860392.207158923,1971.041294561699,4233.668667422812,0.465563427230016,7860392.207158923,7864625.875826346
39,density_negative,0.3,density_positive,14164961.678728703,13566536.347051721,598425.3316769823,766721.823685582,0.780498628303536,13566536.347051721,14333258.170737304
39,density_negative,0.3,density_negative,338405.4862816685,170108.99427306777,168296.4920086007,766721.823685582,0.21950137169646533,170108.99427306777,936830.8179586498
39,density_negative,0.3,independent,7862363.248453485,7490131.745968027,372231.5024854578,766721.823685582,0.4854844234068689,7490131.745968027,8256853.569653609
39,density_negative,0.5,density_positive,14164961.678728703,11291772.875171775,2873188.8035569284,3145733.7895225706,0.9133604417279676,11291772.875171775,14437506.664694346
39,density_negative,0.5,density_negative,338405.4862816685,65860.5003160272,272544.9859656413,3145733.7895225706,0.08663955827203215,65860.5003160272,3211594.2898385976
39,density_negative,0.5,independent,7862363.248453485,6218289.890163131,1644073.3582903538,3145733.7895225706,0.5226358834832859,6218289.890163131,9364023.6796857
40,random,0.1,density_positive,14164961.678728703,12738513.784388488,1426447.8943402153,1460610.675539562,0.9766106178932817,12738513.784388488,14199124.45992805
40,random,0.1,density_negative,338405.4862816685,304242.70508232043,34162.78119934804,1460610.675539562,0.02338938210671918,304242.70508232043,1764853.3806218824
40,random,0.1,independent,7862363.248453485,7081891.479522584,780471.7689309008,1460610.675539562,0.5343462032704833,7081891.479522584,8542502.155062146
40,random,0.3,density_positive,14164961.678728703,9918079.431159776,4246882.247568928,4348866.632026849,0.976549203945031,9918079.431159776,14266946.063186625
40,random,0.3,density_negative,338405.4862816685,236421.10182374663,101984.38445792184,4348866.632026849,0.023450796054969063,236421.10182374663,4585287.733850596
40,random,0.3,independent,7862363.248453485,5516620.422169583,2345742.826283902,4348866.632026849,0.5393917599148439,5516620.422169583,9865487.054196432
40,random,0.5,density_positive,14164961.678728703,7089402.739707567,7075558.939021137,7244857.27356382,0.976631929636427,7089402.739707567,14334260.013271388
40,random,0.5,density_negative,338405.4862816685,169107.15173898306,169298.33454268542,7244857.27356382,0.023368070363573336,169107.15173898306,7413964.425302803
40,random,0.5,independent,7862363.248453485,3943725.2908116635,3918637.9576418214,7244857.27356382,0.5408854598061947,3943725.2908116635,11188582.564375482
40,spatial,0.1,density_positive,14164961.678728703,12992897.523131944,1172064.1555967592,1207357.4013688269,0.9707681870073812,12992897.523131944,14200254.92450077
40,spatial,0.1,density_negative,338405.4862816685,303112.2405095995,35293.24577206897,1207357.4013688269,0.029231812992619816,303112.2405095995,1510469.6418784263
40,spatial,0.1,independent,7862363.248453485,7196474.682862043,665888.5655914415,1207357.4013688269,0.5515256417333412,7196474.682862043,8403832.08423087
40,spatial,0.3,density_positive,14164961.678728703,10335582.294374967,3829379.3843537364,3930464.4405060033,0.9742816510154577,10335582.294374967,14266046.73488097
40,spatial,0.3,density_negative,338405.4862816685,237320.43012939979,101085.05615226869,3930464.4405060033,0.025718348984542682,237320.43012939979,4167784.8706354033
40,spatial,0.3,independent,7862363.248453485,5703013.501474347,2159349.746979138,3930464.4405060033,0.5493879361241965,5703013.501474347,9633477.94198035
40,spatial,0.5,density_positive,14164961.678728703,7619046.683898875,6545914.994829829,6715522.016625045,0.9747440301177877,7619046.683898875,14334568.70052392
40,spatial,0.5,density_negative,338405.4862816685,168798.46448645025,169607.02179521823,6715522.016625045,0.02525596988221267,168798.46448645025,6884320.481111495
40,spatial,0.5,independent,7862363.248453485,4194972.15256175,3667391.0958917346,6715522.016625045,0.5461066298066908,4194972.15256175,10910494.169186795
40,density_positive,0.1,density_positive,14164961.678728703,11406538.337030232,2758423.3416984715,2761464.1554113645,0.9988988400566655,11406538.337030232,14168002.492441596
40,density_positive,0.1,density_negative,338405.4862816685,335364.6725687774,3040.813712891075,2761464.1554113645,0.0011011599433337915,335364.6725687774,3096828.827980142
40,density_positive,0.1,independent,7862363.248453485,6253171.555421637,1609191.6930318475,2761464.1554113645,0.5827313347082473,6253171.555421637,9014635.710833002
40,density_positive,0.3,density_positive,14164961.678728703,6839364.737850251,7325596.940878453,7345685.974771113,0.9972651929361456,6839364.737850251,14185050.712621365
40,density_positive,0.3,density_negative,338405.4862816685,318316.4523890098,20089.033892658656,7345685.974771113,0.002734807063854185,318316.4523890098,7664002.427160123
40,density_positive,0.3,independent,7862363.248453485,3703113.740564871,4159249.5078886137,7345685.974771113,0.5662166232226138,3703113.740564871,11048799.715335984
40,density_positive,0.5,density_positive,14164961.678728703,3141083.8459888143,11023877.83273989,11085998.441555142,0.9943964804665317,3141083.8459888143,14227082.287543956
40,density_positive,0.5,density_negative,338405.4862816685,276284.8774664126,62120.608815255866,11085998.441555142,0.005603519533468525,276284.8774664126,11362283.319021555
40,density_positive,0.5,independent,7862363.248453485,1746104.7007486525,6116258.547704833,11085998.441555142,0.5517102117548958,1746104.7007486525,12832103.142303795
40,density_negative,0.1,density_positive,14164961.678728703,14164158.528195262,803.1505334414542,5585.610143393465,0.14378922137833103,14164158.528195262,14169744.138338655
40,density_negative,0.1,density_negative,338405.4862816685,333623.02667171985,4782.4596099486225,5585.610143393465,0.8562107786210624,333623.02667171985,339208.6368151133
40,density_negative,0.1,independent,7862363.248453485,7859488.916328997,2874.332124487497,5585.610143393465,0.5145959081815248,7859488.916328997,7865074.526472391
40,density_negative,0.3,density_positive,14164961.678728703,13519099.21972126,645862.4590074439,811075.6878269585,0.796303561678497,13519099.21972126,14330174.907548219
40,density_negative,0.3,density_negative,338405.4862816685,173192.25746215144,165213.22881951704,811075.6878269585,0.2036964383215059,173192.25746215144,984267.94528911
40,density_negative,0.3,independent,7862363.248453485,7433145.33253813,429217.9159153551,811075.6878269585,0.529195884375871,7433145.33253813,8244221.020365088
40,density_negative,0.5,density_positive,14164961.678728703,11428652.490002178,2736309.1887265258,3011801.245630922,0.9085291377364162,11428652.490002178,14440453.7356331
40,density_negative,0.5,density_negative,338405.4862816685,62913.42937726934,275492.0569043991,3011801.245630922,0.09147086226358478,62913.42937726934,3074714.6750081913
40,density_negative,0.5,independent,7862363.248453485,6323047.292018417,1539315.9564350676,3011801.245630922,0.5110948003850123,6323047.292018417,9334848.537649339
41,random,0.1,density_positive,14164961.678728703,12743969.665647158,1420992.013081545,1454833.159808926,0.9767388126265794,12743969.665647158,14198802.825456085
41,random,0.1,density_negative,338405.4862816685,304564.33955428615,33841.14672738232,1454833.159808926,0.02326118737342152,304564.33955428615,1759397.4993632121
41,random,0.1,independent,7862363.248453485,7073560.865524337,788802.3829291482,1454833.159808926,0.5421943936394379,7073560.865524337,8528394.025333263
41,random,0.3,density_positive,14164961.678728703,9926803.173777351,4238158.504951352,4340748.611329907,0.9763658033292273,9926803.173777351,14267551.785107259
41,random,0.3,density_negative,338405.4862816685,235815.37990311265,102590.10637855582,4340748.611329907,0.023634196670773006,235815.37990311265,4576563.991233019
41,random,0.3,independent,7862363.248453485,5503123.226932839,2359240.0215206463,4340748.611329907,0.5435099409725616,5503123.226932839,9843871.838262744
41,random,0.5,density_positive,14164961.678728703,7081651.155673162,7083310.523055541,7252976.239360778,0.9766074352505821,7081651.155673162,14334627.39503394
41,random,0.5,density_negative,338405.4862816685,168739.7699764323,169665.7163052362,7252976.239360778,0.023392564749417852,168739.7699764323,7421716.00933721
41,random,0.5,independent,7862363.248453485,3926773.3051045653,3935589.9433489195,7252976.239360778,0.5426172392501554,3926773.3051045653,11179749.544465343
41,spatial,0.1,density_positive,14164961.678728703,12992726.445434997,1172235.2332937066,1208842.3996607964,0.9697171720835057,12992726.445434997,14201568.845095793
41,spatial,0.1,density_negative,338405.4862816685,301798.3199145791,36607.166367089376,1208842.3996607964,0.030282827916493844,301798.3199145791,1510640.7195753756
41,spatial,0.1,independent,7862363.248453485,7249465.581939562,612897.6665139226,1208842.3996607964,0.5070120527588236,7249465.581939562,8458307.98160036
41,spatial,0.3,density_positive,14164961.678728703,10218503.177043695,3946458.5016850084,4052529.673329067,0.9738259358488736,10218503.177043695,14271032.850372761
41,spatial,0.3,density_negative,338405.4862816685,232334.31463760938,106071.1716440591,4052529.673329067,0.026174064151126594,232334.31463760938,4284863.987966676
41,spatial,0.3,independent,7862363.248453485,5741115.44771689,2121247.800736595,4052529.673329067,0.5234379441308409,5741115.44771689,9793645.121045956
41,spatial,0.5,density_positive,14164961.678728703,7263143.845411147,6901817.833317556,7074309.559133427,0.9756171645622757,7263143.845411147,14337453.404544573
41,spatial,0.5,density_negative,338405.4862816685,165913.76046579677,172491.7258158717,7074309.559133427,0.024382835437724498,165913.76046579677,7240223.319599224
41,spatial,0.5,independent,7862363.248453485,4092352.3379197484,3770010.9105337365,7074309.559133427,0.5329157395531822,4092352.3379197484,11166661.897053175
41,density_positive,0.1,density_positive,14164961.678728703,11218022.211384583,2946939.46734412,2949219.657566673,0.9992268496459046,11218022.211384583,14167241.868951257
41,density_positive,0.1,density_negative,338405.4862816685,336125.2960591166,2280.1902225518716,2949219.657566673,0.0007731503540950894,336125.2960591166,3285344.95362579
41,density_positive,0.1,independent,7862363.248453485,6168802.08589448,1693561.1625590045,2949219.657566673,0.5742404294010163,6168802.08589448,9118021.743461154
41,density_positive,0.3,density_positive,14164961.678728703,6438944.436165837,7726017.242562867,7744382.89704457,0.9976285193118858,6438944.436165837,14183327.333210407
41,density_positive,0.3,density_negative,338405.4862816685,320039.8317999668,18365.65448170167,7744382.89704457,0.0023714806881140154,320039.8317999668,8064422.728844537
41,density_positive,0.3,independent,7862363.248453485,3519833.706193396,4342529.542260089,7744382.89704457,0.5607328046650812,3519833.706193396,11264216.603237966
41,density_positive,0.5,density_positive,14164961.678728703,2839231.513430544,11325730.16529816,11390220.16083407,0.9943381256353883,2839231.513430544,14229451.674264614
41,density_positive,0.5,density_negative,338405.4862816685,273915.490745755,64489.99553591345,11390220.16083407,0.005661874364612022,273915.490745755,11664135.651579825
41,density_positive,0.5,independent,7862363.248453485,1559563.2364213215,6302800.012032163,11390220.16083407,0.5533519039170731,1559563.2364213215,12949783.39725539
41,density_negative,0.1,density_positive,14164961.678728703,14164383.723833619,577.9548950847238,5769.7504705579395,0.10016982502691059,14164383.723833619,14170153.474304177
41,density_negative,0.1,density_negative,338405.4862816685,333213.6907061952,5191.795575473283,5769.7504705579395,0.899830174973101,333213.6907061952,338983.44117675314
41,density_negative,0.1,independent,7862363.248453485,7860541.794123811,1821.4543296741322,5769.7504705579395,0.31569031259994784,7860541.794123811,7866311.544594369
41,density_negative,0.3,density_positive,14164961.678728703,13562364.519026224,602597.1597024798,772946.2402282808,0.7796107003826162,13562364.519026224,14335310.759254504
41,density_negative,0.3,density_negative,338405.4862816685,168056.4057558673,170349.08052580117,772946.2402282808,0.22038929961738415,168056.4057558673,941002.6459841481
41,density_negative,0.3,independent,7862363.248453485,7513232.486066737,349130.76238674764,772946.2402282808,0.4516882859584593,7513232.486066737,8286178.726295018
41,density_negative,0.5,density_positive,14164961.678728703,11359862.051684886,2805099.627043817,3078962.3966288446,0.9110535517144088,11359862.051684886,14438824.448313732
41,density_negative,0.5,density_negative,338405.4862816685,64542.71669663646,273862.769585032,3078962.3966288446,0.08894644828559267,64542.71669663646,3143505.113325481
41,density_negative,0.5,independent,7862363.248453485,6341558.606390939,1520804.6420625458,3078962.3966288446,0.49393413954248827,6341558.606390939,9420521.003019784
42,random,0.1,density_positive,14164961.678728703,12765063.858801465,1399897.819927238,1434248.12921628,0.9760499535684859,12765063.858801465,14199311.988017745
42,random,0.1,density_negative,338405.4862816685,304055.17699262465,34350.30928904383,1434248.12921628,0.023950046431515274,304055.17699262465,1738303.3062089048
42,random,0.1,independent,7862363.248453485,7089943.904126372,772419.3443271127,1434248.12921628,0.5385534961437863,7089943.904126372,8524192.033342652
42,random,0.3,density_positive,14164961.678728703,9907144.87631213,4257816.802416574,4358725.195687533,0.9768491040979604,9907144.87631213,14265870.071999662
42,random,0.3,density_negative,338405.4862816685,237497.093010707,100908.39327096147,4358725.195687533,0.023150895902040107,237497.093010707,4596222.28869824
42,random,0.3,independent,7862363.248453485,5506576.444058937,2355786.804394548,4358725.195687533,0.5404761022156966,5506576.444058937,9865301.63974647
42,random,0.5,density_positive,14164961.678728703,7089054.870109128,7075906.808619576,7245195.652248967,0.9766343309753349,7089054.870109128,14334250.522358095
42,random,0.5,density_negative,338405.4862816685,169116.6426522766,169288.84362939186,7245195.652248967,0.023365669024665088,169116.6426522766,7414312.294901244
42,random,0.5,independent,7862363.248453485,3934799.6591706737,3927563.589282811,7245195.652248967,0.5420921363336356,3934799.6591706737,11179995.311419642
42,spatial,0.1,density_positive,14164961.678728703,12607375.383052923,1557586.2956757806,1589443.7793948196,0.9799568351318668,12607375.383052923,14196819.162447743
42,spatial,0.1,density_negative,338405.4862816685,306548.00256262906,31857.483719039417,1589443.7793948196,0.020043164868133397,306548.00256262906,1895991.7819574487
42,spatial,0.1,independent,7862363.248453485,6912912.765068458,949450.4833850265,1589443.7793948196,0.597347635502106,6912912.765068458,8502356.544463279
42,spatial,0.3,density_positive,14164961.678728703,9455130.539877,4709831.138851704,4805367.296556931,0.9801188646342021,9455130.539877,14260497.83643393
42,spatial,0.3,density_negative,338405.4862816685,242869.32857644567,95536.15770522281,4805367.296556931,0.019881135365797102,242869.32857644567,5048236.625133377
42,spatial,0.3,independent,7862363.248453485,5049858.312548611,2812504.9359048735,4805367.296556931,0.5852840714007537,5049858.312548611,9855225.609105542
42,spatial,0.5,density_positive,14164961.678728703,6659463.173984871,7505498.504743832,7670678.318821146,0.9784660746792079,6659463.173984871,14330141.492806017
42,spatial,0.5,density_negative,338405.4862816685,173225.67220435548,165179.814077313,7670678.318821146,0.021533925320792013,173225.67220435548,7843903.991025502
42,spatial,0.5,independent,7862363.248453485,3585885.2584024165,4276477.990051068,7670678.318821146,0.5575097549793081,3585885.2584024165,11256563.577223562
42,density_positive,0.1,density_positive,14164961.678728703,10847643.924118672,3317317.754610032,3318780.98977631,0.9995591046318556,10847643.924118672,14166424.913894981
42,density_positive,0.1,density_negative,338405.4862816685,336942.2511153912,1463.2351662772708,3318780.98977631,0.00044089536814416144,336942.2511153912,3655723.240891701
42,density_positive,0.1,independent,7862363.248453485,5756425.754718745,2105937.4937347397,3318780.98977631,0.6345515116008551,5756425.754718745,9075206.744495055
42,density_positive,0.3,density_positive,14164961.678728703,6198874.505012259,7966087.1737164445,7985296.4058660595,0.9975944246558582,6198874.505012259,14184170.91087832
42,density_positive,0.3,density_negative,338405.4862816685,319196.2541320514,19209.232149617048,7985296.4058660595,0.0024055753441419906,319196.2541320514,8304492.6599981105
42,density_positive,0.3,independent,7862363.248453485,3251389.3896108908,4610973.858842595,7985296.4058660595,0.5774330249601427,3251389.3896108908,11236685.79547695
42,density_positive,0.5,density_positive,14164961.678728703,2798731.8651108523,11366229.813617852,11428690.945701413,0.9945347080973387,2798731.8651108523,14227422.810812265
42,density_positive,0.5,density_negative,338405.4862816685,275944.35419810406,62461.132083564415,11428690.945701413,0.005465291902661647,275944.35419810406,11704635.299899517
42,density_positive,0.5,independent,7862363.248453485,1494933.100712814,6367430.147740671,11428690.945701413,0.5571443114520133,1494933.100712814,12923624.046414226
42,density_negative,0.1,density_positive,14164961.678728703,14164961.678728703,0.0,4955.639659004583,0.0,14164961.678728703,14169917.318387708
42,density_negative,0.1,density_negative,338405.4862816685,333449.84662266384,4955.639659004635,4955.639659004583,1.0000000000000104,333449.84662266384,338405.4862816684
42,density_negative,0.1,independent,7862363.248453485,7859912.456444022,2450.7920094626024,4955.639659004583,0.49454604815937764,7859912.456444022,7864868.0961030265
42,density_negative,0.3,density_positive,14164961.678728703,13520239.453471992,644722.2252567112,809916.0498793834,0.7960358673627055,13520239.453471992,14330155.503351375
42,density_negative,0.3,density_negative,338405.4862816685,173211.6616589965,165193.82462267196,809916.0498793834,0.20396413263729424,173211.6616589965,983127.7115383799
42,density_negative,0.3,independent,7862363.248453485,7471369.018025334,390994.23042815086,809916.0498793834,0.482758960618671,7471369.018025334,8281285.067904717
42,density_negative,0.5,density_positive,14164961.678728703,11074484.166156825,3090477.5125718787,3365603.4369951934,0.918253611997453,11074484.166156825,14440087.603152018
42,density_negative,0.5,density_negative,338405.4862816685,63279.56185835442,275125.92442331405,3365603.4369951934,0.08174638800254677,63279.56185835442,3428882.998853548
42,density_negative,0.5,independent,7862363.248453485,6067261.7419671435,1795101.5064863414,3365603.4369951934,0.533366910300343,6067261.7419671435,9432865.178962337
43,random,0.1,density_positive,14164961.678728703,12755378.348996138,1409583.3297325652,1444193.4171859769,0.9760350053936337,12755378.348996138,14199571.766182115
43,random,0.1,density_negative,338405.4862816685,303795.39882825303,34610.08745341544,1444193.4171859769,0.023964994606368924,303795.39882825303,1747988.8160142298
43,random,0.1,independent,7862363.248453485,7071329.811370067,791033.4370834175,1444193.4171859769,0.547733722969568,7071329.811370067,8515523.228556044
43,random,0.3,density_positive,14164961.678728703,9910996.883494573,4253964.795234131,4355717.877770651,0.9766391934941847,9910996.883494573,14266714.761265224
43,random,0.3,density_negative,338405.4862816685,236652.40374514757,101753.0825365209,4355717.877770651,0.02336080650581536,236652.40374514757,4592370.2815157985
43,random,0.3,independent,7862363.248453485,5505433.907726717,2356929.3407267677,4355717.877770651,0.541111570323534,5505433.907726717,9861151.785497367
43,random,0.5,density_positive,14164961.678728703,7071232.239962717,7093729.438765987,7263179.1761187725,0.9766700320556687,7071232.239962717,14334411.416081488
43,random,0.5,density_negative,338405.4862816685,168955.74892888192,169449.73735278656,7263179.1761187725,0.023329967944331433,168955.74892888192,7432134.925047655
43,random,0.5,independent,7862363.248453485,3930477.4281437425,3931885.8203097424,7263179.1761187725,0.5413450122830131,3930477.4281437425,11193656.604262516
43,spatial,0.1,density_positive,14164961.678728703,12877205.69096732,1287755.9877613839,1323617.6693223515,0.9729063139665342,12877205.69096732,14200823.36028967
43,spatial,0.1,density_negative,338405.4862816685,302543.80472070136,35861.68156096712,1323617.6693223515,0.027093686033465476,302543.80472070136,1626161.4740430529
43,spatial,0.1,independent,7862363.248453485,7257931.241552973,604432.0069005117,1323617.6693223515,0.45665150965381185,7257931.241552973,8581548.910875324
43,spatial,0.3,density_positive,14164961.678728703,9995721.925746348,4169239.7529823557,4272583.44782145,0.975812363620004,9995721.925746348,14268305.373567797
43,spatial,0.3,density_negative,338405.4862816685,235061.7914425715,103343.69483909698,4272583.44782145,0.024187636379996498,235061.7914425715,4507645.239264022
43,spatial,0.3,independent,7862363.248453485,5579200.946757643,2283162.3016958423,4272583.44782145,0.5343751221196171,5579200.946757643,9851784.394579094
43,spatial,0.5,density_positive,14164961.678728703,7044907.455542912,7120054.223185792,7292249.882592175,0.9763864839824752,7044907.455542912,14337157.338135086
43,spatial,0.5,density_negative,338405.4862816685,166209.8268752866,172195.65940638186,7292249.882592175,0.023613516017524552,166209.8268752866,7458459.709467461
43,spatial,0.5,independent,7862363.248453485,3702592.2078653434,4159771.0405881414,7292249.882592175,0.57043725977057,3702592.2078653434,10994842.090457518
43,density_positive,0.1,density_positive,14164961.678728703,11161665.438008133,3003296.24072057,3005299.7656424236,0.9993333360802278,11161665.438008133,14166965.203650557
43,density_positive,0.1,density_negative,338405.4862816685,336401.96135981416,2003.5249218543177,3005299.7656424236,0.0006666639197724215,336401.96135981416,3341701.727002238
43,density_positive,0.1,independent,7862363.248453485,6098580.13452356,1763783.1139299246,3005299.7656424236,0.5868909098832914,6098580.13452356,9103879.900165984
43,density_positive,0.3,density_positive,14164961.678728703,6329579.955623499,7835381.723105204,7853770.363447153,0.9976586226116907,6329579.955623499,14183350.319070652
43,density_positive,0.3,density_negative,338405.4862816685,320016.84593972046,18388.64034194802,7853770.363447153,0.0023413773883091907,320016.84593972046,8173787.209386873
43,density_positive,0.3,independent,7862363.248453485,3207459.8623920265,4654903.386061458,7853770.363447153,0.5926966502262668,3207459.8623920265,11061230.225839179
43,density_positive,0.5,density_positive,14164961.678728703,2815918.249924913,11349043.42880379,11411182.61185129,0.9945545360931335,2815918.249924913,14227100.861776203
43,density_positive,0.5,density_negative,338405.4862816685,276266.3032341685,62139.18304749997,11411182.61185129,0.005445463906866603,276266.3032341685,11687448.91508546
43,density_positive,0.5,independent,7862363.248453485,1348364.5689817779,6513998.679471707,11411182.61185129,0.5708434349921344,1348364.5689817779,12759547.180833068
43,density_negative,0.1,density_positive,14164961.678728703,14164691.79629746,269.882431242615,5555.398970063013,0.04858020687568256,14164691.79629746,14170247.195267525
43,density_negative,0.1,density_negative,338405.4862816685,333119.9697428466,5285.516538821859,5555.398970063013,0.9514197931245806,333119.9697428466,338675.36871290964
43,density_negative,0.1,independent,7862363.248453485,7859954.437207398,2408.8112460868433,5555.398970063013,0.4335982454307006,7859954.437207398,7865509.836177461
43,density_negative,0.3,density_positive,14164961.678728703,13509174.20668826,655787.4720404427,822826.1793555588,0.7969939320040333,13509174.20668826,14332000.386043819
43,density_negative,0.3,density_negative,338405.4862816685,171366.77896655176,167038.7073151167,822826.1793555588,0.2030060679959675,171366.77896655176,994192.9583221106
43,density_negative,0.3,independent,7862363.248453485,7530431.208121563,331932.04033192154,822826.1793555588,0.403404812170527,7530431.208121563,8353257.387477122
43,density_negative,0.5,density_positive,14164961.678728703,11352782.964196414,2812178.7145322897,3086697.4790526377,0.9110639230493677,11352782.964196414,14439480.44324905
43,density_negative,0.5,density_negative,338405.4862816685,63886.72176131978,274518.7645203487,3086697.4790526377,0.08893607695063248,63886.72176131978,3150584.2008139575
43,density_negative,0.5,independent,7862363.248453485,6360236.782765958,1502126.4656875264,3086697.4790526377,0.486645184985396,6360236.782765958,9446934.261818595
44,random,0.1,density_positive,14164961.678728703,12736870.704361927,1428090.9743667766,1461900.8013577,0.9768726941256729,12736870.704361927,14198771.505719626
44,random,0.1,density_negative,338405.4862816685,304595.6592907478,33809.8269909207,1461900.8013577,0.023127305874325235,304595.6592907478,1766496.4606484477
44,random,0.1,independent,7862363.248453485,7067324.92548478,795038.3229687046,1461900.8013577,0.5438387626782438,7067324.92548478,8529225.72684248
44,random,0.3,density_positive,14164961.678728703,9898694.22899591,4266267.4497327935,4368177.788867264,0.9766698280014611,9898694.22899591,14266872.017863173
44,random,0.3,density_negative,338405.4862816685,236495.14714720033,101910.33913446814,4368177.788867264,0.023330171998538336,236495.14714720033,4604672.936014464
44,random,0.3,independent,7862363.248453485,5504616.386322939,2357746.862130546,4368177.788867264,0.5397552425955506,5504616.386322939,9872794.175190203
44,random,0.5,density_positive,14164961.678728703,7081278.124758394,7083683.553970309,7254338.262805861,0.9764754960889367,7081278.124758394,14335616.387564257
44,random,0.5,density_negative,338405.4862816685,167750.77744611664,170654.70883555184,7254338.262805861,0.02352450391106319,167750.77744611664,7422089.040251978
44,random,0.5,independent,7862363.248453485,3938009.8962575835,3924353.3521959013,7254338.262805861,0.540966413479322,3938009.8962575835,11192348.159063445
44,spatial,0.1,density_positive,14164961.678728703,13034712.357415698,1130249.321313005,1168438.2926854624,0.9673162274708693,13034712.357415698,14203150.65010116
44,spatial,0.1,density_negative,338405.4862816685,300216.5149092105,38188.97137245798,1168438.2926854624,0.032683772529131114,300216.5149092105,1468654.8075946728
44,spatial,0.1,independent,7862363.248453485,7258664.763183357,603698.4852701277,1168438.2926854624,0.5166712603047495,7258664.763183357,8427103.05586882
44,spatial,0.3,density_positive,14164961.678728703,9932251.929676533,4232709.749052171,4333247.323163382,0.9767985608451686,9932251.929676533,14265499.252839915
44,spatial,0.3,density_negative,338405.4862816685,237867.91217045308,100537.57411121539,4333247.323163382,0.02320143915483236,237867.91217045308,4571115.235333835
44,spatial,0.3,independent,7862363.248453485,5587832.300953428,2274530.9475000566,4333247.323163382,0.5249021756366287,5587832.300953428,9921079.62411681
44,spatial,0.5,density_positive,14164961.678728703,6964246.628784009,7200715.049944694,7369926.325296633,0.977040302998534,6964246.628784009,14334172.954080641
44,spatial,0.5,density_negative,338405.4862816685,169194.21092972986,169211.27535193862,7369926.325296633,0.022959697001466023,169194.21092972986,7539120.536226363
44,spatial,0.5,independent,7862363.248453485,3921174.8117486266,3941188.436704858,7369926.325296633,0.5347663277415774,3921174.8117486266,11291101.13704526
44,density_positive,0.1,density_positive,14164961.678728703,10934802.87740385,3230158.8013248537,3233112.745721049,0.9990863466174803,10934802.87740385,14167915.6231249
44,density_positive,0.1,density_negative,338405.4862816685,335451.54188547074,2953.9443961977377,3233112.745721049,0.0009136533825203639,335451.54188547074,3568564.2876065196
44,density_positive,0.1,independent,7862363.248453485,6048266.5570710385,1814096.6913824463,3233112.745721049,0.5610991122358359,6048266.5570710385,9281379.302792087
44,density_positive,0.3,density_positive,14164961.678728703,6176457.132229579,7988504.546499125,8007271.073428966,0.9976563142726471,6176457.132229579,14183728.205658544
44,density_positive,0.3,density_negative,338405.4862816685,319638.9593518284,18766.526929840096,8007271.073428966,0.0023436857273527617,319638.9593518284,8326910.032780794
44,density_positive,0.3,independent,7862363.248453485,3345232.7255607657,4517130.522892719,8007271.073428966,0.5641285878134186,3345232.7255607657,11352503.798989732
44,density_positive,0.5,density_positive,14164961.678728703,2719744.218373904,11445217.4603548,11508404.286419002,0.9945095058800837,2719744.218373904,14228148.504792906
44,density_positive,0.5,density_negative,338405.4862816685,275218.660217465,63186.82606420346,11508404.286419002,0.005490494119916333,275218.660217465,11783622.946636468
44,density_positive,0.5,independent,7862363.248453485,1508610.9845338364,6353752.263919649,11508404.286419002,0.5520967204304487,1508610.9845338364,13017015.27095284
44,density_negative,0.1,density_positive,14164961.678728703,14164961.678728703,0.0,5247.7100825230045,0.0,14164961.678728703,14170209.388811227
44,density_negative,0.1,density_negative,338405.4862816685,333157.7761991454,5247.710082523059,5247.7100825230045,1.0000000000000104,333157.7761991454,338405.4862816684
44,density_negative,0.1,independent,7862363.248453485,7859157.523865412,3205.7245880728588,5247.7100825230045,0.6108806579748407,7859157.523865412,7864405.233947935
44,density_negative,0.3,density_positive,14164961.678728703,13615096.677997315,549865.0007313881,725592.7487564168,0.7578149060527327,13615096.677997315,14340689.426753731
44,density_negative,0.3,density_negative,338405.4862816685,162677.73825664498,175727.7480250235,725592.7487564168,0.2421850939472601,162677.73825664498,888270.4870130618
44,density_negative,0.3,independent,7862363.248453485,7511700.42501851,350662.823434975,725592.7487564168,0.48327773952533437,7511700.42501851,8237293.173774927
44,density_negative,0.5,density_positive,14164961.678728703,11347317.41918274,2817644.2595459633,3094690.881119148,0.9104768029455029,11347317.41918274,14442008.300301887
44,density_negative,0.5,density_negative,338405.4862816685,61358.864708484194,277046.62157318427,3094690.881119148,0.08952319705449695,61358.864708484194,3156049.745827632
44,density_negative,0.5,independent,7862363.248453485,6381679.206410651,1480684.0420428338,3094690.881119148,0.47845943227369025,6381679.206410651,9476370.087529799
45,random,0.1,density_positive,14164961.678728703,12747919.842292547,1417041.8364361562,1450604.5840452458,0.9768629246189927,12747919.842292547,14198524.426337793
45,random,0.1,density_negative,338405.4862816685,304842.7386725828,33562.747609085694,1450604.5840452458,0.023137075381004613,304842.7386725828,1755447.3227178287
45,random,0.1,independent,7862363.248453485,7074620.227293945,787743.0211595399,1450604.5840452458,0.5430446241682148,7074620.227293945,8525224.81133919
45,random,0.3,density_positive,14164961.678728703,9915794.691260898,4249166.987467805,4350527.85084931,0.9767014792557374,9915794.691260898,14266322.542110208
45,random,0.3,density_negative,338405.4862816685,237044.6229001619,101360.86338150658,4350527.85084931,0.023298520744263,237044.6229001619,4587572.473749472
45,random,0.3,independent,7862363.248453485,5499548.2815291025,2362814.9669243824,4350527.85084931,0.5431099507759992,5499548.2815291025,9850076.132378412
45,random,0.5,density_positive,14164961.678728703,7083213.457934119,7081748.220794585,7251825.748163101,0.9765469368301358,7083213.457934119,14335039.20609722
45,random,0.5,density_negative,338405.4862816685,168327.95891315024,170077.52736851823,7251825.748163101,0.02345306316986438,168327.95891315024,7420153.7070762515
45,random,0.5,independent,7862363.248453485,3918985.2361194887,3943378.012333996,7251825.748163101,0.5437772706180729,3918985.2361194887,11170810.98428259
45,spatial,0.1,density_positive,14164961.678728703,12747993.884648943,1416967.79407976,1450894.224090945,0.9766168825763701,12747993.884648943,14198888.108739888
45,spatial,0.1,density_negative,338405.4862816685,304479.05627048516,33926.430011183314,1450894.224090945,0.023383117423628766,304479.05627048516,1755373.2803614303
45,spatial,0.1,independent,7862363.248453485,7064918.767886803,797444.4805666823,1450894.224090945,0.5496227549367492,7064918.767886803,8515812.991977748
45,spatial,0.3,density_positive,14164961.678728703,9740742.286665797,4424219.392062906,4519744.841292554,0.9788648579546076,9740742.286665797,14260487.12795835
45,spatial,0.3,density_negative,338405.4862816685,242880.0370520184,95525.44922965008,4519744.841292554,0.02113514204539294,242880.0370520184,4762624.878344572
45,spatial,0.3,independent,7862363.248453485,5452040.04319832,2410323.2052551648,4519744.841292554,0.5332874509273984,5452040.04319832,9971784.884490874
45,spatial,0.5,density_positive,14164961.678728703,6875515.470000746,7289446.208727958,7453302.638574615,0.9780155941879218,6875515.470000746,14328818.10857536
45,spatial,0.5,density_negative,338405.4862816685,174549.05643500888,163856.4298466596,7453302.638574615,0.021984405812078472,174549.05643500888,7627851.695009624
45,spatial,0.5,independent,7862363.248453485,3927323.713546382,3935039.534907103,7453302.638574615,0.52795917806172,3927323.713546382,11380626.352120997
45,density_positive,0.1,density_positive,14164961.678728703,10953560.06272378,3211401.6160049234,3213981.01939589,0.9991974428674593,10953560.06272378,14167541.08211967
45,density_positive,0.1,density_negative,338405.4862816685,335826.08289070067,2579.403390967811,3213981.01939589,0.0008025571325410763,335826.08289070067,3549807.1022865907
45,density_positive,0.1,independent,7862363.248453485,6043839.598147994,1818523.650305491,3213981.01939589,0.5658165494229666,6043839.598147994,9257820.617543884
45,density_positive,0.3,density_positive,14164961.678728703,6108214.3488407135,8056747.32988799,8075364.4472887,0.9976945786753982,6108214.3488407135,14183578.796129413
45,density_positive,0.3,density_negative,338405.4862816685,319788.36888095504,18617.11740071344,8075364.4472887,0.002305421324602152,319788.36888095504,8395152.816169655
45,density_positive,0.3,independent,7862363.248453485,3354128.8416858427,4508234.406767642,8075364.4472887,0.5582700862846233,3354128.8416858427,11429493.288974542
45,density_positive,0.5,density_positive,14164961.678728703,2657081.081246612,11507880.59748209,11564551.76513759,0.9950995794038174,2657081.081246612,14221632.846384203
45,density_positive,0.5,density_negative,338405.4862816685,281734.3186261682,56671.16765550029,11564551.76513759,0.004900420596182617,281734.3186261682,11846286.08376376
45,density_positive,0.5,independent,7862363.248453485,1420449.4320674292,6441913.816386055,11564551.76513759,0.557039645566359,1420449.4320674292,12985001.19720502
45,density_negative,0.1,density_positive,14164961.678728703,14164063.688745633,897.9899830706418,6237.446458729244,0.14396756573580102,14164063.688745633,14170301.135204362
45,density_negative,0.1,density_negative,338405.4862816685,333066.029806011,5339.456475657469,6237.446458729244,0.8560324342640173,333066.029806011,339303.4762647402
45,density_negative,0.1,independent,7862363.248453485,7859100.880667584,3262.367785900831,6237.446458729244,0.5230293850995995,7859100.880667584,7865338.327126313
45,density_negative,0.3,density_positive,14164961.678728703,13546184.280802976,618777.3979257271,788384.4768589104,0.7848675564885123,13546184.280802976,14334568.757661887
45,density_negative,0.3,density_negative,338405.4862816685,168798.40734848366,169607.07893318482,788384.4768589104,0.2151324435114896,168798.40734848366,957182.8842073941
45,density_negative,0.3,independent,7862363.248453485,7480659.319463303,381703.92899018154,788384.4768589104,0.4841596203301342,7480659.319463303,8269043.7963222135
45,density_negative,0.5,density_positive,14164961.678728703,11144611.18733378,3020350.491394924,3294155.4536981704,0.9168815903949341,11144611.18733378,14438766.64103195
45,density_negative,0.5,density_negative,338405.4862816685,64600.523978420206,273804.9623032483,3294155.4536981704,0.08311840960506653,64600.523978420206,3358755.9776765904
45,density_negative,0.5,independent,7862363.248453485,6216246.047811666,1646117.2006418193,3294155.4536981704,0.4997084150336052,6216246.047811666,9510401.501509836
46,random,0.1,density_positive,14164961.678728703,12761137.781525167,1403823.8972035367,1437344.9571379349,0.9766784864218359,12761137.781525167,14198482.738663102
46,random,0.1,density_negative,338405.4862816685,304884.4263472694,33521.05993439909,1437344.9571379349,0.023321513578164827,304884.4263472694,1742229.3834852043
46,random,0.1,independent,7862363.248453485,7093833.933986883,768529.3144666022,1437344.9571379349,0.5346867574481985,7093833.933986883,8531178.891124818
46,random,0.3,density_positive,14164961.678728703,9928785.479864601,4236176.198864102,4338017.145778205,0.9765236181666052,9928785.479864601,14266802.625642806
46,random,0.3,density_negative,338405.4862816685,236564.53936756475,101840.94691410373,4338017.145778205,0.023476381833395055,236564.53936756475,4574581.68514577
46,random,0.3,independent,7862363.248453485,5520977.34523594,2341385.903217545,4338017.145778205,0.5397364336137309,5520977.34523594,9858994.491014145
46,random,0.5,density_positive,14164961.678728703,7084132.959310713,7080828.71941799,7250848.510378815,0.9765517386389386,7084132.959310713,14334981.46968953
46,random,0.5,density_negative,338405.4862816685,168385.69532084165,170019.79096082682,7250848.510378815,0.023448261361061627,168385.69532084165,7419234.205699657
46,random,0.5,independent,7862363.248453485,3931752.4432602013,3930610.8051932836,7250848.510378815,0.5420897705374804,3931752.4432602013,11182600.953639016
46,spatial,0.1,density_positive,14164961.678728703,13057103.58233414,1107858.096394563,1147111.806897173,0.9657803971098621,13057103.58233414,14204215.389231313
46,spatial,0.1,density_negative,338405.4862816685,299151.77577905543,39253.710502613045,1147111.806897173,0.03421960289014072,299151.77577905543,1446263.5826762284
46,spatial,0.1,independent,7862363.248453485,7236051.489834552,626311.7586189331,1147111.806897173,0.5459901596802897,7236051.489834552,8383163.296731724
46,spatial,0.3,density_positive,14164961.678728703,10367319.331275212,3797642.3474534918,3907135.8009812464,0.9719760307537157,10367319.331275212,14274455.132256458
46,spatial,0.3,density_negative,338405.4862816685,228912.03275391375,109493.45352775473,3907135.8009812464,0.028023969246284273,228912.03275391375,4136047.83373516
46,spatial,0.3,independent,7862363.248453485,5771142.809025372,2091220.4394281125,3907135.8009812464,0.5352310607946923,5771142.809025372,9678278.61000662
46,spatial,0.5,density_positive,14164961.678728703,7522234.956553748,6642726.7221749555,6821927.962761885,0.973731584155518,7522234.956553748,14344162.919315632
46,spatial,0.5,density_negative,338405.4862816685,159204.2456947388,179201.24058692966,6821927.962761885,0.02626841584448208,159204.2456947388,6981132.208456623
46,spatial,0.5,independent,7862363.248453485,4128139.0410057036,3734224.207447781,6821927.962761885,0.5473854646122598,4128139.0410057036,10950067.003767587
46,density_positive,0.1,density_positive,14164961.678728703,11185508.337695584,2979453.3410331197,2982635.9937354284,0.9989329396181789,11185508.337695584,14168144.331431013
46,density_positive,0.1,density_negative,338405.4862816685,335222.8335793591,3182.652702309366,2982635.9937354284,0.0010670603818213292,335222.8335793591,3317858.8273147875
46,density_positive,0.1,independent,7862363.248453485,6144176.729914601,1718186.518538884,2982635.9937354284,0.5760630939034037,6144176.729914601,9126812.723650029
46,density_positive,0.3,density_positive,14164961.678728703,6393174.994642238,7771786.684086465,7792396.637511973,0.9973551200761145,6393174.994642238,14185571.632154211
46,density_positive,0.3,density_negative,338405.4862816685,317795.5328561589,20609.953425509564,7792396.637511973,0.002644879923885663,317795.5328561589,8110192.170368132
46,density_positive,0.3,independent,7862363.248453485,3364801.18514794,4497562.063305545,7792396.637511973,0.5771731435813523,3364801.18514794,11157197.822659913
46,density_positive,0.5,density_positive,14164961.678728703,2887161.229835196,11277800.448893508,11342014.612538707,0.9943383811572408,2887161.229835196,14229175.842373902
46,density_positive,0.5,density_negative,338405.4862816685,274191.32263646775,64214.16364520072,11342014.612538707,0.005661618842759323,274191.32263646775,11616205.935175175
46,density_positive,0.5,independent,7862363.248453485,1527324.1427085963,6335039.105744889,11342014.612538707,0.558546195024422,1527324.1427085963,12869338.755247302
46,density_negative,0.1,density_positive,14164961.678728703,14164785.22643518,176.45229352265596,5456.371086541507,0.03233876338760884,14164785.22643518,14170241.597521722
46,density_negative,0.1,density_negative,338405.4862816685,333125.5674886469,5279.918793021585,5456.371086541507,0.9676612366128922,333125.5674886469,338581.9385751884
46,density_negative,0.1,independent,7862363.248453485,7859969.9388145,2393.3096389845014,5456.371086541507,0.4386266258333776,7859969.9388145,7865426.309901042
46,density_negative,0.3,density_positive,14164961.678728703,13590137.88624571,574823.7924829926,751309.355373156,0.7650960132094887,13590137.88624571,14341447.241618866
46,density_negative,0.3,density_negative,338405.4862816685,161919.92339150293,176485.56289016554,751309.355373156,0.23490398679051416,161919.92339150293,913229.278764659
46,density_negative,0.3,independent,7862363.248453485,7469368.290708365,392994.95774511993,751309.355373156,0.5230800800423009,7469368.290708365,8220677.646081521
46,density_negative,0.5,density_positive,14164961.678728703,11454724.15470588,2710237.524022823,2992688.9896674454,0.9056195058625157,11454724.15470588,14447413.144373326
46,density_negative,0.5,density_negative,338405.4862816685,55954.02063704662,282451.4656446219,2992688.9896674454,0.09438049413748421,55954.02063704662,3048643.010304492
46,density_negative,0.5,independent,7862363.248453485,6310911.539112191,1551451.7093412941,2992688.9896674454,0.5184139463532076,6310911.539112191,9303600.528779637
47,random,0.1,density_positive,14164961.678728703,12746227.04171942,1418734.6370092835,1452059.9483581334,0.9770496311901369,12746227.04171942,14198286.990077553
47,random,0.1,density_negative,338405.4862816685,305080.1749328174,33325.31134885107,1452059.9483581334,0.022950368809863887,305080.1749328174,1757140.123290951
47,random,0.1,independent,7862363.248453485,7080270.053279191,782093.1951742936,1452059.9483581334,0.5386094396850615,7080270.053279191,8532330.001637325
47,random,0.3,density_positive,14164961.678728703,9920069.270798195,4244892.407930508,4346161.635126028,0.9766991576251896,9920069.270798195,14266230.905924223
47,random,0.3,density_negative,338405.4862816685,237136.25908614727,101269.2271955212,4346161.635126028,0.02330084237481072,237136.25908614727,4583297.894212175
47,random,0.3,independent,7862363.248453485,5517642.932595657,2344720.3158578277,4346161.635126028,0.5394922031678733,5517642.932595657,9863804.567721685
47,random,0.5,density_positive,14164961.678728703,7068356.880607001,7096604.798121703,7265196.681899299,0.9767945877917344,7068356.880607001,14333553.5625063
47,random,0.5,density_negative,338405.4862816685,169813.60250406808,168591.8837776004,7265196.681899299,0.023205412208266104,169813.60250406808,7435010.284403367
47,random,0.5,independent,7862363.248453485,3928282.2559156385,3934080.9925378463,7265196.681899299,0.5414968327477381,3928282.2559156385,11193478.937814938
47,spatial,0.1,density_positive,14164961.678728703,12695359.929348122,1469601.749380581,1499084.590719133,0.9803327700644241,12695359.929348122,14194444.520067256
47,spatial,0.1,density_negative,338405.4862816685,308922.6449431187,29482.8413385498,1499084.590719133,0.019667229935574515,308922.6449431187,1808007.2356622517
47,spatial,0.1,independent,7862363.248453485,7154099.543882486,708263.7045709984,1499084.590719133,0.47246413508342044,7154099.543882486,8653184.13460162
47,spatial,0.3,density_positive,14164961.678728703,9791917.042033318,4373044.636695385,4470597.325421015,0.978179048206619,9791917.042033318,14262514.367454333
47,spatial,0.3,density_negative,338405.4862816685,240852.7975560367,97552.68872563177,4470597.325421015,0.021820951793381397,240852.7975560367,4711450.122977052
47,spatial,0.3,independent,7862363.248453485,5608133.095913259,2254230.1525402255,4470597.325421015,0.504234666746224,5608133.095913259,10078730.421334274
47,spatial,0.5,density_positive,14164961.678728703,6981064.131336771,7183897.547391932,7350598.615986297,0.9773214295456403,6981064.131336771,14331662.747323068
47,spatial,0.5,density_negative,338405.4862816685,171704.4176873025,166701.06859436596,7350598.615986297,0.022678570454359948,171704.4176873025,7522303.033673599
47,spatial,0.5,independent,7862363.248453485,3955035.092369881,3907328.156083604,7350598.615986297,0.5315659798898327,3955035.092369881,11305633.708356177
47,density_positive,0.1,density_positive,14164961.678728703,11039842.657404726,3125119.021323977,3125853.537939621,0.9997650188638946,11039842.657404726,14165696.195344348
47,density_positive,0.1,density_negative,338405.4862816685,337670.9696660225,734.51661564596,3125853.537939621,0.00023498113610598344,337670.9696660225,3463524.5076056435
47,density_positive,0.1,independent,7862363.248453485,6183629.399113767,1678733.849339718,3125853.537939621,0.5370481466787598,6183629.399113767,9309482.937053388
47,density_positive,0.3,density_positive,14164961.678728703,6314662.18955311,7850299.4891755935,7865261.759903946,0.998097676697217,6314662.18955311,14179923.949457057
47,density_positive,0.3,density_negative,338405.4862816685,323443.21555331233,14962.270728356147,7865261.759903946,0.0019023233027833611,323443.21555331233,8188704.9754572585
47,density_positive,0.3,independent,7862363.248453485,3482743.3398032133,4379619.908650272,7865261.759903946,0.5568307886429145,3482743.3398032133,11348005.09970716
47,density_positive,0.5,density_positive,14164961.678728703,2816005.8647155007,11348955.814013202,11409889.758050175,0.9946595501508696,2816005.8647155007,14225895.622765675
47,density_positive,0.5,density_negative,338405.4862816685,277471.54224469804,60933.94403697044,11409889.758050175,0.005340449849130127,277471.54224469804,11687361.300294874
47,density_positive,0.5,independent,7862363.248453485,1505337.5419870028,6357025.706466482,11409889.758050175,0.5571504932360387,1505337.5419870028,12915227.30003718
47,density_negative,0.1,density_positive,14164961.678728703,14164961.678728703,0.0,4034.381690229494,0.0,14164961.678728703,14168996.060418934
47,density_negative,0.1,density_negative,338405.4862816685,334371.1045914389,4034.3816902295803,4034.381690229494,1.0000000000000213,334371.1045914389,338405.4862816684
47,density_negative,0.1,independent,7862363.248453485,7860399.597054813,1963.651398671791,4034.381690229494,0.48672920646734585,7860399.597054813,7864433.978745042
47,density_negative,0.3,density_positive,14164961.678728703,13429609.113678593,735352.5650501102,899717.5474192097,0.817314908617075,13429609.113678593,14329326.661097802
47,density_negative,0.3,density_negative,338405.4862816685,174040.50391256376,164364.98236910472,899717.5474192097,0.18268509138293082,174040.50391256376,1073758.0513317734
47,density_negative,0.3,independent,7862363.248453485,7444446.7728617415,417916.47559174336,899717.5474192097,0.464497415650627,7444446.7728617415,8344164.320280951
47,density_negative,0.5,density_positive,14164961.678728703,11192257.829683194,2972703.8490455095,3247083.7226301758,0.9154995999418163,11192257.829683194,14439341.552313369
47,density_negative,0.5,density_negative,338405.4862816685,64025.61269700242,274379.87358466606,3247083.7226301758,0.08450040005818364,64025.61269700242,3311109.3353271782
47,density_negative,0.5,independent,7862363.248453485,6350750.542268182,1511612.7061853027,3247083.7226301758,0.4655293288714092,6350750.542268182,9597834.264898358
48,random,0.1,density_positive,14164961.678728703,12746040.533864375,1418921.1448643282,1453489.297338078,0.9762171262374907,12746040.533864375,14199529.831202453
48,random,0.1,density_negative,338405.4862816685,303837.33380791656,34568.15247375192,1453489.297338078,0.02378287376251072,303837.33380791656,1757326.6311459946
48,random,0.1,independent,7862363.248453485,7070164.513821488,792198.7346319966,1453489.297338078,0.5450323824763142,7070164.513821488,8523653.811159566
48,random,0.3,density_positive,14164961.678728703,9921688.159765288,4243273.518963415,4345298.7040576,0.9765205588746028,9921688.159765288,14266986.863822889
48,random,0.3,density_negative,338405.4862816685,236380.30118748336,102025.18509418512,4345298.7040576,0.023479441125397186,236380.30118748336,4581679.005245084
48,random,0.3,independent,7862363.248453485,5495693.80253818,2366669.445915305,4345298.7040576,0.5446505768879204,5495693.80253818,9840992.50659578
48,random,0.5,density_positive,14164961.678728703,7114072.179581397,7050889.499147306,7221881.046843117,0.9763231287545845,7114072.179581397,14335953.226424515
48,random,0.5,density_negative,338405.4862816685,167413.93858585553,170991.54769581294,7221881.046843117,0.02367687124541577,167413.93858585553,7389294.985428972
48,random,0.5,independent,7862363.248453485,3940729.094117819,3921634.154335666,7221881.046843117,0.5430211504314267,3940729.094117819,11162610.140960936
48,spatial,0.1,density_positive,14164961.678728703,12876899.394680299,1288062.2840484045,1320869.119458493,0.9751626902871814,12876899.394680299,14197768.514138792
48,spatial,0.1,density_negative,338405.4862816685,305598.6508715785,32806.83541008999,1320869.119458493,0.024837309712819666,305598.6508715785,1626467.7703300714
48,spatial,0.1,independent,7862363.248453485,7191319.929868575,671043.3185849097,1320869.119458493,0.5080316502970501,7191319.929868575,8512189.049327068
48,spatial,0.3,density_positive,14164961.678728703,10164775.414454462,4000186.2642742414,4099479.0489785136,0.9757791701047933,10164775.414454462,14264254.463432975
48,spatial,0.3,density_negative,338405.4862816685,239112.70157739514,99292.78470427333,4099479.0489785136,0.02422082989520695,239112.70157739514,4338591.750555908
48,spatial,0.3,independent,7862363.248453485,5624006.088093413,2238357.160360072,4099479.0489785136,0.5460101475376032,5624006.088093413,9723485.137071926
48,spatial,0.5,density_positive,14164961.678728703,7314767.641489559,6850194.037239145,7016239.945431034,0.976334060767118,7314767.641489559,14331007.586920593
48,spatial,0.5,density_negative,338405.4862816685,172359.57808977674,166045.90819189174,7016239.945431034,0.023665939232882224,172359.57808977674,7188599.5235208105
48,spatial,0.5,independent,7862363.248453485,4112319.798056504,3750043.4503969806,7016239.945431034,0.5344805023150617,4112319.798056504,11128559.743487539
48,density_positive,0.1,density_positive,14164961.678728703,11034087.016727341,3130874.662001362,3132114.266016129,0.9996042277166524,11034087.016727341,14166201.28274347
48,density_positive,0.1,density_negative,338405.4862816685,337165.88226689934,1239.6040147691383,3132114.266016129,0.00039577228334834795,337165.88226689934,3469280.148283028
48,density_positive,0.1,independent,7862363.248453485,6083380.244615169,1778983.0038383156,3132114.266016129,0.5679815143210215,6083380.244615169,9215494.510631299
48,density_positive,0.3,density_positive,14164961.678728703,6381645.632963709,7783316.045764995,7801037.979005211,0.9977282595870048,6381645.632963709,14182683.61196892
48,density_positive,0.3,density_negative,338405.4862816685,320683.55304144917,17721.93324021931,7801037.979005211,0.0022717404129955552,320683.55304144917,8121721.53204666
48,density_positive,0.3,independent,7862363.248453485,3521888.2833594475,4340474.965094037,7801037.979005211,0.5563971072536087,3521888.2833594475,11322926.26236466
48,density_positive,0.5,density_positive,14164961.678728703,2904504.4926703903,11260457.186058313,11323993.920956817,0.9943891938354966,2904504.4926703903,14228498.413627207
48,density_positive,0.5,density_negative,338405.4862816685,274868.75138316577,63536.734898502706,11323993.920956817,0.005610806164503327,274868.75138316577,11598862.672339981
48,density_positive,0.5,independent,7862363.248453485,1585309.0148036417,6277054.233649843,11323993.920956817,0.554314518134205,1585309.0148036417,12909302.935760459
48,density_negative,0.1,density_positive,14164961.678728703,14164943.929459598,17.749269105494022,3818.770063785855,0.004647902023170712,14164943.929459598,14168762.699523384
48,density_negative,0.1,density_negative,338405.4862816685,334604.4654869865,3801.020794681972,3818.770063785855,0.9953520979772511,334604.4654869865,338423.23555077234
48,density_negative,0.1,independent,7862363.248453485,7860106.886678194,2256.3617752911523,3818.770063785855,0.5908608629486947,7860106.886678194,7863925.6567419795
48,density_negative,0.3,density_positive,14164961.678728703,13500326.647561295,664635.0311674085,830947.0477521142,0.7998524490403875,13500326.647561295,14331273.695313409
48,density_negative,0.3,density_negative,338405.4862816685,172093.46969696027,166312.0165847082,830947.0477521142,0.20014755095961534,172093.46969696027,1003040.5174490745
48,density_negative,0.3,independent,7862363.248453485,7455665.172677781,406698.0757757034,830947.0477521142,0.48943922103809967,7455665.172677781,8286612.220429895
48,density_negative,0.5,density_positive,14164961.678728703,11334857.159994699,2830104.5187340043,3109737.828326779,0.9100781721707923,11334857.159994699,14444594.988321478
48,density_negative,0.5,density_negative,338405.4862816685,58772.17668889443,279633.309592774,3109737.828326779,0.08992182782920742,58772.17668889443,3168510.0050156736
48,density_negative,0.5,independent,7862363.248453485,6328496.519770049,1533866.7286834363,3109737.828326779,0.49324631636511507,6328496.519770049,9438234.348096827
49,random,0.1,density_positive,14164961.678728703,12747444.315938689,1417517.3627900146,1450717.1702601642,0.9771149000296208,12747444.315938689,14198161.486198854
49,random,0.1,density_negative,338405.4862816685,305205.67881151737,33199.80747015111,1450717.1702601642,0.02288509997038032,305205.67881151737,1755922.8490716815
49,random,0.1,independent,7862363.248453485,7072860.25986195,789502.988591535,1450717.1702601642,0.544215650559888,7072860.25986195,8523577.430122115
49,random,0.3,density_positive,14164961.678728703,9905611.491146706,4259350.187581997,4359303.390557727,0.9770712900615661,9905611.491146706,14264914.881704433
49,random,0.3,density_negative,338405.4862816685,238452.2833059386,99953.20297572989,4359303.390557727,0.02292870993843398,238452.2833059386,4597755.673863665
49,random,0.3,independent,7862363.248453485,5500714.43637103,2361648.8120824546,4359303.390557727,0.5417491283579385,5500714.43637103,9860017.826928757
49,random,0.5,density_positive,14164961.678728703,7087459.628407292,7077502.050321411,7245826.830722669,0.9767694171647117,7087459.628407292,14333286.459129961
49,random,0.5,density_negative,338405.4862816685,170080.7058804096,168324.78040125887,7245826.830722669,0.023230582835288494,170080.7058804096,7415907.536603079
49,random,0.5,independent,7862363.248453485,3942872.0582424444,3919491.1902110404,7245826.830722669,0.540930839471929,3942872.0582424444,11188698.888965113
49,spatial,0.1,density_positive,14164961.678728703,12980216.703139354,1184744.9755893499,1222010.6375965516,0.9695046337072026,12980216.703139354,14202227.340735905
49,spatial,0.1,density_negative,338405.4862816685,301139.82427446597,37265.66200720251,1222010.6375965516,0.030495366292798032,301139.82427446597,1523150.4618710175
49,spatial,0.1,independent,7862363.248453485,7202006.0540214805,660357.1944320044,1222010.6375965516,0.5403857987118621,7202006.0540214805,8424016.691618033
49,spatial,0.3,density_positive,14164961.678728703,10210891.035356563,3954070.643372141,4061441.4934444604,0.9735633640800622,10210891.035356563,14272332.528801024
49,spatial,0.3,density_negative,338405.4862816685,231034.63620934726,107370.85007232122,4061441.4934444604,0.026436635919938188,231034.63620934726,4292476.129653808
49,spatial,0.3,independent,7862363.248453485,5546050.533928022,2316312.714525463,4061441.4934444604,0.5703178830137537,5546050.533928022,9607492.027372483
49,spatial,0.5,density_positive,14164961.678728703,7342898.238659758,6822063.440068945,6996698.51628703,0.975040359990992,7342898.238659758,14339596.754946787
49,spatial,0.5,density_negative,338405.4862816685,163770.41006358212,174635.07621808635,6996698.51628703,0.024959640009008244,163770.41006358212,7160468.926350612
49,spatial,0.5,independent,7862363.248453485,3870173.6293185004,3992189.6191349844,6996698.51628703,0.5705819122893319,3870173.6293185004,10866872.14560553
49,density_positive,0.1,density_positive,14164961.678728703,11140078.651882315,3024883.0268463884,3028675.977905012,0.9987476537317646,11140078.651882315,14168754.629787328
49,density_positive,0.1,density_negative,338405.4862816685,334612.53522304166,3792.951058626815,3028675.977905012,0.0012523462682364804,334612.53522304166,3363288.513128054
49,density_positive,0.1,independent,7862363.248453485,6005489.929436306,1856873.3190171793,3028675.977905012,0.6130973839933881,6005489.929436306,9034165.907341318
49,density_positive,0.3,density_positive,14164961.678728703,6525129.687595547,7639831.991133156,7660144.325132496,0.9973483092305852,6525129.687595547,14185274.012728043
49,density_positive,0.3,density_negative,338405.4862816685,318093.1522823283,20312.33399934019,7660144.325132496,0.0026516907694149553,318093.1522823283,7978237.477414824
49,density_positive,0.3,independent,7862363.248453485,3378187.6687529795,4484175.579700505,7660144.325132496,0.5853904821333694,3378187.6687529795,11038331.993885476
49,density_positive,0.5,density_positive,14164961.678728703,2991403.8486672905,11173557.830061413,11240568.689136758,0.9940384814213087,2991403.8486672905,14231972.537804049
49,density_positive,0.5,density_negative,338405.4862816685,271394.62720632285,67010.85907534562,11240568.689136758,0.0059615185786914,271394.62720632285,11511963.316343082
49,density_positive,0.5,independent,7862363.248453485,1566492.6875675994,6295870.560885886,11240568.689136758,0.5601024943667142,1566492.6875675994,12807061.376704358
49,density_negative,0.1,density_positive,14164961.678728703,14163887.625033151,1074.053695552051,6700.922846285365,0.16028444442506143,14163887.625033151,14170588.547879437
49,density_negative,0.1,density_negative,338405.4862816685,332778.6171309329,5626.869150735554,6700.922846285365,0.8397155555752729,332778.6171309329,339479.5399772183
49,density_negative,0.1,independent,7862363.248453485,7859225.137936138,3138.1105173472315,6700.922846285365,0.46831019985356687,7859225.137936138,7865926.060782423
49,density_negative,0.3,density_positive,14164961.678728703,13587296.193319622,577665.485409081,750133.7429801644,0.770083322894003,13587296.193319622,14337429.936299786
49,density_negative,0.3,density_negative,338405.4862816685,165937.22871058356,172468.25757108492,750133.7429801644,0.22991667710599903,165937.22871058356,916070.9716907479
49,density_negative,0.3,independent,7862363.248453485,7526876.00199503,335487.246458455,750133.7429801644,0.4472365756079929,7526876.00199503,8277009.744975194
49,density_negative,0.5,density_positive,14164961.678728703,11471493.456424119,2693468.2223045845,2978631.319695803,0.9042637148459377,11471493.456424119,14450124.776119921
49,density_negative,0.5,density_negative,338405.4862816685,53242.38889044767,285163.0973912208,2978631.319695803,0.09573628515406314,53242.38889044767,3031873.7085862504
49,density_negative,0.5,independent,7862363.248453485,6305896.876472158,1556466.3719813265,2978631.319695803,0.5225441502912428,6305896.876472158,9284528.19616796
50,random,0.1,density_positive,14164961.678728703,12748664.90636436,1416296.7723643426,1450153.0501202773,0.9766533072125548,12748664.90636436,14198817.956484638
50,random,0.1,density_negative,338405.4862816685,304549.20852573396,33856.27775593451,1450153.0501202773,0.023346692787445045,304549.20852573396,1754702.2586460114
50,random,0.1,independent,7862363.248453485,7083551.613495695,778811.6349577894,1450153.0501202773,0.5370547852815908,7083551.613495695,8533704.663615972
50,random,0.3,density_positive,14164961.678728703,9908163.898388088,4256797.780340616,4358213.841499944,0.9767299024674694,9908163.898388088,14266377.739888031
50,random,0.3,density_negative,338405.4862816685,236989.4251223366,101416.06115933188,4358213.841499944,0.02327009753253136,236989.4251223366,4595203.266622281
50,random,0.3,independent,7862363.248453485,5519380.045585247,2342983.202868238,4358213.841499944,0.5376017075063636,5519380.045585247,9877593.887085192
50,random,0.5,density_positive,14164961.678728703,7050161.412997275,7114800.265731429,7282370.662438723,0.976989581487304,7050161.412997275,14332532.075435998
50,random,0.5,density_negative,338405.4862816685,170835.08957437339,167570.3967072951,7282370.662438723,0.02301041851269612,170835.08957437339,7453205.752013097
50,random,0.5,independent,7862363.248453485,3926477.602532801,3935885.6459206836,7282370.662438723,0.5404676345604513,3926477.602532801,11208848.264971524
50,spatial,0.1,density_positive,14164961.678728703,12883188.325723875,1281773.353004828,1318087.1793549368,0.9724496020302082,12883188.325723875,14201275.505078811
50,spatial,0.1,density_negative,338405.4862816685,302091.659931558,36313.82635011047,1318087.1793549368,0.027550397969793024,302091.659931558,1620178.8392864948
50,spatial,0.1,independent,7862363.248453485,7026888.024866312,835475.223587173,1318087.1793549368,0.6338542978591516,7026888.024866312,8344975.204221249
50,spatial,0.3,density_positive,14164961.678728703,10030577.33598675,4134384.342741953,4243808.998836966,0.9742154615994731,10030577.33598675,14274386.334823716
50,spatial,0.3,density_negative,338405.4862816685,228980.8301866561,109424.65609501238,4243808.998836966,0.025784538400526667,228980.8301866561,4472789.829023622
50,spatial,0.3,independent,7862363.248453485,5551861.524928329,2310501.7235251563,4243808.998836966,0.5444405542658397,5551861.524928329,9795670.523765296
50,spatial,0.5,density_positive,14164961.678728703,7098710.187203559,7066251.491525144,7240299.049906798,0.9759612749166909,7098710.187203559,14339009.237110358
50,spatial,0.5,density_negative,338405.4862816685,164357.92790001456,174047.55838165391,7240299.049906798,0.024038725083309145,164357.92790001456,7404656.977806812
50,spatial,0.5,independent,7862363.248453485,4061494.428786376,3800868.819667109,7240299.049906798,0.5249601975647727,4061494.428786376,11301793.478693174
50,density_positive,0.1,density_positive,14164961.678728703,10850104.82952873,3314856.849199973,3316687.9778706282,0.9994479044508037,10850104.82952873,14166792.807399359
50,density_positive,0.1,density_negative,338405.4862816685,336574.3576110129,1831.1286706555984,3316687.9778706282,0.000552095549196405,336574.3576110129,3653262.335481641
50,density_positive,0.1,independent,7862363.248453485,5971713.483336504,1890649.7651169812,3316687.9778706282,0.5700414925165229,5971713.483336504,9288401.461207133
50,density_positive,0.3,density_positive,14164961.678728703,6248778.3567033345,7916183.322025369,7933747.539901356,0.9977861385445338,6248778.3567033345,14182525.89660469
50,density_positive,0.3,density_negative,338405.4862816685,320841.2684056809,17564.217875987582,7933747.539901356,0.002213861455466223,320841.2684056809,8254588.808307037
50,density_positive,0.3,independent,7862363.248453485,3534794.903726291,4327568.344727194,7933747.539901356,0.5454633290210543,3534794.903726291,11468542.443627648
50,density_positive,0.5,density_positive,14164961.678728703,2962025.8251272053,11202935.853601499,11273798.31713918,0.9937144109248476,2962025.8251272053,14235824.142266385
50,density_positive,0.5,density_negative,338405.4862816685,267543.02274398826,70862.46353768022,11273798.31713918,0.006285589075152282,267543.02274398826,11541341.33988317
50,density_positive,0.5,independent,7862363.248453485,1697091.2921520784,6165271.956301406,11273798.31713918,0.5468673274852317,1697091.2921520784,12970889.60929126
50,density_negative,0.1,density_positive,14164961.678728703,14164936.905881107,24.77284759655595,4123.381045151222,0.006007896753972545,14164936.905881107,14169060.286926258
50,density_negative,0.1,density_negative,338405.4862816685,334306.87808411237,4098.60819755611,4123.381045151222,0.9939921032463778,334306.87808411237,338430.2591292636
50,density_negative,0.1,independent,7862363.248453485,7860541.934753781,1821.3136997036636,4123.381045151222,0.4417039511411122,7860541.934753781,7864665.315798933
50,density_negative,0.3,density_positive,14164961.678728703,13660931.072496796,504030.6062319074,683129.5711334106,0.7378257764418658,13660931.072496796,14344060.643630207
50,density_negative,0.3,density_negative,338405.4862816685,159306.52138016635,179098.96490150213,683129.5711334106,0.26217422355813275,159306.52138016635,842436.0925135768
50,density_negative,0.3,independent,7862363.248453485,7442966.116398779,419397.1320547061,683129.5711334106,0.6139349689676963,7442966.116398779,8126095.687532189
50,density_negative,0.5,density_positive,14164961.678728703,11308436.424422137,2856525.254306566,3139647.4547714177,0.9098235695110983,11308436.424422137,14448083.879193556
50,density_negative,0.5,density_negative,338405.4862816685,55283.28581681397,283122.2004648545,3139647.4547714177,0.09017643048890253,55283.28581681397,3194930.7405882315
50,density_negative,0.5,independent,7862363.248453485,6188583.05520458,1673780.1932489052,3139647.4547714177,0.5331108722749144,6188583.05520458,9328230.509975998
51,random,0.1,density_positive,14164961.678728703,12750610.007589905,1414351.6711387988,1447912.9684443302,0.9768209153195234,12750610.007589905,14198522.976034235
51,random,0.1,density_negative,338405.4862816685,304844.1889761375,33561.297305530985,1447912.9684443302,0.023179084680476334,304844.1889761375,1752757.1574204676
51,random,0.1,independent,7862363.248453485,7083959.019230454,778404.2292230306,1447912.9684443302,0.5376042940338916,7083959.019230454,8531871.987674784
51,random,0.3,density_positive,14164961.678728703,9914776.437643388,4250185.241085315,4350274.130271646,0.9769925098536075,9914776.437643388,14265050.567915034
51,random,0.3,density_negative,338405.4862816685,238316.5970953387,100088.88918632979,4350274.130271646,0.0230074901463922,238316.5970953387,4588590.727366985
51,random,0.3,independent,7862363.248453485,5518036.095735019,2344327.152718466,4350274.130271646,0.5388918221050308,5518036.095735019,9868310.226006664
51,random,0.5,density_positive,14164961.678728703,7104799.550828316,7060162.127900387,7228339.703272986,0.9767335816693219,7104799.550828316,14333139.254101302
51,random,0.5,density_negative,338405.4862816685,170227.91090906993,168177.57537259854,7228339.703272986,0.02326641833067805,170227.91090906993,7398567.614182056
51,random,0.5,independent,7862363.248453485,3940956.6285939054,3921406.6198595795,7228339.703272986,0.5425044727884012,3940956.6285939054,11169296.331866892
51,spatial,0.1,density_positive,14164961.678728703,12802457.298188554,1362504.3805401493,1397913.3732211175,0.9746701094937108,12802457.298188554,14200370.671409672
51,spatial,0.1,density_negative,338405.4862816685,302996.4936006979,35408.99268097058,1397913.3732211175,0.025329890506290833,302996.4936006979,1700909.8668218155
51,spatial,0.1,independent,7862363.248453485,7113644.793518641,748718.4549348438,1397913.3732211175,0.5355971759606408,7113644.793518641,8511558.166739758
51,spatial,0.3,density_positive,14164961.678728703,9930332.697657138,4234628.981071565,4333123.748457333,0.9772693389103337,9930332.697657138,14263456.446114471
51,spatial,0.3,density_negative,338405.4862816685,239910.71889590193,98494.76738576655,4333123.748457333,0.022730661089665948,239910.71889590193,4573034.467353235
51,spatial,0.3,independent,7862363.248453485,5532993.9575996045,2329369.2908538803,4333123.748457333,0.537572759532468,5532993.9575996045,9866117.706056938
51,spatial,0.5,density_positive,14164961.678728703,7119895.264594441,7045066.414134262,7212732.764223738,0.9767541158711541,7119895.264594441,14332628.028818179
51,spatial,0.5,density_negative,338405.4862816685,170739.1361921923,167666.35008947618,7212732.764223738,0.023245884128846008,170739.1361921923,7383471.90041593
51,spatial,0.5,independent,7862363.248453485,4083986.1338108075,3778377.1146426774,7212732.764223738,0.5238482054103,4083986.1338108075,11296718.898034545
51,density_positive,0.1,density_positive,14164961.678728703,11058937.447960047,3106024.2307686564,3108063.862534996,0.9993437613071836,11058937.447960047,14167001.310495043
51,density_positive,0.1,density_negative,338405.4862816685,336365.85451532644,2039.631766342034,3108063.862534996,0.0006562386928171004,336365.85451532644,3444429.7170503223
51,density_positive,0.1,independent,7862363.248453485,6096313.613210518,1766049.635242967,3108063.862534996,0.5682153627958414,6096313.613210518,9204377.475745514
51,density_positive,0.3,density_positive,14164961.678728703,6409268.43087302,7755693.247855684,7776150.690553225,0.9973692070136458,6409268.43087302,14185419.121426243
51,density_positive,0.3,density_negative,338405.4862816685,317948.04358412616,20457.442697542312,7776150.690553225,0.0026307929863543956,317948.04358412616,8094098.734137351
51,density_positive,0.3,independent,7862363.248453485,3619187.5876297792,4243175.660823706,7776150.690553225,0.5456653078982231,3619187.5876297792,11395338.278183004
51,density_positive,0.5,density_positive,14164961.678728703,2895605.974163033,11269355.70456567,11331893.301014539,0.9944812755655519,2895605.974163033,14227499.275177572
51,density_positive,0.5,density_negative,338405.4862816685,275867.8898327974,62537.596448871074,11331893.301014539,0.0055187244344484,275867.8898327974,11607761.190847335
51,density_positive,0.5,independent,7862363.248453485,1671071.8319305384,6191291.416522946,11331893.301014539,0.5463598405015553,1671071.8319305384,13002965.132945077
51,density_negative,0.1,density_positive,14164961.678728703,14164863.826483078,97.85224562510848,5209.352731283866,0.018783954681638997,14164863.826483078,14170073.179214362
51,density_negative,0.1,density_negative,338405.4862816685,333293.98579600744,5111.500485661032,5209.352731283866,0.9812160453187977,333293.98579600744,338503.3385272913
51,density_negative,0.1,independent,7862363.248453485,7859977.744066347,2385.50438713748,5209.352731283866,0.4579272147980586,7859977.744066347,7865187.096797631
51,density_negative,0.3,density_positive,14164961.678728703,13534427.664352832,630534.014375871,798624.3955735854,0.7895251107662582,13534427.664352832,14333052.059926419
51,density_negative,0.3,density_negative,338405.4862816685,170315.10508395146,168090.381197717,798624.3955735854,0.21047488923374508,170315.10508395146,968939.5006575369
51,density_negative,0.3,independent,7862363.248453485,7463339.805084215,399023.4433692703,798624.3955735854,0.49963843526553553,7463339.805084215,8261964.2006578
51,density_negative,0.5,density_positive,14164961.678728703,11236364.354348786,2928597.3243799172,3202305.6079526376,0.9145277443561319,11236364.354348786,14438669.962301424
51,density_negative,0.5,density_negative,338405.4862816685,64697.202708945006,273708.28357272345,3202305.6079526376,0.08547225564386908,64697.202708945006,3267002.8106615827
51,density_negative,0.5,independent,7862363.248453485,6215422.94067376,1646940.3077797247,3202305.6079526376,0.5142982929829361,6215422.94067376,9417728.548626397
52,random,0.1,density_positive,14164961.678728703,12753218.662079072,1411743.0166496318,1446190.1305698594,0.9761807848137823,12753218.662079072,14199408.79264893
52,random,0.1,density_negative,338405.4862816685,303958.3723614387,34447.11392022978,1446190.1305698594,0.0238192151862191,303958.3723614387,1750148.5029312982
52,random,0.1,independent,7862363.248453485,7084439.111655828,777924.1367976572,1446190.1305698594,0.5379127684207903,7084439.111655828,8530629.242225688
52,random,0.3,density_positive,14164961.678728703,9923528.203375397,4241433.475353306,4344327.61818498,0.9763152892979415,9923528.203375397,14267855.821560377
52,random,0.3,density_negative,338405.4862816685,235511.34344999454,102894.14283167393,4344327.61818498,0.02368471070205846,235511.34344999454,4579838.961634975
52,random,0.3,independent,7862363.248453485,5522379.28831383,2339983.9601396546,4344327.61818498,0.538629718059173,5522379.28831383,9866706.90649881
52,random,0.5,density_positive,14164961.678728703,7089963.177659623,7074998.50106908,7244721.859559044,0.9765728261512175,7089963.177659623,14334685.037218668
52,random,0.5,density_negative,338405.4862816685,168682.12779170313,169723.35848996535,7244721.859559044,0.02342717384878261,168682.12779170313,7413403.987350747
52,random,0.5,independent,7862363.248453485,3943154.056628935,3919209.19182455,7244721.859559044,0.5409744180383339,3943154.056628935,11187875.91618798
52,spatial,0.1,density_positive,14164961.678728703,12567627.300224941,1597334.3785037622,1630506.8548425655,0.9796551138437217,12567627.300224941,14198134.155067507
52,spatial,0.1,density_negative,338405.4862816685,305233.009942863,33172.476338805456,1630506.8548425655,0.020344886156279572,305233.009942863,1935739.8647854286
52,spatial,0.1,independent,7862363.248453485,6911097.054645724,951266.1938077612,1630506.8548425655,0.5834174759722867,6911097.054645724,8541603.909488289
52,spatial,0.3,density_positive,14164961.678728703,9390490.955342216,4774470.723386487,4871396.161866592,0.9801031500499098,9390490.955342216,14261887.117208809
52,spatial,0.3,density_negative,338405.4862816685,241480.04780155883,96925.43848010965,4871396.161866592,0.019896849950091174,241480.04780155883,5112876.209668151
52,spatial,0.3,independent,7862363.248453485,5200517.593074274,2661845.6553792106,4871396.161866592,0.5464235646068376,5200517.593074274,10071913.754940867
52,spatial,0.5,density_positive,14164961.678728703,6523470.277105895,7641491.401622809,7803514.499705663,0.9792371631924351,6523470.277105895,14326984.776811559
52,spatial,0.5,density_negative,338405.4862816685,176382.3881988154,162023.09808285307,7803514.499705663,0.020762836807564636,176382.3881988154,7979896.887904478
52,spatial,0.5,independent,7862363.248453485,3671013.0798854795,4191350.1685680053,7803514.499705663,0.5371105761033822,3671013.0798854795,11474527.579591142
52,density_positive,0.1,density_positive,14164961.678728703,10776332.798803266,3388628.8799254373,3390115.4074301394,0.999561511238985,10776332.798803266,14166448.206233405
52,density_positive,0.1,density_negative,338405.4862816685,336918.9587769662,1486.5275047022733,3390115.4074301394,0.000438488761015109,336918.9587769662,3727034.3662071056
52,density_positive,0.1,independent,7862363.248453485,5848652.83244031,2013710.4160131747,3390115.4074301394,0.5939946503295173,5848652.83244031,9238768.23987045
52,density_positive,0.3,density_positive,14164961.678728703,6043623.197410262,8121338.481318441,8137441.430481534,0.998021128717096,6043623.197410262,14181064.627891798
52,density_positive,0.3,density_negative,338405.4862816685,322302.5371185751,16102.949163093348,8137441.430481534,0.0019788712829040237,322302.5371185751,8459743.967600109
52,density_positive,0.3,independent,7862363.248453485,3339447.3843363426,4522915.864117142,8137441.430481534,0.5558154737894682,3339447.3843363426,11476888.814817877
52,density_positive,0.5,density_positive,14164961.678728703,2562720.725503886,11602240.953224817,11658657.151733354,0.9951610037267329,2562720.725503886,14221377.87723724
52,density_positive,0.5,density_negative,338405.4862816685,281989.2877731302,56416.19850853825,11658657.151733354,0.004838996273267248,281989.2877731302,11940646.439506484
52,density_positive,0.5,independent,7862363.248453485,1528482.3321329087,6333880.916320576,11658657.151733354,0.5432770544572438,1528482.3321329087,13187139.483866263
52,density_negative,0.1,density_positive,14164961.678728703,14164942.76062873,18.918099973350763,4996.12685301302,0.003786553170070492,14164942.76062873,14169938.887481743
52,density_negative,0.1,density_negative,338405.4862816685,333428.2775286308,4977.208753037674,4996.12685301302,0.9962134468295301,333428.2775286308,338424.4043816438
52,density_negative,0.1,independent,7862363.248453485,7860269.647665749,2093.600787735544,4996.12685301302,0.41904476193853124,7860269.647665749,7865265.774518763
52,density_negative,0.3,density_positive,14164961.678728703,13525144.442266805,639817.2364618983,811923.6037688197,0.7880264023511189,13525144.442266805,14337068.046035625
52,density_negative,0.3,density_negative,338405.4862816685,166299.11897474472,172106.36730692376,811923.6037688197,0.21197359764888407,166299.11897474472,978222.7227435644
52,density_negative,0.3,independent,7862363.248453485,7433951.804572988,428411.44388049655,811923.6037688197,0.5276499437778124,7433951.804572988,8245875.408341808
52,density_negative,0.5,density_positive,14164961.678728703,10954461.527704503,3210500.1510242,3479935.7723496086,0.9225745419021084,10954461.527704503,14434397.300054112
52,density_negative,0.5,density_negative,338405.4862816685,68969.86495625698,269435.6213254115,3479935.7723496086,0.0774254580978924,68969.86495625698,3548905.6373058655
52,density_negative,0.5,independent,7862363.248453485,6068068.678649334,1794294.5698041506,3479935.7723496086,0.5156114041129747,6068068.678649334,9548004.450998943
53,random,0.1,density_positive,14164961.678728703,12745591.527093746,1419370.1516349576,1453574.6269202025,0.9764687174282091,12745591.527093746,14199166.154013949
53,random,0.1,density_negative,338405.4862816685,304201.0109964219,34204.47528524656,1453574.6269202025,0.023531282571792097,304201.0109964219,1757775.6379166245
53,random,0.1,independent,7862363.248453485,7072221.975450362,790141.2730031228,1453574.6269202025,0.5435849376906463,7072221.975450362,8525796.602370564
53,random,0.3,density_positive,14164961.678728703,9920709.770575404,4244251.908153299,4346248.744763983,0.97653221373177,9920709.770575404,14266958.515339388
53,random,0.3,density_negative,338405.4862816685,236408.64967098332,101996.83661068516,4346248.744763983,0.023467786268230248,236408.64967098332,4582657.394434967
53,random,0.3,independent,7862363.248453485,5497146.823144883,2365216.425308602,4346248.744763983,0.5441972064203706,5497146.823144883,9843395.567908866
53,random,0.5,density_positive,14164961.678728703,7084333.318288748,7080628.360439955,7250763.061805668,0.9765356142635636,7084333.318288748,14335096.380094416
53,random,0.5,density_negative,338405.4862816685,168270.7849159562,170134.70136571227,7250763.061805668,0.023464385736436322,168270.7849159562,7419033.846721625
53,random,0.5,independent,7862363.248453485,3920222.8266031947,3942140.42185029,7250763.061805668,0.5436862835328359,3920222.8266031947,11170985.888408862
53,spatial,0.1,density_positive,14164961.678728703,12575610.476090794,1589351.202637909,1621409.14216092,0.9802283466341593,12575610.476090794,14197019.618251715
53,spatial,0.1,density_negative,338405.4862816685,306347.54675865726,32057.939523011213,1621409.14216092,0.019771653365840934,306347.54675865726,1927756.6889195773
53,spatial,0.1,independent,7862363.248453485,6907516.947431436,954846.301022049,1621409.14216092,0.5888990484841385,6907516.947431436,8528926.089592356
53,spatial,0.3,density_positive,14164961.678728703,9552962.026256168,4611999.652472535,4707676.248390959,0.9796764707532458,9552962.026256168,14260638.274647128
53,spatial,0.3,density_negative,338405.4862816685,242728.89036324553,95676.59591842294,4707676.248390959,0.02032352924675403,242728.89036324553,4950405.138754204
53,spatial,0.3,independent,7862363.248453485,5190489.868608467,2671873.3798450176,4707676.248390959,0.567556739008601,5190489.868608467,9898166.116999425
53,spatial,0.5,density_positive,14164961.678728703,6834593.855887765,7330367.822840938,7501284.4900737135,0.9772150133141937,6834593.855887765,14335878.345961478
53,spatial,0.5,density_negative,338405.4862816685,167488.81904888994,170916.66723277853,7501284.4900737135,0.02278498668580679,167488.81904888994,7668773.309122603
53,spatial,0.5,independent,7862363.248453485,3585371.936502786,4276991.3119506985,7501284.4900737135,0.5701678582661873,3585371.936502786,11086656.426576499
53,density_positive,0.1,density_positive,14164961.678728703,10834057.546971293,3330904.1317574102,3332327.208392863,0.9995729481090966,10834057.546971293,14166384.755364157
53,density_positive,0.1,density_negative,338405.4862816685,336982.40964621713,1423.076635451347,3332327.208392863,0.00042705189090289786,336982.40964621713,3669309.6180390804
53,density_positive,0.1,independent,7862363.248453485,5752191.927458203,2110171.3209952815,3332327.208392863,0.6332425326302181,5752191.927458203,9084519.135851067
53,density_positive,0.3,density_positive,14164961.678728703,6385191.346357953,7779770.332370751,7794133.73936291,0.9981571515870173,6385191.346357953,14179325.085720863
53,density_positive,0.3,density_negative,338405.4862816685,324042.07928950904,14363.406992159435,7794133.73936291,0.001842848412982646,324042.07928950904,8118175.818652419
53,density_positive,0.3,independent,7862363.248453485,3328234.0709157106,4534129.177537775,7794133.73936291,0.5817361273439469,3328234.0709157106,11122367.81027862
53,density_positive,0.5,density_positive,14164961.678728703,2958007.5423630346,11206954.136365669,11267934.508207012,0.9945881499580134,2958007.5423630346,14225942.050570047
53,density_positive,0.5,density_negative,338405.4862816685,277425.11444032716,60980.371841341315,11267934.508207012,0.005411850041986506,277425.11444032716,11545359.62264734
53,density_positive,0.5,independent,7862363.248453485,1586696.8175655683,6275666.430887917,11267934.508207012,0.5569491397307136,1586696.8175655683,12854631.32577258
53,density_negative,0.1,density_positive,14164961.678728703,14164738.111024719,223.5677039846778,5158.979959997014,0.04333564109925467,14164738.111024719,14169897.090984715
53,density_negative,0.1,density_negative,338405.4862816685,333470.0740256547,4935.412256013777,5158.979959997014,0.9566643589010246,333470.0740256547,338629.0539856517
53,density_negative,0.1,independent,7862363.248453485,7859470.636441245,2892.6120122401044,5158.979959997014,0.5606945626208206,7859470.636441245,7864629.616401242
53,density_negative,0.3,density_positive,14164961.678728703,13557646.595609967,607315.0831187367,779362.5454742215,0.7792459191751403,13557646.595609967,14337009.141084189
53,density_negative,0.3,density_negative,338405.4862816685,166358.02392618504,172047.46235548344,779362.5454742215,0.22075408082485812,166358.02392618504,945720.5694004064
53,density_negative,0.3,independent,7862363.248453485,7507071.740190825,355291.5082626594,779362.5454742215,0.4558744968254459,7507071.740190825,8286434.285665046
53,density_negative,0.5,density_positive,14164961.678728703,11244202.6424342,2920759.036294503,3194725.794383482,0.9142440460553364,11244202.6424342,14438928.436817683
53,density_negative,0.5,density_negative,338405.4862816685,64438.728192688075,273966.7580889804,3194725.794383482,0.08575595394466412,64438.728192688075,3259164.52257617
53,density_negative,0.5,independent,7862363.248453485,6224134.94842577,1638228.300027715,3194725.794383482,0.5127915212340971,6224134.94842577,9418860.742809251
54,random,0.1,density_positive,14164961.678728703,12755387.003529884,1409574.6751988195,1444214.114600101,0.9760150250221913,12755387.003529884,14199601.118129985
54,random,0.1,density_negative,338405.4862816685,303766.04688038054,34639.439401287935,1444214.114600101,0.023984974977813107,303766.04688038054,1747980.1614804815
54,random,0.1,independent,7862363.248453485,7085998.31870908,776364.9297444047,1444214.114600101,0.5375691332025087,7085998.31870908,8530212.43330918
54,random,0.3,density_positive,14164961.678728703,9914233.218050899,4250728.460677804,4353450.108357867,0.9764045423461142,9914233.218050899,14267683.326408766
54,random,0.3,density_negative,338405.4862816685,235683.8386016054,102721.64768006306,4353450.108357867,0.023595457653885904,235683.8386016054,4589133.946959472
54,random,0.3,independent,7862363.248453485,5501621.073446685,2360742.1750067994,4353450.108357867,0.5422692614472795,5501621.073446685,9855071.181804553
54,random,0.5,density_positive,14164961.678728703,7070493.425498361,7094468.253230343,7264125.356768314,0.9766445242605989,7070493.425498361,14334618.782266675
54,random,0.5,density_negative,338405.4862816685,168748.38274369607,169657.1035379724,7264125.356768314,0.023355475739401332,168748.38274369607,7432873.73951201
54,random,0.5,independent,7862363.248453485,3922390.074951993,3939973.173501492,7264125.356768314,0.5423878278519025,3922390.074951993,11186515.431720307
54,spatial,0.1,density_positive,14164961.678728703,12306916.61267982,1858045.066048883,1884933.3593920642,0.985735149092033,12306916.61267982,14191849.972071884
54,spatial,0.1,density_negative,338405.4862816685,311517.1929384838,26888.29334318469,1884933.3593920642,0.014264850907968866,311517.1929384838,2196450.552330548
54,spatial,0.1,independent,7862363.248453485,6769263.672781889,1093099.5756715955,1884933.3593920642,0.579914175864629,6769263.672781889,8654197.032173954
54,spatial,0.3,density_positive,14164961.678728703,9077959.89525711,5087001.783471594,5173045.792327283,0.9833668573003335,9077959.89525711,14251005.687584393
54,spatial,0.3,density_negative,338405.4862816685,252361.47742598024,86044.00885568824,5173045.792327283,0.016633142699666342,252361.47742598024,5425407.269753263
54,spatial,0.3,independent,7862363.248453485,4977939.725580469,2884423.522873016,5173045.792327283,0.5575870847985193,4977939.725580469,10150985.517907752
54,spatial,0.5,density_positive,14164961.678728703,6330042.292562203,7834919.386166501,7990891.088864689,0.980481312914459,6330042.292562203,14320933.381426891
54,spatial,0.5,density_negative,338405.4862816685,182433.78358347825,155971.70269819023,7990891.088864689,0.019518687085541296,182433.78358347825,8173324.872448167
54,spatial,0.5,independent,7862363.248453485,3445572.2195453458,4416791.028908139,7990891.088864689,0.5527282226462753,3445572.2195453458,11436463.308410034
54,density_positive,0.1,density_positive,14164961.678728703,10791014.191736098,3373947.486992605,3374589.946769541,0.999809618416735,10791014.191736098,14165604.13850564
54,density_positive,0.1,density_negative,338405.4862816685,337763.0265047314,642.4597769370885,3374589.946769541,0.00019038158326528185,337763.0265047314,3712352.9732742724
54,density_positive,0.1,independent,7862363.248453485,5808021.978413447,2054341.270040038,3374589.946769541,0.6087676732417925,5808021.978413447,9182611.925182987
54,density_positive,0.3,density_positive,14164961.678728703,6069908.354778801,8095053.323949902,8106758.598696654,0.9985561091274343,6069908.354778801,14176666.953475455
54,density_positive,0.3,density_negative,338405.4862816685,326700.21153491625,11705.274746752228,8106758.598696654,0.001443890872565777,326700.21153491625,8433458.81023157
54,density_positive,0.3,independent,7862363.248453485,3245379.4795615524,4616983.768891932,8106758.598696654,0.5695227892482475,3245379.4795615524,11352138.078258205
54,density_positive,0.5,density_positive,14164961.678728703,2566927.0419778978,11598034.636750806,11647277.988607215,0.9957721150036449,2566927.0419778978,14214205.030585112
54,density_positive,0.5,density_negative,338405.4862816685,289162.13442525733,49243.351856411144,11647277.988607215,0.004227884996355245,289162.13442525733,11936440.123032473
54,density_positive,0.5,independent,7862363.248453485,1363499.66865875,6498863.579794735,11647277.988607215,0.5579727371624167,1363499.66865875,13010777.657265965
54,density_negative,0.1,density_positive,14164961.678728703,14164611.764587957,349.91414074599743,5256.108843980283,0.06657284906623406,14164611.764587957,14169867.873431938
54,density_negative,0.1,density_negative,338405.4862816685,333499.29157843423,4906.194703234243,5256.108843980283,0.9334271509337578,333499.29157843423,338755.40042241453
54,density_negative,0.1,independent,7862363.248453485,7859645.4588710265,2717.7895824583247,5256.108843980283,0.5170725460852956,7859645.4588710265,7864901.567715007
54,density_negative,0.3,density_positive,14164961.678728703,13332453.262638118,832508.4160905853,994074.4136620825,0.8374709223464445,13332453.262638118,14326527.676300202
54,density_negative,0.3,density_negative,338405.4862816685,176839.48871017093,161565.99757149754,994074.4136620825,0.1625290776535558,176839.48871017093,1170913.9023722534
54,density_negative,0.3,independent,7862363.248453485,7318189.031432674,544174.2170208106,994074.4136620825,0.5474179895810021,7318189.031432674,8312263.445094757
54,density_negative,0.5,density_positive,14164961.678728703,10934745.613300608,3230216.065428095,3495894.0878194445,0.9240028399839008,10934745.613300608,14430639.701120052
54,density_negative,0.5,density_negative,338405.4862816685,72727.46389032253,265678.02239134593,3495894.0878194445,0.07599716001609819,72727.46389032253,3568621.551709767
54,density_negative,0.5,independent,7862363.248453485,5969262.9792477805,1893100.2692057043,3495894.0878194445,0.5415210591767444,5969262.9792477805,9465157.067067225
55,random,0.1,density_positive,14164961.678728703,12734167.28524458,1430794.393484123,1463834.9238911092,0.9774287866290557,12734167.28524458,14198002.209135689
55,random,0.1,density_negative,338405.4862816685,305364.95587468194,33040.53040698654,1463834.9238911092,0.022571213370944507,305364.95587468194,1769199.8797657911
55,random,0.1,independent,7862363.248453485,7064932.41446552,797430.8339879652,1463834.9238911092,0.5447546174593687,7064932.41446552,8528767.338356629
55,random,0.3,density_positive,14164961.678728703,9892888.653238479,4272073.025490224,4372239.254120898,0.9770904054401264,9892888.653238479,14265127.907359377
55,random,0.3,density_negative,338405.4862816685,238239.2576509937,100166.22863067477,4372239.254120898,0.022909594559873788,238239.2576509937,4610478.511771892
55,random,0.3,independent,7862363.248453485,5482746.419766014,2379616.8286874704,4372239.254120898,0.5442558584699242,5482746.419766014,9854985.673886914
55,random,0.5,density_positive,14164961.678728703,7082312.75141862,7082648.927310083,7251928.27059727,0.9766573334745291,7082312.75141862,14334241.02201589
55,random,0.5,density_negative,338405.4862816685,169126.14299448158,169279.3432871869,7251928.27059727,0.02334266652547089,169126.14299448158,7421054.413591751
55,random,0.5,independent,7862363.248453485,3923268.3180059586,3939094.9304475263,7251928.27059727,0.5431789702634637,3923268.3180059586,11175196.588603228
55,spatial,0.1,density_positive,14164961.678728703,12961451.200505514,1203510.4782231897,1241202.2887339534,0.9696328222620263,12961451.200505514,14202653.489239467
55,spatial,0.1,density_negative,338405.4862816685,300713.6757709046,37691.8105107639,1241202.2887339534,0.030367177737973847,300713.6757709046,1541915.964504858
55,spatial,0.1,independent,7862363.248453485,7281600.118341479,580763.1301120054,1241202.2887339534,0.4679036893368875,7281600.118341479,8522802.407075433
55,spatial,0.3,density_positive,14164961.678728703,10260825.125644473,3904136.55308423,4009801.855466331,0.9736482484195439,10260825.125644473,14270626.981110804
55,spatial,0.3,density_negative,338405.4862816685,232740.18389956726,105665.30238210122,4009801.855466331,0.02635175158045623,232740.18389956726,4242542.039365898
55,spatial,0.3,independent,7862363.248453485,5957045.005579108,1905318.2428743765,4009801.855466331,0.4751651856006217,5957045.005579108,9966846.861045439
55,spatial,0.5,density_positive,14164961.678728703,7514206.684137657,6650754.994591046,6824053.771424893,0.9746047169851563,7514206.684137657,14338260.45556255
55,spatial,0.5,density_negative,338405.4862816685,165106.70944782306,173298.77683384542,6824053.771424893,0.025395283014843513,165106.70944782306,6989160.480872717
55,spatial,0.5,independent,7862363.248453485,4447021.702823464,3415341.545630021,6824053.771424893,0.5004857317993967,4447021.702823464,11271075.474248357
55,density_positive,0.1,density_positive,14164961.678728703,11223846.263481874,2941115.4152468294,2945559.618774933,0.9984912192916496,11223846.263481874,14169405.882256806
55,density_positive,0.1,density_negative,338405.4862816685,333961.28275356506,4444.203528103419,2945559.618774933,0.0015087807083503462,333961.28275356506,3279520.9015284977
55,density_positive,0.1,independent,7862363.248453485,6374568.253526773,1487794.9949267115,2945559.618774933,0.5050975663312122,6374568.253526773,9320127.872301705
55,density_positive,0.3,density_positive,14164961.678728703,6581042.154604734,7583919.5241239695,7606255.410614327,0.9970634845552007,6581042.154604734,14187297.56521906
55,density_positive,0.3,density_negative,338405.4862816685,316069.59979130904,22335.886490359437,7606255.410614327,0.0029365154447995923,316069.59979130904,7922325.010405635
55,density_positive,0.3,independent,7862363.248453485,3764208.990794186,4098154.257659299,7606255.410614327,0.5387873580921874,3764208.990794186,11370464.401408512
55,density_positive,0.5,density_positive,14164961.678728703,2917113.6804490183,11247847.998279685,11310446.226252556,0.9944654501935056,2917113.6804490183,14227559.906701574
55,density_positive,0.5,density_negative,338405.4862816685,275807.2583087953,62598.227972873196,11310446.226252556,0.005534549806494558,275807.2583087953,11586253.48456135
55,density_positive,0.5,independent,7862363.248453485,1753133.682470465,6109229.56598302,11310446.226252556,0.5401404545651747,1753133.682470465,13063579.90872302
55,density_negative,0.1,density_positive,14164961.678728703,14164830.713966567,130.96476213634014,6538.049290730412,0.020031167755498694,14164830.713966567,14171368.763257297
55,density_negative,0.1,density_negative,338405.4862816685,331998.40175307257,6407.084528595908,6538.049290730412,0.979968832244782,331998.40175307257,338536.45104380295
55,density_negative,0.1,independent,7862363.248453485,7859834.5843010135,2528.6641524713486,6538.049290730412,0.38676125554092505,7859834.5843010135,7866372.633591744
55,density_negative,0.3,density_positive,14164961.678728703,13580456.382975848,584505.295752855,756022.9537416936,0.7731316792169247,13580456.382975848,14336479.336717542
55,density_negative,0.3,density_negative,338405.4862816685,166887.82829282797,171517.6579888405,756022.9537416936,0.22686832078307775,166887.82829282797,922910.7820345216
55,density_negative,0.3,independent,7862363.248453485,7560288.69691283,302074.5515406551,756022.9537416936,0.39955738122187134,7560288.69691283,8316311.650654524
55,density_negative,0.5,density_positive,14164961.678728703,11350808.262489833,2814153.4162388705,3091497.532290607,0.910288100457825,11350808.262489833,14442305.79478044
55,density_negative,0.5,density_negative,338405.4862816685,61061.37022992856,277344.1160517399,3091497.532290607,0.08971189954217598,61061.37022992856,3152558.902520536
55,density_negative,0.5,independent,7862363.248453485,6488155.5366407875,1374207.7118126974,3091497.532290607,0.44451198730037317,6488155.5366407875,9579653.068931395
56,random,0.1,density_positive,14164961.678728703,12762602.299160527,1402359.3795681763,1435812.3979574682,0.9767009823589204,12762602.299160527,14198414.697117995
56,random,0.1,density_negative,338405.4862816685,304952.4678923756,33453.018389292876,1435812.3979574682,0.023299017641080312,304952.4678923756,1740764.8658498437
56,random,0.1,independent,7862363.248453485,7081413.919896616,780949.3285568692,1435812.3979574682,0.5439076370059333,7081413.919896616,8517226.317854084
56,random,0.3,density_positive,14164961.678728703,9918358.711197754,4246602.967530949,4347534.477639615,0.9767841955876877,9918358.711197754,14265893.188837368
56,random,0.3,density_negative,338405.4862816685,237473.97617300058,100931.51010866789,4347534.477639615,0.023215804412312822,237473.97617300058,4585008.453812615
56,random,0.3,independent,7862363.248453485,5523238.7426451035,2339124.5058083814,4347534.477639615,0.5380347224016382,5523238.7426451035,9870773.220284719
56,random,0.5,density_positive,14164961.678728703,7096051.829463448,7068909.849265255,7237372.4815463,0.9767232330917626,7096051.829463448,14333424.31100975
56,random,0.5,density_negative,338405.4862816685,169942.8540006215,168462.63228104697,7237372.4815463,0.023276766908237684,169942.8540006215,7407315.335546922
56,random,0.5,independent,7862363.248453485,3960668.37891366,3901694.869539825,7237372.4815463,0.5391037810321748,3960668.37891366,11198040.860459961
56,spatial,0.1,density_positive,14164961.678728703,12556625.94164913,1608335.7370795738,1632484.4054417766,0.9852074125292071,12556625.94164913,14189110.347090906
56,spatial,0.1,density_negative,338405.4862816685,314256.8179194671,24148.668362201366,1632484.4054417766,0.014792587470792009,314256.8179194671,1946741.2233612437
56,spatial,0.1,independent,7862363.248453485,6857839.285456217,1004523.962997268,1632484.4054417766,0.6153344924146014,6857839.285456217,8490323.690897994
56,spatial,0.3,density_positive,14164961.678728703,9587419.36247672,4577542.316251984,4663989.205266315,0.9814650323554095,9587419.36247672,14251408.567743033
56,spatial,0.3,density_negative,338405.4862816685,251958.59726733778,86446.88901433069,4663989.205266315,0.01853496764459054,251958.59726733778,4915947.802533653
56,spatial,0.3,independent,7862363.248453485,5245969.801798364,2616393.4466551207,4663989.205266315,0.5609775948239409,5245969.801798364,9909959.007064678
56,spatial,0.5,density_positive,14164961.678728703,6648573.252444096,7516388.4262846075,7673921.802493113,0.9794715948034125,6648573.252444096,14322495.05493721
56,spatial,0.5,density_negative,338405.4862816685,180872.11007316114,157533.37620850734,7673921.802493113,0.020528405196587707,180872.11007316114,7854793.912566274
56,spatial,0.5,independent,7862363.248453485,3678936.721690838,4183426.5267626466,7673921.802493113,0.5451484435772501,3678936.721690838,11352858.524183951
56,density_positive,0.1,density_positive,14164961.678728703,11043215.337418394,3121746.3413103092,3122817.3807271826,0.9996570278417549,11043215.337418394,14166032.718145577
56,density_positive,0.1,density_negative,338405.4862816685,337334.44686479727,1071.0394168712082,3122817.3807271826,0.00034297215824442633,337334.44686479727,3460151.82759198
56,density_positive,0.1,independent,7862363.248453485,5892009.136218259,1970354.1122352257,3122817.3807271826,0.6309539982694752,5892009.136218259,9014826.516945442
56,density_positive,0.3,density_positive,14164961.678728703,6239852.596448575,7925109.082280128,7937948.689883673,0.9983825030741371,6239852.596448575,14177801.286332248
56,density_positive,0.3,density_negative,338405.4862816685,325565.878678123,12839.607603545475,7937948.689883673,0.001617496925863051,325565.878678123,8263514.568561796
56,density_positive,0.3,independent,7862363.248453485,3413347.302808071,4449015.945645414,7937948.689883673,0.5604742634977417,3413347.302808071,11351295.992691744
56,density_positive,0.5,density_positive,14164961.678728703,2700832.92443715,11464128.754291553,11516456.05220119,0.9954563020366292,2700832.92443715,14217288.97663834
56,density_positive,0.5,density_negative,338405.4862816685,286078.1883720332,52327.297909635294,11516456.05220119,0.0045436979633707505,286078.1883720332,11802534.240573222
56,density_positive,0.5,independent,7862363.248453485,1626392.804980047,6235970.443473438,11516456.05220119,0.5414834576893583,1626392.804980047,13142848.857181236
56,density_negative,0.1,density_positive,14164961.678728703,14164688.881599808,272.79712889529765,5201.796707711536,0.052442866229447715,14164688.881599808,14169890.67830752
56,density_negative,0.1,density_negative,338405.4862816685,333476.48670285207,4928.999578816409,5201.796707711536,0.9475571337705849,333476.48670285207,338678.2834105636
56,density_negative,0.1,independent,7862363.248453485,7859582.08693622,2781.1615172652528,5201.796707711536,0.5346540192818856,7859582.08693622,7864783.883643931
56,density_negative,0.3,density_positive,14164961.678728703,13390184.708806809,774776.9699218944,931426.0198031213,0.8318180439984505,13390184.708806809,14321610.72860993
56,density_negative,0.3,density_negative,338405.4862816685,181756.43640044163,156649.04988122685,931426.0198031213,0.16818195600154942,181756.43640044163,1113182.456203563
56,density_negative,0.3,independent,7862363.248453485,7368317.7633221345,494045.48513135035,931426.0198031213,0.5304183849574853,7368317.7633221345,8299743.783125256
56,density_negative,0.5,density_positive,14164961.678728703,11150917.347975304,3014044.330753399,3287947.6768868095,0.9166947369452194,11150917.347975304,14438865.024862114
56,density_negative,0.5,density_negative,338405.4862816685,64502.14014825679,273903.3461334117,3287947.6768868095,0.08330526305478098,64502.14014825679,3352449.8170350664
56,density_negative,0.5,independent,7862363.248453485,6170240.197431363,1692123.0510221217,3287947.6768868095,0.5146441541382152,6170240.197431363,9458187.874318173
57,random,0.1,density_positive,14164961.678728703,12759275.789131083,1405685.8895976208,1439970.9430855722,0.9761904546389767,12759275.789131083,14199246.732216654
57,random,0.1,density_negative,338405.4862816685,304120.4327937164,34285.0534879521,1439970.9430855722,0.023809545361023764,304120.4327937164,1744091.3758792887
57,random,0.1,independent,7862363.248453485,7078317.797081825,784045.4513716595,1439970.9430855722,0.5444869947803291,7078317.797081825,8518288.740167398
57,random,0.3,density_positive,14164961.678728703,9925648.362998921,4239313.315729782,4342451.074778544,0.9762489531205549,9925648.362998921,14268099.437777465
57,random,0.3,density_negative,338405.4862816685,235267.72723290493,103137.75904876355,4342451.074778544,0.023751046879445466,235267.72723290493,4577718.802011449
57,random,0.3,independent,7862363.248453485,5489715.721242474,2372647.5272110105,4342451.074778544,0.5463844005040427,5489715.721242474,9832166.796021018
57,random,0.5,density_positive,14164961.678728703,7112176.393673573,7052785.285055131,7223863.326293098,0.9763176525481476,7112176.393673573,14336039.71996667
57,random,0.5,density_negative,338405.4862816685,167327.44504370057,171078.0412379679,7223863.326293098,0.02368234745185248,167327.44504370057,7391190.771336799
57,random,0.5,independent,7862363.248453485,3929949.4914409285,3932413.7570125563,7223863.326293098,0.5443643628610096,3929949.4914409285,11153812.817734025
57,spatial,0.1,density_positive,14164961.678728703,12784248.106345432,1380713.5723832715,1415812.1026581326,0.9752096127664364,12784248.106345432,14200060.209003564
57,spatial,0.1,density_negative,338405.4862816685,303306.9560068088,35098.53027485969,1415812.1026581326,0.02479038723356267,303306.9560068088,1719119.0586649412
57,spatial,0.1,independent,7862363.248453485,6911643.340600849,950719.9078526357,1415812.1026581326,0.6715014697696791,6911643.340600849,8327455.443258982
57,spatial,0.3,density_positive,14164961.678728703,9870829.216977179,4294132.461751524,4396783.397928991,0.9766531741759628,9870829.216977179,14267612.61490617
57,spatial,0.3,density_negative,338405.4862816685,235754.55010420276,102650.93617746572,4396783.397928991,0.023346825824036996,235754.55010420276,4632537.948033194
57,spatial,0.3,independent,7862363.248453485,5092789.157818615,2769574.0906348694,4396783.397928991,0.6299091494794619,5092789.157818615,9489572.555747606
57,spatial,0.5,density_positive,14164961.678728703,6953428.300365196,7211533.378363508,7383394.810240301,0.9767232504432198,6953428.300365196,14336823.110605497
57,spatial,0.5,density_negative,338405.4862816685,166544.0544048723,171861.43187679618,7383394.810240301,0.023276749556780472,166544.0544048723,7549938.864645174
57,spatial,0.5,independent,7862363.248453485,3405535.200971874,4456828.047481611,7383394.810240301,0.6036285695165959,3405535.200971874,10788930.011212176
57,density_positive,0.1,density_positive,14164961.678728703,11023985.261601236,3140976.4171274677,3142491.6692510974,0.9995178182528036,11023985.261601236,14166476.930852333
57,density_positive,0.1,density_negative,338405.4862816685,336890.2341580394,1515.2521236290922,3142491.6692510974,0.0004821817471962303,336890.2341580394,3479381.903409137
57,density_positive,0.1,independent,7862363.248453485,5666796.11456892,2195567.133884565,3142491.6692510974,0.6986707889691244,5666796.11456892,8809287.783820018
57,density_positive,0.3,density_positive,14164961.678728703,6388442.905417599,7776518.773311105,7793509.982100674,0.9978198258770961,6388442.905417599,14181952.887518272
57,density_positive,0.3,density_negative,338405.4862816685,321414.2774920975,16991.208789570956,7793509.982100674,0.002180174122904135,321414.2774920975,8114924.2595927715
57,density_positive,0.3,independent,7862363.248453485,3074604.8582333173,4787758.390220167,7793509.982100674,0.6143263306541205,3074604.8582333173,10868114.84033399
57,density_positive,0.5,density_positive,14164961.678728703,2866695.1282367734,11298266.550491929,11357593.60878947,0.9947764411775019,2866695.1282367734,14224288.737026244
57,density_positive,0.5,density_negative,338405.4862816685,279078.42798412876,59327.05829753971,11357593.60878947,0.005223558822498051,279078.42798412876,11636672.0367736
57,density_positive,0.5,independent,7862363.248453485,1422431.3360987164,6439931.912354768,11357593.60878947,0.5670155258391181,1422431.3360987164,12780024.944888186
57,density_negative,0.1,density_positive,14164961.678728703,14164942.998963937,18.67976476624608,5427.402388992289,0.0034417504779324774,14164942.998963937,14170370.401352929
57,density_negative,0.1,density_negative,338405.4862816685,332996.76365744276,5408.722624225717,5427.402388992289,0.9965582495220073,332996.76365744276,338424.1660464351
57,density_negative,0.1,independent,7862363.248453485,7859542.383641819,2820.86481166631,5427.402388992289,0.5197449183770696,7859542.383641819,7864969.786030811
57,density_negative,0.3,density_positive,14164961.678728703,13544359.492150083,620602.1865786202,790758.3284974117,0.7848190328363409,13544359.492150083,14335117.820647495
57,density_negative,0.3,density_negative,338405.4862816685,168249.34436288095,170156.14191878753,790758.3284974117,0.2151809671636541,168249.34436288095,959007.6728602926
57,density_negative,0.3,independent,7862363.248453485,7416455.436150321,445907.81230316404,790758.3284974117,0.5638989767587679,7416455.436150321,8207213.7646477325
57,density_negative,0.5,density_positive,14164961.678728703,11313214.55814837,2851747.120580334,3130708.1847956413,0.9108952199473307,11313214.55814837,14443922.74294401
57,density_negative,0.5,density_negative,338405.4862816685,59444.42206635956,278961.0642153089,3130708.1847956413,0.08910478005266986,59444.42206635956,3190152.606862001
57,density_negative,0.5,independent,7862363.248453485,6026813.437477954,1835549.810975531,3130708.1847956413,0.5863049836103928,6026813.437477954,9157521.622273594
58,random,0.1,density_positive,14164961.678728703,12745915.597741572,1419046.0809871312,1452901.4715271916,0.9766980822832577,12745915.597741572,14198817.069268763
58,random,0.1,density_negative,338405.4862816685,304550.09574160574,33855.39054006274,1452901.4715271916,0.023301917716743895,304550.09574160574,1757451.5672687972
58,random,0.1,independent,7862363.248453485,7074578.749906619,787784.4985468658,1452901.4715271916,0.5422146745565617,7074578.749906619,8527480.22143381
58,random,0.3,density_positive,14164961.678728703,9911575.01565719,4253386.663071513,4354673.194691815,0.9767407272390115,9911575.01565719,14266248.210349005
58,random,0.3,density_negative,338405.4862816685,237118.95466136702,101286.53162030145,4354673.194691815,0.02325927276098835,237118.95466136702,4591792.149353183
58,random,0.3,independent,7862363.248453485,5504843.011695919,2357520.236757566,4354673.194691815,0.5413770750079009,5504843.011695919,9859516.206387734
58,random,0.5,density_positive,14164961.678728703,7071799.250264841,7093162.428463862,7262795.124555418,0.9766436071536659,7071799.250264841,14334594.374820258
58,random,0.5,density_negative,338405.4862816685,168772.79019011286,169632.6960915556,7262795.124555418,0.023356392846334,168772.79019011286,7431567.914745531
58,random,0.5,independent,7862363.248453485,3924675.6379752047,3937687.61047828,7262795.124555418,0.5421724753277162,3924675.6379752047,11187470.762530623
58,spatial,0.1,density_positive,14164961.678728703,12598094.417295568,1566867.2614331357,1594945.1724915663,0.9823956888658635,12598094.417295568,14193039.589787133
58,spatial,0.1,density_negative,338405.4862816685,310327.57522323774,28077.911058430735,1594945.1724915663,0.017604311134136623,310327.57522323774,1905272.747714804
58,spatial,0.1,independent,7862363.248453485,7115011.117972283,747352.1304812022,1594945.1724915663,0.4685754365547973,7115011.117972283,8709956.29046385
58,spatial,0.3,density_positive,14164961.678728703,9798265.711511226,4366695.967217477,4462695.110615818,0.9784885274438805,9798265.711511226,14260960.822127044
58,spatial,0.3,density_negative,338405.4862816685,242406.34288332888,95999.1433983396,4462695.110615818,0.02151147255611922,242406.34288332888,4705101.453499147
58,spatial,0.3,independent,7862363.248453485,5477755.876943247,2384607.3715102375,4462695.110615818,0.5343424348747813,5477755.876943247,9940450.987559065
58,spatial,0.5,density_positive,14164961.678728703,7050070.113938422,7114891.5647902815,7283146.26313057,0.9768980750541777,7050070.113938422,14333216.377068993
58,spatial,0.5,density_negative,338405.4862816685,170150.78794137813,168254.69834029034,7283146.26313057,0.02310192494582254,170150.78794137813,7453297.051071948
58,spatial,0.5,independent,7862363.248453485,3824112.7504493752,4038250.4980041096,7283146.26313057,0.5544651105590069,3824112.7504493752,11107259.013579946
58,density_positive,0.1,density_positive,14164961.678728703,11086301.168877069,3078660.5098516345,3080166.056550797,0.9995112124893525,11086301.168877069,14166467.225427866
58,density_positive,0.1,density_negative,338405.4862816685,336899.93958250625,1505.5466991622234,3080166.056550797,0.0004887875106474456,336899.93958250625,3417065.9961333033
58,density_positive,0.1,independent,7862363.248453485,6074491.148536921,1787872.0999165643,3080166.056550797,0.5804466600474919,6074491.148536921,9154657.205087718
58,density_positive,0.3,density_positive,14164961.678728703,6377363.429976671,7787598.248752032,7801613.757868567,0.9982035115360077,6377363.429976671,14178977.187845238
58,density_positive,0.3,density_negative,338405.4862816685,324389.9771651332,14015.50911653525,7801613.757868567,0.0017964884639923965,324389.9771651332,8126003.7350337
58,density_positive,0.3,independent,7862363.248453485,3384760.500124533,4477602.748328952,7801613.757868567,0.5739328922574414,3384760.500124533,11186374.2579931
58,density_positive,0.5,density_positive,14164961.678728703,2892432.151295965,11272529.527432738,11331661.99056485,0.9947816601676482,2892432.151295965,14224094.141860815
58,density_positive,0.5,density_negative,338405.4862816685,279273.02314956044,59132.46313210804,11331661.99056485,0.0052183398323515,279273.02314956044,11610935.01371441
58,density_positive,0.5,independent,7862363.248453485,1591249.9577477246,6271113.29070576,11331661.99056485,0.5534151385672565,1591249.9577477246,12922911.948312573
58,density_negative,0.1,density_positive,14164961.678728703,14164546.092863299,415.58586540445685,5356.189420164767,0.07758983725255791,14164546.092863299,14169902.282283464
58,density_negative,0.1,density_negative,338405.4862816685,333464.8827269107,4940.603554757778,5356.189420164767,0.9224101627469692,333464.8827269107,338821.0721470755
58,density_negative,0.1,independent,7862363.248453485,7860167.632916479,2195.6155370054767,5356.189420164767,0.409921189258078,7860167.632916479,7865523.822336644
58,density_negative,0.3,density_positive,14164961.678728703,13442650.570711931,722311.1080167722,887681.565975962,0.8137052020705497,13442650.570711931,14330332.136687893
58,density_negative,0.3,density_negative,338405.4862816685,173035.02832247995,165370.45795918853,887681.565975962,0.1862947979294488,173035.02832247995,1060716.594298442
58,density_negative,0.3,independent,7862363.248453485,7516688.169185023,345675.079268462,887681.565975962,0.38941338033578443,7516688.169185023,8404369.735160984
58,density_negative,0.5,density_positive,14164961.678728703,11214153.816933516,2950807.861795187,3224643.187235713,0.9150804260997112,11214153.816933516,14438797.00416923
58,density_negative,0.5,density_negative,338405.4862816685,64570.160841144214,273835.32544052426,3224643.187235713,0.08491957390028827,64570.160841144214,3289213.348076857
58,density_negative,0.5,independent,7862363.248453485,6367732.734173275,1494630.5142802102,3224643.187235713,0.46350260400793813,6367732.734173275,9592375.921408989
59,random,0.1,density_positive,14164961.678728703,12754981.776898894,1409979.901829809,1444804.0302983283,0.9758969882847511,12754981.776898894,14199785.807197222
59,random,0.1,density_negative,338405.4862816685,303581.35781314777,34824.12846852071,1444804.0302983283,0.02410301171524978,303581.35781314777,1748385.388111476
59,random,0.1,independent,7862363.248453485,7086896.1302415095,775467.1182119753,1444804.0302983283,0.5367282357676245,7086896.1302415095,8531700.160539838
59,random,0.3,density_positive,14164961.678728703,9924272.474528879,4240689.2041998245,4343461.1637001475,0.9763386949653827,9924272.474528879,14267733.638229027
59,random,0.3,density_negative,338405.4862816685,235633.52678134668,102771.9595003218,4343461.1637001475,0.023661305034617018,235633.52678134668,4579094.690481494
59,random,0.3,independent,7862363.248453485,5509894.007169215,2352469.24128427,4343461.1637001475,0.5416116669684291,5509894.007169215,9853355.170869362
59,random,0.5,density_positive,14164961.678728703,7074836.957925249,7090124.7208034545,7259364.270456128,0.9766867258140719,7074836.957925249,14334201.228381377
59,random,0.5,density_negative,338405.4862816685,169165.93662899148,169239.549652677,7259364.270456128,0.023313274185928566,169165.93662899148,7428530.20708512
59,random,0.5,independent,7862363.248453485,3931102.438187381,3931260.810266104,7259364.270456128,0.5415434001935119,3931102.438187381,11190466.70864351
59,spatial,0.1,density_positive,14164961.678728703,12718669.207084801,1446292.4716439024,1477369.0732535298,0.9789649031022497,12718669.207084801,14196038.28033833
59,spatial,0.1,density_negative,338405.4862816685,307328.8846720399,31076.60160962859,1477369.0732535298,0.021035096897750995,307328.8846720399,1784697.9579255697
59,spatial,0.1,independent,7862363.248453485,7108505.448820945,753857.79963254,1477369.0732535298,0.5102704620534392,7108505.448820945,8585874.522074474
59,spatial,0.3,density_positive,14164961.678728703,9704777.0023751,4460184.676353604,4557260.410639524,0.9786986642107867,9704777.0023751,14262037.413014624
59,spatial,0.3,density_negative,338405.4862816685,241329.75199574613,97075.73428592234,4557260.410639524,0.02130133578921368,241329.75199574613,4798590.1626352705
59,spatial,0.3,independent,7862363.248453485,5497148.744751733,2365214.503701752,4557260.410639524,0.5189991992074553,5497148.744751733,10054409.155391257
59,spatial,0.5,density_positive,14164961.678728703,6826208.285555965,7338753.393172738,7501945.317555613,0.9782467190208675,6826208.285555965,14328153.603111578
59,spatial,0.5,density_negative,338405.4862816685,175213.56189879306,163191.9243828754,7501945.317555613,0.021753280979132605,175213.56189879306,7677158.879454406
59,spatial,0.5,independent,7862363.248453485,3942422.6395406444,3919940.6089128405,7501945.317555613,0.5225232180431421,3942422.6395406444,11444367.957096256
59,density_positive,0.1,density_positive,14164961.678728703,10859352.491220528,3305609.187508175,3307165.6054784846,0.9995293800928108,10859352.491220528,14166518.096699012
59,density_positive,0.1,density_negative,338405.4862816685,336849.0683113606,1556.4179703078698,3307165.6054784846,0.0004706199071886772,336849.0683113606,3644014.6737898453
59,density_positive,0.1,independent,7862363.248453485,5973000.440560114,1889362.8078933712,3307165.6054784846,0.5712936796281225,5973000.440560114,9280166.046038598
59,density_positive,0.3,density_positive,14164961.678728703,6215643.852159748,7949317.826568956,7966386.956583376,0.9978573561506054,6215643.852159748,14182030.808743123
59,density_positive,0.3,density_negative,338405.4862816685,321336.35626724816,17069.130014420312,7966386.956583376,0.0021426438493945465,321336.35626724816,8287723.312850624
59,density_positive,0.3,independent,7862363.248453485,3568824.6168246404,4293538.631628845,7966386.956583376,0.5389568263540964,3568824.6168246404,11535211.573408017
59,density_positive,0.5,density_positive,14164961.678728703,2784826.637741382,11380135.040987322,11440654.139129536,0.9947101715158729,2784826.637741382,14225480.776870918
59,density_positive,0.5,density_negative,338405.4862816685,277886.3881394515,60519.09814221697,11440654.139129536,0.005289828484127357,277886.3881394515,11718540.527268987
59,density_positive,0.5,independent,7862363.248453485,1704337.7619387324,6158025.486514753,11440654.139129536,0.5382581635304367,1704337.7619387324,13144991.901068268
59,density_negative,0.1,density_positive,14164961.678728703,14164895.702082206,65.97664649784565,4432.708078929242,0.014884049507221974,14164895.702082206,14169328.410161136
59,density_negative,0.1,density_negative,338405.4862816685,334038.7548492388,4366.731432429689,4432.708078929242,0.9851159504923929,334038.7548492388,338471.462928168
59,density_negative,0.1,independent,7862363.248453485,7860408.273658492,1954.974794993177,4432.708078929242,0.44103395941774215,7860408.273658492,7864840.981737421
59,density_negative,0.3,density_positive,14164961.678728703,13516132.93359411,648828.7451345939,815498.2852345103,0.7956224517970779,13516132.93359411,14331631.21882862
59,density_negative,0.3,density_negative,338405.4862816685,171735.94618175193,166669.54009991654,815498.2852345103,0.20437754820292223,171735.94618175193,987234.2314162622
59,density_negative,0.3,independent,7862363.248453485,7505131.905033973,357231.3434195118,815498.2852345103,0.43805284436224645,7505131.905033973,8320630.190268483
59,density_negative,0.5,density_positive,14164961.678728703,11230691.189501908,2934270.4892267957,3211318.423842375,0.9137276663196517,11230691.189501908,14442009.613344282
59,density_negative,0.5,density_negative,338405.4862816685,61357.551666089064,277047.93461557943,3211318.423842375,0.08627233368034826,61357.551666089064,3272675.975508464
59,density_negative,0.5,independent,7862363.248453485,6366276.655901219,1496086.592552266,3211318.423842375,0.4658792418231087,6366276.655901219,9577595.079743594
60,random,0.1,density_positive,14164961.678728703,12748922.76785016,1416038.9108785428,1449855.7377823316,0.9766757298519132,12748922.76785016,14198778.505632492
60,random,0.1,density_negative,338405.4862816685,304588.65937787667,33816.82690379181,1449855.7377823316,0.023324270148088872,304588.65937787667,1754444.3971602083
60,random,0.1,independent,7862363.248453485,7083497.211545828,778866.036907657,1449855.7377823316,0.5372024378777118,7083497.211545828,8533352.94932816
60,random,0.3,density_positive,14164961.678728703,9904199.455188178,4260762.223540526,4362473.046708734,0.9766850540784558,9904199.455188178,14266672.50189691
60,random,0.3,density_negative,338405.4862816685,236694.6631134589,101710.82316820958,4362473.046708734,0.023314945921544494,236694.6631134589,4599167.709822193
60,random,0.3,independent,7862363.248453485,5504568.103253662,2357795.145199823,4362473.046708734,0.5404721404476438,5504568.103253662,9867041.149962395
60,random,0.5,density_positive,14164961.678728703,7063331.405309913,7101630.273418791,7270974.9065575525,0.9767095010895949,7063331.405309913,14334306.311867464
60,random,0.5,density_negative,338405.4862816685,169060.8531429073,169344.6331387612,7270974.9065575525,0.023290498910405057,169060.8531429073,7440035.759700459
60,random,0.5,independent,7862363.248453485,3917473.6529952437,3944889.595458241,7270974.9065575525,0.5425530477213477,3917473.6529952437,11188448.559552796
60,spatial,0.1,density_positive,14164961.678728703,12735852.65026931,1429109.0284593925,1462057.0400043551,0.9774646196123343,12735852.65026931,14197909.690273667
60,spatial,0.1,density_negative,338405.4862816685,305457.4747367067,32948.01154496177,1462057.0400043551,0.02253538038766506,305457.4747367067,1767514.5147410617
60,spatial,0.1,independent,7862363.248453485,7014129.844392933,848233.4040605519,1462057.0400043551,0.5801643717388928,7014129.844392933,8476186.884397289
60,spatial,0.3,density_positive,14164961.678728703,9732820.351197807,4432141.327530896,4531633.364738854,0.9780449941113692,9732820.351197807,14264453.71593666
60,spatial,0.3,density_negative,338405.4862816685,238913.44907371094,99492.03720795753,4531633.364738854,0.021955005888630842,238913.44907371094,4770546.813812565
60,spatial,0.3,independent,7862363.248453485,5179485.65214377,2682877.596309715,4531633.364738854,0.5920332428447291,5179485.65214377,9711119.016882624
60,spatial,0.5,density_positive,14164961.678728703,6776551.9059948465,7388409.772733857,7554786.29069585,0.9779773362792678,6776551.9059948465,14331338.196690697
60,spatial,0.5,density_negative,338405.4862816685,172028.9683196741,166376.51796199437,7554786.29069585,0.02202266372073245,172028.9683196741,7726815.259015524
60,spatial,0.5,independent,7862363.248453485,3488030.3718021135,4374332.876651371,7554786.29069585,0.5790147739901804,3488030.3718021135,11042816.662497964
60,density_positive,0.1,density_positive,14164961.678728703,10911952.855875693,3253008.82285301,3254899.936410269,0.9994189948710546,10911952.855875693,14166852.792285962
60,density_positive,0.1,density_negative,338405.4862816685,336514.37272440555,1891.1135572629282,3254899.936410269,0.0005810051289467843,336514.37272440555,3591414.3091346743
60,density_positive,0.1,independent,7862363.248453485,5771384.492875711,2090978.7555777738,3254899.936410269,0.6424095352939947,5771384.492875711,9026284.42928598
60,density_positive,0.3,density_positive,14164961.678728703,6114672.197060753,8050289.481667951,8065720.547335561,0.9980868335845446,6114672.197060753,14180392.744396314
60,density_positive,0.3,density_negative,338405.4862816685,322974.4206140548,15431.0656676137,8065720.547335561,0.0019131664154557419,322974.4206140548,8388694.967949616
60,density_positive,0.3,independent,7862363.248453485,3120006.655473497,4742356.592979988,8065720.547335561,0.5879644062980316,3120006.655473497,11185727.202809058
60,density_positive,0.5,density_positive,14164961.678728703,2733998.5476751425,11430963.131053561,11492349.434515698,0.9946585070518504,2733998.5476751425,14226347.98219084
60,density_positive,0.5,density_negative,338405.4862816685,277019.1828195277,61386.303462140786,11492349.434515698,0.00534149294814996,277019.1828195277,11769368.617335226
60,density_positive,0.5,independent,7862363.248453485,1401360.9068379225,6461002.341615562,11492349.434515698,0.5622003036394653,1401360.9068379225,12893710.341353621
60,density_negative,0.1,density_positive,14164961.678728703,14164479.049466405,482.62926229834557,5769.744918389282,0.08364828413126439,14164479.049466405,14170248.794384794
60,density_negative,0.1,density_negative,338405.4862816685,333118.37062557746,5287.115656091017,5769.744918389282,0.9163517158687495,333118.37062557746,338888.11554396676
60,density_negative,0.1,independent,7862363.248453485,7859771.305418959,2591.9430345259607,5769.744918389282,0.44923009096380356,7859771.305418959,7865541.050337348
60,density_negative,0.3,density_positive,14164961.678728703,13498639.904359628,666321.7743690759,836863.4734953616,0.796213236056322,13498639.904359628,14335503.37785499
60,density_negative,0.3,density_negative,338405.4862816685,167863.7871553807,170541.69912628777,836863.4734953616,0.20378676394368048,167863.7871553807,1004727.2606507423
60,density_negative,0.3,independent,7862363.248453485,7385972.744174387,476390.50427909754,836863.4734953616,0.5692571361602604,7385972.744174387,8222836.217669749
60,density_negative,0.5,density_positive,14164961.678728703,11211553.752974646,2953407.9257540572,3228729.044579502,0.9147277101843949,11211553.752974646,14440282.797554148
60,density_negative,0.5,density_negative,338405.4862816685,63084.367456219785,275321.1188254487,3228729.044579502,0.08527228981560622,63084.367456219785,3291813.412035722
60,density_negative,0.5,independent,7862363.248453485,6160606.055971639,1701757.1924818456,3228729.044579502,0.5270672047686418,6160606.055971639,9389335.100551141
61,random,0.1,density_positive,14164961.678728703,12750797.762655927,1414163.9160727765,1447354.6559682447,0.9770679979792068,12750797.762655927,14198152.418624172
61,random,0.1,density_negative,338405.4862816685,305214.7463861969,33190.739895471605,1447354.6559682447,0.02293200202079553,305214.7463861969,1752569.4023544416
61,random,0.1,independent,7862363.248453485,7074424.773512562,787938.474940923,1447354.6559682447,0.5443990328782351,7074424.773512562,8521779.429480806
61,random,0.3,density_positive,14164961.678728703,9939228.904641666,4225732.774087038,4326912.807605645,0.9766161145330321,9939228.904641666,14266141.71224731
61,random,0.3,density_negative,338405.4862816685,237225.45276306075,101180.03351860773,4326912.807605645,0.02338388546696809,237225.45276306075,4564138.260368706
61,random,0.3,independent,7862363.248453485,5506367.969026516,2355995.2794269687,4326912.807605645,0.5444979790870088,5506367.969026516,9833280.77663216
61,random,0.5,density_positive,14164961.678728703,7113445.810956906,7051515.867771798,7221355.444290725,0.9764809282925959,7113445.810956906,14334801.25524763
61,random,0.5,density_negative,338405.4862816685,168565.90976273982,169839.57651892866,7221355.444290725,0.023519071707404395,168565.90976273982,7389921.354053465
61,random,0.5,independent,7862363.248453485,3951804.9138407195,3910558.3346127653,7221355.444290725,0.5415269148265637,3951804.9138407195,11173160.358131444
61,spatial,0.1,density_positive,14164961.678728703,12604375.258403983,1560586.4203247204,1588313.1157446466,0.9825433063889754,12604375.258403983,14192688.37414863
61,spatial,0.1,density_negative,338405.4862816685,310678.79086174176,27726.69541992672,1588313.1157446466,0.01745669361102496,310678.79086174176,1898991.9066063883
61,spatial,0.1,independent,7862363.248453485,7067229.760226893,795133.4882265916,1588313.1157446466,0.5006150741592348,7067229.760226893,8655542.87597154
61,spatial,0.3,density_positive,14164961.678728703,9580009.892553208,4584951.786175495,4674550.865324858,0.9808325801278588,9580009.892553208,14254560.757878065
61,spatial,0.3,density_negative,338405.4862816685,248806.4071323058,89599.07914936269,4674550.865324858,0.019167419872141236,248806.4071323058,4923357.272457164
61,spatial,0.3,independent,7862363.248453485,5505735.832466064,2356627.415987421,4674550.865324858,0.5041398593966625,5505735.832466064,10180286.69779092
61,spatial,0.5,density_positive,14164961.678728703,6705830.181415206,7459131.497313498,7620024.87577672,0.9788854523330119,6705830.181415206,14325855.057191927
61,spatial,0.5,density_negative,338405.4862816685,177512.10781844717,160893.3784632213,7620024.87577672,0.021114547666987924,177512.10781844717,7797536.983595167
61,spatial,0.5,independent,7862363.248453485,3894796.173153072,3967567.0753004127,7620024.87577672,0.520676394103765,3894796.173153072,11514821.048929792
61,density_positive,0.1,density_positive,14164961.678728703,10863403.691250574,3301557.9874781296,3302613.931180693,0.9996802703178248,10863403.691250574,14166017.622431267
61,density_positive,0.1,density_negative,338405.4862816685,337349.54257909924,1055.9437025692314,3302613.931180693,0.00031972968217684733,337349.54257909924,3639963.4737597923
61,density_positive,0.1,independent,7862363.248453485,6098032.550890684,1764330.6975628007,3302613.931180693,0.5342225080883274,6098032.550890684,9400646.482071377
61,density_positive,0.3,density_positive,14164961.678728703,6183322.742876396,7981638.935852308,7995803.957748461,0.9982284430720157,6183322.742876396,14179126.700624857
61,density_positive,0.3,density_negative,338405.4862816685,324240.46438551287,14165.02189615561,7995803.957748461,0.001771556927984555,324240.46438551287,8320044.422133974
61,density_positive,0.3,independent,7862363.248453485,3485303.7005508123,4377059.547902673,7995803.957748461,0.5474195679423848,3485303.7005508123,11481107.658299273
61,density_positive,0.5,density_positive,14164961.678728703,2710466.3899961654,11454495.288732538,11509838.28953525,0.9951916786830072,2710466.3899961654,14220304.679531416
61,density_positive,0.5,density_negative,338405.4862816685,283062.4854789508,55343.000802717695,11509838.28953525,0.004808321316993269,283062.4854789508,11792900.775014201
61,density_positive,0.5,independent,7862363.248453485,1519079.2361064393,6343284.012347045,11509838.28953525,0.5511184304052613,1519079.2361064393,13028917.52564169
61,density_negative,0.1,density_positive,14164961.678728703,14164879.057406846,82.62132185697556,4273.599244207907,0.019332959675372897,14164879.057406846,14169152.656651054
61,density_negative,0.1,density_negative,338405.4862816685,334214.5083593146,4190.9779223538935,4273.599244207907,0.9806670403253203,334214.5083593146,338488.1076035225
61,density_negative,0.1,independent,7862363.248453485,7860868.832283055,1494.4161704294384,4273.599244207907,0.349685612766534,7860868.832283055,7865142.4315272635
61,density_negative,0.3,density_positive,14164961.678728703,13468442.47215526,696519.2065734435,860826.4411499071,0.8091284994022964,13468442.47215526,14329268.913305167
61,density_negative,0.3,density_negative,338405.4862816685,174098.25170520286,164307.23457646562,860826.4411499071,0.190871500597706,174098.25170520286,1034924.6928551099
61,density_negative,0.3,independent,7862363.248453485,7458217.647942665,404145.6005108198,860826.4411499071,0.4694855794287116,7458217.647942665,8319044.089092572
61,density_negative,0.5,density_positive,14164961.678728703,11067799.506729368,3097162.1719993353,3368021.61199932,0.9195790671191099,11067799.506729368,14435821.118728688
61,density_negative,0.5,density_negative,338405.4862816685,67546.04628168658,270859.4399999819,3368021.61199932,0.0804209328808893,67546.04628168658,3435567.6582810064
61,density_negative,0.5,independent,7862363.248453485,6219418.302189451,1642944.9462640341,3368021.61199932,0.4878071270120953,6219418.302189451,9587439.91418877
62,random,0.1,density_positive,14164961.678728703,12746622.20432378,1418339.4744049236,1451983.6813963167,0.976828798131506,12746622.20432378,14198605.885720097
62,random,0.1,density_negative,338405.4862816685,304761.27929027507,33644.20699139341,1451983.6813963167,0.023171201868494192,304761.27929027507,1756744.960686592
62,random,0.1,independent,7862363.248453485,7084480.347942622,777882.9005108625,1451983.6813963167,0.5357380461485645,7084480.347942622,8536464.02933894
62,random,0.3,density_positive,14164961.678728703,9896854.238747284,4268107.43998142,4370689.359048375,0.976529579057229,9896854.238747284,14267543.597795658
62,random,0.3,density_negative,338405.4862816685,235823.56721470872,102581.91906695976,4370689.359048375,0.023470420942772012,235823.56721470872,4606512.926263084
62,random,0.3,independent,7862363.248453485,5491453.594152536,2370909.6543009486,4370689.359048375,0.5424566834960708,5491453.594152536,9862142.95320091
62,random,0.5,density_positive,14164961.678728703,7075973.831611369,7088987.847117335,7259202.801022403,0.9765518392899707,7075973.831611369,14335176.632633772
62,random,0.5,density_negative,338405.4862816685,168190.53237659862,170214.95390506985,7259202.801022403,0.023448160710029534,168190.53237659862,7427393.3333990015
62,random,0.5,independent,7862363.248453485,3916467.2154786107,3945896.032974874,7259202.801022403,0.5435715382437207,3916467.2154786107,11175670.016501013
62,spatial,0.1,density_positive,14164961.678728703,12765122.85990011,1399838.818828594,1430125.025065498,0.9788226863343525,12765122.85990011,14195247.884965608
62,spatial,0.1,density_negative,338405.4862816685,308119.2800447622,30286.20623690629,1430125.025065498,0.02117731366564907,308119.2800447622,1738244.3051102601
62,spatial,0.1,independent,7862363.248453485,7219005.154263318,643358.0941901673,1430125.025065498,0.44986143373073434,7219005.154263318,8649130.179328816
62,spatial,0.3,density_positive,14164961.678728703,9830463.913450833,4334497.76527787,4429099.509794373,0.9786408627064477,9830463.913450833,14259563.423245206
62,spatial,0.3,density_negative,338405.4862816685,243803.74176516163,94601.74451650685,4429099.509794373,0.021359137293553123,243803.74176516163,4672903.251559535
62,spatial,0.3,independent,7862363.248453485,5656317.623798563,2206045.6246549217,4429099.509794373,0.4980799414816806,5656317.623798563,10085417.133592937
62,spatial,0.5,density_positive,14164961.678728703,6870676.735989239,7294284.942739464,7454367.67495176,0.978524974995504,6870676.735989239,14325044.410941
62,spatial,0.5,density_negative,338405.4862816685,178322.75406937345,160082.73221229503,7454367.67495176,0.021475025004495902,178322.75406937345,7632690.429021133
62,spatial,0.5,independent,7862363.248453485,3932438.774785378,3929924.473668107,7454367.67495176,0.5271975632317517,3932438.774785378,11386806.449737139
62,density_positive,0.1,density_positive,14164961.678728703,10961616.102959193,3203345.57576951,3204989.249272204,0.9994871516330149,10961616.102959193,14166605.352231398
62,density_positive,0.1,density_negative,338405.4862816685,336761.8127789732,1643.673502695281,3204989.249272204,0.0005128483669854837,336761.8127789732,3541751.062051177
62,density_positive,0.1,independent,7862363.248453485,6160420.599452604,1701942.6490008812,3204989.249272204,0.531029128845709,6160420.599452604,9365409.848724809
62,density_positive,0.3,density_positive,14164961.678728703,6219027.7854179535,7945933.89331075,7960549.9651251305,0.9981639369291804,6219027.7854179535,14179577.750543084
62,density_positive,0.3,density_negative,338405.4862816685,323789.41446728556,14616.071814382914,7960549.9651251305,0.0018360630708199024,323789.41446728556,8284339.379592416
62,density_positive,0.3,independent,7862363.248453485,3422565.3960591727,4439797.852394313,7960549.9651251305,0.5577250154631149,3422565.3960591727,11383115.361184303
62,density_positive,0.5,density_positive,14164961.678728703,2683802.599071615,11481159.079657089,11535330.200246485,0.9953038951075507,2683802.599071615,14219132.7993181
62,density_positive,0.5,density_negative,338405.4862816685,284234.36569226725,54171.120589401224,11535330.200246485,0.00469610489244978,284234.36569226725,11819564.565938752
62,density_positive,0.5,independent,7862363.248453485,1430619.6115364793,6431743.636917005,11535330.200246485,0.5575690964424731,1430619.6115364793,12965949.811782964
62,density_negative,0.1,density_positive,14164961.678728703,14164020.197360832,941.4813678711653,6330.096751250681,0.1487309601840051,14164020.197360832,14170350.294112083
62,density_negative,0.1,density_negative,338405.4862816685,333016.8708982875,5388.615383380966,6330.096751250681,0.8512690398162239,333016.8708982875,339346.9676495382
62,density_negative,0.1,independent,7862363.248453485,7859226.351668566,3136.8967849183828,6330.096751250681,0.495552739268733,7859226.351668566,7865556.448419817
62,density_negative,0.3,density_positive,14164961.678728703,13478156.26581667,686805.4129120335,854539.2958534905,0.8037142542708595,13478156.26581667,14332695.56167016
62,density_negative,0.3,density_negative,338405.4862816685,170671.6033402106,167733.88294145788,854539.2958534905,0.19628574572914154,170671.6033402106,1025210.8991937011
62,density_negative,0.3,independent,7862363.248453485,7476670.262515084,385692.98593840096,854539.2958534905,0.4513461087277225,7476670.262515084,8331209.558368575
62,density_negative,0.5,density_positive,14164961.678728703,11173838.504617568,2991123.1741111353,3261936.1656751214,0.9169778383728928,11173838.504617568,14435774.67029269
62,density_negative,0.5,density_negative,338405.4862816685,67592.49471768444,270812.991563984,3261936.1656751214,0.08302216162710652,67592.49471768444,3329528.660392806
62,density_negative,0.5,independent,7862363.248453485,6360922.560626536,1501440.6878269492,3261936.1656751214,0.46029125389588876,6360922.560626536,9622858.726301657
63,random,0.1,density_positive,14164961.678728703,12746708.802879302,1418252.8758494016,1452234.5537630583,0.9766004204860691,12746708.802879302,14198943.35664236
63,random,0.1,density_negative,338405.4862816685,304423.80836800754,33981.67791366094,1452234.5537630583,0.02339957951393386,304423.80836800754,1756658.3621310657
63,random,0.1,independent,7862363.248453485,7087435.445907314,774927.8025461705,1452234.5537630583,0.533610635098967,7087435.445907314,8539669.999670373
63,random,0.3,density_positive,14164961.678728703,9904287.8358911,4260673.842837604,4362439.243587566,0.976672362623835,9904287.8358911,14266727.079478666
63,random,0.3,density_negative,338405.4862816685,236640.08553170192,101765.40074996656,4362439.243587566,0.023327637376165986,236640.08553170192,4599079.329119268
63,random,0.3,independent,7862363.248453485,5506149.960166118,2356213.2882873667,4362439.243587566,0.5401137200365164,5506149.960166118,9868589.203753684
63,random,0.5,density_positive,14164961.678728703,7085872.794786563,7079088.88394214,7247661.334515527,0.9767411247859231,7085872.794786563,14333534.12930209
63,random,0.5,density_negative,338405.4862816685,169833.03570827993,168572.45057338855,7247661.334515527,0.023258875214077154,169833.03570827993,7417494.370223807
63,random,0.5,independent,7862363.248453485,3953275.889140731,3909087.3593127537,7247661.334515527,0.5393584466614786,3953275.889140731,11200937.223656258
63,spatial,0.1,density_positive,14164961.678728703,12663895.65068801,1501066.028040694,1531539.27919885,0.9801028601929841,12663895.65068801,14195434.929886859
63,spatial,0.1,density_negative,338405.4862816685,307932.2351235113,30473.25115815719,1531539.27919885,0.019897139807016757,307932.2351235113,1839471.5143223614
63,spatial,0.1,independent,7862363.248453485,7073136.521942633,789226.7265108516,1531539.27919885,0.5153160204442795,7073136.521942633,8604675.801141484
63,spatial,0.3,density_positive,14164961.678728703,9823630.438170116,4341331.240558587,4437272.547826951,0.9783783154552115,9823630.438170116,14260902.985997068
63,spatial,0.3,density_negative,338405.4862816685,242464.17901330357,95941.30726836491,4437272.547826951,0.02162168454478864,242464.17901330357,4679736.726840255
63,spatial,0.3,independent,7862363.248453485,5708985.506289703,2153377.742163782,4437272.547826951,0.4852930981709355,5708985.506289703,10146258.054116655
63,spatial,0.5,density_positive,14164961.678728703,6960021.459464282,7204940.219264422,7364536.86056415,0.9783290321820044,6960021.459464282,14324558.320028432
63,spatial,0.5,density_negative,338405.4862816685,178808.84498194043,159596.64129972804,7364536.86056415,0.0216709678179956,178808.84498194043,7543345.70554609
63,spatial,0.5,independent,7862363.248453485,4115306.618174015,3747056.63027947,7364536.86056415,0.5087973217086229,4115306.618174015,11479843.478738165
63,density_positive,0.1,density_positive,14164961.678728703,11115354.950551057,3049606.728177646,3051284.4196835617,0.9994501687567724,11115354.950551057,14166639.37023462
63,density_positive,0.1,density_negative,338405.4862816685,336727.7947757536,1677.6915059149032,3051284.4196835617,0.0005498312432273655,336727.7947757536,3388012.2144593154
63,density_positive,0.1,independent,7862363.248453485,6284480.557997683,1577882.6904558018,3051284.4196835617,0.5171208164919082,6284480.557997683,9335764.977681246
63,density_positive,0.3,density_positive,14164961.678728703,6478856.616559951,7686105.062168753,7700313.743652898,0.9981547918750899,6478856.616559951,14179170.360212848
63,density_positive,0.3,density_negative,338405.4862816685,324196.80479752284,14208.681484145636,7700313.743652898,0.001845208124910152,324196.80479752284,8024510.548450421
63,density_positive,0.3,independent,7862363.248453485,3733953.2584273773,4128409.9900261075,7700313.743652898,0.5361352962311455,3733953.2584273773,11434267.002080275
63,density_positive,0.5,density_positive,14164961.678728703,2758108.675176779,11406853.003551925,11459504.683420638,0.995405413992728,2758108.675176779,14217613.358597416
63,density_positive,0.5,density_negative,338405.4862816685,285753.80641295307,52651.67986871541,11459504.683420638,0.004594586007272261,285753.80641295307,11745258.489833592
63,density_positive,0.5,independent,7862363.248453485,1561334.3303896196,6301028.918063865,11459504.683420638,0.5498517686527985,1561334.3303896196,13020839.013810256
63,density_negative,0.1,density_positive,14164961.678728703,14164779.825105082,181.85362362116575,5204.091598822735,0.03494435487305883,14164779.825105082,14169983.916703906
63,density_negative,0.1,density_negative,338405.4862816685,333383.2483064647,5022.237975203781,5204.091598822735,0.9650556451273662,333383.2483064647,338587.33990528743
63,density_negative,0.1,independent,7862363.248453485,7860209.738133229,2153.510320255533,5204.091598822735,0.41381099455334297,7860209.738133229,7865413.829732052
63,density_negative,0.3,density_positive,14164961.678728703,13450799.593833689,714162.0848950148,877448.7164129002,0.8139074928670271,13450799.593833689,14328248.310246589
63,density_negative,0.3,density_negative,338405.4862816685,175118.8547637831,163286.63151788537,877448.7164129002,0.18609250713297268,175118.8547637831,1052567.5711766833
63,density_negative,0.3,independent,7862363.248453485,7447673.303265728,414689.9451877568,877448.7164129002,0.47260875471224295,7447673.303265728,8325122.019678628
63,density_negative,0.5,density_positive,14164961.678728703,11221759.576362405,2943202.1023662984,3209959.557601689,0.9168969420179557,11221759.576362405,14431719.133964093
63,density_negative,0.5,density_negative,338405.4862816685,71648.0310462775,266757.455235391,3209959.557601689,0.08310305798204447,71648.0310462775,3281607.5886479663
63,density_negative,0.5,independent,7862363.248453485,6311856.898117121,1550506.3503363635,3209959.557601689,0.48302987078591714,6311856.898117121,9521816.45571881
64,random,0.1,density_positive,14164961.678728703,12753515.113550546,1411446.5651781578,1445614.4923157,0.9763644268100762,12753515.113550546,14199129.605866246
64,random,0.1,density_negative,338405.4862816685,304237.55914412666,34167.92713754182,1445614.4923157,0.02363557318992349,304237.55914412666,1749852.0514598268
64,random,0.1,independent,7862363.248453485,7092439.54044724,769923.7080062451,1445614.4923157,0.5325926878146608,7092439.54044724,8538054.03276294
64,random,0.3,density_positive,14164961.678728703,9919780.932300149,4245180.746428555,4347147.272258362,0.9765440369410731,9919780.932300149,14266928.20455851
64,random,0.3,density_negative,338405.4862816685,236438.9604518588,101966.52582980969,4347147.272258362,0.023455963058927526,236438.9604518588,4583586.232710221
64,random,0.3,independent,7862363.248453485,5514673.042188631,2347690.2062648535,4347147.272258362,0.5400530645112509,5514673.042188631,9861820.314446993
64,random,0.5,density_positive,14164961.678728703,7095254.527886581,7069707.150842123,7238707.886450802,0.9766531902848283,7095254.527886581,14333962.414337382
64,random,0.5,density_negative,338405.4862816685,169404.75067298792,169000.73560868055,7238707.886450802,0.023346809715171835,169404.75067298792,7408112.63712379
64,random,0.5,independent,7862363.248453485,3946251.96806427,3916111.280389215,7238707.886450802,0.5409958989668965,3946251.96806427,11184959.854515072
64,spatial,0.1,density_positive,14164961.678728703,12829735.190788975,1335226.4879397284,1369888.265566823,0.9746973687574785,12829735.190788975,14199623.456355799
64,spatial,0.1,density_negative,338405.4862816685,303743.70865457447,34661.77762709401,1369888.265566823,0.025302631242521006,303743.70865457447,1673631.9742213977
64,spatial,0.1,independent,7862363.248453485,7191147.875969769,671215.3724837154,1369888.265566823,0.4899781897219073,7191147.875969769,8561036.141536593
64,spatial,0.3,density_positive,14164961.678728703,10117752.427752485,4047209.250976218,4150804.2119108452,0.975042195284143,10117752.427752485,14268556.639663331
64,spatial,0.3,density_negative,338405.4862816685,234810.52534704018,103594.9609346283,4150804.2119108452,0.02495780471585717,234810.52534704018,4385614.737257886
64,spatial,0.3,independent,7862363.248453485,5717846.340124654,2144516.908328831,4150804.2119108452,0.5166509425270124,5717846.340124654,9868650.5520355
64,spatial,0.5,density_positive,14164961.678728703,7370119.076854557,6794842.601874147,6966739.065150902,0.9753261229293605,7370119.076854557,14336858.142005458
64,spatial,0.5,density_negative,338405.4862816685,166509.02300490995,171896.46327675853,6966739.065150902,0.024673877070639963,166509.02300490995,7133248.088155812
64,spatial,0.5,independent,7862363.248453485,4200736.915662111,3661626.332791374,6966739.065150902,0.5255868346078298,4200736.915662111,11167475.980813012
64,density_positive,0.1,density_positive,14164961.678728703,11099932.923100263,3065028.7556284405,3066197.5675218725,0.9996188073769895,11099932.923100263,14166130.490622135
64,density_positive,0.1,density_negative,338405.4862816685,337236.6743882345,1168.8118934339727,3066197.5675218725,0.0003811926230111182,337236.6743882345,3403434.241910107
64,density_positive,0.1,independent,7862363.248453485,6138084.688226655,1724278.5602268297,3066197.5675218725,0.5623507690733728,6138084.688226655,9204282.255748527
64,density_positive,0.3,density_positive,14164961.678728703,6451388.336786589,7713573.341942115,7731858.248630493,0.9976351213252498,6451388.336786589,14183246.58541708
64,density_positive,0.3,density_negative,338405.4862816685,320120.5795932903,18284.906688378192,7731858.248630493,0.002364878674750266,320120.5795932903,8051978.8282237835
64,density_positive,0.3,independent,7862363.248453485,3555128.324873866,4307234.923579618,7731858.248630493,0.5570762920210725,3555128.324873866,11286986.573504359
64,density_positive,0.5,density_positive,14164961.678728703,2853154.529017364,11311807.149711339,11373328.286252853,0.9945907534722377,2853154.529017364,14226482.815270217
64,density_positive,0.5,density_negative,338405.4862816685,276884.34974015394,61521.13654151454,11373328.286252853,0.005409246527762348,276884.34974015394,11650212.635993006
64,density_positive,0.5,independent,7862363.248453485,1545709.5023220612,6316653.746131424,11373328.286252853,0.555391841961203,1545709.5023220612,12919037.788574914
64,density_negative,0.1,density_positive,14164961.678728703,14164921.170226038,40.508502665907145,4601.181791136526,0.008803934403100653,14164921.170226038,14169522.352017174
64,density_negative,0.1,density_negative,338405.4862816685,333844.8129931965,4560.673288471997,4601.181791136526,0.9911960655971989,333844.8129931965,338445.994784333
64,density_negative,0.1,independent,7862363.248453485,7860332.6215782985,2030.626875186339,4601.181791136526,0.44132724316566485,7860332.6215782985,7864933.8033694355
64,density_negative,0.3,density_positive,14164961.678728703,13515266.221315501,649695.4574132022,820123.6157835069,0.7921921097132585,13515266.221315501,14335389.837099008
64,density_negative,0.3,density_negative,338405.4862816685,167977.32791136304,170428.15837030543,820123.6157835069,0.20780789028674235,167977.32791136304,988100.94369487
64,density_negative,0.3,independent,7862363.248453485,7493765.337192565,368597.91126091965,820123.6157835069,0.4494418940841971,7493765.337192565,8313888.952976072
64,density_negative,0.5,density_positive,14164961.678728703,11271827.967932288,2893133.710796416,3170957.359096973,0.9123849308463498,11271827.967932288,14442785.327029262
64,density_negative,0.5,density_negative,338405.4862816685,60581.837981111676,277823.6483005568,3170957.359096973,0.08761506915365004,60581.837981111676,3231539.197078085
64,density_negative,0.5,independent,7862363.248453485,6357301.8722266685,1505061.3762268163,3170957.359096973,0.4746394245602307,6357301.8722266685,9528259.23132364
65,random,0.1,density_positive,14164961.678728703,12742996.251835972,1421965.4268927313,1455525.4330558504,0.9769430300557095,12742996.251835972,14198521.684891822
65,random,0.1,density_negative,338405.4862816685,304845.48011854384,33560.006163124635,1455525.4330558504,0.023056969944294264,304845.48011854384,1760370.9131743943
65,random,0.1,independent,7862363.248453485,7074476.757018388,787886.4914350966,1455525.4330558504,0.5413072650891043,7074476.757018388,8530002.190074239
65,random,0.3,density_positive,14164961.678728703,9930079.377249422,4234882.301479282,4336813.770409067,0.976496231029037,9930079.377249422,14266893.14765849
65,random,0.3,density_negative,338405.4862816685,236474.0173518826,101931.46892978589,4336813.770409067,0.023503768970963044,236474.0173518826,4573287.78776095
65,random,0.3,independent,7862363.248453485,5504558.498875032,2357804.7495784527,4336813.770409067,0.543672122991819,5504558.498875032,9841372.2692841
65,random,0.5,density_positive,14164961.678728703,7094836.291679001,7070125.387049702,7240207.879605563,0.976508617517053,7094836.291679001,14335044.171284564
65,random,0.5,density_negative,338405.4862816685,168322.9937258056,170082.49255586287,7240207.879605563,0.023491382482947264,168322.9937258056,7408530.873331369
65,random,0.5,independent,7862363.248453485,3935442.4514470454,3926920.7970064394,7240207.879605563,0.5423768022003772,3935442.4514470454,11175650.331052609
65,spatial,0.1,density_positive,14164961.678728703,12843767.144048084,1321194.5346806198,1356601.3151157498,0.9739003788064963,12843767.144048084,14200368.459163833
65,spatial,0.1,density_negative,338405.4862816685,302998.70584653644,35406.78043513204,1356601.3151157498,0.02609962119350519,302998.70584653644,1659600.0209622863
65,spatial,0.1,independent,7862363.248453485,6977207.427731301,885155.8207221841,1356601.3151157498,0.6524804383273501,6977207.427731301,8333808.742847051
65,spatial,0.3,density_positive,14164961.678728703,10149516.428766193,4015445.2499625105,4121658.2430523764,0.9742305191681279,10149516.428766193,14271174.67181857
65,spatial,0.3,density_negative,338405.4862816685,232192.4931918029,106212.99308986557,4121658.2430523764,0.025769480831872034,232192.4931918029,4353850.736244179
65,spatial,0.3,independent,7862363.248453485,5430867.521025264,2431495.727428221,4121658.2430523764,0.5899314266355884,5430867.521025264,9552525.764077641
65,spatial,0.5,density_positive,14164961.678728703,7235734.90300776,6929226.775720944,7104032.681115084,0.9753934260664603,7235734.90300776,14339767.584122844
65,spatial,0.5,density_negative,338405.4862816685,163599.58088752627,174805.9053941422,7104032.681115084,0.02460657393353993,163599.58088752627,7267632.262002611
65,spatial,0.5,independent,7862363.248453485,4039788.390192847,3822574.858260638,7104032.681115084,0.538085201722443,4039788.390192847,11143821.071307931
65,density_positive,0.1,density_positive,14164961.678728703,11045837.883157285,3119123.7955714185,3121797.498765094,0.9991435372746844,11045837.883157285,14167635.38192238
65,density_positive,0.1,density_negative,338405.4862816685,335731.78308799246,2673.7031936760177,3121797.498765094,0.0008564627253156774,335731.78308799246,3457529.281853087
65,density_positive,0.1,independent,7862363.248453485,5852822.762759217,2009540.4856942678,3121797.498765094,0.6437126323822068,5852822.762759217,8974620.261524312
65,density_positive,0.3,density_positive,14164961.678728703,6244124.948828359,7920836.729900344,7940057.6469571525,0.9975792471652678,6244124.948828359,14184182.595785512
65,density_positive,0.3,density_negative,338405.4862816685,319184.56922486005,19220.917056808423,7940057.6469571525,0.0024207528347321766,319184.56922486005,8259242.216182012
65,density_positive,0.3,independent,7862363.248453485,3354395.8158507077,4507967.432602777,7940057.6469571525,0.567749962663099,3354395.8158507077,11294453.46280786
65,density_positive,0.5,density_positive,14164961.678728703,2840145.6522968197,11324816.026431885,11389302.696657544,0.9943379615114993,2840145.6522968197,14229448.348954365
65,density_positive,0.5,density_negative,338405.4862816685,273918.8160560077,64486.67022566078,11389302.696657544,0.0056620384885007835,273918.8160560077,11663221.512713552
65,density_positive,0.5,independent,7862363.248453485,1644335.6474431108,6218027.601010374,11389302.696657544,0.545953318356812,1644335.6474431108,13033638.344100654
65,density_negative,0.1,density_positive,14164961.678728703,14164546.540337391,415.13839131221175,5405.078926575314,0.07680524132054545,14164546.540337391,14169951.619263966
65,density_negative,0.1,density_negative,338405.4862816685,333415.5457464019,4989.940535266593,5405.078926575314,0.9231947586801004,333415.5457464019,338820.6246729772
65,density_negative,0.1,independent,7862363.248453485,7858540.906741528,3822.3417119570076,5405.078926575314,0.707175929136499,7858540.906741528,7863945.985668103
65,density_negative,0.3,density_positive,14164961.678728703,13574176.005871095,590785.6728576086,763971.9165533611,0.773308102113128,13574176.005871095,14338147.922424456
65,density_negative,0.3,density_negative,338405.4862816685,165219.24258591328,173186.2436957552,763971.9165533611,0.22669189788687563,165219.24258591328,929191.1591392744
65,density_negative,0.3,independent,7862363.248453485,7397731.79868783,464631.4497656552,763971.9165533611,0.6081787035599785,7397731.79868783,8161703.715241191
65,density_negative,0.5,density_positive,14164961.678728703,11252621.7619806,2912339.9167481028,3187277.5828344915,0.9137390268211648,11252621.7619806,14439899.344815092
65,density_negative,0.5,density_negative,338405.4862816685,63467.82019527729,274937.6660863912,3187277.5828344915,0.08626097317883596,63467.82019527729,3250745.4030297687
65,density_negative,0.5,independent,7862363.248453485,6127126.037463148,1735237.2109903367,3187277.5828344915,0.5444261335553854,6127126.037463148,9314403.62029764
66,random,0.1,density_positive,14164961.678728703,12733018.526933303,1431943.1517954003,1465880.390261741,0.9768485623439707,12733018.526933303,14198898.917195044
66,random,0.1,density_negative,338405.4862816685,304468.24781532603,33937.238466342445,1465880.390261741,0.023151437656030564,304468.24781532603,1770348.638077067
66,random,0.1,independent,7862363.248453485,7068433.866078839,793929.3823746461,1465880.390261741,0.5416058415467894,7068433.866078839,8534314.25634058
66,random,0.3,density_positive,14164961.678728703,9901240.148707256,4263721.530021448,4366642.96474579,0.9764300778526477,9901240.148707256,14267883.113453045
66,random,0.3,density_negative,338405.4862816685,235484.05155732407,102921.4347243444,4366642.96474579,0.023569922147352873,235484.05155732407,4602127.016303114
66,random,0.3,independent,7862363.248453485,5486039.561321091,2376323.687132394,4366642.96474579,0.544199218099054,5486039.561321091,9852682.52606688
66,random,0.5,density_positive,14164961.678728703,7067637.193953854,7097324.484774849,7266023.436236411,0.9767824927978841,7067637.193953854,14333660.630190264
66,random,0.5,density_negative,338405.4862816685,169706.53482010562,168698.95146156286,7266023.436236411,0.023217507202116044,169706.53482010562,7435729.971056517
66,random,0.5,independent,7862363.248453485,3906242.610567972,3956120.637885513,7266023.436236411,0.5444684665006625,3906242.610567972,11172266.046804383
66,spatial,0.1,density_positive,14164961.678728703,13017898.67574368,1147063.002985023,1185303.6184608203,0.9677377046014127,13017898.67574368,14203202.294204501
66,spatial,0.1,density_negative,338405.4862816685,300164.87080586905,38240.61547579942,1185303.6184608203,0.032262295398589005,300164.87080586905,1485468.4892666894
66,spatial,0.1,independent,7862363.248453485,7365595.338659794,496767.9097936908,1185303.6184608203,0.419106043427734,7365595.338659794,8550898.957120614
66,spatial,0.3,density_positive,14164961.678728703,10319462.938361542,3845498.740367161,3952524.7224101927,0.9729221220461415,10319462.938361542,14271987.660771735
66,spatial,0.3,density_negative,338405.4862816685,231379.5042386374,107025.98204303108,3952524.7224101927,0.027077877953858357,231379.5042386374,4183904.22664883
66,spatial,0.3,independent,7862363.248453485,5864882.231438489,1997481.0170149961,3952524.7224101927,0.5053683802885769,5864882.231438489,9817406.953848682
66,spatial,0.5,density_positive,14164961.678728703,7384804.821469654,6780156.857259049,6952714.624686898,0.9751812383014902,7384804.821469654,14337519.446156552
66,spatial,0.5,density_negative,338405.4862816685,165847.71885381697,172557.7674278515,6952714.624686898,0.024818761698510286,165847.71885381697,7118562.343540715
66,spatial,0.5,independent,7862363.248453485,4281677.459517715,3580685.7889357703,6952714.624686898,0.5150054305726692,4281677.459517715,11234392.084204612
66,density_positive,0.1,density_positive,14164961.678728703,11193838.989382327,2971122.689346377,2972929.7774619563,0.9993921524385543,11193838.989382327,14166768.766844284
66,density_positive,0.1,density_negative,338405.4862816685,336598.39816608786,1807.0881155806128,2972929.7774619563,0.0006078475614460549,336598.39816608786,3309528.175628044
66,density_positive,0.1,independent,7862363.248453485,6214860.51322895,1647502.7352245348,2972929.7774619563,0.554168062668146,6214860.51322895,9187790.290690906
66,density_positive,0.3,density_positive,14164961.678728703,6592306.961431198,7572654.717297506,7590023.00719132,0.9977116946974524,6592306.961431198,14182329.968622517
66,density_positive,0.3,density_negative,338405.4862816685,321037.19638785627,17368.28989381221,7590023.00719132,0.0022883053025473405,321037.19638785627,7911060.203579176
66,density_positive,0.3,independent,7862363.248453485,3751726.2770248842,4110636.9714286006,7590023.00719132,0.5415842570613942,3751726.2770248842,11341749.284216205
66,density_positive,0.5,density_positive,14164961.678728703,3087522.623514766,11077439.055213938,11140936.629757905,0.9943005173932716,3087522.623514766,14228459.253272671
66,density_positive,0.5,density_negative,338405.4862816685,274907.9117377002,63497.57454396825,11140936.629757905,0.005699482606728377,274907.9117377002,11415844.541495606
66,density_positive,0.5,independent,7862363.248453485,1907563.0224211956,5954800.226032289,11140936.629757905,0.5344972710935963,1907563.0224211956,13048499.652179101
66,density_negative,0.1,density_positive,14164961.678728703,14164872.858006604,88.8207220993936,4652.653258096985,0.019090337743269268,14164872.858006604,14169525.5112647
66,density_negative,0.1,density_negative,338405.4862816685,333841.65374566923,4563.832535999245,4652.653258096985,0.9809096622570861,333841.65374566923,338494.30700376624
66,density_negative,0.1,independent,7862363.248453485,7860331.340020542,2031.9084329428151,4652.653258096985,0.436720365827111,7860331.340020542,7864983.993278639
66,density_negative,0.3,density_positive,14164961.678728703,13631999.089198006,532962.5895306971,708488.3332763249,0.7522531628235448,13631999.089198006,14340487.422474332
66,density_negative,0.3,density_negative,338405.4862816685,162879.74253603653,175525.74374563195,708488.3332763249,0.24774683717646107,162879.74253603653,871368.0758123614
66,density_negative,0.3,independent,7862363.248453485,7584058.82922594,278304.41922754515,708488.3332763249,0.39281439955483466,7584058.82922594,8292547.162502265
66,density_negative,0.5,density_positive,14164961.678728703,11505755.127914935,2659206.550813768,2937402.862107154,0.9052917409177503,11505755.127914935,14443157.99002209
66,density_negative,0.5,density_negative,338405.4862816685,60209.174988284736,278196.3112933837,2937402.862107154,0.09470825908224888,60209.174988284736,2997612.0370954387
66,density_negative,0.5,independent,7862363.248453485,6541836.838831913,1320526.4096215721,2937402.862107154,0.44955577141171876,6541836.838831913,9479239.700939067
67,random,0.1,density_positive,14164961.678728703,12752422.371519398,1412539.3072093055,1446513.7907398173,0.9765128519700212,12752422.371519398,14198936.162259215
67,random,0.1,density_negative,338405.4862816685,304431.00275115424,33974.48353051423,1446513.7907398173,0.023487148029980438,304431.00275115424,1750944.7934909714
67,random,0.1,independent,7862363.248453485,7077134.480556597,785228.7678968878,1446513.7907398173,0.5428422272388318,7077134.480556597,8523648.271296414
67,random,0.3,density_positive,14164961.678728703,9947794.149800424,4217167.52892828,4320159.0926736975,0.9761602381912103,9947794.149800424,14267953.24247412
67,random,0.3,density_negative,338405.4862816685,235413.92253624878,102991.5637454197,4320159.0926736975,0.0238397618087901,235413.92253624878,4555573.015209946
67,random,0.3,independent,7862363.248453485,5529000.073386479,2333363.1750670057,4320159.0926736975,0.5401104739462068,5529000.073386479,9849159.166060176
67,random,0.5,density_positive,14164961.678728703,7089436.28402059,7075525.394708114,7246211.169879911,0.9764448245889823,7089436.28402059,14335647.453900501
67,random,0.5,density_negative,338405.4862816685,167719.71110986895,170685.77517179953,7246211.169879911,0.02355517541101804,167719.71110986895,7413930.88098978
67,random,0.5,independent,7862363.248453485,3939286.1521664076,3923077.0962870773,7246211.169879911,0.5413970148419085,3939286.1521664076,11185497.322046317
67,spatial,0.1,density_positive,14164961.678728703,12625460.981510345,1539500.6972183585,1570680.3775674033,0.9801489336759053,12625460.981510345,14196141.359077748
67,spatial,0.1,density_negative,338405.4862816685,307225.8059326239,31179.68034904456,1570680.3775674033,0.019851066324094658,307225.8059326239,1877906.1835000273
67,spatial,0.1,independent,7862363.248453485,6989259.038903806,873104.2095496785,1570680.3775674033,0.5558764354730793,6989259.038903806,8559939.41647121
67,spatial,0.3,density_positive,14164961.678728703,10068123.361368151,4096838.317360552,4198317.294737708,0.9758286546125629,10068123.361368151,14266440.65610586
67,spatial,0.3,density_negative,338405.4862816685,236926.50890451283,101478.97737715565,4198317.294737708,0.02417134538743709,236926.50890451283,4435243.803642221
67,spatial,0.3,independent,7862363.248453485,5615733.182069263,2246630.0663842214,4198317.294737708,0.53512631577423,5615733.182069263,9814050.476806972
67,spatial,0.5,density_positive,14164961.678728703,7400604.057985907,6764357.620742796,6940017.793840141,0.9746888007616842,7400604.057985907,14340621.85182605
67,spatial,0.5,density_negative,338405.4862816685,162745.31318432206,175660.17309734641,6940017.793840141,0.02531119923831605,162745.31318432206,7102763.107024463
67,spatial,0.5,independent,7862363.248453485,4086811.8844386092,3775551.3640148756,6940017.793840141,0.5440261792074943,4086811.8844386092,11026829.67827875
67,density_positive,0.1,density_positive,14164961.678728703,11114550.550376797,3050411.1283519063,3052469.120876055,0.999325794154616,11114550.550376797,14167019.671252852
67,density_positive,0.1,density_negative,338405.4862816685,336347.49375752045,2057.992524148023,3052469.120876055,0.0006742058453837468,336347.49375752045,3388816.6146335755
67,density_positive,0.1,independent,7862363.248453485,6062924.117747293,1799439.130706192,3052469.120876055,0.5895028121332002,6062924.117747293,9115393.238623347
67,density_positive,0.3,density_positive,14164961.678728703,6434866.22435326,7730095.454375443,7748767.8777095135,0.9975902719466169,6434866.22435326,14183634.102062773
67,density_positive,0.3,density_negative,338405.4862816685,319733.0629475952,18672.423334073275,7748767.8777095135,0.002409728053383466,319733.0629475952,8068500.940657109
67,density_positive,0.3,independent,7862363.248453485,3433733.3229529653,4428629.92550052,7748767.8777095135,0.5715269827916944,3433733.3229529653,11182501.200662479
67,density_positive,0.5,density_positive,14164961.678728703,2888013.694738262,11276947.983990442,11338288.27933972,0.9945899862626486,2888013.694738262,14226301.974077981
67,density_positive,0.5,density_negative,338405.4862816685,277065.19093238877,61340.29534927971,11338288.27933972,0.005410013737351529,277065.19093238877,11615353.470272109
67,density_positive,0.5,independent,7862363.248453485,1532805.2991735414,6329557.9492799435,11338288.27933972,0.5582463413647252,1532805.2991735414,12871093.57851326
67,density_negative,0.1,density_positive,14164961.678728703,14164812.310263611,149.36846509203315,5398.770418224019,0.027667126682740004,14164812.310263611,14170211.080681836
67,density_negative,0.1,density_negative,338405.4862816685,333156.0843285366,5249.401953131892,5398.770418224019,0.9723328733172426,333156.0843285366,338554.8547467606
67,density_negative,0.1,independent,7862363.248453485,7859641.218274662,2722.030178822577,5398.770418224019,0.5041944679911055,7859641.218274662,7865039.988692886
67,density_negative,0.3,density_positive,14164961.678728703,13464193.888907304,700767.7898213994,869385.1944634765,0.8060498318629225,13464193.888907304,14333579.08337078
67,density_negative,0.3,density_negative,338405.4862816685,169788.08163959178,168617.4046420767,869385.1944634765,0.19395016813707705,169788.08163959178,1039173.2761030684
67,density_negative,0.3,independent,7862363.248453485,7427795.111555815,434568.1368976701,869385.1944634765,0.49985684097812944,7427795.111555815,8297180.306019291
67,density_negative,0.5,density_positive,14164961.678728703,11217051.46669361,2947910.2120350935,3226203.0230755373,0.9137398331568274,11217051.46669361,14443254.489769148
67,density_negative,0.5,density_negative,338405.4862816685,60112.67524122606,278292.81104044244,3226203.0230755373,0.08626016684317221,60112.67524122606,3286315.698316763
67,density_negative,0.5,independent,7862363.248453485,6277202.077217805,1585161.1712356796,3226203.0230755373,0.49133955919629213,6277202.077217805,9503405.100293342
68,random,0.1,density_positive,14164961.678728703,12743414.631604347,1421547.047124356,1454918.9966937227,0.9770626752106448,12743414.631604347,14198333.62829807
68,random,0.1,density_negative,338405.4862816685,305033.5367122995,33371.94956936897,1454918.9966937227,0.022937324789356745,305033.5367122995,1759952.5334060222
68,random,0.1,independent,7862363.248453485,7070477.703090471,791885.5453630136,1454918.9966937227,0.5442815353724567,7070477.703090471,8525396.699784193
68,random,0.3,density_positive,14164961.678728703,9927598.629168358,4237363.049560346,4339933.463547888,0.9763659017242878,9927598.629168358,14267532.092716247
68,random,0.3,density_negative,338405.4862816685,235835.07229412496,102570.41398754352,4339933.463547888,0.023634098275712362,235835.07229412496,4575768.535842014
68,random,0.3,independent,7862363.248453485,5496053.183142278,2366310.0653112065,4339933.463547888,0.5452410930228299,5496053.183142278,9835986.646690167
68,random,0.5,density_positive,14164961.678728703,7099190.816766206,7065770.861962497,7235442.29751633,0.9765499566471458,7099190.816766206,14334633.114282537
68,random,0.5,density_negative,338405.4862816685,168734.05072783263,169671.43555383585,7235442.29751633,0.023450043352854603,168734.05072783263,7404176.348244163
68,random,0.5,independent,7862363.248453485,3942751.6061723856,3919611.642281099,7235442.29751633,0.5417238478463939,3942751.6061723856,11178193.903688716
68,spatial,0.1,density_positive,14164961.678728703,12797182.956396734,1367778.722331969,1397102.0823854941,0.9790112974397285,12797182.956396734,14194285.038782228
68,spatial,0.1,density_negative,338405.4862816685,309082.12622814154,29323.360053526936,1397102.0823854941,0.02098870256027284,309082.12622814154,1706184.2086136357
68,spatial,0.1,independent,7862363.248453485,7152733.054520473,709630.193933012,1397102.0823854941,0.5079300953594942,7152733.054520473,8549835.136905966
68,spatial,0.3,density_positive,14164961.678728703,10138838.700995358,4026122.9777333457,4124209.424358136,0.9762169093437694,10138838.700995358,14263048.125353493
68,spatial,0.3,density_negative,338405.4862816685,240319.0396568777,98086.44662479078,4124209.424358136,0.02378309065623075,240319.0396568777,4364528.464015014
68,spatial,0.3,independent,7862363.248453485,5613423.588399293,2248939.660054192,4124209.424358136,0.5453020030388495,5613423.588399293,9737633.012757428
68,spatial,0.5,density_positive,14164961.678728703,7437184.009939459,6727777.668789244,6896491.877126767,0.9755362274989275,7437184.009939459,14333675.887066226
68,spatial,0.5,density_negative,338405.4862816685,169691.27794414572,168714.20833752275,6896491.877126767,0.024463772501072366,169691.27794414572,7066183.155070913
68,spatial,0.5,independent,7862363.248453485,4110599.2456287886,3751764.0028246962,6896491.877126767,0.5440105012329494,4110599.2456287886,11007091.122755555
68,density_positive,0.1,density_positive,14164961.678728703,11248505.710712139,2916455.968016565,2918216.095297832,0.9993968482032214,11248505.710712139,14166721.80600997
68,density_positive,0.1,density_negative,338405.4862816685,336645.35900039825,1760.1272812702227,2918216.095297832,0.0006031517967796641,336645.35900039825,3254861.4542982304
68,density_positive,0.1,independent,7862363.248453485,6139030.31133442,1723332.9371190649,2918216.095297832,0.5905432911208661,6139030.31133442,9057246.406632252
68,density_positive,0.3,density_positive,14164961.678728703,6592626.567107014,7572335.111621689,7587944.044797302,0.9979429298524789,6592626.567107014,14180570.611904316
68,density_positive,0.3,density_negative,338405.4862816685,322796.5531060549,15608.93317561358,7587944.044797302,0.0020570701475211713,322796.5531060549,7910740.597903357
68,density_positive,0.3,independent,7862363.248453485,3594668.765932528,4267694.482520957,7587944.044797302,0.5624309374615268,3594668.765932528,11182612.81072983
68,density_positive,0.5,density_positive,14164961.678728703,2984280.0243999017,11180681.6543288,11239435.435103988,0.994772532738461,2984280.0243999017,14223715.45950389
68,density_positive,0.5,density_negative,338405.4862816685,279651.7055064804,58753.78077518806,11239435.435103988,0.005227467261539055,279651.7055064804,11519087.14061047
68,density_positive,0.5,independent,7862363.248453485,1723626.7571964487,6138736.491257036,11239435.435103988,0.5461783669386094,1723626.7571964487,12963062.192300437
68,density_negative,0.1,density_positive,14164961.678728703,14164682.600537762,279.0781909413636,4635.057029620037,0.060210303596683314,14164682.600537762,14169317.657567382
68,density_negative,0.1,density_negative,338405.4862816685,334049.50744298985,4355.978838678624,4635.057029620037,0.9397896964033061,334049.50744298985,338684.5644726099
68,density_negative,0.1,independent,7862363.248453485,7860328.020635314,2035.2278181705624,4635.057029620037,0.43909445022241766,7860328.020635314,7864963.077664934
68,density_negative,0.3,density_positive,14164961.678728703,13509081.935509413,655879.7432192899,821387.9500278832,0.7985017837150218,13509081.935509413,14330469.885537297
68,density_negative,0.3,density_negative,338405.4862816685,172897.2794730753,165508.20680859318,821387.9500278832,0.2014982162849781,172897.2794730753,994285.2295009585
68,density_negative,0.3,independent,7862363.248453485,7511526.608735459,350836.6397180259,821387.9500278832,0.4271265967635832,7511526.608735459,8332914.558763342
68,density_negative,0.5,density_positive,14164961.678728703,11306349.290542977,2858612.3881857265,3133240.3749800413,0.9123501698154697,11306349.290542977,14439589.665523019
68,density_negative,0.5,density_negative,338405.4862816685,63777.499487347726,274627.98679432075,3133240.3749800413,0.08764983018453225,63777.499487347726,3197017.874467389
68,density_negative,0.5,independent,7862363.248453485,6340563.017603651,1521800.2308498342,3133240.3749800413,0.48569533413456284,6340563.017603651,9473803.392583692
69,random,0.1,density_positive,14164961.678728703,12753951.479085235,1411010.1996434685,1444673.7096979646,0.9766981915511329,12753951.479085235,14198625.188783199
69,random,0.1,density_negative,338405.4862816685,304741.9762271713,33663.510054497165,1444673.7096979646,0.023301808448867763,304741.9762271713,1749415.6859251359
69,random,0.1,independent,7862363.248453485,7085169.126571957,777194.1218815278,1444673.7096979646,0.5379720809372343,7085169.126571957,8529842.836269923
69,random,0.3,density_positive,14164961.678728703,9911204.254716277,4253757.424012426,4355346.531407831,0.9766748508613924,9911204.254716277,14266550.786124108
69,random,0.3,density_negative,338405.4862816685,236816.37888626088,101589.1073954076,4355346.531407831,0.0233251491386082,236816.37888626088,4592162.910294092
69,random,0.3,independent,7862363.248453485,5514076.791786156,2348286.456667329,4355346.531407831,0.5391732758192869,5514076.791786156,9869423.323193986
69,random,0.5,density_positive,14164961.678728703,7074240.164718169,7090721.514010535,7260365.626400576,0.976634219112441,7074240.164718169,14334605.791118745
69,random,0.5,density_negative,338405.4862816685,168761.37389162753,169644.11239004094,7260365.626400576,0.023365780887559005,168761.37389162753,7429127.000292203
69,random,0.5,independent,7862363.248453485,3942641.0034701987,3919722.244983286,7260365.626400576,0.5398794560332,3942641.0034701987,11203006.629870774
69,spatial,0.1,density_positive,14164961.678728703,13020345.721510436,1144615.957218267,1183495.332092048,0.9671486876039854,13020345.721510436,14203841.053602485
69,spatial,0.1,density_negative,338405.4862816685,299526.11140788917,38879.37487377931,1183495.332092048,0.032851312396013244,299526.11140788917,1483021.4434999372
69,spatial,0.1,independent,7862363.248453485,7296033.263508456,566329.984945029,1183495.332092048,0.4785232096724332,7296033.263508456,8479528.595600504
69,spatial,0.3,density_positive,14164961.678728703,10533629.513034401,3631332.165694302,3745266.821101704,0.9695790284511993,10533629.513034401,14278896.334136106
69,spatial,0.3,density_negative,338405.4862816685,224470.83087426765,113934.65540740083,3745266.821101704,0.03042097154880034,224470.83087426765,3969737.6519759716
69,spatial,0.3,independent,7862363.248453485,5920780.437137867,1941582.8113156175,3745266.821101704,0.5184097432995397,5920780.437137867,9666047.258239571
69,spatial,0.5,density_positive,14164961.678728703,7799818.381940505,6365143.296788199,6546421.858865465,0.9723087564496367,7799818.381940505,14346240.240805969
69,spatial,0.5,density_negative,338405.4862816685,157126.92420440118,181278.5620772673,6546421.858865465,0.027691243550363554,157126.92420440118,6703548.783069866
69,spatial,0.5,independent,7862363.248453485,4464485.015242889,3397878.2332105963,6546421.858865465,0.5190435792965333,4464485.015242889,11010906.874108354
69,density_positive,0.1,density_positive,14164961.678728703,11328992.96892025,2835968.709808454,2839945.9019774925,0.9985995535456259,11328992.96892025,14168938.870897742
69,density_positive,0.1,density_negative,338405.4862816685,334428.29411262966,3977.1921690388117,2839945.9019774925,0.0014004464543741623,334428.29411262966,3174374.196090122
69,density_positive,0.1,independent,7862363.248453485,6324143.592978371,1538219.6554751135,2839945.9019774925,0.5416369566772489,6324143.592978371,9164089.494955864
69,density_positive,0.3,density_positive,14164961.678728703,6697146.6661770055,7467815.012551698,7487702.885487477,0.997343928673462,6697146.6661770055,14184849.551664483
69,density_positive,0.3,density_negative,338405.4862816685,318517.6133458866,19887.872935781896,7487702.885487477,0.0026560713265383687,318517.6133458866,7806220.498833364
69,density_positive,0.3,independent,7862363.248453485,3726206.531270278,4136156.7171832067,7487702.885487477,0.5523932747384818,3726206.531270278,11213909.416757755
69,density_positive,0.5,density_positive,14164961.678728703,3022828.3505709604,11142133.328157743,11208061.773241298,0.9941177657281515,3022828.3505709604,14230890.123812258
69,density_positive,0.5,density_negative,338405.4862816685,272477.0411981174,65928.44508355105,11208061.773241298,0.005882234271848145,272477.0411981174,11480538.814439416
69,density_positive,0.5,independent,7862363.248453485,1718277.9148005012,6144085.333652983,11208061.773241298,0.5481844638224326,1718277.9148005012,12926339.688041799
69,density_negative,0.1,density_positive,14164961.678728703,14164070.816669889,890.862058814615,6325.6148584869325,0.1408340657381892,14164070.816669889,14170396.431528376
69,density_negative,0.1,density_negative,338405.4862816685,332970.73348199273,5434.752799675742,6325.6148584869325,0.8591659342623521,332970.73348199273,339296.34834047966
69,density_negative,0.1,independent,7862363.248453485,7860525.922787961,1837.3256655242294,6325.6148584869325,0.29045803556299854,7860525.922787961,7866851.537646447
69,density_negative,0.3,density_positive,14164961.678728703,13615593.680586765,549367.9981419388,724856.1212812955,0.7578993706652373,13615593.680586765,14340449.80186806
69,density_negative,0.3,density_negative,338405.4862816685,162917.36314231396,175488.12313935452,724856.1212812955,0.24210062933475965,162917.36314231396,887773.4844236095
69,density_negative,0.3,independent,7862363.248453485,7537410.139958098,324953.10849538725,724856.1212812955,0.4483001508230106,7537410.139958098,8262266.261239393
69,density_negative,0.5,density_positive,14164961.678728703,11526972.289989203,2637989.3887395,2921653.9435748095,0.9029095983598148,11526972.289989203,14448626.233564012
69,density_negative,0.5,density_negative,338405.4862816685,54740.931446359406,283664.55483530904,2921653.9435748095,0.09709040164018513,54740.931446359406,2976394.875021169
69,density_negative,0.5,independent,7862363.248453485,6404252.447807196,1458110.8006462893,2921653.9435748095,0.49907033098595105,6404252.447807196,9325906.391382005
70,random,0.1,density_positive,14164961.678728703,12763795.6694878,1401166.009240903,1435255.5740791326,0.9762484358508053,12763795.6694878,14199051.243566934
70,random,0.1,density_negative,338405.4862816685,304315.92144343717,34089.56483823131,1435255.5740791326,0.023751564149195763,304315.92144343717,1739571.4955225699
70,random,0.1,independent,7862363.248453485,7080331.88927736,782031.3591761244,1435255.5740791326,0.5448725462556588,7080331.88927736,8515587.463356493
70,random,0.3,density_positive,14164961.678728703,9919556.571460184,4245405.10726852,4347595.887255742,0.9764948761022666,9919556.571460184,14267152.458715927
70,random,0.3,density_negative,338405.4862816685,236214.70629444363,102190.77998722484,4347595.887255742,0.023505123897733963,236214.70629444363,4583810.593550186
70,random,0.3,independent,7862363.248453485,5501443.690667756,2360919.557785729,4347595.887255742,0.5430402500624251,5501443.690667756,9849039.577923499
70,random,0.5,density_positive,14164961.678728703,7072039.116499069,7092922.562229634,7261785.604998915,0.9767463469793107,7072039.116499069,14333824.721497985
70,random,0.5,density_negative,338405.4862816685,169542.44351238752,168863.04276928096,7261785.604998915,0.02325365302068928,169542.44351238752,7431328.048511303
70,random,0.5,independent,7862363.248453485,3932135.7492169314,3930227.4992365534,7261785.604998915,0.5412205362453881,3932135.7492169314,11193921.354215847
70,spatial,0.1,density_positive,14164961.678728703,12816266.740526991,1348694.9382017124,1383465.8070647884,0.9748668390028034,12816266.740526991,14199732.54759178
70,spatial,0.1,density_negative,338405.4862816685,303634.61741859245,34770.86886307603,1383465.8070647884,0.025133160997196726,303634.61741859245,1687100.4244833807
70,spatial,0.1,independent,7862363.248453485,7183300.885280314,679062.363173171,1383465.8070647884,0.49084145029496207,7183300.885280314,8566766.692345101
70,spatial,0.3,density_positive,14164961.678728703,10265582.065005122,3899379.6137235817,4006837.7866512686,0.9731813019020429,10265582.065005122,14272419.85165639
70,spatial,0.3,density_negative,338405.4862816685,230947.3133539794,107458.17292768907,4006837.7866512686,0.026818698097957613,230947.3133539794,4237785.100005248
70,spatial,0.3,independent,7862363.248453485,5771938.823838931,2090424.4246145543,4006837.7866512686,0.5217142634470449,5771938.823838931,9778776.6104902
70,spatial,0.5,density_positive,14164961.678728703,7537128.344940277,6627833.333788427,6804529.955969154,0.9740325013889133,7537128.344940277,14341658.30090943
70,spatial,0.5,density_negative,338405.4862816685,161708.86410093989,176696.6221807286,6804529.955969154,0.025967498611086957,161708.86410093989,6966238.8200700935
70,spatial,0.5,independent,7862363.248453485,4271747.876841544,3590615.3716119407,6804529.955969154,0.527680147614331,4271747.876841544,11076277.832810698
70,density_positive,0.1,density_positive,14164961.678728703,11093532.180583559,3071429.4981451444,3073262.101871045,0.9994036942944812,11093532.180583559,14166794.282454604
70,density_positive,0.1,density_negative,338405.4862816685,336572.8825557668,1832.6037259016884,3073262.101871045,0.0005963057055192181,336572.8825557668,3409834.984426812
70,density_positive,0.1,independent,7862363.248453485,6163390.641573787,1698972.606879698,3073262.101871045,0.5528238563984958,6163390.641573787,9236652.743444832
70,density_positive,0.3,density_positive,14164961.678728703,6530944.147407602,7634017.531321102,7652789.236099143,0.9975470767325602,6530944.147407602,14183733.383506745
70,density_positive,0.3,density_negative,338405.4862816685,319633.78150362597,18771.704778042505,7652789.236099143,0.0024529232674400697,319633.78150362597,7972423.017602769
70,density_positive,0.3,independent,7862363.248453485,3632785.485625028,4229577.762828456,7652789.236099143,0.5526844699808301,3632785.485625028,11285574.721724171
70,density_positive,0.5,density_positive,14164961.678728703,3066801.2521071136,11098160.42662159,11166404.623550616,0.9938884359621811,3066801.2521071136,14233205.87565773
70,density_positive,0.5,density_negative,338405.4862816685,270161.2893526409,68244.19692902756,11166404.623550616,0.006111564037818982,270161.2893526409,11436565.912903257
70,density_positive,0.5,independent,7862363.248453485,1676366.7705601102,6185996.477893375,11166404.623550616,0.553982833905798,1676366.7705601102,12842771.394110726
70,density_negative,0.1,density_positive,14164961.678728703,14164288.079399243,673.5993294604123,5111.378789844885,0.13178427135916765,14164288.079399243,14169399.458189087
70,density_negative,0.1,density_negative,338405.4862816685,333967.70682128135,4437.77946038713,5111.378789844885,0.8682157286413521,333967.70682128135,339079.0856111262
70,density_negative,0.1,independent,7862363.248453485,7860856.956310614,1506.292142870836,5111.378789844885,0.2946938986137138,7860856.956310614,7865968.335100459
70,density_negative,0.3,density_positive,14164961.678728703,13583048.42107949,581913.2576492131,754720.4041172282,0.7710315694059683,13583048.42107949,14337768.825196719
70,density_negative,0.3,density_negative,338405.4862816685,165598.33981365207,172807.1464680164,754720.4041172282,0.2289684305940334,165598.33981365207,920318.7439308803
70,density_negative,0.3,independent,7862363.248453485,7526480.250835922,335882.99761756323,754720.4041172282,0.4450429533708375,7526480.250835922,8281200.65495315
70,density_negative,0.5,density_positive,14164961.678728703,11375814.23233169,2789147.446397014,3071089.1990296235,0.9081948669150687,11375814.23233169,14446903.431361314
70,density_negative,0.5,density_negative,338405.4862816685,56463.73364905796,281941.7526326105,3071089.1990296235,0.09180513308493157,56463.73364905796,3127552.9326786813
70,density_negative,0.5,independent,7862363.248453485,6370913.9845355125,1491449.2639179723,3071089.1990296235,0.48564179262172774,6370913.9845355125,9442003.183565136
71,random,0.1,density_positive,14164961.678728703,12738400.517088188,1426561.1616405156,1460495.0513562246,0.9767654880554386,12738400.517088188,14198895.568444412
71,random,0.1,density_negative,338405.4862816685,304471.59656596027,33933.88971570821,1460495.0513562246,0.02323451194456085,304471.59656596027,1764966.6479221848
71,random,0.1,independent,7862363.248453485,7063407.946023469,798955.302430016,1460495.0513562246,0.5470441695013627,7063407.946023469,8523902.997379694
71,random,0.3,density_positive,14164961.678728703,9895082.476189876,4269879.202538827,4371128.70139651,0.9768367609891389,9895082.476189876,14266211.177586386
71,random,0.3,density_negative,338405.4862816685,237155.98742398588,101249.4988576826,4371128.70139651,0.02316323901086118,237155.98742398588,4608284.688820496
71,random,0.3,independent,7862363.248453485,5481760.843069885,2380602.4053836,4371128.70139651,0.5446196092608834,5481760.843069885,9852889.544466395
71,random,0.5,density_positive,14164961.678728703,7069915.054685081,7095046.624043622,7264803.478370727,0.9766329736471858,7069915.054685081,14334718.533055808
71,random,0.5,density_negative,338405.4862816685,168648.63195456177,169756.8543271067,7264803.478370727,0.02336702635281443,168648.63195456177,7433452.110325289
71,random,0.5,independent,7862363.248453485,3915328.894315133,3947034.354138352,7264803.478370727,0.5433091708385139,3915328.894315133,11180132.37268586
71,spatial,0.1,density_positive,14164961.678728703,12790968.225958794,1373993.452769909,1404910.6431278223,0.9779934827107005,12790968.225958794,14195878.869086616
71,spatial,0.1,density_negative,338405.4862816685,307488.29592375323,30917.190357915242,1404910.6431278223,0.02200651728930088,307488.29592375323,1712398.9390515755
71,spatial,0.1,independent,7862363.248453485,7059081.737599157,803281.510854328,1404910.6431278223,0.5717669766284513,7059081.737599157,8463992.380726978
71,spatial,0.3,density_positive,14164961.678728703,9774224.228374181,4390737.450354522,4486245.230861745,0.9787109764196111,9774224.228374181,14260469.459235925
71,spatial,0.3,density_negative,338405.4862816685,242897.70577444567,95507.78050722281,4486245.230861745,0.021289023580388873,242897.70577444567,4729142.936636191
71,spatial,0.3,independent,7862363.248453485,5320725.518253817,2541637.7301996676,4486245.230861745,0.5665400796004757,5320725.518253817,9806970.749115562
71,spatial,0.5,density_positive,14164961.678728703,6973414.90725526,7191546.771473443,7354613.545201901,0.9778279616289504,6973414.90725526,14328028.452457162
71,spatial,0.5,density_negative,338405.4862816685,175338.7125532116,163066.77372845687,7354613.545201901,0.022172038371049488,175338.7125532116,7529952.257755113
71,spatial,0.5,independent,7862363.248453485,3762791.042493927,4099572.205959558,7354613.545201901,0.5574150403367,3762791.042493927,11117404.587695828
71,density_positive,0.1,density_positive,14164961.678728703,10952106.109791694,3212855.568937009,3214586.2529824306,0.9994616153031154,10952106.109791694,14166692.362774124
71,density_positive,0.1,density_negative,338405.4862816685,336674.8022362467,1730.6840454217745,3214586.2529824306,0.0005383846968847327,336674.8022362467,3551261.0552186775
71,density_positive,0.1,independent,7862363.248453485,5872358.5913092,1990004.6571442848,3214586.2529824306,0.619054677813668,5872358.5913092,9086944.844291631
71,density_positive,0.3,density_positive,14164961.678728703,6360437.374322782,7804524.304405921,7818237.885581181,0.9982459498705518,6360437.374322782,14178675.259903964
71,density_positive,0.3,density_negative,338405.4862816685,324691.9051064072,13713.581175261294,7818237.885581181,0.0017540501294483024,324691.9051064072,8142929.790687589
71,density_positive,0.3,independent,7862363.248453485,3414979.6182025466,4447383.630250938,7818237.885581181,0.5688473151287766,3414979.6182025466,11233217.503783729
71,density_positive,0.5,density_positive,14164961.678728703,2984107.4914078447,11180854.187320858,11240895.943810727,0.994658632480009,2984107.4914078447,14225003.435218573
71,density_positive,0.5,density_negative,338405.4862816685,278363.7297917985,60041.756489869964,11240895.943810727,0.005341367519991068,278363.7297917985,11519259.673602525
71,density_positive,0.5,independent,7862363.248453485,1674051.4369480934,6188311.811505391,11240895.943810727,0.5505176671360165,1674051.4369480934,12914947.38075882
71,density_negative,0.1,density_positive,14164961.678728703,14162749.410516992,2212.268211711198,6842.817640227973,0.3232978471771016,14162749.410516992,14169592.22815722
71,density_negative,0.1,density_negative,338405.4862816685,333774.9368531503,4630.549428518163,6842.817640227973,0.6767021528231012,333774.9368531503,340617.7544933783
71,density_negative,0.1,independent,7862363.248453485,7856982.882418653,5380.366034831852,6842.817640227973,0.7862793249379361,7856982.882418653,7863825.700058881
71,density_negative,0.3,density_positive,14164961.678728703,13595776.332704064,569185.3460246399,739521.0004297144,0.7696675898235514,13595776.332704064,14335297.333133778
71,density_negative,0.3,density_negative,338405.4862816685,168069.83187659382,170335.65440507466,739521.0004297144,0.23033241017644868,168069.83187659382,907590.8323063082
71,density_negative,0.3,independent,7862363.248453485,7498555.43032067,363807.81813281495,739521.0004297144,0.4919506246900584,7498555.43032067,8238076.430750384
71,density_negative,0.5,density_positive,14164961.678728703,11315270.713495417,2849690.965233287,3122567.0365585955,0.9126116211019613,11315270.713495417,14437837.750054013
71,density_negative,0.5,density_negative,338405.4862816685,65529.41495635891,272876.0713253096,3122567.0365585955,0.08738837889803908,65529.41495635891,3188096.451514954
71,density_negative,0.5,independent,7862363.248453485,6278080.122348374,1584283.126105111,3122567.0365585955,0.5073656089866245,6278080.122348374,9400647.15890697
72,random,0.1,density_positive,14164961.678728703,12741926.42915833,1423035.2495703734,1456599.396592113,0.9769571873362938,12741926.42915833,14198525.825750442
72,random,0.1,density_negative,338405.4862816685,304841.3392599311,33564.14702173736,1456599.396592113,0.023042812663704695,304841.3392599311,1761440.735852044
72,random,0.1,independent,7862363.248453485,7066842.952836284,795520.2956172004,1456599.396592113,0.5461489943483531,7066842.952836284,8523442.349428397
72,random,0.3,density_positive,14164961.678728703,9914070.475052482,4250891.203676222,4352867.88886535,0.976572529239864,9914070.475052482,14266938.363917831
72,random,0.3,density_negative,338405.4862816685,236428.80109253994,101976.68518912853,4352867.88886535,0.023427470760136144,236428.80109253994,4589296.68995789
72,random,0.3,independent,7862363.248453485,5497064.757434065,2365298.4910194194,4352867.88886535,0.543388531747049,5497064.757434065,9849932.646299414
72,random,0.5,density_positive,14164961.678728703,7086588.9187946655,7078372.759934038,7247813.465762183,0.9766218175138526,7086588.9187946655,14334402.384556849
72,random,0.5,density_negative,338405.4862816685,168964.78045352284,169440.70582814564,7247813.465762183,0.023378182486147522,168964.78045352284,7416778.246215706
72,random,0.5,independent,7862363.248453485,3931837.614128836,3930525.634324649,7247813.465762183,0.5423050210787004,3931837.614128836,11179651.079891019
72,spatial,0.1,density_positive,14164961.678728703,12875347.994150568,1289613.6845781356,1325498.2788303914,0.9729274682394005,12875347.994150568,14200846.272980958
72,spatial,0.1,density_negative,338405.4862816685,302520.89202941046,35884.594252258015,1325498.2788303914,0.027072531760601214,302520.89202941046,1628019.1708598018
72,spatial,0.1,independent,7862363.248453485,7132212.284703979,730150.9637495056,1325498.2788303914,0.5508501786918839,7132212.284703979,8457710.563534372
72,spatial,0.3,density_positive,14164961.678728703,10024040.293517634,4140921.385211069,4249076.968508014,0.9745460992826115,10024040.293517634,14273117.262025649
72,spatial,0.3,density_negative,338405.4862816685,230249.9029847231,108155.58329694538,4249076.968508014,0.025453900717388563,230249.9029847231,4479326.871492738
72,spatial,0.3,independent,7862363.248453485,5587659.779205035,2274703.4692484494,4249076.968508014,0.535340613057233,5587659.779205035,9836736.74771305
72,spatial,0.5,density_positive,14164961.678728703,6975286.717019261,7189674.961709443,7359571.369889294,0.9769149044637355,6975286.717019261,14334858.086908555
72,spatial,0.5,density_negative,338405.4862816685,168509.0781018179,169896.40817985058,7359571.369889294,0.023085095536264394,168509.0781018179,7528080.447991111
72,spatial,0.5,independent,7862363.248453485,3890919.590029312,3971443.658424173,7359571.369889294,0.5396297499977792,3890919.590029312,11250490.959918605
72,density_positive,0.1,density_positive,14164961.678728703,10990454.645426154,3174507.0333025493,3176554.103744922,0.9993555688411038,10990454.645426154,14167008.749171076
72,density_positive,0.1,density_negative,338405.4862816685,336358.4158392945,2047.0704423739808,3176554.103744922,0.0006444311588965654,336358.4158392945,3512912.5195842166
72,density_positive,0.1,independent,7862363.248453485,6004038.965902807,1858324.2825506777,3176554.103744922,0.5850126337718758,6004038.965902807,9180593.06964773
72,density_positive,0.3,density_positive,14164961.678728703,6324388.9457958415,7840572.732932862,7859110.4702701615,0.9976412422999492,6324388.9457958415,14183499.416066002
72,density_positive,0.3,density_negative,338405.4862816685,319867.74894436833,18537.737337300146,7859110.4702701615,0.002358757700050869,319867.74894436833,8178978.21921453
72,density_positive,0.3,independent,7862363.248453485,3395506.0426798933,4466857.205773592,7859110.4702701615,0.5683667665279734,3395506.0426798933,11254616.512950055
72,density_positive,0.5,density_positive,14164961.678728703,2940641.3382458882,11224320.340482816,11294135.245611347,0.9938184815738186,2940641.3382458882,14234776.583857235
72,density_positive,0.5,density_negative,338405.4862816685,268590.58115313697,69814.9051285315,11294135.245611347,0.006181518426181415,268590.58115313697,11562725.826764485
72,density_positive,0.5,independent,7862363.248453485,1596172.4594058462,6266190.789047639,11294135.245611347,0.5548181115931423,1596172.4594058462,12890307.705017194
72,density_negative,0.1,density_positive,14164961.678728703,14163026.460801287,1935.2179274167866,6357.210287176241,0.30441307428834097,14163026.460801287,14169383.671088463
72,density_negative,0.1,density_negative,338405.4862816685,333983.4939219087,4421.992359759752,6357.210287176241,0.6955869257117058,333983.4939219087,340340.704209085
72,density_negative,0.1,independent,7862363.248453485,7860056.775933824,2306.4725196613,6357.210287176241,0.3628120536320647,7860056.775933824,7866413.986221
72,density_negative,0.3,density_positive,14164961.678728703,13568822.711116608,596138.9676120952,767660.5780960897,0.7765658216950607,13568822.711116608,14336483.289212698
72,density_negative,0.3,density_negative,338405.4862816685,166883.87579767007,171521.6104839984,767660.5780960897,0.22343417830494441,166883.87579767007,934544.4538937598
72,density_negative,0.3,independent,7862363.248453485,7476041.966743849,386321.28170963563,767660.5780960897,0.5032449141361002,7476041.966743849,8243702.544839939
72,density_negative,0.5,density_positive,14164961.678728703,11308529.112481674,2856432.566247029,3135333.9818398934,0.9110457076635907,11308529.112481674,14443863.094321568
72,density_negative,0.5,density_negative,338405.4862816685,59504.07068880681,278901.41559286165,3135333.9818398934,0.08895429233640853,59504.07068880681,3194838.0525287003
72,density_negative,0.5,independent,7862363.248453485,6288102.422267456,1574260.8261860292,3135333.9818398934,0.5021030726883562,6288102.422267456,9423436.404107349
73,random,0.1,density_positive,14164961.678728703,12738335.472662048,1426626.206066655,1459753.372723127,0.9773063263456112,12738335.472662048,14198088.845385175
73,random,0.1,density_negative,338405.4862816685,305278.3196251914,33127.166656477086,1459753.372723127,0.02269367365439227,305278.3196251914,1765031.6923483184
73,random,0.1,independent,7862363.248453485,7069618.092153284,792745.1563002011,1459753.372723127,0.5430678709934119,7069618.092153284,8529371.464876411
73,random,0.3,density_positive,14164961.678728703,9899855.91899494,4265105.759733763,4366287.41352522,0.9768266162511354,9899855.91899494,14266143.33252016
73,random,0.3,density_negative,338405.4862816685,237223.8324902097,101181.65379145878,4366287.41352522,0.02317338374886492,237223.8324902097,4603511.2460154295
73,random,0.3,independent,7862363.248453485,5492272.453793574,2370090.7946599107,4366287.41352522,0.5428160288574235,5492272.453793574,9858559.867318794
73,random,0.5,density_positive,14164961.678728703,7071394.431622082,7093567.247106621,7261836.540647062,0.9768282730410444,7071394.431622082,14333230.972269144
73,random,0.5,density_negative,338405.4862816685,170136.1927412289,168269.29354043957,7261836.540647062,0.023171726958955488,170136.1927412289,7431972.733388291
73,random,0.5,independent,7862363.248453485,3928353.200995866,3934010.0474576186,7261836.540647062,0.5417376204266753,3928353.200995866,11190189.741642928
73,spatial,0.1,density_positive,14164961.678728703,12812024.441725833,1352937.23700287,1385735.4887024092,0.9763315207217136,12812024.441725833,14197759.930428242
73,spatial,0.1,density_negative,338405.4862816685,305607.23458212835,32798.251699540124,1385735.4887024092,0.023668479278287174,305607.23458212835,1691342.7232845374
73,spatial,0.1,independent,7862363.248453485,7013539.5098343585,848823.7386191264,1385735.4887024092,0.6125438408263308,7013539.5098343585,8399274.998536767
73,spatial,0.3,density_positive,14164961.678728703,10096121.018925501,4068840.6598032024,4170976.0534217884,0.9755128314546913,10096121.018925501,14267097.072347289
73,spatial,0.3,density_negative,338405.4862816685,236270.09266308276,102135.39361858572,4170976.0534217884,0.02448716854530867,236270.09266308276,4407246.146084871
73,spatial,0.3,independent,7862363.248453485,5471364.601235938,2390998.6472175466,4170976.0534217884,0.5732467932190638,5471364.601235938,9642340.654657727
73,spatial,0.5,density_positive,14164961.678728703,7225817.643872472,6939144.034856231,7105727.4972611135,0.9765564521762069,7225817.643872472,14331545.141133586
73,spatial,0.5,density_negative,338405.4862816685,171822.02387678475,166583.46240488373,7105727.4972611135,0.023443547823793265,171822.02387678475,7277549.521137898
73,spatial,0.5,independent,7862363.248453485,3800482.1447223444,4061881.1037311405,7105727.4972611135,0.5716347981676448,3800482.1447223444,10906209.641983457
73,density_positive,0.1,density_positive,14164961.678728703,11098661.714137517,3066299.9645911865,3067727.5614662766,0.9995346402682487,11098661.714137517,14166389.275603794
73,density_positive,0.1,density_negative,338405.4862816685,336977.8894065788,1427.5968750896864,3067727.5614662766,0.0004653597317511925,336977.8894065788,3404705.4508728553
73,density_positive,0.1,independent,7862363.248453485,5913553.41263988,1948809.8358136052,3067727.5614662766,0.6352617032531194,5913553.41263988,8981280.974106155
73,density_positive,0.3,density_positive,14164961.678728703,6370788.651704301,7794173.027024402,7813172.463788119,0.9975682814053095,6370788.651704301,14183961.11549242
73,density_positive,0.3,density_negative,338405.4862816685,319406.04951794987,18999.436763718608,7813172.463788119,0.0024317185946906602,319406.04951794987,8132578.513306069
73,density_positive,0.3,independent,7862363.248453485,3224375.708628093,4637987.539825392,7813172.463788119,0.5936113097875637,3224375.708628093,11037548.172416212
73,density_positive,0.5,density_positive,14164961.678728703,2791742.444506767,11373219.234221935,11436324.332362887,0.9944820471764364,2791742.444506767,14228066.776869655
73,density_positive,0.5,density_negative,338405.4862816685,275300.3881407139,63105.098140954564,11436324.332362887,0.005517952823563921,275300.3881407139,11711624.7205036
73,density_positive,0.5,independent,7862363.248453485,1409757.4504005937,6452605.798052891,11436324.332362887,0.5642202521130933,1409757.4504005937,12846081.782763481
73,density_negative,0.1,density_positive,14164961.678728703,14164961.678728703,0.0,4257.417483764404,0.0,14164961.678728703,14169219.096212467
73,density_negative,0.1,density_negative,338405.4862816685,334148.068797904,4257.417483764468,4257.417483764404,1.0000000000000149,334148.068797904,338405.4862816684
73,density_negative,0.1,independent,7862363.248453485,7859980.987217322,2382.261236162856,4257.417483764404,0.5595554688370526,7859980.987217322,7864238.404701087
73,density_negative,0.3,density_positive,14164961.678728703,13472781.495071294,692180.1836574096,856709.7353692394,0.8079518127094494,13472781.495071294,14329491.230440533
73,density_negative,0.3,density_negative,338405.4862816685,173875.9345698389,164529.55171182958,856709.7353692394,0.19204818729055043,173875.9345698389,1030585.6699390783
73,density_negative,0.3,independent,7862363.248453485,7400918.494407048,461444.7540464364,856709.7353692394,0.5386243846611071,7400918.494407048,8257628.229776287
73,density_negative,0.5,density_positive,14164961.678728703,11230827.925791632,2934133.752937071,3209475.359705371,0.914209777016772,11230827.925791632,14440303.285497002
73,density_negative,0.5,density_negative,338405.4862816685,63063.87951336981,275341.60676829866,3209475.359705371,0.08579022298322769,63063.87951336981,3272539.2392187407
73,density_negative,0.5,independent,7862363.248453485,6175868.626392981,1686494.6220605038,3209475.359705371,0.525473615792247,6175868.626392981,9385343.986098353
74,random,0.1,density_positive,14164961.678728703,12748112.034160232,1416849.6445684712,1450186.3208428149,0.9770121426500774,12748112.034160232,14198298.355003048
74,random,0.1,density_negative,338405.4862816685,305068.8100073233,33336.6762743452,1450186.3208428149,0.022987857349923622,305068.8100073233,1755255.1308501381
74,random,0.1,independent,7862363.248453485,7078816.628479941,783546.619973544,1450186.3208428149,0.5403075513208294,7078816.628479941,8529002.949322756
74,random,0.3,density_positive,14164961.678728703,9896296.804841649,4268664.873887055,4368867.9761258615,0.977064286953422,9896296.804841649,14265164.780967511
74,random,0.3,density_negative,338405.4862816685,238202.3840428621,100203.10223880637,4368867.9761258615,0.022935713046577915,238202.3840428621,4607070.360168723
74,random,0.3,independent,7862363.248453485,5499422.207538156,2362941.040915329,4368867.9761258615,0.5408588801098748,5499422.207538156,9868290.183664016
74,random,0.5,density_positive,14164961.678728703,7058297.752609076,7106663.926119627,7275418.36412834,0.9768048475616521,7058297.752609076,14333716.116737416
74,random,0.5,density_negative,338405.4862816685,169651.04827295296,168754.43800871552,7275418.36412834,0.023195152438348306,169651.04827295296,7445069.412401293
74,random,0.5,independent,7862363.248453485,3923318.313715228,3939044.934738257,7275418.36412834,0.5414183401685643,3923318.313715228,11198736.677843567
74,spatial,0.1,density_positive,14164961.678728703,13035587.366948945,1129374.311779758,1169939.8578405427,0.9653268107852484,13035587.366948945,14205527.224789489
74,spatial,0.1,density_negative,338405.4862816685,297839.94022088434,40565.54606078414,1169939.8578405427,0.0346731892147511,297839.94022088434,1467779.798061427
74,spatial,0.1,independent,7862363.248453485,7312640.22099197,549723.0274615148,1169939.8578405427,0.4698728945573196,7312640.22099197,8482580.078832513
74,spatial,0.3,density_positive,14164961.678728703,10426230.352648612,3738731.3260800913,3850372.087464036,0.9710052018745351,10426230.352648612,14276602.440112649
74,spatial,0.3,density_negative,338405.4862816685,226764.72489772193,111640.76138394655,3850372.087464036,0.028994798125465404,226764.72489772193,4077136.8123617577
74,spatial,0.3,independent,7862363.248453485,6003240.550107656,1859122.6983458288,3850372.087464036,0.4828423477301643,6003240.550107656,9853612.637571692
74,spatial,0.5,density_positive,14164961.678728703,7304699.681545666,6860261.997183037,7036886.813347561,0.9749001481977083,7304699.681545666,14341586.494893227
74,spatial,0.5,density_negative,338405.4862816685,161780.67011714456,176624.81616452392,7036886.813347561,0.025099851802291618,161780.67011714456,7198667.483464706
74,spatial,0.5,independent,7862363.248453485,4225605.860856658,3636757.387596827,7036886.813347561,0.5168133983196417,4225605.860856658,11262492.67420422
74,density_positive,0.1,density_positive,14164961.678728703,11050685.318632413,3114276.3600962907,3117363.0539230756,0.9990098381954902,11050685.318632413,14168048.372555489
74,density_positive,0.1,density_negative,338405.4862816685,335318.79245488305,3086.6938267854275,3117363.0539230756,0.0009901618045100482,335318.79245488305,3452681.8463779585
74,density_positive,0.1,independent,7862363.248453485,6155850.096981424,1706513.151472061,3117363.0539230756,0.5474220108320341,6155850.096981424,9273213.150904499
74,density_positive,0.3,density_positive,14164961.678728703,6451347.603059116,7713614.075669588,7733534.581758772,0.9974241395213812,6451347.603059116,14184882.184817888
74,density_positive,0.3,density_negative,338405.4862816685,318484.9801924831,19920.506089185365,7733534.581758772,0.0025758604786189515,318484.9801924831,8052019.561951255
74,density_positive,0.3,independent,7862363.248453485,3766957.21269287,4095406.035760615,7733534.581758772,0.5295645855674485,3766957.21269287,11500491.794451643
74,density_positive,0.5,density_positive,14164961.678728703,3018242.3964934493,11146719.282235254,11214528.949857695,0.9939534091957289,3018242.3964934493,14232771.346351145
74,density_positive,0.5,density_negative,338405.4862816685,270595.8186592292,67809.66762243927,11214528.949857695,0.006046590804270895,270595.8186592292,11485124.768516924
74,density_positive,0.5,independent,7862363.248453485,1859873.1038315943,6002490.14462189,11214528.949857695,0.5352422889503583,1859873.1038315943,13074402.05368929
74,density_negative,0.1,density_positive,14164961.678728703,14164074.398035679,887.2806930243969,5772.104857486674,0.15371874124454873,14164074.398035679,14169846.502893167
74,density_negative,0.1,density_negative,338405.4862816685,333520.6621172044,4884.82416446408,5772.104857486674,0.8462812587557637,333520.6621172044,339292.76697469107
74,density_negative,0.1,independent,7862363.248453485,7859901.051879368,2462.196574117057,5772.104857486674,0.4265682337567863,7859901.051879368,7865673.156736854
74,density_negative,0.3,density_positive,14164961.678728703,13656126.800744975,508834.8779837284,687973.7859299452,0.7396137591142782,13656126.800744975,14344100.58667492
74,density_negative,0.3,density_negative,338405.4862816685,159266.5783354532,179138.90794621527,687973.7859299452,0.2603862408857197,159266.5783354532,847240.3642653984
74,density_negative,0.3,independent,7862363.248453485,7582646.404670474,279716.8437830107,687973.7859299452,0.4065806713912987,7582646.404670474,8270620.190600419
74,density_negative,0.5,density_positive,14164961.678728703,11485138.567701751,2679823.111026952,2958790.1515793204,0.9057158411847952,11485138.567701751,14443928.719281072
74,density_negative,0.5,density_negative,338405.4862816685,59438.445729298226,278967.04055237025,2958790.1515793204,0.09428415881520538,59438.445729298226,3018228.5973086185
74,density_negative,0.5,independent,7862363.248453485,6521750.116296452,1340613.1321570333,2958790.1515793204,0.45309503664578954,6521750.116296452,9480540.267875772
75,random,0.1,density_positive,14164961.678728703,12764337.930845428,1400623.7478832752,1434973.8326308052,0.9760622222047391,12764337.930845428,14199311.763476234
75,random,0.1,density_negative,338405.4862816685,304055.4015341376,34350.08474753087,1434973.8326308052,0.023937777795261423,304055.4015341376,1739029.2341649428
75,random,0.1,independent,7862363.248453485,7081762.781851805,780600.46660168,1434973.8326308052,0.5439823701666868,7081762.781851805,8516736.61448261
75,random,0.3,density_positive,14164961.678728703,9943594.880694129,4221366.798034575,4323082.043693675,0.9764715902610551,9943594.880694129,14266676.924387803
75,random,0.3,density_negative,338405.4862816685,236690.2406225714,101715.24565909707,4323082.043693675,0.023528409738944205,236690.2406225714,4559772.284316246
75,random,0.3,independent,7862363.248453485,5513260.790661309,2349102.457792176,4323082.043693675,0.5433860458926393,5513260.790661309,9836342.834354984
75,random,0.5,density_positive,14164961.678728703,7108654.359861377,7056307.318867327,7226413.493876782,0.976460497983738,7108654.359861377,14335067.853738159
75,random,0.5,density_negative,338405.4862816685,168299.31127221297,170106.1750094555,7226413.493876782,0.02353950201626201,168299.31127221297,7394712.8051489955
75,random,0.5,independent,7862363.248453485,3943198.8478702377,3919164.400583247,7226413.493876782,0.542338796957039,3943198.8478702377,11169612.34174702
75,spatial,0.1,density_positive,14164961.678728703,12725107.211137086,1439854.4675916173,1475163.981058444,0.9760640078525428,12725107.211137086,14200271.192195531
75,spatial,0.1,density_negative,338405.4862816685,303095.9728148393,35309.5134668292,1475163.981058444,0.023935992147458954,303095.9728148393,1778259.9538732832
75,spatial,0.1,independent,7862363.248453485,6997002.028542587,865361.2199108982,1475163.981058444,0.5866203561247432,6997002.028542587,8472166.00960103
75,spatial,0.3,density_positive,14164961.678728703,9886170.831247484,4278790.847481219,4384012.27109124,0.9759988300434592,9886170.831247484,14270183.102338724
75,spatial,0.3,density_negative,338405.4862816685,233184.06267164892,105221.42361001956,4384012.27109124,0.024001169956540405,233184.06267164892,4617196.33376289
75,spatial,0.3,independent,7862363.248453485,5318861.126915488,2543502.1215379965,4384012.27109124,0.5801767796842603,5318861.126915488,9702873.39800673
75,spatial,0.5,density_positive,14164961.678728703,6962320.535776724,7202641.142951979,7370557.26056808,0.9772179888602943,6962320.535776724,14332877.796344804
75,spatial,0.5,density_negative,338405.4862816685,170489.3686655684,167916.11761610006,7370557.26056808,0.022782011139705613,170489.3686655684,7541046.629233648
75,spatial,0.5,independent,7862363.248453485,3670786.468489992,4191576.779963493,7370557.26056808,0.5686919769809142,3670786.468489992,11041343.729058072
75,density_positive,0.1,density_positive,14164961.678728703,10969655.6294238,3195306.0493049026,3197700.2931278385,0.9992512607175597,10969655.6294238,14167355.92255164
75,density_positive,0.1,density_negative,338405.4862816685,336011.2424587299,2394.243822938588,3197700.2931278385,0.000748739282441211,336011.2424587299,3533711.5355865685
75,density_positive,0.1,independent,7862363.248453485,5835390.453979501,2026972.7944739843,3197700.2931278385,0.6338845447242636,5835390.453979501,9033090.747107338
75,density_positive,0.3,density_positive,14164961.678728703,6175786.7768047685,7989174.901923935,8006331.924822753,0.9978570682479919,6175786.7768047685,14182118.701627523
75,density_positive,0.3,density_negative,338405.4862816685,321248.46338285005,17157.022898818424,8006331.924822753,0.0021429317520080524,321248.46338285005,8327580.388205604
75,density_positive,0.3,independent,7862363.248453485,3281759.669357377,4580603.579096108,8006331.924822753,0.5721226177114203,3281759.669357377,11288091.59418013
75,density_positive,0.5,density_positive,14164961.678728703,2697694.0836620512,11467267.595066652,11530026.054074436,0.9945569542762995,2697694.0836620512,14227720.137736488
75,density_positive,0.5,density_negative,338405.4862816685,275647.02727388317,62758.459007785306,11530026.054074436,0.005443045723700508,275647.02727388317,11805673.08134832
75,density_positive,0.5,independent,7862363.248453485,1436864.7567884156,6425498.491665069,11530026.054074436,0.5572839524846044,1436864.7567884156,12966890.810862852
75,density_negative,0.1,density_positive,14164961.678728703,14164821.672724828,140.0060038752854,5797.520612328071,0.024149289538974855,14164821.672724828,14170619.193337156
75,density_negative,0.1,density_negative,338405.4862816685,332747.97167321603,5657.514608452446,5797.520612328071,0.9758507104609665,332747.97167321603,338545.4922855441
75,density_negative,0.1,independent,7862363.248453485,7859580.50362805,2782.744825434871,5797.520612328071,0.47998877649827326,7859580.50362805,7865378.024240378
75,density_negative,0.3,density_positive,14164961.678728703,13539853.42548654,625108.253242163,796672.3035046306,0.7846491593748867,13539853.42548654,14336525.728991171
75,density_negative,0.3,density_negative,338405.4862816685,166841.43601919728,171564.0502624712,796672.3035046306,0.21535084062511783,166841.43601919728,963513.7395238278
75,density_negative,0.3,independent,7862363.248453485,7506611.694253496,355751.55419998895,796672.3035046306,0.44654690847793627,7506611.694253496,8303283.997758127
75,density_negative,0.5,density_positive,14164961.678728703,11132507.363854192,3032454.314874511,3306842.3797189966,0.9170241477104204,11132507.363854192,14439349.743573189
75,density_negative,0.5,density_negative,338405.4862816685,64017.42143718106,274388.0648444874,3306842.3797189966,0.08297585228958022,64017.42143718106,3370859.8011561777
75,density_negative,0.5,independent,7862363.248453485,6107247.595603684,1755115.652849801,3306842.3797189966,0.5307527397175018,6107247.595603684,9414089.97532268
76,random,0.1,density_positive,14164961.678728703,12738105.688770428,1426855.989958275,1459846.3313634624,0.9774014972011643,12738105.688770428,14197952.02013389
76,random,0.1,density_negative,338405.4862816685,305415.1448764818,32990.341405186686,1459846.3313634624,0.022598502798835324,305415.1448764818,1765261.476239944
76,random,0.1,independent,7862363.248453485,7071350.989328773,791012.2591247121,1459846.3313634624,0.5418462492459224,7071350.989328773,8531197.320692236
76,random,0.3,density_positive,14164961.678728703,9904511.528622504,4260450.150106199,4360597.207767736,0.9770336371625564,9904511.528622504,14265108.73639024
76,random,0.3,density_negative,338405.4862816685,238258.42862013332,100147.05766153516,4360597.207767736,0.02296636283744312,238258.42862013332,4598855.63638787
76,random,0.3,independent,7862363.248453485,5502767.478903957,2359595.769549528,4360597.207767736,0.5411175710855086,5502767.478903957,9863364.686671693
76,random,0.5,density_positive,14164961.678728703,7075049.034941018,7089912.643787686,7258444.570271285,0.9767812614876384,7075049.034941018,14333493.605212303
76,random,0.5,density_negative,338405.4862816685,169873.5597980685,168531.92648359996,7258444.570271285,0.023218738512361618,169873.5597980685,7428318.130069354
76,random,0.5,independent,7862363.248453485,3929006.6479760827,3933356.600477402,7258444.570271285,0.5419007560638287,3929006.6479760827,11187451.218247369
76,spatial,0.1,density_positive,14164961.678728703,12955501.654968886,1209460.0237598177,1247235.2115696857,0.9697128597240878,12955501.654968886,14202736.866538571
76,spatial,0.1,density_negative,338405.4862816685,300630.29847180116,37775.18780986732,1247235.2115696857,0.030287140275911572,300630.29847180116,1547865.510041487
76,spatial,0.1,independent,7862363.248453485,7208183.131676397,654180.1167770876,1247235.2115696857,0.5245042079543126,7208183.131676397,8455418.343246084
76,spatial,0.3,density_positive,14164961.678728703,9952539.956634523,4212421.72209418,4313166.026138939,0.9766426092957652,9952539.956634523,14265705.982773462
76,spatial,0.3,density_negative,338405.4862816685,237661.18223690576,100744.30404476271,4313166.026138939,0.023357390704235658,237661.18223690576,4550827.208375845
76,spatial,0.3,independent,7862363.248453485,5583341.196594333,2279022.0518591516,4313166.026138939,0.5283872770136064,5583341.196594333,9896507.222733272
76,spatial,0.5,density_positive,14164961.678728703,6778047.228112356,7386914.450616348,7547660.352862734,0.9787025522173348,6778047.228112356,14325707.58097509
76,spatial,0.5,density_negative,338405.4862816685,177659.58403527967,160745.9022463888,7547660.352862734,0.02129744778266551,177659.58403527967,7725319.936898014
76,spatial,0.5,independent,7862363.248453485,3854233.6186972503,4008129.6297562346,7547660.352862734,0.5310426598934066,3854233.6186972503,11401893.971559985
76,density_positive,0.1,density_positive,14164961.678728703,10997921.097229702,3167040.581499001,3168647.3519008947,0.9994929159911311,10997921.097229702,14166568.449130597
76,density_positive,0.1,density_negative,338405.4862816685,336798.7158797737,1606.7704018947552,3168647.3519008947,0.0005070840088692236,336798.7158797737,3505446.0677806684
76,density_positive,0.1,independent,7862363.248453485,6070880.907672509,1791482.3407809762,3168647.3519008947,0.5653776333634138,6070880.907672509,9239528.259573404
76,density_positive,0.3,density_positive,14164961.678728703,6224156.662592539,7940805.016136165,7956618.291323799,0.9980125633015627,6224156.662592539,14180774.953916337
76,density_positive,0.3,density_negative,338405.4862816685,322592.2110940315,15813.275187636958,7956618.291323799,0.0019874366984376215,322592.2110940315,8279210.50241783
76,density_positive,0.3,independent,7862363.248453485,3437970.8089802116,4424392.439473273,7956618.291323799,0.5560644330893441,3437970.8089802116,11394589.100304011
76,density_positive,0.5,density_positive,14164961.678728703,2709971.493457483,11454990.18527122,11514936.240940232,0.99479406099915,2709971.493457483,14224907.734397715
76,density_positive,0.5,density_negative,338405.4862816685,278459.430612655,59946.05566901347,11514936.240940232,0.005205939000850141,278459.430612655,11793395.671552887
76,density_positive,0.5,independent,7862363.248453485,1531862.8261397905,6330500.422313694,11514936.240940232,0.5497642618120817,1531862.8261397905,13046799.067080023
76,density_negative,0.1,density_positive,14164961.678728703,14164814.094052795,147.58467590808868,5213.860194753557,0.028306220419296178,14164814.094052795,14170027.95424755
76,density_negative,0.1,density_negative,338405.4862816685,333339.2107628248,5066.275518843671,5213.860194753557,0.9716937795803592,333339.2107628248,338553.07095757837
76,density_negative,0.1,independent,7862363.248453485,7859475.097753623,2888.150699862279,5213.860194753557,0.5539371199036902,7859475.097753623,7864688.957948376
76,density_negative,0.3,density_positive,14164961.678728703,13566828.702754704,598132.9759739991,769194.758831854,0.7776092713922809,13566828.702754704,14336023.461586557
76,density_negative,0.3,density_negative,338405.4862816685,167343.70342381208,171061.7828578564,769194.758831854,0.2223907286077212,167343.70342381208,936538.462255666
76,density_negative,0.3,independent,7862363.248453485,7453055.785435756,409307.4630177291,769194.758831854,0.5321246125484895,7453055.785435756,8222250.54426761
76,density_negative,0.5,density_positive,14164961.678728703,11315086.962266302,2849874.7164624017,3121713.0878386553,0.9129201295163024,11315086.962266302,14436800.050104957
76,density_negative,0.5,density_negative,338405.4862816685,66567.11490541468,271838.3713762538,3121713.0878386553,0.08707987048369759,66567.11490541468,3188280.20274407
76,density_negative,0.5,independent,7862363.248453485,6300089.500546015,1562273.74790747,3121713.0878386553,0.5004539827806929,6300089.500546015,9421802.58838467
77,random,0.1,density_positive,14164961.678728703,12753943.941369766,1411017.737358937,1444662.1348207702,0.9767112346541794,12753943.941369766,14198606.076190537
77,random,0.1,density_negative,338405.4862816685,304761.08881983213,33644.39746183634,1444662.1348207702,0.0232887653458228,304761.08881983213,1749423.2236406023
77,random,0.1,independent,7862363.248453485,7089067.675215422,773295.5732380627,1444662.1348207702,0.535277802746592,7089067.675215422,8533729.810036192
77,random,0.3,density_positive,14164961.678728703,9910804.795639751,4254156.883088952,4354774.365292508,0.9768949034408129,9910804.795639751,14265579.16093226
77,random,0.3,density_negative,338405.4862816685,237788.00407811155,100617.48220355692,4354774.365292508,0.023105096559187285,237788.00407811155,4592562.36937062
77,random,0.3,independent,7862363.248453485,5527007.540631968,2335355.7078215173,4354774.365292508,0.5362747899028409,5527007.540631968,9881781.905924477
77,random,0.5,density_positive,14164961.678728703,7041602.254291239,7123359.424437464,7291740.174449309,0.9769080156473676,7041602.254291239,14333342.428740548
77,random,0.5,density_negative,338405.4862816685,170024.73626982124,168380.75001184724,7291740.174449309,0.023091984352632777,170024.73626982124,7461764.91071913
77,random,0.5,independent,7862363.248453485,3915200.076833175,3947163.17162031,7291740.174449309,0.5413197778839411,3915200.076833175,11206940.251282483
77,spatial,0.1,density_positive,14164961.678728703,12828465.19703147,1336496.4816972334,1369950.044921598,0.9755804502884051,12828465.19703147,14198415.241953067
77,spatial,0.1,density_negative,338405.4862816685,304951.92305730266,33453.56322436582,1369950.044921598,0.02441954971159577,304951.92305730266,1674901.9679789005
77,spatial,0.1,independent,7862363.248453485,7037367.39328775,824995.8551657349,1369950.044921598,0.6022087142695406,7037367.39328775,8407317.438209347
77,spatial,0.3,density_positive,14164961.678728703,10002717.231508909,4162244.4472197946,4263305.863466173,0.9762950584633369,10002717.231508909,14266023.094975082
77,spatial,0.3,density_negative,338405.4862816685,237344.07003529073,101061.41624637775,4263305.863466173,0.02370494153666289,237344.07003529073,4500649.933501464
77,spatial,0.3,independent,7862363.248453485,5393054.000467964,2469309.2479855204,4263305.863466173,0.5792005844914704,5393054.000467964,9656359.863934137
77,spatial,0.5,density_positive,14164961.678728703,7172298.242447281,6992663.436281422,7162004.355720711,0.9763556525480153,7172298.242447281,14334302.598167993
77,spatial,0.5,density_negative,338405.4862816685,169064.5668423811,169340.9194392874,7162004.355720711,0.02364434745198457,169064.5668423811,7331068.922563092
77,spatial,0.5,independent,7862363.248453485,3717145.1884760414,4145218.0599774434,7162004.355720711,0.5787790476092654,3717145.1884760414,10879149.544196753
77,density_positive,0.1,density_positive,14164961.678728703,10955340.476882525,3209621.2018461786,3211505.7375267553,0.9994131924914361,10955340.476882525,14166846.21440928
77,density_positive,0.1,density_negative,338405.4862816685,336520.9506010936,1884.5356805748888,3211505.7375267553,0.0005868075085633218,336520.9506010936,3548026.688127849
77,density_positive,0.1,independent,7862363.248453485,5827968.147064222,2034395.1013892628,3211505.7375267553,0.633470797706247,5827968.147064222,9039473.884590978
77,density_positive,0.3,density_positive,14164961.678728703,6329634.0099662775,7835327.668762426,7853364.847502487,0.9977032547079744,6329634.0099662775,14182998.857468765
77,density_positive,0.3,density_negative,338405.4862816685,320368.3075416067,18037.17874006176,7853364.847502487,0.0022967452920257376,320368.3075416067,8173733.155044094
77,density_positive,0.3,independent,7862363.248453485,3188830.506183183,4673532.742270302,7853364.847502487,0.5950994042708421,3188830.506183183,11042195.35368567
77,density_positive,0.5,density_positive,14164961.678728703,2855537.8156829663,11309423.863045737,11372564.991323363,0.9944479430695011,2855537.8156829663,14228102.80700633
77,density_positive,0.5,density_negative,338405.4862816685,275264.3580040414,63141.12827762705,11372564.991323363,0.005552056930498989,275264.3580040414,11647829.349327404
77,density_positive,0.5,independent,7862363.248453485,1412568.594960088,6449794.653493397,11372564.991323363,0.5671363195914231,1412568.594960088,12785133.586283451
77,density_negative,0.1,density_positive,14164961.678728703,14164836.498860233,125.17986847087741,4195.866289775724,0.02983409380225233,14164836.498860233,14169032.365150008
77,density_negative,0.1,density_negative,338405.4862816685,334334.79986036196,4070.686421306513,4195.866289775724,0.9701659061981448,334334.79986036196,338530.66615013767
77,density_negative,0.1,independent,7862363.248453485,7860744.273131765,1618.975321719423,4195.866289775724,0.38585007479014777,7860744.273131765,7864940.139421541
77,density_negative,0.3,density_positive,14164961.678728703,13575244.93731548,589716.7414132226,760323.8191719676,0.7756126094477154,13575244.93731548,14335568.756487448
77,density_negative,0.3,density_negative,338405.4862816685,167798.40852292042,170607.07775874806,760323.8191719676,0.22438739055228876,167798.40852292042,928122.227694888
77,density_negative,0.3,independent,7862363.248453485,7469615.112018234,392748.13643525075,760323.8191719676,0.5165537716061217,7469615.112018234,8229938.931190202
77,density_negative,0.5,density_positive,14164961.678728703,11319581.612506375,2845380.0662223287,3124780.460794196,0.9105855921472145,11319581.612506375,14444362.07330057
77,density_negative,0.5,density_negative,338405.4862816685,59005.09170980149,279400.39457186696,3124780.460794196,0.0894144078527854,59005.09170980149,3183785.5525039975
77,density_negative,0.5,independent,7862363.248453485,6147111.830914445,1715251.4175390396,3124780.460794196,0.5489190165708763,6147111.830914445,9271892.29170864
78,random,0.1,density_positive,14164961.678728703,12738874.235257411,1426087.443471292,1459796.8555613742,0.9769081485813181,12738874.235257411,14198671.090818785
78,random,0.1,density_negative,338405.4862816685,304696.07419158425,33709.412090084224,1459796.8555613742,0.02309185141868322,304696.07419158425,1764492.9297529585
78,random,0.1,independent,7862363.248453485,7064132.463656061,798230.7847974235,1459796.8555613742,0.5468094973327359,7064132.463656061,8523929.319217436
78,random,0.3,density_positive,14164961.678728703,9907792.478848666,4257169.199880037,4358018.879085199,0.976858824616581,9907792.478848666,14265811.357933864
78,random,0.3,density_negative,338405.4862816685,237555.8070765053,100849.67920516318,4358018.879085199,0.023141175383419345,237555.8070765053,4595574.686161704
78,random,0.3,independent,7862363.248453485,5487182.254990973,2375180.9934625123,4358018.879085199,0.5450139293478902,5487182.254990973,9845201.13407617
78,random,0.5,density_positive,14164961.678728703,7065549.598103429,7099412.080625274,7266823.845106264,0.9769621820964147,7065549.598103429,14332373.443209693
78,random,0.5,density_negative,338405.4862816685,170993.7218006811,167411.7644809874,7266823.845106264,0.02303781790358499,170993.7218006811,7437817.566906945
78,random,0.5,independent,7862363.248453485,3917050.839076449,3945312.4093770357,7266823.845106264,0.5429211569555176,3917050.839076449,11183874.684182713
78,spatial,0.1,density_positive,14164961.678728703,13045260.786244309,1119700.8924843948,1160272.7043146729,0.9650325206484607,13045260.786244309,14205533.490558982
78,spatial,0.1,density_negative,338405.4862816685,297833.6744513872,40571.81183028128,1160272.7043146729,0.03496747935154214,297833.6744513872,1458106.37876606
78,spatial,0.1,independent,7862363.248453485,7405276.819880597,457086.42857288755,1160272.7043146729,0.39394741156379304,7405276.819880597,8565549.52419527
78,spatial,0.3,density_positive,14164961.678728703,10332866.977282306,3832094.701446397,3942184.865296754,0.9720738200738667,10332866.977282306,14275051.84257906
78,spatial,0.3,density_negative,338405.4862816685,228315.32243130993,110090.16385035854,3942184.865296754,0.027926179926133762,228315.32243130993,4170500.187728064
78,spatial,0.3,independent,7862363.248453485,6068720.802072643,1793642.4463808415,3942184.865296754,0.4549868937325501,6068720.802072643,10010905.667369397
78,spatial,0.5,density_positive,14164961.678728703,7358704.4135128185,6806257.265215885,6979566.232559971,0.9751690919507874,7358704.4135128185,14338270.64607279
78,spatial,0.5,density_negative,338405.4862816685,165096.51893758518,173308.9673440833,6979566.232559971,0.024830908049212237,165096.51893758518,7144662.7514975555
78,spatial,0.5,independent,7862363.248453485,4451169.267250516,3411193.9812029684,6979566.232559971,0.4887401118553191,4451169.267250516,11430735.499810487
78,density_positive,0.1,density_positive,14164961.678728703,11133517.705310069,3031443.9734186344,3035078.4813996553,0.9988024995059288,11133517.705310069,14168596.186709724
78,density_positive,0.1,density_negative,338405.4862816685,334770.9783006442,3634.507981024275,3035078.4813996553,0.001197500494072294,334770.9783006442,3369849.4597002994
78,density_positive,0.1,independent,7862363.248453485,6367195.402408843,1495167.846044642,3035078.4813996553,0.4926290556266377,6367195.402408843,9402273.883808497
78,density_positive,0.3,density_positive,14164961.678728703,6531111.577419986,7633850.101308717,7654705.924839012,0.9972754245904315,6531111.577419986,14185817.502258997
78,density_positive,0.3,density_negative,338405.4862816685,317549.6627513722,20855.82353029627,7654705.924839012,0.0027245754095687083,317549.6627513722,7972255.587590384
78,density_positive,0.3,independent,7862363.248453485,3816231.8164812936,4046131.431972191,7654705.924839012,0.5285809111023799,3816231.8164812936,11470937.741320306
78,density_positive,0.5,density_positive,14164961.678728703,2919808.832275927,11245152.846452776,11312600.292289564,0.9940378477013142,2919808.832275927,14232409.124565491
78,density_positive,0.5,density_negative,338405.4862816685,270958.0404448796,67447.44583678886,11312600.292289564,0.005962152298685887,270958.0404448796,11583558.332734443
78,density_positive,0.5,independent,7862363.248453485,1673525.3832870785,6188837.865166406,11312600.292289564,0.5470747401359695,1673525.3832870785,12986125.675576642
78,density_negative,0.1,density_positive,14164961.678728703,14161576.56823526,3385.1104934439063,8861.554960778058,0.38199960485791407,14161576.56823526,14170438.123196037
78,density_negative,0.1,density_negative,338405.4862816685,332929.04181433644,5476.4444673320395,8861.554960778058,0.6180003951418476,332929.04181433644,341790.5967751145
78,density_negative,0.1,independent,7862363.248453485,7860976.222869241,1387.0255842441693,8861.554960778058,0.1565216929064091,7860976.222869241,7869837.777830019
78,density_negative,0.3,density_positive,14164961.678728703,13600719.09247793,564242.5862507727,737380.7167160581,0.7651984564549504,13600719.09247793,14338099.80919399
78,density_negative,0.3,density_negative,338405.4862816685,165267.35581638454,173138.13046528393,737380.7167160581,0.23480154354504762,165267.35581638454,902648.0725324426
78,density_negative,0.3,independent,7862363.248453485,7570685.913340682,291677.3351128027,737380.7167160581,0.3955586693557629,7570685.913340682,8308066.630056741
78,density_negative,0.5,density_positive,14164961.678728703,11431992.654686762,2732969.0240419414,3008919.6160604483,0.9082891445336095,11431992.654686762,14440912.27074721
78,density_negative,0.5,density_negative,338405.4862816685,62454.8942631595,275950.592018509,3008919.6160604483,0.09171085546639117,62454.8942631595,3071374.510323608
78,density_negative,0.5,independent,7862363.248453485,6573112.019610884,1289251.2288426012,3008919.6160604483,0.4284764611061981,6573112.019610884,9582031.635671332
79,random,0.1,density_positive,14164961.678728703,12751231.042594692,1413730.6361340117,1447346.3916173447,0.9767742154345175,12751231.042594692,14198577.434212036
79,random,0.1,density_negative,338405.4862816685,304789.73079833406,33615.75548333442,1447346.3916173447,0.023225784565483538,304789.73079833406,1752136.1224156788
79,random,0.1,independent,7862363.248453485,7085946.902595301,776416.3458581837,1447346.3916173447,0.5364412765009026,7085946.902595301,8533293.294212647
79,random,0.3,density_positive,14164961.678728703,9892047.053565884,4272914.625162819,4373992.005371911,0.9768912745873898,9892047.053565884,14266039.058937795
79,random,0.3,density_negative,338405.4862816685,237328.10607257273,101077.38020909575,4373992.005371911,0.023108725412611116,237328.10607257273,4611320.111444484
79,random,0.3,independent,7862363.248453485,5483077.197878912,2379286.0505745728,4373992.005371911,0.5439621397689928,5483077.197878912,9857069.203250824
79,random,0.5,density_positive,14164961.678728703,7072474.398233033,7092487.280495671,7261396.7043799255,0.976738714222517,7072474.398233033,14333871.102612957
79,random,0.5,density_negative,338405.4862816685,169496.0623974098,168909.42388425866,7261396.7043799255,0.023261285777483546,169496.0623974098,7430892.766777336
79,random,0.5,independent,7862363.248453485,3923466.872889824,3938896.3755636606,7261396.7043799255,0.5424433529692434,3923466.872889824,11184863.57726975
79,spatial,0.1,density_positive,14164961.678728703,12910625.656444969,1254336.0222837348,1290180.8241793483,0.9722172262803445,12910625.656444969,14200806.480624316
79,spatial,0.1,density_negative,338405.4862816685,302560.68438605015,35844.80189561832,1290180.8241793483,0.02778277371965926,302560.68438605015,1592741.5085653984
79,spatial,0.1,independent,7862363.248453485,7235849.897353841,626513.3510996439,1290180.8241793483,0.48560119586194694,7235849.897353841,8526030.721533189
79,spatial,0.3,density_positive,14164961.678728703,9976224.871882485,4188736.806846218,4292521.880244748,0.9758218883225327,9976224.871882485,14268746.752127234
79,spatial,0.3,density_negative,338405.4862816685,234620.41288313776,103785.07339853072,4292521.880244748,0.0241781116774676,234620.41288313776,4527142.293127885
79,spatial,0.3,independent,7862363.248453485,5620890.439508369,2241472.8089451157,4292521.880244748,0.5221808697728323,5620890.439508369,9913412.319753118
79,spatial,0.5,density_positive,14164961.678728703,6821750.309069681,7343211.369659022,7509732.403650822,0.9778259696829082,6821750.309069681,14331482.712720502
79,spatial,0.5,density_negative,338405.4862816685,171884.45228986477,166521.0339918037,7509732.403650822,0.022174030317092294,171884.45228986477,7681616.855940687
79,spatial,0.5,independent,7862363.248453485,3851882.9766047755,4010480.2718487093,7509732.403650822,0.5340377068427941,3851882.9766047755,11361615.380255599
79,density_positive,0.1,density_positive,14164961.678728703,11034821.712208744,3130139.9665199593,3133094.555570395,0.99905697418382,11034821.712208744,14167916.26777914
79,density_positive,0.1,density_negative,338405.4862816685,335450.8972312314,2954.589050437091,3133094.555570395,0.0009430258161803845,335450.8972312314,3468545.4528016266
79,density_positive,0.1,independent,7862363.248453485,6032034.188891175,1830329.0595623096,3133094.555570395,0.5841920909498658,6032034.188891175,9165128.74446157
79,density_positive,0.3,density_positive,14164961.678728703,6300079.592308402,7864882.086420301,7882003.764177705,0.9978277506241219,6300079.592308402,14182083.356486108
79,density_positive,0.3,density_negative,338405.4862816685,321283.8085242642,17121.67775740428,7882003.764177705,0.002172249375878154,321283.8085242642,8203287.572701969
79,density_positive,0.3,independent,7862363.248453485,3427867.2792039746,4434495.96924951,7882003.764177705,0.5626102323629303,3427867.2792039746,11309871.04338168
79,density_positive,0.5,density_positive,14164961.678728703,2883495.564136903,11281466.1145918,11343548.375046529,0.9945270863752564,2883495.564136903,14227043.939183433
79,density_positive,0.5,density_negative,338405.4862816685,276323.22582694277,62082.26045472571,11343548.375046529,0.0054729136247431975,276323.22582694277,11619871.600873472
79,density_positive,0.5,independent,7862363.248453485,1543292.8171132065,6319070.431340278,11343548.375046529,0.5570629420720709,1543292.8171132065,12886841.192159735
79,density_negative,0.1,density_positive,14164961.678728703,14164201.244424751,760.434303952381,6600.18440414248,0.11521409969623105,14164201.244424751,14170801.428828893
79,density_negative,0.1,density_negative,338405.4862816685,332565.7361814772,5839.750100191275,6600.18440414248,0.8847859003039471,332565.7361814772,339165.9205856197
79,density_negative,0.1,independent,7862363.248453485,7859844.092100542,2519.1563529428095,6600.18440414248,0.3816796923676419,7859844.092100542,7866444.276504684
79,density_negative,0.3,density_positive,14164961.678728703,13538815.501935279,626146.1767934244,793229.8127337337,0.78936288921809,13538815.501935279,14332045.314669013
79,density_negative,0.3,density_negative,338405.4862816685,171321.85034136023,167083.63594030825,793229.8127337337,0.2106371107819088,171321.85034136023,964551.6630750939
79,density_negative,0.3,independent,7862363.248453485,7519781.415452021,342581.8330014637,793229.8127337337,0.431882195426837,7519781.415452021,8313011.228185755
79,density_negative,0.5,density_positive,14164961.678728703,11413821.754282799,2751139.924445905,3024112.532475238,0.9097346394692842,11413821.754282799,14437934.286758037
79,density_negative,0.5,density_negative,338405.4862816685,65432.878252337585,272972.6080293309,3024112.532475238,0.09026536053071499,65432.878252337585,3089545.410727576
79,density_negative,0.5,independent,7862363.248453485,6446992.002942721,1415371.2455107635,3024112.532475238,0.4680286299902607,6446992.002942721,9471104.53541796
80,random,0.1,density_positive,14164961.678728703,12761711.707990937,1403249.9707377665,1437332.7431364174,0.9762874862752527,12761711.707990937,14199044.451127354
80,random,0.1,density_negative,338405.4862816685,304322.71388301597,34082.77239865251,1437332.7431364174,0.023712513724748363,304322.71388301597,1741655.4570194334
80,random,0.1,independent,7862363.248453485,7076795.558172791,785567.6902806936,1437332.7431364174,0.5465454634857193,7076795.558172791,8514128.30130921
80,random,0.3,density_positive,14164961.678728703,9950326.802298471,4214634.876430232,4316080.4188996665,0.9764959100332758,9950326.802298471,14266407.221198138
80,random,0.3,density_negative,338405.4862816685,236959.94381223372,101445.54246943476,4316080.4188996665,0.023504089966724276,236959.94381223372,4553040.3627119
80,random,0.3,independent,7862363.248453485,5518353.744317759,2344009.504135726,4316080.4188996665,0.543087541620298,5518353.744317759,9834434.163217425
80,random,0.5,density_positive,14164961.678728703,7095382.67057589,7069579.008152814,7238654.040561718,0.9766427527187382,7095382.67057589,14334036.711137608
80,random,0.5,density_negative,338405.4862816685,169330.45387276052,169075.03240890795,7238654.040561718,0.023357247281262216,169330.45387276052,7407984.494434479
80,random,0.5,independent,7862363.248453485,3939787.1564164637,3922576.092037021,7238654.040561718,0.5418930190691404,3939787.1564164637,11178441.196978182
80,spatial,0.1,density_positive,14164961.678728703,12758722.935886644,1406238.7428420596,1440290.655929598,0.976357610217529,12758722.935886644,14199013.591816243
80,spatial,0.1,density_negative,338405.4862816685,304353.57319412753,34051.91308754095,1440290.655929598,0.02364238978247278,304353.57319412753,1744644.2291237256
80,spatial,0.1,independent,7862363.248453485,7136369.107115407,725994.1413380783,1440290.655929598,0.5040608562925823,7136369.107115407,8576659.763045006
80,spatial,0.3,density_positive,14164961.678728703,9974793.372432664,4190168.3062960394,4294585.8233896755,0.9756862427745779,9974793.372432664,14269379.19582234
80,spatial,0.3,density_negative,338405.4862816685,233987.969188031,104417.51709363746,4294585.8233896755,0.024313757225422433,233987.969188031,4528573.792577706
80,spatial,0.3,independent,7862363.248453485,5626091.368092421,2236271.8803610634,4294585.8233896755,0.5207188707655155,5626091.368092421,9920677.191482097
80,spatial,0.5,density_positive,14164961.678728703,6965508.193674446,7199453.485054257,7368738.858900882,0.9770265472710923,6965508.193674446,14334247.052575327
80,spatial,0.5,density_negative,338405.4862816685,169120.1124350418,169285.37384662667,7368738.858900882,0.022973452728907967,169120.1124350418,7537858.971335924
80,spatial,0.5,independent,7862363.248453485,4006280.950155065,3856082.29829842,7368738.858900882,0.5233028842704288,4006280.950155065,11375019.809055947
80,density_positive,0.1,density_positive,14164961.678728703,10965474.461904958,3199487.2168237455,3200883.3171732994,0.999563839037161,10965474.461904958,14166357.779078256
80,density_positive,0.1,density_negative,338405.4862816685,337009.38593211194,1396.1003495565383,3200883.3171732994,0.0004361609628399184,337009.38593211194,3537892.7031054115
80,density_positive,0.1,independent,7862363.248453485,6040162.177070145,1822201.0713833403,3200883.3171732994,0.569280692491011,6040162.177070145,9241045.494243443
80,density_positive,0.3,density_positive,14164961.678728703,6294044.547000603,7870917.131728101,7885675.946681012,0.9981284020478772,6294044.547000603,14179720.493681615
80,density_positive,0.3,density_negative,338405.4862816685,323646.6713287556,14758.814952912857,7885675.946681012,0.0018715979521228827,323646.6713287556,8209322.618009768
80,density_positive,0.3,independent,7862363.248453485,3436261.2715043076,4426101.976949178,7885675.946681012,0.5612837766700357,3436261.2715043076,11321937.21818532
80,density_positive,0.5,density_positive,14164961.678728703,2883638.935291677,11281322.743437026,11344130.17330693,0.9944634424226114,2883638.935291677,14227769.108598609
80,density_positive,0.5,density_negative,338405.4862816685,275598.05641176447,62807.42986990401,11344130.17330693,0.0055365575773885,275598.05641176447,11619728.229718694
80,density_positive,0.5,independent,7862363.248453485,1671774.6437048977,6190588.604748587,11344130.17330693,0.5457085303300929,1671774.6437048977,13015904.81701183
80,density_negative,0.1,density_positive,14164961.678728703,14164797.148844764,164.52988393977284,4565.218617056925,0.036039869662548796,14164797.148844764,14169362.367461821
80,density_negative,0.1,density_negative,338405.4862816685,334004.7975485493,4400.688733119168,4565.218617056925,0.9639601303378929,334004.7975485493,338570.0161656062
80,density_negative,0.1,independent,7862363.248453485,7859824.349809262,2538.898644222878,4565.218617056925,0.5561395536977894,7859824.349809262,7864389.5684263185
80,density_negative,0.3,density_positive,14164961.678728703,13574368.58565211,590593.0930765942,766123.999386617,0.7708844698109466,13574368.58565211,14340492.585038725
80,density_negative,0.3,density_negative,338405.4862816685,162874.57997164264,175530.90631002584,766123.999386617,0.2291155301890574,162874.57997164264,928998.5793582597
80,density_negative,0.3,independent,7862363.248453485,7507328.036104393,355035.21234909166,766123.999386617,0.4634174267264099,7507328.036104393,8273452.03549101
80,density_negative,0.5,density_positive,14164961.678728703,11301574.552984852,2863387.125743851,3139707.368298503,0.911991720838494,11301574.552984852,14441281.921283355
80,density_negative,0.5,density_negative,338405.4862816685,62085.243727012705,276320.24255465576,3139707.368298503,0.0880082791615072,62085.243727012705,3201792.6120255156
80,density_negative,0.5,independent,7862363.248453485,6354734.31864238,1507628.9298111051,3139707.368298503,0.4801813522602688,6354734.31864238,9494441.686940882
81,random,0.1,density_positive,14164961.678728703,12768518.66163411,1396443.0170945935,1431357.3725912722,0.9756075204101746,12768518.66163411,14199876.034225382
81,random,0.1,density_negative,338405.4862816685,303491.1307849869,34914.35549668159,1431357.3725912722,0.024392479589827404,303491.1307849869,1734848.503376259
81,random,0.1,independent,7862363.248453485,7089318.441795111,773044.8066583741,1431357.3725912722,0.5400781254641422,7089318.441795111,8520675.814386383
81,random,0.3,density_positive,14164961.678728703,9928919.428746738,4236042.249981966,4338205.567627071,0.9764503281247258,9928919.428746738,14267124.99637381
81,random,0.3,density_negative,338405.4862816685,236242.16863656158,102163.3176451069,4338205.567627071,0.023549671875274594,236242.16863656158,4574447.736263633
81,random,0.3,independent,7862363.248453485,5498782.6011455655,2363580.6473079193,4338205.567627071,0.5448291028312796,5498782.6011455655,9836988.168772638
81,random,0.5,density_positive,14164961.678728703,7102863.047478396,7062098.631250307,7231925.073272906,0.9765171181529205,7102863.047478396,14334788.120751303
81,random,0.5,density_negative,338405.4862816685,168579.04425906957,169826.4420225989,7231925.073272906,0.023482881847079428,168579.04425906957,7400504.117531976
81,random,0.5,independent,7862363.248453485,3925559.3077913146,3936803.9406621703,7231925.073272906,0.5443645918306668,3925559.3077913146,11157484.381064221
81,spatial,0.1,density_positive,14164961.678728703,12590348.086632544,1574613.5920961592,1607908.7932930738,0.9792928545849143,12590348.086632544,14198256.879925618
81,spatial,0.1,density_negative,338405.4862816685,305110.2850847574,33295.201196911104,1607908.7932930738,0.02070714541508349,305110.2850847574,1913019.0783778313
81,spatial,0.1,independent,7862363.248453485,7150441.144519489,711922.1039339956,1607908.7932930738,0.44276274058800635,7150441.144519489,8758349.937812563
81,spatial,0.3,density_positive,14164961.678728703,9773084.029540146,4391877.649188558,4494274.920626038,0.977216064160308,9773084.029540146,14267358.950166184
81,spatial,0.3,density_negative,338405.4862816685,236008.21484418926,102397.27143747921,4494274.920626038,0.022783935839691714,236008.21484418926,4730283.135470227
81,spatial,0.3,independent,7862363.248453485,5765178.599563932,2097184.648889553,4494274.920626038,0.46663470435792165,5765178.599563932,10259453.52018997
81,spatial,0.5,density_positive,14164961.678728703,6991646.792508681,7173314.886220022,7343068.6858612625,0.9768824442609269,6991646.792508681,14334715.478369944
81,spatial,0.5,density_negative,338405.4862816685,168651.6866404263,169753.79964124216,7343068.6858612625,0.023117555739073394,168651.6866404263,7511720.372501689
81,spatial,0.5,independent,7862363.248453485,4147847.6122736316,3714515.636179853,7343068.6858612625,0.5058533148861838,4147847.6122736316,11490916.298134893
81,density_positive,0.1,density_positive,14164961.678728703,10990675.012023663,3174286.6667050403,3175360.0886206236,0.9996619526965052,10990675.012023663,14166035.100644287
81,density_positive,0.1,density_negative,338405.4862816685,337332.0643660865,1073.4219155819737,3175360.0886206236,0.0003380473034944104,337332.0643660865,3512692.15298671
81,density_positive,0.1,independent,7862363.248453485,6305539.168045703,1556824.0804077815,3175360.0886206236,0.490282688249088,6305539.168045703,9480899.256666327
81,density_positive,0.3,density_positive,14164961.678728703,6353312.177507148,7811649.501221555,7826561.064791139,0.9980947489649489,6353312.177507148,14179873.242298286
81,density_positive,0.3,density_negative,338405.4862816685,323493.9227120848,14911.563569583697,7826561.064791139,0.0019052510350510668,323493.9227120848,8150054.987503224
81,density_positive,0.3,independent,7862363.248453485,3664254.7352679665,4198108.513185518,7826561.064791139,0.5363924817594903,3664254.7352679665,11490815.800059106
81,density_positive,0.5,density_positive,14164961.678728703,2919987.498182008,11244974.180546695,11307077.67096223,0.9945075560438554,2919987.498182008,14227065.169144237
81,density_positive,0.5,density_negative,338405.4862816685,276301.9958661327,62103.49041553575,11307077.67096223,0.00549244395614475,276301.9958661327,11583379.666828362
81,density_positive,0.5,independent,7862363.248453485,1717994.026628492,6144369.221824992,11307077.67096223,0.5434091283908292,1717994.026628492,13025071.697590722
81,density_negative,0.1,density_positive,14164961.678728703,14164838.703216314,122.97551238909364,4688.080602076835,0.02623152689282157,14164838.703216314,14169526.78381839
81,density_negative,0.1,density_negative,338405.4862816685,333840.3811919817,4565.105089686753,4688.080602076835,0.9737684731069676,333840.3811919817,338528.46179405856
81,density_negative,0.1,independent,7862363.248453485,7860528.614526947,1834.6339265378192,4688.080602076835,0.39134009891490995,7860528.614526947,7865216.695129024
81,density_negative,0.3,density_positive,14164961.678728703,13495814.104862655,669147.5738660488,839077.0513916773,0.7974804849640605,13495814.104862655,14334891.156254333
81,density_negative,0.3,density_negative,338405.4862816685,168476.0087560382,169929.47752563027,839077.0513916773,0.2025195150359415,168476.0087560382,1007553.0601477155
81,density_negative,0.3,independent,7862363.248453485,7501680.386910115,360682.8615433695,839077.0513916773,0.4298566632768084,7501680.386910115,8340757.438301792
81,density_negative,0.5,density_positive,14164961.678728703,11138922.116973575,3026039.561755128,3298615.590851933,0.9173665370852119,11138922.116973575,14437537.707825508
81,density_negative,0.5,density_negative,338405.4862816685,65829.45718486505,272576.0290968034,3298615.590851933,0.0826334629147876,65829.45718486505,3364445.0480367984
81,density_negative,0.5,independent,7862363.248453485,6378703.736465574,1483659.5119879106,3298615.590851933,0.44978248332498966,6378703.736465574,9677319.327317508
82,random,0.1,density_positive,14164961.678728703,12737839.099341191,1427122.579387512,1461101.2229228523,0.97674449723109,12737839.099341191,14198940.322264044
82,random,0.1,density_negative,338405.4862816685,304426.8427463279,33978.643535340554,1461101.2229228523,0.023255502768910256,304426.8427463279,1765528.0656691801
82,random,0.1,independent,7862363.248453485,7058830.155624392,803533.0928290924,1461101.2229228523,0.5499503252907207,7058830.155624392,8519931.378547244
82,random,0.3,density_positive,14164961.678728703,9925707.995622013,4239253.683106691,4340921.942058852,0.976579109159484,9925707.995622013,14266629.937680865
82,random,0.3,density_negative,338405.4862816685,236737.22732950794,101668.25895216054,4340921.942058852,0.023420890840515872,236737.22732950794,4577659.169388359
82,random,0.3,independent,7862363.248453485,5508849.997090208,2353513.2513632765,4340921.942058852,0.5421689868597431,5508849.997090208,9849771.93914906
82,random,0.5,density_positive,14164961.678728703,7096260.588486414,7068701.090242289,7237794.05699362,0.9766374995724088,7096260.588486414,14334054.645480033
82,random,0.5,density_negative,338405.4862816685,169312.51953033617,169092.9667513323,7237794.05699362,0.023362500427591453,169312.51953033617,7407106.576523956
82,random,0.5,independent,7862363.248453485,3930937.2614575843,3931425.9869959005,7237794.05699362,0.5431801396997619,3930937.2614575843,11168731.318451203
82,spatial,0.1,density_positive,14164961.678728703,12842885.709003754,1322075.9697249494,1356023.2165188976,0.9749655858539831,12842885.709003754,14198908.925522652
82,spatial,0.1,density_negative,338405.4862816685,304458.2394877182,33947.24679395027,1356023.2165188976,0.025034414146018553,304458.2394877182,1660481.456006616
82,spatial,0.1,independent,7862363.248453485,7320296.778201388,542066.4702520967,1356023.2165188976,0.39974718990701175,7320296.778201388,8676319.994720286
82,spatial,0.3,density_positive,14164961.678728703,10179555.071093146,3985406.6076355577,4089275.6931189722,0.9745996373738764,10179555.071093146,14268830.764212118
82,spatial,0.3,density_negative,338405.4862816685,234536.40079825607,103869.0854834124,4089275.6931189722,0.02540036262612301,234536.40079825607,4323812.093917228
82,spatial,0.3,independent,7862363.248453485,5955622.776932431,1906740.4715210535,4089275.6931189722,0.4662782885315185,5955622.776932431,10044898.470051404
82,spatial,0.5,density_positive,14164961.678728703,7389375.736144025,6775585.9425846785,6947198.852559702,0.9752975388185712,7389375.736144025,14336574.588703725
82,spatial,0.5,density_negative,338405.4862816685,166792.5763066457,171612.90997502278,6947198.852559702,0.024702461181428808,166792.5763066457,7113991.428866347
82,spatial,0.5,independent,7862363.248453485,4529796.017031228,3332567.2314222567,6947198.852559702,0.479699415858,4529796.017031228,11476994.86959093
82,density_positive,0.1,density_positive,14164961.678728703,11157793.416675435,3007168.262053268,3009269.0469954577,0.9993018952744398,11157793.416675435,14167062.463670893
82,density_positive,0.1,density_negative,338405.4862816685,336304.7013394788,2100.784942189697,3009269.0469954577,0.0006981047255602427,336304.7013394788,3345573.7483349363
82,density_positive,0.1,independent,7862363.248453485,6351575.109974046,1510788.1384794386,3009269.0469954577,0.5020448869428453,6351575.109974046,9360844.156969504
82,density_positive,0.3,density_positive,14164961.678728703,6506575.997411823,7658385.6813168805,7673140.615931283,0.9980770670898735,6506575.997411823,14179716.613343105
82,density_positive,0.3,density_negative,338405.4862816685,323650.5516672674,14754.934614401078,7673140.615931283,0.0019229329101263033,323650.5516672674,7996791.16759855
82,density_positive,0.3,independent,7862363.248453485,3942722.1224512802,3919641.1260022046,7673140.615931283,0.510826182158592,3942722.1224512802,11615862.738382563
82,density_positive,0.5,density_positive,14164961.678728703,3031295.2487985324,11133666.429930171,11195328.554956933,0.9944921558376721,3031295.2487985324,14226623.803755466
82,density_positive,0.5,density_negative,338405.4862816685,276743.3612549052,61662.1250267633,11195328.554956933,0.005507844162327981,276743.3612549052,11472071.916211838
82,density_positive,0.5,independent,7862363.248453485,1970499.4876980272,5891863.760755458,11195328.554956933,0.5262787717066802,1970499.4876980272,13165828.042654961
82,density_negative,0.1,density_positive,14164961.678728703,14164546.031260967,415.6474677361548,5041.265286428911,0.0824490369223532,14164546.031260967,14169587.296547396
82,density_negative,0.1,density_negative,338405.4862816685,333779.8684629779,4625.617818690604,5041.265286428911,0.9175509630772197,333779.8684629779,338821.1337494068
82,density_negative,0.1,independent,7862363.248453485,7860219.956138114,2143.2923153704032,5041.265286428911,0.42514967842302354,7860219.956138114,7865261.221424543
82,density_negative,0.3,density_positive,14164961.678728703,13538617.52954675,626344.1491819527,796546.9236707126,0.7863242334746362,13538617.52954675,14335164.453217464
82,density_negative,0.3,density_negative,338405.4862816685,168202.71179290424,170202.77448876423,796546.9236707126,0.21367576652536915,168202.71179290424,964749.6354636168
82,density_negative,0.3,independent,7862363.248453485,7579952.474423195,282410.7740302896,796546.9236707126,0.35454380104672456,7579952.474423195,8376499.398093908
82,density_negative,0.5,density_positive,14164961.678728703,11415842.72599261,2749118.9527360927,3025287.4515234344,0.9087133030455429,11415842.72599261,14441130.177516045
82,density_negative,0.5,density_negative,338405.4862816685,62236.987494324065,276168.49878734443,3025287.4515234344,0.09128669695445804,62236.987494324065,3087524.4390177582
82,density_negative,0.5,independent,7862363.248453485,6558262.227267219,1304101.021186266,3025287.4515234344,0.4310668133467992,6558262.227267219,9583549.678790653
83,random,0.1,density_positive,14164961.678728703,12762121.24497203,1402840.4337566737,1437024.993305701,0.9762115762020326,12762121.24497203,14199146.238277731
83,random,0.1,density_negative,338405.4862816685,304220.92673264246,34184.55954902602,1437024.993305701,0.02378842379796652,304220.92673264246,1741245.9200383434
83,random,0.1,independent,7862363.248453485,7087810.917076441,774552.3313770434,1437024.993305701,0.5389971190377698,7087810.917076441,8524835.910382142
83,random,0.3,density_positive,14164961.678728703,9948734.587931115,4216227.090797588,4318883.248716017,0.9762308559859894,9948734.587931115,14267617.836647132
83,random,0.3,density_negative,338405.4862816685,235749.32836323808,102656.1579184304,4318883.248716017,0.02376914401401093,235749.32836323808,4554632.577079255
83,random,0.3,independent,7862363.248453485,5527244.013497147,2335119.234956338,4318883.248716017,0.540676628767531,5527244.013497147,9846127.262213163
83,random,0.5,density_positive,14164961.678728703,7111576.737416703,7053384.941312,7223732.224243785,0.9764183835109395,7111576.737416703,14335308.96166049
83,random,0.5,density_negative,338405.4862816685,168058.20334988186,170347.2829317866,7223732.224243785,0.023581616489060733,168058.20334988186,7391790.427593667
83,random,0.5,independent,7862363.248453485,3956816.6735044383,3905546.5749490466,7223732.224243785,0.5406549486761877,3956816.6735044383,11180548.897748224
83,spatial,0.1,density_positive,14164961.678728703,12943740.07106237,1221221.6076663341,1261083.7851026696,0.9683905400202334,12943740.07106237,14204823.856165038
83,spatial,0.1,density_negative,338405.4862816685,298543.30884533154,39862.17743633693,1261083.7851026696,0.0316094599797678,298543.30884533154,1559627.093948001
83,spatial,0.1,independent,7862363.248453485,7331061.149224114,531302.0992293712,1261083.7851026696,0.4213059477139466,7331061.149224114,8592144.934326783
83,spatial,0.3,density_positive,14164961.678728703,10274321.642149657,3890640.0365790464,4003748.506892457,0.9717493568542843,10274321.642149657,14278070.149042115
83,spatial,0.3,density_negative,338405.4862816685,225297.0159682577,113108.47031341077,4003748.506892457,0.028250643145715678,225297.0159682577,4229045.522860715
83,spatial,0.3,independent,7862363.248453485,5955945.758136001,1906417.4903174834,4003748.506892457,0.4761581520506555,5955945.758136001,9959694.265028458
83,spatial,0.5,density_positive,14164961.678728703,7261768.548352299,6903193.130376404,7079981.223907297,0.9750298640716837,7261768.548352299,14341749.772259597
83,spatial,0.5,density_negative,338405.4862816685,161617.39275077434,176788.09353089414,7079981.223907297,0.024970135928316546,161617.39275077434,7241598.616658071
83,spatial,0.5,independent,7862363.248453485,4256605.267226007,3605757.981227478,7079981.223907297,0.5092892010859789,4256605.267226007,11336586.491133302
83,density_positive,0.1,density_positive,14164961.678728703,11144027.58560597,3020934.0931227338,3024136.545665689,0.9989410357321514,11144027.58560597,14168164.131271658
83,density_positive,0.1,density_negative,338405.4862816685,335203.03373871255,3202.452542955929,3024136.545665689,0.001058964267848887,335203.03373871255,3359339.5794044016
83,density_positive,0.1,independent,7862363.248453485,6325177.489727374,1537185.7587261107,3024136.545665689,0.5083056718881512,6325177.489727374,9349314.035393063
83,density_positive,0.3,density_positive,14164961.678728703,6363317.962732489,7801643.715996214,7823669.694831659,0.9971846998027032,6363317.962732489,14186987.657564148
83,density_positive,0.3,density_negative,338405.4862816685,316379.5074462226,22025.978835445887,7823669.694831659,0.002815300197296969,316379.5074462226,8140049.202277882
83,density_positive,0.3,independent,7862363.248453485,3566593.9166386323,4295769.331814853,7823669.694831659,0.5490734526602844,3566593.9166386323,11390263.611470291
83,density_positive,0.5,density_positive,14164961.678728703,2875252.730277376,11289708.948451327,11362339.653980635,0.993607768493009,2875252.730277376,14237592.384258011
83,density_positive,0.5,density_negative,338405.4862816685,265774.7807523578,72630.70552931068,11362339.653980635,0.0063922315069912155,265774.7807523578,11628114.434732992
83,density_positive,0.5,independent,7862363.248453485,1539952.6907223824,6322410.557731102,11362339.653980635,0.5564356241996458,1539952.6907223824,12902292.344703017
83,density_negative,0.1,density_positive,14164961.678728703,14164779.724564923,181.95416378043592,5328.736509118619,0.034145836160049015,14164779.724564923,14170108.461074041
83,density_negative,0.1,density_negative,338405.4862816685,333258.70393633,5146.782345338492,5328.736509118619,0.9658541638400089,333258.70393633,338587.4404454486
83,density_negative,0.1,independent,7862363.248453485,7859914.320110328,2448.928343157284,5328.736509118619,0.4595701699580451,7859914.320110328,7865243.056619446
83,density_negative,0.3,density_positive,14164961.678728703,13520432.3902884,644529.2884403039,814755.7116881899,0.7910705984556113,13520432.3902884,14335188.10197659
83,density_negative,0.3,density_negative,338405.4862816685,168179.06303378366,170226.4232478848,814755.7116881899,0.20892940154438722,168179.06303378366,982934.7747219736
83,density_negative,0.3,independent,7862363.248453485,7513845.723125586,348517.52532789856,814755.7116881899,0.4277570814517684,7513845.723125586,8328601.434813776
83,density_negative,0.5,density_positive,14164961.678728703,11305559.37385787,2859402.3048708327,3138451.612222893,0.9110869492888514,11305559.37385787,14444010.986080764
83,density_negative,0.5,density_negative,338405.4862816685,59356.17892960692,279049.30735206156,3138451.612222893,0.08891305071114904,59356.17892960692,3197807.7911525
83,density_negative,0.5,independent,7862363.248453485,6419180.650806646,1443182.597646839,3138451.612222893,0.4598390467535888,6419180.650806646,9557632.263029538
84,random,0.1,density_positive,14164961.678728703,12752129.995837722,1412831.6828909814,1445961.1231930999,0.9770882911229598,12752129.995837722,14198091.119030822
84,random,0.1,density_negative,338405.4862816685,305276.0459795465,33129.44030212198,1445961.1231930999,0.022911708877042698,305276.0459795465,1751237.1691726465
84,random,0.1,independent,7862363.248453485,7070851.935410584,791511.3130429005,1445961.1231930999,0.5473946016577644,7070851.935410584,8516813.058603683
84,random,0.3,density_positive,14164961.678728703,9906533.252588281,4258428.426140422,4358465.8085220065,0.9770475697696231,9906533.252588281,14264999.061110288
84,random,0.3,density_negative,338405.4862816685,238368.10390008366,100037.38238158482,4358465.8085220065,0.02295243023037695,238368.10390008366,4596833.91242209
84,random,0.3,independent,7862363.248453485,5498941.677565438,2363421.570888047,4358465.8085220065,0.5422599774138194,5498941.677565438,9857407.486087445
84,random,0.5,density_positive,14164961.678728703,7039418.889143419,7125542.789585284,7293292.4884603815,0.9769994554392937,7039418.889143419,14332711.377603801
84,random,0.5,density_negative,338405.4862816685,170655.7874065706,167749.69887509788,7293292.4884603815,0.023000544560706347,170655.7874065706,7463948.275866952
84,random,0.5,independent,7862363.248453485,3917862.407846421,3944500.840607064,7293292.4884603815,0.5408395243777958,3917862.407846421,11211154.896306802
84,spatial,0.1,density_positive,14164961.678728703,12786658.470617967,1378303.2081107367,1414498.0585359968,0.9744115234327563,12786658.470617967,14201156.529153964
84,spatial,0.1,density_negative,338405.4862816685,302210.6358564085,36194.85042525997,1414498.0585359968,0.025588476567243633,302210.6358564085,1716708.6943924055
84,spatial,0.1,independent,7862363.248453485,7067844.526389437,794518.722064048,1414498.0585359968,0.5616965801185854,7067844.526389437,8482342.584925434
84,spatial,0.3,density_positive,14164961.678728703,9988707.781062543,4176253.89766616,4280963.319983258,0.9755406868757036,9988707.781062543,14269671.101045802
84,spatial,0.3,density_negative,338405.4862816685,233696.06396456828,104709.4223171002,4280963.319983258,0.024459313124296916,233696.06396456828,4514659.383947826
84,spatial,0.3,independent,7862363.248453485,5491023.0371810235,2371340.2112724613,4280963.319983258,0.553926776294298,5491023.0371810235,9771986.357164282
84,spatial,0.5,density_positive,14164961.678728703,7023557.4065569965,7141404.272171707,7310387.689127838,0.9768844794363715,7023557.4065569965,14333945.095684834
84,spatial,0.5,density_negative,338405.4862816685,169422.0693255372,168983.4169561313,7310387.689127838,0.023115520563628516,169422.0693255372,7479809.758453376
84,spatial,0.5,independent,7862363.248453485,3978381.1411994793,3883982.1072540055,7310387.689127838,0.5312963241375481,3978381.1411994793,11288768.830327317
84,density_positive,0.1,density_positive,14164961.678728703,11037866.481978709,3127095.1967499945,3129218.610676599,0.9993214235913849,11037866.481978709,14167085.092655309
84,density_positive,0.1,density_negative,338405.4862816685,336282.07235506317,2123.41392660531,3129218.610676599,0.0006785764086153718,336282.07235506317,3465500.6830316624
84,density_positive,0.1,independent,7862363.248453485,5929563.368967975,1932799.8794855103,3129218.610676599,0.6176621450770423,5929563.368967975,9058781.979644574
84,density_positive,0.3,density_positive,14164961.678728703,6379266.088615789,7785695.590112914,7802664.500190256,0.9978252416111281,6379266.088615789,14181930.588806044
84,density_positive,0.3,density_negative,338405.4862816685,321436.5762043249,16968.91007734358,7802664.500190256,0.002174758388872137,321436.5762043249,8124101.076394581
84,density_positive,0.3,independent,7862363.248453485,3470908.966625488,4391454.281827997,7802664.500190256,0.5628147002502695,3470908.966625488,11273573.466815744
84,density_positive,0.5,density_positive,14164961.678728703,2889815.40001004,11275146.278718663,11338399.001978153,0.9944213708435861,2889815.40001004,14228214.401988193
84,density_positive,0.5,density_negative,338405.4862816685,275152.763022178,63252.72325949045,11338399.001978153,0.005578629156413975,275152.763022178,11613551.765000332
84,density_positive,0.5,independent,7862363.248453485,1634956.2541511352,6227406.994302349,11338399.001978153,0.5492315972665881,1634956.2541511352,12973355.256129289
84,density_negative,0.1,density_positive,14164961.678728703,14164643.081906144,318.5968225598335,5394.982586928347,0.05905428190477771,14164643.081906144,14170038.064493071
84,density_negative,0.1,density_negative,338405.4862816685,333329.1005172975,5076.385764370963,5394.982586928347,0.9409457180956764,333329.1005172975,338724.08310422587
84,density_negative,0.1,independent,7862363.248453485,7859504.9739947235,2858.274458761327,5394.982586928347,0.5298023511117014,7859504.9739947235,7864899.956581652
84,density_negative,0.3,density_positive,14164961.678728703,13545919.32801207,619042.3507166337,790482.1523846148,0.7831199589379649,13545919.32801207,14336401.480396684
84,density_negative,0.3,density_negative,338405.4862816685,166965.68461368344,171439.80166798504,790482.1523846148,0.21688004106204004,166965.68461368344,957447.8369982983
84,density_negative,0.3,independent,7862363.248453485,7528921.799504471,333441.44894901384,790482.1523846148,0.4218203383126802,7528921.799504471,8319403.951889086
84,density_negative,0.5,density_positive,14164961.678728703,11297401.955298068,2867559.7234306354,3139642.678101143,0.9133395158091483,11297401.955298068,14437044.63339921
84,density_negative,0.5,density_negative,338405.4862816685,66322.53161115336,272082.95467051514,3139642.678101143,0.08666048419085418,66322.53161115336,3205965.2097122963
84,density_negative,0.5,independent,7862363.248453485,6305516.428197802,1556846.8202556828,3139642.678101143,0.49586751738171186,6305516.428197802,9445159.106298946
85,random,0.1,density_positive,14164961.678728703,12752817.368422985,1412144.3103057183,1446692.4585599399,0.9761192172878185,12752817.368422985,14199509.826982925
85,random,0.1,density_negative,338405.4862816685,303857.3380274471,34548.14825422136,1446692.4585599399,0.023880782712181362,303857.3380274471,1750549.796587387
85,random,0.1,independent,7862363.248453485,7083403.649272885,778959.5991805997,1446692.4585599399,0.5384417362318928,7083403.649272885,8530096.107832825
85,random,0.3,density_positive,14164961.678728703,9921555.345113458,4243406.333615245,4345864.54923176,0.9764239739973887,9921555.345113458,14267419.894345218
85,random,0.3,density_negative,338405.4862816685,235947.27066515104,102458.21561651744,4345864.54923176,0.02357602600261195,235947.27066515104,4581811.819896911
85,random,0.3,independent,7862363.248453485,5505762.085493201,2356601.1629602835,4345864.54923176,0.5422629113870729,5505762.085493201,9851626.634724962
85,random,0.5,density_positive,14164961.678728703,7080774.699505408,7084186.979223295,7255207.193672482,0.9764279351527907,7080774.699505408,14335981.89317789
85,random,0.5,density_negative,338405.4862816685,167385.27183248004,171020.21444918844,7255207.193672482,0.023572064847209476,167385.27183248004,7422592.465504962
85,random,0.5,independent,7862363.248453485,3931138.4557213886,3931224.7927320963,7255207.193672482,0.5418487284774794,3931138.4557213886,11186345.649393871
85,spatial,0.1,density_positive,14164961.678728703,12971341.472081812,1193620.2066468913,1231388.8970703566,0.969328381542726,12971341.472081812,14202730.36915217
85,spatial,0.1,density_negative,338405.4862816685,300636.79585819767,37768.690423470805,1231388.8970703566,0.03067161845727837,300636.79585819767,1532025.6929285543
85,spatial,0.1,independent,7862363.248453485,7320474.888495984,541888.3599575013,1231388.8970703566,0.44006273017949743,7320474.888495984,8551863.785566341
85,spatial,0.3,density_positive,14164961.678728703,10209871.83010452,3955089.848624183,4059909.1906664283,0.9741818505982299,10209871.83010452,14269781.020770948
85,spatial,0.3,density_negative,338405.4862816685,233586.14423942214,104819.34204224634,4059909.1906664283,0.025818149401770338,233586.14423942214,4293495.334905851
85,spatial,0.3,independent,7862363.248453485,5886821.302002835,1975541.9464506498,4059909.1906664283,0.48659756996347187,5886821.302002835,9946730.492669264
85,spatial,0.5,density_positive,14164961.678728703,7423131.311434114,6741830.367294589,6915034.772175546,0.974952489671073,7423131.311434114,14338166.08360966
85,spatial,0.5,density_negative,338405.4862816685,165201.08140071415,173204.40488095433,6915034.772175546,0.025047510328926707,165201.08140071415,7080235.85357626
85,spatial,0.5,independent,7862363.248453485,4404921.120337587,3457442.128115898,6915034.772175546,0.4999891167616137,4404921.120337587,11319955.892513134
85,density_positive,0.1,density_positive,14164961.678728703,11147024.837982101,3017936.840746602,3021324.8283940745,0.9988786417085537,11147024.837982101,14168349.666376175
85,density_positive,0.1,density_negative,338405.4862816685,335017.4986341946,3387.9876474738703,3021324.8283940745,0.0011213582914468313,335017.4986341946,3356342.327028269
85,density_positive,0.1,independent,7862363.248453485,6283913.917077341,1578449.3313761437,3021324.8283940745,0.5224361566628165,6283913.917077341,9305238.745471416
85,density_positive,0.3,density_positive,14164961.678728703,6550187.212887367,7614774.465841336,7634390.809021799,0.9974305293413481,6550187.212887367,14184578.021909166
85,density_positive,0.3,density_negative,338405.4862816685,318789.1431012061,19616.34318046237,7634390.809021799,0.002569470658651784,318789.1431012061,7953179.952123005
85,density_positive,0.3,independent,7862363.248453485,3796618.4284291877,4065744.820024297,7634390.809021799,0.5325565486141578,3796618.4284291877,11431009.237450987
85,density_positive,0.5,density_positive,14164961.678728703,2988195.3741209,11176766.304607803,11239466.505165681,0.9944214255606295,2988195.3741209,14227661.879286582
85,density_positive,0.5,density_negative,338405.4862816685,275705.2857237894,62700.200557879056,11239466.505165681,0.00557857443937058,275705.2857237894,11515171.79088947
85,density_positive,0.5,independent,7862363.248453485,1725006.9844849086,6137356.263968576,11239466.505165681,0.5460540552478923,1725006.9844849086,12964473.48965059
85,density_negative,0.1,density_positive,14164961.678728703,14164217.743416825,743.9353118781,6175.32749581445,0.12046896498725435,14164217.743416825,14170393.07091264
85,density_negative,0.1,density_negative,338405.4862816685,332974.0940977304,5431.392183938064,6175.32749581445,0.8795310350130231,332974.0940977304,339149.4215935449
85,density_negative,0.1,independent,7862363.248453485,7859953.858579549,2409.389873935841,6175.32749581445,0.3901639023305066,7859953.858579549,7866129.186075363
85,density_negative,0.3,density_positive,14164961.678728703,13586420.531481761,578541.1472469419,752379.9543750413,0.7689481144237857,13586420.531481761,14338800.485856803
85,density_negative,0.3,density_negative,338405.4862816685,164566.6791535676,173838.8071281009,752379.9543750413,0.2310518855762163,164566.6791535676,916946.6335286088
85,density_negative,0.3,independent,7862363.248453485,7514161.957120239,348201.29133324604,752379.9543750413,0.4627997985704933,7514161.957120239,8266541.91149528
85,density_negative,0.5,density_positive,14164961.678728703,11430699.708659131,2734261.9700695723,3012068.509432743,0.9077688510426712,11430699.708659131,14442768.218091873
85,density_negative,0.5,density_negative,338405.4862816685,60598.94691849707,277806.5393631714,3012068.509432743,0.09223114895732905,60598.94691849707,3072667.4563512397
85,density_negative,0.5,independent,7862363.248453485,6502713.264929861,1359649.983523624,3012068.509432743,0.45140074977234973,6502713.264929861,9514781.774362603
86,random,0.1,density_positive,14164961.678728703,12732940.91790375,1432020.7608249541,1466135.8646396662,0.9767312807513262,12732940.91790375,14199076.782543415
86,random,0.1,density_negative,338405.4862816685,304290.38246695476,34115.103814713715,1466135.8646396662,0.023268719248674966,304290.38246695476,1770426.247106621
86,random,0.1,independent,7862363.248453485,7071364.782377268,790998.4660762167,1466135.8646396662,0.5395123911457014,7071364.782377268,8537500.647016935
86,random,0.3,density_positive,14164961.678728703,9919755.061294824,4245206.6174338795,4347379.558851666,0.976497809764562,9919755.061294824,14267134.62014649
86,random,0.3,density_negative,338405.4862816685,236232.54486388157,102172.9414177869,4347379.558851666,0.02350219023543812,236232.54486388157,4583612.103715547
86,random,0.3,independent,7862363.248453485,5529176.150365827,2333187.098087658,4347379.558851666,0.5366881512190658,5529176.150365827,9876555.709217492
86,random,0.5,density_positive,14164961.678728703,7085005.457831131,7079956.220897572,7248040.655274675,0.9768096727969121,7085005.457831131,14333046.113105807
86,random,0.5,density_negative,338405.4862816685,170321.05190456656,168084.43437710192,7248040.655274675,0.023190327203087703,170321.05190456656,7418361.707179242
86,random,0.5,independent,7862363.248453485,3954974.6013930477,3907388.647060437,7248040.655274675,0.5390958512652494,3954974.6013930477,11203015.256667722
86,spatial,0.1,density_positive,14164961.678728703,12962364.306943532,1202597.3717851713,1240857.5251457822,0.9691663606938953,12962364.306943532,14203221.832089314
86,spatial,0.1,density_negative,338405.4862816685,300145.3329210544,38260.15336061409,1240857.5251457822,0.030833639306107358,300145.3329210544,1541002.8580668366
86,spatial,0.1,independent,7862363.248453485,7232164.731193397,630198.5172600877,1240857.5251457822,0.5078733895626323,7232164.731193397,8473022.25633918
86,spatial,0.3,density_positive,14164961.678728703,10377794.805628339,3787166.8731003646,3895401.8519617016,0.9722146820855387,10377794.805628339,14273196.657590041
86,spatial,0.3,density_negative,338405.4862816685,230170.5074203277,108234.97886134079,3895401.8519617016,0.02778531791446222,230170.5074203277,4125572.359382029
86,spatial,0.3,independent,7862363.248453485,5692652.611833126,2169710.6366203586,3895401.8519617016,0.5569927619990489,5692652.611833126,9588054.463794827
86,spatial,0.5,density_positive,14164961.678728703,7595340.631496997,6569621.047231707,6743460.257502856,0.974221066984456,7595340.631496997,14338800.888999853
86,spatial,0.5,density_negative,338405.4862816685,164566.276010518,173839.21027115048,6743460.257502856,0.025778933015544188,164566.276010518,6908026.533513374
86,spatial,0.5,independent,7862363.248453485,4195840.210829189,3666523.037624296,6743460.257502856,0.5437153772122966,4195840.210829189,10939300.468332045
86,density_positive,0.1,density_positive,14164961.678728703,11291813.848966146,2873147.8297625575,2876327.309493198,0.9988946043379184,11291813.848966146,14168141.158459343
86,density_positive,0.1,density_negative,338405.4862816685,335226.00655102916,3179.4797306393157,2876327.309493198,0.0011053956620811463,335226.00655102916,3211553.316044227
86,density_positive,0.1,independent,7862363.248453485,6135462.493421092,1726900.7550323932,2876327.309493198,0.600383951205007,6135462.493421092,9011789.80291429
86,density_positive,0.3,density_positive,14164961.678728703,6687674.516666451,7477287.162062253,7498237.13181654,0.9972060139755528,6687674.516666451,14185911.64848299
86,density_positive,0.3,density_negative,338405.4862816685,317455.5165273801,20949.96975428838,7498237.13181654,0.002793986024447455,317455.5165273801,7815692.64834392
86,density_positive,0.3,independent,7862363.248453485,3622959.293298816,4239403.955154669,7498237.13181654,0.5653867543300303,3622959.293298816,11121196.425115356
86,density_positive,0.5,density_positive,14164961.678728703,3073744.0373621457,11091217.641366558,11153366.428326707,0.9944278001301645,3073744.0373621457,14227110.465688853
86,density_positive,0.5,density_negative,338405.4862816685,276256.69932151923,62148.78696014924,11153366.428326707,0.005572199869835458,276256.69932151923,11429623.127648227
86,density_positive,0.5,independent,7862363.248453485,1784940.9526867927,6077422.295766693,11153366.428326707,0.5448957796573051,1784940.9526867927,12938307.3810135
86,density_negative,0.1,density_positive,14164961.678728703,14161513.82437385,3447.8543548528105,9004.087929347288,0.3829210000954253,14161513.82437385,14170517.912303198
86,density_negative,0.1,density_negative,338405.4862816685,332849.25270717236,5556.2335744961165,9004.087929347288,0.6170789999047568,332849.25270717236,341853.34063651966
86,density_negative,0.1,independent,7862363.248453485,7858602.743482452,3760.504971032962,9004.087929347288,0.4176441856788446,7858602.743482452,7867606.831411799
86,density_negative,0.3,density_positive,14164961.678728703,13554345.047055181,610616.6316735223,784643.0185030826,0.7782094752317272,13554345.047055181,14338988.065558264
86,density_negative,0.3,density_negative,338405.4862816685,164379.09945210745,174026.38682956103,784643.0185030826,0.22179052476827377,164379.09945210745,949022.11795519
86,density_negative,0.3,independent,7862363.248453485,7512832.701822572,349530.54663091246,784643.0185030826,0.4454644193454189,7512832.701822572,8297475.720325655
86,density_negative,0.5,density_positive,14164961.678728703,11451914.805370467,2713046.8733582366,2992323.867886893,0.9066688611063096,11451914.805370467,14444238.67325736
86,density_negative,0.5,density_negative,338405.4862816685,59128.49175301203,279276.9945286565,2992323.867886893,0.0933311388936904,59128.49175301203,3051452.359639905
86,density_negative,0.5,independent,7862363.248453485,6379494.549016906,1482868.699436579,2992323.867886893,0.49555755489921116,6379494.549016906,9371818.4169038
87,random,0.1,density_positive,14164961.678728703,12740035.36436109,1424926.3143676128,1458659.690096943,0.9768737177298098,12740035.36436109,14198695.054458033
87,random,0.1,density_negative,338405.4862816685,304672.1105523377,33733.37572933076,1458659.690096943,0.023126282270190677,304672.1105523377,1763331.8006492807
87,random,0.1,independent,7862363.248453485,7063472.857068069,798890.3913854156,1458659.690096943,0.547687988369872,7063472.857068069,8522132.547165012
87,random,0.3,density_positive,14164961.678728703,9887225.95726091,4277735.721467793,4378827.244300847,0.9769135621953053,9887225.95726091,14266053.201561756
87,random,0.3,density_negative,338405.4862816685,237313.96344861473,101091.52283305375,4378827.244300847,0.0230864378046946,237313.96344861473,4616141.207749462
87,random,0.3,independent,7862363.248453485,5481296.30735222,2381066.941101265,4378827.244300847,0.5437681845522184,5481296.30735222,9860123.551653067
87,random,0.5,density_positive,14164961.678728703,7070078.183647723,7094883.4950809805,7263954.394204426,0.9767246750257217,7070078.183647723,14334032.577852149
87,random,0.5,density_negative,338405.4862816685,169334.58715822373,169070.89912344475,7263954.394204426,0.023275324974278283,169334.58715822373,7433288.981362649
87,random,0.5,independent,7862363.248453485,3922474.2570774234,3939888.9913760615,7263954.394204426,0.5423890043306876,3922474.2570774234,11186428.651281849
87,spatial,0.1,density_positive,14164961.678728703,12553438.048452226,1611523.630276477,1641262.6592025706,0.981880396316003,12553438.048452226,14194700.707654797
87,spatial,0.1,density_negative,338405.4862816685,308666.45735557296,29739.028926095518,1641262.6592025706,0.01811960368399816,308666.45735557296,1949929.1165581434
87,spatial,0.1,independent,7862363.248453485,6866670.620126305,995692.6283271797,1641262.6592025706,0.6066625733208055,6866670.620126305,8507933.279328875
87,spatial,0.3,density_positive,14164961.678728703,9512038.157742202,4652923.520986501,4751909.978350942,0.9791691219287803,9512038.157742202,14263948.136093143
87,spatial,0.3,density_negative,338405.4862816685,239419.0289172278,98986.45736444066,4751909.978350942,0.020830878071219687,239419.0289172278,4991329.00726817
87,spatial,0.3,independent,7862363.248453485,5093437.978385043,2768925.2700684415,4751909.978350942,0.5826973327952949,5093437.978385043,9845347.956735985
87,spatial,0.5,density_positive,14164961.678728703,6618795.565592057,7546166.113136646,7711978.455267212,0.9784993768988919,6618795.565592057,14330774.02085927
87,spatial,0.5,density_negative,338405.4862816685,172593.14415110112,165812.34213056735,7711978.455267212,0.02150062310110825,172593.14415110112,7884571.599418313
87,spatial,0.5,independent,7862363.248453485,3436469.368517823,4425893.879935661,7711978.455267212,0.5738986312796057,3436469.368517823,11148447.823785035
87,density_positive,0.1,density_positive,14164961.678728703,10747929.366886193,3417032.3118425105,3419240.6552064726,0.9993541421658638,10747929.366886193,14167170.022092666
87,density_positive,0.1,density_negative,338405.4862816685,336197.14291770733,2208.3433639611467,3419240.6552064726,0.000645857834135923,336197.14291770733,3755437.79812418
87,density_positive,0.1,independent,7862363.248453485,5708861.129976223,2153502.1184772616,3419240.6552064726,0.6298188210876959,5708861.129976223,9128101.785182696
87,density_positive,0.3,density_positive,14164961.678728703,6064622.08751297,8100339.591215733,8115312.621279863,0.998154965709532,6064622.08751297,14179934.708792832
87,density_positive,0.3,density_negative,338405.4862816685,323432.45621754107,14973.030064127408,8115312.621279863,0.001845034290467792,323432.45621754107,8438745.077497404
87,density_positive,0.3,independent,7862363.248453485,3043664.6877106284,4818698.560742857,8115312.621279863,0.5937785499608889,3043664.6877106284,11158977.308990492
87,density_positive,0.5,density_positive,14164961.678728703,2743144.9137025443,11421816.76502616,11482202.249113996,0.9947409492728195,2743144.9137025443,14225347.16281654
87,density_positive,0.5,density_negative,338405.4862816685,278020.0021938329,60385.48408783559,11482202.249113996,0.005259050727180418,278020.0021938329,11760222.251307828
87,density_positive,0.5,independent,7862363.248453485,1337066.7070825517,6525296.541370933,11482202.249113996,0.568296603717675,1337066.7070825517,12819268.956196547
87,density_negative,0.1,density_positive,14164961.678728703,14164736.198547002,225.48018170148134,5374.797487222775,0.041951381840432796,14164736.198547002,14170110.996034225
87,density_negative,0.1,density_negative,338405.4862816685,333256.16897614533,5149.3173055231455,5374.797487222775,0.9580486181599117,333256.16897614533,338630.9664633681
87,density_negative,0.1,independent,7862363.248453485,7859827.439916619,2535.8085368657485,5374.797487222775,0.4717961082057498,7859827.439916619,7865202.237403842
87,density_negative,0.3,density_positive,14164961.678728703,13506442.309088707,658519.3696399964,830151.658204298,0.7932518873291664,13506442.309088707,14336593.967293005
87,density_negative,0.3,density_negative,338405.4862816685,166773.19771736686,171632.28856430162,830151.658204298,0.20674811267083368,166773.19771736686,996924.8559216649
87,density_negative,0.3,independent,7862363.248453485,7441501.586849228,420861.6616042573,830151.658204298,0.5069696090406224,7441501.586849228,8271653.245053526
87,density_negative,0.5,density_positive,14164961.678728703,11096146.687240202,3068814.9914885014,3346184.3674966577,0.9171087586498824,11096146.687240202,14442331.05473686
87,density_negative,0.5,density_negative,338405.4862816685,61036.11027350778,277369.3760081607,3346184.3674966577,0.082891241350119,61036.11027350778,3407220.4777701655
87,density_negative,0.5,independent,7862363.248453485,6042640.907810772,1819722.340642713,3346184.3674966577,0.5438201069608369,6042640.907810772,9388825.27530743
88,random,0.1,density_positive,14164961.678728703,12731769.866324583,1433191.8124041203,1466646.2719176372,0.9771898240536382,12731769.866324583,14198416.13824222
88,random,0.1,density_negative,338405.4862816685,304951.0267681473,33454.45951352117,1466646.2719176372,0.022810175946364714,304951.0267681473,1771597.2986857845
88,random,0.1,independent,7862363.248453485,7063461.808627532,798901.439825953,1466646.2719176372,0.5447131016679235,7063461.808627532,8530108.080545168
88,random,0.3,density_positive,14164961.678728703,9912074.439822124,4252887.238906579,4353616.409885334,0.9768631037980198,9912074.439822124,14265690.849707458
88,random,0.3,density_negative,338405.4862816685,237676.31530291302,100729.17097875546,4353616.409885334,0.023136896201980384,237676.31530291302,4591292.725188247
88,random,0.3,independent,7862363.248453485,5498735.83852886,2363627.4099246245,4353616.409885334,0.5429112690217185,5498735.83852886,9852352.248414194
88,random,0.5,density_positive,14164961.678728703,7073203.017209654,7091758.66151905,7259809.952081325,0.9768518333576904,7073203.017209654,14333012.96929098
88,random,0.5,density_negative,338405.4862816685,170354.1957193914,168051.29056227708,7259809.952081325,0.02314816664230972,170354.1957193914,7430164.147800717
88,random,0.5,independent,7862363.248453485,3914423.8310682448,3947939.41738524,7259809.952081325,0.5438075436469793,3914423.8310682448,11174233.78314957
88,spatial,0.1,density_positive,14164961.678728703,12855355.903342275,1309605.7753864285,1349389.5932342021,0.9705171745452548,12855355.903342275,14204745.496576477
88,spatial,0.1,density_negative,338405.4862816685,298621.66843389097,39783.81784777751,1349389.5932342021,0.02948282545474809,298621.66843389097,1648011.261668093
88,spatial,0.1,independent,7862363.248453485,7129501.5984501215,732861.6500033634,1349389.5932342021,0.5431060485999811,7129501.5984501215,8478891.191684324
88,spatial,0.3,density_positive,14164961.678728703,10047959.360217381,4117002.318511322,4226247.653241246,0.9741507493896766,10047959.360217381,14274207.013458628
88,spatial,0.3,density_negative,338405.4862816685,229160.1515517433,109245.33472992518,4226247.653241246,0.02584925061032365,229160.1515517433,4455407.804792989
88,spatial,0.3,independent,7862363.248453485,5598298.09584541,2264065.152608075,4226247.653241246,0.5357152108376069,5598298.09584541,9824545.749086656
88,spatial,0.5,density_positive,14164961.678728703,7275005.505754619,6889956.1729740845,7068516.646254821,0.974738621663239,7275005.505754619,14343522.152009439
88,spatial,0.5,density_negative,338405.4862816685,159845.01300093057,178560.4732807379,7068516.646254821,0.025261378336761262,159845.01300093057,7228361.659255751
88,spatial,0.5,independent,7862363.248453485,4046601.556921808,3815761.691531677,7068516.646254821,0.5398249565633291,4046601.556921808,11115118.203176629
88,density_positive,0.1,density_positive,14164961.678728703,11036676.6345425,3128285.044186203,3130722.9259149074,0.9992213039012412,11036676.6345425,14167399.560457408
88,density_positive,0.1,density_negative,338405.4862816685,335967.6045529654,2437.881728703098,3130722.9259149074,0.0007786960987582966,335967.6045529654,3466690.5304678725
88,density_positive,0.1,independent,7862363.248453485,6058131.088297117,1804232.1601563683,3130722.9259149074,0.5762988941696615,6058131.088297117,9188854.014212023
88,density_positive,0.3,density_positive,14164961.678728703,6448948.1177205015,7716013.561008202,7735377.338727737,0.9974967248691814,6448948.1177205015,14184325.456448238
88,density_positive,0.3,density_negative,338405.4862816685,319041.7085621318,19363.77771953668,7735377.338727737,0.002503275130818829,319041.7085621318,8054419.047289869
88,density_positive,0.3,independent,7862363.248453485,3529341.0827544923,4333022.165698992,7735377.338727737,0.5601565348344931,3529341.0827544923,11264718.42148223
88,density_positive,0.5,density_positive,14164961.678728703,3029928.106613846,11135033.572114857,11200753.406678673,0.9941325523223618,3029928.106613846,14230681.51329252
88,density_positive,0.5,density_negative,338405.4862816685,272685.6517178502,65719.8345638183,11200753.406678673,0.0058674476776385,272685.6517178502,11473439.058396524
88,density_positive,0.5,independent,7862363.248453485,1740323.067565959,6122040.180887526,11200753.406678673,0.5465739632511807,1740323.067565959,12941076.474244632
88,density_negative,0.1,density_positive,14164961.678728703,14164858.482912026,103.1958166770637,5178.886124123185,0.01992625715332471,14164858.482912026,14170037.36903615
88,density_negative,0.1,density_negative,338405.4862816685,333329.7959742242,5075.6903074442525,5178.886124123185,0.9800737428463144,333329.7959742242,338508.6820983474
88,density_negative,0.1,independent,7862363.248453485,7860228.679881734,2134.568571751006,5178.886124123185,0.41216750486329734,7860228.679881734,7865407.566005857
88,density_negative,0.3,density_positive,14164961.678728703,13604027.448635302,560934.2300934009,736924.3617986884,0.7611829099044439,13604027.448635302,14340951.810433991
88,density_negative,0.3,density_negative,338405.4862816685,162415.3545763822,175990.13170528627,736924.3617986884,0.23881709009555435,162415.3545763822,899339.7163750706
88,density_negative,0.3,independent,7862363.248453485,7507690.100587948,354673.1478655366,736924.3617986884,0.481288401159447,7507690.100587948,8244614.462386637
88,density_negative,0.5,density_positive,14164961.678728703,11420886.129371898,2744075.549356805,3026393.306022247,0.9067147828725186,11420886.129371898,14447279.435394146
88,density_negative,0.5,density_negative,338405.4862816685,56087.72961622653,282317.75666544196,3026393.306022247,0.09328521712748153,56087.72961622653,3082481.0356384735
88,density_negative,0.5,independent,7862363.248453485,6338632.862355661,1523730.3860978242,3026393.306022247,0.503480622649323,6338632.862355661,9365026.168377908
89,random,0.1,density_positive,14164961.678728703,12722396.657296795,1442565.021431908,1475551.5847125317,0.9776445882188185,12722396.657296795,14197948.242009327
89,random,0.1,density_negative,338405.4862816685,305418.92300104053,32986.56328062795,1475551.5847125317,0.02235541178118447,305418.92300104053,1780970.5077135721
89,random,0.1,independent,7862363.248453485,7051068.019048236,811295.2294052485,1475551.5847125317,0.5498250537701844,7051068.019048236,8526619.603760768
89,random,0.3,density_positive,14164961.678728703,9881508.276565546,4283453.402163157,4384221.751635612,0.9770156814182902,9881508.276565546,14265730.02820116
89,random,0.3,density_negative,338405.4862816685,237637.13680921425,100768.34947245423,4384221.751635612,0.022984318581709694,237637.13680921425,4621858.888444826
89,random,0.3,independent,7862363.248453485,5475876.710393788,2386486.5380596966,4384221.751635612,0.5443352716293092,5475876.710393788,9860098.462029401
89,random,0.5,density_positive,14164961.678728703,7038154.53079668,7126807.147932024,7295608.246946946,0.9768626421127311,7038154.53079668,14333762.777743626
89,random,0.5,density_negative,338405.4862816685,169604.38726674684,168801.09901492164,7295608.246946946,0.023137357887268856,169604.38726674684,7465212.6342136925
89,random,0.5,independent,7862363.248453485,3898688.4538821103,3963674.7945713745,7295608.246946946,0.5432960022531482,3898688.4538821103,11194296.700829055
89,spatial,0.1,density_positive,14164961.678728703,12941584.023729073,1223377.6549996305,1265221.660743084,0.9669275297429876,12941584.023729073,14206805.684472157
89,spatial,0.1,density_negative,338405.4862816685,296561.48053821514,41844.00574345334,1265221.660743084,0.033072470257012286,296561.48053821514,1561783.1412812993
89,spatial,0.1,independent,7862363.248453485,7337074.804116911,525288.4443365736,1265221.660743084,0.4151750326721909,7337074.804116911,8602296.464859996
89,spatial,0.3,density_positive,14164961.678728703,10225739.554760756,3939222.1239679474,4048625.844274773,0.9729775670771023,10225739.554760756,14274365.399035528
89,spatial,0.3,density_negative,338405.4862816685,229001.765974843,109403.72030682547,4048625.844274773,0.02702243292289779,229001.765974843,4277627.610249616
89,spatial,0.3,independent,7862363.248453485,5918552.549532684,1943810.6989208013,4048625.844274773,0.4801161613068235,5918552.549532684,9967178.393807456
89,spatial,0.5,density_positive,14164961.678728703,7259259.540796911,6905702.137931792,7079950.412882682,0.9753884893552605,7259259.540796911,14339209.953679593
89,spatial,0.5,density_negative,338405.4862816685,164157.21133077747,174248.274950891,7079950.412882682,0.02461151064473965,164157.21133077747,7244107.624213459
89,spatial,0.5,independent,7862363.248453485,4144389.738063219,3717973.510390266,7079950.412882682,0.5251411794671668,4144389.738063219,11224340.150945902
89,density_positive,0.1,density_positive,14164961.678728703,11140141.58798481,3024820.0907438938,3027101.3915047073,0.9992463745128538,11140141.58798481,14167242.979489516
89,density_positive,0.1,density_negative,338405.4862816685,336124.1855208551,2281.3007608133485,3027101.3915047073,0.0007536254871460922,336124.1855208551,3363225.5770255625
89,density_positive,0.1,independent,7862363.248453485,6330862.319523651,1531500.9289298337,3027101.3915047073,0.505929842068672,6330862.319523651,9357963.711028358
89,density_positive,0.3,density_positive,14164961.678728703,6488770.956504237,7676190.7222244665,7696456.0692558475,0.9973669248743805,6488770.956504237,14185227.025760084
89,density_positive,0.3,density_negative,338405.4862816685,318140.1392502859,20265.347031382553,7696456.0692558475,0.002633075125619727,318140.1392502859,8014596.208506133
89,density_positive,0.3,independent,7862363.248453485,3621586.2552160798,4240776.993237405,7696456.0692558475,0.5510038587990584,3621586.2552160798,11318042.324471928
89,density_positive,0.5,density_positive,14164961.678728703,3001257.688470485,11163703.990258219,11230557.15148864,0.9940472088491568,3001257.688470485,14231814.839959124
89,density_positive,0.5,density_negative,338405.4862816685,271552.3250512477,66853.16123042075,11230557.15148864,0.005952791150843233,271552.3250512477,11502109.476539887
89,density_positive,0.5,independent,7862363.248453485,1611205.1119985739,6251158.136454911,11230557.15148864,0.5566204821482347,1611205.1119985739,12841762.263487212
89,density_negative,0.1,density_positive,14164961.678728703,14164878.063527338,83.61520136520267,5268.5208092026605,0.015870716733081863,14164878.063527338,14170146.584336542
89,density_negative,0.1,density_negative,338405.4862816685,333220.5806738305,5184.905607837951,5268.5208092026605,0.9841292832670117,333220.5806738305,338489.1014830332
89,density_negative,0.1,independent,7862363.248453485,7859158.9380775485,3204.3103759363294,5268.5208092026605,0.6081992445278527,7859158.9380775485,7864427.458886751
89,density_negative,0.3,density_positive,14164961.678728703,13576255.725951163,588705.9527775403,763668.8858346685,0.7708916307806639,13576255.725951163,14339924.61178583
89,density_negative,0.3,density_negative,338405.4862816685,163442.5532245423,174962.93305712618,763668.8858346685,0.22910836921933336,163442.5532245423,927111.4390592108
89,density_negative,0.3,independent,7862363.248453485,7532666.213953295,329697.03450019006,763668.8858346685,0.431727729930807,7532666.213953295,8296335.099787964
89,density_negative,0.5,density_positive,14164961.678728703,11361694.217531655,2803267.4611970484,3077921.4481099197,0.9107664079336626,11361694.217531655,14439615.665641574
89,density_negative,0.5,density_negative,338405.4862816685,63751.49936879831,274653.9869128702,3077921.4481099197,0.08923359206633712,63751.49936879831,3141672.947478718
89,density_negative,0.5,independent,7862363.248453485,6462644.489841472,1399718.7586120125,3077921.4481099197,0.4547610399451706,6462644.489841472,9540565.937951392
90,random,0.1,density_positive,14164961.678728703,12741045.216132034,1423916.4625966698,1457267.4801081885,0.977114004143534,12741045.216132034,14198312.696240222
90,random,0.1,density_negative,338405.4862816685,305054.4687701518,33351.01751151669,1457267.4801081885,0.022885995856464655,305054.4687701518,1762321.9488783402
90,random,0.1,independent,7862363.248453485,7084282.123000337,778081.125453148,1457267.4801081885,0.5339315781584468,7084282.123000337,8541549.603108525
90,random,0.3,density_positive,14164961.678728703,9908806.406056968,4256155.272671735,4357710.893342401,0.9766951908567821,9908806.406056968,14266517.299399368
90,random,0.3,density_negative,338405.4862816685,236849.8656110018,101555.62067066669,4357710.893342401,0.023304809143218006,236849.8656110018,4594560.758953403
90,random,0.3,independent,7862363.248453485,5516999.053022253,2345364.1954312315,4357710.893342401,0.5382101412497141,5516999.053022253,9874709.946364654
90,random,0.5,density_positive,14164961.678728703,7082376.756796711,7082584.921931992,7252318.753457423,0.9765959223118105,7082376.756796711,14334695.510254133
90,random,0.5,density_negative,338405.4862816685,168671.65475623863,169733.83152542985,7252318.753457423,0.023404077688189317,168671.65475623863,7420990.408213662
90,random,0.5,independent,7862363.248453485,3938212.5976802576,3924150.650773227,7252318.753457423,0.5410891032474894,3938212.5976802576,11190531.351137681
90,spatial,0.1,density_positive,14164961.678728703,12865189.09648617,1299772.5822425336,1336046.2745296354,0.9728499731045077,12865189.09648617,14201235.371015806
90,spatial,0.1,density_negative,338405.4862816685,302131.7939945657,36273.69228710275,1336046.2745296354,0.02715002689549294,302131.7939945657,1638178.0685242012
90,spatial,0.1,independent,7862363.248453485,7063526.269293352,798836.9791601328,1336046.2745296354,0.5979111610047856,7063526.269293352,8399572.543822987
90,spatial,0.3,density_positive,14164961.678728703,10155619.982043583,4009341.6966851205,4117800.173155012,0.973661063696835,10155619.982043583,14273420.155198595
90,spatial,0.3,density_negative,338405.4862816685,229947.00981177556,108458.47646989292,4117800.173155012,0.026338936303165302,229947.00981177556,4347747.182966787
90,spatial,0.3,independent,7862363.248453485,5410264.437729753,2452098.810723732,4117800.173155012,0.5954875680246916,5410264.437729753,9528064.610884765
90,spatial,0.5,density_positive,14164961.678728703,7303554.398202397,6861407.2805263065,7039425.300346042,0.9747112850517805,7303554.398202397,14342979.69854844
90,spatial,0.5,density_negative,338405.4862816685,160387.46646193293,178018.01981973555,7039425.300346042,0.025288714948219507,160387.46646193293,7199812.766807975
90,spatial,0.5,independent,7862363.248453485,3876136.227273323,3986227.0211801617,7039425.300346042,0.566271655867164,3876136.227273323,10915561.527619366
90,density_positive,0.1,density_positive,14164961.678728703,10976101.933665635,3188859.7450630683,3190714.693619218,0.999418641673021,10976101.933665635,14166816.627284853
90,density_positive,0.1,density_negative,338405.4862816685,336550.5377255178,1854.948556150659,3190714.693619218,0.0005813583269792751,336550.5377255178,3527265.231344736
90,density_positive,0.1,independent,7862363.248453485,5778091.226678846,2084272.0217746384,3190714.693619218,0.6532304583492718,5778091.226678846,8968805.920298064
90,density_positive,0.3,density_positive,14164961.678728703,6478380.202382562,7686581.476346142,7705518.831511627,0.9975423646895727,6478380.202382562,14183899.033894189
90,density_positive,0.3,density_negative,338405.4862816685,319468.13111618377,18937.35516548471,7705518.831511627,0.0024576353104271997,319468.13111618377,8024986.96262781
90,density_positive,0.3,independent,7862363.248453485,3431892.424139398,4430470.824314087,7705518.831511627,0.5749737196404906,3431892.424139398,11137411.255651025
90,density_positive,0.5,density_positive,14164961.678728703,3081661.7603105125,11083299.918418191,11149393.76649654,0.9940719783099816,3081661.7603105125,14231055.526807051
90,density_positive,0.5,density_negative,338405.4862816685,272311.6382033195,66093.84807834896,11149393.76649654,0.005928021690018537,272311.6382033195,11421705.404699858
90,density_positive,0.5,independent,7862363.248453485,1770312.285538328,6092050.962915157,11149393.76649654,0.5464019919380294,1770312.285538328,12919706.052034868
90,density_negative,0.1,density_positive,14164961.678728703,14164422.47055092,539.2081777825952,5041.572741387187,0.10695237487225706,14164422.47055092,14169464.043292308
90,density_negative,0.1,density_negative,338405.4862816685,333903.12171806354,4502.364563604933,5041.572741387187,0.8930476251278106,333903.12171806354,338944.6944594507
90,density_negative,0.1,independent,7862363.248453485,7860113.896952046,2249.3515014387667,5041.572741387187,0.4461606758092433,7860113.896952046,7865155.4696934335
90,density_negative,0.3,density_positive,14164961.678728703,13590900.090017263,574061.5887114406,750378.4118757616,0.7650294566396543,13590900.090017263,14341278.501893025
90,density_negative,0.3,density_negative,338405.4862816685,162088.66311734662,176316.82316432186,750378.4118757616,0.23497054336034687,162088.66311734662,912467.0749931082
90,density_negative,0.3,independent,7862363.248453485,7431045.303886636,431317.9445668487,750378.4118757616,0.5748005776027856,7431045.303886636,8181423.715762397
90,density_negative,0.5,density_positive,14164961.678728703,11366190.407385403,2798771.2713433,3079590.048540627,0.9088129352377915,11366190.407385403,14445780.45592603
90,density_negative,0.5,density_negative,338405.4862816685,57586.70908434076,280818.7771973277,3079590.048540627,0.09118706476220874,57586.70908434076,3137176.757624968
90,density_negative,0.5,independent,7862363.248453485,6171089.451202178,1691273.7972513065,3079590.048540627,0.5491879667726477,6171089.451202178,9250679.499742806
91,random,0.1,density_positive,14164961.678728703,12759470.739560729,1405490.9391679745,1440495.51203556,0.9756996307346208,12759470.739560729,14199966.251596289
91,random,0.1,density_negative,338405.4862816685,303400.9134140822,35004.57286758628,1440495.51203556,0.024300369265379672,303400.9134140822,1743896.4254496424
91,random,0.1,independent,7862363.248453485,7078783.016758837,783580.231694648,1440495.51203556,0.5439657570243819,7078783.016758837,8519278.528794397
91,random,0.3,density_positive,14164961.678728703,9933326.355504297,4231635.323224407,4333455.540942767,0.9765036893175998,9933326.355504297,14266781.896447062
91,random,0.3,density_negative,338405.4862816685,236585.26856331286,101820.21771835562,4333455.540942767,0.02349631068239922,236585.26856331286,4570040.809506079
91,random,0.3,independent,7862363.248453485,5506252.470463288,2356110.777990197,4333455.540942767,0.5437025384775523,5506252.470463288,9839708.011406055
91,random,0.5,density_positive,14164961.678728703,7104685.08721474,7060276.591513963,7230292.369151416,0.9764856289404232,7104685.08721474,14334977.456366155
91,random,0.5,density_negative,338405.4862816685,168389.70864421545,170015.77763745302,7230292.369151416,0.023514371059576798,168389.70864421545,7398682.077795631
91,random,0.5,independent,7862363.248453485,3936050.4889474893,3926312.7595059955,7230292.369151416,0.5430365134690684,3936050.4889474893,11166342.858098906
91,spatial,0.1,density_positive,14164961.678728703,12833227.486137295,1331734.1925914083,1364905.605892596,0.9756969176784244,12833227.486137295,14198133.092029892
91,spatial,0.1,density_negative,338405.4862816685,305234.07298048295,33171.41330118553,1364905.605892596,0.024303082321573948,305234.07298048295,1670139.678873079
91,spatial,0.1,independent,7862363.248453485,7301474.526444264,560888.7220092211,1364905.605892596,0.4109359061811614,7301474.526444264,8666380.13233686
91,spatial,0.3,density_positive,14164961.678728703,9899630.988899952,4265330.689828752,4362910.263331777,0.977634292796912,9899630.988899952,14262541.252231728
91,spatial,0.3,density_negative,338405.4862816685,240825.9127786392,97579.57350302927,4362910.263331777,0.02236570720308873,240825.9127786392,4603736.176110417
91,spatial,0.3,independent,7862363.248453485,5726378.428147261,2135984.820306224,4362910.263331777,0.4895779861112841,5726378.428147261,10089288.691479038
91,spatial,0.5,density_positive,14164961.678728703,7031690.114118495,7133271.564610208,7299212.931366515,0.9772658547823402,7031690.114118495,14330903.04548501
91,spatial,0.5,density_negative,338405.4862816685,172464.11952536105,165941.36675630743,7299212.931366515,0.022734145217659908,172464.11952536105,7471677.050891876
91,spatial,0.5,independent,7862363.248453485,4079045.9005700825,3783317.3478834024,7299212.931366515,0.5183185342662845,4079045.9005700825,11378258.831936598
91,density_positive,0.1,density_positive,14164961.678728703,11120923.430438602,3044038.248290101,3045878.2825536453,0.9993958936986801,11120923.430438602,14166801.712992247
91,density_positive,0.1,density_negative,338405.4862816685,336565.4520181224,1840.0342635460547,3045878.2825536453,0.0006041063013205443,336565.4520181224,3382443.734571768
91,density_positive,0.1,independent,7862363.248453485,6317987.208856204,1544376.0395972813,3045878.2825536453,0.5070380022876312,6317987.208856204,9363865.49140985
91,density_positive,0.3,density_positive,14164961.678728703,6336600.347354242,7828361.331374462,7845671.794628702,0.9977936289323125,6336600.347354242,14182272.141982943
91,density_positive,0.3,density_negative,338405.4862816685,321095.0230274242,17310.4632542443,7845671.794628702,0.002206371067687967,321095.0230274242,8166766.817656126
91,density_positive,0.3,independent,7862363.248453485,3492107.359420839,4370255.889032645,7845671.794628702,0.5570276202510289,3492107.359420839,11337779.154049542
91,density_positive,0.5,density_positive,14164961.678728703,2789369.678297321,11375592.000431383,11432387.722343607,0.9950320332644753,2789369.678297321,14221757.400640927
91,density_positive,0.5,density_negative,338405.4862816685,281609.76436944166,56795.721912226814,11432387.722343607,0.004967966735524944,281609.76436944166,11713997.486713048
91,density_positive,0.5,independent,7862363.248453485,1533798.9566319098,6328564.291821575,11432387.722343607,0.5535645261097073,1533798.9566319098,12966186.678975517
91,density_negative,0.1,density_positive,14164961.678728703,14163409.23938901,1552.4393396936357,6828.725288688893,0.22733955080388102,14163409.23938901,14170237.964677699
91,density_negative,0.1,density_negative,338405.4862816685,333129.2003326748,5276.285948993696,6828.725288688893,0.7726604491958904,333129.2003326748,339957.9256213637
91,density_negative,0.1,independent,7862363.248453485,7860422.1962571945,1941.052196290344,6828.725288688893,0.2842481011068793,7860422.1962571945,7867250.921545884
91,density_negative,0.3,density_positive,14164961.678728703,13514308.263775935,650653.414952768,819289.2724062016,0.7941681123711525,13514308.263775935,14333597.536182137
91,density_negative,0.3,density_negative,338405.4862816685,169769.6288282355,168635.85745343298,819289.2724062016,0.20583188762884685,169769.6288282355,989058.901234437
91,density_negative,0.3,independent,7862363.248453485,7574959.809039335,287403.4394141501,819289.2724062016,0.3507960485922928,7574959.809039335,8394249.081445536
91,density_negative,0.5,density_positive,14164961.678728703,11300957.92875613,2864003.7499725726,3136653.358895984,0.9130762702387437,11300957.92875613,14437611.287652114
91,density_negative,0.5,density_negative,338405.4862816685,65755.87735825714,272649.60892341135,3136653.358895984,0.08692372976125629,65755.87735825714,3202409.2362542413
91,density_negative,0.5,independent,7862363.248453485,6465352.692161818,1397010.5562916668,3136653.358895984,0.44538251328587236,6465352.692161818,9602006.051057803
92,random,0.1,density_positive,14164961.678728703,12745528.342455918,1419433.3362727854,1452862.343095814,0.9769909331177261,12745528.342455918,14198390.685551733
92,random,0.1,density_negative,338405.4862816685,304976.4794586354,33429.006823033094,1452862.343095814,0.023009066882276885,304976.4794586354,1757838.8225544496
92,random,0.1,independent,7862363.248453485,7074338.881209176,788024.3672443088,1452862.343095814,0.5423943782348689,7074338.881209176,8527201.22430499
92,random,0.3,density_positive,14164961.678728703,9901276.740379073,4263684.938349631,4364688.664390562,0.9768588933123745,9901276.740379073,14265965.404769635
92,random,0.3,density_negative,338405.4862816685,237401.76024073872,101003.72604092976,4364688.664390562,0.023141106687625066,237401.76024073872,4602090.4246313
92,random,0.3,independent,7862363.248453485,5477724.5760739595,2384638.6723795254,4364688.664390562,0.5463479427146015,5477724.5760739595,9842413.240464522
92,random,0.5,density_positive,14164961.678728703,7079968.639123374,7084993.03960533,7254323.818864669,0.9766579513835598,7079968.639123374,14334292.457988042
92,random,0.5,density_negative,338405.4862816685,169074.7070223273,169330.7792593412,7254323.818864669,0.02334204861644047,169074.7070223273,7423398.525886996
92,random,0.5,independent,7862363.248453485,3903950.8642222737,3958412.384231211,7254323.818864669,0.5456624880650446,3903950.8642222737,11158274.683086943
92,spatial,0.1,density_positive,14164961.678728703,12781008.146032875,1383953.532695828,1422076.183446382,0.9731922584779078,12781008.146032875,14203084.329479257
92,spatial,0.1,density_negative,338405.4862816685,300282.83553111885,38122.65075054963,1422076.183446382,0.02680774152208914,300282.83553111885,1722359.0189775007
92,spatial,0.1,independent,7862363.248453485,7090918.685973953,771444.5624795314,1422076.183446382,0.542477661506113,7090918.685973953,8512994.869420335
92,spatial,0.3,density_positive,14164961.678728703,9804220.99360441,4360740.685124293,4464601.342435782,0.9767368574828172,9804220.99360441,14268822.336040191
92,spatial,0.3,density_negative,338405.4862816685,234544.82897017925,103860.65731148922,4464601.342435782,0.023263142517182797,234544.82897017925,4699146.171405961
92,spatial,0.3,independent,7862363.248453485,5528310.978839063,2334052.2696144218,4464601.342435782,0.5227907467189484,5528310.978839063,9992912.321274845
92,spatial,0.5,density_positive,14164961.678728703,7041053.726701881,7123907.952026823,7293917.547695133,0.9766915934329374,7041053.726701881,14334971.274397014
92,spatial,0.5,density_negative,338405.4862816685,168395.89061335658,170009.5956683119,7293917.547695133,0.02330840656706281,168395.89061335658,7462313.4383084895
92,spatial,0.5,independent,7862363.248453485,4032712.8651715717,3829650.383281913,7293917.547695133,0.5250471174426803,4032712.8651715717,11326630.412866704
92,density_positive,0.1,density_positive,14164961.678728703,10853318.11925993,3311643.559468774,3313482.899478316,0.9994448922582847,10853318.11925993,14166801.018738246
92,density_positive,0.1,density_negative,338405.4862816685,336566.1462721261,1839.3400095423567,3313482.899478316,0.0005551077417155065,336566.1462721261,3650049.045750442
92,density_positive,0.1,independent,7862363.248453485,5995359.415065278,1867003.8333882065,3313482.899478316,0.5634566074513778,5995359.415065278,9308842.314543594
92,density_positive,0.3,density_positive,14164961.678728703,6271980.948375827,7892980.730352877,7910844.205177042,0.9977419003129306,6271980.948375827,14182825.153552867
92,density_positive,0.3,density_negative,338405.4862816685,320542.0114575029,17863.474824165576,7910844.205177042,0.002258099687069466,320542.0114575029,8231386.216634545
92,density_positive,0.3,independent,7862363.248453485,3503732.513310603,4358630.735142882,7910844.205177042,0.5509691029296838,3503732.513310603,11414576.718487645
92,density_positive,0.5,density_positive,14164961.678728703,2930142.297453674,11234819.38127503,11298377.06142109,0.994374618602252,2930142.297453674,14228519.358874764
92,density_positive,0.5,density_negative,338405.4862816685,274847.80613560596,63557.680146062514,11298377.06142109,0.005625381397748141,274847.80613560596,11573224.867556697
92,density_positive,0.5,independent,7862363.248453485,1672750.9198179066,6189612.328635578,11298377.06142109,0.5478319846281585,1672750.9198179066,12971127.981238997
92,density_negative,0.1,density_positive,14164961.678728703,14164783.612502106,178.06622659787536,4657.52217346644,0.038231965402613755,14164783.612502106,14169441.134675572
92,density_negative,0.1,density_negative,338405.4862816685,333926.0303347988,4479.4559468696825,4657.52217346644,0.9617680345976263,333926.0303347988,338583.55250826525
92,density_negative,0.1,independent,7862363.248453485,7859635.805826566,2727.442626918666,4657.52217346644,0.5855994937515715,7859635.805826566,7864293.328000032
92,density_negative,0.3,density_positive,14164961.678728703,13613356.486936724,551605.1917919796,729857.6249055092,0.7557709517159501,13613356.486936724,14343214.111842234
92,density_negative,0.3,density_negative,338405.4862816685,160153.05316813735,178252.43311353112,729857.6249055092,0.244229048284052,160153.05316813735,890010.6780736465
92,density_negative,0.3,independent,7862363.248453485,7523640.332063035,338722.91639044974,729857.6249055092,0.46409450943847086,7523640.332063035,8253497.956968544
92,density_negative,0.5,density_positive,14164961.678728703,11269297.62935819,2895664.049370514,3171614.691864024,0.9129936422600793,11269297.62935819,14440912.321222212
92,density_negative,0.5,density_negative,338405.4862816685,62454.84378815753,275950.64249351097,3171614.691864024,0.08700635773992113,62454.84378815753,3234069.5356521816
92,density_negative,0.5,independent,7862363.248453485,6312729.217619504,1549634.030833981,3171614.691864024,0.48859466908422877,6312729.217619504,9484343.909483528
93,random,0.1,density_positive,14164961.678728703,12752733.443372972,1412228.235355731,1446580.0073515638,0.9762531129828589,12752733.443372972,14199313.450724537
93,random,0.1,density_negative,338405.4862816685,304053.7142858336,34351.77199583489,1446580.0073515638,0.023746887017142594,304053.7142858336,1750633.7216373973
93,random,0.1,independent,7862363.248453485,7080497.225227878,781866.0232256064,1446580.0073515638,0.5404927617222272,7080497.225227878,8527077.232579442
93,random,0.3,density_positive,14164961.678728703,9921866.612371286,4243095.066357417,4345322.591188183,0.9764741229942118,9921866.612371286,14267189.20355947
93,random,0.3,density_negative,338405.4862816685,236177.96145090324,102227.52483076524,4345322.591188183,0.023525877005788006,236177.96145090324,4581500.552639087
93,random,0.3,independent,7862363.248453485,5513798.477821181,2348564.7706323043,4345322.591188183,0.540481108444037,5513798.477821181,9859121.069009364
93,random,0.5,density_positive,14164961.678728703,7098912.371566498,7066049.307162206,7234930.629243237,0.9766575063762988,7098912.371566498,14333843.000809735
93,random,0.5,density_negative,338405.4862816685,169524.16420063685,168881.32208103163,7234930.629243237,0.02334249362370132,169524.16420063685,7404454.7934438735
93,random,0.5,independent,7862363.248453485,3936544.810823868,3925818.437629617,7234930.629243237,0.5426200524662462,3936544.810823868,11171475.440067105
93,spatial,0.1,density_positive,14164961.678728703,12909629.284978043,1255332.3937506601,1291308.1773442207,0.9721400481893095,12909629.284978043,14200937.462322265
93,spatial,0.1,density_negative,338405.4862816685,302429.7026881078,35975.783593560685,1291308.1773442207,0.02785995181069059,302429.7026881078,1593737.8800323284
93,spatial,0.1,independent,7862363.248453485,7155819.645077036,706543.6033764491,1291308.1773442207,0.5471533563967416,7155819.645077036,8447127.822421256
93,spatial,0.3,density_positive,14164961.678728703,10011677.075230666,4153284.603498038,4261171.814121624,0.9746813282050618,10011677.075230666,14272848.88935229
93,spatial,0.3,density_negative,338405.4862816685,230518.27565808152,107887.21062358696,4261171.814121624,0.025318671794938234,230518.27565808152,4491690.089779706
93,spatial,0.3,independent,7862363.248453485,5594477.031222466,2267886.2172310185,4261171.814121624,0.5322212565368029,5594477.031222466,9855648.84534409
93,spatial,0.5,density_positive,14164961.678728703,7094360.965871673,7070600.71285703,7248503.016503102,0.9754566835054037,7094360.965871673,14342863.982374776
93,spatial,0.5,density_negative,338405.4862816685,160503.18263559445,177902.30364607403,7248503.016503102,0.02454331649459663,160503.18263559445,7409006.199138696
93,spatial,0.5,independent,7862363.248453485,4029610.0147212106,3832753.2337322743,7248503.016503102,0.5287647980563731,4029610.0147212106,11278113.031224312
93,density_positive,0.1,density_positive,14164961.678728703,11066974.91151007,3097986.7672186326,3099686.267623449,0.9994517185746932,11066974.91151007,14166661.17913352
93,density_positive,0.1,density_negative,338405.4862816685,336705.9858768528,1699.5004048156552,3099686.267623449,0.0005482814253065275,336705.9858768528,3436392.253500302
93,density_positive,0.1,independent,7862363.248453485,6100812.502935553,1761550.7455179319,3099686.267623449,0.5682996901710717,6100812.502935553,9200498.770559002
93,density_positive,0.3,density_positive,14164961.678728703,6386003.0991703365,7778958.579558367,7798117.0303746145,0.9975431952685985,6386003.0991703365,14184120.129544951
93,density_positive,0.3,density_negative,338405.4862816685,319247.0354654183,19158.450816250173,7798117.0303746145,0.002456804731401911,319247.0354654183,8117364.065840033
93,density_positive,0.3,independent,7862363.248453485,3524812.758646261,4337550.489807224,7798117.0303746145,0.5562304942221228,3524812.758646261,11322929.789020875
93,density_positive,0.5,density_positive,14164961.678728703,2894750.7714399206,11270210.907288782,11334053.499086414,0.9943671880671132,2894750.7714399206,14228804.270526335
93,density_positive,0.5,density_negative,338405.4862816685,274562.89448403683,63842.59179763164,11334053.499086414,0.0056328119328868265,274562.89448403683,11608616.393570451
93,density_positive,0.5,independent,7862363.248453485,1608335.292610353,6254027.955843132,11334053.499086414,0.5517909330803177,1608335.292610353,12942388.791696766
93,density_negative,0.1,density_positive,14164961.678728703,14164207.332942657,754.3457860462368,5879.857073359303,0.12829321812328695,14164207.332942657,14170087.190016016
93,density_negative,0.1,density_negative,338405.4862816685,333279.97499435605,5125.511287312431,5879.857073359303,0.8717067818766049,333279.97499435605,339159.83206771535
93,density_negative,0.1,independent,7862363.248453485,7859728.64340134,2634.605052145198,5879.857073359303,0.4480729751208026,7859728.64340134,7865608.500474699
93,density_negative,0.3,density_positive,14164961.678728703,13564303.71795866,600657.9607700426,772209.1521040516,0.7778436180579051,13564303.71795866,14336512.870062713
93,density_negative,0.3,density_negative,338405.4862816685,166854.2949476586,171551.19133400987,772209.1521040516,0.2221563819420961,166854.2949476586,939063.4470517102
93,density_negative,0.3,independent,7862363.248453485,7503859.240370316,358504.0080831684,772209.1521040516,0.46425765235538374,7503859.240370316,8276068.392474368
93,density_negative,0.5,density_positive,14164961.678728703,11445782.010635288,2719179.668093415,3001685.2422440993,0.9058843445092599,11445782.010635288,14447467.252879389
93,density_negative,0.5,density_negative,338405.4862816685,55899.91213098026,282505.57415068825,3001685.2422440993,0.09411565549074138,55899.91213098026,3057585.1543750796
93,density_negative,0.5,independent,7862363.248453485,6320488.2582981,1541874.9901553849,3001685.2422440993,0.513669777382341,6320488.2582981,9322173.5005422
94,random,0.1,density_positive,14164961.678728703,12746927.109456602,1418034.569272101,1452322.8213578833,0.976390750333508,12746927.109456602,14199249.930814486
94,random,0.1,density_negative,338405.4862816685,304117.2341958848,34288.25208578369,1452322.8213578833,0.023609249666492943,304117.2341958848,1756440.055553768
94,random,0.1,independent,7862363.248453485,7074754.6613355875,787608.5871178973,1452322.8213578833,0.5423095854002379,7074754.6613355875,8527077.482693471
94,random,0.3,density_positive,14164961.678728703,9923638.566485377,4241323.112243326,4343564.386008647,0.9764614347390228,9923638.566485377,14267202.952494025
94,random,0.3,density_negative,338405.4862816685,236164.212516347,102241.27376532147,4343564.386008647,0.02353856526097733,236164.212516347,4579728.598524994
94,random,0.3,independent,7862363.248453485,5509826.495820357,2352536.7526331274,4343564.386008647,0.5416143387239855,5509826.495820357,9853390.881829005
94,random,0.5,density_positive,14164961.678728703,7078542.497175152,7086419.181553551,7255561.872347429,0.976687857705615,7078542.497175152,14334104.369522583
94,random,0.5,density_negative,338405.4862816685,169262.7954877886,169142.69079387988,7255561.872347429,0.0233121422943853,169262.7954877886,7424824.667835218
94,random,0.5,independent,7862363.248453485,3916794.2385961665,3945569.0098573184,7255561.872347429,0.5437992369543102,3916794.2385961665,11172356.110943597
94,spatial,0.1,density_positive,14164961.678728703,12933972.495541796,1230989.1831869073,1268384.7915396544,0.9705171422724538,12933972.495541796,14202357.28708145
94,spatial,0.1,density_negative,338405.4862816685,301009.8779289176,37395.60835275089,1268384.7915396544,0.029482857727549286,301009.8779289176,1569394.669468572
94,spatial,0.1,independent,7862363.248453485,7143483.288561261,718879.9598922236,1268384.7915396544,0.5667680381279223,7143483.288561261,8411868.080100916
94,spatial,0.3,density_positive,14164961.678728703,10014368.582901249,4150593.0958274547,4252460.442512011,0.976045080709938,10014368.582901249,14266829.02541326
94,spatial,0.3,density_negative,338405.4862816685,236538.13959711257,101867.3466845559,4252460.442512011,0.023954919290061844,236538.13959711257,4488998.5821091235
94,spatial,0.3,independent,7862363.248453485,5577021.614819193,2285341.6336342916,4252460.442512011,0.5374163180420547,5577021.614819193,9829482.057331204
94,spatial,0.5,density_positive,14164961.678728703,7100535.117193091,7064426.561535613,7228825.271906507,0.977257894030196,7100535.117193091,14329360.389099598
94,spatial,0.5,density_negative,338405.4862816685,174006.7759107728,164398.7103708957,7228825.271906507,0.022742105969804093,174006.7759107728,7402832.04781728
94,spatial,0.5,independent,7862363.248453485,4022105.415597952,3840257.832855533,7228825.271906507,0.5312423095603078,4022105.415597952,11250930.68750446
94,density_positive,0.1,density_positive,14164961.678728703,11162441.966052743,3002519.7126759607,3004432.655484487,0.9993632931645068,11162441.966052743,14166874.621537229
94,density_positive,0.1,density_negative,338405.4862816685,336492.54347314336,1912.942808525113,3004432.655484487,0.0006367068354929184,336492.54347314336,3340925.1989576304
94,density_positive,0.1,independent,7862363.248453485,6019297.473887937,1843065.7745655477,3004432.655484487,0.6134488557102771,6019297.473887937,9023730.129372424
94,density_positive,0.3,density_positive,14164961.678728703,6463941.247975903,7701020.430752801,7717512.599914691,0.9978630201184158,6463941.247975903,14181453.847890593
94,density_positive,0.3,density_negative,338405.4862816685,321913.31711977633,16492.169161892147,7717512.599914691,0.0021369798815844433,321913.31711977633,8039425.917034468
94,density_positive,0.3,independent,7862363.248453485,3552204.738501961,4310158.509951524,7717512.599914691,0.5584906346637086,3552204.738501961,11269717.338416653
94,density_positive,0.5,density_positive,14164961.678728703,2875407.747701276,11289553.931027427,11348537.977109939,0.9948024982423742,2875407.747701276,14223945.724811215
94,density_positive,0.5,density_negative,338405.4862816685,279421.4401991566,58984.04608251189,11348537.977109939,0.005197501757625786,279421.4401991566,11627959.417309096
94,density_positive,0.5,independent,7862363.248453485,1696094.300124507,6166268.948328977,11348537.977109939,0.5433535985662976,1696094.300124507,13044632.277234446
94,density_negative,0.1,density_positive,14164961.678728703,14164002.191360079,959.4873686246574,6166.923156258892,0.1555860749863343,14164002.191360079,14170169.114516338
94,density_negative,0.1,density_negative,338405.4862816685,333198.0504940338,5207.435787634691,6166.923156258892,0.8444139250137397,333198.0504940338,339364.97365029267
94,density_negative,0.1,independent,7862363.248453485,7859447.174411224,2916.074042260647,6166.923156258892,0.4728572042122958,7859447.174411224,7865614.097567483
94,density_negative,0.3,density_positive,14164961.678728703,13530840.737377334,634120.941351369,801103.0126464708,0.7915598011003967,13530840.737377334,14331943.750023805
94,density_negative,0.3,density_negative,338405.4862816685,171423.41498656542,166982.07129510306,801103.0126464708,0.20844019889960488,171423.41498656542,972526.4276330362
94,density_negative,0.3,independent,7862363.248453485,7449402.522206402,412960.72624708246,801103.0126464708,0.5154901675913723,7449402.522206402,8250505.5348528735
94,density_negative,0.5,density_positive,14164961.678728703,11339341.928763827,2825619.749964876,3097384.7713482,0.9122598445316716,11339341.928763827,14436726.700112026
94,density_negative,0.5,density_negative,338405.4862816685,66640.46489834577,271765.0213833227,3097384.7713482,0.08774015546832803,66640.46489834577,3164025.236246546
94,density_negative,0.5,independent,7862363.248453485,6337378.751569875,1524984.4968836103,3097384.7713482,0.49234583671689897,6337378.751569875,9434763.522918075
95,random,0.1,density_positive,14164961.678728703,12746611.453549009,1418350.2251796946,1452751.378193997,0.9763199997393438,12746611.453549009,14199362.831743006
95,random,0.1,density_negative,338405.4862816685,304004.3332673672,34401.153014301264,1452751.378193997,0.023680000260655348,304004.3332673672,1756755.7114613643
95,random,0.1,independent,7862363.248453485,7066943.589720712,795419.6587327728,1452751.378193997,0.5475263494305591,7066943.589720712,8519694.96791471
95,random,0.3,density_positive,14164961.678728703,9911266.6667451,4253695.011983603,4354876.629008234,0.9767659050659093,9911266.6667451,14266143.295753334
95,random,0.3,density_negative,338405.4862816685,237223.869257039,101181.61702462946,4354876.629008234,0.023234094934090534,237223.869257039,4592100.498265273
95,random,0.3,independent,7862363.248453485,5477020.894888157,2385342.353565328,4354876.629008234,0.5477405117923073,5477020.894888157,9831897.52389639
95,random,0.5,density_positive,14164961.678728703,7074189.810624102,7090771.868104601,7260198.855762969,0.9766635885566852,7074189.810624102,14334388.66638707
95,random,0.5,density_negative,338405.4862816685,168978.49862329947,169426.987658369,7260198.855762969,0.023336411443314945,168978.49862329947,7429177.354386268
95,random,0.5,independent,7862363.248453485,3913592.508076895,3948770.74037659,7260198.855762969,0.5438929179249893,3913592.508076895,11173791.363839865
95,spatial,0.1,density_positive,14164961.678728703,12809720.705628533,1355240.9731001705,1393345.170734109,0.9726527220718305,12809720.705628533,14203065.876362642
95,spatial,0.1,density_negative,338405.4862816685,300301.28864772903,38104.197633939446,1393345.170734109,0.027347277928170207,300301.28864772903,1693646.4593818379
95,spatial,0.1,independent,7862363.248453485,7103547.352122287,758815.8963311976,1393345.170734109,0.544600083503646,7103547.352122287,8496892.522856396
95,spatial,0.3,density_positive,14164961.678728703,10092465.389436211,4072496.289292492,4179550.6991281137,0.9743861439800325,10092465.389436211,14272016.088564325
95,spatial,0.3,density_negative,338405.4862816685,231351.0764460474,107054.40983562107,4179550.6991281137,0.025613856019967275,231351.0764460474,4410901.775574161
95,spatial,0.3,independent,7862363.248453485,5701625.691005589,2160737.5574478954,4179550.6991281137,0.5169784297385462,5701625.691005589,9881176.390133703
95,spatial,0.5,density_positive,14164961.678728703,7353618.377620033,6811343.30110867,6985162.046254849,0.9751160038958047,7353618.377620033,14338780.423874881
95,spatial,0.5,density_negative,338405.4862816685,164586.74113548786,173818.74514618062,6985162.046254849,0.0248839961041956,164586.74113548786,7149748.787390337
95,spatial,0.5,independent,7862363.248453485,4277638.403070583,3584724.845382902,6985162.046254849,0.5131913650170623,4277638.403070583,11262800.449325431
95,density_positive,0.1,density_positive,14164961.678728703,11065869.66353333,3099092.0151953734,3102364.9311882243,0.9989450254675238,11065869.66353333,14168234.594721554
95,density_positive,0.1,density_negative,338405.4862816685,335132.57028881373,3272.915992854745,3102364.9311882243,0.0010549745324774538,335132.57028881373,3437497.501477038
95,density_positive,0.1,independent,7862363.248453485,6102364.201778832,1759999.046674653,3102364.9311882243,0.5673088388091606,6102364.201778832,9204729.132967057
95,density_positive,0.3,density_positive,14164961.678728703,6465294.454360078,7699667.224368625,7722065.059991642,0.9970995018237983,6465294.454360078,14187359.51435172
95,density_positive,0.3,density_negative,338405.4862816685,316007.6506586514,22397.835623017105,7722065.059991642,0.0029004981762017616,316007.6506586514,8038072.710650293
95,density_positive,0.3,independent,7862363.248453485,3710001.5960014835,4152361.6524520013,7722065.059991642,0.5377268412261339,3710001.5960014835,11432066.655993126
95,density_positive,0.5,density_positive,14164961.678728703,2958787.151712399,11206174.527016304,11271383.64149068,0.9942146309141376,2958787.151712399,14230170.793203078
95,density_positive,0.5,density_negative,338405.4862816685,273196.37180729536,65209.11447437311,11271383.64149068,0.005785369085862202,273196.37180729536,11544580.013297975
95,density_positive,0.5,independent,7862363.248453485,1745882.447663188,6116480.800790297,11271383.64149068,0.5426557195937456,1745882.447663188,13017266.089153867
95,density_negative,0.1,density_positive,14164961.678728703,14164096.455378886,865.2233498170972,5636.297137182841,0.15350917965434963,14164096.455378886,14169732.752516069
95,density_negative,0.1,density_negative,338405.4862816685,333634.41249430465,4771.073787363828,5636.297137182841,0.8464908203453105,333634.41249430465,339270.7096314875
95,density_negative,0.1,independent,7862363.248453485,7859821.549335312,2541.69911817275,5636.297137182841,0.4509519381803127,7859821.549335312,7865457.846472495
95,density_negative,0.3,density_positive,14164961.678728703,13575588.37053856,589373.3081901427,762334.2620290254,0.7731166465238877,13575588.37053856,14337922.632567586
95,density_negative,0.3,density_negative,338405.4862816685,165444.53244278228,172960.9538388862,762334.2620290254,0.22688335347611704,165444.53244278228,927778.7944718077
95,density_negative,0.3,independent,7862363.248453485,7491616.10174602,370747.14670746494,762334.2620290254,0.48633147580260405,7491616.10174602,8253950.363775046
95,density_negative,0.5,density_positive,14164961.678728703,11345754.764943397,2819206.9137853067,3102517.139604726,0.9086837515890358,11345754.764943397,14448271.904548123
95,density_negative,0.5,density_negative,338405.4862816685,55095.26046224999,283310.2258194185,3102517.139604726,0.09131624841096396,55095.26046224999,3157612.400066976
95,density_negative,0.5,independent,7862363.248453485,6353833.949597309,1508529.2988561755,3102517.139604726,0.48622754717428207,6353833.949597309,9456351.089202035
96,random,0.1,density_positive,14164961.678728703,12747987.44966388,1416974.229064824,1451211.843182836,0.9764075697984099,12747987.44966388,14199199.292846715
96,random,0.1,density_negative,338405.4862816685,304167.8721636556,34237.61411801289,1451211.843182836,0.02359243020159073,304167.8721636556,1755379.7153464914
96,random,0.1,independent,7862363.248453485,7071563.537343116,790799.7111103693,1451211.843182836,0.5449236890018528,7071563.537343116,8522775.380525952
96,random,0.3,density_positive,14164961.678728703,9909609.788053267,4255351.890675437,4357458.391977957,0.9765674179493032,9909609.788053267,14267068.180031225
96,random,0.3,density_negative,338405.4862816685,236298.98497914601,102106.50130252246,4357458.391977957,0.023432582050697176,236298.98497914601,4593757.376957104
96,random,0.3,independent,7862363.248453485,5474927.342497397,2387435.9059560876,4357458.391977957,0.5478964320924639,5474927.342497397,9832385.734475356
96,random,0.5,density_positive,14164961.678728703,7099935.9740321115,7065025.704696592,7234548.618760025,0.9765675893553551,7099935.9740321115,14334484.592792137
96,random,0.5,density_negative,338405.4862816685,168882.5722182337,169522.9140634348,7234548.618760025,0.02343241064464508,168882.5722182337,7403431.190978259
96,random,0.5,independent,7862363.248453485,3928494.291722618,3933868.956730867,7234548.618760025,0.5437614928082573,3928494.291722618,11163042.910482643
96,spatial,0.1,density_positive,14164961.678728703,12511361.27903875,1653600.3996899538,1678392.6426775635,0.98522857979879,12511361.27903875,14189753.921716314
96,spatial,0.1,density_negative,338405.4862816685,313613.24329405895,24792.242987609527,1678392.6426775635,0.014771420201209957,313613.24329405895,1992005.8859716225
96,spatial,0.1,independent,7862363.248453485,7006973.163350695,855390.08510279,1678392.6426775635,0.5096483762811151,7006973.163350695,8685365.806028258
96,spatial,0.3,density_positive,14164961.678728703,9677305.48105747,4487656.197671233,4575363.2286026245,0.9808305862181398,9677305.48105747,14252668.709660094
96,spatial,0.3,density_negative,338405.4862816685,250698.45535027594,87707.03093139254,4575363.2286026245,0.01916941378186042,250698.45535027594,4826061.683952901
96,spatial,0.3,independent,7862363.248453485,5658136.9114109045,2204226.3370425804,4575363.2286026245,0.4817598575044237,5658136.9114109045,10233500.140013529
96,spatial,0.5,density_positive,14164961.678728703,6960755.32181451,7204206.356914193,7361169.588280309,0.9786768624898934,6960755.32181451,14321924.91009482
96,spatial,0.5,density_negative,338405.4862816685,181442.25491555143,156963.23136611705,7361169.588280309,0.02132313751010677,181442.25491555143,7542611.84319586
96,spatial,0.5,independent,7862363.248453485,4213120.17222326,3649243.076230225,7361169.588280309,0.49574229101312534,4213120.17222326,11574289.760503568
96,density_positive,0.1,density_positive,14164961.678728703,10956976.94922215,3207984.729506554,3209184.4153983626,0.9996261710962909,10956976.94922215,14166161.364620512
96,density_positive,0.1,density_negative,338405.4862816685,337205.8003898598,1199.685891808651,3209184.4153983626,0.0003738289037090851,337205.8003898598,3546390.2157882224
96,density_positive,0.1,independent,7862363.248453485,6217434.164404473,1644929.0840490116,3209184.4153983626,0.5125691986276281,6217434.164404473,9426618.579802835
96,density_positive,0.3,density_positive,14164961.678728703,6269434.596385522,7895527.082343182,7907926.8876151815,0.9984319777549512,6269434.596385522,14177361.484000703
96,density_positive,0.3,density_negative,338405.4862816685,326005.68100966833,12399.805272000143,7907926.8876151815,0.001568022245048802,326005.68100966833,8233932.568624849
96,density_positive,0.3,independent,7862363.248453485,3740779.6543476414,4121583.5941058435,7907926.8876151815,0.5211964719300538,3740779.6543476414,11648706.541962823
96,density_positive,0.5,density_positive,14164961.678728703,2833762.510038074,11331199.16869063,11383080.591281999,0.9954422335697857,2833762.510038074,14216843.101320073
96,density_positive,0.5,density_negative,338405.4862816685,286524.06369029486,51881.422591373615,11383080.591281999,0.004557766430214702,286524.06369029486,11669604.654972294
96,density_positive,0.5,independent,7862363.248453485,1851884.910626165,6010478.337827319,11383080.591281999,0.5280186053000966,1851884.910626165,13234965.501908164
96,density_negative,0.1,density_positive,14164961.678728703,14164352.693136,608.9855927042663,4958.242348266001,0.12282287752982488,14164352.693136,14169310.935484266
96,density_negative,0.1,density_negative,338405.4862816685,334056.22952610615,4349.2567555623245,4958.242348266001,0.8771771224702941,334056.22952610615,339014.47187437216
96,density_negative,0.1,independent,7862363.248453485,7860758.505726296,1604.7427271883935,4958.242348266001,0.32365153102078703,7860758.505726296,7865716.748074562
96,density_negative,0.3,density_positive,14164961.678728703,13398034.953032676,766926.7256960273,930010.1574510973,0.8246433864743618,13398034.953032676,14328045.110483773
96,density_negative,0.3,density_negative,338405.4862816685,175322.05452659965,163083.43175506883,930010.1574510973,0.17535661352563695,175322.05452659965,1105332.211977697
96,density_negative,0.3,independent,7862363.248453485,7430498.821533383,431864.426920102,930010.1574510973,0.4643652797338514,7430498.821533383,8360508.97898448
96,density_negative,0.5,density_positive,14164961.678728703,11042735.64787552,3122226.030853184,3388711.4275864377,0.9213608469095717,11042735.64787552,14431447.075461958
96,density_negative,0.5,density_negative,338405.4862816685,71920.08954841255,266485.39673325594,3388711.4275864377,0.07863915309042896,71920.08954841255,3460631.5171348504
96,density_negative,0.5,independent,7862363.248453485,6268506.380831075,1593856.86762241,3388711.4275864377,0.4703430497643797,6268506.380831075,9657217.808417512
97,random,0.1,density_positive,14164961.678728703,12761387.592103783,1403574.0866249204,1437395.6881198534,0.9764702219615168,12761387.592103783,14198783.280223636
97,random,0.1,density_negative,338405.4862816685,304583.88478673476,33821.60149493371,1437395.6881198534,0.023529778038483714,304583.88478673476,1741979.5729065882
97,random,0.1,independent,7862363.248453485,7097193.722592475,765169.52586101,1437395.6881198534,0.5323304725241449,7097193.722592475,8534589.410712328
97,random,0.3,density_positive,14164961.678728703,9942408.300574733,4222553.37815397,4323930.011797523,0.976554515598783,9942408.300574733,14266338.312372256
97,random,0.3,density_negative,338405.4862816685,237028.85263811302,101376.63364355545,4323930.011797523,0.0234454844012176,237028.85263811302,4560958.864435636
97,random,0.3,independent,7862363.248453485,5523299.18754025,2339064.060913235,4323930.011797523,0.5409578912080611,5523299.18754025,9847229.199337773
97,random,0.5,density_positive,14164961.678728703,7076926.262373707,7088035.416354996,7256196.729603884,0.9768251441470954,7076926.262373707,14333122.991977591
97,random,0.5,density_negative,338405.4862816685,170244.17303277986,168161.31324888862,7256196.729603884,0.023174855852904717,170244.17303277986,7426440.902636664
97,random,0.5,independent,7862363.248453485,3926197.4567476907,3936165.791705794,7256196.729603884,0.5424557710304347,3926197.4567476907,11182394.186351575
97,spatial,0.1,density_positive,14164961.678728703,12886773.226558529,1278188.4521701746,1317608.7319888528,0.9700819531157966,12886773.226558529,14204381.958547382
97,spatial,0.1,density_negative,338405.4862816685,298985.20646299026,39420.27981867822,1317608.7319888528,0.029918046884203343,298985.20646299026,1616593.938451843
97,spatial,0.1,independent,7862363.248453485,6979771.929829309,882591.3186241761,1317608.7319888528,0.6698432525503656,6979771.929829309,8297380.661818162
97,spatial,0.3,density_positive,14164961.678728703,10207825.092770452,3957136.5859582517,4068452.057707228,0.9726393551724171,10207825.092770452,14276277.15047768
97,spatial,0.3,density_negative,338405.4862816685,227090.01453269235,111315.47174897612,4068452.057707228,0.027360644827582863,227090.01453269235,4295542.0722399205
97,spatial,0.3,independent,7862363.248453485,5391946.7002650825,2470416.5481884023,4068452.057707228,0.607212894031398,5391946.7002650825,9460398.757972311
97,spatial,0.5,density_positive,14164961.678728703,7353256.034186478,6811705.644542226,6988222.051107188,0.9747408703853371,7353256.034186478,14341478.085293666
97,spatial,0.5,density_negative,338405.4862816685,161889.0797167043,176516.40656496419,6988222.051107188,0.025259129614663228,161889.0797167043,7150111.130823892
97,spatial,0.5,independent,7862363.248453485,3810005.683367992,4052357.565085493,6988222.051107188,0.5798839154579315,3810005.683367992,10798227.73447518
97,density_positive,0.1,density_positive,14164961.678728703,11077290.067401364,3087671.611327339,3090417.300893013,0.9991115473095233,11077290.067401364,14167707.368294377
97,density_positive,0.1,density_negative,338405.4862816685,335659.79671599605,2745.6895656724228,3090417.300893013,0.0008884526904761448,335659.79671599605,3426077.097609009
97,density_positive,0.1,independent,7862363.248453485,5848323.611463889,2014039.6369895963,3090417.300893013,0.6517047508139485,5848323.611463889,8938740.912356902
97,density_positive,0.3,density_positive,14164961.678728703,6514825.849322683,7650135.82940602,7672483.009182098,0.9970873601480337,6514825.849322683,14187308.858504781
97,density_positive,0.3,density_negative,338405.4862816685,316058.3065055879,22347.179776080593,7672483.009182098,0.002912639851966625,316058.3065055879,7988541.315687686
97,density_positive,0.3,independent,7862363.248453485,3296659.921819152,4565703.326634333,7672483.009182098,0.5950750651608214,3296659.921819152,10969142.93100125
97,density_positive,0.5,density_positive,14164961.678728703,3046715.1503767543,11118246.52835195,11187483.789728273,0.9938111855464861,3046715.1503767543,14234198.940105027
97,density_positive,0.5,density_negative,338405.4862816685,269168.22490534454,69237.26137632394,11187483.789728273,0.006188814453514002,269168.22490534454,11456652.014633616
97,density_positive,0.5,independent,7862363.248453485,1506373.0187326875,6355990.229720797,11187483.789728273,0.5681340280963371,1506373.0187326875,12693856.80846096
97,density_negative,0.1,density_positive,14164961.678728703,14164068.149165474,893.529563229531,5827.25693307219,0.15333622208390477,14164068.149165474,14169895.406098546
97,density_negative,0.1,density_negative,338405.4862816685,333471.7589118241,4933.72736984439,5827.25693307219,0.8466637779163922,333471.7589118241,339299.01584489626
97,density_negative,0.1,independent,7862363.248453485,7860669.885882615,1693.3625708697364,5827.25693307219,0.2905934284893421,7860669.885882615,7866497.142815688
97,density_negative,0.3,density_positive,14164961.678728703,13599447.459208539,565514.2195201647,738515.829049375,0.7657442092312364,13599447.459208539,14337963.288257914
97,density_negative,0.3,density_negative,338405.4862816685,165403.87675245418,173001.6095292143,738515.829049375,0.2342557907687689,165403.87675245418,903919.7058018292
97,density_negative,0.3,independent,7862363.248453485,7453830.19847514,408533.0499783447,738515.829049375,0.5531811694601219,7453830.19847514,8192346.027524515
97,density_negative,0.5,density_positive,14164961.678728703,11409726.351116348,2755235.3276123554,3038553.4655140103,0.9067588768415079,11409726.351116348,14448279.816630358
97,density_negative,0.5,density_negative,338405.4862816685,55087.348380009185,283318.1379016593,3038553.4655140103,0.09324112315849357,55087.348380009185,3093640.8138940195
97,density_negative,0.5,independent,7862363.248453485,6097318.783888101,1765044.4645653842,3038553.4655140103,0.5808831355438415,6097318.783888101,9135872.249402111
98,random,0.1,density_positive,14164961.678728703,12748572.00350893,1416389.6752197742,1450365.772641298,0.976574118017382,12748572.00350893,14198937.776150227
98,random,0.1,density_negative,338405.4862816685,304429.3888601457,33976.097421522776,1450365.772641298,0.02342588198261742,304429.3888601457,1754795.1615014435
98,random,0.1,independent,7862363.248453485,7081624.541747571,780738.7067059139,1450365.772641298,0.5383046962588554,7081624.541747571,8531990.31438887
98,random,0.3,density_positive,14164961.678728703,9920899.379653724,4244062.2990749795,4346493.0864621615,0.9764336937044215,9920899.379653724,14267392.466115884
98,random,0.3,density_negative,338405.4862816685,235974.69889448458,102430.7873871839,4346493.0864621615,0.023566306295579015,235974.69889448458,4582467.785356646
98,random,0.3,independent,7862363.248453485,5504714.509331911,2357648.739121574,4346493.0864621615,0.5424255122974526,5504714.509331911,9851207.595794072
98,random,0.5,density_positive,14164961.678728703,7095691.2165716905,7069270.462157013,7239552.1109372815,0.9764789801674315,7095691.2165716905,14335243.327508971
98,random,0.5,density_negative,338405.4862816685,168123.83750140065,170281.64878026783,7239552.1109372815,0.023521019832568345,168123.83750140065,7407675.948438683
98,random,0.5,independent,7862363.248453485,3945206.441556329,3917156.806897156,7239552.1109372815,0.5410772305898927,3945206.441556329,11184758.55249361
98,spatial,0.1,density_positive,14164961.678728703,12762040.45421532,1402921.2245133836,1438379.6026088528,0.975348386454343,12762040.45421532,14200420.056824172
98,spatial,0.1,density_negative,338405.4862816685,302947.1081862019,35458.378095466585,1438379.6026088528,0.024651613545655232,302947.1081862019,1741326.7107950547
98,spatial,0.1,independent,7862363.248453485,7021585.8127352465,840777.4357182384,1438379.6026088528,0.5845309779096444,7021585.8127352465,8459965.415344099
98,spatial,0.3,density_positive,14164961.678728703,9690232.481678303,4474729.1970504,4573843.787063635,0.9783301322416029,9690232.481678303,14264076.26874194
98,spatial,0.3,density_negative,338405.4862816685,239290.89626843188,99114.5900132366,4573843.787063635,0.021669867758397413,239290.89626843188,4813134.683332067
98,spatial,0.3,independent,7862363.248453485,5410072.458887121,2452290.789566364,4573843.787063635,0.5361553441117218,5410072.458887121,9983916.245950755
98,spatial,0.5,density_positive,14164961.678728703,6937160.7193910405,7227800.959337663,7394605.247681502,0.9774424350243525,6937160.7193910405,14331765.967072543
98,spatial,0.5,density_negative,338405.4862816685,171601.19793782587,166804.2883438426,7394605.247681502,0.022557564975647926,171601.19793782587,7566206.445619328
98,spatial,0.5,independent,7862363.248453485,3956814.853545271,3905548.394908214,7394605.247681502,0.5281618509835607,3956814.853545271,11351420.101226773
98,density_positive,0.1,density_positive,14164961.678728703,10893227.39576142,3271734.2829672843,3272919.591596837,0.9996378436449841,10893227.39576142,14166146.987358257
98,density_positive,0.1,density_negative,338405.4862816685,337220.1776521146,1185.3086295538815,3272919.591596837,0.00036215635501621866,337220.1776521146,3610139.7692489517
98,density_positive,0.1,independent,7862363.248453485,5984318.719115844,1878044.5293376409,3272919.591596837,0.5738132199029535,5984318.719115844,9257238.31071268
98,density_positive,0.3,density_positive,14164961.678728703,6312459.958625965,7852501.720102739,7871680.864855579,0.9975635261283942,6312459.958625965,14184140.823481545
98,density_positive,0.3,density_negative,338405.4862816685,319226.3415288262,19179.144752842258,7871680.864855579,0.0024364738716060913,319226.3415288262,8190907.2063844055
98,density_positive,0.3,independent,7862363.248453485,3478252.5925478106,4384110.655905674,7871680.864855579,0.5569472049456757,3478252.5925478106,11349933.45740339
98,density_positive,0.5,density_positive,14164961.678728703,2957828.921209761,11207132.757518943,11272635.337804152,0.9941892398430083,2957828.921209761,14230464.259013914
98,density_positive,0.5,density_negative,338405.4862816685,272902.90599645756,65502.58028521092,11272635.337804152,0.005810760156991867,272902.90599645756,11545538.243800608
98,density_positive,0.5,independent,7862363.248453485,1728692.1635011146,6133671.08495237,11272635.337804152,0.5441204209260951,1728692.1635011146,13001327.501305267
98,density_negative,0.1,density_positive,14164961.678728703,14164961.678728703,0.0,4735.345230729897,0.0,14164961.678728703,14169697.023959434
98,density_negative,0.1,density_negative,338405.4862816685,333670.1410509385,4735.345230729959,4735.345230729897,1.0000000000000133,333670.1410509385,338405.4862816684
98,density_negative,0.1,independent,7862363.248453485,7859910.428956105,2452.8194973794743,4735.345230729897,0.5179811350315005,7859910.428956105,7864645.774186836
98,density_negative,0.3,density_positive,14164961.678728703,13523061.815306447,641899.863422256,812180.5081187114,0.7903413797865159,13523061.815306447,14335242.323425159
98,density_negative,0.3,density_negative,338405.4862816685,168124.8415852133,170280.6446964552,812180.5081187114,0.20965862021348378,168124.8415852133,980305.3497039247
98,density_negative,0.3,independent,7862363.248453485,7409015.434868465,453347.81358501967,812180.5081187114,0.5581860301414137,7409015.434868465,8221195.942987177
98,density_negative,0.5,density_positive,14164961.678728703,11159830.773039604,3005130.9056891,3280869.1788592744,0.9159557244930912,11159830.773039604,14440699.951898878
98,density_negative,0.5,density_negative,338405.4862816685,62667.2131114982,275738.27317017026,3280869.1788592744,0.0840442755069075,62667.2131114982,3343536.3919707728
98,density_negative,0.5,independent,7862363.248453485,6157793.642484595,1704569.6059688898,3280869.1788592744,0.5195481785596681,6157793.642484595,9438662.821343869
99,random,0.1,density_positive,14164961.678728703,12725773.741525004,1439187.9372036997,1472178.3375348167,0.977590758205042,12725773.741525004,14197952.07905982
99,random,0.1,density_negative,338405.4862816685,305415.08595054864,32990.40033111983,1472178.3375348167,0.022409241794959924,305415.08595054864,1777593.4234853652
99,random,0.1,independent,7862363.248453485,7059234.378556298,803128.8698971868,1472178.3375348167,0.5455377581781548,7059234.378556298,8531412.716091115
99,random,0.3,density_positive,14164961.678728703,9898744.62956836,4266217.049160343,4366532.197457039,0.9770263578143046,9898744.62956836,14265276.827025399
99,random,0.3,density_negative,338405.4862816685,238090.3379849697,100315.14829669878,4366532.197457039,0.02297364218569598,238090.3379849697,4604622.535442009
99,random,0.3,independent,7862363.248453485,5493791.665552694,2368571.5829007905,4366532.197457039,0.5424376772671431,5493791.665552694,9860323.863009732
99,random,0.5,density_positive,14164961.678728703,7050527.231383682,7114434.447345021,7282021.408343687,0.9769862031981057,7050527.231383682,14332548.639727369
99,random,0.5,density_negative,338405.4862816685,170818.52528300113,167586.96099866735,7282021.408343687,0.023013796801894516,170818.52528300113,7452839.933626688
99,random,0.5,independent,7862363.248453485,3931621.87361121,3930741.374842275,7282021.408343687,0.5397871215179978,3931621.87361121,11213643.281954896
99,spatial,0.1,density_positive,14164961.678728703,12796078.129720898,1368883.549007805,1402909.574424864,0.9757461022168815,12796078.129720898,14198987.704145763
99,spatial,0.1,density_negative,338405.4862816685,304379.4608646052,34026.02541706327,1402909.574424864,0.024253897783121595,304379.4608646052,1707289.0352894692
99,spatial,0.1,independent,7862363.248453485,7114014.41051748,748348.8379360046,1402909.574424864,0.5334262817635964,7114014.41051748,8516923.984942345
99,spatial,0.3,density_positive,14164961.678728703,10069042.90273772,4095918.7759909835,4204060.701890874,0.9742767924708483,10069042.90273772,14273103.604628593
99,spatial,0.3,density_negative,338405.4862816685,230263.56038177968,108141.9258998888,4204060.701890874,0.02572320752915139,230263.56038177968,4434324.262272653
99,spatial,0.3,independent,7862363.248453485,5594847.476535501,2267515.771917984,4204060.701890874,0.5393632330042514,5594847.476535501,9798908.178426374
99,spatial,0.5,density_positive,14164961.678728703,7232351.169686904,6932610.509041799,7108345.871087534,0.9752776011138512,7232351.169686904,14340697.040774439
99,spatial,0.5,density_negative,338405.4862816685,162670.12423593545,175735.36204573303,7108345.871087534,0.02472239888614854,162670.12423593545,7271015.99532347
99,spatial,0.5,independent,7862363.248453485,4036138.198581851,3826225.0498716338,7108345.871087534,0.5382722111812834,4036138.198581851,11144484.069669385
99,density_positive,0.1,density_positive,14164961.678728703,10931829.775357025,3233131.9033716787,3234978.860845347,0.999429066601942,10931829.775357025,14166808.636202373
99,density_positive,0.1,density_negative,338405.4862816685,336558.5288079992,1846.9574736692593,3234978.860845347,0.0005709333980583176,336558.5288079992,3571537.389653346
99,density_positive,0.1,independent,7862363.248453485,5991356.980449939,1871006.2680035457,3234978.860845347,0.5783673861518294,5991356.980449939,9226335.841295287
99,density_positive,0.3,density_positive,14164961.678728703,6367517.074812067,7797444.603916637,7815408.350763025,0.9977014960651884,6367517.074812067,14182925.425575092
99,density_positive,0.3,density_negative,338405.4862816685,320441.73943527904,17963.746846389433,7815408.350763025,0.0022985039348117514,320441.73943527904,8135850.090198304
99,density_positive,0.3,independent,7862363.248453485,3460944.188571135,4401419.05988235,7815408.350763025,0.5631719882496781,3460944.188571135,11276352.53933416
99,density_positive,0.5,density_positive,14164961.678728703,2938095.9802539223,11226865.698474782,11297592.156406986,0.9937396874525963,2938095.9802539223,14235688.136660907
99,density_positive,0.5,density_negative,338405.4862816685,267679.02834946127,70726.45793220721,11297592.156406986,0.0062603125474039595,267679.02834946127,11565271.184756447
99,density_positive,0.5,independent,7862363.248453485,1627918.1264447232,6234445.122008761,11297592.156406986,0.5518383949161363,1627918.1264447232,12925510.282851709
99,density_negative,0.1,density_positive,14164961.678728703,14164562.727038141,398.9516905620694,4946.354249428548,0.08065570528195797,14164562.727038141,14169509.08128757
99,density_negative,0.1,density_negative,338405.4862816685,333858.08372279926,4547.402558869217,4946.354249428548,0.9193442947185955,333858.08372279926,338804.4379722278
99,density_negative,0.1,independent,7862363.248453485,7859863.780437813,2499.4680156717077,4946.354249428548,0.5053152058327547,7859863.780437813,7864810.134687242
99,density_negative,0.3,density_positive,14164961.678728703,13586420.871822713,578540.8069059905,753599.2165800971,0.7677035673304733,13586420.871822713,14340020.08840281
99,density_negative,0.3,density_negative,338405.4862816685,163347.07660756074,175058.40967410774,753599.2165800971,0.2322964326695282,163347.07660756074,916946.2931876578
99,density_negative,0.3,independent,7862363.248453485,7483110.630151024,379252.61830246076,753599.2165800971,0.5032550591328162,7483110.630151024,8236709.846731121
99,density_negative,0.5,density_positive,14164961.678728703,11235585.044916932,2929376.633811772,3208285.7331587696,0.9130660039209185,11235585.044916932,14443870.7780757
99,density_negative,0.5,density_negative,338405.4862816685,59496.3869346714,278909.0993469971,3208285.7331587696,0.08693399607908135,59496.3869346714,3267782.120093441
99,density_negative,0.5,independent,7862363.248453485,6292570.257666665,1569792.9907868197,3208285.7331587696,0.48929338635971636,6292570.257666665,9500855.990825435
